Atlas Extractor
========================================
Input folder:
C:\Projects\Atlas\extrator\input

Output folder:
C:\Projects\Atlas\extrator\AtlasExtractor\output

Loading: LZ4.dll
Loading: FMCommon.dll
Loading: FMBase.dll
Loading: Assembly-CSharp.dll
Loading: GameProj.dll
Reading Meta.bytes...
Meta context: FibMatrix.Config.MetaRawContext
Candidate Meta types discovered: 348

Metadata tables discovered: 764
========================================

[1/764] abtest
  FAILED - System.InvalidOperationException: Multiple generated Meta types accept item set FibMatrix.Config.IntIdMetaSet: UIPreloadMeta, JumpMeta, SettingsMeta, TaskAchievementGroupMeta, TaskAchievementMeta, TaskAchievementTabMeta, ActivityPointMissionMeta, ActivityRaidMeta, CardRaidMeta, CrossActivityMeta, ActivityNewMeta, ActivityHeroAchievementMeta, ActivityDropMeta, ActivityDispathHeroMeta, AllianceMobilizationMeta, AllianceMobilizationRewardMeta, VideoGamesMeta, OptionalWeeklyCardMeta, DarkLegionChallengeMeta, NewSevenLoginMeta

[2/764] active_bloody_night
  FAILED - System.InvalidOperationException: Multiple generated Meta types accept item set FibMatrix.Config.IntIdMetaSet: UIPreloadMeta, JumpMeta, SettingsMeta, TaskAchievementGroupMeta, TaskAchievementMeta, TaskAchievementTabMeta, ActivityPointMissionMeta, ActivityRaidMeta, CardRaidMeta, CrossActivityMeta, ActivityNewMeta, ActivityHeroAchievementMeta, ActivityDropMeta, ActivityDispathHeroMeta, AllianceMobilizationMeta, AllianceMobilizationRewardMeta, VideoGamesMeta, OptionalWeeklyCardMeta, DarkLegionChallengeMeta, NewSevenLoginMeta

[3/764] active_display_board
  FAILED - System.InvalidOperationException: Multiple generated Meta types accept item set FibMatrix.Config.IntIdMetaSet: UIPreloadMeta, JumpMeta, SettingsMeta, TaskAchievementGroupMeta, TaskAchievementMeta, TaskAchievementTabMeta, ActivityPointMissionMeta, ActivityRaidMeta, CardRaidMeta, CrossActivityMeta, ActivityNewMeta, ActivityHeroAchievementMeta, ActivityDropMeta, ActivityDispathHeroMeta, AllianceMobilizationMeta, AllianceMobilizationRewardMeta, VideoGamesMeta, OptionalWeeklyCardMeta, DarkLegionChallengeMeta, NewSevenLoginMeta

[4/764] active_rule
  FAILED - System.InvalidOperationException: Multiple generated Meta types accept item set FibMatrix.Config.IntIdMetaSet: UIPreloadMeta, JumpMeta, SettingsMeta, TaskAchievementGroupMeta, TaskAchievementMeta, TaskAchievementTabMeta, ActivityPointMissionMeta, ActivityRaidMeta, CardRaidMeta, CrossActivityMeta, ActivityNewMeta, ActivityHeroAchievementMeta, ActivityDropMeta, ActivityDispathHeroMeta, AllianceMobilizationMeta, AllianceMobilizationRewardMeta, VideoGamesMeta, OptionalWeeklyCardMeta, DarkLegionChallengeMeta, NewSevenLoginMeta

[5/764] active_season_celebration_box
  FAILED - System.InvalidOperationException: Multiple generated Meta types accept item set FibMatrix.Config.IntIdMetaSet: UIPreloadMeta, JumpMeta, SettingsMeta, TaskAchievementGroupMeta, TaskAchievementMeta, TaskAchievementTabMeta, ActivityPointMissionMeta, ActivityRaidMeta, CardRaidMeta, CrossActivityMeta, ActivityNewMeta, ActivityHeroAchievementMeta, ActivityDropMeta, ActivityDispathHeroMeta, AllianceMobilizationMeta, AllianceMobilizationRewardMeta, VideoGamesMeta, OptionalWeeklyCardMeta, DarkLegionChallengeMeta, NewSevenLoginMeta

[6/764] active_season_celebration_king
  FAILED - System.InvalidOperationException: Multiple generated Meta types accept item set FibMatrix.Config.IntIdMetaSet: UIPreloadMeta, JumpMeta, SettingsMeta, TaskAchievementGroupMeta, TaskAchievementMeta, TaskAchievementTabMeta, ActivityPointMissionMeta, ActivityRaidMeta, CardRaidMeta, CrossActivityMeta, ActivityNewMeta, ActivityHeroAchievementMeta, ActivityDropMeta, ActivityDispathHeroMeta, AllianceMobilizationMeta, AllianceMobilizationRewardMeta, VideoGamesMeta, OptionalWeeklyCardMeta, DarkLegionChallengeMeta, NewSevenLoginMeta

[7/764] active_season_celebration_mix
  FAILED - System.InvalidOperationException: Multiple generated Meta types accept item set FibMatrix.Config.IntIdMetaSet: UIPreloadMeta, JumpMeta, SettingsMeta, TaskAchievementGroupMeta, TaskAchievementMeta, TaskAchievementTabMeta, ActivityPointMissionMeta, ActivityRaidMeta, CardRaidMeta, CrossActivityMeta, ActivityNewMeta, ActivityHeroAchievementMeta, ActivityDropMeta, ActivityDispathHeroMeta, AllianceMobilizationMeta, AllianceMobilizationRewardMeta, VideoGamesMeta, OptionalWeeklyCardMeta, DarkLegionChallengeMeta, NewSevenLoginMeta

[8/764] active_season_main_show
  FAILED - System.InvalidOperationException: Multiple generated Meta types accept item set FibMatrix.Config.IntIdMetaSet: UIPreloadMeta, JumpMeta, SettingsMeta, TaskAchievementGroupMeta, TaskAchievementMeta, TaskAchievementTabMeta, ActivityPointMissionMeta, ActivityRaidMeta, CardRaidMeta, CrossActivityMeta, ActivityNewMeta, ActivityHeroAchievementMeta, ActivityDropMeta, ActivityDispathHeroMeta, AllianceMobilizationMeta, AllianceMobilizationRewardMeta, VideoGamesMeta, OptionalWeeklyCardMeta, DarkLegionChallengeMeta, NewSevenLoginMeta

[9/764] active_server_milestones
  FAILED - System.InvalidOperationException: Multiple generated Meta types accept item set FibMatrix.Config.IntIdMetaSet: UIPreloadMeta, JumpMeta, SettingsMeta, TaskAchievementGroupMeta, TaskAchievementMeta, TaskAchievementTabMeta, ActivityPointMissionMeta, ActivityRaidMeta, CardRaidMeta, CrossActivityMeta, ActivityNewMeta, ActivityHeroAchievementMeta, ActivityDropMeta, ActivityDispathHeroMeta, AllianceMobilizationMeta, AllianceMobilizationRewardMeta, VideoGamesMeta, OptionalWeeklyCardMeta, DarkLegionChallengeMeta, NewSevenLoginMeta

[10/764] active_shop
  OK - 10,383 rows - ActiveShopMeta

[11/764] activity
  OK - 6,777 rows - ActivityMeta

[12/764] activity_alliance_realm
  FAILED - System.InvalidOperationException: Multiple generated Meta types accept item set FibMatrix.Config.IntIdMetaSet: UIPreloadMeta, JumpMeta, SettingsMeta, TaskAchievementGroupMeta, TaskAchievementMeta, TaskAchievementTabMeta, ActivityPointMissionMeta, ActivityRaidMeta, CardRaidMeta, CrossActivityMeta, ActivityNewMeta, ActivityHeroAchievementMeta, ActivityDropMeta, ActivityDispathHeroMeta, AllianceMobilizationMeta, AllianceMobilizationRewardMeta, VideoGamesMeta, OptionalWeeklyCardMeta, DarkLegionChallengeMeta, NewSevenLoginMeta

[13/764] activity_alliance_realm_map
  FAILED - System.InvalidOperationException: Multiple generated Meta types accept item set FibMatrix.Config.IntIdMetaSet: UIPreloadMeta, JumpMeta, SettingsMeta, TaskAchievementGroupMeta, TaskAchievementMeta, TaskAchievementTabMeta, ActivityPointMissionMeta, ActivityRaidMeta, CardRaidMeta, CrossActivityMeta, ActivityNewMeta, ActivityHeroAchievementMeta, ActivityDropMeta, ActivityDispathHeroMeta, AllianceMobilizationMeta, AllianceMobilizationRewardMeta, VideoGamesMeta, OptionalWeeklyCardMeta, DarkLegionChallengeMeta, NewSevenLoginMeta

[14/764] activity_alliance_realm_stage
  FAILED - System.InvalidOperationException: Multiple generated Meta types accept item set FibMatrix.Config.IntIdMetaSet: UIPreloadMeta, JumpMeta, SettingsMeta, TaskAchievementGroupMeta, TaskAchievementMeta, TaskAchievementTabMeta, ActivityPointMissionMeta, ActivityRaidMeta, CardRaidMeta, CrossActivityMeta, ActivityNewMeta, ActivityHeroAchievementMeta, ActivityDropMeta, ActivityDispathHeroMeta, AllianceMobilizationMeta, AllianceMobilizationRewardMeta, VideoGamesMeta, OptionalWeeklyCardMeta, DarkLegionChallengeMeta, NewSevenLoginMeta

[15/764] activity_bless
  FAILED - System.InvalidOperationException: Multiple generated Meta types accept item set FibMatrix.Config.IntIdMetaSet: UIPreloadMeta, JumpMeta, SettingsMeta, TaskAchievementGroupMeta, TaskAchievementMeta, TaskAchievementTabMeta, ActivityPointMissionMeta, ActivityRaidMeta, CardRaidMeta, CrossActivityMeta, ActivityNewMeta, ActivityHeroAchievementMeta, ActivityDropMeta, ActivityDispathHeroMeta, AllianceMobilizationMeta, AllianceMobilizationRewardMeta, VideoGamesMeta, OptionalWeeklyCardMeta, DarkLegionChallengeMeta, NewSevenLoginMeta

[16/764] activity_click
  FAILED - System.InvalidOperationException: Multiple generated Meta types accept item set FibMatrix.Config.IntIdMetaSet: UIPreloadMeta, JumpMeta, SettingsMeta, TaskAchievementGroupMeta, TaskAchievementMeta, TaskAchievementTabMeta, ActivityPointMissionMeta, ActivityRaidMeta, CardRaidMeta, CrossActivityMeta, ActivityNewMeta, ActivityHeroAchievementMeta, ActivityDropMeta, ActivityDispathHeroMeta, AllianceMobilizationMeta, AllianceMobilizationRewardMeta, VideoGamesMeta, OptionalWeeklyCardMeta, DarkLegionChallengeMeta, NewSevenLoginMeta

[17/764] activity_click_monster
  FAILED - System.InvalidOperationException: Multiple generated Meta types accept item set FibMatrix.Config.IntIdMetaSet: UIPreloadMeta, JumpMeta, SettingsMeta, TaskAchievementGroupMeta, TaskAchievementMeta, TaskAchievementTabMeta, ActivityPointMissionMeta, ActivityRaidMeta, CardRaidMeta, CrossActivityMeta, ActivityNewMeta, ActivityHeroAchievementMeta, ActivityDropMeta, ActivityDispathHeroMeta, AllianceMobilizationMeta, AllianceMobilizationRewardMeta, VideoGamesMeta, OptionalWeeklyCardMeta, DarkLegionChallengeMeta, NewSevenLoginMeta

[18/764] activity_collect
  FAILED - System.InvalidOperationException: Multiple generated Meta types accept item set FibMatrix.Config.IntIdMetaSet: UIPreloadMeta, JumpMeta, SettingsMeta, TaskAchievementGroupMeta, TaskAchievementMeta, TaskAchievementTabMeta, ActivityPointMissionMeta, ActivityRaidMeta, CardRaidMeta, CrossActivityMeta, ActivityNewMeta, ActivityHeroAchievementMeta, ActivityDropMeta, ActivityDispathHeroMeta, AllianceMobilizationMeta, AllianceMobilizationRewardMeta, VideoGamesMeta, OptionalWeeklyCardMeta, DarkLegionChallengeMeta, NewSevenLoginMeta

[19/764] activity_dispath_hero
  OK - 10 rows - ActivityDispathHeroMeta

[20/764] activity_double_reward
  FAILED - System.InvalidOperationException: Multiple generated Meta types accept item set FibMatrix.Config.IntIdMetaSet: UIPreloadMeta, JumpMeta, SettingsMeta, TaskAchievementGroupMeta, TaskAchievementMeta, TaskAchievementTabMeta, ActivityPointMissionMeta, ActivityRaidMeta, CardRaidMeta, CrossActivityMeta, ActivityNewMeta, ActivityHeroAchievementMeta, ActivityDropMeta, ActivityDispathHeroMeta, AllianceMobilizationMeta, AllianceMobilizationRewardMeta, VideoGamesMeta, OptionalWeeklyCardMeta, DarkLegionChallengeMeta, NewSevenLoginMeta

[21/764] activity_drop
  OK - 312 rows - ActivityDropMeta

[22/764] activity_exchange_group
  FAILED - System.InvalidOperationException: Multiple generated Meta types accept item set FibMatrix.Config.IntIdMetaSet: UIPreloadMeta, JumpMeta, SettingsMeta, TaskAchievementGroupMeta, TaskAchievementMeta, TaskAchievementTabMeta, ActivityPointMissionMeta, ActivityRaidMeta, CardRaidMeta, CrossActivityMeta, ActivityNewMeta, ActivityHeroAchievementMeta, ActivityDropMeta, ActivityDispathHeroMeta, AllianceMobilizationMeta, AllianceMobilizationRewardMeta, VideoGamesMeta, OptionalWeeklyCardMeta, DarkLegionChallengeMeta, NewSevenLoginMeta

[23/764] activity_hero_achievement
  OK - 161 rows - ActivityHeroAchievementMeta

[24/764] activity_hero_awaken
  FAILED - System.InvalidOperationException: Multiple generated Meta types accept item set FibMatrix.Config.IntIdMetaSet: UIPreloadMeta, JumpMeta, SettingsMeta, TaskAchievementGroupMeta, TaskAchievementMeta, TaskAchievementTabMeta, ActivityPointMissionMeta, ActivityRaidMeta, CardRaidMeta, CrossActivityMeta, ActivityNewMeta, ActivityHeroAchievementMeta, ActivityDropMeta, ActivityDispathHeroMeta, AllianceMobilizationMeta, AllianceMobilizationRewardMeta, VideoGamesMeta, OptionalWeeklyCardMeta, DarkLegionChallengeMeta, NewSevenLoginMeta

[25/764] activity_infinite_floor
  FAILED - System.InvalidOperationException: Multiple generated Meta types accept item set FibMatrix.Config.IntIdMetaSet: UIPreloadMeta, JumpMeta, SettingsMeta, TaskAchievementGroupMeta, TaskAchievementMeta, TaskAchievementTabMeta, ActivityPointMissionMeta, ActivityRaidMeta, CardRaidMeta, CrossActivityMeta, ActivityNewMeta, ActivityHeroAchievementMeta, ActivityDropMeta, ActivityDispathHeroMeta, AllianceMobilizationMeta, AllianceMobilizationRewardMeta, VideoGamesMeta, OptionalWeeklyCardMeta, DarkLegionChallengeMeta, NewSevenLoginMeta

[26/764] activity_item_effect
  FAILED - System.InvalidOperationException: Multiple generated Meta types accept item set FibMatrix.Config.IntIdMetaSet: UIPreloadMeta, JumpMeta, SettingsMeta, TaskAchievementGroupMeta, TaskAchievementMeta, TaskAchievementTabMeta, ActivityPointMissionMeta, ActivityRaidMeta, CardRaidMeta, CrossActivityMeta, ActivityNewMeta, ActivityHeroAchievementMeta, ActivityDropMeta, ActivityDispathHeroMeta, AllianceMobilizationMeta, AllianceMobilizationRewardMeta, VideoGamesMeta, OptionalWeeklyCardMeta, DarkLegionChallengeMeta, NewSevenLoginMeta

[27/764] activity_loop_type
  FAILED - System.InvalidOperationException: Multiple generated Meta types accept item set FibMatrix.Config.IntIdMetaSet: UIPreloadMeta, JumpMeta, SettingsMeta, TaskAchievementGroupMeta, TaskAchievementMeta, TaskAchievementTabMeta, ActivityPointMissionMeta, ActivityRaidMeta, CardRaidMeta, CrossActivityMeta, ActivityNewMeta, ActivityHeroAchievementMeta, ActivityDropMeta, ActivityDispathHeroMeta, AllianceMobilizationMeta, AllianceMobilizationRewardMeta, VideoGamesMeta, OptionalWeeklyCardMeta, DarkLegionChallengeMeta, NewSevenLoginMeta

[28/764] activity_map_refresh
  FAILED - System.InvalidOperationException: Multiple generated Meta types accept item set FibMatrix.Config.IntIdMetaSet: UIPreloadMeta, JumpMeta, SettingsMeta, TaskAchievementGroupMeta, TaskAchievementMeta, TaskAchievementTabMeta, ActivityPointMissionMeta, ActivityRaidMeta, CardRaidMeta, CrossActivityMeta, ActivityNewMeta, ActivityHeroAchievementMeta, ActivityDropMeta, ActivityDispathHeroMeta, AllianceMobilizationMeta, AllianceMobilizationRewardMeta, VideoGamesMeta, OptionalWeeklyCardMeta, DarkLegionChallengeMeta, NewSevenLoginMeta

[29/764] activity_music_dialogue_type
  OK - 6 rows - ActivityMusicDialogueTypeMeta

[30/764] activity_music_type
  OK - 6 rows - ActivityMusicTypeMeta

[31/764] activity_new
  OK - 3 rows - ActivityNewMeta

[32/764] activity_open_calendar
  FAILED - System.InvalidOperationException: Multiple generated Meta types accept item set FibMatrix.Config.IntIdMetaSet: UIPreloadMeta, JumpMeta, SettingsMeta, TaskAchievementGroupMeta, TaskAchievementMeta, TaskAchievementTabMeta, ActivityPointMissionMeta, ActivityRaidMeta, CardRaidMeta, CrossActivityMeta, ActivityNewMeta, ActivityHeroAchievementMeta, ActivityDropMeta, ActivityDispathHeroMeta, AllianceMobilizationMeta, AllianceMobilizationRewardMeta, VideoGamesMeta, OptionalWeeklyCardMeta, DarkLegionChallengeMeta, NewSevenLoginMeta

[33/764] activity_patrol
  FAILED - System.InvalidOperationException: Multiple generated Meta types accept item set FibMatrix.Config.IntIdMetaSet: UIPreloadMeta, JumpMeta, SettingsMeta, TaskAchievementGroupMeta, TaskAchievementMeta, TaskAchievementTabMeta, ActivityPointMissionMeta, ActivityRaidMeta, CardRaidMeta, CrossActivityMeta, ActivityNewMeta, ActivityHeroAchievementMeta, ActivityDropMeta, ActivityDispathHeroMeta, AllianceMobilizationMeta, AllianceMobilizationRewardMeta, VideoGamesMeta, OptionalWeeklyCardMeta, DarkLegionChallengeMeta, NewSevenLoginMeta

[34/764] activity_personal_record
  FAILED - System.InvalidOperationException: Multiple generated Meta types accept item set FibMatrix.Config.IntIdMetaSet: UIPreloadMeta, JumpMeta, SettingsMeta, TaskAchievementGroupMeta, TaskAchievementMeta, TaskAchievementTabMeta, ActivityPointMissionMeta, ActivityRaidMeta, CardRaidMeta, CrossActivityMeta, ActivityNewMeta, ActivityHeroAchievementMeta, ActivityDropMeta, ActivityDispathHeroMeta, AllianceMobilizationMeta, AllianceMobilizationRewardMeta, VideoGamesMeta, OptionalWeeklyCardMeta, DarkLegionChallengeMeta, NewSevenLoginMeta

[35/764] activity_point_mission
  OK - 12,984 rows - ActivityPointMissionMeta

[36/764] activity_power_index
  OK - 41 rows - ActivityPowerIndexMeta

[37/764] activity_raid
  OK - 16 rows - ActivityRaidMeta

[38/764] activity_search
  FAILED - System.InvalidOperationException: Multiple generated Meta types accept item set FibMatrix.Config.IntIdMetaSet: UIPreloadMeta, JumpMeta, SettingsMeta, TaskAchievementGroupMeta, TaskAchievementMeta, TaskAchievementTabMeta, ActivityPointMissionMeta, ActivityRaidMeta, CardRaidMeta, CrossActivityMeta, ActivityNewMeta, ActivityHeroAchievementMeta, ActivityDropMeta, ActivityDispathHeroMeta, AllianceMobilizationMeta, AllianceMobilizationRewardMeta, VideoGamesMeta, OptionalWeeklyCardMeta, DarkLegionChallengeMeta, NewSevenLoginMeta

[39/764] activity_season_star
  FAILED - System.InvalidOperationException: Multiple generated Meta types accept item set FibMatrix.Config.IntIdMetaSet: UIPreloadMeta, JumpMeta, SettingsMeta, TaskAchievementGroupMeta, TaskAchievementMeta, TaskAchievementTabMeta, ActivityPointMissionMeta, ActivityRaidMeta, CardRaidMeta, CrossActivityMeta, ActivityNewMeta, ActivityHeroAchievementMeta, ActivityDropMeta, ActivityDispathHeroMeta, AllianceMobilizationMeta, AllianceMobilizationRewardMeta, VideoGamesMeta, OptionalWeeklyCardMeta, DarkLegionChallengeMeta, NewSevenLoginMeta

[40/764] activity_server_donate
  FAILED - System.InvalidOperationException: Multiple generated Meta types accept item set FibMatrix.Config.IntIdMetaSet: UIPreloadMeta, JumpMeta, SettingsMeta, TaskAchievementGroupMeta, TaskAchievementMeta, TaskAchievementTabMeta, ActivityPointMissionMeta, ActivityRaidMeta, CardRaidMeta, CrossActivityMeta, ActivityNewMeta, ActivityHeroAchievementMeta, ActivityDropMeta, ActivityDispathHeroMeta, AllianceMobilizationMeta, AllianceMobilizationRewardMeta, VideoGamesMeta, OptionalWeeklyCardMeta, DarkLegionChallengeMeta, NewSevenLoginMeta

[41/764] activity_server_donate_reward
  FAILED - System.InvalidOperationException: Multiple generated Meta types accept item set FibMatrix.Config.IntIdMetaSet: UIPreloadMeta, JumpMeta, SettingsMeta, TaskAchievementGroupMeta, TaskAchievementMeta, TaskAchievementTabMeta, ActivityPointMissionMeta, ActivityRaidMeta, CardRaidMeta, CrossActivityMeta, ActivityNewMeta, ActivityHeroAchievementMeta, ActivityDropMeta, ActivityDispathHeroMeta, AllianceMobilizationMeta, AllianceMobilizationRewardMeta, VideoGamesMeta, OptionalWeeklyCardMeta, DarkLegionChallengeMeta, NewSevenLoginMeta

[42/764] activity_show
  OK - 161 rows - ActivityShowMeta

[43/764] activity_skating
  FAILED - System.InvalidOperationException: Multiple generated Meta types accept item set FibMatrix.Config.IntIdMetaSet: UIPreloadMeta, JumpMeta, SettingsMeta, TaskAchievementGroupMeta, TaskAchievementMeta, TaskAchievementTabMeta, ActivityPointMissionMeta, ActivityRaidMeta, CardRaidMeta, CrossActivityMeta, ActivityNewMeta, ActivityHeroAchievementMeta, ActivityDropMeta, ActivityDispathHeroMeta, AllianceMobilizationMeta, AllianceMobilizationRewardMeta, VideoGamesMeta, OptionalWeeklyCardMeta, DarkLegionChallengeMeta, NewSevenLoginMeta

[44/764] activity_skating_map
  FAILED - System.InvalidOperationException: Multiple generated Meta types accept item set FibMatrix.Config.IntIdMetaSet: UIPreloadMeta, JumpMeta, SettingsMeta, TaskAchievementGroupMeta, TaskAchievementMeta, TaskAchievementTabMeta, ActivityPointMissionMeta, ActivityRaidMeta, CardRaidMeta, CrossActivityMeta, ActivityNewMeta, ActivityHeroAchievementMeta, ActivityDropMeta, ActivityDispathHeroMeta, AllianceMobilizationMeta, AllianceMobilizationRewardMeta, VideoGamesMeta, OptionalWeeklyCardMeta, DarkLegionChallengeMeta, NewSevenLoginMeta

[45/764] activity_skating_map_list
  FAILED - System.InvalidOperationException: Multiple generated Meta types accept item set FibMatrix.Config.IntIdMetaSet: UIPreloadMeta, JumpMeta, SettingsMeta, TaskAchievementGroupMeta, TaskAchievementMeta, TaskAchievementTabMeta, ActivityPointMissionMeta, ActivityRaidMeta, CardRaidMeta, CrossActivityMeta, ActivityNewMeta, ActivityHeroAchievementMeta, ActivityDropMeta, ActivityDispathHeroMeta, AllianceMobilizationMeta, AllianceMobilizationRewardMeta, VideoGamesMeta, OptionalWeeklyCardMeta, DarkLegionChallengeMeta, NewSevenLoginMeta

[46/764] activity_skin_send
  FAILED - System.InvalidOperationException: Multiple generated Meta types accept item set FibMatrix.Config.IntIdMetaSet: UIPreloadMeta, JumpMeta, SettingsMeta, TaskAchievementGroupMeta, TaskAchievementMeta, TaskAchievementTabMeta, ActivityPointMissionMeta, ActivityRaidMeta, CardRaidMeta, CrossActivityMeta, ActivityNewMeta, ActivityHeroAchievementMeta, ActivityDropMeta, ActivityDispathHeroMeta, AllianceMobilizationMeta, AllianceMobilizationRewardMeta, VideoGamesMeta, OptionalWeeklyCardMeta, DarkLegionChallengeMeta, NewSevenLoginMeta

[47/764] activity_slots
  FAILED - System.InvalidOperationException: Multiple generated Meta types accept item set FibMatrix.Config.IntIdMetaSet: UIPreloadMeta, JumpMeta, SettingsMeta, TaskAchievementGroupMeta, TaskAchievementMeta, TaskAchievementTabMeta, ActivityPointMissionMeta, ActivityRaidMeta, CardRaidMeta, CrossActivityMeta, ActivityNewMeta, ActivityHeroAchievementMeta, ActivityDropMeta, ActivityDispathHeroMeta, AllianceMobilizationMeta, AllianceMobilizationRewardMeta, VideoGamesMeta, OptionalWeeklyCardMeta, DarkLegionChallengeMeta, NewSevenLoginMeta

[48/764] activity_slots_item
  FAILED - System.InvalidOperationException: Multiple generated Meta types accept item set FibMatrix.Config.IntIdMetaSet: UIPreloadMeta, JumpMeta, SettingsMeta, TaskAchievementGroupMeta, TaskAchievementMeta, TaskAchievementTabMeta, ActivityPointMissionMeta, ActivityRaidMeta, CardRaidMeta, CrossActivityMeta, ActivityNewMeta, ActivityHeroAchievementMeta, ActivityDropMeta, ActivityDispathHeroMeta, AllianceMobilizationMeta, AllianceMobilizationRewardMeta, VideoGamesMeta, OptionalWeeklyCardMeta, DarkLegionChallengeMeta, NewSevenLoginMeta

[49/764] activity_slots_reward
  FAILED - System.InvalidOperationException: Multiple generated Meta types accept item set FibMatrix.Config.IntIdMetaSet: UIPreloadMeta, JumpMeta, SettingsMeta, TaskAchievementGroupMeta, TaskAchievementMeta, TaskAchievementTabMeta, ActivityPointMissionMeta, ActivityRaidMeta, CardRaidMeta, CrossActivityMeta, ActivityNewMeta, ActivityHeroAchievementMeta, ActivityDropMeta, ActivityDispathHeroMeta, AllianceMobilizationMeta, AllianceMobilizationRewardMeta, VideoGamesMeta, OptionalWeeklyCardMeta, DarkLegionChallengeMeta, NewSevenLoginMeta

[50/764] activity_task
  OK - 10 rows - ActivityTaskMeta

[51/764] activity_task_target
  OK - 10,993 rows - ActivityTaskTargetMeta

[52/764] activity_theme
  FAILED - System.InvalidOperationException: Multiple generated Meta types accept item set FibMatrix.Config.IntIdMetaSet: UIPreloadMeta, JumpMeta, SettingsMeta, TaskAchievementGroupMeta, TaskAchievementMeta, TaskAchievementTabMeta, ActivityPointMissionMeta, ActivityRaidMeta, CardRaidMeta, CrossActivityMeta, ActivityNewMeta, ActivityHeroAchievementMeta, ActivityDropMeta, ActivityDispathHeroMeta, AllianceMobilizationMeta, AllianceMobilizationRewardMeta, VideoGamesMeta, OptionalWeeklyCardMeta, DarkLegionChallengeMeta, NewSevenLoginMeta

[53/764] act_name
  OK - 41 rows - ActNameMeta

[54/764] adventure_resource_limit
  FAILED - System.InvalidOperationException: Multiple generated Meta types accept item set FibMatrix.Config.IntIdMetaSet: UIPreloadMeta, JumpMeta, SettingsMeta, TaskAchievementGroupMeta, TaskAchievementMeta, TaskAchievementTabMeta, ActivityPointMissionMeta, ActivityRaidMeta, CardRaidMeta, CrossActivityMeta, ActivityNewMeta, ActivityHeroAchievementMeta, ActivityDropMeta, ActivityDispathHeroMeta, AllianceMobilizationMeta, AllianceMobilizationRewardMeta, VideoGamesMeta, OptionalWeeklyCardMeta, DarkLegionChallengeMeta, NewSevenLoginMeta

[55/764] ad_whitelist
  FAILED - System.InvalidOperationException: Multiple generated Meta types accept item set FibMatrix.Config.IntIdMetaSet: UIPreloadMeta, JumpMeta, SettingsMeta, TaskAchievementGroupMeta, TaskAchievementMeta, TaskAchievementTabMeta, ActivityPointMissionMeta, ActivityRaidMeta, CardRaidMeta, CrossActivityMeta, ActivityNewMeta, ActivityHeroAchievementMeta, ActivityDropMeta, ActivityDispathHeroMeta, AllianceMobilizationMeta, AllianceMobilizationRewardMeta, VideoGamesMeta, OptionalWeeklyCardMeta, DarkLegionChallengeMeta, NewSevenLoginMeta

[56/764] alliance
  FAILED - System.InvalidOperationException: Multiple generated Meta types accept item set FibMatrix.Config.StringIdMetaSet: UIPreloadMeta, JumpMeta, SettingsMeta, TaskAchievementGroupMeta, TaskAchievementMeta, TaskAchievementTabMeta, ActivityPointMissionMeta, ActivityRaidMeta, CardRaidMeta, CrossActivityMeta, ActivityNewMeta, ActivityHeroAchievementMeta, ActivityDropMeta, ActivityDispathHeroMeta, AllianceMobilizationMeta, AllianceMobilizationRewardMeta, VideoGamesMeta, OptionalWeeklyCardMeta, DarkLegionChallengeMeta, NewSevenLoginMeta

[57/764] alliance_auto_para
  FAILED - System.InvalidOperationException: Multiple generated Meta types accept item set FibMatrix.Config.IntIdMetaSet: UIPreloadMeta, JumpMeta, SettingsMeta, TaskAchievementGroupMeta, TaskAchievementMeta, TaskAchievementTabMeta, ActivityPointMissionMeta, ActivityRaidMeta, CardRaidMeta, CrossActivityMeta, ActivityNewMeta, ActivityHeroAchievementMeta, ActivityDropMeta, ActivityDispathHeroMeta, AllianceMobilizationMeta, AllianceMobilizationRewardMeta, VideoGamesMeta, OptionalWeeklyCardMeta, DarkLegionChallengeMeta, NewSevenLoginMeta

[58/764] alliance_badge
  FAILED - System.InvalidOperationException: Multiple generated Meta types accept item set FibMatrix.Config.IntIdMetaSet: UIPreloadMeta, JumpMeta, SettingsMeta, TaskAchievementGroupMeta, TaskAchievementMeta, TaskAchievementTabMeta, ActivityPointMissionMeta, ActivityRaidMeta, CardRaidMeta, CrossActivityMeta, ActivityNewMeta, ActivityHeroAchievementMeta, ActivityDropMeta, ActivityDispathHeroMeta, AllianceMobilizationMeta, AllianceMobilizationRewardMeta, VideoGamesMeta, OptionalWeeklyCardMeta, DarkLegionChallengeMeta, NewSevenLoginMeta

[59/764] alliance_boss_difficulty
  OK - 13 rows - AllianceBossDifficultyMeta

[60/764] alliance_buff
  OK - 5 rows - AllianceBuffMeta

[61/764] alliance_building
  OK - 2 rows - AllianceBuildingMeta

[62/764] alliance_competition
  FAILED - System.InvalidOperationException: Multiple generated Meta types accept item set FibMatrix.Config.IntIdMetaSet: UIPreloadMeta, JumpMeta, SettingsMeta, TaskAchievementGroupMeta, TaskAchievementMeta, TaskAchievementTabMeta, ActivityPointMissionMeta, ActivityRaidMeta, CardRaidMeta, CrossActivityMeta, ActivityNewMeta, ActivityHeroAchievementMeta, ActivityDropMeta, ActivityDispathHeroMeta, AllianceMobilizationMeta, AllianceMobilizationRewardMeta, VideoGamesMeta, OptionalWeeklyCardMeta, DarkLegionChallengeMeta, NewSevenLoginMeta

[63/764] alliance_competition_gift
  FAILED - System.InvalidOperationException: Multiple generated Meta types accept item set FibMatrix.Config.IntIdMetaSet: UIPreloadMeta, JumpMeta, SettingsMeta, TaskAchievementGroupMeta, TaskAchievementMeta, TaskAchievementTabMeta, ActivityPointMissionMeta, ActivityRaidMeta, CardRaidMeta, CrossActivityMeta, ActivityNewMeta, ActivityHeroAchievementMeta, ActivityDropMeta, ActivityDispathHeroMeta, AllianceMobilizationMeta, AllianceMobilizationRewardMeta, VideoGamesMeta, OptionalWeeklyCardMeta, DarkLegionChallengeMeta, NewSevenLoginMeta

[64/764] alliance_competition_rank
  FAILED - System.InvalidOperationException: Multiple generated Meta types accept item set FibMatrix.Config.IntIdMetaSet: UIPreloadMeta, JumpMeta, SettingsMeta, TaskAchievementGroupMeta, TaskAchievementMeta, TaskAchievementTabMeta, ActivityPointMissionMeta, ActivityRaidMeta, CardRaidMeta, CrossActivityMeta, ActivityNewMeta, ActivityHeroAchievementMeta, ActivityDropMeta, ActivityDispathHeroMeta, AllianceMobilizationMeta, AllianceMobilizationRewardMeta, VideoGamesMeta, OptionalWeeklyCardMeta, DarkLegionChallengeMeta, NewSevenLoginMeta

[65/764] alliance_competition_reward
  FAILED - System.InvalidOperationException: Multiple generated Meta types accept item set FibMatrix.Config.IntIdMetaSet: UIPreloadMeta, JumpMeta, SettingsMeta, TaskAchievementGroupMeta, TaskAchievementMeta, TaskAchievementTabMeta, ActivityPointMissionMeta, ActivityRaidMeta, CardRaidMeta, CrossActivityMeta, ActivityNewMeta, ActivityHeroAchievementMeta, ActivityDropMeta, ActivityDispathHeroMeta, AllianceMobilizationMeta, AllianceMobilizationRewardMeta, VideoGamesMeta, OptionalWeeklyCardMeta, DarkLegionChallengeMeta, NewSevenLoginMeta

[66/764] alliance_competition_task
  FAILED - System.InvalidOperationException: Multiple generated Meta types accept item set FibMatrix.Config.IntIdMetaSet: UIPreloadMeta, JumpMeta, SettingsMeta, TaskAchievementGroupMeta, TaskAchievementMeta, TaskAchievementTabMeta, ActivityPointMissionMeta, ActivityRaidMeta, CardRaidMeta, CrossActivityMeta, ActivityNewMeta, ActivityHeroAchievementMeta, ActivityDropMeta, ActivityDispathHeroMeta, AllianceMobilizationMeta, AllianceMobilizationRewardMeta, VideoGamesMeta, OptionalWeeklyCardMeta, DarkLegionChallengeMeta, NewSevenLoginMeta

[67/764] alliance_decorations
  FAILED - System.InvalidOperationException: Multiple generated Meta types accept item set FibMatrix.Config.IntIdMetaSet: UIPreloadMeta, JumpMeta, SettingsMeta, TaskAchievementGroupMeta, TaskAchievementMeta, TaskAchievementTabMeta, ActivityPointMissionMeta, ActivityRaidMeta, CardRaidMeta, CrossActivityMeta, ActivityNewMeta, ActivityHeroAchievementMeta, ActivityDropMeta, ActivityDispathHeroMeta, AllianceMobilizationMeta, AllianceMobilizationRewardMeta, VideoGamesMeta, OptionalWeeklyCardMeta, DarkLegionChallengeMeta, NewSevenLoginMeta

[68/764] alliance_decorations_property
  FAILED - System.InvalidOperationException: Multiple generated Meta types accept item set FibMatrix.Config.IntIdMetaSet: UIPreloadMeta, JumpMeta, SettingsMeta, TaskAchievementGroupMeta, TaskAchievementMeta, TaskAchievementTabMeta, ActivityPointMissionMeta, ActivityRaidMeta, CardRaidMeta, CrossActivityMeta, ActivityNewMeta, ActivityHeroAchievementMeta, ActivityDropMeta, ActivityDispathHeroMeta, AllianceMobilizationMeta, AllianceMobilizationRewardMeta, VideoGamesMeta, OptionalWeeklyCardMeta, DarkLegionChallengeMeta, NewSevenLoginMeta

[69/764] alliance_defend
  OK - 32 rows - AllianceDefendMeta

[70/764] alliance_defend_alliance_kvk
  FAILED - System.InvalidOperationException: Multiple generated Meta types accept item set FibMatrix.Config.IntIdMetaSet: UIPreloadMeta, JumpMeta, SettingsMeta, TaskAchievementGroupMeta, TaskAchievementMeta, TaskAchievementTabMeta, ActivityPointMissionMeta, ActivityRaidMeta, CardRaidMeta, CrossActivityMeta, ActivityNewMeta, ActivityHeroAchievementMeta, ActivityDropMeta, ActivityDispathHeroMeta, AllianceMobilizationMeta, AllianceMobilizationRewardMeta, VideoGamesMeta, OptionalWeeklyCardMeta, DarkLegionChallengeMeta, NewSevenLoginMeta

[71/764] alliance_defend_alliance_reward
  OK - 10 rows - AllianceDefendAllianceRewardMeta

[72/764] alliance_defend_capital
  OK - 660 rows - AllianceDefendCapitalMeta

[73/764] alliance_defend_personal_kvk
  FAILED - System.InvalidOperationException: Multiple generated Meta types accept item set FibMatrix.Config.IntIdMetaSet: UIPreloadMeta, JumpMeta, SettingsMeta, TaskAchievementGroupMeta, TaskAchievementMeta, TaskAchievementTabMeta, ActivityPointMissionMeta, ActivityRaidMeta, CardRaidMeta, CrossActivityMeta, ActivityNewMeta, ActivityHeroAchievementMeta, ActivityDropMeta, ActivityDispathHeroMeta, AllianceMobilizationMeta, AllianceMobilizationRewardMeta, VideoGamesMeta, OptionalWeeklyCardMeta, DarkLegionChallengeMeta, NewSevenLoginMeta

[74/764] alliance_defend_personal_reward
  OK - 15 rows - AllianceDefendPersonalRewardMeta

[75/764] alliance_flag
  OK - 22 rows - AllianceFlagMeta

[76/764] alliance_fort_skin
  FAILED - System.InvalidOperationException: Multiple generated Meta types accept item set FibMatrix.Config.IntIdMetaSet: UIPreloadMeta, JumpMeta, SettingsMeta, TaskAchievementGroupMeta, TaskAchievementMeta, TaskAchievementTabMeta, ActivityPointMissionMeta, ActivityRaidMeta, CardRaidMeta, CrossActivityMeta, ActivityNewMeta, ActivityHeroAchievementMeta, ActivityDropMeta, ActivityDispathHeroMeta, AllianceMobilizationMeta, AllianceMobilizationRewardMeta, VideoGamesMeta, OptionalWeeklyCardMeta, DarkLegionChallengeMeta, NewSevenLoginMeta

[77/764] alliance_fort_transform
  FAILED - System.InvalidOperationException: Multiple generated Meta types accept item set FibMatrix.Config.IntIdMetaSet: UIPreloadMeta, JumpMeta, SettingsMeta, TaskAchievementGroupMeta, TaskAchievementMeta, TaskAchievementTabMeta, ActivityPointMissionMeta, ActivityRaidMeta, CardRaidMeta, CrossActivityMeta, ActivityNewMeta, ActivityHeroAchievementMeta, ActivityDropMeta, ActivityDispathHeroMeta, AllianceMobilizationMeta, AllianceMobilizationRewardMeta, VideoGamesMeta, OptionalWeeklyCardMeta, DarkLegionChallengeMeta, NewSevenLoginMeta

[78/764] alliance_gameplay
  OK - 4 rows - AllianceGameplayMeta

[79/764] alliance_gift
  OK - 18 rows - AllianceGiftMeta

[80/764] alliance_gift_level
  OK - 51 rows - AllianceGiftLevelMeta

[81/764] alliance_leader_task
  OK - 4 rows - AllianceLeaderTaskMeta

[82/764] alliance_leave_tips
  FAILED - System.InvalidOperationException: Multiple generated Meta types accept item set FibMatrix.Config.IntIdMetaSet: UIPreloadMeta, JumpMeta, SettingsMeta, TaskAchievementGroupMeta, TaskAchievementMeta, TaskAchievementTabMeta, ActivityPointMissionMeta, ActivityRaidMeta, CardRaidMeta, CrossActivityMeta, ActivityNewMeta, ActivityHeroAchievementMeta, ActivityDropMeta, ActivityDispathHeroMeta, AllianceMobilizationMeta, AllianceMobilizationRewardMeta, VideoGamesMeta, OptionalWeeklyCardMeta, DarkLegionChallengeMeta, NewSevenLoginMeta

[83/764] alliance_mapinfo
  OK - 342 rows - AllianceMapinfoMeta

[84/764] alliance_milestone
  FAILED - System.InvalidOperationException: Multiple generated Meta types accept item set FibMatrix.Config.IntIdMetaSet: UIPreloadMeta, JumpMeta, SettingsMeta, TaskAchievementGroupMeta, TaskAchievementMeta, TaskAchievementTabMeta, ActivityPointMissionMeta, ActivityRaidMeta, CardRaidMeta, CrossActivityMeta, ActivityNewMeta, ActivityHeroAchievementMeta, ActivityDropMeta, ActivityDispathHeroMeta, AllianceMobilizationMeta, AllianceMobilizationRewardMeta, VideoGamesMeta, OptionalWeeklyCardMeta, DarkLegionChallengeMeta, NewSevenLoginMeta

[85/764] alliance_mobilization
  OK - 169 rows - AllianceMobilizationMeta

[86/764] alliance_mobilization_reward
  OK - 280 rows - AllianceMobilizationRewardMeta

[87/764] alliance_position
  FAILED - System.InvalidOperationException: Multiple generated Meta types accept item set FibMatrix.Config.IntIdMetaSet: UIPreloadMeta, JumpMeta, SettingsMeta, TaskAchievementGroupMeta, TaskAchievementMeta, TaskAchievementTabMeta, ActivityPointMissionMeta, ActivityRaidMeta, CardRaidMeta, CrossActivityMeta, ActivityNewMeta, ActivityHeroAchievementMeta, ActivityDropMeta, ActivityDispathHeroMeta, AllianceMobilizationMeta, AllianceMobilizationRewardMeta, VideoGamesMeta, OptionalWeeklyCardMeta, DarkLegionChallengeMeta, NewSevenLoginMeta

[88/764] alliance_power
  FAILED - System.InvalidOperationException: Multiple generated Meta types accept item set FibMatrix.Config.IntIdMetaSet: UIPreloadMeta, JumpMeta, SettingsMeta, TaskAchievementGroupMeta, TaskAchievementMeta, TaskAchievementTabMeta, ActivityPointMissionMeta, ActivityRaidMeta, CardRaidMeta, CrossActivityMeta, ActivityNewMeta, ActivityHeroAchievementMeta, ActivityDropMeta, ActivityDispathHeroMeta, AllianceMobilizationMeta, AllianceMobilizationRewardMeta, VideoGamesMeta, OptionalWeeklyCardMeta, DarkLegionChallengeMeta, NewSevenLoginMeta

[89/764] alliance_raid
  OK - 37 rows - AllianceRaidMeta

[90/764] alliance_record
  OK - 33 rows - AllianceRecordMeta

[91/764] alliance_resource
  OK - 9 rows - AllianceResourceMeta

[92/764] alliance_reward
  FAILED - System.InvalidOperationException: Multiple generated Meta types accept item set FibMatrix.Config.IntIdMetaSet: UIPreloadMeta, JumpMeta, SettingsMeta, TaskAchievementGroupMeta, TaskAchievementMeta, TaskAchievementTabMeta, ActivityPointMissionMeta, ActivityRaidMeta, CardRaidMeta, CrossActivityMeta, ActivityNewMeta, ActivityHeroAchievementMeta, ActivityDropMeta, ActivityDispathHeroMeta, AllianceMobilizationMeta, AllianceMobilizationRewardMeta, VideoGamesMeta, OptionalWeeklyCardMeta, DarkLegionChallengeMeta, NewSevenLoginMeta

[93/764] alliance_shop
  FAILED - System.InvalidOperationException: Multiple generated Meta types accept item set FibMatrix.Config.IntIdMetaSet: UIPreloadMeta, JumpMeta, SettingsMeta, TaskAchievementGroupMeta, TaskAchievementMeta, TaskAchievementTabMeta, ActivityPointMissionMeta, ActivityRaidMeta, CardRaidMeta, CrossActivityMeta, ActivityNewMeta, ActivityHeroAchievementMeta, ActivityDropMeta, ActivityDispathHeroMeta, AllianceMobilizationMeta, AllianceMobilizationRewardMeta, VideoGamesMeta, OptionalWeeklyCardMeta, DarkLegionChallengeMeta, NewSevenLoginMeta

[94/764] alliance_tech
  OK - 734 rows - AllianceTechMeta

[95/764] alliance_tech_group
  OK - 157 rows - AllianceTechGroupMeta

[96/764] alliance_tech_page
  OK - 4 rows - AllianceTechPageMeta

[97/764] alliance_tech_restype
  OK - 308 rows - AllianceTechRestypeMeta

[98/764] alliance_water_tower
  FAILED - System.InvalidOperationException: Multiple generated Meta types accept item set FibMatrix.Config.IntIdMetaSet: UIPreloadMeta, JumpMeta, SettingsMeta, TaskAchievementGroupMeta, TaskAchievementMeta, TaskAchievementTabMeta, ActivityPointMissionMeta, ActivityRaidMeta, CardRaidMeta, CrossActivityMeta, ActivityNewMeta, ActivityHeroAchievementMeta, ActivityDropMeta, ActivityDispathHeroMeta, AllianceMobilizationMeta, AllianceMobilizationRewardMeta, VideoGamesMeta, OptionalWeeklyCardMeta, DarkLegionChallengeMeta, NewSevenLoginMeta

[99/764] alliance_water_tower_level
  FAILED - System.InvalidOperationException: Multiple generated Meta types accept item set FibMatrix.Config.IntIdMetaSet: UIPreloadMeta, JumpMeta, SettingsMeta, TaskAchievementGroupMeta, TaskAchievementMeta, TaskAchievementTabMeta, ActivityPointMissionMeta, ActivityRaidMeta, CardRaidMeta, CrossActivityMeta, ActivityNewMeta, ActivityHeroAchievementMeta, ActivityDropMeta, ActivityDispathHeroMeta, AllianceMobilizationMeta, AllianceMobilizationRewardMeta, VideoGamesMeta, OptionalWeeklyCardMeta, DarkLegionChallengeMeta, NewSevenLoginMeta

[100/764] app_icon
  FAILED - System.InvalidOperationException: Multiple generated Meta types accept item set FibMatrix.Config.IntIdMetaSet: UIPreloadMeta, JumpMeta, SettingsMeta, TaskAchievementGroupMeta, TaskAchievementMeta, TaskAchievementTabMeta, ActivityPointMissionMeta, ActivityRaidMeta, CardRaidMeta, CrossActivityMeta, ActivityNewMeta, ActivityHeroAchievementMeta, ActivityDropMeta, ActivityDispathHeroMeta, AllianceMobilizationMeta, AllianceMobilizationRewardMeta, VideoGamesMeta, OptionalWeeklyCardMeta, DarkLegionChallengeMeta, NewSevenLoginMeta

[101/764] arenasettings
  FAILED - System.InvalidOperationException: Multiple generated Meta types accept item set FibMatrix.Config.StringIdMetaSet: UIPreloadMeta, JumpMeta, SettingsMeta, TaskAchievementGroupMeta, TaskAchievementMeta, TaskAchievementTabMeta, ActivityPointMissionMeta, ActivityRaidMeta, CardRaidMeta, CrossActivityMeta, ActivityNewMeta, ActivityHeroAchievementMeta, ActivityDropMeta, ActivityDispathHeroMeta, AllianceMobilizationMeta, AllianceMobilizationRewardMeta, VideoGamesMeta, OptionalWeeklyCardMeta, DarkLegionChallengeMeta, NewSevenLoginMeta

[102/764] arena_cross_group
  FAILED - System.InvalidOperationException: Multiple generated Meta types accept item set FibMatrix.Config.IntIdMetaSet: UIPreloadMeta, JumpMeta, SettingsMeta, TaskAchievementGroupMeta, TaskAchievementMeta, TaskAchievementTabMeta, ActivityPointMissionMeta, ActivityRaidMeta, CardRaidMeta, CrossActivityMeta, ActivityNewMeta, ActivityHeroAchievementMeta, ActivityDropMeta, ActivityDispathHeroMeta, AllianceMobilizationMeta, AllianceMobilizationRewardMeta, VideoGamesMeta, OptionalWeeklyCardMeta, DarkLegionChallengeMeta, NewSevenLoginMeta

[103/764] arena_cross_reward
  OK - 83 rows - ArenaCrossRewardMeta

[104/764] arena_rank
  OK - 13 rows - ArenaRankMeta

[105/764] artifact
  OK - 58 rows - ArtifactMeta

[106/764] artifact_honor
  FAILED - System.InvalidOperationException: Multiple generated Meta types accept item set FibMatrix.Config.IntIdMetaSet: UIPreloadMeta, JumpMeta, SettingsMeta, TaskAchievementGroupMeta, TaskAchievementMeta, TaskAchievementTabMeta, ActivityPointMissionMeta, ActivityRaidMeta, CardRaidMeta, CrossActivityMeta, ActivityNewMeta, ActivityHeroAchievementMeta, ActivityDropMeta, ActivityDispathHeroMeta, AllianceMobilizationMeta, AllianceMobilizationRewardMeta, VideoGamesMeta, OptionalWeeklyCardMeta, DarkLegionChallengeMeta, NewSevenLoginMeta

[107/764] artifact_honor_bonus
  FAILED - System.InvalidOperationException: Multiple generated Meta types accept item set FibMatrix.Config.IntIdMetaSet: UIPreloadMeta, JumpMeta, SettingsMeta, TaskAchievementGroupMeta, TaskAchievementMeta, TaskAchievementTabMeta, ActivityPointMissionMeta, ActivityRaidMeta, CardRaidMeta, CrossActivityMeta, ActivityNewMeta, ActivityHeroAchievementMeta, ActivityDropMeta, ActivityDispathHeroMeta, AllianceMobilizationMeta, AllianceMobilizationRewardMeta, VideoGamesMeta, OptionalWeeklyCardMeta, DarkLegionChallengeMeta, NewSevenLoginMeta

[108/764] artifact_skill_attr
  OK - 120 rows - ArtifactSkillAttrMeta

[109/764] artifact_star_up
  OK - 5,858 rows - ArtifactStarUpMeta

[110/764] artifact_suit
  FAILED - System.InvalidOperationException: Multiple generated Meta types accept item set FibMatrix.Config.IntIdMetaSet: UIPreloadMeta, JumpMeta, SettingsMeta, TaskAchievementGroupMeta, TaskAchievementMeta, TaskAchievementTabMeta, ActivityPointMissionMeta, ActivityRaidMeta, CardRaidMeta, CrossActivityMeta, ActivityNewMeta, ActivityHeroAchievementMeta, ActivityDropMeta, ActivityDispathHeroMeta, AllianceMobilizationMeta, AllianceMobilizationRewardMeta, VideoGamesMeta, OptionalWeeklyCardMeta, DarkLegionChallengeMeta, NewSevenLoginMeta

[111/764] attribute
  OK - 743 rows - AttributeMeta

[112/764] battlefield_map
  FAILED - System.InvalidOperationException: Multiple generated Meta types accept item set FibMatrix.Config.IntIdMetaSet: UIPreloadMeta, JumpMeta, SettingsMeta, TaskAchievementGroupMeta, TaskAchievementMeta, TaskAchievementTabMeta, ActivityPointMissionMeta, ActivityRaidMeta, CardRaidMeta, CrossActivityMeta, ActivityNewMeta, ActivityHeroAchievementMeta, ActivityDropMeta, ActivityDispathHeroMeta, AllianceMobilizationMeta, AllianceMobilizationRewardMeta, VideoGamesMeta, OptionalWeeklyCardMeta, DarkLegionChallengeMeta, NewSevenLoginMeta

[113/764] battlefield_notify
  FAILED - System.InvalidOperationException: Multiple generated Meta types accept item set FibMatrix.Config.IntIdMetaSet: UIPreloadMeta, JumpMeta, SettingsMeta, TaskAchievementGroupMeta, TaskAchievementMeta, TaskAchievementTabMeta, ActivityPointMissionMeta, ActivityRaidMeta, CardRaidMeta, CrossActivityMeta, ActivityNewMeta, ActivityHeroAchievementMeta, ActivityDropMeta, ActivityDispathHeroMeta, AllianceMobilizationMeta, AllianceMobilizationRewardMeta, VideoGamesMeta, OptionalWeeklyCardMeta, DarkLegionChallengeMeta, NewSevenLoginMeta

[114/764] battle_pass
  OK - 329 rows - BattlePassMeta

[115/764] birthday_gift
  FAILED - System.InvalidOperationException: Multiple generated Meta types accept item set FibMatrix.Config.IntIdMetaSet: UIPreloadMeta, JumpMeta, SettingsMeta, TaskAchievementGroupMeta, TaskAchievementMeta, TaskAchievementTabMeta, ActivityPointMissionMeta, ActivityRaidMeta, CardRaidMeta, CrossActivityMeta, ActivityNewMeta, ActivityHeroAchievementMeta, ActivityDropMeta, ActivityDispathHeroMeta, AllianceMobilizationMeta, AllianceMobilizationRewardMeta, VideoGamesMeta, OptionalWeeklyCardMeta, DarkLegionChallengeMeta, NewSevenLoginMeta

[116/764] bless
  FAILED - System.InvalidOperationException: Multiple generated Meta types accept item set FibMatrix.Config.IntIdMetaSet: UIPreloadMeta, JumpMeta, SettingsMeta, TaskAchievementGroupMeta, TaskAchievementMeta, TaskAchievementTabMeta, ActivityPointMissionMeta, ActivityRaidMeta, CardRaidMeta, CrossActivityMeta, ActivityNewMeta, ActivityHeroAchievementMeta, ActivityDropMeta, ActivityDispathHeroMeta, AllianceMobilizationMeta, AllianceMobilizationRewardMeta, VideoGamesMeta, OptionalWeeklyCardMeta, DarkLegionChallengeMeta, NewSevenLoginMeta

[117/764] bounty_instance
  FAILED - System.InvalidOperationException: Multiple generated Meta types accept item set FibMatrix.Config.IntIdMetaSet: UIPreloadMeta, JumpMeta, SettingsMeta, TaskAchievementGroupMeta, TaskAchievementMeta, TaskAchievementTabMeta, ActivityPointMissionMeta, ActivityRaidMeta, CardRaidMeta, CrossActivityMeta, ActivityNewMeta, ActivityHeroAchievementMeta, ActivityDropMeta, ActivityDispathHeroMeta, AllianceMobilizationMeta, AllianceMobilizationRewardMeta, VideoGamesMeta, OptionalWeeklyCardMeta, DarkLegionChallengeMeta, NewSevenLoginMeta

[118/764] bounty_prestige
  OK - 30 rows - BountyPrestigeMeta

[119/764] bounty_task
  OK - 394 rows - BountyTaskMeta

[120/764] bounty_world_ui_show
  OK - 21 rows - BountyWorldUiShowMeta

[121/764] box_gacha
  FAILED - System.InvalidOperationException: Multiple generated Meta types accept item set FibMatrix.Config.IntIdMetaSet: UIPreloadMeta, JumpMeta, SettingsMeta, TaskAchievementGroupMeta, TaskAchievementMeta, TaskAchievementTabMeta, ActivityPointMissionMeta, ActivityRaidMeta, CardRaidMeta, CrossActivityMeta, ActivityNewMeta, ActivityHeroAchievementMeta, ActivityDropMeta, ActivityDispathHeroMeta, AllianceMobilizationMeta, AllianceMobilizationRewardMeta, VideoGamesMeta, OptionalWeeklyCardMeta, DarkLegionChallengeMeta, NewSevenLoginMeta

[122/764] broadcast
  FAILED - System.InvalidOperationException: Multiple generated Meta types accept item set FibMatrix.Config.IntIdMetaSet: UIPreloadMeta, JumpMeta, SettingsMeta, TaskAchievementGroupMeta, TaskAchievementMeta, TaskAchievementTabMeta, ActivityPointMissionMeta, ActivityRaidMeta, CardRaidMeta, CrossActivityMeta, ActivityNewMeta, ActivityHeroAchievementMeta, ActivityDropMeta, ActivityDispathHeroMeta, AllianceMobilizationMeta, AllianceMobilizationRewardMeta, VideoGamesMeta, OptionalWeeklyCardMeta, DarkLegionChallengeMeta, NewSevenLoginMeta

[123/764] buff
  OK - 3,701 rows - BuffMeta

[124/764] buff_global
  OK - 574 rows - BuffGlobalMeta

[125/764] bullet
  OK - 7,335 rows - BulletMeta

[126/764] bulletTrace
  OK - 651 rows - BulletTraceMeta

[127/764] bulletTrace_3d
  FAILED - System.InvalidOperationException: Multiple generated Meta types accept item set FibMatrix.Config.IntIdMetaSet: UIPreloadMeta, JumpMeta, SettingsMeta, TaskAchievementGroupMeta, TaskAchievementMeta, TaskAchievementTabMeta, ActivityPointMissionMeta, ActivityRaidMeta, CardRaidMeta, CrossActivityMeta, ActivityNewMeta, ActivityHeroAchievementMeta, ActivityDropMeta, ActivityDispathHeroMeta, AllianceMobilizationMeta, AllianceMobilizationRewardMeta, VideoGamesMeta, OptionalWeeklyCardMeta, DarkLegionChallengeMeta, NewSevenLoginMeta

[128/764] bullet_damage_number
  OK - 14 rows - BulletDamageNumberMeta

[129/764] bullet_ground
  FAILED - System.InvalidOperationException: Multiple generated Meta types accept item set FibMatrix.Config.IntIdMetaSet: UIPreloadMeta, JumpMeta, SettingsMeta, TaskAchievementGroupMeta, TaskAchievementMeta, TaskAchievementTabMeta, ActivityPointMissionMeta, ActivityRaidMeta, CardRaidMeta, CrossActivityMeta, ActivityNewMeta, ActivityHeroAchievementMeta, ActivityDropMeta, ActivityDispathHeroMeta, AllianceMobilizationMeta, AllianceMobilizationRewardMeta, VideoGamesMeta, OptionalWeeklyCardMeta, DarkLegionChallengeMeta, NewSevenLoginMeta

[130/764] butterfly_catch
  FAILED - System.InvalidOperationException: Multiple generated Meta types accept item set FibMatrix.Config.IntIdMetaSet: UIPreloadMeta, JumpMeta, SettingsMeta, TaskAchievementGroupMeta, TaskAchievementMeta, TaskAchievementTabMeta, ActivityPointMissionMeta, ActivityRaidMeta, CardRaidMeta, CrossActivityMeta, ActivityNewMeta, ActivityHeroAchievementMeta, ActivityDropMeta, ActivityDispathHeroMeta, AllianceMobilizationMeta, AllianceMobilizationRewardMeta, VideoGamesMeta, OptionalWeeklyCardMeta, DarkLegionChallengeMeta, NewSevenLoginMeta

[131/764] butterfly_child
  FAILED - System.InvalidOperationException: Multiple generated Meta types accept item set FibMatrix.Config.IntIdMetaSet: UIPreloadMeta, JumpMeta, SettingsMeta, TaskAchievementGroupMeta, TaskAchievementMeta, TaskAchievementTabMeta, ActivityPointMissionMeta, ActivityRaidMeta, CardRaidMeta, CrossActivityMeta, ActivityNewMeta, ActivityHeroAchievementMeta, ActivityDropMeta, ActivityDispathHeroMeta, AllianceMobilizationMeta, AllianceMobilizationRewardMeta, VideoGamesMeta, OptionalWeeklyCardMeta, DarkLegionChallengeMeta, NewSevenLoginMeta

[132/764] butterfly_info
  FAILED - System.InvalidOperationException: Multiple generated Meta types accept item set FibMatrix.Config.IntIdMetaSet: UIPreloadMeta, JumpMeta, SettingsMeta, TaskAchievementGroupMeta, TaskAchievementMeta, TaskAchievementTabMeta, ActivityPointMissionMeta, ActivityRaidMeta, CardRaidMeta, CrossActivityMeta, ActivityNewMeta, ActivityHeroAchievementMeta, ActivityDropMeta, ActivityDispathHeroMeta, AllianceMobilizationMeta, AllianceMobilizationRewardMeta, VideoGamesMeta, OptionalWeeklyCardMeta, DarkLegionChallengeMeta, NewSevenLoginMeta

[133/764] butterfly_item
  FAILED - System.InvalidOperationException: Multiple generated Meta types accept item set FibMatrix.Config.IntIdMetaSet: UIPreloadMeta, JumpMeta, SettingsMeta, TaskAchievementGroupMeta, TaskAchievementMeta, TaskAchievementTabMeta, ActivityPointMissionMeta, ActivityRaidMeta, CardRaidMeta, CrossActivityMeta, ActivityNewMeta, ActivityHeroAchievementMeta, ActivityDropMeta, ActivityDispathHeroMeta, AllianceMobilizationMeta, AllianceMobilizationRewardMeta, VideoGamesMeta, OptionalWeeklyCardMeta, DarkLegionChallengeMeta, NewSevenLoginMeta

[134/764] butterfly_park
  FAILED - System.InvalidOperationException: Multiple generated Meta types accept item set FibMatrix.Config.IntIdMetaSet: UIPreloadMeta, JumpMeta, SettingsMeta, TaskAchievementGroupMeta, TaskAchievementMeta, TaskAchievementTabMeta, ActivityPointMissionMeta, ActivityRaidMeta, CardRaidMeta, CrossActivityMeta, ActivityNewMeta, ActivityHeroAchievementMeta, ActivityDropMeta, ActivityDispathHeroMeta, AllianceMobilizationMeta, AllianceMobilizationRewardMeta, VideoGamesMeta, OptionalWeeklyCardMeta, DarkLegionChallengeMeta, NewSevenLoginMeta

[135/764] card_raid
  OK - 150 rows - CardRaidMeta

[136/764] carriage_alliance_car
  OK - 1 rows - CarriageAllianceCarMeta

[137/764] carriage_alliance_talk
  OK - 6 rows - CarriageAllianceTalkMeta

[138/764] carriage_car
  OK - 306 rows - CarriageCarMeta

[139/764] carriage_country_limit
  FAILED - System.InvalidOperationException: Multiple generated Meta types accept item set FibMatrix.Config.IntIdMetaSet: UIPreloadMeta, JumpMeta, SettingsMeta, TaskAchievementGroupMeta, TaskAchievementMeta, TaskAchievementTabMeta, ActivityPointMissionMeta, ActivityRaidMeta, CardRaidMeta, CrossActivityMeta, ActivityNewMeta, ActivityHeroAchievementMeta, ActivityDropMeta, ActivityDispathHeroMeta, AllianceMobilizationMeta, AllianceMobilizationRewardMeta, VideoGamesMeta, OptionalWeeklyCardMeta, DarkLegionChallengeMeta, NewSevenLoginMeta

[140/764] carriage_effect
  FAILED - System.InvalidOperationException: Multiple generated Meta types accept item set FibMatrix.Config.IntIdMetaSet: UIPreloadMeta, JumpMeta, SettingsMeta, TaskAchievementGroupMeta, TaskAchievementMeta, TaskAchievementTabMeta, ActivityPointMissionMeta, ActivityRaidMeta, CardRaidMeta, CrossActivityMeta, ActivityNewMeta, ActivityHeroAchievementMeta, ActivityDropMeta, ActivityDispathHeroMeta, AllianceMobilizationMeta, AllianceMobilizationRewardMeta, VideoGamesMeta, OptionalWeeklyCardMeta, DarkLegionChallengeMeta, NewSevenLoginMeta

[141/764] carriage_quality
  OK - 54 rows - CarriageQualityMeta

[142/764] challenge_arena_pve
  OK - 3,000 rows - ChallengeArenaPveMeta

[143/764] challenge_arena_pve_setting
  OK - 4 rows - ChallengeArenaPveSettingMeta

[144/764] chat_emotion_group
  OK - 4 rows - ChatEmotionGroupMeta

[145/764] chat_emotion_new
  OK - 113 rows - ChatEmotionNewMeta

[146/764] chat_reply_emoji
  FAILED - System.InvalidOperationException: Multiple generated Meta types accept item set FibMatrix.Config.IntIdMetaSet: UIPreloadMeta, JumpMeta, SettingsMeta, TaskAchievementGroupMeta, TaskAchievementMeta, TaskAchievementTabMeta, ActivityPointMissionMeta, ActivityRaidMeta, CardRaidMeta, CrossActivityMeta, ActivityNewMeta, ActivityHeroAchievementMeta, ActivityDropMeta, ActivityDispathHeroMeta, AllianceMobilizationMeta, AllianceMobilizationRewardMeta, VideoGamesMeta, OptionalWeeklyCardMeta, DarkLegionChallengeMeta, NewSevenLoginMeta

[147/764] chat_skin
  FAILED - System.InvalidOperationException: Multiple generated Meta types accept item set FibMatrix.Config.IntIdMetaSet: UIPreloadMeta, JumpMeta, SettingsMeta, TaskAchievementGroupMeta, TaskAchievementMeta, TaskAchievementTabMeta, ActivityPointMissionMeta, ActivityRaidMeta, CardRaidMeta, CrossActivityMeta, ActivityNewMeta, ActivityHeroAchievementMeta, ActivityDropMeta, ActivityDispathHeroMeta, AllianceMobilizationMeta, AllianceMobilizationRewardMeta, VideoGamesMeta, OptionalWeeklyCardMeta, DarkLegionChallengeMeta, NewSevenLoginMeta

[148/764] chinese_holidays
  FAILED - System.InvalidOperationException: Multiple generated Meta types accept item set FibMatrix.Config.IntIdMetaSet: UIPreloadMeta, JumpMeta, SettingsMeta, TaskAchievementGroupMeta, TaskAchievementMeta, TaskAchievementTabMeta, ActivityPointMissionMeta, ActivityRaidMeta, CardRaidMeta, CrossActivityMeta, ActivityNewMeta, ActivityHeroAchievementMeta, ActivityDropMeta, ActivityDispathHeroMeta, AllianceMobilizationMeta, AllianceMobilizationRewardMeta, VideoGamesMeta, OptionalWeeklyCardMeta, DarkLegionChallengeMeta, NewSevenLoginMeta

[149/764] citybuilding
  FAILED - System.IndexOutOfRangeException: Index was outside the bounds of the array.

[150/764] citybuilding_bubble
  FAILED - System.InvalidOperationException: Multiple generated Meta types accept item set FibMatrix.Config.IntIdMetaSet: UIPreloadMeta, JumpMeta, SettingsMeta, TaskAchievementGroupMeta, TaskAchievementMeta, TaskAchievementTabMeta, ActivityPointMissionMeta, ActivityRaidMeta, CardRaidMeta, CrossActivityMeta, ActivityNewMeta, ActivityHeroAchievementMeta, ActivityDropMeta, ActivityDispathHeroMeta, AllianceMobilizationMeta, AllianceMobilizationRewardMeta, VideoGamesMeta, OptionalWeeklyCardMeta, DarkLegionChallengeMeta, NewSevenLoginMeta

[151/764] citybuilding_compensation
  FAILED - System.InvalidOperationException: Multiple generated Meta types accept item set FibMatrix.Config.IntIdMetaSet: UIPreloadMeta, JumpMeta, SettingsMeta, TaskAchievementGroupMeta, TaskAchievementMeta, TaskAchievementTabMeta, ActivityPointMissionMeta, ActivityRaidMeta, CardRaidMeta, CrossActivityMeta, ActivityNewMeta, ActivityHeroAchievementMeta, ActivityDropMeta, ActivityDispathHeroMeta, AllianceMobilizationMeta, AllianceMobilizationRewardMeta, VideoGamesMeta, OptionalWeeklyCardMeta, DarkLegionChallengeMeta, NewSevenLoginMeta

[152/764] citybuilding_DIY
  OK - 434 rows - CitybuildingDIYMeta

[153/764] citybuilding_DIY_property
  OK - 4,430 rows - CitybuildingDIYPropertyMeta

[154/764] citybuilding_DIY_skill
  OK - 54 rows - CitybuildingDIYSkillMeta

[155/764] citybuilding_DIY_suit
  OK - 50 rows - CitybuildingDIYSuitMeta

[156/764] citybuilding_DIY_suit_property
  OK - 296 rows - CitybuildingDIYSuitPropertyMeta

[157/764] citybuilding_DIY_switch
  FAILED - System.InvalidOperationException: Multiple generated Meta types accept item set FibMatrix.Config.IntIdMetaSet: UIPreloadMeta, JumpMeta, SettingsMeta, TaskAchievementGroupMeta, TaskAchievementMeta, TaskAchievementTabMeta, ActivityPointMissionMeta, ActivityRaidMeta, CardRaidMeta, CrossActivityMeta, ActivityNewMeta, ActivityHeroAchievementMeta, ActivityDropMeta, ActivityDispathHeroMeta, AllianceMobilizationMeta, AllianceMobilizationRewardMeta, VideoGamesMeta, OptionalWeeklyCardMeta, DarkLegionChallengeMeta, NewSevenLoginMeta

[158/764] citybuilding_function
  OK - 5 rows - CitybuildingFunctionMeta

[159/764] citybuilding_guidebook
  OK - 49 rows - CitybuildingGuidebookMeta

[160/764] citybuilding_lvup
  OK - 7,698 rows - CitybuildingLvupMeta

[161/764] citybuilding_lvup_new
  OK - 7,757 rows - CitybuildingLvupNewMeta

[162/764] citybuilding_road
  FAILED - System.InvalidOperationException: Multiple generated Meta types accept item set FibMatrix.Config.IntIdMetaSet: UIPreloadMeta, JumpMeta, SettingsMeta, TaskAchievementGroupMeta, TaskAchievementMeta, TaskAchievementTabMeta, ActivityPointMissionMeta, ActivityRaidMeta, CardRaidMeta, CrossActivityMeta, ActivityNewMeta, ActivityHeroAchievementMeta, ActivityDropMeta, ActivityDispathHeroMeta, AllianceMobilizationMeta, AllianceMobilizationRewardMeta, VideoGamesMeta, OptionalWeeklyCardMeta, DarkLegionChallengeMeta, NewSevenLoginMeta

[163/764] citybuilding_skin
  FAILED - System.InvalidOperationException: Multiple generated Meta types accept item set FibMatrix.Config.IntIdMetaSet: UIPreloadMeta, JumpMeta, SettingsMeta, TaskAchievementGroupMeta, TaskAchievementMeta, TaskAchievementTabMeta, ActivityPointMissionMeta, ActivityRaidMeta, CardRaidMeta, CrossActivityMeta, ActivityNewMeta, ActivityHeroAchievementMeta, ActivityDropMeta, ActivityDispathHeroMeta, AllianceMobilizationMeta, AllianceMobilizationRewardMeta, VideoGamesMeta, OptionalWeeklyCardMeta, DarkLegionChallengeMeta, NewSevenLoginMeta

[164/764] citybuilding_skin_suit
  FAILED - System.InvalidOperationException: Multiple generated Meta types accept item set FibMatrix.Config.IntIdMetaSet: UIPreloadMeta, JumpMeta, SettingsMeta, TaskAchievementGroupMeta, TaskAchievementMeta, TaskAchievementTabMeta, ActivityPointMissionMeta, ActivityRaidMeta, CardRaidMeta, CrossActivityMeta, ActivityNewMeta, ActivityHeroAchievementMeta, ActivityDropMeta, ActivityDispathHeroMeta, AllianceMobilizationMeta, AllianceMobilizationRewardMeta, VideoGamesMeta, OptionalWeeklyCardMeta, DarkLegionChallengeMeta, NewSevenLoginMeta

[165/764] citybuild_civilization_hall
  OK - 71 rows - CitybuildCivilizationHallMeta

[166/764] citybuild_kingdom_sword
  OK - 82 rows - CitybuildKingdomSwordMeta

[167/764] citybuild_production
  OK - 20 rows - CitybuildProductionMeta

[168/764] citybuild_war_center
  OK - 56 rows - CitybuildWarCenterMeta

[169/764] citysettings
  FAILED - System.InvalidOperationException: Multiple generated Meta types accept item set FibMatrix.Config.StringIdMetaSet: UIPreloadMeta, JumpMeta, SettingsMeta, TaskAchievementGroupMeta, TaskAchievementMeta, TaskAchievementTabMeta, ActivityPointMissionMeta, ActivityRaidMeta, CardRaidMeta, CrossActivityMeta, ActivityNewMeta, ActivityHeroAchievementMeta, ActivityDropMeta, ActivityDispathHeroMeta, AllianceMobilizationMeta, AllianceMobilizationRewardMeta, VideoGamesMeta, OptionalWeeklyCardMeta, DarkLegionChallengeMeta, NewSevenLoginMeta

[170/764] collection_detail
  FAILED - System.InvalidOperationException: Multiple generated Meta types accept item set FibMatrix.Config.IntIdMetaSet: UIPreloadMeta, JumpMeta, SettingsMeta, TaskAchievementGroupMeta, TaskAchievementMeta, TaskAchievementTabMeta, ActivityPointMissionMeta, ActivityRaidMeta, CardRaidMeta, CrossActivityMeta, ActivityNewMeta, ActivityHeroAchievementMeta, ActivityDropMeta, ActivityDispathHeroMeta, AllianceMobilizationMeta, AllianceMobilizationRewardMeta, VideoGamesMeta, OptionalWeeklyCardMeta, DarkLegionChallengeMeta, NewSevenLoginMeta

[171/764] collection_refresh
  FAILED - System.InvalidOperationException: Multiple generated Meta types accept item set FibMatrix.Config.IntIdMetaSet: UIPreloadMeta, JumpMeta, SettingsMeta, TaskAchievementGroupMeta, TaskAchievementMeta, TaskAchievementTabMeta, ActivityPointMissionMeta, ActivityRaidMeta, CardRaidMeta, CrossActivityMeta, ActivityNewMeta, ActivityHeroAchievementMeta, ActivityDropMeta, ActivityDispathHeroMeta, AllianceMobilizationMeta, AllianceMobilizationRewardMeta, VideoGamesMeta, OptionalWeeklyCardMeta, DarkLegionChallengeMeta, NewSevenLoginMeta

[172/764] collection_theme_milestone
  FAILED - System.InvalidOperationException: Multiple generated Meta types accept item set FibMatrix.Config.IntIdMetaSet: UIPreloadMeta, JumpMeta, SettingsMeta, TaskAchievementGroupMeta, TaskAchievementMeta, TaskAchievementTabMeta, ActivityPointMissionMeta, ActivityRaidMeta, CardRaidMeta, CrossActivityMeta, ActivityNewMeta, ActivityHeroAchievementMeta, ActivityDropMeta, ActivityDispathHeroMeta, AllianceMobilizationMeta, AllianceMobilizationRewardMeta, VideoGamesMeta, OptionalWeeklyCardMeta, DarkLegionChallengeMeta, NewSevenLoginMeta

[173/764] concert_lottery
  FAILED - System.InvalidOperationException: Multiple generated Meta types accept item set FibMatrix.Config.IntIdMetaSet: UIPreloadMeta, JumpMeta, SettingsMeta, TaskAchievementGroupMeta, TaskAchievementMeta, TaskAchievementTabMeta, ActivityPointMissionMeta, ActivityRaidMeta, CardRaidMeta, CrossActivityMeta, ActivityNewMeta, ActivityHeroAchievementMeta, ActivityDropMeta, ActivityDispathHeroMeta, AllianceMobilizationMeta, AllianceMobilizationRewardMeta, VideoGamesMeta, OptionalWeeklyCardMeta, DarkLegionChallengeMeta, NewSevenLoginMeta

[174/764] concert_lottery_groupreward
  FAILED - System.InvalidOperationException: Multiple generated Meta types accept item set FibMatrix.Config.IntIdMetaSet: UIPreloadMeta, JumpMeta, SettingsMeta, TaskAchievementGroupMeta, TaskAchievementMeta, TaskAchievementTabMeta, ActivityPointMissionMeta, ActivityRaidMeta, CardRaidMeta, CrossActivityMeta, ActivityNewMeta, ActivityHeroAchievementMeta, ActivityDropMeta, ActivityDispathHeroMeta, AllianceMobilizationMeta, AllianceMobilizationRewardMeta, VideoGamesMeta, OptionalWeeklyCardMeta, DarkLegionChallengeMeta, NewSevenLoginMeta

[175/764] cooking_master
  FAILED - System.InvalidOperationException: Multiple generated Meta types accept item set FibMatrix.Config.IntIdMetaSet: UIPreloadMeta, JumpMeta, SettingsMeta, TaskAchievementGroupMeta, TaskAchievementMeta, TaskAchievementTabMeta, ActivityPointMissionMeta, ActivityRaidMeta, CardRaidMeta, CrossActivityMeta, ActivityNewMeta, ActivityHeroAchievementMeta, ActivityDropMeta, ActivityDispathHeroMeta, AllianceMobilizationMeta, AllianceMobilizationRewardMeta, VideoGamesMeta, OptionalWeeklyCardMeta, DarkLegionChallengeMeta, NewSevenLoginMeta

[176/764] cooking_master_dish
  FAILED - System.InvalidOperationException: Multiple generated Meta types accept item set FibMatrix.Config.IntIdMetaSet: UIPreloadMeta, JumpMeta, SettingsMeta, TaskAchievementGroupMeta, TaskAchievementMeta, TaskAchievementTabMeta, ActivityPointMissionMeta, ActivityRaidMeta, CardRaidMeta, CrossActivityMeta, ActivityNewMeta, ActivityHeroAchievementMeta, ActivityDropMeta, ActivityDispathHeroMeta, AllianceMobilizationMeta, AllianceMobilizationRewardMeta, VideoGamesMeta, OptionalWeeklyCardMeta, DarkLegionChallengeMeta, NewSevenLoginMeta

[177/764] country_currency_mapping
  OK - 250 rows - CountryCurrencyMappingMeta

[178/764] crossover_skin_sale
  FAILED - System.InvalidOperationException: Multiple generated Meta types accept item set FibMatrix.Config.IntIdMetaSet: UIPreloadMeta, JumpMeta, SettingsMeta, TaskAchievementGroupMeta, TaskAchievementMeta, TaskAchievementTabMeta, ActivityPointMissionMeta, ActivityRaidMeta, CardRaidMeta, CrossActivityMeta, ActivityNewMeta, ActivityHeroAchievementMeta, ActivityDropMeta, ActivityDispathHeroMeta, AllianceMobilizationMeta, AllianceMobilizationRewardMeta, VideoGamesMeta, OptionalWeeklyCardMeta, DarkLegionChallengeMeta, NewSevenLoginMeta

[179/764] crossover_warmup
  FAILED - System.InvalidOperationException: Multiple generated Meta types accept item set FibMatrix.Config.IntIdMetaSet: UIPreloadMeta, JumpMeta, SettingsMeta, TaskAchievementGroupMeta, TaskAchievementMeta, TaskAchievementTabMeta, ActivityPointMissionMeta, ActivityRaidMeta, CardRaidMeta, CrossActivityMeta, ActivityNewMeta, ActivityHeroAchievementMeta, ActivityDropMeta, ActivityDispathHeroMeta, AllianceMobilizationMeta, AllianceMobilizationRewardMeta, VideoGamesMeta, OptionalWeeklyCardMeta, DarkLegionChallengeMeta, NewSevenLoginMeta

[180/764] crossover_warmup_rader
  FAILED - System.InvalidOperationException: Multiple generated Meta types accept item set FibMatrix.Config.IntIdMetaSet: UIPreloadMeta, JumpMeta, SettingsMeta, TaskAchievementGroupMeta, TaskAchievementMeta, TaskAchievementTabMeta, ActivityPointMissionMeta, ActivityRaidMeta, CardRaidMeta, CrossActivityMeta, ActivityNewMeta, ActivityHeroAchievementMeta, ActivityDropMeta, ActivityDispathHeroMeta, AllianceMobilizationMeta, AllianceMobilizationRewardMeta, VideoGamesMeta, OptionalWeeklyCardMeta, DarkLegionChallengeMeta, NewSevenLoginMeta

[181/764] cross_activity
  OK - 12 rows - CrossActivityMeta

[182/764] dark_legion_challenge
  OK - 24 rows - DarkLegionChallengeMeta

[183/764] debuff_server_group
  FAILED - System.InvalidOperationException: Multiple generated Meta types accept item set FibMatrix.Config.IntIdMetaSet: UIPreloadMeta, JumpMeta, SettingsMeta, TaskAchievementGroupMeta, TaskAchievementMeta, TaskAchievementTabMeta, ActivityPointMissionMeta, ActivityRaidMeta, CardRaidMeta, CrossActivityMeta, ActivityNewMeta, ActivityHeroAchievementMeta, ActivityDropMeta, ActivityDispathHeroMeta, AllianceMobilizationMeta, AllianceMobilizationRewardMeta, VideoGamesMeta, OptionalWeeklyCardMeta, DarkLegionChallengeMeta, NewSevenLoginMeta

[184/764] development
  OK - 428 rows - DevelopmentMeta

[185/764] dialog
  OK - 100 rows - DialogMeta

[186/764] dice
  OK - 58 rows - DiceMeta

[187/764] dig_treasure
  OK - 100 rows - DigTreasureMeta

[188/764] dig_treasure_refresh
  OK - 6 rows - DigTreasureRefreshMeta

[189/764] dispath_group
  FAILED - System.InvalidOperationException: Multiple generated Meta types accept item set FibMatrix.Config.IntIdMetaSet: UIPreloadMeta, JumpMeta, SettingsMeta, TaskAchievementGroupMeta, TaskAchievementMeta, TaskAchievementTabMeta, ActivityPointMissionMeta, ActivityRaidMeta, CardRaidMeta, CrossActivityMeta, ActivityNewMeta, ActivityHeroAchievementMeta, ActivityDropMeta, ActivityDispathHeroMeta, AllianceMobilizationMeta, AllianceMobilizationRewardMeta, VideoGamesMeta, OptionalWeeklyCardMeta, DarkLegionChallengeMeta, NewSevenLoginMeta

[190/764] dispath_hero
  OK - 25 rows - DispathHeroMeta

[191/764] dragon_preview_gift
  FAILED - System.InvalidOperationException: Multiple generated Meta types accept item set FibMatrix.Config.IntIdMetaSet: UIPreloadMeta, JumpMeta, SettingsMeta, TaskAchievementGroupMeta, TaskAchievementMeta, TaskAchievementTabMeta, ActivityPointMissionMeta, ActivityRaidMeta, CardRaidMeta, CrossActivityMeta, ActivityNewMeta, ActivityHeroAchievementMeta, ActivityDropMeta, ActivityDispathHeroMeta, AllianceMobilizationMeta, AllianceMobilizationRewardMeta, VideoGamesMeta, OptionalWeeklyCardMeta, DarkLegionChallengeMeta, NewSevenLoginMeta

[192/764] drop_monster_boss
  FAILED - System.InvalidOperationException: Multiple generated Meta types accept item set FibMatrix.Config.IntIdMetaSet: UIPreloadMeta, JumpMeta, SettingsMeta, TaskAchievementGroupMeta, TaskAchievementMeta, TaskAchievementTabMeta, ActivityPointMissionMeta, ActivityRaidMeta, CardRaidMeta, CrossActivityMeta, ActivityNewMeta, ActivityHeroAchievementMeta, ActivityDropMeta, ActivityDispathHeroMeta, AllianceMobilizationMeta, AllianceMobilizationRewardMeta, VideoGamesMeta, OptionalWeeklyCardMeta, DarkLegionChallengeMeta, NewSevenLoginMeta

[193/764] drop_monster_param
  FAILED - System.InvalidOperationException: Multiple generated Meta types accept item set FibMatrix.Config.IntIdMetaSet: UIPreloadMeta, JumpMeta, SettingsMeta, TaskAchievementGroupMeta, TaskAchievementMeta, TaskAchievementTabMeta, ActivityPointMissionMeta, ActivityRaidMeta, CardRaidMeta, CrossActivityMeta, ActivityNewMeta, ActivityHeroAchievementMeta, ActivityDropMeta, ActivityDispathHeroMeta, AllianceMobilizationMeta, AllianceMobilizationRewardMeta, VideoGamesMeta, OptionalWeeklyCardMeta, DarkLegionChallengeMeta, NewSevenLoginMeta

[194/764] drop_monster_power
  FAILED - System.InvalidOperationException: Multiple generated Meta types accept item set FibMatrix.Config.IntIdMetaSet: UIPreloadMeta, JumpMeta, SettingsMeta, TaskAchievementGroupMeta, TaskAchievementMeta, TaskAchievementTabMeta, ActivityPointMissionMeta, ActivityRaidMeta, CardRaidMeta, CrossActivityMeta, ActivityNewMeta, ActivityHeroAchievementMeta, ActivityDropMeta, ActivityDispathHeroMeta, AllianceMobilizationMeta, AllianceMobilizationRewardMeta, VideoGamesMeta, OptionalWeeklyCardMeta, DarkLegionChallengeMeta, NewSevenLoginMeta

[195/764] drop_monster_setting
  FAILED - System.InvalidOperationException: Multiple generated Meta types accept item set FibMatrix.Config.IntIdMetaSet: UIPreloadMeta, JumpMeta, SettingsMeta, TaskAchievementGroupMeta, TaskAchievementMeta, TaskAchievementTabMeta, ActivityPointMissionMeta, ActivityRaidMeta, CardRaidMeta, CrossActivityMeta, ActivityNewMeta, ActivityHeroAchievementMeta, ActivityDropMeta, ActivityDispathHeroMeta, AllianceMobilizationMeta, AllianceMobilizationRewardMeta, VideoGamesMeta, OptionalWeeklyCardMeta, DarkLegionChallengeMeta, NewSevenLoginMeta

[196/764] effect
  FAILED - System.InvalidOperationException: Multiple generated Meta types accept item set FibMatrix.Config.IntIdMetaSet: UIPreloadMeta, JumpMeta, SettingsMeta, TaskAchievementGroupMeta, TaskAchievementMeta, TaskAchievementTabMeta, ActivityPointMissionMeta, ActivityRaidMeta, CardRaidMeta, CrossActivityMeta, ActivityNewMeta, ActivityHeroAchievementMeta, ActivityDropMeta, ActivityDispathHeroMeta, AllianceMobilizationMeta, AllianceMobilizationRewardMeta, VideoGamesMeta, OptionalWeeklyCardMeta, DarkLegionChallengeMeta, NewSevenLoginMeta

[197/764] elf_food
  FAILED - System.InvalidOperationException: Multiple generated Meta types accept item set FibMatrix.Config.IntIdMetaSet: UIPreloadMeta, JumpMeta, SettingsMeta, TaskAchievementGroupMeta, TaskAchievementMeta, TaskAchievementTabMeta, ActivityPointMissionMeta, ActivityRaidMeta, CardRaidMeta, CrossActivityMeta, ActivityNewMeta, ActivityHeroAchievementMeta, ActivityDropMeta, ActivityDispathHeroMeta, AllianceMobilizationMeta, AllianceMobilizationRewardMeta, VideoGamesMeta, OptionalWeeklyCardMeta, DarkLegionChallengeMeta, NewSevenLoginMeta

[198/764] elf_lvup
  FAILED - System.InvalidOperationException: Multiple generated Meta types accept item set FibMatrix.Config.IntIdMetaSet: UIPreloadMeta, JumpMeta, SettingsMeta, TaskAchievementGroupMeta, TaskAchievementMeta, TaskAchievementTabMeta, ActivityPointMissionMeta, ActivityRaidMeta, CardRaidMeta, CrossActivityMeta, ActivityNewMeta, ActivityHeroAchievementMeta, ActivityDropMeta, ActivityDispathHeroMeta, AllianceMobilizationMeta, AllianceMobilizationRewardMeta, VideoGamesMeta, OptionalWeeklyCardMeta, DarkLegionChallengeMeta, NewSevenLoginMeta

[199/764] elf_reward
  FAILED - System.InvalidOperationException: Multiple generated Meta types accept item set FibMatrix.Config.IntIdMetaSet: UIPreloadMeta, JumpMeta, SettingsMeta, TaskAchievementGroupMeta, TaskAchievementMeta, TaskAchievementTabMeta, ActivityPointMissionMeta, ActivityRaidMeta, CardRaidMeta, CrossActivityMeta, ActivityNewMeta, ActivityHeroAchievementMeta, ActivityDropMeta, ActivityDispathHeroMeta, AllianceMobilizationMeta, AllianceMobilizationRewardMeta, VideoGamesMeta, OptionalWeeklyCardMeta, DarkLegionChallengeMeta, NewSevenLoginMeta

[200/764] elf_season_desc
  FAILED - System.InvalidOperationException: Multiple generated Meta types accept item set FibMatrix.Config.IntIdMetaSet: UIPreloadMeta, JumpMeta, SettingsMeta, TaskAchievementGroupMeta, TaskAchievementMeta, TaskAchievementTabMeta, ActivityPointMissionMeta, ActivityRaidMeta, CardRaidMeta, CrossActivityMeta, ActivityNewMeta, ActivityHeroAchievementMeta, ActivityDropMeta, ActivityDispathHeroMeta, AllianceMobilizationMeta, AllianceMobilizationRewardMeta, VideoGamesMeta, OptionalWeeklyCardMeta, DarkLegionChallengeMeta, NewSevenLoginMeta

[201/764] elf_skin
  FAILED - System.InvalidOperationException: Multiple generated Meta types accept item set FibMatrix.Config.IntIdMetaSet: UIPreloadMeta, JumpMeta, SettingsMeta, TaskAchievementGroupMeta, TaskAchievementMeta, TaskAchievementTabMeta, ActivityPointMissionMeta, ActivityRaidMeta, CardRaidMeta, CrossActivityMeta, ActivityNewMeta, ActivityHeroAchievementMeta, ActivityDropMeta, ActivityDispathHeroMeta, AllianceMobilizationMeta, AllianceMobilizationRewardMeta, VideoGamesMeta, OptionalWeeklyCardMeta, DarkLegionChallengeMeta, NewSevenLoginMeta

[202/764] elf_task
  FAILED - System.InvalidOperationException: Multiple generated Meta types accept item set FibMatrix.Config.IntIdMetaSet: UIPreloadMeta, JumpMeta, SettingsMeta, TaskAchievementGroupMeta, TaskAchievementMeta, TaskAchievementTabMeta, ActivityPointMissionMeta, ActivityRaidMeta, CardRaidMeta, CrossActivityMeta, ActivityNewMeta, ActivityHeroAchievementMeta, ActivityDropMeta, ActivityDispathHeroMeta, AllianceMobilizationMeta, AllianceMobilizationRewardMeta, VideoGamesMeta, OptionalWeeklyCardMeta, DarkLegionChallengeMeta, NewSevenLoginMeta

[203/764] elf_task_person
  FAILED - System.InvalidOperationException: Multiple generated Meta types accept item set FibMatrix.Config.IntIdMetaSet: UIPreloadMeta, JumpMeta, SettingsMeta, TaskAchievementGroupMeta, TaskAchievementMeta, TaskAchievementTabMeta, ActivityPointMissionMeta, ActivityRaidMeta, CardRaidMeta, CrossActivityMeta, ActivityNewMeta, ActivityHeroAchievementMeta, ActivityDropMeta, ActivityDispathHeroMeta, AllianceMobilizationMeta, AllianceMobilizationRewardMeta, VideoGamesMeta, OptionalWeeklyCardMeta, DarkLegionChallengeMeta, NewSevenLoginMeta

[204/764] elf_unlockfunc
  FAILED - System.InvalidOperationException: Multiple generated Meta types accept item set FibMatrix.Config.IntIdMetaSet: UIPreloadMeta, JumpMeta, SettingsMeta, TaskAchievementGroupMeta, TaskAchievementMeta, TaskAchievementTabMeta, ActivityPointMissionMeta, ActivityRaidMeta, CardRaidMeta, CrossActivityMeta, ActivityNewMeta, ActivityHeroAchievementMeta, ActivityDropMeta, ActivityDispathHeroMeta, AllianceMobilizationMeta, AllianceMobilizationRewardMeta, VideoGamesMeta, OptionalWeeklyCardMeta, DarkLegionChallengeMeta, NewSevenLoginMeta

[205/764] env_rescue
  FAILED - System.InvalidOperationException: Multiple generated Meta types accept item set FibMatrix.Config.IntIdMetaSet: UIPreloadMeta, JumpMeta, SettingsMeta, TaskAchievementGroupMeta, TaskAchievementMeta, TaskAchievementTabMeta, ActivityPointMissionMeta, ActivityRaidMeta, CardRaidMeta, CrossActivityMeta, ActivityNewMeta, ActivityHeroAchievementMeta, ActivityDropMeta, ActivityDispathHeroMeta, AllianceMobilizationMeta, AllianceMobilizationRewardMeta, VideoGamesMeta, OptionalWeeklyCardMeta, DarkLegionChallengeMeta, NewSevenLoginMeta

[206/764] env_rescue_position
  FAILED - System.InvalidOperationException: Multiple generated Meta types accept item set FibMatrix.Config.IntIdMetaSet: UIPreloadMeta, JumpMeta, SettingsMeta, TaskAchievementGroupMeta, TaskAchievementMeta, TaskAchievementTabMeta, ActivityPointMissionMeta, ActivityRaidMeta, CardRaidMeta, CrossActivityMeta, ActivityNewMeta, ActivityHeroAchievementMeta, ActivityDropMeta, ActivityDispathHeroMeta, AllianceMobilizationMeta, AllianceMobilizationRewardMeta, VideoGamesMeta, OptionalWeeklyCardMeta, DarkLegionChallengeMeta, NewSevenLoginMeta

[207/764] env_state
  FAILED - System.InvalidOperationException: Multiple generated Meta types accept item set FibMatrix.Config.IntIdMetaSet: UIPreloadMeta, JumpMeta, SettingsMeta, TaskAchievementGroupMeta, TaskAchievementMeta, TaskAchievementTabMeta, ActivityPointMissionMeta, ActivityRaidMeta, CardRaidMeta, CrossActivityMeta, ActivityNewMeta, ActivityHeroAchievementMeta, ActivityDropMeta, ActivityDispathHeroMeta, AllianceMobilizationMeta, AllianceMobilizationRewardMeta, VideoGamesMeta, OptionalWeeklyCardMeta, DarkLegionChallengeMeta, NewSevenLoginMeta

[208/764] env_system
  FAILED - System.InvalidOperationException: Multiple generated Meta types accept item set FibMatrix.Config.IntIdMetaSet: UIPreloadMeta, JumpMeta, SettingsMeta, TaskAchievementGroupMeta, TaskAchievementMeta, TaskAchievementTabMeta, ActivityPointMissionMeta, ActivityRaidMeta, CardRaidMeta, CrossActivityMeta, ActivityNewMeta, ActivityHeroAchievementMeta, ActivityDropMeta, ActivityDispathHeroMeta, AllianceMobilizationMeta, AllianceMobilizationRewardMeta, VideoGamesMeta, OptionalWeeklyCardMeta, DarkLegionChallengeMeta, NewSevenLoginMeta

[209/764] equipment
  OK - 2,561 rows - EquipmentMeta

[210/764] equipment_break
  OK - 698 rows - EquipmentBreakMeta

[211/764] equipment_build
  OK - 186 rows - EquipmentBuildMeta

[212/764] equipment_entry
  OK - 40 rows - EquipmentEntryMeta

[213/764] equipment_make_level
  OK - 40 rows - EquipmentMakeLevelMeta

[214/764] equipment_master
  OK - 28 rows - EquipmentMasterMeta

[215/764] equipment_material
  OK - 5 rows - EquipmentMaterialMeta

[216/764] equipment_new
  OK - 111 rows - EquipmentNewMeta

[217/764] equipment_random
  FAILED - System.InvalidOperationException: Multiple generated Meta types accept item set FibMatrix.Config.IntIdMetaSet: UIPreloadMeta, JumpMeta, SettingsMeta, TaskAchievementGroupMeta, TaskAchievementMeta, TaskAchievementTabMeta, ActivityPointMissionMeta, ActivityRaidMeta, CardRaidMeta, CrossActivityMeta, ActivityNewMeta, ActivityHeroAchievementMeta, ActivityDropMeta, ActivityDispathHeroMeta, AllianceMobilizationMeta, AllianceMobilizationRewardMeta, VideoGamesMeta, OptionalWeeklyCardMeta, DarkLegionChallengeMeta, NewSevenLoginMeta

[218/764] equipment_slot
  OK - 4 rows - EquipmentSlotMeta

[219/764] equipment_star_up
  OK - 3,360 rows - EquipmentStarUpMeta

[220/764] equipment_suit
  OK - 77 rows - EquipmentSuitMeta

[221/764] equipment_suit_attribute
  FAILED - System.InvalidOperationException: Multiple generated Meta types accept item set FibMatrix.Config.IntIdMetaSet: UIPreloadMeta, JumpMeta, SettingsMeta, TaskAchievementGroupMeta, TaskAchievementMeta, TaskAchievementTabMeta, ActivityPointMissionMeta, ActivityRaidMeta, CardRaidMeta, CrossActivityMeta, ActivityNewMeta, ActivityHeroAchievementMeta, ActivityDropMeta, ActivityDispathHeroMeta, AllianceMobilizationMeta, AllianceMobilizationRewardMeta, VideoGamesMeta, OptionalWeeklyCardMeta, DarkLegionChallengeMeta, NewSevenLoginMeta

[222/764] equipment_suit_bond
  FAILED - System.InvalidOperationException: Multiple generated Meta types accept item set FibMatrix.Config.IntIdMetaSet: UIPreloadMeta, JumpMeta, SettingsMeta, TaskAchievementGroupMeta, TaskAchievementMeta, TaskAchievementTabMeta, ActivityPointMissionMeta, ActivityRaidMeta, CardRaidMeta, CrossActivityMeta, ActivityNewMeta, ActivityHeroAchievementMeta, ActivityDropMeta, ActivityDispathHeroMeta, AllianceMobilizationMeta, AllianceMobilizationRewardMeta, VideoGamesMeta, OptionalWeeklyCardMeta, DarkLegionChallengeMeta, NewSevenLoginMeta

[223/764] equipment_suit_group
  FAILED - System.InvalidOperationException: Multiple generated Meta types accept item set FibMatrix.Config.IntIdMetaSet: UIPreloadMeta, JumpMeta, SettingsMeta, TaskAchievementGroupMeta, TaskAchievementMeta, TaskAchievementTabMeta, ActivityPointMissionMeta, ActivityRaidMeta, CardRaidMeta, CrossActivityMeta, ActivityNewMeta, ActivityHeroAchievementMeta, ActivityDropMeta, ActivityDispathHeroMeta, AllianceMobilizationMeta, AllianceMobilizationRewardMeta, VideoGamesMeta, OptionalWeeklyCardMeta, DarkLegionChallengeMeta, NewSevenLoginMeta

[224/764] equipment_suit_refine
  FAILED - System.InvalidOperationException: Multiple generated Meta types accept item set FibMatrix.Config.IntIdMetaSet: UIPreloadMeta, JumpMeta, SettingsMeta, TaskAchievementGroupMeta, TaskAchievementMeta, TaskAchievementTabMeta, ActivityPointMissionMeta, ActivityRaidMeta, CardRaidMeta, CrossActivityMeta, ActivityNewMeta, ActivityHeroAchievementMeta, ActivityDropMeta, ActivityDispathHeroMeta, AllianceMobilizationMeta, AllianceMobilizationRewardMeta, VideoGamesMeta, OptionalWeeklyCardMeta, DarkLegionChallengeMeta, NewSevenLoginMeta

[225/764] equipment_synthesize
  FAILED - System.InvalidOperationException: Multiple generated Meta types accept item set FibMatrix.Config.IntIdMetaSet: UIPreloadMeta, JumpMeta, SettingsMeta, TaskAchievementGroupMeta, TaskAchievementMeta, TaskAchievementTabMeta, ActivityPointMissionMeta, ActivityRaidMeta, CardRaidMeta, CrossActivityMeta, ActivityNewMeta, ActivityHeroAchievementMeta, ActivityDropMeta, ActivityDispathHeroMeta, AllianceMobilizationMeta, AllianceMobilizationRewardMeta, VideoGamesMeta, OptionalWeeklyCardMeta, DarkLegionChallengeMeta, NewSevenLoginMeta

[226/764] equipment_upgrade
  OK - 12 rows - EquipmentUpgradeMeta

[227/764] equipstarfix
  FAILED - System.InvalidOperationException: Multiple generated Meta types accept item set FibMatrix.Config.IntIdMetaSet: UIPreloadMeta, JumpMeta, SettingsMeta, TaskAchievementGroupMeta, TaskAchievementMeta, TaskAchievementTabMeta, ActivityPointMissionMeta, ActivityRaidMeta, CardRaidMeta, CrossActivityMeta, ActivityNewMeta, ActivityHeroAchievementMeta, ActivityDropMeta, ActivityDispathHeroMeta, AllianceMobilizationMeta, AllianceMobilizationRewardMeta, VideoGamesMeta, OptionalWeeklyCardMeta, DarkLegionChallengeMeta, NewSevenLoginMeta

[228/764] equip_setting
  FAILED - System.InvalidOperationException: Multiple generated Meta types accept item set FibMatrix.Config.StringIdMetaSet: UIPreloadMeta, JumpMeta, SettingsMeta, TaskAchievementGroupMeta, TaskAchievementMeta, TaskAchievementTabMeta, ActivityPointMissionMeta, ActivityRaidMeta, CardRaidMeta, CrossActivityMeta, ActivityNewMeta, ActivityHeroAchievementMeta, ActivityDropMeta, ActivityDispathHeroMeta, AllianceMobilizationMeta, AllianceMobilizationRewardMeta, VideoGamesMeta, OptionalWeeklyCardMeta, DarkLegionChallengeMeta, NewSevenLoginMeta

[229/764] exchange
  OK - 19,332 rows - ExchangeMeta

[230/764] exchange_direct
  OK - 15 rows - ExchangeDirectMeta

[231/764] exchange_first
  OK - 116 rows - ExchangeFirstMeta

[232/764] exchange_first_bg
  FAILED - System.InvalidOperationException: Multiple generated Meta types accept item set FibMatrix.Config.IntIdMetaSet: UIPreloadMeta, JumpMeta, SettingsMeta, TaskAchievementGroupMeta, TaskAchievementMeta, TaskAchievementTabMeta, ActivityPointMissionMeta, ActivityRaidMeta, CardRaidMeta, CrossActivityMeta, ActivityNewMeta, ActivityHeroAchievementMeta, ActivityDropMeta, ActivityDispathHeroMeta, AllianceMobilizationMeta, AllianceMobilizationRewardMeta, VideoGamesMeta, OptionalWeeklyCardMeta, DarkLegionChallengeMeta, NewSevenLoginMeta

[233/764] exchange_groupbuying
  FAILED - System.InvalidOperationException: Multiple generated Meta types accept item set FibMatrix.Config.IntIdMetaSet: UIPreloadMeta, JumpMeta, SettingsMeta, TaskAchievementGroupMeta, TaskAchievementMeta, TaskAchievementTabMeta, ActivityPointMissionMeta, ActivityRaidMeta, CardRaidMeta, CrossActivityMeta, ActivityNewMeta, ActivityHeroAchievementMeta, ActivityDropMeta, ActivityDispathHeroMeta, AllianceMobilizationMeta, AllianceMobilizationRewardMeta, VideoGamesMeta, OptionalWeeklyCardMeta, DarkLegionChallengeMeta, NewSevenLoginMeta

[234/764] exchange_payid
  OK - 41 rows - ExchangePayidMeta

[235/764] exchange_push
  FAILED - System.InvalidOperationException: Multiple generated Meta types accept item set FibMatrix.Config.IntIdMetaSet: UIPreloadMeta, JumpMeta, SettingsMeta, TaskAchievementGroupMeta, TaskAchievementMeta, TaskAchievementTabMeta, ActivityPointMissionMeta, ActivityRaidMeta, CardRaidMeta, CrossActivityMeta, ActivityNewMeta, ActivityHeroAchievementMeta, ActivityDropMeta, ActivityDispathHeroMeta, AllianceMobilizationMeta, AllianceMobilizationRewardMeta, VideoGamesMeta, OptionalWeeklyCardMeta, DarkLegionChallengeMeta, NewSevenLoginMeta

[236/764] exchange_special_reward
  FAILED - System.InvalidOperationException: Multiple generated Meta types accept item set FibMatrix.Config.IntIdMetaSet: UIPreloadMeta, JumpMeta, SettingsMeta, TaskAchievementGroupMeta, TaskAchievementMeta, TaskAchievementTabMeta, ActivityPointMissionMeta, ActivityRaidMeta, CardRaidMeta, CrossActivityMeta, ActivityNewMeta, ActivityHeroAchievementMeta, ActivityDropMeta, ActivityDispathHeroMeta, AllianceMobilizationMeta, AllianceMobilizationRewardMeta, VideoGamesMeta, OptionalWeeklyCardMeta, DarkLegionChallengeMeta, NewSevenLoginMeta

[237/764] exclusive_break
  FAILED - System.InvalidOperationException: Multiple generated Meta types accept item set FibMatrix.Config.IntIdMetaSet: UIPreloadMeta, JumpMeta, SettingsMeta, TaskAchievementGroupMeta, TaskAchievementMeta, TaskAchievementTabMeta, ActivityPointMissionMeta, ActivityRaidMeta, CardRaidMeta, CrossActivityMeta, ActivityNewMeta, ActivityHeroAchievementMeta, ActivityDropMeta, ActivityDispathHeroMeta, AllianceMobilizationMeta, AllianceMobilizationRewardMeta, VideoGamesMeta, OptionalWeeklyCardMeta, DarkLegionChallengeMeta, NewSevenLoginMeta

[238/764] exclusive_lvup
  OK - 700 rows - ExclusiveLvupMeta

[239/764] faction_level
  FAILED - System.InvalidOperationException: Multiple generated Meta types accept item set FibMatrix.Config.IntIdMetaSet: UIPreloadMeta, JumpMeta, SettingsMeta, TaskAchievementGroupMeta, TaskAchievementMeta, TaskAchievementTabMeta, ActivityPointMissionMeta, ActivityRaidMeta, CardRaidMeta, CrossActivityMeta, ActivityNewMeta, ActivityHeroAchievementMeta, ActivityDropMeta, ActivityDispathHeroMeta, AllianceMobilizationMeta, AllianceMobilizationRewardMeta, VideoGamesMeta, OptionalWeeklyCardMeta, DarkLegionChallengeMeta, NewSevenLoginMeta

[240/764] festival_sign
  FAILED - System.InvalidOperationException: Multiple generated Meta types accept item set FibMatrix.Config.IntIdMetaSet: UIPreloadMeta, JumpMeta, SettingsMeta, TaskAchievementGroupMeta, TaskAchievementMeta, TaskAchievementTabMeta, ActivityPointMissionMeta, ActivityRaidMeta, CardRaidMeta, CrossActivityMeta, ActivityNewMeta, ActivityHeroAchievementMeta, ActivityDropMeta, ActivityDispathHeroMeta, AllianceMobilizationMeta, AllianceMobilizationRewardMeta, VideoGamesMeta, OptionalWeeklyCardMeta, DarkLegionChallengeMeta, NewSevenLoginMeta

[241/764] fightsettings
  FAILED - System.InvalidOperationException: Multiple generated Meta types accept item set FibMatrix.Config.StringIdMetaSet: UIPreloadMeta, JumpMeta, SettingsMeta, TaskAchievementGroupMeta, TaskAchievementMeta, TaskAchievementTabMeta, ActivityPointMissionMeta, ActivityRaidMeta, CardRaidMeta, CrossActivityMeta, ActivityNewMeta, ActivityHeroAchievementMeta, ActivityDropMeta, ActivityDispathHeroMeta, AllianceMobilizationMeta, AllianceMobilizationRewardMeta, VideoGamesMeta, OptionalWeeklyCardMeta, DarkLegionChallengeMeta, NewSevenLoginMeta

[242/764] fight_curve
  OK - 8 rows - FightCurveMeta

[243/764] fight_force_ratio
  OK - 1 rows - FightForceRatioMeta

[244/764] fight_type
  OK - 63 rows - FightTypeMeta

[245/764] firepot_idle_reward
  OK - 450 rows - FirepotIdleRewardMeta

[246/764] firepot_quick_raid
  OK - 6 rows - FirepotQuickRaidMeta

[247/764] fish
  FAILED - System.InvalidOperationException: Multiple generated Meta types accept item set FibMatrix.Config.IntIdMetaSet: UIPreloadMeta, JumpMeta, SettingsMeta, TaskAchievementGroupMeta, TaskAchievementMeta, TaskAchievementTabMeta, ActivityPointMissionMeta, ActivityRaidMeta, CardRaidMeta, CrossActivityMeta, ActivityNewMeta, ActivityHeroAchievementMeta, ActivityDropMeta, ActivityDispathHeroMeta, AllianceMobilizationMeta, AllianceMobilizationRewardMeta, VideoGamesMeta, OptionalWeeklyCardMeta, DarkLegionChallengeMeta, NewSevenLoginMeta

[248/764] fish_food
  FAILED - System.InvalidOperationException: Multiple generated Meta types accept item set FibMatrix.Config.IntIdMetaSet: UIPreloadMeta, JumpMeta, SettingsMeta, TaskAchievementGroupMeta, TaskAchievementMeta, TaskAchievementTabMeta, ActivityPointMissionMeta, ActivityRaidMeta, CardRaidMeta, CrossActivityMeta, ActivityNewMeta, ActivityHeroAchievementMeta, ActivityDropMeta, ActivityDispathHeroMeta, AllianceMobilizationMeta, AllianceMobilizationRewardMeta, VideoGamesMeta, OptionalWeeklyCardMeta, DarkLegionChallengeMeta, NewSevenLoginMeta

[249/764] fish_fry
  FAILED - System.InvalidOperationException: Multiple generated Meta types accept item set FibMatrix.Config.IntIdMetaSet: UIPreloadMeta, JumpMeta, SettingsMeta, TaskAchievementGroupMeta, TaskAchievementMeta, TaskAchievementTabMeta, ActivityPointMissionMeta, ActivityRaidMeta, CardRaidMeta, CrossActivityMeta, ActivityNewMeta, ActivityHeroAchievementMeta, ActivityDropMeta, ActivityDispathHeroMeta, AllianceMobilizationMeta, AllianceMobilizationRewardMeta, VideoGamesMeta, OptionalWeeklyCardMeta, DarkLegionChallengeMeta, NewSevenLoginMeta

[250/764] fish_tank
  FAILED - System.InvalidOperationException: Multiple generated Meta types accept item set FibMatrix.Config.IntIdMetaSet: UIPreloadMeta, JumpMeta, SettingsMeta, TaskAchievementGroupMeta, TaskAchievementMeta, TaskAchievementTabMeta, ActivityPointMissionMeta, ActivityRaidMeta, CardRaidMeta, CrossActivityMeta, ActivityNewMeta, ActivityHeroAchievementMeta, ActivityDropMeta, ActivityDispathHeroMeta, AllianceMobilizationMeta, AllianceMobilizationRewardMeta, VideoGamesMeta, OptionalWeeklyCardMeta, DarkLegionChallengeMeta, NewSevenLoginMeta

[251/764] flower_server
  FAILED - System.InvalidOperationException: Multiple generated Meta types accept item set FibMatrix.Config.IntIdMetaSet: UIPreloadMeta, JumpMeta, SettingsMeta, TaskAchievementGroupMeta, TaskAchievementMeta, TaskAchievementTabMeta, ActivityPointMissionMeta, ActivityRaidMeta, CardRaidMeta, CrossActivityMeta, ActivityNewMeta, ActivityHeroAchievementMeta, ActivityDropMeta, ActivityDispathHeroMeta, AllianceMobilizationMeta, AllianceMobilizationRewardMeta, VideoGamesMeta, OptionalWeeklyCardMeta, DarkLegionChallengeMeta, NewSevenLoginMeta

[252/764] font_color
  FAILED - System.InvalidOperationException: Multiple generated Meta types accept item set FibMatrix.Config.IntIdMetaSet: UIPreloadMeta, JumpMeta, SettingsMeta, TaskAchievementGroupMeta, TaskAchievementMeta, TaskAchievementTabMeta, ActivityPointMissionMeta, ActivityRaidMeta, CardRaidMeta, CrossActivityMeta, ActivityNewMeta, ActivityHeroAchievementMeta, ActivityDropMeta, ActivityDispathHeroMeta, AllianceMobilizationMeta, AllianceMobilizationRewardMeta, VideoGamesMeta, OptionalWeeklyCardMeta, DarkLegionChallengeMeta, NewSevenLoginMeta

[253/764] form_banner
  OK - 6 rows - FormBannerMeta

[254/764] fort_league
  FAILED - System.InvalidOperationException: Multiple generated Meta types accept item set FibMatrix.Config.IntIdMetaSet: UIPreloadMeta, JumpMeta, SettingsMeta, TaskAchievementGroupMeta, TaskAchievementMeta, TaskAchievementTabMeta, ActivityPointMissionMeta, ActivityRaidMeta, CardRaidMeta, CrossActivityMeta, ActivityNewMeta, ActivityHeroAchievementMeta, ActivityDropMeta, ActivityDispathHeroMeta, AllianceMobilizationMeta, AllianceMobilizationRewardMeta, VideoGamesMeta, OptionalWeeklyCardMeta, DarkLegionChallengeMeta, NewSevenLoginMeta

[255/764] fort_raid
  FAILED - System.InvalidOperationException: Multiple generated Meta types accept item set FibMatrix.Config.IntIdMetaSet: UIPreloadMeta, JumpMeta, SettingsMeta, TaskAchievementGroupMeta, TaskAchievementMeta, TaskAchievementTabMeta, ActivityPointMissionMeta, ActivityRaidMeta, CardRaidMeta, CrossActivityMeta, ActivityNewMeta, ActivityHeroAchievementMeta, ActivityDropMeta, ActivityDispathHeroMeta, AllianceMobilizationMeta, AllianceMobilizationRewardMeta, VideoGamesMeta, OptionalWeeklyCardMeta, DarkLegionChallengeMeta, NewSevenLoginMeta

[256/764] fort_raid_coordinate
  FAILED - System.InvalidOperationException: Multiple generated Meta types accept item set FibMatrix.Config.IntIdMetaSet: UIPreloadMeta, JumpMeta, SettingsMeta, TaskAchievementGroupMeta, TaskAchievementMeta, TaskAchievementTabMeta, ActivityPointMissionMeta, ActivityRaidMeta, CardRaidMeta, CrossActivityMeta, ActivityNewMeta, ActivityHeroAchievementMeta, ActivityDropMeta, ActivityDispathHeroMeta, AllianceMobilizationMeta, AllianceMobilizationRewardMeta, VideoGamesMeta, OptionalWeeklyCardMeta, DarkLegionChallengeMeta, NewSevenLoginMeta

[257/764] fort_raid_event
  FAILED - System.InvalidOperationException: Multiple generated Meta types accept item set FibMatrix.Config.IntIdMetaSet: UIPreloadMeta, JumpMeta, SettingsMeta, TaskAchievementGroupMeta, TaskAchievementMeta, TaskAchievementTabMeta, ActivityPointMissionMeta, ActivityRaidMeta, CardRaidMeta, CrossActivityMeta, ActivityNewMeta, ActivityHeroAchievementMeta, ActivityDropMeta, ActivityDispathHeroMeta, AllianceMobilizationMeta, AllianceMobilizationRewardMeta, VideoGamesMeta, OptionalWeeklyCardMeta, DarkLegionChallengeMeta, NewSevenLoginMeta

[258/764] fort_raid_group
  FAILED - System.InvalidOperationException: Multiple generated Meta types accept item set FibMatrix.Config.IntIdMetaSet: UIPreloadMeta, JumpMeta, SettingsMeta, TaskAchievementGroupMeta, TaskAchievementMeta, TaskAchievementTabMeta, ActivityPointMissionMeta, ActivityRaidMeta, CardRaidMeta, CrossActivityMeta, ActivityNewMeta, ActivityHeroAchievementMeta, ActivityDropMeta, ActivityDispathHeroMeta, AllianceMobilizationMeta, AllianceMobilizationRewardMeta, VideoGamesMeta, OptionalWeeklyCardMeta, DarkLegionChallengeMeta, NewSevenLoginMeta

[259/764] fort_raid_map
  FAILED - System.InvalidOperationException: Multiple generated Meta types accept item set FibMatrix.Config.IntIdMetaSet: UIPreloadMeta, JumpMeta, SettingsMeta, TaskAchievementGroupMeta, TaskAchievementMeta, TaskAchievementTabMeta, ActivityPointMissionMeta, ActivityRaidMeta, CardRaidMeta, CrossActivityMeta, ActivityNewMeta, ActivityHeroAchievementMeta, ActivityDropMeta, ActivityDispathHeroMeta, AllianceMobilizationMeta, AllianceMobilizationRewardMeta, VideoGamesMeta, OptionalWeeklyCardMeta, DarkLegionChallengeMeta, NewSevenLoginMeta

[260/764] fort_skill
  FAILED - System.InvalidOperationException: Multiple generated Meta types accept item set FibMatrix.Config.IntIdMetaSet: UIPreloadMeta, JumpMeta, SettingsMeta, TaskAchievementGroupMeta, TaskAchievementMeta, TaskAchievementTabMeta, ActivityPointMissionMeta, ActivityRaidMeta, CardRaidMeta, CrossActivityMeta, ActivityNewMeta, ActivityHeroAchievementMeta, ActivityDropMeta, ActivityDispathHeroMeta, AllianceMobilizationMeta, AllianceMobilizationRewardMeta, VideoGamesMeta, OptionalWeeklyCardMeta, DarkLegionChallengeMeta, NewSevenLoginMeta

[261/764] friend
  FAILED - System.InvalidOperationException: Multiple generated Meta types accept item set FibMatrix.Config.IntIdMetaSet: UIPreloadMeta, JumpMeta, SettingsMeta, TaskAchievementGroupMeta, TaskAchievementMeta, TaskAchievementTabMeta, ActivityPointMissionMeta, ActivityRaidMeta, CardRaidMeta, CrossActivityMeta, ActivityNewMeta, ActivityHeroAchievementMeta, ActivityDropMeta, ActivityDispathHeroMeta, AllianceMobilizationMeta, AllianceMobilizationRewardMeta, VideoGamesMeta, OptionalWeeklyCardMeta, DarkLegionChallengeMeta, NewSevenLoginMeta

[262/764] friend_icon
  FAILED - System.InvalidOperationException: Multiple generated Meta types accept item set FibMatrix.Config.IntIdMetaSet: UIPreloadMeta, JumpMeta, SettingsMeta, TaskAchievementGroupMeta, TaskAchievementMeta, TaskAchievementTabMeta, ActivityPointMissionMeta, ActivityRaidMeta, CardRaidMeta, CrossActivityMeta, ActivityNewMeta, ActivityHeroAchievementMeta, ActivityDropMeta, ActivityDispathHeroMeta, AllianceMobilizationMeta, AllianceMobilizationRewardMeta, VideoGamesMeta, OptionalWeeklyCardMeta, DarkLegionChallengeMeta, NewSevenLoginMeta

[263/764] function
  OK - 107 rows - FunctionMeta

[264/764] fund
  OK - 204 rows - FundMeta

[265/764] funtap_goldblock
  FAILED - System.InvalidOperationException: Multiple generated Meta types accept item set FibMatrix.Config.IntIdMetaSet: UIPreloadMeta, JumpMeta, SettingsMeta, TaskAchievementGroupMeta, TaskAchievementMeta, TaskAchievementTabMeta, ActivityPointMissionMeta, ActivityRaidMeta, CardRaidMeta, CrossActivityMeta, ActivityNewMeta, ActivityHeroAchievementMeta, ActivityDropMeta, ActivityDispathHeroMeta, AllianceMobilizationMeta, AllianceMobilizationRewardMeta, VideoGamesMeta, OptionalWeeklyCardMeta, DarkLegionChallengeMeta, NewSevenLoginMeta

[266/764] gacha
  FAILED - System.InvalidOperationException: Multiple generated Meta types accept item set FibMatrix.Config.IntIdMetaSet: UIPreloadMeta, JumpMeta, SettingsMeta, TaskAchievementGroupMeta, TaskAchievementMeta, TaskAchievementTabMeta, ActivityPointMissionMeta, ActivityRaidMeta, CardRaidMeta, CrossActivityMeta, ActivityNewMeta, ActivityHeroAchievementMeta, ActivityDropMeta, ActivityDispathHeroMeta, AllianceMobilizationMeta, AllianceMobilizationRewardMeta, VideoGamesMeta, OptionalWeeklyCardMeta, DarkLegionChallengeMeta, NewSevenLoginMeta

[267/764] gacha_activity
  FAILED - System.InvalidOperationException: Multiple generated Meta types accept item set FibMatrix.Config.IntIdMetaSet: UIPreloadMeta, JumpMeta, SettingsMeta, TaskAchievementGroupMeta, TaskAchievementMeta, TaskAchievementTabMeta, ActivityPointMissionMeta, ActivityRaidMeta, CardRaidMeta, CrossActivityMeta, ActivityNewMeta, ActivityHeroAchievementMeta, ActivityDropMeta, ActivityDispathHeroMeta, AllianceMobilizationMeta, AllianceMobilizationRewardMeta, VideoGamesMeta, OptionalWeeklyCardMeta, DarkLegionChallengeMeta, NewSevenLoginMeta

[268/764] gacha_b
  OK - 3 rows - GachabMeta

[269/764] gacha_c
  OK - 2 rows - GachaCMeta

[270/764] gacha_cost
  FAILED - System.InvalidOperationException: Multiple generated Meta types accept item set FibMatrix.Config.IntIdMetaSet: UIPreloadMeta, JumpMeta, SettingsMeta, TaskAchievementGroupMeta, TaskAchievementMeta, TaskAchievementTabMeta, ActivityPointMissionMeta, ActivityRaidMeta, CardRaidMeta, CrossActivityMeta, ActivityNewMeta, ActivityHeroAchievementMeta, ActivityDropMeta, ActivityDispathHeroMeta, AllianceMobilizationMeta, AllianceMobilizationRewardMeta, VideoGamesMeta, OptionalWeeklyCardMeta, DarkLegionChallengeMeta, NewSevenLoginMeta

[271/764] gacha_guarantee
  FAILED - System.InvalidOperationException: Multiple generated Meta types accept item set FibMatrix.Config.IntIdMetaSet: UIPreloadMeta, JumpMeta, SettingsMeta, TaskAchievementGroupMeta, TaskAchievementMeta, TaskAchievementTabMeta, ActivityPointMissionMeta, ActivityRaidMeta, CardRaidMeta, CrossActivityMeta, ActivityNewMeta, ActivityHeroAchievementMeta, ActivityDropMeta, ActivityDispathHeroMeta, AllianceMobilizationMeta, AllianceMobilizationRewardMeta, VideoGamesMeta, OptionalWeeklyCardMeta, DarkLegionChallengeMeta, NewSevenLoginMeta

[272/764] gacha_level
  OK - 54 rows - GachaLevelMeta

[273/764] gacha_luck
  FAILED - System.InvalidOperationException: Multiple generated Meta types accept item set FibMatrix.Config.IntIdMetaSet: UIPreloadMeta, JumpMeta, SettingsMeta, TaskAchievementGroupMeta, TaskAchievementMeta, TaskAchievementTabMeta, ActivityPointMissionMeta, ActivityRaidMeta, CardRaidMeta, CrossActivityMeta, ActivityNewMeta, ActivityHeroAchievementMeta, ActivityDropMeta, ActivityDispathHeroMeta, AllianceMobilizationMeta, AllianceMobilizationRewardMeta, VideoGamesMeta, OptionalWeeklyCardMeta, DarkLegionChallengeMeta, NewSevenLoginMeta

[274/764] gacha_luck_pool
  FAILED - System.InvalidOperationException: Multiple generated Meta types accept item set FibMatrix.Config.IntIdMetaSet: UIPreloadMeta, JumpMeta, SettingsMeta, TaskAchievementGroupMeta, TaskAchievementMeta, TaskAchievementTabMeta, ActivityPointMissionMeta, ActivityRaidMeta, CardRaidMeta, CrossActivityMeta, ActivityNewMeta, ActivityHeroAchievementMeta, ActivityDropMeta, ActivityDispathHeroMeta, AllianceMobilizationMeta, AllianceMobilizationRewardMeta, VideoGamesMeta, OptionalWeeklyCardMeta, DarkLegionChallengeMeta, NewSevenLoginMeta

[275/764] gacha_preview
  OK - 240 rows - GachaPreviewMeta

[276/764] gacha_preview_c
  OK - 55 rows - GachaPreviewCMeta

[277/764] gacha_preview_group
  OK - 23 rows - GachaPreviewGroupMeta

[278/764] gacha_random
  FAILED - System.InvalidOperationException: Multiple generated Meta types accept item set FibMatrix.Config.IntIdMetaSet: UIPreloadMeta, JumpMeta, SettingsMeta, TaskAchievementGroupMeta, TaskAchievementMeta, TaskAchievementTabMeta, ActivityPointMissionMeta, ActivityRaidMeta, CardRaidMeta, CrossActivityMeta, ActivityNewMeta, ActivityHeroAchievementMeta, ActivityDropMeta, ActivityDispathHeroMeta, AllianceMobilizationMeta, AllianceMobilizationRewardMeta, VideoGamesMeta, OptionalWeeklyCardMeta, DarkLegionChallengeMeta, NewSevenLoginMeta

[279/764] gacha_random_c
  FAILED - System.InvalidOperationException: Multiple generated Meta types accept item set FibMatrix.Config.IntIdMetaSet: UIPreloadMeta, JumpMeta, SettingsMeta, TaskAchievementGroupMeta, TaskAchievementMeta, TaskAchievementTabMeta, ActivityPointMissionMeta, ActivityRaidMeta, CardRaidMeta, CrossActivityMeta, ActivityNewMeta, ActivityHeroAchievementMeta, ActivityDropMeta, ActivityDispathHeroMeta, AllianceMobilizationMeta, AllianceMobilizationRewardMeta, VideoGamesMeta, OptionalWeeklyCardMeta, DarkLegionChallengeMeta, NewSevenLoginMeta

[280/764] gacha_random_pool
  OK - 949 rows - GachaRandomPoolMeta

[281/764] gacha_villagers
  FAILED - System.InvalidOperationException: Multiple generated Meta types accept item set FibMatrix.Config.IntIdMetaSet: UIPreloadMeta, JumpMeta, SettingsMeta, TaskAchievementGroupMeta, TaskAchievementMeta, TaskAchievementTabMeta, ActivityPointMissionMeta, ActivityRaidMeta, CardRaidMeta, CrossActivityMeta, ActivityNewMeta, ActivityHeroAchievementMeta, ActivityDropMeta, ActivityDispathHeroMeta, AllianceMobilizationMeta, AllianceMobilizationRewardMeta, VideoGamesMeta, OptionalWeeklyCardMeta, DarkLegionChallengeMeta, NewSevenLoginMeta

[282/764] gamecenter_achievement
  FAILED - System.InvalidOperationException: Multiple generated Meta types accept item set FibMatrix.Config.IntIdMetaSet: UIPreloadMeta, JumpMeta, SettingsMeta, TaskAchievementGroupMeta, TaskAchievementMeta, TaskAchievementTabMeta, ActivityPointMissionMeta, ActivityRaidMeta, CardRaidMeta, CrossActivityMeta, ActivityNewMeta, ActivityHeroAchievementMeta, ActivityDropMeta, ActivityDispathHeroMeta, AllianceMobilizationMeta, AllianceMobilizationRewardMeta, VideoGamesMeta, OptionalWeeklyCardMeta, DarkLegionChallengeMeta, NewSevenLoginMeta

[283/764] gamecenter_rank
  FAILED - System.InvalidOperationException: Multiple generated Meta types accept item set FibMatrix.Config.IntIdMetaSet: UIPreloadMeta, JumpMeta, SettingsMeta, TaskAchievementGroupMeta, TaskAchievementMeta, TaskAchievementTabMeta, ActivityPointMissionMeta, ActivityRaidMeta, CardRaidMeta, CrossActivityMeta, ActivityNewMeta, ActivityHeroAchievementMeta, ActivityDropMeta, ActivityDispathHeroMeta, AllianceMobilizationMeta, AllianceMobilizationRewardMeta, VideoGamesMeta, OptionalWeeklyCardMeta, DarkLegionChallengeMeta, NewSevenLoginMeta

[284/764] gashapon
  OK - 556 rows - GashaponMeta

[285/764] gem_collection
  FAILED - System.InvalidOperationException: Multiple generated Meta types accept item set FibMatrix.Config.IntIdMetaSet: UIPreloadMeta, JumpMeta, SettingsMeta, TaskAchievementGroupMeta, TaskAchievementMeta, TaskAchievementTabMeta, ActivityPointMissionMeta, ActivityRaidMeta, CardRaidMeta, CrossActivityMeta, ActivityNewMeta, ActivityHeroAchievementMeta, ActivityDropMeta, ActivityDispathHeroMeta, AllianceMobilizationMeta, AllianceMobilizationRewardMeta, VideoGamesMeta, OptionalWeeklyCardMeta, DarkLegionChallengeMeta, NewSevenLoginMeta

[286/764] gift_login
  OK - 7 rows - GiftLoginMeta

[287/764] gift_rewardlist
  FAILED - System.InvalidOperationException: Multiple generated Meta types accept item set FibMatrix.Config.IntIdMetaSet: UIPreloadMeta, JumpMeta, SettingsMeta, TaskAchievementGroupMeta, TaskAchievementMeta, TaskAchievementTabMeta, ActivityPointMissionMeta, ActivityRaidMeta, CardRaidMeta, CrossActivityMeta, ActivityNewMeta, ActivityHeroAchievementMeta, ActivityDropMeta, ActivityDispathHeroMeta, AllianceMobilizationMeta, AllianceMobilizationRewardMeta, VideoGamesMeta, OptionalWeeklyCardMeta, DarkLegionChallengeMeta, NewSevenLoginMeta

[288/764] gift_rewardlist_item
  FAILED - System.InvalidOperationException: Multiple generated Meta types accept item set FibMatrix.Config.IntIdMetaSet: UIPreloadMeta, JumpMeta, SettingsMeta, TaskAchievementGroupMeta, TaskAchievementMeta, TaskAchievementTabMeta, ActivityPointMissionMeta, ActivityRaidMeta, CardRaidMeta, CrossActivityMeta, ActivityNewMeta, ActivityHeroAchievementMeta, ActivityDropMeta, ActivityDispathHeroMeta, AllianceMobilizationMeta, AllianceMobilizationRewardMeta, VideoGamesMeta, OptionalWeeklyCardMeta, DarkLegionChallengeMeta, NewSevenLoginMeta

[289/764] gm_aihelp_info
  FAILED - System.InvalidOperationException: Multiple generated Meta types accept item set FibMatrix.Config.IntIdMetaSet: UIPreloadMeta, JumpMeta, SettingsMeta, TaskAchievementGroupMeta, TaskAchievementMeta, TaskAchievementTabMeta, ActivityPointMissionMeta, ActivityRaidMeta, CardRaidMeta, CrossActivityMeta, ActivityNewMeta, ActivityHeroAchievementMeta, ActivityDropMeta, ActivityDispathHeroMeta, AllianceMobilizationMeta, AllianceMobilizationRewardMeta, VideoGamesMeta, OptionalWeeklyCardMeta, DarkLegionChallengeMeta, NewSevenLoginMeta

[290/764] gm_aliyun_translate
  FAILED - System.InvalidOperationException: Multiple generated Meta types accept item set FibMatrix.Config.StringIdMetaSet: UIPreloadMeta, JumpMeta, SettingsMeta, TaskAchievementGroupMeta, TaskAchievementMeta, TaskAchievementTabMeta, ActivityPointMissionMeta, ActivityRaidMeta, CardRaidMeta, CrossActivityMeta, ActivityNewMeta, ActivityHeroAchievementMeta, ActivityDropMeta, ActivityDispathHeroMeta, AllianceMobilizationMeta, AllianceMobilizationRewardMeta, VideoGamesMeta, OptionalWeeklyCardMeta, DarkLegionChallengeMeta, NewSevenLoginMeta

[291/764] gm_function
  FAILED - System.InvalidOperationException: Multiple generated Meta types accept item set FibMatrix.Config.IntIdMetaSet: UIPreloadMeta, JumpMeta, SettingsMeta, TaskAchievementGroupMeta, TaskAchievementMeta, TaskAchievementTabMeta, ActivityPointMissionMeta, ActivityRaidMeta, CardRaidMeta, CrossActivityMeta, ActivityNewMeta, ActivityHeroAchievementMeta, ActivityDropMeta, ActivityDispathHeroMeta, AllianceMobilizationMeta, AllianceMobilizationRewardMeta, VideoGamesMeta, OptionalWeeklyCardMeta, DarkLegionChallengeMeta, NewSevenLoginMeta

[292/764] gm_function_type
  FAILED - System.InvalidOperationException: Multiple generated Meta types accept item set FibMatrix.Config.IntIdMetaSet: UIPreloadMeta, JumpMeta, SettingsMeta, TaskAchievementGroupMeta, TaskAchievementMeta, TaskAchievementTabMeta, ActivityPointMissionMeta, ActivityRaidMeta, CardRaidMeta, CrossActivityMeta, ActivityNewMeta, ActivityHeroAchievementMeta, ActivityDropMeta, ActivityDispathHeroMeta, AllianceMobilizationMeta, AllianceMobilizationRewardMeta, VideoGamesMeta, OptionalWeeklyCardMeta, DarkLegionChallengeMeta, NewSevenLoginMeta

[293/764] gm_permission
  FAILED - System.InvalidOperationException: Multiple generated Meta types accept item set FibMatrix.Config.IntIdMetaSet: UIPreloadMeta, JumpMeta, SettingsMeta, TaskAchievementGroupMeta, TaskAchievementMeta, TaskAchievementTabMeta, ActivityPointMissionMeta, ActivityRaidMeta, CardRaidMeta, CrossActivityMeta, ActivityNewMeta, ActivityHeroAchievementMeta, ActivityDropMeta, ActivityDispathHeroMeta, AllianceMobilizationMeta, AllianceMobilizationRewardMeta, VideoGamesMeta, OptionalWeeklyCardMeta, DarkLegionChallengeMeta, NewSevenLoginMeta

[294/764] gm_permission_type
  FAILED - System.InvalidOperationException: Multiple generated Meta types accept item set FibMatrix.Config.IntIdMetaSet: UIPreloadMeta, JumpMeta, SettingsMeta, TaskAchievementGroupMeta, TaskAchievementMeta, TaskAchievementTabMeta, ActivityPointMissionMeta, ActivityRaidMeta, CardRaidMeta, CrossActivityMeta, ActivityNewMeta, ActivityHeroAchievementMeta, ActivityDropMeta, ActivityDispathHeroMeta, AllianceMobilizationMeta, AllianceMobilizationRewardMeta, VideoGamesMeta, OptionalWeeklyCardMeta, DarkLegionChallengeMeta, NewSevenLoginMeta

[295/764] gm_settings
  FAILED - System.InvalidOperationException: Multiple generated Meta types accept item set FibMatrix.Config.StringIdMetaSet: UIPreloadMeta, JumpMeta, SettingsMeta, TaskAchievementGroupMeta, TaskAchievementMeta, TaskAchievementTabMeta, ActivityPointMissionMeta, ActivityRaidMeta, CardRaidMeta, CrossActivityMeta, ActivityNewMeta, ActivityHeroAchievementMeta, ActivityDropMeta, ActivityDispathHeroMeta, AllianceMobilizationMeta, AllianceMobilizationRewardMeta, VideoGamesMeta, OptionalWeeklyCardMeta, DarkLegionChallengeMeta, NewSevenLoginMeta

[296/764] goldblock_price_tier
  FAILED - System.InvalidOperationException: Multiple generated Meta types accept item set FibMatrix.Config.IntIdMetaSet: UIPreloadMeta, JumpMeta, SettingsMeta, TaskAchievementGroupMeta, TaskAchievementMeta, TaskAchievementTabMeta, ActivityPointMissionMeta, ActivityRaidMeta, CardRaidMeta, CrossActivityMeta, ActivityNewMeta, ActivityHeroAchievementMeta, ActivityDropMeta, ActivityDispathHeroMeta, AllianceMobilizationMeta, AllianceMobilizationRewardMeta, VideoGamesMeta, OptionalWeeklyCardMeta, DarkLegionChallengeMeta, NewSevenLoginMeta

[297/764] goldbrick_gift
  FAILED - System.InvalidOperationException: Multiple generated Meta types accept item set FibMatrix.Config.IntIdMetaSet: UIPreloadMeta, JumpMeta, SettingsMeta, TaskAchievementGroupMeta, TaskAchievementMeta, TaskAchievementTabMeta, ActivityPointMissionMeta, ActivityRaidMeta, CardRaidMeta, CrossActivityMeta, ActivityNewMeta, ActivityHeroAchievementMeta, ActivityDropMeta, ActivityDispathHeroMeta, AllianceMobilizationMeta, AllianceMobilizationRewardMeta, VideoGamesMeta, OptionalWeeklyCardMeta, DarkLegionChallengeMeta, NewSevenLoginMeta

[298/764] goldbrick_item_value
  FAILED - System.InvalidOperationException: Multiple generated Meta types accept item set FibMatrix.Config.IntIdMetaSet: UIPreloadMeta, JumpMeta, SettingsMeta, TaskAchievementGroupMeta, TaskAchievementMeta, TaskAchievementTabMeta, ActivityPointMissionMeta, ActivityRaidMeta, CardRaidMeta, CrossActivityMeta, ActivityNewMeta, ActivityHeroAchievementMeta, ActivityDropMeta, ActivityDispathHeroMeta, AllianceMobilizationMeta, AllianceMobilizationRewardMeta, VideoGamesMeta, OptionalWeeklyCardMeta, DarkLegionChallengeMeta, NewSevenLoginMeta

[299/764] goldbrick_payid
  OK - 42 rows - GoldbrickPayidMeta

[300/764] goldbrick_rate
  FAILED - System.InvalidOperationException: Multiple generated Meta types accept item set FibMatrix.Config.IntIdMetaSet: UIPreloadMeta, JumpMeta, SettingsMeta, TaskAchievementGroupMeta, TaskAchievementMeta, TaskAchievementTabMeta, ActivityPointMissionMeta, ActivityRaidMeta, CardRaidMeta, CrossActivityMeta, ActivityNewMeta, ActivityHeroAchievementMeta, ActivityDropMeta, ActivityDispathHeroMeta, AllianceMobilizationMeta, AllianceMobilizationRewardMeta, VideoGamesMeta, OptionalWeeklyCardMeta, DarkLegionChallengeMeta, NewSevenLoginMeta

[301/764] goldbrick_token_whitelist
  FAILED - System.InvalidOperationException: Multiple generated Meta types accept item set FibMatrix.Config.IntIdMetaSet: UIPreloadMeta, JumpMeta, SettingsMeta, TaskAchievementGroupMeta, TaskAchievementMeta, TaskAchievementTabMeta, ActivityPointMissionMeta, ActivityRaidMeta, CardRaidMeta, CrossActivityMeta, ActivityNewMeta, ActivityHeroAchievementMeta, ActivityDropMeta, ActivityDispathHeroMeta, AllianceMobilizationMeta, AllianceMobilizationRewardMeta, VideoGamesMeta, OptionalWeeklyCardMeta, DarkLegionChallengeMeta, NewSevenLoginMeta

[302/764] goods
  FAILED - System.ArgumentNullException: Value cannot be null.
Parameter name: key

[303/764] goods_compose
  FAILED - System.InvalidOperationException: Multiple generated Meta types accept item set FibMatrix.Config.IntIdMetaSet: UIPreloadMeta, JumpMeta, SettingsMeta, TaskAchievementGroupMeta, TaskAchievementMeta, TaskAchievementTabMeta, ActivityPointMissionMeta, ActivityRaidMeta, CardRaidMeta, CrossActivityMeta, ActivityNewMeta, ActivityHeroAchievementMeta, ActivityDropMeta, ActivityDispathHeroMeta, AllianceMobilizationMeta, AllianceMobilizationRewardMeta, VideoGamesMeta, OptionalWeeklyCardMeta, DarkLegionChallengeMeta, NewSevenLoginMeta

[304/764] goods_repay
  OK - 1,453 rows - GoodsRepayMeta

[305/764] guide
  FAILED - System.InvalidOperationException: Multiple generated Meta types accept item set FibMatrix.Config.IntIdMetaSet: UIPreloadMeta, JumpMeta, SettingsMeta, TaskAchievementGroupMeta, TaskAchievementMeta, TaskAchievementTabMeta, ActivityPointMissionMeta, ActivityRaidMeta, CardRaidMeta, CrossActivityMeta, ActivityNewMeta, ActivityHeroAchievementMeta, ActivityDropMeta, ActivityDispathHeroMeta, AllianceMobilizationMeta, AllianceMobilizationRewardMeta, VideoGamesMeta, OptionalWeeklyCardMeta, DarkLegionChallengeMeta, NewSevenLoginMeta

[306/764] guide2
  OK - 3 rows - Guide2Meta

[307/764] guidebook_reward
  OK - 161 rows - GuidebookRewardMeta

[308/764] guide_steplist
  OK - 15 rows - GuideSteplistMeta

[309/764] guild_calendar
  FAILED - System.InvalidOperationException: Multiple generated Meta types accept item set FibMatrix.Config.IntIdMetaSet: UIPreloadMeta, JumpMeta, SettingsMeta, TaskAchievementGroupMeta, TaskAchievementMeta, TaskAchievementTabMeta, ActivityPointMissionMeta, ActivityRaidMeta, CardRaidMeta, CrossActivityMeta, ActivityNewMeta, ActivityHeroAchievementMeta, ActivityDropMeta, ActivityDispathHeroMeta, AllianceMobilizationMeta, AllianceMobilizationRewardMeta, VideoGamesMeta, OptionalWeeklyCardMeta, DarkLegionChallengeMeta, NewSevenLoginMeta

[310/764] guild_goldbrick
  FAILED - System.InvalidOperationException: Multiple generated Meta types accept item set FibMatrix.Config.IntIdMetaSet: UIPreloadMeta, JumpMeta, SettingsMeta, TaskAchievementGroupMeta, TaskAchievementMeta, TaskAchievementTabMeta, ActivityPointMissionMeta, ActivityRaidMeta, CardRaidMeta, CrossActivityMeta, ActivityNewMeta, ActivityHeroAchievementMeta, ActivityDropMeta, ActivityDispathHeroMeta, AllianceMobilizationMeta, AllianceMobilizationRewardMeta, VideoGamesMeta, OptionalWeeklyCardMeta, DarkLegionChallengeMeta, NewSevenLoginMeta

[311/764] gvg5_rank
  FAILED - System.InvalidOperationException: Multiple generated Meta types accept item set FibMatrix.Config.IntIdMetaSet: UIPreloadMeta, JumpMeta, SettingsMeta, TaskAchievementGroupMeta, TaskAchievementMeta, TaskAchievementTabMeta, ActivityPointMissionMeta, ActivityRaidMeta, CardRaidMeta, CrossActivityMeta, ActivityNewMeta, ActivityHeroAchievementMeta, ActivityDropMeta, ActivityDispathHeroMeta, AllianceMobilizationMeta, AllianceMobilizationRewardMeta, VideoGamesMeta, OptionalWeeklyCardMeta, DarkLegionChallengeMeta, NewSevenLoginMeta

[312/764] gvg_building
  OK - 32 rows - GvgBuildingMeta

[313/764] gvg_cross_group
  FAILED - System.InvalidOperationException: Multiple generated Meta types accept item set FibMatrix.Config.IntIdMetaSet: UIPreloadMeta, JumpMeta, SettingsMeta, TaskAchievementGroupMeta, TaskAchievementMeta, TaskAchievementTabMeta, ActivityPointMissionMeta, ActivityRaidMeta, CardRaidMeta, CrossActivityMeta, ActivityNewMeta, ActivityHeroAchievementMeta, ActivityDropMeta, ActivityDispathHeroMeta, AllianceMobilizationMeta, AllianceMobilizationRewardMeta, VideoGamesMeta, OptionalWeeklyCardMeta, DarkLegionChallengeMeta, NewSevenLoginMeta

[314/764] gvg_rank
  OK - 6 rows - GvgRankMeta

[315/764] hatred_value
  FAILED - System.InvalidOperationException: Multiple generated Meta types accept item set FibMatrix.Config.IntIdMetaSet: UIPreloadMeta, JumpMeta, SettingsMeta, TaskAchievementGroupMeta, TaskAchievementMeta, TaskAchievementTabMeta, ActivityPointMissionMeta, ActivityRaidMeta, CardRaidMeta, CrossActivityMeta, ActivityNewMeta, ActivityHeroAchievementMeta, ActivityDropMeta, ActivityDispathHeroMeta, AllianceMobilizationMeta, AllianceMobilizationRewardMeta, VideoGamesMeta, OptionalWeeklyCardMeta, DarkLegionChallengeMeta, NewSevenLoginMeta

[316/764] head_unlock_jump
  FAILED - System.InvalidOperationException: Multiple generated Meta types accept item set FibMatrix.Config.IntIdMetaSet: UIPreloadMeta, JumpMeta, SettingsMeta, TaskAchievementGroupMeta, TaskAchievementMeta, TaskAchievementTabMeta, ActivityPointMissionMeta, ActivityRaidMeta, CardRaidMeta, CrossActivityMeta, ActivityNewMeta, ActivityHeroAchievementMeta, ActivityDropMeta, ActivityDispathHeroMeta, AllianceMobilizationMeta, AllianceMobilizationRewardMeta, VideoGamesMeta, OptionalWeeklyCardMeta, DarkLegionChallengeMeta, NewSevenLoginMeta

[317/764] hero
  FAILED - System.InvalidOperationException: Multiple generated Meta types accept item set FibMatrix.Config.IntIdMetaSet: UIPreloadMeta, JumpMeta, SettingsMeta, TaskAchievementGroupMeta, TaskAchievementMeta, TaskAchievementTabMeta, ActivityPointMissionMeta, ActivityRaidMeta, CardRaidMeta, CrossActivityMeta, ActivityNewMeta, ActivityHeroAchievementMeta, ActivityDropMeta, ActivityDispathHeroMeta, AllianceMobilizationMeta, AllianceMobilizationRewardMeta, VideoGamesMeta, OptionalWeeklyCardMeta, DarkLegionChallengeMeta, NewSevenLoginMeta

[318/764] hero_aura
  OK - 3 rows - HeroAuraMeta

[319/764] hero_awaken
  OK - 500 rows - HeroAwakenMeta

[320/764] hero_break
  OK - 1,140 rows - HeroBreakMeta

[321/764] hero_component
  OK - 1,738 rows - HeroComponentMeta

[322/764] hero_component_aura
  FAILED - System.InvalidOperationException: Multiple generated Meta types accept item set FibMatrix.Config.IntIdMetaSet: UIPreloadMeta, JumpMeta, SettingsMeta, TaskAchievementGroupMeta, TaskAchievementMeta, TaskAchievementTabMeta, ActivityPointMissionMeta, ActivityRaidMeta, CardRaidMeta, CrossActivityMeta, ActivityNewMeta, ActivityHeroAchievementMeta, ActivityDropMeta, ActivityDispathHeroMeta, AllianceMobilizationMeta, AllianceMobilizationRewardMeta, VideoGamesMeta, OptionalWeeklyCardMeta, DarkLegionChallengeMeta, NewSevenLoginMeta

[323/764] hero_component_lvup
  OK - 398 rows - HeroComponentLvupMeta

[324/764] hero_component_lvupcost
  OK - 24 rows - HeroComponentLvupcostMeta

[325/764] hero_detail
  FAILED - System.ArgumentException: An item with the same key has already been added.

[326/764] hero_exclusive
  OK - 35 rows - HeroExclusiveMeta

[327/764] hero_honor
  OK - 4 rows - HeroHonorMeta

[328/764] hero_honor_bonus
  OK - 225 rows - HeroHonorBonusMeta

[329/764] hero_level
  OK - 4,188 rows - HeroLevelMeta

[330/764] hero_level_soure
  FAILED - System.InvalidOperationException: Multiple generated Meta types accept item set FibMatrix.Config.IntIdMetaSet: UIPreloadMeta, JumpMeta, SettingsMeta, TaskAchievementGroupMeta, TaskAchievementMeta, TaskAchievementTabMeta, ActivityPointMissionMeta, ActivityRaidMeta, CardRaidMeta, CrossActivityMeta, ActivityNewMeta, ActivityHeroAchievementMeta, ActivityDropMeta, ActivityDispathHeroMeta, AllianceMobilizationMeta, AllianceMobilizationRewardMeta, VideoGamesMeta, OptionalWeeklyCardMeta, DarkLegionChallengeMeta, NewSevenLoginMeta

[331/764] hero_link
  OK - 39 rows - HeroLinkMeta

[332/764] hero_recommend
  OK - 17 rows - HeroRecommendMeta

[333/764] hero_skin
  OK - 166 rows - HeroSkinMeta

[334/764] hero_skin_suit
  FAILED - System.InvalidOperationException: Multiple generated Meta types accept item set FibMatrix.Config.IntIdMetaSet: UIPreloadMeta, JumpMeta, SettingsMeta, TaskAchievementGroupMeta, TaskAchievementMeta, TaskAchievementTabMeta, ActivityPointMissionMeta, ActivityRaidMeta, CardRaidMeta, CrossActivityMeta, ActivityNewMeta, ActivityHeroAchievementMeta, ActivityDropMeta, ActivityDispathHeroMeta, AllianceMobilizationMeta, AllianceMobilizationRewardMeta, VideoGamesMeta, OptionalWeeklyCardMeta, DarkLegionChallengeMeta, NewSevenLoginMeta

[335/764] hero_skin_voice
  FAILED - System.InvalidOperationException: Multiple generated Meta types accept item set FibMatrix.Config.IntIdMetaSet: UIPreloadMeta, JumpMeta, SettingsMeta, TaskAchievementGroupMeta, TaskAchievementMeta, TaskAchievementTabMeta, ActivityPointMissionMeta, ActivityRaidMeta, CardRaidMeta, CrossActivityMeta, ActivityNewMeta, ActivityHeroAchievementMeta, ActivityDropMeta, ActivityDispathHeroMeta, AllianceMobilizationMeta, AllianceMobilizationRewardMeta, VideoGamesMeta, OptionalWeeklyCardMeta, DarkLegionChallengeMeta, NewSevenLoginMeta

[336/764] hero_star
  OK - 4,332 rows - HeroStarMeta

[337/764] hero_talent
  OK - 208 rows - HeroTalentMeta

[338/764] hero_talent_group
  OK - 2,550 rows - HeroTalentGroupMeta

[339/764] hero_talent_new
  OK - 228 rows - HeroTalentNewMeta

[340/764] hero_talent_swap
  OK - 4 rows - HeroTalentSwapMeta

[341/764] hero_team
  OK - 56 rows - HeroTeamMeta

[342/764] hero_team_pos
  OK - 306 rows - HeroTeamPosMeta

[343/764] hero_valhalla
  FAILED - System.InvalidOperationException: Multiple generated Meta types accept item set FibMatrix.Config.IntIdMetaSet: UIPreloadMeta, JumpMeta, SettingsMeta, TaskAchievementGroupMeta, TaskAchievementMeta, TaskAchievementTabMeta, ActivityPointMissionMeta, ActivityRaidMeta, CardRaidMeta, CrossActivityMeta, ActivityNewMeta, ActivityHeroAchievementMeta, ActivityDropMeta, ActivityDispathHeroMeta, AllianceMobilizationMeta, AllianceMobilizationRewardMeta, VideoGamesMeta, OptionalWeeklyCardMeta, DarkLegionChallengeMeta, NewSevenLoginMeta

[344/764] hero_valhalla_lvup
  FAILED - System.InvalidOperationException: Multiple generated Meta types accept item set FibMatrix.Config.IntIdMetaSet: UIPreloadMeta, JumpMeta, SettingsMeta, TaskAchievementGroupMeta, TaskAchievementMeta, TaskAchievementTabMeta, ActivityPointMissionMeta, ActivityRaidMeta, CardRaidMeta, CrossActivityMeta, ActivityNewMeta, ActivityHeroAchievementMeta, ActivityDropMeta, ActivityDispathHeroMeta, AllianceMobilizationMeta, AllianceMobilizationRewardMeta, VideoGamesMeta, OptionalWeeklyCardMeta, DarkLegionChallengeMeta, NewSevenLoginMeta

[345/764] hero_voice
  OK - 56 rows - HeroVoiceMeta

[346/764] hero_welcome
  FAILED - System.InvalidOperationException: Multiple generated Meta types accept item set FibMatrix.Config.IntIdMetaSet: UIPreloadMeta, JumpMeta, SettingsMeta, TaskAchievementGroupMeta, TaskAchievementMeta, TaskAchievementTabMeta, ActivityPointMissionMeta, ActivityRaidMeta, CardRaidMeta, CrossActivityMeta, ActivityNewMeta, ActivityHeroAchievementMeta, ActivityDropMeta, ActivityDispathHeroMeta, AllianceMobilizationMeta, AllianceMobilizationRewardMeta, VideoGamesMeta, OptionalWeeklyCardMeta, DarkLegionChallengeMeta, NewSevenLoginMeta

[347/764] holybeast
  FAILED - System.InvalidOperationException: Multiple generated Meta types accept item set FibMatrix.Config.IntIdMetaSet: UIPreloadMeta, JumpMeta, SettingsMeta, TaskAchievementGroupMeta, TaskAchievementMeta, TaskAchievementTabMeta, ActivityPointMissionMeta, ActivityRaidMeta, CardRaidMeta, CrossActivityMeta, ActivityNewMeta, ActivityHeroAchievementMeta, ActivityDropMeta, ActivityDispathHeroMeta, AllianceMobilizationMeta, AllianceMobilizationRewardMeta, VideoGamesMeta, OptionalWeeklyCardMeta, DarkLegionChallengeMeta, NewSevenLoginMeta

[348/764] holybeast_level
  FAILED - System.InvalidOperationException: Multiple generated Meta types accept item set FibMatrix.Config.IntIdMetaSet: UIPreloadMeta, JumpMeta, SettingsMeta, TaskAchievementGroupMeta, TaskAchievementMeta, TaskAchievementTabMeta, ActivityPointMissionMeta, ActivityRaidMeta, CardRaidMeta, CrossActivityMeta, ActivityNewMeta, ActivityHeroAchievementMeta, ActivityDropMeta, ActivityDispathHeroMeta, AllianceMobilizationMeta, AllianceMobilizationRewardMeta, VideoGamesMeta, OptionalWeeklyCardMeta, DarkLegionChallengeMeta, NewSevenLoginMeta

[349/764] holybeast_return
  FAILED - System.InvalidOperationException: Multiple generated Meta types accept item set FibMatrix.Config.IntIdMetaSet: UIPreloadMeta, JumpMeta, SettingsMeta, TaskAchievementGroupMeta, TaskAchievementMeta, TaskAchievementTabMeta, ActivityPointMissionMeta, ActivityRaidMeta, CardRaidMeta, CrossActivityMeta, ActivityNewMeta, ActivityHeroAchievementMeta, ActivityDropMeta, ActivityDispathHeroMeta, AllianceMobilizationMeta, AllianceMobilizationRewardMeta, VideoGamesMeta, OptionalWeeklyCardMeta, DarkLegionChallengeMeta, NewSevenLoginMeta

[350/764] holybeast_star
  FAILED - System.InvalidOperationException: Multiple generated Meta types accept item set FibMatrix.Config.IntIdMetaSet: UIPreloadMeta, JumpMeta, SettingsMeta, TaskAchievementGroupMeta, TaskAchievementMeta, TaskAchievementTabMeta, ActivityPointMissionMeta, ActivityRaidMeta, CardRaidMeta, CrossActivityMeta, ActivityNewMeta, ActivityHeroAchievementMeta, ActivityDropMeta, ActivityDispathHeroMeta, AllianceMobilizationMeta, AllianceMobilizationRewardMeta, VideoGamesMeta, OptionalWeeklyCardMeta, DarkLegionChallengeMeta, NewSevenLoginMeta

[351/764] home_func
  FAILED - System.InvalidOperationException: Multiple generated Meta types accept item set FibMatrix.Config.IntIdMetaSet: UIPreloadMeta, JumpMeta, SettingsMeta, TaskAchievementGroupMeta, TaskAchievementMeta, TaskAchievementTabMeta, ActivityPointMissionMeta, ActivityRaidMeta, CardRaidMeta, CrossActivityMeta, ActivityNewMeta, ActivityHeroAchievementMeta, ActivityDropMeta, ActivityDispathHeroMeta, AllianceMobilizationMeta, AllianceMobilizationRewardMeta, VideoGamesMeta, OptionalWeeklyCardMeta, DarkLegionChallengeMeta, NewSevenLoginMeta

[352/764] horse_race_card
  FAILED - System.InvalidOperationException: Multiple generated Meta types accept item set FibMatrix.Config.IntIdMetaSet: UIPreloadMeta, JumpMeta, SettingsMeta, TaskAchievementGroupMeta, TaskAchievementMeta, TaskAchievementTabMeta, ActivityPointMissionMeta, ActivityRaidMeta, CardRaidMeta, CrossActivityMeta, ActivityNewMeta, ActivityHeroAchievementMeta, ActivityDropMeta, ActivityDispathHeroMeta, AllianceMobilizationMeta, AllianceMobilizationRewardMeta, VideoGamesMeta, OptionalWeeklyCardMeta, DarkLegionChallengeMeta, NewSevenLoginMeta

[353/764] horse_race_card_group
  FAILED - System.InvalidOperationException: Multiple generated Meta types accept item set FibMatrix.Config.IntIdMetaSet: UIPreloadMeta, JumpMeta, SettingsMeta, TaskAchievementGroupMeta, TaskAchievementMeta, TaskAchievementTabMeta, ActivityPointMissionMeta, ActivityRaidMeta, CardRaidMeta, CrossActivityMeta, ActivityNewMeta, ActivityHeroAchievementMeta, ActivityDropMeta, ActivityDispathHeroMeta, AllianceMobilizationMeta, AllianceMobilizationRewardMeta, VideoGamesMeta, OptionalWeeklyCardMeta, DarkLegionChallengeMeta, NewSevenLoginMeta

[354/764] horse_race_const
  FAILED - System.InvalidOperationException: Multiple generated Meta types accept item set FibMatrix.Config.StringIdMetaSet: UIPreloadMeta, JumpMeta, SettingsMeta, TaskAchievementGroupMeta, TaskAchievementMeta, TaskAchievementTabMeta, ActivityPointMissionMeta, ActivityRaidMeta, CardRaidMeta, CrossActivityMeta, ActivityNewMeta, ActivityHeroAchievementMeta, ActivityDropMeta, ActivityDispathHeroMeta, AllianceMobilizationMeta, AllianceMobilizationRewardMeta, VideoGamesMeta, OptionalWeeklyCardMeta, DarkLegionChallengeMeta, NewSevenLoginMeta

[355/764] horse_race_item_card
  FAILED - System.InvalidOperationException: Multiple generated Meta types accept item set FibMatrix.Config.IntIdMetaSet: UIPreloadMeta, JumpMeta, SettingsMeta, TaskAchievementGroupMeta, TaskAchievementMeta, TaskAchievementTabMeta, ActivityPointMissionMeta, ActivityRaidMeta, CardRaidMeta, CrossActivityMeta, ActivityNewMeta, ActivityHeroAchievementMeta, ActivityDropMeta, ActivityDispathHeroMeta, AllianceMobilizationMeta, AllianceMobilizationRewardMeta, VideoGamesMeta, OptionalWeeklyCardMeta, DarkLegionChallengeMeta, NewSevenLoginMeta

[356/764] horse_race_player_level
  FAILED - System.InvalidOperationException: Multiple generated Meta types accept item set FibMatrix.Config.IntIdMetaSet: UIPreloadMeta, JumpMeta, SettingsMeta, TaskAchievementGroupMeta, TaskAchievementMeta, TaskAchievementTabMeta, ActivityPointMissionMeta, ActivityRaidMeta, CardRaidMeta, CrossActivityMeta, ActivityNewMeta, ActivityHeroAchievementMeta, ActivityDropMeta, ActivityDispathHeroMeta, AllianceMobilizationMeta, AllianceMobilizationRewardMeta, VideoGamesMeta, OptionalWeeklyCardMeta, DarkLegionChallengeMeta, NewSevenLoginMeta

[357/764] horse_race_ride_attr
  FAILED - System.InvalidOperationException: Multiple generated Meta types accept item set FibMatrix.Config.IntIdMetaSet: UIPreloadMeta, JumpMeta, SettingsMeta, TaskAchievementGroupMeta, TaskAchievementMeta, TaskAchievementTabMeta, ActivityPointMissionMeta, ActivityRaidMeta, CardRaidMeta, CrossActivityMeta, ActivityNewMeta, ActivityHeroAchievementMeta, ActivityDropMeta, ActivityDispathHeroMeta, AllianceMobilizationMeta, AllianceMobilizationRewardMeta, VideoGamesMeta, OptionalWeeklyCardMeta, DarkLegionChallengeMeta, NewSevenLoginMeta

[358/764] horse_race_speed_buff
  FAILED - System.InvalidOperationException: Multiple generated Meta types accept item set FibMatrix.Config.IntIdMetaSet: UIPreloadMeta, JumpMeta, SettingsMeta, TaskAchievementGroupMeta, TaskAchievementMeta, TaskAchievementTabMeta, ActivityPointMissionMeta, ActivityRaidMeta, CardRaidMeta, CrossActivityMeta, ActivityNewMeta, ActivityHeroAchievementMeta, ActivityDropMeta, ActivityDispathHeroMeta, AllianceMobilizationMeta, AllianceMobilizationRewardMeta, VideoGamesMeta, OptionalWeeklyCardMeta, DarkLegionChallengeMeta, NewSevenLoginMeta

[359/764] horse_race_theme
  FAILED - System.InvalidOperationException: Multiple generated Meta types accept item set FibMatrix.Config.IntIdMetaSet: UIPreloadMeta, JumpMeta, SettingsMeta, TaskAchievementGroupMeta, TaskAchievementMeta, TaskAchievementTabMeta, ActivityPointMissionMeta, ActivityRaidMeta, CardRaidMeta, CrossActivityMeta, ActivityNewMeta, ActivityHeroAchievementMeta, ActivityDropMeta, ActivityDispathHeroMeta, AllianceMobilizationMeta, AllianceMobilizationRewardMeta, VideoGamesMeta, OptionalWeeklyCardMeta, DarkLegionChallengeMeta, NewSevenLoginMeta

[360/764] infinite_gift_group
  OK - 468 rows - InfiniteGiftGroupMeta

[361/764] infinite_gift_type
  OK - 24 rows - InfiniteGiftTypeMeta

[362/764] Infinite_monster
  OK - 2,102 rows - InfiniteMonsterMeta

[363/764] Infinite_monster_attr
  OK - 50 rows - InfiniteMonsterAttrMeta

[364/764] Infinite_monster_buff
  OK - 28 rows - InfiniteMonsterBuffMeta

[365/764] Infinite_monster_buildingattr
  OK - 40 rows - InfiniteMonsterBuildingattrMeta

[366/764] Infinite_monster_group
  OK - 372 rows - InfiniteMonsterGroupMeta

[367/764] info
  OK - 195 rows - InfoMeta

[368/764] info_graphic
  FAILED - System.InvalidOperationException: Multiple generated Meta types accept item set FibMatrix.Config.IntIdMetaSet: UIPreloadMeta, JumpMeta, SettingsMeta, TaskAchievementGroupMeta, TaskAchievementMeta, TaskAchievementTabMeta, ActivityPointMissionMeta, ActivityRaidMeta, CardRaidMeta, CrossActivityMeta, ActivityNewMeta, ActivityHeroAchievementMeta, ActivityDropMeta, ActivityDispathHeroMeta, AllianceMobilizationMeta, AllianceMobilizationRewardMeta, VideoGamesMeta, OptionalWeeklyCardMeta, DarkLegionChallengeMeta, NewSevenLoginMeta

[369/764] interactive_goods
  FAILED - System.InvalidOperationException: Multiple generated Meta types accept item set FibMatrix.Config.IntIdMetaSet: UIPreloadMeta, JumpMeta, SettingsMeta, TaskAchievementGroupMeta, TaskAchievementMeta, TaskAchievementTabMeta, ActivityPointMissionMeta, ActivityRaidMeta, CardRaidMeta, CrossActivityMeta, ActivityNewMeta, ActivityHeroAchievementMeta, ActivityDropMeta, ActivityDispathHeroMeta, AllianceMobilizationMeta, AllianceMobilizationRewardMeta, VideoGamesMeta, OptionalWeeklyCardMeta, DarkLegionChallengeMeta, NewSevenLoginMeta

[370/764] jump
  OK - 905 rows - JumpMeta

[371/764] key_server_msg
  OK - 1,180 rows - KeyServerMsgMeta

[372/764] kingdomwar_kingreward
  OK - 4 rows - KingdomwarKingrewardMeta

[373/764] kingdomwar_kingtitle
  OK - 14 rows - KingdomwarKingtitleMeta

[374/764] kingdom_elements
  OK - 40 rows - KingdomElementsMeta

[375/764] kingdom_elements_donate
  FAILED - System.InvalidOperationException: Multiple generated Meta types accept item set FibMatrix.Config.IntIdMetaSet: UIPreloadMeta, JumpMeta, SettingsMeta, TaskAchievementGroupMeta, TaskAchievementMeta, TaskAchievementTabMeta, ActivityPointMissionMeta, ActivityRaidMeta, CardRaidMeta, CrossActivityMeta, ActivityNewMeta, ActivityHeroAchievementMeta, ActivityDropMeta, ActivityDispathHeroMeta, AllianceMobilizationMeta, AllianceMobilizationRewardMeta, VideoGamesMeta, OptionalWeeklyCardMeta, DarkLegionChallengeMeta, NewSevenLoginMeta

[376/764] kingdom_elements_level
  FAILED - System.InvalidOperationException: Multiple generated Meta types accept item set FibMatrix.Config.IntIdMetaSet: UIPreloadMeta, JumpMeta, SettingsMeta, TaskAchievementGroupMeta, TaskAchievementMeta, TaskAchievementTabMeta, ActivityPointMissionMeta, ActivityRaidMeta, CardRaidMeta, CrossActivityMeta, ActivityNewMeta, ActivityHeroAchievementMeta, ActivityDropMeta, ActivityDispathHeroMeta, AllianceMobilizationMeta, AllianceMobilizationRewardMeta, VideoGamesMeta, OptionalWeeklyCardMeta, DarkLegionChallengeMeta, NewSevenLoginMeta

[377/764] kingdom_kingskill
  OK - 5 rows - KingdomKingskillMeta

[378/764] kingdom_kingtitle_buff
  FAILED - System.InvalidOperationException: Multiple generated Meta types accept item set FibMatrix.Config.IntIdMetaSet: UIPreloadMeta, JumpMeta, SettingsMeta, TaskAchievementGroupMeta, TaskAchievementMeta, TaskAchievementTabMeta, ActivityPointMissionMeta, ActivityRaidMeta, CardRaidMeta, CrossActivityMeta, ActivityNewMeta, ActivityHeroAchievementMeta, ActivityDropMeta, ActivityDispathHeroMeta, AllianceMobilizationMeta, AllianceMobilizationRewardMeta, VideoGamesMeta, OptionalWeeklyCardMeta, DarkLegionChallengeMeta, NewSevenLoginMeta

[379/764] kvk_activity_normalsys_enha
  FAILED - System.InvalidOperationException: Multiple generated Meta types accept item set FibMatrix.Config.IntIdMetaSet: UIPreloadMeta, JumpMeta, SettingsMeta, TaskAchievementGroupMeta, TaskAchievementMeta, TaskAchievementTabMeta, ActivityPointMissionMeta, ActivityRaidMeta, CardRaidMeta, CrossActivityMeta, ActivityNewMeta, ActivityHeroAchievementMeta, ActivityDropMeta, ActivityDispathHeroMeta, AllianceMobilizationMeta, AllianceMobilizationRewardMeta, VideoGamesMeta, OptionalWeeklyCardMeta, DarkLegionChallengeMeta, NewSevenLoginMeta

[380/764] kvk_alliance_fortress_tech
  FAILED - System.InvalidOperationException: Multiple generated Meta types accept item set FibMatrix.Config.IntIdMetaSet: UIPreloadMeta, JumpMeta, SettingsMeta, TaskAchievementGroupMeta, TaskAchievementMeta, TaskAchievementTabMeta, ActivityPointMissionMeta, ActivityRaidMeta, CardRaidMeta, CrossActivityMeta, ActivityNewMeta, ActivityHeroAchievementMeta, ActivityDropMeta, ActivityDispathHeroMeta, AllianceMobilizationMeta, AllianceMobilizationRewardMeta, VideoGamesMeta, OptionalWeeklyCardMeta, DarkLegionChallengeMeta, NewSevenLoginMeta

[381/764] kvk_boss_energy
  FAILED - System.InvalidOperationException: Multiple generated Meta types accept item set FibMatrix.Config.IntIdMetaSet: UIPreloadMeta, JumpMeta, SettingsMeta, TaskAchievementGroupMeta, TaskAchievementMeta, TaskAchievementTabMeta, ActivityPointMissionMeta, ActivityRaidMeta, CardRaidMeta, CrossActivityMeta, ActivityNewMeta, ActivityHeroAchievementMeta, ActivityDropMeta, ActivityDispathHeroMeta, AllianceMobilizationMeta, AllianceMobilizationRewardMeta, VideoGamesMeta, OptionalWeeklyCardMeta, DarkLegionChallengeMeta, NewSevenLoginMeta

[382/764] kvk_building_intro
  FAILED - System.InvalidOperationException: Multiple generated Meta types accept item set FibMatrix.Config.IntIdMetaSet: UIPreloadMeta, JumpMeta, SettingsMeta, TaskAchievementGroupMeta, TaskAchievementMeta, TaskAchievementTabMeta, ActivityPointMissionMeta, ActivityRaidMeta, CardRaidMeta, CrossActivityMeta, ActivityNewMeta, ActivityHeroAchievementMeta, ActivityDropMeta, ActivityDispathHeroMeta, AllianceMobilizationMeta, AllianceMobilizationRewardMeta, VideoGamesMeta, OptionalWeeklyCardMeta, DarkLegionChallengeMeta, NewSevenLoginMeta

[383/764] kvk_business
  FAILED - System.InvalidOperationException: Multiple generated Meta types accept item set FibMatrix.Config.IntIdMetaSet: UIPreloadMeta, JumpMeta, SettingsMeta, TaskAchievementGroupMeta, TaskAchievementMeta, TaskAchievementTabMeta, ActivityPointMissionMeta, ActivityRaidMeta, CardRaidMeta, CrossActivityMeta, ActivityNewMeta, ActivityHeroAchievementMeta, ActivityDropMeta, ActivityDispathHeroMeta, AllianceMobilizationMeta, AllianceMobilizationRewardMeta, VideoGamesMeta, OptionalWeeklyCardMeta, DarkLegionChallengeMeta, NewSevenLoginMeta

[384/764] kvk_guild_reward
  FAILED - System.InvalidOperationException: Multiple generated Meta types accept item set FibMatrix.Config.IntIdMetaSet: UIPreloadMeta, JumpMeta, SettingsMeta, TaskAchievementGroupMeta, TaskAchievementMeta, TaskAchievementTabMeta, ActivityPointMissionMeta, ActivityRaidMeta, CardRaidMeta, CrossActivityMeta, ActivityNewMeta, ActivityHeroAchievementMeta, ActivityDropMeta, ActivityDispathHeroMeta, AllianceMobilizationMeta, AllianceMobilizationRewardMeta, VideoGamesMeta, OptionalWeeklyCardMeta, DarkLegionChallengeMeta, NewSevenLoginMeta

[385/764] kvk_introduce
  FAILED - System.InvalidOperationException: Multiple generated Meta types accept item set FibMatrix.Config.IntIdMetaSet: UIPreloadMeta, JumpMeta, SettingsMeta, TaskAchievementGroupMeta, TaskAchievementMeta, TaskAchievementTabMeta, ActivityPointMissionMeta, ActivityRaidMeta, CardRaidMeta, CrossActivityMeta, ActivityNewMeta, ActivityHeroAchievementMeta, ActivityDropMeta, ActivityDispathHeroMeta, AllianceMobilizationMeta, AllianceMobilizationRewardMeta, VideoGamesMeta, OptionalWeeklyCardMeta, DarkLegionChallengeMeta, NewSevenLoginMeta

[386/764] kvk_kingdomwar_kingtitle
  FAILED - System.InvalidOperationException: Multiple generated Meta types accept item set FibMatrix.Config.IntIdMetaSet: UIPreloadMeta, JumpMeta, SettingsMeta, TaskAchievementGroupMeta, TaskAchievementMeta, TaskAchievementTabMeta, ActivityPointMissionMeta, ActivityRaidMeta, CardRaidMeta, CrossActivityMeta, ActivityNewMeta, ActivityHeroAchievementMeta, ActivityDropMeta, ActivityDispathHeroMeta, AllianceMobilizationMeta, AllianceMobilizationRewardMeta, VideoGamesMeta, OptionalWeeklyCardMeta, DarkLegionChallengeMeta, NewSevenLoginMeta

[387/764] kvk_kingdom_elements
  FAILED - System.InvalidOperationException: Multiple generated Meta types accept item set FibMatrix.Config.IntIdMetaSet: UIPreloadMeta, JumpMeta, SettingsMeta, TaskAchievementGroupMeta, TaskAchievementMeta, TaskAchievementTabMeta, ActivityPointMissionMeta, ActivityRaidMeta, CardRaidMeta, CrossActivityMeta, ActivityNewMeta, ActivityHeroAchievementMeta, ActivityDropMeta, ActivityDispathHeroMeta, AllianceMobilizationMeta, AllianceMobilizationRewardMeta, VideoGamesMeta, OptionalWeeklyCardMeta, DarkLegionChallengeMeta, NewSevenLoginMeta

[388/764] kvk_kingdom_kingskill
  FAILED - System.InvalidOperationException: Multiple generated Meta types accept item set FibMatrix.Config.IntIdMetaSet: UIPreloadMeta, JumpMeta, SettingsMeta, TaskAchievementGroupMeta, TaskAchievementMeta, TaskAchievementTabMeta, ActivityPointMissionMeta, ActivityRaidMeta, CardRaidMeta, CrossActivityMeta, ActivityNewMeta, ActivityHeroAchievementMeta, ActivityDropMeta, ActivityDispathHeroMeta, AllianceMobilizationMeta, AllianceMobilizationRewardMeta, VideoGamesMeta, OptionalWeeklyCardMeta, DarkLegionChallengeMeta, NewSevenLoginMeta

[389/764] kvk_kingdom_race
  FAILED - System.InvalidOperationException: Multiple generated Meta types accept item set FibMatrix.Config.IntIdMetaSet: UIPreloadMeta, JumpMeta, SettingsMeta, TaskAchievementGroupMeta, TaskAchievementMeta, TaskAchievementTabMeta, ActivityPointMissionMeta, ActivityRaidMeta, CardRaidMeta, CrossActivityMeta, ActivityNewMeta, ActivityHeroAchievementMeta, ActivityDropMeta, ActivityDispathHeroMeta, AllianceMobilizationMeta, AllianceMobilizationRewardMeta, VideoGamesMeta, OptionalWeeklyCardMeta, DarkLegionChallengeMeta, NewSevenLoginMeta

[390/764] kvk_map
  FAILED - System.InvalidOperationException: Multiple generated Meta types accept item set FibMatrix.Config.IntIdMetaSet: UIPreloadMeta, JumpMeta, SettingsMeta, TaskAchievementGroupMeta, TaskAchievementMeta, TaskAchievementTabMeta, ActivityPointMissionMeta, ActivityRaidMeta, CardRaidMeta, CrossActivityMeta, ActivityNewMeta, ActivityHeroAchievementMeta, ActivityDropMeta, ActivityDispathHeroMeta, AllianceMobilizationMeta, AllianceMobilizationRewardMeta, VideoGamesMeta, OptionalWeeklyCardMeta, DarkLegionChallengeMeta, NewSevenLoginMeta

[391/764] kvk_map_area
  FAILED - System.InvalidOperationException: Multiple generated Meta types accept item set FibMatrix.Config.IntIdMetaSet: UIPreloadMeta, JumpMeta, SettingsMeta, TaskAchievementGroupMeta, TaskAchievementMeta, TaskAchievementTabMeta, ActivityPointMissionMeta, ActivityRaidMeta, CardRaidMeta, CrossActivityMeta, ActivityNewMeta, ActivityHeroAchievementMeta, ActivityDropMeta, ActivityDispathHeroMeta, AllianceMobilizationMeta, AllianceMobilizationRewardMeta, VideoGamesMeta, OptionalWeeklyCardMeta, DarkLegionChallengeMeta, NewSevenLoginMeta

[392/764] kvk_map_area_group
  FAILED - System.InvalidOperationException: Multiple generated Meta types accept item set FibMatrix.Config.IntIdMetaSet: UIPreloadMeta, JumpMeta, SettingsMeta, TaskAchievementGroupMeta, TaskAchievementMeta, TaskAchievementTabMeta, ActivityPointMissionMeta, ActivityRaidMeta, CardRaidMeta, CrossActivityMeta, ActivityNewMeta, ActivityHeroAchievementMeta, ActivityDropMeta, ActivityDispathHeroMeta, AllianceMobilizationMeta, AllianceMobilizationRewardMeta, VideoGamesMeta, OptionalWeeklyCardMeta, DarkLegionChallengeMeta, NewSevenLoginMeta

[393/764] kvk_map_boss
  FAILED - System.InvalidOperationException: Multiple generated Meta types accept item set FibMatrix.Config.IntIdMetaSet: UIPreloadMeta, JumpMeta, SettingsMeta, TaskAchievementGroupMeta, TaskAchievementMeta, TaskAchievementTabMeta, ActivityPointMissionMeta, ActivityRaidMeta, CardRaidMeta, CrossActivityMeta, ActivityNewMeta, ActivityHeroAchievementMeta, ActivityDropMeta, ActivityDispathHeroMeta, AllianceMobilizationMeta, AllianceMobilizationRewardMeta, VideoGamesMeta, OptionalWeeklyCardMeta, DarkLegionChallengeMeta, NewSevenLoginMeta

[394/764] kvk_map_fortress
  FAILED - System.InvalidOperationException: Multiple generated Meta types accept item set FibMatrix.Config.IntIdMetaSet: UIPreloadMeta, JumpMeta, SettingsMeta, TaskAchievementGroupMeta, TaskAchievementMeta, TaskAchievementTabMeta, ActivityPointMissionMeta, ActivityRaidMeta, CardRaidMeta, CrossActivityMeta, ActivityNewMeta, ActivityHeroAchievementMeta, ActivityDropMeta, ActivityDispathHeroMeta, AllianceMobilizationMeta, AllianceMobilizationRewardMeta, VideoGamesMeta, OptionalWeeklyCardMeta, DarkLegionChallengeMeta, NewSevenLoginMeta

[395/764] kvk_map_refresh
  FAILED - System.InvalidOperationException: Multiple generated Meta types accept item set FibMatrix.Config.IntIdMetaSet: UIPreloadMeta, JumpMeta, SettingsMeta, TaskAchievementGroupMeta, TaskAchievementMeta, TaskAchievementTabMeta, ActivityPointMissionMeta, ActivityRaidMeta, CardRaidMeta, CrossActivityMeta, ActivityNewMeta, ActivityHeroAchievementMeta, ActivityDropMeta, ActivityDispathHeroMeta, AllianceMobilizationMeta, AllianceMobilizationRewardMeta, VideoGamesMeta, OptionalWeeklyCardMeta, DarkLegionChallengeMeta, NewSevenLoginMeta

[396/764] kvk_map_statue
  FAILED - System.InvalidOperationException: Multiple generated Meta types accept item set FibMatrix.Config.IntIdMetaSet: UIPreloadMeta, JumpMeta, SettingsMeta, TaskAchievementGroupMeta, TaskAchievementMeta, TaskAchievementTabMeta, ActivityPointMissionMeta, ActivityRaidMeta, CardRaidMeta, CrossActivityMeta, ActivityNewMeta, ActivityHeroAchievementMeta, ActivityDropMeta, ActivityDispathHeroMeta, AllianceMobilizationMeta, AllianceMobilizationRewardMeta, VideoGamesMeta, OptionalWeeklyCardMeta, DarkLegionChallengeMeta, NewSevenLoginMeta

[397/764] kvk_map_statue_box
  FAILED - System.InvalidOperationException: Multiple generated Meta types accept item set FibMatrix.Config.IntIdMetaSet: UIPreloadMeta, JumpMeta, SettingsMeta, TaskAchievementGroupMeta, TaskAchievementMeta, TaskAchievementTabMeta, ActivityPointMissionMeta, ActivityRaidMeta, CardRaidMeta, CrossActivityMeta, ActivityNewMeta, ActivityHeroAchievementMeta, ActivityDropMeta, ActivityDispathHeroMeta, AllianceMobilizationMeta, AllianceMobilizationRewardMeta, VideoGamesMeta, OptionalWeeklyCardMeta, DarkLegionChallengeMeta, NewSevenLoginMeta

[398/764] kvk_map_statue_resources
  FAILED - System.InvalidOperationException: Multiple generated Meta types accept item set FibMatrix.Config.IntIdMetaSet: UIPreloadMeta, JumpMeta, SettingsMeta, TaskAchievementGroupMeta, TaskAchievementMeta, TaskAchievementTabMeta, ActivityPointMissionMeta, ActivityRaidMeta, CardRaidMeta, CrossActivityMeta, ActivityNewMeta, ActivityHeroAchievementMeta, ActivityDropMeta, ActivityDispathHeroMeta, AllianceMobilizationMeta, AllianceMobilizationRewardMeta, VideoGamesMeta, OptionalWeeklyCardMeta, DarkLegionChallengeMeta, NewSevenLoginMeta

[399/764] kvk_map_treasure
  FAILED - System.InvalidOperationException: Multiple generated Meta types accept item set FibMatrix.Config.IntIdMetaSet: UIPreloadMeta, JumpMeta, SettingsMeta, TaskAchievementGroupMeta, TaskAchievementMeta, TaskAchievementTabMeta, ActivityPointMissionMeta, ActivityRaidMeta, CardRaidMeta, CrossActivityMeta, ActivityNewMeta, ActivityHeroAchievementMeta, ActivityDropMeta, ActivityDispathHeroMeta, AllianceMobilizationMeta, AllianceMobilizationRewardMeta, VideoGamesMeta, OptionalWeeklyCardMeta, DarkLegionChallengeMeta, NewSevenLoginMeta

[400/764] kvk_match_activity
  FAILED - System.InvalidOperationException: Multiple generated Meta types accept item set FibMatrix.Config.IntIdMetaSet: UIPreloadMeta, JumpMeta, SettingsMeta, TaskAchievementGroupMeta, TaskAchievementMeta, TaskAchievementTabMeta, ActivityPointMissionMeta, ActivityRaidMeta, CardRaidMeta, CrossActivityMeta, ActivityNewMeta, ActivityHeroAchievementMeta, ActivityDropMeta, ActivityDispathHeroMeta, AllianceMobilizationMeta, AllianceMobilizationRewardMeta, VideoGamesMeta, OptionalWeeklyCardMeta, DarkLegionChallengeMeta, NewSevenLoginMeta

[401/764] kvk_match_boss
  FAILED - System.InvalidOperationException: Multiple generated Meta types accept item set FibMatrix.Config.IntIdMetaSet: UIPreloadMeta, JumpMeta, SettingsMeta, TaskAchievementGroupMeta, TaskAchievementMeta, TaskAchievementTabMeta, ActivityPointMissionMeta, ActivityRaidMeta, CardRaidMeta, CrossActivityMeta, ActivityNewMeta, ActivityHeroAchievementMeta, ActivityDropMeta, ActivityDispathHeroMeta, AllianceMobilizationMeta, AllianceMobilizationRewardMeta, VideoGamesMeta, OptionalWeeklyCardMeta, DarkLegionChallengeMeta, NewSevenLoginMeta

[402/764] kvk_match_camp
  FAILED - System.InvalidOperationException: Multiple generated Meta types accept item set FibMatrix.Config.IntIdMetaSet: UIPreloadMeta, JumpMeta, SettingsMeta, TaskAchievementGroupMeta, TaskAchievementMeta, TaskAchievementTabMeta, ActivityPointMissionMeta, ActivityRaidMeta, CardRaidMeta, CrossActivityMeta, ActivityNewMeta, ActivityHeroAchievementMeta, ActivityDropMeta, ActivityDispathHeroMeta, AllianceMobilizationMeta, AllianceMobilizationRewardMeta, VideoGamesMeta, OptionalWeeklyCardMeta, DarkLegionChallengeMeta, NewSevenLoginMeta

[403/764] kvk_match_caravan
  FAILED - System.InvalidOperationException: Multiple generated Meta types accept item set FibMatrix.Config.IntIdMetaSet: UIPreloadMeta, JumpMeta, SettingsMeta, TaskAchievementGroupMeta, TaskAchievementMeta, TaskAchievementTabMeta, ActivityPointMissionMeta, ActivityRaidMeta, CardRaidMeta, CrossActivityMeta, ActivityNewMeta, ActivityHeroAchievementMeta, ActivityDropMeta, ActivityDispathHeroMeta, AllianceMobilizationMeta, AllianceMobilizationRewardMeta, VideoGamesMeta, OptionalWeeklyCardMeta, DarkLegionChallengeMeta, NewSevenLoginMeta

[404/764] kvk_match_duel_task
  FAILED - System.InvalidOperationException: Multiple generated Meta types accept item set FibMatrix.Config.IntIdMetaSet: UIPreloadMeta, JumpMeta, SettingsMeta, TaskAchievementGroupMeta, TaskAchievementMeta, TaskAchievementTabMeta, ActivityPointMissionMeta, ActivityRaidMeta, CardRaidMeta, CrossActivityMeta, ActivityNewMeta, ActivityHeroAchievementMeta, ActivityDropMeta, ActivityDispathHeroMeta, AllianceMobilizationMeta, AllianceMobilizationRewardMeta, VideoGamesMeta, OptionalWeeklyCardMeta, DarkLegionChallengeMeta, NewSevenLoginMeta

[405/764] kvk_match_falls_panel
  FAILED - System.InvalidOperationException: Multiple generated Meta types accept item set FibMatrix.Config.IntIdMetaSet: UIPreloadMeta, JumpMeta, SettingsMeta, TaskAchievementGroupMeta, TaskAchievementMeta, TaskAchievementTabMeta, ActivityPointMissionMeta, ActivityRaidMeta, CardRaidMeta, CrossActivityMeta, ActivityNewMeta, ActivityHeroAchievementMeta, ActivityDropMeta, ActivityDispathHeroMeta, AllianceMobilizationMeta, AllianceMobilizationRewardMeta, VideoGamesMeta, OptionalWeeklyCardMeta, DarkLegionChallengeMeta, NewSevenLoginMeta

[406/764] kvk_match_group
  FAILED - System.InvalidOperationException: Multiple generated Meta types accept item set FibMatrix.Config.IntIdMetaSet: UIPreloadMeta, JumpMeta, SettingsMeta, TaskAchievementGroupMeta, TaskAchievementMeta, TaskAchievementTabMeta, ActivityPointMissionMeta, ActivityRaidMeta, CardRaidMeta, CrossActivityMeta, ActivityNewMeta, ActivityHeroAchievementMeta, ActivityDropMeta, ActivityDispathHeroMeta, AllianceMobilizationMeta, AllianceMobilizationRewardMeta, VideoGamesMeta, OptionalWeeklyCardMeta, DarkLegionChallengeMeta, NewSevenLoginMeta

[407/764] kvk_match_prepare
  FAILED - System.InvalidOperationException: Multiple generated Meta types accept item set FibMatrix.Config.IntIdMetaSet: UIPreloadMeta, JumpMeta, SettingsMeta, TaskAchievementGroupMeta, TaskAchievementMeta, TaskAchievementTabMeta, ActivityPointMissionMeta, ActivityRaidMeta, CardRaidMeta, CrossActivityMeta, ActivityNewMeta, ActivityHeroAchievementMeta, ActivityDropMeta, ActivityDispathHeroMeta, AllianceMobilizationMeta, AllianceMobilizationRewardMeta, VideoGamesMeta, OptionalWeeklyCardMeta, DarkLegionChallengeMeta, NewSevenLoginMeta

[408/764] kvk_match_theme_para
  FAILED - System.InvalidOperationException: Multiple generated Meta types accept item set FibMatrix.Config.IntIdMetaSet: UIPreloadMeta, JumpMeta, SettingsMeta, TaskAchievementGroupMeta, TaskAchievementMeta, TaskAchievementTabMeta, ActivityPointMissionMeta, ActivityRaidMeta, CardRaidMeta, CrossActivityMeta, ActivityNewMeta, ActivityHeroAchievementMeta, ActivityDropMeta, ActivityDispathHeroMeta, AllianceMobilizationMeta, AllianceMobilizationRewardMeta, VideoGamesMeta, OptionalWeeklyCardMeta, DarkLegionChallengeMeta, NewSevenLoginMeta

[409/764] kvk_officer_grade
  FAILED - System.InvalidOperationException: Multiple generated Meta types accept item set FibMatrix.Config.IntIdMetaSet: UIPreloadMeta, JumpMeta, SettingsMeta, TaskAchievementGroupMeta, TaskAchievementMeta, TaskAchievementTabMeta, ActivityPointMissionMeta, ActivityRaidMeta, CardRaidMeta, CrossActivityMeta, ActivityNewMeta, ActivityHeroAchievementMeta, ActivityDropMeta, ActivityDispathHeroMeta, AllianceMobilizationMeta, AllianceMobilizationRewardMeta, VideoGamesMeta, OptionalWeeklyCardMeta, DarkLegionChallengeMeta, NewSevenLoginMeta

[410/764] kvk_personal_achievement
  FAILED - System.InvalidOperationException: Multiple generated Meta types accept item set FibMatrix.Config.IntIdMetaSet: UIPreloadMeta, JumpMeta, SettingsMeta, TaskAchievementGroupMeta, TaskAchievementMeta, TaskAchievementTabMeta, ActivityPointMissionMeta, ActivityRaidMeta, CardRaidMeta, CrossActivityMeta, ActivityNewMeta, ActivityHeroAchievementMeta, ActivityDropMeta, ActivityDispathHeroMeta, AllianceMobilizationMeta, AllianceMobilizationRewardMeta, VideoGamesMeta, OptionalWeeklyCardMeta, DarkLegionChallengeMeta, NewSevenLoginMeta

[411/764] kvk_personal_achievement_BP
  FAILED - System.InvalidOperationException: Multiple generated Meta types accept item set FibMatrix.Config.IntIdMetaSet: UIPreloadMeta, JumpMeta, SettingsMeta, TaskAchievementGroupMeta, TaskAchievementMeta, TaskAchievementTabMeta, ActivityPointMissionMeta, ActivityRaidMeta, CardRaidMeta, CrossActivityMeta, ActivityNewMeta, ActivityHeroAchievementMeta, ActivityDropMeta, ActivityDispathHeroMeta, AllianceMobilizationMeta, AllianceMobilizationRewardMeta, VideoGamesMeta, OptionalWeeklyCardMeta, DarkLegionChallengeMeta, NewSevenLoginMeta

[412/764] kvk_recycle
  FAILED - System.InvalidOperationException: Multiple generated Meta types accept item set FibMatrix.Config.IntIdMetaSet: UIPreloadMeta, JumpMeta, SettingsMeta, TaskAchievementGroupMeta, TaskAchievementMeta, TaskAchievementTabMeta, ActivityPointMissionMeta, ActivityRaidMeta, CardRaidMeta, CrossActivityMeta, ActivityNewMeta, ActivityHeroAchievementMeta, ActivityDropMeta, ActivityDispathHeroMeta, AllianceMobilizationMeta, AllianceMobilizationRewardMeta, VideoGamesMeta, OptionalWeeklyCardMeta, DarkLegionChallengeMeta, NewSevenLoginMeta

[413/764] kvk_recycle_building_reward
  FAILED - System.InvalidOperationException: Multiple generated Meta types accept item set FibMatrix.Config.IntIdMetaSet: UIPreloadMeta, JumpMeta, SettingsMeta, TaskAchievementGroupMeta, TaskAchievementMeta, TaskAchievementTabMeta, ActivityPointMissionMeta, ActivityRaidMeta, CardRaidMeta, CrossActivityMeta, ActivityNewMeta, ActivityHeroAchievementMeta, ActivityDropMeta, ActivityDispathHeroMeta, AllianceMobilizationMeta, AllianceMobilizationRewardMeta, VideoGamesMeta, OptionalWeeklyCardMeta, DarkLegionChallengeMeta, NewSevenLoginMeta

[414/764] kvk_return_tips
  FAILED - System.InvalidOperationException: Multiple generated Meta types accept item set FibMatrix.Config.IntIdMetaSet: UIPreloadMeta, JumpMeta, SettingsMeta, TaskAchievementGroupMeta, TaskAchievementMeta, TaskAchievementTabMeta, ActivityPointMissionMeta, ActivityRaidMeta, CardRaidMeta, CrossActivityMeta, ActivityNewMeta, ActivityHeroAchievementMeta, ActivityDropMeta, ActivityDispathHeroMeta, AllianceMobilizationMeta, AllianceMobilizationRewardMeta, VideoGamesMeta, OptionalWeeklyCardMeta, DarkLegionChallengeMeta, NewSevenLoginMeta

[415/764] kvk_server_group
  FAILED - System.InvalidOperationException: Multiple generated Meta types accept item set FibMatrix.Config.IntIdMetaSet: UIPreloadMeta, JumpMeta, SettingsMeta, TaskAchievementGroupMeta, TaskAchievementMeta, TaskAchievementTabMeta, ActivityPointMissionMeta, ActivityRaidMeta, CardRaidMeta, CrossActivityMeta, ActivityNewMeta, ActivityHeroAchievementMeta, ActivityDropMeta, ActivityDispathHeroMeta, AllianceMobilizationMeta, AllianceMobilizationRewardMeta, VideoGamesMeta, OptionalWeeklyCardMeta, DarkLegionChallengeMeta, NewSevenLoginMeta

[416/764] kvk_server_reward
  FAILED - System.InvalidOperationException: Multiple generated Meta types accept item set FibMatrix.Config.IntIdMetaSet: UIPreloadMeta, JumpMeta, SettingsMeta, TaskAchievementGroupMeta, TaskAchievementMeta, TaskAchievementTabMeta, ActivityPointMissionMeta, ActivityRaidMeta, CardRaidMeta, CrossActivityMeta, ActivityNewMeta, ActivityHeroAchievementMeta, ActivityDropMeta, ActivityDispathHeroMeta, AllianceMobilizationMeta, AllianceMobilizationRewardMeta, VideoGamesMeta, OptionalWeeklyCardMeta, DarkLegionChallengeMeta, NewSevenLoginMeta

[417/764] kvk_server_task
  FAILED - System.InvalidOperationException: Multiple generated Meta types accept item set FibMatrix.Config.IntIdMetaSet: UIPreloadMeta, JumpMeta, SettingsMeta, TaskAchievementGroupMeta, TaskAchievementMeta, TaskAchievementTabMeta, ActivityPointMissionMeta, ActivityRaidMeta, CardRaidMeta, CrossActivityMeta, ActivityNewMeta, ActivityHeroAchievementMeta, ActivityDropMeta, ActivityDispathHeroMeta, AllianceMobilizationMeta, AllianceMobilizationRewardMeta, VideoGamesMeta, OptionalWeeklyCardMeta, DarkLegionChallengeMeta, NewSevenLoginMeta

[418/764] kvk_task_chapter
  FAILED - System.InvalidOperationException: Multiple generated Meta types accept item set FibMatrix.Config.IntIdMetaSet: UIPreloadMeta, JumpMeta, SettingsMeta, TaskAchievementGroupMeta, TaskAchievementMeta, TaskAchievementTabMeta, ActivityPointMissionMeta, ActivityRaidMeta, CardRaidMeta, CrossActivityMeta, ActivityNewMeta, ActivityHeroAchievementMeta, ActivityDropMeta, ActivityDispathHeroMeta, AllianceMobilizationMeta, AllianceMobilizationRewardMeta, VideoGamesMeta, OptionalWeeklyCardMeta, DarkLegionChallengeMeta, NewSevenLoginMeta

[419/764] kvk_totem
  FAILED - System.InvalidOperationException: Multiple generated Meta types accept item set FibMatrix.Config.IntIdMetaSet: UIPreloadMeta, JumpMeta, SettingsMeta, TaskAchievementGroupMeta, TaskAchievementMeta, TaskAchievementTabMeta, ActivityPointMissionMeta, ActivityRaidMeta, CardRaidMeta, CrossActivityMeta, ActivityNewMeta, ActivityHeroAchievementMeta, ActivityDropMeta, ActivityDispathHeroMeta, AllianceMobilizationMeta, AllianceMobilizationRewardMeta, VideoGamesMeta, OptionalWeeklyCardMeta, DarkLegionChallengeMeta, NewSevenLoginMeta

[420/764] kvk_warmup_task
  FAILED - System.InvalidOperationException: Multiple generated Meta types accept item set FibMatrix.Config.IntIdMetaSet: UIPreloadMeta, JumpMeta, SettingsMeta, TaskAchievementGroupMeta, TaskAchievementMeta, TaskAchievementTabMeta, ActivityPointMissionMeta, ActivityRaidMeta, CardRaidMeta, CrossActivityMeta, ActivityNewMeta, ActivityHeroAchievementMeta, ActivityDropMeta, ActivityDispathHeroMeta, AllianceMobilizationMeta, AllianceMobilizationRewardMeta, VideoGamesMeta, OptionalWeeklyCardMeta, DarkLegionChallengeMeta, NewSevenLoginMeta

[421/764] kvk_week_card
  FAILED - System.InvalidOperationException: Multiple generated Meta types accept item set FibMatrix.Config.IntIdMetaSet: UIPreloadMeta, JumpMeta, SettingsMeta, TaskAchievementGroupMeta, TaskAchievementMeta, TaskAchievementTabMeta, ActivityPointMissionMeta, ActivityRaidMeta, CardRaidMeta, CrossActivityMeta, ActivityNewMeta, ActivityHeroAchievementMeta, ActivityDropMeta, ActivityDispathHeroMeta, AllianceMobilizationMeta, AllianceMobilizationRewardMeta, VideoGamesMeta, OptionalWeeklyCardMeta, DarkLegionChallengeMeta, NewSevenLoginMeta

[422/764] language_setting
  OK - 236 rows - LanguageSettingMeta

[423/764] level_up_exp
  OK - 300 rows - LevelUpExpMeta

[424/764] life_card
  FAILED - System.InvalidOperationException: Multiple generated Meta types accept item set FibMatrix.Config.IntIdMetaSet: UIPreloadMeta, JumpMeta, SettingsMeta, TaskAchievementGroupMeta, TaskAchievementMeta, TaskAchievementTabMeta, ActivityPointMissionMeta, ActivityRaidMeta, CardRaidMeta, CrossActivityMeta, ActivityNewMeta, ActivityHeroAchievementMeta, ActivityDropMeta, ActivityDispathHeroMeta, AllianceMobilizationMeta, AllianceMobilizationRewardMeta, VideoGamesMeta, OptionalWeeklyCardMeta, DarkLegionChallengeMeta, NewSevenLoginMeta

[425/764] login_popup
  FAILED - System.InvalidOperationException: Multiple generated Meta types accept item set FibMatrix.Config.IntIdMetaSet: UIPreloadMeta, JumpMeta, SettingsMeta, TaskAchievementGroupMeta, TaskAchievementMeta, TaskAchievementTabMeta, ActivityPointMissionMeta, ActivityRaidMeta, CardRaidMeta, CrossActivityMeta, ActivityNewMeta, ActivityHeroAchievementMeta, ActivityDropMeta, ActivityDispathHeroMeta, AllianceMobilizationMeta, AllianceMobilizationRewardMeta, VideoGamesMeta, OptionalWeeklyCardMeta, DarkLegionChallengeMeta, NewSevenLoginMeta

[426/764] loot_drop
  FAILED - System.InvalidOperationException: Multiple generated Meta types accept item set FibMatrix.Config.IntIdMetaSet: UIPreloadMeta, JumpMeta, SettingsMeta, TaskAchievementGroupMeta, TaskAchievementMeta, TaskAchievementTabMeta, ActivityPointMissionMeta, ActivityRaidMeta, CardRaidMeta, CrossActivityMeta, ActivityNewMeta, ActivityHeroAchievementMeta, ActivityDropMeta, ActivityDispathHeroMeta, AllianceMobilizationMeta, AllianceMobilizationRewardMeta, VideoGamesMeta, OptionalWeeklyCardMeta, DarkLegionChallengeMeta, NewSevenLoginMeta

[427/764] loot_drop_box
  FAILED - System.InvalidOperationException: Multiple generated Meta types accept item set FibMatrix.Config.IntIdMetaSet: UIPreloadMeta, JumpMeta, SettingsMeta, TaskAchievementGroupMeta, TaskAchievementMeta, TaskAchievementTabMeta, ActivityPointMissionMeta, ActivityRaidMeta, CardRaidMeta, CrossActivityMeta, ActivityNewMeta, ActivityHeroAchievementMeta, ActivityDropMeta, ActivityDispathHeroMeta, AllianceMobilizationMeta, AllianceMobilizationRewardMeta, VideoGamesMeta, OptionalWeeklyCardMeta, DarkLegionChallengeMeta, NewSevenLoginMeta

[428/764] lord_equipment
  OK - 1,060 rows - LordEquipmentMeta

[429/764] lord_equipment_enchantment
  FAILED - System.InvalidOperationException: Multiple generated Meta types accept item set FibMatrix.Config.IntIdMetaSet: UIPreloadMeta, JumpMeta, SettingsMeta, TaskAchievementGroupMeta, TaskAchievementMeta, TaskAchievementTabMeta, ActivityPointMissionMeta, ActivityRaidMeta, CardRaidMeta, CrossActivityMeta, ActivityNewMeta, ActivityHeroAchievementMeta, ActivityDropMeta, ActivityDispathHeroMeta, AllianceMobilizationMeta, AllianceMobilizationRewardMeta, VideoGamesMeta, OptionalWeeklyCardMeta, DarkLegionChallengeMeta, NewSevenLoginMeta

[430/764] lord_equip_master
  OK - 34 rows - LordEquipMasterMeta

[431/764] lucky_draw
  FAILED - System.InvalidOperationException: Multiple generated Meta types accept item set FibMatrix.Config.IntIdMetaSet: UIPreloadMeta, JumpMeta, SettingsMeta, TaskAchievementGroupMeta, TaskAchievementMeta, TaskAchievementTabMeta, ActivityPointMissionMeta, ActivityRaidMeta, CardRaidMeta, CrossActivityMeta, ActivityNewMeta, ActivityHeroAchievementMeta, ActivityDropMeta, ActivityDispathHeroMeta, AllianceMobilizationMeta, AllianceMobilizationRewardMeta, VideoGamesMeta, OptionalWeeklyCardMeta, DarkLegionChallengeMeta, NewSevenLoginMeta

[432/764] lucky_draw_event
  FAILED - System.InvalidOperationException: Multiple generated Meta types accept item set FibMatrix.Config.IntIdMetaSet: UIPreloadMeta, JumpMeta, SettingsMeta, TaskAchievementGroupMeta, TaskAchievementMeta, TaskAchievementTabMeta, ActivityPointMissionMeta, ActivityRaidMeta, CardRaidMeta, CrossActivityMeta, ActivityNewMeta, ActivityHeroAchievementMeta, ActivityDropMeta, ActivityDispathHeroMeta, AllianceMobilizationMeta, AllianceMobilizationRewardMeta, VideoGamesMeta, OptionalWeeklyCardMeta, DarkLegionChallengeMeta, NewSevenLoginMeta

[433/764] lucky_draw_pattern
  FAILED - System.InvalidOperationException: Multiple generated Meta types accept item set FibMatrix.Config.IntIdMetaSet: UIPreloadMeta, JumpMeta, SettingsMeta, TaskAchievementGroupMeta, TaskAchievementMeta, TaskAchievementTabMeta, ActivityPointMissionMeta, ActivityRaidMeta, CardRaidMeta, CrossActivityMeta, ActivityNewMeta, ActivityHeroAchievementMeta, ActivityDropMeta, ActivityDispathHeroMeta, AllianceMobilizationMeta, AllianceMobilizationRewardMeta, VideoGamesMeta, OptionalWeeklyCardMeta, DarkLegionChallengeMeta, NewSevenLoginMeta

[434/764] lucky_draw_reward
  FAILED - System.InvalidOperationException: Multiple generated Meta types accept item set FibMatrix.Config.IntIdMetaSet: UIPreloadMeta, JumpMeta, SettingsMeta, TaskAchievementGroupMeta, TaskAchievementMeta, TaskAchievementTabMeta, ActivityPointMissionMeta, ActivityRaidMeta, CardRaidMeta, CrossActivityMeta, ActivityNewMeta, ActivityHeroAchievementMeta, ActivityDropMeta, ActivityDispathHeroMeta, AllianceMobilizationMeta, AllianceMobilizationRewardMeta, VideoGamesMeta, OptionalWeeklyCardMeta, DarkLegionChallengeMeta, NewSevenLoginMeta

[435/764] lucky_exchange_group
  FAILED - System.InvalidOperationException: Multiple generated Meta types accept item set FibMatrix.Config.IntIdMetaSet: UIPreloadMeta, JumpMeta, SettingsMeta, TaskAchievementGroupMeta, TaskAchievementMeta, TaskAchievementTabMeta, ActivityPointMissionMeta, ActivityRaidMeta, CardRaidMeta, CrossActivityMeta, ActivityNewMeta, ActivityHeroAchievementMeta, ActivityDropMeta, ActivityDispathHeroMeta, AllianceMobilizationMeta, AllianceMobilizationRewardMeta, VideoGamesMeta, OptionalWeeklyCardMeta, DarkLegionChallengeMeta, NewSevenLoginMeta

[436/764] lucky_num
  FAILED - System.InvalidOperationException: Multiple generated Meta types accept item set FibMatrix.Config.IntIdMetaSet: UIPreloadMeta, JumpMeta, SettingsMeta, TaskAchievementGroupMeta, TaskAchievementMeta, TaskAchievementTabMeta, ActivityPointMissionMeta, ActivityRaidMeta, CardRaidMeta, CrossActivityMeta, ActivityNewMeta, ActivityHeroAchievementMeta, ActivityDropMeta, ActivityDispathHeroMeta, AllianceMobilizationMeta, AllianceMobilizationRewardMeta, VideoGamesMeta, OptionalWeeklyCardMeta, DarkLegionChallengeMeta, NewSevenLoginMeta

[437/764] mail
  FAILED - System.InvalidOperationException: Multiple generated Meta types accept item set FibMatrix.Config.IntIdMetaSet: UIPreloadMeta, JumpMeta, SettingsMeta, TaskAchievementGroupMeta, TaskAchievementMeta, TaskAchievementTabMeta, ActivityPointMissionMeta, ActivityRaidMeta, CardRaidMeta, CrossActivityMeta, ActivityNewMeta, ActivityHeroAchievementMeta, ActivityDropMeta, ActivityDispathHeroMeta, AllianceMobilizationMeta, AllianceMobilizationRewardMeta, VideoGamesMeta, OptionalWeeklyCardMeta, DarkLegionChallengeMeta, NewSevenLoginMeta

[438/764] mail_type
  FAILED - System.InvalidOperationException: Multiple generated Meta types accept item set FibMatrix.Config.IntIdMetaSet: UIPreloadMeta, JumpMeta, SettingsMeta, TaskAchievementGroupMeta, TaskAchievementMeta, TaskAchievementTabMeta, ActivityPointMissionMeta, ActivityRaidMeta, CardRaidMeta, CrossActivityMeta, ActivityNewMeta, ActivityHeroAchievementMeta, ActivityDropMeta, ActivityDispathHeroMeta, AllianceMobilizationMeta, AllianceMobilizationRewardMeta, VideoGamesMeta, OptionalWeeklyCardMeta, DarkLegionChallengeMeta, NewSevenLoginMeta

[439/764] map
  OK - 133 rows - MapMeta

[440/764] map_adventure_area
  OK - 303 rows - MapAdventureAreaMeta

[441/764] map_area
  OK - 636 rows - MapAreaMeta

[442/764] map_birthpoint
  FAILED - System.InvalidOperationException: Multiple generated Meta types accept item set FibMatrix.Config.IntIdMetaSet: UIPreloadMeta, JumpMeta, SettingsMeta, TaskAchievementGroupMeta, TaskAchievementMeta, TaskAchievementTabMeta, ActivityPointMissionMeta, ActivityRaidMeta, CardRaidMeta, CrossActivityMeta, ActivityNewMeta, ActivityHeroAchievementMeta, ActivityDropMeta, ActivityDispathHeroMeta, AllianceMobilizationMeta, AllianceMobilizationRewardMeta, VideoGamesMeta, OptionalWeeklyCardMeta, DarkLegionChallengeMeta, NewSevenLoginMeta

[443/764] map_boss
  OK - 3 rows - MapBossMeta

[444/764] map_building
  FAILED - System.ArgumentOutOfRangeException: Index was out of range. Must be non-negative and less than the size of the collection.
Parameter name: index

[445/764] map_challenge
  OK - 104 rows - MapChallengeMeta

[446/764] map_challenge_stage
  OK - 865 rows - MapChallengeStageMeta

[447/764] map_event
  OK - 3,454 rows - MapEventMeta

[448/764] map_filter
  FAILED - System.InvalidOperationException: Multiple generated Meta types accept item set FibMatrix.Config.IntIdMetaSet: UIPreloadMeta, JumpMeta, SettingsMeta, TaskAchievementGroupMeta, TaskAchievementMeta, TaskAchievementTabMeta, ActivityPointMissionMeta, ActivityRaidMeta, CardRaidMeta, CrossActivityMeta, ActivityNewMeta, ActivityHeroAchievementMeta, ActivityDropMeta, ActivityDispathHeroMeta, AllianceMobilizationMeta, AllianceMobilizationRewardMeta, VideoGamesMeta, OptionalWeeklyCardMeta, DarkLegionChallengeMeta, NewSevenLoginMeta

[449/764] map_finish
  OK - 1,225 rows - MapFinishMeta

[450/764] map_instance
  OK - 786 rows - MapInstanceMeta

[451/764] map_instance_event
  OK - 140 rows - MapInstanceEventMeta

[452/764] map_march
  OK - 108 rows - MapMarchMeta

[453/764] map_march_icon
  FAILED - System.InvalidOperationException: Multiple generated Meta types accept item set FibMatrix.Config.IntIdMetaSet: UIPreloadMeta, JumpMeta, SettingsMeta, TaskAchievementGroupMeta, TaskAchievementMeta, TaskAchievementTabMeta, ActivityPointMissionMeta, ActivityRaidMeta, CardRaidMeta, CrossActivityMeta, ActivityNewMeta, ActivityHeroAchievementMeta, ActivityDropMeta, ActivityDispathHeroMeta, AllianceMobilizationMeta, AllianceMobilizationRewardMeta, VideoGamesMeta, OptionalWeeklyCardMeta, DarkLegionChallengeMeta, NewSevenLoginMeta

[454/764] map_march_rally
  OK - 58 rows - MapMarchRallyMeta

[455/764] map_monster
  OK - 2,594 rows - MapMonsterMeta

[456/764] map_monster_group
  OK - 208 rows - MapMonsterGroupMeta

[457/764] map_monster_refresh
  OK - 90 rows - MapMonsterRefreshMeta

[458/764] map_rally_refresh
  OK - 139 rows - MapRallyRefreshMeta

[459/764] map_refresh
  FAILED - System.InvalidOperationException: Multiple generated Meta types accept item set FibMatrix.Config.IntIdMetaSet: UIPreloadMeta, JumpMeta, SettingsMeta, TaskAchievementGroupMeta, TaskAchievementMeta, TaskAchievementTabMeta, ActivityPointMissionMeta, ActivityRaidMeta, CardRaidMeta, CrossActivityMeta, ActivityNewMeta, ActivityHeroAchievementMeta, ActivityDropMeta, ActivityDispathHeroMeta, AllianceMobilizationMeta, AllianceMobilizationRewardMeta, VideoGamesMeta, OptionalWeeklyCardMeta, DarkLegionChallengeMeta, NewSevenLoginMeta

[460/764] map_resource
  OK - 394 rows - MapResourceMeta

[461/764] map_resource_kvk
  FAILED - System.InvalidOperationException: Multiple generated Meta types accept item set FibMatrix.Config.IntIdMetaSet: UIPreloadMeta, JumpMeta, SettingsMeta, TaskAchievementGroupMeta, TaskAchievementMeta, TaskAchievementTabMeta, ActivityPointMissionMeta, ActivityRaidMeta, CardRaidMeta, CrossActivityMeta, ActivityNewMeta, ActivityHeroAchievementMeta, ActivityDropMeta, ActivityDispathHeroMeta, AllianceMobilizationMeta, AllianceMobilizationRewardMeta, VideoGamesMeta, OptionalWeeklyCardMeta, DarkLegionChallengeMeta, NewSevenLoginMeta

[462/764] map_resource_season
  FAILED - System.InvalidOperationException: Multiple generated Meta types accept item set FibMatrix.Config.IntIdMetaSet: UIPreloadMeta, JumpMeta, SettingsMeta, TaskAchievementGroupMeta, TaskAchievementMeta, TaskAchievementTabMeta, ActivityPointMissionMeta, ActivityRaidMeta, CardRaidMeta, CrossActivityMeta, ActivityNewMeta, ActivityHeroAchievementMeta, ActivityDropMeta, ActivityDispathHeroMeta, AllianceMobilizationMeta, AllianceMobilizationRewardMeta, VideoGamesMeta, OptionalWeeklyCardMeta, DarkLegionChallengeMeta, NewSevenLoginMeta

[463/764] map_resource_server
  FAILED - System.InvalidOperationException: Multiple generated Meta types accept item set FibMatrix.Config.IntIdMetaSet: UIPreloadMeta, JumpMeta, SettingsMeta, TaskAchievementGroupMeta, TaskAchievementMeta, TaskAchievementTabMeta, ActivityPointMissionMeta, ActivityRaidMeta, CardRaidMeta, CrossActivityMeta, ActivityNewMeta, ActivityHeroAchievementMeta, ActivityDropMeta, ActivityDispathHeroMeta, AllianceMobilizationMeta, AllianceMobilizationRewardMeta, VideoGamesMeta, OptionalWeeklyCardMeta, DarkLegionChallengeMeta, NewSevenLoginMeta

[464/764] map_resource_type
  OK - 10 rows - MapResourceTypeMeta

[465/764] map_robot
  FAILED - System.InvalidOperationException: Multiple generated Meta types accept item set FibMatrix.Config.IntIdMetaSet: UIPreloadMeta, JumpMeta, SettingsMeta, TaskAchievementGroupMeta, TaskAchievementMeta, TaskAchievementTabMeta, ActivityPointMissionMeta, ActivityRaidMeta, CardRaidMeta, CrossActivityMeta, ActivityNewMeta, ActivityHeroAchievementMeta, ActivityDropMeta, ActivityDispathHeroMeta, AllianceMobilizationMeta, AllianceMobilizationRewardMeta, VideoGamesMeta, OptionalWeeklyCardMeta, DarkLegionChallengeMeta, NewSevenLoginMeta

[466/764] map_robot_refresh
  FAILED - System.InvalidOperationException: Multiple generated Meta types accept item set FibMatrix.Config.IntIdMetaSet: UIPreloadMeta, JumpMeta, SettingsMeta, TaskAchievementGroupMeta, TaskAchievementMeta, TaskAchievementTabMeta, ActivityPointMissionMeta, ActivityRaidMeta, CardRaidMeta, CrossActivityMeta, ActivityNewMeta, ActivityHeroAchievementMeta, ActivityDropMeta, ActivityDispathHeroMeta, AllianceMobilizationMeta, AllianceMobilizationRewardMeta, VideoGamesMeta, OptionalWeeklyCardMeta, DarkLegionChallengeMeta, NewSevenLoginMeta

[467/764] map_slg_underpalace
  OK - 4 rows - MapSlgUnderpalaceMeta

[468/764] map_stage
  OK - 7,394 rows - MapStageMeta

[469/764] map_stage_birth
  OK - 35 rows - MapStageBirthMeta

[470/764] map_stage_birth_b
  FAILED - System.InvalidOperationException: Multiple generated Meta types accept item set FibMatrix.Config.IntIdMetaSet: UIPreloadMeta, JumpMeta, SettingsMeta, TaskAchievementGroupMeta, TaskAchievementMeta, TaskAchievementTabMeta, ActivityPointMissionMeta, ActivityRaidMeta, CardRaidMeta, CrossActivityMeta, ActivityNewMeta, ActivityHeroAchievementMeta, ActivityDropMeta, ActivityDispathHeroMeta, AllianceMobilizationMeta, AllianceMobilizationRewardMeta, VideoGamesMeta, OptionalWeeklyCardMeta, DarkLegionChallengeMeta, NewSevenLoginMeta

[471/764] map_stage_wave
  OK - 7,469 rows - MapStageWaveMeta

[472/764] map_world
  OK - 7 rows - MapWorldMeta

[473/764] map_zoom
  OK - 71 rows - MapZoomMeta

[474/764] mark
  OK - 39 rows - MarkMeta

[475/764] medal_task
  OK - 15 rows - MedalTaskMeta

[476/764] mine_reward
  FAILED - System.InvalidOperationException: Multiple generated Meta types accept item set FibMatrix.Config.IntIdMetaSet: UIPreloadMeta, JumpMeta, SettingsMeta, TaskAchievementGroupMeta, TaskAchievementMeta, TaskAchievementTabMeta, ActivityPointMissionMeta, ActivityRaidMeta, CardRaidMeta, CrossActivityMeta, ActivityNewMeta, ActivityHeroAchievementMeta, ActivityDropMeta, ActivityDispathHeroMeta, AllianceMobilizationMeta, AllianceMobilizationRewardMeta, VideoGamesMeta, OptionalWeeklyCardMeta, DarkLegionChallengeMeta, NewSevenLoginMeta

[477/764] mine_treasure
  FAILED - System.InvalidOperationException: Multiple generated Meta types accept item set FibMatrix.Config.IntIdMetaSet: UIPreloadMeta, JumpMeta, SettingsMeta, TaskAchievementGroupMeta, TaskAchievementMeta, TaskAchievementTabMeta, ActivityPointMissionMeta, ActivityRaidMeta, CardRaidMeta, CrossActivityMeta, ActivityNewMeta, ActivityHeroAchievementMeta, ActivityDropMeta, ActivityDispathHeroMeta, AllianceMobilizationMeta, AllianceMobilizationRewardMeta, VideoGamesMeta, OptionalWeeklyCardMeta, DarkLegionChallengeMeta, NewSevenLoginMeta

[478/764] mine_treasure_area
  FAILED - System.InvalidOperationException: Multiple generated Meta types accept item set FibMatrix.Config.IntIdMetaSet: UIPreloadMeta, JumpMeta, SettingsMeta, TaskAchievementGroupMeta, TaskAchievementMeta, TaskAchievementTabMeta, ActivityPointMissionMeta, ActivityRaidMeta, CardRaidMeta, CrossActivityMeta, ActivityNewMeta, ActivityHeroAchievementMeta, ActivityDropMeta, ActivityDispathHeroMeta, AllianceMobilizationMeta, AllianceMobilizationRewardMeta, VideoGamesMeta, OptionalWeeklyCardMeta, DarkLegionChallengeMeta, NewSevenLoginMeta

[479/764] mine_treasure_big_area
  FAILED - System.InvalidOperationException: Multiple generated Meta types accept item set FibMatrix.Config.IntIdMetaSet: UIPreloadMeta, JumpMeta, SettingsMeta, TaskAchievementGroupMeta, TaskAchievementMeta, TaskAchievementTabMeta, ActivityPointMissionMeta, ActivityRaidMeta, CardRaidMeta, CrossActivityMeta, ActivityNewMeta, ActivityHeroAchievementMeta, ActivityDropMeta, ActivityDispathHeroMeta, AllianceMobilizationMeta, AllianceMobilizationRewardMeta, VideoGamesMeta, OptionalWeeklyCardMeta, DarkLegionChallengeMeta, NewSevenLoginMeta

[480/764] mod_permissions
  OK - 8 rows - ModPermissionsMeta

[481/764] monster
  OK - 4,311 rows - MonsterMeta

[482/764] monster_attr
  OK - 400 rows - MonsterAttrMeta

[483/764] monster_dayattr_adjust
  OK - 440 rows - MonsterDayattrAdjustMeta

[484/764] monster_group
  OK - 3,423 rows - MonsterGroupMeta

[485/764] monster_hero
  OK - 43,758 rows - MonsterHeroMeta

[486/764] monster_hero_dayattr_adjust
  OK - 1,187 rows - MonsterHeroDayattrAdjustMeta

[487/764] monster_tower
  OK - 255 rows - MonsterTowerMeta

[488/764] monster_tower_boss
  OK - 218 rows - MonsterTowerBossMeta

[489/764] monthly_discount
  FAILED - System.InvalidOperationException: Multiple generated Meta types accept item set FibMatrix.Config.IntIdMetaSet: UIPreloadMeta, JumpMeta, SettingsMeta, TaskAchievementGroupMeta, TaskAchievementMeta, TaskAchievementTabMeta, ActivityPointMissionMeta, ActivityRaidMeta, CardRaidMeta, CrossActivityMeta, ActivityNewMeta, ActivityHeroAchievementMeta, ActivityDropMeta, ActivityDispathHeroMeta, AllianceMobilizationMeta, AllianceMobilizationRewardMeta, VideoGamesMeta, OptionalWeeklyCardMeta, DarkLegionChallengeMeta, NewSevenLoginMeta

[490/764] monthly_discount_type
  FAILED - System.InvalidOperationException: Multiple generated Meta types accept item set FibMatrix.Config.IntIdMetaSet: UIPreloadMeta, JumpMeta, SettingsMeta, TaskAchievementGroupMeta, TaskAchievementMeta, TaskAchievementTabMeta, ActivityPointMissionMeta, ActivityRaidMeta, CardRaidMeta, CrossActivityMeta, ActivityNewMeta, ActivityHeroAchievementMeta, ActivityDropMeta, ActivityDispathHeroMeta, AllianceMobilizationMeta, AllianceMobilizationRewardMeta, VideoGamesMeta, OptionalWeeklyCardMeta, DarkLegionChallengeMeta, NewSevenLoginMeta

[491/764] monthly_goods
  FAILED - System.InvalidOperationException: Multiple generated Meta types accept item set FibMatrix.Config.IntIdMetaSet: UIPreloadMeta, JumpMeta, SettingsMeta, TaskAchievementGroupMeta, TaskAchievementMeta, TaskAchievementTabMeta, ActivityPointMissionMeta, ActivityRaidMeta, CardRaidMeta, CrossActivityMeta, ActivityNewMeta, ActivityHeroAchievementMeta, ActivityDropMeta, ActivityDispathHeroMeta, AllianceMobilizationMeta, AllianceMobilizationRewardMeta, VideoGamesMeta, OptionalWeeklyCardMeta, DarkLegionChallengeMeta, NewSevenLoginMeta

[492/764] month_off
  FAILED - System.InvalidOperationException: Multiple generated Meta types accept item set FibMatrix.Config.IntIdMetaSet: UIPreloadMeta, JumpMeta, SettingsMeta, TaskAchievementGroupMeta, TaskAchievementMeta, TaskAchievementTabMeta, ActivityPointMissionMeta, ActivityRaidMeta, CardRaidMeta, CrossActivityMeta, ActivityNewMeta, ActivityHeroAchievementMeta, ActivityDropMeta, ActivityDispathHeroMeta, AllianceMobilizationMeta, AllianceMobilizationRewardMeta, VideoGamesMeta, OptionalWeeklyCardMeta, DarkLegionChallengeMeta, NewSevenLoginMeta

[493/764] most_popular
  FAILED - System.InvalidOperationException: Multiple generated Meta types accept item set FibMatrix.Config.IntIdMetaSet: UIPreloadMeta, JumpMeta, SettingsMeta, TaskAchievementGroupMeta, TaskAchievementMeta, TaskAchievementTabMeta, ActivityPointMissionMeta, ActivityRaidMeta, CardRaidMeta, CrossActivityMeta, ActivityNewMeta, ActivityHeroAchievementMeta, ActivityDropMeta, ActivityDispathHeroMeta, AllianceMobilizationMeta, AllianceMobilizationRewardMeta, VideoGamesMeta, OptionalWeeklyCardMeta, DarkLegionChallengeMeta, NewSevenLoginMeta

[494/764] most_popular_msg
  FAILED - System.InvalidOperationException: Multiple generated Meta types accept item set FibMatrix.Config.IntIdMetaSet: UIPreloadMeta, JumpMeta, SettingsMeta, TaskAchievementGroupMeta, TaskAchievementMeta, TaskAchievementTabMeta, ActivityPointMissionMeta, ActivityRaidMeta, CardRaidMeta, CrossActivityMeta, ActivityNewMeta, ActivityHeroAchievementMeta, ActivityDropMeta, ActivityDispathHeroMeta, AllianceMobilizationMeta, AllianceMobilizationRewardMeta, VideoGamesMeta, OptionalWeeklyCardMeta, DarkLegionChallengeMeta, NewSevenLoginMeta

[495/764] most_popular_pk
  FAILED - System.InvalidOperationException: Multiple generated Meta types accept item set FibMatrix.Config.IntIdMetaSet: UIPreloadMeta, JumpMeta, SettingsMeta, TaskAchievementGroupMeta, TaskAchievementMeta, TaskAchievementTabMeta, ActivityPointMissionMeta, ActivityRaidMeta, CardRaidMeta, CrossActivityMeta, ActivityNewMeta, ActivityHeroAchievementMeta, ActivityDropMeta, ActivityDispathHeroMeta, AllianceMobilizationMeta, AllianceMobilizationRewardMeta, VideoGamesMeta, OptionalWeeklyCardMeta, DarkLegionChallengeMeta, NewSevenLoginMeta

[496/764] multiplayer_boss
  FAILED - System.InvalidOperationException: Multiple generated Meta types accept item set FibMatrix.Config.IntIdMetaSet: UIPreloadMeta, JumpMeta, SettingsMeta, TaskAchievementGroupMeta, TaskAchievementMeta, TaskAchievementTabMeta, ActivityPointMissionMeta, ActivityRaidMeta, CardRaidMeta, CrossActivityMeta, ActivityNewMeta, ActivityHeroAchievementMeta, ActivityDropMeta, ActivityDispathHeroMeta, AllianceMobilizationMeta, AllianceMobilizationRewardMeta, VideoGamesMeta, OptionalWeeklyCardMeta, DarkLegionChallengeMeta, NewSevenLoginMeta

[497/764] multiplayer_boss_bullet
  FAILED - System.InvalidOperationException: Multiple generated Meta types accept item set FibMatrix.Config.IntIdMetaSet: UIPreloadMeta, JumpMeta, SettingsMeta, TaskAchievementGroupMeta, TaskAchievementMeta, TaskAchievementTabMeta, ActivityPointMissionMeta, ActivityRaidMeta, CardRaidMeta, CrossActivityMeta, ActivityNewMeta, ActivityHeroAchievementMeta, ActivityDropMeta, ActivityDispathHeroMeta, AllianceMobilizationMeta, AllianceMobilizationRewardMeta, VideoGamesMeta, OptionalWeeklyCardMeta, DarkLegionChallengeMeta, NewSevenLoginMeta

[498/764] multiplayer_boss_skill
  FAILED - System.InvalidOperationException: Multiple generated Meta types accept item set FibMatrix.Config.IntIdMetaSet: UIPreloadMeta, JumpMeta, SettingsMeta, TaskAchievementGroupMeta, TaskAchievementMeta, TaskAchievementTabMeta, ActivityPointMissionMeta, ActivityRaidMeta, CardRaidMeta, CrossActivityMeta, ActivityNewMeta, ActivityHeroAchievementMeta, ActivityDropMeta, ActivityDispathHeroMeta, AllianceMobilizationMeta, AllianceMobilizationRewardMeta, VideoGamesMeta, OptionalWeeklyCardMeta, DarkLegionChallengeMeta, NewSevenLoginMeta

[499/764] multiplayer_move_game
  FAILED - System.InvalidOperationException: Multiple generated Meta types accept item set FibMatrix.Config.IntIdMetaSet: UIPreloadMeta, JumpMeta, SettingsMeta, TaskAchievementGroupMeta, TaskAchievementMeta, TaskAchievementTabMeta, ActivityPointMissionMeta, ActivityRaidMeta, CardRaidMeta, CrossActivityMeta, ActivityNewMeta, ActivityHeroAchievementMeta, ActivityDropMeta, ActivityDispathHeroMeta, AllianceMobilizationMeta, AllianceMobilizationRewardMeta, VideoGamesMeta, OptionalWeeklyCardMeta, DarkLegionChallengeMeta, NewSevenLoginMeta

[500/764] multiplayer_replay
  FAILED - System.InvalidOperationException: Multiple generated Meta types accept item set FibMatrix.Config.IntIdMetaSet: UIPreloadMeta, JumpMeta, SettingsMeta, TaskAchievementGroupMeta, TaskAchievementMeta, TaskAchievementTabMeta, ActivityPointMissionMeta, ActivityRaidMeta, CardRaidMeta, CrossActivityMeta, ActivityNewMeta, ActivityHeroAchievementMeta, ActivityDropMeta, ActivityDispathHeroMeta, AllianceMobilizationMeta, AllianceMobilizationRewardMeta, VideoGamesMeta, OptionalWeeklyCardMeta, DarkLegionChallengeMeta, NewSevenLoginMeta

[501/764] multiplayer_team
  FAILED - System.InvalidOperationException: Multiple generated Meta types accept item set FibMatrix.Config.IntIdMetaSet: UIPreloadMeta, JumpMeta, SettingsMeta, TaskAchievementGroupMeta, TaskAchievementMeta, TaskAchievementTabMeta, ActivityPointMissionMeta, ActivityRaidMeta, CardRaidMeta, CrossActivityMeta, ActivityNewMeta, ActivityHeroAchievementMeta, ActivityDropMeta, ActivityDispathHeroMeta, AllianceMobilizationMeta, AllianceMobilizationRewardMeta, VideoGamesMeta, OptionalWeeklyCardMeta, DarkLegionChallengeMeta, NewSevenLoginMeta

[502/764] multiplayer_team_hero_born
  FAILED - System.InvalidOperationException: Multiple generated Meta types accept item set FibMatrix.Config.IntIdMetaSet: UIPreloadMeta, JumpMeta, SettingsMeta, TaskAchievementGroupMeta, TaskAchievementMeta, TaskAchievementTabMeta, ActivityPointMissionMeta, ActivityRaidMeta, CardRaidMeta, CrossActivityMeta, ActivityNewMeta, ActivityHeroAchievementMeta, ActivityDropMeta, ActivityDispathHeroMeta, AllianceMobilizationMeta, AllianceMobilizationRewardMeta, VideoGamesMeta, OptionalWeeklyCardMeta, DarkLegionChallengeMeta, NewSevenLoginMeta

[503/764] multiplayer_team_new
  FAILED - System.InvalidOperationException: Multiple generated Meta types accept item set FibMatrix.Config.IntIdMetaSet: UIPreloadMeta, JumpMeta, SettingsMeta, TaskAchievementGroupMeta, TaskAchievementMeta, TaskAchievementTabMeta, ActivityPointMissionMeta, ActivityRaidMeta, CardRaidMeta, CrossActivityMeta, ActivityNewMeta, ActivityHeroAchievementMeta, ActivityDropMeta, ActivityDispathHeroMeta, AllianceMobilizationMeta, AllianceMobilizationRewardMeta, VideoGamesMeta, OptionalWeeklyCardMeta, DarkLegionChallengeMeta, NewSevenLoginMeta

[504/764] multiplayer_team_stage
  FAILED - System.InvalidOperationException: Multiple generated Meta types accept item set FibMatrix.Config.IntIdMetaSet: UIPreloadMeta, JumpMeta, SettingsMeta, TaskAchievementGroupMeta, TaskAchievementMeta, TaskAchievementTabMeta, ActivityPointMissionMeta, ActivityRaidMeta, CardRaidMeta, CrossActivityMeta, ActivityNewMeta, ActivityHeroAchievementMeta, ActivityDropMeta, ActivityDispathHeroMeta, AllianceMobilizationMeta, AllianceMobilizationRewardMeta, VideoGamesMeta, OptionalWeeklyCardMeta, DarkLegionChallengeMeta, NewSevenLoginMeta

[505/764] music
  FAILED - System.InvalidOperationException: Multiple generated Meta types accept item set FibMatrix.Config.IntIdMetaSet: UIPreloadMeta, JumpMeta, SettingsMeta, TaskAchievementGroupMeta, TaskAchievementMeta, TaskAchievementTabMeta, ActivityPointMissionMeta, ActivityRaidMeta, CardRaidMeta, CrossActivityMeta, ActivityNewMeta, ActivityHeroAchievementMeta, ActivityDropMeta, ActivityDispathHeroMeta, AllianceMobilizationMeta, AllianceMobilizationRewardMeta, VideoGamesMeta, OptionalWeeklyCardMeta, DarkLegionChallengeMeta, NewSevenLoginMeta

[506/764] new_player_permissions
  FAILED - System.InvalidOperationException: Multiple generated Meta types accept item set FibMatrix.Config.IntIdMetaSet: UIPreloadMeta, JumpMeta, SettingsMeta, TaskAchievementGroupMeta, TaskAchievementMeta, TaskAchievementTabMeta, ActivityPointMissionMeta, ActivityRaidMeta, CardRaidMeta, CrossActivityMeta, ActivityNewMeta, ActivityHeroAchievementMeta, ActivityDropMeta, ActivityDispathHeroMeta, AllianceMobilizationMeta, AllianceMobilizationRewardMeta, VideoGamesMeta, OptionalWeeklyCardMeta, DarkLegionChallengeMeta, NewSevenLoginMeta

[507/764] new_seven_login
  OK - 66 rows - NewSevenLoginMeta

[508/764] notice_setting
  OK - 28 rows - NoticeSettingMeta

[509/764] npc
  OK - 4 rows - NpcMeta

[510/764] open_box
  OK - 186 rows - OpenBoxMeta

[511/764] optional_weekly_card
  OK - 36 rows - OptionalWeeklyCardMeta

[512/764] pal
  FAILED - System.InvalidOperationException: Multiple generated Meta types accept item set FibMatrix.Config.IntIdMetaSet: UIPreloadMeta, JumpMeta, SettingsMeta, TaskAchievementGroupMeta, TaskAchievementMeta, TaskAchievementTabMeta, ActivityPointMissionMeta, ActivityRaidMeta, CardRaidMeta, CrossActivityMeta, ActivityNewMeta, ActivityHeroAchievementMeta, ActivityDropMeta, ActivityDispathHeroMeta, AllianceMobilizationMeta, AllianceMobilizationRewardMeta, VideoGamesMeta, OptionalWeeklyCardMeta, DarkLegionChallengeMeta, NewSevenLoginMeta

[513/764] pal_aura
  FAILED - System.InvalidOperationException: Multiple generated Meta types accept item set FibMatrix.Config.IntIdMetaSet: UIPreloadMeta, JumpMeta, SettingsMeta, TaskAchievementGroupMeta, TaskAchievementMeta, TaskAchievementTabMeta, ActivityPointMissionMeta, ActivityRaidMeta, CardRaidMeta, CrossActivityMeta, ActivityNewMeta, ActivityHeroAchievementMeta, ActivityDropMeta, ActivityDispathHeroMeta, AllianceMobilizationMeta, AllianceMobilizationRewardMeta, VideoGamesMeta, OptionalWeeklyCardMeta, DarkLegionChallengeMeta, NewSevenLoginMeta

[514/764] pal_catch_param
  FAILED - System.InvalidOperationException: Multiple generated Meta types accept item set FibMatrix.Config.IntIdMetaSet: UIPreloadMeta, JumpMeta, SettingsMeta, TaskAchievementGroupMeta, TaskAchievementMeta, TaskAchievementTabMeta, ActivityPointMissionMeta, ActivityRaidMeta, CardRaidMeta, CrossActivityMeta, ActivityNewMeta, ActivityHeroAchievementMeta, ActivityDropMeta, ActivityDispathHeroMeta, AllianceMobilizationMeta, AllianceMobilizationRewardMeta, VideoGamesMeta, OptionalWeeklyCardMeta, DarkLegionChallengeMeta, NewSevenLoginMeta

[515/764] pal_fuse
  FAILED - System.InvalidOperationException: Multiple generated Meta types accept item set FibMatrix.Config.IntIdMetaSet: UIPreloadMeta, JumpMeta, SettingsMeta, TaskAchievementGroupMeta, TaskAchievementMeta, TaskAchievementTabMeta, ActivityPointMissionMeta, ActivityRaidMeta, CardRaidMeta, CrossActivityMeta, ActivityNewMeta, ActivityHeroAchievementMeta, ActivityDropMeta, ActivityDispathHeroMeta, AllianceMobilizationMeta, AllianceMobilizationRewardMeta, VideoGamesMeta, OptionalWeeklyCardMeta, DarkLegionChallengeMeta, NewSevenLoginMeta

[516/764] pal_roll_weight
  FAILED - System.InvalidOperationException: Multiple generated Meta types accept item set FibMatrix.Config.IntIdMetaSet: UIPreloadMeta, JumpMeta, SettingsMeta, TaskAchievementGroupMeta, TaskAchievementMeta, TaskAchievementTabMeta, ActivityPointMissionMeta, ActivityRaidMeta, CardRaidMeta, CrossActivityMeta, ActivityNewMeta, ActivityHeroAchievementMeta, ActivityDropMeta, ActivityDispathHeroMeta, AllianceMobilizationMeta, AllianceMobilizationRewardMeta, VideoGamesMeta, OptionalWeeklyCardMeta, DarkLegionChallengeMeta, NewSevenLoginMeta

[517/764] pal_star
  FAILED - System.InvalidOperationException: Multiple generated Meta types accept item set FibMatrix.Config.IntIdMetaSet: UIPreloadMeta, JumpMeta, SettingsMeta, TaskAchievementGroupMeta, TaskAchievementMeta, TaskAchievementTabMeta, ActivityPointMissionMeta, ActivityRaidMeta, CardRaidMeta, CrossActivityMeta, ActivityNewMeta, ActivityHeroAchievementMeta, ActivityDropMeta, ActivityDispathHeroMeta, AllianceMobilizationMeta, AllianceMobilizationRewardMeta, VideoGamesMeta, OptionalWeeklyCardMeta, DarkLegionChallengeMeta, NewSevenLoginMeta

[518/764] pal_tag
  FAILED - System.InvalidOperationException: Multiple generated Meta types accept item set FibMatrix.Config.IntIdMetaSet: UIPreloadMeta, JumpMeta, SettingsMeta, TaskAchievementGroupMeta, TaskAchievementMeta, TaskAchievementTabMeta, ActivityPointMissionMeta, ActivityRaidMeta, CardRaidMeta, CrossActivityMeta, ActivityNewMeta, ActivityHeroAchievementMeta, ActivityDropMeta, ActivityDispathHeroMeta, AllianceMobilizationMeta, AllianceMobilizationRewardMeta, VideoGamesMeta, OptionalWeeklyCardMeta, DarkLegionChallengeMeta, NewSevenLoginMeta

[519/764] pal_team
  FAILED - System.InvalidOperationException: Multiple generated Meta types accept item set FibMatrix.Config.IntIdMetaSet: UIPreloadMeta, JumpMeta, SettingsMeta, TaskAchievementGroupMeta, TaskAchievementMeta, TaskAchievementTabMeta, ActivityPointMissionMeta, ActivityRaidMeta, CardRaidMeta, CrossActivityMeta, ActivityNewMeta, ActivityHeroAchievementMeta, ActivityDropMeta, ActivityDispathHeroMeta, AllianceMobilizationMeta, AllianceMobilizationRewardMeta, VideoGamesMeta, OptionalWeeklyCardMeta, DarkLegionChallengeMeta, NewSevenLoginMeta

[520/764] pal_teampos
  FAILED - System.InvalidOperationException: Multiple generated Meta types accept item set FibMatrix.Config.IntIdMetaSet: UIPreloadMeta, JumpMeta, SettingsMeta, TaskAchievementGroupMeta, TaskAchievementMeta, TaskAchievementTabMeta, ActivityPointMissionMeta, ActivityRaidMeta, CardRaidMeta, CrossActivityMeta, ActivityNewMeta, ActivityHeroAchievementMeta, ActivityDropMeta, ActivityDispathHeroMeta, AllianceMobilizationMeta, AllianceMobilizationRewardMeta, VideoGamesMeta, OptionalWeeklyCardMeta, DarkLegionChallengeMeta, NewSevenLoginMeta

[521/764] parade_floats
  OK - 9 rows - ParadeFloatsMeta

[522/764] parkour_bullets
  FAILED - System.InvalidOperationException: Multiple generated Meta types accept item set FibMatrix.Config.IntIdMetaSet: UIPreloadMeta, JumpMeta, SettingsMeta, TaskAchievementGroupMeta, TaskAchievementMeta, TaskAchievementTabMeta, ActivityPointMissionMeta, ActivityRaidMeta, CardRaidMeta, CrossActivityMeta, ActivityNewMeta, ActivityHeroAchievementMeta, ActivityDropMeta, ActivityDispathHeroMeta, AllianceMobilizationMeta, AllianceMobilizationRewardMeta, VideoGamesMeta, OptionalWeeklyCardMeta, DarkLegionChallengeMeta, NewSevenLoginMeta

[523/764] parkour_level
  FAILED - System.InvalidOperationException: Multiple generated Meta types accept item set FibMatrix.Config.IntIdMetaSet: UIPreloadMeta, JumpMeta, SettingsMeta, TaskAchievementGroupMeta, TaskAchievementMeta, TaskAchievementTabMeta, ActivityPointMissionMeta, ActivityRaidMeta, CardRaidMeta, CrossActivityMeta, ActivityNewMeta, ActivityHeroAchievementMeta, ActivityDropMeta, ActivityDispathHeroMeta, AllianceMobilizationMeta, AllianceMobilizationRewardMeta, VideoGamesMeta, OptionalWeeklyCardMeta, DarkLegionChallengeMeta, NewSevenLoginMeta

[524/764] parkour_map
  FAILED - System.InvalidOperationException: Multiple generated Meta types accept item set FibMatrix.Config.IntIdMetaSet: UIPreloadMeta, JumpMeta, SettingsMeta, TaskAchievementGroupMeta, TaskAchievementMeta, TaskAchievementTabMeta, ActivityPointMissionMeta, ActivityRaidMeta, CardRaidMeta, CrossActivityMeta, ActivityNewMeta, ActivityHeroAchievementMeta, ActivityDropMeta, ActivityDispathHeroMeta, AllianceMobilizationMeta, AllianceMobilizationRewardMeta, VideoGamesMeta, OptionalWeeklyCardMeta, DarkLegionChallengeMeta, NewSevenLoginMeta

[525/764] parkour_mod
  FAILED - System.InvalidOperationException: Multiple generated Meta types accept item set FibMatrix.Config.IntIdMetaSet: UIPreloadMeta, JumpMeta, SettingsMeta, TaskAchievementGroupMeta, TaskAchievementMeta, TaskAchievementTabMeta, ActivityPointMissionMeta, ActivityRaidMeta, CardRaidMeta, CrossActivityMeta, ActivityNewMeta, ActivityHeroAchievementMeta, ActivityDropMeta, ActivityDispathHeroMeta, AllianceMobilizationMeta, AllianceMobilizationRewardMeta, VideoGamesMeta, OptionalWeeklyCardMeta, DarkLegionChallengeMeta, NewSevenLoginMeta

[526/764] parkour_pos
  FAILED - System.InvalidOperationException: Multiple generated Meta types accept item set FibMatrix.Config.IntIdMetaSet: UIPreloadMeta, JumpMeta, SettingsMeta, TaskAchievementGroupMeta, TaskAchievementMeta, TaskAchievementTabMeta, ActivityPointMissionMeta, ActivityRaidMeta, CardRaidMeta, CrossActivityMeta, ActivityNewMeta, ActivityHeroAchievementMeta, ActivityDropMeta, ActivityDispathHeroMeta, AllianceMobilizationMeta, AllianceMobilizationRewardMeta, VideoGamesMeta, OptionalWeeklyCardMeta, DarkLegionChallengeMeta, NewSevenLoginMeta

[527/764] parkour_skill
  FAILED - System.InvalidOperationException: Multiple generated Meta types accept item set FibMatrix.Config.IntIdMetaSet: UIPreloadMeta, JumpMeta, SettingsMeta, TaskAchievementGroupMeta, TaskAchievementMeta, TaskAchievementTabMeta, ActivityPointMissionMeta, ActivityRaidMeta, CardRaidMeta, CrossActivityMeta, ActivityNewMeta, ActivityHeroAchievementMeta, ActivityDropMeta, ActivityDispathHeroMeta, AllianceMobilizationMeta, AllianceMobilizationRewardMeta, VideoGamesMeta, OptionalWeeklyCardMeta, DarkLegionChallengeMeta, NewSevenLoginMeta

[528/764] parkour_villagers
  FAILED - System.InvalidOperationException: Multiple generated Meta types accept item set FibMatrix.Config.IntIdMetaSet: UIPreloadMeta, JumpMeta, SettingsMeta, TaskAchievementGroupMeta, TaskAchievementMeta, TaskAchievementTabMeta, ActivityPointMissionMeta, ActivityRaidMeta, CardRaidMeta, CrossActivityMeta, ActivityNewMeta, ActivityHeroAchievementMeta, ActivityDropMeta, ActivityDispathHeroMeta, AllianceMobilizationMeta, AllianceMobilizationRewardMeta, VideoGamesMeta, OptionalWeeklyCardMeta, DarkLegionChallengeMeta, NewSevenLoginMeta

[529/764] party_goods
  OK - 19 rows - PartyGoodsMeta

[530/764] personal_record
  FAILED - System.InvalidOperationException: Multiple generated Meta types accept item set FibMatrix.Config.IntIdMetaSet: UIPreloadMeta, JumpMeta, SettingsMeta, TaskAchievementGroupMeta, TaskAchievementMeta, TaskAchievementTabMeta, ActivityPointMissionMeta, ActivityRaidMeta, CardRaidMeta, CrossActivityMeta, ActivityNewMeta, ActivityHeroAchievementMeta, ActivityDropMeta, ActivityDispathHeroMeta, AllianceMobilizationMeta, AllianceMobilizationRewardMeta, VideoGamesMeta, OptionalWeeklyCardMeta, DarkLegionChallengeMeta, NewSevenLoginMeta

[531/764] pet_achievement
  OK - 355 rows - PetAchievementMeta

[532/764] pet_break
  OK - 358 rows - PetBreakMeta

[533/764] pet_detail
  OK - 19 rows - PetDetailMeta

[534/764] pet_egg_task
  OK - 3 rows - PetEggTaskMeta

[535/764] pet_food_convert
  FAILED - System.InvalidOperationException: Multiple generated Meta types accept item set FibMatrix.Config.IntIdMetaSet: UIPreloadMeta, JumpMeta, SettingsMeta, TaskAchievementGroupMeta, TaskAchievementMeta, TaskAchievementTabMeta, ActivityPointMissionMeta, ActivityRaidMeta, CardRaidMeta, CrossActivityMeta, ActivityNewMeta, ActivityHeroAchievementMeta, ActivityDropMeta, ActivityDispathHeroMeta, AllianceMobilizationMeta, AllianceMobilizationRewardMeta, VideoGamesMeta, OptionalWeeklyCardMeta, DarkLegionChallengeMeta, NewSevenLoginMeta

[536/764] pet_guidebook
  OK - 58 rows - PetGuidebookMeta

[537/764] pet_honor
  FAILED - System.InvalidOperationException: Multiple generated Meta types accept item set FibMatrix.Config.IntIdMetaSet: UIPreloadMeta, JumpMeta, SettingsMeta, TaskAchievementGroupMeta, TaskAchievementMeta, TaskAchievementTabMeta, ActivityPointMissionMeta, ActivityRaidMeta, CardRaidMeta, CrossActivityMeta, ActivityNewMeta, ActivityHeroAchievementMeta, ActivityDropMeta, ActivityDispathHeroMeta, AllianceMobilizationMeta, AllianceMobilizationRewardMeta, VideoGamesMeta, OptionalWeeklyCardMeta, DarkLegionChallengeMeta, NewSevenLoginMeta

[538/764] pet_honor_bonus
  FAILED - System.InvalidOperationException: Multiple generated Meta types accept item set FibMatrix.Config.IntIdMetaSet: UIPreloadMeta, JumpMeta, SettingsMeta, TaskAchievementGroupMeta, TaskAchievementMeta, TaskAchievementTabMeta, ActivityPointMissionMeta, ActivityRaidMeta, CardRaidMeta, CrossActivityMeta, ActivityNewMeta, ActivityHeroAchievementMeta, ActivityDropMeta, ActivityDispathHeroMeta, AllianceMobilizationMeta, AllianceMobilizationRewardMeta, VideoGamesMeta, OptionalWeeklyCardMeta, DarkLegionChallengeMeta, NewSevenLoginMeta

[539/764] pet_incubate
  OK - 5 rows - PetIncubateMeta

[540/764] pet_level
  OK - 2,280 rows - PetLevelMeta

[541/764] pinball
  FAILED - System.InvalidOperationException: Multiple generated Meta types accept item set FibMatrix.Config.IntIdMetaSet: UIPreloadMeta, JumpMeta, SettingsMeta, TaskAchievementGroupMeta, TaskAchievementMeta, TaskAchievementTabMeta, ActivityPointMissionMeta, ActivityRaidMeta, CardRaidMeta, CrossActivityMeta, ActivityNewMeta, ActivityHeroAchievementMeta, ActivityDropMeta, ActivityDispathHeroMeta, AllianceMobilizationMeta, AllianceMobilizationRewardMeta, VideoGamesMeta, OptionalWeeklyCardMeta, DarkLegionChallengeMeta, NewSevenLoginMeta

[542/764] pinball_map
  FAILED - System.InvalidOperationException: Multiple generated Meta types accept item set FibMatrix.Config.IntIdMetaSet: UIPreloadMeta, JumpMeta, SettingsMeta, TaskAchievementGroupMeta, TaskAchievementMeta, TaskAchievementTabMeta, ActivityPointMissionMeta, ActivityRaidMeta, CardRaidMeta, CrossActivityMeta, ActivityNewMeta, ActivityHeroAchievementMeta, ActivityDropMeta, ActivityDispathHeroMeta, AllianceMobilizationMeta, AllianceMobilizationRewardMeta, VideoGamesMeta, OptionalWeeklyCardMeta, DarkLegionChallengeMeta, NewSevenLoginMeta

[543/764] pinball_map_rate
  FAILED - System.InvalidOperationException: Multiple generated Meta types accept item set FibMatrix.Config.IntIdMetaSet: UIPreloadMeta, JumpMeta, SettingsMeta, TaskAchievementGroupMeta, TaskAchievementMeta, TaskAchievementTabMeta, ActivityPointMissionMeta, ActivityRaidMeta, CardRaidMeta, CrossActivityMeta, ActivityNewMeta, ActivityHeroAchievementMeta, ActivityDropMeta, ActivityDispathHeroMeta, AllianceMobilizationMeta, AllianceMobilizationRewardMeta, VideoGamesMeta, OptionalWeeklyCardMeta, DarkLegionChallengeMeta, NewSevenLoginMeta

[544/764] pipeline_bg
  FAILED - System.InvalidOperationException: Multiple generated Meta types accept item set FibMatrix.Config.IntIdMetaSet: UIPreloadMeta, JumpMeta, SettingsMeta, TaskAchievementGroupMeta, TaskAchievementMeta, TaskAchievementTabMeta, ActivityPointMissionMeta, ActivityRaidMeta, CardRaidMeta, CrossActivityMeta, ActivityNewMeta, ActivityHeroAchievementMeta, ActivityDropMeta, ActivityDispathHeroMeta, AllianceMobilizationMeta, AllianceMobilizationRewardMeta, VideoGamesMeta, OptionalWeeklyCardMeta, DarkLegionChallengeMeta, NewSevenLoginMeta

[545/764] pipeline_jump
  FAILED - System.InvalidOperationException: Multiple generated Meta types accept item set FibMatrix.Config.IntIdMetaSet: UIPreloadMeta, JumpMeta, SettingsMeta, TaskAchievementGroupMeta, TaskAchievementMeta, TaskAchievementTabMeta, ActivityPointMissionMeta, ActivityRaidMeta, CardRaidMeta, CrossActivityMeta, ActivityNewMeta, ActivityHeroAchievementMeta, ActivityDropMeta, ActivityDispathHeroMeta, AllianceMobilizationMeta, AllianceMobilizationRewardMeta, VideoGamesMeta, OptionalWeeklyCardMeta, DarkLegionChallengeMeta, NewSevenLoginMeta

[546/764] pipeline_jump_day
  FAILED - System.InvalidOperationException: Multiple generated Meta types accept item set FibMatrix.Config.IntIdMetaSet: UIPreloadMeta, JumpMeta, SettingsMeta, TaskAchievementGroupMeta, TaskAchievementMeta, TaskAchievementTabMeta, ActivityPointMissionMeta, ActivityRaidMeta, CardRaidMeta, CrossActivityMeta, ActivityNewMeta, ActivityHeroAchievementMeta, ActivityDropMeta, ActivityDispathHeroMeta, AllianceMobilizationMeta, AllianceMobilizationRewardMeta, VideoGamesMeta, OptionalWeeklyCardMeta, DarkLegionChallengeMeta, NewSevenLoginMeta

[547/764] pipeline_jump_props
  FAILED - System.InvalidOperationException: Multiple generated Meta types accept item set FibMatrix.Config.IntIdMetaSet: UIPreloadMeta, JumpMeta, SettingsMeta, TaskAchievementGroupMeta, TaskAchievementMeta, TaskAchievementTabMeta, ActivityPointMissionMeta, ActivityRaidMeta, CardRaidMeta, CrossActivityMeta, ActivityNewMeta, ActivityHeroAchievementMeta, ActivityDropMeta, ActivityDispathHeroMeta, AllianceMobilizationMeta, AllianceMobilizationRewardMeta, VideoGamesMeta, OptionalWeeklyCardMeta, DarkLegionChallengeMeta, NewSevenLoginMeta

[548/764] pipeline_jump_stage
  FAILED - System.InvalidOperationException: Multiple generated Meta types accept item set FibMatrix.Config.IntIdMetaSet: UIPreloadMeta, JumpMeta, SettingsMeta, TaskAchievementGroupMeta, TaskAchievementMeta, TaskAchievementTabMeta, ActivityPointMissionMeta, ActivityRaidMeta, CardRaidMeta, CrossActivityMeta, ActivityNewMeta, ActivityHeroAchievementMeta, ActivityDropMeta, ActivityDispathHeroMeta, AllianceMobilizationMeta, AllianceMobilizationRewardMeta, VideoGamesMeta, OptionalWeeklyCardMeta, DarkLegionChallengeMeta, NewSevenLoginMeta

[549/764] player_dress
  OK - 154 rows - PlayerDressMeta

[550/764] player_dress_lvup
  FAILED - System.InvalidOperationException: Multiple generated Meta types accept item set FibMatrix.Config.IntIdMetaSet: UIPreloadMeta, JumpMeta, SettingsMeta, TaskAchievementGroupMeta, TaskAchievementMeta, TaskAchievementTabMeta, ActivityPointMissionMeta, ActivityRaidMeta, CardRaidMeta, CrossActivityMeta, ActivityNewMeta, ActivityHeroAchievementMeta, ActivityDropMeta, ActivityDispathHeroMeta, AllianceMobilizationMeta, AllianceMobilizationRewardMeta, VideoGamesMeta, OptionalWeeklyCardMeta, DarkLegionChallengeMeta, NewSevenLoginMeta

[551/764] player_rune
  OK - 72 rows - PlayerRuneMeta

[552/764] player_talent
  OK - 42 rows - PlayerTalentMeta

[553/764] player_talent_detail
  OK - 280 rows - PlayerTalentDetailMeta

[554/764] player_talent_professional
  OK - 2 rows - PlayerTalentProfessionalMeta

[555/764] privilege
  OK - 19 rows - PrivilegeMeta

[556/764] Privilege_unlock
  OK - 9 rows - PrivilegeUnlockMeta

[557/764] professional
  FAILED - System.InvalidOperationException: Multiple generated Meta types accept item set FibMatrix.Config.IntIdMetaSet: UIPreloadMeta, JumpMeta, SettingsMeta, TaskAchievementGroupMeta, TaskAchievementMeta, TaskAchievementTabMeta, ActivityPointMissionMeta, ActivityRaidMeta, CardRaidMeta, CrossActivityMeta, ActivityNewMeta, ActivityHeroAchievementMeta, ActivityDropMeta, ActivityDispathHeroMeta, AllianceMobilizationMeta, AllianceMobilizationRewardMeta, VideoGamesMeta, OptionalWeeklyCardMeta, DarkLegionChallengeMeta, NewSevenLoginMeta

[558/764] professional_advanced_detail
  FAILED - System.InvalidOperationException: Multiple generated Meta types accept item set FibMatrix.Config.IntIdMetaSet: UIPreloadMeta, JumpMeta, SettingsMeta, TaskAchievementGroupMeta, TaskAchievementMeta, TaskAchievementTabMeta, ActivityPointMissionMeta, ActivityRaidMeta, CardRaidMeta, CrossActivityMeta, ActivityNewMeta, ActivityHeroAchievementMeta, ActivityDropMeta, ActivityDispathHeroMeta, AllianceMobilizationMeta, AllianceMobilizationRewardMeta, VideoGamesMeta, OptionalWeeklyCardMeta, DarkLegionChallengeMeta, NewSevenLoginMeta

[559/764] professional_advanced_tree
  FAILED - System.InvalidOperationException: Multiple generated Meta types accept item set FibMatrix.Config.IntIdMetaSet: UIPreloadMeta, JumpMeta, SettingsMeta, TaskAchievementGroupMeta, TaskAchievementMeta, TaskAchievementTabMeta, ActivityPointMissionMeta, ActivityRaidMeta, CardRaidMeta, CrossActivityMeta, ActivityNewMeta, ActivityHeroAchievementMeta, ActivityDropMeta, ActivityDispathHeroMeta, AllianceMobilizationMeta, AllianceMobilizationRewardMeta, VideoGamesMeta, OptionalWeeklyCardMeta, DarkLegionChallengeMeta, NewSevenLoginMeta

[560/764] professional_lv
  FAILED - System.InvalidOperationException: Multiple generated Meta types accept item set FibMatrix.Config.IntIdMetaSet: UIPreloadMeta, JumpMeta, SettingsMeta, TaskAchievementGroupMeta, TaskAchievementMeta, TaskAchievementTabMeta, ActivityPointMissionMeta, ActivityRaidMeta, CardRaidMeta, CrossActivityMeta, ActivityNewMeta, ActivityHeroAchievementMeta, ActivityDropMeta, ActivityDispathHeroMeta, AllianceMobilizationMeta, AllianceMobilizationRewardMeta, VideoGamesMeta, OptionalWeeklyCardMeta, DarkLegionChallengeMeta, NewSevenLoginMeta

[561/764] professional_season
  FAILED - System.InvalidOperationException: Multiple generated Meta types accept item set FibMatrix.Config.IntIdMetaSet: UIPreloadMeta, JumpMeta, SettingsMeta, TaskAchievementGroupMeta, TaskAchievementMeta, TaskAchievementTabMeta, ActivityPointMissionMeta, ActivityRaidMeta, CardRaidMeta, CrossActivityMeta, ActivityNewMeta, ActivityHeroAchievementMeta, ActivityDropMeta, ActivityDispathHeroMeta, AllianceMobilizationMeta, AllianceMobilizationRewardMeta, VideoGamesMeta, OptionalWeeklyCardMeta, DarkLegionChallengeMeta, NewSevenLoginMeta

[562/764] professional_task
  FAILED - System.InvalidOperationException: Multiple generated Meta types accept item set FibMatrix.Config.IntIdMetaSet: UIPreloadMeta, JumpMeta, SettingsMeta, TaskAchievementGroupMeta, TaskAchievementMeta, TaskAchievementTabMeta, ActivityPointMissionMeta, ActivityRaidMeta, CardRaidMeta, CrossActivityMeta, ActivityNewMeta, ActivityHeroAchievementMeta, ActivityDropMeta, ActivityDispathHeroMeta, AllianceMobilizationMeta, AllianceMobilizationRewardMeta, VideoGamesMeta, OptionalWeeklyCardMeta, DarkLegionChallengeMeta, NewSevenLoginMeta

[563/764] property
  OK - 150 rows - PropertyMeta

[564/764] pubg_ai
  FAILED - System.InvalidOperationException: Multiple generated Meta types accept item set FibMatrix.Config.IntIdMetaSet: UIPreloadMeta, JumpMeta, SettingsMeta, TaskAchievementGroupMeta, TaskAchievementMeta, TaskAchievementTabMeta, ActivityPointMissionMeta, ActivityRaidMeta, CardRaidMeta, CrossActivityMeta, ActivityNewMeta, ActivityHeroAchievementMeta, ActivityDropMeta, ActivityDispathHeroMeta, AllianceMobilizationMeta, AllianceMobilizationRewardMeta, VideoGamesMeta, OptionalWeeklyCardMeta, DarkLegionChallengeMeta, NewSevenLoginMeta

[565/764] pubg_building
  FAILED - System.InvalidOperationException: Multiple generated Meta types accept item set FibMatrix.Config.IntIdMetaSet: UIPreloadMeta, JumpMeta, SettingsMeta, TaskAchievementGroupMeta, TaskAchievementMeta, TaskAchievementTabMeta, ActivityPointMissionMeta, ActivityRaidMeta, CardRaidMeta, CrossActivityMeta, ActivityNewMeta, ActivityHeroAchievementMeta, ActivityDropMeta, ActivityDispathHeroMeta, AllianceMobilizationMeta, AllianceMobilizationRewardMeta, VideoGamesMeta, OptionalWeeklyCardMeta, DarkLegionChallengeMeta, NewSevenLoginMeta

[566/764] pubg_gas
  FAILED - System.InvalidOperationException: Multiple generated Meta types accept item set FibMatrix.Config.IntIdMetaSet: UIPreloadMeta, JumpMeta, SettingsMeta, TaskAchievementGroupMeta, TaskAchievementMeta, TaskAchievementTabMeta, ActivityPointMissionMeta, ActivityRaidMeta, CardRaidMeta, CrossActivityMeta, ActivityNewMeta, ActivityHeroAchievementMeta, ActivityDropMeta, ActivityDispathHeroMeta, AllianceMobilizationMeta, AllianceMobilizationRewardMeta, VideoGamesMeta, OptionalWeeklyCardMeta, DarkLegionChallengeMeta, NewSevenLoginMeta

[567/764] pubg_goods
  FAILED - System.InvalidOperationException: Multiple generated Meta types accept item set FibMatrix.Config.IntIdMetaSet: UIPreloadMeta, JumpMeta, SettingsMeta, TaskAchievementGroupMeta, TaskAchievementMeta, TaskAchievementTabMeta, ActivityPointMissionMeta, ActivityRaidMeta, CardRaidMeta, CrossActivityMeta, ActivityNewMeta, ActivityHeroAchievementMeta, ActivityDropMeta, ActivityDispathHeroMeta, AllianceMobilizationMeta, AllianceMobilizationRewardMeta, VideoGamesMeta, OptionalWeeklyCardMeta, DarkLegionChallengeMeta, NewSevenLoginMeta

[568/764] pubg_rank
  FAILED - System.InvalidOperationException: Multiple generated Meta types accept item set FibMatrix.Config.IntIdMetaSet: UIPreloadMeta, JumpMeta, SettingsMeta, TaskAchievementGroupMeta, TaskAchievementMeta, TaskAchievementTabMeta, ActivityPointMissionMeta, ActivityRaidMeta, CardRaidMeta, CrossActivityMeta, ActivityNewMeta, ActivityHeroAchievementMeta, ActivityDropMeta, ActivityDispathHeroMeta, AllianceMobilizationMeta, AllianceMobilizationRewardMeta, VideoGamesMeta, OptionalWeeklyCardMeta, DarkLegionChallengeMeta, NewSevenLoginMeta

[569/764] push_gift
  OK - 24 rows - PushGiftMeta

[570/764] pv_subtitle
  FAILED - System.InvalidOperationException: Multiple generated Meta types accept item set FibMatrix.Config.IntIdMetaSet: UIPreloadMeta, JumpMeta, SettingsMeta, TaskAchievementGroupMeta, TaskAchievementMeta, TaskAchievementTabMeta, ActivityPointMissionMeta, ActivityRaidMeta, CardRaidMeta, CrossActivityMeta, ActivityNewMeta, ActivityHeroAchievementMeta, ActivityDropMeta, ActivityDispathHeroMeta, AllianceMobilizationMeta, AllianceMobilizationRewardMeta, VideoGamesMeta, OptionalWeeklyCardMeta, DarkLegionChallengeMeta, NewSevenLoginMeta

[571/764] queue_building
  OK - 5 rows - QueueBuildingMeta

[572/764] race_alliance
  OK - 120 rows - RaceAllianceMeta

[573/764] race_alliance_match
  FAILED - System.InvalidOperationException: Multiple generated Meta types accept item set FibMatrix.Config.IntIdMetaSet: UIPreloadMeta, JumpMeta, SettingsMeta, TaskAchievementGroupMeta, TaskAchievementMeta, TaskAchievementTabMeta, ActivityPointMissionMeta, ActivityRaidMeta, CardRaidMeta, CrossActivityMeta, ActivityNewMeta, ActivityHeroAchievementMeta, ActivityDropMeta, ActivityDispathHeroMeta, AllianceMobilizationMeta, AllianceMobilizationRewardMeta, VideoGamesMeta, OptionalWeeklyCardMeta, DarkLegionChallengeMeta, NewSevenLoginMeta

[574/764] race_alliance_reward
  OK - 20 rows - RaceAllianceRewardMeta

[575/764] race_challenge
  OK - 114 rows - RaceChallengeMeta

[576/764] race_top
  OK - 111 rows - RaceTopMeta

[577/764] race_top_alliance
  OK - 12 rows - RaceTopAllianceMeta

[578/764] raid_battlefield
  OK - 360 rows - RaidBattlefieldMeta

[579/764] raid_battlefield_group
  OK - 6 rows - RaidBattlefieldGroupMeta

[580/764] raid_treasure
  OK - 160 rows - RaidTreasureMeta

[581/764] raid_treasure_group
  OK - 3 rows - RaidTreasureGroupMeta

[582/764] random_alliance_tag
  FAILED - System.InvalidOperationException: Multiple generated Meta types accept item set FibMatrix.Config.IntIdMetaSet: UIPreloadMeta, JumpMeta, SettingsMeta, TaskAchievementGroupMeta, TaskAchievementMeta, TaskAchievementTabMeta, ActivityPointMissionMeta, ActivityRaidMeta, CardRaidMeta, CrossActivityMeta, ActivityNewMeta, ActivityHeroAchievementMeta, ActivityDropMeta, ActivityDispathHeroMeta, AllianceMobilizationMeta, AllianceMobilizationRewardMeta, VideoGamesMeta, OptionalWeeklyCardMeta, DarkLegionChallengeMeta, NewSevenLoginMeta

[583/764] random_name
  FAILED - System.InvalidOperationException: Multiple generated Meta types accept item set FibMatrix.Config.IntIdMetaSet: UIPreloadMeta, JumpMeta, SettingsMeta, TaskAchievementGroupMeta, TaskAchievementMeta, TaskAchievementTabMeta, ActivityPointMissionMeta, ActivityRaidMeta, CardRaidMeta, CrossActivityMeta, ActivityNewMeta, ActivityHeroAchievementMeta, ActivityDropMeta, ActivityDispathHeroMeta, AllianceMobilizationMeta, AllianceMobilizationRewardMeta, VideoGamesMeta, OptionalWeeklyCardMeta, DarkLegionChallengeMeta, NewSevenLoginMeta

[584/764] red_envelope
  FAILED - System.InvalidOperationException: Multiple generated Meta types accept item set FibMatrix.Config.IntIdMetaSet: UIPreloadMeta, JumpMeta, SettingsMeta, TaskAchievementGroupMeta, TaskAchievementMeta, TaskAchievementTabMeta, ActivityPointMissionMeta, ActivityRaidMeta, CardRaidMeta, CrossActivityMeta, ActivityNewMeta, ActivityHeroAchievementMeta, ActivityDropMeta, ActivityDispathHeroMeta, AllianceMobilizationMeta, AllianceMobilizationRewardMeta, VideoGamesMeta, OptionalWeeklyCardMeta, DarkLegionChallengeMeta, NewSevenLoginMeta

[585/764] red_point_reward
  FAILED - System.InvalidOperationException: Multiple generated Meta types accept item set FibMatrix.Config.IntIdMetaSet: UIPreloadMeta, JumpMeta, SettingsMeta, TaskAchievementGroupMeta, TaskAchievementMeta, TaskAchievementTabMeta, ActivityPointMissionMeta, ActivityRaidMeta, CardRaidMeta, CrossActivityMeta, ActivityNewMeta, ActivityHeroAchievementMeta, ActivityDropMeta, ActivityDispathHeroMeta, AllianceMobilizationMeta, AllianceMobilizationRewardMeta, VideoGamesMeta, OptionalWeeklyCardMeta, DarkLegionChallengeMeta, NewSevenLoginMeta

[586/764] reward
  FAILED - System.ArgumentNullException: Value cannot be null.
Parameter name: key

[587/764] reward_activity
  FAILED - System.InvalidOperationException: Multiple generated Meta types accept item set FibMatrix.Config.IntIdMetaSet: UIPreloadMeta, JumpMeta, SettingsMeta, TaskAchievementGroupMeta, TaskAchievementMeta, TaskAchievementTabMeta, ActivityPointMissionMeta, ActivityRaidMeta, CardRaidMeta, CrossActivityMeta, ActivityNewMeta, ActivityHeroAchievementMeta, ActivityDropMeta, ActivityDispathHeroMeta, AllianceMobilizationMeta, AllianceMobilizationRewardMeta, VideoGamesMeta, OptionalWeeklyCardMeta, DarkLegionChallengeMeta, NewSevenLoginMeta

[588/764] reward_continuous
  FAILED - System.InvalidOperationException: Multiple generated Meta types accept item set FibMatrix.Config.IntIdMetaSet: UIPreloadMeta, JumpMeta, SettingsMeta, TaskAchievementGroupMeta, TaskAchievementMeta, TaskAchievementTabMeta, ActivityPointMissionMeta, ActivityRaidMeta, CardRaidMeta, CrossActivityMeta, ActivityNewMeta, ActivityHeroAchievementMeta, ActivityDropMeta, ActivityDispathHeroMeta, AllianceMobilizationMeta, AllianceMobilizationRewardMeta, VideoGamesMeta, OptionalWeeklyCardMeta, DarkLegionChallengeMeta, NewSevenLoginMeta

[589/764] reward_equipment
  OK - 748 rows - RewardEquipmentMeta

[590/764] reward_group
  FAILED - System.NullReferenceException: Object reference not set to an instance of an object.

[591/764] reward_hero
  OK - 155 rows - RewardHeroMeta

[592/764] reward_hero_new
  OK - 49 rows - RewardHeroNewMeta

[593/764] reward_lifetime
  OK - 97 rows - RewardLifetimeMeta

[594/764] reward_numerical_new
  OK - 6,937 rows - RewardNumericalNewMeta

[595/764] reward_rank
  OK - 5,473 rows - RewardRankMeta

[596/764] reward_ratio
  OK - 380 rows - RewardRatioMeta

[597/764] reward_season
  FAILED - System.InvalidOperationException: Multiple generated Meta types accept item set FibMatrix.Config.IntIdMetaSet: UIPreloadMeta, JumpMeta, SettingsMeta, TaskAchievementGroupMeta, TaskAchievementMeta, TaskAchievementTabMeta, ActivityPointMissionMeta, ActivityRaidMeta, CardRaidMeta, CrossActivityMeta, ActivityNewMeta, ActivityHeroAchievementMeta, ActivityDropMeta, ActivityDispathHeroMeta, AllianceMobilizationMeta, AllianceMobilizationRewardMeta, VideoGamesMeta, OptionalWeeklyCardMeta, DarkLegionChallengeMeta, NewSevenLoginMeta

[598/764] reward_season_replace
  FAILED - System.InvalidOperationException: Multiple generated Meta types accept item set FibMatrix.Config.IntIdMetaSet: UIPreloadMeta, JumpMeta, SettingsMeta, TaskAchievementGroupMeta, TaskAchievementMeta, TaskAchievementTabMeta, ActivityPointMissionMeta, ActivityRaidMeta, CardRaidMeta, CrossActivityMeta, ActivityNewMeta, ActivityHeroAchievementMeta, ActivityDropMeta, ActivityDispathHeroMeta, AllianceMobilizationMeta, AllianceMobilizationRewardMeta, VideoGamesMeta, OptionalWeeklyCardMeta, DarkLegionChallengeMeta, NewSevenLoginMeta

[599/764] reward_single
  FAILED - System.InvalidOperationException: Multiple generated Meta types accept item set FibMatrix.Config.IntIdMetaSet: UIPreloadMeta, JumpMeta, SettingsMeta, TaskAchievementGroupMeta, TaskAchievementMeta, TaskAchievementTabMeta, ActivityPointMissionMeta, ActivityRaidMeta, CardRaidMeta, CrossActivityMeta, ActivityNewMeta, ActivityHeroAchievementMeta, ActivityDropMeta, ActivityDispathHeroMeta, AllianceMobilizationMeta, AllianceMobilizationRewardMeta, VideoGamesMeta, OptionalWeeklyCardMeta, DarkLegionChallengeMeta, NewSevenLoginMeta

[600/764] reward_special
  OK - 1,238 rows - RewardSpecialMeta

[601/764] reward_whitelist
  FAILED - System.InvalidOperationException: Multiple generated Meta types accept item set FibMatrix.Config.IntIdMetaSet: UIPreloadMeta, JumpMeta, SettingsMeta, TaskAchievementGroupMeta, TaskAchievementMeta, TaskAchievementTabMeta, ActivityPointMissionMeta, ActivityRaidMeta, CardRaidMeta, CrossActivityMeta, ActivityNewMeta, ActivityHeroAchievementMeta, ActivityDropMeta, ActivityDispathHeroMeta, AllianceMobilizationMeta, AllianceMobilizationRewardMeta, VideoGamesMeta, OptionalWeeklyCardMeta, DarkLegionChallengeMeta, NewSevenLoginMeta

[602/764] rich_man
  OK - 18 rows - RichManMeta

[603/764] rich_man_event
  OK - 36 rows - RichManEventMeta

[604/764] rich_man_map
  OK - 416 rows - RichManMapMeta

[605/764] rob_setting
  FAILED - System.InvalidOperationException: Multiple generated Meta types accept item set FibMatrix.Config.IntIdMetaSet: UIPreloadMeta, JumpMeta, SettingsMeta, TaskAchievementGroupMeta, TaskAchievementMeta, TaskAchievementTabMeta, ActivityPointMissionMeta, ActivityRaidMeta, CardRaidMeta, CrossActivityMeta, ActivityNewMeta, ActivityHeroAchievementMeta, ActivityDropMeta, ActivityDispathHeroMeta, AllianceMobilizationMeta, AllianceMobilizationRewardMeta, VideoGamesMeta, OptionalWeeklyCardMeta, DarkLegionChallengeMeta, NewSevenLoginMeta

[606/764] season_activity_normalsys_enha
  FAILED - System.InvalidOperationException: Multiple generated Meta types accept item set FibMatrix.Config.IntIdMetaSet: UIPreloadMeta, JumpMeta, SettingsMeta, TaskAchievementGroupMeta, TaskAchievementMeta, TaskAchievementTabMeta, ActivityPointMissionMeta, ActivityRaidMeta, CardRaidMeta, CrossActivityMeta, ActivityNewMeta, ActivityHeroAchievementMeta, ActivityDropMeta, ActivityDispathHeroMeta, AllianceMobilizationMeta, AllianceMobilizationRewardMeta, VideoGamesMeta, OptionalWeeklyCardMeta, DarkLegionChallengeMeta, NewSevenLoginMeta

[607/764] season_activity_panel
  FAILED - System.InvalidOperationException: Multiple generated Meta types accept item set FibMatrix.Config.IntIdMetaSet: UIPreloadMeta, JumpMeta, SettingsMeta, TaskAchievementGroupMeta, TaskAchievementMeta, TaskAchievementTabMeta, ActivityPointMissionMeta, ActivityRaidMeta, CardRaidMeta, CrossActivityMeta, ActivityNewMeta, ActivityHeroAchievementMeta, ActivityDropMeta, ActivityDispathHeroMeta, AllianceMobilizationMeta, AllianceMobilizationRewardMeta, VideoGamesMeta, OptionalWeeklyCardMeta, DarkLegionChallengeMeta, NewSevenLoginMeta

[608/764] season_activity_panel_tab
  FAILED - System.InvalidOperationException: Multiple generated Meta types accept item set FibMatrix.Config.IntIdMetaSet: UIPreloadMeta, JumpMeta, SettingsMeta, TaskAchievementGroupMeta, TaskAchievementMeta, TaskAchievementTabMeta, ActivityPointMissionMeta, ActivityRaidMeta, CardRaidMeta, CrossActivityMeta, ActivityNewMeta, ActivityHeroAchievementMeta, ActivityDropMeta, ActivityDispathHeroMeta, AllianceMobilizationMeta, AllianceMobilizationRewardMeta, VideoGamesMeta, OptionalWeeklyCardMeta, DarkLegionChallengeMeta, NewSevenLoginMeta

[609/764] season_activity_preview
  FAILED - System.InvalidOperationException: Multiple generated Meta types accept item set FibMatrix.Config.IntIdMetaSet: UIPreloadMeta, JumpMeta, SettingsMeta, TaskAchievementGroupMeta, TaskAchievementMeta, TaskAchievementTabMeta, ActivityPointMissionMeta, ActivityRaidMeta, CardRaidMeta, CrossActivityMeta, ActivityNewMeta, ActivityHeroAchievementMeta, ActivityDropMeta, ActivityDispathHeroMeta, AllianceMobilizationMeta, AllianceMobilizationRewardMeta, VideoGamesMeta, OptionalWeeklyCardMeta, DarkLegionChallengeMeta, NewSevenLoginMeta

[610/764] season_business
  FAILED - System.InvalidOperationException: Multiple generated Meta types accept item set FibMatrix.Config.IntIdMetaSet: UIPreloadMeta, JumpMeta, SettingsMeta, TaskAchievementGroupMeta, TaskAchievementMeta, TaskAchievementTabMeta, ActivityPointMissionMeta, ActivityRaidMeta, CardRaidMeta, CrossActivityMeta, ActivityNewMeta, ActivityHeroAchievementMeta, ActivityDropMeta, ActivityDispathHeroMeta, AllianceMobilizationMeta, AllianceMobilizationRewardMeta, VideoGamesMeta, OptionalWeeklyCardMeta, DarkLegionChallengeMeta, NewSevenLoginMeta

[611/764] season_data_report
  FAILED - System.InvalidOperationException: Multiple generated Meta types accept item set FibMatrix.Config.IntIdMetaSet: UIPreloadMeta, JumpMeta, SettingsMeta, TaskAchievementGroupMeta, TaskAchievementMeta, TaskAchievementTabMeta, ActivityPointMissionMeta, ActivityRaidMeta, CardRaidMeta, CrossActivityMeta, ActivityNewMeta, ActivityHeroAchievementMeta, ActivityDropMeta, ActivityDispathHeroMeta, AllianceMobilizationMeta, AllianceMobilizationRewardMeta, VideoGamesMeta, OptionalWeeklyCardMeta, DarkLegionChallengeMeta, NewSevenLoginMeta

[612/764] season_encounter
  FAILED - System.InvalidOperationException: Multiple generated Meta types accept item set FibMatrix.Config.IntIdMetaSet: UIPreloadMeta, JumpMeta, SettingsMeta, TaskAchievementGroupMeta, TaskAchievementMeta, TaskAchievementTabMeta, ActivityPointMissionMeta, ActivityRaidMeta, CardRaidMeta, CrossActivityMeta, ActivityNewMeta, ActivityHeroAchievementMeta, ActivityDropMeta, ActivityDispathHeroMeta, AllianceMobilizationMeta, AllianceMobilizationRewardMeta, VideoGamesMeta, OptionalWeeklyCardMeta, DarkLegionChallengeMeta, NewSevenLoginMeta

[613/764] season_encounter_milestone
  FAILED - System.InvalidOperationException: Multiple generated Meta types accept item set FibMatrix.Config.IntIdMetaSet: UIPreloadMeta, JumpMeta, SettingsMeta, TaskAchievementGroupMeta, TaskAchievementMeta, TaskAchievementTabMeta, ActivityPointMissionMeta, ActivityRaidMeta, CardRaidMeta, CrossActivityMeta, ActivityNewMeta, ActivityHeroAchievementMeta, ActivityDropMeta, ActivityDispathHeroMeta, AllianceMobilizationMeta, AllianceMobilizationRewardMeta, VideoGamesMeta, OptionalWeeklyCardMeta, DarkLegionChallengeMeta, NewSevenLoginMeta

[614/764] season_env
  FAILED - System.InvalidOperationException: Multiple generated Meta types accept item set FibMatrix.Config.IntIdMetaSet: UIPreloadMeta, JumpMeta, SettingsMeta, TaskAchievementGroupMeta, TaskAchievementMeta, TaskAchievementTabMeta, ActivityPointMissionMeta, ActivityRaidMeta, CardRaidMeta, CrossActivityMeta, ActivityNewMeta, ActivityHeroAchievementMeta, ActivityDropMeta, ActivityDispathHeroMeta, AllianceMobilizationMeta, AllianceMobilizationRewardMeta, VideoGamesMeta, OptionalWeeklyCardMeta, DarkLegionChallengeMeta, NewSevenLoginMeta

[615/764] season_faction
  FAILED - System.InvalidOperationException: Multiple generated Meta types accept item set FibMatrix.Config.IntIdMetaSet: UIPreloadMeta, JumpMeta, SettingsMeta, TaskAchievementGroupMeta, TaskAchievementMeta, TaskAchievementTabMeta, ActivityPointMissionMeta, ActivityRaidMeta, CardRaidMeta, CrossActivityMeta, ActivityNewMeta, ActivityHeroAchievementMeta, ActivityDropMeta, ActivityDispathHeroMeta, AllianceMobilizationMeta, AllianceMobilizationRewardMeta, VideoGamesMeta, OptionalWeeklyCardMeta, DarkLegionChallengeMeta, NewSevenLoginMeta

[616/764] season_faction_elements
  FAILED - System.InvalidOperationException: Multiple generated Meta types accept item set FibMatrix.Config.IntIdMetaSet: UIPreloadMeta, JumpMeta, SettingsMeta, TaskAchievementGroupMeta, TaskAchievementMeta, TaskAchievementTabMeta, ActivityPointMissionMeta, ActivityRaidMeta, CardRaidMeta, CrossActivityMeta, ActivityNewMeta, ActivityHeroAchievementMeta, ActivityDropMeta, ActivityDispathHeroMeta, AllianceMobilizationMeta, AllianceMobilizationRewardMeta, VideoGamesMeta, OptionalWeeklyCardMeta, DarkLegionChallengeMeta, NewSevenLoginMeta

[617/764] season_faction_level
  FAILED - System.InvalidOperationException: Multiple generated Meta types accept item set FibMatrix.Config.IntIdMetaSet: UIPreloadMeta, JumpMeta, SettingsMeta, TaskAchievementGroupMeta, TaskAchievementMeta, TaskAchievementTabMeta, ActivityPointMissionMeta, ActivityRaidMeta, CardRaidMeta, CrossActivityMeta, ActivityNewMeta, ActivityHeroAchievementMeta, ActivityDropMeta, ActivityDispathHeroMeta, AllianceMobilizationMeta, AllianceMobilizationRewardMeta, VideoGamesMeta, OptionalWeeklyCardMeta, DarkLegionChallengeMeta, NewSevenLoginMeta

[618/764] season_group
  OK - 372 rows - SeasonGroupMeta

[619/764] season_honor
  FAILED - System.InvalidOperationException: Multiple generated Meta types accept item set FibMatrix.Config.IntIdMetaSet: UIPreloadMeta, JumpMeta, SettingsMeta, TaskAchievementGroupMeta, TaskAchievementMeta, TaskAchievementTabMeta, ActivityPointMissionMeta, ActivityRaidMeta, CardRaidMeta, CrossActivityMeta, ActivityNewMeta, ActivityHeroAchievementMeta, ActivityDropMeta, ActivityDispathHeroMeta, AllianceMobilizationMeta, AllianceMobilizationRewardMeta, VideoGamesMeta, OptionalWeeklyCardMeta, DarkLegionChallengeMeta, NewSevenLoginMeta

[620/764] season_honor_allocation_reward
  FAILED - System.InvalidOperationException: Multiple generated Meta types accept item set FibMatrix.Config.IntIdMetaSet: UIPreloadMeta, JumpMeta, SettingsMeta, TaskAchievementGroupMeta, TaskAchievementMeta, TaskAchievementTabMeta, ActivityPointMissionMeta, ActivityRaidMeta, CardRaidMeta, CrossActivityMeta, ActivityNewMeta, ActivityHeroAchievementMeta, ActivityDropMeta, ActivityDispathHeroMeta, AllianceMobilizationMeta, AllianceMobilizationRewardMeta, VideoGamesMeta, OptionalWeeklyCardMeta, DarkLegionChallengeMeta, NewSevenLoginMeta

[621/764] season_honor_battlepass
  FAILED - System.InvalidOperationException: Multiple generated Meta types accept item set FibMatrix.Config.IntIdMetaSet: UIPreloadMeta, JumpMeta, SettingsMeta, TaskAchievementGroupMeta, TaskAchievementMeta, TaskAchievementTabMeta, ActivityPointMissionMeta, ActivityRaidMeta, CardRaidMeta, CrossActivityMeta, ActivityNewMeta, ActivityHeroAchievementMeta, ActivityDropMeta, ActivityDispathHeroMeta, AllianceMobilizationMeta, AllianceMobilizationRewardMeta, VideoGamesMeta, OptionalWeeklyCardMeta, DarkLegionChallengeMeta, NewSevenLoginMeta

[622/764] season_honor_task_group
  FAILED - System.InvalidOperationException: Multiple generated Meta types accept item set FibMatrix.Config.IntIdMetaSet: UIPreloadMeta, JumpMeta, SettingsMeta, TaskAchievementGroupMeta, TaskAchievementMeta, TaskAchievementTabMeta, ActivityPointMissionMeta, ActivityRaidMeta, CardRaidMeta, CrossActivityMeta, ActivityNewMeta, ActivityHeroAchievementMeta, ActivityDropMeta, ActivityDispathHeroMeta, AllianceMobilizationMeta, AllianceMobilizationRewardMeta, VideoGamesMeta, OptionalWeeklyCardMeta, DarkLegionChallengeMeta, NewSevenLoginMeta

[623/764] season_information
  FAILED - System.InvalidOperationException: Multiple generated Meta types accept item set FibMatrix.Config.IntIdMetaSet: UIPreloadMeta, JumpMeta, SettingsMeta, TaskAchievementGroupMeta, TaskAchievementMeta, TaskAchievementTabMeta, ActivityPointMissionMeta, ActivityRaidMeta, CardRaidMeta, CrossActivityMeta, ActivityNewMeta, ActivityHeroAchievementMeta, ActivityDropMeta, ActivityDispathHeroMeta, AllianceMobilizationMeta, AllianceMobilizationRewardMeta, VideoGamesMeta, OptionalWeeklyCardMeta, DarkLegionChallengeMeta, NewSevenLoginMeta

[624/764] season_introduce
  OK - 147 rows - SeasonIntroduceMeta

[625/764] season_lighthouse
  FAILED - System.InvalidOperationException: Multiple generated Meta types accept item set FibMatrix.Config.IntIdMetaSet: UIPreloadMeta, JumpMeta, SettingsMeta, TaskAchievementGroupMeta, TaskAchievementMeta, TaskAchievementTabMeta, ActivityPointMissionMeta, ActivityRaidMeta, CardRaidMeta, CrossActivityMeta, ActivityNewMeta, ActivityHeroAchievementMeta, ActivityDropMeta, ActivityDispathHeroMeta, AllianceMobilizationMeta, AllianceMobilizationRewardMeta, VideoGamesMeta, OptionalWeeklyCardMeta, DarkLegionChallengeMeta, NewSevenLoginMeta

[626/764] season_lighthouse_lord
  FAILED - System.InvalidOperationException: Multiple generated Meta types accept item set FibMatrix.Config.IntIdMetaSet: UIPreloadMeta, JumpMeta, SettingsMeta, TaskAchievementGroupMeta, TaskAchievementMeta, TaskAchievementTabMeta, ActivityPointMissionMeta, ActivityRaidMeta, CardRaidMeta, CrossActivityMeta, ActivityNewMeta, ActivityHeroAchievementMeta, ActivityDropMeta, ActivityDispathHeroMeta, AllianceMobilizationMeta, AllianceMobilizationRewardMeta, VideoGamesMeta, OptionalWeeklyCardMeta, DarkLegionChallengeMeta, NewSevenLoginMeta

[627/764] season_lighthouse_monster
  FAILED - System.InvalidOperationException: Multiple generated Meta types accept item set FibMatrix.Config.IntIdMetaSet: UIPreloadMeta, JumpMeta, SettingsMeta, TaskAchievementGroupMeta, TaskAchievementMeta, TaskAchievementTabMeta, ActivityPointMissionMeta, ActivityRaidMeta, CardRaidMeta, CrossActivityMeta, ActivityNewMeta, ActivityHeroAchievementMeta, ActivityDropMeta, ActivityDispathHeroMeta, AllianceMobilizationMeta, AllianceMobilizationRewardMeta, VideoGamesMeta, OptionalWeeklyCardMeta, DarkLegionChallengeMeta, NewSevenLoginMeta

[628/764] season_lighthouse_setting
  FAILED - System.InvalidOperationException: Multiple generated Meta types accept item set FibMatrix.Config.IntIdMetaSet: UIPreloadMeta, JumpMeta, SettingsMeta, TaskAchievementGroupMeta, TaskAchievementMeta, TaskAchievementTabMeta, ActivityPointMissionMeta, ActivityRaidMeta, CardRaidMeta, CrossActivityMeta, ActivityNewMeta, ActivityHeroAchievementMeta, ActivityDropMeta, ActivityDispathHeroMeta, AllianceMobilizationMeta, AllianceMobilizationRewardMeta, VideoGamesMeta, OptionalWeeklyCardMeta, DarkLegionChallengeMeta, NewSevenLoginMeta

[629/764] season_lighthouse_setting2
  FAILED - System.InvalidOperationException: Multiple generated Meta types accept item set FibMatrix.Config.IntIdMetaSet: UIPreloadMeta, JumpMeta, SettingsMeta, TaskAchievementGroupMeta, TaskAchievementMeta, TaskAchievementTabMeta, ActivityPointMissionMeta, ActivityRaidMeta, CardRaidMeta, CrossActivityMeta, ActivityNewMeta, ActivityHeroAchievementMeta, ActivityDropMeta, ActivityDispathHeroMeta, AllianceMobilizationMeta, AllianceMobilizationRewardMeta, VideoGamesMeta, OptionalWeeklyCardMeta, DarkLegionChallengeMeta, NewSevenLoginMeta

[630/764] season_lighthouse_setting3
  FAILED - System.InvalidOperationException: Multiple generated Meta types accept item set FibMatrix.Config.IntIdMetaSet: UIPreloadMeta, JumpMeta, SettingsMeta, TaskAchievementGroupMeta, TaskAchievementMeta, TaskAchievementTabMeta, ActivityPointMissionMeta, ActivityRaidMeta, CardRaidMeta, CrossActivityMeta, ActivityNewMeta, ActivityHeroAchievementMeta, ActivityDropMeta, ActivityDispathHeroMeta, AllianceMobilizationMeta, AllianceMobilizationRewardMeta, VideoGamesMeta, OptionalWeeklyCardMeta, DarkLegionChallengeMeta, NewSevenLoginMeta

[631/764] season_map
  OK - 8 rows - SeasonMapMeta

[632/764] season_memory
  FAILED - System.InvalidOperationException: Multiple generated Meta types accept item set FibMatrix.Config.IntIdMetaSet: UIPreloadMeta, JumpMeta, SettingsMeta, TaskAchievementGroupMeta, TaskAchievementMeta, TaskAchievementTabMeta, ActivityPointMissionMeta, ActivityRaidMeta, CardRaidMeta, CrossActivityMeta, ActivityNewMeta, ActivityHeroAchievementMeta, ActivityDropMeta, ActivityDispathHeroMeta, AllianceMobilizationMeta, AllianceMobilizationRewardMeta, VideoGamesMeta, OptionalWeeklyCardMeta, DarkLegionChallengeMeta, NewSevenLoginMeta

[633/764] season_memory_node
  FAILED - System.InvalidOperationException: Multiple generated Meta types accept item set FibMatrix.Config.IntIdMetaSet: UIPreloadMeta, JumpMeta, SettingsMeta, TaskAchievementGroupMeta, TaskAchievementMeta, TaskAchievementTabMeta, ActivityPointMissionMeta, ActivityRaidMeta, CardRaidMeta, CrossActivityMeta, ActivityNewMeta, ActivityHeroAchievementMeta, ActivityDropMeta, ActivityDispathHeroMeta, AllianceMobilizationMeta, AllianceMobilizationRewardMeta, VideoGamesMeta, OptionalWeeklyCardMeta, DarkLegionChallengeMeta, NewSevenLoginMeta

[634/764] season_personal_achievement
  OK - 110 rows - SeasonPersonalAchievementMeta

[635/764] season_personal_achievement_BP
  FAILED - System.InvalidOperationException: Multiple generated Meta types accept item set FibMatrix.Config.IntIdMetaSet: UIPreloadMeta, JumpMeta, SettingsMeta, TaskAchievementGroupMeta, TaskAchievementMeta, TaskAchievementTabMeta, ActivityPointMissionMeta, ActivityRaidMeta, CardRaidMeta, CrossActivityMeta, ActivityNewMeta, ActivityHeroAchievementMeta, ActivityDropMeta, ActivityDispathHeroMeta, AllianceMobilizationMeta, AllianceMobilizationRewardMeta, VideoGamesMeta, OptionalWeeklyCardMeta, DarkLegionChallengeMeta, NewSevenLoginMeta

[636/764] season_play
  FAILED - System.InvalidOperationException: Multiple generated Meta types accept item set FibMatrix.Config.IntIdMetaSet: UIPreloadMeta, JumpMeta, SettingsMeta, TaskAchievementGroupMeta, TaskAchievementMeta, TaskAchievementTabMeta, ActivityPointMissionMeta, ActivityRaidMeta, CardRaidMeta, CrossActivityMeta, ActivityNewMeta, ActivityHeroAchievementMeta, ActivityDropMeta, ActivityDispathHeroMeta, AllianceMobilizationMeta, AllianceMobilizationRewardMeta, VideoGamesMeta, OptionalWeeklyCardMeta, DarkLegionChallengeMeta, NewSevenLoginMeta

[637/764] season_play_show
  FAILED - System.InvalidOperationException: Multiple generated Meta types accept item set FibMatrix.Config.IntIdMetaSet: UIPreloadMeta, JumpMeta, SettingsMeta, TaskAchievementGroupMeta, TaskAchievementMeta, TaskAchievementTabMeta, ActivityPointMissionMeta, ActivityRaidMeta, CardRaidMeta, CrossActivityMeta, ActivityNewMeta, ActivityHeroAchievementMeta, ActivityDropMeta, ActivityDispathHeroMeta, AllianceMobilizationMeta, AllianceMobilizationRewardMeta, VideoGamesMeta, OptionalWeeklyCardMeta, DarkLegionChallengeMeta, NewSevenLoginMeta

[638/764] season_position
  FAILED - System.InvalidOperationException: Multiple generated Meta types accept item set FibMatrix.Config.IntIdMetaSet: UIPreloadMeta, JumpMeta, SettingsMeta, TaskAchievementGroupMeta, TaskAchievementMeta, TaskAchievementTabMeta, ActivityPointMissionMeta, ActivityRaidMeta, CardRaidMeta, CrossActivityMeta, ActivityNewMeta, ActivityHeroAchievementMeta, ActivityDropMeta, ActivityDispathHeroMeta, AllianceMobilizationMeta, AllianceMobilizationRewardMeta, VideoGamesMeta, OptionalWeeklyCardMeta, DarkLegionChallengeMeta, NewSevenLoginMeta

[639/764] season_prepare
  OK - 7 rows - SeasonPrepareMeta

[640/764] season_reward
  OK - 38 rows - SeasonRewardMeta

[641/764] season_sever_reward
  OK - 16 rows - SeasonSeverRewardMeta

[642/764] season_star_guildrank
  FAILED - System.InvalidOperationException: Multiple generated Meta types accept item set FibMatrix.Config.IntIdMetaSet: UIPreloadMeta, JumpMeta, SettingsMeta, TaskAchievementGroupMeta, TaskAchievementMeta, TaskAchievementTabMeta, ActivityPointMissionMeta, ActivityRaidMeta, CardRaidMeta, CrossActivityMeta, ActivityNewMeta, ActivityHeroAchievementMeta, ActivityDropMeta, ActivityDispathHeroMeta, AllianceMobilizationMeta, AllianceMobilizationRewardMeta, VideoGamesMeta, OptionalWeeklyCardMeta, DarkLegionChallengeMeta, NewSevenLoginMeta

[643/764] season_storm
  FAILED - System.InvalidOperationException: Multiple generated Meta types accept item set FibMatrix.Config.IntIdMetaSet: UIPreloadMeta, JumpMeta, SettingsMeta, TaskAchievementGroupMeta, TaskAchievementMeta, TaskAchievementTabMeta, ActivityPointMissionMeta, ActivityRaidMeta, CardRaidMeta, CrossActivityMeta, ActivityNewMeta, ActivityHeroAchievementMeta, ActivityDropMeta, ActivityDispathHeroMeta, AllianceMobilizationMeta, AllianceMobilizationRewardMeta, VideoGamesMeta, OptionalWeeklyCardMeta, DarkLegionChallengeMeta, NewSevenLoginMeta

[644/764] season_system_source
  FAILED - System.InvalidOperationException: Multiple generated Meta types accept item set FibMatrix.Config.IntIdMetaSet: UIPreloadMeta, JumpMeta, SettingsMeta, TaskAchievementGroupMeta, TaskAchievementMeta, TaskAchievementTabMeta, ActivityPointMissionMeta, ActivityRaidMeta, CardRaidMeta, CrossActivityMeta, ActivityNewMeta, ActivityHeroAchievementMeta, ActivityDropMeta, ActivityDispathHeroMeta, AllianceMobilizationMeta, AllianceMobilizationRewardMeta, VideoGamesMeta, OptionalWeeklyCardMeta, DarkLegionChallengeMeta, NewSevenLoginMeta

[645/764] season_task_chapter
  OK - 883 rows - SeasonTaskChapterMeta

[646/764] season_theme_para
  FAILED - System.InvalidOperationException: Multiple generated Meta types accept item set FibMatrix.Config.IntIdMetaSet: UIPreloadMeta, JumpMeta, SettingsMeta, TaskAchievementGroupMeta, TaskAchievementMeta, TaskAchievementTabMeta, ActivityPointMissionMeta, ActivityRaidMeta, CardRaidMeta, CrossActivityMeta, ActivityNewMeta, ActivityHeroAchievementMeta, ActivityDropMeta, ActivityDispathHeroMeta, AllianceMobilizationMeta, AllianceMobilizationRewardMeta, VideoGamesMeta, OptionalWeeklyCardMeta, DarkLegionChallengeMeta, NewSevenLoginMeta

[647/764] season_top_resource
  FAILED - System.InvalidOperationException: Multiple generated Meta types accept item set FibMatrix.Config.IntIdMetaSet: UIPreloadMeta, JumpMeta, SettingsMeta, TaskAchievementGroupMeta, TaskAchievementMeta, TaskAchievementTabMeta, ActivityPointMissionMeta, ActivityRaidMeta, CardRaidMeta, CrossActivityMeta, ActivityNewMeta, ActivityHeroAchievementMeta, ActivityDropMeta, ActivityDispathHeroMeta, AllianceMobilizationMeta, AllianceMobilizationRewardMeta, VideoGamesMeta, OptionalWeeklyCardMeta, DarkLegionChallengeMeta, NewSevenLoginMeta

[648/764] season_transfer
  FAILED - System.InvalidOperationException: Multiple generated Meta types accept item set FibMatrix.Config.IntIdMetaSet: UIPreloadMeta, JumpMeta, SettingsMeta, TaskAchievementGroupMeta, TaskAchievementMeta, TaskAchievementTabMeta, ActivityPointMissionMeta, ActivityRaidMeta, CardRaidMeta, CrossActivityMeta, ActivityNewMeta, ActivityHeroAchievementMeta, ActivityDropMeta, ActivityDispathHeroMeta, AllianceMobilizationMeta, AllianceMobilizationRewardMeta, VideoGamesMeta, OptionalWeeklyCardMeta, DarkLegionChallengeMeta, NewSevenLoginMeta

[649/764] season_treasure
  FAILED - System.InvalidOperationException: Multiple generated Meta types accept item set FibMatrix.Config.IntIdMetaSet: UIPreloadMeta, JumpMeta, SettingsMeta, TaskAchievementGroupMeta, TaskAchievementMeta, TaskAchievementTabMeta, ActivityPointMissionMeta, ActivityRaidMeta, CardRaidMeta, CrossActivityMeta, ActivityNewMeta, ActivityHeroAchievementMeta, ActivityDropMeta, ActivityDispathHeroMeta, AllianceMobilizationMeta, AllianceMobilizationRewardMeta, VideoGamesMeta, OptionalWeeklyCardMeta, DarkLegionChallengeMeta, NewSevenLoginMeta

[650/764] season_week_card
  FAILED - System.InvalidOperationException: Multiple generated Meta types accept item set FibMatrix.Config.IntIdMetaSet: UIPreloadMeta, JumpMeta, SettingsMeta, TaskAchievementGroupMeta, TaskAchievementMeta, TaskAchievementTabMeta, ActivityPointMissionMeta, ActivityRaidMeta, CardRaidMeta, CrossActivityMeta, ActivityNewMeta, ActivityHeroAchievementMeta, ActivityDropMeta, ActivityDispathHeroMeta, AllianceMobilizationMeta, AllianceMobilizationRewardMeta, VideoGamesMeta, OptionalWeeklyCardMeta, DarkLegionChallengeMeta, NewSevenLoginMeta

[651/764] select_reward_card
  FAILED - System.InvalidOperationException: Multiple generated Meta types accept item set FibMatrix.Config.IntIdMetaSet: UIPreloadMeta, JumpMeta, SettingsMeta, TaskAchievementGroupMeta, TaskAchievementMeta, TaskAchievementTabMeta, ActivityPointMissionMeta, ActivityRaidMeta, CardRaidMeta, CrossActivityMeta, ActivityNewMeta, ActivityHeroAchievementMeta, ActivityDropMeta, ActivityDispathHeroMeta, AllianceMobilizationMeta, AllianceMobilizationRewardMeta, VideoGamesMeta, OptionalWeeklyCardMeta, DarkLegionChallengeMeta, NewSevenLoginMeta

[652/764] select_reward_card_group
  FAILED - System.InvalidOperationException: Multiple generated Meta types accept item set FibMatrix.Config.IntIdMetaSet: UIPreloadMeta, JumpMeta, SettingsMeta, TaskAchievementGroupMeta, TaskAchievementMeta, TaskAchievementTabMeta, ActivityPointMissionMeta, ActivityRaidMeta, CardRaidMeta, CrossActivityMeta, ActivityNewMeta, ActivityHeroAchievementMeta, ActivityDropMeta, ActivityDispathHeroMeta, AllianceMobilizationMeta, AllianceMobilizationRewardMeta, VideoGamesMeta, OptionalWeeklyCardMeta, DarkLegionChallengeMeta, NewSevenLoginMeta

[653/764] sensitive_words
  FAILED - System.InvalidOperationException: Multiple generated Meta types accept item set FibMatrix.Config.IntIdMetaSet: UIPreloadMeta, JumpMeta, SettingsMeta, TaskAchievementGroupMeta, TaskAchievementMeta, TaskAchievementTabMeta, ActivityPointMissionMeta, ActivityRaidMeta, CardRaidMeta, CrossActivityMeta, ActivityNewMeta, ActivityHeroAchievementMeta, ActivityDropMeta, ActivityDispathHeroMeta, AllianceMobilizationMeta, AllianceMobilizationRewardMeta, VideoGamesMeta, OptionalWeeklyCardMeta, DarkLegionChallengeMeta, NewSevenLoginMeta

[654/764] server_castle_lv
  FAILED - System.InvalidOperationException: Multiple generated Meta types accept item set FibMatrix.Config.IntIdMetaSet: UIPreloadMeta, JumpMeta, SettingsMeta, TaskAchievementGroupMeta, TaskAchievementMeta, TaskAchievementTabMeta, ActivityPointMissionMeta, ActivityRaidMeta, CardRaidMeta, CrossActivityMeta, ActivityNewMeta, ActivityHeroAchievementMeta, ActivityDropMeta, ActivityDispathHeroMeta, AllianceMobilizationMeta, AllianceMobilizationRewardMeta, VideoGamesMeta, OptionalWeeklyCardMeta, DarkLegionChallengeMeta, NewSevenLoginMeta

[655/764] server_march_gate
  FAILED - System.InvalidOperationException: Multiple generated Meta types accept item set FibMatrix.Config.IntIdMetaSet: UIPreloadMeta, JumpMeta, SettingsMeta, TaskAchievementGroupMeta, TaskAchievementMeta, TaskAchievementTabMeta, ActivityPointMissionMeta, ActivityRaidMeta, CardRaidMeta, CrossActivityMeta, ActivityNewMeta, ActivityHeroAchievementMeta, ActivityDropMeta, ActivityDispathHeroMeta, AllianceMobilizationMeta, AllianceMobilizationRewardMeta, VideoGamesMeta, OptionalWeeklyCardMeta, DarkLegionChallengeMeta, NewSevenLoginMeta

[656/764] server_merge
  FAILED - System.InvalidOperationException: Multiple generated Meta types accept item set FibMatrix.Config.IntIdMetaSet: UIPreloadMeta, JumpMeta, SettingsMeta, TaskAchievementGroupMeta, TaskAchievementMeta, TaskAchievementTabMeta, ActivityPointMissionMeta, ActivityRaidMeta, CardRaidMeta, CrossActivityMeta, ActivityNewMeta, ActivityHeroAchievementMeta, ActivityDropMeta, ActivityDispathHeroMeta, AllianceMobilizationMeta, AllianceMobilizationRewardMeta, VideoGamesMeta, OptionalWeeklyCardMeta, DarkLegionChallengeMeta, NewSevenLoginMeta

[657/764] server_move
  FAILED - System.InvalidOperationException: Multiple generated Meta types accept item set FibMatrix.Config.IntIdMetaSet: UIPreloadMeta, JumpMeta, SettingsMeta, TaskAchievementGroupMeta, TaskAchievementMeta, TaskAchievementTabMeta, ActivityPointMissionMeta, ActivityRaidMeta, CardRaidMeta, CrossActivityMeta, ActivityNewMeta, ActivityHeroAchievementMeta, ActivityDropMeta, ActivityDispathHeroMeta, AllianceMobilizationMeta, AllianceMobilizationRewardMeta, VideoGamesMeta, OptionalWeeklyCardMeta, DarkLegionChallengeMeta, NewSevenLoginMeta

[658/764] server_move_cost
  FAILED - System.InvalidOperationException: Multiple generated Meta types accept item set FibMatrix.Config.IntIdMetaSet: UIPreloadMeta, JumpMeta, SettingsMeta, TaskAchievementGroupMeta, TaskAchievementMeta, TaskAchievementTabMeta, ActivityPointMissionMeta, ActivityRaidMeta, CardRaidMeta, CrossActivityMeta, ActivityNewMeta, ActivityHeroAchievementMeta, ActivityDropMeta, ActivityDispathHeroMeta, AllianceMobilizationMeta, AllianceMobilizationRewardMeta, VideoGamesMeta, OptionalWeeklyCardMeta, DarkLegionChallengeMeta, NewSevenLoginMeta

[659/764] server_tag
  FAILED - System.InvalidOperationException: Multiple generated Meta types accept item set FibMatrix.Config.IntIdMetaSet: UIPreloadMeta, JumpMeta, SettingsMeta, TaskAchievementGroupMeta, TaskAchievementMeta, TaskAchievementTabMeta, ActivityPointMissionMeta, ActivityRaidMeta, CardRaidMeta, CrossActivityMeta, ActivityNewMeta, ActivityHeroAchievementMeta, ActivityDropMeta, ActivityDispathHeroMeta, AllianceMobilizationMeta, AllianceMobilizationRewardMeta, VideoGamesMeta, OptionalWeeklyCardMeta, DarkLegionChallengeMeta, NewSevenLoginMeta

[660/764] server_task
  OK - 20 rows - ServerTaskMeta

[661/764] settings
  FAILED - System.ArgumentOutOfRangeException: Index was out of range. Must be non-negative and less than the size of the collection.
Parameter name: index

[662/764] seven_reward_new
  OK - 10 rows - SevenRewardNewMeta

[663/764] shine_troop
  OK - 18 rows - ShineTroopMeta

[664/764] shop_goods
  OK - 1,209 rows - ShopGoodsMeta

[665/764] shop_group
  OK - 850 rows - ShopGroupMeta

[666/764] shop_tag_name
  FAILED - System.InvalidOperationException: Multiple generated Meta types accept item set FibMatrix.Config.IntIdMetaSet: UIPreloadMeta, JumpMeta, SettingsMeta, TaskAchievementGroupMeta, TaskAchievementMeta, TaskAchievementTabMeta, ActivityPointMissionMeta, ActivityRaidMeta, CardRaidMeta, CrossActivityMeta, ActivityNewMeta, ActivityHeroAchievementMeta, ActivityDropMeta, ActivityDispathHeroMeta, AllianceMobilizationMeta, AllianceMobilizationRewardMeta, VideoGamesMeta, OptionalWeeklyCardMeta, DarkLegionChallengeMeta, NewSevenLoginMeta

[667/764] shop_type
  OK - 34 rows - ShopTypeMeta

[668/764] skill
  FAILED - System.NotImplementedException: The method or operation is not implemented.

[669/764] skill_alter
  OK - 282 rows - SkillAlterMeta

[670/764] skill_effect
  OK - 1,060 rows - SkillEffectMeta

[671/764] skill_effect_3d
  FAILED - System.InvalidOperationException: Multiple generated Meta types accept item set FibMatrix.Config.IntIdMetaSet: UIPreloadMeta, JumpMeta, SettingsMeta, TaskAchievementGroupMeta, TaskAchievementMeta, TaskAchievementTabMeta, ActivityPointMissionMeta, ActivityRaidMeta, CardRaidMeta, CrossActivityMeta, ActivityNewMeta, ActivityHeroAchievementMeta, ActivityDropMeta, ActivityDispathHeroMeta, AllianceMobilizationMeta, AllianceMobilizationRewardMeta, VideoGamesMeta, OptionalWeeklyCardMeta, DarkLegionChallengeMeta, NewSevenLoginMeta

[672/764] skin
  OK - 1,015 rows - SkinMeta

[673/764] skin_dir
  FAILED - System.InvalidOperationException: Multiple generated Meta types accept item set FibMatrix.Config.IntIdMetaSet: UIPreloadMeta, JumpMeta, SettingsMeta, TaskAchievementGroupMeta, TaskAchievementMeta, TaskAchievementTabMeta, ActivityPointMissionMeta, ActivityRaidMeta, CardRaidMeta, CrossActivityMeta, ActivityNewMeta, ActivityHeroAchievementMeta, ActivityDropMeta, ActivityDispathHeroMeta, AllianceMobilizationMeta, AllianceMobilizationRewardMeta, VideoGamesMeta, OptionalWeeklyCardMeta, DarkLegionChallengeMeta, NewSevenLoginMeta

[674/764] skin_dir_action
  FAILED - System.InvalidOperationException: Multiple generated Meta types accept item set FibMatrix.Config.IntIdMetaSet: UIPreloadMeta, JumpMeta, SettingsMeta, TaskAchievementGroupMeta, TaskAchievementMeta, TaskAchievementTabMeta, ActivityPointMissionMeta, ActivityRaidMeta, CardRaidMeta, CrossActivityMeta, ActivityNewMeta, ActivityHeroAchievementMeta, ActivityDropMeta, ActivityDispathHeroMeta, AllianceMobilizationMeta, AllianceMobilizationRewardMeta, VideoGamesMeta, OptionalWeeklyCardMeta, DarkLegionChallengeMeta, NewSevenLoginMeta

[675/764] skin_horse
  OK - 1 rows - SkinHorseMeta

[676/764] slot
  OK - 177 rows - SlotMeta

[677/764] social_skin
  FAILED - System.InvalidOperationException: Multiple generated Meta types accept item set FibMatrix.Config.IntIdMetaSet: UIPreloadMeta, JumpMeta, SettingsMeta, TaskAchievementGroupMeta, TaskAchievementMeta, TaskAchievementTabMeta, ActivityPointMissionMeta, ActivityRaidMeta, CardRaidMeta, CrossActivityMeta, ActivityNewMeta, ActivityHeroAchievementMeta, ActivityDropMeta, ActivityDispathHeroMeta, AllianceMobilizationMeta, AllianceMobilizationRewardMeta, VideoGamesMeta, OptionalWeeklyCardMeta, DarkLegionChallengeMeta, NewSevenLoginMeta

[678/764] social_state
  FAILED - System.InvalidOperationException: Multiple generated Meta types accept item set FibMatrix.Config.IntIdMetaSet: UIPreloadMeta, JumpMeta, SettingsMeta, TaskAchievementGroupMeta, TaskAchievementMeta, TaskAchievementTabMeta, ActivityPointMissionMeta, ActivityRaidMeta, CardRaidMeta, CrossActivityMeta, ActivityNewMeta, ActivityHeroAchievementMeta, ActivityDropMeta, ActivityDispathHeroMeta, AllianceMobilizationMeta, AllianceMobilizationRewardMeta, VideoGamesMeta, OptionalWeeklyCardMeta, DarkLegionChallengeMeta, NewSevenLoginMeta

[679/764] social_url
  FAILED - System.InvalidOperationException: Multiple generated Meta types accept item set FibMatrix.Config.IntIdMetaSet: UIPreloadMeta, JumpMeta, SettingsMeta, TaskAchievementGroupMeta, TaskAchievementMeta, TaskAchievementTabMeta, ActivityPointMissionMeta, ActivityRaidMeta, CardRaidMeta, CrossActivityMeta, ActivityNewMeta, ActivityHeroAchievementMeta, ActivityDropMeta, ActivityDispathHeroMeta, AllianceMobilizationMeta, AllianceMobilizationRewardMeta, VideoGamesMeta, OptionalWeeklyCardMeta, DarkLegionChallengeMeta, NewSevenLoginMeta

[680/764] sound
  FAILED - System.InvalidOperationException: Multiple generated Meta types accept item set FibMatrix.Config.IntIdMetaSet: UIPreloadMeta, JumpMeta, SettingsMeta, TaskAchievementGroupMeta, TaskAchievementMeta, TaskAchievementTabMeta, ActivityPointMissionMeta, ActivityRaidMeta, CardRaidMeta, CrossActivityMeta, ActivityNewMeta, ActivityHeroAchievementMeta, ActivityDropMeta, ActivityDispathHeroMeta, AllianceMobilizationMeta, AllianceMobilizationRewardMeta, VideoGamesMeta, OptionalWeeklyCardMeta, DarkLegionChallengeMeta, NewSevenLoginMeta

[681/764] special_gift_points
  OK - 14 rows - SpecialGiftPointsMeta

[682/764] special_money_shop
  OK - 1,357 rows - SpecialMoneyShopMeta

[683/764] special_package
  OK - 39 rows - SpecialPackageMeta

[684/764] special_package_reward
  FAILED - System.InvalidOperationException: Multiple generated Meta types accept item set FibMatrix.Config.IntIdMetaSet: UIPreloadMeta, JumpMeta, SettingsMeta, TaskAchievementGroupMeta, TaskAchievementMeta, TaskAchievementTabMeta, ActivityPointMissionMeta, ActivityRaidMeta, CardRaidMeta, CrossActivityMeta, ActivityNewMeta, ActivityHeroAchievementMeta, ActivityDropMeta, ActivityDispathHeroMeta, AllianceMobilizationMeta, AllianceMobilizationRewardMeta, VideoGamesMeta, OptionalWeeklyCardMeta, DarkLegionChallengeMeta, NewSevenLoginMeta

[685/764] special_social_skin
  FAILED - System.InvalidOperationException: Multiple generated Meta types accept item set FibMatrix.Config.IntIdMetaSet: UIPreloadMeta, JumpMeta, SettingsMeta, TaskAchievementGroupMeta, TaskAchievementMeta, TaskAchievementTabMeta, ActivityPointMissionMeta, ActivityRaidMeta, CardRaidMeta, CrossActivityMeta, ActivityNewMeta, ActivityHeroAchievementMeta, ActivityDropMeta, ActivityDispathHeroMeta, AllianceMobilizationMeta, AllianceMobilizationRewardMeta, VideoGamesMeta, OptionalWeeklyCardMeta, DarkLegionChallengeMeta, NewSevenLoginMeta

[686/764] sp_map_color
  OK - 25 rows - SpMapColorMeta

[687/764] sp_map_fortress
  OK - 580 rows - SpMapFortressMeta

[688/764] sp_map_fortress_reward
  OK - 582 rows - SpMapFortressRewardMeta

[689/764] sp_map_resource
  FAILED - System.InvalidOperationException: Multiple generated Meta types accept item set FibMatrix.Config.IntIdMetaSet: UIPreloadMeta, JumpMeta, SettingsMeta, TaskAchievementGroupMeta, TaskAchievementMeta, TaskAchievementTabMeta, ActivityPointMissionMeta, ActivityRaidMeta, CardRaidMeta, CrossActivityMeta, ActivityNewMeta, ActivityHeroAchievementMeta, ActivityDropMeta, ActivityDispathHeroMeta, AllianceMobilizationMeta, AllianceMobilizationRewardMeta, VideoGamesMeta, OptionalWeeklyCardMeta, DarkLegionChallengeMeta, NewSevenLoginMeta

[690/764] sp_map_resource_group
  FAILED - System.InvalidOperationException: Multiple generated Meta types accept item set FibMatrix.Config.IntIdMetaSet: UIPreloadMeta, JumpMeta, SettingsMeta, TaskAchievementGroupMeta, TaskAchievementMeta, TaskAchievementTabMeta, ActivityPointMissionMeta, ActivityRaidMeta, CardRaidMeta, CrossActivityMeta, ActivityNewMeta, ActivityHeroAchievementMeta, ActivityDropMeta, ActivityDispathHeroMeta, AllianceMobilizationMeta, AllianceMobilizationRewardMeta, VideoGamesMeta, OptionalWeeklyCardMeta, DarkLegionChallengeMeta, NewSevenLoginMeta

[691/764] store_reward
  FAILED - System.InvalidOperationException: Multiple generated Meta types accept item set FibMatrix.Config.IntIdMetaSet: UIPreloadMeta, JumpMeta, SettingsMeta, TaskAchievementGroupMeta, TaskAchievementMeta, TaskAchievementTabMeta, ActivityPointMissionMeta, ActivityRaidMeta, CardRaidMeta, CrossActivityMeta, ActivityNewMeta, ActivityHeroAchievementMeta, ActivityDropMeta, ActivityDispathHeroMeta, AllianceMobilizationMeta, AllianceMobilizationRewardMeta, VideoGamesMeta, OptionalWeeklyCardMeta, DarkLegionChallengeMeta, NewSevenLoginMeta

[692/764] store_reward_group
  FAILED - System.InvalidOperationException: Multiple generated Meta types accept item set FibMatrix.Config.IntIdMetaSet: UIPreloadMeta, JumpMeta, SettingsMeta, TaskAchievementGroupMeta, TaskAchievementMeta, TaskAchievementTabMeta, ActivityPointMissionMeta, ActivityRaidMeta, CardRaidMeta, CrossActivityMeta, ActivityNewMeta, ActivityHeroAchievementMeta, ActivityDropMeta, ActivityDispathHeroMeta, AllianceMobilizationMeta, AllianceMobilizationRewardMeta, VideoGamesMeta, OptionalWeeklyCardMeta, DarkLegionChallengeMeta, NewSevenLoginMeta

[693/764] stronger
  OK - 4 rows - StrongerMeta

[694/764] stronghold_scramble
  OK - 6 rows - StrongholdScrambleMeta

[695/764] stronghold_scramble_settings
  OK - 1 rows - StrongholdScrambleSettingsMeta

[696/764] switch
  FAILED - System.InvalidOperationException: Multiple generated Meta types accept item set FibMatrix.Config.IntIdMetaSet: UIPreloadMeta, JumpMeta, SettingsMeta, TaskAchievementGroupMeta, TaskAchievementMeta, TaskAchievementTabMeta, ActivityPointMissionMeta, ActivityRaidMeta, CardRaidMeta, CrossActivityMeta, ActivityNewMeta, ActivityHeroAchievementMeta, ActivityDropMeta, ActivityDispathHeroMeta, AllianceMobilizationMeta, AllianceMobilizationRewardMeta, VideoGamesMeta, OptionalWeeklyCardMeta, DarkLegionChallengeMeta, NewSevenLoginMeta

[697/764] task
  OK - 173 rows - TaskMeta

[698/764] task_achievement
  OK - 604 rows - TaskAchievementMeta

[699/764] task_achievement_group
  OK - 299 rows - TaskAchievementGroupMeta

[700/764] task_achievement_tab
  OK - 17 rows - TaskAchievementTabMeta

[701/764] task_chapter
  OK - 1,828 rows - TaskChapterMeta

[702/764] task_chapter_group
  OK - 18 rows - TaskChapterGroupMeta

[703/764] task_daily
  OK - 114 rows - TaskDailyMeta

[704/764] task_daily_active
  OK - 18 rows - TaskDailyActiveMeta

[705/764] task_point_reward
  OK - 40 rows - TaskPointRewardMeta

[706/764] team_rune
  OK - 150 rows - TeamRuneMeta

[707/764] team_rune_bond
  OK - 36 rows - TeamRuneBondMeta

[708/764] technology
  OK - 40 rows - TechnologyMeta

[709/764] technology_advanced_detail
  OK - 24,102 rows - TechnologyAdvancedDetailMeta

[710/764] technology_advanced_tree
  OK - 839 rows - TechnologyAdvancedTreeMeta

[711/764] technology_advanced_type
  OK - 35 rows - TechnologyAdvancedTypeMeta

[712/764] technology_classfication
  OK - 2 rows - TechnologyClassficationMeta

[713/764] top_alliance_resource
  FAILED - System.InvalidOperationException: Multiple generated Meta types accept item set FibMatrix.Config.IntIdMetaSet: UIPreloadMeta, JumpMeta, SettingsMeta, TaskAchievementGroupMeta, TaskAchievementMeta, TaskAchievementTabMeta, ActivityPointMissionMeta, ActivityRaidMeta, CardRaidMeta, CrossActivityMeta, ActivityNewMeta, ActivityHeroAchievementMeta, ActivityDropMeta, ActivityDispathHeroMeta, AllianceMobilizationMeta, AllianceMobilizationRewardMeta, VideoGamesMeta, OptionalWeeklyCardMeta, DarkLegionChallengeMeta, NewSevenLoginMeta

[714/764] top_resource
  OK - 25 rows - TopResourceMeta

[715/764] trading
  FAILED - System.InvalidOperationException: Multiple generated Meta types accept item set FibMatrix.Config.IntIdMetaSet: UIPreloadMeta, JumpMeta, SettingsMeta, TaskAchievementGroupMeta, TaskAchievementMeta, TaskAchievementTabMeta, ActivityPointMissionMeta, ActivityRaidMeta, CardRaidMeta, CrossActivityMeta, ActivityNewMeta, ActivityHeroAchievementMeta, ActivityDropMeta, ActivityDispathHeroMeta, AllianceMobilizationMeta, AllianceMobilizationRewardMeta, VideoGamesMeta, OptionalWeeklyCardMeta, DarkLegionChallengeMeta, NewSevenLoginMeta

[716/764] trading_building
  FAILED - System.InvalidOperationException: Multiple generated Meta types accept item set FibMatrix.Config.IntIdMetaSet: UIPreloadMeta, JumpMeta, SettingsMeta, TaskAchievementGroupMeta, TaskAchievementMeta, TaskAchievementTabMeta, ActivityPointMissionMeta, ActivityRaidMeta, CardRaidMeta, CrossActivityMeta, ActivityNewMeta, ActivityHeroAchievementMeta, ActivityDropMeta, ActivityDispathHeroMeta, AllianceMobilizationMeta, AllianceMobilizationRewardMeta, VideoGamesMeta, OptionalWeeklyCardMeta, DarkLegionChallengeMeta, NewSevenLoginMeta

[717/764] trading_goods
  FAILED - System.InvalidOperationException: Multiple generated Meta types accept item set FibMatrix.Config.IntIdMetaSet: UIPreloadMeta, JumpMeta, SettingsMeta, TaskAchievementGroupMeta, TaskAchievementMeta, TaskAchievementTabMeta, ActivityPointMissionMeta, ActivityRaidMeta, CardRaidMeta, CrossActivityMeta, ActivityNewMeta, ActivityHeroAchievementMeta, ActivityDropMeta, ActivityDispathHeroMeta, AllianceMobilizationMeta, AllianceMobilizationRewardMeta, VideoGamesMeta, OptionalWeeklyCardMeta, DarkLegionChallengeMeta, NewSevenLoginMeta

[718/764] trading_level
  FAILED - System.InvalidOperationException: Multiple generated Meta types accept item set FibMatrix.Config.IntIdMetaSet: UIPreloadMeta, JumpMeta, SettingsMeta, TaskAchievementGroupMeta, TaskAchievementMeta, TaskAchievementTabMeta, ActivityPointMissionMeta, ActivityRaidMeta, CardRaidMeta, CrossActivityMeta, ActivityNewMeta, ActivityHeroAchievementMeta, ActivityDropMeta, ActivityDispathHeroMeta, AllianceMobilizationMeta, AllianceMobilizationRewardMeta, VideoGamesMeta, OptionalWeeklyCardMeta, DarkLegionChallengeMeta, NewSevenLoginMeta

[719/764] trading_pve
  FAILED - System.InvalidOperationException: Multiple generated Meta types accept item set FibMatrix.Config.IntIdMetaSet: UIPreloadMeta, JumpMeta, SettingsMeta, TaskAchievementGroupMeta, TaskAchievementMeta, TaskAchievementTabMeta, ActivityPointMissionMeta, ActivityRaidMeta, CardRaidMeta, CrossActivityMeta, ActivityNewMeta, ActivityHeroAchievementMeta, ActivityDropMeta, ActivityDispathHeroMeta, AllianceMobilizationMeta, AllianceMobilizationRewardMeta, VideoGamesMeta, OptionalWeeklyCardMeta, DarkLegionChallengeMeta, NewSevenLoginMeta

[720/764] troop
  OK - 76 rows - TroopMeta

[721/764] troop_donate
  OK - 213 rows - TroopDonateMeta

[722/764] troop_donate_buff
  FAILED - System.NullReferenceException: Object reference not set to an instance of an object.

[723/764] troop_skin
  OK - 155 rows - TroopSkinMeta

[724/764] troop_skin_basic
  OK - 18 rows - TroopSkinBasicMeta

[725/764] troop_skin_break
  OK - 126 rows - TroopSkinBreakMeta

[726/764] troop_skin_honor_break
  FAILED - System.InvalidOperationException: Multiple generated Meta types accept item set FibMatrix.Config.IntIdMetaSet: UIPreloadMeta, JumpMeta, SettingsMeta, TaskAchievementGroupMeta, TaskAchievementMeta, TaskAchievementTabMeta, ActivityPointMissionMeta, ActivityRaidMeta, CardRaidMeta, CrossActivityMeta, ActivityNewMeta, ActivityHeroAchievementMeta, ActivityDropMeta, ActivityDispathHeroMeta, AllianceMobilizationMeta, AllianceMobilizationRewardMeta, VideoGamesMeta, OptionalWeeklyCardMeta, DarkLegionChallengeMeta, NewSevenLoginMeta

[727/764] troop_skin_level
  FAILED - System.ArgumentOutOfRangeException: Index was out of range. Must be non-negative and less than the size of the collection.
Parameter name: index

[728/764] turntable
  OK - 125 rows - TurntableMeta

[729/764] turntable_pool
  OK - 15 rows - TurntablePoolMeta

[730/764] unit
  FAILED - System.ArgumentNullException: Value cannot be null.
Parameter name: key

[731/764] unit_show
  OK - 171 rows - UnitShowMeta

[732/764] user_age_check
  FAILED - System.InvalidOperationException: Multiple generated Meta types accept item set FibMatrix.Config.IntIdMetaSet: UIPreloadMeta, JumpMeta, SettingsMeta, TaskAchievementGroupMeta, TaskAchievementMeta, TaskAchievementTabMeta, ActivityPointMissionMeta, ActivityRaidMeta, CardRaidMeta, CrossActivityMeta, ActivityNewMeta, ActivityHeroAchievementMeta, ActivityDropMeta, ActivityDispathHeroMeta, AllianceMobilizationMeta, AllianceMobilizationRewardMeta, VideoGamesMeta, OptionalWeeklyCardMeta, DarkLegionChallengeMeta, NewSevenLoginMeta

[733/764] user_skin
  FAILED - System.ArgumentException: An item with the same key has already been added.

[734/764] video_games
  OK - 65 rows - VideoGamesMeta

[735/764] video_profit
  OK - 11 rows - VideoProfitMeta

[736/764] village
  OK - 6 rows - VillageMeta

[737/764] villagers
  FAILED - System.InvalidOperationException: Multiple generated Meta types accept item set FibMatrix.Config.IntIdMetaSet: UIPreloadMeta, JumpMeta, SettingsMeta, TaskAchievementGroupMeta, TaskAchievementMeta, TaskAchievementTabMeta, ActivityPointMissionMeta, ActivityRaidMeta, CardRaidMeta, CrossActivityMeta, ActivityNewMeta, ActivityHeroAchievementMeta, ActivityDropMeta, ActivityDispathHeroMeta, AllianceMobilizationMeta, AllianceMobilizationRewardMeta, VideoGamesMeta, OptionalWeeklyCardMeta, DarkLegionChallengeMeta, NewSevenLoginMeta

[738/764] villagers_event
  FAILED - System.InvalidOperationException: Multiple generated Meta types accept item set FibMatrix.Config.IntIdMetaSet: UIPreloadMeta, JumpMeta, SettingsMeta, TaskAchievementGroupMeta, TaskAchievementMeta, TaskAchievementTabMeta, ActivityPointMissionMeta, ActivityRaidMeta, CardRaidMeta, CrossActivityMeta, ActivityNewMeta, ActivityHeroAchievementMeta, ActivityDropMeta, ActivityDispathHeroMeta, AllianceMobilizationMeta, AllianceMobilizationRewardMeta, VideoGamesMeta, OptionalWeeklyCardMeta, DarkLegionChallengeMeta, NewSevenLoginMeta

[739/764] villagers_image
  FAILED - System.InvalidOperationException: Multiple generated Meta types accept item set FibMatrix.Config.IntIdMetaSet: UIPreloadMeta, JumpMeta, SettingsMeta, TaskAchievementGroupMeta, TaskAchievementMeta, TaskAchievementTabMeta, ActivityPointMissionMeta, ActivityRaidMeta, CardRaidMeta, CrossActivityMeta, ActivityNewMeta, ActivityHeroAchievementMeta, ActivityDropMeta, ActivityDispathHeroMeta, AllianceMobilizationMeta, AllianceMobilizationRewardMeta, VideoGamesMeta, OptionalWeeklyCardMeta, DarkLegionChallengeMeta, NewSevenLoginMeta

[740/764] villagers_name
  FAILED - System.InvalidOperationException: Multiple generated Meta types accept item set FibMatrix.Config.IntIdMetaSet: UIPreloadMeta, JumpMeta, SettingsMeta, TaskAchievementGroupMeta, TaskAchievementMeta, TaskAchievementTabMeta, ActivityPointMissionMeta, ActivityRaidMeta, CardRaidMeta, CrossActivityMeta, ActivityNewMeta, ActivityHeroAchievementMeta, ActivityDropMeta, ActivityDispathHeroMeta, AllianceMobilizationMeta, AllianceMobilizationRewardMeta, VideoGamesMeta, OptionalWeeklyCardMeta, DarkLegionChallengeMeta, NewSevenLoginMeta

[741/764] villagers_relate
  FAILED - System.InvalidOperationException: Multiple generated Meta types accept item set FibMatrix.Config.IntIdMetaSet: UIPreloadMeta, JumpMeta, SettingsMeta, TaskAchievementGroupMeta, TaskAchievementMeta, TaskAchievementTabMeta, ActivityPointMissionMeta, ActivityRaidMeta, CardRaidMeta, CrossActivityMeta, ActivityNewMeta, ActivityHeroAchievementMeta, ActivityDropMeta, ActivityDispathHeroMeta, AllianceMobilizationMeta, AllianceMobilizationRewardMeta, VideoGamesMeta, OptionalWeeklyCardMeta, DarkLegionChallengeMeta, NewSevenLoginMeta

[742/764] villagers_skills
  FAILED - System.InvalidOperationException: Multiple generated Meta types accept item set FibMatrix.Config.IntIdMetaSet: UIPreloadMeta, JumpMeta, SettingsMeta, TaskAchievementGroupMeta, TaskAchievementMeta, TaskAchievementTabMeta, ActivityPointMissionMeta, ActivityRaidMeta, CardRaidMeta, CrossActivityMeta, ActivityNewMeta, ActivityHeroAchievementMeta, ActivityDropMeta, ActivityDispathHeroMeta, AllianceMobilizationMeta, AllianceMobilizationRewardMeta, VideoGamesMeta, OptionalWeeklyCardMeta, DarkLegionChallengeMeta, NewSevenLoginMeta

[743/764] village_style
  FAILED - System.InvalidOperationException: Multiple generated Meta types accept item set FibMatrix.Config.IntIdMetaSet: UIPreloadMeta, JumpMeta, SettingsMeta, TaskAchievementGroupMeta, TaskAchievementMeta, TaskAchievementTabMeta, ActivityPointMissionMeta, ActivityRaidMeta, CardRaidMeta, CrossActivityMeta, ActivityNewMeta, ActivityHeroAchievementMeta, ActivityDropMeta, ActivityDispathHeroMeta, AllianceMobilizationMeta, AllianceMobilizationRewardMeta, VideoGamesMeta, OptionalWeeklyCardMeta, DarkLegionChallengeMeta, NewSevenLoginMeta

[744/764] vip
  OK - 21 rows - VipMeta

[745/764] vip_contact
  FAILED - System.InvalidOperationException: Multiple generated Meta types accept item set FibMatrix.Config.IntIdMetaSet: UIPreloadMeta, JumpMeta, SettingsMeta, TaskAchievementGroupMeta, TaskAchievementMeta, TaskAchievementTabMeta, ActivityPointMissionMeta, ActivityRaidMeta, CardRaidMeta, CrossActivityMeta, ActivityNewMeta, ActivityHeroAchievementMeta, ActivityDropMeta, ActivityDispathHeroMeta, AllianceMobilizationMeta, AllianceMobilizationRewardMeta, VideoGamesMeta, OptionalWeeklyCardMeta, DarkLegionChallengeMeta, NewSevenLoginMeta

[746/764] vip_record_book
  FAILED - System.InvalidOperationException: Multiple generated Meta types accept item set FibMatrix.Config.IntIdMetaSet: UIPreloadMeta, JumpMeta, SettingsMeta, TaskAchievementGroupMeta, TaskAchievementMeta, TaskAchievementTabMeta, ActivityPointMissionMeta, ActivityRaidMeta, CardRaidMeta, CrossActivityMeta, ActivityNewMeta, ActivityHeroAchievementMeta, ActivityDropMeta, ActivityDispathHeroMeta, AllianceMobilizationMeta, AllianceMobilizationRewardMeta, VideoGamesMeta, OptionalWeeklyCardMeta, DarkLegionChallengeMeta, NewSevenLoginMeta

[747/764] warning_info
  FAILED - System.InvalidOperationException: Multiple generated Meta types accept item set FibMatrix.Config.IntIdMetaSet: UIPreloadMeta, JumpMeta, SettingsMeta, TaskAchievementGroupMeta, TaskAchievementMeta, TaskAchievementTabMeta, ActivityPointMissionMeta, ActivityRaidMeta, CardRaidMeta, CrossActivityMeta, ActivityNewMeta, ActivityHeroAchievementMeta, ActivityDropMeta, ActivityDispathHeroMeta, AllianceMobilizationMeta, AllianceMobilizationRewardMeta, VideoGamesMeta, OptionalWeeklyCardMeta, DarkLegionChallengeMeta, NewSevenLoginMeta

[748/764] water_state
  OK - 3 rows - WaterStateMeta

[749/764] water_system
  OK - 34 rows - WaterSystemMeta

[750/764] weekly_pass
  OK - 8 rows - WeeklyPassMeta

[751/764] world_area
  OK - 2 rows - WorldAreaMeta

[752/764] world_news
  OK - 3 rows - WorldNewsMeta

[753/764] world_quick_icon
  OK - 42 rows - WorldQuickIconMeta

[754/764] world_skin
  OK - 179 rows - WorldSkinMeta

[755/764] world_skin_effect
  OK - 34 rows - WorldSkinEffectMeta

[756/764] world_skin_goods
  FAILED - System.InvalidOperationException: Multiple generated Meta types accept item set FibMatrix.Config.IntIdMetaSet: UIPreloadMeta, JumpMeta, SettingsMeta, TaskAchievementGroupMeta, TaskAchievementMeta, TaskAchievementTabMeta, ActivityPointMissionMeta, ActivityRaidMeta, CardRaidMeta, CrossActivityMeta, ActivityNewMeta, ActivityHeroAchievementMeta, ActivityDropMeta, ActivityDispathHeroMeta, AllianceMobilizationMeta, AllianceMobilizationRewardMeta, VideoGamesMeta, OptionalWeeklyCardMeta, DarkLegionChallengeMeta, NewSevenLoginMeta

[757/764] world_skin_march
  OK - 17 rows - WorldSkinMarchMeta

[758/764] world_skin_skill
  OK - 33 rows - WorldSkinSkillMeta

[759/764] world_skin_skill_level_up
  FAILED - System.InvalidOperationException: Multiple generated Meta types accept item set FibMatrix.Config.IntIdMetaSet: UIPreloadMeta, JumpMeta, SettingsMeta, TaskAchievementGroupMeta, TaskAchievementMeta, TaskAchievementTabMeta, ActivityPointMissionMeta, ActivityRaidMeta, CardRaidMeta, CrossActivityMeta, ActivityNewMeta, ActivityHeroAchievementMeta, ActivityDropMeta, ActivityDispathHeroMeta, AllianceMobilizationMeta, AllianceMobilizationRewardMeta, VideoGamesMeta, OptionalWeeklyCardMeta, DarkLegionChallengeMeta, NewSevenLoginMeta

[760/764] world_skin_suit_collection
  FAILED - System.InvalidOperationException: Multiple generated Meta types accept item set FibMatrix.Config.IntIdMetaSet: UIPreloadMeta, JumpMeta, SettingsMeta, TaskAchievementGroupMeta, TaskAchievementMeta, TaskAchievementTabMeta, ActivityPointMissionMeta, ActivityRaidMeta, CardRaidMeta, CrossActivityMeta, ActivityNewMeta, ActivityHeroAchievementMeta, ActivityDropMeta, ActivityDispathHeroMeta, AllianceMobilizationMeta, AllianceMobilizationRewardMeta, VideoGamesMeta, OptionalWeeklyCardMeta, DarkLegionChallengeMeta, NewSevenLoginMeta

[761/764] world_skin_suit_collection_rewa
  FAILED - System.InvalidOperationException: Multiple generated Meta types accept item set FibMatrix.Config.IntIdMetaSet: UIPreloadMeta, JumpMeta, SettingsMeta, TaskAchievementGroupMeta, TaskAchievementMeta, TaskAchievementTabMeta, ActivityPointMissionMeta, ActivityRaidMeta, CardRaidMeta, CrossActivityMeta, ActivityNewMeta, ActivityHeroAchievementMeta, ActivityDropMeta, ActivityDispathHeroMeta, AllianceMobilizationMeta, AllianceMobilizationRewardMeta, VideoGamesMeta, OptionalWeeklyCardMeta, DarkLegionChallengeMeta, NewSevenLoginMeta

[762/764] world_skin_suit_collect_fashion
  FAILED - System.InvalidOperationException: Multiple generated Meta types accept item set FibMatrix.Config.IntIdMetaSet: UIPreloadMeta, JumpMeta, SettingsMeta, TaskAchievementGroupMeta, TaskAchievementMeta, TaskAchievementTabMeta, ActivityPointMissionMeta, ActivityRaidMeta, CardRaidMeta, CrossActivityMeta, ActivityNewMeta, ActivityHeroAchievementMeta, ActivityDropMeta, ActivityDispathHeroMeta, AllianceMobilizationMeta, AllianceMobilizationRewardMeta, VideoGamesMeta, OptionalWeeklyCardMeta, DarkLegionChallengeMeta, NewSevenLoginMeta

[763/764] world_skin_wing
  FAILED - System.InvalidOperationException: Multiple generated Meta types accept item set FibMatrix.Config.IntIdMetaSet: UIPreloadMeta, JumpMeta, SettingsMeta, TaskAchievementGroupMeta, TaskAchievementMeta, TaskAchievementTabMeta, ActivityPointMissionMeta, ActivityRaidMeta, CardRaidMeta, CrossActivityMeta, ActivityNewMeta, ActivityHeroAchievementMeta, ActivityDropMeta, ActivityDispathHeroMeta, AllianceMobilizationMeta, AllianceMobilizationRewardMeta, VideoGamesMeta, OptionalWeeklyCardMeta, DarkLegionChallengeMeta, NewSevenLoginMeta

[764/764] worm_boss
  OK - 21 rows - WormBossMeta

EXPORT COMPLETE
========================================
Tables discovered: 764
Tables exported:   310
Tables empty:      0
Tables failed:     454
Rows exported:     284,929

Output:
C:\Projects\Atlas\extrator\AtlasExtractor\output
