id,banner,condition,cost_id,cost_num,cost_price,cost_type,goods,goods_quality,group,is_daily,is_open,order,sale
1,bg_shop_00,,204002,1,199,2,9669101,2,10000,-1,1,1,10000
2,bg_shop_00,,204002,10,5,2,9669102,1,10000,-1,1,3,10000
3,bg_shop_00,,204002,10,5,2,9669103,1,10000,-1,1,4,10000
4,bg_shop_00,,204002,10,5,2,9669104,1,10000,-1,1,5,10000
5,bg_shop_00,,204002,4,5,2,9669105,3,10000,-1,1,7,10000
6,bg_shop_00,,204002,5,5,2,9669106,3,10000,-1,1,2,10000
7,bg_shop_00,,204002,50,2,2,9669107,1,10000,-1,1,8,10000
8,bg_shop_00,,204002,50,3,2,9669108,1,10000,-1,1,9,10000
9,bg_shop_00,,204002,50,1,2,9669109,1,10000,-1,1,6,10000
100001,bg_shop_00,,281,3,100,2,2,2,180,-1,1,1,10000
100002,bg_shop_00,,281,3,100,2,2,2,180,-1,1,2,10000
100003,bg_shop_00,,281,3,100,2,2,2,180,-1,1,3,10000
100004,bg_shop_00,,281,3,100,2,2,2,180,-1,1,4,10000
100005,bg_shop_00,,281,3,100,2,2,2,180,-1,1,5,10000
100006,bg_shop_00,,281,20,100,2,1,2,180,-1,1,6,10000
100007,bg_shop_00,,281,20,100,2,1,2,180,-1,1,7,10000
100008,bg_shop_00,,281,20,100,2,1,2,180,-1,1,8,10000
100009,bg_shop_00,,281,20,100,2,1,2,180,-1,1,9,10000
100010,bg_shop_00,,281,20,100,2,1,2,180,-1,1,10,10000
101,bg_shop_00,,204002,1,99,2,75207,2,10001,-1,1,1,10000
102,bg_shop_00,,204002,10,5,2,75208,1,10001,-1,1,2,10000
103,bg_shop_00,,204002,10,5,2,75209,1,10001,-1,1,3,10000
104,bg_shop_00,,204002,10,5,2,75210,1,10001,-1,1,5,10000
105,bg_shop_00,,204002,4,5,2,75211,3,10001,-1,1,7,10000
106,bg_shop_00,,204002,5,5,2,75212,3,10001,-1,1,2,10000
107,bg_shop_00,,204002,50,2,2,75213,1,10001,-1,1,8,10000
108,bg_shop_00,,204002,50,3,2,75214,1,10001,-1,1,9,10000
109,bg_shop_00,,204002,50,1,2,75215,1,10001,-1,1,6,10000
110,bg_shop_00,,204002,1,199,2,9669101,2,10002,-1,1,1,10000
111,bg_shop_00,,204002,50,5,2,9056007,1,10002,-1,1,2,10000
112,bg_shop_00,,204002,50,5,2,9056008,1,10002,-1,1,3,10000
113,bg_shop_00,,204002,50,5,2,9056009,1,10002,-1,1,4,10000
114,bg_shop_00,,204002,20,5,2,9669105,3,10002,-1,1,5,10000
115,bg_shop_00,,204002,20,5,2,9669106,3,10002,-1,1,6,10000
116,bg_shop_00,,204002,100,2,2,9669107,1,10002,-1,1,7,10000
117,bg_shop_00,,204002,100,3,2,9669108,1,10002,-1,1,8,10000
118,bg_shop_00,,204002,100,1,2,9669109,1,10002,-1,1,9,10000
119,bg_shop_00,,204002,1,399,2,9159001,2,10003,-1,1,1,10000
120,bg_shop_00,,204002,100,10,2,9159002,1,10003,-1,1,2,10000
123,bg_shop_00,,204002,1,100,2,9159005,3,10003,-1,1,5,10000
124,bg_shop_00,,204002,1,100,2,9159006,3,10003,-1,1,6,10000
125,bg_shop_00,,204002,1,45,2,9159007,1,10003,-1,1,7,10000
126,bg_shop_00,,204002,1,45,2,9159008,1,10003,-1,1,8,10000
127,bg_shop_00,,204002,1,45,2,9159009,1,10003,-1,1,9,10000
128,bg_shop_00,,204002,4,10,2,9159010,-1,10003,-1,1,10,10000
129,bg_shop_00,,204002,5,15,2,9159011,-1,10003,-1,1,11,10000
130,bg_shop_00,,204002,50,5,2,9159012,-1,10003,-1,1,12,10000
131,bg_shop_00,,204002,50,3,2,9159013,-1,10003,-1,1,13,10000
132,bg_shop_00,,204005,5,50,2,9669601,3,220,-1,1,1,10000
133,bg_shop_00,,204005,5,75,2,9669602,3,220,-1,1,2,-3300
134,bg_shop_00,,204005,20,20,2,9669603,2,220,-1,1,3,-5000
135,bg_shop_00,,204005,10,60,2,9669604,2,220,-1,1,4,-1600
136,bg_shop_00,,204005,20,30,2,9669605,2,220,-1,1,5,-1600
137,bg_shop_00,,204005,10,36,2,9669606,1,220,-1,1,6,-1600
138,bg_shop_00,,204005,10,12,2,9669607,1,220,-1,1,7,-1600
139,bg_shop_00,,204005,10,12,2,9669608,1,220,-1,1,8,-1600
141,bg_shop_00,,204002,1,600,2,9229001,2,221,-1,1,1,10000
142,bg_shop_00,,204002,50,10,2,9229002,1,221,-1,1,2,10000
143,bg_shop_00,,204002,2,350,2,9229003,1,221,-1,1,3,10000
144,bg_shop_00,,204002,2,350,2,9229004,1,221,-1,1,4,10000
145,bg_shop_00,,204002,2,350,2,9229005,1,221,-1,1,5,10000
146,bg_shop_00,,204002,2,350,2,9229006,1,221,-1,1,6,10000
147,bg_shop_00,,204002,4,10,2,9229007,1,221,-1,1,7,10000
148,bg_shop_00,,204002,5,15,2,9229008,1,221,-1,1,8,10000
149,bg_shop_00,,204002,50,5,2,9229009,1,221,-1,1,9,10000
150,bg_shop_00,,204002,50,3,2,9229010,1,221,-1,1,10,10000
151,bg_shop_00,,9250010,5,40,2,9260201,1,222,-1,1,1,10000
152,bg_shop_00,,9250010,1,250,2,9260202,2,222,-1,1,2,10000
153,bg_shop_00,,9250010,100,15,2,9260203,1,222,-1,1,3,10000
154,bg_shop_00,,9250010,6,400,2,9260204,1,222,-1,1,4,10000
155,bg_shop_00,,9250010,6,400,2,9260205,1,222,-1,1,5,10000
156,bg_shop_00,,9250010,6,400,2,9260206,1,222,-1,1,6,10000
157,bg_shop_00,,9250010,6,400,2,9260207,1,222,-1,1,7,10000
158,bg_shop_00,,9250010,50,15,2,9260208,1,222,-1,1,8,10000
159,bg_shop_00,,9250010,10,10,2,9260209,1,222,-1,1,9,10000
160,bg_shop_00,,9250010,50,5,2,9260210,1,222,-1,1,10,10000
161,bg_shop_00,,204002,5,5,2,9274001,1,223,-1,1,1,10000
162,bg_shop_00,,204002,1,250,2,9274002,1,223,-1,1,2,10000
163,bg_shop_00,,204002,50,10,2,9274003,1,223,-1,1,3,10000
164,bg_shop_00,,204002,50,10,2,9274004,1,223,-1,1,4,10000
165,bg_shop_00,,204002,50,10,2,9274005,1,223,-1,1,5,10000
166,bg_shop_00,,204002,3,400,2,9260204,1,223,-1,1,6,10000
167,bg_shop_00,,204002,3,400,2,9260205,1,223,-1,1,7,10000
168,bg_shop_00,,204002,3,400,2,9260206,1,223,-1,1,8,10000
169,bg_shop_00,,204002,3,400,2,9260207,1,223,-1,1,9,10000
170,bg_shop_00,,204002,50,15,2,9260208,1,223,-1,1,10,10000
171,bg_shop_00,,204002,10,10,2,9260209,1,223,-1,1,11,10000
172,bg_shop_00,,204002,50,5,2,9260210,1,223,-1,1,12,10000
173,bg_shop_00,,204005,5,50,2,9669601,3,224,-1,1,1,10000
174,bg_shop_00,,204005,5,75,2,9669602,3,224,-1,1,2,-3300
175,bg_shop_00,,204005,20,20,2,9669603,2,224,-1,1,3,-5000
176,bg_shop_00,,204005,10,60,2,9669604,2,224,-1,1,4,-1600
177,bg_shop_00,,204005,20,30,2,9669605,2,224,-1,1,5,-1600
178,bg_shop_00,,204005,10,36,2,9669606,1,224,-1,1,6,-1600
179,bg_shop_00,,204005,10,12,2,9669607,1,224,-1,1,7,-1600
180,bg_shop_00,,204005,10,12,2,9669608,1,224,-1,1,8,-1600
181,bg_shop_00,,9250010,5,40,2,10114201,1,225,-1,1,1,10000
182,bg_shop_00,,9250010,1,250,2,10114202,1,225,-1,1,2,10000
183,bg_shop_00,,9250010,100,20,2,10114203,1,225,-1,1,3,10000
184,bg_shop_00,,9250010,6,400,2,10114204,1,225,-1,1,4,10000
185,bg_shop_00,,9250010,6,400,2,10114205,1,225,-1,1,5,10000
186,bg_shop_00,,9250010,6,400,2,10114206,1,225,-1,1,6,10000
187,bg_shop_00,,9250010,6,400,2,10114207,1,225,-1,1,7,10000
188,bg_shop_00,,9250010,50,15,2,10114208,1,225,-1,1,8,10000
189,bg_shop_00,,9250010,10,10,2,10114209,1,225,-1,1,9,10000
190,bg_shop_00,,9250010,50,5,2,10114210,1,225,-1,1,10,10000
191,bg_shop_00,,1008002,5,1,2,10124002,1,226,-1,1,80,10000
192,bg_shop_00,,1008002,9,5,2,10124003,1,226,-1,1,10,10000
193,bg_shop_00,,1008002,9,5,2,10124004,1,226,-1,1,20,10000
194,bg_shop_00,,1008002,9,5,2,10124005,1,226,-1,1,30,10000
195,bg_shop_00,,1008002,3,15,2,10124006,1,226,-1,1,40,10000
196,bg_shop_00,,1008002,3,15,2,10124007,1,226,-1,1,50,10000
197,bg_shop_00,,1008002,3,15,2,10124008,1,226,-1,1,60,10000
198,bg_shop_00,,1008002,3,15,2,10124009,1,226,-1,1,70,10000
199,bg_shop_00,,1008002,50,2,2,10124010,1,226,-1,1,90,10000
200,bg_shop_00,,1008002,5,3,2,10124011,1,226,-1,1,100,10000
201,bg_shop_00,,9250010,5,40,2,10190201,1,227,-1,1,1,10000
202,bg_shop_00,,9250010,1,250,2,10190202,1,227,-1,1,2,10000
203,bg_shop_00,,9250010,100,20,2,10190203,1,227,-1,1,3,10000
204,bg_shop_00,,9250010,6,400,2,10190204,1,227,-1,1,4,10000
205,bg_shop_00,,9250010,6,400,2,10190205,1,227,-1,1,5,10000
206,bg_shop_00,,9250010,6,400,2,10190206,1,227,-1,1,6,10000
207,bg_shop_00,,9250010,6,400,2,10190207,1,227,-1,1,7,10000
208,bg_shop_00,,9250010,50,15,2,10190208,1,227,-1,1,8,10000
209,bg_shop_00,,9250010,10,10,2,10190209,1,227,-1,1,9,10000
210,bg_shop_00,,9250010,50,5,2,10190210,1,227,-1,1,10,10000
211,bg_shop_00,,1008002,1,15,2,10193201,1,228,-1,1,1,10000
212,bg_shop_00,,1008002,1,5,2,10193202,1,228,-1,1,2,10000
213,bg_shop_00,,1008002,1,5,2,10193203,1,228,-1,1,3,10000
214,bg_shop_00,,1008002,6,15,2,10193204,1,228,-1,1,4,10000
215,bg_shop_00,,1008002,6,15,2,10193205,1,228,-1,1,5,10000
216,bg_shop_00,,1008002,6,15,2,10193206,1,228,-1,1,6,10000
217,bg_shop_00,,1008002,6,15,2,10193207,1,228,-1,1,7,10000
218,bg_shop_00,,1008002,10,1,2,10193208,1,228,-1,1,8,10000
219,bg_shop_00,,1008002,5,1,2,10193209,1,228,-1,1,9,10000
220,bg_shop_00,,1008002,50,2,2,10193210,1,228,-1,1,10,10000
221,bg_shop_00,,1008002,50,3,2,10193211,1,228,-1,1,11,10000
222,bg_shop_00,,1008002,10,12,2,10201201,1,229,-1,1,1,10000
223,bg_shop_00,,1008002,1,30,2,10201202,1,229,-1,1,2,10000
224,bg_shop_00,,1008002,1,30,2,10201203,1,229,-1,1,3,10000
225,bg_shop_00,,1008002,1,30,2,10201204,1,229,-1,1,4,10000
226,bg_shop_00,,1008002,1,30,2,10201205,1,229,-1,1,5,10000
227,bg_shop_00,,1008002,3,20,2,10201206,1,229,-1,1,6,10000
228,bg_shop_00,,1008002,3,6,2,10201207,1,229,-1,1,7,10000
229,bg_shop_00,,1008002,3,6,2,10201208,1,229,-1,1,8,10000
230,bg_shop_00,,1008002,3,6,2,10201209,1,229,-1,1,9,10000
231,bg_shop_00,,1008002,3,6,2,10201210,1,229,-1,1,10,10000
232,bg_shop_00,,1008002,5,1,2,10201211,1,229,-1,1,14,10000
233,bg_shop_00,,1008002,10,2,2,10201212,1,229,-1,1,12,10000
234,bg_shop_00,,1008002,5,3,2,10201213,1,229,-1,1,11,10000
235,bg_shop_00,,1008002,5,2,2,10201214,1,229,-1,1,13,10000
236,bg_shop_00,,204002,50,10,2,10210001,1,228,-1,1,12,10000
237,bg_shop_00,,204002,10,1,2,9669109,1,228,-1,1,13,10000
238,bg_shop_00,,9250010,1,250,2,10260101,1,230,-1,1,1,10000
239,bg_shop_00,,9250010,8,50,2,10260102,1,230,-1,1,2,10000
240,bg_shop_00,,9250010,8,50,2,10260103,1,230,-1,1,3,10000
241,bg_shop_00,,9250010,8,50,2,10260104,1,230,-1,1,4,10000
242,bg_shop_00,,9250010,8,50,2,10260105,1,230,-1,1,5,10000
243,bg_shop_00,,9250010,8,200,2,10260106,1,230,-1,1,6,10000
244,bg_shop_00,,9250010,6,350,2,10260107,1,230,-1,1,7,10000
245,bg_shop_00,,9250010,6,350,2,10260108,1,230,-1,1,8,10000
246,bg_shop_00,,9250010,6,350,2,10260109,1,230,-1,1,9,10000
247,bg_shop_00,,9250010,6,350,2,10260110,1,230,-1,1,10,10000
248,bg_shop_00,,9250010,50,15,2,10260111,1,230,-1,1,11,10000
249,bg_shop_00,,9250010,10,75,2,10260112,1,230,-1,1,12,10000
250,bg_shop_00,,9250010,50,25,2,10260113,1,230,-1,1,13,10000
251,bg_shop_00,,9250010,5,40,2,10260114,1,230,-1,1,14,10000
252,bg_shop_00,,1008002,10,4,2,10292001,1,231,-1,1,1,10000
253,bg_shop_00,,1008002,10,4,2,10292002,1,231,-1,1,2,10000
254,bg_shop_00,,1008002,3,10,2,10292003,1,231,-1,1,3,10000
255,bg_shop_00,,1008002,3,10,2,10292004,1,231,-1,1,4,10000
256,bg_shop_00,,1008002,3,10,2,10292005,1,231,-1,1,5,10000
257,bg_shop_00,,1008002,3,10,2,10292006,1,231,-1,1,6,10000
258,bg_shop_00,,1008002,9,8,2,10292007,1,231,-1,1,7,10000
259,bg_shop_00,,1008002,9,2,2,10292008,1,231,-1,1,8,10000
260,bg_shop_00,,1008002,9,2,2,10292009,1,231,-1,1,9,10000
261,bg_shop_00,,1008002,9,2,2,10292010,1,231,-1,1,10,10000
262,bg_shop_00,,1008002,9,2,2,10292011,1,231,-1,1,11,10000
263,bg_shop_00,,1008002,50,1,2,10292012,1,231,-1,1,12,10000
264,bg_shop_00,,1008002,5,1,2,10292013,1,231,-1,1,13,10000
265,bg_shop_00,,1008002,5,1,2,10292014,1,231,-1,1,14,10000
266,bg_shop_00,,204005,5,50,2,9669601,3,232,-1,1,1,10000
267,bg_shop_00,,204005,50,20,2,9669602,3,232,-1,1,2,10000
268,bg_shop_00,,204005,20,20,2,9669603,2,232,-1,1,3,-5000
269,bg_shop_00,,204005,10,60,2,9669604,2,232,-1,1,4,-1600
270,bg_shop_00,,204005,20,30,2,9669605,2,232,-1,1,5,-1600
271,bg_shop_00,,204005,10,36,2,9669606,1,232,-1,1,6,-1600
272,bg_shop_00,,204005,10,12,2,9669607,1,232,-1,1,7,-1600
273,bg_shop_00,,204005,10,12,2,9669608,1,232,-1,1,8,-1600
274,bg_shop_00,,9250010,1,800,2,10311001,1,233,-1,1,1,10000
275,bg_shop_00,,9250010,50,50,2,10311002,1,233,-1,1,2,10000
276,bg_shop_00,,9250010,50,30,2,10311003,1,233,-1,1,3,10000
277,bg_shop_00,,9250010,6,600,2,10311004,1,233,-1,1,4,10000
278,bg_shop_00,,9250010,6,600,2,10311005,1,233,-1,1,5,10000
279,bg_shop_00,,9250010,6,600,2,10311006,1,233,-1,1,6,10000
280,bg_shop_00,,9250010,6,600,2,10311007,1,233,-1,1,7,10000
281,bg_shop_00,,9250010,5,5,2,10311008,1,233,-1,1,8,10000
282,bg_shop_00,,9250010,50,15,2,10311009,1,233,-1,1,9,10000
283,bg_shop_00,,9250010,10,10,2,10311010,1,233,-1,1,10,10000
284,bg_shop_00,,9250010,50,25,2,10311011,1,233,-1,1,11,10000
285,bg_shop_00,,9250010,1,600,2,11012201,1,234,-1,1,1,10000
287,bg_shop_00,,9250010,60,30,2,11012203,1,234,-1,1,3,10000
288,bg_shop_00,,9250010,6,500,2,11012204,1,234,-1,1,4,10000
289,bg_shop_00,,9250010,6,500,2,11012205,1,234,-1,1,5,10000
290,bg_shop_00,,9250010,6,500,2,11012206,1,234,-1,1,6,10000
291,bg_shop_00,,9250010,6,500,2,11012207,1,234,-1,1,7,10000
292,bg_shop_00,,9250010,8,300,2,11012208,1,234,-1,1,8,10000
293,bg_shop_00,,9250010,8,75,2,11012209,1,234,-1,1,9,10000
294,bg_shop_00,,9250010,8,75,2,11012210,1,234,-1,1,10,10000
295,bg_shop_00,,9250010,8,75,2,11012211,1,234,-1,1,11,10000
296,bg_shop_00,,9250010,8,75,2,11012212,1,234,-1,1,12,10000
297,bg_shop_00,,9250010,20,10,2,11012213,1,234,-1,1,13,10000
298,bg_shop_00,,9250010,10,25,2,11012214,1,234,-1,1,14,10000
299,bg_shop_00,,9250010,100,1,2,11012215,1,234,-1,1,15,10000
300,bg_shop_00,,1008002,20,6,2,11015301,1,235,-1,1,1,10000
301,bg_shop_00,,1008002,9,4,2,11015302,1,235,-1,1,2,10000
302,bg_shop_00,,1008002,9,1,2,11015303,1,235,-1,1,3,10000
303,bg_shop_00,,1008002,9,1,2,11015304,1,235,-1,1,4,10000
304,bg_shop_00,,1008002,9,1,2,11015305,1,235,-1,1,5,10000
305,bg_shop_00,,1008002,9,1,2,11015306,1,235,-1,1,6,10000
306,bg_shop_00,,1008002,3,8,2,11015307,1,235,-1,1,7,10000
307,bg_shop_00,,1008002,3,8,2,11015308,1,235,-1,1,8,10000
308,bg_shop_00,,1008002,3,8,2,11015309,1,235,-1,1,9,10000
309,bg_shop_00,,1008002,3,8,2,11015310,1,235,-1,1,10,10000
310,bg_shop_00,,1008002,2,1,2,11015311,1,235,-1,1,11,10000
311,bg_shop_00,,1008002,2,1,2,11015312,1,235,-1,1,12,10000
312,bg_shop_00,,1008002,2,1,2,11015313,1,235,-1,1,13,10000
313,bg_shop_00,,1008002,2,1,2,11015314,1,235,-1,1,14,10000
314,bg_shop_00,,204005,1,300,2,11060201,3,236,-1,1,1,10000
315,bg_shop_00,,204005,1,100,2,11060202,3,236,-1,1,2,10000
316,bg_shop_00,,204005,1,100,2,11060203,3,236,-1,1,3,10000
317,bg_shop_00,,204005,1,100,2,11060204,3,236,-1,1,4,10000
318,bg_shop_00,,204005,1,100,2,11060205,3,236,-1,1,5,10000
319,bg_shop_00,,204005,5,50,2,11060206,3,236,-1,1,6,10000
320,bg_shop_00,,204005,20,20,2,11060207,2,236,-1,1,7,-5000
321,bg_shop_00,,204005,10,60,2,11060208,2,236,-1,1,8,-1600
322,bg_shop_00,,204005,20,30,2,11060209,2,236,-1,1,9,-1600
323,bg_shop_00,,204005,10,36,2,11060210,1,236,-1,1,10,-1600
324,bg_shop_00,,204005,10,12,2,11060211,1,236,-1,1,11,-1600
325,bg_shop_00,,204005,10,12,2,11060212,1,236,-1,1,12,-1600
326,bg_shop_00,,1008002,10,10,2,11070201,1,237,-1,1,1,10000
327,bg_shop_00,,1008002,5,15,2,11070202,1,237,-1,1,2,10000
328,bg_shop_00,,1008002,5,15,2,11070203,1,237,-1,1,3,10000
329,bg_shop_00,,1008002,5,15,2,11070204,1,237,-1,1,4,10000
330,bg_shop_00,,1008002,5,15,2,11070205,1,237,-1,1,5,10000
331,bg_shop_00,,1008002,1,1,2,11070206,1,237,-1,1,6,10000
332,bg_shop_00,,1008002,1,1,2,11070207,1,237,-1,1,7,10000
333,bg_shop_00,,1008002,1,1,2,11070208,1,237,-1,1,8,10000
334,bg_shop_00,,1008002,1,1,2,11070209,1,237,-1,1,9,10000
335,bg_shop_00,,1008002,1,1,2,11070210,1,237,-1,1,10,10000
336,bg_shop_00,,1008002,1,1,2,11070211,1,237,-1,1,11,10000
337,bg_shop_00,,1008002,10,10,2,11071201,1,238,-1,1,1,10000
338,bg_shop_00,,1008002,5,15,2,11071202,1,238,-1,1,2,10000
339,bg_shop_00,,1008002,5,15,2,11071203,1,238,-1,1,3,10000
340,bg_shop_00,,1008002,5,15,2,11071204,1,238,-1,1,4,10000
341,bg_shop_00,,1008002,5,15,2,11071205,1,238,-1,1,5,10000
342,bg_shop_00,,1008002,1,1,2,11071206,1,238,-1,1,6,10000
343,bg_shop_00,,1008002,1,1,2,11071207,1,238,-1,1,7,10000
344,bg_shop_00,,1008002,1,1,2,11071208,1,238,-1,1,8,10000
345,bg_shop_00,,1008002,1,1,2,11071209,1,238,-1,1,9,10000
346,bg_shop_00,,1008002,1,1,2,11071210,1,238,-1,1,10,10000
347,bg_shop_00,,1008002,1,1,2,11071211,1,238,-1,1,11,10000
348,bg_shop_00,,1008002,20,4,2,11080201,1,239,-1,1,1,10000
349,bg_shop_00,,1008002,9,8,2,11080202,1,239,-1,1,2,10000
350,bg_shop_00,,1008002,9,3,2,11080203,1,239,-1,1,3,10000
351,bg_shop_00,,1008002,9,3,2,11080204,1,239,-1,1,4,10000
352,bg_shop_00,,1008002,9,3,2,11080205,1,239,-1,1,5,10000
353,bg_shop_00,,1008002,9,3,2,11080206,1,239,-1,1,6,10000
354,bg_shop_00,,1008002,5,8,2,11080207,1,239,-1,1,7,10000
355,bg_shop_00,,1008002,5,8,2,11080208,1,239,-1,1,8,10000
356,bg_shop_00,,1008002,5,8,2,11080209,1,239,-1,1,9,10000
357,bg_shop_00,,1008002,5,8,2,11080210,1,239,-1,1,10,10000
358,bg_shop_00,,1008002,1,6,2,11080211,1,239,-1,1,11,10000
359,bg_shop_00,,1008002,1,5,2,11080212,1,239,-1,1,12,10000
360,bg_shop_00,,1008002,50,1,2,11080213,1,239,-1,1,13,10000
361,bg_shop_00,,1008002,50,1,2,11080214,1,239,-1,1,14,10000
362,bg_shop_00,,1008002,50,1,2,11080215,1,239,-1,1,15,10000
363,bg_shop_00,,1008002,20,4,2,11090101,1,240,-1,1,1,10000
364,bg_shop_00,,1008002,9,6,2,11090102,1,240,-1,1,2,10000
365,bg_shop_00,,1008002,9,2,2,11090103,1,240,-1,1,3,10000
366,bg_shop_00,,1008002,9,2,2,11090104,1,240,-1,1,4,10000
367,bg_shop_00,,1008002,9,2,2,11090105,1,240,-1,1,5,10000
368,bg_shop_00,,1008002,9,2,2,11090106,1,240,-1,1,6,10000
369,bg_shop_00,,1008002,5,8,2,11090107,1,240,-1,1,7,10000
370,bg_shop_00,,1008002,5,8,2,11090108,1,240,-1,1,8,10000
371,bg_shop_00,,1008002,5,8,2,11090109,1,240,-1,1,9,10000
372,bg_shop_00,,1008002,5,8,2,11090110,1,240,-1,1,10,10000
373,bg_shop_00,,1008002,5,1,2,11090111,1,240,-1,1,11,10000
374,bg_shop_00,,1008002,5,1,2,11090112,1,240,-1,1,12,10000
375,bg_shop_00,,1008002,5,1,2,11090113,1,240,-1,1,13,10000
376,bg_shop_00,,1008002,5,1,2,11090114,1,240,-1,1,14,10000
377,bg_shop_00,,1008002,1,5,2,11090115,1,240,-1,1,15,10000
378,bg_shop_00,,1008002,1,7,2,11090116,1,240,-1,1,16,10000
379,bg_shop_00,,1008002,20,5,2,11092201,1,241,-1,1,1,10000
380,bg_shop_00,,1008002,20,5,2,11092202,1,241,-1,1,2,10000
381,bg_shop_00,,1008002,9,8,2,11092203,1,241,-1,1,3,10000
382,bg_shop_00,,1008002,9,2,2,11092204,1,241,-1,1,4,10000
383,bg_shop_00,,1008002,9,2,2,11092205,1,241,-1,1,5,10000
384,bg_shop_00,,1008002,9,2,2,11092206,1,241,-1,1,6,10000
385,bg_shop_00,,1008002,9,2,2,11092207,1,241,-1,1,7,10000
386,bg_shop_00,,1008002,5,8,2,11092208,1,241,-1,1,8,10000
387,bg_shop_00,,1008002,5,8,2,11092209,1,241,-1,1,9,10000
388,bg_shop_00,,1008002,5,8,2,11092210,1,241,-1,1,10,10000
389,bg_shop_00,,1008002,5,8,2,11092211,1,241,-1,1,11,10000
390,bg_shop_00,,1008002,1,9,2,11092212,1,241,-1,1,12,10000
391,bg_shop_00,,1008002,1,6,2,11092213,1,241,-1,1,13,10000
392,bg_shop_00,,1008002,50,1,2,11092214,1,241,-1,1,14,10000
393,bg_shop_00,,1008002,50,1,2,11092215,1,241,-1,1,15,10000
394,bg_shop_00,,204002,50,10,2,10210001,1,240,-1,1,12,10000
395,bg_shop_00,,204002,10,1,2,9669109,1,228,-1,1,13,10000
396,bg_shop_00,,9250010,20,120,2,11170201,1,242,-1,1,1,10000
397,bg_shop_00,,9250010,8,250,2,11170202,1,242,-1,1,2,10000
398,bg_shop_00,,9250010,8,250,2,11170203,1,242,-1,1,3,10000
399,bg_shop_00,,9250010,8,250,2,11170204,1,242,-1,1,4,10000
400,bg_shop_00,,9250010,5,300,2,11170205,1,242,-1,1,5,10000
401,bg_shop_00,,9250010,5,80,2,11170206,1,242,-1,1,6,10000
402,bg_shop_00,,9250010,5,80,2,11170207,1,242,-1,1,7,10000
403,bg_shop_00,,9250010,5,80,2,11170208,1,242,-1,1,8,10000
404,bg_shop_00,,9250010,5,80,2,11170209,1,242,-1,1,9,10000
405,bg_shop_00,,9250010,2,150,2,11170210,1,242,-1,1,10,10000
406,bg_shop_00,,9250010,50,10,2,11170211,1,242,-1,1,11,10000
407,bg_shop_00,,9250010,50,5,2,11170212,1,242,-1,1,12,10000
408,bg_shop_00,,9250010,5,100,2,11170213,1,242,-1,1,13,10000
409,bg_shop_00,,9250010,20,25,2,11170214,1,242,-1,1,14,10000
410,bg_shop_00,,9250010,20,25,2,11170215,1,242,-1,1,15,10000
411,bg_shop_00,,204005,1,150,2,11213001,3,243,-1,1,1,-2500
412,bg_shop_00,,204005,1,150,2,11213002,3,243,-1,1,2,10000
413,bg_shop_00,,204005,10,30,2,11213003,3,243,-1,1,3,10000
414,bg_shop_00,,204005,5,50,2,11213004,3,243,-1,1,4,10000
415,bg_shop_00,,204005,10,50,2,11213005,3,243,-1,1,5,10000
416,bg_shop_00,,204005,20,8,2,11213006,3,243,-1,1,6,-2000
417,bg_shop_00,,204005,20,20,2,11213007,2,243,-1,1,7,-2000
418,bg_shop_00,,204005,10,10,2,11213008,2,243,-1,1,8,-6000
419,bg_shop_00,,204005,10,20,2,11213009,2,243,-1,1,9,-6000
420,bg_shop_00,,9250010,20,120,2,11170201,1,244,-1,1,1,10000
421,bg_shop_00,,9250010,8,250,2,11170202,1,244,-1,1,2,10000
422,bg_shop_00,,9250010,8,250,2,11170203,1,244,-1,1,3,10000
423,bg_shop_00,,9250010,8,250,2,11170204,1,244,-1,1,4,10000
424,bg_shop_00,,9250010,5,300,2,11170205,1,244,-1,1,5,10000
425,bg_shop_00,,9250010,5,80,2,11170206,1,244,-1,1,6,10000
426,bg_shop_00,,9250010,5,80,2,11170207,1,244,-1,1,7,10000
427,bg_shop_00,,9250010,5,80,2,11170208,1,244,-1,1,8,10000
428,bg_shop_00,,9250010,5,80,2,11170209,1,244,-1,1,9,10000
429,bg_shop_00,,9250010,2,150,2,11170210,1,244,-1,1,10,10000
430,bg_shop_00,,9250010,50,10,2,11170211,1,244,-1,1,11,10000
431,bg_shop_00,,9250010,50,5,2,11170212,1,244,-1,1,12,10000
432,bg_shop_00,,9250010,5,100,2,11170213,1,244,-1,1,13,10000
433,bg_shop_00,,9250010,20,5,2,11170214,1,244,-1,1,14,10000
434,bg_shop_00,,9250010,20,5,2,11170215,1,244,-1,1,15,10000
435,bg_shop_00,,1008002,20,3,2,11281201,1,245,-1,1,1,10000
436,bg_shop_00,,1008002,20,3,2,11281202,1,245,-1,1,2,10000
437,bg_shop_00,,1008002,5,8,2,11281203,1,245,-1,1,3,10000
438,bg_shop_00,,1008002,5,8,2,11281204,1,245,-1,1,4,10000
439,bg_shop_00,,1008002,9,6,2,11281205,1,245,-1,1,5,10000
440,bg_shop_00,,1008002,9,2,2,11281206,1,245,-1,1,6,10000
441,bg_shop_00,,1008002,9,2,2,11281207,1,245,-1,1,7,10000
442,bg_shop_00,,1008002,9,2,2,11281208,1,245,-1,1,8,10000
443,bg_shop_00,,1008002,9,2,2,11281209,1,245,-1,1,9,10000
444,bg_shop_00,,1008002,50,2,2,11281210,1,245,-1,1,10,10000
445,bg_shop_00,,1008002,50,2,2,11281211,1,245,-1,1,11,10000
446,bg_shop_00,,1008002,50,2,2,11281212,1,245,-1,1,12,10000
447,bg_shop_00,,1008002,50,1,2,11281213,1,245,-1,1,13,10000
448,bg_shop_00,,1008002,50,1,2,11281214,1,245,-1,1,14,10000
449,bg_shop_00,,9250010,200,10,2,11290201,1,246,-1,1,1,10000
450,bg_shop_00,,9250010,200,10,2,11290202,1,246,-1,1,2,10000
451,bg_shop_00,,9250010,6,300,2,11290203,1,246,-1,1,3,10000
452,bg_shop_00,,9250010,6,300,2,11290204,1,246,-1,1,4,10000
453,bg_shop_00,,9250010,8,400,2,11290205,1,246,-1,1,5,10000
454,bg_shop_00,,9250010,8,100,2,11290206,1,246,-1,1,6,10000
455,bg_shop_00,,9250010,8,100,2,11290207,1,246,-1,1,7,10000
456,bg_shop_00,,9250010,8,100,2,11290208,1,246,-1,1,8,10000
457,bg_shop_00,,9250010,8,100,2,11290209,1,246,-1,1,9,10000
458,bg_shop_00,,9250010,20,10,2,11290210,1,246,-1,1,10,10000
459,bg_shop_00,,9250010,100,1,2,11290211,1,246,-1,1,11,10000
460,bg_shop_00,,9250010,100,1,2,11290212,1,246,-1,1,12,10000
461,bg_shop_00,,9250010,100,1,2,11290213,1,246,-1,1,13,10000
462,bg_shop_00,,9250010,100,5,2,11290214,1,246,-1,1,14,10000
463,bg_shop_00,,204005,1,150,2,11291001,3,247,-1,1,1,-2500
464,bg_shop_00,,204005,1,150,2,11291002,3,247,-1,1,2,10000
465,bg_shop_00,,204005,10,30,2,11291003,3,247,-1,1,3,10000
466,bg_shop_00,,204005,5,50,2,11291004,3,247,-1,1,4,10000
467,bg_shop_00,,204005,10,50,2,11291005,3,247,-1,1,5,10000
468,bg_shop_00,,204005,20,8,2,11291006,3,247,-1,1,6,-2000
469,bg_shop_00,,204005,20,20,2,11291007,2,247,-1,1,7,-2000
470,bg_shop_00,,204005,10,10,2,11291008,2,247,-1,1,8,-6000
471,bg_shop_00,,204005,10,20,2,11291009,2,247,-1,1,9,-6000
472,bg_shop_00,,204002,500,150,2,11302001,1,248,-1,1,1,10000
473,bg_shop_00,,204002,500,150,2,11302002,1,248,-1,1,2,10000
474,bg_shop_00,,204002,500,150,2,11302003,1,248,-1,1,3,10000
475,bg_shop_00,,204002,50,250,2,11302004,1,248,-1,1,4,10000
476,bg_shop_00,,204002,50,250,2,11302005,1,248,-1,1,5,10000
477,bg_shop_00,,204002,50,250,2,11302006,1,248,-1,1,6,10000
478,bg_shop_00,,204002,50,250,2,11302007,1,248,-1,1,7,10000
479,bg_shop_00,,204002,50,250,2,11302008,1,248,-1,1,8,10000
480,bg_shop_00,,204002,50,250,2,11302009,1,248,-1,1,9,10000
481,bg_shop_00,,204002,50,250,2,11302010,1,248,-1,1,10,10000
482,bg_shop_00,,204002,50,250,2,11302011,1,248,-1,1,11,10000
483,bg_shop_00,,204002,50,250,2,11302012,1,248,-1,1,12,10000
484,bg_shop_00,,204002,50,100,2,11302013,1,248,-1,1,13,10000
485,bg_shop_00,,204002,50,50,2,11302014,1,248,-1,1,14,10000
486,bg_shop_00,,204002,50,10,2,11302015,1,248,-1,1,15,10000
487,bg_shop_00,,204002,50,1,2,11302016,1,248,-1,1,16,10000
488,bg_shop_00,,204002,1999,1,2,11302017,1,248,-1,1,17,10000
489,bg_shop_00,,1008002,999,1,2,11302018,1,248,-1,1,18,10000
490,bg_shop_00,,9250010,50,150,2,11303201,1,249,-1,1,1,10000
491,bg_shop_00,,9250010,20,120,2,11303202,1,249,-1,1,2,10000
492,bg_shop_00,,9250010,8,250,2,11303203,1,249,-1,1,3,10000
493,bg_shop_00,,9250010,8,250,2,11303204,1,249,-1,1,4,10000
494,bg_shop_00,,9250010,8,250,2,11303205,1,249,-1,1,5,10000
495,bg_shop_00,,9250010,5,300,2,11303206,1,249,-1,1,6,10000
496,bg_shop_00,,9250010,5,80,2,11303207,1,249,-1,1,7,10000
497,bg_shop_00,,9250010,5,80,2,11303208,1,249,-1,1,8,10000
498,bg_shop_00,,9250010,5,80,2,11303209,1,249,-1,1,9,10000
499,bg_shop_00,,9250010,5,80,2,11303210,1,249,-1,1,10,10000
500,bg_shop_00,,9250010,2,100,2,11303211,1,249,-1,1,11,10000
501,bg_shop_00,,9250010,50,10,2,11303212,1,249,-1,1,12,10000
502,bg_shop_00,,9250010,50,5,2,11303213,1,249,-1,1,13,10000
503,bg_shop_00,,9250010,5,10,2,11303214,1,249,-1,1,14,10000
504,bg_shop_00,,9250010,20,10,2,11303215,1,249,-1,1,15,10000
505,bg_shop_00,,9250010,20,10,2,11303216,1,249,-1,1,16,10000
506,bg_shop_00,,9250010,50,50,2,11303217,1,249,-1,1,16,10000
507,bg_shop_00,,1008002,20,3,2,12015201,1,250,-1,1,1,10000
508,bg_shop_00,,1008002,20,3,2,12015202,1,250,-1,1,2,10000
509,bg_shop_00,,1008002,9,8,2,12015203,1,250,-1,1,3,10000
510,bg_shop_00,,1008002,9,8,2,12015204,1,250,-1,1,4,10000
511,bg_shop_00,,1008002,9,6,2,12015205,1,250,-1,1,5,10000
512,bg_shop_00,,1008002,9,2,2,12015206,1,250,-1,1,6,10000
513,bg_shop_00,,1008002,9,2,2,12015207,1,250,-1,1,7,10000
514,bg_shop_00,,1008002,9,2,2,12015208,1,250,-1,1,8,10000
515,bg_shop_00,,1008002,9,2,2,12015209,1,250,-1,1,9,10000
516,bg_shop_00,,1008002,50,2,2,12015210,1,250,-1,1,10,10000
517,bg_shop_00,,1008002,50,2,2,12015211,1,250,-1,1,11,10000
518,bg_shop_00,,1008002,50,2,2,12015212,1,250,-1,1,12,10000
519,bg_shop_00,,1008002,50,2,2,12015213,1,250,-1,1,13,10000
520,bg_shop_00,,1008002,50,1,2,12015214,1,250,-1,1,14,10000
521,bg_shop_00,,1008002,50,1,2,12015215,1,250,-1,1,15,10000
522,bg_shop_00,,204005,1,150,2,12076001,3,251,-1,1,1,-2500
523,bg_shop_00,,204005,1,150,2,12076002,3,251,-1,1,2,10000
524,bg_shop_00,,204005,20,30,2,12076003,3,251,-1,1,3,10000
525,bg_shop_00,,204005,20,50,2,12076004,3,251,-1,1,4,10000
526,bg_shop_00,,204005,20,50,2,12076005,3,251,-1,1,5,10000
527,bg_shop_00,,204005,20,8,2,12076006,3,251,-1,1,6,-2000
528,bg_shop_00,,204005,20,20,2,12076007,2,251,-1,1,7,-2000
529,bg_shop_00,,204005,20,5,2,12076008,2,251,-1,1,8,-6000
530,bg_shop_00,,204005,20,5,2,12076009,2,251,-1,1,9,-6000
531,bg_shop_00,,9250010,50,120,2,12080201,1,252,-1,1,1,10000
532,bg_shop_00,,9250010,500,20,2,12080202,1,252,-1,1,2,10000
534,bg_shop_00,,9250010,8,250,2,12080204,1,252,-1,1,4,10000
535,bg_shop_00,,9250010,8,250,2,12080205,1,252,-1,1,5,10000
536,bg_shop_00,,9250010,8,250,2,12080206,1,252,-1,1,6,10000
537,bg_shop_00,,9250010,10,500,2,12080207,1,252,-1,1,7,10000
538,bg_shop_00,,9250010,5,300,2,12080208,1,252,-1,1,8,10000
539,bg_shop_00,,9250010,5,80,2,12080209,1,252,-1,1,9,10000
540,bg_shop_00,,9250010,5,80,2,12080210,1,252,-1,1,10,10000
541,bg_shop_00,,9250010,5,80,2,12080211,1,252,-1,1,11,10000
542,bg_shop_00,,9250010,5,80,2,12080212,1,252,-1,1,12,10000
543,bg_shop_00,,9250010,999,100,2,12080213,1,252,-1,1,13,10000
544,bg_shop_00,,9250010,999,10,2,12080214,1,252,-1,1,14,10000
545,bg_shop_00,,9250010,999,1,2,12080215,1,252,-1,1,15,10000
546,bg_shop_00,,9250010,999,10,2,12080216,1,252,-1,1,16,10000
547,bg_shop_00,,9250010,999,10,2,12080217,1,252,-1,1,17,10000
548,bg_shop_00,,9250010,999,10,2,12080218,1,252,-1,1,18,10000
549,bg_shop_00,,204005,1,100,2,12086001,3,253,-1,1,1,10000
550,bg_shop_00,,204005,1,100,2,12086002,3,253,-1,1,2,10000
551,bg_shop_00,,204005,1,100,2,12086003,3,253,-1,1,3,10000
552,bg_shop_00,,204005,1,100,2,12086004,3,253,-1,1,4,10000
553,bg_shop_00,,204005,20,30,2,12086005,3,253,-1,1,5,10000
554,bg_shop_00,,204005,20,50,2,12086006,3,253,-1,1,6,10000
555,bg_shop_00,,204005,20,50,2,12086007,2,253,-1,1,7,10000
556,bg_shop_00,,204005,20,8,2,12086008,2,253,-1,1,8,-2000
557,bg_shop_00,,204005,20,20,2,12086009,2,253,-1,1,9,-2000
558,bg_shop_00,,204005,20,5,2,12086010,2,253,-1,1,10,-6000
559,bg_shop_00,,204005,20,10,2,12086011,2,253,-1,1,11,-6000
560,bg_shop_00,,204005,1,150,2,12086012,3,254,-1,1,1,-2500
561,bg_shop_00,,204005,1,100,2,12086013,3,254,-1,1,2,10000
562,bg_shop_00,,204005,1,100,2,12086014,3,254,-1,1,3,10000
563,bg_shop_00,,204005,1,100,2,12086015,3,254,-1,1,4,10000
564,bg_shop_00,,204005,1,100,2,12086016,3,254,-1,1,5,10000
565,bg_shop_00,,204005,20,30,2,12086017,3,254,-1,1,6,10000
566,bg_shop_00,,204005,20,50,2,12086018,2,254,-1,1,7,10000
567,bg_shop_00,,204005,20,50,2,12086019,2,254,-1,1,8,10000
568,bg_shop_00,,204005,20,8,2,12086020,2,254,-1,1,9,-2000
569,bg_shop_00,,204005,20,20,2,12086021,2,254,-1,1,10,-2000
570,bg_shop_00,,204005,20,5,2,12086022,2,254,-1,1,11,-6000
571,bg_shop_00,,204005,20,10,2,12086023,2,254,-1,1,12,-6000
572,bg_shop_00,,204005,1,150,2,12086024,3,255,-1,1,1,-2500
573,bg_shop_00,,204005,1,100,2,12086025,3,255,-1,1,2,10000
574,bg_shop_00,,204005,1,100,2,12086026,3,255,-1,1,3,10000
575,bg_shop_00,,204005,1,100,2,12086027,3,255,-1,1,4,10000
576,bg_shop_00,,204005,1,100,2,12086028,3,255,-1,1,5,10000
577,bg_shop_00,,204005,20,30,2,12086029,3,255,-1,1,6,10000
578,bg_shop_00,,204005,20,50,2,12086030,2,255,-1,1,7,10000
579,bg_shop_00,,204005,20,50,2,12086031,2,255,-1,1,8,10000
580,bg_shop_00,,204005,20,8,2,12086032,2,255,-1,1,9,-2000
581,bg_shop_00,,204005,20,20,2,12086033,2,255,-1,1,10,-2000
582,bg_shop_00,,204005,20,5,2,12086034,2,255,-1,1,11,-6000
583,bg_shop_00,,204005,20,10,2,12086035,2,255,-1,1,12,-6000
584,bg_shop_00,,204005,1,150,2,12086036,3,256,-1,1,1,-2500
585,bg_shop_00,,204005,1,100,2,12086037,3,256,-1,1,2,10000
586,bg_shop_00,,204005,20,30,2,12086038,3,256,-1,1,3,10000
587,bg_shop_00,,204005,20,50,2,12086039,3,256,-1,1,4,10000
588,bg_shop_00,,204005,20,50,2,12086040,3,256,-1,1,5,10000
589,bg_shop_00,,204005,20,8,2,12086041,3,256,-1,1,6,-2000
590,bg_shop_00,,204005,20,20,2,12086042,2,256,-1,1,7,-2000
591,bg_shop_00,,204005,20,5,2,12086043,2,256,-1,1,8,-6000
592,bg_shop_00,,204005,20,10,2,12086044,2,256,-1,1,9,-6000
593,bg_shop_00,,9250010,100,10,2,12080219,1,252,-1,1,15,10000
594,bg_shop_00,,9250010,100,100,2,12080220,1,252,-1,1,16,10000
595,bg_shop_00,,9250010,100,100,2,12080221,1,252,-1,1,17,10000
596,bg_shop_00,,9250010,100,100,2,12080222,1,252,-1,1,18,10000
597,bg_shop_00,,204005,1,150,2,12145001,3,257,-1,1,1,-2500
598,bg_shop_00,,204005,1,100,2,12145002,3,257,-1,1,2,10000
599,bg_shop_00,,204005,20,30,2,12145003,3,257,-1,1,3,10000
600,bg_shop_00,,204005,20,50,2,12145004,3,257,-1,1,4,10000
601,bg_shop_00,,204005,20,50,2,12145005,3,257,-1,1,5,10000
602,bg_shop_00,,204005,20,8,2,12145006,3,257,-1,1,6,-2000
603,bg_shop_00,,204005,20,20,2,12145007,2,257,-1,1,7,-2000
604,bg_shop_00,,204005,20,5,2,12145008,2,257,-1,1,8,-6000
605,bg_shop_00,,204005,20,10,2,12145009,2,257,-1,1,9,-6000
606,bg_shop_00,,204002,20,150,2,12140201,1,258,-1,1,1,10000
607,bg_shop_00,,204002,20,150,2,12140202,1,258,-1,1,2,10000
608,bg_shop_00,,204002,20,150,2,12140203,1,258,-1,1,3,10000
609,bg_shop_00,,204002,8,250,2,12140204,1,258,-1,1,4,10000
610,bg_shop_00,,204002,8,250,2,12140205,1,258,-1,1,5,10000
611,bg_shop_00,,204002,8,250,2,12140206,1,258,-1,1,6,10000
612,bg_shop_00,,204002,8,250,2,12140207,1,258,-1,1,7,10000
613,bg_shop_00,,204002,8,250,2,12140208,1,258,-1,1,8,10000
614,bg_shop_00,,204002,8,250,2,12140209,1,258,-1,1,9,10000
615,bg_shop_00,,204002,8,250,2,12140210,1,258,-1,1,10,10000
616,bg_shop_00,,204002,8,250,2,12140211,1,258,-1,1,11,10000
617,bg_shop_00,,204002,8,250,2,12140212,1,258,-1,1,12,10000
618,bg_shop_00,,204002,8,150,2,12140213,1,258,-1,1,13,10000
619,bg_shop_00,,204002,1000,100,2,12140214,1,258,-1,1,14,10000
620,bg_shop_00,,204002,1000,50,2,12140215,1,258,-1,1,15,10000
621,bg_shop_00,,204002,1000,5,2,12140216,1,258,-1,1,16,10000
622,bg_shop_00,,204002,1000,1,2,12140217,1,258,-1,1,17,10000
623,bg_shop_00,,204002,1000,1,2,12140218,1,258,-1,1,18,10000
624,bg_shop_00,,1008002,999,1,2,11302018,1,258,-1,1,19,10000
625,bg_shop_00,,204002,200,15,2,12152001,1,259,-1,1,1,10000
626,bg_shop_00,,204002,2,150,2,12152002,1,259,-1,1,2,10000
627,bg_shop_00,,204002,2,150,2,12152003,1,259,-1,1,3,10000
628,bg_shop_00,,204002,2,150,2,12152004,1,259,-1,1,4,10000
629,bg_shop_00,,204002,2,150,2,12152005,1,259,-1,1,5,10000
630,bg_shop_00,,204002,50,25,2,12152006,1,259,-1,1,6,10000
631,bg_shop_00,,204002,999,10,2,12152007,1,259,-1,1,7,10000
632,bg_shop_00,,204002,999,10,2,12152008,1,259,-1,1,8,10000
633,bg_shop_00,,204002,999,5,2,12152009,1,259,-1,1,9,10000
634,bg_shop_00,,204002,999,5,2,12152010,1,259,-1,1,10,10000
635,bg_shop_00,,204002,999,1,2,12152011,1,259,-1,1,11,10000
636,bg_shop_00,,204002,999,1,2,12152012,1,259,-1,1,12,10000
637,bg_shop_00,,204005,1,150,2,12195001,3,260,-1,1,1,-2500
638,bg_shop_00,,204005,1,100,2,12195002,3,260,-1,1,2,10000
639,bg_shop_00,,204005,20,30,2,12195003,3,260,-1,1,3,10000
640,bg_shop_00,,204005,20,50,2,12195004,3,260,-1,1,4,10000
641,bg_shop_00,,204005,20,10,2,12195005,3,260,-1,1,5,-2000
642,bg_shop_00,,204005,20,8,2,12195006,3,260,-1,1,6,-2000
643,bg_shop_00,,204005,20,20,2,12195007,2,260,-1,1,7,-2000
644,bg_shop_00,,204005,20,5,2,12195008,2,260,-1,1,8,-6000
645,bg_shop_00,,204005,20,5,2,12195009,2,260,-1,1,9,-6000
646,bg_shop_00,,204005,20,10,2,12195010,2,260,-1,1,10,-6000
647,bg_shop_00,,204005,1,150,2,12195011,3,261,-1,1,1,-2500
648,bg_shop_00,,204005,1,100,2,12195012,3,261,-1,1,2,10000
649,bg_shop_00,,204005,20,30,2,12195013,3,261,-1,1,3,10000
650,bg_shop_00,,204005,20,50,2,12195014,3,261,-1,1,4,10000
651,bg_shop_00,,204005,20,10,2,12195015,3,261,-1,1,5,-2000
652,bg_shop_00,,204005,20,8,2,12195016,3,261,-1,1,6,-2000
653,bg_shop_00,,204005,20,20,2,12195017,2,261,-1,1,7,-2000
654,bg_shop_00,,204005,20,5,2,12195018,2,261,-1,1,8,-6000
655,bg_shop_00,,204005,20,5,2,12195019,2,261,-1,1,9,-6000
656,bg_shop_00,,204005,20,10,2,12195020,2,261,-1,1,10,-6000
657,bg_shop_00,,204005,1,150,2,12195021,3,262,-1,1,1,-2500
658,bg_shop_00,,204005,1,100,2,12195022,3,262,-1,1,2,10000
659,bg_shop_00,,204005,1,100,2,12195023,3,262,-1,1,3,10000
660,bg_shop_00,,204005,1,100,2,12195024,3,262,-1,1,4,10000
661,bg_shop_00,,204005,1,100,2,12195025,3,262,-1,1,5,10000
662,bg_shop_00,,204005,20,30,2,12195026,3,262,-1,1,6,10000
663,bg_shop_00,,204005,20,50,2,12195027,3,262,-1,1,7,10000
664,bg_shop_00,,204005,20,20,2,12195028,3,262,-1,1,8,-2000
665,bg_shop_00,,204005,20,8,2,12195029,3,262,-1,1,9,-2000
666,bg_shop_00,,204005,20,20,2,12195030,3,262,-1,1,10,-2000
667,bg_shop_00,,204005,20,10,2,12195031,3,262,-1,1,11,-6000
668,bg_shop_00,,204005,20,10,2,12195032,3,262,-1,1,12,-6000
669,bg_shop_00,,204005,20,20,2,12195033,3,262,-1,1,13,-6000
670,bg_shop_00,,9250010,200,15,2,12200301,1,263,-1,1,1,10000
671,bg_shop_00,,9250010,20,200,2,12200302,1,263,-1,1,2,10000
672,bg_shop_00,,9250010,2,150,2,12200303,1,263,-1,1,3,10000
673,bg_shop_00,,9250010,2,150,2,12200304,1,263,-1,1,4,10000
674,bg_shop_00,,9250010,2,150,2,12200305,1,263,-1,1,5,10000
675,bg_shop_00,,9250010,2,150,2,12200306,1,263,-1,1,6,10000
676,bg_shop_00,,9250010,1,250,2,12200307,1,263,-1,1,7,10000
677,bg_shop_00,,9250010,1,250,2,12200308,1,263,-1,1,8,10000
678,bg_shop_00,,9250010,1,60,2,12200309,1,263,-1,1,9,10000
679,bg_shop_00,,9250010,1,60,2,12200310,1,263,-1,1,10,10000
680,bg_shop_00,,9250010,1,60,2,12200311,1,263,-1,1,11,10000
681,bg_shop_00,,9250010,1,60,2,12200312,1,263,-1,1,12,10000
682,bg_shop_00,,9250010,10,30,2,12200313,1,263,-1,1,13,10000
683,bg_shop_00,,9250010,10,30,2,12200314,1,263,-1,1,14,10000
684,bg_shop_00,,9250010,999,10,2,12200315,1,263,-1,1,15,10000
685,bg_shop_00,,9250010,999,10,2,12200316,1,263,-1,1,16,10000
686,bg_shop_00,,9250010,999,5,2,12200317,1,263,-1,1,17,10000
687,bg_shop_00,,9250010,999,5,2,12200318,1,263,-1,1,18,10000
688,bg_shop_00,,9250010,999,1,2,12200319,1,263,-1,1,19,10000
689,bg_shop_00,,9250010,999,1,2,12200320,1,263,-1,1,20,10000
690,bg_shop_00,,12200002,1,450,2,12210201,1,264,-1,1,1,10000
691,bg_shop_00,,12200002,20,20,2,12210202,1,264,-1,1,2,10000
692,bg_shop_00,,12200002,2,250,2,12210203,1,264,-1,1,3,10000
693,bg_shop_00,,12200002,2,45,2,12210204,1,264,-1,1,4,10000
694,bg_shop_00,,12200002,2,45,2,12210205,1,264,-1,1,5,10000
695,bg_shop_00,,12200002,2,45,2,12210206,1,264,-1,1,6,10000
696,bg_shop_00,,12200002,2,20,2,12210207,1,264,-1,1,7,10000
697,bg_shop_00,,12200002,999,10,2,12210208,1,264,-1,1,8,10000
698,bg_shop_00,,12200002,999,10,2,12210209,1,264,-1,1,9,10000
699,bg_shop_00,,12200002,999,10,2,12210210,1,264,-1,1,10,10000
700,bg_shop_00,,12200002,999,5,2,12210211,1,264,-1,1,11,10000
701,bg_shop_00,,12200002,999,5,2,12210212,1,264,-1,1,12,10000
702,bg_shop_00,,12200002,999,5,2,12210213,1,264,-1,1,13,10000
703,bg_shop_00,,12200002,999,1,2,12210214,1,264,-1,1,14,10000
704,bg_shop_00,,204005,1,150,2,12219001,1,265,-1,1,1,-2500
705,bg_shop_00,,204005,1,100,2,12219002,1,265,-1,1,2,10000
706,bg_shop_00,,204005,1,100,2,12219003,1,265,-1,1,3,10000
707,bg_shop_00,,204005,1,100,2,12219004,1,265,-1,1,4,10000
708,bg_shop_00,,204005,1,100,2,12219005,1,265,-1,1,5,10000
709,bg_shop_00,,204005,20,30,2,12219006,1,265,-1,1,6,10000
710,bg_shop_00,,204005,20,50,2,12219007,1,265,-1,1,7,10000
711,bg_shop_00,,204005,20,15,2,12219008,1,265,-1,1,8,-2000
712,bg_shop_00,,204005,20,8,2,12219009,1,265,-1,1,9,-2000
713,bg_shop_00,,204005,20,20,2,12219010,1,265,-1,1,10,-2000
714,bg_shop_00,,204005,20,8,2,12219011,1,265,-1,1,11,-6000
715,bg_shop_00,,204005,20,8,2,12219012,1,265,-1,1,12,-6000
716,bg_shop_00,,204005,20,15,2,12219013,1,265,-1,1,13,-6000
717,bg_shop_00,,204005,1,200,2,12225001,1,266,-1,1,1,10000
718,bg_shop_00,,204005,1,150,2,12225002,1,266,-1,1,2,-2500
719,bg_shop_00,,204005,1,100,2,12225003,1,266,-1,1,3,-6000
720,bg_shop_00,,204005,1,100,2,12225004,1,266,-1,1,4,-6000
721,bg_shop_00,,204005,1,150,2,12225005,1,266,-1,1,5,10000
722,bg_shop_00,,204005,20,30,2,12225006,1,266,-1,1,6,10000
723,bg_shop_00,,204005,20,50,2,12225007,1,266,-1,1,7,10000
724,bg_shop_00,,204005,20,10,2,12225008,1,266,-1,1,8,-2000
725,bg_shop_00,,204005,20,8,2,12225009,1,266,-1,1,9,-2000
726,bg_shop_00,,204005,20,20,2,12225010,1,266,-1,1,10,-2000
727,bg_shop_00,,204005,20,5,2,12225011,1,266,-1,1,11,-6000
728,bg_shop_00,,204005,20,5,2,12225012,1,266,-1,1,12,-6000
729,bg_shop_00,,204005,20,10,2,12225013,1,266,-1,1,13,-6000
730,bg_shop_00,,204002,50,150,2,12220201,1,267,-1,1,1,10000
731,bg_shop_00,,204002,500,10,2,12220202,1,267,-1,1,2,10000
732,bg_shop_00,,204002,50,30,2,12220203,1,267,-1,1,3,10000
733,bg_shop_00,,204002,20,100,2,12220204,1,267,-1,1,4,10000
734,bg_shop_00,,204002,50,15,2,12220205,1,267,-1,1,5,10000
735,bg_shop_00,,204002,10,350,2,12220206,1,267,-1,1,6,10000
736,bg_shop_00,,204002,5,300,2,12220207,1,267,-1,1,7,10000
737,bg_shop_00,,204002,5,80,2,12220208,1,267,-1,1,8,10000
738,bg_shop_00,,204002,5,80,2,12220209,1,267,-1,1,9,10000
739,bg_shop_00,,204002,5,80,2,12220210,1,267,-1,1,10,10000
740,bg_shop_00,,204002,5,80,2,12220211,1,267,-1,1,11,10000
741,bg_shop_00,,204002,99,50,2,12220212,1,267,-1,1,12,10000
742,bg_shop_00,,204002,99,50,2,12220213,-1,267,-1,1,13,10000
743,bg_shop_00,,204002,99,50,2,12220214,-1,267,-1,1,14,10000
744,bg_shop_00,,204002,99,50,2,12220215,-1,267,-1,1,15,10000
745,bg_shop_00,,204002,1000,1,2,12220216,-1,267,-1,1,16,10000
746,bg_shop_00,,204002,1000,1,2,12220217,-1,267,-1,1,17,10000
747,bg_shop_00,,204002,8,200,2,12220218,-1,267,-1,1,3,10000
748,bg_shop_00,,204005,1,150,2,12285101,1,268,-1,1,1,-2500
749,bg_shop_00,,204005,1,150,2,12285102,1,268,-1,1,2,10000
750,bg_shop_00,,204005,20,30,2,12285103,1,268,-1,1,3,10000
751,bg_shop_00,,204005,20,50,2,12285104,1,268,-1,1,4,10000
752,bg_shop_00,,204005,20,10,2,12285105,1,268,-1,1,5,-2000
753,bg_shop_00,,204005,20,8,2,12285106,1,268,-1,1,6,-2000
754,bg_shop_00,,204005,20,20,2,12285107,1,268,-1,1,7,-2000
755,bg_shop_00,,204005,20,5,2,12285108,1,268,-1,1,8,-6000
756,bg_shop_00,,204005,20,5,2,12285109,1,268,-1,1,9,-6000
757,bg_shop_00,,204005,20,10,2,12285110,1,268,-1,1,10,-6000
758,bg_shop_00,,204002,200,15,2,12295001,1,269,-1,1,1,10000
759,bg_shop_00,,204002,1,500,2,12295002,1,269,-1,1,2,10000
760,bg_shop_00,,204002,2,250,2,12295003,1,269,-1,1,3,10000
761,bg_shop_00,,204002,2,200,2,12295004,1,269,-1,1,4,10000
762,bg_shop_00,,204002,2,225,2,12295005,1,269,-1,1,5,10000
763,bg_shop_00,,204002,2,200,2,12295006,1,269,-1,1,6,10000
764,bg_shop_00,,204002,2,250,2,12295007,1,269,-1,1,7,10000
765,bg_shop_00,,204002,2,225,2,12295008,1,269,-1,1,8,10000
766,bg_shop_00,,204002,2,250,2,12295009,1,269,-1,1,9,10000
767,bg_shop_00,,204002,2,200,2,12295010,1,269,-1,1,10,10000
768,bg_shop_00,,204002,2,225,2,12295011,1,269,-1,1,11,10000
769,bg_shop_00,,204002,2,200,2,12295012,1,269,-1,1,12,10000
770,bg_shop_00,,204002,2,250,2,12295013,1,269,-1,1,13,10000
771,bg_shop_00,,204002,2,225,2,12295014,1,269,-1,1,14,10000
772,bg_shop_00,,204002,999,15,2,12295015,1,269,-1,1,15,10000
773,bg_shop_00,,204002,999,10,2,12295016,1,269,-1,1,16,10000
774,bg_shop_00,,204002,999,5,2,12295017,1,269,-1,1,17,10000
775,bg_shop_00,,204002,999,5,2,12295018,1,269,-1,1,18,10000
776,bg_shop_00,,204002,999,1,2,12295019,1,269,-1,1,19,10000
777,bg_shop_00,,204002,999,1,2,12295020,1,269,-1,1,20,10000
778,bg_shop_00,,9250010,200,15,2,12293201,1,270,-1,1,1,10000
779,bg_shop_00,,9250010,8,250,2,12293202,1,270,-1,1,2,10000
780,bg_shop_00,,9250010,8,250,2,12293203,1,270,-1,1,3,10000
781,bg_shop_00,,9250010,8,250,2,12293204,1,270,-1,1,4,10000
782,bg_shop_00,,9250010,10,400,2,12293205,1,270,-1,1,5,10000
783,bg_shop_00,,9250010,10,400,2,12293206,1,270,-1,1,6,10000
784,bg_shop_00,,9250010,5,300,2,12293207,1,270,-1,1,7,10000
785,bg_shop_00,,9250010,5,80,2,12293208,1,270,-1,1,8,10000
786,bg_shop_00,,9250010,5,80,2,12293209,1,270,-1,1,9,10000
787,bg_shop_00,,9250010,5,80,2,12293210,1,270,-1,1,10,10000
788,bg_shop_00,,9250010,5,80,2,12293211,1,270,-1,1,11,10000
789,bg_shop_00,,9250010,99,100,2,12293212,1,270,-1,1,12,10000
790,bg_shop_00,,9250010,99,100,2,12293213,1,270,-1,1,13,10000
791,bg_shop_00,,9250010,99,100,2,12293214,1,270,-1,1,14,10000
792,bg_shop_00,,9250010,99,100,2,12293215,1,270,-1,1,15,10000
793,bg_shop_00,,9250010,1000,1,2,12293216,1,270,-1,1,16,10000
794,bg_shop_00,,9250010,1000,1,2,12293217,1,270,-1,1,16,10000
795,bg_shop_00,,204002,200,15,2,401025001,1,271,-1,1,1,10000
796,bg_shop_00,,204002,1,500,2,401025002,1,271,-1,1,2,10000
797,bg_shop_00,,204002,1,500,2,401025003,1,271,-1,1,2,10000
798,bg_shop_00,,204002,2,250,2,401025004,1,271,-1,1,3,10000
799,bg_shop_00,,204002,2,200,2,401025005,1,271,-1,1,4,10000
800,bg_shop_00,,204002,2,225,2,401025006,1,271,-1,1,5,10000
801,bg_shop_00,,204002,2,200,2,401025007,1,271,-1,1,6,10000
802,bg_shop_00,,204002,2,250,2,401025008,1,271,-1,1,7,10000
803,bg_shop_00,,204002,2,225,2,401025009,1,271,-1,1,8,10000
804,bg_shop_00,,204002,2,250,2,401025010,1,271,-1,1,9,10000
805,bg_shop_00,,204002,2,200,2,401025011,1,271,-1,1,10,10000
806,bg_shop_00,,204002,2,225,2,401025012,1,271,-1,1,11,10000
807,bg_shop_00,,204002,2,200,2,401025013,1,271,-1,1,12,10000
808,bg_shop_00,,204002,2,250,2,401025014,1,271,-1,1,13,10000
809,bg_shop_00,,204002,2,225,2,401025015,1,271,-1,1,14,10000
810,bg_shop_00,,204002,999,15,2,401025016,1,271,-1,1,15,10000
811,bg_shop_00,,204002,999,10,2,401025017,1,271,-1,1,16,10000
812,bg_shop_00,,204002,999,5,2,401025018,1,271,-1,1,17,10000
813,bg_shop_00,,204002,999,5,2,401025019,1,271,-1,1,18,10000
814,bg_shop_00,,204002,999,1,2,401025020,1,271,-1,1,19,10000
815,bg_shop_00,,204002,999,1,2,401025021,1,271,-1,1,20,10000
816,bg_shop_00,,204005,1,150,2,401035001,1,272,-1,1,1,-2500
817,bg_shop_00,,204005,1,100,2,401035002,1,272,-1,1,2,10000
818,bg_shop_00,,204005,20,30,2,401035003,1,272,-1,1,3,10000
819,bg_shop_00,,204005,20,50,2,401035004,1,272,-1,1,4,10000
820,bg_shop_00,,204005,20,10,2,401035005,1,272,-1,1,5,-2000
821,bg_shop_00,,204005,20,8,2,401035006,1,272,-1,1,6,-2000
822,bg_shop_00,,204005,20,20,2,401035007,1,272,-1,1,7,-2000
823,bg_shop_00,,204005,20,5,2,401035008,1,272,-1,1,8,-6000
824,bg_shop_00,,204005,20,5,2,401035009,1,272,-1,1,9,-6000
825,bg_shop_00,,204005,20,10,2,401035010,1,272,-1,1,10,-6000
826,bg_shop_00,,9250010,20,200,2,401045201,1,273,-1,1,1,10000
827,bg_shop_00,,9250010,200,20,2,401045202,1,273,-1,1,2,10000
828,bg_shop_00,,9250010,2,250,2,401045203,1,273,-1,1,3,10000
829,bg_shop_00,,9250010,10,100,2,401045204,1,273,-1,1,4,10000
830,bg_shop_00,,9250010,6,500,2,401045205,1,273,-1,1,5,10000
831,bg_shop_00,,9250010,8,250,2,401045206,1,273,-1,1,6,10000
832,bg_shop_00,,9250010,8,250,2,401045207,1,273,-1,1,7,10000
833,bg_shop_00,,9250010,8,250,2,401045208,1,273,-1,1,8,10000
834,bg_shop_00,,9250010,5,250,2,401045209,1,273,-1,1,9,10000
835,bg_shop_00,,9250010,5,60,2,401045210,1,273,-1,1,10,10000
836,bg_shop_00,,9250010,5,60,2,401045211,1,273,-1,1,11,10000
837,bg_shop_00,,9250010,5,60,2,401045212,1,273,-1,1,12,10000
838,bg_shop_00,,9250010,5,60,2,401045213,1,273,-1,1,13,10000
839,bg_shop_00,,9250010,99,10,2,401045214,1,273,-1,1,14,10000
840,bg_shop_00,,9250010,99,10,2,401045215,1,273,-1,1,15,10000
841,bg_shop_00,,9250010,99,5,2,401045216,1,273,-1,1,16,10000
842,bg_shop_00,,9250010,99,5,2,401045217,1,273,-1,1,17,10000
843,bg_shop_00,,9250010,99,1,2,401045218,1,273,-1,1,18,10000
844,bg_shop_00,,9250010,99,1,2,401045219,1,273,-1,1,19,10000
845,bg_shop_00,,204002,20,150,2,401052201,1,274,-1,1,1,10000
846,bg_shop_00,,204002,20,150,2,401052202,1,274,-1,1,2,10000
847,bg_shop_00,,204002,20,150,2,401052203,1,274,-1,1,2,10000
848,bg_shop_00,,204002,100,30,2,401052204,1,274,-1,1,3,10000
849,bg_shop_00,,204002,8,100,2,401052205,1,274,-1,1,4,10000
850,bg_shop_00,,204002,8,100,2,401052206,1,274,-1,1,5,10000
851,bg_shop_00,,204002,8,100,2,401052207,1,274,-1,1,6,10000
852,bg_shop_00,,204002,5,300,2,401052208,1,274,-1,1,7,10000
853,bg_shop_00,,204002,5,300,2,401052209,1,274,-1,1,8,10000
854,bg_shop_00,,204002,5,80,2,401052210,1,274,-1,1,9,10000
855,bg_shop_00,,204002,5,80,2,401052211,1,274,-1,1,10,10000
856,bg_shop_00,,204002,5,80,2,401052212,1,274,-1,1,11,10000
857,bg_shop_00,,204002,99,50,2,401052213,1,274,-1,1,12,10000
858,bg_shop_00,,204002,99,50,2,401052214,1,274,-1,1,13,10000
859,bg_shop_00,,204002,99,10,2,401052215,1,274,-1,1,14,10000
860,bg_shop_00,,204002,99,10,2,401052216,1,274,-1,1,15,10000
861,bg_shop_00,,204002,1000,1,2,401052217,1,274,-1,1,16,10000
862,bg_shop_00,,204002,1000,1,2,401052218,1,274,-1,1,17,10000
863,bg_shop_00,,204005,1,150,2,401105001,1,275,-1,1,1,-2500
864,bg_shop_00,,204005,1,100,2,401105002,1,275,-1,1,2,10000
865,bg_shop_00,,204005,20,30,2,401105003,1,275,-1,1,3,10000
866,bg_shop_00,,204005,20,50,2,401105004,1,275,-1,1,4,10000
867,bg_shop_00,,204005,20,10,2,401105005,1,275,-1,1,5,-2000
868,bg_shop_00,,204005,20,8,2,401105006,1,275,-1,1,6,-2000
869,bg_shop_00,,204005,20,20,2,401105007,1,275,-1,1,7,-2000
870,bg_shop_00,,204005,20,5,2,401105008,1,275,-1,1,8,-6000
871,bg_shop_00,,204005,20,5,2,401105009,1,275,-1,1,9,-6000
872,bg_shop_00,,204005,20,10,2,401105010,1,275,-1,1,10,-6000
873,bg_shop_00,,9250010,20,600,2,401111101,1,276,-1,1,1,10000
874,bg_shop_00,,9250010,200,20,2,401111102,1,276,-1,1,2,10000
875,bg_shop_00,,9250010,3,150,2,401111103,1,276,-1,1,3,10000
876,bg_shop_00,,9250010,2,300,2,401111104,1,276,-1,1,4,10000
877,bg_shop_00,,9250010,2,300,2,401111105,1,276,-1,1,5,10000
878,bg_shop_00,,9250010,2,300,2,401111106,1,276,-1,1,6,10000
879,bg_shop_00,,9250010,2,300,2,401111107,1,276,-1,1,7,10000
880,bg_shop_00,,9250010,8,250,2,401111108,1,276,-1,1,8,10000
881,bg_shop_00,,9250010,8,250,2,401111109,1,276,-1,1,9,10000
882,bg_shop_00,,9250010,8,250,2,401111110,1,276,-1,1,10,10000
883,bg_shop_00,,9250010,8,100,2,401111111,1,276,-1,1,11,10000
884,bg_shop_00,,9250010,8,100,2,401111112,1,276,-1,1,12,10000
885,bg_shop_00,,9250010,8,100,2,401111113,1,276,-1,1,13,10000
886,bg_shop_00,,9250010,8,100,2,401111114,1,276,-1,1,14,10000
887,bg_shop_00,,9250010,999,1,2,401111115,1,276,-1,1,15,10000
888,bg_shop_00,,9250010,5,300,2,401111116,1,276,-1,1,16,10000
889,bg_shop_00,,9250010,5,300,2,401111117,1,276,-1,1,17,10000
890,bg_shop_00,,9250010,5,300,2,401111118,1,276,-1,1,18,10000
891,bg_shop_00,,9250010,5,300,2,401111119,1,276,-1,1,19,10000
892,bg_shop_00,,9250010,1000,10,2,401111120,1,276,-1,1,20,10000
893,bg_shop_00,,9250010,1000,10,2,401111121,1,276,-1,1,21,10000
894,bg_shop_00,,9250010,1000,10,2,401111122,1,276,-1,1,22,10000
895,bg_shop_00,,9250010,1000,10,2,401111123,1,276,-1,1,23,10000
896,bg_shop_00,,9250010,1000,5,2,401111124,1,276,-1,1,24,10000
897,bg_shop_00,,9250010,5000,1,2,401111125,1,276,-1,1,25,10000
898,bg_shop_00,,204002,1,500,2,401121501,1,277,-1,1,1,10000
899,bg_shop_00,,204002,20,200,2,401121502,1,277,-1,1,2,10000
900,bg_shop_00,,204002,20,200,2,401121503,1,277,-1,1,2,10000
901,bg_shop_00,,204002,2,400,2,401121504,1,277,-1,1,3,10000
902,bg_shop_00,,204002,2,400,2,401121505,1,277,-1,1,4,10000
903,bg_shop_00,,204002,200,20,2,401121506,1,277,-1,1,5,10000
904,bg_shop_00,,204002,200,20,2,401121507,1,277,-1,1,6,10000
905,bg_shop_00,,204002,100,100,2,401121508,1,277,-1,1,7,10000
906,bg_shop_00,,204002,5,300,2,401121509,1,277,-1,1,8,10000
907,bg_shop_00,,204002,5,300,2,401121510,1,277,-1,1,9,10000
908,bg_shop_00,,204002,5,300,2,401121511,1,277,-1,1,10,10000
909,bg_shop_00,,204002,999,10,2,401121512,1,277,-1,1,11,10000
910,bg_shop_00,,204002,999,10,2,401121513,1,277,-1,1,12,10000
911,bg_shop_00,,204002,999,10,2,401121514,1,277,-1,1,13,10000
912,bg_shop_00,,204002,999,5,2,401121515,1,277,-1,1,14,10000
913,bg_shop_00,,204002,999,1,2,401121516,1,277,-1,1,15,10000
914,bg_shop_00,,204002,999,1,2,401121517,1,277,-1,1,16,10000
915,bg_shop_00,,401081002,1,999,2,401121701,1,278,-1,1,1,10000
915001,bg_shop_00,,401081002,1,599,2,402067702,1,278,-1,1,2,10000
916,bg_shop_00,,401081002,100,30,2,401121702,1,278,-1,1,3,10000
917,bg_shop_00,,401081002,5,600,2,401121703,1,278,-1,0,4,10000
918,bg_shop_00,,401081002,5,600,2,401121704,1,278,-1,0,5,10000
919,bg_shop_00,,401081002,999,15,2,401121705,1,278,-1,1,6,10000
920,bg_shop_00,,401081002,999,15,2,401121706,1,278,-1,1,7,10000
921,bg_shop_00,,401081002,999,15,2,401121707,1,278,-1,1,8,10000
922,bg_shop_00,,401081002,999,15,2,401121708,1,278,-1,1,9,10000
923,bg_shop_00,,401081002,10,15,2,401121709,1,278,-1,1,10,10000
924,bg_shop_00,,401081002,10,10,2,401121710,1,278,-1,1,11,10000
925,bg_shop_00,,401081002,999,10,2,401121711,1,278,-1,1,12,10000
926,bg_shop_00,,401081002,999,5,2,401121712,1,278,-1,1,13,10000
927,bg_shop_00,,401081002,9999,1,2,401121713,1,278,-1,1,14,10000
928,bg_shop_00,,401081002,1,999,2,401171790,1,279,-1,1,1,10000
928001,bg_shop_00,,401081002,1,599,2,402067702,1,279,-1,1,2,10000
929,bg_shop_00,,401081002,100,30,2,401121702,1,279,-1,1,3,10000
930,bg_shop_00,,401081002,999,15,2,401121705,1,279,-1,1,4,10000
931,bg_shop_00,,401081002,999,15,2,401121706,1,279,-1,1,5,10000
932,bg_shop_00,,401081002,999,15,2,401121707,1,279,-1,1,6,10000
933,bg_shop_00,,401081002,999,15,2,401121708,1,279,-1,1,7,10000
934,bg_shop_00,,401081002,999,10,2,401121709,1,279,-1,1,8,10000
935,bg_shop_00,,401081002,999,5,2,401121712,1,279,-1,1,9,10000
936,bg_shop_00,,401081002,9999,1,2,401121713,1,279,-1,1,10,10000
937,bg_shop_00,,204005,1,150,2,401175101,1,280,-1,1,1,-2500
938,bg_shop_00,,204005,1,100,2,401175102,1,280,-1,1,2,10000
939,bg_shop_00,,204005,20,30,2,401175103,1,280,-1,1,3,10000
940,bg_shop_00,,204005,20,50,2,401175104,1,280,-1,1,4,10000
941,bg_shop_00,,204005,20,10,2,401175105,1,280,-1,1,5,-2000
942,bg_shop_00,,204005,20,8,2,401175106,1,280,-1,1,6,-2000
943,bg_shop_00,,204005,20,20,2,401175107,1,280,-1,1,7,-2000
944,bg_shop_00,,204005,20,5,2,401175108,1,280,-1,1,8,-6000
945,bg_shop_00,,204005,20,5,2,401175109,1,280,-1,1,9,-6000
946,bg_shop_00,,204005,20,10,2,401175110,1,280,-1,1,10,-6000
947,bg_shop_00,,401081002,1,999,2,401187201,1,281,-1,1,1,10000
947001,bg_shop_00,,401081002,1,599,2,402067702,1,281,-1,1,2,10000
948,bg_shop_00,,401081002,100,30,2,401121702,1,281,-1,1,3,10000
949,bg_shop_00,,401081002,999,15,2,401121705,1,281,-1,1,4,10000
950,bg_shop_00,,401081002,999,15,2,401121706,1,281,-1,1,5,10000
951,bg_shop_00,,401081002,999,15,2,401121707,1,281,-1,1,6,10000
952,bg_shop_00,,401081002,999,15,2,401121708,1,281,-1,1,7,10000
953,bg_shop_00,,401081002,10,15,2,401121709,1,281,-1,1,8,10000
954,bg_shop_00,,401081002,999,5,2,401121712,1,281,-1,1,9,10000
955,bg_shop_00,,401081002,9999,1,2,401121713,1,281,-1,1,10,10000
956,bg_shop_00,,9250010,200,25,2,401187501,1,282,-1,1,1,10000
957,bg_shop_00,,9250010,200,25,2,401187502,1,282,-1,1,2,10000
958,bg_shop_00,,9250010,200,25,2,401187503,1,282,-1,1,3,10000
959,bg_shop_00,,9250010,3,250,2,401187504,1,282,-1,1,4,10000
960,bg_shop_00,,9250010,3,250,2,401187505,1,282,-1,1,5,10000
961,bg_shop_00,,9250010,3,250,2,401187506,1,282,-1,1,6,10000
962,bg_shop_00,,9250010,2,300,2,401187507,1,282,-1,1,7,10000
963,bg_shop_00,,9250010,2,300,2,401187508,1,282,-1,1,8,10000
964,bg_shop_00,,9250010,2,300,2,401187509,1,282,-1,1,9,10000
965,bg_shop_00,,9250010,2,300,2,401187510,1,282,-1,1,10,10000
966,bg_shop_00,,9250010,8,250,2,401187511,1,282,-1,1,11,10000
967,bg_shop_00,,9250010,8,250,2,401187512,1,282,-1,1,12,10000
968,bg_shop_00,,9250010,8,250,2,401187513,1,282,-1,1,13,10000
969,bg_shop_00,,9250010,8,250,2,401187514,1,282,-1,1,14,10000
970,bg_shop_00,,9250010,8,250,2,401187515,1,282,-1,1,15,10000
971,bg_shop_00,,9250010,8,250,2,401187516,1,282,-1,1,16,10000
972,bg_shop_00,,9250010,8,250,2,401187517,1,282,-1,1,17,10000
973,bg_shop_00,,9250010,8,250,2,401187518,1,282,-1,1,18,10000
974,bg_shop_00,,9250010,8,250,2,401187519,1,282,-1,1,19,10000
975,bg_shop_00,,9250010,999,10,2,401187520,1,282,-1,1,20,10000
976,bg_shop_00,,9250010,999,10,2,401187521,1,282,-1,1,21,10000
977,bg_shop_00,,9250010,999,5,2,401187522,1,282,-1,1,22,10000
978,bg_shop_00,,204005,1,150,2,401255001,1,283,-1,1,1,-2500
979,bg_shop_00,,204005,1,100,2,401255002,1,283,-1,1,2,10000
980,bg_shop_00,,204005,20,30,2,401175103,1,283,-1,1,3,10000
981,bg_shop_00,,204005,20,50,2,401175104,1,283,-1,1,4,10000
982,bg_shop_00,,204005,20,10,2,401175105,1,283,-1,1,5,-2000
983,bg_shop_00,,204005,20,8,2,401175106,1,283,-1,1,6,-2000
984,bg_shop_00,,204005,20,20,2,401175107,1,283,-1,1,7,-2000
985,bg_shop_00,,204005,20,5,2,401175108,1,283,-1,1,8,-6000
986,bg_shop_00,,204005,20,5,2,401175109,1,283,-1,1,9,-6000
987,bg_shop_00,,204005,20,10,2,401175110,1,283,-1,1,10,-6000
988,bg_shop_00,,401250002,1,2500,2,401260001,-1,284,-1,1,1,10000
989,bg_shop_00,,401250002,1,4000,2,401260002,-1,284,-1,1,2,10000
990,bg_shop_00,,401250002,2,1000,2,401260003,-1,284,-1,1,3,10000
991,bg_shop_00,,401250002,2,1000,2,401260004,-1,284,-1,1,4,10000
992,bg_shop_00,,401250002,2,1000,2,401260005,-1,284,-1,1,5,10000
993,bg_shop_00,,401250002,100,300,2,401260006,-1,284,-1,1,6,10000
994,bg_shop_00,,401250002,100,50,2,401260007,-1,284,-1,1,7,10000
995,bg_shop_00,,401250002,100,50,2,401260008,-1,284,-1,1,8,10000
996,bg_shop_00,,401250002,100,50,2,401260009,-1,284,-1,1,9,10000
997,bg_shop_00,,401250002,3,800,2,401260010,-1,284,-1,1,10,10000
998,bg_shop_00,,401250002,3,800,2,401260011,-1,284,-1,1,11,10000
999,bg_shop_00,,401250002,3,800,2,401260012,-1,284,-1,1,12,10000
1000,bg_shop_00,,401250002,3,800,2,401260013,-1,284,-1,1,13,10000
1001,bg_shop_00,,401250002,3,800,2,401260014,-1,284,-1,1,14,10000
1002,bg_shop_00,,401250002,1000,50,2,401260015,-1,284,-1,1,15,10000
1003,bg_shop_00,,401250002,1000,50,2,401260016,-1,284,-1,1,16,10000
1004,bg_shop_00,,401250002,1000,50,2,401260017,-1,284,-1,1,17,10000
1005,bg_shop_00,,401250002,1000,50,2,401260018,-1,284,-1,1,18,10000
1006,bg_shop_00,,401250002,1000,10,2,401260019,-1,284,-1,1,19,10000
1007,bg_shop_00,,401250002,5000,10,2,401260020,-1,284,-1,1,20,10000
1008,bg_shop_00,,401250002,999,5,2,401260021,-1,284,-1,1,21,10000
1009,bg_shop_00,,204002,200,150,2,401261101,-1,285,-1,1,1,10000
1010,bg_shop_00,,204002,200,15,2,401261102,-1,285,-1,1,2,10000
1011,bg_shop_00,,204002,200,15,2,401261103,-1,285,-1,1,2,10000
1012,bg_shop_00,,204002,100,100,2,401261104,-1,285,-1,1,3,10000
1013,bg_shop_00,,204002,2,250,2,401261105,-1,285,-1,1,4,10000
1014,bg_shop_00,,204002,2,250,2,401261106,-1,285,-1,1,5,10000
1015,bg_shop_00,,204002,2,250,2,401261107,-1,285,-1,1,6,10000
1016,bg_shop_00,,204002,3,350,2,401261108,-1,285,-1,1,7,10000
1017,bg_shop_00,,204002,3,350,2,401261109,-1,285,-1,1,8,10000
1018,bg_shop_00,,204002,3,350,2,401261110,-1,285,-1,1,9,10000
1019,bg_shop_00,,204002,2,300,2,401261111,-1,285,-1,1,10,10000
1020,bg_shop_00,,204002,2,300,2,401261112,-1,285,-1,1,11,10000
1021,bg_shop_00,,204002,2,300,2,401261113,-1,285,-1,1,12,10000
1022,bg_shop_00,,204002,2,300,2,401261114,-1,285,-1,1,13,10000
1023,bg_shop_00,,204002,8,100,2,401261115,-1,285,-1,1,14,10000
1024,bg_shop_00,,204002,999,50,2,401261116,-1,285,-1,1,15,10000
1025,bg_shop_00,,204002,999,50,2,401261117,-1,285,-1,1,16,10000
1026,bg_shop_00,,204002,999,10,2,401261118,-1,285,-1,1,17,10000
1027,bg_shop_00,,204002,999,10,2,401261119,-1,285,-1,1,18,10000
1028,bg_shop_00,,204002,999,1,2,401261120,-1,285,-1,1,19,10000
1029,bg_shop_00,,204002,999,1,2,401261121,-1,285,-1,1,20,10000
1030,bg_shop_00,,401081002,1,999,2,401121701,1,286,-1,1,1,10000
1030001,bg_shop_00,,401081002,1,599,2,402067702,1,286,-1,1,2,10000
1031,bg_shop_00,,401081002,100,30,2,401121702,1,286,-1,1,3,10000
1032,bg_shop_00,,401081002,999,15,2,401121705,1,286,-1,1,4,10000
1033,bg_shop_00,,401081002,999,15,2,401121706,1,286,-1,1,5,10000
1034,bg_shop_00,,401081002,999,15,2,401121707,1,286,-1,1,6,10000
1035,bg_shop_00,,401081002,999,15,2,401121708,1,286,-1,1,7,10000
1036,bg_shop_00,,401081002,999,15,2,401121709,1,286,-1,1,8,10000
1037,bg_shop_00,,401081002,999,10,2,401121710,1,286,-1,1,9,10000
1038,bg_shop_00,,401081002,999,10,2,401121711,1,286,-1,1,10,10000
1039,bg_shop_00,,401081002,999,5,2,401121712,1,286,-1,1,11,10000
1040,bg_shop_00,,401081002,9999,1,2,401121713,1,286,-1,1,12,10000
1041,bg_shop_00,,9250010,20,150,2,40130201,1,287,-1,1,1,10000
1042,bg_shop_00,,9250010,200,15,2,40130202,1,287,-1,1,2,10000
1043,bg_shop_00,,9250010,200,15,2,40130203,1,287,-1,1,3,10000
1044,bg_shop_00,,9250010,100,100,2,40130204,1,287,-1,1,4,10000
1045,bg_shop_00,,9250010,2,250,2,40130205,1,287,-1,1,5,10000
1046,bg_shop_00,,9250010,2,250,2,40130206,1,287,-1,1,6,10000
1047,bg_shop_00,,9250010,2,250,2,40130207,1,287,-1,1,7,10000
1048,bg_shop_00,,9250010,3,250,2,40130208,1,287,-1,1,8,10000
1049,bg_shop_00,,9250010,3,250,2,40130209,1,287,-1,1,9,10000
1050,bg_shop_00,,9250010,3,250,2,40130210,1,287,-1,1,10,10000
1051,bg_shop_00,,9250010,2,300,2,40130211,1,287,-1,1,11,10000
1052,bg_shop_00,,9250010,2,300,2,40130212,1,287,-1,1,12,10000
1053,bg_shop_00,,9250010,2,300,2,40130213,1,287,-1,1,13,10000
1054,bg_shop_00,,9250010,2,300,2,40130214,1,287,-1,1,14,10000
1055,bg_shop_00,,9250010,8,250,2,40130215,1,287,-1,1,15,10000
1056,bg_shop_00,,9250010,8,250,2,40130216,1,287,-1,1,16,10000
1057,bg_shop_00,,9250010,8,250,2,40130217,1,287,-1,1,17,10000
1058,bg_shop_00,,9250010,999,50,2,40130218,1,287,-1,1,18,10000
1059,bg_shop_00,,9250010,999,10,2,40130219,1,287,-1,1,19,10000
1060,bg_shop_00,,9250010,999,10,2,40130220,1,287,-1,1,20,10000
1061,bg_shop_00,,9250010,999,1,2,40130221,1,287,-1,1,21,10000
1062,bg_shop_00,,9250010,999,1,2,40130222,1,287,-1,1,22,10000
1063,bg_shop_00,,204002,1,799,2,401300401,-1,288,-1,1,1,10000
1064,bg_shop_00,,204002,20,150,2,401300402,-1,288,-1,1,2,10000
1065,bg_shop_00,,204002,200,15,2,401300403,-1,288,-1,1,2,10000
1066,bg_shop_00,,204002,200,15,2,401300404,-1,288,-1,1,3,10000
1067,bg_shop_00,,204002,100,100,2,401300405,-1,288,-1,1,4,10000
1068,bg_shop_00,,204002,2,250,2,401300406,-1,288,-1,1,5,10000
1069,bg_shop_00,,204002,2,250,2,401300407,-1,288,-1,1,6,10000
1070,bg_shop_00,,204002,2,250,2,401300408,-1,288,-1,1,7,10000
1071,bg_shop_00,,204002,3,350,2,401300409,-1,288,-1,1,8,10000
1072,bg_shop_00,,204002,3,350,2,401300410,-1,288,-1,1,9,10000
1073,bg_shop_00,,204002,3,350,2,401300411,-1,288,-1,1,10,10000
1074,bg_shop_00,,204002,2,300,2,401300412,-1,288,-1,1,11,10000
1075,bg_shop_00,,204002,2,300,2,401300413,-1,288,-1,1,12,10000
1076,bg_shop_00,,204002,2,300,2,401300414,-1,288,-1,1,13,10000
1077,bg_shop_00,,204002,2,300,2,401300415,-1,288,-1,1,14,10000
1078,bg_shop_00,,204002,8,100,2,401300416,-1,288,-1,1,15,10000
1079,bg_shop_00,,204002,999,50,2,401300417,-1,288,-1,1,16,10000
1080,bg_shop_00,,204002,999,10,2,401300418,-1,288,-1,1,17,10000
1081,bg_shop_00,,204002,999,10,2,401300419,-1,288,-1,1,18,10000
1082,bg_shop_00,,204002,999,1,2,401300420,-1,288,-1,1,19,10000
1083,bg_shop_00,,204002,999,1,2,401300421,-1,288,-1,1,20,10000
1084,bg_shop_00,,204005,1,150,2,402015001,1,289,-1,1,1,-2500
1085,bg_shop_00,,204005,1,100,2,402015002,1,289,-1,1,2,10000
1086,bg_shop_00,,204005,20,30,2,401175103,1,289,-1,1,3,10000
1087,bg_shop_00,,204005,20,50,2,401175104,1,289,-1,1,4,10000
1088,bg_shop_00,,204005,20,10,2,401175105,1,289,-1,1,5,-2000
1089,bg_shop_00,,204005,20,8,2,401175106,1,289,-1,1,6,-2000
1090,bg_shop_00,,204005,20,20,2,401175107,1,289,-1,1,7,-2000
1091,bg_shop_00,,204005,20,5,2,401175108,1,289,-1,1,8,-6000
1092,bg_shop_00,,204005,20,5,2,401175109,1,289,-1,1,9,-6000
1093,bg_shop_00,,204005,20,10,2,401175110,1,289,-1,1,10,-6000
1094,bg_shop_00,,204005,1,150,2,402015011,1,290,-1,1,1,-2500
1095,bg_shop_00,,204005,1,100,2,402015012,1,290,-1,1,2,10000
1096,bg_shop_00,,204005,20,30,2,401175103,1,290,-1,1,3,10000
1097,bg_shop_00,,204005,20,50,2,401175104,1,290,-1,1,4,10000
1098,bg_shop_00,,204005,20,10,2,401175105,1,290,-1,1,5,-2000
1099,bg_shop_00,,204005,20,8,2,401175106,1,290,-1,1,6,-2000
1100,bg_shop_00,,204005,20,20,2,401175107,1,290,-1,1,7,-2000
1101,bg_shop_00,,204005,20,5,2,401175108,1,290,-1,1,8,-6000
1102,bg_shop_00,,204005,20,5,2,401175109,1,290,-1,1,9,-6000
1103,bg_shop_00,,204005,20,10,2,401175110,1,290,-1,1,10,-6000
1104,bg_shop_00,,204005,1,150,2,402015021,1,291,-1,1,1,-2500
1105,bg_shop_00,,204005,1,100,2,402015022,1,291,-1,1,2,10000
1106,bg_shop_00,,204005,20,30,2,401175103,1,291,-1,1,3,10000
1107,bg_shop_00,,204005,20,50,2,401175104,1,291,-1,1,4,10000
1108,bg_shop_00,,204005,20,10,2,401175105,1,291,-1,1,5,-2000
1109,bg_shop_00,,204005,20,8,2,401175106,1,291,-1,1,6,-2000
1110,bg_shop_00,,204005,20,20,2,401175107,1,291,-1,1,7,-2000
1111,bg_shop_00,,204005,20,5,2,401175108,1,291,-1,1,8,-6000
1112,bg_shop_00,,204005,20,5,2,401175109,1,291,-1,1,9,-6000
1113,bg_shop_00,,204005,20,10,2,401175110,1,291,-1,1,10,-6000
1114,bg_shop_00,,9250010,200,20,2,402020201,1,292,-1,1,1,10000
1115,bg_shop_00,,9250010,20,150,2,402020202,1,292,-1,1,2,10000
1116,bg_shop_00,,9250010,100,100,2,402020203,1,292,-1,1,3,10000
1117,bg_shop_00,,9250010,2,150,2,402020204,1,292,-1,1,4,-8000
1118,bg_shop_00,,9250010,3,300,2,402020205,1,292,-1,1,5,10000
1119,bg_shop_00,,9250010,3,300,2,402020206,1,292,-1,1,6,10000
1120,bg_shop_00,,9250010,2,300,2,402020207,1,292,-1,1,7,10000
1121,bg_shop_00,,9250010,2,300,2,402020208,1,292,-1,1,8,10000
1122,bg_shop_00,,9250010,2,300,2,402020209,1,292,-1,1,9,10000
1123,bg_shop_00,,9250010,2,300,2,402020210,1,292,-1,1,10,10000
1124,bg_shop_00,,9250010,8,250,2,402020211,1,292,-1,1,11,10000
1125,bg_shop_00,,9250010,8,250,2,402020212,1,292,-1,1,12,10000
1126,bg_shop_00,,9250010,8,250,2,402020213,1,292,-1,1,13,10000
1127,bg_shop_00,,9250010,8,250,2,402020214,1,292,-1,1,14,10000
1128,bg_shop_00,,9250010,1000,10,2,402020215,1,292,-1,1,15,10000
1129,bg_shop_00,,9250010,1000,10,2,402020216,1,292,-1,1,16,10000
1130,bg_shop_00,,9250010,1000,10,2,402020217,1,292,-1,1,17,10000
1131,bg_shop_00,,9250010,1000,10,2,402020218,1,292,-1,1,18,10000
1132,bg_shop_00,,9250010,1000,5,2,402020219,1,292,-1,1,19,10000
1133,bg_shop_00,,9250010,5000,1,2,402020220,1,292,-1,1,20,10000
1134,bg_shop_00,,401081002,1,999,2,402021500,1,293,-1,1,1,10000
11340001,bg_shop_00,,401081002,1,599,2,402067702,1,293,-1,1,2,10000
1135,bg_shop_00,,401081002,100,30,2,401121702,1,293,-1,1,3,10000
1136,bg_shop_00,,401081002,5,600,2,401121703,1,293,-1,0,4,10000
1137,bg_shop_00,,401081002,5,600,2,401121704,1,293,-1,0,5,10000
1138,bg_shop_00,,401081002,999,15,2,401121705,1,293,-1,1,6,10000
1139,bg_shop_00,,401081002,999,15,2,401121706,1,293,-1,1,7,10000
1140,bg_shop_00,,401081002,999,15,2,401121707,1,293,-1,1,8,10000
1141,bg_shop_00,,401081002,999,15,2,401121708,1,293,-1,1,9,10000
1142,bg_shop_00,,401081002,10,15,2,401121709,1,293,-1,1,10,10000
1143,bg_shop_00,,401081002,10,10,2,401121710,1,293,-1,1,11,10000
1144,bg_shop_00,,401081002,999,10,2,401121711,1,293,-1,1,12,10000
1145,bg_shop_00,,401081002,999,5,2,401121712,1,293,-1,1,13,10000
1146,bg_shop_00,,401081002,9999,1,2,401121713,1,293,-1,1,14,10000
1147,bg_shop_00,,204002,20,200,2,402040101,-1,294,-1,1,1,10000
1148,bg_shop_00,,204002,200,15,2,402040102,-1,294,-1,1,2,10000
1149,bg_shop_00,,204002,100,100,2,402040103,-1,294,-1,1,2,10000
1150,bg_shop_00,,204002,2,150,2,402040104,-1,294,-1,1,3,10000
1151,bg_shop_00,,204002,3,300,2,402040105,-1,294,-1,1,4,10000
1152,bg_shop_00,,204002,3,300,2,402040106,-1,294,-1,1,5,10000
1153,bg_shop_00,,204002,2,300,2,402040107,-1,294,-1,1,6,10000
1154,bg_shop_00,,204002,2,300,2,402040108,-1,294,-1,1,7,10000
1155,bg_shop_00,,204002,2,300,2,402040109,-1,294,-1,1,8,10000
1156,bg_shop_00,,204002,2,300,2,402040110,-1,294,-1,1,9,10000
1157,bg_shop_00,,204002,8,250,2,402040111,-1,294,-1,1,10,10000
1158,bg_shop_00,,204002,8,250,2,402040112,-1,294,-1,1,11,10000
1159,bg_shop_00,,204002,8,250,2,402040113,-1,294,-1,1,12,10000
1160,bg_shop_00,,204002,1000,10,2,402040114,-1,294,-1,1,13,10000
1161,bg_shop_00,,204002,1000,10,2,402040115,-1,294,-1,1,14,10000
1162,bg_shop_00,,204002,1000,10,2,402040116,-1,294,-1,1,15,10000
1163,bg_shop_00,,204002,1000,10,2,402040117,-1,294,-1,1,16,10000
1164,bg_shop_00,,204002,1000,5,2,402040118,-1,294,-1,1,17,10000
1165,bg_shop_00,,204002,5000,1,2,402040119,-1,294,-1,1,18,10000
1166,bg_shop_00,,401301005,1,3000,2,402051201,-1,295,-1,1,1,-2000
1167,bg_shop_00,,401301005,1,3000,2,402051202,-1,295,-1,1,1,-2000
1168,bg_shop_00,,401301005,1,1500,2,402051203,-1,295,-1,1,2,10000
1169,bg_shop_00,,401301005,1,1500,2,402051204,-1,295,-1,1,2,10000
1170,bg_shop_00,,401301005,100,1000,2,402051205,-1,295,-1,1,3,10000
1171,bg_shop_00,,401301005,9,1500,2,402051206,-1,295,-1,1,4,10000
1172,bg_shop_00,,401301005,9,400,2,402051207,-1,295,-1,1,5,10000
1173,bg_shop_00,,401301005,9,400,2,402051208,-1,295,-1,1,6,10000
1174,bg_shop_00,,401301005,9,400,2,402051209,-1,295,-1,1,7,10000
1175,bg_shop_00,,401301005,9,100,2,402051210,-1,295,-1,1,8,10000
1176,bg_shop_00,,401301005,1000,100,2,402051211,-1,295,-1,1,9,10000
1177,bg_shop_00,,401301005,1000,100,2,402051212,-1,295,-1,1,10,10000
1178,bg_shop_00,,401301005,1000,100,2,402051213,-1,295,-1,1,11,10000
1179,bg_shop_00,,401301005,1000,100,2,402051214,-1,295,-1,1,12,10000
1180,bg_shop_00,,401301005,1000,100,2,402051215,-1,295,-1,1,13,10000
1181,bg_shop_00,,401301005,1000,10,2,402051216,-1,295,-1,1,14,10000
1182,bg_shop_00,,401301005,5000,10,2,402051217,-1,295,-1,1,15,10000
1183,bg_shop_00,,401081002,1,999,2,402067701,1,296,-1,1,1,10000
1184,bg_shop_00,,401081002,1,599,2,402067702,1,296,-1,1,2,10000
1185,bg_shop_00,,401081002,100,30,2,401121702,1,296,-1,1,3,10000
1186,bg_shop_00,,401081002,999,99,2,401121705,1,296,-1,1,4,10000
1187,bg_shop_00,,401081002,999,15,2,401121706,1,296,-1,1,5,10000
1188,bg_shop_00,,401081002,999,15,2,401121707,1,296,-1,1,6,10000
1189,bg_shop_00,,401081002,999,15,2,401121708,1,296,-1,1,7,10000
1190,bg_shop_00,,401081002,10,15,2,401121709,1,296,-1,1,8,10000
1191,bg_shop_00,,401081002,10,10,2,401121710,1,296,-1,1,9,10000
1192,bg_shop_00,,401081002,100,10,2,401121711,1,296,-1,1,10,10000
1193,bg_shop_00,,401081002,999,5,2,401121712,1,296,-1,1,11,10000
1194,bg_shop_00,,401081002,9999,1,2,401121713,1,296,-1,1,12,10000
1195,bg_shop_00,,401081002,1,999,2,402067703,1,297,-1,1,1,10000
1196,bg_shop_00,,401081002,1,599,2,402067702,1,297,-1,1,2,10000
1197,bg_shop_00,,401081002,100,30,2,401121702,1,297,-1,1,3,10000
1198,bg_shop_00,,401081002,999,99,2,401121705,1,297,-1,1,4,10000
1199,bg_shop_00,,401081002,999,15,2,401121706,1,297,-1,1,5,10000
1200,bg_shop_00,,401081002,999,15,2,401121707,1,297,-1,1,6,10000
1201,bg_shop_00,,401081002,999,15,2,401121708,1,297,-1,1,7,10000
1202,bg_shop_00,,401081002,10,15,2,401121709,1,297,-1,1,8,10000
1203,bg_shop_00,,401081002,10,10,2,401121710,1,297,-1,1,9,10000
1204,bg_shop_00,,401081002,100,10,2,401121711,1,297,-1,1,10,10000
1205,bg_shop_00,,401081002,999,5,2,401121712,1,297,-1,1,11,10000
1206,bg_shop_00,,401081002,9999,1,2,401121713,1,297,-1,1,12,10000
1207,bg_shop_00,,204002,20,200,2,402200101,-1,298,-1,1,1,10000
1208,bg_shop_00,,204002,200,50,2,402200102,-1,298,-1,1,2,10000
1209,bg_shop_00,,204002,100,100,2,402200103,-1,298,-1,1,2,10000
1210,bg_shop_00,,204002,2,150,2,402200104,-1,298,-1,1,3,10000
1211,bg_shop_00,,204002,3,300,2,402200105,-1,298,-1,1,4,10000
1212,bg_shop_00,,204002,3,300,2,402200106,-1,298,-1,1,5,10000
1213,bg_shop_00,,204002,2,300,2,402200107,-1,298,-1,1,6,10000
1214,bg_shop_00,,204002,2,300,2,402200108,-1,298,-1,1,7,10000
1215,bg_shop_00,,204002,2,300,2,402200109,-1,298,-1,1,8,10000
1216,bg_shop_00,,204002,2,300,2,402200110,-1,298,-1,1,9,10000
1217,bg_shop_00,,204002,8,250,2,402200111,-1,298,-1,1,10,10000
1218,bg_shop_00,,204002,8,250,2,402200112,-1,298,-1,1,11,10000
1219,bg_shop_00,,204002,8,250,2,402200113,-1,298,-1,1,12,10000
1220,bg_shop_00,,204002,1000,10,2,402200114,-1,298,-1,1,13,10000
1221,bg_shop_00,,204002,1000,10,2,402200115,-1,298,-1,1,14,10000
1222,bg_shop_00,,204002,1000,10,2,402200116,-1,298,-1,1,15,10000
1223,bg_shop_00,,204002,1000,10,2,402200117,-1,298,-1,1,16,10000
1224,bg_shop_00,,204002,1000,5,2,402200118,-1,298,-1,1,17,10000
1225,bg_shop_00,,204002,5000,1,2,402200119,-1,298,-1,1,18,10000
1226,bg_shop_00,,9250010,200,20,2,402210301,1,299,-1,1,1,10000
1227,bg_shop_00,,9250010,20,150,2,402210302,1,299,-1,1,2,10000
1228,bg_shop_00,,9250010,100,100,2,402210303,1,299,-1,1,3,10000
1229,bg_shop_00,,9250010,2,150,2,402210304,1,299,-1,1,4,-8000
1230,bg_shop_00,,9250010,3,300,2,402210305,1,299,-1,1,5,10000
1231,bg_shop_00,,9250010,3,300,2,402210306,1,299,-1,1,6,10000
1232,bg_shop_00,,9250010,2,300,2,402210307,1,299,-1,1,7,10000
1233,bg_shop_00,,9250010,2,300,2,402210308,1,299,-1,1,8,10000
1234,bg_shop_00,,9250010,2,300,2,402210309,1,299,-1,1,9,10000
1235,bg_shop_00,,9250010,2,300,2,402210310,1,299,-1,1,10,10000
1236,bg_shop_00,,9250010,8,250,2,402210311,1,299,-1,1,11,10000
1237,bg_shop_00,,9250010,8,250,2,402210312,1,299,-1,1,12,10000
1238,bg_shop_00,,9250010,8,250,2,402210313,1,299,-1,1,13,10000
1239,bg_shop_00,,9250010,8,250,2,402210314,1,299,-1,1,14,10000
1240,bg_shop_00,,9250010,1000,10,2,402210315,1,299,-1,1,15,10000
1241,bg_shop_00,,9250010,1000,10,2,402210316,1,299,-1,1,16,10000
1242,bg_shop_00,,9250010,1000,10,2,402210317,1,299,-1,1,17,10000
1243,bg_shop_00,,9250010,1000,10,2,402210318,1,299,-1,1,18,10000
1244,bg_shop_00,,9250010,1000,5,2,402210319,1,299,-1,1,19,10000
1245,bg_shop_00,,9250010,5000,1,2,402210320,1,299,-1,1,20,10000
1246,bg_shop_00,,204005,1,150,2,402216666,1,300,-1,1,1,-2500
1247,bg_shop_00,,204005,1,100,2,402216667,1,300,-1,1,2,10000
1248,bg_shop_00,,204005,20,30,2,401175103,1,300,-1,1,3,10000
1249,bg_shop_00,,204005,20,50,2,401175104,1,300,-1,1,4,10000
1250,bg_shop_00,,204005,20,10,2,401175105,1,300,-1,1,5,-2000
1251,bg_shop_00,,204005,20,8,2,401175106,1,300,-1,1,6,-2000
1252,bg_shop_00,,204005,20,20,2,401175107,1,300,-1,1,7,-2000
1253,bg_shop_00,,204005,20,5,2,401175108,1,300,-1,1,8,-6000
1254,bg_shop_00,,204005,20,5,2,401175109,1,300,-1,1,9,-6000
1255,bg_shop_00,,204005,20,10,2,401175110,1,300,-1,1,10,-6000
1256,bg_shop_00,,402221112,1,999,2,402226666,1,301,-1,1,1,10000
1257,bg_shop_00,,402221112,1,999,2,402226667,1,301,-1,1,2,10000
1258,bg_shop_00,,402221112,1,999,2,402226668,1,301,-1,1,3,10000
1259,bg_shop_00,,402221112,1,999,2,402226669,1,301,-1,1,4,10000
1260,bg_shop_00,,402221112,100,40,2,402226670,1,301,-1,1,5,10000
1261,bg_shop_00,,402221112,999,40,2,402226671,1,301,-1,1,6,10000
1262,bg_shop_00,,402221112,999,40,2,402226672,1,301,-1,1,7,10000
1263,bg_shop_00,,402221112,999,40,2,402226673,1,301,-1,1,8,10000
1264,bg_shop_00,,402221112,999,40,2,402226674,1,301,-1,1,9,10000
1265,bg_shop_00,,402221112,10,10,2,402226675,1,301,-1,1,10,10000
1266,bg_shop_00,,402221112,50,10,2,402226676,1,301,-1,1,11,10000
1267,bg_shop_00,,402221112,999,10,2,402226677,1,301,-1,1,12,10000
1268,bg_shop_00,,402221112,999,10,2,402226678,1,301,-1,1,13,10000
1269,bg_shop_00,,402221112,9999,10,2,402226679,1,301,-1,1,14,10000
1270,bg_shop_00,,9250010,300,25,2,402210301,1,302,-1,1,1,10000
1271,bg_shop_00,,9250010,30,150,2,402210302,1,302,-1,1,2,10000
1272,bg_shop_00,,9250010,100,100,2,402210303,1,302,-1,1,3,10000
1273,bg_shop_00,,9250010,2,250,2,402210304,1,302,-1,1,4,-8000
1274,bg_shop_00,,9250010,3,250,2,402210305,1,302,-1,1,5,10000
1275,bg_shop_00,,9250010,3,250,2,402210306,1,302,-1,1,6,10000
1276,bg_shop_00,,9250010,2,300,2,402210307,1,302,-1,1,7,10000
1277,bg_shop_00,,9250010,2,300,2,402210308,1,302,-1,1,8,10000
1278,bg_shop_00,,9250010,2,300,2,402210309,1,302,-1,1,9,10000
1279,bg_shop_00,,9250010,2,300,2,402210310,1,302,-1,1,10,10000
1280,bg_shop_00,,9250010,8,250,2,402210311,1,302,-1,1,11,10000
1281,bg_shop_00,,9250010,8,250,2,402210312,1,302,-1,1,12,10000
1282,bg_shop_00,,9250010,8,250,2,402210313,1,302,-1,1,13,10000
1283,bg_shop_00,,9250010,8,250,2,402210314,1,302,-1,1,14,10000
1284,bg_shop_00,,9250010,1000,10,2,402210315,1,302,-1,1,15,10000
1285,bg_shop_00,,9250010,1000,10,2,402210316,1,302,-1,1,16,10000
1286,bg_shop_00,,9250010,1000,10,2,402210317,1,302,-1,1,17,10000
1287,bg_shop_00,,9250010,1000,10,2,402210318,1,302,-1,1,18,10000
1288,bg_shop_00,,9250010,1000,5,2,402210319,1,302,-1,1,19,10000
1289,bg_shop_00,,9250010,5000,1,2,402210320,1,302,-1,1,20,10000
1290,bg_shop_00,,402260001,1,999,2,402261901,-1,303,-1,1,1,10000
1291,bg_shop_00,,402260001,100,100,2,402261902,-1,303,-1,1,2,10000
1292,bg_shop_00,,402260001,3,300,2,402261903,-1,303,-1,1,2,10000
1293,bg_shop_00,,402260001,3,300,2,402261904,-1,303,-1,1,3,10000
1294,bg_shop_00,,402260001,3,300,2,402261905,-1,303,-1,1,4,10000
1295,bg_shop_00,,402260001,3,80,2,402261906,-1,303,-1,1,5,10000
1296,bg_shop_00,,402260001,3,80,2,402261907,-1,303,-1,1,6,10000
1297,bg_shop_00,,402260001,30,15,2,402261908,-1,303,-1,1,7,10000
1298,bg_shop_00,,402260001,10,20,2,402261909,-1,303,-1,1,8,10000
1299,bg_shop_00,,402260001,999,10,2,402261910,-1,303,-1,1,9,10000
1300,bg_shop_00,,402260001,999,10,2,402261911,-1,303,-1,1,10,10000
1301,bg_shop_00,,402260001,999,10,2,402261912,-1,303,-1,1,11,10000
1302,bg_shop_00,,402260001,999,10,2,402261913,-1,303,-1,1,12,10000
1303,bg_shop_00,,402260001,999,5,2,402261914,-1,303,-1,1,13,10000
1304,bg_shop_00,,402260001,999,5,2,402261915,-1,303,-1,1,14,10000
1305,bg_shop_00,,204002,20,150,2,402289001,1,304,-1,1,1,10000
1306,bg_shop_00,,204002,200,15,2,402289002,1,304,-1,1,2,10000
1307,bg_shop_00,,204002,2,150,2,402289003,1,304,-1,1,3,10000
1308,bg_shop_00,,204002,2,150,2,402289004,1,304,-1,1,4,10000
1309,bg_shop_00,,204002,2,150,2,402289005,1,304,-1,1,5,10000
1310,bg_shop_00,,204002,2,150,2,402289006,1,304,-1,1,6,10000
1311,bg_shop_00,,204002,50,10,2,402289007,1,304,-1,1,7,10000
1312,bg_shop_00,,204002,999,10,2,402289008,1,304,-1,1,8,10000
1313,bg_shop_00,,204002,999,10,2,402289009,1,304,-1,1,9,10000
1314,bg_shop_00,,204002,999,5,2,402289010,1,304,-1,1,10,10000
1315,bg_shop_00,,204002,999,5,2,402289011,1,304,-1,1,11,10000
1316,bg_shop_00,,204002,999,1,2,402289012,1,304,-1,1,12,10000
1317,bg_shop_00,,204002,999,1,2,402289013,1,304,-1,1,13,10000
1318,bg_shop_00,,204005,1,150,2,403015001,1,305,-1,1,1,-2500
1319,bg_shop_00,,204005,1,100,2,403015002,1,305,-1,1,2,10000
1320,bg_shop_00,,204005,20,30,2,401175103,1,305,-1,1,3,10000
1321,bg_shop_00,,204005,20,50,2,401175104,1,305,-1,1,4,10000
1322,bg_shop_00,,204005,20,10,2,401175105,1,305,-1,1,5,-2000
1323,bg_shop_00,,204005,20,8,2,401175106,1,305,-1,1,6,-2000
1324,bg_shop_00,,204005,20,20,2,401175107,1,305,-1,1,7,-2000
1325,bg_shop_00,,204005,20,5,2,401175108,1,305,-1,1,8,-6000
1326,bg_shop_00,,204005,20,5,2,401175109,1,305,-1,1,9,-6000
1327,bg_shop_00,,204005,20,10,2,401175110,1,305,-1,1,10,-6000
1328,bg_shop_00,,401250002,1,2500,2,402291201,-1,306,-1,1,1,10000
1329,bg_shop_00,,401250002,1,4000,2,402291202,-1,306,-1,1,2,10000
1330,bg_shop_00,,401250002,2,1000,2,402291203,-1,306,-1,1,3,10000
1331,bg_shop_00,,401250002,2,1000,2,402291204,-1,306,-1,1,4,10000
1332,bg_shop_00,,401250002,2,1000,2,402291205,-1,306,-1,1,5,10000
1333,bg_shop_00,,401250002,100,300,2,402291206,-1,306,-1,1,6,10000
1334,bg_shop_00,,401250002,200,50,2,402291207,-1,306,-1,1,7,10000
1335,bg_shop_00,,401250002,200,50,2,402291208,-1,306,-1,1,8,10000
1336,bg_shop_00,,401250002,200,50,2,402291209,-1,306,-1,1,9,10000
1337,bg_shop_00,,401250002,3,1500,2,402291210,-1,306,-1,1,10,10000
1338,bg_shop_00,,401250002,3,1500,2,402291211,-1,306,-1,1,11,10000
1339,bg_shop_00,,401250002,3,1500,2,402291212,-1,306,-1,1,12,10000
1340,bg_shop_00,,401250002,3,1500,2,402291213,-1,306,-1,1,13,10000
1341,bg_shop_00,,401250002,3,1500,2,402291214,-1,306,-1,1,14,10000
1342,bg_shop_00,,401250002,1000,50,2,402291215,-1,306,-1,1,15,10000
1343,bg_shop_00,,401250002,1000,50,2,402291216,-1,306,-1,1,16,10000
1344,bg_shop_00,,401250002,1000,50,2,402291217,-1,306,-1,1,17,10000
1345,bg_shop_00,,401250002,1000,50,2,402291218,-1,306,-1,1,18,10000
1346,bg_shop_00,,401250002,1000,10,2,402291219,-1,306,-1,1,19,10000
1347,bg_shop_00,,401250002,5000,10,2,402291220,-1,306,-1,1,20,10000
1348,bg_shop_00,,401250002,999,5,2,402291221,-1,306,-1,1,21,10000
1349,bg_shop_00,,204002,20,200,2,402292001,-1,307,-1,1,1,10000
1350,bg_shop_00,,204002,200,50,2,402292002,-1,307,-1,1,2,10000
1351,bg_shop_00,,204002,100,100,2,402292003,-1,307,-1,1,2,10000
1352,bg_shop_00,,204002,2,150,2,402292004,-1,307,-1,1,3,10000
1353,bg_shop_00,,204002,3,200,2,402292005,-1,307,-1,1,4,10000
1354,bg_shop_00,,204002,3,200,2,402292006,-1,307,-1,1,5,10000
1355,bg_shop_00,,204002,3,150,2,402292007,-1,307,-1,1,6,10000
1356,bg_shop_00,,204002,3,50,2,402292008,-1,307,-1,1,7,10000
1357,bg_shop_00,,204002,3,50,2,402292009,-1,307,-1,1,8,10000
1358,bg_shop_00,,204002,3,50,2,402292010,-1,307,-1,1,9,10000
1359,bg_shop_00,,204002,3,50,2,402292011,-1,307,-1,1,10,10000
1360,bg_shop_00,,204002,2,300,2,402292012,-1,307,-1,1,11,10000
1361,bg_shop_00,,204002,2,300,2,402292013,-1,307,-1,1,12,10000
1362,bg_shop_00,,204002,2,300,2,402292014,-1,307,-1,1,13,10000
1363,bg_shop_00,,204002,2,300,2,402292015,-1,307,-1,1,14,10000
1364,bg_shop_00,,204002,8,250,2,402292016,-1,307,-1,1,15,10000
1365,bg_shop_00,,204002,8,250,2,402292017,-1,307,-1,1,16,10000
1366,bg_shop_00,,204002,8,250,2,402292018,-1,307,-1,1,17,10000
1367,bg_shop_00,,204002,1000,10,2,402292019,-1,307,-1,1,18,10000
1368,bg_shop_00,,204002,1000,10,2,402292020,-1,307,-1,1,19,10000
1369,bg_shop_00,,204002,1000,10,2,402292021,-1,307,-1,1,20,10000
1370,bg_shop_00,,204002,1000,10,2,402292022,-1,307,-1,1,21,10000
1371,bg_shop_00,,204002,1000,5,2,402292023,-1,307,-1,1,22,10000
1372,bg_shop_00,,204002,5000,1,2,402292024,-1,307,-1,1,23,10000
1373,bg_shop_00,,9250010,20,150,2,403056901,1,308,-1,1,1,10000
1374,bg_shop_00,,9250010,200,15,2,403056902,1,308,-1,1,2,10000
1375,bg_shop_00,,9250010,2,150,2,403056903,1,308,-1,1,3,10000
1376,bg_shop_00,,9250010,2,150,2,403056904,1,308,-1,1,4,10000
1377,bg_shop_00,,9250010,2,150,2,403056905,1,308,-1,1,5,10000
1378,bg_shop_00,,9250010,2,150,2,403056906,1,308,-1,1,6,10000
1379,bg_shop_00,,9250010,1,250,2,403056907,1,308,-1,1,7,10000
1380,bg_shop_00,,9250010,1,250,2,403056908,1,308,-1,1,8,10000
1381,bg_shop_00,,9250010,1,250,2,403056909,1,308,-1,1,9,10000
1382,bg_shop_00,,9250010,1,60,2,403056910,1,308,-1,1,10,10000
1383,bg_shop_00,,9250010,1,60,2,403056911,1,308,-1,1,11,10000
1384,bg_shop_00,,9250010,1,60,2,403056912,1,308,-1,1,12,10000
1385,bg_shop_00,,9250010,1,60,2,403056913,1,308,-1,1,13,10000
1386,bg_shop_00,,9250010,30,30,2,403056914,1,308,-1,1,14,10000
1387,bg_shop_00,,9250010,30,30,2,403056915,1,308,-1,1,15,10000
1388,bg_shop_00,,9250010,1000,10,2,403056916,1,308,-1,1,16,10000
1389,bg_shop_00,,9250010,1000,10,2,403056917,1,308,-1,1,17,10000
1390,bg_shop_00,,9250010,1000,10,2,403056918,1,308,-1,1,18,10000
1391,bg_shop_00,,9250010,1000,10,2,403056919,1,308,-1,1,19,10000
1392,bg_shop_00,,9250010,1000,5,2,403056920,1,308,-1,1,20,10000
1393,bg_shop_00,,9250010,1000,5,2,403056921,1,308,-1,1,21,10000
1394,bg_shop_00,,9250010,1000,5,2,403056922,1,308,-1,1,22,10000
1395,bg_shop_00,,401250002,20,1000,2,403081201,-1,309,-1,1,1,10000
1396,bg_shop_00,,401250002,300,100,2,403081202,-1,309,-1,1,2,10000
1397,bg_shop_00,,401250002,100,300,2,403081203,-1,309,-1,1,3,10000
1398,bg_shop_00,,401250002,2,1000,2,403081204,-1,309,-1,1,4,10000
1399,bg_shop_00,,401250002,3,2000,2,403081205,-1,309,-1,1,5,10000
1400,bg_shop_00,,401250002,3,2000,2,403081206,-1,309,-1,1,6,10000
1401,bg_shop_00,,401250002,2,3000,2,403081207,-1,309,-1,1,7,10000
1402,bg_shop_00,,401250002,2,3000,2,403081208,-1,309,-1,1,8,10000
1403,bg_shop_00,,401250002,2,3000,2,403081209,-1,309,-1,1,9,10000
1404,bg_shop_00,,401250002,2,3000,2,403081210,-1,309,-1,1,10,10000
1405,bg_shop_00,,401250002,8,2500,2,403081211,-1,309,-1,1,11,10000
1406,bg_shop_00,,401250002,8,2500,2,403081212,-1,309,-1,1,12,10000
1407,bg_shop_00,,401250002,8,2500,2,403081213,-1,309,-1,1,13,10000
1408,bg_shop_00,,401250002,8,2500,2,403081214,-1,309,-1,1,14,10000
1409,bg_shop_00,,401250002,1000,100,2,403081215,-1,309,-1,1,15,10000
1410,bg_shop_00,,401250002,1000,100,2,403081216,-1,309,-1,1,16,10000
1411,bg_shop_00,,401250002,1000,100,2,403081217,-1,309,-1,1,17,10000
1412,bg_shop_00,,401250002,1000,100,2,403081218,-1,309,-1,1,18,10000
1413,bg_shop_00,,401250002,1000,50,2,403081219,-1,309,-1,1,19,10000
1414,bg_shop_00,,401250002,500,50,2,403081220,-1,309,-1,1,20,10000
1415,bg_shop_00,,401250002,1000,10,2,403081221,-1,309,-1,1,21,10000
1416,bg_shop_00,,401250002,1000,5,2,403081222,-1,309,-1,1,22,10000
1417,bg_shop_00,,9250010,200,25,2,403080201,1,310,-1,1,1,10000
1418,bg_shop_00,,9250010,200,25,2,403080202,1,310,-1,1,2,10000
1419,bg_shop_00,,9250010,200,25,2,403080203,1,310,-1,1,3,10000
1420,bg_shop_00,,9250010,100,100,2,403080204,1,310,-1,1,4,10000
1421,bg_shop_00,,9250010,3,250,2,403080205,1,310,-1,1,5,10000
1422,bg_shop_00,,9250010,3,250,2,403080206,1,310,-1,1,6,10000
1423,bg_shop_00,,9250010,3,250,2,403080207,1,310,-1,1,7,10000
1424,bg_shop_00,,9250010,2,300,2,403080208,1,310,-1,1,8,10000
1425,bg_shop_00,,9250010,2,300,2,403080209,1,310,-1,1,9,10000
1426,bg_shop_00,,9250010,2,300,2,403080210,1,310,-1,1,10,10000
1427,bg_shop_00,,9250010,2,300,2,403080211,1,310,-1,1,11,10000
1428,bg_shop_00,,9250010,8,250,2,403080212,1,310,-1,1,12,10000
1429,bg_shop_00,,9250010,8,250,2,403080213,1,310,-1,1,13,10000
1430,bg_shop_00,,9250010,8,250,2,403080214,1,310,-1,1,14,10000
1431,bg_shop_00,,9250010,8,250,2,403080215,1,310,-1,1,15,10000
1432,bg_shop_00,,9250010,8,250,2,403080216,1,310,-1,1,16,10000
1433,bg_shop_00,,9250010,8,250,2,403080217,1,310,-1,1,17,10000
1434,bg_shop_00,,9250010,8,250,2,403080218,1,310,-1,1,18,10000
1435,bg_shop_00,,9250010,8,250,2,403080219,1,310,-1,1,19,10000
1436,bg_shop_00,,9250010,8,250,2,403080220,1,310,-1,1,20,10000
1437,bg_shop_00,,9250010,1000,10,2,403080221,1,310,-1,1,21,10000
1438,bg_shop_00,,9250010,1000,10,2,403080222,1,310,-1,1,22,10000
1439,bg_shop_00,,9250010,1000,10,2,403080223,1,310,-1,1,23,10000
1440,bg_shop_00,,9250010,1000,10,2,403080224,1,310,-1,1,24,10000
1441,bg_shop_00,,9250010,1000,5,2,403080225,1,310,-1,1,25,10000
1442,bg_shop_00,,9250010,500,5,2,403080226,1,310,-1,1,26,10000
1443,bg_shop_00,,9250010,1000,1,2,403080227,1,310,-1,1,27,10000
1444,bg_shop_00,,402221112,1,999,2,403087001,1,311,-1,1,1,10000
1445,bg_shop_00,,402221112,1,999,2,403087002,1,311,-1,1,2,10000
1446,bg_shop_00,,402221112,1,999,2,403087003,1,311,-1,1,3,10000
1447,bg_shop_00,,402221112,1,999,2,403087004,1,311,-1,1,4,10000
1448,bg_shop_00,,402221112,100,40,2,402226670,1,311,-1,1,5,10000
1449,bg_shop_00,,402221112,999,40,2,402226671,1,311,-1,1,6,10000
1450,bg_shop_00,,402221112,999,40,2,402226672,1,311,-1,1,7,10000
1451,bg_shop_00,,402221112,999,40,2,402226673,1,311,-1,1,8,10000
1452,bg_shop_00,,402221112,999,40,2,402226674,1,311,-1,1,9,10000
1453,bg_shop_00,,402221112,10,10,2,402226675,1,311,-1,1,10,10000
1454,bg_shop_00,,402221112,50,10,2,402226676,1,311,-1,1,11,10000
1455,bg_shop_00,,402221112,999,10,2,402226677,1,311,-1,1,12,10000
1456,bg_shop_00,,402221112,999,10,2,402226678,1,311,-1,1,13,10000
1457,bg_shop_00,,402221112,9999,10,2,402226679,1,311,-1,1,14,10000
1458,bg_shop_00,,9250010,20,150,2,403056901,1,312,-1,1,1,10000
1459,bg_shop_00,,9250010,200,15,2,403056902,1,312,-1,1,2,10000
1460,bg_shop_00,,9250010,2,150,2,403056903,1,312,-1,1,3,10000
1461,bg_shop_00,,9250010,2,150,2,403056904,1,312,-1,1,4,10000
1462,bg_shop_00,,9250010,2,150,2,403056905,1,312,-1,1,5,10000
1463,bg_shop_00,,9250010,2,150,2,403056906,1,312,-1,1,6,10000
1464,bg_shop_00,,9250010,1,250,2,403056909,1,312,-1,1,7,10000
1465,bg_shop_00,,9250010,1,60,2,403056910,1,312,-1,1,8,10000
1466,bg_shop_00,,9250010,1,60,2,403056911,1,312,-1,1,9,10000
1467,bg_shop_00,,9250010,1,60,2,403056912,1,312,-1,1,10,10000
1468,bg_shop_00,,9250010,1,60,2,403056913,1,312,-1,1,11,10000
1469,bg_shop_00,,9250010,30,30,2,403056914,1,312,-1,1,12,10000
1470,bg_shop_00,,9250010,30,30,2,403056915,1,312,-1,1,13,10000
1471,bg_shop_00,,9250010,1000,10,2,403056916,1,312,-1,1,14,10000
1472,bg_shop_00,,9250010,1000,10,2,403056917,1,312,-1,1,15,10000
1473,bg_shop_00,,9250010,1000,10,2,403056918,1,312,-1,1,16,10000
1474,bg_shop_00,,9250010,1000,10,2,403056919,1,312,-1,1,17,10000
1475,bg_shop_00,,9250010,1000,5,2,403056920,1,312,-1,1,18,10000
1476,bg_shop_00,,9250010,1000,5,2,403056921,1,312,-1,1,19,10000
1477,bg_shop_00,,9250010,1000,5,2,403056922,1,312,-1,1,20,10000
1478,bg_shop_00,,401250002,20,1500,2,403116001,-1,313,-1,1,1,10000
1479,bg_shop_00,,401250002,200,150,2,403116002,-1,313,-1,1,2,10000
1480,bg_shop_00,,401250002,3,1500,2,403116003,-1,313,-1,1,3,10000
1481,bg_shop_00,,401250002,3,1500,2,403116004,-1,313,-1,1,4,10000
1482,bg_shop_00,,401250002,3,1500,2,403116005,-1,313,-1,1,5,10000
1483,bg_shop_00,,401250002,3,1500,2,403116006,-1,313,-1,1,6,10000
1484,bg_shop_00,,401250002,3,2500,2,403116007,-1,313,-1,1,7,10000
1485,bg_shop_00,,401250002,3,600,2,403116008,-1,313,-1,1,8,10000
1486,bg_shop_00,,401250002,3,600,2,403116009,-1,313,-1,1,9,10000
1487,bg_shop_00,,401250002,3,600,2,403116010,-1,313,-1,1,10,10000
1488,bg_shop_00,,401250002,3,600,2,403116011,-1,313,-1,1,11,10000
1489,bg_shop_00,,401250002,30,300,2,403116012,-1,313,-1,1,12,10000
1490,bg_shop_00,,401250002,30,300,2,403116013,-1,313,-1,1,13,10000
1491,bg_shop_00,,401250002,1000,100,2,403116014,-1,313,-1,1,14,10000
1492,bg_shop_00,,401250002,1000,100,2,403116015,-1,313,-1,1,15,10000
1493,bg_shop_00,,401250002,1000,100,2,403116016,-1,313,-1,1,16,10000
1494,bg_shop_00,,401250002,1000,100,2,403116017,-1,313,-1,1,17,10000
1495,bg_shop_00,,401250002,1000,50,2,403116018,-1,313,-1,1,18,10000
1496,bg_shop_00,,401250002,1000,50,2,403116019,-1,313,-1,1,19,10000
1497,bg_shop_00,,401250002,1000,50,2,403116020,-1,313,-1,1,20,10000
1498,bg_shop_00,,401081002,1,999,2,403116201,1,314,-1,1,1,10000
1500,bg_shop_00,,401081002,100,199,2,403116202,1,314,-1,1,2,10000
1503,bg_shop_00,,401081002,999,99,2,403116203,1,314,-1,1,3,10000
1504,bg_shop_00,,401081002,10,99,2,403116204,1,314,-1,1,4,10000
1505,bg_shop_00,,401081002,999,15,2,403116205,1,314,-1,1,5,10000
1506,bg_shop_00,,401081002,999,15,2,403116206,1,314,-1,1,6,10000
1507,bg_shop_00,,401081002,999,15,2,403116207,1,314,-1,1,7,10000
1508,bg_shop_00,,401081002,10,15,2,403116208,1,314,-1,1,8,10000
1509,bg_shop_00,,401081002,100,10,2,403116209,1,314,-1,1,9,10000
1510,bg_shop_00,,401081002,999,5,2,403116210,1,314,-1,1,10,10000
1511,bg_shop_00,,401081002,9999,1,2,403116211,1,314,-1,1,11,10000
1512,bg_shop_00,,204006,1,150,2,402015011,1,315,-1,1,1,-2500
1513,bg_shop_00,,204006,1,100,2,402015012,1,315,-1,1,2,10000
1514,bg_shop_00,,204006,20,30,2,401175103,1,315,-1,1,3,10000
1515,bg_shop_00,,204006,20,50,2,401175104,1,315,-1,1,4,10000
1516,bg_shop_00,,204006,20,10,2,401175105,1,315,-1,1,5,-2000
1517,bg_shop_00,,204006,20,8,2,401175106,1,315,-1,1,6,-2000
1518,bg_shop_00,,204006,20,20,2,401175107,1,315,-1,1,7,-2000
1519,bg_shop_00,,204006,20,5,2,401175108,1,315,-1,1,8,-6000
1520,bg_shop_00,,204006,20,5,2,401175109,1,315,-1,1,9,-6000
1521,bg_shop_00,,204006,20,10,2,401175110,1,315,-1,1,10,-6000
1522,bg_shop_00,,204005,1,150,2,403145001,1,316,-1,1,1,-2500
1523,bg_shop_00,,204005,1,100,2,403145002,1,316,-1,1,2,10000
1524,bg_shop_00,,204005,20,30,2,403145003,1,316,-1,1,3,10000
1525,bg_shop_00,,204005,20,50,2,403145004,1,316,-1,1,4,10000
1526,bg_shop_00,,204005,20,10,2,403145005,1,316,-1,1,5,-2000
1527,bg_shop_00,,204005,20,8,2,403145006,1,316,-1,1,6,-2000
1528,bg_shop_00,,204005,20,20,2,403145007,1,316,-1,1,7,-2000
1529,bg_shop_00,,204005,20,5,2,403145008,1,316,-1,1,8,-6000
1530,bg_shop_00,,204005,20,5,2,403145009,1,316,-1,1,9,-6000
1531,bg_shop_00,,204005,20,10,2,403145010,1,316,-1,1,10,-6000
1532,bg_shop_00,,401081002,1,999,2,402067701,1,317,-1,1,1,10000
1533,bg_shop_00,,401081002,100,199,2,403116202,1,317,-1,1,2,10000
1534,bg_shop_00,,401081002,999,99,2,403116203,1,317,-1,1,3,10000
1535,bg_shop_00,,401081002,10,99,2,403116204,1,317,-1,1,4,10000
1536,bg_shop_00,,401081002,999,15,2,403116205,1,317,-1,1,5,10000
1537,bg_shop_00,,401081002,999,15,2,403116206,1,317,-1,1,6,10000
1538,bg_shop_00,,401081002,999,15,2,403116207,1,317,-1,1,7,10000
1539,bg_shop_00,,401081002,10,15,2,403116208,1,317,-1,1,8,10000
1540,bg_shop_00,,401081002,100,10,2,403116209,1,317,-1,1,9,10000
1541,bg_shop_00,,401081002,999,5,2,403116210,1,317,-1,1,10,10000
1542,bg_shop_00,,401081002,9999,1,2,403116211,1,317,-1,1,11,10000
1543,bg_shop_00,,204002,200,150,2,403151301,-1,318,-1,1,1,10000
1544,bg_shop_00,,204002,200,15,2,403151302,-1,318,-1,1,2,10000
1545,bg_shop_00,,204002,200,15,2,403151303,-1,318,-1,1,2,10000
1546,bg_shop_00,,204002,100,100,2,403151304,-1,318,-1,1,3,10000
1547,bg_shop_00,,204002,2,250,2,403151305,-1,318,-1,1,4,10000
1548,bg_shop_00,,204002,2,250,2,403151306,-1,318,-1,1,5,10000
1549,bg_shop_00,,204002,2,250,2,403151307,-1,318,-1,1,6,10000
1550,bg_shop_00,,204002,3,350,2,403151308,-1,318,-1,1,7,10000
1551,bg_shop_00,,204002,3,350,2,403151309,-1,318,-1,1,8,10000
1552,bg_shop_00,,204002,3,350,2,403151310,-1,318,-1,1,9,10000
1553,bg_shop_00,,204002,4,250,2,403151311,-1,318,-1,1,10,10000
1554,bg_shop_00,,204002,4,250,2,403151312,-1,318,-1,1,11,10000
1555,bg_shop_00,,204002,4,250,2,403151313,-1,318,-1,1,12,10000
1556,bg_shop_00,,204002,4,250,2,403151314,-1,318,-1,1,13,10000
1557,bg_shop_00,,204002,50,10,2,403151315,-1,318,-1,1,14,10000
1558,bg_shop_00,,204002,999,10,2,403151316,-1,318,-1,1,15,10000
1559,bg_shop_00,,204002,999,10,2,403151317,-1,318,-1,1,16,10000
1560,bg_shop_00,,204002,999,10,2,403151318,-1,318,-1,1,17,10000
1561,bg_shop_00,,204002,999,5,2,403151319,-1,318,-1,1,18,10000
1562,bg_shop_00,,204002,999,5,2,403151320,-1,318,-1,1,19,10000
1563,bg_shop_00,,204002,999,1,2,403151321,-1,318,-1,1,20,10000
1564,bg_shop_00,,401081002,1,999,2,403151701,1,319,-1,1,1,10000
1565,bg_shop_00,,401081002,1,599,2,403151702,1,319,-1,1,2,10000
1566,bg_shop_00,,401081002,100,199,2,403151703,1,319,-1,1,3,10000
1567,bg_shop_00,,401081002,999,99,2,403151704,1,319,-1,1,4,10000
1568,bg_shop_00,,401081002,10,99,2,403151705,1,319,-1,1,5,10000
1569,bg_shop_00,,401081002,999,15,2,403151706,1,319,-1,1,6,10000
1570,bg_shop_00,,401081002,999,15,2,403151707,1,319,-1,1,7,10000
1571,bg_shop_00,,401081002,999,15,2,403151708,1,319,-1,1,8,10000
1572,bg_shop_00,,401081002,10,15,2,403151709,1,319,-1,1,9,10000
1573,bg_shop_00,,401081002,100,5,2,403151710,1,319,-1,1,10,10000
1574,bg_shop_00,,401081002,100,5,2,403151711,1,319,-1,1,11,10000
1575,bg_shop_00,,9250010,20,150,2,403220201,1,320,-1,1,1,10000
1576,bg_shop_00,,9250010,200,15,2,403220202,1,320,-1,1,2,10000
1577,bg_shop_00,,9250010,200,15,2,403220203,1,320,-1,1,3,10000
1578,bg_shop_00,,9250010,100,100,2,403220204,1,320,-1,1,4,10000
1579,bg_shop_00,,9250010,2,250,2,403220205,1,320,-1,1,5,10000
1580,bg_shop_00,,9250010,2,250,2,403220206,1,320,-1,1,6,10000
1581,bg_shop_00,,9250010,2,250,2,403220207,1,320,-1,1,7,10000
1582,bg_shop_00,,9250010,3,250,2,403220208,1,320,-1,1,8,10000
1583,bg_shop_00,,9250010,3,250,2,403220209,1,320,-1,1,9,10000
1584,bg_shop_00,,9250010,3,250,2,403220210,1,320,-1,1,10,10000
1585,bg_shop_00,,9250010,4,250,2,403220211,1,320,-1,1,11,10000
1586,bg_shop_00,,9250010,4,250,2,403220212,1,320,-1,1,12,10000
1587,bg_shop_00,,9250010,4,250,2,403220213,1,320,-1,1,13,10000
1588,bg_shop_00,,9250010,4,250,2,403220214,1,320,-1,1,14,10000
1589,bg_shop_00,,9250010,50,10,2,403220215,1,320,-1,1,15,10000
1590,bg_shop_00,,9250010,999,10,2,403220216,1,320,-1,1,16,10000
1591,bg_shop_00,,9250010,999,10,2,403220217,1,320,-1,1,17,10000
1592,bg_shop_00,,9250010,999,10,2,403220218,1,320,-1,1,18,10000
1593,bg_shop_00,,9250010,999,5,2,403220219,1,320,-1,1,19,10000
1594,bg_shop_00,,9250010,999,5,2,403220220,1,320,-1,1,20,10000
1595,bg_shop_00,,9250010,999,1,2,403220221,1,320,-1,1,21,10000
1596,bg_shop_00,,204005,1,150,2,403225101,1,321,-1,1,1,-2500
1597,bg_shop_00,,204005,1,100,2,403225102,1,321,-1,1,2,10000
1598,bg_shop_00,,204005,20,30,2,403145003,1,321,-1,1,3,10000
1599,bg_shop_00,,204005,20,50,2,403145004,1,321,-1,1,4,10000
1600,bg_shop_00,,204005,20,10,2,403145005,1,321,-1,1,5,-2000
1601,bg_shop_00,,204005,20,8,2,403145006,1,321,-1,1,6,-2000
1602,bg_shop_00,,204005,20,20,2,403145007,1,321,-1,1,7,-2000
1603,bg_shop_00,,204005,20,5,2,403145008,1,321,-1,1,8,-6000
1604,bg_shop_00,,204005,20,5,2,403145009,1,321,-1,1,9,-6000
1605,bg_shop_00,,204005,20,10,2,403145010,1,321,-1,1,10,-6000
1606,bg_shop_00,,403250002,1,799,2,403271201,1,322,-1,1,1,10000
1607,bg_shop_00,,403250002,1,799,2,403271202,1,322,-1,1,2,10000
1608,bg_shop_00,,403250002,100,20,2,403271203,1,322,-1,1,3,10000
1609,bg_shop_00,,403250002,4,80,2,403271204,1,322,-1,1,4,10000
1610,bg_shop_00,,403250002,1,150,2,403271205,1,322,-1,1,5,10000
1611,bg_shop_00,,403250002,3,250,2,403271206,1,322,-1,1,6,10000
1612,bg_shop_00,,403250002,3,250,2,403271207,1,322,-1,1,7,10000
1613,bg_shop_00,,403250002,3,250,2,403271208,1,322,-1,1,8,10000
1614,bg_shop_00,,403250002,3,80,2,403271209,1,322,-1,1,9,10000
1615,bg_shop_00,,403250002,3,80,2,403271210,1,322,-1,1,10,10000
1616,bg_shop_00,,403250002,1000,20,2,403271211,1,322,-1,1,11,10000
1617,bg_shop_00,,403250002,1000,50,2,403271212,1,322,-1,1,12,10000
1618,bg_shop_00,,403250002,1000,15,2,403271213,1,322,-1,1,13,10000
1619,bg_shop_00,,403250002,1000,10,2,403271214,1,322,-1,1,14,10000
1620,bg_shop_00,,403250002,1000,10,2,403271215,1,322,-1,1,15,10000
1621,bg_shop_00,,403250002,1000,5,2,403271216,1,322,-1,1,16,10000
1622,bg_shop_00,,204005,1,150,2,403295011,1,323,-1,1,1,-2500
1623,bg_shop_00,,204005,1,100,2,403295012,1,323,-1,1,2,10000
1624,bg_shop_00,,204005,20,30,2,403295013,1,323,-1,1,3,10000
1625,bg_shop_00,,204005,20,50,2,403295014,1,323,-1,1,4,10000
1626,bg_shop_00,,204005,20,10,2,403295015,1,323,-1,1,5,-2000
1627,bg_shop_00,,204005,20,8,2,403295016,1,323,-1,1,6,-2000
1628,bg_shop_00,,204005,20,20,2,403295017,1,323,-1,1,7,-2000
1629,bg_shop_00,,204005,20,5,2,403295018,1,323,-1,1,8,-6000
1630,bg_shop_00,,204005,20,5,2,403295019,1,323,-1,1,9,-6000
1631,bg_shop_00,,204005,20,10,2,403295020,1,323,-1,1,10,-6000
1632,bg_shop_00,,204005,1,150,2,403145201,1,324,-1,1,1,-2500
1633,bg_shop_00,,204005,1,100,2,403145202,1,324,-1,1,2,10000
1634,bg_shop_00,,204005,20,30,2,403145203,1,324,-1,1,3,10000
1635,bg_shop_00,,204005,20,50,2,403145204,1,324,-1,1,4,10000
1636,bg_shop_00,,204005,20,10,2,403145205,1,324,-1,1,5,-2000
1637,bg_shop_00,,204005,20,8,2,403145206,1,324,-1,1,6,-2000
1638,bg_shop_00,,204005,20,20,2,403145207,1,324,-1,1,7,-2000
1639,bg_shop_00,,204005,20,5,2,403145208,1,324,-1,1,8,-6000
1640,bg_shop_00,,204005,20,5,2,403145209,1,324,-1,1,9,-6000
1641,bg_shop_00,,204005,20,10,2,403145210,1,324,-1,1,10,-6000
1642,bg_shop_00,,204002,300,15,2,403295401,1,325,-1,1,1,10000
1643,bg_shop_00,,204002,300,15,2,403295402,1,325,-1,1,2,10000
1644,bg_shop_00,,204002,100,100,2,403295403,1,325,-1,1,3,10000
1645,bg_shop_00,,204002,3,350,2,403295404,1,325,-1,1,4,10000
1646,bg_shop_00,,204002,3,350,2,403295405,1,325,-1,1,5,10000
1647,bg_shop_00,,204002,8,120,2,403295406,1,325,-1,1,6,10000
1648,bg_shop_00,,204002,8,120,2,403295407,1,325,-1,1,7,10000
1649,bg_shop_00,,204002,8,120,2,403295408,1,325,-1,1,8,10000
1650,bg_shop_00,,204002,8,120,2,403295409,1,325,-1,1,9,10000
1651,bg_shop_00,,204002,1000,10,2,403295410,1,325,-1,1,10,10000
1652,bg_shop_00,,204002,1000,10,2,403295411,1,325,-1,1,11,10000
1653,bg_shop_00,,204002,1000,10,2,403295412,1,325,-1,1,12,10000
1654,bg_shop_00,,204002,1000,10,2,403295413,1,325,-1,1,13,10000
1655,bg_shop_00,,204002,1000,5,2,403295414,1,325,-1,1,14,10000
1656,bg_shop_00,,204002,1000,5,2,403295415,1,325,-1,1,15,10000
1657,bg_shop_00,,204002,1,799,2,403290301,1,326,-1,1,1,10000
1658,bg_shop_00,,204002,20,150,2,403290302,1,326,-1,1,2,10000
1659,bg_shop_00,,204002,200,15,2,403290303,1,326,-1,1,3,10000
1660,bg_shop_00,,204002,200,15,2,403290304,1,326,-1,1,4,10000
1661,bg_shop_00,,204002,100,100,2,403290305,1,326,-1,1,5,10000
1662,bg_shop_00,,204002,2,250,2,403290306,1,326,-1,1,6,10000
1663,bg_shop_00,,204002,2,250,2,403290307,1,326,-1,1,7,10000
1664,bg_shop_00,,204002,2,250,2,403290308,1,326,-1,1,8,10000
1665,bg_shop_00,,204002,3,350,2,403290309,1,326,-1,1,9,10000
1666,bg_shop_00,,204002,3,350,2,403290310,1,326,-1,1,10,10000
1667,bg_shop_00,,204002,3,350,2,403290311,1,326,-1,1,11,10000
1668,bg_shop_00,,204002,8,100,2,403290312,1,326,-1,1,12,10000
1669,bg_shop_00,,204002,999,50,2,403290313,1,326,-1,1,13,10000
1670,bg_shop_00,,204002,999,10,2,403290314,1,326,-1,1,14,10000
1671,bg_shop_00,,204002,999,10,2,403290315,1,326,-1,1,15,10000
1672,bg_shop_00,,204002,999,10,2,403290316,1,326,-1,1,16,10000
1673,bg_shop_00,,402221112,1,999,2,403292001,1,327,-1,1,1,10000
1674,bg_shop_00,,402221112,1,999,2,403292002,1,327,-1,1,2,10000
1675,bg_shop_00,,402221112,1,999,2,403292003,1,327,-1,1,3,10000
1676,bg_shop_00,,402221112,1,999,2,403292004,1,327,-1,1,4,10000
1677,bg_shop_00,,402221112,100,40,2,402226670,1,327,-1,1,5,10000
1678,bg_shop_00,,402221112,999,40,2,402226671,1,327,-1,1,6,10000
1679,bg_shop_00,,402221112,999,40,2,402226672,1,327,-1,1,7,10000
1680,bg_shop_00,,402221112,999,40,2,402226673,1,327,-1,1,8,10000
1681,bg_shop_00,,402221112,999,40,2,402226674,1,327,-1,1,9,10000
1682,bg_shop_00,,402221112,10,10,2,402226675,1,327,-1,1,10,10000
1683,bg_shop_00,,402221112,50,10,2,402226676,1,327,-1,1,11,10000
1684,bg_shop_00,,402221112,999,10,2,402226677,1,327,-1,1,12,10000
1685,bg_shop_00,,402221112,999,10,2,402226678,1,327,-1,1,13,10000
1686,bg_shop_00,,402221112,9999,10,2,402226679,1,327,-1,1,14,10000
1687,bg_shop_00,,401081002,1,999,2,404015001,1,328,-1,1,1,10000
1688,bg_shop_00,,401081002,1,599,2,404015002,1,328,-1,1,2,10000
1689,bg_shop_00,,401081002,100,30,2,404015003,1,328,-1,1,3,10000
1690,bg_shop_00,,401081002,999,120,2,404015004,1,328,-1,1,4,10000
1691,bg_shop_00,,401081002,999,120,2,404015005,1,328,-1,1,5,10000
1692,bg_shop_00,,401081002,999,120,2,404015006,1,328,-1,1,6,10000
1693,bg_shop_00,,401081002,999,120,2,404015007,1,328,-1,1,7,10000
1694,bg_shop_00,,401081002,5,30,2,404015008,1,328,-1,1,8,10000
1695,bg_shop_00,,401081002,50,30,2,404015009,1,328,-1,1,9,10000
1696,bg_shop_00,,401081002,9999,30,2,404015010,1,328,-1,1,10,10000
1697,bg_shop_00,,9250010,40,75,2,404026201,1,329,-1,1,1,10000
1698,bg_shop_00,,9250010,200,15,2,404026202,1,329,-1,1,2,10000
1699,bg_shop_00,,9250010,10,200,2,404026203,1,329,-1,1,3,10000
1700,bg_shop_00,,9250010,1,550,2,404026204,1,329,-1,1,4,10000
1701,bg_shop_00,,9250010,1,550,2,404026205,1,329,-1,1,5,10000
1702,bg_shop_00,,9250010,1,550,2,404026206,1,329,-1,1,6,10000
1703,bg_shop_00,,9250010,1,550,2,404026207,1,329,-1,1,7,10000
1704,bg_shop_00,,9250010,4,120,2,404026208,1,329,-1,1,8,10000
1705,bg_shop_00,,9250010,4,120,2,404026209,1,329,-1,1,9,10000
1706,bg_shop_00,,9250010,4,120,2,404026210,1,329,-1,1,10,10000
1707,bg_shop_00,,9250010,4,120,2,404026211,1,329,-1,1,11,10000
1708,bg_shop_00,,9250010,100,50,2,404026212,1,329,-1,1,12,10000
1709,bg_shop_00,,9250010,100,30,2,404026213,1,329,-1,1,13,10000
1710,bg_shop_00,,9250010,10,25,2,404026214,1,329,-1,1,14,10000
1711,bg_shop_00,,9250010,1000,10,2,404026215,1,329,-1,1,15,10000
1712,bg_shop_00,,9250010,1000,10,2,404026216,1,329,-1,1,16,10000
1713,bg_shop_00,,9250010,1000,10,2,404026217,1,329,-1,1,17,10000
1714,bg_shop_00,,9250010,1000,10,2,404026218,1,329,-1,1,18,10000
1715,bg_shop_00,,401081002,1,999,2,404027501,1,330,-1,1,1,10000
1716,bg_shop_00,,401081002,100,30,2,404027502,1,330,-1,1,2,10000
1717,bg_shop_00,,401081002,999,120,2,404027503,1,330,-1,1,3,10000
1718,bg_shop_00,,401081002,999,120,2,404027504,1,330,-1,1,4,10000
1719,bg_shop_00,,401081002,999,120,2,404027505,1,330,-1,1,5,10000
1720,bg_shop_00,,401081002,999,120,2,404027506,1,330,-1,1,6,10000
1721,bg_shop_00,,401081002,10,30,2,404027507,1,330,-1,1,7,10000
1722,bg_shop_00,,401081002,50,30,2,404027508,1,330,-1,1,8,10000
1723,bg_shop_00,,401081002,999,30,2,404027509,1,330,-1,1,9,10000
1724,bg_shop_00,,204005,1,150,2,404029001,1,331,-1,1,1,-2500
1725,bg_shop_00,,204005,1,100,2,404029002,1,331,-1,1,2,10000
1726,bg_shop_00,,204005,20,30,2,404029003,1,331,-1,1,3,10000
1727,bg_shop_00,,204005,20,50,2,404029004,1,331,-1,1,4,10000
1728,bg_shop_00,,204005,20,10,2,404029005,1,331,-1,1,5,-2000
1729,bg_shop_00,,204005,20,8,2,404029006,1,331,-1,1,6,-2000
1730,bg_shop_00,,204005,20,20,2,404029007,1,331,-1,1,7,-2000
1731,bg_shop_00,,204005,20,5,2,404029008,1,331,-1,1,8,-6000
1732,bg_shop_00,,204005,20,5,2,404029009,1,331,-1,1,9,-6000
1733,bg_shop_00,,204005,20,10,2,404029010,1,331,-1,1,10,-6000
1734,bg_shop_00,,9250010,200,15,2,404020201,1,332,-1,1,1,10000
1735,bg_shop_00,,9250010,200,15,2,404020202,1,332,-1,1,2,10000
1736,bg_shop_00,,9250010,200,15,2,404020203,1,332,-1,1,3,10000
1737,bg_shop_00,,9250010,100,100,2,404020204,1,332,-1,1,4,10000
1738,bg_shop_00,,9250010,3,250,2,404020205,1,332,-1,1,5,10000
1739,bg_shop_00,,9250010,3,250,2,404020206,1,332,-1,1,6,10000
1740,bg_shop_00,,9250010,3,250,2,404020207,1,332,-1,1,7,10000
1741,bg_shop_00,,9250010,2,300,2,404020208,1,332,-1,1,8,10000
1742,bg_shop_00,,9250010,2,300,2,404020209,1,332,-1,1,9,10000
1743,bg_shop_00,,9250010,2,300,2,404020210,1,332,-1,1,10,10000
1744,bg_shop_00,,9250010,2,300,2,404020211,1,332,-1,1,11,10000
1745,bg_shop_00,,9250010,1000,20,2,404020212,1,332,-1,1,12,10000
1746,bg_shop_00,,9250010,1000,20,2,404020213,1,332,-1,1,13,10000
1747,bg_shop_00,,9250010,1000,20,2,404020214,1,332,-1,1,14,10000
1748,bg_shop_00,,9250010,1000,20,2,404020215,1,332,-1,1,15,10000
1749,bg_shop_00,,9250010,1000,10,2,404020216,1,332,-1,1,16,10000
1750,bg_shop_00,,9250010,1000,10,2,404020217,1,332,-1,1,17,10000
1751,bg_shop_00,,402221112,1,999,2,404030001,1,333,-1,1,1,10000
1752,bg_shop_00,,402221112,1,999,2,404030002,1,333,-1,1,2,10000
1753,bg_shop_00,,402221112,1,999,2,404030003,1,333,-1,1,3,10000
1754,bg_shop_00,,402221112,1,999,2,404030004,1,333,-1,1,4,10000
1755,bg_shop_00,,402221112,100,40,2,404030005,1,333,-1,1,5,10000
1756,bg_shop_00,,402221112,2,200,2,404030006,1,333,-1,1,6,10000
1757,bg_shop_00,,402221112,2,200,2,404030007,1,333,-1,1,7,10000
1758,bg_shop_00,,402221112,2,200,2,404030008,1,333,-1,1,8,10000
1759,bg_shop_00,,402221112,2,200,2,404030009,1,333,-1,1,9,10000
1760,bg_shop_00,,402221112,999,20,2,404030010,1,333,-1,1,10,10000
1761,bg_shop_00,,402221112,999,20,2,404030011,1,333,-1,1,11,10000
1762,bg_shop_00,,402221112,999,20,2,404030012,1,333,-1,1,12,10000
1763,bg_shop_00,,402221112,999,20,2,404030013,1,333,-1,1,13,10000
1764,bg_shop_00,,402221112,10,10,2,404030014,1,333,-1,1,14,10000
1765,bg_shop_00,,402221112,50,10,2,404030015,1,333,-1,1,15,10000
1766,bg_shop_00,,402221112,999,10,2,404030016,1,333,-1,1,16,10000
1767,bg_shop_00,,402221112,999,10,2,404030017,1,333,-1,1,17,10000
1768,bg_shop_00,,402221112,9999,10,2,404030018,1,333,-1,1,18,10000
1769,bg_shop_00,,9250010,200,20,2,404115001,1,334,-1,1,1,10000
1770,bg_shop_00,,9250010,200,20,2,404115002,1,334,-1,1,2,10000
1771,bg_shop_00,,9250010,200,20,2,404115003,1,334,-1,1,3,10000
1772,bg_shop_00,,9250010,40,75,2,404026201,1,334,-1,1,4,10000
1773,bg_shop_00,,9250010,200,15,2,404026202,1,334,-1,1,5,10000
1774,bg_shop_00,,9250010,10,200,2,404026203,1,334,-1,1,6,10000
1775,bg_shop_00,,9250010,1,550,2,404026204,1,334,-1,1,7,10000
1776,bg_shop_00,,9250010,1,550,2,404026205,1,334,-1,1,8,10000
1777,bg_shop_00,,9250010,1,550,2,404026206,1,334,-1,1,9,10000
1778,bg_shop_00,,9250010,1,550,2,404026207,1,334,-1,1,10,10000
1779,bg_shop_00,,9250010,4,120,2,404026208,1,334,-1,1,11,10000
1780,bg_shop_00,,9250010,4,120,2,404026209,1,334,-1,1,12,10000
1781,bg_shop_00,,9250010,4,120,2,404026210,1,334,-1,1,13,10000
1782,bg_shop_00,,9250010,4,120,2,404026211,1,334,-1,1,14,10000
1783,bg_shop_00,,9250010,100,50,2,404026212,1,334,-1,1,15,10000
1784,bg_shop_00,,9250010,100,30,2,404026213,1,334,-1,1,16,10000
1785,bg_shop_00,,9250010,10,25,2,404026214,1,334,-1,1,17,10000
1786,bg_shop_00,,9250010,1000,10,2,404026215,1,334,-1,1,18,10000
1787,bg_shop_00,,9250010,1000,10,2,404026216,1,334,-1,1,19,10000
1788,bg_shop_00,,9250010,1000,10,2,404026217,1,334,-1,1,20,10000
1789,bg_shop_00,,9250010,1000,10,2,404026218,1,334,-1,1,21,10000
1790,bg_shop_00,,204002,200,20,2,404115002,1,335,-1,1,1,10000
1791,bg_shop_00,,204002,300,15,2,403295401,1,335,-1,1,2,10000
1792,bg_shop_00,,204002,300,15,2,403295402,1,335,-1,1,3,10000
1793,bg_shop_00,,204002,100,100,2,403295403,1,335,-1,1,4,10000
1794,bg_shop_00,,204002,3,350,2,403295404,1,335,-1,1,5,10000
1795,bg_shop_00,,204002,3,350,2,403295405,1,335,-1,1,6,10000
1796,bg_shop_00,,204002,8,120,2,403295406,1,335,-1,1,7,10000
1797,bg_shop_00,,204002,8,120,2,403295407,1,335,-1,1,8,10000
1798,bg_shop_00,,204002,8,120,2,403295408,1,335,-1,1,9,10000
1799,bg_shop_00,,204002,8,120,2,403295409,1,335,-1,1,10,10000
1800,bg_shop_00,,204002,1000,10,2,403295410,1,335,-1,1,11,10000
1801,bg_shop_00,,204002,1000,10,2,403295411,1,335,-1,1,12,10000
1802,bg_shop_00,,204002,1000,10,2,403295412,1,335,-1,1,13,10000
1803,bg_shop_00,,204002,1000,10,2,403295413,1,335,-1,1,14,10000
1804,bg_shop_00,,204002,1000,5,2,403295414,1,335,-1,1,15,10000
1805,bg_shop_00,,204002,1000,5,2,403295415,1,335,-1,1,16,10000
1806,bg_shop_00,,204005,1,150,2,404119001,1,336,-1,1,1,-2500
1807,bg_shop_00,,204005,1,100,2,403295012,1,336,-1,1,2,10000
1808,bg_shop_00,,204005,20,30,2,403295013,1,336,-1,1,3,10000
1809,bg_shop_00,,204005,20,50,2,403295014,1,336,-1,1,4,10000
1810,bg_shop_00,,204005,20,10,2,403295015,1,336,-1,1,5,-2000
1811,bg_shop_00,,204005,20,8,2,403295016,1,336,-1,1,6,-2000
1812,bg_shop_00,,204005,20,20,2,403295017,1,336,-1,1,7,-2000
1813,bg_shop_00,,204005,20,5,2,403295018,1,336,-1,1,8,-6000
1814,bg_shop_00,,204005,20,5,2,403295019,1,336,-1,1,9,-6000
1815,bg_shop_00,,204005,20,10,2,403295020,1,336,-1,1,10,-6000
1816,bg_shop_00,,204002,200,40,2,404120301,1,337,-1,1,1,10000
1817,bg_shop_00,,204002,200,40,2,404120302,1,337,-1,1,2,10000
1818,bg_shop_00,,204002,200,40,2,404120303,1,337,-1,1,3,10000
1819,bg_shop_00,,204002,60,150,2,404120304,1,337,-1,1,4,10000
1820,bg_shop_00,,204002,5,350,2,404120305,1,337,-1,1,5,10000
1821,bg_shop_00,,204002,5,100,2,404120306,1,337,-1,1,6,10000
1822,bg_shop_00,,204002,4,100,2,404120307,1,337,-1,1,7,10000
1823,bg_shop_00,,204002,4,100,2,404120308,1,337,-1,1,8,10000
1824,bg_shop_00,,204002,4,100,2,404120309,1,337,-1,1,9,10000
1825,bg_shop_00,,204002,4,100,2,404120310,1,337,-1,1,10,10000
1826,bg_shop_00,,204002,999,10,2,404120311,1,337,-1,1,11,10000
1827,bg_shop_00,,204002,999,10,2,404120312,1,337,-1,1,12,10000
1828,bg_shop_00,,204002,999,1,2,404120313,1,337,-1,1,13,10000
1829,bg_shop_00,,401250002,30,600,2,404125201,-1,338,-1,1,1,10000
1830,bg_shop_00,,401250002,200,100,2,404125202,-1,338,-1,1,2,10000
1831,bg_shop_00,,401250002,200,100,2,404125203,-1,338,-1,1,3,10000
1832,bg_shop_00,,401250002,200,100,2,404125204,-1,338,-1,1,4,10000
1833,bg_shop_00,,401250002,100,400,2,404125205,-1,338,-1,1,5,10000
1834,bg_shop_00,,401250002,8,600,2,404125206,-1,338,-1,1,6,10000
1835,bg_shop_00,,401250002,8,600,2,404125207,-1,338,-1,1,7,10000
1836,bg_shop_00,,401250002,8,600,2,404125208,-1,338,-1,1,8,10000
404221835,bg_shop_00,,401250002,8,600,2,401052205,-1,338,-1,1,9,10000
404221836,bg_shop_00,,401250002,8,600,2,401052207,-1,338,-1,1,10,10000
1837,bg_shop_00,,401250002,1000,100,2,404125209,-1,338,-1,1,11,10000
1838,bg_shop_00,,401250002,1000,50,2,404125210,-1,338,-1,1,12,10000
1839,bg_shop_00,,401250002,500,50,2,404125211,-1,338,-1,1,13,10000
1840,bg_shop_00,,401081002,1,999,2,404127001,1,339,-1,1,1,10000
1841,bg_shop_00,,401081002,100,30,2,404127002,1,339,-1,1,2,10000
1842,bg_shop_00,,401081002,999,120,2,404127003,1,339,-1,1,3,10000
1843,bg_shop_00,,401081002,999,120,2,404127004,1,339,-1,1,4,10000
1844,bg_shop_00,,401081002,999,120,2,404127005,1,339,-1,1,5,10000
1845,bg_shop_00,,401081002,999,120,2,404127006,1,339,-1,1,6,10000
1846,bg_shop_00,,401081002,10,30,2,404127007,1,339,-1,1,7,10000
1847,bg_shop_00,,401081002,50,30,2,404127008,1,339,-1,1,8,10000
1848,bg_shop_00,,401081002,999,30,2,404127009,1,339,-1,1,9,10000
1849,bg_shop_00,,401081002,1,999,2,404127001,1,340,-1,1,1,10000
1850,bg_shop_00,,401081002,10,90,2,404127011,1,340,-1,1,2,10000
1851,bg_shop_00,,401081002,100,30,2,404127002,1,340,-1,1,2,10000
1852,bg_shop_00,,401081002,999,120,2,404127003,1,340,-1,1,3,10000
1853,bg_shop_00,,401081002,999,120,2,404127004,1,340,-1,1,4,10000
1854,bg_shop_00,,401081002,999,120,2,404127005,1,340,-1,1,5,10000
1855,bg_shop_00,,401081002,999,120,2,404127006,1,340,-1,1,6,10000
1856,bg_shop_00,,401081002,10,30,2,404127007,1,340,-1,1,7,10000
1857,bg_shop_00,,401081002,50,30,2,404127008,1,340,-1,1,8,10000
1858,bg_shop_00,,401081002,999,30,2,404127009,1,340,-1,1,9,10000
1859,bg_shop_00,,204002,200,15,2,404195101,1,341,-1,1,1,10000
1860,bg_shop_00,,204002,200,15,2,404195102,1,341,-1,1,2,10000
1861,bg_shop_00,,204002,200,15,2,404195103,1,341,-1,1,3,10000
1862,bg_shop_00,,204002,60,100,2,404195104,1,341,-1,1,4,10000
1863,bg_shop_00,,204002,3,450,2,404195105,1,341,-1,1,5,10000
1864,bg_shop_00,,204002,3,450,2,404195106,1,341,-1,1,6,10000
1865,bg_shop_00,,204002,3,450,2,404195107,1,341,-1,1,7,10000
1866,bg_shop_00,,204002,4,120,2,404195108,1,341,-1,1,8,10000
1867,bg_shop_00,,204002,4,120,2,404195109,1,341,-1,1,9,10000
1868,bg_shop_00,,204002,4,120,2,404195110,1,341,-1,1,10,10000
1869,bg_shop_00,,204002,4,120,2,404195111,1,341,-1,1,11,10000
1870,bg_shop_00,,204002,999,50,2,404195112,1,341,-1,1,12,10000
1871,bg_shop_00,,204002,999,5,2,404195113,1,341,-1,1,13,10000
1872,bg_shop_00,,204002,999,200,2,404195114,1,341,-1,1,14,10000
1873,bg_shop_00,,401081002,1,999,2,401121701,1,342,-1,1,1,10000
1874,bg_shop_00,,401081002,100,30,2,404127002,1,342,-1,1,2,10000
1875,bg_shop_00,,401081002,999,120,2,404127003,1,342,-1,1,3,10000
1876,bg_shop_00,,401081002,999,120,2,404127004,1,342,-1,1,4,10000
1877,bg_shop_00,,401081002,999,120,2,404127005,1,342,-1,1,5,10000
1878,bg_shop_00,,401081002,999,120,2,404127006,1,342,-1,1,6,10000
1879,bg_shop_00,,401081002,10,30,2,404127007,1,342,-1,1,7,10000
1880,bg_shop_00,,401081002,50,30,2,404127008,1,342,-1,1,8,10000
1881,bg_shop_00,,401081002,999,30,2,404127009,1,342,-1,1,9,10000
1882,bg_shop_00,,401250002,20,1000,2,404191201,-1,343,-1,1,1,10000
1883,bg_shop_00,,401250002,300,400,2,404191202,-1,343,-1,1,2,10000
1884,bg_shop_00,,401250002,100,300,2,404191203,-1,343,-1,1,3,10000
1885,bg_shop_00,,401250002,2,1000,2,404191204,-1,343,-1,1,4,10000
1886,bg_shop_00,,401250002,3,2000,2,404191205,-1,343,-1,1,5,10000
1887,bg_shop_00,,401250002,3,2000,2,404191206,-1,343,-1,1,6,10000
1888,bg_shop_00,,401250002,2,2000,2,404191207,-1,343,-1,1,7,10000
1889,bg_shop_00,,401250002,2,2000,2,404191208,-1,343,-1,1,8,10000
1890,bg_shop_00,,401250002,2,2000,2,404191209,-1,343,-1,1,9,10000
1891,bg_shop_00,,401250002,2,2000,2,404191210,-1,343,-1,1,10,10000
1892,bg_shop_00,,401250002,1000,250,2,404191211,-1,343,-1,1,11,10000
1893,bg_shop_00,,401250002,500,50,2,404191212,-1,343,-1,1,12,10000
1894,bg_shop_00,,401250002,1000,100,2,404191213,-1,343,-1,1,13,10000
1895,bg_shop_00,,401250002,2,2000,2,404191214,-1,343,-1,1,9,10000
1896,bg_shop_00,,401250002,2,2000,2,404191215,-1,343,-1,1,9,10000
1897,bg_shop_00,,401250002,2,2000,2,404191216,-1,343,-1,1,9,10000
1898,bg_shop_00,,401250002,2,2000,2,404191217,-1,343,-1,1,9,10000
1899,bg_shop_00,,404241006,1,4000,2,404240201,-1,344,-1,1,1,10000
1900,bg_shop_00,,404241006,50,600,2,404240202,-1,344,-1,1,2,10000
1901,bg_shop_00,,404241006,11,1500,2,404240203,-1,344,-1,1,3,10000
1902,bg_shop_00,,404241006,1,4000,2,404240204,-1,344,-1,1,4,10000
1903,bg_shop_00,,404241006,11,1500,2,404240205,-1,344,-1,1,5,10000
1904,bg_shop_00,,404241006,11,1500,2,404240206,-1,344,-1,1,6,10000
1905,bg_shop_00,,404241006,11,1500,2,404240207,-1,344,-1,1,7,10000
1906,bg_shop_00,,404241006,11,400,2,404240208,-1,344,-1,1,8,10000
1907,bg_shop_00,,404241006,11,400,2,404240209,-1,344,-1,1,9,10000
1908,bg_shop_00,,404241006,1000,50,2,404240210,-1,344,-1,1,10,10000
1909,bg_shop_00,,404241006,1000,100,2,404240211,-1,344,-1,1,11,10000
1910,bg_shop_00,,404241006,1000,100,2,404240212,-1,344,-1,1,12,10000
1911,bg_shop_00,,404241006,1000,400,2,404240213,-1,344,-1,1,13,10000
1912,bg_shop_00,,404241006,5000,300,2,404240214,-1,344,-1,1,14,10000
1913,bg_shop_00,,9250010,300,15,2,404250201,-1,345,-1,1,1,10000
1914,bg_shop_00,,9250010,300,15,2,404250202,-1,345,-1,1,2,10000
1915,bg_shop_00,,9250010,100,100,2,404250203,-1,345,-1,1,3,10000
1916,bg_shop_00,,9250010,3,250,2,404250204,-1,345,-1,1,4,10000
1917,bg_shop_00,,9250010,3,250,2,404250205,-1,345,-1,1,5,10000
1918,bg_shop_00,,9250010,4,300,2,404250206,-1,345,-1,1,6,10000
1919,bg_shop_00,,9250010,4,100,2,404250207,-1,345,-1,1,7,10000
1920,bg_shop_00,,9250010,4,100,2,404250208,-1,345,-1,1,8,10000
1921,bg_shop_00,,9250010,4,100,2,404250209,-1,345,-1,1,9,10000
1922,bg_shop_00,,9250010,4,100,2,404250210,-1,345,-1,1,10,10000
1923,bg_shop_00,,9250010,1000,50,2,404250211,-1,345,-1,1,11,10000
1924,bg_shop_00,,9250010,1000,20,2,404250212,-1,345,-1,1,12,10000
1925,bg_shop_00,,9250010,200,15,2,404256201,-1,346,-1,1,1,10000
1926,bg_shop_00,,9250010,200,15,2,404256202,-1,346,-1,1,2,10000
1927,bg_shop_00,,9250010,200,15,2,404256203,-1,346,-1,1,3,10000
1928,bg_shop_00,,9250010,100,100,2,404256204,-1,346,-1,1,4,10000
1929,bg_shop_00,,9250010,3,250,2,404256205,-1,346,-1,1,5,10000
1930,bg_shop_00,,9250010,3,250,2,404256206,-1,346,-1,1,6,10000
1931,bg_shop_00,,9250010,3,250,2,404256207,-1,346,-1,1,7,10000
1932,bg_shop_00,,9250010,4,300,2,404256208,-1,346,-1,1,8,10000
1933,bg_shop_00,,9250010,4,100,2,404256209,-1,346,-1,1,9,10000
1934,bg_shop_00,,9250010,4,100,2,404256210,-1,346,-1,1,10,10000
1935,bg_shop_00,,9250010,4,100,2,404256211,-1,346,-1,1,11,10000
1936,bg_shop_00,,9250010,4,100,2,404256212,-1,346,-1,1,12,10000
1937,bg_shop_00,,9250010,100,100,2,404256213,-1,346,-1,1,13,10000
1938,bg_shop_00,,9250010,1000,50,2,404256214,-1,346,-1,1,14,10000
1939,bg_shop_00,,9250010,1000,20,2,404256215,-1,346,-1,1,15,10000
1940,bg_shop_00,,401081002,1,999,2,401171790,1,347,-1,1,1,10000
1941,bg_shop_00,,401081002,100,30,2,404127002,1,347,-1,1,2,10000
1942,bg_shop_00,,401081002,999,120,2,404127003,1,347,-1,1,3,10000
1943,bg_shop_00,,401081002,999,120,2,404127004,1,347,-1,1,4,10000
1944,bg_shop_00,,401081002,999,120,2,404127005,1,347,-1,1,5,10000
1945,bg_shop_00,,401081002,999,120,2,404127006,1,347,-1,1,6,10000
1946,bg_shop_00,,401081002,10,30,2,404127007,1,347,-1,1,7,10000
1947,bg_shop_00,,401081002,50,30,2,404127008,1,347,-1,1,8,10000
1948,bg_shop_00,,401081002,999,30,2,404127009,1,347,-1,1,9,10000
1949,bg_shop_00,,204002,200,15,2,404295101,1,348,-1,1,1,10000
1950,bg_shop_00,,204002,200,15,2,404295102,1,348,-1,1,2,10000
1951,bg_shop_00,,204002,200,15,2,404295103,1,348,-1,1,3,10000
1952,bg_shop_00,,204002,60,100,2,404295104,1,348,-1,1,4,10000
1953,bg_shop_00,,204002,3,450,2,404295105,1,348,-1,1,5,10000
1954,bg_shop_00,,204002,3,450,2,404295106,1,348,-1,1,6,10000
1955,bg_shop_00,,204002,3,450,2,404295107,1,348,-1,1,7,10000
1956,bg_shop_00,,204002,4,120,2,404295108,1,348,-1,1,8,10000
1957,bg_shop_00,,204002,4,120,2,404295109,1,348,-1,1,9,10000
1958,bg_shop_00,,204002,4,120,2,404295110,1,348,-1,1,10,10000
1959,bg_shop_00,,204002,4,120,2,404295111,1,348,-1,1,11,10000
1960,bg_shop_00,,204002,999,50,2,404295112,1,348,-1,1,12,10000
1961,bg_shop_00,,204002,999,5,2,404295113,1,348,-1,1,13,10000
1962,bg_shop_00,,204002,999,200,2,404295114,1,348,-1,1,14,10000
1963,bg_shop_00,,401081002,1,999,2,403290301,1,349,-1,1,1,10000
1964,bg_shop_00,,401081002,100,30,2,404127002,1,349,-1,1,2,10000
1965,bg_shop_00,,401081002,999,120,2,404127003,1,349,-1,1,3,10000
1966,bg_shop_00,,401081002,999,120,2,404127004,1,349,-1,1,4,10000
1967,bg_shop_00,,401081002,999,120,2,404127005,1,349,-1,1,5,10000
1968,bg_shop_00,,401081002,999,120,2,404127006,1,349,-1,1,6,10000
1969,bg_shop_00,,401081002,10,30,2,404127007,1,349,-1,1,7,10000
1970,bg_shop_00,,401081002,50,30,2,404127008,1,349,-1,1,8,10000
1971,bg_shop_00,,401081002,999,30,2,404127009,1,349,-1,1,9,10000
1972,bg_shop_00,,204002,999,5,2,404295113,1,350,-1,1,13,10000
1973,bg_shop_00,,204002,200,20,2,404300001,1,351,-1,1,1,10000
1974,bg_shop_00,,204002,200,20,2,404300002,1,351,-1,1,2,10000
1975,bg_shop_00,,204002,200,20,2,404300003,1,351,-1,1,3,10000
1976,bg_shop_00,,204002,60,150,2,404300004,1,351,-1,1,4,10000
1977,bg_shop_00,,204002,30,100,2,404300005,1,351,-1,1,5,10000
1978,bg_shop_00,,204002,3,350,2,404300006,1,351,-1,1,6,10000
1979,bg_shop_00,,204002,3,350,2,404300007,1,351,-1,1,7,10000
1980,bg_shop_00,,204002,3,100,2,404300008,1,351,-1,1,8,10000
1981,bg_shop_00,,204002,3,100,2,404300009,1,351,-1,1,9,10000
1982,bg_shop_00,,204002,3,100,2,404300010,1,351,-1,1,10,10000
1983,bg_shop_00,,204002,3,100,2,404300011,1,351,-1,1,11,10000
1984,bg_shop_00,,204002,3,100,2,404300012,1,351,-1,1,12,10000
1985,bg_shop_00,,204002,3,100,2,404300013,1,351,-1,1,13,10000
1986,bg_shop_00,,204002,3,100,2,404300014,1,351,-1,1,14,10000
1987,bg_shop_00,,204002,999,10,2,404300015,1,351,-1,1,15,10000
1988,bg_shop_00,,204002,999,10,2,404300016,1,351,-1,1,16,10000
1989,bg_shop_00,,204002,999,1,2,404300017,1,351,-1,1,17,10000
1990,bg_shop_00,,9250010,300,15,2,405100201,-1,352,-1,1,1,10000
1991,bg_shop_00,,9250010,300,15,2,405100202,-1,352,-1,1,2,10000
1992,bg_shop_00,,9250010,100,100,2,405100203,-1,352,-1,1,3,10000
1993,bg_shop_00,,9250010,3,250,2,405100204,-1,352,-1,1,4,10000
1994,bg_shop_00,,9250010,4,300,2,405100205,-1,352,-1,1,5,10000
1995,bg_shop_00,,9250010,4,100,2,405100206,-1,352,-1,1,6,10000
1996,bg_shop_00,,9250010,4,100,2,405100207,-1,352,-1,1,7,10000
1997,bg_shop_00,,9250010,4,100,2,405100208,-1,352,-1,1,8,10000
1998,bg_shop_00,,9250010,4,100,2,405100209,-1,352,-1,1,9,10000
1999,bg_shop_00,,9250010,1000,50,2,405100210,-1,352,-1,1,10,10000
2000,bg_shop_00,,9250010,1000,20,2,405100211,-1,352,-1,1,11,10000
2001,bg_shop_00,,9250010,1000,20,2,405100212,-1,352,-1,1,12,10000
2002,bg_shop_00,,401081002,1,999,2,405130001,1,353,-1,1,1,10000
2003,bg_shop_00,,401081002,100,30,2,404127002,1,353,-1,1,2,10000
2004,bg_shop_00,,401081002,999,120,2,404127003,1,353,-1,1,3,10000
2005,bg_shop_00,,401081002,999,120,2,404127004,1,353,-1,1,4,10000
2006,bg_shop_00,,401081002,999,120,2,404127005,1,353,-1,1,5,10000
2007,bg_shop_00,,401081002,999,120,2,404127006,1,353,-1,1,6,10000
2008,bg_shop_00,,401081002,10,30,2,404127007,1,353,-1,1,7,10000
2009,bg_shop_00,,401081002,50,30,2,404127008,1,353,-1,1,8,10000
2010,bg_shop_00,,401081002,999,30,2,404127009,1,353,-1,1,9,10000
2011,bg_shop_00,,405151001,1,999,2,403087001,1,354,-1,1,1,10000
2012,bg_shop_00,,405151001,1,999,2,403087002,1,354,-1,1,2,10000
2013,bg_shop_00,,405151001,1,999,2,403087003,1,354,-1,1,3,10000
2014,bg_shop_00,,405151001,1,999,2,403087004,1,354,-1,1,4,10000
2015,bg_shop_00,,405151001,100,40,2,402226670,1,354,-1,1,5,10000
2016,bg_shop_00,,405151001,999,40,2,402226671,1,354,-1,1,6,10000
2017,bg_shop_00,,405151001,999,40,2,402226672,1,354,-1,1,7,10000
2018,bg_shop_00,,405151001,999,40,2,402226673,1,354,-1,1,8,10000
2019,bg_shop_00,,405151001,999,40,2,402226674,1,354,-1,1,9,10000
2020,bg_shop_00,,405151001,10,10,2,402226675,1,354,-1,1,10,10000
2021,bg_shop_00,,405151001,50,10,2,402226676,1,354,-1,1,11,10000
2022,bg_shop_00,,405151001,999,10,2,402226677,1,354,-1,1,12,10000
2023,bg_shop_00,,405151001,999,10,2,402226678,1,354,-1,1,13,10000
2024,bg_shop_00,,405151001,9999,10,2,402226679,1,354,-1,1,14,10000
2025,bg_shop_00,,204002,20,300,2,405175001,1,355,-1,1,1,10000
2026,bg_shop_00,,204002,200,15,2,405175002,1,355,-1,1,2,10000
2027,bg_shop_00,,204002,100,100,2,405175003,1,355,-1,1,3,10000
2028,bg_shop_00,,204002,3,150,2,405175004,1,355,-1,1,4,10000
2029,bg_shop_00,,204002,3,350,2,405175005,1,355,-1,1,5,10000
2030,bg_shop_00,,204002,3,350,2,405175006,1,355,-1,1,6,10000
2031,bg_shop_00,,204002,3,350,2,405175007,1,355,-1,1,7,10000
2032,bg_shop_00,,204002,3,100,2,405175008,1,355,-1,1,8,10000
2033,bg_shop_00,,204002,3,100,2,405175009,1,355,-1,1,9,10000
2034,bg_shop_00,,204002,3,100,2,405175010,1,355,-1,1,10,10000
2035,bg_shop_00,,204002,3,100,2,405175011,1,355,-1,1,11,10000
2036,bg_shop_00,,204002,999,50,2,405175012,1,355,-1,1,12,10000
2037,bg_shop_00,,204002,999,5,2,405175013,1,355,-1,1,13,10000
2038,bg_shop_00,,204002,999,200,2,405175014,1,355,-1,1,14,10000
2039,bg_shop_00,,402221112,1,999,2,404030001,1,356,-1,1,1,10000
2040,bg_shop_00,,402221112,1,999,2,404030002,1,356,-1,1,2,10000
2041,bg_shop_00,,402221112,1,999,2,404030003,1,356,-1,1,3,10000
2042,bg_shop_00,,402221112,1,999,2,404030004,1,356,-1,1,4,10000
2043,bg_shop_00,,402221112,40,40,2,404030005,1,356,-1,1,5,10000
2044,bg_shop_00,,402221112,2,200,2,404030006,1,356,-1,1,6,10000
2045,bg_shop_00,,402221112,2,200,2,404030007,1,356,-1,1,7,10000
2046,bg_shop_00,,402221112,2,200,2,404030008,1,356,-1,1,8,10000
2047,bg_shop_00,,402221112,2,200,2,404030009,1,356,-1,1,9,10000
2048,bg_shop_00,,402221112,999,20,2,404030010,1,356,-1,1,10,10000
2049,bg_shop_00,,402221112,999,20,2,404030011,1,356,-1,1,11,10000
2050,bg_shop_00,,402221112,999,20,2,404030012,1,356,-1,1,12,10000
2051,bg_shop_00,,402221112,10,10,2,404030014,1,356,-1,1,13,10000
2052,bg_shop_00,,402221112,50,10,2,404030015,1,356,-1,1,14,10000
2053,bg_shop_00,,402221112,9999,10,2,404030018,1,356,-1,1,15,10000
2054,bg_shop_00,,401250002,20,1000,2,405170201,-1,357,-1,1,1,10000
2055,bg_shop_00,,401250002,20,1000,2,405170202,-1,357,-1,1,2,10000
2056,bg_shop_00,,401250002,100,300,2,405170203,-1,357,-1,1,3,10000
2057,bg_shop_00,,401250002,300,400,2,405170204,-1,357,-1,1,4,10000
2058,bg_shop_00,,401250002,2,1000,2,405170205,-1,357,-1,1,5,10000
2059,bg_shop_00,,401250002,3,2000,2,405170206,-1,357,-1,1,6,10000
2060,bg_shop_00,,401250002,3,2000,2,405170207,-1,357,-1,1,7,10000
2061,bg_shop_00,,401250002,1000,250,2,405170208,-1,357,-1,1,8,10000
2062,bg_shop_00,,401250002,1000,50,2,405170209,-1,357,-1,1,9,10000
2063,bg_shop_00,,401250002,1000,100,2,405170210,-1,357,-1,1,10,10000
2064,bg_shop_00,,204005,20,50,2,405236201,1,358,-1,1,1,10000
2065,bg_shop_00,,204005,50,20,2,405236202,1,358,-1,1,2,10000
2066,bg_shop_00,,204005,200,5,2,405236203,1,358,-1,1,3,10000
2067,bg_shop_00,,204005,200,5,2,405236204,1,358,-1,1,4,10000
2068,bg_shop_00,,204005,200,5,2,405236205,1,358,-1,1,5,10000
2069,bg_shop_00,,204005,10,50,2,405236206,1,358,-1,1,6,10000
2070,bg_shop_00,,204005,100,5,2,405236207,1,358,-1,1,7,10000
2071,bg_shop_00,,204005,20,40,2,405236208,1,358,-1,1,8,10000
406052071,bg_shop_00,,204005,5,100,2,406052071,1,358,-1,1,9,10000
2072,bg_shop_00,,405151001,100,4,2,405239101,1,359,-1,1,1,10000
2073,bg_shop_00,,405151001,100,4,2,405239102,1,359,-1,1,2,10000
2074,bg_shop_00,,405151001,100,4,2,405239103,1,359,-1,1,3,10000
2075,bg_shop_00,,405151001,100,4,2,405239104,1,359,-1,1,4,10000
2076,bg_shop_00,,405151001,100,4,2,405239105,1,359,-1,1,5,10000
2077,bg_shop_00,,405151001,100,4,2,405239106,1,359,-1,1,6,10000
2078,bg_shop_00,,405151001,100,4,2,405239107,1,359,-1,1,7,10000
2079,bg_shop_00,,405151001,100,4,2,405239108,1,359,-1,1,8,10000
406032079,bg_shop_00,,405151001,100,4,2,9260203,1,359,-1,1,9,10000
2080,bg_shop_00,,405151001,3,175,2,405239109,1,359,-1,1,10,10000
2081,bg_shop_00,,405151001,3,175,2,405239110,1,359,-1,1,11,10000
2082,bg_shop_00,,405151001,3,175,2,405239111,1,359,-1,1,12,10000
2083,bg_shop_00,,405151001,3,175,2,405239112,1,359,-1,1,13,10000
2084,bg_shop_00,,405151001,500,3,2,405239113,1,359,-1,1,14,10000
2085,bg_shop_00,,405151001,300,2,2,405239114,1,359,-1,1,15,10000
2086,bg_shop_00,,405151001,1000,1,2,405239115,1,359,-1,1,16,10000
2087,bg_shop_00,,204002,20,300,2,405240301,1,360,-1,1,1,10000
2088,bg_shop_00,,204002,200,15,2,405240302,1,360,-1,1,4,10000
2089,bg_shop_00,,204002,100,100,2,405240303,1,360,-1,1,5,10000
2090,bg_shop_00,,204002,3,150,2,405240304,1,360,-1,1,6,10000
2091,bg_shop_00,,204002,3,350,2,405240305,1,360,-1,1,7,10000
2092,bg_shop_00,,204002,3,350,2,405240306,1,360,-1,1,8,10000
2093,bg_shop_00,,204002,3,350,2,405240307,1,360,-1,1,9,10000
2094,bg_shop_00,,204002,3,100,2,405240308,1,360,-1,1,10,10000
2095,bg_shop_00,,204002,3,100,2,405240309,1,360,-1,1,11,10000
2096,bg_shop_00,,204002,3,100,2,405240310,1,360,-1,1,12,10000
2097,bg_shop_00,,204002,3,100,2,405240311,1,360,-1,1,13,10000
2098,bg_shop_00,,204002,999,50,2,405240312,1,360,-1,1,14,10000
2099,bg_shop_00,,204002,999,5,2,405240313,1,360,-1,1,15,10000
2100,bg_shop_00,,204002,999,200,2,405240314,1,360,-1,1,16,10000
405272101,bg_shop_00,,204002,20,300,2,11091103,1,360,-1,1,2,10000
405272102,bg_shop_00,,204002,20,300,2,405175001,1,360,-1,1,3,10000
2101,bg_shop_00,,9250010,20,300,2,405247201,-1,361,-1,1,1,10000
2102,bg_shop_00,,9250010,200,15,2,405247202,-1,361,-1,1,2,10000
2103,bg_shop_00,,9250010,100,100,2,405247203,-1,361,-1,1,3,10000
2104,bg_shop_00,,9250010,3,250,2,405247204,-1,361,-1,1,4,10000
2105,bg_shop_00,,9250010,3,250,2,405247205,-1,361,-1,1,5,10000
2106,bg_shop_00,,9250010,3,250,2,405247206,-1,361,-1,1,6,10000
2107,bg_shop_00,,9250010,3,250,2,405247207,-1,361,-1,1,7,10000
2108,bg_shop_00,,9250010,3,100,2,405247208,-1,361,-1,1,8,10000
2109,bg_shop_00,,9250010,3,100,2,405247209,-1,361,-1,1,9,10000
2110,bg_shop_00,,9250010,3,100,2,405247210,-1,361,-1,1,10,10000
2111,bg_shop_00,,9250010,3,100,2,405247211,-1,361,-1,1,11,10000
2112,bg_shop_00,,9250010,1000,50,2,405247212,-1,361,-1,1,12,10000
2113,bg_shop_00,,9250010,1000,20,2,405247213,-1,361,-1,1,13,10000
2114,bg_shop_00,,402221112,1,999,2,405247601,1,362,-1,1,1,10000
2115,bg_shop_00,,402221112,1,999,2,405247602,1,362,-1,1,2,10000
2116,bg_shop_00,,402221112,1,999,2,405247603,1,362,-1,1,3,10000
2117,bg_shop_00,,402221112,1,999,2,405247604,1,362,-1,1,4,10000
2118,bg_shop_00,,402221112,2,200,2,405247605,1,362,-1,1,5,10000
2119,bg_shop_00,,402221112,2,200,2,405247606,1,362,-1,1,6,10000
2120,bg_shop_00,,402221112,2,200,2,405247607,1,362,-1,1,7,10000
2121,bg_shop_00,,402221112,2,200,2,405247608,1,362,-1,1,8,10000
2122,bg_shop_00,,402221112,40,40,2,405247609,1,362,-1,1,9,10000
2123,bg_shop_00,,402221112,999,20,2,405247610,1,362,-1,1,10,10000
2124,bg_shop_00,,402221112,999,20,2,405247611,1,362,-1,1,11,10000
2125,bg_shop_00,,402221112,999,20,2,405247612,1,362,-1,1,12,10000
2126,bg_shop_00,,402221112,999,20,2,405247613,1,362,-1,1,13,10000
2127,bg_shop_00,,402221112,10,10,2,405247614,1,362,-1,1,14,10000
2128,bg_shop_00,,402221112,50,10,2,405247615,1,362,-1,1,15,10000
2129,bg_shop_00,,402221112,999,10,2,405247616,1,362,-1,1,16,10000
2130,bg_shop_00,,405280002,1,799,2,405281301,1,363,-1,1,1,10000
2131,bg_shop_00,,405280002,1,799,2,405281302,1,363,-1,1,2,10000
2132,bg_shop_00,,405280002,100,20,2,405281303,1,363,-1,1,3,10000
2133,bg_shop_00,,405280002,11,250,2,405281304,1,363,-1,1,4,10000
2134,bg_shop_00,,405280002,11,80,2,405281305,1,363,-1,1,5,10000
2135,bg_shop_00,,405280002,9,120,2,405281306,1,363,-1,1,6,10000
2136,bg_shop_00,,405280002,4,150,2,405281307,1,363,-1,1,7,10000
2137,bg_shop_00,,405280002,100,50,2,405281308,1,363,-1,1,8,10000
2138,bg_shop_00,,405280002,100,50,2,405281309,1,363,-1,1,9,10000
2139,bg_shop_00,,405280002,100,50,2,405281310,1,363,-1,1,10,10000
2140,bg_shop_00,,405280002,50,50,2,405281311,1,363,-1,1,11,10000
2141,bg_shop_00,,405280002,500,10,2,405281312,1,363,-1,1,12,10000
2142,bg_shop_00,,401250002,20,1500,2,405306201,-1,364,-1,1,1,10000
2143,bg_shop_00,,401250002,300,150,2,405306202,-1,364,-1,1,2,10000
2144,bg_shop_00,,401250002,50,400,2,405306203,-1,364,-1,1,3,10000
2145,bg_shop_00,,401250002,100,300,2,405306204,-1,364,-1,1,4,10000
2146,bg_shop_00,,401250002,3,1000,2,405306205,-1,364,-1,1,5,10000
2147,bg_shop_00,,401250002,3,2500,2,405306206,-1,364,-1,1,6,10000
2148,bg_shop_00,,401250002,3,2500,2,405306207,-1,364,-1,1,7,10000
2149,bg_shop_00,,401250002,3,2500,2,405306208,-1,364,-1,1,8,10000
2150,bg_shop_00,,401250002,3,600,2,405306209,-1,364,-1,1,9,10000
2151,bg_shop_00,,401250002,3,600,2,405306210,-1,364,-1,1,10,10000
2152,bg_shop_00,,401250002,3,600,2,405306211,-1,364,-1,1,11,10000
2153,bg_shop_00,,401250002,3,600,2,405306212,-1,364,-1,1,12,10000
2154,bg_shop_00,,401250002,1000,120,2,405306213,-1,364,-1,1,13,10000
2155,bg_shop_00,,401250002,1000,100,2,405306214,-1,364,-1,1,14,10000
2156,bg_shop_00,,401250002,1000,80,2,405306215,-1,364,-1,1,15,10000
2157,bg_shop_00,,9250010,30,150,2,405301201,-1,365,-1,1,1,10000
2158,bg_shop_00,,9250010,30,150,2,405301202,-1,365,-1,1,2,10000
2159,bg_shop_00,,9250010,30,150,2,405301203,-1,365,-1,1,3,10000
2160,bg_shop_00,,9250010,30,150,2,405301204,-1,365,-1,1,4,10000
2161,bg_shop_00,,9250010,30,150,2,405301205,-1,365,-1,1,5,10000
2162,bg_shop_00,,9250010,30,150,2,405301206,-1,365,-1,1,6,10000
2163,bg_shop_00,,9250010,30,150,2,405301207,-1,365,-1,1,7,10000
2164,bg_shop_00,,9250010,30,150,2,405301208,-1,365,-1,1,8,10000
2165,bg_shop_00,,9250010,100,100,2,405301209,-1,365,-1,1,9,10000
2166,bg_shop_00,,9250010,3,250,2,405301210,-1,365,-1,1,10,10000
2167,bg_shop_00,,9250010,4,300,2,405301211,-1,365,-1,1,11,10000
2168,bg_shop_00,,9250010,8,100,2,405301212,-1,365,-1,1,12,10000
2169,bg_shop_00,,9250010,8,100,2,405301213,-1,365,-1,1,13,10000
2170,bg_shop_00,,9250010,8,100,2,405301214,-1,365,-1,1,14,10000
2171,bg_shop_00,,9250010,8,100,2,405301215,-1,365,-1,1,15,10000
2172,bg_shop_00,,9250010,1000,50,2,405301216,-1,365,-1,1,16,10000
2173,bg_shop_00,,9250010,1000,20,2,405301217,-1,365,-1,1,17,10000
2174,bg_shop_00,,9250010,1000,20,2,405301218,-1,365,-1,1,18,10000
2175,bg_shop_00,,204002,200,40,2,406066001,1,366,-1,1,1,10000
2176,bg_shop_00,,204002,200,40,2,406066002,1,366,-1,1,2,10000
2177,bg_shop_00,,204002,200,40,2,406066003,1,366,-1,1,3,10000
2178,bg_shop_00,,204002,100,100,2,406066004,1,366,-1,1,4,10000
2179,bg_shop_00,,204002,3,250,2,406066005,1,366,-1,1,5,10000
2180,bg_shop_00,,204002,4,300,2,406066006,1,366,-1,1,6,10000
2181,bg_shop_00,,204002,8,100,2,406066007,1,366,-1,1,7,10000
2182,bg_shop_00,,204002,8,100,2,406066008,1,366,-1,1,8,10000
2183,bg_shop_00,,204002,8,100,2,406066009,1,366,-1,1,9,10000
2184,bg_shop_00,,204002,8,100,2,406066010,1,366,-1,1,10,10000
2185,bg_shop_00,,204002,999,50,2,406066011,1,366,-1,1,11,10000
2186,bg_shop_00,,204002,999,5,2,406066012,1,366,-1,1,12,10000
2187,bg_shop_00,,204002,999,200,2,406066013,1,366,-1,1,13,10000
2188,bg_shop_00,,204002,15,300,2,406070301,1,367,-1,1,1,10000
2189,bg_shop_00,,204002,15,300,2,406070302,1,367,-1,1,2,10000
2190,bg_shop_00,,204002,60,150,2,406070303,1,367,-1,1,3,10000
2191,bg_shop_00,,204002,3,250,2,406070304,1,367,-1,1,4,10000
2192,bg_shop_00,,204002,4,500,2,406070305,1,367,-1,1,5,10000
2193,bg_shop_00,,204002,8,150,2,406070306,1,367,-1,1,6,10000
2194,bg_shop_00,,204002,8,150,2,406070307,1,367,-1,1,7,10000
2195,bg_shop_00,,204002,8,150,2,406070308,1,367,-1,1,8,10000
2196,bg_shop_00,,204002,8,150,2,406070309,1,367,-1,1,9,10000
2197,bg_shop_00,,204002,15,300,2,406070310,1,367,-1,1,10,10000
2198,bg_shop_00,,204002,15,300,2,406070311,1,367,-1,1,11,10000
2199,bg_shop_00,,204002,15,300,2,406070312,1,367,-1,1,12,10000
2200,bg_shop_00,,204002,15,300,2,406070313,1,367,-1,1,13,10000
2201,bg_shop_00,,204002,15,300,2,406070314,1,367,-1,1,14,10000
2202,bg_shop_00,,204002,15,300,2,406070315,1,367,-1,1,15,10000
2203,bg_shop_00,,204002,15,300,2,406070316,1,367,-1,1,16,10000
2204,bg_shop_00,,204002,999,200,2,406070317,1,367,-1,1,17,10000
2205,bg_shop_00,,204002,999,50,2,406070318,1,367,-1,1,18,10000
2206,bg_shop_00,,204002,999,5,2,406070319,1,367,-1,1,19,10000
2207,bg_shop_00,,204005,20,50,2,406125001,1,368,-1,1,1,10000
2208,bg_shop_00,,204005,20,30,2,406125002,1,368,-1,1,2,10000
2209,bg_shop_00,,204005,20,40,2,406125003,1,368,-1,1,3,10000
2210,bg_shop_00,,204005,50,20,2,406125004,1,368,-1,1,4,10000
2211,bg_shop_00,,204005,5,100,2,406125005,1,368,-1,1,5,10000
2212,bg_shop_00,,204005,10,200,2,406125006,1,368,-1,1,6,10000
2213,bg_shop_00,,204005,10,50,2,406125007,1,368,-1,1,7,10000
2214,bg_shop_00,,204005,100,5,2,406125008,1,368,-1,1,8,10000
2215,bg_shop_00,,204005,200,5,2,406125009,1,368,-1,1,9,10000
2216,bg_shop_00,,204005,200,5,2,406125010,1,368,-1,1,10,10000
2217,bg_shop_00,,204005,200,5,2,406125011,1,368,-1,1,11,10000
2218,bg_shop_00,,204005,100,3,2,406125012,1,368,-1,1,12,10000
2219,bg_shop_00,,204005,20,50,2,406125001,1,369,-1,1,1,10000
2220,bg_shop_00,,204005,20,30,2,406125101,1,369,-1,1,2,10000
2221,bg_shop_00,,204005,20,40,2,406125003,1,369,-1,1,3,10000
2222,bg_shop_00,,204005,50,20,2,406125004,1,369,-1,1,4,10000
2223,bg_shop_00,,204005,5,100,2,406125005,1,369,-1,1,5,10000
2224,bg_shop_00,,204005,10,200,2,406125006,1,369,-1,1,6,10000
2225,bg_shop_00,,204005,10,50,2,406125007,1,369,-1,1,7,10000
2226,bg_shop_00,,204005,100,5,2,406125008,1,369,-1,1,8,10000
2227,bg_shop_00,,204005,200,5,2,406125009,1,369,-1,1,9,10000
2228,bg_shop_00,,204005,200,5,2,406125010,1,369,-1,1,10,10000
2229,bg_shop_00,,204005,200,5,2,406125011,1,369,-1,1,11,10000
2230,bg_shop_00,,204005,100,3,2,406125012,1,369,-1,1,12,10000
2231,bg_shop_00,,204005,20,50,2,406125001,1,370,-1,1,1,10000
2232,bg_shop_00,,204005,20,30,2,406125102,1,370,-1,1,2,10000
2233,bg_shop_00,,204005,20,40,2,406125003,1,370,-1,1,3,10000
2234,bg_shop_00,,204005,50,20,2,406125004,1,370,-1,1,4,10000
2235,bg_shop_00,,204005,5,100,2,406125005,1,370,-1,1,5,10000
2236,bg_shop_00,,204005,10,200,2,406125006,1,370,-1,1,6,10000
2237,bg_shop_00,,204005,10,50,2,406125007,1,370,-1,1,7,10000
2238,bg_shop_00,,204005,100,5,2,406125008,1,370,-1,1,8,10000
2239,bg_shop_00,,204005,200,5,2,406125009,1,370,-1,1,9,10000
2240,bg_shop_00,,204005,200,5,2,406125010,1,370,-1,1,10,10000
2241,bg_shop_00,,204005,200,5,2,406125011,1,370,-1,1,11,10000
2242,bg_shop_00,,204005,100,3,2,406125012,1,370,-1,1,12,10000
2243,bg_shop_00,,204005,20,50,2,406125001,1,371,-1,1,1,10000
2244,bg_shop_00,,204005,20,30,2,406125103,1,371,-1,1,2,10000
2245,bg_shop_00,,204005,20,40,2,406125003,1,371,-1,1,3,10000
2246,bg_shop_00,,204005,50,20,2,406125004,1,371,-1,1,4,10000
2247,bg_shop_00,,204005,5,100,2,406125005,1,371,-1,1,5,10000
2248,bg_shop_00,,204005,10,200,2,406125006,1,371,-1,1,6,10000
2249,bg_shop_00,,204005,10,50,2,406125007,1,371,-1,1,7,10000
2250,bg_shop_00,,204005,100,5,2,406125008,1,371,-1,1,8,10000
2251,bg_shop_00,,204005,200,5,2,406125009,1,371,-1,1,9,10000
2252,bg_shop_00,,204005,200,5,2,406125010,1,371,-1,1,10,10000
2253,bg_shop_00,,204005,200,5,2,406125011,1,371,-1,1,11,10000
2254,bg_shop_00,,204005,100,3,2,406125012,1,371,-1,1,12,10000
2255,bg_shop_00,,405151001,100,4,2,406145001,1,372,-1,1,1,10000
2256,bg_shop_00,,405151001,100,4,2,406145002,1,372,-1,1,2,10000
2257,bg_shop_00,,405151001,100,4,2,406145003,1,372,-1,1,3,10000
2258,bg_shop_00,,405151001,100,4,2,406145004,1,372,-1,1,4,10000
2259,bg_shop_00,,405151001,100,4,2,406145005,1,372,-1,1,5,10000
2260,bg_shop_00,,405151001,200,4,2,406145006,1,372,-1,1,6,10000
2261,bg_shop_00,,405151001,3,175,2,406145007,1,372,-1,1,7,10000
2262,bg_shop_00,,405151001,3,175,2,406145008,1,372,-1,1,8,10000
2263,bg_shop_00,,405151001,3,175,2,406145009,1,372,-1,1,9,10000
2264,bg_shop_00,,405151001,3,175,2,406145010,1,372,-1,1,10,10000
2265,bg_shop_00,,405151001,500,3,2,406145011,1,372,-1,1,11,10000
2266,bg_shop_00,,405151001,300,2,2,406145012,1,372,-1,1,12,10000
2267,bg_shop_00,,405151001,1000,1,2,406145013,1,372,-1,1,13,10000
2268,bg_shop_00,,9250010,20,300,2,406146201,-1,373,-1,1,1,10000
2269,bg_shop_00,,9250010,200,30,2,406146202,-1,373,-1,1,2,10000
2270,bg_shop_00,,9250010,200,30,2,406146203,-1,373,-1,1,3,10000
2271,bg_shop_00,,9250010,200,15,2,406146204,-1,373,-1,1,4,10000
2272,bg_shop_00,,9250010,100,100,2,406146205,-1,373,-1,1,5,10000
2273,bg_shop_00,,9250010,3,250,2,406146206,-1,373,-1,1,6,10000
2274,bg_shop_00,,9250010,4,300,2,406146207,-1,373,-1,1,7,10000
2275,bg_shop_00,,9250010,4,300,2,406146208,-1,373,-1,1,8,10000
2276,bg_shop_00,,9250010,4,300,2,406146209,-1,373,-1,1,9,10000
2277,bg_shop_00,,9250010,3,250,2,406146210,-1,373,-1,1,10,10000
2278,bg_shop_00,,9250010,3,250,2,406146211,-1,373,-1,1,11,10000
2279,bg_shop_00,,9250010,1000,50,2,406146212,-1,373,-1,1,12,10000
2280,bg_shop_00,,9250010,1000,20,2,406146213,-1,373,-1,1,13,10000
2281,bg_shop_00,,402221112,1,999,2,406146601,1,374,-1,1,1,10000
2282,bg_shop_00,,402221112,1,999,2,406146602,1,374,-1,1,2,10000
2283,bg_shop_00,,402221112,1,999,2,406146603,1,374,-1,1,3,10000
2284,bg_shop_00,,402221112,1,999,2,406146604,1,374,-1,1,4,10000
2285,bg_shop_00,,402221112,40,40,2,406146605,1,374,-1,1,5,10000
2286,bg_shop_00,,402221112,4,200,2,406146606,1,374,-1,1,6,10000
2287,bg_shop_00,,402221112,4,100,2,406146607,1,374,-1,1,7,10000
2288,bg_shop_00,,402221112,4,100,2,406146608,1,374,-1,1,8,10000
2289,bg_shop_00,,402221112,4,100,2,406146609,1,374,-1,1,9,10000
2290,bg_shop_00,,402221112,4,100,2,406146610,1,374,-1,1,10,10000
2291,bg_shop_00,,402221112,999,20,2,406146611,1,374,-1,1,11,10000
2292,bg_shop_00,,402221112,50,10,2,406146612,1,374,-1,1,12,10000
2293,bg_shop_00,,402221112,9999,10,2,406146613,1,374,-1,1,13,10000
2294,bg_shop_00,,401250002,20,1000,2,406141201,-1,375,-1,1,1,10000
2295,bg_shop_00,,401250002,20,1000,2,406141202,-1,375,-1,1,2,10000
2296,bg_shop_00,,401250002,20,1000,2,406141203,-1,375,-1,1,3,10000
2297,bg_shop_00,,401250002,100,300,2,406141204,-1,375,-1,1,4,10000
2298,bg_shop_00,,401250002,300,400,2,406141205,-1,375,-1,1,5,10000
2299,bg_shop_00,,401250002,2,1000,2,406141206,-1,375,-1,1,6,10000
2300,bg_shop_00,,401250002,4,1500,2,406141207,-1,375,-1,1,7,10000
2301,bg_shop_00,,401250002,4,1500,2,406141208,-1,375,-1,1,8,10000
2302,bg_shop_00,,401250002,4,1500,2,406141209,-1,375,-1,1,9,10000
2303,bg_shop_00,,401250002,3,2000,2,406141210,-1,375,-1,1,10,10000
2304,bg_shop_00,,401250002,3,2000,2,406141211,-1,375,-1,1,11,10000
2305,bg_shop_00,,401250002,1000,250,2,406141212,-1,375,-1,1,12,10000
2306,bg_shop_00,,401250002,1000,100,2,406141213,-1,375,-1,1,13,10000
2307,bg_shop_00,,405151001,100,4,2,405239101,1,376,-1,1,1,10000
2308,bg_shop_00,,405151001,100,4,2,405239102,1,376,-1,1,2,10000
2309,bg_shop_00,,405151001,100,4,2,405239103,1,376,-1,1,3,10000
2310,bg_shop_00,,405151001,100,4,2,405239104,1,376,-1,1,4,10000
2311,bg_shop_00,,405151001,100,4,2,405239105,1,376,-1,1,5,10000
2312,bg_shop_00,,405151001,100,4,2,405239107,1,376,-1,1,7,10000
2313,bg_shop_00,,405151001,100,4,2,405239108,1,376,-1,1,8,10000
2314,bg_shop_00,,405151001,100,4,2,9260203,1,376,-1,1,9,10000
2315,bg_shop_00,,405151001,3,175,2,405239109,1,376,-1,1,10,10000
2316,bg_shop_00,,405151001,3,175,2,405239110,1,376,-1,1,11,10000
2317,bg_shop_00,,405151001,3,175,2,405239111,1,376,-1,1,12,10000
2318,bg_shop_00,,405151001,3,175,2,405239112,1,376,-1,1,13,10000
2319,bg_shop_00,,405151001,500,3,2,405239113,1,376,-1,1,14,10000
2320,bg_shop_00,,405151001,300,2,2,405239114,1,376,-1,1,15,10000
2321,bg_shop_00,,405151001,1000,1,2,405239115,1,376,-1,1,16,10000
2322,bg_shop_00,,204005,20,50,2,406125001,1,377,-1,1,1,10000
2323,bg_shop_00,,204005,20,30,2,405239107,1,377,-1,1,2,10000
2324,bg_shop_00,,204005,20,40,2,406125003,1,377,-1,1,3,10000
2325,bg_shop_00,,204005,50,20,2,406125004,1,377,-1,1,4,10000
2326,bg_shop_00,,204005,5,100,2,406125005,1,377,-1,1,5,10000
2327,bg_shop_00,,204005,10,200,2,406125006,1,377,-1,1,6,10000
2328,bg_shop_00,,204005,10,50,2,406125007,1,377,-1,1,7,10000
2329,bg_shop_00,,204005,100,5,2,406125008,1,377,-1,1,8,10000
2330,bg_shop_00,,204005,200,5,2,406125009,1,377,-1,1,9,10000
2331,bg_shop_00,,204005,200,5,2,406125010,1,377,-1,1,10,10000
2332,bg_shop_00,,204005,200,5,2,406125011,1,377,-1,1,11,10000
2333,bg_shop_00,,204005,100,3,2,406125012,1,377,-1,1,12,10000
2334,bg_shop_00,,204005,1,150,2,403145001,1,378,-1,1,7,-2500
2335,bg_shop_00,,204005,1,100,2,403145002,1,378,-1,1,8,10000
2336,bg_shop_00,,204005,20,30,2,403145003,1,378,-1,1,9,10000
2337,bg_shop_00,,204005,20,50,2,403145004,1,378,-1,1,10,10000
2338,bg_shop_00,,204005,20,10,2,403145005,1,378,-1,1,11,-2000
2339,bg_shop_00,,204005,20,8,2,403145006,1,378,-1,1,12,-2000
2340,bg_shop_00,,204005,20,20,2,403145007,1,378,-1,1,13,-2000
2341,bg_shop_00,,204005,20,5,2,403145008,1,378,-1,1,14,-6000
2342,bg_shop_00,,204005,20,5,2,403145009,1,378,-1,1,15,-6000
2343,bg_shop_00,,204005,20,10,2,403145010,1,378,-1,1,16,-6000
2344,bg_shop_00,,204005,10,30,2,406245001,1,378,-1,1,1,-6000
234401,bg_shop_00,,204005,100,3,2,604016001,1,378,-1,1,2,-6000
234402,bg_shop_00,,204005,50,15,2,512236002,1,378,-1,1,3,10000
234403,bg_shop_00,,204005,100,3,2,512236003,1,378,-1,1,4,10000
234404,bg_shop_00,,204005,30,15,2,512236004,1,378,-1,1,5,10000
234405,bg_shop_00,,204005,10,30,2,505085002,1,378,-1,1,6,10000
2345,bg_shop_00,,204005,1,150,2,403225101,1,379,-1,1,7,-2500
2346,bg_shop_00,,204005,1,100,2,403225102,1,379,-1,1,8,10000
2347,bg_shop_00,,204005,20,30,2,403145003,1,379,-1,1,9,10000
2348,bg_shop_00,,204005,20,50,2,403145004,1,379,-1,1,10,10000
2349,bg_shop_00,,204005,20,10,2,403145005,1,379,-1,1,11,-2000
2350,bg_shop_00,,204005,20,8,2,403145006,1,379,-1,1,12,-2000
2351,bg_shop_00,,204005,20,20,2,403145007,1,379,-1,1,13,-2000
2352,bg_shop_00,,204005,20,5,2,403145008,1,379,-1,1,14,-6000
2353,bg_shop_00,,204005,20,5,2,403145009,1,379,-1,1,15,-6000
2354,bg_shop_00,,204005,20,10,2,403145010,1,379,-1,1,16,-6000
2355,bg_shop_00,,204005,10,30,2,406245001,1,379,-1,1,1,-6000
235501,bg_shop_00,,204005,100,3,2,604016001,1,379,-1,1,2,-6000
235502,bg_shop_00,,204005,50,15,2,512236002,1,379,-1,1,3,10000
235503,bg_shop_00,,204005,100,3,2,512236003,1,379,-1,1,4,10000
235504,bg_shop_00,,204005,30,15,2,512236004,1,379,-1,1,5,10000
235505,bg_shop_00,,204005,10,30,2,505085002,1,379,-1,1,6,10000
2356,bg_shop_00,,204005,1,150,2,403295011,1,380,-1,1,7,-2500
2357,bg_shop_00,,204005,1,100,2,403295012,1,380,-1,1,8,10000
2358,bg_shop_00,,204005,20,30,2,403295013,1,380,-1,1,9,10000
2359,bg_shop_00,,204005,20,50,2,403295014,1,380,-1,1,10,10000
2360,bg_shop_00,,204005,20,10,2,403295015,1,380,-1,1,11,-2000
2361,bg_shop_00,,204005,20,8,2,403295016,1,380,-1,1,12,-2000
2362,bg_shop_00,,204005,20,20,2,403295017,1,380,-1,1,13,-2000
2363,bg_shop_00,,204005,20,5,2,403295018,1,380,-1,1,14,-6000
2364,bg_shop_00,,204005,20,5,2,403295019,1,380,-1,1,15,-6000
2365,bg_shop_00,,204005,20,10,2,403295020,1,380,-1,1,16,-6000
2366,bg_shop_00,,204005,10,30,2,406245001,1,380,-1,1,1,-6000
236601,bg_shop_00,,204005,100,3,2,604016001,1,380,-1,1,2,-6000
236602,bg_shop_00,,204005,50,15,2,512236002,1,380,-1,1,3,10000
236603,bg_shop_00,,204005,100,3,2,512236003,1,380,-1,1,4,10000
236604,bg_shop_00,,204005,30,15,2,512236004,1,380,-1,1,5,10000
236605,bg_shop_00,,204005,10,30,2,505085002,1,380,-1,1,6,10000
2367,bg_shop_00,,9250010,30,150,2,406200201,-1,381,-1,1,1,10000
2368,bg_shop_00,,9250010,30,150,2,406200202,-1,381,-1,1,2,10000
2369,bg_shop_00,,9250010,30,150,2,406200203,-1,381,-1,1,3,10000
2370,bg_shop_00,,9250010,11,250,2,406200204,-1,381,-1,1,4,10000
2371,bg_shop_00,,9250010,11,100,2,406200205,-1,381,-1,1,5,10000
2372,bg_shop_00,,9250010,100,100,2,406200206,-1,381,-1,1,6,10000
2373,bg_shop_00,,9250010,3,250,2,406200207,-1,381,-1,1,7,10000
2374,bg_shop_00,,9250010,4,300,2,406200208,-1,381,-1,1,8,10000
2375,bg_shop_00,,9250010,8,100,2,406200209,-1,381,-1,1,9,10000
2376,bg_shop_00,,9250010,8,100,2,406200210,-1,381,-1,1,10,10000
2377,bg_shop_00,,9250010,8,100,2,406200211,-1,381,-1,1,11,10000
2378,bg_shop_00,,9250010,8,100,2,406200212,-1,381,-1,1,12,10000
2379,bg_shop_00,,9250010,1000,50,2,406200213,-1,381,-1,1,13,10000
2380,bg_shop_00,,9250010,1000,20,2,406200214,-1,381,-1,1,14,10000
2381,bg_shop_00,,9250010,1000,20,2,406200215,-1,381,-1,1,15,10000
2382,bg_shop_00,,401250002,20,1500,2,406215201,-1,382,-1,1,1,10000
2383,bg_shop_00,,401250002,200,150,2,406215202,-1,382,-1,1,2,10000
2384,bg_shop_00,,401250002,200,150,2,406215203,-1,382,-1,1,3,10000
2385,bg_shop_00,,401250002,100,300,2,406215204,-1,382,-1,1,4,10000
2386,bg_shop_00,,401250002,3,2500,2,406215205,-1,382,-1,1,5,10000
2387,bg_shop_00,,401250002,3,2500,2,406215206,-1,382,-1,1,6,10000
2388,bg_shop_00,,401250002,3,1000,2,406215207,-1,382,-1,1,7,10000
2389,bg_shop_00,,401250002,250,80,2,406215208,-1,382,-1,1,8,10000
2390,bg_shop_00,,401250002,4,1000,2,406215209,-1,382,-1,1,9,10000
2391,bg_shop_00,,401250002,4,1000,2,406215210,-1,382,-1,1,10,10000
2392,bg_shop_00,,401250002,4,1000,2,406215211,-1,382,-1,1,11,10000
2393,bg_shop_00,,401250002,1000,500,2,406215212,-1,382,-1,1,12,10000
2394,bg_shop_00,,401250002,1000,100,2,406215213,-1,382,-1,1,13,10000
2395,bg_shop_00,,402221112,1,999,2,403087001,1,383,-1,1,1,10000
2396,bg_shop_00,,402221112,1,999,2,403087002,1,383,-1,1,2,10000
2397,bg_shop_00,,402221112,1,999,2,403087003,1,383,-1,1,3,10000
2398,bg_shop_00,,402221112,1,999,2,403087004,1,383,-1,1,4,10000
2399,bg_shop_00,,402221112,40,40,2,406146605,1,383,-1,1,5,10000
2400,bg_shop_00,,402221112,4,200,2,406146606,1,383,-1,1,6,10000
2401,bg_shop_00,,402221112,4,100,2,406146607,1,383,-1,1,7,10000
2402,bg_shop_00,,402221112,4,100,2,406146608,1,383,-1,1,8,10000
2403,bg_shop_00,,402221112,4,100,2,406146609,1,383,-1,1,9,10000
2404,bg_shop_00,,402221112,4,100,2,406146610,1,383,-1,1,10,10000
2405,bg_shop_00,,402221112,999,20,2,406146611,1,383,-1,1,11,10000
2406,bg_shop_00,,402221112,50,10,2,406146612,1,383,-1,1,12,10000
2407,bg_shop_00,,402221112,9999,10,2,406146613,1,383,-1,1,13,10000
2408,bg_shop_00,,406181006,1,8000,2,406211401,-1,384,-1,1,1,10000
2409,bg_shop_00,,406181006,11,800,2,406211402,-1,384,-1,1,2,10000
2410,bg_shop_00,,406181006,11,400,2,406211403,-1,384,-1,1,3,10000
2411,bg_shop_00,,406181006,9,2000,2,406211404,-1,384,-1,1,4,10000
2412,bg_shop_00,,406181006,4,2500,2,406211405,-1,384,-1,1,5,10000
2413,bg_shop_00,,406181006,1000,400,2,406211406,-1,384,-1,1,6,10000
2414,bg_shop_00,,406181006,1000,150,2,406211407,-1,384,-1,1,7,10000
2415,bg_shop_00,,406181006,100,100,2,406211408,-1,384,-1,1,8,10000
2416,bg_shop_00,,406181006,1000,40,2,406211409,-1,384,-1,1,9,10000
2417,bg_shop_00,,406181006,1000,20,2,406211410,-1,384,-1,1,10,10000
2418,bg_shop_00,,406181006,200,40,2,406211411,-1,384,-1,1,11,10000
2419,bg_shop_00,,406181006,1,16000,2,406211501,-1,385,-1,1,1,10000
2420,bg_shop_00,,406181006,11,800,2,406211502,-1,385,-1,1,2,10000
2421,bg_shop_00,,406181006,11,400,2,406211503,-1,385,-1,1,3,10000
2422,bg_shop_00,,406181006,20,900,2,406211504,-1,385,-1,1,4,10000
2423,bg_shop_00,,406181006,100,300,2,406211505,-1,385,-1,1,5,10000
2424,bg_shop_00,,406181006,1000,400,2,406211506,-1,385,-1,1,6,10000
2425,bg_shop_00,,406181006,1000,100,2,406211507,-1,385,-1,1,7,10000
2426,bg_shop_00,,406181006,100,100,2,406211508,-1,385,-1,1,8,10000
2427,bg_shop_00,,406181006,1000,40,2,406211509,-1,385,-1,1,9,10000
2428,bg_shop_00,,406181006,1000,20,2,406211510,-1,385,-1,1,10,10000
2429,bg_shop_00,,406181006,200,40,2,406211511,-1,385,-1,1,11,10000
2430,bg_shop_00,,405151001,20,100,2,406280001,-1,386,-1,1,1,10000
2431,bg_shop_00,,405151001,20,100,2,406280002,-1,386,-1,1,2,10000
2432,bg_shop_00,,405151001,20,100,2,406280003,-1,386,-1,1,3,10000
2433,bg_shop_00,,405151001,20,100,2,406280004,-1,386,-1,1,4,10000
2434,bg_shop_00,,405151001,20,100,2,406280005,-1,386,-1,1,5,10000
2435,bg_shop_00,,405151001,20,100,2,406280006,-1,386,-1,1,6,10000
2436,bg_shop_00,,405151001,20,100,2,406280007,-1,386,-1,1,7,10000
2437,bg_shop_00,,405151001,20,100,2,406280008,-1,386,-1,1,8,10000
2438,bg_shop_00,,405151001,20,100,2,406280009,-1,386,-1,1,9,10000
2439,bg_shop_00,,405151001,10,30,2,406280010,-1,386,-1,1,10,10000
2440,bg_shop_00,,405151001,10,30,2,406280011,-1,386,-1,1,11,10000
2441,bg_shop_00,,405151001,10,30,2,406280012,-1,386,-1,1,12,10000
2442,bg_shop_00,,405151001,10,30,2,406280013,-1,386,-1,1,13,10000
2443,bg_shop_00,,405151001,10,30,2,406280014,-1,386,-1,1,14,10000
2444,bg_shop_00,,405151001,10,30,2,406280015,-1,386,-1,1,15,10000
2445,bg_shop_00,,405151001,10,30,2,406280016,-1,386,-1,1,16,10000
2446,bg_shop_00,,405151001,10,15,2,406280017,-1,386,-1,1,17,10000
2447,bg_shop_00,,405151001,10,15,2,406280018,-1,386,-1,1,18,10000
2448,bg_shop_00,,405151001,10,15,2,406280019,-1,386,-1,1,19,10000
2449,bg_shop_00,,401081002,1,999,2,406280401,1,387,-1,1,1,10000
2450,bg_shop_00,,401081002,100,30,2,406280402,1,387,-1,1,2,10000
2451,bg_shop_00,,401081002,999,100,2,406280403,1,387,-1,1,3,10000
2452,bg_shop_00,,401081002,999,100,2,406280404,1,387,-1,1,4,10000
2453,bg_shop_00,,401081002,10,30,2,406280405,1,387,-1,1,5,10000
2454,bg_shop_00,,401081002,50,30,2,406280406,1,387,-1,1,6,10000
2455,bg_shop_00,,401081002,50,20,2,406280407,1,387,-1,1,7,10000
2456,bg_shop_00,,401081002,50,60,2,406280408,1,387,-1,1,8,10000
2457,bg_shop_00,,402221112,1,999,2,405247601,1,388,-1,1,1,10000
2458,bg_shop_00,,402221112,1,999,2,405247602,1,388,-1,1,2,10000
2459,bg_shop_00,,402221112,1,999,2,405247603,1,388,-1,1,3,10000
2460,bg_shop_00,,402221112,1,999,2,405247604,1,388,-1,1,4,10000
2461,bg_shop_00,,402221112,40,40,2,406146605,1,388,-1,1,5,10000
2462,bg_shop_00,,402221112,4,200,2,406146606,1,388,-1,1,6,10000
2463,bg_shop_00,,402221112,4,100,2,406146607,1,388,-1,1,7,10000
2464,bg_shop_00,,402221112,4,100,2,406146608,1,388,-1,1,8,10000
2465,bg_shop_00,,402221112,4,100,2,406146609,1,388,-1,1,9,10000
2466,bg_shop_00,,402221112,4,100,2,406146610,1,388,-1,1,10,10000
2467,bg_shop_00,,402221112,999,20,2,406146611,1,388,-1,1,11,10000
2468,bg_shop_00,,402221112,50,10,2,406146612,1,388,-1,1,12,10000
2469,bg_shop_00,,402221112,9999,10,2,406146613,1,388,-1,1,13,10000
2470,bg_shop_00,,204002,20,300,2,407040301,1,389,-1,1,1,10000
2471,bg_shop_00,,204002,200,30,2,407040302,1,389,-1,1,2,10000
2472,bg_shop_00,,204002,200,30,2,407040303,1,389,-1,1,3,10000
2473,bg_shop_00,,204002,3,200,2,407040304,1,389,-1,1,4,10000
2474,bg_shop_00,,204002,3,250,2,407040305,1,389,-1,1,5,10000
2475,bg_shop_00,,204002,3,350,2,407040306,1,389,-1,1,6,10000
2476,bg_shop_00,,204002,3,350,2,407040307,1,389,-1,1,7,10000
2477,bg_shop_00,,204002,4,450,2,407040308,1,389,-1,1,8,10000
2478,bg_shop_00,,204002,8,150,2,407040309,1,389,-1,1,9,10000
2479,bg_shop_00,,204002,8,150,2,407040310,1,389,-1,1,10,10000
2480,bg_shop_00,,204002,8,150,2,407040311,1,389,-1,1,11,10000
2481,bg_shop_00,,204002,8,150,2,407040312,1,389,-1,1,12,10000
2482,bg_shop_00,,204002,999,200,2,407040313,1,389,-1,1,13,10000
2483,bg_shop_00,,204002,999,50,2,407040314,1,389,-1,1,14,10000
2484,bg_shop_00,,204002,999,10,2,407040315,1,389,-1,1,15,10000
2485,bg_shop_00,,401081002,1,999,2,407040850,1,390,-1,1,1,10000
2486,bg_shop_00,,401081002,100,30,2,406280402,1,390,-1,1,2,10000
2487,bg_shop_00,,401081002,999,100,2,406280403,1,390,-1,1,3,10000
2488,bg_shop_00,,401081002,999,100,2,406280404,1,390,-1,1,4,10000
2489,bg_shop_00,,401081002,10,30,2,406280405,1,390,-1,1,5,10000
2490,bg_shop_00,,401081002,50,30,2,406280406,1,390,-1,1,6,10000
2491,bg_shop_00,,401081002,50,20,2,406280407,1,390,-1,1,7,10000
2492,bg_shop_00,,401081002,50,60,2,406280408,1,390,-1,1,8,10000
2493,bg_shop_00,,9250010,200,30,2,407050201,-1,391,-1,1,1,10000
2494,bg_shop_00,,9250010,200,30,2,407050202,-1,391,-1,1,2,10000
2495,bg_shop_00,,9250010,200,30,2,407050203,-1,391,-1,1,3,10000
2496,bg_shop_00,,9250010,100,100,2,407050204,-1,391,-1,1,4,10000
2497,bg_shop_00,,9250010,3,200,2,407050205,-1,391,-1,1,5,10000
2498,bg_shop_00,,9250010,4,250,2,407050206,-1,391,-1,1,6,10000
2499,bg_shop_00,,9250010,8,80,2,407050207,-1,391,-1,1,7,10000
2500,bg_shop_00,,9250010,8,80,2,407050208,-1,391,-1,1,8,10000
2501,bg_shop_00,,9250010,8,80,2,407050209,-1,391,-1,1,9,10000
2502,bg_shop_00,,9250010,8,80,2,407050210,-1,391,-1,1,10,10000
2503,bg_shop_00,,9250010,1000,50,2,407050211,-1,391,-1,1,11,10000
2504,bg_shop_00,,9250010,1000,20,2,407050212,-1,391,-1,1,12,10000
2505,bg_shop_00,,401081002,1,999,2,407105001,1,392,-1,1,1,10000
2506,bg_shop_00,,401081002,10,25,2,407105002,1,392,-1,1,2,10000
2507,bg_shop_00,,401081002,6,65,2,407105003,1,392,-1,1,3,10000
2508,bg_shop_00,,401081002,300,15,2,407105004,1,392,-1,1,4,10000
2509,bg_shop_00,,401081002,20,40,2,407105005,1,392,-1,1,5,10000
2510,bg_shop_00,,401081002,300,100,2,407105006,1,392,-1,1,6,10000
2511,bg_shop_00,,401081002,100,15,2,407105007,1,392,-1,1,7,10000
2512,bg_shop_00,,401081002,1000,5,2,407105008,1,392,-1,1,8,10000
2513,bg_shop_00,,401081002,100,75,2,407105009,1,392,-1,1,9,10000
2514,bg_shop_00,,401081002,300,5,2,407105010,1,392,-1,1,10,10000
2515,bg_shop_00,,9250010,30,150,2,407120201,-1,393,-1,1,1,10000
2516,bg_shop_00,,9250010,30,150,2,407120202,-1,393,-1,1,2,10000
2517,bg_shop_00,,9250010,30,150,2,407120203,-1,393,-1,1,3,10000
2518,bg_shop_00,,9250010,11,250,2,407120204,-1,393,-1,1,4,10000
2519,bg_shop_00,,9250010,11,250,2,407120205,-1,393,-1,1,5,10000
2520,bg_shop_00,,9250010,11,100,2,407120206,-1,393,-1,1,6,10000
2521,bg_shop_00,,9250010,11,100,2,407120207,-1,393,-1,1,7,10000
2522,bg_shop_00,,9250010,11,50,2,407120208,-1,393,-1,1,8,10000
2523,bg_shop_00,,9250010,100,100,2,407120209,-1,393,-1,1,9,10000
2524,bg_shop_00,,9250010,3,250,2,407120210,-1,393,-1,1,10,10000
2525,bg_shop_00,,9250010,4,300,2,407120211,-1,393,-1,1,11,10000
2526,bg_shop_00,,9250010,8,200,2,407120212,-1,393,-1,1,12,10000
2527,bg_shop_00,,9250010,8,200,2,407120213,-1,393,-1,1,13,10000
2528,bg_shop_00,,9250010,8,200,2,407120214,-1,393,-1,1,14,10000
2529,bg_shop_00,,9250010,8,200,2,407120215,-1,393,-1,1,15,10000
2530,bg_shop_00,,9250010,1000,50,2,407120216,-1,393,-1,1,13,10000
2531,bg_shop_00,,9250010,1000,20,2,407120217,-1,393,-1,1,14,10000
2532,bg_shop_00,,9250010,1000,20,2,407120218,-1,393,-1,1,15,10000
2533,bg_shop_00,,405151001,100,4,2,407126001,1,394,-1,1,1,10000
2534,bg_shop_00,,405151001,100,4,2,407126002,1,394,-1,1,2,10000
2535,bg_shop_00,,405151001,100,4,2,406145001,1,394,-1,1,3,10000
2536,bg_shop_00,,405151001,100,4,2,406145002,1,394,-1,1,4,10000
2537,bg_shop_00,,405151001,100,4,2,406145003,1,394,-1,1,5,10000
2538,bg_shop_00,,405151001,100,4,2,406145004,1,394,-1,1,6,10000
2539,bg_shop_00,,405151001,100,4,2,406145005,1,394,-1,1,7,10000
2540,bg_shop_00,,405151001,200,4,2,406145006,1,394,-1,1,8,10000
2541,bg_shop_00,,405151001,3,175,2,406145007,1,394,-1,1,9,10000
2542,bg_shop_00,,405151001,3,175,2,406145008,1,394,-1,1,10,10000
2543,bg_shop_00,,405151001,3,175,2,406145009,1,394,-1,1,11,10000
2544,bg_shop_00,,405151001,3,175,2,406145010,1,394,-1,1,12,10000
2545,bg_shop_00,,405151001,500,3,2,406145011,1,394,-1,1,13,10000
2546,bg_shop_00,,405151001,300,2,2,406145012,1,394,-1,1,14,10000
2547,bg_shop_00,,405151001,1000,1,2,406145013,1,394,-1,1,15,10000
2548,bg_shop_00,,204005,20,50,2,406125001,1,395,-1,1,1,10000
2549,bg_shop_00,,204005,20,30,2,407126003,1,395,-1,1,2,10000
2550,bg_shop_00,,204005,20,40,2,406125003,1,395,-1,1,3,10000
2551,bg_shop_00,,204005,50,20,2,406125004,1,395,-1,1,4,10000
2552,bg_shop_00,,204005,5,100,2,406125005,1,395,-1,1,5,10000
2553,bg_shop_00,,204005,10,200,2,406125006,1,395,-1,1,6,10000
2554,bg_shop_00,,204005,10,50,2,406125007,1,395,-1,1,7,10000
2555,bg_shop_00,,204005,100,5,2,406125008,1,395,-1,1,8,10000
2556,bg_shop_00,,204005,200,5,2,406125009,1,395,-1,1,9,10000
2557,bg_shop_00,,204005,200,5,2,406125010,1,395,-1,1,10,10000
2558,bg_shop_00,,204005,200,5,2,406125011,1,395,-1,1,11,10000
2559,bg_shop_00,,204005,100,3,2,406125012,1,395,-1,1,12,10000
2560,bg_shop_00,,204002,20,300,2,407195301,-1,396,-1,1,1,10000
2561,bg_shop_00,,204002,200,30,2,407195302,-1,396,-1,1,2,10000
2562,bg_shop_00,,204002,20,100,2,407195303,-1,396,-1,1,3,10000
2563,bg_shop_00,,204002,9,600,2,407195304,-1,396,-1,1,4,10000
2564,bg_shop_00,,204002,100,30,2,407195305,-1,396,-1,1,5,10000
2565,bg_shop_00,,204002,100,30,2,407195306,-1,396,-1,1,6,10000
2566,bg_shop_00,,204002,100,30,2,407195307,-1,396,-1,1,7,10000
2567,bg_shop_00,,204002,100,30,2,407195308,-1,396,-1,1,8,10000
2568,bg_shop_00,,204002,100,30,2,407195309,-1,396,-1,1,9,10000
2569,bg_shop_00,,204002,100,30,2,407195310,-1,396,-1,1,10,10000
2570,bg_shop_00,,204002,5,300,2,407195311,-1,396,-1,1,11,10000
2571,bg_shop_00,,204002,5,300,2,407195312,-1,396,-1,1,12,10000
2572,bg_shop_00,,204002,999,30,2,407195313,-1,396,-1,1,13,10000
2573,bg_shop_00,,204002,999,100,2,407195314,-1,396,-1,1,14,10000
2574,bg_shop_00,,204002,999,80,2,407195315,-1,396,-1,1,15,10000
2575,bg_shop_00,,401081002,1,999,2,404015002,1,397,-1,1,1,10000
2576,bg_shop_00,,401081002,10,25,2,407105002,1,397,-1,1,2,10000
2577,bg_shop_00,,401081002,6,65,2,407105003,1,397,-1,1,3,10000
2578,bg_shop_00,,401081002,300,15,2,407105004,1,397,-1,1,4,10000
2579,bg_shop_00,,401081002,20,40,2,407105005,1,397,-1,1,5,10000
2580,bg_shop_00,,401081002,300,100,2,407105006,1,397,-1,1,6,10000
2581,bg_shop_00,,401081002,100,15,2,407105007,1,397,-1,1,7,10000
2582,bg_shop_00,,401081002,1000,5,2,407105008,1,397,-1,1,8,10000
2583,bg_shop_00,,401081002,100,75,2,407105009,1,397,-1,1,9,10000
2584,bg_shop_00,,401081002,300,5,2,407105010,1,397,-1,1,10,10000
2585,bg_shop_00,,401250002,1,500,2,407191201,-1,398,1,1,1,10000
2586,bg_shop_00,,401250002,1,1000,2,407191202,-1,398,-1,1,2,10000
2587,bg_shop_00,,401250002,1,1000,2,407191203,-1,398,-1,1,3,10000
2588,bg_shop_00,,401250002,1,1000,2,407191204,-1,398,-1,1,4,10000
2589,bg_shop_00,,401250002,100,300,2,407191205,-1,398,-1,1,5,10000
2590,bg_shop_00,,401250002,2,1000,2,407191206,-1,398,-1,1,6,10000
2591,bg_shop_00,,401250002,1,8000,2,407191207,-1,398,-1,1,7,10000
2592,bg_shop_00,,401250002,1,8000,2,407191208,-1,398,-1,1,8,10000
2593,bg_shop_00,,401250002,1,8000,2,407191209,-1,398,-1,1,9,10000
2594,bg_shop_00,,401250002,1,8000,2,407191210,-1,398,-1,1,10,10000
2595,bg_shop_00,,401250002,3,2000,2,407191211,-1,398,-1,1,11,10000
2596,bg_shop_00,,401250002,3,2000,2,407191212,-1,398,-1,1,12,10000
2597,bg_shop_00,,401250002,1000,250,2,407191213,-1,398,-1,1,13,10000
2598,bg_shop_00,,401250002,1000,100,2,407191214,-1,398,-1,1,13,10000
2599,bg_shop_00,,401081002,1,999,2,405130001,1,399,-1,1,1,10000
2600,bg_shop_00,,401081002,999,120,2,407192501,1,399,-1,1,3,10000
2601,bg_shop_00,,401081002,7,250,2,407192502,1,399,-1,1,3,10000
2602,bg_shop_00,,401081002,7,250,2,407192503,1,399,-1,1,3,10000
2603,bg_shop_00,,401081002,7,80,2,407192504,1,399,-1,1,3,10000
2604,bg_shop_00,,401081002,7,80,2,407192505,1,399,-1,1,3,10000
2605,bg_shop_00,,401081002,7,80,2,407192506,1,399,-1,1,3,10000
2606,bg_shop_00,,401081002,5,400,2,407192507,1,399,-1,1,3,10000
2607,bg_shop_00,,401081002,200,60,2,407192508,1,399,-1,1,3,10000
2608,bg_shop_00,,401081002,999,120,2,404127006,1,399,-1,1,6,10000
2609,bg_shop_00,,401081002,999,30,2,404127009,1,399,-1,1,9,10000
2610,bg_shop_00,,9250010,20,300,2,407217101,-1,400,-1,1,1,10000
2611,bg_shop_00,,9250010,200,30,2,407217102,-1,400,-1,1,2,10000
2612,bg_shop_00,,9250010,200,30,2,407217103,-1,400,-1,1,3,10000
2613,bg_shop_00,,9250010,20,100,2,407217104,-1,400,-1,1,4,10000
2614,bg_shop_00,,9250010,10,200,2,407217105,-1,400,-1,1,5,10000
2615,bg_shop_00,,9250010,20,60,2,407217106,-1,400,-1,1,6,10000
2616,bg_shop_00,,9250010,100,20,2,407217107,-1,400,-1,1,7,10000
2617,bg_shop_00,,9250010,999,5,2,407217108,-1,400,-1,1,8,10000
2618,bg_shop_00,,9250010,999,2,2,407217109,-1,400,-1,1,9,10000
2619,bg_shop_00,,9250010,999,5,2,407217110,-1,400,-1,1,10,10000
2620,bg_shop_00,,9250010,999,60,2,407217111,-1,400,-1,1,11,10000
2621,bg_shop_00,,9250010,999,20,2,407217112,-1,400,-1,1,12,10000
2622,bg_shop_00,,401081002,1,999,2,407217201,1,401,-1,1,1,10000
2623,bg_shop_00,,401081002,10,25,2,407105002,1,401,-1,1,2,10000
2624,bg_shop_00,,401081002,6,65,2,407105003,1,401,-1,1,3,10000
2625,bg_shop_00,,401081002,300,15,2,407105004,1,401,-1,1,4,10000
2626,bg_shop_00,,401081002,20,40,2,407105005,1,401,-1,1,5,10000
2627,bg_shop_00,,401081002,300,100,2,407105006,1,401,-1,1,6,10000
2628,bg_shop_00,,401081002,100,15,2,407105007,1,401,-1,1,7,10000
2629,bg_shop_00,,401081002,1000,5,2,407105008,1,401,-1,1,8,10000
2630,bg_shop_00,,401081002,100,75,2,407105009,1,401,-1,1,9,10000
2631,bg_shop_00,,401081002,300,5,2,407105010,1,401,-1,1,10,10000
2632,bg_shop_00,,204002,20,300,2,407236101,-1,402,-1,1,1,10000
2633,bg_shop_00,,204002,200,30,2,407236102,-1,402,-1,1,2,10000
2634,bg_shop_00,,204002,100,30,2,407236103,-1,402,-1,1,3,10000
2635,bg_shop_00,,204002,100,30,2,407236104,-1,402,-1,1,4,10000
2636,bg_shop_00,,204002,100,30,2,407236105,-1,402,-1,1,5,10000
2637,bg_shop_00,,204002,20,100,2,407236106,-1,402,-1,1,6,10000
2638,bg_shop_00,,204002,10,200,2,407236107,-1,402,-1,1,7,10000
2639,bg_shop_00,,204002,20,60,2,407236108,-1,402,-1,1,8,10000
2640,bg_shop_00,,204002,100,20,2,407236109,-1,402,-1,1,9,10000
2641,bg_shop_00,,204002,999,5,2,407236110,-1,402,-1,1,10,10000
2642,bg_shop_00,,204002,999,2,2,407236111,-1,402,-1,1,11,10000
2643,bg_shop_00,,204002,999,5,2,407236112,-1,402,-1,1,12,10000
2644,bg_shop_00,,204002,999,60,2,407236113,-1,402,-1,1,13,10000
2645,bg_shop_00,,204002,999,20,2,407236114,-1,402,-1,1,14,10000
2646,bg_shop_00,,204002,20,300,2,407236201,-1,403,-1,1,1,10000
2647,bg_shop_00,,204002,200,30,2,407236202,-1,403,-1,1,2,10000
2648,bg_shop_00,,204002,100,30,2,407236203,-1,403,-1,1,3,10000
2649,bg_shop_00,,204002,20,100,2,407236204,-1,403,-1,1,4,10000
2650,bg_shop_00,,204002,10,200,2,407236205,-1,403,-1,1,5,10000
2651,bg_shop_00,,204002,20,60,2,407236206,-1,403,-1,1,6,10000
2652,bg_shop_00,,204002,100,20,2,407236207,-1,403,-1,1,7,10000
2653,bg_shop_00,,204002,999,5,2,407236208,-1,403,-1,1,8,10000
2654,bg_shop_00,,204002,999,2,2,407236209,-1,403,-1,1,9,10000
2655,bg_shop_00,,204002,999,5,2,407236210,-1,403,-1,1,10,10000
2656,bg_shop_00,,204002,999,60,2,407236211,-1,403,-1,1,11,10000
2657,bg_shop_00,,204002,999,20,2,407236212,-1,403,-1,1,12,10000
2658,bg_shop_00,,9250010,20,300,2,407237101,-1,404,-1,1,1,10000
2659,bg_shop_00,,9250010,200,30,2,407237102,-1,404,-1,1,2,10000
2660,bg_shop_00,,9250010,200,30,2,407237103,-1,404,-1,1,3,10000
2661,bg_shop_00,,9250010,20,100,2,407237104,-1,404,-1,1,4,10000
2662,bg_shop_00,,9250010,10,200,2,407237105,-1,404,-1,1,5,10000
2663,bg_shop_00,,9250010,20,60,2,407237106,-1,404,-1,1,6,10000
2664,bg_shop_00,,9250010,100,20,2,407237107,-1,404,-1,1,7,10000
2665,bg_shop_00,,9250010,999,5,2,407237108,-1,404,-1,1,8,10000
2666,bg_shop_00,,9250010,999,2,2,407237109,-1,404,-1,1,9,10000
2667,bg_shop_00,,9250010,999,5,2,407237110,-1,404,-1,1,10,10000
2668,bg_shop_00,,9250010,999,60,2,407237111,-1,404,-1,1,11,10000
2669,bg_shop_00,,9250010,999,20,2,407237112,-1,404,-1,1,12,10000
2670,bg_shop_00,,401081002,1,999,2,407255001,1,405,-1,1,1,10000
2671,bg_shop_00,,401081002,10,25,2,407105002,1,405,-1,1,2,10000
2672,bg_shop_00,,401081002,6,65,2,407105003,1,405,-1,1,3,10000
2673,bg_shop_00,,401081002,300,15,2,407105004,1,405,-1,1,4,10000
2674,bg_shop_00,,401081002,20,40,2,407105005,1,405,-1,1,5,10000
2675,bg_shop_00,,401081002,300,100,2,407105006,1,405,-1,1,6,10000
2676,bg_shop_00,,401081002,100,15,2,407105007,1,405,-1,1,7,10000
2677,bg_shop_00,,401081002,1000,5,2,407105008,1,405,-1,1,8,10000
2678,bg_shop_00,,401081002,100,75,2,407105009,1,405,-1,1,9,10000
2679,bg_shop_00,,401081002,300,5,2,407105010,1,405,-1,1,10,10000
2680,bg_shop_00,,401081002,1,999,2,407126104,1,406,-1,1,1,10000
2681,bg_shop_00,,401081002,10,25,2,407105002,1,406,-1,1,2,10000
2682,bg_shop_00,,401081002,6,65,2,407105003,1,406,-1,1,3,10000
2683,bg_shop_00,,401081002,300,15,2,407105004,1,406,-1,1,4,10000
2684,bg_shop_00,,401081002,20,40,2,407105005,1,406,-1,1,5,10000
2685,bg_shop_00,,401081002,300,100,2,407105006,1,406,-1,1,6,10000
2686,bg_shop_00,,401081002,100,15,2,407105007,1,406,-1,1,7,10000
2687,bg_shop_00,,401081002,1000,5,2,407105008,1,406,-1,1,8,10000
2688,bg_shop_00,,401081002,100,75,2,407105009,1,406,-1,1,9,10000
2689,bg_shop_00,,401081002,300,5,2,407105010,1,406,-1,1,10,10000
2690,bg_shop_00,,407230002,1,8000,2,407251201,-1,407,-1,1,1,10000
2691,bg_shop_00,,407230002,1,8000,2,407251202,-1,407,-1,1,2,10000
2692,bg_shop_00,,407230002,1,12000,2,407251203,-1,407,-1,1,3,10000
2693,bg_shop_00,,407230002,100,200,2,407251204,-1,407,-1,1,4,10000
2694,bg_shop_00,,407230002,11,1500,2,407251205,-1,407,-1,1,5,10000
2695,bg_shop_00,,407230002,11,1500,2,407251206,-1,407,-1,1,6,10000
2696,bg_shop_00,,407230002,4,1500,2,407251207,-1,407,-1,1,7,10000
2697,bg_shop_00,,407230002,1000,50,2,407251208,-1,407,-1,1,8,10000
2698,bg_shop_00,,407230002,1000,50,2,407251209,-1,407,-1,1,9,10000
2699,bg_shop_00,,407230002,1000,50,2,407251210,-1,407,-1,1,10,10000
2700,bg_shop_00,,407230002,500,10,2,407251211,-1,407,-1,1,11,10000
2701,bg_shop_00,,407230002,500,10,2,407251212,-1,407,-1,1,12,10000
2702,bg_shop_00,,407230002,1,8000,2,407251251,-1,408,-1,1,1,10000
2703,bg_shop_00,,407230002,100,200,2,407251252,-1,408,-1,1,2,10000
2704,bg_shop_00,,407230002,11,1500,2,407251253,-1,408,-1,1,3,10000
2705,bg_shop_00,,407230002,11,1500,2,407251254,-1,408,-1,1,4,10000
2706,bg_shop_00,,407230002,50,150,2,407251255,-1,408,-1,1,5,10000
2707,bg_shop_00,,407230002,1000,5,2,407251256,-1,408,-1,1,6,10000
2708,bg_shop_00,,407230002,1000,50,2,407251257,-1,408,-1,1,7,10000
2709,bg_shop_00,,407230002,1000,50,2,407251258,-1,408,-1,1,8,10000
2710,bg_shop_00,,407230002,1000,50,2,407251259,-1,408,-1,1,9,10000
2711,bg_shop_00,,407230002,500,10,2,407251260,-1,408,-1,1,10,10000
2712,bg_shop_00,,407230002,500,10,2,407251261,-1,408,-1,1,11,10000
2713,bg_shop_00,,9250010,20,300,2,407265301,-1,409,-1,1,1,10000
2714,bg_shop_00,,9250010,200,30,2,407265302,-1,409,-1,1,2,10000
2715,bg_shop_00,,9250010,20,100,2,407265303,-1,409,-1,1,3,10000
2716,bg_shop_00,,9250010,9,600,2,407265304,-1,409,-1,1,4,10000
407305555,bg_shop_00,,9250010,9,600,2,407270306,-1,409,-1,1,5,10000
2717,bg_shop_00,,9250010,100,30,2,407265305,-1,409,-1,1,6,10000
2718,bg_shop_00,,9250010,100,30,2,407265306,-1,409,-1,1,7,10000
2719,bg_shop_00,,9250010,100,30,2,407265307,-1,409,-1,1,8,10000
2720,bg_shop_00,,9250010,100,30,2,407265308,-1,409,-1,1,9,10000
2721,bg_shop_00,,9250010,100,30,2,407265309,-1,409,-1,1,10,10000
2722,bg_shop_00,,9250010,100,30,2,407265310,-1,409,-1,1,11,10000
2723,bg_shop_00,,9250010,5,300,2,407265311,-1,409,-1,1,12,10000
2724,bg_shop_00,,9250010,5,300,2,407265312,-1,409,-1,1,13,10000
2725,bg_shop_00,,9250010,999,30,2,407265313,-1,409,-1,1,14,10000
2726,bg_shop_00,,9250010,999,100,2,407265314,-1,409,-1,1,15,10000
2727,bg_shop_00,,9250010,999,80,2,407265315,-1,409,-1,1,16,10000
272701,bg_shop_00,,204005,100,5,2,505085001,1,410,-1,1,1,10000
272702,bg_shop_00,,204005,20,50,2,505085002,1,410,-1,1,2,10000
272703,bg_shop_00,,204005,20,20,2,505085003,1,410,-1,1,3,10000
2728,bg_shop_00,,204005,20,50,2,406125001,1,410,-1,1,4,10000
2729,bg_shop_00,,204005,20,30,2,407265401,1,410,-1,1,5,10000
2730,bg_shop_00,,204005,20,40,2,406125003,1,410,-1,1,6,10000
273001,bg_shop_00,,204005,1000,15,2,505085007,1,410,-1,1,7,10000
2731,bg_shop_00,,204005,50,20,2,406125004,1,410,-1,1,8,10000
2732,bg_shop_00,,204005,5,100,2,406125005,1,410,-1,1,9,10000
2733,bg_shop_00,,204005,10,200,2,406125006,1,410,-1,1,10,10000
2734,bg_shop_00,,204005,10,50,2,406125007,1,410,-1,1,11,10000
2735,bg_shop_00,,204005,100,5,2,406125008,1,410,-1,1,12,10000
2736,bg_shop_00,,204005,200,5,2,406125009,1,410,-1,1,13,10000
2737,bg_shop_00,,204005,200,5,2,406125010,1,410,-1,1,14,10000
2738,bg_shop_00,,204005,200,5,2,406125011,1,410,-1,1,15,10000
2739,bg_shop_00,,204005,100,3,2,406125012,1,410,-1,1,16,10000
2740,bg_shop_00,,204002,1,150,2,407270301,1,411,1,1,1,10000
2741,bg_shop_00,,204002,200,30,2,407270302,1,411,-1,1,2,10000
2742,bg_shop_00,,204002,200,30,2,407270303,1,411,-1,1,3,10000
2743,bg_shop_00,,204002,200,30,2,407270304,1,411,-1,1,4,10000
2744,bg_shop_00,,204002,3,200,2,407270305,1,411,-1,1,5,10000
2745,bg_shop_00,,204002,3,250,2,407270306,1,411,-1,1,6,10000
2746,bg_shop_00,,204002,3,350,2,407270307,1,411,-1,1,7,10000
2747,bg_shop_00,,204002,3,350,2,407270308,1,411,-1,1,8,10000
2748,bg_shop_00,,204002,4,450,2,407270309,1,411,-1,1,9,10000
2749,bg_shop_00,,204002,1,2000,2,407270310,1,411,-1,1,10,10000
2750,bg_shop_00,,204002,1,2000,2,407270311,1,411,-1,1,11,10000
2751,bg_shop_00,,204002,1,2000,2,407270312,1,411,-1,1,12,10000
2752,bg_shop_00,,204002,1,2000,2,407270313,1,411,-1,1,13,10000
2753,bg_shop_00,,204002,999,200,2,407270314,1,411,-1,1,14,10000
2754,bg_shop_00,,204002,999,50,2,407270315,1,411,-1,1,15,10000
2755,bg_shop_00,,204002,999,10,2,407270316,1,411,-1,1,15,10000
2756,bg_shop_00,,204002,20,300,2,407295011,-1,412,-1,1,1,10000
2757,bg_shop_00,,204002,200,30,2,407295012,-1,412,-1,1,2,10000
2758,bg_shop_00,,204002,100,30,2,407295013,-1,412,-1,1,3,10000
2759,bg_shop_00,,204002,20,100,2,407236204,-1,412,-1,1,4,10000
2760,bg_shop_00,,204002,10,200,2,407236205,-1,412,-1,1,5,10000
2761,bg_shop_00,,204002,20,60,2,407236206,-1,412,-1,1,6,10000
2762,bg_shop_00,,204002,100,20,2,407236207,-1,412,-1,1,7,10000
2763,bg_shop_00,,204002,999,5,2,407236208,-1,412,-1,1,8,10000
2764,bg_shop_00,,204002,999,2,2,407236209,-1,412,-1,1,9,10000
2765,bg_shop_00,,204002,999,5,2,407236210,-1,412,-1,1,10,10000
2766,bg_shop_00,,204002,999,60,2,407236211,-1,412,-1,1,11,10000
2767,bg_shop_00,,204002,999,20,2,407236212,-1,412,-1,1,12,10000
510133001,bg_shop_00,,405151001,300,3,2,510133061,1,413,-1,1,1,10000
510133002,bg_shop_00,,405151001,300,3,2,510133062,1,413,-1,1,2,10000
510133003,bg_shop_00,,405151001,10,80,2,510143003,1,413,-1,1,3,10000
2767001,bg_shop_00,,405151001,5,80,2,505075201,1,413,-1,1,4,10000
2767002,bg_shop_00,,405151001,5,80,2,505075202,1,413,-1,1,5,10000
2767003,bg_shop_00,,405151001,5,80,2,505075203,1,413,-1,1,6,10000
2767004,bg_shop_00,,405151001,5,80,2,505075204,1,413,-1,1,7,10000
2767005,bg_shop_00,,405151001,5,80,2,505075205,1,413,-1,1,8,10000
2767006,bg_shop_00,,405151001,5,80,2,505075206,1,413,-1,1,9,10000
2767007,bg_shop_00,,405151001,5,80,2,505075207,1,413,-1,1,10,10000
2767008,bg_shop_00,,405151001,5,80,2,506138001,1,413,-1,1,11,10000
2767009,bg_shop_00,,405151001,5,80,2,506138002,1,413,-1,1,12,10000
2768,bg_shop_00,,405151001,999,3,2,407309011,1,413,-1,1,13,10000
2769,bg_shop_00,,405151001,999,3,2,407309012,1,413,-1,1,14,10000
2770,bg_shop_00,,405151001,999,3,2,407309013,1,413,-1,1,15,10000
2771,bg_shop_00,,405151001,200,4,2,407309014,1,413,-1,1,16,10000
2772,bg_shop_00,,405151001,1,30,2,407309015,1,413,-1,1,17,10000
2773,bg_shop_00,,405151001,1,15,2,407309016,1,413,-1,1,18,10000
2774,bg_shop_00,,405151001,1,10,2,407309017,1,413,-1,1,19,10000
2775,bg_shop_00,,405151001,3,50,2,407309018,1,413,-1,1,20,10000
2776,bg_shop_00,,405151001,10,300,2,407309019,1,413,-1,1,21,10000
510133004,bg_shop_00,,405151001,12,300,2,510143004,1,413,-1,1,22,10000
510133005,bg_shop_00,,405151001,12,50,2,510143005,1,413,-1,1,23,10000
510133006,bg_shop_00,,405151001,8,150,2,510143006,1,413,-1,1,24,10000
510133007,bg_shop_00,,405151001,8,150,2,510143007,1,413,-1,1,25,10000
510133008,bg_shop_00,,405151001,8,150,2,510143008,1,413,-1,1,26,10000
510133009,bg_shop_00,,405151001,8,150,2,510143009,1,413,-1,1,27,10000
2777,bg_shop_00,,405151001,1,150,2,407309020,1,413,-1,1,28,10000
2778,bg_shop_00,,405151001,1,150,2,407309021,1,413,-1,1,29,10000
2779,bg_shop_00,,405151001,1,150,2,407309022,1,413,-1,1,30,10000
2780,bg_shop_00,,405151001,1,150,2,407309023,1,413,-1,1,31,10000
2781,bg_shop_00,,405151001,1,150,2,407309024,1,413,-1,1,32,10000
2782,bg_shop_00,,405151001,1,150,2,407309025,1,413,-1,1,33,10000
2783,bg_shop_00,,405151001,1,150,2,407309026,1,413,-1,1,34,10000
2784,bg_shop_00,,405151001,1,150,2,407309027,1,413,-1,1,35,10000
2785,bg_shop_00,,405151001,1,150,2,407309028,1,413,-1,1,36,10000
2786,bg_shop_00,,405151001,1,150,2,407309029,1,413,-1,1,37,10000
2787,bg_shop_00,,405151001,1,150,2,407309030,1,413,-1,1,38,10000
2788,bg_shop_00,,405151001,1,150,2,407309031,1,413,-1,1,39,10000
408152788,bg_shop_00,,405151001,500,2,2,407192501,1,413,-1,1,40,10000
2789,bg_shop_00,,405151001,500,3,2,407309032,1,413,-1,1,41,10000
2790,bg_shop_00,,405151001,300,2,2,407309033,1,413,-1,1,42,10000
2791,bg_shop_00,,405151001,1000,1,2,407309034,1,413,-1,1,43,10000
2792,bg_shop_00,,204002,100,30,2,408025011,-1,414,-1,1,1,10000
2793,bg_shop_00,,204002,100,30,2,408025012,-1,414,-1,1,2,10000
2794,bg_shop_00,,204002,100,30,2,408025013,-1,414,-1,1,3,10000
2795,bg_shop_00,,204002,100,30,2,408025014,-1,414,-1,1,4,10000
2796,bg_shop_00,,204002,100,30,2,408025015,-1,414,-1,1,5,10000
2797,bg_shop_00,,204002,20,100,2,408025016,-1,414,-1,1,6,10000
2798,bg_shop_00,,204002,9,600,2,408025017,-1,414,-1,1,7,10000
2799,bg_shop_00,,204002,800,30,2,408025018,-1,414,-1,1,8,10000
2800,bg_shop_00,,204002,800,30,2,408025019,-1,414,-1,1,9,10000
2801,bg_shop_00,,204002,800,30,2,408025020,-1,414,-1,1,10,10000
2802,bg_shop_00,,204002,5,300,2,408025021,-1,414,-1,1,11,10000
2803,bg_shop_00,,204002,5,300,2,408025022,-1,414,-1,1,12,10000
2804,bg_shop_00,,204002,999,30,2,408025023,-1,414,-1,1,13,10000
2805,bg_shop_00,,204002,999,100,2,408025024,-1,414,-1,1,14,10000
2806,bg_shop_00,,204002,999,80,2,408025025,-1,414,-1,1,15,10000
2807,bg_shop_00,,405151001,1,300,2,408025201,1,415,-1,1,1,10000
2808,bg_shop_00,,405151001,1,90,2,408025202,1,415,-1,1,2,10000
2809,bg_shop_00,,405151001,1,90,2,408025203,1,415,-1,1,3,10000
2810,bg_shop_00,,405151001,1,90,2,408025204,1,415,-1,1,4,10000
2811,bg_shop_00,,405151001,1,90,2,408025205,1,415,-1,1,5,10000
2812,bg_shop_00,,405151001,1,90,2,408025206,1,415,-1,1,6,10000
2813,bg_shop_00,,405151001,1,90,2,408025207,1,415,-1,1,7,10000
2814,bg_shop_00,,405151001,1,60,2,408025208,1,415,-1,1,8,10000
2815,bg_shop_00,,405151001,1,10,2,408025209,1,415,-1,1,9,10000
2816,bg_shop_00,,405151001,2,150,2,408025210,1,415,-1,1,10,10000
2817,bg_shop_00,,405151001,2,150,2,408025211,1,415,-1,1,11,10000
2818,bg_shop_00,,405151001,2,150,2,408025212,1,415,-1,1,12,10000
2819,bg_shop_00,,405151001,2,150,2,408025213,1,415,-1,1,13,10000
2820,bg_shop_00,,405151001,2,150,2,408025214,1,415,-1,1,14,10000
2821,bg_shop_00,,405151001,2,150,2,408025215,1,415,-1,1,15,10000
2822,bg_shop_00,,405151001,2,150,2,408025216,1,415,-1,1,16,10000
2823,bg_shop_00,,405151001,2,150,2,408025217,1,415,-1,1,17,10000
2824,bg_shop_00,,405151001,1,150,2,408025218,1,415,-1,1,18,10000
2825,bg_shop_00,,405151001,1,150,2,408025219,1,415,-1,1,19,10000
2826,bg_shop_00,,405151001,1,150,2,408025220,1,415,-1,1,20,10000
2827,bg_shop_00,,405151001,1,150,2,408025221,1,415,-1,1,21,10000
2828,bg_shop_00,,405151001,500,3,2,408025222,1,415,-1,1,22,10000
2829,bg_shop_00,,405151001,300,2,2,408025223,1,415,-1,1,23,10000
2830,bg_shop_00,,405151001,1000,1,2,408025224,1,415,-1,1,24,10000
2831,bg_shop_00,,401081002,1,999,2,406280401,1,416,-1,1,1,10000
2832,bg_shop_00,,401081002,1,999,2,407251203,1,416,-1,1,2,10000
2833,bg_shop_00,,401081002,5,400,2,408020901,1,416,-1,1,3,10000
2834,bg_shop_00,,401081002,100,30,2,406280402,1,416,-1,1,3,10000
2835,bg_shop_00,,401081002,999,120,2,407192501,1,416,-1,1,4,10000
2836,bg_shop_00,,401081002,4,300,2,405301211,1,416,-1,1,5,10000
2837,bg_shop_00,,401081002,8,30,2,401052205,1,416,-1,1,6,10000
2838,bg_shop_00,,401081002,8,30,2,401052206,1,416,-1,1,7,10000
2839,bg_shop_00,,401081002,8,30,2,401052207,1,416,-1,1,8,10000
2840,bg_shop_00,,401081002,999,120,2,404127006,1,416,-1,1,9,10000
2841,bg_shop_00,,401081002,999,30,2,404127009,1,416,-1,1,10,10000
2842,bg_shop_00,,9250010,1,5,2,408020201,-1,417,1,1,1,10000
2843,bg_shop_00,,9250010,30,150,2,408020202,-1,417,-1,1,2,10000
2844,bg_shop_00,,9250010,30,150,2,408020203,-1,417,-1,1,3,10000
2845,bg_shop_00,,9250010,30,150,2,408020204,-1,417,-1,1,4,10000
2846,bg_shop_00,,9250010,100,100,2,408020205,-1,417,-1,1,5,10000
2847,bg_shop_00,,9250010,3,250,2,408020206,-1,417,-1,1,6,10000
2848,bg_shop_00,,9250010,5,200,2,408020207,-1,417,-1,1,6,10000
2849,bg_shop_00,,9250010,4,300,2,408020208,-1,417,-1,1,7,10000
2850,bg_shop_00,,9250010,8,1200,2,408020209,-1,417,-1,1,8,10000
2851,bg_shop_00,,9250010,8,1200,2,408020210,-1,417,-1,1,9,10000
2852,bg_shop_00,,9250010,8,1200,2,408020211,-1,417,-1,1,10,10000
2853,bg_shop_00,,9250010,8,1200,2,408020212,-1,417,-1,1,11,10000
2854,bg_shop_00,,9250010,1000,50,2,408020213,-1,417,-1,1,12,10000
2855,bg_shop_00,,9250010,1000,20,2,408020214,-1,417,-1,1,13,10000
2856,bg_shop_00,,9250010,1000,20,2,408020215,-1,417,-1,1,14,10000
2857,bg_shop_00,,204002,8,300,2,12140205,1,389,-1,1,8,10000
2858,bg_shop_00,,204002,8,300,2,12140208,1,389,-1,1,8,10000
2859,bg_shop_00,,204002,8,300,2,12140211,1,389,-1,1,8,10000
2860,bg_shop_00,,401250002,1,500,2,408081201,-1,418,1,1,1,10000
2861,bg_shop_00,,401250002,1,1000,2,408081202,-1,418,-1,1,2,10000
2862,bg_shop_00,,401250002,1,1000,2,408081203,-1,418,-1,1,3,10000
2863,bg_shop_00,,401250002,1,1000,2,408081204,-1,418,-1,1,4,10000
2864,bg_shop_00,,401250002,100,300,2,408081205,-1,418,-1,1,5,10000
2865,bg_shop_00,,401250002,2,1000,2,408081206,-1,418,-1,1,6,10000
2866,bg_shop_00,,401250002,1,4000,2,408081207,-1,418,-1,1,7,10000
2867,bg_shop_00,,401250002,11,800,2,408081208,-1,418,-1,1,8,10000
2868,bg_shop_00,,401250002,11,200,2,408081209,-1,418,-1,1,9,10000
2869,bg_shop_00,,401250002,11,200,2,408081210,-1,418,-1,1,10,10000
2870,bg_shop_00,,401250002,11,200,2,408081211,-1,418,-1,1,11,10000
2871,bg_shop_00,,401250002,11,200,2,408081212,-1,418,-1,1,12,10000
2872,bg_shop_00,,401250002,3,1500,2,408081213,-1,418,-1,1,13,10000
2873,bg_shop_00,,401250002,3,1500,2,408081214,-1,418,-1,1,14,10000
2874,bg_shop_00,,401250002,1000,250,2,408081215,-1,418,-1,1,15,10000
2875,bg_shop_00,,401250002,1000,100,2,408081216,-1,418,-1,1,16,10000
2876,bg_shop_00,,9250010,200,30,2,408095101,-1,419,-1,1,1,10000
2877,bg_shop_00,,9250010,200,30,2,408095102,-1,419,-1,1,2,10000
2878,bg_shop_00,,9250010,200,30,2,408095103,-1,419,-1,1,3,10000
2879,bg_shop_00,,9250010,200,30,2,408095104,-1,419,-1,1,4,10000
2880,bg_shop_00,,9250010,20,100,2,408095105,-1,419,-1,1,5,10000
2881,bg_shop_00,,9250010,9,600,2,408095106,-1,419,-1,1,6,10000
2882,bg_shop_00,,9250010,10,200,2,408095107,-1,419,-1,1,7,10000
2883,bg_shop_00,,9250010,20,60,2,408095108,-1,419,-1,1,8,10000
2884,bg_shop_00,,9250010,100,20,2,408095109,-1,419,-1,1,9,10000
2885,bg_shop_00,,9250010,999,5,2,408095110,-1,419,-1,1,10,10000
2886,bg_shop_00,,9250010,999,2,2,408095111,-1,419,-1,1,11,10000
2887,bg_shop_00,,9250010,999,5,2,408095112,-1,419,-1,1,12,10000
2888,bg_shop_00,,9250010,999,60,2,408095113,-1,419,-1,1,13,10000
2889,bg_shop_00,,9250010,999,20,2,408095114,-1,419,-1,1,14,10000
2890,bg_shop_00,,401081002,1,1999,2,408095401,1,420,-1,1,3,10000
49142890,bg_shop_00,,401081002,1,1999,2,401171790,1,420,-1,1,2,10000
509072890,bg_shop_00,,401081002,1,1999,2,408136001,1,420,-1,1,1,10000
2891,bg_shop_00,,401081002,1,999,2,402067702,1,420,-1,1,4,10000
2892,bg_shop_00,,401081002,10,25,2,407105002,1,420,-1,1,5,10000
2893,bg_shop_00,,401081002,6,65,2,407105003,1,420,-1,1,6,10000
2894,bg_shop_00,,401081002,300,15,2,407105004,1,420,-1,1,7,10000
2895,bg_shop_00,,401081002,20,40,2,407105005,1,420,-1,1,8,10000
2896,bg_shop_00,,401081002,300,100,2,407105006,1,420,-1,1,9,10000
2897,bg_shop_00,,401081002,100,15,2,407105007,1,420,-1,1,10,10000
2898,bg_shop_00,,401081002,1000,5,2,407105008,1,420,-1,1,11,10000
2899,bg_shop_00,,401081002,100,75,2,407105009,1,420,-1,1,12,10000
2900,bg_shop_00,,401081002,300,5,2,407105010,1,420,-1,1,13,10000
2901,bg_shop_00,,9250010,20,300,2,408099001,-1,421,-1,1,1,10000
2902,bg_shop_00,,9250010,200,30,2,408099002,-1,421,-1,1,2,10000
2903,bg_shop_00,,9250010,20,100,2,408099003,-1,421,-1,1,3,10000
2904,bg_shop_00,,9250010,9,600,2,408099004,-1,421,-1,1,4,10000
2905,bg_shop_00,,9250010,800,30,2,408099005,-1,421,-1,1,5,10000
2906,bg_shop_00,,9250010,5,300,2,408099006,-1,421,-1,1,6,10000
2907,bg_shop_00,,9250010,5,300,2,408099007,-1,421,-1,1,7,10000
2908,bg_shop_00,,9250010,999,30,2,408099008,-1,421,-1,1,8,10000
2909,bg_shop_00,,9250010,999,100,2,408099009,-1,421,-1,1,9,10000
2910,bg_shop_00,,9250010,999,80,2,408099010,-1,421,-1,1,10,10000
2911,bg_shop_00,,204002,100,30,2,408135101,-1,422,-1,1,1,10000
2912,bg_shop_00,,204002,100,30,2,408135102,-1,422,-1,1,2,10000
2913,bg_shop_00,,204002,100,30,2,408135103,-1,422,-1,1,3,10000
2914,bg_shop_00,,204002,100,30,2,408135104,-1,422,-1,1,4,10000
2915,bg_shop_00,,204002,20,100,2,408135105,-1,422,-1,1,5,10000
2916,bg_shop_00,,204002,9,600,2,408135106,-1,422,-1,1,6,10000
2917,bg_shop_00,,204002,5,300,2,408135107,-1,422,-1,1,7,10000
2918,bg_shop_00,,204002,10,200,2,408135108,-1,422,-1,1,8,10000
2919,bg_shop_00,,204002,20,60,2,408135109,-1,422,-1,1,9,10000
2920,bg_shop_00,,204002,100,20,2,408135110,-1,422,-1,1,10,10000
2921,bg_shop_00,,204002,999,5,2,408135111,-1,422,-1,1,11,10000
2922,bg_shop_00,,204002,999,2,2,408135112,-1,422,-1,1,12,10000
2923,bg_shop_00,,204002,999,5,2,408135113,-1,422,-1,1,13,10000
2924,bg_shop_00,,204002,999,60,2,408135114,-1,422,-1,1,14,10000
2925,bg_shop_00,,204002,999,20,2,408135115,-1,422,-1,1,15,10000
2926,bg_shop_00,,204002,1,150,2,408143001,1,423,1,1,1,10000
2927,bg_shop_00,,204002,200,30,2,408143002,1,423,-1,1,2,10000
2928,bg_shop_00,,204002,200,30,2,408143003,1,423,-1,1,3,10000
2929,bg_shop_00,,204002,200,30,2,408143004,1,423,-1,1,4,10000
2930,bg_shop_00,,204002,3,200,2,408143005,1,423,-1,1,5,10000
2931,bg_shop_00,,204002,3,250,2,408143006,1,423,-1,1,6,10000
2932,bg_shop_00,,204002,3,350,2,408143007,1,423,-1,1,7,10000
2933,bg_shop_00,,204002,3,350,2,408143008,1,423,-1,1,8,10000
2934,bg_shop_00,,204002,4,450,2,408143009,1,423,-1,1,9,10000
2935,bg_shop_00,,204002,8,250,2,408143010,1,423,-1,1,10,10000
2936,bg_shop_00,,204002,999,200,2,408143011,1,423,-1,1,11,10000
2937,bg_shop_00,,204002,999,50,2,408143012,1,423,-1,1,12,10000
2938,bg_shop_00,,204002,999,10,2,408143013,1,423,-1,1,13,10000
2939,bg_shop_00,,401081002,1,999,2,407040850,1,424,-1,1,1,10000
2940,bg_shop_00,,401081002,1,5000,2,408154901,1,424,-1,1,2,10000
2941,bg_shop_00,,401081002,11,250,2,407192502,1,424,-1,1,3,10000
2942,bg_shop_00,,401081002,11,250,2,407192503,1,424,-1,1,4,10000
2943,bg_shop_00,,401081002,11,80,2,407192504,1,424,-1,1,5,10000
2944,bg_shop_00,,401081002,11,80,2,407192505,1,424,-1,1,6,10000
2945,bg_shop_00,,401081002,11,80,2,407192506,1,424,-1,1,7,10000
2946,bg_shop_00,,401081002,8,400,2,407192507,1,424,-1,1,8,10000
2947,bg_shop_00,,401081002,8,400,2,408020901,1,424,-1,1,9,10000
2948,bg_shop_00,,401081002,4,300,2,405301211,1,424,-1,1,10,10000
2949,bg_shop_00,,401081002,8,30,2,408154902,1,424,-1,1,11,10000
2950,bg_shop_00,,401081002,999,120,2,407192501,1,424,-1,1,12,10000
2951,bg_shop_00,,401081002,999,120,2,404127006,1,424,-1,1,13,10000
2952,bg_shop_00,,401081002,999,30,2,404127009,1,424,-1,1,14,10000
2953,bg_shop_00,,204002,20,300,2,408155011,1,425,-1,1,1,10000
2954,bg_shop_00,,204002,200,30,2,408155012,1,425,-1,1,2,10000
2955,bg_shop_00,,204002,200,30,2,408155013,1,425,-1,1,3,10000
2956,bg_shop_00,,204002,20,100,2,408155014,1,425,-1,1,4,10000
2957,bg_shop_00,,204002,9,600,2,408155015,1,425,-1,1,5,10000
2958,bg_shop_00,,204002,800,30,2,408155016,1,425,-1,1,6,10000
2959,bg_shop_00,,204002,5,300,2,408155017,1,425,-1,1,7,10000
2960,bg_shop_00,,204002,5,300,2,408155018,1,425,-1,1,8,10000
2961,bg_shop_00,,204002,999,30,2,408155019,1,425,-1,1,9,10000
2962,bg_shop_00,,204002,999,100,2,408155020,1,425,-1,1,10,10000
2963,bg_shop_00,,204002,999,80,2,408155021,1,425,-1,1,11,10000
2964,bg_shop_00,,401081002,8,30,2,408154902,1,424,-1,1,11,10000
2965,bg_shop_00,,401081002,8,30,2,408190001,1,424,-1,1,11,10000
2966,bg_shop_00,,9250010,200,30,2,408215101,-1,426,-1,1,1,10000
2967,bg_shop_00,,9250010,200,30,2,408215102,-1,426,-1,1,2,10000
2968,bg_shop_00,,9250010,200,30,2,408215103,-1,426,-1,1,3,10000
2969,bg_shop_00,,9250010,200,30,2,408215104,-1,426,-1,1,4,10000
2970,bg_shop_00,,9250010,20,100,2,408215105,-1,426,-1,1,5,10000
2971,bg_shop_00,,9250010,9,600,2,408215106,-1,426,-1,1,6,10000
2972,bg_shop_00,,9250010,5,300,2,408215107,-1,426,-1,1,7,10000
2973,bg_shop_00,,9250010,10,200,2,408215108,-1,426,-1,1,8,10000
2974,bg_shop_00,,9250010,20,60,2,408215109,-1,426,-1,1,9,10000
2975,bg_shop_00,,9250010,100,20,2,408215110,-1,426,-1,1,10,10000
2976,bg_shop_00,,9250010,999,5,2,408215111,-1,426,-1,1,11,10000
2977,bg_shop_00,,9250010,999,2,2,408215112,-1,426,-1,1,12,10000
2978,bg_shop_00,,9250010,999,5,2,408215113,-1,426,-1,1,13,10000
2979,bg_shop_00,,9250010,999,60,2,408215114,-1,426,-1,1,14,10000
2980,bg_shop_00,,9250010,999,20,2,408215115,-1,426,-1,1,15,10000
2981,bg_shop_00,,401081002,1,1999,2,401121701,1,427,-1,1,1,10000
49142981,bg_shop_00,,401081002,1,1999,2,402021500,1,427,-1,1,2,10000
2982,bg_shop_00,,401081002,1,999,2,402067702,1,427,-1,1,3,10000
2983,bg_shop_00,,401081002,10,25,2,407105002,1,427,-1,1,4,10000
2984,bg_shop_00,,401081002,6,65,2,407105003,1,427,-1,1,5,10000
2985,bg_shop_00,,401081002,300,15,2,407105004,1,427,-1,1,6,10000
2986,bg_shop_00,,401081002,20,40,2,407105005,1,427,-1,1,7,10000
2987,bg_shop_00,,401081002,300,100,2,407105006,1,427,-1,1,8,10000
2988,bg_shop_00,,401081002,100,15,2,407105007,1,427,-1,1,9,10000
2989,bg_shop_00,,401081002,1000,5,2,407105008,1,427,-1,1,10,10000
2990,bg_shop_00,,401081002,100,75,2,407105009,1,427,-1,1,11,10000
2991,bg_shop_00,,401081002,300,5,2,407105010,1,427,-1,1,12,10000
2992,bg_shop_00,,9250010,1,5,2,408213001,-1,428,1,1,1,10000
2993,bg_shop_00,,9250010,1,999,2,408213002,-1,428,-1,1,2,10000
2994,bg_shop_00,,9250010,1,500,2,408213003,-1,428,-1,1,3,10000
2995,bg_shop_00,,9250010,30,150,2,408213004,-1,428,-1,1,4,10000
2996,bg_shop_00,,9250010,30,150,2,408213005,-1,428,-1,1,5,10000
2997,bg_shop_00,,9250010,30,150,2,408213006,-1,428,-1,1,6,10000
2998,bg_shop_00,,9250010,100,100,2,408213007,-1,428,-1,1,7,10000
2999,bg_shop_00,,9250010,3,250,2,408213008,-1,428,-1,1,8,10000
3000,bg_shop_00,,9250010,4,300,2,408213009,-1,428,-1,1,9,10000
3001,bg_shop_00,,9250010,1,1200,2,408213010,-1,428,-1,1,10,10000
3002,bg_shop_00,,9250010,1,1200,2,408213011,-1,428,-1,1,11,10000
3003,bg_shop_00,,9250010,1,1200,2,408213012,-1,428,-1,1,12,10000
3004,bg_shop_00,,9250010,1,1200,2,408213013,-1,428,-1,1,13,10000
3005,bg_shop_00,,9250010,11,200,2,408213014,-1,428,-1,1,14,10000
3006,bg_shop_00,,9250010,1000,50,2,408213015,-1,428,-1,1,15,10000
3007,bg_shop_00,,9250010,1000,20,2,408213016,-1,428,-1,1,16,10000
3008,bg_shop_00,,9250010,1000,20,2,408213017,-1,428,-1,1,17,10000
3009,bg_shop_00,,405151001,10,100,2,408220001,1,429,-1,1,1,10000
3010,bg_shop_00,,405151001,1,500,2,408220002,1,429,-1,1,2,10000
3011,bg_shop_00,,405151001,1,500,2,408220003,1,429,-1,1,3,10000
3012,bg_shop_00,,405151001,1,500,2,408220004,1,429,-1,1,4,10000
3013,bg_shop_00,,405151001,1,500,2,408220005,1,429,-1,1,5,10000
3014,bg_shop_00,,405151001,11,250,2,408220006,1,429,-1,1,6,10000
3015,bg_shop_00,,405151001,11,250,2,408220007,1,429,-1,1,7,10000
3016,bg_shop_00,,405151001,11,250,2,408220008,1,429,-1,1,8,10000
3017,bg_shop_00,,405151001,5,15,2,408220009,1,429,-1,1,9,10000
3018,bg_shop_00,,405151001,500,3,2,408220010,1,429,-1,1,10,10000
3019,bg_shop_00,,405151001,300,2,2,408220011,1,429,-1,1,11,10000
3020,bg_shop_00,,405151001,1000,1,2,408220012,1,429,-1,1,12,10000
3021,bg_shop_00,,9250010,20,300,2,408226001,-1,430,-1,1,1,10000
3022,bg_shop_00,,9250010,200,30,2,408226002,-1,430,-1,1,2,10000
3023,bg_shop_00,,9250010,200,30,2,408226003,-1,430,-1,1,3,10000
3024,bg_shop_00,,9250010,200,30,2,408226004,-1,430,-1,1,4,10000
3025,bg_shop_00,,9250010,200,30,2,408226005,-1,430,-1,1,5,10000
3026,bg_shop_00,,9250010,20,100,2,408226006,-1,430,-1,1,6,10000
3027,bg_shop_00,,9250010,9,600,2,408226007,-1,430,-1,1,7,10000
3028,bg_shop_00,,9250010,5,300,2,408226008,-1,430,-1,1,8,10000
408293028,bg_shop_00,,9250010,10,6,2,408305001,-1,430,-1,1,9,10000
408293029,bg_shop_00,,9250010,50,4,2,408305002,-1,430,-1,1,10,10000
3029,bg_shop_00,,9250010,10,200,2,408226009,-1,430,-1,1,11,10000
3030,bg_shop_00,,9250010,20,60,2,408226010,-1,430,-1,1,12,10000
3031,bg_shop_00,,9250010,100,20,2,408226011,-1,430,-1,1,13,10000
3032,bg_shop_00,,9250010,999,5,2,408226012,-1,430,-1,1,14,10000
3033,bg_shop_00,,9250010,999,2,2,408226013,-1,430,-1,1,15,10000
3034,bg_shop_00,,9250010,999,5,2,408226014,-1,430,-1,1,16,10000
3035,bg_shop_00,,9250010,999,60,2,408226015,-1,430,-1,1,17,10000
3036,bg_shop_00,,9250010,999,20,2,408226016,-1,430,-1,1,18,10000
3037,bg_shop_00,,204002,20,300,2,408226101,1,431,-1,1,1,10000
3038,bg_shop_00,,204002,100,30,2,408226102,1,431,-1,1,2,10000
3039,bg_shop_00,,204002,100,30,2,408226103,1,431,-1,1,3,10000
3040,bg_shop_00,,204002,100,30,2,408226104,1,431,-1,1,4,10000
3041,bg_shop_00,,204002,100,30,2,408226105,1,431,-1,1,5,10000
3042,bg_shop_00,,204002,20,100,2,408226106,1,431,-1,1,6,10000
3043,bg_shop_00,,204002,9,600,2,408226107,1,431,-1,1,7,10000
3044,bg_shop_00,,204002,5,300,2,408226108,1,431,-1,1,8,10000
408293044,bg_shop_00,,204002,10,6,2,408305001,1,431,-1,1,9,10000
408293045,bg_shop_00,,204002,50,4,2,408305002,1,431,-1,1,10,10000
3045,bg_shop_00,,204002,10,200,2,408226109,1,431,-1,1,11,10000
3046,bg_shop_00,,204002,20,60,2,408226110,1,431,-1,1,12,10000
3047,bg_shop_00,,204002,100,20,2,408226111,1,431,-1,1,13,10000
3048,bg_shop_00,,204002,999,5,2,408226112,1,431,-1,1,14,10000
3049,bg_shop_00,,204002,999,2,2,408226113,1,431,-1,1,15,10000
3050,bg_shop_00,,204002,999,5,2,408226114,1,431,-1,1,16,10000
3051,bg_shop_00,,204002,999,60,2,408226115,1,431,-1,1,17,10000
3052,bg_shop_00,,204002,999,20,2,408226116,1,431,-1,1,18,10000
3053,bg_shop_00,,9250010,20,300,2,408226201,-1,432,-1,1,1,10000
3054,bg_shop_00,,9250010,20,300,2,408226202,-1,432,-1,1,2,10000
3055,bg_shop_00,,9250010,200,30,2,408226203,-1,432,-1,1,3,10000
3056,bg_shop_00,,9250010,200,30,2,408226204,-1,432,-1,1,4,10000
3057,bg_shop_00,,9250010,200,30,2,408226205,-1,432,-1,1,5,10000
3058,bg_shop_00,,9250010,200,30,2,408226206,-1,432,-1,1,6,10000
3059,bg_shop_00,,9250010,20,100,2,408226207,-1,432,-1,1,7,10000
3060,bg_shop_00,,9250010,9,600,2,408226208,-1,432,-1,1,8,10000
3061,bg_shop_00,,9250010,5,300,2,408226209,-1,432,-1,1,9,10000
408293061,bg_shop_00,,9250010,10,6,2,408305001,-1,432,-1,1,10,10000
408293062,bg_shop_00,,9250010,50,4,2,408305002,-1,432,-1,1,11,10000
3062,bg_shop_00,,9250010,10,200,2,408226210,-1,432,-1,1,12,10000
3063,bg_shop_00,,9250010,20,60,2,408226211,-1,432,-1,1,13,10000
3064,bg_shop_00,,9250010,100,20,2,408226212,-1,432,-1,1,14,10000
3065,bg_shop_00,,9250010,999,5,2,408226213,-1,432,-1,1,15,10000
3066,bg_shop_00,,9250010,999,2,2,408226214,-1,432,-1,1,16,10000
3067,bg_shop_00,,9250010,999,5,2,408226215,-1,432,-1,1,17,10000
3068,bg_shop_00,,9250010,999,60,2,408226216,-1,432,-1,1,18,10000
3069,bg_shop_00,,9250010,999,20,2,408226217,-1,432,-1,1,19,10000
3070,bg_shop_00,,408200002,1,999,2,408221201,-1,433,-1,1,1,10000
3071,bg_shop_00,,408200002,1,999,2,408221202,-1,433,-1,1,2,10000
3072,bg_shop_00,,408200002,1,1299,2,408221203,-1,433,-1,1,3,10000
3073,bg_shop_00,,408200007,1,5,2,408221204,-1,433,-1,1,4,10000
3074,bg_shop_00,,408200002,100,10,2,408221205,-1,433,-1,1,5,10000
3075,bg_shop_00,,408200002,11,200,2,408221206,-1,433,-1,1,6,10000
3076,bg_shop_00,,408200002,11,200,2,408221207,-1,433,-1,1,7,10000
3077,bg_shop_00,,408200002,4,200,2,408221208,-1,433,-1,1,8,10000
3078,bg_shop_00,,408200002,20,15,2,408221209,-1,433,-1,1,9,10000
3079,bg_shop_00,,408200002,100,10,2,408221210,-1,433,-1,1,10,10000
3080,bg_shop_00,,408200002,500,1,2,408221211,-1,433,-1,1,11,10000
3081,bg_shop_00,,408200002,1000,2,2,408221212,-1,433,-1,1,12,10000
3082,bg_shop_00,,408200002,1000,2,2,408221213,-1,433,-1,1,13,10000
3083,bg_shop_00,,408200002,1000,2,2,408221214,-1,433,-1,1,14,10000
3084,bg_shop_00,,408200002,1000,1,2,408221215,-1,433,-1,1,15,10000
3085,bg_shop_00,,408200002,1000,1,2,408221216,-1,433,-1,1,16,10000
3086,bg_shop_00,,408200002,1,999,2,408221301,-1,434,-1,1,1,10000
3087,bg_shop_00,,408200002,1,999,2,408221302,-1,434,-1,1,2,10000
3088,bg_shop_00,,408200002,100,10,2,408221303,-1,434,-1,1,3,10000
3089,bg_shop_00,,408200007,1,5,2,408221304,-1,434,-1,1,4,10000
3090,bg_shop_00,,408200002,11,200,2,408221305,-1,434,-1,1,5,10000
3091,bg_shop_00,,408200002,11,200,2,408221306,-1,434,-1,1,6,10000
3092,bg_shop_00,,408200002,20,90,2,408221307,-1,434,-1,1,7,10000
3093,bg_shop_00,,408200002,50,30,2,408221308,-1,434,-1,1,8,10000
3094,bg_shop_00,,408200002,20,15,2,408221309,-1,434,-1,1,9,10000
3095,bg_shop_00,,408200002,100,10,2,408221310,-1,434,-1,1,10,10000
3096,bg_shop_00,,408200002,500,1,2,408221311,-1,434,-1,1,11,10000
3097,bg_shop_00,,408200002,200,10,2,408221312,-1,434,-1,1,12,10000
3098,bg_shop_00,,408200002,1000,2,2,408221313,-1,434,-1,1,13,10000
3099,bg_shop_00,,408200002,1000,2,2,408221314,-1,434,-1,1,14,10000
3100,bg_shop_00,,408200002,1000,2,2,408221315,-1,434,-1,1,15,10000
3101,bg_shop_00,,408200002,1000,1,2,408221316,-1,434,-1,1,16,10000
3102,bg_shop_00,,408200002,1000,1,2,408221317,-1,434,-1,1,17,10000
3103,bg_shop_00,,9250010,20,300,2,408228101,-1,435,-1,1,1,10000
3104,bg_shop_00,,9250010,200,30,2,408228102,-1,435,-1,1,2,10000
3105,bg_shop_00,,9250010,200,30,2,408228103,-1,435,-1,1,3,10000
3106,bg_shop_00,,9250010,20,100,2,408228104,-1,435,-1,1,4,10000
3107,bg_shop_00,,9250010,9,600,2,408228105,-1,435,-1,1,5,10000
3108,bg_shop_00,,9250010,800,30,2,408228106,-1,435,-1,1,6,10000
3109,bg_shop_00,,9250010,5,300,2,408228107,-1,435,-1,1,7,10000
3110,bg_shop_00,,9250010,5,300,2,408228108,-1,435,-1,1,8,10000
3111,bg_shop_00,,9250010,999,200,2,408228109,-1,435,-1,1,9,10000
3112,bg_shop_00,,9250010,999,60,2,408228110,-1,435,-1,1,10,10000
3113,bg_shop_00,,9250010,999,20,2,408228111,-1,435,-1,1,11,10000
3114,bg_shop_00,,9250010,999,5,2,408228112,-1,435,-1,1,12,10000
3115,bg_shop_00,,9250010,999,2,2,408228113,-1,435,-1,1,13,10000
3116,bg_shop_00,,9250010,999,30,2,408228114,-1,435,-1,1,14,10000
3117,bg_shop_00,,9250010,999,100,2,408228115,-1,435,-1,1,15,10000
3118,bg_shop_00,,9250010,999,80,2,408228116,-1,435,-1,1,16,10000
3119,bg_shop_00,,9250010,4,200,2,408234901,-1,428,-1,1,10,10000
3120,bg_shop_00,,204002,20,300,2,408265101,1,436,-1,1,1,10000
3121,bg_shop_00,,204002,20,300,2,408265102,1,436,-1,1,2,10000
3122,bg_shop_00,,204002,100,30,2,408265103,1,436,-1,1,3,10000
3123,bg_shop_00,,204002,100,30,2,408265104,1,436,-1,1,4,10000
3124,bg_shop_00,,204002,100,30,2,408265105,1,436,-1,1,5,10000
3125,bg_shop_00,,204002,100,30,2,408265106,1,436,-1,1,6,10000
3126,bg_shop_00,,204002,20,100,2,408265107,1,436,-1,1,7,10000
3127,bg_shop_00,,204002,9,600,2,408265108,1,436,-1,1,8,10000
3128,bg_shop_00,,204002,5,300,2,408265109,1,436,-1,1,9,10000
408293128,bg_shop_00,,204002,10,6,2,408305001,1,436,-1,1,10,10000
408293129,bg_shop_00,,204002,50,4,2,408305002,1,436,-1,1,11,10000
3129,bg_shop_00,,204002,10,200,2,408265110,1,436,-1,1,12,10000
3130,bg_shop_00,,204002,20,60,2,408265111,1,436,-1,1,13,10000
3131,bg_shop_00,,204002,100,20,2,408265112,1,436,-1,1,14,10000
3132,bg_shop_00,,204002,999,5,2,408265113,1,436,-1,1,15,10000
3133,bg_shop_00,,204002,999,2,2,408265114,1,436,-1,1,16,10000
3134,bg_shop_00,,204002,999,5,2,408265115,1,436,-1,1,17,10000
3135,bg_shop_00,,204002,999,60,2,408265116,1,436,-1,1,18,10000
3136,bg_shop_00,,204002,999,20,2,408265117,1,436,-1,1,19,10000
3137,bg_shop_00,,204002,200,30,2,408286011,1,437,-1,1,1,10000
3138,bg_shop_00,,204002,200,30,2,408286012,1,437,-1,1,2,10000
3139,bg_shop_00,,204002,200,30,2,408286013,1,437,-1,1,3,10000
3140,bg_shop_00,,204002,200,30,2,408286014,1,437,-1,1,4,10000
3141,bg_shop_00,,204002,200,30,2,408286015,1,437,-1,1,5,10000
3142,bg_shop_00,,204002,200,30,2,408286016,1,437,-1,1,6,10000
3143,bg_shop_00,,204002,200,30,2,408286017,1,437,-1,1,7,10000
3144,bg_shop_00,,204002,200,30,2,408286018,1,437,-1,1,8,10000
3145,bg_shop_00,,204002,20,100,2,408286019,1,437,-1,1,9,10000
3146,bg_shop_00,,204002,9,600,2,408286020,1,437,-1,1,10,10000
3147,bg_shop_00,,204002,800,30,2,408286021,1,437,-1,1,11,10000
3148,bg_shop_00,,204002,800,30,2,408286022,1,437,-1,1,12,10000
3149,bg_shop_00,,204002,800,30,2,408286023,1,437,-1,1,13,10000
3150,bg_shop_00,,204002,5,300,2,408286024,1,437,-1,1,14,10000
3151,bg_shop_00,,204002,5,300,2,408286025,1,437,-1,1,15,10000
408293151,bg_shop_00,,204002,10,6,2,408305001,1,437,-1,1,16,10000
408293152,bg_shop_00,,204002,50,4,2,408305002,1,437,-1,1,17,10000
3152,bg_shop_00,,204002,999,200,2,408286026,1,437,-1,1,18,10000
3153,bg_shop_00,,204002,999,60,2,408286027,1,437,-1,1,19,10000
3154,bg_shop_00,,204002,999,20,2,408286028,1,437,-1,1,20,10000
3155,bg_shop_00,,204002,999,5,2,408286029,1,437,-1,1,21,10000
3156,bg_shop_00,,204002,999,2,2,408286030,1,437,-1,1,22,10000
3157,bg_shop_00,,204002,999,30,2,408286031,1,437,-1,1,23,10000
3158,bg_shop_00,,204002,999,100,2,408286032,1,437,-1,1,24,10000
3159,bg_shop_00,,204002,999,80,2,408286033,1,437,-1,1,25,10000
3160,bg_shop_00,,401250002,1,500,2,408280001,-1,438,1,1,1,10000
3161,bg_shop_00,,401250002,1,8000,2,408280002,-1,438,-1,1,2,10000
3162,bg_shop_00,,401250002,1,3000,2,408280003,-1,438,-1,1,3,10000
3163,bg_shop_00,,401250002,1,1000,2,408280004,-1,438,-1,1,4,10000
3164,bg_shop_00,,401250002,1,1000,2,408280005,-1,438,-1,1,5,10000
3165,bg_shop_00,,401250002,1,1000,2,408280006,-1,438,-1,1,6,10000
3166,bg_shop_00,,401250002,100,300,2,408280007,-1,438,-1,1,7,10000
3167,bg_shop_00,,401250002,3,1000,2,408280008,-1,438,-1,1,8,10000
3168,bg_shop_00,,401250002,1,8000,2,408280009,-1,438,-1,1,9,10000
3169,bg_shop_00,,401250002,1,8000,2,408280010,-1,438,-1,1,10,10000
3170,bg_shop_00,,401250002,1,8000,2,408280011,-1,438,-1,1,11,10000
3171,bg_shop_00,,401250002,1,8000,2,408280012,-1,438,-1,1,12,10000
3172,bg_shop_00,,401250002,11,1600,2,408280013,-1,438,-1,1,13,10000
3173,bg_shop_00,,401250002,11,1600,2,408280014,-1,438,-1,0,14,10000
3174,bg_shop_00,,401250002,11,1600,2,408280015,-1,438,-1,0,15,10000
3175,bg_shop_00,,401250002,11,400,2,408280016,-1,438,-1,0,16,10000
3176,bg_shop_00,,401250002,11,400,2,408280017,-1,438,-1,0,17,10000
3177,bg_shop_00,,401250002,11,400,2,408280018,-1,438,-1,0,18,10000
3178,bg_shop_00,,401250002,3,2000,2,408280019,-1,438,-1,1,19,10000
3179,bg_shop_00,,401250002,3,2000,2,408280020,-1,438,-1,1,20,10000
3180,bg_shop_00,,401250002,1000,250,2,408280021,-1,438,-1,1,21,10000
3181,bg_shop_00,,401250002,1000,100,2,408280022,-1,438,-1,1,22,10000
3182,bg_shop_00,,401250002,8,1000,2,409010001,-1,438,-1,1,13,10000
3183,bg_shop_00,,9250010,20,300,2,409025101,-1,439,-1,1,1,10000
3184,bg_shop_00,,9250010,20,300,2,409025102,-1,439,-1,1,2,10000
3185,bg_shop_00,,9250010,20,300,2,409025103,-1,439,-1,1,3,10000
3186,bg_shop_00,,9250010,200,30,2,409025104,-1,439,-1,1,4,10000
3187,bg_shop_00,,9250010,200,30,2,409025105,-1,439,-1,1,5,10000
3188,bg_shop_00,,9250010,200,30,2,409025106,-1,439,-1,1,6,10000
3190,bg_shop_00,,9250010,20,100,2,409025107,-1,439,-1,1,8,10000
3191,bg_shop_00,,9250010,9,600,2,409025108,-1,439,-1,1,9,10000
3192,bg_shop_00,,9250010,5,300,2,409025109,-1,439,-1,1,10,10000
3193,bg_shop_00,,9250010,5,300,2,409025110,-1,439,-1,1,11,10000
3194,bg_shop_00,,9250010,10,6,2,409025111,-1,439,-1,1,12,10000
3195,bg_shop_00,,9250010,50,4,2,409025112,-1,439,-1,1,13,10000
3196,bg_shop_00,,9250010,10,200,2,409025113,-1,439,-1,1,14,10000
3197,bg_shop_00,,9250010,20,60,2,409025114,-1,439,-1,1,15,10000
3198,bg_shop_00,,9250010,100,20,2,409025115,-1,439,-1,1,16,10000
3199,bg_shop_00,,9250010,999,5,2,409025116,-1,439,-1,1,17,10000
3200,bg_shop_00,,9250010,999,2,2,409025117,-1,439,-1,1,18,10000
3201,bg_shop_00,,9250010,999,5,2,409025118,-1,439,-1,1,19,10000
3202,bg_shop_00,,9250010,999,60,2,409025119,-1,439,-1,1,20,10000
3203,bg_shop_00,,9250010,999,20,2,409025120,-1,439,-1,1,21,10000
3204,bg_shop_00,,401081002,1,1999,2,404127001,1,440,-1,1,1,10000
49143204,bg_shop_00,,401081002,1,1999,2,402067701,1,440,-1,1,2,10000
3205,bg_shop_00,,401081002,1,999,2,402067702,1,440,-1,1,4,10000
3206,bg_shop_00,,401081002,10,25,2,407105002,1,440,-1,1,5,10000
3207,bg_shop_00,,401081002,6,65,2,407105003,1,440,-1,1,6,10000
3208,bg_shop_00,,401081002,300,15,2,407105004,1,440,-1,1,7,10000
3209,bg_shop_00,,401081002,20,40,2,407105005,1,440,-1,1,8,10000
3210,bg_shop_00,,401081002,300,100,2,407105006,1,440,-1,1,9,10000
3211,bg_shop_00,,401081002,100,15,2,407105007,1,440,-1,1,10,10000
3212,bg_shop_00,,401081002,1000,5,2,407105008,1,440,-1,1,11,10000
3213,bg_shop_00,,401081002,100,75,2,407105009,1,440,-1,1,12,10000
3214,bg_shop_00,,401081002,300,5,2,407105010,1,440,-1,1,13,10000
3215,bg_shop_00,,204002,20,300,2,409045101,1,441,-1,1,1,10000
3216,bg_shop_00,,204002,20,300,2,409045102,1,441,-1,1,2,10000
3217,bg_shop_00,,204002,20,300,2,409045103,1,441,-1,1,3,10000
3218,bg_shop_00,,204002,800,30,2,409045104,1,441,-1,1,4,10000
3219,bg_shop_00,,204002,20,100,2,409045105,1,441,-1,1,5,10000
3220,bg_shop_00,,204002,9,600,2,409045106,1,441,-1,1,6,10000
3221,bg_shop_00,,204002,5,300,2,409045107,1,441,-1,1,7,10000
3222,bg_shop_00,,204002,5,300,2,409045108,1,441,-1,1,8,10000
3223,bg_shop_00,,204002,10,6,2,409045109,1,441,-1,1,9,10000
3224,bg_shop_00,,204002,50,4,2,409045110,1,441,-1,1,10,10000
3225,bg_shop_00,,204002,10,200,2,409045111,1,441,-1,1,11,10000
3226,bg_shop_00,,204002,20,60,2,409045112,1,441,-1,1,12,10000
3227,bg_shop_00,,204002,100,20,2,409045113,1,441,-1,1,13,10000
3228,bg_shop_00,,204002,999,5,2,409045114,1,441,-1,1,14,10000
3229,bg_shop_00,,204002,999,2,2,409045115,1,441,-1,1,15,10000
3230,bg_shop_00,,204002,999,5,2,409045116,1,441,-1,1,16,10000
3231,bg_shop_00,,204002,999,60,2,409045117,1,441,-1,1,17,10000
3232,bg_shop_00,,204002,999,20,2,409045118,1,441,-1,1,18,10000
3233,bg_shop_00,,204002,1,150,2,409050101,1,442,1,1,1,10000
3234,bg_shop_00,,204002,200,30,2,409050102,1,442,-1,1,2,10000
3235,bg_shop_00,,204002,1,2000,2,409050103,1,442,-1,1,3,10000
3236,bg_shop_00,,204002,1,2000,2,409050104,1,442,-1,1,4,10000
3237,bg_shop_00,,204002,1,2000,2,409050105,1,442,-1,1,5,10000
3238,bg_shop_00,,204002,1,2000,2,409050106,1,442,-1,1,6,10000
3239,bg_shop_00,,204002,3,200,2,409050107,1,442,-1,1,7,10000
3240,bg_shop_00,,204002,3,250,2,409050108,1,442,-1,1,8,10000
3241,bg_shop_00,,204002,3,350,2,409050109,1,442,-1,1,9,10000
3242,bg_shop_00,,204002,3,350,2,409050110,1,442,-1,1,10,10000
3243,bg_shop_00,,204002,4,450,2,409050111,1,442,-1,1,11,10000
3244,bg_shop_00,,204002,8,250,2,409050112,1,442,-1,1,12,10000
3245,bg_shop_00,,204002,999,200,2,409050113,1,442,-1,1,13,10000
3246,bg_shop_00,,204002,999,50,2,409050114,1,442,-1,1,12,10000
3247,bg_shop_00,,204002,999,10,2,409050115,1,442,-1,1,13,10000
3248,bg_shop_00,,401081002,1,999,2,409050501,1,443,-1,1,1,10000
3249,bg_shop_00,,401081002,1,120,2,409050502,1,443,-1,1,2,10000
3250,bg_shop_00,,401081002,8,400,2,409050503,1,443,-1,1,3,10000
3251,bg_shop_00,,401081002,8,400,2,409050504,1,443,-1,1,4,10000
3252,bg_shop_00,,401081002,4,300,2,409050505,1,443,-1,1,5,10000
3253,bg_shop_00,,401081002,1,1200,2,409050506,1,443,-1,1,6,10000
3254,bg_shop_00,,401081002,1,1200,2,409050507,1,443,-1,1,7,10000
3255,bg_shop_00,,401081002,1,1200,2,409050508,1,443,-1,1,8,10000
3256,bg_shop_00,,401081002,1,1200,2,409050509,1,443,-1,1,9,10000
3257,bg_shop_00,,401081002,4,30,2,409050510,1,443,-1,1,10,10000
3258,bg_shop_00,,401081002,20,60,2,409050511,1,443,-1,1,11,10000
3259,bg_shop_00,,401081002,999,30,2,409050512,1,443,-1,1,12,10000
3260,bg_shop_00,,401081002,999,30,2,409050513,1,443,-1,1,13,10000
3261,bg_shop_00,,401081002,999,30,2,409050514,1,443,-1,1,14,10000
3262,bg_shop_00,,204002,100,30,2,409056101,1,444,-1,1,1,10000
3263,bg_shop_00,,204002,100,30,2,409056102,1,444,-1,1,2,10000
3264,bg_shop_00,,204002,100,30,2,409056103,1,444,-1,1,3,10000
3265,bg_shop_00,,204002,20,100,2,409056104,1,444,-1,1,4,10000
3266,bg_shop_00,,204002,9,600,2,409056105,1,444,-1,1,5,10000
3267,bg_shop_00,,204002,800,30,2,409056106,1,444,-1,1,6,10000
3268,bg_shop_00,,204002,5,300,2,409056107,1,444,-1,1,7,10000
3269,bg_shop_00,,204002,5,300,2,409056108,1,444,-1,1,8,10000
3270,bg_shop_00,,204002,10,6,2,409056109,1,444,-1,1,9,10000
3271,bg_shop_00,,204002,50,4,2,409056110,1,444,-1,1,10,10000
3272,bg_shop_00,,204002,999,200,2,409056111,1,444,-1,1,11,10000
3273,bg_shop_00,,204002,999,60,2,409056112,1,444,-1,1,12,10000
3274,bg_shop_00,,204002,999,20,2,409056113,1,444,-1,1,13,10000
3275,bg_shop_00,,204002,999,5,2,409056114,1,444,-1,1,14,10000
3276,bg_shop_00,,204002,999,2,2,409056115,1,444,-1,1,15,10000
3277,bg_shop_00,,204002,999,30,2,409056116,1,444,-1,1,16,10000
3278,bg_shop_00,,204002,999,100,2,409056117,1,444,-1,1,17,10000
3279,bg_shop_00,,204002,999,80,2,409056118,1,444,-1,1,18,10000
3280,bg_shop_00,,401081002,1,1999,2,406280401,1,445,-1,1,1,10000
3281,bg_shop_00,,401081002,1,999,2,402067702,1,445,-1,1,2,10000
3282,bg_shop_00,,401081002,10,25,2,407105002,1,445,-1,1,3,10000
3283,bg_shop_00,,401081002,6,65,2,407105003,1,445,-1,1,4,10000
3284,bg_shop_00,,401081002,300,15,2,407105004,1,445,-1,1,5,10000
3285,bg_shop_00,,401081002,20,40,2,407105005,1,445,-1,1,6,10000
3286,bg_shop_00,,401081002,300,100,2,407105006,1,445,-1,1,7,10000
3287,bg_shop_00,,401081002,100,15,2,407105007,1,445,-1,1,8,10000
3288,bg_shop_00,,401081002,1000,5,2,407105008,1,445,-1,1,9,10000
3289,bg_shop_00,,401081002,100,75,2,407105009,1,445,-1,1,10,10000
3290,bg_shop_00,,401081002,300,5,2,407105010,1,445,-1,1,11,10000
3291,bg_shop_00,,405151001,1,600,2,406280401,1,446,-1,1,1,10000
3292,bg_shop_00,,405151001,1,600,2,407251203,1,446,-1,1,2,10000
3293,bg_shop_00,,405151001,1,300,2,408025201,1,446,-1,1,3,10000
3294,bg_shop_00,,405151001,1,90,2,408025202,1,446,-1,1,4,10000
3295,bg_shop_00,,405151001,1,90,2,408025203,1,446,-1,1,5,10000
3296,bg_shop_00,,405151001,1,90,2,408025204,1,446,-1,1,6,10000
3297,bg_shop_00,,405151001,1,90,2,408025205,1,446,-1,1,7,10000
3298,bg_shop_00,,405151001,1,90,2,408025206,1,446,-1,1,8,10000
3299,bg_shop_00,,405151001,1,90,2,408025207,1,446,-1,1,9,10000
3300,bg_shop_00,,405151001,1,60,2,408025208,1,446,-1,1,10,10000
3301,bg_shop_00,,405151001,1,10,2,408025209,1,446,-1,1,11,10000
3302,bg_shop_00,,405151001,2,150,2,408025210,1,446,-1,1,12,10000
3303,bg_shop_00,,405151001,2,150,2,408025211,1,446,-1,1,13,10000
3304,bg_shop_00,,405151001,2,150,2,408025212,1,446,-1,1,14,10000
3305,bg_shop_00,,405151001,2,150,2,408025213,1,446,-1,1,15,10000
3306,bg_shop_00,,405151001,2,150,2,408025214,1,446,-1,1,16,10000
3307,bg_shop_00,,405151001,2,150,2,408025215,1,446,-1,1,17,10000
3308,bg_shop_00,,405151001,2,150,2,408025216,1,446,-1,1,18,10000
3309,bg_shop_00,,405151001,2,150,2,408025217,1,446,-1,1,19,10000
3310,bg_shop_00,,405151001,1,150,2,408025218,1,446,-1,1,20,10000
3311,bg_shop_00,,405151001,1,150,2,408025219,1,446,-1,1,21,10000
3312,bg_shop_00,,405151001,1,150,2,408025220,1,446,-1,1,22,10000
3313,bg_shop_00,,405151001,1,150,2,408025221,1,446,-1,1,23,10000
3314,bg_shop_00,,405151001,500,3,2,408025222,1,446,-1,1,24,10000
3315,bg_shop_00,,405151001,300,2,2,408025223,1,446,-1,1,25,10000
3316,bg_shop_00,,405151001,1000,1,2,408025224,1,446,-1,1,26,10000
3317,bg_shop_00,,9250010,10,5,2,408213001,-1,447,1,1,1,10000
3318,bg_shop_00,,9250010,1,999,2,408213002,-1,447,-1,1,2,10000
3319,bg_shop_00,,9250010,1,500,2,408213003,-1,447,-1,1,3,10000
3320,bg_shop_00,,9250010,30,150,2,408213004,-1,447,-1,1,4,10000
3321,bg_shop_00,,9250010,30,150,2,408213005,-1,447,-1,1,5,10000
3322,bg_shop_00,,9250010,30,150,2,408213006,-1,447,-1,1,6,10000
3323,bg_shop_00,,9250010,100,100,2,408213007,-1,447,-1,1,7,10000
3324,bg_shop_00,,9250010,3,250,2,408213008,-1,447,-1,1,8,10000
3325,bg_shop_00,,9250010,4,300,2,408213009,-1,447,-1,1,9,10000
3326,bg_shop_00,,9250010,4,200,2,408234901,-1,447,-1,1,10,10000
3327,bg_shop_00,,9250010,1,1200,2,408213010,-1,447,-1,1,10,10000
3328,bg_shop_00,,9250010,1,1200,2,408213011,-1,447,-1,1,11,10000
3329,bg_shop_00,,9250010,1,1200,2,408213012,-1,447,-1,1,12,10000
3330,bg_shop_00,,9250010,1,1200,2,408213013,-1,447,-1,1,13,10000
3331,bg_shop_00,,9250010,11,200,2,408213014,-1,447,-1,1,14,10000
3332,bg_shop_00,,9250010,1000,50,2,408213015,-1,447,-1,1,15,10000
3333,bg_shop_00,,9250010,1000,20,2,408213016,-1,447,-1,1,16,10000
3334,bg_shop_00,,9250010,1000,20,2,408213017,-1,447,-1,1,17,10000
3335,bg_shop_00,,405151001,20,30,2,409135101,1,448,-1,1,1,10000
3336,bg_shop_00,,405151001,20,30,2,409135102,1,448,-1,1,2,10000
3337,bg_shop_00,,405151001,20,30,2,409135103,1,448,-1,1,3,10000
3338,bg_shop_00,,405151001,999,3,2,409135104,1,448,-1,1,4,10000
3339,bg_shop_00,,405151001,999,3,2,409135105,1,448,-1,1,5,10000
3340,bg_shop_00,,405151001,999,3,2,409135106,1,448,-1,1,6,10000
3341,bg_shop_00,,405151001,200,4,2,409135107,1,448,-1,1,7,10000
3342,bg_shop_00,,405151001,1,300,2,409135108,1,448,-1,1,8,10000
3343,bg_shop_00,,405151001,1,90,2,409135109,1,448,-1,1,9,10000
3344,bg_shop_00,,405151001,1,90,2,409135110,1,448,-1,1,10,10000
3345,bg_shop_00,,405151001,1,90,2,409135111,1,448,-1,1,11,10000
3346,bg_shop_00,,405151001,1,90,2,409135112,1,448,-1,1,12,10000
3347,bg_shop_00,,405151001,1,90,2,409135113,1,448,-1,1,13,10000
3348,bg_shop_00,,405151001,1,90,2,409135114,1,448,-1,1,14,10000
3349,bg_shop_00,,405151001,1,90,2,409135115,1,448,-1,1,15,10000
3350,bg_shop_00,,405151001,1,90,2,409135116,1,448,-1,1,16,10000
3351,bg_shop_00,,405151001,1,60,2,409135117,1,448,-1,1,17,10000
3352,bg_shop_00,,405151001,1,30,2,409135118,1,448,-1,1,18,10000
3353,bg_shop_00,,405151001,1,30,2,409135119,1,448,-1,1,19,10000
3354,bg_shop_00,,405151001,1,15,2,409135120,1,448,-1,1,20,10000
3355,bg_shop_00,,405151001,1,10,2,409135121,1,448,-1,1,21,10000
3356,bg_shop_00,,405151001,10,300,2,409135122,1,448,-1,1,22,10000
3357,bg_shop_00,,405151001,100,2,2,409135123,1,448,-1,1,23,10000
3358,bg_shop_00,,405151001,5,80,2,409135124,1,448,-1,1,24,10000
3359,bg_shop_00,,405151001,5,80,2,409135125,1,448,-1,1,25,10000
3360,bg_shop_00,,405151001,5,80,2,409135126,1,448,-1,1,26,10000
3361,bg_shop_00,,405151001,2,150,2,409135127,1,448,-1,1,27,10000
3362,bg_shop_00,,405151001,2,150,2,409135128,1,448,-1,1,28,10000
3363,bg_shop_00,,405151001,2,150,2,409135129,1,448,-1,1,29,10000
3364,bg_shop_00,,405151001,2,150,2,409135130,1,448,-1,1,30,10000
3365,bg_shop_00,,405151001,2,150,2,409135131,1,448,-1,1,31,10000
3366,bg_shop_00,,405151001,2,150,2,409135132,1,448,-1,1,32,10000
3367,bg_shop_00,,405151001,2,150,2,409135133,1,448,-1,1,33,10000
3368,bg_shop_00,,405151001,2,150,2,409135134,1,448,-1,1,34,10000
3369,bg_shop_00,,405151001,2,150,2,409135135,1,448,-1,1,35,10000
3370,bg_shop_00,,405151001,2,150,2,409135136,1,448,-1,1,36,10000
3371,bg_shop_00,,405151001,2,150,2,409135137,1,448,-1,1,37,10000
3372,bg_shop_00,,405151001,2,150,2,409135138,1,448,-1,1,38,10000
3373,bg_shop_00,,405151001,500,2,2,409135139,1,448,-1,1,39,10000
3374,bg_shop_00,,405151001,500,3,2,409135140,1,448,-1,1,40,10000
3375,bg_shop_00,,405151001,300,2,2,409135141,1,448,-1,1,41,10000
3376,bg_shop_00,,405151001,1000,1,2,409135142,1,448,-1,1,42,10000
49143377,bg_shop_00,,401081002,1,1999,2,407040850,1,449,-1,1,1,10000
3377,bg_shop_00,,401081002,1,1999,2,407251203,1,449,-1,1,2,10000
3378,bg_shop_00,,401081002,1,999,2,402067702,1,449,-1,1,3,10000
3379,bg_shop_00,,401081002,10,25,2,407105002,1,449,-1,1,4,10000
3380,bg_shop_00,,401081002,6,65,2,407105003,1,449,-1,1,5,10000
3381,bg_shop_00,,401081002,300,15,2,407105004,1,449,-1,1,6,10000
3382,bg_shop_00,,401081002,20,40,2,407105005,1,449,-1,1,7,10000
3383,bg_shop_00,,401081002,300,100,2,407105006,1,449,-1,1,8,10000
3384,bg_shop_00,,401081002,100,15,2,407105007,1,449,-1,1,9,10000
3385,bg_shop_00,,401081002,1000,5,2,407105008,1,449,-1,1,10,10000
3386,bg_shop_00,,401081002,100,75,2,407105009,1,449,-1,1,11,10000
3387,bg_shop_00,,401081002,300,5,2,407105010,1,449,-1,1,12,10000
3388,bg_shop_00,,9250010,100,30,2,409137101,-1,450,-1,1,1,10000
3389,bg_shop_00,,9250010,100,30,2,409137102,-1,450,-1,1,2,10000
3390,bg_shop_00,,9250010,100,30,2,409137103,-1,450,-1,1,3,10000
3391,bg_shop_00,,9250010,20,100,2,409137104,-1,450,-1,1,4,10000
3392,bg_shop_00,,9250010,9,600,2,409137105,-1,450,-1,1,5,10000
3393,bg_shop_00,,9250010,800,30,2,409137106,-1,450,-1,1,6,10000
3394,bg_shop_00,,9250010,5,300,2,409137107,-1,450,-1,1,7,10000
3395,bg_shop_00,,9250010,5,300,2,409137108,-1,450,-1,1,8,10000
3396,bg_shop_00,,9250010,10,6,2,409137109,-1,450,-1,1,9,10000
3397,bg_shop_00,,9250010,50,4,2,409137110,-1,450,-1,1,10,10000
3398,bg_shop_00,,9250010,999,200,2,409137111,-1,450,-1,1,11,10000
3399,bg_shop_00,,9250010,999,60,2,409137112,-1,450,-1,1,12,10000
3400,bg_shop_00,,9250010,999,20,2,409137113,-1,450,-1,1,13,10000
3401,bg_shop_00,,9250010,999,5,2,409137114,-1,450,-1,1,14,10000
3402,bg_shop_00,,9250010,999,2,2,409137115,-1,450,-1,1,15,10000
3403,bg_shop_00,,9250010,999,30,2,409137116,-1,450,-1,1,16,10000
3404,bg_shop_00,,9250010,999,100,2,409137117,-1,450,-1,1,17,10000
3405,bg_shop_00,,9250010,999,80,2,409137118,-1,450,-1,1,18,10000
3406,bg_shop_00,,409130001,1,3000,2,409130601,1,451,-1,1,1,10000
3407,bg_shop_00,,409130001,10,300,2,409130602,1,451,-1,1,2,10000
3408,bg_shop_00,,409130001,2,1000,2,409130603,1,451,-1,1,3,10000
3409,bg_shop_00,,409130001,6,500,2,409130604,1,451,-1,1,4,10000
3410,bg_shop_00,,409130001,6,500,2,409130605,1,451,-1,1,5,10000
3411,bg_shop_00,,409130001,6,500,2,409130606,1,451,-1,1,6,10000
3412,bg_shop_00,,409130001,2,1500,2,409130607,1,451,-1,1,7,10000
3413,bg_shop_00,,409130001,2,1500,2,409130608,1,451,-1,1,8,10000
3414,bg_shop_00,,409130001,2,500,2,409130609,1,451,-1,1,9,10000
3415,bg_shop_00,,409130001,2,500,2,409130610,1,451,-1,1,10,10000
3416,bg_shop_00,,409130001,2,500,2,409130611,1,451,-1,1,11,10000
3417,bg_shop_00,,409130001,2,1500,2,409130612,1,451,-1,1,12,10000
3418,bg_shop_00,,409130001,2,1500,2,409130613,1,451,-1,1,13,10000
3419,bg_shop_00,,409130001,2,1500,2,409130614,1,451,-1,1,14,10000
3420,bg_shop_00,,409130001,1000,10,2,409130615,1,451,-1,1,15,10000
3421,bg_shop_00,,409130001,1000,10,2,409130616,1,451,-1,1,16,10000
3422,bg_shop_00,,401081002,1,5000,2,409191301,1,452,-1,1,1,10000
3423,bg_shop_00,,401081002,1,999,2,409191302,1,452,-1,1,2,10000
3424,bg_shop_00,,401081002,8,400,2,409191303,1,452,-1,1,3,10000
3425,bg_shop_00,,401081002,8,400,2,409191304,1,452,-1,1,4,10000
3426,bg_shop_00,,401081002,8,250,2,409191305,1,452,-1,1,5,10000
3427,bg_shop_00,,401081002,4,300,2,409191306,1,452,-1,1,6,10000
3428,bg_shop_00,,401081002,1,1200,2,409191307,1,452,-1,1,7,10000
3429,bg_shop_00,,401081002,1,1200,2,409191308,1,452,-1,1,8,10000
3430,bg_shop_00,,401081002,1,1200,2,409191309,1,452,-1,1,9,10000
3431,bg_shop_00,,401081002,1,1200,2,409191310,1,452,-1,1,10,10000
3432,bg_shop_00,,401081002,4,30,2,409191311,1,452,-1,1,11,10000
3433,bg_shop_00,,401081002,20,60,2,409191312,1,452,-1,1,12,10000
3434,bg_shop_00,,401081002,999,30,2,409191313,1,452,-1,1,13,10000
3435,bg_shop_00,,401081002,999,30,2,409191314,1,452,-1,1,14,10000
3436,bg_shop_00,,401081002,999,30,2,409191315,1,452,-1,1,15,10000
3437,bg_shop_00,,402221112,2000,10,2,409191316,1,452,-1,1,16,10000
3438,bg_shop_00,,402221112,10,1,2,409191317,1,452,-1,1,17,10000
3439,bg_shop_00,,401250002,20,1200,2,409205101,-1,453,-1,1,1,10000
3440,bg_shop_00,,401250002,200,120,2,409205102,-1,453,-1,1,2,10000
3441,bg_shop_00,,401250002,20,400,2,409205103,-1,453,-1,1,3,10000
3442,bg_shop_00,,401250002,9,2400,2,409205104,-1,453,-1,1,4,10000
3443,bg_shop_00,,401250002,5,1200,2,409205105,-1,453,-1,1,5,10000
3444,bg_shop_00,,401250002,5,1200,2,409205106,-1,453,-1,1,6,10000
3445,bg_shop_00,,401250002,100,24,2,409205107,-1,453,-1,1,7,10000
3446,bg_shop_00,,401250002,500,16,2,409205108,-1,453,-1,1,8,10000
3447,bg_shop_00,,401250002,10,800,2,409205109,-1,453,-1,1,9,10000
3448,bg_shop_00,,401250002,20,240,2,409205110,-1,453,-1,1,10,10000
3449,bg_shop_00,,401250002,100,80,2,409205111,-1,453,-1,1,11,10000
3450,bg_shop_00,,401250002,999,20,2,409205112,-1,453,-1,1,12,10000
3451,bg_shop_00,,401250002,999,8,2,409205113,-1,453,-1,1,13,10000
3452,bg_shop_00,,401250002,999,20,2,409205114,-1,453,-1,1,14,10000
3453,bg_shop_00,,401250002,999,240,2,409205115,-1,453,-1,1,15,10000
3454,bg_shop_00,,401250002,999,80,2,409205116,-1,453,-1,1,16,10000
3455,bg_shop_00,,405151001,20,30,2,409135101,1,454,-1,1,1,10000
3456,bg_shop_00,,405151001,20,30,2,409135102,1,454,-1,1,2,10000
3457,bg_shop_00,,405151001,20,30,2,409135103,1,454,-1,1,3,10000
3458,bg_shop_00,,405151001,999,3,2,409135104,1,454,-1,1,4,10000
3459,bg_shop_00,,405151001,999,3,2,409135105,1,454,-1,1,5,10000
3460,bg_shop_00,,405151001,999,3,2,409135106,1,454,-1,1,6,10000
3461,bg_shop_00,,405151001,200,4,2,409135107,1,454,-1,1,7,10000
3462,bg_shop_00,,405151001,1,300,2,409135108,1,454,-1,1,8,10000
3463,bg_shop_00,,405151001,1,90,2,409135109,1,454,-1,1,9,10000
3464,bg_shop_00,,405151001,1,90,2,409135110,1,454,-1,1,10,10000
3465,bg_shop_00,,405151001,1,90,2,409135111,1,454,-1,1,11,10000
3466,bg_shop_00,,405151001,1,90,2,409135112,1,454,-1,1,12,10000
3467,bg_shop_00,,405151001,1,90,2,409135113,1,454,-1,1,13,10000
3468,bg_shop_00,,405151001,1,90,2,409135114,1,454,-1,1,14,10000
3469,bg_shop_00,,405151001,1,90,2,409135115,1,454,-1,1,15,10000
3470,bg_shop_00,,405151001,1,90,2,409135116,1,454,-1,1,16,10000
3471,bg_shop_00,,405151001,1,60,2,409135117,1,454,-1,1,17,10000
3472,bg_shop_00,,405151001,1,30,2,409135118,1,454,-1,1,18,10000
3473,bg_shop_00,,405151001,1,30,2,409135119,1,454,-1,1,19,10000
3474,bg_shop_00,,405151001,1,15,2,409135120,1,454,-1,1,20,10000
3475,bg_shop_00,,405151001,1,10,2,409135121,1,454,-1,1,21,10000
3476,bg_shop_00,,405151001,100,2,2,409135123,1,454,-1,1,22,10000
3477,bg_shop_00,,405151001,5,80,2,409135124,1,454,-1,1,23,10000
3478,bg_shop_00,,405151001,5,80,2,409135125,1,454,-1,1,24,10000
3479,bg_shop_00,,405151001,5,80,2,409217001,1,454,-1,1,25,10000
3480,bg_shop_00,,405151001,5,80,2,409217002,1,454,-1,1,26,10000
3481,bg_shop_00,,405151001,2,150,2,409135127,1,454,-1,1,27,10000
3482,bg_shop_00,,405151001,2,150,2,409135128,1,454,-1,1,28,10000
3483,bg_shop_00,,405151001,2,150,2,409135129,1,454,-1,1,29,10000
3484,bg_shop_00,,405151001,2,150,2,409135130,1,454,-1,1,30,10000
3485,bg_shop_00,,405151001,2,150,2,409135131,1,454,-1,1,31,10000
3486,bg_shop_00,,405151001,2,150,2,409135132,1,454,-1,1,32,10000
3487,bg_shop_00,,405151001,2,150,2,409135133,1,454,-1,1,33,10000
3488,bg_shop_00,,405151001,2,150,2,409135134,1,454,-1,1,34,10000
3489,bg_shop_00,,405151001,2,150,2,409135135,1,454,-1,1,35,10000
3490,bg_shop_00,,405151001,2,150,2,409135136,1,454,-1,1,36,10000
3491,bg_shop_00,,405151001,2,150,2,409135137,1,454,-1,1,37,10000
3492,bg_shop_00,,405151001,2,150,2,409135138,1,454,-1,1,38,10000
3493,bg_shop_00,,405151001,500,2,2,409135139,1,454,-1,1,39,10000
3494,bg_shop_00,,405151001,500,3,2,409135140,1,454,-1,1,40,10000
3495,bg_shop_00,,405151001,300,2,2,409135141,1,454,-1,1,41,10000
3496,bg_shop_00,,405151001,1000,1,2,409135142,1,454,-1,1,42,10000
3497,bg_shop_00,,409231002,1,999,2,409250001,1,455,-1,1,1,10000
3498,bg_shop_00,,409231002,1,999,2,409250002,1,455,-1,1,2,10000
3499,bg_shop_00,,409231002,11,200,2,409250003,1,455,-1,1,3,10000
3500,bg_shop_00,,409231002,50,25,2,409250004,1,455,-1,1,4,10000
3501,bg_shop_00,,409231002,100,10,2,409250005,1,455,-1,1,5,10000
3502,bg_shop_00,,409231002,30,200,2,409250006,1,455,-1,1,6,10000
3503,bg_shop_00,,409231002,4,200,2,409250007,1,455,-1,1,7,10000
3504,bg_shop_00,,409231002,20,15,2,409250008,1,455,-1,1,8,10000
3505,bg_shop_00,,409231002,100,10,2,409250009,1,455,-1,1,9,10000
3506,bg_shop_00,,409231002,500,1,2,409250010,1,455,-1,1,10,10000
3507,bg_shop_00,,409231002,1000,2,2,409250011,1,455,-1,1,11,10000
3508,bg_shop_00,,409231002,1000,2,2,409250012,1,455,-1,1,12,10000
3509,bg_shop_00,,409231002,1000,2,2,409250013,1,455,-1,1,13,10000
3510,bg_shop_00,,409231002,1000,1,2,409250014,1,455,-1,1,14,10000
3511,bg_shop_00,,409231002,1000,1,2,409250015,1,455,-1,1,15,10000
3512,bg_shop_00,,409231002,1,999,2,409250101,1,456,-1,1,1,10000
3513,bg_shop_00,,409231002,1,999,2,409250102,1,456,-1,1,2,10000
3514,bg_shop_00,,409231002,11,200,2,409250103,1,456,-1,1,3,10000
3515,bg_shop_00,,409231002,100,15,2,409250104,1,456,-1,1,4,10000
3516,bg_shop_00,,409231002,100,10,2,409250105,1,456,-1,1,5,10000
3517,bg_shop_00,,409231002,30,200,2,409250106,1,456,-1,1,6,10000
3518,bg_shop_00,,409231002,10,90,2,409250107,1,456,-1,1,7,10000
3519,bg_shop_00,,409231002,30,30,2,409250108,1,456,-1,1,8,10000
3520,bg_shop_00,,409231002,20,15,2,409250109,1,456,-1,1,9,10000
3521,bg_shop_00,,409231002,100,10,2,409250110,1,456,-1,1,10,10000
3522,bg_shop_00,,409231002,500,1,2,409250111,1,456,-1,1,11,10000
3523,bg_shop_00,,409231002,200,10,2,409250112,1,456,-1,1,12,10000
3524,bg_shop_00,,409231002,1000,2,2,409250113,1,456,-1,1,13,10000
3525,bg_shop_00,,409231002,1000,2,2,409250114,1,456,-1,1,14,10000
3526,bg_shop_00,,409231002,1000,2,2,409250115,1,456,-1,1,15,10000
3527,bg_shop_00,,409231002,1000,1,2,409250116,1,456,-1,1,16,10000
3528,bg_shop_00,,409231002,1000,1,2,409250117,1,456,-1,1,17,10000
3529,bg_shop_00,,409231003,20,100,2,409250201,1,457,-1,1,1,10000
3530,bg_shop_00,,409231003,4,300,2,409250202,1,457,-1,1,2,10000
35301,bg_shop_00,,409231003,1,100,2,409250203,1,457,-1,1,3,10000
3531,bg_shop_00,,409231003,20,50,2,409250204,1,457,-1,1,4,10000
3532,bg_shop_00,,409231003,2,800,2,409250205,1,457,-1,1,5,10000
3533,bg_shop_00,,409231003,2,800,2,409250206,1,457,-1,1,6,10000
3534,bg_shop_00,,409231003,2,800,2,409250207,1,457,-1,1,7,10000
3535,bg_shop_00,,409231003,2,800,2,409250208,1,457,-1,1,8,10000
3536,bg_shop_00,,409231003,2,800,2,409250209,1,457,-1,1,9,10000
3537,bg_shop_00,,409231003,2,800,2,409250210,1,457,-1,1,10,10000
3538,bg_shop_00,,409231003,2,200,2,409250211,1,457,-1,0,11,10000
3539,bg_shop_00,,409231003,2,200,2,409250212,1,457,-1,0,12,10000
3540,bg_shop_00,,409231003,2,200,2,409250213,1,457,-1,0,13,10000
3541,bg_shop_00,,409231003,2,800,2,409250214,1,457,-1,1,14,10000
3542,bg_shop_00,,409231003,2,800,2,409250215,1,457,-1,1,15,10000
3543,bg_shop_00,,409231003,2,800,2,409250216,1,457,-1,1,16,10000
3544,bg_shop_00,,409231003,500,1,2,409250217,1,457,-1,1,17,10000
3545,bg_shop_00,,409231003,500,1,2,409250218,1,457,-1,1,18,10000
3546,bg_shop_00,,405151001,20,30,2,409135101,1,458,-1,1,1,10000
3547,bg_shop_00,,405151001,20,30,2,409135103,1,458,-1,1,2,10000
3548,bg_shop_00,,405151001,999,3,2,409135104,1,458,-1,1,3,10000
3549,bg_shop_00,,405151001,999,3,2,409135105,1,458,-1,1,4,10000
3550,bg_shop_00,,405151001,999,3,2,409135106,1,458,-1,1,5,10000
3551,bg_shop_00,,405151001,200,4,2,409135107,1,458,-1,1,6,10000
3552,bg_shop_00,,405151001,1,300,2,409135108,1,458,-1,1,7,10000
3553,bg_shop_00,,405151001,1,90,2,409135109,1,458,-1,1,8,10000
3554,bg_shop_00,,405151001,1,90,2,409135110,1,458,-1,1,9,10000
3555,bg_shop_00,,405151001,1,90,2,409135111,1,458,-1,1,10,10000
3556,bg_shop_00,,405151001,1,90,2,409135112,1,458,-1,1,11,10000
3557,bg_shop_00,,405151001,1,90,2,409135113,1,458,-1,1,12,10000
3558,bg_shop_00,,405151001,1,90,2,409135114,1,458,-1,1,13,10000
3559,bg_shop_00,,405151001,1,90,2,409135115,1,458,-1,1,14,10000
3560,bg_shop_00,,405151001,1,90,2,409135116,1,458,-1,1,15,10000
3561,bg_shop_00,,405151001,1,60,2,409135117,1,458,-1,1,16,10000
3562,bg_shop_00,,405151001,1,30,2,409135118,1,458,-1,1,17,10000
3563,bg_shop_00,,405151001,1,30,2,409135119,1,458,-1,1,18,10000
3564,bg_shop_00,,405151001,1,15,2,409135120,1,458,-1,1,19,10000
3565,bg_shop_00,,405151001,1,10,2,409135121,1,458,-1,1,20,10000
3566,bg_shop_00,,405151001,10,300,2,409135122,1,458,-1,1,21,10000
3567,bg_shop_00,,405151001,100,2,2,409135123,1,458,-1,1,22,10000
3568,bg_shop_00,,405151001,5,80,2,409135124,1,458,-1,1,23,10000
3569,bg_shop_00,,405151001,5,80,2,409135125,1,458,-1,1,24,10000
3570,bg_shop_00,,405151001,5,80,2,409135126,1,458,-1,1,25,10000
3571,bg_shop_00,,405151001,2,150,2,409135127,1,458,-1,1,26,10000
3572,bg_shop_00,,405151001,2,150,2,409135128,1,458,-1,1,27,10000
3573,bg_shop_00,,405151001,2,150,2,409135129,1,458,-1,1,28,10000
3574,bg_shop_00,,405151001,2,150,2,409135130,1,458,-1,1,29,10000
3575,bg_shop_00,,405151001,2,150,2,409135131,1,458,-1,1,30,10000
3576,bg_shop_00,,405151001,2,150,2,409135132,1,458,-1,1,31,10000
3577,bg_shop_00,,405151001,2,150,2,409135133,1,458,-1,1,32,10000
3578,bg_shop_00,,405151001,2,150,2,409135134,1,458,-1,1,33,10000
3579,bg_shop_00,,405151001,2,150,2,409135135,1,458,-1,1,34,10000
3580,bg_shop_00,,405151001,2,150,2,409135136,1,458,-1,1,35,10000
3581,bg_shop_00,,405151001,2,150,2,409135137,1,458,-1,1,36,10000
3582,bg_shop_00,,405151001,2,150,2,409135138,1,458,-1,1,37,10000
3583,bg_shop_00,,405151001,500,2,2,409135139,1,458,-1,1,38,10000
3584,bg_shop_00,,405151001,500,3,2,409135140,1,458,-1,1,39,10000
3585,bg_shop_00,,405151001,300,2,2,409135141,1,458,-1,1,40,10000
3586,bg_shop_00,,405151001,1000,1,2,409135142,1,458,-1,1,41,10000
3587,bg_shop_00,,204002,20,300,2,409258101,1,459,-1,1,1,10000
3588,bg_shop_00,,204002,20,300,2,409258102,1,459,-1,1,2,10000
3589,bg_shop_00,,204002,800,30,2,409258103,1,459,-1,1,3,10000
3590,bg_shop_00,,204002,20,100,2,409258104,1,459,-1,1,4,10000
3591,bg_shop_00,,204002,9,600,2,409258105,1,459,-1,1,5,10000
3592,bg_shop_00,,204002,5,300,2,409258106,1,459,-1,1,6,10000
3593,bg_shop_00,,204002,5,300,2,409258107,1,459,-1,1,7,10000
3594,bg_shop_00,,204002,100,6,2,409258108,1,459,-1,1,8,10000
3595,bg_shop_00,,204002,500,4,2,409258109,1,459,-1,1,9,10000
3596,bg_shop_00,,204002,10,200,2,409258110,1,459,-1,1,10,10000
3597,bg_shop_00,,204002,20,60,2,409258111,1,459,-1,1,11,10000
3598,bg_shop_00,,204002,100,20,2,409258112,1,459,-1,1,12,10000
3599,bg_shop_00,,204002,999,5,2,409258113,1,459,-1,1,13,10000
3600,bg_shop_00,,204002,999,2,2,409258114,1,459,-1,1,14,10000
3601,bg_shop_00,,204002,999,5,2,409258115,1,459,-1,1,15,10000
3602,bg_shop_00,,204002,999,60,2,409258116,1,459,-1,1,16,10000
3603,bg_shop_00,,204002,999,20,2,409258117,1,459,-1,1,17,10000
3604,bg_shop_00,,401081002,1,1999,2,407251203,1,460,-1,1,1,10000
3605,bg_shop_00,,401081002,1,999,2,402067702,1,460,-1,1,2,10000
3606,bg_shop_00,,401081002,10,25,2,407105002,1,460,-1,1,3,10000
3607,bg_shop_00,,401081002,6,65,2,407105003,1,460,-1,1,4,10000
3608,bg_shop_00,,401081002,300,15,2,407105004,1,460,-1,1,5,10000
3609,bg_shop_00,,401081002,20,40,2,407105005,1,460,-1,1,6,10000
3610,bg_shop_00,,401081002,300,100,2,407105006,1,460,-1,1,7,10000
3611,bg_shop_00,,401081002,100,15,2,407105007,1,460,-1,1,8,10000
3612,bg_shop_00,,401081002,1000,5,2,407105008,1,460,-1,1,9,10000
3613,bg_shop_00,,401081002,100,75,2,407105009,1,460,-1,1,10,10000
3614,bg_shop_00,,401081002,300,5,2,407105010,1,460,-1,1,11,10000
3615,bg_shop_00,,401250002,20,1200,2,409258301,-1,461,-1,1,1,10000
3616,bg_shop_00,,401250002,20,1200,2,409258302,-1,461,-1,1,2,10000
3617,bg_shop_00,,401250002,20,1200,2,409258303,-1,461,-1,1,3,10000
3618,bg_shop_00,,401250002,20,1200,2,409258304,-1,461,-1,1,4,10000
3619,bg_shop_00,,401250002,200,120,2,409258305,-1,461,-1,1,5,10000
3620,bg_shop_00,,401250002,20,400,2,409258306,-1,461,-1,1,6,10000
3621,bg_shop_00,,401250002,9,2400,2,409258307,-1,461,-1,1,7,10000
3622,bg_shop_00,,401250002,5,1200,2,409258308,-1,461,-1,1,8,10000
3623,bg_shop_00,,401250002,5,1200,2,409258309,-1,461,-1,1,9,10000
3624,bg_shop_00,,401250002,100,24,2,409258310,-1,461,-1,1,10,10000
3625,bg_shop_00,,401250002,500,16,2,409258311,-1,461,-1,1,11,10000
3626,bg_shop_00,,401250002,10,800,2,409258312,-1,461,-1,1,12,10000
3627,bg_shop_00,,401250002,20,240,2,409258313,-1,461,-1,1,13,10000
3628,bg_shop_00,,401250002,100,80,2,409258314,-1,461,-1,1,14,10000
3629,bg_shop_00,,401250002,999,20,2,409258315,-1,461,-1,1,15,10000
3630,bg_shop_00,,401250002,999,8,2,409258316,-1,461,-1,1,16,10000
3631,bg_shop_00,,401250002,999,20,2,409258317,-1,461,-1,1,17,10000
3632,bg_shop_00,,401250002,999,240,2,409258318,-1,461,-1,1,18,10000
3633,bg_shop_00,,401250002,999,80,2,409258319,-1,461,-1,1,19,10000
3634,bg_shop_00,,401081002,1,999,2,409263001,1,462,-1,1,1,10000
3635,bg_shop_00,,401081002,8,999,2,409263002,1,462,-1,1,2,10000
3636,bg_shop_00,,401081002,1,100,2,409263003,1,462,-1,1,3,10000
3637,bg_shop_00,,401081002,8,80,2,409263004,1,462,-1,1,4,10000
3638,bg_shop_00,,401081002,100,15,2,409263005,1,462,-1,1,5,10000
3639,bg_shop_00,,401081002,300,10,2,409263006,1,462,-1,1,6,10000
3640,bg_shop_00,,401081002,200,10,2,409263007,1,462,-1,1,7,10000
3641,bg_shop_00,,401081002,4,300,2,409263008,1,462,-1,1,8,10000
3642,bg_shop_00,,401081002,4,30,2,409263009,1,462,-1,1,9,10000
3643,bg_shop_00,,401081002,20,60,2,409263010,1,462,-1,1,10,10000
3644,bg_shop_00,,401081002,999,30,2,409263011,1,462,-1,1,11,10000
3645,bg_shop_00,,401081002,999,30,2,409263012,1,462,-1,1,12,10000
3646,bg_shop_00,,401081002,999,30,2,409263013,1,462,-1,1,13,10000
3647,bg_shop_00,,402221112,2000,10,2,409191316,1,462,-1,1,14,10000
3648,bg_shop_00,,402221112,10,1,2,409191317,1,462,-1,1,15,10000
3649,bg_shop_00,,204002,1,150,2,409263201,1,463,1,1,1,10000
3650,bg_shop_00,,204002,200,30,2,409263202,1,463,-1,1,2,10000
3651,bg_shop_00,,204002,1,2000,2,409263203,1,463,-1,1,3,10000
3652,bg_shop_00,,204002,1,2000,2,409263204,1,463,-1,1,4,10000
3653,bg_shop_00,,204002,1,2000,2,409263205,1,463,-1,1,5,10000
3654,bg_shop_00,,204002,1,2000,2,409263206,1,463,-1,1,6,10000
3655,bg_shop_00,,204002,3,200,2,409263207,1,463,-1,1,7,10000
3656,bg_shop_00,,204002,3,250,2,409263208,1,463,-1,1,8,10000
3657,bg_shop_00,,204002,3,350,2,409263209,1,463,-1,1,9,10000
3658,bg_shop_00,,204002,3,350,2,409263210,1,463,-1,1,10,10000
3659,bg_shop_00,,204002,4,450,2,409263211,1,463,-1,1,11,10000
3660,bg_shop_00,,204002,8,250,2,409263212,1,463,-1,1,12,10000
3661,bg_shop_00,,204002,999,200,2,409263213,1,463,-1,1,13,10000
3662,bg_shop_00,,204002,999,50,2,409263214,1,463,-1,1,12,10000
3663,bg_shop_00,,204002,999,10,2,409263215,1,463,-1,1,13,10000
3664,bg_shop_00,,204002,100,30,2,409277101,1,464,-1,1,1,10000
3665,bg_shop_00,,204002,100,30,2,409277102,1,464,-1,1,2,10000
3666,bg_shop_00,,204002,100,30,2,409277103,1,464,-1,1,3,10000
3667,bg_shop_00,,204002,100,30,2,409277104,1,464,-1,1,4,10000
3668,bg_shop_00,,204002,20,100,2,409277105,1,464,-1,1,5,10000
3669,bg_shop_00,,204002,9,600,2,409277106,1,464,-1,1,6,10000
3670,bg_shop_00,,204002,800,30,2,409277107,1,464,-1,1,7,10000
3671,bg_shop_00,,204002,5,300,2,409277108,1,464,-1,1,8,10000
3672,bg_shop_00,,204002,5,300,2,409277109,1,464,-1,1,9,10000
3673,bg_shop_00,,204002,100,6,2,409277110,1,464,-1,1,10,10000
3674,bg_shop_00,,204002,500,4,2,409277111,1,464,-1,1,11,10000
3675,bg_shop_00,,204002,999,200,2,409277112,1,464,-1,1,12,10000
3676,bg_shop_00,,204002,999,60,2,409277113,1,464,-1,1,13,10000
3677,bg_shop_00,,204002,999,20,2,409277114,1,464,-1,1,14,10000
3678,bg_shop_00,,204002,999,5,2,409277115,1,464,-1,1,15,10000
3679,bg_shop_00,,204002,999,2,2,409277116,1,464,-1,1,16,10000
3680,bg_shop_00,,204002,999,30,2,409277117,1,464,-1,1,17,10000
3681,bg_shop_00,,204002,999,100,2,409277118,1,464,-1,1,18,10000
3682,bg_shop_00,,204002,999,80,2,409277119,1,464,-1,1,19,10000
3683,bg_shop_00,,401250002,20,1200,2,410115301,-1,465,-1,1,1,10000
3684,bg_shop_00,,401250002,20,1200,2,410115302,-1,465,-1,1,2,10000
3685,bg_shop_00,,401250002,20,1200,2,410115303,-1,465,-1,1,3,10000
3686,bg_shop_00,,401250002,200,120,2,410115304,-1,465,-1,1,4,10000
3687,bg_shop_00,,401250002,20,400,2,410115305,-1,465,-1,1,5,10000
3688,bg_shop_00,,401250002,9,2400,2,410115306,-1,465,-1,1,6,10000
3689,bg_shop_00,,401250002,1,1800,2,410115307,-1,465,-1,1,7,10000
3690,bg_shop_00,,401250002,1,1800,2,410115308,-1,465,-1,1,8,10000
3691,bg_shop_00,,401250002,1,1800,2,410115309,-1,465,-1,1,9,10000
3692,bg_shop_00,,401250002,1,3000,2,410115310,-1,465,-1,1,10,10000
3693,bg_shop_00,,401250002,1,6000,2,410115311,-1,465,-1,1,11,10000
3694,bg_shop_00,,401250002,5,1200,2,410115312,-1,465,-1,1,12,10000
3695,bg_shop_00,,401250002,5,1200,2,410115313,-1,465,-1,1,13,10000
3696,bg_shop_00,,401250002,100,24,2,410115314,-1,465,-1,1,14,10000
3697,bg_shop_00,,401250002,500,16,2,410115315,-1,465,-1,1,15,10000
3698,bg_shop_00,,401250002,10,800,2,410115316,-1,465,-1,1,16,10000
3699,bg_shop_00,,401250002,20,240,2,410115317,-1,465,-1,1,17,10000
3700,bg_shop_00,,401250002,100,80,2,410115318,-1,465,-1,1,18,10000
3701,bg_shop_00,,401250002,999,20,2,410115319,-1,465,-1,1,19,10000
3702,bg_shop_00,,401250002,999,8,2,410115320,-1,465,-1,1,20,10000
3703,bg_shop_00,,401250002,999,20,2,410115321,-1,465,-1,1,21,10000
3704,bg_shop_00,,401250002,999,240,2,410115322,-1,465,-1,1,22,10000
3705,bg_shop_00,,401250002,999,80,2,410115323,-1,465,-1,1,23,10000
3706,bg_shop_00,,401081002,1,5000,2,410170201,1,466,-1,1,1,10000
3707,bg_shop_00,,401081002,1,999,2,410170202,1,466,-1,1,2,10000
3708,bg_shop_00,,401081002,1,999,2,410170203,1,466,-1,1,3,10000
3709,bg_shop_00,,401081002,1,100,2,410170204,1,466,-1,1,4,10000
3710,bg_shop_00,,401081002,100,15,2,410170205,1,466,-1,1,5,10000
3711,bg_shop_00,,401081002,300,10,2,410170206,1,466,-1,1,6,10000
3712,bg_shop_00,,401081002,200,10,2,410170207,1,466,-1,1,7,10000
3713,bg_shop_00,,401081002,4,300,2,410170208,1,466,-1,1,8,10000
3714,bg_shop_00,,401081002,4,30,2,410170209,1,466,-1,1,9,10000
3715,bg_shop_00,,401081002,20,60,2,410170210,1,466,-1,1,10,10000
3716,bg_shop_00,,401081002,999,30,2,410170211,1,466,-1,1,11,10000
3717,bg_shop_00,,401081002,999,30,2,410170212,1,466,-1,1,12,10000
3718,bg_shop_00,,401081002,999,30,2,410170213,1,466,-1,1,13,10000
3719,bg_shop_00,,402221112,2000,10,2,409191316,1,466,-1,1,14,10000
3720,bg_shop_00,,402221112,10,1,2,409191317,1,466,-1,1,15,10000
3721,bg_shop_00,,204002,100,30,2,410177101,1,467,-1,1,1,10000
3722,bg_shop_00,,204002,100,30,2,410177102,1,467,-1,1,2,10000
3723,bg_shop_00,,204002,20,100,2,410177103,1,467,-1,1,3,10000
3724,bg_shop_00,,204002,9,600,2,410177104,1,467,-1,1,4,10000
3725,bg_shop_00,,204002,800,30,2,410177105,1,467,-1,1,5,10000
3726,bg_shop_00,,204002,1,450,2,410177106,1,467,-1,1,6,10000
3727,bg_shop_00,,204002,1,750,2,410177107,1,467,-1,1,7,10000
3728,bg_shop_00,,204002,1,750,2,410177108,1,467,-1,1,8,10000
3729,bg_shop_00,,204002,5,300,2,410177109,1,467,-1,1,9,10000
3730,bg_shop_00,,204002,5,300,2,410177110,1,467,-1,1,10,10000
3731,bg_shop_00,,204002,100,6,2,410177111,1,467,-1,1,11,10000
3732,bg_shop_00,,204002,500,4,2,410177112,1,467,-1,1,12,10000
3733,bg_shop_00,,204002,999,200,2,410177113,1,467,-1,1,13,10000
3734,bg_shop_00,,204002,999,60,2,410177114,1,467,-1,1,14,10000
3735,bg_shop_00,,204002,999,20,2,410177115,1,467,-1,1,15,10000
3736,bg_shop_00,,204002,999,5,2,410177116,1,467,-1,1,16,10000
3737,bg_shop_00,,204002,999,2,2,410177117,1,467,-1,1,17,10000
3738,bg_shop_00,,204002,999,30,2,410177118,1,467,-1,1,18,10000
3739,bg_shop_00,,204002,999,100,2,410177119,1,467,-1,1,19,10000
3740,bg_shop_00,,204002,999,80,2,410177120,1,467,-1,1,20,10000
3741,bg_shop_00,,405151001,10,100,2,410240001,1,468,-1,1,1,10000
3742,bg_shop_00,,405151001,5,15,2,410240002,1,468,-1,1,2,10000
3743,bg_shop_00,,405151001,4,150,2,410240003,1,468,-1,1,3,10000
3744,bg_shop_00,,405151001,5,150,2,410240004,1,468,-1,1,4,10000
3745,bg_shop_00,,405151001,30,100,2,410240005,1,468,-1,1,5,10000
3746,bg_shop_00,,405151001,50,15,2,410240006,1,468,-1,1,6,10000
3747,bg_shop_00,,405151001,100,5,2,410240007,1,468,-1,1,7,10000
3748,bg_shop_00,,405151001,100,1,2,410240008,1,468,-1,1,8,10000
3749,bg_shop_00,,405151001,11,120,2,410240009,1,468,-1,1,9,10000
3750,bg_shop_00,,405151001,11,120,2,410240010,1,468,-1,1,10,10000
3751,bg_shop_00,,405151001,11,120,2,410240011,1,468,-1,1,11,10000
3752,bg_shop_00,,405151001,500,3,2,410240012,1,468,-1,1,12,10000
3753,bg_shop_00,,405151001,300,2,2,410240013,1,468,-1,1,13,10000
3754,bg_shop_00,,405151001,1000,1,2,410240014,1,468,-1,1,14,10000
3755,bg_shop_00,,204002,100,30,2,410256601,1,469,-1,1,1,10000
3756,bg_shop_00,,204002,100,30,2,410256602,1,469,-1,1,2,10000
3757,bg_shop_00,,204002,100,30,2,410256603,1,469,-1,1,3,10000
3758,bg_shop_00,,204002,20,100,2,410256604,1,469,-1,1,4,10000
3759,bg_shop_00,,204002,9,600,2,410256605,1,469,-1,1,5,10000
3760,bg_shop_00,,204002,800,30,2,410256606,1,469,-1,1,6,10000
3761,bg_shop_00,,204002,5,300,2,410256607,1,469,-1,1,7,10000
3762,bg_shop_00,,204002,5,300,2,410256608,1,469,-1,1,8,10000
3763,bg_shop_00,,204002,100,6,2,410256609,1,469,-1,1,9,10000
3764,bg_shop_00,,204002,500,4,2,410256610,1,469,-1,1,10,10000
3765,bg_shop_00,,204002,999,200,2,410256611,1,469,-1,1,11,10000
3766,bg_shop_00,,204002,999,60,2,410256612,1,469,-1,1,12,10000
3767,bg_shop_00,,204002,999,20,2,410256613,1,469,-1,1,13,10000
3768,bg_shop_00,,204002,999,5,2,410256614,1,469,-1,1,14,10000
3769,bg_shop_00,,204002,999,2,2,410256615,1,469,-1,1,15,10000
3770,bg_shop_00,,204002,999,30,2,410256616,1,469,-1,1,16,10000
3771,bg_shop_00,,204002,999,100,2,410256617,1,469,-1,1,17,10000
3772,bg_shop_00,,204002,999,80,2,410256618,1,469,-1,1,18,10000
3773,bg_shop_00,,410280003,1,3000,2,410301601,1,470,-1,1,1,10000
3774,bg_shop_00,,410280003,5,300,2,410301602,1,470,-1,1,2,10000
3775,bg_shop_00,,410280003,4,1000,2,410301603,1,470,-1,1,3,10000
3776,bg_shop_00,,410280003,1,100,2,410301604,1,470,-1,1,4,10000
3777,bg_shop_00,,410280003,20,50,2,410301605,1,470,-1,1,5,10000
3778,bg_shop_00,,410280003,1,500,2,410301606,1,470,-1,1,6,10000
3779,bg_shop_00,,410280003,1,2000,2,410301607,1,470,-1,1,7,10000
3780,bg_shop_00,,410280003,1,500,2,410301608,1,470,-1,1,8,10000
3781,bg_shop_00,,410280003,2,800,2,410301609,1,470,-1,1,9,10000
3782,bg_shop_00,,410280003,2,800,2,410301610,1,470,-1,1,10,10000
3783,bg_shop_00,,410280003,2,800,2,410301611,1,470,-1,1,11,10000
3784,bg_shop_00,,410280003,2,800,2,410301612,1,470,-1,1,12,10000
3785,bg_shop_00,,410280003,2,800,2,410301613,1,470,-1,1,13,10000
3786,bg_shop_00,,410280003,2,800,2,410301614,1,470,-1,1,14,10000
3787,bg_shop_00,,410280003,2,800,2,410301615,1,470,-1,1,15,10000
3788,bg_shop_00,,410280003,1000,1,2,410301616,1,470,-1,1,16,10000
3789,bg_shop_00,,410280003,1000,1,2,410301617,1,470,-1,1,17,10000
3790,bg_shop_00,,410280002,11,200,2,410310101,1,471,-1,1,1,10000
3791,bg_shop_00,,410280002,1,200,2,410310102,1,471,-1,1,2,10000
3792,bg_shop_00,,410280002,1,999,2,410310103,1,471,-1,1,3,10000
3793,bg_shop_00,,410280002,50,25,2,410310104,1,471,-1,1,4,10000
3794,bg_shop_00,,410280002,100,10,2,410310105,1,471,-1,1,5,10000
3795,bg_shop_00,,410280002,30,200,2,410310106,1,471,-1,1,6,10000
3796,bg_shop_00,,410280002,4,200,2,410310107,1,471,-1,1,7,10000
3797,bg_shop_00,,410280002,20,15,2,410310108,1,471,-1,1,8,10000
3798,bg_shop_00,,410280002,100,10,2,410310109,1,471,-1,1,9,10000
3799,bg_shop_00,,410280002,500,1,2,410310110,1,471,-1,1,10,10000
3800,bg_shop_00,,410280002,1000,2,2,410310111,1,471,-1,1,11,10000
3801,bg_shop_00,,410280002,1000,2,2,410310112,1,471,-1,1,12,10000
3802,bg_shop_00,,410280002,1000,2,2,410310113,1,471,-1,1,13,10000
3803,bg_shop_00,,410280002,1000,1,2,410310114,1,471,-1,1,14,10000
3804,bg_shop_00,,410280002,1000,1,2,410310115,1,471,-1,1,15,10000
3805,bg_shop_00,,410100001,1000,1,2,410310301,1,471,-1,1,16,10000
3806,bg_shop_00,,410280002,11,200,2,410310201,1,472,-1,1,1,10000
3807,bg_shop_00,,410280002,1,200,2,410310202,1,472,-1,1,2,10000
3808,bg_shop_00,,410280002,1,999,2,410310203,1,472,-1,1,3,10000
3809,bg_shop_00,,410280002,100,15,2,410310204,1,472,-1,1,4,10000
3810,bg_shop_00,,410280002,100,10,2,410310205,1,472,-1,1,5,10000
3811,bg_shop_00,,410280002,30,200,2,410310206,1,472,-1,1,6,10000
3812,bg_shop_00,,410280002,10,90,2,410310207,1,472,-1,1,7,10000
3813,bg_shop_00,,410280002,50,30,2,410310208,1,472,-1,1,8,10000
3814,bg_shop_00,,410280002,20,15,2,410310209,1,472,-1,1,9,10000
3815,bg_shop_00,,410280002,100,10,2,410310210,1,472,-1,1,10,10000
3816,bg_shop_00,,410280002,500,1,2,410310211,1,472,-1,1,11,10000
3817,bg_shop_00,,410280002,200,10,2,410310212,1,472,-1,1,12,10000
3818,bg_shop_00,,410280002,1000,2,2,410310213,1,472,-1,1,13,10000
3819,bg_shop_00,,410280002,1000,2,2,410310214,1,472,-1,1,14,10000
3820,bg_shop_00,,410280002,1000,2,2,410310215,1,472,-1,1,15,10000
3821,bg_shop_00,,410280002,1000,1,2,410310216,1,472,-1,1,16,10000
3822,bg_shop_00,,410280002,1000,1,2,410310217,1,472,-1,1,17,10000
3823,bg_shop_00,,410100001,1000,1,2,410310301,1,472,-1,1,18,10000
3824,bg_shop_00,,204002,100,30,2,411015101,1,473,-1,1,1,10000
3825,bg_shop_00,,204002,100,30,2,411015102,1,473,-1,1,2,10000
3826,bg_shop_00,,204002,100,30,2,411015103,1,473,-1,1,3,10000
3827,bg_shop_00,,204002,100,30,2,411015104,1,473,-1,1,4,10000
3828,bg_shop_00,,204002,20,100,2,411015105,1,473,-1,1,5,10000
3829,bg_shop_00,,204002,9,600,2,411015106,1,473,-1,1,6,10000
3830,bg_shop_00,,204002,800,30,2,411015107,1,473,-1,1,7,10000
3831,bg_shop_00,,204002,5,300,2,411015108,1,473,-1,1,8,10000
3832,bg_shop_00,,204002,5,300,2,411015109,1,473,-1,1,9,10000
3833,bg_shop_00,,204002,100,6,2,411015110,1,473,-1,1,10,10000
3834,bg_shop_00,,204002,500,4,2,411015111,1,473,-1,1,11,10000
3835,bg_shop_00,,204002,100,5,2,411015112,1,473,-1,1,12,10000
3836,bg_shop_00,,204002,999,200,2,411015113,1,473,-1,1,13,10000
3837,bg_shop_00,,204002,999,60,2,411015114,1,473,-1,1,14,10000
3838,bg_shop_00,,204002,999,20,2,411015115,1,473,-1,1,15,10000
3839,bg_shop_00,,204002,999,5,2,411015116,1,473,-1,1,16,10000
3840,bg_shop_00,,204002,9999,2,2,411015117,1,473,-1,1,17,10000
3841,bg_shop_00,,204002,999,30,2,411015118,1,473,-1,1,18,10000
3842,bg_shop_00,,204002,999,100,2,411015119,1,473,-1,1,19,10000
3843,bg_shop_00,,204002,999,80,2,411015120,1,473,-1,1,20,10000
3844,bg_shop_00,,401081002,1,999,2,411013001,1,474,-1,1,1,10000
3845,bg_shop_00,,401081002,1,999,2,411013002,1,474,-1,1,2,10000
3846,bg_shop_00,,401081002,1,100,2,411013003,1,474,-1,1,3,10000
3847,bg_shop_00,,401081002,100,15,2,411013004,1,474,-1,1,4,10000
3848,bg_shop_00,,401081002,300,10,2,411013005,1,474,-1,1,5,10000
3849,bg_shop_00,,401081002,200,10,2,411013006,1,474,-1,1,6,10000
3850,bg_shop_00,,401081002,4,300,2,411013007,1,474,-1,1,7,10000
3851,bg_shop_00,,401081002,4,30,2,411013008,1,474,-1,1,8,10000
3852,bg_shop_00,,401081002,20,60,2,411013009,1,474,-1,1,9,10000
3853,bg_shop_00,,401081002,999,30,2,411013010,1,474,-1,1,10,10000
3854,bg_shop_00,,401081002,999,30,2,411013011,1,474,-1,1,11,10000
3855,bg_shop_00,,401081002,999,30,2,411013012,1,474,-1,1,12,10000
3856,bg_shop_00,,405151001,20,30,2,411055001,1,475,-1,1,1,10000
3857,bg_shop_00,,405151001,20,30,2,411055002,1,475,-1,1,2,10000
3858,bg_shop_00,,405151001,20,30,2,411055003,1,475,-1,1,3,10000
3859,bg_shop_00,,405151001,20,30,2,411055004,1,475,-1,1,4,10000
3860,bg_shop_00,,405151001,20,30,2,411055005,1,475,-1,1,5,10000
3861,bg_shop_00,,405151001,20,30,2,411055006,1,475,-1,1,6,10000
3862,bg_shop_00,,405151001,20,30,2,411055007,1,475,-1,1,7,10000
3863,bg_shop_00,,405151001,999,3,2,409135104,1,475,-1,1,8,10000
3864,bg_shop_00,,405151001,999,3,2,409135105,1,475,-1,1,9,10000
3865,bg_shop_00,,405151001,999,3,2,409135106,1,475,-1,1,10,10000
3866,bg_shop_00,,405151001,200,4,2,409135107,1,475,-1,1,11,10000
3867,bg_shop_00,,405151001,1,300,2,409135108,1,475,-1,1,12,10000
3868,bg_shop_00,,405151001,1,90,2,409135109,1,475,-1,1,13,10000
3869,bg_shop_00,,405151001,1,90,2,409135110,1,475,-1,1,14,10000
3870,bg_shop_00,,405151001,1,90,2,409135111,1,475,-1,1,15,10000
3871,bg_shop_00,,405151001,1,90,2,409135112,1,475,-1,1,16,10000
3872,bg_shop_00,,405151001,1,90,2,409135113,1,475,-1,1,17,10000
3873,bg_shop_00,,405151001,1,90,2,409135114,1,475,-1,1,18,10000
3874,bg_shop_00,,405151001,1,90,2,409135115,1,475,-1,1,19,10000
3875,bg_shop_00,,405151001,1,90,2,409135116,1,475,-1,1,20,10000
3876,bg_shop_00,,405151001,1,60,2,409135117,1,475,-1,1,21,10000
3877,bg_shop_00,,405151001,1,30,2,409135118,1,475,-1,1,22,10000
3878,bg_shop_00,,405151001,1,30,2,409135119,1,475,-1,1,23,10000
3879,bg_shop_00,,405151001,1,15,2,409135120,1,475,-1,1,24,10000
3880,bg_shop_00,,405151001,1,10,2,409135121,1,475,-1,1,25,10000
3881,bg_shop_00,,405151001,10,300,2,409135122,1,475,-1,1,26,10000
3882,bg_shop_00,,405151001,100,2,2,409135123,1,475,-1,1,27,10000
3883,bg_shop_00,,405151001,5,80,2,409135124,1,475,-1,1,28,10000
3884,bg_shop_00,,405151001,5,80,2,409135125,1,475,-1,1,29,10000
3885,bg_shop_00,,405151001,5,80,2,409135126,1,475,-1,1,30,10000
3886,bg_shop_00,,405151001,2,150,2,409135127,1,475,-1,1,31,10000
3887,bg_shop_00,,405151001,2,150,2,409135128,1,475,-1,1,32,10000
3888,bg_shop_00,,405151001,2,150,2,409135129,1,475,-1,1,33,10000
3889,bg_shop_00,,405151001,2,150,2,409135130,1,475,-1,1,34,10000
3890,bg_shop_00,,405151001,2,150,2,409135131,1,475,-1,1,35,10000
3891,bg_shop_00,,405151001,2,150,2,409135132,1,475,-1,1,36,10000
3892,bg_shop_00,,405151001,2,150,2,409135133,1,475,-1,1,37,10000
3893,bg_shop_00,,405151001,2,150,2,409135134,1,475,-1,1,38,10000
3894,bg_shop_00,,405151001,2,150,2,409135135,1,475,-1,1,39,10000
3895,bg_shop_00,,405151001,2,150,2,409135136,1,475,-1,1,40,10000
3896,bg_shop_00,,405151001,2,150,2,409135137,1,475,-1,1,41,10000
3897,bg_shop_00,,405151001,2,150,2,409135138,1,475,-1,1,42,10000
3898,bg_shop_00,,405151001,500,2,2,409135139,1,475,-1,1,43,10000
3899,bg_shop_00,,405151001,500,3,2,409135140,1,475,-1,1,44,10000
3900,bg_shop_00,,405151001,300,2,2,409135141,1,475,-1,1,45,10000
3901,bg_shop_00,,405151001,1000,1,2,409135142,1,475,-1,1,46,10000
3902,bg_shop_00,,204002,100,30,2,411065001,1,476,-1,1,1,10000
3903,bg_shop_00,,204002,100,30,2,411065002,1,476,-1,1,2,10000
3904,bg_shop_00,,204002,100,30,2,411065003,1,476,-1,1,3,10000
3905,bg_shop_00,,204002,100,30,2,411065004,1,476,-1,1,4,10000
3906,bg_shop_00,,204002,100,30,2,411065005,1,476,-1,1,5,10000
3907,bg_shop_00,,204002,100,30,2,411065006,1,476,-1,1,6,10000
3908,bg_shop_00,,204002,100,30,2,411065007,1,476,-1,1,7,10000
3909,bg_shop_00,,204002,100,30,2,411065008,1,476,-1,1,8,10000
3910,bg_shop_00,,204002,100,30,2,411065009,1,476,-1,1,9,10000
3911,bg_shop_00,,204002,100,30,2,411065010,1,476,-1,1,10,10000
3912,bg_shop_00,,204002,100,30,2,411065011,1,476,-1,1,11,10000
3913,bg_shop_00,,204002,100,30,2,411065012,1,476,-1,1,12,10000
3914,bg_shop_00,,204002,100,30,2,411065013,1,476,-1,1,13,10000
3915,bg_shop_00,,204002,100,30,2,411065014,1,476,-1,1,14,10000
3916,bg_shop_00,,204002,100,30,2,411065015,1,476,-1,1,15,10000
3917,bg_shop_00,,204002,100,30,2,411065016,1,476,-1,1,16,10000
3918,bg_shop_00,,405151001,10,100,2,411060201,1,477,-1,1,1,10000
3919,bg_shop_00,,405151001,5,15,2,411060202,1,477,-1,1,2,10000
3920,bg_shop_00,,405151001,300,3,2,411060203,1,477,-1,1,3,10000
3921,bg_shop_00,,405151001,300,3,2,411060204,1,477,-1,1,4,10000
3922,bg_shop_00,,405151001,300,3,2,411060205,1,477,-1,1,5,10000
3923,bg_shop_00,,405151001,300,3,2,411060206,1,477,-1,1,6,10000
3924,bg_shop_00,,405151001,300,3,2,411060207,1,477,-1,1,7,10000
3925,bg_shop_00,,405151001,300,3,2,411060208,1,477,-1,1,8,10000
3926,bg_shop_00,,405151001,4,150,2,411060209,1,477,-1,1,9,10000
3927,bg_shop_00,,405151001,5,150,2,411060210,1,477,-1,1,10,10000
3928,bg_shop_00,,405151001,30,100,2,411060211,1,477,-1,1,11,10000
3929,bg_shop_00,,405151001,500,3,2,411060212,1,477,-1,1,12,10000
3930,bg_shop_00,,405151001,300,2,2,411060213,1,477,-1,1,13,10000
3931,bg_shop_00,,405151001,1000,1,2,411060214,1,477,-1,1,14,10000
3932,bg_shop_00,,401250002,20,1200,2,411075301,-1,478,-1,1,1,10000
3933,bg_shop_00,,401250002,20,1200,2,411075302,-1,478,-1,1,2,10000
3934,bg_shop_00,,401250002,200,120,2,411075303,-1,478,-1,1,3,10000
3935,bg_shop_00,,401250002,20,400,2,411075304,-1,478,-1,1,4,10000
3936,bg_shop_00,,401250002,9,2400,2,411156005,-1,478,-1,1,5,10000
3937,bg_shop_00,,401250002,5,1200,2,411075306,-1,478,-1,1,6,10000
3938,bg_shop_00,,401250002,5,1200,2,411075307,-1,478,-1,1,7,10000
3939,bg_shop_00,,401250002,5,1200,2,411075308,-1,478,-1,1,8,10000
3940,bg_shop_00,,401250002,5,1200,2,411075309,-1,478,-1,1,9,10000
3941,bg_shop_00,,401250002,5,1200,2,411075310,-1,478,-1,1,10,10000
3942,bg_shop_00,,401250002,100,24,2,411075311,-1,478,-1,1,11,10000
3943,bg_shop_00,,401250002,500,16,2,411075312,-1,478,-1,1,12,10000
3944,bg_shop_00,,401250002,100,20,2,411075313,-1,478,-1,1,13,10000
3945,bg_shop_00,,401250002,10,800,2,411075314,-1,478,-1,1,14,10000
3946,bg_shop_00,,401250002,20,240,2,411075315,-1,478,-1,1,15,10000
3947,bg_shop_00,,401250002,100,80,2,411075316,-1,478,-1,1,16,10000
3948,bg_shop_00,,401250002,999,20,2,411075317,-1,478,-1,1,17,10000
3949,bg_shop_00,,401250002,9999,8,2,411075318,-1,478,-1,1,18,10000
3950,bg_shop_00,,401250002,999,20,2,411075319,-1,478,-1,1,19,10000
3951,bg_shop_00,,401250002,999,240,2,411075320,-1,478,-1,1,20,10000
3952,bg_shop_00,,401250002,999,80,2,411075321,-1,478,-1,1,21,10000
3953,bg_shop_00,,405151001,500,1,2,411078001,1,479,-1,1,1,10000
3954,bg_shop_00,,405151001,200,4,2,411078002,1,479,-1,1,2,10000
3955,bg_shop_00,,405151001,100,8,2,411078003,1,479,-1,1,3,10000
3956,bg_shop_00,,405151001,100,2,2,411078004,1,479,-1,1,4,10000
3957,bg_shop_00,,405151001,10,80,2,411078005,1,479,-1,1,5,10000
3958,bg_shop_00,,405151001,10,20,2,411078006,1,479,-1,1,6,10000
3959,bg_shop_00,,405151001,10,5,2,411078007,1,479,-1,1,7,10000
3960,bg_shop_00,,405151001,1,300,2,411078008,1,479,-1,1,8,10000
3961,bg_shop_00,,405151001,1,90,2,411078009,1,479,-1,1,9,10000
3962,bg_shop_00,,405151001,1,90,2,411078010,1,479,-1,1,10,10000
3963,bg_shop_00,,405151001,1,90,2,411078011,1,479,-1,1,11,10000
3964,bg_shop_00,,405151001,1,90,2,411078012,1,479,-1,1,12,10000
3965,bg_shop_00,,405151001,1,90,2,411078013,1,479,-1,1,13,10000
3966,bg_shop_00,,405151001,1,90,2,411078014,1,479,-1,1,14,10000
3967,bg_shop_00,,405151001,1,90,2,411078015,1,479,-1,1,15,10000
3968,bg_shop_00,,405151001,1,90,2,411078016,1,479,-1,1,16,10000
3969,bg_shop_00,,405151001,1,60,2,411078017,1,479,-1,1,17,10000
3970,bg_shop_00,,405151001,1,30,2,411078018,1,479,-1,1,18,10000
3971,bg_shop_00,,405151001,1,30,2,411078019,1,479,-1,1,19,10000
3972,bg_shop_00,,405151001,1,15,2,411078020,1,479,-1,1,20,10000
3973,bg_shop_00,,405151001,1,10,2,411078021,1,479,-1,1,21,10000
3974,bg_shop_00,,405151001,2,150,2,411078022,1,479,-1,1,22,10000
3975,bg_shop_00,,405151001,2,150,2,411078023,1,479,-1,1,23,10000
3976,bg_shop_00,,405151001,2,150,2,411078024,1,479,-1,1,24,10000
3977,bg_shop_00,,405151001,2,150,2,411078025,1,479,-1,1,25,10000
3978,bg_shop_00,,405151001,2,150,2,411078026,1,479,-1,1,26,10000
3979,bg_shop_00,,405151001,2,150,2,411078027,1,479,-1,1,27,10000
3980,bg_shop_00,,405151001,2,150,2,411078028,1,479,-1,1,28,10000
3981,bg_shop_00,,405151001,2,150,2,411078029,1,479,-1,1,29,10000
3982,bg_shop_00,,405151001,2,150,2,411078030,1,479,-1,1,30,10000
3983,bg_shop_00,,405151001,2,150,2,411078031,1,479,-1,1,31,10000
3984,bg_shop_00,,405151001,2,150,2,411078032,1,479,-1,1,32,10000
3985,bg_shop_00,,405151001,2,150,2,411078033,1,479,-1,1,33,10000
3986,bg_shop_00,,405151001,500,2,2,411078034,1,479,-1,1,34,10000
3987,bg_shop_00,,405151001,500,3,2,411078035,1,479,-1,1,35,10000
3988,bg_shop_00,,405151001,300,2,2,411078036,1,479,-1,1,36,10000
3989,bg_shop_00,,405151001,1000,1,2,411078037,1,479,-1,1,37,10000
3990,bg_shop_00,,204002,100,30,2,411156001,1,480,-1,1,1,10000
3991,bg_shop_00,,204002,100,30,2,411156002,1,480,-1,1,2,10000
3992,bg_shop_00,,204002,100,30,2,411156003,1,480,-1,1,3,10000
3993,bg_shop_00,,204002,20,100,2,411156004,1,480,-1,1,4,10000
3994,bg_shop_00,,204002,9,600,2,411156005,1,480,-1,1,5,10000
3995,bg_shop_00,,204002,800,30,2,411156006,1,480,-1,1,6,10000
3996,bg_shop_00,,204002,5,300,2,411156007,1,480,-1,1,7,10000
3997,bg_shop_00,,204002,5,300,2,411156008,1,480,-1,1,8,10000
3998,bg_shop_00,,204002,5,300,2,411156009,1,480,-1,1,9,10000
3999,bg_shop_00,,204002,5,300,2,411156010,1,480,-1,1,10,10000
4000,bg_shop_00,,204002,100,6,2,411156011,1,480,-1,1,11,10000
4001,bg_shop_00,,204002,500,4,2,411156012,1,480,-1,1,12,10000
4002,bg_shop_00,,204002,100,5,2,411156013,1,480,-1,1,13,10000
4003,bg_shop_00,,204002,999,200,2,411156014,1,480,-1,1,14,10000
4004,bg_shop_00,,204002,999,60,2,411156015,1,480,-1,1,15,10000
4005,bg_shop_00,,204002,999,20,2,411156016,1,480,-1,1,16,10000
4006,bg_shop_00,,204002,999,5,2,411156017,1,480,-1,1,17,10000
4007,bg_shop_00,,204002,9999,2,2,411156018,1,480,-1,1,18,10000
4008,bg_shop_00,,204002,999,30,2,411156019,1,480,-1,1,19,10000
4009,bg_shop_00,,204002,999,100,2,411156020,1,480,-1,1,20,10000
4010,bg_shop_00,,204002,999,80,2,411156021,1,480,-1,1,21,10000
4011,bg_shop_00,,204002,1,150,2,409263201,1,481,1,1,1,10000
4012,bg_shop_00,,204002,200,30,2,409263202,1,481,-1,1,2,10000
4013,bg_shop_00,,204002,1,2000,2,409263203,1,481,-1,1,3,10000
4014,bg_shop_00,,204002,1,2000,2,409263204,1,481,-1,1,4,10000
4015,bg_shop_00,,204002,1,2000,2,409263205,1,481,-1,1,5,10000
4016,bg_shop_00,,204002,1,2000,2,409263206,1,481,-1,1,6,10000
4017,bg_shop_00,,204002,3,200,2,409263207,1,481,-1,1,7,10000
4018,bg_shop_00,,204002,3,250,2,409263208,1,481,-1,1,8,10000
4019,bg_shop_00,,204002,3,350,2,409263209,1,481,-1,1,9,10000
4020,bg_shop_00,,204002,3,350,2,409263210,1,481,-1,1,10,10000
4021,bg_shop_00,,204002,4,450,2,409263211,1,481,-1,1,11,10000
4022,bg_shop_00,,204002,8,250,2,409263212,1,481,-1,1,12,10000
4023,bg_shop_00,,204002,999,200,2,409263213,1,481,-1,1,13,10000
4024,bg_shop_00,,204002,999,50,2,409263214,1,481,-1,1,12,10000
4025,bg_shop_00,,204002,999,10,2,409263215,1,481,-1,1,13,10000
4030,bg_shop_00,,401081002,1,1999,2,411158001,1,482,-1,1,1,10000
4031,bg_shop_00,,401081002,1,999,2,411158002,1,482,-1,1,2,10000
4032,bg_shop_00,,401081002,10,25,2,411158003,1,482,-1,1,3,10000
4033,bg_shop_00,,401081002,6,65,2,411158004,1,482,-1,1,4,10000
4034,bg_shop_00,,401081002,300,15,2,411158005,1,482,-1,1,5,10000
4035,bg_shop_00,,401081002,20,40,2,411158006,1,482,-1,1,6,10000
4036,bg_shop_00,,401081002,30,15,2,411158007,1,482,-1,1,7,10000
4037,bg_shop_00,,401081002,100,10,2,411158008,1,482,-1,1,8,10000
4038,bg_shop_00,,401081002,300,100,2,411158009,1,482,-1,1,9,10000
4039,bg_shop_00,,401081002,100,15,2,411158010,1,482,-1,1,10,10000
4040,bg_shop_00,,401081002,1000,5,2,411158011,1,482,-1,1,11,10000
4041,bg_shop_00,,401081002,100,75,2,411158012,1,482,-1,1,12,10000
4042,bg_shop_00,,401081002,300,5,2,411158013,1,482,-1,1,13,10000
4043,bg_shop_00,,204002,100,30,2,411225101,1,483,-1,1,1,10000
4044,bg_shop_00,,204002,100,30,2,411225102,1,483,-1,1,2,10000
4045,bg_shop_00,,204002,100,30,2,411225103,1,483,-1,1,3,10000
4046,bg_shop_00,,204002,100,30,2,411225104,1,483,-1,1,4,10000
4047,bg_shop_00,,204002,20,100,2,411225105,1,483,-1,1,5,10000
4048,bg_shop_00,,204002,9,600,2,411225106,1,483,-1,1,6,10000
4049,bg_shop_00,,204002,800,30,2,411225107,1,483,-1,1,7,10000
4050,bg_shop_00,,204002,5,300,2,411225108,1,483,-1,1,8,10000
4051,bg_shop_00,,204002,5,300,2,411225109,1,483,-1,1,9,10000
4052,bg_shop_00,,204002,5,75,2,411225110,1,483,-1,1,10,10000
4053,bg_shop_00,,204002,5,75,2,411225111,1,483,-1,1,11,10000
4054,bg_shop_00,,204002,5,300,2,411225112,1,483,-1,1,12,10000
4055,bg_shop_00,,204002,5,300,2,411225113,1,483,-1,1,13,10000
4056,bg_shop_00,,204002,100,6,2,411225114,1,483,-1,1,14,10000
4057,bg_shop_00,,204002,500,4,2,411225115,1,483,-1,1,15,10000
4058,bg_shop_00,,204002,100,5,2,411225116,1,483,-1,1,16,10000
4059,bg_shop_00,,204002,999,200,2,411225117,1,483,-1,1,17,10000
4060,bg_shop_00,,204002,999,60,2,411225118,1,483,-1,1,18,10000
4061,bg_shop_00,,204002,999,20,2,411225119,1,483,-1,1,19,10000
4062,bg_shop_00,,204002,999,5,2,411225120,1,483,-1,1,20,10000
4063,bg_shop_00,,204002,9999,2,2,411225121,1,483,-1,1,21,10000
4064,bg_shop_00,,204002,999,30,2,411225122,1,483,-1,1,22,10000
4065,bg_shop_00,,204002,999,100,2,411225123,1,483,-1,1,23,10000
4066,bg_shop_00,,204002,999,80,2,411225124,1,483,-1,1,24,10000
4067,bg_shop_00,,401250002,100,50,2,411220001,-1,438,-1,1,7,10000
4068,bg_shop_00,,411200002,1,999,2,411250001,1,484,-1,1,1,10000
4069,bg_shop_00,,411200002,1,699,2,411250002,1,484,-1,1,2,10000
4070,bg_shop_00,,411200002,11,200,2,411250003,1,484,-1,1,3,10000
4071,bg_shop_00,,411200002,100,10,2,411250004,1,484,-1,1,4,10000
4072,bg_shop_00,,411200002,2,300,2,411250005,1,484,-1,1,5,10000
4073,bg_shop_00,,411200002,30,400,2,411250006,1,484,-1,1,6,10000
4074,bg_shop_00,,411200002,4,200,2,411250007,1,484,-1,1,7,10000
4075,bg_shop_00,,411200002,60,5,2,411250008,1,484,-1,1,8,10000
4076,bg_shop_00,,411200002,20,15,2,411250009,1,484,-1,1,9,10000
4077,bg_shop_00,,411200002,300,10,2,411250010,1,484,-1,1,10,10000
4078,bg_shop_00,,411200002,500,1,2,411250011,1,484,-1,1,11,10000
4079,bg_shop_00,,411200002,500,1,2,411250012,1,484,-1,1,12,10000
4080,bg_shop_00,,411200002,1000,2,2,411250013,1,484,-1,1,13,10000
4081,bg_shop_00,,411200002,1000,2,2,411250014,1,484,-1,1,14,10000
4082,bg_shop_00,,411200002,1000,2,2,411250015,1,484,-1,1,15,10000
4083,bg_shop_00,,411200002,1000,1,2,411250016,1,484,-1,1,16,10000
4084,bg_shop_00,,411200002,1,999,2,411250101,1,485,-1,1,1,10000
4085,bg_shop_00,,411200002,1,699,2,411250102,1,485,-1,1,2,10000
4086,bg_shop_00,,411200002,11,200,2,411250103,1,485,-1,1,3,10000
4087,bg_shop_00,,411200002,100,10,2,411250104,1,485,-1,1,4,10000
4088,bg_shop_00,,411200002,2,300,2,411250105,1,485,-1,1,5,10000
4089,bg_shop_00,,411200002,30,400,2,411250106,1,485,-1,1,6,10000
4090,bg_shop_00,,411200002,10,90,2,411250107,1,485,-1,1,7,10000
4091,bg_shop_00,,411200002,50,30,2,411250108,1,485,-1,1,8,10000
4092,bg_shop_00,,411200002,60,5,2,411250109,1,485,-1,1,9,10000
4093,bg_shop_00,,411200002,20,15,2,411250110,1,485,-1,1,10,10000
4094,bg_shop_00,,411200002,300,10,2,411250111,1,485,-1,1,11,10000
4095,bg_shop_00,,411200002,500,1,2,411250112,1,485,-1,1,12,10000
4096,bg_shop_00,,411200002,500,1,2,411250113,1,485,-1,1,13,10000
4097,bg_shop_00,,411200002,1000,2,2,411250114,1,485,-1,1,14,10000
4098,bg_shop_00,,411200002,1000,2,2,411250115,1,485,-1,1,15,10000
4099,bg_shop_00,,411200002,1000,2,2,411250116,1,485,-1,1,16,10000
4100,bg_shop_00,,411200002,1000,1,2,411250117,1,485,-1,1,17,10000
4101,bg_shop_00,,411200004,5,300,2,411250201,1,486,-1,1,1,10000
4102,bg_shop_00,,411200004,2,1000,2,411250202,1,486,-1,1,2,10000
4103,bg_shop_00,,411200004,1,100,2,411250203,1,486,-1,1,3,10000
4104,bg_shop_00,,411200004,20,50,2,411250204,1,486,-1,1,4,10000
4105,bg_shop_00,,411200004,1,500,2,411250205,1,486,-1,1,5,10000
4106,bg_shop_00,,411200004,1,500,2,411250206,1,486,-1,1,6,10000
4107,bg_shop_00,,411200004,2,800,2,411250207,1,486,-1,1,7,10000
4108,bg_shop_00,,411200004,2,800,2,411250208,1,486,-1,1,8,10000
4109,bg_shop_00,,411200004,2,800,2,411250209,1,486,-1,1,9,10000
4110,bg_shop_00,,411200004,2,800,2,411250210,1,486,-1,1,10,10000
4111,bg_shop_00,,411200004,2,800,2,411250211,1,486,-1,1,11,10000
4112,bg_shop_00,,411200004,2,800,2,411250212,1,486,-1,1,12,10000
4113,bg_shop_00,,411200004,2,800,2,411250213,1,486,-1,1,13,10000
4114,bg_shop_00,,411200004,1000,1,2,411250214,1,486,-1,1,14,10000
4115,bg_shop_00,,411200004,1000,1,2,411250215,1,486,-1,1,15,10000
4116,bg_shop_00,,405151001,10,100,2,411291001,1,487,-1,1,1,10000
4117,bg_shop_00,,405151001,5,15,2,411291002,1,487,-1,1,2,10000
4118,bg_shop_00,,405151001,300,3,2,411291003,1,487,-1,1,3,10000
4119,bg_shop_00,,405151001,300,3,2,411291004,1,487,-1,1,4,10000
4120,bg_shop_00,,405151001,300,3,2,411291005,1,487,-1,1,5,10000
4121,bg_shop_00,,405151001,300,3,2,411291006,1,487,-1,1,6,10000
4122,bg_shop_00,,405151001,300,3,2,411291007,1,487,-1,1,7,10000
4123,bg_shop_00,,405151001,4,150,2,411291008,1,487,-1,1,8,10000
4124,bg_shop_00,,405151001,5,150,2,411291009,1,487,-1,1,9,10000
4125,bg_shop_00,,405151001,30,100,2,411291010,1,487,-1,1,10,10000
4126,bg_shop_00,,405151001,500,3,2,411291011,1,487,-1,1,11,10000
4127,bg_shop_00,,405151001,300,2,2,411291012,1,487,-1,1,12,10000
4128,bg_shop_00,,405151001,1000,1,2,411291013,1,487,-1,1,13,10000
4129,bg_shop_00,,405151001,2000,1,2,411115001,1,488,-1,1,1,10000
4130,bg_shop_00,,405151001,300,4,2,411115002,1,488,-1,1,2,10000
4131,bg_shop_00,,405151001,200,8,2,411115003,1,488,-1,1,3,10000
4132,bg_shop_00,,405151001,10,15,2,411115004,1,488,-1,1,4,10000
4133,bg_shop_00,,405151001,10,2,2,411115005,1,488,-1,1,5,10000
4134,bg_shop_00,,405151001,100,2,2,411115006,1,488,-1,1,6,10000
4135,bg_shop_00,,405151001,100,2,2,411115007,1,488,-1,1,7,10000
4136,bg_shop_00,,405151001,50,80,2,411115008,1,488,-1,1,8,10000
4137,bg_shop_00,,405151001,50,20,2,411115009,1,488,-1,1,9,10000
4138,bg_shop_00,,405151001,50,5,2,411115010,1,488,-1,1,10,10000
4139,bg_shop_00,,405151001,10,30,2,411115011,1,488,-1,1,11,10000
4140,bg_shop_00,,405151001,1000,2,2,411115012,1,488,-1,1,12,10000
4141,bg_shop_00,,405151001,500,3,2,411115013,1,488,-1,1,13,10000
4142,bg_shop_00,,405151001,300,2,2,411115014,1,488,-1,1,14,10000
4143,bg_shop_00,,405151001,1000,1,2,411115015,1,488,-1,1,15,10000
4144,bg_shop_00,,406181009,5,180,2,412065501,1,489,-1,1,1,10000
4145,bg_shop_00,,406181009,1,300,2,412065502,1,489,-1,1,2,10000
4146,bg_shop_00,,406181009,1,300,2,412065503,1,489,-1,1,3,10000
4147,bg_shop_00,,406181009,8,120,2,412065504,1,489,-1,1,4,10000
4148,bg_shop_00,,406181009,2,500,2,412065505,1,489,-1,1,5,10000
4149,bg_shop_00,,406181009,2,500,2,412065506,1,489,-1,1,6,10000
4150,bg_shop_00,,406181009,2,500,2,412065507,1,489,-1,1,7,10000
4151,bg_shop_00,,406181009,2,500,2,412065508,1,489,-1,1,8,10000
4152,bg_shop_00,,406181009,2,500,2,412065509,1,489,-1,1,9,10000
4153,bg_shop_00,,406181009,2,500,2,412065510,1,489,-1,1,10,10000
4154,bg_shop_00,,406181009,2,500,2,412065511,1,489,-1,1,11,10000
4155,bg_shop_00,,406181009,1000,1,2,412065512,1,489,-1,1,12,10000
4156,bg_shop_00,,406181009,1000,1,2,412065513,1,489,-1,1,13,10000
4157,bg_shop_00,,9250010,10,5,2,412060201,-1,490,1,1,1,10000
4158,bg_shop_00,,9250010,1,999,2,412060202,-1,490,-1,1,2,10000
4159,bg_shop_00,,9250010,1,500,2,412060203,-1,490,-1,1,3,10000
4160,bg_shop_00,,9250010,30,150,2,412060204,-1,490,-1,1,4,10000
4161,bg_shop_00,,9250010,30,150,2,412060205,-1,490,-1,1,5,10000
4162,bg_shop_00,,9250010,30,150,2,412060206,-1,490,-1,1,6,10000
4163,bg_shop_00,,9250010,100,100,2,412060207,-1,490,-1,1,13,10000
4164,bg_shop_00,,9250010,100,30,2,412060208,-1,490,-1,1,14,10000
4165,bg_shop_00,,9250010,3,250,2,412060209,-1,490,-1,1,15,10000
4166,bg_shop_00,,9250010,4,300,2,412060210,-1,490,-1,1,18,10000
4167,bg_shop_00,,9250010,2,1200,2,412060211,-1,490,-1,1,19,10000
4168,bg_shop_00,,9250010,2,1200,2,412060212,-1,490,-1,1,20,10000
4169,bg_shop_00,,9250010,2,1200,2,412060213,-1,490,-1,1,21,10000
4170,bg_shop_00,,9250010,2,1200,2,412060214,-1,490,-1,1,22,10000
4171,bg_shop_00,,9250010,1000,50,2,412060215,-1,490,-1,1,36,10000
4172,bg_shop_00,,9250010,1000,20,2,412060216,-1,490,-1,1,37,10000
4173,bg_shop_00,,9250010,1000,20,2,412060217,-1,490,-1,1,38,10000
4174,bg_shop_00,,9250010,4,250,2,411156009,-1,490,-1,1,31,10000
4175,bg_shop_00,,9250010,4,250,2,411156010,-1,490,-1,1,32,10000
4176,bg_shop_00,,9250010,8,150,2,409263212,-1,490,-1,1,33,10000
4177,bg_shop_00,,9250010,30,150,2,408280004,-1,490,-1,1,7,10000
4178,bg_shop_00,,9250010,30,150,2,408280005,-1,490,-1,1,8,10000
4179,bg_shop_00,,9250010,30,150,2,408280006,-1,490,-1,1,9,10000
4180,bg_shop_00,,9250010,3,250,2,408280008,-1,490,-1,1,16,10000
4181,bg_shop_00,,9250010,1,1200,2,408280009,-1,490,-1,1,23,10000
4182,bg_shop_00,,9250010,1,1200,2,408280010,-1,490,-1,1,24,10000
4183,bg_shop_00,,9250010,1,1200,2,408280011,-1,490,-1,1,25,10000
4184,bg_shop_00,,9250010,1,1200,2,408280012,-1,490,-1,1,26,10000
4185,bg_shop_00,,9250010,8,150,2,409010001,-1,490,-1,1,34,10000
4186,bg_shop_00,,9250010,300,15,2,411156001,-1,490,-1,1,10,10000
4187,bg_shop_00,,9250010,300,15,2,411156002,-1,490,-1,1,11,10000
4188,bg_shop_00,,9250010,300,15,2,411156003,-1,490,-1,1,12,10000
4189,bg_shop_00,,9250010,1,1200,2,409050103,-1,490,-1,1,27,10000
4190,bg_shop_00,,9250010,1,1200,2,409050104,-1,490,-1,1,28,10000
4191,bg_shop_00,,9250010,1,1200,2,409050105,-1,490,-1,1,29,10000
4192,bg_shop_00,,9250010,1,1200,2,409050106,-1,490,-1,1,30,10000
4193,bg_shop_00,,9250010,3,250,2,409050108,-1,490,-1,1,17,10000
4194,bg_shop_00,,9250010,8,150,2,409050112,-1,490,-1,1,35,10000
4195,bg_shop_00,,9250010,100,30,2,412135011,-1,491,-1,1,1,10000
4196,bg_shop_00,,9250010,100,30,2,412135012,-1,491,-1,1,2,10000
4197,bg_shop_00,,9250010,100,30,2,412135013,-1,491,-1,1,3,10000
4198,bg_shop_00,,9250010,100,30,2,412135014,-1,491,-1,1,4,10000
4199,bg_shop_00,,9250010,100,30,2,412135015,-1,491,-1,1,5,10000
4200,bg_shop_00,,9250010,20,100,2,412135016,-1,491,-1,1,6,10000
4201,bg_shop_00,,9250010,9,600,2,412135017,-1,491,-1,1,7,10000
4202,bg_shop_00,,9250010,800,30,2,412135018,-1,491,-1,1,8,10000
4203,bg_shop_00,,9250010,5,300,2,412135019,-1,491,-1,1,9,10000
4204,bg_shop_00,,9250010,5,300,2,412135020,-1,491,-1,1,10,10000
4205,bg_shop_00,,9250010,5,75,2,412135021,-1,491,-1,1,11,10000
4206,bg_shop_00,,9250010,5,75,2,412135022,-1,491,-1,1,12,10000
4207,bg_shop_00,,9250010,5,300,2,412135023,-1,491,-1,1,13,10000
4208,bg_shop_00,,9250010,5,300,2,412135024,-1,491,-1,1,14,10000
4209,bg_shop_00,,9250010,100,6,2,412135025,-1,491,-1,1,15,10000
4210,bg_shop_00,,9250010,500,4,2,412135026,-1,491,-1,1,16,10000
4211,bg_shop_00,,9250010,100,5,2,412135027,-1,491,-1,1,17,10000
4212,bg_shop_00,,9250010,999,200,2,412135028,-1,491,-1,1,18,10000
4213,bg_shop_00,,9250010,999,60,2,412135029,-1,491,-1,1,19,10000
4214,bg_shop_00,,9250010,999,20,2,412135030,-1,491,-1,1,20,10000
4215,bg_shop_00,,9250010,999,5,2,412135031,-1,491,-1,1,21,10000
4216,bg_shop_00,,9250010,9999,2,2,412135032,-1,491,-1,1,22,10000
4217,bg_shop_00,,9250010,999,30,2,412135033,-1,491,-1,1,23,10000
4218,bg_shop_00,,9250010,999,100,2,412135034,-1,491,-1,1,24,10000
4219,bg_shop_00,,9250010,999,80,2,412135035,-1,491,-1,1,25,10000
4220,bg_shop_00,,401081002,1,1999,2,412135401,1,492,-1,1,1,10000
4221,bg_shop_00,,401081002,1,999,2,412135402,1,492,-1,1,2,10000
4222,bg_shop_00,,401081002,1,200,2,412135403,1,492,-1,1,3,10000
4223,bg_shop_00,,401081002,4,350,2,412176001,1,492,-1,1,4,10000
4224,bg_shop_00,,401081002,4,350,2,412176002,1,492,-1,1,5,10000
4225,bg_shop_00,,401081002,4,200,2,412176003,1,492,-1,1,6,10000
4226,bg_shop_00,,401081002,4,350,2,412176004,1,492,-1,1,7,10000
4227,bg_shop_00,,401081002,4,350,2,412176005,1,492,-1,1,8,10000
4228,bg_shop_00,,401081002,1,25,2,412135404,1,492,-1,1,9,10000
4229,bg_shop_00,,401081002,5,60,2,412135405,1,492,-1,1,10,10000
4230,bg_shop_00,,401081002,5,8,2,412135406,1,492,-1,1,11,10000
4231,bg_shop_00,,401081002,100,8,2,412135407,1,492,-1,1,12,10000
4232,bg_shop_00,,401081002,6,10,2,412135408,1,492,-1,1,13,10000
4233,bg_shop_00,,401081002,6,10,2,412135409,1,492,-1,1,14,10000
4234,bg_shop_00,,401081002,6,65,2,412135410,1,492,-1,1,15,10000
4235,bg_shop_00,,401081002,300,15,2,412135411,1,492,-1,1,16,10000
4236,bg_shop_00,,401081002,20,40,2,412135412,1,492,-1,1,17,10000
4237,bg_shop_00,,401081002,30,15,2,412135413,1,492,-1,1,18,10000
4238,bg_shop_00,,401081002,100,10,2,412135414,1,492,-1,1,19,10000
4239,bg_shop_00,,401081002,300,100,2,412135415,1,492,-1,1,20,10000
4240,bg_shop_00,,401081002,100,15,2,412135416,1,492,-1,1,21,10000
4241,bg_shop_00,,401081002,1000,5,2,412135417,1,492,-1,1,22,10000
4242,bg_shop_00,,401081002,100,75,2,412135418,1,492,-1,1,23,10000
4243,bg_shop_00,,401081002,300,5,2,412135419,1,492,-1,1,24,10000
4244,bg_shop_00,,401081002,1,999,2,412130001,1,493,-1,1,1,10000
4245,bg_shop_00,,401081002,1,999,2,412130002,1,493,-1,1,2,10000
4246,bg_shop_00,,401081002,1,200,2,412130003,1,493,-1,1,3,10000
4247,bg_shop_00,,401081002,1,100,2,412130004,1,493,-1,1,4,10000
4248,bg_shop_00,,401081002,100,15,2,412130005,1,493,-1,1,5,10000
4249,bg_shop_00,,401081002,300,10,2,412130006,1,493,-1,1,6,10000
4250,bg_shop_00,,401081002,200,10,2,412130007,1,493,-1,1,7,10000
4251,bg_shop_00,,401081002,4,300,2,412130008,1,493,-1,1,8,10000
4252,bg_shop_00,,401081002,4,30,2,412130009,1,493,-1,1,9,10000
4253,bg_shop_00,,401081002,20,60,2,412130010,1,493,-1,1,10,10000
4254,bg_shop_00,,401081002,999,30,2,412130011,1,493,-1,1,11,10000
4255,bg_shop_00,,401081002,999,20,2,412130012,1,493,-1,1,12,10000
4256,bg_shop_00,,401081002,999,20,2,412130013,1,493,-1,1,13,10000
4257,bg_shop_00,,406181006,1,16000,2,411250101,-1,494,-1,1,1,10000
4258,bg_shop_00,,406181006,11,800,2,406211502,-1,494,-1,1,2,10000
4259,bg_shop_00,,406181006,11,400,2,406211503,-1,494,-1,1,3,10000
4260,bg_shop_00,,406181006,20,900,2,406211504,-1,494,-1,1,4,10000
4261,bg_shop_00,,406181006,100,300,2,406211505,-1,494,-1,1,5,10000
4262,bg_shop_00,,406181006,1000,400,2,406211506,-1,494,-1,1,6,10000
4263,bg_shop_00,,406181006,1000,100,2,406211507,-1,494,-1,1,7,10000
4264,bg_shop_00,,406181006,100,100,2,406211508,-1,494,-1,1,8,10000
4265,bg_shop_00,,406181006,1000,40,2,406211509,-1,494,-1,1,9,10000
4266,bg_shop_00,,406181006,1000,20,2,406211510,-1,494,-1,1,10,10000
4267,bg_shop_00,,406181006,200,40,2,406211511,-1,494,-1,1,11,10000
4268,bg_shop_00,,401250002,20,1200,2,407237101,-1,495,-1,1,1,10000
4269,bg_shop_00,,401250002,200,120,2,407237102,-1,495,-1,1,2,10000
4270,bg_shop_00,,401250002,200,120,2,407237103,-1,495,-1,1,3,10000
4271,bg_shop_00,,401250002,20,400,2,407237104,-1,495,-1,1,4,10000
4272,bg_shop_00,,401250002,10,800,2,407237105,-1,495,-1,1,5,10000
4273,bg_shop_00,,401250002,20,240,2,407237106,-1,495,-1,1,6,10000
4274,bg_shop_00,,401250002,100,80,2,407237107,-1,495,-1,1,7,10000
4275,bg_shop_00,,401250002,999,20,2,407237108,-1,495,-1,1,8,10000
4276,bg_shop_00,,401250002,999,8,2,407237109,-1,495,-1,1,9,10000
4277,bg_shop_00,,401250002,999,20,2,407237110,-1,495,-1,1,10,10000
4278,bg_shop_00,,401250002,999,240,2,407237111,-1,495,-1,1,11,10000
4279,bg_shop_00,,401250002,999,80,2,407237112,-1,495,-1,1,12,10000
4280,bg_shop_00,,401250002,20,1200,2,407217101,-1,496,-1,1,1,10000
4281,bg_shop_00,,401250002,200,120,2,407217102,-1,496,-1,1,2,10000
4282,bg_shop_00,,401250002,200,120,2,407217103,-1,496,-1,1,3,10000
4283,bg_shop_00,,401250002,20,400,2,407217104,-1,496,-1,1,4,10000
4284,bg_shop_00,,401250002,10,800,2,407217105,-1,496,-1,1,5,10000
4285,bg_shop_00,,401250002,20,240,2,407217106,-1,496,-1,1,6,10000
4286,bg_shop_00,,401250002,100,80,2,407217107,-1,496,-1,1,7,10000
4287,bg_shop_00,,401250002,999,20,2,407217108,-1,496,-1,1,8,10000
4288,bg_shop_00,,401250002,999,8,2,407217109,-1,496,-1,1,9,10000
4289,bg_shop_00,,401250002,999,20,2,407217110,-1,496,-1,1,10,10000
4290,bg_shop_00,,401250002,999,240,2,407217111,-1,496,-1,1,11,10000
4291,bg_shop_00,,401250002,999,80,2,407217112,-1,496,-1,1,12,10000
4292,bg_shop_00,,401250002,20,1200,2,408226001,-1,497,-1,1,1,10000
4293,bg_shop_00,,401250002,200,120,2,408226002,-1,497,-1,1,2,10000
4294,bg_shop_00,,401250002,200,120,2,408226003,-1,497,-1,1,3,10000
4295,bg_shop_00,,401250002,200,120,2,408226004,-1,497,-1,1,4,10000
4296,bg_shop_00,,401250002,200,120,2,408226005,-1,497,-1,1,5,10000
4297,bg_shop_00,,401250002,20,400,2,408226006,-1,497,-1,1,6,10000
4298,bg_shop_00,,401250002,9,2400,2,408226007,-1,497,-1,1,7,10000
4299,bg_shop_00,,401250002,5,1200,2,408226008,-1,497,-1,1,8,10000
4300,bg_shop_00,,401250002,10,24,2,408305001,-1,497,-1,1,9,10000
4301,bg_shop_00,,401250002,50,16,2,408305002,-1,497,-1,1,10,10000
4302,bg_shop_00,,401250002,10,800,2,408226009,-1,497,-1,1,11,10000
4303,bg_shop_00,,401250002,20,240,2,408226010,-1,497,-1,1,12,10000
4304,bg_shop_00,,401250002,100,80,2,408226011,-1,497,-1,1,13,10000
4305,bg_shop_00,,401250002,999,20,2,408226012,-1,497,-1,1,14,10000
4306,bg_shop_00,,401250002,999,8,2,408226013,-1,497,-1,1,15,10000
4307,bg_shop_00,,401250002,999,20,2,408226014,-1,497,-1,1,16,10000
4308,bg_shop_00,,401250002,999,240,2,408226015,-1,497,-1,1,17,10000
4309,bg_shop_00,,401250002,999,80,2,408226016,-1,497,-1,1,18,10000
4310,bg_shop_00,,401250002,20,1200,2,408226201,-1,498,-1,1,1,10000
4311,bg_shop_00,,401250002,20,1200,2,408226202,-1,498,-1,1,2,10000
4312,bg_shop_00,,401250002,200,120,2,408226203,-1,498,-1,1,3,10000
4313,bg_shop_00,,401250002,200,120,2,408226204,-1,498,-1,1,4,10000
4314,bg_shop_00,,401250002,200,120,2,408226205,-1,498,-1,1,5,10000
4315,bg_shop_00,,401250002,200,120,2,408226206,-1,498,-1,1,6,10000
4316,bg_shop_00,,401250002,20,400,2,408226207,-1,498,-1,1,7,10000
4317,bg_shop_00,,401250002,9,2400,2,408226208,-1,498,-1,1,8,10000
4318,bg_shop_00,,401250002,5,1200,2,408226209,-1,498,-1,1,9,10000
4319,bg_shop_00,,401250002,10,24,2,408305001,-1,498,-1,1,10,10000
4320,bg_shop_00,,401250002,50,16,2,408305002,-1,498,-1,1,11,10000
4321,bg_shop_00,,401250002,10,800,2,408226210,-1,498,-1,1,12,10000
4322,bg_shop_00,,401250002,20,240,2,408226211,-1,498,-1,1,13,10000
4323,bg_shop_00,,401250002,100,80,2,408226212,-1,498,-1,1,14,10000
4324,bg_shop_00,,401250002,999,20,2,408226213,-1,498,-1,1,15,10000
4325,bg_shop_00,,401250002,999,8,2,408226214,-1,498,-1,1,16,10000
4326,bg_shop_00,,401250002,999,20,2,408226215,-1,498,-1,1,17,10000
4327,bg_shop_00,,401250002,999,240,2,408226216,-1,498,-1,1,18,10000
4328,bg_shop_00,,401250002,999,80,2,408226217,-1,498,-1,1,19,10000
4329,bg_shop_00,,401250002,20,1200,2,409025101,-1,499,-1,1,1,10000
4330,bg_shop_00,,401250002,20,1200,2,409025102,-1,499,-1,1,2,10000
4331,bg_shop_00,,401250002,20,1200,2,409025103,-1,499,-1,1,3,10000
4332,bg_shop_00,,401250002,200,120,2,409025104,-1,499,-1,1,4,10000
4333,bg_shop_00,,401250002,200,120,2,409025105,-1,499,-1,1,5,10000
4334,bg_shop_00,,401250002,200,120,2,409025106,-1,499,-1,1,6,10000
4335,bg_shop_00,,401250002,20,400,2,409025107,-1,499,-1,1,7,10000
4336,bg_shop_00,,401250002,9,2400,2,409025108,-1,499,-1,1,8,10000
4337,bg_shop_00,,401250002,5,1200,2,409025109,-1,499,-1,1,9,10000
4338,bg_shop_00,,401250002,5,1200,2,409025110,-1,499,-1,1,10,10000
4339,bg_shop_00,,401250002,10,24,2,409025111,-1,499,-1,1,11,10000
4340,bg_shop_00,,401250002,50,16,2,409025112,-1,499,-1,1,12,10000
4341,bg_shop_00,,401250002,10,800,2,409025113,-1,499,-1,1,13,10000
4342,bg_shop_00,,401250002,20,240,2,409025114,-1,499,-1,1,14,10000
4343,bg_shop_00,,401250002,100,80,2,409025115,-1,499,-1,1,15,10000
4344,bg_shop_00,,401250002,999,20,2,409025116,-1,499,-1,1,16,10000
4345,bg_shop_00,,401250002,999,8,2,409025117,-1,499,-1,1,17,10000
4346,bg_shop_00,,401250002,999,20,2,409025118,-1,499,-1,1,18,10000
4347,bg_shop_00,,401250002,999,240,2,409025119,-1,499,-1,1,19,10000
4348,bg_shop_00,,401250002,999,80,2,409025120,-1,499,-1,1,20,10000
4349,bg_shop_00,,412180002,1,999,2,412192001,-1,500,-1,1,1,10000
4350,bg_shop_00,,412180002,1,799,2,412192002,-1,500,-1,1,2,10000
4351,bg_shop_00,,412180002,11,300,2,412192003,-1,500,-1,1,3,10000
435101,bg_shop_00,,412180002,11,200,2,412200002,-1,500,-1,1,3,10000
4352,bg_shop_00,,412180002,1,100,2,412192004,-1,500,-1,1,4,10000
435201,bg_shop_00,,412180002,1,150,2,412200001,-1,500,-1,1,5,10000
4353,bg_shop_00,,412180002,200,15,2,412192005,-1,500,-1,1,6,10000
4354,bg_shop_00,,412180002,200,10,2,412192006,-1,500,-1,1,7,10000
4355,bg_shop_00,,412180002,2,300,2,412192007,-1,500,-1,1,8,10000
4356,bg_shop_00,,412180002,30,400,2,412192008,-1,500,-1,1,9,10000
4357,bg_shop_00,,412180002,8,200,2,412192009,-1,500,-1,1,10,10000
4358,bg_shop_00,,412180002,120,5,2,412192010,-1,500,-1,1,11,10000
4359,bg_shop_00,,412180002,50,15,2,412192011,-1,500,-1,1,12,10000
4360,bg_shop_00,,412180002,300,10,2,412192012,-1,500,-1,1,13,10000
4361,bg_shop_00,,412180002,500,1,2,412192013,-1,500,-1,1,14,10000
4362,bg_shop_00,,412180002,500,1,2,412192014,-1,500,-1,1,15,10000
4363,bg_shop_00,,412180002,1000,2,2,412192015,-1,500,-1,1,16,10000
4364,bg_shop_00,,412180002,1000,2,2,412192016,-1,500,-1,1,17,10000
4365,bg_shop_00,,412180002,1000,2,2,412192017,-1,500,-1,1,18,10000
4366,bg_shop_00,,412180002,1000,1,2,412192018,-1,500,-1,1,19,10000
4367,bg_shop_00,,412180002,1,999,2,412192101,-1,501,-1,1,1,10000
4368,bg_shop_00,,412180002,1,799,2,412192102,-1,501,-1,1,2,10000
4369,bg_shop_00,,412180002,11,300,2,412192103,-1,501,-1,1,3,10000
436901,bg_shop_00,,412180002,11,200,2,412200002,-1,501,-1,1,3,10000
4370,bg_shop_00,,412180002,1,100,2,412192104,-1,501,-1,1,4,10000
437001,bg_shop_00,,412180002,1,150,2,412200001,-1,501,-1,1,5,10000
4371,bg_shop_00,,412180002,200,15,2,412192105,-1,501,-1,1,6,10000
4372,bg_shop_00,,412180002,200,10,2,412192106,-1,501,-1,1,7,10000
4373,bg_shop_00,,412180002,2,300,2,412192107,-1,501,-1,1,8,10000
4374,bg_shop_00,,412180002,30,400,2,412192108,-1,501,-1,1,9,10000
4375,bg_shop_00,,412180002,20,90,2,412192109,-1,501,-1,1,10,10000
4376,bg_shop_00,,412180002,50,30,2,412192110,-1,501,-1,1,11,10000
4377,bg_shop_00,,412180002,120,5,2,412192111,-1,501,-1,1,12,10000
4378,bg_shop_00,,412180002,50,15,2,412192112,-1,501,-1,1,13,10000
4379,bg_shop_00,,412180002,300,10,2,412192113,-1,501,-1,1,14,10000
4380,bg_shop_00,,412180002,500,1,2,412192114,-1,501,-1,1,15,10000
4381,bg_shop_00,,412180002,500,1,2,412192115,-1,501,-1,1,16,10000
4382,bg_shop_00,,412180002,1000,2,2,412192116,-1,501,-1,1,17,10000
4383,bg_shop_00,,412180002,1000,2,2,412192117,-1,501,-1,1,18,10000
4384,bg_shop_00,,412180002,1000,2,2,412192118,-1,501,-1,1,19,10000
4385,bg_shop_00,,412180002,1000,1,2,412192119,-1,501,-1,1,20,10000
4386,bg_shop_00,,412180008,1,3000,2,412192201,-1,502,-1,1,1,10000
4387,bg_shop_00,,412180008,5,100,2,412192202,-1,502,-1,1,2,10000
4388,bg_shop_00,,412180008,4,500,2,412192203,-1,502,-1,1,3,10000
4389,bg_shop_00,,412180008,1,100,2,412192204,-1,502,-1,1,4,10000
4390,bg_shop_00,,412180008,1,100,2,412192205,-1,502,-1,1,5,10000
4391,bg_shop_00,,412180008,50,50,2,412192206,-1,502,-1,1,6,10000
4392,bg_shop_00,,412180008,1,500,2,412192207,-1,502,-1,1,7,10000
4393,bg_shop_00,,412180008,1,300,2,412192208,-1,502,-1,1,8,10000
4394,bg_shop_00,,412180008,2,800,2,412192209,-1,502,-1,1,9,10000
4395,bg_shop_00,,412180008,2,200,2,412192210,-1,502,-1,1,10,10000
4396,bg_shop_00,,412180008,2,200,2,412192211,-1,502,-1,1,11,10000
4397,bg_shop_00,,412180008,2,200,2,412192212,-1,502,-1,1,12,10000
439701,bg_shop_00,,412180008,2,50,2,412192213,-1,502,-1,1,13,10000
4398,bg_shop_00,,412180008,2,800,2,412192214,-1,502,-1,1,14,10000
4399,bg_shop_00,,412180008,2,800,2,412192215,-1,502,-1,1,15,10000
4400,bg_shop_00,,412180008,2,800,2,412192216,-1,502,-1,1,16,10000
4401,bg_shop_00,,412180008,1000,1,2,412192217,-1,502,-1,1,17,10000
4402,bg_shop_00,,412180008,1000,1,2,412192218,-1,502,-1,1,18,10000
4403,bg_shop_00,,401250002,20,1200,2,411075301,-1,503,-1,1,1,10000
4404,bg_shop_00,,401250002,20,1200,2,411075302,-1,503,-1,1,2,10000
4405,bg_shop_00,,401250002,200,120,2,411075303,-1,503,-1,1,3,10000
4406,bg_shop_00,,401250002,20,400,2,411075304,-1,503,-1,1,4,10000
4407,bg_shop_00,,401250002,9,2400,2,411156005,-1,503,-1,1,5,10000
4408,bg_shop_00,,401250002,5,1200,2,411075306,-1,503,-1,1,6,10000
4409,bg_shop_00,,401250002,5,1200,2,411075307,-1,503,-1,1,7,10000
4410,bg_shop_00,,401250002,5,1200,2,411075308,-1,503,-1,1,8,10000
4411,bg_shop_00,,401250002,5,1200,2,411075309,-1,503,-1,1,9,10000
4412,bg_shop_00,,401250002,5,1200,2,411075310,-1,503,-1,1,10,10000
4413,bg_shop_00,,401250002,100,24,2,411075311,-1,503,-1,1,11,10000
4414,bg_shop_00,,401250002,500,16,2,411075312,-1,503,-1,1,12,10000
4415,bg_shop_00,,401250002,5000,16,2,412206001,-1,503,-1,1,13,10000
4416,bg_shop_00,,401250002,100,20,2,411075313,-1,503,-1,1,14,10000
4417,bg_shop_00,,401250002,10,800,2,411075314,-1,503,-1,1,15,10000
4418,bg_shop_00,,401250002,20,240,2,411075315,-1,503,-1,1,16,10000
4419,bg_shop_00,,401250002,100,80,2,411075316,-1,503,-1,1,17,10000
4420,bg_shop_00,,401250002,999,20,2,411075317,-1,503,-1,1,18,10000
4421,bg_shop_00,,401250002,9999,8,2,411075318,-1,503,-1,1,19,10000
4422,bg_shop_00,,401250002,999,20,2,411075319,-1,503,-1,1,20,10000
4423,bg_shop_00,,401250002,999,240,2,411075320,-1,503,-1,1,21,10000
4424,bg_shop_00,,401250002,999,80,2,411075321,-1,503,-1,1,22,10000
4425,bg_shop_00,,204002,100,30,2,411156001,1,504,-1,1,1,10000
4426,bg_shop_00,,204002,100,30,2,411156002,1,504,-1,1,2,10000
4427,bg_shop_00,,204002,100,30,2,411156003,1,504,-1,1,3,10000
4428,bg_shop_00,,204002,20,100,2,411156004,1,504,-1,1,4,10000
4429,bg_shop_00,,204002,9,600,2,411156005,1,504,-1,1,5,10000
4430,bg_shop_00,,204002,800,30,2,411156006,1,504,-1,1,6,10000
4431,bg_shop_00,,204002,5,300,2,411156007,1,504,-1,1,7,10000
4432,bg_shop_00,,204002,5,300,2,411156008,1,504,-1,1,8,10000
4433,bg_shop_00,,204002,5,300,2,411156009,1,504,-1,1,9,10000
4434,bg_shop_00,,204002,5,300,2,411156010,1,504,-1,1,10,10000
4435,bg_shop_00,,204002,100,6,2,411156011,1,504,-1,1,11,10000
4436,bg_shop_00,,204002,500,4,2,411156012,1,504,-1,1,12,10000
4437,bg_shop_00,,204002,5000,4,2,412206001,1,504,-1,1,13,10000
4438,bg_shop_00,,204002,100,5,2,411156013,1,504,-1,1,14,10000
4439,bg_shop_00,,204002,999,200,2,411156014,1,504,-1,1,15,10000
4440,bg_shop_00,,204002,999,60,2,411156015,1,504,-1,1,16,10000
4441,bg_shop_00,,204002,999,20,2,411156016,1,504,-1,1,17,10000
4442,bg_shop_00,,204002,999,5,2,411156017,1,504,-1,1,18,10000
4443,bg_shop_00,,204002,9999,2,2,411156018,1,504,-1,1,19,10000
4444,bg_shop_00,,204002,999,30,2,411156019,1,504,-1,1,20,10000
4445,bg_shop_00,,204002,999,100,2,411156020,1,504,-1,1,21,10000
4446,bg_shop_00,,204002,999,80,2,411156021,1,504,-1,1,22,10000
4447,bg_shop_00,,204002,100,30,2,411225101,1,505,-1,1,1,10000
4448,bg_shop_00,,204002,100,30,2,411225102,1,505,-1,1,2,10000
4449,bg_shop_00,,204002,100,30,2,411225103,1,505,-1,1,3,10000
4450,bg_shop_00,,204002,100,30,2,411225104,1,505,-1,1,4,10000
4451,bg_shop_00,,204002,20,100,2,411225105,1,505,-1,1,5,10000
4452,bg_shop_00,,204002,9,600,2,411225106,1,505,-1,1,6,10000
4453,bg_shop_00,,204002,800,30,2,411225107,1,505,-1,1,7,10000
4454,bg_shop_00,,204002,5,300,2,411225108,1,505,-1,1,8,10000
4455,bg_shop_00,,204002,5,300,2,411225109,1,505,-1,1,9,10000
4456,bg_shop_00,,204002,5,75,2,411225110,1,505,-1,1,10,10000
4457,bg_shop_00,,204002,5,75,2,411225111,1,505,-1,1,11,10000
4458,bg_shop_00,,204002,5,300,2,411225112,1,505,-1,1,12,10000
4459,bg_shop_00,,204002,5,300,2,411225113,1,505,-1,1,13,10000
4460,bg_shop_00,,204002,100,6,2,411225114,1,505,-1,1,14,10000
4461,bg_shop_00,,204002,500,4,2,411225115,1,505,-1,1,15,10000
4462,bg_shop_00,,204002,5000,4,2,412206001,1,505,-1,1,16,10000
4463,bg_shop_00,,204002,100,5,2,411225116,1,505,-1,1,17,10000
4464,bg_shop_00,,204002,999,200,2,411225117,1,505,-1,1,18,10000
4465,bg_shop_00,,204002,999,60,2,411225118,1,505,-1,1,19,10000
4466,bg_shop_00,,204002,999,20,2,411225119,1,505,-1,1,20,10000
4467,bg_shop_00,,204002,999,5,2,411225120,1,505,-1,1,21,10000
4468,bg_shop_00,,204002,9999,2,2,411225121,1,505,-1,1,22,10000
4469,bg_shop_00,,204002,999,30,2,411225122,1,505,-1,1,23,10000
4470,bg_shop_00,,204002,999,100,2,411225123,1,505,-1,1,24,10000
4471,bg_shop_00,,204002,999,80,2,411225124,1,505,-1,1,25,10000
4472,bg_shop_00,,405151001,20,30,2,411055002,1,506,-1,1,1,10000
4473,bg_shop_00,,405151001,20,30,2,411055003,1,506,-1,1,2,10000
4474,bg_shop_00,,405151001,20,30,2,411055004,1,506,-1,1,3,10000
4475,bg_shop_00,,405151001,20,30,2,411055005,1,506,-1,1,4,10000
4476,bg_shop_00,,405151001,20,30,2,411055006,1,506,-1,1,5,10000
4477,bg_shop_00,,405151001,20,30,2,411055007,1,506,-1,1,6,10000
4478,bg_shop_00,,405151001,999,3,2,409135104,1,506,-1,1,7,10000
4479,bg_shop_00,,405151001,999,3,2,409135105,1,506,-1,1,8,10000
4480,bg_shop_00,,405151001,999,3,2,409135106,1,506,-1,1,9,10000
4481,bg_shop_00,,405151001,200,4,2,409135107,1,506,-1,1,10,10000
4482,bg_shop_00,,405151001,1,300,2,409135108,1,506,-1,1,11,10000
4483,bg_shop_00,,405151001,1,90,2,409135109,1,506,-1,1,12,10000
4484,bg_shop_00,,405151001,1,90,2,409135110,1,506,-1,1,13,10000
4485,bg_shop_00,,405151001,1,90,2,409135111,1,506,-1,1,14,10000
4486,bg_shop_00,,405151001,1,90,2,409135112,1,506,-1,1,15,10000
4487,bg_shop_00,,405151001,1,90,2,409135113,1,506,-1,1,16,10000
4488,bg_shop_00,,405151001,1,90,2,409135114,1,506,-1,1,17,10000
4489,bg_shop_00,,405151001,1,90,2,409135115,1,506,-1,1,18,10000
4490,bg_shop_00,,405151001,1,90,2,409135116,1,506,-1,1,19,10000
4491,bg_shop_00,,405151001,1,60,2,409135117,1,506,-1,1,20,10000
4492,bg_shop_00,,405151001,1,30,2,409135118,1,506,-1,1,21,10000
4493,bg_shop_00,,405151001,1,30,2,409135119,1,506,-1,1,22,10000
4494,bg_shop_00,,405151001,1,15,2,409135120,1,506,-1,1,23,10000
4495,bg_shop_00,,405151001,1,10,2,409135121,1,506,-1,1,24,10000
4496,bg_shop_00,,405151001,10,300,2,409135122,1,506,-1,1,25,10000
4497,bg_shop_00,,405151001,100,2,2,409135123,1,506,-1,1,26,10000
4498,bg_shop_00,,405151001,5,80,2,409135124,1,506,-1,1,27,10000
4499,bg_shop_00,,405151001,5,80,2,409135125,1,506,-1,1,28,10000
4500,bg_shop_00,,405151001,5,80,2,409135126,1,506,-1,1,29,10000
4501,bg_shop_00,,405151001,2,150,2,409135127,1,506,-1,1,30,10000
4502,bg_shop_00,,405151001,2,150,2,409135128,1,506,-1,1,31,10000
4503,bg_shop_00,,405151001,2,150,2,409135129,1,506,-1,1,32,10000
4504,bg_shop_00,,405151001,2,150,2,409135130,1,506,-1,1,33,10000
4505,bg_shop_00,,405151001,2,150,2,409135131,1,506,-1,1,34,10000
4506,bg_shop_00,,405151001,2,150,2,409135132,1,506,-1,1,35,10000
4507,bg_shop_00,,405151001,2,150,2,409135133,1,506,-1,1,36,10000
4508,bg_shop_00,,405151001,2,150,2,409135134,1,506,-1,1,37,10000
4509,bg_shop_00,,405151001,2,150,2,409135135,1,506,-1,1,38,10000
4510,bg_shop_00,,405151001,2,150,2,409135136,1,506,-1,1,39,10000
4511,bg_shop_00,,405151001,2,150,2,409135137,1,506,-1,1,40,10000
4512,bg_shop_00,,405151001,2,150,2,409135138,1,506,-1,1,41,10000
4513,bg_shop_00,,405151001,500,2,2,409135139,1,506,-1,1,42,10000
4514,bg_shop_00,,405151001,500,3,2,409135140,1,506,-1,1,43,10000
4515,bg_shop_00,,405151001,300,2,2,409135141,1,506,-1,1,44,10000
4516,bg_shop_00,,405151001,1000,1,2,409135142,1,506,-1,1,45,10000
4517,bg_shop_00,,405151001,10,100,2,412250001,1,507,-1,1,1,10000
4518,bg_shop_00,,405151001,5,15,2,412250002,1,507,-1,1,2,10000
4519,bg_shop_00,,405151001,10,15,2,412250003,1,507,-1,1,3,10000
4520,bg_shop_00,,405151001,10,2,2,412250004,1,507,-1,1,4,10000
4521,bg_shop_00,,405151001,100,2,2,412250005,1,507,-1,1,5,10000
4522,bg_shop_00,,405151001,300,3,2,412250006,1,507,-1,1,6,10000
4523,bg_shop_00,,405151001,300,3,2,412250007,1,507,-1,1,7,10000
4524,bg_shop_00,,405151001,300,3,2,412250008,1,507,-1,1,8,10000
4525,bg_shop_00,,405151001,300,3,2,412250009,1,507,-1,1,9,10000
4526,bg_shop_00,,405151001,300,3,2,412250010,1,507,-1,1,10,10000
4527,bg_shop_00,,405151001,300,3,2,412250011,1,507,-1,1,11,10000
4528,bg_shop_00,,405151001,4,150,2,412250012,1,507,-1,1,12,10000
4529,bg_shop_00,,405151001,5,150,2,412250013,1,507,-1,1,13,10000
4530,bg_shop_00,,405151001,30,100,2,412250014,1,507,-1,1,14,10000
4531,bg_shop_00,,405151001,500,3,2,412250015,1,507,-1,1,15,10000
4532,bg_shop_00,,405151001,300,2,2,412250016,1,507,-1,1,14,10000
4533,bg_shop_00,,405151001,1000,1,2,412250017,1,507,-1,1,15,10000
4534,bg_shop_00,,204002,1,150,2,412271001,1,508,1,1,1,10000
4535,bg_shop_00,,204002,200,30,2,412271002,1,508,-1,1,2,10000
4536,bg_shop_00,,204002,8,2000,2,412271003,1,508,-1,1,3,10000
4537,bg_shop_00,,204002,8,2000,2,412271004,1,508,-1,1,4,10000
4538,bg_shop_00,,204002,8,2000,2,412271005,1,508,-1,1,5,10000
4539,bg_shop_00,,204002,8,2000,2,412271006,1,508,-1,1,6,10000
4540,bg_shop_00,,204002,3,200,2,412271007,1,508,-1,1,7,10000
4541,bg_shop_00,,204002,100,15,2,412271008,1,508,-1,1,8,10000
4542,bg_shop_00,,204002,3,250,2,412271009,1,508,-1,1,9,10000
4543,bg_shop_00,,204002,3,350,2,412271010,1,508,-1,1,10,10000
4544,bg_shop_00,,204002,100,10,2,412271011,1,508,-1,1,11,10000
4545,bg_shop_00,,204002,3,350,2,412271012,1,508,-1,1,12,10000
4546,bg_shop_00,,204002,4,300,2,412271013,1,508,-1,1,13,10000
4547,bg_shop_00,,204002,4,450,2,412271014,1,508,-1,1,14,10000
4548,bg_shop_00,,204002,8,250,2,412271015,1,508,-1,1,15,10000
4549,bg_shop_00,,204002,999,200,2,412271016,1,508,-1,1,16,10000
4550,bg_shop_00,,204002,999,50,2,412271017,1,508,-1,1,17,10000
4551,bg_shop_00,,204002,999,10,2,412271018,1,508,-1,1,18,10000
4552,bg_shop_00,,204002,100,30,2,412135011,1,509,-1,1,1,10000
4553,bg_shop_00,,204002,100,30,2,411225101,1,509,-1,1,2,10000
4554,bg_shop_00,,204002,100,30,2,411225102,1,509,-1,1,3,10000
4555,bg_shop_00,,204002,100,30,2,411225103,1,509,-1,1,4,10000
4556,bg_shop_00,,204002,100,30,2,411225104,1,509,-1,1,5,10000
4557,bg_shop_00,,204002,20,100,2,411225105,1,509,-1,1,6,10000
4558,bg_shop_00,,204002,9,600,2,411225106,1,509,-1,1,7,10000
4559,bg_shop_00,,204002,800,30,2,411225107,1,509,-1,1,8,10000
4560,bg_shop_00,,204002,5,300,2,411225108,1,509,-1,1,9,10000
4561,bg_shop_00,,204002,5,300,2,411225109,1,509,-1,1,10,10000
4562,bg_shop_00,,204002,5,75,2,411225110,1,509,-1,1,11,10000
4563,bg_shop_00,,204002,5,75,2,411225111,1,509,-1,1,12,10000
4564,bg_shop_00,,204002,5,300,2,411225112,1,509,-1,1,13,10000
4565,bg_shop_00,,204002,5,300,2,411225113,1,509,-1,1,14,10000
4566,bg_shop_00,,204002,100,6,2,411225114,1,509,-1,1,15,10000
4567,bg_shop_00,,204002,500,4,2,411225115,1,509,-1,1,16,10000
4568,bg_shop_00,,204002,5000,4,2,412206001,1,509,-1,1,17,10000
4569,bg_shop_00,,204002,100,5,2,411225116,1,509,-1,1,18,10000
4570,bg_shop_00,,204002,999,200,2,411225117,1,509,-1,1,19,10000
4571,bg_shop_00,,204002,999,60,2,411225118,1,509,-1,1,20,10000
4572,bg_shop_00,,204002,999,20,2,411225119,1,509,-1,1,21,10000
4573,bg_shop_00,,204002,999,5,2,411225120,1,509,-1,1,22,10000
4574,bg_shop_00,,204002,9999,2,2,411225121,1,509,-1,1,23,10000
4575,bg_shop_00,,204002,999,30,2,411225122,1,509,-1,1,24,10000
4576,bg_shop_00,,204002,999,100,2,411225123,1,509,-1,1,25,10000
4577,bg_shop_00,,204002,999,80,2,411225124,1,509,-1,1,26,10000
4578,bg_shop_00,,9250010,100,30,2,412135011,-1,510,-1,1,1,10000
4579,bg_shop_00,,9250010,100,30,2,412135012,-1,510,-1,1,2,10000
4580,bg_shop_00,,9250010,100,30,2,412135013,-1,510,-1,1,3,10000
4581,bg_shop_00,,9250010,100,30,2,412135014,-1,510,-1,1,4,10000
4582,bg_shop_00,,9250010,100,30,2,412135015,-1,510,-1,1,5,10000
4583,bg_shop_00,,9250010,20,100,2,412135016,-1,510,-1,1,6,10000
4584,bg_shop_00,,9250010,9,600,2,412135017,-1,510,-1,1,7,10000
4585,bg_shop_00,,9250010,800,30,2,412135018,-1,510,-1,1,8,10000
4586,bg_shop_00,,9250010,5,300,2,412135019,-1,510,-1,1,9,10000
4587,bg_shop_00,,9250010,5,300,2,412135020,-1,510,-1,1,10,10000
4588,bg_shop_00,,9250010,5,75,2,412135021,-1,510,-1,1,11,10000
4589,bg_shop_00,,9250010,5,75,2,412135022,-1,510,-1,1,12,10000
4590,bg_shop_00,,9250010,5,300,2,412135023,-1,510,-1,1,13,10000
4591,bg_shop_00,,9250010,5,300,2,412135024,-1,510,-1,1,14,10000
4592,bg_shop_00,,9250010,100,6,2,412135025,-1,510,-1,1,15,10000
4593,bg_shop_00,,9250010,500,4,2,412135026,-1,510,-1,1,16,10000
4594,bg_shop_00,,9250010,5000,4,2,412206001,-1,510,-1,1,17,10000
4595,bg_shop_00,,9250010,100,5,2,412135027,-1,510,-1,1,18,10000
4596,bg_shop_00,,9250010,999,200,2,412135028,-1,510,-1,1,19,10000
4597,bg_shop_00,,9250010,999,60,2,412135029,-1,510,-1,1,20,10000
4598,bg_shop_00,,9250010,999,20,2,412135030,-1,510,-1,1,21,10000
4599,bg_shop_00,,9250010,999,5,2,412135031,-1,510,-1,1,22,10000
4600,bg_shop_00,,9250010,9999,2,2,412135032,-1,510,-1,1,23,10000
4601,bg_shop_00,,9250010,999,30,2,412135033,-1,510,-1,1,24,10000
4602,bg_shop_00,,9250010,999,100,2,412135034,-1,510,-1,1,25,10000
4603,bg_shop_00,,9250010,999,80,2,412135035,-1,510,-1,1,26,10000
4604,bg_shop_00,,401081002,1,5000,2,501035301,1,511,-1,1,1,10000
4605,bg_shop_00,,401081002,1,1999,2,501035302,1,511,-1,1,2,10000
4606,bg_shop_00,,401081002,1,999,2,501035303,1,511,-1,1,3,10000
4607,bg_shop_00,,401081002,1,200,2,501035304,1,511,-1,1,4,10000
4608,bg_shop_00,,401081002,4,350,2,501035305,1,511,-1,1,5,10000
4609,bg_shop_00,,401081002,4,350,2,501035306,1,511,-1,1,6,10000
4610,bg_shop_00,,401081002,4,200,2,501035307,1,511,-1,1,7,10000
4611,bg_shop_00,,401081002,4,350,2,501035308,1,511,-1,1,8,10000
4612,bg_shop_00,,401081002,4,350,2,501035309,1,511,-1,1,9,10000
4613,bg_shop_00,,401081002,1,25,2,501035310,1,511,-1,1,10,10000
4614,bg_shop_00,,401081002,10,60,2,501035311,1,511,-1,1,11,10000
4615,bg_shop_00,,401081002,10,8,2,501035312,1,511,-1,1,12,10000
4616,bg_shop_00,,401081002,100,8,2,501035313,1,511,-1,1,13,10000
4617,bg_shop_00,,401081002,100,10,2,501035314,1,511,-1,1,14,10000
4618,bg_shop_00,,401081002,100,10,2,501035315,1,511,-1,1,15,10000
4619,bg_shop_00,,401081002,100,10,2,501035316,1,511,-1,1,16,10000
4620,bg_shop_00,,401081002,100,10,2,501035317,1,511,-1,1,17,10000
4621,bg_shop_00,,401081002,6,65,2,501035318,1,511,-1,1,18,10000
4622,bg_shop_00,,401081002,300,15,2,501035319,1,511,-1,1,19,10000
4623,bg_shop_00,,401081002,20,40,2,501035320,1,511,-1,1,20,10000
4624,bg_shop_00,,401081002,30,15,2,501035321,1,511,-1,1,21,10000
4625,bg_shop_00,,401081002,100,10,2,501035322,1,511,-1,1,22,10000
4626,bg_shop_00,,401081002,300,100,2,501035323,1,511,-1,1,23,10000
4627,bg_shop_00,,401081002,100,15,2,501035324,1,511,-1,1,24,10000
4628,bg_shop_00,,401081002,1000,5,2,501035325,1,511,-1,1,25,10000
4629,bg_shop_00,,401081002,100,75,2,501035326,1,511,-1,1,26,10000
4630,bg_shop_00,,401081002,300,5,2,501035327,1,511,-1,1,27,10000
4631,bg_shop_00,,401081002,1,5000,2,501030001,1,512,-1,1,1,10000
4632,bg_shop_00,,401081002,1,999,2,501030002,1,512,-1,1,2,10000
4633,bg_shop_00,,401081002,1,200,2,501030003,1,512,-1,1,3,10000
4634,bg_shop_00,,401081002,1,100,2,501030004,1,512,-1,1,4,10000
4635,bg_shop_00,,401081002,4,400,2,501030005,1,512,-1,1,5,10000
4636,bg_shop_00,,401081002,4,400,2,501030006,1,512,-1,1,6,10000
4637,bg_shop_00,,401081002,4,400,2,501030007,1,512,-1,1,7,10000
4638,bg_shop_00,,401081002,100,15,2,501030008,1,512,-1,1,8,10000
4639,bg_shop_00,,401081002,300,10,2,501030009,1,512,-1,1,9,10000
4640,bg_shop_00,,401081002,200,10,2,501030010,1,512,-1,1,10,10000
4641,bg_shop_00,,401081002,4,300,2,501030011,1,512,-1,1,11,10000
4642,bg_shop_00,,401081002,4,30,2,501030012,1,512,-1,1,12,10000
4643,bg_shop_00,,401081002,20,60,2,501030013,1,512,-1,1,13,10000
4644,bg_shop_00,,401081002,999,30,2,501030014,1,512,-1,1,14,10000
4645,bg_shop_00,,401081002,999,20,2,501030015,1,512,-1,1,15,10000
4646,bg_shop_00,,401081002,999,20,2,501030016,1,512,-1,1,16,10000
4647,bg_shop_00,,405151001,10,100,2,501090001,1,513,-1,1,1,10000
4648,bg_shop_00,,405151001,5,15,2,501090002,1,513,-1,1,2,10000
4649,bg_shop_00,,405151001,10,15,2,501090003,1,513,-1,1,3,10000
4650,bg_shop_00,,405151001,10,2,2,501090004,1,513,-1,1,4,10000
4651,bg_shop_00,,405151001,100,2,2,501090005,1,513,-1,1,5,10000
4652,bg_shop_00,,405151001,500,3,2,501090006,1,513,-1,1,6,10000
4653,bg_shop_00,,405151001,500,3,2,501090007,1,513,-1,1,7,10000
465301,bg_shop_00,,405151001,500,3,2,501090050,1,513,-1,1,7,10000
4654,bg_shop_00,,405151001,4,150,2,501090008,1,513,-1,1,8,10000
4655,bg_shop_00,,405151001,500,1,2,501090009,1,513,-1,1,9,10000
4656,bg_shop_00,,405151001,100,3,2,501090010,1,513,-1,1,10,10000
4657,bg_shop_00,,405151001,5,150,2,501090011,1,513,-1,1,11,10000
4658,bg_shop_00,,405151001,30,100,2,501090012,1,513,-1,1,12,10000
4659,bg_shop_00,,405151001,500,3,2,501090013,1,513,-1,1,13,10000
4660,bg_shop_00,,405151001,300,2,2,501090014,1,513,-1,1,14,10000
4661,bg_shop_00,,405151001,1000,1,2,501090015,1,513,-1,1,15,10000
4662,bg_shop_00,,204002,1,150,2,501090101,1,514,1,1,10,10000
4663,bg_shop_00,,204002,200,30,2,501090102,1,514,-1,1,20,10000
466301,bg_shop_00,,204002,200,10,2,604246001,1,514,-1,1,30,10000
4664,bg_shop_00,,204002,200,10,2,501090103,1,514,-1,1,40,10000
466401,bg_shop_00,,204002,200,7,2,601130001,1,514,-1,1,50,10000
4665,bg_shop_00,,204002,3,350,2,501090104,1,514,-1,1,60,10000
466601,bg_shop_00,,204002,1,350,2,505224004,1,514,-1,1,70,10000
4666,bg_shop_00,,204002,1,2000,2,501090105,1,514,-1,1,80,10000
4667,bg_shop_00,,204002,1,2000,2,501090106,1,514,-1,1,90,10000
4668,bg_shop_00,,204002,1,2000,2,501090107,1,514,-1,1,100,10000
4669,bg_shop_00,,204002,1,2000,2,501090108,1,514,-1,1,110,10000
4670,bg_shop_00,,204002,3,200,2,501090109,1,514,-1,1,120,10000
4671,bg_shop_00,,204002,3,250,2,501090110,1,514,-1,1,130,10000
4672,bg_shop_00,,204002,3,350,2,501090111,1,514,-1,1,140,10000
4673,bg_shop_00,,204002,3,350,2,501090112,1,514,-1,1,150,10000
4674,bg_shop_00,,204002,4,450,2,501090113,1,514,-1,1,160,10000
4675,bg_shop_00,,204002,8,250,2,501090114,1,514,-1,1,170,10000
4676,bg_shop_00,,204002,20,100,2,501090115,1,514,-1,1,180,10000
467601,bg_shop_00,,204002,999,10,2,603200001,1,514,-1,1,190,10000
4677,bg_shop_00,,204002,999,200,2,501090116,1,514,-1,1,200,10000
4678,bg_shop_00,,204002,999,50,2,501090117,1,514,-1,1,210,10000
4679,bg_shop_00,,204002,999,10,2,501090118,1,514,-1,1,220,10000
4680,bg_shop_00,,405151001,2000,1,2,501106001,1,515,-1,1,3,10000
4681,bg_shop_00,,405151001,300,4,2,501106002,1,515,-1,1,4,10000
4682,bg_shop_00,,405151001,200,8,2,501106003,1,515,-1,1,5,10000
4683,bg_shop_00,,405151001,10,15,2,501106004,1,515,-1,1,6,10000
4684,bg_shop_00,,405151001,10,2,2,501106005,1,515,-1,1,7,10000
4685,bg_shop_00,,405151001,100,2,2,501106006,1,515,-1,1,8,10000
4686,bg_shop_00,,405151001,100,2,2,501106007,1,515,-1,1,9,10000
4687,bg_shop_00,,405151001,100,2,2,501106008,1,515,-1,1,10,10000
4688,bg_shop_00,,405151001,100,2,2,501106009,1,515,-1,1,11,10000
4689,bg_shop_00,,405151001,100,2,2,501106010,1,515,-1,1,12,10000
4690,bg_shop_00,,405151001,50,80,2,501106011,1,515,-1,1,13,10000
4691,bg_shop_00,,405151001,50,20,2,501106012,1,515,-1,1,14,10000
4692,bg_shop_00,,405151001,50,5,2,501106013,1,515,-1,1,15,10000
4693,bg_shop_00,,405151001,10,30,2,501106014,1,515,-1,1,16,10000
4694,bg_shop_00,,405151001,1000,2,2,501106015,1,515,-1,1,17,10000
4695,bg_shop_00,,405151001,500,3,2,501106016,1,515,-1,1,18,10000
4696,bg_shop_00,,405151001,300,2,2,501106017,1,515,-1,1,19,10000
4697,bg_shop_00,,405151001,1000,1,2,501106018,1,515,-1,1,20,10000
4698,bg_shop_00,,405151001,1,60,2,410310102,1,515,-1,1,1,10000
4699,bg_shop_00,,405151001,1,40,2,411085003,1,515,-1,1,2,10000
4700,bg_shop_00,,405151001,1,60,2,410310102,1,513,-1,0,1,10000
4701,bg_shop_00,,405151001,1,40,2,411085003,1,513,-1,0,2,10000
4702,bg_shop_00,,401250002,20,1200,2,411075302,-1,516,-1,1,1,10000
4703,bg_shop_00,,401250002,200,120,2,411075303,-1,516,-1,1,2,10000
4704,bg_shop_00,,401250002,20,400,2,411075304,-1,516,-1,1,3,10000
4705,bg_shop_00,,401250002,9,2400,2,411156005,-1,516,-1,1,4,10000
4706,bg_shop_00,,401250002,5,1200,2,411075306,-1,516,-1,1,5,10000
4707,bg_shop_00,,401250002,5,1200,2,411075307,-1,516,-1,1,6,10000
4708,bg_shop_00,,401250002,5,1200,2,411075308,-1,516,-1,1,7,10000
4709,bg_shop_00,,401250002,5,1200,2,411075309,-1,516,-1,1,8,10000
4710,bg_shop_00,,401250002,5,1200,2,411075310,-1,516,-1,1,9,10000
4711,bg_shop_00,,401250002,100,24,2,411075311,-1,516,-1,1,10,10000
4712,bg_shop_00,,401250002,500,16,2,411075312,-1,516,-1,1,11,10000
4713,bg_shop_00,,401250002,5000,16,2,412206001,-1,516,-1,1,12,10000
4714,bg_shop_00,,401250002,100,20,2,411075313,-1,516,-1,1,13,10000
4715,bg_shop_00,,401250002,10,800,2,411075314,-1,516,-1,1,14,10000
4716,bg_shop_00,,401250002,20,240,2,411075315,-1,516,-1,1,15,10000
4717,bg_shop_00,,401250002,100,80,2,411075316,-1,516,-1,1,16,10000
4718,bg_shop_00,,401250002,999,20,2,411075317,-1,516,-1,1,17,10000
4719,bg_shop_00,,401250002,9999,8,2,411075318,-1,516,-1,1,18,10000
4720,bg_shop_00,,401250002,999,20,2,411075319,-1,516,-1,1,19,10000
4721,bg_shop_00,,401250002,999,240,2,411075320,-1,516,-1,1,20,10000
4722,bg_shop_00,,401250002,999,80,2,411075321,-1,516,-1,1,21,10000
4723,bg_shop_00,,204002,1,150,2,501163001,1,517,1,1,1,10000
4724,bg_shop_00,,204002,200,30,2,501163002,1,517,-1,1,2,10000
4725,bg_shop_00,,204002,200,10,2,501163003,1,517,-1,1,3,10000
4726,bg_shop_00,,204002,3,350,2,501163004,1,517,-1,1,4,10000
472601,bg_shop_00,,204002,1,350,2,505224004,1,517,-1,1,5,10000
4727,bg_shop_00,,204002,1,2000,2,501163005,1,517,-1,1,6,10000
4728,bg_shop_00,,204002,1,2000,2,501163006,1,517,-1,1,7,10000
4729,bg_shop_00,,204002,1,2000,2,501163007,1,517,-1,1,8,10000
4730,bg_shop_00,,204002,1,2000,2,501163008,1,517,-1,1,9,10000
4731,bg_shop_00,,204002,3,200,2,501163009,1,517,-1,1,10,10000
4732,bg_shop_00,,204002,3,250,2,501163010,1,517,-1,1,11,10000
4733,bg_shop_00,,204002,3,350,2,501163011,1,517,-1,1,12,10000
4734,bg_shop_00,,204002,3,350,2,501163012,1,517,-1,1,13,10000
4735,bg_shop_00,,204002,4,450,2,501163013,1,517,-1,1,14,10000
4736,bg_shop_00,,204002,8,250,2,501163014,1,517,-1,1,15,10000
4737,bg_shop_00,,204002,20,100,2,501163015,1,517,-1,1,16,10000
4738,bg_shop_00,,204002,999,200,2,501163016,1,517,-1,1,17,10000
4739,bg_shop_00,,204002,999,50,2,501163017,1,517,-1,1,18,10000
4740,bg_shop_00,,204002,999,10,2,501163018,1,517,-1,1,19,10000
4741,bg_shop_00,,401081002,1,1999,2,501178601,1,518,-1,1,1,10000
47410001,bg_shop_00,,401081002,1,1999,2,407040850,1,518,-1,1,2,10000
4742,bg_shop_00,,401081002,1,999,2,501178602,1,518,-1,1,3,10000
4743,bg_shop_00,,401081002,1,150,2,501178603,1,518,-1,1,4,10000
4744,bg_shop_00,,401081002,1,150,2,501178604,1,518,-1,1,5,10000
4745,bg_shop_00,,401081002,4,350,2,501178605,1,518,-1,1,6,10000
4746,bg_shop_00,,401081002,4,350,2,501178606,1,518,-1,1,7,10000
4747,bg_shop_00,,401081002,4,200,2,501178607,1,518,-1,1,8,10000
4748,bg_shop_00,,401081002,1,25,2,501178608,1,518,-1,1,9,10000
4749,bg_shop_00,,401081002,6,65,2,501178609,1,518,-1,1,10,10000
4750,bg_shop_00,,401081002,300,15,2,501178610,1,518,-1,1,11,10000
4751,bg_shop_00,,401081002,20,40,2,501178611,1,518,-1,1,12,10000
4752,bg_shop_00,,401081002,30,15,2,501178612,1,518,-1,1,13,10000
4753,bg_shop_00,,401081002,100,10,2,501178613,1,518,-1,1,14,10000
4754,bg_shop_00,,401081002,300,100,2,501178614,1,518,-1,1,15,10000
4755,bg_shop_00,,401081002,100,15,2,501178615,1,518,-1,1,16,10000
4756,bg_shop_00,,401081002,1000,5,2,501178616,1,518,-1,1,17,10000
4757,bg_shop_00,,401081002,100,75,2,501178617,1,518,-1,1,18,10000
4758,bg_shop_00,,401081002,300,5,2,501178618,1,518,-1,1,19,10000
475901,bg_shop_00,,401081002,1,1999,2,412135401,1,519,-1,1,1,10000
4759,bg_shop_00,,401081002,1,1999,2,501035302,1,519,-1,1,2,10000
4760,bg_shop_00,,401081002,1,999,2,501035303,1,519,-1,1,3,10000
4761,bg_shop_00,,401081002,1,200,2,501035304,1,519,-1,1,4,10000
4762,bg_shop_00,,401081002,4,350,2,501035305,1,519,-1,1,5,10000
4763,bg_shop_00,,401081002,4,350,2,501035306,1,519,-1,1,6,10000
4764,bg_shop_00,,401081002,4,200,2,501035307,1,519,-1,1,7,10000
4765,bg_shop_00,,401081002,4,350,2,501035308,1,519,-1,1,8,10000
4766,bg_shop_00,,401081002,4,350,2,501035309,1,519,-1,1,9,10000
4767,bg_shop_00,,401081002,1,25,2,501035310,1,519,-1,1,10,10000
4768,bg_shop_00,,401081002,10,60,2,501035311,1,519,-1,1,11,10000
4769,bg_shop_00,,401081002,10,8,2,501035312,1,519,-1,1,12,10000
4770,bg_shop_00,,401081002,100,8,2,501035313,1,519,-1,1,13,10000
4771,bg_shop_00,,401081002,100,10,2,501217501,1,519,-1,1,14,10000
4772,bg_shop_00,,401081002,100,10,2,501035314,1,519,-1,1,15,10000
4773,bg_shop_00,,401081002,100,10,2,501035315,1,519,-1,1,16,10000
4774,bg_shop_00,,401081002,100,10,2,501035316,1,519,-1,1,17,10000
4775,bg_shop_00,,401081002,100,10,2,501035317,1,519,-1,1,18,10000
4776,bg_shop_00,,401081002,6,65,2,501035318,1,519,-1,1,19,10000
4777,bg_shop_00,,401081002,300,15,2,501035319,1,519,-1,1,20,10000
4778,bg_shop_00,,401081002,20,40,2,501035320,1,519,-1,1,21,10000
4779,bg_shop_00,,401081002,30,15,2,501035321,1,519,-1,1,22,10000
4780,bg_shop_00,,401081002,100,10,2,501035322,1,519,-1,1,23,10000
4781,bg_shop_00,,401081002,300,100,2,501035323,1,519,-1,1,24,10000
4782,bg_shop_00,,401081002,100,15,2,501035324,1,519,-1,1,25,10000
4783,bg_shop_00,,401081002,1000,5,2,501035325,1,519,-1,1,26,10000
4784,bg_shop_00,,401081002,100,75,2,501035326,1,519,-1,1,27,10000
4785,bg_shop_00,,401081002,300,5,2,501035327,1,519,-1,1,28,10000
4786,bg_shop_00,,501100002,1,999,2,501181901,-1,520,-1,1,1,10000
4787,bg_shop_00,,501100002,1,799,2,501181902,-1,520,-1,1,2,10000
4788,bg_shop_00,,501100002,11,200,2,501181903,-1,520,-1,1,3,10000
478801,bg_shop_00,,501100002,1,150,2,501234501,-1,520,-1,1,4,10000
478802,bg_shop_00,,501100002,2,300,2,501234504,-1,520,-1,1,4,10000
4789,bg_shop_00,,501100002,200,15,2,501181904,-1,520,-1,1,5,10000
4790,bg_shop_00,,501100002,200,10,2,501181905,-1,520,-1,1,6,10000
4791,bg_shop_00,,501100002,2,300,2,501181906,-1,520,-1,1,7,10000
4792,bg_shop_00,,501100002,30,400,2,501181907,-1,520,-1,1,8,10000
4793,bg_shop_00,,501100002,8,200,2,501181908,-1,520,-1,1,9,10000
4794,bg_shop_00,,501100002,120,5,2,501181909,-1,520,-1,1,10,10000
4795,bg_shop_00,,501100002,50,15,2,501181910,-1,520,-1,1,11,10000
4796,bg_shop_00,,501100002,300,10,2,501181911,-1,520,-1,1,12,10000
4797,bg_shop_00,,501100002,500,1,2,501181912,-1,520,-1,1,13,10000
4798,bg_shop_00,,501100002,500,1,2,501181913,-1,520,-1,0,14,10000
4799,bg_shop_00,,501100002,1000,2,2,501181914,-1,520,-1,0,15,10000
4800,bg_shop_00,,501100002,1000,2,2,501181915,-1,520,-1,0,16,10000
4801,bg_shop_00,,501100002,1000,2,2,501181916,-1,520,-1,0,17,10000
4802,bg_shop_00,,501100002,1000,1,2,501181917,-1,520,-1,1,18,10000
4806,bg_shop_00,,501100002,1,999,2,501182001,-1,521,-1,1,1,10000
4807,bg_shop_00,,501100002,1,799,2,501182002,-1,521,-1,1,2,10000
4808,bg_shop_00,,501100002,11,200,2,501182003,-1,521,-1,1,3,10000
480801,bg_shop_00,,501100002,1,150,2,501234501,-1,521,-1,1,4,10000
480802,bg_shop_00,,501100002,2,300,2,501234504,-1,521,-1,1,4,10000
4809,bg_shop_00,,501100002,200,15,2,501182004,-1,521,-1,1,5,10000
4810,bg_shop_00,,501100002,200,10,2,501182005,-1,521,-1,1,6,10000
4811,bg_shop_00,,501100002,2,300,2,501182006,-1,521,-1,1,7,10000
4812,bg_shop_00,,501100002,30,400,2,501182007,-1,521,-1,1,8,10000
4813,bg_shop_00,,501100002,20,90,2,501182008,-1,521,-1,1,9,10000
4814,bg_shop_00,,501100002,50,30,2,501182009,-1,521,-1,1,10,10000
4815,bg_shop_00,,501100002,120,5,2,501182010,-1,521,-1,1,11,10000
4816,bg_shop_00,,501100002,50,15,2,501182011,-1,521,-1,1,12,10000
4817,bg_shop_00,,501100002,300,10,2,501182012,-1,521,-1,1,13,10000
4818,bg_shop_00,,501100002,500,1,2,501182013,-1,521,-1,1,14,10000
4819,bg_shop_00,,501100002,500,1,2,501182014,-1,521,-1,0,15,10000
4820,bg_shop_00,,501100002,1000,2,2,501182015,-1,521,-1,0,16,10000
4821,bg_shop_00,,501100002,1000,2,2,501182016,-1,521,-1,0,17,10000
4822,bg_shop_00,,501100002,1000,2,2,501182017,-1,521,-1,0,18,10000
4823,bg_shop_00,,501100002,1000,1,2,501182018,-1,521,-1,1,19,10000
4827,bg_shop_00,,501100008,5,100,2,501182101,-1,522,-1,1,1,10000
4828,bg_shop_00,,501100008,4,500,2,501182102,-1,522,-1,1,2,10000
4829,bg_shop_00,,501100008,1,100,2,501182103,-1,522,-1,1,3,10000
482901,bg_shop_00,,501100008,2,600,2,501234503,-1,522,-1,1,4,10000
482902,bg_shop_00,,501100008,4,100,2,501234502,-1,522,-1,1,4,10000
4830,bg_shop_00,,501100008,50,50,2,501182104,-1,522,-1,1,4,10000
4831,bg_shop_00,,501100008,1,400,2,501182105,-1,522,-1,1,5,10000
4832,bg_shop_00,,501100008,3,100,2,501182106,-1,522,-1,1,6,10000
4833,bg_shop_00,,501100008,2,1000,2,501182107,-1,522,-1,1,7,10000
4834,bg_shop_00,,501100008,2,1000,2,501182108,-1,522,-1,1,8,10000
4835,bg_shop_00,,501100008,2,1000,2,501182109,-1,522,-1,1,9,10000
4836,bg_shop_00,,501100008,2,350,2,501182110,-1,522,-1,1,10,10000
4837,bg_shop_00,,501100008,2,350,2,501182111,-1,522,-1,1,11,10000
4838,bg_shop_00,,501100008,2,800,2,501182112,-1,522,-1,1,12,10000
4839,bg_shop_00,,501100008,2,800,2,501182113,-1,522,-1,1,13,10000
4840,bg_shop_00,,501100008,2,800,2,501182114,-1,522,-1,1,14,10000
4841,bg_shop_00,,501100008,1000,1,2,501182115,-1,522,-1,1,15,10000
4842,bg_shop_00,,501100008,1000,1,2,501182116,-1,522,-1,1,16,10000
4843,bg_shop_00,,405151001,2000,1,2,501106001,1,523,-1,1,1,10000
4844,bg_shop_00,,405151001,300,4,2,501106002,1,523,-1,1,2,10000
4845,bg_shop_00,,405151001,200,8,2,501106003,1,523,-1,1,3,10000
4846,bg_shop_00,,405151001,10,15,2,501106004,1,523,-1,1,4,10000
4847,bg_shop_00,,405151001,10,2,2,501106005,1,523,-1,1,5,10000
4848,bg_shop_00,,405151001,100,2,2,501106006,1,523,-1,1,6,10000
4849,bg_shop_00,,405151001,100,2,2,501225401,1,523,-1,1,7,10000
4850,bg_shop_00,,405151001,100,2,2,501106007,1,523,-1,1,8,10000
4851,bg_shop_00,,405151001,100,2,2,501106008,1,523,-1,1,9,10000
4852,bg_shop_00,,405151001,100,2,2,501106009,1,523,-1,1,10,10000
4853,bg_shop_00,,405151001,100,2,2,501106010,1,523,-1,1,11,10000
4854,bg_shop_00,,405151001,50,80,2,501106011,1,523,-1,1,12,10000
4855,bg_shop_00,,405151001,50,20,2,501106012,1,523,-1,1,13,10000
4856,bg_shop_00,,405151001,50,5,2,501106013,1,523,-1,1,14,10000
4857,bg_shop_00,,405151001,10,30,2,501106014,1,523,-1,1,15,10000
4858,bg_shop_00,,405151001,1000,2,2,501106015,1,523,-1,1,16,10000
4859,bg_shop_00,,405151001,500,3,2,501106016,1,523,-1,1,17,10000
4860,bg_shop_00,,405151001,300,2,2,501106017,1,523,-1,1,18,10000
4861,bg_shop_00,,405151001,1000,1,2,501106018,1,523,-1,1,19,10000
4862,bg_shop_00,,204002,300,30,2,501236201,1,524,-1,1,1,10000
4863,bg_shop_00,,204002,300,30,2,501236202,1,524,-1,1,2,10000
4864,bg_shop_00,,204002,300,30,2,501236203,1,524,-1,1,3,10000
4865,bg_shop_00,,204002,100,30,2,501236204,1,524,-1,1,4,10000
4866,bg_shop_00,,204002,100,30,2,501236205,1,524,-1,1,5,10000
4867,bg_shop_00,,204002,100,30,2,501236206,1,524,-1,1,6,10000
4868,bg_shop_00,,204002,20,100,2,501236207,1,524,-1,1,7,10000
4869,bg_shop_00,,204002,9,600,2,501236208,1,524,-1,1,8,10000
4870,bg_shop_00,,204002,800,30,2,501236209,1,524,-1,1,9,10000
4871,bg_shop_00,,204002,5,300,2,501236210,1,524,-1,1,10,10000
4872,bg_shop_00,,204002,5,300,2,501236211,1,524,-1,1,11,10000
4873,bg_shop_00,,204002,5,300,2,501236212,1,524,-1,1,12,10000
4874,bg_shop_00,,204002,5,300,2,501236213,1,524,-1,1,13,10000
4875,bg_shop_00,,204002,100,6,2,501236214,1,524,-1,1,14,10000
4876,bg_shop_00,,204002,500,4,2,501236215,1,524,-1,1,15,10000
4877,bg_shop_00,,204002,5000,4,2,501236216,1,524,-1,1,16,10000
4878,bg_shop_00,,204002,100,5,2,501236217,1,524,-1,1,17,10000
4879,bg_shop_00,,204002,999,200,2,501236218,1,524,-1,1,18,10000
4880,bg_shop_00,,204002,999,60,2,501236219,1,524,-1,1,19,10000
4881,bg_shop_00,,204002,999,20,2,501236220,1,524,-1,1,20,10000
4882,bg_shop_00,,204002,999,5,2,501236221,1,524,-1,1,21,10000
4883,bg_shop_00,,204002,9999,2,2,501236222,1,524,-1,1,22,10000
4884,bg_shop_00,,204002,999,30,2,501236223,1,524,-1,1,23,10000
4885,bg_shop_00,,204002,999,100,2,501236224,1,524,-1,1,24,10000
4886,bg_shop_00,,204002,999,80,2,501236225,1,524,-1,1,25,10000
4887,bg_shop_00,,204002,300,30,2,502077201,1,525,-1,1,1,10000
4888,bg_shop_00,,204002,300,30,2,502077202,1,525,-1,1,2,10000
4889,bg_shop_00,,204002,300,30,2,502077203,1,525,-1,1,3,10000
4890,bg_shop_00,,204002,300,30,2,501236201,1,525,-1,1,4,10000
4891,bg_shop_00,,204002,300,30,2,501236202,1,525,-1,1,5,10000
4892,bg_shop_00,,204002,300,30,2,501236203,1,525,-1,1,6,10000
4893,bg_shop_00,,204002,100,30,2,501236204,1,525,-1,1,7,10000
4894,bg_shop_00,,204002,100,30,2,501236205,1,525,-1,1,8,10000
4895,bg_shop_00,,204002,100,30,2,501236206,1,525,-1,1,9,10000
4896,bg_shop_00,,204002,20,100,2,501236207,1,525,-1,1,10,10000
4897,bg_shop_00,,204002,9,600,2,501236208,1,525,-1,1,11,10000
4898,bg_shop_00,,204002,800,30,2,501236209,1,525,-1,1,12,10000
4899,bg_shop_00,,204002,5,300,2,501236210,1,525,-1,1,13,10000
4900,bg_shop_00,,204002,5,300,2,501236211,1,525,-1,1,14,10000
4901,bg_shop_00,,204002,5,300,2,501236212,1,525,-1,1,15,10000
4902,bg_shop_00,,204002,5,300,2,501236213,1,525,-1,1,16,10000
4903,bg_shop_00,,204002,100,6,2,501236214,1,525,-1,1,17,10000
4904,bg_shop_00,,204002,500,4,2,501236215,1,525,-1,1,18,10000
4905,bg_shop_00,,204002,5000,4,2,501236216,1,525,-1,1,19,10000
4906,bg_shop_00,,204002,100,5,2,501236217,1,525,-1,1,20,10000
4907,bg_shop_00,,204002,999,200,2,501236218,1,525,-1,1,21,10000
4908,bg_shop_00,,204002,999,60,2,501236219,1,525,-1,1,22,10000
4909,bg_shop_00,,204002,999,20,2,501236220,1,525,-1,1,23,10000
4910,bg_shop_00,,204002,999,5,2,501236221,1,525,-1,1,24,10000
4911,bg_shop_00,,204002,9999,2,2,501236222,1,525,-1,1,25,10000
4912,bg_shop_00,,204002,999,30,2,501236223,1,525,-1,1,26,10000
4913,bg_shop_00,,204002,999,100,2,501236224,1,525,-1,1,27,10000
4914,bg_shop_00,,204002,999,80,2,501236225,1,525,-1,1,28,10000
4915,bg_shop_00,,401081002,1,1999,2,502078001,1,526,-1,1,1,10000
49150001,bg_shop_00,,401081002,1,1999,2,408095401,1,526,-1,1,2,10000
4916,bg_shop_00,,401081002,1,999,2,502078002,1,526,-1,1,3,10000
4917,bg_shop_00,,401081002,1,200,2,502078003,1,526,-1,1,4,10000
4918,bg_shop_00,,401081002,1,150,2,502078004,1,526,-1,1,5,10000
4919,bg_shop_00,,401081002,1,150,2,502078005,1,526,-1,1,6,10000
4920,bg_shop_00,,401081002,4,350,2,502078006,1,526,-1,1,7,10000
4921,bg_shop_00,,401081002,4,350,2,502078007,1,526,-1,1,8,10000
4922,bg_shop_00,,401081002,4,350,2,502078008,1,526,-1,1,9,10000
4923,bg_shop_00,,401081002,4,200,2,502078009,1,526,-1,1,10,10000
4924,bg_shop_00,,401081002,10,60,2,502078010,1,526,-1,1,11,10000
4925,bg_shop_00,,401081002,100,8,2,502078011,1,526,-1,1,12,10000
4926,bg_shop_00,,401081002,1,25,2,502078012,1,526,-1,1,13,10000
4927,bg_shop_00,,401081002,6,65,2,502078013,1,526,-1,1,14,10000
4928,bg_shop_00,,401081002,300,15,2,502078014,1,526,-1,1,15,10000
4929,bg_shop_00,,401081002,20,40,2,502078015,1,526,-1,1,16,10000
4930,bg_shop_00,,401081002,30,15,2,502078016,1,526,-1,1,17,10000
4931,bg_shop_00,,401081002,100,10,2,502078017,1,526,-1,1,18,10000
4932,bg_shop_00,,401081002,300,100,2,502078018,1,526,-1,1,19,10000
4933,bg_shop_00,,401081002,100,15,2,502078019,1,526,-1,1,20,10000
4934,bg_shop_00,,401081002,1000,5,2,502078020,1,526,-1,1,21,10000
4935,bg_shop_00,,401081002,100,75,2,502078021,1,526,-1,1,22,10000
4936,bg_shop_00,,401081002,300,5,2,502078022,1,526,-1,1,23,10000
4937,bg_shop_00,,502080002,11,200,2,502111701,-1,527,-1,1,1,10000
4938,bg_shop_00,,502080002,1,200,2,502111702,-1,527,-1,1,2,10000
4939,bg_shop_00,,502080002,1,799,2,502111703,-1,527,-1,1,3,10000
4940,bg_shop_00,,502080002,200,15,2,502111704,-1,527,-1,1,4,10000
4941,bg_shop_00,,502080002,200,10,2,502111705,-1,527,-1,1,5,10000
4942,bg_shop_00,,502080002,1,300,2,502111706,-1,527,-1,1,6,10000
4943,bg_shop_00,,502080002,1,300,2,502111707,-1,527,-1,1,7,10000
4944,bg_shop_00,,502080002,10,400,2,502111708,-1,527,-1,1,8,10000
4945,bg_shop_00,,502080002,4,200,2,502111709,-1,527,-1,1,9,10000
4946,bg_shop_00,,502080002,60,5,2,502111710,-1,527,-1,1,10,10000
4947,bg_shop_00,,502080002,50,15,2,502111711,-1,527,-1,1,11,10000
4948,bg_shop_00,,502080002,300,10,2,502111712,-1,527,-1,1,12,10000
4949,bg_shop_00,,502080002,500,1,2,502111713,-1,527,-1,1,13,10000
4950,bg_shop_00,,502080002,1000,1,2,502111714,-1,527,-1,1,14,10000
4951,bg_shop_00,,502080002,11,200,2,502111801,-1,528,-1,1,1,10000
4952,bg_shop_00,,502080002,1,200,2,502111802,-1,528,-1,1,2,10000
4953,bg_shop_00,,502080002,1,799,2,502111803,-1,528,-1,1,3,10000
4954,bg_shop_00,,502080002,200,15,2,502111804,-1,528,-1,1,4,10000
4955,bg_shop_00,,502080002,200,10,2,502111805,-1,528,-1,1,5,10000
4956,bg_shop_00,,502080002,1,300,2,502111806,-1,528,-1,1,6,10000
4957,bg_shop_00,,502080002,1,300,2,502111807,-1,528,-1,1,7,10000
4958,bg_shop_00,,502080002,10,400,2,502111808,-1,528,-1,1,8,10000
4959,bg_shop_00,,502080002,10,90,2,502111809,-1,528,-1,1,9,10000
4960,bg_shop_00,,502080002,30,30,2,502111810,-1,528,-1,1,10,10000
4961,bg_shop_00,,502080002,60,5,2,502111811,-1,528,-1,1,11,10000
4962,bg_shop_00,,502080002,50,15,2,502111812,-1,528,-1,1,12,10000
4963,bg_shop_00,,502080002,300,10,2,502111813,-1,528,-1,1,13,10000
4964,bg_shop_00,,502080002,500,1,2,502111814,-1,528,-1,1,14,10000
4965,bg_shop_00,,502080002,1000,1,2,502111815,-1,528,-1,1,15,10000
4966,bg_shop_00,,502080003,1,3000,2,502111901,-1,529,-1,1,1,10000
4967,bg_shop_00,,502080003,5,100,2,502111902,-1,529,-1,1,2,10000
4968,bg_shop_00,,502080003,2,500,2,502111903,-1,529,-1,1,3,10000
4969,bg_shop_00,,502080003,1,100,2,502111904,-1,529,-1,1,4,10000
4970,bg_shop_00,,502080003,50,50,2,502111905,-1,529,-1,1,4,10000
4971,bg_shop_00,,502080003,1,800,2,502111906,-1,529,-1,1,4,10000
4972,bg_shop_00,,502080003,1,200,2,502111907,-1,529,-1,1,5,10000
4973,bg_shop_00,,502080003,1,200,2,502111908,-1,529,-1,1,6,10000
4974,bg_shop_00,,502080003,1,200,2,502111909,-1,529,-1,1,7,10000
4975,bg_shop_00,,502080003,1,50,2,502111910,-1,529,-1,1,8,10000
4976,bg_shop_00,,502080003,2,800,2,502111911,-1,529,-1,1,9,10000
4977,bg_shop_00,,502080003,2,800,2,502111912,-1,529,-1,1,10,10000
4978,bg_shop_00,,502080003,2,800,2,502111913,-1,529,-1,1,11,10000
4979,bg_shop_00,,502080003,1000,1,2,502111914,-1,529,-1,1,12,10000
4980,bg_shop_00,,502080003,1000,1,2,502111915,-1,529,-1,1,13,10000
4981,bg_shop_00,,204002,100,30,2,412135011,1,530,-1,1,1,10000
4982,bg_shop_00,,204002,100,30,2,411225101,1,530,-1,1,2,10000
4983,bg_shop_00,,204002,100,30,2,411225102,1,530,-1,1,3,10000
4984,bg_shop_00,,204002,100,30,2,411225103,1,530,-1,1,4,10000
4985,bg_shop_00,,204002,100,30,2,411225104,1,530,-1,1,5,10000
4986,bg_shop_00,,204002,20,100,2,411225105,1,530,-1,1,6,10000
4987,bg_shop_00,,204002,200,30,2,502135001,1,530,-1,1,7,10000
4988,bg_shop_00,,204002,9,600,2,411225106,1,530,-1,1,8,10000
4989,bg_shop_00,,204002,800,30,2,411225107,1,530,-1,1,9,10000
4990,bg_shop_00,,204002,100,6,2,411225114,1,530,-1,1,10,10000
4991,bg_shop_00,,204002,500,4,2,411225115,1,530,-1,1,11,10000
4992,bg_shop_00,,204002,5000,4,2,412206001,1,530,-1,1,12,10000
4993,bg_shop_00,,204002,100,5,2,411225116,1,530,-1,1,13,10000
4993001,bg_shop_00,,204002,50,5,2,12220215,1,530,-1,1,14,10000
4994,bg_shop_00,,204002,999,200,2,411225117,1,530,-1,1,15,10000
4995,bg_shop_00,,204002,999,60,2,411225118,1,530,-1,1,16,10000
4996,bg_shop_00,,204002,999,20,2,411225119,1,530,-1,1,17,10000
4997,bg_shop_00,,204002,999,5,2,411225120,1,530,-1,1,18,10000
4998,bg_shop_00,,204002,9999,2,2,411225121,1,530,-1,1,19,10000
4999,bg_shop_00,,204002,999,30,2,411225122,1,530,-1,1,20,10000
5000,bg_shop_00,,204002,999,100,2,411225123,1,530,-1,1,21,10000
5001,bg_shop_00,,204002,999,80,2,411225124,1,530,-1,1,22,10000
5002,bg_shop_00,,401081002,1,1999,2,501035302,1,531,-1,1,2,10000
5003,bg_shop_00,,401081002,1,999,2,501035303,1,531,-1,1,3,10000
5004,bg_shop_00,,401081002,4,350,2,501035305,1,531,-1,1,5,10000
5005,bg_shop_00,,401081002,4,350,2,501035306,1,531,-1,1,6,10000
5006,bg_shop_00,,401081002,4,200,2,501035307,1,531,-1,1,7,10000
5007,bg_shop_00,,401081002,4,350,2,501035308,1,531,-1,1,8,10000
5008,bg_shop_00,,401081002,4,350,2,501035309,1,531,-1,1,9,10000
5009,bg_shop_00,,401081002,1,25,2,501035310,1,531,-1,1,10,10000
5010,bg_shop_00,,401081002,100,8,2,501035313,1,531,-1,1,13,10000
5011,bg_shop_00,,401081002,6,65,2,501035318,1,531,-1,1,19,10000
5012,bg_shop_00,,401081002,300,15,2,501035319,1,531,-1,1,20,10000
5013,bg_shop_00,,401081002,20,40,2,501035320,1,531,-1,1,21,10000
5014,bg_shop_00,,401081002,30,15,2,501035321,1,531,-1,1,22,10000
5015,bg_shop_00,,401081002,100,10,2,501035322,1,531,-1,1,23,10000
5016,bg_shop_00,,401081002,300,100,2,501035323,1,531,-1,1,24,10000
5017,bg_shop_00,,401081002,100,15,2,501035324,1,531,-1,1,25,10000
5018,bg_shop_00,,401081002,1000,5,2,501035325,1,531,-1,1,26,10000
5019,bg_shop_00,,401081002,100,75,2,501035326,1,531,-1,1,27,10000
5020,bg_shop_00,,401081002,300,5,2,501035327,1,531,-1,1,28,10000
5021,bg_shop_00,,401250002,300,120,2,502145211,-1,532,-1,1,1,10000
5022,bg_shop_00,,401250002,300,120,2,502145212,-1,532,-1,1,2,10000
5023,bg_shop_00,,401250002,300,120,2,502145213,-1,532,-1,1,3,10000
5024,bg_shop_00,,401250002,20,1200,2,411075301,-1,532,-1,1,4,10000
5025,bg_shop_00,,401250002,20,1200,2,411075302,-1,532,-1,1,5,10000
5026,bg_shop_00,,401250002,200,120,2,411075303,-1,532,-1,1,6,10000
5027,bg_shop_00,,401250002,20,400,2,411075304,-1,532,-1,1,7,10000
5028,bg_shop_00,,401250002,9,2400,2,411156005,-1,532,-1,1,8,10000
5029,bg_shop_00,,401250002,5,1200,2,411075306,-1,532,-1,1,9,10000
5030,bg_shop_00,,401250002,5,1200,2,411075307,-1,532,-1,1,10,10000
5031,bg_shop_00,,401250002,5,1200,2,411075308,-1,532,-1,1,11,10000
5032,bg_shop_00,,401250002,5,1200,2,411075309,-1,532,-1,1,12,10000
5033,bg_shop_00,,401250002,5,1200,2,411075310,-1,532,-1,1,13,10000
5034,bg_shop_00,,401250002,100,24,2,411075311,-1,532,-1,1,14,10000
5035,bg_shop_00,,401250002,500,16,2,411075312,-1,532,-1,1,15,10000
5036,bg_shop_00,,401250002,5000,16,2,412206001,-1,532,-1,1,16,10000
5037,bg_shop_00,,401250002,100,20,2,411075313,-1,532,-1,1,17,10000
5038,bg_shop_00,,401250002,10,800,2,411075314,-1,532,-1,1,18,10000
5039,bg_shop_00,,401250002,20,240,2,411075315,-1,532,-1,1,19,10000
5040,bg_shop_00,,401250002,100,80,2,411075316,-1,532,-1,1,20,10000
5041,bg_shop_00,,401250002,999,20,2,411075317,-1,532,-1,1,21,10000
5042,bg_shop_00,,401250002,9999,8,2,411075318,-1,532,-1,1,22,10000
5043,bg_shop_00,,401250002,999,20,2,411075319,-1,532,-1,1,23,10000
5044,bg_shop_00,,401250002,999,240,2,411075320,-1,532,-1,1,24,10000
5045,bg_shop_00,,401250002,999,80,2,411075321,-1,532,-1,1,25,10000
5046,bg_shop_00,,401250002,20,1200,2,411075301,-1,533,-1,1,1,10000
5047,bg_shop_00,,401250002,20,1200,2,411075302,-1,533,-1,1,2,10000
5048,bg_shop_00,,401250002,200,120,2,411075303,-1,533,-1,1,3,10000
5049,bg_shop_00,,401250002,20,400,2,411075304,-1,533,-1,1,4,10000
5050,bg_shop_00,,401250002,200,120,2,502135001,-1,533,-1,1,5,10000
5051,bg_shop_00,,401250002,9,2400,2,411156005,-1,533,-1,1,6,10000
5052,bg_shop_00,,401250002,100,24,2,411075311,-1,533,-1,1,7,10000
5053,bg_shop_00,,401250002,500,16,2,411075312,-1,533,-1,1,8,10000
5054,bg_shop_00,,401250002,5000,16,2,412206001,-1,533,-1,1,9,10000
5055,bg_shop_00,,401250002,100,20,2,411075313,-1,533,-1,1,10,10000
5055001,bg_shop_00,,401250002,50,20,2,12220215,-1,533,-1,1,11,10000
5056,bg_shop_00,,401250002,10,800,2,411075314,-1,533,-1,1,12,10000
5057,bg_shop_00,,401250002,20,240,2,411075315,-1,533,-1,1,13,10000
5058,bg_shop_00,,401250002,100,80,2,411075316,-1,533,-1,1,14,10000
5059,bg_shop_00,,401250002,999,20,2,411075317,-1,533,-1,1,15,10000
5060,bg_shop_00,,401250002,9999,8,2,411075318,-1,533,-1,1,16,10000
5061,bg_shop_00,,401250002,999,20,2,411075319,-1,533,-1,1,17,10000
5062,bg_shop_00,,401250002,999,240,2,411075320,-1,533,-1,1,18,10000
5063,bg_shop_00,,401250002,999,80,2,411075321,-1,533,-1,1,19,10000
5064,bg_shop_00,,405151001,2000,1,2,502206101,1,534,-1,1,1,10000
5065,bg_shop_00,,405151001,300,4,2,502206102,1,534,-1,1,2,10000
5066,bg_shop_00,,405151001,300,4,2,502206103,1,534,-1,1,3,10000
5067,bg_shop_00,,405151001,200,8,2,502206104,1,534,-1,1,4,10000
5068,bg_shop_00,,405151001,50,80,2,502206105,1,534,-1,1,5,10000
5069,bg_shop_00,,405151001,10,15,2,502206106,1,534,-1,1,6,10000
5070,bg_shop_00,,405151001,100,2,2,502206107,1,534,-1,1,7,10000
5071,bg_shop_00,,405151001,100,2,2,502206108,1,534,-1,1,8,10000
5072,bg_shop_00,,405151001,50,80,2,502206109,1,534,-1,0,9,10000
5073,bg_shop_00,,405151001,50,20,2,502206110,1,534,-1,1,10,10000
5074,bg_shop_00,,405151001,50,5,2,502206111,1,534,-1,1,11,10000
5075,bg_shop_00,,405151001,10,30,2,502206112,1,534,-1,1,12,10000
5076,bg_shop_00,,405151001,1000,2,2,502206113,1,534,-1,1,13,10000
5077,bg_shop_00,,405151001,500,3,2,502206114,1,534,-1,1,14,10000
5078,bg_shop_00,,405151001,300,2,2,502206115,1,534,-1,1,15,10000
5079,bg_shop_00,,405151001,1000,1,2,502206116,1,534,-1,1,16,10000
5080,bg_shop_00,,401250002,300,120,2,502215101,-1,535,-1,1,1,10000
5081,bg_shop_00,,401250002,300,120,2,502215102,-1,535,-1,1,2,10000
5082,bg_shop_00,,401250002,300,120,2,502215103,-1,535,-1,1,3,10000
5083,bg_shop_00,,401250002,300,120,2,502145211,-1,535,-1,1,4,10000
5084,bg_shop_00,,401250002,300,120,2,502145212,-1,535,-1,1,5,10000
5085,bg_shop_00,,401250002,300,120,2,502145213,-1,535,-1,1,6,10000
5086,bg_shop_00,,401250002,20,1200,2,411075301,-1,535,-1,1,7,10000
5087,bg_shop_00,,401250002,20,1200,2,411075302,-1,535,-1,1,8,10000
5088,bg_shop_00,,401250002,200,120,2,411075303,-1,535,-1,1,9,10000
5089,bg_shop_00,,401250002,20,400,2,411075304,-1,535,-1,1,10,10000
5090,bg_shop_00,,401250002,9,2400,2,411156005,-1,535,-1,1,11,10000
5091,bg_shop_00,,401250002,5,1200,2,411075306,-1,535,-1,1,12,10000
5092,bg_shop_00,,401250002,5,1200,2,411075307,-1,535,-1,1,13,10000
5093,bg_shop_00,,401250002,5,1200,2,411075308,-1,535,-1,1,14,10000
5094,bg_shop_00,,401250002,5,1200,2,411075309,-1,535,-1,1,15,10000
5095,bg_shop_00,,401250002,5,1200,2,411075310,-1,535,-1,1,16,10000
5096,bg_shop_00,,401250002,100,24,2,411075311,-1,535,-1,1,17,10000
5097,bg_shop_00,,401250002,500,16,2,411075312,-1,535,-1,1,18,10000
5098,bg_shop_00,,401250002,5000,16,2,412206001,-1,535,-1,1,19,10000
5099,bg_shop_00,,401250002,100,20,2,411075313,-1,535,-1,1,20,10000
5100,bg_shop_00,,401250002,10,800,2,411075314,-1,535,-1,1,21,10000
5101,bg_shop_00,,401250002,20,240,2,411075315,-1,535,-1,1,22,10000
5102,bg_shop_00,,401250002,100,80,2,411075316,-1,535,-1,1,23,10000
5103,bg_shop_00,,401250002,999,20,2,411075317,-1,535,-1,1,24,10000
5104,bg_shop_00,,401250002,9999,8,2,411075318,-1,535,-1,1,25,10000
5105,bg_shop_00,,401250002,999,20,2,411075319,-1,535,-1,1,26,10000
5106,bg_shop_00,,401250002,999,240,2,411075320,-1,535,-1,1,27,10000
5107,bg_shop_00,,401250002,999,80,2,411075321,-1,535,-1,1,28,10000
5108,bg_shop_00,,401081002,1,1999,2,502215301,1,536,-1,1,1,10000
51080001,bg_shop_00,,401081002,1,1999,2,401121701,1,536,-1,1,2,10000
5109,bg_shop_00,,401081002,1,999,2,502215302,1,536,-1,1,3,10000
5110,bg_shop_00,,401081002,1,200,2,502215303,1,536,-1,1,4,10000
5111,bg_shop_00,,401081002,1,200,2,502215304,1,536,-1,1,5,10000
5112,bg_shop_00,,401081002,1,150,2,502215305,1,536,-1,1,6,10000
5113,bg_shop_00,,401081002,1,150,2,502215306,1,536,-1,1,7,10000
5114,bg_shop_00,,401081002,4,350,2,502215307,1,536,-1,1,8,10000
5115,bg_shop_00,,401081002,4,350,2,502215308,1,536,-1,1,9,10000
5116,bg_shop_00,,401081002,4,350,2,502215309,1,536,-1,1,10,10000
5117,bg_shop_00,,401081002,4,350,2,502215310,1,536,-1,1,11,10000
5118,bg_shop_00,,401081002,4,200,2,502215311,1,536,-1,1,12,10000
5119,bg_shop_00,,401081002,10,60,2,502215312,1,536,-1,1,13,10000
5120,bg_shop_00,,401081002,100,8,2,502215313,1,536,-1,1,14,10000
5121,bg_shop_00,,401081002,1,25,2,502215314,1,536,-1,1,15,10000
5122,bg_shop_00,,401081002,6,65,2,502215315,1,536,-1,1,16,10000
5123,bg_shop_00,,401081002,300,15,2,502215316,1,536,-1,1,17,10000
5124,bg_shop_00,,401081002,20,40,2,502215317,1,536,-1,1,18,10000
5125,bg_shop_00,,401081002,30,15,2,502215318,1,536,-1,1,19,10000
5126,bg_shop_00,,401081002,100,10,2,502215319,1,536,-1,1,20,10000
5127,bg_shop_00,,401081002,300,100,2,502215320,1,536,-1,1,21,10000
5128,bg_shop_00,,401081002,100,15,2,502215321,1,536,-1,1,22,10000
5129,bg_shop_00,,401081002,1000,5,2,502215322,1,536,-1,1,23,10000
5130,bg_shop_00,,401081002,100,75,2,502215323,1,536,-1,1,24,10000
5131,bg_shop_00,,401081002,300,5,2,502215324,1,536,-1,1,25,10000
5132,bg_shop_00,,405151001,1,1000,2,502275101,1,537,-1,1,1,10000
5133,bg_shop_00,,405151001,20,30,2,411055002,1,537,-1,1,2,10000
5134,bg_shop_00,,405151001,20,30,2,411055003,1,537,-1,1,3,10000
5135,bg_shop_00,,405151001,20,30,2,411055005,1,537,-1,1,4,10000
5136,bg_shop_00,,405151001,20,30,2,411055006,1,537,-1,1,5,10000
5137,bg_shop_00,,405151001,20,30,2,411055007,1,537,-1,1,6,10000
5138,bg_shop_00,,405151001,999,3,2,409135104,1,537,-1,1,7,10000
5139,bg_shop_00,,405151001,999,3,2,409135105,1,537,-1,1,8,10000
5140,bg_shop_00,,405151001,999,3,2,409135106,1,537,-1,1,9,10000
5141,bg_shop_00,,405151001,200,4,2,409135107,1,537,-1,1,10,10000
5142,bg_shop_00,,405151001,1,300,2,409135108,1,537,-1,1,11,10000
5143,bg_shop_00,,405151001,1,90,2,409135109,1,537,-1,1,12,10000
5144,bg_shop_00,,405151001,1,90,2,409135110,1,537,-1,1,13,10000
5145,bg_shop_00,,405151001,1,90,2,409135111,1,537,-1,1,14,10000
5146,bg_shop_00,,405151001,1,90,2,409135112,1,537,-1,1,15,10000
5147,bg_shop_00,,405151001,1,90,2,409135113,1,537,-1,1,16,10000
5148,bg_shop_00,,405151001,1,90,2,409135114,1,537,-1,1,17,10000
5149,bg_shop_00,,405151001,1,90,2,409135115,1,537,-1,1,18,10000
5150,bg_shop_00,,405151001,1,90,2,409135116,1,537,-1,1,19,10000
5151,bg_shop_00,,405151001,1,60,2,409135117,1,537,-1,1,20,10000
5152,bg_shop_00,,405151001,1,30,2,409135118,1,537,-1,1,21,10000
5153,bg_shop_00,,405151001,1,30,2,409135119,1,537,-1,1,22,10000
5154,bg_shop_00,,405151001,1,15,2,409135120,1,537,-1,1,23,10000
5155,bg_shop_00,,405151001,1,10,2,409135121,1,537,-1,1,24,10000
5156,bg_shop_00,,405151001,10,300,2,409135122,1,537,-1,1,25,10000
5157,bg_shop_00,,405151001,100,2,2,409135123,1,537,-1,1,26,10000
5158,bg_shop_00,,405151001,5,80,2,409135124,1,537,-1,1,27,10000
5159,bg_shop_00,,405151001,5,80,2,409135125,1,537,-1,1,28,10000
5160,bg_shop_00,,405151001,5,80,2,409135126,1,537,-1,1,29,10000
5161,bg_shop_00,,405151001,2,150,2,409135127,1,537,-1,1,30,10000
5162,bg_shop_00,,405151001,2,150,2,409135128,1,537,-1,1,31,10000
5163,bg_shop_00,,405151001,2,150,2,409135129,1,537,-1,1,32,10000
5164,bg_shop_00,,405151001,2,150,2,409135130,1,537,-1,1,33,10000
5165,bg_shop_00,,405151001,2,150,2,409135131,1,537,-1,1,34,10000
5166,bg_shop_00,,405151001,2,150,2,409135132,1,537,-1,1,35,10000
5167,bg_shop_00,,405151001,2,150,2,409135133,1,537,-1,1,36,10000
5168,bg_shop_00,,405151001,2,150,2,409135134,1,537,-1,1,37,10000
5169,bg_shop_00,,405151001,2,150,2,409135135,1,537,-1,1,38,10000
5170,bg_shop_00,,405151001,2,150,2,409135136,1,537,-1,1,39,10000
5171,bg_shop_00,,405151001,2,150,2,409135137,1,537,-1,1,40,10000
5172,bg_shop_00,,405151001,2,150,2,409135138,1,537,-1,1,41,10000
5173,bg_shop_00,,405151001,500,2,2,409135139,1,537,-1,1,42,10000
5174,bg_shop_00,,405151001,500,3,2,409135140,1,537,-1,1,43,10000
5175,bg_shop_00,,405151001,300,2,2,409135141,1,537,-1,1,44,10000
5176,bg_shop_00,,405151001,1000,1,2,409135142,1,537,-1,1,45,10000
5177,bg_shop_00,,204002,100,30,2,411156001,1,538,-1,1,1,10000
5178,bg_shop_00,,204002,100,30,2,411156002,1,538,-1,1,2,10000
5179,bg_shop_00,,204002,100,30,2,411156003,1,538,-1,1,3,10000
5180,bg_shop_00,,204002,20,100,2,411156004,1,538,-1,1,4,10000
5181,bg_shop_00,,204002,200,30,2,502135001,1,538,-1,1,5,10000
5182,bg_shop_00,,204002,9,600,2,411156005,1,538,-1,1,6,10000
5183,bg_shop_00,,204002,800,30,2,411156006,1,538,-1,1,7,10000
5184,bg_shop_00,,204002,100,6,2,411156011,1,538,-1,1,8,10000
5185,bg_shop_00,,204002,500,4,2,411156012,1,538,-1,1,9,10000
5186,bg_shop_00,,204002,5000,4,2,412206001,1,538,-1,1,10,10000
5187,bg_shop_00,,204002,100,5,2,411156013,1,538,-1,1,11,10000
5187001,bg_shop_00,,204002,50,5,2,12220215,1,538,-1,1,12,10000
5188,bg_shop_00,,204002,999,200,2,411156014,1,538,-1,1,13,10000
5189,bg_shop_00,,204002,999,60,2,411156015,1,538,-1,1,14,10000
5190,bg_shop_00,,204002,999,20,2,411156016,1,538,-1,1,15,10000
5191,bg_shop_00,,204002,999,5,2,411156017,1,538,-1,1,16,10000
5192,bg_shop_00,,204002,9999,2,2,411156018,1,538,-1,1,17,10000
5193,bg_shop_00,,204002,999,30,2,411156019,1,538,-1,1,18,10000
5194,bg_shop_00,,204002,999,100,2,411156020,1,538,-1,1,19,10000
5195,bg_shop_00,,204002,999,80,2,411156021,1,538,-1,1,20,10000
5196,bg_shop_00,,405151001,2000,1,2,502206101,1,539,-1,1,1,10000
5197,bg_shop_00,,405151001,300,4,2,502206102,1,539,-1,1,2,10000
5198,bg_shop_00,,405151001,300,4,2,502206103,1,539,-1,1,3,10000
5199,bg_shop_00,,405151001,200,8,2,502206104,1,539,-1,1,4,10000
5200,bg_shop_00,,405151001,50,80,2,502206105,1,539,-1,1,5,10000
5201,bg_shop_00,,405151001,10,15,2,502215312,1,539,-1,1,6,10000
5202,bg_shop_00,,405151001,100,2,2,502206107,1,539,-1,1,7,10000
5203,bg_shop_00,,405151001,100,2,2,502206108,1,539,-1,1,8,10000
5204,bg_shop_00,,405151001,50,20,2,502206110,1,539,-1,1,9,10000
5205,bg_shop_00,,405151001,50,5,2,502206111,1,539,-1,1,10,10000
5206,bg_shop_00,,405151001,10,30,2,502206112,1,539,-1,1,11,10000
5207,bg_shop_00,,405151001,1000,2,2,502206113,1,539,-1,1,12,10000
5208,bg_shop_00,,405151001,500,3,2,502206114,1,539,-1,1,13,10000
5209,bg_shop_00,,405151001,300,2,2,502206115,1,539,-1,1,14,10000
5210,bg_shop_00,,405151001,1000,1,2,502206116,1,539,-1,1,15,10000
5211,bg_shop_00,,250,5,20,2,407040850,1,540,-1,1,1,10000
5212,bg_shop_00,,250,5,20,2,410170203,1,540,-1,1,3,10000
5213,bg_shop_00,,204002,100,30,2,503075101,1,541,-1,1,1,10000
5214,bg_shop_00,,204002,100,30,2,503075102,1,541,-1,1,2,10000
5215,bg_shop_00,,204002,100,30,2,503075103,1,541,-1,1,3,10000
5216,bg_shop_00,,204002,100,30,2,503075104,1,541,-1,1,4,10000
5217,bg_shop_00,,204002,100,30,2,503075105,1,541,-1,1,5,10000
5218,bg_shop_00,,204002,20,100,2,503075106,1,541,-1,1,6,10000
5219,bg_shop_00,,204002,200,30,2,503075107,1,541,-1,1,7,10000
5220,bg_shop_00,,204002,9,600,2,503075108,1,541,-1,1,8,10000
5221,bg_shop_00,,204002,800,30,2,503075109,1,541,-1,1,9,10000
5222,bg_shop_00,,204002,3,300,2,503075110,1,541,-1,1,10,10000
5223,bg_shop_00,,204002,100,6,2,503075111,1,541,-1,1,11,10000
5224,bg_shop_00,,204002,500,4,2,503075112,1,541,-1,1,12,10000
5225,bg_shop_00,,204002,5000,4,2,503075113,1,541,-1,1,13,10000
5226,bg_shop_00,,204002,100,5,2,503075114,1,541,-1,1,14,10000
5227,bg_shop_00,,204002,50,5,2,503075115,1,541,-1,1,15,10000
5228,bg_shop_00,,204002,999,200,2,503075116,1,541,-1,1,16,10000
5229,bg_shop_00,,204002,999,60,2,503075117,1,541,-1,1,17,10000
5230,bg_shop_00,,204002,999,20,2,503075118,1,541,-1,1,18,10000
5231,bg_shop_00,,204002,999,5,2,503075119,1,541,-1,1,19,10000
5232,bg_shop_00,,204002,9999,2,2,503075120,1,541,-1,1,20,10000
5233,bg_shop_00,,204002,999,30,2,503075121,1,541,-1,1,21,10000
5234,bg_shop_00,,204002,999,100,2,503075122,1,541,-1,1,22,10000
5235,bg_shop_00,,204002,999,80,2,503075123,1,541,-1,1,23,10000
5236,bg_shop_00,,401081002,1,5000,2,503075201,1,542,-1,1,1,10000
5237,bg_shop_00,,401081002,1,1999,2,503075202,1,542,-1,1,2,10000
5238,bg_shop_00,,401081002,1,999,2,503075203,1,542,-1,1,3,10000
5239,bg_shop_00,,401081002,1,200,2,503075204,1,542,-1,1,4,10000
5240,bg_shop_00,,401081002,4,350,2,503075205,1,542,-1,1,5,10000
5241,bg_shop_00,,401081002,10,60,2,503075206,1,542,-1,1,6,10000
5242,bg_shop_00,,401081002,1,25,2,503075207,1,542,-1,1,7,10000
5243,bg_shop_00,,401081002,100,8,2,503075208,1,542,-1,1,8,10000
5244,bg_shop_00,,401081002,6,65,2,503075209,1,542,-1,1,9,10000
5245,bg_shop_00,,401081002,300,15,2,503075210,1,542,-1,1,10,10000
5246,bg_shop_00,,401081002,20,40,2,503075211,1,542,-1,1,11,10000
5247,bg_shop_00,,401081002,30,15,2,503075212,1,542,-1,1,12,10000
5248,bg_shop_00,,401081002,100,10,2,503075213,1,542,-1,1,13,10000
5249,bg_shop_00,,401081002,300,100,2,503075214,1,542,-1,1,14,10000
5250,bg_shop_00,,401081002,100,15,2,503075215,1,542,-1,1,15,10000
5251,bg_shop_00,,401081002,1000,5,2,503075216,1,542,-1,1,16,10000
5252,bg_shop_00,,401081002,100,75,2,503075217,1,542,-1,1,17,10000
5253,bg_shop_00,,401081002,300,5,2,503075218,1,542,-1,1,18,10000
5254,bg_shop_00,,204002,100,30,2,503077201,1,543,-1,1,1,10000
5255,bg_shop_00,,204002,100,30,2,503077202,1,543,-1,1,2,10000
5256,bg_shop_00,,204002,100,30,2,503077203,1,543,-1,1,3,10000
5257,bg_shop_00,,204002,20,100,2,503077204,1,543,-1,1,4,10000
5258,bg_shop_00,,204002,9,600,2,503077205,1,543,-1,1,5,10000
5259,bg_shop_00,,204002,800,30,2,503077206,1,543,-1,1,6,10000
5260,bg_shop_00,,204002,5,300,2,503077207,1,543,-1,1,7,10000
5261,bg_shop_00,,204002,5,300,2,503077208,1,543,-1,1,8,10000
5262,bg_shop_00,,204002,100,6,2,503077209,1,543,-1,1,9,10000
5263,bg_shop_00,,204002,500,4,2,503077210,1,543,-1,1,10,10000
5264,bg_shop_00,,204002,5000,4,2,503077211,1,543,-1,1,11,10000
5265,bg_shop_00,,204002,100,5,2,503077212,1,543,-1,1,12,10000
5266,bg_shop_00,,204002,50,5,2,503077213,1,543,-1,1,13,10000
5267,bg_shop_00,,204002,999,200,2,503077214,1,543,-1,1,14,10000
5268,bg_shop_00,,204002,999,60,2,503077215,1,543,-1,1,15,10000
5269,bg_shop_00,,204002,999,20,2,503077216,1,543,-1,1,16,10000
5270,bg_shop_00,,204002,999,5,2,503077217,1,543,-1,1,17,10000
5271,bg_shop_00,,204002,9999,2,2,503077218,1,543,-1,1,18,10000
5272,bg_shop_00,,204002,999,30,2,503077219,1,543,-1,1,19,10000
5273,bg_shop_00,,204002,999,100,2,503077220,1,543,-1,1,20,10000
5274,bg_shop_00,,204002,999,80,2,503077221,1,543,-1,1,21,10000
5275,bg_shop_00,,401081002,1,1999,2,503077301,1,544,-1,1,1,10000
5276,bg_shop_00,,401081002,1,999,2,503077302,1,544,-1,1,2,10000
5277,bg_shop_00,,401081002,1,200,2,503077303,1,544,-1,1,3,10000
5278,bg_shop_00,,401081002,1,200,2,503077304,1,544,-1,1,4,10000
5279,bg_shop_00,,401081002,1,200,2,503077305,1,544,-1,1,5,10000
5280,bg_shop_00,,401081002,1,150,2,503077306,1,544,-1,1,6,10000
5281,bg_shop_00,,401081002,1,150,2,503077307,1,544,-1,1,7,10000
5282,bg_shop_00,,401081002,4,350,2,503077308,1,544,-1,1,8,10000
5283,bg_shop_00,,401081002,4,350,2,503077309,1,544,-1,1,9,10000
5284,bg_shop_00,,401081002,4,350,2,503077310,1,544,-1,1,10,10000
5285,bg_shop_00,,401081002,4,350,2,503077311,1,544,-1,1,11,10000
5286,bg_shop_00,,401081002,4,200,2,503077312,1,544,-1,1,12,10000
5287,bg_shop_00,,401081002,10,60,2,503077313,1,544,-1,1,13,10000
5288,bg_shop_00,,401081002,100,8,2,503077314,1,544,-1,1,14,10000
5289,bg_shop_00,,401081002,1,25,2,503077315,1,544,-1,1,15,10000
5290,bg_shop_00,,401081002,6,65,2,503077316,1,544,-1,1,16,10000
5291,bg_shop_00,,401081002,300,15,2,503077317,1,544,-1,1,17,10000
5292,bg_shop_00,,401081002,20,40,2,503077318,1,544,-1,1,18,10000
5293,bg_shop_00,,401081002,30,15,2,503077319,1,544,-1,1,19,10000
5294,bg_shop_00,,401081002,100,10,2,503077320,1,544,-1,1,20,10000
5295,bg_shop_00,,401081002,300,100,2,503077321,1,544,-1,1,21,10000
5296,bg_shop_00,,401081002,100,15,2,503077322,1,544,-1,1,22,10000
5297,bg_shop_00,,401081002,1000,5,2,503077323,1,544,-1,1,23,10000
5298,bg_shop_00,,401081002,100,75,2,503077324,1,544,-1,1,24,10000
5299,bg_shop_00,,401081002,300,5,2,503077325,1,544,-1,1,25,10000
5300,bg_shop_00,,401250002,1,500,2,503070001,-1,545,1,1,10,10000
5301,bg_shop_00,,401250002,1,8000,2,503070002,-1,545,-1,1,20,10000
5302,bg_shop_00,,401250002,1,3000,2,503070003,-1,545,-1,1,30,10000
5303,bg_shop_00,,401250002,1,1000,2,503070004,-1,545,-1,1,40,10000
5304,bg_shop_00,,401250002,1,1000,2,503070005,-1,545,-1,1,50,10000
5305,bg_shop_00,,401250002,1,1000,2,503070006,-1,545,-1,1,60,10000
530501,bg_shop_00,,401250002,200,50,2,604246001,1,545,-1,1,70,10000
5306,bg_shop_00,,401250002,100,50,2,503070007,-1,545,-1,1,80,10000
530601,bg_shop_00,,401250002,200,35,2,601130001,1,545,-1,1,90,10000
5307,bg_shop_00,,401250002,100,300,2,503070008,-1,545,-1,1,100,10000
5308,bg_shop_00,,401250002,3,1000,2,503070009,-1,545,-1,1,110,10000
5309,bg_shop_00,,401250002,1,2000,2,503070010,-1,545,-1,1,120,10000
530901,bg_shop_00,,401250002,1,2000,2,505224004,-1,545,-1,1,130,10000
5310,bg_shop_00,,401250002,3,2000,2,503070011,-1,545,-1,1,140,10000
5311,bg_shop_00,,401250002,1,8000,2,503070012,-1,545,-1,1,150,10000
5312,bg_shop_00,,401250002,1,8000,2,503070013,-1,545,-1,1,160,10000
5313,bg_shop_00,,401250002,1,8000,2,503070014,-1,545,-1,1,170,10000
5314,bg_shop_00,,401250002,1,8000,2,503070015,-1,545,-1,1,180,10000
5315,bg_shop_00,,401250002,8,1000,2,503070016,-1,545,-1,1,190,10000
5316,bg_shop_00,,401250002,11,1600,2,503070017,-1,545,-1,1,200,10000
5317,bg_shop_00,,401250002,3,2000,2,503070018,-1,545,-1,1,210,10000
5318,bg_shop_00,,401250002,3,2000,2,503070019,-1,545,-1,1,220,10000
531901,bg_shop_00,,401250002,1000,40,2,603200001,-1,545,-1,1,230,10000
5319,bg_shop_00,,401250002,1000,250,2,503070020,-1,545,-1,1,240,10000
5320,bg_shop_00,,401250002,1000,100,2,503070021,-1,545,-1,1,250,10000
5321,bg_shop_00,,401250002,20,1200,2,503135001,-1,546,-1,1,1,10000
5322,bg_shop_00,,401250002,20,1200,2,503135002,-1,546,-1,1,2,10000
5323,bg_shop_00,,401250002,20,1200,2,503135003,-1,546,-1,1,3,10000
5324,bg_shop_00,,401250002,200,120,2,503135004,-1,546,-1,1,4,10000
5325,bg_shop_00,,401250002,20,400,2,503135005,-1,546,-1,1,5,10000
5326,bg_shop_00,,401250002,200,120,2,503135006,-1,546,-1,1,6,10000
5327,bg_shop_00,,401250002,9,2400,2,503135007,-1,546,-1,1,7,10000
5328,bg_shop_00,,401250002,3,1200,2,503135008,-1,546,-1,1,8,10000
5329,bg_shop_00,,401250002,100,24,2,503135009,-1,546,-1,1,9,10000
5330,bg_shop_00,,401250002,500,16,2,503135010,-1,546,-1,1,10,10000
5331,bg_shop_00,,401250002,5000,16,2,503135011,-1,546,-1,1,11,10000
5332,bg_shop_00,,401250002,100,20,2,503135012,-1,546,-1,1,12,10000
5333,bg_shop_00,,401250002,50,20,2,503135013,-1,546,-1,1,13,10000
5334,bg_shop_00,,401250002,999,800,2,503135014,-1,546,-1,1,14,10000
5335,bg_shop_00,,401250002,20,240,2,503135015,-1,546,-1,1,15,10000
5336,bg_shop_00,,401250002,100,80,2,503135016,-1,546,-1,1,16,10000
5337,bg_shop_00,,401250002,999,20,2,503135017,-1,546,-1,1,17,10000
5338,bg_shop_00,,401250002,9999,8,2,503135018,-1,546,-1,1,18,10000
5339,bg_shop_00,,401250002,999,20,2,503135019,-1,546,-1,1,19,10000
5340,bg_shop_00,,401250002,999,240,2,503135020,-1,546,-1,1,20,10000
5341,bg_shop_00,,401250002,999,80,2,503135021,-1,546,-1,1,21,10000
5342,bg_shop_00,,405151001,2000,1,2,503135201,1,547,-1,1,1,10000
5343,bg_shop_00,,405151001,300,4,2,503135202,1,547,-1,1,2,10000
5344,bg_shop_00,,405151001,300,4,2,503135203,1,547,-1,1,3,10000
5345,bg_shop_00,,405151001,200,8,2,503135204,1,547,-1,1,4,10000
5346,bg_shop_00,,405151001,50,80,2,503135205,1,547,-1,1,5,10000
5347,bg_shop_00,,405151001,10,15,2,503135206,1,547,-1,1,6,10000
5348,bg_shop_00,,405151001,100,2,2,503135207,1,547,-1,1,7,10000
5349,bg_shop_00,,405151001,100,2,2,503135208,1,547,-1,1,8,10000
5350,bg_shop_00,,405151001,50,80,2,503135209,1,547,-1,0,9,10000
5351,bg_shop_00,,405151001,50,20,2,503135210,1,547,-1,1,10,10000
5352,bg_shop_00,,405151001,50,5,2,503135211,1,547,-1,1,11,10000
5353,bg_shop_00,,405151001,10,30,2,503135212,1,547,-1,1,12,10000
5354,bg_shop_00,,405151001,1000,2,2,503135213,1,547,-1,1,13,10000
5355,bg_shop_00,,405151001,500,3,2,503135214,1,547,-1,1,14,10000
5356,bg_shop_00,,405151001,300,2,2,503135215,1,547,-1,1,15,10000
5357,bg_shop_00,,405151001,1000,1,2,503135216,1,547,-1,1,16,10000
5358,bg_shop_00,,204002,100,30,2,411156001,1,548,-1,1,1,10000
5359,bg_shop_00,,204002,100,30,2,411156002,1,548,-1,1,2,10000
5360,bg_shop_00,,204002,100,30,2,411156003,1,548,-1,1,3,10000
5361,bg_shop_00,,204002,20,100,2,411156004,1,548,-1,1,4,10000
5362,bg_shop_00,,204002,200,30,2,502135001,1,548,-1,1,5,10000
5363,bg_shop_00,,204002,9,600,2,411156005,1,548,-1,1,6,10000
5364,bg_shop_00,,204002,800,30,2,411156006,1,548,-1,1,7,10000
5365,bg_shop_00,,204002,3,300,2,503075110,1,548,-1,1,8,10000
5366,bg_shop_00,,204002,100,6,2,411156011,1,548,-1,1,9,10000
5367,bg_shop_00,,204002,500,4,2,411156012,1,548,-1,1,10,10000
5368,bg_shop_00,,204002,5000,4,2,412206001,1,548,-1,1,11,10000
5369,bg_shop_00,,204002,100,5,2,411156013,1,548,-1,1,12,10000
5370,bg_shop_00,,204002,50,5,2,12220215,1,548,-1,1,13,10000
5371,bg_shop_00,,204002,999,200,2,411156014,1,548,-1,1,14,10000
5372,bg_shop_00,,204002,999,60,2,411156015,1,548,-1,1,15,10000
5373,bg_shop_00,,204002,999,20,2,411156016,1,548,-1,1,16,10000
5374,bg_shop_00,,204002,999,5,2,411156017,1,548,-1,1,17,10000
5375,bg_shop_00,,204002,9999,2,2,411156018,1,548,-1,1,18,10000
5376,bg_shop_00,,204002,999,30,2,411156019,1,548,-1,1,19,10000
5377,bg_shop_00,,204002,999,100,2,411156020,1,548,-1,1,20,10000
5378,bg_shop_00,,204002,999,80,2,411156021,1,548,-1,1,21,10000
5379,bg_shop_00,,503110002,1,999,2,503180001,-1,549,-1,1,1,10000
5380,bg_shop_00,,503110002,11,200,2,503180002,-1,549,-1,1,2,10000
5381,bg_shop_00,,503110002,1,200,2,503180003,-1,549,-1,1,3,10000
5382,bg_shop_00,,503110002,1,200,2,503180004,-1,549,-1,1,4,10000
5383,bg_shop_00,,503110002,200,15,2,503180005,-1,549,-1,1,4,10000
5384,bg_shop_00,,503110002,200,10,2,503180006,-1,549,-1,1,5,10000
5385,bg_shop_00,,503110002,2,300,2,503180007,-1,549,-1,1,6,10000
5386,bg_shop_00,,503110002,2,300,2,503180008,-1,549,-1,1,7,10000
5387,bg_shop_00,,503110002,30,400,2,503180009,-1,549,-1,1,8,10000
5388,bg_shop_00,,503110002,8,200,2,503180010,-1,549,-1,1,9,10000
5389,bg_shop_00,,503110002,200,5,2,503180011,-1,549,-1,1,10,10000
5390,bg_shop_00,,503110002,50,15,2,503180012,-1,549,-1,1,11,10000
5391,bg_shop_00,,503110002,300,10,2,503180013,-1,549,-1,1,12,10000
5392,bg_shop_00,,503110002,500,1,2,503180014,-1,549,-1,1,13,10000
5393,bg_shop_00,,503110002,1000,1,2,503180015,-1,549,-1,1,14,10000
5394,bg_shop_00,,503110002,1,999,2,503180101,-1,550,-1,1,1,10000
5395,bg_shop_00,,503110002,11,200,2,503180102,-1,550,-1,1,2,10000
5396,bg_shop_00,,503110002,1,200,2,503180103,-1,550,-1,1,3,10000
5397,bg_shop_00,,503110002,1,200,2,503180104,-1,550,-1,1,4,10000
5398,bg_shop_00,,503110002,200,15,2,503180105,-1,550,-1,1,4,10000
5399,bg_shop_00,,503110002,200,10,2,503180106,-1,550,-1,1,5,10000
5400,bg_shop_00,,503110002,2,300,2,503180107,-1,550,-1,1,6,10000
5401,bg_shop_00,,503110002,2,300,2,503180108,-1,550,-1,1,7,10000
5402,bg_shop_00,,503110002,30,400,2,503180109,-1,550,-1,1,8,10000
5403,bg_shop_00,,503110002,20,90,2,503180110,-1,550,-1,1,9,10000
5404,bg_shop_00,,503110002,50,30,2,503180111,-1,550,-1,1,10,10000
5405,bg_shop_00,,503110002,200,5,2,503180112,-1,550,-1,1,11,10000
5406,bg_shop_00,,503110002,50,15,2,503180113,-1,550,-1,1,12,10000
5407,bg_shop_00,,503110002,300,10,2,503180114,-1,550,-1,1,13,10000
5408,bg_shop_00,,503110002,500,1,2,503180115,-1,550,-1,1,14,10000
5409,bg_shop_00,,503110002,1000,1,2,503180116,-1,550,-1,1,15,10000
5410,bg_shop_00,,503110006,1,400,2,503180201,-1,551,-1,1,1,10000
5411,bg_shop_00,,503110006,5,20,2,503180202,-1,551,-1,1,2,10000
5412,bg_shop_00,,503110006,2,100,2,503180203,-1,551,-1,1,3,10000
5413,bg_shop_00,,503110006,1,20,2,503180204,-1,551,-1,1,4,10000
5414,bg_shop_00,,503110006,50,10,2,503180205,-1,551,-1,1,4,10000
5415,bg_shop_00,,503110006,1,160,2,503180206,-1,551,-1,1,4,10000
5416,bg_shop_00,,503110006,1,160,2,503180207,-1,551,-1,1,5,10000
5417,bg_shop_00,,503110006,1,160,2,503180208,-1,551,-1,1,6,10000
5418,bg_shop_00,,503110006,1,160,2,503180209,-1,551,-1,1,7,10000
5419,bg_shop_00,,503110006,1,160,2,503180210,-1,551,-1,1,8,10000
5420,bg_shop_00,,503110006,1,160,2,503180211,-1,551,-1,1,9,10000
5421,bg_shop_00,,503110006,1,160,2,503180212,-1,551,-1,1,10,10000
5422,bg_shop_00,,503110006,500,1,2,503180213,-1,551,-1,1,11,10000
5423,bg_shop_00,,405151001,200,8,2,503135204,1,513,-1,1,4,10000
5424,bg_shop_00,,503250001,1,300,2,503250301,-1,552,-1,1,1,10000
5425,bg_shop_00,,503250001,1,50,2,503250302,-1,552,-1,1,2,10000
5426,bg_shop_00,,503250001,10,5,2,503250303,-1,552,-1,1,3,10000
5427,bg_shop_00,,503250001,1,200,2,503250304,-1,552,-1,1,4,10000
5428,bg_shop_00,,503250001,1,200,2,503250305,-1,552,-1,1,5,10000
5429,bg_shop_00,,503250001,1,200,2,503250306,-1,552,-1,1,6,10000
5430,bg_shop_00,,503250001,10,20,2,503250307,-1,552,-1,1,7,10000
5431,bg_shop_00,,503250001,10,20,2,503250308,-1,552,-1,1,8,10000
5432,bg_shop_00,,503250001,5,40,2,503250309,-1,552,-1,1,9,10000
5433,bg_shop_00,,503250001,50,1,2,503250310,-1,552,-1,1,10,10000
5434,bg_shop_00,,204002,20,300,2,411075301,1,553,-1,1,1,10000
5435,bg_shop_00,,204002,20,300,2,411075302,1,553,-1,1,2,10000
5436,bg_shop_00,,204002,200,30,2,411075303,1,553,-1,1,3,10000
5437,bg_shop_00,,204002,20,100,2,411075304,1,553,-1,1,4,10000
5438,bg_shop_00,,204002,9,600,2,411156005,1,553,-1,1,5,10000
5439,bg_shop_00,,204002,5,300,2,411075306,1,553,-1,1,6,10000
5440,bg_shop_00,,204002,5,300,2,411075307,1,553,-1,1,7,10000
5441,bg_shop_00,,204002,5,300,2,411075308,1,553,-1,1,8,10000
5442,bg_shop_00,,204002,5,300,2,411075309,1,553,-1,1,9,10000
5443,bg_shop_00,,204002,5,300,2,411075310,1,553,-1,1,10,10000
5444,bg_shop_00,,204002,100,6,2,411075311,1,553,-1,1,11,10000
5445,bg_shop_00,,204002,500,4,2,411075312,1,553,-1,1,12,10000
5446,bg_shop_00,,204002,5000,4,2,412206001,1,553,-1,1,13,10000
5447,bg_shop_00,,204002,100,5,2,411075313,1,553,-1,1,14,10000
5448,bg_shop_00,,204002,10,200,2,411075314,1,553,-1,1,15,10000
5449,bg_shop_00,,204002,20,60,2,411075315,1,553,-1,1,16,10000
5450,bg_shop_00,,204002,100,20,2,411075316,1,553,-1,1,17,10000
5451,bg_shop_00,,204002,999,5,2,411075317,1,553,-1,1,18,10000
5452,bg_shop_00,,204002,9999,2,2,411075318,1,553,-1,1,19,10000
5453,bg_shop_00,,204002,999,5,2,411075319,1,553,-1,1,20,10000
5454,bg_shop_00,,204002,999,60,2,411075320,1,553,-1,1,21,10000
5455,bg_shop_00,,204002,999,20,2,411075321,1,553,-1,1,22,10000
545501,bg_shop_00,,401081002,100,20,2,506056202,1,554,-1,1,1,10000
5456,bg_shop_00,,401081002,1,1999,2,503075202,1,554,-1,1,2,10000
5457,bg_shop_00,,401081002,1,999,2,503075203,1,554,-1,1,3,10000
5458,bg_shop_00,,401081002,1,200,2,503075204,1,554,-1,1,4,10000
5459,bg_shop_00,,401081002,4,350,2,503075205,1,554,-1,1,5,10000
5460,bg_shop_00,,401081002,10,60,2,503075206,1,554,-1,1,6,10000
5461,bg_shop_00,,401081002,1,25,2,503075207,1,554,-1,1,7,10000
546101,bg_shop_00,,401081002,100,20,2,506190008,1,554,-1,1,8,10000
5462,bg_shop_00,,401081002,100,8,2,503075208,1,554,-1,1,9,10000
5463,bg_shop_00,,401081002,6,65,2,503075209,1,554,-1,1,10,10000
5464,bg_shop_00,,401081002,300,15,2,503075210,1,554,-1,1,11,10000
5465,bg_shop_00,,401081002,20,40,2,503075211,1,554,-1,1,12,10000
5466,bg_shop_00,,401081002,30,15,2,503075212,1,554,-1,1,13,10000
5467,bg_shop_00,,401081002,100,10,2,503075213,1,554,-1,1,14,10000
5468,bg_shop_00,,401081002,300,100,2,503075214,1,554,-1,1,15,10000
5469,bg_shop_00,,401081002,100,15,2,503075215,1,554,-1,1,16,10000
5470,bg_shop_00,,401081002,1000,5,2,503075216,1,554,-1,1,17,10000
5471,bg_shop_00,,401081002,100,75,2,503075217,1,554,-1,1,18,10000
5472,bg_shop_00,,401081002,300,5,2,503075218,1,554,-1,1,19,10000
5473,bg_shop_00,,401081002,1,999,2,503281001,1,555,-1,1,1,10000
5474,bg_shop_00,,401081002,1,200,2,503281002,1,555,-1,1,2,10000
5475,bg_shop_00,,401081002,1,100,2,503281003,1,555,-1,1,3,10000
5476,bg_shop_00,,401081002,2,400,2,503281004,1,555,-1,1,4,10000
5477,bg_shop_00,,401081002,10,60,2,503281005,1,555,-1,1,5,10000
5478,bg_shop_00,,401081002,100,8,2,503281006,1,555,-1,1,6,10000
5479,bg_shop_00,,401081002,100,15,2,503281007,1,555,-1,1,7,10000
5480,bg_shop_00,,401081002,300,10,2,503281008,1,555,-1,1,8,10000
5481,bg_shop_00,,401081002,200,10,2,503281009,1,555,-1,1,9,10000
5482,bg_shop_00,,401081002,4,300,2,503281010,1,555,-1,1,10,10000
5483,bg_shop_00,,401081002,4,30,2,503281011,1,555,-1,1,11,10000
5484,bg_shop_00,,401081002,20,60,2,503281012,1,555,-1,1,12,10000
5485,bg_shop_00,,401081002,999,30,2,503281013,1,555,-1,1,13,10000
5486,bg_shop_00,,401081002,999,20,2,503281014,1,555,-1,1,14,10000
5487,bg_shop_00,,401081002,999,20,2,503281015,1,555,-1,1,15,10000
5488,bg_shop_00,,204002,300,30,2,502215101,1,556,-1,1,1,10000
5489,bg_shop_00,,204002,300,30,2,502215102,2,556,-1,1,2,10000
5490,bg_shop_00,,204002,300,30,2,502215103,3,556,-1,1,3,10000
5491,bg_shop_00,,204002,300,30,2,502145211,4,556,-1,1,4,10000
5492,bg_shop_00,,204002,300,30,2,502145212,5,556,-1,1,5,10000
5493,bg_shop_00,,204002,300,30,2,502145213,6,556,-1,1,6,10000
5494,bg_shop_00,,204002,20,300,2,411075301,7,556,-1,1,7,10000
5495,bg_shop_00,,204002,20,300,2,411075302,8,556,-1,1,8,10000
5496,bg_shop_00,,204002,200,30,2,411075303,9,556,-1,1,9,10000
5497,bg_shop_00,,204002,20,100,2,411075304,10,556,-1,1,10,10000
5498,bg_shop_00,,204002,9,600,2,411156005,11,556,-1,1,11,10000
5499,bg_shop_00,,204002,5,300,2,411075306,12,556,-1,1,12,10000
5500,bg_shop_00,,204002,5,300,2,411075307,13,556,-1,1,13,10000
5501,bg_shop_00,,204002,5,300,2,411075308,14,556,-1,1,14,10000
5502,bg_shop_00,,204002,5,300,2,411075309,15,556,-1,1,15,10000
5503,bg_shop_00,,204002,5,300,2,411075310,16,556,-1,1,16,10000
5504,bg_shop_00,,204002,100,6,2,411075311,17,556,-1,1,17,10000
5505,bg_shop_00,,204002,500,4,2,411075312,18,556,-1,1,18,10000
5506,bg_shop_00,,204002,5000,4,2,412206001,19,556,-1,1,19,10000
5507,bg_shop_00,,204002,100,5,2,411075313,20,556,-1,1,20,10000
5508,bg_shop_00,,204002,10,200,2,411075314,21,556,-1,1,21,10000
5509,bg_shop_00,,204002,20,60,2,411075315,22,556,-1,1,22,10000
5510,bg_shop_00,,204002,100,20,2,411075316,23,556,-1,1,23,10000
5511,bg_shop_00,,204002,999,5,2,411075317,24,556,-1,1,24,10000
5512,bg_shop_00,,204002,9999,2,2,411075318,25,556,-1,1,25,10000
5513,bg_shop_00,,204002,999,5,2,411075319,26,556,-1,1,26,10000
5514,bg_shop_00,,204002,999,60,2,411075320,27,556,-1,1,27,10000
5515,bg_shop_00,,204002,999,20,2,411075321,28,556,-1,1,28,10000
5516,bg_shop_00,,405151001,2000,1,2,504035101,1,557,-1,1,1,10000
5517,bg_shop_00,,405151001,300,4,2,504035102,1,557,-1,1,2,10000
5518,bg_shop_00,,405151001,300,4,2,504035103,1,557,-1,1,3,10000
5519,bg_shop_00,,405151001,50,80,2,504035104,1,557,-1,1,4,10000
5520,bg_shop_00,,405151001,10,15,2,504035105,1,557,-1,1,5,10000
5521,bg_shop_00,,405151001,100,2,2,504035106,1,557,-1,1,6,10000
5522,bg_shop_00,,405151001,100,2,2,504035107,1,557,-1,1,7,10000
5523,bg_shop_00,,405151001,50,20,2,504035108,1,557,-1,1,8,10000
5524,bg_shop_00,,405151001,50,5,2,504035109,1,557,-1,1,9,10000
5525,bg_shop_00,,405151001,50,20,2,504035110,1,557,-1,1,10,10000
5526,bg_shop_00,,405151001,50,5,2,504035111,1,557,-1,1,11,10000
5527,bg_shop_00,,405151001,10,30,2,504035112,1,557,-1,1,12,10000
5528,bg_shop_00,,405151001,1000,2,2,504035113,1,557,-1,1,13,10000
5529,bg_shop_00,,405151001,500,3,2,504035114,1,557,-1,1,14,10000
5530,bg_shop_00,,405151001,300,2,2,504035115,1,557,-1,1,15,10000
5531,bg_shop_00,,405151001,1000,1,2,504035116,1,557,-1,1,16,10000
5532,bg_shop_00,,405151001,10,100,2,504030001,1,558,-1,1,1,10000
5533,bg_shop_00,,405151001,5,15,2,504030002,1,558,-1,1,2,10000
5534,bg_shop_00,,405151001,200,8,2,504030003,1,558,-1,1,3,10000
5535,bg_shop_00,,405151001,10,15,2,504030004,1,558,-1,1,4,10000
5536,bg_shop_00,,405151001,10,2,2,504030005,1,558,-1,1,5,10000
5537,bg_shop_00,,405151001,100,2,2,504030006,1,558,-1,1,6,10000
5538,bg_shop_00,,405151001,50,20,2,504030007,1,558,-1,1,7,10000
5539,bg_shop_00,,405151001,50,5,2,504030008,1,558,-1,1,8,10000
5540,bg_shop_00,,405151001,500,3,2,504030009,1,558,-1,1,9,10000
5541,bg_shop_00,,405151001,500,3,2,504030010,1,558,-1,1,10,10000
5542,bg_shop_00,,405151001,500,3,2,504030011,1,558,-1,1,11,10000
5543,bg_shop_00,,405151001,4,150,2,504030012,1,558,-1,1,12,10000
5544,bg_shop_00,,405151001,500,1,2,504030013,1,558,-1,1,13,10000
5545,bg_shop_00,,405151001,100,3,2,504030014,1,558,-1,1,14,10000
5546,bg_shop_00,,405151001,500,3,2,504030015,1,558,-1,1,15,10000
5547,bg_shop_00,,405151001,300,2,2,504030016,1,558,-1,1,16,10000
5548,bg_shop_00,,405151001,1000,1,2,504030017,1,558,-1,1,17,10000
5549,bg_shop_00,,504070002,1,999,2,504071201,-1,559,-1,1,1,10000
5550,bg_shop_00,,504070002,1,899,2,504071202,-1,559,-1,1,2,10000
5551,bg_shop_00,,504070002,1,200,2,504071203,-1,559,-1,1,3,10000
5552,bg_shop_00,,504070002,1,200,2,504071204,-1,559,-1,1,4,10000
5553,bg_shop_00,,504070002,4,200,2,504071205,-1,559,-1,1,4,10000
5554,bg_shop_00,,504070002,4,200,2,504071206,-1,559,-1,1,4,10000
5555,bg_shop_00,,504070002,200,15,2,504071207,-1,559,-1,1,5,10000
5556,bg_shop_00,,504070002,200,10,2,504071208,-1,559,-1,1,6,10000
5557,bg_shop_00,,504070002,2,300,2,504071209,-1,559,-1,1,7,10000
5558,bg_shop_00,,504070002,2,300,2,504071210,-1,559,-1,1,8,10000
5559,bg_shop_00,,504070002,30,400,2,504071211,-1,559,-1,1,9,10000
5560,bg_shop_00,,504070002,8,200,2,504071212,-1,559,-1,1,10,10000
5561,bg_shop_00,,504070002,200,5,2,504071213,-1,559,-1,1,11,10000
5562,bg_shop_00,,504070002,50,15,2,504071214,-1,559,-1,1,12,10000
5563,bg_shop_00,,504070002,300,10,2,504071215,-1,559,-1,1,13,10000
5564,bg_shop_00,,504070002,500,1,2,504071216,-1,559,-1,1,14,10000
5565,bg_shop_00,,504070002,1000,1,2,504071217,-1,559,-1,1,15,10000
5566,bg_shop_00,,504070002,1,999,2,504071301,-1,560,-1,1,1,10000
5567,bg_shop_00,,504070002,1,899,2,504071302,-1,560,-1,1,2,10000
5568,bg_shop_00,,504070002,1,200,2,504071303,-1,560,-1,1,3,10000
5569,bg_shop_00,,504070002,1,200,2,504071304,-1,560,-1,1,4,10000
5570,bg_shop_00,,504070002,4,200,2,504071305,-1,560,-1,1,4,10000
5571,bg_shop_00,,504070002,4,200,2,504071306,-1,560,-1,1,4,10000
5572,bg_shop_00,,504070002,200,15,2,504071307,-1,560,-1,1,5,10000
5573,bg_shop_00,,504070002,200,10,2,504071308,-1,560,-1,1,6,10000
5574,bg_shop_00,,504070002,2,300,2,504071309,-1,560,-1,1,7,10000
5575,bg_shop_00,,504070002,2,300,2,504071310,-1,560,-1,1,8,10000
5576,bg_shop_00,,504070002,30,400,2,504071311,-1,560,-1,1,9,10000
5577,bg_shop_00,,504070002,20,90,2,504071312,-1,560,-1,1,10,10000
5578,bg_shop_00,,504070002,50,30,2,504071313,-1,560,-1,1,11,10000
5579,bg_shop_00,,504070002,200,5,2,504071314,-1,560,-1,1,12,10000
5580,bg_shop_00,,504070002,50,15,2,504071315,-1,560,-1,1,13,10000
5581,bg_shop_00,,504070002,300,10,2,504071316,-1,560,-1,1,14,10000
5582,bg_shop_00,,504070002,500,1,2,504071317,-1,560,-1,1,15,10000
5583,bg_shop_00,,504070002,1000,1,2,504071318,-1,560,-1,1,16,10000
5584,bg_shop_00,,504070005,5,100,2,504071401,-1,561,-1,1,1,10000
5585,bg_shop_00,,504070005,4,500,2,504071402,-1,561,-1,1,2,10000
5586,bg_shop_00,,504070005,1,100,2,504071403,-1,561,-1,1,3,10000
5587,bg_shop_00,,504070005,1,100,2,504071404,-1,561,-1,1,3,10000
5588,bg_shop_00,,504070005,50,50,2,504071405,-1,561,-1,1,4,10000
5589,bg_shop_00,,504070005,2,1000,2,504071406,-1,561,-1,1,5,10000
5590,bg_shop_00,,504070005,2,400,2,504071407,-1,561,-1,1,6,10000
5591,bg_shop_00,,504070005,2,400,2,504071408,-1,561,-1,1,7,10000
5592,bg_shop_00,,504070005,2,400,2,504071409,-1,561,-1,1,8,10000
5593,bg_shop_00,,504070005,2,100,2,504071410,-1,561,-1,1,9,10000
5594,bg_shop_00,,504070005,2,800,2,504071411,-1,561,-1,1,10,10000
5595,bg_shop_00,,504070005,2,800,2,504071412,-1,561,-1,1,11,10000
5596,bg_shop_00,,504070005,2,800,2,504071413,-1,561,-1,1,12,10000
5597,bg_shop_00,,504070005,2000,1,2,504071414,-1,561,-1,1,13,10000
5598,bg_shop_00,,401250002,300,120,2,501236201,-1,562,-1,1,1,10000
5599,bg_shop_00,,401250002,300,120,2,501236202,-1,562,-1,1,2,10000
5600,bg_shop_00,,401250002,300,120,2,501236203,-1,562,-1,1,3,10000
5601,bg_shop_00,,401250002,100,120,2,501236204,-1,562,-1,1,4,10000
5602,bg_shop_00,,401250002,100,120,2,501236205,-1,562,-1,1,5,10000
5603,bg_shop_00,,401250002,100,120,2,501236206,-1,562,-1,1,6,10000
5604,bg_shop_00,,401250002,20,400,2,501236207,-1,562,-1,1,7,10000
5605,bg_shop_00,,401250002,9,2400,2,501236208,-1,562,-1,1,8,10000
5606,bg_shop_00,,401250002,800,120,2,501236209,-1,562,-1,1,9,10000
5607,bg_shop_00,,401250002,5,1200,2,501236210,-1,562,-1,1,10,10000
5608,bg_shop_00,,401250002,5,1200,2,501236211,-1,562,-1,1,11,10000
5609,bg_shop_00,,401250002,5,1200,2,501236212,-1,562,-1,1,12,10000
5610,bg_shop_00,,401250002,5,1200,2,501236213,-1,562,-1,1,13,10000
5611,bg_shop_00,,401250002,100,24,2,501236214,-1,562,-1,1,14,10000
5612,bg_shop_00,,401250002,500,16,2,501236215,-1,562,-1,1,15,10000
5613,bg_shop_00,,401250002,5000,16,2,501236216,-1,562,-1,1,16,10000
5614,bg_shop_00,,401250002,100,20,2,501236217,-1,562,-1,1,17,10000
5615,bg_shop_00,,401250002,999,800,2,501236218,-1,562,-1,1,18,10000
5616,bg_shop_00,,401250002,999,240,2,501236219,-1,562,-1,1,19,10000
5617,bg_shop_00,,401250002,999,80,2,501236220,-1,562,-1,1,20,10000
5618,bg_shop_00,,401250002,999,20,2,501236221,-1,562,-1,1,21,10000
5619,bg_shop_00,,401250002,9999,8,2,501236222,-1,562,-1,1,22,10000
5620,bg_shop_00,,401250002,999,120,2,501236223,-1,562,-1,1,23,10000
5621,bg_shop_00,,401250002,999,400,2,501236224,-1,562,-1,1,24,10000
5622,bg_shop_00,,401250002,999,320,2,501236225,-1,562,-1,1,25,10000
5623,bg_shop_00,,9250010,100,30,2,504175101,-1,563,-1,1,1,10000
5624,bg_shop_00,,9250010,100,30,2,504175102,-1,563,-1,1,2,10000
5625,bg_shop_00,,9250010,100,30,2,504175103,-1,563,-1,1,3,10000
5626,bg_shop_00,,9250010,100,30,2,504175104,-1,563,-1,1,4,10000
5627,bg_shop_00,,9250010,100,30,2,504175105,-1,563,-1,1,5,10000
5628,bg_shop_00,,9250010,100,30,2,504175106,-1,563,-1,1,6,10000
5629,bg_shop_00,,9250010,20,100,2,504175107,-1,563,-1,1,7,10000
5630,bg_shop_00,,9250010,200,30,2,504175108,-1,563,-1,1,8,10000
5631,bg_shop_00,,9250010,9,600,2,504175109,-1,563,-1,1,9,10000
5632,bg_shop_00,,9250010,800,30,2,504175110,-1,563,-1,1,10,10000
5633,bg_shop_00,,9250010,800,30,2,504175111,-1,563,-1,1,11,10000
5634,bg_shop_00,,9250010,800,30,2,504175112,-1,563,-1,1,12,10000
5635,bg_shop_00,,9250010,3,300,2,504175113,-1,563,-1,1,13,10000
5636,bg_shop_00,,9250010,100,6,2,504175114,-1,563,-1,1,14,10000
5637,bg_shop_00,,9250010,500,4,2,504175115,-1,563,-1,1,15,10000
5638,bg_shop_00,,9250010,5000,4,2,504175116,-1,563,-1,1,16,10000
5639,bg_shop_00,,9250010,100,5,2,504175117,-1,563,-1,1,17,10000
5640,bg_shop_00,,9250010,50,5,2,504175118,-1,563,-1,1,18,10000
5641,bg_shop_00,,9250010,999,200,2,504175119,-1,563,-1,1,19,10000
5642,bg_shop_00,,9250010,999,60,2,504175120,-1,563,-1,1,20,10000
5643,bg_shop_00,,9250010,999,20,2,504175121,-1,563,-1,1,21,10000
5644,bg_shop_00,,9250010,999,5,2,504175122,-1,563,-1,1,22,10000
5645,bg_shop_00,,9250010,9999,2,2,504175123,-1,563,-1,1,23,10000
5646,bg_shop_00,,9250010,999,30,2,504175124,-1,563,-1,1,24,10000
5647,bg_shop_00,,9250010,999,100,2,504175125,-1,563,-1,1,25,10000
5648,bg_shop_00,,9250010,999,80,2,504175126,-1,563,-1,1,26,10000
5649,bg_shop_00,,401081002,1,5000,2,504176501,1,564,-1,1,1,10000
5650,bg_shop_00,,401081002,1,1999,2,503075202,1,564,-1,1,2,10000
5651,bg_shop_00,,401081002,1,999,2,503075203,1,564,-1,1,3,10000
5652,bg_shop_00,,401081002,1,200,2,503075204,1,564,-1,1,4,10000
5653,bg_shop_00,,401081002,4,350,2,503075205,1,564,-1,1,5,10000
5654,bg_shop_00,,401081002,10,60,2,503075206,1,564,-1,1,6,10000
5655,bg_shop_00,,401081002,1,25,2,503075207,1,564,-1,1,7,10000
5656,bg_shop_00,,401081002,100,8,2,503075208,1,564,-1,1,8,10000
5657,bg_shop_00,,401081002,6,65,2,503075209,1,564,-1,1,9,10000
5658,bg_shop_00,,401081002,300,15,2,503075210,1,564,-1,1,10,10000
5659,bg_shop_00,,401081002,20,40,2,503075211,1,564,-1,1,11,10000
5660,bg_shop_00,,401081002,30,15,2,503075212,1,564,-1,1,12,10000
5661,bg_shop_00,,401081002,100,10,2,503075213,1,564,-1,1,13,10000
5662,bg_shop_00,,401081002,300,100,2,503075214,1,564,-1,1,14,10000
5663,bg_shop_00,,401081002,100,15,2,503075215,1,564,-1,1,15,10000
5664,bg_shop_00,,401081002,1000,5,2,503075216,1,564,-1,1,16,10000
5665,bg_shop_00,,401081002,100,75,2,503075217,1,564,-1,1,17,10000
5666,bg_shop_00,,401081002,300,5,2,503075218,1,564,-1,1,18,10000
5667,bg_shop_00,,401081002,1,5000,2,504176501,1,565,-1,1,1,10000
5668,bg_shop_00,,401081002,1,999,2,503281001,1,565,-1,1,2,10000
5669,bg_shop_00,,401081002,1,200,2,503281002,1,565,-1,1,3,10000
5670,bg_shop_00,,401081002,1,100,2,503281003,1,565,-1,1,4,10000
5671,bg_shop_00,,401081002,2,400,2,503281004,1,565,-1,1,5,10000
5672,bg_shop_00,,401081002,10,60,2,503281005,1,565,-1,1,6,10000
5673,bg_shop_00,,401081002,100,8,2,503281006,1,565,-1,1,7,10000
5674,bg_shop_00,,401081002,100,15,2,503281007,1,565,-1,1,8,10000
5675,bg_shop_00,,401081002,300,10,2,503281008,1,565,-1,1,9,10000
5676,bg_shop_00,,401081002,200,10,2,503281009,1,565,-1,1,10,10000
5677,bg_shop_00,,401081002,4,300,2,503281010,1,565,-1,1,11,10000
5678,bg_shop_00,,401081002,4,30,2,503281011,1,565,-1,1,12,10000
5679,bg_shop_00,,401081002,20,60,2,503281012,1,565,-1,1,13,10000
5680,bg_shop_00,,401081002,999,30,2,503281013,1,565,-1,1,14,10000
5681,bg_shop_00,,401081002,999,20,2,503281014,1,565,-1,1,15,10000
5682,bg_shop_00,,401081002,999,20,2,503281015,1,565,-1,1,16,10000
5683,bg_shop_00,,504225001,1,300,2,504236001,-1,566,-1,1,1,10000
5684,bg_shop_00,,504225001,1,150,2,504236002,-1,566,-1,1,2,10000
5685,bg_shop_00,,504225001,1,100,2,504236003,-1,566,-1,1,3,10000
5686,bg_shop_00,,504225001,20,30,2,504236004,-1,566,-1,1,4,10000
5687,bg_shop_00,,504225001,10,15,2,504236005,-1,566,-1,1,5,10000
5688,bg_shop_00,,504225001,20,10,2,504236006,-1,566,-1,1,6,10000
5689,bg_shop_00,,504225001,50,5,2,504236007,-1,566,-1,1,7,10000
5690,bg_shop_00,,504225001,2,300,2,504236008,-1,566,-1,1,8,10000
5691,bg_shop_00,,504225001,2,300,2,504236009,-1,566,-1,1,9,10000
5692,bg_shop_00,,504225001,2,300,2,504236010,-1,566,-1,1,10,10000
5693,bg_shop_00,,504225001,50,1,2,504236011,-1,566,-1,1,11,10000
5694,bg_shop_00,,504225001,999,1,2,504236012,-1,566,-1,1,12,10000
5695,bg_shop_00,,401250002,20,1200,2,503135002,-1,567,-1,1,1,10000
5696,bg_shop_00,,401250002,20,1200,2,503135003,-1,567,-1,1,2,10000
5697,bg_shop_00,,401250002,200,120,2,503135004,-1,567,-1,1,3,10000
5698,bg_shop_00,,401250002,20,400,2,503135005,-1,567,-1,1,4,10000
5699,bg_shop_00,,401250002,200,120,2,503135006,-1,567,-1,1,5,10000
5700,bg_shop_00,,401250002,9,2400,2,503135007,-1,567,-1,1,6,10000
5701,bg_shop_00,,401250002,3,1200,2,503135008,-1,567,-1,1,7,10000
5702,bg_shop_00,,401250002,100,24,2,503135009,-1,567,-1,1,8,10000
5703,bg_shop_00,,401250002,500,16,2,503135010,-1,567,-1,1,9,10000
5704,bg_shop_00,,401250002,5000,16,2,503135011,-1,567,-1,1,10,10000
5705,bg_shop_00,,401250002,100,20,2,503135012,-1,567,-1,1,11,10000
5706,bg_shop_00,,401250002,50,20,2,503135013,-1,567,-1,1,12,10000
5707,bg_shop_00,,401250002,10,800,2,503135014,-1,567,-1,1,13,10000
5708,bg_shop_00,,401250002,20,240,2,503135015,-1,567,-1,1,14,10000
5709,bg_shop_00,,401250002,100,80,2,503135016,-1,567,-1,1,15,10000
5710,bg_shop_00,,401250002,999,20,2,503135017,-1,567,-1,1,16,10000
5711,bg_shop_00,,401250002,9999,8,2,503135018,-1,567,-1,1,17,10000
5712,bg_shop_00,,401250002,999,20,2,503135019,-1,567,-1,1,18,10000
5713,bg_shop_00,,401250002,999,240,2,503135020,-1,567,-1,1,19,10000
5714,bg_shop_00,,401250002,999,80,2,503135021,-1,567,-1,1,20,10000
5715,bg_shop_00,,405151001,1,2300,2,504176501,1,568,-1,1,1,10000
5716,bg_shop_00,,405151001,10,100,2,504030001,1,568,-1,1,2,10000
571601,bg_shop_00,,405151001,1000,1,2,604016001,1,568,-1,1,3,10000
5717,bg_shop_00,,405151001,5,15,2,504030002,1,568,-1,1,4,10000
5718,bg_shop_00,,405151001,200,8,2,504030003,1,568,-1,1,5,10000
5719,bg_shop_00,,405151001,10,15,2,504030004,1,568,-1,1,6,10000
5720,bg_shop_00,,405151001,10,2,2,504030005,1,568,-1,1,7,10000
5721,bg_shop_00,,405151001,100,2,2,504030006,1,568,-1,1,8,10000
5722,bg_shop_00,,405151001,50,20,2,504030007,1,568,-1,1,9,10000
5723,bg_shop_00,,405151001,50,5,2,504030008,1,568,-1,1,10,10000
5724,bg_shop_00,,405151001,500,3,2,504030009,1,568,-1,1,11,10000
5725,bg_shop_00,,405151001,500,3,2,504030010,1,568,-1,1,12,10000
5726,bg_shop_00,,405151001,500,3,2,504030011,1,568,-1,1,13,10000
5727,bg_shop_00,,405151001,4,150,2,504030012,1,568,-1,1,14,10000
5728,bg_shop_00,,405151001,500,1,2,504030013,1,568,-1,1,15,10000
5729,bg_shop_00,,405151001,100,3,2,504030014,1,568,-1,1,16,10000
5730,bg_shop_00,,405151001,500,3,2,504030015,1,568,-1,1,17,10000
5731,bg_shop_00,,405151001,300,2,2,504030016,1,568,-1,1,18,10000
5732,bg_shop_00,,405151001,1000,1,2,504030017,1,568,-1,1,19,10000
573201,bg_shop_00,,204005,100,25,2,512236002,1,569,-1,1,1,10000
573202,bg_shop_00,,204005,200,10,2,512236003,1,569,-1,1,2,10000
573203,bg_shop_00,,204005,50,10,2,512236004,1,569,-1,1,3,10000
5733,bg_shop_00,,204005,100,5,2,505085001,1,569,-1,1,3,10000
573301,bg_shop_00,,204005,100,5,2,604016001,1,569,-1,1,4,10000
5734,bg_shop_00,,204005,20,50,2,505085002,1,569,-1,1,5,10000
5735,bg_shop_00,,204005,20,20,2,505085003,1,569,-1,1,6,10000
5736,bg_shop_00,,204005,20,50,2,505085004,1,569,-1,1,7,10000
5737,bg_shop_00,,204005,20,30,2,505085005,1,569,-1,1,8,10000
5738,bg_shop_00,,204005,20,40,2,505085006,1,569,-1,1,9,10000
5739,bg_shop_00,,204005,1000,15,2,505085007,1,569,-1,1,10,10000
5740,bg_shop_00,,204005,50,20,2,505085008,1,569,-1,1,11,10000
5741,bg_shop_00,,204005,5,100,2,505085009,1,569,-1,1,12,10000
5742,bg_shop_00,,204005,10,200,2,505085010,1,569,-1,1,13,10000
5743,bg_shop_00,,204005,10,50,2,505085011,1,569,-1,1,14,10000
5744,bg_shop_00,,204005,100,5,2,505085012,1,569,-1,1,15,10000
5745,bg_shop_00,,204005,200,5,2,505085013,1,569,-1,1,16,10000
5746,bg_shop_00,,204005,200,5,2,505085014,1,569,-1,1,17,10000
5747,bg_shop_00,,204005,200,5,2,505085015,1,569,-1,1,18,10000
5748,bg_shop_00,,204005,100,3,2,505085016,1,569,-1,1,19,10000
5749,bg_shop_00,,204002,100,30,2,503075103,1,570,-1,1,1,10000
5750,bg_shop_00,,204002,100,30,2,503075104,1,570,-1,1,2,10000
5751,bg_shop_00,,204002,100,30,2,503075105,1,570,-1,1,3,10000
5752,bg_shop_00,,204002,20,100,2,503075106,1,570,-1,1,4,10000
5753,bg_shop_00,,204002,200,30,2,503075107,1,570,-1,1,5,10000
5754,bg_shop_00,,204002,9,600,2,503075108,1,570,-1,1,6,10000
5755,bg_shop_00,,204002,800,30,2,503075109,1,570,-1,1,7,10000
5756,bg_shop_00,,204002,3,300,2,503075110,1,570,-1,1,8,10000
5757,bg_shop_00,,204002,100,6,2,503075111,1,570,-1,1,9,10000
5758,bg_shop_00,,204002,500,4,2,503075112,1,570,-1,1,10,10000
5759,bg_shop_00,,204002,5000,4,2,503075113,1,570,-1,1,11,10000
5760,bg_shop_00,,204002,100,5,2,503075114,1,570,-1,1,12,10000
5761,bg_shop_00,,204002,50,5,2,503075115,1,570,-1,1,13,10000
5762,bg_shop_00,,204002,999,200,2,503075116,1,570,-1,1,14,10000
5763,bg_shop_00,,204002,999,60,2,503075117,1,570,-1,1,15,10000
5764,bg_shop_00,,204002,999,20,2,503075118,1,570,-1,1,16,10000
5765,bg_shop_00,,204002,999,5,2,503075119,1,570,-1,1,17,10000
5766,bg_shop_00,,204002,9999,2,2,503075120,1,570,-1,1,18,10000
5767,bg_shop_00,,204002,999,30,2,503075121,1,570,-1,1,19,10000
5768,bg_shop_00,,204002,999,100,2,503075122,1,570,-1,1,20,10000
5769,bg_shop_00,,204002,999,80,2,503075123,1,570,-1,1,21,10000
5770,bg_shop_00,,505170002,1,999,2,505171901,-1,571,-1,1,1,10000
5771,bg_shop_00,,505170002,4,200,2,505171902,-1,571,-1,1,2,10000
5772,bg_shop_00,,505170002,4,200,2,505171903,-1,571,-1,1,3,10000
5773,bg_shop_00,,505170002,200,15,2,505171904,-1,571,-1,1,4,10000
5774,bg_shop_00,,505170002,200,10,2,505171905,-1,571,-1,1,5,10000
5775,bg_shop_00,,505170002,2,300,2,505171906,-1,571,-1,1,6,10000
5776,bg_shop_00,,505170002,2,300,2,505171907,-1,571,-1,1,7,10000
5777,bg_shop_00,,505170002,30,400,2,505171908,-1,571,-1,1,8,10000
5778,bg_shop_00,,505170002,8,200,2,505171909,-1,571,-1,1,9,10000
5779,bg_shop_00,,505170002,200,5,2,505171910,-1,571,-1,1,10,10000
5780,bg_shop_00,,505170002,50,15,2,505171911,-1,571,-1,1,11,10000
5781,bg_shop_00,,505170002,300,10,2,505171912,-1,571,-1,1,12,10000
5782,bg_shop_00,,505170002,500,1,2,505171913,-1,571,-1,1,13,10000
5783,bg_shop_00,,505170002,1000,1,2,505171914,-1,571,-1,1,14,10000
5789,bg_shop_00,,505170002,1,999,2,505172001,-1,572,-1,1,1,10000
5790,bg_shop_00,,505170002,4,200,2,505172002,-1,572,-1,1,2,10000
5791,bg_shop_00,,505170002,4,200,2,505172003,-1,572,-1,1,3,10000
5792,bg_shop_00,,505170002,200,15,2,505172004,-1,572,-1,1,4,10000
5793,bg_shop_00,,505170002,200,10,2,505172005,-1,572,-1,1,5,10000
5794,bg_shop_00,,505170002,2,300,2,505172006,-1,572,-1,1,6,10000
5795,bg_shop_00,,505170002,2,300,2,505172007,-1,572,-1,1,7,10000
5796,bg_shop_00,,505170002,30,400,2,505172008,-1,572,-1,1,8,10000
5797,bg_shop_00,,505170002,20,90,2,505172009,-1,572,-1,1,9,10000
5798,bg_shop_00,,505170002,50,30,2,505172010,-1,572,-1,1,10,10000
5799,bg_shop_00,,505170002,200,5,2,505172011,-1,572,-1,1,11,10000
5800,bg_shop_00,,505170002,50,15,2,505172012,-1,572,-1,1,12,10000
5801,bg_shop_00,,505170002,300,10,2,505172013,-1,572,-1,1,13,10000
5802,bg_shop_00,,505170002,500,1,2,505172014,-1,572,-1,1,14,10000
5803,bg_shop_00,,505170002,1000,1,2,505172015,-1,572,-1,1,15,10000
5809,bg_shop_00,,505170008,5,100,2,505172101,-1,573,-1,1,1,10000
5810,bg_shop_00,,505170008,4,500,2,505172102,-1,573,-1,1,2,10000
5811,bg_shop_00,,505170008,2,100,2,505172103,-1,573,-1,1,3,10000
5812,bg_shop_00,,505170008,50,50,2,505172104,-1,573,-1,1,4,10000
5813,bg_shop_00,,505170008,1,400,2,505172105,-1,573,-1,1,5,10000
5814,bg_shop_00,,505170008,3,100,2,505172106,-1,573,-1,1,6,10000
5815,bg_shop_00,,505170008,2,1000,2,505172107,-1,573,-1,1,7,10000
5816,bg_shop_00,,505170008,2,400,2,505172108,-1,573,-1,1,8,10000
5817,bg_shop_00,,505170008,2,400,2,505172109,-1,573,-1,1,9,10000
5818,bg_shop_00,,505170008,2,400,2,505172110,-1,573,-1,1,10,10000
5819,bg_shop_00,,505170008,2,100,2,505172111,-1,573,-1,1,11,10000
5820,bg_shop_00,,505170008,2,800,2,505172112,-1,573,-1,1,12,10000
5821,bg_shop_00,,505170008,2,800,2,505172113,-1,573,-1,1,13,10000
5822,bg_shop_00,,505170008,2,800,2,505172114,-1,573,-1,1,14,10000
5823,bg_shop_00,,505170008,1000,1,2,505172115,-1,573,-1,1,15,10000
5824,bg_shop_00,,505170008,1000,1,2,505172116,-1,573,-1,1,16,10000
5825,bg_shop_00,,505171002,9999,2,2,505172501,-1,574,-1,1,1,10000
5826,bg_shop_00,,505171003,9999,2,2,505172501,-1,574,-1,1,2,10000
5827,bg_shop_00,,505171004,9999,2,2,505172501,-1,574,-1,1,3,10000
5828,bg_shop_00,,505171005,9999,2,2,505172501,-1,574,-1,1,4,10000
5829,bg_shop_00,,505171006,9999,2,2,505172501,-1,574,-1,1,4,10000
5830,bg_shop_00,,505171007,9999,2,2,505172501,-1,574,-1,1,5,10000
5831,bg_shop_00,,505171008,9999,2,2,505172501,-1,574,-1,1,6,10000
5832,bg_shop_00,,505171009,9999,2,2,505172501,-1,574,-1,1,7,10000
5833,bg_shop_00,,401250002,20,1200,2,505235201,-1,575,-1,1,1,10000
5834,bg_shop_00,,401250002,20,1200,2,505235202,-1,575,-1,1,2,10000
5835,bg_shop_00,,401250002,20,1200,2,505235203,-1,575,-1,1,3,10000
5836,bg_shop_00,,401250002,20,1200,2,505235204,-1,575,-1,1,4,10000
5837,bg_shop_00,,401250002,20,400,2,505235205,-1,575,-1,1,5,10000
5838,bg_shop_00,,401250002,200,120,2,505235206,-1,575,-1,1,6,10000
5839,bg_shop_00,,401250002,9,2400,2,505235207,-1,575,-1,1,7,10000
5840,bg_shop_00,,401250002,800,120,2,505235208,-1,575,-1,1,8,10000
5841,bg_shop_00,,401250002,3,1200,2,505235209,-1,575,-1,1,9,10000
5842,bg_shop_00,,401250002,100,24,2,505235210,-1,575,-1,1,10,10000
5843,bg_shop_00,,401250002,500,16,2,505235211,-1,575,-1,1,11,10000
5844,bg_shop_00,,401250002,5000,16,2,505235212,-1,575,-1,1,12,10000
5845,bg_shop_00,,401250002,100,20,2,505235213,-1,575,-1,1,13,10000
5846,bg_shop_00,,401250002,50,20,2,505235214,-1,575,-1,1,14,10000
5847,bg_shop_00,,401250002,10,800,2,505235215,-1,575,-1,1,15,10000
5848,bg_shop_00,,401250002,20,240,2,505235216,-1,575,-1,1,16,10000
5849,bg_shop_00,,401250002,100,80,2,505235217,-1,575,-1,1,17,10000
5850,bg_shop_00,,401250002,999,20,2,505235218,-1,575,-1,1,18,10000
5851,bg_shop_00,,401250002,9999,8,2,505235219,-1,575,-1,1,19,10000
5852,bg_shop_00,,401250002,999,120,2,505235220,-1,575,-1,1,20,10000
5853,bg_shop_00,,401250002,999,400,2,505235221,-1,575,-1,1,21,10000
5854,bg_shop_00,,401250002,999,320,2,505235222,-1,575,-1,1,22,10000
5855,bg_shop_00,,401081002,100,20,2,506030001,1,576,-1,1,1,10000
5856,bg_shop_00,,401081002,1,999,2,506030002,1,576,-1,0,2,10000
5857,bg_shop_00,,401081002,1,999,2,503281001,1,576,-1,1,3,10000
5858,bg_shop_00,,401081002,1,200,2,503281002,1,576,-1,1,4,10000
585801,bg_shop_00,,401081002,1,200,2,505155003,1,576,-1,1,5,10000
5859,bg_shop_00,,401081002,1,100,2,503281003,1,576,-1,1,6,10000
5860,bg_shop_00,,401081002,2,400,2,503281004,1,576,-1,1,7,10000
5861,bg_shop_00,,401081002,10,60,2,503281005,1,576,-1,1,8,10000
5862,bg_shop_00,,401081002,100,8,2,503281006,1,576,-1,1,9,10000
5863,bg_shop_00,,401081002,100,15,2,503281007,1,576,-1,1,10,10000
5864,bg_shop_00,,401081002,300,10,2,503281008,1,576,-1,1,11,10000
5865,bg_shop_00,,401081002,200,10,2,503281009,1,576,-1,1,12,10000
5866,bg_shop_00,,401081002,4,300,2,503281010,1,576,-1,1,13,10000
5867,bg_shop_00,,401081002,4,30,2,503281011,1,576,-1,1,14,10000
5868,bg_shop_00,,401081002,20,60,2,503281012,1,576,-1,1,15,10000
5869,bg_shop_00,,401081002,999,30,2,503281013,1,576,-1,1,16,10000
5870,bg_shop_00,,401081002,999,20,2,503281014,1,576,-1,1,17,10000
5871,bg_shop_00,,401081002,999,20,2,503281015,1,576,-1,1,18,10000
5872,bg_shop_00,,502301023,1,400,2,506035101,-1,577,-1,1,1,10000
5873,bg_shop_00,,502301023,1,400,2,506035102,-1,577,-1,1,2,10000
5874,bg_shop_00,,502301023,10,40,2,506035103,-1,577,-1,1,3,10000
5875,bg_shop_00,,502301023,10,30,2,506035104,-1,577,-1,1,4,10000
5876,bg_shop_00,,502301023,10,20,2,506035105,-1,577,-1,1,5,10000
5877,bg_shop_00,,502301023,300,2,2,506035106,-1,577,-1,1,6,10000
5878,bg_shop_00,,502301023,500,1,2,506035107,-1,577,-1,1,7,10000
5879,bg_shop_00,,502301023,500,1,2,506035108,-1,577,-1,1,8,10000
5880,bg_shop_00,,502301023,500,1,2,506035109,-1,577,-1,1,9,10000
5881,bg_shop_00,,401081002,1,5000,2,506056201,1,578,-1,1,1,10000
5882,bg_shop_00,,401081002,100,20,2,506056202,1,578,-1,1,2,10000
5883,bg_shop_00,,401081002,1,1999,2,506056203,1,578,-1,1,3,10000
5884,bg_shop_00,,401081002,1,999,2,506056204,1,578,-1,1,4,10000
5885,bg_shop_00,,401081002,1,200,2,506056205,1,578,-1,1,5,10000
5886,bg_shop_00,,401081002,4,350,2,506056206,1,578,-1,1,6,10000
5887,bg_shop_00,,401081002,10,60,2,506056207,1,578,-1,1,7,10000
5888,bg_shop_00,,401081002,1,25,2,506056208,1,578,-1,1,8,10000
5889,bg_shop_00,,401081002,100,8,2,506056209,1,578,-1,1,9,10000
5890,bg_shop_00,,401081002,6,65,2,506056210,1,578,-1,1,10,10000
5891,bg_shop_00,,401081002,300,15,2,506056211,1,578,-1,1,11,10000
5892,bg_shop_00,,401081002,20,40,2,506056212,1,578,-1,1,12,10000
5893,bg_shop_00,,401081002,30,15,2,506056213,1,578,-1,1,13,10000
5894,bg_shop_00,,401081002,100,10,2,506056214,1,578,-1,1,14,10000
5895,bg_shop_00,,401081002,300,100,2,506056215,1,578,-1,1,15,10000
5896,bg_shop_00,,401081002,100,15,2,506056216,1,578,-1,1,16,10000
5897,bg_shop_00,,401081002,1000,5,2,506056217,1,578,-1,1,17,10000
5898,bg_shop_00,,401081002,100,75,2,506056218,1,578,-1,1,18,10000
5899,bg_shop_00,,401081002,300,5,2,506056219,1,578,-1,1,19,10000
5900,bg_shop_00,,504225001,1,300,2,506091001,-1,579,-1,1,1,10000
5901,bg_shop_00,,504225001,2,200,2,506091002,-1,579,-1,1,1,10000
5902,bg_shop_00,,504225001,1,50,2,506091003,-1,579,-1,1,2,10000
5903,bg_shop_00,,504225001,50,10,2,506091004,-1,579,-1,1,3,10000
5904,bg_shop_00,,504225001,1,200,2,506091005,-1,579,-1,1,4,10000
5905,bg_shop_00,,504225001,1,200,2,506091006,-1,579,-1,1,5,10000
5906,bg_shop_00,,504225001,1,200,2,506091007,-1,579,-1,1,6,10000
5907,bg_shop_00,,504225001,1,200,2,506091008,-1,579,-1,1,7,10000
5908,bg_shop_00,,504225001,1,200,2,506091009,-1,579,-1,1,8,10000
5909,bg_shop_00,,504225001,1,200,2,506091010,-1,579,-1,1,9,10000
5910,bg_shop_00,,504225001,20,20,2,506091011,-1,579,-1,1,10,10000
5911,bg_shop_00,,504225001,20,20,2,506091012,-1,579,-1,1,11,10000
5912,bg_shop_00,,504225001,100,20,2,506091013,-1,579,-1,1,12,10000
5913,bg_shop_00,,504225001,9999,1,2,506091014,-1,579,-1,1,13,10000
5914,bg_shop_00,,405151001,2000,1,2,506136201,1,580,-1,1,1,10000
5915,bg_shop_00,,405151001,300,4,2,506136202,1,580,-1,1,2,10000
5916,bg_shop_00,,405151001,300,4,2,506136203,1,580,-1,1,3,10000
5917,bg_shop_00,,405151001,50,80,2,506136204,1,580,-1,1,4,10000
5918,bg_shop_00,,405151001,10,15,2,506136205,1,580,-1,1,5,10000
591801,bg_shop_00,,405151001,100,5,2,506190108,1,580,-1,1,6,10000
5919,bg_shop_00,,405151001,100,2,2,506136206,1,580,-1,1,7,10000
5920,bg_shop_00,,405151001,50,8,2,503135204,1,580,-1,1,8,10000
5921,bg_shop_00,,405151001,100,2,2,506136208,1,580,-1,1,9,10000
5922,bg_shop_00,,405151001,50,20,2,506136209,1,580,-1,1,10,10000
5923,bg_shop_00,,405151001,50,5,2,506136210,1,580,-1,1,11,10000
5924,bg_shop_00,,405151001,50,20,2,506136211,1,580,-1,1,12,10000
5925,bg_shop_00,,405151001,50,5,2,506136212,1,580,-1,1,13,10000
5926,bg_shop_00,,405151001,10,30,2,506136213,1,580,-1,1,14,10000
5927,bg_shop_00,,405151001,1000,2,2,506136214,1,580,-1,1,15,10000
5928,bg_shop_00,,405151001,500,3,2,506136215,1,580,-1,1,16,10000
5929,bg_shop_00,,405151001,300,2,2,506136216,1,580,-1,1,17,10000
5930,bg_shop_00,,405151001,1000,1,2,506136217,1,580,-1,1,18,10000
5931,bg_shop_00,,506170002,100,20,2,506190001,-1,581,-1,1,1,10000
5932,bg_shop_00,,506170002,1,999,2,506190002,-1,581,-1,1,2,10000
5933,bg_shop_00,,506170002,1,200,2,506190003,-1,581,-1,1,3,10000
5934,bg_shop_00,,506170002,200,15,2,506190005,-1,581,-1,1,4,10000
5935,bg_shop_00,,506170002,200,10,2,506190006,-1,581,-1,1,5,10000
5936,bg_shop_00,,506170002,2,300,2,506190007,-1,581,-1,1,6,10000
5937,bg_shop_00,,506170002,400,12,2,506190008,-1,581,-1,1,7,10000
5938,bg_shop_00,,506170002,2,300,2,506190009,-1,581,-1,1,8,10000
5939,bg_shop_00,,506170002,30,400,2,506190010,-1,581,-1,1,9,10000
5940,bg_shop_00,,506170002,8,200,2,506190011,-1,581,-1,1,10,10000
5941,bg_shop_00,,506170002,200,5,2,506190012,-1,581,-1,1,11,10000
5942,bg_shop_00,,506170002,50,15,2,506190013,-1,581,-1,1,12,10000
5943,bg_shop_00,,506170002,300,10,2,506190014,-1,581,-1,1,13,10000
5944,bg_shop_00,,506170002,500,1,2,506190015,-1,581,-1,1,14,10000
5945,bg_shop_00,,506170002,1000,1,2,506190016,-1,581,-1,1,15,10000
5946,bg_shop_00,,506170002,100,20,2,506190101,-1,582,-1,1,1,10000
5947,bg_shop_00,,506170002,1,999,2,506190102,-1,582,-1,1,2,10000
5948,bg_shop_00,,506170002,1,200,2,506190103,-1,582,-1,1,3,10000
5949,bg_shop_00,,506170002,200,15,2,506190105,-1,582,-1,1,4,10000
5950,bg_shop_00,,506170002,200,10,2,506190106,-1,582,-1,1,5,10000
5951,bg_shop_00,,506170002,2,300,2,506190107,-1,582,-1,1,6,10000
5952,bg_shop_00,,506170002,400,12,2,506190108,-1,582,-1,1,7,10000
5953,bg_shop_00,,506170002,2,300,2,506190109,-1,582,-1,1,8,10000
5954,bg_shop_00,,506170002,30,400,2,506190110,-1,582,-1,1,9,10000
5955,bg_shop_00,,506170002,20,90,2,506190111,-1,582,-1,1,10,10000
5956,bg_shop_00,,506170002,50,30,2,506190112,-1,582,-1,1,11,10000
5957,bg_shop_00,,506170002,200,5,2,506190113,-1,582,-1,1,12,10000
5958,bg_shop_00,,506170002,50,15,2,506190114,-1,582,-1,1,13,10000
5959,bg_shop_00,,506170002,300,10,2,506190115,-1,582,-1,1,14,10000
5960,bg_shop_00,,506170002,500,1,2,506190116,-1,582,-1,1,15,10000
5961,bg_shop_00,,506170002,1000,1,2,506190117,-1,582,-1,1,16,10000
5962,bg_shop_00,,506170006,1,500,2,506190201,-1,583,-1,1,1,10000
5963,bg_shop_00,,506170006,5,100,2,506190202,-1,583,-1,1,2,10000
5964,bg_shop_00,,506170006,4,500,2,506190203,-1,583,-1,1,3,10000
5965,bg_shop_00,,506170006,2,100,2,506190204,-1,583,-1,1,4,10000
5966,bg_shop_00,,506170006,50,50,2,506190205,-1,583,-1,1,5,10000
5967,bg_shop_00,,506170006,1,400,2,506190206,-1,583,-1,1,6,10000
5968,bg_shop_00,,506170006,3,100,2,506190207,-1,583,-1,1,7,10000
5969,bg_shop_00,,506170006,1,2000,2,506190208,-1,583,-1,1,8,10000
5970,bg_shop_00,,506170006,2,200,2,506190209,-1,583,-1,1,9,10000
5971,bg_shop_00,,506170006,2,200,2,506190210,-1,583,-1,1,10,10000
5972,bg_shop_00,,506170006,2,100,2,506190211,-1,583,-1,1,11,10000
5973,bg_shop_00,,506170006,2,800,2,506190212,-1,583,-1,1,12,10000
5974,bg_shop_00,,506170006,2,800,2,506190213,-1,583,-1,1,13,10000
5975,bg_shop_00,,506170006,2000,1,2,506190214,-1,583,-1,1,14,10000
5976,bg_shop_00,,401081002,1,5000,2,408154901,1,584,-1,1,1,10000
5977,bg_shop_00,,401081002,1,999,2,503281001,1,584,-1,1,2,10000
5978,bg_shop_00,,401081002,1,200,2,503281002,1,584,-1,1,3,10000
5979,bg_shop_00,,401081002,1,100,2,503281003,1,584,-1,1,4,10000
5980,bg_shop_00,,401081002,2,400,2,503281004,1,584,-1,1,5,10000
5981,bg_shop_00,,401081002,10,60,2,503281005,1,584,-1,1,6,10000
5982,bg_shop_00,,401081002,100,8,2,503281006,1,584,-1,1,7,10000
5983,bg_shop_00,,401081002,100,15,2,503281007,1,584,-1,1,8,10000
5984,bg_shop_00,,401081002,300,10,2,503281008,1,584,-1,1,9,10000
5985,bg_shop_00,,401081002,200,10,2,503281009,1,584,-1,1,10,10000
5986,bg_shop_00,,401081002,4,300,2,503281010,1,584,-1,1,11,10000
5987,bg_shop_00,,401081002,4,30,2,503281011,1,584,-1,1,12,10000
5988,bg_shop_00,,401081002,20,60,2,503281012,1,584,-1,1,13,10000
5989,bg_shop_00,,401081002,999,30,2,503281013,1,584,-1,1,14,10000
5990,bg_shop_00,,401081002,999,20,2,503281014,1,584,-1,1,15,10000
5991,bg_shop_00,,401081002,999,20,2,503281015,1,584,-1,1,16,10000
5992,bg_shop_00,,401081002,1,1999,2,501178601,1,585,-1,1,1,10000
5993,bg_shop_00,,401081002,1,1999,2,407040850,1,585,-1,1,2,10000
5994,bg_shop_00,,401081002,1,999,2,501178602,1,585,-1,1,3,10000
5995,bg_shop_00,,401081002,1,150,2,501178603,1,585,-1,1,4,10000
5996,bg_shop_00,,401081002,1,150,2,501178604,1,585,-1,1,5,10000
5997,bg_shop_00,,401081002,4,350,2,506203001,1,585,-1,1,6,10000
5998,bg_shop_00,,401081002,4,350,2,501178606,1,585,-1,1,7,10000
5999,bg_shop_00,,401081002,4,200,2,501178607,1,585,-1,1,8,10000
6000,bg_shop_00,,401081002,1,25,2,501178608,1,585,-1,1,9,10000
6001,bg_shop_00,,401081002,6,65,2,501178609,1,585,-1,1,10,10000
6002,bg_shop_00,,401081002,300,15,2,501178610,1,585,-1,1,11,10000
6003,bg_shop_00,,401081002,20,40,2,501178611,1,585,-1,1,12,10000
6004,bg_shop_00,,401081002,30,15,2,501178612,1,585,-1,1,13,10000
6005,bg_shop_00,,401081002,100,10,2,501178613,1,585,-1,1,14,10000
6006,bg_shop_00,,401081002,300,100,2,501178614,1,585,-1,1,15,10000
6007,bg_shop_00,,401081002,100,15,2,501178615,1,585,-1,1,16,10000
6008,bg_shop_00,,401081002,1000,5,2,501178616,1,585,-1,1,17,10000
6009,bg_shop_00,,401081002,100,75,2,501178617,1,585,-1,1,18,10000
6010,bg_shop_00,,401081002,300,5,2,501178618,1,585,-1,1,19,10000
6011,bg_shop_00,,401250002,20,1200,2,506263014,-1,586,-1,1,1,10000
6012,bg_shop_00,,401250002,20,1200,2,506263015,-1,586,-1,1,2,10000
6013,bg_shop_00,,401250002,20,1200,2,506263016,-1,586,-1,1,3,10000
6014,bg_shop_00,,401250002,200,120,2,506263017,-1,586,-1,1,4,10000
6015,bg_shop_00,,401250002,20,400,2,411075304,-1,586,-1,1,5,10000
6016,bg_shop_00,,401250002,9,2400,2,411156005,-1,586,-1,1,6,10000
6017,bg_shop_00,,401250002,5,1200,2,411075306,-1,586,-1,1,7,10000
6018,bg_shop_00,,401250002,5,1200,2,411075307,-1,586,-1,1,8,10000
6019,bg_shop_00,,401250002,5,1200,2,411075308,-1,586,-1,1,9,10000
6020,bg_shop_00,,401250002,5,1200,2,411075309,-1,586,-1,1,10,10000
6021,bg_shop_00,,401250002,5,1200,2,411075310,-1,586,-1,1,11,10000
6022,bg_shop_00,,401250002,100,24,2,411075311,-1,586,-1,1,12,10000
6023,bg_shop_00,,401250002,500,16,2,411075312,-1,586,-1,1,13,10000
6024,bg_shop_00,,401250002,5000,16,2,412206001,-1,586,-1,1,14,10000
6025,bg_shop_00,,401250002,100,20,2,411075313,-1,586,-1,1,15,10000
6026,bg_shop_00,,401250002,10,800,2,411075314,-1,586,-1,1,16,10000
6027,bg_shop_00,,401250002,20,240,2,411075315,-1,586,-1,1,17,10000
6028,bg_shop_00,,401250002,100,80,2,411075316,-1,586,-1,1,18,10000
6029,bg_shop_00,,401250002,999,20,2,411075317,-1,586,-1,1,19,10000
6030,bg_shop_00,,401250002,9999,8,2,411075318,-1,586,-1,1,20,10000
6031,bg_shop_00,,401250002,999,20,2,411075319,-1,586,-1,1,21,10000
6032,bg_shop_00,,401250002,999,240,2,411075320,-1,586,-1,1,22,10000
6033,bg_shop_00,,401250002,999,80,2,411075321,-1,586,-1,1,23,10000
603401,bg_shop_00,,401081002,1,1999,2,507258201,1,587,-1,1,1,10000
6034,bg_shop_00,,401081002,1,1999,2,507016701,1,587,-1,1,2,10000
6035,bg_shop_00,,401081002,1,999,2,507016702,1,587,-1,1,3,10000
6036,bg_shop_00,,401081002,1,200,2,507016703,1,587,-1,1,4,10000
6037,bg_shop_00,,401081002,1,200,2,507016704,1,587,-1,1,5,10000
6038,bg_shop_00,,401081002,1,200,2,507016705,1,587,-1,1,6,10000
6039,bg_shop_00,,401081002,1,150,2,507016706,1,587,-1,1,7,10000
6040,bg_shop_00,,401081002,1,150,2,507016707,1,587,-1,1,8,10000
6041,bg_shop_00,,401081002,4,350,2,507016708,1,587,-1,1,9,10000
6042,bg_shop_00,,401081002,4,350,2,507016709,1,587,-1,1,10,10000
6043,bg_shop_00,,401081002,4,350,2,507016710,1,587,-1,1,11,10000
6044,bg_shop_00,,401081002,4,350,2,507016711,1,587,-1,1,12,10000
6045,bg_shop_00,,401081002,4,350,2,507016712,1,587,-1,1,13,10000
6046,bg_shop_00,,401081002,4,350,2,507016713,1,587,-1,1,14,10000
6047,bg_shop_00,,401081002,4,200,2,507016714,1,587,-1,1,15,10000
6048,bg_shop_00,,401081002,10,60,2,507016715,1,587,-1,1,16,10000
6049,bg_shop_00,,401081002,100,8,2,507016716,1,587,-1,1,17,10000
6050,bg_shop_00,,401081002,1,25,2,507016717,1,587,-1,1,18,10000
6051,bg_shop_00,,401081002,6,65,2,507016718,1,587,-1,1,19,10000
6052,bg_shop_00,,401081002,300,15,2,507016719,1,587,-1,1,20,10000
6053,bg_shop_00,,401081002,20,40,2,507016720,1,587,-1,1,21,10000
6054,bg_shop_00,,401081002,30,15,2,507016721,1,587,-1,1,22,10000
6055,bg_shop_00,,401081002,100,10,2,507016722,1,587,-1,1,23,10000
6056,bg_shop_00,,401081002,300,100,2,507016723,1,587,-1,1,24,10000
6057,bg_shop_00,,401081002,100,15,2,507016724,1,587,-1,1,25,10000
6058,bg_shop_00,,401081002,1000,5,2,507016725,1,587,-1,1,26,10000
6059,bg_shop_00,,401081002,100,75,2,507016726,1,587,-1,1,27,10000
6060,bg_shop_00,,401081002,300,5,2,507016727,1,587,-1,1,28,10000
6061,bg_shop_00,,507010001,1,150,2,501163001,1,588,1,1,1,10000
6062,bg_shop_00,,507010001,200,30,2,501163002,1,588,-1,1,2,10000
6063,bg_shop_00,,507010001,200,10,2,501163003,1,588,-1,1,3,10000
6064,bg_shop_00,,507010001,3,350,2,501163004,1,588,-1,1,4,10000
6065,bg_shop_00,,507010001,1,350,2,505224004,1,588,-1,1,5,10000
6066,bg_shop_00,,507010001,1,2000,2,501163005,1,588,-1,1,6,10000
6067,bg_shop_00,,507010001,1,2000,2,501163006,1,588,-1,1,7,10000
6068,bg_shop_00,,507010001,1,2000,2,501163007,1,588,-1,1,8,10000
6069,bg_shop_00,,507010001,1,2000,2,501163008,1,588,-1,1,9,10000
6070,bg_shop_00,,507010001,3,200,2,501163009,1,588,-1,1,10,10000
6071,bg_shop_00,,507010001,3,250,2,501163010,1,588,-1,1,11,10000
6072,bg_shop_00,,507010001,3,350,2,501163011,1,588,-1,1,12,10000
6073,bg_shop_00,,507010001,3,350,2,501163012,1,588,-1,1,13,10000
6074,bg_shop_00,,507010001,4,450,2,501163013,1,588,-1,1,14,10000
6075,bg_shop_00,,507010001,8,250,2,501163014,1,588,-1,1,15,10000
6076,bg_shop_00,,507010001,20,100,2,501163015,1,588,-1,1,16,10000
6077,bg_shop_00,,507010001,999,200,2,501163016,1,588,-1,1,17,10000
6078,bg_shop_00,,507010001,999,50,2,501163017,1,588,-1,1,18,10000
6079,bg_shop_00,,507010001,999,10,2,501163018,1,588,-1,1,19,10000
6080,bg_shop_00,,204002,1,150,2,501163001,1,588,1,1,20,10000
6081,bg_shop_00,,204002,200,30,2,501163002,1,588,-1,1,21,10000
6082,bg_shop_00,,204002,200,10,2,501163003,1,588,-1,1,22,10000
6083,bg_shop_00,,204002,3,350,2,501163004,1,588,-1,1,23,10000
6084,bg_shop_00,,204002,1,350,2,505224004,1,588,-1,1,24,10000
6085,bg_shop_00,,204002,1,2000,2,501163005,1,588,-1,1,25,10000
6086,bg_shop_00,,204002,1,2000,2,501163006,1,588,-1,1,26,10000
6087,bg_shop_00,,204002,1,2000,2,501163007,1,588,-1,1,27,10000
6088,bg_shop_00,,204002,1,2000,2,501163008,1,588,-1,1,28,10000
6089,bg_shop_00,,204002,3,200,2,501163009,1,588,-1,1,29,10000
6090,bg_shop_00,,204002,3,250,2,501163010,1,588,-1,1,30,10000
6091,bg_shop_00,,204002,3,350,2,501163011,1,588,-1,1,31,10000
6092,bg_shop_00,,204002,3,350,2,501163012,1,588,-1,1,32,10000
6093,bg_shop_00,,204002,4,450,2,501163013,1,588,-1,1,33,10000
6094,bg_shop_00,,204002,8,250,2,501163014,1,588,-1,1,34,10000
6095,bg_shop_00,,204002,20,100,2,501163015,1,588,-1,1,35,10000
6096,bg_shop_00,,204002,999,200,2,501163016,1,588,-1,1,36,10000
6097,bg_shop_00,,204002,999,50,2,501163017,1,588,-1,1,37,10000
6098,bg_shop_00,,204002,999,10,2,501163018,1,588,-1,1,38,10000
6099,bg_shop_00,,502301023,1,400,2,506036101,-1,589,-1,1,1,10000
6100,bg_shop_00,,502301023,1,200,2,506036102,-1,589,-1,1,2,10000
6101,bg_shop_00,,502301023,1,400,2,506036103,-1,589,-1,1,3,10000
6102,bg_shop_00,,502301023,1,400,2,506036104,-1,589,-1,1,4,10000
6103,bg_shop_00,,502301023,10,40,2,506036105,-1,589,-1,1,5,10000
6104,bg_shop_00,,502301023,10,30,2,506036106,-1,589,-1,1,6,10000
6105,bg_shop_00,,502301023,10,20,2,506036107,-1,589,-1,1,7,10000
6106,bg_shop_00,,502301023,300,2,2,506036108,-1,589,-1,1,8,10000
6107,bg_shop_00,,502301023,500,1,2,506036109,-1,589,-1,1,9,10000
6108,bg_shop_00,,502301023,500,1,2,506036110,-1,589,-1,1,10,10000
6109,bg_shop_00,,502301023,500,1,2,506036111,-1,589,-1,1,11,10000
610901,bg_shop_00,,204001,999,2,2,507020101,1,590,-1,1,1,10000
6110,bg_shop_00,,507010001,100,30,2,503075101,1,590,-1,1,2,10000
6111,bg_shop_00,,507010001,100,30,2,503075102,1,590,-1,1,3,10000
6112,bg_shop_00,,507010001,100,30,2,503075103,1,590,-1,1,4,10000
6113,bg_shop_00,,507010001,100,30,2,503075104,1,590,-1,1,5,10000
6114,bg_shop_00,,507010001,100,30,2,503075105,1,590,-1,1,6,10000
6115,bg_shop_00,,507010001,20,100,2,503075106,1,590,-1,1,7,10000
6116,bg_shop_00,,507010001,200,30,2,503075107,1,590,-1,1,8,10000
6117,bg_shop_00,,507010001,9,600,2,503075108,1,590,-1,1,9,10000
6118,bg_shop_00,,507010001,800,30,2,503075109,1,590,-1,1,10,10000
6119,bg_shop_00,,507010001,3,300,2,503075110,1,590,-1,1,11,10000
6120,bg_shop_00,,507010001,100,6,2,503075111,1,590,-1,1,12,10000
6121,bg_shop_00,,507010001,500,4,2,503075112,1,590,-1,1,13,10000
6122,bg_shop_00,,507010001,5000,4,2,503075113,1,590,-1,1,14,10000
6123,bg_shop_00,,507010001,100,5,2,503075114,1,590,-1,1,15,10000
6124,bg_shop_00,,507010001,50,5,2,503075115,1,590,-1,1,16,10000
6125,bg_shop_00,,507010001,999,200,2,503075116,1,590,-1,1,17,10000
6126,bg_shop_00,,507010001,999,60,2,503075117,1,590,-1,1,18,10000
6127,bg_shop_00,,507010001,999,20,2,503075118,1,590,-1,1,19,10000
6128,bg_shop_00,,507010001,999,5,2,503075119,1,590,-1,1,20,10000
6129,bg_shop_00,,507010001,9999,2,2,503075120,1,590,-1,1,21,10000
6130,bg_shop_00,,507010001,999,30,2,503075121,1,590,-1,1,22,10000
6131,bg_shop_00,,507010001,999,100,2,503075122,1,590,-1,1,23,10000
6132,bg_shop_00,,507010001,999,80,2,503075123,1,590,-1,1,24,10000
6133,bg_shop_00,,204002,100,30,2,503075101,1,590,-1,1,25,10000
6134,bg_shop_00,,204002,100,30,2,503075102,1,590,-1,1,26,10000
6135,bg_shop_00,,204002,100,30,2,503075103,1,590,-1,1,27,10000
6136,bg_shop_00,,204002,100,30,2,503075104,1,590,-1,1,28,10000
6137,bg_shop_00,,204002,100,30,2,503075105,1,590,-1,1,29,10000
6138,bg_shop_00,,204002,20,100,2,503075106,1,590,-1,1,30,10000
6139,bg_shop_00,,204002,200,30,2,503075107,1,590,-1,1,31,10000
6140,bg_shop_00,,204002,9,600,2,503075108,1,590,-1,1,32,10000
6141,bg_shop_00,,204002,800,30,2,503075109,1,590,-1,1,33,10000
6142,bg_shop_00,,204002,3,300,2,503075110,1,590,-1,1,34,10000
6143,bg_shop_00,,204002,100,6,2,503075111,1,590,-1,1,35,10000
6144,bg_shop_00,,204002,500,4,2,503075112,1,590,-1,1,36,10000
6145,bg_shop_00,,204002,5000,4,2,503075113,1,590,-1,1,37,10000
6146,bg_shop_00,,204002,100,5,2,503075114,1,590,-1,1,38,10000
6147,bg_shop_00,,204002,50,5,2,503075115,1,590,-1,1,39,10000
6148,bg_shop_00,,204002,999,200,2,503075116,1,590,-1,1,40,10000
6149,bg_shop_00,,204002,999,60,2,503075117,1,590,-1,1,41,10000
6150,bg_shop_00,,204002,999,20,2,503075118,1,590,-1,1,42,10000
6151,bg_shop_00,,204002,999,5,2,503075119,1,590,-1,1,43,10000
6152,bg_shop_00,,204002,9999,2,2,503075120,1,590,-1,1,44,10000
6153,bg_shop_00,,204002,999,30,2,503075121,1,590,-1,1,45,10000
6154,bg_shop_00,,204002,999,100,2,503075122,1,590,-1,1,46,10000
6155,bg_shop_00,,204002,999,80,2,503075123,1,590,-1,1,47,10000
615501,bg_shop_00,,204002,100,30,2,604106001,1,591,-1,1,1,10000
6156,bg_shop_00,,204002,100,30,2,507046666,1,591,-1,1,2,10000
6157,bg_shop_00,,204002,100,30,2,411156001,1,591,-1,1,3,10000
6158,bg_shop_00,,204002,100,30,2,411156002,1,591,-1,1,4,10000
6159,bg_shop_00,,204002,100,30,2,411156003,1,591,-1,1,5,10000
6160,bg_shop_00,,204002,20,100,2,411156004,1,591,-1,1,6,10000
616000,bg_shop_00,,204002,200,30,2,604246001,1,591,-1,1,7,10000
616001,bg_shop_00,,204002,200,30,2,601226104,1,591,-1,1,8,10000
6161,bg_shop_00,,204002,200,30,2,502135001,1,591,-1,1,9,10000
6162,bg_shop_00,,204002,9,600,2,411156005,1,591,-1,1,10,10000
6163,bg_shop_00,,204002,800,30,2,411156006,1,591,-1,1,11,10000
6164,bg_shop_00,,204002,3,300,2,503075110,1,591,-1,1,12,10000
616401,bg_shop_00,,204002,20,100,2,411078006,1,591,-1,1,13,10000
616402,bg_shop_00,,204002,20,30,2,411078007,1,591,-1,1,14,10000
6165,bg_shop_00,,204002,100,6,2,411156011,1,591,-1,1,15,10000
6166,bg_shop_00,,204002,500,4,2,411156012,1,591,-1,1,16,10000
6167,bg_shop_00,,204002,5000,4,2,412206001,1,591,-1,1,17,10000
616701,bg_shop_00,,204002,999,10,2,603200001,1,591,-1,1,18,10000
6168,bg_shop_00,,204002,100,5,2,411156013,1,591,-1,1,19,10000
6169,bg_shop_00,,204002,50,5,2,12220215,1,591,-1,1,20,10000
6170,bg_shop_00,,204002,999,200,2,411156014,1,591,-1,1,21,10000
6171,bg_shop_00,,204002,999,60,2,411156015,1,591,-1,1,22,10000
6172,bg_shop_00,,204002,999,20,2,411156016,1,591,-1,1,23,10000
6173,bg_shop_00,,204002,999,5,2,411156017,1,591,-1,1,24,10000
6174,bg_shop_00,,204002,9999,2,2,411156018,1,591,-1,1,25,10000
6175,bg_shop_00,,204002,999,30,2,411156019,1,591,-1,1,26,10000
6176,bg_shop_00,,204002,999,100,2,411156020,1,591,-1,1,27,10000
6177,bg_shop_00,,204002,999,80,2,411156021,1,591,-1,1,28,10000
6178,bg_shop_00,,401081002,1,1999,2,502078001,1,592,-1,1,1,10000
6179,bg_shop_00,,401081002,1,1999,2,408095401,1,592,-1,1,2,10000
6180,bg_shop_00,,401081002,1,999,2,502078002,1,592,-1,1,3,10000
6181,bg_shop_00,,401081002,1,200,2,502078003,1,592,-1,1,4,10000
6182,bg_shop_00,,401081002,1,150,2,502078004,1,592,-1,1,5,10000
6183,bg_shop_00,,401081002,1,150,2,502078005,1,592,-1,1,6,10000
6184,bg_shop_00,,401081002,4,350,2,502078007,1,592,-1,1,7,10000
6185,bg_shop_00,,401081002,4,350,2,506203001,1,592,-1,1,8,10000
6186,bg_shop_00,,401081002,4,350,2,502078008,1,592,-1,1,9,10000
6187,bg_shop_00,,401081002,4,200,2,502078009,1,592,-1,1,10,10000
6188,bg_shop_00,,401081002,10,60,2,502078010,1,592,-1,1,11,10000
6189,bg_shop_00,,401081002,100,8,2,502078011,1,592,-1,1,12,10000
6190,bg_shop_00,,401081002,1,25,2,502078012,1,592,-1,1,13,10000
6191,bg_shop_00,,401081002,6,65,2,502078013,1,592,-1,1,14,10000
6192,bg_shop_00,,401081002,300,15,2,502078014,1,592,-1,1,15,10000
6193,bg_shop_00,,401081002,20,40,2,502078015,1,592,-1,1,16,10000
6194,bg_shop_00,,401081002,30,15,2,502078016,1,592,-1,1,17,10000
6195,bg_shop_00,,401081002,100,10,2,502078017,1,592,-1,1,18,10000
6196,bg_shop_00,,401081002,300,100,2,502078018,1,592,-1,1,19,10000
6197,bg_shop_00,,401081002,100,15,2,502078019,1,592,-1,1,20,10000
6198,bg_shop_00,,401081002,1000,5,2,502078020,1,592,-1,1,21,10000
6199,bg_shop_00,,401081002,100,75,2,502078021,1,592,-1,1,22,10000
6200,bg_shop_00,,401081002,300,5,2,502078022,1,592,-1,1,23,10000
6201,bg_shop_00,,405151001,2000,1,2,507106101,1,593,-1,1,1,10000
620101,bg_shop_00,,405151001,2000,1,2,604016001,1,593,-1,1,2,10000
6202,bg_shop_00,,405151001,10,45,2,507106102,1,593,-1,1,3,10000
6203,bg_shop_00,,405151001,50,15,2,507106103,1,593,-1,1,4,10000
6204,bg_shop_00,,405151001,2,150,2,507106104,1,593,-1,1,5,10000
6205,bg_shop_00,,405151001,100,5,2,507106105,1,593,-1,1,6,10000
6206,bg_shop_00,,405151001,30,200,2,507106106,1,593,-1,1,7,10000
6207,bg_shop_00,,405151001,300,4,2,507106107,1,593,-1,1,8,10000
6208,bg_shop_00,,405151001,300,4,2,507106108,1,593,-1,1,9,10000
6209,bg_shop_00,,405151001,200,8,2,507106109,1,593,-1,1,10,10000
6210,bg_shop_00,,405151001,50,80,2,507106110,1,593,-1,1,11,10000
6211,bg_shop_00,,405151001,10,15,2,507106111,1,593,-1,1,12,10000
621101,bg_shop_00,,405151001,100,5,2,506190108,1,593,-1,1,13,10000
6212,bg_shop_00,,405151001,100,2,2,507106112,1,593,-1,1,14,10000
6213,bg_shop_00,,405151001,100,2,2,507106113,1,593,-1,1,15,10000
6214,bg_shop_00,,405151001,50,20,2,507106114,1,593,-1,1,16,10000
6215,bg_shop_00,,405151001,50,5,2,507106115,1,593,-1,1,17,10000
6216,bg_shop_00,,405151001,10,30,2,507106116,1,593,-1,1,18,10000
6217,bg_shop_00,,405151001,1000,2,2,507106117,1,593,-1,1,19,10000
6218,bg_shop_00,,405151001,500,3,2,507106118,1,593,-1,1,20,10000
6219,bg_shop_00,,405151001,300,2,2,507106119,1,593,-1,1,21,10000
6220,bg_shop_00,,405151001,1000,1,2,507106120,1,593,-1,1,22,10000
6221,bg_shop_00,,507106201,5,100,2,507020101,-1,594,-1,1,1,10000
6222,bg_shop_00,,507106201,800,1,2,507105102,-1,594,-1,1,2,10000
6223,bg_shop_00,,507106201,500,1,2,507105103,-1,594,-1,1,3,10000
6224,bg_shop_00,,507106201,1,1000,2,507105104,-1,594,-1,1,4,10000
6225,bg_shop_00,,507106201,1,1000,2,507105105,-1,594,-1,1,5,10000
6226,bg_shop_00,,507106201,1,400,2,507105106,-1,594,-1,1,6,10000
6227,bg_shop_00,,507106201,1,400,2,507105107,-1,594,-1,1,7,10000
6228,bg_shop_00,,507106201,1,400,2,507105108,-1,594,-1,1,8,10000
6229,bg_shop_00,,507106201,4,500,2,507105109,-1,594,-1,1,9,10000
6230,bg_shop_00,,507106201,50,50,2,507105110,-1,594,-1,1,10,10000
6231,bg_shop_00,,507106201,1000,1,2,507105111,-1,594,-1,1,11,10000
6232,bg_shop_00,,507106201,1000,1,2,507105112,-1,594,-1,1,12,10000
6233,bg_shop_00,,401081002,1,5000,2,507108701,1,595,-1,1,1,10000
6234,bg_shop_00,,401081002,1,5000,2,507108702,1,595,-1,1,2,10000
6235,bg_shop_00,,401081002,100,20,2,507108703,1,595,-1,1,3,10000
6236,bg_shop_00,,401081002,1,1999,2,507108704,1,595,-1,1,4,10000
6237,bg_shop_00,,401081002,1,999,2,507108705,1,595,-1,1,5,10000
6238,bg_shop_00,,401081002,1,200,2,507108706,1,595,-1,1,6,10000
6239,bg_shop_00,,401081002,4,350,2,507108707,1,595,-1,1,7,10000
6240,bg_shop_00,,401081002,10,60,2,507108708,1,595,-1,1,8,10000
6241,bg_shop_00,,401081002,1,25,2,507108709,1,595,-1,1,9,10000
6242,bg_shop_00,,401081002,100,20,2,507108710,1,595,-1,1,10,10000
6243,bg_shop_00,,401081002,100,8,2,507108711,1,595,-1,1,11,10000
6244,bg_shop_00,,401081002,6,65,2,507108712,1,595,-1,1,12,10000
6245,bg_shop_00,,401081002,300,15,2,507108713,1,595,-1,1,13,10000
6246,bg_shop_00,,401081002,20,40,2,507108714,1,595,-1,1,14,10000
6247,bg_shop_00,,401081002,30,15,2,507108715,1,595,-1,1,15,10000
6248,bg_shop_00,,401081002,100,10,2,507108716,1,595,-1,1,16,10000
6249,bg_shop_00,,401081002,300,100,2,507108717,1,595,-1,1,17,10000
6250,bg_shop_00,,401081002,100,15,2,507108718,1,595,-1,1,18,10000
6251,bg_shop_00,,401081002,1000,5,2,507108719,1,595,-1,1,19,10000
6252,bg_shop_00,,401081002,100,75,2,507108720,1,595,-1,1,20,10000
6253,bg_shop_00,,401081002,300,5,2,507108721,1,595,-1,1,21,10000
6254,bg_shop_00,,401250002,300,120,2,502077201,-1,596,-1,1,1,10000
6255,bg_shop_00,,401250002,300,120,2,502077202,-1,596,-1,1,2,10000
6256,bg_shop_00,,401250002,300,120,2,502077203,-1,596,-1,1,3,10000
6257,bg_shop_00,,401250002,300,120,2,501236201,-1,596,-1,1,4,10000
6258,bg_shop_00,,401250002,300,120,2,501236202,-1,596,-1,1,5,10000
6259,bg_shop_00,,401250002,300,120,2,501236203,-1,596,-1,1,6,10000
6260,bg_shop_00,,401250002,100,120,2,501236204,-1,596,-1,1,7,10000
6261,bg_shop_00,,401250002,100,120,2,501236205,-1,596,-1,1,8,10000
6262,bg_shop_00,,401250002,100,120,2,501236206,-1,596,-1,1,9,10000
6263,bg_shop_00,,401250002,20,400,2,501236207,-1,596,-1,1,10,10000
6264,bg_shop_00,,401250002,9,2400,2,501236208,-1,596,-1,1,11,10000
6265,bg_shop_00,,401250002,800,120,2,501236209,-1,596,-1,1,12,10000
6266,bg_shop_00,,401250002,5,1200,2,501236210,-1,596,-1,1,13,10000
6267,bg_shop_00,,401250002,5,1200,2,501236211,-1,596,-1,1,14,10000
6268,bg_shop_00,,401250002,5,1200,2,501236212,-1,596,-1,1,15,10000
6269,bg_shop_00,,401250002,5,1200,2,501236213,-1,596,-1,1,16,10000
6270,bg_shop_00,,401250002,100,24,2,501236214,-1,596,-1,1,17,10000
6271,bg_shop_00,,401250002,500,16,2,501236215,-1,596,-1,1,18,10000
6272,bg_shop_00,,401250002,5000,16,2,501236216,-1,596,-1,1,19,10000
6273,bg_shop_00,,401250002,100,20,2,501236217,-1,596,-1,1,20,10000
6274,bg_shop_00,,401250002,999,800,2,501236218,-1,596,-1,1,21,10000
6275,bg_shop_00,,401250002,999,240,2,501236219,-1,596,-1,1,22,10000
6276,bg_shop_00,,401250002,999,80,2,501236220,-1,596,-1,1,23,10000
6277,bg_shop_00,,401250002,999,20,2,501236221,-1,596,-1,1,24,10000
6278,bg_shop_00,,401250002,9999,8,2,501236222,-1,596,-1,1,25,10000
6279,bg_shop_00,,401250002,999,120,2,501236223,-1,596,-1,1,26,10000
6280,bg_shop_00,,401250002,999,400,2,501236224,-1,596,-1,1,27,10000
6281,bg_shop_00,,401250002,999,320,2,501236225,-1,596,-1,1,28,10000
6282,bg_shop_00,,204002,300,30,2,507114001,1,597,-1,1,1,10000
6283,bg_shop_00,,204002,300,30,2,507114002,1,597,-1,1,2,10000
6284,bg_shop_00,,204002,300,30,2,507114003,1,597,-1,1,3,10000
6285,bg_shop_00,,204002,300,30,2,507114004,1,597,-1,1,4,10000
6286,bg_shop_00,,204002,300,30,2,507114005,1,597,-1,1,5,10000
6287,bg_shop_00,,204002,300,30,2,507114006,1,597,-1,1,6,10000
6288,bg_shop_00,,204002,100,30,2,507114007,1,597,-1,1,7,10000
6289,bg_shop_00,,204002,100,30,2,507114008,1,597,-1,1,8,10000
6290,bg_shop_00,,204002,20,100,2,507114009,1,597,-1,1,9,10000
6291,bg_shop_00,,204002,9,600,2,507114010,1,597,-1,1,10,10000
6292,bg_shop_00,,204002,800,30,2,507114011,1,597,-1,1,11,10000
6293,bg_shop_00,,204002,5,300,2,507114012,1,597,-1,1,12,10000
6294,bg_shop_00,,204002,5,300,2,507114013,1,597,-1,1,13,10000
6295,bg_shop_00,,204002,5,300,2,507114014,1,597,-1,1,14,10000
6296,bg_shop_00,,204002,5,300,2,507114015,1,597,-1,1,15,10000
6297,bg_shop_00,,204002,100,6,2,507114016,1,597,-1,1,16,10000
6298,bg_shop_00,,204002,500,4,2,507114017,1,597,-1,1,17,10000
6299,bg_shop_00,,204002,5000,4,2,507114018,1,597,-1,1,18,10000
6300,bg_shop_00,,204002,100,5,2,507114019,1,597,-1,1,19,10000
6301,bg_shop_00,,204002,999,200,2,507114020,1,597,-1,1,20,10000
6302,bg_shop_00,,204002,999,60,2,507114021,1,597,-1,1,21,10000
6303,bg_shop_00,,204002,999,20,2,507114022,1,597,-1,1,22,10000
6304,bg_shop_00,,204002,999,5,2,507114023,1,597,-1,1,23,10000
6305,bg_shop_00,,204002,9999,2,2,507114024,1,597,-1,1,24,10000
6306,bg_shop_00,,204002,999,30,2,507114025,1,597,-1,1,25,10000
6307,bg_shop_00,,204002,999,100,2,507114026,1,597,-1,1,26,10000
6308,bg_shop_00,,204002,999,80,2,507114027,1,597,-1,1,27,10000
6309,bg_shop_00,,401081002,1,1999,2,507115001,1,598,-1,1,1,10000
6310,bg_shop_00,,401081002,1,1999,2,507115002,1,598,-1,1,2,10000
6311,bg_shop_00,,401081002,100,20,2,507115003,1,598,-1,1,3,10000
6312,bg_shop_00,,401081002,1,999,2,507115004,1,598,-1,1,4,10000
6313,bg_shop_00,,401081002,1,200,2,507115005,1,598,-1,1,5,10000
6314,bg_shop_00,,401081002,1,200,2,507115006,1,598,-1,1,6,10000
6315,bg_shop_00,,401081002,1,150,2,507115007,1,598,-1,1,7,10000
6316,bg_shop_00,,401081002,1,150,2,507115008,1,598,-1,1,8,10000
6317,bg_shop_00,,401081002,4,350,2,507115009,1,598,-1,1,9,10000
6318,bg_shop_00,,401081002,4,350,2,507115010,1,598,-1,1,10,10000
6319,bg_shop_00,,401081002,4,350,2,507115011,1,598,-1,1,11,10000
6320,bg_shop_00,,401081002,4,350,2,507115012,1,598,-1,1,12,10000
6321,bg_shop_00,,401081002,4,200,2,507115013,1,598,-1,1,13,10000
6322,bg_shop_00,,401081002,10,60,2,507115014,1,598,-1,1,14,10000
6323,bg_shop_00,,401081002,100,8,2,507115015,1,598,-1,1,15,10000
6324,bg_shop_00,,401081002,1,25,2,507115016,1,598,-1,1,16,10000
6325,bg_shop_00,,401081002,6,65,2,507115017,1,598,-1,1,17,10000
6326,bg_shop_00,,401081002,300,15,2,507115018,1,598,-1,1,18,10000
6327,bg_shop_00,,401081002,20,40,2,507115019,1,598,-1,1,19,10000
6328,bg_shop_00,,401081002,30,15,2,507115020,1,598,-1,1,20,10000
6329,bg_shop_00,,401081002,100,10,2,507115021,1,598,-1,1,21,10000
6330,bg_shop_00,,401081002,300,100,2,507115022,1,598,-1,1,22,10000
6331,bg_shop_00,,401081002,100,15,2,507115023,1,598,-1,1,23,10000
6332,bg_shop_00,,401081002,1000,5,2,507115024,1,598,-1,1,24,10000
6333,bg_shop_00,,401081002,100,75,2,507115025,1,598,-1,1,25,10000
6334,bg_shop_00,,401081002,300,5,2,507115026,1,598,-1,1,26,10000
6335,bg_shop_00,,502301023,1,400,2,506037101,-1,599,-1,1,1,10000
6336,bg_shop_00,,502301023,1,200,2,506037102,-1,599,-1,1,2,10000
6337,bg_shop_00,,502301023,1,400,2,506037103,-1,599,-1,1,3,10000
6338,bg_shop_00,,502301023,1,400,2,506037104,-1,599,-1,1,4,10000
6339,bg_shop_00,,502301023,10,30,2,506037105,-1,599,-1,1,5,10000
6340,bg_shop_00,,502301023,10,20,2,506037106,-1,599,-1,1,6,10000
6341,bg_shop_00,,502301023,300,2,2,506037107,-1,599,-1,1,7,10000
6342,bg_shop_00,,502301023,500,1,2,506037108,-1,599,-1,1,8,10000
6343,bg_shop_00,,502301023,500,1,2,506037109,-1,599,-1,1,9,10000
6344,bg_shop_00,,502301023,500,1,2,506037110,-1,599,-1,1,10,10000
6345,bg_shop_00,,204002,20,300,2,507223001,-1,600,-1,1,1,10000
6346,bg_shop_00,,204002,20,300,2,507223002,-1,600,-1,1,2,10000
6347,bg_shop_00,,204002,200,30,2,507223003,-1,600,-1,1,3,10000
6348,bg_shop_00,,204002,20,100,2,507223004,-1,600,-1,1,4,10000
6349,bg_shop_00,,204002,10,200,2,507223005,-1,600,-1,1,5,10000
6350,bg_shop_00,,204002,20,60,2,507223006,-1,600,-1,1,6,10000
6351,bg_shop_00,,204002,100,20,2,507223007,-1,600,-1,1,7,10000
6352,bg_shop_00,,204002,999,5,2,507223008,-1,600,-1,1,8,10000
6353,bg_shop_00,,204002,999,2,2,507223009,-1,600,-1,1,9,10000
6354,bg_shop_00,,204002,999,5,2,507223010,-1,600,-1,1,10,10000
6355,bg_shop_00,,204002,999,60,2,507223011,-1,600,-1,1,11,10000
6356,bg_shop_00,,204002,999,20,2,507223012,-1,600,-1,1,12,10000
6357,bg_shop_00,,507220002,100,20,2,507230201,-1,601,-1,1,1,10000
6358,bg_shop_00,,507220002,1,999,2,507230202,-1,601,-1,1,2,10000
6359,bg_shop_00,,507220002,4,200,2,507230203,-1,601,-1,1,3,10000
6360,bg_shop_00,,507220002,4,200,2,507230204,-1,601,-1,1,4,10000
636001,bg_shop_00,,507220002,1,200,2,506190003,-1,601,-1,1,5,10000
636002,bg_shop_00,,507220002,1,200,2,507300001,-1,601,-1,1,6,10000
6361,bg_shop_00,,507220002,200,15,2,507230205,-1,601,-1,1,7,10000
6362,bg_shop_00,,507220002,200,10,2,507230206,-1,601,-1,1,8,10000
6363,bg_shop_00,,507220002,2,300,2,507230207,-1,601,-1,1,9,10000
6364,bg_shop_00,,507220002,400,12,2,507230208,-1,601,-1,1,10,10000
6365,bg_shop_00,,507220002,2,300,2,507230209,-1,601,-1,1,11,10000
6366,bg_shop_00,,507220002,30,400,2,507230210,-1,601,-1,1,12,10000
6367,bg_shop_00,,507220002,8,200,2,507230211,-1,601,-1,1,13,10000
6368,bg_shop_00,,507220002,200,5,2,507230212,-1,601,-1,1,14,10000
6369,bg_shop_00,,507220002,50,15,2,507230213,-1,601,-1,1,15,10000
6370,bg_shop_00,,507220002,300,10,2,507230214,-1,601,-1,1,16,10000
6371,bg_shop_00,,507220002,500,1,2,507230215,-1,601,-1,1,17,10000
6372,bg_shop_00,,507220002,1000,1,2,507230216,-1,601,-1,1,18,10000
6373,bg_shop_00,,507220002,100,20,2,507230301,-1,602,-1,1,1,10000
6374,bg_shop_00,,507220002,1,999,2,507230302,-1,602,-1,1,2,10000
6375,bg_shop_00,,507220002,4,200,2,507230303,-1,602,-1,1,3,10000
6376,bg_shop_00,,507220002,4,200,2,507230304,-1,602,-1,1,4,10000
637601,bg_shop_00,,507220002,1,200,2,506190003,-1,602,-1,1,5,10000
637602,bg_shop_00,,507220002,1,200,2,507300001,-1,602,-1,1,6,10000
6377,bg_shop_00,,507220002,200,15,2,507230305,-1,602,-1,1,7,10000
6378,bg_shop_00,,507220002,200,10,2,507230306,-1,602,-1,1,8,10000
6379,bg_shop_00,,507220002,2,300,2,507230307,-1,602,-1,1,9,10000
6380,bg_shop_00,,507220002,400,12,2,507230308,-1,602,-1,1,10,10000
6381,bg_shop_00,,507220002,2,300,2,507230309,-1,602,-1,1,11,10000
6382,bg_shop_00,,507220002,30,400,2,507230310,-1,602,-1,1,12,10000
6383,bg_shop_00,,507220002,20,90,2,507230311,-1,602,-1,1,13,10000
6384,bg_shop_00,,507220002,50,30,2,507230312,-1,602,-1,1,14,10000
6385,bg_shop_00,,507220002,200,5,2,507230313,-1,602,-1,1,15,10000
6386,bg_shop_00,,507220002,50,15,2,507230314,-1,602,-1,1,16,10000
6387,bg_shop_00,,507220002,300,10,2,507230315,-1,602,-1,1,17,10000
6388,bg_shop_00,,507220002,500,1,2,507230316,-1,602,-1,1,18,10000
6389,bg_shop_00,,507220002,1000,1,2,507230317,-1,602,-1,1,19,10000
6390,bg_shop_00,,507220005,1,500,2,507230401,-1,603,-1,1,1,10000
6391,bg_shop_00,,507220005,5,100,2,507230402,-1,603,-1,1,2,10000
6392,bg_shop_00,,507220005,4,500,2,507230403,-1,603,-1,1,3,10000
6393,bg_shop_00,,507220005,1,300,2,507230404,-1,603,-1,1,4,10000
6394,bg_shop_00,,507220005,2,100,2,507230405,-1,603,-1,1,5,10000
6395,bg_shop_00,,507220005,50,50,2,507230406,-1,603,-1,1,6,10000
6396,bg_shop_00,,507220005,1,400,2,507230407,-1,603,-1,1,7,10000
6397,bg_shop_00,,507220005,3,100,2,507230408,-1,603,-1,1,8,10000
6398,bg_shop_00,,507220005,2,800,2,507230409,-1,603,-1,1,9,10000
6399,bg_shop_00,,507220005,2,800,2,507230410,-1,603,-1,1,10,10000
6400,bg_shop_00,,507220005,2,800,2,507230411,-1,603,-1,1,11,10000
6401,bg_shop_00,,507220005,2,200,2,507230412,-1,603,-1,1,12,10000
6402,bg_shop_00,,507220005,2,200,2,507230413,-1,603,-1,1,13,10000
6403,bg_shop_00,,507220005,2000,1,2,507230414,-1,603,-1,1,14,10000
6404,bg_shop_00,,507010001,100,30,2,503075101,1,604,-1,1,1,10000
6405,bg_shop_00,,507010001,100,30,2,503075102,1,604,-1,1,2,10000
6406,bg_shop_00,,507010001,100,30,2,503075103,1,604,-1,1,3,10000
6407,bg_shop_00,,507010001,100,30,2,503075104,1,604,-1,1,4,10000
6408,bg_shop_00,,507010001,100,30,2,503075105,1,604,-1,1,5,10000
6409,bg_shop_00,,507010001,20,100,2,503075106,1,604,-1,1,6,10000
640901,bg_shop_00,,507010001,200,30,2,601226104,1,604,-1,1,7,10000
6410,bg_shop_00,,507010001,200,30,2,503075107,1,604,-1,1,8,10000
6411,bg_shop_00,,507010001,9,600,2,503075108,1,604,-1,1,9,10000
6412,bg_shop_00,,507010001,800,30,2,503075109,1,604,-1,1,10,10000
6413,bg_shop_00,,507010001,3,300,2,503075110,1,604,-1,1,11,10000
641301,bg_shop_00,,507010001,3,100,2,411078006,1,604,-1,1,12,10000
641302,bg_shop_00,,507010001,3,30,2,411078007,1,604,-1,1,13,10000
6414,bg_shop_00,,507010001,100,6,2,503075111,1,604,-1,1,14,10000
6415,bg_shop_00,,507010001,500,4,2,503075112,1,604,-1,1,15,10000
6416,bg_shop_00,,507010001,5000,4,2,503075113,1,604,-1,1,16,10000
6417,bg_shop_00,,507010001,100,5,2,503075114,1,604,-1,1,17,10000
6418,bg_shop_00,,507010001,50,5,2,503075115,1,604,-1,1,18,10000
6419,bg_shop_00,,507010001,999,200,2,503075116,1,604,-1,1,19,10000
6420,bg_shop_00,,507010001,999,60,2,503075117,1,604,-1,1,20,10000
6421,bg_shop_00,,507010001,999,20,2,503075118,1,604,-1,1,21,10000
6422,bg_shop_00,,507010001,999,5,2,503075119,1,604,-1,1,22,10000
6423,bg_shop_00,,507010001,9999,2,2,503075120,1,604,-1,1,23,10000
6424,bg_shop_00,,507010001,999,30,2,503075121,1,604,-1,1,24,10000
6425,bg_shop_00,,507010001,999,100,2,503075122,1,604,-1,1,25,10000
6426,bg_shop_00,,507010001,999,80,2,503075123,1,604,-1,1,26,10000
6427,bg_shop_00,,507010001,1,150,2,501163001,1,605,1,1,10,10000
6428,bg_shop_00,,507010001,200,30,2,501163002,1,605,-1,1,20,10000
642801,bg_shop_00,,507010001,200,10,2,604246001,1,605,-1,1,30,10000
6429,bg_shop_00,,507010001,200,10,2,501163003,1,605,-1,1,40,10000
642901,bg_shop_00,,507010001,200,7,2,601130001,1,605,-1,1,50,10000
6430,bg_shop_00,,507010001,3,350,2,501163004,1,605,-1,1,60,10000
6431,bg_shop_00,,507010001,1,350,2,505224004,1,605,-1,1,70,10000
6432,bg_shop_00,,507010001,1,2000,2,501163005,1,605,-1,1,80,10000
6433,bg_shop_00,,507010001,1,2000,2,501163006,1,605,-1,1,90,10000
6434,bg_shop_00,,507010001,1,2000,2,501163007,1,605,-1,1,100,10000
6435,bg_shop_00,,507010001,1,2000,2,501163008,1,605,-1,1,110,10000
6436,bg_shop_00,,507010001,3,200,2,501163009,1,605,-1,1,120,10000
6437,bg_shop_00,,507010001,3,250,2,501163010,1,605,-1,1,130,10000
6438,bg_shop_00,,507010001,3,350,2,501163011,1,605,-1,1,140,10000
6439,bg_shop_00,,507010001,3,350,2,501163012,1,605,-1,1,150,10000
6440,bg_shop_00,,507010001,4,450,2,501163013,1,605,-1,1,160,10000
6441,bg_shop_00,,507010001,8,250,2,501163014,1,605,-1,1,170,10000
6442,bg_shop_00,,507010001,20,100,2,501163015,1,605,-1,1,180,10000
644201,bg_shop_00,,507010001,999,10,2,603200001,1,605,-1,1,190,10000
6443,bg_shop_00,,507010001,999,200,2,501163016,1,605,-1,1,200,10000
6444,bg_shop_00,,507010001,999,50,2,501163017,1,605,-1,1,210,10000
6445,bg_shop_00,,507010001,999,10,2,501163018,1,605,-1,1,220,10000
6446,bg_shop_00,,401081002,1,1999,2,507258201,1,606,-1,1,1,10000
644601,bg_shop_00,,401081002,1,1999,2,410300402,1,606,-1,1,2,10000
644602,bg_shop_00,,401081002,100,20,2,508014103,1,610,-1,1,3,10000
6447,bg_shop_00,,401081002,1,1999,2,507258202,1,606,-1,1,4,10000
6448,bg_shop_00,,401081002,1,999,2,507258203,1,606,-1,1,5,10000
6449,bg_shop_00,,401081002,1,200,2,507258204,1,606,-1,1,6,10000
6450,bg_shop_00,,401081002,4,350,2,507258205,1,606,-1,1,7,10000
6451,bg_shop_00,,401081002,10,60,2,507258206,1,606,-1,1,8,10000
6452,bg_shop_00,,401081002,100,20,2,507258207,1,606,-1,1,9,10000
6453,bg_shop_00,,401081002,100,8,2,507258208,1,606,-1,1,10,10000
6454,bg_shop_00,,401081002,1,25,2,507258209,1,606,-1,1,11,10000
6455,bg_shop_00,,401081002,6,65,2,507258210,1,606,-1,1,12,10000
6456,bg_shop_00,,401081002,300,15,2,507258211,1,606,-1,1,13,10000
6457,bg_shop_00,,401081002,20,40,2,507258212,1,606,-1,1,14,10000
6458,bg_shop_00,,401081002,30,15,2,507258213,1,606,-1,1,15,10000
6459,bg_shop_00,,401081002,100,10,2,507258214,1,606,-1,1,16,10000
6460,bg_shop_00,,401081002,300,100,2,507258215,1,606,-1,1,17,10000
6461,bg_shop_00,,401081002,100,15,2,507258216,1,606,-1,1,18,10000
6462,bg_shop_00,,401081002,1000,5,2,507258217,1,606,-1,1,19,10000
6463,bg_shop_00,,401081002,100,75,2,507258218,1,606,-1,1,20,10000
6464,bg_shop_00,,401081002,300,5,2,507258219,1,606,-1,1,21,10000
6465,bg_shop_00,,401250002,20,1200,2,507316201,-1,607,-1,1,1,10000
6466,bg_shop_00,,401250002,20,1200,2,507316202,-1,607,-1,1,2,10000
6467,bg_shop_00,,401250002,20,1200,2,507316203,-1,607,-1,1,3,10000
6468,bg_shop_00,,401250002,20,400,2,507316204,-1,607,-1,1,4,10000
6469,bg_shop_00,,401250002,200,120,2,507316205,-1,607,-1,1,5,10000
6470,bg_shop_00,,401250002,9,2400,2,507316206,-1,607,-1,1,6,10000
6471,bg_shop_00,,401250002,800,120,2,507316207,-1,607,-1,1,7,10000
6472,bg_shop_00,,401250002,3,1200,2,507316208,-1,607,-1,1,8,10000
6473,bg_shop_00,,401250002,100,24,2,507316209,-1,607,-1,1,9,10000
6474,bg_shop_00,,401250002,500,16,2,507316210,-1,607,-1,1,10,10000
6475,bg_shop_00,,401250002,5000,16,2,507316211,-1,607,-1,1,11,10000
6476,bg_shop_00,,401250002,100,20,2,507316212,-1,607,-1,1,12,10000
6477,bg_shop_00,,401250002,100,20,2,507316213,-1,607,-1,1,13,10000
6478,bg_shop_00,,401250002,10,800,2,507316214,-1,607,-1,1,14,10000
6479,bg_shop_00,,401250002,20,240,2,507316215,-1,607,-1,1,15,10000
6480,bg_shop_00,,401250002,100,80,2,507316216,-1,607,-1,1,16,10000
6481,bg_shop_00,,401250002,999,20,2,507316217,-1,607,-1,1,17,10000
6482,bg_shop_00,,401250002,9999,8,2,507316218,-1,607,-1,1,18,10000
6483,bg_shop_00,,401250002,999,20,2,507316219,-1,607,-1,1,19,10000
6484,bg_shop_00,,401250002,999,240,2,507316220,-1,607,-1,1,20,10000
6485,bg_shop_00,,401250002,999,80,2,507316221,-1,607,-1,1,21,10000
6486,bg_shop_00,,401250002,20,1200,2,508013612,-1,608,-1,1,1,10000
6487,bg_shop_00,,401250002,20,1200,2,508013613,-1,608,-1,1,2,10000
6488,bg_shop_00,,401250002,200,120,2,508013614,-1,608,-1,1,3,10000
6489,bg_shop_00,,401250002,200,120,2,508013615,-1,608,-1,1,4,10000
6490,bg_shop_00,,401250002,20,400,2,508013616,-1,608,-1,1,5,10000
6491,bg_shop_00,,401250002,10,800,2,508013617,-1,608,-1,1,6,10000
6492,bg_shop_00,,401250002,20,240,2,508013618,-1,608,-1,1,7,10000
6493,bg_shop_00,,401250002,100,80,2,508013619,-1,608,-1,1,8,10000
6494,bg_shop_00,,401250002,999,20,2,508013620,-1,608,-1,1,9,10000
6495,bg_shop_00,,401250002,999,8,2,508013621,-1,608,-1,1,10,10000
6496,bg_shop_00,,401250002,999,20,2,508013622,-1,608,-1,1,11,10000
6497,bg_shop_00,,401250002,999,240,2,508013623,-1,608,-1,1,12,10000
6498,bg_shop_00,,401250002,999,80,2,508013624,-1,608,-1,1,12,10000
6499,bg_shop_00,,204002,100,30,2,508014003,1,609,-1,1,1,10000
6500,bg_shop_00,,204002,100,30,2,508014004,1,609,-1,1,2,10000
6501,bg_shop_00,,204002,100,30,2,508014005,1,609,-1,1,3,10000
6502,bg_shop_00,,204002,20,100,2,508014006,1,609,-1,1,4,10000
6503,bg_shop_00,,204002,9,600,2,508014007,1,609,-1,1,5,10000
6504,bg_shop_00,,204002,800,30,2,508014008,1,609,-1,1,6,10000
6505,bg_shop_00,,204002,3,300,2,508014009,1,609,-1,1,7,10000
6506,bg_shop_00,,204002,100,6,2,508014010,1,609,-1,1,8,10000
6507,bg_shop_00,,204002,500,4,2,508014011,1,609,-1,1,9,10000
6508,bg_shop_00,,204002,5000,4,2,508014012,1,609,-1,1,10,10000
6509,bg_shop_00,,204002,100,5,2,508014013,1,609,-1,1,11,10000
6510,bg_shop_00,,204002,50,5,2,508014014,1,609,-1,1,12,10000
6511,bg_shop_00,,204002,999,200,2,508014015,1,609,-1,1,13,10000
6512,bg_shop_00,,204002,999,60,2,508014016,1,609,-1,1,14,10000
6513,bg_shop_00,,204002,999,20,2,508014017,1,609,-1,1,15,10000
6514,bg_shop_00,,204002,999,5,2,508014018,1,609,-1,1,16,10000
6515,bg_shop_00,,204002,9999,2,2,508014019,1,609,-1,1,17,10000
6516,bg_shop_00,,204002,999,30,2,508014020,1,609,-1,1,18,10000
6517,bg_shop_00,,204002,999,100,2,508014021,1,609,-1,1,19,10000
6518,bg_shop_00,,204002,999,80,2,508014022,1,609,-1,1,20,10000
6519,bg_shop_00,,401081002,1,1999,2,508014101,1,610,-1,1,1,10000
6520,bg_shop_00,,401081002,1,1999,2,508014102,1,610,-1,1,2,10000
6521,bg_shop_00,,401081002,100,20,2,508014103,1,610,-1,1,3,10000
6522,bg_shop_00,,401081002,1,999,2,508014104,1,610,-1,1,4,10000
6523,bg_shop_00,,401081002,1,200,2,508014105,1,610,-1,1,5,10000
6524,bg_shop_00,,401081002,1,200,2,508014106,1,610,-1,1,6,10000
6525,bg_shop_00,,401081002,1,200,2,508014107,1,610,-1,1,7,10000
6526,bg_shop_00,,401081002,1,150,2,508014108,1,610,-1,1,8,10000
6527,bg_shop_00,,401081002,1,150,2,508014109,1,610,-1,1,9,10000
6528,bg_shop_00,,401081002,4,350,2,508014110,1,610,-1,1,10,10000
6529,bg_shop_00,,401081002,4,350,2,508014111,1,610,-1,1,11,10000
6530,bg_shop_00,,401081002,4,350,2,508014112,1,610,-1,1,12,10000
6531,bg_shop_00,,401081002,4,350,2,508014113,1,610,-1,1,13,10000
6532,bg_shop_00,,401081002,4,350,2,508014114,1,610,-1,1,14,10000
6533,bg_shop_00,,401081002,4,200,2,508014115,1,610,-1,1,15,10000
6534,bg_shop_00,,401081002,10,60,2,508014116,1,610,-1,1,16,10000
6535,bg_shop_00,,401081002,100,8,2,508014117,1,610,-1,1,17,10000
6536,bg_shop_00,,401081002,1,25,2,508014118,1,610,-1,1,18,10000
6537,bg_shop_00,,401081002,6,65,2,508014119,1,610,-1,1,19,10000
6538,bg_shop_00,,401081002,300,15,2,508014120,1,610,-1,1,20,10000
6539,bg_shop_00,,401081002,20,40,2,508014121,1,610,-1,1,21,10000
6540,bg_shop_00,,401081002,30,15,2,508014122,1,610,-1,1,22,10000
6541,bg_shop_00,,401081002,100,10,2,508014123,1,610,-1,1,23,10000
6542,bg_shop_00,,401081002,300,100,2,508014124,1,610,-1,1,24,10000
6543,bg_shop_00,,401081002,100,15,2,508014125,1,610,-1,1,25,10000
6544,bg_shop_00,,401081002,1000,5,2,508014126,1,610,-1,1,20,10000
6545,bg_shop_00,,401081002,100,75,2,508014127,1,610,-1,1,21,10000
6546,bg_shop_00,,401081002,300,5,2,508014128,1,610,-1,1,22,10000
6547,bg_shop_00,,401081002,100,20,2,506056202,1,611,-1,1,1,10000
6548,bg_shop_00,,401081002,1,1999,2,409250001,1,611,-1,1,2,10000
654801,bg_shop_00,,401081002,1,200,2,508076201,1,611,-1,0,3,10000
6549,bg_shop_00,,401081002,1,1999,2,503075202,1,611,-1,1,4,10000
6550,bg_shop_00,,401081002,1,999,2,503075203,1,611,-1,1,5,10000
6551,bg_shop_00,,401081002,1,200,2,503075204,1,611,-1,1,6,10000
6552,bg_shop_00,,401081002,4,350,2,503075205,1,611,-1,1,7,10000
6553,bg_shop_00,,401081002,10,60,2,503075206,1,611,-1,1,8,10000
6554,bg_shop_00,,401081002,1,25,2,503075207,1,611,-1,1,9,10000
6555,bg_shop_00,,401081002,100,20,2,506190008,1,611,-1,1,10,10000
6556,bg_shop_00,,401081002,100,8,2,503075208,1,611,-1,1,11,10000
6557,bg_shop_00,,401081002,6,65,2,503075209,1,611,-1,1,12,10000
6558,bg_shop_00,,401081002,300,15,2,503075210,1,611,-1,1,13,10000
6559,bg_shop_00,,401081002,20,40,2,503075211,1,611,-1,1,14,10000
6560,bg_shop_00,,401081002,30,15,2,503075212,1,611,-1,1,15,10000
6561,bg_shop_00,,401081002,100,10,2,503075213,1,611,-1,1,16,10000
6562,bg_shop_00,,401081002,300,100,2,503075214,1,611,-1,1,17,10000
6563,bg_shop_00,,401081002,100,15,2,503075215,1,611,-1,1,18,10000
6564,bg_shop_00,,401081002,1000,5,2,503075216,1,611,-1,1,19,10000
6565,bg_shop_00,,401081002,100,75,2,503075217,1,611,-1,1,20,10000
6566,bg_shop_00,,401081002,300,5,2,503075218,1,611,-1,1,21,10000
6567,bg_shop_00,,204002,20,300,2,508053011,-1,612,-1,1,1,10000
6568,bg_shop_00,,204002,20,300,2,508053012,-1,612,-1,1,2,10000
6569,bg_shop_00,,204002,20,300,2,508053013,-1,612,-1,1,3,10000
6570,bg_shop_00,,204002,2,1500,2,508053014,-1,612,-1,1,4,10000
6571,bg_shop_00,,204002,2,1500,2,508053015,-1,612,-1,1,5,10000
6572,bg_shop_00,,204002,2,1500,2,508053016,-1,612,-1,1,6,10000
6573,bg_shop_00,,204002,2,1500,2,508053017,-1,612,-1,1,7,10000
6574,bg_shop_00,,204002,20,100,2,508053018,-1,612,-1,1,8,10000
6575,bg_shop_00,,204002,10,200,2,508053019,-1,612,-1,1,9,10000
6576,bg_shop_00,,204002,20,60,2,508053020,-1,612,-1,1,10,10000
6577,bg_shop_00,,204002,100,20,2,508053021,-1,612,-1,1,11,10000
6578,bg_shop_00,,204002,999,5,2,508053022,-1,612,-1,1,12,10000
6579,bg_shop_00,,204002,999,2,2,508053023,-1,612,-1,1,13,10000
6580,bg_shop_00,,204002,999,5,2,508053024,-1,612,-1,1,14,10000
6581,bg_shop_00,,204002,999,60,2,508053025,-1,612,-1,1,15,10000
6582,bg_shop_00,,204002,999,20,2,508053026,-1,612,-1,1,16,10000
6583,bg_shop_00,,401250002,20,1200,2,508064012,-1,613,-1,1,1,10000
6584,bg_shop_00,,401250002,200,120,2,508064013,-1,613,-1,1,2,10000
6585,bg_shop_00,,401250002,200,120,2,508064014,-1,613,-1,1,3,10000
6586,bg_shop_00,,401250002,200,120,2,508064015,-1,613,-1,1,4,10000
6587,bg_shop_00,,401250002,9,2400,2,508064016,-1,613,-1,1,5,10000
6588,bg_shop_00,,401250002,2,6000,2,508064017,-1,613,-1,1,6,10000
6589,bg_shop_00,,401250002,2,6000,2,508064018,-1,613,-1,1,7,10000
6590,bg_shop_00,,401250002,2,6000,2,508064019,-1,613,-1,1,8,10000
6591,bg_shop_00,,401250002,2,6000,2,508064020,-1,613,-1,1,9,10000
6592,bg_shop_00,,401250002,20,400,2,508064021,-1,613,-1,1,10,10000
6593,bg_shop_00,,401250002,10,800,2,508064022,-1,613,-1,1,11,10000
6594,bg_shop_00,,401250002,20,240,2,508064023,-1,613,-1,1,12,10000
6595,bg_shop_00,,401250002,100,80,2,508064024,-1,613,-1,1,13,10000
6596,bg_shop_00,,401250002,999,20,2,508064025,-1,613,-1,1,14,10000
6597,bg_shop_00,,401250002,999,8,2,508064026,-1,613,-1,1,15,10000
6598,bg_shop_00,,401250002,999,20,2,508064027,-1,613,-1,1,16,10000
6599,bg_shop_00,,401250002,999,240,2,508064028,-1,613,-1,1,17,10000
6600,bg_shop_00,,401250002,999,80,2,508064029,-1,613,-1,1,18,10000
6601,bg_shop_00,,406181006,1,16000,2,508064030,-1,614,-1,1,1,10000
6602,bg_shop_00,,406181006,11,800,2,508064031,-1,614,-1,1,2,10000
6603,bg_shop_00,,406181006,11,400,2,508064032,-1,614,-1,1,3,10000
6604,bg_shop_00,,406181006,11,400,2,508064033,-1,614,-1,1,4,10000
6605,bg_shop_00,,406181006,20,900,2,508064034,-1,614,-1,1,5,10000
6606,bg_shop_00,,406181006,100,300,2,508064035,-1,614,-1,1,6,10000
6607,bg_shop_00,,406181006,50,1600,2,508064036,-1,614,-1,1,7,10000
6608,bg_shop_00,,406181006,100,80,2,508064037,-1,614,-1,1,8,10000
6609,bg_shop_00,,406181006,100,100,2,508064038,-1,614,-1,1,9,10000
6610,bg_shop_00,,406181006,1000,100,2,508064039,-1,614,-1,1,10,10000
6611,bg_shop_00,,406181006,1000,150,2,508064040,-1,614,-1,1,11,10000
6612,bg_shop_00,,406181006,1000,100,2,508064041,-1,614,-1,1,12,10000
6613,bg_shop_00,,406181006,1000,10,2,508064042,-1,614,-1,1,13,10000
6614,bg_shop_00,,406181006,1000,100,2,508064043,-1,614,-1,1,14,10000
6615,bg_shop_00,,406181006,1000,20,2,508064044,-1,614,-1,1,15,10000
6616,bg_shop_00,,406181006,1000,20,2,508064045,-1,614,-1,1,16,10000
6617,bg_shop_00,,406181006,1000,15,2,508064046,-1,614,-1,1,17,10000
6618,bg_shop_00,,406181009,5,180,2,508064047,1,615,-1,1,1,10000
6619,bg_shop_00,,406181009,1,300,2,508064048,1,615,-1,1,2,10000
6620,bg_shop_00,,406181009,1,300,2,508064049,1,615,-1,1,3,10000
6621,bg_shop_00,,406181009,2,500,2,508064050,1,615,-1,1,4,10000
6622,bg_shop_00,,406181009,2,500,2,508064051,1,615,-1,1,5,10000
6623,bg_shop_00,,406181009,2,500,2,508064052,1,615,-1,1,6,10000
6624,bg_shop_00,,406181009,2,500,2,508064053,1,615,-1,1,7,10000
6625,bg_shop_00,,406181009,2,500,2,508064054,1,615,-1,1,8,10000
6626,bg_shop_00,,406181009,2,500,2,508064055,1,615,-1,1,9,10000
6627,bg_shop_00,,406181009,2,500,2,508064056,1,615,-1,1,10,10000
6628,bg_shop_00,,406181009,1000,1,2,508064057,1,615,-1,1,11,10000
6629,bg_shop_00,,406181009,1000,1,2,508064058,1,615,-1,1,12,10000
6630,bg_shop_00,,401081002,1,1999,2,508087501,1,616,-1,1,1,10000
6631,bg_shop_00,,401081002,1,1999,2,508087502,1,616,-1,1,2,10000
6632,bg_shop_00,,401081002,100,20,2,508087503,1,616,-1,1,3,10000
6633,bg_shop_00,,401081002,1,999,2,507258203,1,616,-1,1,4,10000
6634,bg_shop_00,,401081002,1,200,2,507258204,1,616,-1,1,5,10000
6635,bg_shop_00,,401081002,4,350,2,507258205,1,616,-1,1,6,10000
6636,bg_shop_00,,401081002,10,60,2,507258206,1,616,-1,1,7,10000
6637,bg_shop_00,,401081002,100,20,2,507258207,1,616,-1,1,8,10000
6638,bg_shop_00,,401081002,100,8,2,507258208,1,616,-1,1,9,10000
6639,bg_shop_00,,401081002,1,25,2,507258209,1,616,-1,1,10,10000
6640,bg_shop_00,,401081002,6,65,2,507258210,1,616,-1,1,11,10000
6641,bg_shop_00,,401081002,300,15,2,507258211,1,616,-1,1,12,10000
6642,bg_shop_00,,401081002,20,40,2,507258212,1,616,-1,1,13,10000
6643,bg_shop_00,,401081002,30,15,2,507258213,1,616,-1,1,14,10000
6644,bg_shop_00,,401081002,100,10,2,507258214,1,616,-1,1,15,10000
6645,bg_shop_00,,401081002,300,100,2,507258215,1,616,-1,1,16,10000
6646,bg_shop_00,,401081002,100,15,2,507258216,1,616,-1,1,17,10000
6647,bg_shop_00,,401081002,1000,5,2,507258217,1,616,-1,1,18,10000
6648,bg_shop_00,,401081002,100,75,2,507258218,1,616,-1,1,19,10000
6649,bg_shop_00,,401081002,300,5,2,507258219,1,616,-1,1,20,10000
6650,bg_shop_00,,401081002,100,20,2,506030001,1,617,-1,1,1,10000
6651,bg_shop_00,,401081002,1,999,2,409250001,1,617,-1,1,1,10000
6652,bg_shop_00,,401081002,1,200,2,508076201,1,617,-1,0,1,10000
6653,bg_shop_00,,401081002,1,999,2,503281001,1,617,-1,1,1,10000
6654,bg_shop_00,,401081002,1,200,2,503281002,1,617,-1,1,2,10000
6655,bg_shop_00,,401081002,1,100,2,503281003,1,617,-1,1,3,10000
6656,bg_shop_00,,401081002,2,400,2,503281004,1,617,-1,1,4,10000
6657,bg_shop_00,,401081002,10,60,2,503281005,1,617,-1,1,5,10000
6658,bg_shop_00,,401081002,100,8,2,503281006,1,617,-1,1,6,10000
6659,bg_shop_00,,401081002,100,15,2,503281007,1,617,-1,1,7,10000
6660,bg_shop_00,,401081002,300,10,2,503281008,1,617,-1,1,8,10000
6661,bg_shop_00,,401081002,200,10,2,503281009,1,617,-1,1,9,10000
6662,bg_shop_00,,401081002,4,300,2,503281010,1,617,-1,1,10,10000
6663,bg_shop_00,,401081002,4,30,2,503281011,1,617,-1,1,11,10000
6664,bg_shop_00,,401081002,20,60,2,503281012,1,617,-1,1,12,10000
6665,bg_shop_00,,401081002,999,30,2,503281013,1,617,-1,1,13,10000
6666,bg_shop_00,,401081002,999,20,2,503281014,1,617,-1,1,14,10000
6667,bg_shop_00,,401081002,999,20,2,503281015,1,617,-1,1,15,10000
6668,bg_shop_00,,401250002,20,1200,2,508156101,-1,618,-1,1,1,10000
6669,bg_shop_00,,401250002,20,1200,2,508156102,-1,618,-1,1,2,10000
6670,bg_shop_00,,401250002,20,1200,2,508156103,-1,618,-1,1,3,10000
6671,bg_shop_00,,401250002,20,1200,2,508156104,-1,618,-1,1,4,10000
6672,bg_shop_00,,401250002,20,1200,2,508156105,-1,618,-1,1,5,10000
6673,bg_shop_00,,401250002,20,400,2,508156106,-1,618,-1,1,6,10000
6674,bg_shop_00,,401250002,200,120,2,508156107,-1,618,-1,1,7,10000
6675,bg_shop_00,,401250002,9,2400,2,508156108,-1,618,-1,1,8,10000
6676,bg_shop_00,,401250002,800,120,2,508156109,-1,618,-1,1,9,10000
6677,bg_shop_00,,401250002,3,1200,2,508156110,-1,618,-1,1,10,10000
6678,bg_shop_00,,401250002,100,24,2,508156111,-1,618,-1,1,11,10000
6679,bg_shop_00,,401250002,500,16,2,508156112,-1,618,-1,1,12,10000
6680,bg_shop_00,,401250002,5000,16,2,508156113,-1,618,-1,1,13,10000
6681,bg_shop_00,,401250002,100,20,2,508156114,-1,618,-1,1,14,10000
6682,bg_shop_00,,401250002,100,20,2,508156115,-1,618,-1,1,15,10000
6683,bg_shop_00,,401250002,10,800,2,508156116,-1,618,-1,1,16,10000
6684,bg_shop_00,,401250002,20,240,2,508156117,-1,618,-1,1,17,10000
6685,bg_shop_00,,401250002,100,80,2,508156118,-1,618,-1,1,18,10000
6686,bg_shop_00,,401250002,999,20,2,508156119,-1,618,-1,1,19,10000
6687,bg_shop_00,,401250002,9999,8,2,508156120,-1,618,-1,1,20,10000
6688,bg_shop_00,,401250002,999,20,2,508156121,-1,618,-1,1,21,10000
6689,bg_shop_00,,401250002,999,240,2,508156122,-1,618,-1,1,22,10000
6690,bg_shop_00,,401250002,999,80,2,508156123,-1,618,-1,1,23,10000
6691,bg_shop_00,,204002,20,300,2,508154001,1,619,-1,1,1,10000
6692,bg_shop_00,,204002,200,30,2,508154002,1,619,-1,1,2,10000
6693,bg_shop_00,,204002,200,30,2,508154003,1,619,-1,1,3,10000
6694,bg_shop_00,,204002,200,30,2,508154004,1,619,-1,1,4,10000
6695,bg_shop_00,,204002,9,600,2,508154005,1,619,-1,1,5,10000
6696,bg_shop_00,,204002,2,1500,2,508154006,1,619,-1,1,6,10000
6697,bg_shop_00,,204002,2,1500,2,508154007,1,619,-1,1,7,10000
6698,bg_shop_00,,204002,2,1500,2,508154008,1,619,-1,1,8,10000
6699,bg_shop_00,,204002,2,1500,2,508154009,1,619,-1,1,9,10000
6700,bg_shop_00,,204002,20,100,2,508154010,1,619,-1,1,10,10000
6701,bg_shop_00,,204002,10,200,2,508154011,1,619,-1,1,11,10000
6702,bg_shop_00,,204002,20,60,2,508154012,1,619,-1,1,12,10000
6703,bg_shop_00,,204002,100,20,2,508154013,1,619,-1,1,13,10000
6704,bg_shop_00,,204002,999,5,2,508154014,1,619,-1,1,14,10000
6705,bg_shop_00,,204002,999,2,2,508154015,1,619,-1,1,15,10000
6706,bg_shop_00,,204002,999,5,2,508154016,1,619,-1,1,16,10000
6707,bg_shop_00,,204002,999,60,2,508154017,1,619,-1,1,17,10000
6708,bg_shop_00,,204002,999,20,2,508154018,1,619,-1,1,18,10000
6709,bg_shop_00,,401081002,1,1999,2,508163001,1,620,-1,1,1,10000
6710,bg_shop_00,,401081002,10,25,2,407105002,1,620,-1,1,2,10000
6711,bg_shop_00,,401081002,6,65,2,407105003,1,620,-1,1,3,10000
6712,bg_shop_00,,401081002,300,15,2,407105004,1,620,-1,1,4,10000
6713,bg_shop_00,,401081002,20,40,2,407105005,1,620,-1,1,5,10000
6714,bg_shop_00,,401081002,300,100,2,407105006,1,620,-1,1,6,10000
6715,bg_shop_00,,401081002,100,15,2,407105007,1,620,-1,1,7,10000
6716,bg_shop_00,,401081002,1000,5,2,407105008,1,620,-1,1,8,10000
6717,bg_shop_00,,401081002,100,75,2,407105009,1,620,-1,1,9,10000
6718,bg_shop_00,,401081002,300,5,2,407105010,1,620,-1,1,10,10000
6719,bg_shop_00,,401081002,1,1999,2,508163002,1,621,-1,1,1,10000
6720,bg_shop_00,,401081002,10,25,2,407105002,1,621,-1,1,2,10000
6721,bg_shop_00,,401081002,6,65,2,407105003,1,621,-1,1,3,10000
6722,bg_shop_00,,401081002,300,15,2,407105004,1,621,-1,1,4,10000
6723,bg_shop_00,,401081002,20,40,2,407105005,1,621,-1,1,5,10000
6724,bg_shop_00,,401081002,300,100,2,407105006,1,621,-1,1,6,10000
6725,bg_shop_00,,401081002,100,15,2,407105007,1,621,-1,1,7,10000
6726,bg_shop_00,,401081002,1000,5,2,407105008,1,621,-1,1,8,10000
6727,bg_shop_00,,401081002,100,75,2,407105009,1,621,-1,1,9,10000
6728,bg_shop_00,,401081002,300,5,2,407105010,1,621,-1,1,10,10000
6729,bg_shop_00,,508183002,9999,2,2,508195001,-1,622,-1,1,1,10000
6730,bg_shop_00,,508183003,9999,2,2,508195001,-1,622,-1,1,2,10000
6731,bg_shop_00,,508183004,9999,2,2,508195001,-1,622,-1,1,3,10000
6732,bg_shop_00,,508183005,9999,2,2,508195001,-1,622,-1,1,4,10000
6733,bg_shop_00,,508183006,9999,2,2,508195001,-1,622,-1,1,4,10000
6734,bg_shop_00,,508183007,9999,2,2,508195001,-1,622,-1,1,5,10000
6735,bg_shop_00,,508183008,9999,2,2,508195001,-1,622,-1,1,6,10000
6736,bg_shop_00,,508183009,9999,2,2,508195001,-1,622,-1,1,7,10000
6737,bg_shop_00,,508120002,1,999,2,508202101,-1,623,-1,1,1,10000
6738,bg_shop_00,,508120002,1,899,2,508202102,-1,623,-1,1,2,10000
6739,bg_shop_00,,508120002,11,300,2,508202103,-1,623,-1,1,3,10000
6740,bg_shop_00,,508120002,11,300,2,508202104,-1,623,-1,1,4,10000
6741,bg_shop_00,,508120002,11,200,2,508202105,-1,623,-1,1,5,10000
6742,bg_shop_00,,508120002,11,200,2,508202106,-1,623,-1,1,6,10000
6743,bg_shop_00,,508120002,11,200,2,508202107,-1,623,-1,1,7,10000
6744,bg_shop_00,,508120002,100,20,2,508202108,-1,623,-1,1,8,10000
6745,bg_shop_00,,508120002,200,15,2,508202109,-1,623,-1,1,9,10000
6746,bg_shop_00,,508120002,200,10,2,508202110,-1,623,-1,1,10,10000
6747,bg_shop_00,,508120002,2,300,2,508202111,-1,623,-1,1,11,10000
6748,bg_shop_00,,508120002,2,300,2,508202112,-1,623,-1,1,12,10000
6749,bg_shop_00,,508120002,30,400,2,508202113,-1,623,-1,1,13,10000
6750,bg_shop_00,,508120002,8,200,2,508202114,-1,623,-1,1,14,10000
6751,bg_shop_00,,508120002,120,5,2,508202115,-1,623,-1,1,15,10000
6752,bg_shop_00,,508120002,50,15,2,508202116,-1,623,-1,1,16,10000
6753,bg_shop_00,,508120002,300,10,2,508202117,-1,623,-1,1,17,10000
6754,bg_shop_00,,508120002,500,1,2,508202118,-1,623,-1,1,18,10000
6755,bg_shop_00,,508120002,1000,1,2,508202119,-1,623,-1,1,19,10000
6756,bg_shop_00,,508120002,1,999,2,508202201,-1,624,-1,1,1,10000
6757,bg_shop_00,,508120002,1,899,2,508202202,-1,624,-1,1,2,10000
6758,bg_shop_00,,508120002,11,300,2,508202203,-1,624,-1,1,3,10000
6759,bg_shop_00,,508120002,11,300,2,508202204,-1,624,-1,1,4,10000
6760,bg_shop_00,,508120002,11,200,2,508202205,-1,624,-1,1,5,10000
6761,bg_shop_00,,508120002,11,200,2,508202206,-1,624,-1,1,6,10000
6762,bg_shop_00,,508120002,11,200,2,508202207,-1,624,-1,1,7,10000
6763,bg_shop_00,,508120002,100,20,2,508202208,-1,624,-1,1,8,10000
6764,bg_shop_00,,508120002,200,15,2,508202209,-1,624,-1,1,9,10000
6765,bg_shop_00,,508120002,200,10,2,508202210,-1,624,-1,1,10,10000
6766,bg_shop_00,,508120002,2,300,2,508202211,-1,624,-1,1,11,10000
6767,bg_shop_00,,508120002,2,300,2,508202212,-1,624,-1,1,12,10000
6768,bg_shop_00,,508120002,30,400,2,508202213,-1,624,-1,1,13,10000
6769,bg_shop_00,,508120002,30,90,2,508202214,-1,624,-1,1,14,10000
6770,bg_shop_00,,508120002,50,30,2,508202215,-1,624,-1,1,15,10000
6771,bg_shop_00,,508120002,120,5,2,508202216,-1,624,-1,1,16,10000
6772,bg_shop_00,,508120002,50,15,2,508202217,-1,624,-1,1,17,10000
6773,bg_shop_00,,508120002,300,10,2,508202218,-1,624,-1,1,18,10000
6774,bg_shop_00,,508120002,500,1,2,508202219,-1,624,-1,1,19,10000
6775,bg_shop_00,,508120002,1000,1,2,508202220,-1,624,-1,1,20,10000
6776,bg_shop_00,,508120008,1,2000,2,508202301,-1,625,-1,1,1,10000
6777,bg_shop_00,,508120008,5,100,2,508202302,-1,625,-1,1,2,10000
6778,bg_shop_00,,508120008,1,500,2,508202303,-1,625,-1,1,3,10000
6779,bg_shop_00,,508120008,2,800,2,508202304,-1,625,-1,1,4,10000
6780,bg_shop_00,,508120008,2,800,2,508202305,-1,625,-1,1,5,10000
6781,bg_shop_00,,508120008,2,800,2,508202306,-1,625,-1,1,6,10000
6782,bg_shop_00,,508120008,1,100,2,508202307,-1,625,-1,1,7,10000
6783,bg_shop_00,,508120008,1,100,2,508202308,-1,625,-1,0,8,10000
6784,bg_shop_00,,508120008,2,100,2,508202309,-1,625,-1,1,9,10000
6785,bg_shop_00,,508120008,50,50,2,508202310,-1,625,-1,1,10,10000
6786,bg_shop_00,,508120008,1,400,2,508202311,-1,625,-1,1,11,10000
6787,bg_shop_00,,508120008,3,100,2,508202312,-1,625,-1,1,12,10000
6788,bg_shop_00,,508120008,5000,1,2,508202313,-1,625,-1,1,13,10000
6789,bg_shop_00,,401081002,100,20,2,506056202,1,626,-1,1,1,10000
6790,bg_shop_00,,401081002,1,1999,2,503075202,1,626,-1,1,2,10000
6791,bg_shop_00,,401081002,1,999,2,503075203,1,626,-1,1,3,10000
6792,bg_shop_00,,401081002,1,200,2,503075204,1,626,-1,1,4,10000
6793,bg_shop_00,,401081002,1,200,2,505155003,1,626,-1,1,5,10000
6794,bg_shop_00,,401081002,4,350,2,503075205,1,626,-1,1,6,10000
6795,bg_shop_00,,401081002,10,60,2,503075206,1,626,-1,1,7,10000
6796,bg_shop_00,,401081002,1,25,2,503075207,1,626,-1,1,8,10000
679601,bg_shop_00,,401081002,999,8,2,603200001,1,626,-1,1,9,10000
6797,bg_shop_00,,401081002,100,20,2,506190008,1,626,-1,1,10,10000
6798,bg_shop_00,,401081002,100,8,2,503075208,1,626,-1,1,11,10000
6799,bg_shop_00,,401081002,6,65,2,503075209,1,626,-1,1,12,10000
6800,bg_shop_00,,401081002,300,15,2,503075210,1,626,-1,1,13,10000
6801,bg_shop_00,,401081002,20,40,2,503075211,1,626,-1,1,14,10000
6802,bg_shop_00,,401081002,30,15,2,503075212,1,626,-1,1,15,10000
6803,bg_shop_00,,401081002,100,10,2,503075213,1,626,-1,1,16,10000
6804,bg_shop_00,,401081002,300,100,2,503075214,1,626,-1,1,17,10000
6805,bg_shop_00,,401081002,100,15,2,503075215,1,626,-1,1,18,10000
6806,bg_shop_00,,401081002,1000,5,2,503075216,1,626,-1,1,19,10000
6807,bg_shop_00,,401081002,100,75,2,503075217,1,626,-1,1,20,10000
6808,bg_shop_00,,401081002,300,5,2,503075218,1,626,-1,1,21,10000
6809,bg_shop_00,,405151001,2000,1,2,506136201,1,627,-1,1,1,10000
6810,bg_shop_00,,405151001,300,4,2,506136202,1,627,-1,1,2,10000
6811,bg_shop_00,,405151001,300,4,2,506136203,1,627,-1,1,3,10000
6812,bg_shop_00,,405151001,50,80,2,506136204,1,627,-1,1,4,10000
6813,bg_shop_00,,405151001,10,15,2,506136205,1,627,-1,1,5,10000
6814,bg_shop_00,,405151001,50,15,2,502111810,1,627,-1,1,6,10000
681401,bg_shop_00,,405151001,999,3,2,603200001,1,627,-1,1,7,10000
6815,bg_shop_00,,405151001,100,5,2,506190108,1,627,-1,1,8,10000
6816,bg_shop_00,,405151001,100,2,2,506136206,1,627,-1,1,9,10000
6817,bg_shop_00,,405151001,50,8,2,503135204,1,627,-1,1,10,10000
6818,bg_shop_00,,405151001,100,2,2,506136208,1,627,-1,1,11,10000
6819,bg_shop_00,,405151001,50,20,2,506136209,1,627,-1,1,12,10000
6820,bg_shop_00,,405151001,50,5,2,506136210,1,627,-1,1,13,10000
6821,bg_shop_00,,405151001,50,20,2,506136211,1,627,-1,1,14,10000
6822,bg_shop_00,,405151001,50,5,2,506136212,1,627,-1,1,15,10000
6823,bg_shop_00,,405151001,10,30,2,506136213,1,627,-1,1,16,10000
6824,bg_shop_00,,405151001,1000,2,2,506136214,1,627,-1,1,17,10000
6825,bg_shop_00,,405151001,500,3,2,506136215,1,627,-1,1,18,10000
6826,bg_shop_00,,405151001,300,2,2,506136216,1,627,-1,1,19,10000
6827,bg_shop_00,,405151001,1000,1,2,506136217,1,627,-1,1,20,10000
6828,bg_shop_00,,401250002,20,1200,2,508233012,-1,628,-1,1,1,10000
6829,bg_shop_00,,401250002,200,120,2,508233013,-1,628,-1,1,2,10000
6830,bg_shop_00,,401250002,200,120,2,508233014,-1,628,-1,1,3,10000
6831,bg_shop_00,,401250002,200,120,2,508233015,-1,628,-1,1,4,10000
6832,bg_shop_00,,401250002,9,2400,2,508233016,-1,628,-1,1,5,10000
6833,bg_shop_00,,401250002,2,6000,2,508233017,-1,628,-1,1,6,10000
6834,bg_shop_00,,401250002,2,6000,2,508233018,-1,628,-1,1,7,10000
6835,bg_shop_00,,401250002,2,6000,2,508233019,-1,628,-1,1,8,10000
6836,bg_shop_00,,401250002,2,6000,2,508233020,-1,628,-1,1,9,10000
6837,bg_shop_00,,401250002,20,400,2,508233021,-1,628,-1,1,10,10000
6838,bg_shop_00,,401250002,10,800,2,508233022,-1,628,-1,1,11,10000
6839,bg_shop_00,,401250002,20,240,2,508233023,-1,628,-1,1,12,10000
6840,bg_shop_00,,401250002,100,80,2,508233024,-1,628,-1,1,13,10000
6841,bg_shop_00,,401250002,999,20,2,508233025,-1,628,-1,1,14,10000
6842,bg_shop_00,,401250002,999,8,2,508233026,-1,628,-1,1,15,10000
6843,bg_shop_00,,401250002,999,20,2,508233027,-1,628,-1,1,16,10000
6844,bg_shop_00,,401250002,999,240,2,508233028,-1,628,-1,1,17,10000
6845,bg_shop_00,,401250002,999,80,2,508233029,-1,628,-1,1,18,10000
6846,bg_shop_00,,204002,100,30,2,508227401,1,629,-1,1,1,10000
6847,bg_shop_00,,204002,100,30,2,508227402,1,629,-1,1,2,10000
6848,bg_shop_00,,204002,100,30,2,508227403,1,629,-1,1,3,10000
6849,bg_shop_00,,204002,20,100,2,508227404,1,629,-1,1,4,10000
6850,bg_shop_00,,204002,200,30,2,508227405,1,629,-1,1,5,10000
6851,bg_shop_00,,204002,9,600,2,508227406,1,629,-1,1,6,10000
6852,bg_shop_00,,204002,800,30,2,508227407,1,629,-1,1,7,10000
6853,bg_shop_00,,204002,3,300,2,508227408,1,629,-1,1,8,10000
6854,bg_shop_00,,204002,100,6,2,508227409,1,629,-1,1,9,10000
6855,bg_shop_00,,204002,500,4,2,508227410,1,629,-1,1,10,10000
6856,bg_shop_00,,204002,5000,4,2,508227411,1,629,-1,1,11,10000
6857,bg_shop_00,,204002,100,5,2,508227412,1,629,-1,1,12,10000
6858,bg_shop_00,,204002,50,5,2,508227413,1,629,-1,1,13,10000
6859,bg_shop_00,,204002,999,200,2,508227414,1,629,-1,1,14,10000
6860,bg_shop_00,,204002,999,60,2,508227415,1,629,-1,1,15,10000
6861,bg_shop_00,,204002,999,20,2,508227416,1,629,-1,1,16,10000
6862,bg_shop_00,,204002,999,5,2,508227417,1,629,-1,1,17,10000
6863,bg_shop_00,,204002,9999,2,2,508227418,1,629,-1,1,18,10000
6864,bg_shop_00,,204002,999,30,2,508227419,1,629,-1,1,19,10000
6865,bg_shop_00,,204002,999,100,2,508227420,1,629,-1,1,20,10000
6866,bg_shop_00,,204002,999,80,2,508227421,1,629,-1,1,21,10000
686601,bg_shop_00,,204002,100,30,2,503075101,1,629,-1,1,22,10000
686602,bg_shop_00,,204002,100,30,2,503075102,1,629,-1,1,23,10000
686603,bg_shop_00,,204002,100,30,2,503075103,1,629,-1,1,24,10000
686604,bg_shop_00,,204002,100,30,2,503075104,1,629,-1,1,25,10000
686605,bg_shop_00,,204002,100,30,2,503075105,1,629,-1,1,26,10000
686606,bg_shop_00,,204002,20,100,2,503075106,1,629,-1,1,27,10000
686607,bg_shop_00,,204002,200,30,2,503075107,1,629,-1,1,28,10000
686608,bg_shop_00,,204002,9,600,2,503075108,1,629,-1,1,29,10000
686609,bg_shop_00,,204002,800,30,2,503075109,1,629,-1,1,30,10000
686610,bg_shop_00,,204002,3,300,2,503075110,1,629,-1,1,31,10000
686611,bg_shop_00,,204002,100,6,2,503075111,1,629,-1,1,32,10000
686612,bg_shop_00,,204002,500,4,2,503075112,1,629,-1,1,33,10000
686613,bg_shop_00,,204002,5000,4,2,503075113,1,629,-1,1,34,10000
686614,bg_shop_00,,204002,100,5,2,503075114,1,629,-1,1,35,10000
686615,bg_shop_00,,204002,50,5,2,503075115,1,629,-1,1,36,10000
686616,bg_shop_00,,204002,999,200,2,503075116,1,629,-1,1,37,10000
686617,bg_shop_00,,204002,999,60,2,503075117,1,629,-1,1,38,10000
686618,bg_shop_00,,204002,999,20,2,503075118,1,629,-1,1,39,10000
686619,bg_shop_00,,204002,999,5,2,503075119,1,629,-1,1,40,10000
686620,bg_shop_00,,204002,9999,2,2,503075120,1,629,-1,1,41,10000
686621,bg_shop_00,,204002,999,30,2,503075121,1,629,-1,1,42,10000
686622,bg_shop_00,,204002,999,100,2,503075122,1,629,-1,1,43,10000
686623,bg_shop_00,,204002,999,80,2,503075123,1,629,-1,1,44,10000
6867,bg_shop_00,,401081002,1,1999,2,508227501,1,630,-1,1,1,10000
6868,bg_shop_00,,401081002,1,1999,2,508227502,1,630,-1,1,2,10000
6869,bg_shop_00,,401081002,100,20,2,508087503,1,630,-1,1,3,10000
6870,bg_shop_00,,401081002,1,999,2,507258203,1,630,-1,1,4,10000
6871,bg_shop_00,,401081002,1,200,2,507258204,1,630,-1,1,5,10000
6872,bg_shop_00,,401081002,1,200,2,505155003,1,630,-1,1,6,10000
6873,bg_shop_00,,401081002,4,350,2,507258205,1,630,-1,1,7,10000
6874,bg_shop_00,,401081002,10,60,2,507258206,1,630,-1,1,8,10000
6875,bg_shop_00,,401081002,100,20,2,507258207,1,630,-1,1,9,10000
6876,bg_shop_00,,401081002,100,8,2,507258208,1,630,-1,1,10,10000
6877,bg_shop_00,,401081002,1,25,2,507258209,1,630,-1,1,11,10000
6878,bg_shop_00,,401081002,6,65,2,507258210,1,630,-1,1,12,10000
6879,bg_shop_00,,401081002,300,15,2,507258211,1,630,-1,1,13,10000
6880,bg_shop_00,,401081002,20,40,2,507258212,1,630,-1,1,14,10000
6881,bg_shop_00,,401081002,30,15,2,507258213,1,630,-1,1,15,10000
6882,bg_shop_00,,401081002,100,10,2,507258214,1,630,-1,1,16,10000
6883,bg_shop_00,,401081002,300,100,2,507258215,1,630,-1,1,17,10000
6884,bg_shop_00,,401081002,100,15,2,507258216,1,630,-1,1,18,10000
6885,bg_shop_00,,401081002,1000,5,2,507258217,1,630,-1,1,19,10000
6886,bg_shop_00,,401081002,100,75,2,507258218,1,630,-1,1,20,10000
6887,bg_shop_00,,401081002,300,5,2,507258219,1,630,-1,1,21,10000
6888,bg_shop_00,,204002,20,300,2,508254007,1,631,-1,1,1,10000
509153001,bg_shop_00,,204002,20,300,2,509153001,1,631,-1,1,1,10000
6889,bg_shop_00,,204002,200,30,2,508254008,1,631,-1,1,2,10000
6890,bg_shop_00,,204002,200,30,2,508254009,1,631,-1,1,3,10000
6891,bg_shop_00,,204002,200,30,2,508254010,1,631,-1,1,4,10000
6892,bg_shop_00,,204002,9,600,2,508254011,1,631,-1,1,5,10000
6893,bg_shop_00,,204002,2,1500,2,508254012,1,631,-1,1,6,10000
6894,bg_shop_00,,204002,2,1500,2,508254013,1,631,-1,1,7,10000
6895,bg_shop_00,,204002,2,1500,2,508254014,1,631,-1,1,8,10000
6896,bg_shop_00,,204002,2,1500,2,508254015,1,631,-1,1,9,10000
6897,bg_shop_00,,204002,20,100,2,508254016,1,631,-1,1,10,10000
6898,bg_shop_00,,204002,10,200,2,508254017,1,631,-1,1,11,10000
6899,bg_shop_00,,204002,20,60,2,508254018,1,631,-1,1,12,10000
6900,bg_shop_00,,204002,100,20,2,508254019,1,631,-1,1,13,10000
6901,bg_shop_00,,204002,999,5,2,508254020,1,631,-1,1,14,10000
6902,bg_shop_00,,204002,999,2,2,508254021,1,631,-1,1,15,10000
6903,bg_shop_00,,204002,999,5,2,508254022,1,631,-1,1,16,10000
6904,bg_shop_00,,204002,999,60,2,508254023,1,631,-1,1,17,10000
6905,bg_shop_00,,204002,999,20,2,508254024,1,631,-1,1,18,10000
6906,bg_shop_00,,401250002,20,1200,2,508274012,-1,632,-1,1,1,10000
509153002,bg_shop_00,,401250002,20,1200,2,509153001,-1,632,-1,1,1,10000
509153003,bg_shop_00,,401250002,20,1200,2,509153002,-1,632,-1,1,1,10000
6907,bg_shop_00,,401250002,200,120,2,508274013,-1,632,-1,1,2,10000
6908,bg_shop_00,,401250002,200,120,2,508274014,-1,632,-1,1,3,10000
6909,bg_shop_00,,401250002,200,120,2,508274015,-1,632,-1,1,4,10000
6910,bg_shop_00,,401250002,9,2400,2,508274016,-1,632,-1,1,5,10000
6911,bg_shop_00,,401250002,2,6000,2,508274017,-1,632,-1,1,6,10000
6912,bg_shop_00,,401250002,2,6000,2,508274018,-1,632,-1,1,7,10000
6913,bg_shop_00,,401250002,2,6000,2,508274019,-1,632,-1,1,8,10000
6914,bg_shop_00,,401250002,2,6000,2,508274020,-1,632,-1,1,9,10000
6915,bg_shop_00,,401250002,20,400,2,508274021,-1,632,-1,1,10,10000
6916,bg_shop_00,,401250002,10,800,2,508274022,-1,632,-1,1,11,10000
6917,bg_shop_00,,401250002,20,240,2,508274023,-1,632,-1,1,12,10000
6918,bg_shop_00,,401250002,100,80,2,508274024,-1,632,-1,1,13,10000
6919,bg_shop_00,,401250002,999,20,2,508274025,-1,632,-1,1,14,10000
6920,bg_shop_00,,401250002,999,8,2,508274026,-1,632,-1,1,15,10000
6921,bg_shop_00,,401250002,999,20,2,508274027,-1,632,-1,1,16,10000
6922,bg_shop_00,,401250002,999,240,2,508274028,-1,632,-1,1,17,10000
6923,bg_shop_00,,401250002,999,80,2,508274029,-1,632,-1,1,18,10000
6924,bg_shop_00,,401081002,1,1999,2,408136001,1,633,-1,1,1,10000
6925,bg_shop_00,,401081002,1,1999,2,401171790,1,633,-1,1,2,10000
6926,bg_shop_00,,401081002,1,999,2,402067702,1,633,-1,1,4,10000
6927,bg_shop_00,,401081002,10,25,2,407105002,1,633,-1,1,5,10000
6928,bg_shop_00,,401081002,6,65,2,407105003,1,633,-1,1,6,10000
6929,bg_shop_00,,401081002,300,15,2,407105004,1,633,-1,1,7,10000
6930,bg_shop_00,,401081002,20,40,2,407105005,1,633,-1,1,8,10000
6931,bg_shop_00,,401081002,300,100,2,407105006,1,633,-1,1,9,10000
6932,bg_shop_00,,401081002,100,15,2,407105007,1,633,-1,1,10,10000
6933,bg_shop_00,,401081002,1000,5,2,407105008,1,633,-1,1,11,10000
6934,bg_shop_00,,401081002,100,75,2,407105009,1,633,-1,1,12,10000
6935,bg_shop_00,,401081002,300,5,2,407105010,1,633,-1,1,13,10000
6936,bg_shop_00,,204002,20,300,2,508284007,1,634,-1,1,1,10000
6937,bg_shop_00,,204002,100,30,2,508284008,1,634,-1,1,2,10000
6938,bg_shop_00,,204002,100,30,2,508284009,1,634,-1,1,3,10000
6939,bg_shop_00,,204002,100,30,2,508284010,1,634,-1,1,4,10000
6940,bg_shop_00,,204002,20,100,2,508284011,1,634,-1,1,5,10000
6941,bg_shop_00,,204002,9,600,2,508284012,1,634,-1,1,6,10000
6942,bg_shop_00,,204002,5,300,2,508284013,1,634,-1,1,7,10000
6943,bg_shop_00,,204002,100,6,2,508284014,1,634,-1,1,8,10000
6944,bg_shop_00,,204002,500,4,2,508284015,1,634,-1,1,9,10000
6945,bg_shop_00,,204002,5000,4,2,508284016,1,634,-1,1,10,10000
6946,bg_shop_00,,204002,100,5,2,508284017,1,634,-1,1,11,10000
6947,bg_shop_00,,204002,50,5,2,508284018,1,634,-1,1,12,10000
6948,bg_shop_00,,204002,10,200,2,508284019,1,634,-1,1,13,10000
6949,bg_shop_00,,204002,20,60,2,508284020,1,634,-1,1,14,10000
6950,bg_shop_00,,204002,100,20,2,508284021,1,634,-1,1,15,10000
6951,bg_shop_00,,204002,999,5,2,508284022,1,634,-1,1,16,10000
6952,bg_shop_00,,204002,999,2,2,508284023,1,634,-1,1,17,10000
6953,bg_shop_00,,204002,999,5,2,508284024,1,634,-1,1,18,10000
6954,bg_shop_00,,204002,999,60,2,508284025,1,634,-1,1,19,10000
6955,bg_shop_00,,204002,999,20,2,508284026,1,634,-1,1,20,10000
6956,bg_shop_00,,401250002,20,1200,2,508296101,-1,635,-1,1,1,10000
6957,bg_shop_00,,401250002,20,1200,2,508296102,-1,635,-1,1,2,10000
6958,bg_shop_00,,401250002,20,1200,2,508296103,-1,635,-1,1,3,10000
6959,bg_shop_00,,401250002,20,400,2,508296104,-1,635,-1,1,4,10000
6960,bg_shop_00,,401250002,200,120,2,508296105,-1,635,-1,1,5,10000
6961,bg_shop_00,,401250002,9,2400,2,508296106,-1,635,-1,1,6,10000
6962,bg_shop_00,,401250002,800,120,2,508296107,-1,635,-1,1,7,10000
6963,bg_shop_00,,401250002,3,1200,2,508296108,-1,635,-1,1,8,10000
6964,bg_shop_00,,401250002,100,24,2,508296109,-1,635,-1,1,9,10000
6965,bg_shop_00,,401250002,500,16,2,508296110,-1,635,-1,1,10,10000
6966,bg_shop_00,,401250002,5000,16,2,508296111,-1,635,-1,1,11,10000
6967,bg_shop_00,,401250002,100,20,2,508296112,-1,635,-1,1,12,10000
6968,bg_shop_00,,401250002,100,20,2,508296113,-1,635,-1,1,13,10000
6969,bg_shop_00,,401250002,10,800,2,508296114,-1,635,-1,1,14,10000
6970,bg_shop_00,,401250002,20,240,2,508296115,-1,635,-1,1,15,10000
6971,bg_shop_00,,401250002,100,80,2,508296116,-1,635,-1,1,16,10000
6972,bg_shop_00,,401250002,999,20,2,508296117,-1,635,-1,1,17,10000
6973,bg_shop_00,,401250002,9999,8,2,508296118,-1,635,-1,1,18,10000
6974,bg_shop_00,,401250002,999,20,2,508296119,-1,635,-1,1,19,10000
6975,bg_shop_00,,401250002,999,240,2,508296120,-1,635,-1,1,20,10000
6976,bg_shop_00,,401250002,999,80,2,508296121,-1,635,-1,1,21,10000
6977,bg_shop_00,,401081002,1,999,2,407255001,1,636,-1,1,1,10000
6978,bg_shop_00,,401081002,10,25,2,407105002,1,636,-1,1,2,10000
6979,bg_shop_00,,401081002,6,65,2,407105003,1,636,-1,1,3,10000
6980,bg_shop_00,,401081002,300,15,2,407105004,1,636,-1,1,4,10000
6981,bg_shop_00,,401081002,20,40,2,407105005,1,636,-1,1,5,10000
6982,bg_shop_00,,401081002,300,100,2,407105006,1,636,-1,1,6,10000
6983,bg_shop_00,,401081002,100,15,2,407105007,1,636,-1,1,7,10000
6984,bg_shop_00,,401081002,1000,5,2,407105008,1,636,-1,1,8,10000
6985,bg_shop_00,,401081002,100,75,2,407105009,1,636,-1,1,9,10000
6986,bg_shop_00,,401081002,300,5,2,407105010,1,636,-1,1,10,10000
6987,bg_shop_00,,401081002,1,1999,2,401171790,1,637,-1,1,1,10000
6988,bg_shop_00,,401081002,1,999,2,407126104,1,637,-1,1,1,10000
6989,bg_shop_00,,401081002,10,25,2,407105002,1,637,-1,1,2,10000
6990,bg_shop_00,,401081002,6,65,2,407105003,1,637,-1,1,3,10000
6991,bg_shop_00,,401081002,300,15,2,407105004,1,637,-1,1,4,10000
6992,bg_shop_00,,401081002,20,40,2,407105005,1,637,-1,1,5,10000
6993,bg_shop_00,,401081002,300,100,2,407105006,1,637,-1,1,6,10000
6994,bg_shop_00,,401081002,100,15,2,407105007,1,637,-1,1,7,10000
6995,bg_shop_00,,401081002,1000,5,2,407105008,1,637,-1,1,8,10000
6996,bg_shop_00,,401081002,100,75,2,407105009,1,637,-1,1,9,10000
6997,bg_shop_00,,401081002,300,5,2,407105010,1,637,-1,1,10,10000
6998,bg_shop_00,,401081002,1,1999,2,508154029,1,638,-1,1,1,10000
6999,bg_shop_00,,401081002,10,25,2,407105002,1,638,-1,1,2,10000
7000,bg_shop_00,,401081002,6,65,2,407105003,1,638,-1,1,3,10000
7001,bg_shop_00,,401081002,300,15,2,407105004,1,638,-1,1,4,10000
7002,bg_shop_00,,401081002,20,40,2,407105005,1,638,-1,1,5,10000
7003,bg_shop_00,,401081002,300,100,2,407105006,1,638,-1,1,6,10000
7004,bg_shop_00,,401081002,100,15,2,407105007,1,638,-1,1,7,10000
7005,bg_shop_00,,401081002,1000,5,2,407105008,1,638,-1,1,8,10000
7006,bg_shop_00,,401081002,100,75,2,407105009,1,638,-1,1,9,10000
7007,bg_shop_00,,401081002,300,5,2,407105010,1,638,-1,1,10,10000
7008,bg_shop_00,,401081002,1,1999,2,507115002,1,639,-1,1,1,10000
7009,bg_shop_00,,401081002,1,1999,2,508163001,1,639,-1,1,1,10000
7010,bg_shop_00,,401081002,10,25,2,407105002,1,639,-1,1,2,10000
7011,bg_shop_00,,401081002,6,65,2,407105003,1,639,-1,1,3,10000
7012,bg_shop_00,,401081002,300,15,2,407105004,1,639,-1,1,4,10000
7013,bg_shop_00,,401081002,20,40,2,407105005,1,639,-1,1,5,10000
7014,bg_shop_00,,401081002,300,100,2,407105006,1,639,-1,1,6,10000
7015,bg_shop_00,,401081002,100,15,2,407105007,1,639,-1,1,7,10000
7016,bg_shop_00,,401081002,1000,5,2,407105008,1,639,-1,1,8,10000
7017,bg_shop_00,,401081002,100,75,2,407105009,1,639,-1,1,9,10000
7018,bg_shop_00,,401081002,300,5,2,407105010,1,639,-1,1,10,10000
7019,bg_shop_00,,204002,200,30,2,509053008,1,640,-1,1,1,10000
7020,bg_shop_00,,204002,200,30,2,509053009,1,640,-1,1,2,10000
7021,bg_shop_00,,204002,200,30,2,509053010,1,640,-1,1,3,10000
7022,bg_shop_00,,204002,200,30,2,509053011,1,640,-1,1,4,10000
7023,bg_shop_00,,204002,200,30,2,509053012,1,640,-1,1,5,10000
7024,bg_shop_00,,204002,200,30,2,509053013,1,640,-1,1,6,10000
7025,bg_shop_00,,204002,2,1500,2,509053014,1,640,-1,1,7,10000
7026,bg_shop_00,,204002,2,1500,2,509053015,1,640,-1,1,8,10000
7027,bg_shop_00,,204002,2,1500,2,509053016,1,640,-1,1,9,10000
7028,bg_shop_00,,204002,2,1500,2,509053017,1,640,-1,1,10,10000
7029,bg_shop_00,,204002,20,100,2,509053018,1,640,-1,1,11,10000
7030,bg_shop_00,,204002,10,200,2,509053019,1,640,-1,1,12,10000
7031,bg_shop_00,,204002,20,60,2,509053020,1,640,-1,1,13,10000
7032,bg_shop_00,,204002,100,20,2,509053021,1,640,-1,1,14,10000
7033,bg_shop_00,,204002,999,5,2,509053022,1,640,-1,1,15,10000
7034,bg_shop_00,,204002,999,2,2,509053023,1,640,-1,1,16,10000
7035,bg_shop_00,,204002,999,5,2,509053024,1,640,-1,1,17,10000
7036,bg_shop_00,,204002,999,60,2,509053025,1,640,-1,1,18,10000
7037,bg_shop_00,,204002,999,20,2,509053026,1,640,-1,1,19,10000
7038,bg_shop_00,,401081002,1,5000,2,509058001,1,641,-1,1,1,10000
7039,bg_shop_00,,401081002,1,5000,2,509058002,1,641,-1,1,2,10000
7040,bg_shop_00,,401081002,100,20,2,509058003,1,641,-1,1,3,10000
7041,bg_shop_00,,401081002,1,999,2,509058004,1,641,-1,1,4,10000
7042,bg_shop_00,,401081002,1,200,2,509058005,1,641,-1,1,5,10000
7043,bg_shop_00,,401081002,1,200,2,509058006,1,641,-1,1,6,10000
7044,bg_shop_00,,401081002,4,350,2,509058007,1,641,-1,1,7,10000
7045,bg_shop_00,,401081002,10,60,2,509058008,1,641,-1,1,8,10000
7046,bg_shop_00,,401081002,100,20,2,509058009,1,641,-1,1,9,10000
7047,bg_shop_00,,401081002,100,8,2,509058010,1,641,-1,1,10,10000
7048,bg_shop_00,,401081002,1,25,2,509058011,1,641,-1,1,11,10000
7049,bg_shop_00,,401081002,6,65,2,509058012,1,641,-1,1,12,10000
7050,bg_shop_00,,401081002,300,15,2,509058013,1,641,-1,1,13,10000
7051,bg_shop_00,,401081002,20,40,2,509058014,1,641,-1,1,14,10000
7052,bg_shop_00,,401081002,30,15,2,509058015,1,641,-1,1,15,10000
7053,bg_shop_00,,401081002,100,10,2,509058016,1,641,-1,1,16,10000
7054,bg_shop_00,,401081002,300,100,2,509058017,1,641,-1,1,17,10000
7055,bg_shop_00,,401081002,100,15,2,509058018,1,641,-1,1,18,10000
7056,bg_shop_00,,401081002,1000,5,2,509058019,1,641,-1,1,19,10000
7057,bg_shop_00,,401081002,100,75,2,509058020,1,641,-1,1,20,10000
7058,bg_shop_00,,401081002,300,5,2,509058021,1,641,-1,1,21,10000
7059,bg_shop_00,,401250002,20,1200,2,509093012,-1,642,-1,1,1,10000
509153004,bg_shop_00,,401250002,20,1200,2,509153003,-1,642,-1,1,1,10000
7060,bg_shop_00,,401250002,200,120,2,509093013,-1,642,-1,1,2,10000
7061,bg_shop_00,,401250002,200,120,2,509093014,-1,642,-1,1,3,10000
7062,bg_shop_00,,401250002,200,120,2,509093015,-1,642,-1,1,4,10000
7063,bg_shop_00,,401250002,200,120,2,509093016,-1,642,-1,1,5,10000
7064,bg_shop_00,,401250002,20,400,2,509093017,-1,642,-1,1,6,10000
7065,bg_shop_00,,401250002,9,2400,2,509093018,-1,642,-1,1,7,10000
7066,bg_shop_00,,401250002,5,1200,2,509093019,-1,642,-1,1,8,10000
7067,bg_shop_00,,401250002,10,24,2,509093020,-1,642,-1,1,9,10000
7068,bg_shop_00,,401250002,50,16,2,509093021,-1,642,-1,1,10,10000
7069,bg_shop_00,,401250002,5000,16,2,509093022,-1,642,-1,1,11,10000
7070,bg_shop_00,,401250002,100,20,2,509093023,-1,642,-1,1,12,10000
7071,bg_shop_00,,401250002,50,20,2,509093024,-1,642,-1,1,13,10000
7072,bg_shop_00,,401250002,10,800,2,509093025,-1,642,-1,1,14,10000
7073,bg_shop_00,,401250002,20,240,2,509093026,-1,642,-1,1,15,10000
7074,bg_shop_00,,401250002,100,80,2,509093027,-1,642,-1,1,16,10000
7075,bg_shop_00,,401250002,999,20,2,509093028,-1,642,-1,1,17,10000
7076,bg_shop_00,,401250002,999,8,2,509093029,-1,642,-1,1,18,10000
7077,bg_shop_00,,401250002,999,20,2,509093030,-1,642,-1,1,19,10000
509103001,bg_shop_00,,401250002,999,240,2,509093901,-1,642,-1,1,20,10000
509103002,bg_shop_00,,401250002,999,80,2,509093902,-1,642,-1,1,21,10000
7078,bg_shop_00,,401081002,1,1999,2,407040850,1,643,-1,1,1,10000
7079,bg_shop_00,,401081002,1,1999,2,508154029,1,643,-1,1,1,10000
509113001,bg_shop_00,,401081002,1,999,2,402067702,1,643,-1,1,1,10000
7080,bg_shop_00,,401081002,10,25,2,407105002,1,643,-1,1,2,10000
7081,bg_shop_00,,401081002,6,65,2,407105003,1,643,-1,1,3,10000
7082,bg_shop_00,,401081002,300,15,2,407105004,1,643,-1,1,4,10000
7083,bg_shop_00,,401081002,20,40,2,407105005,1,643,-1,1,5,10000
7084,bg_shop_00,,401081002,300,100,2,407105006,1,643,-1,1,6,10000
7085,bg_shop_00,,401081002,100,15,2,407105007,1,643,-1,1,7,10000
7086,bg_shop_00,,401081002,1000,5,2,407105008,1,643,-1,1,8,10000
7087,bg_shop_00,,401081002,100,75,2,407105009,1,643,-1,1,9,10000
7088,bg_shop_00,,401081002,300,5,2,407105010,1,643,-1,1,10,10000
7089,bg_shop_00,,505170002,1,1999,2,505172001,-1,644,-1,1,1,10000
603253001,bg_shop_00,,505170002,1,400,2,603253003,-1,644,-1,1,2,10000
603253002,bg_shop_00,,505170002,1,200,2,603253004,-1,644,-1,1,3,10000
603253003,bg_shop_00,,505170002,1,200,2,603253005,-1,644,-1,1,4,10000
7090,bg_shop_00,,505170002,4,200,2,505172002,-1,644,-1,1,5,10000
7091,bg_shop_00,,505170002,4,200,2,505172003,-1,644,-1,1,6,10000
7092,bg_shop_00,,505170002,200,15,2,505172004,-1,644,-1,1,7,10000
7093,bg_shop_00,,505170002,200,10,2,505172005,-1,644,-1,1,8,10000
7094,bg_shop_00,,505170002,2,300,2,505172006,-1,644,-1,1,9,10000
7095,bg_shop_00,,505170002,2,300,2,505172007,-1,644,-1,1,10,10000
7096,bg_shop_00,,505170002,30,400,2,505172008,-1,644,-1,1,11,10000
7097,bg_shop_00,,505170002,20,90,2,505172009,-1,644,-1,1,12,10000
7098,bg_shop_00,,505170002,50,30,2,505172010,-1,644,-1,1,13,10000
7099,bg_shop_00,,505170002,200,5,2,505172011,-1,644,-1,1,14,10000
7100,bg_shop_00,,505170002,50,15,2,505172012,-1,644,-1,1,15,10000
7101,bg_shop_00,,505170002,300,10,2,505172013,-1,644,-1,1,16,10000
7102,bg_shop_00,,505170002,500,1,2,505172014,-1,644,-1,1,17,10000
7103,bg_shop_00,,505170002,1000,1,2,505172015,-1,644,-1,1,18,10000
7104,bg_shop_00,,204002,20,300,2,509103008,1,645,-1,1,1,10000
7105,bg_shop_00,,204002,20,300,2,509103009,1,645,-1,1,2,10000
7106,bg_shop_00,,204002,20,100,2,509103010,1,645,-1,1,3,10000
7107,bg_shop_00,,204002,9,600,2,509103011,1,645,-1,1,4,10000
7108,bg_shop_00,,204002,5,300,2,509103012,1,645,-1,1,5,10000
7109,bg_shop_00,,204002,100,6,2,509103013,1,645,-1,1,6,10000
7110,bg_shop_00,,204002,500,4,2,509103014,1,645,-1,1,7,10000
7111,bg_shop_00,,204002,5000,4,2,509103015,1,645,-1,1,8,10000
7112,bg_shop_00,,204002,100,5,2,509103016,1,645,-1,1,9,10000
7113,bg_shop_00,,204002,50,5,2,509103017,1,645,-1,1,10,10000
7114,bg_shop_00,,204002,10,200,2,509103018,1,645,-1,1,11,10000
7115,bg_shop_00,,204002,20,60,2,509103019,1,645,-1,1,12,10000
7116,bg_shop_00,,204002,100,20,2,509103020,1,645,-1,1,13,10000
7117,bg_shop_00,,204002,999,5,2,509103021,1,645,-1,1,14,10000
7118,bg_shop_00,,204002,999,2,2,509103022,1,645,-1,1,15,10000
7119,bg_shop_00,,204002,999,5,2,509103023,1,645,-1,1,16,10000
7120,bg_shop_00,,204002,999,60,2,509103024,1,645,-1,1,17,10000
7121,bg_shop_00,,204002,999,20,2,509103025,1,645,-1,1,18,10000
7122,bg_shop_00,,401081002,1,1999,2,404127001,1,646,-1,1,1,10000
7123,bg_shop_00,,401081002,1,999,2,402067702,1,646,-1,1,1,10000
7124,bg_shop_00,,401081002,10,25,2,407105002,1,646,-1,1,2,10000
7125,bg_shop_00,,401081002,6,65,2,407105003,1,646,-1,1,3,10000
7126,bg_shop_00,,401081002,300,15,2,407105004,1,646,-1,1,4,10000
7127,bg_shop_00,,401081002,20,40,2,407105005,1,646,-1,1,5,10000
7128,bg_shop_00,,401081002,300,100,2,407105006,1,646,-1,1,6,10000
7129,bg_shop_00,,401081002,100,15,2,407105007,1,646,-1,1,7,10000
7130,bg_shop_00,,401081002,1000,5,2,407105008,1,646,-1,1,8,10000
7131,bg_shop_00,,401081002,100,75,2,407105009,1,646,-1,1,9,10000
7132,bg_shop_00,,401081002,300,5,2,407105010,1,646,-1,1,10,10000
7133,bg_shop_00,,401081002,1,5000,2,409191301,1,647,-1,0,1,10000
713301,bg_shop_00,,401081002,1,5000,2,507108702,1,647,-1,0,1,10000
7134,bg_shop_00,,401081002,100,20,2,506030001,1,647,-1,1,2,10000
7135,bg_shop_00,,401081002,1,999,2,408095401,1,647,-1,0,3,10000
7136,bg_shop_00,,401081002,1,999,2,503281001,1,647,-1,1,4,10000
7137,bg_shop_00,,401081002,1,200,2,503281002,1,647,-1,1,5,10000
7138,bg_shop_00,,401081002,1,100,2,503281003,1,647,-1,1,6,10000
7139,bg_shop_00,,401081002,2,400,2,503281004,1,647,-1,1,7,10000
7140,bg_shop_00,,401081002,10,60,2,503281005,1,647,-1,1,8,10000
7141,bg_shop_00,,401081002,100,8,2,503281006,1,647,-1,1,9,10000
7142,bg_shop_00,,401081002,100,15,2,503281007,1,647,-1,1,10,10000
7143,bg_shop_00,,401081002,300,10,2,503281008,1,647,-1,1,11,10000
7144,bg_shop_00,,401081002,200,10,2,503281009,1,647,-1,1,12,10000
7145,bg_shop_00,,401081002,4,300,2,503281010,1,647,-1,1,13,10000
7146,bg_shop_00,,401081002,4,30,2,503281011,1,647,-1,1,14,10000
7147,bg_shop_00,,401081002,20,60,2,503281012,1,647,-1,1,15,10000
7148,bg_shop_00,,401081002,999,30,2,503281013,1,647,-1,1,16,10000
7149,bg_shop_00,,401081002,999,20,2,503281014,1,647,-1,1,17,10000
7150,bg_shop_00,,401081002,999,20,2,503281015,1,647,-1,1,18,10000
7151,bg_shop_00,,401081002,1,5000,2,507108701,1,648,-1,1,1,10000
7152,bg_shop_00,,401081002,1,5000,2,507108702,1,648,-1,1,2,10000
7153,bg_shop_00,,401081002,1,1999,2,408095401,1,648,-1,1,3,10000
7154,bg_shop_00,,401081002,100,20,2,507108703,1,648,-1,1,4,10000
7155,bg_shop_00,,401081002,1,1999,2,507108704,1,648,-1,1,5,10000
7156,bg_shop_00,,401081002,1,999,2,507108705,1,648,-1,1,6,10000
7157,bg_shop_00,,401081002,1,200,2,507108706,1,648,-1,1,7,10000
7158,bg_shop_00,,401081002,1,200,2,509058006,1,648,-1,1,8,10000
7159,bg_shop_00,,401081002,4,350,2,507108707,1,648,-1,1,9,10000
7160,bg_shop_00,,401081002,10,60,2,507108708,1,648,-1,1,10,10000
7161,bg_shop_00,,401081002,1,25,2,507108709,1,648,-1,1,11,10000
7162,bg_shop_00,,401081002,100,20,2,507108710,1,648,-1,1,12,10000
7163,bg_shop_00,,401081002,100,8,2,507108711,1,648,-1,1,13,10000
7164,bg_shop_00,,401081002,6,65,2,507108712,1,648,-1,1,14,10000
7165,bg_shop_00,,401081002,300,15,2,507108713,1,648,-1,1,15,10000
7166,bg_shop_00,,401081002,20,40,2,507108714,1,648,-1,1,16,10000
7167,bg_shop_00,,401081002,30,15,2,507108715,1,648,-1,1,17,10000
7168,bg_shop_00,,401081002,100,10,2,507108716,1,648,-1,1,18,10000
7169,bg_shop_00,,401081002,300,100,2,507108717,1,648,-1,1,19,10000
7170,bg_shop_00,,401081002,100,15,2,507108718,1,648,-1,1,20,10000
7171,bg_shop_00,,401081002,1000,5,2,507108719,1,648,-1,1,21,10000
7172,bg_shop_00,,401081002,100,75,2,507108720,1,648,-1,1,22,10000
7173,bg_shop_00,,401081002,300,5,2,507108721,1,648,-1,1,23,10000
7174,bg_shop_00,,401250002,20,1200,2,509126222,-1,649,-1,1,1,10000
7175,bg_shop_00,,401250002,20,1200,2,503135001,-1,649,-1,1,2,10000
7176,bg_shop_00,,401250002,20,1200,2,503135002,-1,649,-1,1,3,10000
7177,bg_shop_00,,401250002,20,1200,2,503135003,-1,649,-1,1,4,10000
7178,bg_shop_00,,401250002,200,120,2,503135004,-1,649,-1,1,5,10000
7179,bg_shop_00,,401250002,20,400,2,503135005,-1,649,-1,1,6,10000
717900,bg_shop_00,,401250002,200,120,2,604246001,-1,649,-1,1,7,10000
717901,bg_shop_00,,401250002,200,120,2,601226104,-1,649,-1,1,8,10000
7180,bg_shop_00,,401250002,200,120,2,503135006,-1,649,-1,1,9,10000
7181,bg_shop_00,,401250002,9,2400,2,503135007,-1,649,-1,1,10,10000
7182,bg_shop_00,,401250002,3,1200,2,503135008,-1,649,-1,1,11,10000
718201,bg_shop_00,,401250002,20,400,2,411078006,-1,649,-1,1,12,10000
718202,bg_shop_00,,401250002,20,120,2,411078007,-1,649,-1,1,13,10000
7183,bg_shop_00,,401250002,100,24,2,503135009,-1,649,-1,1,14,10000
7184,bg_shop_00,,401250002,500,16,2,503135010,-1,649,-1,1,15,10000
7185,bg_shop_00,,401250002,5000,16,2,503135011,-1,649,-1,1,16,10000
718501,bg_shop_00,,401250002,999,40,2,603200001,-1,649,-1,1,17,10000
7186,bg_shop_00,,401250002,100,20,2,503135012,-1,649,-1,1,18,10000
7187,bg_shop_00,,401250002,50,20,2,503135013,-1,649,-1,1,19,10000
7188,bg_shop_00,,401250002,999,800,2,503135014,-1,649,-1,1,20,10000
7189,bg_shop_00,,401250002,20,240,2,503135015,-1,649,-1,1,21,10000
7190,bg_shop_00,,401250002,100,80,2,503135016,-1,649,-1,1,22,10000
7191,bg_shop_00,,401250002,999,20,2,503135017,-1,649,-1,1,23,10000
7192,bg_shop_00,,401250002,9999,8,2,503135018,-1,649,-1,1,24,10000
7193,bg_shop_00,,401250002,999,20,2,503135019,-1,649,-1,1,25,10000
7194,bg_shop_00,,401250002,999,240,2,503135020,-1,649,-1,1,26,10000
7195,bg_shop_00,,401250002,999,80,2,503135021,-1,649,-1,1,27,10000
7196,bg_shop_00,,401250002,20,1200,2,509128101,-1,650,-1,1,1,10000
7197,bg_shop_00,,401250002,20,1200,2,509128102,-1,650,-1,1,2,10000
7198,bg_shop_00,,401250002,20,1200,2,509128103,-1,650,-1,1,3,10000
7199,bg_shop_00,,401250002,20,400,2,509128104,-1,650,-1,1,4,10000
7200,bg_shop_00,,401250002,200,120,2,509128105,-1,650,-1,1,5,10000
7201,bg_shop_00,,401250002,9,2400,2,509128106,-1,650,-1,1,6,10000
7202,bg_shop_00,,401250002,800,120,2,509128107,-1,650,-1,1,7,10000
7203,bg_shop_00,,401250002,3,1200,2,509128108,-1,650,-1,1,8,10000
7204,bg_shop_00,,401250002,100,24,2,509128109,-1,650,-1,1,9,10000
7205,bg_shop_00,,401250002,500,16,2,509128110,-1,650,-1,1,10,10000
7206,bg_shop_00,,401250002,5000,16,2,509128111,-1,650,-1,1,11,10000
7207,bg_shop_00,,401250002,100,20,2,509128112,-1,650,-1,1,12,10000
7208,bg_shop_00,,401250002,100,20,2,509128113,-1,650,-1,1,13,10000
7209,bg_shop_00,,401250002,10,800,2,509128114,-1,650,-1,1,14,10000
7210,bg_shop_00,,401250002,20,240,2,509128115,-1,650,-1,1,15,10000
7211,bg_shop_00,,401250002,100,80,2,509128116,-1,650,-1,1,16,10000
7212,bg_shop_00,,401250002,999,20,2,509128117,-1,650,-1,1,17,10000
7213,bg_shop_00,,401250002,9999,8,2,509128118,-1,650,-1,1,18,10000
7214,bg_shop_00,,401250002,999,20,2,509128119,-1,650,-1,1,19,10000
7215,bg_shop_00,,401250002,999,240,2,509128120,-1,650,-1,1,20,10000
7216,bg_shop_00,,401250002,999,80,2,509128121,-1,650,-1,1,21,10000
7217,bg_shop_00,,507010001,100,30,2,509166401,1,651,-1,1,1,10000
7218,bg_shop_00,,507010001,100,30,2,509166402,1,651,-1,1,2,10000
7219,bg_shop_00,,507010001,100,30,2,509166403,1,651,-1,1,3,10000
7220,bg_shop_00,,507010001,100,30,2,509166404,1,651,-1,1,4,10000
7221,bg_shop_00,,507010001,20,100,2,509166405,1,651,-1,1,5,10000
7222,bg_shop_00,,507010001,200,30,2,509166406,1,651,-1,1,6,10000
7223,bg_shop_00,,507010001,9,600,2,509166407,1,651,-1,1,7,10000
7224,bg_shop_00,,507010001,800,30,2,509166408,1,651,-1,1,8,10000
7225,bg_shop_00,,507010001,800,30,2,509166409,1,651,-1,1,9,10000
7226,bg_shop_00,,507010001,3,300,2,509166410,1,651,-1,1,10,10000
7227,bg_shop_00,,507010001,100,6,2,509166411,1,651,-1,1,11,10000
7228,bg_shop_00,,507010001,500,4,2,509166412,1,651,-1,1,12,10000
7229,bg_shop_00,,507010001,5000,4,2,509166413,1,651,-1,1,13,10000
7230,bg_shop_00,,507010001,100,5,2,509166414,1,651,-1,1,14,10000
7231,bg_shop_00,,507010001,50,5,2,509166415,1,651,-1,1,15,10000
7232,bg_shop_00,,507010001,999,200,2,509166416,1,651,-1,1,16,10000
7233,bg_shop_00,,507010001,999,60,2,509166417,1,651,-1,1,17,10000
7234,bg_shop_00,,507010001,999,20,2,509166418,1,651,-1,1,18,10000
7235,bg_shop_00,,507010001,999,5,2,509166419,1,651,-1,1,19,10000
7236,bg_shop_00,,507010001,9999,2,2,509166420,1,651,-1,1,20,10000
7237,bg_shop_00,,507010001,999,30,2,509166421,1,651,-1,1,21,10000
7238,bg_shop_00,,507010001,999,100,2,509166422,1,651,-1,1,22,10000
7239,bg_shop_00,,507010001,999,80,2,509166423,1,651,-1,1,23,10000
7240,bg_shop_00,,509150002,100,20,2,506190001,-1,652,-1,1,1,10000
7241,bg_shop_00,,509150002,1,999,2,506190002,-1,652,-1,1,2,10000
7242,bg_shop_00,,509150002,1,200,2,509231001,-1,652,-1,1,3,10000
7243,bg_shop_00,,509150002,200,15,2,506190005,-1,652,-1,1,4,10000
7244,bg_shop_00,,509150002,200,10,2,506190006,-1,652,-1,1,5,10000
7245,bg_shop_00,,509150002,2,300,2,506190007,-1,652,-1,1,6,10000
7246,bg_shop_00,,509150002,400,12,2,506190008,-1,652,-1,1,7,10000
7247,bg_shop_00,,509150002,2,300,2,506190009,-1,652,-1,1,8,10000
7248,bg_shop_00,,509150002,30,400,2,506190010,-1,652,-1,1,9,10000
7249,bg_shop_00,,509150002,8,200,2,506190011,-1,652,-1,1,10,10000
7250,bg_shop_00,,509150002,200,5,2,506190012,-1,652,-1,1,11,10000
7251,bg_shop_00,,509150002,50,15,2,506190013,-1,652,-1,1,12,10000
7252,bg_shop_00,,509150002,300,10,2,506190014,-1,652,-1,1,13,10000
7253,bg_shop_00,,509150002,500,1,2,506190015,-1,652,-1,1,14,10000
7254,bg_shop_00,,509150002,1000,1,2,506190016,-1,652,-1,1,15,10000
7255,bg_shop_00,,1005,1000,1,2,509170802,-1,652,-1,1,16,10000
7256,bg_shop_00,,509150002,100,20,2,506190101,-1,653,-1,1,1,10000
7257,bg_shop_00,,509150002,1,999,2,506190102,-1,653,-1,1,2,10000
7258,bg_shop_00,,509150002,1,200,2,509231001,-1,653,-1,1,3,10000
7259,bg_shop_00,,509150002,200,15,2,506190105,-1,653,-1,1,4,10000
7260,bg_shop_00,,509150002,200,10,2,506190106,-1,653,-1,1,5,10000
7261,bg_shop_00,,509150002,2,300,2,506190107,-1,653,-1,1,6,10000
7262,bg_shop_00,,509150002,400,12,2,506190108,-1,653,-1,1,7,10000
7263,bg_shop_00,,509150002,2,300,2,506190109,-1,653,-1,1,8,10000
7264,bg_shop_00,,509150002,30,400,2,506190110,-1,653,-1,1,9,10000
7265,bg_shop_00,,509150002,20,90,2,506190111,-1,653,-1,1,10,10000
7266,bg_shop_00,,509150002,50,30,2,506190112,-1,653,-1,1,11,10000
7267,bg_shop_00,,509150002,200,5,2,506190113,-1,653,-1,1,12,10000
7268,bg_shop_00,,509150002,50,15,2,506190114,-1,653,-1,1,13,10000
7269,bg_shop_00,,509150002,300,10,2,506190115,-1,653,-1,1,14,10000
7270,bg_shop_00,,509150002,500,1,2,506190116,-1,653,-1,1,15,10000
7271,bg_shop_00,,509150002,1000,1,2,506190117,-1,653,-1,1,16,10000
7272,bg_shop_00,,1005,1000,1,2,509170802,-1,653,-1,1,17,10000
7273,bg_shop_00,,509150006,1,500,2,509170801,-1,654,-1,0,1,10000
7274,bg_shop_00,,509150006,5,100,2,509170802,-1,654,-1,1,2,10000
7275,bg_shop_00,,509150006,4,500,2,509170803,-1,654,-1,1,3,10000
7276,bg_shop_00,,509150006,2,100,2,509170804,-1,654,-1,1,4,10000
7277,bg_shop_00,,509150006,50,50,2,509170805,-1,654,-1,1,5,10000
7278,bg_shop_00,,509150006,1,400,2,509170806,-1,654,-1,1,6,10000
7279,bg_shop_00,,509150006,3,100,2,509170807,-1,654,-1,1,7,10000
7280,bg_shop_00,,509150006,1,2000,2,509170808,-1,654,-1,1,8,10000
7281,bg_shop_00,,509150006,2,200,2,509170809,-1,654,-1,1,9,10000
7282,bg_shop_00,,509150006,2,200,2,509170810,-1,654,-1,1,10,10000
7283,bg_shop_00,,509150006,2,800,2,509170811,-1,654,-1,1,11,10000
7284,bg_shop_00,,509150006,2,800,2,509170812,-1,654,-1,1,12,10000
7285,bg_shop_00,,509150006,2000,1,2,509170813,-1,654,-1,1,13,10000
7286,bg_shop_00,,401250002,20,1200,2,509183013,-1,655,-1,1,1,10000
7287,bg_shop_00,,401250002,200,120,2,509183014,-1,655,-1,1,2,10000
7288,bg_shop_00,,401250002,20,400,2,509183015,-1,655,-1,1,3,10000
7289,bg_shop_00,,401250002,200,120,2,509183016,-1,655,-1,1,4,10000
7290,bg_shop_00,,401250002,9,2400,2,509183017,-1,655,-1,1,5,10000
7291,bg_shop_00,,401250002,5,1200,2,509183018,-1,655,-1,1,6,10000
7292,bg_shop_00,,401250002,5,1200,2,509183019,-1,655,-1,1,7,10000
7293,bg_shop_00,,401250002,100,24,2,509183020,-1,655,-1,1,8,10000
7294,bg_shop_00,,401250002,500,16,2,509183021,-1,655,-1,1,9,10000
7295,bg_shop_00,,401250002,5000,16,2,509183022,-1,655,-1,1,10,10000
7296,bg_shop_00,,401250002,100,20,2,509183023,-1,655,-1,1,11,10000
7297,bg_shop_00,,401250002,10,800,2,509183024,-1,655,-1,1,12,10000
7298,bg_shop_00,,401250002,20,240,2,509183025,-1,655,-1,1,13,10000
7299,bg_shop_00,,401250002,100,80,2,509183026,-1,655,-1,1,14,10000
7300,bg_shop_00,,401250002,999,20,2,509183027,-1,655,-1,1,15,10000
7301,bg_shop_00,,401250002,9999,8,2,509183028,-1,655,-1,1,16,10000
7302,bg_shop_00,,401250002,999,20,2,509183029,-1,655,-1,1,17,10000
7303,bg_shop_00,,401250002,999,240,2,509183030,-1,655,-1,1,18,10000
7304,bg_shop_00,,401250002,999,80,2,509183031,-1,655,-1,1,19,10000
7305,bg_shop_00,,401081002,1,1999,2,509184001,1,656,-1,1,1,10000
7306,bg_shop_00,,401081002,1,1999,2,509184002,1,656,-1,1,2,10000
7307,bg_shop_00,,401081002,100,20,2,509184003,1,656,-1,1,3,10000
7308,bg_shop_00,,401081002,1,999,2,509184004,1,656,-1,1,4,10000
7309,bg_shop_00,,401081002,1,200,2,509184005,1,656,-1,1,5,10000
7310,bg_shop_00,,401081002,1,200,2,509184006,1,656,-1,1,6,10000
7311,bg_shop_00,,401081002,1,200,2,509184007,1,656,-1,1,7,10000
7312,bg_shop_00,,401081002,4,350,2,509184008,1,656,-1,1,8,10000
7313,bg_shop_00,,401081002,4,350,2,509184009,1,656,-1,1,9,10000
7314,bg_shop_00,,401081002,4,350,2,509184010,1,656,-1,1,10,10000
7315,bg_shop_00,,401081002,4,200,2,509184011,1,656,-1,1,11,10000
7316,bg_shop_00,,401081002,4,200,2,509184012,1,656,-1,1,12,10000
7317,bg_shop_00,,401081002,4,200,2,509184013,1,656,-1,1,13,10000
7318,bg_shop_00,,401081002,10,60,2,509184014,1,656,-1,1,14,10000
7319,bg_shop_00,,401081002,100,8,2,509184015,1,656,-1,1,15,10000
7320,bg_shop_00,,401081002,1,25,2,509184016,1,656,-1,1,16,10000
7321,bg_shop_00,,401081002,6,65,2,509184017,1,656,-1,1,17,10000
7322,bg_shop_00,,401081002,300,15,2,509184018,1,656,-1,1,18,10000
7323,bg_shop_00,,401081002,20,40,2,509184019,1,656,-1,1,19,10000
7324,bg_shop_00,,401081002,30,15,2,509184020,1,656,-1,1,20,10000
7325,bg_shop_00,,401081002,100,10,2,509184021,1,656,-1,1,21,10000
7326,bg_shop_00,,401081002,300,100,2,509184022,1,656,-1,1,22,10000
7327,bg_shop_00,,401081002,100,15,2,509184023,1,656,-1,1,23,10000
7328,bg_shop_00,,401081002,1000,5,2,509184024,1,656,-1,1,24,10000
7329,bg_shop_00,,401081002,100,75,2,509184025,1,656,-1,1,25,10000
7330,bg_shop_00,,401081002,300,5,2,509184026,1,656,-1,1,26,10000
7331,bg_shop_00,,509151002,1,500,2,509180201,-1,657,-1,1,1,10000
7332,bg_shop_00,,509151001,1,5,2,509180202,-1,657,-1,1,2,10000
7333,bg_shop_00,,509151002,1,500,2,509180203,-1,657,-1,1,3,10000
7334,bg_shop_00,,509151002,1,300,2,509180204,-1,657,-1,1,4,10000
7335,bg_shop_00,,509151002,1,100,2,509180205,-1,657,-1,1,5,10000
7336,bg_shop_00,,509151002,5,50,2,509180206,-1,657,-1,1,6,10000
7337,bg_shop_00,,509151002,1,300,2,509180207,-1,657,-1,1,7,10000
7338,bg_shop_00,,509151002,1,300,2,509180208,-1,657,-1,1,8,10000
7339,bg_shop_00,,509151002,1,300,2,509180209,-1,657,-1,1,9,10000
7340,bg_shop_00,,509151002,10,20,2,509180210,-1,657,-1,1,10,10000
7341,bg_shop_00,,509151002,5,20,2,509180211,-1,657,-1,1,11,10000
7342,bg_shop_00,,509151002,5,40,2,509180212,-1,657,-1,1,12,10000
7343,bg_shop_00,,509151002,50,1,2,509180213,-1,657,-1,1,13,10000
7344,bg_shop_00,,401081002,1,1999,2,100211,1,658,-1,1,1,10000
7345,bg_shop_00,,401081002,1,1999,2,501236301,1,658,-1,1,2,10000
7346,bg_shop_00,,401081002,100,20,2,509058003,1,658,-1,1,3,10000
7347,bg_shop_00,,401081002,1,999,2,509058004,1,658,-1,1,4,10000
7348,bg_shop_00,,401081002,1,200,2,509058005,1,658,-1,1,5,10000
7349,bg_shop_00,,401081002,1,200,2,509058006,1,658,-1,1,6,10000
7350,bg_shop_00,,401081002,4,350,2,509058007,1,658,-1,1,7,10000
7351,bg_shop_00,,401081002,10,60,2,509058008,1,658,-1,1,8,10000
7352,bg_shop_00,,401081002,100,20,2,509058009,1,658,-1,1,9,10000
7353,bg_shop_00,,401081002,100,8,2,509058010,1,658,-1,1,10,10000
7354,bg_shop_00,,401081002,1,25,2,509058011,1,658,-1,1,11,10000
7355,bg_shop_00,,401081002,6,65,2,509058012,1,658,-1,1,12,10000
7356,bg_shop_00,,401081002,300,15,2,509058013,1,658,-1,1,13,10000
7357,bg_shop_00,,401081002,20,40,2,509058014,1,658,-1,1,14,10000
7358,bg_shop_00,,401081002,30,15,2,509058015,1,658,-1,1,15,10000
7359,bg_shop_00,,401081002,100,10,2,509058016,1,658,-1,1,16,10000
7360,bg_shop_00,,401081002,300,100,2,509058017,1,658,-1,1,17,10000
7361,bg_shop_00,,401081002,100,15,2,509058018,1,658,-1,1,18,10000
7362,bg_shop_00,,401081002,1000,5,2,509058019,1,658,-1,1,19,10000
7363,bg_shop_00,,401081002,100,75,2,509058020,1,658,-1,1,20,10000
7364,bg_shop_00,,401081002,300,5,2,509058021,1,658,-1,1,21,10000
7365,bg_shop_00,,401250002,20,1200,2,509233012,-1,659,-1,1,1,10000
7366,bg_shop_00,,401250002,200,120,2,509233013,-1,659,-1,1,1,10000
7367,bg_shop_00,,401250002,200,120,2,509233014,-1,659,-1,1,1,10000
7368,bg_shop_00,,401250002,200,120,2,509233015,-1,659,-1,1,2,10000
7369,bg_shop_00,,401250002,9,2400,2,509233016,-1,659,-1,1,3,10000
7370,bg_shop_00,,401250002,2,6000,2,509233017,-1,659,-1,1,4,10000
7371,bg_shop_00,,401250002,2,6000,2,509233018,-1,659,-1,1,5,10000
7372,bg_shop_00,,401250002,2,6000,2,509233019,-1,659,-1,1,6,10000
7373,bg_shop_00,,401250002,2,6000,2,509233020,-1,659,-1,1,7,10000
7374,bg_shop_00,,401250002,20,400,2,509233021,-1,659,-1,1,8,10000
7375,bg_shop_00,,401250002,10,800,2,509233022,-1,659,-1,1,9,10000
7376,bg_shop_00,,401250002,20,240,2,509233023,-1,659,-1,1,10,10000
7377,bg_shop_00,,401250002,100,80,2,509233024,-1,659,-1,1,11,10000
7378,bg_shop_00,,401250002,999,20,2,509233025,-1,659,-1,1,12,10000
7379,bg_shop_00,,401250002,999,8,2,509233026,-1,659,-1,1,13,10000
7380,bg_shop_00,,401250002,999,20,2,509233027,-1,659,-1,1,14,10000
7381,bg_shop_00,,401250002,999,240,2,509233028,-1,659,-1,1,15,10000
7382,bg_shop_00,,401250002,999,80,2,509233029,-1,659,-1,1,16,10000
7383,bg_shop_00,,204002,20,300,2,509234007,1,660,-1,1,1,10000
7384,bg_shop_00,,204002,100,30,2,509234008,1,660,-1,1,2,10000
7385,bg_shop_00,,204002,100,30,2,509234009,1,660,-1,1,3,10000
7386,bg_shop_00,,204002,100,30,2,509234010,1,660,-1,1,4,10000
7387,bg_shop_00,,204002,20,100,2,509234011,1,660,-1,1,5,10000
7388,bg_shop_00,,204002,9,600,2,509234012,1,660,-1,1,6,10000
7389,bg_shop_00,,204002,5,300,2,509234013,1,660,-1,1,7,10000
7390,bg_shop_00,,204002,100,6,2,509234014,1,660,-1,1,8,10000
7391,bg_shop_00,,204002,500,4,2,509234015,1,660,-1,1,9,10000
7392,bg_shop_00,,204002,5000,4,2,509234016,1,660,-1,1,10,10000
7393,bg_shop_00,,204002,100,5,2,509234017,1,660,-1,1,11,10000
7394,bg_shop_00,,204002,50,5,2,509234018,1,660,-1,1,12,10000
7395,bg_shop_00,,204002,10,200,2,509234019,1,660,-1,1,13,10000
7396,bg_shop_00,,204002,20,60,2,509234020,1,660,-1,1,14,10000
7397,bg_shop_00,,204002,100,20,2,509234021,1,660,-1,1,15,10000
7398,bg_shop_00,,204002,999,5,2,509234022,1,660,-1,1,16,10000
7399,bg_shop_00,,204002,999,2,2,509234023,1,660,-1,1,17,10000
7400,bg_shop_00,,204002,999,5,2,509234024,1,660,-1,1,18,10000
7401,bg_shop_00,,204002,999,60,2,509234025,1,660,-1,1,19,10000
7402,bg_shop_00,,204002,999,20,2,509234026,1,660,-1,1,20,10000
7403,bg_shop_00,,204002,20,300,2,509234107,1,661,-1,1,1,10000
7404,bg_shop_00,,204002,20,300,2,509234108,1,661,-1,1,1,10000
7405,bg_shop_00,,204002,20,300,2,509234109,1,661,-1,1,1,10000
7406,bg_shop_00,,204002,100,30,2,509234110,1,661,-1,1,2,10000
7407,bg_shop_00,,204002,100,30,2,509234111,1,661,-1,1,3,10000
7408,bg_shop_00,,204002,100,30,2,509234112,1,661,-1,1,4,10000
7409,bg_shop_00,,204002,20,100,2,509234113,1,661,-1,1,5,10000
7410,bg_shop_00,,204002,9,600,2,509234114,1,661,-1,1,6,10000
7411,bg_shop_00,,204002,5,300,2,509234115,1,661,-1,1,7,10000
7412,bg_shop_00,,204002,100,6,2,509234116,1,661,-1,1,8,10000
7413,bg_shop_00,,204002,500,4,2,509234117,1,661,-1,1,9,10000
7414,bg_shop_00,,204002,5000,4,2,509234118,1,661,-1,1,10,10000
7415,bg_shop_00,,204002,100,5,2,509234119,1,661,-1,1,11,10000
7416,bg_shop_00,,204002,50,5,2,509234120,1,661,-1,1,12,10000
7417,bg_shop_00,,204002,10,200,2,509234121,1,661,-1,1,13,10000
7418,bg_shop_00,,204002,20,60,2,509234122,1,661,-1,1,14,10000
7419,bg_shop_00,,204002,100,20,2,509234123,1,661,-1,1,15,10000
7420,bg_shop_00,,204002,999,5,2,509234124,1,661,-1,1,16,10000
7421,bg_shop_00,,204002,999,2,2,509234125,1,661,-1,1,17,10000
7422,bg_shop_00,,204002,999,5,2,509234126,1,661,-1,1,18,10000
7423,bg_shop_00,,204002,999,60,2,509234127,1,661,-1,1,19,10000
7424,bg_shop_00,,204002,999,20,2,509234128,1,661,-1,1,20,10000
7425,bg_shop_00,,401250002,20,1200,2,509243012,-1,662,-1,1,1,10000
7426,bg_shop_00,,401250002,20,1200,2,509243013,-1,662,-1,1,2,10000
7427,bg_shop_00,,401250002,200,120,2,509243014,-1,662,-1,1,3,10000
7428,bg_shop_00,,401250002,200,120,2,509243015,-1,662,-1,1,4,10000
7429,bg_shop_00,,401250002,200,120,2,509243016,-1,662,-1,1,5,10000
7430,bg_shop_00,,401250002,200,120,2,509243017,-1,662,-1,1,6,10000
7431,bg_shop_00,,401250002,20,400,2,509243018,-1,662,-1,1,7,10000
7432,bg_shop_00,,401250002,9,2400,2,509243019,-1,662,-1,1,8,10000
7433,bg_shop_00,,401250002,5,1200,2,509243020,-1,662,-1,1,9,10000
7434,bg_shop_00,,401250002,10,24,2,509243021,-1,662,-1,1,10,10000
7435,bg_shop_00,,401250002,50,16,2,509243022,-1,662,-1,1,11,10000
7436,bg_shop_00,,401250002,5000,16,2,509243023,-1,662,-1,1,12,10000
7437,bg_shop_00,,401250002,100,20,2,509243024,-1,662,-1,1,13,10000
7438,bg_shop_00,,401250002,50,20,2,509243025,-1,662,-1,1,14,10000
7439,bg_shop_00,,401250002,10,800,2,509243026,-1,662,-1,1,15,10000
7440,bg_shop_00,,401250002,20,240,2,509243027,-1,662,-1,1,16,10000
7441,bg_shop_00,,401250002,100,80,2,509243028,-1,662,-1,1,17,10000
7442,bg_shop_00,,401250002,999,20,2,509243029,-1,662,-1,1,18,10000
7443,bg_shop_00,,401250002,999,8,2,509243030,-1,662,-1,1,19,10000
7444,bg_shop_00,,401250002,999,20,2,509243031,-1,662,-1,1,20,10000
7445,bg_shop_00,,401250002,999,240,2,509243032,-1,662,-1,1,21,10000
7446,bg_shop_00,,401250002,999,80,2,509243033,-1,662,-1,1,22,10000
7447,bg_shop_00,,507010001,200,30,2,509244018,1,663,-1,1,1,10000
7448,bg_shop_00,,507010001,200,30,2,509244019,1,663,-1,1,2,10000
7449,bg_shop_00,,507010001,200,30,2,509244020,1,663,-1,1,3,10000
7450,bg_shop_00,,507010001,20,100,2,509244021,1,663,-1,1,4,10000
7451,bg_shop_00,,507010001,9,600,2,509244022,1,663,-1,1,5,10000
7452,bg_shop_00,,507010001,3,300,2,509244023,1,663,-1,1,6,10000
7453,bg_shop_00,,507010001,100,6,2,509244024,1,663,-1,1,7,10000
7454,bg_shop_00,,507010001,500,4,2,509244025,1,663,-1,1,8,10000
7455,bg_shop_00,,507010001,5000,4,2,509244026,1,663,-1,1,9,10000
7456,bg_shop_00,,507010001,100,5,2,509244027,1,663,-1,1,10,10000
7457,bg_shop_00,,507010001,50,5,2,509244028,1,663,-1,1,11,10000
7458,bg_shop_00,,507010001,999,200,2,509244029,1,663,-1,1,12,10000
7459,bg_shop_00,,507010001,999,60,2,509244030,1,663,-1,1,13,10000
7460,bg_shop_00,,507010001,999,20,2,509244031,1,663,-1,1,14,10000
7461,bg_shop_00,,507010001,999,5,2,509244032,1,663,-1,1,15,10000
7462,bg_shop_00,,507010001,9999,2,2,509244033,1,663,-1,1,16,10000
7463,bg_shop_00,,507010001,999,30,2,509244034,1,663,-1,1,17,10000
7464,bg_shop_00,,507010001,999,100,2,509244035,1,663,-1,1,18,10000
7465,bg_shop_00,,507010001,999,80,2,509244036,1,663,-1,1,19,10000
7466,bg_shop_00,,401081002,1,1999,2,509284001,1,664,-1,1,1,10000
7467,bg_shop_00,,401081002,1,1999,2,509284002,1,664,-1,1,2,10000
7468,bg_shop_00,,401081002,1,999,2,509284003,1,664,-1,1,3,10000
7469,bg_shop_00,,401081002,1,200,2,509284004,1,664,-1,0,4,10000
7470,bg_shop_00,,401081002,1,200,2,509284005,1,664,-1,0,5,10000
7471,bg_shop_00,,401081002,1,200,2,509284006,1,664,-1,1,6,10000
7472,bg_shop_00,,401081002,1,200,2,509284007,1,664,-1,1,7,10000
7473,bg_shop_00,,401081002,1,200,2,509284008,1,664,-1,0,8,10000
510113001,bg_shop_00,,401081002,4,350,2,510115012,1,664,-1,1,9,10000
510113002,bg_shop_00,,401081002,4,350,2,510115013,1,664,-1,1,10,10000
510113003,bg_shop_00,,401081002,4,350,2,510115014,1,664,-1,1,11,10000
510113004,bg_shop_00,,401081002,4,350,2,510115015,1,664,-1,1,12,10000
510113005,bg_shop_00,,401081002,4,350,2,510115016,1,664,-1,1,13,10000
510113006,bg_shop_00,,401081002,4,350,2,510115017,1,664,-1,1,14,10000
510113007,bg_shop_00,,401081002,4,200,2,510115018,1,664,-1,1,15,10000
7474,bg_shop_00,,401081002,10,60,2,509284009,1,664,-1,1,16,10000
7475,bg_shop_00,,401081002,100,8,2,509284010,1,664,-1,1,17,10000
7476,bg_shop_00,,401081002,1,25,2,509284011,1,664,-1,1,18,10000
7477,bg_shop_00,,401081002,6,65,2,509284012,1,664,-1,1,19,10000
7478,bg_shop_00,,401081002,300,15,2,509284013,1,664,-1,1,20,10000
7479,bg_shop_00,,401081002,20,40,2,509284014,1,664,-1,1,21,10000
7480,bg_shop_00,,401081002,30,15,2,509284015,1,664,-1,1,22,10000
7481,bg_shop_00,,401081002,100,10,2,509284016,1,664,-1,1,23,10000
7482,bg_shop_00,,401081002,300,100,2,509284017,1,664,-1,1,24,10000
7483,bg_shop_00,,401081002,100,15,2,509284018,1,664,-1,1,25,10000
7484,bg_shop_00,,401081002,1000,5,2,509284019,1,664,-1,1,26,10000
7485,bg_shop_00,,401081002,100,75,2,509284020,1,664,-1,1,27,10000
7486,bg_shop_00,,401081002,300,5,2,509284021,1,664,-1,1,28,10000
7487,bg_shop_00,,204002,20,300,2,509283008,1,665,-1,1,1,10000
7488,bg_shop_00,,204002,20,300,2,509283009,1,665,-1,1,2,10000
7489,bg_shop_00,,204002,20,300,2,509283010,1,665,-1,1,3,10000
7490,bg_shop_00,,204002,200,30,2,509283011,1,665,-1,1,4,10000
7491,bg_shop_00,,204002,20,100,2,509283012,1,665,-1,1,5,10000
749101,bg_shop_00,,204002,200,30,2,512046625,1,665,-1,1,6,10000
7492,bg_shop_00,,204002,9,600,2,509283013,1,665,-1,1,7,10000
7493,bg_shop_00,,204002,5,300,2,509283014,1,665,-1,1,8,10000
7494,bg_shop_00,,204002,5,300,2,509283015,1,665,-1,1,9,10000
7495,bg_shop_00,,204002,5,300,2,509283016,1,665,-1,1,10,10000
7496,bg_shop_00,,204002,5,300,2,509283017,1,665,-1,1,11,10000
7497,bg_shop_00,,204002,5,300,2,509283018,1,665,-1,1,12,10000
7498,bg_shop_00,,204002,100,6,2,509283019,1,665,-1,1,13,10000
7499,bg_shop_00,,204002,500,4,2,509283020,1,665,-1,1,14,10000
7500,bg_shop_00,,204002,5000,4,2,509283021,1,665,-1,1,15,10000
7501,bg_shop_00,,204002,100,5,2,509283022,1,665,-1,1,16,10000
7502,bg_shop_00,,204002,10,200,2,509283023,1,665,-1,1,17,10000
7503,bg_shop_00,,204002,20,60,2,509283024,1,665,-1,1,18,10000
7504,bg_shop_00,,204002,100,20,2,509283025,1,665,-1,1,19,10000
7505,bg_shop_00,,204002,999,5,2,509283026,1,665,-1,1,20,10000
7506,bg_shop_00,,204002,9999,2,2,509283027,1,665,-1,1,21,10000
7507,bg_shop_00,,204002,999,5,2,509283028,1,665,-1,1,22,10000
7508,bg_shop_00,,204002,999,60,2,509283029,1,665,-1,1,23,10000
7509,bg_shop_00,,204002,999,20,2,509283030,1,665,-1,1,24,10000
7510,bg_shop_00,,401081002,200,20,2,506030001,1,666,-1,1,1,10000
7511,bg_shop_00,,401081002,1,999,2,408136001,1,666,-1,1,2,10000
7512,bg_shop_00,,401081002,1,999,2,412130001,1,666,-1,1,3,10000
7513,bg_shop_00,,401081002,1,999,2,508202101,1,666,-1,1,4,10000
7514,bg_shop_00,,401081002,1,999,2,505171901,1,666,-1,1,5,10000
7515,bg_shop_00,,401081002,1,999,2,503281001,1,666,-1,1,6,10000
7516,bg_shop_00,,401081002,1,200,2,503281002,1,666,-1,1,7,10000
7517,bg_shop_00,,401081002,1,100,2,503281003,1,666,-1,1,8,10000
7518,bg_shop_00,,401081002,2,400,2,503281004,1,666,-1,1,9,10000
7519,bg_shop_00,,401081002,10,60,2,503281005,1,666,-1,1,10,10000
7520,bg_shop_00,,401081002,100,8,2,503281006,1,666,-1,1,11,10000
7521,bg_shop_00,,401081002,100,15,2,503281007,1,666,-1,1,12,10000
7522,bg_shop_00,,401081002,300,10,2,503281008,1,666,-1,1,13,10000
7523,bg_shop_00,,401081002,200,10,2,503281009,1,666,-1,1,14,10000
7524,bg_shop_00,,401081002,4,300,2,503281010,1,666,-1,1,15,10000
7525,bg_shop_00,,401081002,4,30,2,503281011,1,666,-1,1,16,10000
7526,bg_shop_00,,401081002,20,60,2,503281012,1,666,-1,1,17,10000
7527,bg_shop_00,,401081002,999,30,2,503281013,1,666,-1,1,18,10000
7528,bg_shop_00,,401081002,999,20,2,503281014,1,666,-1,1,19,10000
7529,bg_shop_00,,401081002,999,20,2,503281015,1,666,-1,1,20,10000
7530,bg_shop_00,,401081002,1,1999,2,408136001,1,667,-1,1,1,10000
7531,bg_shop_00,,401081002,1,1999,2,412130001,1,667,-1,1,2,10000
7532,bg_shop_00,,401081002,1,1999,2,508202101,1,667,-1,1,3,10000
7533,bg_shop_00,,401081002,1,1999,2,505171901,1,667,-1,1,4,10000
7534,bg_shop_00,,401081002,200,20,2,506056202,1,667,-1,1,5,10000
7535,bg_shop_00,,401081002,1,1999,2,503075202,1,667,-1,1,6,10000
7536,bg_shop_00,,401081002,1,999,2,503075203,1,667,-1,1,7,10000
7537,bg_shop_00,,401081002,1,200,2,503075204,1,667,-1,1,8,10000
7538,bg_shop_00,,401081002,1,200,2,505155003,1,667,-1,1,9,10000
7539,bg_shop_00,,401081002,4,350,2,503075205,1,667,-1,1,10,10000
7540,bg_shop_00,,401081002,10,60,2,503075206,1,667,-1,1,11,10000
7541,bg_shop_00,,401081002,1,25,2,503075207,1,667,-1,1,12,10000
7542,bg_shop_00,,401081002,100,20,2,506190008,1,667,-1,1,13,10000
7543,bg_shop_00,,401081002,100,8,2,503075208,1,667,-1,1,14,10000
7544,bg_shop_00,,401081002,6,65,2,503075209,1,667,-1,1,15,10000
7545,bg_shop_00,,401081002,300,15,2,503075210,1,667,-1,1,16,10000
7546,bg_shop_00,,401081002,20,40,2,503075211,1,667,-1,1,17,10000
7547,bg_shop_00,,401081002,30,15,2,503075212,1,667,-1,1,18,10000
7548,bg_shop_00,,401081002,100,10,2,503075213,1,667,-1,1,19,10000
7549,bg_shop_00,,401081002,300,100,2,503075214,1,667,-1,1,20,10000
7550,bg_shop_00,,401081002,100,15,2,503075215,1,667,-1,1,21,10000
7551,bg_shop_00,,401081002,1000,5,2,503075216,1,667,-1,1,22,10000
7552,bg_shop_00,,401081002,100,75,2,503075217,1,667,-1,1,23,10000
7553,bg_shop_00,,401081002,300,5,2,503075218,1,667,-1,1,24,10000
7554,bg_shop_00,,507010001,200,30,2,509294019,1,668,-1,1,1,10000
7555,bg_shop_00,,507010001,200,30,2,509294020,1,668,-1,1,2,10000
7556,bg_shop_00,,507010001,200,30,2,509294021,1,668,-1,1,3,10000
7557,bg_shop_00,,507010001,5,300,2,509294022,1,668,-1,1,4,10000
7558,bg_shop_00,,507010001,5,300,2,509294023,1,668,-1,1,5,10000
7559,bg_shop_00,,507010001,5,300,2,509294024,1,668,-1,1,6,10000
7560,bg_shop_00,,507010001,20,100,2,509294025,1,668,-1,1,7,10000
756001,bg_shop_00,,507010001,200,30,2,512046625,1,668,-1,1,8,10000
7561,bg_shop_00,,507010001,9,600,2,509294026,1,668,-1,1,9,10000
7562,bg_shop_00,,507010001,3,300,2,509294027,1,668,-1,1,10,10000
7563,bg_shop_00,,507010001,3,300,2,509294028,1,668,-1,1,11,10000
7564,bg_shop_00,,507010001,100,6,2,509294029,1,668,-1,1,12,10000
7565,bg_shop_00,,507010001,500,4,2,509294030,1,668,-1,1,13,10000
7566,bg_shop_00,,507010001,5000,4,2,509294031,1,668,-1,1,14,10000
7567,bg_shop_00,,507010001,100,5,2,509294032,1,668,-1,1,15,10000
7568,bg_shop_00,,507010001,50,5,2,509294033,1,668,-1,1,16,10000
7569,bg_shop_00,,507010001,999,200,2,509294034,1,668,-1,1,17,10000
7570,bg_shop_00,,507010001,999,60,2,509294035,1,668,-1,1,18,10000
7571,bg_shop_00,,507010001,999,20,2,509294036,1,668,-1,1,19,10000
7572,bg_shop_00,,507010001,999,5,2,509294037,1,668,-1,1,20,10000
7573,bg_shop_00,,507010001,9999,2,2,509294038,1,668,-1,1,21,10000
7574,bg_shop_00,,507010001,999,30,2,509294039,1,668,-1,1,22,10000
7575,bg_shop_00,,507010001,999,100,2,509294040,1,668,-1,1,23,10000
7576,bg_shop_00,,507010001,999,80,2,509294041,1,668,-1,1,24,10000
7577,bg_shop_00,,401250002,20,1200,2,509295013,-1,669,-1,1,1,10000
7578,bg_shop_00,,401250002,200,120,2,509295014,-1,669,-1,1,2,10000
7579,bg_shop_00,,401250002,20,400,2,509295015,-1,669,-1,1,3,10000
7580,bg_shop_00,,401250002,200,120,2,509295016,-1,669,-1,1,4,10000
7581,bg_shop_00,,401250002,9,2400,2,509295017,-1,669,-1,1,5,10000
7582,bg_shop_00,,401250002,5,1200,2,509295018,-1,669,-1,1,6,10000
7583,bg_shop_00,,401250002,5,1200,2,509295019,-1,669,-1,1,7,10000
7584,bg_shop_00,,401250002,100,24,2,509295020,-1,669,-1,1,8,10000
7585,bg_shop_00,,401250002,500,16,2,509295021,-1,669,-1,1,9,10000
7586,bg_shop_00,,401250002,5000,16,2,509295022,-1,669,-1,1,10,10000
7587,bg_shop_00,,401250002,100,20,2,509295023,-1,669,-1,1,11,10000
7588,bg_shop_00,,401250002,10,800,2,509295024,-1,669,-1,1,12,10000
7589,bg_shop_00,,401250002,20,240,2,509295025,-1,669,-1,1,13,10000
7590,bg_shop_00,,401250002,100,80,2,509295026,-1,669,-1,1,14,10000
7591,bg_shop_00,,401250002,999,20,2,509295027,-1,669,-1,1,15,10000
7592,bg_shop_00,,401250002,9999,8,2,509295028,-1,669,-1,1,16,10000
7593,bg_shop_00,,401250002,999,20,2,509295029,-1,669,-1,1,17,10000
7594,bg_shop_00,,401250002,999,240,2,509295030,-1,669,-1,1,18,10000
7595,bg_shop_00,,401250002,999,80,2,509295031,-1,669,-1,1,19,10000
7596,bg_shop_00,,405151001,10,45,2,507106102,1,670,-1,1,1,10000
7597,bg_shop_00,,405151001,50,15,2,507106103,1,670,-1,1,2,10000
7598,bg_shop_00,,405151001,2,150,2,507106104,1,670,-1,1,3,10000
7599,bg_shop_00,,405151001,100,5,2,507106105,1,670,-1,1,4,10000
7600,bg_shop_00,,405151001,30,200,2,507106106,1,670,-1,1,5,10000
7601,bg_shop_00,,405151001,300,4,2,507106107,1,670,-1,1,6,10000
7602,bg_shop_00,,405151001,300,4,2,507106108,1,670,-1,1,7,10000
7603,bg_shop_00,,405151001,200,8,2,507106109,1,670,-1,1,8,10000
7604,bg_shop_00,,405151001,50,80,2,507106110,1,670,-1,1,9,10000
7605,bg_shop_00,,405151001,10,15,2,507106111,1,670,-1,1,10,10000
7606,bg_shop_00,,405151001,100,2,2,507106112,1,670,-1,1,11,10000
7607,bg_shop_00,,405151001,100,2,2,507106113,1,670,-1,1,12,10000
7608,bg_shop_00,,405151001,50,20,2,507106114,1,670,-1,1,13,10000
7609,bg_shop_00,,405151001,50,5,2,507106115,1,670,-1,1,14,10000
7610,bg_shop_00,,405151001,10,30,2,507106116,1,670,-1,1,15,10000
7611,bg_shop_00,,405151001,1000,2,2,507106117,1,670,-1,1,16,10000
7612,bg_shop_00,,405151001,500,3,2,507106118,1,670,-1,1,17,10000
7613,bg_shop_00,,405151001,300,2,2,507106119,1,670,-1,1,18,10000
7614,bg_shop_00,,405151001,1000,1,2,507106120,1,670,-1,1,19,10000
7615,bg_shop_00,,507010001,200,30,2,509307301,1,671,-1,1,1,10000
7616,bg_shop_00,,507010001,200,30,2,509307302,1,671,-1,1,2,10000
7617,bg_shop_00,,507010001,200,30,2,509307303,1,671,-1,1,3,10000
7618,bg_shop_00,,507010001,200,30,2,509307304,1,671,-1,1,4,10000
7619,bg_shop_00,,507010001,200,30,2,509307305,1,671,-1,1,5,10000
7620,bg_shop_00,,507010001,200,30,2,509307306,1,671,-1,1,6,10000
7621,bg_shop_00,,507010001,20,100,2,509307307,1,671,-1,1,7,10000
7622,bg_shop_00,,507010001,200,30,2,509307308,1,671,-1,1,8,10000
7623,bg_shop_00,,507010001,9,600,2,509307309,1,671,-1,1,9,10000
7624,bg_shop_00,,507010001,800,30,2,509307310,1,671,-1,1,10,10000
7625,bg_shop_00,,507010001,3,300,2,509307311,1,671,-1,1,11,10000
7626,bg_shop_00,,507010001,100,6,2,509307312,1,671,-1,1,12,10000
7627,bg_shop_00,,507010001,500,4,2,509307313,1,671,-1,1,13,10000
7628,bg_shop_00,,507010001,5000,4,2,509307314,1,671,-1,1,14,10000
7629,bg_shop_00,,507010001,100,5,2,509307315,1,671,-1,1,15,10000
7630,bg_shop_00,,507010001,50,5,2,509307316,1,671,-1,1,16,10000
7631,bg_shop_00,,507010001,999,200,2,509307317,1,671,-1,1,17,10000
7632,bg_shop_00,,507010001,999,60,2,509307318,1,671,-1,1,18,10000
7633,bg_shop_00,,507010001,999,20,2,509307319,1,671,-1,1,19,10000
7634,bg_shop_00,,507010001,999,5,2,509307320,1,671,-1,1,20,10000
7635,bg_shop_00,,507010001,9999,2,2,509307321,1,671,-1,1,21,10000
7636,bg_shop_00,,507010001,999,30,2,509307322,1,671,-1,1,22,10000
7637,bg_shop_00,,507010001,999,100,2,509307323,1,671,-1,1,23,10000
7638,bg_shop_00,,507010001,999,80,2,509307324,1,671,-1,1,24,10000
7639,bg_shop_00,,401081002,1,1999,2,510016201,1,672,-1,1,1,10000
7640,bg_shop_00,,401081002,1,1999,2,510016202,1,672,-1,1,2,10000
7641,bg_shop_00,,401081002,100,20,2,510016203,1,672,-1,1,3,10000
7642,bg_shop_00,,401081002,1,999,2,510016204,1,672,-1,1,4,10000
7643,bg_shop_00,,401081002,1,200,2,510016205,1,672,-1,1,5,10000
7644,bg_shop_00,,401081002,1,200,2,510016206,1,672,-1,1,6,10000
7645,bg_shop_00,,401081002,4,350,2,510016207,1,672,-1,1,7,10000
7646,bg_shop_00,,401081002,10,60,2,510016208,1,672,-1,1,8,10000
7647,bg_shop_00,,401081002,1,25,2,510016209,1,672,-1,1,9,10000
7648,bg_shop_00,,401081002,100,20,2,510016210,1,672,-1,1,10,10000
7649,bg_shop_00,,401081002,100,8,2,510016211,1,672,-1,1,11,10000
7650,bg_shop_00,,401081002,6,65,2,510016212,1,672,-1,1,12,10000
7651,bg_shop_00,,401081002,300,15,2,510016213,1,672,-1,1,13,10000
7652,bg_shop_00,,401081002,20,40,2,510016214,1,672,-1,1,14,10000
7653,bg_shop_00,,401081002,30,15,2,510016215,1,672,-1,1,15,10000
7654,bg_shop_00,,401081002,100,10,2,510016216,1,672,-1,1,16,10000
7655,bg_shop_00,,401081002,300,100,2,510016217,1,672,-1,1,17,10000
7656,bg_shop_00,,401081002,100,15,2,510016218,1,672,-1,1,18,10000
7657,bg_shop_00,,401081002,1000,5,2,510016219,1,672,-1,1,19,10000
7658,bg_shop_00,,401081002,100,75,2,510016220,1,672,-1,1,20,10000
7659,bg_shop_00,,401081002,300,5,2,510016221,1,672,-1,1,21,10000
7660,bg_shop_00,,401250002,20,1200,2,510114013,-1,673,-1,1,1,10000
7661,bg_shop_00,,401250002,20,1200,2,510114014,-1,673,-1,1,2,10000
7662,bg_shop_00,,401250002,20,1200,2,510114015,-1,673,-1,1,3,10000
7663,bg_shop_00,,401250002,200,120,2,510114016,-1,673,-1,1,4,10000
7664,bg_shop_00,,401250002,20,400,2,510114017,-1,673,-1,1,5,10000
7665,bg_shop_00,,401250002,200,120,2,510114018,-1,673,-1,1,6,10000
7666,bg_shop_00,,401250002,9,2400,2,510114019,-1,673,-1,1,7,10000
7667,bg_shop_00,,401250002,5,1200,2,510114020,-1,673,-1,1,8,10000
7668,bg_shop_00,,401250002,5,1200,2,510114021,-1,673,-1,1,9,10000
7669,bg_shop_00,,401250002,5,300,2,510114022,-1,673,-1,1,10,10000
7670,bg_shop_00,,401250002,5,300,2,510114023,-1,673,-1,1,11,10000
7671,bg_shop_00,,401250002,5,1200,2,510114024,-1,673,-1,1,12,10000
7672,bg_shop_00,,401250002,5,1200,2,510114025,-1,673,-1,1,13,10000
7673,bg_shop_00,,401250002,100,24,2,510114026,-1,673,-1,1,14,10000
7674,bg_shop_00,,401250002,500,16,2,510114027,-1,673,-1,1,15,10000
7675,bg_shop_00,,401250002,5000,16,2,510114028,-1,673,-1,1,16,10000
7676,bg_shop_00,,401250002,100,20,2,510114029,-1,673,-1,1,17,10000
7677,bg_shop_00,,401250002,10,800,2,510114030,-1,673,-1,1,18,10000
7678,bg_shop_00,,401250002,20,240,2,510114031,-1,673,-1,1,19,10000
7679,bg_shop_00,,401250002,100,80,2,510114032,-1,673,-1,1,20,10000
7680,bg_shop_00,,401250002,999,20,2,510114033,-1,673,-1,1,21,10000
7681,bg_shop_00,,401250002,9999,8,2,510114034,-1,673,-1,1,22,10000
7682,bg_shop_00,,401250002,999,20,2,510114035,-1,673,-1,1,23,10000
7683,bg_shop_00,,401250002,999,240,2,510114036,-1,673,-1,1,24,10000
7684,bg_shop_00,,401250002,999,80,2,510114037,-1,673,-1,1,25,10000
7685,bg_shop_00,,401081002,1,1999,2,510115001,1,674,-1,1,1,10000
7686,bg_shop_00,,401081002,1,1999,2,510115002,1,674,-1,1,2,10000
7687,bg_shop_00,,401081002,1,999,2,510115003,1,674,-1,1,3,10000
7688,bg_shop_00,,401081002,1,200,2,510115004,1,674,-1,0,4,10000
7689,bg_shop_00,,401081002,1,200,2,510115005,1,674,-1,0,5,10000
7690,bg_shop_00,,401081002,1,200,2,510115006,1,674,-1,0,6,10000
7691,bg_shop_00,,401081002,1,200,2,510115007,1,674,-1,1,7,10000
7692,bg_shop_00,,401081002,1,200,2,510115008,1,674,-1,0,8,10000
7693,bg_shop_00,,401081002,1,200,2,510115009,1,674,-1,1,9,10000
7694,bg_shop_00,,401081002,1,200,2,510115010,1,674,-1,0,10,10000
7695,bg_shop_00,,401081002,4,350,2,510115011,1,674,-1,1,11,10000
7696,bg_shop_00,,401081002,4,350,2,510115012,1,674,-1,1,12,10000
7697,bg_shop_00,,401081002,4,350,2,510115013,1,674,-1,1,13,10000
7698,bg_shop_00,,401081002,4,350,2,510115014,1,674,-1,1,14,10000
7699,bg_shop_00,,401081002,4,350,2,510115015,1,674,-1,1,15,10000
7700,bg_shop_00,,401081002,4,350,2,510115016,1,674,-1,1,16,10000
7701,bg_shop_00,,401081002,4,350,2,510115017,1,674,-1,1,17,10000
7702,bg_shop_00,,401081002,4,200,2,510115018,1,674,-1,1,18,10000
7703,bg_shop_00,,401081002,10,60,2,510115019,1,674,-1,1,19,10000
7704,bg_shop_00,,401081002,100,8,2,510115020,1,674,-1,1,20,10000
7705,bg_shop_00,,401081002,1,25,2,510115021,1,674,-1,1,21,10000
7706,bg_shop_00,,401081002,6,65,2,510115022,1,674,-1,1,22,10000
7707,bg_shop_00,,401081002,300,15,2,510115023,1,674,-1,1,23,10000
7708,bg_shop_00,,401081002,20,40,2,510115024,1,674,-1,1,24,10000
7709,bg_shop_00,,401081002,30,15,2,510115025,1,674,-1,1,25,10000
7710,bg_shop_00,,401081002,100,10,2,510115026,1,674,-1,1,26,10000
7711,bg_shop_00,,401081002,300,100,2,510115027,1,674,-1,1,27,10000
7712,bg_shop_00,,401081002,100,15,2,510115028,1,674,-1,1,28,10000
7713,bg_shop_00,,401081002,1000,5,2,510115029,1,674,-1,1,29,10000
7714,bg_shop_00,,401081002,100,75,2,510115030,1,674,-1,1,30,10000
7715,bg_shop_00,,401081002,300,5,2,510115031,1,674,-1,1,31,10000
7716,bg_shop_00,,401081002,100,20,2,506030001,1,675,-1,1,1,10000
7717,bg_shop_00,,401081002,1,999,2,404127001,1,675,-1,1,2,10000
7721,bg_shop_00,,401081002,1,999,2,503281001,1,675,-1,1,3,10000
7722,bg_shop_00,,401081002,1,200,2,503281002,1,675,-1,1,4,10000
7723,bg_shop_00,,401081002,1,100,2,503281003,1,675,-1,1,5,10000
7724,bg_shop_00,,401081002,2,400,2,503281004,1,675,-1,1,6,10000
7725,bg_shop_00,,401081002,10,60,2,503281005,1,675,-1,1,7,10000
7726,bg_shop_00,,401081002,100,8,2,503281006,1,675,-1,1,8,10000
7727,bg_shop_00,,401081002,100,15,2,503281007,1,675,-1,1,9,10000
7728,bg_shop_00,,401081002,300,10,2,503281008,1,675,-1,1,10,10000
7729,bg_shop_00,,401081002,200,10,2,503281009,1,675,-1,1,11,10000
7730,bg_shop_00,,401081002,4,300,2,503281010,1,675,-1,1,12,10000
7731,bg_shop_00,,401081002,4,30,2,503281011,1,675,-1,1,13,10000
7732,bg_shop_00,,401081002,20,60,2,503281012,1,675,-1,1,14,10000
7733,bg_shop_00,,401081002,999,30,2,503281013,1,675,-1,1,15,10000
7734,bg_shop_00,,401081002,999,20,2,503281014,1,675,-1,1,16,10000
7735,bg_shop_00,,401081002,999,20,2,503281015,1,675,-1,1,17,10000
7736,bg_shop_00,,401081002,100,20,2,506056202,1,676,-1,1,1,10000
7737,bg_shop_00,,401081002,1,1999,2,404127001,1,676,-1,1,2,10000
7738,bg_shop_00,,401081002,1,1999,2,503075202,1,676,-1,1,3,10000
7739,bg_shop_00,,401081002,1,999,2,503075203,1,676,-1,1,4,10000
7740,bg_shop_00,,401081002,1,200,2,503075204,1,676,-1,1,5,10000
7741,bg_shop_00,,401081002,1,200,2,505155003,1,676,-1,1,6,10000
7742,bg_shop_00,,401081002,4,350,2,503075205,1,676,-1,1,7,10000
7743,bg_shop_00,,401081002,10,60,2,503075206,1,676,-1,1,8,10000
7744,bg_shop_00,,401081002,1,25,2,503075207,1,676,-1,1,9,10000
7745,bg_shop_00,,401081002,100,20,2,506190008,1,676,-1,1,10,10000
7746,bg_shop_00,,401081002,100,8,2,503075208,1,676,-1,1,11,10000
7747,bg_shop_00,,401081002,6,65,2,503075209,1,676,-1,1,12,10000
7748,bg_shop_00,,401081002,300,15,2,503075210,1,676,-1,1,13,10000
7749,bg_shop_00,,401081002,20,40,2,503075211,1,676,-1,1,14,10000
7750,bg_shop_00,,401081002,30,15,2,503075212,1,676,-1,1,15,10000
7751,bg_shop_00,,401081002,100,10,2,503075213,1,676,-1,1,16,10000
7752,bg_shop_00,,401081002,300,100,2,503075214,1,676,-1,1,17,10000
7753,bg_shop_00,,401081002,100,15,2,503075215,1,676,-1,1,18,10000
7754,bg_shop_00,,401081002,1000,5,2,503075216,1,676,-1,1,19,10000
7755,bg_shop_00,,401081002,100,75,2,503075217,1,676,-1,1,20,10000
7756,bg_shop_00,,401081002,300,5,2,503075218,1,676,-1,1,21,10000
7757,bg_shop_00,,401081002,1,999,2,510166001,1,677,-1,1,1,10000
7758,bg_shop_00,,401081002,100,20,2,506056202,1,677,-1,1,2,10000
7759,bg_shop_00,,401081002,1,1999,2,503075202,1,677,-1,1,3,10000
7760,bg_shop_00,,401081002,1,999,2,503075203,1,677,-1,1,4,10000
7761,bg_shop_00,,401081002,1,200,2,503075204,1,677,-1,1,5,10000
7762,bg_shop_00,,401081002,1,200,2,505155003,1,677,-1,1,6,10000
7763,bg_shop_00,,401081002,4,350,2,503075205,1,677,-1,1,7,10000
7764,bg_shop_00,,401081002,10,60,2,503075206,1,677,-1,1,8,10000
7765,bg_shop_00,,401081002,1,25,2,503075207,1,677,-1,1,9,10000
7766,bg_shop_00,,401081002,100,20,2,506190008,1,677,-1,1,10,10000
7767,bg_shop_00,,401081002,100,8,2,503075208,1,677,-1,1,11,10000
7768,bg_shop_00,,401081002,6,65,2,503075209,1,677,-1,1,12,10000
7769,bg_shop_00,,401081002,300,15,2,503075210,1,677,-1,1,13,10000
7770,bg_shop_00,,401081002,20,40,2,503075211,1,677,-1,1,14,10000
7771,bg_shop_00,,401081002,30,15,2,503075212,1,677,-1,1,15,10000
7772,bg_shop_00,,401081002,100,10,2,503075213,1,677,-1,1,16,10000
7773,bg_shop_00,,401081002,300,100,2,503075214,1,677,-1,1,17,10000
7774,bg_shop_00,,401081002,100,15,2,503075215,1,677,-1,1,18,10000
7775,bg_shop_00,,401081002,1000,5,2,503075216,1,677,-1,1,19,10000
7776,bg_shop_00,,401081002,100,75,2,503075217,1,677,-1,1,20,10000
7777,bg_shop_00,,401081002,300,5,2,503075218,1,677,-1,1,21,10000
7778,bg_shop_00,,204002,20,300,2,510173008,1,678,-1,1,1,10000
7779,bg_shop_00,,204002,20,300,2,510173009,1,678,-1,1,2,10000
7780,bg_shop_00,,204002,20,300,2,510173010,1,678,-1,1,3,10000
7781,bg_shop_00,,204002,200,30,2,510173011,1,678,-1,1,4,10000
7782,bg_shop_00,,204002,20,100,2,510173012,1,678,-1,1,5,10000
778201,bg_shop_00,,204002,200,30,2,512046625,1,678,-1,1,6,10000
7783,bg_shop_00,,204002,9,600,2,510173013,1,678,-1,1,7,10000
7784,bg_shop_00,,204002,5,300,2,510173014,1,678,-1,1,8,10000
7785,bg_shop_00,,204002,5,300,2,510173015,1,678,-1,1,9,10000
7786,bg_shop_00,,204002,5,300,2,510173016,1,678,-1,1,10,10000
7787,bg_shop_00,,204002,5,300,2,510173017,1,678,-1,1,11,10000
7788,bg_shop_00,,204002,100,6,2,510173018,1,678,-1,1,12,10000
7789,bg_shop_00,,204002,500,4,2,510173019,1,678,-1,1,13,10000
7790,bg_shop_00,,204002,5000,4,2,510173020,1,678,-1,1,14,10000
7791,bg_shop_00,,204002,100,5,2,510173021,1,678,-1,1,15,10000
7792,bg_shop_00,,204002,10,200,2,510173022,1,678,-1,1,16,10000
7793,bg_shop_00,,204002,20,60,2,510173023,1,678,-1,1,17,10000
7794,bg_shop_00,,204002,100,20,2,510173024,1,678,-1,1,18,10000
7795,bg_shop_00,,204002,999,5,2,510173025,1,678,-1,1,19,10000
7796,bg_shop_00,,204002,9999,2,2,510173026,1,678,-1,1,20,10000
7797,bg_shop_00,,204002,999,5,2,510173027,1,678,-1,1,21,10000
7798,bg_shop_00,,204002,999,60,2,510173028,1,678,-1,1,22,10000
7799,bg_shop_00,,204002,999,20,2,510173029,1,678,-1,1,23,10000
7800,bg_shop_00,,401081002,1,1999,2,510174001,1,679,-1,1,1,10000
7801,bg_shop_00,,401081002,1,1999,2,510174002,1,679,-1,1,2,10000
7802,bg_shop_00,,401081002,1,999,2,510174003,1,679,-1,1,3,10000
7803,bg_shop_00,,401081002,1,200,2,510174004,1,679,-1,1,4,10000
7804,bg_shop_00,,401081002,1,200,2,510174005,1,679,-1,1,5,10000
7805,bg_shop_00,,401081002,1,200,2,510174006,1,679,-1,1,6,10000
7806,bg_shop_00,,401081002,1,200,2,510174007,1,679,-1,1,7,10000
7807,bg_shop_00,,401081002,1,200,2,510174008,1,679,-1,1,8,10000
7808,bg_shop_00,,401081002,1,200,2,510174009,1,679,-1,1,9,10000
7809,bg_shop_00,,401081002,1,200,2,510174010,1,679,-1,1,10,10000
7810,bg_shop_00,,401081002,1,200,2,510174011,1,679,-1,1,11,10000
7811,bg_shop_00,,401081002,1,200,2,510174012,1,679,-1,1,12,10000
7812,bg_shop_00,,401081002,4,350,2,510174013,1,679,-1,1,13,10000
7813,bg_shop_00,,401081002,4,350,2,510174014,1,679,-1,1,14,10000
7814,bg_shop_00,,401081002,4,350,2,510174015,1,679,-1,1,15,10000
7815,bg_shop_00,,401081002,4,350,2,510174016,1,679,-1,1,16,10000
7816,bg_shop_00,,401081002,4,350,2,510174017,1,679,-1,1,17,10000
7817,bg_shop_00,,401081002,4,350,2,510174018,1,679,-1,1,18,10000
7818,bg_shop_00,,401081002,4,350,2,510174019,1,679,-1,1,19,10000
7819,bg_shop_00,,401081002,4,200,2,510174020,1,679,-1,1,20,10000
7820,bg_shop_00,,401081002,10,60,2,510174021,1,679,-1,1,21,10000
7821,bg_shop_00,,401081002,100,8,2,510174022,1,679,-1,1,22,10000
7822,bg_shop_00,,401081002,1,25,2,510174023,1,679,-1,1,23,10000
7823,bg_shop_00,,401081002,6,65,2,510174024,1,679,-1,1,24,10000
7824,bg_shop_00,,401081002,300,15,2,510174025,1,679,-1,1,25,10000
7825,bg_shop_00,,401081002,20,40,2,510174026,1,679,-1,1,26,10000
7826,bg_shop_00,,401081002,30,15,2,510174027,1,679,-1,1,27,10000
7827,bg_shop_00,,401081002,100,10,2,510174028,1,679,-1,1,28,10000
7828,bg_shop_00,,401081002,300,100,2,510174029,1,679,-1,1,29,10000
7829,bg_shop_00,,401081002,100,15,2,510174030,1,679,-1,1,30,10000
7830,bg_shop_00,,401081002,1000,5,2,510174031,1,679,-1,1,31,10000
7831,bg_shop_00,,401081002,100,75,2,510174032,1,679,-1,1,32,10000
7832,bg_shop_00,,401081002,300,5,2,510174033,1,679,-1,1,33,10000
7833,bg_shop_00,,405151001,1,1000,2,510203001,1,680,-1,1,1,10000
7834,bg_shop_00,,405151001,100,15,2,510203002,1,680,-1,1,2,10000
7835,bg_shop_00,,405151001,300,3,2,510203003,1,680,-1,1,3,10000
7836,bg_shop_00,,405151001,300,3,2,510203004,1,680,-1,1,4,10000
7837,bg_shop_00,,405151001,10,80,2,510203005,1,680,-1,1,5,10000
7838,bg_shop_00,,405151001,999,3,2,510203006,1,680,-1,1,6,10000
7839,bg_shop_00,,405151001,999,3,2,510203007,1,680,-1,1,7,10000
7840,bg_shop_00,,405151001,999,3,2,510203008,1,680,-1,1,8,10000
7841,bg_shop_00,,405151001,200,4,2,510203009,1,680,-1,1,9,10000
7842,bg_shop_00,,405151001,1,30,2,510203010,1,680,-1,1,10,10000
7843,bg_shop_00,,405151001,1,15,2,510203011,1,680,-1,1,11,10000
7844,bg_shop_00,,405151001,1,10,2,510203012,1,680,-1,1,12,10000
7845,bg_shop_00,,405151001,12,300,2,510203013,1,680,-1,1,13,10000
7846,bg_shop_00,,405151001,12,50,2,510203014,1,680,-1,1,14,10000
7847,bg_shop_00,,405151001,8,150,2,510203015,1,680,-1,1,15,10000
7848,bg_shop_00,,405151001,8,150,2,510203016,1,680,-1,1,16,10000
7849,bg_shop_00,,405151001,8,150,2,510203017,1,680,-1,1,17,10000
7850,bg_shop_00,,405151001,8,150,2,510203018,1,680,-1,1,18,10000
7851,bg_shop_00,,405151001,500,2,2,510203019,1,680,-1,1,19,10000
7852,bg_shop_00,,405151001,500,3,2,510203020,1,680,-1,1,20,10000
7853,bg_shop_00,,405151001,300,2,2,510203021,1,680,-1,1,21,10000
7854,bg_shop_00,,405151001,1000,1,2,510203022,1,680,-1,1,22,10000
7855,bg_shop_00,,401081002,1,999,2,510166001,1,681,-1,1,1,10000
7856,bg_shop_00,,401081002,1,200,2,503281002,1,681,-1,1,2,10000
7857,bg_shop_00,,401081002,1,100,2,503281003,1,681,-1,1,3,10000
7858,bg_shop_00,,401081002,2,400,2,503281004,1,681,-1,1,4,10000
7859,bg_shop_00,,401081002,10,60,2,503281005,1,681,-1,1,5,10000
7860,bg_shop_00,,401081002,100,8,2,503281006,1,681,-1,1,6,10000
7861,bg_shop_00,,401081002,100,15,2,503281007,1,681,-1,1,7,10000
7862,bg_shop_00,,401081002,300,10,2,503281008,1,681,-1,1,8,10000
7863,bg_shop_00,,401081002,200,10,2,503281009,1,681,-1,1,9,10000
7864,bg_shop_00,,401081002,4,300,2,503281010,1,681,-1,1,10,10000
7865,bg_shop_00,,401081002,4,30,2,503281011,1,681,-1,1,11,10000
7866,bg_shop_00,,401081002,20,60,2,503281012,1,681,-1,1,12,10000
7867,bg_shop_00,,401081002,999,30,2,503281013,1,681,-1,1,13,10000
7868,bg_shop_00,,401081002,999,20,2,503281014,1,681,-1,1,14,10000
7869,bg_shop_00,,401081002,999,20,2,503281015,1,681,-1,1,15,10000
7871,bg_shop_00,,502301029,1,200,2,506035014,-1,682,-1,1,2,10000
7872,bg_shop_00,,502301029,1,400,2,506035015,-1,682,-1,1,3,10000
7873,bg_shop_00,,502301029,1,400,2,506035016,-1,682,-1,1,4,10000
7874,bg_shop_00,,502301029,10,40,2,506035017,-1,682,-1,1,5,10000
7875,bg_shop_00,,502301029,10,30,2,506035018,-1,682,-1,1,6,10000
7876,bg_shop_00,,502301029,10,20,2,506035019,-1,682,-1,1,7,10000
7877,bg_shop_00,,502301029,300,2,2,506035020,-1,682,-1,1,8,10000
7878,bg_shop_00,,502301029,500,1,2,506035021,-1,682,-1,1,9,10000
7879,bg_shop_00,,502301029,500,1,2,506035022,-1,682,-1,1,10,10000
7880,bg_shop_00,,502301029,500,1,2,506035023,-1,682,-1,1,11,10000
7881,bg_shop_00,,510150002,100,20,2,510220101,-1,683,-1,1,1,10000
7882,bg_shop_00,,510150002,1,999,2,510220102,-1,683,-1,1,2,10000
7883,bg_shop_00,,510150002,1,899,2,510220103,-1,683,-1,1,3,10000
7884,bg_shop_00,,510150002,1,200,2,510220104,-1,683,-1,1,4,10000
7885,bg_shop_00,,510150002,4,200,2,510220105,-1,683,-1,1,5,10000
7886,bg_shop_00,,510150002,4,200,2,510220106,-1,683,-1,1,6,10000
7887,bg_shop_00,,510150002,11,180,2,510220107,-1,683,-1,1,7,10000
7888,bg_shop_00,,510150002,11,180,2,510220108,-1,683,-1,1,8,10000
7889,bg_shop_00,,510150002,200,15,2,510220109,-1,683,-1,1,9,10000
7890,bg_shop_00,,510150002,200,10,2,510220110,-1,683,-1,1,10,10000
7891,bg_shop_00,,510150002,2,300,2,510220111,-1,683,-1,1,11,10000
7892,bg_shop_00,,510150002,400,12,2,510220112,-1,683,-1,1,12,10000
7893,bg_shop_00,,510150002,2,300,2,510220113,-1,683,-1,1,13,10000
7894,bg_shop_00,,510150002,30,400,2,510220114,-1,683,-1,1,14,10000
7895,bg_shop_00,,510150002,8,200,2,510220115,-1,683,-1,1,15,10000
7896,bg_shop_00,,510150002,200,5,2,510220116,-1,683,-1,1,16,10000
7897,bg_shop_00,,510150002,50,15,2,510220117,-1,683,-1,1,17,10000
7898,bg_shop_00,,510150002,300,10,2,510220118,-1,683,-1,1,18,10000
7899,bg_shop_00,,510150002,500,1,2,510220119,-1,683,-1,1,19,10000
7900,bg_shop_00,,510150002,1000,1,2,510220120,-1,683,-1,1,20,10000
7901,bg_shop_00,,510150002,100,20,2,510220201,-1,684,-1,1,1,10000
7902,bg_shop_00,,510150002,1,999,2,510220202,-1,684,-1,1,2,10000
7903,bg_shop_00,,510150002,1,899,2,510220203,-1,684,-1,1,3,10000
7904,bg_shop_00,,510150002,1,200,2,510220204,-1,684,-1,1,4,10000
7905,bg_shop_00,,510150002,4,200,2,510220205,-1,684,-1,1,5,10000
7906,bg_shop_00,,510150002,4,200,2,510220206,-1,684,-1,1,6,10000
7907,bg_shop_00,,510150002,11,180,2,510220207,-1,684,-1,1,7,10000
7908,bg_shop_00,,510150002,11,180,2,510220208,-1,684,-1,1,8,10000
7909,bg_shop_00,,510150002,200,15,2,510220209,-1,684,-1,1,9,10000
7910,bg_shop_00,,510150002,200,10,2,510220210,-1,684,-1,1,10,10000
7911,bg_shop_00,,510150002,2,300,2,510220211,-1,684,-1,1,11,10000
7912,bg_shop_00,,510150002,400,12,2,510220212,-1,684,-1,1,12,10000
7913,bg_shop_00,,510150002,2,300,2,510220213,-1,684,-1,1,13,10000
7914,bg_shop_00,,510150002,30,400,2,510220214,-1,684,-1,1,14,10000
7915,bg_shop_00,,510150002,20,90,2,510220215,-1,684,-1,1,15,10000
7916,bg_shop_00,,510150002,50,30,2,510220216,-1,684,-1,1,16,10000
7917,bg_shop_00,,510150002,200,5,2,510220217,-1,684,-1,1,17,10000
7918,bg_shop_00,,510150002,50,15,2,510220218,-1,684,-1,1,18,10000
7919,bg_shop_00,,510150002,300,10,2,510220219,-1,684,-1,1,19,10000
7920,bg_shop_00,,510150002,500,1,2,510220220,-1,684,-1,1,20,10000
7921,bg_shop_00,,510150002,1000,1,2,510220221,-1,684,-1,1,21,10000
7922,bg_shop_00,,510150007,5,100,2,510220301,-1,685,-1,1,1,10000
7923,bg_shop_00,,510150007,4,500,2,510220302,-1,685,-1,1,2,10000
7924,bg_shop_00,,510150007,2,400,2,510220303,-1,685,-1,1,3,10000
7925,bg_shop_00,,510150007,2,100,2,510220304,-1,685,-1,1,4,10000
7926,bg_shop_00,,510150007,50,50,2,510220305,-1,685,-1,1,5,10000
7927,bg_shop_00,,510150007,1,400,2,510220306,-1,685,-1,1,6,10000
7928,bg_shop_00,,510150007,3,100,2,510220307,-1,685,-1,1,7,10000
7929,bg_shop_00,,510150007,2,800,2,510220308,-1,685,-1,1,8,10000
7930,bg_shop_00,,510150007,2,200,2,510220309,-1,685,-1,1,9,10000
7931,bg_shop_00,,510150007,2,200,2,510220310,-1,685,-1,1,10,10000
7932,bg_shop_00,,510150007,2,200,2,510220311,-1,685,-1,1,11,10000
7933,bg_shop_00,,510150007,2,50,2,510220312,-1,685,-1,1,12,10000
7934,bg_shop_00,,510150007,2000,1,2,510220313,-1,685,-1,1,13,10000
7935,bg_shop_00,,401081002,1,1999,2,503180001,1,686,-1,1,1,10000
7936,bg_shop_00,,401081002,1,1999,2,504071202,1,686,-1,1,2,10000
7937,bg_shop_00,,401081002,100,20,2,510016203,1,686,-1,1,3,10000
7938,bg_shop_00,,401081002,1,999,2,510016204,1,686,-1,1,4,10000
7939,bg_shop_00,,401081002,1,200,2,510016205,1,686,-1,1,5,10000
7940,bg_shop_00,,401081002,1,200,2,510016206,1,686,-1,1,6,10000
7941,bg_shop_00,,401081002,4,350,2,510016207,1,686,-1,1,7,10000
7942,bg_shop_00,,401081002,10,60,2,510016208,1,686,-1,1,8,10000
7943,bg_shop_00,,401081002,1,25,2,510016209,1,686,-1,1,9,10000
7944,bg_shop_00,,401081002,100,20,2,510016210,1,686,-1,1,10,10000
7945,bg_shop_00,,401081002,100,8,2,510016211,1,686,-1,1,11,10000
7946,bg_shop_00,,401081002,6,65,2,510016212,1,686,-1,1,12,10000
7947,bg_shop_00,,401081002,300,15,2,510016213,1,686,-1,1,13,10000
7948,bg_shop_00,,401081002,20,40,2,510016214,1,686,-1,1,14,10000
7949,bg_shop_00,,401081002,30,15,2,510016215,1,686,-1,1,15,10000
7950,bg_shop_00,,401081002,100,10,2,510016216,1,686,-1,1,16,10000
7951,bg_shop_00,,401081002,300,100,2,510016217,1,686,-1,1,17,10000
7952,bg_shop_00,,401081002,100,15,2,510016218,1,686,-1,1,18,10000
7953,bg_shop_00,,401081002,1000,5,2,510016219,1,686,-1,1,19,10000
7954,bg_shop_00,,401081002,100,75,2,510016220,1,686,-1,1,20,10000
7955,bg_shop_00,,401081002,300,5,2,510016221,1,686,-1,1,21,10000
7956,bg_shop_00,,507010001,200,30,2,510243019,1,687,-1,1,1,10000
7957,bg_shop_00,,507010001,200,30,2,510243020,1,687,-1,1,2,10000
7958,bg_shop_00,,507010001,200,30,2,510243021,1,687,-1,1,3,10000
7959,bg_shop_00,,507010001,200,30,2,510243022,1,687,-1,1,4,10000
7960,bg_shop_00,,507010001,20,100,2,510243023,1,687,-1,1,5,10000
796001,bg_shop_00,,507010001,200,30,2,512046625,1,687,-1,1,6,10000
7961,bg_shop_00,,507010001,9,600,2,510243024,1,687,-1,1,7,10000
7962,bg_shop_00,,507010001,5,300,2,510243025,1,687,-1,1,8,10000
7963,bg_shop_00,,507010001,5,75,2,510243026,1,687,-1,1,9,10000
7964,bg_shop_00,,507010001,5,75,2,510243027,1,687,-1,1,10,10000
7965,bg_shop_00,,507010001,5,300,2,510243028,1,687,-1,1,11,10000
7966,bg_shop_00,,507010001,5,300,2,510243029,1,687,-1,1,12,10000
7967,bg_shop_00,,507010001,100,6,2,510243030,1,687,-1,1,13,10000
7968,bg_shop_00,,507010001,500,4,2,510243031,1,687,-1,1,14,10000
7969,bg_shop_00,,507010001,5000,4,2,510243032,1,687,-1,1,15,10000
7970,bg_shop_00,,507010001,100,5,2,510243033,1,687,-1,1,16,10000
7971,bg_shop_00,,507010001,10,200,2,510243034,1,687,-1,1,17,10000
7972,bg_shop_00,,507010001,20,60,2,510243035,1,687,-1,1,18,10000
7973,bg_shop_00,,507010001,100,20,2,510243036,1,687,-1,1,19,10000
7974,bg_shop_00,,507010001,999,5,2,510243037,1,687,-1,1,20,10000
7975,bg_shop_00,,507010001,9999,2,2,510243038,1,687,-1,1,21,10000
7976,bg_shop_00,,507010001,999,5,2,510243039,1,687,-1,1,22,10000
7977,bg_shop_00,,507010001,999,60,2,510243040,1,687,-1,1,23,10000
7978,bg_shop_00,,507010001,999,20,2,510243041,1,687,-1,1,24,10000
7979,bg_shop_00,,406181006,1,1999,2,510303001,-1,688,-1,1,1,10000
7980,bg_shop_00,,406181006,11,200,2,510303002,-1,688,-1,1,2,10000
7981,bg_shop_00,,406181006,11,200,2,510303003,-1,688,-1,1,3,10000
7982,bg_shop_00,,406181006,11,100,2,510303004,-1,688,-1,1,4,10000
7983,bg_shop_00,,406181006,11,100,2,510303005,-1,688,-1,1,5,10000
7984,bg_shop_00,,406181006,20,90,2,510303006,-1,688,-1,1,6,10000
7985,bg_shop_00,,406181006,100,30,2,510303007,-1,688,-1,1,7,10000
7986,bg_shop_00,,406181006,50,400,2,510303008,-1,688,-1,1,8,10000
7987,bg_shop_00,,406181006,100,15,2,510303009,-1,688,-1,1,9,10000
7988,bg_shop_00,,406181006,100,10,2,510303010,-1,688,-1,1,10,10000
7989,bg_shop_00,,406181006,1000,15,2,510303011,-1,688,-1,1,11,10000
7990,bg_shop_00,,406181006,1000,10,2,510303012,-1,688,-1,1,12,10000
7991,bg_shop_00,,406181006,1000,1,2,510303013,-1,688,-1,1,13,10000
7992,bg_shop_00,,406181006,1000,10,2,510303014,-1,688,-1,1,14,10000
7993,bg_shop_00,,406181006,1000,3,2,510303015,-1,688,-1,1,15,10000
7994,bg_shop_00,,406181006,1000,3,2,510303016,-1,688,-1,1,16,10000
7995,bg_shop_00,,406181006,1000,2,2,510303017,-1,688,-1,1,17,10000
7996,bg_shop_00,,406181006,1000,1,2,510303018,-1,688,-1,1,18,10000
7997,bg_shop_00,,401250002,20,1200,2,510314013,-1,689,-1,1,1,10000
7998,bg_shop_00,,401250002,20,1200,2,510314014,-1,689,-1,1,2,10000
7999,bg_shop_00,,401250002,20,1200,2,510314015,-1,689,-1,1,3,10000
8000,bg_shop_00,,401250002,200,120,2,510314016,-1,689,-1,1,4,10000
8001,bg_shop_00,,401250002,20,400,2,510314017,-1,689,-1,1,5,10000
8002,bg_shop_00,,401250002,200,120,2,510314018,-1,689,-1,1,6,10000
8003,bg_shop_00,,401250002,9,2400,2,510314019,-1,689,-1,1,7,10000
8004,bg_shop_00,,401250002,5,1200,2,510314020,-1,689,-1,1,8,10000
8005,bg_shop_00,,401250002,5,1200,2,510314021,-1,689,-1,1,9,10000
8006,bg_shop_00,,401250002,5,1200,2,510314022,-1,689,-1,1,10,10000
8007,bg_shop_00,,401250002,5,1200,2,510314023,-1,689,-1,1,11,10000
8008,bg_shop_00,,401250002,5,1200,2,510314024,-1,689,-1,1,12,10000
8009,bg_shop_00,,401250002,100,24,2,510314025,-1,689,-1,1,13,10000
8010,bg_shop_00,,401250002,500,16,2,510314026,-1,689,-1,1,14,10000
8011,bg_shop_00,,401250002,5000,16,2,510314027,-1,689,-1,1,15,10000
8012,bg_shop_00,,401250002,100,20,2,510314028,-1,689,-1,1,16,10000
8013,bg_shop_00,,401250002,10,800,2,510314029,-1,689,-1,1,17,10000
8014,bg_shop_00,,401250002,20,240,2,510314030,-1,689,-1,1,18,10000
8015,bg_shop_00,,401250002,100,80,2,510314031,-1,689,-1,1,19,10000
8016,bg_shop_00,,401250002,999,20,2,510314032,-1,689,-1,1,20,10000
8017,bg_shop_00,,401250002,9999,8,2,510314033,-1,689,-1,1,21,10000
8018,bg_shop_00,,401250002,999,20,2,510314034,-1,689,-1,1,22,10000
8019,bg_shop_00,,401250002,999,240,2,510314035,-1,689,-1,1,23,10000
8020,bg_shop_00,,401250002,999,80,2,510314036,-1,689,-1,1,24,10000
8021,bg_shop_00,,401081002,1,5000,2,510315001,1,690,-1,0,1,10000
8022,bg_shop_00,,401081002,1,1999,2,510315002,1,690,-1,1,2,10000
8023,bg_shop_00,,401081002,1,1999,2,510315003,1,690,-1,1,3,10000
8024,bg_shop_00,,401081002,1,999,2,510315004,1,690,-1,1,4,10000
8025,bg_shop_00,,401081002,1,200,2,510315005,1,690,-1,0,5,10000
8026,bg_shop_00,,401081002,1,200,2,510315006,1,690,-1,0,6,10000
8027,bg_shop_00,,401081002,1,200,2,510315007,1,690,-1,0,7,10000
8028,bg_shop_00,,401081002,1,200,2,510315008,1,690,-1,0,8,10000
8029,bg_shop_00,,401081002,1,200,2,510315009,1,690,-1,0,9,10000
8030,bg_shop_00,,401081002,1,200,2,510315010,1,690,-1,1,10,10000
8031,bg_shop_00,,401081002,1,200,2,510315011,1,690,-1,0,11,10000
8032,bg_shop_00,,401081002,1,200,2,510315012,1,690,-1,0,12,10000
8033,bg_shop_00,,401081002,1,200,2,510315013,1,690,-1,0,13,10000
8034,bg_shop_00,,401081002,1,200,2,510315014,1,690,-1,1,14,10000
8035,bg_shop_00,,401081002,1,200,2,510315015,1,690,-1,0,15,10000
8036,bg_shop_00,,401081002,4,350,2,510315016,1,690,-1,1,16,10000
8037,bg_shop_00,,401081002,4,350,2,510315017,1,690,-1,1,17,10000
8038,bg_shop_00,,401081002,4,350,2,510315018,1,690,-1,1,18,10000
8039,bg_shop_00,,401081002,4,350,2,510315019,1,690,-1,1,19,10000
8040,bg_shop_00,,401081002,4,350,2,510315020,1,690,-1,1,20,10000
8041,bg_shop_00,,401081002,4,350,2,510315021,1,690,-1,1,21,10000
8042,bg_shop_00,,401081002,4,350,2,510315022,1,690,-1,1,22,10000
8043,bg_shop_00,,401081002,4,200,2,510315023,1,690,-1,1,23,10000
8044,bg_shop_00,,401081002,10,60,2,510315024,1,690,-1,1,24,10000
8045,bg_shop_00,,401081002,100,8,2,510315025,1,690,-1,1,25,10000
8046,bg_shop_00,,401081002,1,25,2,510315026,1,690,-1,1,26,10000
8047,bg_shop_00,,401081002,6,65,2,510315027,1,690,-1,1,27,10000
8048,bg_shop_00,,401081002,300,15,2,510315028,1,690,-1,1,28,10000
8049,bg_shop_00,,401081002,20,40,2,510315029,1,690,-1,1,29,10000
8050,bg_shop_00,,401081002,30,15,2,510315030,1,690,-1,1,30,10000
8051,bg_shop_00,,401081002,100,10,2,510315031,1,690,-1,1,31,10000
8052,bg_shop_00,,401081002,300,100,2,510315032,1,690,-1,1,32,10000
8053,bg_shop_00,,401081002,100,15,2,510315033,1,690,-1,1,33,10000
8054,bg_shop_00,,401081002,1000,5,2,510315034,1,690,-1,1,34,10000
8055,bg_shop_00,,401081002,100,75,2,510315035,1,690,-1,1,35,10000
8056,bg_shop_00,,401081002,300,5,2,510315036,1,690,-1,1,36,10000
8057,bg_shop_00,,401081002,1,5000,2,510315101,1,691,-1,0,1,10000
8058,bg_shop_00,,401081002,1,1999,2,510315102,1,691,-1,1,2,10000
8059,bg_shop_00,,401081002,1,1999,2,510315103,1,691,-1,1,3,10000
8060,bg_shop_00,,401081002,1,999,2,510315104,1,691,-1,1,4,10000
8061,bg_shop_00,,401081002,1,200,2,510315105,1,691,-1,0,5,10000
8062,bg_shop_00,,401081002,1,200,2,510315106,1,691,-1,0,6,10000
8063,bg_shop_00,,401081002,1,200,2,510315107,1,691,-1,0,7,10000
8064,bg_shop_00,,401081002,1,200,2,510315108,1,691,-1,0,8,10000
8065,bg_shop_00,,401081002,1,200,2,510315109,1,691,-1,1,9,10000
8066,bg_shop_00,,401081002,1,200,2,510315110,1,691,-1,0,10,10000
8067,bg_shop_00,,401081002,1,200,2,510315111,1,691,-1,0,11,10000
8068,bg_shop_00,,401081002,1,200,2,510315112,1,691,-1,1,12,10000
8069,bg_shop_00,,401081002,1,200,2,510315113,1,691,-1,0,13,10000
8070,bg_shop_00,,401081002,4,350,2,510315114,1,691,-1,1,14,10000
8071,bg_shop_00,,401081002,4,350,2,510315115,1,691,-1,1,15,10000
8072,bg_shop_00,,401081002,4,350,2,510315116,1,691,-1,1,16,10000
8073,bg_shop_00,,401081002,4,350,2,510315117,1,691,-1,1,17,10000
8074,bg_shop_00,,401081002,4,350,2,510315118,1,691,-1,1,18,10000
8075,bg_shop_00,,401081002,4,350,2,510315119,1,691,-1,1,19,10000
8076,bg_shop_00,,401081002,4,350,2,510315120,1,691,-1,1,20,10000
8077,bg_shop_00,,401081002,4,200,2,510315121,1,691,-1,1,21,10000
8078,bg_shop_00,,401081002,10,60,2,510315122,1,691,-1,1,22,10000
8079,bg_shop_00,,401081002,100,8,2,510315123,1,691,-1,1,23,10000
8080,bg_shop_00,,401081002,1,25,2,510315124,1,691,-1,1,24,10000
8081,bg_shop_00,,401081002,6,65,2,510315125,1,691,-1,1,25,10000
8082,bg_shop_00,,401081002,300,15,2,510315126,1,691,-1,1,26,10000
8083,bg_shop_00,,401081002,20,40,2,510315127,1,691,-1,1,27,10000
8084,bg_shop_00,,401081002,30,15,2,510315128,1,691,-1,1,28,10000
8085,bg_shop_00,,401081002,100,10,2,510315129,1,691,-1,1,29,10000
8086,bg_shop_00,,401081002,300,100,2,510315130,1,691,-1,1,30,10000
8087,bg_shop_00,,401081002,100,15,2,510315131,1,691,-1,1,31,10000
8088,bg_shop_00,,401081002,1000,5,2,510315132,1,691,-1,1,32,10000
8089,bg_shop_00,,401081002,100,75,2,510315133,1,691,-1,1,33,10000
8090,bg_shop_00,,401081002,300,5,2,510315134,1,691,-1,1,34,10000
8091,bg_shop_00,,405151001,5,12,2,510316001,1,692,1,1,1,10000
8092,bg_shop_00,,405151001,10,15,2,510316002,1,692,1,1,2,10000
8093,bg_shop_00,,405151001,20,1,2,510316003,1,692,1,1,3,10000
8094,bg_shop_00,,405151001,20,3,2,510316004,1,692,1,1,4,10000
8095,bg_shop_00,,405151001,2000,1,2,506136201,1,692,-1,1,5,10000
809501,bg_shop_00,,405151001,2000,1,2,604016001,1,692,-1,1,6,10000
8096,bg_shop_00,,405151001,300,4,2,506136202,1,692,-1,1,7,10000
8097,bg_shop_00,,405151001,300,4,2,506136203,1,692,-1,1,8,10000
8098,bg_shop_00,,405151001,50,80,2,506136204,1,692,-1,1,9,10000
8099,bg_shop_00,,405151001,10,15,2,506136205,1,692,-1,1,10,10000
8100,bg_shop_00,,405151001,50,15,2,502111810,1,692,-1,1,11,10000
810001,bg_shop_00,,405151001,999,3,2,603200001,1,692,-1,1,12,10000
8101,bg_shop_00,,405151001,100,5,2,506190108,1,692,-1,1,13,10000
8102,bg_shop_00,,405151001,100,2,2,506136206,1,692,-1,1,14,10000
8103,bg_shop_00,,405151001,50,8,2,503135204,1,692,-1,1,15,10000
8104,bg_shop_00,,405151001,100,2,2,506136208,1,692,-1,1,16,10000
8105,bg_shop_00,,405151001,50,20,2,506136209,1,692,-1,1,17,10000
8106,bg_shop_00,,405151001,50,5,2,506136210,1,692,-1,1,18,10000
8107,bg_shop_00,,405151001,50,20,2,506136211,1,692,-1,1,19,10000
8108,bg_shop_00,,405151001,50,5,2,506136212,1,692,-1,1,20,10000
8109,bg_shop_00,,405151001,10,30,2,506136213,1,692,-1,1,21,10000
8110,bg_shop_00,,405151001,1000,2,2,506136214,1,692,-1,1,22,10000
8111,bg_shop_00,,405151001,500,3,2,506136215,1,692,-1,1,23,10000
8112,bg_shop_00,,405151001,300,2,2,506136216,1,692,-1,1,24,10000
8113,bg_shop_00,,405151001,1000,1,2,506136217,1,692,-1,1,25,10000
8114,bg_shop_00,,401081002,1,5000,2,507108701,1,693,-1,1,1,10000
8115,bg_shop_00,,401081002,1,5000,2,507108702,1,693,-1,1,2,10000
8116,bg_shop_00,,401081002,1,1999,2,510316211,1,693,-1,1,3,10000
8117,bg_shop_00,,401081002,1,1999,2,510316212,1,693,-1,1,4,10000
8118,bg_shop_00,,401081002,100,20,2,507108703,1,693,-1,1,5,10000
8119,bg_shop_00,,401081002,1,999,2,507108705,1,693,-1,1,6,10000
8120,bg_shop_00,,401081002,1,200,2,507108706,1,693,-1,1,7,10000
8121,bg_shop_00,,401081002,1,200,2,509058006,1,693,-1,1,8,10000
8122,bg_shop_00,,401081002,4,350,2,507108707,1,693,-1,1,9,10000
8123,bg_shop_00,,401081002,10,60,2,507108708,1,693,-1,1,10,10000
8124,bg_shop_00,,401081002,1,25,2,507108709,1,693,-1,1,11,10000
8125,bg_shop_00,,401081002,100,20,2,507108710,1,693,-1,1,12,10000
8126,bg_shop_00,,401081002,100,8,2,507108711,1,693,-1,1,13,10000
8127,bg_shop_00,,401081002,6,65,2,507108712,1,693,-1,1,14,10000
8128,bg_shop_00,,401081002,300,15,2,507108713,1,693,-1,1,15,10000
8129,bg_shop_00,,401081002,20,40,2,507108714,1,693,-1,1,16,10000
8130,bg_shop_00,,401081002,30,15,2,507108715,1,693,-1,1,17,10000
8131,bg_shop_00,,401081002,100,10,2,507108716,1,693,-1,1,18,10000
8132,bg_shop_00,,401081002,300,100,2,507108717,1,693,-1,1,19,10000
8133,bg_shop_00,,401081002,100,15,2,507108718,1,693,-1,1,20,10000
8134,bg_shop_00,,401081002,1000,5,2,507108719,1,693,-1,1,21,10000
8135,bg_shop_00,,401081002,100,75,2,507108720,1,693,-1,1,22,10000
8136,bg_shop_00,,401081002,300,5,2,507108721,1,693,-1,1,23,10000
8137,bg_shop_00,,510300001,1,1999,2,511040082,-1,694,-1,1,1,10000
8138,bg_shop_00,,510300001,1,200,2,511040083,-1,694,-1,1,2,10000
8139,bg_shop_00,,510300001,1,200,2,511040084,-1,694,-1,1,3,10000
8140,bg_shop_00,,510300001,100,3,2,511040085,-1,694,-1,1,4,10000
8141,bg_shop_00,,510300001,200,6,2,511040086,-1,694,-1,1,5,10000
8142,bg_shop_00,,510300001,200,5,2,511040087,-1,694,-1,1,6,10000
8143,bg_shop_00,,510300001,50,15,2,511040088,-1,694,-1,1,7,10000
8144,bg_shop_00,,510300001,50,10,2,511040089,-1,694,-1,1,8,10000
8145,bg_shop_00,,510300001,2,300,2,511040090,-1,694,-1,1,9,10000
8146,bg_shop_00,,510300001,20,15,2,511040091,-1,694,-1,1,10,10000
8147,bg_shop_00,,510300001,100,5,2,511040092,-1,694,-1,1,11,10000
8148,bg_shop_00,,510300001,20,90,2,511040093,-1,694,-1,1,12,10000
8149,bg_shop_00,,510300001,100,30,2,511040094,-1,694,-1,1,13,10000
8150,bg_shop_00,,510300001,2000,1,2,511040095,-1,694,-1,1,14,10000
8151,bg_shop_00,,510300001,120,30,2,511040096,-1,694,-1,1,15,10000
8152,bg_shop_00,,510300001,5,50,2,511040097,-1,694,-1,1,16,10000
8153,bg_shop_00,,409231002,100,20,2,511076701,1,695,-1,1,1,10000
8154,bg_shop_00,,409231002,1,1999,2,511076702,1,695,-1,1,2,10000
8155,bg_shop_00,,409231002,1,1999,2,511076703,1,695,-1,1,3,10000
8156,bg_shop_00,,409231002,1,999,2,511076704,1,695,-1,1,4,10000
8157,bg_shop_00,,409231002,4,200,2,511076705,1,695,-1,1,5,10000
8158,bg_shop_00,,409231002,4,200,2,511076706,1,695,-1,1,6,10000
8159,bg_shop_00,,409231002,200,15,2,511076707,1,695,-1,1,7,10000
8160,bg_shop_00,,409231002,200,10,2,511076708,1,695,-1,1,8,10000
8161,bg_shop_00,,409231002,5,300,2,511076709,1,695,-1,1,9,10000
8162,bg_shop_00,,409231002,400,12,2,511076710,1,695,-1,1,10,10000
8163,bg_shop_00,,409231002,5,300,2,511076711,1,695,-1,1,11,10000
8164,bg_shop_00,,409231002,30,400,2,511076712,1,695,-1,1,12,10000
8165,bg_shop_00,,409231002,20,90,2,511076713,1,695,-1,1,13,10000
8166,bg_shop_00,,409231002,200,30,2,511076714,1,695,-1,1,14,10000
8167,bg_shop_00,,409231002,500,5,2,511076715,1,695,-1,1,15,10000
8168,bg_shop_00,,409231002,20,15,2,511076716,1,695,-1,1,16,10000
8169,bg_shop_00,,409231002,50,15,2,511076717,1,695,-1,1,17,10000
8170,bg_shop_00,,409231002,300,10,2,511076718,1,695,-1,1,18,10000
8171,bg_shop_00,,409231002,500,1,2,511076719,1,695,-1,1,19,10000
8172,bg_shop_00,,409231002,9999,1,2,511076720,1,695,-1,1,20,10000
817201,bg_shop_00,,1005,9999,1,2,511076801,1,695,-1,1,21,10000
8173,bg_shop_00,,409231003,30,100,2,511076801,1,696,-1,1,1,10000
8174,bg_shop_00,,409231003,4,300,2,511076802,1,696,-1,1,2,10000
8175,bg_shop_00,,409231003,2,400,2,511076803,1,696,-1,1,3,10000
8176,bg_shop_00,,409231003,2,100,2,511076804,1,696,-1,1,4,10000
8177,bg_shop_00,,409231003,20,50,2,511076805,1,696,-1,1,5,10000
8178,bg_shop_00,,409231003,2,800,2,511076806,1,696,-1,1,6,10000
8179,bg_shop_00,,409231003,2,800,2,511076807,1,696,-1,1,7,10000
8180,bg_shop_00,,409231003,2,800,2,511076808,1,696,-1,1,8,10000
8181,bg_shop_00,,409231003,2,800,2,511076809,1,696,-1,1,9,10000
8182,bg_shop_00,,409231003,2,800,2,511076810,1,696,-1,1,10,10000
8183,bg_shop_00,,409231003,2,800,2,511076811,1,696,-1,1,11,10000
8184,bg_shop_00,,409231003,2,800,2,511076812,1,696,-1,1,12,10000
8185,bg_shop_00,,409231003,2,800,2,511076813,1,696,-1,1,13,10000
8186,bg_shop_00,,409231003,2,800,2,511076814,1,696,-1,1,14,10000
8187,bg_shop_00,,409231003,1000,1,2,511076815,1,696,-1,1,15,10000
8188,bg_shop_00,,409231003,1000,1,2,511076816,1,696,-1,1,16,10000
8189,bg_shop_00,,204002,20,300,2,511073201,1,697,-1,1,1,10000
8190,bg_shop_00,,204002,20,300,2,511073202,1,697,-1,1,2,10000
8191,bg_shop_00,,204002,20,300,2,511073203,1,697,-1,1,3,10000
8192,bg_shop_00,,204002,200,30,2,511073204,1,697,-1,1,4,10000
8193,bg_shop_00,,204002,20,100,2,511073205,1,697,-1,1,5,10000
819301,bg_shop_00,,204002,200,30,2,512046625,1,697,-1,1,6,10000
8194,bg_shop_00,,204002,9,600,2,511073206,1,697,-1,1,7,10000
8195,bg_shop_00,,204002,5,300,2,511073207,1,697,-1,1,8,10000
8196,bg_shop_00,,204002,5,300,2,511073208,1,697,-1,1,9,10000
8197,bg_shop_00,,204002,5,300,2,511073209,1,697,-1,1,10,10000
8198,bg_shop_00,,204002,5,300,2,511073210,1,697,-1,1,11,10000
8199,bg_shop_00,,204002,100,6,2,511073211,1,697,-1,1,12,10000
8200,bg_shop_00,,204002,500,4,2,511073212,1,697,-1,1,13,10000
8201,bg_shop_00,,204002,5000,4,2,511073213,1,697,-1,1,14,10000
8202,bg_shop_00,,204002,100,5,2,511073214,1,697,-1,1,15,10000
8203,bg_shop_00,,204002,10,200,2,511073215,1,697,-1,1,16,10000
8204,bg_shop_00,,204002,20,60,2,511073216,1,697,-1,1,17,10000
8205,bg_shop_00,,204002,100,20,2,511073217,1,697,-1,1,18,10000
8206,bg_shop_00,,204002,999,5,2,511073218,1,697,-1,1,19,10000
8207,bg_shop_00,,204002,9999,2,2,511073219,1,697,-1,1,20,10000
8208,bg_shop_00,,204002,999,5,2,511073220,1,697,-1,1,21,10000
8209,bg_shop_00,,204002,999,60,2,511073221,1,697,-1,1,22,10000
8210,bg_shop_00,,204002,999,20,2,511073222,1,697,-1,1,23,10000
8211,bg_shop_00,,401081002,1,1999,2,511073301,1,698,-1,1,1,10000
8212,bg_shop_00,,401081002,1,1999,2,511073302,1,698,-1,1,2,10000
8213,bg_shop_00,,401081002,1,999,2,511073303,1,698,-1,1,3,10000
8214,bg_shop_00,,401081002,1,200,2,511073304,1,698,-1,0,4,10000
8215,bg_shop_00,,401081002,1,200,2,511073305,1,698,-1,0,5,10000
8216,bg_shop_00,,401081002,1,200,2,511073306,1,698,-1,0,6,10000
8217,bg_shop_00,,401081002,1,200,2,511073307,1,698,-1,0,7,10000
8218,bg_shop_00,,401081002,1,200,2,511073308,1,698,-1,0,8,10000
8219,bg_shop_00,,401081002,1,200,2,511073309,1,698,-1,0,9,10000
8220,bg_shop_00,,401081002,1,200,2,511073310,1,698,-1,1,10,10000
8221,bg_shop_00,,401081002,1,200,2,511073311,1,698,-1,0,11,10000
8222,bg_shop_00,,401081002,1,200,2,511073312,1,698,-1,0,12,10000
8223,bg_shop_00,,401081002,1,200,2,511073313,1,698,-1,0,13,10000
8224,bg_shop_00,,401081002,1,200,2,511073314,1,698,-1,0,14,10000
8225,bg_shop_00,,401081002,1,200,2,511073315,1,698,-1,1,15,10000
8226,bg_shop_00,,401081002,1,200,2,511073316,1,698,-1,0,16,10000
8227,bg_shop_00,,401081002,4,350,2,511073317,1,698,-1,1,17,10000
8228,bg_shop_00,,401081002,4,350,2,511073318,1,698,-1,1,18,10000
8229,bg_shop_00,,401081002,4,350,2,511073319,1,698,-1,1,19,10000
8230,bg_shop_00,,401081002,4,350,2,511073320,1,698,-1,1,20,10000
8231,bg_shop_00,,401081002,4,350,2,511073321,1,698,-1,1,21,10000
8232,bg_shop_00,,401081002,4,350,2,511073322,1,698,-1,1,22,10000
8233,bg_shop_00,,401081002,4,350,2,511073323,1,698,-1,1,23,10000
8234,bg_shop_00,,401081002,4,200,2,511073324,1,698,-1,1,24,10000
8235,bg_shop_00,,401081002,10,60,2,511073325,1,698,-1,1,25,10000
8236,bg_shop_00,,401081002,100,8,2,511073326,1,698,-1,1,26,10000
8237,bg_shop_00,,401081002,1,25,2,511073327,1,698,-1,1,27,10000
8238,bg_shop_00,,401081002,6,65,2,511073328,1,698,-1,1,28,10000
8239,bg_shop_00,,401081002,300,15,2,511073329,1,698,-1,1,29,10000
8240,bg_shop_00,,401081002,20,40,2,511073330,1,698,-1,1,30,10000
8241,bg_shop_00,,401081002,30,15,2,511073331,1,698,-1,1,31,10000
8242,bg_shop_00,,401081002,100,10,2,511073332,1,698,-1,1,32,10000
8243,bg_shop_00,,401081002,300,100,2,511073333,1,698,-1,1,33,10000
8244,bg_shop_00,,401081002,100,15,2,511073334,1,698,-1,1,34,10000
8245,bg_shop_00,,401081002,1000,5,2,511073335,1,698,-1,1,35,10000
8246,bg_shop_00,,401081002,100,75,2,511073336,1,698,-1,1,36,10000
8247,bg_shop_00,,401081002,300,5,2,511073337,1,698,-1,1,37,10000
8248,bg_shop_00,,510300001,1,1999,2,511040082,-1,699,-1,1,1,10000
8249,bg_shop_00,,510300001,1,200,2,511040083,-1,699,-1,1,2,10000
8250,bg_shop_00,,510300001,1,200,2,511040084,-1,699,-1,1,3,10000
8251,bg_shop_00,,510300001,100,3,2,511040085,-1,699,-1,1,4,10000
8252,bg_shop_00,,510300001,200,6,2,511040086,-1,699,-1,1,5,10000
8253,bg_shop_00,,510300001,200,5,2,511040087,-1,699,-1,1,6,10000
8254,bg_shop_00,,510300001,50,15,2,511040088,-1,699,-1,1,7,10000
8255,bg_shop_00,,510300001,50,10,2,511040089,-1,699,-1,1,8,10000
8256,bg_shop_00,,510300001,2,300,2,511040090,-1,699,-1,1,9,10000
8257,bg_shop_00,,510300001,20,15,2,511040091,-1,699,-1,1,10,10000
8258,bg_shop_00,,510300001,100,5,2,511040092,-1,699,-1,1,11,10000
8259,bg_shop_00,,510300001,20,90,2,511040093,-1,699,-1,1,12,10000
8260,bg_shop_00,,510300001,100,30,2,511040094,-1,699,-1,1,13,10000
8261,bg_shop_00,,510300001,2000,1,2,511040095,-1,699,-1,1,14,10000
8262,bg_shop_00,,510300001,120,30,2,511040096,-1,699,-1,1,15,10000
8263,bg_shop_00,,510300001,5,50,2,511040097,-1,699,-1,1,16,10000
8264,bg_shop_00,,510300001,1,1999,2,511040082,-1,700,-1,1,1,10000
8265,bg_shop_00,,510300001,1,200,2,511040083,-1,700,-1,1,2,10000
8266,bg_shop_00,,510300001,1,200,2,511040084,-1,700,-1,1,3,10000
8267,bg_shop_00,,510300001,100,3,2,511040085,-1,700,-1,1,4,10000
8268,bg_shop_00,,510300001,200,6,2,511040086,-1,700,-1,1,5,10000
8269,bg_shop_00,,510300001,200,5,2,511040087,-1,700,-1,1,6,10000
8270,bg_shop_00,,510300001,50,15,2,511040088,-1,700,-1,1,7,10000
8271,bg_shop_00,,510300001,50,10,2,511040089,-1,700,-1,1,8,10000
8272,bg_shop_00,,510300001,2,300,2,511040090,-1,700,-1,1,9,10000
8273,bg_shop_00,,510300001,20,15,2,511040091,-1,700,-1,1,10,10000
8274,bg_shop_00,,510300001,100,5,2,511040092,-1,700,-1,1,11,10000
8275,bg_shop_00,,510300001,20,90,2,511040093,-1,700,-1,1,12,10000
8276,bg_shop_00,,510300001,100,30,2,511040094,-1,700,-1,1,13,10000
8277,bg_shop_00,,510300001,2000,1,2,511040095,-1,700,-1,1,14,10000
8278,bg_shop_00,,510300001,120,30,2,511040096,-1,700,-1,1,15,10000
8279,bg_shop_00,,510300001,5,50,2,511040097,-1,700,-1,1,16,10000
8280,bg_shop_00,,401081002,1,5000,2,507108701,1,701,-1,1,1,10000
8281,bg_shop_00,,401081002,1,5000,2,507108702,1,701,-1,1,2,10000
8282,bg_shop_00,,401081002,1,999,2,510166001,1,701,-1,1,3,10000
8283,bg_shop_00,,401081002,100,20,2,507108703,1,701,-1,1,4,10000
8284,bg_shop_00,,401081002,1,1999,2,507108704,1,701,-1,1,5,10000
8285,bg_shop_00,,401081002,1,999,2,507108705,1,701,-1,1,6,10000
8286,bg_shop_00,,401081002,1,200,2,507108706,1,701,-1,1,7,10000
8287,bg_shop_00,,401081002,1,200,2,509058006,1,701,-1,1,8,10000
8288,bg_shop_00,,401081002,4,350,2,507108707,1,701,-1,1,9,10000
8289,bg_shop_00,,401081002,10,60,2,507108708,1,701,-1,1,10,10000
8290,bg_shop_00,,401081002,1,25,2,507108709,1,701,-1,1,11,10000
8291,bg_shop_00,,401081002,100,20,2,507108710,1,701,-1,1,12,10000
8292,bg_shop_00,,401081002,100,8,2,507108711,1,701,-1,1,13,10000
8293,bg_shop_00,,401081002,6,65,2,507108712,1,701,-1,1,14,10000
8294,bg_shop_00,,401081002,300,15,2,507108713,1,701,-1,1,15,10000
8295,bg_shop_00,,401081002,20,40,2,507108714,1,701,-1,1,16,10000
8296,bg_shop_00,,401081002,30,15,2,507108715,1,701,-1,1,17,10000
8297,bg_shop_00,,401081002,100,10,2,507108716,1,701,-1,1,18,10000
8298,bg_shop_00,,401081002,300,100,2,507108717,1,701,-1,1,19,10000
8299,bg_shop_00,,401081002,100,15,2,507108718,1,701,-1,1,20,10000
8300,bg_shop_00,,401081002,1000,5,2,507108719,1,701,-1,1,21,10000
8301,bg_shop_00,,401081002,100,75,2,507108720,1,701,-1,1,22,10000
8302,bg_shop_00,,401081002,300,5,2,507108721,1,701,-1,1,23,10000
8303,bg_shop_00,,511040002,100,20,2,511110601,-1,702,-1,1,1,10000
8304,bg_shop_00,,511040002,1,999,2,511110602,-1,702,-1,1,2,10000
8305,bg_shop_00,,511040002,11,300,2,511110603,-1,702,-1,1,3,10000
8306,bg_shop_00,,511040002,11,300,2,511110604,-1,702,-1,1,4,10000
8307,bg_shop_00,,511040002,11,200,2,511110605,-1,702,-1,1,5,10000
8308,bg_shop_00,,511040002,11,200,2,511110606,-1,702,-1,1,6,10000
8309,bg_shop_00,,511040002,11,200,2,511110607,-1,702,-1,1,7,10000
8310,bg_shop_00,,511040002,11,180,2,511110608,-1,702,-1,1,8,10000
8311,bg_shop_00,,511040002,11,180,2,511110609,-1,702,-1,1,9,10000
8312,bg_shop_00,,511040002,200,15,2,511110610,-1,702,-1,1,10,10000
8313,bg_shop_00,,511040002,200,10,2,511110611,-1,702,-1,1,11,10000
8314,bg_shop_00,,511040002,2,300,2,511110612,-1,702,-1,1,12,10000
8315,bg_shop_00,,511040002,400,12,2,511110613,-1,702,-1,1,13,10000
8316,bg_shop_00,,511040002,2,300,2,511110614,-1,702,-1,1,14,10000
8317,bg_shop_00,,511040002,30,400,2,511110615,-1,702,-1,1,15,10000
8318,bg_shop_00,,511040002,8,200,2,511110616,-1,702,-1,1,16,10000
8319,bg_shop_00,,511040002,120,5,2,511110617,-1,702,-1,1,17,10000
8320,bg_shop_00,,511040002,50,15,2,511110618,-1,702,-1,1,18,10000
8321,bg_shop_00,,511040002,300,10,2,511110619,-1,702,-1,1,19,10000
8322,bg_shop_00,,511040002,500,1,2,511110620,-1,702,-1,1,20,10000
8323,bg_shop_00,,511040002,1000,1,2,511110621,-1,702,-1,1,20,10000
8324,bg_shop_00,,511040002,100,20,2,511110701,-1,703,-1,1,1,10000
8325,bg_shop_00,,511040002,1,999,2,511110702,-1,703,-1,1,2,10000
8326,bg_shop_00,,511040002,11,300,2,511110703,-1,703,-1,1,3,10000
8327,bg_shop_00,,511040002,11,300,2,511110704,-1,703,-1,1,4,10000
8328,bg_shop_00,,511040002,11,200,2,511110705,-1,703,-1,1,5,10000
8329,bg_shop_00,,511040002,11,200,2,511110706,-1,703,-1,1,6,10000
8330,bg_shop_00,,511040002,11,200,2,511110707,-1,703,-1,1,7,10000
8331,bg_shop_00,,511040002,11,180,2,511110708,-1,703,-1,1,8,10000
8332,bg_shop_00,,511040002,11,180,2,511110709,-1,703,-1,1,9,10000
8333,bg_shop_00,,511040002,200,15,2,511110710,-1,703,-1,1,10,10000
8334,bg_shop_00,,511040002,200,10,2,511110711,-1,703,-1,1,11,10000
8335,bg_shop_00,,511040002,2,300,2,511110712,-1,703,-1,1,12,10000
8336,bg_shop_00,,511040002,400,12,2,511110713,-1,703,-1,1,13,10000
8337,bg_shop_00,,511040002,2,300,2,511110714,-1,703,-1,1,14,10000
8338,bg_shop_00,,511040002,30,400,2,511110715,-1,703,-1,1,15,10000
8339,bg_shop_00,,511040002,20,90,2,511110716,-1,703,-1,1,16,10000
8340,bg_shop_00,,511040002,50,30,2,511110717,-1,703,-1,1,17,10000
8341,bg_shop_00,,511040002,120,5,2,511110718,-1,703,-1,1,18,10000
8342,bg_shop_00,,511040002,50,15,2,511110719,-1,703,-1,1,19,10000
8343,bg_shop_00,,511040002,300,10,2,511110720,-1,703,-1,1,20,10000
8344,bg_shop_00,,511040002,500,1,2,511110721,-1,703,-1,1,21,10000
8345,bg_shop_00,,511040002,1000,1,2,511110722,-1,703,-1,1,21,10000
8346,bg_shop_00,,511040008,5,100,2,511110801,-1,704,-1,1,1,10000
8347,bg_shop_00,,511040008,4,500,2,511110802,-1,704,-1,1,2,10000
8348,bg_shop_00,,511040008,1,400,2,511110803,-1,704,-1,1,3,10000
8349,bg_shop_00,,511040008,1,100,2,511110804,-1,704,-1,1,4,10000
8350,bg_shop_00,,511040008,50,50,2,511110805,-1,704,-1,1,5,10000
8351,bg_shop_00,,511040008,1,400,2,511110806,-1,704,-1,1,6,10000
8352,bg_shop_00,,511040008,3,100,2,511110807,-1,704,-1,1,7,10000
8353,bg_shop_00,,511040008,2,800,2,511110808,-1,704,-1,1,8,10000
8354,bg_shop_00,,511040008,2,800,2,511110809,-1,704,-1,1,9,10000
8355,bg_shop_00,,511040008,2,800,2,511110810,-1,704,-1,1,10,10000
8356,bg_shop_00,,511040008,2000,1,2,511110811,-1,704,-1,1,11,10000
8357,bg_shop_00,,511110102,9999,2,2,511111110,-1,705,-1,1,1,10000
8358,bg_shop_00,,511110103,9999,2,2,511111110,-1,705,-1,1,2,10000
8359,bg_shop_00,,511110104,9999,2,2,511111110,-1,705,-1,1,3,10000
8360,bg_shop_00,,511110105,9999,2,2,511111110,-1,705,-1,1,4,10000
8361,bg_shop_00,,511110106,9999,2,2,511111110,-1,705,-1,1,4,10000
8362,bg_shop_00,,511110107,9999,2,2,511111110,-1,705,-1,1,5,10000
8363,bg_shop_00,,511110108,9999,2,2,511111110,-1,705,-1,1,6,10000
8364,bg_shop_00,,511110109,9999,2,2,511111110,-1,705,-1,1,7,10000
8365,bg_shop_00,,401081002,1,1999,2,511123001,1,706,-1,1,1,10000
8366,bg_shop_00,,401081002,1,1999,2,511123002,1,706,-1,1,2,10000
8367,bg_shop_00,,401081002,1,999,2,511123003,1,706,-1,1,3,10000
8368,bg_shop_00,,401081002,1,200,2,511073310,1,706,-1,1,4,10000
8369,bg_shop_00,,401081002,1,200,2,511073315,1,706,-1,1,5,10000
8370,bg_shop_00,,401081002,10,350,2,511123006,1,706,-1,1,6,10000
8371,bg_shop_00,,401081002,10,60,2,511123007,1,706,-1,1,7,10000
8372,bg_shop_00,,401081002,100,8,2,511123008,1,706,-1,1,8,10000
8373,bg_shop_00,,401081002,1,25,2,511123009,1,706,-1,1,9,10000
8374,bg_shop_00,,401081002,6,65,2,511123010,1,706,-1,1,10,10000
8375,bg_shop_00,,401081002,300,15,2,511123011,1,706,-1,1,11,10000
8376,bg_shop_00,,401081002,20,40,2,511123012,1,706,-1,1,12,10000
8377,bg_shop_00,,401081002,30,15,2,511123013,1,706,-1,1,13,10000
8378,bg_shop_00,,401081002,100,10,2,511123014,1,706,-1,1,14,10000
8379,bg_shop_00,,401081002,300,100,2,511123015,1,706,-1,1,15,10000
8380,bg_shop_00,,401081002,100,15,2,511123016,1,706,-1,1,16,10000
8381,bg_shop_00,,401081002,1000,5,2,511123017,1,706,-1,1,17,10000
8382,bg_shop_00,,401081002,100,75,2,511123018,1,706,-1,1,18,10000
8383,bg_shop_00,,401081002,300,5,2,511123019,1,706,-1,1,19,10000
8384,bg_shop_00,,401081002,1,1999,2,511123334,1,707,-1,1,1,10000
8385,bg_shop_00,,401081002,1,1999,2,511123335,1,707,-1,1,2,10000
8386,bg_shop_00,,401081002,100,20,2,510016203,1,707,-1,1,3,10000
8387,bg_shop_00,,401081002,1,999,2,510016204,1,707,-1,1,4,10000
8388,bg_shop_00,,401081002,1,200,2,510016205,1,707,-1,1,5,10000
8389,bg_shop_00,,401081002,1,200,2,510016206,1,707,-1,1,6,10000
8390,bg_shop_00,,401081002,4,350,2,510016207,1,707,-1,1,7,10000
8391,bg_shop_00,,401081002,10,60,2,510016208,1,707,-1,1,8,10000
8392,bg_shop_00,,401081002,1,25,2,510016209,1,707,-1,1,9,10000
8393,bg_shop_00,,401081002,100,20,2,510016210,1,707,-1,1,10,10000
8394,bg_shop_00,,401081002,100,8,2,510016211,1,707,-1,1,11,10000
8395,bg_shop_00,,401081002,6,65,2,510016212,1,707,-1,1,12,10000
8396,bg_shop_00,,401081002,300,15,2,510016213,1,707,-1,1,13,10000
8397,bg_shop_00,,401081002,20,40,2,510016214,1,707,-1,1,14,10000
8398,bg_shop_00,,401081002,30,15,2,510016215,1,707,-1,1,15,10000
8399,bg_shop_00,,401081002,100,10,2,510016216,1,707,-1,1,16,10000
8400,bg_shop_00,,401081002,300,100,2,510016217,1,707,-1,1,17,10000
8401,bg_shop_00,,401081002,100,15,2,510016218,1,707,-1,1,18,10000
8402,bg_shop_00,,401081002,1000,5,2,510016219,1,707,-1,1,19,10000
8403,bg_shop_00,,401081002,100,75,2,510016220,1,707,-1,1,20,10000
8404,bg_shop_00,,401081002,300,5,2,510016221,1,707,-1,1,21,10000
8405,bg_shop_00,,510300001,1,1999,2,510166001,-1,708,-1,1,1,10000
8406,bg_shop_00,,510300001,1,200,2,511040083,-1,708,-1,1,2,10000
8407,bg_shop_00,,510300001,1,200,2,511040084,-1,708,-1,1,3,10000
8408,bg_shop_00,,510300001,100,3,2,511040085,-1,708,-1,1,4,10000
8409,bg_shop_00,,510300001,200,6,2,511040086,-1,708,-1,1,5,10000
8410,bg_shop_00,,510300001,200,5,2,511040087,-1,708,-1,1,6,10000
8411,bg_shop_00,,510300001,50,15,2,511040088,-1,708,-1,1,7,10000
8412,bg_shop_00,,510300001,50,10,2,511040089,-1,708,-1,1,8,10000
8413,bg_shop_00,,510300001,2,300,2,511040090,-1,708,-1,1,9,10000
8414,bg_shop_00,,510300001,20,15,2,511040091,-1,708,-1,1,10,10000
8415,bg_shop_00,,510300001,100,5,2,511040092,-1,708,-1,1,11,10000
8416,bg_shop_00,,510300001,20,90,2,511040093,-1,708,-1,1,12,10000
8417,bg_shop_00,,510300001,100,30,2,511040094,-1,708,-1,1,13,10000
8418,bg_shop_00,,510300001,2000,1,2,511040095,-1,708,-1,1,14,10000
8419,bg_shop_00,,510300001,120,30,2,511040096,-1,708,-1,1,15,10000
8420,bg_shop_00,,510300001,5,50,2,511040097,-1,708,-1,1,16,10000
8421,bg_shop_00,,512026001,1,1799,2,512026701,-1,709,-1,1,1,10000
8422,bg_shop_00,,512026001,1,1799,2,512026702,-1,709,-1,1,2,10000
8423,bg_shop_00,,512026001,1,899,2,512026703,-1,709,-1,1,3,10000
8424,bg_shop_00,,512026001,1,200,2,512026704,-1,709,-1,1,4,10000
8425,bg_shop_00,,512026001,1,200,2,512026705,-1,709,-1,1,5,10000
8426,bg_shop_00,,512026001,1,200,2,512026706,-1,709,-1,1,6,10000
8427,bg_shop_00,,512026001,100,3,2,512026707,-1,709,-1,1,7,10000
8428,bg_shop_00,,512026001,100,6,2,512026708,-1,709,-1,1,8,10000
8429,bg_shop_00,,512026001,100,5,2,512026709,-1,709,-1,1,9,10000
8430,bg_shop_00,,512026001,500,2,2,512026710,-1,709,-1,1,10,10000
8431,bg_shop_00,,512026001,20,15,2,512026711,-1,709,-1,1,11,10000
8432,bg_shop_00,,512026001,20,10,2,512026712,-1,709,-1,1,12,10000
8433,bg_shop_00,,512026001,1,300,2,512026713,-1,709,-1,1,13,10000
8434,bg_shop_00,,512026001,20,15,2,512026714,-1,709,-1,1,14,10000
8435,bg_shop_00,,512026001,50,5,2,512026715,-1,709,-1,1,15,10000
8436,bg_shop_00,,512026001,2000,1,2,512026716,-1,709,-1,1,16,10000
8437,bg_shop_00,,512026001,120,30,2,512026717,-1,709,-1,1,17,10000
8438,bg_shop_00,,512026001,5,50,2,512026718,-1,709,-1,1,18,10000
8439,bg_shop_00,,409231002,100,20,2,511076701,1,710,-1,1,1,10000
8440,bg_shop_00,,409231002,1,1999,2,511076702,1,710,-1,1,2,10000
8441,bg_shop_00,,409231002,1,1999,2,511076703,1,710,-1,1,3,10000
8442,bg_shop_00,,409231002,1,1999,2,512036001,1,710,-1,1,4,10000
8443,bg_shop_00,,409231002,4,200,2,511076705,1,710,-1,1,5,10000
8444,bg_shop_00,,409231002,4,200,2,511076706,1,710,-1,1,6,10000
8445,bg_shop_00,,409231002,200,15,2,511076707,1,710,-1,1,7,10000
8446,bg_shop_00,,409231002,200,10,2,511076708,1,710,-1,1,8,10000
8447,bg_shop_00,,409231002,5,300,2,511076709,1,710,-1,1,9,10000
8448,bg_shop_00,,409231002,400,12,2,511076710,1,710,-1,1,10,10000
8449,bg_shop_00,,409231002,5,300,2,511076711,1,710,-1,1,11,10000
8450,bg_shop_00,,409231002,30,400,2,511076712,1,710,-1,1,12,10000
8451,bg_shop_00,,409231002,20,90,2,511076713,1,710,-1,1,13,10000
8452,bg_shop_00,,409231002,200,30,2,511076714,1,710,-1,1,14,10000
8453,bg_shop_00,,409231002,500,5,2,511076715,1,710,-1,1,15,10000
8454,bg_shop_00,,409231002,20,15,2,511076716,1,710,-1,1,16,10000
8455,bg_shop_00,,409231002,50,15,2,511076717,1,710,-1,1,17,10000
8456,bg_shop_00,,409231002,300,10,2,511076718,1,710,-1,1,18,10000
8457,bg_shop_00,,409231002,500,1,2,511076719,1,710,-1,1,19,10000
8458,bg_shop_00,,409231002,9999,1,2,511076720,1,710,-1,1,20,10000
8459,bg_shop_00,,1005,9999,1,2,511076801,1,710,-1,1,21,10000
8460,bg_shop_00,,512046101,1,15000,2,512046301,-1,711,-1,1,1,10000
8461,bg_shop_00,,512046101,100,4,2,512046302,-1,711,-1,1,2,10000
8462,bg_shop_00,,512046101,100,4,2,512046303,-1,711,-1,1,3,10000
8463,bg_shop_00,,512046101,10,50,2,512046304,-1,711,-1,1,4,10000
8464,bg_shop_00,,512046101,100,4,2,512046305,-1,711,-1,1,5,10000
8465,bg_shop_00,,512046101,50,8,2,512046306,-1,711,-1,1,6,10000
8466,bg_shop_00,,512046101,20,20,2,512046307,-1,711,-1,1,7,10000
8467,bg_shop_00,,512046101,50,12,2,512046308,-1,711,-1,1,8,10000
8468,bg_shop_00,,512046101,100,6,2,512046309,-1,711,-1,1,9,10000
8469,bg_shop_00,,512046101,30,15,2,512046310,-1,711,-1,1,10,10000
8470,bg_shop_00,,512046101,100,4,2,512046311,-1,711,-1,1,11,10000
8471,bg_shop_00,,512046101,50,8,2,512046312,-1,711,-1,1,12,10000
8472,bg_shop_00,,512046101,10,300,2,512046313,-1,711,-1,1,13,10000
8473,bg_shop_00,,512046101,10,100,2,512046314,-1,711,-1,1,14,10000
8474,bg_shop_00,,512046101,10,30,2,512046315,-1,711,-1,1,15,10000
8475,bg_shop_00,,512046101,100,15,2,512046316,-1,711,-1,1,16,10000
8476,bg_shop_00,,512046101,200,15,2,512046317,-1,711,-1,1,17,10000
8477,bg_shop_00,,512046101,100,9,2,512046318,-1,711,-1,1,18,10000
8478,bg_shop_00,,512046101,100,9,2,512046319,-1,711,-1,1,19,10000
8479,bg_shop_00,,512046101,999,6,2,512046320,-1,711,-1,1,20,10000
8480,bg_shop_00,,512046101,999,2,2,512046321,-1,711,-1,1,21,10000
8481,bg_shop_00,,512046101,999,18,2,512046322,-1,711,-1,1,22,10000
8482,bg_shop_00,,512046101,9999,1,2,512046323,-1,711,-1,1,23,10000
8483,bg_shop_00,,512046101,9999,1,2,512046324,-1,711,-1,1,24,10000
8484,bg_shop_00,,401081002,1,1999,2,512046501,1,712,-1,1,1,10000
8485,bg_shop_00,,401081002,1,1999,2,512046502,1,712,-1,1,2,10000
8486,bg_shop_00,,401081002,1,999,2,512046503,1,712,-1,1,3,10000
8487,bg_shop_00,,401081002,1,200,2,511073310,1,712,-1,1,4,10000
8488,bg_shop_00,,401081002,1,200,2,511073315,1,712,-1,1,5,10000
8489,bg_shop_00,,401081002,10,350,2,512046506,1,712,-1,1,6,10000
8490,bg_shop_00,,401081002,10,60,2,512046507,1,712,-1,1,7,10000
8491,bg_shop_00,,401081002,100,8,2,512046508,1,712,-1,1,8,10000
8492,bg_shop_00,,401081002,1,25,2,512046509,1,712,-1,1,9,10000
8493,bg_shop_00,,401081002,6,65,2,512046510,1,712,-1,1,10,10000
8494,bg_shop_00,,401081002,300,15,2,512046511,1,712,-1,1,11,10000
8495,bg_shop_00,,401081002,20,40,2,512046512,1,712,-1,1,12,10000
8496,bg_shop_00,,401081002,30,15,2,512046513,1,712,-1,1,13,10000
8497,bg_shop_00,,401081002,100,10,2,512046514,1,712,-1,1,14,10000
8498,bg_shop_00,,401081002,300,100,2,512046515,1,712,-1,1,15,10000
8499,bg_shop_00,,401081002,100,15,2,512046516,1,712,-1,1,16,10000
8500,bg_shop_00,,401081002,1000,5,2,512046517,1,712,-1,1,17,10000
8501,bg_shop_00,,401081002,100,75,2,512046518,1,712,-1,1,18,10000
8502,bg_shop_00,,401081002,300,5,2,512046519,1,712,-1,1,19,10000
8503,bg_shop_00,,507010001,100,30,2,512046621,1,713,-1,1,1,10000
8504,bg_shop_00,,507010001,100,30,2,512046622,1,713,-1,1,2,10000
8505,bg_shop_00,,507010001,100,30,2,512046623,1,713,-1,1,3,10000
8506,bg_shop_00,,507010001,20,100,2,512046624,1,713,-1,1,4,10000
8507,bg_shop_00,,507010001,200,30,2,512046625,1,713,-1,1,5,10000
8508,bg_shop_00,,507010001,9,600,2,512046626,1,713,-1,1,6,10000
8509,bg_shop_00,,507010001,800,30,2,512046627,1,713,-1,1,7,10000
8510,bg_shop_00,,507010001,800,30,2,512046628,1,713,-1,1,8,10000
8511,bg_shop_00,,507010001,800,30,2,512046629,1,713,-1,1,9,10000
8512,bg_shop_00,,507010001,3,300,2,512046630,1,713,-1,1,10,10000
8513,bg_shop_00,,507010001,100,6,2,512046631,1,713,-1,1,11,10000
8514,bg_shop_00,,507010001,500,4,2,512046632,1,713,-1,1,12,10000
8515,bg_shop_00,,507010001,5000,4,2,512046633,1,713,-1,1,13,10000
8516,bg_shop_00,,507010001,100,5,2,512046634,1,713,-1,1,14,10000
8517,bg_shop_00,,507010001,50,5,2,512046635,1,713,-1,1,15,10000
8518,bg_shop_00,,507010001,999,200,2,512046636,1,713,-1,1,16,10000
8519,bg_shop_00,,507010001,999,60,2,512046637,1,713,-1,1,17,10000
8520,bg_shop_00,,507010001,999,20,2,512046638,1,713,-1,1,18,10000
8521,bg_shop_00,,507010001,999,5,2,512046639,1,713,-1,1,19,10000
8522,bg_shop_00,,507010001,9999,2,2,512046640,1,713,-1,1,20,10000
8523,bg_shop_00,,507010001,999,30,2,512046641,1,713,-1,1,21,10000
8524,bg_shop_00,,507010001,999,100,2,512046642,1,713,-1,1,22,10000
8525,bg_shop_00,,507010001,999,80,2,512046643,1,713,-1,1,23,10000
8526,bg_shop_00,,512040002,150,50,2,512081701,-1,714,-1,1,1,10000
8527,bg_shop_00,,512040002,300,20,2,512081702,-1,714,-1,1,2,10000
8528,bg_shop_00,,512040002,1,5000,2,512081703,-1,714,-1,1,3,10000
85280001,bg_shop_00,,512040002,1,5000,2,504176501,-1,714,-1,1,4,10000
85280002,bg_shop_00,,512040002,1,5000,2,504176501,-1,714,-1,1,5,10000
8529,bg_shop_00,,512040002,200,15,2,512081704,-1,714,-1,1,6,10000
8530,bg_shop_00,,512040002,200,10,2,512081705,-1,714,-1,1,7,10000
8531,bg_shop_00,,512040002,2,300,2,512081706,-1,714,-1,1,8,10000
8532,bg_shop_00,,512040002,30,300,2,512081707,-1,714,-1,1,9,10000
8533,bg_shop_00,,512040002,30,400,2,512081708,-1,714,-1,1,10,10000
8534,bg_shop_00,,512040002,120,5,2,512081709,-1,714,-1,1,11,10000
8535,bg_shop_00,,512040002,50,15,2,512081710,-1,714,-1,1,12,10000
8536,bg_shop_00,,512040002,300,10,2,512081711,-1,714,-1,1,13,10000
8537,bg_shop_00,,512040002,500,1,2,512081712,-1,714,-1,1,14,10000
8538,bg_shop_00,,512040002,1000,1,2,512081713,-1,714,-1,1,15,10000
8539,bg_shop_00,,401081002,1,1999,2,512124001,1,715,-1,1,1,10000
8540,bg_shop_00,,401081002,1,1999,2,512124002,1,715,-1,1,2,10000
8541,bg_shop_00,,401081002,1,999,2,512124003,1,715,-1,1,3,10000
8542,bg_shop_00,,401081002,1,200,2,512124004,1,715,-1,1,4,10000
8543,bg_shop_00,,401081002,1,200,2,512124005,1,715,-1,1,5,10000
8544,bg_shop_00,,401081002,10,350,2,512124006,1,715,-1,1,6,10000
8545,bg_shop_00,,401081002,10,60,2,512124007,1,715,-1,1,7,10000
8546,bg_shop_00,,401081002,100,20,2,512124008,1,715,-1,1,8,10000
8547,bg_shop_00,,401081002,100,8,2,512124009,1,715,-1,1,9,10000
8548,bg_shop_00,,401081002,1,25,2,512124010,1,715,-1,1,10,10000
8549,bg_shop_00,,401081002,6,65,2,512124011,1,715,-1,1,11,10000
8550,bg_shop_00,,401081002,300,15,2,512124012,1,715,-1,1,12,10000
8551,bg_shop_00,,401081002,20,40,2,512124013,1,715,-1,1,13,10000
8552,bg_shop_00,,401081002,30,15,2,512124014,1,715,-1,1,14,10000
8553,bg_shop_00,,401081002,100,10,2,512124015,1,715,-1,1,15,10000
8554,bg_shop_00,,401081002,300,100,2,512124016,1,715,-1,1,16,10000
8555,bg_shop_00,,401081002,100,15,2,512124017,1,715,-1,1,17,10000
8556,bg_shop_00,,401081002,1000,5,2,512124018,1,715,-1,1,18,10000
8557,bg_shop_00,,401081002,100,75,2,512124019,1,715,-1,1,19,10000
8558,bg_shop_00,,401081002,300,5,2,512124020,1,715,-1,1,20,10000
8559,bg_shop_00,,510300001,1,1999,2,512154010,-1,716,-1,1,1,10000
8560,bg_shop_00,,510300001,1,300,2,512154011,-1,716,-1,1,2,10000
8561,bg_shop_00,,510300001,1,300,2,512154012,-1,716,-1,1,3,10000
8562,bg_shop_00,,510300001,20,15,2,512154013,-1,716,-1,1,4,10000
8563,bg_shop_00,,510300001,20,10,2,512154014,-1,716,-1,1,5,10000
8564,bg_shop_00,,510300001,1,300,2,512154015,-1,716,-1,1,6,10000
8565,bg_shop_00,,510300001,5,300,2,512154016,-1,716,-1,1,7,10000
8566,bg_shop_00,,510300001,5,300,2,512154017,-1,716,-1,1,8,10000
8567,bg_shop_00,,510300001,5,300,2,512154018,-1,716,-1,1,9,10000
8568,bg_shop_00,,510300001,5,300,2,512154019,-1,716,-1,1,10,10000
8569,bg_shop_00,,510300001,10,120,2,512154020,-1,716,-1,1,11,10000
8570,bg_shop_00,,510300001,50,40,2,512154021,-1,716,-1,1,12,10000
8571,bg_shop_00,,510300001,4000,1,2,512154022,-1,716,-1,1,13,10000
8572,bg_shop_00,,510300001,120,40,2,512154023,-1,716,-1,1,14,10000
8573,bg_shop_00,,510300001,5,60,2,512154024,-1,716,-1,1,15,10000
8574,bg_shop_00,,512040002,1,5000,2,512081703,-1,717,-1,1,2,10000
602283001,bg_shop_00,,512040002,1,5000,2,504176501,-1,717,-1,1,1,10000
603110002,bg_shop_00,,512040002,2,270,2,603110002,-1,717,-1,1,3,10000
603110003,bg_shop_00,,512040002,2,270,2,603110003,-1,717,-1,1,4,10000
603110004,bg_shop_00,,512040002,2,270,2,603110004,-1,717,-1,1,5,10000
8575,bg_shop_00,,512040002,200,15,2,512081704,-1,717,-1,1,6,10000
8576,bg_shop_00,,512040002,200,10,2,512081705,-1,717,-1,1,7,10000
8577,bg_shop_00,,512040002,2,300,2,512081706,-1,717,-1,1,8,10000
8578,bg_shop_00,,512040002,5,300,2,512081707,-1,717,-1,1,9,10000
8579,bg_shop_00,,512040002,30,400,2,512081708,-1,717,-1,1,10,10000
8580,bg_shop_00,,512040002,120,5,2,512081709,-1,717,-1,1,11,10000
8581,bg_shop_00,,512040002,50,15,2,512081710,-1,717,-1,1,12,10000
8582,bg_shop_00,,512040002,300,10,2,512081711,-1,717,-1,1,13,10000
8583,bg_shop_00,,512040002,500,1,2,512081712,-1,717,-1,1,14,10000
8584,bg_shop_00,,512040002,1000,1,2,512081713,-1,717,-1,1,15,10000
8585,bg_shop_00,,512040002,1,5000,2,504176501,-1,718,-1,1,1,10000
8586,bg_shop_00,,512040002,1,5000,2,512081703,-1,718,-1,1,2,10000
8587,bg_shop_00,,512040002,200,15,2,512081704,-1,718,-1,1,3,10000
8588,bg_shop_00,,512040002,200,10,2,512081705,-1,718,-1,1,4,10000
8589,bg_shop_00,,512040002,2,300,2,512081706,-1,718,-1,1,5,10000
8590,bg_shop_00,,512040002,5,300,2,512081707,-1,718,-1,1,6,10000
8591,bg_shop_00,,512040002,30,400,2,512081708,-1,718,-1,1,7,10000
8592,bg_shop_00,,512040002,120,5,2,512081709,-1,718,-1,1,8,10000
8593,bg_shop_00,,512040002,50,15,2,512081710,-1,718,-1,1,9,10000
8594,bg_shop_00,,512040002,300,10,2,512081711,-1,718,-1,1,10,10000
8595,bg_shop_00,,512040002,500,1,2,512081712,-1,718,-1,1,11,10000
8596,bg_shop_00,,512040002,1000,1,2,512081713,-1,718,-1,1,12,10000
8597,bg_shop_00,,512110002,1,1499,2,512180101,-1,719,-1,1,1,10000
8598,bg_shop_00,,512110002,1,999,2,512180102,-1,719,-1,1,2,10000
8599,bg_shop_00,,512110002,1,799,2,512180103,-1,719,-1,1,3,10000
8600,bg_shop_00,,512110002,1,400,2,512180104,-1,719,-1,1,3,10000
8601,bg_shop_00,,512110002,11,280,2,512180105,-1,719,-1,1,4,10000
8602,bg_shop_00,,512110002,11,180,2,512180106,-1,719,-1,1,5,10000
8603,bg_shop_00,,512110002,1,180,2,512180107,-1,719,-1,1,6,10000
8604,bg_shop_00,,512110002,1,180,2,512180108,-1,719,-1,1,7,10000
8605,bg_shop_00,,512110002,100,20,2,512180109,-1,719,-1,1,8,10000
8606,bg_shop_00,,512110002,200,15,2,512180110,-1,719,-1,1,9,10000
8607,bg_shop_00,,512110002,200,10,2,512180111,-1,719,-1,1,10,10000
8608,bg_shop_00,,512110002,2,300,2,512180112,-1,719,-1,1,11,10000
8609,bg_shop_00,,512110002,5,300,2,512180113,-1,719,-1,1,12,10000
8610,bg_shop_00,,512110002,30,400,2,512180114,-1,719,-1,1,13,10000
8611,bg_shop_00,,512110002,8,200,2,512180115,-1,719,-1,1,14,10000
8612,bg_shop_00,,512110002,120,5,2,512180116,-1,719,-1,1,15,10000
8613,bg_shop_00,,512110002,50,15,2,512180117,-1,719,-1,1,16,10000
8614,bg_shop_00,,512110002,300,10,2,512180118,-1,719,-1,1,17,10000
8615,bg_shop_00,,512110002,500,1,2,512180119,-1,719,-1,1,18,10000
8616,bg_shop_00,,512110002,1000,1,2,512180120,-1,719,-1,1,19,10000
8617,bg_duihuanshangdian_DragonTraining,,512110002,1,1499,2,512180201,-1,720,-1,1,1,10000
8618,bg_duihuanshangdian_DragonTraining,,512110002,1,999,2,512180202,-1,720,-1,1,2,10000
8619,bg_duihuanshangdian_DragonTraining,,512110002,1,799,2,512180203,-1,720,-1,1,3,10000
8620,bg_duihuanshangdian_DragonTraining,,512110002,1,400,2,512180204,-1,720,-1,1,3,10000
8621,bg_duihuanshangdian_DragonTraining,,512110002,11,270,2,512180205,-1,720,-1,1,4,10000
8622,bg_shop_00,,512110002,11,180,2,512180206,-1,720,-1,1,5,10000
8623,bg_shop_00,,512110002,1,180,2,512180207,-1,720,-1,1,6,10000
8624,bg_shop_00,,512110002,1,180,2,512180208,-1,720,-1,1,7,10000
8625,bg_shop_00,,512110002,100,20,2,512180209,-1,720,-1,1,8,10000
8626,bg_shop_00,,512110002,200,15,2,512180210,-1,720,-1,1,9,10000
8627,bg_shop_00,,512110002,200,10,2,512180211,-1,720,-1,1,10,10000
8628,bg_shop_00,,512110002,2,300,2,512180212,-1,720,-1,1,11,10000
8629,bg_shop_00,,512110002,2,300,2,512180213,-1,720,-1,1,12,10000
8630,bg_shop_00,,512110002,30,400,2,512180214,-1,720,-1,1,13,10000
8631,bg_shop_00,,512110002,30,90,2,512180215,-1,720,-1,1,14,10000
8632,bg_shop_00,,512110002,50,30,2,512180216,-1,720,-1,1,15,10000
8633,bg_shop_00,,512110002,120,5,2,512180217,-1,720,-1,1,16,10000
8634,bg_shop_00,,512110002,50,15,2,512180218,-1,720,-1,1,17,10000
8635,bg_shop_00,,512110002,300,10,2,512180219,-1,720,-1,1,18,10000
8636,bg_shop_00,,512110002,500,1,2,512180220,-1,720,-1,1,19,10000
8637,bg_shop_00,,512110002,1000,1,2,512180221,-1,720,-1,1,20,10000
8638,bg_shop_00,,512110008,1,2000,2,512180301,-1,721,-1,1,1,10000
8639,bg_shop_00,,512110008,5,100,2,512180302,-1,721,-1,1,2,10000
8640,bg_shop_00,,512110008,1,500,2,512180303,-1,721,-1,1,3,10000
8641,bg_shop_00,,512110008,2,800,2,512180304,-1,721,-1,1,4,10000
8642,bg_shop_00,,512110008,2,200,2,512180305,-1,721,-1,1,5,10000
8643,bg_shop_00,,512110008,2,200,2,512180306,-1,721,-1,1,6,10000
8644,bg_shop_00,,512110008,2,200,2,512180307,-1,721,-1,1,7,10000
8645,bg_shop_00,,512110008,2,50,2,512180308,-1,721,-1,1,8,10000
8646,bg_shop_00,,512110008,1,400,2,512180309,-1,721,-1,1,9,10000
8647,bg_shop_00,,512110008,1,100,2,512180310,-1,721,-1,1,10,10000
8648,bg_shop_00,,512110008,50,50,2,512180311,-1,721,-1,1,11,10000
8649,bg_shop_00,,512110008,1,400,2,512180312,-1,721,-1,1,12,10000
8650,bg_shop_00,,512110008,3,100,2,512180313,-1,721,-1,1,13,10000
8651,bg_shop_00,,512110008,2,800,2,512180314,-1,721,-1,1,14,10000
8652,bg_shop_00,,512110008,2000,1,2,512180315,-1,721,-1,1,15,10000
8653,bg_shop_00,,507010001,100,30,2,512196001,1,722,-1,1,1,10000
8654,bg_shop_00,,507010001,100,30,2,503075101,1,722,-1,1,2,10000
8655,bg_shop_00,,507010001,100,30,2,503075102,1,722,-1,1,3,10000
8656,bg_shop_00,,507010001,100,30,2,503075103,1,722,-1,1,4,10000
8657,bg_shop_00,,507010001,100,30,2,503075104,1,722,-1,1,5,10000
8658,bg_shop_00,,507010001,100,30,2,503075105,1,722,-1,1,6,10000
8659,bg_shop_00,,507010001,20,100,2,503075106,1,722,-1,1,7,10000
865900,bg_shop_00,,507010001,200,30,2,604246001,1,722,-1,1,8,10000
865901,bg_shop_00,,507010001,200,30,2,601226104,1,722,-1,1,9,10000
8660,bg_shop_00,,507010001,200,30,2,503075107,1,722,-1,1,10,10000
8661,bg_shop_00,,507010001,9,600,2,503075108,1,722,-1,1,11,10000
8662,bg_shop_00,,507010001,800,30,2,503075109,1,722,-1,1,12,10000
8663,bg_shop_00,,507010001,3,300,2,503075110,1,722,-1,1,13,10000
8664,bg_shop_00,,507010001,20,100,2,411078006,1,722,-1,1,14,10000
8665,bg_shop_00,,507010001,20,30,2,411078007,1,722,-1,1,15,10000
8666,bg_shop_00,,507010001,100,6,2,503075111,1,722,-1,1,16,10000
8667,bg_shop_00,,507010001,500,4,2,503075112,1,722,-1,1,17,10000
8668,bg_shop_00,,507010001,5000,4,2,503075113,1,722,-1,1,18,10000
866801,bg_shop_00,,507010001,999,10,2,603200001,1,722,-1,1,19,10000
8669,bg_shop_00,,507010001,100,5,2,503075114,1,722,-1,1,20,10000
8670,bg_shop_00,,507010001,50,5,2,503075115,1,722,-1,1,21,10000
8671,bg_shop_00,,507010001,999,200,2,503075116,1,722,-1,1,22,10000
8672,bg_shop_00,,507010001,999,60,2,503075117,1,722,-1,1,23,10000
8673,bg_shop_00,,507010001,999,20,2,503075118,1,722,-1,1,24,10000
8674,bg_shop_00,,507010001,999,5,2,503075119,1,722,-1,1,25,10000
8675,bg_shop_00,,507010001,9999,2,2,503075120,1,722,-1,1,26,10000
8676,bg_shop_00,,507010001,999,30,2,503075121,1,722,-1,1,27,10000
8677,bg_shop_00,,507010001,999,100,2,503075122,1,722,-1,1,28,10000
8678,bg_shop_00,,507010001,999,80,2,503075123,1,722,-1,1,29,10000
8679,bg_shop_00,,204002,100,30,2,512194101,1,723,-1,1,1,10000
8680,bg_shop_00,,204002,100,30,2,512194102,1,723,-1,1,2,10000
8681,bg_shop_00,,204002,100,30,2,512194103,1,723,-1,1,3,10000
8682,bg_shop_00,,204002,20,100,2,512194104,1,723,-1,1,4,10000
8683,bg_shop_00,,204002,200,30,2,512194105,1,723,-1,1,5,10000
8684,bg_shop_00,,204002,9,600,2,512194106,1,723,-1,1,6,10000
8685,bg_shop_00,,204002,800,30,2,512194107,1,723,-1,1,7,10000
8686,bg_shop_00,,204002,3,300,2,512194108,1,723,-1,1,8,10000
8687,bg_shop_00,,204002,100,6,2,512194109,1,723,-1,1,9,10000
8688,bg_shop_00,,204002,500,4,2,512194110,1,723,-1,1,10,10000
8689,bg_shop_00,,204002,5000,4,2,512194111,1,723,-1,1,11,10000
8690,bg_shop_00,,204002,100,5,2,512194112,1,723,-1,1,12,10000
8691,bg_shop_00,,204002,50,5,2,512194113,1,723,-1,1,13,10000
8692,bg_shop_00,,204002,999,200,2,512194114,1,723,-1,1,14,10000
8693,bg_shop_00,,204002,999,60,2,512194115,1,723,-1,1,15,10000
8694,bg_shop_00,,204002,999,20,2,512194116,1,723,-1,1,16,10000
8695,bg_shop_00,,204002,999,5,2,512194117,1,723,-1,1,17,10000
8696,bg_shop_00,,204002,9999,2,2,512194118,1,723,-1,1,18,10000
8697,bg_shop_00,,204002,999,30,2,512194119,1,723,-1,1,19,10000
8698,bg_shop_00,,204002,999,100,2,512194120,1,723,-1,1,20,10000
8699,bg_shop_00,,204002,999,80,2,512194121,1,723,-1,1,21,10000
8700,bg_shop_00,,405151001,2000,1,2,512194401,1,724,-1,1,1,10000
870001,bg_shop_00,,405151001,2000,1,2,604016001,1,724,-1,1,2,10000
8701,bg_shop_00,,405151001,10,45,2,512194402,1,724,-1,1,3,10000
8702,bg_shop_00,,405151001,50,15,2,512194403,1,724,-1,1,4,10000
8703,bg_shop_00,,405151001,2,150,2,512194404,1,724,-1,1,5,10000
8704,bg_shop_00,,405151001,100,5,2,512194405,1,724,-1,1,6,10000
8705,bg_shop_00,,405151001,30,200,2,512194406,1,724,-1,1,7,10000
8706,bg_shop_00,,405151001,300,4,2,512194407,1,724,-1,1,8,10000
8707,bg_shop_00,,405151001,300,4,2,512194408,1,724,-1,1,9,10000
8708,bg_shop_00,,405151001,200,8,2,512194409,1,724,-1,1,10,10000
8709,bg_shop_00,,405151001,50,80,2,512194410,1,724,-1,1,11,10000
8710,bg_shop_00,,405151001,10,15,2,512194411,1,724,-1,1,12,10000
8711,bg_shop_00,,405151001,100,5,2,512194412,1,724,-1,1,13,10000
8712,bg_shop_00,,405151001,100,2,2,512194413,1,724,-1,1,14,10000
8713,bg_shop_00,,405151001,100,2,2,512194414,1,724,-1,1,15,10000
8714,bg_shop_00,,405151001,10,20,2,512194415,1,724,-1,1,16,10000
8715,bg_shop_00,,405151001,10,5,2,512194416,1,724,-1,1,17,10000
8716,bg_shop_00,,405151001,10,30,2,512194417,1,724,-1,1,18,10000
8717,bg_shop_00,,405151001,1000,2,2,512194418,1,724,-1,1,19,10000
8718,bg_shop_00,,405151001,500,3,2,512194419,1,724,-1,1,20,10000
8719,bg_shop_00,,405151001,300,2,2,512194420,1,724,-1,1,21,10000
8720,bg_shop_00,,405151001,1000,1,2,512194421,1,724,-1,1,22,10000
8721,bg_shop_00,,507010001,200,30,2,512264019,1,725,-1,1,1,10000
8722,bg_shop_00,,507010001,200,30,2,512264020,1,725,-1,1,2,10000
8723,bg_shop_00,,507010001,200,30,2,512264021,1,725,-1,1,3,10000
8724,bg_shop_00,,507010001,200,30,2,512264022,1,725,-1,1,4,10000
8725,bg_shop_00,,507010001,200,30,2,512264023,1,725,-1,1,5,10000
8726,bg_shop_00,,507010001,20,100,2,512264024,1,725,-1,1,6,10000
8727,bg_shop_00,,507010001,200,30,2,512264025,1,725,-1,1,7,10000
8728,bg_shop_00,,507010001,9,600,2,512264026,1,725,-1,1,8,10000
8729,bg_shop_00,,507010001,800,30,2,512264027,1,725,-1,1,9,10000
8730,bg_shop_00,,507010001,3,300,2,512264028,1,725,-1,1,10,10000
8731,bg_shop_00,,507010001,100,6,2,512264029,1,725,-1,1,11,10000
8732,bg_shop_00,,507010001,500,4,2,512264030,1,725,-1,1,12,10000
8733,bg_shop_00,,507010001,5000,4,2,512264031,1,725,-1,1,13,10000
8734,bg_shop_00,,507010001,100,5,2,512264032,1,725,-1,1,14,10000
8735,bg_shop_00,,507010001,50,5,2,512264033,1,725,-1,1,15,10000
8736,bg_shop_00,,507010001,999,200,2,512264034,1,725,-1,1,16,10000
8737,bg_shop_00,,507010001,999,60,2,512264035,1,725,-1,1,17,10000
8738,bg_shop_00,,507010001,999,20,2,512264036,1,725,-1,1,18,10000
8739,bg_shop_00,,507010001,999,5,2,512264037,1,725,-1,1,19,10000
8740,bg_shop_00,,507010001,9999,2,2,512264038,1,725,-1,1,20,10000
8741,bg_shop_00,,507010001,999,30,2,512264039,1,725,-1,1,21,10000
8742,bg_shop_00,,507010001,999,100,2,512264040,1,725,-1,1,22,10000
8743,bg_shop_00,,507010001,999,80,2,512264041,1,725,-1,1,23,10000
8744,bg_shop_00,,401081002,1,1999,2,512264042,1,726,-1,1,1,10000
8745,bg_shop_00,,401081002,1,1999,2,512264043,1,726,-1,1,2,10000
8746,bg_shop_00,,401081002,100,20,2,512264044,1,726,-1,1,3,10000
8747,bg_shop_00,,401081002,1,999,2,512264045,1,726,-1,1,4,10000
8748,bg_shop_00,,401081002,1,200,2,512264046,1,726,-1,1,5,10000
8749,bg_shop_00,,401081002,1,200,2,512264047,1,726,-1,1,6,10000
8750,bg_shop_00,,401081002,10,350,2,512264048,1,726,-1,1,7,10000
8751,bg_shop_00,,401081002,10,60,2,512264049,1,726,-1,1,8,10000
8752,bg_shop_00,,401081002,100,20,2,512264050,1,726,-1,1,9,10000
8753,bg_shop_00,,401081002,100,8,2,512264051,1,726,-1,1,10,10000
8754,bg_shop_00,,401081002,1,25,2,512264052,1,726,-1,1,11,10000
8755,bg_shop_00,,401081002,6,65,2,512264053,1,726,-1,1,12,10000
8756,bg_shop_00,,401081002,300,15,2,512264054,1,726,-1,1,13,10000
8757,bg_shop_00,,401081002,20,40,2,512264055,1,726,-1,1,14,10000
8758,bg_shop_00,,401081002,30,15,2,512264056,1,726,-1,1,15,10000
8759,bg_shop_00,,401081002,100,10,2,512264057,1,726,-1,1,16,10000
8760,bg_shop_00,,401081002,300,100,2,512264058,1,726,-1,1,17,10000
8761,bg_shop_00,,401081002,100,15,2,512264059,1,726,-1,1,18,10000
8762,bg_shop_00,,401081002,1000,5,2,512264060,1,726,-1,1,19,10000
8763,bg_shop_00,,401081002,100,75,2,512264061,1,726,-1,1,20,10000
8764,bg_shop_00,,401081002,300,5,2,512264062,1,726,-1,1,21,10000
8765,bg_shop_00,,401250002,20,1200,2,601043007,-1,727,-1,1,1,10000
8766,bg_shop_00,,401250002,20,1200,2,601043008,-1,727,-1,1,2,10000
8767,bg_shop_00,,401250002,20,1200,2,601043009,-1,727,-1,1,3,10000
8768,bg_shop_00,,401250002,20,400,2,601043010,-1,727,-1,1,4,10000
8769,bg_shop_00,,401250002,200,120,2,601043011,-1,727,-1,1,5,10000
8770,bg_shop_00,,401250002,9,2400,2,601043012,-1,727,-1,1,6,10000
8771,bg_shop_00,,401250002,800,120,2,601043013,-1,727,-1,1,7,10000
8772,bg_shop_00,,401250002,3,1200,2,601043014,-1,727,-1,1,8,10000
8773,bg_shop_00,,401250002,100,24,2,601043015,-1,727,-1,1,9,10000
8774,bg_shop_00,,401250002,500,16,2,601043016,-1,727,-1,1,10,10000
8775,bg_shop_00,,401250002,5000,16,2,601043017,-1,727,-1,1,11,10000
8776,bg_shop_00,,401250002,100,20,2,601043018,-1,727,-1,1,12,10000
8777,bg_shop_00,,401250002,100,20,2,601043019,-1,727,-1,1,13,10000
8778,bg_shop_00,,401250002,10,800,2,601043020,-1,727,-1,1,14,10000
8779,bg_shop_00,,401250002,20,240,2,601043021,-1,727,-1,1,15,10000
8780,bg_shop_00,,401250002,100,80,2,601043022,-1,727,-1,1,16,10000
8781,bg_shop_00,,401250002,999,20,2,601043023,-1,727,-1,1,17,10000
8782,bg_shop_00,,401250002,9999,8,2,601043024,-1,727,-1,1,18,10000
8783,bg_shop_00,,401250002,999,20,2,601043025,-1,727,-1,1,19,10000
8784,bg_shop_00,,401250002,999,240,2,601043026,-1,727,-1,1,20,10000
8785,bg_shop_00,,401250002,999,80,2,601043027,-1,727,-1,1,21,10000
8786,bg_shop_00,,510300001,1,200,2,601050101,-1,728,-1,1,2,10000
8787,bg_shop_00,,510300001,1,200,2,601050102,-1,728,-1,1,3,10000
8788,bg_shop_00,,510300001,100,3,2,601050103,-1,728,-1,1,4,10000
8789,bg_shop_00,,510300001,200,6,2,601050104,-1,728,-1,1,5,10000
8790,bg_shop_00,,510300001,200,5,2,601050105,-1,728,-1,1,6,10000
8791,bg_shop_00,,510300001,50,15,2,601050106,-1,728,-1,1,7,10000
8792,bg_shop_00,,510300001,50,10,2,601050107,-1,728,-1,1,8,10000
8793,bg_shop_00,,510300001,2,300,2,601050108,-1,728,-1,1,9,10000
8794,bg_shop_00,,510300001,20,15,2,601050109,-1,728,-1,1,10,10000
8795,bg_shop_00,,510300001,100,5,2,601050110,-1,728,-1,1,11,10000
8796,bg_shop_00,,510300001,20,90,2,601050111,-1,728,-1,1,12,10000
8797,bg_shop_00,,510300001,100,30,2,601050112,-1,728,-1,1,13,10000
8798,bg_shop_00,,510300001,2000,1,2,601050113,-1,728,-1,1,14,10000
8799,bg_shop_00,,510300001,120,30,2,601050114,-1,728,-1,1,15,10000
8800,bg_shop_00,,510300001,5,50,2,601050115,-1,728,-1,1,16,10000
8801,bg_shop_00,,401081002,1,1999,2,601093001,1,729,-1,1,1,10000
8802,bg_shop_00,,401081002,1,1999,2,601093002,1,729,-1,1,2,10000
8803,bg_shop_00,,401081002,100,20,2,601093003,1,729,-1,1,3,10000
8804,bg_shop_00,,401081002,1,999,2,601093004,1,729,-1,1,4,10000
8805,bg_shop_00,,401081002,1,200,2,601093005,1,729,-1,1,5,10000
8806,bg_shop_00,,401081002,1,200,2,601093006,1,729,-1,1,6,10000
8807,bg_shop_00,,401081002,10,350,2,601093007,1,729,-1,1,7,10000
8808,bg_shop_00,,401081002,10,60,2,601093008,1,729,-1,1,8,10000
8809,bg_shop_00,,401081002,100,20,2,601093009,1,729,-1,1,9,10000
8810,bg_shop_00,,401081002,100,8,2,601093010,1,729,-1,1,10,10000
8811,bg_shop_00,,401081002,1,25,2,601093011,1,729,-1,1,11,10000
8812,bg_shop_00,,401081002,6,65,2,601093012,1,729,-1,1,12,10000
8813,bg_shop_00,,401081002,300,15,2,601093013,1,729,-1,1,13,10000
8814,bg_shop_00,,401081002,20,40,2,601093014,1,729,-1,1,14,10000
8815,bg_shop_00,,401081002,30,15,2,601093015,1,729,-1,1,15,10000
8816,bg_shop_00,,401081002,100,10,2,601093016,1,729,-1,1,16,10000
8817,bg_shop_00,,401081002,300,100,2,601093017,1,729,-1,1,17,10000
8818,bg_shop_00,,401081002,100,15,2,601093018,1,729,-1,1,18,10000
8819,bg_shop_00,,401081002,1000,5,2,601093019,1,729,-1,1,19,10000
8820,bg_shop_00,,401081002,100,75,2,601093020,1,729,-1,1,20,10000
8821,bg_shop_00,,401081002,300,5,2,601093021,1,729,-1,1,21,10000
8822,bg_shop_00,,601130002,1,999,2,601151101,-1,730,-1,1,1,10000
8823,bg_shop_00,,601130002,1,999,2,601151102,-1,730,-1,1,2,10000
8824,bg_shop_00,,601130002,11,180,2,601151103,-1,730,-1,1,3,10000
8825,bg_shop_00,,601130002,11,180,2,601151104,-1,730,-1,1,4,10000
8826,bg_shop_00,,601130002,11,80,2,601151105,-1,730,-1,1,5,10000
8827,bg_shop_00,,601130002,1,200,2,601151106,-1,730,-1,1,6,10000
8828,bg_shop_00,,601130002,100,20,2,601151107,-1,730,-1,1,7,10000
8829,bg_shop_00,,601130002,200,15,2,601151108,-1,730,-1,1,8,10000
8830,bg_shop_00,,601130002,200,10,2,601151109,-1,730,-1,1,9,10000
8831,bg_shop_00,,601130002,2,300,2,601151110,-1,730,-1,1,10,10000
8832,bg_shop_00,,601130002,5,300,2,601151111,-1,730,-1,1,11,10000
8833,bg_shop_00,,601130002,30,400,2,601151112,-1,730,-1,1,12,10000
8834,bg_shop_00,,601130002,8,200,2,601151113,-1,730,-1,1,13,10000
8835,bg_shop_00,,601130002,120,5,2,601151114,-1,730,-1,1,14,10000
8836,bg_shop_00,,601130002,50,15,2,601151115,-1,730,-1,1,15,10000
8837,bg_shop_00,,601130002,300,10,2,601151116,-1,730,-1,1,16,10000
8838,bg_shop_00,,601130002,500,1,2,601151117,-1,730,-1,1,17,10000
8839,bg_shop_00,,601130002,1000,1,2,601151118,-1,730,-1,1,18,10000
8840,bg_shop_00,,1005,1000,1,2,601151401,-1,730,-1,1,19,10000
8841,bg_shop_00,,601130002,1,999,2,601151201,-1,731,-1,1,1,10000
8842,bg_shop_00,,601130002,1,999,2,601151202,-1,731,-1,1,2,10000
8843,bg_shop_00,,601130002,11,180,2,601151203,-1,731,-1,1,3,10000
8844,bg_shop_00,,601130002,11,180,2,601151204,-1,731,-1,1,4,10000
8845,bg_shop_00,,601130002,11,80,2,601151205,-1,731,-1,1,5,10000
8846,bg_shop_00,,601130002,1,200,2,601151206,-1,731,-1,1,6,10000
8847,bg_shop_00,,601130002,100,20,2,601151207,-1,731,-1,1,7,10000
8848,bg_shop_00,,601130002,200,15,2,601151208,-1,731,-1,1,8,10000
8849,bg_shop_00,,601130002,200,10,2,601151209,-1,731,-1,1,9,10000
8850,bg_shop_00,,601130002,2,300,2,601151210,-1,731,-1,1,10,10000
8851,bg_shop_00,,601130002,5,300,2,601151211,-1,731,-1,1,11,10000
8852,bg_shop_00,,601130002,30,400,2,601151212,-1,731,-1,1,12,10000
8853,bg_shop_00,,601130002,30,90,2,601151213,-1,731,-1,1,13,10000
8854,bg_shop_00,,601130002,50,30,2,601151214,-1,731,-1,1,14,10000
8855,bg_shop_00,,601130002,120,5,2,601151215,-1,731,-1,1,15,10000
8856,bg_shop_00,,601130002,50,15,2,601151216,-1,731,-1,1,16,10000
8857,bg_shop_00,,601130002,300,10,2,601151217,-1,731,-1,1,17,10000
8858,bg_shop_00,,601130002,500,1,2,601151218,-1,731,-1,1,18,10000
8859,bg_shop_00,,601130002,1000,1,2,601151219,-1,731,-1,1,19,10000
8860,bg_shop_00,,1005,1000,1,2,601151401,-1,731,-1,1,20,10000
8861,bg_shop_00,,601130006,5,100,2,601151301,-1,732,-1,1,1,10000
8862,bg_shop_00,,601130006,1,500,2,601151302,-1,732,-1,1,2,10000
8863,bg_shop_00,,601130006,2,800,2,601151303,-1,732,-1,1,3,10000
8864,bg_shop_00,,601130006,2,800,2,601151304,-1,732,-1,1,4,10000
8865,bg_shop_00,,601130006,2,200,2,601151305,-1,732,-1,1,5,10000
8866,bg_shop_00,,601130006,2,200,2,601151306,-1,732,-1,1,6,10000
8867,bg_shop_00,,601130006,2,50,2,601151307,-1,732,-1,1,7,10000
8868,bg_shop_00,,601130006,1,400,2,601151308,-1,732,-1,1,8,10000
8869,bg_shop_00,,601130006,1,100,2,601151309,-1,732,-1,1,9,10000
8870,bg_shop_00,,601130006,50,50,2,601151310,-1,732,-1,1,10,10000
8871,bg_shop_00,,601130006,1,400,2,601151311,-1,732,-1,1,11,10000
8872,bg_shop_00,,601130006,3,100,2,601151312,-1,732,-1,1,12,10000
8873,bg_shop_00,,601130006,2,1200,2,601151313,-1,732,-1,1,13,10000
8874,bg_shop_00,,601130006,2000,1,2,601151314,-1,732,-1,1,14,10000
8875,bg_shop_00,,507010001,200,30,2,601163019,1,733,-1,1,1,10000
8876,bg_shop_00,,507010001,200,30,2,601163020,1,733,-1,1,2,10000
8877,bg_shop_00,,507010001,200,30,2,601163021,1,733,-1,1,3,10000
8878,bg_shop_00,,507010001,200,30,2,601163022,1,733,-1,1,4,10000
8879,bg_shop_00,,507010001,200,30,2,601163023,1,733,-1,1,5,10000
8880,bg_shop_00,,507010001,100,30,2,601163024,1,733,-1,1,6,10000
8881,bg_shop_00,,507010001,20,100,2,601163025,1,733,-1,1,7,10000
8882,bg_shop_00,,507010001,200,30,2,601163026,1,733,-1,1,8,10000
8883,bg_shop_00,,507010001,9,600,2,601163027,1,733,-1,1,9,10000
8884,bg_shop_00,,507010001,800,30,2,601163028,1,733,-1,1,10,10000
8885,bg_shop_00,,507010001,3,300,2,601163029,1,733,-1,1,11,10000
8886,bg_shop_00,,507010001,100,6,2,601163030,1,733,-1,1,12,10000
8887,bg_shop_00,,507010001,500,4,2,601163031,1,733,-1,1,13,10000
8888,bg_shop_00,,507010001,5000,4,2,601163032,1,733,-1,1,14,10000
8889,bg_shop_00,,507010001,100,5,2,601163033,1,733,-1,1,15,10000
8890,bg_shop_00,,507010001,50,5,2,601163034,1,733,-1,1,16,10000
8891,bg_shop_00,,507010001,999,200,2,601163035,1,733,-1,1,17,10000
8892,bg_shop_00,,507010001,999,60,2,601163036,1,733,-1,1,18,10000
8893,bg_shop_00,,507010001,999,20,2,601163037,1,733,-1,1,19,10000
8894,bg_shop_00,,507010001,999,5,2,601163038,1,733,-1,1,20,10000
8895,bg_shop_00,,507010001,9999,2,2,601163039,1,733,-1,1,21,10000
8896,bg_shop_00,,507010001,999,30,2,601163040,1,733,-1,1,22,10000
8897,bg_shop_00,,507010001,999,100,2,601163041,1,733,-1,1,23,10000
8898,bg_shop_00,,507010001,999,80,2,601163042,1,733,-1,1,24,10000
8899,bg_shop_00,,1401,1,600,81,506035015,-1,734,-1,1,3,10000
8900,bg_shop_00,,1401,1,30,81,506035016,-1,734,-1,1,4,10000
8901,bg_shop_00,,1401,10,300,81,506035017,-1,734,-1,1,5,10000
8902,bg_shop_00,,1401,10,6,81,506035018,-1,734,-1,1,6,10000
8903,bg_shop_00,,1401,1,4,81,602164000,-1,734,-1,1,7,10000
8904,bg_shop_00,,1401,300,4,81,506035020,-1,734,-1,1,8,10000
8905,bg_shop_00,,1401,500,5,81,506035021,-1,734,-1,1,9,10000
8906,bg_shop_00,,1401,500,5,81,506035022,-1,734,-1,1,10,10000
8907,bg_shop_00,,1401,1,200,81,602164000,-1,734,-1,1,3,10000
8908,bg_shop_00,,1401,1,60,81,506035016,-1,734,-1,1,4,10000
8909,bg_shop_00,,1401,10,20,81,506035017,-1,734,-1,1,5,10000
8910,bg_shop_00,,1401,10,5,81,506035018,-1,734,-1,1,6,10000
8911,bg_shop_00,,1401,1,2,81,602164000,-1,734,-1,1,7,10000
8912,bg_shop_00,,1401,300,30,81,506035020,-1,734,-1,1,8,10000
8913,bg_shop_00,,1401,500,100,81,506035021,-1,734,-1,1,9,10000
8914,bg_shop_00,,1401,500,80,81,506035022,-1,734,-1,1,10,10000
8915,bg_shop_00,,401250002,20,1200,2,601223101,-1,738,-1,1,1,10000
8916,bg_shop_00,,401250002,20,1200,2,601223102,-1,738,-1,1,2,10000
8917,bg_shop_00,,401250002,20,1200,2,601223103,-1,738,-1,1,3,10000
8918,bg_shop_00,,401250002,100,120,2,601223104,-1,738,-1,1,4,10000
8919,bg_shop_00,,401250002,20,400,2,601223105,-1,738,-1,1,5,10000
8920,bg_shop_00,,401250002,200,120,2,601223106,-1,738,-1,1,6,10000
8921,bg_shop_00,,401250002,9,2400,2,601223107,-1,738,-1,1,7,10000
8922,bg_shop_00,,401250002,800,120,2,601223108,-1,738,-1,1,8,10000
8923,bg_shop_00,,401250002,3,1200,2,601223109,-1,738,-1,1,9,10000
8924,bg_shop_00,,401250002,100,24,2,601223110,-1,738,-1,1,10,10000
8925,bg_shop_00,,401250002,500,16,2,601223111,-1,738,-1,1,11,10000
8926,bg_shop_00,,401250002,5000,16,2,601223112,-1,738,-1,1,12,10000
8927,bg_shop_00,,401250002,100,20,2,601223113,-1,738,-1,1,13,10000
8928,bg_shop_00,,401250002,100,20,2,601223114,-1,738,-1,1,14,10000
8929,bg_shop_00,,401250002,10,800,2,601223115,-1,738,-1,1,15,10000
8930,bg_shop_00,,401250002,20,240,2,601223116,-1,738,-1,1,16,10000
8931,bg_shop_00,,401250002,100,80,2,601223117,-1,738,-1,1,17,10000
8932,bg_shop_00,,401250002,999,20,2,601223118,-1,738,-1,1,18,10000
8933,bg_shop_00,,401250002,9999,8,2,601223119,-1,738,-1,1,19,10000
8934,bg_shop_00,,401250002,999,20,2,601223120,-1,738,-1,1,20,10000
8935,bg_shop_00,,401250002,999,240,2,601223121,-1,738,-1,1,21,10000
8936,bg_shop_00,,401250002,999,80,2,601223122,-1,738,-1,1,22,10000
8937,bg_shop_00,,401081002,1,1999,2,601223001,1,739,-1,1,1,10000
8938,bg_shop_00,,401081002,1,1999,2,601223002,1,739,-1,1,2,10000
8939,bg_shop_00,,401081002,100,20,2,601223003,1,739,-1,1,3,10000
8940,bg_shop_00,,401081002,1,999,2,601223004,1,739,-1,1,4,10000
8941,bg_shop_00,,401081002,1,200,2,601223005,1,739,-1,1,5,10000
8942,bg_shop_00,,401081002,1,200,2,601223006,1,739,-1,1,6,10000
8943,bg_shop_00,,401081002,10,350,2,601223007,1,739,-1,1,7,10000
8944,bg_shop_00,,401081002,10,60,2,601223008,1,739,-1,1,8,10000
8945,bg_shop_00,,401081002,100,20,2,601223009,1,739,-1,1,9,10000
8946,bg_shop_00,,401081002,100,8,2,601223010,1,739,-1,1,10,10000
8947,bg_shop_00,,401081002,1,25,2,601223011,1,739,-1,1,11,10000
8948,bg_shop_00,,401081002,6,65,2,601223012,1,739,-1,1,12,10000
8949,bg_shop_00,,401081002,300,15,2,601223013,1,739,-1,1,13,10000
8950,bg_shop_00,,401081002,20,40,2,601223014,1,739,-1,1,14,10000
8951,bg_shop_00,,401081002,30,15,2,601223015,1,739,-1,1,15,10000
8952,bg_shop_00,,401081002,100,10,2,601223016,1,739,-1,1,16,10000
8953,bg_shop_00,,401081002,300,100,2,601223017,1,739,-1,1,17,10000
8954,bg_shop_00,,401081002,100,15,2,601223018,1,739,-1,1,18,10000
8955,bg_shop_00,,401081002,1000,5,2,601223019,1,739,-1,1,19,10000
8956,bg_shop_00,,401081002,100,75,2,601223020,1,739,-1,1,20,10000
8957,bg_shop_00,,401081002,300,5,2,601223021,1,739,-1,1,21,10000
8958,bg_shop_00,,601226001,1,200,2,601226101,-1,740,-1,1,1,10000
8959,bg_shop_00,,601226001,1,200,2,601226102,-1,740,-1,1,2,10000
8960,bg_shop_00,,601226001,1,200,2,601226103,-1,740,-1,1,3,10000
8961,bg_shop_00,,601226001,500,10,2,601226104,-1,740,-1,1,4,10000
8962,bg_shop_00,,601226001,500,10,2,601226105,-1,740,-1,1,5,10000
8963,bg_shop_00,,601226001,500,10,2,601226106,-1,740,-1,1,6,10000
8964,bg_shop_00,,601226001,100,3,2,601226107,-1,740,-1,1,7,10000
8965,bg_shop_00,,601226001,100,6,2,601226108,-1,740,-1,1,8,10000
8966,bg_shop_00,,601226001,100,5,2,601226109,-1,740,-1,1,9,10000
8967,bg_shop_00,,601226001,200,15,2,601226110,-1,740,-1,1,10,10000
8968,bg_shop_00,,601226001,5,300,2,601226111,-1,740,-1,1,11,10000
8969,bg_shop_00,,601226001,30,15,2,601226112,-1,740,-1,1,12,10000
8970,bg_shop_00,,601226001,100,5,2,601226113,-1,740,-1,1,13,10000
8971,bg_shop_00,,601226001,2000,1,2,601226114,-1,740,-1,1,14,10000
8972,bg_shop_00,,601226001,120,30,2,601226115,-1,740,-1,1,15,10000
8973,bg_shop_00,,601226001,5,50,2,601226116,-1,740,-1,1,16,10000
8974,bg_shop_00,,512040002,1,5000,2,601292001,-1,741,-1,1,1,10000
8975,bg_shop_00,,512040002,1,5000,2,601292002,-1,741,-1,1,2,10000
8976,bg_shop_00,,512040002,1,1999,2,601292003,-1,741,-1,0,3,10000
8977,bg_shop_00,,512040002,25,50,2,601292004,-1,741,-1,0,4,10000
8978,bg_shop_00,,512040002,150,50,2,601292005,-1,741,-1,1,5,10000
8979,bg_shop_00,,512040002,300,20,2,601292006,-1,741,-1,1,6,10000
8980,bg_shop_00,,512040002,200,15,2,601292007,-1,741,-1,1,7,10000
8981,bg_shop_00,,512040002,200,10,2,601292008,-1,741,-1,1,8,10000
8982,bg_shop_00,,512040002,2,300,2,601292009,-1,741,-1,1,9,10000
8983,bg_shop_00,,512040002,30,300,2,601292010,-1,741,-1,1,10,10000
8984,bg_shop_00,,512040002,30,400,2,601292011,-1,741,-1,1,11,10000
8985,bg_shop_00,,512040002,120,5,2,601292012,-1,741,-1,1,12,10000
8986,bg_shop_00,,512040002,50,15,2,601292013,-1,741,-1,1,13,10000
8987,bg_shop_00,,512040002,300,10,2,601292014,-1,741,-1,1,14,10000
8988,bg_shop_00,,512040002,500,1,2,601292015,-1,741,-1,1,15,10000
8989,bg_shop_00,,512040002,1000,1,2,601292016,-1,741,-1,1,16,10000
8990,bg_shop_00,,204002,100,30,2,601304107,1,742,-1,1,1,10000
8991,bg_shop_00,,204002,100,30,2,601304108,1,742,-1,1,2,10000
8992,bg_shop_00,,204002,100,30,2,601304109,1,742,-1,1,3,10000
8993,bg_shop_00,,204002,100,30,2,601304110,1,742,-1,1,4,10000
8994,bg_shop_00,,204002,20,100,2,601304111,1,742,-1,1,5,10000
8995,bg_shop_00,,204002,200,30,2,601304112,1,742,-1,1,6,10000
8996,bg_shop_00,,204002,9,600,2,601304113,1,742,-1,1,7,10000
8997,bg_shop_00,,204002,800,30,2,601304114,1,742,-1,1,8,10000
8998,bg_shop_00,,204002,3,300,2,601304115,1,742,-1,1,9,10000
8999,bg_shop_00,,204002,100,6,2,601304116,1,742,-1,1,10,10000
9000,bg_shop_00,,204002,500,4,2,601304117,1,742,-1,1,11,10000
9001,bg_shop_00,,204002,5000,4,2,601304118,1,742,-1,1,12,10000
9002,bg_shop_00,,204002,100,5,2,601304119,1,742,-1,1,13,10000
9003,bg_shop_00,,204002,50,5,2,601304120,1,742,-1,1,14,10000
9004,bg_shop_00,,204002,999,200,2,601304121,1,742,-1,1,15,10000
9005,bg_shop_00,,204002,999,60,2,601304122,1,742,-1,1,16,10000
9006,bg_shop_00,,204002,999,20,2,601304123,1,742,-1,1,17,10000
9007,bg_shop_00,,204002,999,5,2,601304124,1,742,-1,1,18,10000
9008,bg_shop_00,,204002,9999,2,2,601304125,1,742,-1,1,19,10000
9009,bg_shop_00,,204002,999,30,2,601304126,1,742,-1,1,20,10000
9010,bg_shop_00,,204002,999,100,2,601304127,1,742,-1,1,21,10000
9011,bg_shop_00,,204002,999,80,2,601304128,1,742,-1,1,22,10000
9012,bg_shop_00,,62013002,100,20,2,602014009,-1,743,-1,1,1,10000
9013,bg_shop_00,,62013002,25,50,2,602014010,-1,743,-1,1,2,10000
9014,bg_shop_00,,62013002,1,999,2,602014001,-1,743,-1,1,3,10000
9015,bg_shop_00,,62013002,1,999,2,602014002,-1,743,-1,1,4,10000
9016,bg_shop_00,,62013002,1,799,2,602014003,-1,743,-1,1,5,10000
9017,bg_shop_00,,62013002,1,400,2,602014004,-1,743,-1,1,6,10000
9018,bg_shop_00,,62013002,11,180,2,602014005,-1,743,-1,1,9,10000
9019,bg_shop_00,,62013002,11,180,2,602014006,-1,743,-1,1,8,10000
9020,bg_shop_00,,62013002,1,400,2,602014007,-1,743,-1,1,7,10000
9021,bg_shop_00,,62013002,1,200,2,602014008,-1,743,-1,1,10,10000
602085002,bg_shop_00,,62013002,1,150,2,602085002,-1,743,-1,1,11,10000
9022,bg_shop_00,,62013002,200,15,2,602014011,-1,743,-1,1,12,10000
9023,bg_shop_00,,62013002,200,10,2,602014012,-1,743,-1,1,13,10000
9024,bg_shop_00,,62013002,200,10,2,602014013,-1,743,-1,1,14,10000
9025,bg_shop_00,,62013002,200,10,2,602014014,-1,743,-1,1,15,10000
9026,bg_shop_00,,62013002,5,300,2,602014015,-1,743,-1,1,16,10000
9027,bg_shop_00,,62013002,5,300,2,602014016,-1,743,-1,1,17,10000
9028,bg_shop_00,,62013002,40,400,2,602014017,-1,743,-1,1,18,10000
9029,bg_shop_00,,62013002,8,200,2,602014018,-1,743,-1,1,19,10000
9030,bg_shop_00,,62013002,120,5,2,602014019,-1,743,-1,1,20,10000
9031,bg_shop_00,,62013002,100,15,2,602014020,-1,743,-1,1,21,10000
9032,bg_shop_00,,62013002,600,10,2,602014021,-1,743,-1,1,22,10000
9033,bg_shop_00,,62013002,1000,1,2,602014022,-1,743,-1,1,23,10000
9034,bg_shop_00,,62013002,8000,1,2,602014023,-1,743,-1,1,24,10000
9035,bg_shop_00,,62013002,100,20,2,602014109,-1,744,-1,1,1,10000
9036,bg_shop_00,,62013002,25,50,2,602014110,-1,744,-1,1,2,10000
9037,bg_shop_00,,62013002,1,999,2,602014101,-1,744,-1,1,3,10000
9038,bg_shop_00,,62013002,1,999,2,602014102,-1,744,-1,1,4,10000
9039,bg_shop_00,,62013002,1,799,2,602014103,-1,744,-1,1,5,10000
9040,bg_shop_00,,62013002,1,400,2,602014104,-1,744,-1,1,6,10000
9041,bg_shop_00,,62013002,11,180,2,602014105,-1,744,-1,1,9,10000
9042,bg_shop_00,,62013002,11,180,2,602014106,-1,744,-1,1,8,10000
9043,bg_shop_00,,62013002,1,400,2,602014107,-1,744,-1,1,7,10000
9044,bg_shop_00,,62013002,1,200,2,602014108,-1,744,-1,1,10,10000
602085003,bg_shop_00,,62013002,1,150,2,602085002,-1,744,-1,1,11,10000
9045,bg_shop_00,,62013002,200,15,2,602014111,-1,744,-1,1,12,10000
9046,bg_shop_00,,62013002,200,10,2,602014112,-1,744,-1,1,13,10000
9047,bg_shop_00,,62013002,200,10,2,602014113,-1,744,-1,1,14,10000
9048,bg_shop_00,,62013002,200,10,2,602014114,-1,744,-1,1,15,10000
9049,bg_shop_00,,62013002,5,300,2,602014115,-1,744,-1,1,16,10000
9050,bg_shop_00,,62013002,5,300,2,602014116,-1,744,-1,1,17,10000
9051,bg_shop_00,,62013002,40,400,2,602014117,-1,744,-1,1,18,10000
9052,bg_shop_00,,62013002,30,90,2,602014118,-1,744,-1,1,19,10000
9053,bg_shop_00,,62013002,50,30,2,602014119,-1,744,-1,1,20,10000
9054,bg_shop_00,,62013002,120,5,2,602014120,-1,744,-1,1,21,10000
9055,bg_shop_00,,62013002,100,15,2,602014121,-1,744,-1,1,22,10000
9056,bg_shop_00,,62013002,600,10,2,602014122,-1,744,-1,1,23,10000
9057,bg_shop_00,,62013002,1000,1,2,602014123,-1,744,-1,1,24,10000
9058,bg_shop_00,,62013002,8000,1,2,602014124,-1,744,-1,1,25,10000
9059,bg_shop_00,,62013005,1,2000,2,602014201,-1,745,-1,1,1,10000
9060,bg_shop_00,,62013005,5,100,2,602014202,-1,745,-1,1,2,10000
9061,bg_shop_00,,62013005,1,500,2,602014203,-1,745,-1,1,3,10000
9062,bg_shop_00,,62013005,2,800,2,602014204,-1,745,-1,1,4,10000
9063,bg_shop_00,,62013005,2,800,2,602014205,-1,745,-1,1,5,10000
9064,bg_shop_00,,62013005,2,800,2,602014206,-1,745,-1,1,6,10000
9065,bg_shop_00,,62013005,2,200,2,602014207,-1,745,-1,1,7,10000
9066,bg_shop_00,,62013005,2,200,2,602014208,-1,745,-1,1,8,10000
602085001,bg_shop_00,,62013005,1,400,2,602085001,-1,745,-1,1,9,10000
9067,bg_shop_00,,62013005,1,400,2,602014209,-1,745,-1,1,10,10000
9068,bg_shop_00,,62013005,1,100,2,602014210,-1,745,-1,1,11,10000
9069,bg_shop_00,,62013005,50,50,2,602014211,-1,745,-1,1,12,10000
9070,bg_shop_00,,62013005,1,400,2,602014212,-1,745,-1,1,13,10000
9071,bg_shop_00,,62013005,3,100,2,602014213,-1,745,-1,1,14,10000
9072,bg_shop_00,,62013005,2,1200,2,602014214,-1,745,-1,1,15,10000
9073,bg_shop_00,,62013005,100,60,2,602014215,-1,745,-1,1,16,10000
9074,bg_shop_00,,62013005,400,20,2,602014216,-1,745,-1,1,17,10000
9075,bg_shop_00,,62013005,99999,1,2,602014217,-1,745,-1,1,18,10000
9076,bg_shop_00,,401081002,1,1999,2,406211401,1,746,-1,1,1,10000
9077,bg_shop_00,,401081002,100,20,2,506056202,1,746,-1,1,2,10000
9078,bg_shop_00,,401081002,1,1999,2,503075202,1,746,-1,1,3,10000
9079,bg_shop_00,,401081002,1,999,2,503075203,1,746,-1,1,4,10000
9080,bg_shop_00,,401081002,1,200,2,503075204,1,746,-1,1,5,10000
9081,bg_shop_00,,401081002,1,200,2,505155003,1,746,-1,1,6,10000
9082,bg_shop_00,,401081002,4,350,2,503075205,1,746,-1,1,7,10000
9083,bg_shop_00,,401081002,10,60,2,503075206,1,746,-1,1,8,10000
9084,bg_shop_00,,401081002,1,25,2,503075207,1,746,-1,1,9,10000
9085,bg_shop_00,,401081002,100,20,2,506190008,1,746,-1,1,10,10000
9086,bg_shop_00,,401081002,100,8,2,503075208,1,746,-1,1,11,10000
9087,bg_shop_00,,401081002,6,65,2,503075209,1,746,-1,1,12,10000
9088,bg_shop_00,,401081002,300,15,2,503075210,1,746,-1,1,13,10000
9089,bg_shop_00,,401081002,20,40,2,503075211,1,746,-1,1,14,10000
9090,bg_shop_00,,401081002,30,15,2,503075212,1,746,-1,1,15,10000
9091,bg_shop_00,,401081002,100,10,2,503075213,1,746,-1,1,16,10000
9092,bg_shop_00,,401081002,300,100,2,503075214,1,746,-1,1,17,10000
9093,bg_shop_00,,401081002,100,15,2,503075215,1,746,-1,1,18,10000
9094,bg_shop_00,,401081002,1000,5,2,503075216,1,746,-1,1,19,10000
9095,bg_shop_00,,401081002,100,75,2,503075217,1,746,-1,1,20,10000
9096,bg_shop_00,,401081002,300,5,2,503075218,1,746,-1,1,21,10000
9097,bg_shop_00,,507010001,200,30,2,602083101,1,747,-1,1,1,10000
9098,bg_shop_00,,507010001,200,30,2,602083102,1,747,-1,1,2,10000
9099,bg_shop_00,,507010001,200,30,2,602083103,1,747,-1,1,3,10000
9100,bg_shop_00,,507010001,200,30,2,602083104,1,747,-1,1,4,10000
9101,bg_shop_00,,507010001,200,30,2,602083105,1,747,-1,1,5,10000
9102,bg_shop_00,,507010001,100,30,2,602083106,1,747,-1,1,6,10000
9103,bg_shop_00,,507010001,20,100,2,602083107,1,747,-1,1,7,10000
9104,bg_shop_00,,507010001,200,30,2,602083108,1,747,-1,1,8,10000
9105,bg_shop_00,,507010001,9,600,2,602083109,1,747,-1,1,9,10000
9106,bg_shop_00,,507010001,800,30,2,602083110,1,747,-1,1,10,10000
9107,bg_shop_00,,507010001,3,300,2,602083111,1,747,-1,1,11,10000
9108,bg_shop_00,,507010001,100,6,2,602083112,1,747,-1,1,12,10000
9109,bg_shop_00,,507010001,500,4,2,602083113,1,747,-1,1,13,10000
9110,bg_shop_00,,507010001,5000,4,2,602083114,1,747,-1,1,14,10000
9111,bg_shop_00,,507010001,100,5,2,602083115,1,747,-1,1,15,10000
9112,bg_shop_00,,507010001,50,5,2,602083116,1,747,-1,1,16,10000
9113,bg_shop_00,,507010001,999,200,2,602083117,1,747,-1,1,17,10000
9114,bg_shop_00,,507010001,999,60,2,602083118,1,747,-1,1,18,10000
9115,bg_shop_00,,507010001,999,20,2,602083119,1,747,-1,1,19,10000
9116,bg_shop_00,,507010001,999,5,2,602083120,1,747,-1,1,20,10000
9117,bg_shop_00,,507010001,9999,2,2,602083121,1,747,-1,1,21,10000
9118,bg_shop_00,,507010001,999,30,2,602083122,1,747,-1,1,22,10000
9119,bg_shop_00,,507010001,999,100,2,602083123,1,747,-1,1,23,10000
9120,bg_shop_00,,507010001,999,80,2,602083124,1,747,-1,1,24,10000
9121,bg_duihuanshangdian_DragonTraining,,601288002,1,1499,2,602108548,-1,748,-1,1,1,10000
9122,bg_duihuanshangdian_DragonTraining,,601288002,1,299,2,602108549,-1,748,-1,1,2,10000
9123,bg_duihuanshangdian_DragonTraining,,601288002,1,499,2,602108550,-1,748,-1,1,3,10000
9124,bg_duihuanshangdian_DragonTraining,,601288002,50,260,2,602108551,-1,748,-1,1,4,10000
9125,bg_duihuanshangdian_DragonTraining,,601288002,50,260,2,602108552,-1,748,-1,1,5,10000
9126,bg_duihuanshangdian_DragonTraining,,601288002,50,260,2,602108553,-1,748,-1,1,6,10000
9127,bg_duihuanshangdian_DragonTraining,,601288002,50,170,2,602108554,-1,748,-1,1,7,10000
9128,bg_duihuanshangdian_DragonTraining,,601288002,50,170,2,602108555,-1,748,-1,1,8,10000
9129,bg_duihuanshangdian_DragonTraining,,601288002,50,170,2,602108556,-1,748,-1,1,9,10000
9130,bg_shop_00,,601288002,100,20,2,602108557,-1,748,-1,1,10,10000
9131,bg_shop_00,,601288002,400,5,2,602108558,-1,748,-1,1,11,10000
9132,bg_shop_00,,601288002,400,4,2,602108559,-1,748,-1,1,12,10000
9133,bg_shop_00,,601288002,200,3,2,602108560,-1,748,-1,1,13,10000
9134,bg_shop_00,,601288002,200,3,2,602108561,-1,748,-1,1,14,10000
9135,bg_shop_00,,601288002,300,5,2,602108562,-1,748,-1,1,15,10000
9136,bg_shop_00,,601288002,200,15,2,602108563,-1,748,-1,1,16,10000
9137,bg_shop_00,,601288002,200,10,2,602108564,-1,748,-1,1,17,10000
9138,bg_shop_00,,601288002,200,5,2,602108565,-1,748,-1,1,18,10000
9139,bg_shop_00,,601288002,2,300,2,602108566,-1,748,-1,1,19,10000
9140,bg_shop_00,,601288002,5,300,2,602108567,-1,748,-1,1,20,10000
9141,bg_shop_00,,601288002,30,400,2,602108568,-1,748,-1,1,21,10000
9142,bg_shop_00,,601288002,30,90,2,602108569,-1,748,-1,1,22,10000
9143,bg_shop_00,,601288002,50,30,2,602108570,-1,748,-1,1,23,10000
9144,bg_shop_00,,601288002,120,5,2,602108571,-1,748,-1,1,24,10000
9145,bg_shop_00,,601288002,50,15,2,602108572,-1,748,-1,1,25,10000
9146,bg_shop_00,,601288002,300,10,2,602108573,-1,748,-1,1,26,10000
9147,bg_shop_00,,601288002,500,1,2,602108574,-1,748,-1,1,27,10000
9148,bg_shop_00,,601288002,1000,1,2,602108575,-1,748,-1,1,28,10000
9149,bg_duihuanshangdian_DragonTraining,,601288003,1,1000,2,602108603,-1,749,-1,1,1,10000
9150,bg_duihuanshangdian_DragonTraining,,601288003,3,3000,2,602108604,-1,749,-1,1,2,10000
9151,bg_duihuanshangdian_DragonTraining,,601288003,3,3000,2,602108605,-1,749,-1,1,3,10000
9152,bg_duihuanshangdian_DragonTraining,,601288003,20,100,2,602108606,-1,749,-1,1,4,10000
9153,bg_shop_00,,601288003,50,100,2,602108607,-1,749,-1,1,5,10000
9154,bg_shop_00,,601288003,100,40,2,602108608,-1,749,-1,1,6,10000
9155,bg_shop_00,,601288003,30,150,2,602108609,-1,749,-1,1,7,10000
9156,bg_shop_00,,601288003,50,100,2,602108610,-1,749,-1,1,8,10000
9157,bg_shop_00,,601288003,200,25,2,602108611,-1,749,-1,1,9,10000
9158,bg_shop_00,,601288003,2,500,2,602108612,-1,749,-1,1,10,10000
9159,bg_shop_00,,601288003,1,400,2,602108613,-1,749,-1,1,11,10000
9160,bg_shop_00,,601288003,1,100,2,602108614,-1,749,-1,1,12,10000
9161,bg_shop_00,,601288003,50,50,2,602108615,-1,749,-1,1,13,10000
9162,bg_shop_00,,601288003,2,400,2,602108616,-1,749,-1,1,14,10000
9163,bg_shop_00,,601288003,3,100,2,602108617,-1,749,-1,1,15,10000
9164,bg_shop_00,,601288003,2,800,2,602108618,-1,749,-1,1,16,10000
9165,bg_shop_00,,601288003,2000,1,2,602108619,-1,749,-1,1,17,10000
9166,bg_duihuanshangdian_DragonTraining,,601288002,1,1499,2,602108576,-1,750,-1,1,1,10000
9167,bg_duihuanshangdian_DragonTraining,,601288002,1,299,2,602108577,-1,750,-1,1,2,10000
9168,bg_duihuanshangdian_DragonTraining,,601288002,1,499,2,602108578,-1,750,-1,1,3,10000
9169,bg_duihuanshangdian_DragonTraining,,601288002,50,260,2,602108579,-1,750,-1,1,4,10000
9170,bg_duihuanshangdian_DragonTraining,,601288002,50,260,2,602108580,-1,750,-1,1,5,10000
9171,bg_duihuanshangdian_DragonTraining,,601288002,50,260,2,602108581,-1,750,-1,1,6,10000
9172,bg_duihuanshangdian_DragonTraining,,601288002,50,170,2,602108582,-1,750,-1,1,7,10000
9173,bg_duihuanshangdian_DragonTraining,,601288002,50,170,2,602108583,-1,750,-1,1,8,10000
9174,bg_duihuanshangdian_DragonTraining,,601288002,50,170,2,602108584,-1,750,-1,1,9,10000
9175,bg_shop_00,,601288002,100,20,2,602108585,-1,750,-1,1,10,10000
9176,bg_shop_00,,601288002,400,5,2,602108586,-1,750,-1,1,11,10000
9177,bg_shop_00,,601288002,400,4,2,602108587,-1,750,-1,1,12,10000
9178,bg_shop_00,,601288002,200,2,2,602108588,-1,750,-1,1,13,10000
9179,bg_shop_00,,601288002,200,3,2,602108589,-1,750,-1,1,14,10000
9180,bg_shop_00,,601288002,300,5,2,602108590,-1,750,-1,1,15,10000
9181,bg_shop_00,,601288002,200,15,2,602108591,-1,750,-1,1,16,10000
9182,bg_shop_00,,601288002,200,10,2,602108592,-1,750,-1,1,17,10000
9183,bg_shop_00,,601288002,200,5,2,602108593,-1,750,-1,1,18,10000
9184,bg_shop_00,,601288002,2,300,2,602108594,-1,750,-1,1,19,10000
9185,bg_shop_00,,601288002,5,300,2,602108595,-1,750,-1,1,20,10000
9186,bg_shop_00,,601288002,30,400,2,602108596,-1,750,-1,1,21,10000
9187,bg_shop_00,,601288002,8,200,2,602108597,-1,750,-1,1,22,10000
9188,bg_shop_00,,601288002,120,5,2,602108598,-1,750,-1,1,23,10000
9189,bg_shop_00,,601288002,50,15,2,602108599,-1,750,-1,1,24,10000
9190,bg_shop_00,,601288002,300,10,2,602108600,-1,750,-1,1,25,10000
9191,bg_shop_00,,601288002,500,1,2,602108601,-1,750,-1,1,26,10000
9192,bg_shop_00,,601288002,1000,1,2,602108602,-1,750,-1,1,27,10000
9193,bg_shop_00,,401081002,1,999,2,406211401,1,751,-1,1,1,10000
9194,bg_shop_00,,401081002,100,20,2,506030001,1,751,-1,1,2,10000
9195,bg_shop_00,,401081002,1,999,2,503281001,1,751,-1,1,3,10000
9196,bg_shop_00,,401081002,1,200,2,503281002,1,751,-1,1,4,10000
9197,bg_shop_00,,401081002,1,200,2,505155003,1,751,-1,1,5,10000
9198,bg_shop_00,,401081002,1,100,2,503281003,1,751,-1,1,6,10000
9199,bg_shop_00,,401081002,2,400,2,503281004,1,751,-1,1,7,10000
9200,bg_shop_00,,401081002,10,60,2,503281005,1,751,-1,1,8,10000
9201,bg_shop_00,,401081002,100,8,2,503281006,1,751,-1,1,9,10000
9202,bg_shop_00,,401081002,100,15,2,503281007,1,751,-1,1,10,10000
9203,bg_shop_00,,401081002,300,10,2,503281008,1,751,-1,1,11,10000
9204,bg_shop_00,,401081002,200,10,2,503281009,1,751,-1,1,12,10000
9205,bg_shop_00,,401081002,4,300,2,503281010,1,751,-1,1,13,10000
9206,bg_shop_00,,401081002,4,30,2,503281011,1,751,-1,1,14,10000
9207,bg_shop_00,,401081002,20,60,2,503281012,1,751,-1,1,15,10000
9208,bg_shop_00,,401081002,999,30,2,503281013,1,751,-1,1,16,10000
9209,bg_shop_00,,401081002,999,20,2,503281014,1,751,-1,1,17,10000
9210,bg_shop_00,,401081002,999,20,2,503281015,1,751,-1,1,18,10000
9211,bg_shop_00,,401081002,1,5000,2,507108701,1,752,-1,1,1,10000
9212,bg_shop_00,,401081002,1,5000,2,507108702,1,752,-1,1,2,10000
9213,bg_shop_00,,401081002,100,20,2,507108703,1,752,-1,1,3,10000
9214,bg_shop_00,,401081002,1,1999,2,507108704,1,752,-1,1,4,10000
9215,bg_shop_00,,401081002,1,999,2,507108705,1,752,-1,1,5,10000
9216,bg_shop_00,,401081002,1,200,2,507108706,1,752,-1,1,6,10000
9217,bg_shop_00,,401081002,1,200,2,509058006,1,752,-1,1,7,10000
9218,bg_shop_00,,401081002,4,350,2,507108707,1,752,-1,1,8,10000
9219,bg_shop_00,,401081002,10,60,2,507108708,1,752,-1,1,9,10000
9220,bg_shop_00,,401081002,1,25,2,507108709,1,752,-1,1,10,10000
9221,bg_shop_00,,401081002,100,20,2,507108710,1,752,-1,1,11,10000
9222,bg_shop_00,,401081002,100,8,2,507108711,1,752,-1,1,12,10000
9223,bg_shop_00,,401081002,6,65,2,507108712,1,752,-1,1,13,10000
9224,bg_shop_00,,401081002,300,15,2,507108713,1,752,-1,1,14,10000
9225,bg_shop_00,,401081002,20,40,2,507108714,1,752,-1,1,15,10000
9226,bg_shop_00,,401081002,30,15,2,507108715,1,752,-1,1,16,10000
9227,bg_shop_00,,401081002,100,10,2,507108716,1,752,-1,1,17,10000
9228,bg_shop_00,,401081002,300,100,2,507108717,1,752,-1,1,18,10000
9229,bg_shop_00,,401081002,100,15,2,507108718,1,752,-1,1,19,10000
9230,bg_shop_00,,401081002,1000,5,2,507108719,1,752,-1,1,20,10000
9231,bg_shop_00,,401081002,100,75,2,507108720,1,752,-1,1,21,10000
9232,bg_shop_00,,401081002,300,5,2,507108721,1,752,-1,1,22,10000
9233,bg_shop_00,,401250002,20,1200,2,602123013,-1,753,-1,1,1,10000
9234,bg_shop_00,,401250002,20,1200,2,602123014,-1,753,-1,1,2,10000
9235,bg_shop_00,,401250002,20,1200,2,602123015,-1,753,-1,1,3,10000
9236,bg_shop_00,,401250002,100,120,2,602123016,-1,753,-1,1,4,10000
9237,bg_shop_00,,401250002,20,400,2,602123017,-1,753,-1,1,5,10000
9238,bg_shop_00,,401250002,200,120,2,602123018,-1,753,-1,1,6,10000
9239,bg_shop_00,,401250002,9,2400,2,602123019,-1,753,-1,1,7,10000
9240,bg_shop_00,,401250002,800,120,2,602123020,-1,753,-1,1,8,10000
9241,bg_shop_00,,401250002,3,1200,2,602123021,-1,753,-1,1,9,10000
9242,bg_shop_00,,401250002,100,24,2,602123022,-1,753,-1,1,10,10000
9243,bg_shop_00,,401250002,500,16,2,602123023,-1,753,-1,1,11,10000
9244,bg_shop_00,,401250002,5000,16,2,602123024,-1,753,-1,1,12,10000
9245,bg_shop_00,,401250002,100,20,2,602123025,-1,753,-1,1,13,10000
9246,bg_shop_00,,401250002,100,20,2,602123026,-1,753,-1,1,14,10000
9247,bg_shop_00,,401250002,10,800,2,602123027,-1,753,-1,1,15,10000
9248,bg_shop_00,,401250002,20,240,2,602123028,-1,753,-1,1,16,10000
9249,bg_shop_00,,401250002,100,80,2,602123029,-1,753,-1,1,17,10000
9250,bg_shop_00,,401250002,999,20,2,602123030,-1,753,-1,1,18,10000
9251,bg_shop_00,,401250002,9999,8,2,602123031,-1,753,-1,1,19,10000
9252,bg_shop_00,,401250002,999,20,2,602123032,-1,753,-1,1,20,10000
9253,bg_shop_00,,401250002,999,240,2,602123033,-1,753,-1,1,21,10000
9254,bg_shop_00,,401250002,999,80,2,602123034,-1,753,-1,1,22,10000
9255,bg_shop_00,,507010001,200,30,2,602124001,1,754,-1,1,1,10000
9256,bg_shop_00,,507010001,200,30,2,602124002,1,754,-1,1,2,10000
9257,bg_shop_00,,507010001,200,30,2,602124003,1,754,-1,1,3,10000
9258,bg_shop_00,,507010001,200,30,2,602124004,1,754,-1,1,4,10000
9259,bg_shop_00,,507010001,200,30,2,602124005,1,754,-1,1,5,10000
9260,bg_shop_00,,507010001,200,30,2,602124006,1,754,-1,1,6,10000
9261,bg_shop_00,,507010001,20,100,2,602124007,1,754,-1,1,7,10000
9262,bg_shop_00,,507010001,200,30,2,602124008,1,754,-1,1,8,10000
9263,bg_shop_00,,507010001,9,600,2,602124009,1,754,-1,1,9,10000
9264,bg_shop_00,,507010001,800,30,2,602124010,1,754,-1,1,10,10000
9265,bg_shop_00,,507010001,3,300,2,602124011,1,754,-1,1,11,10000
9266,bg_shop_00,,507010001,100,6,2,602124012,1,754,-1,1,12,10000
9267,bg_shop_00,,507010001,500,4,2,602124013,1,754,-1,1,13,10000
9268,bg_shop_00,,507010001,5000,4,2,602124014,1,754,-1,1,14,10000
9269,bg_shop_00,,507010001,100,5,2,602124015,1,754,-1,1,15,10000
9270,bg_shop_00,,507010001,50,5,2,602124016,1,754,-1,1,16,10000
9271,bg_shop_00,,507010001,999,200,2,602124017,1,754,-1,1,17,10000
9272,bg_shop_00,,507010001,999,60,2,602124018,1,754,-1,1,18,10000
9273,bg_shop_00,,507010001,999,20,2,602124019,1,754,-1,1,19,10000
9274,bg_shop_00,,507010001,999,5,2,602124020,1,754,-1,1,20,10000
9275,bg_shop_00,,507010001,9999,2,2,602124021,1,754,-1,1,21,10000
9276,bg_shop_00,,507010001,999,30,2,602124022,1,754,-1,1,22,10000
9277,bg_shop_00,,507010001,999,100,2,602124023,1,754,-1,1,23,10000
9278,bg_shop_00,,507010001,999,80,2,602124024,1,754,-1,1,24,10000
9279,bg_shop_00,,204002,100,30,2,602283201,1,755,-1,1,1,10000
9280,bg_shop_00,,204002,100,30,2,602283202,1,755,-1,1,2,10000
9281,bg_shop_00,,204002,100,30,2,602283203,1,755,-1,1,3,10000
9282,bg_shop_00,,204002,100,30,2,602283204,1,755,-1,1,4,10000
9283,bg_shop_00,,204002,100,30,2,602283205,1,755,-1,1,5,10000
9284,bg_shop_00,,204002,20,100,2,602283206,1,755,-1,1,6,10000
604243001,bg_shop_00,,204002,20,100,2,604246001,1,755,-1,0,6,10000
9285,bg_shop_00,,204002,200,30,2,602283207,1,755,-1,1,7,10000
9286,bg_shop_00,,204002,200,30,2,602283208,1,755,-1,1,8,10000
9287,bg_shop_00,,204002,9,600,2,602283209,1,755,-1,1,9,10000
9288,bg_shop_00,,204002,800,30,2,602283210,1,755,-1,1,10,10000
9289,bg_shop_00,,204002,3,300,2,602283211,1,755,-1,1,11,10000
9290,bg_shop_00,,204002,100,6,2,602283212,1,755,-1,1,12,10000
9291,bg_shop_00,,204002,500,4,2,602283213,1,755,-1,1,13,10000
9292,bg_shop_00,,204002,5000,4,2,602283214,1,755,-1,1,14,10000
9293,bg_shop_00,,204002,100,5,2,602283215,1,755,-1,1,15,10000
9294,bg_shop_00,,204002,50,5,2,602283216,1,755,-1,1,16,10000
9295,bg_shop_00,,204002,999,200,2,602283217,1,755,-1,1,17,10000
9296,bg_shop_00,,204002,999,60,2,602283218,1,755,-1,1,18,10000
9297,bg_shop_00,,204002,999,20,2,602283219,1,755,-1,1,19,10000
9298,bg_shop_00,,204002,999,5,2,602283220,1,755,-1,1,20,10000
9299,bg_shop_00,,204002,9999,2,2,602283221,1,755,-1,1,21,10000
9300,bg_shop_00,,204002,999,30,2,602283222,1,755,-1,1,22,10000
9301,bg_shop_00,,204002,999,100,2,602283223,1,755,-1,1,23,10000
9302,bg_shop_00,,204002,999,80,2,602283224,1,755,-1,1,24,10000
9303,bg_shop_00,,401081002,1,1999,2,602283301,1,756,-1,1,1,10000
9304,bg_shop_00,,401081002,1,1999,2,602283302,1,756,-1,1,2,10000
9305,bg_shop_00,,401081002,100,20,2,602283303,1,756,-1,1,3,10000
9306,bg_shop_00,,401081002,1,999,2,602283304,1,756,-1,1,4,10000
9307,bg_shop_00,,401081002,1,200,2,602283305,1,756,-1,1,5,10000
9308,bg_shop_00,,401081002,1,200,2,602283306,1,756,-1,1,6,10000
9309,bg_shop_00,,401081002,4,350,2,602283307,1,756,-1,1,7,10000
9310,bg_shop_00,,401081002,10,60,2,602283308,1,756,-1,1,8,10000
9311,bg_shop_00,,401081002,1,25,2,602283309,1,756,-1,1,9,10000
9312,bg_shop_00,,401081002,100,20,2,602283310,1,756,-1,1,10,10000
9313,bg_shop_00,,401081002,100,8,2,602283311,1,756,-1,1,11,10000
9314,bg_shop_00,,401081002,6,65,2,602283312,1,756,-1,1,12,10000
9315,bg_shop_00,,401081002,300,15,2,602283313,1,756,-1,1,13,10000
9316,bg_shop_00,,401081002,20,40,2,602283314,1,756,-1,1,14,10000
9317,bg_shop_00,,401081002,30,15,2,602283315,1,756,-1,1,15,10000
9318,bg_shop_00,,401081002,100,10,2,602283316,1,756,-1,1,16,10000
9319,bg_shop_00,,401081002,300,100,2,602283317,1,756,-1,1,17,10000
9320,bg_shop_00,,401081002,100,15,2,602283318,1,756,-1,1,18,10000
9321,bg_shop_00,,401081002,1000,5,2,602283319,1,756,-1,1,19,10000
9322,bg_shop_00,,401081002,100,75,2,602283320,1,756,-1,1,20,10000
9323,bg_shop_00,,401081002,300,5,2,602283321,1,756,-1,1,21,10000
9324,bg_shop_00,,512040002,1,5000,2,512081703,-1,757,-1,1,1,10000
9325,bg_shop_00,,512040002,1,1999,2,508064030,-1,757,-1,1,2,10000
932501,bg_shop_00,,512040002,2,270,2,603110002,-1,757,-1,1,3,10000
932502,bg_shop_00,,512040002,2,270,2,603110003,-1,757,-1,1,4,10000
932503,bg_shop_00,,512040002,2,270,2,603110004,-1,757,-1,1,5,10000
9326,bg_shop_00,,512040002,200,15,2,512081704,-1,757,-1,1,6,10000
9327,bg_shop_00,,512040002,200,10,2,512081705,-1,757,-1,1,7,10000
9328,bg_shop_00,,512040002,2,300,2,512081706,-1,757,-1,1,8,10000
9329,bg_shop_00,,512040002,5,300,2,512081707,-1,757,-1,1,9,10000
9330,bg_shop_00,,512040002,30,400,2,512081708,-1,757,-1,1,10,10000
9331,bg_shop_00,,512040002,120,5,2,512081709,-1,757,-1,1,11,10000
9332,bg_shop_00,,512040002,50,15,2,512081710,-1,757,-1,1,12,10000
9333,bg_shop_00,,512040002,300,10,2,512081711,-1,757,-1,1,13,10000
9334,bg_shop_00,,512040002,500,1,2,512081712,-1,757,-1,1,14,10000
9335,bg_shop_00,,512040002,1000,1,2,512081713,-1,757,-1,1,15,10000
9336,bg_shop_00,,401081002,1,1999,2,603056002,1,758,-1,1,1,10000
9337,bg_shop_00,,401081002,1,999,2,603056003,1,758,-1,1,2,10000
9338,bg_shop_00,,401081002,100,20,2,507108703,1,758,-1,1,3,10000
9339,bg_shop_00,,401081002,1,1999,2,507108704,1,758,-1,1,4,10000
9340,bg_shop_00,,401081002,1,999,2,507108705,1,758,-1,1,5,10000
9341,bg_shop_00,,401081002,1,200,2,507108706,1,758,-1,1,6,10000
9342,bg_shop_00,,401081002,1,200,2,509058006,1,758,-1,1,7,10000
9343,bg_shop_00,,401081002,4,350,2,507108707,1,758,-1,1,8,10000
9344,bg_shop_00,,401081002,10,60,2,507108708,1,758,-1,1,9,10000
9345,bg_shop_00,,401081002,1,25,2,507108709,1,758,-1,1,10,10000
9346,bg_shop_00,,401081002,100,20,2,507108710,1,758,-1,1,11,10000
9347,bg_shop_00,,401081002,100,8,2,507108711,1,758,-1,1,12,10000
9348,bg_shop_00,,401081002,6,65,2,507108712,1,758,-1,1,13,10000
9349,bg_shop_00,,401081002,300,15,2,507108713,1,758,-1,1,14,10000
9350,bg_shop_00,,401081002,20,40,2,507108714,1,758,-1,1,15,10000
9351,bg_shop_00,,401081002,30,15,2,507108715,1,758,-1,1,16,10000
9352,bg_shop_00,,401081002,100,10,2,507108716,1,758,-1,1,17,10000
9353,bg_shop_00,,401081002,300,100,2,507108717,1,758,-1,1,18,10000
9354,bg_shop_00,,401081002,100,15,2,507108718,1,758,-1,1,19,10000
9355,bg_shop_00,,401081002,1000,5,2,507108719,1,758,-1,1,20,10000
9356,bg_shop_00,,401081002,100,75,2,507108720,1,758,-1,1,21,10000
9357,bg_shop_00,,401081002,300,5,2,507108721,1,758,-1,1,22,10000
9358,bg_shop_00,,401250002,20,1200,2,603063007,-1,759,-1,1,1,10000
9359,bg_shop_00,,401250002,20,1200,2,603063008,-1,759,-1,1,2,10000
9360,bg_shop_00,,401250002,20,1200,2,603063009,-1,759,-1,1,3,10000
9361,bg_shop_00,,401250002,20,1200,2,603063010,-1,759,-1,1,4,10000
9362,bg_shop_00,,401250002,100,120,2,603063011,-1,759,-1,1,5,10000
9363,bg_shop_00,,401250002,20,400,2,603063012,-1,759,-1,1,6,10000
9364,bg_shop_00,,401250002,200,120,2,603063013,-1,759,-1,1,7,10000
604243002,bg_shop_00,,401250002,200,120,2,604246001,-1,759,-1,1,7,10000
9365,bg_shop_00,,401250002,200,120,2,603063014,-1,759,-1,1,8,10000
9366,bg_shop_00,,401250002,9,2400,2,603063015,-1,759,-1,1,9,10000
9367,bg_shop_00,,401250002,800,120,2,603063016,-1,759,-1,1,10,10000
9368,bg_shop_00,,401250002,3,1200,2,603063017,-1,759,-1,1,11,10000
9369,bg_shop_00,,401250002,100,24,2,603063018,-1,759,-1,1,12,10000
9370,bg_shop_00,,401250002,500,16,2,603063019,-1,759,-1,1,13,10000
9371,bg_shop_00,,401250002,5000,16,2,603063020,-1,759,-1,1,14,10000
9372,bg_shop_00,,401250002,100,20,2,603063021,-1,759,-1,1,15,10000
9373,bg_shop_00,,401250002,100,20,2,603063022,-1,759,-1,1,16,10000
9374,bg_shop_00,,401250002,10,800,2,603063023,-1,759,-1,1,17,10000
9375,bg_shop_00,,401250002,20,240,2,603063024,-1,759,-1,1,18,10000
9376,bg_shop_00,,401250002,100,80,2,603063025,-1,759,-1,1,19,10000
9377,bg_shop_00,,401250002,999,20,2,603063026,-1,759,-1,1,20,10000
9378,bg_shop_00,,401250002,9999,8,2,603063027,-1,759,-1,1,21,10000
9379,bg_shop_00,,401250002,999,20,2,603063028,-1,759,-1,1,22,10000
9380,bg_shop_00,,401250002,999,240,2,603063029,-1,759,-1,1,23,10000
9381,bg_shop_00,,401250002,999,80,2,603063030,-1,759,-1,1,24,10000
9382,bg_shop_00,,603066111,1,1000,2,603066401,-1,760,-1,1,1,10000
9383,bg_shop_00,,603066111,1,1000,2,603066402,-1,760,-1,1,2,10000
9384,bg_shop_00,,603066111,1,1000,2,603066403,-1,760,-1,1,3,10000
9385,bg_shop_00,,603066111,500,10,2,603066404,-1,760,-1,1,4,10000
9386,bg_shop_00,,603066111,300,10,2,603066405,-1,760,-1,1,5,10000
9387,bg_shop_00,,603066111,100,50,2,603066406,-1,760,-1,1,6,10000
9388,bg_shop_00,,603066111,100,50,2,603066407,-1,760,-1,1,7,10000
9389,bg_shop_00,,603066111,100,50,2,603066408,-1,760,-1,1,8,10000
9390,bg_shop_00,,603066111,100,20,2,603066409,-1,760,-1,1,9,10000
9391,bg_shop_00,,603066111,100,40,2,603066410,-1,760,-1,1,10,10000
9392,bg_shop_00,,603066111,100,30,2,603066411,-1,760,-1,1,11,10000
9393,bg_shop_00,,603066111,50,80,2,603066412,-1,760,-1,1,12,10000
9394,bg_shop_00,,603066111,2,2000,2,603066413,-1,760,-1,1,13,10000
9395,bg_shop_00,,603066111,30,100,2,603066414,-1,760,-1,1,14,10000
9396,bg_shop_00,,603066111,100,40,2,603066415,-1,760,-1,1,15,10000
9397,bg_shop_00,,603066111,5000,1,2,603066416,-1,760,-1,1,16,10000
9398,bg_shop_00,,603066111,10,180,2,603066417,-1,760,-1,1,17,10000
9399,bg_shop_00,,603066111,5,300,2,603066418,-1,760,-1,1,18,10000
9400,bg_shop_00,,603083001,1,1999,2,603093201,-1,761,-1,1,1,10000
9401,bg_shop_00,,603083001,1,300,2,603093202,-1,761,-1,1,2,10000
9402,bg_shop_00,,603083001,1,300,2,603093203,-1,761,-1,1,3,10000
604063001,bg_shop_00,,603083001,300,3,2,604165101,-1,761,-1,1,3,10000
604063002,bg_shop_00,,603083001,300,3,2,604165102,-1,761,-1,1,3,10000
9403,bg_shop_00,,603083001,1,300,2,603093204,-1,761,-1,1,4,10000
9404,bg_shop_00,,603083001,20,10,2,603093205,-1,761,-1,1,5,10000
9405,bg_shop_00,,603083001,20,15,2,603093206,-1,761,-1,1,6,10000
9406,bg_shop_00,,603083001,20,10,2,603093207,-1,761,-1,1,7,10000
9407,bg_shop_00,,603083001,5,300,2,603093208,-1,761,-1,1,8,10000
9408,bg_shop_00,,603083001,2,300,2,603093209,-1,761,-1,1,9,10000
9409,bg_shop_00,,603083001,2,300,2,603093210,-1,761,-1,1,10,10000
9410,bg_shop_00,,603083001,2,300,2,603093211,-1,761,-1,1,11,10000
9411,bg_shop_00,,603083001,2,300,2,603093212,-1,761,-1,1,12,10000
9412,bg_shop_00,,603083001,2,300,2,603093213,-1,761,-1,1,13,10000
9413,bg_shop_00,,603083001,2,300,2,603093214,-1,761,-1,1,14,10000
9414,bg_shop_00,,603083001,2,300,2,603093215,-1,761,-1,1,15,10000
9415,bg_shop_00,,603083001,2000,15,2,603093216,-1,761,-1,1,16,10000
9416,bg_shop_00,,603083001,1000,1,2,603093217,-1,761,-1,1,17,10000
9417,bg_shop_00,,603083001,600,10,2,603093218,-1,761,-1,1,18,10000
9418,bg_shop_00,,603083001,100,10,2,603093219,-1,761,-1,1,19,10000
9419,bg_shop_00,,603083001,5,600,2,603093220,-1,761,-1,1,20,10000
9420,bg_shop_00,,603083001,3,100,2,603093221,-1,761,-1,1,21,10000
9421,bg_shop_00,,603083001,5,300,2,603093222,-1,761,-1,1,22,10000
9422,bg_shop_00,,603083001,3,600,2,603093223,-1,761,-1,1,23,10000
9423,bg_shop_00,,401081002,1,999,2,603056002,1,762,-1,1,1,10000
9424,bg_shop_00,,401081002,1,999,2,603056003,1,762,-1,1,2,10000
9425,bg_shop_00,,401081002,100,20,2,506030001,1,762,-1,1,3,10000
9426,bg_shop_00,,401081002,1,999,2,503281001,1,762,-1,1,4,10000
9427,bg_shop_00,,401081002,1,200,2,503281002,1,762,-1,1,5,10000
9428,bg_shop_00,,401081002,1,100,2,503281003,1,762,-1,1,6,10000
9429,bg_shop_00,,401081002,2,400,2,503281004,1,762,-1,1,7,10000
9430,bg_shop_00,,401081002,10,60,2,503281005,1,762,-1,1,8,10000
9431,bg_shop_00,,401081002,100,8,2,503281006,1,762,-1,1,9,10000
9432,bg_shop_00,,401081002,100,15,2,503281007,1,762,-1,1,10,10000
9433,bg_shop_00,,401081002,300,10,2,503281008,1,762,-1,1,11,10000
9434,bg_shop_00,,401081002,200,10,2,503281009,1,762,-1,1,12,10000
9435,bg_shop_00,,401081002,4,300,2,503281010,1,762,-1,1,13,10000
9436,bg_shop_00,,401081002,4,30,2,503281011,1,762,-1,1,14,10000
9437,bg_shop_00,,401081002,20,60,2,503281012,1,762,-1,1,15,10000
9438,bg_shop_00,,401081002,999,30,2,503281013,1,762,-1,1,16,10000
9439,bg_shop_00,,401081002,999,20,2,503281014,1,762,-1,1,17,10000
9440,bg_shop_00,,401081002,999,20,2,503281015,1,762,-1,1,18,10000
9441,bg_shop_00,,512040002,1,5000,2,512081703,-1,763,-1,1,1,10000
9442,bg_shop_00,,512040002,1,5000,2,504176501,-1,763,-1,1,2,10000
9443,bg_shop_00,,512040002,1,1999,2,603110001,-1,763,-1,1,3,10000
9444,bg_shop_00,,512040002,2,270,2,603110002,-1,763,-1,1,4,10000
9445,bg_shop_00,,512040002,2,270,2,603110003,-1,763,-1,1,5,10000
9446,bg_shop_00,,512040002,2,270,2,603110004,-1,763,-1,1,6,10000
9447,bg_shop_00,,512040002,200,15,2,512081704,-1,763,-1,1,7,10000
9448,bg_shop_00,,512040002,200,10,2,512081705,-1,763,-1,1,8,10000
9449,bg_shop_00,,512040002,2,300,2,512081706,-1,763,-1,1,9,10000
9450,bg_shop_00,,512040002,5,300,2,512081707,-1,763,-1,1,10,10000
9451,bg_shop_00,,512040002,30,400,2,512081708,-1,763,-1,1,11,10000
9452,bg_shop_00,,512040002,120,5,2,512081709,-1,763,-1,1,12,10000
9453,bg_shop_00,,512040002,50,15,2,512081710,-1,763,-1,1,13,10000
9454,bg_shop_00,,512040002,300,10,2,512081711,-1,763,-1,1,14,10000
9455,bg_shop_00,,512040002,500,1,2,512081712,-1,763,-1,1,15,10000
9456,bg_shop_00,,512040002,1000,1,2,512081713,-1,763,-1,1,16,10000
9457,bg_shop_00,,409231002,100,20,2,511076701,1,764,-1,1,1,10000
9458,bg_shop_00,,409231002,1,1999,2,511076702,1,764,-1,1,2,10000
9459,bg_shop_00,,409231002,1,1999,2,512036001,1,764,-1,1,3,10000
9460,bg_shop_00,,409231002,4,200,2,511076705,1,764,-1,1,4,10000
9461,bg_shop_00,,409231002,4,200,2,511076706,1,764,-1,1,5,10000
9462,bg_shop_00,,409231002,200,15,2,511076707,1,764,-1,1,6,10000
9463,bg_shop_00,,409231002,200,10,2,511076708,1,764,-1,1,7,10000
9464,bg_shop_00,,409231002,5,300,2,511076709,1,764,-1,1,8,10000
9465,bg_shop_00,,409231002,400,12,2,511076710,1,764,-1,1,9,10000
9466,bg_shop_00,,409231002,5,300,2,511076711,1,764,-1,1,10,10000
9467,bg_shop_00,,409231002,30,400,2,511076712,1,764,-1,1,11,10000
9468,bg_shop_00,,409231002,20,90,2,511076713,1,764,-1,1,12,10000
9469,bg_shop_00,,409231002,200,30,2,511076714,1,764,-1,1,13,10000
9470,bg_shop_00,,409231002,500,5,2,511076715,1,764,-1,1,14,10000
9471,bg_shop_00,,409231002,20,15,2,511076716,1,764,-1,1,15,10000
9472,bg_shop_00,,409231002,50,15,2,511076717,1,764,-1,1,16,10000
9473,bg_shop_00,,409231002,300,10,2,511076718,1,764,-1,1,17,10000
9474,bg_shop_00,,409231002,500,1,2,511076719,1,764,-1,1,18,10000
9475,bg_shop_00,,409231002,9999,1,2,511076720,1,764,-1,1,19,10000
9476,bg_shop_00,,409231003,30,100,2,511076801,1,765,-1,1,1,10000
9477,bg_shop_00,,409231003,4,300,2,511076802,1,765,-1,1,2,10000
9478,bg_shop_00,,409231003,2,400,2,511076803,1,765,-1,1,3,10000
9479,bg_shop_00,,409231003,2,100,2,511076804,1,765,-1,1,4,10000
9480,bg_shop_00,,409231003,20,50,2,511076805,1,765,-1,1,5,10000
9481,bg_shop_00,,409231003,2,800,2,511076806,1,765,-1,1,6,10000
9482,bg_shop_00,,409231003,2,800,2,511076807,1,765,-1,1,7,10000
9483,bg_shop_00,,409231003,2,800,2,511076808,1,765,-1,1,8,10000
9484,bg_shop_00,,409231003,2,800,2,511076809,1,765,-1,1,9,10000
9485,bg_shop_00,,409231003,2,800,2,511076810,1,765,-1,1,10,10000
9486,bg_shop_00,,409231003,2,800,2,511076811,1,765,-1,1,11,10000
9487,bg_shop_00,,409231003,2,800,2,511076812,1,765,-1,1,12,10000
9488,bg_shop_00,,409231003,2,800,2,511076813,1,765,-1,1,13,10000
9489,bg_shop_00,,409231003,2,800,2,511076814,1,765,-1,1,14,10000
9490,bg_shop_00,,409231003,1000,1,2,511076815,1,765,-1,1,15,10000
9491,bg_shop_00,,409231003,1000,1,2,511076816,1,765,-1,1,16,10000
9492,bg_shop_00,,507010001,100,30,2,603125201,1,766,-1,1,1,10000
9493,bg_shop_00,,507010001,100,30,2,603125202,1,766,-1,1,2,10000
9494,bg_shop_00,,507010001,100,30,2,603125203,1,766,-1,1,3,10000
9495,bg_shop_00,,507010001,100,30,2,603125204,1,766,-1,1,4,10000
9496,bg_shop_00,,507010001,100,30,2,603125205,1,766,-1,1,5,10000
9497,bg_shop_00,,507010001,100,30,2,603125206,1,766,-1,1,6,10000
9498,bg_shop_00,,507010001,20,100,2,603125207,1,766,-1,1,7,10000
9499,bg_shop_00,,507010001,200,30,2,603125208,1,766,-1,1,8,10000
604243003,bg_shop_00,,507010001,200,30,2,604246001,1,766,-1,1,8,10000
9500,bg_shop_00,,507010001,200,30,2,603125209,1,766,-1,1,9,10000
9501,bg_shop_00,,507010001,9,600,2,603125210,1,766,-1,1,10,10000
9502,bg_shop_00,,507010001,800,30,2,603125211,1,766,-1,1,11,10000
9503,bg_shop_00,,507010001,3,300,2,603125212,1,766,-1,1,12,10000
9504,bg_shop_00,,507010001,100,6,2,603125213,1,766,-1,1,13,10000
9505,bg_shop_00,,507010001,500,4,2,603125214,1,766,-1,1,14,10000
9506,bg_shop_00,,507010001,5000,4,2,603125215,1,766,-1,1,15,10000
9507,bg_shop_00,,507010001,100,5,2,603125216,1,766,-1,1,16,10000
9508,bg_shop_00,,507010001,50,5,2,603125217,1,766,-1,1,17,10000
9509,bg_shop_00,,507010001,999,200,2,603125218,1,766,-1,1,18,10000
9510,bg_shop_00,,507010001,999,60,2,603125219,1,766,-1,1,19,10000
9511,bg_shop_00,,507010001,999,20,2,603125220,1,766,-1,1,20,10000
9512,bg_shop_00,,507010001,999,5,2,603125221,1,766,-1,1,21,10000
9513,bg_shop_00,,507010001,9999,2,2,603125222,1,766,-1,1,22,10000
9514,bg_shop_00,,507010001,999,30,2,603125223,1,766,-1,1,23,10000
9515,bg_shop_00,,507010001,999,100,2,603125224,1,766,-1,1,24,10000
9516,bg_shop_00,,507010001,999,80,2,603125225,1,766,-1,1,25,10000
9517,bg_shop_00,,401081002,1,1999,2,603125301,1,767,-1,1,1,10000
9518,bg_shop_00,,401081002,1,1999,2,603125302,1,767,-1,1,2,10000
9519,bg_shop_00,,401081002,100,20,2,603125303,1,767,-1,1,3,10000
9520,bg_shop_00,,401081002,1,999,2,603125304,1,767,-1,1,4,10000
9521,bg_shop_00,,401081002,1,200,2,603125305,1,767,-1,1,5,10000
9522,bg_shop_00,,401081002,1,200,2,603125306,1,767,-1,1,6,10000
9523,bg_shop_00,,401081002,4,350,2,603125307,1,767,-1,1,7,10000
9524,bg_shop_00,,401081002,10,60,2,603125308,1,767,-1,1,8,10000
9525,bg_shop_00,,401081002,1,25,2,603125309,1,767,-1,1,9,10000
9526,bg_shop_00,,401081002,100,20,2,603125310,1,767,-1,1,10,10000
9527,bg_shop_00,,401081002,100,8,2,603125311,1,767,-1,1,11,10000
9528,bg_shop_00,,401081002,6,65,2,603125312,1,767,-1,1,12,10000
9529,bg_shop_00,,401081002,300,15,2,603125313,1,767,-1,1,13,10000
9530,bg_shop_00,,401081002,20,40,2,603125314,1,767,-1,1,14,10000
9531,bg_shop_00,,401081002,30,15,2,603125315,1,767,-1,1,15,10000
9532,bg_shop_00,,401081002,100,10,2,603125316,1,767,-1,1,16,10000
9533,bg_shop_00,,401081002,300,100,2,603125317,1,767,-1,1,17,10000
9534,bg_shop_00,,401081002,100,15,2,603125318,1,767,-1,1,18,10000
9535,bg_shop_00,,401081002,1000,5,2,603125319,1,767,-1,1,19,10000
9536,bg_shop_00,,401081002,100,75,2,603125320,1,767,-1,1,20,10000
9537,bg_shop_00,,401081002,300,5,2,603125321,1,767,-1,1,21,10000
9538,bg_shop_00,,601226001,1,200,2,603160101,-1,768,-1,1,1,10000
9539,bg_shop_00,,601226001,1,200,2,603160102,-1,768,-1,1,2,10000
9540,bg_shop_00,,601226001,1,200,2,603160103,-1,768,-1,1,3,10000
9541,bg_shop_00,,601226001,500,10,2,601226104,-1,768,-1,1,4,10000
9542,bg_shop_00,,601226001,500,10,2,601226105,-1,768,-1,1,5,10000
9543,bg_shop_00,,601226001,500,10,2,601226106,-1,768,-1,1,6,10000
9544,bg_shop_00,,601226001,100,3,2,601226107,-1,768,-1,1,7,10000
9545,bg_shop_00,,601226001,100,6,2,601226108,-1,768,-1,1,8,10000
9546,bg_shop_00,,601226001,100,5,2,601226109,-1,768,-1,1,9,10000
9547,bg_shop_00,,601226001,200,15,2,601226110,-1,768,-1,1,10,10000
9548,bg_shop_00,,601226001,5,300,2,601226111,-1,768,-1,1,11,10000
9549,bg_shop_00,,601226001,30,15,2,601226112,-1,768,-1,1,12,10000
9550,bg_shop_00,,601226001,100,5,2,601226113,-1,768,-1,1,13,10000
9551,bg_shop_00,,601226001,2000,1,2,601226114,-1,768,-1,1,14,10000
9552,bg_shop_00,,601226001,120,30,2,601226115,-1,768,-1,1,15,10000
9553,bg_shop_00,,601226001,5,50,2,601226116,-1,768,-1,1,16,10000
9554,bg_shop_00,,603096102,200,20,2,603176001,-1,769,-1,1,1,10000
955401,bg_shop_00,,603096102,100,50,2,602014110,-1,769,-1,1,2,10000
9555,bg_shop_00,,603096102,1,999,2,603176002,-1,769,-1,1,3,10000
9556,bg_shop_00,,603096102,1,999,2,603176003,-1,769,-1,1,4,10000
9557,bg_shop_00,,603096102,1,400,2,603176004,-1,769,-1,1,5,10000
9558,bg_shop_00,,603096102,11,200,2,603176005,-1,769,-1,1,6,10000
9559,bg_shop_00,,603096102,11,200,2,603176006,-1,769,-1,1,7,10000
9560,bg_shop_00,,603096102,1,200,2,603176007,-1,769,-1,1,8,10000
9561,bg_shop_00,,603096102,1,200,2,603176008,-1,769,-1,1,9,10000
9562,bg_shop_00,,603096102,1,200,2,603176009,-1,769,-1,1,10,10000
9563,bg_shop_00,,603096102,200,15,2,603176010,-1,769,-1,1,11,10000
9564,bg_shop_00,,603096102,200,10,2,603176011,-1,769,-1,1,12,10000
9565,bg_shop_00,,603096102,200,10,2,603176012,-1,769,-1,1,13,10000
9566,bg_shop_00,,603096102,200,10,2,603176013,-1,769,-1,1,14,10000
9567,bg_shop_00,,603096102,200,5,2,603176014,-1,769,-1,1,15,10000
9568,bg_shop_00,,603096102,5,300,2,603176015,-1,769,-1,1,16,10000
9569,bg_shop_00,,603096102,200,10,2,603176016,-1,769,-1,1,17,10000
9570,bg_shop_00,,603096102,5,300,2,603176017,-1,769,-1,1,18,10000
9571,bg_shop_00,,603096102,40,400,2,603176018,-1,769,-1,1,19,10000
9572,bg_shop_00,,603096102,8,200,2,603176019,-1,769,-1,1,20,10000
9573,bg_shop_00,,603096102,30,90,2,603176020,-1,769,-1,1,21,10000
9574,bg_shop_00,,603096102,50,30,2,603176021,-1,769,-1,1,22,10000
9575,bg_shop_00,,603096102,120,5,2,603176022,-1,769,-1,1,23,10000
9576,bg_shop_00,,603096102,100,15,2,603176023,-1,769,-1,1,24,10000
9577,bg_shop_00,,603096102,600,10,2,603176024,-1,769,-1,1,25,10000
9578,bg_shop_00,,603096102,1000,1,2,603176025,-1,769,-1,1,26,10000
9579,bg_shop_00,,603096102,8000,1,2,603176026,-1,769,-1,1,27,10000
9580,bg_shop_00,,603096106,1,400,2,603176101,-1,770,-1,1,1,10000
9581,bg_shop_00,,603096106,5,20,2,603176102,-1,770,-1,1,2,10000
9582,bg_shop_00,,603096106,1,100,2,603176103,-1,770,-1,1,3,10000
9583,bg_shop_00,,603096106,2,160,2,603176104,-1,770,-1,1,4,10000
9584,bg_shop_00,,603096106,2,160,2,603176105,-1,770,-1,1,5,10000
9585,bg_shop_00,,603096106,2,10,2,603176106,-1,770,-1,1,6,10000
9586,bg_shop_00,,603096106,1,80,2,603176107,-1,770,-1,1,7,10000
9587,bg_shop_00,,603096106,1,50,2,603176108,-1,770,-1,1,8,10000
9588,bg_shop_00,,603096106,50,20,2,603176109,-1,770,-1,1,9,10000
9589,bg_shop_00,,603096106,1,80,2,603176110,-1,770,-1,1,10,10000
9590,bg_shop_00,,603096106,3,20,2,603176111,-1,770,-1,1,11,10000
9591,bg_shop_00,,603096106,1,160,2,603176112,-1,770,-1,1,12,10000
9592,bg_shop_00,,603096106,1,160,2,603176113,-1,770,-1,1,13,10000
9593,bg_shop_00,,603096106,1,160,2,603176114,-1,770,-1,1,14,10000
9594,bg_shop_00,,603096106,500,4,2,603176115,-1,770,-1,1,15,10000
9595,bg_shop_00,,603096106,100,12,2,603176116,-1,770,-1,1,16,10000
9596,bg_shop_00,,603096106,400,4,2,603176117,-1,770,-1,1,17,10000
9597,bg_shop_00,,603096106,9999,1,2,603176118,-1,770,-1,1,18,10000
9598,bg_shop_00,,204002,100,30,2,603204008,1,771,-1,1,1,10000
9599,bg_shop_00,,204002,100,30,2,603204009,1,771,-1,1,2,10000
9600,bg_shop_00,,204002,100,30,2,603204010,1,771,-1,1,3,10000
9601,bg_shop_00,,204002,100,30,2,603204011,1,771,-1,1,4,10000
9602,bg_shop_00,,204002,100,30,2,603204012,1,771,-1,1,5,10000
9603,bg_shop_00,,204002,20,100,2,603204013,1,771,-1,1,6,10000
9604,bg_shop_00,,204002,200,30,2,603204014,1,771,-1,1,7,10000
604243004,bg_shop_00,,204002,200,30,2,604246001,1,771,-1,1,7,10000
9605,bg_shop_00,,204002,200,30,2,603204015,1,771,-1,1,8,10000
9606,bg_shop_00,,204002,9,600,2,603204016,1,771,-1,1,9,10000
9607,bg_shop_00,,204002,800,30,2,603204017,1,771,-1,1,10,10000
9608,bg_shop_00,,204002,3,300,2,603204018,1,771,-1,1,11,10000
9609,bg_shop_00,,204002,100,6,2,603204019,1,771,-1,1,12,10000
9610,bg_shop_00,,204002,500,4,2,603204020,1,771,-1,1,13,10000
9611,bg_shop_00,,204002,5000,4,2,603204021,1,771,-1,1,14,10000
9612,bg_shop_00,,204002,100,5,2,603204022,1,771,-1,1,15,10000
9613,bg_shop_00,,204002,50,5,2,603204023,1,771,-1,1,16,10000
9614,bg_shop_00,,204002,999,200,2,603204024,1,771,-1,1,17,10000
9615,bg_shop_00,,204002,999,60,2,603204025,1,771,-1,1,18,10000
9616,bg_shop_00,,204002,999,20,2,603204026,1,771,-1,1,19,10000
9617,bg_shop_00,,204002,999,5,2,603204027,1,771,-1,1,20,10000
9618,bg_shop_00,,204002,9999,2,2,603204028,1,771,-1,1,21,10000
9619,bg_shop_00,,204002,999,30,2,603204029,1,771,-1,1,22,10000
9620,bg_shop_00,,204002,999,100,2,603204030,1,771,-1,1,23,10000
9621,bg_shop_00,,204002,999,80,2,603204031,1,771,-1,1,24,10000
9622,bg_shop_00,,603240002,1,999,2,603250401,-1,772,-1,1,1,10000
9623,bg_shop_00,,603240002,1,999,2,603250402,-1,772,-1,1,2,10000
962301,bg_shop_00,,603240002,1,1499,2,512180101,-1,772,-1,1,3,10000
9624,bg_shop_00,,603240002,1,899,2,603250403,-1,772,-1,1,4,10000
9625,bg_shop_00,,603240002,1,200,2,603250404,-1,772,-1,1,5,10000
9626,bg_shop_00,,603240002,1,200,2,603250405,-1,772,-1,1,6,10000
9627,bg_shop_00,,603240002,30,180,2,603250406,-1,772,-1,1,7,10000
9628,bg_shop_00,,603240002,30,180,2,603250407,-1,772,-1,1,8,10000
962801,bg_shop_00,,603240002,400,20,2,603176001,-1,772,-1,1,9,10000
962802,bg_shop_00,,603240002,100,50,2,602014110,-1,772,-1,1,10,10000
962803,bg_shop_00,,603240002,25,50,2,602014110,-1,772,-1,1,11,10000
9629,bg_shop_00,,603240002,200,15,2,603250408,-1,772,-1,1,12,10000
9630,bg_shop_00,,603240002,200,10,2,603250409,-1,772,-1,0,13,10000
9631,bg_shop_00,,603240002,200,10,2,603250410,-1,772,-1,1,14,10000
9632,bg_shop_00,,603240002,200,10,2,603250411,-1,772,-1,1,15,10000
9633,bg_shop_00,,603240002,200,10,2,603250412,-1,772,-1,1,16,10000
9634,bg_shop_00,,603240002,2,300,2,603250413,-1,772,-1,1,17,10000
9635,bg_shop_00,,603240002,2,300,2,603250414,-1,772,-1,1,18,10000
9636,bg_shop_00,,603240002,30,400,2,603250415,-1,772,-1,1,19,10000
9637,bg_shop_00,,603240002,20,90,2,603250416,-1,772,-1,1,20,10000
9638,bg_shop_00,,603240002,50,30,2,603250417,-1,772,-1,1,21,10000
9639,bg_shop_00,,603240002,8,200,2,603250418,-1,772,-1,0,22,10000
9640,bg_shop_00,,603240002,200,5,2,603250419,-1,772,-1,1,23,10000
9641,bg_shop_00,,603240002,50,15,2,603250420,-1,772,-1,1,24,10000
9642,bg_shop_00,,603240002,300,10,2,603250421,-1,772,-1,1,25,10000
9643,bg_shop_00,,603240002,500,1,2,603250422,-1,772,-1,1,26,10000
9644,bg_shop_00,,603240002,1000,1,2,603250423,-1,772,-1,1,27,10000
9645,bg_shop_00,,603240005,1,2000,2,603250501,-1,773,-1,1,1,10000
9646,bg_shop_00,,603240005,5,100,2,603250502,-1,773,-1,1,2,10000
9647,bg_shop_00,,603240005,4,500,2,603250503,-1,773,-1,1,3,10000
9648,bg_shop_00,,603240005,1,400,2,603250504,-1,773,-1,1,4,10000
9649,bg_shop_00,,603240005,5,100,2,603250505,-1,773,-1,1,5,10000
9650,bg_shop_00,,603240005,50,50,2,603250506,-1,773,-1,1,6,10000
9651,bg_shop_00,,603240005,1,400,2,603250507,-1,773,-1,1,7,10000
9652,bg_shop_00,,603240005,3,100,2,603250508,-1,773,-1,1,8,10000
9653,bg_shop_00,,603240005,2,1000,2,603250509,-1,773,-1,1,9,10000
9654,bg_shop_00,,603240005,2,400,2,603250510,-1,773,-1,1,10,10000
9655,bg_shop_00,,603240005,2,400,2,603250511,-1,773,-1,1,11,10000
9656,bg_shop_00,,603240005,2,400,2,603250512,-1,773,-1,1,12,10000
9657,bg_shop_00,,603240005,2,100,2,603250513,-1,773,-1,1,13,10000
9658,bg_shop_00,,603240005,2,800,2,603250514,-1,773,-1,1,14,10000
9659,bg_shop_00,,603240005,400,4,2,603250515,-1,773,-1,1,15,10000
9660,bg_shop_00,,603240005,2000,1,2,603250516,-1,773,-1,1,16,10000
9661,bg_shop_00,,603240002,1,999,2,603250151,-1,774,-1,1,1,10000
9662,bg_shop_00,,603240002,1,999,2,603250152,-1,774,-1,1,2,10000
9663,bg_shop_00,,603240002,1,899,2,603250153,-1,774,-1,1,3,10000
9664,bg_shop_00,,603240002,1,200,2,603250154,-1,774,-1,1,4,10000
9665,bg_shop_00,,603240002,1,200,2,603250155,-1,774,-1,1,5,10000
9666,bg_shop_00,,603240002,11,180,2,603250156,-1,774,-1,1,6,10000
9667,bg_shop_00,,603240002,11,180,2,603250157,-1,774,-1,1,7,10000
9668,bg_shop_00,,603240002,1,80,2,603250158,-1,774,-1,1,8,10000
966801,bg_shop_00,,603240002,200,20,2,603176001,-1,774,-1,1,9,10000
966802,bg_shop_00,,603240002,100,50,2,602014110,-1,774,-1,1,10,10000
9669,bg_shop_00,,603240002,200,10,2,603250159,-1,774,-1,1,11,10000
9670,bg_shop_00,,603240002,200,10,2,603250160,-1,774,-1,1,12,10000
9671,bg_shop_00,,603240002,200,10,2,603250161,-1,774,-1,1,13,10000
9672,bg_shop_00,,603240002,9,300,2,603250162,-1,774,-1,1,14,10000
9673,bg_shop_00,,603240002,500,8,2,603250163,-1,774,-1,0,15,10000
9674,bg_shop_00,,603240002,200,15,2,603250164,-1,774,-1,1,16,10000
9675,bg_shop_00,,603240002,200,10,2,603250165,-1,774,-1,1,17,10000
9676,bg_shop_00,,603240002,200,10,2,603250166,-1,774,-1,1,18,10000
9677,bg_shop_00,,603240002,200,10,2,603250167,-1,774,-1,1,19,10000
9678,bg_shop_00,,603240002,2,300,2,603250168,-1,774,-1,0,20,10000
9679,bg_shop_00,,603240002,5,300,2,603250169,-1,774,-1,1,21,10000
9680,bg_shop_00,,603240002,20,90,2,603250170,-1,774,-1,1,22,10000
9681,bg_shop_00,,603240002,50,30,2,603250171,-1,774,-1,1,23,10000
9682,bg_shop_00,,603240002,8,200,2,603250172,-1,774,-1,1,24,10000
9683,bg_shop_00,,603240002,200,5,2,603250173,-1,774,-1,1,25,10000
9684,bg_shop_00,,603240002,1000,10,2,603250174,-1,774,-1,1,26,10000
9685,bg_shop_00,,603240002,50,15,2,603250175,-1,774,-1,1,27,10000
9686,bg_shop_00,,603240002,300,10,2,603250176,-1,774,-1,1,28,10000
9687,bg_shop_00,,603240002,500,1,2,603250177,-1,774,-1,0,29,10000
9688,bg_shop_00,,603240002,1000,1,2,603250178,-1,774,-1,1,30,10000
9689,bg_shop_00,1|35,603242001,1,1700,2,603277001,-1,775,-1,1,1,10000
9690,bg_shop_00,1|30,603242001,10,550,2,603277002,-1,775,-1,1,2,10000
9691,bg_shop_00,1|25,603242001,200,5,2,603277003,-1,775,-1,1,3,10000
9692,bg_shop_00,1|20,603242001,20,150,2,603277004,-1,775,-1,1,4,10000
9693,bg_shop_00,1|20,603242001,10,50,2,603277005,-1,775,-1,1,5,10000
9694,bg_shop_00,1|15,603242001,5,140,2,603277006,-1,775,-1,1,6,10000
9695,bg_shop_00,1|15,603242001,10,50,2,603277007,-1,775,-1,1,7,10000
9696,bg_shop_00,1|15,603242001,50,20,2,603277008,-1,775,-1,1,8,10000
9697,bg_shop_00,1|10,603242001,50,15,2,603277009,-1,775,-1,1,9,10000
9698,bg_shop_00,1|10,603242001,10,50,2,603277010,-1,775,-1,1,10,10000
9699,bg_shop_00,1|5,603242001,1,1000,2,603277011,-1,775,-1,1,11,10000
9700,bg_shop_00,,603242001,5,80,2,603277012,-1,775,-1,1,12,10000
9701,bg_shop_00,,603242001,50,10,2,603277013,-1,775,-1,1,13,10000
9702,bg_shop_00,,603242001,20,10,2,603277014,-1,775,-1,1,14,10000
9703,bg_shop_00,,603242001,50,15,2,603277015,-1,775,-1,1,15,10000
9704,bg_shop_00,,603242001,50,20,2,603277016,-1,775,-1,1,16,10000
9705,bg_shop_00,,401250002,20,1200,2,603263013,-1,776,-1,1,1,10000
9706,bg_shop_00,,401250002,20,1200,2,603263014,-1,776,-1,1,2,10000
9707,bg_shop_00,,401250002,20,1200,2,603263015,-1,776,-1,1,3,10000
9708,bg_shop_00,,401250002,20,1200,2,603263016,-1,776,-1,1,4,10000
9709,bg_shop_00,,401250002,100,120,2,603263017,-1,776,-1,1,5,10000
9710,bg_shop_00,,401250002,20,400,2,603263018,-1,776,-1,1,6,10000
9711,bg_shop_00,,401250002,200,120,2,603263019,-1,776,-1,1,7,10000
604243005,bg_shop_00,,401250002,200,120,2,604246001,-1,776,-1,1,7,10000
9712,bg_shop_00,,401250002,200,120,2,603263020,-1,776,-1,1,8,10000
9713,bg_shop_00,,401250002,9,2400,2,603263021,-1,776,-1,1,9,10000
9714,bg_shop_00,,401250002,800,120,2,603263022,-1,776,-1,1,10,10000
9715,bg_shop_00,,401250002,3,1200,2,603263023,-1,776,-1,1,11,10000
9716,bg_shop_00,,401250002,100,24,2,603263024,-1,776,-1,1,12,10000
9717,bg_shop_00,,401250002,500,16,2,603263025,-1,776,-1,1,13,10000
9718,bg_shop_00,,401250002,5000,16,2,603263026,-1,776,-1,1,14,10000
9719,bg_shop_00,,401250002,100,20,2,603263027,-1,776,-1,1,15,10000
9720,bg_shop_00,,401250002,100,20,2,603263028,-1,776,-1,1,16,10000
9721,bg_shop_00,,401250002,10,800,2,603263029,-1,776,-1,1,17,10000
9722,bg_shop_00,,401250002,20,240,2,603263030,-1,776,-1,1,18,10000
9723,bg_shop_00,,401250002,100,80,2,603263031,-1,776,-1,1,19,10000
9724,bg_shop_00,,401250002,999,20,2,603263032,-1,776,-1,1,20,10000
9725,bg_shop_00,,401250002,9999,8,2,603263033,-1,776,-1,1,21,10000
9726,bg_shop_00,,401250002,999,20,2,603263034,-1,776,-1,1,22,10000
9727,bg_shop_00,,401250002,999,240,2,603263035,-1,776,-1,1,23,10000
9728,bg_shop_00,,401250002,999,80,2,603263036,-1,776,-1,1,24,10000
9729,bg_shop_00,,401081002,1,1999,2,603263037,1,777,-1,1,1,10000
9730,bg_shop_00,,401081002,1,1999,2,603263038,1,777,-1,1,2,10000
9731,bg_shop_00,,401081002,100,20,2,603263039,1,777,-1,1,3,10000
9732,bg_shop_00,,401081002,1,999,2,603263040,1,777,-1,1,4,10000
9733,bg_shop_00,,401081002,1,200,2,603263041,1,777,-1,1,5,10000
9734,bg_shop_00,,401081002,1,200,2,603263042,1,777,-1,1,6,10000
9735,bg_shop_00,,401081002,4,350,2,603263043,1,777,-1,1,7,10000
9736,bg_shop_00,,401081002,10,60,2,603263044,1,777,-1,1,8,10000
9737,bg_shop_00,,401081002,1,25,2,603263045,1,777,-1,1,9,10000
9738,bg_shop_00,,401081002,100,20,2,603263046,1,777,-1,1,10,10000
9739,bg_shop_00,,401081002,100,8,2,603263047,1,777,-1,1,11,10000
9740,bg_shop_00,,401081002,6,65,2,603263048,1,777,-1,1,12,10000
9741,bg_shop_00,,401081002,300,15,2,603263049,1,777,-1,1,13,10000
9742,bg_shop_00,,401081002,20,40,2,603263050,1,777,-1,1,14,10000
9743,bg_shop_00,,401081002,30,15,2,603263051,1,777,-1,1,15,10000
9744,bg_shop_00,,401081002,100,10,2,603263052,1,777,-1,1,16,10000
9745,bg_shop_00,,401081002,300,100,2,603263053,1,777,-1,1,17,10000
9746,bg_shop_00,,401081002,100,15,2,603263054,1,777,-1,1,18,10000
9747,bg_shop_00,,401081002,1000,5,2,603263055,1,777,-1,1,19,10000
9748,bg_shop_00,,401081002,100,75,2,603263056,1,777,-1,1,20,10000
9749,bg_shop_00,,401081002,300,5,2,603263057,1,777,-1,1,21,10000
9750,bg_shop_00,,512046101,1,5000,2,604030141,-1,778,-1,1,10,10000
9751,bg_shop_00,,512046101,10,50,2,512046304,-1,778,-1,1,20,10000
9752,bg_shop_00,,512046101,100,4,2,512046305,-1,778,-1,1,30,10000
9753,bg_shop_00,,512046101,50,8,2,512046306,-1,778,-1,1,40,10000
9754,bg_shop_00,,512046101,20,20,2,512046307,-1,778,-1,1,50,10000
9755,bg_shop_00,,512046101,50,12,2,512046308,-1,778,-1,1,60,10000
9756,bg_shop_00,,512046101,100,6,2,512046309,-1,778,-1,1,70,10000
9757,bg_shop_00,,512046101,30,15,2,512046310,-1,778,-1,1,80,10000
9758,bg_shop_00,,512046101,100,4,2,512046311,-1,778,-1,1,90,10000
9759,bg_shop_00,,512046101,50,8,2,512046312,-1,778,-1,1,100,10000
9760,bg_shop_00,,512046101,10,300,2,512046313,-1,778,-1,1,110,10000
9761,bg_shop_00,,512046101,10,100,2,512046314,-1,778,-1,1,120,10000
9762,bg_shop_00,,512046101,10,30,2,512046315,-1,778,-1,1,130,10000
9763,bg_shop_00,,512046101,100,15,2,512046316,-1,778,-1,1,140,10000
9764,bg_shop_00,,512046101,200,15,2,512046317,-1,778,-1,1,150,10000
9765,bg_shop_00,,512046101,100,9,2,512046318,-1,778,-1,1,160,10000
9766,bg_shop_00,,512046101,100,9,2,512046319,-1,778,-1,1,170,10000
9767,bg_shop_00,,512046101,999,6,2,512046320,-1,778,-1,1,180,10000
9768,bg_shop_00,,512046101,999,2,2,512046321,-1,778,-1,1,190,10000
9769,bg_shop_00,,512046101,999,18,2,512046322,-1,778,-1,1,200,10000
9770,bg_shop_00,,512046101,9999,1,2,512046323,-1,778,-1,1,210,10000
9771,bg_shop_00,,512046101,9999,1,2,512046324,-1,778,-1,1,220,10000
9772,bg_shop_00,,512046101,1,15000,2,512046301,-1,779,-1,1,10,10000
9773,bg_shop_00,,512046101,1,5000,2,604030141,-1,779,-1,1,20,10000
9774,bg_shop_00,,512046101,100,4,2,512046302,-1,779,-1,1,30,10000
9775,bg_shop_00,,512046101,100,4,2,512046303,-1,779,-1,1,40,10000
9776,bg_shop_00,,512046101,10,50,2,512046304,-1,779,-1,1,50,10000
9777,bg_shop_00,,512046101,100,4,2,512046305,-1,779,-1,1,60,10000
9778,bg_shop_00,,512046101,50,8,2,512046306,-1,779,-1,1,70,10000
9779,bg_shop_00,,512046101,20,20,2,512046307,-1,779,-1,1,80,10000
9780,bg_shop_00,,512046101,50,12,2,512046308,-1,779,-1,1,90,10000
9781,bg_shop_00,,512046101,100,6,2,512046309,-1,779,-1,1,100,10000
9782,bg_shop_00,,512046101,30,15,2,512046310,-1,779,-1,1,110,10000
9783,bg_shop_00,,512046101,100,4,2,512046311,-1,779,-1,1,120,10000
9784,bg_shop_00,,512046101,50,8,2,512046312,-1,779,-1,1,130,10000
9785,bg_shop_00,,512046101,10,300,2,512046313,-1,779,-1,1,140,10000
9786,bg_shop_00,,512046101,10,100,2,512046314,-1,779,-1,1,150,10000
9787,bg_shop_00,,512046101,10,30,2,512046315,-1,779,-1,1,160,10000
9788,bg_shop_00,,512046101,100,15,2,512046316,-1,779,-1,1,170,10000
9789,bg_shop_00,,512046101,200,15,2,512046317,-1,779,-1,1,180,10000
9790,bg_shop_00,,512046101,100,9,2,512046318,-1,779,-1,1,190,10000
9791,bg_shop_00,,512046101,100,9,2,512046319,-1,779,-1,1,200,10000
9792,bg_shop_00,,512046101,999,6,2,512046320,-1,779,-1,1,210,10000
9793,bg_shop_00,,512046101,999,2,2,512046321,-1,779,-1,1,220,10000
9794,bg_shop_00,,512046101,999,18,2,512046322,-1,779,-1,1,230,10000
9795,bg_shop_00,,512046101,9999,1,2,512046323,-1,779,-1,1,240,10000
9796,bg_shop_00,,512046101,9999,1,2,512046324,-1,779,-1,1,250,10000
9797,bg_shop_00,,1401,10,250,81,108405,-1,780,-1,1,1,10000
9798,bg_shop_00,,1401,20,250,81,108406,-1,780,-1,1,2,10000
9799,bg_shop_00,,1401,10,100,81,108407,-1,780,-1,1,3,10000
9800,bg_shop_00,,1401,5,480,81,108408,-1,780,-1,1,4,10000
9801,bg_shop_00,,1401,1,200,81,108409,-1,780,-1,1,1,10000
9802,bg_shop_00,,1401,20,250,81,108410,-1,780,-1,1,2,10000
9803,bg_shop_00,,1401,20,250,81,108411,-1,780,-1,1,3,10000
9804,bg_shop_00,,1401,5,768,81,108412,-1,780,-1,1,4,10000
9805,bg_shop_00,,1401,20,96,81,108413,-1,780,-1,1,5,10000
9806,bg_shop_00,,1401,1,200,81,108414,-1,780,-1,1,1,10000
9807,bg_shop_00,,1401,40,250,81,108415,-1,780,-1,1,2,10000
9808,bg_shop_00,,1401,40,250,81,108416,-1,780,-1,1,3,10000
9809,bg_shop_00,,1401,10,480,81,108417,-1,780,-1,1,4,10000
9810,bg_shop_00,,1401,10,320,81,108418,-1,780,-1,1,5,10000
9811,bg_shop_00,,1401,1,200,81,108419,-1,780,-1,1,1,10000
9812,bg_shop_00,,1401,60,250,81,108420,-1,780,-1,1,2,10000
9813,bg_shop_00,,1401,80,100,81,108421,-1,780,-1,1,3,10000
9814,bg_shop_00,,1401,40,96,81,108422,-1,780,-1,1,4,10000
9815,bg_shop_00,,1401,40,288,81,108423,-1,780,-1,1,5,10000
9816,bg_shop_00,,1401,10,320,81,108424,-1,780,-1,1,6,10000
9817,bg_shop_00,,510300001,1,1999,2,604086101,-1,781,-1,1,1,10000
9818,bg_shop_00,,510300001,1,200,2,604086102,-1,781,-1,1,2,10000
9819,bg_shop_00,,510300001,1,200,2,604086103,-1,781,-1,1,3,10000
9820,bg_shop_00,,510300001,1,200,2,604086104,-1,781,-1,1,4,10000
9821,bg_shop_00,,510300001,200,6,2,604086105,-1,781,-1,1,5,10000
9822,bg_shop_00,,510300001,200,3,2,604086106,-1,781,-1,1,6,10000
9823,bg_shop_00,,510300001,200,6,2,604086107,-1,781,-1,1,7,10000
9824,bg_shop_00,,510300001,200,5,2,604086108,-1,781,-1,1,8,10000
9825,bg_shop_00,,510300001,50,15,2,604086109,-1,781,-1,1,9,10000
9826,bg_shop_00,,510300001,20,10,2,604086110,-1,781,-1,1,10,10000
9827,bg_shop_00,,510300001,1,300,2,604086111,-1,781,-1,1,11,10000
9828,bg_shop_00,,510300001,20,15,2,604086112,-1,781,-1,1,12,10000
9829,bg_shop_00,,510300001,50,5,2,604086113,-1,781,-1,1,13,10000
9830,bg_shop_00,,510300001,10,90,2,604086114,-1,781,-1,1,14,10000
9831,bg_shop_00,,510300001,50,30,2,604086115,-1,781,-1,1,15,10000
9832,bg_shop_00,,510300001,2000,1,2,604086116,-1,781,-1,1,16,10000
9833,bg_shop_00,,510300001,120,30,2,604086117,-1,781,-1,1,17,10000
9834,bg_shop_00,,510300001,5,50,2,604086118,-1,781,-1,1,18,10000
9835,bg_shop_00,,401081002,1,1999,2,604093001,1,788,-1,1,1,10000
9836,bg_shop_00,,401081002,1,1999,2,604093002,1,788,-1,1,2,10000
9837,bg_shop_00,,401081002,100,20,2,604093003,1,788,-1,1,3,10000
9838,bg_shop_00,,401081002,1,999,2,604093004,1,788,-1,1,4,10000
9839,bg_shop_00,,401081002,1,200,2,604093005,1,788,-1,1,5,10000
9840,bg_shop_00,,401081002,1,200,2,604093006,1,788,-1,1,6,10000
9841,bg_shop_00,,401081002,4,350,2,604093007,1,788,-1,1,7,10000
9842,bg_shop_00,,401081002,10,60,2,604093008,1,788,-1,1,8,10000
9843,bg_shop_00,,401081002,1,25,2,604093009,1,788,-1,1,9,10000
9844,bg_shop_00,,401081002,100,20,2,604093010,1,788,-1,1,10,10000
9845,bg_shop_00,,401081002,100,8,2,604093011,1,788,-1,1,11,10000
9846,bg_shop_00,,401081002,6,65,2,604093012,1,788,-1,1,12,10000
9847,bg_shop_00,,401081002,300,15,2,604093013,1,788,-1,1,13,10000
9848,bg_shop_00,,401081002,20,40,2,604093014,1,788,-1,1,14,10000
9849,bg_shop_00,,401081002,30,15,2,604093015,1,788,-1,1,15,10000
9850,bg_shop_00,,401081002,100,10,2,604093016,1,788,-1,1,16,10000
9851,bg_shop_00,,401081002,300,100,2,604093017,1,788,-1,1,17,10000
9852,bg_shop_00,,401081002,100,15,2,604093018,1,788,-1,1,18,10000
9853,bg_shop_00,,401081002,1000,5,2,604093019,1,788,-1,1,19,10000
9854,bg_shop_00,,401081002,100,75,2,604093020,1,788,-1,1,20,10000
9855,bg_shop_00,,401081002,300,5,2,604093021,1,788,-1,1,21,10000
9856,bg_shop_00,,604092007,5,100,2,604092036,-1,789,-1,1,1,10000
9857,bg_shop_00,,604092007,4,500,2,604092037,-1,789,-1,1,2,10000
9858,bg_shop_00,,604092007,1,400,2,604092038,-1,789,-1,1,3,10000
9859,bg_shop_00,,604092007,2,100,2,604092039,-1,789,-1,1,4,10000
9860,bg_shop_00,,604092007,50,50,2,604092040,-1,789,-1,1,5,10000
9861,bg_shop_00,,604092007,2,400,2,604092041,-1,789,-1,1,6,10000
9862,bg_shop_00,,604092007,10,100,2,604092042,-1,789,-1,1,7,10000
9863,bg_shop_00,,604092007,2,1000,2,604092043,-1,789,-1,1,8,10000
9864,bg_shop_00,,604092007,2,400,2,604092044,-1,789,-1,1,9,10000
9865,bg_shop_00,,604092007,2,400,2,604092045,-1,789,-1,1,10,10000
9866,bg_shop_00,,604092007,2,400,2,604092046,-1,789,-1,1,11,10000
9867,bg_shop_00,,604092007,2,100,2,604092047,-1,789,-1,1,12,10000
9868,bg_shop_00,,604092007,2,20,2,604092048,-1,789,-1,1,13,10000
9869,bg_shop_00,,604092007,1000,2,2,604092049,-1,789,-1,1,14,10000
9870,bg_shop_00,,604092007,400,4,2,604092050,-1,789,-1,1,15,10000
9871,bg_shop_00,,604092007,2000,1,2,604092051,-1,789,-1,1,16,10000
9872,bg_shop_00,,604092001,1,999,2,604092009,-1,790,-1,1,1,10000
9873,bg_shop_00,,604092001,1,999,2,604092010,-1,790,-1,1,2,10000
9874,bg_shop_00,,604092001,1,899,2,604092011,-1,790,-1,1,3,10000
9875,bg_shop_00,,604092001,1,200,2,604092012,-1,790,-1,1,4,10000
9876,bg_shop_00,,604092001,1,400,2,604172000,-1,790,-1,1,5,10000
9877,bg_shop_00,,604092001,11,200,2,604092013,-1,790,-1,1,6,10000
9878,bg_shop_00,,604092001,11,200,2,604092014,-1,790,-1,1,7,10000
9879,bg_shop_00,,604092001,11,180,2,604092015,-1,790,-1,1,8,10000
9880,bg_shop_00,,604092001,11,180,2,604092016,-1,790,-1,1,9,10000
9881,bg_shop_00,,604092001,200,20,2,604092017,-1,790,-1,1,10,10000
9882,bg_shop_00,,604092001,25,50,2,604092018,-1,790,-1,1,11,10000
9883,bg_shop_00,,604092001,200,15,2,604092019,-1,790,-1,1,12,10000
9884,bg_shop_00,,604092001,200,10,2,604092020,-1,790,-1,1,13,10000
9885,bg_shop_00,,604092001,200,10,2,604092021,-1,790,-1,1,14,10000
9886,bg_shop_00,,604092001,200,5,2,604092022,-1,790,-1,1,15,10000
9887,bg_shop_00,,604092001,200,10,2,604092023,-1,790,-1,1,16,10000
9888,bg_shop_00,,604092001,2,300,2,604092024,-1,790,-1,1,17,10000
9889,bg_shop_00,,604092001,200,10,2,604092025,-1,790,-1,1,18,10000
9890,bg_shop_00,,604092001,5,300,2,604092026,-1,790,-1,1,19,10000
9891,bg_shop_00,,604092001,30,400,2,604092027,-1,790,-1,1,20,10000
9892,bg_shop_00,,604092001,20,90,2,604092028,-1,790,-1,1,21,10000
9893,bg_shop_00,,604092001,50,30,2,604092029,-1,790,-1,1,22,10000
9894,bg_shop_00,,604092001,8,200,2,604092030,-1,790,-1,1,23,10000
9895,bg_shop_00,,604092001,200,5,2,604092031,-1,790,-1,1,24,10000
9896,bg_shop_00,,604092001,50,15,2,604092032,-1,790,-1,1,25,10000
9897,bg_shop_00,,604092001,300,10,2,604092033,-1,790,-1,1,26,10000
9898,bg_shop_00,,604092001,500,1,2,604092034,-1,790,-1,1,27,10000
9899,bg_shop_00,,604092001,1000,1,2,604092035,-1,790,-1,1,28,10000
9900,bg_shop_00,,511110101,9999,2,2,604132032,-1,791,-1,0,1,10000
9901,bg_shop_00,,511110102,9999,2,2,604132032,-1,791,-1,1,2,10000
9902,bg_shop_00,,511110103,9999,2,2,604132032,-1,791,-1,1,3,10000
9903,bg_shop_00,,511110104,9999,2,2,604132032,-1,791,-1,1,4,10000
9904,bg_shop_00,,511110105,9999,2,2,604132032,-1,791,-1,1,4,10000
9905,bg_shop_00,,511110106,9999,2,2,604132032,-1,791,-1,1,5,10000
9906,bg_shop_00,,511110107,9999,2,2,604132032,-1,791,-1,1,6,10000
9907,bg_shop_00,,511110108,9999,2,2,604132032,-1,791,-1,1,7,10000
9908,bg_shop_00,,511110109,9999,2,2,604132032,-1,791,-1,1,7,10000
9909,bg_shop_00,,401081002,1,1999,2,604236101,1,792,-1,1,1,10000
9910,bg_shop_00,,401081002,1,1999,2,604236102,1,792,-1,1,2,10000
9911,bg_shop_00,,401081002,100,20,2,601093003,1,792,-1,1,3,10000
9912,bg_shop_00,,401081002,1,999,2,601093004,1,792,-1,1,4,10000
9913,bg_shop_00,,401081002,1,200,2,601093005,1,792,-1,1,5,10000
9914,bg_shop_00,,401081002,1,200,2,601093006,1,792,-1,1,6,10000
9915,bg_shop_00,,401081002,10,350,2,601093007,1,792,-1,1,7,10000
9916,bg_shop_00,,401081002,10,60,2,601093008,1,792,-1,1,8,10000
9917,bg_shop_00,,401081002,100,20,2,601093009,1,792,-1,1,9,10000
9918,bg_shop_00,,401081002,100,8,2,601093010,1,792,-1,1,10,10000
9919,bg_shop_00,,401081002,1,25,2,601093011,1,792,-1,1,11,10000
9920,bg_shop_00,,401081002,6,65,2,601093012,1,792,-1,1,12,10000
9921,bg_shop_00,,401081002,300,15,2,601093013,1,792,-1,1,13,10000
9922,bg_shop_00,,401081002,20,40,2,601093014,1,792,-1,1,14,10000
9923,bg_shop_00,,401081002,30,15,2,601093015,1,792,-1,1,15,10000
9924,bg_shop_00,,401081002,100,10,2,601093016,1,792,-1,1,16,10000
9925,bg_shop_00,,401081002,300,100,2,601093017,1,792,-1,1,17,10000
9926,bg_shop_00,,401081002,100,15,2,601093018,1,792,-1,1,18,10000
9927,bg_shop_00,,401081002,1000,5,2,601093019,1,792,-1,1,19,10000
9928,bg_shop_00,,401081002,100,75,2,601093020,1,792,-1,1,20,10000
9929,bg_shop_00,,401081002,300,5,2,601093021,1,792,-1,1,21,10000
9930,bg_shop_00,,601226001,1,200,2,604248002,-1,793,-1,1,1,10000
9931,bg_shop_00,,601226001,1,200,2,604248003,-1,793,-1,1,2,10000
9932,bg_shop_00,,601226001,1,200,2,604248004,-1,793,-1,1,3,10000
9933,bg_shop_00,,601226001,750,10,2,601226104,-1,793,-1,1,4,10000
9934,bg_shop_00,,601226001,500,10,2,601226105,-1,793,-1,1,5,10000
9935,bg_shop_00,,601226001,500,10,2,601226106,-1,793,-1,1,6,10000
9936,bg_shop_00,,601226001,100,3,2,601226107,-1,793,-1,1,7,10000
9937,bg_shop_00,,601226001,100,6,2,601226108,-1,793,-1,1,8,10000
9938,bg_shop_00,,601226001,100,5,2,601226109,-1,793,-1,1,9,10000
9939,bg_shop_00,,601226001,200,15,2,601226110,-1,793,-1,1,10,10000
9940,bg_shop_00,,601226001,5,300,2,601226111,-1,793,-1,1,11,10000
9941,bg_shop_00,,601226001,30,15,2,601226112,-1,793,-1,1,12,10000
9942,bg_shop_00,,601226001,100,5,2,601226113,-1,793,-1,1,13,10000
9943,bg_shop_00,,601226001,2000,1,2,601226114,-1,793,-1,1,14,10000
9944,bg_shop_00,,601226001,120,30,2,601226115,-1,793,-1,1,15,10000
9945,bg_shop_00,,601226001,5,50,2,601226116,-1,793,-1,1,16,10000
9946,bg_shop_00,,601226001,1,200,2,604302020,-1,794,-1,1,1,10000
9947,bg_shop_00,,601226001,1,200,2,604302021,-1,794,-1,1,2,10000
9948,bg_shop_00,,601226001,1,200,2,604302022,-1,794,-1,1,3,10000
9949,bg_shop_00,,601226001,1000,10,2,604302023,-1,794,-1,1,4,10000
9950,bg_shop_00,,601226001,1000,10,2,604302024,-1,794,-1,1,5,10000
9951,bg_shop_00,,601226001,1000,10,2,604302025,-1,794,-1,1,6,10000
9952,bg_shop_00,,601226001,100,3,2,604302026,-1,794,-1,1,7,10000
9953,bg_shop_00,,601226001,100,6,2,604302027,-1,794,-1,1,8,10000
9954,bg_shop_00,,601226001,100,5,2,604302028,-1,794,-1,1,9,10000
9955,bg_shop_00,,601226001,200,15,2,604302029,-1,794,-1,1,10,10000
9956,bg_shop_00,,601226001,5,300,2,604302030,-1,794,-1,1,11,10000
9957,bg_shop_00,,601226001,30,15,2,604302031,-1,794,-1,1,12,10000
9958,bg_shop_00,,601226001,100,5,2,604302032,-1,794,-1,1,13,10000
9959,bg_shop_00,,601226001,2000,1,2,604302033,-1,794,-1,1,14,10000
9960,bg_shop_00,,601226001,120,30,2,604302034,-1,794,-1,1,15,10000
9961,bg_shop_00,,601226001,5,50,2,604302035,-1,794,-1,1,16,10000
9962,bg_shop_00,,512040002,1,5000,2,605076101,-1,795,-1,1,1,10000
9963,bg_shop_00,,512040002,1,5000,2,605076102,-1,795,-1,1,2,10000
9964,bg_shop_00,,512040002,150,50,2,605076103,-1,795,-1,1,3,10000
9965,bg_shop_00,,512040002,300,20,2,605076104,-1,795,-1,1,4,10000
9966,bg_shop_00,,512040002,500,10,2,605076105,-1,795,-1,1,5,10000
9967,bg_shop_00,,512040002,500,10,2,605076106,-1,795,-1,1,6,10000
9968,bg_shop_00,,512040002,500,10,2,605076107,-1,795,-1,1,7,10000
9969,bg_shop_00,,512040002,1000,3,2,605076108,-1,795,-1,1,8,10000
9970,bg_shop_00,,512040002,200,15,2,605076109,-1,795,-1,1,9,10000
9971,bg_shop_00,,512040002,2,300,2,605076110,-1,795,-1,1,10,10000
9972,bg_shop_00,,512040002,50,300,2,605076111,-1,795,-1,1,11,10000
9973,bg_shop_00,,512040002,30,400,2,605076112,-1,795,-1,1,12,10000
9974,bg_shop_00,,512040002,120,5,2,605076113,-1,795,-1,1,13,10000
9975,bg_shop_00,,512040002,50,15,2,605076114,-1,795,-1,1,14,10000
9976,bg_shop_00,,512040002,300,10,2,605076115,-1,795,-1,1,15,10000
9977,bg_shop_00,,512040002,1000,8,2,605076116,-1,795,-1,1,16,10000
9978,bg_shop_00,,512040002,500,1,2,605076117,-1,795,-1,1,17,10000
9979,bg_shop_00,,512040002,1000,1,2,605076118,-1,795,-1,1,18,10000
9980,bg_shop_00,,401081002,1,1999,2,605096001,1,796,-1,1,1,10000
9981,bg_shop_00,,401081002,1,1999,2,605096002,1,796,-1,1,2,10000
9982,bg_shop_00,,401081002,200,20,2,506056202,1,796,-1,1,3,10000
9983,bg_shop_00,,401081002,1,1999,2,503075202,1,796,-1,1,4,10000
9984,bg_shop_00,,401081002,1,999,2,503075203,1,796,-1,1,5,10000
9985,bg_shop_00,,401081002,1,200,2,503075204,1,796,-1,1,6,10000
9986,bg_shop_00,,401081002,1,200,2,505155003,1,796,-1,1,7,10000
9987,bg_shop_00,,401081002,4,350,2,503075205,1,796,-1,1,8,10000
9988,bg_shop_00,,401081002,10,60,2,503075206,1,796,-1,1,9,10000
9989,bg_shop_00,,401081002,1,25,2,503075207,1,796,-1,1,10,10000
9990,bg_shop_00,,401081002,999,8,2,603200001,1,796,-1,1,11,10000
9991,bg_shop_00,,401081002,100,20,2,506190008,1,796,-1,1,12,10000
9992,bg_shop_00,,401081002,100,8,2,503075208,1,796,-1,1,13,10000
9993,bg_shop_00,,401081002,6,65,2,503075209,1,796,-1,1,14,10000
9994,bg_shop_00,,401081002,300,15,2,503075210,1,796,-1,1,15,10000
9995,bg_shop_00,,401081002,20,40,2,503075211,1,796,-1,1,16,10000
9996,bg_shop_00,,401081002,30,15,2,503075212,1,796,-1,1,17,10000
9997,bg_shop_00,,401081002,100,10,2,503075213,1,796,-1,1,18,10000
9998,bg_shop_00,,401081002,300,100,2,503075214,1,796,-1,1,19,10000
9999,bg_shop_00,,401081002,100,15,2,503075215,1,796,-1,1,20,10000
10000,bg_shop_00,,401081002,1000,5,2,503075216,1,796,-1,1,21,10000
10001,bg_shop_00,,401081002,100,75,2,503075217,1,796,-1,1,22,10000
10002,bg_shop_00,,401081002,300,5,2,503075218,1,796,-1,1,23,10000
10003,bg_shop_00,,401081002,200,20,2,506030001,1,797,-1,1,10,10000
10004,bg_shop_00,,401081002,1,999,2,605096001,1,797,-1,1,20,10000
10005,bg_shop_00,,401081002,1,999,2,605096002,1,797,-1,1,30,10000
10006,bg_shop_00,,401081002,1,999,2,503281001,1,797,-1,1,40,10000
10007,bg_shop_00,,401081002,1,200,2,503281002,1,797,-1,1,50,10000
10008,bg_shop_00,,401081002,1,200,2,505155003,1,797,-1,1,60,10000
10009,bg_shop_00,,401081002,1,100,2,503281003,1,797,-1,1,70,10000
10010,bg_shop_00,,401081002,2,400,2,503281004,1,797,-1,1,80,10000
10011,bg_shop_00,,401081002,10,60,2,503281005,1,797,-1,1,90,10000
10012,bg_shop_00,,401081002,100,8,2,503281006,1,797,-1,1,100,10000
10013,bg_shop_00,,401081002,100,15,2,503281007,1,797,-1,1,110,10000
10014,bg_shop_00,,401081002,300,10,2,503281008,1,797,-1,1,120,10000
10015,bg_shop_00,,401081002,200,10,2,503281009,1,797,-1,1,130,10000
10016,bg_shop_00,,401081002,4,300,2,503281010,1,797,-1,1,140,10000
10017,bg_shop_00,,401081002,4,30,2,503281011,1,797,-1,1,150,10000
10018,bg_shop_00,,401081002,20,60,2,503281012,1,797,-1,1,160,10000
10019,bg_shop_00,,401081002,999,30,2,503281013,1,797,-1,1,170,10000
10020,bg_shop_00,,401081002,999,20,2,503281014,1,797,-1,1,180,10000
10021,bg_shop_00,,401081002,999,20,2,503281015,1,797,-1,1,190,10000
10022,bg_shop_00,,501100002,300,20,2,605127101,-1,798,-1,1,1,10000
10023,bg_shop_00,,501100002,1,899,2,605127102,-1,798,-1,1,2,10000
10024,bg_shop_00,,501100002,1,999,2,605127103,-1,798,-1,1,3,10000
10025,bg_shop_00,,501100002,1,999,2,405281302,-1,798,-1,1,4,10000
10026,bg_shop_00,,501100002,1,200,2,605127104,-1,798,-1,1,5,10000
10027,bg_shop_00,,501100002,11,200,2,605127105,-1,798,-1,1,6,10000
10028,bg_shop_00,,501100002,11,200,2,605127106,-1,798,-1,1,7,10000
10029,bg_shop_00,,501100002,200,15,2,605127107,-1,798,-1,1,8,10000
10030,bg_shop_00,,501100002,200,10,2,605127108,-1,798,-1,1,9,10000
10031,bg_shop_00,,501100002,200,10,2,605127109,-1,798,-1,1,10,10000
10032,bg_shop_00,,501100002,200,10,2,605127110,-1,798,-1,1,11,10000
10033,bg_shop_00,,501100002,200,5,2,605127111,-1,798,-1,1,12,10000
10034,bg_shop_00,,501100002,2,300,2,605127112,-1,798,-1,1,13,10000
10035,bg_shop_00,,501100002,200,10,2,605127113,-1,798,-1,1,14,10000
10036,bg_shop_00,,501100002,2,300,2,605127114,-1,798,-1,1,15,10000
10037,bg_shop_00,,501100002,30,400,2,605127115,-1,798,-1,1,16,10000
10038,bg_shop_00,,501100002,20,90,2,605127116,-1,798,-1,1,17,10000
10039,bg_shop_00,,501100002,50,30,2,605127117,-1,798,-1,1,18,10000
10040,bg_shop_00,,501100002,120,5,2,605127118,-1,798,-1,1,19,10000
10041,bg_shop_00,,501100002,100,15,2,605127119,-1,798,-1,1,20,10000
10042,bg_shop_00,,501100002,600,10,2,605127120,-1,798,-1,1,21,10000
10043,bg_shop_00,,501100002,1000,1,2,605127121,-1,798,-1,1,22,10000
10044,bg_shop_00,,501100002,9999,1,2,605127122,-1,798,-1,1,23,10000
10045,bg_shop_00,,501100008,20,100,2,605127201,-1,799,-1,1,1,10000
10046,bg_shop_00,,501100008,4,500,2,605127202,-1,799,-1,1,2,10000
10047,bg_shop_00,,501100008,2,400,2,605127203,-1,799,-1,1,3,10000
10048,bg_shop_00,,501100008,2,100,2,605127204,-1,799,-1,1,4,10000
10049,bg_shop_00,,501100008,50,50,2,605127205,-1,799,-1,1,5,10000
10050,bg_shop_00,,501100008,1,400,2,605127206,-1,799,-1,1,6,10000
10051,bg_shop_00,,501100008,3,100,2,605127207,-1,799,-1,1,7,10000
10052,bg_shop_00,,501100008,2,1000,2,605127208,-1,799,-1,1,8,10000
10053,bg_shop_00,,501100008,2,1000,2,605127209,-1,799,-1,1,9,10000
10054,bg_shop_00,,501100008,2,1000,2,605127210,-1,799,-1,1,10,10000
10055,bg_shop_00,,501100008,2,350,2,605127211,-1,799,-1,1,11,10000
10056,bg_shop_00,,501100008,2,350,2,605127212,-1,799,-1,1,12,10000
10057,bg_shop_00,,501100008,2,800,2,605127213,-1,799,-1,1,13,10000
10058,bg_shop_00,,501100008,2,800,2,605127214,-1,799,-1,1,14,10000
10059,bg_shop_00,,501100008,2,800,2,605127215,-1,799,-1,1,15,10000
10060,bg_shop_00,,501100008,100,20,2,605127216,-1,799,-1,1,16,10000
10061,bg_shop_00,,501100008,100,12,2,605127217,-1,799,-1,1,17,10000
10062,bg_shop_00,,501100008,9999,1,2,605127218,-1,799,-1,1,18,10000
10063,bg_shop_00,,601226001,1,200,2,605158010,-1,800,-1,1,1,10000
10064,bg_shop_00,,601226001,1,200,2,605158011,-1,800,-1,1,2,10000
10065,bg_shop_00,,601226001,1,200,2,605158012,-1,800,-1,1,3,10000
10066,bg_shop_00,,601226001,1000,10,2,605158013,-1,800,-1,1,4,10000
10067,bg_shop_00,,601226001,500,10,2,605158014,-1,800,-1,1,5,10000
10068,bg_shop_00,,601226001,1000,10,2,605158015,-1,800,-1,1,6,10000
10069,bg_shop_00,,601226001,1000,10,2,605158016,-1,800,-1,1,7,10000
10070,bg_shop_00,,601226001,500,3,2,605158017,-1,800,-1,1,8,10000
10071,bg_shop_00,,601226001,100,6,2,605158018,-1,800,-1,1,9,10000
10072,bg_shop_00,,601226001,100,5,2,605158019,-1,800,-1,1,10,10000
10073,bg_shop_00,,601226001,200,15,2,605158020,-1,800,-1,1,11,10000
10074,bg_shop_00,,601226001,5,300,2,605158021,-1,800,-1,1,12,10000
10075,bg_shop_00,,601226001,30,15,2,605158022,-1,800,-1,1,13,10000
10076,bg_shop_00,,601226001,500,5,2,605158023,-1,800,-1,1,14,10000
10077,bg_shop_00,,601226001,2000,1,2,605158024,-1,800,-1,1,15,10000
10078,bg_shop_00,,601226001,120,30,2,605158025,-1,800,-1,1,16,10000
10079,bg_shop_00,,601226001,5,50,2,605158026,-1,800,-1,1,17,10000
10080,bg_shop_00,,605092003,1,999,2,605180201,-1,801,-1,1,10,10000
1008001,bg_shop_00,,605092003,1,999,2,605191301,-1,801,-1,1,11,10000
10081,bg_shop_00,,605092003,1,200,2,605180202,-1,801,-1,1,20,10000
10082,bg_shop_00,,605092003,11,300,2,605180203,-1,801,-1,1,30,10000
10083,bg_shop_00,,605092003,11,200,2,605180204,-1,801,-1,1,40,10000
10084,bg_shop_00,,605092003,1,200,2,605180205,-1,801,-1,1,50,10000
10085,bg_shop_00,,605092003,200,20,2,605180206,-1,801,-1,1,60,10000
10086,bg_shop_00,,605092003,25,50,2,605180207,-1,801,-1,1,70,10000
10087,bg_shop_00,,605092003,500,1,2,605180208,-1,801,-1,1,80,10000
10088,bg_shop_00,,605092003,500,1,2,605180209,-1,801,-1,1,90,10000
10089,bg_shop_00,,605092003,200,15,2,605180210,-1,801,-1,1,100,10000
10090,bg_shop_00,,605092003,200,10,2,605180211,-1,801,-1,1,110,10000
10091,bg_shop_00,,605092003,200,10,2,605180212,-1,801,-1,1,120,10000
10092,bg_shop_00,,605092003,200,5,2,605180213,-1,801,-1,1,130,10000
1009301,bg_shop_00,,605092003,200,10,2,605191302,-1,801,-1,1,131,10000
10093,bg_shop_00,,605092003,200,10,2,605180214,-1,801,-1,1,140,10000
10094,bg_shop_00,,605092003,2,300,2,605180215,-1,801,-1,1,150,10000
10095,bg_shop_00,,605092003,200,10,2,605180216,-1,801,-1,1,160,10000
10096,bg_shop_00,,605092003,5,300,2,605180217,-1,801,-1,1,170,10000
10097,bg_shop_00,,605092003,30,400,2,605180218,-1,801,-1,1,180,10000
10098,bg_shop_00,,605092003,20,90,2,605180219,-1,801,-1,1,190,10000
10099,bg_shop_00,,605092003,50,30,2,605180220,-1,801,-1,1,200,10000
10100,bg_shop_00,,605092003,8,200,2,605180221,-1,801,-1,1,210,10000
10101,bg_shop_00,,605092003,200,5,2,605180222,-1,801,-1,1,220,10000
10102,bg_shop_00,,605092003,50,15,2,605180223,-1,801,-1,1,230,10000
10103,bg_shop_00,,605092003,300,10,2,605180224,-1,801,-1,1,240,10000
10104,bg_shop_00,,605092003,500,1,2,605180225,-1,801,-1,1,250,10000
10105,bg_shop_00,,605092003,1000,1,2,605180226,-1,801,-1,1,260,10000
10106,bg_shop_00,,605092004,5,100,2,605180301,-1,802,-1,1,10,10000
10107,bg_shop_00,,605092004,4,500,2,605180302,-1,802,-1,1,20,10000
10108,bg_shop_00,,605092004,1,400,2,605180303,-1,802,-1,1,30,10000
10109,bg_shop_00,,605092004,500,5,2,605180304,-1,802,-1,1,40,10000
10110,bg_shop_00,,605092004,1,400,2,605180305,-1,802,-1,1,50,10000
10111,bg_shop_00,,605092004,2,100,2,605180306,-1,802,-1,1,60,10000
10112,bg_shop_00,,605092004,50,50,2,605180307,-1,802,-1,1,70,10000
10113,bg_shop_00,,605092004,2,400,2,605180308,-1,802,-1,1,80,10000
10114,bg_shop_00,,605092004,10,100,2,605180309,-1,802,-1,1,90,10000
10115,bg_shop_00,,605092004,2,800,2,605180310,-1,802,-1,1,100,10000
10116,bg_shop_00,,605092004,2,800,2,605180311,-1,802,-1,1,110,10000
10117,bg_shop_00,,605092004,2,800,2,605180312,-1,802,-1,1,120,10000
10118,bg_shop_00,,605092004,2,800,2,605180313,-1,802,-1,1,130,10000
10119,bg_shop_00,,605092004,1000,20,2,605180314,-1,802,-1,1,140,10000
10120,bg_shop_00,,605092004,9999,2,2,605180315,-1,802,-1,1,150,10000
10121,bg_shop_00,,605092004,400,4,2,605180316,-1,802,-1,1,160,10000
10122,bg_shop_00,,605092004,9999,1,2,605180317,-1,802,-1,1,170,10000
10123,bg_shop_00,,605256002,1,999,2,605266501,-1,803,-1,1,1,10000
10124,bg_shop_00,,605256002,1,200,2,605266502,-1,803,-1,1,2,10000
10125,bg_shop_00,,605256002,1,100,2,605266503,-1,803,-1,1,3,10000
10126,bg_shop_00,,605256002,1,500,2,605266515,-1,803,-1,1,4,10000
10127,bg_shop_00,,605256002,1,500,2,605266516,-1,803,-1,1,5,10000
10128,bg_shop_00,,605256002,1,500,2,605266517,-1,803,-1,1,6,10000
10129,bg_shop_00,,605256002,1,500,2,605266518,-1,803,-1,1,7,10000
10130,bg_shop_00,,605256002,1,150,2,605266519,-1,803,-1,1,8,10000
10131,bg_shop_00,,605256002,1,50,2,605266520,-1,803,-1,1,9,10000
10132,bg_shop_00,,605256002,10,10,2,605266504,-1,803,-1,1,10,10000
10133,bg_shop_00,,605256002,200,20,2,605266505,-1,803,-1,1,11,10000
10134,bg_shop_00,,605256002,1,200,2,605266506,-1,803,-1,1,12,10000
10135,bg_shop_00,,605256002,2,300,2,605266507,-1,803,-1,1,13,10000
10136,bg_shop_00,,605256002,2,300,2,605266508,-1,803,-1,1,14,10000
10137,bg_shop_00,,605256002,2,200,2,605266509,-1,803,-1,1,15,10000
10138,bg_shop_00,,605256002,2,200,2,605266510,-1,803,-1,1,16,10000
10139,bg_shop_00,,605256002,2,200,2,605266511,-1,803,-1,1,17,10000
10140,bg_shop_00,,605256002,2,60,2,605266512,-1,803,-1,1,18,10000
10141,bg_shop_00,,605256002,2,60,2,605266513,-1,803,-1,1,19,10000
10142,bg_shop_00,,605256002,2,60,2,605266514,-1,803,-1,1,20,10000
10143,bg_shop_00,,605256002,200,10,2,605266521,-1,803,-1,1,21,10000
10144,bg_shop_00,,605256002,200,10,2,605266522,-1,803,-1,1,22,10000
10145,bg_shop_00,,605256002,200,10,2,605266523,-1,803,-1,1,23,10000
10146,bg_shop_00,,605256002,9,300,2,605266524,-1,803,-1,1,24,10000
10147,bg_shop_00,,605256002,200,15,2,605266525,-1,803,-1,1,25,10000
10148,bg_shop_00,,605256002,200,10,2,605266526,-1,803,-1,1,26,10000
10149,bg_shop_00,,605256002,500,10,2,605266527,-1,803,-1,1,27,10000
10150,bg_shop_00,,605256002,500,10,2,605266528,-1,803,-1,1,28,10000
10151,bg_shop_00,,605256002,200,10,2,605266529,-1,803,-1,1,29,10000
10152,bg_shop_00,,605256002,2,300,2,605266530,-1,803,-1,1,30,10000
10153,bg_shop_00,,605256002,5,300,2,605266531,-1,803,-1,1,31,10000
10154,bg_shop_00,,605256002,20,90,2,605266532,-1,803,-1,1,32,10000
10155,bg_shop_00,,605256002,50,30,2,605266533,-1,803,-1,1,33,10000
10156,bg_shop_00,,605256002,8,200,2,605266534,-1,803,-1,1,34,10000
10157,bg_shop_00,,605256002,500,5,2,605266535,-1,803,-1,1,35,10000
10158,bg_shop_00,,605256002,1000,10,2,605266536,-1,803,-1,1,36,10000
10159,bg_shop_00,,605256002,500,15,2,605266537,-1,803,-1,1,37,10000
10160,bg_shop_00,,605256002,200,50,2,605266538,-1,803,-1,1,38,10000
10161,bg_shop_00,,605256002,500,10,2,605266539,-1,803,-1,1,39,10000
10162,bg_shop_00,,605256002,1000,1,2,605266540,-1,803,-1,1,40,10000
10163,bg_shop_00,,601226001,1,200,2,604248002,-1,804,-1,1,1,10000
10164,bg_shop_00,,601226001,1,200,2,604248003,-1,804,-1,1,2,10000
10165,bg_shop_00,,601226001,1,200,2,604248004,-1,804,-1,1,3,10000
10166,bg_shop_00,,601226001,1000,10,2,601226104,-1,804,-1,1,4,10000
10167,bg_shop_00,,601226001,500,10,2,601226105,-1,804,-1,1,5,10000
10168,bg_shop_00,,601226001,1000,10,2,601226106,-1,804,-1,1,6,10000
10169,bg_shop_00,,601226001,500,3,2,601226107,-1,804,-1,1,7,10000
10170,bg_shop_00,,601226001,100,6,2,601226108,-1,804,-1,1,8,10000
10171,bg_shop_00,,601226001,100,5,2,601226109,-1,804,-1,1,9,10000
10172,bg_shop_00,,601226001,200,15,2,601226110,-1,804,-1,1,10,10000
10173,bg_shop_00,,601226001,5,300,2,601226111,-1,804,-1,1,11,10000
10174,bg_shop_00,,601226001,30,15,2,601226112,-1,804,-1,1,12,10000
10175,bg_shop_00,,601226001,500,5,2,601226113,-1,804,-1,1,13,10000
10176,bg_shop_00,,601226001,2000,1,2,601226114,-1,804,-1,1,14,10000
10177,bg_shop_00,,601226001,120,30,2,601226115,-1,804,-1,1,15,10000
10178,bg_shop_00,,601226001,5,50,2,601226116,-1,804,-1,1,16,10000
10179,bg_shop_00,,512046101,1,15000,2,606063301,-1,805,-1,1,20,10000
10180,bg_shop_00,,512046101,1,15000,2,606063302,-1,805,-1,1,10,10000
10181,bg_shop_00,,512046101,1,5000,2,606063303,-1,805,-1,1,30,10000
10182,bg_shop_00,,512046101,20,15,2,606063304,-1,805,-1,1,40,10000
10183,bg_shop_00,,512046101,100,4,2,606063305,-1,805,-1,1,45,10000
10184,bg_shop_00,,512046101,100,4,2,606063306,-1,805,-1,1,85,10000
10185,bg_shop_00,,512046101,100,8,2,606063307,-1,805,-1,1,70,10000
10186,bg_shop_00,,512046101,100,8,2,606063308,-1,805,-1,1,80,10000
10187,bg_shop_00,,512046101,10,50,2,606063309,-1,805,-1,1,90,10000
10188,bg_shop_00,,512046101,100,4,2,606063310,-1,805,-1,1,100,10000
10189,bg_shop_00,,512046101,50,8,2,606063311,-1,805,-1,1,110,10000
10190,bg_shop_00,,512046101,20,20,2,606063312,-1,805,-1,1,120,10000
10191,bg_shop_00,,512046101,50,12,2,606063313,-1,805,-1,1,130,10000
10192,bg_shop_00,,512046101,100,6,2,606063314,-1,805,-1,1,140,10000
10193,bg_shop_00,,512046101,30,15,2,606063315,-1,805,-1,1,41,10000
10194,bg_shop_00,,512046101,100,4,2,606063316,-1,805,-1,1,160,10000
10195,bg_shop_00,,512046101,10,300,2,606063317,-1,805,-1,1,170,10000
10196,bg_shop_00,,512046101,10,100,2,606063318,-1,805,-1,1,180,10000
10197,bg_shop_00,,512046101,10,30,2,606063319,-1,805,-1,1,190,10000
10198,bg_shop_00,,512046101,100,15,2,606063320,-1,805,-1,1,200,10000
10199,bg_shop_00,,512046101,200,15,2,606063321,-1,805,-1,1,210,10000
10200,bg_shop_00,,512046101,500,9,2,606063322,-1,805,-1,1,220,10000
10201,bg_shop_00,,512046101,100,9,2,606063323,-1,805,-1,1,230,10000
10202,bg_shop_00,,512046101,100,9,2,606063324,-1,805,-1,1,240,10000
10203,bg_shop_00,,512046101,999,6,2,606063325,-1,805,-1,1,250,10000
10204,bg_shop_00,,512046101,999,2,2,606063326,-1,805,-1,1,250,10000
10205,bg_shop_00,,512046101,1,50,2,606063327,-1,805,-1,1,65,10000
10206,bg_shop_00,,510300001,1,1999,2,606102009,-1,806,-1,1,1,10000
10207,bg_shop_00,,510300001,1,200,2,606102010,-1,806,-1,1,2,10000
10208,bg_shop_00,,510300001,1,200,2,606102011,-1,806,-1,1,3,10000
10209,bg_shop_00,,510300001,1,200,2,606102012,-1,806,-1,1,4,10000
10210,bg_shop_00,,510300001,100,3,2,606102013,-1,806,-1,1,5,10000
10211,bg_shop_00,,510300001,100,6,2,606102014,-1,806,-1,1,6,10000
10212,bg_shop_00,,510300001,100,5,2,606102015,-1,806,-1,1,7,10000
10213,bg_shop_00,,510300001,100,3,2,606102016,-1,806,-1,1,8,10000
10214,bg_shop_00,,510300001,20,15,2,606102017,-1,806,-1,1,9,10000
10215,bg_shop_00,,510300001,20,10,2,606102018,-1,806,-1,1,10,10000
10216,bg_shop_00,,510300001,1,300,2,606102019,-1,806,-1,1,11,10000
10217,bg_shop_00,,510300001,300,10,2,606102020,-1,806,-1,1,12,10000
10218,bg_shop_00,,510300001,200,10,2,606102021,-1,806,-1,1,13,10000
10219,bg_shop_00,,510300001,5,250,2,606102022,-1,806,-1,1,14,10000
10220,bg_shop_00,,510300001,5,60,2,606102023,-1,806,-1,1,15,10000
10221,bg_shop_00,,510300001,10,20,2,606102024,-1,806,-1,1,16,10000
10222,bg_shop_00,,510300001,10,40,2,606102025,-1,806,-1,1,17,10000
10223,bg_shop_00,,510300001,20,15,2,606102026,-1,806,-1,1,18,10000
10224,bg_shop_00,,510300001,50,5,2,606102027,-1,806,-1,1,19,10000
10225,bg_shop_00,,510300001,10,90,2,606102028,-1,806,-1,1,20,10000
10226,bg_shop_00,,510300001,50,30,2,606102029,-1,806,-1,1,21,10000
10227,bg_shop_00,,510300001,2000,1,2,606102030,-1,806,-1,1,22,10000
10228,bg_shop_00,,510300001,120,30,2,606102031,-1,806,-1,1,23,10000
10229,bg_shop_00,,510300001,5,50,2,606102032,-1,806,-1,1,24,10000
10275,bg_shop_00,,606123002,1,999,2,606165501,-1,809,-1,1,10,10000
10276,bg_shop_00,,606123002,1,999,2,606165502,-1,809,-1,1,11,10000
10277,bg_shop_00,,606123002,11,300,2,606165503,-1,809,-1,1,20,10000
10278,bg_shop_00,,606123002,11,300,2,606165504,-1,809,-1,1,30,10000
10279,bg_shop_00,,606123002,11,200,2,606165505,-1,809,-1,1,40,10000
10280,bg_shop_00,,606123002,11,200,2,606165506,-1,809,-1,1,50,10000
10281,bg_shop_00,,606123002,11,200,2,606165507,-1,809,-1,1,60,10000
10282,bg_shop_00,,606123002,1,200,2,606165508,-1,809,-1,1,70,10000
606175501,bg_shop_00,,606123002,1,999,2,606175501,-1,809,-1,1,12,10000
606175502,bg_shop_00,,606123002,1,400,2,606175502,-1,809,-1,1,61,10000
606175503,bg_shop_00,,606123002,1,200,2,606175503,-1,809,-1,1,71,10000
606175504,bg_shop_00,,606123002,1,200,2,606175504,-1,809,-1,1,72,10000
10283,bg_shop_00,,606123002,200,20,2,606165509,-1,809,-1,1,80,10000
10284,bg_shop_00,,606123002,25,50,2,606165510,-1,809,-1,1,90,10000
10285,bg_shop_00,,606123002,500,1,2,606165511,-1,809,-1,1,100,10000
10286,bg_shop_00,,606123002,500,1,2,606165512,-1,809,-1,1,110,10000
10287,bg_shop_00,,606123002,200,5,2,606165513,-1,809,-1,1,120,10000
10288,bg_shop_00,,606123002,200,15,2,606165514,-1,809,-1,1,130,10000
10289,bg_shop_00,,606123002,200,10,2,606165515,-1,809,-1,1,131,10000
10290,bg_shop_00,,606123002,200,10,2,606165516,-1,809,-1,1,140,10000
10291,bg_shop_00,,606123002,200,5,2,606165517,-1,809,-1,1,150,10000
10292,bg_shop_00,,606123002,200,10,2,606165518,-1,809,-1,1,160,10000
10293,bg_shop_00,,606123002,2,300,2,606165519,-1,809,-1,1,170,10000
10294,bg_shop_00,,606123002,200,10,2,606165520,-1,809,-1,1,180,10000
10295,bg_shop_00,,606123002,5,300,2,606165521,-1,809,-1,1,190,10000
10296,bg_shop_00,,606123002,30,400,2,606165522,-1,809,-1,1,200,10000
10297,bg_shop_00,,606123002,20,90,2,606165523,-1,809,-1,1,210,10000
10298,bg_shop_00,,606123002,50,30,2,606165524,-1,809,-1,1,220,10000
10299,bg_shop_00,,606123002,8,200,2,606165525,-1,809,-1,1,230,10000
10300,bg_shop_00,,606123002,500,5,2,606165526,-1,809,-1,1,240,10000
10301,bg_shop_00,,606123002,50,15,2,606165527,-1,809,-1,1,250,10000
10302,bg_shop_00,,606123002,300,10,2,606165528,-1,809,-1,1,260,10000
10303,bg_shop_00,,606123002,500,1,2,606165529,-1,809,-1,1,250,10000
10304,bg_shop_00,,606123002,1000,1,2,606165530,-1,809,-1,1,260,10000
10305,bg_shop_00,,606123003,5,200,2,606165601,-1,810,-1,1,10,10000
10306,bg_shop_00,,606123003,5,100,2,606165602,-1,810,-1,1,20,10000
606175505,bg_shop_00,,606123003,30,20,2,606175505,-1,810,-1,1,21,10000
10307,bg_shop_00,,606123003,50,30,2,606165603,-1,810,-1,1,30,10000
10308,bg_shop_00,,606123003,4,500,2,606165604,-1,810,-1,1,40,10000
10309,bg_shop_00,,606123003,1,500,2,606165605,-1,810,-1,1,50,10000
10310,bg_shop_00,,606123003,2,400,2,606165606,-1,810,-1,1,60,10000
10311,bg_shop_00,,606123003,2,100,2,606165607,-1,810,-1,1,70,10000
10312,bg_shop_00,,606123003,50,50,2,606165608,-1,810,-1,1,80,10000
10313,bg_shop_00,,606123003,2,400,2,606165609,-1,810,-1,1,90,10000
10314,bg_shop_00,,606123003,10,100,2,606165610,-1,810,-1,1,100,10000
10315,bg_shop_00,,606123003,2,800,2,606165611,-1,810,-1,1,110,10000
10316,bg_shop_00,,606123003,2,800,2,606165612,-1,810,-1,1,120,10000
10317,bg_shop_00,,606123003,2,200,2,606165613,-1,810,-1,1,130,10000
10318,bg_shop_00,,606123003,2,200,2,606165614,-1,810,-1,1,140,10000
10319,bg_shop_00,,606123003,2,100,2,606165615,-1,810,-1,1,150,10000
10320,bg_shop_00,,606123003,1000,20,2,606165616,-1,810,-1,1,160,10000
10321,bg_shop_00,,606123003,9999,2,2,606165617,-1,810,-1,1,170,10000
10322,bg_shop_00,,606123003,400,4,2,606165618,-1,810,-1,1,160,10000
10323,bg_shop_00,,606123003,9999,1,2,606165619,-1,810,-1,1,170,10000
