id,activity_id,condition,conditions,group,mission_key,mission_reward,mission_reward_int,mission_reward2,mission_reward3,order,point_limit,point_limit2,vip
1,322,,[],-1,activity_point_dec_1,9040001,9040001,-1,-1,-1,100,-1,-1
2,322,,[],-1,activity_point_dec_1,9040002,9040002,-1,-1,-1,200,-1,-1
3,322,,[],-1,activity_point_dec_1,9040003,9040003,-1,-1,-1,400,-1,-1
4,322,,[],-1,activity_point_dec_1,9040004,9040004,-1,-1,-1,600,-1,-1
5,322,,[],-1,activity_point_dec_1,9040005,9040005,-1,-1,-1,800,-1,-1
6,322,,[],-1,activity_point_dec_1,9040006,9040006,-1,-1,-1,1000,-1,-1
7,322,,[],-1,activity_point_dec_1,9040007,9040007,-1,-1,-1,1200,-1,-1
8,322,,[],-1,activity_point_dec_1,9040008,9040008,-1,-1,-1,1400,-1,-1
9,322,,[],-1,activity_point_dec_1,9040009,9040009,-1,-1,-1,1600,-1,-1
10,322,,[],-1,activity_point_dec_1,9040010,9040010,-1,-1,-1,1800,-1,-1
11,322,,[],-1,activity_point_dec_1,9040011,9040011,-1,-1,-1,2000,-1,-1
12,322,,[],-1,activity_point_dec_1,9040012,9040012,-1,-1,-1,2200,-1,-1
13,322,,[],-1,activity_point_dec_1,9040013,9040013,-1,-1,-1,2400,-1,-1
14,322,,[],-1,activity_point_dec_1,9040014,9040014,-1,-1,-1,2600,-1,-1
15,322,,[],-1,activity_point_dec_1,9040015,9040015,-1,-1,-1,2800,-1,-1
16,322,,[],-1,activity_point_dec_1,9040016,9040016,-1,-1,-1,3000,-1,-1
17,322,,[],-1,activity_point_dec_1,9040017,9040017,-1,-1,-1,3200,-1,-1
18,322,,[],-1,activity_point_dec_1,9040018,9040018,-1,-1,-1,3400,-1,-1
19,322,,[],-1,activity_point_dec_1,9040019,9040019,-1,-1,-1,3600,-1,-1
20,322,,[],-1,activity_point_dec_1,9040020,9040020,-1,-1,-1,3800,-1,-1
21,322,,[],-1,activity_point_dec_1,9040021,9040021,-1,-1,-1,4000,-1,-1
22,322,,[],-1,activity_point_dec_1,9040022,9040022,-1,-1,-1,4200,-1,-1
23,322,,[],-1,activity_point_dec_1,9040023,9040023,-1,-1,-1,4400,-1,-1
24,322,,[],-1,activity_point_dec_1,9040024,9040024,-1,-1,-1,4600,-1,-1
25,322,,[],-1,activity_point_dec_1,9040025,9040025,-1,-1,-1,4800,-1,-1
26,322,,[],-1,activity_point_dec_1,9040026,9040026,-1,-1,-1,5000,-1,-1
27,322,,[],-1,activity_point_dec_1,9040027,9040027,-1,-1,-1,5500,-1,-1
28,322,,[],-1,activity_point_dec_1,9040028,9040028,-1,-1,-1,6000,-1,-1
29,322,,[],-1,activity_point_dec_1,9040029,9040029,-1,-1,-1,6500,-1,-1
30,322,,[],-1,activity_point_dec_1,9040030,9040030,-1,-1,-1,7000,-1,-1
31,-1,,[],1,,9062034,9062034,-1,-1,1,200,-1,-1
32,-1,,[],1,,9062035,9062035,-1,-1,2,400,-1,-1
33,-1,,[],1,,9062036,9062036,-1,-1,3,600,-1,-1
34,-1,,[],1,,9062037,9062037,-1,-1,4,800,-1,-1
35,-1,,[],1,,9062038,9062038,-1,-1,5,1000,-1,-1
36,-1,,[],1,,9062039,9062039,-1,-1,6,1500,-1,-1
37,-1,,[],1,,9062040,9062040,-1,-1,7,2000,-1,-1
38,-1,,[],2,,9081001,9081001,-1,-1,1,300,-1,-1
39,-1,,[],2,,9081002,9081002,-1,-1,2,1280,-1,-1
40,-1,,[],2,,9081003,9081003,-1,-1,3,3280,-1,-1
41,-1,,[],2,,9081004,9081004,-1,-1,4,6480,-1,-1
42,-1,,[],2,,9081005,9081005,-1,-1,5,15000,-1,-1
43,-1,,[],2,,9081006,9081006,-1,-1,6,30000,-1,-1
44,-1,,[],3,,9062034,9062034,-1,-1,1,5,-1,-1
45,-1,,[],3,,9062035,9062035,-1,-1,2,10,-1,-1
46,-1,,[],3,,9062036,9062036,-1,-1,3,15,-1,-1
47,-1,,[],3,,9062037,9062037,-1,-1,4,20,-1,-1
50,-1,,[],230,card_raid_mission_101,79001,79001,-1,-1,1,10,-1,-1
51,-1,,[],230,card_raid_mission_102,79002,79002,-1,-1,2,20,-1,-1
52,-1,,[],230,card_raid_mission_103,79003,79003,-1,-1,3,30,-1,-1
53,-1,,[],230,card_raid_mission_104,79004,79004,-1,-1,4,40,-1,-1
54,-1,,[],4,,9260101,9260101,-1,-1,1,40,-1,-1
55,-1,,[],4,,9260102,9260102,-1,-1,2,60,-1,-1
56,-1,,[],4,,9260103,9260103,-1,-1,3,100,-1,-1
57,-1,,[],4,,9260104,9260104,-1,-1,4,200,-1,-1
58,-1,,[],4,,9260105,9260105,-1,-1,5,300,-1,-1
59,-1,,[],4,,9260106,9260106,-1,-1,6,400,-1,-1
60,-1,,[],5,,9261101,9261101,-1,-1,1,40,-1,-1
61,-1,,[],5,,9261102,9261102,-1,-1,2,60,-1,-1
62,-1,,[],5,,9261103,9261103,-1,-1,3,100,-1,-1
63,-1,,[],5,,9261104,9261104,-1,-1,4,200,-1,-1
64,-1,,[],5,,9261105,9261105,-1,-1,5,300,-1,-1
65,-1,,[],5,,9261106,9261106,-1,-1,6,400,-1,-1
66,-1,,[],6,,10190301,10190301,-1,-1,1,10000,500,-1
67,-1,,[],6,,10190302,10190302,-1,-1,2,20000,800,-1
68,-1,,[],6,,10190303,10190303,-1,-1,3,30000,1100,-1
69,-1,,[],6,,10190304,10190304,-1,-1,4,40000,1400,-1
70,-1,,[],6,,10190305,10190305,-1,-1,5,50000,1700,-1
71,-1,,[],6,,10190306,10190306,-1,-1,6,60000,1900,-1
72,-1,,[],6,,10190307,10190307,-1,-1,7,70000,2150,-1
73,-1,,[],6,,10190308,10190308,-1,-1,8,80000,2520,-1
74,-1,,[],6,,10190309,10190309,-1,-1,9,90000,2900,-1
75,-1,,[],6,,10190310,10190310,-1,-1,10,100000,3300,-1
85,-1,,[],7,,10111001,10111001,-1,-1,1,300,-1,-1
86,-1,,[],7,,10111002,10111002,-1,-1,2,1280,-1,-1
87,-1,,[],7,,10111003,10111003,-1,-1,3,3280,-1,-1
88,-1,,[],7,,10111004,10111004,-1,-1,4,6480,-1,-1
89,-1,,[],7,,10111005,10111005,-1,-1,5,15000,-1,-1
90,-1,,[],7,,10111006,10111006,-1,-1,6,30000,-1,-1
91,-1,,[],8,,31001,31001,-1,-1,1,1,-1,-1
93,-1,,[],8,,31003,31003,-1,-1,2,3,-1,-1
95,-1,,[],8,,31005,31005,-1,-1,3,5,-1,-1
96,-1,,[],9,,10114101,10114101,-1,-1,1,40,-1,-1
97,-1,,[],9,,10114102,10114102,-1,-1,2,60,-1,-1
98,-1,,[],9,,10114103,10114103,-1,-1,3,100,-1,-1
99,-1,,[],9,,10114104,10114104,-1,-1,4,200,-1,-1
100,-1,,[],9,,10114105,10114105,-1,-1,5,300,-1,-1
101,-1,,[],9,,10114106,10114106,-1,-1,6,400,-1,-1
102,-1,,[],10,,73504,73504,9062040,-1,1,200,-1,-1
103,-1,,[],10,,73505,73505,9081001,-1,2,400,-1,-1
104,-1,,[],10,,73506,73506,9081002,-1,3,600,-1,-1
105,-1,,[],10,,73507,73507,9081003,-1,4,800,-1,-1
106,-1,,[],10,,73508,73508,9081004,-1,5,1000,-1,-1
107,-1,,[],10,,73509,73509,9081005,-1,6,1200,-1,-1
108,-1,,[],10,,73510,73510,9081006,-1,7,1400,-1,-1
109,-1,,[],10,,73511,73511,9062040,-1,8,1600,-1,-1
110,-1,,[],10,,73512,73512,9081001,-1,9,1800,-1,-1
111,-1,,[],10,,73513,73513,9081002,-1,10,2000,-1,-1
112,-1,,[],10,,73514,73514,9081003,-1,11,2200,-1,-1
113,-1,,[],10,,73515,73515,9081004,-1,12,2400,-1,-1
114,-1,,[],11,,10190101,10190101,-1,-1,1,40,-1,-1
115,-1,,[],11,,10190102,10190102,-1,-1,2,60,-1,-1
116,-1,,[],11,,10190103,10190103,-1,-1,3,100,-1,-1
117,-1,,[],11,,10190104,10190104,-1,-1,4,200,-1,-1
118,-1,,[],11,,10190105,10190105,-1,-1,5,300,-1,-1
119,-1,,[],11,,10190106,10190106,-1,-1,6,400,-1,-1
120,-1,,[],12,,10260301,10260301,-1,-1,1,15000,500,-1
121,-1,,[],12,,10260302,10260302,-1,-1,2,25000,800,-1
122,-1,,[],12,,10260303,10260303,-1,-1,3,35000,1100,-1
123,-1,,[],12,,10260304,10260304,-1,-1,4,50000,1400,-1
124,-1,,[],12,,10260305,10260305,-1,-1,5,75000,1700,-1
125,-1,,[],12,,10260306,10260306,-1,-1,6,100000,1900,-1
126,-1,,[],12,,10260307,10260307,-1,-1,7,125000,2150,-1
127,-1,,[],12,,10260308,10260308,-1,-1,8,150000,2520,-1
128,-1,,[],12,,10260309,10260309,-1,-1,9,170000,2900,-1
129,-1,,[],12,,10260310,10260310,-1,-1,10,200000,3300,-1
130,-1,,[],13,,10260201,10260201,-1,-1,1,40,-1,-1
131,-1,,[],13,,10260202,10260202,-1,-1,2,60,-1,-1
132,-1,,[],13,,10260203,10260203,-1,-1,3,100,-1,-1
133,-1,,[],13,,10260204,10260204,-1,-1,4,200,-1,-1
134,-1,,[],13,,10260205,10260205,-1,-1,5,300,-1,-1
135,-1,,[],13,,10260206,10260206,-1,-1,6,400,-1,-1
136,-1,,[],14,,10261101,10261101,10261201,-1,1,60,-1,-1
137,-1,,[],14,,10261102,10261102,10261202,-1,2,120,-1,-1
138,-1,,[],14,,10261103,10261103,10261203,-1,3,180,-1,-1
139,-1,,[],14,,10261104,10261104,10261204,-1,4,240,-1,-1
140,-1,,[],14,,10261105,10261105,10261205,-1,5,300,-1,-1
141,-1,,[],14,,10261106,10261106,10261206,-1,6,360,-1,-1
142,-1,,[],14,,10261107,10261107,10261207,-1,7,420,-1,-1
143,-1,,[],14,,10261108,10261108,10261208,-1,8,480,-1,-1
144,-1,,[],14,,10261109,10261109,10261209,-1,9,540,-1,-1
145,-1,,[],14,,10261110,10261110,10261210,-1,10,600,-1,-1
146,-1,,[],14,,10261111,10261111,10261211,-1,11,660,-1,-1
147,-1,,[],14,,10261112,10261112,10261212,-1,12,720,-1,-1
148,-1,,[],14,,10261113,10261113,10261213,-1,13,780,-1,-1
149,-1,,[],14,,10261114,10261114,10261214,-1,14,840,-1,-1
150,-1,,[],14,,10261115,10261115,10261215,-1,15,900,-1,-1
151,-1,,[],14,,10261116,10261116,10261216,-1,16,960,-1,-1
152,-1,,[],14,,10261117,10261117,10261217,-1,17,1020,-1,-1
153,-1,,[],14,,10261118,10261118,10261218,-1,18,1080,-1,-1
154,-1,,[],14,,10261119,10261119,10261219,-1,19,1140,-1,-1
155,-1,,[],14,,10261120,10261120,10261220,-1,20,1200,-1,-1
156,-1,,[],15,,10270001,10270001,-1,-1,1,300,-1,-1
157,-1,,[],15,,10270002,10270002,-1,-1,2,1280,-1,-1
158,-1,,[],15,,10270003,10270003,-1,-1,3,3280,-1,-1
159,-1,,[],15,,10270004,10270004,-1,-1,4,6480,-1,-1
160,-1,,[],15,,10270005,10270005,-1,-1,5,15000,-1,-1
161,-1,,[],15,,10270006,10270006,-1,-1,6,30000,-1,-1
162,-1,,[],16,,10271101,10271101,10271201,-1,1,60,-1,-1
163,-1,,[],16,,10271102,10271102,10271202,-1,2,120,-1,-1
164,-1,,[],16,,10271103,10271103,10271203,-1,3,180,-1,-1
165,-1,,[],16,,10271104,10271104,10271204,-1,4,240,-1,-1
166,-1,,[],16,,10271105,10271105,10271205,-1,5,300,-1,-1
167,-1,,[],16,,10271106,10271106,10271206,-1,6,360,-1,-1
168,-1,,[],16,,10271107,10271107,10271207,-1,7,420,-1,-1
169,-1,,[],16,,10271108,10271108,10271208,-1,8,480,-1,-1
170,-1,,[],16,,10271109,10271109,10271209,-1,9,540,-1,-1
171,-1,,[],16,,10271110,10271110,10271210,-1,10,600,-1,-1
172,-1,,[],16,,10271111,10271111,10271211,-1,11,660,-1,-1
173,-1,,[],16,,10271112,10271112,10271212,-1,12,720,-1,-1
174,-1,,[],16,,10271113,10271113,10271213,-1,13,780,-1,-1
175,-1,,[],16,,10271114,10271114,10271214,-1,14,840,-1,-1
176,-1,,[],16,,10271115,10271115,10271215,-1,15,900,-1,-1
177,-1,,[],16,,10271116,10271116,10271216,-1,16,960,-1,-1
178,-1,,[],16,,10271117,10271117,10271217,-1,17,1020,-1,-1
179,-1,,[],16,,10271118,10271118,10271218,-1,18,1080,-1,-1
180,-1,,[],16,,10271119,10271119,10271219,-1,19,1140,-1,-1
181,-1,,[],16,,10271120,10271120,10271220,-1,20,1200,-1,-1
182,-1,,[],17,,10312001,10312001,-1,-1,1,10000,500,-1
183,-1,,[],17,,10312002,10312002,-1,-1,2,20000,800,-1
184,-1,,[],17,,10312003,10312003,-1,-1,3,30000,1100,-1
185,-1,,[],17,,10312004,10312004,-1,-1,4,40000,1400,-1
186,-1,,[],17,,10312005,10312005,-1,-1,5,50000,1700,-1
187,-1,,[],17,,10312006,10312006,-1,-1,6,60000,1900,-1
188,-1,,[],17,,10312007,10312007,-1,-1,7,70000,2150,-1
189,-1,,[],17,,10312008,10312008,-1,-1,8,80000,2520,-1
190,-1,,[],17,,10312009,10312009,-1,-1,9,90000,2900,-1
191,-1,,[],17,,10312010,10312010,-1,-1,10,100000,3300,-1
192,-1,,[],18,,10313001,10313001,-1,-1,1,50,-1,-1
193,-1,,[],18,,10313002,10313002,-1,-1,2,100,-1,-1
194,-1,,[],18,,10313003,10313003,-1,-1,3,150,-1,-1
195,-1,,[],18,,10313004,10313004,-1,-1,4,200,-1,-1
196,-1,,[],18,,10313005,10313005,-1,-1,5,300,-1,-1
197,-1,,[],18,,10313006,10313006,-1,-1,6,400,-1,-1
198,-1,,[],19,,11011101,11011101,11011201,-1,1,60,-1,-1
199,-1,,[],19,,11011102,11011102,11011202,-1,2,120,-1,-1
200,-1,,[],19,,11011103,11011103,11011203,-1,3,180,-1,-1
201,-1,,[],19,,11011104,11011104,11011204,-1,4,240,-1,-1
202,-1,,[],19,,11011105,11011105,11011205,-1,5,300,-1,-1
203,-1,,[],19,,11011106,11011106,11011206,-1,6,360,-1,-1
204,-1,,[],19,,11011107,11011107,11011207,-1,7,420,-1,-1
205,-1,,[],19,,11011108,11011108,11011208,-1,8,480,-1,-1
206,-1,,[],19,,11011109,11011109,11011209,-1,9,540,-1,-1
207,-1,,[],19,,11011110,11011110,11011210,-1,10,600,-1,-1
208,-1,,[],19,,11011111,11011111,11011211,-1,11,660,-1,-1
209,-1,,[],19,,11011112,11011112,11011212,-1,12,720,-1,-1
210,-1,,[],19,,11011113,11011113,11011213,-1,13,780,-1,-1
211,-1,,[],19,,11011114,11011114,11011214,-1,14,840,-1,-1
212,-1,,[],19,,11011115,11011115,11011215,-1,15,900,-1,-1
213,-1,,[],19,,11011116,11011116,11011216,-1,16,960,-1,-1
214,-1,,[],19,,11011117,11011117,11011217,-1,17,1020,-1,-1
215,-1,,[],19,,11011118,11011118,11011218,-1,18,1080,-1,-1
216,-1,,[],19,,11011119,11011119,11011219,-1,19,1140,-1,-1
217,-1,,[],19,,11011120,11011120,11011220,-1,20,1200,-1,-1
218,-1,,[],20,,11012101,11012101,-1,-1,1,20,-1,-1
219,-1,,[],20,,11012102,11012102,-1,-1,2,40,-1,-1
220,-1,,[],20,,11012103,11012103,-1,-1,3,60,-1,-1
221,-1,,[],20,,11012104,11012104,-1,-1,4,100,-1,-1
222,-1,,[],20,,11012105,11012105,-1,-1,5,150,-1,-1
223,-1,,[],20,,11012106,11012106,-1,-1,6,200,-1,-1
224,-1,,[],21,,11012301,11012301,-1,-1,1,10000,500,-1
225,-1,,[],21,,11012302,11012302,-1,-1,2,20000,800,-1
226,-1,,[],21,,11012303,11012303,-1,-1,3,30000,1100,-1
227,-1,,[],21,,11012304,11012304,-1,-1,4,40000,1400,-1
228,-1,,[],21,,11012305,11012305,-1,-1,5,50000,1700,-1
229,-1,,[],21,,11012306,11012306,-1,-1,6,60000,1900,-1
230,-1,,[],21,,11012307,11012307,-1,-1,7,70000,2150,-1
231,-1,,[],21,,11012308,11012308,-1,-1,8,80000,2520,-1
232,-1,,[],21,,11012309,11012309,-1,-1,9,90000,2900,-1
233,-1,,[],21,,11012310,11012310,-1,-1,10,100000,3300,-1
234,-1,,[],22,,11013101,11013101,11013201,-1,1,60,-1,-1
235,-1,,[],22,,11013102,11013102,11013202,-1,2,120,-1,-1
236,-1,,[],22,,11013103,11013103,11013203,-1,3,180,-1,-1
237,-1,,[],22,,11013104,11013104,11013204,-1,4,240,-1,-1
238,-1,,[],22,,11013105,11013105,11013205,-1,5,300,-1,-1
239,-1,,[],22,,11013106,11013106,11013206,-1,6,360,-1,-1
240,-1,,[],22,,11013107,11013107,11013207,-1,7,420,-1,-1
241,-1,,[],22,,11013108,11013108,11013208,-1,8,480,-1,-1
242,-1,,[],22,,11013109,11013109,11013209,-1,9,540,-1,-1
243,-1,,[],22,,11013110,11013110,11013210,-1,10,600,-1,-1
244,-1,,[],22,,11013111,11013111,11013211,-1,11,660,-1,-1
245,-1,,[],22,,11013112,11013112,11013212,-1,12,720,-1,-1
246,-1,,[],22,,11013113,11013113,11013213,-1,13,780,-1,-1
247,-1,,[],22,,11013114,11013114,11013214,-1,14,840,-1,-1
248,-1,,[],22,,11013115,11013115,11013215,-1,15,900,-1,-1
249,-1,,[],22,,11013116,11013116,11013216,-1,16,960,-1,-1
250,-1,,[],22,,11013117,11013117,11013217,-1,17,1020,-1,-1
251,-1,,[],22,,11013118,11013118,11013218,-1,18,1080,-1,-1
252,-1,,[],22,,11013119,11013119,11013219,-1,19,1140,-1,-1
253,-1,,[],22,,11013120,11013120,11013220,-1,20,1200,-1,-1
254,-1,,[],23,,11015101,11015101,11015201,-1,1,60,-1,-1
255,-1,,[],23,,11015102,11015102,11015202,-1,2,120,-1,-1
256,-1,,[],23,,11015103,11015103,11015203,-1,3,180,-1,-1
257,-1,,[],23,,11015104,11015104,11015204,-1,4,240,-1,-1
258,-1,,[],23,,11015105,11015105,11015205,-1,5,300,-1,-1
259,-1,,[],23,,11015106,11015106,11015206,-1,6,360,-1,-1
260,-1,,[],23,,11015107,11015107,11015207,-1,7,420,-1,-1
261,-1,,[],23,,11015108,11015108,11015208,-1,8,480,-1,-1
262,-1,,[],23,,11015109,11015109,11015209,-1,9,540,-1,-1
263,-1,,[],23,,11015110,11015110,11015210,-1,10,600,-1,-1
264,-1,,[],23,,11015111,11015111,11015211,-1,11,660,-1,-1
265,-1,,[],23,,11015112,11015112,11015212,-1,12,720,-1,-1
266,-1,,[],23,,11015113,11015113,11015213,-1,13,780,-1,-1
267,-1,,[],23,,11015114,11015114,11015214,-1,14,840,-1,-1
268,-1,,[],23,,11015115,11015115,11015215,-1,15,900,-1,-1
269,-1,,[],23,,11015116,11015116,11015216,-1,16,960,-1,-1
270,-1,,[],23,,11015117,11015117,11015217,-1,17,1020,-1,-1
271,-1,,[],23,,11015118,11015118,11015218,-1,18,1080,-1,-1
272,-1,,[],23,,11015119,11015119,11015219,-1,19,1140,-1,-1
273,-1,,[],23,,11015120,11015120,11015220,-1,20,1200,-1,-1
274,-1,,[],24,,11061501,11061501,11061601,-1,1,200,-1,-1
275,-1,,[],24,,11061502,11061502,11061602,-1,2,400,-1,-1
276,-1,,[],24,,11061503,11061503,11061603,-1,3,600,-1,-1
277,-1,,[],24,,11061504,11061504,11061604,-1,4,800,-1,-1
278,-1,,[],24,,11061505,11061505,11061605,-1,5,1000,-1,-1
279,-1,,[],24,,11061506,11061506,11061606,-1,6,1200,-1,-1
280,-1,,[],24,,11061507,11061507,11061607,-1,7,1400,-1,-1
281,-1,,[],24,,11061508,11061508,11061608,-1,8,1600,-1,-1
282,-1,,[],24,,11061509,11061509,11061609,-1,9,1800,-1,-1
283,-1,,[],24,,11061510,11061510,11061610,-1,10,2000,-1,-1
284,-1,,[],24,,11061511,11061511,11061611,-1,11,2200,-1,-1
285,-1,,[],24,,11061512,11061512,11061612,-1,12,2400,-1,-1
286,-1,,[],24,,11061513,11061513,11061613,-1,13,2600,-1,-1
287,-1,,[],24,,11061514,11061514,11061614,-1,14,2800,-1,-1
288,-1,,[],24,,11061515,11061515,11061615,-1,15,3000,-1,-1
289,-1,,[],24,,11061516,11061516,11061616,-1,16,3200,-1,-1
290,-1,,[],24,,11061517,11061517,11061617,-1,17,3400,-1,-1
291,-1,,[],24,,11061518,11061518,11061618,-1,18,3600,-1,-1
292,-1,,[],24,,11061519,11061519,11061619,-1,19,3800,-1,-1
293,-1,,[],24,,11061520,11061520,11061620,-1,20,4000,-1,-1
294,-1,,[],25,,11072101,11072101,11072201,-1,1,150,-1,-1
295,-1,,[],25,,11072102,11072102,11072202,-1,2,300,-1,-1
296,-1,,[],25,,11072103,11072103,11072203,-1,3,450,-1,-1
297,-1,,[],25,,11072104,11072104,11072204,-1,4,600,-1,-1
298,-1,,[],25,,11072105,11072105,11072205,-1,5,750,-1,-1
299,-1,,[],25,,11072106,11072106,11072206,-1,6,900,-1,-1
300,-1,,[],25,,11072107,11072107,11072207,-1,7,1050,-1,-1
301,-1,,[],25,,11072108,11072108,11072208,-1,8,1200,-1,-1
302,-1,,[],25,,11072109,11072109,11072209,-1,9,1350,-1,-1
303,-1,,[],25,,11072110,11072110,11072210,-1,10,1500,-1,-1
304,-1,,[],25,,11072111,11072111,11072211,-1,11,1650,-1,-1
305,-1,,[],25,,11072112,11072112,11072212,-1,12,1800,-1,-1
306,-1,,[],25,,11072113,11072113,11072213,-1,13,1950,-1,-1
307,-1,,[],25,,11072114,11072114,11072214,-1,14,2100,-1,-1
308,-1,,[],25,,11072115,11072115,11072215,-1,15,2250,-1,-1
309,-1,,[],25,,11072116,11072116,11072216,-1,16,2400,-1,-1
310,-1,,[],25,,11072117,11072117,11072217,-1,17,2550,-1,-1
311,-1,,[],25,,11072118,11072118,11072218,-1,18,2700,-1,-1
312,-1,,[],25,,11072119,11072119,11072219,-1,19,2850,-1,-1
313,-1,,[],25,,11072120,11072120,11072220,-1,20,3000,-1,-1
314,-1,,[],26,,11080401,11080401,11080501,-1,1,90,-1,-1
315,-1,,[],26,,11080402,11080402,11080502,-1,2,180,-1,-1
316,-1,,[],26,,11080403,11080403,11080503,-1,3,270,-1,-1
317,-1,,[],26,,11080404,11080404,11080504,-1,4,360,-1,-1
318,-1,,[],26,,11080405,11080405,11080505,-1,5,450,-1,-1
319,-1,,[],26,,11080406,11080406,11080506,-1,6,540,-1,-1
320,-1,,[],26,,11080407,11080407,11080507,-1,7,630,-1,-1
321,-1,,[],26,,11080408,11080408,11080508,-1,8,720,-1,-1
322,-1,,[],26,,11080409,11080409,11080509,-1,9,810,-1,-1
323,-1,,[],26,,11080410,11080410,11080510,-1,10,900,-1,-1
324,-1,,[],26,,11080411,11080411,11080511,-1,11,990,-1,-1
325,-1,,[],26,,11080412,11080412,11080512,-1,12,1080,-1,-1
326,-1,,[],26,,11080413,11080413,11080513,-1,13,1170,-1,-1
327,-1,,[],26,,11080414,11080414,11080514,-1,14,1260,-1,-1
328,-1,,[],26,,11080415,11080415,11080515,-1,15,1350,-1,-1
329,-1,,[],26,,11080416,11080416,11080516,-1,16,1440,-1,-1
330,-1,,[],26,,11080417,11080417,11080517,-1,17,1530,-1,-1
331,-1,,[],26,,11080418,11080418,11080518,-1,18,1620,-1,-1
332,-1,,[],26,,11080419,11080419,11080519,-1,19,1710,-1,-1
333,-1,,[],26,,11080420,11080420,11080520,-1,20,1800,-1,-1
334,-1,,[],27,,11161101,11161101,-1,-1,1,300,-1,-1
335,-1,,[],27,,11161102,11161102,-1,-1,2,1280,-1,-1
336,-1,,[],27,,11161103,11161103,-1,-1,3,3280,-1,-1
337,-1,,[],27,,11161104,11161104,-1,-1,4,6480,-1,-1
338,-1,,[],27,,11161105,11161105,-1,-1,5,15000,-1,-1
339,-1,,[],27,,11161106,11161106,-1,-1,6,30000,-1,-1
340,-1,,[],28,,11170401,11170401,-1,-1,1,50,-1,-1
341,-1,,[],28,,11170402,11170402,-1,-1,2,100,-1,-1
342,-1,,[],28,,11170403,11170403,-1,-1,3,150,-1,-1
343,-1,,[],28,,11170404,11170404,-1,-1,4,250,-1,-1
344,-1,,[],28,,11170405,11170405,-1,-1,5,400,-1,-1
345,-1,,[],29,,11170301,11170301,-1,-1,1,10000,500,-1
346,-1,,[],29,,11170302,11170302,-1,-1,2,20000,800,-1
347,-1,,[],29,,11170303,11170303,-1,-1,3,30000,1100,-1
348,-1,,[],29,,11170304,11170304,-1,-1,4,40000,1400,-1
349,-1,,[],29,,11170305,11170305,-1,-1,5,50000,1700,-1
350,-1,,[],29,,11170306,11170306,-1,-1,6,60000,1900,-1
351,-1,,[],29,,11170307,11170307,-1,-1,7,70000,2150,-1
352,-1,,[],29,,11170308,11170308,-1,-1,8,80000,2520,-1
353,-1,,[],29,,11170309,11170309,-1,-1,9,90000,2900,-1
354,-1,,[],29,,11170310,11170310,-1,-1,10,100000,3300,-1
355,-1,,[],30,,11172101,11172101,-1,-1,1,300,-1,-1
356,-1,,[],30,,11172102,11172102,-1,-1,2,1280,-1,-1
357,-1,,[],30,,11172103,11172103,-1,-1,3,3280,-1,-1
358,-1,,[],30,,11172104,11172104,-1,-1,4,6480,-1,-1
359,-1,,[],30,,11172105,11172105,-1,-1,5,15000,-1,-1
360,-1,,[],30,,11172106,11172106,-1,-1,6,30000,-1,-1
361,-1,,[],31,,11211201,11211201,11211301,-1,1,200,-1,-1
362,-1,,[],31,,11211202,11211202,11211302,-1,2,400,-1,-1
363,-1,,[],31,,11211203,11211203,11211303,-1,3,600,-1,-1
364,-1,,[],31,,11211204,11211204,11211304,-1,4,800,-1,-1
365,-1,,[],31,,11211205,11211205,11211305,-1,5,1000,-1,-1
366,-1,,[],31,,11211206,11211206,11211306,-1,6,1200,-1,-1
367,-1,,[],31,,11211207,11211207,11211307,-1,7,1400,-1,-1
368,-1,,[],31,,11211208,11211208,11211308,-1,8,1600,-1,-1
369,-1,,[],31,,11211209,11211209,11211309,-1,9,1800,-1,-1
370,-1,,[],31,,11211210,11211210,11211310,-1,10,2000,-1,-1
371,-1,,[],31,,11211211,11211211,11211311,-1,11,2200,-1,-1
372,-1,,[],31,,11211212,11211212,11211312,-1,12,2400,-1,-1
373,-1,,[],31,,11211213,11211213,11211313,-1,13,2600,-1,-1
374,-1,,[],31,,11211214,11211214,11211314,-1,14,2800,-1,-1
375,-1,,[],31,,11211215,11211215,11211315,-1,15,3000,-1,-1
376,-1,,[],31,,11211216,11211216,11211316,-1,16,3200,-1,-1
377,-1,,[],31,,11211217,11211217,11211317,-1,17,3400,-1,-1
378,-1,,[],31,,11211218,11211218,11211318,-1,18,3600,-1,-1
379,-1,,[],31,,11211219,11211219,11211319,-1,19,3800,-1,-1
380,-1,,[],31,,11211220,11211220,11211320,-1,20,4000,-1,-1
381,-1,,[],32,,11223001,11223001,11223101,-1,1,200,-1,-1
382,-1,,[],32,,11223002,11223002,11223102,-1,2,400,-1,-1
383,-1,,[],32,,11223003,11223003,11223103,-1,3,600,-1,-1
384,-1,,[],32,,11223004,11223004,11223104,-1,4,800,-1,-1
385,-1,,[],32,,11223005,11223005,11223105,-1,5,1000,-1,-1
386,-1,,[],32,,11223006,11223006,11223106,-1,6,1200,-1,-1
387,-1,,[],32,,11223007,11223007,11223107,-1,7,1400,-1,-1
388,-1,,[],32,,11223008,11223008,11223108,-1,8,1600,-1,-1
389,-1,,[],32,,11223009,11223009,11223109,-1,9,1800,-1,-1
390,-1,,[],32,,11223010,11223010,11223110,-1,10,2000,-1,-1
391,-1,,[],32,,11223011,11223011,11223111,-1,11,2200,-1,-1
392,-1,,[],32,,11223012,11223012,11223112,-1,12,2400,-1,-1
393,-1,,[],32,,11223013,11223013,11223113,-1,13,2600,-1,-1
394,-1,,[],32,,11223014,11223014,11223114,-1,14,2800,-1,-1
395,-1,,[],32,,11223015,11223015,11223115,-1,15,3000,-1,-1
396,-1,,[],32,,11223016,11223016,11223116,-1,16,3200,-1,-1
397,-1,,[],32,,11223017,11223017,11223117,-1,17,3400,-1,-1
398,-1,,[],32,,11223018,11223018,11223118,-1,18,3600,-1,-1
399,-1,,[],32,,11223019,11223019,11223119,-1,19,3800,-1,-1
400,-1,,[],32,,11223020,11223020,11223120,-1,20,4000,-1,-1
401,-1,,[],32,,11223021,11223021,11223121,-1,21,4200,-1,-1
402,-1,,[],32,,11223022,11223022,11223122,-1,22,4400,-1,-1
403,-1,,[],32,,11223023,11223023,11223123,-1,23,4600,-1,-1
404,-1,,[],32,,11223024,11223024,11223124,-1,24,4800,-1,-1
405,-1,,[],32,,11223025,11223025,11223125,-1,25,5000,-1,-1
406,-1,,[],33,,11230001,11230001,-1,-1,1,300,-1,-1
407,-1,,[],33,,11230002,11230002,-1,-1,2,1280,-1,-1
408,-1,,[],33,,11230003,11230003,-1,-1,3,3280,-1,-1
409,-1,,[],33,,11230004,11230004,-1,-1,4,6480,-1,-1
410,-1,,[],33,,11230005,11230005,-1,-1,5,15000,-1,-1
411,-1,,[],33,,11230006,11230006,-1,-1,6,30000,-1,-1
412,-1,,[],34,,11230101,11230101,11230201,-1,1,200,-1,-1
413,-1,,[],34,,11230102,11230102,11230202,-1,2,400,-1,-1
414,-1,,[],34,,11230103,11230103,11230203,-1,3,600,-1,-1
415,-1,,[],34,,11230104,11230104,11230204,-1,4,800,-1,-1
416,-1,,[],34,,11230105,11230105,11230205,-1,5,1000,-1,-1
417,-1,,[],34,,11230106,11230106,11230206,-1,6,1200,-1,-1
418,-1,,[],34,,11230107,11230107,11230207,-1,7,1400,-1,-1
419,-1,,[],34,,11230108,11230108,11230208,-1,8,1600,-1,-1
420,-1,,[],34,,11230109,11230109,11230209,-1,9,1800,-1,-1
421,-1,,[],34,,11230110,11230110,11230210,-1,10,2000,-1,-1
422,-1,,[],34,,11230111,11230111,11230211,-1,11,2200,-1,-1
423,-1,,[],34,,11230112,11230112,11230212,-1,12,2400,-1,-1
424,-1,,[],34,,11230113,11230113,11230213,-1,13,2600,-1,-1
425,-1,,[],34,,11230114,11230114,11230214,-1,14,2800,-1,-1
426,-1,,[],34,,11230115,11230115,11230215,-1,15,3000,-1,-1
427,-1,,[],34,,11230116,11230116,11230216,-1,16,3200,-1,-1
428,-1,,[],34,,11230117,11230117,11230217,-1,17,3400,-1,-1
429,-1,,[],34,,11230118,11230118,11230218,-1,18,3600,-1,-1
430,-1,,[],34,,11230119,11230119,11230219,-1,19,3800,-1,-1
431,-1,,[],34,,11230120,11230120,11230220,-1,20,4000,-1,-1
432,-1,,[],34,,11230121,11230121,11230221,-1,21,4200,-1,-1
433,-1,,[],34,,11230122,11230122,11230222,-1,22,4400,-1,-1
434,-1,,[],34,,11230123,11230123,11230223,-1,23,4600,-1,-1
435,-1,,[],34,,11230124,11230124,11230224,-1,24,4800,-1,-1
436,-1,,[],34,,11230125,11230125,11230225,-1,25,5000,-1,-1
437,-1,,[],35,,11232101,11232101,11232201,-1,1,150,-1,-1
438,-1,,[],35,,11232102,11232102,11232202,-1,2,300,-1,-1
439,-1,,[],35,,11232103,11232103,11232203,-1,3,450,-1,-1
440,-1,,[],35,,11232104,11232104,11232204,-1,4,600,-1,-1
441,-1,,[],35,,11232105,11232105,11232205,-1,5,750,-1,-1
442,-1,,[],35,,11232106,11232106,11232206,-1,6,900,-1,-1
443,-1,,[],35,,11232107,11232107,11232207,-1,7,1050,-1,-1
444,-1,,[],35,,11232108,11232108,11232208,-1,8,1200,-1,-1
445,-1,,[],35,,11232109,11232109,11232209,-1,9,1350,-1,-1
446,-1,,[],35,,11232110,11232110,11232210,-1,10,1500,-1,-1
447,-1,,[],35,,11232111,11232111,11232211,-1,11,1650,-1,-1
448,-1,,[],35,,11232112,11232112,11232212,-1,12,1800,-1,-1
449,-1,,[],35,,11232113,11232113,11232213,-1,13,1950,-1,-1
450,-1,,[],35,,11232114,11232114,11232214,-1,14,2100,-1,-1
451,-1,,[],35,,11232115,11232115,11232215,-1,15,2250,-1,-1
452,-1,,[],35,,11232116,11232116,11232216,-1,16,2400,-1,-1
453,-1,,[],35,,11232117,11232117,11232217,-1,17,2550,-1,-1
454,-1,,[],35,,11232118,11232118,11232218,-1,18,2700,-1,-1
455,-1,,[],35,,11232119,11232119,11232219,-1,19,2850,-1,-1
456,-1,,[],35,,11232120,11232120,11232220,-1,20,3000,-1,-1
457,-1,,[],35,,11232121,11232121,11232221,-1,21,3150,-1,-1
458,-1,,[],35,,11232122,11232122,11232222,-1,22,3300,-1,-1
459,-1,,[],35,,11232123,11232123,11232223,-1,23,3450,-1,-1
460,-1,,[],35,,11232124,11232124,11232224,-1,24,3600,-1,-1
461,-1,,[],35,,11232125,11232125,11232225,-1,25,3750,-1,-1
462,-1,,[],36,,11236001,11236001,11237001,-1,1,200,-1,-1
463,-1,,[],36,,11236002,11236002,11237002,-1,2,400,-1,-1
464,-1,,[],36,,11236003,11236003,11237003,-1,3,600,-1,-1
465,-1,,[],36,,11236004,11236004,11237004,-1,4,800,-1,-1
466,-1,,[],36,,11236005,11236005,11237005,-1,5,1000,-1,-1
467,-1,,[],36,,11236006,11236006,11237006,-1,6,1200,-1,-1
468,-1,,[],36,,11236007,11236007,11237007,-1,7,1400,-1,-1
469,-1,,[],36,,11236008,11236008,11237008,-1,8,1600,-1,-1
470,-1,,[],36,,11236009,11236009,11237009,-1,9,1800,-1,-1
471,-1,,[],36,,11236010,11236010,11237010,-1,10,2000,-1,-1
472,-1,,[],36,,11236011,11236011,11237011,-1,11,2200,-1,-1
473,-1,,[],36,,11236012,11236012,11237012,-1,12,2400,-1,-1
474,-1,,[],36,,11236013,11236013,11237013,-1,13,2600,-1,-1
475,-1,,[],36,,11236014,11236014,11237014,-1,14,2800,-1,-1
476,-1,,[],36,,11236015,11236015,11237015,-1,15,3000,-1,-1
477,-1,,[],36,,11236016,11236016,11237016,-1,16,3200,-1,-1
478,-1,,[],36,,11236017,11236017,11237017,-1,17,3400,-1,-1
479,-1,,[],36,,11236018,11236018,11237018,-1,18,3600,-1,-1
480,-1,,[],36,,11236019,11236019,11237019,-1,19,3800,-1,-1
481,-1,,[],36,,11236020,11236020,11237020,-1,20,4000,-1,-1
482,-1,,[],36,,11236021,11236021,11237021,-1,21,4200,-1,-1
483,-1,,[],36,,11236022,11236022,11237022,-1,22,4400,-1,-1
484,-1,,[],36,,11236023,11236023,11237023,-1,23,4600,-1,-1
485,-1,,[],36,,11236024,11236024,11237024,-1,24,4800,-1,-1
486,-1,,[],36,,11236025,11236025,11237025,-1,25,5000,-1,-1
487,-1,,[],36,,11236026,11236026,11237026,-1,26,5200,-1,-1
488,-1,,[],36,,11236027,11236027,11237027,-1,27,5400,-1,-1
489,-1,,[],36,,11236028,11236028,11237028,-1,28,5600,-1,-1
490,-1,,[],36,,11236029,11236029,11237029,-1,29,5800,-1,-1
491,-1,,[],36,,11236030,11236030,11237030,-1,30,6000,-1,-1
492,-1,,[],36,,11236031,11236031,11237031,-1,31,6200,-1,-1
493,-1,,[],36,,11236032,11236032,11237032,-1,32,6400,-1,-1
494,-1,,[],36,,11236033,11236033,11237033,-1,33,6600,-1,-1
495,-1,,[],36,,11236034,11236034,11237034,-1,34,6800,-1,-1
496,-1,,[],36,,11236035,11236035,11237035,-1,35,7000,-1,-1
497,-1,,[],36,,11236036,11236036,11237036,-1,36,7200,-1,-1
498,-1,,[],36,,11236037,11236037,11237037,-1,37,7400,-1,-1
499,-1,,[],36,,11236038,11236038,11237038,-1,38,7600,-1,-1
500,-1,,[],36,,11236039,11236039,11237039,-1,39,7800,-1,-1
501,-1,,[],36,,11236040,11236040,11237040,-1,40,8000,-1,-1
502,-1,,[],37,,11232601,11232601,-1,-1,1,300,-1,-1
503,-1,,[],37,,11232602,11232602,-1,-1,2,1280,-1,-1
504,-1,,[],37,,11232603,11232603,-1,-1,3,3280,-1,-1
505,-1,,[],37,,11232604,11232604,-1,-1,4,6480,-1,-1
506,-1,,[],37,,11232605,11232605,-1,-1,5,15000,-1,-1
507,-1,,[],37,,11232606,11232606,-1,-1,6,30000,-1,-1
508,-1,,[],38,,11232701,11232701,11232801,-1,1,150,-1,-1
509,-1,,[],38,,11232702,11232702,11232802,-1,2,300,-1,-1
510,-1,,[],38,,11232703,11232703,11232803,-1,3,450,-1,-1
511,-1,,[],38,,11232704,11232704,11232804,-1,4,600,-1,-1
512,-1,,[],38,,11232705,11232705,11232805,-1,5,750,-1,-1
513,-1,,[],38,,11232706,11232706,11232806,-1,6,900,-1,-1
514,-1,,[],38,,11232707,11232707,11232807,-1,7,1050,-1,-1
515,-1,,[],38,,11232708,11232708,11232808,-1,8,1200,-1,-1
516,-1,,[],38,,11232709,11232709,11232809,-1,9,1350,-1,-1
517,-1,,[],38,,11232710,11232710,11232810,-1,10,1500,-1,-1
518,-1,,[],38,,11232711,11232711,11232811,-1,11,1650,-1,-1
519,-1,,[],38,,11232712,11232712,11232812,-1,12,1800,-1,-1
520,-1,,[],38,,11232713,11232713,11232813,-1,13,1950,-1,-1
521,-1,,[],38,,11232714,11232714,11232814,-1,14,2100,-1,-1
522,-1,,[],38,,11232715,11232715,11232815,-1,15,2250,-1,-1
523,-1,,[],38,,11232716,11232716,11232816,-1,16,2400,-1,-1
524,-1,,[],38,,11232717,11232717,11232817,-1,17,2550,-1,-1
525,-1,,[],38,,11232718,11232718,11232818,-1,18,2700,-1,-1
526,-1,,[],38,,11232719,11232719,11232819,-1,19,2850,-1,-1
527,-1,,[],38,,11232720,11232720,11232820,-1,20,3000,-1,-1
528,-1,,[],38,,11232721,11232721,11232821,-1,21,3150,-1,-1
529,-1,,[],38,,11232722,11232722,11232822,-1,22,3300,-1,-1
530,-1,,[],38,,11232723,11232723,11232823,-1,23,3450,-1,-1
531,-1,,[],38,,11232724,11232724,11232824,-1,24,3600,-1,-1
532,-1,,[],38,,11232725,11232725,11232825,-1,25,3750,-1,-1
533,-1,,[],39,,11238101,11238101,11238201,-1,1,200,-1,-1
534,-1,,[],39,,11238102,11238102,11238202,-1,2,400,-1,-1
535,-1,,[],39,,11238103,11238103,11238203,-1,3,600,-1,-1
536,-1,,[],39,,11238104,11238104,11238204,-1,4,800,-1,-1
537,-1,,[],39,,11238105,11238105,11238205,-1,5,1000,-1,-1
538,-1,,[],39,,11238106,11238106,11238206,-1,6,1200,-1,-1
539,-1,,[],39,,11238107,11238107,11238207,-1,7,1400,-1,-1
540,-1,,[],39,,11238108,11238108,11238208,-1,8,1600,-1,-1
541,-1,,[],39,,11238109,11238109,11238209,-1,9,1800,-1,-1
542,-1,,[],39,,11238110,11238110,11238210,-1,10,2000,-1,-1
543,-1,,[],39,,11238111,11238111,11238211,-1,11,2200,-1,-1
544,-1,,[],39,,11238112,11238112,11238212,-1,12,2400,-1,-1
545,-1,,[],39,,11238113,11238113,11238213,-1,13,2600,-1,-1
546,-1,,[],39,,11238114,11238114,11238214,-1,14,2800,-1,-1
547,-1,,[],39,,11238115,11238115,11238215,-1,15,3000,-1,-1
548,-1,,[],39,,11238116,11238116,11238216,-1,16,3200,-1,-1
549,-1,,[],39,,11238117,11238117,11238217,-1,17,3400,-1,-1
550,-1,,[],39,,11238118,11238118,11238218,-1,18,3600,-1,-1
551,-1,,[],39,,11238119,11238119,11238219,-1,19,3800,-1,-1
552,-1,,[],39,,11238120,11238120,11238220,-1,20,4000,-1,-1
553,-1,,[],39,,11238121,11238121,11238221,-1,21,4200,-1,-1
554,-1,,[],39,,11238122,11238122,11238222,-1,22,4400,-1,-1
555,-1,,[],39,,11238123,11238123,11238223,-1,23,4600,-1,-1
556,-1,,[],39,,11238124,11238124,11238224,-1,24,4800,-1,-1
557,-1,,[],39,,11238125,11238125,11238225,-1,25,5000,-1,-1
558,-1,,[],40,,11282401,11282401,11282501,-1,1,150,-1,-1
559,-1,,[],40,,11282402,11282402,11282502,-1,2,300,-1,-1
560,-1,,[],40,,11282403,11282403,11282503,-1,3,450,-1,-1
561,-1,,[],40,,11282404,11282404,11282504,-1,4,600,-1,-1
562,-1,,[],40,,11282405,11282405,11282505,-1,5,750,-1,-1
563,-1,,[],40,,11282406,11282406,11282506,-1,6,900,-1,-1
564,-1,,[],40,,11282407,11282407,11282507,-1,7,1050,-1,-1
565,-1,,[],40,,11282408,11282408,11282508,-1,8,1200,-1,-1
566,-1,,[],40,,11282409,11282409,11282509,-1,9,1350,-1,-1
567,-1,,[],40,,11282410,11282410,11282510,-1,10,1500,-1,-1
568,-1,,[],40,,11282411,11282411,11282511,-1,11,1650,-1,-1
569,-1,,[],40,,11282412,11282412,11282512,-1,12,1800,-1,-1
570,-1,,[],40,,11282413,11282413,11282513,-1,13,1950,-1,-1
571,-1,,[],40,,11282414,11282414,11282514,-1,14,2100,-1,-1
572,-1,,[],40,,11282415,11282415,11282515,-1,15,2250,-1,-1
573,-1,,[],40,,11282416,11282416,11282516,-1,16,2400,-1,-1
574,-1,,[],40,,11282417,11282417,11282517,-1,17,2550,-1,-1
575,-1,,[],40,,11282418,11282418,11282518,-1,18,2700,-1,-1
576,-1,,[],40,,11282419,11282419,11282519,-1,19,2850,-1,-1
577,-1,,[],40,,11282420,11282420,11282520,-1,20,3000,-1,-1
578,-1,,[],40,,11282421,11282421,11282521,-1,21,3150,-1,-1
579,-1,,[],40,,11282422,11282422,11282522,-1,22,3300,-1,-1
580,-1,,[],40,,11282423,11282423,11282523,-1,23,3450,-1,-1
581,-1,,[],40,,11282424,11282424,11282524,-1,24,3600,-1,-1
582,-1,,[],40,,11282425,11282425,11282525,-1,25,3750,-1,-1
583,-1,,[],41,,11290101,11290101,-1,-1,1,20,-1,-1
584,-1,,[],41,,11290102,11290102,-1,-1,2,40,-1,-1
585,-1,,[],41,,11290103,11290103,-1,-1,3,60,-1,-1
586,-1,,[],41,,11290104,11290104,-1,-1,4,100,-1,-1
587,-1,,[],41,,11290105,11290105,-1,-1,5,150,-1,-1
588,-1,,[],41,,11290106,11290106,-1,-1,6,200,-1,-1
589,-1,,[],42,,11290301,11290301,11290401,-1,1,150,-1,-1
590,-1,,[],42,,11290302,11290302,11290402,-1,2,300,-1,-1
591,-1,,[],42,,11290303,11290303,11290403,-1,3,450,-1,-1
592,-1,,[],42,,11290304,11290304,11290404,-1,4,600,-1,-1
593,-1,,[],42,,11290305,11290305,11290405,-1,5,750,-1,-1
594,-1,,[],42,,11290306,11290306,11290406,-1,6,900,-1,-1
595,-1,,[],42,,11290307,11290307,11290407,-1,7,1050,-1,-1
596,-1,,[],42,,11290308,11290308,11290408,-1,8,1200,-1,-1
597,-1,,[],42,,11290309,11290309,11290409,-1,9,1350,-1,-1
598,-1,,[],42,,11290310,11290310,11290410,-1,10,1500,-1,-1
599,-1,,[],42,,11290311,11290311,11290411,-1,11,1650,-1,-1
600,-1,,[],42,,11290312,11290312,11290412,-1,12,1800,-1,-1
601,-1,,[],42,,11290313,11290313,11290413,-1,13,1950,-1,-1
602,-1,,[],42,,11290314,11290314,11290414,-1,14,2100,-1,-1
603,-1,,[],42,,11290315,11290315,11290415,-1,15,2250,-1,-1
604,-1,,[],42,,11290316,11290316,11290416,-1,16,2400,-1,-1
605,-1,,[],42,,11290317,11290317,11290417,-1,17,2550,-1,-1
606,-1,,[],42,,11290318,11290318,11290418,-1,18,2700,-1,-1
607,-1,,[],42,,11290319,11290319,11290419,-1,19,2850,-1,-1
608,-1,,[],42,,11290320,11290320,11290420,-1,20,3000,-1,-1
609,-1,,[],42,,11290321,11290321,11290421,-1,21,3150,-1,-1
610,-1,,[],42,,11290322,11290322,11290422,-1,22,3300,-1,-1
611,-1,,[],42,,11290323,11290323,11290423,-1,23,3450,-1,-1
612,-1,,[],42,,11290324,11290324,11290424,-1,24,3600,-1,-1
613,-1,,[],42,,11290325,11290325,11290425,-1,25,3750,-1,-1
614,-1,,[],43,,11291201,11291201,11291301,-1,1,200,-1,-1
615,-1,,[],43,,11291202,11291202,11291302,-1,2,400,-1,-1
616,-1,,[],43,,11291203,11291203,11291303,-1,3,600,-1,-1
617,-1,,[],43,,11291204,11291204,11291304,-1,4,800,-1,-1
618,-1,,[],43,,11291205,11291205,11291305,-1,5,1000,-1,-1
619,-1,,[],43,,11291206,11291206,11291306,-1,6,1200,-1,-1
620,-1,,[],43,,11291207,11291207,11291307,-1,7,1400,-1,-1
621,-1,,[],43,,11291208,11291208,11291308,-1,8,1600,-1,-1
622,-1,,[],43,,11291209,11291209,11291309,-1,9,1800,-1,-1
623,-1,,[],43,,11291210,11291210,11291310,-1,10,2000,-1,-1
624,-1,,[],43,,11291211,11291211,11291311,-1,11,2200,-1,-1
625,-1,,[],43,,11291212,11291212,11291312,-1,12,2400,-1,-1
626,-1,,[],43,,11291213,11291213,11291313,-1,13,2600,-1,-1
627,-1,,[],43,,11291214,11291214,11291314,-1,14,2800,-1,-1
628,-1,,[],43,,11291215,11291215,11291315,-1,15,3000,-1,-1
629,-1,,[],43,,11291216,11291216,11291316,-1,16,3200,-1,-1
630,-1,,[],43,,11291217,11291217,11291317,-1,17,3400,-1,-1
631,-1,,[],43,,11291218,11291218,11291318,-1,18,3600,-1,-1
632,-1,,[],43,,11291219,11291219,11291319,-1,19,3800,-1,-1
633,-1,,[],43,,11291220,11291220,11291320,-1,20,4000,-1,-1
634,-1,,[],43,,11291221,11291221,11291321,-1,21,4200,-1,-1
635,-1,,[],43,,11291222,11291222,11291322,-1,22,4400,-1,-1
636,-1,,[],43,,11291223,11291223,11291323,-1,23,4600,-1,-1
637,-1,,[],43,,11291224,11291224,11291324,-1,24,4800,-1,-1
638,-1,,[],43,,11291225,11291225,11291325,-1,25,5000,-1,-1
639,-1,,[],44,,11302301,11302301,11302401,-1,1,100,-1,-1
640,-1,,[],44,,11302302,11302302,11302402,-1,2,200,-1,-1
641,-1,,[],44,,11302303,11302303,11302403,-1,3,300,-1,-1
642,-1,,[],44,,11302304,11302304,11302404,-1,4,400,-1,-1
643,-1,,[],44,,11302305,11302305,11302405,-1,5,500,-1,-1
644,-1,,[],44,,11302306,11302306,11302406,-1,6,600,-1,-1
645,-1,,[],44,,11302307,11302307,11302407,-1,7,700,-1,-1
646,-1,,[],44,,11302308,11302308,11302408,-1,8,800,-1,-1
647,-1,,[],44,,11302309,11302309,11302409,-1,9,900,-1,-1
648,-1,,[],44,,11302310,11302310,11302410,-1,10,1000,-1,-1
649,-1,,[],44,,11302311,11302311,11302411,-1,11,1200,-1,-1
650,-1,,[],44,,11302312,11302312,11302412,-1,12,1400,-1,-1
651,-1,,[],44,,11302313,11302313,11302413,-1,13,1600,-1,-1
652,-1,,[],44,,11302314,11302314,11302414,-1,14,1800,-1,-1
653,-1,,[],44,,11302315,11302315,11302415,-1,15,2000,-1,-1
654,-1,,[],44,,11302316,11302316,11302416,-1,16,2200,-1,-1
655,-1,,[],44,,11302317,11302317,11302417,-1,17,2400,-1,-1
656,-1,,[],44,,11302318,11302318,11302418,-1,18,2600,-1,-1
657,-1,,[],44,,11302319,11302319,11302419,-1,19,2800,-1,-1
658,-1,,[],44,,11302320,11302320,11302420,-1,20,3000,-1,-1
659,-1,,[],44,,11302321,11302321,11302421,-1,21,3200,-1,-1
660,-1,,[],44,,11302322,11302322,11302422,-1,22,3400,-1,-1
661,-1,,[],44,,11302323,11302323,11302423,-1,23,3600,-1,-1
662,-1,,[],44,,11302324,11302324,11302424,-1,24,3800,-1,-1
663,-1,,[],44,,11302325,11302325,11302425,-1,25,4000,-1,-1
664,-1,,[],45,,11302701,11302701,11302801,-1,1,50,-1,-1
665,-1,,[],45,,11302702,11302702,11302802,-1,2,100,-1,-1
666,-1,,[],45,,11302703,11302703,11302803,-1,3,150,-1,-1
667,-1,,[],45,,11302704,11302704,11302804,-1,4,200,-1,-1
668,-1,,[],45,,11302705,11302705,11302805,-1,5,250,-1,-1
669,-1,,[],45,,11302706,11302706,11302806,-1,6,300,-1,-1
670,-1,,[],45,,11302707,11302707,11302807,-1,7,350,-1,-1
671,-1,,[],45,,11302708,11302708,11302808,-1,8,400,-1,-1
672,-1,,[],45,,11302709,11302709,11302809,-1,9,450,-1,-1
673,-1,,[],45,,11302710,11302710,11302810,-1,10,500,-1,-1
674,-1,,[],45,,11302711,11302711,11302811,-1,11,600,-1,-1
675,-1,,[],45,,11302712,11302712,11302812,-1,12,700,-1,-1
676,-1,,[],45,,11302713,11302713,11302813,-1,13,800,-1,-1
677,-1,,[],45,,11302714,11302714,11302814,-1,14,900,-1,-1
678,-1,,[],45,,11302715,11302715,11302815,-1,15,1000,-1,-1
679,-1,,[],45,,11302716,11302716,11302816,-1,16,1100,-1,-1
680,-1,,[],45,,11302717,11302717,11302817,-1,17,1200,-1,-1
681,-1,,[],45,,11302718,11302718,11302818,-1,18,1300,-1,-1
682,-1,,[],45,,11302719,11302719,11302819,-1,19,1400,-1,-1
683,-1,,[],45,,11302720,11302720,11302820,-1,20,1500,-1,-1
684,-1,,[],45,,11302721,11302721,11302821,-1,21,1600,-1,-1
685,-1,,[],45,,11302722,11302722,11302822,-1,22,1700,-1,-1
686,-1,,[],45,,11302723,11302723,11302823,-1,23,1800,-1,-1
687,-1,,[],45,,11302724,11302724,11302824,-1,24,1900,-1,-1
688,-1,,[],45,,11302725,11302725,11302825,-1,25,2000,-1,-1
689,-1,,[],46,,11303301,11303301,11303401,-1,1,100,-1,-1
690,-1,,[],46,,11303302,11303302,11303402,-1,2,200,-1,-1
691,-1,,[],46,,11303303,11303303,11303403,-1,3,300,-1,-1
692,-1,,[],46,,11303304,11303304,11303404,-1,4,400,-1,-1
693,-1,,[],46,,11303305,11303305,11303405,-1,5,500,-1,-1
694,-1,,[],46,,11303306,11303306,11303406,-1,6,600,-1,-1
695,-1,,[],46,,11303307,11303307,11303407,-1,7,700,-1,-1
696,-1,,[],46,,11303308,11303308,11303408,-1,8,800,-1,-1
697,-1,,[],46,,11303309,11303309,11303409,-1,9,900,-1,-1
698,-1,,[],46,,11303310,11303310,11303410,-1,10,1000,-1,-1
699,-1,,[],46,,11303311,11303311,11303411,-1,11,1200,-1,-1
700,-1,,[],46,,11303312,11303312,11303412,-1,12,1400,-1,-1
701,-1,,[],46,,11303313,11303313,11303413,-1,13,1600,-1,-1
702,-1,,[],46,,11303314,11303314,11303414,-1,14,1800,-1,-1
703,-1,,[],46,,11303315,11303315,11303415,-1,15,2000,-1,-1
704,-1,,[],46,,11303316,11303316,11303416,-1,16,2200,-1,-1
705,-1,,[],46,,11303317,11303317,11303417,-1,17,2400,-1,-1
706,-1,,[],46,,11303318,11303318,11303418,-1,18,2600,-1,-1
707,-1,,[],46,,11303319,11303319,11303419,-1,19,2800,-1,-1
708,-1,,[],46,,11303320,11303320,11303420,-1,20,3000,-1,-1
709,-1,,[],46,,11303321,11303321,11303421,-1,21,3200,-1,-1
710,-1,,[],46,,11303322,11303322,11303422,-1,22,3400,-1,-1
711,-1,,[],46,,11303323,11303323,11303423,-1,23,3600,-1,-1
712,-1,,[],46,,11303324,11303324,11303424,-1,24,3800,-1,-1
713,-1,,[],46,,11303325,11303325,11303425,-1,25,4000,-1,-1
714,-1,,[],47,,11303101,11303101,-1,-1,1,50,-1,-1
715,-1,,[],47,,11303102,11303102,-1,-1,2,100,-1,-1
716,-1,,[],47,,11303103,11303103,-1,-1,3,150,-1,-1
717,-1,,[],47,,11303104,11303104,-1,-1,4,250,-1,-1
718,-1,,[],47,,11303105,11303105,-1,-1,5,400,-1,-1
719,-1,,[],48,,12015301,12015301,12015401,-1,1,150,-1,-1
720,-1,,[],48,,12015302,12015302,12015402,-1,2,300,-1,-1
721,-1,,[],48,,12015303,12015303,12015403,-1,3,450,-1,-1
722,-1,,[],48,,12015304,12015304,12015404,-1,4,600,-1,-1
723,-1,,[],48,,12015305,12015305,12015405,-1,5,750,-1,-1
724,-1,,[],48,,12015306,12015306,12015406,-1,6,900,-1,-1
725,-1,,[],48,,12015307,12015307,12015407,-1,7,1050,-1,-1
726,-1,,[],48,,12015308,12015308,12015408,-1,8,1200,-1,-1
727,-1,,[],48,,12015309,12015309,12015409,-1,9,1350,-1,-1
728,-1,,[],48,,12015310,12015310,12015410,-1,10,1500,-1,-1
729,-1,,[],48,,12015311,12015311,12015411,-1,11,1650,-1,-1
730,-1,,[],48,,12015312,12015312,12015412,-1,12,1800,-1,-1
731,-1,,[],48,,12015313,12015313,12015413,-1,13,1950,-1,-1
732,-1,,[],48,,12015314,12015314,12015414,-1,14,2100,-1,-1
733,-1,,[],48,,12015315,12015315,12015415,-1,15,2250,-1,-1
734,-1,,[],48,,12015316,12015316,12015416,-1,16,2400,-1,-1
735,-1,,[],48,,12015317,12015317,12015417,-1,17,2550,-1,-1
736,-1,,[],48,,12015318,12015318,12015418,-1,18,2700,-1,-1
737,-1,,[],48,,12015319,12015319,12015419,-1,19,2850,-1,-1
738,-1,,[],48,,12015320,12015320,12015420,-1,20,3000,-1,-1
739,-1,,[],48,,12015321,12015321,12015421,-1,21,3150,-1,-1
740,-1,,[],48,,12015322,12015322,12015422,-1,22,3300,-1,-1
741,-1,,[],48,,12015323,12015323,12015423,-1,23,3450,-1,-1
742,-1,,[],48,,12015324,12015324,12015424,-1,24,3600,-1,-1
743,-1,,[],48,,12015325,12015325,12015425,-1,25,3750,-1,-1
744,-1,,[],49,,12015701,12015701,12015801,-1,1,150,-1,-1
745,-1,,[],49,,12015702,12015702,12015802,-1,2,300,-1,-1
746,-1,,[],49,,12015703,12015703,12015803,-1,3,450,-1,-1
747,-1,,[],49,,12015704,12015704,12015804,-1,4,600,-1,-1
748,-1,,[],49,,12015705,12015705,12015805,-1,5,750,-1,-1
749,-1,,[],49,,12015706,12015706,12015806,-1,6,900,-1,-1
750,-1,,[],49,,12015707,12015707,12015807,-1,7,1050,-1,-1
751,-1,,[],49,,12015708,12015708,12015808,-1,8,1200,-1,-1
752,-1,,[],49,,12015709,12015709,12015809,-1,9,1350,-1,-1
753,-1,,[],49,,12015710,12015710,12015810,-1,10,1500,-1,-1
754,-1,,[],49,,12015711,12015711,12015811,-1,11,1650,-1,-1
755,-1,,[],49,,12015712,12015712,12015812,-1,12,1800,-1,-1
756,-1,,[],49,,12015713,12015713,12015813,-1,13,1950,-1,-1
757,-1,,[],49,,12015714,12015714,12015814,-1,14,2100,-1,-1
758,-1,,[],49,,12015715,12015715,12015815,-1,15,2250,-1,-1
759,-1,,[],49,,12015716,12015716,12015816,-1,16,2400,-1,-1
760,-1,,[],49,,12015717,12015717,12015817,-1,17,2550,-1,-1
761,-1,,[],49,,12015718,12015718,12015818,-1,18,2700,-1,-1
762,-1,,[],49,,12015719,12015719,12015819,-1,19,2850,-1,-1
763,-1,,[],49,,12015720,12015720,12015820,-1,20,3000,-1,-1
764,-1,,[],49,,12015721,12015721,12015821,-1,21,3150,-1,-1
765,-1,,[],49,,12015722,12015722,12015822,-1,22,3300,-1,-1
766,-1,,[],49,,12015723,12015723,12015823,-1,23,3450,-1,-1
767,-1,,[],49,,12015724,12015724,12015824,-1,24,3600,-1,-1
768,-1,,[],49,,12015725,12015725,12015825,-1,25,3750,-1,-1
769,-1,,[],50,,12015901,12015901,-1,-1,1,300,-1,-1
770,-1,,[],50,,12015902,12015902,-1,-1,2,1280,-1,-1
771,-1,,[],50,,12015903,12015903,-1,-1,3,3280,-1,-1
772,-1,,[],50,,12015904,12015904,-1,-1,4,6480,-1,-1
773,-1,,[],50,,12015905,12015905,-1,-1,5,15000,-1,-1
774,-1,,[],50,,12015906,12015906,-1,-1,6,30000,-1,-1
775,-1,,[],51,,12077001,12077001,12077101,-1,1,100,-1,-1
776,-1,,[],51,,12077002,12077002,12077102,-1,2,200,-1,-1
777,-1,,[],51,,12077003,12077003,12077103,-1,3,300,-1,-1
778,-1,,[],51,,12077004,12077004,12077104,-1,4,400,-1,-1
779,-1,,[],51,,12077005,12077005,12077105,-1,5,500,-1,-1
780,-1,,[],51,,12077006,12077006,12077106,-1,6,600,-1,-1
781,-1,,[],51,,12077007,12077007,12077107,-1,7,700,-1,-1
782,-1,,[],51,,12077008,12077008,12077108,-1,8,800,-1,-1
783,-1,,[],51,,12077009,12077009,12077109,-1,9,900,-1,-1
784,-1,,[],51,,12077010,12077010,12077110,-1,10,1000,-1,-1
785,-1,,[],51,,12077011,12077011,12077111,-1,11,1100,-1,-1
786,-1,,[],51,,12077012,12077012,12077112,-1,12,1200,-1,-1
787,-1,,[],51,,12077013,12077013,12077113,-1,13,1300,-1,-1
788,-1,,[],51,,12077014,12077014,12077114,-1,14,1400,-1,-1
789,-1,,[],51,,12077015,12077015,12077115,-1,15,1500,-1,-1
790,-1,,[],51,,12077016,12077016,12077116,-1,16,1600,-1,-1
791,-1,,[],51,,12077017,12077017,12077117,-1,17,1700,-1,-1
792,-1,,[],51,,12077018,12077018,12077118,-1,18,1800,-1,-1
793,-1,,[],51,,12077019,12077019,12077119,-1,19,1900,-1,-1
794,-1,,[],51,,12077020,12077020,12077120,-1,20,2000,-1,-1
795,-1,,[],51,,12077021,12077021,12077121,-1,21,2200,-1,-1
796,-1,,[],51,,12077022,12077022,12077122,-1,22,2400,-1,-1
797,-1,,[],51,,12077023,12077023,12077123,-1,23,2600,-1,-1
798,-1,,[],51,,12077024,12077024,12077124,-1,24,2800,-1,-1
799,-1,,[],51,,12077025,12077025,12077125,-1,25,3000,-1,-1
800,-1,,[],51,,12077026,12077026,12077126,-1,26,3200,-1,-1
801,-1,,[],51,,12077027,12077027,12077127,-1,27,3400,-1,-1
802,-1,,[],51,,12077028,12077028,12077128,-1,28,3600,-1,-1
803,-1,,[],51,,12077029,12077029,12077129,-1,29,3800,-1,-1
804,-1,,[],51,,12077030,12077030,12077130,-1,30,4000,-1,-1
805,-1,,[],52,,12071801,12071801,12071901,-1,1,100,-1,-1
806,-1,,[],52,,12071802,12071802,12071902,-1,2,200,-1,-1
807,-1,,[],52,,12071803,12071803,12071903,-1,3,300,-1,-1
808,-1,,[],52,,12071804,12071804,12071904,-1,4,400,-1,-1
809,-1,,[],52,,12071805,12071805,12071905,-1,5,500,-1,-1
810,-1,,[],52,,12071806,12071806,12071906,-1,6,600,-1,-1
811,-1,,[],52,,12071807,12071807,12071907,-1,7,700,-1,-1
812,-1,,[],52,,12071808,12071808,12071908,-1,8,800,-1,-1
813,-1,,[],52,,12071809,12071809,12071909,-1,9,900,-1,-1
814,-1,,[],52,,12071810,12071810,12071910,-1,10,1000,-1,-1
815,-1,,[],52,,12071811,12071811,12071911,-1,11,1200,-1,-1
816,-1,,[],52,,12071812,12071812,12071912,-1,12,1400,-1,-1
817,-1,,[],52,,12071813,12071813,12071913,-1,13,1600,-1,-1
818,-1,,[],52,,12071814,12071814,12071914,-1,14,1800,-1,-1
819,-1,,[],52,,12071815,12071815,12071915,-1,15,2000,-1,-1
820,-1,,[],52,,12071816,12071816,12071916,-1,16,2200,-1,-1
821,-1,,[],52,,12071817,12071817,12071917,-1,17,2400,-1,-1
822,-1,,[],52,,12071818,12071818,12071918,-1,18,2600,-1,-1
823,-1,,[],52,,12071819,12071819,12071919,-1,19,2800,-1,-1
824,-1,,[],52,,12071820,12071820,12071920,-1,20,3000,-1,-1
825,-1,,[],52,,12071821,12071821,12071921,-1,21,3200,-1,-1
826,-1,,[],52,,12071822,12071822,12071922,-1,22,3400,-1,-1
827,-1,,[],52,,12071823,12071823,12071923,-1,23,3600,-1,-1
828,-1,,[],52,,12071824,12071824,12071924,-1,24,3800,-1,-1
829,-1,,[],52,,12071825,12071825,12071925,-1,25,4000,-1,-1
830,-1,,[],53,,12080301,12080301,12080401,-1,1,100,-1,-1
831,-1,,[],53,,12080302,12080302,12080402,-1,2,200,-1,-1
832,-1,,[],53,,12080303,12080303,12080403,-1,3,300,-1,-1
833,-1,,[],53,,12080304,12080304,12080404,-1,4,400,-1,-1
834,-1,,[],53,,12080305,12080305,12080405,-1,5,500,-1,-1
835,-1,,[],53,,12080306,12080306,12080406,-1,6,600,-1,-1
836,-1,,[],53,,12080307,12080307,12080407,-1,7,700,-1,-1
837,-1,,[],53,,12080308,12080308,12080408,-1,8,800,-1,-1
838,-1,,[],53,,12080309,12080309,12080409,-1,9,900,-1,-1
839,-1,,[],53,,12080310,12080310,12080410,-1,10,1000,-1,-1
840,-1,,[],53,,12080311,12080311,12080411,-1,11,1200,-1,-1
841,-1,,[],53,,12080312,12080312,12080412,-1,12,1400,-1,-1
842,-1,,[],53,,12080313,12080313,12080413,-1,13,1600,-1,-1
843,-1,,[],53,,12080314,12080314,12080414,-1,14,1800,-1,-1
844,-1,,[],53,,12080315,12080315,12080415,-1,15,2000,-1,-1
845,-1,,[],53,,12080316,12080316,12080416,-1,16,2200,-1,-1
846,-1,,[],53,,12080317,12080317,12080417,-1,17,2400,-1,-1
847,-1,,[],53,,12080318,12080318,12080418,-1,18,2600,-1,-1
848,-1,,[],53,,12080319,12080319,12080419,-1,19,2800,-1,-1
849,-1,,[],53,,12080320,12080320,12080420,-1,20,3000,-1,-1
850,-1,,[],53,,12080321,12080321,12080421,-1,21,3200,-1,-1
851,-1,,[],53,,12080322,12080322,12080422,-1,22,3400,-1,-1
852,-1,,[],53,,12080323,12080323,12080423,-1,23,3600,-1,-1
853,-1,,[],53,,12080324,12080324,12080424,-1,24,3800,-1,-1
854,-1,,[],53,,12080325,12080325,12080425,-1,25,4000,-1,-1
855,-1,,[],54,,12080701,12080701,12080801,-1,1,100,-1,-1
856,-1,,[],54,,12080702,12080702,12080802,-1,2,200,-1,-1
857,-1,,[],54,,12080703,12080703,12080803,-1,3,300,-1,-1
858,-1,,[],54,,12080704,12080704,12080804,-1,4,400,-1,-1
859,-1,,[],54,,12080705,12080705,12080805,-1,5,500,-1,-1
860,-1,,[],54,,12080706,12080706,12080806,-1,6,600,-1,-1
861,-1,,[],54,,12080707,12080707,12080807,-1,7,700,-1,-1
862,-1,,[],54,,12080708,12080708,12080808,-1,8,800,-1,-1
863,-1,,[],54,,12080709,12080709,12080809,-1,9,900,-1,-1
864,-1,,[],54,,12080710,12080710,12080810,-1,10,1000,-1,-1
865,-1,,[],54,,12080711,12080711,12080811,-1,11,1200,-1,-1
866,-1,,[],54,,12080712,12080712,12080812,-1,12,1400,-1,-1
867,-1,,[],54,,12080713,12080713,12080813,-1,13,1600,-1,-1
868,-1,,[],54,,12080714,12080714,12080814,-1,14,1800,-1,-1
869,-1,,[],54,,12080715,12080715,12080815,-1,15,2000,-1,-1
870,-1,,[],54,,12080716,12080716,12080816,-1,16,2200,-1,-1
871,-1,,[],54,,12080717,12080717,12080817,-1,17,2400,-1,-1
872,-1,,[],54,,12080718,12080718,12080818,-1,18,2600,-1,-1
873,-1,,[],54,,12080719,12080719,12080819,-1,19,2800,-1,-1
874,-1,,[],54,,12080720,12080720,12080820,-1,20,3000,-1,-1
875,-1,,[],54,,12080721,12080721,12080821,-1,21,3200,-1,-1
876,-1,,[],54,,12080722,12080722,12080822,-1,22,3400,-1,-1
877,-1,,[],54,,12080723,12080723,12080823,-1,23,3600,-1,-1
878,-1,,[],54,,12080724,12080724,12080824,-1,24,3800,-1,-1
879,-1,,[],54,,12080725,12080725,12080825,-1,25,4000,-1,-1
880,-1,,[],55,,12080101,12080101,-1,-1,1,50,-1,-1
881,-1,,[],55,,12080102,12080102,-1,-1,2,100,-1,-1
882,-1,,[],55,,12080103,12080103,-1,-1,3,200,-1,-1
883,-1,,[],55,,12080104,12080104,-1,-1,4,400,-1,-1
884,-1,,[],55,,12080105,12080105,-1,-1,5,600,-1,-1
885,-1,,[],56,,12088001,12088001,12089001,-1,1,100,-1,-1
886,-1,,[],56,,12088002,12088002,12089002,-1,2,200,-1,-1
887,-1,,[],56,,12088003,12088003,12089003,-1,3,300,-1,-1
888,-1,,[],56,,12088004,12088004,12089004,-1,4,400,-1,-1
889,-1,,[],56,,12088005,12088005,12089005,-1,5,500,-1,-1
890,-1,,[],56,,12088006,12088006,12089006,-1,6,600,-1,-1
891,-1,,[],56,,12088007,12088007,12089007,-1,7,700,-1,-1
892,-1,,[],56,,12088008,12088008,12089008,-1,8,800,-1,-1
893,-1,,[],56,,12088009,12088009,12089009,-1,9,900,-1,-1
894,-1,,[],56,,12088010,12088010,12089010,-1,10,1000,-1,-1
895,-1,,[],56,,12088011,12088011,12089011,-1,11,1100,-1,-1
896,-1,,[],56,,12088012,12088012,12089012,-1,12,1200,-1,-1
897,-1,,[],56,,12088013,12088013,12089013,-1,13,1300,-1,-1
898,-1,,[],56,,12088014,12088014,12089014,-1,14,1400,-1,-1
899,-1,,[],56,,12088015,12088015,12089015,-1,15,1500,-1,-1
900,-1,,[],56,,12088016,12088016,12089016,-1,16,1600,-1,-1
901,-1,,[],56,,12088017,12088017,12089017,-1,17,1700,-1,-1
902,-1,,[],56,,12088018,12088018,12089018,-1,18,1800,-1,-1
903,-1,,[],56,,12088019,12088019,12089019,-1,19,1900,-1,-1
904,-1,,[],56,,12088020,12088020,12089020,-1,20,2000,-1,-1
905,-1,,[],56,,12088021,12088021,12089021,-1,21,2100,-1,-1
906,-1,,[],56,,12088022,12088022,12089022,-1,22,2200,-1,-1
907,-1,,[],56,,12088023,12088023,12089023,-1,23,2300,-1,-1
908,-1,,[],56,,12088024,12088024,12089024,-1,24,2400,-1,-1
909,-1,,[],56,,12088025,12088025,12089025,-1,25,2500,-1,-1
910,-1,,[],57,,12088026,12088026,12089026,-1,1,100,-1,-1
911,-1,,[],57,,12088027,12088027,12089027,-1,2,200,-1,-1
912,-1,,[],57,,12088028,12088028,12089028,-1,3,300,-1,-1
913,-1,,[],57,,12088029,12088029,12089029,-1,4,400,-1,-1
914,-1,,[],57,,12088030,12088030,12089030,-1,5,500,-1,-1
915,-1,,[],57,,12088031,12088031,12089031,-1,6,600,-1,-1
916,-1,,[],57,,12088032,12088032,12089032,-1,7,700,-1,-1
917,-1,,[],57,,12088033,12088033,12089033,-1,8,800,-1,-1
918,-1,,[],57,,12088034,12088034,12089034,-1,9,900,-1,-1
919,-1,,[],57,,12088035,12088035,12089035,-1,10,1000,-1,-1
920,-1,,[],57,,12088036,12088036,12089036,-1,11,1100,-1,-1
921,-1,,[],57,,12088037,12088037,12089037,-1,12,1200,-1,-1
922,-1,,[],57,,12088038,12088038,12089038,-1,13,1300,-1,-1
923,-1,,[],57,,12088039,12088039,12089039,-1,14,1400,-1,-1
924,-1,,[],57,,12088040,12088040,12089040,-1,15,1500,-1,-1
925,-1,,[],57,,12088041,12088041,12089041,-1,16,1600,-1,-1
926,-1,,[],57,,12088042,12088042,12089042,-1,17,1700,-1,-1
927,-1,,[],57,,12088043,12088043,12089043,-1,18,1800,-1,-1
928,-1,,[],57,,12088044,12088044,12089044,-1,19,1900,-1,-1
929,-1,,[],57,,12088045,12088045,12089045,-1,20,2000,-1,-1
930,-1,,[],57,,12088046,12088046,12089046,-1,21,2100,-1,-1
931,-1,,[],57,,12088047,12088047,12089047,-1,22,2200,-1,-1
932,-1,,[],57,,12088048,12088048,12089048,-1,23,2300,-1,-1
933,-1,,[],57,,12088049,12088049,12089049,-1,24,2400,-1,-1
934,-1,,[],57,,12088050,12088050,12089050,-1,25,2500,-1,-1
935,-1,,[],58,,12088051,12088051,12089051,-1,1,100,-1,-1
936,-1,,[],58,,12088052,12088052,12089052,-1,2,200,-1,-1
937,-1,,[],58,,12088053,12088053,12089053,-1,3,300,-1,-1
938,-1,,[],58,,12088054,12088054,12089054,-1,4,400,-1,-1
939,-1,,[],58,,12088055,12088055,12089055,-1,5,500,-1,-1
940,-1,,[],58,,12088056,12088056,12089056,-1,6,600,-1,-1
941,-1,,[],58,,12088057,12088057,12089057,-1,7,700,-1,-1
942,-1,,[],58,,12088058,12088058,12089058,-1,8,800,-1,-1
943,-1,,[],58,,12088059,12088059,12089059,-1,9,900,-1,-1
944,-1,,[],58,,12088060,12088060,12089060,-1,10,1000,-1,-1
945,-1,,[],58,,12088061,12088061,12089061,-1,11,1100,-1,-1
946,-1,,[],58,,12088062,12088062,12089062,-1,12,1200,-1,-1
947,-1,,[],58,,12088063,12088063,12089063,-1,13,1300,-1,-1
948,-1,,[],58,,12088064,12088064,12089064,-1,14,1400,-1,-1
949,-1,,[],58,,12088065,12088065,12089065,-1,15,1500,-1,-1
950,-1,,[],58,,12088066,12088066,12089066,-1,16,1600,-1,-1
951,-1,,[],58,,12088067,12088067,12089067,-1,17,1700,-1,-1
952,-1,,[],58,,12088068,12088068,12089068,-1,18,1800,-1,-1
953,-1,,[],58,,12088069,12088069,12089069,-1,19,1900,-1,-1
954,-1,,[],58,,12088070,12088070,12089070,-1,20,2000,-1,-1
955,-1,,[],58,,12088071,12088071,12089071,-1,21,2100,-1,-1
956,-1,,[],58,,12088072,12088072,12089072,-1,22,2200,-1,-1
957,-1,,[],58,,12088073,12088073,12089073,-1,23,2300,-1,-1
958,-1,,[],58,,12088074,12088074,12089074,-1,24,2400,-1,-1
959,-1,,[],58,,12088075,12088075,12089075,-1,25,2500,-1,-1
960,-1,,[],59,,12088076,12088076,12089076,-1,1,100,-1,-1
961,-1,,[],59,,12088077,12088077,12089077,-1,2,200,-1,-1
962,-1,,[],59,,12088078,12088078,12089078,-1,3,300,-1,-1
963,-1,,[],59,,12088079,12088079,12089079,-1,4,400,-1,-1
964,-1,,[],59,,12088080,12088080,12089080,-1,5,500,-1,-1
965,-1,,[],59,,12088081,12088081,12089081,-1,6,600,-1,-1
966,-1,,[],59,,12088082,12088082,12089082,-1,7,700,-1,-1
967,-1,,[],59,,12088083,12088083,12089083,-1,8,800,-1,-1
968,-1,,[],59,,12088084,12088084,12089084,-1,9,900,-1,-1
969,-1,,[],59,,12088085,12088085,12089085,-1,10,1000,-1,-1
970,-1,,[],59,,12088086,12088086,12089086,-1,11,1100,-1,-1
971,-1,,[],59,,12088087,12088087,12089087,-1,12,1200,-1,-1
972,-1,,[],59,,12088088,12088088,12089088,-1,13,1300,-1,-1
973,-1,,[],59,,12088089,12088089,12089089,-1,14,1400,-1,-1
974,-1,,[],59,,12088090,12088090,12089090,-1,15,1500,-1,-1
975,-1,,[],59,,12088091,12088091,12089091,-1,16,1600,-1,-1
976,-1,,[],59,,12088092,12088092,12089092,-1,17,1700,-1,-1
977,-1,,[],59,,12088093,12088093,12089093,-1,18,1800,-1,-1
978,-1,,[],59,,12088094,12088094,12089094,-1,19,1900,-1,-1
979,-1,,[],59,,12088095,12088095,12089095,-1,20,2000,-1,-1
980,-1,,[],59,,12088096,12088096,12089096,-1,21,2100,-1,-1
981,-1,,[],59,,12088097,12088097,12089097,-1,22,2200,-1,-1
982,-1,,[],59,,12088098,12088098,12089098,-1,23,2300,-1,-1
983,-1,,[],59,,12088099,12088099,12089099,-1,24,2400,-1,-1
984,-1,,[],59,,12088100,12088100,12089100,-1,25,2500,-1,-1
985,-1,,[],60,,12083501,12083501,-1,-1,1,300,-1,-1
986,-1,,[],60,,12083502,12083502,-1,-1,2,1280,-1,-1
987,-1,,[],60,,12083503,12083503,-1,-1,3,3280,-1,-1
988,-1,,[],60,,12083504,12083504,-1,-1,4,6480,-1,-1
989,-1,,[],60,,12083505,12083505,-1,-1,5,15000,-1,-1
990,-1,,[],60,,12083506,12083506,-1,-1,6,30000,-1,-1
991,-1,,[],61,,12083601,12083601,12083701,-1,1,100,-1,-1
992,-1,,[],61,,12083602,12083602,12083702,-1,2,200,-1,-1
993,-1,,[],61,,12083603,12083603,12083703,-1,3,300,-1,-1
994,-1,,[],61,,12083604,12083604,12083704,-1,4,400,-1,-1
995,-1,,[],61,,12083605,12083605,12083705,-1,5,500,-1,-1
996,-1,,[],61,,12083606,12083606,12083706,-1,6,600,-1,-1
997,-1,,[],61,,12083607,12083607,12083707,-1,7,700,-1,-1
998,-1,,[],61,,12083608,12083608,12083708,-1,8,800,-1,-1
999,-1,,[],61,,12083609,12083609,12083709,-1,9,900,-1,-1
1000,-1,,[],61,,12083610,12083610,12083710,-1,10,1000,-1,-1
1001,-1,,[],61,,12083611,12083611,12083711,-1,11,1200,-1,-1
1002,-1,,[],61,,12083612,12083612,12083712,-1,12,1400,-1,-1
1003,-1,,[],61,,12083613,12083613,12083713,-1,13,1600,-1,-1
1004,-1,,[],61,,12083614,12083614,12083714,-1,14,1800,-1,-1
1005,-1,,[],61,,12083615,12083615,12083715,-1,15,2000,-1,-1
1006,-1,,[],61,,12083616,12083616,12083716,-1,16,2200,-1,-1
1007,-1,,[],61,,12083617,12083617,12083717,-1,17,2400,-1,-1
1008,-1,,[],61,,12083618,12083618,12083718,-1,18,2600,-1,-1
1009,-1,,[],61,,12083619,12083619,12083719,-1,19,2800,-1,-1
1010,-1,,[],61,,12083620,12083620,12083720,-1,20,3000,-1,-1
1011,-1,,[],61,,12083621,12083621,12083721,-1,21,3200,-1,-1
1012,-1,,[],61,,12083622,12083622,12083722,-1,22,3400,-1,-1
1013,-1,,[],61,,12083623,12083623,12083723,-1,23,3600,-1,-1
1014,-1,,[],61,,12083624,12083624,12083724,-1,24,3800,-1,-1
1015,-1,,[],61,,12083625,12083625,12083725,-1,25,4000,-1,-1
1016,-1,,[],62,,12146001,12146001,12146101,-1,1,100,-1,-1
1017,-1,,[],62,,12146002,12146002,12146102,-1,2,200,-1,-1
1018,-1,,[],62,,12146003,12146003,12146103,-1,3,300,-1,-1
1019,-1,,[],62,,12146004,12146004,12146104,-1,4,400,-1,-1
1020,-1,,[],62,,12146005,12146005,12146105,-1,5,500,-1,-1
1021,-1,,[],62,,12146006,12146006,12146106,-1,6,600,-1,-1
1022,-1,,[],62,,12146007,12146007,12146107,-1,7,700,-1,-1
1023,-1,,[],62,,12146008,12146008,12146108,-1,8,800,-1,-1
1024,-1,,[],62,,12146009,12146009,12146109,-1,9,900,-1,-1
1025,-1,,[],62,,12146010,12146010,12146110,-1,10,1000,-1,-1
1026,-1,,[],62,,12146011,12146011,12146111,-1,11,1100,-1,-1
1027,-1,,[],62,,12146012,12146012,12146112,-1,12,1200,-1,-1
1028,-1,,[],62,,12146013,12146013,12146113,-1,13,1300,-1,-1
1029,-1,,[],62,,12146014,12146014,12146114,-1,14,1400,-1,-1
1030,-1,,[],62,,12146015,12146015,12146115,-1,15,1500,-1,-1
1031,-1,,[],62,,12146016,12146016,12146116,-1,16,1600,-1,-1
1032,-1,,[],62,,12146017,12146017,12146117,-1,17,1700,-1,-1
1033,-1,,[],62,,12146018,12146018,12146118,-1,18,1800,-1,-1
1034,-1,,[],62,,12146019,12146019,12146119,-1,19,1900,-1,-1
1035,-1,,[],62,,12146020,12146020,12146120,-1,20,2000,-1,-1
1036,-1,,[],62,,12146021,12146021,12146121,-1,21,2100,-1,-1
1037,-1,,[],62,,12146022,12146022,12146122,-1,22,2200,-1,-1
1038,-1,,[],62,,12146023,12146023,12146123,-1,23,2300,-1,-1
1039,-1,,[],62,,12146024,12146024,12146124,-1,24,2400,-1,-1
1040,-1,,[],62,,12146025,12146025,12146125,-1,25,2500,-1,-1
1041,-1,,[],63,,12140401,12140401,12140501,-1,1,100,-1,-1
1042,-1,,[],63,,12140402,12140402,12140502,-1,2,200,-1,-1
1043,-1,,[],63,,12140403,12140403,12140503,-1,3,300,-1,-1
1044,-1,,[],63,,12140404,12140404,12140504,-1,4,400,-1,-1
1045,-1,,[],63,,12140405,12140405,12140505,-1,5,500,-1,-1
1046,-1,,[],63,,12140406,12140406,12140506,-1,6,600,-1,-1
1047,-1,,[],63,,12140407,12140407,12140507,-1,7,700,-1,-1
1048,-1,,[],63,,12140408,12140408,12140508,-1,8,800,-1,-1
1049,-1,,[],63,,12140409,12140409,12140509,-1,9,900,-1,-1
1050,-1,,[],63,,12140410,12140410,12140510,-1,10,1000,-1,-1
1051,-1,,[],63,,12140411,12140411,12140511,-1,11,1200,-1,-1
1052,-1,,[],63,,12140412,12140412,12140512,-1,12,1400,-1,-1
1053,-1,,[],63,,12140413,12140413,12140513,-1,13,1600,-1,-1
1054,-1,,[],63,,12140414,12140414,12140514,-1,14,1800,-1,-1
1055,-1,,[],63,,12140415,12140415,12140515,-1,15,2000,-1,-1
1056,-1,,[],63,,12140416,12140416,12140516,-1,16,2200,-1,-1
1057,-1,,[],63,,12140417,12140417,12140517,-1,17,2400,-1,-1
1058,-1,,[],63,,12140418,12140418,12140518,-1,18,2600,-1,-1
1059,-1,,[],63,,12140419,12140419,12140519,-1,19,2800,-1,-1
1060,-1,,[],63,,12140420,12140420,12140520,-1,20,3000,-1,-1
1061,-1,,[],63,,12140421,12140421,12140521,-1,21,3200,-1,-1
1062,-1,,[],63,,12140422,12140422,12140522,-1,22,3400,-1,-1
1063,-1,,[],63,,12140423,12140423,12140523,-1,23,3600,-1,-1
1064,-1,,[],63,,12140424,12140424,12140524,-1,24,3800,-1,-1
1065,-1,,[],63,,12140425,12140425,12140525,-1,25,4000,-1,-1
1066,-1,,[],64,,12140601,12140601,12140701,-1,1,50,-1,-1
1067,-1,,[],64,,12140602,12140602,12140702,-1,2,100,-1,-1
1068,-1,,[],64,,12140603,12140603,12140703,-1,3,150,-1,-1
1069,-1,,[],64,,12140604,12140604,12140704,-1,4,200,-1,-1
1070,-1,,[],64,,12140605,12140605,12140705,-1,5,250,-1,-1
1071,-1,,[],64,,12140606,12140606,12140706,-1,6,300,-1,-1
1072,-1,,[],64,,12140607,12140607,12140707,-1,7,350,-1,-1
1073,-1,,[],64,,12140608,12140608,12140708,-1,8,400,-1,-1
1074,-1,,[],64,,12140609,12140609,12140709,-1,9,450,-1,-1
1075,-1,,[],64,,12140610,12140610,12140710,-1,10,500,-1,-1
1076,-1,,[],64,,12140611,12140611,12140711,-1,11,600,-1,-1
1077,-1,,[],64,,12140612,12140612,12140712,-1,12,700,-1,-1
1078,-1,,[],64,,12140613,12140613,12140713,-1,13,800,-1,-1
1079,-1,,[],64,,12140614,12140614,12140714,-1,14,900,-1,-1
1080,-1,,[],64,,12140615,12140615,12140715,-1,15,1000,-1,-1
1081,-1,,[],64,,12140616,12140616,12140716,-1,16,1100,-1,-1
1082,-1,,[],64,,12140617,12140617,12140717,-1,17,1200,-1,-1
1083,-1,,[],64,,12140618,12140618,12140718,-1,18,1300,-1,-1
1084,-1,,[],64,,12140619,12140619,12140719,-1,19,1400,-1,-1
1085,-1,,[],64,,12140620,12140620,12140720,-1,20,1500,-1,-1
1086,-1,,[],64,,12140621,12140621,12140721,-1,21,1600,-1,-1
1087,-1,,[],64,,12140622,12140622,12140722,-1,22,1700,-1,-1
1088,-1,,[],64,,12140623,12140623,12140723,-1,23,1800,-1,-1
1089,-1,,[],64,,12140624,12140624,12140724,-1,24,1900,-1,-1
1090,-1,,[],64,,12140625,12140625,12140725,-1,25,2000,-1,-1
1091,-1,,[],65,,12150001,12150001,-1,-1,1,300,-1,-1
1092,-1,,[],65,,12150002,12150002,-1,-1,2,1280,-1,-1
1093,-1,,[],65,,12150003,12150003,-1,-1,3,3280,-1,-1
1094,-1,,[],65,,12150004,12150004,-1,-1,4,6480,-1,-1
1095,-1,,[],65,,12150005,12150005,-1,-1,5,15000,-1,-1
1096,-1,,[],65,,12150006,12150006,-1,-1,6,30000,-1,-1
1097,-1,,[],66,,12150101,12150101,12150201,-1,1,100,-1,-1
1098,-1,,[],66,,12150102,12150102,12150202,-1,2,200,-1,-1
1099,-1,,[],66,,12150103,12150103,12150203,-1,3,300,-1,-1
1100,-1,,[],66,,12150104,12150104,12150204,-1,4,400,-1,-1
1101,-1,,[],66,,12150105,12150105,12150205,-1,5,500,-1,-1
1102,-1,,[],66,,12150106,12150106,12150206,-1,6,600,-1,-1
1103,-1,,[],66,,12150107,12150107,12150207,-1,7,700,-1,-1
1104,-1,,[],66,,12150108,12150108,12150208,-1,8,800,-1,-1
1105,-1,,[],66,,12150109,12150109,12150209,-1,9,900,-1,-1
1106,-1,,[],66,,12150110,12150110,12150210,-1,10,1000,-1,-1
1107,-1,,[],66,,12150111,12150111,12150211,-1,11,1200,-1,-1
1108,-1,,[],66,,12150112,12150112,12150212,-1,12,1400,-1,-1
1109,-1,,[],66,,12150113,12150113,12150213,-1,13,1600,-1,-1
1110,-1,,[],66,,12150114,12150114,12150214,-1,14,1800,-1,-1
1111,-1,,[],66,,12150115,12150115,12150215,-1,15,2000,-1,-1
1112,-1,,[],66,,12150116,12150116,12150216,-1,16,2200,-1,-1
1113,-1,,[],66,,12150117,12150117,12150217,-1,17,2400,-1,-1
1114,-1,,[],66,,12150118,12150118,12150218,-1,18,2600,-1,-1
1115,-1,,[],66,,12150119,12150119,12150219,-1,19,2800,-1,-1
1116,-1,,[],66,,12150120,12150120,12150220,-1,20,3000,-1,-1
1117,-1,,[],66,,12150121,12150121,12150221,-1,21,3200,-1,-1
1118,-1,,[],66,,12150122,12150122,12150222,-1,22,3400,-1,-1
1119,-1,,[],66,,12150123,12150123,12150223,-1,23,3600,-1,-1
1120,-1,,[],66,,12150124,12150124,12150224,-1,24,3800,-1,-1
1121,-1,,[],66,,12150125,12150125,12150225,-1,25,4000,-1,-1
1122,-1,,[],67,,12152201,12152201,12152301,-1,1,100,-1,-1
1123,-1,,[],67,,12152202,12152202,12152302,-1,2,200,-1,-1
1124,-1,,[],67,,12152203,12152203,12152303,-1,3,300,-1,-1
1125,-1,,[],67,,12152204,12152204,12152304,-1,4,400,-1,-1
1126,-1,,[],67,,12152205,12152205,12152305,-1,5,500,-1,-1
1127,-1,,[],67,,12152206,12152206,12152306,-1,6,600,-1,-1
1128,-1,,[],67,,12152207,12152207,12152307,-1,7,700,-1,-1
1129,-1,,[],67,,12152208,12152208,12152308,-1,8,800,-1,-1
1130,-1,,[],67,,12152209,12152209,12152309,-1,9,900,-1,-1
1131,-1,,[],67,,12152210,12152210,12152310,-1,10,1000,-1,-1
1132,-1,,[],67,,12152211,12152211,12152311,-1,11,1100,-1,-1
1133,-1,,[],67,,12152212,12152212,12152312,-1,12,1200,-1,-1
1134,-1,,[],67,,12152213,12152213,12152313,-1,13,1300,-1,-1
1135,-1,,[],67,,12152214,12152214,12152314,-1,14,1400,-1,-1
1136,-1,,[],67,,12152215,12152215,12152315,-1,15,1500,-1,-1
1137,-1,,[],67,,12152216,12152216,12152316,-1,16,1650,-1,-1
1138,-1,,[],67,,12152217,12152217,12152317,-1,17,1800,-1,-1
1139,-1,,[],67,,12152218,12152218,12152318,-1,18,1950,-1,-1
1140,-1,,[],67,,12152219,12152219,12152319,-1,19,2100,-1,-1
1141,-1,,[],67,,12152220,12152220,12152320,-1,20,2250,-1,-1
1142,-1,,[],67,,12152221,12152221,12152321,-1,21,2400,-1,-1
1143,-1,,[],67,,12152222,12152222,12152322,-1,22,2600,-1,-1
1144,-1,,[],67,,12152223,12152223,12152323,-1,23,2800,-1,-1
1145,-1,,[],67,,12152224,12152224,12152324,-1,24,3000,-1,-1
1146,-1,,[],67,,12152225,12152225,12152325,-1,25,3200,-1,-1
1147,-1,,[],68,,12146001,12146001,12197001,-1,1,100,-1,-1
1148,-1,,[],68,,12146002,12146002,12197002,-1,2,200,-1,-1
1149,-1,,[],68,,12146003,12146003,12197003,-1,3,300,-1,-1
1150,-1,,[],68,,12146004,12146004,12197004,-1,4,400,-1,-1
1151,-1,,[],68,,12146005,12146005,12197005,-1,5,500,-1,-1
1152,-1,,[],68,,12146006,12146006,12197006,-1,6,600,-1,-1
1153,-1,,[],68,,12146007,12146007,12197007,-1,7,700,-1,-1
1154,-1,,[],68,,12146008,12146008,12197008,-1,8,800,-1,-1
1155,-1,,[],68,,12146009,12146009,12197009,-1,9,900,-1,-1
1156,-1,,[],68,,12146010,12146010,12197010,-1,10,1000,-1,-1
1157,-1,,[],68,,12146011,12146011,12197011,-1,11,1100,-1,-1
1158,-1,,[],68,,12146012,12146012,12197012,-1,12,1200,-1,-1
1159,-1,,[],68,,12146013,12146013,12197013,-1,13,1300,-1,-1
1160,-1,,[],68,,12146014,12146014,12197014,-1,14,1400,-1,-1
1161,-1,,[],68,,12146015,12146015,12197015,-1,15,1500,-1,-1
1162,-1,,[],68,,12146016,12146016,12197016,-1,16,1600,-1,-1
1163,-1,,[],68,,12146017,12146017,12197017,-1,17,1700,-1,-1
1164,-1,,[],68,,12146018,12146018,12197018,-1,18,1800,-1,-1
1165,-1,,[],68,,12146019,12146019,12197019,-1,19,1900,-1,-1
1166,-1,,[],68,,12146020,12146020,12197020,-1,20,2000,-1,-1
1167,-1,,[],68,,12146021,12146021,12197021,-1,21,2100,-1,-1
1168,-1,,[],68,,12146022,12146022,12197022,-1,22,2200,-1,-1
1169,-1,,[],68,,12146023,12146023,12197023,-1,23,2300,-1,-1
1170,-1,,[],68,,12146024,12146024,12197024,-1,24,2400,-1,-1
1171,-1,,[],68,,12146025,12146025,12197025,-1,25,2500,-1,-1
1172,-1,,[],69,,12146001,12146001,12197026,-1,1,100,-1,-1
1173,-1,,[],69,,12146002,12146002,12197027,-1,2,200,-1,-1
1174,-1,,[],69,,12146003,12146003,12197028,-1,3,300,-1,-1
1175,-1,,[],69,,12146004,12146004,12197029,-1,4,400,-1,-1
1176,-1,,[],69,,12146005,12146005,12197030,-1,5,500,-1,-1
1177,-1,,[],69,,12146006,12146006,12197031,-1,6,600,-1,-1
1178,-1,,[],69,,12146007,12146007,12197032,-1,7,700,-1,-1
1179,-1,,[],69,,12146008,12146008,12197033,-1,8,800,-1,-1
1180,-1,,[],69,,12146009,12146009,12197034,-1,9,900,-1,-1
1181,-1,,[],69,,12146010,12146010,12197035,-1,10,1000,-1,-1
1182,-1,,[],69,,12146011,12146011,12197036,-1,11,1100,-1,-1
1183,-1,,[],69,,12146012,12146012,12197037,-1,12,1200,-1,-1
1184,-1,,[],69,,12146013,12146013,12197038,-1,13,1300,-1,-1
1185,-1,,[],69,,12146014,12146014,12197039,-1,14,1400,-1,-1
1186,-1,,[],69,,12146015,12146015,12197040,-1,15,1500,-1,-1
1187,-1,,[],69,,12146016,12146016,12197041,-1,16,1600,-1,-1
1188,-1,,[],69,,12146017,12146017,12197042,-1,17,1700,-1,-1
1189,-1,,[],69,,12146018,12146018,12197043,-1,18,1800,-1,-1
1190,-1,,[],69,,12146019,12146019,12197044,-1,19,1900,-1,-1
1191,-1,,[],69,,12146020,12146020,12197045,-1,20,2000,-1,-1
1192,-1,,[],69,,12146021,12146021,12197046,-1,21,2100,-1,-1
1193,-1,,[],69,,12146022,12146022,12197047,-1,22,2200,-1,-1
1194,-1,,[],69,,12146023,12146023,12197048,-1,23,2300,-1,-1
1195,-1,,[],69,,12146024,12146024,12197049,-1,24,2400,-1,-1
1196,-1,,[],69,,12146025,12146025,12197050,-1,25,2500,-1,-1
1197,-1,,[],70,,12200401,12200401,12200501,-1,1,100,-1,-1
1198,-1,,[],70,,12200402,12200402,12200502,-1,2,200,-1,-1
1199,-1,,[],70,,12200403,12200403,12200503,-1,3,300,-1,-1
1200,-1,,[],70,,12200404,12200404,12200504,-1,4,400,-1,-1
1201,-1,,[],70,,12200405,12200405,12200505,-1,5,500,-1,-1
1202,-1,,[],70,,12200406,12200406,12200506,-1,6,600,-1,-1
1203,-1,,[],70,,12200407,12200407,12200507,-1,7,700,-1,-1
1204,-1,,[],70,,12200408,12200408,12200508,-1,8,800,-1,-1
1205,-1,,[],70,,12200409,12200409,12200509,-1,9,900,-1,-1
1206,-1,,[],70,,12200410,12200410,12200510,-1,10,1000,-1,-1
1207,-1,,[],70,,12200411,12200411,12200511,-1,11,1100,-1,-1
1208,-1,,[],70,,12200412,12200412,12200512,-1,12,1200,-1,-1
1209,-1,,[],70,,12200413,12200413,12200513,-1,13,1300,-1,-1
1210,-1,,[],70,,12200414,12200414,12200514,-1,14,1400,-1,-1
1211,-1,,[],70,,12200415,12200415,12200515,-1,15,1500,-1,-1
1212,-1,,[],70,,12200416,12200416,12200516,-1,16,1650,-1,-1
1213,-1,,[],70,,12200417,12200417,12200517,-1,17,1800,-1,-1
1214,-1,,[],70,,12200418,12200418,12200518,-1,18,1950,-1,-1
1215,-1,,[],70,,12200419,12200419,12200519,-1,19,2100,-1,-1
1216,-1,,[],70,,12200420,12200420,12200520,-1,20,2250,-1,-1
1217,-1,,[],70,,12200421,12200421,12200521,-1,21,2400,-1,-1
1218,-1,,[],70,,12200422,12200422,12200522,-1,22,2600,-1,-1
1219,-1,,[],70,,12200423,12200423,12200523,-1,23,2800,-1,-1
1220,-1,,[],70,,12200424,12200424,12200524,-1,24,3000,-1,-1
1221,-1,,[],70,,12200425,12200425,12200525,-1,25,3200,-1,-1
1222,-1,,[],71,,12200201,12200201,-1,-1,1,60,-1,-1
1223,-1,,[],71,,12200202,12200202,-1,-1,2,80,-1,-1
1224,-1,,[],71,,12200203,12200203,-1,-1,3,100,-1,-1
1225,-1,,[],71,,12200204,12200204,-1,-1,4,150,-1,-1
1226,-1,,[],71,,12200205,12200205,-1,-1,5,200,-1,-1
1227,-1,,[],71,,12200206,12200206,-1,-1,6,300,-1,-1
1228,-1,,[],72,,12200601,12200601,-1,-1,1,10000,200,-1
1229,-1,,[],72,,12200602,12200602,-1,-1,2,20000,400,-1
1230,-1,,[],72,,12200603,12200603,-1,-1,3,30000,600,-1
1231,-1,,[],72,,12200604,12200604,-1,-1,4,40000,800,-1
1232,-1,,[],72,,12200605,12200605,-1,-1,5,55000,1000,-1
1233,-1,,[],72,,12200606,12200606,-1,-1,6,75000,1200,-1
1234,-1,,[],72,,12200607,12200607,-1,-1,7,95000,1400,-1
1235,-1,,[],72,,12200608,12200608,-1,-1,8,115000,1600,-1
1236,-1,,[],72,,12200609,12200609,-1,-1,9,130000,1800,-1
1237,-1,,[],72,,12200610,12200610,-1,-1,10,150000,2000,-1
1238,-1,,[],73,,12210101,12210101,-1,-1,1,60,-1,-1
1239,-1,,[],73,,12210102,12210102,-1,-1,2,100,-1,-1
1240,-1,,[],73,,12210103,12210103,-1,-1,3,150,-1,-1
1241,-1,,[],73,,12210104,12210104,-1,-1,4,200,-1,-1
1242,-1,,[],73,,12210105,12210105,-1,-1,5,300,-1,-1
1243,-1,,[],73,,12210106,12210106,-1,-1,6,500,-1,-1
1244,-1,,[],74,,12210301,12210301,12210401,-1,1,100,-1,-1
1245,-1,,[],74,,12210302,12210302,12210402,-1,2,200,-1,-1
1246,-1,,[],74,,12210303,12210303,12210403,-1,3,300,-1,-1
1247,-1,,[],74,,12210304,12210304,12210404,-1,4,400,-1,-1
1248,-1,,[],74,,12210305,12210305,12210405,-1,5,500,-1,-1
1249,-1,,[],74,,12210306,12210306,12210406,-1,6,600,-1,-1
1250,-1,,[],74,,12210307,12210307,12210407,-1,7,700,-1,-1
1251,-1,,[],74,,12210308,12210308,12210408,-1,8,800,-1,-1
1252,-1,,[],74,,12210309,12210309,12210409,-1,9,900,-1,-1
1253,-1,,[],74,,12210310,12210310,12210410,-1,10,1000,-1,-1
1254,-1,,[],74,,12210311,12210311,12210411,-1,11,1200,-1,-1
1255,-1,,[],74,,12210312,12210312,12210412,-1,12,1400,-1,-1
1256,-1,,[],74,,12210313,12210313,12210413,-1,13,1600,-1,-1
1257,-1,,[],74,,12210314,12210314,12210414,-1,14,1800,-1,-1
1258,-1,,[],74,,12210315,12210315,12210415,-1,15,2000,-1,-1
1259,-1,,[],74,,12210316,12210316,12210416,-1,16,2200,-1,-1
1260,-1,,[],74,,12210317,12210317,12210417,-1,17,2400,-1,-1
1261,-1,,[],74,,12210318,12210318,12210418,-1,18,2600,-1,-1
1262,-1,,[],74,,12210319,12210319,12210419,-1,19,2800,-1,-1
1263,-1,,[],74,,12210320,12210320,12210420,-1,20,3000,-1,-1
1264,-1,,[],74,,12210321,12210321,12210421,-1,21,3200,-1,-1
1265,-1,,[],74,,12210322,12210322,12210422,-1,22,3400,-1,-1
1266,-1,,[],74,,12210323,12210323,12210423,-1,23,3600,-1,-1
1267,-1,,[],74,,12210324,12210324,12210424,-1,24,3800,-1,-1
1268,-1,,[],74,,12210325,12210325,12210425,-1,25,4000,-1,-1
1269,-1,,[],75,,12210501,12210501,12210601,-1,1,100,-1,-1
1270,-1,,[],75,,12210502,12210502,12210602,-1,2,200,-1,-1
1271,-1,,[],75,,12210503,12210503,12210603,-1,3,300,-1,-1
1272,-1,,[],75,,12210504,12210504,12210604,-1,4,400,-1,-1
1273,-1,,[],75,,12210505,12210505,12210605,-1,5,500,-1,-1
1274,-1,,[],75,,12210506,12210506,12210606,-1,6,600,-1,-1
1275,-1,,[],75,,12210507,12210507,12210607,-1,7,700,-1,-1
1276,-1,,[],75,,12210508,12210508,12210608,-1,8,800,-1,-1
1277,-1,,[],75,,12210509,12210509,12210609,-1,9,900,-1,-1
1278,-1,,[],75,,12210510,12210510,12210610,-1,10,1000,-1,-1
1279,-1,,[],75,,12210511,12210511,12210611,-1,11,1200,-1,-1
1280,-1,,[],75,,12210512,12210512,12210612,-1,12,1400,-1,-1
1281,-1,,[],75,,12210513,12210513,12210613,-1,13,1600,-1,-1
1282,-1,,[],75,,12210514,12210514,12210614,-1,14,1800,-1,-1
1283,-1,,[],75,,12210515,12210515,12210615,-1,15,2000,-1,-1
1284,-1,,[],75,,12210516,12210516,12210616,-1,16,2200,-1,-1
1285,-1,,[],75,,12210517,12210517,12210617,-1,17,2400,-1,-1
1286,-1,,[],75,,12210518,12210518,12210618,-1,18,2600,-1,-1
1287,-1,,[],75,,12210519,12210519,12210619,-1,19,2800,-1,-1
1288,-1,,[],75,,12210520,12210520,12210620,-1,20,3000,-1,-1
1289,-1,,[],75,,12210521,12210521,12210621,-1,21,3200,-1,-1
1290,-1,,[],75,,12210522,12210522,12210622,-1,22,3400,-1,-1
1291,-1,,[],75,,12210523,12210523,12210623,-1,23,3600,-1,-1
1292,-1,,[],75,,12210524,12210524,12210624,-1,24,3800,-1,-1
1293,-1,,[],75,,12210525,12210525,12210625,-1,25,4000,-1,-1
1294,-1,,[],76,,12146001,12146001,12219101,-1,1,100,-1,-1
1295,-1,,[],76,,12146002,12146002,12219102,-1,2,200,-1,-1
1296,-1,,[],76,,12146003,12146003,12219103,-1,3,300,-1,-1
1297,-1,,[],76,,12146004,12146004,12219104,-1,4,400,-1,-1
1298,-1,,[],76,,12146005,12146005,12219105,-1,5,500,-1,-1
1299,-1,,[],76,,12146006,12146006,12219106,-1,6,600,-1,-1
1300,-1,,[],76,,12146007,12146007,12219107,-1,7,700,-1,-1
1301,-1,,[],76,,12146008,12146008,12219108,-1,8,800,-1,-1
1302,-1,,[],76,,12146009,12146009,12219109,-1,9,900,-1,-1
1303,-1,,[],76,,12146010,12146010,12219110,-1,10,1000,-1,-1
1304,-1,,[],76,,12146011,12146011,12219111,-1,11,1100,-1,-1
1305,-1,,[],76,,12146012,12146012,12219112,-1,12,1200,-1,-1
1306,-1,,[],76,,12146013,12146013,12219113,-1,13,1300,-1,-1
1307,-1,,[],76,,12146014,12146014,12219114,-1,14,1400,-1,-1
1308,-1,,[],76,,12146015,12146015,12219115,-1,15,1500,-1,-1
1309,-1,,[],76,,12146016,12146016,12219116,-1,16,1600,-1,-1
1310,-1,,[],76,,12146017,12146017,12219117,-1,17,1700,-1,-1
1311,-1,,[],76,,12146018,12146018,12219118,-1,18,1800,-1,-1
1312,-1,,[],76,,12146019,12146019,12219119,-1,19,1900,-1,-1
1313,-1,,[],76,,12146020,12146020,12219120,-1,20,2000,-1,-1
1314,-1,,[],76,,12146021,12146021,12219121,-1,21,2100,-1,-1
1315,-1,,[],76,,12146022,12146022,12219122,-1,22,2200,-1,-1
1316,-1,,[],76,,12146023,12146023,12219123,-1,23,2300,-1,-1
1317,-1,,[],76,,12146024,12146024,12219124,-1,24,2400,-1,-1
1318,-1,,[],76,,12146025,12146025,12219125,-1,25,2500,-1,-1
1319,-1,,[],77,,12220301,12220301,12220401,-1,1,100,-1,-1
1320,-1,,[],77,,12220302,12220302,12220402,-1,2,200,-1,-1
1321,-1,,[],77,,12220303,12220303,12220403,-1,3,300,-1,-1
1322,-1,,[],77,,12220304,12220304,12220404,-1,4,400,-1,-1
1323,-1,,[],77,,12220305,12220305,12220405,-1,5,500,-1,-1
1324,-1,,[],77,,12220306,12220306,12220406,-1,6,600,-1,-1
1325,-1,,[],77,,12220307,12220307,12220407,-1,7,700,-1,-1
1326,-1,,[],77,,12220308,12220308,12220408,-1,8,800,-1,-1
1327,-1,,[],77,,12220309,12220309,12220409,-1,9,900,-1,-1
1328,-1,,[],77,,12220310,12220310,12220410,-1,10,1000,-1,-1
1329,-1,,[],77,,12220311,12220311,12220411,-1,11,1200,-1,-1
1330,-1,,[],77,,12220312,12220312,12220412,-1,12,1400,-1,-1
1331,-1,,[],77,,12220313,12220313,12220413,-1,13,1600,-1,-1
1332,-1,,[],77,,12220314,12220314,12220414,-1,14,1800,-1,-1
1333,-1,,[],77,,12220315,12220315,12220415,-1,15,2000,-1,-1
1334,-1,,[],77,,12220316,12220316,12220416,-1,16,2200,-1,-1
1335,-1,,[],77,,12220317,12220317,12220417,-1,17,2400,-1,-1
1336,-1,,[],77,,12220318,12220318,12220418,-1,18,2600,-1,-1
1337,-1,,[],77,,12220319,12220319,12220419,-1,19,2800,-1,-1
1338,-1,,[],77,,12220320,12220320,12220420,-1,20,3000,-1,-1
1339,-1,,[],77,,12220321,12220321,12220421,-1,21,3200,-1,-1
1340,-1,,[],77,,12220322,12220322,12220422,-1,22,3400,-1,-1
1341,-1,,[],77,,12220323,12220323,12220423,-1,23,3600,-1,-1
1342,-1,,[],77,,12220324,12220324,12220424,-1,24,3800,-1,-1
1343,-1,,[],77,,12220325,12220325,12220425,-1,25,4000,-1,-1
1344,-1,,[],78,,12221201,12221201,-1,-1,1,300,-1,-1
1345,-1,,[],78,,12221202,12221202,-1,-1,2,1280,-1,-1
1346,-1,,[],78,,12221203,12221203,-1,-1,3,3280,-1,-1
1347,-1,,[],78,,12221204,12221204,-1,-1,4,6480,-1,-1
1348,-1,,[],78,,12221205,12221205,-1,-1,5,15000,-1,-1
1349,-1,,[],78,,12221206,12221206,-1,-1,6,30000,-1,-1
1350,-1,,[],79,,12221301,12221301,12221401,-1,1,100,-1,-1
1351,-1,,[],79,,12221302,12221302,12221402,-1,2,200,-1,-1
1352,-1,,[],79,,12221303,12221303,12221403,-1,3,300,-1,-1
1353,-1,,[],79,,12221304,12221304,12221404,-1,4,400,-1,-1
1354,-1,,[],79,,12221305,12221305,12221405,-1,5,500,-1,-1
1355,-1,,[],79,,12221306,12221306,12221406,-1,6,600,-1,-1
1356,-1,,[],79,,12221307,12221307,12221407,-1,7,700,-1,-1
1357,-1,,[],79,,12221308,12221308,12221408,-1,8,800,-1,-1
1358,-1,,[],79,,12221309,12221309,12221409,-1,9,900,-1,-1
1359,-1,,[],79,,12221310,12221310,12221410,-1,10,1000,-1,-1
1360,-1,,[],79,,12221311,12221311,12221411,-1,11,1200,-1,-1
1361,-1,,[],79,,12221312,12221312,12221412,-1,12,1400,-1,-1
1362,-1,,[],79,,12221313,12221313,12221413,-1,13,1600,-1,-1
1363,-1,,[],79,,12221314,12221314,12221414,-1,14,1800,-1,-1
1364,-1,,[],79,,12221315,12221315,12221415,-1,15,2000,-1,-1
1365,-1,,[],79,,12221316,12221316,12221416,-1,16,2200,-1,-1
1366,-1,,[],79,,12221317,12221317,12221417,-1,17,2400,-1,-1
1367,-1,,[],79,,12221318,12221318,12221418,-1,18,2600,-1,-1
1368,-1,,[],79,,12221319,12221319,12221419,-1,19,2800,-1,-1
1369,-1,,[],79,,12221320,12221320,12221420,-1,20,3000,-1,-1
1370,-1,,[],79,,12221321,12221321,12221421,-1,21,3200,-1,-1
1371,-1,,[],79,,12221322,12221322,12221422,-1,22,3400,-1,-1
1372,-1,,[],79,,12221323,12221323,12221423,-1,23,3600,-1,-1
1373,-1,,[],79,,12221324,12221324,12221424,-1,24,3800,-1,-1
1374,-1,,[],79,,12221325,12221325,12221425,-1,25,4000,-1,-1
1375,-1,,[],80,,12221501,12221501,12221601,-1,1,100,-1,-1
1376,-1,,[],80,,12221502,12221502,12221602,-1,2,200,-1,-1
1377,-1,,[],80,,12221503,12221503,12221603,-1,3,300,-1,-1
1378,-1,,[],80,,12221504,12221504,12221604,-1,4,400,-1,-1
1379,-1,,[],80,,12221505,12221505,12221605,-1,5,500,-1,-1
1380,-1,,[],80,,12221506,12221506,12221606,-1,6,600,-1,-1
1381,-1,,[],80,,12221507,12221507,12221607,-1,7,700,-1,-1
1382,-1,,[],80,,12221508,12221508,12221608,-1,8,800,-1,-1
1383,-1,,[],80,,12221509,12221509,12221609,-1,9,900,-1,-1
1384,-1,,[],80,,12221510,12221510,12221610,-1,10,1000,-1,-1
1385,-1,,[],80,,12221511,12221511,12221611,-1,11,1200,-1,-1
1386,-1,,[],80,,12221512,12221512,12221612,-1,12,1400,-1,-1
1387,-1,,[],80,,12221513,12221513,12221613,-1,13,1600,-1,-1
1388,-1,,[],80,,12221514,12221514,12221614,-1,14,1800,-1,-1
1389,-1,,[],80,,12221515,12221515,12221615,-1,15,2000,-1,-1
1390,-1,,[],80,,12221516,12221516,12221616,-1,16,2200,-1,-1
1391,-1,,[],80,,12221517,12221517,12221617,-1,17,2400,-1,-1
1392,-1,,[],80,,12221518,12221518,12221618,-1,18,2600,-1,-1
1393,-1,,[],80,,12221519,12221519,12221619,-1,19,2800,-1,-1
1394,-1,,[],80,,12221520,12221520,12221620,-1,20,3000,-1,-1
1395,-1,,[],80,,12221521,12221521,12221621,-1,21,3200,-1,-1
1396,-1,,[],80,,12221522,12221522,12221622,-1,22,3400,-1,-1
1397,-1,,[],80,,12221523,12221523,12221623,-1,23,3600,-1,-1
1398,-1,,[],80,,12221524,12221524,12221624,-1,24,3800,-1,-1
1399,-1,,[],80,,12221525,12221525,12221625,-1,25,4000,-1,-1
1400,-1,,[],81,,12281501,12281501,-1,-1,1,300,-1,-1
1401,-1,,[],81,,12281502,12281502,-1,-1,2,1280,-1,-1
1402,-1,,[],81,,12281503,12281503,-1,-1,3,3280,-1,-1
1403,-1,,[],81,,12281504,12281504,-1,-1,4,6480,-1,-1
1404,-1,,[],81,,12281505,12281505,-1,-1,5,15000,-1,-1
1405,-1,,[],81,,12281506,12281506,-1,-1,6,30000,-1,-1
1406,-1,,[],82,,12281601,12281601,12281701,-1,1,100,-1,-1
1407,-1,,[],82,,12281602,12281602,12281702,-1,2,200,-1,-1
1408,-1,,[],82,,12281603,12281603,12281703,-1,3,300,-1,-1
1409,-1,,[],82,,12281604,12281604,12281704,-1,4,400,-1,-1
1410,-1,,[],82,,12281605,12281605,12281705,-1,5,500,-1,-1
1411,-1,,[],82,,12281606,12281606,12281706,-1,6,600,-1,-1
1412,-1,,[],82,,12281607,12281607,12281707,-1,7,700,-1,-1
1413,-1,,[],82,,12281608,12281608,12281708,-1,8,800,-1,-1
1414,-1,,[],82,,12281609,12281609,12281709,-1,9,900,-1,-1
1415,-1,,[],82,,12281610,12281610,12281710,-1,10,1000,-1,-1
1416,-1,,[],82,,12281611,12281611,12281711,-1,11,1200,-1,-1
1417,-1,,[],82,,12281612,12281612,12281712,-1,12,1400,-1,-1
1418,-1,,[],82,,12281613,12281613,12281713,-1,13,1600,-1,-1
1419,-1,,[],82,,12281614,12281614,12281714,-1,14,1800,-1,-1
1420,-1,,[],82,,12281615,12281615,12281715,-1,15,2000,-1,-1
1421,-1,,[],82,,12281616,12281616,12281716,-1,16,2200,-1,-1
1422,-1,,[],82,,12281617,12281617,12281717,-1,17,2400,-1,-1
1423,-1,,[],82,,12281618,12281618,12281718,-1,18,2600,-1,-1
1424,-1,,[],82,,12281619,12281619,12281719,-1,19,2800,-1,-1
1425,-1,,[],82,,12281620,12281620,12281720,-1,20,3000,-1,-1
1426,-1,,[],82,,12281621,12281621,12281721,-1,21,3200,-1,-1
1427,-1,,[],82,,12281622,12281622,12281722,-1,22,3400,-1,-1
1428,-1,,[],82,,12281623,12281623,12281723,-1,23,3600,-1,-1
1429,-1,,[],82,,12281624,12281624,12281724,-1,24,3800,-1,-1
1430,-1,,[],82,,12281625,12281625,12281725,-1,25,4000,-1,-1
1431,-1,,[],83,,12290001,12290001,-1,-1,1,300,-1,-1
1432,-1,,[],83,,12290002,12290002,-1,-1,2,1280,-1,-1
1433,-1,,[],83,,12290003,12290003,-1,-1,3,3280,-1,-1
1434,-1,,[],83,,12290004,12290004,-1,-1,4,6480,-1,-1
1435,-1,,[],83,,12290005,12290005,-1,-1,5,15000,-1,-1
1436,-1,,[],83,,12290006,12290006,-1,-1,6,30000,-1,-1
1437,-1,,[],84,,12298001,12298001,12298101,-1,1,100,-1,-1
1438,-1,,[],84,,12298002,12298002,12298102,-1,2,200,-1,-1
1439,-1,,[],84,,12298003,12298003,12298103,-1,3,300,-1,-1
1440,-1,,[],84,,12298004,12298004,12298104,-1,4,400,-1,-1
1441,-1,,[],84,,12298005,12298005,12298105,-1,5,500,-1,-1
1442,-1,,[],84,,12298006,12298006,12298106,-1,6,600,-1,-1
1443,-1,,[],84,,12298007,12298007,12298107,-1,7,700,-1,-1
1444,-1,,[],84,,12298008,12298008,12298108,-1,8,800,-1,-1
1445,-1,,[],84,,12298009,12298009,12298109,-1,9,900,-1,-1
1446,-1,,[],84,,12298010,12298010,12298110,-1,10,1000,-1,-1
1447,-1,,[],84,,12298011,12298011,12298111,-1,11,1100,-1,-1
1448,-1,,[],84,,12298012,12298012,12298112,-1,12,1200,-1,-1
1449,-1,,[],84,,12298013,12298013,12298113,-1,13,1300,-1,-1
1450,-1,,[],84,,12298014,12298014,12298114,-1,14,1400,-1,-1
1451,-1,,[],84,,12298015,12298015,12298115,-1,15,1500,-1,-1
1452,-1,,[],84,,12298016,12298016,12298116,-1,16,1650,-1,-1
1453,-1,,[],84,,12298017,12298017,12298117,-1,17,1800,-1,-1
1454,-1,,[],84,,12298018,12298018,12298118,-1,18,1950,-1,-1
1455,-1,,[],84,,12298019,12298019,12298119,-1,19,2100,-1,-1
1456,-1,,[],84,,12298020,12298020,12298120,-1,20,2250,-1,-1
1457,-1,,[],84,,12298021,12298021,12298121,-1,21,2400,-1,-1
1458,-1,,[],84,,12298022,12298022,12298122,-1,22,2600,-1,-1
1459,-1,,[],84,,12298023,12298023,12298123,-1,23,2800,-1,-1
1460,-1,,[],84,,12298024,12298024,12298124,-1,24,3000,-1,-1
1461,-1,,[],84,,12298025,12298025,12298125,-1,25,3200,-1,-1
1462,-1,,[],85,,12298026,12298026,12298126,-1,1,100,-1,-1
1463,-1,,[],85,,12298027,12298027,12298127,-1,2,200,-1,-1
1464,-1,,[],85,,12298028,12298028,12298128,-1,3,300,-1,-1
1465,-1,,[],85,,12298029,12298029,12298129,-1,4,400,-1,-1
1466,-1,,[],85,,12298030,12298030,12298130,-1,5,500,-1,-1
1467,-1,,[],85,,12298031,12298031,12298131,-1,6,600,-1,-1
1468,-1,,[],85,,12298032,12298032,12298132,-1,7,700,-1,-1
1469,-1,,[],85,,12298033,12298033,12298133,-1,8,800,-1,-1
1470,-1,,[],85,,12298034,12298034,12298134,-1,9,900,-1,-1
1471,-1,,[],85,,12298035,12298035,12298135,-1,10,1000,-1,-1
1472,-1,,[],85,,12298036,12298036,12298136,-1,11,1100,-1,-1
1473,-1,,[],85,,12298037,12298037,12298137,-1,12,1200,-1,-1
1474,-1,,[],85,,12298038,12298038,12298138,-1,13,1300,-1,-1
1475,-1,,[],85,,12298039,12298039,12298139,-1,14,1400,-1,-1
1476,-1,,[],85,,12298040,12298040,12298140,-1,15,1500,-1,-1
1477,-1,,[],85,,12298041,12298041,12298141,-1,16,1650,-1,-1
1478,-1,,[],85,,12298042,12298042,12298142,-1,17,1800,-1,-1
1479,-1,,[],85,,12298043,12298043,12298143,-1,18,1950,-1,-1
1480,-1,,[],85,,12298044,12298044,12298144,-1,19,2100,-1,-1
1481,-1,,[],85,,12298045,12298045,12298145,-1,20,2250,-1,-1
1482,-1,,[],85,,12298046,12298046,12298146,-1,21,2400,-1,-1
1483,-1,,[],85,,12298047,12298047,12298147,-1,22,2600,-1,-1
1484,-1,,[],85,,12298048,12298048,12298148,-1,23,2800,-1,-1
1485,-1,,[],85,,12298049,12298049,12298149,-1,24,3000,-1,-1
1486,-1,,[],85,,12298050,12298050,12298150,-1,25,3200,-1,-1
1487,-1,,[],86,,12293301,12293301,12293401,-1,1,100,-1,-1
1488,-1,,[],86,,12293302,12293302,12293402,-1,2,200,-1,-1
1489,-1,,[],86,,12293303,12293303,12293403,-1,3,300,-1,-1
1490,-1,,[],86,,12293304,12293304,12293404,-1,4,400,-1,-1
1491,-1,,[],86,,12293305,12293305,12293405,-1,5,500,-1,-1
1492,-1,,[],86,,12293306,12293306,12293406,-1,6,600,-1,-1
1493,-1,,[],86,,12293307,12293307,12293407,-1,7,700,-1,-1
1494,-1,,[],86,,12293308,12293308,12293408,-1,8,800,-1,-1
1495,-1,,[],86,,12293309,12293309,12293409,-1,9,900,-1,-1
1496,-1,,[],86,,12293310,12293310,12293410,-1,10,1000,-1,-1
1497,-1,,[],86,,12293311,12293311,12293411,-1,11,1200,-1,-1
1498,-1,,[],86,,12293312,12293312,12293412,-1,12,1400,-1,-1
1499,-1,,[],86,,12293313,12293313,12293413,-1,13,1600,-1,-1
1500,-1,,[],86,,12293314,12293314,12293414,-1,14,1800,-1,-1
1501,-1,,[],86,,12293315,12293315,12293415,-1,15,2000,-1,-1
1502,-1,,[],86,,12293316,12293316,12293416,-1,16,2200,-1,-1
1503,-1,,[],86,,12293317,12293317,12293417,-1,17,2400,-1,-1
1504,-1,,[],86,,12293318,12293318,12293418,-1,18,2600,-1,-1
1505,-1,,[],86,,12293319,12293319,12293419,-1,19,2800,-1,-1
1506,-1,,[],86,,12293320,12293320,12293420,-1,20,3000,-1,-1
1507,-1,,[],86,,12293321,12293321,12293421,-1,21,3200,-1,-1
1508,-1,,[],86,,12293322,12293322,12293422,-1,22,3400,-1,-1
1509,-1,,[],86,,12293323,12293323,12293423,-1,23,3600,-1,-1
1510,-1,,[],86,,12293324,12293324,12293424,-1,24,3800,-1,-1
1511,-1,,[],86,,12293325,12293325,12293425,-1,25,4000,-1,-1
1512,-1,,[],87,,12293101,12293101,-1,-1,1,50,-1,-1
1513,-1,,[],87,,12293102,12293102,-1,-1,2,100,-1,-1
1514,-1,,[],87,,12293103,12293103,-1,-1,3,200,-1,-1
1515,-1,,[],87,,12293104,12293104,-1,-1,4,400,-1,-1
1516,-1,,[],87,,12293105,12293105,-1,-1,5,600,-1,-1
1517,-1,,[],88,,401045101,401045101,-1,-1,1,50,-1,-1
1518,-1,,[],88,,401045102,401045102,-1,-1,2,100,-1,-1
1519,-1,,[],88,,401045103,401045103,-1,-1,3,150,-1,-1
1520,-1,,[],88,,401045104,401045104,-1,-1,4,250,-1,-1
1521,-1,,[],88,,401045105,401045105,-1,-1,5,400,-1,-1
1522,-1,,[],89,,401045301,401045301,-1,-1,1,15000,500,-1
1523,-1,,[],89,,401045302,401045302,-1,-1,2,20000,800,-1
1524,-1,,[],89,,401045303,401045303,-1,-1,3,35000,1100,-1
1525,-1,,[],89,,401045304,401045304,-1,-1,4,50000,1400,-1
1526,-1,,[],89,,401045305,401045305,-1,-1,5,75000,1700,-1
1527,-1,,[],89,,401045306,401045306,-1,-1,6,100000,1900,-1
1528,-1,,[],89,,401045307,401045307,-1,-1,7,125000,2150,-1
1529,-1,,[],89,,401045308,401045308,-1,-1,8,150000,2520,-1
1530,-1,,[],89,,401045309,401045309,-1,-1,9,180000,2900,-1
1531,-1,,[],89,,401045310,401045310,-1,-1,10,200000,3300,-1
1532,-1,,[],90,,401046001,401046001,401046101,-1,1,100,-1,-1
1533,-1,,[],90,,401046002,401046002,401046102,-1,2,200,-1,-1
1534,-1,,[],90,,401046003,401046003,401046103,-1,3,300,-1,-1
1535,-1,,[],90,,401046004,401046004,401046104,-1,4,400,-1,-1
1536,-1,,[],90,,401046005,401046005,401046105,-1,5,500,-1,-1
1537,-1,,[],90,,401046006,401046006,401046106,-1,6,600,-1,-1
1538,-1,,[],90,,401046007,401046007,401046107,-1,7,700,-1,-1
1539,-1,,[],90,,401046008,401046008,401046108,-1,8,800,-1,-1
1540,-1,,[],90,,401046009,401046009,401046109,-1,9,900,-1,-1
1541,-1,,[],90,,401046010,401046010,401046110,-1,10,1000,-1,-1
1542,-1,,[],90,,401046011,401046011,401046111,-1,11,1200,-1,-1
1543,-1,,[],90,,401046012,401046012,401046112,-1,12,1400,-1,-1
1544,-1,,[],90,,401046013,401046013,401046113,-1,13,1600,-1,-1
1545,-1,,[],90,,401046014,401046014,401046114,-1,14,1800,-1,-1
1546,-1,,[],90,,401046015,401046015,401046115,-1,15,2000,-1,-1
1547,-1,,[],90,,401046016,401046016,401046116,-1,16,2200,-1,-1
1548,-1,,[],90,,401046017,401046017,401046117,-1,17,2400,-1,-1
1549,-1,,[],90,,401046018,401046018,401046118,-1,18,2600,-1,-1
1550,-1,,[],90,,401046019,401046019,401046119,-1,19,2800,-1,-1
1551,-1,,[],90,,401046020,401046020,401046120,-1,20,3000,-1,-1
1552,-1,,[],90,,401046021,401046021,401046121,-1,21,3200,-1,-1
1553,-1,,[],90,,401046022,401046022,401046122,-1,22,3400,-1,-1
1554,-1,,[],90,,401046023,401046023,401046123,-1,23,3600,-1,-1
1555,-1,,[],90,,401046024,401046024,401046124,-1,24,3800,-1,-1
1556,-1,,[],90,,401046025,401046025,401046125,-1,25,4000,-1,-1
1557,-1,,[],91,,401056001,401056001,401056101,-1,1,100,-1,-1
1558,-1,,[],91,,401056002,401056002,401056102,-1,2,200,-1,-1
1559,-1,,[],91,,401056003,401056003,401056103,-1,3,300,-1,-1
1560,-1,,[],91,,401056004,401056004,401056104,-1,4,400,-1,-1
1561,-1,,[],91,,401056005,401056005,401056105,-1,5,500,-1,-1
1562,-1,,[],91,,401056006,401056006,401056106,-1,6,600,-1,-1
1563,-1,,[],91,,401056007,401056007,401056107,-1,7,700,-1,-1
1564,-1,,[],91,,401056008,401056008,401056108,-1,8,800,-1,-1
1565,-1,,[],91,,401056009,401056009,401056109,-1,9,900,-1,-1
1566,-1,,[],91,,401056010,401056010,401056110,-1,10,1000,-1,-1
1567,-1,,[],91,,401056011,401056011,401056111,-1,11,1100,-1,-1
1568,-1,,[],91,,401056012,401056012,401056112,-1,12,1200,-1,-1
1569,-1,,[],91,,401056013,401056013,401056113,-1,13,1300,-1,-1
1570,-1,,[],91,,401056014,401056014,401056114,-1,14,1400,-1,-1
1571,-1,,[],91,,401056015,401056015,401056115,-1,15,1500,-1,-1
1572,-1,,[],91,,401056016,401056016,401056116,-1,16,1600,-1,-1
1573,-1,,[],91,,401056017,401056017,401056117,-1,17,1700,-1,-1
1574,-1,,[],91,,401056018,401056018,401056118,-1,18,1800,-1,-1
1575,-1,,[],91,,401056019,401056019,401056119,-1,19,1900,-1,-1
1576,-1,,[],91,,401056020,401056020,401056120,-1,20,2000,-1,-1
1577,-1,,[],91,,401056021,401056021,401056121,-1,21,2100,-1,-1
1578,-1,,[],91,,401056022,401056022,401056122,-1,22,2200,-1,-1
1579,-1,,[],91,,401056023,401056023,401056123,-1,23,2300,-1,-1
1580,-1,,[],91,,401056024,401056024,401056124,-1,24,2400,-1,-1
1581,-1,,[],91,,401056025,401056025,401056125,-1,25,2500,-1,-1
1582,-1,,[],92,,401052301,401052301,401052401,-1,1,100,-1,-1
1583,-1,,[],92,,401052302,401052302,401052402,-1,2,200,-1,-1
1584,-1,,[],92,,401052303,401052303,401052403,-1,3,300,-1,-1
1585,-1,,[],92,,401052304,401052304,401052404,-1,4,400,-1,-1
1586,-1,,[],92,,401052305,401052305,401052405,-1,5,500,-1,-1
1587,-1,,[],92,,401052306,401052306,401052406,-1,6,600,-1,-1
1588,-1,,[],92,,401052307,401052307,401052407,-1,7,700,-1,-1
1589,-1,,[],92,,401052308,401052308,401052408,-1,8,800,-1,-1
1590,-1,,[],92,,401052309,401052309,401052409,-1,9,900,-1,-1
1591,-1,,[],92,,401052310,401052310,401052410,-1,10,1000,-1,-1
1592,-1,,[],92,,401052311,401052311,401052411,-1,11,1200,-1,-1
1593,-1,,[],92,,401052312,401052312,401052412,-1,12,1400,-1,-1
1594,-1,,[],92,,401052313,401052313,401052413,-1,13,1600,-1,-1
1595,-1,,[],92,,401052314,401052314,401052414,-1,14,1800,-1,-1
1596,-1,,[],92,,401052315,401052315,401052415,-1,15,2000,-1,-1
1597,-1,,[],92,,401052316,401052316,401052416,-1,16,2200,-1,-1
1598,-1,,[],92,,401052317,401052317,401052417,-1,17,2400,-1,-1
1599,-1,,[],92,,401052318,401052318,401052418,-1,18,2600,-1,-1
1600,-1,,[],92,,401052319,401052319,401052419,-1,19,2800,-1,-1
1601,-1,,[],92,,401052320,401052320,401052420,-1,20,3000,-1,-1
1602,-1,,[],92,,401052321,401052321,401052421,-1,21,3200,-1,-1
1603,-1,,[],92,,401052322,401052322,401052422,-1,22,3400,-1,-1
1604,-1,,[],92,,401052323,401052323,401052423,-1,23,3600,-1,-1
1605,-1,,[],92,,401052324,401052324,401052424,-1,24,3800,-1,-1
1606,-1,,[],92,,401052325,401052325,401052425,-1,25,4000,-1,-1
1607,-1,,[],93,,401056001,401056001,401106001,-1,1,100,-1,-1
1608,-1,,[],93,,401056002,401056002,401106002,-1,2,200,-1,-1
1609,-1,,[],93,,401056003,401056003,401106003,-1,3,300,-1,-1
1610,-1,,[],93,,401056004,401056004,401106004,-1,4,400,-1,-1
1611,-1,,[],93,,401056005,401056005,401106005,-1,5,500,-1,-1
1612,-1,,[],93,,401056006,401056006,401106006,-1,6,600,-1,-1
1613,-1,,[],93,,401056007,401056007,401106007,-1,7,700,-1,-1
1614,-1,,[],93,,401056008,401056008,401106008,-1,8,800,-1,-1
1615,-1,,[],93,,401056009,401056009,401106009,-1,9,900,-1,-1
1616,-1,,[],93,,401056010,401056010,401106010,-1,10,1000,-1,-1
1617,-1,,[],93,,401056011,401056011,401106011,-1,11,1100,-1,-1
1618,-1,,[],93,,401056012,401056012,401106012,-1,12,1200,-1,-1
1619,-1,,[],93,,401056013,401056013,401106013,-1,13,1300,-1,-1
1620,-1,,[],93,,401056014,401056014,401106014,-1,14,1400,-1,-1
1621,-1,,[],93,,401056015,401056015,401106015,-1,15,1500,-1,-1
1622,-1,,[],93,,401056016,401056016,401106016,-1,16,1600,-1,-1
1623,-1,,[],93,,401056017,401056017,401106017,-1,17,1700,-1,-1
1624,-1,,[],93,,401056018,401056018,401106018,-1,18,1800,-1,-1
1625,-1,,[],93,,401056019,401056019,401106019,-1,19,1900,-1,-1
1626,-1,,[],93,,401056020,401056020,401106020,-1,20,2000,-1,-1
1627,-1,,[],93,,401056021,401056021,401106021,-1,21,2100,-1,-1
1628,-1,,[],93,,401056022,401056022,401106022,-1,22,2200,-1,-1
1629,-1,,[],93,,401056023,401056023,401106023,-1,23,2300,-1,-1
1630,-1,,[],93,,401056024,401056024,401106024,-1,24,2400,-1,-1
1631,-1,,[],93,,401056025,401056025,401106025,-1,25,2500,-1,-1
1632,-1,,[],94,,401107001,401107001,-1,-1,1,400,-1,-1
1633,-1,,[],94,,401107002,401107002,-1,-1,2,1200,-1,-1
1634,-1,,[],94,,401107003,401107003,-1,-1,3,2500,-1,-1
1635,-1,,[],94,,401107004,401107004,-1,-1,4,6000,-1,-1
1636,-1,,[],94,,401107005,401107005,-1,-1,5,12000,-1,-1
1637,-1,,[],94,,401107006,401107006,-1,-1,6,60000,-1,-1
1638,-1,,[],95,,401107101,401107101,-1,-1,1,400,-1,-1
1639,-1,,[],95,,401107102,401107102,-1,-1,2,1200,-1,-1
1640,-1,,[],95,,401107103,401107103,-1,-1,3,2500,-1,-1
1641,-1,,[],95,,401107104,401107104,-1,-1,4,6000,-1,-1
1642,-1,,[],95,,401107105,401107105,-1,-1,5,12000,-1,-1
1643,-1,,[],95,,401107106,401107106,-1,-1,6,60000,-1,-1
1644,-1,,[],96,,401107201,401107201,-1,-1,1,400,-1,-1
1645,-1,,[],96,,401107202,401107202,-1,-1,2,1200,-1,-1
1646,-1,,[],96,,401107203,401107203,-1,-1,3,2500,-1,-1
1647,-1,,[],96,,401107204,401107204,-1,-1,4,6000,-1,-1
1648,-1,,[],96,,401107205,401107205,-1,-1,5,12000,-1,-1
1649,-1,,[],96,,401107206,401107206,-1,-1,6,60000,-1,-1
1650,-1,,[],97,,401111001,401111001,-1,-1,1,10,-1,-1
1651,-1,,[],97,,401111002,401111002,-1,-1,2,25,-1,-1
1652,-1,,[],97,,401111003,401111003,-1,-1,3,100,-1,-1
1653,-1,,[],97,,401111004,401111004,-1,-1,4,200,-1,-1
1654,-1,,[],97,,401111005,401111005,-1,-1,5,400,-1,-1
1655,-1,,[],97,,401111006,401111006,-1,-1,6,1000,-1,-1
1656,-1,,[],98,,401111201,401111201,401111301,-1,1,100,-1,-1
1657,-1,,[],98,,401111202,401111202,401111302,-1,2,200,-1,-1
1658,-1,,[],98,,401111203,401111203,401111303,-1,3,300,-1,-1
1659,-1,,[],98,,401111204,401111204,401111304,-1,4,400,-1,-1
1660,-1,,[],98,,401111205,401111205,401111305,-1,5,500,-1,-1
1661,-1,,[],98,,401111206,401111206,401111306,-1,6,600,-1,-1
1662,-1,,[],98,,401111207,401111207,401111307,-1,7,700,-1,-1
1663,-1,,[],98,,401111208,401111208,401111308,-1,8,800,-1,-1
1664,-1,,[],98,,401111209,401111209,401111309,-1,9,900,-1,-1
1665,-1,,[],98,,401111210,401111210,401111310,-1,10,1000,-1,-1
1666,-1,,[],98,,401111211,401111211,401111311,-1,11,1200,-1,-1
1667,-1,,[],98,,401111212,401111212,401111312,-1,12,1400,-1,-1
1668,-1,,[],98,,401111213,401111213,401111313,-1,13,1600,-1,-1
1669,-1,,[],98,,401111214,401111214,401111314,-1,14,1800,-1,-1
1670,-1,,[],98,,401111215,401111215,401111315,-1,15,2000,-1,-1
1671,-1,,[],98,,401111216,401111216,401111316,-1,16,2200,-1,-1
1672,-1,,[],98,,401111217,401111217,401111317,-1,17,2400,-1,-1
1673,-1,,[],98,,401111218,401111218,401111318,-1,18,2600,-1,-1
1674,-1,,[],98,,401111219,401111219,401111319,-1,19,2800,-1,-1
1675,-1,,[],98,,401111220,401111220,401111320,-1,20,3000,-1,-1
1676,-1,,[],98,,401111221,401111221,401111321,-1,21,3200,-1,-1
1677,-1,,[],98,,401111222,401111222,401111322,-1,22,3400,-1,-1
1678,-1,,[],98,,401111223,401111223,401111323,-1,23,3600,-1,-1
1679,-1,,[],98,,401111224,401111224,401111324,-1,24,3800,-1,-1
1680,-1,,[],98,,401111225,401111225,401111325,-1,25,4000,-1,-1
1681,-1,,[],99,,401124101,401124101,401124201,-1,1,100,-1,-1
1682,-1,,[],99,,401124102,401124102,401124202,-1,2,200,-1,-1
1683,-1,,[],99,,401124103,401124103,401124203,-1,3,300,-1,-1
1684,-1,,[],99,,401124104,401124104,401124204,-1,4,400,-1,-1
1685,-1,,[],99,,401124105,401124105,401124205,-1,5,500,-1,-1
1686,-1,,[],99,,401124106,401124106,401124206,-1,6,600,-1,-1
1687,-1,,[],99,,401124107,401124107,401124207,-1,7,700,-1,-1
1688,-1,,[],99,,401124108,401124108,401124208,-1,8,800,-1,-1
1689,-1,,[],99,,401124109,401124109,401124209,-1,9,900,-1,-1
1690,-1,,[],99,,401124110,401124110,401124210,-1,10,1000,-1,-1
1691,-1,,[],99,,401124111,401124111,401124211,-1,11,1100,-1,-1
1692,-1,,[],99,,401124112,401124112,401124212,-1,12,1200,-1,-1
1693,-1,,[],99,,401124113,401124113,401124213,-1,13,1300,-1,-1
1694,-1,,[],99,,401124114,401124114,401124214,-1,14,1400,-1,-1
1695,-1,,[],99,,401124115,401124115,401124215,-1,15,1500,-1,-1
1696,-1,,[],99,,401124116,401124116,401124216,-1,16,1650,-1,-1
1697,-1,,[],99,,401124117,401124117,401124217,-1,17,1800,-1,-1
1698,-1,,[],99,,401124118,401124118,401124218,-1,18,1950,-1,-1
1699,-1,,[],99,,401124119,401124119,401124219,-1,19,2100,-1,-1
1700,-1,,[],99,,401124120,401124120,401124220,-1,20,2250,-1,-1
1701,-1,,[],99,,401124121,401124121,401124221,-1,21,2400,-1,-1
1702,-1,,[],99,,401124122,401124122,401124222,-1,22,2600,-1,-1
1703,-1,,[],99,,401124123,401124123,401124223,-1,23,2800,-1,-1
1704,-1,,[],99,,401124124,401124124,401124224,-1,24,3000,-1,-1
1705,-1,,[],99,,401124125,401124125,401124225,-1,25,3200,-1,-1
1706,-1,,[],100,,401156001,401156001,-1,-1,1,400,-1,-1
1707,-1,,[],100,,401156002,401156002,-1,-1,2,1200,-1,-1
1708,-1,,[],100,,401156003,401156003,-1,-1,3,2000,-1,-1
1709,-1,,[],100,,401156004,401156004,-1,-1,4,6000,-1,-1
1710,-1,,[],100,,401156005,401156005,-1,-1,5,12000,-1,-1
1711,-1,,[],101,,401156101,401156101,-1,-1,1,400,-1,-1
1712,-1,,[],101,,401156102,401156102,-1,-1,2,1200,-1,-1
1713,-1,,[],101,,401156103,401156103,-1,-1,3,2000,-1,-1
1714,-1,,[],101,,401156104,401156104,-1,-1,4,6000,-1,-1
1715,-1,,[],101,,401156105,401156105,-1,-1,5,12000,-1,-1
1716,-1,,[],102,,401156201,401156201,-1,-1,1,400,-1,-1
1717,-1,,[],102,,401156202,401156202,-1,-1,2,1200,-1,-1
1718,-1,,[],102,,401156203,401156203,-1,-1,3,2000,-1,-1
1719,-1,,[],102,,401156204,401156204,-1,-1,4,6000,-1,-1
1720,-1,,[],102,,401156205,401156205,-1,-1,5,12000,-1,-1
1721,-1,,[],103,,401045301,401045301,-1,-1,1,20000,-1,-1
1722,-1,[1|0|10|0|1],[[1|0]|[10]|[0]|[1]],103,equip_power_rank4,401045302,401045302,-1,-1,2,20000,-1,-1
1723,-1,,[],103,,401045303,401045303,-1,-1,3,30000,-1,-1
1724,-1,[1|0|30|0|1],[[1|0]|[30]|[0]|[1]],103,equip_power_rank4,401045304,401045304,-1,-1,4,30000,-1,-1
1725,-1,,[],103,,401045305,401045305,-1,-1,5,50000,-1,-1
1726,-1,[1|5|0|0|1],[[1|5]|[0]|[0]|[1]],103,equip_power_rank11,401045306,401045306,-1,-1,6,50000,-1,-1
1727,-1,,[],103,,401045307,401045307,-1,-1,7,70000,-1,-1
1728,-1,[1|5|0|0|2],[[1|5]|[0]|[0]|[2]],103,equip_power_rank11,401045308,401045308,-1,-1,8,70000,-1,-1
1729,-1,,[],103,,401045309,401045309,-1,-1,9,100000,-1,-1
1730,-1,[1|5|10|1|1],[[1|5]|[10]|[1]|[1]],103,equip_power_rank8,401045310,401045310,-1,-1,10,100000,-1,-1
1731,-1,,[],103,,401045309,401045309,-1,-1,11,150000,-1,-1
1732,-1,[1|5|10|1|2],[[1|5]|[10]|[1]|[2]],103,equip_power_rank8,401045310,401045310,-1,-1,12,150000,-1,-1
1733,-1,,[],103,,401045309,401045309,-1,-1,13,200000,-1,-1
1734,-1,[1|5|10|1|3],[[1|5]|[10]|[1]|[3]],103,equip_power_rank8,401045310,401045310,-1,-1,14,200000,-1,-1
1735,-1,,[],104,,401170001,401170001,-1,-1,1,400,-1,-1
1736,-1,,[],104,,401170002,401170002,-1,-1,2,1200,-1,-1
1737,-1,,[],104,,401170003,401170003,-1,-1,3,2500,-1,-1
1738,-1,,[],104,,401170004,401170004,-1,-1,4,6000,-1,-1
1739,-1,,[],104,,401170005,401170005,-1,-1,5,12000,-1,-1
1740,-1,,[],104,,401170006,401170006,-1,-1,6,30000,-1,-1
1741,-1,,[],105,,401170101,401170101,401170201,-1,1,100,-1,-1
1742,-1,,[],105,,401170102,401170102,401170202,-1,2,200,-1,-1
1743,-1,,[],105,,401170103,401170103,401170203,-1,3,300,-1,-1
1744,-1,,[],105,,401170104,401170104,401170204,-1,4,400,-1,-1
1745,-1,,[],105,,401170105,401170105,401170205,-1,5,500,-1,-1
1746,-1,,[],105,,401170106,401170106,401170206,-1,6,600,-1,-1
1747,-1,,[],105,,401170107,401170107,401170207,-1,7,700,-1,-1
1748,-1,,[],105,,401170108,401170108,401170208,-1,8,800,-1,-1
1749,-1,,[],105,,401170109,401170109,401170209,-1,9,900,-1,-1
1750,-1,,[],105,,401170110,401170110,401170210,-1,10,1000,-1,-1
1751,-1,,[],105,,401170111,401170111,401170211,-1,11,1200,-1,-1
1752,-1,,[],105,,401170112,401170112,401170212,-1,12,1400,-1,-1
1753,-1,,[],105,,401170113,401170113,401170213,-1,13,1600,-1,-1
1754,-1,,[],105,,401170114,401170114,401170214,-1,14,1800,-1,-1
1755,-1,,[],105,,401170115,401170115,401170215,-1,15,2000,-1,-1
1756,-1,,[],105,,401170116,401170116,401170216,-1,16,2200,-1,-1
1757,-1,,[],105,,401170117,401170117,401170217,-1,17,2400,-1,-1
1758,-1,,[],105,,401170118,401170118,401170218,-1,18,2600,-1,-1
1759,-1,,[],105,,401170119,401170119,401170219,-1,19,2800,-1,-1
1760,-1,,[],105,,401170120,401170120,401170220,-1,20,3000,-1,-1
1761,-1,,[],105,,401170121,401170121,401170221,-1,21,3200,-1,-1
1762,-1,,[],105,,401170122,401170122,401170222,-1,22,3400,-1,-1
1763,-1,,[],105,,401170123,401170123,401170223,-1,23,3600,-1,-1
1764,-1,,[],105,,401170124,401170124,401170224,-1,24,3800,-1,-1
1765,-1,,[],105,,401170125,401170125,401170225,-1,25,4000,-1,-1
1766,-1,,[],106,,401056001,401056001,401177001,-1,1,100,-1,-1
1767,-1,,[],106,,401056002,401056002,401177002,-1,2,200,-1,-1
1768,-1,,[],106,,401056003,401056003,401177003,-1,3,300,-1,-1
1769,-1,,[],106,,401056004,401056004,401177004,-1,4,400,-1,-1
1770,-1,,[],106,,401056005,401056005,401177005,-1,5,500,-1,-1
1771,-1,,[],106,,401056006,401056006,401177006,-1,6,600,-1,-1
1772,-1,,[],106,,401056007,401056007,401177007,-1,7,700,-1,-1
1773,-1,,[],106,,401056008,401056008,401177008,-1,8,800,-1,-1
1774,-1,,[],106,,401056009,401056009,401177009,-1,9,900,-1,-1
1775,-1,,[],106,,401056010,401056010,401177010,-1,10,1000,-1,-1
1776,-1,,[],106,,401056011,401056011,401177011,-1,11,1100,-1,-1
1777,-1,,[],106,,401056012,401056012,401177012,-1,12,1200,-1,-1
1778,-1,,[],106,,401056013,401056013,401177013,-1,13,1300,-1,-1
1779,-1,,[],106,,401056014,401056014,401177014,-1,14,1400,-1,-1
1780,-1,,[],106,,401056015,401056015,401177015,-1,15,1500,-1,-1
1781,-1,,[],106,,401056016,401056016,401177016,-1,16,1600,-1,-1
1782,-1,,[],106,,401056017,401056017,401177017,-1,17,1700,-1,-1
1783,-1,,[],106,,401056018,401056018,401177018,-1,18,1800,-1,-1
1784,-1,,[],106,,401056019,401056019,401177019,-1,19,1900,-1,-1
1785,-1,,[],106,,401056020,401056020,401177020,-1,20,2000,-1,-1
1786,-1,,[],106,,401056021,401056021,401177021,-1,21,2100,-1,-1
1787,-1,,[],106,,401056022,401056022,401177022,-1,22,2200,-1,-1
1788,-1,,[],106,,401056023,401056023,401177023,-1,23,2300,-1,-1
1789,-1,,[],106,,401056024,401056024,401177024,-1,24,2400,-1,-1
1790,-1,,[],106,,401056025,401056025,401177025,-1,25,2500,-1,-1
1791,-1,,[],107,,401187001,401187001,-1,-1,1,10000,-1,-1
1792,-1,[1|5|0|0|1],[[1|5]|[0]|[0]|[1]],107,equip_power_rank11,401187101,401187101,-1,-1,2,10000,-1,-1
1793,-1,,[],107,,401187002,401187002,-1,-1,3,20000,-1,-1
1794,-1,[1|5|10|0|1],[[1|5]|[10]|[0]|[1]],107,equip_power_rank9,401187102,401187102,-1,-1,4,20000,-1,-1
1795,-1,,[],107,,401187003,401187003,-1,-1,5,30000,-1,-1
1796,-1,[1|5|20|0|1],[[1|5]|[20]|[0]|[1]],107,equip_power_rank9,401187103,401187103,-1,-1,6,30000,-1,-1
1797,-1,,[],107,,401187004,401187004,-1,-1,7,40000,-1,-1
1798,-1,[1|5|30|0|1],[[1|5]|[30]|[0]|[1]],107,equip_power_rank9,401187104,401187104,-1,-1,8,40000,-1,-1
1799,-1,,[],107,,401187005,401187005,-1,-1,9,50000,-1,-1
1800,-1,[1|5|40|0|1],[[1|5]|[40]|[0]|[1]],107,equip_power_rank9,401187105,401187105,-1,-1,10,50000,-1,-1
1801,-1,,[],107,,401187006,401187006,-1,-1,11,100000,-1,-1
1802,-1,[1|5|0|1|1],[[1|5]|[0]|[1]|[1]],107,equip_power_rank5,401187106,401187106,-1,-1,12,100000,-1,-1
1803,-1,,[],107,,401187007,401187007,-1,-1,13,150000,-1,-1
1804,-1,[1|5|0|2|1],[[1|5]|[0]|[2]|[1]],107,equip_power_rank5,401187107,401187107,-1,-1,14,150000,-1,-1
1805,-1,,[],107,,401187008,401187008,-1,-1,15,200000,-1,-1
1806,-1,[1|5|0|3|1],[[1|5]|[0]|[3]|[1]],107,equip_power_rank5,401187108,401187108,-1,-1,16,200000,-1,-1
1807,-1,,[],107,,401187009,401187009,-1,-1,17,250000,-1,-1
1808,-1,[1|5|0|4|1],[[1|5]|[0]|[4]|[1]],107,equip_power_rank5,401187109,401187109,-1,-1,18,250000,-1,-1
1809,-1,,[],107,,401187010,401187010,-1,-1,19,300000,-1,-1
1810,-1,[1|6|0|0|1],[[1|6]|[0]|[0]|[1]],107,equip_power_rank6,401187110,401187110,-1,-1,20,300000,-1,-1
1811,-1,,[],107,,401187011,401187011,-1,-1,21,350000,-1,-1
1812,-1,[1|6|0|0|2],[[1|6]|[0]|[0]|[2]],107,equip_power_rank6,401187111,401187111,-1,-1,22,350000,-1,-1
1813,-1,,[],107,,401187012,401187012,-1,-1,23,400000,-1,-1
1814,-1,[1|6|0|0|3],[[1|6]|[0]|[0]|[3]],107,equip_power_rank6,401187112,401187112,-1,-1,24,400000,-1,-1
1815,-1,,[],107,,401187013,401187013,-1,-1,25,450000,-1,-1
1816,-1,[1|6|0|0|4],[[1|6]|[0]|[0]|[4]],107,equip_power_rank6,401187113,401187113,-1,-1,26,450000,-1,-1
1817,-1,,[],108,,401187301,401187301,-1,-1,1,30,-1,-1
1818,-1,,[],108,,401187302,401187302,-1,-1,2,60,-1,-1
1819,-1,,[],108,,401187303,401187303,-1,-1,3,100,-1,-1
1820,-1,,[],108,,401187304,401187304,-1,-1,4,200,-1,-1
1821,-1,,[],108,,401187305,401187305,-1,-1,5,350,-1,-1
1822,-1,,[],108,,401187306,401187306,-1,-1,6,400,-1,-1
1823,-1,,[],109,,401046001,401046001,401187601,-1,1,100,-1,-1
1824,-1,,[],109,,401046002,401046002,401187602,-1,2,200,-1,-1
1825,-1,,[],109,,401046003,401046003,401187603,-1,3,300,-1,-1
1826,-1,,[],109,,401046004,401046004,401187604,-1,4,400,-1,-1
1827,-1,,[],109,,401046005,401046005,401187605,-1,5,500,-1,-1
1828,-1,,[],109,,401046006,401046006,401187606,-1,6,600,-1,-1
1829,-1,,[],109,,401046007,401046007,401187607,-1,7,700,-1,-1
1830,-1,,[],109,,401046008,401046008,401187608,-1,8,800,-1,-1
1831,-1,,[],109,,401046009,401046009,401187609,-1,9,900,-1,-1
1832,-1,,[],109,,401046010,401046010,401187610,-1,10,1000,-1,-1
1833,-1,,[],109,,401046011,401046011,401187611,-1,11,1100,-1,-1
1834,-1,,[],109,,401046012,401046012,401187612,-1,12,1200,-1,-1
1835,-1,,[],109,,401046013,401046013,401187613,-1,13,1300,-1,-1
1836,-1,,[],109,,401046014,401046014,401187614,-1,14,1400,-1,-1
1837,-1,,[],109,,401046015,401046015,401187615,-1,15,1500,-1,-1
1838,-1,,[],109,,401046016,401046016,401187616,-1,16,1650,-1,-1
1839,-1,,[],109,,401046017,401046017,401187617,-1,17,1800,-1,-1
1840,-1,,[],109,,401046018,401046018,401187618,-1,18,1950,-1,-1
1841,-1,,[],109,,401046019,401046019,401187619,-1,19,2100,-1,-1
1842,-1,,[],109,,401046020,401046020,401187620,-1,20,2250,-1,-1
1843,-1,,[],109,,401046021,401046021,401187621,-1,21,2400,-1,-1
1844,-1,,[],109,,401046022,401046022,401187622,-1,22,2600,-1,-1
1845,-1,,[],109,,401046023,401046023,401187623,-1,23,2800,-1,-1
1846,-1,,[],109,,401046024,401046024,401187624,-1,24,3000,-1,-1
1847,-1,,[],109,,401046025,401046025,401187625,-1,25,3200,-1,-1
1848,-1,,[],110,,401056001,401056001,401256001,-1,1,100,-1,-1
1849,-1,,[],110,,401056002,401056002,401256002,-1,2,200,-1,-1
1850,-1,,[],110,,401056003,401056003,401256003,-1,3,300,-1,-1
1851,-1,,[],110,,401056004,401056004,401256004,-1,4,400,-1,-1
1852,-1,,[],110,,401056005,401056005,401256005,-1,5,500,-1,-1
1853,-1,,[],110,,401056006,401056006,401256006,-1,6,600,-1,-1
1854,-1,,[],110,,401056007,401056007,401256007,-1,7,700,-1,-1
1855,-1,,[],110,,401056008,401056008,401256008,-1,8,800,-1,-1
1856,-1,,[],110,,401056009,401056009,401256009,-1,9,900,-1,-1
1857,-1,,[],110,,401056010,401056010,401256010,-1,10,1000,-1,-1
1858,-1,,[],110,,401056011,401056011,401256011,-1,11,1100,-1,-1
1859,-1,,[],110,,401056012,401056012,401256012,-1,12,1200,-1,-1
1860,-1,,[],110,,401056013,401056013,401256013,-1,13,1300,-1,-1
1861,-1,,[],110,,401056014,401056014,401256014,-1,14,1400,-1,-1
1862,-1,,[],110,,401056015,401056015,401256015,-1,15,1500,-1,-1
1863,-1,,[],110,,401056016,401056016,401256016,-1,16,1600,-1,-1
1864,-1,,[],110,,401056017,401056017,401256017,-1,17,1700,-1,-1
1865,-1,,[],110,,401056018,401056018,401256018,-1,18,1800,-1,-1
1866,-1,,[],110,,401056019,401056019,401256019,-1,19,1900,-1,-1
1867,-1,,[],110,,401056020,401056020,401256020,-1,20,2000,-1,-1
1868,-1,,[],110,,401056021,401056021,401256021,-1,21,2100,-1,-1
1869,-1,,[],110,,401056022,401056022,401256022,-1,22,2200,-1,-1
1870,-1,,[],110,,401056023,401056023,401256023,-1,23,2300,-1,-1
1871,-1,,[],110,,401056024,401056024,401256024,-1,24,2400,-1,-1
1872,-1,,[],110,,401056025,401056025,401256025,-1,25,2500,-1,-1
1873,-1,,[],111,,401253101,401253101,-1,-1,1,150,-1,-1
1874,-1,,[],111,,401253102,401253102,-1,-1,2,300,-1,-1
1875,-1,,[],111,,401253103,401253103,-1,-1,3,700,-1,-1
1876,-1,,[],111,,401253104,401253104,-1,-1,4,1500,-1,-1
1877,-1,,[],111,,401253105,401253105,-1,-1,5,4000,-1,-1
1878,-1,,[],111,,401253106,401253106,-1,-1,6,10000,-1,-1
1879,-1,,[],112,,401260101,401260101,401260201,-1,1,100,-1,-1
1880,-1,,[],112,,401260102,401260102,401260202,-1,2,200,-1,-1
1881,-1,,[],112,,401260103,401260103,401260203,-1,3,300,-1,-1
1882,-1,,[],112,,401260104,401260104,401260204,-1,4,400,-1,-1
1883,-1,,[],112,,401260105,401260105,401260205,-1,5,500,-1,-1
1884,-1,,[],112,,401260106,401260106,401260206,-1,6,600,-1,-1
1885,-1,,[],112,,401260107,401260107,401260207,-1,7,700,-1,-1
1886,-1,,[],112,,401260108,401260108,401260208,-1,8,800,-1,-1
1887,-1,,[],112,,401260109,401260109,401260209,-1,9,900,-1,-1
1888,-1,,[],112,,401260110,401260110,401260210,-1,10,1000,-1,-1
1889,-1,,[],112,,401260111,401260111,401260211,-1,11,1100,-1,-1
1890,-1,,[],112,,401260112,401260112,401260212,-1,12,1200,-1,-1
1891,-1,,[],112,,401260113,401260113,401260213,-1,13,1300,-1,-1
1892,-1,,[],112,,401260114,401260114,401260214,-1,14,1400,-1,-1
1893,-1,,[],112,,401260115,401260115,401260215,-1,15,1500,-1,-1
1894,-1,,[],112,,401260116,401260116,401260216,-1,16,1600,-1,-1
1895,-1,,[],112,,401260117,401260117,401260217,-1,17,1700,-1,-1
1896,-1,,[],112,,401260118,401260118,401260218,-1,18,1800,-1,-1
1897,-1,,[],112,,401260119,401260119,401260219,-1,19,1900,-1,-1
1898,-1,,[],112,,401260120,401260120,401260220,-1,20,2000,-1,-1
1899,-1,,[],112,,401260121,401260121,401260221,-1,21,2100,-1,-1
1900,-1,,[],112,,401260122,401260122,401260222,-1,22,2200,-1,-1
1901,-1,,[],112,,401260123,401260123,401260223,-1,23,2300,-1,-1
1902,-1,,[],112,,401260124,401260124,401260224,-1,24,2400,-1,-1
1903,-1,,[],112,,401260125,401260125,401260225,-1,25,2500,-1,-1
1904,-1,,[],113,,401261301,401261301,401261401,-1,1,100,-1,-1
1905,-1,,[],113,,401261302,401261302,401261402,-1,2,200,-1,-1
1906,-1,,[],113,,401261303,401261303,401261403,-1,3,300,-1,-1
1907,-1,,[],113,,401261304,401261304,401261404,-1,4,400,-1,-1
1908,-1,,[],113,,401261305,401261305,401261405,-1,5,500,-1,-1
1909,-1,,[],113,,401261306,401261306,401261406,-1,6,600,-1,-1
1910,-1,,[],113,,401261307,401261307,401261407,-1,7,700,-1,-1
1911,-1,,[],113,,401261308,401261308,401261408,-1,8,800,-1,-1
1912,-1,,[],113,,401261309,401261309,401261409,-1,9,900,-1,-1
1913,-1,,[],113,,401261310,401261310,401261410,-1,10,1000,-1,-1
1914,-1,,[],113,,401261311,401261311,401261411,-1,11,1100,-1,-1
1915,-1,,[],113,,401261312,401261312,401261412,-1,12,1200,-1,-1
1916,-1,,[],113,,401261313,401261313,401261413,-1,13,1300,-1,-1
1917,-1,,[],113,,401261314,401261314,401261414,-1,14,1400,-1,-1
1918,-1,,[],113,,401261315,401261315,401261415,-1,15,1500,-1,-1
1919,-1,,[],113,,401261316,401261316,401261416,-1,16,1600,-1,-1
1920,-1,,[],113,,401261317,401261317,401261417,-1,17,1700,-1,-1
1921,-1,,[],113,,401261318,401261318,401261418,-1,18,1800,-1,-1
1922,-1,,[],113,,401261319,401261319,401261419,-1,19,1900,-1,-1
1923,-1,,[],113,,401261320,401261320,401261420,-1,20,2000,-1,-1
1924,-1,,[],113,,401261321,401261321,401261421,-1,21,2100,-1,-1
1925,-1,,[],113,,401261322,401261322,401261422,-1,22,2200,-1,-1
1926,-1,,[],113,,401261323,401261323,401261423,-1,23,2300,-1,-1
1927,-1,,[],113,,401261324,401261324,401261424,-1,24,2400,-1,-1
1928,-1,,[],113,,401261325,401261325,401261425,-1,25,2500,-1,-1
1929,-1,,[],114,,40130101,40130101,-1,-1,1,20,-1,-1
1930,-1,,[],114,,40130102,40130102,-1,-1,2,40,-1,-1
1931,-1,,[],114,,40130103,40130103,-1,-1,3,80,-1,-1
1932,-1,,[],114,,40130104,40130104,-1,-1,4,120,-1,-1
1933,-1,,[],114,,40130105,40130105,-1,-1,5,250,-1,-1
1934,-1,,[],114,,40130106,40130106,-1,-1,6,850,-1,-1
1935,-1,,[],115,,401046001,401046001,401187601,-1,1,100,-1,-1
1936,-1,,[],115,,401046002,401046002,401187602,-1,2,200,-1,-1
1937,-1,,[],115,,401046003,401046003,401187603,-1,3,300,-1,-1
1938,-1,,[],115,,401046004,401046004,401187604,-1,4,400,-1,-1
1939,-1,,[],115,,401046005,401046005,401187605,-1,5,500,-1,-1
1940,-1,,[],115,,401046006,401046006,401187606,-1,6,600,-1,-1
1941,-1,,[],115,,401046007,401046007,401187607,-1,7,700,-1,-1
1942,-1,,[],115,,401046008,401046008,401187608,-1,8,800,-1,-1
1943,-1,,[],115,,401046009,401046009,401187609,-1,9,900,-1,-1
1944,-1,,[],115,,401046010,401046010,401187610,-1,10,1000,-1,-1
1945,-1,,[],115,,401046011,401046011,401187611,-1,11,1100,-1,-1
1946,-1,,[],115,,401046012,401046012,401187612,-1,12,1200,-1,-1
1947,-1,,[],115,,401046013,401046013,401187613,-1,13,1300,-1,-1
1948,-1,,[],115,,401046014,401046014,401187614,-1,14,1400,-1,-1
1949,-1,,[],115,,401046015,401046015,401187615,-1,15,1500,-1,-1
1950,-1,,[],115,,401046016,401046016,401187616,-1,16,1650,-1,-1
1951,-1,,[],115,,401046017,401046017,401187617,-1,17,1800,-1,-1
1952,-1,,[],115,,401046018,401046018,401187618,-1,18,1950,-1,-1
1953,-1,,[],115,,401046019,401046019,401187619,-1,19,2100,-1,-1
1954,-1,,[],115,,401046020,401046020,401187620,-1,20,2250,-1,-1
1955,-1,,[],115,,401046021,401046021,401187621,-1,21,2400,-1,-1
1956,-1,,[],115,,401046022,401046022,401187622,-1,22,2600,-1,-1
1957,-1,,[],115,,401046023,401046023,401187623,-1,23,2800,-1,-1
1958,-1,,[],115,,401046024,401046024,401187624,-1,24,3000,-1,-1
1959,-1,,[],115,,401046025,401046025,401187625,-1,25,3200,-1,-1
1960,-1,,[],116,,401300601,401300601,401300701,-1,1,100,-1,-1
1961,-1,,[],116,,401300602,401300602,401300702,-1,2,200,-1,-1
1962,-1,,[],116,,401300603,401300603,401300703,-1,3,300,-1,-1
1963,-1,,[],116,,401300604,401300604,401300704,-1,4,400,-1,-1
1964,-1,,[],116,,401300605,401300605,401300705,-1,5,500,-1,-1
1965,-1,,[],116,,401300606,401300606,401300706,-1,6,600,-1,-1
1966,-1,,[],116,,401300607,401300607,401300707,-1,7,700,-1,-1
1967,-1,,[],116,,401300608,401300608,401300708,-1,8,800,-1,-1
1968,-1,,[],116,,401300609,401300609,401300709,-1,9,900,-1,-1
1969,-1,,[],116,,401300610,401300610,401300710,-1,10,1000,-1,-1
1970,-1,,[],116,,401300611,401300611,401300711,-1,11,1100,-1,-1
1971,-1,,[],116,,401300612,401300612,401300712,-1,12,1200,-1,-1
1972,-1,,[],116,,401300613,401300613,401300713,-1,13,1300,-1,-1
1973,-1,,[],116,,401300614,401300614,401300714,-1,14,1400,-1,-1
1974,-1,,[],116,,401300615,401300615,401300715,-1,15,1500,-1,-1
1975,-1,,[],116,,401300616,401300616,401300716,-1,16,1650,-1,-1
1976,-1,,[],116,,401300617,401300617,401300717,-1,17,1800,-1,-1
1977,-1,,[],116,,401300618,401300618,401300718,-1,18,1950,-1,-1
1978,-1,,[],116,,401300619,401300619,401300719,-1,19,2100,-1,-1
1979,-1,,[],116,,401300620,401300620,401300720,-1,20,2250,-1,-1
1980,-1,,[],116,,401300621,401300621,401300721,-1,21,2400,-1,-1
1981,-1,,[],116,,401300622,401300622,401300722,-1,22,2600,-1,-1
1982,-1,,[],116,,401300623,401300623,401300723,-1,23,2800,-1,-1
1983,-1,,[],116,,401300624,401300624,401300724,-1,24,3000,-1,-1
1984,-1,,[],116,,401300625,401300625,401300725,-1,25,3200,-1,-1
1985,-1,,[],117,,401056001,401056001,402015101,-1,1,100,-1,-1
1986,-1,,[],117,,401056002,401056002,402015102,-1,2,200,-1,-1
1987,-1,,[],117,,401056003,401056003,402015103,-1,3,300,-1,-1
1988,-1,,[],117,,401056004,401056004,402015104,-1,4,400,-1,-1
1989,-1,,[],117,,401056005,401056005,402015105,-1,5,500,-1,-1
1990,-1,,[],117,,401056006,401056006,402015106,-1,6,600,-1,-1
1991,-1,,[],117,,401056007,401056007,402015107,-1,7,700,-1,-1
1992,-1,,[],117,,401056008,401056008,402015108,-1,8,800,-1,-1
1993,-1,,[],117,,401056009,401056009,402015109,-1,9,900,-1,-1
1994,-1,,[],117,,401056010,401056010,402015110,-1,10,1000,-1,-1
1995,-1,,[],117,,401056011,401056011,402015111,-1,11,1100,-1,-1
1996,-1,,[],117,,401056012,401056012,402015112,-1,12,1200,-1,-1
1997,-1,,[],117,,401056013,401056013,402015113,-1,13,1300,-1,-1
1998,-1,,[],117,,401056014,401056014,402015114,-1,14,1400,-1,-1
1999,-1,,[],117,,401056015,401056015,402015115,-1,15,1500,-1,-1
2000,-1,,[],117,,401056016,401056016,402015116,-1,16,1600,-1,-1
2001,-1,,[],117,,401056017,401056017,402015117,-1,17,1700,-1,-1
2002,-1,,[],117,,401056018,401056018,402015118,-1,18,1800,-1,-1
2003,-1,,[],117,,401056019,401056019,402015119,-1,19,1900,-1,-1
2004,-1,,[],117,,401056020,401056020,402015120,-1,20,2000,-1,-1
2005,-1,,[],117,,401056021,401056021,402015121,-1,21,2100,-1,-1
2006,-1,,[],117,,401056022,401056022,402015122,-1,22,2200,-1,-1
2007,-1,,[],117,,401056023,401056023,402015123,-1,23,2300,-1,-1
2008,-1,,[],117,,401056024,401056024,402015124,-1,24,2400,-1,-1
2009,-1,,[],117,,401056025,401056025,402015125,-1,25,2500,-1,-1
2010,-1,,[],118,,401056001,401056001,402015201,-1,1,100,-1,-1
2011,-1,,[],118,,401056002,401056002,402015202,-1,2,200,-1,-1
2012,-1,,[],118,,401056003,401056003,402015203,-1,3,300,-1,-1
2013,-1,,[],118,,401056004,401056004,402015204,-1,4,400,-1,-1
2014,-1,,[],118,,401056005,401056005,402015205,-1,5,500,-1,-1
2015,-1,,[],118,,401056006,401056006,402015206,-1,6,600,-1,-1
2016,-1,,[],118,,401056007,401056007,402015207,-1,7,700,-1,-1
2017,-1,,[],118,,401056008,401056008,402015208,-1,8,800,-1,-1
2018,-1,,[],118,,401056009,401056009,402015209,-1,9,900,-1,-1
2019,-1,,[],118,,401056010,401056010,402015210,-1,10,1000,-1,-1
2020,-1,,[],118,,401056011,401056011,402015211,-1,11,1100,-1,-1
2021,-1,,[],118,,401056012,401056012,402015212,-1,12,1200,-1,-1
2022,-1,,[],118,,401056013,401056013,402015213,-1,13,1300,-1,-1
2023,-1,,[],118,,401056014,401056014,402015214,-1,14,1400,-1,-1
2024,-1,,[],118,,401056015,401056015,402015215,-1,15,1500,-1,-1
2025,-1,,[],118,,401056016,401056016,402015216,-1,16,1600,-1,-1
2026,-1,,[],118,,401056017,401056017,402015217,-1,17,1700,-1,-1
2027,-1,,[],118,,401056018,401056018,402015218,-1,18,1800,-1,-1
2028,-1,,[],118,,401056019,401056019,402015219,-1,19,1900,-1,-1
2029,-1,,[],118,,401056020,401056020,402015220,-1,20,2000,-1,-1
2030,-1,,[],118,,401056021,401056021,402015221,-1,21,2100,-1,-1
2031,-1,,[],118,,401056022,401056022,402015222,-1,22,2200,-1,-1
2032,-1,,[],118,,401056023,401056023,402015223,-1,23,2300,-1,-1
2033,-1,,[],118,,401056024,401056024,402015224,-1,24,2400,-1,-1
2034,-1,,[],118,,401056025,401056025,402015225,-1,25,2500,-1,-1
2035,-1,,[],119,,401056001,401056001,402015301,-1,1,100,-1,-1
2036,-1,,[],119,,401056002,401056002,402015302,-1,2,200,-1,-1
2037,-1,,[],119,,401056003,401056003,402015303,-1,3,300,-1,-1
2038,-1,,[],119,,401056004,401056004,402015304,-1,4,400,-1,-1
2039,-1,,[],119,,401056005,401056005,402015305,-1,5,500,-1,-1
2040,-1,,[],119,,401056006,401056006,402015306,-1,6,600,-1,-1
2041,-1,,[],119,,401056007,401056007,402015307,-1,7,700,-1,-1
2042,-1,,[],119,,401056008,401056008,402015308,-1,8,800,-1,-1
2043,-1,,[],119,,401056009,401056009,402015309,-1,9,900,-1,-1
2044,-1,,[],119,,401056010,401056010,402015310,-1,10,1000,-1,-1
2045,-1,,[],119,,401056011,401056011,402015311,-1,11,1100,-1,-1
2046,-1,,[],119,,401056012,401056012,402015312,-1,12,1200,-1,-1
2047,-1,,[],119,,401056013,401056013,402015313,-1,13,1300,-1,-1
2048,-1,,[],119,,401056014,401056014,402015314,-1,14,1400,-1,-1
2049,-1,,[],119,,401056015,401056015,402015315,-1,15,1500,-1,-1
2050,-1,,[],119,,401056016,401056016,402015316,-1,16,1600,-1,-1
2051,-1,,[],119,,401056017,401056017,402015317,-1,17,1700,-1,-1
2052,-1,,[],119,,401056018,401056018,402015318,-1,18,1800,-1,-1
2053,-1,,[],119,,401056019,401056019,402015319,-1,19,1900,-1,-1
2054,-1,,[],119,,401056020,401056020,402015320,-1,20,2000,-1,-1
2055,-1,,[],119,,401056021,401056021,402015321,-1,21,2100,-1,-1
2056,-1,,[],119,,401056022,401056022,402015322,-1,22,2200,-1,-1
2057,-1,,[],119,,401056023,401056023,402015323,-1,23,2300,-1,-1
2058,-1,,[],119,,401056024,401056024,402015324,-1,24,2400,-1,-1
2059,-1,,[],119,,401056025,401056025,402015325,-1,25,2500,-1,-1
2060,-1,,[],120,,9062034,9062034,-1,-1,1,10,-1,-1
2061,-1,,[],120,,9062034,9062034,-1,-1,2,30,-1,-1
2062,-1,,[],120,,9062034,9062034,-1,-1,3,50,-1,-1
2063,-1,,[],120,,9062034,9062034,-1,-1,4,100,-1,-1
2064,-1,,[],120,,9062034,9062034,-1,-1,5,150,-1,-1
2065,-1,,[],120,,9062034,9062034,-1,-1,6,200,-1,-1
2066,-1,,[],120,,9062034,9062034,-1,-1,7,250,-1,-1
2067,-1,,[],120,,9062034,9062034,-1,-1,8,300,-1,-1
2068,-1,,[],120,,9062034,9062034,-1,-1,9,350,-1,-1
2069,-1,,[],120,,9062034,9062034,-1,-1,10,400,-1,-1
2070,-1,,[],120,,9062034,9062034,-1,-1,11,450,-1,-1
2071,-1,,[],120,,9062034,9062034,-1,-1,12,500,-1,-1
2072,-1,,[],121,,40130101,40130101,-1,-1,1,20,-1,-1
2073,-1,,[],121,,40130102,40130102,-1,-1,2,40,-1,-1
2074,-1,,[],121,,40130103,40130103,-1,-1,3,80,-1,-1
2075,-1,,[],121,,40130104,40130104,-1,-1,4,120,-1,-1
2076,-1,,[],121,,40130105,40130105,-1,-1,5,250,-1,-1
2077,-1,,[],121,,40130106,40130106,-1,-1,6,850,-1,-1
2078,-1,,[],122,,401046001,401046001,401187601,-1,1,100,-1,-1
2079,-1,,[],122,,401046002,401046002,401187602,-1,2,150,-1,-1
2080,-1,,[],122,,401046003,401046003,401187603,-1,3,200,-1,-1
2081,-1,,[],122,,401046004,401046004,401187604,-1,4,250,-1,-1
2082,-1,,[],122,,401046005,401046005,401187605,-1,5,300,-1,-1
2083,-1,,[],122,,401046006,401046006,401187606,-1,6,350,-1,-1
2084,-1,,[],122,,401046007,401046007,401187607,-1,7,400,-1,-1
2085,-1,,[],122,,401046008,401046008,401187608,-1,8,450,-1,-1
2086,-1,,[],122,,401046009,401046009,401187609,-1,9,500,-1,-1
2087,-1,,[],122,,401046010,401046010,401187610,-1,10,550,-1,-1
2088,-1,,[],122,,401046011,401046011,401187611,-1,11,600,-1,-1
2089,-1,,[],122,,401046012,401046012,401187612,-1,12,700,-1,-1
2090,-1,,[],122,,401046013,401046013,401187613,-1,13,800,-1,-1
2091,-1,,[],122,,401046014,401046014,401187614,-1,14,900,-1,-1
2092,-1,,[],122,,401046015,401046015,401187615,-1,15,1000,-1,-1
2093,-1,,[],122,,401046016,401046016,401187616,-1,16,1100,-1,-1
2094,-1,,[],122,,401046017,401046017,401187617,-1,17,1200,-1,-1
2095,-1,,[],122,,401046018,401046018,401187618,-1,18,1300,-1,-1
2096,-1,,[],122,,401046019,401046019,401187619,-1,19,1400,-1,-1
2097,-1,,[],122,,401046020,401046020,401187620,-1,20,1500,-1,-1
2098,-1,,[],122,,401046021,401046021,401187621,-1,21,1600,-1,-1
2099,-1,,[],122,,401046022,401046022,401187622,-1,22,1700,-1,-1
2100,-1,,[],122,,401046023,401046023,401187623,-1,23,1800,-1,-1
2101,-1,,[],122,,401046024,401046024,401187624,-1,24,1900,-1,-1
2102,-1,,[],122,,401046025,401046025,401187625,-1,25,2000,-1,-1
2103,-1,,[],123,,402028041,402028041,-1,-1,1,10,-1,-1
2104,-1,,[],123,,402028041,402028041,-1,-1,2,30,-1,-1
2105,-1,,[],123,,402028041,402028041,-1,-1,3,50,-1,-1
2106,-1,,[],123,,402028041,402028041,-1,-1,4,100,-1,-1
2107,-1,,[],123,,402028041,402028041,-1,-1,5,150,-1,-1
2108,-1,,[],123,,402028041,402028041,-1,-1,6,200,-1,-1
2109,-1,,[],123,,402028041,402028041,-1,-1,7,250,-1,-1
2110,-1,,[],123,,402028041,402028041,-1,-1,8,300,-1,-1
2111,-1,,[],123,,402028041,402028041,-1,-1,9,350,-1,-1
2112,-1,,[],123,,402028041,402028041,-1,-1,10,400,-1,-1
2113,-1,,[],123,,402028041,402028041,-1,-1,11,450,-1,-1
2114,-1,,[],123,,402028041,402028041,-1,-1,12,500,-1,-1
2115,-1,,[],124,,402040301,402040301,402040401,-1,1,100,-1,-1
2116,-1,,[],124,,402040302,402040302,402040402,-1,2,150,-1,-1
2117,-1,,[],124,,402040303,402040303,402040403,-1,3,200,-1,-1
2118,-1,,[],124,,402040304,402040304,402040404,-1,4,250,-1,-1
2119,-1,,[],124,,402040305,402040305,402040405,-1,5,300,-1,-1
2120,-1,,[],124,,402040306,402040306,402040406,-1,6,350,-1,-1
2121,-1,,[],124,,402040307,402040307,402040407,-1,7,400,-1,-1
2122,-1,,[],124,,402040308,402040308,402040408,-1,8,450,-1,-1
2123,-1,,[],124,,402040309,402040309,402040409,-1,9,500,-1,-1
2124,-1,,[],124,,402040310,402040310,402040410,-1,10,550,-1,-1
2125,-1,,[],124,,402040311,402040311,402040411,-1,11,600,-1,-1
2126,-1,,[],124,,402040312,402040312,402040412,-1,12,700,-1,-1
2127,-1,,[],124,,402040313,402040313,402040413,-1,13,800,-1,-1
2128,-1,,[],124,,402040314,402040314,402040414,-1,14,900,-1,-1
2129,-1,,[],124,,402040315,402040315,402040415,-1,15,1000,-1,-1
2130,-1,,[],124,,402040316,402040316,402040416,-1,16,1100,-1,-1
2131,-1,,[],124,,402040317,402040317,402040417,-1,17,1200,-1,-1
2132,-1,,[],124,,402040318,402040318,402040418,-1,18,1300,-1,-1
2133,-1,,[],124,,402040319,402040319,402040419,-1,19,1400,-1,-1
2134,-1,,[],124,,402040320,402040320,402040420,-1,20,1500,-1,-1
2135,-1,,[],124,,402040321,402040321,402040421,-1,21,1600,-1,-1
2136,-1,,[],124,,402040322,402040322,402040422,-1,22,1700,-1,-1
2137,-1,,[],124,,402040323,402040323,402040423,-1,23,1800,-1,-1
2138,-1,,[],124,,402040324,402040324,402040424,-1,24,1900,-1,-1
2139,-1,,[],124,,402040325,402040325,402040425,-1,25,2000,-1,-1
2140,-1,,[],125,,402056001,402056001,-1,-1,1,50,-1,-1
2141,-1,,[],125,,402056002,402056002,-1,-1,2,100,-1,-1
2142,-1,,[],125,,402056003,402056003,-1,-1,3,200,-1,-1
2143,-1,,[],125,,402056004,402056004,-1,-1,4,300,-1,-1
2144,-1,,[],125,,402056005,402056005,-1,-1,5,400,-1,-1
2145,-1,,[],125,,402056006,402056006,-1,-1,6,500,-1,-1
2146,-1,,[],125,,402056007,402056007,-1,-1,7,600,-1,-1
2147,-1,,[],125,,402056008,402056008,-1,-1,8,700,-1,-1
2148,-1,,[],125,,402056009,402056009,-1,-1,9,800,-1,-1
2149,-1,,[],125,,402056010,402056010,-1,-1,10,900,-1,-1
2150,-1,,[],125,,402056011,402056011,-1,-1,11,1000,-1,-1
2151,-1,,[],126,,402051101,402051101,-1,-1,1,150,-1,-1
2152,-1,,[],126,,402051102,402051102,-1,-1,2,300,-1,-1
2153,-1,,[],126,,402051103,402051103,-1,-1,3,700,-1,-1
2154,-1,,[],126,,402051104,402051104,-1,-1,4,1500,-1,-1
2155,-1,,[],126,,402051105,402051105,-1,-1,5,4000,-1,-1
2156,-1,,[],126,,402051106,402051106,-1,-1,6,10000,-1,-1
2157,-1,,[],127,,402051301,402051301,402051401,-1,1,100,-1,-1
2158,-1,,[],127,,402051302,402051302,402051402,-1,2,150,-1,-1
2159,-1,,[],127,,402051303,402051303,402051403,-1,3,200,-1,-1
2160,-1,,[],127,,402051304,402051304,402051404,-1,4,250,-1,-1
2161,-1,,[],127,,402051305,402051305,402051405,-1,5,300,-1,-1
2162,-1,,[],127,,402051306,402051306,402051406,-1,6,350,-1,-1
2163,-1,,[],127,,402051307,402051307,402051407,-1,7,400,-1,-1
2164,-1,,[],127,,402051308,402051308,402051408,-1,8,450,-1,-1
2165,-1,,[],127,,402051309,402051309,402051409,-1,9,500,-1,-1
2166,-1,,[],127,,402051310,402051310,402051410,-1,10,550,-1,-1
2167,-1,,[],127,,402051311,402051311,402051411,-1,11,600,-1,-1
2168,-1,,[],127,,402051312,402051312,402051412,-1,12,700,-1,-1
2169,-1,,[],127,,402051313,402051313,402051413,-1,13,800,-1,-1
2170,-1,,[],127,,402051314,402051314,402051414,-1,14,900,-1,-1
2171,-1,,[],127,,402051315,402051315,402051415,-1,15,1000,-1,-1
2172,-1,,[],127,,402051316,402051316,402051416,-1,16,1100,-1,-1
2173,-1,,[],127,,402051317,402051317,402051417,-1,17,1200,-1,-1
2174,-1,,[],127,,402051318,402051318,402051418,-1,18,1300,-1,-1
2175,-1,,[],127,,402051319,402051319,402051419,-1,19,1400,-1,-1
2176,-1,,[],127,,402051320,402051320,402051420,-1,20,1500,-1,-1
2177,-1,,[],127,,402051321,402051321,402051421,-1,21,1600,-1,-1
2178,-1,,[],127,,402051322,402051322,402051422,-1,22,1700,-1,-1
2179,-1,,[],127,,402051323,402051323,402051423,-1,23,1800,-1,-1
2180,-1,,[],127,,402051324,402051324,402051424,-1,24,1900,-1,-1
2181,-1,,[],127,,402051325,402051325,402051425,-1,25,2000,-1,-1
2182,-1,,[],128,,402065101,402065101,-1,-1,1,400,-1,-1
2183,-1,,[],128,,402065102,402065102,-1,-1,2,1200,-1,-1
2184,-1,,[],128,,402065103,402065103,-1,-1,3,2500,-1,-1
2185,-1,,[],128,,402065104,402065104,-1,-1,4,6000,-1,-1
2186,-1,,[],128,,402065105,402065105,-1,-1,5,12000,-1,-1
2187,-1,,[],128,,402065106,402065106,-1,-1,6,30000,-1,-1
2188,-1,,[],129,,402067101,402067101,402067201,-1,1,100,-1,-1
2189,-1,,[],129,,402067102,402067102,402067202,-1,2,150,-1,-1
2190,-1,,[],129,,402067103,402067103,402067203,-1,3,200,-1,-1
2191,-1,,[],129,,402067104,402067104,402067204,-1,4,250,-1,-1
2192,-1,,[],129,,402067105,402067105,402067205,-1,5,300,-1,-1
2193,-1,,[],129,,402067106,402067106,402067206,-1,6,350,-1,-1
2194,-1,,[],129,,402067107,402067107,402067207,-1,7,400,-1,-1
2195,-1,,[],129,,402067108,402067108,402067208,-1,8,450,-1,-1
2196,-1,,[],129,,402067109,402067109,402067209,-1,9,500,-1,-1
2197,-1,,[],129,,402067110,402067110,402067210,-1,10,550,-1,-1
2198,-1,,[],129,,402067111,402067111,402067211,-1,11,600,-1,-1
2199,-1,,[],129,,402067112,402067112,402067212,-1,12,700,-1,-1
2200,-1,,[],129,,402067113,402067113,402067213,-1,13,800,-1,-1
2201,-1,,[],129,,402067114,402067114,402067214,-1,14,900,-1,-1
2202,-1,,[],129,,402067115,402067115,402067215,-1,15,1000,-1,-1
2203,-1,,[],129,,402067116,402067116,402067216,-1,16,1100,-1,-1
2204,-1,,[],129,,402067117,402067117,402067217,-1,17,1200,-1,-1
2205,-1,,[],129,,402067118,402067118,402067218,-1,18,1300,-1,-1
2206,-1,,[],129,,402067119,402067119,402067219,-1,19,1400,-1,-1
2207,-1,,[],129,,402067120,402067120,402067220,-1,20,1500,-1,-1
2208,-1,,[],129,,402067121,402067121,402067221,-1,21,1600,-1,-1
2209,-1,,[],129,,402067122,402067122,402067222,-1,22,1700,-1,-1
2210,-1,,[],129,,402067123,402067123,402067223,-1,23,1800,-1,-1
2211,-1,,[],129,,402067124,402067124,402067224,-1,24,1900,-1,-1
2212,-1,,[],129,,402067125,402067125,402067225,-1,25,2000,-1,-1
2213,-1,,[],130,,402067501,402067501,-1,-1,1,400,-1,-1
2214,-1,,[],130,,402067502,402067502,-1,-1,2,1200,-1,-1
2215,-1,,[],130,,402067503,402067503,-1,-1,3,2500,-1,-1
2216,-1,,[],130,,402067504,402067504,-1,-1,4,6000,-1,-1
2217,-1,,[],130,,402067505,402067505,-1,-1,5,12000,-1,-1
2218,-1,,[],130,,402067506,402067506,-1,-1,6,30000,-1,-1
2219,-1,,[],131,,402067101,402067101,402067601,-1,1,100,-1,-1
2220,-1,,[],131,,402067102,402067102,402067602,-1,2,150,-1,-1
2221,-1,,[],131,,402067103,402067103,402067603,-1,3,200,-1,-1
2222,-1,,[],131,,402067104,402067104,402067604,-1,4,250,-1,-1
2223,-1,,[],131,,402067105,402067105,402067605,-1,5,300,-1,-1
2224,-1,,[],131,,402067106,402067106,402067606,-1,6,350,-1,-1
2225,-1,,[],131,,402067107,402067107,402067607,-1,7,400,-1,-1
2226,-1,,[],131,,402067108,402067108,402067608,-1,8,450,-1,-1
2227,-1,,[],131,,402067109,402067109,402067609,-1,9,500,-1,-1
2228,-1,,[],131,,402067110,402067110,402067610,-1,10,550,-1,-1
2229,-1,,[],131,,402067111,402067111,402067611,-1,11,600,-1,-1
2230,-1,,[],131,,402067112,402067112,402067612,-1,12,700,-1,-1
2231,-1,,[],131,,402067113,402067113,402067613,-1,13,800,-1,-1
2232,-1,,[],131,,402067114,402067114,402067614,-1,14,900,-1,-1
2233,-1,,[],131,,402067115,402067115,402067615,-1,15,1000,-1,-1
2234,-1,,[],131,,402067116,402067116,402067616,-1,16,1100,-1,-1
2235,-1,,[],131,,402067117,402067117,402067617,-1,17,1200,-1,-1
2236,-1,,[],131,,402067118,402067118,402067618,-1,18,1300,-1,-1
2237,-1,,[],131,,402067119,402067119,402067619,-1,19,1400,-1,-1
2238,-1,,[],131,,402067120,402067120,402067620,-1,20,1500,-1,-1
2239,-1,,[],131,,402067121,402067121,402067621,-1,21,1600,-1,-1
2240,-1,,[],131,,402067122,402067122,402067622,-1,22,1700,-1,-1
2241,-1,,[],131,,402067123,402067123,402067623,-1,23,1800,-1,-1
2242,-1,,[],131,,402067124,402067124,402067624,-1,24,1900,-1,-1
2243,-1,,[],131,,402067125,402067125,402067625,-1,25,2000,-1,-1
2244,-1,,[],132,,402200301,402200301,402200401,-1,1,100,-1,-1
2245,-1,,[],132,,402200302,402200302,402200402,-1,2,150,-1,-1
2246,-1,,[],132,,402200303,402200303,402200403,-1,3,200,-1,-1
2247,-1,,[],132,,402200304,402200304,402200404,-1,4,250,-1,-1
2248,-1,,[],132,,402200305,402200305,402200405,-1,5,300,-1,-1
2249,-1,,[],132,,402200306,402200306,402200406,-1,6,350,-1,-1
2250,-1,,[],132,,402200307,402200307,402200407,-1,7,400,-1,-1
2251,-1,,[],132,,402200308,402200308,402200408,-1,8,450,-1,-1
2252,-1,,[],132,,402200309,402200309,402200409,-1,9,500,-1,-1
2253,-1,,[],132,,402200310,402200310,402200410,-1,10,550,-1,-1
2254,-1,,[],132,,402200311,402200311,402200411,-1,11,600,-1,-1
2255,-1,,[],132,,402200312,402200312,402200412,-1,12,700,-1,-1
2256,-1,,[],132,,402200313,402200313,402200413,-1,13,800,-1,-1
2257,-1,,[],132,,402200314,402200314,402200414,-1,14,900,-1,-1
2258,-1,,[],132,,402200315,402200315,402200415,-1,15,1000,-1,-1
2259,-1,,[],132,,402200316,402200316,402200416,-1,16,1100,-1,-1
2260,-1,,[],132,,402200317,402200317,402200417,-1,17,1200,-1,-1
2261,-1,,[],132,,402200318,402200318,402200418,-1,18,1300,-1,-1
2262,-1,,[],132,,402200319,402200319,402200419,-1,19,1400,-1,-1
2263,-1,,[],132,,402200320,402200320,402200420,-1,20,1500,-1,-1
2264,-1,,[],132,,402200321,402200321,402200421,-1,21,1600,-1,-1
2265,-1,,[],132,,402200322,402200322,402200422,-1,22,1700,-1,-1
2266,-1,,[],132,,402200323,402200323,402200423,-1,23,1800,-1,-1
2267,-1,,[],132,,402200324,402200324,402200424,-1,24,1900,-1,-1
2268,-1,,[],132,,402200325,402200325,402200425,-1,25,2000,-1,-1
2269,-1,,[],133,,402210201,402210201,-1,-1,1,20,-1,-1
2270,-1,,[],133,,402210202,402210202,-1,-1,2,40,-1,-1
2271,-1,,[],133,,402210203,402210203,-1,-1,3,80,-1,-1
2272,-1,,[],133,,402210204,402210204,-1,-1,4,120,-1,-1
2273,-1,,[],133,,402210205,402210205,-1,-1,5,250,-1,-1
2274,-1,,[],133,,402210206,402210206,-1,-1,6,850,-1,-1
2275,-1,,[],134,,402210401,402210401,402210501,-1,1,100,-1,-1
2276,-1,,[],134,,402210402,402210402,402210502,-1,2,150,-1,-1
2277,-1,,[],134,,402210403,402210403,402210503,-1,3,200,-1,-1
2278,-1,,[],134,,402210404,402210404,402210504,-1,4,250,-1,-1
2279,-1,,[],134,,402210405,402210405,402210505,-1,5,300,-1,-1
2280,-1,,[],134,,402210406,402210406,402210506,-1,6,350,-1,-1
2281,-1,,[],134,,402210407,402210407,402210507,-1,7,400,-1,-1
2282,-1,,[],134,,402210408,402210408,402210508,-1,8,450,-1,-1
2283,-1,,[],134,,402210409,402210409,402210509,-1,9,500,-1,-1
2284,-1,,[],134,,402210410,402210410,402210510,-1,10,550,-1,-1
2285,-1,,[],134,,402210411,402210411,402210511,-1,11,600,-1,-1
2286,-1,,[],134,,402210412,402210412,402210512,-1,12,700,-1,-1
2287,-1,,[],134,,402210413,402210413,402210513,-1,13,800,-1,-1
2288,-1,,[],134,,402210414,402210414,402210514,-1,14,900,-1,-1
2289,-1,,[],134,,402210415,402210415,402210515,-1,15,1000,-1,-1
2290,-1,,[],134,,402210416,402210416,402210516,-1,16,1100,-1,-1
2291,-1,,[],134,,402210417,402210417,402210517,-1,17,1200,-1,-1
2292,-1,,[],134,,402210418,402210418,402210518,-1,18,1300,-1,-1
2293,-1,,[],134,,402210419,402210419,402210519,-1,19,1400,-1,-1
2294,-1,,[],134,,402210420,402210420,402210520,-1,20,1500,-1,-1
2295,-1,,[],134,,402210421,402210421,402210521,-1,21,1600,-1,-1
2296,-1,,[],134,,402210422,402210422,402210522,-1,22,1700,-1,-1
2297,-1,,[],134,,402210423,402210423,402210523,-1,23,1800,-1,-1
2298,-1,,[],134,,402210424,402210424,402210524,-1,24,1900,-1,-1
2299,-1,,[],134,,402210425,402210425,402210525,-1,25,2000,-1,-1
2300,-1,,[],135,,401056001,401056001,402216668,-1,1,100,-1,-1
2301,-1,,[],135,,401056002,401056002,402216669,-1,2,200,-1,-1
2302,-1,,[],135,,401056003,401056003,402216670,-1,3,300,-1,-1
2303,-1,,[],135,,401056004,401056004,402216671,-1,4,400,-1,-1
2304,-1,,[],135,,401056005,401056005,402216672,-1,5,500,-1,-1
2305,-1,,[],135,,401056006,401056006,402216673,-1,6,600,-1,-1
2306,-1,,[],135,,401056007,401056007,402216674,-1,7,700,-1,-1
2307,-1,,[],135,,401056008,401056008,402216675,-1,8,800,-1,-1
2308,-1,,[],135,,401056009,401056009,402216676,-1,9,900,-1,-1
2309,-1,,[],135,,401056010,401056010,402216677,-1,10,1000,-1,-1
2310,-1,,[],135,,401056011,401056011,402216678,-1,11,1100,-1,-1
2311,-1,,[],135,,401056012,401056012,402216679,-1,12,1200,-1,-1
2312,-1,,[],135,,401056013,401056013,402216680,-1,13,1300,-1,-1
2313,-1,,[],135,,401056014,401056014,402216681,-1,14,1400,-1,-1
2314,-1,,[],135,,401056015,401056015,402216682,-1,15,1500,-1,-1
2315,-1,,[],135,,401056016,401056016,402216683,-1,16,1600,-1,-1
2316,-1,,[],135,,401056017,401056017,402216684,-1,17,1700,-1,-1
2317,-1,,[],135,,401056018,401056018,402216685,-1,18,1800,-1,-1
2318,-1,,[],135,,401056019,401056019,402216686,-1,19,1900,-1,-1
2319,-1,,[],135,,401056020,401056020,402216687,-1,20,2000,-1,-1
2320,-1,,[],135,,401056021,401056021,402216688,-1,21,2100,-1,-1
2321,-1,,[],135,,401056022,401056022,402216689,-1,22,2200,-1,-1
2322,-1,,[],135,,401056023,401056023,402216690,-1,23,2300,-1,-1
2323,-1,,[],135,,401056024,401056024,402216691,-1,24,2400,-1,-1
2324,-1,,[],135,,401056025,401056025,402216692,-1,25,2500,-1,-1
2325,-1,,[],136,,402229001,402229001,402229101,-1,1,100,-1,-1
2326,-1,,[],136,,402229002,402229002,402229102,-1,2,150,-1,-1
2327,-1,,[],136,,402229003,402229003,402229103,-1,3,200,-1,-1
2328,-1,,[],136,,402229004,402229004,402229104,-1,4,250,-1,-1
2329,-1,,[],136,,402229005,402229005,402229105,-1,5,300,-1,-1
2330,-1,,[],136,,402229006,402229006,402229106,-1,6,350,-1,-1
2331,-1,,[],136,,402229007,402229007,402229107,-1,7,400,-1,-1
2332,-1,,[],136,,402229008,402229008,402229108,-1,8,450,-1,-1
2333,-1,,[],136,,402229009,402229009,402229109,-1,9,500,-1,-1
2334,-1,,[],136,,402229010,402229010,402229110,-1,10,550,-1,-1
2335,-1,,[],136,,402229011,402229011,402229111,-1,11,600,-1,-1
2336,-1,,[],136,,402229012,402229012,402229112,-1,12,700,-1,-1
2337,-1,,[],136,,402229013,402229013,402229113,-1,13,800,-1,-1
2338,-1,,[],136,,402229014,402229014,402229114,-1,14,900,-1,-1
2339,-1,,[],136,,402229015,402229015,402229115,-1,15,1000,-1,-1
2340,-1,,[],136,,402229016,402229016,402229116,-1,16,1100,-1,-1
2341,-1,,[],136,,402229017,402229017,402229117,-1,17,1200,-1,-1
2342,-1,,[],136,,402229018,402229018,402229118,-1,18,1300,-1,-1
2343,-1,,[],136,,402229019,402229019,402229119,-1,19,1400,-1,-1
2344,-1,,[],136,,402229020,402229020,402229120,-1,20,1500,-1,-1
2345,-1,,[],136,,402229021,402229021,402229121,-1,21,1600,-1,-1
2346,-1,,[],136,,402229022,402229022,402229122,-1,22,1700,-1,-1
2347,-1,,[],136,,402229023,402229023,402229123,-1,23,1800,-1,-1
2348,-1,,[],136,,402229024,402229024,402229124,-1,24,1900,-1,-1
2349,-1,,[],136,,402229025,402229025,402229125,-1,25,2000,-1,-1
2350,-1,,[],137,,402261401,402261401,402261501,-1,1,100,-1,-1
2351,-1,,[],137,,402261402,402261402,402261502,-1,2,150,-1,-1
2352,-1,,[],137,,402261403,402261403,402261503,-1,3,200,-1,-1
2353,-1,,[],137,,402261404,402261404,402261504,-1,4,250,-1,-1
2354,-1,,[],137,,402261405,402261405,402261505,-1,5,300,-1,-1
2355,-1,,[],137,,402261406,402261406,402261506,-1,6,350,-1,-1
2356,-1,,[],137,,402261407,402261407,402261507,-1,7,400,-1,-1
2357,-1,,[],137,,402261408,402261408,402261508,-1,8,450,-1,-1
2358,-1,,[],137,,402261409,402261409,402261509,-1,9,500,-1,-1
2359,-1,,[],137,,402261410,402261410,402261510,-1,10,550,-1,-1
2360,-1,,[],137,,402261411,402261411,402261511,-1,11,600,-1,-1
2361,-1,,[],137,,402261412,402261412,402261512,-1,12,700,-1,-1
2362,-1,,[],137,,402261413,402261413,402261513,-1,13,800,-1,-1
2363,-1,,[],137,,402261414,402261414,402261514,-1,14,900,-1,-1
2364,-1,,[],137,,402261415,402261415,402261515,-1,15,1000,-1,-1
2365,-1,,[],137,,402261416,402261416,402261516,-1,16,1100,-1,-1
2366,-1,,[],137,,402261417,402261417,402261517,-1,17,1200,-1,-1
2367,-1,,[],137,,402261418,402261418,402261518,-1,18,1300,-1,-1
2368,-1,,[],137,,402261419,402261419,402261519,-1,19,1400,-1,-1
2369,-1,,[],137,,402261420,402261420,402261520,-1,20,1500,-1,-1
2370,-1,,[],137,,402261421,402261421,402261521,-1,21,1600,-1,-1
2371,-1,,[],137,,402261422,402261422,402261522,-1,22,1700,-1,-1
2372,-1,,[],137,,402261423,402261423,402261523,-1,23,1800,-1,-1
2373,-1,,[],137,,402261424,402261424,402261524,-1,24,1900,-1,-1
2374,-1,,[],137,,402261425,402261425,402261525,-1,25,2000,-1,-1
2375,-1,,[],138,lingdibaowei_target_desc1,1300101,1300101,-1,-1,1,5,-1,-1
2376,-1,,[],138,lingdibaowei_target_desc1,1300102,1300102,-1,-1,2,10,-1,-1
2377,-1,,[],138,lingdibaowei_target_desc1,1300103,1300103,-1,-1,3,15,-1,-1
2378,-1,,[],138,lingdibaowei_target_desc1,1300104,1300104,-1,-1,4,20,-1,-1
2380,-1,,[],139,,402287201,402287201,402287301,-1,1,100,-1,-1
2381,-1,,[],139,,402287202,402287202,402287302,-1,2,150,-1,-1
2382,-1,,[],139,,402287203,402287203,402287303,-1,3,200,-1,-1
2383,-1,,[],139,,402287204,402287204,402287304,-1,4,250,-1,-1
2384,-1,,[],139,,402287205,402287205,402287305,-1,5,300,-1,-1
2385,-1,,[],139,,402287206,402287206,402287306,-1,6,350,-1,-1
2386,-1,,[],139,,402287207,402287207,402287307,-1,7,400,-1,-1
2387,-1,,[],139,,402287208,402287208,402287308,-1,8,450,-1,-1
2388,-1,,[],139,,402287209,402287209,402287309,-1,9,500,-1,-1
2389,-1,,[],139,,402287210,402287210,402287310,-1,10,550,-1,-1
2390,-1,,[],139,,402287211,402287211,402287311,-1,11,600,-1,-1
2391,-1,,[],139,,402287212,402287212,402287312,-1,12,700,-1,-1
2392,-1,,[],139,,402287213,402287213,402287313,-1,13,800,-1,-1
2393,-1,,[],139,,402287214,402287214,402287314,-1,14,900,-1,-1
2394,-1,,[],139,,402287215,402287215,402287315,-1,15,1000,-1,-1
2395,-1,,[],139,,402287216,402287216,402287316,-1,16,1100,-1,-1
2396,-1,,[],139,,402287217,402287217,402287317,-1,17,1200,-1,-1
2397,-1,,[],139,,402287218,402287218,402287318,-1,18,1300,-1,-1
2398,-1,,[],139,,402287219,402287219,402287319,-1,19,1400,-1,-1
2399,-1,,[],139,,402287220,402287220,402287320,-1,20,1500,-1,-1
2400,-1,,[],139,,402287221,402287221,402287321,-1,21,1600,-1,-1
2401,-1,,[],139,,402287222,402287222,402287322,-1,22,1700,-1,-1
2402,-1,,[],139,,402287223,402287223,402287323,-1,23,1800,-1,-1
2403,-1,,[],139,,402287224,402287224,402287324,-1,24,1900,-1,-1
2404,-1,,[],139,,402287225,402287225,402287325,-1,25,2000,-1,-1
2405,-1,,[],140,,401056001,401056001,403015101,-1,1,100,-1,-1
2406,-1,,[],140,,401056002,401056002,403015102,-1,2,200,-1,-1
2407,-1,,[],140,,401056003,401056003,403015103,-1,3,300,-1,-1
2408,-1,,[],140,,401056004,401056004,403015104,-1,4,400,-1,-1
2409,-1,,[],140,,401056005,401056005,403015105,-1,5,500,-1,-1
2410,-1,,[],140,,401056006,401056006,403015106,-1,6,600,-1,-1
2411,-1,,[],140,,401056007,401056007,403015107,-1,7,700,-1,-1
2412,-1,,[],140,,401056008,401056008,403015108,-1,8,800,-1,-1
2413,-1,,[],140,,401056009,401056009,403015109,-1,9,900,-1,-1
2414,-1,,[],140,,401056010,401056010,403015110,-1,10,1000,-1,-1
2415,-1,,[],140,,401056011,401056011,403015111,-1,11,1100,-1,-1
2416,-1,,[],140,,401056012,401056012,403015112,-1,12,1200,-1,-1
2417,-1,,[],140,,401056013,401056013,403015113,-1,13,1300,-1,-1
2418,-1,,[],140,,401056014,401056014,403015114,-1,14,1400,-1,-1
2419,-1,,[],140,,401056015,401056015,403015115,-1,15,1500,-1,-1
2420,-1,,[],140,,401056016,401056016,403015116,-1,16,1600,-1,-1
2421,-1,,[],140,,401056017,401056017,403015117,-1,17,1700,-1,-1
2422,-1,,[],140,,401056018,401056018,403015118,-1,18,1800,-1,-1
2423,-1,,[],140,,401056019,401056019,403015119,-1,19,1900,-1,-1
2424,-1,,[],140,,401056020,401056020,403015120,-1,20,2000,-1,-1
2425,-1,,[],140,,401056021,401056021,403015121,-1,21,2100,-1,-1
2426,-1,,[],140,,401056022,401056022,403015122,-1,22,2200,-1,-1
2427,-1,,[],140,,401056023,401056023,403015123,-1,23,2300,-1,-1
2428,-1,,[],140,,401056024,401056024,403015124,-1,24,2400,-1,-1
2429,-1,,[],140,,401056025,401056025,403015125,-1,25,2500,-1,-1
2430,-1,,[],141,,402291101,402291101,-1,-1,1,150,-1,-1
2431,-1,,[],141,,402291102,402291102,-1,-1,2,300,-1,-1
2432,-1,,[],141,,402291103,402291103,-1,-1,3,700,-1,-1
2433,-1,,[],141,,402291104,402291104,-1,-1,4,1500,-1,-1
2434,-1,,[],141,,402291105,402291105,-1,-1,5,4000,-1,-1
2435,-1,,[],141,,402291106,402291106,-1,-1,6,10000,-1,-1
2436,-1,,[],142,,402291301,402291301,402291401,-1,1,100,-1,-1
2437,-1,,[],142,,402291302,402291302,402291402,-1,2,150,-1,-1
2438,-1,,[],142,,402291303,402291303,402291403,-1,3,200,-1,-1
2439,-1,,[],142,,402291304,402291304,402291404,-1,4,250,-1,-1
2440,-1,,[],142,,402291305,402291305,402291405,-1,5,300,-1,-1
2441,-1,,[],142,,402291306,402291306,402291406,-1,6,350,-1,-1
2442,-1,,[],142,,402291307,402291307,402291407,-1,7,400,-1,-1
2443,-1,,[],142,,402291308,402291308,402291408,-1,8,450,-1,-1
2444,-1,,[],142,,402291309,402291309,402291409,-1,9,500,-1,-1
2445,-1,,[],142,,402291310,402291310,402291410,-1,10,550,-1,-1
2446,-1,,[],142,,402291311,402291311,402291411,-1,11,600,-1,-1
2447,-1,,[],142,,402291312,402291312,402291412,-1,12,700,-1,-1
2448,-1,,[],142,,402291313,402291313,402291413,-1,13,800,-1,-1
2449,-1,,[],142,,402291314,402291314,402291414,-1,14,900,-1,-1
2450,-1,,[],142,,402291315,402291315,402291415,-1,15,1000,-1,-1
2451,-1,,[],142,,402291316,402291316,402291416,-1,16,1100,-1,-1
2452,-1,,[],142,,402291317,402291317,402291417,-1,17,1200,-1,-1
2453,-1,,[],142,,402291318,402291318,402291418,-1,18,1300,-1,-1
2454,-1,,[],142,,402291319,402291319,402291419,-1,19,1400,-1,-1
2455,-1,,[],142,,402291320,402291320,402291420,-1,20,1500,-1,-1
2456,-1,,[],142,,402291321,402291321,402291421,-1,21,1600,-1,-1
2457,-1,,[],142,,402291322,402291322,402291422,-1,22,1700,-1,-1
2458,-1,,[],142,,402291323,402291323,402291423,-1,23,1800,-1,-1
2459,-1,,[],142,,402291324,402291324,402291424,-1,24,1900,-1,-1
2460,-1,,[],142,,402291325,402291325,402291425,-1,25,2000,-1,-1
2461,-1,,[],143,,402292201,402292201,402292301,-1,1,100,-1,-1
2462,-1,,[],143,,402292202,402292202,402292302,-1,2,150,-1,-1
2463,-1,,[],143,,402292203,402292203,402292303,-1,3,200,-1,-1
2464,-1,,[],143,,402292204,402292204,402292304,-1,4,250,-1,-1
2465,-1,,[],143,,402292205,402292205,402292305,-1,5,300,-1,-1
2466,-1,,[],143,,402292206,402292206,402292306,-1,6,350,-1,-1
2467,-1,,[],143,,402292207,402292207,402292307,-1,7,400,-1,-1
2468,-1,,[],143,,402292208,402292208,402292308,-1,8,450,-1,-1
2469,-1,,[],143,,402292209,402292209,402292309,-1,9,500,-1,-1
2470,-1,,[],143,,402292210,402292210,402292310,-1,10,550,-1,-1
2471,-1,,[],143,,402292211,402292211,402292311,-1,11,600,-1,-1
2472,-1,,[],143,,402292212,402292212,402292312,-1,12,700,-1,-1
2473,-1,,[],143,,402292213,402292213,402292313,-1,13,800,-1,-1
2474,-1,,[],143,,402292214,402292214,402292314,-1,14,900,-1,-1
2475,-1,,[],143,,402292215,402292215,402292315,-1,15,1000,-1,-1
2476,-1,,[],143,,402292216,402292216,402292316,-1,16,1100,-1,-1
2477,-1,,[],143,,402292217,402292217,402292317,-1,17,1200,-1,-1
2478,-1,,[],143,,402292218,402292218,402292318,-1,18,1300,-1,-1
2479,-1,,[],143,,402292219,402292219,402292319,-1,19,1400,-1,-1
2480,-1,,[],143,,402292220,402292220,402292320,-1,20,1500,-1,-1
2481,-1,,[],143,,402292221,402292221,402292321,-1,21,1600,-1,-1
2482,-1,,[],143,,402292222,402292222,402292322,-1,22,1700,-1,-1
2483,-1,,[],143,,402292223,402292223,402292323,-1,23,1800,-1,-1
2484,-1,,[],143,,402292224,402292224,402292324,-1,24,1900,-1,-1
2485,-1,,[],143,,402292225,402292225,402292325,-1,25,2000,-1,-1
2486,-1,,[],144,,403056701,403056701,-1,-1,1,20,-1,-1
2487,-1,,[],144,,403056702,403056702,-1,-1,2,50,-1,-1
2488,-1,,[],144,,403056703,403056703,-1,-1,3,100,-1,-1
2489,-1,,[],144,,403056704,403056704,-1,-1,4,200,-1,-1
2490,-1,,[],144,,403056705,403056705,-1,-1,5,300,-1,-1
2491,-1,,[],144,,403056706,403056706,-1,-1,6,800,-1,-1
2492,-1,,[],145,,403056801,403056801,-1,-1,1,15000,500,-1
2493,-1,,[],145,,403056802,403056802,-1,-1,2,20000,800,-1
2494,-1,,[],145,,403056803,403056803,-1,-1,3,35000,1100,-1
2495,-1,,[],145,,403056804,403056804,-1,-1,4,50000,1400,-1
2496,-1,,[],145,,403056805,403056805,-1,-1,5,75000,1700,-1
2497,-1,,[],145,,403056806,403056806,-1,-1,6,100000,1900,-1
2498,-1,,[],145,,403056807,403056807,-1,-1,7,125000,2150,-1
2499,-1,,[],145,,403056808,403056808,-1,-1,8,150000,2520,-1
2500,-1,,[],145,,403056809,403056809,-1,-1,9,180000,2900,-1
2501,-1,,[],145,,403056810,403056810,-1,-1,10,200000,3300,-1
2502,-1,,[],146,,403058001,403058001,403058101,-1,1,100,-1,-1
2503,-1,,[],146,,403058002,403058002,403058102,-1,2,150,-1,-1
2504,-1,,[],146,,403058003,403058003,403058103,-1,3,200,-1,-1
2505,-1,,[],146,,403058004,403058004,403058104,-1,4,250,-1,-1
2506,-1,,[],146,,403058005,403058005,403058105,-1,5,300,-1,-1
2507,-1,,[],146,,403058006,403058006,403058106,-1,6,350,-1,-1
2508,-1,,[],146,,403058007,403058007,403058107,-1,7,400,-1,-1
2509,-1,,[],146,,403058008,403058008,403058108,-1,8,450,-1,-1
2510,-1,,[],146,,403058009,403058009,403058109,-1,9,500,-1,-1
2511,-1,,[],146,,403058010,403058010,403058110,-1,10,550,-1,-1
2512,-1,,[],146,,403058011,403058011,403058111,-1,11,600,-1,-1
2513,-1,,[],146,,403058012,403058012,403058112,-1,12,700,-1,-1
2514,-1,,[],146,,403058013,403058013,403058113,-1,13,800,-1,-1
2515,-1,,[],146,,403058014,403058014,403058114,-1,14,900,-1,-1
2516,-1,,[],146,,403058015,403058015,403058115,-1,15,1000,-1,-1
2517,-1,,[],146,,403058016,403058016,403058116,-1,16,1100,-1,-1
2518,-1,,[],146,,403058017,403058017,403058117,-1,17,1200,-1,-1
2519,-1,,[],146,,403058018,403058018,403058118,-1,18,1300,-1,-1
2520,-1,,[],146,,403058019,403058019,403058119,-1,19,1400,-1,-1
2521,-1,,[],146,,403058020,403058020,403058120,-1,20,1500,-1,-1
2522,-1,,[],146,,403058021,403058021,403058121,-1,21,1600,-1,-1
2523,-1,,[],146,,403058022,403058022,403058122,-1,22,1700,-1,-1
2524,-1,,[],146,,403058023,403058023,403058123,-1,23,1800,-1,-1
2525,-1,,[],146,,403058024,403058024,403058124,-1,24,1900,-1,-1
2526,-1,,[],146,,403058025,403058025,403058125,-1,25,2000,-1,-1
2527,-1,,[],147,,403081101,403081101,-1,-1,1,150,-1,-1
2528,-1,,[],147,,403081102,403081102,-1,-1,2,300,-1,-1
2529,-1,,[],147,,403081103,403081103,-1,-1,3,700,-1,-1
2530,-1,,[],147,,403081104,403081104,-1,-1,4,1500,-1,-1
2531,-1,,[],147,,403081105,403081105,-1,-1,5,4000,-1,-1
2532,-1,,[],147,,403081106,403081106,-1,-1,6,10000,-1,-1
2533,-1,,[],148,,403081301,403081301,403081401,-1,1,100,-1,-1
2534,-1,,[],148,,403081302,403081302,403081402,-1,2,150,-1,-1
2535,-1,,[],148,,403081303,403081303,403081403,-1,3,200,-1,-1
2536,-1,,[],148,,403081304,403081304,403081404,-1,4,250,-1,-1
2537,-1,,[],148,,403081305,403081305,403081405,-1,5,300,-1,-1
2538,-1,,[],148,,403081306,403081306,403081406,-1,6,350,-1,-1
2539,-1,,[],148,,403081307,403081307,403081407,-1,7,400,-1,-1
2540,-1,,[],148,,403081308,403081308,403081408,-1,8,450,-1,-1
2541,-1,,[],148,,403081309,403081309,403081409,-1,9,500,-1,-1
2542,-1,,[],148,,403081310,403081310,403081410,-1,10,550,-1,-1
2543,-1,,[],148,,403081311,403081311,403081411,-1,11,600,-1,-1
2544,-1,,[],148,,403081312,403081312,403081412,-1,12,700,-1,-1
2545,-1,,[],148,,403081313,403081313,403081413,-1,13,800,-1,-1
2546,-1,,[],148,,403081314,403081314,403081414,-1,14,900,-1,-1
2547,-1,,[],148,,403081315,403081315,403081415,-1,15,1000,-1,-1
2548,-1,,[],148,,403081316,403081316,403081416,-1,16,1100,-1,-1
2549,-1,,[],148,,403081317,403081317,403081417,-1,17,1200,-1,-1
2550,-1,,[],148,,403081318,403081318,403081418,-1,18,1300,-1,-1
2551,-1,,[],148,,403081319,403081319,403081419,-1,19,1400,-1,-1
2552,-1,,[],148,,403081320,403081320,403081420,-1,20,1500,-1,-1
2553,-1,,[],148,,403081321,403081321,403081421,-1,21,1600,-1,-1
2554,-1,,[],148,,403081322,403081322,403081422,-1,22,1700,-1,-1
2555,-1,,[],148,,403081323,403081323,403081423,-1,23,1800,-1,-1
2556,-1,,[],148,,403081324,403081324,403081424,-1,24,1900,-1,-1
2557,-1,,[],148,,403081325,403081325,403081425,-1,25,2000,-1,-1
2558,-1,,[],149,,403080101,403080101,-1,-1,1,20,-1,-1
2559,-1,,[],149,,403080102,403080102,-1,-1,2,50,-1,-1
2560,-1,,[],149,,403080103,403080103,-1,-1,3,100,-1,-1
2561,-1,,[],149,,403080104,403080104,-1,-1,4,200,-1,-1
2562,-1,,[],149,,403080105,403080105,-1,-1,5,300,-1,-1
2563,-1,,[],149,,403080106,403080106,-1,-1,6,800,-1,-1
2564,-1,,[],150,,403080301,403080301,403080401,-1,1,100,-1,-1
2565,-1,,[],150,,403080302,403080302,403080402,-1,2,150,-1,-1
2566,-1,,[],150,,403080303,403080303,403080403,-1,3,200,-1,-1
2567,-1,,[],150,,403080304,403080304,403080404,-1,4,250,-1,-1
2568,-1,,[],150,,403080305,403080305,403080405,-1,5,300,-1,-1
2569,-1,,[],150,,403080306,403080306,403080406,-1,6,350,-1,-1
2570,-1,,[],150,,403080307,403080307,403080407,-1,7,400,-1,-1
2571,-1,,[],150,,403080308,403080308,403080408,-1,8,450,-1,-1
2572,-1,,[],150,,403080309,403080309,403080409,-1,9,500,-1,-1
2573,-1,,[],150,,403080310,403080310,403080410,-1,10,550,-1,-1
2574,-1,,[],150,,403080311,403080311,403080411,-1,11,600,-1,-1
2575,-1,,[],150,,403080312,403080312,403080412,-1,12,700,-1,-1
2576,-1,,[],150,,403080313,403080313,403080413,-1,13,800,-1,-1
2577,-1,,[],150,,403080314,403080314,403080414,-1,14,900,-1,-1
2578,-1,,[],150,,403080315,403080315,403080415,-1,15,1000,-1,-1
2579,-1,,[],150,,403080316,403080316,403080416,-1,16,1100,-1,-1
2580,-1,,[],150,,403080317,403080317,403080417,-1,17,1200,-1,-1
2581,-1,,[],150,,403080318,403080318,403080418,-1,18,1300,-1,-1
2582,-1,,[],150,,403080319,403080319,403080419,-1,19,1400,-1,-1
2583,-1,,[],150,,403080320,403080320,403080420,-1,20,1500,-1,-1
2584,-1,,[],150,,403080321,403080321,403080421,-1,21,1600,-1,-1
2585,-1,,[],150,,403080322,403080322,403080422,-1,22,1700,-1,-1
2586,-1,,[],150,,403080323,403080323,403080423,-1,23,1800,-1,-1
2587,-1,,[],150,,403080324,403080324,403080424,-1,24,1900,-1,-1
2588,-1,,[],150,,403080325,403080325,403080425,-1,25,2000,-1,-1
2589,-1,,[],151,,403116101,403116101,-1,-1,1,150,-1,-1
2590,-1,,[],151,,403116102,403116102,-1,-1,2,300,-1,-1
2591,-1,,[],151,,403116103,403116103,-1,-1,3,700,-1,-1
2592,-1,,[],151,,403116104,403116104,-1,-1,4,1500,-1,-1
2593,-1,,[],151,,403116105,403116105,-1,-1,5,4000,-1,-1
2594,-1,,[],151,,403116106,403116106,-1,-1,6,10000,-1,-1
2595,-1,,[],152,,403117001,403117001,403117101,-1,1,100,-1,-1
2596,-1,,[],152,,403117002,403117002,403117102,-1,2,150,-1,-1
2597,-1,,[],152,,403117003,403117003,403117103,-1,3,200,-1,-1
2598,-1,,[],152,,403117004,403117004,403117104,-1,4,250,-1,-1
2599,-1,,[],152,,403117005,403117005,403117105,-1,5,300,-1,-1
2600,-1,,[],152,,403117006,403117006,403117106,-1,6,350,-1,-1
2601,-1,,[],152,,403117007,403117007,403117107,-1,7,400,-1,-1
2602,-1,,[],152,,403117008,403117008,403117108,-1,8,450,-1,-1
2603,-1,,[],152,,403117009,403117009,403117109,-1,9,500,-1,-1
2604,-1,,[],152,,403117010,403117010,403117110,-1,10,550,-1,-1
2605,-1,,[],152,,403117011,403117011,403117111,-1,11,600,-1,-1
2606,-1,,[],152,,403117012,403117012,403117112,-1,12,700,-1,-1
2607,-1,,[],152,,403117013,403117013,403117113,-1,13,800,-1,-1
2608,-1,,[],152,,403117014,403117014,403117114,-1,14,900,-1,-1
2609,-1,,[],152,,403117015,403117015,403117115,-1,15,1000,-1,-1
2610,-1,,[],152,,403117016,403117016,403117116,-1,16,1100,-1,-1
2611,-1,,[],152,,403117017,403117017,403117117,-1,17,1200,-1,-1
2612,-1,,[],152,,403117018,403117018,403117118,-1,18,1300,-1,-1
2613,-1,,[],152,,403117019,403117019,403117119,-1,19,1400,-1,-1
2614,-1,,[],152,,403117020,403117020,403117120,-1,20,1500,-1,-1
2615,-1,,[],152,,403117021,403117021,403117121,-1,21,1600,-1,-1
2616,-1,,[],152,,403117022,403117022,403117122,-1,22,1700,-1,-1
2617,-1,,[],152,,403117023,403117023,403117123,-1,23,1800,-1,-1
2618,-1,,[],152,,403117024,403117024,403117124,-1,24,1900,-1,-1
2619,-1,,[],152,,403117025,403117025,403117125,-1,25,2000,-1,-1
2620,-1,,[],153,,403110001,403110001,-1,-1,1,500,-1,-1
2621,-1,,[],153,,403110002,403110002,-1,-1,2,2500,-1,-1
2622,-1,,[],153,,403110003,403110003,-1,-1,3,6000,-1,-1
2623,-1,,[],153,,403110004,403110004,-1,-1,4,12000,-1,-1
2624,-1,,[],153,,403110005,403110005,-1,-1,5,30000,-1,-1
2625,-1,,[],154,,403126001,403126001,403126101,-1,1,200,-1,-1
2626,-1,,[],154,,403126002,403126002,403126102,-1,2,400,-1,-1
2627,-1,,[],154,,403126003,403126003,403126103,-1,3,600,-1,-1
2628,-1,,[],154,,403126004,403126004,403126104,-1,4,800,-1,-1
2629,-1,,[],154,,403126005,403126005,403126105,-1,5,1000,-1,-1
2630,-1,,[],154,,403126006,403126006,403126106,-1,6,1200,-1,-1
2631,-1,,[],154,,403126007,403126007,403126107,-1,7,1400,-1,-1
2632,-1,,[],154,,403126008,403126008,403126108,-1,8,1600,-1,-1
2633,-1,,[],154,,403126009,403126009,403126109,-1,9,1800,-1,-1
2634,-1,,[],154,,403126010,403126010,403126110,-1,10,2000,-1,-1
2635,-1,,[],154,,403126011,403126011,403126111,-1,11,2200,-1,-1
2636,-1,,[],154,,403126012,403126012,403126112,-1,12,2400,-1,-1
2637,-1,,[],154,,403126013,403126013,403126113,-1,13,2600,-1,-1
2638,-1,,[],154,,403126014,403126014,403126114,-1,14,2800,-1,-1
2639,-1,,[],154,,403126015,403126015,403126115,-1,15,3000,-1,-1
2640,-1,,[],154,,403126016,403126016,403126116,-1,16,3200,-1,-1
2641,-1,,[],154,,403126017,403126017,403126117,-1,17,3400,-1,-1
2642,-1,,[],154,,403126018,403126018,403126118,-1,18,3600,-1,-1
2643,-1,,[],154,,403126019,403126019,403126119,-1,19,3800,-1,-1
2644,-1,,[],154,,403126020,403126020,403126120,-1,20,4000,-1,-1
2645,-1,,[],154,,403126021,403126021,403126121,-1,21,4200,-1,-1
2646,-1,,[],154,,403126022,403126022,403126122,-1,22,4400,-1,-1
2647,-1,,[],154,,403126023,403126023,403126123,-1,23,4600,-1,-1
2648,-1,,[],154,,403126024,403126024,403126124,-1,24,4800,-1,-1
2649,-1,,[],154,,403126025,403126025,403126125,-1,25,5000,-1,-1
2650,-1,,[],154,,403126026,403126026,403126126,-1,26,5200,-1,-1
2651,-1,,[],154,,403126027,403126027,403126127,-1,27,5400,-1,-1
2652,-1,,[],154,,403126028,403126028,403126128,-1,28,5600,-1,-1
2653,-1,,[],154,,403126029,403126029,403126129,-1,29,5800,-1,-1
2654,-1,,[],154,,403126030,403126030,403126130,-1,30,6000,-1,-1
2655,-1,,[],154,,403126031,403126031,403126131,-1,31,6200,-1,-1
2656,-1,,[],154,,403126032,403126032,403126132,-1,32,6400,-1,-1
2657,-1,,[],154,,403126033,403126033,403126133,-1,33,6600,-1,-1
2658,-1,,[],154,,403126034,403126034,403126134,-1,34,6800,-1,-1
2659,-1,,[],154,,403126035,403126035,403126135,-1,35,7000,-1,-1
2660,-1,,[],154,,403126036,403126036,403126136,-1,36,7200,-1,-1
2661,-1,,[],154,,403126037,403126037,403126137,-1,37,7400,-1,-1
2662,-1,,[],154,,403126038,403126038,403126138,-1,38,7600,-1,-1
2663,-1,,[],154,,403126039,403126039,403126139,-1,39,7800,-1,-1
2664,-1,,[],154,,403126040,403126040,403126140,-1,40,8000,-1,-1
2665,-1,,[],155,,401056001,401056001,403128001,-1,1,100,-1,-1
2666,-1,,[],155,,401056002,401056002,403128002,-1,2,200,-1,-1
2667,-1,,[],155,,401056003,401056003,403128003,-1,3,300,-1,-1
2668,-1,,[],155,,401056004,401056004,403128004,-1,4,400,-1,-1
2669,-1,,[],155,,401056005,401056005,403128005,-1,5,500,-1,-1
2670,-1,,[],155,,401056006,401056006,403128006,-1,6,600,-1,-1
2671,-1,,[],155,,401056007,401056007,403128007,-1,7,700,-1,-1
2672,-1,,[],155,,401056008,401056008,403128008,-1,8,800,-1,-1
2673,-1,,[],155,,401056009,401056009,403128009,-1,9,900,-1,-1
2674,-1,,[],155,,401056010,401056010,403128010,-1,10,1000,-1,-1
2675,-1,,[],155,,401056011,401056011,403128011,-1,11,1100,-1,-1
2676,-1,,[],155,,401056012,401056012,403128012,-1,12,1200,-1,-1
2677,-1,,[],155,,401056013,401056013,403128013,-1,13,1300,-1,-1
2678,-1,,[],155,,401056014,401056014,403128014,-1,14,1400,-1,-1
2679,-1,,[],155,,401056015,401056015,403128015,-1,15,1500,-1,-1
2680,-1,,[],155,,401056016,401056016,403128016,-1,16,1600,-1,-1
2681,-1,,[],155,,401056017,401056017,403128017,-1,17,1700,-1,-1
2682,-1,,[],155,,401056018,401056018,403128018,-1,18,1800,-1,-1
2683,-1,,[],155,,401056019,401056019,403128019,-1,19,1900,-1,-1
2684,-1,,[],155,,401056020,401056020,403128020,-1,20,2000,-1,-1
2685,-1,,[],155,,401056021,401056021,403128021,-1,21,2100,-1,-1
2686,-1,,[],155,,401056022,401056022,403128022,-1,22,2200,-1,-1
2687,-1,,[],155,,401056023,401056023,403128023,-1,23,2300,-1,-1
2688,-1,,[],155,,401056024,401056024,403128024,-1,24,2400,-1,-1
2689,-1,,[],155,,401056025,401056025,403128025,-1,25,2500,-1,-1
2690,-1,,[],156,,403136001,403136001,403136101,-1,1,100,-1,-1
2691,-1,,[],156,,403136002,403136002,403136102,-1,2,200,-1,-1
2692,-1,,[],156,,403136003,403136003,403136103,-1,3,300,-1,-1
2693,-1,,[],156,,403136004,403136004,403136104,-1,4,400,-1,-1
2694,-1,,[],156,,403136005,403136005,403136105,-1,5,500,-1,-1
2695,-1,,[],156,,403136006,403136006,403136106,-1,6,600,-1,-1
2696,-1,,[],156,,403136007,403136007,403136107,-1,7,700,-1,-1
2697,-1,,[],156,,403136008,403136008,403136108,-1,8,800,-1,-1
2698,-1,,[],156,,403136009,403136009,403136109,-1,9,900,-1,-1
2699,-1,,[],156,,403136010,403136010,403136110,-1,10,1000,-1,-1
2700,-1,,[],156,,403136011,403136011,403136111,-1,11,1100,-1,-1
2701,-1,,[],156,,403136012,403136012,403136112,-1,12,1200,-1,-1
2702,-1,,[],156,,403136013,403136013,403136113,-1,13,1300,-1,-1
2703,-1,,[],156,,403136014,403136014,403136114,-1,14,1400,-1,-1
2704,-1,,[],156,,403136015,403136015,403136115,-1,15,1500,-1,-1
2705,-1,,[],156,,403136016,403136016,403136116,-1,16,1600,-1,-1
2706,-1,,[],156,,403136017,403136017,403136117,-1,17,1700,-1,-1
2707,-1,,[],156,,403136018,403136018,403136118,-1,18,1800,-1,-1
2708,-1,,[],156,,403136019,403136019,403136119,-1,19,1900,-1,-1
2709,-1,,[],156,,403136020,403136020,403136120,-1,20,2000,-1,-1
2710,-1,,[],156,,403136021,403136021,403136121,-1,21,2100,-1,-1
2711,-1,,[],156,,403136022,403136022,403136122,-1,22,2200,-1,-1
2712,-1,,[],156,,403136023,403136023,403136123,-1,23,2300,-1,-1
2713,-1,,[],156,,403136024,403136024,403136124,-1,24,2400,-1,-1
2714,-1,,[],156,,403136025,403136025,403136125,-1,25,2500,-1,-1
2715,-1,,[],157,,403146001,403146001,403146101,-1,1,100,-1,-1
2716,-1,,[],157,,403146002,403146002,403146102,-1,2,200,-1,-1
2717,-1,,[],157,,403146003,403146003,403146103,-1,3,300,-1,-1
2718,-1,,[],157,,403146004,403146004,403146104,-1,4,400,-1,-1
2719,-1,,[],157,,403146005,403146005,403146105,-1,5,500,-1,-1
2720,-1,,[],157,,403146006,403146006,403146106,-1,6,600,-1,-1
2721,-1,,[],157,,403146007,403146007,403146107,-1,7,700,-1,-1
2722,-1,,[],157,,403146008,403146008,403146108,-1,8,800,-1,-1
2723,-1,,[],157,,403146009,403146009,403146109,-1,9,900,-1,-1
2724,-1,,[],157,,403146010,403146010,403146110,-1,10,1000,-1,-1
2725,-1,,[],157,,403146011,403146011,403146111,-1,11,1100,-1,-1
2726,-1,,[],157,,403146012,403146012,403146112,-1,12,1200,-1,-1
2727,-1,,[],157,,403146013,403146013,403146113,-1,13,1300,-1,-1
2728,-1,,[],157,,403146014,403146014,403146114,-1,14,1400,-1,-1
2729,-1,,[],157,,403146015,403146015,403146115,-1,15,1500,-1,-1
2730,-1,,[],157,,403146016,403146016,403146116,-1,16,1600,-1,-1
2731,-1,,[],157,,403146017,403146017,403146117,-1,17,1700,-1,-1
2732,-1,,[],157,,403146018,403146018,403146118,-1,18,1800,-1,-1
2733,-1,,[],157,,403146019,403146019,403146119,-1,19,1900,-1,-1
2734,-1,,[],157,,403146020,403146020,403146120,-1,20,2000,-1,-1
2735,-1,,[],157,,403146021,403146021,403146121,-1,21,2100,-1,-1
2736,-1,,[],157,,403146022,403146022,403146122,-1,22,2200,-1,-1
2737,-1,,[],157,,403146023,403146023,403146123,-1,23,2300,-1,-1
2738,-1,,[],157,,403146024,403146024,403146124,-1,24,2400,-1,-1
2739,-1,,[],157,,403146025,403146025,403146125,-1,25,2500,-1,-1
2740,-1,,[],158,,403155001,403155001,-1,-1,1,500,-1,-1
2741,-1,,[],158,,403155002,403155002,-1,-1,2,2500,-1,-1
2742,-1,,[],158,,403155003,403155003,-1,-1,3,6000,-1,-1
2743,-1,,[],158,,403155004,403155004,-1,-1,4,12000,-1,-1
2744,-1,,[],158,,403155005,403155005,-1,-1,5,30000,-1,-1
2745,-1,,[],159,,403156001,403156001,403156101,-1,1,100,-1,-1
2746,-1,,[],159,,403156002,403156002,403156102,-1,2,150,-1,-1
2747,-1,,[],159,,403156003,403156003,403156103,-1,3,200,-1,-1
2748,-1,,[],159,,403156004,403156004,403156104,-1,4,250,-1,-1
2749,-1,,[],159,,403156005,403156005,403156105,-1,5,300,-1,-1
2750,-1,,[],159,,403156006,403156006,403156106,-1,6,350,-1,-1
2751,-1,,[],159,,403156007,403156007,403156107,-1,7,400,-1,-1
2752,-1,,[],159,,403156008,403156008,403156108,-1,8,450,-1,-1
2753,-1,,[],159,,403156009,403156009,403156109,-1,9,500,-1,-1
2754,-1,,[],159,,403156010,403156010,403156110,-1,10,550,-1,-1
2755,-1,,[],159,,403156011,403156011,403156111,-1,11,600,-1,-1
2756,-1,,[],159,,403156012,403156012,403156112,-1,12,700,-1,-1
2757,-1,,[],159,,403156013,403156013,403156113,-1,13,800,-1,-1
2758,-1,,[],159,,403156014,403156014,403156114,-1,14,900,-1,-1
2759,-1,,[],159,,403156015,403156015,403156115,-1,15,1000,-1,-1
2760,-1,,[],159,,403156016,403156016,403156116,-1,16,1100,-1,-1
2761,-1,,[],159,,403156017,403156017,403156117,-1,17,1200,-1,-1
2762,-1,,[],159,,403156018,403156018,403156118,-1,18,1300,-1,-1
2763,-1,,[],159,,403156019,403156019,403156119,-1,19,1400,-1,-1
2764,-1,,[],159,,403156020,403156020,403156120,-1,20,1500,-1,-1
2765,-1,,[],159,,403156021,403156021,403156121,-1,21,1600,-1,-1
2766,-1,,[],159,,403156022,403156022,403156122,-1,22,1700,-1,-1
2767,-1,,[],159,,403156023,403156023,403156123,-1,23,1800,-1,-1
2768,-1,,[],159,,403156024,403156024,403156124,-1,24,1900,-1,-1
2769,-1,,[],159,,403156025,403156025,403156125,-1,25,2000,-1,-1
2770,-1,,[],160,,403155011,403155011,-1,-1,1,500,-1,-1
2771,-1,,[],160,,403155012,403155012,-1,-1,2,2500,-1,-1
2772,-1,,[],160,,403155013,403155013,-1,-1,3,6000,-1,-1
2773,-1,,[],160,,403155014,403155014,-1,-1,4,12000,-1,-1
2774,-1,,[],160,,403155015,403155015,-1,-1,5,30000,-1,-1
2775,-1,,[],161,,403151501,403151501,403151601,-1,1,100,-1,-1
2776,-1,,[],161,,403151502,403151502,403151602,-1,2,150,-1,-1
2777,-1,,[],161,,403151503,403151503,403151603,-1,3,200,-1,-1
2778,-1,,[],161,,403151504,403151504,403151604,-1,4,250,-1,-1
2779,-1,,[],161,,403151505,403151505,403151605,-1,5,300,-1,-1
2780,-1,,[],161,,403151506,403151506,403151606,-1,6,350,-1,-1
2781,-1,,[],161,,403151507,403151507,403151607,-1,7,400,-1,-1
2782,-1,,[],161,,403151508,403151508,403151608,-1,8,450,-1,-1
2783,-1,,[],161,,403151509,403151509,403151609,-1,9,500,-1,-1
2784,-1,,[],161,,403151510,403151510,403151610,-1,10,550,-1,-1
2785,-1,,[],161,,403151511,403151511,403151611,-1,11,600,-1,-1
2786,-1,,[],161,,403151512,403151512,403151612,-1,12,700,-1,-1
2787,-1,,[],161,,403151513,403151513,403151613,-1,13,800,-1,-1
2788,-1,,[],161,,403151514,403151514,403151614,-1,14,900,-1,-1
2789,-1,,[],161,,403151515,403151515,403151615,-1,15,1000,-1,-1
2790,-1,,[],161,,403151516,403151516,403151616,-1,16,1100,-1,-1
2791,-1,,[],161,,403151517,403151517,403151617,-1,17,1200,-1,-1
2792,-1,,[],161,,403151518,403151518,403151618,-1,18,1300,-1,-1
2793,-1,,[],161,,403151519,403151519,403151619,-1,19,1400,-1,-1
2794,-1,,[],161,,403151520,403151520,403151620,-1,20,1500,-1,-1
2795,-1,,[],161,,403151521,403151521,403151621,-1,21,1600,-1,-1
2796,-1,,[],161,,403151522,403151522,403151622,-1,22,1700,-1,-1
2797,-1,,[],161,,403151523,403151523,403151623,-1,23,1800,-1,-1
2798,-1,,[],161,,403151524,403151524,403151624,-1,24,1900,-1,-1
2799,-1,,[],161,,403151525,403151525,403151625,-1,25,2000,-1,-1
2800,-1,,[],162,,403220301,403220301,403220401,-1,1,100,-1,-1
2801,-1,,[],162,,403220302,403220302,403220402,-1,2,150,-1,-1
2802,-1,,[],162,,403220303,403220303,403220403,-1,3,200,-1,-1
2803,-1,,[],162,,403220304,403220304,403220404,-1,4,250,-1,-1
2804,-1,,[],162,,403220305,403220305,403220405,-1,5,300,-1,-1
2805,-1,,[],162,,403220306,403220306,403220406,-1,6,350,-1,-1
2806,-1,,[],162,,403220307,403220307,403220407,-1,7,400,-1,-1
2807,-1,,[],162,,403220308,403220308,403220408,-1,8,450,-1,-1
2808,-1,,[],162,,403220309,403220309,403220409,-1,9,500,-1,-1
2809,-1,,[],162,,403220310,403220310,403220410,-1,10,550,-1,-1
2810,-1,,[],162,,403220311,403220311,403220411,-1,11,600,-1,-1
2811,-1,,[],162,,403220312,403220312,403220412,-1,12,700,-1,-1
2812,-1,,[],162,,403220313,403220313,403220413,-1,13,800,-1,-1
2813,-1,,[],162,,403220314,403220314,403220414,-1,14,900,-1,-1
2814,-1,,[],162,,403220315,403220315,403220415,-1,15,1000,-1,-1
2815,-1,,[],162,,403220316,403220316,403220416,-1,16,1100,-1,-1
2816,-1,,[],162,,403220317,403220317,403220417,-1,17,1200,-1,-1
2817,-1,,[],162,,403220318,403220318,403220418,-1,18,1300,-1,-1
2818,-1,,[],162,,403220319,403220319,403220419,-1,19,1400,-1,-1
2819,-1,,[],162,,403220320,403220320,403220420,-1,20,1500,-1,-1
2820,-1,,[],162,,403220321,403220321,403220421,-1,21,1600,-1,-1
2821,-1,,[],162,,403220322,403220322,403220422,-1,22,1700,-1,-1
2822,-1,,[],162,,403220323,403220323,403220423,-1,23,1800,-1,-1
2823,-1,,[],162,,403220324,403220324,403220424,-1,24,1900,-1,-1
2824,-1,,[],162,,403220325,403220325,403220425,-1,25,2000,-1,-1
2825,-1,,[],163,,403220101,403220101,-1,-1,1,20,-1,-1
2826,-1,,[],163,,403220102,403220102,-1,-1,2,50,-1,-1
2827,-1,,[],163,,403220103,403220103,-1,-1,3,100,-1,-1
2828,-1,,[],163,,403220104,403220104,-1,-1,4,200,-1,-1
2829,-1,,[],163,,403220105,403220105,-1,-1,5,300,-1,-1
2830,-1,,[],163,,403220106,403220106,-1,-1,6,800,-1,-1
2831,-1,,[],164,,403225001,403225001,-1,-1,1,500,-1,-1
2832,-1,,[],164,,403225002,403225002,-1,-1,2,2500,-1,-1
2833,-1,,[],164,,403225003,403225003,-1,-1,3,6000,-1,-1
2834,-1,,[],164,,403225004,403225004,-1,-1,4,12000,-1,-1
2835,-1,,[],164,,403225005,403225005,-1,-1,5,30000,-1,-1
2836,-1,,[],165,,403225011,403225011,-1,-1,1,500,-1,-1
2837,-1,,[],165,,403225012,403225012,-1,-1,2,2500,-1,-1
2838,-1,,[],165,,403225013,403225013,-1,-1,3,6000,-1,-1
2839,-1,,[],165,,403225014,403225014,-1,-1,4,12000,-1,-1
2840,-1,,[],165,,403225015,403225015,-1,-1,5,30000,-1,-1
2841,-1,,[],166,,403146001,403146001,403226001,-1,1,100,-1,-1
2842,-1,,[],166,,403146002,403146002,403226002,-1,2,200,-1,-1
2843,-1,,[],166,,403146003,403146003,403226003,-1,3,300,-1,-1
2844,-1,,[],166,,403146004,403146004,403226004,-1,4,400,-1,-1
2845,-1,,[],166,,403146005,403146005,403226005,-1,5,500,-1,-1
2846,-1,,[],166,,403146006,403146006,403226006,-1,6,600,-1,-1
2847,-1,,[],166,,403146007,403146007,403226007,-1,7,700,-1,-1
2848,-1,,[],166,,403146008,403146008,403226008,-1,8,800,-1,-1
2849,-1,,[],166,,403146009,403146009,403226009,-1,9,900,-1,-1
2850,-1,,[],166,,403146010,403146010,403226010,-1,10,1000,-1,-1
2851,-1,,[],166,,403146011,403146011,403226011,-1,11,1100,-1,-1
2852,-1,,[],166,,403146012,403146012,403226012,-1,12,1200,-1,-1
2853,-1,,[],166,,403146013,403146013,403226013,-1,13,1300,-1,-1
2854,-1,,[],166,,403146014,403146014,403226014,-1,14,1400,-1,-1
2855,-1,,[],166,,403146015,403146015,403226015,-1,15,1500,-1,-1
2856,-1,,[],166,,403146016,403146016,403226016,-1,16,1600,-1,-1
2857,-1,,[],166,,403146017,403146017,403226017,-1,17,1700,-1,-1
2858,-1,,[],166,,403146018,403146018,403226018,-1,18,1800,-1,-1
2859,-1,,[],166,,403146019,403146019,403226019,-1,19,1900,-1,-1
2860,-1,,[],166,,403146020,403146020,403226020,-1,20,2000,-1,-1
2861,-1,,[],166,,403146021,403146021,403226021,-1,21,2100,-1,-1
2862,-1,,[],166,,403146022,403146022,403226022,-1,22,2200,-1,-1
2863,-1,,[],166,,403146023,403146023,403226023,-1,23,2300,-1,-1
2864,-1,,[],166,,403146024,403146024,403226024,-1,24,2400,-1,-1
2865,-1,,[],166,,403146025,403146025,403226025,-1,25,2500,-1,-1
2866,-1,,[],167,,403271301,403271301,403271401,-1,1,100,-1,-1
2867,-1,,[],167,,403271302,403271302,403271402,-1,2,150,-1,-1
2868,-1,,[],167,,403271303,403271303,403271403,-1,3,200,-1,-1
2869,-1,,[],167,,403271304,403271304,403271404,-1,4,250,-1,-1
2870,-1,,[],167,,403271305,403271305,403271405,-1,5,300,-1,-1
2871,-1,,[],167,,403271306,403271306,403271406,-1,6,350,-1,-1
2872,-1,,[],167,,403271307,403271307,403271407,-1,7,400,-1,-1
2873,-1,,[],167,,403271308,403271308,403271408,-1,8,450,-1,-1
2874,-1,,[],167,,403271309,403271309,403271409,-1,9,500,-1,-1
2875,-1,,[],167,,403271310,403271310,403271410,-1,10,550,-1,-1
2876,-1,,[],167,,403271311,403271311,403271411,-1,11,600,-1,-1
2877,-1,,[],167,,403271312,403271312,403271412,-1,12,700,-1,-1
2878,-1,,[],167,,403271313,403271313,403271413,-1,13,800,-1,-1
2879,-1,,[],167,,403271314,403271314,403271414,-1,14,900,-1,-1
2880,-1,,[],167,,403271315,403271315,403271415,-1,15,1000,-1,-1
2881,-1,,[],167,,403271316,403271316,403271416,-1,16,1100,-1,-1
2882,-1,,[],167,,403271317,403271317,403271417,-1,17,1200,-1,-1
2883,-1,,[],167,,403271318,403271318,403271418,-1,18,1300,-1,-1
2884,-1,,[],167,,403271319,403271319,403271419,-1,19,1400,-1,-1
2885,-1,,[],167,,403271320,403271320,403271420,-1,20,1500,-1,-1
2886,-1,,[],167,,403271321,403271321,403271421,-1,21,1600,-1,-1
2887,-1,,[],167,,403271322,403271322,403271422,-1,22,1700,-1,-1
2888,-1,,[],167,,403271323,403271323,403271423,-1,23,1800,-1,-1
2889,-1,,[],167,,403271324,403271324,403271424,-1,24,1900,-1,-1
2890,-1,,[],167,,403271325,403271325,403271425,-1,25,2000,-1,-1
2891,-1,,[],168,,403271101,403271101,-1,-1,1,20,-1,-1
2892,-1,,[],168,,403271102,403271102,-1,-1,2,50,-1,-1
2893,-1,,[],168,,403271103,403271103,-1,-1,3,100,-1,-1
2894,-1,,[],168,,403271104,403271104,-1,-1,4,200,-1,-1
2895,-1,,[],168,,403271105,403271105,-1,-1,5,300,-1,-1
2896,-1,,[],168,,403271106,403271106,-1,-1,6,800,-1,-1
2897,-1,,[],169,,401056001,401056001,403295101,-1,1,100,-1,-1
2898,-1,,[],169,,401056002,401056002,403295102,-1,2,200,-1,-1
2899,-1,,[],169,,401056003,401056003,403295103,-1,3,300,-1,-1
2900,-1,,[],169,,401056004,401056004,403295104,-1,4,400,-1,-1
2901,-1,,[],169,,401056005,401056005,403295105,-1,5,500,-1,-1
2902,-1,,[],169,,401056006,401056006,403295106,-1,6,600,-1,-1
2903,-1,,[],169,,401056007,401056007,403295107,-1,7,700,-1,-1
2904,-1,,[],169,,401056008,401056008,403295108,-1,8,800,-1,-1
2905,-1,,[],169,,401056009,401056009,403295109,-1,9,900,-1,-1
2906,-1,,[],169,,401056010,401056010,403295110,-1,10,1000,-1,-1
2907,-1,,[],169,,401056011,401056011,403295111,-1,11,1100,-1,-1
2908,-1,,[],169,,401056012,401056012,403295112,-1,12,1200,-1,-1
2909,-1,,[],169,,401056013,401056013,403295113,-1,13,1300,-1,-1
2910,-1,,[],169,,401056014,401056014,403295114,-1,14,1400,-1,-1
2911,-1,,[],169,,401056015,401056015,403295115,-1,15,1500,-1,-1
2912,-1,,[],169,,401056016,401056016,403295116,-1,16,1600,-1,-1
2913,-1,,[],169,,401056017,401056017,403295117,-1,17,1700,-1,-1
2914,-1,,[],169,,401056018,401056018,403295118,-1,18,1800,-1,-1
2915,-1,,[],169,,401056019,401056019,403295119,-1,19,1900,-1,-1
2916,-1,,[],169,,401056020,401056020,403295120,-1,20,2000,-1,-1
2917,-1,,[],169,,401056021,401056021,403295121,-1,21,2100,-1,-1
2918,-1,,[],169,,401056022,401056022,403295122,-1,22,2200,-1,-1
2919,-1,,[],169,,401056023,401056023,403295123,-1,23,2300,-1,-1
2920,-1,,[],169,,401056024,401056024,403295124,-1,24,2400,-1,-1
2921,-1,,[],169,,401056025,401056025,403295125,-1,25,2500,-1,-1
2922,-1,,[],170,,403146001,403146001,403295301,-1,1,100,-1,-1
2923,-1,,[],170,,403146002,403146002,403295302,-1,2,200,-1,-1
2924,-1,,[],170,,403146003,403146003,403295303,-1,3,300,-1,-1
2925,-1,,[],170,,403146004,403146004,403295304,-1,4,400,-1,-1
2926,-1,,[],170,,403146005,403146005,403295305,-1,5,500,-1,-1
2927,-1,,[],170,,403146006,403146006,403295306,-1,6,600,-1,-1
2928,-1,,[],170,,403146007,403146007,403295307,-1,7,700,-1,-1
2929,-1,,[],170,,403146008,403146008,403295308,-1,8,800,-1,-1
2930,-1,,[],170,,403146009,403146009,403295309,-1,9,900,-1,-1
2931,-1,,[],170,,403146010,403146010,403295310,-1,10,1000,-1,-1
2932,-1,,[],170,,403146011,403146011,403295311,-1,11,1100,-1,-1
2933,-1,,[],170,,403146012,403146012,403295312,-1,12,1200,-1,-1
2934,-1,,[],170,,403146013,403146013,403295313,-1,13,1300,-1,-1
2935,-1,,[],170,,403146014,403146014,403295314,-1,14,1400,-1,-1
2936,-1,,[],170,,403146015,403146015,403295315,-1,15,1500,-1,-1
2937,-1,,[],170,,403146016,403146016,403295316,-1,16,1600,-1,-1
2938,-1,,[],170,,403146017,403146017,403295317,-1,17,1700,-1,-1
2939,-1,,[],170,,403146018,403146018,403295318,-1,18,1800,-1,-1
2940,-1,,[],170,,403146019,403146019,403295319,-1,19,1900,-1,-1
2941,-1,,[],170,,403146020,403146020,403295320,-1,20,2000,-1,-1
2942,-1,,[],170,,403146021,403146021,403295321,-1,21,2100,-1,-1
2943,-1,,[],170,,403146022,403146022,403295322,-1,22,2200,-1,-1
2944,-1,,[],170,,403146023,403146023,403295323,-1,23,2300,-1,-1
2945,-1,,[],170,,403146024,403146024,403295324,-1,24,2400,-1,-1
2946,-1,,[],170,,403146025,403146025,403295325,-1,25,2500,-1,-1
2947,-1,,[],171,,403295601,403295601,403295701,-1,1,100,-1,-1
2948,-1,,[],171,,403295602,403295602,403295702,-1,2,150,-1,-1
2949,-1,,[],171,,403295603,403295603,403295703,-1,3,200,-1,-1
2950,-1,,[],171,,403295604,403295604,403295704,-1,4,250,-1,-1
2951,-1,,[],171,,403295605,403295605,403295705,-1,5,300,-1,-1
2952,-1,,[],171,,403295606,403295606,403295706,-1,6,350,-1,-1
2953,-1,,[],171,,403295607,403295607,403295707,-1,7,400,-1,-1
2954,-1,,[],171,,403295608,403295608,403295708,-1,8,450,-1,-1
2955,-1,,[],171,,403295609,403295609,403295709,-1,9,500,-1,-1
2956,-1,,[],171,,403295610,403295610,403295710,-1,10,550,-1,-1
2957,-1,,[],171,,403295611,403295611,403295711,-1,11,600,-1,-1
2958,-1,,[],171,,403295612,403295612,403295712,-1,12,700,-1,-1
2959,-1,,[],171,,403295613,403295613,403295713,-1,13,800,-1,-1
2960,-1,,[],171,,403295614,403295614,403295714,-1,14,900,-1,-1
2961,-1,,[],171,,403295615,403295615,403295715,-1,15,1000,-1,-1
2962,-1,,[],171,,403295616,403295616,403295716,-1,16,1100,-1,-1
2963,-1,,[],171,,403295617,403295617,403295717,-1,17,1200,-1,-1
2964,-1,,[],171,,403295618,403295618,403295718,-1,18,1300,-1,-1
2965,-1,,[],171,,403295619,403295619,403295719,-1,19,1400,-1,-1
2966,-1,,[],171,,403295620,403295620,403295720,-1,20,1500,-1,-1
2967,-1,,[],171,,403295621,403295621,403295721,-1,21,1600,-1,-1
2968,-1,,[],171,,403295622,403295622,403295722,-1,22,1700,-1,-1
2969,-1,,[],171,,403295623,403295623,403295723,-1,23,1800,-1,-1
2970,-1,,[],171,,403295624,403295624,403295724,-1,24,1900,-1,-1
2971,-1,,[],171,,403295625,403295625,403295725,-1,25,2000,-1,-1
2972,-1,,[],172,,403290501,403290501,403290601,-1,1,100,-1,-1
2973,-1,,[],172,,403290502,403290502,403290602,-1,2,150,-1,-1
2974,-1,,[],172,,403290503,403290503,403290603,-1,3,200,-1,-1
2975,-1,,[],172,,403290504,403290504,403290604,-1,4,250,-1,-1
2976,-1,,[],172,,403290505,403290505,403290605,-1,5,300,-1,-1
2977,-1,,[],172,,403290506,403290506,403290606,-1,6,350,-1,-1
2978,-1,,[],172,,403290507,403290507,403290607,-1,7,400,-1,-1
2979,-1,,[],172,,403290508,403290508,403290608,-1,8,450,-1,-1
2980,-1,,[],172,,403290509,403290509,403290609,-1,9,500,-1,-1
2981,-1,,[],172,,403290510,403290510,403290610,-1,10,550,-1,-1
2982,-1,,[],172,,403290511,403290511,403290611,-1,11,600,-1,-1
2983,-1,,[],172,,403290512,403290512,403290612,-1,12,700,-1,-1
2984,-1,,[],172,,403290513,403290513,403290613,-1,13,800,-1,-1
2985,-1,,[],172,,403290514,403290514,403290614,-1,14,900,-1,-1
2986,-1,,[],172,,403290515,403290515,403290615,-1,15,1000,-1,-1
2987,-1,,[],172,,403290516,403290516,403290616,-1,16,1100,-1,-1
2988,-1,,[],172,,403290517,403290517,403290617,-1,17,1200,-1,-1
2989,-1,,[],172,,403290518,403290518,403290618,-1,18,1300,-1,-1
2990,-1,,[],172,,403290519,403290519,403290619,-1,19,1400,-1,-1
2991,-1,,[],172,,403290520,403290520,403290620,-1,20,1500,-1,-1
2992,-1,,[],172,,403290521,403290521,403290621,-1,21,1600,-1,-1
2993,-1,,[],172,,403290522,403290522,403290622,-1,22,1700,-1,-1
2994,-1,,[],172,,403290523,403290523,403290623,-1,23,1800,-1,-1
2995,-1,,[],172,,403290524,403290524,403290624,-1,24,1900,-1,-1
2996,-1,,[],172,,403290525,403290525,403290625,-1,25,2000,-1,-1
2997,-1,,[],173,,404026101,404026101,-1,-1,1,20,-1,-1
2998,-1,,[],173,,404026102,404026102,-1,-1,2,50,-1,-1
2999,-1,,[],173,,404026103,404026103,-1,-1,3,100,-1,-1
3000,-1,,[],173,,404026104,404026104,-1,-1,4,200,-1,-1
3001,-1,,[],173,,404026105,404026105,-1,-1,5,300,-1,-1
3002,-1,,[],173,,404026106,404026106,-1,-1,6,800,-1,-1
3003,-1,,[],174,,404027001,404027001,404027101,-1,1,100,-1,-1
3004,-1,,[],174,,404027002,404027002,404027102,-1,2,150,-1,-1
3005,-1,,[],174,,404027003,404027003,404027103,-1,3,200,-1,-1
3006,-1,,[],174,,404027004,404027004,404027104,-1,4,250,-1,-1
3007,-1,,[],174,,404027005,404027005,404027105,-1,5,300,-1,-1
3008,-1,,[],174,,404027006,404027006,404027106,-1,6,350,-1,-1
3009,-1,,[],174,,404027007,404027007,404027107,-1,7,400,-1,-1
3010,-1,,[],174,,404027008,404027008,404027108,-1,8,450,-1,-1
3011,-1,,[],174,,404027009,404027009,404027109,-1,9,500,-1,-1
3012,-1,,[],174,,404027010,404027010,404027110,-1,10,550,-1,-1
3013,-1,,[],174,,404027011,404027011,404027111,-1,11,600,-1,-1
3014,-1,,[],174,,404027012,404027012,404027112,-1,12,700,-1,-1
3015,-1,,[],174,,404027013,404027013,404027113,-1,13,800,-1,-1
3016,-1,,[],174,,404027014,404027014,404027114,-1,14,900,-1,-1
3017,-1,,[],174,,404027015,404027015,404027115,-1,15,1000,-1,-1
3018,-1,,[],174,,404027016,404027016,404027116,-1,16,1100,-1,-1
3019,-1,,[],174,,404027017,404027017,404027117,-1,17,1200,-1,-1
3020,-1,,[],174,,404027018,404027018,404027118,-1,18,1300,-1,-1
3021,-1,,[],174,,404027019,404027019,404027119,-1,19,1400,-1,-1
3022,-1,,[],174,,404027020,404027020,404027120,-1,20,1500,-1,-1
3023,-1,,[],174,,404027021,404027021,404027121,-1,21,1600,-1,-1
3024,-1,,[],174,,404027022,404027022,404027122,-1,22,1700,-1,-1
3025,-1,,[],174,,404027023,404027023,404027123,-1,23,1800,-1,-1
3026,-1,,[],174,,404027024,404027024,404027124,-1,24,1900,-1,-1
3027,-1,,[],174,,404027025,404027025,404027125,-1,25,2000,-1,-1
3028,-1,,[],175,,403146001,403146001,404029101,-1,1,100,-1,-1
3029,-1,,[],175,,403146002,403146002,404029102,-1,2,200,-1,-1
3030,-1,,[],175,,403146003,403146003,404029103,-1,3,300,-1,-1
3031,-1,,[],175,,403146004,403146004,404029104,-1,4,400,-1,-1
3032,-1,,[],175,,403146005,403146005,404029105,-1,5,500,-1,-1
3033,-1,,[],175,,403146006,403146006,404029106,-1,6,600,-1,-1
3034,-1,,[],175,,403146007,403146007,404029107,-1,7,700,-1,-1
3035,-1,,[],175,,403146008,403146008,404029108,-1,8,800,-1,-1
3036,-1,,[],175,,403146009,403146009,404029109,-1,9,900,-1,-1
3037,-1,,[],175,,403146010,403146010,404029110,-1,10,1000,-1,-1
3038,-1,,[],175,,403146011,403146011,404029111,-1,11,1100,-1,-1
3039,-1,,[],175,,403146012,403146012,404029112,-1,12,1200,-1,-1
3040,-1,,[],175,,403146013,403146013,404029113,-1,13,1300,-1,-1
3041,-1,,[],175,,403146014,403146014,404029114,-1,14,1400,-1,-1
3042,-1,,[],175,,403146015,403146015,404029115,-1,15,1500,-1,-1
3043,-1,,[],175,,403146016,403146016,404029116,-1,16,1600,-1,-1
3044,-1,,[],175,,403146017,403146017,404029117,-1,17,1700,-1,-1
3045,-1,,[],175,,403146018,403146018,404029118,-1,18,1800,-1,-1
3046,-1,,[],175,,403146019,403146019,404029119,-1,19,1900,-1,-1
3047,-1,,[],175,,403146020,403146020,404029120,-1,20,2000,-1,-1
3048,-1,,[],175,,403146021,403146021,404029121,-1,21,2100,-1,-1
3049,-1,,[],175,,403146022,403146022,404029122,-1,22,2200,-1,-1
3050,-1,,[],175,,403146023,403146023,404029123,-1,23,2300,-1,-1
3051,-1,,[],175,,403146024,403146024,404029124,-1,24,2400,-1,-1
3052,-1,,[],175,,403146025,403146025,404029125,-1,25,2500,-1,-1
3053,-1,,[],176,,404020301,404020301,404020401,-1,1,100,-1,-1
3054,-1,,[],176,,404020302,404020302,404020402,-1,2,150,-1,-1
3055,-1,,[],176,,404020303,404020303,404020403,-1,3,200,-1,-1
3056,-1,,[],176,,404020304,404020304,404020404,-1,4,250,-1,-1
3057,-1,,[],176,,404020305,404020305,404020405,-1,5,300,-1,-1
3058,-1,,[],176,,404020306,404020306,404020406,-1,6,350,-1,-1
3059,-1,,[],176,,404020307,404020307,404020407,-1,7,400,-1,-1
3060,-1,,[],176,,404020308,404020308,404020408,-1,8,450,-1,-1
3061,-1,,[],176,,404020309,404020309,404020409,-1,9,500,-1,-1
3062,-1,,[],176,,404020310,404020310,404020410,-1,10,550,-1,-1
3063,-1,,[],176,,404020311,404020311,404020411,-1,11,600,-1,-1
3064,-1,,[],176,,404020312,404020312,404020412,-1,12,700,-1,-1
3065,-1,,[],176,,404020313,404020313,404020413,-1,13,800,-1,-1
3066,-1,,[],176,,404020314,404020314,404020414,-1,14,900,-1,-1
3067,-1,,[],176,,404020315,404020315,404020415,-1,15,1000,-1,-1
3068,-1,,[],176,,404020316,404020316,404020416,-1,16,1100,-1,-1
3069,-1,,[],176,,404020317,404020317,404020417,-1,17,1200,-1,-1
3070,-1,,[],176,,404020318,404020318,404020418,-1,18,1300,-1,-1
3071,-1,,[],176,,404020319,404020319,404020419,-1,19,1400,-1,-1
3072,-1,,[],176,,404020320,404020320,404020420,-1,20,1500,-1,-1
3073,-1,,[],176,,404020321,404020321,404020421,-1,21,1600,-1,-1
3074,-1,,[],176,,404020322,404020322,404020422,-1,22,1700,-1,-1
3075,-1,,[],176,,404020323,404020323,404020423,-1,23,1800,-1,-1
3076,-1,,[],176,,404020324,404020324,404020424,-1,24,1900,-1,-1
3077,-1,,[],176,,404020325,404020325,404020425,-1,25,2000,-1,-1
3078,-1,,[],177,,404020101,404020101,-1,-1,1,20,-1,-1
3079,-1,,[],177,,404020102,404020102,-1,-1,2,50,-1,-1
3080,-1,,[],177,,404020103,404020103,-1,-1,3,100,-1,-1
3081,-1,,[],177,,404020104,404020104,-1,-1,4,200,-1,-1
3082,-1,,[],177,,404020105,404020105,-1,-1,5,300,-1,-1
3083,-1,,[],177,,404020106,404020106,-1,-1,6,800,-1,-1
3084,-1,,[],178,,404118001,404118001,-1,-1,1,500,-1,-1
3085,-1,,[],178,,404118002,404118002,-1,-1,2,2500,-1,-1
3086,-1,,[],178,,404118003,404118003,-1,-1,3,6000,-1,-1
3087,-1,,[],178,,404118004,404118004,-1,-1,4,12000,-1,-1
3088,-1,,[],178,,404118005,404118005,-1,-1,5,30000,-1,-1
3089,-1,,[],179,,401056001,401056001,404118301,-1,1,100,-1,-1
3090,-1,,[],179,,401056002,401056002,404118302,-1,2,200,-1,-1
3091,-1,,[],179,,401056003,401056003,404118303,-1,3,300,-1,-1
3092,-1,,[],179,,401056004,401056004,404118304,-1,4,400,-1,-1
3093,-1,,[],179,,401056005,401056005,404118305,-1,5,500,-1,-1
3094,-1,,[],179,,401056006,401056006,404118306,-1,6,600,-1,-1
3095,-1,,[],179,,401056007,401056007,404118307,-1,7,700,-1,-1
3096,-1,,[],179,,401056008,401056008,404118308,-1,8,800,-1,-1
3097,-1,,[],179,,401056009,401056009,404118309,-1,9,900,-1,-1
3098,-1,,[],179,,401056010,401056010,404118310,-1,10,1000,-1,-1
3099,-1,,[],179,,401056011,401056011,404118311,-1,11,1100,-1,-1
3100,-1,,[],179,,401056012,401056012,404118312,-1,12,1200,-1,-1
3101,-1,,[],179,,401056013,401056013,404118313,-1,13,1300,-1,-1
3102,-1,,[],179,,401056014,401056014,404118314,-1,14,1400,-1,-1
3103,-1,,[],179,,401056015,401056015,404118315,-1,15,1500,-1,-1
3104,-1,,[],179,,401056016,401056016,404118316,-1,16,1600,-1,-1
3105,-1,,[],179,,401056017,401056017,404118317,-1,17,1700,-1,-1
3106,-1,,[],179,,401056018,401056018,404118318,-1,18,1800,-1,-1
3107,-1,,[],179,,401056019,401056019,404118319,-1,19,1900,-1,-1
3108,-1,,[],179,,401056020,401056020,404118320,-1,20,2000,-1,-1
3109,-1,,[],179,,401056021,401056021,404118321,-1,21,2100,-1,-1
3110,-1,,[],179,,401056022,401056022,404118322,-1,22,2200,-1,-1
3111,-1,,[],179,,401056023,401056023,404118323,-1,23,2300,-1,-1
3112,-1,,[],179,,401056024,401056024,404118324,-1,24,2400,-1,-1
3113,-1,,[],179,,401056025,401056025,404118325,-1,25,2500,-1,-1
3114,-1,,[],180,,404125101,404125101,-1,-1,1,150,-1,-1
3115,-1,,[],180,,404125102,404125102,-1,-1,2,300,-1,-1
3116,-1,,[],180,,404125103,404125103,-1,-1,3,700,-1,-1
3117,-1,,[],180,,404125104,404125104,-1,-1,4,1500,-1,-1
3118,-1,,[],180,,404125105,404125105,-1,-1,5,4000,-1,-1
3119,-1,,[],180,,404125106,404125106,-1,-1,6,10000,-1,-1
3120,-1,,[],181,,404126001,404126001,404126101,-1,1,100,-1,-1
3121,-1,,[],181,,404126002,404126002,404126102,-1,2,150,-1,-1
3122,-1,,[],181,,404126003,404126003,404126103,-1,3,200,-1,-1
3123,-1,,[],181,,404126004,404126004,404126104,-1,4,250,-1,-1
3124,-1,,[],181,,404126005,404126005,404126105,-1,5,300,-1,-1
3125,-1,,[],181,,404126006,404126006,404126106,-1,6,350,-1,-1
3126,-1,,[],181,,404126007,404126007,404126107,-1,7,400,-1,-1
3127,-1,,[],181,,404126008,404126008,404126108,-1,8,450,-1,-1
3128,-1,,[],181,,404126009,404126009,404126109,-1,9,500,-1,-1
3129,-1,,[],181,,404126010,404126010,404126110,-1,10,550,-1,-1
3130,-1,,[],181,,404126011,404126011,404126111,-1,11,600,-1,-1
3131,-1,,[],181,,404126012,404126012,404126112,-1,12,700,-1,-1
3132,-1,,[],181,,404126013,404126013,404126113,-1,13,800,-1,-1
3133,-1,,[],181,,404126014,404126014,404126114,-1,14,900,-1,-1
3134,-1,,[],181,,404126015,404126015,404126115,-1,15,1000,-1,-1
3135,-1,,[],181,,404126016,404126016,404126116,-1,16,1100,-1,-1
3136,-1,,[],181,,404126017,404126017,404126117,-1,17,1200,-1,-1
3137,-1,,[],181,,404126018,404126018,404126118,-1,18,1300,-1,-1
3138,-1,,[],181,,404126019,404126019,404126119,-1,19,1400,-1,-1
3139,-1,,[],181,,404126020,404126020,404126120,-1,20,1500,-1,-1
3140,-1,,[],181,,404126021,404126021,404126121,-1,21,1600,-1,-1
3141,-1,,[],181,,404126022,404126022,404126122,-1,22,1700,-1,-1
3142,-1,,[],181,,404126023,404126023,404126123,-1,23,1800,-1,-1
3143,-1,,[],181,,404126024,404126024,404126124,-1,24,1900,-1,-1
3144,-1,,[],181,,404126025,404126025,404126125,-1,25,2000,-1,-1
3145,-1,,[],182,,404120501,404120501,404120601,-1,1,100,-1,-1
3146,-1,,[],182,,404120502,404120502,404120602,-1,2,150,-1,-1
3147,-1,,[],182,,404120503,404120503,404120603,-1,3,200,-1,-1
3148,-1,,[],182,,404120504,404120504,404120604,-1,4,250,-1,-1
3149,-1,,[],182,,404120505,404120505,404120605,-1,5,300,-1,-1
3150,-1,,[],182,,404120506,404120506,404120606,-1,6,350,-1,-1
3151,-1,,[],182,,404120507,404120507,404120607,-1,7,400,-1,-1
3152,-1,,[],182,,404120508,404120508,404120608,-1,8,450,-1,-1
3153,-1,,[],182,,404120509,404120509,404120609,-1,9,500,-1,-1
3154,-1,,[],182,,404120510,404120510,404120610,-1,10,550,-1,-1
3155,-1,,[],182,,404120511,404120511,404120611,-1,11,600,-1,-1
3156,-1,,[],182,,404120512,404120512,404120612,-1,12,700,-1,-1
3157,-1,,[],182,,404120513,404120513,404120613,-1,13,800,-1,-1
3158,-1,,[],182,,404120514,404120514,404120614,-1,14,900,-1,-1
3159,-1,,[],182,,404120515,404120515,404120615,-1,15,1000,-1,-1
3160,-1,,[],182,,404120516,404120516,404120616,-1,16,1100,-1,-1
3161,-1,,[],182,,404120517,404120517,404120617,-1,17,1200,-1,-1
3162,-1,,[],182,,404120518,404120518,404120618,-1,18,1300,-1,-1
3163,-1,,[],182,,404120519,404120519,404120619,-1,19,1400,-1,-1
3164,-1,,[],182,,404120520,404120520,404120620,-1,20,1500,-1,-1
3165,-1,,[],182,,404120521,404120521,404120621,-1,21,1600,-1,-1
3166,-1,,[],182,,404120522,404120522,404120622,-1,22,1700,-1,-1
3167,-1,,[],182,,404120523,404120523,404120623,-1,23,1800,-1,-1
3168,-1,,[],182,,404120524,404120524,404120624,-1,24,1900,-1,-1
3169,-1,,[],182,,404120525,404120525,404120625,-1,25,2000,-1,-1
3170,-1,,[],183,,404170001,404170001,-1,-1,1,650,-1,-1
3171,-1,,[],183,,404170002,404170002,-1,-1,2,2500,-1,-1
3172,-1,,[],183,,404170003,404170003,-1,-1,3,6500,-1,-1
3173,-1,,[],183,,404170004,404170004,-1,-1,4,25000,-1,-1
3174,-1,,[],183,,404170005,404170005,-1,-1,5,55000,-1,-1
3175,-1,,[],184,,403295601,403295601,404195401,-1,1,100,-1,-1
3176,-1,,[],184,,403295602,403295602,404195402,-1,2,150,-1,-1
3177,-1,,[],184,,403295603,403295603,404195403,-1,3,200,-1,-1
3178,-1,,[],184,,403295604,403295604,404195404,-1,4,250,-1,-1
3179,-1,,[],184,,403295605,403295605,404195405,-1,5,300,-1,-1
3180,-1,,[],184,,403295606,403295606,404195406,-1,6,350,-1,-1
3181,-1,,[],184,,403295607,403295607,404195407,-1,7,400,-1,-1
3182,-1,,[],184,,403295608,403295608,404195408,-1,8,450,-1,-1
3183,-1,,[],184,,403295609,403295609,404195409,-1,9,500,-1,-1
3184,-1,,[],184,,403295610,403295610,404195410,-1,10,550,-1,-1
3185,-1,,[],184,,403295611,403295611,404195411,-1,11,600,-1,-1
3186,-1,,[],184,,403295612,403295612,404195412,-1,12,700,-1,-1
3187,-1,,[],184,,403295613,403295613,404195413,-1,13,800,-1,-1
3188,-1,,[],184,,403295614,403295614,404195414,-1,14,900,-1,-1
3189,-1,,[],184,,403295615,403295615,404195415,-1,15,1000,-1,-1
3190,-1,,[],184,,403295616,403295616,404195416,-1,16,1100,-1,-1
3191,-1,,[],184,,403295617,403295617,404195417,-1,17,1200,-1,-1
3192,-1,,[],184,,403295618,403295618,404195418,-1,18,1300,-1,-1
3193,-1,,[],184,,403295619,403295619,404195419,-1,19,1400,-1,-1
3194,-1,,[],184,,403295620,403295620,404195420,-1,20,1500,-1,-1
3195,-1,,[],184,,403295621,403295621,404195421,-1,21,1600,-1,-1
3196,-1,,[],184,,403295622,403295622,404195422,-1,22,1700,-1,-1
3197,-1,,[],184,,403295623,403295623,404195423,-1,23,1800,-1,-1
3198,-1,,[],184,,403295624,403295624,404195424,-1,24,1900,-1,-1
3199,-1,,[],184,,403295625,403295625,404195425,-1,25,2000,-1,-1
3200,-1,,[],185,,404191101,404191101,-1,-1,1,150,-1,-1
3201,-1,,[],185,,404191102,404191102,-1,-1,2,300,-1,-1
3202,-1,,[],185,,404191103,404191103,-1,-1,3,700,-1,-1
3203,-1,,[],185,,404191104,404191104,-1,-1,4,1500,-1,-1
3204,-1,,[],185,,404191105,404191105,-1,-1,5,4000,-1,-1
3205,-1,,[],185,,404191106,404191106,-1,-1,6,10000,-1,-1
3206,-1,,[],186,,404191301,404191301,404191401,-1,1,100,-1,-1
3207,-1,,[],186,,404191302,404191302,404191402,-1,2,150,-1,-1
3208,-1,,[],186,,404191303,404191303,404191403,-1,3,200,-1,-1
3209,-1,,[],186,,404191304,404191304,404191404,-1,4,250,-1,-1
3210,-1,,[],186,,404191305,404191305,404191405,-1,5,300,-1,-1
3211,-1,,[],186,,404191306,404191306,404191406,-1,6,350,-1,-1
3212,-1,,[],186,,404191307,404191307,404191407,-1,7,400,-1,-1
3213,-1,,[],186,,404191308,404191308,404191408,-1,8,450,-1,-1
3214,-1,,[],186,,404191309,404191309,404191409,-1,9,500,-1,-1
3215,-1,,[],186,,404191310,404191310,404191410,-1,10,550,-1,-1
3216,-1,,[],186,,404191311,404191311,404191411,-1,11,600,-1,-1
3217,-1,,[],186,,404191312,404191312,404191412,-1,12,700,-1,-1
3218,-1,,[],186,,404191313,404191313,404191413,-1,13,800,-1,-1
3219,-1,,[],186,,404191314,404191314,404191414,-1,14,900,-1,-1
3220,-1,,[],186,,404191315,404191315,404191415,-1,15,1000,-1,-1
3221,-1,,[],186,,404191316,404191316,404191416,-1,16,1100,-1,-1
3222,-1,,[],186,,404191317,404191317,404191417,-1,17,1200,-1,-1
3223,-1,,[],186,,404191318,404191318,404191418,-1,18,1300,-1,-1
3224,-1,,[],186,,404191319,404191319,404191419,-1,19,1400,-1,-1
3225,-1,,[],186,,404191320,404191320,404191420,-1,20,1500,-1,-1
3226,-1,,[],186,,404191321,404191321,404191421,-1,21,1600,-1,-1
3227,-1,,[],186,,404191322,404191322,404191422,-1,22,1700,-1,-1
3228,-1,,[],186,,404191323,404191323,404191423,-1,23,1800,-1,-1
3229,-1,,[],186,,404191324,404191324,404191424,-1,24,1900,-1,-1
3230,-1,,[],186,,404191325,404191325,404191425,-1,25,2000,-1,-1
3231,-1,,[],187,,404240101,404240101,-1,-1,1,150,-1,-1
3232,-1,,[],187,,404240102,404240102,-1,-1,2,300,-1,-1
3233,-1,,[],187,,404240103,404240103,-1,-1,3,700,-1,-1
3234,-1,,[],187,,404240104,404240104,-1,-1,4,1500,-1,-1
3235,-1,,[],187,,404240105,404240105,-1,-1,5,4000,-1,-1
3236,-1,,[],187,,404240106,404240106,-1,-1,6,10000,-1,-1
3237,-1,,[],188,,404240301,404240301,404240401,-1,1,100,-1,-1
3238,-1,,[],188,,404240302,404240302,404240402,-1,2,150,-1,-1
3239,-1,,[],188,,404240303,404240303,404240403,-1,3,200,-1,-1
3240,-1,,[],188,,404240304,404240304,404240404,-1,4,250,-1,-1
3241,-1,,[],188,,404240305,404240305,404240405,-1,5,300,-1,-1
3242,-1,,[],188,,404240306,404240306,404240406,-1,6,350,-1,-1
3243,-1,,[],188,,404240307,404240307,404240407,-1,7,400,-1,-1
3244,-1,,[],188,,404240308,404240308,404240408,-1,8,450,-1,-1
3245,-1,,[],188,,404240309,404240309,404240409,-1,9,500,-1,-1
3246,-1,,[],188,,404240310,404240310,404240410,-1,10,550,-1,-1
3247,-1,,[],188,,404240311,404240311,404240411,-1,11,600,-1,-1
3248,-1,,[],188,,404240312,404240312,404240412,-1,12,700,-1,-1
3249,-1,,[],188,,404240313,404240313,404240413,-1,13,800,-1,-1
3250,-1,,[],188,,404240314,404240314,404240414,-1,14,900,-1,-1
3251,-1,,[],188,,404240315,404240315,404240415,-1,15,1000,-1,-1
3252,-1,,[],188,,404240316,404240316,404240416,-1,16,1100,-1,-1
3253,-1,,[],188,,404240317,404240317,404240417,-1,17,1200,-1,-1
3254,-1,,[],188,,404240318,404240318,404240418,-1,18,1300,-1,-1
3255,-1,,[],188,,404240319,404240319,404240419,-1,19,1400,-1,-1
3256,-1,,[],188,,404240320,404240320,404240420,-1,20,1500,-1,-1
3257,-1,,[],188,,404240321,404240321,404240421,-1,21,1600,-1,-1
3258,-1,,[],188,,404240322,404240322,404240422,-1,22,1700,-1,-1
3259,-1,,[],188,,404240323,404240323,404240423,-1,23,1800,-1,-1
3260,-1,,[],188,,404240324,404240324,404240424,-1,24,1900,-1,-1
3261,-1,,[],188,,404240325,404240325,404240425,-1,25,2000,-1,-1
3262,-1,,[],189,,404241001,404241001,-1,-1,1,50,-1,-1
3263,-1,,[],189,,404241002,404241002,-1,-1,2,100,-1,-1
3264,-1,,[],189,,404241003,404241003,-1,-1,3,200,-1,-1
3265,-1,,[],189,,404241004,404241004,-1,-1,4,300,-1,-1
3266,-1,,[],189,,404241005,404241005,-1,-1,5,400,-1,-1
3267,-1,,[],189,,404241006,404241006,-1,-1,6,500,-1,-1
3268,-1,,[],189,,404241007,404241007,-1,-1,7,600,-1,-1
3269,-1,,[],189,,404241008,404241008,-1,-1,8,700,-1,-1
3270,-1,,[],189,,404241009,404241009,-1,-1,9,800,-1,-1
3271,-1,,[],189,,404241010,404241010,-1,-1,10,900,-1,-1
3272,-1,,[],189,,404241011,404241011,-1,-1,11,1000,-1,-1
3273,-1,,[],190,,404250101,404250101,-1,-1,1,20,-1,-1
3274,-1,,[],190,,404250102,404250102,-1,-1,2,50,-1,-1
3275,-1,,[],190,,404250103,404250103,-1,-1,3,100,-1,-1
3276,-1,,[],190,,404250104,404250104,-1,-1,4,200,-1,-1
3277,-1,,[],190,,404250105,404250105,-1,-1,5,300,-1,-1
3278,-1,,[],190,,404250106,404250106,-1,-1,6,800,-1,-1
3279,-1,,[],191,,404256101,404256101,-1,-1,1,20,-1,-1
3280,-1,,[],191,,404256102,404256102,-1,-1,2,50,-1,-1
3281,-1,,[],191,,404256103,404256103,-1,-1,3,100,-1,-1
3282,-1,,[],191,,404256104,404256104,-1,-1,4,200,-1,-1
3283,-1,,[],191,,404256105,404256105,-1,-1,5,300,-1,-1
3284,-1,,[],191,,404256106,404256106,-1,-1,6,800,-1,-1
3285,-1,,[],192,,404250301,404250301,404250401,-1,1,100,-1,-1
3286,-1,,[],192,,404250302,404250302,404250402,-1,2,150,-1,-1
3287,-1,,[],192,,404250303,404250303,404250403,-1,3,200,-1,-1
3288,-1,,[],192,,404250304,404250304,404250404,-1,4,250,-1,-1
3289,-1,,[],192,,404250305,404250305,404250405,-1,5,300,-1,-1
3290,-1,,[],192,,404250306,404250306,404250406,-1,6,350,-1,-1
3291,-1,,[],192,,404250307,404250307,404250407,-1,7,400,-1,-1
3292,-1,,[],192,,404250308,404250308,404250408,-1,8,450,-1,-1
3293,-1,,[],192,,404250309,404250309,404250409,-1,9,500,-1,-1
3294,-1,,[],192,,404250310,404250310,404250410,-1,10,550,-1,-1
3295,-1,,[],192,,404250311,404250311,404250411,-1,11,600,-1,-1
3296,-1,,[],192,,404250312,404250312,404250412,-1,12,700,-1,-1
3297,-1,,[],192,,404250313,404250313,404250413,-1,13,800,-1,-1
3298,-1,,[],192,,404250314,404250314,404250414,-1,14,900,-1,-1
3299,-1,,[],192,,404250315,404250315,404250415,-1,15,1000,-1,-1
3300,-1,,[],192,,404250316,404250316,404250416,-1,16,1100,-1,-1
3301,-1,,[],192,,404250317,404250317,404250417,-1,17,1200,-1,-1
3302,-1,,[],192,,404250318,404250318,404250418,-1,18,1300,-1,-1
3303,-1,,[],192,,404250319,404250319,404250419,-1,19,1400,-1,-1
3304,-1,,[],192,,404250320,404250320,404250420,-1,20,1500,-1,-1
3305,-1,,[],192,,404250321,404250321,404250421,-1,21,1600,-1,-1
3306,-1,,[],192,,404250322,404250322,404250422,-1,22,1700,-1,-1
3307,-1,,[],192,,404250323,404250323,404250423,-1,23,1800,-1,-1
3308,-1,,[],192,,404250324,404250324,404250424,-1,24,1900,-1,-1
3309,-1,,[],192,,404250325,404250325,404250425,-1,25,2000,-1,-1
3310,-1,,[],193,,404256301,404256301,404256401,-1,1,100,-1,-1
3311,-1,,[],193,,404256302,404256302,404256402,-1,2,150,-1,-1
3312,-1,,[],193,,404256303,404256303,404256403,-1,3,200,-1,-1
3313,-1,,[],193,,404256304,404256304,404256404,-1,4,250,-1,-1
3314,-1,,[],193,,404256305,404256305,404256405,-1,5,300,-1,-1
3315,-1,,[],193,,404256306,404256306,404256406,-1,6,350,-1,-1
3316,-1,,[],193,,404256307,404256307,404256407,-1,7,400,-1,-1
3317,-1,,[],193,,404256308,404256308,404256408,-1,8,450,-1,-1
3318,-1,,[],193,,404256309,404256309,404256409,-1,9,500,-1,-1
3319,-1,,[],193,,404256310,404256310,404256410,-1,10,550,-1,-1
3320,-1,,[],193,,404256311,404256311,404256411,-1,11,600,-1,-1
3321,-1,,[],193,,404256312,404256312,404256412,-1,12,700,-1,-1
3322,-1,,[],193,,404256313,404256313,404256413,-1,13,800,-1,-1
3323,-1,,[],193,,404256314,404256314,404256414,-1,14,900,-1,-1
3324,-1,,[],193,,404256315,404256315,404256415,-1,15,1000,-1,-1
3325,-1,,[],193,,404256316,404256316,404256416,-1,16,1100,-1,-1
3326,-1,,[],193,,404256317,404256317,404256417,-1,17,1200,-1,-1
3327,-1,,[],193,,404256318,404256318,404256418,-1,18,1300,-1,-1
3328,-1,,[],193,,404256319,404256319,404256419,-1,19,1400,-1,-1
3329,-1,,[],193,,404256320,404256320,404256420,-1,20,1500,-1,-1
3330,-1,,[],193,,404256321,404256321,404256421,-1,21,1600,-1,-1
3331,-1,,[],193,,404256322,404256322,404256422,-1,22,1700,-1,-1
3332,-1,,[],193,,404256323,404256323,404256423,-1,23,1800,-1,-1
3333,-1,,[],193,,404256324,404256324,404256424,-1,24,1900,-1,-1
3334,-1,,[],193,,404256325,404256325,404256425,-1,25,2000,-1,-1
3335,-1,,[],194,,404220201,404220201,404220301,-1,1,100,-1,-1
3336,-1,,[],194,,404220202,404220202,404220302,-1,2,200,-1,-1
3337,-1,,[],194,,404220203,404220203,404220303,-1,3,400,-1,-1
3338,-1,,[],194,,404220204,404220204,404220304,-1,4,600,-1,-1
3339,-1,,[],194,,404220205,404220205,404220305,-1,5,800,-1,-1
3340,-1,,[],194,,404220206,404220206,404220306,-1,6,1000,-1,-1
3341,-1,,[],194,,404220207,404220207,404220307,-1,7,1200,-1,-1
3342,-1,,[],194,,404220208,404220208,404220308,-1,8,1400,-1,-1
3343,-1,,[],194,,404220209,404220209,404220309,-1,9,1600,-1,-1
3344,-1,,[],194,,404220210,404220210,404220310,-1,10,1800,-1,-1
3345,-1,,[],194,,404220211,404220211,404220311,-1,11,2000,-1,-1
3346,-1,,[],194,,404220212,404220212,404220312,-1,12,2200,-1,-1
3347,-1,,[],194,,404220213,404220213,404220313,-1,13,2400,-1,-1
3348,-1,,[],194,,404220214,404220214,404220314,-1,14,2600,-1,-1
3349,-1,,[],194,,404220215,404220215,404220315,-1,15,2800,-1,-1
3350,-1,,[],194,,404220216,404220216,404220316,-1,16,3000,-1,-1
3351,-1,,[],194,,404220217,404220217,404220317,-1,17,3200,-1,-1
3352,-1,,[],194,,404220218,404220218,404220318,-1,18,3400,-1,-1
3353,-1,,[],194,,404220219,404220219,404220319,-1,19,3600,-1,-1
3354,-1,,[],194,,404220220,404220220,404220320,-1,20,3800,-1,-1
3355,-1,,[],194,,404220221,404220221,404220321,-1,21,4000,-1,-1
3356,-1,,[],194,,404220222,404220222,404220322,-1,22,4200,-1,-1
3357,-1,,[],194,,404220223,404220223,404220323,-1,23,4400,-1,-1
3358,-1,,[],194,,404220224,404220224,404220324,-1,24,4600,-1,-1
3359,-1,,[],194,,404220225,404220225,404220325,-1,25,4800,-1,-1
3360,-1,,[],194,,404220226,404220226,404220326,-1,26,5000,-1,-1
3361,-1,,[],194,,404220227,404220227,404220327,-1,27,5200,-1,-1
3362,-1,,[],194,,404220228,404220228,404220328,-1,28,5400,-1,-1
3363,-1,,[],194,,404220229,404220229,404220329,-1,29,5600,-1,-1
3364,-1,,[],194,,404220230,404220230,404220330,-1,30,5800,-1,-1
3365,-1,,[],195,,404220501,404220501,404220601,-1,1,10,-1,-1
3366,-1,,[],195,,404220502,404220502,404220602,-1,2,20,-1,-1
3367,-1,,[],195,,404220503,404220503,404220603,-1,3,30,-1,-1
3368,-1,,[],195,,404220504,404220504,404220604,-1,4,50,-1,-1
3369,-1,,[],195,,404220505,404220505,404220605,-1,5,70,-1,-1
3370,-1,,[],195,,404220506,404220506,404220606,-1,6,90,-1,-1
3371,-1,,[],195,,404220507,404220507,404220607,-1,7,120,-1,-1
3372,-1,,[],195,,404220508,404220508,404220608,-1,8,150,-1,-1
3373,-1,,[],195,,404220509,404220509,404220609,-1,9,180,-1,-1
3374,-1,,[],195,,404220510,404220510,404220610,-1,10,220,-1,-1
3375,-1,,[],195,,404220511,404220511,404220611,-1,11,260,-1,-1
3376,-1,,[],195,,404220512,404220512,404220612,-1,12,300,-1,-1
3377,-1,,[],195,,404220513,404220513,404220613,-1,13,350,-1,-1
3378,-1,,[],195,,404220514,404220514,404220614,-1,14,400,-1,-1
3379,-1,,[],195,,404220515,404220515,404220615,-1,15,450,-1,-1
3380,-1,,[],196,,403295601,403295601,404295401,-1,1,100,-1,-1
3381,-1,,[],196,,403295602,403295602,404295402,-1,2,150,-1,-1
3382,-1,,[],196,,403295603,403295603,404295403,-1,3,200,-1,-1
3383,-1,,[],196,,403295604,403295604,404295404,-1,4,250,-1,-1
3384,-1,,[],196,,403295605,403295605,404295405,-1,5,300,-1,-1
3385,-1,,[],196,,403295606,403295606,404295406,-1,6,350,-1,-1
3386,-1,,[],196,,403295607,403295607,404295407,-1,7,400,-1,-1
3387,-1,,[],196,,403295608,403295608,404295408,-1,8,450,-1,-1
3388,-1,,[],196,,403295609,403295609,404295409,-1,9,500,-1,-1
3389,-1,,[],196,,403295610,403295610,404295410,-1,10,550,-1,-1
3390,-1,,[],196,,403295611,403295611,404295411,-1,11,600,-1,-1
3391,-1,,[],196,,403295612,403295612,404295412,-1,12,700,-1,-1
3392,-1,,[],196,,403295613,403295613,404295413,-1,13,800,-1,-1
3393,-1,,[],196,,403295614,403295614,404295414,-1,14,900,-1,-1
3394,-1,,[],196,,403295615,403295615,404295415,-1,15,1000,-1,-1
3395,-1,,[],196,,403295616,403295616,404295416,-1,16,1100,-1,-1
3396,-1,,[],196,,403295617,403295617,404295417,-1,17,1200,-1,-1
3397,-1,,[],196,,403295618,403295618,404295418,-1,18,1300,-1,-1
3398,-1,,[],196,,403295619,403295619,404295419,-1,19,1400,-1,-1
3399,-1,,[],196,,403295620,403295620,404295420,-1,20,1500,-1,-1
3400,-1,,[],196,,403295621,403295621,404295421,-1,21,1600,-1,-1
3401,-1,,[],196,,403295622,403295622,404295422,-1,22,1700,-1,-1
3402,-1,,[],196,,403295623,403295623,404295423,-1,23,1800,-1,-1
3403,-1,,[],196,,403295624,403295624,404295424,-1,24,1900,-1,-1
3404,-1,,[],196,,403295625,403295625,404295425,-1,25,2000,-1,-1
3405,-1,,[],197,,404290101,404290101,-1,-1,1,100,-1,-1
3406,-1,,[],197,,404290102,404290102,-1,-1,2,400,-1,-1
3407,-1,,[],197,,404290103,404290103,-1,-1,3,1000,-1,-1
3408,-1,,[],197,,404290104,404290104,-1,-1,4,4000,-1,-1
3409,-1,,[],197,,404290105,404290105,-1,-1,5,10000,-1,-1
3410,-1,,[],198,,404291401,404291401,404291501,-1,1,100,-1,-1
3411,-1,,[],198,,404291402,404291402,404291502,-1,2,200,-1,-1
3412,-1,,[],198,,404291403,404291403,404291503,-1,3,400,-1,-1
3413,-1,,[],198,,404291404,404291404,404291504,-1,4,600,-1,-1
3414,-1,,[],198,,404291405,404291405,404291505,-1,5,800,-1,-1
3415,-1,,[],198,,404291406,404291406,404291506,-1,6,1000,-1,-1
3416,-1,,[],198,,404291407,404291407,404291507,-1,7,1200,-1,-1
3417,-1,,[],198,,404291408,404291408,404291508,-1,8,1400,-1,-1
3418,-1,,[],198,,404291409,404291409,404291509,-1,9,1600,-1,-1
3419,-1,,[],198,,404291410,404291410,404291510,-1,10,1800,-1,-1
3420,-1,,[],198,,404291411,404291411,404291511,-1,11,2000,-1,-1
3421,-1,,[],198,,404291412,404291412,404291512,-1,12,2200,-1,-1
3422,-1,,[],198,,404291413,404291413,404291513,-1,13,2400,-1,-1
3423,-1,,[],198,,404291414,404291414,404291514,-1,14,2600,-1,-1
3424,-1,,[],198,,404291415,404291415,404291515,-1,15,2800,-1,-1
3425,-1,,[],198,,404291416,404291416,404291516,-1,16,3000,-1,-1
3426,-1,,[],198,,404291417,404291417,404291517,-1,17,3200,-1,-1
3427,-1,,[],198,,404291418,404291418,404291518,-1,18,3400,-1,-1
3428,-1,,[],198,,404291419,404291419,404291519,-1,19,3600,-1,-1
3429,-1,,[],198,,404291420,404291420,404291520,-1,20,3800,-1,-1
3430,-1,,[],198,,404291421,404291421,404291521,-1,21,4000,-1,-1
3431,-1,,[],198,,404291422,404291422,404291522,-1,22,4200,-1,-1
3432,-1,,[],198,,404291423,404291423,404291523,-1,23,4400,-1,-1
3433,-1,,[],198,,404291424,404291424,404291524,-1,24,4600,-1,-1
3434,-1,,[],198,,404291425,404291425,404291525,-1,25,4800,-1,-1
3435,-1,,[],198,,404291426,404291426,404291526,-1,26,5000,-1,-1
3436,-1,,[],198,,404291427,404291427,404291527,-1,27,5200,-1,-1
3437,-1,,[],198,,404291428,404291428,404291528,-1,28,5400,-1,-1
3438,-1,,[],198,,404291429,404291429,404291529,-1,29,5600,-1,-1
3439,-1,,[],198,,404291430,404291430,404291530,-1,30,5800,-1,-1
3440,-1,,[],199,,404300301,404300301,404300401,-1,1,100,-1,-1
3441,-1,,[],199,,404300302,404300302,404300402,-1,2,150,-1,-1
3442,-1,,[],199,,404300303,404300303,404300403,-1,3,200,-1,-1
3443,-1,,[],199,,404300304,404300304,404300404,-1,4,250,-1,-1
3444,-1,,[],199,,404300305,404300305,404300405,-1,5,300,-1,-1
3445,-1,,[],199,,404300306,404300306,404300406,-1,6,350,-1,-1
3446,-1,,[],199,,404300307,404300307,404300407,-1,7,400,-1,-1
3447,-1,,[],199,,404300308,404300308,404300408,-1,8,450,-1,-1
3448,-1,,[],199,,404300309,404300309,404300409,-1,9,500,-1,-1
3449,-1,,[],199,,404300310,404300310,404300410,-1,10,550,-1,-1
3450,-1,,[],199,,404300311,404300311,404300411,-1,11,600,-1,-1
3451,-1,,[],199,,404300312,404300312,404300412,-1,12,700,-1,-1
3452,-1,,[],199,,404300313,404300313,404300413,-1,13,800,-1,-1
3453,-1,,[],199,,404300314,404300314,404300414,-1,14,900,-1,-1
3454,-1,,[],199,,404300315,404300315,404300415,-1,15,1000,-1,-1
3455,-1,,[],199,,404300316,404300316,404300416,-1,16,1100,-1,-1
3456,-1,,[],199,,404300317,404300317,404300417,-1,17,1200,-1,-1
3457,-1,,[],199,,404300318,404300318,404300418,-1,18,1300,-1,-1
3458,-1,,[],199,,404300319,404300319,404300419,-1,19,1400,-1,-1
3459,-1,,[],199,,404300320,404300320,404300420,-1,20,1500,-1,-1
3460,-1,,[],199,,404300321,404300321,404300421,-1,21,1600,-1,-1
3461,-1,,[],199,,404300322,404300322,404300422,-1,22,1700,-1,-1
3462,-1,,[],199,,404300323,404300323,404300423,-1,23,1800,-1,-1
3463,-1,,[],199,,404300324,404300324,404300424,-1,24,1900,-1,-1
3464,-1,,[],199,,404300325,404300325,404300425,-1,25,2000,-1,-1
3465,-1,,[],200,,405071401,405071401,405071501,-1,1,100,-1,-1
3466,-1,,[],200,,405071402,405071402,405071502,-1,2,200,-1,-1
3467,-1,,[],200,,405071403,405071403,405071503,-1,3,400,-1,-1
3468,-1,,[],200,,405071404,405071404,405071504,-1,4,600,-1,-1
3469,-1,,[],200,,405071405,405071405,405071505,-1,5,800,-1,-1
3470,-1,,[],200,,405071406,405071406,405071506,-1,6,1000,-1,-1
3471,-1,,[],200,,405071407,405071407,405071507,-1,7,1200,-1,-1
3472,-1,,[],200,,405071408,405071408,405071508,-1,8,1400,-1,-1
3473,-1,,[],200,,405071409,405071409,405071509,-1,9,1600,-1,-1
3474,-1,,[],200,,405071410,405071410,405071510,-1,10,1800,-1,-1
3475,-1,,[],200,,405071411,405071411,405071511,-1,11,2000,-1,-1
3476,-1,,[],200,,405071412,405071412,405071512,-1,12,2200,-1,-1
3477,-1,,[],200,,405071413,405071413,405071513,-1,13,2400,-1,-1
3478,-1,,[],200,,405071414,405071414,405071514,-1,14,2600,-1,-1
3479,-1,,[],200,,405071415,405071415,405071515,-1,15,2800,-1,-1
3480,-1,,[],200,,405071416,405071416,405071516,-1,16,3000,-1,-1
3481,-1,,[],200,,405071417,405071417,405071517,-1,17,3200,-1,-1
3482,-1,,[],200,,405071418,405071418,405071518,-1,18,3400,-1,-1
3483,-1,,[],200,,405071419,405071419,405071519,-1,19,3600,-1,-1
3484,-1,,[],200,,405071420,405071420,405071520,-1,20,3800,-1,-1
3485,-1,,[],200,,405071421,405071421,405071521,-1,21,4000,-1,-1
3486,-1,,[],200,,405071422,405071422,405071522,-1,22,4200,-1,-1
3487,-1,,[],200,,405071423,405071423,405071523,-1,23,4400,-1,-1
3488,-1,,[],200,,405071424,405071424,405071524,-1,24,4600,-1,-1
3489,-1,,[],200,,405071425,405071425,405071525,-1,25,4800,-1,-1
3490,-1,,[],200,,405071426,405071426,405071526,-1,26,5000,-1,-1
3491,-1,,[],200,,405071427,405071427,405071527,-1,27,5200,-1,-1
3492,-1,,[],200,,405071428,405071428,405071528,-1,28,5400,-1,-1
3493,-1,,[],200,,405071429,405071429,405071529,-1,29,5600,-1,-1
3494,-1,,[],200,,405071430,405071430,405071530,-1,30,5800,-1,-1
3495,-1,,[],201,,405108101,405108101,405108201,-1,1,100,-1,-1
3496,-1,,[],201,,405108102,405108102,405108202,-1,2,200,-1,-1
3497,-1,,[],201,,405108103,405108103,405108203,-1,3,400,-1,-1
3498,-1,,[],201,,405108104,405108104,405108204,-1,4,600,-1,-1
3499,-1,,[],201,,405108105,405108105,405108205,-1,5,800,-1,-1
3500,-1,,[],201,,405108106,405108106,405108206,-1,6,1000,-1,-1
3501,-1,,[],201,,405108107,405108107,405108207,-1,7,1200,-1,-1
3502,-1,,[],201,,405108108,405108108,405108208,-1,8,1400,-1,-1
3503,-1,,[],201,,405108109,405108109,405108209,-1,9,1600,-1,-1
3504,-1,,[],201,,405108110,405108110,405108210,-1,10,1800,-1,-1
3505,-1,,[],201,,405108111,405108111,405108211,-1,11,2000,-1,-1
3506,-1,,[],201,,405108112,405108112,405108212,-1,12,2200,-1,-1
3507,-1,,[],201,,405108113,405108113,405108213,-1,13,2400,-1,-1
3508,-1,,[],201,,405108114,405108114,405108214,-1,14,2600,-1,-1
3509,-1,,[],201,,405108115,405108115,405108215,-1,15,2800,-1,-1
3510,-1,,[],201,,405108116,405108116,405108216,-1,16,3000,-1,-1
3511,-1,,[],201,,405108117,405108117,405108217,-1,17,3200,-1,-1
3512,-1,,[],201,,405108118,405108118,405108218,-1,18,3400,-1,-1
3513,-1,,[],201,,405108119,405108119,405108219,-1,19,3600,-1,-1
3514,-1,,[],201,,405108120,405108120,405108220,-1,20,3800,-1,-1
3515,-1,,[],201,,405108121,405108121,405108221,-1,21,4000,-1,-1
3516,-1,,[],201,,405108122,405108122,405108222,-1,22,4200,-1,-1
3517,-1,,[],201,,405108123,405108123,405108223,-1,23,4400,-1,-1
3518,-1,,[],201,,405108124,405108124,405108224,-1,24,4600,-1,-1
3519,-1,,[],201,,405108125,405108125,405108225,-1,25,4800,-1,-1
3520,-1,,[],201,,405108126,405108126,405108226,-1,26,5000,-1,-1
3521,-1,,[],201,,405108127,405108127,405108227,-1,27,5200,-1,-1
3522,-1,,[],201,,405108128,405108128,405108228,-1,28,5400,-1,-1
3523,-1,,[],201,,405108129,405108129,405108229,-1,29,5600,-1,-1
3524,-1,,[],201,,405108130,405108130,405108230,-1,30,5800,-1,-1
3525,-1,,[],202,,405100101,405100101,-1,-1,1,20,-1,-1
3526,-1,,[],202,,405100102,405100102,-1,-1,2,50,-1,-1
3527,-1,,[],202,,405100103,405100103,-1,-1,3,100,-1,-1
3528,-1,,[],202,,405100104,405100104,-1,-1,4,200,-1,-1
3529,-1,,[],202,,405100105,405100105,-1,-1,5,300,-1,-1
3530,-1,,[],202,,405100106,405100106,-1,-1,6,800,-1,-1
3531,-1,,[],203,,405100301,405100301,405100401,-1,1,100,-1,-1
3532,-1,,[],203,,405100302,405100302,405100402,-1,2,150,-1,-1
3533,-1,,[],203,,405100303,405100303,405100403,-1,3,200,-1,-1
3534,-1,,[],203,,405100304,405100304,405100404,-1,4,250,-1,-1
3535,-1,,[],203,,405100305,405100305,405100405,-1,5,300,-1,-1
3536,-1,,[],203,,405100306,405100306,405100406,-1,6,350,-1,-1
3537,-1,,[],203,,405100307,405100307,405100407,-1,7,400,-1,-1
3538,-1,,[],203,,405100308,405100308,405100408,-1,8,450,-1,-1
3539,-1,,[],203,,405100309,405100309,405100409,-1,9,500,-1,-1
3540,-1,,[],203,,405100310,405100310,405100410,-1,10,550,-1,-1
3541,-1,,[],203,,405100311,405100311,405100411,-1,11,600,-1,-1
3542,-1,,[],203,,405100312,405100312,405100412,-1,12,700,-1,-1
3543,-1,,[],203,,405100313,405100313,405100413,-1,13,800,-1,-1
3544,-1,,[],203,,405100314,405100314,405100414,-1,14,900,-1,-1
3545,-1,,[],203,,405100315,405100315,405100415,-1,15,1000,-1,-1
3546,-1,,[],203,,405100316,405100316,405100416,-1,16,1100,-1,-1
3547,-1,,[],203,,405100317,405100317,405100417,-1,17,1200,-1,-1
3548,-1,,[],203,,405100318,405100318,405100418,-1,18,1300,-1,-1
3549,-1,,[],203,,405100319,405100319,405100419,-1,19,1400,-1,-1
3550,-1,,[],203,,405100320,405100320,405100420,-1,20,1500,-1,-1
3551,-1,,[],203,,405100321,405100321,405100421,-1,21,1600,-1,-1
3552,-1,,[],203,,405100322,405100322,405100422,-1,22,1700,-1,-1
3553,-1,,[],203,,405100323,405100323,405100423,-1,23,1800,-1,-1
3554,-1,,[],203,,405100324,405100324,405100424,-1,24,1900,-1,-1
3555,-1,,[],203,,405100325,405100325,405100425,-1,25,2000,-1,-1
3556,-1,,[],204,,405166001,405166001,405166101,-1,1,100,-1,-1
3557,-1,,[],204,,405166002,405166002,405166102,-1,2,200,-1,-1
3558,-1,,[],204,,405166003,405166003,405166103,-1,3,400,-1,-1
3559,-1,,[],204,,405166004,405166004,405166104,-1,4,600,-1,-1
3560,-1,,[],204,,405166005,405166005,405166105,-1,5,800,-1,-1
3561,-1,,[],204,,405166006,405166006,405166106,-1,6,1000,-1,-1
3562,-1,,[],204,,405166007,405166007,405166107,-1,7,1200,-1,-1
3563,-1,,[],204,,405166008,405166008,405166108,-1,8,1400,-1,-1
3564,-1,,[],204,,405166009,405166009,405166109,-1,9,1600,-1,-1
3565,-1,,[],204,,405166010,405166010,405166110,-1,10,1800,-1,-1
3566,-1,,[],204,,405166011,405166011,405166111,-1,11,2000,-1,-1
3567,-1,,[],204,,405166012,405166012,405166112,-1,12,2200,-1,-1
3568,-1,,[],204,,405166013,405166013,405166113,-1,13,2400,-1,-1
3569,-1,,[],204,,405166014,405166014,405166114,-1,14,2600,-1,-1
3570,-1,,[],204,,405166015,405166015,405166115,-1,15,2800,-1,-1
3571,-1,,[],204,,405166016,405166016,405166116,-1,16,3000,-1,-1
3572,-1,,[],204,,405166017,405166017,405166117,-1,17,3200,-1,-1
3573,-1,,[],204,,405166018,405166018,405166118,-1,18,3400,-1,-1
3574,-1,,[],204,,405166019,405166019,405166119,-1,19,3600,-1,-1
3575,-1,,[],204,,405166020,405166020,405166120,-1,20,3800,-1,-1
3576,-1,,[],204,,405166021,405166021,405166121,-1,21,4000,-1,-1
3577,-1,,[],204,,405166022,405166022,405166122,-1,22,4200,-1,-1
3578,-1,,[],204,,405166023,405166023,405166123,-1,23,4400,-1,-1
3579,-1,,[],204,,405166024,405166024,405166124,-1,24,4600,-1,-1
3580,-1,,[],204,,405166025,405166025,405166125,-1,25,4800,-1,-1
3581,-1,,[],204,,405166026,405166026,405166126,-1,26,5000,-1,-1
3582,-1,,[],204,,405166027,405166027,405166127,-1,27,5200,-1,-1
3583,-1,,[],204,,405166028,405166028,405166128,-1,28,5400,-1,-1
3584,-1,,[],204,,405166029,405166029,405166129,-1,29,5600,-1,-1
3585,-1,,[],204,,405166030,405166030,405166130,-1,30,5800,-1,-1
3586,-1,,[],205,,405166201,405166201,405166301,-1,1,100,-1,-1
3587,-1,,[],205,,405166202,405166202,405166302,-1,2,200,-1,-1
3588,-1,,[],205,,405166203,405166203,405166303,-1,3,400,-1,-1
3589,-1,,[],205,,405166204,405166204,405166304,-1,4,600,-1,-1
3590,-1,,[],205,,405166205,405166205,405166305,-1,5,800,-1,-1
3591,-1,,[],205,,405166206,405166206,405166306,-1,6,1000,-1,-1
3592,-1,,[],205,,405166207,405166207,405166307,-1,7,1200,-1,-1
3593,-1,,[],205,,405166208,405166208,405166308,-1,8,1400,-1,-1
3594,-1,,[],205,,405166209,405166209,405166309,-1,9,1600,-1,-1
3595,-1,,[],205,,405166210,405166210,405166310,-1,10,1800,-1,-1
3596,-1,,[],205,,405166211,405166211,405166311,-1,11,2000,-1,-1
3597,-1,,[],205,,405166212,405166212,405166312,-1,12,2200,-1,-1
3598,-1,,[],205,,405166213,405166213,405166313,-1,13,2400,-1,-1
3599,-1,,[],205,,405166214,405166214,405166314,-1,14,2600,-1,-1
3600,-1,,[],205,,405166215,405166215,405166315,-1,15,2800,-1,-1
3601,-1,,[],205,,405166216,405166216,405166316,-1,16,3000,-1,-1
3602,-1,,[],205,,405166217,405166217,405166317,-1,17,3200,-1,-1
3603,-1,,[],205,,405166218,405166218,405166318,-1,18,3400,-1,-1
3604,-1,,[],205,,405166219,405166219,405166319,-1,19,3600,-1,-1
3605,-1,,[],205,,405166220,405166220,405166320,-1,20,3800,-1,-1
3606,-1,,[],205,,405166221,405166221,405166321,-1,21,4000,-1,-1
3607,-1,,[],205,,405166222,405166222,405166322,-1,22,4200,-1,-1
3608,-1,,[],205,,405166223,405166223,405166323,-1,23,4400,-1,-1
3609,-1,,[],205,,405166224,405166224,405166324,-1,24,4600,-1,-1
3610,-1,,[],205,,405166225,405166225,405166325,-1,25,4800,-1,-1
3611,-1,,[],205,,405166226,405166226,405166326,-1,26,5000,-1,-1
3612,-1,,[],205,,405166227,405166227,405166327,-1,27,5200,-1,-1
3613,-1,,[],205,,405166228,405166228,405166328,-1,28,5400,-1,-1
3614,-1,,[],205,,405166229,405166229,405166329,-1,29,5600,-1,-1
3615,-1,,[],205,,405166230,405166230,405166330,-1,30,5800,-1,-1
3616,-1,,[],206,,405168001,405168001,-1,-1,1,100,-1,-1
3617,-1,,[],206,,405168002,405168002,-1,-1,2,400,-1,-1
3618,-1,,[],206,,405168003,405168003,-1,-1,3,1000,-1,-1
3619,-1,,[],206,,405168004,405168004,-1,-1,4,4000,-1,-1
3620,-1,,[],206,,405168005,405168005,-1,-1,5,10000,-1,-1
3621,-1,,[],207,,404300301,404300301,405177001,-1,1,100,-1,-1
3622,-1,,[],207,,404300302,404300302,405177002,-1,2,150,-1,-1
3623,-1,,[],207,,404300303,404300303,405177003,-1,3,200,-1,-1
3624,-1,,[],207,,404300304,404300304,405177004,-1,4,250,-1,-1
3625,-1,,[],207,,404300305,404300305,405177005,-1,5,300,-1,-1
3626,-1,,[],207,,404300306,404300306,405177006,-1,6,350,-1,-1
3627,-1,,[],207,,404300307,404300307,405177007,-1,7,400,-1,-1
3628,-1,,[],207,,404300308,404300308,405177008,-1,8,450,-1,-1
3629,-1,,[],207,,404300309,404300309,405177009,-1,9,500,-1,-1
3630,-1,,[],207,,404300310,404300310,405177010,-1,10,550,-1,-1
3631,-1,,[],207,,404300311,404300311,405177011,-1,11,600,-1,-1
3632,-1,,[],207,,404300312,404300312,405177012,-1,12,700,-1,-1
3633,-1,,[],207,,404300313,404300313,405177013,-1,13,800,-1,-1
3634,-1,,[],207,,404300314,404300314,405177014,-1,14,900,-1,-1
3635,-1,,[],207,,404300315,404300315,405177015,-1,15,1000,-1,-1
3636,-1,,[],207,,404300316,404300316,405177016,-1,16,1100,-1,-1
3637,-1,,[],207,,404300317,404300317,405177017,-1,17,1200,-1,-1
3638,-1,,[],207,,404300318,404300318,405177018,-1,18,1300,-1,-1
3639,-1,,[],207,,404300319,404300319,405177019,-1,19,1400,-1,-1
3640,-1,,[],207,,404300320,404300320,405177020,-1,20,1500,-1,-1
3641,-1,,[],207,,404300321,404300321,405177021,-1,21,1600,-1,-1
3642,-1,,[],207,,404300322,404300322,405177022,-1,22,1700,-1,-1
3643,-1,,[],207,,404300323,404300323,405177023,-1,23,1800,-1,-1
3644,-1,,[],207,,404300324,404300324,405177024,-1,24,1900,-1,-1
3645,-1,,[],207,,404300325,404300325,405177025,-1,25,2000,-1,-1
3646,-1,,[],208,,405170101,405170101,-1,-1,1,150,-1,-1
3647,-1,,[],208,,405170102,405170102,-1,-1,2,300,-1,-1
3648,-1,,[],208,,405170103,405170103,-1,-1,3,700,-1,-1
3649,-1,,[],208,,405170104,405170104,-1,-1,4,1500,-1,-1
3650,-1,,[],208,,405170105,405170105,-1,-1,5,4000,-1,-1
3651,-1,,[],208,,405170106,405170106,-1,-1,6,10000,-1,-1
3652,-1,,[],209,,405170301,405170301,405170401,-1,1,100,-1,-1
3653,-1,,[],209,,405170302,405170302,405170402,-1,2,150,-1,-1
3654,-1,,[],209,,405170303,405170303,405170403,-1,3,200,-1,-1
3655,-1,,[],209,,405170304,405170304,405170404,-1,4,250,-1,-1
3656,-1,,[],209,,405170305,405170305,405170405,-1,5,300,-1,-1
3657,-1,,[],209,,405170306,405170306,405170406,-1,6,350,-1,-1
3658,-1,,[],209,,405170307,405170307,405170407,-1,7,400,-1,-1
3659,-1,,[],209,,405170308,405170308,405170408,-1,8,450,-1,-1
3660,-1,,[],209,,405170309,405170309,405170409,-1,9,500,-1,-1
3661,-1,,[],209,,405170310,405170310,405170410,-1,10,550,-1,-1
3662,-1,,[],209,,405170311,405170311,405170411,-1,11,600,-1,-1
3663,-1,,[],209,,405170312,405170312,405170412,-1,12,700,-1,-1
3664,-1,,[],209,,405170313,405170313,405170413,-1,13,800,-1,-1
3665,-1,,[],209,,405170314,405170314,405170414,-1,14,900,-1,-1
3666,-1,,[],209,,405170315,405170315,405170415,-1,15,1000,-1,-1
3667,-1,,[],209,,405170316,405170316,405170416,-1,16,1100,-1,-1
3668,-1,,[],209,,405170317,405170317,405170417,-1,17,1200,-1,-1
3669,-1,,[],209,,405170318,405170318,405170418,-1,18,1300,-1,-1
3670,-1,,[],209,,405170319,405170319,405170419,-1,19,1400,-1,-1
3671,-1,,[],209,,405170320,405170320,405170420,-1,20,1500,-1,-1
3672,-1,,[],209,,405170321,405170321,405170421,-1,21,1600,-1,-1
3673,-1,,[],209,,405170322,405170322,405170422,-1,22,1700,-1,-1
3674,-1,,[],209,,405170323,405170323,405170423,-1,23,1800,-1,-1
3675,-1,,[],209,,405170324,405170324,405170424,-1,24,1900,-1,-1
3676,-1,,[],209,,405170325,405170325,405170425,-1,25,2000,-1,-1
100001,-1,,[],100000,,1320001,1320001,-1,-1,1,30000,3000,-1
100002,-1,,[],100000,,1320002,1320002,-1,-1,2,90000,6000,-1
100003,-1,,[],100000,,1320003,1320003,-1,-1,3,180000,9000,-1
100004,-1,,[],100000,,1320004,1320004,-1,-1,4,240000,12000,-1
100005,-1,,[],100000,,1320005,1320005,-1,-1,5,300000,15000,-1
100006,-1,,[],100000,,1320006,1320006,-1,-1,6,360000,18000,-1
100007,-1,,[],100000,,1320007,1320007,-1,-1,7,420000,21000,-1
100008,-1,,[],100000,,1320008,1320008,-1,-1,8,480000,24000,-1
100009,-1,,[],100000,,1320009,1320009,-1,-1,9,540000,27000,-1
100010,-1,,[],100000,,1320010,1320010,-1,-1,10,600000,30000,-1
100011,-1,,[],100000,,1320011,1320011,-1,-1,11,720000,36000,-1
100012,-1,,[],100000,,1320012,1320012,-1,-1,12,840000,42000,-1
100013,-1,,[],100000,,1320013,1320013,-1,-1,13,960000,48000,-1
100014,-1,,[],100000,,1320014,1320014,-1,-1,14,1080000,54000,-1
100015,-1,,[],100000,,1320015,1320015,-1,-1,15,1200000,60000,-1
100016,-1,,[],100000,,1320016,1320016,-1,-1,16,1400000,70000,-1
100017,-1,,[],100000,,1320017,1320017,-1,-1,17,1600000,80000,-1
100018,-1,,[],100000,,1320018,1320018,-1,-1,18,1800000,90000,-1
100101,-1,,[],100001,,1320001,1320001,-1,-1,1,30000,3000,-1
100102,-1,,[],100001,,1320002,1320002,-1,-1,2,90000,6000,-1
100103,-1,,[],100001,,1320003,1320003,-1,-1,3,180000,9000,-1
100104,-1,,[],100001,,1320004,1320004,-1,-1,4,240000,12000,-1
100105,-1,,[],100001,,1320005,1320005,-1,-1,5,300000,15000,-1
100106,-1,,[],100001,,1320006,1320006,-1,-1,6,360000,18000,-1
100107,-1,,[],100001,,1320007,1320007,-1,-1,7,420000,21000,-1
100108,-1,,[],100001,,1320008,1320008,-1,-1,8,480000,24000,-1
100109,-1,,[],100001,,1320009,1320009,-1,-1,9,540000,27000,-1
100110,-1,,[],100001,,1320010,1320010,-1,-1,10,600000,30000,-1
100111,-1,,[],100001,,1320011,1320011,-1,-1,11,720000,36000,-1
100112,-1,,[],100001,,1320012,1320012,-1,-1,12,840000,42000,-1
100113,-1,,[],100001,,1320013,1320013,-1,-1,13,960000,48000,-1
100114,-1,,[],100001,,1320014,1320014,-1,-1,14,1080000,54000,-1
100115,-1,,[],100001,,1320015,1320015,-1,-1,15,1200000,60000,-1
100116,-1,,[],100001,,1320016,1320016,-1,-1,16,1400000,70000,-1
100117,-1,,[],100001,,1320017,1320017,-1,-1,17,1600000,80000,-1
100118,-1,,[],100001,,1320018,1320018,-1,-1,18,1800000,90000,-1
100119,-1,,[],100001,,1320019,1320019,-1,-1,19,2400000,120000,-1
100120,-1,,[],100001,,1320020,1320020,-1,-1,20,3000000,150000,-1
100121,-1,,[],100001,,1320021,1320021,-1,-1,21,3600000,180000,-1
100201,-1,,[],100002,,1320001,1320001,-1,-1,1,30000,3000,-1
100202,-1,,[],100002,,1320002,1320002,-1,-1,2,90000,6000,-1
100203,-1,,[],100002,,1320003,1320003,-1,-1,3,180000,9000,-1
100204,-1,,[],100002,,1320004,1320004,-1,-1,4,240000,12000,-1
100205,-1,,[],100002,,1320005,1320005,-1,-1,5,300000,15000,-1
100206,-1,,[],100002,,1320006,1320006,-1,-1,6,360000,18000,-1
100207,-1,,[],100002,,1320007,1320007,-1,-1,7,420000,21000,-1
100208,-1,,[],100002,,1320008,1320008,-1,-1,8,480000,24000,-1
100209,-1,,[],100002,,1320009,1320009,-1,-1,9,540000,27000,-1
100210,-1,,[],100002,,1320010,1320010,-1,-1,10,600000,30000,-1
100211,-1,,[],100002,,1320011,1320011,-1,-1,11,720000,36000,-1
100212,-1,,[],100002,,1320012,1320012,-1,-1,12,840000,42000,-1
100213,-1,,[],100002,,1320013,1320013,-1,-1,13,960000,48000,-1
100214,-1,,[],100002,,1320014,1320014,-1,-1,14,1080000,54000,-1
100215,-1,,[],100002,,1320015,1320015,-1,-1,15,1200000,60000,-1
100216,-1,,[],100002,,1320016,1320016,-1,-1,16,1400000,70000,-1
100217,-1,,[],100002,,1320017,1320017,-1,-1,17,1600000,80000,-1
100218,-1,,[],100002,,1320018,1320018,-1,-1,18,1800000,90000,-1
100219,-1,,[],100002,,1320019,1320019,-1,-1,19,2400000,120000,-1
100220,-1,,[],100002,,1320020,1320020,-1,-1,20,3000000,150000,-1
100221,-1,,[],100002,,1320021,1320021,-1,-1,21,3600000,180000,-1
100222,-1,,[],100002,,1320022,1320022,-1,-1,22,6000000,300000,-1
100223,-1,,[],100002,,1320023,1320023,-1,-1,23,8400000,420000,-1
100224,-1,,[],100002,,1320024,1320024,-1,-1,24,10800000,540000,-1
100301,-1,,[],100003,,1320001,1320001,-1,-1,1,30000,3000,-1
100302,-1,,[],100003,,1320002,1320002,-1,-1,2,90000,6000,-1
100303,-1,,[],100003,,1320003,1320003,-1,-1,3,180000,9000,-1
100304,-1,,[],100003,,1320004,1320004,-1,-1,4,240000,12000,-1
100305,-1,,[],100003,,1320005,1320005,-1,-1,5,300000,15000,-1
100306,-1,,[],100003,,1320006,1320006,-1,-1,6,360000,18000,-1
100307,-1,,[],100003,,1320007,1320007,-1,-1,7,420000,21000,-1
100308,-1,,[],100003,,1320008,1320008,-1,-1,8,480000,24000,-1
100309,-1,,[],100003,,1320009,1320009,-1,-1,9,540000,27000,-1
100310,-1,,[],100003,,1320010,1320010,-1,-1,10,600000,30000,-1
100311,-1,,[],100003,,1320011,1320011,-1,-1,11,720000,36000,-1
100312,-1,,[],100003,,1320012,1320012,-1,-1,12,840000,42000,-1
100313,-1,,[],100003,,1320013,1320013,-1,-1,13,960000,48000,-1
100314,-1,,[],100003,,1320014,1320014,-1,-1,14,1080000,54000,-1
100315,-1,,[],100003,,1320015,1320015,-1,-1,15,1200000,60000,-1
100316,-1,,[],100003,,1320016,1320016,-1,-1,16,1400000,70000,-1
100317,-1,,[],100003,,1320017,1320017,-1,-1,17,1600000,80000,-1
100318,-1,,[],100003,,1320018,1320018,-1,-1,18,1800000,90000,-1
100319,-1,,[],100003,,1320019,1320019,-1,-1,19,2400000,120000,-1
100320,-1,,[],100003,,1320020,1320020,-1,-1,20,3000000,150000,-1
100321,-1,,[],100003,,1320021,1320021,-1,-1,21,3600000,180000,-1
100322,-1,,[],100003,,1320022,1320022,-1,-1,22,6000000,300000,-1
100323,-1,,[],100003,,1320023,1320023,-1,-1,23,8400000,420000,-1
100324,-1,,[],100003,,1320024,1320024,-1,-1,24,10800000,540000,-1
100325,-1,,[],100003,,1320025,1320025,-1,-1,25,18000000,900000,-1
100326,-1,,[],100003,,1320026,1320026,-1,-1,26,25200000,1260000,-1
100327,-1,,[],100003,,1320027,1320027,-1,-1,27,32400000,1620000,-1
100401,-1,,[],100004,,1320001,1320001,-1,-1,1,30000,3000,-1
100402,-1,,[],100004,,1320002,1320002,-1,-1,2,90000,6000,-1
100403,-1,,[],100004,,1320003,1320003,-1,-1,3,180000,9000,-1
100404,-1,,[],100004,,1320004,1320004,-1,-1,4,240000,12000,-1
100405,-1,,[],100004,,1320005,1320005,-1,-1,5,300000,15000,-1
100406,-1,,[],100004,,1320006,1320006,-1,-1,6,360000,18000,-1
100407,-1,,[],100004,,1320007,1320007,-1,-1,7,420000,21000,-1
100408,-1,,[],100004,,1320008,1320008,-1,-1,8,480000,24000,-1
100409,-1,,[],100004,,1320009,1320009,-1,-1,9,540000,27000,-1
100410,-1,,[],100004,,1320010,1320010,-1,-1,10,600000,30000,-1
100411,-1,,[],100004,,1320011,1320011,-1,-1,11,720000,36000,-1
100412,-1,,[],100004,,1320012,1320012,-1,-1,12,840000,42000,-1
100413,-1,,[],100004,,1320013,1320013,-1,-1,13,960000,48000,-1
100414,-1,,[],100004,,1320014,1320014,-1,-1,14,1080000,54000,-1
100415,-1,,[],100004,,1320015,1320015,-1,-1,15,1200000,60000,-1
100416,-1,,[],100004,,1320016,1320016,-1,-1,16,1400000,70000,-1
100417,-1,,[],100004,,1320017,1320017,-1,-1,17,1600000,80000,-1
100418,-1,,[],100004,,1320018,1320018,-1,-1,18,1800000,90000,-1
100419,-1,,[],100004,,1320019,1320019,-1,-1,19,2400000,120000,-1
100420,-1,,[],100004,,1320020,1320020,-1,-1,20,3000000,150000,-1
100421,-1,,[],100004,,1320021,1320021,-1,-1,21,3600000,180000,-1
100422,-1,,[],100004,,1320022,1320022,-1,-1,22,6000000,300000,-1
100423,-1,,[],100004,,1320023,1320023,-1,-1,23,8400000,420000,-1
100424,-1,,[],100004,,1320024,1320024,-1,-1,24,10800000,540000,-1
100425,-1,,[],100004,,1320025,1320025,-1,-1,25,18000000,900000,-1
100426,-1,,[],100004,,1320026,1320026,-1,-1,26,25200000,1260000,-1
100427,-1,,[],100004,,1320027,1320027,-1,-1,27,32400000,1620000,-1
100428,-1,,[],100004,,1320028,1320028,-1,-1,25,54000000,2700000,-1
100429,-1,,[],100004,,1320029,1320029,-1,-1,26,75600000,3780000,-1
100430,-1,,[],100004,,1320030,1320030,-1,-1,27,97200000,4860000,-1
100501,-1,,[],100005,,1320001,1320001,-1,-1,1,30000,3000,-1
100502,-1,,[],100005,,1320002,1320002,-1,-1,2,90000,6000,-1
100503,-1,,[],100005,,1320003,1320003,-1,-1,3,180000,9000,-1
100504,-1,,[],100005,,1320004,1320004,-1,-1,4,240000,12000,-1
100505,-1,,[],100005,,1320005,1320005,-1,-1,5,300000,15000,-1
100506,-1,,[],100005,,1320006,1320006,-1,-1,6,360000,18000,-1
100507,-1,,[],100005,,1320007,1320007,-1,-1,7,420000,21000,-1
100508,-1,,[],100005,,1320008,1320008,-1,-1,8,480000,24000,-1
100509,-1,,[],100005,,1320009,1320009,-1,-1,9,540000,27000,-1
100510,-1,,[],100005,,1320010,1320010,-1,-1,10,600000,30000,-1
100511,-1,,[],100005,,1320011,1320011,-1,-1,11,720000,36000,-1
100512,-1,,[],100005,,1320012,1320012,-1,-1,12,840000,42000,-1
100513,-1,,[],100005,,1320013,1320013,-1,-1,13,960000,48000,-1
100514,-1,,[],100005,,1320014,1320014,-1,-1,14,1080000,54000,-1
100515,-1,,[],100005,,1320015,1320015,-1,-1,15,1200000,60000,-1
100516,-1,,[],100005,,1320016,1320016,-1,-1,16,1400000,70000,-1
100517,-1,,[],100005,,1320017,1320017,-1,-1,17,1600000,80000,-1
100518,-1,,[],100005,,1320018,1320018,-1,-1,18,1800000,90000,-1
100519,-1,,[],100005,,1320019,1320019,-1,-1,19,2400000,120000,-1
100520,-1,,[],100005,,1320020,1320020,-1,-1,20,3000000,150000,-1
100521,-1,,[],100005,,1320021,1320021,-1,-1,21,3600000,180000,-1
100522,-1,,[],100005,,1320022,1320022,-1,-1,22,6000000,300000,-1
100523,-1,,[],100005,,1320023,1320023,-1,-1,23,8400000,420000,-1
100524,-1,,[],100005,,1320024,1320024,-1,-1,24,10800000,540000,-1
100525,-1,,[],100005,,1320025,1320025,-1,-1,25,18000000,900000,-1
100526,-1,,[],100005,,1320026,1320026,-1,-1,26,25200000,1260000,-1
100527,-1,,[],100005,,1320027,1320027,-1,-1,27,32400000,1620000,-1
100528,-1,,[],100005,,1320028,1320028,-1,-1,25,54000000,2700000,-1
100529,-1,,[],100005,,1320029,1320029,-1,-1,26,75600000,3780000,-1
100530,-1,,[],100005,,1320030,1320030,-1,-1,27,97200000,4860000,-1
100531,-1,,[],100005,,1320031,1320031,-1,-1,27,162000000,6480000,-1
100532,-1,,[],100005,,1320032,1320032,-1,-1,27,226800000,8100000,-1
100533,-1,,[],100005,,1320033,1320033,-1,-1,27,291600000,9720000,-1
100601,-1,,[],100006,,1320001,1320001,-1,-1,1,30000,3000,-1
100602,-1,,[],100006,,1320002,1320002,-1,-1,2,90000,6000,-1
100603,-1,,[],100006,,1320003,1320003,-1,-1,3,180000,9000,-1
100604,-1,,[],100006,,1320004,1320004,-1,-1,4,240000,12000,-1
100605,-1,,[],100006,,1320005,1320005,-1,-1,5,300000,15000,-1
100606,-1,,[],100006,,1320006,1320006,-1,-1,6,360000,18000,-1
100607,-1,,[],100006,,1320007,1320007,-1,-1,7,420000,21000,-1
100608,-1,,[],100006,,1320008,1320008,-1,-1,8,480000,24000,-1
100609,-1,,[],100006,,1320009,1320009,-1,-1,9,540000,27000,-1
100610,-1,,[],100006,,1320010,1320010,-1,-1,10,600000,30000,-1
100611,-1,,[],100006,,1320011,1320011,-1,-1,11,720000,36000,-1
100612,-1,,[],100006,,1320012,1320012,-1,-1,12,840000,42000,-1
100613,-1,,[],100006,,1320013,1320013,-1,-1,13,960000,48000,-1
100614,-1,,[],100006,,1320014,1320014,-1,-1,14,1080000,54000,-1
100615,-1,,[],100006,,1320015,1320015,-1,-1,15,1200000,60000,-1
100616,-1,,[],100006,,1320016,1320016,-1,-1,16,1400000,70000,-1
100617,-1,,[],100006,,1320017,1320017,-1,-1,17,1600000,80000,-1
100618,-1,,[],100006,,1320018,1320018,-1,-1,18,1800000,90000,-1
100619,-1,,[],100006,,1320019,1320019,-1,-1,19,2400000,120000,-1
100620,-1,,[],100006,,1320020,1320020,-1,-1,20,3000000,150000,-1
100621,-1,,[],100006,,1320021,1320021,-1,-1,21,3600000,180000,-1
100622,-1,,[],100006,,1320022,1320022,-1,-1,22,6000000,300000,-1
100623,-1,,[],100006,,1320023,1320023,-1,-1,23,8400000,420000,-1
100624,-1,,[],100006,,1320024,1320024,-1,-1,24,10800000,540000,-1
100625,-1,,[],100006,,1320025,1320025,-1,-1,25,18000000,900000,-1
100626,-1,,[],100006,,1320026,1320026,-1,-1,26,25200000,1260000,-1
100627,-1,,[],100006,,1320027,1320027,-1,-1,27,32400000,1620000,-1
100628,-1,,[],100006,,1320028,1320028,-1,-1,25,54000000,2700000,-1
100629,-1,,[],100006,,1320029,1320029,-1,-1,26,75600000,3780000,-1
100630,-1,,[],100006,,1320030,1320030,-1,-1,27,97200000,4860000,-1
100631,-1,,[],100006,,1320031,1320031,-1,-1,27,162000000,6480000,-1
100632,-1,,[],100006,,1320032,1320032,-1,-1,27,226800000,8100000,-1
100633,-1,,[],100006,,1320033,1320033,-1,-1,27,291600000,9720000,-1
100634,-1,,[],100006,,1320034,1320034,-1,-1,27,388800000,12960000,-1
100635,-1,,[],100006,,1320035,1320035,-1,-1,27,486000000,16200000,-1
100636,-1,,[],100006,,1320036,1320036,-1,-1,27,583200000,19440000,-1
3677,-1,,[],210,,405236001,405236001,405236101,-1,1,100,-1,-1
3678,-1,,[],210,,405236002,405236002,405236102,-1,2,200,-1,-1
3679,-1,,[],210,,405236003,405236003,405236103,-1,3,400,-1,-1
3680,-1,,[],210,,405236004,405236004,405236104,-1,4,600,-1,-1
3681,-1,,[],210,,405236005,405236005,405236105,-1,5,800,-1,-1
3682,-1,,[],210,,405236006,405236006,405236106,-1,6,1000,-1,-1
3683,-1,,[],210,,405236007,405236007,405236107,-1,7,1200,-1,-1
3684,-1,,[],210,,405236008,405236008,405236108,-1,8,1400,-1,-1
3685,-1,,[],210,,405236009,405236009,405236109,-1,9,1600,-1,-1
3686,-1,,[],210,,405236010,405236010,405236110,-1,10,1800,-1,-1
3687,-1,,[],210,,405236011,405236011,405236111,-1,11,2000,-1,-1
3688,-1,,[],210,,405236012,405236012,405236112,-1,12,2200,-1,-1
3689,-1,,[],210,,405236013,405236013,405236113,-1,13,2400,-1,-1
3690,-1,,[],210,,405236014,405236014,405236114,-1,14,2600,-1,-1
3691,-1,,[],210,,405236015,405236015,405236115,-1,15,2800,-1,-1
3692,-1,,[],210,,405236016,405236016,405236116,-1,16,3000,-1,-1
3693,-1,,[],210,,405236017,405236017,405236117,-1,17,3200,-1,-1
3694,-1,,[],210,,405236018,405236018,405236118,-1,18,3400,-1,-1
3695,-1,,[],210,,405236019,405236019,405236119,-1,19,3600,-1,-1
3696,-1,,[],210,,405236020,405236020,405236120,-1,20,3800,-1,-1
3697,-1,,[],210,,405236021,405236021,405236121,-1,21,4000,-1,-1
3698,-1,,[],210,,405236022,405236022,405236122,-1,22,4200,-1,-1
3699,-1,,[],210,,405236023,405236023,405236123,-1,23,4400,-1,-1
3700,-1,,[],210,,405236024,405236024,405236124,-1,24,4600,-1,-1
3701,-1,,[],210,,405236025,405236025,405236125,-1,25,4800,-1,-1
3702,-1,,[],210,,405236026,405236026,405236126,-1,26,5000,-1,-1
3703,-1,,[],210,,405236027,405236027,405236127,-1,27,5200,-1,-1
3704,-1,,[],210,,405236028,405236028,405236128,-1,28,5400,-1,-1
3705,-1,,[],210,,405236029,405236029,405236129,-1,29,5600,-1,-1
3706,-1,,[],210,,405236030,405236030,405236130,-1,30,5800,-1,-1
3707,-1,,[],211,,405237001,405237001,405237101,-1,1,100,-1,-1
3708,-1,,[],211,,405237002,405237002,405237102,-1,2,200,-1,-1
3709,-1,,[],211,,405237003,405237003,405237103,-1,3,400,-1,-1
3710,-1,,[],211,,405237004,405237004,405237104,-1,4,600,-1,-1
3711,-1,,[],211,,405237005,405237005,405237105,-1,5,800,-1,-1
3712,-1,,[],211,,405237006,405237006,405237106,-1,6,1000,-1,-1
3713,-1,,[],211,,405237007,405237007,405237107,-1,7,1200,-1,-1
3714,-1,,[],211,,405237008,405237008,405237108,-1,8,1400,-1,-1
3715,-1,,[],211,,405237009,405237009,405237109,-1,9,1600,-1,-1
3716,-1,,[],211,,405237010,405237010,405237110,-1,10,1800,-1,-1
3717,-1,,[],211,,405237011,405237011,405237111,-1,11,2000,-1,-1
3718,-1,,[],211,,405237012,405237012,405237112,-1,12,2200,-1,-1
3719,-1,,[],211,,405237013,405237013,405237113,-1,13,2400,-1,-1
3720,-1,,[],211,,405237014,405237014,405237114,-1,14,2600,-1,-1
3721,-1,,[],211,,405237015,405237015,405237115,-1,15,2800,-1,-1
3722,-1,,[],211,,405237016,405237016,405237116,-1,16,3000,-1,-1
3723,-1,,[],211,,405237017,405237017,405237117,-1,17,3200,-1,-1
3724,-1,,[],211,,405237018,405237018,405237118,-1,18,3400,-1,-1
3725,-1,,[],211,,405237019,405237019,405237119,-1,19,3600,-1,-1
3726,-1,,[],211,,405237020,405237020,405237120,-1,20,3800,-1,-1
3727,-1,,[],211,,405237021,405237021,405237121,-1,21,4000,-1,-1
3728,-1,,[],211,,405237022,405237022,405237122,-1,22,4200,-1,-1
3729,-1,,[],211,,405237023,405237023,405237123,-1,23,4400,-1,-1
3730,-1,,[],211,,405237024,405237024,405237124,-1,24,4600,-1,-1
3731,-1,,[],211,,405237025,405237025,405237125,-1,25,4800,-1,-1
3732,-1,,[],211,,405237026,405237026,405237126,-1,26,5000,-1,-1
3733,-1,,[],211,,405237027,405237027,405237127,-1,27,5200,-1,-1
3734,-1,,[],211,,405237028,405237028,405237128,-1,28,5400,-1,-1
3735,-1,,[],211,,405237029,405237029,405237129,-1,29,5600,-1,-1
3736,-1,,[],211,,405237030,405237030,405237130,-1,30,5800,-1,-1
3737,-1,,[],212,,405238001,405238001,405238101,-1,1,100,-1,-1
3738,-1,,[],212,,405238002,405238002,405238102,-1,2,200,-1,-1
3739,-1,,[],212,,405238003,405238003,405238103,-1,3,400,-1,-1
3740,-1,,[],212,,405238004,405238004,405238104,-1,4,600,-1,-1
3741,-1,,[],212,,405238005,405238005,405238105,-1,5,900,-1,-1
3742,-1,,[],212,,405238006,405238006,405238106,-1,6,1200,-1,-1
3743,-1,,[],212,,405238007,405238007,405238107,-1,7,1500,-1,-1
3744,-1,,[],212,,405238008,405238008,405238108,-1,8,1800,-1,-1
3745,-1,,[],212,,405238009,405238009,405238109,-1,9,2200,-1,-1
3746,-1,,[],212,,405238010,405238010,405238110,-1,10,2600,-1,-1
3747,-1,,[],212,,405238011,405238011,405238111,-1,11,3000,-1,-1
3748,-1,,[],212,,405238012,405238012,405238112,-1,12,3500,-1,-1
3749,-1,,[],212,,405238013,405238013,405238113,-1,13,4000,-1,-1
3750,-1,,[],212,,405238014,405238014,405238114,-1,14,4500,-1,-1
3751,-1,,[],212,,405238015,405238015,405238115,-1,15,5000,-1,-1
3752,-1,,[],212,,405238016,405238016,405238116,-1,16,5500,-1,-1
3753,-1,,[],212,,405238017,405238017,405238117,-1,17,6000,-1,-1
3754,-1,,[],212,,405238018,405238018,405238118,-1,18,7000,-1,-1
3755,-1,,[],212,,405238019,405238019,405238119,-1,19,8000,-1,-1
3756,-1,,[],212,,405238020,405238020,405238120,-1,20,9000,-1,-1
3757,-1,,[],213,,405239201,405239201,405239301,-1,1,100,-1,-1
3758,-1,,[],213,,405239202,405239202,405239302,-1,2,200,-1,-1
3759,-1,,[],213,,405239203,405239203,405239303,-1,3,400,-1,-1
3760,-1,,[],213,,405239204,405239204,405239304,-1,4,600,-1,-1
3761,-1,,[],213,,405239205,405239205,405239305,-1,5,800,-1,-1
3762,-1,,[],213,,405239206,405239206,405239306,-1,6,1000,-1,-1
3763,-1,,[],213,,405239207,405239207,405239307,-1,7,1200,-1,-1
3764,-1,,[],213,,405239208,405239208,405239308,-1,8,1400,-1,-1
3765,-1,,[],213,,405239209,405239209,405239309,-1,9,1600,-1,-1
3766,-1,,[],213,,405239210,405239210,405239310,-1,10,1800,-1,-1
3767,-1,,[],213,,405239211,405239211,405239311,-1,11,2000,-1,-1
3768,-1,,[],213,,405239212,405239212,405239312,-1,12,2200,-1,-1
3769,-1,,[],213,,405239213,405239213,405239313,-1,13,2400,-1,-1
3770,-1,,[],213,,405239214,405239214,405239314,-1,14,2600,-1,-1
3771,-1,,[],213,,405239215,405239215,405239315,-1,15,2800,-1,-1
3772,-1,,[],213,,405239216,405239216,405239316,-1,16,3000,-1,-1
3773,-1,,[],213,,405239217,405239217,405239317,-1,17,3200,-1,-1
3774,-1,,[],213,,405239218,405239218,405239318,-1,18,3400,-1,-1
3775,-1,,[],213,,405239219,405239219,405239319,-1,19,3600,-1,-1
3776,-1,,[],213,,405239220,405239220,405239320,-1,20,3800,-1,-1
3777,-1,,[],213,,405239221,405239221,405239321,-1,21,4000,-1,-1
3778,-1,,[],213,,405239222,405239222,405239322,-1,22,4200,-1,-1
3779,-1,,[],213,,405239223,405239223,405239323,-1,23,4400,-1,-1
3780,-1,,[],213,,405239224,405239224,405239324,-1,24,4600,-1,-1
3781,-1,,[],213,,405239225,405239225,405239325,-1,25,4800,-1,-1
3782,-1,,[],213,,405239226,405239226,405239326,-1,26,5000,-1,-1
3783,-1,,[],213,,405239227,405239227,405239327,-1,27,5200,-1,-1
3784,-1,,[],213,,405239228,405239228,405239328,-1,28,5400,-1,-1
3785,-1,,[],213,,405239229,405239229,405239329,-1,29,5600,-1,-1
3786,-1,,[],213,,405239230,405239230,405239330,-1,30,5800,-1,-1
3787,-1,,[],214,,405239401,405239401,405239501,-1,1,100,-1,-1
3788,-1,,[],214,,405239402,405239402,405239502,-1,2,200,-1,-1
3789,-1,,[],214,,405239403,405239403,405239503,-1,3,400,-1,-1
3790,-1,,[],214,,405239404,405239404,405239504,-1,4,600,-1,-1
3791,-1,,[],214,,405239405,405239405,405239505,-1,5,800,-1,-1
3792,-1,,[],214,,405239406,405239406,405239506,-1,6,1000,-1,-1
3793,-1,,[],214,,405239407,405239407,405239507,-1,7,1200,-1,-1
3794,-1,,[],214,,405239408,405239408,405239508,-1,8,1400,-1,-1
3795,-1,,[],214,,405239409,405239409,405239509,-1,9,1600,-1,-1
3796,-1,,[],214,,405239410,405239410,405239510,-1,10,1800,-1,-1
3797,-1,,[],214,,405239411,405239411,405239511,-1,11,2000,-1,-1
3798,-1,,[],214,,405239412,405239412,405239512,-1,12,2200,-1,-1
3799,-1,,[],214,,405239413,405239413,405239513,-1,13,2400,-1,-1
3800,-1,,[],214,,405239414,405239414,405239514,-1,14,2600,-1,-1
3801,-1,,[],214,,405239415,405239415,405239515,-1,15,2800,-1,-1
3802,-1,,[],214,,405239416,405239416,405239516,-1,16,3000,-1,-1
3803,-1,,[],214,,405239417,405239417,405239517,-1,17,3200,-1,-1
3804,-1,,[],214,,405239418,405239418,405239518,-1,18,3400,-1,-1
3805,-1,,[],214,,405239419,405239419,405239519,-1,19,3600,-1,-1
3806,-1,,[],214,,405239420,405239420,405239520,-1,20,3800,-1,-1
3807,-1,,[],214,,405239421,405239421,405239521,-1,21,4000,-1,-1
3808,-1,,[],214,,405239422,405239422,405239522,-1,22,4200,-1,-1
3809,-1,,[],214,,405239423,405239423,405239523,-1,23,4400,-1,-1
3810,-1,,[],214,,405239424,405239424,405239524,-1,24,4600,-1,-1
3811,-1,,[],214,,405239425,405239425,405239525,-1,25,4800,-1,-1
3812,-1,,[],214,,405239426,405239426,405239526,-1,26,5000,-1,-1
3813,-1,,[],214,,405239427,405239427,405239527,-1,27,5200,-1,-1
3814,-1,,[],214,,405239428,405239428,405239528,-1,28,5400,-1,-1
3815,-1,,[],214,,405239429,405239429,405239529,-1,29,5600,-1,-1
3816,-1,,[],214,,405239430,405239430,405239530,-1,30,5800,-1,-1
3817,-1,,[],215,,405245501,405245501,405245601,-1,1,100,-1,-1
3818,-1,,[],215,,405245502,405245502,405245602,-1,2,200,-1,-1
3819,-1,,[],215,,405245503,405245503,405245603,-1,3,400,-1,-1
3820,-1,,[],215,,405245504,405245504,405245604,-1,4,600,-1,-1
3821,-1,,[],215,,405245505,405245505,405245605,-1,5,800,-1,-1
3822,-1,,[],215,,405245506,405245506,405245606,-1,6,1000,-1,-1
3823,-1,,[],215,,405245507,405245507,405245607,-1,7,1200,-1,-1
3824,-1,,[],215,,405245508,405245508,405245608,-1,8,1400,-1,-1
3825,-1,,[],215,,405245509,405245509,405245609,-1,9,1600,-1,-1
3826,-1,,[],215,,405245510,405245510,405245610,-1,10,1800,-1,-1
3827,-1,,[],215,,405245511,405245511,405245611,-1,11,2000,-1,-1
3828,-1,,[],215,,405245512,405245512,405245612,-1,12,2200,-1,-1
3829,-1,,[],215,,405245513,405245513,405245613,-1,13,2400,-1,-1
3830,-1,,[],215,,405245514,405245514,405245614,-1,14,2600,-1,-1
3831,-1,,[],215,,405245515,405245515,405245615,-1,15,2800,-1,-1
3832,-1,,[],215,,405245516,405245516,405245616,-1,16,3000,-1,-1
3833,-1,,[],215,,405245517,405245517,405245617,-1,17,3200,-1,-1
3834,-1,,[],215,,405245518,405245518,405245618,-1,18,3400,-1,-1
3835,-1,,[],215,,405245519,405245519,405245619,-1,19,3600,-1,-1
3836,-1,,[],215,,405245520,405245520,405245620,-1,20,3800,-1,-1
3837,-1,,[],215,,405245521,405245521,405245621,-1,21,4000,-1,-1
3838,-1,,[],215,,405245522,405245522,405245622,-1,22,4200,-1,-1
3839,-1,,[],215,,405245523,405245523,405245623,-1,23,4400,-1,-1
3840,-1,,[],215,,405245524,405245524,405245624,-1,24,4600,-1,-1
3841,-1,,[],215,,405245525,405245525,405245625,-1,25,4800,-1,-1
3842,-1,,[],215,,405245526,405245526,405245626,-1,26,5000,-1,-1
3843,-1,,[],215,,405245527,405245527,405245627,-1,27,5200,-1,-1
3844,-1,,[],215,,405245528,405245528,405245628,-1,28,5400,-1,-1
3845,-1,,[],215,,405245529,405245529,405245629,-1,29,5600,-1,-1
3846,-1,,[],215,,405245530,405245530,405245630,-1,30,5800,-1,-1
3847,-1,,[],216,,405240501,405240501,405240601,-1,1,100,-1,-1
3848,-1,,[],216,,405240502,405240502,405240602,-1,2,150,-1,-1
3849,-1,,[],216,,405240503,405240503,405240603,-1,3,200,-1,-1
3850,-1,,[],216,,405240504,405240504,405240604,-1,4,250,-1,-1
3851,-1,,[],216,,405240505,405240505,405240605,-1,5,300,-1,-1
3852,-1,,[],216,,405240506,405240506,405240606,-1,6,350,-1,-1
3853,-1,,[],216,,405240507,405240507,405240607,-1,7,400,-1,-1
3854,-1,,[],216,,405240508,405240508,405240608,-1,8,450,-1,-1
3855,-1,,[],216,,405240509,405240509,405240609,-1,9,500,-1,-1
3856,-1,,[],216,,405240510,405240510,405240610,-1,10,550,-1,-1
3857,-1,,[],216,,405240511,405240511,405240611,-1,11,600,-1,-1
3858,-1,,[],216,,405240512,405240512,405240612,-1,12,700,-1,-1
3859,-1,,[],216,,405240513,405240513,405240613,-1,13,800,-1,-1
3860,-1,,[],216,,405240514,405240514,405240614,-1,14,900,-1,-1
3861,-1,,[],216,,405240515,405240515,405240615,-1,15,1000,-1,-1
3862,-1,,[],216,,405240516,405240516,405240616,-1,16,1100,-1,-1
3863,-1,,[],216,,405240517,405240517,405240617,-1,17,1200,-1,-1
3864,-1,,[],216,,405240518,405240518,405240618,-1,18,1300,-1,-1
3865,-1,,[],216,,405240519,405240519,405240619,-1,19,1400,-1,-1
3866,-1,,[],216,,405240520,405240520,405240620,-1,20,1500,-1,-1
3867,-1,,[],216,,405240521,405240521,405240621,-1,21,1600,-1,-1
3868,-1,,[],216,,405240522,405240522,405240622,-1,22,1700,-1,-1
3869,-1,,[],216,,405240523,405240523,405240623,-1,23,1800,-1,-1
3870,-1,,[],216,,405240524,405240524,405240624,-1,24,1900,-1,-1
3871,-1,,[],216,,405240525,405240525,405240625,-1,25,2000,-1,-1
3872,-1,,[],217,,405247101,405247101,-1,-1,1,20,-1,-1
3873,-1,,[],217,,405247102,405247102,-1,-1,2,50,-1,-1
3874,-1,,[],217,,405247103,405247103,-1,-1,3,100,-1,-1
3875,-1,,[],217,,405247104,405247104,-1,-1,4,200,-1,-1
3876,-1,,[],217,,405247105,405247105,-1,-1,5,300,-1,-1
3877,-1,,[],217,,405247106,405247106,-1,-1,6,800,-1,-1
3878,-1,,[],218,,405247301,405247301,405247401,-1,1,100,-1,-1
3879,-1,,[],218,,405247302,405247302,405247402,-1,2,150,-1,-1
3880,-1,,[],218,,405247303,405247303,405247403,-1,3,200,-1,-1
3881,-1,,[],218,,405247304,405247304,405247404,-1,4,250,-1,-1
3882,-1,,[],218,,405247305,405247305,405247405,-1,5,300,-1,-1
3883,-1,,[],218,,405247306,405247306,405247406,-1,6,350,-1,-1
3884,-1,,[],218,,405247307,405247307,405247407,-1,7,400,-1,-1
3885,-1,,[],218,,405247308,405247308,405247408,-1,8,450,-1,-1
3886,-1,,[],218,,405247309,405247309,405247409,-1,9,500,-1,-1
3887,-1,,[],218,,405247310,405247310,405247410,-1,10,550,-1,-1
3888,-1,,[],218,,405247311,405247311,405247411,-1,11,600,-1,-1
3889,-1,,[],218,,405247312,405247312,405247412,-1,12,700,-1,-1
3890,-1,,[],218,,405247313,405247313,405247413,-1,13,800,-1,-1
3891,-1,,[],218,,405247314,405247314,405247414,-1,14,900,-1,-1
3892,-1,,[],218,,405247315,405247315,405247415,-1,15,1000,-1,-1
3893,-1,,[],218,,405247316,405247316,405247416,-1,16,1100,-1,-1
3894,-1,,[],218,,405247317,405247317,405247417,-1,17,1200,-1,-1
3895,-1,,[],218,,405247318,405247318,405247418,-1,18,1300,-1,-1
3896,-1,,[],218,,405247319,405247319,405247419,-1,19,1400,-1,-1
3897,-1,,[],218,,405247320,405247320,405247420,-1,20,1500,-1,-1
3898,-1,,[],218,,405247321,405247321,405247421,-1,21,1600,-1,-1
3899,-1,,[],218,,405247322,405247322,405247422,-1,22,1700,-1,-1
3900,-1,,[],218,,405247323,405247323,405247423,-1,23,1800,-1,-1
3901,-1,,[],218,,405247324,405247324,405247424,-1,24,1900,-1,-1
3902,-1,,[],218,,405247325,405247325,405247425,-1,25,2000,-1,-1
3903,-1,,[],220,,405281201,405281201,-1,-1,1,20,-1,-1
3904,-1,,[],220,,405281202,405281202,-1,-1,2,50,-1,-1
3905,-1,,[],220,,405281203,405281203,-1,-1,3,100,-1,-1
3906,-1,,[],220,,405281204,405281204,-1,-1,4,200,-1,-1
3907,-1,,[],220,,405281205,405281205,-1,-1,5,300,-1,-1
3908,-1,,[],220,,405281206,405281206,-1,-1,6,800,-1,-1
3909,-1,,[],221,,405281401,405281401,405281501,-1,1,100,-1,-1
3910,-1,,[],221,,405281402,405281402,405281502,-1,2,150,-1,-1
3911,-1,,[],221,,405281403,405281403,405281503,-1,3,200,-1,-1
3912,-1,,[],221,,405281404,405281404,405281504,-1,4,250,-1,-1
3913,-1,,[],221,,405281405,405281405,405281505,-1,5,300,-1,-1
3914,-1,,[],221,,405281406,405281406,405281506,-1,6,350,-1,-1
3915,-1,,[],221,,405281407,405281407,405281507,-1,7,400,-1,-1
3916,-1,,[],221,,405281408,405281408,405281508,-1,8,450,-1,-1
3917,-1,,[],221,,405281409,405281409,405281509,-1,9,500,-1,-1
3918,-1,,[],221,,405281410,405281410,405281510,-1,10,550,-1,-1
3919,-1,,[],221,,405281411,405281411,405281511,-1,11,600,-1,-1
3920,-1,,[],221,,405281412,405281412,405281512,-1,12,700,-1,-1
3921,-1,,[],221,,405281413,405281413,405281513,-1,13,800,-1,-1
3922,-1,,[],221,,405281414,405281414,405281514,-1,14,900,-1,-1
3923,-1,,[],221,,405281415,405281415,405281515,-1,15,1000,-1,-1
3924,-1,,[],221,,405281416,405281416,405281516,-1,16,1100,-1,-1
3925,-1,,[],221,,405281417,405281417,405281517,-1,17,1200,-1,-1
3926,-1,,[],221,,405281418,405281418,405281518,-1,18,1300,-1,-1
3927,-1,,[],221,,405281419,405281419,405281519,-1,19,1400,-1,-1
3928,-1,,[],221,,405281420,405281420,405281520,-1,20,1500,-1,-1
3929,-1,,[],221,,405281421,405281421,405281521,-1,21,1600,-1,-1
3930,-1,,[],221,,405281422,405281422,405281522,-1,22,1700,-1,-1
3931,-1,,[],221,,405281423,405281423,405281523,-1,23,1800,-1,-1
3932,-1,,[],221,,405281424,405281424,405281524,-1,24,1900,-1,-1
3933,-1,,[],221,,405281425,405281425,405281525,-1,25,2000,-1,-1
3934,-1,,[],222,,405295201,405295201,-1,-1,1,100,-1,-1
3935,-1,,[],222,,405295202,405295202,-1,-1,2,400,-1,-1
3936,-1,,[],222,,405295203,405295203,-1,-1,3,1000,-1,-1
3937,-1,,[],222,,405295204,405295204,-1,-1,4,4000,-1,-1
3938,-1,,[],222,,405295205,405295205,-1,-1,5,10000,-1,-1
3939,-1,,[],223,,405246001,405246001,405246101,-1,1,100,-1,-1
3940,-1,,[],223,,405246002,405246002,405246102,-1,2,200,-1,-1
3941,-1,,[],223,,405246003,405246003,405246103,-1,3,400,-1,-1
3942,-1,,[],223,,405246004,405246004,405246104,-1,4,600,-1,-1
3943,-1,,[],223,,405246005,405246005,405246105,-1,5,800,-1,-1
3944,-1,,[],223,,405246006,405246006,405246106,-1,6,1000,-1,-1
3945,-1,,[],223,,405246007,405246007,405246107,-1,7,1200,-1,-1
3946,-1,,[],223,,405246008,405246008,405246108,-1,8,1400,-1,-1
3947,-1,,[],223,,405246009,405246009,405246109,-1,9,1600,-1,-1
3948,-1,,[],223,,405246010,405246010,405246110,-1,10,1800,-1,-1
3949,-1,,[],223,,405246011,405246011,405246111,-1,11,2000,-1,-1
3950,-1,,[],223,,405246012,405246012,405246112,-1,12,2200,-1,-1
3951,-1,,[],223,,405246013,405246013,405246113,-1,13,2400,-1,-1
3952,-1,,[],223,,405246014,405246014,405246114,-1,14,2600,-1,-1
3953,-1,,[],223,,405246015,405246015,405246115,-1,15,2800,-1,-1
3954,-1,,[],223,,405246016,405246016,405246116,-1,16,3000,-1,-1
3955,-1,,[],223,,405246017,405246017,405246117,-1,17,3200,-1,-1
3956,-1,,[],223,,405246018,405246018,405246118,-1,18,3400,-1,-1
3957,-1,,[],223,,405246019,405246019,405246119,-1,19,3600,-1,-1
3958,-1,,[],223,,405246020,405246020,405246120,-1,20,3800,-1,-1
3959,-1,,[],223,,405246021,405246021,405246121,-1,21,4000,-1,-1
3960,-1,,[],223,,405246022,405246022,405246122,-1,22,4200,-1,-1
3961,-1,,[],223,,405246023,405246023,405246123,-1,23,4400,-1,-1
3962,-1,,[],223,,405246024,405246024,405246124,-1,24,4600,-1,-1
3963,-1,,[],223,,405246025,405246025,405246125,-1,25,4800,-1,-1
3964,-1,,[],223,,405246026,405246026,405246126,-1,26,5000,-1,-1
3965,-1,,[],223,,405246027,405246027,405246127,-1,27,5200,-1,-1
3966,-1,,[],223,,405246028,405246028,405246128,-1,28,5400,-1,-1
3967,-1,,[],223,,405246029,405246029,405246129,-1,29,5600,-1,-1
3968,-1,,[],223,,405246030,405246030,405246130,-1,30,5800,-1,-1
3969,-1,,[],224,,405246201,405246201,405246301,-1,1,100,-1,-1
3970,-1,,[],224,,405246202,405246202,405246302,-1,2,200,-1,-1
3971,-1,,[],224,,405246203,405246203,405246303,-1,3,400,-1,-1
3972,-1,,[],224,,405246204,405246204,405246304,-1,4,600,-1,-1
3973,-1,,[],224,,405246205,405246205,405246305,-1,5,800,-1,-1
3974,-1,,[],224,,405246206,405246206,405246306,-1,6,1000,-1,-1
3975,-1,,[],224,,405246207,405246207,405246307,-1,7,1200,-1,-1
3976,-1,,[],224,,405246208,405246208,405246308,-1,8,1400,-1,-1
3977,-1,,[],224,,405246209,405246209,405246309,-1,9,1600,-1,-1
3978,-1,,[],224,,405246210,405246210,405246310,-1,10,1800,-1,-1
3979,-1,,[],224,,405246211,405246211,405246311,-1,11,2000,-1,-1
3980,-1,,[],224,,405246212,405246212,405246312,-1,12,2200,-1,-1
3981,-1,,[],224,,405246213,405246213,405246313,-1,13,2400,-1,-1
3982,-1,,[],224,,405246214,405246214,405246314,-1,14,2600,-1,-1
3983,-1,,[],224,,405246215,405246215,405246315,-1,15,2800,-1,-1
3984,-1,,[],224,,405246216,405246216,405246316,-1,16,3000,-1,-1
3985,-1,,[],224,,405246217,405246217,405246317,-1,17,3200,-1,-1
3986,-1,,[],224,,405246218,405246218,405246318,-1,18,3400,-1,-1
3987,-1,,[],224,,405246219,405246219,405246319,-1,19,3600,-1,-1
3988,-1,,[],224,,405246220,405246220,405246320,-1,20,3800,-1,-1
3989,-1,,[],224,,405246221,405246221,405246321,-1,21,4000,-1,-1
3990,-1,,[],224,,405246222,405246222,405246322,-1,22,4200,-1,-1
3991,-1,,[],224,,405246223,405246223,405246323,-1,23,4400,-1,-1
3992,-1,,[],224,,405246224,405246224,405246324,-1,24,4600,-1,-1
3993,-1,,[],224,,405246225,405246225,405246325,-1,25,4800,-1,-1
3994,-1,,[],224,,405246226,405246226,405246326,-1,26,5000,-1,-1
3995,-1,,[],224,,405246227,405246227,405246327,-1,27,5200,-1,-1
3996,-1,,[],224,,405246228,405246228,405246328,-1,28,5400,-1,-1
3997,-1,,[],224,,405246229,405246229,405246329,-1,29,5600,-1,-1
3998,-1,,[],224,,405246230,405246230,405246330,-1,30,5800,-1,-1
3999,-1,,[],221,,405300001,405300001,405300101,-1,26,3000,-1,-1
4000,-1,,[],221,,405300002,405300002,405300102,-1,27,4000,-1,-1
4001,-1,,[],221,,405300003,405300003,405300103,-1,28,5000,-1,-1
4002,-1,,[],221,,405300004,405300004,405300104,-1,29,6000,-1,-1
4003,-1,,[],221,,405300005,405300005,405300105,-1,30,7000,-1,-1
4004,-1,,[],221,,405300006,405300006,405300106,-1,31,8000,-1,-1
4005,-1,,[],225,,405306101,405306101,-1,-1,1,150,-1,-1
4006,-1,,[],225,,405306102,405306102,-1,-1,2,300,-1,-1
4007,-1,,[],225,,405306103,405306103,-1,-1,3,700,-1,-1
4008,-1,,[],225,,405306104,405306104,-1,-1,4,1500,-1,-1
4009,-1,,[],225,,405306105,405306105,-1,-1,5,4000,-1,-1
4010,-1,,[],225,,405306106,405306106,-1,-1,6,10000,-1,-1
4011,-1,,[],226,,405306301,405306301,405306401,-1,1,100,-1,-1
4012,-1,,[],226,,405306302,405306302,405306402,-1,2,150,-1,-1
4013,-1,,[],226,,405306303,405306303,405306403,-1,3,200,-1,-1
4014,-1,,[],226,,405306304,405306304,405306404,-1,4,250,-1,-1
4015,-1,,[],226,,405306305,405306305,405306405,-1,5,300,-1,-1
4016,-1,,[],226,,405306306,405306306,405306406,-1,6,350,-1,-1
4017,-1,,[],226,,405306307,405306307,405306407,-1,7,400,-1,-1
4018,-1,,[],226,,405306308,405306308,405306408,-1,8,450,-1,-1
4019,-1,,[],226,,405306309,405306309,405306409,-1,9,500,-1,-1
4020,-1,,[],226,,405306310,405306310,405306410,-1,10,550,-1,-1
4021,-1,,[],226,,405306311,405306311,405306411,-1,11,600,-1,-1
4022,-1,,[],226,,405306312,405306312,405306412,-1,12,700,-1,-1
4023,-1,,[],226,,405306313,405306313,405306413,-1,13,800,-1,-1
4024,-1,,[],226,,405306314,405306314,405306414,-1,14,900,-1,-1
4025,-1,,[],226,,405306315,405306315,405306415,-1,15,1000,-1,-1
4026,-1,,[],226,,405306316,405306316,405306416,-1,16,1100,-1,-1
4027,-1,,[],226,,405306317,405306317,405306417,-1,17,1200,-1,-1
4028,-1,,[],226,,405306318,405306318,405306418,-1,18,1300,-1,-1
4029,-1,,[],226,,405306319,405306319,405306419,-1,19,1400,-1,-1
4030,-1,,[],226,,405306320,405306320,405306420,-1,20,1500,-1,-1
4031,-1,,[],226,,405306321,405306321,405306421,-1,21,1600,-1,-1
4032,-1,,[],226,,405306322,405306322,405306422,-1,22,1700,-1,-1
4033,-1,,[],226,,405306323,405306323,405306423,-1,23,1800,-1,-1
4034,-1,,[],226,,405306324,405306324,405306424,-1,24,1900,-1,-1
4035,-1,,[],226,,405306325,405306325,405306425,-1,25,2000,-1,-1
4036,-1,,[],227,,405301101,405301101,-1,-1,1,20,-1,-1
4037,-1,,[],227,,405301102,405301102,-1,-1,2,50,-1,-1
4038,-1,,[],227,,405301103,405301103,-1,-1,3,100,-1,-1
4039,-1,,[],227,,405301104,405301104,-1,-1,4,200,-1,-1
4040,-1,,[],227,,405301105,405301105,-1,-1,5,300,-1,-1
4041,-1,,[],227,,405301106,405301106,-1,-1,6,800,-1,-1
4042,-1,,[],228,,405301301,405301301,405301401,-1,1,100,-1,-1
4043,-1,,[],228,,405301302,405301302,405301402,-1,2,150,-1,-1
4044,-1,,[],228,,405301303,405301303,405301403,-1,3,200,-1,-1
4045,-1,,[],228,,405301304,405301304,405301404,-1,4,250,-1,-1
4046,-1,,[],228,,405301305,405301305,405301405,-1,5,300,-1,-1
4047,-1,,[],228,,405301306,405301306,405301406,-1,6,350,-1,-1
4048,-1,,[],228,,405301307,405301307,405301407,-1,7,400,-1,-1
4049,-1,,[],228,,405301308,405301308,405301408,-1,8,450,-1,-1
4050,-1,,[],228,,405301309,405301309,405301409,-1,9,500,-1,-1
4051,-1,,[],228,,405301310,405301310,405301410,-1,10,550,-1,-1
4052,-1,,[],228,,405301311,405301311,405301411,-1,11,600,-1,-1
4053,-1,,[],228,,405301312,405301312,405301412,-1,12,700,-1,-1
4054,-1,,[],228,,405301313,405301313,405301413,-1,13,800,-1,-1
4055,-1,,[],228,,405301314,405301314,405301414,-1,14,900,-1,-1
4056,-1,,[],228,,405301315,405301315,405301415,-1,15,1000,-1,-1
4057,-1,,[],228,,405301316,405301316,405301416,-1,16,1100,-1,-1
4058,-1,,[],228,,405301317,405301317,405301417,-1,17,1200,-1,-1
4059,-1,,[],228,,405301318,405301318,405301418,-1,18,1300,-1,-1
4060,-1,,[],228,,405301319,405301319,405301419,-1,19,1400,-1,-1
4061,-1,,[],228,,405301320,405301320,405301420,-1,20,1500,-1,-1
4062,-1,,[],228,,405301321,405301321,405301421,-1,21,1600,-1,-1
4063,-1,,[],228,,405301322,405301322,405301422,-1,22,1700,-1,-1
4064,-1,,[],228,,405301323,405301323,405301423,-1,23,1800,-1,-1
4065,-1,,[],228,,405301324,405301324,405301424,-1,24,1900,-1,-1
4066,-1,,[],228,,405301325,405301325,405301425,-1,25,2000,-1,-1
21901,-1,,[],219,,21001,21001,-1,-1,1,5500,-1,-1
21902,-1,,[],219,,21002,21002,-1,-1,2,11500,-1,-1
21903,-1,,[],219,,21003,21003,-1,-1,3,22500,-1,-1
21904,-1,,[],219,,21004,21004,-1,-1,4,34000,-1,-1
21905,-1,,[],219,,21005,21005,-1,-1,5,45000,-1,-1
21906,-1,,[],219,,21006,21006,-1,-1,6,56500,-1,-1
21907,-1,,[],219,,21007,21007,-1,-1,7,67500,-1,-1
21908,-1,,[],219,,21008,21008,-1,-1,8,90000,-1,-1
21909,-1,,[],219,,21009,21009,-1,-1,9,112500,-1,-1
21910,-1,,[],219,,21010,21010,-1,-1,10,135000,-1,-1
4067,-1,,[],229,,405240501,405240501,406066201,-1,1,100,-1,-1
4068,-1,,[],229,,405240502,405240502,406066202,-1,2,150,-1,-1
4069,-1,,[],229,,405240503,405240503,406066203,-1,3,200,-1,-1
4070,-1,,[],229,,405240504,405240504,406066204,-1,4,250,-1,-1
4071,-1,,[],229,,405240505,405240505,406066205,-1,5,300,-1,-1
4072,-1,,[],229,,405240506,405240506,406066206,-1,6,350,-1,-1
4073,-1,,[],229,,405240507,405240507,406066207,-1,7,400,-1,-1
4074,-1,,[],229,,405240508,405240508,406066208,-1,8,450,-1,-1
4075,-1,,[],229,,405240509,405240509,406066209,-1,9,500,-1,-1
4076,-1,,[],229,,405240510,405240510,406066210,-1,10,550,-1,-1
4077,-1,,[],229,,405240511,405240511,406066211,-1,11,600,-1,-1
4078,-1,,[],229,,405240512,405240512,406066212,-1,12,700,-1,-1
4079,-1,,[],229,,405240513,405240513,406066213,-1,13,800,-1,-1
4080,-1,,[],229,,405240514,405240514,406066214,-1,14,900,-1,-1
4081,-1,,[],229,,405240515,405240515,406066215,-1,15,1000,-1,-1
4082,-1,,[],229,,405240516,405240516,406066216,-1,16,1100,-1,-1
4083,-1,,[],229,,405240517,405240517,406066217,-1,17,1200,-1,-1
4084,-1,,[],229,,405240518,405240518,406066218,-1,18,1300,-1,-1
4085,-1,,[],229,,405240519,405240519,406066219,-1,19,1400,-1,-1
4086,-1,,[],229,,405240520,405240520,406066220,-1,20,1500,-1,-1
4087,-1,,[],229,,405240521,405240521,406066221,-1,21,1600,-1,-1
4088,-1,,[],229,,405240522,405240522,406066222,-1,22,1700,-1,-1
4089,-1,,[],229,,405240523,405240523,406066223,-1,23,1800,-1,-1
4090,-1,,[],229,,405240524,405240524,406066224,-1,24,1900,-1,-1
4091,-1,,[],229,,405240525,405240525,406066225,-1,25,2000,-1,-1
4092,-1,,[],231,,406066401,406066401,-1,-1,1,500,-1,-1
4093,-1,,[],231,,406066402,406066402,-1,-1,2,2500,-1,-1
4094,-1,,[],231,,406066403,406066403,-1,-1,3,6000,-1,-1
4095,-1,,[],231,,406066404,406066404,-1,-1,4,12000,-1,-1
4096,-1,,[],231,,406066405,406066405,-1,-1,5,30000,-1,-1
4097,-1,,[],232,,406070501,406070501,406070601,-1,1,100,-1,-1
4098,-1,,[],232,,406070502,406070502,406070602,-1,2,150,-1,-1
4099,-1,,[],232,,406070503,406070503,406070603,-1,3,200,-1,-1
4100,-1,,[],232,,406070504,406070504,406070604,-1,4,250,-1,-1
4101,-1,,[],232,,406070505,406070505,406070605,-1,5,300,-1,-1
4102,-1,,[],232,,406070506,406070506,406070606,-1,6,350,-1,-1
4103,-1,,[],232,,406070507,406070507,406070607,-1,7,400,-1,-1
4104,-1,,[],232,,406070508,406070508,406070608,-1,8,450,-1,-1
4105,-1,,[],232,,406070509,406070509,406070609,-1,9,500,-1,-1
4106,-1,,[],232,,406070510,406070510,406070610,-1,10,550,-1,-1
4107,-1,,[],232,,406070511,406070511,406070611,-1,11,600,-1,-1
4108,-1,,[],232,,406070512,406070512,406070612,-1,12,700,-1,-1
4109,-1,,[],232,,406070513,406070513,406070613,-1,13,800,-1,-1
4110,-1,,[],232,,406070514,406070514,406070614,-1,14,900,-1,-1
4111,-1,,[],232,,406070515,406070515,406070615,-1,15,1000,-1,-1
4112,-1,,[],232,,406070516,406070516,406070616,-1,16,1100,-1,-1
4113,-1,,[],232,,406070517,406070517,406070617,-1,17,1200,-1,-1
4114,-1,,[],232,,406070518,406070518,406070618,-1,18,1300,-1,-1
4115,-1,,[],232,,406070519,406070519,406070619,-1,19,1400,-1,-1
4116,-1,,[],232,,406070520,406070520,406070620,-1,20,1500,-1,-1
4117,-1,,[],232,,406070521,406070521,406070621,-1,21,1600,-1,-1
4118,-1,,[],232,,406070522,406070522,406070622,-1,22,1700,-1,-1
4119,-1,,[],232,,406070523,406070523,406070623,-1,23,1800,-1,-1
4120,-1,,[],232,,406070524,406070524,406070624,-1,24,1900,-1,-1
4121,-1,,[],232,,406070525,406070525,406070625,-1,25,2000,-1,-1
4122,-1,,[],233,,406076201,406076201,-1,-1,1,15,-1,-1
4123,-1,,[],233,,406076202,406076202,-1,-1,2,35,-1,-1
4124,-1,,[],233,,406076203,406076203,-1,-1,3,60,-1,-1
4125,-1,,[],233,,406076204,406076204,-1,-1,4,100,-1,-1
4126,-1,,[],233,,406076205,406076205,-1,-1,5,300,-1,-1
4127,-1,,[],233,,406076206,406076206,-1,-1,6,600,-1,-1
4128,-1,,[],234,,406076401,406076401,406076501,-1,1,100,-1,-1
4129,-1,,[],234,,406076402,406076402,406076502,-1,2,200,-1,-1
4130,-1,,[],234,,406076403,406076403,406076503,-1,3,400,-1,-1
4131,-1,,[],234,,406076404,406076404,406076504,-1,4,600,-1,-1
4132,-1,,[],234,,406076405,406076405,406076505,-1,5,800,-1,-1
4133,-1,,[],234,,406076406,406076406,406076506,-1,6,1000,-1,-1
4134,-1,,[],234,,406076407,406076407,406076507,-1,7,1200,-1,-1
4135,-1,,[],234,,406076408,406076408,406076508,-1,8,1400,-1,-1
4136,-1,,[],234,,406076409,406076409,406076509,-1,9,1600,-1,-1
4137,-1,,[],234,,406076410,406076410,406076510,-1,10,1800,-1,-1
4138,-1,,[],234,,406076411,406076411,406076511,-1,11,2000,-1,-1
4139,-1,,[],234,,406076412,406076412,406076512,-1,12,2200,-1,-1
4140,-1,,[],234,,406076413,406076413,406076513,-1,13,2400,-1,-1
4141,-1,,[],234,,406076414,406076414,406076514,-1,14,2600,-1,-1
4142,-1,,[],234,,406076415,406076415,406076515,-1,15,2800,-1,-1
4143,-1,,[],234,,406076416,406076416,406076516,-1,16,3000,-1,-1
4144,-1,,[],234,,406076417,406076417,406076517,-1,17,3200,-1,-1
4145,-1,,[],234,,406076418,406076418,406076518,-1,18,3400,-1,-1
4146,-1,,[],234,,406076419,406076419,406076519,-1,19,3600,-1,-1
4147,-1,,[],234,,406076420,406076420,406076520,-1,20,3800,-1,-1
4148,-1,,[],234,,406076421,406076421,406076521,-1,21,4000,-1,-1
4149,-1,,[],234,,406076422,406076422,406076522,-1,22,4200,-1,-1
4150,-1,,[],234,,406076423,406076423,406076523,-1,23,4400,-1,-1
4151,-1,,[],234,,406076424,406076424,406076524,-1,24,4600,-1,-1
4152,-1,,[],234,,406076425,406076425,406076525,-1,25,4800,-1,-1
4153,-1,,[],234,,406076426,406076426,406076526,-1,26,5000,-1,-1
4154,-1,,[],234,,406076427,406076427,406076527,-1,27,5200,-1,-1
4155,-1,,[],234,,406076428,406076428,406076528,-1,28,5400,-1,-1
4156,-1,,[],234,,406076429,406076429,406076529,-1,29,5600,-1,-1
4157,-1,,[],234,,406076430,406076430,406076530,-1,30,5800,-1,-1
4158,-1,,[],235,,406146101,406146101,-1,-1,1,20,-1,-1
4159,-1,,[],235,,406146102,406146102,-1,-1,2,50,-1,-1
4160,-1,,[],235,,406146103,406146103,-1,-1,3,100,-1,-1
4161,-1,,[],235,,406146104,406146104,-1,-1,4,200,-1,-1
4162,-1,,[],235,,406146105,406146105,-1,-1,5,300,-1,-1
4163,-1,,[],235,,406146106,406146106,-1,-1,6,800,-1,-1
4164,-1,,[],236,,406146301,406146301,406146401,-1,1,100,-1,-1
4165,-1,,[],236,,406146302,406146302,406146402,-1,2,150,-1,-1
4166,-1,,[],236,,406146303,406146303,406146403,-1,3,200,-1,-1
4167,-1,,[],236,,406146304,406146304,406146404,-1,4,250,-1,-1
4168,-1,,[],236,,406146305,406146305,406146405,-1,5,300,-1,-1
4169,-1,,[],236,,406146306,406146306,406146406,-1,6,350,-1,-1
4170,-1,,[],236,,406146307,406146307,406146407,-1,7,400,-1,-1
4171,-1,,[],236,,406146308,406146308,406146408,-1,8,450,-1,-1
4172,-1,,[],236,,406146309,406146309,406146409,-1,9,500,-1,-1
4173,-1,,[],236,,406146310,406146310,406146410,-1,10,550,-1,-1
4174,-1,,[],236,,406146311,406146311,406146411,-1,11,600,-1,-1
4175,-1,,[],236,,406146312,406146312,406146412,-1,12,700,-1,-1
4176,-1,,[],236,,406146313,406146313,406146413,-1,13,800,-1,-1
4177,-1,,[],236,,406146314,406146314,406146414,-1,14,900,-1,-1
4178,-1,,[],236,,406146315,406146315,406146415,-1,15,1000,-1,-1
4179,-1,,[],236,,406146316,406146316,406146416,-1,16,1100,-1,-1
4180,-1,,[],236,,406146317,406146317,406146417,-1,17,1200,-1,-1
4181,-1,,[],236,,406146318,406146318,406146418,-1,18,1300,-1,-1
4182,-1,,[],236,,406146319,406146319,406146419,-1,19,1400,-1,-1
4183,-1,,[],236,,406146320,406146320,406146420,-1,20,1500,-1,-1
4184,-1,,[],236,,406146321,406146321,406146421,-1,21,1600,-1,-1
4185,-1,,[],236,,406146322,406146322,406146422,-1,22,1700,-1,-1
4186,-1,,[],236,,406146323,406146323,406146423,-1,23,1800,-1,-1
4187,-1,,[],236,,406146324,406146324,406146424,-1,24,1900,-1,-1
4188,-1,,[],236,,406146325,406146325,406146425,-1,25,2000,-1,-1
4189,-1,,[],237,,406141101,406141101,-1,-1,1,150,-1,-1
4190,-1,,[],237,,406141102,406141102,-1,-1,2,300,-1,-1
4191,-1,,[],237,,406141103,406141103,-1,-1,3,700,-1,-1
4192,-1,,[],237,,406141104,406141104,-1,-1,4,1500,-1,-1
4193,-1,,[],237,,406141105,406141105,-1,-1,5,4000,-1,-1
4194,-1,,[],237,,406141106,406141106,-1,-1,6,10000,-1,-1
4195,-1,,[],238,,406141301,406141301,406141401,-1,1,100,-1,-1
4196,-1,,[],238,,406141302,406141302,406141402,-1,2,150,-1,-1
4197,-1,,[],238,,406141303,406141303,406141403,-1,3,200,-1,-1
4198,-1,,[],238,,406141304,406141304,406141404,-1,4,250,-1,-1
4199,-1,,[],238,,406141305,406141305,406141405,-1,5,300,-1,-1
4200,-1,,[],238,,406141306,406141306,406141406,-1,6,350,-1,-1
4201,-1,,[],238,,406141307,406141307,406141407,-1,7,400,-1,-1
4202,-1,,[],238,,406141308,406141308,406141408,-1,8,450,-1,-1
4203,-1,,[],238,,406141309,406141309,406141409,-1,9,500,-1,-1
4204,-1,,[],238,,406141310,406141310,406141410,-1,10,550,-1,-1
4205,-1,,[],238,,406141311,406141311,406141411,-1,11,600,-1,-1
4206,-1,,[],238,,406141312,406141312,406141412,-1,12,700,-1,-1
4207,-1,,[],238,,406141313,406141313,406141413,-1,13,800,-1,-1
4208,-1,,[],238,,406141314,406141314,406141414,-1,14,900,-1,-1
4209,-1,,[],238,,406141315,406141315,406141415,-1,15,1000,-1,-1
4210,-1,,[],238,,406141316,406141316,406141416,-1,16,1100,-1,-1
4211,-1,,[],238,,406141317,406141317,406141417,-1,17,1200,-1,-1
4212,-1,,[],238,,406141318,406141318,406141418,-1,18,1300,-1,-1
4213,-1,,[],238,,406141319,406141319,406141419,-1,19,1400,-1,-1
4214,-1,,[],238,,406141320,406141320,406141420,-1,20,1500,-1,-1
4215,-1,,[],238,,406141321,406141321,406141421,-1,21,1600,-1,-1
4216,-1,,[],238,,406141322,406141322,406141422,-1,22,1700,-1,-1
4217,-1,,[],238,,406141323,406141323,406141423,-1,23,1800,-1,-1
4218,-1,,[],238,,406141324,406141324,406141424,-1,24,1900,-1,-1
4219,-1,,[],238,,406141325,406141325,406141425,-1,25,2000,-1,-1
4220,-1,,[],239,,406195001,406195001,406195101,-1,1,100,-1,-1
4221,-1,,[],239,,406195002,406195002,406195102,-1,2,200,-1,-1
4222,-1,,[],239,,406195003,406195003,406195103,-1,3,400,-1,-1
4223,-1,,[],239,,406195004,406195004,406195104,-1,4,600,-1,-1
4224,-1,,[],239,,406195005,406195005,406195105,-1,5,800,-1,-1
4225,-1,,[],239,,406195006,406195006,406195106,-1,6,1000,-1,-1
4226,-1,,[],239,,406195007,406195007,406195107,-1,7,1200,-1,-1
4227,-1,,[],239,,406195008,406195008,406195108,-1,8,1400,-1,-1
4228,-1,,[],239,,406195009,406195009,406195109,-1,9,1600,-1,-1
4229,-1,,[],239,,406195010,406195010,406195110,-1,10,1800,-1,-1
4230,-1,,[],239,,406195011,406195011,406195111,-1,11,2000,-1,-1
4231,-1,,[],239,,406195012,406195012,406195112,-1,12,2200,-1,-1
4232,-1,,[],239,,406195013,406195013,406195113,-1,13,2400,-1,-1
4233,-1,,[],239,,406195014,406195014,406195114,-1,14,2600,-1,-1
4234,-1,,[],239,,406195015,406195015,406195115,-1,15,2800,-1,-1
4235,-1,,[],239,,406195016,406195016,406195116,-1,16,3000,-1,-1
4236,-1,,[],239,,406195017,406195017,406195117,-1,17,3200,-1,-1
4237,-1,,[],239,,406195018,406195018,406195118,-1,18,3400,-1,-1
4238,-1,,[],239,,406195019,406195019,406195119,-1,19,3600,-1,-1
4239,-1,,[],239,,406195020,406195020,406195120,-1,20,3800,-1,-1
4240,-1,,[],239,,406195021,406195021,406195121,-1,21,4000,-1,-1
4241,-1,,[],239,,406195022,406195022,406195122,-1,22,4200,-1,-1
4242,-1,,[],239,,406195023,406195023,406195123,-1,23,4400,-1,-1
4243,-1,,[],239,,406195024,406195024,406195124,-1,24,4600,-1,-1
4244,-1,,[],239,,406195025,406195025,406195125,-1,25,4800,-1,-1
4245,-1,,[],239,,406195026,406195026,406195126,-1,26,5000,-1,-1
4246,-1,,[],239,,406195027,406195027,406195127,-1,27,5200,-1,-1
4247,-1,,[],239,,406195028,406195028,406195128,-1,28,5400,-1,-1
4248,-1,,[],239,,406195029,406195029,406195129,-1,29,5600,-1,-1
4249,-1,,[],239,,406195030,406195030,406195130,-1,30,5800,-1,-1
4250,-1,,[],240,,406205001,406205001,406205101,-1,1,100,-1,-1
4251,-1,,[],240,,406205002,406205002,406205102,-1,2,200,-1,-1
4252,-1,,[],240,,406205003,406205003,406205103,-1,3,400,-1,-1
4253,-1,,[],240,,406205004,406205004,406205104,-1,4,600,-1,-1
4254,-1,,[],240,,406205005,406205005,406205105,-1,5,800,-1,-1
4255,-1,,[],240,,406205006,406205006,406205106,-1,6,1000,-1,-1
4256,-1,,[],240,,406205007,406205007,406205107,-1,7,1200,-1,-1
4257,-1,,[],240,,406205008,406205008,406205108,-1,8,1400,-1,-1
4258,-1,,[],240,,406205009,406205009,406205109,-1,9,1600,-1,-1
4259,-1,,[],240,,406205010,406205010,406205110,-1,10,1800,-1,-1
4260,-1,,[],240,,406205011,406205011,406205111,-1,11,2000,-1,-1
4261,-1,,[],240,,406205012,406205012,406205112,-1,12,2200,-1,-1
4262,-1,,[],240,,406205013,406205013,406205113,-1,13,2400,-1,-1
4263,-1,,[],240,,406205014,406205014,406205114,-1,14,2600,-1,-1
4264,-1,,[],240,,406205015,406205015,406205115,-1,15,2800,-1,-1
4265,-1,,[],240,,406205016,406205016,406205116,-1,16,3000,-1,-1
4266,-1,,[],240,,406205017,406205017,406205117,-1,17,3200,-1,-1
4267,-1,,[],240,,406205018,406205018,406205118,-1,18,3400,-1,-1
4268,-1,,[],240,,406205019,406205019,406205119,-1,19,3600,-1,-1
4269,-1,,[],240,,406205020,406205020,406205120,-1,20,3800,-1,-1
4270,-1,,[],240,,406205021,406205021,406205121,-1,21,4000,-1,-1
4271,-1,,[],240,,406205022,406205022,406205122,-1,22,4200,-1,-1
4272,-1,,[],240,,406205023,406205023,406205123,-1,23,4400,-1,-1
4273,-1,,[],240,,406205024,406205024,406205124,-1,24,4600,-1,-1
4274,-1,,[],240,,406205025,406205025,406205125,-1,25,4800,-1,-1
4275,-1,,[],240,,406205026,406205026,406205126,-1,26,5000,-1,-1
4276,-1,,[],240,,406205027,406205027,406205127,-1,27,5200,-1,-1
4277,-1,,[],240,,406205028,406205028,406205128,-1,28,5400,-1,-1
4278,-1,,[],240,,406205029,406205029,406205129,-1,29,5600,-1,-1
4279,-1,,[],240,,406205030,406205030,406205130,-1,30,5800,-1,-1
4280,-1,,[],241,,406205001,406205001,406205201,-1,1,100,-1,-1
4281,-1,,[],241,,406205002,406205002,406205202,-1,2,200,-1,-1
4282,-1,,[],241,,406205003,406205003,406205203,-1,3,400,-1,-1
4283,-1,,[],241,,406205004,406205004,406205204,-1,4,600,-1,-1
4284,-1,,[],241,,406205005,406205005,406205205,-1,5,800,-1,-1
4285,-1,,[],241,,406205006,406205006,406205206,-1,6,1000,-1,-1
4286,-1,,[],241,,406205007,406205007,406205207,-1,7,1200,-1,-1
4287,-1,,[],241,,406205008,406205008,406205208,-1,8,1400,-1,-1
4288,-1,,[],241,,406205009,406205009,406205209,-1,9,1600,-1,-1
4289,-1,,[],241,,406205010,406205010,406205210,-1,10,1800,-1,-1
4290,-1,,[],241,,406205011,406205011,406205211,-1,11,2000,-1,-1
4291,-1,,[],241,,406205012,406205012,406205212,-1,12,2200,-1,-1
4292,-1,,[],241,,406205013,406205013,406205213,-1,13,2400,-1,-1
4293,-1,,[],241,,406205014,406205014,406205214,-1,14,2600,-1,-1
4294,-1,,[],241,,406205015,406205015,406205215,-1,15,2800,-1,-1
4295,-1,,[],241,,406205016,406205016,406205216,-1,16,3000,-1,-1
4296,-1,,[],241,,406205017,406205017,406205217,-1,17,3200,-1,-1
4297,-1,,[],241,,406205018,406205018,406205218,-1,18,3400,-1,-1
4298,-1,,[],241,,406205019,406205019,406205219,-1,19,3600,-1,-1
4299,-1,,[],241,,406205020,406205020,406205220,-1,20,3800,-1,-1
4300,-1,,[],241,,406205021,406205021,406205221,-1,21,4000,-1,-1
4301,-1,,[],241,,406205022,406205022,406205222,-1,22,4200,-1,-1
4302,-1,,[],241,,406205023,406205023,406205223,-1,23,4400,-1,-1
4303,-1,,[],241,,406205024,406205024,406205224,-1,24,4600,-1,-1
4304,-1,,[],241,,406205025,406205025,406205225,-1,25,4800,-1,-1
4305,-1,,[],241,,406205026,406205026,406205226,-1,26,5000,-1,-1
4306,-1,,[],241,,406205027,406205027,406205227,-1,27,5200,-1,-1
4307,-1,,[],241,,406205028,406205028,406205228,-1,28,5400,-1,-1
4308,-1,,[],241,,406205029,406205029,406205229,-1,29,5600,-1,-1
4309,-1,,[],241,,406205030,406205030,406205230,-1,30,5800,-1,-1
4310,-1,,[],242,,406205001,406205001,406205301,-1,1,100,-1,-1
4311,-1,,[],242,,406205002,406205002,406205302,-1,2,200,-1,-1
4312,-1,,[],242,,406205003,406205003,406205303,-1,3,400,-1,-1
4313,-1,,[],242,,406205004,406205004,406205304,-1,4,600,-1,-1
4314,-1,,[],242,,406205005,406205005,406205305,-1,5,800,-1,-1
4315,-1,,[],242,,406205006,406205006,406205306,-1,6,1000,-1,-1
4316,-1,,[],242,,406205007,406205007,406205307,-1,7,1200,-1,-1
4317,-1,,[],242,,406205008,406205008,406205308,-1,8,1400,-1,-1
4318,-1,,[],242,,406205009,406205009,406205309,-1,9,1600,-1,-1
4319,-1,,[],242,,406205010,406205010,406205310,-1,10,1800,-1,-1
4320,-1,,[],242,,406205011,406205011,406205311,-1,11,2000,-1,-1
4321,-1,,[],242,,406205012,406205012,406205312,-1,12,2200,-1,-1
4322,-1,,[],242,,406205013,406205013,406205313,-1,13,2400,-1,-1
4323,-1,,[],242,,406205014,406205014,406205314,-1,14,2600,-1,-1
4324,-1,,[],242,,406205015,406205015,406205315,-1,15,2800,-1,-1
4325,-1,,[],242,,406205016,406205016,406205316,-1,16,3000,-1,-1
4326,-1,,[],242,,406205017,406205017,406205317,-1,17,3200,-1,-1
4327,-1,,[],242,,406205018,406205018,406205318,-1,18,3400,-1,-1
4328,-1,,[],242,,406205019,406205019,406205319,-1,19,3600,-1,-1
4329,-1,,[],242,,406205020,406205020,406205320,-1,20,3800,-1,-1
4330,-1,,[],242,,406205021,406205021,406205321,-1,21,4000,-1,-1
4331,-1,,[],242,,406205022,406205022,406205322,-1,22,4200,-1,-1
4332,-1,,[],242,,406205023,406205023,406205323,-1,23,4400,-1,-1
4333,-1,,[],242,,406205024,406205024,406205324,-1,24,4600,-1,-1
4334,-1,,[],242,,406205025,406205025,406205325,-1,25,4800,-1,-1
4335,-1,,[],242,,406205026,406205026,406205326,-1,26,5000,-1,-1
4336,-1,,[],242,,406205027,406205027,406205327,-1,27,5200,-1,-1
4337,-1,,[],242,,406205028,406205028,406205328,-1,28,5400,-1,-1
4338,-1,,[],242,,406205029,406205029,406205329,-1,29,5600,-1,-1
4339,-1,,[],242,,406205030,406205030,406205330,-1,30,5800,-1,-1
4340,-1,,[],243,,406205401,406205401,406205501,-1,1,100,-1,-1
4341,-1,,[],243,,406205402,406205402,406205502,-1,2,200,-1,-1
4342,-1,,[],243,,406205403,406205403,406205503,-1,3,400,-1,-1
4343,-1,,[],243,,406205404,406205404,406205504,-1,4,600,-1,-1
4344,-1,,[],243,,406205405,406205405,406205505,-1,5,800,-1,-1
4345,-1,,[],243,,406205406,406205406,406205506,-1,6,1000,-1,-1
4346,-1,,[],243,,406205407,406205407,406205507,-1,7,1200,-1,-1
4347,-1,,[],243,,406205408,406205408,406205508,-1,8,1400,-1,-1
4348,-1,,[],243,,406205409,406205409,406205509,-1,9,1600,-1,-1
4349,-1,,[],243,,406205410,406205410,406205510,-1,10,1800,-1,-1
4350,-1,,[],243,,406205411,406205411,406205511,-1,11,2000,-1,-1
4351,-1,,[],243,,406205412,406205412,406205512,-1,12,2200,-1,-1
4352,-1,,[],243,,406205413,406205413,406205513,-1,13,2400,-1,-1
4353,-1,,[],243,,406205414,406205414,406205514,-1,14,2600,-1,-1
4354,-1,,[],243,,406205415,406205415,406205515,-1,15,2800,-1,-1
4355,-1,,[],243,,406205416,406205416,406205516,-1,16,3000,-1,-1
4356,-1,,[],243,,406205417,406205417,406205517,-1,17,3200,-1,-1
4357,-1,,[],243,,406205418,406205418,406205518,-1,18,3400,-1,-1
4358,-1,,[],243,,406205419,406205419,406205519,-1,19,3600,-1,-1
4359,-1,,[],243,,406205420,406205420,406205520,-1,20,3800,-1,-1
4360,-1,,[],243,,406205421,406205421,406205521,-1,21,4000,-1,-1
4361,-1,,[],243,,406205422,406205422,406205522,-1,22,4200,-1,-1
4362,-1,,[],243,,406205423,406205423,406205523,-1,23,4400,-1,-1
4363,-1,,[],243,,406205424,406205424,406205524,-1,24,4600,-1,-1
4364,-1,,[],243,,406205425,406205425,406205525,-1,25,4800,-1,-1
4365,-1,,[],243,,406205426,406205426,406205526,-1,26,5000,-1,-1
4366,-1,,[],243,,406205427,406205427,406205527,-1,27,5200,-1,-1
4367,-1,,[],243,,406205428,406205428,406205528,-1,28,5400,-1,-1
4368,-1,,[],243,,406205429,406205429,406205529,-1,29,5600,-1,-1
4369,-1,,[],243,,406205430,406205430,406205530,-1,30,5800,-1,-1
4370,-1,,[],244,,406205601,406205601,-1,-1,1,100,-1,-1
4371,-1,,[],244,,406205602,406205602,-1,-1,2,400,-1,-1
4372,-1,,[],244,,406205603,406205603,-1,-1,3,1000,-1,-1
4373,-1,,[],244,,406205604,406205604,-1,-1,4,4000,-1,-1
4374,-1,,[],244,,406205605,406205605,-1,-1,5,10000,-1,-1
4375,-1,,[],245,,406200101,406200101,-1,-1,1,20,-1,-1
4376,-1,,[],245,,406200102,406200102,-1,-1,2,50,-1,-1
4377,-1,,[],245,,406200103,406200103,-1,-1,3,100,-1,-1
4378,-1,,[],245,,406200104,406200104,-1,-1,4,200,-1,-1
4379,-1,,[],245,,406200105,406200105,-1,-1,5,300,-1,-1
4380,-1,,[],245,,406200106,406200106,-1,-1,6,800,-1,-1
4381,-1,,[],246,,406200301,406200301,406200401,-1,1,100,-1,-1
4382,-1,,[],246,,406200302,406200302,406200402,-1,2,150,-1,-1
4383,-1,,[],246,,406200303,406200303,406200403,-1,3,200,-1,-1
4384,-1,,[],246,,406200304,406200304,406200404,-1,4,250,-1,-1
4385,-1,,[],246,,406200305,406200305,406200405,-1,5,300,-1,-1
4386,-1,,[],246,,406200306,406200306,406200406,-1,6,350,-1,-1
4387,-1,,[],246,,406200307,406200307,406200407,-1,7,400,-1,-1
4388,-1,,[],246,,406200308,406200308,406200408,-1,8,450,-1,-1
4389,-1,,[],246,,406200309,406200309,406200409,-1,9,500,-1,-1
4390,-1,,[],246,,406200310,406200310,406200410,-1,10,550,-1,-1
4391,-1,,[],246,,406200311,406200311,406200411,-1,11,600,-1,-1
4392,-1,,[],246,,406200312,406200312,406200412,-1,12,700,-1,-1
4393,-1,,[],246,,406200313,406200313,406200413,-1,13,800,-1,-1
4394,-1,,[],246,,406200314,406200314,406200414,-1,14,900,-1,-1
4395,-1,,[],246,,406200315,406200315,406200415,-1,15,1000,-1,-1
4396,-1,,[],246,,406200316,406200316,406200416,-1,16,1100,-1,-1
4397,-1,,[],246,,406200317,406200317,406200417,-1,17,1200,-1,-1
4398,-1,,[],246,,406200318,406200318,406200418,-1,18,1300,-1,-1
4399,-1,,[],246,,406200319,406200319,406200419,-1,19,1400,-1,-1
4400,-1,,[],246,,406200320,406200320,406200420,-1,20,1500,-1,-1
4401,-1,,[],246,,406200321,406200321,406200421,-1,21,1600,-1,-1
4402,-1,,[],246,,406200322,406200322,406200422,-1,22,1700,-1,-1
4403,-1,,[],246,,406200323,406200323,406200423,-1,23,1800,-1,-1
4404,-1,,[],246,,406200324,406200324,406200424,-1,24,1900,-1,-1
4405,-1,,[],246,,406200325,406200325,406200425,-1,25,2000,-1,-1
4406,-1,,[],247,,406215101,406215101,-1,-1,1,150,-1,-1
4407,-1,,[],247,,406215102,406215102,-1,-1,2,300,-1,-1
4408,-1,,[],247,,406215103,406215103,-1,-1,3,700,-1,-1
4409,-1,,[],247,,406215104,406215104,-1,-1,4,1500,-1,-1
4410,-1,,[],247,,406215105,406215105,-1,-1,5,4000,-1,-1
4411,-1,,[],247,,406215106,406215106,-1,-1,6,10000,-1,-1
4412,-1,,[],248,,406141301,406141301,406215301,-1,1,100,-1,-1
4413,-1,,[],248,,406141302,406141302,406215302,-1,2,150,-1,-1
4414,-1,,[],248,,406141303,406141303,406215303,-1,3,200,-1,-1
4415,-1,,[],248,,406141304,406141304,406215304,-1,4,250,-1,-1
4416,-1,,[],248,,406141305,406141305,406215305,-1,5,300,-1,-1
4417,-1,,[],248,,406141306,406141306,406215306,-1,6,350,-1,-1
4418,-1,,[],248,,406141307,406141307,406215307,-1,7,400,-1,-1
4419,-1,,[],248,,406141308,406141308,406215308,-1,8,450,-1,-1
4420,-1,,[],248,,406141309,406141309,406215309,-1,9,500,-1,-1
4421,-1,,[],248,,406141310,406141310,406215310,-1,10,550,-1,-1
4422,-1,,[],248,,406141311,406141311,406215311,-1,11,600,-1,-1
4423,-1,,[],248,,406141312,406141312,406215312,-1,12,700,-1,-1
4424,-1,,[],248,,406141313,406141313,406215313,-1,13,800,-1,-1
4425,-1,,[],248,,406141314,406141314,406215314,-1,14,900,-1,-1
4426,-1,,[],248,,406141315,406141315,406215315,-1,15,1000,-1,-1
4427,-1,,[],248,,406141316,406141316,406215316,-1,16,1100,-1,-1
4428,-1,,[],248,,406141317,406141317,406215317,-1,17,1200,-1,-1
4429,-1,,[],248,,406141318,406141318,406215318,-1,18,1300,-1,-1
4430,-1,,[],248,,406141319,406141319,406215319,-1,19,1400,-1,-1
4431,-1,,[],248,,406141320,406141320,406215320,-1,20,1500,-1,-1
4432,-1,,[],248,,406141321,406141321,406215321,-1,21,1600,-1,-1
4433,-1,,[],248,,406141322,406141322,406215322,-1,22,1700,-1,-1
4434,-1,,[],248,,406141323,406141323,406215323,-1,23,1800,-1,-1
4435,-1,,[],248,,406141324,406141324,406215324,-1,24,1900,-1,-1
4436,-1,,[],248,,406141325,406141325,406215325,-1,25,2000,-1,-1
4437,-1,,[],249,,406211101,406211101,-1,-1,1,200,-1,-1
4438,-1,,[],249,,406211102,406211102,-1,-1,2,500,-1,-1
4439,-1,,[],249,,406211103,406211103,-1,-1,3,1000,-1,-1
4440,-1,,[],249,,406211104,406211104,-1,-1,4,1500,-1,-1
4441,-1,,[],249,,406211105,406211105,-1,-1,5,4000,-1,-1
4442,-1,,[],249,,406211106,406211106,-1,-1,6,10000,-1,-1
4443,-1,,[],250,,406211201,406211201,406211301,-1,1,100,-1,-1
4444,-1,,[],250,,406211202,406211202,406211302,-1,2,150,-1,-1
4445,-1,,[],250,,406211203,406211203,406211303,-1,3,200,-1,-1
4446,-1,,[],250,,406211204,406211204,406211304,-1,4,250,-1,-1
4447,-1,,[],250,,406211205,406211205,406211305,-1,5,300,-1,-1
4448,-1,,[],250,,406211206,406211206,406211306,-1,6,350,-1,-1
4449,-1,,[],250,,406211207,406211207,406211307,-1,7,400,-1,-1
4450,-1,,[],250,,406211208,406211208,406211308,-1,8,450,-1,-1
4451,-1,,[],250,,406211209,406211209,406211309,-1,9,500,-1,-1
4452,-1,,[],250,,406211210,406211210,406211310,-1,10,550,-1,-1
4453,-1,,[],250,,406211211,406211211,406211311,-1,11,600,-1,-1
4454,-1,,[],250,,406211212,406211212,406211312,-1,12,700,-1,-1
4455,-1,,[],250,,406211213,406211213,406211313,-1,13,800,-1,-1
4456,-1,,[],250,,406211214,406211214,406211314,-1,14,900,-1,-1
4457,-1,,[],250,,406211215,406211215,406211315,-1,15,1000,-1,-1
4458,-1,,[],250,,406211216,406211216,406211316,-1,16,1100,-1,-1
4459,-1,,[],250,,406211217,406211217,406211317,-1,17,1200,-1,-1
4460,-1,,[],250,,406211218,406211218,406211318,-1,18,1300,-1,-1
4461,-1,,[],250,,406211219,406211219,406211319,-1,19,1400,-1,-1
4462,-1,,[],250,,406211220,406211220,406211320,-1,20,1500,-1,-1
4463,-1,,[],250,,406211221,406211221,406211321,-1,21,1600,-1,-1
4464,-1,,[],250,,406211222,406211222,406211322,-1,22,1700,-1,-1
4465,-1,,[],250,,406211223,406211223,406211323,-1,23,1800,-1,-1
4466,-1,,[],250,,406211224,406211224,406211324,-1,24,1900,-1,-1
4467,-1,,[],250,,406211225,406211225,406211325,-1,25,2000,-1,-1
4468,-1,,[],251,,406211901,406211901,-1,-1,1,50,-1,-1
4469,-1,,[],251,,406211902,406211902,-1,-1,2,100,-1,-1
4470,-1,,[],251,,406211903,406211903,-1,-1,3,300,-1,-1
4471,-1,,[],251,,406211904,406211904,-1,-1,4,600,-1,-1
4472,-1,,[],251,,406211905,406211905,-1,-1,5,1000,-1,-1
4473,-1,,[],251,,406211906,406211906,-1,-1,6,1500,-1,-1
4474,-1,,[],251,,406211907,406211907,-1,-1,7,2000,-1,-1
4475,-1,,[],251,,406211908,406211908,-1,-1,8,3000,-1,-1
4476,-1,,[],251,,406211909,406211909,-1,-1,9,4000,-1,-1
4477,-1,,[],252,,406280101,406280101,406280201,-1,1,100,-1,-1
4478,-1,,[],252,,406280102,406280102,406280202,-1,2,200,-1,-1
4479,-1,,[],252,,406280103,406280103,406280203,-1,3,400,-1,-1
4480,-1,,[],252,,406280104,406280104,406280204,-1,4,600,-1,-1
4481,-1,,[],252,,406280105,406280105,406280205,-1,5,800,-1,-1
4482,-1,,[],252,,406280106,406280106,406280206,-1,6,1000,-1,-1
4483,-1,,[],252,,406280107,406280107,406280207,-1,7,1200,-1,-1
4484,-1,,[],252,,406280108,406280108,406280208,-1,8,1400,-1,-1
4485,-1,,[],252,,406280109,406280109,406280209,-1,9,1600,-1,-1
4486,-1,,[],252,,406280110,406280110,406280210,-1,10,1800,-1,-1
4487,-1,,[],252,,406280111,406280111,406280211,-1,11,2000,-1,-1
4488,-1,,[],252,,406280112,406280112,406280212,-1,12,2200,-1,-1
4489,-1,,[],252,,406280113,406280113,406280213,-1,13,2400,-1,-1
4490,-1,,[],252,,406280114,406280114,406280214,-1,14,2600,-1,-1
4491,-1,,[],252,,406280115,406280115,406280215,-1,15,2800,-1,-1
4492,-1,,[],252,,406280116,406280116,406280216,-1,16,3000,-1,-1
4493,-1,,[],252,,406280117,406280117,406280217,-1,17,3200,-1,-1
4494,-1,,[],252,,406280118,406280118,406280218,-1,18,3400,-1,-1
4495,-1,,[],252,,406280119,406280119,406280219,-1,19,3600,-1,-1
4496,-1,,[],252,,406280120,406280120,406280220,-1,20,3800,-1,-1
4497,-1,,[],252,,406280121,406280121,406280221,-1,21,4000,-1,-1
4498,-1,,[],252,,406280122,406280122,406280222,-1,22,4200,-1,-1
4499,-1,,[],252,,406280123,406280123,406280223,-1,23,4400,-1,-1
4500,-1,,[],252,,406280124,406280124,406280224,-1,24,4600,-1,-1
4501,-1,,[],252,,406280125,406280125,406280225,-1,25,4800,-1,-1
4502,-1,,[],252,,406280126,406280126,406280226,-1,26,5000,-1,-1
4503,-1,,[],252,,406280127,406280127,406280227,-1,27,5200,-1,-1
4504,-1,,[],252,,406280128,406280128,406280228,-1,28,5400,-1,-1
4505,-1,,[],252,,406280129,406280129,406280229,-1,29,5600,-1,-1
4506,-1,,[],252,,406280130,406280130,406280230,-1,30,5800,-1,-1
4507,-1,,[],253,,407045401,407045401,-1,-1,1,100,-1,-1
4508,-1,,[],253,,407045402,407045402,-1,-1,2,400,-1,-1
4509,-1,,[],253,,407045403,407045403,-1,-1,3,1000,-1,-1
4510,-1,,[],253,,407045404,407045404,-1,-1,4,4000,-1,-1
4511,-1,,[],253,,407045405,407045405,-1,-1,5,10000,-1,-1
4512,-1,,[],254,,405236001,405236001,407046101,-1,1,100,-1,-1
4513,-1,,[],254,,405236002,405236002,407046102,-1,2,200,-1,-1
4514,-1,,[],254,,405236003,405236003,407046103,-1,3,400,-1,-1
4515,-1,,[],254,,405236004,405236004,407046104,-1,4,600,-1,-1
4516,-1,,[],254,,405236005,405236005,407046105,-1,5,800,-1,-1
4517,-1,,[],254,,405236006,405236006,407046106,-1,6,1000,-1,-1
4518,-1,,[],254,,405236007,405236007,407046107,-1,7,1200,-1,-1
4519,-1,,[],254,,405236008,405236008,407046108,-1,8,1400,-1,-1
4520,-1,,[],254,,405236009,405236009,407046109,-1,9,1600,-1,-1
4521,-1,,[],254,,405236010,405236010,407046110,-1,10,1800,-1,-1
4522,-1,,[],254,,405236011,405236011,407046111,-1,11,2000,-1,-1
4523,-1,,[],254,,405236012,405236012,407046112,-1,12,2200,-1,-1
4524,-1,,[],254,,405236013,405236013,407046113,-1,13,2400,-1,-1
4525,-1,,[],254,,405236014,405236014,407046114,-1,14,2600,-1,-1
4526,-1,,[],254,,405236015,405236015,407046115,-1,15,2800,-1,-1
4527,-1,,[],254,,405236016,405236016,407046116,-1,16,3000,-1,-1
4528,-1,,[],254,,405236017,405236017,407046117,-1,17,3200,-1,-1
4529,-1,,[],254,,405236018,405236018,407046118,-1,18,3400,-1,-1
4530,-1,,[],254,,405236019,405236019,407046119,-1,19,3600,-1,-1
4531,-1,,[],254,,405236020,405236020,407046120,-1,20,3800,-1,-1
4532,-1,,[],254,,405236021,405236021,407046121,-1,21,4000,-1,-1
4533,-1,,[],254,,405236022,405236022,407046122,-1,22,4200,-1,-1
4534,-1,,[],254,,405236023,405236023,407046123,-1,23,4400,-1,-1
4535,-1,,[],254,,405236024,405236024,407046124,-1,24,4600,-1,-1
4536,-1,,[],254,,405236025,405236025,407046125,-1,25,4800,-1,-1
4537,-1,,[],254,,405236026,405236026,407046126,-1,26,5000,-1,-1
4538,-1,,[],254,,405236027,405236027,407046127,-1,27,5200,-1,-1
4539,-1,,[],254,,405236028,405236028,407046128,-1,28,5400,-1,-1
4540,-1,,[],254,,405236029,405236029,407046129,-1,29,5600,-1,-1
4541,-1,,[],254,,405236030,405236030,407046130,-1,30,5800,-1,-1
4542,-1,,[],255,,407040501,407040501,407040601,-1,1,100,-1,-1
4543,-1,,[],255,,407040502,407040502,407040602,-1,2,150,-1,-1
4544,-1,,[],255,,407040503,407040503,407040603,-1,3,200,-1,-1
4545,-1,,[],255,,407040504,407040504,407040604,-1,4,250,-1,-1
4546,-1,,[],255,,407040505,407040505,407040605,-1,5,300,-1,-1
4547,-1,,[],255,,407040506,407040506,407040606,-1,6,350,-1,-1
4548,-1,,[],255,,407040507,407040507,407040607,-1,7,400,-1,-1
4549,-1,,[],255,,407040508,407040508,407040608,-1,8,450,-1,-1
4550,-1,,[],255,,407040509,407040509,407040609,-1,9,500,-1,-1
4551,-1,,[],255,,407040510,407040510,407040610,-1,10,550,-1,-1
4552,-1,,[],255,,407040511,407040511,407040611,-1,11,600,-1,-1
4553,-1,,[],255,,407040512,407040512,407040612,-1,12,700,-1,-1
4554,-1,,[],255,,407040513,407040513,407040613,-1,13,800,-1,-1
4555,-1,,[],255,,407040514,407040514,407040614,-1,14,900,-1,-1
4556,-1,,[],255,,407040515,407040515,407040615,-1,15,1000,-1,-1
4557,-1,,[],255,,407040516,407040516,407040616,-1,16,1100,-1,-1
4558,-1,,[],255,,407040517,407040517,407040617,-1,17,1200,-1,-1
4559,-1,,[],255,,407040518,407040518,407040618,-1,18,1300,-1,-1
4560,-1,,[],255,,407040519,407040519,407040619,-1,19,1400,-1,-1
4561,-1,,[],255,,407040520,407040520,407040620,-1,20,1500,-1,-1
4562,-1,,[],255,,407040521,407040521,407040621,-1,21,1600,-1,-1
4563,-1,,[],255,,407040522,407040522,407040622,-1,22,1700,-1,-1
4564,-1,,[],255,,407040523,407040523,407040623,-1,23,1800,-1,-1
4565,-1,,[],255,,407040524,407040524,407040624,-1,24,1900,-1,-1
4566,-1,,[],255,,407040525,407040525,407040625,-1,25,2000,-1,-1
4567,-1,,[],256,,406205001,406205001,407056001,-1,1,100,-1,-1
4568,-1,,[],256,,406205002,406205002,407056002,-1,2,200,-1,-1
4569,-1,,[],256,,406205003,406205003,407056003,-1,3,400,-1,-1
4570,-1,,[],256,,406205004,406205004,407056004,-1,4,600,-1,-1
4571,-1,,[],256,,406205005,406205005,407056005,-1,5,800,-1,-1
4572,-1,,[],256,,406205006,406205006,407056006,-1,6,1000,-1,-1
4573,-1,,[],256,,406205007,406205007,407056007,-1,7,1200,-1,-1
4574,-1,,[],256,,406205008,406205008,407056008,-1,8,1400,-1,-1
4575,-1,,[],256,,406205009,406205009,407056009,-1,9,1600,-1,-1
4576,-1,,[],256,,406205010,406205010,407056010,-1,10,1800,-1,-1
4577,-1,,[],256,,406205011,406205011,407056011,-1,11,2000,-1,-1
4578,-1,,[],256,,406205012,406205012,407056012,-1,12,2200,-1,-1
4579,-1,,[],256,,406205013,406205013,407056013,-1,13,2400,-1,-1
4580,-1,,[],256,,406205014,406205014,407056014,-1,14,2600,-1,-1
4581,-1,,[],256,,406205015,406205015,407056015,-1,15,2800,-1,-1
4582,-1,,[],256,,406205016,406205016,407056016,-1,16,3000,-1,-1
4583,-1,,[],256,,406205017,406205017,407056017,-1,17,3200,-1,-1
4584,-1,,[],256,,406205018,406205018,407056018,-1,18,3400,-1,-1
4585,-1,,[],256,,406205019,406205019,407056019,-1,19,3600,-1,-1
4586,-1,,[],256,,406205020,406205020,407056020,-1,20,3800,-1,-1
4587,-1,,[],256,,406205021,406205021,407056021,-1,21,4000,-1,-1
4588,-1,,[],256,,406205022,406205022,407056022,-1,22,4200,-1,-1
4589,-1,,[],256,,406205023,406205023,407056023,-1,23,4400,-1,-1
4590,-1,,[],256,,406205024,406205024,407056024,-1,24,4600,-1,-1
4591,-1,,[],256,,406205025,406205025,407056025,-1,25,4800,-1,-1
4592,-1,,[],256,,406205026,406205026,407056026,-1,26,5000,-1,-1
4593,-1,,[],256,,406205027,406205027,407056027,-1,27,5200,-1,-1
4594,-1,,[],256,,406205028,406205028,407056028,-1,28,5400,-1,-1
4595,-1,,[],256,,406205029,406205029,407056029,-1,29,5600,-1,-1
4596,-1,,[],256,,406205030,406205030,407056030,-1,30,5800,-1,-1
4597,-1,,[],257,,407050101,407050101,-1,-1,1,20,-1,-1
4598,-1,,[],257,,407050102,407050102,-1,-1,2,50,-1,-1
4599,-1,,[],257,,407050103,407050103,-1,-1,3,100,-1,-1
4600,-1,,[],257,,407050104,407050104,-1,-1,4,200,-1,-1
4601,-1,,[],257,,407050105,407050105,-1,-1,5,300,-1,-1
4602,-1,,[],257,,407050106,407050106,-1,-1,6,800,-1,-1
4603,-1,,[],258,,407050301,407050301,407050401,-1,1,100,-1,-1
4604,-1,,[],258,,407050302,407050302,407050402,-1,2,150,-1,-1
4605,-1,,[],258,,407050303,407050303,407050403,-1,3,200,-1,-1
4606,-1,,[],258,,407050304,407050304,407050404,-1,4,250,-1,-1
4607,-1,,[],258,,407050305,407050305,407050405,-1,5,300,-1,-1
4608,-1,,[],258,,407050306,407050306,407050406,-1,6,350,-1,-1
4609,-1,,[],258,,407050307,407050307,407050407,-1,7,400,-1,-1
4610,-1,,[],258,,407050308,407050308,407050408,-1,8,450,-1,-1
4611,-1,,[],258,,407050309,407050309,407050409,-1,9,500,-1,-1
4612,-1,,[],258,,407050310,407050310,407050410,-1,10,550,-1,-1
4613,-1,,[],258,,407050311,407050311,407050411,-1,11,600,-1,-1
4614,-1,,[],258,,407050312,407050312,407050412,-1,12,700,-1,-1
4615,-1,,[],258,,407050313,407050313,407050413,-1,13,800,-1,-1
4616,-1,,[],258,,407050314,407050314,407050414,-1,14,900,-1,-1
4617,-1,,[],258,,407050315,407050315,407050415,-1,15,1000,-1,-1
4618,-1,,[],258,,407050316,407050316,407050416,-1,16,1100,-1,-1
4619,-1,,[],258,,407050317,407050317,407050417,-1,17,1200,-1,-1
4620,-1,,[],258,,407050318,407050318,407050418,-1,18,1300,-1,-1
4621,-1,,[],258,,407050319,407050319,407050419,-1,19,1400,-1,-1
4622,-1,,[],258,,407050320,407050320,407050420,-1,20,1500,-1,-1
4623,-1,,[],258,,407050321,407050321,407050421,-1,21,1600,-1,-1
4624,-1,,[],258,,407050322,407050322,407050422,-1,22,1700,-1,-1
4625,-1,,[],258,,407050323,407050323,407050423,-1,23,1800,-1,-1
4626,-1,,[],258,,407050324,407050324,407050424,-1,24,1900,-1,-1
4627,-1,,[],258,,407050325,407050325,407050425,-1,25,2000,-1,-1
4628,-1,,[],259,,407115001,407115001,407115011,-1,1,1,-1,-1
4629,-1,,[],259,,407115002,407115002,407115012,-1,2,2,-1,-1
4630,-1,,[],259,,407115003,407115003,407115013,-1,3,3,-1,-1
4631,-1,,[],259,,407115004,407115004,407115014,-1,4,4,-1,-1
4632,-1,,[],259,,407115005,407115005,407115015,-1,5,5,-1,-1
4633,-1,,[],259,,407115006,407115006,407115016,-1,6,6,-1,-1
4634,-1,,[],259,,407115007,407115007,407115017,-1,7,7,-1,-1
4635,-1,,[],260,,405236001,405236001,407095001,-1,1,100,-1,-1
4636,-1,,[],260,,405236002,405236002,407095002,-1,2,200,-1,-1
4637,-1,,[],260,,405236003,405236003,407095003,-1,3,400,-1,-1
4638,-1,,[],260,,405236004,405236004,407095004,-1,4,600,-1,-1
4639,-1,,[],260,,405236005,405236005,407095005,-1,5,800,-1,-1
4640,-1,,[],260,,405236006,405236006,407095006,-1,6,1000,-1,-1
4641,-1,,[],260,,405236007,405236007,407095007,-1,7,1200,-1,-1
4642,-1,,[],260,,405236008,405236008,407095008,-1,8,1400,-1,-1
4643,-1,,[],260,,405236009,405236009,407095009,-1,9,1600,-1,-1
4644,-1,,[],260,,405236010,405236010,407095010,-1,10,1800,-1,-1
4645,-1,,[],260,,405236011,405236011,407095011,-1,11,2000,-1,-1
4646,-1,,[],260,,405236012,405236012,407095012,-1,12,2200,-1,-1
4647,-1,,[],260,,405236013,405236013,407095013,-1,13,2400,-1,-1
4648,-1,,[],260,,405236014,405236014,407095014,-1,14,2600,-1,-1
4649,-1,,[],260,,405236015,405236015,407095015,-1,15,2800,-1,-1
4650,-1,,[],260,,405236016,405236016,407095016,-1,16,3000,-1,-1
4651,-1,,[],260,,405236017,405236017,407095017,-1,17,3200,-1,-1
4652,-1,,[],260,,405236018,405236018,407095018,-1,18,3400,-1,-1
4653,-1,,[],260,,405236019,405236019,407095019,-1,19,3600,-1,-1
4654,-1,,[],260,,405236020,405236020,407095020,-1,20,3800,-1,-1
4655,-1,,[],260,,405236021,405236021,407095021,-1,21,4000,-1,-1
4656,-1,,[],260,,405236022,405236022,407095022,-1,22,4200,-1,-1
4657,-1,,[],260,,405236023,405236023,407095023,-1,23,4400,-1,-1
4658,-1,,[],260,,405236024,405236024,407095024,-1,24,4600,-1,-1
4659,-1,,[],260,,405236025,405236025,407095025,-1,25,4800,-1,-1
4660,-1,,[],260,,405236026,405236026,407095026,-1,26,5000,-1,-1
4661,-1,,[],260,,405236027,405236027,407095027,-1,27,5200,-1,-1
4662,-1,,[],260,,405236028,405236028,407095028,-1,28,5400,-1,-1
4663,-1,,[],260,,405236029,405236029,407095029,-1,29,5600,-1,-1
4664,-1,,[],260,,405236030,405236030,407095030,-1,30,5800,-1,-1
4665,-1,,[],261,,407096101,407096101,-1,-1,1,10,-1,-1
4666,-1,,[],261,,407096102,407096102,-1,-1,2,20,-1,-1
4667,-1,,[],261,,407096103,407096103,-1,-1,3,40,-1,-1
4668,-1,,[],261,,407096104,407096104,-1,-1,4,100,-1,-1
4669,-1,,[],261,,407096105,407096105,-1,-1,5,400,-1,-1
4670,-1,,[],262,,405236001,405236001,407095301,-1,1,100,-1,-1
4671,-1,,[],262,,405236002,405236002,407095302,-1,2,200,-1,-1
4672,-1,,[],262,,405236003,405236003,407095303,-1,3,400,-1,-1
4673,-1,,[],262,,405236004,405236004,407095304,-1,4,600,-1,-1
4674,-1,,[],262,,405236005,405236005,407095305,-1,5,800,-1,-1
4675,-1,,[],262,,405236006,405236006,407095306,-1,6,1000,-1,-1
4676,-1,,[],262,,405236007,405236007,407095307,-1,7,1200,-1,-1
4677,-1,,[],262,,405236008,405236008,407095308,-1,8,1400,-1,-1
4678,-1,,[],262,,405236009,405236009,407095309,-1,9,1600,-1,-1
4679,-1,,[],262,,405236010,405236010,407095310,-1,10,1800,-1,-1
4680,-1,,[],262,,405236011,405236011,407095311,-1,11,2000,-1,-1
4681,-1,,[],262,,405236012,405236012,407095312,-1,12,2200,-1,-1
4682,-1,,[],262,,405236013,405236013,407095313,-1,13,2400,-1,-1
4683,-1,,[],262,,405236014,405236014,407095314,-1,14,2600,-1,-1
4684,-1,,[],262,,405236015,405236015,407095315,-1,15,2800,-1,-1
4685,-1,,[],262,,405236016,405236016,407095316,-1,16,3000,-1,-1
4686,-1,,[],262,,405236017,405236017,407095317,-1,17,3200,-1,-1
4687,-1,,[],262,,405236018,405236018,407095318,-1,18,3400,-1,-1
4688,-1,,[],262,,405236019,405236019,407095319,-1,19,3600,-1,-1
4689,-1,,[],262,,405236020,405236020,407095320,-1,20,3800,-1,-1
4690,-1,,[],262,,405236021,405236021,407095321,-1,21,4000,-1,-1
4691,-1,,[],262,,405236022,405236022,407095322,-1,22,4200,-1,-1
4692,-1,,[],262,,405236023,405236023,407095323,-1,23,4400,-1,-1
4693,-1,,[],262,,405236024,405236024,407095324,-1,24,4600,-1,-1
4694,-1,,[],262,,405236025,405236025,407095325,-1,25,4800,-1,-1
4695,-1,,[],262,,405236026,405236026,407095326,-1,26,5000,-1,-1
4696,-1,,[],262,,405236027,405236027,407095327,-1,27,5200,-1,-1
4697,-1,,[],262,,405236028,405236028,407095328,-1,28,5400,-1,-1
4698,-1,,[],262,,405236029,405236029,407095329,-1,29,5600,-1,-1
4699,-1,,[],262,,405236030,405236030,407095330,-1,30,5800,-1,-1
4700,-1,,[],263,,406205001,406205001,407116001,-1,1,100,-1,-1
4701,-1,,[],263,,406205002,406205002,407116002,-1,2,200,-1,-1
4702,-1,,[],263,,406205003,406205003,407116003,-1,3,400,-1,-1
4703,-1,,[],263,,406205004,406205004,407116004,-1,4,600,-1,-1
4704,-1,,[],263,,406205005,406205005,407116005,-1,5,800,-1,-1
4705,-1,,[],263,,406205006,406205006,407116006,-1,6,1000,-1,-1
4706,-1,,[],263,,406205007,406205007,407116007,-1,7,1200,-1,-1
4707,-1,,[],263,,406205008,406205008,407116008,-1,8,1400,-1,-1
4708,-1,,[],263,,406205009,406205009,407116009,-1,9,1600,-1,-1
4709,-1,,[],263,,406205010,406205010,407116010,-1,10,1800,-1,-1
4710,-1,,[],263,,406205011,406205011,407116011,-1,11,2000,-1,-1
4711,-1,,[],263,,406205012,406205012,407116012,-1,12,2200,-1,-1
4712,-1,,[],263,,406205013,406205013,407116013,-1,13,2400,-1,-1
4713,-1,,[],263,,406205014,406205014,407116014,-1,14,2600,-1,-1
4714,-1,,[],263,,406205015,406205015,407116015,-1,15,2800,-1,-1
4715,-1,,[],263,,406205016,406205016,407116016,-1,16,3000,-1,-1
4716,-1,,[],263,,406205017,406205017,407116017,-1,17,3200,-1,-1
4717,-1,,[],263,,406205018,406205018,407116018,-1,18,3400,-1,-1
4718,-1,,[],263,,406205019,406205019,407116019,-1,19,3600,-1,-1
4719,-1,,[],263,,406205020,406205020,407116020,-1,20,3800,-1,-1
4720,-1,,[],263,,406205021,406205021,407116021,-1,21,4000,-1,-1
4721,-1,,[],263,,406205022,406205022,407116022,-1,22,4200,-1,-1
4722,-1,,[],263,,406205023,406205023,407116023,-1,23,4400,-1,-1
4723,-1,,[],263,,406205024,406205024,407116024,-1,24,4600,-1,-1
4724,-1,,[],263,,406205025,406205025,407116025,-1,25,4800,-1,-1
4725,-1,,[],263,,406205026,406205026,407116026,-1,26,5000,-1,-1
4726,-1,,[],263,,406205027,406205027,407116027,-1,27,5200,-1,-1
4727,-1,,[],263,,406205028,406205028,407116028,-1,28,5400,-1,-1
4728,-1,,[],263,,406205029,406205029,407116029,-1,29,5600,-1,-1
4729,-1,,[],263,,406205030,406205030,407116030,-1,30,5800,-1,-1
4730,-1,,[],264,,406205001,406205001,407116101,-1,1,100,-1,-1
4731,-1,,[],264,,406205002,406205002,407116102,-1,2,200,-1,-1
4732,-1,,[],264,,406205003,406205003,407116103,-1,3,400,-1,-1
4733,-1,,[],264,,406205004,406205004,407116104,-1,4,600,-1,-1
4734,-1,,[],264,,406205005,406205005,407116105,-1,5,800,-1,-1
4735,-1,,[],264,,406205006,406205006,407116106,-1,6,1000,-1,-1
4736,-1,,[],264,,406205007,406205007,407116107,-1,7,1200,-1,-1
4737,-1,,[],264,,406205008,406205008,407116108,-1,8,1400,-1,-1
4738,-1,,[],264,,406205009,406205009,407116109,-1,9,1600,-1,-1
4739,-1,,[],264,,406205010,406205010,407116110,-1,10,1800,-1,-1
4740,-1,,[],264,,406205011,406205011,407116111,-1,11,2000,-1,-1
4741,-1,,[],264,,406205012,406205012,407116112,-1,12,2200,-1,-1
4742,-1,,[],264,,406205013,406205013,407116113,-1,13,2400,-1,-1
4743,-1,,[],264,,406205014,406205014,407116114,-1,14,2600,-1,-1
4744,-1,,[],264,,406205015,406205015,407116115,-1,15,2800,-1,-1
4745,-1,,[],264,,406205016,406205016,407116116,-1,16,3000,-1,-1
4746,-1,,[],264,,406205017,406205017,407116117,-1,17,3200,-1,-1
4747,-1,,[],264,,406205018,406205018,407116118,-1,18,3400,-1,-1
4748,-1,,[],264,,406205019,406205019,407116119,-1,19,3600,-1,-1
4749,-1,,[],264,,406205020,406205020,407116120,-1,20,3800,-1,-1
4750,-1,,[],264,,406205021,406205021,407116121,-1,21,4000,-1,-1
4751,-1,,[],264,,406205022,406205022,407116122,-1,22,4200,-1,-1
4752,-1,,[],264,,406205023,406205023,407116123,-1,23,4400,-1,-1
4753,-1,,[],264,,406205024,406205024,407116124,-1,24,4600,-1,-1
4754,-1,,[],264,,406205025,406205025,407116125,-1,25,4800,-1,-1
4755,-1,,[],264,,406205026,406205026,407116126,-1,26,5000,-1,-1
4756,-1,,[],264,,406205027,406205027,407116127,-1,27,5200,-1,-1
4757,-1,,[],264,,406205028,406205028,407116128,-1,28,5400,-1,-1
4758,-1,,[],264,,406205029,406205029,407116129,-1,29,5600,-1,-1
4759,-1,,[],264,,406205030,406205030,407116130,-1,30,5800,-1,-1
4760,-1,,[],265,,407050101,407050101,-1,-1,1,20,-1,-1
4761,-1,,[],265,,407050102,407050102,-1,-1,2,50,-1,-1
4762,-1,,[],265,,407050103,407050103,-1,-1,3,100,-1,-1
4763,-1,,[],265,,407050104,407050104,-1,-1,4,200,-1,-1
4764,-1,,[],265,,407050105,407050105,-1,-1,5,300,-1,-1
4765,-1,,[],265,,407050106,407050106,-1,-1,6,800,-1,-1
4766,-1,,[],266,,407050301,407050301,407050401,-1,1,100,-1,-1
4767,-1,,[],266,,407050302,407050302,407050402,-1,2,150,-1,-1
4768,-1,,[],266,,407050303,407050303,407050403,-1,3,200,-1,-1
4769,-1,,[],266,,407050304,407050304,407050404,-1,4,250,-1,-1
4770,-1,,[],266,,407050305,407050305,407050405,-1,5,300,-1,-1
4771,-1,,[],266,,407050306,407050306,407050406,-1,6,350,-1,-1
4772,-1,,[],266,,407050307,407050307,407050407,-1,7,400,-1,-1
4773,-1,,[],266,,407050308,407050308,407050408,-1,8,450,-1,-1
4774,-1,,[],266,,407050309,407050309,407050409,-1,9,500,-1,-1
4775,-1,,[],266,,407050310,407050310,407050410,-1,10,550,-1,-1
4776,-1,,[],266,,407050311,407050311,407050411,-1,11,600,-1,-1
4777,-1,,[],266,,407050312,407050312,407050412,-1,12,700,-1,-1
4778,-1,,[],266,,407050313,407050313,407050413,-1,13,800,-1,-1
4779,-1,,[],266,,407050314,407050314,407050414,-1,14,900,-1,-1
4780,-1,,[],266,,407050315,407050315,407050415,-1,15,1000,-1,-1
4781,-1,,[],266,,407050316,407050316,407050416,-1,16,1100,-1,-1
4782,-1,,[],266,,407050317,407050317,407050417,-1,17,1200,-1,-1
4783,-1,,[],266,,407050318,407050318,407050418,-1,18,1300,-1,-1
4784,-1,,[],266,,407050319,407050319,407050419,-1,19,1400,-1,-1
4785,-1,,[],266,,407050320,407050320,407050420,-1,20,1500,-1,-1
4786,-1,,[],266,,407050321,407050321,407050421,-1,21,1600,-1,-1
4787,-1,,[],266,,407050322,407050322,407050422,-1,22,1700,-1,-1
4788,-1,,[],266,,407050323,407050323,407050423,-1,23,1800,-1,-1
4789,-1,,[],266,,407050324,407050324,407050424,-1,24,1900,-1,-1
4790,-1,,[],266,,407050325,407050325,407050425,-1,25,2000,-1,-1
4791,-1,,[],267,,406205001,406205001,407125101,-1,1,100,-1,-1
4792,-1,,[],267,,406205002,406205002,407125102,-1,2,200,-1,-1
4793,-1,,[],267,,406205003,406205003,407125103,-1,3,400,-1,-1
4794,-1,,[],267,,406205004,406205004,407125104,-1,4,600,-1,-1
4795,-1,,[],267,,406205005,406205005,407125105,-1,5,800,-1,-1
4796,-1,,[],267,,406205006,406205006,407125106,-1,6,1000,-1,-1
4797,-1,,[],267,,406205007,406205007,407125107,-1,7,1200,-1,-1
4798,-1,,[],267,,406205008,406205008,407125108,-1,8,1400,-1,-1
4799,-1,,[],267,,406205009,406205009,407125109,-1,9,1600,-1,-1
4800,-1,,[],267,,406205010,406205010,407125110,-1,10,1800,-1,-1
4801,-1,,[],267,,406205011,406205011,407125111,-1,11,2000,-1,-1
4802,-1,,[],267,,406205012,406205012,407125112,-1,12,2200,-1,-1
4803,-1,,[],267,,406205013,406205013,407125113,-1,13,2400,-1,-1
4804,-1,,[],267,,406205014,406205014,407125114,-1,14,2600,-1,-1
4805,-1,,[],267,,406205015,406205015,407125115,-1,15,2800,-1,-1
4806,-1,,[],267,,406205016,406205016,407125116,-1,16,3000,-1,-1
4807,-1,,[],267,,406205017,406205017,407125117,-1,17,3200,-1,-1
4808,-1,,[],267,,406205018,406205018,407125118,-1,18,3400,-1,-1
4809,-1,,[],267,,406205019,406205019,407125119,-1,19,3600,-1,-1
4810,-1,,[],267,,406205020,406205020,407125120,-1,20,3800,-1,-1
4811,-1,,[],267,,406205021,406205021,407125121,-1,21,4000,-1,-1
4812,-1,,[],267,,406205022,406205022,407125122,-1,22,4200,-1,-1
4813,-1,,[],267,,406205023,406205023,407125123,-1,23,4400,-1,-1
4814,-1,,[],267,,406205024,406205024,407125124,-1,24,4600,-1,-1
4815,-1,,[],267,,406205025,406205025,407125125,-1,25,4800,-1,-1
4816,-1,,[],267,,406205026,406205026,407125126,-1,26,5000,-1,-1
4817,-1,,[],267,,406205027,406205027,407125127,-1,27,5200,-1,-1
4818,-1,,[],267,,406205028,406205028,407125128,-1,28,5400,-1,-1
4819,-1,,[],267,,406205029,406205029,407125129,-1,29,5600,-1,-1
4820,-1,,[],267,,406205030,406205030,407125130,-1,30,5800,-1,-1
4821,-1,,[],268,,407126101,407126101,-1,-1,1,100,-1,-1
4822,-1,,[],268,,407126102,407126102,-1,-1,2,400,-1,-1
4823,-1,,[],268,,407126103,407126103,-1,-1,3,1000,-1,-1
4824,-1,,[],268,,407126104,407126104,-1,-1,4,2000,-1,-1
4825,-1,,[],268,,407126105,407126105,-1,-1,5,5000,-1,-1
4826,-1,,[],269,,407157001,407157001,-1,-1,1,1000,-1,-1
4827,-1,,[],269,,407157002,407157002,-1,-1,2,5000,-1,-1
4828,-1,,[],269,,407157003,407157003,-1,-1,3,10000,-1,-1
4829,-1,,[],269,,407157004,407157004,-1,-1,4,20000,-1,-1
4830,-1,,[],269,,407157005,407157005,-1,-1,5,30000,-1,-1
4831,-1,,[],270,,407115001,407115001,407165001,-1,1,1,-1,-1
4832,-1,,[],270,,407115002,407115002,407115012,-1,2,2,-1,-1
4833,-1,,[],270,,407115003,407115003,407115013,-1,3,3,-1,-1
4834,-1,,[],270,,407115004,407115004,407115014,-1,4,4,-1,-1
4835,-1,,[],270,,407115005,407115005,407115015,-1,5,5,-1,-1
4836,-1,,[],270,,407115006,407115006,407115016,-1,6,6,-1,-1
4837,-1,,[],270,,407115007,407115007,407115017,-1,7,7,-1,-1
4838,-1,,[],271,,407176001,407176001,407176101,-1,1,100,-1,-1
4839,-1,,[],271,,407176002,407176002,407176102,-1,2,200,-1,-1
4840,-1,,[],271,,407176003,407176003,407176103,-1,3,400,-1,-1
4841,-1,,[],271,,407176004,407176004,407176104,-1,4,600,-1,-1
4842,-1,,[],271,,407176005,407176005,407176105,-1,5,800,-1,-1
4843,-1,,[],271,,407176006,407176006,407176106,-1,6,1000,-1,-1
4844,-1,,[],271,,407176007,407176007,407176107,-1,7,1200,-1,-1
4845,-1,,[],271,,407176008,407176008,407176108,-1,8,1400,-1,-1
4846,-1,,[],271,,407176009,407176009,407176109,-1,9,1600,-1,-1
4847,-1,,[],271,,407176010,407176010,407176110,-1,10,1800,-1,-1
4848,-1,,[],271,,407176011,407176011,407176111,-1,11,2000,-1,-1
4849,-1,,[],271,,407176012,407176012,407176112,-1,12,2200,-1,-1
4850,-1,,[],271,,407176013,407176013,407176113,-1,13,2400,-1,-1
4851,-1,,[],271,,407176014,407176014,407176114,-1,14,2600,-1,-1
4852,-1,,[],271,,407176015,407176015,407176115,-1,15,2800,-1,-1
4853,-1,,[],271,,407176016,407176016,407176116,-1,16,3000,-1,-1
4854,-1,,[],271,,407176017,407176017,407176117,-1,17,3200,-1,-1
4855,-1,,[],271,,407176018,407176018,407176118,-1,18,3400,-1,-1
4856,-1,,[],271,,407176019,407176019,407176119,-1,19,3600,-1,-1
4857,-1,,[],271,,407176020,407176020,407176120,-1,20,3800,-1,-1
4858,-1,,[],271,,407176021,407176021,407176121,-1,21,4000,-1,-1
4859,-1,,[],271,,407176022,407176022,407176122,-1,22,4200,-1,-1
4860,-1,,[],271,,407176023,407176023,407176123,-1,23,4400,-1,-1
4861,-1,,[],271,,407176024,407176024,407176124,-1,24,4600,-1,-1
4862,-1,,[],271,,407176025,407176025,407176125,-1,25,4800,-1,-1
4863,-1,,[],271,,407176026,407176026,407176126,-1,26,5000,-1,-1
4864,-1,,[],271,,407176027,407176027,407176127,-1,27,5200,-1,-1
4865,-1,,[],271,,407176028,407176028,407176128,-1,28,5400,-1,-1
4866,-1,,[],271,,407176029,407176029,407176129,-1,29,5600,-1,-1
4867,-1,,[],271,,407176030,407176030,407176130,-1,30,5800,-1,-1
4868,-1,,[],272,,407126101,407126101,-1,-1,1,100,-1,-1
4869,-1,,[],272,,407126102,407126102,-1,-1,2,400,-1,-1
4870,-1,,[],272,,407126103,407126103,-1,-1,3,1000,-1,-1
4871,-1,,[],272,,407126104,407126104,-1,-1,4,2000,-1,-1
4872,-1,,[],272,,407176201,407176201,-1,-1,5,5000,-1,-1
4873,-1,,[],273,,407176301,407176301,-1,-1,1,100,-1,-1
4874,-1,,[],273,,407176302,407176302,-1,-1,2,1000,-1,-1
4875,-1,,[],273,,407176303,407176303,-1,-1,3,2000,-1,-1
4876,-1,,[],273,,407176304,407176304,-1,-1,4,5000,-1,-1
4877,-1,,[],273,,407176305,407176305,-1,-1,5,8000,-1,-1
4878,-1,,[],274,,406205001,406205001,407195101,-1,1,100,-1,-1
4879,-1,,[],274,,406205002,406205002,407195102,-1,2,200,-1,-1
4880,-1,,[],274,,406205003,406205003,407195103,-1,3,400,-1,-1
4881,-1,,[],274,,406205004,406205004,407195104,-1,4,600,-1,-1
4882,-1,,[],274,,406205005,406205005,407195105,-1,5,800,-1,-1
4883,-1,,[],274,,406205006,406205006,407195106,-1,6,1000,-1,-1
4884,-1,,[],274,,406205007,406205007,407195107,-1,7,1200,-1,-1
4885,-1,,[],274,,406205008,406205008,407195108,-1,8,1400,-1,-1
4886,-1,,[],274,,406205009,406205009,407195109,-1,9,1600,-1,-1
4887,-1,,[],274,,406205010,406205010,407195110,-1,10,1800,-1,-1
4888,-1,,[],274,,406205011,406205011,407195111,-1,11,2000,-1,-1
4889,-1,,[],274,,406205012,406205012,407195112,-1,12,2200,-1,-1
4890,-1,,[],274,,406205013,406205013,407195113,-1,13,2400,-1,-1
4891,-1,,[],274,,406205014,406205014,407195114,-1,14,2600,-1,-1
4892,-1,,[],274,,406205015,406205015,407195115,-1,15,2800,-1,-1
4893,-1,,[],274,,406205016,406205016,407195116,-1,16,3000,-1,-1
4894,-1,,[],274,,406205017,406205017,407195117,-1,17,3200,-1,-1
4895,-1,,[],274,,406205018,406205018,407195118,-1,18,3400,-1,-1
4896,-1,,[],274,,406205019,406205019,407195119,-1,19,3600,-1,-1
4897,-1,,[],274,,406205020,406205020,407195120,-1,20,3800,-1,-1
4898,-1,,[],274,,406205021,406205021,407195121,-1,21,4000,-1,-1
4899,-1,,[],274,,406205022,406205022,407195122,-1,22,4200,-1,-1
4900,-1,,[],274,,406205023,406205023,407195123,-1,23,4400,-1,-1
4901,-1,,[],274,,406205024,406205024,407195124,-1,24,4600,-1,-1
4902,-1,,[],274,,406205025,406205025,407195125,-1,25,4800,-1,-1
4903,-1,,[],274,,406205026,406205026,407195126,-1,26,5000,-1,-1
4904,-1,,[],274,,406205027,406205027,407195127,-1,27,5200,-1,-1
4905,-1,,[],274,,406205028,406205028,407195128,-1,28,5400,-1,-1
4906,-1,,[],274,,406205029,406205029,407195129,-1,29,5600,-1,-1
4907,-1,,[],274,,406205030,406205030,407195130,-1,30,5800,-1,-1
4908,-1,,[],275,,407191301,407191301,407191401,-1,1,100,-1,-1
4909,-1,,[],275,,407191302,407191302,407191402,-1,2,150,-1,-1
4910,-1,,[],275,,407191303,407191303,407191403,-1,3,200,-1,-1
4911,-1,,[],275,,407191304,407191304,407191404,-1,4,250,-1,-1
4912,-1,,[],275,,407191305,407191305,407191405,-1,5,300,-1,-1
4913,-1,,[],275,,407191306,407191306,407191406,-1,6,350,-1,-1
4914,-1,,[],275,,407191307,407191307,407191407,-1,7,400,-1,-1
4915,-1,,[],275,,407191308,407191308,407191408,-1,8,450,-1,-1
4916,-1,,[],275,,407191309,407191309,407191409,-1,9,500,-1,-1
4917,-1,,[],275,,407191310,407191310,407191410,-1,10,550,-1,-1
4918,-1,,[],275,,407191311,407191311,407191411,-1,11,600,-1,-1
4919,-1,,[],275,,407191312,407191312,407191412,-1,12,700,-1,-1
4920,-1,,[],275,,407191313,407191313,407191413,-1,13,800,-1,-1
4921,-1,,[],275,,407191314,407191314,407191414,-1,14,900,-1,-1
4922,-1,,[],275,,407191315,407191315,407191415,-1,15,1000,-1,-1
4923,-1,,[],275,,407191316,407191316,407191416,-1,16,1100,-1,-1
4924,-1,,[],275,,407191317,407191317,407191417,-1,17,1200,-1,-1
4925,-1,,[],275,,407191318,407191318,407191418,-1,18,1300,-1,-1
4926,-1,,[],275,,407191319,407191319,407191419,-1,19,1400,-1,-1
4927,-1,,[],275,,407191320,407191320,407191420,-1,20,1500,-1,-1
4928,-1,,[],275,,407191321,407191321,407191421,-1,21,1600,-1,-1
4929,-1,,[],275,,407191322,407191322,407191422,-1,22,1700,-1,-1
4930,-1,,[],275,,407191323,407191323,407191423,-1,23,1800,-1,-1
4931,-1,,[],275,,407191324,407191324,407191424,-1,24,1900,-1,-1
4932,-1,,[],275,,407191325,407191325,407191425,-1,25,2000,-1,-1
4933,-1,,[],276,,407216001,407216001,407216101,-1,1,100,-1,-1
4934,-1,,[],276,,407216002,407216002,407216102,-1,2,200,-1,-1
4935,-1,,[],276,,407216003,407216003,407216103,-1,3,400,-1,-1
4936,-1,,[],276,,407216004,407216004,407216104,-1,4,600,-1,-1
4937,-1,,[],276,,407216005,407216005,407216105,-1,5,800,-1,-1
4938,-1,,[],276,,407216006,407216006,407216106,-1,6,1000,-1,-1
4939,-1,,[],276,,407216007,407216007,407216107,-1,7,1200,-1,-1
4940,-1,,[],276,,407216008,407216008,407216108,-1,8,1400,-1,-1
4941,-1,,[],276,,407216009,407216009,407216109,-1,9,1600,-1,-1
4942,-1,,[],276,,407216010,407216010,407216110,-1,10,1800,-1,-1
4943,-1,,[],276,,407216011,407216011,407216111,-1,11,2000,-1,-1
4944,-1,,[],276,,407216012,407216012,407216112,-1,12,2200,-1,-1
4945,-1,,[],276,,407216013,407216013,407216113,-1,13,2400,-1,-1
4946,-1,,[],276,,407216014,407216014,407216114,-1,14,2600,-1,-1
4947,-1,,[],276,,407216015,407216015,407216115,-1,15,2800,-1,-1
4948,-1,,[],276,,407216016,407216016,407216116,-1,16,3000,-1,-1
4949,-1,,[],276,,407216017,407216017,407216117,-1,17,3200,-1,-1
4950,-1,,[],276,,407216018,407216018,407216118,-1,18,3400,-1,-1
4951,-1,,[],276,,407216019,407216019,407216119,-1,19,3600,-1,-1
4952,-1,,[],276,,407216020,407216020,407216120,-1,20,3800,-1,-1
4953,-1,,[],276,,407216021,407216021,407216121,-1,21,4000,-1,-1
4954,-1,,[],276,,407216022,407216022,407216122,-1,22,4200,-1,-1
4955,-1,,[],276,,407216023,407216023,407216123,-1,23,4400,-1,-1
4956,-1,,[],276,,407216024,407216024,407216124,-1,24,4600,-1,-1
4957,-1,,[],276,,407216025,407216025,407216125,-1,25,4800,-1,-1
4958,-1,,[],276,,407216026,407216026,407216126,-1,26,5000,-1,-1
4959,-1,,[],276,,407216027,407216027,407216127,-1,27,5200,-1,-1
4960,-1,,[],276,,407216028,407216028,407216128,-1,28,5400,-1,-1
4961,-1,,[],276,,407216029,407216029,407216129,-1,29,5600,-1,-1
4962,-1,,[],276,,407216030,407216030,407216130,-1,30,5800,-1,-1
4963,-1,,[],277,,407217011,407217011,-1,-1,1,20,-1,-1
4964,-1,,[],277,,407217012,407217012,-1,-1,2,50,-1,-1
4965,-1,,[],277,,407217013,407217013,-1,-1,3,150,-1,-1
4966,-1,,[],277,,407217014,407217014,-1,-1,4,300,-1,-1
4967,-1,,[],277,,407217015,407217015,-1,-1,5,600,-1,-1
4968,-1,,[],278,,407229001,407229001,407229101,-1,1,100,-1,-1
4969,-1,,[],278,,407229002,407229002,407229102,-1,2,200,-1,-1
4970,-1,,[],278,,407229003,407229003,407229103,-1,3,300,-1,-1
4971,-1,,[],278,,407229004,407229004,407229104,-1,4,400,-1,-1
4972,-1,,[],278,,407229005,407229005,407229105,-1,5,500,-1,-1
4973,-1,,[],278,,407229006,407229006,407229106,-1,6,600,-1,-1
4974,-1,,[],278,,407229007,407229007,407229107,-1,7,700,-1,-1
4975,-1,,[],278,,407229008,407229008,407229108,-1,8,800,-1,-1
4976,-1,,[],278,,407229009,407229009,407229109,-1,9,900,-1,-1
4977,-1,,[],278,,407229010,407229010,407229110,-1,10,1000,-1,-1
4978,-1,,[],278,,407229011,407229011,407229111,-1,11,1100,-1,-1
4979,-1,,[],278,,407229012,407229012,407229112,-1,12,1200,-1,-1
4980,-1,,[],278,,407229013,407229013,407229113,-1,13,1300,-1,-1
4981,-1,,[],278,,407229014,407229014,407229114,-1,14,1400,-1,-1
4982,-1,,[],278,,407229015,407229015,407229115,-1,15,1500,-1,-1
4983,-1,,[],278,,407229016,407229016,407229116,-1,16,1600,-1,-1
4984,-1,,[],278,,407229017,407229017,407229117,-1,17,1700,-1,-1
4985,-1,,[],278,,407229018,407229018,407229118,-1,18,1800,-1,-1
4986,-1,,[],278,,407229019,407229019,407229119,-1,19,1900,-1,-1
4987,-1,,[],278,,407229020,407229020,407229120,-1,20,2000,-1,-1
4988,-1,,[],278,,407229021,407229021,407229121,-1,21,2100,-1,-1
4989,-1,,[],278,,407229022,407229022,407229122,-1,22,2200,-1,-1
4990,-1,,[],278,,407229023,407229023,407229123,-1,23,2300,-1,-1
4991,-1,,[],278,,407229024,407229024,407229124,-1,24,2400,-1,-1
4992,-1,,[],278,,407229025,407229025,407229125,-1,25,2500,-1,-1
4993,-1,,[],279,,407229001,407229001,407229201,-1,1,100,-1,-1
4994,-1,,[],279,,407229002,407229002,407229202,-1,2,200,-1,-1
4995,-1,,[],279,,407229003,407229003,407229203,-1,3,300,-1,-1
4996,-1,,[],279,,407229004,407229004,407229204,-1,4,400,-1,-1
4997,-1,,[],279,,407229005,407229005,407229205,-1,5,500,-1,-1
4998,-1,,[],279,,407229006,407229006,407229206,-1,6,600,-1,-1
4999,-1,,[],279,,407229007,407229007,407229207,-1,7,700,-1,-1
5000,-1,,[],279,,407229008,407229008,407229208,-1,8,800,-1,-1
5001,-1,,[],279,,407229009,407229009,407229209,-1,9,900,-1,-1
5002,-1,,[],279,,407229010,407229010,407229210,-1,10,1000,-1,-1
5003,-1,,[],279,,407229011,407229011,407229211,-1,11,1100,-1,-1
5004,-1,,[],279,,407229012,407229012,407229212,-1,12,1200,-1,-1
5005,-1,,[],279,,407229013,407229013,407229213,-1,13,1300,-1,-1
5006,-1,,[],279,,407229014,407229014,407229214,-1,14,1400,-1,-1
5007,-1,,[],279,,407229015,407229015,407229215,-1,15,1500,-1,-1
5008,-1,,[],279,,407229016,407229016,407229216,-1,16,1600,-1,-1
5009,-1,,[],279,,407229017,407229017,407229217,-1,17,1700,-1,-1
5010,-1,,[],279,,407229018,407229018,407229218,-1,18,1800,-1,-1
5011,-1,,[],279,,407229019,407229019,407229219,-1,19,1900,-1,-1
5012,-1,,[],279,,407229020,407229020,407229220,-1,20,2000,-1,-1
5013,-1,,[],279,,407229021,407229021,407229221,-1,21,2100,-1,-1
5014,-1,,[],279,,407229022,407229022,407229222,-1,22,2200,-1,-1
5015,-1,,[],279,,407229023,407229023,407229223,-1,23,2300,-1,-1
5016,-1,,[],279,,407229024,407229024,407229224,-1,24,2400,-1,-1
5017,-1,,[],279,,407229025,407229025,407229225,-1,25,2500,-1,-1
5100,-1,,[],280,,407217011,407217011,-1,-1,1,20,-1,-1
5101,-1,,[],280,,407217012,407217012,-1,-1,2,50,-1,-1
5102,-1,,[],280,,407217013,407217013,-1,-1,3,150,-1,-1
5103,-1,,[],280,,407217014,407217014,-1,-1,4,300,-1,-1
5104,-1,,[],280,,407217015,407217015,-1,-1,5,500,-1,-1
5105,-1,,[],281,,407255101,407255101,-1,-1,1,100,-1,-1
5106,-1,,[],281,,407255102,407255102,-1,-1,2,500,-1,-1
5107,-1,,[],281,,407255103,407255103,-1,-1,3,1000,-1,-1
5108,-1,,[],281,,407255104,407255104,-1,-1,4,1500,-1,-1
5109,-1,,[],281,,407105001,407105001,-1,-1,5,2000,-1,-1
5110,-1,,[],282,,407251101,407251101,-1,-1,1,20,-1,-1
5111,-1,,[],282,,407251102,407251102,-1,-1,2,50,-1,-1
5112,-1,,[],282,,407251103,407251103,-1,-1,3,100,-1,-1
5113,-1,,[],282,,407251104,407251104,-1,-1,4,200,-1,-1
5114,-1,,[],282,,407251105,407251105,-1,-1,5,300,-1,-1
5115,-1,,[],282,,407251106,407251106,-1,-1,6,800,-1,-1
5116,-1,,[],283,,407251801,407251801,407251901,-1,1,1,-1,-1
5117,-1,,[],283,,407251802,407251802,407251902,-1,2,2,-1,-1
5118,-1,,[],283,,407251803,407251803,407251903,-1,3,3,-1,-1
5119,-1,,[],283,,407251804,407251804,407251904,-1,4,4,-1,-1
5120,-1,,[],283,,407251805,407251805,407251905,-1,5,5,-1,-1
5121,-1,,[],283,,407251806,407251806,407251906,-1,6,6,-1,-1
5122,-1,,[],283,,407251807,407251807,407251907,-1,7,7,-1,-1
5123,-1,,[],284,,407251301,407251301,407251401,-1,1,100,-1,-1
5124,-1,,[],284,,407251302,407251302,407251402,-1,2,150,-1,-1
5125,-1,,[],284,,407251303,407251303,407251403,-1,3,200,-1,-1
5126,-1,,[],284,,407251304,407251304,407251404,-1,4,250,-1,-1
5127,-1,,[],284,,407251305,407251305,407251405,-1,5,300,-1,-1
5128,-1,,[],284,,407251306,407251306,407251406,-1,6,350,-1,-1
5129,-1,,[],284,,407251307,407251307,407251407,-1,7,400,-1,-1
5130,-1,,[],284,,407251308,407251308,407251408,-1,8,450,-1,-1
5131,-1,,[],284,,407251309,407251309,407251409,-1,9,500,-1,-1
5132,-1,,[],284,,407251310,407251310,407251410,-1,10,550,-1,-1
5133,-1,,[],284,,407251311,407251311,407251411,-1,11,600,-1,-1
5134,-1,,[],284,,407251312,407251312,407251412,-1,12,700,-1,-1
5135,-1,,[],284,,407251313,407251313,407251413,-1,13,800,-1,-1
5136,-1,,[],284,,407251314,407251314,407251414,-1,14,900,-1,-1
5137,-1,,[],284,,407251315,407251315,407251415,-1,15,1000,-1,-1
5138,-1,,[],284,,407251316,407251316,407251416,-1,16,1100,-1,-1
5139,-1,,[],284,,407251317,407251317,407251417,-1,17,1200,-1,-1
5140,-1,,[],284,,407251318,407251318,407251418,-1,18,1300,-1,-1
5141,-1,,[],284,,407251319,407251319,407251419,-1,19,1400,-1,-1
5142,-1,,[],284,,407251320,407251320,407251420,-1,20,1500,-1,-1
5143,-1,,[],284,,407251321,407251321,407251421,-1,21,1600,-1,-1
5144,-1,,[],284,,407251322,407251322,407251422,-1,22,1700,-1,-1
5145,-1,,[],284,,407251323,407251323,407251423,-1,23,1800,-1,-1
5146,-1,,[],284,,407251324,407251324,407251424,-1,24,1900,-1,-1
5147,-1,,[],284,,407251325,407251325,407251425,-1,25,2000,-1,-1
5148,-1,,[],284,,407251326,407251326,407251426,-1,26,2100,-1,-1
5149,-1,,[],284,,407251327,407251327,407251427,-1,27,2200,-1,-1
5150,-1,,[],284,,407251328,407251328,407251428,-1,28,2300,-1,-1
5151,-1,,[],284,,407251329,407251329,407251429,-1,29,2400,-1,-1
5152,-1,,[],284,,407251330,407251330,407251430,-1,30,2500,-1,-1
5153,-1,,[],284,,407251331,407251331,407251431,-1,31,2600,-1,-1
5154,-1,,[],285,,406205001,406205001,407265101,-1,1,100,-1,-1
5155,-1,,[],285,,406205002,406205002,407265102,-1,2,200,-1,-1
5156,-1,,[],285,,406205003,406205003,407265103,-1,3,400,-1,-1
5157,-1,,[],285,,406205004,406205004,407265104,-1,4,600,-1,-1
5158,-1,,[],285,,406205005,406205005,407265105,-1,5,800,-1,-1
5159,-1,,[],285,,406205006,406205006,407265106,-1,6,1000,-1,-1
5160,-1,,[],285,,406205007,406205007,407265107,-1,7,1200,-1,-1
5161,-1,,[],285,,406205008,406205008,407265108,-1,8,1400,-1,-1
5162,-1,,[],285,,406205009,406205009,407265109,-1,9,1600,-1,-1
5163,-1,,[],285,,406205010,406205010,407265110,-1,10,1800,-1,-1
5164,-1,,[],285,,406205011,406205011,407265111,-1,11,2000,-1,-1
5165,-1,,[],285,,406205012,406205012,407265112,-1,12,2200,-1,-1
5166,-1,,[],285,,406205013,406205013,407265113,-1,13,2400,-1,-1
5167,-1,,[],285,,406205014,406205014,407265114,-1,14,2600,-1,-1
5168,-1,,[],285,,406205015,406205015,407265115,-1,15,2800,-1,-1
5169,-1,,[],285,,406205016,406205016,407265116,-1,16,3000,-1,-1
5170,-1,,[],285,,406205017,406205017,407265117,-1,17,3200,-1,-1
5171,-1,,[],285,,406205018,406205018,407265118,-1,18,3400,-1,-1
5172,-1,,[],285,,406205019,406205019,407265119,-1,19,3600,-1,-1
5173,-1,,[],285,,406205020,406205020,407265120,-1,20,3800,-1,-1
5174,-1,,[],285,,406205021,406205021,407265121,-1,21,4000,-1,-1
5175,-1,,[],285,,406205022,406205022,407265122,-1,22,4200,-1,-1
5176,-1,,[],285,,406205023,406205023,407265123,-1,23,4400,-1,-1
5177,-1,,[],285,,406205024,406205024,407265124,-1,24,4600,-1,-1
5178,-1,,[],285,,406205025,406205025,407265125,-1,25,4800,-1,-1
5179,-1,,[],285,,406205026,406205026,407265126,-1,26,5000,-1,-1
5180,-1,,[],285,,406205027,406205027,407265127,-1,27,5200,-1,-1
5181,-1,,[],285,,406205028,406205028,407265128,-1,28,5400,-1,-1
5182,-1,,[],285,,406205029,406205029,407265129,-1,29,5600,-1,-1
5183,-1,,[],285,,406205030,406205030,407265130,-1,30,5800,-1,-1
5184,-1,,[],286,,407229001,407229001,407265501,-1,1,100,-1,-1
5185,-1,,[],286,,407229002,407229002,407265502,-1,2,200,-1,-1
5186,-1,,[],286,,407229003,407229003,407265503,-1,3,300,-1,-1
5187,-1,,[],286,,407229004,407229004,407265504,-1,4,400,-1,-1
5188,-1,,[],286,,407229005,407229005,407265505,-1,5,500,-1,-1
5189,-1,,[],286,,407229006,407229006,407265506,-1,6,600,-1,-1
5190,-1,,[],286,,407229007,407229007,407265507,-1,7,700,-1,-1
5191,-1,,[],286,,407229008,407229008,407265508,-1,8,800,-1,-1
5192,-1,,[],286,,407229009,407229009,407265509,-1,9,900,-1,-1
5193,-1,,[],286,,407229010,407229010,407265510,-1,10,1000,-1,-1
5194,-1,,[],286,,407229011,407229011,407265511,-1,11,1100,-1,-1
5195,-1,,[],286,,407229012,407229012,407265512,-1,12,1200,-1,-1
5196,-1,,[],286,,407229013,407229013,407265513,-1,13,1300,-1,-1
5197,-1,,[],286,,407229014,407229014,407265514,-1,14,1400,-1,-1
5198,-1,,[],286,,407229015,407229015,407265515,-1,15,1500,-1,-1
5199,-1,,[],286,,407229016,407229016,407265516,-1,16,1600,-1,-1
5200,-1,,[],286,,407229017,407229017,407265517,-1,17,1700,-1,-1
5201,-1,,[],286,,407229018,407229018,407265518,-1,18,1800,-1,-1
5202,-1,,[],286,,407229019,407229019,407265519,-1,19,1900,-1,-1
5203,-1,,[],286,,407229020,407229020,407265520,-1,20,2000,-1,-1
5204,-1,,[],286,,407229021,407229021,407265521,-1,21,2100,-1,-1
5205,-1,,[],286,,407229022,407229022,407265522,-1,22,2200,-1,-1
5206,-1,,[],286,,407229023,407229023,407265523,-1,23,2300,-1,-1
5207,-1,,[],286,,407229024,407229024,407265524,-1,24,2400,-1,-1
5208,-1,,[],286,,407229025,407229025,407265525,-1,25,2500,-1,-1
5209,-1,,[],287,,407270501,407270501,407270601,-1,1,100,-1,-1
5210,-1,,[],287,,407270502,407270502,407270602,-1,2,150,-1,-1
5211,-1,,[],287,,407270503,407270503,407270603,-1,3,200,-1,-1
5212,-1,,[],287,,407270504,407270504,407270604,-1,4,250,-1,-1
5213,-1,,[],287,,407270505,407270505,407270605,-1,5,300,-1,-1
5214,-1,,[],287,,407270506,407270506,407270606,-1,6,350,-1,-1
5215,-1,,[],287,,407270507,407270507,407270607,-1,7,400,-1,-1
5216,-1,,[],287,,407270508,407270508,407270608,-1,8,450,-1,-1
5217,-1,,[],287,,407270509,407270509,407270609,-1,9,500,-1,-1
5218,-1,,[],287,,407270510,407270510,407270610,-1,10,550,-1,-1
5219,-1,,[],287,,407270511,407270511,407270611,-1,11,600,-1,-1
5220,-1,,[],287,,407270512,407270512,407270612,-1,12,700,-1,-1
5221,-1,,[],287,,407270513,407270513,407270613,-1,13,800,-1,-1
5222,-1,,[],287,,407270514,407270514,407270614,-1,14,900,-1,-1
5223,-1,,[],287,,407270515,407270515,407270615,-1,15,1000,-1,-1
5224,-1,,[],287,,407270516,407270516,407270616,-1,16,1100,-1,-1
5225,-1,,[],287,,407270517,407270517,407270617,-1,17,1200,-1,-1
5226,-1,,[],287,,407270518,407270518,407270618,-1,18,1300,-1,-1
5227,-1,,[],287,,407270519,407270519,407270619,-1,19,1400,-1,-1
5228,-1,,[],287,,407270520,407270520,407270620,-1,20,1500,-1,-1
5229,-1,,[],287,,407270521,407270521,407270621,-1,21,1600,-1,-1
5230,-1,,[],287,,407270522,407270522,407270622,-1,22,1700,-1,-1
5231,-1,,[],287,,407270523,407270523,407270623,-1,23,1800,-1,-1
5232,-1,,[],287,,407270524,407270524,407270624,-1,24,1900,-1,-1
5233,-1,,[],287,,407270525,407270525,407270625,-1,25,2000,-1,-1
5234,-1,,[],288,,407295201,407295201,407295301,-1,1,100,-1,-1
5235,-1,,[],288,,407295202,407295202,407295302,-1,2,200,-1,-1
5236,-1,,[],288,,407295203,407295203,407295303,-1,3,400,-1,-1
5237,-1,,[],288,,407295204,407295204,407295304,-1,4,600,-1,-1
5238,-1,,[],288,,407295205,407295205,407295305,-1,5,800,-1,-1
5239,-1,,[],288,,407295206,407295206,407295306,-1,6,1000,-1,-1
5240,-1,,[],288,,407295207,407295207,407295307,-1,7,1200,-1,-1
5241,-1,,[],288,,407295208,407295208,407295308,-1,8,1400,-1,-1
5242,-1,,[],288,,407295209,407295209,407295309,-1,9,1600,-1,-1
5243,-1,,[],288,,407295210,407295210,407295310,-1,10,1800,-1,-1
5244,-1,,[],288,,407295211,407295211,407295311,-1,11,2000,-1,-1
5245,-1,,[],288,,407295212,407295212,407295312,-1,12,2200,-1,-1
5246,-1,,[],288,,407295213,407295213,407295313,-1,13,2400,-1,-1
5247,-1,,[],288,,407295214,407295214,407295314,-1,14,2600,-1,-1
5248,-1,,[],288,,407295215,407295215,407295315,-1,15,2800,-1,-1
5249,-1,,[],288,,407295216,407295216,407295316,-1,16,3000,-1,-1
5250,-1,,[],288,,407295217,407295217,407295317,-1,17,3200,-1,-1
5251,-1,,[],288,,407295218,407295218,407295318,-1,18,3400,-1,-1
5252,-1,,[],288,,407295219,407295219,407295319,-1,19,3600,-1,-1
5253,-1,,[],288,,407295220,407295220,407295320,-1,20,3800,-1,-1
5254,-1,,[],288,,407295221,407295221,407295321,-1,21,4000,-1,-1
5255,-1,,[],288,,407295222,407295222,407295322,-1,22,4200,-1,-1
5256,-1,,[],288,,407295223,407295223,407295323,-1,23,4400,-1,-1
5257,-1,,[],288,,407295224,407295224,407295324,-1,24,4600,-1,-1
5258,-1,,[],288,,407295225,407295225,407295325,-1,25,4800,-1,-1
5259,-1,,[],288,,407295226,407295226,407295326,-1,26,5000,-1,-1
5260,-1,,[],288,,407295227,407295227,407295327,-1,27,5200,-1,-1
5261,-1,,[],288,,407295228,407295228,407295328,-1,28,5400,-1,-1
5262,-1,,[],288,,407295229,407295229,407295329,-1,29,5600,-1,-1
5263,-1,,[],288,,407295230,407295230,407295330,-1,30,5800,-1,-1
5264,-1,,[],289,,407176301,407176301,-1,-1,1,100,-1,-1
5265,-1,,[],289,,407176302,407176302,-1,-1,2,1000,-1,-1
5266,-1,,[],289,,407176303,407176303,-1,-1,3,2000,-1,-1
5267,-1,,[],289,,407176304,407176304,-1,-1,4,5000,-1,-1
5268,-1,,[],289,,407295401,407295401,-1,-1,5,8000,-1,-1
5269,-1,,[],290,,407300101,407300101,-1,-1,1,50,-1,-1
5270,-1,,[],290,,407300102,407300102,-1,-1,2,100,-1,-1
5271,-1,,[],290,,407300103,407300103,-1,-1,3,200,-1,-1
5272,-1,,[],290,,407300104,407300104,-1,-1,4,500,-1,-1
5273,-1,,[],290,,407300105,407300105,-1,-1,5,1000,-1,-1
5274,-1,,[],290,,407300106,407300106,-1,-1,5,1500,-1,-1
5275,-1,,[],290,,407300107,407300107,-1,-1,5,2500,-1,-1
5276,-1,,[],291,,1223401,1223401,-1,-1,1,2,-1,-1
5277,-1,,[],291,,1223402,1223402,-1,-1,2,3,-1,-1
5278,-1,,[],291,,1223403,1223403,-1,-1,3,4,-1,-1
5279,-1,,[],291,,1223404,1223404,-1,-1,4,5,-1,-1
5280,-1,,[],291,,1223405,1223405,-1,-1,5,7,-1,-1
5281,-1,,[],291,,1223406,1223406,-1,-1,6,8,-1,-1
5282,-1,,[],291,,1223407,1223407,-1,-1,7,10,-1,-1
5283,-1,,[],292,,407316001,407316001,407316101,-1,1,100,-1,-1
5284,-1,,[],292,,407316002,407316002,407316102,-1,2,200,-1,-1
5285,-1,,[],292,,407316003,407316003,407316103,-1,3,400,-1,-1
5286,-1,,[],292,,407316004,407316004,407316104,-1,4,600,-1,-1
5287,-1,,[],292,,407316005,407316005,407316105,-1,5,800,-1,-1
5288,-1,,[],292,,407316006,407316006,407316106,-1,6,1000,-1,-1
5289,-1,,[],292,,407316007,407316007,407316107,-1,7,1200,-1,-1
5290,-1,,[],292,,407316008,407316008,407316108,-1,8,1400,-1,-1
5291,-1,,[],292,,407316009,407316009,407316109,-1,9,1600,-1,-1
5292,-1,,[],292,,407316010,407316010,407316110,-1,10,1800,-1,-1
5293,-1,,[],292,,407316011,407316011,407316111,-1,11,2000,-1,-1
5294,-1,,[],292,,407316012,407316012,407316112,-1,12,2200,-1,-1
5295,-1,,[],292,,407316013,407316013,407316113,-1,13,2400,-1,-1
5296,-1,,[],292,,407316014,407316014,407316114,-1,14,2600,-1,-1
5297,-1,,[],292,,407316015,407316015,407316115,-1,15,2800,-1,-1
5298,-1,,[],292,,407316016,407316016,407316116,-1,16,3000,-1,-1
5299,-1,,[],292,,407316017,407316017,407316117,-1,17,3200,-1,-1
5300,-1,,[],292,,407316018,407316018,407316118,-1,18,3400,-1,-1
5301,-1,,[],292,,407316019,407316019,407316119,-1,19,3600,-1,-1
5302,-1,,[],292,,407316020,407316020,407316120,-1,20,3800,-1,-1
5303,-1,,[],292,,407316021,407316021,407316121,-1,21,4000,-1,-1
5304,-1,,[],292,,407316022,407316022,407316122,-1,22,4200,-1,-1
5305,-1,,[],292,,407316023,407316023,407316123,-1,23,4400,-1,-1
5306,-1,,[],292,,407316024,407316024,407316124,-1,24,4600,-1,-1
5307,-1,,[],292,,407316025,407316025,407316125,-1,25,4800,-1,-1
5308,-1,,[],292,,407316026,407316026,407316126,-1,26,5000,-1,-1
5309,-1,,[],292,,407316027,407316027,407316127,-1,27,5200,-1,-1
5310,-1,,[],292,,407316028,407316028,407316128,-1,28,5400,-1,-1
5311,-1,,[],292,,407316029,407316029,407316129,-1,29,5600,-1,-1
5312,-1,,[],292,,407316030,407316030,407316130,-1,30,5800,-1,-1
5313,-1,,[],293,,407316201,407316201,407316301,-1,1,100,-1,-1
5314,-1,,[],293,,407316202,407316202,407316302,-1,2,200,-1,-1
5315,-1,,[],293,,407316203,407316203,407316303,-1,3,400,-1,-1
5316,-1,,[],293,,407316204,407316204,407316304,-1,4,600,-1,-1
5317,-1,,[],293,,407316205,407316205,407316305,-1,5,800,-1,-1
5318,-1,,[],293,,407316206,407316206,407316306,-1,6,1000,-1,-1
5319,-1,,[],293,,407316207,407316207,407316307,-1,7,1200,-1,-1
5320,-1,,[],293,,407316208,407316208,407316308,-1,8,1400,-1,-1
5321,-1,,[],293,,407316209,407316209,407316309,-1,9,1600,-1,-1
5322,-1,,[],293,,407316210,407316210,407316310,-1,10,1800,-1,-1
5323,-1,,[],293,,407316211,407316211,407316311,-1,11,2000,-1,-1
5324,-1,,[],293,,407316212,407316212,407316312,-1,12,2200,-1,-1
5325,-1,,[],293,,407316213,407316213,407316313,-1,13,2400,-1,-1
5326,-1,,[],293,,407316214,407316214,407316314,-1,14,2600,-1,-1
5327,-1,,[],293,,407316215,407316215,407316315,-1,15,2800,-1,-1
5328,-1,,[],293,,407316216,407316216,407316316,-1,16,3000,-1,-1
5329,-1,,[],293,,407316217,407316217,407316317,-1,17,3200,-1,-1
5330,-1,,[],293,,407316218,407316218,407316318,-1,18,3400,-1,-1
5331,-1,,[],293,,407316219,407316219,407316319,-1,19,3600,-1,-1
5332,-1,,[],293,,407316220,407316220,407316320,-1,20,3800,-1,-1
5333,-1,,[],293,,407316221,407316221,407316321,-1,21,4000,-1,-1
5334,-1,,[],293,,407316222,407316222,407316322,-1,22,4200,-1,-1
5335,-1,,[],293,,407316223,407316223,407316323,-1,23,4400,-1,-1
5336,-1,,[],293,,407316224,407316224,407316324,-1,24,4600,-1,-1
5337,-1,,[],293,,407316225,407316225,407316325,-1,25,4800,-1,-1
5338,-1,,[],293,,407316226,407316226,407316326,-1,26,5000,-1,-1
5339,-1,,[],293,,407316227,407316227,407316327,-1,27,5200,-1,-1
5340,-1,,[],293,,407316228,407316228,407316328,-1,28,5400,-1,-1
5341,-1,,[],293,,407316229,407316229,407316329,-1,29,5600,-1,-1
5342,-1,,[],293,,407316230,407316230,407316330,-1,30,5800,-1,-1
5343,-1,,[],294,,407316401,407316401,407316501,-1,1,100,-1,-1
5344,-1,,[],294,,407316402,407316402,407316502,-1,2,200,-1,-1
5345,-1,,[],294,,407316403,407316403,407316503,-1,3,400,-1,-1
5346,-1,,[],294,,407316404,407316404,407316504,-1,4,600,-1,-1
5347,-1,,[],294,,407316405,407316405,407316505,-1,5,800,-1,-1
5348,-1,,[],294,,407316406,407316406,407316506,-1,6,1000,-1,-1
5349,-1,,[],294,,407316407,407316407,407316507,-1,7,1200,-1,-1
5350,-1,,[],294,,407316408,407316408,407316508,-1,8,1400,-1,-1
5351,-1,,[],294,,407316409,407316409,407316509,-1,9,1600,-1,-1
5352,-1,,[],294,,407316410,407316410,407316510,-1,10,1800,-1,-1
5353,-1,,[],294,,407316411,407316411,407316511,-1,11,2000,-1,-1
5354,-1,,[],294,,407316412,407316412,407316512,-1,12,2200,-1,-1
5355,-1,,[],294,,407316413,407316413,407316513,-1,13,2400,-1,-1
5356,-1,,[],294,,407316414,407316414,407316514,-1,14,2600,-1,-1
5357,-1,,[],294,,407316415,407316415,407316515,-1,15,2800,-1,-1
5358,-1,,[],294,,407316416,407316416,407316516,-1,16,3000,-1,-1
5359,-1,,[],294,,407316417,407316417,407316517,-1,17,3200,-1,-1
5360,-1,,[],294,,407316418,407316418,407316518,-1,18,3400,-1,-1
5361,-1,,[],294,,407316419,407316419,407316519,-1,19,3600,-1,-1
5362,-1,,[],294,,407316420,407316420,407316520,-1,20,3800,-1,-1
5363,-1,,[],294,,407316421,407316421,407316521,-1,21,4000,-1,-1
5364,-1,,[],294,,407316422,407316422,407316522,-1,22,4200,-1,-1
5365,-1,,[],294,,407316423,407316423,407316523,-1,23,4400,-1,-1
5366,-1,,[],294,,407316424,407316424,407316524,-1,24,4600,-1,-1
5367,-1,,[],294,,407316425,407316425,407316525,-1,25,4800,-1,-1
5368,-1,,[],294,,407316426,407316426,407316526,-1,26,5000,-1,-1
5369,-1,,[],294,,407316427,407316427,407316527,-1,27,5200,-1,-1
5370,-1,,[],294,,407316428,407316428,407316528,-1,28,5400,-1,-1
5371,-1,,[],294,,407316429,407316429,407316529,-1,29,5600,-1,-1
5372,-1,,[],294,,407316430,407316430,407316530,-1,30,5800,-1,-1
5373,-1,,[],295,,407316601,407316601,407316701,-1,1,100,-1,-1
5374,-1,,[],295,,407316602,407316602,407316702,-1,2,200,-1,-1
5375,-1,,[],295,,407316603,407316603,407316703,-1,3,400,-1,-1
5376,-1,,[],295,,407316604,407316604,407316704,-1,4,600,-1,-1
5377,-1,,[],295,,407316605,407316605,407316705,-1,5,800,-1,-1
5378,-1,,[],295,,407316606,407316606,407316706,-1,6,1000,-1,-1
5379,-1,,[],295,,407316607,407316607,407316707,-1,7,1200,-1,-1
5380,-1,,[],295,,407316608,407316608,407316708,-1,8,1400,-1,-1
5381,-1,,[],295,,407316609,407316609,407316709,-1,9,1600,-1,-1
5382,-1,,[],295,,407316610,407316610,407316710,-1,10,1800,-1,-1
5383,-1,,[],295,,407316611,407316611,407316711,-1,11,2000,-1,-1
5384,-1,,[],295,,407316612,407316612,407316712,-1,12,2200,-1,-1
5385,-1,,[],295,,407316613,407316613,407316713,-1,13,2400,-1,-1
5386,-1,,[],295,,407316614,407316614,407316714,-1,14,2600,-1,-1
5387,-1,,[],295,,407316615,407316615,407316715,-1,15,2800,-1,-1
5388,-1,,[],295,,407316616,407316616,407316716,-1,16,3000,-1,-1
5389,-1,,[],295,,407316617,407316617,407316717,-1,17,3200,-1,-1
5390,-1,,[],295,,407316618,407316618,407316718,-1,18,3400,-1,-1
5391,-1,,[],295,,407316619,407316619,407316719,-1,19,3600,-1,-1
5392,-1,,[],295,,407316620,407316620,407316720,-1,20,3800,-1,-1
5393,-1,,[],295,,407316621,407316621,407316721,-1,21,4000,-1,-1
5394,-1,,[],295,,407316622,407316622,407316722,-1,22,4200,-1,-1
5395,-1,,[],295,,407316623,407316623,407316723,-1,23,4400,-1,-1
5396,-1,,[],295,,407316624,407316624,407316724,-1,24,4600,-1,-1
5397,-1,,[],295,,407316625,407316625,407316725,-1,25,4800,-1,-1
5398,-1,,[],295,,407316626,407316626,407316726,-1,26,5000,-1,-1
5399,-1,,[],295,,407316627,407316627,407316727,-1,27,5200,-1,-1
5400,-1,,[],295,,407316628,407316628,407316728,-1,28,5400,-1,-1
5401,-1,,[],295,,407316629,407316629,407316729,-1,29,5600,-1,-1
5402,-1,,[],295,,407316630,407316630,407316730,-1,30,5800,-1,-1
5403,-1,,[],296,,407317101,407317101,-1,-1,1,100,-1,-1
5404,-1,,[],296,,407317102,407317102,-1,-1,2,1000,-1,-1
5405,-1,,[],296,,407317103,407317103,-1,-1,3,2000,-1,-1
5406,-1,,[],296,,407317104,407317104,-1,-1,4,3000,-1,-1
5407,-1,,[],296,,407317105,407317105,-1,-1,5,4000,-1,-1
5408,-1,,[],297,,407317101,407317101,-1,-1,1,100,-1,-1
5409,-1,,[],297,,407317102,407317102,-1,-1,2,1000,-1,-1
5410,-1,,[],297,,407317103,407317103,-1,-1,3,2000,-1,-1
5411,-1,,[],297,,407317104,407317104,-1,-1,4,3000,-1,-1
5412,-1,,[],297,,407317106,407317106,-1,-1,5,4000,-1,-1
5413,-1,,[],298,,408025301,408025301,408025101,-1,1,100,-1,-1
5414,-1,,[],298,,408025302,408025302,408025102,-1,2,200,-1,-1
5415,-1,,[],298,,408025303,408025303,408025103,-1,3,400,-1,-1
5416,-1,,[],298,,408025304,408025304,408025104,-1,4,600,-1,-1
5417,-1,,[],298,,408025305,408025305,408025105,-1,5,800,-1,-1
5418,-1,,[],298,,408025306,408025306,408025106,-1,6,1000,-1,-1
5419,-1,,[],298,,408025307,408025307,408025107,-1,7,1200,-1,-1
5420,-1,,[],298,,408025308,408025308,408025108,-1,8,1400,-1,-1
5421,-1,,[],298,,408025309,408025309,408025109,-1,9,1600,-1,-1
5422,-1,,[],298,,408025310,408025310,408025110,-1,10,1800,-1,-1
5423,-1,,[],298,,408025311,408025311,408025111,-1,11,2000,-1,-1
5424,-1,,[],298,,408025312,408025312,408025112,-1,12,2200,-1,-1
5425,-1,,[],298,,408025313,408025313,408025113,-1,13,2400,-1,-1
5426,-1,,[],298,,408025314,408025314,408025114,-1,14,2600,-1,-1
5427,-1,,[],298,,408025315,408025315,408025115,-1,15,2800,-1,-1
5428,-1,,[],298,,408025316,408025316,408025116,-1,16,3000,-1,-1
5429,-1,,[],298,,408025317,408025317,408025117,-1,17,3200,-1,-1
5430,-1,,[],298,,408025318,408025318,408025118,-1,18,3400,-1,-1
5431,-1,,[],298,,408025319,408025319,408025119,-1,19,3600,-1,-1
5432,-1,,[],298,,408025320,408025320,408025120,-1,20,3800,-1,-1
5433,-1,,[],298,,408025321,408025321,408025121,-1,21,4000,-1,-1
5434,-1,,[],298,,408025322,408025322,408025122,-1,22,4200,-1,-1
5435,-1,,[],298,,408025323,408025323,408025123,-1,23,4400,-1,-1
5436,-1,,[],298,,408025324,408025324,408025124,-1,24,4600,-1,-1
5437,-1,,[],298,,408025325,408025325,408025125,-1,25,4800,-1,-1
5438,-1,,[],298,,408025326,408025326,408025126,-1,26,5000,-1,-1
5439,-1,,[],298,,408025327,408025327,408025127,-1,27,5200,-1,-1
5440,-1,,[],298,,408025328,408025328,408025128,-1,28,5400,-1,-1
5441,-1,,[],298,,408025329,408025329,408025129,-1,29,5600,-1,-1
5442,-1,,[],298,,408025330,408025330,408025130,-1,30,5800,-1,-1
5443,-1,,[],299,,408020101,408020101,-1,-1,1,20,-1,-1
5444,-1,,[],299,,408020102,408020102,-1,-1,2,50,-1,-1
5445,-1,,[],299,,408020103,408020103,-1,-1,3,100,-1,-1
5446,-1,,[],299,,408020104,408020104,-1,-1,4,200,-1,-1
5447,-1,,[],299,,408020105,408020105,-1,-1,5,300,-1,-1
5448,-1,,[],299,,408020106,408020106,-1,-1,6,800,-1,-1
5449,-1,,[],300,,408020301,408020301,408020401,-1,1,100,-1,-1
5450,-1,,[],300,,408020302,408020302,408020402,-1,2,150,-1,-1
5451,-1,,[],300,,408020303,408020303,408020403,-1,3,200,-1,-1
5452,-1,,[],300,,408020304,408020304,408020404,-1,4,250,-1,-1
5453,-1,,[],300,,408020305,408020305,408020405,-1,5,300,-1,-1
5454,-1,,[],300,,408020306,408020306,408020406,-1,6,350,-1,-1
5455,-1,,[],300,,408020307,408020307,408020407,-1,7,400,-1,-1
5456,-1,,[],300,,408020308,408020308,408020408,-1,8,450,-1,-1
5457,-1,,[],300,,408020309,408020309,408020409,-1,9,500,-1,-1
5458,-1,,[],300,,408020310,408020310,408020410,-1,10,550,-1,-1
5459,-1,,[],300,,408020311,408020311,408020411,-1,11,600,-1,-1
5460,-1,,[],300,,408020312,408020312,408020412,-1,12,700,-1,-1
5461,-1,,[],300,,408020313,408020313,408020413,-1,13,800,-1,-1
5462,-1,,[],300,,408020314,408020314,408020414,-1,14,900,-1,-1
5463,-1,,[],300,,408020315,408020315,408020415,-1,15,1000,-1,-1
5464,-1,,[],300,,408020316,408020316,408020416,-1,16,1100,-1,-1
5465,-1,,[],300,,408020317,408020317,408020417,-1,17,1200,-1,-1
5466,-1,,[],300,,408020318,408020318,408020418,-1,18,1300,-1,-1
5467,-1,,[],300,,408020319,408020319,408020419,-1,19,1400,-1,-1
5468,-1,,[],300,,408020320,408020320,408020420,-1,20,1500,-1,-1
5469,-1,,[],300,,408020321,408020321,408020421,-1,21,1600,-1,-1
5470,-1,,[],300,,408020322,408020322,408020422,-1,22,1700,-1,-1
5471,-1,,[],300,,408020323,408020323,408020423,-1,23,1800,-1,-1
5472,-1,,[],300,,408020324,408020324,408020424,-1,24,1900,-1,-1
5473,-1,,[],300,,408020325,408020325,408020425,-1,25,2000,-1,-1
5479,-1,,[],302,,408081301,408081301,408081401,-1,1,100,-1,-1
5480,-1,,[],302,,408081302,408081302,408081402,-1,2,150,-1,-1
5481,-1,,[],302,,408081303,408081303,408081403,-1,3,200,-1,-1
5482,-1,,[],302,,408081304,408081304,408081404,-1,4,250,-1,-1
5483,-1,,[],302,,408081305,408081305,408081405,-1,5,300,-1,-1
5484,-1,,[],302,,408081306,408081306,408081406,-1,6,350,-1,-1
5485,-1,,[],302,,408081307,408081307,408081407,-1,7,400,-1,-1
5486,-1,,[],302,,408081308,408081308,408081408,-1,8,450,-1,-1
5487,-1,,[],302,,408081309,408081309,408081409,-1,9,500,-1,-1
5488,-1,,[],302,,408081310,408081310,408081410,-1,10,550,-1,-1
5489,-1,,[],302,,408081311,408081311,408081411,-1,11,600,-1,-1
5490,-1,,[],302,,408081312,408081312,408081412,-1,12,700,-1,-1
5491,-1,,[],302,,408081313,408081313,408081413,-1,13,800,-1,-1
5492,-1,,[],302,,408081314,408081314,408081414,-1,14,900,-1,-1
5493,-1,,[],302,,408081315,408081315,408081415,-1,15,1000,-1,-1
5494,-1,,[],302,,408081316,408081316,408081416,-1,16,1100,-1,-1
5495,-1,,[],302,,408081317,408081317,408081417,-1,17,1200,-1,-1
5496,-1,,[],302,,408081318,408081318,408081418,-1,18,1300,-1,-1
5497,-1,,[],302,,408081319,408081319,408081419,-1,19,1400,-1,-1
5498,-1,,[],302,,408081320,408081320,408081420,-1,20,1500,-1,-1
5499,-1,,[],302,,408081321,408081321,408081421,-1,21,1600,-1,-1
5500,-1,,[],302,,408081322,408081322,408081422,-1,22,1700,-1,-1
5501,-1,,[],302,,408081323,408081323,408081423,-1,23,1800,-1,-1
5502,-1,,[],302,,408081324,408081324,408081424,-1,24,1900,-1,-1
5503,-1,,[],302,,408081325,408081325,408081425,-1,25,2000,-1,-1
5504,-1,,[],303,,408081501,408081501,-1,-1,1,500,-1,-1
5505,-1,,[],303,,408081502,408081502,-1,-1,2,2500,-1,-1
5506,-1,,[],303,,408081503,408081503,-1,-1,3,5000,-1,-1
5507,-1,,[],303,,408081504,408081504,-1,-1,4,12000,-1,-1
5508,-1,,[],303,,408081505,408081505,-1,-1,5,25000,-1,-1
5509,-1,,[],304,,408095201,408095201,408095301,-1,1,100,-1,-1
5510,-1,,[],304,,408095202,408095202,408095302,-1,2,200,-1,-1
5511,-1,,[],304,,408095203,408095203,408095303,-1,3,400,-1,-1
5512,-1,,[],304,,408095204,408095204,408095304,-1,4,600,-1,-1
5513,-1,,[],304,,408095205,408095205,408095305,-1,5,800,-1,-1
5514,-1,,[],304,,408095206,408095206,408095306,-1,6,1000,-1,-1
5515,-1,,[],304,,408095207,408095207,408095307,-1,7,1200,-1,-1
5516,-1,,[],304,,408095208,408095208,408095308,-1,8,1400,-1,-1
5517,-1,,[],304,,408095209,408095209,408095309,-1,9,1600,-1,-1
5518,-1,,[],304,,408095210,408095210,408095310,-1,10,1800,-1,-1
5519,-1,,[],304,,408095211,408095211,408095311,-1,11,2000,-1,-1
5520,-1,,[],304,,408095212,408095212,408095312,-1,12,2200,-1,-1
5521,-1,,[],304,,408095213,408095213,408095313,-1,13,2400,-1,-1
5522,-1,,[],304,,408095214,408095214,408095314,-1,14,2600,-1,-1
5523,-1,,[],304,,408095215,408095215,408095315,-1,15,2800,-1,-1
5524,-1,,[],304,,408095216,408095216,408095316,-1,16,3000,-1,-1
5525,-1,,[],304,,408095217,408095217,408095317,-1,17,3200,-1,-1
5526,-1,,[],304,,408095218,408095218,408095318,-1,18,3400,-1,-1
5527,-1,,[],304,,408095219,408095219,408095319,-1,19,3600,-1,-1
5528,-1,,[],304,,408095220,408095220,408095320,-1,20,3800,-1,-1
5529,-1,,[],304,,408095221,408095221,408095321,-1,21,4000,-1,-1
5530,-1,,[],304,,408095222,408095222,408095322,-1,22,4200,-1,-1
5531,-1,,[],304,,408095223,408095223,408095323,-1,23,4400,-1,-1
5532,-1,,[],304,,408095224,408095224,408095324,-1,24,4600,-1,-1
5533,-1,,[],304,,408095225,408095225,408095325,-1,25,4800,-1,-1
5534,-1,,[],304,,408095226,408095226,408095326,-1,26,5000,-1,-1
5535,-1,,[],304,,408095227,408095227,408095327,-1,27,5200,-1,-1
5536,-1,,[],304,,408095228,408095228,408095328,-1,28,5400,-1,-1
5537,-1,,[],304,,408095229,408095229,408095329,-1,29,5600,-1,-1
5538,-1,,[],304,,408095230,408095230,408095330,-1,30,5800,-1,-1
5539,-1,,[],305,,408135201,408135201,408135301,-1,1,100,-1,-1
5540,-1,,[],305,,408135202,408135202,408135302,-1,2,200,-1,-1
5541,-1,,[],305,,408135203,408135203,408135303,-1,3,400,-1,-1
5542,-1,,[],305,,408135204,408135204,408135304,-1,4,600,-1,-1
5543,-1,,[],305,,408135205,408135205,408135305,-1,5,800,-1,-1
5544,-1,,[],305,,408135206,408135206,408135306,-1,6,1000,-1,-1
5545,-1,,[],305,,408135207,408135207,408135307,-1,7,1200,-1,-1
5546,-1,,[],305,,408135208,408135208,408135308,-1,8,1400,-1,-1
5547,-1,,[],305,,408135209,408135209,408135309,-1,9,1600,-1,-1
5548,-1,,[],305,,408135210,408135210,408135310,-1,10,1800,-1,-1
5549,-1,,[],305,,408135211,408135211,408135311,-1,11,2000,-1,-1
5550,-1,,[],305,,408135212,408135212,408135312,-1,12,2200,-1,-1
5551,-1,,[],305,,408135213,408135213,408135313,-1,13,2400,-1,-1
5552,-1,,[],305,,408135214,408135214,408135314,-1,14,2600,-1,-1
5553,-1,,[],305,,408135215,408135215,408135315,-1,15,2800,-1,-1
5554,-1,,[],305,,408135216,408135216,408135316,-1,16,3000,-1,-1
5555,-1,,[],305,,408135217,408135217,408135317,-1,17,3200,-1,-1
5556,-1,,[],305,,408135218,408135218,408135318,-1,18,3400,-1,-1
5557,-1,,[],305,,408135219,408135219,408135319,-1,19,3600,-1,-1
5558,-1,,[],305,,408135220,408135220,408135320,-1,20,3800,-1,-1
5559,-1,,[],305,,408135221,408135221,408135321,-1,21,4000,-1,-1
5560,-1,,[],305,,408135222,408135222,408135322,-1,22,4200,-1,-1
5561,-1,,[],305,,408135223,408135223,408135323,-1,23,4400,-1,-1
5562,-1,,[],305,,408135224,408135224,408135324,-1,24,4600,-1,-1
5563,-1,,[],305,,408135225,408135225,408135325,-1,25,4800,-1,-1
5564,-1,,[],305,,408135226,408135226,408135326,-1,26,5000,-1,-1
5565,-1,,[],305,,408135227,408135227,408135327,-1,27,5200,-1,-1
5566,-1,,[],305,,408135228,408135228,408135328,-1,28,5400,-1,-1
5567,-1,,[],305,,408135229,408135229,408135329,-1,29,5600,-1,-1
5568,-1,,[],305,,408135230,408135230,408135330,-1,30,5800,-1,-1
5569,-1,,[],306,,407317101,407317101,-1,-1,1,100,-1,-1
5570,-1,,[],306,,407317102,407317102,-1,-1,2,1000,-1,-1
5571,-1,,[],306,,407317103,407317103,-1,-1,3,2000,-1,-1
5572,-1,,[],306,,407317104,407317104,-1,-1,4,3000,-1,-1
5573,-1,,[],306,,408136001,408136001,-1,-1,5,4000,-1,-1
5574,-1,,[],307,,408143101,408143101,408143201,-1,1,100,-1,-1
5575,-1,,[],307,,408143102,408143102,408143202,-1,2,150,-1,-1
5576,-1,,[],307,,408143103,408143103,408143203,-1,3,200,-1,-1
5577,-1,,[],307,,408143104,408143104,408143204,-1,4,250,-1,-1
5578,-1,,[],307,,408143105,408143105,408143205,-1,5,300,-1,-1
5579,-1,,[],307,,408143106,408143106,408143206,-1,6,350,-1,-1
5580,-1,,[],307,,408143107,408143107,408143207,-1,7,400,-1,-1
5581,-1,,[],307,,408143108,408143108,408143208,-1,8,450,-1,-1
5582,-1,,[],307,,408143109,408143109,408143209,-1,9,500,-1,-1
5583,-1,,[],307,,408143110,408143110,408143210,-1,10,550,-1,-1
5584,-1,,[],307,,408143111,408143111,408143211,-1,11,600,-1,-1
5585,-1,,[],307,,408143112,408143112,408143212,-1,12,700,-1,-1
5586,-1,,[],307,,408143113,408143113,408143213,-1,13,800,-1,-1
5587,-1,,[],307,,408143114,408143114,408143214,-1,14,900,-1,-1
5588,-1,,[],307,,408143115,408143115,408143215,-1,15,1000,-1,-1
5589,-1,,[],307,,408143116,408143116,408143216,-1,16,1100,-1,-1
5590,-1,,[],307,,408143117,408143117,408143217,-1,17,1200,-1,-1
5591,-1,,[],307,,408143118,408143118,408143218,-1,18,1300,-1,-1
5592,-1,,[],307,,408143119,408143119,408143219,-1,19,1400,-1,-1
5593,-1,,[],307,,408143120,408143120,408143220,-1,20,1500,-1,-1
5594,-1,,[],307,,408143121,408143121,408143221,-1,21,1600,-1,-1
5595,-1,,[],307,,408143122,408143122,408143222,-1,22,1700,-1,-1
5596,-1,,[],307,,408143123,408143123,408143223,-1,23,1800,-1,-1
5597,-1,,[],307,,408143124,408143124,408143224,-1,24,1900,-1,-1
5598,-1,,[],307,,408143125,408143125,408143225,-1,25,2000,-1,-1
5599,-1,,[],308,activity_point_kldj,408217001,408217001,-1,-1,1,5,-1,-1
5600,-1,,[],308,activity_point_kldj,408217002,408217002,-1,-1,2,10,-1,-1
5601,-1,,[],308,activity_point_kldj,408217003,408217003,-1,-1,3,20,-1,-1
5602,-1,,[],308,activity_point_kldj,408217004,408217004,-1,-1,4,30,-1,-1
5603,-1,,[],308,activity_point_kldj,408217005,408217005,-1,-1,5,40,-1,-1
5604,-1,,[],308,activity_point_kldj,408217006,408217006,-1,-1,6,50,-1,-1
5605,-1,,[],308,activity_point_kldj,408217007,408217007,-1,-1,7,60,-1,-1
5474,-1,,[],301,,1261,1261,-1,-1,1,3,-1,-1
5475,-1,,[],301,,1262,1262,-1,-1,2,6,-1,-1
5476,-1,,[],301,,1263,1263,-1,-1,3,9,-1,-1
5477,-1,,[],301,,1264,1264,-1,-1,4,12,-1,-1
5478,-1,,[],301,,1265,1265,-1,-1,5,16,-1,-1
5606,-1,,[],301,,1266,1266,-1,-1,6,20,-1,-1
5607,-1,,[],301,,1267,1267,-1,-1,7,25,-1,-1
5608,-1,,[],301,,1268,1268,-1,-1,8,30,-1,-1
5609,-1,,[],301,,1269,1269,-1,-1,9,40,-1,-1
5610,-1,,[],301,,1270,1270,-1,-1,10,50,-1,-1
5611,-1,,[],301,,1271,1271,-1,-1,11,60,-1,-1
5612,-1,,[],301,,1272,1272,-1,-1,12,70,-1,-1
5613,-1,,[],301,,1273,1273,-1,-1,13,80,-1,-1
5614,-1,,[],301,,1274,1274,-1,-1,14,90,-1,-1
5615,-1,,[],301,,1275,1275,-1,-1,15,100,-1,-1
5616,-1,,[],301,,1276,1276,-1,-1,16,110,-1,-1
5617,-1,,[],301,,1277,1277,-1,-1,17,120,-1,-1
5618,-1,,[],301,,1278,1278,-1,-1,18,130,-1,-1
5619,-1,,[],301,,1279,1279,-1,-1,19,140,-1,-1
5620,-1,,[],301,,1280,1280,-1,-1,20,150,-1,-1
5621,-1,,[],301,,1281,1281,-1,-1,21,160,-1,-1
5622,-1,,[],301,,1282,1282,-1,-1,22,170,-1,-1
5623,-1,,[],301,,1283,1283,-1,-1,23,180,-1,-1
5624,-1,,[],301,,1284,1284,-1,-1,24,190,-1,-1
5625,-1,,[],301,,1285,1285,-1,-1,25,200,-1,-1
5626,-1,,[],309,,408215201,408215201,408095301,-1,1,100,-1,-1
5627,-1,,[],309,,408215202,408215202,408095302,-1,2,200,-1,-1
5628,-1,,[],309,,408215203,408215203,408095303,-1,3,400,-1,-1
5629,-1,,[],309,,408215204,408215204,408095304,-1,4,600,-1,-1
5630,-1,,[],309,,408215205,408215205,408095305,-1,5,800,-1,-1
5631,-1,,[],309,,408215206,408215206,408095306,-1,6,1000,-1,-1
5632,-1,,[],309,,408215207,408215207,408095307,-1,7,1200,-1,-1
5633,-1,,[],309,,408215208,408215208,408095308,-1,8,1400,-1,-1
5634,-1,,[],309,,408215209,408215209,408095309,-1,9,1600,-1,-1
5635,-1,,[],309,,408215210,408215210,408095310,-1,10,1800,-1,-1
5636,-1,,[],309,,408215211,408215211,408095311,-1,11,2000,-1,-1
5637,-1,,[],309,,408215212,408215212,408095312,-1,12,2200,-1,-1
5638,-1,,[],309,,408215213,408215213,408095313,-1,13,2400,-1,-1
5639,-1,,[],309,,408215214,408215214,408095314,-1,14,2600,-1,-1
5640,-1,,[],309,,408215215,408215215,408095315,-1,15,2800,-1,-1
5641,-1,,[],309,,408215216,408215216,408095316,-1,16,3000,-1,-1
5642,-1,,[],309,,408215217,408215217,408095317,-1,17,3200,-1,-1
5643,-1,,[],309,,408215218,408215218,408095318,-1,18,3400,-1,-1
5644,-1,,[],309,,408215219,408215219,408095319,-1,19,3600,-1,-1
5645,-1,,[],309,,408215220,408215220,408095320,-1,20,3800,-1,-1
5646,-1,,[],309,,408215221,408215221,408095321,-1,21,4000,-1,-1
5647,-1,,[],309,,408215222,408215222,408095322,-1,22,4200,-1,-1
5648,-1,,[],309,,408215223,408215223,408095323,-1,23,4400,-1,-1
5649,-1,,[],309,,408215224,408215224,408095324,-1,24,4600,-1,-1
5650,-1,,[],309,,408215225,408215225,408095325,-1,25,4800,-1,-1
5651,-1,,[],309,,408215226,408215226,408095326,-1,26,5000,-1,-1
5652,-1,,[],309,,408215227,408215227,408095327,-1,27,5200,-1,-1
5653,-1,,[],309,,408215228,408215228,408095328,-1,28,5400,-1,-1
5654,-1,,[],309,,408215229,408215229,408095329,-1,29,5600,-1,-1
5655,-1,,[],309,,408215230,408215230,408095330,-1,30,5800,-1,-1
5656,-1,,[],310,,408210601,408210601,-1,-1,1,50,-1,-1
5657,-1,,[],310,,408210602,408210602,-1,-1,2,100,-1,-1
5658,-1,,[],310,,408210603,408210603,-1,-1,3,200,-1,-1
5659,-1,,[],310,,408210604,408210604,-1,-1,4,500,-1,-1
5660,-1,,[],310,,408210605,408210605,-1,-1,5,1000,-1,-1
5661,-1,,[],310,,408210606,408210606,-1,-1,6,1500,-1,-1
5662,-1,,[],310,,408210607,408210607,-1,-1,7,2500,-1,-1
5663,-1,,[],311,,408210701,408210701,408210801,-1,1,100,-1,-1
5664,-1,,[],311,,408210702,408210702,408210802,-1,2,150,-1,-1
5665,-1,,[],311,,408210703,408210703,408210803,-1,3,200,-1,-1
5666,-1,,[],311,,408210704,408210704,408210804,-1,4,250,-1,-1
5667,-1,,[],311,,408210705,408210705,408210805,-1,5,300,-1,-1
5668,-1,,[],311,,408210706,408210706,408210806,-1,6,350,-1,-1
5669,-1,,[],311,,408210707,408210707,408210807,-1,7,400,-1,-1
5670,-1,,[],311,,408210708,408210708,408210808,-1,8,450,-1,-1
5671,-1,,[],311,,408210709,408210709,408210809,-1,9,500,-1,-1
5672,-1,,[],311,,408210710,408210710,408210810,-1,10,550,-1,-1
5673,-1,,[],311,,408210711,408210711,408210811,-1,11,600,-1,-1
5674,-1,,[],311,,408210712,408210712,408210812,-1,12,700,-1,-1
5675,-1,,[],311,,408210713,408210713,408210813,-1,13,800,-1,-1
5676,-1,,[],311,,408210714,408210714,408210814,-1,14,900,-1,-1
5677,-1,,[],311,,408210715,408210715,408210815,-1,15,1000,-1,-1
5678,-1,,[],311,,408210716,408210716,408210816,-1,16,1100,-1,-1
5679,-1,,[],311,,408210717,408210717,408210817,-1,17,1200,-1,-1
5680,-1,,[],311,,408210718,408210718,408210818,-1,18,1300,-1,-1
5681,-1,,[],311,,408210719,408210719,408210819,-1,19,1400,-1,-1
5682,-1,,[],311,,408210720,408210720,408210820,-1,20,1500,-1,-1
5683,-1,,[],311,,408210721,408210721,408210821,-1,21,1600,-1,-1
5684,-1,,[],311,,408210722,408210722,408210822,-1,22,1700,-1,-1
5685,-1,,[],311,,408210723,408210723,408210823,-1,23,1800,-1,-1
5686,-1,,[],311,,408210724,408210724,408210824,-1,24,1900,-1,-1
5687,-1,,[],311,,408210725,408210725,408210825,-1,25,2000,-1,-1
5688,-1,,[],312,,408212001,408212001,408212101,-1,1,1,-1,-1
5689,-1,,[],312,,408212002,408212002,408212102,-1,2,2,-1,-1
5690,-1,,[],312,,408212003,408212003,408212103,-1,3,3,-1,-1
5691,-1,,[],312,,408212004,408212004,408212104,-1,4,4,-1,-1
5692,-1,,[],312,,408212005,408212005,408212105,-1,5,5,-1,-1
5693,-1,,[],312,,408212006,408212006,408212106,-1,6,6,-1,-1
5694,-1,,[],312,,408212007,408212007,408212107,-1,7,7,-1,-1
5695,-1,,[],313,,408213101,408213101,408213201,-1,1,100,-1,-1
5696,-1,,[],313,,408213102,408213102,408213202,-1,2,150,-1,-1
5697,-1,,[],313,,408213103,408213103,408213203,-1,3,200,-1,-1
5698,-1,,[],313,,408213104,408213104,408213204,-1,4,250,-1,-1
5699,-1,,[],313,,408213105,408213105,408213205,-1,5,300,-1,-1
5700,-1,,[],313,,408213106,408213106,408213206,-1,6,350,-1,-1
5701,-1,,[],313,,408213107,408213107,408213207,-1,7,400,-1,-1
5702,-1,,[],313,,408213108,408213108,408213208,-1,8,450,-1,-1
5703,-1,,[],313,,408213109,408213109,408213209,-1,9,500,-1,-1
5704,-1,,[],313,,408213110,408213110,408213210,-1,10,550,-1,-1
5705,-1,,[],313,,408213111,408213111,408213211,-1,11,600,-1,-1
5706,-1,,[],313,,408213112,408213112,408213212,-1,12,700,-1,-1
5707,-1,,[],313,,408213113,408213113,408213213,-1,13,800,-1,-1
5708,-1,,[],313,,408213114,408213114,408213214,-1,14,900,-1,-1
5709,-1,,[],313,,408213115,408213115,408213215,-1,15,1000,-1,-1
5710,-1,,[],313,,408213116,408213116,408213216,-1,16,1100,-1,-1
5711,-1,,[],313,,408213117,408213117,408213217,-1,17,1200,-1,-1
5712,-1,,[],313,,408213118,408213118,408213218,-1,18,1300,-1,-1
5713,-1,,[],313,,408213119,408213119,408213219,-1,19,1400,-1,-1
5714,-1,,[],313,,408213120,408213120,408213220,-1,20,1500,-1,-1
5715,-1,,[],313,,408213121,408213121,408213221,-1,21,1600,-1,-1
5716,-1,,[],313,,408213122,408213122,408213222,-1,22,1700,-1,-1
5717,-1,,[],313,,408213123,408213123,408213223,-1,23,1800,-1,-1
5718,-1,,[],313,,408213124,408213124,408213224,-1,24,1900,-1,-1
5719,-1,,[],313,,408213125,408213125,408213225,-1,25,2000,-1,-1
5720,-1,,[],314,,408221001,408221001,-1,-1,1,10,-1,-1
5721,-1,,[],314,,408221002,408221002,-1,-1,2,20,-1,-1
5722,-1,,[],314,,408221003,408221003,-1,-1,3,30,-1,-1
5723,-1,,[],314,,408221004,408221004,-1,-1,4,40,-1,-1
5724,-1,,[],314,,408221005,408221005,-1,-1,5,50,-1,-1
5725,-1,,[],315,,407317101,407317101,-1,-1,1,100,-1,-1
5726,-1,,[],315,,407317102,407317102,-1,-1,2,1000,-1,-1
5727,-1,,[],315,,407317103,407317103,-1,-1,3,2000,-1,-1
5728,-1,,[],315,,407317104,407317104,-1,-1,4,3000,-1,-1
5729,-1,,[],315,,406280401,406280401,-1,-1,5,4000,-1,-1
5730,-1,,[],316,,408267001,408267001,408267101,-1,1,100,-1,-1
5731,-1,,[],316,,408267002,408267002,408267102,-1,2,200,-1,-1
5732,-1,,[],316,,408267003,408267003,408267103,-1,3,400,-1,-1
5733,-1,,[],316,,408267004,408267004,408267104,-1,4,600,-1,-1
5734,-1,,[],316,,408267005,408267005,408267105,-1,5,800,-1,-1
5735,-1,,[],316,,408267006,408267006,408267106,-1,6,1000,-1,-1
5736,-1,,[],316,,408267007,408267007,408267107,-1,7,1200,-1,-1
5737,-1,,[],316,,408267008,408267008,408267108,-1,8,1400,-1,-1
5738,-1,,[],316,,408267009,408267009,408267109,-1,9,1600,-1,-1
5739,-1,,[],316,,408267010,408267010,408267110,-1,10,1800,-1,-1
5740,-1,,[],316,,408267011,408267011,408267111,-1,11,2000,-1,-1
5741,-1,,[],316,,408267012,408267012,408267112,-1,12,2200,-1,-1
5742,-1,,[],316,,408267013,408267013,408267113,-1,13,2400,-1,-1
5743,-1,,[],316,,408267014,408267014,408267114,-1,14,2600,-1,-1
5744,-1,,[],316,,408267015,408267015,408267115,-1,15,2800,-1,-1
5745,-1,,[],316,,408267016,408267016,408267116,-1,16,3000,-1,-1
5746,-1,,[],316,,408267017,408267017,408267117,-1,17,3200,-1,-1
5747,-1,,[],316,,408267018,408267018,408267118,-1,18,3400,-1,-1
5748,-1,,[],316,,408267019,408267019,408267119,-1,19,3600,-1,-1
5749,-1,,[],316,,408267020,408267020,408267120,-1,20,3800,-1,-1
5750,-1,,[],316,,408267021,408267021,408267121,-1,21,4000,-1,-1
5751,-1,,[],316,,408267022,408267022,408267122,-1,22,4200,-1,-1
5752,-1,,[],316,,408267023,408267023,408267123,-1,23,4400,-1,-1
5753,-1,,[],316,,408267024,408267024,408267124,-1,24,4600,-1,-1
5754,-1,,[],316,,408267025,408267025,408267125,-1,25,4800,-1,-1
5755,-1,,[],316,,408267026,408267026,408267126,-1,26,5000,-1,-1
5756,-1,,[],316,,408267027,408267027,408267127,-1,27,5200,-1,-1
5757,-1,,[],316,,408267028,408267028,408267128,-1,28,5400,-1,-1
5758,-1,,[],316,,408267029,408267029,408267129,-1,29,5600,-1,-1
5759,-1,,[],316,,408267030,408267030,408267130,-1,30,5800,-1,-1
5760,-1,,[],317,,408280050,408280050,-1,-1,1,800,-1,-1
5761,-1,,[],317,,408081502,408081502,-1,-1,2,2500,-1,-1
5762,-1,,[],317,,408081503,408081503,-1,-1,3,5000,-1,-1
5763,-1,,[],317,,408081504,408081504,-1,-1,4,12000,-1,-1
5764,-1,,[],317,,408081505,408081505,-1,-1,5,25000,-1,-1
5765,-1,,[],318,,406141101,406141101,-1,-1,1,150,-1,-1
5766,-1,,[],318,,406141102,406141102,-1,-1,2,300,-1,-1
5767,-1,,[],318,,406141103,406141103,-1,-1,3,700,-1,-1
5768,-1,,[],318,,406141104,406141104,-1,-1,4,1500,-1,-1
5769,-1,,[],318,,406141105,406141105,-1,-1,5,4000,-1,-1
5770,-1,,[],318,,406141106,406141106,-1,-1,6,10000,-1,-1
5771,-1,,[],319,,409025201,409025201,408095301,-1,1,100,-1,-1
5772,-1,,[],319,,409025202,409025202,408095302,-1,2,200,-1,-1
5773,-1,,[],319,,409025203,409025203,408095303,-1,3,400,-1,-1
5774,-1,,[],319,,409025204,409025204,408095304,-1,4,600,-1,-1
5775,-1,,[],319,,409025205,409025205,408095305,-1,5,800,-1,-1
5776,-1,,[],319,,409025206,409025206,408095306,-1,6,1000,-1,-1
5777,-1,,[],319,,409025207,409025207,408095307,-1,7,1200,-1,-1
5778,-1,,[],319,,409025208,409025208,408095308,-1,8,1400,-1,-1
5779,-1,,[],319,,409025209,409025209,408095309,-1,9,1600,-1,-1
5780,-1,,[],319,,409025210,409025210,408095310,-1,10,1800,-1,-1
5781,-1,,[],319,,409025211,409025211,408095311,-1,11,2000,-1,-1
5782,-1,,[],319,,409025212,409025212,408095312,-1,12,2200,-1,-1
5783,-1,,[],319,,409025213,409025213,408095313,-1,13,2400,-1,-1
5784,-1,,[],319,,409025214,409025214,408095314,-1,14,2600,-1,-1
5785,-1,,[],319,,409025215,409025215,408095315,-1,15,2800,-1,-1
5786,-1,,[],319,,409025216,409025216,408095316,-1,16,3000,-1,-1
5787,-1,,[],319,,409025217,409025217,408095317,-1,17,3200,-1,-1
5788,-1,,[],319,,409025218,409025218,408095318,-1,18,3400,-1,-1
5789,-1,,[],319,,409025219,409025219,408095319,-1,19,3600,-1,-1
5790,-1,,[],319,,409025220,409025220,408095320,-1,20,3800,-1,-1
5791,-1,,[],319,,409025221,409025221,408095321,-1,21,4000,-1,-1
5792,-1,,[],319,,409025222,409025222,408095322,-1,22,4200,-1,-1
5793,-1,,[],319,,409025223,409025223,408095323,-1,23,4400,-1,-1
5794,-1,,[],319,,409025224,409025224,408095324,-1,24,4600,-1,-1
5795,-1,,[],319,,409025225,409025225,408095325,-1,25,4800,-1,-1
5796,-1,,[],319,,409025226,409025226,408095326,-1,26,5000,-1,-1
5797,-1,,[],319,,409025227,409025227,408095327,-1,27,5200,-1,-1
5798,-1,,[],319,,409025228,409025228,408095328,-1,28,5400,-1,-1
5799,-1,,[],319,,409025229,409025229,408095329,-1,29,5600,-1,-1
5800,-1,,[],319,,409025230,409025230,408095330,-1,30,5800,-1,-1
5801,-1,,[],320,,407317101,407317101,-1,-1,1,100,-1,-1
5802,-1,,[],320,,407317102,407317102,-1,-1,2,1000,-1,-1
5803,-1,,[],320,,407317103,407317103,-1,-1,3,2000,-1,-1
5804,-1,,[],320,,407317104,407317104,-1,-1,4,3000,-1,-1
5805,-1,,[],320,,407317105,407317105,-1,-1,5,4000,-1,-1
5806,-1,,[],321,,409035101,409035101,409035201,-1,1,100,-1,-1
5807,-1,,[],321,,409035102,409035102,409035202,-1,2,200,-1,-1
5808,-1,,[],321,,409035103,409035103,409035203,-1,3,400,-1,-1
5809,-1,,[],321,,409035104,409035104,409035204,-1,4,600,-1,-1
5810,-1,,[],321,,409035105,409035105,409035205,-1,5,800,-1,-1
5811,-1,,[],321,,409035106,409035106,409035206,-1,6,1000,-1,-1
5812,-1,,[],321,,409035107,409035107,409035207,-1,7,1200,-1,-1
5813,-1,,[],321,,409035108,409035108,409035208,-1,8,1400,-1,-1
5814,-1,,[],321,,409035109,409035109,409035209,-1,9,1600,-1,-1
5815,-1,,[],321,,409035110,409035110,409035210,-1,10,1800,-1,-1
5816,-1,,[],321,,409035111,409035111,409035211,-1,11,2000,-1,-1
5817,-1,,[],321,,409035112,409035112,409035212,-1,12,2200,-1,-1
5818,-1,,[],321,,409035113,409035113,409035213,-1,13,2400,-1,-1
5819,-1,,[],321,,409035114,409035114,409035214,-1,14,2600,-1,-1
5820,-1,,[],321,,409035115,409035115,409035215,-1,15,2800,-1,-1
5821,-1,,[],321,,409035116,409035116,409035216,-1,16,3000,-1,-1
5822,-1,,[],321,,409035117,409035117,409035217,-1,17,3200,-1,-1
5823,-1,,[],321,,409035118,409035118,409035218,-1,18,3400,-1,-1
5824,-1,,[],321,,409035119,409035119,409035219,-1,19,3600,-1,-1
5825,-1,,[],321,,409035120,409035120,409035220,-1,20,3800,-1,-1
5826,-1,,[],321,,409035121,409035121,409035221,-1,21,4000,-1,-1
5827,-1,,[],321,,409035122,409035122,409035222,-1,22,4200,-1,-1
5828,-1,,[],321,,409035123,409035123,409035223,-1,23,4400,-1,-1
5829,-1,,[],321,,409035124,409035124,409035224,-1,24,4600,-1,-1
5830,-1,,[],321,,409035125,409035125,409035225,-1,25,4800,-1,-1
5831,-1,,[],321,,409035126,409035126,409035226,-1,26,5000,-1,-1
5832,-1,,[],321,,409035127,409035127,409035227,-1,27,5200,-1,-1
5833,-1,,[],321,,409035128,409035128,409035228,-1,28,5400,-1,-1
5834,-1,,[],321,,409035129,409035129,409035229,-1,29,5600,-1,-1
5835,-1,,[],321,,409035130,409035130,409035230,-1,30,5800,-1,-1
5836,-1,,[],322,,409036101,409036101,409036201,-1,1,100,-1,-1
5837,-1,,[],322,,409036102,409036102,409036202,-1,2,200,-1,-1
5838,-1,,[],322,,409036103,409036103,409036203,-1,3,400,-1,-1
5839,-1,,[],322,,409036104,409036104,409036204,-1,4,600,-1,-1
5840,-1,,[],322,,409036105,409036105,409036205,-1,5,800,-1,-1
5841,-1,,[],322,,409036106,409036106,409036206,-1,6,1000,-1,-1
5842,-1,,[],322,,409036107,409036107,409036207,-1,7,1200,-1,-1
5843,-1,,[],322,,409036108,409036108,409036208,-1,8,1400,-1,-1
5844,-1,,[],322,,409036109,409036109,409036209,-1,9,1600,-1,-1
5845,-1,,[],322,,409036110,409036110,409036210,-1,10,1800,-1,-1
5846,-1,,[],322,,409036111,409036111,409036211,-1,11,2000,-1,-1
5847,-1,,[],322,,409036112,409036112,409036212,-1,12,2200,-1,-1
5848,-1,,[],322,,409036113,409036113,409036213,-1,13,2400,-1,-1
5849,-1,,[],322,,409036114,409036114,409036214,-1,14,2600,-1,-1
5850,-1,,[],322,,409036115,409036115,409036215,-1,15,2800,-1,-1
5851,-1,,[],322,,409036116,409036116,409036216,-1,16,3000,-1,-1
5852,-1,,[],322,,409036117,409036117,409036217,-1,17,3200,-1,-1
5853,-1,,[],322,,409036118,409036118,409036218,-1,18,3400,-1,-1
5854,-1,,[],322,,409036119,409036119,409036219,-1,19,3600,-1,-1
5855,-1,,[],322,,409036120,409036120,409036220,-1,20,3800,-1,-1
5856,-1,,[],322,,409036121,409036121,409036221,-1,21,4000,-1,-1
5857,-1,,[],322,,409036122,409036122,409036222,-1,22,4200,-1,-1
5858,-1,,[],322,,409036123,409036123,409036223,-1,23,4400,-1,-1
5859,-1,,[],322,,409036124,409036124,409036224,-1,24,4600,-1,-1
5860,-1,,[],322,,409036125,409036125,409036225,-1,25,4800,-1,-1
5861,-1,,[],322,,409036126,409036126,409036226,-1,26,5000,-1,-1
5862,-1,,[],322,,409036127,409036127,409036227,-1,27,5200,-1,-1
5863,-1,,[],322,,409036128,409036128,409036228,-1,28,5400,-1,-1
5864,-1,,[],322,,409036129,409036129,409036229,-1,29,5600,-1,-1
5865,-1,,[],322,,409036130,409036130,409036230,-1,30,5800,-1,-1
5866,-1,,[],323,,409037101,409037101,409037201,-1,1,100,-1,-1
5867,-1,,[],323,,409037102,409037102,409037202,-1,2,200,-1,-1
5868,-1,,[],323,,409037103,409037103,409037203,-1,3,400,-1,-1
5869,-1,,[],323,,409037104,409037104,409037204,-1,4,600,-1,-1
5870,-1,,[],323,,409037105,409037105,409037205,-1,5,800,-1,-1
5871,-1,,[],323,,409037106,409037106,409037206,-1,6,1000,-1,-1
5872,-1,,[],323,,409037107,409037107,409037207,-1,7,1200,-1,-1
5873,-1,,[],323,,409037108,409037108,409037208,-1,8,1400,-1,-1
5874,-1,,[],323,,409037109,409037109,409037209,-1,9,1600,-1,-1
5875,-1,,[],323,,409037110,409037110,409037210,-1,10,1800,-1,-1
5876,-1,,[],323,,409037111,409037111,409037211,-1,11,2000,-1,-1
5877,-1,,[],323,,409037112,409037112,409037212,-1,12,2200,-1,-1
5878,-1,,[],323,,409037113,409037113,409037213,-1,13,2400,-1,-1
5879,-1,,[],323,,409037114,409037114,409037214,-1,14,2600,-1,-1
5880,-1,,[],323,,409037115,409037115,409037215,-1,15,2800,-1,-1
5881,-1,,[],323,,409037116,409037116,409037216,-1,16,3000,-1,-1
5882,-1,,[],323,,409037117,409037117,409037217,-1,17,3200,-1,-1
5883,-1,,[],323,,409037118,409037118,409037218,-1,18,3400,-1,-1
5884,-1,,[],323,,409037119,409037119,409037219,-1,19,3600,-1,-1
5885,-1,,[],323,,409037120,409037120,409037220,-1,20,3800,-1,-1
5886,-1,,[],323,,409037121,409037121,409037221,-1,21,4000,-1,-1
5887,-1,,[],323,,409037122,409037122,409037222,-1,22,4200,-1,-1
5888,-1,,[],323,,409037123,409037123,409037223,-1,23,4400,-1,-1
5889,-1,,[],323,,409037124,409037124,409037224,-1,24,4600,-1,-1
5890,-1,,[],323,,409037125,409037125,409037225,-1,25,4800,-1,-1
5891,-1,,[],323,,409037126,409037126,409037226,-1,26,5000,-1,-1
5892,-1,,[],323,,409037127,409037127,409037227,-1,27,5200,-1,-1
5893,-1,,[],323,,409037128,409037128,409037228,-1,28,5400,-1,-1
5894,-1,,[],323,,409037129,409037129,409037229,-1,29,5600,-1,-1
5895,-1,,[],323,,409037130,409037130,409037230,-1,30,5800,-1,-1
5896,-1,,[],324,,409038101,409038101,409038201,-1,1,100,-1,-1
5897,-1,,[],324,,409038102,409038102,409038202,-1,2,200,-1,-1
5898,-1,,[],324,,409038103,409038103,409038203,-1,3,400,-1,-1
5899,-1,,[],324,,409038104,409038104,409038204,-1,4,600,-1,-1
5900,-1,,[],324,,409038105,409038105,409038205,-1,5,800,-1,-1
5901,-1,,[],324,,409038106,409038106,409038206,-1,6,1000,-1,-1
5902,-1,,[],324,,409038107,409038107,409038207,-1,7,1200,-1,-1
5903,-1,,[],324,,409038108,409038108,409038208,-1,8,1400,-1,-1
5904,-1,,[],324,,409038109,409038109,409038209,-1,9,1600,-1,-1
5905,-1,,[],324,,409038110,409038110,409038210,-1,10,1800,-1,-1
5906,-1,,[],324,,409038111,409038111,409038211,-1,11,2000,-1,-1
5907,-1,,[],324,,409038112,409038112,409038212,-1,12,2200,-1,-1
5908,-1,,[],324,,409038113,409038113,409038213,-1,13,2400,-1,-1
5909,-1,,[],324,,409038114,409038114,409038214,-1,14,2600,-1,-1
5910,-1,,[],324,,409038115,409038115,409038215,-1,15,2800,-1,-1
5911,-1,,[],324,,409038116,409038116,409038216,-1,16,3000,-1,-1
5912,-1,,[],324,,409038117,409038117,409038217,-1,17,3200,-1,-1
5913,-1,,[],324,,409038118,409038118,409038218,-1,18,3400,-1,-1
5914,-1,,[],324,,409038119,409038119,409038219,-1,19,3600,-1,-1
5915,-1,,[],324,,409038120,409038120,409038220,-1,20,3800,-1,-1
5916,-1,,[],324,,409038121,409038121,409038221,-1,21,4000,-1,-1
5917,-1,,[],324,,409038122,409038122,409038222,-1,22,4200,-1,-1
5918,-1,,[],324,,409038123,409038123,409038223,-1,23,4400,-1,-1
5919,-1,,[],324,,409038124,409038124,409038224,-1,24,4600,-1,-1
5920,-1,,[],324,,409038125,409038125,409038225,-1,25,4800,-1,-1
5921,-1,,[],324,,409038126,409038126,409038226,-1,26,5000,-1,-1
5922,-1,,[],324,,409038127,409038127,409038227,-1,27,5200,-1,-1
5923,-1,,[],324,,409038128,409038128,409038228,-1,28,5400,-1,-1
5924,-1,,[],324,,409038129,409038129,409038229,-1,29,5600,-1,-1
5925,-1,,[],324,,409038130,409038130,409038230,-1,30,5800,-1,-1
5926,-1,,[],325,,409039101,409039101,409039201,-1,1,100,-1,-1
5927,-1,,[],325,,409039102,409039102,409039202,-1,2,200,-1,-1
5928,-1,,[],325,,409039103,409039103,409039203,-1,3,400,-1,-1
5929,-1,,[],325,,409039104,409039104,409039204,-1,4,600,-1,-1
5930,-1,,[],325,,409039105,409039105,409039205,-1,5,800,-1,-1
5931,-1,,[],325,,409039106,409039106,409039206,-1,6,1000,-1,-1
5932,-1,,[],325,,409039107,409039107,409039207,-1,7,1200,-1,-1
5933,-1,,[],325,,409039108,409039108,409039208,-1,8,1400,-1,-1
5934,-1,,[],325,,409039109,409039109,409039209,-1,9,1600,-1,-1
5935,-1,,[],325,,409039110,409039110,409039210,-1,10,1800,-1,-1
5936,-1,,[],325,,409039111,409039111,409039211,-1,11,2000,-1,-1
5937,-1,,[],325,,409039112,409039112,409039212,-1,12,2200,-1,-1
5938,-1,,[],325,,409039113,409039113,409039213,-1,13,2400,-1,-1
5939,-1,,[],325,,409039114,409039114,409039214,-1,14,2600,-1,-1
5940,-1,,[],325,,409039115,409039115,409039215,-1,15,2800,-1,-1
5941,-1,,[],325,,409039116,409039116,409039216,-1,16,3000,-1,-1
5942,-1,,[],325,,409039117,409039117,409039217,-1,17,3200,-1,-1
5943,-1,,[],325,,409039118,409039118,409039218,-1,18,3400,-1,-1
5944,-1,,[],325,,409039119,409039119,409039219,-1,19,3600,-1,-1
5945,-1,,[],325,,409039120,409039120,409039220,-1,20,3800,-1,-1
5946,-1,,[],325,,409039121,409039121,409039221,-1,21,4000,-1,-1
5947,-1,,[],325,,409039122,409039122,409039222,-1,22,4200,-1,-1
5948,-1,,[],325,,409039123,409039123,409039223,-1,23,4400,-1,-1
5949,-1,,[],325,,409039124,409039124,409039224,-1,24,4600,-1,-1
5950,-1,,[],325,,409039125,409039125,409039225,-1,25,4800,-1,-1
5951,-1,,[],325,,409039126,409039126,409039226,-1,26,5000,-1,-1
5952,-1,,[],325,,409039127,409039127,409039227,-1,27,5200,-1,-1
5953,-1,,[],325,,409039128,409039128,409039228,-1,28,5400,-1,-1
5954,-1,,[],325,,409039129,409039129,409039229,-1,29,5600,-1,-1
5955,-1,,[],325,,409039130,409039130,409039230,-1,30,5800,-1,-1
5956,-1,,[],326,,409045201,409045201,409045301,-1,1,100,-1,-1
5957,-1,,[],326,,409045202,409045202,409045302,-1,2,200,-1,-1
5958,-1,,[],326,,409045203,409045203,409045303,-1,3,400,-1,-1
5959,-1,,[],326,,409045204,409045204,409045304,-1,4,600,-1,-1
5960,-1,,[],326,,409045205,409045205,409045305,-1,5,800,-1,-1
5961,-1,,[],326,,409045206,409045206,409045306,-1,6,1000,-1,-1
5962,-1,,[],326,,409045207,409045207,409045307,-1,7,1200,-1,-1
5963,-1,,[],326,,409045208,409045208,409045308,-1,8,1400,-1,-1
5964,-1,,[],326,,409045209,409045209,409045309,-1,9,1600,-1,-1
5965,-1,,[],326,,409045210,409045210,409045310,-1,10,1800,-1,-1
5966,-1,,[],326,,409045211,409045211,409045311,-1,11,2000,-1,-1
5967,-1,,[],326,,409045212,409045212,409045312,-1,12,2200,-1,-1
5968,-1,,[],326,,409045213,409045213,409045313,-1,13,2400,-1,-1
5969,-1,,[],326,,409045214,409045214,409045314,-1,14,2600,-1,-1
5970,-1,,[],326,,409045215,409045215,409045315,-1,15,2800,-1,-1
5971,-1,,[],326,,409045216,409045216,409045316,-1,16,3000,-1,-1
5972,-1,,[],326,,409045217,409045217,409045317,-1,17,3200,-1,-1
5973,-1,,[],326,,409045218,409045218,409045318,-1,18,3400,-1,-1
5974,-1,,[],326,,409045219,409045219,409045319,-1,19,3600,-1,-1
5975,-1,,[],326,,409045220,409045220,409045320,-1,20,3800,-1,-1
5976,-1,,[],326,,409045221,409045221,409045321,-1,21,4000,-1,-1
5977,-1,,[],326,,409045222,409045222,409045322,-1,22,4200,-1,-1
5978,-1,,[],326,,409045223,409045223,409045323,-1,23,4400,-1,-1
5979,-1,,[],326,,409045224,409045224,409045324,-1,24,4600,-1,-1
5980,-1,,[],326,,409045225,409045225,409045325,-1,25,4800,-1,-1
5981,-1,,[],326,,409045226,409045226,409045326,-1,26,5000,-1,-1
5982,-1,,[],326,,409045227,409045227,409045327,-1,27,5200,-1,-1
5983,-1,,[],326,,409045228,409045228,409045328,-1,28,5400,-1,-1
5984,-1,,[],326,,409045229,409045229,409045329,-1,29,5600,-1,-1
5985,-1,,[],326,,409045230,409045230,409045330,-1,30,5800,-1,-1
5986,-1,,[],327,,407317101,407317101,-1,-1,1,100,-1,-1
5987,-1,,[],327,,407317102,407317102,-1,-1,2,1000,-1,-1
5988,-1,,[],327,,407317103,407317103,-1,-1,3,2000,-1,-1
5989,-1,,[],327,,407317104,407317104,-1,-1,4,3000,-1,-1
5990,-1,,[],327,,405130001,405130001,-1,-1,5,4000,-1,-1
5991,-1,,[],328,,409046001,409046001,409046101,-1,1,100,-1,-1
5992,-1,,[],328,,409046002,409046002,409046102,-1,2,200,-1,-1
5993,-1,,[],328,,409046003,409046003,409046103,-1,3,400,-1,-1
5994,-1,,[],328,,409046004,409046004,409046104,-1,4,600,-1,-1
5995,-1,,[],328,,409046005,409046005,409046105,-1,5,800,-1,-1
5996,-1,,[],328,,409046006,409046006,409046106,-1,6,1000,-1,-1
5997,-1,,[],328,,409046007,409046007,409046107,-1,7,1200,-1,-1
5998,-1,,[],328,,409046008,409046008,409046108,-1,8,1400,-1,-1
5999,-1,,[],328,,409046009,409046009,409046109,-1,9,1600,-1,-1
6000,-1,,[],328,,409046010,409046010,409046110,-1,10,1800,-1,-1
6001,-1,,[],328,,409046011,409046011,409046111,-1,11,2000,-1,-1
6002,-1,,[],328,,409046012,409046012,409046112,-1,12,2200,-1,-1
6003,-1,,[],328,,409046013,409046013,409046113,-1,13,2400,-1,-1
6004,-1,,[],328,,409046014,409046014,409046114,-1,14,2600,-1,-1
6005,-1,,[],328,,409046015,409046015,409046115,-1,15,2800,-1,-1
6006,-1,,[],328,,409046016,409046016,409046116,-1,16,3000,-1,-1
6007,-1,,[],328,,409046017,409046017,409046117,-1,17,3200,-1,-1
6008,-1,,[],328,,409046018,409046018,409046118,-1,18,3400,-1,-1
6009,-1,,[],328,,409046019,409046019,409046119,-1,19,3600,-1,-1
6010,-1,,[],328,,409046020,409046020,409046120,-1,20,3800,-1,-1
6011,-1,,[],328,,409046021,409046021,409046121,-1,21,4000,-1,-1
6012,-1,,[],328,,409046022,409046022,409046122,-1,22,4200,-1,-1
6013,-1,,[],328,,409046023,409046023,409046123,-1,23,4400,-1,-1
6014,-1,,[],328,,409046024,409046024,409046124,-1,24,4600,-1,-1
6015,-1,,[],328,,409046025,409046025,409046125,-1,25,4800,-1,-1
6016,-1,,[],328,,409046026,409046026,409046126,-1,26,5000,-1,-1
6017,-1,,[],328,,409046027,409046027,409046127,-1,27,5200,-1,-1
6018,-1,,[],328,,409046028,409046028,409046128,-1,28,5400,-1,-1
6019,-1,,[],328,,409046029,409046029,409046129,-1,29,5600,-1,-1
6020,-1,,[],328,,409046030,409046030,409046130,-1,30,5800,-1,-1
6021,-1,,[],329,,409050201,409050201,409050301,-1,1,100,-1,-1
6022,-1,,[],329,,409050202,409050202,409050302,-1,2,150,-1,-1
6023,-1,,[],329,,409050203,409050203,409050303,-1,3,200,-1,-1
6024,-1,,[],329,,409050204,409050204,409050304,-1,4,250,-1,-1
6025,-1,,[],329,,409050205,409050205,409050305,-1,5,300,-1,-1
6026,-1,,[],329,,409050206,409050206,409050306,-1,6,350,-1,-1
6027,-1,,[],329,,409050207,409050207,409050307,-1,7,400,-1,-1
6028,-1,,[],329,,409050208,409050208,409050308,-1,8,450,-1,-1
6029,-1,,[],329,,409050209,409050209,409050309,-1,9,500,-1,-1
6030,-1,,[],329,,409050210,409050210,409050310,-1,10,550,-1,-1
6031,-1,,[],329,,409050211,409050211,409050311,-1,11,600,-1,-1
6032,-1,,[],329,,409050212,409050212,409050312,-1,12,700,-1,-1
6033,-1,,[],329,,409050213,409050213,409050313,-1,13,800,-1,-1
6034,-1,,[],329,,409050214,409050214,409050314,-1,14,900,-1,-1
6035,-1,,[],329,,409050215,409050215,409050315,-1,15,1000,-1,-1
6036,-1,,[],329,,409050216,409050216,409050316,-1,16,1100,-1,-1
6037,-1,,[],329,,409050217,409050217,409050317,-1,17,1200,-1,-1
6038,-1,,[],329,,409050218,409050218,409050318,-1,18,1300,-1,-1
6039,-1,,[],329,,409050219,409050219,409050319,-1,19,1400,-1,-1
6040,-1,,[],329,,409050220,409050220,409050320,-1,20,1500,-1,-1
6041,-1,,[],329,,409050221,409050221,409050321,-1,21,1600,-1,-1
6042,-1,,[],329,,409050222,409050222,409050322,-1,22,1700,-1,-1
6043,-1,,[],329,,409050223,409050223,409050323,-1,23,1800,-1,-1
6044,-1,,[],329,,409050224,409050224,409050324,-1,24,1900,-1,-1
6045,-1,,[],329,,409050225,409050225,409050325,-1,25,2000,-1,-1
6046,-1,,[],330,,407316001,407316001,409066101,-1,1,100,-1,-1
6047,-1,,[],330,,407316002,407316002,409066102,-1,2,200,-1,-1
6048,-1,,[],330,,407316003,407316003,409066103,-1,3,400,-1,-1
6049,-1,,[],330,,407316004,407316004,409066104,-1,4,600,-1,-1
6050,-1,,[],330,,407316005,407316005,409066105,-1,5,800,-1,-1
6051,-1,,[],330,,407316006,407316006,409066106,-1,6,1000,-1,-1
6052,-1,,[],330,,407316007,407316007,409066107,-1,7,1200,-1,-1
6053,-1,,[],330,,407316008,407316008,409066108,-1,8,1400,-1,-1
6054,-1,,[],330,,407316009,407316009,409066109,-1,9,1600,-1,-1
6055,-1,,[],330,,407316010,407316010,409066110,-1,10,1800,-1,-1
6056,-1,,[],330,,407316011,407316011,409066111,-1,11,2000,-1,-1
6057,-1,,[],330,,407316012,407316012,409066112,-1,12,2200,-1,-1
6058,-1,,[],330,,407316013,407316013,409066113,-1,13,2400,-1,-1
6059,-1,,[],330,,407316014,407316014,409066114,-1,14,2600,-1,-1
6060,-1,,[],330,,407316015,407316015,409066115,-1,15,2800,-1,-1
6061,-1,,[],330,,407316016,407316016,409066116,-1,16,3000,-1,-1
6062,-1,,[],330,,407316017,407316017,409066117,-1,17,3200,-1,-1
6063,-1,,[],330,,407316018,407316018,409066118,-1,18,3400,-1,-1
6064,-1,,[],330,,407316019,407316019,409066119,-1,19,3600,-1,-1
6065,-1,,[],330,,407316020,407316020,409066120,-1,20,3800,-1,-1
6066,-1,,[],330,,407316021,407316021,409066121,-1,21,4000,-1,-1
6067,-1,,[],330,,407316022,407316022,409066122,-1,22,4200,-1,-1
6068,-1,,[],330,,407316023,407316023,409066123,-1,23,4400,-1,-1
6069,-1,,[],330,,407316024,407316024,409066124,-1,24,4600,-1,-1
6070,-1,,[],330,,407316025,407316025,409066125,-1,25,4800,-1,-1
6071,-1,,[],330,,407316026,407316026,409066126,-1,26,5000,-1,-1
6072,-1,,[],330,,407316027,407316027,409066127,-1,27,5200,-1,-1
6073,-1,,[],330,,407316028,407316028,409066128,-1,28,5400,-1,-1
6074,-1,,[],330,,407316029,407316029,409066129,-1,29,5600,-1,-1
6075,-1,,[],330,,407316030,407316030,409066130,-1,30,5800,-1,-1
6076,-1,,[],331,,409110101,409110101,409110201,-1,1,100,-1,-1
6077,-1,,[],331,,409110102,409110102,409110202,-1,2,150,-1,-1
6078,-1,,[],331,,409110103,409110103,409110203,-1,3,200,-1,-1
6079,-1,,[],331,,409110104,409110104,409110204,-1,4,250,-1,-1
6080,-1,,[],331,,409110105,409110105,409110205,-1,5,300,-1,-1
6081,-1,,[],331,,409110106,409110106,409110206,-1,6,350,-1,-1
6082,-1,,[],331,,409110107,409110107,409110207,-1,7,400,-1,-1
6083,-1,,[],331,,409110108,409110108,409110208,-1,8,450,-1,-1
6084,-1,,[],331,,409110109,409110109,409110209,-1,9,500,-1,-1
6085,-1,,[],331,,409110110,409110110,409110210,-1,10,550,-1,-1
6086,-1,,[],331,,409110111,409110111,409110211,-1,11,600,-1,-1
6087,-1,,[],331,,409110112,409110112,409110212,-1,12,700,-1,-1
6088,-1,,[],331,,409110113,409110113,409110213,-1,13,800,-1,-1
6089,-1,,[],331,,409110114,409110114,409110214,-1,14,900,-1,-1
6090,-1,,[],331,,409110115,409110115,409110215,-1,15,1000,-1,-1
6091,-1,,[],331,,409110116,409110116,409110216,-1,16,1100,-1,-1
6092,-1,,[],331,,409110117,409110117,409110217,-1,17,1200,-1,-1
6093,-1,,[],331,,409110118,409110118,409110218,-1,18,1300,-1,-1
6094,-1,,[],331,,409110119,409110119,409110219,-1,19,1400,-1,-1
6095,-1,,[],331,,409110120,409110120,409110220,-1,20,1500,-1,-1
6096,-1,,[],331,,409110121,409110121,409110221,-1,21,1600,-1,-1
6097,-1,,[],331,,409110122,409110122,409110222,-1,22,1700,-1,-1
6098,-1,,[],331,,409110123,409110123,409110223,-1,23,1800,-1,-1
6099,-1,,[],331,,409110124,409110124,409110224,-1,24,1900,-1,-1
6100,-1,,[],331,,409110125,409110125,409110225,-1,25,2000,-1,-1
6101,-1,,[],332,,409136001,409136001,409136101,-1,1,100,-1,-1
6102,-1,,[],332,,409136002,409136002,409136102,-1,2,200,-1,-1
6103,-1,,[],332,,409136003,409136003,409136103,-1,3,400,-1,-1
6104,-1,,[],332,,409136004,409136004,409136104,-1,4,600,-1,-1
6105,-1,,[],332,,409136005,409136005,409136105,-1,5,800,-1,-1
6106,-1,,[],332,,409136006,409136006,409136106,-1,6,1000,-1,-1
6107,-1,,[],332,,409136007,409136007,409136107,-1,7,1200,-1,-1
6108,-1,,[],332,,409136008,409136008,409136108,-1,8,1400,-1,-1
6109,-1,,[],332,,409136009,409136009,409136109,-1,9,1600,-1,-1
6110,-1,,[],332,,409136010,409136010,409136110,-1,10,1800,-1,-1
6111,-1,,[],332,,409136011,409136011,409136111,-1,11,2000,-1,-1
6112,-1,,[],332,,409136012,409136012,409136112,-1,12,2200,-1,-1
6113,-1,,[],332,,409136013,409136013,409136113,-1,13,2400,-1,-1
6114,-1,,[],332,,409136014,409136014,409136114,-1,14,2600,-1,-1
6115,-1,,[],332,,409136015,409136015,409136115,-1,15,2800,-1,-1
6116,-1,,[],332,,409136016,409136016,409136116,-1,16,3000,-1,-1
6117,-1,,[],332,,409136017,409136017,409136117,-1,17,3200,-1,-1
6118,-1,,[],332,,409136018,409136018,409136118,-1,18,3400,-1,-1
6119,-1,,[],332,,409136019,409136019,409136119,-1,19,3600,-1,-1
6120,-1,,[],332,,409136020,409136020,409136120,-1,20,3800,-1,-1
6121,-1,,[],332,,409136021,409136021,409136121,-1,21,4000,-1,-1
6122,-1,,[],332,,409136022,409136022,409136122,-1,22,4200,-1,-1
6123,-1,,[],332,,409136023,409136023,409136123,-1,23,4400,-1,-1
6124,-1,,[],332,,409136024,409136024,409136124,-1,24,4600,-1,-1
6125,-1,,[],332,,409136025,409136025,409136125,-1,25,4800,-1,-1
6126,-1,,[],332,,409136026,409136026,409136126,-1,26,5000,-1,-1
6127,-1,,[],332,,409136027,409136027,409136127,-1,27,5200,-1,-1
6128,-1,,[],332,,409136028,409136028,409136128,-1,28,5400,-1,-1
6129,-1,,[],332,,409136029,409136029,409136129,-1,29,5600,-1,-1
6130,-1,,[],332,,409136030,409136030,409136130,-1,30,5800,-1,-1
6131,-1,,[],333,,407317101,407317101,-1,-1,1,100,-1,-1
6132,-1,,[],333,,407317102,407317102,-1,-1,2,1000,-1,-1
6133,-1,,[],333,,407317103,407317103,-1,-1,3,2000,-1,-1
6134,-1,,[],333,,407317104,407317104,-1,-1,4,3000,-1,-1
6135,-1,,[],333,,404127001,404127001,-1,-1,5,4000,-1,-1
6136,-1,,[],334,,36005,36005,-1,-1,1,1,-1,-1
6137,-1,,[],334,,36006,36006,-1,-1,2,3,-1,-1
6138,-1,,[],334,,36007,36007,-1,-1,3,5,-1,-1
6139,-1,,[],335,,185,185,-1,-1,1,1,-1,-1
6140,-1,,[],335,,186,186,-1,-1,2,2,-1,-1
6141,-1,,[],335,,187,187,-1,-1,3,3,-1,-1
6144,-1,,[],336,,409130001,409130001,409130101,-1,1,100,-1,-1
6145,-1,,[],336,,409130002,409130002,409130102,-1,2,150,-1,-1
6146,-1,,[],336,,409130003,409130003,409130103,-1,3,200,-1,-1
6147,-1,,[],336,,409130004,409130004,409130104,-1,4,250,-1,-1
6148,-1,,[],336,,409130005,409130005,409130105,-1,5,300,-1,-1
6149,-1,,[],336,,409130006,409130006,409130106,-1,6,350,-1,-1
6150,-1,,[],336,,409130007,409130007,409130107,-1,7,400,-1,-1
6151,-1,,[],336,,409130008,409130008,409130108,-1,8,450,-1,-1
6152,-1,,[],336,,409130009,409130009,409130109,-1,9,500,-1,-1
6153,-1,,[],336,,409130010,409130010,409130110,-1,10,550,-1,-1
6154,-1,,[],336,,409130011,409130011,409130111,-1,11,600,-1,-1
6155,-1,,[],336,,409130012,409130012,409130112,-1,12,700,-1,-1
6156,-1,,[],336,,409130013,409130013,409130113,-1,13,800,-1,-1
6157,-1,,[],336,,409130014,409130014,409130114,-1,14,900,-1,-1
6158,-1,,[],336,,409130015,409130015,409130115,-1,15,1000,-1,-1
6159,-1,,[],336,,409130016,409130016,409130116,-1,16,1100,-1,-1
6160,-1,,[],336,,409130017,409130017,409130117,-1,17,1200,-1,-1
6161,-1,,[],336,,409130018,409130018,409130118,-1,18,1300,-1,-1
6162,-1,,[],336,,409130019,409130019,409130119,-1,19,1400,-1,-1
6163,-1,,[],336,,409130020,409130020,409130120,-1,20,1500,-1,-1
6164,-1,,[],336,,409130021,409130021,409130121,-1,21,1600,-1,-1
6165,-1,,[],336,,409130022,409130022,409130122,-1,22,1700,-1,-1
6166,-1,,[],336,,409130023,409130023,409130123,-1,23,1800,-1,-1
6167,-1,,[],336,,409130024,409130024,409130124,-1,24,1900,-1,-1
6168,-1,,[],336,,409130025,409130025,409130125,-1,25,2000,-1,-1
6169,-1,,[],337,,1233401,1233401,-1,-1,1,2,-1,-1
6170,-1,,[],337,,1233402,1233402,-1,-1,2,3,-1,-1
6171,-1,,[],337,,1233403,1233403,-1,-1,3,4,-1,-1
6172,-1,,[],337,,1233404,1233404,-1,-1,4,5,-1,-1
6173,-1,,[],337,,1233405,1233405,-1,-1,5,7,-1,-1
6174,-1,,[],337,,1233406,1233406,-1,-1,6,8,-1,-1
6175,-1,,[],337,,1233407,1233407,-1,-1,7,10,-1,-1
6176,-1,,[],338,,409191101,409191101,409191201,-1,1,100,-1,-1
6177,-1,,[],338,,409191102,409191102,409191202,-1,2,150,-1,-1
6178,-1,,[],338,,409191103,409191103,409191203,-1,3,200,-1,-1
6179,-1,,[],338,,409191104,409191104,409191204,-1,4,250,-1,-1
6180,-1,,[],338,,409191105,409191105,409191205,-1,5,300,-1,-1
6181,-1,,[],338,,409191106,409191106,409191206,-1,6,350,-1,-1
6182,-1,,[],338,,409191107,409191107,409191207,-1,7,400,-1,-1
6183,-1,,[],338,,409191108,409191108,409191208,-1,8,450,-1,-1
6184,-1,,[],338,,409191109,409191109,409191209,-1,9,500,-1,-1
6185,-1,,[],338,,409191110,409191110,409191210,-1,10,550,-1,-1
6186,-1,,[],338,,409191111,409191111,409191211,-1,11,600,-1,-1
6187,-1,,[],338,,409191112,409191112,409191212,-1,12,700,-1,-1
6188,-1,,[],338,,409191113,409191113,409191213,-1,13,800,-1,-1
6189,-1,,[],338,,409191114,409191114,409191214,-1,14,900,-1,-1
6190,-1,,[],338,,409191115,409191115,409191215,-1,15,1000,-1,-1
6191,-1,,[],338,,409191116,409191116,409191216,-1,16,1100,-1,-1
6192,-1,,[],338,,409191117,409191117,409191217,-1,17,1200,-1,-1
6193,-1,,[],338,,409191118,409191118,409191218,-1,18,1300,-1,-1
6194,-1,,[],338,,409191119,409191119,409191219,-1,19,1400,-1,-1
6195,-1,,[],338,,409191120,409191120,409191220,-1,20,1500,-1,-1
6196,-1,,[],338,,409191121,409191121,409191221,-1,21,1600,-1,-1
6197,-1,,[],338,,409191122,409191122,409191222,-1,22,1700,-1,-1
6198,-1,,[],338,,409191123,409191123,409191223,-1,23,1800,-1,-1
6199,-1,,[],338,,409191124,409191124,409191224,-1,24,1900,-1,-1
6200,-1,,[],338,,409191125,409191125,409191225,-1,25,2000,-1,-1
6201,-1,,[],339,,409200001,409200001,-1,-1,1,10,-1,-1
6202,-1,,[],339,,409200002,409200002,-1,-1,2,20,-1,-1
6203,-1,,[],339,,409200003,409200003,-1,-1,3,30,-1,-1
6204,-1,,[],339,,409200004,409200004,-1,-1,4,40,-1,-1
6205,-1,,[],339,,409200005,409200005,-1,-1,5,50,-1,-1
6206,-1,,[],340,,409205201,409205201,409205301,-1,1,100,-1,-1
6207,-1,,[],340,,409205202,409205202,409205302,-1,2,200,-1,-1
6208,-1,,[],340,,409205203,409205203,409205303,-1,3,400,-1,-1
6209,-1,,[],340,,409205204,409205204,409205304,-1,4,600,-1,-1
6210,-1,,[],340,,409205205,409205205,409205305,-1,5,800,-1,-1
6211,-1,,[],340,,409205206,409205206,409205306,-1,6,1000,-1,-1
6212,-1,,[],340,,409205207,409205207,409205307,-1,7,1200,-1,-1
6213,-1,,[],340,,409205208,409205208,409205308,-1,8,1400,-1,-1
6214,-1,,[],340,,409205209,409205209,409205309,-1,9,1600,-1,-1
6215,-1,,[],340,,409205210,409205210,409205310,-1,10,1800,-1,-1
6216,-1,,[],340,,409205211,409205211,409205311,-1,11,2000,-1,-1
6217,-1,,[],340,,409205212,409205212,409205312,-1,12,2200,-1,-1
6218,-1,,[],340,,409205213,409205213,409205313,-1,13,2400,-1,-1
6219,-1,,[],340,,409205214,409205214,409205314,-1,14,2600,-1,-1
6220,-1,,[],340,,409205215,409205215,409205315,-1,15,2800,-1,-1
6221,-1,,[],340,,409205216,409205216,409205316,-1,16,3000,-1,-1
6222,-1,,[],340,,409205217,409205217,409205317,-1,17,3200,-1,-1
6223,-1,,[],340,,409205218,409205218,409205318,-1,18,3400,-1,-1
6224,-1,,[],340,,409205219,409205219,409205319,-1,19,3600,-1,-1
6225,-1,,[],340,,409205220,409205220,409205320,-1,20,3800,-1,-1
6226,-1,,[],340,,409205221,409205221,409205321,-1,21,4000,-1,-1
6227,-1,,[],340,,409205222,409205222,409205322,-1,22,4200,-1,-1
6228,-1,,[],340,,409205223,409205223,409205323,-1,23,4400,-1,-1
6229,-1,,[],340,,409205224,409205224,409205324,-1,24,4600,-1,-1
6230,-1,,[],340,,409205225,409205225,409205325,-1,25,4800,-1,-1
6231,-1,,[],340,,409205226,409205226,409205326,-1,26,5000,-1,-1
6232,-1,,[],340,,409205227,409205227,409205327,-1,27,5200,-1,-1
6233,-1,,[],340,,409205228,409205228,409205328,-1,28,5400,-1,-1
6234,-1,,[],340,,409205229,409205229,409205329,-1,29,5600,-1,-1
6235,-1,,[],340,,409205230,409205230,409205330,-1,30,5800,-1,-1
6236,-1,,[],341,,407317101,407317101,-1,-1,1,100,-1,-1
6237,-1,,[],341,,409215003,409215003,-1,-1,2,300,-1,-1
6238,-1,,[],341,,407317103,407317103,-1,-1,3,2000,-1,-1
6239,-1,,[],341,,407317104,407317104,-1,-1,4,3000,-1,-1
6240,-1,,[],341,,407251203,407251203,-1,-1,5,4000,-1,-1
6241,-1,,[],342,,409205011,409205011,-1,-1,1,200,-1,-1
6242,-1,,[],342,,409205012,409205012,-1,-1,2,500,-1,-1
6243,-1,,[],342,,409205013,409205013,-1,-1,3,1000,-1,-1
6244,-1,,[],342,,409205014,409205014,-1,-1,4,3000,-1,-1
6245,-1,,[],342,,409205015,409205015,-1,-1,5,6000,-1,-1
6246,-1,,[],343,,407317101,407317101,-1,-1,1,100,-1,-1
6247,-1,,[],343,,409215001,409215001,-1,-1,2,500,-1,-1
6248,-1,,[],343,,407317103,407317103,-1,-1,3,2000,-1,-1
6249,-1,,[],343,,407317104,407317104,-1,-1,4,3000,-1,-1
6250,-1,,[],343,,406280401,406280401,-1,-1,5,4000,-1,-1
6251,-1,,[],344,,407317101,407317101,-1,-1,1,100,-1,-1
6252,-1,,[],344,,409215002,409215002,-1,-1,2,300,-1,-1
6253,-1,,[],344,,407317103,407317103,-1,-1,3,2000,-1,-1
6254,-1,,[],344,,407317104,407317104,-1,-1,4,3000,-1,-1
6255,-1,,[],344,,405130001,405130001,-1,-1,5,4000,-1,-1
6256,-1,,[],345,,409218001,409218001,409218101,-1,1,100,-1,-1
6257,-1,,[],345,,409218002,409218002,409218102,-1,2,200,-1,-1
6258,-1,,[],345,,409218003,409218003,409218103,-1,3,400,-1,-1
6259,-1,,[],345,,409218004,409218004,409218104,-1,4,600,-1,-1
6260,-1,,[],345,,409218005,409218005,409218105,-1,5,800,-1,-1
6261,-1,,[],345,,409218006,409218006,409218106,-1,6,1000,-1,-1
6262,-1,,[],345,,409218007,409218007,409218107,-1,7,1200,-1,-1
6263,-1,,[],345,,409218008,409218008,409218108,-1,8,1400,-1,-1
6264,-1,,[],345,,409218009,409218009,409218109,-1,9,1600,-1,-1
6265,-1,,[],345,,409218010,409218010,409218110,-1,10,1800,-1,-1
6266,-1,,[],345,,409218011,409218011,409218111,-1,11,2000,-1,-1
6267,-1,,[],345,,409218012,409218012,409218112,-1,12,2200,-1,-1
6268,-1,,[],345,,409218013,409218013,409218113,-1,13,2400,-1,-1
6269,-1,,[],345,,409218014,409218014,409218114,-1,14,2600,-1,-1
6270,-1,,[],345,,409218015,409218015,409218115,-1,15,2800,-1,-1
6271,-1,,[],345,,409218016,409218016,409218116,-1,16,3000,-1,-1
6272,-1,,[],345,,409218017,409218017,409218117,-1,17,3200,-1,-1
6273,-1,,[],345,,409218018,409218018,409218118,-1,18,3400,-1,-1
6274,-1,,[],345,,409218019,409218019,409218119,-1,19,3600,-1,-1
6275,-1,,[],345,,409218020,409218020,409218120,-1,20,3800,-1,-1
6276,-1,,[],345,,409218021,409218021,409218121,-1,21,4000,-1,-1
6277,-1,,[],345,,409218022,409218022,409218122,-1,22,4200,-1,-1
6278,-1,,[],345,,409218023,409218023,409218123,-1,23,4400,-1,-1
6279,-1,,[],345,,409218024,409218024,409218124,-1,24,4600,-1,-1
6280,-1,,[],345,,409218025,409218025,409218125,-1,25,4800,-1,-1
6281,-1,,[],345,,409218026,409218026,409218126,-1,26,5000,-1,-1
6282,-1,,[],345,,409218027,409218027,409218127,-1,27,5200,-1,-1
6283,-1,,[],345,,409218028,409218028,409218128,-1,28,5400,-1,-1
6284,-1,,[],345,,409218029,409218029,409218129,-1,29,5600,-1,-1
6285,-1,,[],345,,409218030,409218030,409218130,-1,30,5800,-1,-1
6286,-1,,[],346,,409238001,409238001,409238011,-1,1,1,-1,-1
6287,-1,,[],346,,409238002,409238002,409238012,-1,2,2,-1,-1
6288,-1,,[],346,,409238003,409238003,409238013,-1,3,3,-1,-1
6289,-1,,[],346,,409238004,409238004,409238014,-1,4,4,-1,-1
6290,-1,,[],346,,409238005,409238005,409238015,-1,5,5,-1,-1
6291,-1,,[],346,,409238006,409238006,409238016,-1,6,6,-1,-1
6292,-1,,[],346,,409238007,409238007,409238017,-1,7,7,-1,-1
6293,-1,,[],347,,409241701,409241701,409241801,-1,1,100,-1,-1
6294,-1,,[],347,,409241702,409241702,409241802,-1,2,150,-1,-1
6295,-1,,[],347,,409241703,409241703,409241803,-1,3,200,-1,-1
6296,-1,,[],347,,409241704,409241704,409241804,-1,4,250,-1,-1
6297,-1,,[],347,,409241705,409241705,409241805,-1,5,300,-1,-1
6298,-1,,[],347,,409241706,409241706,409241806,-1,6,350,-1,-1
6299,-1,,[],347,,409241707,409241707,409241807,-1,7,400,-1,-1
6300,-1,,[],347,,409241708,409241708,409241808,-1,8,450,-1,-1
6301,-1,,[],347,,409241709,409241709,409241809,-1,9,500,-1,-1
6302,-1,,[],347,,409241710,409241710,409241810,-1,10,550,-1,-1
6303,-1,,[],347,,409241711,409241711,409241811,-1,11,600,-1,-1
6304,-1,,[],347,,409241712,409241712,409241812,-1,12,700,-1,-1
6305,-1,,[],347,,409241713,409241713,409241813,-1,13,800,-1,-1
6306,-1,,[],347,,409241714,409241714,409241814,-1,14,900,-1,-1
6307,-1,,[],347,,409241715,409241715,409241815,-1,15,1000,-1,-1
6308,-1,,[],347,,409241716,409241716,409241816,-1,16,1100,-1,-1
6309,-1,,[],347,,409241717,409241717,409241817,-1,17,1200,-1,-1
6310,-1,,[],347,,409241718,409241718,409241818,-1,18,1300,-1,-1
6311,-1,,[],347,,409241719,409241719,409241819,-1,19,1400,-1,-1
6312,-1,,[],347,,409241720,409241720,409241820,-1,20,1500,-1,-1
6313,-1,,[],347,,409241721,409241721,409241821,-1,21,1600,-1,-1
6314,-1,,[],347,,409241722,409241722,409241822,-1,22,1700,-1,-1
6315,-1,,[],347,,409241723,409241723,409241823,-1,23,1800,-1,-1
6316,-1,,[],347,,409241724,409241724,409241824,-1,24,1900,-1,-1
6317,-1,,[],347,,409241725,409241725,409241825,-1,25,2000,-1,-1
6318,-1,,[],347,,409241726,409241726,409241826,-1,26,2200,-1,-1
6319,-1,,[],347,,409241727,409241727,409241827,-1,27,2500,-1,-1
6320,-1,,[],347,,409241728,409241728,409241828,-1,28,3000,-1,-1
6321,-1,,[],347,,409241729,409241729,409241829,-1,29,3500,-1,-1
6322,-1,,[],347,,409241730,409241730,409241830,-1,30,4000,-1,-1
6323,-1,,[],347,,409241731,409241731,409241831,-1,31,5000,-1,-1
6324,-1,,[],348,,409241901,409241901,409242001,-1,1,1,-1,-1
6325,-1,,[],348,,409241902,409241902,409242002,-1,2,2,-1,-1
6326,-1,,[],348,,409241903,409241903,409242003,-1,3,3,-1,-1
6327,-1,,[],348,,409241904,409241904,409242004,-1,4,4,-1,-1
6328,-1,,[],348,,409241905,409241905,409242005,-1,5,5,-1,-1
6329,-1,,[],348,,409241906,409241906,409242006,-1,6,6,-1,-1
6330,-1,,[],348,,409241907,409241907,409242007,-1,7,7,-1,-1
6331,-1,,[],349,,409241601,409241601,-1,-1,1,50,-1,-1
6332,-1,,[],349,,409241602,409241602,-1,-1,2,100,-1,-1
6333,-1,,[],349,,409241603,409241603,-1,-1,3,200,-1,-1
6334,-1,,[],349,,409241604,409241604,-1,-1,4,500,-1,-1
6335,-1,,[],349,,409241605,409241605,-1,-1,5,1000,-1,-1
6336,-1,,[],349,,409241606,409241606,-1,-1,6,1500,-1,-1
6337,-1,,[],349,,409241607,409241607,-1,-1,7,2500,-1,-1
6338,-1,,[],350,,409250301,409250301,409250401,-1,1,100,-1,-1
6339,-1,,[],350,,409250302,409250302,409250402,-1,2,150,-1,-1
6340,-1,,[],350,,409250303,409250303,409250403,-1,3,200,-1,-1
6341,-1,,[],350,,409250304,409250304,409250404,-1,4,250,-1,-1
6342,-1,,[],350,,409250305,409250305,409250405,-1,5,300,-1,-1
6343,-1,,[],350,,409250306,409250306,409250406,-1,6,350,-1,-1
6344,-1,,[],350,,409250307,409250307,409250407,-1,7,400,-1,-1
6345,-1,,[],350,,409250308,409250308,409250408,-1,8,450,-1,-1
6346,-1,,[],350,,409250309,409250309,409250409,-1,9,500,-1,-1
6347,-1,,[],350,,409250310,409250310,409250410,-1,10,550,-1,-1
6348,-1,,[],350,,409250311,409250311,409250411,-1,11,600,-1,-1
6349,-1,,[],350,,409250312,409250312,409250412,-1,12,700,-1,-1
6350,-1,,[],350,,409250313,409250313,409250413,-1,13,800,-1,-1
6351,-1,,[],350,,409250314,409250314,409250414,-1,14,900,-1,-1
6352,-1,,[],350,,409250315,409250315,409250415,-1,15,1000,-1,-1
6353,-1,,[],350,,409250316,409250316,409250416,-1,16,1100,-1,-1
6354,-1,,[],350,,409250317,409250317,409250417,-1,17,1200,-1,-1
6355,-1,,[],350,,409250318,409250318,409250418,-1,18,1300,-1,-1
6356,-1,,[],350,,409250319,409250319,409250419,-1,19,1400,-1,-1
6357,-1,,[],350,,409250320,409250320,409250420,-1,20,1500,-1,-1
6358,-1,,[],350,,409250321,409250321,409250421,-1,21,1600,-1,-1
6359,-1,,[],350,,409250322,409250322,409250422,-1,22,1700,-1,-1
6360,-1,,[],350,,409250323,409250323,409250423,-1,23,1800,-1,-1
6361,-1,,[],350,,409250324,409250324,409250424,-1,24,1900,-1,-1
6362,-1,,[],350,,409250325,409250325,409250425,-1,25,2000,-1,-1
6363,-1,,[],351,,409258401,409258401,409258501,-1,1,100,-1,-1
6364,-1,,[],351,,409258402,409258402,409258502,-1,2,200,-1,-1
6365,-1,,[],351,,409258403,409258403,409258503,-1,3,400,-1,-1
6366,-1,,[],351,,409258404,409258404,409258504,-1,4,600,-1,-1
6367,-1,,[],351,,409258405,409258405,409258505,-1,5,800,-1,-1
6368,-1,,[],351,,409258406,409258406,409258506,-1,6,1000,-1,-1
6369,-1,,[],351,,409258407,409258407,409258507,-1,7,1200,-1,-1
6370,-1,,[],351,,409258408,409258408,409258508,-1,8,1400,-1,-1
6371,-1,,[],351,,409258409,409258409,409258509,-1,9,1600,-1,-1
6372,-1,,[],351,,409258410,409258410,409258510,-1,10,1800,-1,-1
6373,-1,,[],351,,409258411,409258411,409258511,-1,11,2000,-1,-1
6374,-1,,[],351,,409258412,409258412,409258512,-1,12,2200,-1,-1
6375,-1,,[],351,,409258413,409258413,409258513,-1,13,2400,-1,-1
6376,-1,,[],351,,409258414,409258414,409258514,-1,14,2600,-1,-1
6377,-1,,[],351,,409258415,409258415,409258515,-1,15,2800,-1,-1
6378,-1,,[],351,,409258416,409258416,409258516,-1,16,3000,-1,-1
6379,-1,,[],351,,409258417,409258417,409258517,-1,17,3200,-1,-1
6380,-1,,[],351,,409258418,409258418,409258518,-1,18,3400,-1,-1
6381,-1,,[],351,,409258419,409258419,409258519,-1,19,3600,-1,-1
6382,-1,,[],351,,409258420,409258420,409258520,-1,20,3800,-1,-1
6383,-1,,[],351,,409258421,409258421,409258521,-1,21,4000,-1,-1
6384,-1,,[],351,,409258422,409258422,409258522,-1,22,4200,-1,-1
6385,-1,,[],351,,409258423,409258423,409258523,-1,23,4400,-1,-1
6386,-1,,[],351,,409258424,409258424,409258524,-1,24,4600,-1,-1
6387,-1,,[],351,,409258425,409258425,409258525,-1,25,4800,-1,-1
6388,-1,,[],351,,409258426,409258426,409258526,-1,26,5000,-1,-1
6389,-1,,[],351,,409258427,409258427,409258527,-1,27,5200,-1,-1
6390,-1,,[],351,,409258428,409258428,409258528,-1,28,5400,-1,-1
6391,-1,,[],351,,409258429,409258429,409258529,-1,29,5600,-1,-1
6392,-1,,[],351,,409258430,409258430,409258530,-1,30,5800,-1,-1
6393,-1,,[],352,,407317101,407317101,-1,-1,1,100,-1,-1
6394,-1,,[],352,,407317102,407317102,-1,-1,2,1000,-1,-1
6395,-1,,[],352,,407317103,407317103,-1,-1,3,2000,-1,-1
6396,-1,,[],352,,407317104,407317104,-1,-1,4,3000,-1,-1
6397,-1,,[],352,,407251203,407251203,-1,-1,5,4000,-1,-1
6398,-1,,[],353,,409263301,409263301,409263401,-1,1,100,-1,-1
6399,-1,,[],353,,409263302,409263302,409263402,-1,2,150,-1,-1
6400,-1,,[],353,,409263303,409263303,409263403,-1,3,200,-1,-1
6401,-1,,[],353,,409263304,409263304,409263404,-1,4,250,-1,-1
6402,-1,,[],353,,409263305,409263305,409263405,-1,5,300,-1,-1
6403,-1,,[],353,,409263306,409263306,409263406,-1,6,350,-1,-1
6404,-1,,[],353,,409263307,409263307,409263407,-1,7,400,-1,-1
6405,-1,,[],353,,409263308,409263308,409263408,-1,8,450,-1,-1
6406,-1,,[],353,,409263309,409263309,409263409,-1,9,500,-1,-1
6407,-1,,[],353,,409263310,409263310,409263410,-1,10,550,-1,-1
6408,-1,,[],353,,409263311,409263311,409263411,-1,11,600,-1,-1
6409,-1,,[],353,,409263312,409263312,409263412,-1,12,700,-1,-1
6410,-1,,[],353,,409263313,409263313,409263413,-1,13,800,-1,-1
6411,-1,,[],353,,409263314,409263314,409263414,-1,14,900,-1,-1
6412,-1,,[],353,,409263315,409263315,409263415,-1,15,1000,-1,-1
6413,-1,,[],353,,409263316,409263316,409263416,-1,16,1100,-1,-1
6414,-1,,[],353,,409263317,409263317,409263417,-1,17,1200,-1,-1
6415,-1,,[],353,,409263318,409263318,409263418,-1,18,1300,-1,-1
6416,-1,,[],353,,409263319,409263319,409263419,-1,19,1400,-1,-1
6417,-1,,[],353,,409263320,409263320,409263420,-1,20,1500,-1,-1
6418,-1,,[],353,,409263321,409263321,409263421,-1,21,1600,-1,-1
6419,-1,,[],353,,409263322,409263322,409263422,-1,22,1700,-1,-1
6420,-1,,[],353,,409263323,409263323,409263423,-1,23,1800,-1,-1
6421,-1,,[],353,,409263324,409263324,409263424,-1,24,1900,-1,-1
6422,-1,,[],353,,409263325,409263325,409263425,-1,25,2000,-1,-1
6423,-1,,[],354,,409276001,409276001,409276101,-1,1,100,-1,-1
6424,-1,,[],354,,409276002,409276002,409276102,-1,2,200,-1,-1
6425,-1,,[],354,,409276003,409276003,409276103,-1,3,400,-1,-1
6426,-1,,[],354,,409276004,409276004,409276104,-1,4,600,-1,-1
6427,-1,,[],354,,409276005,409276005,409276105,-1,5,800,-1,-1
6428,-1,,[],354,,409276006,409276006,409276106,-1,6,1000,-1,-1
6429,-1,,[],354,,409276007,409276007,409276107,-1,7,1200,-1,-1
6430,-1,,[],354,,409276008,409276008,409276108,-1,8,1400,-1,-1
6431,-1,,[],354,,409276009,409276009,409276109,-1,9,1600,-1,-1
6432,-1,,[],354,,409276010,409276010,409276110,-1,10,1800,-1,-1
6433,-1,,[],354,,409276011,409276011,409276111,-1,11,2000,-1,-1
6434,-1,,[],354,,409276012,409276012,409276112,-1,12,2200,-1,-1
6435,-1,,[],354,,409276013,409276013,409276113,-1,13,2400,-1,-1
6436,-1,,[],354,,409276014,409276014,409276114,-1,14,2600,-1,-1
6437,-1,,[],354,,409276015,409276015,409276115,-1,15,2800,-1,-1
6438,-1,,[],354,,409276016,409276016,409276116,-1,16,3000,-1,-1
6439,-1,,[],354,,409276017,409276017,409276117,-1,17,3200,-1,-1
6440,-1,,[],354,,409276018,409276018,409276118,-1,18,3400,-1,-1
6441,-1,,[],354,,409276019,409276019,409276119,-1,19,3600,-1,-1
6442,-1,,[],354,,409276020,409276020,409276120,-1,20,3800,-1,-1
6443,-1,,[],354,,409276021,409276021,409276121,-1,21,4000,-1,-1
6444,-1,,[],354,,409276022,409276022,409276122,-1,22,4200,-1,-1
6445,-1,,[],354,,409276023,409276023,409276123,-1,23,4400,-1,-1
6446,-1,,[],354,,409276024,409276024,409276124,-1,24,4600,-1,-1
6447,-1,,[],354,,409276025,409276025,409276125,-1,25,4800,-1,-1
6448,-1,,[],354,,409276026,409276026,409276126,-1,26,5000,-1,-1
6449,-1,,[],354,,409276027,409276027,409276127,-1,27,5200,-1,-1
6450,-1,,[],354,,409276028,409276028,409276128,-1,28,5400,-1,-1
6451,-1,,[],354,,409276029,409276029,409276129,-1,29,5600,-1,-1
6452,-1,,[],354,,409276030,409276030,409276130,-1,30,5800,-1,-1
6453,-1,,[],355,,409277501,409277501,409277601,-1,1,100,-1,-1
6454,-1,,[],355,,409277502,409277502,409277602,-1,2,200,-1,-1
6455,-1,,[],355,,409277503,409277503,409277603,-1,3,400,-1,-1
6456,-1,,[],355,,409277504,409277504,409277604,-1,4,600,-1,-1
6457,-1,,[],355,,409277505,409277505,409277605,-1,5,800,-1,-1
6458,-1,,[],355,,409277506,409277506,409277606,-1,6,1000,-1,-1
6459,-1,,[],355,,409277507,409277507,409277607,-1,7,1200,-1,-1
6460,-1,,[],355,,409277508,409277508,409277608,-1,8,1400,-1,-1
6461,-1,,[],355,,409277509,409277509,409277609,-1,9,1600,-1,-1
6462,-1,,[],355,,409277510,409277510,409277610,-1,10,1800,-1,-1
6463,-1,,[],355,,409277511,409277511,409277611,-1,11,2000,-1,-1
6464,-1,,[],355,,409277512,409277512,409277612,-1,12,2200,-1,-1
6465,-1,,[],355,,409277513,409277513,409277613,-1,13,2400,-1,-1
6466,-1,,[],355,,409277514,409277514,409277614,-1,14,2600,-1,-1
6467,-1,,[],355,,409277515,409277515,409277615,-1,15,2800,-1,-1
6468,-1,,[],355,,409277516,409277516,409277616,-1,16,3000,-1,-1
6469,-1,,[],355,,409277517,409277517,409277617,-1,17,3200,-1,-1
6470,-1,,[],355,,409277518,409277518,409277618,-1,18,3400,-1,-1
6471,-1,,[],355,,409277519,409277519,409277619,-1,19,3600,-1,-1
6472,-1,,[],355,,409277520,409277520,409277620,-1,20,3800,-1,-1
6473,-1,,[],355,,409277521,409277521,409277621,-1,21,4000,-1,-1
6474,-1,,[],355,,409277522,409277522,409277622,-1,22,4200,-1,-1
6475,-1,,[],355,,409277523,409277523,409277623,-1,23,4400,-1,-1
6476,-1,,[],355,,409277524,409277524,409277624,-1,24,4600,-1,-1
6477,-1,,[],355,,409277525,409277525,409277625,-1,25,4800,-1,-1
6478,-1,,[],355,,409277526,409277526,409277626,-1,26,5000,-1,-1
6479,-1,,[],355,,409277527,409277527,409277627,-1,27,5200,-1,-1
6480,-1,,[],355,,409277528,409277528,409277628,-1,28,5400,-1,-1
6481,-1,,[],355,,409277529,409277529,409277629,-1,29,5600,-1,-1
6482,-1,,[],355,,409277530,409277530,409277630,-1,30,5800,-1,-1
6483,-1,,[],356,,409274101,409274101,-1,-1,1,1,-1,-1
6484,-1,,[],356,,409274102,409274102,-1,-1,2,2,-1,-1
6485,-1,,[],356,,409274103,409274103,-1,-1,3,3,-1,-1
6486,-1,,[],357,,410048001,410048001,410048011,-1,1,1,-1,-1
6487,-1,,[],357,,410048002,410048002,410048012,-1,2,2,-1,-1
6488,-1,,[],357,,410048003,410048003,410048013,-1,3,3,-1,-1
6489,-1,,[],357,,410048004,410048004,410048014,-1,4,4,-1,-1
6490,-1,,[],357,,410048005,410048005,410048015,-1,5,5,-1,-1
6491,-1,,[],357,,410048006,410048006,410048016,-1,6,6,-1,-1
6492,-1,,[],358,,408280050,408280050,-1,-1,1,800,-1,-1
6493,-1,,[],358,,408081502,408081502,-1,-1,2,2500,-1,-1
6494,-1,,[],358,,408081503,408081503,-1,-1,3,5000,-1,-1
6495,-1,,[],358,,408081504,408081504,-1,-1,4,12000,-1,-1
6496,-1,,[],358,,408081505,408081505,-1,-1,5,25000,-1,-1
6497,-1,,[],359,,410116201,410116201,410116301,-1,1,100,-1,-1
6498,-1,,[],359,,410116202,410116202,410116302,-1,2,200,-1,-1
6499,-1,,[],359,,410116203,410116203,410116303,-1,3,400,-1,-1
6500,-1,,[],359,,410116204,410116204,410116304,-1,4,600,-1,-1
6501,-1,,[],359,,410116205,410116205,410116305,-1,5,800,-1,-1
6502,-1,,[],359,,410116206,410116206,410116306,-1,6,1000,-1,-1
6503,-1,,[],359,,410116207,410116207,410116307,-1,7,1200,-1,-1
6504,-1,,[],359,,410116208,410116208,410116308,-1,8,1400,-1,-1
6505,-1,,[],359,,410116209,410116209,410116309,-1,9,1600,-1,-1
6506,-1,,[],359,,410116210,410116210,410116310,-1,10,1800,-1,-1
6507,-1,,[],359,,410116211,410116211,410116311,-1,11,2000,-1,-1
6508,-1,,[],359,,410116212,410116212,410116312,-1,12,2200,-1,-1
6509,-1,,[],359,,410116213,410116213,410116313,-1,13,2400,-1,-1
6510,-1,,[],359,,410116214,410116214,410116314,-1,14,2600,-1,-1
6511,-1,,[],359,,410116215,410116215,410116315,-1,15,2800,-1,-1
6512,-1,,[],359,,410116216,410116216,410116316,-1,16,3000,-1,-1
6513,-1,,[],359,,410116217,410116217,410116317,-1,17,3200,-1,-1
6514,-1,,[],359,,410116218,410116218,410116318,-1,18,3400,-1,-1
6515,-1,,[],359,,410116219,410116219,410116319,-1,19,3600,-1,-1
6516,-1,,[],359,,410116220,410116220,410116320,-1,20,3800,-1,-1
6517,-1,,[],359,,410116221,410116221,410116321,-1,21,4000,-1,-1
6518,-1,,[],359,,410116222,410116222,410116322,-1,22,4200,-1,-1
6519,-1,,[],359,,410116223,410116223,410116323,-1,23,4400,-1,-1
6520,-1,,[],359,,410116224,410116224,410116324,-1,24,4600,-1,-1
6521,-1,,[],359,,410116225,410116225,410116325,-1,25,4800,-1,-1
6522,-1,,[],359,,410116226,410116226,410116326,-1,26,5000,-1,-1
6523,-1,,[],359,,410116227,410116227,410116327,-1,27,5200,-1,-1
6524,-1,,[],359,,410116228,410116228,410116328,-1,28,5400,-1,-1
6525,-1,,[],359,,410116229,410116229,410116329,-1,29,5600,-1,-1
6526,-1,,[],359,,410116230,410116230,410116330,-1,30,5800,-1,-1
6527,-1,,[],360,,409277501,409277501,409277601,410116301,1,100,-1,-1
6528,-1,,[],360,,409277502,409277502,409277602,410116302,2,200,-1,-1
6529,-1,,[],360,,409277503,409277503,409277603,410116303,3,400,-1,-1
6530,-1,,[],360,,409277504,409277504,409277604,410116304,4,600,-1,-1
6531,-1,,[],360,,409277505,409277505,409277605,410116305,5,800,-1,-1
6532,-1,,[],360,,409277506,409277506,409277606,410116306,6,1000,-1,-1
6533,-1,,[],360,,409277507,409277507,409277607,410116307,7,1200,-1,-1
6534,-1,,[],360,,409277508,409277508,409277608,410116308,8,1400,-1,-1
6535,-1,,[],360,,409277509,409277509,409277609,410116309,9,1600,-1,-1
6536,-1,,[],360,,409277510,409277510,409277610,410116310,10,1800,-1,-1
6537,-1,,[],360,,409277511,409277511,409277611,410116311,11,2000,-1,-1
6538,-1,,[],360,,409277512,409277512,409277612,410116312,12,2200,-1,-1
6539,-1,,[],360,,409277513,409277513,409277613,410116313,13,2400,-1,-1
6540,-1,,[],360,,409277514,409277514,409277614,410116314,14,2600,-1,-1
6541,-1,,[],360,,409277515,409277515,409277615,410116315,15,2800,-1,-1
6542,-1,,[],360,,409277516,409277516,409277616,410116316,16,3000,-1,-1
6543,-1,,[],360,,409277517,409277517,409277617,410116317,17,3200,-1,-1
6544,-1,,[],360,,409277518,409277518,409277618,410116318,18,3400,-1,-1
6545,-1,,[],360,,409277519,409277519,409277619,410116319,19,3600,-1,-1
6546,-1,,[],360,,409277520,409277520,409277620,410116320,20,3800,-1,-1
6547,-1,,[],360,,409277521,409277521,409277621,410116321,21,4000,-1,-1
6548,-1,,[],360,,409277522,409277522,409277622,410116322,22,4200,-1,-1
6549,-1,,[],360,,409277523,409277523,409277623,410116323,23,4400,-1,-1
6550,-1,,[],360,,409277524,409277524,409277624,410116324,24,4600,-1,-1
6551,-1,,[],360,,409277525,409277525,409277625,410116325,25,4800,-1,-1
6552,-1,,[],360,,409277526,409277526,409277626,410116326,26,5000,-1,-1
6553,-1,,[],360,,409277527,409277527,409277627,410116327,27,5200,-1,-1
6554,-1,,[],360,,409277528,409277528,409277628,410116328,28,5400,-1,-1
6555,-1,,[],360,,409277529,409277529,409277629,410116329,29,5600,-1,-1
6556,-1,,[],360,,409277530,409277530,409277630,410116330,30,5800,-1,-1
6557,-1,,[],361,,410170001,410170001,410170101,-1,1,100,-1,-1
6558,-1,,[],361,,410170002,410170002,410170102,-1,2,150,-1,-1
6559,-1,,[],361,,410170003,410170003,410170103,-1,3,200,-1,-1
6560,-1,,[],361,,410170004,410170004,410170104,-1,4,250,-1,-1
6561,-1,,[],361,,410170005,410170005,410170105,-1,5,300,-1,-1
6562,-1,,[],361,,410170006,410170006,410170106,-1,6,350,-1,-1
6563,-1,,[],361,,410170007,410170007,410170107,-1,7,400,-1,-1
6564,-1,,[],361,,410170008,410170008,410170108,-1,8,450,-1,-1
6565,-1,,[],361,,410170009,410170009,410170109,-1,9,500,-1,-1
6566,-1,,[],361,,410170010,410170010,410170110,-1,10,550,-1,-1
6567,-1,,[],361,,410170011,410170011,410170111,-1,11,600,-1,-1
6568,-1,,[],361,,410170012,410170012,410170112,-1,12,700,-1,-1
6569,-1,,[],361,,410170013,410170013,410170113,-1,13,800,-1,-1
6570,-1,,[],361,,410170014,410170014,410170114,-1,14,900,-1,-1
6571,-1,,[],361,,410170015,410170015,410170115,-1,15,1000,-1,-1
6572,-1,,[],361,,410170016,410170016,410170116,-1,16,1100,-1,-1
6573,-1,,[],361,,410170017,410170017,410170117,-1,17,1200,-1,-1
6574,-1,,[],361,,410170018,410170018,410170118,-1,18,1300,-1,-1
6575,-1,,[],361,,410170019,410170019,410170119,-1,19,1400,-1,-1
6576,-1,,[],361,,410170020,410170020,410170120,-1,20,1500,-1,-1
6577,-1,,[],361,,410170021,410170021,410170121,-1,21,1600,-1,-1
6578,-1,,[],361,,410170022,410170022,410170122,-1,22,1700,-1,-1
6579,-1,,[],361,,410170023,410170023,410170123,-1,23,1800,-1,-1
6580,-1,,[],361,,410170024,410170024,410170124,-1,24,1900,-1,-1
6581,-1,,[],361,,410170025,410170025,410170125,-1,25,2000,-1,-1
6582,-1,,[],362,,410240101,410240101,410240201,-1,1,100,-1,-1
6583,-1,,[],362,,410240102,410240102,410240202,-1,2,150,-1,-1
6584,-1,,[],362,,410240103,410240103,410240203,-1,3,200,-1,-1
6585,-1,,[],362,,410240104,410240104,410240204,-1,4,250,-1,-1
6586,-1,,[],362,,410240105,410240105,410240205,-1,5,300,-1,-1
6587,-1,,[],362,,410240106,410240106,410240206,-1,6,350,-1,-1
6588,-1,,[],362,,410240107,410240107,410240207,-1,7,400,-1,-1
6589,-1,,[],362,,410240108,410240108,410240208,-1,8,450,-1,-1
6590,-1,,[],362,,410240109,410240109,410240209,-1,9,500,-1,-1
6591,-1,,[],362,,410240110,410240110,410240210,-1,10,550,-1,-1
6592,-1,,[],362,,410240111,410240111,410240211,-1,11,600,-1,-1
6593,-1,,[],362,,410240112,410240112,410240212,-1,12,700,-1,-1
6594,-1,,[],362,,410240113,410240113,410240213,-1,13,800,-1,-1
6595,-1,,[],362,,410240114,410240114,410240214,-1,14,900,-1,-1
6596,-1,,[],362,,410240115,410240115,410240215,-1,15,1000,-1,-1
6597,-1,,[],362,,410240116,410240116,410240216,-1,16,1100,-1,-1
6598,-1,,[],362,,410240117,410240117,410240217,-1,17,1200,-1,-1
6599,-1,,[],362,,410240118,410240118,410240218,-1,18,1300,-1,-1
6600,-1,,[],362,,410240119,410240119,410240219,-1,19,1400,-1,-1
6601,-1,,[],362,,410240120,410240120,410240220,-1,20,1500,-1,-1
6602,-1,,[],362,,410240121,410240121,410240221,-1,21,1600,-1,-1
6603,-1,,[],362,,410240122,410240122,410240222,-1,22,1700,-1,-1
6604,-1,,[],362,,410240123,410240123,410240223,-1,23,1800,-1,-1
6605,-1,,[],362,,410240124,410240124,410240224,-1,24,1900,-1,-1
6606,-1,,[],362,,410240125,410240125,410240225,-1,25,2000,-1,-1
6607,-1,,[],362,,410240126,410240126,410240226,-1,26,2100,-1,-1
6608,-1,,[],362,,410240127,410240127,410240227,-1,27,2200,-1,-1
6609,-1,,[],362,,410240128,410240128,410240228,-1,28,2300,-1,-1
6610,-1,,[],362,,410240129,410240129,410240229,-1,29,2400,-1,-1
6611,-1,,[],362,,410240130,410240130,410240230,-1,30,2500,-1,-1
6612,-1,,[],363,,408280050,408280050,-1,-1,1,500,-1,-1
6613,-1,,[],363,,408081502,408081502,-1,-1,2,2500,-1,-1
6614,-1,,[],363,,408081503,408081503,-1,-1,3,5000,-1,-1
6615,-1,,[],363,,408081504,408081504,-1,-1,4,12000,-1,-1
6616,-1,,[],363,,408081505,408081505,-1,-1,5,25000,-1,-1
6617,-1,,[],364,,410256001,410256001,410256101,-1,1,1,-1,-1
6618,-1,,[],364,,410256002,410256002,410256102,-1,2,2,-1,-1
6619,-1,,[],364,,410256003,410256003,410256103,-1,3,3,-1,-1
6620,-1,,[],364,,410256004,410256004,410256104,-1,4,4,-1,-1
6621,-1,,[],364,,410256005,410256005,410256105,-1,5,5,-1,-1
6622,-1,,[],364,,410256006,410256006,410256106,-1,6,6,-1,-1
6623,-1,,[],365,,410256201,410256201,410256301,-1,1,1,-1,-1
6624,-1,,[],365,,410256202,410256202,410256302,-1,2,2,-1,-1
6625,-1,,[],365,,410256203,410256203,410256303,-1,3,3,-1,-1
6626,-1,,[],365,,410256204,410256204,410256304,-1,4,4,-1,-1
6627,-1,,[],365,,410256205,410256205,410256305,-1,5,5,-1,-1
6628,-1,,[],365,,410256206,410256206,410256306,-1,6,6,-1,-1
6629,-1,,[],366,,410257001,410257001,410257101,-1,1,100,-1,-1
6630,-1,,[],366,,410257002,410257002,410257102,-1,2,200,-1,-1
6631,-1,,[],366,,410257003,410257003,410257103,-1,3,400,-1,-1
6632,-1,,[],366,,410257004,410257004,410257104,-1,4,600,-1,-1
6633,-1,,[],366,,410257005,410257005,410257105,-1,5,800,-1,-1
6634,-1,,[],366,,410257006,410257006,410257106,-1,6,1000,-1,-1
6635,-1,,[],366,,410257007,410257007,410257107,-1,7,1200,-1,-1
6636,-1,,[],366,,410257008,410257008,410257108,-1,8,1400,-1,-1
6637,-1,,[],366,,410257009,410257009,410257109,-1,9,1600,-1,-1
6638,-1,,[],366,,410257010,410257010,410257110,-1,10,1800,-1,-1
6639,-1,,[],366,,410257011,410257011,410257111,-1,11,2000,-1,-1
6640,-1,,[],366,,410257012,410257012,410257112,-1,12,2200,-1,-1
6641,-1,,[],366,,410257013,410257013,410257113,-1,13,2400,-1,-1
6642,-1,,[],366,,410257014,410257014,410257114,-1,14,2600,-1,-1
6643,-1,,[],366,,410257015,410257015,410257115,-1,15,2800,-1,-1
6644,-1,,[],366,,410257016,410257016,410257116,-1,16,3000,-1,-1
6645,-1,,[],366,,410257017,410257017,410257117,-1,17,3200,-1,-1
6646,-1,,[],366,,410257018,410257018,410257118,-1,18,3400,-1,-1
6647,-1,,[],366,,410257019,410257019,410257119,-1,19,3600,-1,-1
6648,-1,,[],366,,410257020,410257020,410257120,-1,20,3800,-1,-1
6649,-1,,[],366,,410257021,410257021,410257121,-1,21,4000,-1,-1
6650,-1,,[],366,,410257022,410257022,410257122,-1,22,4200,-1,-1
6651,-1,,[],366,,410257023,410257023,410257123,-1,23,4400,-1,-1
6652,-1,,[],366,,410257024,410257024,410257124,-1,24,4600,-1,-1
6653,-1,,[],366,,410257025,410257025,410257125,-1,25,4800,-1,-1
6654,-1,,[],366,,410257026,410257026,410257126,-1,26,5000,-1,-1
6655,-1,,[],366,,410257027,410257027,410257127,-1,27,5200,-1,-1
6656,-1,,[],366,,410257028,410257028,410257128,-1,28,5400,-1,-1
6657,-1,,[],366,,410257029,410257029,410257129,-1,29,5600,-1,-1
6658,-1,,[],366,,410257030,410257030,410257130,-1,30,5800,-1,-1
6659,-1,,[],367,,409205011,409205011,-1,-1,1,100,-1,-1
6660,-1,,[],367,,409205012,409205012,-1,-1,2,200,-1,-1
6661,-1,,[],367,,409205013,409205013,-1,-1,3,300,-1,-1
6662,-1,,[],367,,409205014,409205014,-1,-1,4,400,-1,-1
6663,-1,,[],367,,409205015,409205015,-1,-1,5,500,-1,10
6664,-1,,[],368,,409241601,409241601,-1,-1,1,50,-1,-1
6665,-1,,[],368,,409241602,409241602,-1,-1,2,100,-1,-1
6666,-1,,[],368,,409241603,409241603,-1,-1,3,200,-1,-1
6667,-1,,[],368,,409241604,409241604,-1,-1,4,300,-1,-1
6668,-1,,[],368,,409241605,409241605,-1,-1,5,400,-1,-1
6669,-1,,[],368,,409241606,409241606,-1,-1,6,500,-1,-1
6670,-1,,[],368,,409241607,409241607,-1,-1,7,600,-1,10
6671,-1,,[],369,,410301001,410301001,410301101,410301201,1,100,-1,-1
6672,-1,,[],369,,410301002,410301002,410301102,410301202,2,150,-1,-1
6673,-1,,[],369,,410301003,410301003,410301103,410301203,3,200,-1,-1
6674,-1,,[],369,,410301004,410301004,410301104,410301204,4,250,-1,-1
6675,-1,,[],369,,410301005,410301005,410301105,410301205,5,300,-1,-1
6676,-1,,[],369,,410301006,410301006,410301106,410301206,6,350,-1,-1
6677,-1,,[],369,,410301007,410301007,410301107,410301207,7,400,-1,-1
6678,-1,,[],369,,410301008,410301008,410301108,410301208,8,450,-1,-1
6679,-1,,[],369,,410301009,410301009,410301109,410301209,9,500,-1,-1
6680,-1,,[],369,,410301010,410301010,410301110,410301210,10,550,-1,-1
6681,-1,,[],369,,410301011,410301011,410301111,410301211,11,600,-1,-1
6682,-1,,[],369,,410301012,410301012,410301112,410301212,12,700,-1,-1
6683,-1,,[],369,,410301013,410301013,410301113,410301213,13,800,-1,-1
6684,-1,,[],369,,410301014,410301014,410301114,410301214,14,900,-1,-1
6685,-1,,[],369,,410301015,410301015,410301115,410301215,15,1000,-1,-1
6686,-1,,[],369,,410301016,410301016,410301116,410301216,16,1100,-1,-1
6687,-1,,[],369,,410301017,410301017,410301117,410301217,17,1200,-1,-1
6688,-1,,[],369,,410301018,410301018,410301118,410301218,18,1300,-1,-1
6689,-1,,[],369,,410301019,410301019,410301119,410301219,19,1400,-1,-1
6690,-1,,[],369,,410301020,410301020,410301120,410301220,20,1500,-1,-1
6691,-1,,[],369,,410301021,410301021,410301121,410301221,21,1600,-1,-1
6692,-1,,[],369,,410301022,410301022,410301122,410301222,22,1700,-1,-1
6693,-1,,[],369,,410301023,410301023,410301123,410301223,23,1800,-1,-1
6694,-1,,[],369,,410301024,410301024,410301124,410301224,24,1900,-1,-1
6695,-1,,[],369,,410301025,410301025,410301125,410301225,25,2000,-1,-1
6696,-1,,[],370,,410301401,410301401,410301501,-1,1,1,-1,-1
6697,-1,,[],370,,410301402,410301402,410301502,-1,2,2,-1,-1
6698,-1,,[],370,,410301403,410301403,410301503,-1,3,3,-1,-1
6699,-1,,[],370,,410301404,410301404,410301504,-1,4,4,-1,-1
6700,-1,,[],370,,410301405,410301405,410301505,-1,5,5,-1,-1
6701,-1,,[],370,,410301406,410301406,410301506,-1,6,6,-1,-1
6702,-1,,[],370,,410301407,410301407,410301507,-1,7,7,-1,-1
6703,-1,,[],371,,411015201,411015201,411015301,-1,1,100,-1,-1
6704,-1,,[],371,,411015202,411015202,411015302,-1,2,200,-1,-1
6705,-1,,[],371,,411015203,411015203,411015303,-1,3,400,-1,-1
6706,-1,,[],371,,411015204,411015204,411015304,-1,4,600,-1,-1
6707,-1,,[],371,,411015205,411015205,411015305,-1,5,800,-1,-1
6708,-1,,[],371,,411015206,411015206,411015306,-1,6,1000,-1,-1
6709,-1,,[],371,,411015207,411015207,411015307,-1,7,1200,-1,-1
6710,-1,,[],371,,411015208,411015208,411015308,-1,8,1400,-1,-1
6711,-1,,[],371,,411015209,411015209,411015309,-1,9,1600,-1,-1
6712,-1,,[],371,,411015210,411015210,411015310,-1,10,1800,-1,-1
6713,-1,,[],371,,411015211,411015211,411015311,-1,11,2000,-1,-1
6714,-1,,[],371,,411015212,411015212,411015312,-1,12,2200,-1,-1
6715,-1,,[],371,,411015213,411015213,411015313,-1,13,2400,-1,-1
6716,-1,,[],371,,411015214,411015214,411015314,-1,14,2600,-1,-1
6717,-1,,[],371,,411015215,411015215,411015315,-1,15,2800,-1,-1
6718,-1,,[],371,,411015216,411015216,411015316,-1,16,3000,-1,-1
6719,-1,,[],371,,411015217,411015217,411015317,-1,17,3200,-1,-1
6720,-1,,[],371,,411015218,411015218,411015318,-1,18,3400,-1,-1
6721,-1,,[],371,,411015219,411015219,411015319,-1,19,3600,-1,-1
6722,-1,,[],371,,411015220,411015220,411015320,-1,20,3800,-1,-1
6723,-1,,[],371,,411015221,411015221,411015321,-1,21,4000,-1,-1
6724,-1,,[],371,,411015222,411015222,411015322,-1,22,4200,-1,-1
6725,-1,,[],371,,411015223,411015223,411015323,-1,23,4400,-1,-1
6726,-1,,[],371,,411015224,411015224,411015324,-1,24,4600,-1,-1
6727,-1,,[],371,,411015225,411015225,411015325,-1,25,4800,-1,-1
6728,-1,,[],371,,411015226,411015226,411015326,-1,26,5000,-1,-1
6729,-1,,[],371,,411015227,411015227,411015327,-1,27,5200,-1,-1
6730,-1,,[],371,,411015228,411015228,411015328,-1,28,5400,-1,-1
6731,-1,,[],371,,411015229,411015229,411015329,-1,29,5600,-1,-1
6732,-1,,[],371,,411015230,411015230,411015330,-1,30,5800,-1,-1
6733,-1,,[],372,,411060001,411060001,411060101,-1,1,100,-1,-1
6734,-1,,[],372,,411060002,411060002,411060102,-1,2,150,-1,-1
6735,-1,,[],372,,411060003,411060003,411060103,-1,3,200,-1,-1
6736,-1,,[],372,,411060004,411060004,411060104,-1,4,250,-1,-1
6737,-1,,[],372,,411060005,411060005,411060105,-1,5,300,-1,-1
6738,-1,,[],372,,411060006,411060006,411060106,-1,6,350,-1,-1
6739,-1,,[],372,,411060007,411060007,411060107,-1,7,400,-1,-1
6740,-1,,[],372,,411060008,411060008,411060108,-1,8,450,-1,-1
6741,-1,,[],372,,411060009,411060009,411060109,-1,9,500,-1,-1
6742,-1,,[],372,,411060010,411060010,411060110,-1,10,550,-1,-1
6743,-1,,[],372,,411060011,411060011,411060111,-1,11,600,-1,-1
6744,-1,,[],372,,411060012,411060012,411060112,-1,12,700,-1,-1
6745,-1,,[],372,,411060013,411060013,411060113,-1,13,800,-1,-1
6746,-1,,[],372,,411060014,411060014,411060114,-1,14,900,-1,-1
6747,-1,,[],372,,411060015,411060015,411060115,-1,15,1000,-1,-1
6748,-1,,[],372,,411060016,411060016,411060116,-1,16,1100,-1,-1
6749,-1,,[],372,,411060017,411060017,411060117,-1,17,1200,-1,-1
6750,-1,,[],372,,411060018,411060018,411060118,-1,18,1300,-1,-1
6751,-1,,[],372,,411060019,411060019,411060119,-1,19,1400,-1,-1
6752,-1,,[],372,,411060020,411060020,411060120,-1,20,1500,-1,-1
6753,-1,,[],372,,411060021,411060021,411060121,-1,21,1600,-1,-1
6754,-1,,[],372,,411060022,411060022,411060122,-1,22,1700,-1,-1
6755,-1,,[],372,,411060023,411060023,411060123,-1,23,1800,-1,-1
6756,-1,,[],372,,411060024,411060024,411060124,-1,24,1900,-1,-1
6757,-1,,[],372,,411060025,411060025,411060125,-1,25,2000,-1,-1
6758,-1,,[],373,,409205011,409205011,-1,-1,1,200,-1,-1
6759,-1,,[],373,,409205012,409205012,-1,-1,2,500,-1,-1
6760,-1,,[],373,,411015002,411015002,-1,-1,3,1000,-1,-1
6761,-1,,[],373,,409205014,409205014,-1,-1,4,3000,-1,-1
6762,-1,,[],373,,409205015,409205015,-1,-1,5,6000,-1,-1
6763,-1,,[],373,,411075211,411075211,-1,-1,6,12000,-1,8
6764,-1,,[],374,,411077001,411077001,411077101,-1,1,100,-1,-1
6765,-1,,[],374,,411077002,411077002,411077102,-1,2,200,-1,-1
6766,-1,,[],374,,411077003,411077003,411077103,-1,3,400,-1,-1
6767,-1,,[],374,,411077004,411077004,411077104,-1,4,600,-1,-1
6768,-1,,[],374,,411077005,411077005,411077105,-1,5,800,-1,-1
6769,-1,,[],374,,411077006,411077006,411077106,-1,6,1000,-1,-1
6770,-1,,[],374,,411077007,411077007,411077107,-1,7,1200,-1,-1
6771,-1,,[],374,,411077008,411077008,411077108,-1,8,1400,-1,-1
6772,-1,,[],374,,411077009,411077009,411077109,-1,9,1600,-1,-1
6773,-1,,[],374,,411077010,411077010,411077110,-1,10,1800,-1,-1
6774,-1,,[],374,,411077011,411077011,411077111,-1,11,2000,-1,-1
6775,-1,,[],374,,411077012,411077012,411077112,-1,12,2200,-1,-1
6776,-1,,[],374,,411077013,411077013,411077113,-1,13,2400,-1,-1
6777,-1,,[],374,,411077014,411077014,411077114,-1,14,2600,-1,-1
6778,-1,,[],374,,411077015,411077015,411077115,-1,15,2800,-1,-1
6779,-1,,[],374,,411077016,411077016,411077116,-1,16,3000,-1,-1
6780,-1,,[],374,,411077017,411077017,411077117,-1,17,3200,-1,-1
6781,-1,,[],374,,411077018,411077018,411077118,-1,18,3400,-1,-1
6782,-1,,[],374,,411077019,411077019,411077119,-1,19,3600,-1,-1
6783,-1,,[],374,,411077020,411077020,411077120,-1,20,3800,-1,-1
6784,-1,,[],374,,411077021,411077021,411077121,-1,21,4000,-1,-1
6785,-1,,[],374,,411077022,411077022,411077122,-1,22,4200,-1,-1
6786,-1,,[],374,,411077023,411077023,411077123,-1,23,4400,-1,-1
6787,-1,,[],374,,411077024,411077024,411077124,-1,24,4600,-1,-1
6788,-1,,[],374,,411077025,411077025,411077125,-1,25,4800,-1,-1
6789,-1,,[],374,,411077026,411077026,411077126,-1,26,5000,-1,-1
6790,-1,,[],374,,411077027,411077027,411077127,-1,27,5200,-1,-1
6791,-1,,[],374,,411077028,411077028,411077128,-1,28,5400,-1,-1
6792,-1,,[],374,,411077029,411077029,411077129,-1,29,5600,-1,-1
6793,-1,,[],374,,411077030,411077030,411077130,-1,30,5800,-1,-1
6794,-1,,[],375,,411085001,411085001,-1,-1,1,50,-1,-1
6795,-1,,[],375,,411085002,411085002,-1,-1,2,100,-1,-1
6796,-1,,[],375,,411085003,411085003,-1,-1,3,200,-1,-1
6797,-1,,[],375,,411085004,411085004,-1,-1,4,500,-1,-1
6798,-1,,[],375,,411085005,411085005,-1,-1,5,1000,-1,-1
6799,-1,,[],375,,411085006,411085006,-1,-1,6,1500,-1,-1
6800,-1,,[],375,,411085007,411085007,-1,-1,7,2500,-1,-1
6801,-1,,[],376,,411155001,411155001,411155101,-1,1,1,-1,-1
6802,-1,,[],376,,411155002,411155002,411155102,-1,2,2,-1,-1
6803,-1,,[],376,,411155003,411155003,411155103,-1,3,3,-1,-1
6804,-1,,[],376,,411155004,411155004,411155104,-1,4,4,-1,-1
6805,-1,,[],376,,411155005,411155005,411155105,-1,5,5,-1,-1
6806,-1,,[],376,,411155006,411155006,411155106,-1,6,6,-1,-1
6807,-1,,[],377,,411156101,411156101,411156201,-1,1,100,-1,-1
6808,-1,,[],377,,411156102,411156102,411156202,-1,2,200,-1,-1
6809,-1,,[],377,,411156103,411156103,411156203,-1,3,400,-1,-1
6810,-1,,[],377,,411156104,411156104,411156204,-1,4,600,-1,-1
6811,-1,,[],377,,411156105,411156105,411156205,-1,5,800,-1,-1
6812,-1,,[],377,,411156106,411156106,411156206,-1,6,1000,-1,-1
6813,-1,,[],377,,411156107,411156107,411156207,-1,7,1200,-1,-1
6814,-1,,[],377,,411156108,411156108,411156208,-1,8,1400,-1,-1
6815,-1,,[],377,,411156109,411156109,411156209,-1,9,1600,-1,-1
6816,-1,,[],377,,411156110,411156110,411156210,-1,10,1800,-1,-1
6817,-1,,[],377,,411156111,411156111,411156211,-1,11,2000,-1,-1
6818,-1,,[],377,,411156112,411156112,411156212,-1,12,2200,-1,-1
6819,-1,,[],377,,411156113,411156113,411156213,-1,13,2400,-1,-1
6820,-1,,[],377,,411156114,411156114,411156214,-1,14,2600,-1,-1
6821,-1,,[],377,,411156115,411156115,411156215,-1,15,2800,-1,-1
6822,-1,,[],377,,411156116,411156116,411156216,-1,16,3000,-1,-1
6823,-1,,[],377,,411156117,411156117,411156217,-1,17,3200,-1,-1
6824,-1,,[],377,,411156118,411156118,411156218,-1,18,3400,-1,-1
6825,-1,,[],377,,411156119,411156119,411156219,-1,19,3600,-1,-1
6826,-1,,[],377,,411156120,411156120,411156220,-1,20,3800,-1,-1
6827,-1,,[],377,,411156121,411156121,411156221,-1,21,4000,-1,-1
6828,-1,,[],377,,411156122,411156122,411156222,-1,22,4200,-1,-1
6829,-1,,[],377,,411156123,411156123,411156223,-1,23,4400,-1,-1
6830,-1,,[],377,,411156124,411156124,411156224,-1,24,4600,-1,-1
6831,-1,,[],377,,411156125,411156125,411156225,-1,25,4800,-1,-1
6832,-1,,[],377,,411156126,411156126,411156226,-1,26,5000,-1,-1
6833,-1,,[],377,,411156127,411156127,411156227,-1,27,5200,-1,-1
6834,-1,,[],377,,411156128,411156128,411156228,-1,28,5400,-1,-1
6835,-1,,[],377,,411156129,411156129,411156229,-1,29,5600,-1,-1
6836,-1,,[],377,,411156130,411156130,411156230,-1,30,5800,-1,-1
6837,-1,,[],378,,411150001,411150001,411150101,-1,1,100,-1,-1
6838,-1,,[],378,,411150002,411150002,411150102,-1,2,150,-1,-1
6839,-1,,[],378,,411150003,411150003,411150103,-1,3,200,-1,-1
6840,-1,,[],378,,411150004,411150004,411150104,-1,4,250,-1,-1
6841,-1,,[],378,,411150005,411150005,411150105,-1,5,300,-1,-1
6842,-1,,[],378,,411150006,411150006,411150106,-1,6,350,-1,-1
6843,-1,,[],378,,411150007,411150007,411150107,-1,7,400,-1,-1
6844,-1,,[],378,,411150008,411150008,411150108,-1,8,450,-1,-1
6845,-1,,[],378,,411150009,411150009,411150109,-1,9,500,-1,-1
6846,-1,,[],378,,411150010,411150010,411150110,-1,10,550,-1,-1
6847,-1,,[],378,,411150011,411150011,411150111,-1,11,600,-1,-1
6848,-1,,[],378,,411150012,411150012,411150112,-1,12,700,-1,-1
6849,-1,,[],378,,411150013,411150013,411150113,-1,13,800,-1,-1
6850,-1,,[],378,,411150014,411150014,411150114,-1,14,900,-1,-1
6851,-1,,[],378,,411150015,411150015,411150115,-1,15,1000,-1,-1
6852,-1,,[],378,,411150016,411150016,411150116,-1,16,1100,-1,-1
6853,-1,,[],378,,411150017,411150017,411150117,-1,17,1200,-1,-1
6854,-1,,[],378,,411150018,411150018,411150118,-1,18,1300,-1,-1
6855,-1,,[],378,,411150019,411150019,411150119,-1,19,1400,-1,-1
6856,-1,,[],378,,411150020,411150020,411150120,-1,20,1500,-1,-1
6857,-1,,[],378,,411150021,411150021,411150121,-1,21,1600,-1,-1
6858,-1,,[],378,,411150022,411150022,411150122,-1,22,1700,-1,-1
6859,-1,,[],378,,411150023,411150023,411150123,-1,23,1800,-1,-1
6860,-1,,[],378,,411150024,411150024,411150124,-1,24,1900,-1,-1
6861,-1,,[],378,,411150025,411150025,411150125,-1,25,2000,-1,-1
6862,-1,,[],379,,411152104,411152104,-1,-1,1,1,-1,-1
6863,-1,,[],379,,411152105,411152105,-1,-1,2,2,-1,-1
6864,-1,,[],379,,411152106,411152106,-1,-1,3,3,-1,-1
6865,-1,,[],380,,411190101,411190101,-1,-1,1,10,-1,-1
6866,-1,,[],380,,411190102,411190102,-1,-1,2,20,-1,-1
6867,-1,,[],380,,411190103,411190103,-1,-1,3,30,-1,-1
6868,-1,,[],380,,411190104,411190104,-1,-1,4,40,-1,-1
6869,-1,,[],380,,411190105,411190105,-1,-1,5,50,-1,-1
6870,-1,,[],381,,411200101,411200101,-1,-1,1,20,-1,-1
6871,-1,,[],381,,411200102,411200102,-1,-1,2,50,-1,-1
6872,-1,,[],381,,411200103,411200103,-1,-1,3,100,-1,-1
6873,-1,,[],381,,411200104,411200104,-1,-1,4,200,-1,-1
6874,-1,,[],381,,411200105,411200105,-1,-1,5,300,-1,-1
6875,-1,,[],381,,411200106,411200106,-1,-1,6,800,-1,-1
6876,-1,,[],382,,411210101,411210101,411210201,-1,1,100,-1,-1
6877,-1,,[],382,,411210102,411210102,411210202,-1,2,150,-1,-1
6878,-1,,[],382,,411210103,411210103,411210203,-1,3,200,-1,-1
6879,-1,,[],382,,411210104,411210104,411210204,-1,4,250,-1,-1
6880,-1,,[],382,,411210105,411210105,411210205,-1,5,300,-1,-1
6881,-1,,[],382,,411210106,411210106,411210206,-1,6,350,-1,-1
6882,-1,,[],382,,411210107,411210107,411210207,-1,7,400,-1,-1
6883,-1,,[],382,,411210108,411210108,411210208,-1,8,450,-1,-1
6884,-1,,[],382,,411210109,411210109,411210209,-1,9,500,-1,-1
6885,-1,,[],382,,411210110,411210110,411210210,-1,10,550,-1,-1
6886,-1,,[],382,,411210111,411210111,411210211,-1,11,600,-1,-1
6887,-1,,[],382,,411210112,411210112,411210212,-1,12,700,-1,-1
6888,-1,,[],382,,411210113,411210113,411210213,-1,13,800,-1,-1
6889,-1,,[],382,,411210114,411210114,411210214,-1,14,900,-1,-1
6890,-1,,[],382,,411210115,411210115,411210215,-1,15,1000,-1,-1
6891,-1,,[],382,,411210116,411210116,411210216,-1,16,1100,-1,-1
6892,-1,,[],382,,411210117,411210117,411210217,-1,17,1200,-1,-1
6893,-1,,[],382,,411210118,411210118,411210218,-1,18,1300,-1,-1
6894,-1,,[],382,,411210119,411210119,411210219,-1,19,1400,-1,-1
6895,-1,,[],382,,411210120,411210120,411210220,-1,20,1500,-1,-1
6896,-1,,[],382,,411210121,411210121,411210221,-1,21,1600,-1,-1
6897,-1,,[],382,,411210122,411210122,411210222,-1,22,1700,-1,-1
6898,-1,,[],382,,411210123,411210123,411210223,-1,23,1800,-1,-1
6899,-1,,[],382,,411210124,411210124,411210224,-1,24,1900,-1,-1
6900,-1,,[],382,,411210125,411210125,411210225,-1,25,2000,-1,-1
6901,-1,,[],383,,411210301,411210301,411210401,-1,1,1,-1,-1
6902,-1,,[],383,,411210302,411210302,411210402,-1,2,2,-1,-1
6903,-1,,[],383,,411210303,411210303,411210403,-1,3,3,-1,-1
6904,-1,,[],383,,411210304,411210304,411210404,-1,4,4,-1,-1
6905,-1,,[],383,,411210305,411210305,411210405,-1,5,5,-1,-1
6906,-1,,[],383,,411210306,411210306,411210406,-1,6,6,-1,-1
6907,-1,,[],383,,411210307,411210307,411210407,-1,7,7,-1,-1
6908,-1,,[],384,,411225201,411225201,411225301,-1,1,100,-1,-1
6909,-1,,[],384,,411225202,411225202,411225302,-1,2,200,-1,-1
6910,-1,,[],384,,411225203,411225203,411225303,-1,3,400,-1,-1
6911,-1,,[],384,,411225204,411225204,411225304,-1,4,600,-1,-1
6912,-1,,[],384,,411225205,411225205,411225305,-1,5,800,-1,-1
6913,-1,,[],384,,411225206,411225206,411225306,-1,6,1000,-1,-1
6914,-1,,[],384,,411225207,411225207,411225307,-1,7,1200,-1,-1
6915,-1,,[],384,,411225208,411225208,411225308,-1,8,1400,-1,-1
6916,-1,,[],384,,411225209,411225209,411225309,-1,9,1600,-1,-1
6917,-1,,[],384,,411225210,411225210,411225310,-1,10,1800,-1,-1
6918,-1,,[],384,,411225211,411225211,411225311,-1,11,2000,-1,-1
6919,-1,,[],384,,411225212,411225212,411225312,-1,12,2200,-1,-1
6920,-1,,[],384,,411225213,411225213,411225313,-1,13,2400,-1,-1
6921,-1,,[],384,,411225214,411225214,411225314,-1,14,2600,-1,-1
6922,-1,,[],384,,411225215,411225215,411225315,-1,15,2800,-1,-1
6923,-1,,[],384,,411225216,411225216,411225316,-1,16,3000,-1,-1
6924,-1,,[],384,,411225217,411225217,411225317,-1,17,3200,-1,-1
6925,-1,,[],384,,411225218,411225218,411225318,-1,18,3400,-1,-1
6926,-1,,[],384,,411225219,411225219,411225319,-1,19,3600,-1,-1
6927,-1,,[],384,,411225220,411225220,411225320,-1,20,3800,-1,-1
6928,-1,,[],384,,411225221,411225221,411225321,-1,21,4000,-1,-1
6929,-1,,[],384,,411225222,411225222,411225322,-1,22,4200,-1,-1
6930,-1,,[],384,,411225223,411225223,411225323,-1,23,4400,-1,-1
6931,-1,,[],384,,411225224,411225224,411225324,-1,24,4600,-1,-1
6932,-1,,[],384,,411225225,411225225,411225325,-1,25,4800,-1,-1
6933,-1,,[],384,,411225226,411225226,411225326,-1,26,5000,-1,-1
6934,-1,,[],384,,411225227,411225227,411225327,-1,27,5200,-1,-1
6935,-1,,[],384,,411225228,411225228,411225328,-1,28,5400,-1,-1
6936,-1,,[],384,,411225229,411225229,411225329,-1,29,5600,-1,-1
6937,-1,,[],384,,411225230,411225230,411225330,-1,30,5800,-1,-1
6938,-1,,[],385,,411295101,411295101,411295201,-1,1,100,-1,-1
6939,-1,,[],385,,411295102,411295102,411295202,-1,2,200,-1,-1
6940,-1,,[],385,,411295103,411295103,411295203,-1,3,400,-1,-1
6941,-1,,[],385,,411295104,411295104,411295204,-1,4,600,-1,-1
6942,-1,,[],385,,411295105,411295105,411295205,-1,5,800,-1,-1
6943,-1,,[],385,,411295106,411295106,411295206,-1,6,1000,-1,-1
6944,-1,,[],385,,411295107,411295107,411295207,-1,7,1200,-1,-1
6945,-1,,[],385,,411295108,411295108,411295208,-1,8,1400,-1,-1
6946,-1,,[],385,,411295109,411295109,411295209,-1,9,1600,-1,-1
6947,-1,,[],385,,411295110,411295110,411295210,-1,10,1800,-1,-1
6948,-1,,[],385,,411295111,411295111,411295211,-1,11,2000,-1,-1
6949,-1,,[],385,,411295112,411295112,411295212,-1,12,2200,-1,-1
6950,-1,,[],385,,411295113,411295113,411295213,-1,13,2400,-1,-1
6951,-1,,[],385,,411295114,411295114,411295214,-1,14,2600,-1,-1
6952,-1,,[],385,,411295115,411295115,411295215,-1,15,2800,-1,-1
6953,-1,,[],385,,411295116,411295116,411295216,-1,16,3000,-1,-1
6954,-1,,[],385,,411295117,411295117,411295217,-1,17,3200,-1,-1
6955,-1,,[],385,,411295118,411295118,411295218,-1,18,3400,-1,-1
6956,-1,,[],385,,411295119,411295119,411295219,-1,19,3600,-1,-1
6957,-1,,[],385,,411295120,411295120,411295220,-1,20,3800,-1,-1
6958,-1,,[],385,,411295121,411295121,411295221,-1,21,4000,-1,-1
6959,-1,,[],385,,411295122,411295122,411295222,-1,22,4200,-1,-1
6960,-1,,[],385,,411295123,411295123,411295223,-1,23,4400,-1,-1
6961,-1,,[],385,,411295124,411295124,411295224,-1,24,4600,-1,-1
6962,-1,,[],385,,411295125,411295125,411295225,-1,25,4800,-1,-1
6963,-1,,[],385,,411295126,411295126,411295226,-1,26,5000,-1,-1
6964,-1,,[],385,,411295127,411295127,411295227,-1,27,5200,-1,-1
6965,-1,,[],385,,411295128,411295128,411295228,-1,28,5400,-1,-1
6966,-1,,[],385,,411295129,411295129,411295229,-1,29,5600,-1,-1
6967,-1,,[],385,,411295130,411295130,411295230,-1,30,5800,-1,-1
6968,-1,,[],386,,411225201,411225201,-1,-1,1,100,-1,-1
6969,-1,,[],386,,411225202,411225202,-1,-1,2,200,-1,-1
6970,-1,,[],386,,411225203,411225203,-1,-1,3,400,-1,-1
6971,-1,,[],386,,411225204,411225204,-1,-1,4,600,-1,-1
6972,-1,,[],386,,9229001,9229001,-1,-1,5,800,-1,-1
6973,-1,,[],387,,412066101,412066101,412066201,-1,1,100,-1,-1
6974,-1,,[],387,,412066102,412066102,412066202,-1,2,150,-1,-1
6975,-1,,[],387,,412066103,412066103,412066203,-1,3,200,-1,-1
6976,-1,,[],387,,412066104,412066104,412066204,-1,4,250,-1,-1
6977,-1,,[],387,,412066105,412066105,412066205,-1,5,300,-1,-1
6978,-1,,[],387,,412066106,412066106,412066206,-1,6,350,-1,-1
6979,-1,,[],387,,412066107,412066107,412066207,-1,7,400,-1,-1
6980,-1,,[],387,,412066108,412066108,412066208,-1,8,450,-1,-1
6981,-1,,[],387,,412066109,412066109,412066209,-1,9,500,-1,-1
6982,-1,,[],387,,412066110,412066110,412066210,-1,10,550,-1,-1
6983,-1,,[],387,,412066111,412066111,412066211,-1,11,600,-1,-1
6984,-1,,[],387,,412066112,412066112,412066212,-1,12,700,-1,-1
6985,-1,,[],387,,412066113,412066113,412066213,-1,13,800,-1,-1
6986,-1,,[],387,,412066114,412066114,412066214,-1,14,900,-1,-1
6987,-1,,[],387,,412066115,412066115,412066215,-1,15,1000,-1,-1
6988,-1,,[],387,,412066116,412066116,412066216,-1,16,1100,-1,-1
6989,-1,,[],387,,412066117,412066117,412066217,-1,17,1200,-1,-1
6990,-1,,[],387,,412066118,412066118,412066218,-1,18,1300,-1,-1
6991,-1,,[],387,,412066119,412066119,412066219,-1,19,1400,-1,-1
6992,-1,,[],387,,412066120,412066120,412066220,-1,20,1500,-1,-1
6993,-1,,[],387,,412066121,412066121,412066221,-1,21,1600,-1,-1
6994,-1,,[],387,,412066122,412066122,412066222,-1,22,1700,-1,-1
6995,-1,,[],387,,412066123,412066123,412066223,-1,23,1800,-1,-1
6996,-1,,[],387,,412066124,412066124,412066224,-1,24,1900,-1,-1
6997,-1,,[],387,,412066125,412066125,412066225,-1,25,2000,-1,-1
6998,-1,,[],388,,412067101,412067101,-1,-1,1,200,-1,-1
6999,-1,,[],388,,412067102,412067102,-1,-1,2,500,-1,-1
7000,-1,,[],388,,412067103,412067103,-1,-1,3,1000,-1,-1
7001,-1,,[],388,,412067104,412067104,-1,-1,4,3000,-1,-1
7002,-1,,[],388,,412067105,412067105,-1,-1,5,6000,-1,-1
7003,-1,,[],388,,412067106,412067106,-1,-1,6,12000,-1,8
7004,-1,,[],389,,408020101,408020101,-1,-1,1,20,-1,-1
7005,-1,,[],389,,408020102,408020102,-1,-1,2,50,-1,-1
7006,-1,,[],389,,408020103,408020103,-1,-1,3,100,-1,-1
7007,-1,,[],389,,408020104,408020104,-1,-1,4,200,-1,-1
7008,-1,,[],389,,408020105,408020105,-1,-1,5,300,-1,-1
7009,-1,,[],389,,411155906,411155906,-1,-1,6,800,-1,-1
7010,-1,,[],390,,412060001,412060001,412060101,-1,1,100,-1,-1
7011,-1,,[],390,,412060002,412060002,412060102,-1,2,150,-1,-1
7012,-1,,[],390,,412060003,412060003,412060103,-1,3,200,-1,-1
7013,-1,,[],390,,412060004,412060004,412060104,-1,4,250,-1,-1
7014,-1,,[],390,,412060005,412060005,412060105,-1,5,300,-1,-1
7015,-1,,[],390,,412060006,412060006,412060106,-1,6,350,-1,-1
7016,-1,,[],390,,412060007,412060007,412060107,-1,7,400,-1,-1
7017,-1,,[],390,,412060008,412060008,412060108,-1,8,450,-1,-1
7018,-1,,[],390,,412060009,412060009,412060109,-1,9,500,-1,-1
7019,-1,,[],390,,412060010,412060010,412060110,-1,10,550,-1,-1
7020,-1,,[],390,,412060011,412060011,412060111,-1,11,600,-1,-1
7021,-1,,[],390,,412060012,412060012,412060112,-1,12,700,-1,-1
7022,-1,,[],390,,412060013,412060013,412060113,-1,13,800,-1,-1
7023,-1,,[],390,,412060014,412060014,412060114,-1,14,900,-1,-1
7024,-1,,[],390,,412060015,412060015,412060115,-1,15,1000,-1,-1
7025,-1,,[],390,,412060016,412060016,412060116,-1,16,1100,-1,-1
7026,-1,,[],390,,412060017,412060017,412060117,-1,17,1200,-1,-1
7027,-1,,[],390,,412060018,412060018,412060118,-1,18,1300,-1,-1
7028,-1,,[],390,,412060019,412060019,412060119,-1,19,1400,-1,-1
7029,-1,,[],390,,412060020,412060020,412060120,-1,20,1500,-1,-1
7030,-1,,[],390,,412060021,412060021,412060121,-1,21,1600,-1,-1
7031,-1,,[],390,,412060022,412060022,412060122,-1,22,1700,-1,-1
7032,-1,,[],390,,412060023,412060023,412060123,-1,23,1800,-1,-1
7033,-1,,[],390,,412060024,412060024,412060124,-1,24,1900,-1,-1
7034,-1,,[],390,,412060025,412060025,412060125,-1,25,2000,-1,-1
7035,-1,,[],391,,412067501,412067501,412067601,-1,1,100,-1,-1
7036,-1,,[],391,,412067502,412067502,412067602,-1,2,200,-1,-1
7037,-1,,[],391,,412067503,412067503,412067603,-1,3,400,-1,-1
7038,-1,,[],391,,412067504,412067504,412067604,-1,4,600,-1,-1
7039,-1,,[],391,,412067505,412067505,412067605,-1,5,800,-1,-1
7040,-1,,[],391,,412067506,412067506,412067606,-1,6,1000,-1,-1
7041,-1,,[],391,,412067507,412067507,412067607,-1,7,1200,-1,-1
7042,-1,,[],391,,412067508,412067508,412067608,-1,8,1400,-1,-1
7043,-1,,[],391,,412067509,412067509,412067609,-1,9,1600,-1,-1
7044,-1,,[],391,,412067510,412067510,412067610,-1,10,1800,-1,-1
7045,-1,,[],391,,412067511,412067511,412067611,-1,11,2000,-1,-1
7046,-1,,[],391,,412067512,412067512,412067612,-1,12,2200,-1,-1
7047,-1,,[],391,,412067513,412067513,412067613,-1,13,2400,-1,-1
7048,-1,,[],391,,412067514,412067514,412067614,-1,14,2600,-1,-1
7049,-1,,[],391,,412067515,412067515,412067615,-1,15,2800,-1,-1
7050,-1,,[],391,,412067516,412067516,412067616,-1,16,3000,-1,-1
7051,-1,,[],391,,412067517,412067517,412067617,-1,17,3200,-1,-1
7052,-1,,[],391,,412067518,412067518,412067618,-1,18,3400,-1,-1
7053,-1,,[],391,,412067519,412067519,412067619,-1,19,3600,-1,-1
7054,-1,,[],391,,412067520,412067520,412067620,-1,20,3800,-1,-1
7055,-1,,[],391,,412067521,412067521,412067621,-1,21,4000,-1,-1
7056,-1,,[],391,,412067522,412067522,412067622,-1,22,4200,-1,-1
7057,-1,,[],391,,412067523,412067523,412067623,-1,23,4400,-1,-1
7058,-1,,[],391,,412067524,412067524,412067624,-1,24,4600,-1,-1
7059,-1,,[],391,,412067525,412067525,412067625,-1,25,4800,-1,-1
7060,-1,,[],391,,412067526,412067526,412067626,-1,26,5000,-1,-1
7061,-1,,[],391,,412067527,412067527,412067627,-1,27,5200,-1,-1
7062,-1,,[],391,,412067528,412067528,412067628,-1,28,5400,-1,-1
7063,-1,,[],391,,412067529,412067529,412067629,-1,29,5600,-1,-1
7064,-1,,[],391,,412067530,412067530,412067630,-1,30,5800,-1,-1
7065,-1,,[],392,,407317101,407317101,-1,-1,1,100,-1,-1
7066,-1,,[],392,,407317102,407317102,-1,-1,2,1000,-1,-1
7067,-1,,[],392,,407317103,407317103,-1,-1,3,2000,-1,-1
7068,-1,,[],392,,412068301,412068301,-1,-1,4,3000,-1,-1
7069,-1,,[],392,,407251203,407251203,-1,-1,5,4000,-1,-1
7070,-1,,[],393,,,0,-1,-1,1,1000,-1,-1
7071,-1,,[],393,,,0,-1,-1,2,2000,-1,-1
7072,-1,,[],393,,,0,-1,-1,3,3500,-1,-1
7073,-1,,[],393,,,0,-1,-1,4,5500,-1,-1
7074,-1,,[],393,,,0,-1,-1,5,9000,-1,-1
7075,-1,,[],394,,412167001,412167001,-1,-1,1,100,-1,-1
7076,-1,,[],394,,412167002,412167002,-1,-1,2,300,-1,-1
7077,-1,,[],394,,412167003,412167003,-1,-1,3,500,-1,-1
7078,-1,,[],394,,412167004,412167004,-1,-1,4,1000,-1,-1
7079,-1,,[],394,,412167005,412167005,-1,-1,5,1800,-1,-1
7080,-1,,[],394,,412167006,412167006,-1,-1,6,3500,-1,-1
7081,-1,,[],395,,412135101,412135101,-1,-1,1,20,-1,-1
7082,-1,,[],395,,412135102,412135102,-1,-1,2,50,-1,-1
7083,-1,,[],395,,412135103,412135103,-1,-1,3,100,-1,-1
7084,-1,,[],395,,412135104,412135104,-1,-1,4,200,-1,-1
7085,-1,,[],395,,412135105,412135105,-1,-1,5,500,-1,-1
7086,-1,,[],395,,412135106,412135106,-1,-1,6,1000,-1,8
7087,-1,,[],396,,412135201,412135201,412135301,-1,1,100,-1,-1
7088,-1,,[],396,,412135202,412135202,412135302,-1,2,200,-1,-1
7089,-1,,[],396,,412135203,412135203,412135303,-1,3,400,-1,-1
7090,-1,,[],396,,412135204,412135204,412135304,-1,4,600,-1,-1
7091,-1,,[],396,,412135205,412135205,412135305,-1,5,800,-1,-1
7092,-1,,[],396,,412135206,412135206,412135306,-1,6,1000,-1,-1
7093,-1,,[],396,,412135207,412135207,412135307,-1,7,1200,-1,-1
7094,-1,,[],396,,412135208,412135208,412135308,-1,8,1400,-1,-1
7095,-1,,[],396,,412135209,412135209,412135309,-1,9,1600,-1,-1
7096,-1,,[],396,,412135210,412135210,412135310,-1,10,1800,-1,-1
7097,-1,,[],396,,412135211,412135211,412135311,-1,11,2000,-1,-1
7098,-1,,[],396,,412135212,412135212,412135312,-1,12,2200,-1,-1
7099,-1,,[],396,,412135213,412135213,412135313,-1,13,2400,-1,-1
7100,-1,,[],396,,412135214,412135214,412135314,-1,14,2600,-1,-1
7101,-1,,[],396,,412135215,412135215,412135315,-1,15,2800,-1,-1
7102,-1,,[],396,,412135216,412135216,412135316,-1,16,3000,-1,-1
7103,-1,,[],396,,412135217,412135217,412135317,-1,17,3200,-1,-1
7104,-1,,[],396,,412135218,412135218,412135318,-1,18,3400,-1,-1
7105,-1,,[],396,,412135219,412135219,412135319,-1,19,3600,-1,-1
7106,-1,,[],396,,412135220,412135220,412135320,-1,20,3800,-1,-1
7107,-1,,[],396,,412135221,412135221,412135321,-1,21,4000,-1,-1
7108,-1,,[],396,,412135222,412135222,412135322,-1,22,4200,-1,-1
7109,-1,,[],396,,412135223,412135223,412135323,-1,23,4400,-1,-1
7110,-1,,[],396,,412135224,412135224,412135324,-1,24,4600,-1,-1
7111,-1,,[],396,,412135225,412135225,412135325,-1,25,4800,-1,-1
7112,-1,,[],396,,412135226,412135226,412135326,-1,26,5000,-1,-1
7113,-1,,[],396,,412135227,412135227,412135327,-1,27,5200,-1,-1
7114,-1,,[],396,,412135228,412135228,412135328,-1,28,5400,-1,-1
7115,-1,,[],396,,412135229,412135229,412135329,-1,29,5600,-1,-1
7116,-1,,[],396,,412135230,412135230,412135330,-1,30,5800,-1,-1
7117,-1,,[],397,,412132001,412132001,412132101,-1,1,100,-1,-1
7118,-1,,[],397,,412132002,412132002,412132102,-1,2,150,-1,-1
7119,-1,,[],397,,412132003,412132003,412132103,-1,3,200,-1,-1
7120,-1,,[],397,,412132004,412132004,412132104,-1,4,250,-1,-1
7121,-1,,[],397,,412132005,412132005,412132105,-1,5,300,-1,-1
7122,-1,,[],397,,412132006,412132006,412132106,-1,6,350,-1,-1
7123,-1,,[],397,,412132007,412132007,412132107,-1,7,400,-1,-1
7124,-1,,[],397,,412132008,412132008,412132108,-1,8,450,-1,-1
7125,-1,,[],397,,412132009,412132009,412132109,-1,9,500,-1,-1
7126,-1,,[],397,,412132010,412132010,412132110,-1,10,550,-1,-1
7127,-1,,[],397,,412132011,412132011,412132111,-1,11,600,-1,-1
7128,-1,,[],397,,412132012,412132012,412132112,-1,12,700,-1,-1
7129,-1,,[],397,,412132013,412132013,412132113,-1,13,800,-1,-1
7130,-1,,[],397,,412132014,412132014,412132114,-1,14,900,-1,-1
7131,-1,,[],397,,412132015,412132015,412132115,-1,15,1000,-1,-1
7132,-1,,[],397,,412132016,412132016,412132116,-1,16,1100,-1,-1
7133,-1,,[],397,,412132017,412132017,412132117,-1,17,1200,-1,-1
7134,-1,,[],397,,412132018,412132018,412132118,-1,18,1300,-1,-1
7135,-1,,[],397,,412132019,412132019,412132119,-1,19,1400,-1,-1
7136,-1,,[],397,,412132020,412132020,412132120,-1,20,1500,-1,-1
7137,-1,,[],397,,412132021,412132021,412132121,-1,21,1600,-1,-1
7138,-1,,[],397,,412132022,412132022,412132122,-1,22,1700,-1,-1
7139,-1,,[],397,,412132023,412132023,412132123,-1,23,1800,-1,-1
7140,-1,,[],397,,412132024,412132024,412132124,-1,24,1900,-1,-1
7141,-1,,[],397,,412132025,412132025,412132125,-1,25,2000,-1,-1
7142,-1,,[],398,,412165101,412165101,-1,-1,1,100,-1,-1
7143,-1,,[],398,,412165102,412165102,-1,-1,2,1000,-1,-1
7144,-1,,[],398,,412165103,412165103,-1,-1,3,2000,-1,-1
7145,-1,,[],398,,412165104,412165104,-1,-1,4,3000,-1,-1
7146,-1,,[],398,,501035302,501035302,-1,-1,5,4000,-1,-1
7147,-1,,[],399,,412188501,412188501,412188601,-1,1,100,-1,-1
7148,-1,,[],399,,412188502,412188502,412188602,-1,2,200,-1,-1
7149,-1,,[],399,,412188503,412188503,412188603,-1,3,400,-1,-1
7150,-1,,[],399,,412188504,412188504,412188604,-1,4,600,-1,-1
7151,-1,,[],399,,412188505,412188505,412188605,-1,5,800,-1,-1
7152,-1,,[],399,,412188506,412188506,412188606,-1,6,1000,-1,-1
7153,-1,,[],399,,412188507,412188507,412188607,-1,7,1200,-1,-1
7154,-1,,[],399,,412188508,412188508,412188608,-1,8,1400,-1,-1
7155,-1,,[],399,,412188509,412188509,412188609,-1,9,1600,-1,-1
7156,-1,,[],399,,412188510,412188510,412188610,-1,10,1800,-1,-1
7157,-1,,[],399,,412188511,412188511,412188611,-1,11,2000,-1,-1
7158,-1,,[],399,,412188512,412188512,412188612,-1,12,2200,-1,-1
7159,-1,,[],399,,412188513,412188513,412188613,-1,13,2400,-1,-1
7160,-1,,[],399,,412188514,412188514,412188614,-1,14,2600,-1,-1
7161,-1,,[],399,,412188515,412188515,412188615,-1,15,2800,-1,-1
7162,-1,,[],399,,412188516,412188516,412188616,-1,16,3000,-1,-1
7163,-1,,[],399,,412188517,412188517,412188617,-1,17,3200,-1,-1
7164,-1,,[],399,,412188518,412188518,412188618,-1,18,3400,-1,-1
7165,-1,,[],399,,412188519,412188519,412188619,-1,19,3600,-1,-1
7166,-1,,[],399,,412188520,412188520,412188620,-1,20,3800,-1,-1
7167,-1,,[],399,,412188521,412188521,412188621,-1,21,4000,-1,-1
7168,-1,,[],399,,412188522,412188522,412188622,-1,22,4200,-1,-1
7169,-1,,[],399,,412188523,412188523,412188623,-1,23,4400,-1,-1
7170,-1,,[],399,,412188524,412188524,412188624,-1,24,4600,-1,-1
7171,-1,,[],399,,412188525,412188525,412188625,-1,25,4800,-1,-1
7172,-1,,[],399,,412188526,412188526,412188626,-1,26,5000,-1,-1
7173,-1,,[],399,,412188527,412188527,412188627,-1,27,5200,-1,-1
7174,-1,,[],399,,412188528,412188528,412188628,-1,28,5400,-1,-1
7175,-1,,[],399,,412188529,412188529,412188629,-1,29,5600,-1,-1
7176,-1,,[],399,,412188530,412188530,412188630,-1,30,5800,-1,-1
7177,-1,,[],400,,412188701,412188701,412188801,-1,1,100,-1,-1
7178,-1,,[],400,,412188702,412188702,412188802,-1,2,200,-1,-1
7179,-1,,[],400,,412188703,412188703,412188803,-1,3,400,-1,-1
7180,-1,,[],400,,412188704,412188704,412188804,-1,4,600,-1,-1
7181,-1,,[],400,,412188705,412188705,412188805,-1,5,800,-1,-1
7182,-1,,[],400,,412188706,412188706,412188806,-1,6,1000,-1,-1
7183,-1,,[],400,,412188707,412188707,412188807,-1,7,1200,-1,-1
7184,-1,,[],400,,412188708,412188708,412188808,-1,8,1400,-1,-1
7185,-1,,[],400,,412188709,412188709,412188809,-1,9,1600,-1,-1
7186,-1,,[],400,,412188710,412188710,412188810,-1,10,1800,-1,-1
7187,-1,,[],400,,412188711,412188711,412188811,-1,11,2000,-1,-1
7188,-1,,[],400,,412188712,412188712,412188812,-1,12,2200,-1,-1
7189,-1,,[],400,,412188713,412188713,412188813,-1,13,2400,-1,-1
7190,-1,,[],400,,412188714,412188714,412188814,-1,14,2600,-1,-1
7191,-1,,[],400,,412188715,412188715,412188815,-1,15,2800,-1,-1
7192,-1,,[],400,,412188716,412188716,412188816,-1,16,3000,-1,-1
7193,-1,,[],400,,412188717,412188717,412188817,-1,17,3200,-1,-1
7194,-1,,[],400,,412188718,412188718,412188818,-1,18,3400,-1,-1
7195,-1,,[],400,,412188719,412188719,412188819,-1,19,3600,-1,-1
7196,-1,,[],400,,412188720,412188720,412188820,-1,20,3800,-1,-1
7197,-1,,[],400,,412188721,412188721,412188821,-1,21,4000,-1,-1
7198,-1,,[],400,,412188722,412188722,412188822,-1,22,4200,-1,-1
7199,-1,,[],400,,412188723,412188723,412188823,-1,23,4400,-1,-1
7200,-1,,[],400,,412188724,412188724,412188824,-1,24,4600,-1,-1
7201,-1,,[],400,,412188725,412188725,412188825,-1,25,4800,-1,-1
7202,-1,,[],400,,412188726,412188726,412188826,-1,26,5000,-1,-1
7203,-1,,[],400,,412188727,412188727,412188827,-1,27,5200,-1,-1
7204,-1,,[],400,,412188728,412188728,412188828,-1,28,5400,-1,-1
7205,-1,,[],400,,412188729,412188729,412188829,-1,29,5600,-1,-1
7206,-1,,[],400,,412188730,412188730,412188830,-1,30,5800,-1,-1
7207,-1,,[],401,,412189001,412189001,412189101,-1,1,100,-1,-1
7208,-1,,[],401,,412189002,412189002,412189102,-1,2,200,-1,-1
7209,-1,,[],401,,412189003,412189003,412189103,-1,3,400,-1,-1
7210,-1,,[],401,,412189004,412189004,412189104,-1,4,600,-1,-1
7211,-1,,[],401,,412189005,412189005,412189105,-1,5,800,-1,-1
7212,-1,,[],401,,412189006,412189006,412189106,-1,6,1000,-1,-1
7213,-1,,[],401,,412189007,412189007,412189107,-1,7,1200,-1,-1
7214,-1,,[],401,,412189008,412189008,412189108,-1,8,1400,-1,-1
7215,-1,,[],401,,412189009,412189009,412189109,-1,9,1600,-1,-1
7216,-1,,[],401,,412189010,412189010,412189110,-1,10,1800,-1,-1
7217,-1,,[],401,,412189011,412189011,412189111,-1,11,2000,-1,-1
7218,-1,,[],401,,412189012,412189012,412189112,-1,12,2200,-1,-1
7219,-1,,[],401,,412189013,412189013,412189113,-1,13,2400,-1,-1
7220,-1,,[],401,,412189014,412189014,412189114,-1,14,2600,-1,-1
7221,-1,,[],401,,412189015,412189015,412189115,-1,15,2800,-1,-1
7222,-1,,[],401,,412189016,412189016,412189116,-1,16,3000,-1,-1
7223,-1,,[],401,,412189017,412189017,412189117,-1,17,3200,-1,-1
7224,-1,,[],401,,412189018,412189018,412189118,-1,18,3400,-1,-1
7225,-1,,[],401,,412189019,412189019,412189119,-1,19,3600,-1,-1
7226,-1,,[],401,,412189020,412189020,412189120,-1,20,3800,-1,-1
7227,-1,,[],401,,412189021,412189021,412189121,-1,21,4000,-1,-1
7228,-1,,[],401,,412189022,412189022,412189122,-1,22,4200,-1,-1
7229,-1,,[],401,,412189023,412189023,412189123,-1,23,4400,-1,-1
7230,-1,,[],401,,412189024,412189024,412189124,-1,24,4600,-1,-1
7231,-1,,[],401,,412189025,412189025,412189125,-1,25,4800,-1,-1
7232,-1,,[],401,,412189026,412189026,412189126,-1,26,5000,-1,-1
7233,-1,,[],401,,412189027,412189027,412189127,-1,27,5200,-1,-1
7234,-1,,[],401,,412189028,412189028,412189128,-1,28,5400,-1,-1
7235,-1,,[],401,,412189029,412189029,412189129,-1,29,5600,-1,-1
7236,-1,,[],401,,412189030,412189030,412189130,-1,30,5800,-1,-1
7237,-1,,[],402,,412191701,412191701,-1,-1,1,50,-1,-1
7238,-1,,[],402,,412191702,412191702,-1,-1,2,100,-1,-1
7239,-1,,[],402,,412191703,412191703,-1,-1,3,200,-1,-1
7240,-1,,[],402,,412191704,412191704,-1,-1,4,500,-1,-1
7241,-1,,[],402,,412191705,412191705,-1,-1,5,1000,-1,-1
7242,-1,,[],402,,412191706,412191706,-1,-1,6,2000,-1,-1
724201,-1,,[],402,,412191707,412191707,-1,-1,6,4000,-1,-1
7243,-1,,[],403,,412190501,412190501,412190601,-1,1,1,-1,-1
7244,-1,,[],403,,412190502,412190502,412190602,-1,2,2,-1,-1
7245,-1,,[],403,,412190503,412190503,412190603,-1,3,3,-1,-1
7246,-1,,[],403,,412190504,412190504,412190604,-1,4,4,-1,-1
7247,-1,,[],403,,412190505,412190505,412190605,-1,5,5,-1,-1
7248,-1,,[],403,,412190506,412190506,412190606,-1,6,6,-1,-1
7249,-1,,[],403,,412190507,412190507,412190607,-1,7,7,-1,-1
7250,-1,,[],404,,412190201,412190201,412190301,412190401,1,100,-1,-1
7251,-1,,[],404,,412190202,412190202,412190302,412190402,2,200,-1,-1
7252,-1,,[],404,,412190203,412190203,412190303,412190403,3,300,-1,-1
7253,-1,,[],404,,412190204,412190204,412190304,412190404,4,400,-1,-1
7254,-1,,[],404,,412190205,412190205,412190305,412190405,5,500,-1,-1
7255,-1,,[],404,,412190206,412190206,412190306,412190406,6,600,-1,-1
7256,-1,,[],404,,412190207,412190207,412190307,412190407,7,700,-1,-1
7257,-1,,[],404,,412190208,412190208,412190308,412190408,8,800,-1,-1
7258,-1,,[],404,,412190209,412190209,412190309,412190409,9,900,-1,-1
7259,-1,,[],404,,412190210,412190210,412190310,412190410,10,1000,-1,-1
7260,-1,,[],404,,412190211,412190211,412190311,412190411,11,1200,-1,-1
7261,-1,,[],404,,412190212,412190212,412190312,412190412,12,1400,-1,-1
7262,-1,,[],404,,412190213,412190213,412190313,412190413,13,1600,-1,-1
7263,-1,,[],404,,412190214,412190214,412190314,412190414,14,1800,-1,-1
7264,-1,,[],404,,412190215,412190215,412190315,412190415,15,2000,-1,-1
7265,-1,,[],404,,412190216,412190216,412190316,412190416,16,2200,-1,-1
7266,-1,,[],404,,412190217,412190217,412190317,412190417,17,2400,-1,-1
7267,-1,,[],404,,412190218,412190218,412190318,412190418,18,2600,-1,-1
7268,-1,,[],404,,412190219,412190219,412190319,412190419,19,2800,-1,-1
7269,-1,,[],404,,412190220,412190220,412190320,412190420,20,3000,-1,-1
7270,-1,,[],404,,412190221,412190221,412190321,412190421,21,3400,-1,-1
7271,-1,,[],404,,412190222,412190222,412190322,412190422,22,3800,-1,-1
7272,-1,,[],404,,412190223,412190223,412190323,412190423,23,4200,-1,-1
7273,-1,,[],404,,412190224,412190224,412190324,412190424,24,4600,-1,-1
7274,-1,,[],404,,412190225,412190225,412190325,412190425,25,5000,-1,-1
7275,-1,,[],405,,412205101,412205101,412205201,-1,1,100,-1,-1
7276,-1,,[],405,,412205102,412205102,412205202,-1,2,200,-1,-1
7277,-1,,[],405,,412205103,412205103,412205203,-1,3,400,-1,-1
7278,-1,,[],405,,412205104,412205104,412205204,-1,4,600,-1,-1
7279,-1,,[],405,,412205105,412205105,412205205,-1,5,800,-1,-1
7280,-1,,[],405,,412205106,412205106,412205206,-1,6,1000,-1,-1
7281,-1,,[],405,,412205107,412205107,412205207,-1,7,1200,-1,-1
7282,-1,,[],405,,412205108,412205108,412205208,-1,8,1400,-1,-1
7283,-1,,[],405,,412205109,412205109,412205209,-1,9,1600,-1,-1
7284,-1,,[],405,,412205110,412205110,412205210,-1,10,1800,-1,-1
7285,-1,,[],405,,412205111,412205111,412205211,-1,11,2000,-1,-1
7286,-1,,[],405,,412205112,412205112,412205212,-1,12,2200,-1,-1
7287,-1,,[],405,,412205113,412205113,412205213,-1,13,2400,-1,-1
7288,-1,,[],405,,412205114,412205114,412205214,-1,14,2600,-1,-1
7289,-1,,[],405,,412205115,412205115,412205215,-1,15,2800,-1,-1
7290,-1,,[],405,,412205116,412205116,412205216,-1,16,3000,-1,-1
7291,-1,,[],405,,412205117,412205117,412205217,-1,17,3200,-1,-1
7292,-1,,[],405,,412205118,412205118,412205218,-1,18,3400,-1,-1
7293,-1,,[],405,,412205119,412205119,412205219,-1,19,3600,-1,-1
7294,-1,,[],405,,412205120,412205120,412205220,-1,20,3800,-1,-1
7295,-1,,[],405,,412205121,412205121,412205221,-1,21,4000,-1,-1
7296,-1,,[],405,,412205122,412205122,412205222,-1,22,4200,-1,-1
7297,-1,,[],405,,412205123,412205123,412205223,-1,23,4400,-1,-1
7298,-1,,[],405,,412205124,412205124,412205224,-1,24,4600,-1,-1
7299,-1,,[],405,,412205125,412205125,412205225,-1,25,4800,-1,-1
7300,-1,,[],405,,412205126,412205126,412205226,-1,26,5000,-1,-1
7301,-1,,[],405,,412205127,412205127,412205227,-1,27,5200,-1,-1
7302,-1,,[],405,,412205128,412205128,412205228,-1,28,5400,-1,-1
7303,-1,,[],405,,412205129,412205129,412205229,-1,29,5600,-1,-1
7304,-1,,[],405,,412205130,412205130,412205230,-1,30,5800,-1,-1
7305,-1,,[],406,,412190501,412190501,-1,-1,1,1,-1,-1
7306,-1,,[],406,,412190502,412190502,-1,-1,2,2,-1,-1
7307,-1,,[],406,,412190503,412190503,-1,-1,3,3,-1,-1
7308,-1,,[],406,,412190504,412190504,-1,-1,4,4,-1,-1
7309,-1,,[],406,,412190505,412190505,-1,-1,5,5,-1,-1
7310,-1,,[],406,,412190506,412190506,-1,-1,6,6,-1,-1
7311,-1,,[],407,,1243401,1243401,-1,-1,1,2,-1,-1
7312,-1,,[],407,,1243402,1243402,-1,-1,2,3,-1,-1
7313,-1,,[],407,,1243403,1243403,-1,-1,3,4,-1,-1
7314,-1,,[],407,,1243404,1243404,-1,-1,4,5,-1,-1
7315,-1,,[],407,,1243405,1243405,-1,-1,5,7,-1,-1
7316,-1,,[],407,,1243406,1243406,-1,-1,6,8,-1,-1
7317,-1,,[],407,,1243407,1243407,-1,-1,7,10,-1,-1
7318,-1,,[],408,,412247001,412247001,-1,-1,1,20,-1,-1
7319,-1,,[],408,,412247002,412247002,-1,-1,2,80,-1,-1
7320,-1,,[],408,,412247003,412247003,-1,-1,3,300,-1,-1
7321,-1,,[],408,,412247004,412247004,-1,-1,4,600,-1,-1
7322,-1,,[],408,,412247005,412247005,-1,-1,5,1500,-1,-1
7323,-1,,[],409,,412312201,412312201,412190601,-1,1,1,-1,-1
7324,-1,,[],409,,412312201,412312201,412190602,-1,2,2,-1,-1
7325,-1,,[],409,,412312201,412312201,412190603,-1,3,3,-1,-1
7326,-1,,[],409,,412312201,412312201,412190604,-1,4,4,-1,-1
7327,-1,,[],409,,412312201,412312201,412190605,-1,5,5,-1,-1
7328,-1,,[],410,,412312201,412312201,412190601,-1,1,1,-1,-1
7329,-1,,[],410,,412312201,412312201,412190602,-1,2,5,-1,-1
7330,-1,,[],410,,412312201,412312201,412190603,-1,3,10,-1,-1
7331,-1,,[],410,,412312201,412312201,412190604,-1,4,20,-1,-1
7332,-1,,[],410,,412312201,412312201,412190605,-1,5,50,-1,-1
7333,-1,,[],411,,412312201,412312201,412190601,-1,1,1,-1,-1
7334,-1,,[],411,,412312201,412312201,412190602,-1,2,3,-1,-1
7335,-1,,[],411,,412312201,412312201,412190603,-1,3,5,-1,-1
7336,-1,,[],411,,412312201,412312201,412190604,-1,4,7,-1,-1
7337,-1,,[],411,,412312201,412312201,412190605,-1,5,9,-1,-1
7338,-1,,[],412,,412312201,412312201,412190601,-1,1,2,-1,-1
7339,-1,,[],412,,412312201,412312201,412190602,-1,2,4,-1,-1
7340,-1,,[],412,,412312201,412312201,412190603,-1,3,6,-1,-1
7341,-1,,[],412,,412312201,412312201,412190604,-1,4,8,-1,-1
7342,-1,,[],412,,412312201,412312201,412190605,-1,5,10,-1,-1
7343,-1,,[],413,,412312201,412312201,412190601,-1,1,6,-1,-1
7344,-1,,[],413,,412312201,412312201,412190602,-1,2,20,-1,-1
7345,-1,,[],413,,412312201,412312201,412190603,-1,3,50,-1,-1
7346,-1,,[],413,,412312201,412312201,412190604,-1,4,400,-1,-1
7347,-1,,[],413,,412312201,412312201,412190605,-1,5,500,-1,-1
7348,-1,,[],414,,412276001,412276001,412276101,-1,1,100,-1,-1
7349,-1,,[],414,,412276002,412276002,412276102,-1,2,200,-1,-1
7350,-1,,[],414,,412276003,412276003,412276103,-1,3,400,-1,-1
7351,-1,,[],414,,412276004,412276004,412276104,-1,4,600,-1,-1
7352,-1,,[],414,,412276005,412276005,412276105,-1,5,800,-1,-1
7353,-1,,[],414,,412276006,412276006,412276106,-1,6,1000,-1,-1
7354,-1,,[],414,,412276007,412276007,412276107,-1,7,1200,-1,-1
7355,-1,,[],414,,412276008,412276008,412276108,-1,8,1400,-1,-1
7356,-1,,[],414,,412276009,412276009,412276109,-1,9,1600,-1,-1
7357,-1,,[],414,,412276010,412276010,412276110,-1,10,1800,-1,-1
7358,-1,,[],414,,412276011,412276011,412276111,-1,11,2000,-1,-1
7359,-1,,[],414,,412276012,412276012,412276112,-1,12,2200,-1,-1
7360,-1,,[],414,,412276013,412276013,412276113,-1,13,2400,-1,-1
7361,-1,,[],414,,412276014,412276014,412276114,-1,14,2600,-1,-1
7362,-1,,[],414,,412276015,412276015,412276115,-1,15,2800,-1,-1
7363,-1,,[],414,,412276016,412276016,412276116,-1,16,3000,-1,-1
7364,-1,,[],414,,412276017,412276017,412276117,-1,17,3200,-1,-1
7365,-1,,[],414,,412276018,412276018,412276118,-1,18,3400,-1,-1
7366,-1,,[],414,,412276019,412276019,412276119,-1,19,3600,-1,-1
7367,-1,,[],414,,412276020,412276020,412276120,-1,20,3800,-1,-1
7368,-1,,[],414,,412276021,412276021,412276121,-1,21,4000,-1,-1
7369,-1,,[],414,,412276022,412276022,412276122,-1,22,4200,-1,-1
7370,-1,,[],414,,412276023,412276023,412276123,-1,23,4400,-1,-1
7371,-1,,[],414,,412276024,412276024,412276124,-1,24,4600,-1,-1
7372,-1,,[],414,,412276025,412276025,412276125,-1,25,4800,-1,-1
7373,-1,,[],414,,412276026,412276026,412276126,-1,26,5000,-1,-1
7374,-1,,[],414,,412276027,412276027,412276127,-1,27,5200,-1,-1
7375,-1,,[],414,,412276028,412276028,412276128,-1,28,5400,-1,-1
7376,-1,,[],414,,412276029,412276029,412276129,-1,29,5600,-1,-1
7377,-1,,[],414,,412276030,412276030,412276130,-1,30,5800,-1,-1
7378,-1,,[],415,,412312201,412312201,-1,-1,1,500,-1,-1
7379,-1,,[],415,,412312202,412312202,-1,-1,2,2000,-1,-1
7380,-1,,[],415,,412312203,412312203,-1,-1,3,5000,-1,-1
7381,-1,,[],415,,412312204,412312204,-1,-1,4,7000,-1,-1
7382,-1,,[],415,,412312205,412312205,-1,-1,5,10000,-1,-1
7383,-1,,[],416,,412312301,412312301,-1,-1,1,400,-1,-1
7384,-1,,[],416,,412312302,412312302,-1,-1,2,1000,-1,-1
7385,-1,,[],416,,412312303,412312303,-1,-1,3,3000,-1,-1
7386,-1,,[],416,,412312304,412312304,-1,-1,4,5000,-1,-1
7387,-1,,[],416,,412312305,412312305,-1,-1,5,8000,-1,-1
7388,-1,,[],417,,412312401,412312401,-1,-1,1,300,-1,-1
7389,-1,,[],417,,412312402,412312402,-1,-1,2,1000,-1,-1
7390,-1,,[],417,,412312403,412312403,-1,-1,3,2000,-1,-1
7391,-1,,[],417,,412312404,412312404,-1,-1,4,4000,-1,-1
7392,-1,,[],417,,412312405,412312405,-1,-1,5,6000,-1,-1
7393,-1,,[],418,,412312501,412312501,-1,-1,1,200,-1,-1
7394,-1,,[],418,,412312502,412312502,-1,-1,2,800,-1,-1
7395,-1,,[],418,,412312503,412312503,-1,-1,3,1500,-1,-1
7396,-1,,[],418,,412312504,412312504,-1,-1,4,3000,-1,-1
7397,-1,,[],418,,412312505,412312505,-1,-1,5,5000,-1,-1
7398,-1,,[],419,,412312601,412312601,-1,-1,1,100,-1,-1
7399,-1,,[],419,,412312602,412312602,-1,-1,2,500,-1,-1
7400,-1,,[],419,,412312603,412312603,-1,-1,3,1000,-1,-1
7401,-1,,[],419,,412312604,412312604,-1,-1,4,1500,-1,-1
7402,-1,,[],419,,412312605,412312605,-1,-1,5,2000,-1,-1
7403,-1,,[],420,,501035101,501035101,501035201,-1,1,100,-1,-1
7404,-1,,[],420,,501035102,501035102,501035202,-1,2,200,-1,-1
7405,-1,,[],420,,501035103,501035103,501035203,-1,3,400,-1,-1
7406,-1,,[],420,,501035104,501035104,501035204,-1,4,600,-1,-1
7407,-1,,[],420,,501035105,501035105,501035205,-1,5,800,-1,-1
7408,-1,,[],420,,501035106,501035106,501035206,-1,6,1000,-1,-1
7409,-1,,[],420,,501035107,501035107,501035207,-1,7,1200,-1,-1
7410,-1,,[],420,,501035108,501035108,501035208,-1,8,1400,-1,-1
7411,-1,,[],420,,501035109,501035109,501035209,-1,9,1600,-1,-1
7412,-1,,[],420,,501035110,501035110,501035210,-1,10,1800,-1,-1
7413,-1,,[],420,,501035111,501035111,501035211,-1,11,2000,-1,-1
7414,-1,,[],420,,501035112,501035112,501035212,-1,12,2200,-1,-1
7415,-1,,[],420,,501035113,501035113,501035213,-1,13,2400,-1,-1
7416,-1,,[],420,,501035114,501035114,501035214,-1,14,2600,-1,-1
7417,-1,,[],420,,501035115,501035115,501035215,-1,15,2800,-1,-1
7418,-1,,[],420,,501035116,501035116,501035216,-1,16,3000,-1,-1
7419,-1,,[],420,,501035117,501035117,501035217,-1,17,3200,-1,-1
7420,-1,,[],420,,501035118,501035118,501035218,-1,18,3400,-1,-1
7421,-1,,[],420,,501035119,501035119,501035219,-1,19,3600,-1,-1
7422,-1,,[],420,,501035120,501035120,501035220,-1,20,3800,-1,-1
7423,-1,,[],420,,501035121,501035121,501035221,-1,21,4000,-1,-1
7424,-1,,[],420,,501035122,501035122,501035222,-1,22,4200,-1,-1
7425,-1,,[],420,,501035123,501035123,501035223,-1,23,4400,-1,-1
7426,-1,,[],420,,501035124,501035124,501035224,-1,24,4600,-1,-1
7427,-1,,[],420,,501035125,501035125,501035225,-1,25,4800,-1,-1
7428,-1,,[],420,,501035126,501035126,501035226,-1,26,5000,-1,-1
7429,-1,,[],420,,501035127,501035127,501035227,-1,27,5200,-1,-1
7430,-1,,[],420,,501035128,501035128,501035228,-1,28,5400,-1,-1
7431,-1,,[],420,,501035129,501035129,501035229,-1,29,5600,-1,-1
7432,-1,,[],420,,501035130,501035130,501035230,-1,30,5800,-1,-1
7433,-1,,[],421,,407317101,407317101,-1,-1,1,100,-1,-1
7434,-1,,[],421,,409215002,409215002,-1,-1,2,300,-1,-1
7435,-1,,[],421,,407317103,407317103,-1,-1,3,2000,-1,-1
7436,-1,,[],421,,407317104,407317104,-1,-1,4,3000,-1,-1
7437,-1,,[],421,,407040850,407040850,-1,-1,5,4000,-1,-1
7438,-1,,[],422,,412247001,412247001,-1,-1,1,20,-1,-1
7439,-1,,[],422,,412247002,412247002,-1,-1,2,80,-1,-1
7440,-1,,[],422,,412247003,412247003,-1,-1,3,300,-1,-1
7441,-1,,[],422,,412247004,412247004,-1,-1,4,600,-1,-1
7442,-1,,[],422,,501091001,501091001,-1,-1,5,1500,-1,-1
7443,-1,,[],423,,501105101,501105101,501105201,-1,1,100,-1,-1
7444,-1,,[],423,,501105102,501105102,501105202,-1,2,200,-1,-1
7445,-1,,[],423,,501105103,501105103,501105203,-1,3,400,-1,-1
7446,-1,,[],423,,501105104,501105104,501105204,-1,4,600,-1,-1
7447,-1,,[],423,,501105105,501105105,501105205,-1,5,800,-1,-1
7448,-1,,[],423,,501105106,501105106,501105206,-1,6,1000,-1,-1
7449,-1,,[],423,,501105107,501105107,501105207,-1,7,1200,-1,-1
7450,-1,,[],423,,501105108,501105108,501105208,-1,8,1400,-1,-1
7451,-1,,[],423,,501105109,501105109,501105209,-1,9,1600,-1,-1
7452,-1,,[],423,,501105110,501105110,501105210,-1,10,1800,-1,-1
7453,-1,,[],423,,501105111,501105111,501105211,-1,11,2000,-1,-1
7454,-1,,[],423,,501105112,501105112,501105212,-1,12,2200,-1,-1
7455,-1,,[],423,,501105113,501105113,501105213,-1,13,2400,-1,-1
7456,-1,,[],423,,501105114,501105114,501105214,-1,14,2600,-1,-1
7457,-1,,[],423,,501105115,501105115,501105215,-1,15,2800,-1,-1
7458,-1,,[],423,,501105116,501105116,501105216,-1,16,3000,-1,-1
7459,-1,,[],423,,501105117,501105117,501105217,-1,17,3200,-1,-1
7460,-1,,[],423,,501105118,501105118,501105218,-1,18,3400,-1,-1
7461,-1,,[],423,,501105119,501105119,501105219,-1,19,3600,-1,-1
7462,-1,,[],423,,501105120,501105120,501105220,-1,20,3800,-1,-1
7463,-1,,[],423,,501105121,501105121,501105221,-1,21,4000,-1,-1
7464,-1,,[],423,,501105122,501105122,501105222,-1,22,4200,-1,-1
7465,-1,,[],423,,501105123,501105123,501105223,-1,23,4400,-1,-1
7466,-1,,[],423,,501105124,501105124,501105224,-1,24,4600,-1,-1
7467,-1,,[],423,,501105125,501105125,501105225,-1,25,4800,-1,-1
7468,-1,,[],423,,501105126,501105126,501105226,-1,26,5000,-1,-1
7469,-1,,[],423,,501105127,501105127,501105227,-1,27,5200,-1,-1
7470,-1,,[],423,,501105128,501105128,501105228,-1,28,5400,-1,-1
7471,-1,,[],423,,501105129,501105129,501105229,-1,29,5600,-1,-1
7472,-1,,[],423,,501105130,501105130,501105230,-1,30,5800,-1,-1
7473,-1,,[],424,,501108001,501108001,-1,-1,1,200,-1,-1
7474,-1,,[],424,,501108002,501108002,-1,-1,2,500,-1,-1
7475,-1,,[],424,,501108003,501108003,-1,-1,3,1000,-1,-1
7476,-1,,[],424,,501108004,501108004,-1,-1,4,3000,-1,-1
7477,-1,,[],424,,501108005,501108005,-1,-1,5,6000,-1,-1
7478,-1,,[],424,,501108006,501108006,-1,-1,6,12000,-1,8
7479,-1,,[],425,,501175001,501175001,-1,-1,1,200,-1,-1
7480,-1,,[],425,,501175002,501175002,-1,-1,2,500,-1,-1
7481,-1,,[],425,,501175003,501175003,-1,-1,3,1000,-1,-1
7482,-1,,[],425,,501175004,501175004,-1,-1,4,3000,-1,-1
7483,-1,,[],425,,501175005,501175005,-1,-1,5,6000,-1,-1
7484,-1,,[],425,,501175006,501175006,-1,-1,6,12000,-1,8
7485,-1,,[],426,,501176001,501176001,-1,-1,1,100,-1,-1
7486,-1,,[],426,,501176002,501176002,-1,-1,2,1000,-1,-1
7487,-1,,[],426,,501176003,501176003,-1,-1,3,2000,-1,-1
7488,-1,,[],426,,501176004,501176004,-1,-1,4,3000,-1,-1
7489,-1,,[],426,,501176005,501176005,-1,-1,5,4000,-1,-1
7490,-1,,[],427,,501178011,501178011,-1,-1,1,200,-1,-1
7491,-1,,[],427,,501178012,501178012,-1,-1,2,500,-1,-1
7492,-1,,[],427,,501178013,501178013,-1,-1,3,1000,-1,-1
7493,-1,,[],427,,501178014,501178014,-1,-1,4,3000,-1,-1
7494,-1,,[],427,,501178015,501178015,-1,-1,5,6000,-1,-1
7495,-1,,[],427,,501178016,501178016,-1,-1,6,12000,-1,8
7496,-1,,[],428,,412205101,412205101,501178501,-1,1,100,-1,-1
7497,-1,,[],428,,412205102,412205102,501178502,-1,2,200,-1,-1
7498,-1,,[],428,,412205103,412205103,501178503,-1,3,400,-1,-1
7499,-1,,[],428,,412205104,412205104,501178504,-1,4,600,-1,-1
7500,-1,,[],428,,412205105,412205105,501178505,-1,5,800,-1,-1
7501,-1,,[],428,,412205106,412205106,501178506,-1,6,1000,-1,-1
7502,-1,,[],428,,412205107,412205107,501178507,-1,7,1200,-1,-1
7503,-1,,[],428,,412205108,412205108,501178508,-1,8,1400,-1,-1
7504,-1,,[],428,,412205109,412205109,501178509,-1,9,1600,-1,-1
7505,-1,,[],428,,412205110,412205110,501178510,-1,10,1800,-1,-1
7506,-1,,[],428,,412205111,412205111,501178511,-1,11,2000,-1,-1
7507,-1,,[],428,,412205112,412205112,501178512,-1,12,2200,-1,-1
7508,-1,,[],428,,412205113,412205113,501178513,-1,13,2400,-1,-1
7509,-1,,[],428,,412205114,412205114,501178514,-1,14,2600,-1,-1
7510,-1,,[],428,,412205115,412205115,501178515,-1,15,2800,-1,-1
7511,-1,,[],428,,412205116,412205116,501178516,-1,16,3000,-1,-1
7512,-1,,[],428,,412205117,412205117,501178517,-1,17,3200,-1,-1
7513,-1,,[],428,,412205118,412205118,501178518,-1,18,3400,-1,-1
7514,-1,,[],428,,412205119,412205119,501178519,-1,19,3600,-1,-1
7515,-1,,[],428,,412205120,412205120,501178520,-1,20,3800,-1,-1
7516,-1,,[],428,,412205121,412205121,501178521,-1,21,4000,-1,-1
7517,-1,,[],428,,412205122,412205122,501178522,-1,22,4200,-1,-1
7518,-1,,[],428,,412205123,412205123,501178523,-1,23,4400,-1,-1
7519,-1,,[],428,,412205124,412205124,501178524,-1,24,4600,-1,-1
7520,-1,,[],428,,412205125,412205125,501178525,-1,25,4800,-1,-1
7521,-1,,[],428,,412205126,412205126,501178526,-1,26,5000,-1,-1
7522,-1,,[],428,,412205127,412205127,501178527,-1,27,5200,-1,-1
7523,-1,,[],428,,412205128,412205128,501178528,-1,28,5400,-1,-1
7524,-1,,[],428,,412205129,412205129,501178529,-1,29,5600,-1,-1
7525,-1,,[],428,,412205130,412205130,501178530,-1,30,5800,-1,-1
7526,-1,,[],429,,501180101,501180101,501180201,501180301,1,100,-1,-1
7527,-1,,[],429,,501180102,501180102,501180202,501180302,2,200,-1,-1
7528,-1,,[],429,,501180103,501180103,501180203,501180303,3,300,-1,-1
7529,-1,,[],429,,501180104,501180104,501180204,501180304,4,400,-1,-1
7530,-1,,[],429,,501180105,501180105,501180205,501180305,5,500,-1,-1
7531,-1,,[],429,,501180106,501180106,501180206,501180306,6,600,-1,-1
7532,-1,,[],429,,501180107,501180107,501180207,501180307,7,700,-1,-1
7533,-1,,[],429,,501180108,501180108,501180208,501180308,8,800,-1,-1
7534,-1,,[],429,,501180109,501180109,501180209,501180309,9,900,-1,-1
7535,-1,,[],429,,501180110,501180110,501180210,501180310,10,1000,-1,-1
7536,-1,,[],429,,501180111,501180111,501180211,501180311,11,1100,-1,-1
7537,-1,,[],429,,501180112,501180112,501180212,501180312,12,1200,-1,-1
7538,-1,,[],429,,501180113,501180113,501180213,501180313,13,1300,-1,-1
7539,-1,,[],429,,501180114,501180114,501180214,501180314,14,1400,-1,-1
7540,-1,,[],429,,501180115,501180115,501180215,501180315,15,1500,-1,-1
7541,-1,,[],429,,501180116,501180116,501180216,501180316,16,1600,-1,-1
7542,-1,,[],429,,501180117,501180117,501180217,501180317,17,1700,-1,-1
7543,-1,,[],429,,501180118,501180118,501180218,501180318,18,1800,-1,-1
7544,-1,,[],429,,501180119,501180119,501180219,501180319,19,1900,-1,-1
7545,-1,,[],429,,501180120,501180120,501180220,501180320,20,2000,-1,-1
7546,-1,,[],429,,501180121,501180121,501180221,501180321,21,2200,-1,-1
7547,-1,,[],429,,501180122,501180122,501180222,501180322,22,2400,-1,-1
7548,-1,,[],429,,501180123,501180123,501180223,501180323,23,2600,-1,-1
7549,-1,,[],429,,501180124,501180124,501180224,501180324,24,2800,-1,-1
7550,-1,,[],429,,501180125,501180125,501180225,501180325,25,3000,-1,-1
7551,-1,,[],430,,501180501,501180501,-1,-1,1,20,-1,-1
7552,-1,,[],430,,501180502,501180502,-1,-1,2,50,-1,-1
7553,-1,,[],430,,501180503,501180503,-1,-1,3,100,-1,-1
7554,-1,,[],430,,501180504,501180504,-1,-1,4,200,-1,-1
7555,-1,,[],430,,501180505,501180505,-1,-1,5,500,-1,-1
7556,-1,,[],430,,501180506,501180506,-1,-1,6,800,-1,-1
7557,-1,,[],430,,501180507,501180507,-1,-1,6,1500,-1,-1
7558,-1,,[],431,,501180801,501180801,501180901,-1,1,1,-1,-1
7559,-1,,[],431,,501180802,501180802,501180902,-1,2,2,-1,-1
7560,-1,,[],431,,501180803,501180803,501180903,-1,3,3,-1,-1
7561,-1,,[],431,,501180804,501180804,501180904,-1,4,4,-1,-1
7562,-1,,[],431,,501180805,501180805,501180905,-1,5,5,-1,-1
7563,-1,,[],431,,501180806,501180806,501180906,-1,6,6,-1,-1
7564,-1,,[],431,,501180807,501180807,501180907,-1,7,7,-1,-1
7565,-1,,[],432,,403056801,403056801,-1,-1,1,100,10,-1
7566,-1,,[],432,,403056802,403056802,-1,-1,2,200,20,-1
7567,-1,,[],432,,403056803,403056803,-1,-1,3,300,30,-1
7568,-1,,[],432,,403056804,403056804,-1,-1,4,400,40,-1
7569,-1,,[],432,,403056805,403056805,-1,-1,5,500,50,-1
7570,-1,,[],432,,403056806,403056806,-1,-1,6,600,60,-1
7571,-1,,[],432,,403056807,403056807,-1,-1,7,700,70,-1
7572,-1,,[],432,,403056808,403056808,-1,-1,8,800,80,-1
7573,-1,,[],432,,403056809,403056809,-1,-1,9,900,90,-1
7574,-1,,[],432,,403056810,403056810,-1,-1,10,1000,100,-1
7575,-1,,[],433,,501207001,501207001,501207101,-1,1,100,-1,-1
7576,-1,,[],433,,501207002,501207002,501207102,-1,2,200,-1,-1
7577,-1,,[],433,,501207003,501207003,501207103,-1,3,400,-1,-1
7578,-1,,[],433,,501207004,501207004,501207104,-1,4,600,-1,-1
7579,-1,,[],433,,501207005,501207005,501207105,-1,5,800,-1,-1
7580,-1,,[],433,,501207006,501207006,501207106,-1,6,1000,-1,-1
7581,-1,,[],433,,501207007,501207007,501207107,-1,7,1200,-1,-1
7582,-1,,[],433,,501207008,501207008,501207108,-1,8,1400,-1,-1
7583,-1,,[],433,,501207009,501207009,501207109,-1,9,1600,-1,-1
7584,-1,,[],433,,501207010,501207010,501207110,-1,10,1800,-1,-1
7585,-1,,[],433,,501207011,501207011,501207111,-1,11,2000,-1,-1
7586,-1,,[],433,,501207012,501207012,501207112,-1,12,2200,-1,-1
7587,-1,,[],433,,501207013,501207013,501207113,-1,13,2400,-1,-1
7588,-1,,[],433,,501207014,501207014,501207114,-1,14,2600,-1,-1
7589,-1,,[],433,,501207015,501207015,501207115,-1,15,2800,-1,-1
7590,-1,,[],433,,501207016,501207016,501207116,-1,16,3000,-1,-1
7591,-1,,[],433,,501207017,501207017,501207117,-1,17,3200,-1,-1
7592,-1,,[],433,,501207018,501207018,501207118,-1,18,3400,-1,-1
7593,-1,,[],433,,501207019,501207019,501207119,-1,19,3600,-1,-1
7594,-1,,[],433,,501207020,501207020,501207120,-1,20,3800,-1,-1
7595,-1,,[],433,,501207021,501207021,501207121,-1,21,4000,-1,-1
7596,-1,,[],433,,501207022,501207022,501207122,-1,22,4200,-1,-1
7597,-1,,[],433,,501207023,501207023,501207123,-1,23,4400,-1,-1
7598,-1,,[],433,,501207024,501207024,501207124,-1,24,4600,-1,-1
7599,-1,,[],433,,501207025,501207025,501207125,-1,25,4800,-1,-1
7600,-1,,[],433,,501207026,501207026,501207126,-1,26,5000,-1,-1
7601,-1,,[],433,,501207027,501207027,501207127,-1,27,5200,-1,-1
7602,-1,,[],433,,501207028,501207028,501207128,-1,28,5400,-1,-1
7603,-1,,[],433,,501207029,501207029,501207129,-1,29,5600,-1,-1
7604,-1,,[],433,,501207030,501207030,501207130,-1,30,5800,-1,-1
7605,-1,,[],434,,501181001,501181001,-1,-1,1,1000,50,-1
7606,-1,,[],434,,501181002,501181002,-1,-1,2,2000,100,-1
7607,-1,,[],434,,501181003,501181003,-1,-1,3,3000,150,-1
7608,-1,,[],434,,501181004,501181004,-1,-1,4,4000,200,-1
7609,-1,,[],434,,501181005,501181005,-1,-1,5,5000,250,-1
7610,-1,,[],434,,501181006,501181006,-1,-1,6,6000,300,-1
7611,-1,,[],434,,501181007,501181007,-1,-1,7,8000,350,-1
7612,-1,,[],434,,501181008,501181008,-1,-1,8,10000,400,-1
7613,-1,,[],434,,501181009,501181009,-1,-1,9,12000,450,-1
7614,-1,,[],434,,501181010,501181010,-1,-1,10,14000,500,-1
7615,-1,,[],434,,501181011,501181011,-1,-1,11,16000,550,-1
7616,-1,,[],434,,501181012,501181012,-1,-1,12,18000,600,-1
7617,-1,,[],434,,501181013,501181013,-1,-1,13,20000,650,-1
7618,-1,,[],434,,501181014,501181014,-1,-1,14,24000,700,-1
7619,-1,,[],434,,501181015,501181015,-1,-1,15,28000,750,-1
7620,-1,,[],434,,501181016,501181016,-1,-1,16,32000,800,-1
7621,-1,,[],434,,501181017,501181017,-1,-1,17,36000,850,-1
7622,-1,,[],434,,501181018,501181018,-1,-1,18,40000,900,-1
7623,-1,,[],434,,501181019,501181019,-1,-1,19,45000,950,-1
7624,-1,,[],434,,501181020,501181020,-1,-1,20,50000,1000,-1
7625,-1,,[],435,,501176001,501176001,-1,-1,1,100,-1,-1
7626,-1,,[],435,,501176002,501176002,-1,-1,2,1000,-1,-1
7627,-1,,[],435,,501176003,501176003,-1,-1,3,2000,-1,-1
7628,-1,,[],435,,501176004,501176004,-1,-1,4,3000,-1,-1
7629,-1,,[],435,,501236301,501236301,-1,-1,5,4000,-1,-1
7630,-1,,[],436,,501250201,501250201,-1,-1,1,1000,-1,-1
7631,-1,,[],436,,501250202,501250202,-1,-1,2,4000,-1,-1
7632,-1,,[],436,,501250203,501250203,-1,-1,3,10000,-1,-1
7633,-1,,[],436,,501250204,501250204,-1,-1,4,14000,-1,-1
7634,-1,,[],436,,501250205,501250205,-1,-1,5,20000,-1,-1
7635,-1,,[],437,,501250301,501250301,-1,-1,1,600,-1,-1
7636,-1,,[],437,,501250302,501250302,-1,-1,2,2000,-1,-1
7637,-1,,[],437,,501250303,501250303,-1,-1,3,5000,-1,-1
7638,-1,,[],437,,501250304,501250304,-1,-1,4,7000,-1,-1
7639,-1,,[],437,,501250305,501250305,-1,-1,5,10000,-1,-1
7640,-1,,[],438,,501250401,501250401,-1,-1,1,600,-1,-1
7641,-1,,[],438,,501250402,501250402,-1,-1,2,2000,-1,-1
7642,-1,,[],438,,501250403,501250403,-1,-1,3,5000,-1,-1
7643,-1,,[],438,,501250404,501250404,-1,-1,4,7000,-1,-1
7644,-1,,[],438,,501250405,501250405,-1,-1,5,10000,-1,-1
7645,-1,,[],439,,501250501,501250501,-1,-1,1,600,-1,-1
7646,-1,,[],439,,501250502,501250502,-1,-1,2,2000,-1,-1
7647,-1,,[],439,,501250503,501250503,-1,-1,3,5000,-1,-1
7648,-1,,[],439,,501250504,501250504,-1,-1,4,7000,-1,-1
7649,-1,,[],439,,501250505,501250505,-1,-1,5,10000,-1,-1
7650,-1,,[],440,,501250601,501250601,-1,-1,1,200,-1,-1
7651,-1,,[],440,,501250602,501250602,-1,-1,2,800,-1,-1
7652,-1,,[],440,,501250603,501250603,-1,-1,3,1500,-1,-1
7653,-1,,[],440,,501250604,501250604,-1,-1,4,3000,-1,-1
7654,-1,,[],440,,501250605,501250605,-1,-1,5,5000,-1,-1
7655,-1,,[],441,,502077501,502077501,502077601,-1,1,100,-1,-1
7656,-1,,[],441,,502077502,502077502,502077602,-1,2,200,-1,-1
7657,-1,,[],441,,502077503,502077503,502077603,-1,3,400,-1,-1
7658,-1,,[],441,,502077504,502077504,502077604,-1,4,600,-1,-1
7659,-1,,[],441,,502077505,502077505,502077605,-1,5,800,-1,-1
7660,-1,,[],441,,502077506,502077506,502077606,-1,6,1000,-1,-1
7661,-1,,[],441,,502077507,502077507,502077607,-1,7,1200,-1,-1
7662,-1,,[],441,,502077508,502077508,502077608,-1,8,1400,-1,-1
7663,-1,,[],441,,502077509,502077509,502077609,-1,9,1600,-1,-1
7664,-1,,[],441,,502077510,502077510,502077610,-1,10,1800,-1,-1
7665,-1,,[],441,,502077511,502077511,502077611,-1,11,2000,-1,-1
7666,-1,,[],441,,502077512,502077512,502077612,-1,12,2200,-1,-1
7667,-1,,[],441,,502077513,502077513,502077613,-1,13,2400,-1,-1
7668,-1,,[],441,,502077514,502077514,502077614,-1,14,2600,-1,-1
7669,-1,,[],441,,502077515,502077515,502077615,-1,15,2800,-1,-1
7670,-1,,[],441,,502077516,502077516,502077616,-1,16,3000,-1,-1
7671,-1,,[],441,,502077517,502077517,502077617,-1,17,3200,-1,-1
7672,-1,,[],441,,502077518,502077518,502077618,-1,18,3400,-1,-1
7673,-1,,[],441,,502077519,502077519,502077619,-1,19,3600,-1,-1
7674,-1,,[],441,,502077520,502077520,502077620,-1,20,3800,-1,-1
7675,-1,,[],441,,502077521,502077521,502077621,-1,21,4000,-1,-1
7676,-1,,[],441,,502077522,502077522,502077622,-1,22,4200,-1,-1
7677,-1,,[],441,,502077523,502077523,502077623,-1,23,4400,-1,-1
7678,-1,,[],441,,502077524,502077524,502077624,-1,24,4600,-1,-1
7679,-1,,[],441,,502077525,502077525,502077625,-1,25,4800,-1,-1
7680,-1,,[],441,,502077526,502077526,502077626,-1,26,5000,-1,-1
7681,-1,,[],441,,502077527,502077527,502077627,-1,27,5200,-1,-1
7682,-1,,[],441,,502077528,502077528,502077628,-1,28,5400,-1,-1
7683,-1,,[],441,,502077529,502077529,502077629,-1,29,5600,-1,-1
7684,-1,,[],441,,502077530,502077530,502077630,-1,30,5800,-1,-1
7685,-1,,[],442,,502111401,502111401,502111501,-1,1,100,-1,-1
7686,-1,,[],442,,502111402,502111402,502111502,-1,2,150,-1,-1
7687,-1,,[],442,,502111403,502111403,502111503,-1,3,200,-1,-1
7688,-1,,[],442,,502111404,502111404,502111504,-1,4,250,-1,-1
7689,-1,,[],442,,502111405,502111405,502111505,-1,5,300,-1,-1
7690,-1,,[],442,,502111406,502111406,502111506,-1,6,350,-1,-1
7691,-1,,[],442,,502111407,502111407,502111507,-1,7,400,-1,-1
7692,-1,,[],442,,502111408,502111408,502111508,-1,8,450,-1,-1
7693,-1,,[],442,,502111409,502111409,502111509,-1,9,500,-1,-1
7694,-1,,[],442,,502111410,502111410,502111510,-1,10,550,-1,-1
7695,-1,,[],442,,502111411,502111411,502111511,-1,11,600,-1,-1
7696,-1,,[],442,,502111412,502111412,502111512,-1,12,700,-1,-1
7697,-1,,[],442,,502111413,502111413,502111513,-1,13,800,-1,-1
7698,-1,,[],442,,502111414,502111414,502111514,-1,14,900,-1,-1
7699,-1,,[],442,,502111415,502111415,502111515,-1,15,1000,-1,-1
7700,-1,,[],442,,502111416,502111416,502111516,-1,16,1100,-1,-1
7701,-1,,[],442,,502111417,502111417,502111517,-1,17,1200,-1,-1
7702,-1,,[],442,,502111418,502111418,502111518,-1,18,1300,-1,-1
7703,-1,,[],442,,502111419,502111419,502111519,-1,19,1400,-1,-1
7704,-1,,[],442,,502111420,502111420,502111520,-1,20,1500,-1,-1
7705,-1,,[],442,,502111421,502111421,502111521,-1,21,1600,-1,-1
7706,-1,,[],442,,502111422,502111422,502111522,-1,22,1700,-1,-1
7707,-1,,[],442,,502111423,502111423,502111523,-1,23,1800,-1,-1
7708,-1,,[],442,,502111424,502111424,502111524,-1,24,1900,-1,-1
7709,-1,,[],442,,502111425,502111425,502111525,-1,25,2000,-1,-1
7710,-1,,[],443,,502145201,502145201,-1,-1,1,200,-1,-1
7711,-1,,[],443,,502145202,502145202,-1,-1,2,500,-1,-1
7712,-1,,[],443,,502145203,502145203,-1,-1,3,1000,-1,-1
7713,-1,,[],443,,502145204,502145204,-1,-1,4,3000,-1,-1
7714,-1,,[],443,,502145205,502145205,-1,-1,5,6000,-1,-1
7715,-1,,[],443,,502145206,502145206,-1,-1,6,12000,-1,8
7716,-1,,[],444,,501176001,501176001,-1,-1,1,100,-1,-1
7717,-1,,[],444,,501176002,501176002,-1,-1,2,1000,-1,-1
7718,-1,,[],444,,501176003,501176003,-1,-1,3,2000,-1,-1
7719,-1,,[],444,,501176004,501176004,-1,-1,4,3000,-1,-1
7720,-1,,[],444,,502145301,502145301,-1,-1,5,4000,-1,-1
7721,-1,,[],445,,502140001,502140001,-1,-1,1,150,-1,-1
7722,-1,,[],445,,502140002,502140002,-1,-1,2,300,-1,-1
7723,-1,,[],445,,502140003,502140003,-1,-1,3,700,-1,-1
7724,-1,,[],445,,502140004,502140004,-1,-1,4,1500,-1,-1
7725,-1,,[],445,,502140005,502140005,-1,-1,5,4000,-1,-1
7726,-1,,[],445,,502140006,502140006,-1,-1,6,10000,-1,-1
7727,-1,,[],446,,501108001,501108001,-1,-1,1,200,-1,-1
7728,-1,,[],446,,502206001,502206001,-1,-1,2,500,-1,-1
7729,-1,,[],446,,501108003,501108003,-1,-1,3,1000,-1,-1
7730,-1,,[],446,,501108004,501108004,-1,-1,4,3000,-1,-1
7731,-1,,[],446,,501108005,501108005,-1,-1,5,6000,-1,-1
7732,-1,,[],446,,501108006,501108006,-1,-1,6,12000,-1,8
7733,-1,,[],447,,412247001,412247001,-1,-1,1,20,-1,-1
7734,-1,,[],447,,412247002,412247002,-1,-1,2,80,-1,-1
7735,-1,,[],447,,412247003,412247003,-1,-1,3,300,-1,-1
7736,-1,,[],447,,412247004,412247004,-1,-1,4,600,-1,-1
7737,-1,,[],447,,502206002,502206002,-1,-1,5,1500,-1,-1
7738,-1,,[],448,,502215011,502215011,-1,-1,1,200,-1,-1
7739,-1,,[],448,,502215012,502215012,-1,-1,2,500,-1,-1
7740,-1,,[],448,,502215013,502215013,-1,-1,3,1000,-1,-1
7741,-1,,[],448,,502215014,502215014,-1,-1,4,3000,-1,-1
7742,-1,,[],448,,502215015,502215015,-1,-1,5,6000,-1,-1
7743,-1,,[],448,,502215016,502215016,-1,-1,6,12000,-1,8
7744,-1,,[],449,,407317101,407317101,-1,-1,1,100,-1,-1
7745,-1,,[],449,,409215002,409215002,-1,-1,2,300,-1,-1
7746,-1,,[],449,,407317103,407317103,-1,-1,3,2000,-1,-1
7747,-1,,[],449,,407317104,407317104,-1,-1,4,3000,-1,-1
7748,-1,,[],449,,407040850,407040850,-1,-1,5,4000,-1,-1
7749,-1,,[],449,,502275101,502275101,-1,-1,6,8000,-1,-1
7750,-1,,[],450,,502270201,502270201,-1,-1,1,600,-1,-1
7751,-1,,[],450,,502270202,502270202,-1,-1,2,2000,-1,-1
7752,-1,,[],450,,502270203,502270203,-1,-1,3,5000,-1,-1
7753,-1,,[],450,,502270204,502270204,-1,-1,4,7000,-1,-1
7754,-1,,[],450,,502270205,502270205,-1,-1,5,10000,-1,-1
7755,-1,,[],451,,502270301,502270301,-1,-1,1,600,-1,-1
7756,-1,,[],451,,502270302,502270302,-1,-1,2,2000,-1,-1
7757,-1,,[],451,,502270303,502270303,-1,-1,3,5000,-1,-1
7758,-1,,[],451,,502270304,502270304,-1,-1,4,7000,-1,-1
7759,-1,,[],451,,502270305,502270305,-1,-1,5,10000,-1,-1
7760,-1,,[],452,,502270401,502270401,-1,-1,1,200,-1,-1
7761,-1,,[],452,,502270402,502270402,-1,-1,2,800,-1,-1
7762,-1,,[],452,,502270403,502270403,-1,-1,3,1500,-1,-1
7763,-1,,[],452,,502270404,502270404,-1,-1,4,3000,-1,-1
7764,-1,,[],452,,502270405,502270405,-1,-1,5,5000,-1,-1
7765,-1,,[],453,,502270501,502270501,-1,-1,1,600,-1,-1
7766,-1,,[],453,,502270502,502270502,-1,-1,2,2000,-1,-1
7767,-1,,[],453,,502270503,502270503,-1,-1,3,5000,-1,-1
7768,-1,,[],453,,502270504,502270504,-1,-1,4,7000,-1,-1
7769,-1,,[],453,,502270505,502270505,-1,-1,5,10000,-1,-1
7770,-1,,[],454,,502270601,502270601,-1,-1,1,200,-1,-1
7771,-1,,[],454,,502270602,502270602,-1,-1,2,500,-1,-1
7772,-1,,[],454,,502270603,502270603,-1,-1,3,1000,-1,-1
7773,-1,,[],454,,502270604,502270604,-1,-1,4,2000,-1,-1
7774,-1,,[],454,,502270605,502270605,-1,-1,5,3000,-1,-1
7775,-1,,[],455,,501035101,501035101,502285001,-1,1,100,-1,-1
7776,-1,,[],455,,501035102,501035102,502285002,-1,2,200,-1,-1
7777,-1,,[],455,,501035103,501035103,502285003,-1,3,400,-1,-1
7778,-1,,[],455,,501035104,501035104,502285004,-1,4,600,-1,-1
7779,-1,,[],455,,501035105,501035105,502285005,-1,5,800,-1,-1
7780,-1,,[],455,,501035106,501035106,502285006,-1,6,1000,-1,-1
7781,-1,,[],455,,501035107,501035107,502285007,-1,7,1200,-1,-1
7782,-1,,[],455,,501035108,501035108,502285008,-1,8,1400,-1,-1
7783,-1,,[],455,,501035109,501035109,502285009,-1,9,1600,-1,-1
7784,-1,,[],455,,501035110,501035110,502285010,-1,10,1800,-1,-1
7785,-1,,[],455,,501035111,501035111,502285011,-1,11,2000,-1,-1
7786,-1,,[],455,,501035112,501035112,502285012,-1,12,2200,-1,-1
7787,-1,,[],455,,501035113,501035113,502285013,-1,13,2400,-1,-1
7788,-1,,[],455,,501035114,501035114,502285014,-1,14,2600,-1,-1
7789,-1,,[],455,,501035115,501035115,502285015,-1,15,2800,-1,-1
7790,-1,,[],455,,501035116,501035116,502285016,-1,16,3000,-1,-1
7791,-1,,[],455,,501035117,501035117,502285017,-1,17,3200,-1,-1
7792,-1,,[],455,,501035118,501035118,502285018,-1,18,3400,-1,-1
7793,-1,,[],455,,501035119,501035119,502285019,-1,19,3600,-1,-1
7794,-1,,[],455,,501035120,501035120,502285020,-1,20,3800,-1,-1
7795,-1,,[],455,,501035121,501035121,502285021,-1,21,4000,-1,-1
7796,-1,,[],455,,501035122,501035122,502285022,-1,22,4200,-1,-1
7797,-1,,[],455,,501035123,501035123,502285023,-1,23,4400,-1,-1
7798,-1,,[],455,,501035124,501035124,502285024,-1,24,4600,-1,-1
7799,-1,,[],455,,501035125,501035125,502285025,-1,25,4800,-1,-1
7800,-1,,[],455,,501035126,501035126,502285026,-1,26,5000,-1,-1
7801,-1,,[],455,,501035127,501035127,502285027,-1,27,5200,-1,-1
7802,-1,,[],455,,501035128,501035128,502285028,-1,28,5400,-1,-1
7803,-1,,[],455,,501035129,501035129,502285029,-1,29,5600,-1,-1
7804,-1,,[],455,,501035130,501035130,502285030,-1,30,5800,-1,-1
7805,-1,,[],456,,412205101,412205101,502285101,-1,1,100,-1,-1
7806,-1,,[],456,,412205102,412205102,502285102,-1,2,200,-1,-1
7807,-1,,[],456,,412205103,412205103,502285103,-1,3,400,-1,-1
7808,-1,,[],456,,412205104,412205104,502285104,-1,4,600,-1,-1
7809,-1,,[],456,,412205105,412205105,502285105,-1,5,800,-1,-1
7810,-1,,[],456,,412205106,412205106,502285106,-1,6,1000,-1,-1
7811,-1,,[],456,,412205107,412205107,502285107,-1,7,1200,-1,-1
7812,-1,,[],456,,412205108,412205108,502285108,-1,8,1400,-1,-1
7813,-1,,[],456,,412205109,412205109,502285109,-1,9,1600,-1,-1
7814,-1,,[],456,,412205110,412205110,502285110,-1,10,1800,-1,-1
7815,-1,,[],456,,412205111,412205111,502285111,-1,11,2000,-1,-1
7816,-1,,[],456,,412205112,412205112,502285112,-1,12,2200,-1,-1
7817,-1,,[],456,,412205113,412205113,502285113,-1,13,2400,-1,-1
7818,-1,,[],456,,412205114,412205114,502285114,-1,14,2600,-1,-1
7819,-1,,[],456,,412205115,412205115,502285115,-1,15,2800,-1,-1
7820,-1,,[],456,,412205116,412205116,502285116,-1,16,3000,-1,-1
7821,-1,,[],456,,412205117,412205117,502285117,-1,17,3200,-1,-1
7822,-1,,[],456,,412205118,412205118,502285118,-1,18,3400,-1,-1
7823,-1,,[],456,,412205119,412205119,502285119,-1,19,3600,-1,-1
7824,-1,,[],456,,412205120,412205120,502285120,-1,20,3800,-1,-1
7825,-1,,[],456,,412205121,412205121,502285121,-1,21,4000,-1,-1
7826,-1,,[],456,,412205122,412205122,502285122,-1,22,4200,-1,-1
7827,-1,,[],456,,412205123,412205123,502285123,-1,23,4400,-1,-1
7828,-1,,[],456,,412205124,412205124,502285124,-1,24,4600,-1,-1
7829,-1,,[],456,,412205125,412205125,502285125,-1,25,4800,-1,-1
7830,-1,,[],456,,412205126,412205126,502285126,-1,26,5000,-1,-1
7831,-1,,[],456,,412205127,412205127,502285127,-1,27,5200,-1,-1
7832,-1,,[],456,,412205128,412205128,502285128,-1,28,5400,-1,-1
7833,-1,,[],456,,412205129,412205129,502285129,-1,29,5600,-1,-1
7834,-1,,[],456,,412205130,412205130,502285130,-1,30,5800,-1,-1
7835,-1,,[],457,,502286501,502286501,-1,-1,1,50,-1,-1
7836,-1,,[],457,,502286502,502286502,-1,-1,2,100,-1,-1
7837,-1,,[],457,,502286503,502286503,-1,-1,3,200,-1,-1
7838,-1,,[],457,,502286504,502286504,-1,-1,4,500,-1,-1
7839,-1,,[],457,,502286505,502286505,-1,-1,5,1000,-1,-1
7840,-1,,[],457,,502286506,502286506,-1,-1,6,1500,-1,-1
7841,-1,,[],457,,502286507,502286507,-1,-1,7,3500,-1,-1
7842,-1,,[],458,,412205101,412205101,502286601,-1,1,100,-1,-1
7843,-1,,[],458,,412205102,412205102,502286602,-1,2,200,-1,-1
7844,-1,,[],458,,412205103,412205103,502286603,-1,3,400,-1,-1
7845,-1,,[],458,,412205104,412205104,502286604,-1,4,600,-1,-1
7846,-1,,[],458,,412205105,412205105,502286605,-1,5,800,-1,-1
7847,-1,,[],458,,412205106,412205106,502286606,-1,6,1000,-1,-1
7848,-1,,[],458,,412205107,412205107,502286607,-1,7,1200,-1,-1
7849,-1,,[],458,,412205108,412205108,502286608,-1,8,1400,-1,-1
7850,-1,,[],458,,412205109,412205109,502286609,-1,9,1600,-1,-1
7851,-1,,[],458,,412205110,412205110,502286610,-1,10,1800,-1,-1
7852,-1,,[],458,,412205111,412205111,502286611,-1,11,2000,-1,-1
7853,-1,,[],458,,412205112,412205112,502286612,-1,12,2200,-1,-1
7854,-1,,[],458,,412205113,412205113,502286613,-1,13,2400,-1,-1
7855,-1,,[],458,,412205114,412205114,502286614,-1,14,2600,-1,-1
7856,-1,,[],458,,412205115,412205115,502286615,-1,15,2800,-1,-1
7857,-1,,[],458,,412205116,412205116,502286616,-1,16,3000,-1,-1
7858,-1,,[],458,,412205117,412205117,502286617,-1,17,3200,-1,-1
7859,-1,,[],458,,412205118,412205118,502286618,-1,18,3400,-1,-1
7860,-1,,[],458,,412205119,412205119,502286619,-1,19,3600,-1,-1
7861,-1,,[],458,,412205120,412205120,502286620,-1,20,3800,-1,-1
7862,-1,,[],458,,412205121,412205121,502286621,-1,21,4000,-1,-1
7863,-1,,[],458,,412205122,412205122,502286622,-1,22,4200,-1,-1
7864,-1,,[],458,,412205123,412205123,502286623,-1,23,4400,-1,-1
7865,-1,,[],458,,412205124,412205124,502286624,-1,24,4600,-1,-1
7866,-1,,[],458,,412205125,412205125,502286625,-1,25,4800,-1,-1
7867,-1,,[],458,,412205126,412205126,502286626,-1,26,5000,-1,-1
7868,-1,,[],458,,412205127,412205127,502286627,-1,27,5200,-1,-1
7869,-1,,[],458,,412205128,412205128,502286628,-1,28,5400,-1,-1
7870,-1,,[],458,,412205129,412205129,502286629,-1,29,5600,-1,-1
7871,-1,,[],458,,412205130,412205130,502286630,-1,30,5800,-1,-1
7872,-1,,[],459,,412247001,412247001,-1,-1,1,20,-1,-1
7873,-1,,[],459,,412247002,412247002,-1,-1,2,80,-1,-1
7874,-1,,[],459,,412247003,412247003,-1,-1,3,300,-1,-1
7875,-1,,[],459,,412247004,412247004,-1,-1,4,600,-1,-1
7876,-1,,[],459,,502287001,502287001,-1,-1,5,1500,-1,-1
7877,-1,,[],460,,503079001,503079001,503079101,-1,1,100,-1,-1
7878,-1,,[],460,,503079002,503079002,503079102,-1,2,200,-1,-1
7879,-1,,[],460,,503079003,503079003,503079103,-1,3,400,-1,-1
7880,-1,,[],460,,503079004,503079004,503079104,-1,4,600,-1,-1
7881,-1,,[],460,,503079005,503079005,503079105,-1,5,800,-1,-1
7882,-1,,[],460,,503079006,503079006,503079106,-1,6,1000,-1,-1
7883,-1,,[],460,,503079007,503079007,503079107,-1,7,1200,-1,-1
7884,-1,,[],460,,503079008,503079008,503079108,-1,8,1400,-1,-1
7885,-1,,[],460,,503079009,503079009,503079109,-1,9,1600,-1,-1
7886,-1,,[],460,,503079010,503079010,503079110,-1,10,1800,-1,-1
7887,-1,,[],460,,503079011,503079011,503079111,-1,11,2000,-1,-1
7888,-1,,[],460,,503079012,503079012,503079112,-1,12,2200,-1,-1
7889,-1,,[],460,,503079013,503079013,503079113,-1,13,2400,-1,-1
7890,-1,,[],460,,503079014,503079014,503079114,-1,14,2600,-1,-1
7891,-1,,[],460,,503079015,503079015,503079115,-1,15,2800,-1,-1
7892,-1,,[],460,,503079016,503079016,503079116,-1,16,3000,-1,-1
7893,-1,,[],460,,503079017,503079017,503079117,-1,17,3200,-1,-1
7894,-1,,[],460,,503079018,503079018,503079118,-1,18,3400,-1,-1
7895,-1,,[],460,,503079019,503079019,503079119,-1,19,3600,-1,-1
7896,-1,,[],460,,503079020,503079020,503079120,-1,20,3800,-1,-1
7897,-1,,[],460,,503079021,503079021,503079121,-1,21,4000,-1,-1
7898,-1,,[],460,,503079022,503079022,503079122,-1,22,4200,-1,-1
7899,-1,,[],460,,503079023,503079023,503079123,-1,23,4400,-1,-1
7900,-1,,[],460,,503079024,503079024,503079124,-1,24,4600,-1,-1
7901,-1,,[],460,,503079025,503079025,503079125,-1,25,4800,-1,-1
7902,-1,,[],460,,503079026,503079026,503079126,-1,26,5000,-1,-1
7903,-1,,[],460,,503079027,503079027,503079127,-1,27,5200,-1,-1
7904,-1,,[],460,,503079028,503079028,503079128,-1,28,5400,-1,-1
7905,-1,,[],460,,503079029,503079029,503079129,-1,29,5600,-1,-1
7906,-1,,[],460,,503079030,503079030,503079130,-1,30,5800,-1,-1
7907,-1,,[],461,snow_rescue_key15,37667,37667,-1,-1,1,1,-1,-1
7908,-1,,[],461,snow_rescue_key15,37668,37668,-1,-1,2,12,-1,-1
7909,-1,,[],461,snow_rescue_key15,37669,37669,-1,-1,3,24,-1,-1
7910,-1,,[],461,snow_rescue_key15,37670,37670,-1,-1,4,40,-1,-1
791001,-1,,[],461,snow_rescue_key15,37671,37671,-1,-1,5,60,-1,-1
791002,-1,,[],461,snow_rescue_key15,37672,37672,-1,-1,6,73,-1,-1
7911,-1,,[],462,,503171701,503171701,-1,-1,1,50,-1,-1
7912,-1,,[],462,,503171702,503171702,-1,-1,2,100,-1,-1
7913,-1,,[],462,,503171703,503171703,-1,-1,3,200,-1,-1
7914,-1,,[],462,,503171704,503171704,-1,-1,4,500,-1,-1
7915,-1,,[],462,,503171705,503171705,-1,-1,5,1000,-1,-1
7916,-1,,[],462,,503171706,503171706,-1,-1,6,2000,-1,-1
7917,-1,,[],462,,503171707,503171707,-1,-1,6,4000,-1,-1
7918,-1,,[],463,,503170201,503170201,503170301,503170401,1,100,-1,-1
7919,-1,,[],463,,503170202,503170202,503170302,503170402,2,200,-1,-1
7920,-1,,[],463,,503170203,503170203,503170303,503170403,3,300,-1,-1
7921,-1,,[],463,,503170204,503170204,503170304,503170404,4,400,-1,-1
7922,-1,,[],463,,503170205,503170205,503170305,503170405,5,500,-1,-1
7923,-1,,[],463,,503170206,503170206,503170306,503170406,6,600,-1,-1
7924,-1,,[],463,,503170207,503170207,503170307,503170407,7,700,-1,-1
7925,-1,,[],463,,503170208,503170208,503170308,503170408,8,800,-1,-1
7926,-1,,[],463,,503170209,503170209,503170309,503170409,9,900,-1,-1
7927,-1,,[],463,,503170210,503170210,503170310,503170410,10,1000,-1,-1
7928,-1,,[],463,,503170211,503170211,503170311,503170411,11,1200,-1,-1
7929,-1,,[],463,,503170212,503170212,503170312,503170412,12,1400,-1,-1
7930,-1,,[],463,,503170213,503170213,503170313,503170413,13,1600,-1,-1
7931,-1,,[],463,,503170214,503170214,503170314,503170414,14,1800,-1,-1
7932,-1,,[],463,,503170215,503170215,503170315,503170415,15,2000,-1,-1
7933,-1,,[],463,,503170216,503170216,503170316,503170416,16,2200,-1,-1
7934,-1,,[],463,,503170217,503170217,503170317,503170417,17,2400,-1,-1
7935,-1,,[],463,,503170218,503170218,503170318,503170418,18,2600,-1,-1
7936,-1,,[],463,,503170219,503170219,503170319,503170419,19,2800,-1,-1
7937,-1,,[],463,,503170220,503170220,503170320,503170420,20,3000,-1,-1
7938,-1,,[],463,,503170221,503170221,503170321,503170421,21,3400,-1,-1
7939,-1,,[],463,,503170222,503170222,503170322,503170422,22,3800,-1,-1
7940,-1,,[],463,,503170223,503170223,503170323,503170423,23,4200,-1,-1
7941,-1,,[],463,,503170224,503170224,503170324,503170424,24,4600,-1,-1
7942,-1,,[],463,,503170225,503170225,503170325,503170425,25,5000,-1,-1
7943,-1,,[],464,,503170601,503170601,503170701,-1,1,1,-1,-1
7944,-1,,[],464,,503170602,503170602,503170702,-1,2,2,-1,-1
7945,-1,,[],464,,503170603,503170603,503170703,-1,3,3,-1,-1
7946,-1,,[],464,,503170604,503170604,503170704,-1,4,4,-1,-1
7947,-1,,[],464,,503170605,503170605,503170705,-1,5,5,-1,-1
7948,-1,,[],464,,503170606,503170606,503170706,-1,6,6,-1,-1
7949,-1,,[],464,,503170607,503170607,503170707,-1,7,7,-1,-1
7950,-1,,[],465,,407255101,407255101,-1,-1,1,100,-1,-1
7951,-1,,[],465,,407255102,407255102,-1,-1,2,500,-1,-1
7952,-1,,[],465,,407255103,407255103,-1,-1,3,1000,-1,-1
7953,-1,,[],465,,407255104,407255104,-1,-1,4,1500,-1,-1
7954,-1,,[],465,,407217201,407217201,-1,-1,5,2000,-1,-1
7955,-1,,[],466,,503276001,503276001,503276101,-1,1,100,-1,-1
7956,-1,,[],466,,503276002,503276002,503276102,-1,2,200,-1,-1
7957,-1,,[],466,,503276003,503276003,503276103,-1,3,400,-1,-1
7958,-1,,[],466,,503276004,503276004,503276104,-1,4,600,-1,-1
7959,-1,,[],466,,503276005,503276005,503276105,-1,5,800,-1,-1
7960,-1,,[],466,,503276006,503276006,503276106,-1,6,1000,-1,-1
7961,-1,,[],466,,503276007,503276007,503276107,-1,7,1200,-1,-1
7962,-1,,[],466,,503276008,503276008,503276108,-1,8,1400,-1,-1
7963,-1,,[],466,,503276009,503276009,503276109,-1,9,1600,-1,-1
7964,-1,,[],466,,503276010,503276010,503276110,-1,10,1800,-1,-1
7965,-1,,[],466,,503276011,503276011,503276111,-1,11,2000,-1,-1
7966,-1,,[],466,,503276012,503276012,503276112,-1,12,2200,-1,-1
7967,-1,,[],466,,503276013,503276013,503276113,-1,13,2400,-1,-1
7968,-1,,[],466,,503276014,503276014,503276114,-1,14,2600,-1,-1
7969,-1,,[],466,,503276015,503276015,503276115,-1,15,2800,-1,-1
7970,-1,,[],466,,503276016,503276016,503276116,-1,16,3000,-1,-1
7971,-1,,[],466,,503276017,503276017,503276117,-1,17,3200,-1,-1
7972,-1,,[],466,,503276018,503276018,503276118,-1,18,3400,-1,-1
7973,-1,,[],466,,503276019,503276019,503276119,-1,19,3600,-1,-1
7974,-1,,[],466,,503276020,503276020,503276120,-1,20,3800,-1,-1
7975,-1,,[],466,,503276021,503276021,503276121,-1,21,4000,-1,-1
7976,-1,,[],466,,503276022,503276022,503276122,-1,22,4200,-1,-1
7977,-1,,[],466,,503276023,503276023,503276123,-1,23,4400,-1,-1
7978,-1,,[],466,,503276024,503276024,503276124,-1,24,4600,-1,-1
7979,-1,,[],466,,503276025,503276025,503276125,-1,25,4800,-1,-1
7980,-1,,[],466,,503276026,503276026,503276126,-1,26,5000,-1,-1
7981,-1,,[],466,,503276027,503276027,503276127,-1,27,5200,-1,-1
7982,-1,,[],466,,503276028,503276028,503276128,-1,28,5400,-1,-1
7983,-1,,[],466,,503276029,503276029,503276129,-1,29,5600,-1,-1
7984,-1,,[],466,,503276030,503276030,503276130,-1,30,5800,-1,-1
7987,-1,,[],467,,503310201,503310201,-1,-1,1,500,-1,-1
7988,-1,,[],467,,503310202,503310202,-1,-1,2,2000,-1,-1
7989,-1,,[],467,,503310203,503310203,-1,-1,3,5000,-1,-1
7990,-1,,[],467,,503310204,503310204,-1,-1,4,7000,-1,-1
7991,-1,,[],467,,503310205,503310205,-1,-1,5,10000,-1,-1
7992,-1,,[],468,,503310301,503310301,-1,-1,1,400,-1,-1
7993,-1,,[],468,,503310302,503310302,-1,-1,2,1000,-1,-1
7994,-1,,[],468,,503310303,503310303,-1,-1,3,3000,-1,-1
7995,-1,,[],468,,503310304,503310304,-1,-1,4,5000,-1,-1
7996,-1,,[],468,,503310305,503310305,-1,-1,5,8000,-1,-1
7997,-1,,[],469,,503310401,503310401,-1,-1,1,300,-1,-1
7998,-1,,[],469,,503310402,503310402,-1,-1,2,1000,-1,-1
7999,-1,,[],469,,503310403,503310403,-1,-1,3,2000,-1,-1
8000,-1,,[],469,,503310404,503310404,-1,-1,4,4000,-1,-1
8001,-1,,[],469,,503310405,503310405,-1,-1,5,6000,-1,-1
8002,-1,,[],470,,503310501,503310501,-1,-1,1,200,-1,-1
8003,-1,,[],470,,503310502,503310502,-1,-1,2,800,-1,-1
8004,-1,,[],470,,503310503,503310503,-1,-1,3,1500,-1,-1
8005,-1,,[],470,,503310504,503310504,-1,-1,4,3000,-1,-1
8006,-1,,[],470,,503310505,503310505,-1,-1,5,5000,-1,-1
8007,-1,,[],471,,503310601,503310601,-1,-1,1,100,-1,-1
8008,-1,,[],471,,503310602,503310602,-1,-1,2,500,-1,-1
8009,-1,,[],471,,503310603,503310603,-1,-1,3,1000,-1,-1
8010,-1,,[],471,,503310604,503310604,-1,-1,4,1500,-1,-1
8011,-1,,[],471,,503310605,503310605,-1,-1,5,2000,-1,-1
8012,-1,,[],472,,504025001,504025001,-1,-1,1,200,-1,-1
8013,-1,,[],472,,504025002,504025002,-1,-1,2,500,-1,-1
8014,-1,,[],472,,504025003,504025003,-1,-1,3,1000,-1,-1
8015,-1,,[],472,,504025004,504025004,-1,-1,4,3000,-1,-1
8016,-1,,[],472,,504025005,504025005,-1,-1,5,6000,-1,-1
8017,-1,,[],472,,504025006,504025006,-1,-1,6,12000,-1,8
8018,-1,,[],473,,502077501,502077501,502077601,-1,1,100,-1,-1
8019,-1,,[],473,,502077502,502077502,502077602,-1,2,200,-1,-1
8020,-1,,[],473,,502077503,502077503,502077603,-1,3,400,-1,-1
8021,-1,,[],473,,502077504,502077504,502077604,-1,4,600,-1,-1
8022,-1,,[],473,,502077505,502077505,502077605,-1,5,800,-1,-1
8023,-1,,[],473,,502077506,502077506,502077606,-1,6,1000,-1,-1
8024,-1,,[],473,,502077507,502077507,502077607,-1,7,1200,-1,-1
8025,-1,,[],473,,502077508,502077508,502077608,-1,8,1400,-1,-1
8026,-1,,[],473,,502077509,502077509,502077609,-1,9,1600,-1,-1
8027,-1,,[],473,,502077510,502077510,502077610,-1,10,1800,-1,-1
8028,-1,,[],473,,502077511,502077511,502077611,-1,11,2000,-1,-1
8029,-1,,[],473,,502077512,502077512,502077612,-1,12,2200,-1,-1
8030,-1,,[],473,,502077513,502077513,502077613,-1,13,2400,-1,-1
8031,-1,,[],473,,502077514,502077514,502077614,-1,14,2600,-1,-1
8032,-1,,[],473,,502077515,502077515,502077615,-1,15,2800,-1,-1
8033,-1,,[],473,,502077516,502077516,502077616,-1,16,3000,-1,-1
8034,-1,,[],473,,502077517,502077517,502077617,-1,17,3200,-1,-1
8035,-1,,[],473,,502077518,502077518,502077618,-1,18,3400,-1,-1
8036,-1,,[],473,,502077519,502077519,502077619,-1,19,3600,-1,-1
8037,-1,,[],473,,502077520,502077520,502077620,-1,20,3800,-1,-1
8038,-1,,[],473,,502077521,502077521,502077621,-1,21,4000,-1,-1
8039,-1,,[],473,,502077522,502077522,502077622,-1,22,4200,-1,-1
8040,-1,,[],473,,502077523,502077523,502077623,-1,23,4400,-1,-1
8041,-1,,[],473,,502077524,502077524,502077624,-1,24,4600,-1,-1
8042,-1,,[],473,,502077525,502077525,502077625,-1,25,4800,-1,-1
8043,-1,,[],473,,502077526,502077526,502077626,-1,26,5000,-1,-1
8044,-1,,[],473,,502077527,502077527,502077627,-1,27,5200,-1,-1
8045,-1,,[],473,,502077528,502077528,502077628,-1,28,5400,-1,-1
8046,-1,,[],473,,502077529,502077529,502077629,-1,29,5600,-1,-1
8047,-1,,[],473,,502077530,502077530,502077630,-1,30,5800,-1,-1
8048,-1,,[],474,,504037101,504037101,504037201,-1,1,100,-1,-1
8049,-1,,[],474,,504037102,504037102,504037202,-1,2,200,-1,-1
8050,-1,,[],474,,504037103,504037103,504037203,-1,3,400,-1,-1
8051,-1,,[],474,,504037104,504037104,504037204,-1,4,600,-1,-1
8052,-1,,[],474,,504037105,504037105,504037205,-1,5,800,-1,-1
8053,-1,,[],474,,504037106,504037106,504037206,-1,6,1000,-1,-1
8054,-1,,[],474,,504037107,504037107,504037207,-1,7,1200,-1,-1
8055,-1,,[],474,,504037108,504037108,504037208,-1,8,1400,-1,-1
8056,-1,,[],474,,504037109,504037109,504037209,-1,9,1600,-1,-1
8057,-1,,[],474,,504037110,504037110,504037210,-1,10,1800,-1,-1
8058,-1,,[],474,,504037111,504037111,504037211,-1,11,2000,-1,-1
8059,-1,,[],474,,504037112,504037112,504037212,-1,12,2200,-1,-1
8060,-1,,[],474,,504037113,504037113,504037213,-1,13,2400,-1,-1
8061,-1,,[],474,,504037114,504037114,504037214,-1,14,2600,-1,-1
8062,-1,,[],474,,504037115,504037115,504037215,-1,15,2800,-1,-1
8063,-1,,[],474,,504037116,504037116,504037216,-1,16,3000,-1,-1
8064,-1,,[],474,,504037117,504037117,504037217,-1,17,3200,-1,-1
8065,-1,,[],474,,504037118,504037118,504037218,-1,18,3400,-1,-1
8066,-1,,[],474,,504037119,504037119,504037219,-1,19,3600,-1,-1
8067,-1,,[],474,,504037120,504037120,504037220,-1,20,3800,-1,-1
8068,-1,,[],474,,504037121,504037121,504037221,-1,21,4000,-1,-1
8069,-1,,[],474,,504037122,504037122,504037222,-1,22,4200,-1,-1
8070,-1,,[],474,,504037123,504037123,504037223,-1,23,4400,-1,-1
8071,-1,,[],474,,504037124,504037124,504037224,-1,24,4600,-1,-1
8072,-1,,[],474,,504037125,504037125,504037225,-1,25,4800,-1,-1
8073,-1,,[],474,,504037126,504037126,504037226,-1,26,5000,-1,-1
8074,-1,,[],474,,504037127,504037127,504037227,-1,27,5200,-1,-1
8075,-1,,[],474,,504037128,504037128,504037228,-1,28,5400,-1,-1
8076,-1,,[],474,,504037129,504037129,504037229,-1,29,5600,-1,-1
8077,-1,,[],474,,504037130,504037130,504037230,-1,30,5800,-1,-1
8078,-1,,[],475,,504070201,504070201,-1,-1,1,20,-1,-1
8079,-1,,[],475,,504070202,504070202,-1,-1,2,50,-1,-1
8080,-1,,[],475,,504070203,504070203,-1,-1,3,100,-1,-1
8081,-1,,[],475,,504070204,504070204,-1,-1,4,200,-1,-1
8082,-1,,[],475,,504070205,504070205,-1,-1,5,300,-1,-1
8083,-1,,[],475,,504070206,504070206,-1,-1,6,800,-1,-1
8084,-1,,[],476,,504070401,504070401,504070501,-1,1,100,-1,-1
8085,-1,,[],476,,504070402,504070402,504070502,-1,2,150,-1,-1
8086,-1,,[],476,,504070403,504070403,504070503,-1,3,200,-1,-1
8087,-1,,[],476,,504070404,504070404,504070504,-1,4,250,-1,-1
8088,-1,,[],476,,504070405,504070405,504070505,-1,5,300,-1,-1
8089,-1,,[],476,,504070406,504070406,504070506,-1,6,350,-1,-1
8090,-1,,[],476,,504070407,504070407,504070507,-1,7,400,-1,-1
8091,-1,,[],476,,504070408,504070408,504070508,-1,8,450,-1,-1
8092,-1,,[],476,,504070409,504070409,504070509,-1,9,500,-1,-1
8093,-1,,[],476,,504070410,504070410,504070510,-1,10,550,-1,-1
8094,-1,,[],476,,504070411,504070411,504070511,-1,11,600,-1,-1
8095,-1,,[],476,,504070412,504070412,504070512,-1,12,700,-1,-1
8096,-1,,[],476,,504070413,504070413,504070513,-1,13,800,-1,-1
8097,-1,,[],476,,504070414,504070414,504070514,-1,14,900,-1,-1
8098,-1,,[],476,,504070415,504070415,504070515,-1,15,1000,-1,-1
8099,-1,,[],476,,504070416,504070416,504070516,-1,16,1100,-1,-1
8100,-1,,[],476,,504070417,504070417,504070517,-1,17,1200,-1,-1
8101,-1,,[],476,,504070418,504070418,504070518,-1,18,1300,-1,-1
8102,-1,,[],476,,504070419,504070419,504070519,-1,19,1400,-1,-1
8103,-1,,[],476,,504070420,504070420,504070520,-1,20,1500,-1,-1
8104,-1,,[],476,,504070421,504070421,504070521,-1,21,1600,-1,-1
8105,-1,,[],476,,504070422,504070422,504070522,-1,22,1700,-1,-1
8106,-1,,[],476,,504070423,504070423,504070523,-1,23,1800,-1,-1
8107,-1,,[],476,,504070424,504070424,504070524,-1,24,1900,-1,-1
8108,-1,,[],476,,504070425,504070425,504070525,-1,25,2000,-1,-1
8109,-1,,[],477,,504105101,504105101,-1,-1,1,200,-1,-1
8110,-1,,[],477,,504105102,504105102,-1,-1,2,500,-1,-1
8111,-1,,[],477,,504105103,504105103,-1,-1,3,1000,-1,-1
8112,-1,,[],477,,504105104,504105104,-1,-1,4,3000,-1,-1
8113,-1,,[],477,,504105105,504105105,-1,-1,5,6000,-1,-1
8114,-1,,[],477,,504105106,504105106,-1,-1,6,12000,-1,8
8115,-1,,[],478,,37005,37005,-1,-1,1,1,-1,-1
8116,-1,,[],478,,37006,37006,-1,-1,2,3,-1,-1
8117,-1,,[],478,,37007,37007,-1,-1,3,5,-1,-1
8118,-1,,[],479,fort_raid_task_key1,37835,37835,-1,-1,1,1,-1,-1
8119,-1,,[],480,,504176001,504176001,504176101,-1,1,100,-1,-1
8120,-1,,[],480,,504176002,504176002,504176102,-1,2,200,-1,-1
8121,-1,,[],480,,504176003,504176003,504176103,-1,3,400,-1,-1
8122,-1,,[],480,,504176004,504176004,504176104,-1,4,600,-1,-1
8123,-1,,[],480,,504176005,504176005,504176105,-1,5,800,-1,-1
8124,-1,,[],480,,504176006,504176006,504176106,-1,6,1000,-1,-1
8125,-1,,[],480,,504176007,504176007,504176107,-1,7,1200,-1,-1
8126,-1,,[],480,,504176008,504176008,504176108,-1,8,1400,-1,-1
8127,-1,,[],480,,504176009,504176009,504176109,-1,9,1600,-1,-1
8128,-1,,[],480,,504176010,504176010,504176110,-1,10,1800,-1,-1
8129,-1,,[],480,,504176011,504176011,504176111,-1,11,2000,-1,-1
8130,-1,,[],480,,504176012,504176012,504176112,-1,12,2200,-1,-1
8131,-1,,[],480,,504176013,504176013,504176113,-1,13,2400,-1,-1
8132,-1,,[],480,,504176014,504176014,504176114,-1,14,2600,-1,-1
8133,-1,,[],480,,504176015,504176015,504176115,-1,15,2800,-1,-1
8134,-1,,[],480,,504176016,504176016,504176116,-1,16,3000,-1,-1
8135,-1,,[],480,,504176017,504176017,504176117,-1,17,3200,-1,-1
8136,-1,,[],480,,504176018,504176018,504176118,-1,18,3400,-1,-1
8137,-1,,[],480,,504176019,504176019,504176119,-1,19,3600,-1,-1
8138,-1,,[],480,,504176020,504176020,504176120,-1,20,3800,-1,-1
8139,-1,,[],480,,504176021,504176021,504176121,-1,21,4000,-1,-1
8140,-1,,[],480,,504176022,504176022,504176122,-1,22,4200,-1,-1
8141,-1,,[],480,,504176023,504176023,504176123,-1,23,4400,-1,-1
8142,-1,,[],480,,504176024,504176024,504176124,-1,24,4600,-1,-1
8143,-1,,[],480,,504176025,504176025,504176125,-1,25,4800,-1,-1
8144,-1,,[],480,,504176026,504176026,504176126,-1,26,5000,-1,-1
8145,-1,,[],480,,504176027,504176027,504176127,-1,27,5200,-1,-1
8146,-1,,[],480,,504176028,504176028,504176128,-1,28,5400,-1,-1
8147,-1,,[],480,,504176029,504176029,504176129,-1,29,5600,-1,-1
8148,-1,,[],480,,504176030,504176030,504176130,-1,30,5800,-1,-1
8149,-1,,[],481,snow_rescue_key17,37853,37853,-1,-1,1,1,-1,-1
8150,-1,,[],481,snow_rescue_key17,37854,37854,-1,-1,2,10,-1,-1
8151,-1,,[],481,snow_rescue_key17,37855,37855,-1,-1,3,20,-1,-1
8152,-1,,[],481,snow_rescue_key17,37856,37856,-1,-1,4,50,-1,-1
8153,-1,,[],481,snow_rescue_key17,37857,37857,-1,-1,5,100,-1,-1
8154,-1,,[],482,,504290201,504290201,-1,-1,1,500,-1,-1
8155,-1,,[],482,,504290202,504290202,-1,-1,2,2000,-1,-1
8156,-1,,[],482,,504290203,504290203,-1,-1,3,5000,-1,-1
8157,-1,,[],482,,504290204,504290204,-1,-1,4,7000,-1,-1
8158,-1,,[],482,,504290205,504290205,-1,-1,5,10000,-1,-1
8159,-1,,[],483,,504290301,504290301,-1,-1,1,400,-1,-1
8160,-1,,[],483,,504290302,504290302,-1,-1,2,1000,-1,-1
8161,-1,,[],483,,504290303,504290303,-1,-1,3,3000,-1,-1
8162,-1,,[],483,,504290304,504290304,-1,-1,4,5000,-1,-1
8163,-1,,[],483,,504290305,504290305,-1,-1,5,8000,-1,-1
8164,-1,,[],484,,504290401,504290401,-1,-1,1,300,-1,-1
8165,-1,,[],484,,504290402,504290402,-1,-1,2,1000,-1,-1
8166,-1,,[],484,,504290403,504290403,-1,-1,3,2000,-1,-1
8167,-1,,[],484,,504290404,504290404,-1,-1,4,4000,-1,-1
8168,-1,,[],484,,504290405,504290405,-1,-1,5,6000,-1,-1
8169,-1,,[],485,,504290501,504290501,-1,-1,1,200,-1,-1
8170,-1,,[],485,,504290502,504290502,-1,-1,2,800,-1,-1
8171,-1,,[],485,,504290503,504290503,-1,-1,3,1500,-1,-1
8172,-1,,[],485,,504290504,504290504,-1,-1,4,3000,-1,-1
8173,-1,,[],485,,504290505,504290505,-1,-1,5,5000,-1,-1
8174,-1,,[],486,,504290601,504290601,-1,-1,1,100,-1,-1
8175,-1,,[],486,,504290602,504290602,-1,-1,2,500,-1,-1
8176,-1,,[],486,,504290603,504290603,-1,-1,3,1000,-1,-1
8177,-1,,[],486,,504290604,504290604,-1,-1,4,1500,-1,-1
8178,-1,,[],486,,504290605,504290605,-1,-1,5,2000,-1,-1
8179,-1,,[],487,,508086001,508086001,508086101,-1,1,100,-1,-1
8180,-1,,[],487,,508086002,508086002,508086102,-1,2,200,-1,-1
8181,-1,,[],487,,508086003,508086003,508086103,-1,3,400,-1,-1
8182,-1,,[],487,,508086004,508086004,508086104,-1,4,600,-1,-1
8183,-1,,[],487,,508086005,508086005,508086105,-1,5,800,-1,-1
8184,-1,,[],487,,508086006,508086006,508086106,-1,6,1000,-1,-1
8185,-1,,[],487,,508086007,508086007,508086107,-1,7,1200,-1,-1
8186,-1,,[],487,,508086008,508086008,508086108,-1,8,1400,-1,-1
8187,-1,,[],487,,508086009,508086009,508086109,-1,9,1600,-1,-1
8188,-1,,[],487,,508086010,508086010,508086110,-1,10,1800,-1,-1
8189,-1,,[],487,,508086011,508086011,508086111,-1,11,2000,-1,-1
8190,-1,,[],487,,508086012,508086012,508086112,-1,12,2200,-1,-1
8191,-1,,[],487,,508086013,508086013,508086113,-1,13,2400,-1,-1
8192,-1,,[],487,,508086014,508086014,508086114,-1,14,2600,-1,-1
8193,-1,,[],487,,508086015,508086015,508086115,-1,15,2800,-1,-1
8194,-1,,[],487,,508086016,508086016,508086116,-1,16,3000,-1,-1
8195,-1,,[],487,,508086017,508086017,508086117,-1,17,3200,-1,-1
8196,-1,,[],487,,508086018,508086018,508086118,-1,18,3400,-1,-1
8197,-1,,[],487,,508086019,508086019,508086119,-1,19,3600,-1,-1
8198,-1,,[],487,,508086020,508086020,508086120,-1,20,3800,-1,-1
8199,-1,,[],487,,508086021,508086021,508086121,-1,21,4000,-1,-1
8200,-1,,[],487,,508086022,508086022,508086122,-1,22,4200,-1,-1
8201,-1,,[],487,,508086023,508086023,508086123,-1,23,4400,-1,-1
8202,-1,,[],487,,508086024,508086024,508086124,-1,24,4600,-1,-1
8203,-1,,[],487,,508086025,508086025,508086125,-1,25,4800,-1,-1
8204,-1,,[],487,,508086026,508086026,508086126,-1,26,5000,-1,-1
8205,-1,,[],487,,508086027,508086027,508086127,-1,27,5200,-1,-1
8206,-1,,[],487,,508086028,508086028,508086128,-1,28,5400,-1,-1
8207,-1,,[],487,,508086029,508086029,508086129,-1,29,5600,-1,-1
8208,-1,,[],487,,508086030,508086030,508086130,-1,30,5800,-1,-1
8209,-1,,[],488,,505155001,505155001,-1,-1,1,50,-1,-1
8210,-1,,[],488,,505155002,505155002,-1,-1,2,100,-1,-1
8211,-1,,[],488,,505155003,505155003,-1,-1,3,200,-1,-1
8212,-1,,[],488,,505155004,505155004,-1,-1,4,500,-1,-1
8213,-1,,[],488,,505155005,505155005,-1,-1,5,1000,-1,-1
8214,-1,,[],488,,505155006,505155006,-1,-1,6,1500,-1,-1
8215,-1,,[],488,,505155007,505155007,-1,-1,7,3500,-1,-1
8216,-1,,[],489,,505156001,505156001,505156101,-1,1,100,-1,-1
8217,-1,,[],489,,505156002,505156002,505156102,-1,2,200,-1,-1
8218,-1,,[],489,,505156003,505156003,505156103,-1,3,400,-1,-1
8219,-1,,[],489,,505156004,505156004,505156104,-1,4,600,-1,-1
8220,-1,,[],489,,505156005,505156005,505156105,-1,5,800,-1,-1
8221,-1,,[],489,,505156006,505156006,505156106,-1,6,1000,-1,-1
8222,-1,,[],489,,505156007,505156007,505156107,-1,7,1200,-1,-1
8223,-1,,[],489,,505156008,505156008,505156108,-1,8,1400,-1,-1
8224,-1,,[],489,,505156009,505156009,505156109,-1,9,1600,-1,-1
8225,-1,,[],489,,505156010,505156010,505156110,-1,10,1800,-1,-1
8226,-1,,[],489,,505156011,505156011,505156111,-1,11,2000,-1,-1
8227,-1,,[],489,,505156012,505156012,505156112,-1,12,2200,-1,-1
8228,-1,,[],489,,505156013,505156013,505156113,-1,13,2400,-1,-1
8229,-1,,[],489,,505156014,505156014,505156114,-1,14,2600,-1,-1
8230,-1,,[],489,,505156015,505156015,505156115,-1,15,2800,-1,-1
8231,-1,,[],489,,505156016,505156016,505156116,-1,16,3000,-1,-1
8232,-1,,[],489,,505156017,505156017,505156117,-1,17,3200,-1,-1
8233,-1,,[],489,,505156018,505156018,505156118,-1,18,3400,-1,-1
8234,-1,,[],489,,505156019,505156019,505156119,-1,19,3600,-1,-1
8235,-1,,[],489,,505156020,505156020,505156120,-1,20,3800,-1,-1
8236,-1,,[],489,,505156021,505156021,505156121,-1,21,4000,-1,-1
8237,-1,,[],489,,505156022,505156022,505156122,-1,22,4200,-1,-1
8238,-1,,[],489,,505156023,505156023,505156123,-1,23,4400,-1,-1
8239,-1,,[],489,,505156024,505156024,505156124,-1,24,4600,-1,-1
8240,-1,,[],489,,505156025,505156025,505156125,-1,25,4800,-1,-1
8241,-1,,[],489,,505156026,505156026,505156126,-1,26,5000,-1,-1
8242,-1,,[],489,,505156027,505156027,505156127,-1,27,5200,-1,-1
8243,-1,,[],489,,505156028,505156028,505156128,-1,28,5400,-1,-1
8244,-1,,[],489,,505156029,505156029,505156129,-1,29,5600,-1,-1
8245,-1,,[],489,,505156030,505156030,505156130,-1,30,5800,-1,-1
8246,-1,,[],490,,505180401,505180401,-1,-1,1,100,-1,-1
8247,-1,,[],490,,505180402,505180402,-1,-1,2,200,-1,-1
8248,-1,,[],490,,505180403,505180403,-1,-1,3,300,-1,-1
8249,-1,,[],490,,505180404,505180404,-1,-1,4,400,-1,-1
8250,-1,,[],490,,505180405,505180405,-1,-1,5,500,-1,-1
8251,-1,,[],490,,505180406,505180406,-1,-1,6,600,-1,-1
8252,-1,,[],490,,505180407,505180407,-1,-1,7,700,-1,-1
8253,-1,,[],490,,505180408,505180408,-1,-1,8,800,-1,-1
8254,-1,,[],490,,505180409,505180409,-1,-1,9,900,-1,-1
8255,-1,,[],490,,505180410,505180410,-1,-1,10,1000,-1,-1
8256,-1,,[],490,,505180411,505180411,-1,-1,11,1100,-1,-1
8257,-1,,[],490,,505180412,505180412,-1,-1,12,1200,-1,-1
8258,-1,,[],490,,505180413,505180413,-1,-1,13,1300,-1,-1
8259,-1,,[],490,,505180414,505180414,-1,-1,14,1400,-1,-1
8260,-1,,[],490,,505180415,505180415,-1,-1,15,1500,-1,-1
8261,-1,,[],490,,505180416,505180416,-1,-1,16,1600,-1,-1
8262,-1,,[],490,,505180417,505180417,-1,-1,17,1700,-1,-1
8263,-1,,[],490,,505180418,505180418,-1,-1,18,1800,-1,-1
8264,-1,,[],490,,505180419,505180419,-1,-1,19,1900,-1,-1
8265,-1,,[],490,,505180420,505180420,-1,-1,20,2000,-1,-1
8266,-1,,[],491,,505170101,505170101,505170201,505170301,1,100,-1,-1
8267,-1,,[],491,,505170102,505170102,505170202,505170302,2,200,-1,-1
8268,-1,,[],491,,505170103,505170103,505170203,505170303,3,300,-1,-1
8269,-1,,[],491,,505170104,505170104,505170204,505170304,4,400,-1,-1
8270,-1,,[],491,,505170105,505170105,505170205,505170305,5,500,-1,-1
8271,-1,,[],491,,505170106,505170106,505170206,505170306,6,600,-1,-1
8272,-1,,[],491,,505170107,505170107,505170207,505170307,7,700,-1,-1
8273,-1,,[],491,,505170108,505170108,505170208,505170308,8,800,-1,-1
8274,-1,,[],491,,505170109,505170109,505170209,505170309,9,900,-1,-1
8275,-1,,[],491,,505170110,505170110,505170210,505170310,10,1000,-1,-1
8276,-1,,[],491,,505170111,505170111,505170211,505170311,11,1100,-1,-1
8277,-1,,[],491,,505170112,505170112,505170212,505170312,12,1200,-1,-1
8278,-1,,[],491,,505170113,505170113,505170213,505170313,13,1300,-1,-1
8279,-1,,[],491,,505170114,505170114,505170214,505170314,14,1400,-1,-1
8280,-1,,[],491,,505170115,505170115,505170215,505170315,15,1500,-1,-1
8281,-1,,[],491,,505170116,505170116,505170216,505170316,16,1600,-1,-1
8282,-1,,[],491,,505170117,505170117,505170217,505170317,17,1700,-1,-1
8283,-1,,[],491,,505170118,505170118,505170218,505170318,18,1800,-1,-1
8284,-1,,[],491,,505170119,505170119,505170219,505170319,19,1900,-1,-1
8285,-1,,[],491,,505170120,505170120,505170220,505170320,20,2000,-1,-1
8286,-1,,[],491,,505170121,505170121,505170221,505170321,21,2200,-1,-1
8287,-1,,[],491,,505170122,505170122,505170222,505170322,22,2400,-1,-1
8288,-1,,[],491,,505170123,505170123,505170223,505170323,23,2600,-1,-1
8289,-1,,[],491,,505170124,505170124,505170224,505170324,24,2800,-1,-1
8290,-1,,[],491,,505170125,505170125,505170225,505170325,25,3000,-1,-1
8291,-1,,[],492,,505170501,505170501,-1,-1,1,20,-1,-1
8292,-1,,[],492,,505170502,505170502,-1,-1,2,50,-1,-1
8293,-1,,[],492,,505170503,505170503,-1,-1,3,100,-1,-1
8294,-1,,[],492,,505170504,505170504,-1,-1,4,200,-1,-1
8295,-1,,[],492,,505170505,505170505,-1,-1,5,500,-1,-1
8296,-1,,[],492,,505170506,505170506,-1,-1,6,800,-1,-1
8297,-1,,[],492,,505170507,505170507,-1,-1,6,1500,-1,-1
8298,-1,,[],493,,505235101,505235101,-1,-1,1,200,-1,-1
8299,-1,,[],493,,505235102,505235102,-1,-1,2,500,-1,-1
8300,-1,,[],493,,505235103,505235103,-1,-1,3,1000,-1,-1
8301,-1,,[],493,,505235104,505235104,-1,-1,4,3000,-1,-1
8302,-1,,[],493,,505235105,505235105,-1,-1,5,6000,-1,-1
8303,-1,,[],493,,505235106,505235106,-1,-1,6,12000,-1,8
8304,-1,,[],494,,412165101,412165101,-1,-1,1,100,-1,-1
8305,-1,,[],494,,412165102,412165102,-1,-1,2,1000,-1,-1
8306,-1,,[],494,,412165103,412165103,-1,-1,3,2000,-1,-1
8307,-1,,[],494,,412165104,412165104,-1,-1,4,3000,-1,-1
8308,-1,,[],494,,404127001,404127001,-1,-1,5,4000,-1,-1
8309,-1,,[],495,,505306101,505306101,-1,-1,1,300,-1,-1
8310,-1,,[],495,,505306102,505306102,-1,-1,2,1000,-1,-1
8311,-1,,[],495,,505306103,505306103,-1,-1,3,2000,-1,-1
8312,-1,,[],495,,505306104,505306104,-1,-1,4,4000,-1,-1
8313,-1,,[],495,,505306105,505306105,-1,-1,5,6000,-1,-1
8314,-1,,[],496,,505306201,505306201,-1,-1,1,300,-1,-1
8315,-1,,[],496,,505306202,505306202,-1,-1,2,1000,-1,-1
8316,-1,,[],496,,505306203,505306203,-1,-1,3,2000,-1,-1
8317,-1,,[],496,,505306204,505306204,-1,-1,4,4000,-1,-1
8318,-1,,[],496,,505306205,505306205,-1,-1,5,6000,-1,-1
8319,-1,,[],497,,505306301,505306301,-1,-1,1,300,-1,-1
8320,-1,,[],497,,505306302,505306302,-1,-1,2,1000,-1,-1
8321,-1,,[],497,,505306303,505306303,-1,-1,3,2000,-1,-1
8322,-1,,[],497,,505306304,505306304,-1,-1,4,4000,-1,-1
8323,-1,,[],497,,505306305,505306305,-1,-1,5,6000,-1,-1
8324,-1,,[],498,,505306401,505306401,-1,-1,1,300,-1,-1
8325,-1,,[],498,,505306402,505306402,-1,-1,2,1000,-1,-1
8326,-1,,[],498,,505306403,505306403,-1,-1,3,2000,-1,-1
8327,-1,,[],498,,505306404,505306404,-1,-1,4,4000,-1,-1
8328,-1,,[],498,,505306405,505306405,-1,-1,5,6000,-1,-1
8329,-1,,[],499,,505306501,505306501,-1,-1,1,100,-1,-1
8330,-1,,[],499,,505306502,505306502,-1,-1,2,500,-1,-1
8331,-1,,[],499,,505306503,505306503,-1,-1,3,1000,-1,-1
8332,-1,,[],499,,505306504,505306504,-1,-1,4,1500,-1,-1
8333,-1,,[],499,,505306505,505306505,-1,-1,5,2000,-1,-1
8334,-1,,[],500,,505303011,505303011,505303021,-1,1,1,-1,-1
8335,-1,,[],500,,505303012,505303012,505303022,-1,2,2,-1,-1
8336,-1,,[],500,,505303013,505303013,505303023,-1,3,3,-1,-1
8337,-1,,[],500,,505303014,505303014,505303024,-1,4,4,-1,-1
8338,-1,,[],500,,505303015,505303015,505303025,-1,5,5,-1,-1
8339,-1,,[],500,,505303016,505303016,505303026,-1,6,6,-1,-1
8340,-1,,[],500,,505303017,505303017,505303027,-1,7,7,-1,-1
8401,-1,,[],501,season_encounter_milestone_personal,37895,37895,-1,-1,1,280,10,-1
8402,-1,,[],501,season_encounter_milestone_personal,37896,37896,-1,-1,2,560,20,-1
8403,-1,,[],501,season_encounter_milestone_personal,37897,37897,-1,-1,3,840,30,-1
8404,-1,,[],501,season_encounter_milestone_personal,37898,37898,-1,-1,4,1400,50,-1
8405,-1,,[],501,season_encounter_milestone_personal,37899,37899,-1,-1,5,1960,80,-1
8406,-1,,[],501,season_encounter_milestone_personal,37900,37900,-1,-1,6,2520,110,-1
8407,-1,,[],501,season_encounter_milestone_personal,37901,37901,-1,-1,7,3080,140,-1
8408,-1,,[],501,season_encounter_milestone_personal,37902,37902,-1,-1,8,3640,160,-1
8409,-1,,[],501,season_encounter_milestone_personal,37903,37903,-1,-1,9,4200,200,-1
8410,-1,,[],501,season_encounter_milestone_personal,37904,37904,-1,-1,10,5040,220,-1
8411,-1,,[],501,season_encounter_milestone_personal,37905,37905,-1,-1,11,5880,250,-1
8501,-1,,[],502,snow_rescue_key17,37884,37884,-1,-1,1,1,-1,-1
8502,-1,,[],502,snow_rescue_key17,37885,37885,-1,-1,2,10,-1,-1
8503,-1,,[],502,snow_rescue_key17,37886,37886,-1,-1,3,20,-1,-1
8504,-1,,[],502,snow_rescue_key17,37887,37887,-1,-1,4,50,-1,-1
8505,-1,,[],502,snow_rescue_key17,37888,37888,-1,-1,5,100,-1,-1
8601,-1,,[],503,snow_rescue_key15,37889,37889,-1,-1,1,1,-1,-1
8602,-1,,[],503,snow_rescue_key15,37890,37890,-1,-1,2,12,-1,-1
8603,-1,,[],503,snow_rescue_key15,37891,37891,-1,-1,3,24,-1,-1
8604,-1,,[],503,snow_rescue_key15,37892,37892,-1,-1,4,40,-1,-1
8605,-1,,[],503,snow_rescue_key15,37893,37893,-1,-1,5,60,-1,-1
8606,-1,,[],503,snow_rescue_key15,37894,37894,-1,-1,6,73,-1,-1
8607,-1,,[],504,,506046101,506046101,-1,-1,1,300,-1,-1
8608,-1,,[],504,,506046102,506046102,-1,-1,2,1000,-1,-1
8609,-1,,[],504,,506046103,506046103,-1,-1,3,2000,-1,-1
8610,-1,,[],504,,506046104,506046104,-1,-1,4,4000,-1,-1
8611,-1,,[],504,,506046105,506046105,-1,-1,5,6000,-1,-1
8612,-1,,[],505,,506046201,506046201,-1,-1,1,300,-1,-1
8613,-1,,[],505,,506046202,506046202,-1,-1,2,1000,-1,-1
8614,-1,,[],505,,506046203,506046203,-1,-1,3,2000,-1,-1
8615,-1,,[],505,,506046204,506046204,-1,-1,4,4000,-1,-1
8616,-1,,[],505,,506046205,506046205,-1,-1,5,6000,-1,-1
8617,-1,,[],506,,506046301,506046301,-1,-1,1,300,-1,-1
8618,-1,,[],506,,506046302,506046302,-1,-1,2,1000,-1,-1
8619,-1,,[],506,,506046303,506046303,-1,-1,3,2000,-1,-1
8620,-1,,[],506,,506046304,506046304,-1,-1,4,4000,-1,-1
8621,-1,,[],506,,506046305,506046305,-1,-1,5,6000,-1,-1
8622,-1,,[],507,,506046401,506046401,-1,-1,1,300,-1,-1
8623,-1,,[],507,,506046402,506046402,-1,-1,2,1000,-1,-1
8624,-1,,[],507,,506046403,506046403,-1,-1,3,2000,-1,-1
8625,-1,,[],507,,506046404,506046404,-1,-1,4,4000,-1,-1
8626,-1,,[],507,,506046405,506046405,-1,-1,5,6000,-1,-1
8627,-1,,[],508,,506046501,506046501,-1,-1,1,100,-1,-1
8628,-1,,[],508,,506046502,506046502,-1,-1,2,500,-1,-1
8629,-1,,[],508,,506046503,506046503,-1,-1,3,1000,-1,-1
8630,-1,,[],508,,506046504,506046504,-1,-1,4,1500,-1,-1
8631,-1,,[],508,,506046505,506046505,-1,-1,5,2000,-1,-1
8632,-1,,[],509,,412205101,412205101,506056101,-1,1,100,-1,-1
8633,-1,,[],509,,412205102,412205102,506056102,-1,2,200,-1,-1
8634,-1,,[],509,,412205103,412205103,506056103,-1,3,400,-1,-1
8635,-1,,[],509,,412205104,412205104,506056104,-1,4,600,-1,-1
8636,-1,,[],509,,412205105,412205105,506056105,-1,5,800,-1,-1
8637,-1,,[],509,,412205106,412205106,506056106,-1,6,1000,-1,-1
8638,-1,,[],509,,412205107,412205107,506056107,-1,7,1200,-1,-1
8639,-1,,[],509,,412205108,412205108,506056108,-1,8,1400,-1,-1
8640,-1,,[],509,,412205109,412205109,506056109,-1,9,1600,-1,-1
8641,-1,,[],509,,412205110,412205110,506056110,-1,10,1800,-1,-1
8642,-1,,[],509,,412205111,412205111,506056111,-1,11,2000,-1,-1
8643,-1,,[],509,,412205112,412205112,506056112,-1,12,2200,-1,-1
8644,-1,,[],509,,412205113,412205113,506056113,-1,13,2400,-1,-1
8645,-1,,[],509,,412205114,412205114,506056114,-1,14,2600,-1,-1
8646,-1,,[],509,,412205115,412205115,506056115,-1,15,2800,-1,-1
8647,-1,,[],509,,412205116,412205116,506056116,-1,16,3000,-1,-1
8648,-1,,[],509,,412205117,412205117,506056117,-1,17,3200,-1,-1
8649,-1,,[],509,,412205118,412205118,506056118,-1,18,3400,-1,-1
8650,-1,,[],509,,412205119,412205119,506056119,-1,19,3600,-1,-1
8651,-1,,[],509,,412205120,412205120,506056120,-1,20,3800,-1,-1
8652,-1,,[],509,,412205121,412205121,506056121,-1,21,4000,-1,-1
8653,-1,,[],509,,412205122,412205122,506056122,-1,22,4200,-1,-1
8654,-1,,[],509,,412205123,412205123,506056123,-1,23,4400,-1,-1
8655,-1,,[],509,,412205124,412205124,506056124,-1,24,4600,-1,-1
8656,-1,,[],509,,412205125,412205125,506056125,-1,25,4800,-1,-1
8657,-1,,[],509,,412205126,412205126,506056126,-1,26,5000,-1,-1
8658,-1,,[],509,,412205127,412205127,506056127,-1,27,5200,-1,-1
8659,-1,,[],509,,412205128,412205128,506056128,-1,28,5400,-1,-1
8660,-1,,[],509,,412205129,412205129,506056129,-1,29,5600,-1,-1
8661,-1,,[],509,,412205130,412205130,506056130,-1,30,5800,-1,-1
8662,-1,,[],510,,506060201,506060201,-1,-1,1,500,-1,-1
8663,-1,,[],510,,506060202,506060202,-1,-1,2,2000,-1,-1
8664,-1,,[],510,,506060203,506060203,-1,-1,3,5000,-1,-1
8665,-1,,[],510,,506060204,506060204,-1,-1,4,7000,-1,-1
8666,-1,,[],510,,506060205,506060205,-1,-1,5,10000,-1,-1
8667,-1,,[],511,,506060301,506060301,-1,-1,1,400,-1,-1
8668,-1,,[],511,,506060302,506060302,-1,-1,2,1000,-1,-1
8669,-1,,[],511,,506060303,506060303,-1,-1,3,3000,-1,-1
8670,-1,,[],511,,506060304,506060304,-1,-1,4,5000,-1,-1
8671,-1,,[],511,,506060305,506060305,-1,-1,5,8000,-1,-1
8672,-1,,[],512,,506060401,506060401,-1,-1,1,300,-1,-1
8673,-1,,[],512,,506060402,506060402,-1,-1,2,1000,-1,-1
8674,-1,,[],512,,506060403,506060403,-1,-1,3,2000,-1,-1
8675,-1,,[],512,,506060404,506060404,-1,-1,4,4000,-1,-1
8676,-1,,[],512,,506060405,506060405,-1,-1,5,6000,-1,-1
8677,-1,,[],513,,506060501,506060501,-1,-1,1,200,-1,-1
8678,-1,,[],513,,506060502,506060502,-1,-1,2,800,-1,-1
8679,-1,,[],513,,506060503,506060503,-1,-1,3,1500,-1,-1
8680,-1,,[],513,,506060504,506060504,-1,-1,4,3000,-1,-1
8681,-1,,[],513,,506060505,506060505,-1,-1,5,5000,-1,-1
8682,-1,,[],514,,506060601,506060601,-1,-1,1,100,-1,-1
8683,-1,,[],514,,506060602,506060602,-1,-1,2,500,-1,-1
8684,-1,,[],514,,506060603,506060603,-1,-1,3,1000,-1,-1
8685,-1,,[],514,,506060604,506060604,-1,-1,4,1500,-1,-1
8686,-1,,[],514,,506060605,506060605,-1,-1,5,2000,-1,-1
8687,-1,,[],515,,506136101,506136101,-1,-1,1,20,-1,-1
8688,-1,,[],515,,506136102,506136102,-1,-1,2,80,-1,-1
8689,-1,,[],515,,506136103,506136103,-1,-1,3,300,-1,-1
8690,-1,,[],515,,506136104,506136104,-1,-1,4,600,-1,-1
8691,-1,,[],515,,506136105,506136105,-1,-1,5,1500,-1,-1
8692,-1,,[],515,,506136106,506136106,-1,-1,6,2500,-1,-1
8693,-1,,[],516,,506171701,506171701,-1,-1,1,50,-1,-1
8694,-1,,[],516,,506171702,506171702,-1,-1,2,100,-1,-1
8695,-1,,[],516,,506171703,506171703,-1,-1,3,200,-1,-1
8696,-1,,[],516,,506171704,506171704,-1,-1,4,500,-1,-1
8697,-1,,[],516,,506171705,506171705,-1,-1,5,1000,-1,-1
8698,-1,,[],516,,506171706,506171706,-1,-1,6,2000,-1,-1
8699,-1,,[],516,,506171707,506171707,-1,-1,6,4000,-1,-1
8700,-1,,[],517,,506170201,506170201,506170301,-1,1,100,-1,-1
8701,-1,,[],517,,506170202,506170202,506170302,-1,2,150,-1,-1
8702,-1,,[],517,,506170203,506170203,506170303,-1,3,200,-1,-1
8703,-1,,[],517,,506170204,506170204,506170304,-1,4,250,-1,-1
8704,-1,,[],517,,506170205,506170205,506170305,-1,5,300,-1,-1
8705,-1,,[],517,,506170206,506170206,506170306,-1,6,350,-1,-1
8706,-1,,[],517,,506170207,506170207,506170307,-1,7,400,-1,-1
8707,-1,,[],517,,506170208,506170208,506170308,-1,8,450,-1,-1
8708,-1,,[],517,,506170209,506170209,506170309,-1,9,500,-1,-1
8709,-1,,[],517,,506170210,506170210,506170310,-1,10,550,-1,-1
8710,-1,,[],517,,506170211,506170211,506170311,-1,11,600,-1,-1
8711,-1,,[],517,,506170212,506170212,506170312,-1,12,700,-1,-1
8712,-1,,[],517,,506170213,506170213,506170313,-1,13,800,-1,-1
8713,-1,,[],517,,506170214,506170214,506170314,-1,14,900,-1,-1
8714,-1,,[],517,,506170215,506170215,506170315,-1,15,1000,-1,-1
8715,-1,,[],517,,506170216,506170216,506170316,-1,16,1100,-1,-1
8716,-1,,[],517,,506170217,506170217,506170317,-1,17,1200,-1,-1
8717,-1,,[],517,,506170218,506170218,506170318,-1,18,1300,-1,-1
8718,-1,,[],517,,506170219,506170219,506170319,-1,19,1400,-1,-1
8719,-1,,[],517,,506170220,506170220,506170320,-1,20,1500,-1,-1
8720,-1,,[],517,,506170221,506170221,506170321,-1,21,1600,-1,-1
8721,-1,,[],517,,506170222,506170222,506170322,-1,22,1700,-1,-1
8722,-1,,[],517,,506170223,506170223,506170323,-1,23,1800,-1,-1
8723,-1,,[],517,,506170224,506170224,506170324,-1,24,1900,-1,-1
8724,-1,,[],517,,506170225,506170225,506170325,-1,25,2000,-1,-1
8725,-1,,[],518,,501035101,501035101,506206101,-1,1,100,-1,-1
8726,-1,,[],518,,501035102,501035102,506206102,-1,2,200,-1,-1
8727,-1,,[],518,,501035103,501035103,506206103,-1,3,400,-1,-1
8728,-1,,[],518,,501035104,501035104,506206104,-1,4,600,-1,-1
8729,-1,,[],518,,501035105,501035105,506206105,-1,5,800,-1,-1
8730,-1,,[],518,,501035106,501035106,506206106,-1,6,1000,-1,-1
8731,-1,,[],518,,501035107,501035107,506206107,-1,7,1200,-1,-1
8732,-1,,[],518,,501035108,501035108,506206108,-1,8,1400,-1,-1
8733,-1,,[],518,,501035109,501035109,506206109,-1,9,1600,-1,-1
8734,-1,,[],518,,501035110,501035110,506206110,-1,10,1800,-1,-1
8735,-1,,[],518,,501035111,501035111,506206111,-1,11,2000,-1,-1
8736,-1,,[],518,,501035112,501035112,506206112,-1,12,2200,-1,-1
8737,-1,,[],518,,501035113,501035113,506206113,-1,13,2400,-1,-1
8738,-1,,[],518,,501035114,501035114,506206114,-1,14,2600,-1,-1
8739,-1,,[],518,,501035115,501035115,506206115,-1,15,2800,-1,-1
8740,-1,,[],518,,501035116,501035116,506206116,-1,16,3000,-1,-1
8741,-1,,[],518,,501035117,501035117,506206117,-1,17,3200,-1,-1
8742,-1,,[],518,,501035118,501035118,506206118,-1,18,3400,-1,-1
8743,-1,,[],518,,501035119,501035119,506206119,-1,19,3600,-1,-1
8744,-1,,[],518,,501035120,501035120,506206120,-1,20,3800,-1,-1
8745,-1,,[],518,,501035121,501035121,506206121,-1,21,4000,-1,-1
8746,-1,,[],518,,501035122,501035122,506206122,-1,22,4200,-1,-1
8747,-1,,[],518,,501035123,501035123,506206123,-1,23,4400,-1,-1
8748,-1,,[],518,,501035124,501035124,506206124,-1,24,4600,-1,-1
8749,-1,,[],518,,501035125,501035125,506206125,-1,25,4800,-1,-1
8750,-1,,[],518,,501035126,501035126,506206126,-1,26,5000,-1,-1
8751,-1,,[],518,,501035127,501035127,506206127,-1,27,5200,-1,-1
8752,-1,,[],518,,501035128,501035128,506206128,-1,28,5400,-1,-1
8753,-1,,[],518,,501035129,501035129,506206129,-1,29,5600,-1,-1
8754,-1,,[],518,,501035130,501035130,506206130,-1,30,5800,-1,-1
8755,-1,,[],519,,506263007,506263007,-1,-1,1,200,-1,-1
8756,-1,,[],519,,506263008,506263008,-1,-1,2,500,-1,-1
8757,-1,,[],519,,506263009,506263009,-1,-1,3,1000,-1,-1
8758,-1,,[],519,,506263010,506263010,-1,-1,4,3000,-1,-1
8759,-1,,[],519,,506263011,506263011,-1,-1,5,6000,-1,-1
8760,-1,,[],519,,506263012,506263012,-1,-1,6,12000,-1,8
8761,-1,,[],520,,506270001,506270001,-1,-1,1,20,-1,-1
8762,-1,,[],520,,506270002,506270002,-1,-1,2,80,-1,-1
8763,-1,,[],520,,506270003,506270003,-1,-1,3,300,-1,-1
8764,-1,,[],520,,506270004,506270004,-1,-1,4,600,-1,-1
8765,-1,,[],520,,506270005,506270005,-1,-1,5,1500,-1,-1
8766,-1,,[],520,,506270006,506270006,-1,-1,5,2500,-1,-1
8767,-1,,[],521,,507016201,507016201,-1,-1,1,500,-1,-1
8768,-1,,[],521,,507016202,507016202,-1,-1,2,2000,-1,-1
8769,-1,,[],521,,507016203,507016203,-1,-1,3,5000,-1,-1
8770,-1,,[],521,,507016204,507016204,-1,-1,4,7000,-1,-1
8771,-1,,[],521,,507016205,507016205,-1,-1,5,10000,-1,-1
8772,-1,,[],522,,507016301,507016301,-1,-1,1,400,-1,-1
8773,-1,,[],522,,507016302,507016302,-1,-1,2,1000,-1,-1
8774,-1,,[],522,,507016303,507016303,-1,-1,3,3000,-1,-1
8775,-1,,[],522,,507016304,507016304,-1,-1,4,5000,-1,-1
8776,-1,,[],522,,507016305,507016305,-1,-1,5,8000,-1,-1
8777,-1,,[],523,,507016401,507016401,-1,-1,1,300,-1,-1
8778,-1,,[],523,,507016402,507016402,-1,-1,2,1000,-1,-1
8779,-1,,[],523,,507016403,507016403,-1,-1,3,2000,-1,-1
8780,-1,,[],523,,507016404,507016404,-1,-1,4,4000,-1,-1
8781,-1,,[],523,,507016405,507016405,-1,-1,5,6000,-1,-1
8782,-1,,[],524,,507016501,507016501,-1,-1,1,200,-1,-1
8783,-1,,[],524,,507016502,507016502,-1,-1,2,800,-1,-1
8784,-1,,[],524,,507016503,507016503,-1,-1,3,1500,-1,-1
8785,-1,,[],524,,507016504,507016504,-1,-1,4,3000,-1,-1
8786,-1,,[],524,,507016505,507016505,-1,-1,5,5000,-1,-1
8787,-1,,[],525,,507016601,507016601,-1,-1,1,100,-1,-1
8788,-1,,[],525,,507016602,507016602,-1,-1,2,500,-1,-1
8789,-1,,[],525,,507016603,507016603,-1,-1,3,1000,-1,-1
8790,-1,,[],525,,507016604,507016604,-1,-1,4,1500,-1,-1
8791,-1,,[],525,,507016605,507016605,-1,-1,5,2000,-1,-1
8792,-1,,[],526,,412165101,412165101,-1,-1,1,100,-1,-1
8793,-1,,[],526,,412165102,412165102,-1,-1,2,1000,-1,-1
8794,-1,,[],526,,412165103,412165103,-1,-1,3,2000,-1,-1
8795,-1,,[],526,,412165104,412165104,-1,-1,4,3000,-1,-1
8796,-1,,[],526,,408221201,408221201,-1,-1,5,4000,-1,-1
8797,-1,,[],527,,507020001,507020001,-1,-1,1,10,-1,-1
8798,-1,,[],527,,507020002,507020002,-1,-1,2,20,-1,-1
8799,-1,,[],527,,507020003,507020003,-1,-1,3,40,-1,-1
8800,-1,,[],527,,507020004,507020004,-1,-1,4,80,-1,-1
8801,-1,,[],527,,507020005,507020005,-1,-1,5,200,-1,-1
8802,-1,,[],527,,507020006,507020006,-1,-1,6,400,-1,-1
8803,-1,,[],528,,507020101,507020101,507020201,-1,1,100,-1,-1
8804,-1,,[],528,,507020102,507020102,507020202,-1,2,150,-1,-1
8805,-1,,[],528,,507020103,507020103,507020203,-1,3,200,-1,-1
8806,-1,,[],528,,507020104,507020104,507020204,-1,4,250,-1,-1
8807,-1,,[],528,,507020105,507020105,507020205,-1,5,300,-1,-1
8808,-1,,[],528,,507020106,507020106,507020206,-1,6,350,-1,-1
8809,-1,,[],528,,507020107,507020107,507020207,-1,7,400,-1,-1
8810,-1,,[],528,,507020108,507020108,507020208,-1,8,450,-1,-1
8811,-1,,[],528,,507020109,507020109,507020209,-1,9,500,-1,-1
8812,-1,,[],528,,507020110,507020110,507020210,-1,10,550,-1,-1
8813,-1,,[],528,,507020111,507020111,507020211,-1,11,600,-1,-1
8814,-1,,[],528,,507020112,507020112,507020212,-1,12,700,-1,-1
8815,-1,,[],528,,507020113,507020113,507020213,-1,13,800,-1,-1
8816,-1,,[],528,,507020114,507020114,507020214,-1,14,900,-1,-1
8817,-1,,[],528,,507020115,507020115,507020215,-1,15,1000,-1,-1
8818,-1,,[],528,,507020116,507020116,507020216,-1,16,1100,-1,-1
8819,-1,,[],528,,507020117,507020117,507020217,-1,17,1200,-1,-1
8820,-1,,[],528,,507020118,507020118,507020218,-1,18,1300,-1,-1
8821,-1,,[],528,,507020119,507020119,507020219,-1,19,1400,-1,-1
8822,-1,,[],528,,507020120,507020120,507020220,-1,20,1500,-1,-1
8823,-1,,[],528,,507020121,507020121,507020221,-1,21,1600,-1,-1
8824,-1,,[],528,,507020122,507020122,507020222,-1,22,1700,-1,-1
8825,-1,,[],528,,507020123,507020123,507020223,-1,23,1800,-1,-1
8826,-1,,[],528,,507020124,507020124,507020224,-1,24,1900,-1,-1
8827,-1,,[],528,,507020125,507020125,507020225,-1,25,2000,-1,-1
8828,-1,,[],529,,506136101,506136101,-1,-1,1,20,-1,-1
8829,-1,,[],529,,506136102,506136102,-1,-1,2,80,-1,-1
8830,-1,,[],529,,506136103,506136103,-1,-1,3,300,-1,-1
8831,-1,,[],529,,506136104,506136104,-1,-1,4,600,-1,-1
8832,-1,,[],529,,507036011,507036011,-1,-1,5,1500,-1,-1
8833,-1,,[],529,,507036012,507036012,-1,-1,6,2500,-1,-1
8834,-1,,[],530,,507020001,507020001,-1,-1,1,10,-1,-1
8835,-1,,[],530,,507020002,507020002,-1,-1,2,20,-1,-1
8836,-1,,[],530,,507020003,507020003,-1,-1,3,40,-1,-1
8837,-1,,[],530,,507020004,507020004,-1,-1,4,80,-1,-1
8838,-1,,[],530,,507020005,507020005,-1,-1,5,200,-1,-1
8839,-1,,[],530,,507020006,507020006,-1,-1,6,400,-1,-1
8840,-1,,[],530,,411015003,411015003,-1,-1,7,800,-1,-1
8841,-1,,[],531,,507036701,507036701,507036801,-1,1,100,-1,-1
8842,-1,,[],531,,507036702,507036702,507036802,-1,2,200,-1,-1
8843,-1,,[],531,,507036703,507036703,507036803,-1,3,400,-1,-1
8844,-1,,[],531,,507036704,507036704,507036804,-1,4,600,-1,-1
8845,-1,,[],531,,507036705,507036705,507036805,-1,5,800,-1,-1
8846,-1,,[],531,,507036706,507036706,507036806,-1,6,1000,-1,-1
8847,-1,,[],531,,507036707,507036707,507036807,-1,7,1200,-1,-1
8848,-1,,[],531,,507036708,507036708,507036808,-1,8,1400,-1,-1
8849,-1,,[],531,,507036709,507036709,507036809,-1,9,1600,-1,-1
8850,-1,,[],531,,507036710,507036710,507036810,-1,10,1800,-1,-1
8851,-1,,[],531,,507036711,507036711,507036811,-1,11,2000,-1,-1
8852,-1,,[],531,,507036712,507036712,507036812,-1,12,2200,-1,-1
8853,-1,,[],531,,507036713,507036713,507036813,-1,13,2400,-1,-1
8854,-1,,[],531,,507036714,507036714,507036814,-1,14,2600,-1,-1
8855,-1,,[],531,,507036715,507036715,507036815,-1,15,2800,-1,-1
8856,-1,,[],531,,507036716,507036716,507036816,-1,16,3000,-1,-1
8857,-1,,[],531,,507036717,507036717,507036817,-1,17,3200,-1,-1
8858,-1,,[],531,,507036718,507036718,507036818,-1,18,3400,-1,-1
8859,-1,,[],531,,507036719,507036719,507036819,-1,19,3600,-1,-1
8860,-1,,[],531,,507036720,507036720,507036820,-1,20,3800,-1,-1
8861,-1,,[],531,,507036721,507036721,507036821,-1,21,4000,-1,-1
8862,-1,,[],531,,507036722,507036722,507036822,-1,22,4200,-1,-1
8863,-1,,[],531,,507036723,507036723,507036823,-1,23,4400,-1,-1
8864,-1,,[],531,,507036724,507036724,507036824,-1,24,4600,-1,-1
8865,-1,,[],531,,507036725,507036725,507036825,-1,25,4800,-1,-1
8866,-1,,[],531,,507036726,507036726,507036826,-1,26,5000,-1,-1
8867,-1,,[],531,,507036727,507036727,507036827,-1,27,5200,-1,-1
8868,-1,,[],531,,507036728,507036728,507036828,-1,28,5400,-1,-1
8869,-1,,[],531,,507036729,507036729,507036829,-1,29,5600,-1,-1
8870,-1,,[],531,,507036730,507036730,507036830,-1,30,5800,-1,-1
8871,-1,,[],532,,507046101,507046101,-1,-1,1,300,-1,-1
8872,-1,,[],532,,507046102,507046102,-1,-1,2,1000,-1,-1
8873,-1,,[],532,,507046103,507046103,-1,-1,3,2000,-1,-1
8874,-1,,[],532,,507046104,507046104,-1,-1,4,4000,-1,-1
8875,-1,,[],532,,507046105,507046105,-1,-1,5,6000,-1,-1
8876,-1,,[],533,,507046201,507046201,-1,-1,1,300,-1,-1
8877,-1,,[],533,,507046202,507046202,-1,-1,2,1000,-1,-1
8878,-1,,[],533,,507046203,507046203,-1,-1,3,2000,-1,-1
8879,-1,,[],533,,507046204,507046204,-1,-1,4,4000,-1,-1
8880,-1,,[],533,,507046205,507046205,-1,-1,5,6000,-1,-1
8881,-1,,[],534,,507046301,507046301,-1,-1,1,300,-1,-1
8882,-1,,[],534,,507046302,507046302,-1,-1,2,1000,-1,-1
8883,-1,,[],534,,507046303,507046303,-1,-1,3,2000,-1,-1
8884,-1,,[],534,,507046304,507046304,-1,-1,4,4000,-1,-1
8885,-1,,[],534,,507046305,507046305,-1,-1,5,6000,-1,-1
8886,-1,,[],535,,507046401,507046401,-1,-1,1,300,-1,-1
8887,-1,,[],535,,507046402,507046402,-1,-1,2,1000,-1,-1
8888,-1,,[],535,,507046403,507046403,-1,-1,3,2000,-1,-1
8889,-1,,[],535,,507046404,507046404,-1,-1,4,4000,-1,-1
8890,-1,,[],535,,507046405,507046405,-1,-1,5,6000,-1,-1
8891,-1,,[],536,,507046501,507046501,-1,-1,1,100,-1,-1
8892,-1,,[],536,,507046502,507046502,-1,-1,2,500,-1,-1
8893,-1,,[],536,,507046503,507046503,-1,-1,3,1000,-1,-1
8894,-1,,[],536,,507046504,507046504,-1,-1,4,1500,-1,-1
8895,-1,,[],536,,507046505,507046505,-1,-1,5,2000,-1,-1
8896,-1,,[],537,,507081001,507081001,507081101,-1,1,1,-1,-1
8897,-1,,[],537,,507081002,507081002,507081102,-1,2,2,-1,-1
8898,-1,,[],537,,507081003,507081003,507081103,-1,3,3,-1,-1
8899,-1,,[],537,,507081004,507081004,507081104,-1,4,4,-1,-1
8900,-1,,[],537,,507081005,507081005,507081105,-1,5,5,-1,-1
8901,-1,,[],537,,507081006,507081006,507081106,-1,6,6,-1,-1
8902,-1,,[],538,,412247001,412247001,-1,-1,1,20,-1,-1
8903,-1,,[],538,,412247002,412247002,-1,-1,2,80,-1,-1
8904,-1,,[],538,,412247003,412247003,-1,-1,3,300,-1,-1
8905,-1,,[],538,,412247004,412247004,-1,-1,4,600,-1,-1
8906,-1,,[],538,,502206002,502206002,-1,-1,5,1500,-1,-1
8907,-1,,[],538,,506270006,506270006,-1,-1,6,2500,-1,-1
8908,-1,,[],539,,412247001,412247001,-1,-1,1,20,-1,-1
8909,-1,,[],539,,412247002,412247002,-1,-1,2,80,-1,-1
8910,-1,,[],539,,412247003,412247003,-1,-1,3,300,-1,-1
8911,-1,,[],539,,412247004,412247004,-1,-1,4,600,-1,-1
8912,-1,,[],539,,502206002,502206002,-1,-1,5,1500,-1,-1
8913,-1,,[],539,,506270005,506270005,-1,-1,6,2500,-1,-1
8914,-1,,[],540,,507108501,507108501,-1,-1,1,200,-1,-1
8915,-1,,[],540,,507108502,507108502,-1,-1,2,500,-1,-1
8916,-1,,[],540,,507108503,507108503,-1,-1,3,1000,-1,-1
8917,-1,,[],540,,507108504,507108504,-1,-1,4,3000,-1,-1
8918,-1,,[],540,,507108505,507108505,-1,-1,5,6000,-1,-1
8919,-1,,[],540,,507108506,507108506,-1,-1,6,12000,-1,8
8920,-1,,[],541,fog_explore_key33,38641,38641,-1,-1,1,500,10,-1
8921,-1,,[],541,fog_explore_key33,38642,38642,-1,-1,2,1000,20,-1
8922,-1,,[],541,fog_explore_key33,38643,38643,-1,-1,3,1500,30,-1
8923,-1,,[],541,fog_explore_key33,38644,38644,-1,-1,4,2000,40,-1
8924,-1,,[],541,fog_explore_key33,38645,38645,-1,-1,5,3000,50,-1
8925,-1,,[],541,fog_explore_key33,38646,38646,-1,-1,6,4000,60,-1
8926,-1,,[],541,fog_explore_key33,38647,38647,-1,-1,7,5000,70,-1
8930,-1,,[],542,activity_point_slm,507169001,507169001,-1,-1,1,5,-1,-1
8931,-1,,[],542,activity_point_slm,507169002,507169002,-1,-1,2,10,-1,-1
8932,-1,,[],542,activity_point_slm,507169003,507169003,-1,-1,3,15,-1,-1
8933,-1,,[],542,activity_point_slm,507169004,507169004,-1,-1,4,25,-1,-1
8934,-1,,[],542,activity_point_slm,507169005,507169005,-1,-1,5,30,-1,-1
8935,-1,,[],542,activity_point_slm,507169006,507169006,-1,-1,6,35,-1,-1
8936,-1,,[],542,activity_point_slm,507169007,507169007,-1,-1,7,45,-1,-1
8937,-1,,[],543,,507176001,507176001,-1,-1,1,200,-1,-1
8938,-1,,[],543,,507176002,507176002,-1,-1,2,500,-1,-1
8939,-1,,[],543,,507176003,507176003,-1,-1,3,1000,-1,-1
8940,-1,,[],543,,507176004,507176004,-1,-1,4,3000,-1,-1
8941,-1,,[],543,,507176005,507176005,-1,-1,5,6000,-1,-1
8942,-1,,[],543,,507176006,507176006,-1,-1,6,12000,-1,8
8943,-1,,[],544,sand_encounter_milestone_personal,38030,38030,-1,-1,1,280,10,-1
8944,-1,,[],544,sand_encounter_milestone_personal,38031,38031,-1,-1,2,560,20,-1
8945,-1,,[],544,sand_encounter_milestone_personal,38032,38032,-1,-1,3,840,30,-1
8946,-1,,[],544,sand_encounter_milestone_personal,38033,38033,-1,-1,4,1400,50,-1
8947,-1,,[],544,sand_encounter_milestone_personal,38034,38034,-1,-1,5,1960,80,-1
8948,-1,,[],544,sand_encounter_milestone_personal,38035,38035,-1,-1,6,2520,110,-1
8949,-1,,[],544,sand_encounter_milestone_personal,38036,38036,-1,-1,7,3080,140,-1
8950,-1,,[],544,sand_encounter_milestone_personal,38037,38037,-1,-1,8,3640,160,-1
8951,-1,,[],544,sand_encounter_milestone_personal,38038,38038,-1,-1,9,4200,200,-1
8952,-1,,[],544,sand_encounter_milestone_personal,38039,38039,-1,-1,10,5040,220,-1
8953,-1,,[],544,sand_encounter_milestone_personal,38040,38040,-1,-1,11,5880,250,-1
8954,-1,,[],545,sand_encounter_desc1,38025,38025,-1,-1,1,1,-1,-1
8955,-1,,[],545,sand_encounter_desc1,38026,38026,-1,-1,2,10,-1,-1
8956,-1,,[],545,sand_encounter_desc1,38027,38027,-1,-1,3,20,-1,-1
8957,-1,,[],545,sand_encounter_desc1,38028,38028,-1,-1,4,50,-1,-1
8958,-1,,[],545,sand_encounter_desc1,38029,38029,-1,-1,5,100,-1,-1
8959,-1,,[],546,,507220201,507220201,-1,-1,1,20,-1,-1
8960,-1,,[],546,,507220202,507220202,-1,-1,2,50,-1,-1
8961,-1,,[],546,,507220203,507220203,-1,-1,3,100,-1,-1
8962,-1,,[],546,,507220204,507220204,-1,-1,4,200,-1,-1
8963,-1,,[],546,,507220205,507220205,-1,-1,5,300,-1,-1
8964,-1,,[],546,,507220206,507220206,-1,-1,6,800,-1,-1
8965,-1,,[],547,,507220401,507220401,507220501,507220526,1,100,-1,-1
8966,-1,,[],547,,507220402,507220402,507220502,507220527,2,200,-1,-1
8967,-1,,[],547,,507220403,507220403,507220503,507220528,3,300,-1,-1
8968,-1,,[],547,,507220404,507220404,507220504,507220529,4,400,-1,-1
8969,-1,,[],547,,507220405,507220405,507220505,507220530,5,500,-1,-1
8970,-1,,[],547,,507220406,507220406,507220506,507220531,6,600,-1,-1
8971,-1,,[],547,,507220407,507220407,507220507,507220532,7,700,-1,-1
8972,-1,,[],547,,507220408,507220408,507220508,507220533,8,800,-1,-1
8973,-1,,[],547,,507220409,507220409,507220509,507220534,9,900,-1,-1
8974,-1,,[],547,,507220410,507220410,507220510,507220535,10,1000,-1,-1
8975,-1,,[],547,,507220411,507220411,507220511,507220536,11,1100,-1,-1
8976,-1,,[],547,,507220412,507220412,507220512,507220537,12,1200,-1,-1
8977,-1,,[],547,,507220413,507220413,507220513,507220538,13,1300,-1,-1
8978,-1,,[],547,,507220414,507220414,507220514,507220539,14,1400,-1,-1
8979,-1,,[],547,,507220415,507220415,507220515,507220540,15,1500,-1,-1
8980,-1,,[],547,,507220416,507220416,507220516,507220541,16,1600,-1,-1
8981,-1,,[],547,,507220417,507220417,507220517,507220542,17,1700,-1,-1
8982,-1,,[],547,,507220418,507220418,507220518,507220543,18,1800,-1,-1
8983,-1,,[],547,,507220419,507220419,507220519,507220544,19,1900,-1,-1
8984,-1,,[],547,,507220420,507220420,507220520,507220545,20,2000,-1,-1
8985,-1,,[],547,,507220421,507220421,507220521,507220546,21,2100,-1,-1
8986,-1,,[],547,,507220422,507220422,507220522,507220547,22,2200,-1,-1
8987,-1,,[],547,,507220423,507220423,507220523,507220548,23,2300,-1,-1
8988,-1,,[],547,,507220424,507220424,507220524,507220549,24,2400,-1,-1
8989,-1,,[],547,,507220425,507220425,507220525,507220550,25,2500,-1,-1
8990,-1,,[],548,,507020001,507020001,-1,-1,1,10,-1,-1
8991,-1,,[],548,,507020002,507020002,-1,-1,2,20,-1,-1
8992,-1,,[],548,,507020003,507020003,-1,-1,3,40,-1,-1
8993,-1,,[],548,,507020004,507020004,-1,-1,4,80,-1,-1
8994,-1,,[],548,,507020005,507020005,-1,-1,5,200,-1,-1
8995,-1,,[],548,,507020006,507020006,-1,-1,6,400,-1,-1
8996,-1,,[],548,,507246001,507246001,-1,-1,7,800,-1,-1
8997,-1,,[],549,,507246501,507246501,507246601,-1,1,100,-1,-1
8998,-1,,[],549,,507246502,507246502,507246602,-1,2,200,-1,-1
8999,-1,,[],549,,507246503,507246503,507246603,-1,3,400,-1,-1
9000,-1,,[],549,,507246504,507246504,507246604,-1,4,600,-1,-1
9001,-1,,[],549,,507246505,507246505,507246605,-1,5,800,-1,-1
9002,-1,,[],549,,507246506,507246506,507246606,-1,6,1000,-1,-1
9003,-1,,[],549,,507246507,507246507,507246607,-1,7,1200,-1,-1
9004,-1,,[],549,,507246508,507246508,507246608,-1,8,1400,-1,-1
9005,-1,,[],549,,507246509,507246509,507246609,-1,9,1600,-1,-1
9006,-1,,[],549,,507246510,507246510,507246610,-1,10,1800,-1,-1
9007,-1,,[],549,,507246511,507246511,507246611,-1,11,2000,-1,-1
9008,-1,,[],549,,507246512,507246512,507246612,-1,12,2200,-1,-1
9009,-1,,[],549,,507246513,507246513,507246613,-1,13,2400,-1,-1
9010,-1,,[],549,,507246514,507246514,507246614,-1,14,2600,-1,-1
9011,-1,,[],549,,507246515,507246515,507246615,-1,15,2800,-1,-1
9012,-1,,[],549,,507246516,507246516,507246616,-1,16,3000,-1,-1
9013,-1,,[],549,,507246517,507246517,507246617,-1,17,3200,-1,-1
9014,-1,,[],549,,507246518,507246518,507246618,-1,18,3400,-1,-1
9015,-1,,[],549,,507246519,507246519,507246619,-1,19,3600,-1,-1
9016,-1,,[],549,,507246520,507246520,507246620,-1,20,3800,-1,-1
9017,-1,,[],549,,507246521,507246521,507246621,-1,21,4000,-1,-1
9018,-1,,[],549,,507246522,507246522,507246622,-1,22,4200,-1,-1
9019,-1,,[],549,,507246523,507246523,507246623,-1,23,4400,-1,-1
9020,-1,,[],549,,507246524,507246524,507246624,-1,24,4600,-1,-1
9021,-1,,[],549,,507246525,507246525,507246625,-1,25,4800,-1,-1
9022,-1,,[],549,,507246526,507246526,507246626,-1,26,5000,-1,-1
9023,-1,,[],549,,507246527,507246527,507246627,-1,27,5200,-1,-1
9024,-1,,[],549,,507246528,507246528,507246628,-1,28,5400,-1,-1
9025,-1,,[],549,,507246529,507246529,507246629,-1,29,5600,-1,-1
9026,-1,,[],549,,507246530,507246530,507246630,-1,30,5800,-1,-1
9027,-1,,[],550,,507253001,507253001,507253031,-1,1,100,-1,-1
9028,-1,,[],550,,507253002,507253002,507253032,-1,2,200,-1,-1
9029,-1,,[],550,,507253003,507253003,507253033,-1,3,400,-1,-1
9030,-1,,[],550,,507253004,507253004,507253034,-1,4,600,-1,-1
9031,-1,,[],550,,507253005,507253005,507253035,-1,5,800,-1,-1
9032,-1,,[],550,,507253006,507253006,507253036,-1,6,1000,-1,-1
9033,-1,,[],550,,507253007,507253007,507253037,-1,7,1200,-1,-1
9034,-1,,[],550,,507253008,507253008,507253038,-1,8,1400,-1,-1
9035,-1,,[],550,,507253009,507253009,507253039,-1,9,1600,-1,-1
9036,-1,,[],550,,507253010,507253010,507253040,-1,10,1800,-1,-1
9037,-1,,[],550,,507253011,507253011,507253041,-1,11,2000,-1,-1
9038,-1,,[],550,,507253012,507253012,507253042,-1,12,2200,-1,-1
9039,-1,,[],550,,507253013,507253013,507253043,-1,13,2400,-1,-1
9040,-1,,[],550,,507253014,507253014,507253044,-1,14,2600,-1,-1
9041,-1,,[],550,,507253015,507253015,507253045,-1,15,2800,-1,-1
9042,-1,,[],550,,507253016,507253016,507253046,-1,16,3000,-1,-1
9043,-1,,[],550,,507253017,507253017,507253047,-1,17,3200,-1,-1
9044,-1,,[],550,,507253018,507253018,507253048,-1,18,3400,-1,-1
9045,-1,,[],550,,507253019,507253019,507253049,-1,19,3600,-1,-1
9046,-1,,[],550,,507253020,507253020,507253050,-1,20,3800,-1,-1
9047,-1,,[],550,,507253021,507253021,507253051,-1,21,4000,-1,-1
9048,-1,,[],550,,507253022,507253022,507253052,-1,22,4200,-1,-1
9049,-1,,[],550,,507253023,507253023,507253053,-1,23,4400,-1,-1
9050,-1,,[],550,,507253024,507253024,507253054,-1,24,4600,-1,-1
9051,-1,,[],550,,507253025,507253025,507253055,-1,25,4800,-1,-1
9052,-1,,[],550,,507253026,507253026,507253056,-1,26,5000,-1,-1
9053,-1,,[],550,,507253027,507253027,507253057,-1,27,5200,-1,-1
9054,-1,,[],550,,507253028,507253028,507253058,-1,28,5400,-1,-1
9055,-1,,[],550,,507253029,507253029,507253059,-1,29,5600,-1,-1
9056,-1,,[],550,,507253030,507253030,507253060,-1,30,5800,-1,-1
9057,-1,,[],551,,507257201,507257201,-1,-1,1,500,-1,-1
9058,-1,,[],551,,507257202,507257202,-1,-1,2,2000,-1,-1
9059,-1,,[],551,,507257203,507257203,-1,-1,3,5000,-1,-1
9060,-1,,[],551,,507257204,507257204,-1,-1,4,7000,-1,-1
9061,-1,,[],551,,507257205,507257205,-1,-1,5,10000,-1,-1
9062,-1,,[],552,,507257301,507257301,-1,-1,1,400,-1,-1
9063,-1,,[],552,,507257302,507257302,-1,-1,2,1000,-1,-1
9064,-1,,[],552,,507257303,507257303,-1,-1,3,3000,-1,-1
9065,-1,,[],552,,507257304,507257304,-1,-1,4,5000,-1,-1
9066,-1,,[],552,,507257305,507257305,-1,-1,5,8000,-1,-1
9067,-1,,[],553,,507257401,507257401,-1,-1,1,300,-1,-1
9068,-1,,[],553,,507257402,507257402,-1,-1,2,1000,-1,-1
9069,-1,,[],553,,507257403,507257403,-1,-1,3,2000,-1,-1
9070,-1,,[],553,,507257404,507257404,-1,-1,4,4000,-1,-1
9071,-1,,[],553,,507257405,507257405,-1,-1,5,6000,-1,-1
9072,-1,,[],554,,507257501,507257501,-1,-1,1,200,-1,-1
9073,-1,,[],554,,507257502,507257502,-1,-1,2,800,-1,-1
9074,-1,,[],554,,507257503,507257503,-1,-1,3,1500,-1,-1
9075,-1,,[],554,,507257504,507257504,-1,-1,4,3000,-1,-1
9076,-1,,[],554,,507257505,507257505,-1,-1,5,5000,-1,-1
9077,-1,,[],555,,507257601,507257601,-1,-1,1,100,-1,-1
9078,-1,,[],555,,507257602,507257602,-1,-1,2,500,-1,-1
9079,-1,,[],555,,507257603,507257603,-1,-1,3,1000,-1,-1
9080,-1,,[],555,,507257604,507257604,-1,-1,4,1500,-1,-1
9081,-1,,[],555,,507257605,507257605,-1,-1,5,2000,-1,-1
9082,-1,,[],556,,507251001,507251001,-1,-1,1,150,-1,-1
9083,-1,,[],556,,507251002,507251002,-1,-1,2,300,-1,-1
9084,-1,,[],556,,507251003,507251003,-1,-1,3,700,-1,-1
9085,-1,,[],556,,507251004,507251004,-1,-1,4,1500,-1,-1
9086,-1,,[],556,,507251005,507251005,-1,-1,5,4000,-1,-1
9087,-1,,[],556,,507251006,507251006,-1,-1,6,8000,-1,-1
9088,-1,,[],556,,507251007,507251007,-1,-1,7,12000,-1,8
9089,-1,,[],557,,412165101,412165101,-1,-1,1,100,-1,-1
9090,-1,,[],557,,412165102,412165102,-1,-1,2,1000,-1,-1
9091,-1,,[],557,,412165103,412165103,-1,-1,3,2000,-1,-1
9092,-1,,[],557,,412165104,412165104,-1,-1,4,3000,-1,-1
9093,-1,,[],557,,410300402,410300402,-1,-1,5,4000,-1,-1
9094,-1,,[],558,,507176001,507176001,-1,-1,1,200,-1,-1
9095,-1,,[],558,,507176002,507176002,-1,-1,2,500,-1,-1
9096,-1,,[],558,,507176003,507176003,-1,-1,3,1000,-1,-1
9097,-1,,[],558,,507176004,507176004,-1,-1,4,3000,-1,-1
9098,-1,,[],558,,507176005,507176005,-1,-1,5,6000,-1,-1
9099,-1,,[],558,,507246001,507246001,-1,-1,6,12000,-1,8
9100,-1,,[],559,,508013025,508013025,508013055,-1,1,100,-1,-1
9101,-1,,[],559,,508013026,508013026,508013056,-1,2,200,-1,-1
9102,-1,,[],559,,508013027,508013027,508013057,-1,3,400,-1,-1
9103,-1,,[],559,,508013028,508013028,508013058,-1,4,600,-1,-1
9104,-1,,[],559,,508013029,508013029,508013059,-1,5,800,-1,-1
9105,-1,,[],559,,508013030,508013030,508013060,-1,6,1000,-1,-1
9106,-1,,[],559,,508013031,508013031,508013061,-1,7,1200,-1,-1
9107,-1,,[],559,,508013032,508013032,508013062,-1,8,1400,-1,-1
9108,-1,,[],559,,508013033,508013033,508013063,-1,9,1600,-1,-1
9109,-1,,[],559,,508013034,508013034,508013064,-1,10,1800,-1,-1
9110,-1,,[],559,,508013035,508013035,508013065,-1,11,2000,-1,-1
9111,-1,,[],559,,508013036,508013036,508013066,-1,12,2200,-1,-1
9112,-1,,[],559,,508013037,508013037,508013067,-1,13,2400,-1,-1
9113,-1,,[],559,,508013038,508013038,508013068,-1,14,2600,-1,-1
9114,-1,,[],559,,508013039,508013039,508013069,-1,15,2800,-1,-1
9115,-1,,[],559,,508013040,508013040,508013070,-1,16,3000,-1,-1
9116,-1,,[],559,,508013041,508013041,508013071,-1,17,3200,-1,-1
9117,-1,,[],559,,508013042,508013042,508013072,-1,18,3400,-1,-1
9118,-1,,[],559,,508013043,508013043,508013073,-1,19,3600,-1,-1
9119,-1,,[],559,,508013044,508013044,508013074,-1,20,3800,-1,-1
9120,-1,,[],559,,508013045,508013045,508013075,-1,21,4000,-1,-1
9121,-1,,[],559,,508013046,508013046,508013076,-1,22,4200,-1,-1
9122,-1,,[],559,,508013047,508013047,508013077,-1,23,4400,-1,-1
9123,-1,,[],559,,508013048,508013048,508013078,-1,24,4600,-1,-1
9124,-1,,[],559,,508013049,508013049,508013079,-1,25,4800,-1,-1
9125,-1,,[],559,,508013050,508013050,508013080,-1,26,5000,-1,-1
9126,-1,,[],559,,508013051,508013051,508013081,-1,27,5200,-1,-1
9127,-1,,[],559,,508013052,508013052,508013082,-1,28,5400,-1,-1
9128,-1,,[],559,,508013053,508013053,508013083,-1,29,5600,-1,-1
9129,-1,,[],559,,508013054,508013054,508013084,-1,30,5800,-1,-1
9130,-1,,[],560,,508013101,508013101,508013201,508013301,1,100,-1,-1
9131,-1,,[],560,,508013102,508013102,508013202,508013302,2,200,-1,-1
9132,-1,,[],560,,508013103,508013103,508013203,508013303,3,400,-1,-1
9133,-1,,[],560,,508013104,508013104,508013204,508013304,4,600,-1,-1
9134,-1,,[],560,,508013105,508013105,508013205,508013305,5,800,-1,-1
9135,-1,,[],560,,508013106,508013106,508013206,508013306,6,1000,-1,-1
9136,-1,,[],560,,508013107,508013107,508013207,508013307,7,1200,-1,-1
9137,-1,,[],560,,508013108,508013108,508013208,508013308,8,1400,-1,-1
9138,-1,,[],560,,508013109,508013109,508013209,508013309,9,1600,-1,-1
9139,-1,,[],560,,508013110,508013110,508013210,508013310,10,1800,-1,-1
9140,-1,,[],560,,508013111,508013111,508013211,508013311,11,2000,-1,-1
9141,-1,,[],560,,508013112,508013112,508013212,508013312,12,2200,-1,-1
9142,-1,,[],560,,508013113,508013113,508013213,508013313,13,2400,-1,-1
9143,-1,,[],560,,508013114,508013114,508013214,508013314,14,2600,-1,-1
9144,-1,,[],560,,508013115,508013115,508013215,508013315,15,2800,-1,-1
9145,-1,,[],560,,508013116,508013116,508013216,508013316,16,3000,-1,-1
9146,-1,,[],560,,508013117,508013117,508013217,508013317,17,3200,-1,-1
9147,-1,,[],560,,508013118,508013118,508013218,508013318,18,3400,-1,-1
9148,-1,,[],560,,508013119,508013119,508013219,508013319,19,3600,-1,-1
9149,-1,,[],560,,508013120,508013120,508013220,508013320,20,3800,-1,-1
9150,-1,,[],560,,508013121,508013121,508013221,508013321,21,4000,-1,-1
9151,-1,,[],560,,508013122,508013122,508013222,508013322,22,4200,-1,-1
9152,-1,,[],560,,508013123,508013123,508013223,508013323,23,4400,-1,-1
9153,-1,,[],560,,508013124,508013124,508013224,508013324,24,4600,-1,-1
9154,-1,,[],560,,508013125,508013125,508013225,508013325,25,4800,-1,-1
9155,-1,,[],560,,508013126,508013126,508013226,508013326,26,5000,-1,-1
9156,-1,,[],560,,508013127,508013127,508013227,508013327,27,5200,-1,-1
9157,-1,,[],560,,508013128,508013128,508013228,508013328,28,5400,-1,-1
9158,-1,,[],560,,508013129,508013129,508013229,508013329,29,5600,-1,-1
9159,-1,,[],560,,508013130,508013130,508013230,508013330,30,5800,-1,-1
9160,-1,,[],561,,508013401,508013401,508013501,-1,1,100,-1,-1
9161,-1,,[],561,,508013402,508013402,508013502,-1,2,200,-1,-1
9162,-1,,[],561,,508013403,508013403,508013503,-1,3,400,-1,-1
9163,-1,,[],561,,508013404,508013404,508013504,-1,4,600,-1,-1
9164,-1,,[],561,,508013405,508013405,508013505,-1,5,800,-1,-1
9165,-1,,[],561,,508013406,508013406,508013506,-1,6,1000,-1,-1
9166,-1,,[],561,,508013407,508013407,508013507,-1,7,1200,-1,-1
9167,-1,,[],561,,508013408,508013408,508013508,-1,8,1400,-1,-1
9168,-1,,[],561,,508013409,508013409,508013509,-1,9,1600,-1,-1
9169,-1,,[],561,,508013410,508013410,508013510,-1,10,1800,-1,-1
9170,-1,,[],561,,508013411,508013411,508013511,-1,11,2000,-1,-1
9171,-1,,[],561,,508013412,508013412,508013512,-1,12,2200,-1,-1
9172,-1,,[],561,,508013413,508013413,508013513,-1,13,2400,-1,-1
9173,-1,,[],561,,508013414,508013414,508013514,-1,14,2600,-1,-1
9174,-1,,[],561,,508013415,508013415,508013515,-1,15,2800,-1,-1
9175,-1,,[],561,,508013416,508013416,508013516,-1,16,3000,-1,-1
9176,-1,,[],561,,508013417,508013417,508013517,-1,17,3200,-1,-1
9177,-1,,[],561,,508013418,508013418,508013518,-1,18,3400,-1,-1
9178,-1,,[],561,,508013419,508013419,508013519,-1,19,3600,-1,-1
9179,-1,,[],561,,508013420,508013420,508013520,-1,20,3800,-1,-1
9180,-1,,[],561,,508013421,508013421,508013521,-1,21,4000,-1,-1
9181,-1,,[],561,,508013422,508013422,508013522,-1,22,4200,-1,-1
9182,-1,,[],561,,508013423,508013423,508013523,-1,23,4400,-1,-1
9183,-1,,[],561,,508013424,508013424,508013524,-1,24,4600,-1,-1
9184,-1,,[],561,,508013425,508013425,508013525,-1,25,4800,-1,-1
9185,-1,,[],561,,508013426,508013426,508013526,-1,26,5000,-1,-1
9186,-1,,[],561,,508013427,508013427,508013527,-1,27,5200,-1,-1
9187,-1,,[],561,,508013428,508013428,508013528,-1,28,5400,-1,-1
9188,-1,,[],561,,508013429,508013429,508013529,-1,29,5600,-1,-1
9189,-1,,[],561,,508013430,508013430,508013530,-1,30,5800,-1,-1
9190,-1,,[],562,,508013607,508013607,-1,-1,1,150,-1,-1
9191,-1,,[],562,,508013608,508013608,-1,-1,2,300,-1,-1
9192,-1,,[],562,,508013609,508013609,-1,-1,3,1000,-1,-1
9193,-1,,[],562,,508013610,508013610,-1,-1,4,3000,-1,-1
9194,-1,,[],562,,508013611,508013611,-1,-1,5,6000,-1,-1
9195,-1,,[],563,,38078,38078,-1,-1,1,50,-1,-1
9196,-1,,[],563,,38079,38079,-1,-1,2,100,-1,-1
9197,-1,,[],563,,38080,38080,-1,-1,3,150,-1,-1
9198,-1,,[],563,,38081,38081,-1,-1,4,200,-1,-1
9199,-1,,[],563,,38082,38082,-1,-1,5,350,-1,-1
9200,-1,,[],563,,38083,38083,-1,-1,6,500,-1,-1
9201,-1,,[],564,,508066101,508066101,-1,-1,1,10,-1,-1
9202,-1,,[],564,,508066102,508066102,-1,-1,2,20,-1,-1
9203,-1,,[],564,,508066103,508066103,-1,-1,3,40,-1,-1
9204,-1,,[],564,,508066104,508066104,-1,-1,4,80,-1,-1
9205,-1,,[],564,,508066105,508066105,-1,-1,5,200,-1,-1
9206,-1,,[],564,,508066106,508066106,-1,-1,6,400,-1,-1
9207,-1,,[],564,,508066107,508066107,-1,-1,7,800,-1,-1
9208,-1,,[],565,,508064007,508064007,-1,-1,1,150,-1,-1
9209,-1,,[],565,,508064008,508064008,-1,-1,2,300,-1,-1
9210,-1,,[],565,,508064009,508064009,-1,-1,3,1000,-1,-1
9211,-1,,[],565,,508064010,508064010,-1,-1,4,3000,-1,-1
9212,-1,,[],565,,508064011,508064011,-1,-1,5,6000,-1,-1
9213,-1,,[],566,,508065001,508065001,508065026,508065051,1,100,-1,-1
9214,-1,,[],566,,508065002,508065002,508065027,508065052,2,200,-1,-1
9215,-1,,[],566,,508065003,508065003,508065028,508065053,3,300,-1,-1
9216,-1,,[],566,,508065004,508065004,508065029,508065054,4,400,-1,-1
9217,-1,,[],566,,508065005,508065005,508065030,508065055,5,500,-1,-1
9218,-1,,[],566,,508065006,508065006,508065031,508065056,6,600,-1,-1
9219,-1,,[],566,,508065007,508065007,508065032,508065057,7,700,-1,-1
9220,-1,,[],566,,508065008,508065008,508065033,508065058,8,800,-1,-1
9221,-1,,[],566,,508065009,508065009,508065034,508065059,9,900,-1,-1
9222,-1,,[],566,,508065010,508065010,508065035,508065060,10,1000,-1,-1
9223,-1,,[],566,,508065011,508065011,508065036,508065061,11,1100,-1,-1
9224,-1,,[],566,,508065012,508065012,508065037,508065062,12,1200,-1,-1
9225,-1,,[],566,,508065013,508065013,508065038,508065063,13,1300,-1,-1
9226,-1,,[],566,,508065014,508065014,508065039,508065064,14,1400,-1,-1
9227,-1,,[],566,,508065015,508065015,508065040,508065065,15,1500,-1,-1
9228,-1,,[],566,,508065016,508065016,508065041,508065066,16,1600,-1,-1
9229,-1,,[],566,,508065017,508065017,508065042,508065067,17,1700,-1,-1
9230,-1,,[],566,,508065018,508065018,508065043,508065068,18,1800,-1,-1
9231,-1,,[],566,,508065019,508065019,508065044,508065069,19,1900,-1,-1
9232,-1,,[],566,,508065020,508065020,508065045,508065070,20,2000,-1,-1
9233,-1,,[],566,,508065021,508065021,508065046,508065071,21,2100,-1,-1
9234,-1,,[],566,,508065022,508065022,508065047,508065072,22,2200,-1,-1
9235,-1,,[],566,,508065023,508065023,508065048,508065073,23,2300,-1,-1
9236,-1,,[],566,,508065024,508065024,508065049,508065074,24,2400,-1,-1
9237,-1,,[],566,,508065025,508065025,508065050,508065075,25,2500,-1,-1
1000101,-1,,[],10001,,1211301,1211301,-1,-1,1,500000,-1,-1
1000102,-1,,[],10001,,1211302,1211302,-1,-1,2,1000000,-1,-1
1000103,-1,,[],10001,,1211303,1211303,-1,-1,3,1500000,-1,-1
1000104,-1,,[],10001,,1211304,1211304,-1,-1,4,2000000,-1,-1
1000105,-1,,[],10001,,1211305,1211305,-1,-1,5,2500000,-1,-1
1000106,-1,,[],10001,,1211306,1211306,-1,-1,6,3000000,-1,-1
1000201,-1,,[],10002,,1221301,1221301,-1,-1,1,1000000,-1,-1
1000202,-1,,[],10002,,1221302,1221302,-1,-1,2,2000000,-1,-1
1000203,-1,,[],10002,,1221303,1221303,-1,-1,3,4000000,-1,-1
1000204,-1,,[],10002,,1221304,1221304,-1,-1,4,6000000,-1,-1
1000205,-1,,[],10002,,1221305,1221305,-1,-1,5,8000000,-1,-1
1000206,-1,,[],10002,,1221306,1221306,-1,-1,6,10000000,-1,-1
9238,-1,,[],567,,508123001,508123001,508123031,-1,1,100,-1,-1
9239,-1,,[],567,,508123002,508123002,508123032,-1,2,200,-1,-1
9240,-1,,[],567,,508123003,508123003,508123033,-1,3,400,-1,-1
9241,-1,,[],567,,508123004,508123004,508123034,-1,4,600,-1,-1
9242,-1,,[],567,,508123005,508123005,508123035,-1,5,800,-1,-1
9243,-1,,[],567,,508123006,508123006,508123036,-1,6,1000,-1,-1
9244,-1,,[],567,,508123007,508123007,508123037,-1,7,1200,-1,-1
9245,-1,,[],567,,508123008,508123008,508123038,-1,8,1400,-1,-1
9246,-1,,[],567,,508123009,508123009,508123039,-1,9,1600,-1,-1
9247,-1,,[],567,,508123010,508123010,508123040,-1,10,1800,-1,-1
9248,-1,,[],567,,508123011,508123011,508123041,-1,11,2000,-1,-1
9249,-1,,[],567,,508123012,508123012,508123042,-1,12,2200,-1,-1
9250,-1,,[],567,,508123013,508123013,508123043,-1,13,2400,-1,-1
9251,-1,,[],567,,508123014,508123014,508123044,-1,14,2600,-1,-1
9252,-1,,[],567,,508123015,508123015,508123045,-1,15,2800,-1,-1
9253,-1,,[],567,,508123016,508123016,508123046,-1,16,3000,-1,-1
9254,-1,,[],567,,508123017,508123017,508123047,-1,17,3200,-1,-1
9255,-1,,[],567,,508123018,508123018,508123048,-1,18,3400,-1,-1
9256,-1,,[],567,,508123019,508123019,508123049,-1,19,3600,-1,-1
9257,-1,,[],567,,508123020,508123020,508123050,-1,20,3800,-1,-1
9258,-1,,[],567,,508123021,508123021,508123051,-1,21,4000,-1,-1
9259,-1,,[],567,,508123022,508123022,508123052,-1,22,4200,-1,-1
9260,-1,,[],567,,508123023,508123023,508123053,-1,23,4400,-1,-1
9261,-1,,[],567,,508123024,508123024,508123054,-1,24,4600,-1,-1
9262,-1,,[],567,,508123025,508123025,508123055,-1,25,4800,-1,-1
9263,-1,,[],567,,508123026,508123026,508123056,-1,26,5000,-1,-1
9264,-1,,[],567,,508123027,508123027,508123057,-1,27,5200,-1,-1
9265,-1,,[],567,,508123028,508123028,508123058,-1,28,5400,-1,-1
9266,-1,,[],567,,508123029,508123029,508123059,-1,29,5600,-1,-1
9267,-1,,[],567,,508123030,508123030,508123060,-1,30,5800,-1,-1
9268,-1,,[],568,,508124001,508124001,508124031,-1,1,100,-1,-1
9269,-1,,[],568,,508124002,508124002,508124032,-1,2,200,-1,-1
9270,-1,,[],568,,508124003,508124003,508124033,-1,3,400,-1,-1
9271,-1,,[],568,,508124004,508124004,508124034,-1,4,600,-1,-1
9272,-1,,[],568,,508124005,508124005,508124035,-1,5,800,-1,-1
9273,-1,,[],568,,508124006,508124006,508124036,-1,6,1000,-1,-1
9274,-1,,[],568,,508124007,508124007,508124037,-1,7,1200,-1,-1
9275,-1,,[],568,,508124008,508124008,508124038,-1,8,1400,-1,-1
9276,-1,,[],568,,508124009,508124009,508124039,-1,9,1600,-1,-1
9277,-1,,[],568,,508124010,508124010,508124040,-1,10,1800,-1,-1
9278,-1,,[],568,,508124011,508124011,508124041,-1,11,2000,-1,-1
9279,-1,,[],568,,508124012,508124012,508124042,-1,12,2200,-1,-1
9280,-1,,[],568,,508124013,508124013,508124043,-1,13,2400,-1,-1
9281,-1,,[],568,,508124014,508124014,508124044,-1,14,2600,-1,-1
9282,-1,,[],568,,508124015,508124015,508124045,-1,15,2800,-1,-1
9283,-1,,[],568,,508124016,508124016,508124046,-1,16,3000,-1,-1
9284,-1,,[],568,,508124017,508124017,508124047,-1,17,3200,-1,-1
9285,-1,,[],568,,508124018,508124018,508124048,-1,18,3400,-1,-1
9286,-1,,[],568,,508124019,508124019,508124049,-1,19,3600,-1,-1
9287,-1,,[],568,,508124020,508124020,508124050,-1,20,3800,-1,-1
9288,-1,,[],568,,508124021,508124021,508124051,-1,21,4000,-1,-1
9289,-1,,[],568,,508124022,508124022,508124052,-1,22,4200,-1,-1
9290,-1,,[],568,,508124023,508124023,508124053,-1,23,4400,-1,-1
9291,-1,,[],568,,508124024,508124024,508124054,-1,24,4600,-1,-1
9292,-1,,[],568,,508124025,508124025,508124055,-1,25,4800,-1,-1
9293,-1,,[],568,,508124026,508124026,508124056,-1,26,5000,-1,-1
9294,-1,,[],568,,508124027,508124027,508124057,-1,27,5200,-1,-1
9295,-1,,[],568,,508124028,508124028,508124058,-1,28,5400,-1,-1
9296,-1,,[],568,,508124029,508124029,508124059,-1,29,5600,-1,-1
9297,-1,,[],568,,508124030,508124030,508124060,-1,30,5800,-1,-1
9298,-1,,[],569,,508123101,508123101,508123131,-1,1,100,-1,-1
9299,-1,,[],569,,508123102,508123102,508123132,-1,2,200,-1,-1
9300,-1,,[],569,,508123103,508123103,508123133,-1,3,400,-1,-1
9301,-1,,[],569,,508123104,508123104,508123134,-1,4,600,-1,-1
9302,-1,,[],569,,508123105,508123105,508123135,-1,5,800,-1,-1
9303,-1,,[],569,,508123106,508123106,508123136,-1,6,1000,-1,-1
9304,-1,,[],569,,508123107,508123107,508123137,-1,7,1200,-1,-1
9305,-1,,[],569,,508123108,508123108,508123138,-1,8,1400,-1,-1
9306,-1,,[],569,,508123109,508123109,508123139,-1,9,1600,-1,-1
9307,-1,,[],569,,508123110,508123110,508123140,-1,10,1800,-1,-1
9308,-1,,[],569,,508123111,508123111,508123141,-1,11,2000,-1,-1
9309,-1,,[],569,,508123112,508123112,508123142,-1,12,2200,-1,-1
9310,-1,,[],569,,508123113,508123113,508123143,-1,13,2400,-1,-1
9311,-1,,[],569,,508123114,508123114,508123144,-1,14,2600,-1,-1
9312,-1,,[],569,,508123115,508123115,508123145,-1,15,2800,-1,-1
9313,-1,,[],569,,508123116,508123116,508123146,-1,16,3000,-1,-1
9314,-1,,[],569,,508123117,508123117,508123147,-1,17,3200,-1,-1
9315,-1,,[],569,,508123118,508123118,508123148,-1,18,3400,-1,-1
9316,-1,,[],569,,508123119,508123119,508123149,-1,19,3600,-1,-1
9317,-1,,[],569,,508123120,508123120,508123150,-1,20,3800,-1,-1
9318,-1,,[],569,,508123121,508123121,508123151,-1,21,4000,-1,-1
9319,-1,,[],569,,508123122,508123122,508123152,-1,22,4200,-1,-1
9320,-1,,[],569,,508123123,508123123,508123153,-1,23,4400,-1,-1
9321,-1,,[],569,,508123124,508123124,508123154,-1,24,4600,-1,-1
9322,-1,,[],569,,508123125,508123125,508123155,-1,25,4800,-1,-1
9323,-1,,[],569,,508123126,508123126,508123156,-1,26,5000,-1,-1
9324,-1,,[],569,,508123127,508123127,508123157,-1,27,5200,-1,-1
9325,-1,,[],569,,508123128,508123128,508123158,-1,28,5400,-1,-1
9326,-1,,[],569,,508123129,508123129,508123159,-1,29,5600,-1,-1
9327,-1,,[],569,,508123130,508123130,508123160,-1,30,5800,-1,-1
9328,-1,,[],570,,508124101,508124101,508124131,-1,1,100,-1,-1
9329,-1,,[],570,,508124102,508124102,508124132,-1,2,200,-1,-1
9330,-1,,[],570,,508124103,508124103,508124133,-1,3,400,-1,-1
9331,-1,,[],570,,508124104,508124104,508124134,-1,4,600,-1,-1
9332,-1,,[],570,,508124105,508124105,508124135,-1,5,800,-1,-1
9333,-1,,[],570,,508124106,508124106,508124136,-1,6,1000,-1,-1
9334,-1,,[],570,,508124107,508124107,508124137,-1,7,1200,-1,-1
9335,-1,,[],570,,508124108,508124108,508124138,-1,8,1400,-1,-1
9336,-1,,[],570,,508124109,508124109,508124139,-1,9,1600,-1,-1
9337,-1,,[],570,,508124110,508124110,508124140,-1,10,1800,-1,-1
9338,-1,,[],570,,508124111,508124111,508124141,-1,11,2000,-1,-1
9339,-1,,[],570,,508124112,508124112,508124142,-1,12,2200,-1,-1
9340,-1,,[],570,,508124113,508124113,508124143,-1,13,2400,-1,-1
9341,-1,,[],570,,508124114,508124114,508124144,-1,14,2600,-1,-1
9342,-1,,[],570,,508124115,508124115,508124145,-1,15,2800,-1,-1
9343,-1,,[],570,,508124116,508124116,508124146,-1,16,3000,-1,-1
9344,-1,,[],570,,508124117,508124117,508124147,-1,17,3200,-1,-1
9345,-1,,[],570,,508124118,508124118,508124148,-1,18,3400,-1,-1
9346,-1,,[],570,,508124119,508124119,508124149,-1,19,3600,-1,-1
9347,-1,,[],570,,508124120,508124120,508124150,-1,20,3800,-1,-1
9348,-1,,[],570,,508124121,508124121,508124151,-1,21,4000,-1,-1
9349,-1,,[],570,,508124122,508124122,508124152,-1,22,4200,-1,-1
9350,-1,,[],570,,508124123,508124123,508124153,-1,23,4400,-1,-1
9351,-1,,[],570,,508124124,508124124,508124154,-1,24,4600,-1,-1
9352,-1,,[],570,,508124125,508124125,508124155,-1,25,4800,-1,-1
9353,-1,,[],570,,508124126,508124126,508124156,-1,26,5000,-1,-1
9354,-1,,[],570,,508124127,508124127,508124157,-1,27,5200,-1,-1
9355,-1,,[],570,,508124128,508124128,508124158,-1,28,5400,-1,-1
9356,-1,,[],570,,508124129,508124129,508124159,-1,29,5600,-1,-1
9357,-1,,[],570,,508124130,508124130,508124160,-1,30,5800,-1,-1
9358,-1,,[],571,,507176001,507176001,-1,-1,1,200,-1,-1
9359,-1,,[],571,,507176002,507176002,-1,-1,2,500,-1,-1
9360,-1,,[],571,,507176003,507176003,-1,-1,3,1000,-1,-1
9361,-1,,[],571,,507176004,507176004,-1,-1,4,3000,-1,-1
9362,-1,,[],571,,507176005,507176005,-1,-1,5,6000,-1,-1
9363,-1,,[],571,,507258106,507258106,-1,-1,6,12000,-1,8
9364,-1,,[],572,,506136101,506136101,-1,-1,1,20,-1,-1
9365,-1,,[],572,,506136102,506136102,-1,-1,2,80,-1,-1
9366,-1,,[],572,,506136103,506136103,-1,-1,3,300,-1,-1
9367,-1,,[],572,,506136104,506136104,-1,-1,4,600,-1,-1
9368,-1,,[],572,,506136105,506136105,-1,-1,5,1500,-1,-1
9369,-1,,[],572,,506136106,506136106,-1,-1,6,2500,-1,-1
9370,-1,,[],573,,508153001,508153001,508153031,-1,1,100,-1,-1
9371,-1,,[],573,,508153002,508153002,508153032,-1,2,200,-1,-1
9372,-1,,[],573,,508153003,508153003,508153033,-1,3,400,-1,-1
9373,-1,,[],573,,508153004,508153004,508153034,-1,4,600,-1,-1
9374,-1,,[],573,,508153005,508153005,508153035,-1,5,800,-1,-1
9375,-1,,[],573,,508153006,508153006,508153036,-1,6,1000,-1,-1
9376,-1,,[],573,,508153007,508153007,508153037,-1,7,1200,-1,-1
9377,-1,,[],573,,508153008,508153008,508153038,-1,8,1400,-1,-1
9378,-1,,[],573,,508153009,508153009,508153039,-1,9,1600,-1,-1
9379,-1,,[],573,,508153010,508153010,508153040,-1,10,1800,-1,-1
9380,-1,,[],573,,508153011,508153011,508153041,-1,11,2000,-1,-1
9381,-1,,[],573,,508153012,508153012,508153042,-1,12,2200,-1,-1
9382,-1,,[],573,,508153013,508153013,508153043,-1,13,2400,-1,-1
9383,-1,,[],573,,508153014,508153014,508153044,-1,14,2600,-1,-1
9384,-1,,[],573,,508153015,508153015,508153045,-1,15,2800,-1,-1
9385,-1,,[],573,,508153016,508153016,508153046,-1,16,3000,-1,-1
9386,-1,,[],573,,508153017,508153017,508153047,-1,17,3200,-1,-1
9387,-1,,[],573,,508153018,508153018,508153048,-1,18,3400,-1,-1
9388,-1,,[],573,,508153019,508153019,508153049,-1,19,3600,-1,-1
9389,-1,,[],573,,508153020,508153020,508153050,-1,20,3800,-1,-1
9390,-1,,[],573,,508153021,508153021,508153051,-1,21,4000,-1,-1
9391,-1,,[],573,,508153022,508153022,508153052,-1,22,4200,-1,-1
9392,-1,,[],573,,508153023,508153023,508153053,-1,23,4400,-1,-1
9393,-1,,[],573,,508153024,508153024,508153054,-1,24,4600,-1,-1
9394,-1,,[],573,,508153025,508153025,508153055,-1,25,4800,-1,-1
9395,-1,,[],573,,508153026,508153026,508153056,-1,26,5000,-1,-1
9396,-1,,[],573,,508153027,508153027,508153057,-1,27,5200,-1,-1
9397,-1,,[],573,,508153028,508153028,508153058,-1,28,5400,-1,-1
9398,-1,,[],573,,508153029,508153029,508153059,-1,29,5600,-1,-1
9399,-1,,[],573,,508153030,508153030,508153060,-1,30,5800,-1,-1
9400,-1,,[],574,,508154025,508154025,-1,-1,1,100,-1,-1
9401,-1,,[],574,,508154026,508154026,-1,-1,2,1000,-1,-1
9402,-1,,[],574,,508154027,508154027,-1,-1,3,2000,-1,-1
9403,-1,,[],574,,508154028,508154028,-1,-1,4,3000,-1,-1
9404,-1,,[],574,,508154029,508154029,-1,-1,5,4000,-1,-1
9405,-1,,[],575,,508158101,508158101,-1,-1,1,100,-1,-1
9406,-1,,[],575,,508158102,508158102,-1,-1,2,500,-1,-1
9407,-1,,[],575,,508158103,508158103,-1,-1,3,1000,-1,-1
9408,-1,,[],575,,508158104,508158104,-1,-1,4,1500,-1,-1
9409,-1,,[],575,,508158105,508158105,-1,-1,5,2000,-1,-1
9410,-1,,[],576,,508158201,508158201,-1,-1,1,100,-1,-1
9411,-1,,[],576,,508158202,508158202,-1,-1,2,500,-1,-1
9412,-1,,[],576,,508158203,508158203,-1,-1,3,1000,-1,-1
9413,-1,,[],576,,508158204,508158204,-1,-1,4,1500,-1,-1
9414,-1,,[],576,,508158205,508158205,-1,-1,5,2000,-1,-1
9415,-1,,[],577,,508158301,508158301,-1,-1,1,100,-1,-1
9416,-1,,[],577,,508158302,508158302,-1,-1,2,500,-1,-1
9417,-1,,[],577,,508158303,508158303,-1,-1,3,1000,-1,-1
9418,-1,,[],577,,508158304,508158304,-1,-1,4,1500,-1,-1
9419,-1,,[],577,,508158305,508158305,-1,-1,5,2000,-1,-1
9420,-1,,[],578,,508158401,508158401,-1,-1,1,100,-1,-1
9421,-1,,[],578,,508158402,508158402,-1,-1,2,500,-1,-1
9422,-1,,[],578,,508158403,508158403,-1,-1,3,1000,-1,-1
9423,-1,,[],578,,508158404,508158404,-1,-1,4,1500,-1,-1
9424,-1,,[],578,,508158405,508158405,-1,-1,5,2000,-1,-1
9425,-1,,[],579,,508158501,508158501,-1,-1,1,50,-1,-1
9426,-1,,[],579,,508158502,508158502,-1,-1,2,250,-1,-1
9427,-1,,[],579,,508158503,508158503,-1,-1,3,500,-1,-1
9428,-1,,[],579,,508158504,508158504,-1,-1,4,750,-1,-1
9429,-1,,[],579,,508158505,508158505,-1,-1,5,1000,-1,-1
9430,-1,,[],580,,508159101,508159101,-1,-1,1,100,-1,-1
9431,-1,,[],580,,508159102,508159102,-1,-1,2,500,-1,-1
9432,-1,,[],580,,508159103,508159103,-1,-1,3,1000,-1,-1
9433,-1,,[],580,,508159104,508159104,-1,-1,4,1500,-1,-1
9434,-1,,[],580,,508159105,508159105,-1,-1,5,2000,-1,-1
9435,-1,,[],581,,508159201,508159201,-1,-1,1,100,-1,-1
9436,-1,,[],581,,508159202,508159202,-1,-1,2,500,-1,-1
9437,-1,,[],581,,508159203,508159203,-1,-1,3,1000,-1,-1
9438,-1,,[],581,,508159204,508159204,-1,-1,4,1500,-1,-1
9439,-1,,[],581,,508159205,508159205,-1,-1,5,2000,-1,-1
9440,-1,,[],582,,508159301,508159301,-1,-1,1,100,-1,-1
9441,-1,,[],582,,508159302,508159302,-1,-1,2,500,-1,-1
9442,-1,,[],582,,508159303,508159303,-1,-1,3,1000,-1,-1
9443,-1,,[],582,,508159304,508159304,-1,-1,4,1500,-1,-1
9444,-1,,[],582,,508159305,508159305,-1,-1,5,2000,-1,-1
9445,-1,,[],583,,508159401,508159401,-1,-1,1,100,-1,-1
9446,-1,,[],583,,508159402,508159402,-1,-1,2,500,-1,-1
9447,-1,,[],583,,508159403,508159403,-1,-1,3,1000,-1,-1
9448,-1,,[],583,,508159404,508159404,-1,-1,4,1500,-1,-1
9449,-1,,[],583,,508159405,508159405,-1,-1,5,2000,-1,-1
9450,-1,,[],584,,508159501,508159501,-1,-1,1,50,-1,-1
9451,-1,,[],584,,508159502,508159502,-1,-1,2,250,-1,-1
9452,-1,,[],584,,508159503,508159503,-1,-1,3,500,-1,-1
9453,-1,,[],584,,508159504,508159504,-1,-1,4,750,-1,-1
9454,-1,,[],584,,508159505,508159505,-1,-1,5,1000,-1,-1
9455,-1,,[],585,,508213001,508213001,-1,-1,1,20,-1,-1
9456,-1,,[],585,,508213002,508213002,-1,-1,2,50,-1,-1
9457,-1,,[],585,,508213003,508213003,-1,-1,3,100,-1,-1
9458,-1,,[],585,,508213004,508213004,-1,-1,4,200,-1,-1
9459,-1,,[],585,,508213005,508213005,-1,-1,5,500,-1,-1
9460,-1,,[],585,,508213006,508213006,-1,-1,6,800,-1,-1
9461,-1,,[],585,,508213007,508213007,-1,-1,6,1500,-1,-1
9462,-1,,[],586,,412165101,412165101,-1,-1,1,100,-1,-1
9463,-1,,[],586,,412165102,412165102,-1,-1,2,1000,-1,-1
9464,-1,,[],586,,412165103,412165103,-1,-1,3,2000,-1,-1
9465,-1,,[],586,,412165104,412165104,-1,-1,4,3000,-1,-1
9466,-1,,[],586,,408221201,408221201,-1,-1,5,4000,-1,-1
9467,-1,,[],586,,508014101,508014101,-1,-1,6,8000,-1,-1
9468,-1,,[],587,,412165101,412165101,-1,-1,1,100,-1,-1
9469,-1,,[],587,,412165102,412165102,-1,-1,2,1000,-1,-1
9470,-1,,[],587,,412165103,412165103,-1,-1,3,2000,-1,-1
9471,-1,,[],587,,412165104,412165104,-1,-1,4,3000,-1,-1
9472,-1,,[],587,,410300402,410300402,-1,-1,5,4000,-1,-1
9473,-1,,[],587,,404127001,404127001,-1,-1,6,8000,-1,-1
9474,-1,,[],588,,508181011,508181011,508181036,508181061,1,100,-1,-1
9475,-1,,[],588,,508181012,508181012,508181037,508181062,2,200,-1,-1
9476,-1,,[],588,,508181013,508181013,508181038,508181063,3,300,-1,-1
9477,-1,,[],588,,508181014,508181014,508181039,508181064,4,400,-1,-1
9478,-1,,[],588,,508181015,508181015,508181040,508181065,5,500,-1,-1
9479,-1,,[],588,,508181016,508181016,508181041,508181066,6,600,-1,-1
9480,-1,,[],588,,508181017,508181017,508181042,508181067,7,700,-1,-1
9481,-1,,[],588,,508181018,508181018,508181043,508181068,8,800,-1,-1
9482,-1,,[],588,,508181019,508181019,508181044,508181069,9,900,-1,-1
9483,-1,,[],588,,508181020,508181020,508181045,508181070,10,1000,-1,-1
9484,-1,,[],588,,508181021,508181021,508181046,508181071,11,1100,-1,-1
9485,-1,,[],588,,508181022,508181022,508181047,508181072,12,1200,-1,-1
9486,-1,,[],588,,508181023,508181023,508181048,508181073,13,1300,-1,-1
9487,-1,,[],588,,508181024,508181024,508181049,508181074,14,1400,-1,-1
9488,-1,,[],588,,508181025,508181025,508181050,508181075,15,1500,-1,-1
9489,-1,,[],588,,508181026,508181026,508181051,508181076,16,1600,-1,-1
9490,-1,,[],588,,508181027,508181027,508181052,508181077,17,1700,-1,-1
9491,-1,,[],588,,508181028,508181028,508181053,508181078,18,1800,-1,-1
9492,-1,,[],588,,508181029,508181029,508181054,508181079,19,1900,-1,-1
9493,-1,,[],588,,508181030,508181030,508181055,508181080,20,2000,-1,-1
9494,-1,,[],588,,508181031,508181031,508181056,508181081,21,2200,-1,-1
9495,-1,,[],588,,508181032,508181032,508181057,508181082,22,2400,-1,-1
9496,-1,,[],588,,508181033,508181033,508181058,508181083,23,2600,-1,-1
9497,-1,,[],588,,508181034,508181034,508181059,508181084,24,2800,-1,-1
9498,-1,,[],588,,508181035,508181035,508181060,508181085,25,3000,-1,-1
9499,-1,,[],589,,508181101,508181101,508181111,-1,1,1,-1,-1
9500,-1,,[],589,,508181102,508181102,508181112,-1,2,2,-1,-1
9501,-1,,[],589,,508181103,508181103,508181113,-1,3,3,-1,-1
9502,-1,,[],589,,508181104,508181104,508181114,-1,4,4,-1,-1
9503,-1,,[],589,,508181105,508181105,508181115,-1,5,5,-1,-1
9504,-1,,[],589,,508181106,508181106,508181116,-1,6,6,-1,-1
9505,-1,,[],589,,508181107,508181107,508181117,-1,7,7,-1,-1
9506,-1,,[],590,,411155001,411155001,411155101,-1,1,1,-1,-1
9507,-1,,[],590,,411155002,411155002,411155102,-1,2,2,-1,-1
9508,-1,,[],590,,411155003,411155003,411155103,-1,3,3,-1,-1
9509,-1,,[],590,,411155004,411155004,411155104,-1,4,4,-1,-1
9510,-1,,[],590,,411155005,411155005,411155105,-1,5,5,-1,-1
9511,-1,,[],590,,411155006,411155006,508216001,-1,6,6,-1,-1
9512,-1,,[],591,,508233007,508233007,-1,-1,1,150,-1,-1
9513,-1,,[],591,,508233008,508233008,-1,-1,2,300,-1,-1
9514,-1,,[],591,,508233009,508233009,-1,-1,3,1000,-1,-1
9515,-1,,[],591,,508233010,508233010,-1,-1,4,3000,-1,-1
9516,-1,,[],591,,508233011,508233011,-1,-1,5,6000,-1,-1
9517,-1,,[],592,,508124101,508124101,508234001,-1,1,100,-1,-1
9518,-1,,[],592,,508124102,508124102,508234002,-1,2,200,-1,-1
9519,-1,,[],592,,508124103,508124103,508234003,-1,3,400,-1,-1
9520,-1,,[],592,,508124104,508124104,508234004,-1,4,600,-1,-1
9521,-1,,[],592,,508124105,508124105,508234005,-1,5,800,-1,-1
9522,-1,,[],592,,508124106,508124106,508234006,-1,6,1000,-1,-1
9523,-1,,[],592,,508124107,508124107,508234007,-1,7,1200,-1,-1
9524,-1,,[],592,,508124108,508124108,508234008,-1,8,1400,-1,-1
9525,-1,,[],592,,508124109,508124109,508234009,-1,9,1600,-1,-1
9526,-1,,[],592,,508124110,508124110,508234010,-1,10,1800,-1,-1
9527,-1,,[],592,,508124111,508124111,508234011,-1,11,2000,-1,-1
9528,-1,,[],592,,508124112,508124112,508234012,-1,12,2200,-1,-1
9529,-1,,[],592,,508124113,508124113,508234013,-1,13,2400,-1,-1
9530,-1,,[],592,,508124114,508124114,508234014,-1,14,2600,-1,-1
9531,-1,,[],592,,508124115,508124115,508234015,-1,15,2800,-1,-1
9532,-1,,[],592,,508124116,508124116,508234016,-1,16,3000,-1,-1
9533,-1,,[],592,,508124117,508124117,508234017,-1,17,3200,-1,-1
9534,-1,,[],592,,508124118,508124118,508234018,-1,18,3400,-1,-1
9535,-1,,[],592,,508124119,508124119,508234019,-1,19,3600,-1,-1
9536,-1,,[],592,,508124120,508124120,508234020,-1,20,3800,-1,-1
9537,-1,,[],592,,508124121,508124121,508234021,-1,21,4000,-1,-1
9538,-1,,[],592,,508124122,508124122,508234022,-1,22,4200,-1,-1
9539,-1,,[],592,,508124123,508124123,508234023,-1,23,4400,-1,-1
9540,-1,,[],592,,508124124,508124124,508234024,-1,24,4600,-1,-1
9541,-1,,[],592,,508124125,508124125,508234025,-1,25,4800,-1,-1
9542,-1,,[],592,,508124126,508124126,508234026,-1,26,5000,-1,-1
9543,-1,,[],592,,508124127,508124127,508234027,-1,27,5200,-1,-1
9544,-1,,[],592,,508124128,508124128,508234028,-1,28,5400,-1,-1
9545,-1,,[],592,,508124129,508124129,508234029,-1,29,5600,-1,-1
9546,-1,,[],592,,508124130,508124130,508234030,-1,30,5800,-1,-1
9547,-1,,[],593,,508153001,508153001,508254101,-1,1,100,-1,-1
9548,-1,,[],593,,508153002,508153002,508254102,-1,2,200,-1,-1
9549,-1,,[],593,,508153003,508153003,508254103,-1,3,400,-1,-1
9550,-1,,[],593,,508153004,508153004,508254104,-1,4,600,-1,-1
9551,-1,,[],593,,508153005,508153005,508254105,-1,5,800,-1,-1
9552,-1,,[],593,,508153006,508153006,508254106,-1,6,1000,-1,-1
9553,-1,,[],593,,508153007,508153007,508254107,-1,7,1200,-1,-1
9554,-1,,[],593,,508153008,508153008,508254108,-1,8,1400,-1,-1
9555,-1,,[],593,,508153009,508153009,508254109,-1,9,1600,-1,-1
9556,-1,,[],593,,508153010,508153010,508254110,-1,10,1800,-1,-1
9557,-1,,[],593,,508153011,508153011,508254111,-1,11,2000,-1,-1
9558,-1,,[],593,,508153012,508153012,508254112,-1,12,2200,-1,-1
9559,-1,,[],593,,508153013,508153013,508254113,-1,13,2400,-1,-1
9560,-1,,[],593,,508153014,508153014,508254114,-1,14,2600,-1,-1
9561,-1,,[],593,,508153015,508153015,508254115,-1,15,2800,-1,-1
9562,-1,,[],593,,508153016,508153016,508254116,-1,16,3000,-1,-1
9563,-1,,[],593,,508153017,508153017,508254117,-1,17,3200,-1,-1
9564,-1,,[],593,,508153018,508153018,508254118,-1,18,3400,-1,-1
9565,-1,,[],593,,508153019,508153019,508254119,-1,19,3600,-1,-1
9566,-1,,[],593,,508153020,508153020,508254120,-1,20,3800,-1,-1
9567,-1,,[],593,,508153021,508153021,508254121,-1,21,4000,-1,-1
9568,-1,,[],593,,508153022,508153022,508254122,-1,22,4200,-1,-1
9569,-1,,[],593,,508153023,508153023,508254123,-1,23,4400,-1,-1
9570,-1,,[],593,,508153024,508153024,508254124,-1,24,4600,-1,-1
9571,-1,,[],593,,508153025,508153025,508254125,-1,25,4800,-1,-1
9572,-1,,[],593,,508153026,508153026,508254126,-1,26,5000,-1,-1
9573,-1,,[],593,,508153027,508153027,508254127,-1,27,5200,-1,-1
9574,-1,,[],593,,508153028,508153028,508254128,-1,28,5400,-1,-1
9575,-1,,[],593,,508153029,508153029,508254129,-1,29,5600,-1,-1
9576,-1,,[],593,,508153030,508153030,508254130,-1,30,5800,-1,-1
9577,-1,,[],594,,508274007,508274007,-1,-1,1,150,-1,-1
9578,-1,,[],594,,508274008,508274008,-1,-1,2,300,-1,-1
9579,-1,,[],594,,508274009,508274009,-1,-1,3,1000,-1,-1
9580,-1,,[],594,,508274010,508274010,-1,-1,4,3000,-1,-1
9581,-1,,[],594,,508274011,508274011,-1,-1,5,6000,-1,-1
9582,-1,,[],595,,508274101,508274101,508274030,-1,1,100,-1,-1
9583,-1,,[],595,,508274102,508274102,508274031,-1,2,200,-1,-1
9584,-1,,[],595,,508274103,508274103,508274032,-1,3,400,-1,-1
9585,-1,,[],595,,508274104,508274104,508274033,-1,4,600,-1,-1
9586,-1,,[],595,,508274105,508274105,508274034,-1,5,800,-1,-1
9587,-1,,[],595,,508274106,508274106,508274035,-1,6,1000,-1,-1
9588,-1,,[],595,,508274107,508274107,508274036,-1,7,1200,-1,-1
9589,-1,,[],595,,508274108,508274108,508274037,-1,8,1400,-1,-1
9590,-1,,[],595,,508274109,508274109,508274038,-1,9,1600,-1,-1
9591,-1,,[],595,,508274110,508274110,508274039,-1,10,1800,-1,-1
9592,-1,,[],595,,508274111,508274111,508274040,-1,11,2000,-1,-1
9593,-1,,[],595,,508274112,508274112,508274041,-1,12,2200,-1,-1
9594,-1,,[],595,,508274113,508274113,508274042,-1,13,2400,-1,-1
9595,-1,,[],595,,508274114,508274114,508274043,-1,14,2600,-1,-1
9596,-1,,[],595,,508274115,508274115,508274044,-1,15,2800,-1,-1
9597,-1,,[],595,,508274116,508274116,508274045,-1,16,3000,-1,-1
9598,-1,,[],595,,508274117,508274117,508274046,-1,17,3200,-1,-1
9599,-1,,[],595,,508274118,508274118,508274047,-1,18,3400,-1,-1
9600,-1,,[],595,,508274119,508274119,508274048,-1,19,3600,-1,-1
9601,-1,,[],595,,508274120,508274120,508274049,-1,20,3800,-1,-1
9602,-1,,[],595,,508274121,508274121,508274050,-1,21,4000,-1,-1
9603,-1,,[],595,,508274122,508274122,508274051,-1,22,4200,-1,-1
9604,-1,,[],595,,508274123,508274123,508274052,-1,23,4400,-1,-1
9605,-1,,[],595,,508274124,508274124,508274053,-1,24,4600,-1,-1
9606,-1,,[],595,,508274125,508274125,508274054,-1,25,4800,-1,-1
9607,-1,,[],595,,508274126,508274126,508274055,-1,26,5000,-1,-1
9608,-1,,[],595,,508274127,508274127,508274056,-1,27,5200,-1,-1
9609,-1,,[],595,,508274128,508274128,508274057,-1,28,5400,-1,-1
9610,-1,,[],595,,508274129,508274129,508274058,-1,29,5600,-1,-1
9611,-1,,[],595,,508274130,508274130,508274059,-1,30,5800,-1,-1
9612,-1,,[],596,,508284027,508284027,508284057,-1,1,100,-1,-1
9613,-1,,[],596,,508284028,508284028,508284058,-1,2,200,-1,-1
9614,-1,,[],596,,508284029,508284029,508284059,-1,3,400,-1,-1
9615,-1,,[],596,,508284030,508284030,508284060,-1,4,600,-1,-1
9616,-1,,[],596,,508284031,508284031,508284061,-1,5,800,-1,-1
9617,-1,,[],596,,508284032,508284032,508284062,-1,6,1000,-1,-1
9618,-1,,[],596,,508284033,508284033,508284063,-1,7,1200,-1,-1
9619,-1,,[],596,,508284034,508284034,508284064,-1,8,1400,-1,-1
9620,-1,,[],596,,508284035,508284035,508284065,-1,9,1600,-1,-1
9621,-1,,[],596,,508284036,508284036,508284066,-1,10,1800,-1,-1
9622,-1,,[],596,,508284037,508284037,508284067,-1,11,2000,-1,-1
9623,-1,,[],596,,508284038,508284038,508284068,-1,12,2200,-1,-1
9624,-1,,[],596,,508284039,508284039,508284069,-1,13,2400,-1,-1
9625,-1,,[],596,,508284040,508284040,508284070,-1,14,2600,-1,-1
9626,-1,,[],596,,508284041,508284041,508284071,-1,15,2800,-1,-1
9627,-1,,[],596,,508284042,508284042,508284072,-1,16,3000,-1,-1
9628,-1,,[],596,,508284043,508284043,508284073,-1,17,3200,-1,-1
9629,-1,,[],596,,508284044,508284044,508284074,-1,18,3400,-1,-1
9630,-1,,[],596,,508284045,508284045,508284075,-1,19,3600,-1,-1
9631,-1,,[],596,,508284046,508284046,508284076,-1,20,3800,-1,-1
9632,-1,,[],596,,508284047,508284047,508284077,-1,21,4000,-1,-1
9633,-1,,[],596,,508284048,508284048,508284078,-1,22,4200,-1,-1
9634,-1,,[],596,,508284049,508284049,508284079,-1,23,4400,-1,-1
9635,-1,,[],596,,508284050,508284050,508284080,-1,24,4600,-1,-1
9636,-1,,[],596,,508284051,508284051,508284081,-1,25,4800,-1,-1
9637,-1,,[],596,,508284052,508284052,508284082,-1,26,5000,-1,-1
9638,-1,,[],596,,508284053,508284053,508284083,-1,27,5200,-1,-1
9639,-1,,[],596,,508284054,508284054,508284084,-1,28,5400,-1,-1
9640,-1,,[],596,,508284055,508284055,508284085,-1,29,5600,-1,-1
9641,-1,,[],596,,508284056,508284056,508284086,-1,30,5800,-1,-1
9642,-1,,[],597,,407317101,407317101,-1,-1,1,100,-1,-1
9643,-1,,[],597,,407317102,407317102,-1,-1,2,1000,-1,-1
9644,-1,,[],597,,407317103,407317103,-1,-1,3,2000,-1,-1
9645,-1,,[],597,,407317104,407317104,-1,-1,4,3000,-1,-1
9646,-1,,[],597,,507115002,507115002,-1,-1,5,4000,-1,-1
9647,-1,,[],598,,508287201,508287201,-1,-1,1,500,-1,-1
9648,-1,,[],598,,508287202,508287202,-1,-1,2,2000,-1,-1
9649,-1,,[],598,,508287203,508287203,-1,-1,3,5000,-1,-1
9650,-1,,[],598,,508287204,508287204,-1,-1,4,7000,-1,-1
9651,-1,,[],598,,508287205,508287205,-1,-1,5,10000,-1,-1
9652,-1,,[],599,,508287301,508287301,-1,-1,1,400,-1,-1
9653,-1,,[],599,,508287302,508287302,-1,-1,2,1000,-1,-1
9654,-1,,[],599,,508287303,508287303,-1,-1,3,3000,-1,-1
9655,-1,,[],599,,508287304,508287304,-1,-1,4,5000,-1,-1
9656,-1,,[],599,,508287305,508287305,-1,-1,5,8000,-1,-1
9657,-1,,[],600,,508287401,508287401,-1,-1,1,300,-1,-1
9658,-1,,[],600,,508287402,508287402,-1,-1,2,1000,-1,-1
9659,-1,,[],600,,508287403,508287403,-1,-1,3,2000,-1,-1
9660,-1,,[],600,,508287404,508287404,-1,-1,4,4000,-1,-1
9661,-1,,[],600,,508287405,508287405,-1,-1,5,6000,-1,-1
9662,-1,,[],601,,508287501,508287501,-1,-1,1,200,-1,-1
9663,-1,,[],601,,508287502,508287502,-1,-1,2,800,-1,-1
9664,-1,,[],601,,508287503,508287503,-1,-1,3,1500,-1,-1
9665,-1,,[],601,,508287504,508287504,-1,-1,4,3000,-1,-1
9666,-1,,[],601,,508287505,508287505,-1,-1,5,5000,-1,-1
9667,-1,,[],602,,508287601,508287601,-1,-1,1,100,-1,-1
9668,-1,,[],602,,508287602,508287602,-1,-1,2,500,-1,-1
9669,-1,,[],602,,508287603,508287603,-1,-1,3,1000,-1,-1
9670,-1,,[],602,,508287604,508287604,-1,-1,4,1500,-1,-1
9671,-1,,[],602,,508287605,508287605,-1,-1,5,2000,-1,-1
9672,-1,,[],603,,507176001,507176001,-1,-1,1,200,-1,-1
9673,-1,,[],603,,507176002,507176002,-1,-1,2,500,-1,-1
9674,-1,,[],603,,507176003,507176003,-1,-1,3,1000,-1,-1
9675,-1,,[],603,,507176004,507176004,-1,-1,4,3000,-1,-1
9676,-1,,[],603,,507176005,507176005,-1,-1,5,6000,-1,-1
9677,-1,,[],603,,507108506,507108506,-1,-1,6,12000,-1,8
9678,-1,,[],604,,508181011,508181011,509094001,508181061,1,6,-1,-1
9679,-1,,[],604,,508181012,508181012,509094002,508181062,2,8,-1,-1
9680,-1,,[],604,,508181013,508181013,509094003,508181063,3,10,-1,-1
9681,-1,,[],604,,508181014,508181014,509094004,508181064,4,12,-1,-1
9682,-1,,[],604,,508181015,508181015,509094005,508181065,5,14,-1,-1
9683,-1,,[],604,,508181016,508181016,509094006,508181066,6,16,-1,-1
9684,-1,,[],604,,508181017,508181017,509094007,508181067,7,18,-1,-1
9685,-1,,[],604,,508181018,508181018,509094008,508181068,8,20,-1,-1
9686,-1,,[],604,,508181019,508181019,509094009,508181069,9,22,-1,-1
9687,-1,,[],604,,508181020,508181020,509094010,508181070,10,24,-1,-1
9688,-1,,[],604,,508181021,508181021,509094011,508181071,11,26,-1,-1
9689,-1,,[],604,,508181022,508181022,509094012,508181072,12,28,-1,-1
9690,-1,,[],604,,508181023,508181023,509094013,508181073,13,30,-1,-1
9691,-1,,[],604,,508181024,508181024,509094014,508181074,14,32,-1,-1
9692,-1,,[],604,,508181025,508181025,509094012,508181075,15,34,-1,-1
9693,-1,,[],604,,508181026,508181026,509094013,508181076,16,36,-1,-1
9694,-1,,[],604,,508181027,508181027,509094014,508181077,17,38,-1,-1
9695,-1,,[],605,,404223201,404223201,509027001,-1,1,30000,-1,-1
9696,-1,,[],605,,404223202,404223202,509027002,-1,2,60000,-1,-1
9697,-1,,[],605,,404223203,404223203,509027003,-1,3,90000,-1,-1
9698,-1,,[],605,,404223204,404223204,509027004,-1,4,120000,-1,-1
9699,-1,,[],605,,404223205,404223205,509027005,-1,5,180000,-1,-1
9700,-1,,[],605,,404223206,404223206,509027006,-1,6,360000,-1,-1
9701,-1,,[],605,,404223207,404223207,509027007,-1,7,600000,-1,-1
9702,-1,,[],605,,404223208,404223208,509027008,-1,8,900000,-1,-1
9703,-1,,[],605,,404223209,404223209,509027009,-1,9,1200000,-1,-1
9704,-1,,[],605,,404223210,404223210,509027010,-1,10,1800000,-1,-1
9705,-1,,[],606,,38621,38621,-1,-1,1,1,-1,-1
9706,-1,,[],606,,38622,38622,-1,-1,2,3,-1,-1
9707,-1,,[],606,,38623,38623,-1,-1,3,5,-1,-1
9708,-1,,[],607,,509093061,509093061,509093031,-1,1,100,-1,-1
9709,-1,,[],607,,509093062,509093062,509093032,-1,2,200,-1,-1
9710,-1,,[],607,,509093063,509093063,509093033,-1,3,400,-1,-1
9711,-1,,[],607,,509093064,509093064,509093034,-1,4,600,-1,-1
9712,-1,,[],607,,509093065,509093065,509093035,-1,5,800,-1,-1
9713,-1,,[],607,,509093066,509093066,509093036,-1,6,1000,-1,-1
9714,-1,,[],607,,509093067,509093067,509093037,-1,7,1200,-1,-1
9715,-1,,[],607,,509093068,509093068,509093038,-1,8,1400,-1,-1
9716,-1,,[],607,,509093069,509093069,509093039,-1,9,1600,-1,-1
9717,-1,,[],607,,509093070,509093070,509093040,-1,10,1800,-1,-1
9718,-1,,[],607,,509093071,509093071,509093041,-1,11,2000,-1,-1
9719,-1,,[],607,,509093072,509093072,509093042,-1,12,2200,-1,-1
9720,-1,,[],607,,509093073,509093073,509093043,-1,13,2400,-1,-1
9721,-1,,[],607,,509093074,509093074,509093044,-1,14,2600,-1,-1
9722,-1,,[],607,,509093075,509093075,509093045,-1,15,2800,-1,-1
9723,-1,,[],607,,509093076,509093076,509093046,-1,16,3000,-1,-1
9724,-1,,[],607,,509093077,509093077,509093047,-1,17,3200,-1,-1
9725,-1,,[],607,,509093078,509093078,509093048,-1,18,3400,-1,-1
9726,-1,,[],607,,509093079,509093079,509093049,-1,19,3600,-1,-1
9727,-1,,[],607,,509093080,509093080,509093050,-1,20,3800,-1,-1
9728,-1,,[],607,,509093081,509093081,509093051,-1,21,4000,-1,-1
9729,-1,,[],607,,509093082,509093082,509093052,-1,22,4200,-1,-1
9730,-1,,[],607,,509093083,509093083,509093053,-1,23,4400,-1,-1
9731,-1,,[],607,,509093084,509093084,509093054,-1,24,4600,-1,-1
9732,-1,,[],607,,509093085,509093085,509093055,-1,25,4800,-1,-1
9733,-1,,[],607,,509093086,509093086,509093056,-1,26,5000,-1,-1
9734,-1,,[],607,,509093087,509093087,509093057,-1,27,5200,-1,-1
9735,-1,,[],607,,509093088,509093088,509093058,-1,28,5400,-1,-1
9736,-1,,[],607,,509093089,509093089,509093059,-1,29,5600,-1,-1
9737,-1,,[],607,,509093090,509093090,509093060,-1,30,5800,-1,-1
9738,-1,,[],608,,509094001,509094001,509094015,509094029,1,1,-1,-1
9739,-1,,[],608,,509094002,509094002,509094016,509094030,2,2,-1,-1
9740,-1,,[],608,,509094003,509094003,509094017,509094031,3,3,-1,-1
9741,-1,,[],608,,509094004,509094004,509094018,509094032,4,5,-1,-1
9742,-1,,[],608,,509094005,509094005,509094019,509094033,5,7,-1,-1
9743,-1,,[],608,,509094006,509094006,509094020,509094034,6,9,-1,-1
9744,-1,,[],608,,509094007,509094007,509094021,509094035,7,11,-1,-1
9745,-1,,[],608,,509094008,509094008,509094022,509094036,8,13,-1,-1
9746,-1,,[],608,,509094009,509094009,509094023,509094037,9,15,-1,-1
9747,-1,,[],608,,509094010,509094010,509094024,509094038,10,18,-1,-1
9748,-1,,[],608,,509094011,509094011,509094025,509094039,11,21,-1,-1
9749,-1,,[],608,,509094012,509094012,509094026,509094040,12,24,-1,-1
9750,-1,,[],608,,509094013,509094013,509094027,509094041,13,27,-1,-1
9751,-1,,[],608,,509094014,509094014,509094028,509094042,14,30,-1,-1
9752,-1,,[],609,,509095501,509095501,-1,-1,1,20,-1,-1
9753,-1,,[],609,,509095502,509095502,-1,-1,2,50,-1,-1
9754,-1,,[],609,,509095503,509095503,-1,-1,3,100,-1,-1
9755,-1,,[],609,,509095504,509095504,-1,-1,4,200,-1,-1
9756,-1,,[],609,,509095505,509095505,-1,-1,5,500,-1,-1
9757,-1,,[],609,,509095506,509095506,-1,-1,6,800,-1,-1
9758,-1,,[],609,,509095507,509095507,-1,-1,7,1500,-1,-1
9759,-1,,[],610,,509104001,509104001,509104031,-1,1,100,-1,-1
9760,-1,,[],610,,509104002,509104002,509104032,-1,2,200,-1,-1
9761,-1,,[],610,,509104003,509104003,509104033,-1,3,400,-1,-1
9762,-1,,[],610,,509104004,509104004,509104034,-1,4,600,-1,-1
9763,-1,,[],610,,509104005,509104005,509104035,-1,5,800,-1,-1
9764,-1,,[],610,,509104006,509104006,509104036,-1,6,1000,-1,-1
9765,-1,,[],610,,509104007,509104007,509104037,-1,7,1200,-1,-1
9766,-1,,[],610,,509104008,509104008,509104038,-1,8,1400,-1,-1
9767,-1,,[],610,,509104009,509104009,509104039,-1,9,1600,-1,-1
9768,-1,,[],610,,509104010,509104010,509104040,-1,10,1800,-1,-1
9769,-1,,[],610,,509104011,509104011,509104041,-1,11,2000,-1,-1
9770,-1,,[],610,,509104012,509104012,509104042,-1,12,2200,-1,-1
9771,-1,,[],610,,509104013,509104013,509104043,-1,13,2400,-1,-1
9772,-1,,[],610,,509104014,509104014,509104044,-1,14,2600,-1,-1
9773,-1,,[],610,,509104015,509104015,509104045,-1,15,2800,-1,-1
9774,-1,,[],610,,509104016,509104016,509104046,-1,16,3000,-1,-1
9775,-1,,[],610,,509104017,509104017,509104047,-1,17,3200,-1,-1
9776,-1,,[],610,,509104018,509104018,509104048,-1,18,3400,-1,-1
9777,-1,,[],610,,509104019,509104019,509104049,-1,19,3600,-1,-1
9778,-1,,[],610,,509104020,509104020,509104050,-1,20,3800,-1,-1
9779,-1,,[],610,,509104021,509104021,509104051,-1,21,4000,-1,-1
9780,-1,,[],610,,509104022,509104022,509104052,-1,22,4200,-1,-1
9781,-1,,[],610,,509104023,509104023,509104053,-1,23,4400,-1,-1
9782,-1,,[],610,,509104024,509104024,509104054,-1,24,4600,-1,-1
9783,-1,,[],610,,509104025,509104025,509104055,-1,25,4800,-1,-1
9784,-1,,[],610,,509104026,509104026,509104056,-1,26,5000,-1,-1
9785,-1,,[],610,,509104027,509104027,509104057,-1,27,5200,-1,-1
9786,-1,,[],610,,509104028,509104028,509104058,-1,28,5400,-1,-1
9787,-1,,[],610,,509104029,509104029,509104059,-1,29,5600,-1,-1
9788,-1,,[],610,,509104030,509104030,509104060,-1,30,5800,-1,-1
9789,-1,,[],611,,509093007,509093007,-1,-1,1,150,-1,-1
9790,-1,,[],611,,509093008,509093008,-1,-1,2,300,-1,-1
9791,-1,,[],611,,509093009,509093009,-1,-1,3,1000,-1,-1
9792,-1,,[],611,,509093010,509093010,-1,-1,4,3000,-1,-1
9793,-1,,[],611,,509093011,509093011,-1,-1,5,6000,-1,-1
9794,-1,,[],612,,507046101,507046101,-1,-1,1,300,-1,-1
9795,-1,,[],612,,507046102,507046102,-1,-1,2,1000,-1,-1
9796,-1,,[],612,,507046103,507046103,-1,-1,3,2000,-1,-1
9797,-1,,[],612,,509128601,509128601,-1,-1,4,4000,-1,-1
9798,-1,,[],612,,507046105,507046105,-1,-1,5,6000,-1,-1
9799,-1,,[],613,,507046201,507046201,-1,-1,1,300,-1,-1
9800,-1,,[],613,,507046202,507046202,-1,-1,2,1000,-1,-1
9801,-1,,[],613,,507046203,507046203,-1,-1,3,2000,-1,-1
9802,-1,,[],613,,509128602,509128602,-1,-1,4,4000,-1,-1
9803,-1,,[],613,,507046205,507046205,-1,-1,5,6000,-1,-1
9804,-1,,[],614,,507046301,507046301,-1,-1,1,300,-1,-1
9805,-1,,[],614,,507046302,507046302,-1,-1,2,1000,-1,-1
9806,-1,,[],614,,507046303,507046303,-1,-1,3,2000,-1,-1
9807,-1,,[],614,,509128603,509128603,-1,-1,4,4000,-1,-1
9808,-1,,[],614,,507046305,507046305,-1,-1,5,6000,-1,-1
9809,-1,,[],615,,507046401,507046401,-1,-1,1,300,-1,-1
9810,-1,,[],615,,507046402,507046402,-1,-1,2,1000,-1,-1
9811,-1,,[],615,,507046403,507046403,-1,-1,3,2000,-1,-1
9812,-1,,[],615,,509128604,509128604,-1,-1,4,4000,-1,-1
9813,-1,,[],615,,507046405,507046405,-1,-1,5,6000,-1,-1
9814,-1,,[],616,,507046501,507046501,-1,-1,1,100,-1,-1
9815,-1,,[],616,,507046502,507046502,-1,-1,2,500,-1,-1
9816,-1,,[],616,,507046503,507046503,-1,-1,3,1000,-1,-1
9817,-1,,[],616,,509128605,509128605,-1,-1,4,1500,-1,-1
9818,-1,,[],616,,507046505,507046505,-1,-1,5,2000,-1,-1
9819,-1,,[],617,,509166301,509166301,-1,-1,1,10,-1,-1
9820,-1,,[],617,,509166302,509166302,-1,-1,2,20,-1,-1
9821,-1,,[],617,,509166303,509166303,-1,-1,3,40,-1,-1
9822,-1,,[],617,,509166304,509166304,-1,-1,4,80,-1,-1
9823,-1,,[],617,,509166305,509166305,-1,-1,5,200,-1,-1
9824,-1,,[],617,,509166306,509166306,-1,-1,6,400,-1,-1
9825,-1,,[],617,,509166307,509166307,-1,-1,7,800,-1,-1
9826,-1,,[],618,,505155001,505155001,-1,-1,1,10,-1,-1
9827,-1,,[],618,,505155002,505155002,-1,-1,2,20,-1,-1
9828,-1,,[],618,,505155003,505155003,-1,-1,3,40,-1,-1
9829,-1,,[],618,,505155004,505155004,-1,-1,4,80,-1,-1
9830,-1,,[],618,,505155005,505155005,-1,-1,5,200,-1,-1
9831,-1,,[],618,,505155006,505155006,-1,-1,6,400,-1,-1
9832,-1,,[],618,,505155007,505155007,-1,-1,7,800,-1,-1
9833,-1,,[],619,,509170401,509170401,509170426,-1,1,100,-1,-1
9834,-1,,[],619,,509170402,509170402,509170427,-1,2,150,-1,-1
9835,-1,,[],619,,509170403,509170403,509170428,-1,3,200,-1,-1
9836,-1,,[],619,,509170404,509170404,509170429,-1,4,250,-1,-1
9837,-1,,[],619,,509170405,509170405,509170430,-1,5,300,-1,-1
9838,-1,,[],619,,509170406,509170406,509170431,-1,6,350,-1,-1
9839,-1,,[],619,,509170407,509170407,509170432,-1,7,400,-1,-1
9840,-1,,[],619,,509170408,509170408,509170433,-1,8,450,-1,-1
9841,-1,,[],619,,509170409,509170409,509170434,-1,9,500,-1,-1
9842,-1,,[],619,,509170410,509170410,509170435,-1,10,550,-1,-1
9843,-1,,[],619,,509170411,509170411,509170436,-1,11,600,-1,-1
9844,-1,,[],619,,509170412,509170412,509170437,-1,12,700,-1,-1
9845,-1,,[],619,,509170413,509170413,509170438,-1,13,800,-1,-1
9846,-1,,[],619,,509170414,509170414,509170439,-1,14,900,-1,-1
9847,-1,,[],619,,509170415,509170415,509170440,-1,15,1000,-1,-1
9848,-1,,[],619,,509170416,509170416,509170441,-1,16,1100,-1,-1
9849,-1,,[],619,,509170417,509170417,509170442,-1,17,1200,-1,-1
9850,-1,,[],619,,509170418,509170418,509170443,-1,18,1300,-1,-1
9851,-1,,[],619,,509170419,509170419,509170444,-1,19,1400,-1,-1
9852,-1,,[],619,,509170420,509170420,509170445,-1,20,1500,-1,-1
9853,-1,,[],619,,509170421,509170421,509170446,-1,21,1600,-1,-1
9854,-1,,[],619,,509170422,509170422,509170447,-1,22,1700,-1,-1
9855,-1,,[],619,,509170423,509170423,509170448,-1,23,1800,-1,-1
9856,-1,,[],619,,509170424,509170424,509170449,-1,24,1900,-1,-1
9857,-1,,[],619,,509170425,509170425,509170450,-1,25,2000,-1,-1
9858,-1,,[],620,,509170701,509170701,-1,-1,1,30,-1,-1
9859,-1,,[],620,,509170702,509170702,-1,-1,2,50,-1,-1
9860,-1,,[],620,,509170703,509170703,-1,-1,3,80,-1,-1
9861,-1,,[],620,,509170704,509170704,-1,-1,4,100,-1,-1
9862,-1,,[],620,,509170705,509170705,-1,-1,5,150,-1,-1
9863,-1,,[],620,,509170706,509170706,-1,-1,6,200,-1,-1
9864,-1,,[],620,,509170707,509170707,-1,-1,7,350,-1,-1
9865,-1,,[],620,,509170708,509170708,-1,-1,8,500,-1,-1
9866,-1,,[],620,,509170709,509170709,-1,-1,9,750,-1,-1
9867,-1,,[],620,,509170710,509170710,-1,-1,10,1000,-1,-1
9868,-1,,[],620,,509170711,509170711,-1,-1,11,2000,-1,-1
9869,-1,,[],620,,509170712,509170712,-1,-1,12,4000,-1,-1
9870,-1,,[],621,,509183007,509183007,-1,-1,1,150,-1,-1
9871,-1,,[],621,,509183008,509183008,-1,-1,2,300,-1,-1
9872,-1,,[],621,,509183009,509183009,-1,-1,3,1000,-1,-1
9873,-1,,[],621,,509183010,509183010,-1,-1,4,3000,-1,-1
9874,-1,,[],621,,509183011,509183011,-1,-1,5,6000,-1,-1
9875,-1,,[],621,,509183012,509183012,-1,-1,5,12000,-1,-1
9876,-1,,[],622,,509180101,509180101,-1,-1,1,10,-1,-1
9877,-1,,[],622,,509180102,509180102,-1,-1,2,15,-1,-1
9878,-1,,[],622,,509180103,509180103,-1,-1,3,20,-1,-1
9879,-1,,[],622,,509180104,509180104,-1,-1,4,25,-1,-1
9880,-1,,[],622,,509180105,509180105,-1,-1,5,30,-1,-1
9881,-1,,[],623,,507108501,507108501,-1,-1,1,200,-1,-1
9882,-1,,[],623,,502206001,502206001,-1,-1,2,500,-1,-1
9883,-1,,[],623,,507108503,507108503,-1,-1,3,1000,-1,-1
9884,-1,,[],623,,507108504,507108504,-1,-1,4,3000,-1,-1
9885,-1,,[],623,,507108505,507108505,-1,-1,5,6000,-1,-1
9886,-1,,[],623,,507108506,507108506,-1,-1,6,12000,-1,8
9887,-1,,[],624,,508274101,508274101,509233030,-1,1,100,-1,-1
9888,-1,,[],624,,508274102,508274102,509233031,-1,2,200,-1,-1
9889,-1,,[],624,,508274103,508274103,509233032,-1,3,400,-1,-1
9890,-1,,[],624,,508274104,508274104,509233033,-1,4,600,-1,-1
9891,-1,,[],624,,508274105,508274105,509233034,-1,5,800,-1,-1
9892,-1,,[],624,,508274106,508274106,509233035,-1,6,1000,-1,-1
9893,-1,,[],624,,508274107,508274107,509233036,-1,7,1200,-1,-1
9894,-1,,[],624,,508274108,508274108,509233037,-1,8,1400,-1,-1
9895,-1,,[],624,,508274109,508274109,509233038,-1,9,1600,-1,-1
9896,-1,,[],624,,508274110,508274110,509233039,-1,10,1800,-1,-1
9897,-1,,[],624,,508274111,508274111,509233040,-1,11,2000,-1,-1
9898,-1,,[],624,,508274112,508274112,509233041,-1,12,2200,-1,-1
9899,-1,,[],624,,508274113,508274113,509233042,-1,13,2400,-1,-1
9900,-1,,[],624,,508274114,508274114,509233043,-1,14,2600,-1,-1
9901,-1,,[],624,,508274115,508274115,509233044,-1,15,2800,-1,-1
9902,-1,,[],624,,508274116,508274116,509233045,-1,16,3000,-1,-1
9903,-1,,[],624,,508274117,508274117,509233046,-1,17,3200,-1,-1
9904,-1,,[],624,,508274118,508274118,509233047,-1,18,3400,-1,-1
9905,-1,,[],624,,508274119,508274119,509233048,-1,19,3600,-1,-1
9906,-1,,[],624,,508274120,508274120,509233049,-1,20,3800,-1,-1
9907,-1,,[],624,,508274121,508274121,509233050,-1,21,4000,-1,-1
9908,-1,,[],624,,508274122,508274122,509233051,-1,22,4200,-1,-1
9909,-1,,[],624,,508274123,508274123,509233052,-1,23,4400,-1,-1
9910,-1,,[],624,,508274124,508274124,509233053,-1,24,4600,-1,-1
9911,-1,,[],624,,508274125,508274125,509233054,-1,25,4800,-1,-1
9912,-1,,[],624,,508274126,508274126,509233055,-1,26,5000,-1,-1
9913,-1,,[],624,,508274127,508274127,509233056,-1,27,5200,-1,-1
9914,-1,,[],624,,508274128,508274128,509233057,-1,28,5400,-1,-1
9915,-1,,[],624,,508274129,508274129,509233058,-1,29,5600,-1,-1
9916,-1,,[],624,,508274130,508274130,509233059,-1,30,5800,-1,-1
9917,-1,,[],625,,509233007,509233007,-1,-1,1,150,-1,-1
9918,-1,,[],625,,509233008,509233008,-1,-1,2,300,-1,-1
9919,-1,,[],625,,509233009,509233009,-1,-1,3,1000,-1,-1
9920,-1,,[],625,,509233010,509233010,-1,-1,4,3000,-1,-1
9921,-1,,[],625,,509233011,509233011,-1,-1,5,6000,-1,-1
9922,-1,,[],626,,508284027,508284027,509234027,-1,1,100,-1,-1
9923,-1,,[],626,,508284028,508284028,509234028,-1,2,200,-1,-1
9924,-1,,[],626,,508284029,508284029,509234029,-1,3,400,-1,-1
9925,-1,,[],626,,508284030,508284030,509234030,-1,4,600,-1,-1
9926,-1,,[],626,,508284031,508284031,509234031,-1,5,800,-1,-1
9927,-1,,[],626,,508284032,508284032,509234032,-1,6,1000,-1,-1
9928,-1,,[],626,,508284033,508284033,509234033,-1,7,1200,-1,-1
9929,-1,,[],626,,508284034,508284034,509234034,-1,8,1400,-1,-1
9930,-1,,[],626,,508284035,508284035,509234035,-1,9,1600,-1,-1
9931,-1,,[],626,,508284036,508284036,509234036,-1,10,1800,-1,-1
9932,-1,,[],626,,508284037,508284037,509234037,-1,11,2000,-1,-1
9933,-1,,[],626,,508284038,508284038,509234038,-1,12,2200,-1,-1
9934,-1,,[],626,,508284039,508284039,509234039,-1,13,2400,-1,-1
9935,-1,,[],626,,508284040,508284040,509234040,-1,14,2600,-1,-1
9936,-1,,[],626,,508284041,508284041,509234041,-1,15,2800,-1,-1
9937,-1,,[],626,,508284042,508284042,509234042,-1,16,3000,-1,-1
9938,-1,,[],626,,508284043,508284043,509234043,-1,17,3200,-1,-1
9939,-1,,[],626,,508284044,508284044,509234044,-1,18,3400,-1,-1
9940,-1,,[],626,,508284045,508284045,509234045,-1,19,3600,-1,-1
9941,-1,,[],626,,508284046,508284046,509234046,-1,20,3800,-1,-1
9942,-1,,[],626,,508284047,508284047,509234047,-1,21,4000,-1,-1
9943,-1,,[],626,,508284048,508284048,509234048,-1,22,4200,-1,-1
9944,-1,,[],626,,508284049,508284049,509234049,-1,23,4400,-1,-1
9945,-1,,[],626,,508284050,508284050,509234050,-1,24,4600,-1,-1
9946,-1,,[],626,,508284051,508284051,509234051,-1,25,4800,-1,-1
9947,-1,,[],626,,508284052,508284052,509234052,-1,26,5000,-1,-1
9948,-1,,[],626,,508284053,508284053,509234053,-1,27,5200,-1,-1
9949,-1,,[],626,,508284054,508284054,509234054,-1,28,5400,-1,-1
9950,-1,,[],626,,508284055,508284055,509234055,-1,29,5600,-1,-1
9951,-1,,[],626,,508284056,508284056,509234056,-1,30,5800,-1,-1
9952,-1,,[],627,,509243007,509243007,-1,-1,1,150,-1,-1
9953,-1,,[],627,,509243008,509243008,-1,-1,2,300,-1,-1
9954,-1,,[],627,,509243009,509243009,-1,-1,3,1000,-1,-1
9955,-1,,[],627,,509243010,509243010,-1,-1,4,3000,-1,-1
9956,-1,,[],627,,509243011,509243011,-1,-1,5,6000,-1,-1
9957,-1,,[],628,,509093061,509093061,509243034,-1,1,100,-1,-1
9958,-1,,[],628,,509093062,509093062,509243035,-1,2,200,-1,-1
9959,-1,,[],628,,509093063,509093063,509243036,-1,3,400,-1,-1
9960,-1,,[],628,,509093064,509093064,509243037,-1,4,600,-1,-1
9961,-1,,[],628,,509093065,509093065,509243038,-1,5,800,-1,-1
9962,-1,,[],628,,509093066,509093066,509243039,-1,6,1000,-1,-1
9963,-1,,[],628,,509093067,509093067,509243040,-1,7,1200,-1,-1
9964,-1,,[],628,,509093068,509093068,509243041,-1,8,1400,-1,-1
9965,-1,,[],628,,509093069,509093069,509243042,-1,9,1600,-1,-1
9966,-1,,[],628,,509093070,509093070,509243043,-1,10,1800,-1,-1
9967,-1,,[],628,,509093071,509093071,509243044,-1,11,2000,-1,-1
9968,-1,,[],628,,509093072,509093072,509243045,-1,12,2200,-1,-1
9969,-1,,[],628,,509093073,509093073,509243046,-1,13,2400,-1,-1
9970,-1,,[],628,,509093074,509093074,509243047,-1,14,2600,-1,-1
9971,-1,,[],628,,509093075,509093075,509243048,-1,15,2800,-1,-1
9972,-1,,[],628,,509093076,509093076,509243049,-1,16,3000,-1,-1
9973,-1,,[],628,,509093077,509093077,509243050,-1,17,3200,-1,-1
9974,-1,,[],628,,509093078,509093078,509243051,-1,18,3400,-1,-1
9975,-1,,[],628,,509093079,509093079,509243052,-1,19,3600,-1,-1
9976,-1,,[],628,,509093080,509093080,509243053,-1,20,3800,-1,-1
9977,-1,,[],628,,509093081,509093081,509243054,-1,21,4000,-1,-1
9978,-1,,[],628,,509093082,509093082,509243055,-1,22,4200,-1,-1
9979,-1,,[],628,,509093083,509093083,509243056,-1,23,4400,-1,-1
9980,-1,,[],628,,509093084,509093084,509243057,-1,24,4600,-1,-1
9981,-1,,[],628,,509093085,509093085,509243058,-1,25,4800,-1,-1
9982,-1,,[],628,,509093086,509093086,509243059,-1,26,5000,-1,-1
9983,-1,,[],628,,509093087,509093087,509243060,-1,27,5200,-1,-1
9984,-1,,[],628,,509093088,509093088,509243061,-1,28,5400,-1,-1
9985,-1,,[],628,,509093089,509093089,509243062,-1,29,5600,-1,-1
9986,-1,,[],628,,509093090,509093090,509243063,-1,30,5800,-1,-1
9987,-1,,[],629,,509244013,509244013,-1,-1,1,10,-1,-1
9988,-1,,[],629,,509244014,509244014,-1,-1,2,30,-1,-1
9989,-1,,[],629,,509244015,509244015,-1,-1,3,100,-1,-1
9990,-1,,[],629,,509244016,509244016,-1,-1,4,200,-1,-1
9991,-1,,[],629,,509244017,509244017,-1,-1,5,400,-1,-1
9992,-1,,[],630,,509244101,509244101,509244131,-1,1,100,-1,-1
9993,-1,,[],630,,509244102,509244102,509244132,-1,2,200,-1,-1
9994,-1,,[],630,,509244103,509244103,509244133,-1,3,400,-1,-1
9995,-1,,[],630,,509244104,509244104,509244134,-1,4,600,-1,-1
9996,-1,,[],630,,509244105,509244105,509244135,-1,5,800,-1,-1
9997,-1,,[],630,,509244106,509244106,509244136,-1,6,1000,-1,-1
9998,-1,,[],630,,509244107,509244107,509244137,-1,7,1200,-1,-1
9999,-1,,[],630,,509244108,509244108,509244138,-1,8,1400,-1,-1
10000,-1,,[],630,,509244109,509244109,509244139,-1,9,1600,-1,-1
10001,-1,,[],630,,509244110,509244110,509244140,-1,10,1800,-1,-1
10002,-1,,[],630,,509244111,509244111,509244141,-1,11,2000,-1,-1
10003,-1,,[],630,,509244112,509244112,509244142,-1,12,2200,-1,-1
10004,-1,,[],630,,509244113,509244113,509244143,-1,13,2400,-1,-1
10005,-1,,[],630,,509244114,509244114,509244144,-1,14,2600,-1,-1
10006,-1,,[],630,,509244115,509244115,509244145,-1,15,2800,-1,-1
10007,-1,,[],630,,509244116,509244116,509244146,-1,16,3000,-1,-1
10008,-1,,[],630,,509244117,509244117,509244147,-1,17,3200,-1,-1
10009,-1,,[],630,,509244118,509244118,509244148,-1,18,3400,-1,-1
10010,-1,,[],630,,509244119,509244119,509244149,-1,19,3600,-1,-1
10011,-1,,[],630,,509244120,509244120,509244150,-1,20,3800,-1,-1
10012,-1,,[],630,,509244121,509244121,509244151,-1,21,4000,-1,-1
10013,-1,,[],630,,509244122,509244122,509244152,-1,22,4200,-1,-1
10014,-1,,[],630,,509244123,509244123,509244153,-1,23,4400,-1,-1
10015,-1,,[],630,,509244124,509244124,509244154,-1,24,4600,-1,-1
10016,-1,,[],630,,509244125,509244125,509244155,-1,25,4800,-1,-1
10017,-1,,[],630,,509244126,509244126,509244156,-1,26,5000,-1,-1
10018,-1,,[],630,,509244127,509244127,509244157,-1,27,5200,-1,-1
10019,-1,,[],630,,509244128,509244128,509244158,-1,28,5400,-1,-1
10020,-1,,[],630,,509244129,509244129,509244159,-1,29,5600,-1,-1
10021,-1,,[],630,,509244130,509244130,509244160,-1,30,5800,-1,-1
10022,-1,,[],631,,509286201,509286201,-1,-1,1,500,-1,-1
10023,-1,,[],631,,509286202,509286202,-1,-1,2,2000,-1,-1
10024,-1,,[],631,,509286203,509286203,-1,-1,3,5000,-1,-1
10025,-1,,[],631,,509286204,509286204,-1,-1,4,7000,-1,-1
10026,-1,,[],631,,509286205,509286205,-1,-1,5,10000,-1,-1
10027,-1,,[],632,,509286301,509286301,-1,-1,1,400,-1,-1
10028,-1,,[],632,,509286302,509286302,-1,-1,2,1000,-1,-1
10029,-1,,[],632,,509286303,509286303,-1,-1,3,3000,-1,-1
10030,-1,,[],632,,509286304,509286304,-1,-1,4,5000,-1,-1
10031,-1,,[],632,,509286305,509286305,-1,-1,5,8000,-1,-1
10032,-1,,[],633,,509286401,509286401,-1,-1,1,300,-1,-1
10033,-1,,[],633,,509286402,509286402,-1,-1,2,1000,-1,-1
10034,-1,,[],633,,509286403,509286403,-1,-1,3,2000,-1,-1
10035,-1,,[],633,,509286404,509286404,-1,-1,4,4000,-1,-1
10036,-1,,[],633,,509286405,509286405,-1,-1,5,6000,-1,-1
10037,-1,,[],634,,509286501,509286501,-1,-1,1,200,-1,-1
10038,-1,,[],634,,509286502,509286502,-1,-1,2,800,-1,-1
10039,-1,,[],634,,509286503,509286503,-1,-1,3,1500,-1,-1
10040,-1,,[],634,,509286504,509286504,-1,-1,4,3000,-1,-1
10041,-1,,[],634,,509286505,509286505,-1,-1,5,5000,-1,-1
10042,-1,,[],635,,509286601,509286601,-1,-1,1,100,-1,-1
10043,-1,,[],635,,509286602,509286602,-1,-1,2,500,-1,-1
10044,-1,,[],635,,509286603,509286603,-1,-1,3,1000,-1,-1
10045,-1,,[],635,,509286604,509286604,-1,-1,4,1500,-1,-1
10046,-1,,[],635,,509286605,509286605,-1,-1,5,2000,-1,-1
10047,-1,,[],636,,509280001,509280001,509280026,-1,1,100,-1,-1
10048,-1,,[],636,,509280002,509280002,509280027,-1,2,150,-1,-1
10049,-1,,[],636,,509280003,509280003,509280028,-1,3,200,-1,-1
10050,-1,,[],636,,509280004,509280004,509280029,-1,4,250,-1,-1
10051,-1,,[],636,,509280005,509280005,509280030,-1,5,300,-1,-1
10052,-1,,[],636,,509280006,509280006,509280031,-1,6,350,-1,-1
10053,-1,,[],636,,509280007,509280007,509280032,-1,7,400,-1,-1
10054,-1,,[],636,,509280008,509280008,509280033,-1,8,450,-1,-1
10055,-1,,[],636,,509280009,509280009,509280034,-1,9,500,-1,-1
10056,-1,,[],636,,509280010,509280010,509280035,-1,10,550,-1,-1
10057,-1,,[],636,,509280011,509280011,509280036,-1,11,600,-1,-1
10058,-1,,[],636,,509280012,509280012,509280037,-1,12,700,-1,-1
10059,-1,,[],636,,509280013,509280013,509280038,-1,13,800,-1,-1
10060,-1,,[],636,,509280014,509280014,509280039,-1,14,900,-1,-1
10061,-1,,[],636,,509280015,509280015,509280040,-1,15,1000,-1,-1
10062,-1,,[],636,,509280016,509280016,509280041,-1,16,1100,-1,-1
10063,-1,,[],636,,509280017,509280017,509280042,-1,17,1200,-1,-1
10064,-1,,[],636,,509280018,509280018,509280043,-1,18,1300,-1,-1
10065,-1,,[],636,,509280019,509280019,509280044,-1,19,1400,-1,-1
10066,-1,,[],636,,509280020,509280020,509280045,-1,20,1500,-1,-1
10067,-1,,[],636,,509280021,509280021,509280046,-1,21,1600,-1,-1
10068,-1,,[],636,,509280022,509280022,509280047,-1,22,1700,-1,-1
10069,-1,,[],636,,509280023,509280023,509280048,-1,23,1800,-1,-1
10070,-1,,[],636,,509280024,509280024,509280049,-1,24,1900,-1,-1
10071,-1,,[],636,,509280025,509280025,509280050,-1,25,2000,-1,-1
10072,-1,,[],637,,509294013,509294013,-1,-1,1,10,-1,-1
10073,-1,,[],637,,509294014,509294014,-1,-1,2,30,-1,-1
10074,-1,,[],637,,509294015,509294015,-1,-1,3,100,-1,-1
10075,-1,,[],637,,509294016,509294016,-1,-1,4,200,-1,-1
10076,-1,,[],637,,509294017,509294017,-1,-1,5,400,-1,-1
10077,-1,,[],637,,509294018,509294018,-1,-1,6,800,-1,-1
10078,-1,,[],638,,509294042,509294042,509294072,-1,1,100,-1,-1
10079,-1,,[],638,,509294043,509294043,509294073,-1,2,200,-1,-1
10080,-1,,[],638,,509294044,509294044,509294074,-1,3,400,-1,-1
10081,-1,,[],638,,509294045,509294045,509294075,-1,4,600,-1,-1
10082,-1,,[],638,,509294046,509294046,509294076,-1,5,800,-1,-1
10083,-1,,[],638,,509294047,509294047,509294077,-1,6,1000,-1,-1
10084,-1,,[],638,,509294048,509294048,509294078,-1,7,1200,-1,-1
10085,-1,,[],638,,509294049,509294049,509294079,-1,8,1400,-1,-1
10086,-1,,[],638,,509294050,509294050,509294080,-1,9,1600,-1,-1
10087,-1,,[],638,,509294051,509294051,509294081,-1,10,1800,-1,-1
10088,-1,,[],638,,509294052,509294052,509294082,-1,11,2000,-1,-1
10089,-1,,[],638,,509294053,509294053,509294083,-1,12,2200,-1,-1
10090,-1,,[],638,,509294054,509294054,509294084,-1,13,2400,-1,-1
10091,-1,,[],638,,509294055,509294055,509294085,-1,14,2600,-1,-1
10092,-1,,[],638,,509294056,509294056,509294086,-1,15,2800,-1,-1
10093,-1,,[],638,,509294057,509294057,509294087,-1,16,3000,-1,-1
10094,-1,,[],638,,509294058,509294058,509294088,-1,17,3200,-1,-1
10095,-1,,[],638,,509294059,509294059,509294089,-1,18,3400,-1,-1
10096,-1,,[],638,,509294060,509294060,509294090,-1,19,3600,-1,-1
10097,-1,,[],638,,509294061,509294061,509294091,-1,20,3800,-1,-1
10098,-1,,[],638,,509294062,509294062,509294092,-1,21,4000,-1,-1
10099,-1,,[],638,,509294063,509294063,509294093,-1,22,4200,-1,-1
10100,-1,,[],638,,509294064,509294064,509294094,-1,23,4400,-1,-1
10101,-1,,[],638,,509294065,509294065,509294095,-1,24,4600,-1,-1
10102,-1,,[],638,,509294066,509294066,509294096,-1,25,4800,-1,-1
10103,-1,,[],638,,509294067,509294067,509294097,-1,26,5000,-1,-1
10104,-1,,[],638,,509294068,509294068,509294098,-1,27,5200,-1,-1
10105,-1,,[],638,,509294069,509294069,509294099,-1,28,5400,-1,-1
10106,-1,,[],638,,509294070,509294070,509294100,-1,29,5600,-1,-1
10107,-1,,[],638,,509294071,509294071,509294101,-1,30,5800,-1,-1
10108,-1,,[],639,,509295007,509295007,-1,-1,1,150,-1,-1
10109,-1,,[],639,,509295008,509295008,-1,-1,2,300,-1,-1
10110,-1,,[],639,,509295009,509295009,-1,-1,3,1000,-1,-1
10111,-1,,[],639,,509295010,509295010,-1,-1,4,3000,-1,-1
10112,-1,,[],639,,509295011,509295011,-1,-1,5,6000,-1,-1
10113,-1,,[],639,,509295012,509295012,-1,-1,5,12000,-1,-1
10114,-1,,[],640,,509306201,509306201,-1,-1,1,10,-1,-1
10115,-1,,[],640,,509306202,509306202,-1,-1,2,20,-1,-1
10116,-1,,[],640,,509306203,509306203,-1,-1,3,40,-1,-1
10117,-1,,[],640,,509306204,509306204,-1,-1,4,80,-1,-1
10118,-1,,[],640,,509306205,509306205,-1,-1,5,200,-1,-1
10119,-1,,[],640,,509306206,509306206,-1,-1,6,400,-1,-1
10120,-1,,[],640,,509306207,509306207,-1,-1,7,800,-1,-1
10121,-1,,[],641,,509303001,509303001,-1,-1,1,20,-1,-1
10122,-1,,[],641,,509303002,509303002,-1,-1,2,80,-1,-1
10123,-1,,[],641,,509303003,509303003,-1,-1,3,300,-1,-1
10124,-1,,[],641,,509303004,509303004,-1,-1,4,600,-1,-1
10125,-1,,[],641,,509303005,509303005,-1,-1,5,1500,-1,-1
10126,-1,,[],641,,509303006,509303006,-1,-1,6,2500,-1,-1
10127,-1,,[],642,,38389,38389,-1,-1,1,50,-1,-1
10128,-1,,[],642,,38390,38390,-1,-1,2,100,-1,-1
10129,-1,,[],642,,38391,38391,-1,-1,3,150,-1,-1
10130,-1,,[],642,,38392,38392,-1,-1,4,200,-1,-1
10131,-1,,[],642,,38393,38393,-1,-1,5,350,-1,-1
10132,-1,,[],642,,38394,38394,-1,-1,6,500,-1,-1
10133,-1,,[],643,,509309101,509309101,509309201,-1,1,100,-1,-1
10134,-1,,[],643,,509309102,509309102,509309202,-1,2,200,-1,-1
10135,-1,,[],643,,509309103,509309103,509309203,-1,3,400,-1,-1
10136,-1,,[],643,,509309104,509309104,509309204,-1,4,600,-1,-1
10137,-1,,[],643,,509309105,509309105,509309205,-1,5,800,-1,-1
10138,-1,,[],643,,509309106,509309106,509309206,-1,6,1000,-1,-1
10139,-1,,[],643,,509309107,509309107,509309207,-1,7,1200,-1,-1
10140,-1,,[],643,,509309108,509309108,509309208,-1,8,1400,-1,-1
10141,-1,,[],643,,509309109,509309109,509309209,-1,9,1600,-1,-1
10142,-1,,[],643,,509309110,509309110,509309210,-1,10,1800,-1,-1
10143,-1,,[],643,,509309111,509309111,509309211,-1,11,2000,-1,-1
10144,-1,,[],643,,509309112,509309112,509309212,-1,12,2200,-1,-1
10145,-1,,[],643,,509309113,509309113,509309213,-1,13,2400,-1,-1
10146,-1,,[],643,,509309114,509309114,509309214,-1,14,2600,-1,-1
10147,-1,,[],643,,509309115,509309115,509309215,-1,15,2800,-1,-1
10148,-1,,[],643,,509309116,509309116,509309216,-1,16,3000,-1,-1
10149,-1,,[],643,,509309117,509309117,509309217,-1,17,3200,-1,-1
10150,-1,,[],643,,509309118,509309118,509309218,-1,18,3400,-1,-1
10151,-1,,[],643,,509309119,509309119,509309219,-1,19,3600,-1,-1
10152,-1,,[],643,,509309120,509309120,509309220,-1,20,3800,-1,-1
10153,-1,,[],643,,509309121,509309121,509309221,-1,21,4000,-1,-1
10154,-1,,[],643,,509309122,509309122,509309222,-1,22,4200,-1,-1
10155,-1,,[],643,,509309123,509309123,509309223,-1,23,4400,-1,-1
10156,-1,,[],643,,509309124,509309124,509309224,-1,24,4600,-1,-1
10157,-1,,[],643,,509309125,509309125,509309225,-1,25,4800,-1,-1
10158,-1,,[],643,,509309126,509309126,509309226,-1,26,5000,-1,-1
10159,-1,,[],643,,509309127,509309127,509309227,-1,27,5200,-1,-1
10160,-1,,[],643,,509309128,509309128,509309228,-1,28,5400,-1,-1
10161,-1,,[],643,,509309129,509309129,509309229,-1,29,5600,-1,-1
10162,-1,,[],643,,509309130,509309130,509309230,-1,30,5800,-1,-1
10163,-1,,[],644,,510093002,510093002,-1,-1,1,2,-1,-1
10164,-1,,[],644,,510093003,510093003,-1,-1,2,6,-1,-1
10165,-1,,[],644,,510093004,510093004,-1,-1,3,10,-1,-1
10166,-1,,[],645,,510114007,510114007,-1,-1,1,150,-1,-1
10167,-1,,[],645,,510114008,510114008,-1,-1,2,300,-1,-1
10168,-1,,[],645,,510114009,510114009,-1,-1,3,1000,-1,-1
10169,-1,,[],645,,510114010,510114010,-1,-1,4,3000,-1,-1
10170,-1,,[],645,,510114011,510114011,-1,-1,5,6000,-1,-1
10171,-1,,[],645,,510114012,510114012,-1,-1,5,12000,-1,-1
10172,-1,,[],646,,510116001,510116001,510116101,-1,1,100,-1,-1
10173,-1,,[],646,,510116002,510116002,510116102,-1,2,200,-1,-1
10174,-1,,[],646,,510116003,510116003,510116103,-1,3,400,-1,-1
10175,-1,,[],646,,510116004,510116004,510116104,-1,4,600,-1,-1
10176,-1,,[],646,,510116005,510116005,510116105,-1,5,800,-1,-1
10177,-1,,[],646,,510116006,510116006,510116106,-1,6,1000,-1,-1
10178,-1,,[],646,,510116007,510116007,510116107,-1,7,1200,-1,-1
10179,-1,,[],646,,510116008,510116008,510116108,-1,8,1400,-1,-1
10180,-1,,[],646,,510116009,510116009,510116109,-1,9,1600,-1,-1
10181,-1,,[],646,,510116010,510116010,510116110,-1,10,1800,-1,-1
10182,-1,,[],646,,510116011,510116011,510116111,-1,11,2000,-1,-1
10183,-1,,[],646,,510116012,510116012,510116112,-1,12,2200,-1,-1
10184,-1,,[],646,,510116013,510116013,510116113,-1,13,2400,-1,-1
10185,-1,,[],646,,510116014,510116014,510116114,-1,14,2600,-1,-1
10186,-1,,[],646,,510116015,510116015,510116115,-1,15,2800,-1,-1
10187,-1,,[],646,,510116016,510116016,510116116,-1,16,3000,-1,-1
10188,-1,,[],646,,510116017,510116017,510116117,-1,17,3200,-1,-1
10189,-1,,[],646,,510116018,510116018,510116118,-1,18,3400,-1,-1
10190,-1,,[],646,,510116019,510116019,510116119,-1,19,3600,-1,-1
10191,-1,,[],646,,510116020,510116020,510116120,-1,20,3800,-1,-1
10192,-1,,[],646,,510116021,510116021,510116121,-1,21,4000,-1,-1
10193,-1,,[],646,,510116022,510116022,510116122,-1,22,4200,-1,-1
10194,-1,,[],646,,510116023,510116023,510116123,-1,23,4400,-1,-1
10195,-1,,[],646,,510116024,510116024,510116124,-1,24,4600,-1,-1
10196,-1,,[],646,,510116025,510116025,510116125,-1,25,4800,-1,-1
10197,-1,,[],646,,510116026,510116026,510116126,-1,26,5000,-1,-1
10198,-1,,[],646,,510116027,510116027,510116127,-1,27,5200,-1,-1
10199,-1,,[],646,,510116028,510116028,510116128,-1,28,5400,-1,-1
10200,-1,,[],646,,510116029,510116029,510116129,-1,29,5600,-1,-1
10201,-1,,[],646,,510116030,510116030,510116130,-1,30,5800,-1,-1
10202,-1,,[],647,,510133001,510133001,510133031,-1,1,100,-1,-1
10203,-1,,[],647,,510133002,510133002,510133032,-1,2,200,-1,-1
10204,-1,,[],647,,510133003,510133003,510133033,-1,3,400,-1,-1
10205,-1,,[],647,,510133004,510133004,510133034,-1,4,600,-1,-1
10206,-1,,[],647,,510133005,510133005,510133035,-1,5,800,-1,-1
10207,-1,,[],647,,510133006,510133006,510133036,-1,6,1000,-1,-1
10208,-1,,[],647,,510133007,510133007,510133037,-1,7,1200,-1,-1
10209,-1,,[],647,,510133008,510133008,510133038,-1,8,1400,-1,-1
10210,-1,,[],647,,510133009,510133009,510133039,-1,9,1600,-1,-1
10211,-1,,[],647,,510133010,510133010,510133040,-1,10,1800,-1,-1
10212,-1,,[],647,,510133011,510133011,510133041,-1,11,2000,-1,-1
10213,-1,,[],647,,510133012,510133012,510133042,-1,12,2200,-1,-1
10214,-1,,[],647,,510133013,510133013,510133043,-1,13,2400,-1,-1
10215,-1,,[],647,,510133014,510133014,510133044,-1,14,2600,-1,-1
10216,-1,,[],647,,510133015,510133015,510133045,-1,15,2800,-1,-1
10217,-1,,[],647,,510133016,510133016,510133046,-1,16,3000,-1,-1
10218,-1,,[],647,,510133017,510133017,510133047,-1,17,3200,-1,-1
10219,-1,,[],647,,510133018,510133018,510133048,-1,18,3400,-1,-1
10220,-1,,[],647,,510133019,510133019,510133049,-1,19,3600,-1,-1
10221,-1,,[],647,,510133020,510133020,510133050,-1,20,3800,-1,-1
10222,-1,,[],647,,510133021,510133021,510133051,-1,21,4000,-1,-1
10223,-1,,[],647,,510133022,510133022,510133052,-1,22,4200,-1,-1
10224,-1,,[],647,,510133023,510133023,510133053,-1,23,4400,-1,-1
10225,-1,,[],647,,510133024,510133024,510133054,-1,24,4600,-1,-1
10226,-1,,[],647,,510133025,510133025,510133055,-1,25,4800,-1,-1
10227,-1,,[],647,,510133026,510133026,510133056,-1,26,5000,-1,-1
10228,-1,,[],647,,510133027,510133027,510133057,-1,27,5200,-1,-1
10229,-1,,[],647,,510133028,510133028,510133058,-1,28,5400,-1,-1
10230,-1,,[],647,,510133029,510133029,510133059,-1,29,5600,-1,-1
10231,-1,,[],647,,510133030,510133030,510133060,-1,30,5800,-1,-1
10232,-1,,[],648,,510167001,510167001,510167101,-1,1,100,-1,-1
10233,-1,,[],648,,510167002,510167002,510167102,-1,2,200,-1,-1
10234,-1,,[],648,,510167003,510167003,510167103,-1,3,400,-1,-1
10235,-1,,[],648,,510167004,510167004,510167104,-1,4,600,-1,-1
10236,-1,,[],648,,510167005,510167005,510167105,-1,5,800,-1,-1
10237,-1,,[],648,,510167006,510167006,510167106,-1,6,1000,-1,-1
10238,-1,,[],648,,510167007,510167007,510167107,-1,7,1200,-1,-1
10239,-1,,[],648,,510167008,510167008,510167108,-1,8,1400,-1,-1
10240,-1,,[],648,,510167009,510167009,510167109,-1,9,1600,-1,-1
10241,-1,,[],648,,510167010,510167010,510167110,-1,10,1800,-1,-1
10242,-1,,[],648,,510167011,510167011,510167111,-1,11,2000,-1,-1
10243,-1,,[],648,,510167012,510167012,510167112,-1,12,2200,-1,-1
10244,-1,,[],648,,510167013,510167013,510167113,-1,13,2400,-1,-1
10245,-1,,[],648,,510167014,510167014,510167114,-1,14,2600,-1,-1
10246,-1,,[],648,,510167015,510167015,510167115,-1,15,2800,-1,-1
10247,-1,,[],648,,510167016,510167016,510167116,-1,16,3000,-1,-1
10248,-1,,[],648,,510167017,510167017,510167117,-1,17,3200,-1,-1
10249,-1,,[],648,,510167018,510167018,510167118,-1,18,3400,-1,-1
10250,-1,,[],648,,510167019,510167019,510167119,-1,19,3600,-1,-1
10251,-1,,[],648,,510167020,510167020,510167120,-1,20,3800,-1,-1
10252,-1,,[],648,,510167021,510167021,510167121,-1,21,4000,-1,-1
10253,-1,,[],648,,510167022,510167022,510167122,-1,22,4200,-1,-1
10254,-1,,[],648,,510167023,510167023,510167123,-1,23,4400,-1,-1
10255,-1,,[],648,,510167024,510167024,510167124,-1,24,4600,-1,-1
10256,-1,,[],648,,510167025,510167025,510167125,-1,25,4800,-1,-1
10257,-1,,[],648,,510167026,510167026,510167126,-1,26,5000,-1,-1
10258,-1,,[],648,,510167027,510167027,510167127,-1,27,5200,-1,-1
10259,-1,,[],648,,510167028,510167028,510167128,-1,28,5400,-1,-1
10260,-1,,[],648,,510167029,510167029,510167129,-1,29,5600,-1,-1
10261,-1,,[],648,,510167030,510167030,510167130,-1,30,5800,-1,-1
10262,-1,,[],649,,510176201,510176201,-1,-1,1,200,-1,-1
10263,-1,,[],649,,510176202,510176202,-1,-1,2,500,-1,-1
10264,-1,,[],649,,510176203,510176203,-1,-1,3,1000,-1,-1
10265,-1,,[],649,,510176204,510176204,-1,-1,4,3000,-1,-1
10266,-1,,[],649,,510176205,510176205,-1,-1,5,6000,-1,-1
10267,-1,,[],649,,510176206,510176206,-1,-1,6,12000,-1,8
10268,-1,,[],650,,510200501,510200501,-1,-1,1,20,-1,-1
10269,-1,,[],650,,510200502,510200502,-1,-1,2,50,-1,-1
10270,-1,,[],650,,510200503,510200503,-1,-1,3,100,-1,-1
10271,-1,,[],650,,510200504,510200504,-1,-1,4,200,-1,-1
10272,-1,,[],650,,510200505,510200505,-1,-1,5,500,-1,-1
10273,-1,,[],650,,510200506,510200506,-1,-1,6,800,-1,-1
10274,-1,,[],650,,510200507,510200507,-1,-1,6,1500,-1,-1
10275,-1,,[],651,,510203023,510203023,-1,-1,1,15,-1,-1
10276,-1,,[],651,,510203024,510203024,-1,-1,2,45,-1,-1
10277,-1,,[],651,,510203025,510203025,-1,-1,3,100,-1,-1
10278,-1,,[],651,,510203026,510203026,-1,-1,4,500,-1,-1
10279,-1,,[],651,,510203027,510203027,-1,-1,5,1000,-1,-1
10280,-1,,[],651,,510203028,510203028,-1,-1,6,1500,-1,-1
10281,-1,,[],652,,510209001,510209001,510209101,-1,1,100,-1,-1
10282,-1,,[],652,,510209002,510209002,510209102,-1,2,200,-1,-1
10283,-1,,[],652,,510209003,510209003,510209103,-1,3,300,-1,-1
10284,-1,,[],652,,510209004,510209004,510209104,-1,4,400,-1,-1
10285,-1,,[],652,,510209005,510209005,510209105,-1,5,500,-1,-1
10286,-1,,[],652,,510209006,510209006,510209106,-1,6,600,-1,-1
10287,-1,,[],652,,510209007,510209007,510209107,-1,7,700,-1,-1
10288,-1,,[],652,,510209008,510209008,510209108,-1,8,800,-1,-1
10289,-1,,[],652,,510209009,510209009,510209109,-1,9,900,-1,-1
10290,-1,,[],652,,510209010,510209010,510209110,-1,10,1000,-1,-1
10291,-1,,[],652,,510209011,510209011,510209111,-1,11,1100,-1,-1
10292,-1,,[],652,,510209012,510209012,510209112,-1,12,1200,-1,-1
10293,-1,,[],652,,510209013,510209013,510209113,-1,13,1300,-1,-1
10294,-1,,[],652,,510209014,510209014,510209114,-1,14,1400,-1,-1
10295,-1,,[],652,,510209015,510209015,510209115,-1,15,1500,-1,-1
10296,-1,,[],652,,510209016,510209016,510209116,-1,16,1600,-1,-1
10297,-1,,[],652,,510209017,510209017,510209117,-1,17,1700,-1,-1
10298,-1,,[],652,,510209018,510209018,510209118,-1,18,1800,-1,-1
10299,-1,,[],652,,510209019,510209019,510209119,-1,19,1900,-1,-1
10300,-1,,[],652,,510209020,510209020,510209120,-1,20,2000,-1,-1
10301,-1,,[],652,,510209021,510209021,510209121,-1,21,2200,-1,-1
10302,-1,,[],652,,510209022,510209022,510209122,-1,22,2400,-1,-1
10303,-1,,[],652,,510209023,510209023,510209123,-1,23,2600,-1,-1
10304,-1,,[],652,,510209024,510209024,510209124,-1,24,2800,-1,-1
10305,-1,,[],652,,510209025,510209025,510209125,-1,25,3000,-1,-1
10306,-1,,[],652,,510209026,510209026,510209126,-1,26,3200,-1,-1
10307,-1,,[],652,,510209027,510209027,510209127,-1,27,3400,-1,-1
10308,-1,,[],652,,510209028,510209028,510209128,-1,28,3600,-1,-1
10309,-1,,[],652,,510209029,510209029,510209129,-1,29,3800,-1,-1
10310,-1,,[],652,,510209030,510209030,510209130,-1,30,4000,-1,-1
10311,-1,,[],653,,510200101,510200101,510200201,510200301,1,100,-1,-1
10312,-1,,[],653,,510200102,510200102,510200202,510200302,2,200,-1,-1
10313,-1,,[],653,,510200103,510200103,510200203,510200303,3,300,-1,-1
10314,-1,,[],653,,510200104,510200104,510200204,510200304,4,400,-1,-1
10315,-1,,[],653,,510200105,510200105,510200205,510200305,5,500,-1,-1
10316,-1,,[],653,,510200106,510200106,510200206,510200306,6,600,-1,-1
10317,-1,,[],653,,510200107,510200107,510200207,510200307,7,700,-1,-1
10318,-1,,[],653,,510200108,510200108,510200208,510200308,8,800,-1,-1
10319,-1,,[],653,,510200109,510200109,510200209,510200309,9,900,-1,-1
10320,-1,,[],653,,510200110,510200110,510200210,510200310,10,1000,-1,-1
10321,-1,,[],653,,510200111,510200111,510200211,510200311,11,1100,-1,-1
10322,-1,,[],653,,510200112,510200112,510200212,510200312,12,1200,-1,-1
10323,-1,,[],653,,510200113,510200113,510200213,510200313,13,1300,-1,-1
10324,-1,,[],653,,510200114,510200114,510200214,510200314,14,1400,-1,-1
10325,-1,,[],653,,510200115,510200115,510200215,510200315,15,1500,-1,-1
10326,-1,,[],653,,510200116,510200116,510200216,510200316,16,1600,-1,-1
10327,-1,,[],653,,510200117,510200117,510200217,510200317,17,1700,-1,-1
10328,-1,,[],653,,510200118,510200118,510200218,510200318,18,1800,-1,-1
10329,-1,,[],653,,510200119,510200119,510200219,510200319,19,1900,-1,-1
10330,-1,,[],653,,510200120,510200120,510200220,510200320,20,2000,-1,-1
10331,-1,,[],653,,510200121,510200121,510200221,510200321,21,2200,-1,-1
10332,-1,,[],653,,510200122,510200122,510200222,510200322,22,2400,-1,-1
10333,-1,,[],653,,510200123,510200123,510200223,510200323,23,2600,-1,-1
10334,-1,,[],653,,510200124,510200124,510200224,510200324,24,2800,-1,-1
10335,-1,,[],653,,510200125,510200125,510200225,510200325,25,3000,-1,-1
10336,-1,,[],654,,510230101,510230101,-1,-1,1,3,-1,-1
10337,-1,,[],654,,510230102,510230102,-1,-1,2,6,-1,-1
10338,-1,,[],654,,510230103,510230103,-1,-1,3,10,-1,-1
10339,-1,,[],655,,510246201,510246201,-1,-1,1,10,-1,-1
10340,-1,,[],655,,510246202,510246202,-1,-1,2,20,-1,-1
10341,-1,,[],655,,510246203,510246203,-1,-1,3,40,-1,-1
10342,-1,,[],655,,510246204,510246204,-1,-1,4,80,-1,-1
10343,-1,,[],655,,510246205,510246205,-1,-1,5,200,-1,-1
10344,-1,,[],655,,510246206,510246206,-1,-1,6,400,-1,-1
10345,-1,,[],655,,510246207,510246207,-1,-1,7,800,-1,-1
10346,-1,,[],656,,510243013,510243013,-1,-1,1,10,-1,-1
10347,-1,,[],656,,510243014,510243014,-1,-1,2,30,-1,-1
10348,-1,,[],656,,510243015,510243015,-1,-1,3,100,-1,-1
10349,-1,,[],656,,510243016,510243016,-1,-1,4,200,-1,-1
10350,-1,,[],656,,510243017,510243017,-1,-1,5,400,-1,-1
10351,-1,,[],656,,510243018,510243018,-1,-1,6,800,-1,-1
10352,-1,,[],657,,505180401,505180401,-1,-1,1,100,-1,-1
10353,-1,,[],657,,505180402,505180402,-1,-1,2,200,-1,-1
10354,-1,,[],657,,505180403,505180403,-1,-1,3,300,-1,-1
10355,-1,,[],657,,505180404,505180404,-1,-1,4,400,-1,-1
10356,-1,,[],657,,505180405,505180405,-1,-1,5,500,-1,-1
10357,-1,,[],657,,505180406,505180406,-1,-1,6,600,-1,-1
10358,-1,,[],657,,505180407,505180407,-1,-1,7,700,-1,-1
10359,-1,,[],657,,505180408,505180408,-1,-1,8,800,-1,-1
10360,-1,,[],657,,505180409,505180409,-1,-1,9,900,-1,-1
10361,-1,,[],657,,505180410,505180410,-1,-1,10,1000,-1,-1
10362,-1,,[],657,,505180411,505180411,-1,-1,11,1100,-1,-1
10363,-1,,[],657,,505180412,505180412,-1,-1,12,1200,-1,-1
10364,-1,,[],657,,505180413,505180413,-1,-1,13,1300,-1,-1
10365,-1,,[],657,,505180414,505180414,-1,-1,14,1400,-1,-1
10366,-1,,[],657,,505180415,505180415,-1,-1,15,1500,-1,-1
10367,-1,,[],657,,505180416,505180416,-1,-1,16,1600,-1,-1
10368,-1,,[],657,,505180417,505180417,-1,-1,17,1700,-1,-1
10369,-1,,[],657,,505180418,505180418,-1,-1,18,1800,-1,-1
10370,-1,,[],657,,505180419,505180419,-1,-1,19,1900,-1,-1
10371,-1,,[],657,,505180420,505180420,-1,-1,20,2000,-1,-1
10372,-1,,[],658,,510303026,510303026,-1,-1,1,50,-1,-1
10373,-1,,[],658,,510303027,510303027,-1,-1,2,100,-1,-1
10374,-1,,[],658,,510303028,510303028,-1,-1,3,200,-1,-1
10375,-1,,[],658,,510303029,510303029,-1,-1,4,500,-1,-1
10376,-1,,[],658,,510303030,510303030,-1,-1,5,1000,-1,-1
10377,-1,,[],658,,510303031,510303031,-1,-1,6,2000,-1,-1
10378,-1,,[],658,,510303032,510303032,-1,-1,7,4000,-1,-1
10379,-1,,[],659,,510305001,510305001,510305101,510305201,1,100,-1,-1
10380,-1,,[],659,,510305002,510305002,510305102,510305202,2,200,-1,-1
10381,-1,,[],659,,510305003,510305003,510305103,510305203,3,300,-1,-1
10382,-1,,[],659,,510305004,510305004,510305104,510305204,4,400,-1,-1
10383,-1,,[],659,,510305005,510305005,510305105,510305205,5,500,-1,-1
10384,-1,,[],659,,510305006,510305006,510305106,510305206,6,600,-1,-1
10385,-1,,[],659,,510305007,510305007,510305107,510305207,7,700,-1,-1
10386,-1,,[],659,,510305008,510305008,510305108,510305208,8,800,-1,-1
10387,-1,,[],659,,510305009,510305009,510305109,510305209,9,900,-1,-1
10388,-1,,[],659,,510305010,510305010,510305110,510305210,10,1000,-1,-1
10389,-1,,[],659,,510305011,510305011,510305111,510305211,11,1100,-1,-1
10390,-1,,[],659,,510305012,510305012,510305112,510305212,12,1200,-1,-1
10391,-1,,[],659,,510305013,510305013,510305113,510305213,13,1300,-1,-1
10392,-1,,[],659,,510305014,510305014,510305114,510305214,14,1400,-1,-1
10393,-1,,[],659,,510305015,510305015,510305115,510305215,15,1500,-1,-1
10394,-1,,[],659,,510305016,510305016,510305116,510305216,16,1600,-1,-1
10395,-1,,[],659,,510305017,510305017,510305117,510305217,17,1700,-1,-1
10396,-1,,[],659,,510305018,510305018,510305118,510305218,18,1800,-1,-1
10397,-1,,[],659,,510305019,510305019,510305119,510305219,19,1900,-1,-1
10398,-1,,[],659,,510305020,510305020,510305120,510305220,20,2000,-1,-1
10399,-1,,[],659,,510305021,510305021,510305121,510305221,21,2100,-1,-1
10400,-1,,[],659,,510305022,510305022,510305122,510305222,22,2200,-1,-1
10401,-1,,[],659,,510305023,510305023,510305123,510305223,23,2300,-1,-1
10402,-1,,[],659,,510305024,510305024,510305124,510305224,24,2400,-1,-1
10403,-1,,[],659,,510305025,510305025,510305125,510305225,25,2500,-1,-1
10404,-1,,[],660,,510314007,510314007,-1,-1,1,150,-1,-1
10405,-1,,[],660,,510314008,510314008,-1,-1,2,300,-1,-1
10406,-1,,[],660,,510314009,510314009,-1,-1,3,1000,-1,-1
10407,-1,,[],660,,510314010,510314010,-1,-1,4,3000,-1,-1
10408,-1,,[],660,,510314011,510314011,-1,-1,5,6000,-1,-1
10409,-1,,[],660,,510314012,510314012,-1,-1,5,12000,-1,-1
10410,-1,,[],661,,510316201,510316201,-1,-1,1,200,-1,-1
10411,-1,,[],661,,510316202,510316202,-1,-1,2,500,-1,-1
10412,-1,,[],661,,510316203,510316203,-1,-1,3,1000,-1,-1
10413,-1,,[],661,,510316204,510316204,-1,-1,4,3000,-1,-1
10414,-1,,[],661,,510316205,510316205,-1,-1,5,6000,-1,-1
10415,-1,,[],661,,510316206,510316206,-1,-1,6,12000,-1,8
10416,-1,,[],662,,511046101,511046101,-1,-1,1,100,-1,-1
10417,-1,,[],662,,511046102,511046102,-1,-1,2,500,-1,-1
10418,-1,,[],662,,511046103,511046103,-1,-1,3,1000,-1,-1
10419,-1,,[],662,,511046104,511046104,-1,-1,4,1500,-1,-1
10420,-1,,[],662,,511046105,511046105,-1,-1,5,2000,-1,-1
10421,-1,,[],663,,511046201,511046201,-1,-1,1,100,-1,-1
10422,-1,,[],663,,511046202,511046202,-1,-1,2,500,-1,-1
10423,-1,,[],663,,511046203,511046203,-1,-1,3,1000,-1,-1
10424,-1,,[],663,,511046204,511046204,-1,-1,4,1500,-1,-1
10425,-1,,[],663,,511046205,511046205,-1,-1,5,2000,-1,-1
10426,-1,,[],664,,511046301,511046301,-1,-1,1,100,-1,-1
10427,-1,,[],664,,511046302,511046302,-1,-1,2,500,-1,-1
10428,-1,,[],664,,511046303,511046303,-1,-1,3,1000,-1,-1
10429,-1,,[],664,,511046304,511046304,-1,-1,4,1500,-1,-1
10430,-1,,[],664,,511046305,511046305,-1,-1,5,2000,-1,-1
10431,-1,,[],665,,511046401,511046401,-1,-1,1,100,-1,-1
10432,-1,,[],665,,511046402,511046402,-1,-1,2,500,-1,-1
10433,-1,,[],665,,511046403,511046403,-1,-1,3,1000,-1,-1
10434,-1,,[],665,,511046404,511046404,-1,-1,4,1500,-1,-1
10435,-1,,[],665,,511046405,511046405,-1,-1,5,2000,-1,-1
10436,-1,,[],666,,511046501,511046501,-1,-1,1,50,-1,-1
10437,-1,,[],666,,511046502,511046502,-1,-1,2,250,-1,-1
10438,-1,,[],666,,511046503,511046503,-1,-1,3,500,-1,-1
10439,-1,,[],666,,511046504,511046504,-1,-1,4,750,-1,-1
10440,-1,,[],666,,511046505,511046505,-1,-1,5,1000,-1,-1
10441,-1,,[],667,,511056101,511056101,-1,-1,1,100,-1,-1
10442,-1,,[],667,,511056102,511056102,-1,-1,2,500,-1,-1
10443,-1,,[],667,,511056103,511056103,-1,-1,3,1000,-1,-1
10444,-1,,[],667,,511056104,511056104,-1,-1,4,1500,-1,-1
10445,-1,,[],667,,511056105,511056105,-1,-1,5,2000,-1,-1
10446,-1,,[],668,,511056201,511056201,-1,-1,1,100,-1,-1
10447,-1,,[],668,,511056202,511056202,-1,-1,2,500,-1,-1
10448,-1,,[],668,,511056203,511056203,-1,-1,3,1000,-1,-1
10449,-1,,[],668,,511056204,511056204,-1,-1,4,1500,-1,-1
10450,-1,,[],668,,511056205,511056205,-1,-1,5,2000,-1,-1
10451,-1,,[],669,,511056301,511056301,-1,-1,1,100,-1,-1
10452,-1,,[],669,,511056302,511056302,-1,-1,2,500,-1,-1
10453,-1,,[],669,,511056303,511056303,-1,-1,3,1000,-1,-1
10454,-1,,[],669,,511056304,511056304,-1,-1,4,1500,-1,-1
10455,-1,,[],669,,511056305,511056305,-1,-1,5,2000,-1,-1
10456,-1,,[],670,,511056401,511056401,-1,-1,1,100,-1,-1
10457,-1,,[],670,,511056402,511056402,-1,-1,2,500,-1,-1
10458,-1,,[],670,,511056403,511056403,-1,-1,3,1000,-1,-1
10459,-1,,[],670,,511056404,511056404,-1,-1,4,1500,-1,-1
10460,-1,,[],670,,511056405,511056405,-1,-1,5,2000,-1,-1
10461,-1,,[],671,,511056501,511056501,-1,-1,1,50,-1,-1
10462,-1,,[],671,,511056502,511056502,-1,-1,2,250,-1,-1
10463,-1,,[],671,,511056503,511056503,-1,-1,3,500,-1,-1
10464,-1,,[],671,,511056504,511056504,-1,-1,4,750,-1,-1
10465,-1,,[],671,,511056505,511056505,-1,-1,5,1000,-1,-1
10466,-1,,[],672,,511057101,511057101,-1,-1,1,100,-1,-1
10467,-1,,[],672,,511057102,511057102,-1,-1,2,500,-1,-1
10468,-1,,[],672,,511057103,511057103,-1,-1,3,1000,-1,-1
10469,-1,,[],672,,511057104,511057104,-1,-1,4,1500,-1,-1
10470,-1,,[],672,,511057105,511057105,-1,-1,5,2000,-1,-1
10471,-1,,[],673,,511057201,511057201,-1,-1,1,100,-1,-1
10472,-1,,[],673,,511057202,511057202,-1,-1,2,500,-1,-1
10473,-1,,[],673,,511057203,511057203,-1,-1,3,1000,-1,-1
10474,-1,,[],673,,511057204,511057204,-1,-1,4,1500,-1,-1
10475,-1,,[],673,,511057205,511057205,-1,-1,5,2000,-1,-1
10476,-1,,[],674,,511057301,511057301,-1,-1,1,100,-1,-1
10477,-1,,[],674,,511057302,511057302,-1,-1,2,500,-1,-1
10478,-1,,[],674,,511057303,511057303,-1,-1,3,1000,-1,-1
10479,-1,,[],674,,511057304,511057304,-1,-1,4,1500,-1,-1
10480,-1,,[],674,,511057305,511057305,-1,-1,5,2000,-1,-1
10481,-1,,[],675,,511057401,511057401,-1,-1,1,100,-1,-1
10482,-1,,[],675,,511057402,511057402,-1,-1,2,500,-1,-1
10483,-1,,[],675,,511057403,511057403,-1,-1,3,1000,-1,-1
10484,-1,,[],675,,511057404,511057404,-1,-1,4,1500,-1,-1
10485,-1,,[],675,,511057405,511057405,-1,-1,5,2000,-1,-1
10486,-1,,[],676,,511057501,511057501,-1,-1,1,50,-1,-1
10487,-1,,[],676,,511057502,511057502,-1,-1,2,250,-1,-1
10488,-1,,[],676,,511057503,511057503,-1,-1,3,500,-1,-1
10489,-1,,[],676,,511057504,511057504,-1,-1,4,750,-1,-1
10490,-1,,[],676,,511057505,511057505,-1,-1,5,1000,-1,-1
10491,-1,,[],677,,511060001,511060001,-1,-1,1,10,-1,-1
10492,-1,,[],677,,511060002,511060002,-1,-1,2,15,-1,-1
10493,-1,,[],677,,511060003,511060003,-1,-1,3,20,-1,-1
10494,-1,,[],677,,511060004,511060004,-1,-1,4,25,-1,-1
10495,-1,,[],677,,511060005,511060005,-1,-1,5,30,-1,-1
10496,-1,,[],678,,511076001,511076001,-1,-1,1,30,-1,-1
10497,-1,,[],678,,511076002,511076002,-1,-1,2,50,-1,-1
10498,-1,,[],678,,511076003,511076003,-1,-1,3,100,-1,-1
10499,-1,,[],678,,511076004,511076004,-1,-1,4,200,-1,-1
10500,-1,,[],678,,511076005,511076005,-1,-1,5,350,-1,-1
10501,-1,,[],678,,511076006,511076006,-1,-1,6,500,-1,-1
10502,-1,,[],678,,511076007,511076007,-1,-1,7,1000,-1,-1
10503,-1,,[],678,,511076008,511076008,-1,-1,8,1500,-1,-1
10504,-1,,[],678,,511076009,511076009,-1,-1,9,2500,-1,-1
10505,-1,,[],678,,511076010,511076010,-1,-1,10,3500,-1,-1
10506,-1,,[],678,,511076011,511076011,-1,-1,11,5000,-1,-1
10507,-1,,[],679,,511076401,511076401,511076501,511076601,1,100,-1,-1
10508,-1,,[],679,,511076402,511076402,511076502,511076602,2,200,-1,-1
10509,-1,,[],679,,511076403,511076403,511076503,511076603,3,300,-1,-1
10510,-1,,[],679,,511076404,511076404,511076504,511076604,4,400,-1,-1
10511,-1,,[],679,,511076405,511076405,511076505,511076605,5,500,-1,-1
10512,-1,,[],679,,511076406,511076406,511076506,511076606,6,600,-1,-1
10513,-1,,[],679,,511076407,511076407,511076507,511076607,7,700,-1,-1
10514,-1,,[],679,,511076408,511076408,511076508,511076608,8,800,-1,-1
10515,-1,,[],679,,511076409,511076409,511076509,511076609,9,900,-1,-1
10516,-1,,[],679,,511076410,511076410,511076510,511076610,10,1000,-1,-1
10517,-1,,[],679,,511076411,511076411,511076511,511076611,11,1100,-1,-1
10518,-1,,[],679,,511076412,511076412,511076512,511076612,12,1200,-1,-1
10519,-1,,[],679,,511076413,511076413,511076513,511076613,13,1300,-1,-1
10520,-1,,[],679,,511076414,511076414,511076514,511076614,14,1400,-1,-1
10521,-1,,[],679,,511076415,511076415,511076515,511076615,15,1500,-1,-1
10522,-1,,[],679,,511076416,511076416,511076516,511076616,16,1600,-1,-1
10523,-1,,[],679,,511076417,511076417,511076517,511076617,17,1700,-1,-1
10524,-1,,[],679,,511076418,511076418,511076518,511076618,18,1800,-1,-1
10525,-1,,[],679,,511076419,511076419,511076519,511076619,19,1900,-1,-1
10526,-1,,[],679,,511076420,511076420,511076520,511076620,20,2000,-1,-1
10527,-1,,[],679,,511076421,511076421,511076521,511076621,21,2100,-1,-1
10528,-1,,[],679,,511076422,511076422,511076522,511076622,22,2200,-1,-1
10529,-1,,[],679,,511076423,511076423,511076523,511076623,23,2300,-1,-1
10530,-1,,[],679,,511076424,511076424,511076524,511076624,24,2400,-1,-1
10531,-1,,[],679,,511076425,511076425,511076525,511076625,25,2500,-1,-1
10532,-1,,[],680,,409241901,409241901,511076901,-1,1,1,-1,-1
10533,-1,,[],680,,409241902,409241902,511076902,-1,2,2,-1,-1
10534,-1,,[],680,,409241903,409241903,511076903,-1,3,3,-1,-1
10535,-1,,[],680,,409241904,409241904,511076904,-1,4,4,-1,-1
10536,-1,,[],680,,409241905,409241905,511076905,-1,5,5,-1,-1
10537,-1,,[],680,,409241906,409241906,511076906,-1,6,6,-1,-1
10538,-1,,[],680,,409241907,409241907,511076907,-1,7,7,-1,-1
10539,-1,,[],681,,39885,39885,-1,-1,1,3,-1,-1
10540,-1,,[],681,,39886,39886,-1,-1,2,9,-1,-1
10541,-1,,[],681,,39887,39887,-1,-1,3,15,-1,-1
10542,-1,,[],682,,511103101,511103101,-1,-1,1,100,-1,-1
10543,-1,,[],682,,511103102,511103102,-1,-1,2,500,-1,-1
10544,-1,,[],682,,511103103,511103103,-1,-1,3,1000,-1,-1
10545,-1,,[],682,,511103104,511103104,-1,-1,4,1500,-1,-1
10546,-1,,[],682,,511103105,511103105,-1,-1,5,2000,-1,-1
10547,-1,,[],683,,511103106,511103106,-1,-1,1,100,-1,-1
10548,-1,,[],683,,511103107,511103107,-1,-1,2,500,-1,-1
10549,-1,,[],683,,511103108,511103108,-1,-1,3,1000,-1,-1
10550,-1,,[],683,,511103109,511103109,-1,-1,4,1500,-1,-1
10551,-1,,[],683,,511103110,511103110,-1,-1,5,2000,-1,-1
10552,-1,,[],684,,511103111,511103111,-1,-1,1,100,-1,-1
10553,-1,,[],684,,511103112,511103112,-1,-1,2,500,-1,-1
10554,-1,,[],684,,511103113,511103113,-1,-1,3,1000,-1,-1
10555,-1,,[],684,,511103114,511103114,-1,-1,4,1500,-1,-1
10556,-1,,[],684,,511103115,511103115,-1,-1,5,2000,-1,-1
10557,-1,,[],685,,511103116,511103116,-1,-1,1,100,-1,-1
10558,-1,,[],685,,511103117,511103117,-1,-1,2,500,-1,-1
10559,-1,,[],685,,511103118,511103118,-1,-1,3,1000,-1,-1
10560,-1,,[],685,,511103119,511103119,-1,-1,4,1500,-1,-1
10561,-1,,[],685,,511103120,511103120,-1,-1,5,2000,-1,-1
10562,-1,,[],686,,511103121,511103121,-1,-1,1,50,-1,-1
10563,-1,,[],686,,511103122,511103122,-1,-1,2,250,-1,-1
10564,-1,,[],686,,511103123,511103123,-1,-1,3,500,-1,-1
10565,-1,,[],686,,511103124,511103124,-1,-1,4,750,-1,-1
10566,-1,,[],686,,511103125,511103125,-1,-1,5,1000,-1,-1
10567,-1,,[],687,,511103301,511103301,-1,-1,1,100,-1,-1
10568,-1,,[],687,,511103302,511103302,-1,-1,2,500,-1,-1
10569,-1,,[],687,,511103303,511103303,-1,-1,3,1000,-1,-1
10570,-1,,[],687,,511103304,511103304,-1,-1,4,1500,-1,-1
10571,-1,,[],687,,511103305,511103305,-1,-1,5,2000,-1,-1
10572,-1,,[],688,,511103306,511103306,-1,-1,1,100,-1,-1
10573,-1,,[],688,,511103307,511103307,-1,-1,2,500,-1,-1
10574,-1,,[],688,,511103308,511103308,-1,-1,3,1000,-1,-1
10575,-1,,[],688,,511103309,511103309,-1,-1,4,1500,-1,-1
10576,-1,,[],688,,511103310,511103310,-1,-1,5,2000,-1,-1
10577,-1,,[],689,,511103311,511103311,-1,-1,1,100,-1,-1
10578,-1,,[],689,,511103312,511103312,-1,-1,2,500,-1,-1
10579,-1,,[],689,,511103313,511103313,-1,-1,3,1000,-1,-1
10580,-1,,[],689,,511103314,511103314,-1,-1,4,1500,-1,-1
10581,-1,,[],689,,511103315,511103315,-1,-1,5,2000,-1,-1
10582,-1,,[],690,,511103316,511103316,-1,-1,1,100,-1,-1
10583,-1,,[],690,,511103317,511103317,-1,-1,2,500,-1,-1
10584,-1,,[],690,,511103318,511103318,-1,-1,3,1000,-1,-1
10585,-1,,[],690,,511103319,511103319,-1,-1,4,1500,-1,-1
10586,-1,,[],690,,511103320,511103320,-1,-1,5,2000,-1,-1
10587,-1,,[],691,,511103321,511103321,-1,-1,1,50,-1,-1
10588,-1,,[],691,,511103322,511103322,-1,-1,2,250,-1,-1
10589,-1,,[],691,,511103323,511103323,-1,-1,3,500,-1,-1
10590,-1,,[],691,,511103324,511103324,-1,-1,4,750,-1,-1
10591,-1,,[],691,,511103325,511103325,-1,-1,5,1000,-1,-1
10592,-1,,[],692,,511104206,511104206,-1,-1,1,100,-1,-1
10593,-1,,[],692,,511104207,511104207,-1,-1,2,500,-1,-1
10594,-1,,[],692,,511104208,511104208,-1,-1,3,1000,-1,-1
10595,-1,,[],692,,511104209,511104209,-1,-1,4,1500,-1,-1
10596,-1,,[],692,,511104210,511104210,-1,-1,5,2000,-1,-1
10597,-1,,[],693,,511104211,511104211,-1,-1,1,100,-1,-1
10598,-1,,[],693,,511104212,511104212,-1,-1,2,500,-1,-1
10599,-1,,[],693,,511104213,511104213,-1,-1,3,1000,-1,-1
10600,-1,,[],693,,511104214,511104214,-1,-1,4,1500,-1,-1
10601,-1,,[],693,,511104215,511104215,-1,-1,5,2000,-1,-1
10602,-1,,[],694,,511104216,511104216,-1,-1,1,100,-1,-1
10603,-1,,[],694,,511104217,511104217,-1,-1,2,500,-1,-1
10604,-1,,[],694,,511104218,511104218,-1,-1,3,1000,-1,-1
10605,-1,,[],694,,511104219,511104219,-1,-1,4,1500,-1,-1
10606,-1,,[],694,,511104220,511104220,-1,-1,5,2000,-1,-1
10607,-1,,[],695,,511104221,511104221,-1,-1,1,100,-1,-1
10608,-1,,[],695,,511104222,511104222,-1,-1,2,500,-1,-1
10609,-1,,[],695,,511104223,511104223,-1,-1,3,1000,-1,-1
10610,-1,,[],695,,511104224,511104224,-1,-1,4,1500,-1,-1
10611,-1,,[],695,,511104225,511104225,-1,-1,5,2000,-1,-1
10612,-1,,[],696,,511104226,511104226,-1,-1,1,50,-1,-1
10613,-1,,[],696,,511104227,511104227,-1,-1,2,250,-1,-1
10614,-1,,[],696,,511104228,511104228,-1,-1,3,500,-1,-1
10615,-1,,[],696,,511104229,511104229,-1,-1,4,750,-1,-1
10616,-1,,[],696,,511104230,511104230,-1,-1,5,1000,-1,-1
10617,-1,,[],697,,511104306,511104306,-1,-1,1,100,-1,-1
10618,-1,,[],697,,511104307,511104307,-1,-1,2,500,-1,-1
10619,-1,,[],697,,511104308,511104308,-1,-1,3,1000,-1,-1
10620,-1,,[],697,,511104309,511104309,-1,-1,4,1500,-1,-1
10621,-1,,[],697,,511104310,511104310,-1,-1,5,2000,-1,-1
10622,-1,,[],698,,511104311,511104311,-1,-1,1,100,-1,-1
10623,-1,,[],698,,511104312,511104312,-1,-1,2,500,-1,-1
10624,-1,,[],698,,511104313,511104313,-1,-1,3,1000,-1,-1
10625,-1,,[],698,,511104314,511104314,-1,-1,4,1500,-1,-1
10626,-1,,[],698,,511104315,511104315,-1,-1,5,2000,-1,-1
10627,-1,,[],699,,511104316,511104316,-1,-1,1,100,-1,-1
10628,-1,,[],699,,511104317,511104317,-1,-1,2,500,-1,-1
10629,-1,,[],699,,511104318,511104318,-1,-1,3,1000,-1,-1
10630,-1,,[],699,,511104319,511104319,-1,-1,4,1500,-1,-1
10631,-1,,[],699,,511104320,511104320,-1,-1,5,2000,-1,-1
10632,-1,,[],700,,511104321,511104321,-1,-1,1,100,-1,-1
10633,-1,,[],700,,511104322,511104322,-1,-1,2,500,-1,-1
10634,-1,,[],700,,511104323,511104323,-1,-1,3,1000,-1,-1
10635,-1,,[],700,,511104324,511104324,-1,-1,4,1500,-1,-1
10636,-1,,[],700,,511104325,511104325,-1,-1,5,2000,-1,-1
10637,-1,,[],701,,511104326,511104326,-1,-1,1,50,-1,-1
10638,-1,,[],701,,511104327,511104327,-1,-1,2,250,-1,-1
10639,-1,,[],701,,511104328,511104328,-1,-1,3,500,-1,-1
10640,-1,,[],701,,511104329,511104329,-1,-1,4,750,-1,-1
10641,-1,,[],701,,511104330,511104330,-1,-1,5,1000,-1,-1
10642,-1,,[],702,,511104406,511104406,-1,-1,1,100,-1,-1
10643,-1,,[],702,,511104407,511104407,-1,-1,2,500,-1,-1
10644,-1,,[],702,,511104408,511104408,-1,-1,3,1000,-1,-1
10645,-1,,[],702,,511104409,511104409,-1,-1,4,1500,-1,-1
10646,-1,,[],702,,511104410,511104410,-1,-1,5,2000,-1,-1
10647,-1,,[],703,,511104411,511104411,-1,-1,1,100,-1,-1
10648,-1,,[],703,,511104412,511104412,-1,-1,2,500,-1,-1
10649,-1,,[],703,,511104413,511104413,-1,-1,3,1000,-1,-1
10650,-1,,[],703,,511104414,511104414,-1,-1,4,1500,-1,-1
10651,-1,,[],703,,511104415,511104415,-1,-1,5,2000,-1,-1
10652,-1,,[],704,,511104416,511104416,-1,-1,1,100,-1,-1
10653,-1,,[],704,,511104417,511104417,-1,-1,2,500,-1,-1
10654,-1,,[],704,,511104418,511104418,-1,-1,3,1000,-1,-1
10655,-1,,[],704,,511104419,511104419,-1,-1,4,1500,-1,-1
10656,-1,,[],704,,511104420,511104420,-1,-1,5,2000,-1,-1
10657,-1,,[],705,,511104421,511104421,-1,-1,1,100,-1,-1
10658,-1,,[],705,,511104422,511104422,-1,-1,2,500,-1,-1
10659,-1,,[],705,,511104423,511104423,-1,-1,3,1000,-1,-1
10660,-1,,[],705,,511104424,511104424,-1,-1,4,1500,-1,-1
10661,-1,,[],705,,511104425,511104425,-1,-1,5,2000,-1,-1
10662,-1,,[],706,,511104426,511104426,-1,-1,1,50,-1,-1
10663,-1,,[],706,,511104427,511104427,-1,-1,2,250,-1,-1
10664,-1,,[],706,,511104428,511104428,-1,-1,3,500,-1,-1
10665,-1,,[],706,,511104429,511104429,-1,-1,4,750,-1,-1
10666,-1,,[],706,,511104430,511104430,-1,-1,5,1000,-1,-1
10667,-1,,[],707,,511104506,511104506,-1,-1,1,100,-1,-1
10668,-1,,[],707,,511104507,511104507,-1,-1,2,500,-1,-1
10669,-1,,[],707,,511104508,511104508,-1,-1,3,1000,-1,-1
10670,-1,,[],707,,511104509,511104509,-1,-1,4,1500,-1,-1
10671,-1,,[],707,,511104510,511104510,-1,-1,5,2000,-1,-1
10672,-1,,[],708,,511104511,511104511,-1,-1,1,100,-1,-1
10673,-1,,[],708,,511104512,511104512,-1,-1,2,500,-1,-1
10674,-1,,[],708,,511104513,511104513,-1,-1,3,1000,-1,-1
10675,-1,,[],708,,511104514,511104514,-1,-1,4,1500,-1,-1
10676,-1,,[],708,,511104515,511104515,-1,-1,5,2000,-1,-1
10677,-1,,[],709,,511104516,511104516,-1,-1,1,100,-1,-1
10678,-1,,[],709,,511104517,511104517,-1,-1,2,500,-1,-1
10679,-1,,[],709,,511104518,511104518,-1,-1,3,1000,-1,-1
10680,-1,,[],709,,511104519,511104519,-1,-1,4,1500,-1,-1
10681,-1,,[],709,,511104520,511104520,-1,-1,5,2000,-1,-1
10682,-1,,[],710,,511104521,511104521,-1,-1,1,100,-1,-1
10683,-1,,[],710,,511104522,511104522,-1,-1,2,500,-1,-1
10684,-1,,[],710,,511104523,511104523,-1,-1,3,1000,-1,-1
10685,-1,,[],710,,511104524,511104524,-1,-1,4,1500,-1,-1
10686,-1,,[],710,,511104525,511104525,-1,-1,5,2000,-1,-1
10687,-1,,[],711,,511104526,511104526,-1,-1,1,50,-1,-1
10688,-1,,[],711,,511104527,511104527,-1,-1,2,250,-1,-1
10689,-1,,[],711,,511104528,511104528,-1,-1,3,500,-1,-1
10690,-1,,[],711,,511104529,511104529,-1,-1,4,750,-1,-1
10691,-1,,[],711,,511104530,511104530,-1,-1,5,1000,-1,-1
10692,-1,,[],712,,511110401,511110401,-1,-1,1,20,-1,-1
10693,-1,,[],712,,511110402,511110402,-1,-1,2,50,-1,-1
10694,-1,,[],712,,511110403,511110403,-1,-1,3,100,-1,-1
10695,-1,,[],712,,511110404,511110404,-1,-1,4,200,-1,-1
10696,-1,,[],712,,511110405,511110405,-1,-1,5,500,-1,-1
10697,-1,,[],712,,511110406,511110406,-1,-1,6,800,-1,-1
10698,-1,,[],712,,511110407,511110407,-1,-1,7,2000,-1,-1
10699,-1,,[],713,,511110901,511110901,511110926,511110951,1,100,-1,-1
10700,-1,,[],713,,511110902,511110902,511110927,511110952,2,200,-1,-1
10701,-1,,[],713,,511110903,511110903,511110928,511110953,3,300,-1,-1
10702,-1,,[],713,,511110904,511110904,511110929,511110954,4,400,-1,-1
10703,-1,,[],713,,511110905,511110905,511110930,511110955,5,500,-1,-1
10704,-1,,[],713,,511110906,511110906,511110931,511110956,6,600,-1,-1
10705,-1,,[],713,,511110907,511110907,511110932,511110957,7,700,-1,-1
10706,-1,,[],713,,511110908,511110908,511110933,511110958,8,800,-1,-1
10707,-1,,[],713,,511110909,511110909,511110934,511110959,9,900,-1,-1
10708,-1,,[],713,,511110910,511110910,511110935,511110960,10,1000,-1,-1
10709,-1,,[],713,,511110911,511110911,511110936,511110961,11,1100,-1,-1
10710,-1,,[],713,,511110912,511110912,511110937,511110962,12,1200,-1,-1
10711,-1,,[],713,,511110913,511110913,511110938,511110963,13,1300,-1,-1
10712,-1,,[],713,,511110914,511110914,511110939,511110964,14,1400,-1,-1
10713,-1,,[],713,,511110915,511110915,511110940,511110965,15,1500,-1,-1
10714,-1,,[],713,,511110916,511110916,511110941,511110966,16,1600,-1,-1
10715,-1,,[],713,,511110917,511110917,511110942,511110967,17,1700,-1,-1
10716,-1,,[],713,,511110918,511110918,511110943,511110968,18,1800,-1,-1
10717,-1,,[],713,,511110919,511110919,511110944,511110969,19,1900,-1,-1
10718,-1,,[],713,,511110920,511110920,511110945,511110970,20,2000,-1,-1
10719,-1,,[],713,,511110921,511110921,511110946,511110971,21,2200,-1,-1
10720,-1,,[],713,,511110922,511110922,511110947,511110972,22,2400,-1,-1
10721,-1,,[],713,,511110923,511110923,511110948,511110973,23,2600,-1,-1
10722,-1,,[],713,,511110924,511110924,511110949,511110974,24,2800,-1,-1
10723,-1,,[],713,,511110925,511110925,511110950,511110975,25,3000,-1,-1
10724,-1,,[],714,,511126101,511126101,-1,-1,1,100,-1,-1
10725,-1,,[],714,,511126102,511126102,-1,-1,2,500,-1,-1
10726,-1,,[],714,,511126103,511126103,-1,-1,3,1000,-1,-1
10727,-1,,[],714,,511126104,511126104,-1,-1,4,1500,-1,-1
10728,-1,,[],714,,511126105,511126105,-1,-1,5,2000,-1,-1
10729,-1,,[],715,,511126201,511126201,-1,-1,1,100,-1,-1
10730,-1,,[],715,,511126202,511126202,-1,-1,2,500,-1,-1
10731,-1,,[],715,,511126203,511126203,-1,-1,3,1000,-1,-1
10732,-1,,[],715,,511126204,511126204,-1,-1,4,1500,-1,-1
10733,-1,,[],715,,511126205,511126205,-1,-1,5,2000,-1,-1
10734,-1,,[],716,,511126301,511126301,-1,-1,1,100,-1,-1
10735,-1,,[],716,,511126302,511126302,-1,-1,2,500,-1,-1
10736,-1,,[],716,,511126303,511126303,-1,-1,3,1000,-1,-1
10737,-1,,[],716,,511126304,511126304,-1,-1,4,1500,-1,-1
10738,-1,,[],716,,511126305,511126305,-1,-1,5,2000,-1,-1
10739,-1,,[],717,,511126401,511126401,-1,-1,1,100,-1,-1
10740,-1,,[],717,,511126402,511126402,-1,-1,2,500,-1,-1
10741,-1,,[],717,,511126403,511126403,-1,-1,3,1000,-1,-1
10742,-1,,[],717,,511126404,511126404,-1,-1,4,1500,-1,-1
10743,-1,,[],717,,511126405,511126405,-1,-1,5,2000,-1,-1
10744,-1,,[],718,,511126501,511126501,-1,-1,1,50,-1,-1
10745,-1,,[],718,,511126502,511126502,-1,-1,2,250,-1,-1
10746,-1,,[],718,,511126503,511126503,-1,-1,3,500,-1,-1
10747,-1,,[],718,,511126504,511126504,-1,-1,4,750,-1,-1
10748,-1,,[],718,,511126505,511126505,-1,-1,5,1000,-1,-1
10749,-1,,[],719,,511127101,511127101,-1,-1,1,100,-1,-1
10750,-1,,[],719,,511127102,511127102,-1,-1,2,500,-1,-1
10751,-1,,[],719,,511127103,511127103,-1,-1,3,1000,-1,-1
10752,-1,,[],719,,511127104,511127104,-1,-1,4,1500,-1,-1
10753,-1,,[],719,,511127105,511127105,-1,-1,5,2000,-1,-1
10754,-1,,[],720,,511127201,511127201,-1,-1,1,100,-1,-1
10755,-1,,[],720,,511127202,511127202,-1,-1,2,500,-1,-1
10756,-1,,[],720,,511127203,511127203,-1,-1,3,1000,-1,-1
10757,-1,,[],720,,511127204,511127204,-1,-1,4,1500,-1,-1
10758,-1,,[],720,,511127205,511127205,-1,-1,5,2000,-1,-1
10759,-1,,[],721,,511127301,511127301,-1,-1,1,100,-1,-1
10760,-1,,[],721,,511127302,511127302,-1,-1,2,500,-1,-1
10761,-1,,[],721,,511127303,511127303,-1,-1,3,1000,-1,-1
10762,-1,,[],721,,511127304,511127304,-1,-1,4,1500,-1,-1
10763,-1,,[],721,,511127305,511127305,-1,-1,5,2000,-1,-1
10764,-1,,[],722,,511127401,511127401,-1,-1,1,100,-1,-1
10765,-1,,[],722,,511127402,511127402,-1,-1,2,500,-1,-1
10766,-1,,[],722,,511127403,511127403,-1,-1,3,1000,-1,-1
10767,-1,,[],722,,511127404,511127404,-1,-1,4,1500,-1,-1
10768,-1,,[],722,,511127405,511127405,-1,-1,5,2000,-1,-1
10769,-1,,[],723,,511127501,511127501,-1,-1,1,50,-1,-1
10770,-1,,[],723,,511127502,511127502,-1,-1,2,250,-1,-1
10771,-1,,[],723,,511127503,511127503,-1,-1,3,500,-1,-1
10772,-1,,[],723,,511127504,511127504,-1,-1,4,750,-1,-1
10773,-1,,[],723,,511127505,511127505,-1,-1,5,1000,-1,-1
10774,-1,,[],724,,511206101,511206101,511206201,-1,1,1,-1,-1
10775,-1,,[],724,,511206102,511206102,511206202,-1,2,2,-1,-1
10776,-1,,[],724,,511206103,511206103,511206203,-1,3,3,-1,-1
10777,-1,,[],724,,511206104,511206104,511206204,-1,4,4,-1,-1
10778,-1,,[],724,,511206105,511206105,511206205,-1,5,5,-1,-1
10779,-1,,[],724,,511206106,511206106,511206206,-1,6,6,-1,-1
10780,-1,,[],724,,511206107,511206107,511206207,-1,7,7,-1,-1
10781,-1,,[],724,,511206108,511206108,511206208,-1,8,8,-1,-1
10782,-1,,[],724,,511206109,511206109,511206209,-1,9,9,-1,-1
10783,-1,,[],724,,511206110,511206110,511206210,-1,10,10,-1,-1
10784,-1,,[],724,,511206111,511206111,511206211,-1,11,11,-1,-1
10785,-1,,[],724,,511206112,511206112,511206212,-1,12,12,-1,-1
10786,-1,,[],724,,511206113,511206113,511206213,-1,13,13,-1,-1
10787,-1,,[],724,,511206114,511206114,511206214,-1,14,14,-1,-1
10788,-1,,[],725,,412165101,412165101,-1,-1,1,100,-1,-1
10789,-1,,[],725,,412165102,412165102,-1,-1,2,1000,-1,-1
10790,-1,,[],725,,412165103,412165103,-1,-1,3,2000,-1,-1
10791,-1,,[],725,,412165104,412165104,-1,-1,4,3000,-1,-1
10792,-1,,[],725,,501181901,501181901,-1,-1,5,4000,-1,-1
10800,-1,,[],726,season_honor_desc_18,39500,39500,-1,-1,1,2000,40,-1
10801,-1,,[],726,season_honor_desc_18,39501,39501,-1,-1,2,5000,220,-1
10802,-1,,[],726,season_honor_desc_18,39502,39502,-1,-1,3,8000,400,-1
10803,-1,,[],726,season_honor_desc_18,39503,39503,-1,-1,4,12000,580,-1
10804,-1,,[],726,season_honor_desc_18,39504,39504,-1,-1,5,16000,760,-1
10805,-1,,[],726,season_honor_desc_18,39505,39505,-1,-1,6,20000,940,-1
10806,-1,,[],726,season_honor_desc_18,39506,39506,-1,-1,7,24000,1120,-1
10807,-1,,[],726,season_honor_desc_18,39507,39507,-1,-1,8,30000,1300,-1
10808,-1,,[],726,season_honor_desc_18,39508,39508,-1,-1,9,36000,1480,-1
10809,-1,,[],726,season_honor_desc_18,39509,39509,-1,-1,10,42000,1660,-1
10810,-1,,[],726,season_honor_desc_18,39510,39510,-1,-1,11,48000,1840,-1
10811,-1,,[],726,season_honor_desc_18,39511,39511,-1,-1,12,54000,2020,-1
10812,-1,,[],726,season_honor_desc_18,39512,39512,-1,-1,13,60000,2200,-1
10813,-1,,[],726,season_honor_desc_18,39513,39513,-1,-1,14,70000,2380,-1
10814,-1,,[],726,season_honor_desc_18,39514,39514,-1,-1,15,80000,2560,-1
10815,-1,,[],726,season_honor_desc_18,39515,39515,-1,-1,16,90000,2740,-1
10816,-1,,[],726,season_honor_desc_18,39516,39516,-1,-1,17,100000,2920,-1
10817,-1,,[],726,season_honor_desc_18,39517,39517,-1,-1,18,120000,3100,-1
10818,-1,,[],726,season_honor_desc_18,39518,39518,-1,-1,19,140000,3280,-1
10819,-1,,[],726,season_honor_desc_18,39519,39519,-1,-1,20,160000,3460,-1
10820,-1,,[],726,season_honor_desc_18,39520,39520,-1,-1,21,180000,3640,-1
10821,-1,,[],726,season_honor_desc_18,39521,39521,-1,-1,22,200000,3820,-1
10822,-1,,[],726,season_honor_desc_18,39522,39522,-1,-1,23,220000,4000,-1
10901,-1,,[],727,season_honor_desc_18,104500,104500,-1,-1,1,2000,40,-1
10902,-1,,[],727,season_honor_desc_18,104501,104501,-1,-1,2,5000,220,-1
10903,-1,,[],727,season_honor_desc_18,104502,104502,-1,-1,3,8000,400,-1
10904,-1,,[],727,season_honor_desc_18,104503,104503,-1,-1,4,12000,580,-1
10905,-1,,[],727,season_honor_desc_18,104504,104504,-1,-1,5,16000,760,-1
10906,-1,,[],727,season_honor_desc_18,104505,104505,-1,-1,6,20000,940,-1
10907,-1,,[],727,season_honor_desc_18,104506,104506,-1,-1,7,24000,1120,-1
10908,-1,,[],727,season_honor_desc_18,104507,104507,-1,-1,8,30000,1300,-1
10909,-1,,[],727,season_honor_desc_18,104508,104508,-1,-1,9,36000,1480,-1
10910,-1,,[],727,season_honor_desc_18,104509,104509,-1,-1,10,42000,1660,-1
10911,-1,,[],727,season_honor_desc_18,104510,104510,-1,-1,11,48000,1840,-1
10912,-1,,[],727,season_honor_desc_18,104511,104511,-1,-1,12,54000,2020,-1
10913,-1,,[],727,season_honor_desc_18,104512,104512,-1,-1,13,60000,2200,-1
10914,-1,,[],727,season_honor_desc_18,104513,104513,-1,-1,14,70000,2380,-1
10915,-1,,[],727,season_honor_desc_18,104514,104514,-1,-1,15,80000,2560,-1
10916,-1,,[],727,season_honor_desc_18,104515,104515,-1,-1,16,90000,2740,-1
10917,-1,,[],727,season_honor_desc_18,104516,104516,-1,-1,17,100000,2920,-1
10918,-1,,[],727,season_honor_desc_18,104517,104517,-1,-1,18,120000,3100,-1
10919,-1,,[],727,season_honor_desc_18,104518,104518,-1,-1,19,140000,3280,-1
10920,-1,,[],727,season_honor_desc_18,104519,104519,-1,-1,20,160000,3460,-1
10921,-1,,[],727,season_honor_desc_18,104520,104520,-1,-1,21,180000,3640,-1
10922,-1,,[],727,season_honor_desc_18,104521,104521,-1,-1,22,200000,3820,-1
10923,-1,,[],727,season_honor_desc_18,104522,104522,-1,-1,23,220000,4000,-1
11001,-1,,[],728,season_honor_desc_18,105500,105500,-1,-1,1,2000,40,-1
11002,-1,,[],728,season_honor_desc_18,105501,105501,-1,-1,2,5000,220,-1
11003,-1,,[],728,season_honor_desc_18,105502,105502,-1,-1,3,8000,400,-1
11004,-1,,[],728,season_honor_desc_18,105503,105503,-1,-1,4,12000,580,-1
11005,-1,,[],728,season_honor_desc_18,105504,105504,-1,-1,5,16000,760,-1
11006,-1,,[],728,season_honor_desc_18,105505,105505,-1,-1,6,20000,940,-1
11007,-1,,[],728,season_honor_desc_18,105506,105506,-1,-1,7,24000,1120,-1
11008,-1,,[],728,season_honor_desc_18,105507,105507,-1,-1,8,30000,1300,-1
11009,-1,,[],728,season_honor_desc_18,105508,105508,-1,-1,9,36000,1480,-1
11010,-1,,[],728,season_honor_desc_18,105509,105509,-1,-1,10,42000,1660,-1
11011,-1,,[],728,season_honor_desc_18,105510,105510,-1,-1,11,48000,1840,-1
11012,-1,,[],728,season_honor_desc_18,105511,105511,-1,-1,12,54000,2020,-1
11013,-1,,[],728,season_honor_desc_18,105512,105512,-1,-1,13,60000,2200,-1
11014,-1,,[],728,season_honor_desc_18,105513,105513,-1,-1,14,70000,2380,-1
11015,-1,,[],728,season_honor_desc_18,105514,105514,-1,-1,15,80000,2560,-1
11016,-1,,[],728,season_honor_desc_18,105515,105515,-1,-1,16,90000,2740,-1
11017,-1,,[],728,season_honor_desc_18,105516,105516,-1,-1,17,100000,2920,-1
11018,-1,,[],728,season_honor_desc_18,105517,105517,-1,-1,18,120000,3100,-1
11019,-1,,[],728,season_honor_desc_18,105518,105518,-1,-1,19,140000,3280,-1
11020,-1,,[],728,season_honor_desc_18,105519,105519,-1,-1,20,160000,3460,-1
11021,-1,,[],728,season_honor_desc_18,105520,105520,-1,-1,21,180000,3640,-1
11022,-1,,[],728,season_honor_desc_18,105521,105521,-1,-1,22,200000,3820,-1
11023,-1,,[],728,season_honor_desc_18,105522,105522,-1,-1,23,220000,4000,-1
11112,-1,,[],730,,412165101,412165101,-1,-1,1,100,-1,-1
11113,-1,,[],730,,412165102,412165102,-1,-1,2,1000,-1,-1
11114,-1,,[],730,,412165103,412165103,-1,-1,3,2000,-1,-1
11115,-1,,[],730,,412165104,412165104,-1,-1,4,3000,-1,-1
11116,-1,,[],730,,501181901,501181901,-1,-1,5,4000,-1,-1
11117,-1,,[],730,,503180101,503180101,-1,-1,6,8000,-1,-1
11118,-1,,[],731,,604018001,604018001,604018031,-1,1,100,-1,-1
11119,-1,,[],731,,604018002,604018002,604018032,-1,2,200,-1,-1
11120,-1,,[],731,,604018003,604018003,604018033,-1,3,400,-1,-1
11121,-1,,[],731,,604018004,604018004,604018034,-1,4,600,-1,-1
11122,-1,,[],731,,604018005,604018005,604018035,-1,5,800,-1,-1
11123,-1,,[],731,,604018006,604018006,604018036,-1,6,1000,-1,-1
11124,-1,,[],731,,604018007,604018007,604018037,-1,7,1200,-1,-1
11125,-1,,[],731,,604018008,604018008,604018038,-1,8,1400,-1,-1
11126,-1,,[],731,,604018009,604018009,604018039,-1,9,1600,-1,-1
11127,-1,,[],731,,604018010,604018010,604018040,-1,10,1800,-1,-1
11128,-1,,[],731,,604018011,604018011,604018041,-1,11,2000,-1,-1
11129,-1,,[],731,,604018012,604018012,604018042,-1,12,2200,-1,-1
11130,-1,,[],731,,604018013,604018013,604018043,-1,13,2400,-1,-1
11131,-1,,[],731,,604018014,604018014,604018044,-1,14,2600,-1,-1
11132,-1,,[],731,,604018015,604018015,604018045,-1,15,2800,-1,-1
11133,-1,,[],731,,604018016,604018016,604018046,-1,16,3000,-1,-1
11134,-1,,[],731,,604018017,604018017,604018047,-1,17,3200,-1,-1
11135,-1,,[],731,,604018018,604018018,604018048,-1,18,3400,-1,-1
11136,-1,,[],731,,604018019,604018019,604018049,-1,19,3600,-1,-1
11137,-1,,[],731,,604018020,604018020,604018050,-1,20,3800,-1,-1
11138,-1,,[],731,,604018021,604018021,604018051,-1,21,4000,-1,-1
11139,-1,,[],731,,604018022,604018022,604018052,-1,22,4200,-1,-1
11140,-1,,[],731,,604018023,604018023,604018053,-1,23,4400,-1,-1
11141,-1,,[],731,,604018024,604018024,604018054,-1,24,4600,-1,-1
11142,-1,,[],731,,604018025,604018025,604018055,-1,25,4800,-1,-1
11143,-1,,[],731,,604018026,604018026,604018056,-1,26,5000,-1,-1
11144,-1,,[],731,,604018027,604018027,604018057,-1,27,5200,-1,-1
11145,-1,,[],731,,604018028,604018028,604018058,-1,28,5400,-1,-1
11146,-1,,[],731,,604018029,604018029,604018059,-1,29,5600,-1,-1
11147,-1,,[],731,,604018030,604018030,604018060,-1,30,5800,-1,-1
11148,-1,,[],732,,512027101,512027101,-1,-1,1,100,-1,-1
11149,-1,,[],732,,512027102,512027102,-1,-1,2,500,-1,-1
11150,-1,,[],732,,512027103,512027103,-1,-1,3,1000,-1,-1
11151,-1,,[],732,,512027104,512027104,-1,-1,4,1500,-1,-1
11152,-1,,[],732,,512027105,512027105,-1,-1,5,2000,-1,-1
11153,-1,,[],733,,512027201,512027201,-1,-1,1,100,-1,-1
11154,-1,,[],733,,512027202,512027202,-1,-1,2,500,-1,-1
11155,-1,,[],733,,512027203,512027203,-1,-1,3,1000,-1,-1
11156,-1,,[],733,,512027204,512027204,-1,-1,4,1500,-1,-1
11157,-1,,[],733,,512027205,512027205,-1,-1,5,2000,-1,-1
11158,-1,,[],734,,512027301,512027301,-1,-1,1,100,-1,-1
11159,-1,,[],734,,512027302,512027302,-1,-1,2,500,-1,-1
11160,-1,,[],734,,512027303,512027303,-1,-1,3,1000,-1,-1
11161,-1,,[],734,,512027304,512027304,-1,-1,4,1500,-1,-1
11162,-1,,[],734,,512027305,512027305,-1,-1,5,2000,-1,-1
11163,-1,,[],735,,512027401,512027401,-1,-1,1,100,-1,-1
11164,-1,,[],735,,512027402,512027402,-1,-1,2,500,-1,-1
11165,-1,,[],735,,512027403,512027403,-1,-1,3,1000,-1,-1
11166,-1,,[],735,,512027404,512027404,-1,-1,4,1500,-1,-1
11167,-1,,[],735,,512027405,512027405,-1,-1,5,2000,-1,-1
11168,-1,,[],736,,512027501,512027501,-1,-1,1,50,-1,-1
11169,-1,,[],736,,512027502,512027502,-1,-1,2,250,-1,-1
11170,-1,,[],736,,512027503,512027503,-1,-1,3,500,-1,-1
11171,-1,,[],736,,512027504,512027504,-1,-1,4,750,-1,-1
11172,-1,,[],736,,512027505,512027505,-1,-1,5,1000,-1,-1
11173,-1,,[],737,,511307101,511307101,-1,-1,1,100,-1,-1
11174,-1,,[],737,,511307102,511307102,-1,-1,2,500,-1,-1
11175,-1,,[],737,,511307103,511307103,-1,-1,3,1000,-1,-1
11176,-1,,[],737,,511307104,511307104,-1,-1,4,1500,-1,-1
11177,-1,,[],737,,511307105,511307105,-1,-1,5,2000,-1,-1
11178,-1,,[],738,,511307201,511307201,-1,-1,1,100,-1,-1
11179,-1,,[],738,,511307202,511307202,-1,-1,2,500,-1,-1
11180,-1,,[],738,,511307203,511307203,-1,-1,3,1000,-1,-1
11181,-1,,[],738,,511307204,511307204,-1,-1,4,1500,-1,-1
11182,-1,,[],738,,511307205,511307205,-1,-1,5,2000,-1,-1
11183,-1,,[],739,,511307301,511307301,-1,-1,1,100,-1,-1
11184,-1,,[],739,,511307302,511307302,-1,-1,2,500,-1,-1
11185,-1,,[],739,,511307303,511307303,-1,-1,3,1000,-1,-1
11186,-1,,[],739,,511307304,511307304,-1,-1,4,1500,-1,-1
11187,-1,,[],739,,511307305,511307305,-1,-1,5,2000,-1,-1
11188,-1,,[],740,,511307401,511307401,-1,-1,1,100,-1,-1
11189,-1,,[],740,,511307402,511307402,-1,-1,2,500,-1,-1
11190,-1,,[],740,,511307403,511307403,-1,-1,3,1000,-1,-1
11191,-1,,[],740,,511307404,511307404,-1,-1,4,1500,-1,-1
11192,-1,,[],740,,511307405,511307405,-1,-1,5,2000,-1,-1
11193,-1,,[],741,,511307501,511307501,-1,-1,1,50,-1,-1
11194,-1,,[],741,,511307502,511307502,-1,-1,2,250,-1,-1
11195,-1,,[],741,,511307503,511307503,-1,-1,3,500,-1,-1
11196,-1,,[],741,,511307504,511307504,-1,-1,4,750,-1,-1
11197,-1,,[],741,,511307505,511307505,-1,-1,5,1000,-1,-1
11200,-1,,[],729,season_honor_desc_18,106500,106500,-1,-1,1,2000,40,-1
11201,-1,,[],729,season_honor_desc_18,106501,106501,-1,-1,2,5000,220,-1
11202,-1,,[],729,season_honor_desc_18,106502,106502,-1,-1,3,8000,400,-1
11203,-1,,[],729,season_honor_desc_18,106503,106503,-1,-1,4,12000,580,-1
11204,-1,,[],729,season_honor_desc_18,106504,106504,-1,-1,5,16000,760,-1
11205,-1,,[],729,season_honor_desc_18,106505,106505,-1,-1,6,20000,940,-1
11206,-1,,[],729,season_honor_desc_18,106506,106506,-1,-1,7,24000,1120,-1
11207,-1,,[],729,season_honor_desc_18,106507,106507,-1,-1,8,30000,1300,-1
11208,-1,,[],729,season_honor_desc_18,106508,106508,-1,-1,9,36000,1480,-1
11209,-1,,[],729,season_honor_desc_18,106509,106509,-1,-1,10,42000,1660,-1
11210,-1,,[],729,season_honor_desc_18,106510,106510,-1,-1,11,48000,1840,-1
11211,-1,,[],729,season_honor_desc_18,106511,106511,-1,-1,12,54000,2020,-1
11212,-1,,[],729,season_honor_desc_18,106512,106512,-1,-1,13,60000,2200,-1
11213,-1,,[],729,season_honor_desc_18,106513,106513,-1,-1,14,70000,2380,-1
11214,-1,,[],729,season_honor_desc_18,106514,106514,-1,-1,15,80000,2560,-1
11215,-1,,[],729,season_honor_desc_18,106515,106515,-1,-1,16,90000,2740,-1
11216,-1,,[],729,season_honor_desc_18,106516,106516,-1,-1,17,100000,2920,-1
11217,-1,,[],729,season_honor_desc_18,106517,106517,-1,-1,18,120000,3100,-1
11218,-1,,[],729,season_honor_desc_18,106518,106518,-1,-1,19,140000,3280,-1
11219,-1,,[],729,season_honor_desc_18,106519,106519,-1,-1,20,160000,3460,-1
11220,-1,,[],729,season_honor_desc_18,106520,106520,-1,-1,21,180000,3640,-1
11221,-1,,[],729,season_honor_desc_18,106521,106521,-1,-1,22,200000,3820,-1
11222,-1,,[],729,season_honor_desc_18,106522,106522,-1,-1,23,220000,4000,-1
11223,-1,,[],742,,512036011,512036011,512036021,-1,1,1,-1,-1
11224,-1,,[],742,,512036012,512036012,512036022,-1,2,2,-1,-1
11225,-1,,[],742,,512036013,512036013,512036023,-1,3,3,-1,-1
11226,-1,,[],742,,512036014,512036014,512036024,-1,4,4,-1,-1
11227,-1,,[],742,,512036015,512036015,512036025,-1,5,5,-1,-1
11228,-1,,[],743,,604018101,604018101,604018131,-1,1,100,-1,-1
11229,-1,,[],743,,604018102,604018102,604018132,-1,2,200,-1,-1
11230,-1,,[],743,,604018103,604018103,604018133,-1,3,400,-1,-1
11231,-1,,[],743,,604018104,604018104,604018134,-1,4,600,-1,-1
11232,-1,,[],743,,604018105,604018105,604018135,-1,5,800,-1,-1
11233,-1,,[],743,,604018106,604018106,604018136,-1,6,1000,-1,-1
11234,-1,,[],743,,604018107,604018107,604018137,-1,7,1200,-1,-1
11235,-1,,[],743,,604018108,604018108,604018138,-1,8,1400,-1,-1
11236,-1,,[],743,,604018109,604018109,604018139,-1,9,1600,-1,-1
11237,-1,,[],743,,604018110,604018110,604018140,-1,10,1800,-1,-1
11238,-1,,[],743,,604018111,604018111,604018141,-1,11,2000,-1,-1
11239,-1,,[],743,,604018112,604018112,604018142,-1,12,2200,-1,-1
11240,-1,,[],743,,604018113,604018113,604018143,-1,13,2400,-1,-1
11241,-1,,[],743,,604018114,604018114,604018144,-1,14,2600,-1,-1
11242,-1,,[],743,,604018115,604018115,604018145,-1,15,2800,-1,-1
11243,-1,,[],743,,604018116,604018116,604018146,-1,16,3000,-1,-1
11244,-1,,[],743,,604018117,604018117,604018147,-1,17,3200,-1,-1
11245,-1,,[],743,,604018118,604018118,604018148,-1,18,3400,-1,-1
11246,-1,,[],743,,604018119,604018119,604018149,-1,19,3600,-1,-1
11247,-1,,[],743,,604018120,604018120,604018150,-1,20,3800,-1,-1
11248,-1,,[],743,,604018121,604018121,604018151,-1,21,4000,-1,-1
11249,-1,,[],743,,604018122,604018122,604018152,-1,22,4200,-1,-1
11250,-1,,[],743,,604018123,604018123,604018153,-1,23,4400,-1,-1
11251,-1,,[],743,,604018124,604018124,604018154,-1,24,4600,-1,-1
11252,-1,,[],743,,604018125,604018125,604018155,-1,25,4800,-1,-1
11253,-1,,[],743,,604018126,604018126,604018156,-1,26,5000,-1,-1
11254,-1,,[],743,,604018127,604018127,604018157,-1,27,5200,-1,-1
11255,-1,,[],743,,604018128,604018128,604018158,-1,28,5400,-1,-1
11256,-1,,[],743,,604018129,604018129,604018159,-1,29,5600,-1,-1
11257,-1,,[],743,,604018130,604018130,604018160,-1,30,5800,-1,-1
11258,-1,,[],744,,512046201,512046201,-1,-1,1,50,-1,-1
11259,-1,,[],744,,512046202,512046202,-1,-1,2,150,-1,-1
11260,-1,,[],744,,512046203,512046203,-1,-1,3,300,-1,-1
11261,-1,,[],744,,512046204,512046204,-1,-1,4,600,-1,-1
11262,-1,,[],744,,512046205,512046205,-1,-1,5,1000,-1,-1
11263,-1,,[],744,,512046207,512046207,-1,-1,6,2000,-1,-1
11264,-1,,[],745,,512046613,512046613,-1,-1,1,10,-1,-1
11265,-1,,[],745,,512046614,512046614,-1,-1,2,30,-1,-1
11266,-1,,[],745,,512046615,512046615,-1,-1,3,100,-1,-1
11267,-1,,[],745,,512046616,512046616,-1,-1,4,200,-1,-1
11268,-1,,[],745,,512046617,512046617,-1,-1,5,400,-1,-1
11269,-1,,[],745,,512046618,512046618,-1,-1,6,800,-1,-1
11270,-1,,[],746,,512080001,512080001,512080101,-1,1,100,-1,-1
11271,-1,,[],746,,512080002,512080002,512080102,-1,2,150,-1,-1
11272,-1,,[],746,,512080003,512080003,512080103,-1,3,200,-1,-1
11273,-1,,[],746,,512080004,512080004,512080104,-1,4,250,-1,-1
11274,-1,,[],746,,512080005,512080005,512080105,-1,5,300,-1,-1
11275,-1,,[],746,,512080006,512080006,512080106,-1,6,350,-1,-1
11276,-1,,[],746,,512080007,512080007,512080107,-1,7,400,-1,-1
11277,-1,,[],746,,512080008,512080008,512080108,-1,8,450,-1,-1
11278,-1,,[],746,,512080009,512080009,512080109,-1,9,500,-1,-1
11279,-1,,[],746,,512080010,512080010,512080110,-1,10,550,-1,-1
11280,-1,,[],746,,512080011,512080011,512080111,-1,11,600,-1,-1
11281,-1,,[],746,,512080012,512080012,512080112,-1,12,700,-1,-1
11282,-1,,[],746,,512080013,512080013,512080113,-1,13,800,-1,-1
11283,-1,,[],746,,512080014,512080014,512080114,-1,14,900,-1,-1
11284,-1,,[],746,,512080015,512080015,512080115,-1,15,1000,-1,-1
11285,-1,,[],746,,512080016,512080016,512080116,-1,16,1100,-1,-1
11286,-1,,[],746,,512080017,512080017,512080117,-1,17,1200,-1,-1
11287,-1,,[],746,,512080018,512080018,512080118,-1,18,1300,-1,-1
11288,-1,,[],746,,512080019,512080019,512080119,-1,19,1400,-1,-1
11289,-1,,[],746,,512080020,512080020,512080120,-1,20,1500,-1,-1
11290,-1,,[],746,,512080021,512080021,512080121,-1,21,1600,-1,-1
11291,-1,,[],746,,512080022,512080022,512080122,-1,22,1700,-1,-1
11292,-1,,[],746,,512080023,512080023,512080123,-1,23,1800,-1,-1
11293,-1,,[],746,,512080024,512080024,512080124,-1,24,1900,-1,-1
11294,-1,,[],746,,512080025,512080025,512080125,-1,25,2000,-1,-1
11295,-1,,[],747,,512081801,512081801,-1,-1,1,50,-1,-1
11296,-1,,[],747,,512081802,512081802,-1,-1,2,100,-1,-1
11297,-1,,[],747,,512081803,512081803,-1,-1,3,200,-1,-1
11298,-1,,[],747,,512081804,512081804,-1,-1,4,500,-1,-1
11299,-1,,[],747,,512081805,512081805,-1,-1,5,1000,-1,-1
11300,-1,,[],747,,512081806,512081806,-1,-1,6,2000,-1,-1
11301,-1,,[],747,,512081807,512081807,-1,-1,6,4000,-1,-1
11302,-1,,[],748,,512113301,512113301,-1,-1,1,500,-1,-1
11303,-1,,[],748,,512113302,512113302,-1,-1,2,1000,-1,-1
11304,-1,,[],748,,512113303,512113303,-1,-1,3,2500,-1,-1
11305,-1,,[],748,,512113304,512113304,-1,-1,4,5000,-1,-1
11306,-1,,[],748,,512113305,512113305,-1,-1,5,15000,-1,-1
11307,-1,,[],748,,512113306,512113306,-1,-1,6,40000,-1,-1
11308,-1,,[],748,,512113307,512113307,-1,-1,7,120000,-1,-1
11309,-1,,[],749,,512114101,512114101,-1,-1,1,500,-1,-1
11310,-1,,[],749,,512114102,512114102,-1,-1,2,1000,-1,-1
11311,-1,,[],749,,512114103,512114103,-1,-1,3,2500,-1,-1
11312,-1,,[],749,,512114104,512114104,-1,-1,4,5000,-1,-1
11313,-1,,[],749,,512114105,512114105,-1,-1,5,15000,-1,-1
11314,-1,,[],749,,512114106,512114106,-1,-1,6,40000,-1,-1
11315,-1,,[],749,,512114107,512114107,-1,-1,7,120000,-1,-1
11316,-1,,[],750,fog_explore_key33,46000,46000,-1,-1,1,500,10,-1
11317,-1,,[],750,fog_explore_key33,46001,46001,-1,-1,2,1000,20,-1
11318,-1,,[],750,fog_explore_key33,46002,46002,-1,-1,3,1500,30,-1
11319,-1,,[],750,fog_explore_key33,46003,46003,-1,-1,4,2000,40,-1
11320,-1,,[],750,fog_explore_key33,46004,46004,-1,-1,5,3000,50,-1
11321,-1,,[],750,fog_explore_key33,46005,46005,-1,-1,6,4000,60,-1
11322,-1,,[],750,fog_explore_key33,46006,46006,-1,-1,7,5000,70,-1
11323,-1,,[],751,,512123006,512123006,-1,-1,1,100,-1,-1
11324,-1,,[],751,,512123007,512123007,-1,-1,2,500,-1,-1
11325,-1,,[],751,,512123008,512123008,-1,-1,3,1000,-1,-1
11326,-1,,[],751,,512123009,512123009,-1,-1,4,1500,-1,-1
11327,-1,,[],751,,512123010,512123010,-1,-1,5,2000,-1,-1
11328,-1,,[],752,,512123011,512123011,-1,-1,1,100,-1,-1
11329,-1,,[],752,,512123012,512123012,-1,-1,2,500,-1,-1
11330,-1,,[],752,,512123013,512123013,-1,-1,3,1000,-1,-1
11331,-1,,[],752,,512123014,512123014,-1,-1,4,1500,-1,-1
11332,-1,,[],752,,512123015,512123015,-1,-1,5,2000,-1,-1
11333,-1,,[],753,,512123016,512123016,-1,-1,1,100,-1,-1
11334,-1,,[],753,,512123017,512123017,-1,-1,2,500,-1,-1
11335,-1,,[],753,,512123018,512123018,-1,-1,3,1000,-1,-1
11336,-1,,[],753,,512123019,512123019,-1,-1,4,1500,-1,-1
11337,-1,,[],753,,512123020,512123020,-1,-1,5,2000,-1,-1
11338,-1,,[],754,,512123021,512123021,-1,-1,1,100,-1,-1
11339,-1,,[],754,,512123022,512123022,-1,-1,2,500,-1,-1
11340,-1,,[],754,,512123023,512123023,-1,-1,3,1000,-1,-1
11341,-1,,[],754,,512123024,512123024,-1,-1,4,1500,-1,-1
11342,-1,,[],754,,512123025,512123025,-1,-1,5,2000,-1,-1
11343,-1,,[],755,,512123026,512123026,-1,-1,1,50,-1,-1
11344,-1,,[],755,,512123027,512123027,-1,-1,2,250,-1,-1
11345,-1,,[],755,,512123028,512123028,-1,-1,3,500,-1,-1
11346,-1,,[],755,,512123029,512123029,-1,-1,4,750,-1,-1
11347,-1,,[],755,,512123030,512123030,-1,-1,5,1000,-1,-1
11348,-1,,[],756,,512123106,512123106,-1,-1,1,100,-1,-1
11349,-1,,[],756,,512123107,512123107,-1,-1,2,500,-1,-1
11350,-1,,[],756,,512123108,512123108,-1,-1,3,1000,-1,-1
11351,-1,,[],756,,512123109,512123109,-1,-1,4,1500,-1,-1
11352,-1,,[],756,,512123110,512123110,-1,-1,5,2000,-1,-1
11353,-1,,[],757,,512123111,512123111,-1,-1,1,100,-1,-1
11354,-1,,[],757,,512123112,512123112,-1,-1,2,500,-1,-1
11355,-1,,[],757,,512123113,512123113,-1,-1,3,1000,-1,-1
11356,-1,,[],757,,512123114,512123114,-1,-1,4,1500,-1,-1
11357,-1,,[],757,,512123115,512123115,-1,-1,5,2000,-1,-1
11358,-1,,[],758,,512123116,512123116,-1,-1,1,100,-1,-1
11359,-1,,[],758,,512123117,512123117,-1,-1,2,500,-1,-1
11360,-1,,[],758,,512123118,512123118,-1,-1,3,1000,-1,-1
11361,-1,,[],758,,512123119,512123119,-1,-1,4,1500,-1,-1
11362,-1,,[],758,,512123120,512123120,-1,-1,5,2000,-1,-1
11363,-1,,[],759,,512123121,512123121,-1,-1,1,100,-1,-1
11364,-1,,[],759,,512123122,512123122,-1,-1,2,500,-1,-1
11365,-1,,[],759,,512123123,512123123,-1,-1,3,1000,-1,-1
11366,-1,,[],759,,512123124,512123124,-1,-1,4,1500,-1,-1
11367,-1,,[],759,,512123125,512123125,-1,-1,5,2000,-1,-1
11368,-1,,[],760,,512123126,512123126,-1,-1,1,50,-1,-1
11369,-1,,[],760,,512123127,512123127,-1,-1,2,250,-1,-1
11370,-1,,[],760,,512123128,512123128,-1,-1,3,500,-1,-1
11371,-1,,[],760,,512123129,512123129,-1,-1,4,750,-1,-1
11372,-1,,[],760,,512123130,512123130,-1,-1,5,1000,-1,-1
11373,-1,,[],761,,604018201,604018201,604018231,-1,1,100,-1,-1
11374,-1,,[],761,,604018202,604018202,604018232,-1,2,200,-1,-1
11375,-1,,[],761,,604018203,604018203,604018233,-1,3,400,-1,-1
11376,-1,,[],761,,604018204,604018204,604018234,-1,4,600,-1,-1
11377,-1,,[],761,,604018205,604018205,604018235,-1,5,800,-1,-1
11378,-1,,[],761,,604018206,604018206,604018236,-1,6,1000,-1,-1
11379,-1,,[],761,,604018207,604018207,604018237,-1,7,1200,-1,-1
11380,-1,,[],761,,604018208,604018208,604018238,-1,8,1400,-1,-1
11381,-1,,[],761,,604018209,604018209,604018239,-1,9,1600,-1,-1
11382,-1,,[],761,,604018210,604018210,604018240,-1,10,1800,-1,-1
11383,-1,,[],761,,604018211,604018211,604018241,-1,11,2000,-1,-1
11384,-1,,[],761,,604018212,604018212,604018242,-1,12,2200,-1,-1
11385,-1,,[],761,,604018213,604018213,604018243,-1,13,2400,-1,-1
11386,-1,,[],761,,604018214,604018214,604018244,-1,14,2600,-1,-1
11387,-1,,[],761,,604018215,604018215,604018245,-1,15,2800,-1,-1
11388,-1,,[],761,,604018216,604018216,604018246,-1,16,3000,-1,-1
11389,-1,,[],761,,604018217,604018217,604018247,-1,17,3200,-1,-1
11390,-1,,[],761,,604018218,604018218,604018248,-1,18,3400,-1,-1
11391,-1,,[],761,,604018219,604018219,604018249,-1,19,3600,-1,-1
11392,-1,,[],761,,604018220,604018220,604018250,-1,20,3800,-1,-1
11393,-1,,[],761,,604018221,604018221,604018251,-1,21,4000,-1,-1
11394,-1,,[],761,,604018222,604018222,604018252,-1,22,4200,-1,-1
11395,-1,,[],761,,604018223,604018223,604018253,-1,23,4400,-1,-1
11396,-1,,[],761,,604018224,604018224,604018254,-1,24,4600,-1,-1
11397,-1,,[],761,,604018225,604018225,604018255,-1,25,4800,-1,-1
11398,-1,,[],761,,604018226,604018226,604018256,-1,26,5000,-1,-1
11399,-1,,[],761,,604018227,604018227,604018257,-1,27,5200,-1,-1
11400,-1,,[],761,,604018228,604018228,604018258,-1,28,5400,-1,-1
11401,-1,,[],761,,604018229,604018229,604018259,-1,29,5600,-1,-1
11402,-1,,[],761,,604018230,604018230,604018260,-1,30,5800,-1,-1
11403,-1,,[],762,,512140001,512140001,512140026,512140051,1,100,-1,-1
11404,-1,,[],762,,512140002,512140002,512140027,512140052,2,150,-1,-1
11405,-1,,[],762,,512140003,512140003,512140028,512140053,3,200,-1,-1
11406,-1,,[],762,,512140004,512140004,512140029,512140054,4,250,-1,-1
11407,-1,,[],762,,512140005,512140005,512140030,512140055,5,300,-1,-1
11408,-1,,[],762,,512140006,512140006,512140031,512140056,6,350,-1,-1
11409,-1,,[],762,,512140007,512140007,512140032,512140057,7,400,-1,-1
11410,-1,,[],762,,512140008,512140008,512140033,512140058,8,450,-1,-1
11411,-1,,[],762,,512140009,512140009,512140034,512140059,9,500,-1,-1
11412,-1,,[],762,,512140010,512140010,512140035,512140060,10,550,-1,-1
11413,-1,,[],762,,512140011,512140011,512140036,512140061,11,600,-1,-1
11414,-1,,[],762,,512140012,512140012,512140037,512140062,12,700,-1,-1
11415,-1,,[],762,,512140013,512140013,512140038,512140063,13,800,-1,-1
11416,-1,,[],762,,512140014,512140014,512140039,512140064,14,900,-1,-1
11417,-1,,[],762,,512140015,512140015,512140040,512140065,15,1000,-1,-1
11418,-1,,[],762,,512140016,512140016,512140041,512140066,16,1100,-1,-1
11419,-1,,[],762,,512140017,512140017,512140042,512140067,17,1200,-1,-1
11420,-1,,[],762,,512140018,512140018,512140043,512140068,18,1300,-1,-1
11421,-1,,[],762,,512140019,512140019,512140044,512140069,19,1400,-1,-1
11422,-1,,[],762,,512140020,512140020,512140045,512140070,20,1500,-1,-1
11423,-1,,[],762,,512140021,512140021,512140046,512140071,21,1600,-1,-1
11424,-1,,[],762,,512140022,512140022,512140047,512140072,22,1700,-1,-1
11425,-1,,[],762,,512140023,512140023,512140048,512140073,23,1800,-1,-1
11426,-1,,[],762,,512140024,512140024,512140049,512140074,24,1900,-1,-1
11427,-1,,[],762,,512140025,512140025,512140050,512140075,25,2000,-1,-1
11428,-1,,[],763,,512140220,512140220,-1,-1,1,20,-1,-1
11429,-1,,[],763,,512140221,512140221,-1,-1,2,50,-1,-1
11430,-1,,[],763,,512140222,512140222,-1,-1,3,100,-1,-1
11431,-1,,[],763,,512140223,512140223,-1,-1,4,200,-1,-1
11432,-1,,[],763,,512140224,512140224,-1,-1,5,500,-1,-1
11433,-1,,[],763,,512140225,512140225,-1,-1,6,800,-1,-1
11434,-1,,[],763,,512140226,512140226,-1,-1,6,2000,-1,-1
11435,-1,,[],764,,512166106,512166106,-1,-1,1,100,-1,-1
11436,-1,,[],764,,512166107,512166107,-1,-1,2,500,-1,-1
11437,-1,,[],764,,512166108,512166108,-1,-1,3,1000,-1,-1
11438,-1,,[],764,,512166109,512166109,-1,-1,4,1500,-1,-1
11439,-1,,[],764,,512166110,512166110,-1,-1,5,2000,-1,-1
11440,-1,,[],765,,512166111,512166111,-1,-1,1,100,-1,-1
11441,-1,,[],765,,512166112,512166112,-1,-1,2,500,-1,-1
11442,-1,,[],765,,512166113,512166113,-1,-1,3,1000,-1,-1
11443,-1,,[],765,,512166114,512166114,-1,-1,4,1500,-1,-1
11444,-1,,[],765,,512166115,512166115,-1,-1,5,2000,-1,-1
11445,-1,,[],766,,512166116,512166116,-1,-1,1,100,-1,-1
11446,-1,,[],766,,512166117,512166117,-1,-1,2,500,-1,-1
11447,-1,,[],766,,512166118,512166118,-1,-1,3,1000,-1,-1
11448,-1,,[],766,,512166119,512166119,-1,-1,4,1500,-1,-1
11449,-1,,[],766,,512166120,512166120,-1,-1,5,2000,-1,-1
11450,-1,,[],767,,512166121,512166121,-1,-1,1,100,-1,-1
11451,-1,,[],767,,512166122,512166122,-1,-1,2,500,-1,-1
11452,-1,,[],767,,512166123,512166123,-1,-1,3,1000,-1,-1
11453,-1,,[],767,,512166124,512166124,-1,-1,4,1500,-1,-1
11454,-1,,[],767,,512166125,512166125,-1,-1,5,2000,-1,-1
11455,-1,,[],768,,512166126,512166126,-1,-1,1,50,-1,-1
11456,-1,,[],768,,512166127,512166127,-1,-1,2,250,-1,-1
11457,-1,,[],768,,512166128,512166128,-1,-1,3,500,-1,-1
11458,-1,,[],768,,512166129,512166129,-1,-1,4,750,-1,-1
11459,-1,,[],768,,512166130,512166130,-1,-1,5,1000,-1,-1
11460,-1,,[],769,,512166206,512166206,-1,-1,1,100,-1,-1
11461,-1,,[],769,,512166207,512166207,-1,-1,2,500,-1,-1
11462,-1,,[],769,,512166208,512166208,-1,-1,3,1000,-1,-1
11463,-1,,[],769,,512166209,512166209,-1,-1,4,1500,-1,-1
11464,-1,,[],769,,512166210,512166210,-1,-1,5,2000,-1,-1
11465,-1,,[],770,,512166211,512166211,-1,-1,1,100,-1,-1
11466,-1,,[],770,,512166212,512166212,-1,-1,2,500,-1,-1
11467,-1,,[],770,,512166213,512166213,-1,-1,3,1000,-1,-1
11468,-1,,[],770,,512166214,512166214,-1,-1,4,1500,-1,-1
11469,-1,,[],770,,512166215,512166215,-1,-1,5,2000,-1,-1
11470,-1,,[],771,,512166216,512166216,-1,-1,1,100,-1,-1
11471,-1,,[],771,,512166217,512166217,-1,-1,2,500,-1,-1
11472,-1,,[],771,,512166218,512166218,-1,-1,3,1000,-1,-1
11473,-1,,[],771,,512166219,512166219,-1,-1,4,1500,-1,-1
11474,-1,,[],771,,512166220,512166220,-1,-1,5,2000,-1,-1
11475,-1,,[],772,,512166221,512166221,-1,-1,1,100,-1,-1
11476,-1,,[],772,,512166222,512166222,-1,-1,2,500,-1,-1
11477,-1,,[],772,,512166223,512166223,-1,-1,3,1000,-1,-1
11478,-1,,[],772,,512166224,512166224,-1,-1,4,1500,-1,-1
11479,-1,,[],772,,512166225,512166225,-1,-1,5,2000,-1,-1
11480,-1,,[],773,,512166226,512166226,-1,-1,1,50,-1,-1
11481,-1,,[],773,,512166227,512166227,-1,-1,2,250,-1,-1
11482,-1,,[],773,,512166228,512166228,-1,-1,3,500,-1,-1
11483,-1,,[],773,,512166229,512166229,-1,-1,4,750,-1,-1
11484,-1,,[],773,,512166230,512166230,-1,-1,5,1000,-1,-1
11485,-1,,[],774,,512156101,512156101,512156201,-1,1,1,-1,-1
11486,-1,,[],774,,512156102,512156102,512156202,-1,2,2,-1,-1
11487,-1,,[],774,,512156103,512156103,512156203,-1,3,3,-1,-1
11488,-1,,[],774,,512156104,512156104,512156204,-1,4,4,-1,-1
11489,-1,,[],774,,512156105,512156105,512156205,-1,5,5,-1,-1
11490,-1,,[],774,,512156106,512156106,512156206,-1,6,6,-1,-1
11491,-1,,[],774,,512156107,512156107,512156207,-1,7,7,-1,-1
11492,-1,,[],774,,512156108,512156108,512156208,-1,8,8,-1,-1
11493,-1,,[],774,,512156109,512156109,512156209,-1,9,9,-1,-1
11494,-1,,[],774,,512156110,512156110,512156210,-1,10,10,-1,-1
11495,-1,,[],774,,512156111,512156111,512156211,-1,11,11,-1,-1
11496,-1,,[],774,,512156112,512156112,512156212,-1,12,12,-1,-1
11497,-1,,[],774,,512156113,512156113,512156213,-1,13,13,-1,-1
11498,-1,,[],774,,512156114,512156114,512156214,-1,14,14,-1,-1
11499,-1,,[],775,,512156301,512156301,-1,-1,1,10,-1,-1
11500,-1,,[],775,,512156302,512156302,-1,-1,2,30,-1,-1
11501,-1,,[],775,,512156303,512156303,-1,-1,3,100,-1,-1
11502,-1,,[],775,,512156304,512156304,-1,-1,4,200,-1,-1
11503,-1,,[],775,,512156305,512156305,-1,-1,5,400,-1,-1
11504,-1,,[],775,,512156306,512156306,-1,-1,6,800,-1,-1
11505,-1,,[],776,,512164101,512164101,512164106,-1,1,1,-1,-1
11506,-1,,[],776,,512164102,512164102,512164107,-1,2,2,-1,-1
11507,-1,,[],776,,512164103,512164103,512164108,-1,3,3,-1,-1
11508,-1,,[],776,,512164104,512164104,512164109,-1,4,4,-1,-1
11509,-1,,[],776,,512164105,512164105,512164110,-1,5,5,-1,-1
11510,-1,,[],777,,512160301,512160301,-1,-1,1,100,-1,-1
11511,-1,,[],777,,512160302,512160302,-1,-1,2,300,-1,-1
11512,-1,,[],777,,512160303,512160303,-1,-1,3,500,-1,-1
11513,-1,,[],777,,512160304,512160304,-1,-1,4,1000,-1,-1
11514,-1,,[],777,,512160305,512160305,-1,-1,5,1500,-1,-1
11515,-1,,[],777,,512160306,512160306,-1,-1,6,2000,-1,-1
11516,-1,,[],777,,512160307,512160307,-1,-1,7,2500,-1,-1
11517,-1,,[],777,,512160308,512160308,-1,-1,8,3000,-1,-1
11518,-1,,[],777,,512160309,512160309,-1,-1,9,3500,-1,-1
11519,-1,,[],777,,512160310,512160310,-1,-1,10,4000,-1,-1
11520,-1,,[],777,,512160311,512160311,-1,-1,11,4500,-1,-1
11521,-1,,[],777,,512160312,512160312,-1,-1,12,5000,-1,-1
11522,-1,,[],777,,512160313,512160313,-1,-1,13,5500,-1,-1
11523,-1,,[],777,,512160314,512160314,-1,-1,14,6000,-1,-1
11524,-1,,[],778,,512180401,512180401,512180426,512180451,1,100,-1,-1
11525,-1,,[],778,,512180402,512180402,512180427,512180452,2,150,-1,-1
11526,-1,,[],778,,512180403,512180403,512180428,512180453,3,200,-1,-1
11527,-1,,[],778,,512180404,512180404,512180429,512180454,4,250,-1,-1
11528,-1,,[],778,,512180405,512180405,512180430,512180455,5,300,-1,-1
11529,-1,,[],778,,512180406,512180406,512180431,512180456,6,350,-1,-1
11530,-1,,[],778,,512180407,512180407,512180432,512180457,7,400,-1,-1
11531,-1,,[],778,,512180408,512180408,512180433,512180458,8,450,-1,-1
11532,-1,,[],778,,512180409,512180409,512180434,512180459,9,500,-1,-1
11533,-1,,[],778,,512180410,512180410,512180435,512180460,10,550,-1,-1
11534,-1,,[],778,,512180411,512180411,512180436,512180461,11,600,-1,-1
11535,-1,,[],778,,512180412,512180412,512180437,512180462,12,650,-1,-1
11536,-1,,[],778,,512180413,512180413,512180438,512180463,13,700,-1,-1
11537,-1,,[],778,,512180414,512180414,512180439,512180464,14,750,-1,-1
11538,-1,,[],778,,512180415,512180415,512180440,512180465,15,800,-1,-1
11539,-1,,[],778,,512180416,512180416,512180441,512180466,16,900,-1,-1
11540,-1,,[],778,,512180417,512180417,512180442,512180467,17,1000,-1,-1
11541,-1,,[],778,,512180418,512180418,512180443,512180468,18,1100,-1,-1
11542,-1,,[],778,,512180419,512180419,512180444,512180469,19,1200,-1,-1
11543,-1,,[],778,,512180420,512180420,512180445,512180470,20,1300,-1,-1
11544,-1,,[],778,,512180421,512180421,512180446,512180471,21,1400,-1,-1
11545,-1,,[],778,,512180422,512180422,512180447,512180472,22,1500,-1,-1
11546,-1,,[],778,,512180423,512180423,512180448,512180473,23,1600,-1,-1
11547,-1,,[],778,,512180424,512180424,512180449,512180474,24,1700,-1,-1
11548,-1,,[],778,,512180425,512180425,512180450,512180475,25,1800,-1,-1
11549,-1,,[],779,,512180901,512180901,-1,-1,1,100,-1,-1
11550,-1,,[],779,,512180902,512180902,-1,-1,2,300,-1,-1
11551,-1,,[],779,,512180903,512180903,-1,-1,3,500,-1,-1
11552,-1,,[],779,,512180904,512180904,-1,-1,4,1000,-1,-1
11553,-1,,[],779,,512180905,512180905,-1,-1,5,1500,-1,-1
11554,-1,,[],779,,512180906,512180906,-1,-1,6,2000,-1,-1
11555,-1,,[],779,,512180907,512180907,-1,-1,7,2500,-1,-1
11556,-1,,[],779,,512180908,512180908,-1,-1,8,3000,-1,-1
11557,-1,,[],779,,512180909,512180909,-1,-1,9,4000,-1,-1
11558,-1,,[],779,,512180910,512180910,-1,-1,10,5000,-1,-1
11559,-1,,[],779,,512180911,512180911,-1,-1,11,6000,-1,-1
11560,-1,,[],779,,512180912,512180912,-1,-1,12,7000,-1,-1
11561,-1,,[],779,,512180913,512180913,-1,-1,13,8000,-1,-1
11562,-1,,[],779,,512180914,512180914,-1,-1,14,9000,-1,-1
11563,-1,,[],779,,512180915,512180915,-1,-1,15,10000,-1,-1
11564,-1,,[],779,,512180916,512180916,-1,-1,16,11000,-1,-1
11565,-1,,[],779,,512180917,512180917,-1,-1,17,12000,-1,-1
11566,-1,,[],779,,512180918,512180918,-1,-1,18,13000,-1,-1
11567,-1,,[],779,,512180919,512180919,-1,-1,19,14000,-1,-1
11568,-1,,[],779,,512180920,512180920,-1,-1,20,15000,-1,-1
11569,-1,,[],779,,512180921,512180921,-1,-1,21,17000,-1,-1
11570,-1,,[],779,,512180922,512180922,-1,-1,22,19000,-1,-1
11571,-1,,[],779,,512180923,512180923,-1,-1,23,21000,-1,-1
11572,-1,,[],779,,512180924,512180924,-1,-1,24,23000,-1,-1
11573,-1,,[],779,,512180925,512180925,-1,-1,25,25000,-1,-1
11574,-1,,[],780,,512194301,512194301,-1,-1,1,20,-1,-1
11575,-1,,[],780,,512194302,512194302,-1,-1,2,80,-1,-1
11576,-1,,[],780,,512194303,512194303,-1,-1,3,300,-1,-1
11577,-1,,[],780,,512194304,512194304,-1,-1,4,600,-1,-1
11578,-1,,[],780,,512194305,512194305,-1,-1,5,1500,-1,-1
11579,-1,,[],780,,512194306,512194306,-1,-1,6,2500,-1,-1
11580,-1,,[],781,,512046201,512046201,-1,-1,1,50,-1,-1
11581,-1,,[],781,,512046202,512046202,-1,-1,2,150,-1,-1
11582,-1,,[],781,,512046203,512046203,-1,-1,3,300,-1,-1
11583,-1,,[],781,,512046204,512046204,-1,-1,4,600,-1,-1
11584,-1,,[],781,,512046205,512046205,-1,-1,5,1000,-1,-1
11585,-1,,[],781,,512046201,512046201,-1,-1,6,2000,-1,-1
11586,-1,,[],781,,512046201,512046201,-1,-1,7,3000,-1,-1
11587,-1,,[],781,,512046204,512046204,-1,-1,8,4000,-1,-1
11588,-1,,[],781,,512046201,512046201,-1,-1,9,5000,-1,-1
11589,-1,,[],781,,512046201,512046201,-1,-1,10,6000,-1,-1
11590,-1,,[],781,,512046205,512046205,-1,-1,11,7000,-1,-1
11591,-1,,[],781,,512046201,512046201,-1,-1,12,8000,-1,-1
11592,-1,,[],781,,512046201,512046201,-1,-1,13,9000,-1,-1
11593,-1,,[],781,,512046207,512046207,-1,-1,14,10000,-1,-1
11594,-1,,[],782,sand_encounter_milestone_personal,47085,47085,-1,-1,1,280,10,-1
11595,-1,,[],782,sand_encounter_milestone_personal,47086,47086,-1,-1,2,560,20,-1
11596,-1,,[],782,sand_encounter_milestone_personal,47087,47087,-1,-1,3,840,30,-1
11597,-1,,[],782,sand_encounter_milestone_personal,47088,47088,-1,-1,4,1400,50,-1
11598,-1,,[],782,sand_encounter_milestone_personal,47089,47089,-1,-1,5,1960,80,-1
11599,-1,,[],782,sand_encounter_milestone_personal,47090,47090,-1,-1,6,2520,110,-1
11600,-1,,[],782,sand_encounter_milestone_personal,47091,47091,-1,-1,7,3080,140,-1
11601,-1,,[],782,sand_encounter_milestone_personal,47092,47092,-1,-1,8,3640,160,-1
11602,-1,,[],782,sand_encounter_milestone_personal,47093,47093,-1,-1,9,4200,200,-1
11603,-1,,[],782,sand_encounter_milestone_personal,47094,47094,-1,-1,10,5040,220,-1
11604,-1,,[],782,sand_encounter_milestone_personal,47095,47095,-1,-1,11,5880,250,-1
11605,-1,,[],783,sand_encounter_desc1,47080,47080,-1,-1,1,1,-1,-1
11606,-1,,[],783,sand_encounter_desc1,47081,47081,-1,-1,2,10,-1,-1
11607,-1,,[],783,sand_encounter_desc1,47082,47082,-1,-1,3,20,-1,-1
11608,-1,,[],783,sand_encounter_desc1,47083,47083,-1,-1,4,50,-1,-1
11609,-1,,[],783,sand_encounter_desc1,47084,47084,-1,-1,5,100,-1,-1
11610,-1,,[],784,,47119,47119,-1,-1,1,1,-1,-1
11611,-1,,[],784,,47120,47120,-1,-1,2,3,-1,-1
11612,-1,,[],784,,47121,47121,-1,-1,3,5,-1,-1
11613,-1,,[],785,,512264013,512264013,-1,-1,1,10,-1,-1
11614,-1,,[],785,,512264014,512264014,-1,-1,2,30,-1,-1
11615,-1,,[],785,,512264015,512264015,-1,-1,3,100,-1,-1
11616,-1,,[],785,,512264016,512264016,-1,-1,4,200,-1,-1
11617,-1,,[],785,,512264017,512264017,-1,-1,5,400,-1,-1
11618,-1,,[],785,,512264018,512264018,-1,-1,6,800,-1,-1
11619,-1,,[],786,,512300211,512300211,-1,-1,1,100,-1,-1
11620,-1,,[],786,,512300212,512300212,-1,-1,2,500,-1,-1
11621,-1,,[],786,,512300213,512300213,-1,-1,3,1000,-1,-1
11622,-1,,[],786,,512300214,512300214,-1,-1,4,1500,-1,-1
11623,-1,,[],786,,512300215,512300215,-1,-1,5,2000,-1,-1
11624,-1,,[],787,,512300221,512300221,-1,-1,1,100,-1,-1
11625,-1,,[],787,,512300222,512300222,-1,-1,2,500,-1,-1
11626,-1,,[],787,,512300223,512300223,-1,-1,3,1000,-1,-1
11627,-1,,[],787,,512300224,512300224,-1,-1,4,1500,-1,-1
11628,-1,,[],787,,512300225,512300225,-1,-1,5,2000,-1,-1
11629,-1,,[],788,,512300231,512300231,-1,-1,1,100,-1,-1
11630,-1,,[],788,,512300232,512300232,-1,-1,2,500,-1,-1
11631,-1,,[],788,,512300233,512300233,-1,-1,3,1000,-1,-1
11632,-1,,[],788,,512300234,512300234,-1,-1,4,1500,-1,-1
11633,-1,,[],788,,512300235,512300235,-1,-1,5,2000,-1,-1
11634,-1,,[],789,,512300241,512300241,-1,-1,1,100,-1,-1
11635,-1,,[],789,,512300242,512300242,-1,-1,2,500,-1,-1
11636,-1,,[],789,,512300243,512300243,-1,-1,3,1000,-1,-1
11637,-1,,[],789,,512300244,512300244,-1,-1,4,1500,-1,-1
11638,-1,,[],789,,512300245,512300245,-1,-1,5,2000,-1,-1
11639,-1,,[],790,,512300251,512300251,-1,-1,1,50,-1,-1
11640,-1,,[],790,,512300252,512300252,-1,-1,2,250,-1,-1
11641,-1,,[],790,,512300253,512300253,-1,-1,3,500,-1,-1
11642,-1,,[],790,,512300254,512300254,-1,-1,4,750,-1,-1
11643,-1,,[],790,,512300255,512300255,-1,-1,5,1000,-1,-1
11644,-1,,[],791,,512300271,512300271,-1,-1,1,100,-1,-1
11645,-1,,[],791,,512300272,512300272,-1,-1,2,500,-1,-1
11646,-1,,[],791,,512300273,512300273,-1,-1,3,1000,-1,-1
11647,-1,,[],791,,512300274,512300274,-1,-1,4,1500,-1,-1
11648,-1,,[],791,,512300275,512300275,-1,-1,5,2000,-1,-1
11649,-1,,[],792,,512300281,512300281,-1,-1,1,100,-1,-1
11650,-1,,[],792,,512300282,512300282,-1,-1,2,500,-1,-1
11651,-1,,[],792,,512300283,512300283,-1,-1,3,1000,-1,-1
11652,-1,,[],792,,512300284,512300284,-1,-1,4,1500,-1,-1
11653,-1,,[],792,,512300285,512300285,-1,-1,5,2000,-1,-1
11654,-1,,[],793,,512300291,512300291,-1,-1,1,100,-1,-1
11655,-1,,[],793,,512300292,512300292,-1,-1,2,500,-1,-1
11656,-1,,[],793,,512300293,512300293,-1,-1,3,1000,-1,-1
11657,-1,,[],793,,512300294,512300294,-1,-1,4,1500,-1,-1
11658,-1,,[],793,,512300295,512300295,-1,-1,5,2000,-1,-1
11659,-1,,[],794,,512300301,512300301,-1,-1,1,100,-1,-1
11660,-1,,[],794,,512300302,512300302,-1,-1,2,500,-1,-1
11661,-1,,[],794,,512300303,512300303,-1,-1,3,1000,-1,-1
11662,-1,,[],794,,512300304,512300304,-1,-1,4,1500,-1,-1
11663,-1,,[],794,,512300305,512300305,-1,-1,5,2000,-1,-1
11664,-1,,[],795,,512300311,512300311,-1,-1,1,50,-1,-1
11665,-1,,[],795,,512300312,512300312,-1,-1,2,250,-1,-1
11666,-1,,[],795,,512300313,512300313,-1,-1,3,500,-1,-1
11667,-1,,[],795,,512300314,512300314,-1,-1,4,750,-1,-1
11668,-1,,[],795,,512300315,512300315,-1,-1,5,1000,-1,-1
11669,-1,,[],796,,512164101,512164101,-1,-1,1,1,-1,-1
11670,-1,,[],796,,512164102,512164102,-1,-1,2,2,-1,-1
11671,-1,,[],796,,512164103,512164103,-1,-1,3,3,-1,-1
11672,-1,,[],797,,601043001,601043001,-1,-1,1,150,-1,-1
11673,-1,,[],797,,601043002,601043002,-1,-1,2,300,-1,-1
11674,-1,,[],797,,601043003,601043003,-1,-1,3,1000,-1,-1
11675,-1,,[],797,,601043004,601043004,-1,-1,4,3000,-1,-1
11676,-1,,[],797,,601043005,601043005,-1,-1,5,6000,-1,-1
11677,-1,,[],797,,601043006,601043006,-1,-1,6,12000,-1,8
11678,-1,,[],798,,601044201,601044201,601044208,-1,1,1,-1,-1
11679,-1,,[],798,,601044202,601044202,601044209,-1,2,2,-1,-1
11680,-1,,[],798,,601044203,601044203,601044210,-1,3,3,-1,-1
11681,-1,,[],798,,601044204,601044204,601044211,-1,4,4,-1,-1
11682,-1,,[],798,,601044205,601044205,601044212,-1,5,5,-1,-1
11683,-1,,[],798,,601044206,601044206,601044213,-1,6,6,-1,-1
11684,-1,,[],798,,601044207,601044207,601044214,-1,7,7,-1,-1
11685,-1,,[],799,,601044106,601044106,-1,-1,1,10,-1,-1
11686,-1,,[],799,,601044107,601044107,-1,-1,2,50,-1,-1
11687,-1,,[],799,,601044108,601044108,-1,-1,3,100,-1,-1
11688,-1,,[],799,,601044109,601044109,-1,-1,4,150,-1,-1
11689,-1,,[],799,,601044110,601044110,-1,-1,5,200,-1,-1
11690,-1,,[],800,,601044111,601044111,-1,-1,1,10,-1,-1
11691,-1,,[],800,,601044112,601044112,-1,-1,2,50,-1,-1
11692,-1,,[],800,,601044113,601044113,-1,-1,3,100,-1,-1
11693,-1,,[],800,,601044114,601044114,-1,-1,4,150,-1,-1
11694,-1,,[],800,,601044115,601044115,-1,-1,5,200,-1,-1
11695,-1,,[],801,,601044116,601044116,-1,-1,1,10,-1,-1
11696,-1,,[],801,,601044117,601044117,-1,-1,2,50,-1,-1
11697,-1,,[],801,,601044118,601044118,-1,-1,3,100,-1,-1
11698,-1,,[],801,,601044119,601044119,-1,-1,4,150,-1,-1
11699,-1,,[],801,,601044120,601044120,-1,-1,5,200,-1,-1
11700,-1,,[],802,,601044121,601044121,-1,-1,1,10,-1,-1
11701,-1,,[],802,,601044122,601044122,-1,-1,2,50,-1,-1
11702,-1,,[],802,,601044123,601044123,-1,-1,3,100,-1,-1
11703,-1,,[],802,,601044124,601044124,-1,-1,4,150,-1,-1
11704,-1,,[],802,,601044125,601044125,-1,-1,5,200,-1,-1
11705,-1,,[],803,,601044126,601044126,-1,-1,1,10,-1,-1
11706,-1,,[],803,,601044127,601044127,-1,-1,2,50,-1,-1
11707,-1,,[],803,,601044128,601044128,-1,-1,3,100,-1,-1
11708,-1,,[],803,,601044129,601044129,-1,-1,4,150,-1,-1
11709,-1,,[],803,,601044130,601044130,-1,-1,5,200,-1,-1
11710,-1,,[],804,,601056201,601056201,-1,-1,1,20,-1,-1
11711,-1,,[],804,,601056202,601056202,-1,-1,2,50,-1,-1
11712,-1,,[],804,,601056203,601056203,-1,-1,3,100,-1,-1
11713,-1,,[],804,,601056204,601056204,-1,-1,4,200,-1,-1
11714,-1,,[],804,,601056205,601056205,-1,-1,5,400,-1,-1
11715,-1,,[],804,,601056206,601056206,-1,-1,6,600,-1,-1
11716,-1,,[],804,,601056207,601056207,-1,-1,7,800,-1,-1
11717,-1,,[],804,,601056208,601056208,-1,-1,8,1000,-1,-1
11718,-1,,[],804,,601056209,601056209,-1,-1,9,1500,-1,-1
11719,-1,,[],804,,601056210,601056210,-1,-1,10,2000,-1,-1
11720,-1,,[],805,,47393,47393,47423,-1,1,100,-1,-1
11721,-1,,[],805,,47394,47394,47424,-1,2,200,-1,-1
11722,-1,,[],805,,47395,47395,47425,-1,3,400,-1,-1
11723,-1,,[],805,,47396,47396,47426,-1,4,600,-1,-1
11724,-1,,[],805,,47397,47397,47427,-1,5,800,-1,-1
11725,-1,,[],805,,47398,47398,47428,-1,6,1000,-1,-1
11726,-1,,[],805,,47399,47399,47429,-1,7,1200,-1,-1
11727,-1,,[],805,,47400,47400,47430,-1,8,1400,-1,-1
11728,-1,,[],805,,47401,47401,47431,-1,9,1600,-1,-1
11729,-1,,[],805,,47402,47402,47432,-1,10,1800,-1,-1
11730,-1,,[],805,,47403,47403,47433,-1,11,2000,-1,-1
11731,-1,,[],805,,47404,47404,47434,-1,12,2200,-1,-1
11732,-1,,[],805,,47405,47405,47435,-1,13,2400,-1,-1
11733,-1,,[],805,,47406,47406,47436,-1,14,2600,-1,-1
11734,-1,,[],805,,47407,47407,47437,-1,15,2800,-1,-1
11735,-1,,[],805,,47408,47408,47438,-1,16,3000,-1,-1
11736,-1,,[],805,,47409,47409,47439,-1,17,3200,-1,-1
11737,-1,,[],805,,47410,47410,47440,-1,18,3400,-1,-1
11738,-1,,[],805,,47411,47411,47441,-1,19,3600,-1,-1
11739,-1,,[],805,,47412,47412,47442,-1,20,3800,-1,-1
11740,-1,,[],805,,47413,47413,47443,-1,21,4000,-1,-1
11741,-1,,[],805,,47414,47414,47444,-1,22,4200,-1,-1
11742,-1,,[],805,,47415,47415,47445,-1,23,4400,-1,-1
11743,-1,,[],805,,47416,47416,47446,-1,24,4600,-1,-1
11744,-1,,[],805,,47417,47417,47447,-1,25,4800,-1,-1
11745,-1,,[],805,,47418,47418,47448,-1,26,5000,-1,-1
11746,-1,,[],805,,47419,47419,47449,-1,27,5200,-1,-1
11747,-1,,[],805,,47420,47420,47450,-1,28,5400,-1,-1
11748,-1,,[],805,,47421,47421,47451,-1,29,5600,-1,-1
11749,-1,,[],805,,47422,47422,47452,-1,30,5800,-1,-1
11750,-1,,[],806,,601098001,601098001,601098031,-1,1,100,-1,-1
11751,-1,,[],806,,601098002,601098002,601098032,-1,2,200,-1,-1
11752,-1,,[],806,,601098003,601098003,601098033,-1,3,400,-1,-1
11753,-1,,[],806,,601098004,601098004,601098034,-1,4,600,-1,-1
11754,-1,,[],806,,601098005,601098005,601098035,-1,5,800,-1,-1
11755,-1,,[],806,,601098006,601098006,601098036,-1,6,1000,-1,-1
11756,-1,,[],806,,601098007,601098007,601098037,-1,7,1200,-1,-1
11757,-1,,[],806,,601098008,601098008,601098038,-1,8,1400,-1,-1
11758,-1,,[],806,,601098009,601098009,601098039,-1,9,1600,-1,-1
11759,-1,,[],806,,601098010,601098010,601098040,-1,10,1800,-1,-1
11760,-1,,[],806,,601098011,601098011,601098041,-1,11,2000,-1,-1
11761,-1,,[],806,,601098012,601098012,601098042,-1,12,2200,-1,-1
11762,-1,,[],806,,601098013,601098013,601098043,-1,13,2400,-1,-1
11763,-1,,[],806,,601098014,601098014,601098044,-1,14,2600,-1,-1
11764,-1,,[],806,,601098015,601098015,601098045,-1,15,2800,-1,-1
11765,-1,,[],806,,601098016,601098016,601098046,-1,16,3000,-1,-1
11766,-1,,[],806,,601098017,601098017,601098047,-1,17,3200,-1,-1
11767,-1,,[],806,,601098018,601098018,601098048,-1,18,3400,-1,-1
11768,-1,,[],806,,601098019,601098019,601098049,-1,19,3600,-1,-1
11769,-1,,[],806,,601098020,601098020,601098050,-1,20,3800,-1,-1
11770,-1,,[],806,,601098021,601098021,601098051,-1,21,4000,-1,-1
11771,-1,,[],806,,601098022,601098022,601098052,-1,22,4200,-1,-1
11772,-1,,[],806,,601098023,601098023,601098053,-1,23,4400,-1,-1
11773,-1,,[],806,,601098024,601098024,601098054,-1,24,4600,-1,-1
11774,-1,,[],806,,601098025,601098025,601098055,-1,25,4800,-1,-1
11775,-1,,[],806,,601098026,601098026,601098056,-1,26,5000,-1,-1
11776,-1,,[],806,,601098027,601098027,601098057,-1,27,5200,-1,-1
11777,-1,,[],806,,601098028,601098028,601098058,-1,28,5400,-1,-1
11778,-1,,[],806,,601098029,601098029,601098059,-1,29,5600,-1,-1
11779,-1,,[],806,,601098030,601098030,601098060,-1,30,5800,-1,-1
11780,-1,,[],807,,601140001,601140001,-1,-1,1,30,-1,-1
11781,-1,,[],807,,601140002,601140002,-1,-1,2,50,-1,-1
11782,-1,,[],807,,601140003,601140003,-1,-1,3,80,-1,-1
11783,-1,,[],807,,601140004,601140004,-1,-1,4,100,-1,-1
11784,-1,,[],807,,601140005,601140005,-1,-1,5,150,-1,-1
11785,-1,,[],807,,601140006,601140006,-1,-1,6,200,-1,-1
11786,-1,,[],807,,601140007,601140007,-1,-1,7,350,-1,-1
11787,-1,,[],807,,601140008,601140008,-1,-1,8,500,-1,-1
11788,-1,,[],807,,601140009,601140009,-1,-1,9,750,-1,-1
11789,-1,,[],807,,601140010,601140010,-1,-1,10,1000,-1,-1
11790,-1,,[],807,,601140011,601140011,-1,-1,11,2000,-1,-1
1179001,-1,,[],807,,601161001,601161001,-1,-1,12,3000,-1,-1
11791,-1,,[],807,,601140012,601140012,-1,-1,13,4000,-1,-1
11792,-1,,[],808,,601140301,601140301,601140326,-1,1,100,-1,-1
11793,-1,,[],808,,601140302,601140302,601140327,-1,2,150,-1,-1
11794,-1,,[],808,,601140303,601140303,601140328,-1,3,200,-1,-1
11795,-1,,[],808,,601140304,601140304,601140329,-1,4,250,-1,-1
11796,-1,,[],808,,601140305,601140305,601140330,-1,5,300,-1,-1
11797,-1,,[],808,,601140306,601140306,601140331,-1,6,350,-1,-1
11798,-1,,[],808,,601140307,601140307,601140332,-1,7,400,-1,-1
11799,-1,,[],808,,601140308,601140308,601140333,-1,8,450,-1,-1
11800,-1,,[],808,,601140309,601140309,601140334,-1,9,500,-1,-1
11801,-1,,[],808,,601140310,601140310,601140335,-1,10,550,-1,-1
11802,-1,,[],808,,601140311,601140311,601140336,-1,11,600,-1,-1
11803,-1,,[],808,,601140312,601140312,601140337,-1,12,700,-1,-1
11804,-1,,[],808,,601140313,601140313,601140338,-1,13,800,-1,-1
11805,-1,,[],808,,601140314,601140314,601140339,-1,14,900,-1,-1
11806,-1,,[],808,,601140315,601140315,601140340,-1,15,1000,-1,-1
11807,-1,,[],808,,601140316,601140316,601140341,-1,16,1100,-1,-1
11808,-1,,[],808,,601140317,601140317,601140342,-1,17,1200,-1,-1
11809,-1,,[],808,,601140318,601140318,601140343,-1,18,1300,-1,-1
11810,-1,,[],808,,601140319,601140319,601140344,-1,19,1400,-1,-1
11811,-1,,[],808,,601140320,601140320,601140345,-1,20,1500,-1,-1
11812,-1,,[],808,,601140321,601140321,601140346,-1,21,1600,-1,-1
11813,-1,,[],808,,601140322,601140322,601140347,-1,22,1700,-1,-1
11814,-1,,[],808,,601140323,601140323,601140348,-1,23,1800,-1,-1
11815,-1,,[],808,,601140324,601140324,601140349,-1,24,1900,-1,-1
11816,-1,,[],808,,601140325,601140325,601140350,-1,25,2000,-1,-1
11817,-1,,[],809,,501146101,501146101,-1,-1,1,1000,-1,-1
11818,-1,,[],809,,501146102,501146102,-1,-1,2,2000,-1,-1
11819,-1,,[],809,,501146103,501146103,-1,-1,3,5000,-1,-1
11820,-1,,[],809,,501146104,501146104,-1,-1,4,10000,-1,-1
11821,-1,,[],809,,501146105,501146105,-1,-1,5,30000,-1,-1
11822,-1,,[],809,,501146106,501146106,-1,-1,6,80000,-1,-1
11823,-1,,[],809,,501146107,501146107,-1,-1,7,240000,-1,-1
11824,-1,,[],810,,601146201,601146201,-1,-1,1,1000,-1,-1
11825,-1,,[],810,,601146202,601146202,-1,-1,2,2000,-1,-1
11826,-1,,[],810,,601146203,601146203,-1,-1,3,5000,-1,-1
11827,-1,,[],810,,601146204,601146204,-1,-1,4,10000,-1,-1
11828,-1,,[],810,,601146205,601146205,-1,-1,5,30000,-1,-1
11829,-1,,[],810,,601146206,601146206,-1,-1,6,80000,-1,-1
11830,-1,,[],810,,601146207,601146207,-1,-1,7,240000,-1,-1
11831,-1,,[],811,,601150101,601150101,-1,-1,1,3,-1,-1
11832,-1,,[],811,,601150102,601150102,-1,-1,2,9,-1,-1
11833,-1,,[],811,,601150103,601150103,-1,-1,3,15,-1,-1
11834,-1,,[],812,,601152001,601152001,601152101,-1,1,100,-1,-1
11835,-1,,[],812,,601152002,601152002,601152102,-1,2,150,-1,-1
11836,-1,,[],812,,601152003,601152003,601152103,-1,3,200,-1,-1
11837,-1,,[],812,,601152004,601152004,601152104,-1,4,250,-1,-1
11838,-1,,[],812,,601152005,601152005,601152105,-1,5,300,-1,-1
11839,-1,,[],812,,601152006,601152006,601152106,-1,6,350,-1,-1
11840,-1,,[],812,,601152007,601152007,601152107,-1,7,400,-1,-1
11841,-1,,[],812,,601152008,601152008,601152108,-1,8,450,-1,-1
11842,-1,,[],812,,601152009,601152009,601152109,-1,9,500,-1,-1
11843,-1,,[],812,,601152010,601152010,601152110,-1,10,550,-1,-1
11844,-1,,[],812,,601152011,601152011,601152111,-1,11,600,-1,-1
11845,-1,,[],812,,601152012,601152012,601152112,-1,12,700,-1,-1
11846,-1,,[],812,,601152013,601152013,601152113,-1,13,800,-1,-1
11847,-1,,[],812,,601152014,601152014,601152114,-1,14,900,-1,-1
11848,-1,,[],812,,601152015,601152015,601152115,-1,15,1000,-1,-1
11849,-1,,[],812,,601152016,601152016,601152116,-1,16,1100,-1,-1
11850,-1,,[],812,,601152017,601152017,601152117,-1,17,1200,-1,-1
11851,-1,,[],812,,601152018,601152018,601152118,-1,18,1300,-1,-1
11852,-1,,[],812,,601152019,601152019,601152119,-1,19,1400,-1,-1
11853,-1,,[],812,,601152020,601152020,601152120,-1,20,1500,-1,-1
11854,-1,,[],812,,601152021,601152021,601152121,-1,21,1600,-1,-1
11855,-1,,[],812,,601152022,601152022,601152122,-1,22,1700,-1,-1
11856,-1,,[],812,,601152023,601152023,601152123,-1,23,1800,-1,-1
11857,-1,,[],812,,601152024,601152024,601152124,-1,24,1900,-1,-1
11858,-1,,[],812,,601152025,601152025,601152125,-1,25,2000,-1,-1
11859,-1,,[],813,,601163013,601163013,-1,-1,1,10,-1,-1
11860,-1,,[],813,,601163014,601163014,-1,-1,2,30,-1,-1
11861,-1,,[],813,,601163015,601163015,-1,-1,3,100,-1,-1
11862,-1,,[],813,,601163016,601163016,-1,-1,4,200,-1,-1
11863,-1,,[],813,,601163017,601163017,-1,-1,5,400,-1,-1
11864,-1,,[],813,,601163018,601163018,-1,-1,6,800,-1,-1
11865,-1,,[],814,,507246501,507246501,601206222,-1,1,100,-1,-1
11866,-1,,[],814,,507246502,507246502,511288002,-1,2,200,-1,-1
11867,-1,,[],814,,507246503,507246503,511288003,-1,3,400,-1,-1
11868,-1,,[],814,,507246504,507246504,511288004,-1,4,600,-1,-1
11869,-1,,[],814,,507246505,507246505,511288005,-1,5,800,-1,-1
11870,-1,,[],814,,507246506,507246506,511288006,-1,6,1000,-1,-1
11871,-1,,[],814,,507246507,507246507,511288007,-1,7,1200,-1,-1
11872,-1,,[],814,,507246508,507246508,511288008,-1,8,1400,-1,-1
11873,-1,,[],814,,507246509,507246509,511288009,-1,9,1600,-1,-1
11874,-1,,[],814,,507246510,507246510,511288010,-1,10,1800,-1,-1
11875,-1,,[],814,,507246511,507246511,511288011,-1,11,2000,-1,-1
11876,-1,,[],814,,507246512,507246512,511288012,-1,12,2200,-1,-1
11877,-1,,[],814,,507246513,507246513,511288013,-1,13,2400,-1,-1
11878,-1,,[],814,,507246514,507246514,511288014,-1,14,2600,-1,-1
11879,-1,,[],814,,507246515,507246515,511288015,-1,15,2800,-1,-1
11880,-1,,[],814,,507246516,507246516,511288016,-1,16,3000,-1,-1
11881,-1,,[],814,,507246517,507246517,511288017,-1,17,3200,-1,-1
11882,-1,,[],814,,507246518,507246518,511288018,-1,18,3400,-1,-1
11883,-1,,[],814,,507246519,507246519,511288019,-1,19,3600,-1,-1
11884,-1,,[],814,,507246520,507246520,511288020,-1,20,3800,-1,-1
11885,-1,,[],814,,507246521,507246521,511288021,-1,21,4000,-1,-1
11886,-1,,[],814,,507246522,507246522,511288022,-1,22,4200,-1,-1
11887,-1,,[],814,,507246523,507246523,511288023,-1,23,4400,-1,-1
11888,-1,,[],814,,507246524,507246524,511288024,-1,24,4600,-1,-1
11889,-1,,[],814,,507246525,507246525,511288025,-1,25,4800,-1,-1
11890,-1,,[],814,,507246526,507246526,511288026,-1,26,5000,-1,-1
11891,-1,,[],814,,507246527,507246527,511288027,-1,27,5200,-1,-1
11892,-1,,[],814,,507246528,507246528,511288028,-1,28,5400,-1,-1
11893,-1,,[],814,,507246529,507246529,511288029,-1,29,5600,-1,-1
11894,-1,,[],814,,507246530,507246530,511288030,-1,30,5800,-1,-1
11895,-1,,[],815,,602100001,602100001,-1,-1,1,1,-1,-1
11896,-1,,[],815,,602100002,602100002,-1,-1,2,2,-1,-1
11897,-1,,[],815,,602100003,602100003,-1,-1,3,3,-1,-1
11898,-1,,[],815,,602100004,602100004,-1,-1,4,4,-1,-1
11899,-1,,[],815,,602100005,602100005,602100027,-1,5,5,-1,-1
11900,-1,,[],815,,602100006,602100006,-1,-1,6,6,-1,-1
11901,-1,,[],815,,602100007,602100007,-1,-1,7,7,-1,-1
11902,-1,,[],815,,602100008,602100008,-1,-1,8,8,-1,-1
11903,-1,,[],815,,602100009,602100009,-1,-1,9,9,-1,-1
11904,-1,,[],815,,602100010,602100010,602100028,-1,10,10,-1,-1
11905,-1,,[],815,,602100011,602100011,-1,-1,11,11,-1,-1
11906,-1,,[],815,,602100012,602100012,-1,-1,12,12,-1,-1
11907,-1,,[],815,,602100013,602100013,-1,-1,13,13,-1,-1
11908,-1,,[],815,,602100014,602100014,-1,-1,14,14,-1,-1
11909,-1,,[],815,,602100015,602100015,602100029,-1,15,15,-1,-1
11910,-1,,[],815,,602100016,602100016,-1,-1,16,16,-1,-1
11911,-1,,[],815,,602100017,602100017,-1,-1,17,17,-1,-1
11912,-1,,[],815,,602100018,602100018,-1,-1,18,18,-1,-1
11913,-1,,[],815,,602100019,602100019,-1,-1,19,19,-1,-1
11914,-1,,[],815,,602100020,602100020,-1,-1,20,20,-1,-1
11915,-1,,[],815,,602100021,602100021,-1,-1,21,21,-1,-1
11916,-1,,[],815,,602100022,602100022,-1,-1,22,22,-1,-1
11917,-1,,[],815,,602100023,602100023,-1,-1,23,23,-1,-1
11918,-1,,[],815,,602100024,602100024,-1,-1,24,24,-1,-1
11919,-1,,[],815,,602100025,602100025,602100030,-1,25,25,-1,-1
11920,-1,,[],816,,602098013,602098013,-1,-1,1,100000,-1,-1
11921,-1,,[],816,,602098014,602098014,-1,-1,2,200000,-1,-1
11922,-1,,[],816,,602098015,602098015,-1,-1,3,500000,-1,-1
11923,-1,,[],816,,602098016,602098016,-1,-1,4,1000000,-1,-1
11924,-1,,[],816,,602098017,602098017,-1,-1,5,2000000,-1,-1
11925,-1,,[],816,,602098018,602098018,-1,-1,6,5000000,-1,-1
11926,-1,,[],817,,109601,109601,-1,-1,1,5,-1,-1
11927,-1,,[],817,,109602,109602,-1,-1,2,10,-1,-1
11928,-1,,[],817,,109603,109603,-1,-1,3,30,-1,-1
11929,-1,,[],817,,109604,109604,-1,-1,4,50,-1,-1
11930,-1,,[],817,,109605,109605,-1,-1,5,100,-1,-1
11931,-1,,[],817,,109606,109606,-1,-1,6,150,-1,-1
11932,-1,,[],817,,109607,109607,-1,-1,7,200,-1,-1
11933,-1,,[],817,,109608,109608,-1,-1,8,225,-1,-1
11934,-1,,[],817,,109609,109609,-1,-1,9,275,-1,-1
11935,-1,,[],817,,109610,109610,-1,-1,10,325,-1,-1
11936,-1,,[],818,,605150211,605150211,-1,-1,1,100,-1,-1
11937,-1,,[],818,,605150212,605150212,-1,-1,2,500,-1,-1
11938,-1,,[],818,,605150213,605150213,-1,-1,3,1000,-1,-1
11939,-1,,[],818,,605150214,605150214,-1,-1,4,1500,-1,-1
11940,-1,,[],818,,605150215,605150215,-1,-1,5,2000,-1,-1
11941,-1,,[],819,,605150221,605150221,-1,-1,1,100,-1,-1
11942,-1,,[],819,,605150222,605150222,-1,-1,2,500,-1,-1
11943,-1,,[],819,,605150223,605150223,-1,-1,3,1000,-1,-1
11944,-1,,[],819,,605150224,605150224,-1,-1,4,1500,-1,-1
11945,-1,,[],819,,605150225,605150225,-1,-1,5,2000,-1,-1
11946,-1,,[],820,,605150231,605150231,-1,-1,1,100,-1,-1
11947,-1,,[],820,,605150232,605150232,-1,-1,2,500,-1,-1
11948,-1,,[],820,,605150233,605150233,-1,-1,3,1000,-1,-1
11949,-1,,[],820,,605150234,605150234,-1,-1,4,1500,-1,-1
11950,-1,,[],820,,605150235,605150235,-1,-1,5,2000,-1,-1
11951,-1,,[],821,,605150241,605150241,-1,-1,1,100,-1,-1
11952,-1,,[],821,,605150242,605150242,-1,-1,2,500,-1,-1
11953,-1,,[],821,,605150243,605150243,-1,-1,3,1000,-1,-1
11954,-1,,[],821,,605150244,605150244,-1,-1,4,1500,-1,-1
11955,-1,,[],821,,605150245,605150245,-1,-1,5,2000,-1,-1
11956,-1,,[],822,,605150251,605150251,-1,-1,1,50,-1,-1
11957,-1,,[],822,,605150252,605150252,-1,-1,2,250,-1,-1
11958,-1,,[],822,,605150253,605150253,-1,-1,3,500,-1,-1
11959,-1,,[],822,,605150254,605150254,-1,-1,4,750,-1,-1
11960,-1,,[],822,,605150255,605150255,-1,-1,5,1000,-1,-1
11961,-1,,[],823,,605150271,605150271,-1,-1,1,100,-1,-1
11962,-1,,[],823,,605150272,605150272,-1,-1,2,500,-1,-1
11963,-1,,[],823,,605150273,605150273,-1,-1,3,1000,-1,-1
11964,-1,,[],823,,605150274,605150274,-1,-1,4,1500,-1,-1
11965,-1,,[],823,,605150275,605150275,-1,-1,5,2000,-1,-1
11966,-1,,[],824,,605150281,605150281,-1,-1,1,100,-1,-1
11967,-1,,[],824,,605150282,605150282,-1,-1,2,500,-1,-1
11968,-1,,[],824,,605150283,605150283,-1,-1,3,1000,-1,-1
11969,-1,,[],824,,605150284,605150284,-1,-1,4,1500,-1,-1
11970,-1,,[],824,,605150285,605150285,-1,-1,5,2000,-1,-1
11971,-1,,[],825,,605150291,605150291,-1,-1,1,100,-1,-1
11972,-1,,[],825,,605150292,605150292,-1,-1,2,500,-1,-1
11973,-1,,[],825,,605150293,605150293,-1,-1,3,1000,-1,-1
11974,-1,,[],825,,605150294,605150294,-1,-1,4,1500,-1,-1
11975,-1,,[],825,,605150295,605150295,-1,-1,5,2000,-1,-1
11976,-1,,[],826,,605150301,605150301,-1,-1,1,100,-1,-1
11977,-1,,[],826,,605150302,605150302,-1,-1,2,500,-1,-1
11978,-1,,[],826,,605150303,605150303,-1,-1,3,1000,-1,-1
11979,-1,,[],826,,605150304,605150304,-1,-1,4,1500,-1,-1
11980,-1,,[],826,,605150305,605150305,-1,-1,5,2000,-1,-1
11981,-1,,[],827,,605150311,605150311,-1,-1,1,50,-1,-1
11982,-1,,[],827,,605150312,605150312,-1,-1,2,250,-1,-1
11983,-1,,[],827,,605150313,605150313,-1,-1,3,500,-1,-1
11984,-1,,[],827,,605150314,605150314,-1,-1,4,750,-1,-1
11985,-1,,[],827,,605150315,605150315,-1,-1,5,1000,-1,-1
11986,-1,,[],828,season_encounter_milestone_personal,47480,47480,-1,-1,1,280,10,-1
11987,-1,,[],828,season_encounter_milestone_personal,47481,47481,-1,-1,2,560,20,-1
11988,-1,,[],828,season_encounter_milestone_personal,47482,47482,-1,-1,3,840,30,-1
11989,-1,,[],828,season_encounter_milestone_personal,47483,47483,-1,-1,4,1400,50,-1
11990,-1,,[],828,season_encounter_milestone_personal,47484,47484,-1,-1,5,1960,80,-1
11991,-1,,[],828,season_encounter_milestone_personal,47485,47485,-1,-1,6,2520,110,-1
11992,-1,,[],828,season_encounter_milestone_personal,47486,47486,-1,-1,7,3080,140,-1
11993,-1,,[],828,season_encounter_milestone_personal,47487,47487,-1,-1,8,3640,160,-1
11994,-1,,[],828,season_encounter_milestone_personal,47488,47488,-1,-1,9,4200,200,-1
11995,-1,,[],828,season_encounter_milestone_personal,47489,47489,-1,-1,10,5040,220,-1
11996,-1,,[],828,season_encounter_milestone_personal,47490,47490,-1,-1,11,5880,250,-1
11997,-1,,[],829,snow_rescue_key17,47475,47475,-1,-1,1,1,-1,-1
11998,-1,,[],829,snow_rescue_key17,47476,47476,-1,-1,2,10,-1,-1
11999,-1,,[],829,snow_rescue_key17,47477,47477,-1,-1,3,20,-1,-1
12000,-1,,[],829,snow_rescue_key17,47478,47478,-1,-1,4,50,-1,-1
12001,-1,,[],829,snow_rescue_key17,47479,47479,-1,-1,5,100,-1,-1
12002,-1,,[],830,,47514,47514,-1,-1,1,1,-1,-1
12003,-1,,[],830,,47515,47515,-1,-1,2,3,-1,-1
12004,-1,,[],830,,47516,47516,-1,-1,3,5,-1,-1
12012,-1,,[],832,,602033201,602033201,-1,-1,1,20,-1,-1
12013,-1,,[],832,,602033202,602033202,-1,-1,2,50,-1,-1
12014,-1,,[],832,,602033203,602033203,-1,-1,3,100,-1,-1
12015,-1,,[],832,,602033204,602033204,-1,-1,4,200,-1,-1
12016,-1,,[],832,,602033205,602033205,-1,-1,5,500,-1,-1
12017,-1,,[],832,,602033206,602033206,-1,-1,6,800,-1,-1
12018,-1,,[],832,,602033207,602033207,-1,-1,7,1500,-1,-1
12019,-1,,[],833,,602023001,602023001,602023101,602023201,1,100,-1,-1
12020,-1,,[],833,,602023002,602023002,602023102,602023202,2,150,-1,-1
12021,-1,,[],833,,602023003,602023003,602023103,602023203,3,200,-1,-1
12022,-1,,[],833,,602023004,602023004,602023104,602023204,4,250,-1,-1
12023,-1,,[],833,,602023005,602023005,602023105,602023205,5,300,-1,-1
12024,-1,,[],833,,602023006,602023006,602023106,602023206,6,350,-1,-1
12025,-1,,[],833,,602023007,602023007,602023107,602023207,7,400,-1,-1
12026,-1,,[],833,,602023008,602023008,602023108,602023208,8,450,-1,-1
12027,-1,,[],833,,602023009,602023009,602023109,602023209,9,500,-1,-1
12028,-1,,[],833,,602023010,602023010,602023110,602023210,10,550,-1,-1
12029,-1,,[],833,,602023011,602023011,602023111,602023211,11,600,-1,-1
12030,-1,,[],833,,602023012,602023012,602023112,602023212,12,700,-1,-1
12031,-1,,[],833,,602023013,602023013,602023113,602023213,13,800,-1,-1
12032,-1,,[],833,,602023014,602023014,602023114,602023214,14,900,-1,-1
12033,-1,,[],833,,602023015,602023015,602023115,602023215,15,1000,-1,-1
12034,-1,,[],833,,602023016,602023016,602023116,602023216,16,1100,-1,-1
12035,-1,,[],833,,602023017,602023017,602023117,602023217,17,1200,-1,-1
12036,-1,,[],833,,602023018,602023018,602023118,602023218,18,1300,-1,-1
12037,-1,,[],833,,602023019,602023019,602023119,602023219,19,1400,-1,-1
12038,-1,,[],833,,602023020,602023020,602023120,602023220,20,1500,-1,-1
12039,-1,,[],833,,602023021,602023021,602023121,602023221,21,1600,-1,-1
12040,-1,,[],833,,602023022,602023022,602023122,602023222,22,1700,-1,-1
12041,-1,,[],833,,602023023,602023023,602023123,602023223,23,1800,-1,-1
12042,-1,,[],833,,602023024,602023024,602023124,602023224,24,1900,-1,-1
12043,-1,,[],833,,602023025,602023025,602023125,602023225,25,2000,-1,-1
12044,-1,,[],834,,602013101,602013101,602013201,-1,1,1,-1,-1
12045,-1,,[],834,,602013102,602013102,602013202,-1,2,2,-1,-1
12046,-1,,[],834,,602013103,602013103,602013203,-1,3,3,-1,-1
12047,-1,,[],834,,602013104,602013104,602013204,-1,4,4,-1,-1
12048,-1,,[],834,,602013105,602013105,602013205,-1,5,5,-1,-1
12049,-1,,[],834,,602013106,602013106,602013206,-1,6,6,-1,-1
12050,-1,,[],834,,602013107,602013107,602013207,-1,7,7,-1,-1
12051,-1,,[],835,,602042019,602042019,602042049,602042079,1,100,-1,-1
12052,-1,,[],835,,602042020,602042020,602042050,602042080,2,200,-1,-1
12053,-1,,[],835,,602042021,602042021,602042051,602042081,3,300,-1,-1
12054,-1,,[],835,,602042022,602042022,602042052,602042082,4,400,-1,-1
12055,-1,,[],835,,602042023,602042023,602042053,602042083,5,500,-1,-1
12056,-1,,[],835,,602042024,602042024,602042054,602042084,6,600,-1,-1
12057,-1,,[],835,,602042025,602042025,602042055,602042085,7,700,-1,-1
12058,-1,,[],835,,602042026,602042026,602042056,602042086,8,800,-1,-1
12059,-1,,[],835,,602042027,602042027,602042057,602042087,9,900,-1,-1
12060,-1,,[],835,,602042028,602042028,602042058,602042088,10,1000,-1,-1
12061,-1,,[],835,,602042029,602042029,602042059,602042089,11,1200,-1,-1
12062,-1,,[],835,,602042030,602042030,602042060,602042090,12,1400,-1,-1
12063,-1,,[],835,,602042031,602042031,602042061,602042091,13,1600,-1,-1
12064,-1,,[],835,,602042032,602042032,602042062,602042092,14,1800,-1,-1
12065,-1,,[],835,,602042033,602042033,602042063,602042093,15,2000,-1,-1
12066,-1,,[],835,,602042034,602042034,602042064,602042094,16,2200,-1,-1
12067,-1,,[],835,,602042035,602042035,602042065,602042095,17,2400,-1,-1
12068,-1,,[],835,,602042036,602042036,602042066,602042096,18,2600,-1,-1
12069,-1,,[],835,,602042037,602042037,602042067,602042097,19,2800,-1,-1
12070,-1,,[],835,,602042038,602042038,602042068,602042098,20,3000,-1,-1
12071,-1,,[],835,,602042039,602042039,602042069,602042099,21,3200,-1,-1
12072,-1,,[],835,,602042040,602042040,602042070,602042100,22,3400,-1,-1
12073,-1,,[],835,,602042041,602042041,602042071,602042101,23,3600,-1,-1
12074,-1,,[],835,,602042042,602042042,602042072,602042102,24,3800,-1,-1
12075,-1,,[],835,,602042043,602042043,602042073,602042103,25,4000,-1,-1
12076,-1,,[],835,,602042044,602042044,602042074,602042104,26,4200,-1,-1
12077,-1,,[],835,,602042045,602042045,602042075,602042105,27,4400,-1,-1
12078,-1,,[],835,,602042046,602042046,602042076,602042106,28,4600,-1,-1
12079,-1,,[],835,,602042047,602042047,602042077,602042107,29,4800,-1,-1
12080,-1,,[],835,,602042048,602042048,602042078,602042108,30,5000,-1,-1
12081,-1,,[],836,,602053401,602053401,-1,-1,1,5,-1,-1
12082,-1,,[],836,,602053402,602053402,-1,-1,2,10,-1,-1
12083,-1,,[],836,,602053403,602053403,-1,-1,3,15,-1,-1
12084,-1,,[],836,,602053404,602053404,-1,-1,4,20,-1,-1
12085,-1,,[],836,,602053405,602053405,-1,-1,5,40,-1,-1
12086,-1,,[],836,,602053406,602053406,-1,-1,6,60,-1,-1
12087,-1,,[],836,,602053407,602053407,-1,-1,7,80,-1,-1
12088,-1,,[],836,,602053408,602053408,-1,-1,8,120,-1,-1
12089,-1,,[],836,,602053409,602053409,-1,-1,9,160,-1,-1
12090,-1,,[],836,,602053410,602053410,-1,-1,10,200,-1,-1
12091,-1,,[],836,,602053411,602053411,-1,-1,11,250,-1,-1
12092,-1,,[],836,,602053412,602053412,-1,-1,12,300,-1,-1
12093,-1,,[],837,,602063001,602063001,-1,-1,1,1,-1,-1
12094,-1,,[],837,,602063002,602063002,-1,-1,2,2,-1,-1
12095,-1,,[],837,,602063003,602063003,-1,-1,3,3,-1,-1
12096,-1,,[],838,,602083201,602083201,-1,-1,1,10,-1,-1
12097,-1,,[],838,,602083202,602083202,-1,-1,2,30,-1,-1
12098,-1,,[],838,,602083203,602083203,-1,-1,3,100,-1,-1
12099,-1,,[],838,,602083204,602083204,-1,-1,4,200,-1,-1
12100,-1,,[],838,,602083205,602083205,-1,-1,5,400,-1,-1
12101,-1,,[],838,,602083206,602083206,-1,-1,6,800,-1,-1
12102,-1,,[],839,activity_point_kldj,602098004,602098004,-1,-1,1,10,-1,-1
12103,-1,,[],839,activity_point_kldj,602098005,602098005,-1,-1,2,20,-1,-1
12104,-1,,[],839,activity_point_kldj,602098006,602098006,-1,-1,3,30,-1,-1
12105,-1,,[],839,activity_point_kldj,602098007,602098007,-1,-1,4,40,-1,-1
12106,-1,,[],839,activity_point_kldj,602098008,602098008,-1,-1,5,60,-1,-1
12107,-1,,[],839,activity_point_kldj,602098009,602098009,-1,-1,6,80,-1,-1
12108,-1,,[],839,activity_point_kldj,602098010,602098010,-1,-1,7,100,-1,-1
12109,-1,,[],840,,602108508,602108508,-1,-1,1,30,-1,-1
12110,-1,,[],840,,602108509,602108509,-1,-1,2,50,-1,-1
12111,-1,,[],840,,602108510,602108510,-1,-1,3,100,-1,-1
12112,-1,,[],840,,602108511,602108511,-1,-1,4,200,-1,-1
12113,-1,,[],840,,602108512,602108512,-1,-1,5,350,-1,-1
12114,-1,,[],840,,602108513,602108513,-1,-1,6,500,-1,-1
12115,-1,,[],840,,602108514,602108514,-1,-1,7,1000,-1,-1
12116,-1,,[],840,,602108515,602108515,-1,-1,8,1500,-1,-1
12117,-1,,[],840,,602108516,602108516,-1,-1,9,2500,-1,-1
12118,-1,,[],840,,602108517,602108517,-1,-1,10,3500,-1,-1
12119,-1,,[],840,,602108518,602108518,-1,-1,11,5000,-1,-1
12120,-1,,[],840,,602108519,602108519,-1,-1,12,8000,-1,-1
12121,-1,,[],841,,602108626,602108626,602108651,602108676,1,100,-1,-1
12122,-1,,[],841,,602108627,602108627,602108652,602108677,2,150,-1,-1
12123,-1,,[],841,,602108628,602108628,602108653,602108678,3,200,-1,-1
12124,-1,,[],841,,602108629,602108629,602108654,602108679,4,250,-1,-1
12125,-1,,[],841,,602108630,602108630,602108655,602108680,5,300,-1,-1
12126,-1,,[],841,,602108631,602108631,602108656,602108681,6,350,-1,-1
12127,-1,,[],841,,602108632,602108632,602108657,602108682,7,400,-1,-1
12128,-1,,[],841,,602108633,602108633,602108658,602108683,8,450,-1,-1
12129,-1,,[],841,,602108634,602108634,602108659,602108684,9,500,-1,-1
12130,-1,,[],841,,602108635,602108635,602108660,602108685,10,550,-1,-1
12131,-1,,[],841,,602108636,602108636,602108661,602108686,11,600,-1,-1
12132,-1,,[],841,,602108637,602108637,602108662,602108687,12,700,-1,-1
12133,-1,,[],841,,602108638,602108638,602108663,602108688,13,800,-1,-1
12134,-1,,[],841,,602108639,602108639,602108664,602108689,14,900,-1,-1
12135,-1,,[],841,,602108640,602108640,602108665,602108690,15,1000,-1,-1
12136,-1,,[],841,,602108641,602108641,602108666,602108691,16,1100,-1,-1
12137,-1,,[],841,,602108642,602108642,602108667,602108692,17,1200,-1,-1
12138,-1,,[],841,,602108643,602108643,602108668,602108693,18,1300,-1,-1
12139,-1,,[],841,,602108644,602108644,602108669,602108694,19,1400,-1,-1
12140,-1,,[],841,,602108645,602108645,602108670,602108695,20,1500,-1,-1
12141,-1,,[],841,,602108646,602108646,602108671,602108696,21,1600,-1,-1
12142,-1,,[],841,,602108647,602108647,602108672,602108697,22,1700,-1,-1
12143,-1,,[],841,,602108648,602108648,602108673,602108698,23,1800,-1,-1
12144,-1,,[],841,,602108649,602108649,602108674,602108699,24,1900,-1,-1
12145,-1,,[],841,,602108650,602108650,602108675,602108700,25,2000,-1,-1
12146,-1,,[],842,,602110211,602110211,-1,-1,1,100,-1,-1
12147,-1,,[],842,,602110212,602110212,-1,-1,2,500,-1,-1
12148,-1,,[],842,,602110213,602110213,-1,-1,3,1000,-1,-1
12149,-1,,[],842,,602110214,602110214,-1,-1,4,1500,-1,-1
12150,-1,,[],842,,602110215,602110215,-1,-1,5,2000,-1,-1
12151,-1,,[],843,,602110221,602110221,-1,-1,1,100,-1,-1
12152,-1,,[],843,,602110222,602110222,-1,-1,2,500,-1,-1
12153,-1,,[],843,,602110223,602110223,-1,-1,3,1000,-1,-1
12154,-1,,[],843,,602110224,602110224,-1,-1,4,1500,-1,-1
12155,-1,,[],843,,602110225,602110225,-1,-1,5,2000,-1,-1
12156,-1,,[],844,,602110231,602110231,-1,-1,1,100,-1,-1
12157,-1,,[],844,,602110232,602110232,-1,-1,2,500,-1,-1
12158,-1,,[],844,,602110233,602110233,-1,-1,3,1000,-1,-1
12159,-1,,[],844,,602110234,602110234,-1,-1,4,1500,-1,-1
12160,-1,,[],844,,602110235,602110235,-1,-1,5,2000,-1,-1
12161,-1,,[],845,,602110241,602110241,-1,-1,1,100,-1,-1
12162,-1,,[],845,,602110242,602110242,-1,-1,2,500,-1,-1
12163,-1,,[],845,,602110243,602110243,-1,-1,3,1000,-1,-1
12164,-1,,[],845,,602110244,602110244,-1,-1,4,1500,-1,-1
12165,-1,,[],845,,602110245,602110245,-1,-1,5,2000,-1,-1
12166,-1,,[],846,,602110251,602110251,-1,-1,1,50,-1,-1
12167,-1,,[],846,,602110252,602110252,-1,-1,2,250,-1,-1
12168,-1,,[],846,,602110253,602110253,-1,-1,3,500,-1,-1
12169,-1,,[],846,,602110254,602110254,-1,-1,4,750,-1,-1
12170,-1,,[],846,,602110255,602110255,-1,-1,5,1000,-1,-1
12171,-1,,[],847,,602110271,602110271,-1,-1,1,100,-1,-1
12172,-1,,[],847,,602110272,602110272,-1,-1,2,500,-1,-1
12173,-1,,[],847,,602110273,602110273,-1,-1,3,1000,-1,-1
12174,-1,,[],847,,602110274,602110274,-1,-1,4,1500,-1,-1
12175,-1,,[],847,,602110275,602110275,-1,-1,5,2000,-1,-1
12176,-1,,[],848,,602110281,602110281,-1,-1,1,100,-1,-1
12177,-1,,[],848,,602110282,602110282,-1,-1,2,500,-1,-1
12178,-1,,[],848,,602110283,602110283,-1,-1,3,1000,-1,-1
12179,-1,,[],848,,602110284,602110284,-1,-1,4,1500,-1,-1
12180,-1,,[],848,,602110285,602110285,-1,-1,5,2000,-1,-1
12181,-1,,[],849,,602110291,602110291,-1,-1,1,100,-1,-1
12182,-1,,[],849,,602110292,602110292,-1,-1,2,500,-1,-1
12183,-1,,[],849,,602110293,602110293,-1,-1,3,1000,-1,-1
12184,-1,,[],849,,602110294,602110294,-1,-1,4,1500,-1,-1
12185,-1,,[],849,,602110295,602110295,-1,-1,5,2000,-1,-1
12186,-1,,[],850,,602110301,602110301,-1,-1,1,100,-1,-1
12187,-1,,[],850,,602110302,602110302,-1,-1,2,500,-1,-1
12188,-1,,[],850,,602110303,602110303,-1,-1,3,1000,-1,-1
12189,-1,,[],850,,602110304,602110304,-1,-1,4,1500,-1,-1
12190,-1,,[],850,,602110305,602110305,-1,-1,5,2000,-1,-1
12191,-1,,[],851,,602110311,602110311,-1,-1,1,50,-1,-1
12192,-1,,[],851,,602110312,602110312,-1,-1,2,250,-1,-1
12193,-1,,[],851,,602110313,602110313,-1,-1,3,500,-1,-1
12194,-1,,[],851,,602110314,602110314,-1,-1,4,750,-1,-1
12195,-1,,[],851,,602110315,602110315,-1,-1,5,1000,-1,-1
12196,-1,,[],852,,602111201,602111201,-1,-1,1,3,-1,-1
12197,-1,,[],852,,602111202,602111202,-1,-1,2,9,-1,-1
12198,-1,,[],852,,602111203,602111203,-1,-1,3,15,-1,-1
12199,-1,,[],853,,602113002,602113002,-1,-1,1,3,-1,-1
12200,-1,,[],853,,602113003,602113003,-1,-1,2,6,-1,-1
12201,-1,,[],853,,602113004,602113004,-1,-1,3,12,-1,-1
12202,-1,,[],854,,602123007,602123007,-1,-1,1,150,-1,-1
12203,-1,,[],854,,602123008,602123008,-1,-1,2,300,-1,-1
12204,-1,,[],854,,602123009,602123009,-1,-1,3,1000,-1,-1
12205,-1,,[],854,,602123010,602123010,-1,-1,4,3000,-1,-1
12206,-1,,[],854,,602123011,602123011,-1,-1,5,6000,-1,-1
12207,-1,,[],854,,602123012,602123012,-1,-1,6,12000,-1,8
12208,-1,,[],855,,602123048,602123048,-1,-1,1,10,-1,-1
12209,-1,,[],855,,602123049,602123049,-1,-1,2,30,-1,-1
12210,-1,,[],855,,602123050,602123050,-1,-1,3,100,-1,-1
12211,-1,,[],855,,602123051,602123051,-1,-1,4,200,-1,-1
12212,-1,,[],855,,602123052,602123052,-1,-1,5,400,-1,-1
12213,-1,,[],855,,602123053,602123053,-1,-1,6,800,-1,8
12214,-1,,[],856,,602163001,602163001,602163101,-1,1,1,-1,-1
12215,-1,,[],856,,602163002,602163002,602163102,-1,2,2,-1,-1
12216,-1,,[],856,,602163003,602163003,602163103,-1,3,3,-1,-1
12217,-1,,[],856,,602163004,602163004,602163104,-1,4,4,-1,-1
12218,-1,,[],856,,602163005,602163005,602163105,-1,5,5,-1,-1
12219,-1,,[],856,,602163006,602163006,602163106,-1,6,6,-1,-1
12220,-1,,[],856,,602163007,602163007,602163107,-1,7,7,-1,-1
12221,-1,,[],857,,603038001,603038001,603038006,-1,1,1,-1,-1
12222,-1,,[],857,,603038002,603038002,603038007,-1,2,2,-1,-1
12223,-1,,[],857,,603038003,603038003,603038008,-1,3,3,-1,-1
12224,-1,,[],857,,603038004,603038004,603038009,-1,4,4,-1,-1
12225,-1,,[],857,,603038005,603038005,603038010,-1,5,5,-1,-1
12251,-1,,[],859,,603034101,603034101,-1,-1,1,100,-1,-1
12252,-1,,[],859,,603034102,603034102,-1,-1,2,500,-1,-1
12253,-1,,[],859,,603034103,603034103,-1,-1,3,1000,-1,-1
12254,-1,,[],859,,603034104,603034104,-1,-1,4,1500,-1,-1
12255,-1,,[],859,,603034105,603034105,-1,-1,5,2000,-1,-1
12256,-1,,[],860,,603034201,603034201,-1,-1,1,100,-1,-1
12257,-1,,[],860,,603034202,603034202,-1,-1,2,500,-1,-1
12258,-1,,[],860,,603034203,603034203,-1,-1,3,1000,-1,-1
12259,-1,,[],860,,603034204,603034204,-1,-1,4,1500,-1,-1
12260,-1,,[],860,,603034205,603034205,-1,-1,5,2000,-1,-1
12261,-1,,[],861,,603034301,603034301,-1,-1,1,100,-1,-1
12262,-1,,[],861,,603034302,603034302,-1,-1,2,500,-1,-1
12263,-1,,[],861,,603034303,603034303,-1,-1,3,1000,-1,-1
12264,-1,,[],861,,603034304,603034304,-1,-1,4,1500,-1,-1
12265,-1,,[],861,,603034305,603034305,-1,-1,5,2000,-1,-1
12266,-1,,[],862,,603034401,603034401,-1,-1,1,100,-1,-1
12267,-1,,[],862,,603034402,603034402,-1,-1,2,500,-1,-1
12268,-1,,[],862,,603034403,603034403,-1,-1,3,1000,-1,-1
12269,-1,,[],862,,603034404,603034404,-1,-1,4,1500,-1,-1
12270,-1,,[],862,,603034405,603034405,-1,-1,5,2000,-1,-1
12271,-1,,[],863,,603034501,603034501,-1,-1,1,50,-1,-1
12272,-1,,[],863,,603034502,603034502,-1,-1,2,250,-1,-1
12273,-1,,[],863,,603034503,603034503,-1,-1,3,500,-1,-1
12274,-1,,[],863,,603034504,603034504,-1,-1,4,750,-1,-1
12275,-1,,[],863,,603034505,603034505,-1,-1,5,1000,-1,-1
12276,-1,,[],864,,603035101,603035101,-1,-1,1,100,-1,-1
12277,-1,,[],864,,603035102,603035102,-1,-1,2,500,-1,-1
12278,-1,,[],864,,603035103,603035103,-1,-1,3,1000,-1,-1
12279,-1,,[],864,,603035104,603035104,-1,-1,4,1500,-1,-1
12280,-1,,[],864,,603035105,603035105,-1,-1,5,2000,-1,-1
12281,-1,,[],865,,603035201,603035201,-1,-1,1,100,-1,-1
12282,-1,,[],865,,603035202,603035202,-1,-1,2,500,-1,-1
12283,-1,,[],865,,603035203,603035203,-1,-1,3,1000,-1,-1
12284,-1,,[],865,,603035204,603035204,-1,-1,4,1500,-1,-1
12285,-1,,[],865,,603035205,603035205,-1,-1,5,2000,-1,-1
12286,-1,,[],866,,603035301,603035301,-1,-1,1,100,-1,-1
12287,-1,,[],866,,603035302,603035302,-1,-1,2,500,-1,-1
12288,-1,,[],866,,603035303,603035303,-1,-1,3,1000,-1,-1
12289,-1,,[],866,,603035304,603035304,-1,-1,4,1500,-1,-1
12290,-1,,[],866,,603035305,603035305,-1,-1,5,2000,-1,-1
12291,-1,,[],867,,603035401,603035401,-1,-1,1,100,-1,-1
12292,-1,,[],867,,603035402,603035402,-1,-1,2,500,-1,-1
12293,-1,,[],867,,603035403,603035403,-1,-1,3,1000,-1,-1
12294,-1,,[],867,,603035404,603035404,-1,-1,4,1500,-1,-1
12295,-1,,[],867,,603035405,603035405,-1,-1,5,2000,-1,-1
12296,-1,,[],868,,603035501,603035501,-1,-1,1,50,-1,-1
12297,-1,,[],868,,603035502,603035502,-1,-1,2,250,-1,-1
12298,-1,,[],868,,603035503,603035503,-1,-1,3,500,-1,-1
12299,-1,,[],868,,603035504,603035504,-1,-1,4,750,-1,-1
12300,-1,,[],868,,603035505,603035505,-1,-1,5,1000,-1,-1
12301,-1,,[],869,,603033001,603033001,603033101,-1,1,1,-1,-1
12302,-1,,[],869,,603033002,603033002,603033102,-1,2,2,-1,-1
12303,-1,,[],869,,603033003,603033003,603033103,-1,3,3,-1,-1
12304,-1,,[],869,,603033004,603033004,603033104,-1,4,4,-1,-1
12305,-1,,[],869,,603033005,603033005,603033105,-1,5,5,-1,-1
12306,-1,,[],869,,603033006,603033006,603033106,-1,6,6,-1,-1
12307,-1,,[],869,,603033007,603033007,603033107,-1,7,7,-1,-1
12308,-1,,[],869,,603033008,603033008,603033108,-1,8,8,-1,-1
12309,-1,,[],869,,603033009,603033009,603033109,-1,9,9,-1,-1
12310,-1,,[],869,,603033010,603033010,603033110,-1,10,10,-1,-1
12311,-1,,[],869,,603033011,603033011,603033111,-1,11,11,-1,-1
12312,-1,,[],869,,603033012,603033012,603033112,-1,12,12,-1,-1
12313,-1,,[],869,,603033013,603033013,603033113,-1,13,13,-1,-1
12314,-1,,[],869,,603033014,603033014,603033114,-1,14,14,-1,-1
12315,-1,,[],870,,510133001,510133001,603083001,-1,1,100,-1,-1
12316,-1,,[],870,,510133002,510133002,603083002,-1,2,200,-1,-1
12317,-1,,[],870,,510133003,510133003,603083003,-1,3,400,-1,-1
12318,-1,,[],870,,510133004,510133004,603083004,-1,4,600,-1,-1
12319,-1,,[],870,,510133005,510133005,603083005,-1,5,800,-1,-1
12320,-1,,[],870,,510133006,510133006,603083006,-1,6,1000,-1,-1
12321,-1,,[],870,,510133007,510133007,603083007,-1,7,1200,-1,-1
12322,-1,,[],870,,510133008,510133008,603083008,-1,8,1400,-1,-1
12323,-1,,[],870,,510133009,510133009,603083009,-1,9,1600,-1,-1
12324,-1,,[],870,,510133010,510133010,603083010,-1,10,1800,-1,-1
12325,-1,,[],870,,510133011,510133011,603083011,-1,11,2000,-1,-1
12326,-1,,[],870,,510133012,510133012,603083012,-1,12,2200,-1,-1
12327,-1,,[],870,,510133013,510133013,603083013,-1,13,2400,-1,-1
12328,-1,,[],870,,510133014,510133014,603083014,-1,14,2600,-1,-1
12329,-1,,[],870,,510133015,510133015,603083015,-1,15,2800,-1,-1
12330,-1,,[],870,,510133016,510133016,603083016,-1,16,3000,-1,-1
12331,-1,,[],870,,510133017,510133017,603083017,-1,17,3200,-1,-1
12332,-1,,[],870,,510133018,510133018,603083018,-1,18,3400,-1,-1
12333,-1,,[],870,,510133019,510133019,603083019,-1,19,3600,-1,-1
12334,-1,,[],870,,510133020,510133020,603083020,-1,20,3800,-1,-1
12335,-1,,[],870,,510133021,510133021,603083021,-1,21,4000,-1,-1
12336,-1,,[],870,,510133022,510133022,603083022,-1,22,4200,-1,-1
12337,-1,,[],870,,510133023,510133023,603083023,-1,23,4400,-1,-1
12338,-1,,[],870,,510133024,510133024,603083024,-1,24,4600,-1,-1
12339,-1,,[],870,,510133025,510133025,603083025,-1,25,4800,-1,-1
12340,-1,,[],870,,510133026,510133026,603083026,-1,26,5000,-1,-1
12341,-1,,[],870,,510133027,510133027,603083027,-1,27,5200,-1,-1
12342,-1,,[],870,,510133028,510133028,603083028,-1,28,5400,-1,-1
12343,-1,,[],870,,510133029,510133029,603083029,-1,29,5600,-1,-1
12344,-1,,[],870,,510133030,510133030,603083030,-1,30,5800,-1,-1
12345,-1,,[],871,,603063001,603063001,-1,-1,1,150,-1,-1
12346,-1,,[],871,,603063002,603063002,-1,-1,2,300,-1,-1
12347,-1,,[],871,,603063003,603063003,-1,-1,3,1000,-1,-1
12348,-1,,[],871,,603063004,603063004,-1,-1,4,3000,-1,-1
12349,-1,,[],871,,603063005,603063005,-1,-1,5,6000,-1,-1
12350,-1,,[],871,,603063006,603063006,-1,-1,6,12000,-1,8
12351,-1,,[],872,,603066201,603066201,603066301,-1,1,1,-1,-1
12352,-1,,[],872,,603066202,603066202,603066302,-1,2,2,-1,-1
12353,-1,,[],872,,603066203,603066203,603066303,-1,3,3,-1,-1
12354,-1,,[],872,,603066204,603066204,603066304,-1,4,4,-1,-1
12355,-1,,[],872,,603066205,603066205,603066305,-1,5,5,-1,-1
12356,-1,,[],873,,603064001,603064001,603064007,-1,1,1,-1,-1
12357,-1,,[],873,,603064002,603064002,603064008,-1,2,2,-1,-1
12358,-1,,[],873,,603064003,603064003,603064009,-1,3,3,-1,-1
12359,-1,,[],873,,603064004,603064004,603064010,-1,4,4,-1,-1
12360,-1,,[],873,,603064005,603064005,603064011,-1,5,5,-1,-1
12361,-1,,[],873,,603064006,603064006,603064012,-1,6,6,-1,-1
12362,-1,,[],874,,512080001,512080001,603118001,512080101,1,100,-1,-1
12363,-1,,[],874,,512080002,512080002,603118002,512080102,2,150,-1,-1
12364,-1,,[],874,,512080003,512080003,603118003,512080103,3,200,-1,-1
12365,-1,,[],874,,512080004,512080004,603118004,512080104,4,250,-1,-1
12366,-1,,[],874,,512080005,512080005,603118005,512080105,5,300,-1,-1
12367,-1,,[],874,,512080006,512080006,603118006,512080106,6,350,-1,-1
12368,-1,,[],874,,512080007,512080007,603118007,512080107,7,400,-1,-1
12369,-1,,[],874,,512080008,512080008,603118008,512080108,8,450,-1,-1
12370,-1,,[],874,,512080009,512080009,603118009,512080109,9,500,-1,-1
12371,-1,,[],874,,512080010,512080010,603118010,512080110,10,550,-1,-1
12372,-1,,[],874,,512080011,512080011,603118011,512080111,11,600,-1,-1
12373,-1,,[],874,,512080012,512080012,603118012,512080112,12,700,-1,-1
12374,-1,,[],874,,512080013,512080013,603118013,512080113,13,800,-1,-1
12375,-1,,[],874,,512080014,512080014,603118014,512080114,14,900,-1,-1
12376,-1,,[],874,,512080015,512080015,603118015,512080115,15,1000,-1,-1
12377,-1,,[],874,,512080016,512080016,603118016,512080116,16,1100,-1,-1
12378,-1,,[],874,,512080017,512080017,603118017,512080117,17,1200,-1,-1
12379,-1,,[],874,,512080018,512080018,603118018,512080118,18,1300,-1,-1
12380,-1,,[],874,,512080019,512080019,603118019,512080119,19,1400,-1,-1
12381,-1,,[],874,,512080020,512080020,603118020,512080120,20,1500,-1,-1
12382,-1,,[],874,,512080021,512080021,603118021,512080121,21,1600,-1,-1
12383,-1,,[],874,,512080022,512080022,603118022,512080122,22,1700,-1,-1
12384,-1,,[],874,,512080023,512080023,603118023,512080123,23,1800,-1,-1
12385,-1,,[],874,,512080024,512080024,603118024,512080124,24,1900,-1,-1
12386,-1,,[],874,,512080025,512080025,603118025,512080125,25,2000,-1,-1
12387,-1,,[],875,,512046613,512046613,-1,-1,1,10,-1,-1
12388,-1,,[],875,,512046614,512046614,-1,-1,2,30,-1,-1
12389,-1,,[],875,,512046615,512046615,-1,-1,3,100,-1,-1
12390,-1,,[],875,,512046616,512046616,-1,-1,4,200,-1,-1
12391,-1,,[],875,,512046617,512046617,-1,-1,5,400,-1,-1
12392,-1,,[],875,,512156306,512156306,-1,-1,6,800,-1,-1
12393,-1,,[],876,,603118101,603118101,603118126,603118151,1,100,-1,-1
12394,-1,,[],876,,603118102,603118102,603118127,603118152,2,150,-1,-1
12395,-1,,[],876,,603118103,603118103,603118128,603118153,3,200,-1,-1
12396,-1,,[],876,,603118104,603118104,603118129,603118154,4,250,-1,-1
12397,-1,,[],876,,603118105,603118105,603118130,603118155,5,300,-1,-1
12398,-1,,[],876,,603118106,603118106,603118131,603118156,6,350,-1,-1
12399,-1,,[],876,,603118107,603118107,603118132,603118157,7,400,-1,-1
12400,-1,,[],876,,603118108,603118108,603118133,603118158,8,450,-1,-1
12401,-1,,[],876,,603118109,603118109,603118134,603118159,9,500,-1,-1
12402,-1,,[],876,,603118110,603118110,603118135,603118160,10,550,-1,-1
12403,-1,,[],876,,603118111,603118111,603118136,603118161,11,600,-1,-1
12404,-1,,[],876,,603118112,603118112,603118137,603118162,12,700,-1,-1
12405,-1,,[],876,,603118113,603118113,603118138,603118163,13,800,-1,-1
12406,-1,,[],876,,603118114,603118114,603118139,603118164,14,900,-1,-1
12407,-1,,[],876,,603118115,603118115,603118140,603118165,15,1000,-1,-1
12408,-1,,[],876,,603118116,603118116,603118141,603118166,16,1100,-1,-1
12409,-1,,[],876,,603118117,603118117,603118142,603118167,17,1200,-1,-1
12410,-1,,[],876,,603118118,603118118,603118143,603118168,18,1300,-1,-1
12411,-1,,[],876,,603118119,603118119,603118144,603118169,19,1400,-1,-1
12412,-1,,[],876,,603118120,603118120,603118145,603118170,20,1500,-1,-1
12413,-1,,[],876,,603118121,603118121,603118146,603118171,21,1600,-1,-1
12414,-1,,[],876,,603118122,603118122,603118147,603118172,22,1700,-1,-1
12415,-1,,[],876,,603118123,603118123,603118148,603118173,23,1800,-1,-1
12416,-1,,[],876,,603118124,603118124,603118149,603118174,24,1900,-1,-1
12417,-1,,[],876,,603118125,603118125,603118150,603118175,25,2000,-1,-1
12418,-1,,[],877,,512156101,512156101,603116001,-1,1,1,-1,-1
12419,-1,,[],877,,512156102,512156102,603116002,-1,2,2,-1,-1
12420,-1,,[],877,,512156103,512156103,603116003,-1,3,3,-1,-1
12421,-1,,[],877,,512156104,512156104,603116004,-1,4,4,-1,-1
12422,-1,,[],877,,512156105,512156105,603116005,-1,5,5,-1,-1
12423,-1,,[],877,,512156106,512156106,603116006,-1,6,6,-1,-1
12424,-1,,[],877,,512156107,512156107,603116007,-1,7,7,-1,-1
12425,-1,,[],877,,512156108,512156108,603116008,-1,8,8,-1,-1
12426,-1,,[],877,,512156109,512156109,603116009,-1,9,9,-1,-1
12427,-1,,[],877,,512156110,512156110,603116010,-1,10,10,-1,-1
12428,-1,,[],877,,512156111,512156111,603116011,-1,11,11,-1,-1
12429,-1,,[],877,,512156112,512156112,603116012,-1,12,12,-1,-1
12430,-1,,[],877,,512156113,512156113,603116013,-1,13,13,-1,-1
12431,-1,,[],877,,512156114,512156114,603116014,-1,14,14,-1,-1
12432,-1,,[],878,,409241901,409241901,603126201,-1,1,1,-1,-1
12433,-1,,[],878,,409241902,409241902,603126202,-1,2,2,-1,-1
12434,-1,,[],878,,409241903,409241903,603126203,-1,3,3,-1,-1
12435,-1,,[],878,,409241904,409241904,603126204,-1,4,4,-1,-1
12436,-1,,[],878,,409241905,409241905,603126205,-1,5,5,-1,-1
12437,-1,,[],878,,409241906,409241906,603126206,-1,6,6,-1,-1
12438,-1,,[],878,,409241907,409241907,603126207,-1,7,7,-1,-1
12439,-1,,[],879,,603125101,603125101,-1,-1,1,10,-1,-1
12440,-1,,[],879,,603125102,603125102,-1,-1,2,20,-1,-1
12441,-1,,[],879,,603125103,603125103,-1,-1,3,40,-1,-1
12442,-1,,[],879,,603125104,603125104,-1,-1,4,80,-1,-1
12443,-1,,[],879,,603125105,603125105,-1,-1,5,200,-1,-1
12444,-1,,[],879,,603125106,603125106,-1,-1,6,400,-1,-1
12445,-1,,[],879,,603125107,603125107,-1,-1,7,800,-1,-1
12446,-1,,[],880,,603133301,603133301,-1,-1,1,1000,-1,-1
12447,-1,,[],880,,603133302,603133302,-1,-1,2,2000,-1,-1
12448,-1,,[],880,,603133303,603133303,-1,-1,3,5000,-1,-1
12449,-1,,[],880,,603133304,603133304,-1,-1,4,10000,-1,-1
12450,-1,,[],880,,603133305,603133305,-1,-1,5,30000,-1,-1
12451,-1,,[],880,,603133306,603133306,-1,-1,6,70000,-1,-1
12452,-1,,[],880,,603133307,603133307,-1,-1,7,200000,-1,-1
12453,-1,,[],881,,603133601,603133601,-1,-1,1,1000,-1,-1
12454,-1,,[],881,,603133602,603133602,-1,-1,2,2000,-1,-1
12455,-1,,[],881,,603133603,603133603,-1,-1,3,5000,-1,-1
12456,-1,,[],881,,603133604,603133604,-1,-1,4,10000,-1,-1
12457,-1,,[],881,,603133605,603133605,-1,-1,5,30000,-1,-1
12458,-1,,[],881,,603133606,603133606,-1,-1,6,80000,-1,-1
12459,-1,,[],881,,603133607,603133607,-1,-1,7,240000,-1,-1
12460,-1,,[],882,,603146001,603146001,603146101,603146201,1,100,-1,-1
12461,-1,,[],882,,603146002,603146002,603146102,603146202,2,150,-1,-1
12462,-1,,[],882,,603146003,603146003,603146103,603146203,3,200,-1,-1
12463,-1,,[],882,,603146004,603146004,603146104,603146204,4,250,-1,-1
12464,-1,,[],882,,603146005,603146005,603146105,603146205,5,300,-1,-1
12465,-1,,[],882,,603146006,603146006,603146106,603146206,6,350,-1,-1
12466,-1,,[],882,,603146007,603146007,603146107,603146207,7,400,-1,-1
12467,-1,,[],882,,603146008,603146008,603146108,603146208,8,450,-1,-1
12468,-1,,[],882,,603146009,603146009,603146109,603146209,9,500,-1,-1
12469,-1,,[],882,,603146010,603146010,603146110,603146210,10,550,-1,-1
12470,-1,,[],882,,603146011,603146011,603146111,603146211,11,600,-1,-1
12471,-1,,[],882,,603146012,603146012,603146112,603146212,12,700,-1,-1
12472,-1,,[],882,,603146013,603146013,603146113,603146213,13,800,-1,-1
12473,-1,,[],882,,603146014,603146014,603146114,603146214,14,900,-1,-1
12474,-1,,[],882,,603146015,603146015,603146115,603146215,15,1000,-1,-1
12475,-1,,[],882,,603146016,603146016,603146116,603146216,16,1100,-1,-1
12476,-1,,[],882,,603146017,603146017,603146117,603146217,17,1200,-1,-1
12477,-1,,[],882,,603146018,603146018,603146118,603146218,18,1300,-1,-1
12478,-1,,[],882,,603146019,603146019,603146119,603146219,19,1400,-1,-1
12479,-1,,[],882,,603146020,603146020,603146120,603146220,20,1500,-1,-1
12480,-1,,[],882,,603146021,603146021,603146121,603146221,21,1600,-1,-1
12481,-1,,[],882,,603146022,603146022,603146122,603146222,22,1700,-1,-1
12482,-1,,[],882,,603146023,603146023,603146123,603146223,23,1800,-1,-1
12483,-1,,[],882,,603146024,603146024,603146124,603146224,24,1900,-1,-1
12484,-1,,[],882,,603146025,603146025,603146125,603146225,25,2000,-1,-1
12485,-1,,[],883,,603146301,603146301,603146311,-1,1,1,-1,-1
12486,-1,,[],883,,603146302,603146302,603146312,-1,2,2,-1,-1
12487,-1,,[],883,,603146303,603146303,603146313,-1,3,3,-1,-1
12488,-1,,[],883,,603146304,603146304,603146314,-1,4,4,-1,-1
12489,-1,,[],883,,603146305,603146305,603146315,-1,5,5,-1,-1
12490,-1,,[],883,,603146306,603146306,603146316,-1,6,6,-1,-1
12491,-1,,[],883,,603146307,603146307,603146317,-1,7,7,-1,-1
12492,-1,,[],884,,603146401,603146401,-1,-1,1,20,-1,-1
12493,-1,,[],884,,603146402,603146402,-1,-1,2,50,-1,-1
12494,-1,,[],884,,603146403,603146403,-1,-1,3,100,-1,-1
12495,-1,,[],884,,603146404,603146404,-1,-1,4,200,-1,-1
12496,-1,,[],884,,603146405,603146405,-1,-1,5,500,-1,-1
12497,-1,,[],884,,603146406,603146406,-1,-1,6,800,-1,-1
12498,-1,,[],884,,603146407,603146407,-1,-1,7,2000,-1,-1
12499,-1,,[],885,,603180001,603180001,603180101,-1,1,1,-1,-1
12500,-1,,[],885,,603180002,603180002,603180102,-1,2,2,-1,-1
12501,-1,,[],885,,603180003,603180003,603180103,-1,3,3,-1,-1
12502,-1,,[],885,,603180004,603180004,603180104,-1,4,4,-1,-1
12503,-1,,[],885,,603180005,603180005,603180105,-1,5,5,-1,-1
12504,-1,,[],885,,603180006,603180006,603180106,-1,6,6,-1,-1
12505,-1,,[],885,,603180007,603180007,603180107,-1,7,7,-1,-1
12506,-1,,[],885,,603180008,603180008,603180108,-1,8,8,-1,-1
12507,-1,,[],885,,603180009,603180009,603180109,-1,9,9,-1,-1
12508,-1,,[],885,,603180010,603180010,603180110,-1,10,10,-1,-1
12509,-1,,[],885,,603180011,603180011,603180111,-1,11,11,-1,-1
12510,-1,,[],885,,603180012,603180012,603180112,-1,12,12,-1,-1
12511,-1,,[],885,,603180013,603180013,603180113,-1,13,13,-1,-1
12512,-1,,[],885,,603180014,603180014,603180114,-1,14,14,-1,-1
12513,-1,,[],886,,505170101,505170101,505170201,603253001,1,100,-1,-1
12514,-1,,[],886,,505170102,505170102,505170202,505170302,2,200,-1,-1
12515,-1,,[],886,,505170103,505170103,505170203,505170303,3,300,-1,-1
12516,-1,,[],886,,505170104,505170104,505170204,505170304,4,400,-1,-1
12517,-1,,[],886,,505170105,505170105,505170205,505170305,5,500,-1,-1
12518,-1,,[],886,,505170106,505170106,505170206,505170306,6,600,-1,-1
12519,-1,,[],886,,505170107,505170107,505170207,505170307,7,700,-1,-1
12520,-1,,[],886,,505170108,505170108,505170208,505170308,8,800,-1,-1
12521,-1,,[],886,,505170109,505170109,505170209,505170309,9,900,-1,-1
12522,-1,,[],886,,505170110,505170110,505170210,505170310,10,1000,-1,-1
12523,-1,,[],886,,505170111,505170111,505170211,505170311,11,1100,-1,-1
12524,-1,,[],886,,505170112,505170112,505170212,505170312,12,1200,-1,-1
12525,-1,,[],886,,505170113,505170113,505170213,505170313,13,1300,-1,-1
12526,-1,,[],886,,505170114,505170114,505170214,505170314,14,1400,-1,-1
12527,-1,,[],886,,505170115,505170115,505170215,505170315,15,1500,-1,-1
12528,-1,,[],886,,505170116,505170116,505170216,505170316,16,1600,-1,-1
12529,-1,,[],886,,505170117,505170117,505170217,505170317,17,1700,-1,-1
12530,-1,,[],886,,505170118,505170118,505170218,505170318,18,1800,-1,-1
12531,-1,,[],886,,505170119,505170119,505170219,505170319,19,1900,-1,-1
12532,-1,,[],886,,505170120,505170120,505170220,505170320,20,2000,-1,-1
12533,-1,,[],886,,505170121,505170121,505170221,505170321,21,2200,-1,-1
12534,-1,,[],886,,505170122,505170122,505170222,505170322,22,2400,-1,-1
12535,-1,,[],886,,505170123,505170123,505170223,505170323,23,2600,-1,-1
12536,-1,,[],886,,505170124,505170124,505170224,505170324,24,2800,-1,-1
12537,-1,,[],886,,505170125,505170125,505170225,505170325,25,3000,-1,-1
12538,-1,,[],887,,603250251,603250251,603250276,603250301,1,100,-1,-1
12539,-1,,[],887,,603250252,603250252,603250277,603250302,2,150,-1,-1
12540,-1,,[],887,,603250253,603250253,603250278,603250303,3,200,-1,-1
12541,-1,,[],887,,603250254,603250254,603250279,603250304,4,250,-1,-1
12542,-1,,[],887,,603250255,603250255,603250280,603250305,5,300,-1,-1
12543,-1,,[],887,,603250256,603250256,603250281,603250306,6,350,-1,-1
12544,-1,,[],887,,603250257,603250257,603250282,603250307,7,400,-1,-1
12545,-1,,[],887,,603250258,603250258,603250283,603250308,8,450,-1,-1
12546,-1,,[],887,,603250259,603250259,603250284,603250309,9,500,-1,-1
12547,-1,,[],887,,603250260,603250260,603250285,603250310,10,550,-1,-1
12548,-1,,[],887,,603250261,603250261,603250286,603250311,11,600,-1,-1
12549,-1,,[],887,,603250262,603250262,603250287,603250312,12,700,-1,-1
12550,-1,,[],887,,603250263,603250263,603250288,603250313,13,800,-1,-1
12551,-1,,[],887,,603250264,603250264,603250289,603250314,14,900,-1,-1
12552,-1,,[],887,,603250265,603250265,603250290,603250315,15,1000,-1,-1
12553,-1,,[],887,,603250266,603250266,603250291,603250316,16,1100,-1,-1
12554,-1,,[],887,,603250267,603250267,603250292,603250317,17,1200,-1,-1
12555,-1,,[],887,,603250268,603250268,603250293,603250318,18,1300,-1,-1
12556,-1,,[],887,,603250269,603250269,603250294,603250319,19,1400,-1,-1
12557,-1,,[],887,,603250270,603250270,603250295,603250320,20,1500,-1,-1
12558,-1,,[],887,,603250271,603250271,603250296,603250321,21,1600,-1,-1
12559,-1,,[],887,,603250272,603250272,603250297,603250322,22,1700,-1,-1
12560,-1,,[],887,,603250273,603250273,603250298,603250323,23,1800,-1,-1
12561,-1,,[],887,,603250274,603250274,603250299,603250324,24,1900,-1,-1
12562,-1,,[],887,,603250275,603250275,603250300,603250325,25,2000,-1,-1
12563,-1,,[],888,,603250361,603250361,-1,-1,1,15,-1,-1
12564,-1,,[],888,,603250362,603250362,-1,-1,2,40,-1,-1
12565,-1,,[],888,,603250363,603250363,-1,-1,3,80,-1,-1
12566,-1,,[],888,,603250364,603250364,-1,-1,4,160,-1,-1
12567,-1,,[],888,,603250365,603250365,-1,-1,5,400,-1,-1
12568,-1,,[],888,,603250366,603250366,-1,-1,6,650,-1,-1
12569,-1,,[],888,,603250367,603250367,-1,-1,7,1600,-1,-1
12570,-1,,[],889,,603250371,603250371,603250381,-1,1,1,-1,-1
12571,-1,,[],889,,603250372,603250372,603250382,-1,2,2,-1,-1
12572,-1,,[],889,,603250373,603250373,603250383,-1,3,3,-1,-1
12573,-1,,[],889,,603250374,603250374,603250384,-1,4,4,-1,-1
12574,-1,,[],889,,603250375,603250375,603250385,-1,5,5,-1,-1
12575,-1,,[],889,,603250376,603250376,603250386,-1,6,6,-1,-1
12576,-1,,[],889,,603250377,603250377,603250387,-1,7,7,-1,-1
12577,-1,,[],890,,603250051,603250051,603250076,603250101,1,100,-1,-1
12578,-1,,[],890,,603250052,603250052,603250077,603250102,2,150,-1,-1
12579,-1,,[],890,,603250053,603250053,603250078,603250103,3,200,-1,-1
12580,-1,,[],890,,603250054,603250054,603250079,603250104,4,250,-1,-1
12581,-1,,[],890,,603250055,603250055,603250080,603250105,5,300,-1,-1
12582,-1,,[],890,,603250056,603250056,603250081,603250106,6,350,-1,-1
12583,-1,,[],890,,603250057,603250057,603250082,603250107,7,400,-1,-1
12584,-1,,[],890,,603250058,603250058,603250083,603250108,8,450,-1,-1
12585,-1,,[],890,,603250059,603250059,603250084,603250109,9,500,-1,-1
12586,-1,,[],890,,603250060,603250060,603250085,603250110,10,550,-1,-1
12587,-1,,[],890,,603250061,603250061,603250086,603250111,11,600,-1,-1
12588,-1,,[],890,,603250062,603250062,603250087,603250112,12,700,-1,-1
12589,-1,,[],890,,603250063,603250063,603250088,603250113,13,800,-1,-1
12590,-1,,[],890,,603250064,603250064,603250089,603250114,14,900,-1,-1
12591,-1,,[],890,,603250065,603250065,603250090,603250115,15,1000,-1,-1
12592,-1,,[],890,,603250066,603250066,603250091,603250116,16,1100,-1,-1
12593,-1,,[],890,,603250067,603250067,603250092,603250117,17,1200,-1,-1
12594,-1,,[],890,,603250068,603250068,603250093,603250118,18,1300,-1,-1
12595,-1,,[],890,,603250069,603250069,603250094,603250119,19,1400,-1,-1
12596,-1,,[],890,,603250070,603250070,603250095,603250120,20,1500,-1,-1
12597,-1,,[],890,,603250071,603250071,603250096,603250121,21,1600,-1,-1
12598,-1,,[],890,,603250072,603250072,603250097,603250122,22,1700,-1,-1
12599,-1,,[],890,,603250073,603250073,603250098,603250123,23,1800,-1,-1
12600,-1,,[],890,,603250074,603250074,603250099,603250124,24,1900,-1,-1
12601,-1,,[],890,,603250075,603250075,603250100,603250125,25,2000,-1,-1
12602,-1,,[],891,,603250181,603250181,603250191,-1,1,1,-1,-1
12603,-1,,[],891,,603250182,603250182,603250192,-1,2,2,-1,-1
12604,-1,,[],891,,603250183,603250183,603250193,-1,3,3,-1,-1
12605,-1,,[],891,,603250184,603250184,603250194,-1,4,4,-1,-1
12606,-1,,[],891,,603250185,603250185,603250195,-1,5,5,-1,-1
12607,-1,,[],891,,603250186,603250186,603250196,-1,6,6,-1,-1
12608,-1,,[],891,,603250187,603250187,603250197,-1,7,7,-1,-1
12609,-1,,[],892,,603263007,603263007,-1,-1,1,200,-1,-1
12610,-1,,[],892,,603263008,603263008,-1,-1,2,500,-1,-1
12611,-1,,[],892,,603263009,603263009,-1,-1,3,1000,-1,-1
12612,-1,,[],892,,603263010,603263010,-1,-1,4,3000,-1,-1
12613,-1,,[],892,,603263011,603263011,-1,-1,5,6000,-1,-1
12614,-1,,[],892,,603263012,603263012,-1,-1,6,12000,-1,8
12615,-1,,[],893,,603264001,603264001,603264011,-1,1,1,-1,-1
12616,-1,,[],893,,603264002,603264002,603264012,-1,2,2,-1,-1
12617,-1,,[],893,,603264003,603264003,603264013,-1,3,3,-1,-1
12618,-1,,[],893,,603264004,603264004,603264014,-1,4,4,-1,-1
12619,-1,,[],893,,603264005,603264005,603264015,-1,5,5,-1,-1
12620,-1,,[],893,,603264006,603264006,603264016,-1,6,6,-1,-1
12621,-1,,[],893,,603264007,603264007,603264017,-1,7,7,-1,-1
12622,-1,,[],893,,603264008,603264008,603264018,-1,8,8,-1,-1
12623,-1,,[],893,,603264009,603264009,603264019,-1,9,9,-1,-1
12624,-1,,[],893,,603264010,603264010,603264020,-1,10,10,-1,-1
12625,-1,,[],894,,603277101,603277101,603277131,603277161,1,100,-1,-1
12626,-1,,[],894,,603277102,603277102,603277132,603277162,2,200,-1,-1
12627,-1,,[],894,,603277103,603277103,603277133,603277163,3,400,-1,-1
12628,-1,,[],894,,603277104,603277104,603277134,603277164,4,600,-1,-1
12629,-1,,[],894,,603277105,603277105,603277135,603277165,5,800,-1,-1
12630,-1,,[],894,,603277106,603277106,603277136,603277166,6,1000,-1,-1
12631,-1,,[],894,,603277107,603277107,603277137,603277167,7,1200,-1,-1
12632,-1,,[],894,,603277108,603277108,603277138,603277168,8,1400,-1,-1
12633,-1,,[],894,,603277109,603277109,603277139,603277169,9,1600,-1,-1
12634,-1,,[],894,,603277110,603277110,603277140,603277170,10,1800,-1,-1
12635,-1,,[],894,,603277111,603277111,603277141,603277171,11,2000,-1,-1
12636,-1,,[],894,,603277112,603277112,603277142,603277172,12,2200,-1,-1
12637,-1,,[],894,,603277113,603277113,603277143,603277173,13,2400,-1,-1
12638,-1,,[],894,,603277114,603277114,603277144,603277174,14,2600,-1,-1
12639,-1,,[],894,,603277115,603277115,603277145,603277175,15,2800,-1,-1
12640,-1,,[],894,,603277116,603277116,603277146,603277176,16,3000,-1,-1
12641,-1,,[],894,,603277117,603277117,603277147,603277177,17,3200,-1,-1
12642,-1,,[],894,,603277118,603277118,603277148,603277178,18,3400,-1,-1
12643,-1,,[],894,,603277119,603277119,603277149,603277179,19,3600,-1,-1
12644,-1,,[],894,,603277120,603277120,603277150,603277180,20,3800,-1,-1
12645,-1,,[],894,,603277121,603277121,603277151,603277181,21,4000,-1,-1
12646,-1,,[],894,,603277122,603277122,603277152,603277182,22,4200,-1,-1
12647,-1,,[],894,,603277123,603277123,603277153,603277183,23,4400,-1,-1
12648,-1,,[],894,,603277124,603277124,603277154,603277184,24,4600,-1,-1
12649,-1,,[],894,,603277125,603277125,603277155,603277185,25,4800,-1,-1
12650,-1,,[],894,,603277126,603277126,603277156,603277186,26,5000,-1,-1
12651,-1,,[],894,,603277127,603277127,603277157,603277187,27,5200,-1,-1
12652,-1,,[],894,,603277128,603277128,603277158,603277188,28,5400,-1,-1
12653,-1,,[],894,,603277129,603277129,603277159,603277189,29,5600,-1,-1
12654,-1,,[],894,,603277130,603277130,603277160,603277190,30,5800,-1,-1
12655,-1,,[],895,season_honor_desc_18,107101,107101,-1,-1,1,2000,40,-1
12656,-1,,[],895,season_honor_desc_18,107102,107102,-1,-1,2,5000,220,-1
12657,-1,,[],895,season_honor_desc_18,107103,107103,-1,-1,3,8000,400,-1
12658,-1,,[],895,season_honor_desc_18,107104,107104,-1,-1,4,12000,580,-1
12659,-1,,[],895,season_honor_desc_18,107105,107105,-1,-1,5,16000,760,-1
12660,-1,,[],895,season_honor_desc_18,107106,107106,-1,-1,6,20000,940,-1
12661,-1,,[],895,season_honor_desc_18,107107,107107,-1,-1,7,24000,1120,-1
12662,-1,,[],895,season_honor_desc_18,107108,107108,-1,-1,8,30000,1300,-1
12663,-1,,[],895,season_honor_desc_18,107109,107109,-1,-1,9,36000,1480,-1
12664,-1,,[],895,season_honor_desc_18,107110,107110,-1,-1,10,42000,1660,-1
12665,-1,,[],895,season_honor_desc_18,107111,107111,-1,-1,11,48000,1840,-1
12666,-1,,[],895,season_honor_desc_18,107112,107112,-1,-1,12,54000,2020,-1
12667,-1,,[],895,season_honor_desc_18,107113,107113,-1,-1,13,60000,2200,-1
12668,-1,,[],895,season_honor_desc_18,107114,107114,-1,-1,14,70000,2380,-1
12669,-1,,[],895,season_honor_desc_18,107115,107115,-1,-1,15,80000,2560,-1
12670,-1,,[],895,season_honor_desc_18,107116,107116,-1,-1,16,90000,2740,-1
12671,-1,,[],895,season_honor_desc_18,107117,107117,-1,-1,17,100000,2920,-1
12672,-1,,[],895,season_honor_desc_18,107118,107118,-1,-1,18,120000,3100,-1
12673,-1,,[],895,season_honor_desc_18,107119,107119,-1,-1,19,140000,3280,-1
12674,-1,,[],895,season_honor_desc_18,107120,107120,-1,-1,20,160000,3460,-1
12675,-1,,[],895,season_honor_desc_18,107121,107121,-1,-1,21,180000,3640,-1
12676,-1,,[],895,season_honor_desc_18,107122,107122,-1,-1,22,200000,3820,-1
12677,-1,,[],895,season_honor_desc_18,107123,107123,-1,-1,23,220000,4000,-1
12678,-1,,[],896,kvk_worldboss_003,604129401,604129401,-1,-1,1,1,-1,-1
12679,-1,,[],896,kvk_worldboss_003,604129402,604129402,-1,-1,2,3,-1,-1
12680,-1,,[],896,kvk_worldboss_003,604129403,604129403,-1,-1,3,5,-1,-1
12681,-1,,[],897,,604014101,604014101,-1,-1,1,100,-1,-1
12682,-1,,[],897,,604014102,604014102,-1,-1,2,500,-1,-1
12683,-1,,[],897,,604014103,604014103,-1,-1,3,1000,-1,-1
12684,-1,,[],897,,604014104,604014104,-1,-1,4,1500,-1,-1
12685,-1,,[],897,,604014105,604014105,-1,-1,5,2000,-1,-1
12686,-1,,[],898,,604014106,604014106,-1,-1,1,100,-1,-1
12687,-1,,[],898,,604014107,604014107,-1,-1,2,500,-1,-1
12688,-1,,[],898,,604014108,604014108,-1,-1,3,1000,-1,-1
12689,-1,,[],898,,604014109,604014109,-1,-1,4,1500,-1,-1
12690,-1,,[],898,,604014110,604014110,-1,-1,5,2000,-1,-1
12691,-1,,[],899,,604014111,604014111,-1,-1,1,100,-1,-1
12692,-1,,[],899,,604014112,604014112,-1,-1,2,500,-1,-1
12693,-1,,[],899,,604014113,604014113,-1,-1,3,1000,-1,-1
12694,-1,,[],899,,604014114,604014114,-1,-1,4,1500,-1,-1
12695,-1,,[],899,,604014115,604014115,-1,-1,5,2000,-1,-1
12696,-1,,[],900,,604014116,604014116,-1,-1,1,100,-1,-1
12697,-1,,[],900,,604014117,604014117,-1,-1,2,500,-1,-1
12698,-1,,[],900,,604014118,604014118,-1,-1,3,1000,-1,-1
12699,-1,,[],900,,604014119,604014119,-1,-1,4,1500,-1,-1
12700,-1,,[],900,,604014120,604014120,-1,-1,5,2000,-1,-1
12701,-1,,[],901,,604014121,604014121,-1,-1,1,50,-1,-1
12702,-1,,[],901,,604014122,604014122,-1,-1,2,250,-1,-1
12703,-1,,[],901,,604014123,604014123,-1,-1,3,500,-1,-1
12704,-1,,[],901,,604014124,604014124,-1,-1,4,750,-1,-1
12705,-1,,[],901,,604014125,604014125,-1,-1,5,1000,-1,-1
12706,-1,,[],902,,604014201,604014201,-1,-1,1,100,-1,-1
12707,-1,,[],902,,604014202,604014202,-1,-1,2,500,-1,-1
12708,-1,,[],902,,604014203,604014203,-1,-1,3,1000,-1,-1
12709,-1,,[],902,,604014204,604014204,-1,-1,4,1500,-1,-1
12710,-1,,[],902,,604014205,604014205,-1,-1,5,2000,-1,-1
12711,-1,,[],903,,604014206,604014206,-1,-1,1,100,-1,-1
12712,-1,,[],903,,604014207,604014207,-1,-1,2,500,-1,-1
12713,-1,,[],903,,604014208,604014208,-1,-1,3,1000,-1,-1
12714,-1,,[],903,,604014209,604014209,-1,-1,4,1500,-1,-1
12715,-1,,[],903,,604014210,604014210,-1,-1,5,2000,-1,-1
12716,-1,,[],904,,604014211,604014211,-1,-1,1,100,-1,-1
12717,-1,,[],904,,604014212,604014212,-1,-1,2,500,-1,-1
12718,-1,,[],904,,604014213,604014213,-1,-1,3,1000,-1,-1
12719,-1,,[],904,,604014214,604014214,-1,-1,4,1500,-1,-1
12720,-1,,[],904,,604014215,604014215,-1,-1,5,2000,-1,-1
12721,-1,,[],905,,604014216,604014216,-1,-1,1,100,-1,-1
12722,-1,,[],905,,604014217,604014217,-1,-1,2,500,-1,-1
12723,-1,,[],905,,604014218,604014218,-1,-1,3,1000,-1,-1
12724,-1,,[],905,,604014219,604014219,-1,-1,4,1500,-1,-1
12725,-1,,[],905,,604014220,604014220,-1,-1,5,2000,-1,-1
12726,-1,,[],906,,604014221,604014221,-1,-1,1,50,-1,-1
12727,-1,,[],906,,604014222,604014222,-1,-1,2,250,-1,-1
12728,-1,,[],906,,604014223,604014223,-1,-1,3,500,-1,-1
12729,-1,,[],906,,604014224,604014224,-1,-1,4,750,-1,-1
12730,-1,,[],906,,604014225,604014225,-1,-1,5,1000,-1,-1
12731,-1,,[],907,,604016515,604016515,-1,-1,1,20,-1,-1
12732,-1,,[],907,,601056202,601056202,-1,-1,2,50,-1,-1
12733,-1,,[],907,,601056203,601056203,-1,-1,3,100,-1,-1
12734,-1,,[],907,,601056204,601056204,-1,-1,4,200,-1,-1
12735,-1,,[],907,,601056205,601056205,-1,-1,5,400,-1,-1
12736,-1,,[],907,,601056206,601056206,-1,-1,6,600,-1,-1
12737,-1,,[],907,,601056207,601056207,-1,-1,7,800,-1,-1
12738,-1,,[],907,,601056208,601056208,-1,-1,8,1000,-1,-1
12739,-1,,[],907,,601056209,601056209,-1,-1,9,1500,-1,-1
12740,-1,,[],907,,601056210,601056210,-1,-1,10,2000,-1,-1
12741,-1,,[],908,,604030006,604030006,-1,-1,1,10,-1,-1
12742,-1,,[],908,,604030007,604030007,-1,-1,2,50,-1,-1
12743,-1,,[],908,,604030008,604030008,-1,-1,3,100,-1,-1
12744,-1,,[],908,,604030009,604030009,-1,-1,4,150,-1,-1
12745,-1,,[],908,,604030010,604030010,-1,-1,5,200,-1,-1
12746,-1,,[],909,,604030011,604030011,-1,-1,1,10,-1,-1
12747,-1,,[],909,,604030012,604030012,-1,-1,2,50,-1,-1
12748,-1,,[],909,,604030013,604030013,-1,-1,3,100,-1,-1
12749,-1,,[],909,,604030014,604030014,-1,-1,4,150,-1,-1
12750,-1,,[],909,,604030015,604030015,-1,-1,5,200,-1,-1
12751,-1,,[],910,,604030016,604030016,-1,-1,1,10,-1,-1
12752,-1,,[],910,,604030017,604030017,-1,-1,2,50,-1,-1
12753,-1,,[],910,,604030018,604030018,-1,-1,3,100,-1,-1
12754,-1,,[],910,,604030019,604030019,-1,-1,4,150,-1,-1
12755,-1,,[],910,,604030020,604030020,-1,-1,5,200,-1,-1
12756,-1,,[],911,,604030021,604030021,-1,-1,1,10,-1,-1
12757,-1,,[],911,,604030022,604030022,-1,-1,2,50,-1,-1
12758,-1,,[],911,,604030023,604030023,-1,-1,3,100,-1,-1
12759,-1,,[],911,,604030024,604030024,-1,-1,4,150,-1,-1
12760,-1,,[],911,,604030025,604030025,-1,-1,5,200,-1,-1
12761,-1,,[],912,,604030026,604030026,-1,-1,1,10,-1,-1
12762,-1,,[],912,,604030027,604030027,-1,-1,2,50,-1,-1
12763,-1,,[],912,,604030028,604030028,-1,-1,3,100,-1,-1
12764,-1,,[],912,,604030029,604030029,-1,-1,4,150,-1,-1
12765,-1,,[],912,,604030030,604030030,-1,-1,5,200,-1,-1
12766,-1,,[],913,,604030036,604030036,-1,-1,1,10,-1,-1
12767,-1,,[],913,,604030037,604030037,-1,-1,2,50,-1,-1
12768,-1,,[],913,,604030038,604030038,-1,-1,3,100,-1,-1
12769,-1,,[],913,,604030039,604030039,-1,-1,4,150,-1,-1
12770,-1,,[],913,,604030040,604030040,-1,-1,5,200,-1,-1
12771,-1,,[],914,,604030041,604030041,-1,-1,1,10,-1,-1
12772,-1,,[],914,,604030042,604030042,-1,-1,2,50,-1,-1
12773,-1,,[],914,,604030043,604030043,-1,-1,3,100,-1,-1
12774,-1,,[],914,,604030044,604030044,-1,-1,4,150,-1,-1
12775,-1,,[],914,,604030045,604030045,-1,-1,5,200,-1,-1
12776,-1,,[],915,,604030046,604030046,-1,-1,1,10,-1,-1
12777,-1,,[],915,,604030047,604030047,-1,-1,2,50,-1,-1
12778,-1,,[],915,,604030048,604030048,-1,-1,3,100,-1,-1
12779,-1,,[],915,,604030049,604030049,-1,-1,4,150,-1,-1
12780,-1,,[],915,,604030050,604030050,-1,-1,5,200,-1,-1
12781,-1,,[],916,,604030051,604030051,-1,-1,1,10,-1,-1
12782,-1,,[],916,,604030052,604030052,-1,-1,2,50,-1,-1
12783,-1,,[],916,,604030053,604030053,-1,-1,3,100,-1,-1
12784,-1,,[],916,,604030054,604030054,-1,-1,4,150,-1,-1
12785,-1,,[],916,,604030055,604030055,-1,-1,5,200,-1,-1
12786,-1,,[],917,,604030056,604030056,-1,-1,1,10,-1,-1
12787,-1,,[],917,,604030057,604030057,-1,-1,2,50,-1,-1
12788,-1,,[],917,,604030058,604030058,-1,-1,3,100,-1,-1
12789,-1,,[],917,,604030059,604030059,-1,-1,4,150,-1,-1
12790,-1,,[],917,,604030060,604030060,-1,-1,5,200,-1,-1
12791,-1,,[],918,,604030131,604030131,-1,-1,1,20,-1,-1
12792,-1,,[],918,,604030132,604030132,-1,-1,2,50,-1,-1
12793,-1,,[],918,,604030133,604030133,-1,-1,3,100,-1,-1
12794,-1,,[],918,,604030134,604030134,-1,-1,4,200,-1,-1
12795,-1,,[],918,,604030135,604030135,-1,-1,5,400,-1,-1
12796,-1,,[],918,,604030136,604030136,-1,-1,6,600,-1,-1
12797,-1,,[],918,,604030137,604030137,-1,-1,7,800,-1,-1
12798,-1,,[],918,,604030138,604030138,-1,-1,8,1000,-1,-1
12799,-1,,[],918,,604030139,604030139,-1,-1,9,1500,-1,-1
12800,-1,,[],918,,604030140,604030140,-1,-1,10,2000,-1,-1
12801,-1,,[],919,,603118101,603118101,603118126,603118151,1,100,-1,-1
12802,-1,,[],919,,603118102,603118102,603118127,603118152,2,150,-1,-1
12803,-1,,[],919,,603118103,603118103,603118128,603118153,3,200,-1,-1
12804,-1,,[],919,,603118104,603118104,603118129,603118154,4,250,-1,-1
12805,-1,,[],919,,603118105,603118105,603118130,603118152,5,300,-1,-1
12806,-1,,[],919,,603118106,603118106,603118131,603118156,6,350,-1,-1
12807,-1,,[],919,,603118107,603118107,603118132,603118157,7,400,-1,-1
12808,-1,,[],919,,603118108,603118108,603118133,603118158,8,450,-1,-1
12809,-1,,[],919,,603118109,603118109,603118134,603118159,9,500,-1,-1
12810,-1,,[],919,,603118110,603118110,603118135,603118152,10,550,-1,-1
12811,-1,,[],919,,603118111,603118111,603118136,603118161,11,600,-1,-1
12812,-1,,[],919,,603118112,603118112,603118137,603118162,12,700,-1,-1
12813,-1,,[],919,,603118113,603118113,603118138,603118163,13,800,-1,-1
12814,-1,,[],919,,603118114,603118114,603118139,603118164,14,900,-1,-1
12815,-1,,[],919,,603118115,603118115,603118140,603118152,15,1000,-1,-1
12816,-1,,[],919,,603118116,603118116,603118141,603118166,16,1100,-1,-1
12817,-1,,[],919,,603118117,603118117,603118142,603118167,17,1200,-1,-1
12818,-1,,[],919,,603118118,603118118,603118143,603118168,18,1300,-1,-1
12819,-1,,[],919,,603118119,603118119,603118144,603118169,19,1400,-1,-1
12820,-1,,[],919,,603118120,603118120,603118145,603118152,20,1500,-1,-1
12821,-1,,[],919,,603118121,603118121,603118146,603118171,21,1600,-1,-1
12822,-1,,[],919,,603118122,603118122,603118147,603118172,22,1700,-1,-1
12823,-1,,[],919,,603118123,603118123,603118148,603118173,23,1800,-1,-1
12824,-1,,[],919,,603118124,603118124,603118149,603118174,24,1900,-1,-1
12825,-1,,[],919,,603118125,603118125,603118150,603118152,25,2000,-1,-1
12826,-1,,[],920,,108102,108102,-1,-1,1,1,-1,-1
12827,-1,,[],920,,108103,108103,-1,-1,2,3,-1,-1
12828,-1,,[],920,,108104,108104,-1,-1,3,5,-1,-1
12829,-1,,[],921,,604096101,604096101,-1,-1,1,100,-1,-1
12830,-1,,[],921,,604096102,604096102,-1,-1,2,500,-1,-1
12831,-1,,[],921,,604096103,604096103,-1,-1,3,1000,-1,-1
12832,-1,,[],921,,604096104,604096104,-1,-1,4,1500,-1,-1
12833,-1,,[],921,,604096105,604096105,-1,-1,5,2000,-1,-1
12834,-1,,[],922,,604096106,604096106,-1,-1,1,100,-1,-1
12835,-1,,[],922,,604096107,604096107,-1,-1,2,500,-1,-1
12836,-1,,[],922,,604096108,604096108,-1,-1,3,1000,-1,-1
12837,-1,,[],922,,604096109,604096109,-1,-1,4,1500,-1,-1
12838,-1,,[],922,,604096110,604096110,-1,-1,5,2000,-1,-1
12839,-1,,[],923,,604096111,604096111,-1,-1,1,100,-1,-1
12840,-1,,[],923,,604096112,604096112,-1,-1,2,500,-1,-1
12841,-1,,[],923,,604096113,604096113,-1,-1,3,1000,-1,-1
12842,-1,,[],923,,604096114,604096114,-1,-1,4,1500,-1,-1
12843,-1,,[],923,,604096115,604096115,-1,-1,5,2000,-1,-1
12844,-1,,[],924,,604096116,604096116,-1,-1,1,100,-1,-1
12845,-1,,[],924,,604096117,604096117,-1,-1,2,500,-1,-1
12846,-1,,[],924,,604096118,604096118,-1,-1,3,1000,-1,-1
12847,-1,,[],924,,604096119,604096119,-1,-1,4,1500,-1,-1
12848,-1,,[],924,,604096120,604096120,-1,-1,5,2000,-1,-1
12849,-1,,[],925,,604096121,604096121,-1,-1,1,50,-1,-1
12850,-1,,[],925,,604096122,604096122,-1,-1,2,250,-1,-1
12851,-1,,[],925,,604096123,604096123,-1,-1,3,500,-1,-1
12852,-1,,[],925,,604096124,604096124,-1,-1,4,750,-1,-1
12853,-1,,[],925,,604096125,604096125,-1,-1,5,1000,-1,-1
12854,-1,,[],926,,604096201,604096201,-1,-1,1,100,-1,-1
12855,-1,,[],926,,604096202,604096202,-1,-1,2,500,-1,-1
12856,-1,,[],926,,604096203,604096203,-1,-1,3,1000,-1,-1
12857,-1,,[],926,,604096204,604096204,-1,-1,4,1500,-1,-1
12858,-1,,[],926,,604096205,604096205,-1,-1,5,2000,-1,-1
12859,-1,,[],927,,604096206,604096206,-1,-1,1,100,-1,-1
12860,-1,,[],927,,604096207,604096207,-1,-1,2,500,-1,-1
12861,-1,,[],927,,604096208,604096208,-1,-1,3,1000,-1,-1
12862,-1,,[],927,,604096209,604096209,-1,-1,4,1500,-1,-1
12863,-1,,[],927,,604096210,604096210,-1,-1,5,2000,-1,-1
12864,-1,,[],928,,604096211,604096211,-1,-1,1,100,-1,-1
12865,-1,,[],928,,604096212,604096212,-1,-1,2,500,-1,-1
12866,-1,,[],928,,604096213,604096213,-1,-1,3,1000,-1,-1
12867,-1,,[],928,,604096214,604096214,-1,-1,4,1500,-1,-1
12868,-1,,[],928,,604096215,604096215,-1,-1,5,2000,-1,-1
12869,-1,,[],929,,604096216,604096216,-1,-1,1,100,-1,-1
12870,-1,,[],929,,604096217,604096217,-1,-1,2,500,-1,-1
12871,-1,,[],929,,604096218,604096218,-1,-1,3,1000,-1,-1
12872,-1,,[],929,,604096219,604096219,-1,-1,4,1500,-1,-1
12873,-1,,[],929,,604096220,604096220,-1,-1,5,2000,-1,-1
12874,-1,,[],930,,604096221,604096221,-1,-1,1,50,-1,-1
12875,-1,,[],930,,604096222,604096222,-1,-1,2,250,-1,-1
12876,-1,,[],930,,604096223,604096223,-1,-1,3,500,-1,-1
12877,-1,,[],930,,604096224,604096224,-1,-1,4,750,-1,-1
12878,-1,,[],930,,604096225,604096225,-1,-1,5,1000,-1,-1
12879,-1,,[],931,,604092061,604092061,-1,-1,1,1000,50,-1
12880,-1,,[],931,,604092062,604092062,-1,-1,2,2000,100,-1
12881,-1,,[],931,,604092063,604092063,-1,-1,3,3000,150,-1
12882,-1,,[],931,,604092064,604092064,-1,-1,4,4000,200,-1
12883,-1,,[],931,,604092065,604092065,-1,-1,5,5000,250,-1
12884,-1,,[],931,,604092066,604092066,-1,-1,6,6000,300,-1
12885,-1,,[],931,,604092067,604092067,-1,-1,7,8000,350,-1
12886,-1,,[],931,,604092068,604092068,-1,-1,8,10000,400,-1
12887,-1,,[],931,,604092069,604092069,-1,-1,9,12000,450,-1
12888,-1,,[],931,,604092070,604092070,-1,-1,10,14000,500,-1
12889,-1,,[],931,,604092071,604092071,-1,-1,11,16000,550,-1
12890,-1,,[],931,,604092072,604092072,-1,-1,12,18000,600,-1
12891,-1,,[],931,,604092073,604092073,-1,-1,13,20000,650,-1
12892,-1,,[],931,,604092074,604092074,-1,-1,14,24000,700,-1
12893,-1,,[],931,,604092075,604092075,-1,-1,15,28000,750,-1
12894,-1,,[],931,,604092076,604092076,-1,-1,16,32000,800,-1
12895,-1,,[],931,,604092077,604092077,-1,-1,17,36000,850,-1
12896,-1,,[],931,,604092078,604092078,-1,-1,18,40000,900,-1
12897,-1,,[],931,,604092079,604092079,-1,-1,19,45000,950,-1
12898,-1,,[],931,,604092080,604092080,-1,-1,20,50000,1000,-1
12899,-1,,[],932,,604092092,604092092,604092117,604092142,1,100,-1,-1
12900,-1,,[],932,,604092093,604092093,604092118,604092143,2,200,-1,-1
12901,-1,,[],932,,604092094,604092094,604092119,604092144,3,300,-1,-1
12902,-1,,[],932,,604092095,604092095,604092120,604092145,4,400,-1,-1
12903,-1,,[],932,,604092096,604092096,604092121,604092146,5,500,-1,-1
12904,-1,,[],932,,604092097,604092097,604092122,604092147,6,600,-1,-1
12905,-1,,[],932,,604092098,604092098,604092123,604092148,7,700,-1,-1
12906,-1,,[],932,,604092099,604092099,604092124,604092149,8,800,-1,-1
12907,-1,,[],932,,604092100,604092100,604092125,604092150,9,900,-1,-1
12908,-1,,[],932,,604092101,604092101,604092126,604092151,10,1000,-1,-1
12909,-1,,[],932,,604092102,604092102,604092127,604092152,11,1200,-1,-1
12910,-1,,[],932,,604092103,604092103,604092128,604092153,12,1400,-1,-1
12911,-1,,[],932,,604092104,604092104,604092129,604092154,13,1600,-1,-1
12912,-1,,[],932,,604092105,604092105,604092130,604092155,14,1800,-1,-1
12913,-1,,[],932,,604092106,604092106,604092131,604092156,15,2000,-1,-1
12914,-1,,[],932,,604092107,604092107,604092132,604092157,16,2200,-1,-1
12915,-1,,[],932,,604092108,604092108,604092133,604092158,17,2400,-1,-1
12916,-1,,[],932,,604092109,604092109,604092134,604092159,18,2600,-1,-1
12917,-1,,[],932,,604092110,604092110,604092135,604092160,19,2800,-1,-1
12918,-1,,[],932,,604092111,604092111,604092136,604092161,20,3000,-1,-1
12919,-1,,[],932,,604092112,604092112,604092137,604092162,21,3400,-1,-1
12920,-1,,[],932,,604092113,604092113,604092138,604092163,22,3800,-1,-1
12921,-1,,[],932,,604092114,604092114,604092139,604092164,23,4200,-1,-1
12922,-1,,[],932,,604092115,604092115,604092140,604092165,24,4600,-1,-1
12923,-1,,[],932,,604092116,604092116,604092141,604092166,25,5000,-1,-1
12924,-1,,[],933,,109611,109611,-1,-1,1,200,1,-1
12925,-1,,[],933,,109612,109612,-1,-1,2,500,3,-1
12926,-1,,[],933,,109613,109613,-1,-1,3,1000,5,-1
12927,-1,,[],933,,109614,109614,-1,-1,4,2000,7,-1
12928,-1,,[],933,,109615,109615,-1,-1,5,5000,10,-1
12929,-1,,[],933,,109616,109616,-1,-1,6,7500,12,-1
12930,-1,,[],933,,109617,109617,-1,-1,7,10000,14,-1
12931,-1,,[],933,,109618,109618,-1,-1,8,12500,16,-1
12932,-1,,[],933,,109619,109619,-1,-1,9,15000,18,-1
12933,-1,,[],933,,109620,109620,-1,-1,10,20000,20,-1
12934,-1,,[],934,,604132034,604132034,-1,-1,1,400,-1,-1
12935,-1,,[],934,,604132035,604132035,-1,-1,2,1000,-1,-1
12936,-1,,[],934,,604132036,604132036,-1,-1,3,2000,-1,-1
12937,-1,,[],934,,604132037,604132037,-1,-1,4,4000,-1,-1
12938,-1,,[],934,,604132038,604132038,-1,-1,5,10000,-1,-1
12939,-1,,[],934,,604132039,604132039,-1,-1,6,16000,-1,-1
12940,-1,,[],934,,604132040,604132040,-1,-1,7,24000,-1,-1
12941,-1,,[],934,,604132041,604132041,-1,-1,7,40000,-1,-1
12942,-1,,[],935,,604178001,604178001,-1,-1,1,100,-1,-1
12943,-1,,[],935,,604178002,604178002,-1,-1,2,500,-1,-1
12944,-1,,[],935,,604178003,604178003,-1,-1,3,1000,-1,-1
12945,-1,,[],935,,604178004,604178004,-1,-1,4,3000,-1,-1
12946,-1,,[],935,,604178005,604178005,-1,-1,5,5000,-1,-1
12947,-1,,[],935,,604178006,604178006,-1,-1,6,8000,-1,-1
12948,-1,,[],936,,604176601,604176601,-1,-1,1,100,-1,-1
12949,-1,,[],936,,604176602,604176602,-1,-1,2,500,-1,-1
12950,-1,,[],936,,604176603,604176603,-1,-1,3,1000,-1,-1
12951,-1,,[],936,,604176604,604176604,-1,-1,4,3000,-1,-1
12952,-1,,[],936,,604176605,604176605,-1,-1,5,5000,-1,-1
12953,-1,,[],936,,604176606,604176606,-1,-1,6,8000,-1,-1
12954,-1,,[],937,,604171001,604171001,-1,-1,1,100,-1,-1
12955,-1,,[],937,,604171002,604171002,-1,-1,2,500,-1,-1
12956,-1,,[],937,,604171003,604171003,-1,-1,3,1000,-1,-1
12957,-1,,[],937,,604171004,604171004,-1,-1,4,3000,-1,-1
12958,-1,,[],937,,604171005,604171005,-1,-1,5,5000,-1,-1
12959,-1,,[],937,,604171006,604171006,-1,-1,6,8000,-1,-1
12960,-1,,[],938,,604292000,604292000,-1,-1,1,5000,-1,-1
12961,-1,,[],938,,604292001,604292001,-1,-1,2,20000,-1,-1
12962,-1,,[],938,,604292002,604292002,-1,-1,3,40000,-1,-1
12963,-1,,[],938,,604292003,604292003,-1,-1,4,80000,-1,-1
12964,-1,,[],938,,604292004,604292004,-1,-1,5,120000,-1,-1
12965,-1,,[],938,,604292005,604292005,-1,-1,6,200000,-1,-1
12966,-1,,[],938,,604292006,604292006,-1,-1,7,400000,-1,-1
12967,-1,,[],938,,604292007,604292007,-1,-1,8,600000,-1,-1
12968,-1,,[],938,,604292008,604292008,-1,-1,9,1000000,-1,-1
12969,-1,,[],938,,604292009,604292009,-1,-1,10,2000000,-1,-1
12970,-1,,[],939,,602033201,602033201,-1,-1,1,20,-1,-1
12971,-1,,[],939,,602033202,602033202,-1,-1,2,50,-1,-1
12972,-1,,[],939,,602033203,602033203,-1,-1,3,100,-1,-1
12973,-1,,[],939,,602033204,602033204,-1,-1,4,200,-1,-1
12974,-1,,[],939,,602033205,602033205,-1,-1,5,500,-1,-1
12975,-1,,[],939,,602033206,602033206,-1,-1,6,800,-1,-1
12976,-1,,[],939,,602033207,602033207,-1,-1,7,1500,-1,-1
12977,-1,,[],940,,606176001,606176001,-1,-1,1,20000,-1,-1
12978,-1,,[],940,,606176002,606176002,-1,-1,2,80000,-1,-1
12979,-1,,[],940,,606176003,606176003,-1,-1,3,150000,-1,-1
12980,-1,,[],941,,501180101,501180101,501180201,605126301,1,100,-1,-1
12981,-1,,[],941,,501180102,501180102,501180202,605126302,2,150,-1,-1
12982,-1,,[],941,,501180103,501180103,501180203,605126303,3,200,-1,-1
12983,-1,,[],941,,501180104,501180104,501180204,605126304,4,250,-1,-1
12984,-1,,[],941,,501180105,501180105,501180205,605126305,5,300,-1,-1
12985,-1,,[],941,,501180106,501180106,501180206,605126306,6,350,-1,-1
12986,-1,,[],941,,501180107,501180107,501180207,605126307,7,400,-1,-1
12987,-1,,[],941,,501180108,501180108,501180208,605126308,8,450,-1,-1
12988,-1,,[],941,,501180109,501180109,501180209,605126309,9,500,-1,-1
12989,-1,,[],941,,501180110,501180110,501180210,605126310,10,550,-1,-1
12990,-1,,[],941,,501180111,501180111,501180211,605126311,11,600,-1,-1
12991,-1,,[],941,,501180112,501180112,501180212,605126312,12,700,-1,-1
12992,-1,,[],941,,501180113,501180113,501180213,605126313,13,800,-1,-1
12993,-1,,[],941,,501180114,501180114,501180214,605126314,14,900,-1,-1
12994,-1,,[],941,,501180115,501180115,501180215,605126315,15,1000,-1,-1
12995,-1,,[],941,,501180116,501180116,501180216,605126316,16,1100,-1,-1
12996,-1,,[],941,,501180117,501180117,501180217,605126317,17,1200,-1,-1
12997,-1,,[],941,,501180118,501180118,501180218,605126318,18,1300,-1,-1
12998,-1,,[],941,,501180119,501180119,501180219,605126319,19,1400,-1,-1
12999,-1,,[],941,,501180120,501180120,501180220,605126320,20,1500,-1,-1
13000,-1,,[],941,,501180121,501180121,501180221,605126321,21,1600,-1,-1
13001,-1,,[],941,,501180122,501180122,501180222,605126322,22,1700,-1,-1
13002,-1,,[],941,,501180123,501180123,501180223,605126323,23,1800,-1,-1
13003,-1,,[],941,,501180124,501180124,501180224,605126324,24,1900,-1,-1
13004,-1,,[],941,,501180125,501180125,501180225,605126325,25,2000,-1,-1
13005,-1,,[],942,,605126701,605126701,-1,-1,1,20,-1,-1
13006,-1,,[],942,,605126702,605126702,-1,-1,2,50,-1,-1
13007,-1,,[],942,,605126703,605126703,-1,-1,3,100,-1,-1
13008,-1,,[],942,,605126704,605126704,-1,-1,4,200,-1,-1
13009,-1,,[],942,,605126705,605126705,-1,-1,5,500,-1,-1
13010,-1,,[],942,,605126706,605126706,-1,-1,6,800,-1,-1
13011,-1,,[],942,,605126707,605126707,-1,-1,6,1500,-1,-1
13012,-1,,[],943,,605126801,605126801,605126901,-1,1,1,-1,-1
13013,-1,,[],943,,605126802,605126802,605126902,-1,2,2,-1,-1
13014,-1,,[],943,,605126803,605126803,605126903,-1,3,3,-1,-1
13015,-1,,[],943,,605126804,605126804,605126904,-1,4,4,-1,-1
13016,-1,,[],943,,605126805,605126805,605126905,-1,5,5,-1,-1
13017,-1,,[],943,,605126806,605126806,605126906,-1,6,6,-1,-1
13018,-1,,[],943,,605126807,605126807,605126907,-1,7,7,-1,-1
13022,-1,,[],945,,601098001,601098001,605158032,-1,1,100,-1,-1
13023,-1,,[],945,,601098002,601098002,605158033,-1,2,200,-1,-1
13024,-1,,[],945,,601098003,601098003,605158034,-1,3,400,-1,-1
13025,-1,,[],945,,601098004,601098004,605158035,-1,4,600,-1,-1
13026,-1,,[],945,,601098005,601098005,605158036,-1,5,800,-1,-1
13027,-1,,[],945,,601098006,601098006,605158037,-1,6,1000,-1,-1
13028,-1,,[],945,,601098007,601098007,605158038,-1,7,1200,-1,-1
13029,-1,,[],945,,601098008,601098008,605158039,-1,8,1400,-1,-1
13030,-1,,[],945,,601098009,601098009,605158040,-1,9,1600,-1,-1
13031,-1,,[],945,,601098010,601098010,605158041,-1,10,1800,-1,-1
13032,-1,,[],945,,601098011,601098011,605158042,-1,11,2000,-1,-1
13033,-1,,[],945,,601098012,601098012,605158043,-1,12,2200,-1,-1
13034,-1,,[],945,,601098013,601098013,605158044,-1,13,2400,-1,-1
13035,-1,,[],945,,601098014,601098014,605158045,-1,14,2600,-1,-1
13036,-1,,[],945,,601098015,601098015,605158046,-1,15,2800,-1,-1
13037,-1,,[],945,,601098016,601098016,605158047,-1,16,3000,-1,-1
13038,-1,,[],945,,601098017,601098017,605158048,-1,17,3200,-1,-1
13039,-1,,[],945,,601098018,601098018,605158049,-1,18,3400,-1,-1
13040,-1,,[],945,,601098019,601098019,605158050,-1,19,3600,-1,-1
13041,-1,,[],945,,601098020,601098020,605158051,-1,20,3800,-1,-1
13042,-1,,[],945,,601098021,601098021,605158052,-1,21,4000,-1,-1
13043,-1,,[],945,,601098022,601098022,605158053,-1,22,4200,-1,-1
13044,-1,,[],945,,601098023,601098023,605158054,-1,23,4400,-1,-1
13045,-1,,[],945,,601098024,601098024,605158055,-1,24,4600,-1,-1
13046,-1,,[],945,,601098025,601098025,605158056,-1,25,4800,-1,-1
13047,-1,,[],945,,601098026,601098026,605158057,-1,26,5000,-1,-1
13048,-1,,[],945,,601098027,601098027,605158058,-1,27,5200,-1,-1
13049,-1,,[],945,,601098028,601098028,605158059,-1,28,5400,-1,-1
13050,-1,,[],945,,601098029,601098029,605158060,-1,29,5600,-1,-1
13051,-1,,[],945,,601098030,601098030,605158061,-1,30,5800,-1,-1
13052,-1,,[],946,,605160101,605160101,605160126,605160151,1,100,-1,-1
13053,-1,,[],946,,605160102,605160102,605160127,605160152,2,200,-1,-1
13054,-1,,[],946,,605160103,605160103,605160128,605160153,3,300,-1,-1
13055,-1,,[],946,,605160104,605160104,605160129,605160154,4,400,-1,-1
13056,-1,,[],946,,605160105,605160105,605160130,605160155,5,500,-1,-1
13057,-1,,[],946,,605160106,605160106,605160131,605160156,6,600,-1,-1
13058,-1,,[],946,,605160107,605160107,605160132,605160157,7,700,-1,-1
13059,-1,,[],946,,605160108,605160108,605160133,605160158,8,800,-1,-1
13060,-1,,[],946,,605160109,605160109,605160134,605160159,9,900,-1,-1
13061,-1,,[],946,,605160110,605160110,605160135,605160160,10,1000,-1,-1
13062,-1,,[],946,,605160111,605160111,605160136,605160161,11,1100,-1,-1
13063,-1,,[],946,,605160112,605160112,605160137,605160162,12,1200,-1,-1
13064,-1,,[],946,,605160113,605160113,605160138,605160163,13,1300,-1,-1
13065,-1,,[],946,,605160114,605160114,605160139,605160164,14,1400,-1,-1
13066,-1,,[],946,,605160115,605160115,605160140,605160165,15,1500,-1,-1
13067,-1,,[],946,,605160116,605160116,605160141,605160166,16,1600,-1,-1
13068,-1,,[],946,,605160117,605160117,605160142,605160167,17,1700,-1,-1
13069,-1,,[],946,,605160118,605160118,605160143,605160168,18,1800,-1,-1
13070,-1,,[],946,,605160119,605160119,605160144,605160169,19,1900,-1,-1
13071,-1,,[],946,,605160120,605160120,605160145,605160170,20,2000,-1,-1
13072,-1,,[],946,,605160121,605160121,605160146,605160171,21,2200,-1,-1
13073,-1,,[],946,,605160122,605160122,605160147,605160172,22,2400,-1,-1
13074,-1,,[],946,,605160123,605160123,605160148,605160173,23,2600,-1,-1
13075,-1,,[],946,,605160124,605160124,605160149,605160174,24,2800,-1,-1
13076,-1,,[],946,,605160125,605160125,605160150,605160175,25,3000,-1,-1
13077,-1,,[],947,,605160201,605160201,605160301,-1,1,1,-1,-1
13078,-1,,[],947,,605160202,605160202,605160302,-1,2,2,-1,-1
13079,-1,,[],947,,605160203,605160203,605160303,-1,3,3,-1,-1
13080,-1,,[],947,,605160204,605160204,605160304,-1,4,4,-1,-1
13081,-1,,[],947,,605160205,605160205,605160305,-1,5,5,-1,-1
13082,-1,,[],947,,605160206,605160206,605160306,-1,6,6,-1,-1
13083,-1,,[],947,,605160207,605160207,605160307,-1,7,7,-1,-1
13090,-1,,[],949,,605180101,605180101,-1,-1,1,20,-1,-1
13091,-1,,[],949,,605180102,605180102,-1,-1,2,50,-1,-1
13092,-1,,[],949,,605180103,605180103,-1,-1,3,100,-1,-1
13093,-1,,[],949,,605180104,605180104,-1,-1,4,200,-1,-1
13094,-1,,[],949,,605180105,605180105,-1,-1,5,500,-1,-1
13095,-1,,[],949,,605180106,605180106,-1,-1,6,800,-1,-1
13096,-1,,[],949,,605180107,605180107,-1,-1,7,1200,-1,-1
13097,-1,,[],949,,605180108,605180108,-1,-1,7,2000,-1,-1
13098,-1,,[],950,,605180101,605180101,-1,-1,1,2,-1,-1
13099,-1,,[],950,,605180102,605180102,-1,-1,2,4,-1,-1
13100,-1,,[],950,,605180103,605180103,-1,-1,3,6,-1,-1
13101,-1,,[],950,,605180104,605180104,-1,-1,4,8,-1,-1
13102,-1,,[],951,,605194001,605194001,605194101,-1,1,1,-1,-1
13103,-1,,[],951,,605194002,605194002,605194102,-1,2,2,-1,-1
13104,-1,,[],951,,605194003,605194003,605194103,-1,3,3,-1,-1
13105,-1,,[],951,,605194004,605194004,605194104,-1,4,4,-1,-1
13106,-1,,[],951,,605194005,605194005,605194105,-1,5,5,-1,-1
13107,-1,,[],951,,605194006,605194006,605194106,-1,6,6,-1,-1
13108,-1,,[],951,,605194007,605194007,605194107,-1,7,7,-1,-1
13109,-1,,[],951,,605194008,605194008,605194108,-1,8,8,-1,-1
13110,-1,,[],951,,605194009,605194009,605194109,-1,9,9,-1,-1
13111,-1,,[],951,,605194010,605194010,605194110,-1,10,10,-1,-1
13112,-1,,[],952,,605194001,605194001,605194201,-1,1,1,-1,-1
13113,-1,,[],952,,605194002,605194002,605194202,-1,2,2,-1,-1
13114,-1,,[],952,,605194003,605194003,605194203,-1,3,3,-1,-1
13115,-1,,[],952,,605194004,605194004,605194204,-1,4,4,-1,-1
13116,-1,,[],952,,605194005,605194005,605194205,-1,5,5,-1,-1
13117,-1,,[],952,,605194006,605194006,605194206,-1,6,6,-1,-1
13118,-1,,[],952,,605194007,605194007,605194207,-1,7,7,-1,-1
13119,-1,,[],952,,605194008,605194008,605194208,-1,8,8,-1,-1
13120,-1,,[],952,,605194009,605194009,605194209,-1,9,9,-1,-1
13121,-1,,[],952,,605194010,605194010,605194210,-1,10,10,-1,-1
13122,-1,,[],953,,605203001,605203001,605203006,-1,1,1,-1,-1
13123,-1,,[],953,,605203002,605203002,605203007,-1,2,2,-1,-1
13124,-1,,[],953,,605203003,605203003,605203008,-1,3,3,-1,-1
13125,-1,,[],953,,605203004,605203004,605203009,-1,4,4,-1,-1
13126,-1,,[],953,,605203005,605203005,605203010,-1,5,5,-1,-1
13127,-1,,[],954,,605221001,605221001,-1,-1,1,2,-1,-1
13128,-1,,[],954,,605221002,605221002,-1,-1,2,4,-1,-1
13129,-1,,[],954,,605221003,605221003,-1,-1,3,6,-1,-1
13130,-1,,[],954,,605221004,605221004,-1,-1,4,8,-1,-1
13131,-1,,[],955,,605266201,605266201,605266301,605266401,1,100,-1,-1
13132,-1,,[],955,,605266202,605266202,605266302,605266402,2,150,-1,-1
13133,-1,,[],955,,605266203,605266203,605266303,605266403,3,200,-1,-1
13134,-1,,[],955,,605266204,605266204,605266304,605266404,4,250,-1,-1
13135,-1,,[],955,,605266205,605266205,605266305,605266405,5,300,-1,-1
13136,-1,,[],955,,605266206,605266206,605266306,605266406,6,350,-1,-1
13137,-1,,[],955,,605266207,605266207,605266307,605266407,7,400,-1,-1
13138,-1,,[],955,,605266208,605266208,605266308,605266408,8,450,-1,-1
13139,-1,,[],955,,605266209,605266209,605266309,605266409,9,500,-1,-1
13140,-1,,[],955,,605266210,605266210,605266310,605266410,10,550,-1,-1
13141,-1,,[],955,,605266211,605266211,605266311,605266411,11,600,-1,-1
13142,-1,,[],955,,605266212,605266212,605266312,605266412,12,700,-1,-1
13143,-1,,[],955,,605266213,605266213,605266313,605266413,13,800,-1,-1
13144,-1,,[],955,,605266214,605266214,605266314,605266414,14,900,-1,-1
13145,-1,,[],955,,605266215,605266215,605266315,605266415,15,1000,-1,-1
13146,-1,,[],955,,605266216,605266216,605266316,605266416,16,1100,-1,-1
13147,-1,,[],955,,605266217,605266217,605266317,605266417,17,1200,-1,-1
13148,-1,,[],955,,605266218,605266218,605266318,605266418,18,1300,-1,-1
13149,-1,,[],955,,605266219,605266219,605266319,605266419,19,1400,-1,-1
13150,-1,,[],955,,605266220,605266220,605266320,605266420,20,1500,-1,-1
13151,-1,,[],955,,605266221,605266221,605266321,605266421,21,1600,-1,-1
13152,-1,,[],955,,605266222,605266222,605266322,605266422,22,1700,-1,-1
13153,-1,,[],955,,605266223,605266223,605266323,605266423,23,1800,-1,-1
13154,-1,,[],955,,605266224,605266224,605266324,605266424,24,1900,-1,-1
13155,-1,,[],955,,605266225,605266225,605266325,605266425,25,2000,-1,-1
13156,-1,,[],956,,605266701,605266701,605266711,-1,1,1,-1,-1
13157,-1,,[],956,,605266702,605266702,605266712,-1,2,2,-1,-1
13158,-1,,[],956,,605266703,605266703,605266713,-1,3,3,-1,-1
13159,-1,,[],956,,605266704,605266704,605266714,-1,4,4,-1,-1
13160,-1,,[],956,,605266705,605266705,605266715,-1,5,5,-1,-1
13161,-1,,[],956,,605266706,605266706,605266716,-1,6,6,-1,-1
13162,-1,,[],956,,605266707,605266707,605266717,-1,7,7,-1,-1
13163,-1,,[],957,season_preview_desc_1,110501,110501,-1,-1,1,1,3000,-1
13164,-1,,[],957,season_preview_desc_2,110502,110502,-1,-1,2,2,100,-1
13165,-1,,[],957,season_preview_desc_3,110503,110503,-1,-1,3,3,6000,-1
13166,-1,,[],957,season_preview_desc_4,110504,110504,-1,-1,4,4,3000,-1
13167,-1,,[],957,season_preview_desc_5,110505,110505,-1,-1,5,5,100000,-1
13168,-1,,[],957,season_preview_desc_6,110506,110506,-1,-1,6,6,15000,-1
13169,-1,,[],957,season_preview_desc_7,110507,110507,-1,-1,7,7,1,-1
13170,-1,,[],958,,605287001,605287001,-1,-1,1,1,-1,-1
13171,-1,,[],958,,605287002,605287002,-1,-1,2,2,-1,-1
13172,-1,,[],958,,605287003,605287003,605287031,-1,3,3,-1,-1
13173,-1,,[],958,,605287004,605287004,-1,-1,4,4,-1,-1
13174,-1,,[],958,,605287005,605287005,-1,-1,5,5,-1,-1
13175,-1,,[],958,,605287006,605287006,-1,-1,6,6,-1,-1
13176,-1,,[],958,,605287007,605287007,605287032,-1,7,7,-1,-1
13177,-1,,[],958,,605287008,605287008,-1,-1,8,8,-1,-1
13178,-1,,[],958,,605287009,605287009,-1,-1,9,9,-1,-1
13179,-1,,[],958,,605287010,605287010,-1,-1,10,10,-1,-1
13180,-1,,[],958,,605287011,605287011,-1,-1,11,11,-1,-1
13181,-1,,[],958,,605287012,605287012,-1,-1,12,12,-1,-1
13182,-1,,[],958,,605287013,605287013,-1,-1,13,13,-1,-1
13183,-1,,[],958,,605287014,605287014,605287033,-1,14,14,-1,-1
13184,-1,,[],958,,605287015,605287015,-1,-1,15,15,-1,-1
13185,-1,,[],958,,605287016,605287016,-1,-1,16,16,-1,-1
13186,-1,,[],958,,605287017,605287017,-1,-1,17,17,-1,-1
13187,-1,,[],958,,605287018,605287018,-1,-1,18,18,-1,-1
13188,-1,,[],958,,605287019,605287019,-1,-1,19,19,-1,-1
13189,-1,,[],958,,605287020,605287020,-1,-1,20,20,-1,-1
13190,-1,,[],958,,605287021,605287021,-1,-1,21,21,-1,-1
13191,-1,,[],958,,605287022,605287022,-1,-1,22,22,-1,-1
13192,-1,,[],958,,605287023,605287023,-1,-1,23,23,-1,-1
13193,-1,,[],958,,605287024,605287024,-1,-1,24,24,-1,-1
13194,-1,,[],958,,605287025,605287025,-1,-1,25,25,-1,-1
13195,-1,,[],958,,605287026,605287026,-1,-1,26,26,-1,-1
13196,-1,,[],958,,605287027,605287027,-1,-1,27,27,-1,-1
13197,-1,,[],958,,605287028,605287028,605287034,-1,28,28,-1,-1
13198,-1,,[],958,,605287029,605287029,-1,-1,29,29,-1,-1
13199,-1,,[],958,,605287030,605287030,-1,-1,30,30,-1,-1
13200,-1,,[],959,,606063201,606063201,-1,-1,1,20,-1,-1
13201,-1,,[],959,,606063202,606063202,-1,-1,2,50,-1,-1
13202,-1,,[],959,,606063203,606063203,-1,-1,3,100,-1,-1
13203,-1,,[],959,,606063204,606063204,-1,-1,4,200,-1,-1
13204,-1,,[],959,,606063205,606063205,-1,-1,5,400,-1,-1
13205,-1,,[],959,,606063206,606063206,-1,-1,6,600,-1,-1
13206,-1,,[],959,,606063207,606063207,-1,-1,7,800,-1,-1
13207,-1,,[],959,,606063208,606063208,-1,-1,8,1000,-1,-1
13208,-1,,[],959,,606063209,606063209,-1,-1,9,1500,-1,-1
13209,-1,,[],959,,606063210,606063210,-1,-1,10,2000,-1,-1
13210,-1,,[],960,,606050101,606050101,-1,-1,1,1,-1,-1
13211,-1,,[],960,,606050102,606050102,-1,-1,2,2,-1,-1
13212,-1,,[],960,,606050103,606050103,-1,-1,3,3,-1,-1
13213,-1,,[],960,,606050104,606050104,-1,-1,4,4,-1,-1
13214,-1,,[],960,,606050105,606050105,-1,-1,5,5,-1,-1
13215,-1,,[],960,,606050106,606050106,-1,-1,6,6,-1,-1
13216,-1,,[],960,,606050107,606050107,-1,-1,7,7,-1,-1
13217,-1,,[],960,,606050108,606050108,-1,-1,8,8,-1,-1
13218,-1,,[],960,,606050109,606050109,-1,-1,9,9,-1,-1
13219,-1,,[],960,,606050110,606050110,-1,-1,10,10,-1,-1
13220,-1,,[],960,,606050111,606050111,-1,-1,11,11,-1,-1
13221,-1,,[],960,,606050112,606050112,-1,-1,12,12,-1,-1
13222,-1,,[],960,,606050113,606050113,-1,-1,13,13,-1,-1
13223,-1,,[],960,,606050114,606050114,-1,-1,14,14,-1,-1
13230,-1,,[],961,,606065001,606065001,606065101,606065201,1,100,-1,-1
13231,-1,,[],961,,606065002,606065002,606065102,606065202,2,150,-1,-1
13232,-1,,[],961,,606065003,606065003,606065103,606065203,3,200,-1,-1
13233,-1,,[],961,,606065004,606065004,606065104,606065204,4,250,-1,-1
13234,-1,,[],961,,606065005,606065005,606065105,606065205,5,300,-1,-1
13235,-1,,[],961,,606065006,606065006,606065106,606065206,6,350,-1,-1
13236,-1,,[],961,,606065007,606065007,606065107,606065207,7,400,-1,-1
13237,-1,,[],961,,606065008,606065008,606065108,606065208,8,450,-1,-1
13238,-1,,[],961,,606065009,606065009,606065109,606065209,9,500,-1,-1
13239,-1,,[],961,,606065010,606065010,606065110,606065210,10,550,-1,-1
13240,-1,,[],961,,606065011,606065011,606065111,606065211,11,600,-1,-1
13241,-1,,[],961,,606065012,606065012,606065112,606065212,12,700,-1,-1
13242,-1,,[],961,,606065013,606065013,606065113,606065213,13,800,-1,-1
13243,-1,,[],961,,606065014,606065014,606065114,606065214,14,900,-1,-1
13244,-1,,[],961,,606065015,606065015,606065115,606065215,15,1000,-1,-1
13245,-1,,[],961,,606065016,606065016,606065116,606065216,16,1100,-1,-1
13246,-1,,[],961,,606065017,606065017,606065117,606065217,17,1200,-1,-1
13247,-1,,[],961,,606065018,606065018,606065118,606065218,18,1300,-1,-1
13248,-1,,[],961,,606065019,606065019,606065119,606065219,19,1400,-1,-1
13249,-1,,[],961,,606065020,606065020,606065120,606065220,20,1500,-1,-1
13250,-1,,[],961,,606065021,606065021,606065121,606065221,21,1600,-1,-1
13251,-1,,[],961,,606065022,606065022,606065122,606065222,22,1700,-1,-1
13252,-1,,[],961,,606065023,606065023,606065123,606065223,23,1800,-1,-1
13253,-1,,[],961,,606065024,606065024,606065124,606065224,24,1900,-1,-1
13254,-1,,[],961,,606065025,606065025,606065125,606065225,25,2000,-1,-1
13255,-1,,[],962,,606102102,606102102,606102109,-1,1,1,-1,-1
13256,-1,,[],962,,606102103,606102103,606102110,-1,2,2,-1,-1
13257,-1,,[],962,,606102104,606102104,606102111,-1,3,3,-1,-1
13258,-1,,[],962,,606102105,606102105,606102112,-1,4,4,-1,-1
13259,-1,,[],962,,606102106,606102106,606102113,-1,5,5,-1,-1
13260,-1,,[],963,,606112000,606112000,-1,-1,1,2,-1,-1
13261,-1,,[],963,,606112001,606112001,-1,-1,2,4,-1,-1
13262,-1,,[],963,,606112002,606112002,-1,-1,3,6,-1,-1
13263,-1,,[],963,,606112003,606112003,-1,-1,4,8,-1,-1
13264,-1,,[],964,,606163101,606163101,606163201,606163301,1,100,-1,-1
13265,-1,,[],964,,606163102,606163102,606163202,606163302,2,200,-1,-1
13266,-1,,[],964,,606163103,606163103,606163203,606163303,3,300,-1,-1
13267,-1,,[],964,,606163104,606163104,606163204,606163304,4,400,-1,-1
13268,-1,,[],964,,606163105,606163105,606163205,606163305,5,500,-1,-1
13269,-1,,[],964,,606163106,606163106,606163206,606163306,6,600,-1,-1
13270,-1,,[],964,,606163107,606163107,606163207,606163307,7,700,-1,-1
13271,-1,,[],964,,606163108,606163108,606163208,606163308,8,800,-1,-1
13272,-1,,[],964,,606163109,606163109,606163209,606163309,9,900,-1,-1
13273,-1,,[],964,,606163110,606163110,606163210,606163310,10,1000,-1,-1
13274,-1,,[],964,,606163111,606163111,606163211,606163311,11,1200,-1,-1
13275,-1,,[],964,,606163112,606163112,606163212,606163312,12,1400,-1,-1
13276,-1,,[],964,,606163113,606163113,606163213,606163313,13,1600,-1,-1
13277,-1,,[],964,,606163114,606163114,606163214,606163314,14,1800,-1,-1
13278,-1,,[],964,,606163115,606163115,606163215,606163315,15,2000,-1,-1
13279,-1,,[],964,,606163116,606163116,606163216,606163316,16,2200,-1,-1
13280,-1,,[],964,,606163117,606163117,606163217,606163317,17,2400,-1,-1
13281,-1,,[],964,,606163118,606163118,606163218,606163318,18,2600,-1,-1
13282,-1,,[],964,,606163119,606163119,606163219,606163319,19,2800,-1,-1
13283,-1,,[],964,,606163120,606163120,606163220,606163320,20,3000,-1,-1
13284,-1,,[],964,,606163121,606163121,606163221,606163321,21,3400,-1,-1
13285,-1,,[],964,,606163122,606163122,606163222,606163322,22,3800,-1,-1
13286,-1,,[],964,,606163123,606163123,606163223,606163323,23,4200,-1,-1
13287,-1,,[],964,,606163124,606163124,606163224,606163324,24,4600,-1,-1
13288,-1,,[],964,,606163125,606163125,606163225,606163325,25,5000,-1,-1
13289,-1,,[],965,,606164601,606164601,-1,-1,1,30,-1,-1
13290,-1,,[],965,,606164602,606164602,-1,-1,2,50,-1,-1
13291,-1,,[],965,,606164603,606164603,-1,-1,3,80,-1,-1
13292,-1,,[],965,,606164604,606164604,-1,-1,4,100,-1,-1
13293,-1,,[],965,,606164605,606164605,-1,-1,5,150,-1,-1
13294,-1,,[],965,,606164606,606164606,-1,-1,6,200,-1,-1
13295,-1,,[],965,,606164607,606164607,-1,-1,7,350,-1,-1
13296,-1,,[],965,,606164608,606164608,-1,-1,8,500,-1,-1
13297,-1,,[],965,,606164609,606164609,-1,-1,9,750,-1,-1
13298,-1,,[],965,,606164610,606164610,-1,-1,10,1000,-1,-1
13299,-1,,[],965,,606164611,606164611,-1,-1,11,2000,-1,-1
13300,-1,,[],965,,606164612,606164612,-1,-1,12,3000,-1,-1
13301,-1,,[],965,,606164613,606164613,-1,-1,13,4000,-1,-1
13302,-1,,[],966,,606165201,606165201,606165301,-1,1,1,-1,-1
13303,-1,,[],966,,606165202,606165202,606165302,-1,2,2,-1,-1
13304,-1,,[],966,,606165203,606165203,606165303,-1,3,3,-1,-1
13305,-1,,[],966,,606165204,606165204,606165304,-1,4,4,-1,-1
13306,-1,,[],966,,606165205,606165205,606165305,-1,5,5,-1,-1
13307,-1,,[],966,,606165206,606165206,606165306,-1,6,6,-1,-1
13308,-1,,[],966,,606165207,606165207,606165307,-1,7,7,-1,-1
13309,-1,,[],967,,606173211,606173211,-1,-1,1,100,-1,-1
13310,-1,,[],967,,606173212,606173212,-1,-1,2,500,-1,-1
13311,-1,,[],967,,606173213,606173213,-1,-1,3,1000,-1,-1
13312,-1,,[],967,,606173214,606173214,-1,-1,4,1500,-1,-1
13313,-1,,[],967,,606173215,606173215,-1,-1,5,2000,-1,-1
13314,-1,,[],968,,606173221,606173221,-1,-1,1,100,-1,-1
13315,-1,,[],968,,606173222,606173222,-1,-1,2,500,-1,-1
13316,-1,,[],968,,606173223,606173223,-1,-1,3,1000,-1,-1
13317,-1,,[],968,,606173224,606173224,-1,-1,4,1500,-1,-1
13318,-1,,[],968,,606173225,606173225,-1,-1,5,2000,-1,-1
13319,-1,,[],969,,606173231,606173231,-1,-1,1,100,-1,-1
13320,-1,,[],969,,606173232,606173232,-1,-1,2,500,-1,-1
13321,-1,,[],969,,606173233,606173233,-1,-1,3,1000,-1,-1
13322,-1,,[],969,,606173234,606173234,-1,-1,4,1500,-1,-1
13323,-1,,[],969,,606173235,606173235,-1,-1,5,2000,-1,-1
13324,-1,,[],970,,606173241,606173241,-1,-1,1,50,-1,-1
13325,-1,,[],970,,606173242,606173242,-1,-1,2,250,-1,-1
13326,-1,,[],970,,606173243,606173243,-1,-1,3,500,-1,-1
13327,-1,,[],970,,606173244,606173244,-1,-1,4,750,-1,-1
13328,-1,,[],970,,606173245,606173245,-1,-1,5,1000,-1,-1
13329,-1,,[],971,,606173251,606173251,-1,-1,1,50,-1,-1
13330,-1,,[],971,,606173252,606173252,-1,-1,2,250,-1,-1
13331,-1,,[],971,,606173253,606173253,-1,-1,3,500,-1,-1
13332,-1,,[],971,,606173254,606173254,-1,-1,4,750,-1,-1
13333,-1,,[],971,,606173255,606173255,-1,-1,5,1000,-1,-1
13334,-1,,[],972,,606173271,606173271,-1,-1,1,100,-1,-1
13335,-1,,[],972,,606173272,606173272,-1,-1,2,500,-1,-1
13336,-1,,[],972,,606173273,606173273,-1,-1,3,1000,-1,-1
13337,-1,,[],972,,606173274,606173274,-1,-1,4,1500,-1,-1
13338,-1,,[],972,,606173275,606173275,-1,-1,5,2000,-1,-1
13339,-1,,[],973,,606173281,606173281,-1,-1,1,100,-1,-1
13340,-1,,[],973,,606173282,606173282,-1,-1,2,500,-1,-1
13341,-1,,[],973,,606173283,606173283,-1,-1,3,1000,-1,-1
13342,-1,,[],973,,606173284,606173284,-1,-1,4,1500,-1,-1
13343,-1,,[],973,,606173285,606173285,-1,-1,5,2000,-1,-1
13344,-1,,[],974,,606173291,606173291,-1,-1,1,100,-1,-1
13345,-1,,[],974,,606173292,606173292,-1,-1,2,500,-1,-1
13346,-1,,[],974,,606173293,606173293,-1,-1,3,1000,-1,-1
13347,-1,,[],974,,606173294,606173294,-1,-1,4,1500,-1,-1
13348,-1,,[],974,,606173295,606173295,-1,-1,5,2000,-1,-1
13349,-1,,[],975,,606173301,606173301,-1,-1,1,50,-1,-1
13350,-1,,[],975,,606173302,606173302,-1,-1,2,250,-1,-1
13351,-1,,[],975,,606173303,606173303,-1,-1,3,500,-1,-1
13352,-1,,[],975,,606173304,606173304,-1,-1,4,750,-1,-1
13353,-1,,[],975,,606173305,606173305,-1,-1,5,1000,-1,-1
13354,-1,,[],976,,606173311,606173311,-1,-1,1,50,-1,-1
13355,-1,,[],976,,606173312,606173312,-1,-1,2,250,-1,-1
13356,-1,,[],976,,606173313,606173313,-1,-1,3,500,-1,-1
13357,-1,,[],976,,606173314,606173314,-1,-1,4,750,-1,-1
13358,-1,,[],976,,606173315,606173315,-1,-1,5,1000,-1,-1
13359,-1,,[],977,,606174211,606174211,-1,-1,1,100,-1,-1
13360,-1,,[],977,,606174212,606174212,-1,-1,2,500,-1,-1
13361,-1,,[],977,,606174213,606174213,-1,-1,3,1000,-1,-1
13362,-1,,[],977,,606174214,606174214,-1,-1,4,1500,-1,-1
13363,-1,,[],977,,606174215,606174215,-1,-1,5,2000,-1,-1
13364,-1,,[],978,,606174221,606174221,-1,-1,1,100,-1,-1
13365,-1,,[],978,,606174222,606174222,-1,-1,2,500,-1,-1
13366,-1,,[],978,,606174223,606174223,-1,-1,3,1000,-1,-1
13367,-1,,[],978,,606174224,606174224,-1,-1,4,1500,-1,-1
13368,-1,,[],978,,606174225,606174225,-1,-1,5,2000,-1,-1
13369,-1,,[],979,,606174231,606174231,-1,-1,1,100,-1,-1
13370,-1,,[],979,,606174232,606174232,-1,-1,2,500,-1,-1
13371,-1,,[],979,,606174233,606174233,-1,-1,3,1000,-1,-1
13372,-1,,[],979,,606174234,606174234,-1,-1,4,1500,-1,-1
13373,-1,,[],979,,606174235,606174235,-1,-1,5,2000,-1,-1
13374,-1,,[],980,,606174241,606174241,-1,-1,1,50,-1,-1
13375,-1,,[],980,,606174242,606174242,-1,-1,2,250,-1,-1
13376,-1,,[],980,,606174243,606174243,-1,-1,3,500,-1,-1
13377,-1,,[],980,,606174244,606174244,-1,-1,4,750,-1,-1
13378,-1,,[],980,,606174245,606174245,-1,-1,5,1000,-1,-1
13379,-1,,[],981,,606174251,606174251,-1,-1,1,50,-1,-1
13380,-1,,[],981,,606174252,606174252,-1,-1,2,250,-1,-1
13381,-1,,[],981,,606174253,606174253,-1,-1,3,500,-1,-1
13382,-1,,[],981,,606174254,606174254,-1,-1,4,750,-1,-1
13383,-1,,[],981,,606174255,606174255,-1,-1,5,1000,-1,-1
13384,-1,,[],982,,606174271,606174271,-1,-1,1,100,-1,-1
13385,-1,,[],982,,606174272,606174272,-1,-1,2,500,-1,-1
13386,-1,,[],982,,606174273,606174273,-1,-1,3,1000,-1,-1
13387,-1,,[],982,,606174274,606174274,-1,-1,4,1500,-1,-1
13388,-1,,[],982,,606174275,606174275,-1,-1,5,2000,-1,-1
13389,-1,,[],983,,606174281,606174281,-1,-1,1,100,-1,-1
13390,-1,,[],983,,606174282,606174282,-1,-1,2,500,-1,-1
13391,-1,,[],983,,606174283,606174283,-1,-1,3,1000,-1,-1
13392,-1,,[],983,,606174284,606174284,-1,-1,4,1500,-1,-1
13393,-1,,[],983,,606174285,606174285,-1,-1,5,2000,-1,-1
13394,-1,,[],984,,606174291,606174291,-1,-1,1,100,-1,-1
13395,-1,,[],984,,606174292,606174292,-1,-1,2,500,-1,-1
13396,-1,,[],984,,606174293,606174293,-1,-1,3,1000,-1,-1
13397,-1,,[],984,,606174294,606174294,-1,-1,4,1500,-1,-1
13398,-1,,[],984,,606174295,606174295,-1,-1,5,2000,-1,-1
13399,-1,,[],985,,606174301,606174301,-1,-1,1,50,-1,-1
13400,-1,,[],985,,606174302,606174302,-1,-1,2,250,-1,-1
13401,-1,,[],985,,606174303,606174303,-1,-1,3,500,-1,-1
13402,-1,,[],985,,606174304,606174304,-1,-1,4,750,-1,-1
13403,-1,,[],985,,606174305,606174305,-1,-1,5,1000,-1,-1
13404,-1,,[],986,,606174311,606174311,-1,-1,1,50,-1,-1
13405,-1,,[],986,,606174312,606174312,-1,-1,2,250,-1,-1
13406,-1,,[],986,,606174313,606174313,-1,-1,3,500,-1,-1
13407,-1,,[],986,,606174314,606174314,-1,-1,4,750,-1,-1
13408,-1,,[],986,,606174315,606174315,-1,-1,5,1000,-1,-1
13409,-1,,[],987,,606165201,606165201,606175506,-1,1,1,-1,-1
13410,-1,,[],987,,606165202,606165202,606175507,-1,2,2,-1,-1
13411,-1,,[],987,,606165203,606165203,606175508,-1,3,3,-1,-1
13412,-1,,[],987,,606165204,606165204,606175509,-1,4,4,-1,-1
13413,-1,,[],987,,606165205,606165205,606175510,-1,5,5,-1,-1
13414,-1,,[],987,,606165206,606165206,606175511,-1,6,6,-1,-1
13415,-1,,[],987,,606165207,606165207,606175512,-1,7,7,-1,-1
