id,act,actionType_1,actionType_2,actionType_3,actionType_4,actionTypeIndex,actParams_1,actParams_2,actParams_3,actParams_4,addConditions,avatar,cantDispel,damageNumType,desc,dispel_type,enhance_actParams_1,enhance_actParams_2,enhance_actParams_3,enhance_actParams_4,fx,fx_line,fx_news,icon,ignore_blackscreen,level_enhance,mat,maxLevel,name,overwrite,releaseProbability_enhance,ShowWord,special_hit_effect,type,TypeList,TypePos,updateTime,upgradeDataDic,viewValueList,viewValues
1,,30,54,-1,-1,{30:0|54:1},10000,6006|9999,,,,-1,-1,-1,,[1],,,,,,,,,-1,0,,-1,,-1,0,-1,,[2],[2],{2:0},-1,{1:BuffUpgradeData},[],
2,,71,-1,-1,-1,{71:0},31|32|33|34,,,,,-1,-1,-1,,[1],,,,,,,,,-1,0,,-1,,3,0,-1,,[2],[2],{2:0},100,{1:BuffUpgradeData},[],
3,,5,31,11,-1,{5:0|31:1|11:2},31002|2|1000|1000|1|100,1|1|1,2,,,-1,-1,-1,,,,,,,,,,,-1,0,,20,,1,0,-1,,[2],[2],{2:0},1000,{1:BuffUpgradeData},[],
4,,5,31,11,-1,{5:0|31:1|11:2},31001|2|1000|1000|1|100,1|1|1,2,,,-1,-1,-1,,,,,,,,,,,-1,0,,20,,1,0,-1,,[2],[2],{2:0},1000,{1:BuffUpgradeData},[],
5,,5,31,11,-1,{5:0|31:1|11:2},31002|2|1000|1000|1|100,1|1|1,2,,,-1,-1,-1,,,,,,,,,,,-1,0,,20,,1,0,-1,,[2],[2],{2:0},1000,{1:BuffUpgradeData},[],
6,,5,31,11,-1,{5:0|31:1|11:2},31001|2|1000|1000|1|100,1|1|1,2,,,-1,-1,-1,,,,,,,,,,,-1,0,,20,,1,0,-1,,[2],[2],{2:0},1000,{1:BuffUpgradeData},[],
100,,3,-1,-1,-1,{3:0},,,,,,-1,-1,-1,,,,,,,,,,,-1,0,Material/fx_Spine_Mabi,-1,,-1,0,-1,,[1|3],[1|3],{1:0|3:1},-1,{1:BuffUpgradeData},[],
102,,3,30,27,-1,{3:0|30:1|27:2},,-10000,0,,,-1,-1,-1,,,,,,,Effect/Battle/CommonEffect/Fx_IceFrozen_01,,[100002],,-1,0,,-1,,-1,0,-1,,[1|7],[1|7],{1:0|7:1},-1,{1:BuffUpgradeData},[],
103,,1,-1,-1,-1,{1:0},1|3|-2000,,,,,-1,-1,-1,,,,,,,Effect/Battle/CommonEffect/Fx_ZhouShang_01,,[100003],,-1,0,,5,,1,0,-1,,[1|301|203],[1|301|203],{1:0|301:1|203:2},-1,{1:BuffUpgradeData},[],
104,,20,-1,-1,-1,{20:0},1|3|204,,,,,-1,-1,-1,,,,,,,,,,3001,-1,0,,3,,1,0,-1,,[1|104],[1|104],{1:0|104:1},-1,{1:BuffUpgradeData},[],
204,,20,7,-1,-1,{20:0|7:1},2|0|100,104|0,,,,-1,-1,-1,,,,,,,,,,,-1,0,,-1,,-1,0,1,,[1|204],[1|204],{1:0|204:1},600,{1:BuffUpgradeData},[],
304,,7,-1,-1,-1,{7:0},204|0,,,,,-1,-1,-1,,,,,,,,,,,-1,0,,-1,,-1,0,1,,[2],[2],{2:0},-1,{1:BuffUpgradeData},[],
201,,-1,-1,-1,-1,{},,,,,,-1,-1,-1,,,,,,,,,,,-1,0,,-1,,-1,0,1,elc_hit,[1|201],[1|201],{1:0|201:1},-1,{1:BuffUpgradeData},[],
301,,4,3,23,-1,{4:0|3:1|23:2},1|400|250|1,,0|201|0|350|2|0|0|0,,,-1,-1,-1,,,,,,,,,,,-1,0,,-1,,3,0,-1,,[2|201],[2|201],{2:0|201:1},500,{1:BuffUpgradeData},[],
401,,24,-1,-1,-1,{24:0},,,,,,-1,-1,-1,,,,,,,,,,,-1,0,,-1,,-1,0,-1,,[2|201],[2|201],{2:0|201:1},-1,{1:BuffUpgradeData},[],
501,,3,27,-1,-1,{3:0|27:1},,0,,,,-1,-1,-1,,[1],,,,,,,[100002],,-1,0,,-1,,-1,0,-1,,[2],[2],{2:0},-1,{1:BuffUpgradeData},[],
502,,52,19,-1,-1,{52:0|19:1},300,0|1|2,,,,-1,-1,-1,,,,,,,,,[301],,-1,0,,-1,,-1,0,-1,,[1|12],[1|12],{1:0|12:1},-1,{1:BuffUpgradeData},[],
503,,48,-1,-1,-1,{48:0},"5|-300,6|-10000",,,,,-1,-1,-1,,,,,,,,,[100011],,-1,0,,-1,,-1,0,-1,,[1|301],[1|301],{1:0|301:1},-1,{1:BuffUpgradeData},[],
10104,,30,-1,-1,-1,{30:0},2500,,,,,-1,-1,-1,,,,,,,,,,,-1,0,,-1,,-1,0,-1,,[0|30],[0|30],{0:0|30:1},-1,{1:BuffUpgradeData},[],
10204,,48,-1,-1,-1,{48:0},103|1000,,,,,-1,-1,-1,,,,,,,,,,,-1,0,,6,,1,0,-1,,[0],[0],{0:0},-1,{1:BuffUpgradeData},[],
10304,,48,-1,-1,-1,{48:0},8|1500,,,,,-1,-1,-1,,,,,,,,,,,-1,0,,-1,,-1,0,-1,,[0],[0],{0:0},-1,{1:BuffUpgradeData},[],
10114,,30,-1,-1,-1,{30:0},3500,,,,,-1,-1,-1,,,,,,,,,,,-1,0,,-1,,-1,0,-1,,[0|30],[0|30],{0:0|30:1},-1,{1:BuffUpgradeData},[],
10214,,48,-1,-1,-1,{48:0},103|2000,,,,,-1,-1,-1,,,,,,,,,,,-1,0,,6,,1,0,-1,,[0],[0],{0:0},-1,{1:BuffUpgradeData},[],
10314,,48,-1,-1,-1,{48:0},8|2500,,,,,-1,-1,-1,,,,,,,,,,,-1,0,,-1,,-1,0,-1,,[0],[0],{0:0},-1,{1:BuffUpgradeData},[],
10414,,9,-1,-1,-1,{9:0},1|1|4|1500|5000,,,,,-1,-1,-1,,,,,,,,,,,-1,0,,-1,,-1,0,-1,,[0|4],[0|4],{0:0|4:1},-1,{1:BuffUpgradeData},[],
10513,,48,-1,-1,-1,{48:0},103|1500,,,,,-1,-1,-1,,,,,,,,,,,-1,0,,-1,,-1,0,-1,,[0],[0],{0:0},-1,{1:BuffUpgradeData},[],
10514,,48,-1,-1,-1,{48:0},34|-4400,,,,,-1,-1,-1,,,,,,,,,,,-1,0,,-1,,-1,0,-1,,[1|301],[1|301],{1:0|301:1},-1,{1:BuffUpgradeData},[],
10614,,28,-1,-1,-1,{28:0},6000|1000|1000|1000|5000|-1|0|8000|1,,,,,-1,1,-1,,[1],,,,,,,,,-1,0,,-1,,-1,0,-1,,[0|4],[0|4],{0:0|4:1},500,{1:BuffUpgradeData},[],
10701,,48,-1,-1,-1,{48:0},18|1000,,,,,-1,-1,-1,,,,,,,,,,,-1,0,,-1,,-1,0,-1,,[0],[0],{0:0},-1,{1:BuffUpgradeData},[],
10801,,48,-1,-1,-1,{48:0},19|1000,,,,,-1,-1,-1,,,,,,,,,,,-1,0,,-1,,-1,0,-1,,[0],[0],{0:0},-1,{1:BuffUpgradeData},[],
30001,,48,-1,-1,-1,{48:0},5|-100,,,,,-1,-1,-1,,,,,,,,,[100011],,-1,0,,-1,,-1,0,-1,,[1|301],[1|301],{1:0|301:1},-1,{1:BuffUpgradeData},[],
30002,,48,16,-1,-1,{48:0|16:1},"6|3000,15|1500",3000,,,,-1,-1,-1,,,,,,,Effect/Battle/Magus_Skill2_Buff,,[1002811],,-1,0,,-1,,-1,0,-1,,[0],[0],{0:0},-1,{1:BuffUpgradeData},[],
30003,,9,-1,-1,-1,{9:0},1|1|3|20000|5000,,,,,-1,-1,-1,,,,,,,Effect/Battle/SecretKeeper_Skill0,,[1001801],,-1,0,,-1,,-1,0,-1,,[0|4],[0|4],{0:0|4:1},-1,{1:BuffUpgradeData},[],
30004,,1,-1,-1,-1,{1:0},1|3|-3000,,,,,-1,-1,-1,,,,,,,Effect/Battle/CommonEffect/Fx_ZhouShang_01,,[100003],,-1,0,,5,,1,0,-1,,[1|201|301],[1|201|301],{1:0|201:1|301:2},1000,{1:BuffUpgradeData},[],
30005,,3,27,-1,-1,{3:0|27:1},,0,,,,-1,-1,-1,,,,,,,,,[100002],,-1,0,,-1,,-1,0,-1,,[1|7],[1|7],{1:0|7:1},-1,{1:BuffUpgradeData},[],
30006,,3,27,-1,-1,{3:0|27:1},,0,,,,-1,-1,-1,,,,,,,,,[100002],,-1,0,,-1,,-1,0,-1,,[1|7],[1|7],{1:0|7:1},-1,{1:BuffUpgradeData},[],
30010,,48,-1,-1,-1,{48:0},5|100,,,,,-1,-1,-1,,,,,,,,,[100009],,-1,0,,-1,,-1,0,-1,,[0],[0],{0:0},-1,{1:BuffUpgradeData},[],
30012,,1,-1,-1,-1,{1:0},1|3|-3000,,,,,-1,-1,-1,,,,,,,Effect/Battle/CommonEffect/Fx_ZhouShang_01,,[100003],,-1,0,,5,,1,0,-1,,[1|201|301],[1|201|301],{1:0|201:1|301:2},1000,{1:BuffUpgradeData},[],
30007,repel,3,4,-1,-1,{3:0|4:1},,2|1000|200,,,,-1,-1,-1,,,,,,,,,,,1,0,,-1,,-1,0,-1,,[1|8],[1|8],{1:0|8:1},-1,{1:BuffUpgradeData},[],
30013,,30,-1,-1,-1,{30:0},-1000,,,,,-1,-1,-1,,[1],,,,,,,,,-1,0,,-1,,-1,0,-1,,[1|301],[1|301],{1:0|301:1},-1,{1:BuffUpgradeData},[],
30014,,30,-1,-1,-1,{30:0},-1500,,,,,-1,-1,-1,,[1],,,,,,,,,-1,0,,-1,,-1,0,-1,,[1|301],[1|301],{1:0|301:1},-1,{1:BuffUpgradeData},[],
40001,,48,-1,-1,-1,{48:0},71|5000,,,,,-1,1,-1,,,,,,,,,[100009],,-1,0,,-1,,-1,0,-1,,[0],[0],{0:0},-1,{1:BuffUpgradeData},[],
3000601,,48,-1,-1,-1,{48:0},13|4000,,,,,-1,1,-1,,[1],,,,,,,,,-1,0,,-1,,-1,0,-1,,[2],[2],{2:0},-1,{1:BuffUpgradeData},[],
3000602,,6,7,-1,-1,{6:0|7:1},0|10023|-12000,10023|0,,,,-1,-1,-1,,,,,,,,,,,-1,0,,-1,,-1,0,-1,,[2],[2],{2:0},-1,{1:BuffUpgradeData},[],
3000603,,15,-1,-1,-1,{15:0},1|0|0|71|0|1500|1500|0,,,,,-1,-1,-1,,,,,,,,,,,-1,0,,-1,,-1,0,-1,,[2],[2],{2:0},-1,{1:BuffUpgradeData},[],
3001101,stun,3,-1,-1,-1,{3:0},,,,,,-1,-1,-1,,,,,,,Effect/Battle/CommonEffect/Fx_XuanYun_Buff,,[100001],,-1,0,,-1,,-1,0,-1,,[1|3],[1|3],{1:0|3:1},-1,{1:BuffUpgradeData},[],
3001201,,30,-1,-1,-1,{30:0},-300,,,,,-1,-1,-1,,,,,,,,,,,-1,0,,5,,1,0,-1,,[1],[1],{1:0},-1,{1:BuffUpgradeData},[],
3001301,,10,-1,-1,-1,{10:0},3|7|8|9|12|15|16|17|18|204,,,,,-1,-1,-1,,,,,,,,,,,-1,0,,-1,,-1,0,-1,,[2],[2],{2:0},-1,{1:BuffUpgradeData},[],
3001302,,10,14,30,-1,{10:0|14:1|30:2},3|7|8|9|12|15|16|17|18|204,30013132|1,2500,,,-1,-1,-1,,,,,,,,,,,-1,0,,-1,,-1,0,-1,,[2],[2],{2:0},-1,{1:BuffUpgradeData},[],
3001303,,10,14,30,-1,{10:0|14:1|30:2},3|7|8|9|12|15|16|17|18|204,30013132|1,2500,,,-1,-1,-1,,,,,,,,,,,-1,0,,-1,,-1,0,-1,,[2],[2],{2:0},-1,{1:BuffUpgradeData},[],
3001304,,10,14,30,-1,{10:0|14:1|30:2},3|7|8|9|12|15|16|17|18|204,"30013132|1,30013201|1",2500,,,-1,-1,-1,,,,,,,,,,,-1,0,,-1,,-1,0,-1,,[2],[2],{2:0},-1,{1:BuffUpgradeData},[],
3001305,,5,-1,-1,-1,{5:0},30011|2|4000|4000|2|200,,,,,-1,1,-1,,[1],,,,,,,,,-1,0,,5,,1,0,-1,,[2],[2],{2:0},-1,{1:BuffUpgradeData},[],
3001306,,48,-1,-1,-1,{48:0},6|6000,,,,,-1,-1,-1,,,,,,,,,,,-1,0,,-1,,-1,0,-1,,[2],[2],{2:0},-1,{1:BuffUpgradeData},[],
3001801,,21,11,30,-1,{21:0|11:1|30:2},,2,10000,,,-1,-1,-1,,,,,,,,,[1004503],,-1,0,,-1,,-1,0,-1,,[2],[2],{2:0},-1,{1:BuffUpgradeData},[],
3001901,,30,16,-1,-1,{30:0|16:1},9500,4000,,,,-1,1,-1,,[1],,,,,,,,,-1,0,,-1,,-1,0,-1,,[0],[0],{0:0},-1,{1:BuffUpgradeData},[],
3001902,,30,16,-1,-1,{30:0|16:1},9500,4000,,,,-1,1,-1,,[1],,,,,,,,,-1,0,,-1,,-1,0,-1,,[0],[0],{0:0},-1,{1:BuffUpgradeData},[],
3001903,,30,16,-1,-1,{30:0|16:1},9500,4000,,,,-1,1,-1,,[1],,,,,,,,,-1,0,,-1,,-1,0,-1,,[0],[0],{0:0},-1,{1:BuffUpgradeData},[],
3001904,,30,16,-1,-1,{30:0|16:1},9500,4000,,,,-1,1,-1,,[1],,,,,,,,,-1,0,,-1,,-1,0,-1,,[0],[0],{0:0},-1,{1:BuffUpgradeData},[],
3001911,,-1,-1,-1,-1,{},,,,,,-1,-1,-1,,,,,,,,,,,-1,0,,-1,,-1,0,-1,,[30019],[30019],{30019:0},-1,{1:BuffUpgradeData},[],
3001912,,-1,-1,-1,-1,{},,,,,,-1,-1,-1,,,,,,,,,,,-1,0,,-1,,-1,0,-1,,[30019],[30019],{30019:0},-1,{1:BuffUpgradeData},[],
3001913,,43,30,-1,-1,{43:0|30:1},800,800,,,,-1,-1,-1,,,,,,,,,,,-1,0,,3,,1,0,-1,,[30019],[30019],{30019:0},-1,{1:BuffUpgradeData},[],
3001914,,43,30,-1,-1,{43:0|30:1},800,800,,,,-1,-1,-1,,,,,,,,,,,-1,0,,3,,1,0,-1,,[30019],[30019],{30019:0},-1,{1:BuffUpgradeData},[],
3001921,,7,-1,-1,-1,{7:0},30019|0,,,,,-1,-1,-1,,,,,,,,,,,-1,0,,-1,,-1,0,-1,,[0|4],[0|4],{0:0|4:1},-1,{1:BuffUpgradeData},[],
3001922,,7,9,-1,-1,{7:0|9:1},30019|0,1|2|4|1000|4000|0,,,,-1,-1,-1,,,,,,,,,,,-1,0,,-1,,-1,0,-1,,[0|4],[0|4],{0:0|4:1},-1,{1:BuffUpgradeData},[],
3001923,,7,9,-1,-1,{7:0|9:1},30019|0,1|2|4|1000|4000|0,,,,-1,-1,-1,,,,,,,,,,,-1,0,,3,,1,0,-1,,[0|4],[0|4],{0:0|4:1},-1,{1:BuffUpgradeData},[],
3001924,,7,9,-1,-1,{7:0|9:1},30019|0,1|2|4|1000|4000|0,,,,-1,-1,-1,,,,,,,,,,,-1,0,,3,,1,0,-1,,[0|4],[0|4],{0:0|4:1},-1,{1:BuffUpgradeData},[],
5200801,,10,11,30,-1,{10:0|11:1|30:2},3|7|8|9|11|12|13|15|16|17|18|204|205|206,3,10000,,,-1,-1,-1,,[1],,,,,,,,,-1,0,,-1,,-1,0,-1,,[2],[2],{2:0},-1,{1:BuffUpgradeData},[],
6000001,,10,-1,-1,-1,{10:0},3|7|8|9|11|12|13|15|16|17|18|204|205|206,,,,,-1,-1,-1,,[1],,,,,,,,,-1,0,,-1,,-1,0,-1,,[2],[2],{2:0},-1,{1:BuffUpgradeData},[],
6000002,,11,21,-1,-1,{11:0|21:1},1,,,,,-1,-1,-1,,,,,,,,,,,-1,0,,-1,,-1,0,-1,,[2],[2],{2:0},-1,{1:BuffUpgradeData},[],
6000003,,10,48,-1,-1,{10:0|48:1},3|7|8|9|11|12|13|15|16|17|18|204|205|206,28|-5000,,,,-1,-1,-1,,[1],,,,,,,,,-1,0,,-1,,-1,0,-1,,[2],[2],{2:0},-1,{1:BuffUpgradeData},[],
6000004,,10,48,-1,-1,{10:0|48:1},3|7|8|9|11|12|13|15|16|17|18|204|205|206,32|-5000,,,,-1,-1,-1,,[1],,,,,,,,,-1,0,,-1,,-1,0,-1,,[2],[2],{2:0},-1,{1:BuffUpgradeData},[],
6000005,,10,48,-1,-1,{10:0|48:1},3|7|8|9|11|12|13|15|16|17|18|204|205|206,30|-5000,,,,-1,-1,-1,,[1],,,,,,,,,-1,0,,-1,,-1,0,-1,,[2],[2],{2:0},-1,{1:BuffUpgradeData},[],
6000006,,10,30,-1,-1,{10:0|30:1},3|7|8|9|11|12|13|15|16|17|18|204|205|206,9000,,,,-1,-1,-1,,[1],,,,,,,,,-1,0,,-1,,-1,0,-1,,[2],[2],{2:0},-1,{1:BuffUpgradeData},[],
6000007,,10,30,-1,-1,{10:0|30:1},3|7|8|9|11|12|13|15|16|17|18|204|205|206,9900,,,,-1,-1,-1,,[1],,,,,,,,,-1,0,,-1,,-1,0,-1,,[2],[2],{2:0},-1,{1:BuffUpgradeData},[],
6000008,,10,30,-1,-1,{10:0|30:1},3|7|8|9|11|12|13|15|16|17|18|204|205|206,9500,,,,-1,-1,-1,,[1],,,,,,,,,-1,0,,-1,,-1,0,-1,,[2],[2],{2:0},-1,{1:BuffUpgradeData},[],
6000009,,10,30,-1,-1,{10:0|30:1},3|7|8|9|11|12|13|15|16|17|18|204|205|206,9950,,,,-1,-1,-1,,[1],,,,,,,,,-1,0,,-1,,-1,0,-1,,[2],[2],{2:0},-1,{1:BuffUpgradeData},[],
6000010,,53,-1,-1,-1,{53:0},100,,,,,-1,-1,-1,,[1],,,,,,,,,-1,0,,-1,,-1,0,-1,,[2],[2],{2:0},100,{1:BuffUpgradeData},[],
6000011,,10,30,-1,-1,{10:0|30:1},3|7|8|9|11|12|13|15|16|17|18|204|205|206,5000,,,,-1,-1,-1,,[1],,,,,,,,,-1,0,,-1,,-1,0,-1,,[2],[2],{2:0},-1,{1:BuffUpgradeData},[],
6000012,,10,-1,-1,-1,{10:0},205,,,,,-1,-1,-1,,[1],,,,,,,,,-1,0,,-1,,-1,0,-1,,[2],[2],{2:0},-1,{1:BuffUpgradeData},[],
6000013,,10,48,-1,-1,{10:0|48:1},3|7|8|9|11|12|13|15|16|17|18|204|205|206,"30|10000,32|10000",,,,-1,-1,-1,,[1],,,,,,,,,-1,0,,-1,,-1,0,-1,,[2],[2],{2:0},-1,{1:BuffUpgradeData},[],
6000014,,10,48,-1,-1,{10:0|48:1},3|7|8|9|11|12|13|15|16|17|18|204|205|206,"28|10000,32|10000",,,,-1,-1,-1,,[1],,,,,,,,,-1,0,,-1,,-1,0,-1,,[2],[2],{2:0},-1,{1:BuffUpgradeData},[],
6000015,,10,48,-1,-1,{10:0|48:1},3|7|8|9|11|12|13|15|16|17|18|204|205|206,"30|10000,28|10000",,,,-1,-1,-1,,[1],,,,,,,,,-1,0,,-1,,-1,0,-1,,[2],[2],{2:0},-1,{1:BuffUpgradeData},[],
6000016,,10,48,70,-1,{10:0|48:1|70:2},3|7|8|9|11|12|13|15|16|17|18|204|205|206,97|9900,"201|-9900,203|-9900",,,-1,-1,-1,,[1],,,,,,,,,-1,0,,-1,,-1,0,-1,,[2],[2],{2:0},-1,{1:BuffUpgradeData},[],
6000017,,10,48,70,-1,{10:0|48:1|70:2},3|7|8|9|11|12|13|15|16|17|18|204|205|206,97|9500,"201|-9500,203|-9500",,,-1,-1,-1,,[1],,,,,,,,,-1,0,,-1,,-1,0,-1,,[2],[2],{2:0},-1,{1:BuffUpgradeData},[],
6004001,,5,19,-1,-1,{5:0|19:1},53030|1|80000|80000|2|1|64043101,60040,,,,-1,-1,-1,,[1],,,,,,,,,-1,0,,-1,,-1,0,-1,,[2],[2],{2:0},-1,{1:BuffUpgradeData},[],
6004002,,1,-1,-1,-1,{1:0},1|3|-2000,,,,,-1,-1,-1,,,,,,,,,[100003],,-1,0,,5,,1,0,-1,,[1|301|201],[1|301|201],{1:0|301:1|201:2},1000,{1:BuffUpgradeData},[],
6004003,,14,-1,-1,-1,{14:0},60040303|1,,,,,-1,-1,-1,,[1],,,,,,,,,-1,0,,-1,,-1,0,-1,,[2],[2],{2:0},-1,{1:BuffUpgradeData},[],
6004004,,5,-1,-1,-1,{5:0},53057|4|4500|1000|2|550,,,,,-1,-1,-1,,[1],,,,,,,,,-1,0,,-1,,-1,0,-1,,[2],[2],{2:0},-1,{1:BuffUpgradeData},[],
6004005,,30,19,-1,-1,{30:0|19:1},9000,6004001,,,,-1,-1,-1,,[2|6004002],,,,,,,[6004001],,-1,0,,-1,,-1,0,-1,,[2|6004001],[2|6004001],{2:0|6004001:1},-1,{1:BuffUpgradeData},[],
6004006,,20,-1,-1,-1,{20:0},1|4|6004007|1,,,,,-1,-1,-1,,[2|6004002],,,,,,,,,-1,0,,4,,1,0,-1,,[2|6004001],[2|6004001],{2:0|6004001:1},-1,{1:BuffUpgradeData},[],
6004007,,7,-1,-1,-1,{7:0},6004001|0,,,,,-1,-1,-1,,[1],,,,,,,,,-1,0,,-1,,-1,0,-1,,[2|6004002],[2|6004002],{2:0|6004002:1},-1,{1:BuffUpgradeData},[],
6004601,,4,-1,-1,-1,{4:0},1|1500|300,,,,,-1,-1,-1,,,,,,,,,,,-1,0,,-1,,-1,0,-1,,,[],{},-1,{1:BuffUpgradeData},[],
6004602,,5,-1,-1,-1,{5:0},53010|1|1000|2000|2|100|53010101,,,,,-1,1,-1,,[1],,,,,,,,,-1,0,,-1,,-1,0,-1,,[2],[2],{2:0},-1,{1:BuffUpgradeData},[],
6004603,,5,-1,-1,-1,{5:0},53010|1|1000|2000|2|500|53010101,,,,,-1,1,-1,,[1],,,,,,,,,-1,0,,-1,,-1,0,-1,,[2],[2],{2:0},-1,{1:BuffUpgradeData},[],
6004604,,5,-1,-1,-1,{5:0},53010|1|1000|2000|2|150|53010101,,,,,-1,1,-1,,[1],,,,,,,,,-1,0,,-1,,-1,0,-1,,[2],[2],{2:0},-1,{1:BuffUpgradeData},[],
6004605,,5,-1,-1,-1,{5:0},53010|1|1000|2000|2|350|53010101,,,,,-1,1,-1,,[1],,,,,,,,,-1,0,,-1,,-1,0,-1,,[2],[2],{2:0},-1,{1:BuffUpgradeData},[],
6004606,skill3,31,3,11,-1,{31:0|3:1|11:2},1|1|0,,1,,,-1,1,-1,,[1],,,,,,,[6004601],,1,0,,-1,,-1,0,-1,,[2],[2],{2:0},-1,{1:BuffUpgradeData},[],
6004607,,3,-1,-1,-1,{3:0},,,,,,-1,1,-1,,[1],,,,,,,[6004602],,-1,0,,-1,,-1,0,-1,,[2],[2],{2:0},-1,{1:BuffUpgradeData},[],
6001801,stun,3,-1,-1,-1,{3:0},,,,,,-1,-1,-1,,,,,,,Effect/Battle/CommonEffect/Fx_XuanYun_Buff,,[100001],,-1,0,,-1,,-1,0,-1,,[1|3],[1|3],{1:0|3:1},-1,{1:BuffUpgradeData},[],
6001802,,4,-1,-1,-1,{4:0},3|0|400,,,,,-1,-1,-1,,,,,,,,,,,-1,0,,-1,,-1,0,-1,,[2],[2],{2:0},-1,{1:BuffUpgradeData},[],
6001803,,48,-1,-1,-1,{48:0},5|-225,,,,,-1,-1,-1,,,,,,,,,[100011],,-1,0,,-1,,-1,0,-1,,[1|301],[1|301],{1:0|301:1},-1,{1:BuffUpgradeData},[],
6005001,fly,3,-1,-1,-1,{3:0},,,,,,-1,-1,-1,,,,,,,Effect/Battle/CommonEffect/Fx_XuanYun_Buff,,[100001],,1,0,,-1,,-1,0,-1,,[1|9],[1|9],{1:0|9:1},-1,{1:BuffUpgradeData},[],
6005002,,4,-1,-1,-1,{4:0},3|0|100,,,,,-1,-1,-1,,,,,,,,,,,-1,0,,-1,,-1,0,-1,,[2],[2],{2:0},-1,{1:BuffUpgradeData},[],
6005101,,9,23,-1,-1,{9:0|23:1},1|1|4|1000|5000,0|60051402|2|350|2|0|0|0,,,,-1,-1,-1,,,,,,,Effect/Battle/SecretKeeper_Skill0,,[6005101],,-1,0,,-1,,-1,0,-1,,[0|4],[0|4],{0:0|4:1},-1,{1:BuffUpgradeData},[],
6005901,,4,-1,-1,-1,{4:0},3|0|200,,,,,-1,-1,-1,,,,,,,,,,,-1,0,,-1,,-1,0,-1,,[2],[2],{2:0},-1,{1:BuffUpgradeData},[],
6009401,loop_skill0,11,3,1,-1,{11:0|3:1|1:2},1,,1|4|500,,,-1,-1,-1,,,,,,,Effect/Battle/Boss/Fx_SJJR_Red_Skill0,,[6009401],,1,0,,3,,1,0,-1,,[2|60094],[2|60094],{2:0|60094:1},2000,{1:BuffUpgradeData},[],
6009402,,5,-1,-1,-1,{5:0},53001|3|0|0|2|200,,,,,-1,-1,-1,,,,,,,,,,,-1,0,,-1,,-1,0,-1,,[2],[2],{2:0},-1,{1:BuffUpgradeData},[],
6009404,,7,-1,-1,-1,{7:0},60094|1,,,,,-1,-1,-1,,,,,,,,,,,-1,0,,-1,,-1,0,-1,,[2],[2],{2:0},-1,{1:BuffUpgradeData},[],
6009405,,1,-1,-1,-1,{1:0},1|3|10000,,,,,-1,-1,-1,,,,,,,Effect/Battle/CommonEffect/Fx_ZhiLiaoMingZhong_01,,[100006],,-1,0,,-1,,-1,0,-1,,[0],[0],{0:0},-1,{1:BuffUpgradeData},[],
6009501,loop_skill0,12,1,9,3,{12:0|1:1|9:2|3:3},4,1|4|200,1|1|10|20|10000,,,-1,-1,-1,,,,,,,Effect/Battle/Boss/Fx_SJR_Skill0,,[6009501],,1,0,,-1,,-1,0,-1,,[2],[2],{2:0},1000,{1:BuffUpgradeData},[],
6009502,skill3,30,3,31,11,{30:0|3:1|31:2|11:3},10000,,1|1,1,,-1,-1,-1,,,,,,,,,,,-1,0,,-1,,-1,0,-1,,[2],[2],{2:0},-1,{1:BuffUpgradeData},[],
6009503,,16,19,5,14,{16:0|19:1|5:2|14:3},-2500,6009501,53027|2|3200|5000|2|50|60095404,60095402|1|1,,-1,-1,-1,,[1],,,,,,,,,-1,0,,-1,,-1,0,-1,,[2],[2],{2:0},-1,{1:BuffUpgradeData},[],
6009504,,16,19,5,14,{16:0|19:1|5:2|14:3},-2500,6009502,53028|4|1600|2500|2|100|60095404,60095403|1|1,,-1,-1,-1,,[1],,,,,,,,,-1,0,,-1,,-1,0,-1,,[2],[2],{2:0},-1,{1:BuffUpgradeData},[],
6009505,,16,19,5,-1,{16:0|19:1|5:2},-2500,6009503,53029|8|800|1200|2|150|60095405,,,-1,-1,-1,,[1],,,,,,,,,-1,0,,-1,,-1,0,-1,,[2],[2],{2:0},-1,{1:BuffUpgradeData},[],
6009506,,4,-1,-1,-1,{4:0},2|600|500,,,,,-1,-1,-1,,,,,,,,,,,-1,0,,-1,,-1,0,-1,,[2],[2],{2:0},-1,{1:BuffUpgradeData},[],
6009507,,4,-1,-1,-1,{4:0},2|600|500,,,,,-1,-1,-1,,,,,,,,,,,-1,0,,-1,,-1,0,-1,,[2],[2],{2:0},-1,{1:BuffUpgradeData},[],
6009701,,4,-1,-1,-1,{4:0},1|750|800,,,,,-1,-1,-1,,,,,,,,,,,-1,0,,-1,,-1,0,-1,,[2],[2],{2:0},-1,{1:BuffUpgradeData},[],
6009702,repel,3,4,-1,-1,{3:0|4:1},,2|5000|200,,,,-1,-1,-1,,,,,,,,,,,1,0,,-1,,-1,0,-1,,[1|8],[1|8],{1:0|8:1},-1,{1:BuffUpgradeData},[],
6011501,,5,-1,-1,-1,{5:0},53002|3|2000|2000|2|200,,,,,-1,-1,-1,,,,,,,,,,,-1,0,,-1,,-1,0,-1,,[2],[2],{2:0},-1,{1:BuffUpgradeData},[],
6011502,,5,-1,-1,-1,{5:0},53003|3|2000|2000|2|250,,,,,-1,-1,-1,,,,,,,,,,,-1,0,,-1,,-1,0,-1,,[2],[2],{2:0},-1,{1:BuffUpgradeData},[],
6011601,,4,11,-1,-1,{4:0|11:1},3|0|200,1,,,,-1,-1,-1,,,,,,,,,,,-1,0,,-1,,-1,0,-1,,[2],[2],{2:0},-1,{1:BuffUpgradeData},[],
6011602,,4,-1,-1,-1,{4:0},1|6000|100,,,,,-1,-1,-1,,,,,,,,,,,-1,0,,-1,,-1,0,-1,,[2],[2],{2:0},-1,{1:BuffUpgradeData},[],
6013401,stun,3,4,-1,-1,{3:0|4:1},,2|1000|50,,,,-1,-1,-1,,,,,,,Effect/Battle/CommonEffect/Fx_XuanYun_Buff,,[100001],,-1,0,,-1,,-1,0,-1,,[1|3],[1|3],{1:0|3:1},-1,{1:BuffUpgradeData},[],
6013402,skill0_2,4,-1,-1,-1,{4:0},1|750|800,,,,,-1,-1,-1,,,,,,,Effect/Battle/Boss/Fx_SJR_Smoke,,[6013402],,1,0,,-1,,-1,0,-1,,[2],[2],{2:0},-1,{1:BuffUpgradeData},[],
6013403,skill0_3,-1,-1,-1,-1,{},,,,,,-1,-1,-1,,,,,,,,,,,1,0,,-1,,-1,0,-1,,[2],[2],{2:0},-1,{1:BuffUpgradeData},[],
6013701,stun,3,-1,-1,-1,{3:0},,,,,,-1,-1,-1,,,,,,,Effect/Battle/CommonEffect/Fx_XuanYun_Buff,,[100001],,-1,0,,-1,,-1,0,-1,,[1|3],[1|3],{1:0|3:1},-1,{1:BuffUpgradeData},[],
6013702,,4,-1,-1,-1,{4:0},1|700|1000,,,,,-1,-1,-1,,,,,,,,,,,-1,0,,-1,,-1,0,-1,,[2],[2],{2:0},-1,{1:BuffUpgradeData},[],
6013703,,14,-1,-1,-1,{14:0},60137202|1,,,,,-1,-1,-1,,[1],,,,,,,,,-1,0,,-1,,-1,0,-1,,[2],[2],{2:0},-1,{1:BuffUpgradeData},[],
6013704,,14,-1,-1,-1,{14:0},60137302|1,,,,,-1,-1,-1,,[1],,,,,,,,,-1,0,,-1,,-1,0,-1,,[2],[2],{2:0},-1,{1:BuffUpgradeData},[],
6013705,,48,16,-1,-1,{48:0|16:1},"6|10000,5|100,15|1200",1000,,,,-1,-1,-1,,,,,,,Effect/Battle/Magus_Skill2_Buff,,[100014],,-1,0,,-1,,-1,0,-1,,[0],[0],{0:0},-1,{1:BuffUpgradeData},[],
6013706,,5,-1,-1,-1,{5:0},53056|8|10000|500|1|250,,,,,-1,1,-1,,[1],,,,,,,,,-1,0,,-1,,-1,0,-1,,[2],[2],{2:0},-1,{1:BuffUpgradeData},[],
6013707,fly,3,-1,-1,-1,{3:0},,,,,,-1,-1,-1,,,,,,,Effect/Battle/CommonEffect/Fx_XuanYun_Buff,,[100001],,1,0,,-1,,-1,0,-1,,[1|9],[1|9],{1:0|9:1},-1,{1:BuffUpgradeData},[],
6014101,stun,3,-1,-1,-1,{3:0},,,,,,-1,-1,-1,,,,,,,Effect/Battle/CommonEffect/Fx_XuanYun_Buff,,[100001],,-1,0,,-1,,-1,0,-1,,[1|3],[1|3],{1:0|3:1},-1,{1:BuffUpgradeData},[],
6014102,,4,-1,-1,-1,{4:0},1|750|800,,,,,-1,-1,-1,,,,,,,Effect/Battle/Boss/WinterBoar_Skill_ChongFe,,[6014102],,-1,0,,-1,,-1,0,-1,,[2],[2],{2:0},-1,{1:BuffUpgradeData},[],
6014301,,26,-1,-1,-1,{26:0},225|500|60143302|4|0|0,,,,,-1,-1,-1,,,,,,,,,,,-1,0,,-1,,-1,0,-1,,[2],[2],{2:0},700,{1:BuffUpgradeData},[],
6014302,fly,3,-1,-1,-1,{3:0},,,,,,-1,-1,-1,,,,,,,Effect/Battle/CommonEffect/Fx_XuanYun_Buff,,[100001],,1,0,,-1,,-1,0,-1,,[1|9],[1|9],{1:0|9:1},-1,{1:BuffUpgradeData},[],
6014401,,3,4,-1,-1,{3:0|4:1},,2|2000|100,,,,-1,-1,-1,,,,,,,,,,,-1,0,,-1,,-1,0,-1,,[1|3],[1|3],{1:0|3:1},-1,{1:BuffUpgradeData},[],
6014402,skill2_2,18,19,14,48,{18:0|19:1|14:2|48:3},,1|2|4|5,60144303|1,5|150,,-1,-1,-1,,,,,,,Effect/Battle/Boss/Captain_Hammer_Skill2,,[6014402],,-1,0,,-1,,-1,0,-1,,[2],[2],{2:0},-1,{1:BuffUpgradeData},[],
6014403,skill2_3,3,-1,-1,-1,{3:0},,,,,,-1,-1,-1,,,,,,,Effect/Battle/CommonEffect/Fx_XuanYun_Buff,,[100001],,-1,0,,-1,,-1,0,-1,,[2],[2],{2:0},-1,{1:BuffUpgradeData},[],
6014501,,26,-1,-1,-1,{26:0},150|300|60145202|1|0|1,,,,,-1,-1,-1,,,,,,,,,,,-1,0,,-1,,-1,0,-1,,[2],[2],{2:0},300,{1:BuffUpgradeData},[],
6014502,,3,-1,-1,-1,{3:0},,,,,,-1,-1,-1,,,,,,,Effect/Battle/CommonEffect/Fx_XuanYun_Buff,,[100001],,-1,0,,-1,,-1,0,-1,,[1|3],[1|3],{1:0|3:1},-1,{1:BuffUpgradeData},[],
6014503,,48,-1,-1,-1,{48:0},5|-225,,,,,-1,-1,-1,,,,,,,,,[100011],,-1,0,,-1,,-1,0,-1,,[1|301],[1|301],{1:0|301:1},-1,{1:BuffUpgradeData},[],
6014504,fly,3,-1,-1,-1,{3:0},,,,,,-1,-1,-1,,,,,,,Effect/Battle/CommonEffect/Fx_XuanYun_Buff,,[100001],,1,0,,-1,,-1,0,-1,,[1|9],[1|9],{1:0|9:1},-1,{1:BuffUpgradeData},[],
6017301,,4,-1,-1,-1,{4:0},1|1500|300|0,,,,,-1,-1,-1,,,,,,,,,,,-1,0,,-1,,-1,0,-1,,[2],[2],{2:0},-1,{1:BuffUpgradeData},[],
6018101,,26,-1,-1,-1,{26:0},100|200|60181102|1|0|1,,,,,-1,-1,-1,,,,,,,,,,,-1,0,,-1,,-1,0,-1,,[2],[2],{2:0},200,{1:BuffUpgradeData},[],
6018401,,4,-1,-1,-1,{4:0},1|750|700|0,,,,,-1,-1,-1,,,,,,,,,,,-1,0,,-1,,-1,0,-1,,[2],[2],{2:0},-1,{1:BuffUpgradeData},[],
6018402,repel,3,4,-1,-1,{3:0|4:1},,2|500|100,,,,-1,-1,-1,,,,,,,,,,,1,0,,-1,,-1,0,-1,,[1|8],[1|8],{1:0|8:1},-1,{1:BuffUpgradeData},[],
6018403,,5,-1,-1,-1,{5:0},53007|2|1000|1000|2|200,,,,,-1,-1,-1,,,,,,,,,,,-1,0,,-1,,-1,0,-1,,[2],[2],{2:0},-1,{1:BuffUpgradeData},[],
6018601,,5,-1,-1,-1,{5:0},53008|2|1000|1000|2|200,,,,,-1,-1,-1,,,,,,,,,,,-1,0,,-1,,-1,0,-1,,[2],[2],{2:0},-1,{1:BuffUpgradeData},[],
6018801,,5,-1,-1,-1,{5:0},53009|2|1000|1000|2|200,,,,,-1,-1,-1,,,,,,,,,,,-1,0,,-1,,-1,0,-1,,[2],[2],{2:0},-1,{1:BuffUpgradeData},[],
6018901,,4,11,-1,-1,{4:0|11:1},3|0|300,1,,,,-1,-1,-1,,,,,,,,,,,-1,0,,-1,,-1,0,-1,,[2],[2],{2:0},-1,{1:BuffUpgradeData},[],
6018902,,26,-1,-1,-1,{26:0},150|500|60189302|6|0|0,,,,,-1,-1,-1,,,,,,,,,,,-1,0,,-1,,-1,0,-1,,[2],[2],{2:0},500,{1:BuffUpgradeData},[],
6018903,,5,-1,-1,-1,{5:0},53005|1|10000|5000|2|150,,,,,-1,-1,-1,,,,,,,,,,,-1,0,,-1,,-1,0,-1,,[2],[2],{2:0},-1,{1:BuffUpgradeData},[],
6018904,,26,-1,-1,-1,{26:0},150|500|71023302|6|0|0,,,,,-1,-1,-1,,,,,,,,,,,-1,0,,-1,,-1,0,-1,,[2],[2],{2:0},500,{1:BuffUpgradeData},[],
6019501,fly,3,-1,-1,-1,{3:0},,,,,,-1,-1,-1,,,,,,,Effect/Battle/CommonEffect/Fx_XuanYun_Buff,,[100001],,1,0,,-1,,-1,0,-1,,[1|9],[1|9],{1:0|9:1},-1,{1:BuffUpgradeData},[],
6019502,,48,-1,-1,-1,{48:0},34|-3000,,,,,-1,-1,-1,,,,,,,,,,,-1,0,,-1,,-1,0,-1,,[1|301],[1|301],{1:0|301:1},-1,{1:BuffUpgradeData},[],
6019601,,3,-1,-1,-1,{3:0},,,,,,-1,-1,-1,,,,,,,Effect/Battle/CommonEffect/Fx_XuanYun_Buff,,[100001],,-1,0,,-1,,-1,0,-1,,[1|3],[1|3],{1:0|3:1},-1,{1:BuffUpgradeData},[],
6019701,fly,3,-1,-1,-1,{3:0},,,,,,-1,-1,-1,,,,,,,,,[100001],,1,0,,-1,,-1,0,-1,,[1|9],[1|9],{1:0|9:1},-1,{1:BuffUpgradeData},[],
6019702,,3,-1,-1,-1,{3:0},,,,,,-1,-1,-1,,,,,,,,,[100001],,-1,0,,-1,,-1,0,-1,,[1|3],[1|3],{1:0|3:1},-1,{1:BuffUpgradeData},[],
6019703,,4,-1,-1,-1,{4:0},1|450|2000,,,,,-1,-1,-1,,,,,,,,,,,-1,0,,-1,,-1,0,-1,,[2],[2],{2:0},-1,{1:BuffUpgradeData},[],
6019704,repel,3,4,-1,-1,{3:0|4:1},,2|1000|200,,,,-1,-1,-1,,,,,,,,,,,1,0,,-1,,-1,0,-1,,[1|8],[1|8],{1:0|8:1},-1,{1:BuffUpgradeData},[],
6020901,fly,3,-1,-1,-1,{3:0},,,,,,-1,-1,-1,,,,,,,Effect/Battle/CommonEffect/Fx_XuanYun_Buff,,[100001],,1,0,,-1,,-1,0,-1,,[1|9],[1|9],{1:0|9:1},-1,{1:BuffUpgradeData},[],
6020902,,4,-1,-1,-1,{4:0},3|0|500,,,,,-1,-1,-1,,,,,,,,,,,-1,0,,-1,,-1,0,-1,,[2],[2],{2:0},-1,{1:BuffUpgradeData},[],
6021001,,1,-1,-1,-1,{1:0},1|3|-5000,,,,,-1,-1,-1,,,,,,,Effect/Battle/CommonEffect/Fx_ZhouShang_01,,[1002301],,-1,0,,-1,,-1,0,-1,,[1|301],[1|301],{1:0|301:1},1000,{1:BuffUpgradeData},[],
6021201,,4,-1,-1,-1,{4:0},1|800|1000,,,,,-1,-1,-1,,,,,,,,,,,-1,0,,-1,,-1,0,-1,,[2],[2],{2:0},-1,{1:BuffUpgradeData},[],
6021202,fly,3,-1,-1,-1,{3:0},,,,,,-1,-1,-1,,,,,,,,,[100001],,1,0,,-1,,-1,0,-1,,[1|9],[1|9],{1:0|9:1},-1,{1:BuffUpgradeData},[],
6021301,,19,-1,-1,-1,{19:0},60213,,,,,-1,-1,-1,,[1],,,,,,,,,-1,0,,-1,,-1,0,-1,,[2],[2],{2:0},-1,{1:BuffUpgradeData},[],
6021401,stun,3,-1,-1,-1,{3:0},,,,,,-1,-1,-1,,,,,,,,,[100001],,-1,0,,-1,,-1,0,-1,,[1|3],[1|3],{1:0|3:1},-1,{1:BuffUpgradeData},[],
6021501,,30,-1,-1,-1,{30:0},5000,,,,,-1,-1,-1,,,,,,,Effect/Battle/CommonEffect/Fx_ZhouShang_01,,[6021501],,-1,0,,-1,,-1,0,-1,,[0],[0],{0:0},-1,{1:BuffUpgradeData},[],
6022101,repel,3,4,-1,-1,{3:0|4:1},,1|500|200,,,,-1,-1,-1,,,,,,,,,,,1,0,,-1,,-1,0,-1,,[1|8],[1|8],{1:0|8:1},-1,{1:BuffUpgradeData},[],
6022201,,48,-1,-1,-1,{48:0},5|-225,,,,,-1,-1,-1,,,,,,,,,[100011],,-1,0,,-1,,-1,0,-1,,[1|301],[1|301],{1:0|301:1},-1,{1:BuffUpgradeData},[],
6022301,,4,-1,-1,-1,{4:0},1|400|300,,,,,-1,-1,-1,,,,,,,,,,,-1,0,,-1,,-1,0,-1,,[2],[2],{2:0},-1,{1:BuffUpgradeData},[],
6022302,repel,3,4,-1,-1,{3:0|4:1},,3|0|200,,,,-1,-1,-1,,,,,,,,,,,1,0,,-1,,-1,0,-1,,[1|8],[1|8],{1:0|8:1},-1,{1:BuffUpgradeData},[],
6022303,fly,3,-1,-1,-1,{3:0},,,,,,-1,-1,-1,,,,,,,Effect/Battle/CommonEffect/Fx_XuanYun_Buff,,[100001],,1,0,,-1,,-1,0,-1,,[1|9],[1|9],{1:0|9:1},-1,{1:BuffUpgradeData},[],
6022601,fly,3,-1,-1,-1,{3:0},,,,,,-1,-1,-1,,,,,,,Effect/Battle/CommonEffect/Fx_XuanYun_Buff,,[100001],,1,0,,-1,,-1,0,-1,,[1|9],[1|9],{1:0|9:1},-1,{1:BuffUpgradeData},[],
6023201,,1,-1,-1,-1,{1:0},1|3|-8000,,,,,-1,-1,-1,,,,,,,Effect/Battle/CommonEffect/Fx_ZhouShang_01,,[1002301],,-1,0,,-1,,-1,0,-1,,[1|301],[1|301],{1:0|301:1},1000,{1:BuffUpgradeData},[],
6023301,repel,3,4,-1,-1,{3:0|4:1},,2|1000|200,,,,-1,-1,-1,,,,,,,,,,,1,0,,-1,,-1,0,-1,,[1|8],[1|8],{1:0|8:1},-1,{1:BuffUpgradeData},[],
6023302,,48,-1,-1,-1,{48:0},6|3000,,,,,-1,-1,-1,,,,,,,,,[6023302],,-1,0,,-1,,-1,0,-1,,[0],[0],{0:0},-1,{1:BuffUpgradeData},[],
6023601,,1,-1,-1,-1,{1:0},1|3|-3000,,,,,-1,-1,-1,,,,,,,Effect/Battle/CommonEffect/Fx_ZhouShang_01,,[100003],,-1,0,,-1,,-1,0,-1,,[1|201|301],[1|201|301],{1:0|201:1|301:2},1000,{1:BuffUpgradeData},[],
6023701,,4,-1,-1,-1,{4:0},3|0|200,,,,,-1,-1,-1,,,,,,,,,,,-1,0,,-1,,-1,0,-1,,[2],[2],{2:0},-1,{1:BuffUpgradeData},[],
6023801,,48,-1,-1,-1,{48:0},5|-140,,,,,-1,-1,-1,,,,,,,,,[100011],,-1,0,,-1,,-1,0,-1,,[1|301],[1|301],{1:0|301:1},-1,{1:BuffUpgradeData},[],
6023802,,48,-1,-1,-1,{48:0},5|-90,,,,,-1,-1,-1,,,,,,,,,[100011],,-1,0,,-1,,-1,0,-1,,[1|301],[1|301],{1:0|301:1},-1,{1:BuffUpgradeData},[],
6023803,,14,-1,-1,-1,{14:0},60238201|1,,,,,-1,-1,-1,,[1],,,,,,,[100011],,-1,0,,-1,,-1,0,-1,,[2],[2],{2:0},-1,{1:BuffUpgradeData},[],
6024201,,26,-1,-1,-1,{26:0},150|600|60242102|1|0|0,,,,,-1,-1,-1,,,,,,,,,,,-1,0,,-1,,-1,0,-1,,[2],[2],{2:0},1000,{1:BuffUpgradeData},[],
6024301,repel,3,4,-1,-1,{3:0|4:1},,2|500|200,,,,-1,-1,-1,,,,,,,,,,,1,0,,-1,,-1,0,-1,,[1|8],[1|8],{1:0|8:1},-1,{1:BuffUpgradeData},[],
6024302,,48,-1,-1,-1,{48:0},,,,,,-1,-1,-1,,,,,,,,,,,1,0,,-1,,-1,0,-1,,[1],[1],{1:0},-1,{1:BuffUpgradeData},[],
6024303,,4,11,-1,-1,{4:0|11:1},3|0|400,1,,,,-1,-1,-1,,,,,,,,,,,-1,0,,-1,,-1,0,-1,,[2],[2],{2:0},-1,{1:BuffUpgradeData},[],
6024304,,48,-1,-1,-1,{48:0},6|10000,,,,,-1,-1,-1,,,,,,,,,,,-1,0,,-1,,-1,0,-1,,[0],[0],{0:0},-1,{1:BuffUpgradeData},[],
6024305,stun,3,-1,-1,-1,{3:0},,,,,,-1,-1,-1,,,,,,,,,[100001],,1,0,,-1,,-1,0,-1,,[1|9],[1|9],{1:0|9:1},-1,{1:BuffUpgradeData},[],
6024401,,1,-1,-1,-1,{1:0},1|3|-5000,,,,,-1,-1,-1,,,,,,,Effect/Battle/CommonEffect/Fx_ZhouShang_01,,[1002301],,-1,0,,-1,,-1,0,-1,,[1|301],[1|301],{1:0|301:1},1000,{1:BuffUpgradeData},[],
6024402,,48,-1,-1,-1,{48:0},5|-225,,,,,-1,-1,-1,,,,,,,,,[100011],,-1,0,,-1,,-1,0,-1,,[1|301],[1|301],{1:0|301:1},-1,{1:BuffUpgradeData},[],
6024501,,48,-1,-1,-1,{48:0},5|-105,,,,,-1,-1,-1,,,,,,,,,[100011],,-1,0,,-1,,-1,0,-1,,[1|301],[1|301],{1:0|301:1},-1,{1:BuffUpgradeData},[],
6024502,fly,3,-1,-1,-1,{3:0},,,,,,-1,-1,-1,,,,,,,Effect/Battle/CommonEffect/Fx_XuanYun_Buff,,[100001],,1,0,,-1,,-1,0,-1,,[1|9],[1|9],{1:0|9:1},-1,{1:BuffUpgradeData},[],
6024503,,4,-1,-1,-1,{4:0},1|800|500,,,,,-1,-1,-1,,,,,,,,,,,-1,0,,-1,,-1,0,-1,,[2],[2],{2:0},-1,{1:BuffUpgradeData},[],
6024504,repel,3,4,-1,-1,{3:0|4:1},,2|2000|200,,,,-1,-1,-1,,,,,,,,,,,1,0,,-1,,-1,0,-1,,[1|8],[1|8],{1:0|8:1},-1,{1:BuffUpgradeData},[],
6024505,skill3_loop,18,19,14,48,{18:0|19:1|14:2|48:3},,1|2|4|5,60245402|1,5|100,,-1,-1,-1,,,,,,,,,,,-1,0,,-1,,-1,0,-1,,[2],[2],{2:0},-1,{1:BuffUpgradeData},[],
6024506,skill3_end,3,-1,-1,-1,{3:0},,,,,,-1,-1,-1,,,,,,,,,,,-1,0,,-1,,-1,0,-1,,[2],[2],{2:0},-1,{1:BuffUpgradeData},[],
6024601,,30,14,48,-1,{30:0|14:1|48:2},2500,60246103|1,13|2000,,,-1,-1,-1,,[1],,,,,,,[6024601],,-1,0,,-1,,-1,0,-1,,[0],[0],{0:0},-1,{1:BuffUpgradeData},[],
6024602,,19,48,22,-1,{19:0|48:1|22:2},60246,6|-3000,1|105,,,-1,-1,-1,,[1],,,,,,,,,-1,0,,-1,,-1,0,-1,,[0],[0],{0:0},-1,{1:BuffUpgradeData},[],
6024603,,11,-1,-1,-1,{11:0},2,,,,,-1,-1,-1,,[1],,,,,,,[6024602],,-1,0,,-1,,-1,0,-1,,[0],[0],{0:0},-1,{1:BuffUpgradeData},[],
6024604,repel,3,4,-1,-1,{3:0|4:1},,4|200|1000,,,,-1,-1,-1,,[1],,,,,,,[100001],,1,0,,-1,,-1,0,-1,,[1|8],[1|8],{1:0|8:1},-1,{1:BuffUpgradeData},[],
6024605,fly,3,4,-1,-1,{3:0|4:1},,1|1500|500|0,,,,-1,-1,-1,,[1],,,,,,,[100001],,1,0,,-1,,-1,0,-1,,[1|9],[1|9],{1:0|9:1},-1,{1:BuffUpgradeData},[],
6024606,,5,-1,-1,-1,{5:0},53012|3|5000|3000|4|450|53012101,,,,,-1,-1,-1,,[1],,,,,,,,,-1,0,,-1,,-1,0,-1,,[2],[2],{2:0},-1,{1:BuffUpgradeData},[],
6024607,,57,1,-1,-1,{57:0|1:1},1001|13|2000|300,1|3|-5000,,,,-1,-1,-1,,[1],,,,,,,,,1,0,,-1,,-1,0,-1,,[1],[1],{1:0},500,{1:BuffUpgradeData},[],
6024608,,3,-1,-1,-1,{3:0},,,,,,-1,-1,-1,,[1],,,,,,,[100001],,-1,0,,-1,,-1,0,-1,,[1],[1],{1:0},-1,{1:BuffUpgradeData},[],
6024609,,57,1,-1,-1,{57:0|1:1},1001|13|2000|300,1|4|-1000,,,,-1,-1,-1,,[1],,,,,,,,,1,0,,-1,,-1,0,-1,,[1],[1],{1:0},500,{1:BuffUpgradeData},[],
6024610,,9,-1,-1,-1,{9:0},1|1|3|20000|10000,,,,,-1,-1,-1,,[1],,,,,,,,,-1,0,,-1,,-1,0,-1,,[0|4],[0|4],{0:0|4:1},-1,{1:BuffUpgradeData},[],
6024701,,26,-1,-1,-1,{26:0},225|500|60247102|4|0|0,,,,,-1,-1,-1,,[1],,,,,,,,,-1,0,,-1,,-1,0,-1,,[2],[2],{2:0},500,{1:BuffUpgradeData},[],
6024702,,3,-1,-1,-1,{3:0},,,,,,-1,-1,-1,,,,,,,,,[100001],,-1,0,,-1,,-1,0,-1,,[1|3],[1|3],{1:0|3:1},-1,{1:BuffUpgradeData},[],
6024703,,48,-1,-1,-1,{48:0},5|-175,,,,,-1,-1,-1,,[1],,,,,,,[100011],,-1,0,,-1,,-1,0,-1,,[1],[1],{1:0},-1,{1:BuffUpgradeData},[],
6024704,,5,5,-1,-1,{5:1},53019|2|1500|1500|2|400,53020|1|2500|2500|2|400,,,,-1,-1,-1,,[1],,,,,,,,,-1,0,,-1,,-1,0,-1,,[2],[2],{2:0},-1,{1:BuffUpgradeData},[],
6024705,,26,-1,-1,-1,{26:0},225|500|60247104|4|0|0,,,,,-1,-1,-1,,[1],,,,,,,,,-1,0,,-1,,-1,0,-1,,[2],[2],{2:0},500,{1:BuffUpgradeData},[],
6024801,,48,-1,-1,-1,{48:0},5|-225,,,,,-1,-1,-1,,,,,,,,,[100011],,-1,0,,-1,,-1,0,-1,,[1|301],[1|301],{1:0|301:1},-1,{1:BuffUpgradeData},[],
6024802,repel,3,4,-1,-1,{3:0|4:1},,2|2000|200,,,,-1,-1,-1,,,,,,,,,,,1,0,,-1,,-1,0,-1,,[1|8],[1|8],{1:0|8:1},-1,{1:BuffUpgradeData},[],
6024803,,11,14,-1,-1,{11:0|14:1},1,60248402|1,,,,-1,-1,-1,,[1],,,,,,,,,-1,0,,-1,,-1,0,-1,,[0],[0],{0:0},-1,{1:BuffUpgradeData},[],
6024804,,5,-1,-1,-1,{5:0},53018|2|5000|1500|2|400,,,,,-1,-1,-1,,[1],,,,,,,,,-1,0,,-1,,-1,0,-1,,[2],[2],{2:0},-1,{1:BuffUpgradeData},[],
6024805,,5,-1,-1,-1,{5:0},53017|1|5000|4000|2|400,,,,,-1,-1,-1,,[1],,,,,,,,,-1,0,,-1,,-1,0,-1,,[2],[2],{2:0},-1,{1:BuffUpgradeData},[],
6024806,,11,14,-1,-1,{11:0|14:1},1,60248404|1,,,,-1,-1,-1,,[1],,,,,,,,,-1,0,,-1,,-1,0,-1,,[0],[0],{0:0},-1,{1:BuffUpgradeData},[],
6026001,,22,48,19,-1,{22:0|48:1|19:2},1|103,5|300,60260,,,-1,1,-1,,[1],,,,,,,,,-1,0,,-1,,-1,0,-1,,[0],[0],{0:0},-1,{1:BuffUpgradeData},[],
6026002,skill0,14,48,19,-1,{14:0|48:1|19:2},60260202|1,5|-300,0|1|2,,,-1,1,-1,,[1],,,,,,,[6026001],,1,0,,-1,,-1,0,-1,,[0],[0],{0:0},-1,{1:BuffUpgradeData},[],
6026003,repel,3,4,-1,-1,{3:0|4:1},,2|1500|200,,,,-1,-1,-1,,,,,,,,,,,1,0,,-1,,-1,0,-1,,[1|8],[1|8],{1:0|8:1},-1,{1:BuffUpgradeData},[],
6026004,,30,-1,-1,-1,{30:0},6000,,,,,-1,1,-1,,[1],,,,,,,,,1,0,,-1,,-1,0,-1,,[0],[0],{0:0},-1,{1:BuffUpgradeData},[],
6026005,fly,3,-1,-1,-1,{3:0},,,,,,-1,-1,-1,,,,,,,,,[100001],,1,0,,-1,,-1,0,-1,,[1|9],[1|9],{1:0|9:1},-1,{1:BuffUpgradeData},[],
6026006,,5,-1,-1,-1,{5:0},53011|1|10000|10000|2|300|60260601,,,,,-1,-1,-1,,,,,,,,,,,-1,0,,-1,,-1,0,-1,,,[],{},-1,{1:BuffUpgradeData},[],
6026007,,21,11,30,-1,{21:0|11:1|30:2},,2,10000,,,-1,-1,-1,,,,,,,,,,,-1,0,,-1,,-1,0,-1,,[2],[2],{2:0},-1,{1:BuffUpgradeData},[],
6026601,repel,3,4,-1,-1,{3:0|4:1},,2|2000|200,,,,-1,-1,-1,,,,,,,,,,,1,0,,-1,,-1,0,-1,,[1|8],[1|8],{1:0|8:1},-1,{1:BuffUpgradeData},[],
6026602,,48,-1,-1,-1,{48:0},5|-225,,,,,-1,-1,-1,,,,,,,,,[100011],,-1,0,,-1,,-1,0,-1,,[1|301],[1|301],{1:0|301:1},-1,{1:BuffUpgradeData},[],
6026603,,4,-1,-1,-1,{4:0},1|750|2000|0,,,,,-1,-1,-1,,,,,,,,,,,-1,0,,-1,,-1,0,-1,,[2],[2],{2:0},-1,{1:BuffUpgradeData},[],
6026604,,48,-1,-1,-1,{48:0},5|-225,,,,,-1,-1,-1,,,,,,,,,[100003],,-1,0,,-1,,-1,0,-1,,[1|301],[1|301],{1:0|301:1},-1,{1:BuffUpgradeData},[],
6026605,,4,-1,-1,-1,{4:0},4|1500|300,,,,,-1,-1,-1,,[1],,,,,,,,,-1,0,,-1,,-1,0,-1,,[2],[2],{2:0},-1,{1:BuffUpgradeData},[],
6026606,,48,-1,-1,-1,{48:0},5|-225,,,,,-1,-1,-1,,,,,,,,,[100011],,-1,0,,-1,,-1,0,-1,,[1|301],[1|301],{1:0|301:1},-1,{1:BuffUpgradeData},[],
6027901,,48,-1,-1,-1,{48:0},6|5000,,,,,-1,-1,-1,,,,,,,,,[6023302],,-1,0,,-1,,-1,0,-1,,[0],[0],{0:0},-1,{1:BuffUpgradeData},[],
6028001,,3,-1,-1,-1,{3:0},,,,,,-1,-1,-1,,,,,,,,,[100001],,1,0,,-1,,-1,0,-1,,[1|3],[1|3],{1:0|3:1},-1,{1:BuffUpgradeData},[],
6028201,skill1,3,23,23,-1,{3:0|23:2},,1|60282202|3|350|2|0|0|0|0,1|60282203|3|350|2|0|0|0|0,,,-1,-1,-1,,[1],,,,,,,,,1,0,,-1,,-1,0,-1,,[2],[2],{2:0},-1,{1:BuffUpgradeData},[],
6028301,,4,-1,-1,-1,{4:0},1|750|1000|0,,,,,-1,-1,-1,,,,,,,,,,,1,0,,-1,,-1,0,-1,,[2],[2],{2:0},-1,{1:BuffUpgradeData},[],
6028601,,3,-1,-1,-1,{3:0},,,,,,-1,-1,-1,,,,,,,,,[6028601],,-1,0,,-1,,-1,0,-1,,[1|3],[1|3],{1:0|3:1},-1,{1:BuffUpgradeData},[],
6028801,,52,19,-1,-1,{52:0|19:1},100,0|1|2,,,,-1,-1,-1,,,,,,,,,[1004502],,1,0,,-1,,-1,0,-1,,[1|12],[1|12],{1:0|12:1},-1,{1:BuffUpgradeData},[],
6028401,stun,3,4,-1,-1,{3:0|4:1},,3|1000|200,,,,-1,-1,-1,,[1],,,,,,,[100001],,1,0,,-1,,-1,0,-1,,[1|8],[1|8],{1:0|8:1},-1,{1:BuffUpgradeData},[],
6028402,,48,-1,-1,-1,{48:0},34|-7500,,,,,-1,-1,-1,,,,,,,,,,,-1,0,,-1,,-1,0,-1,,[1|301],[1|301],{1:0|301:1},-1,{1:BuffUpgradeData},[],
6028403,,14,-1,-1,-1,{14:0},60284202|1,,,,,-1,-1,-1,,[1],,,,,,,[6028403],,1,0,,-1,,-1,0,-1,,[2],[2],{2:0},-1,{1:BuffUpgradeData},[],
6028404,,14,-1,-1,-1,{14:0},60284402|1,,,,,-1,-1,-1,,[1],,,,,,,,,1,0,,-1,,-1,0,-1,,[2],[2],{2:0},-1,{1:BuffUpgradeData},[],
6028405,skill3,14,19,-1,-1,{14:0|19:1},60284403|1,60284,,,,-1,-1,-1,,[1],,,,,,,,,1,0,,-1,,-1,0,-1,,[2],[2],{2:0},-1,{1:BuffUpgradeData},[],
6028406,repel,3,4,-1,-1,{3:0|4:1},,1|1000|300,,,,-1,-1,-1,,[1],,,,,,,[100001],,1,0,,-1,,-1,0,-1,,[1|8],[1|8],{1:0|8:1},-1,{1:BuffUpgradeData},[],
6028407,,14,-1,-1,-1,{14:0},60284204|1,,,,,-1,-1,-1,,[1],,,,,,,[6028403],,1,0,,-1,,-1,0,-1,,[2],[2],{2:0},-1,{1:BuffUpgradeData},[],
6029101,,48,-1,-1,-1,{48:0},6|-5000,,,,,-1,-1,-1,,,,,,,,,,,1,0,,-1,,-1,0,-1,,[1|301],[1|301],{1:0|301:1},-1,{1:BuffUpgradeData},[],
6029701,repel,3,4,-1,-1,{3:0|4:1},,2|500|200,,,,-1,-1,-1,,,,,,,,,,,1,0,,-1,,-1,0,-1,,[1|8],[1|8],{1:0|8:1},-1,{1:BuffUpgradeData},[],
6029702,stun,3,-1,-1,-1,{3:0},,,,,,-1,-1,-1,,,,,,,,,[100001],,1,0,,-1,,-1,0,-1,,[1|3],[1|3],{1:0|3:1},-1,{1:BuffUpgradeData},[],
6029703,,4,-1,-1,-1,{4:0},3|0|400,,,,,-1,-1,-1,,[1],,,,,,,,,1,0,,-1,,-1,0,-1,,[2],[2],{2:0},-1,{1:BuffUpgradeData},[],
6029704,,14,-1,-1,-1,{14:0},"60297302|1,60297401|1",,,,,-1,-1,-1,,[1],,,,,,,,,1,0,,-1,,-1,0,-1,,[2],[2],{2:0},-1,{1:BuffUpgradeData},[],
6029705,,5,-1,-1,-1,{5:0},53022|1|5000|6000|2|400,,,,,-1,-1,-1,,[1],,,,,,,,,1,0,,-1,,-1,0,-1,,[2],[2],{2:0},-1,{1:BuffUpgradeData},[],
6029706,,5,-1,-1,-1,{5:0},53022|1|5000|6000|2|400,,,,,-1,-1,-1,,[1],,,,,,,,,1,0,,-1,,-1,0,-1,,[2],[2],{2:0},-1,{1:BuffUpgradeData},[],
6029707,,5,-1,-1,-1,{5:0},53022|1|5000|6000|2|200,,,,,-1,-1,-1,,[1],,,,,,,,,1,0,,-1,,-1,0,-1,,[2],[2],{2:0},-1,{1:BuffUpgradeData},[],
6029708,,5,-1,-1,-1,{5:0},53023|2|10000|10000|2|400|60297402,,,,,-1,-1,-1,,[1],,,,,,,,,1,0,,-1,,-1,0,-1,,[2],[2],{2:0},-1,{1:BuffUpgradeData},[],
6029709,,11,21,-1,-1,{11:0|21:1},2,,,,,-1,-1,-1,,[1],,,,,,,,,1,0,,-1,,-1,0,-1,,[2],[2],{2:0},-1,{1:BuffUpgradeData},[],
6400401,,4,-1,-1,-1,{4:0},1|1500|100|0,,,,,-1,-1,-1,,,,,,,,,,,-1,0,,-1,,-1,0,-1,,[2],[2],{2:0},-1,{1:BuffUpgradeData},[],
6400402,,3,-1,-1,-1,{3:0},,,,,,-1,-1,-1,,,,,,,,,,,-1,0,,-1,,-1,0,-1,,[1|3],[1|3],{1:0|3:1},-1,{1:BuffUpgradeData},[],
6403801,,4,-1,-1,-1,{4:0},1|900|800,,,,,-1,-1,-1,,,,,,,,,,,-1,0,,-1,,-1,0,-1,,[2],[2],{2:0},-1,{1:BuffUpgradeData},[],
6403802,repel,3,4,-1,-1,{3:0|4:1},,2|1000|200,,,,-1,-1,-1,,,,,,,,,,,1,0,,-1,,-1,0,-1,,[1|8],[1|8],{1:0|8:1},-1,{1:BuffUpgradeData},[],
6403803,,5,-1,-1,-1,{5:0},53024|3|1000|1000|2|400|0|0|0|0|1,,,,,-1,-1,-1,,[2|6403802],,,,,,,,,1,0,,-1,,-1,0,-1,,[6403801],[6403801],{6403801:0},-1,{1:BuffUpgradeData},[],
6403804,,5,-1,-1,-1,{5:0},53025|3|1000|1000|2|200|0|0|0|0|1,,,,,-1,-1,-1,,[2|6403802],,,,,,,,,1,0,,-1,,-1,0,-1,,[6403801],[6403801],{6403801:0},-1,{1:BuffUpgradeData},[],
6403805,,5,-1,-1,-1,{5:0},53026|2|1000|1000|2|300|0|0|0|0|1,,,,,-1,-1,-1,,[2|6403802],,,,,,,,,1,0,,-1,,-1,0,-1,,[6403801],[6403801],{6403801:0},-1,{1:BuffUpgradeData},[],
6403806,,3,30,-1,-1,{3:0|30:1},,10000,,,,-1,-1,-1,,[2|6403802],,,,,,,[6403801],,-1,0,,-1,,-1,0,-1,,[6403801],[6403801],{6403801:0},-1,{1:BuffUpgradeData},[],
6403807,,20,-1,-1,-1,{20:0},1|8|6403808|1,,,,,-1,-1,-1,,[2|6403802],,,,,,,,,-1,0,,8,,1,0,-1,,[6403801],[6403801],{6403801:0},-1,{1:BuffUpgradeData},[],
6403808,,7,-1,-1,-1,{7:0},6403801|0,,,,,-1,-1,-1,,[1],,,,,,,,,-1,0,,-1,,-1,0,-1,,[6403802],[6403802],{6403802:0},-1,{1:BuffUpgradeData},[],
6404001,,3,27,-1,-1,{3:0|27:1},,0,,,,-1,-1,-1,,,,,,,,,[100002],,-1,0,,-1,,-1,0,-1,,[1|7],[1|7],{1:0|7:1},-1,{1:BuffUpgradeData},[],
6404002,,19,-1,-1,-1,{19:0},64040,,,,,-1,-1,-1,,[1],,,,,,,,,-1,0,,-1,,-1,0,-1,,[2],[2],{2:0},-1,{1:BuffUpgradeData},[],
6404301,,30,11,23,-1,{30:0|11:1|23:2},10000,1,0|64043102|4|300|2|0|0|0,,,-1,-1,-1,,[1],,,,,,,,,-1,0,,-1,,-1,0,-1,,[2],[2],{2:0},500,{1:BuffUpgradeData},[],
6030401,,48,16,-1,-1,{48:0|16:1},"5|105,6|5000",2000,,,,-1,-1,-1,,[1],,,,,,,[6030401],,-1,0,,-1,,-1,0,-1,,[60304],[60304],{60304:0},-1,{1:BuffUpgradeData},[],
6030402,,14,-1,-1,-1,{14:0},60304302|1,,,,,-1,-1,-1,,[1],,,,,,,,,-1,0,,-1,,-1,0,-1,,[2],[2],{2:0},-1,{1:BuffUpgradeData},[],
6030403,,14,-1,-1,-1,{14:0},60304502|1,,,,,-1,-1,-1,,[1],,,,,,,,,-1,0,,-1,,-1,0,-1,,[2],[2],{2:0},-1,{1:BuffUpgradeData},[],
6030404,,26,-1,-1,-1,{26:0},200|800|60304504|1|0|0,,,,,-1,-1,-1,,[1],,,,,,,,,-1,0,,-1,,-1,0,-1,,[2],[2],{2:0},200,{1:BuffUpgradeData},[],
6030405,,26,-1,-1,-1,{26:0},200|800|60304505|1|0|0,,,,,-1,-1,-1,,[1],,,,,,,,,-1,0,,-1,,-1,0,-1,,[2],[2],{2:0},200,{1:BuffUpgradeData},[],
6030406,,3,27,-1,-1,{3:0|27:1},,0,,,,-1,-1,-1,,,,,,,,,[1003810],,-1,0,,-1,,-1,0,-1,,[1|7],[1|7],{1:0|7:1},-1,{1:BuffUpgradeData},[],
6030407,,3,-1,-1,-1,{3:0},,,,,,-1,-1,-1,,,,,,,,,[100001],,-1,0,,-1,,-1,0,-1,,[1|3],[1|3],{1:0|3:1},-1,{1:BuffUpgradeData},[],
6030501,,3,27,-1,-1,{3:0|27:1},,0,,,,-1,-1,-1,,,,,,,,,[1003810],,-1,0,,-1,,-1,0,-1,,[1|7],[1|7],{1:0|7:1},-1,{1:BuffUpgradeData},[],
6030502,,26,-1,-1,-1,{26:0},150|500|60305406|1|0|0,,,,,-1,-1,-1,,[1],,,,,,,,,-1,0,,-1,,-1,0,-1,,[2],[2],{2:0},300,{1:BuffUpgradeData},[],
6030503,,30,-1,-1,-1,{30:0},10000,,,,,-1,-1,-1,,[1],,,,,,,,,-1,0,,-1,,-1,0,-1,,[2],[2],{2:0},-1,{1:BuffUpgradeData},[],
6030504,,48,-1,-1,-1,{48:0},5|-120,,,,,-1,-1,-1,,,,,,,,,[100011],,-1,0,,-1,,-1,0,-1,,[1|301],[1|301],{1:0|301:1},-1,{1:BuffUpgradeData},[],
6030505,,26,-1,-1,-1,{26:0},200|800|60305305|1|0|0,,,,,-1,-1,-1,,[1],,,,,,,,,-1,0,,-1,,-1,0,-1,,[2],[2],{2:0},500,{1:BuffUpgradeData},[],
6030506,,3,-1,-1,-1,{3:0},,,,,,-1,-1,-1,,,,,,,,,[100001],,-1,0,,-1,,-1,0,-1,,[1|3],[1|3],{1:0|3:1},-1,{1:BuffUpgradeData},[],
6030507,,14,-1,-1,-1,{14:0},60305402|1,,,,,-1,-1,-1,,[1],,,,,,,,,-1,0,,-1,,-1,0,-1,,[2],[2],{2:0},-1,{1:BuffUpgradeData},[],
6030508,,3,-1,-1,-1,{3:0},,,,,,-1,-1,-1,,,,,,,,,[100001],,-1,0,,-1,,-1,0,-1,,[1|3],[1|3],{1:0|3:1},-1,{1:BuffUpgradeData},[],
6030509,,26,-1,-1,-1,{26:0},150|500|60305407|1|0|0,,,,,-1,-1,-1,,[1],,,,,,,,,-1,0,,-1,,-1,0,-1,,[2],[2],{2:0},300,{1:BuffUpgradeData},[],
6030510,,26,-1,-1,-1,{26:0},150|500|60305408|1|0|0,,,,,-1,-1,-1,,[1],,,,,,,,,-1,0,,-1,,-1,0,-1,,[2],[2],{2:0},300,{1:BuffUpgradeData},[],
6030511,,26,-1,-1,-1,{26:0},150|500|60305409|1|0|0,,,,,-1,-1,-1,,[1],,,,,,,,,-1,0,,-1,,-1,0,-1,,[2],[2],{2:0},300,{1:BuffUpgradeData},[],
6030601,,1,-1,-1,-1,{1:0},1|4|-200,,,,,-1,-1,-1,,,,,,,,,[6030601],,-1,0,,-1,,-1,0,-1,,[1|301|203],[1|301|203],{1:0|301:1|203:2},1000,{1:BuffUpgradeData},[],
6030602,,1,-1,-1,-1,{1:0},0|3|-2000,,,,,-1,-1,-1,,,,,,,,,[6030601],,-1,0,,-1,,-1,0,-1,,[1|301|203],[1|301|203],{1:0|301:1|203:2},1000,{1:BuffUpgradeData},[],
6030603,,52,19,-1,-1,{52:0|19:1},100,0|1|2,,,,-1,-1,-1,,,,,,,,,[1004502],,-1,0,,-1,,-1,0,-1,,[1|12],[1|12],{1:0|12:1},-1,{1:BuffUpgradeData},[],
6030604,,48,16,-1,-1,{48:0|16:1},"5|105,6|5000",2000,,,,-1,-1,-1,,[1],,,,,,,[6030401],,-1,0,,-1,,-1,0,-1,,[0],[0],{0:0},-1,{1:BuffUpgradeData},[],
6030605,,48,-1,-1,-1,{48:0},5|-225,,,,,-1,-1,-1,,,,,,,,,[100011],,-1,0,,-1,,-1,0,-1,,[1|301],[1|301],{1:0|301:1},-1,{1:BuffUpgradeData},[],
6030606,,14,-1,-1,-1,{14:0},60306502|1,,,,,-1,-1,-1,,[1],,,,,,,,,-1,0,,-1,,-1,0,-1,,[2],[2],{2:0},-1,{1:BuffUpgradeData},[],
6030607,stun,3,-1,-1,-1,{3:0},,,,,,-1,-1,-1,,,,,,,,,[100001],,-1,0,,-1,,-1,0,-1,,[1|3],[1|3],{1:0|3:1},-1,{1:BuffUpgradeData},[],
6030701,,14,-1,-1,-1,{14:0},60307102|1,,,,,-1,-1,-1,,[2|6030702],,,,,,,,,-1,0,,-1,,-1,0,-1,,[2|6030701],[2|6030701],{2:0|6030701:1},-1,{1:BuffUpgradeData},[],
6030702,,5,7,-1,-1,{5:0|7:1},53032|1|10000|2000|2|400,6030701|0,,,,-1,-1,-1,,[1],,,,,,,,,-1,0,,5,,1,0,-1,,[2|6030702],[2|6030702],{2:0|6030702:1},-1,{1:BuffUpgradeData},[],
6030703,,26,-1,-1,-1,{26:0},200|600|60307203|1|0|0,,,,,-1,-1,-1,,[1],,,,,,,,,-1,0,,-1,,-1,0,-1,,[2],[2],{2:0},600,{1:BuffUpgradeData},[],
6030704,,26,-1,-1,-1,{26:0},200|600|60307204|1|0|0,,,,,-1,-1,-1,,[1],,,,,,,,,-1,0,,-1,,-1,0,-1,,[2],[2],{2:0},600,{1:BuffUpgradeData},[],
6030705,,3,27,-1,-1,{3:0|27:1},,0,,,,-1,-1,-1,,,,,,,,,[1003810],,-1,0,,-1,,-1,0,-1,,[1|7],[1|7],{1:0|7:1},-1,{1:BuffUpgradeData},[],
6030706,,1,-1,-1,-1,{1:0},1|3|-10000,,,,,-1,-1,-1,,,,,,,,,[100003],,-1,0,,-1,,-1,0,-1,,[1|301|201],[1|301|201],{1:0|301:1|201:2},1000,{1:BuffUpgradeData},[],
6030707,,48,20,-1,-1,{48:0|20:1},5|-60,1|3|6030708,,,,-1,-1,-1,,,,,,,,,[100011],,-1,0,,3,,1,0,-1,,[1|301|6030703],[1|301|6030703],{1:0|301:1|6030703:2},-1,{1:BuffUpgradeData},[],
6030708,,3,27,7,-1,{3:0|27:1|7:2},,0,6030703|0,,,-1,-1,-1,,,,,,,,,[1003810],,-1,0,,-1,,-1,0,-1,,[1|7],[1|7],{1:0|7:1},-1,{1:BuffUpgradeData},[],
6030709,,7,-1,-1,-1,{7:0},6030703|0,,,,,-1,-1,-1,,,,,,,,,,,-1,0,,-1,,-1,0,-1,,[2],[2],{2:0},-1,{1:BuffUpgradeData},[],
6030710,,14,-1,-1,-1,{14:0},60307104|1,,,,,-1,-1,-1,,[2|6030702],,,,,,,,,-1,0,,-1,,-1,0,-1,,[2|6030701],[2|6030701],{2:0|6030701:1},-1,{1:BuffUpgradeData},[],
6030711,,5,7,-1,-1,{5:0|7:1},53033|1|10000|2000|2|400,6030701|0,,,,-1,-1,-1,,[1],,,,,,,,,-1,0,,5,,1,0,-1,,[2|6030702],[2|6030702],{2:0|6030702:1},-1,{1:BuffUpgradeData},[],
6030801,,14,-1,-1,-1,{14:0},60308102|1,,,,,-1,-1,-1,,[1],,,,,,,,,-1,0,,-1,,-1,0,-1,,[2],[2],{2:0},-1,{1:BuffUpgradeData},[],
6030802,,48,16,-1,-1,{48:0|16:1},103|-1000,-1000,,,,-1,-1,-1,,,,,,,,,[100011],,-1,0,,3,,1,0,-1,,[1|301],[1|301],{1:0|301:1},-1,{1:BuffUpgradeData},[],
6030803,,52,19,-1,-1,{52:0|19:1},100,0|1|2,,,,-1,-1,-1,,,,,,,,,[1004502],,-1,0,,-1,,-1,0,-1,,[1|12],[1|12],{1:0|12:1},-1,{1:BuffUpgradeData},[],
6030804,,4,11,-1,-1,{4:0|11:1},3|0|50,1,,,,-1,-1,-1,,,,,,,,,,,-1,0,,-1,,-1,0,-1,,[2],[2],{2:0},-1,{1:BuffUpgradeData},[],
6030805,,14,-1,-1,-1,{14:0},60308402|1,,,,,-1,-1,-1,,,,,,,,,,,-1,0,,-1,,-1,0,-1,,[2],[2],{2:0},-1,{1:BuffUpgradeData},[],
6030806,,14,-1,-1,-1,{14:0},"60308502|1,60308503|1",,,,,-1,-1,-1,,[1],,,,,,,,,-1,0,,-1,,-1,0,-1,,[2],[2],{2:0},-1,{1:BuffUpgradeData},[],
6030807,,48,-1,-1,-1,{48:0},5|-225,,,,,-1,-1,-1,,,,,,,,,[100011],,-1,0,,-1,,-1,0,-1,,[1|301|60308],[1|301|60308],{1:0|301:1|60308:2},-1,{1:BuffUpgradeData},[],
6030808,,3,27,-1,-1,{3:0|27:1},,0,,,[1|60308],-1,-1,-1,,,,,,,,,[1003810],,-1,0,,-1,,-1,0,-1,,[1|7],[1|7],{1:0|7:1},-1,{1:BuffUpgradeData},[],
6030809,,5,7,-1,-1,{5:0|7:1},53034|1|10000|1000|2|400,6030701|0,,,,-1,-1,-1,,[1],,,,,,,,,-1,0,,-1,,-1,0,-1,,[2],[2],{2:0},-1,{1:BuffUpgradeData},[],
6030810,idle,3,31,-1,-1,{3:0|31:1},,1|1|1,,,,-1,-1,-1,,,,,,,,,,,-1,0,,-1,,-1,0,-1,,[2],[2],{2:0},-1,{1:BuffUpgradeData},[],
6030811,,3,27,-1,-1,{3:0|27:1},,0,,,,-1,-1,-1,,,,,,,,,[1003810],,-1,0,,-1,,-1,0,-1,,[1|7],[1|7],{1:0|7:1},-1,{1:BuffUpgradeData},[],
6030901,,19,-1,-1,-1,{19:0},60309,,,,,-1,-1,-1,,[1],,,,,,,,,-1,0,,-1,,-1,0,-1,,[2],[2],{2:0},-1,{1:BuffUpgradeData},[],
6030902,,14,-1,-1,-1,{14:0},60309302|1,,,,,-1,-1,-1,,[1],,,,,,,,,-1,0,,-1,,-1,0,-1,,[2],[2],{2:0},-1,{1:BuffUpgradeData},[],
6030903,,3,27,-1,-1,{3:0|27:1},,0,,,,-1,-1,-1,,,,,,,,,[1003810],,-1,0,,-1,,-1,0,-1,,[1|7],[1|7],{1:0|7:1},-1,{1:BuffUpgradeData},[],
6030904,,14,-1,-1,-1,{14:0},60309402|1,,,,,-1,-1,-1,,[1],,,,,,,,,-1,0,,-1,,-1,0,-1,,[2],[2],{2:0},-1,{1:BuffUpgradeData},[],
6030905,,26,-1,-1,-1,{26:0},200|450|60309403|8|0|0,,,,,-1,-1,-1,,[1],,,,,,,,,-1,0,,-1,,-1,0,-1,,[2],[2],{2:0},1000,{1:BuffUpgradeData},[],
6030906,,48,-1,-1,-1,{48:0},5|-225,,,,,-1,-1,-1,,,,,,,,,[100011],,-1,0,,-1,,-1,0,-1,,[1|301],[1|301],{1:0|301:1},-1,{1:BuffUpgradeData},[],
6030907,,4,11,-1,-1,{4:0|11:1},3|0|300,1,,,,-1,-1,-1,,,,,,,,,,,-1,0,,-1,,-1,0,-1,,[2],[2],{2:0},-1,{1:BuffUpgradeData},[],
6031001,,20,-1,-1,-1,{20:0},1|2|6031002,,,,,-1,-1,-1,,,,,,,,,[1003811],,-1,0,,2,,1,0,-1,,[1|6031003],[1|6031003],{1:0|6031003:1},-1,{1:BuffUpgradeData},[],
6031002,,3,27,7,-1,{3:0|27:1|7:2},,0,6031003|0,,,-1,-1,-1,,,,,,,,,[1003810],,-1,0,,-1,,-1,0,-1,,[1|7],[1|7],{1:0|7:1},-1,{1:BuffUpgradeData},[],
6031003,,14,-1,-1,-1,{14:0},60310202|1,,,,,-1,-1,-1,,[1],,,,,,,,,-1,0,,-1,,-1,0,-1,,[2],[2],{2:0},-1,{1:BuffUpgradeData},[],
6031004,,5,30,-1,-1,{5:0|30:1},53036|4|2000|2000|2|400,10000,,,,-1,-1,-1,,[2|6031002],,,,,,,[6031004],,-1,0,,-1,,-1,0,-1,,[2|6031001],[2|6031001],{2:0|6031001:1},-1,{1:BuffUpgradeData},[],
6031005,,20,-1,-1,-1,{20:0},1|4|6031006|1,,,,,-1,-1,-1,,[2|6031002],,,,,,,,,-1,0,,4,,1,0,-1,,[2|6031001],[2|6031001],{2:0|6031001:1},-1,{1:BuffUpgradeData},[],
6031006,,7,-1,-1,-1,{7:0},6031001|0,,,,,-1,-1,-1,,[1],,,,,,,,,-1,0,,-1,,-1,0,-1,,[6031002],[6031002],{6031002:0},-1,{1:BuffUpgradeData},[],
6031007,,14,-1,-1,-1,{14:0},60310302|1,,,,,-1,-1,-1,,[1],,,,,,,,,-1,0,,-1,,-1,0,-1,,[2],[2],{2:0},-1,{1:BuffUpgradeData},[],
6031101,,3,27,-1,-1,{3:0|27:1},,0,,,,-1,-1,-1,,,,,,,,,[1003810],,-1,0,,-1,,-1,0,-1,,[1|7],[1|7],{1:0|7:1},-1,{1:BuffUpgradeData},[],
6031102,,14,-1,-1,-1,{14:0},60311202|1,,,,,-1,-1,-1,,[1],,,,,,,,,-1,0,,-1,,-1,0,-1,,[2],[2],{2:0},-1,{1:BuffUpgradeData},[],
6031103,,3,27,-1,-1,{3:0|27:1},,0,,,,-1,-1,-1,,,,,,,,,[1003810],,-1,0,,-1,,-1,0,-1,,[1|7],[1|7],{1:0|7:1},-1,{1:BuffUpgradeData},[],
6031104,,14,-1,-1,-1,{14:0},60311302|1,,,,,-1,-1,-1,,[1],,,,,,,,,-1,0,,-1,,-1,0,-1,,[2],[2],{2:0},-1,{1:BuffUpgradeData},[],
6031105,,5,-1,-1,-1,{5:0},53037|1|5000|5000|2|400,,,,,-1,-1,-1,,[1],,,,,,,,,-1,0,,-1,,-1,0,-1,,[2],[2],{2:0},-1,{1:BuffUpgradeData},[],
6031201,,3,-1,-1,-1,{3:0},,,,,,-1,-1,-1,,,,,,,,,[100001],,-1,0,,-1,,-1,0,-1,,[1|3],[1|3],{1:0|3:1},-1,{1:BuffUpgradeData},[],
6031202,,1,30,-1,-1,{1:0|30:1},1|4|200,5000,,,,-1,-1,-1,,[1],,,,,,,[6031202],,-1,0,,-1,,-1,0,-1,,[2],[2],{2:0},1000,{1:BuffUpgradeData},[],
6031203,skill2,48,16,3,-1,{48:0|16:1|3:2},103|1000,1000,,,,-1,-1,-1,,[1],,,,,,,,,-1,0,,20,,1,0,-1,,[2],[2],{2:0},-1,{1:BuffUpgradeData},[],
6031204,,20,-1,-1,-1,{20:0},1|3|6031205,,,,,-1,-1,-1,,[2|6031202],,,,,,,,,-1,0,,3,,1,0,-1,,[2|6031201],[2|6031201],{2:0|6031201:1},-1,{1:BuffUpgradeData},[],
6031205,,14,-1,-1,-1,{14:0},60312402|1,,,,,-1,-1,-1,,[2|6031202],,,,,,,,,-1,0,,-1,,-1,0,-1,,[2|6031201],[2|6031201],{2:0|6031201:1},-1,{1:BuffUpgradeData},[],
6031206,,7,-1,-1,-1,{7:0},6031201|0,,,,,-1,-1,-1,,[1],,,,,,,,,-1,0,,-1,,-1,0,-1,,[2|6031202],[2|6031202],{2:0|6031202:1},-1,{1:BuffUpgradeData},[],
6031207,,20,-1,-1,-1,{20:0},1|3|6031208,,,,,-1,-1,-1,,[2|6031202],,,,,,,,,-1,0,,3,,1,0,-1,,[2|6031201],[2|6031201],{2:0|6031201:1},-1,{1:BuffUpgradeData},[],
6031208,,14,-1,-1,-1,{14:0},60312404|1,,,,,-1,-1,-1,,[2|6031202],,,,,,,,,-1,0,,-1,,-1,0,-1,,[2|6031201],[2|6031201],{2:0|6031201:1},-1,{1:BuffUpgradeData},[],
6031209,,48,-1,-1,-1,{48:0},5|-225,,,,,-1,-1,-1,,,,,,,,,[100011],,-1,0,,-1,,-1,0,-1,,[1|301],[1|301],{1:0|301:1},-1,{1:BuffUpgradeData},[],
6031210,repel,3,4,-1,-1,{3:0|4:1},,2|1000|200,,,,-1,-1,-1,,,,,,,,,,,1,0,,-1,,-1,0,-1,,[1|8],[1|8],{1:0|8:1},-1,{1:BuffUpgradeData},[],
6031301,,5,-1,-1,-1,{5:0},60314|1|10000|5000|2|400|60314101,,,,,-1,-1,-1,,[2|6031403],,,,,,,,,-1,0,,-1,,3,0,-1,,[2|6031301],[2|6031301],{2:0|6031301:1},-1,{1:BuffUpgradeData},[],
6031302,repel,3,4,-1,-1,{3:0|4:1},,2|500|200,,,,-1,-1,-1,,,,,,,,,[100001],,1,0,,-1,,-1,0,-1,,[1|8],[1|8],{1:0|8:1},-1,{1:BuffUpgradeData},[],
6031303,,4,-1,-1,-1,{4:0},1|450|1600,,,,,-1,-1,-1,,,,,,,,,,,-1,0,,-1,,-1,0,-1,,[2],[2],{2:0},-1,{1:BuffUpgradeData},[],
6031304,fly,3,-1,-1,-1,{3:0},,,,,,-1,-1,-1,,,,,,,,,[100001],,1,0,,-1,,-1,0,-1,,[1|9],[1|9],{1:0|9:1},-1,{1:BuffUpgradeData},[],
6031305,,4,-1,-1,-1,{4:0},3|0|100,,,,,-1,-1,-1,,,,,,,,,,,-1,0,,-1,,-1,0,-1,,[2],[2],{2:0},-1,{1:BuffUpgradeData},[],
6031306,repel,3,4,-1,-1,{3:0|4:1},,2|500|200,,,,-1,-1,-1,,,,,,,,,[100001],,1,0,,-1,,-1,0,-1,,[1|8],[1|8],{1:0|8:1},-1,{1:BuffUpgradeData},[],
6031307,,4,-1,-1,-1,{4:0},1|450|1700,,,,,-1,-1,-1,,,,,,,,,,,-1,0,,-1,,-1,0,-1,,[2],[2],{2:0},-1,{1:BuffUpgradeData},[],
6031308,,10,14,-1,-1,{10:0|14:1},60313,60313302|1,,,,-1,-1,-1,,[1],,,,,,,,,-1,0,,-1,,-1,0,-1,,[2],[2],{2:0},-1,{1:BuffUpgradeData},[],
6031309,,3,-1,-1,-1,{3:0},,,,,,-1,-1,-1,,,,,,,,,[100001],,-1,0,,-1,,-1,0,-1,,[1|3],[1|3],{1:0|3:1},-1,{1:BuffUpgradeData},[],
6031310,skill3,3,-1,-1,-1,{3:0},,,,,[1|60314],-1,-1,-1,,,,,,,,,[6031310],,-1,0,,-1,,-1,0,-1,,[2|60313],[2|60313],{2:0|60313:1},-1,{1:BuffUpgradeData},[],
6031311,,14,-1,-1,-1,{14:0},60314401|1,,,,,-1,-1,-1,,,,,,,,,,,-1,0,,-1,,-1,0,-1,,[2|60313],[2|60313],{2:0|60313:1},-1,{1:BuffUpgradeData},[],
6031401,,14,-1,-1,-1,{14:0},"60313102|1,60313103|1",,,,,-1,-1,-1,,[2|6031402],,,,,,,,,-1,0,,-1,,-1,0,-1,,[2|6031401],[2|6031401],{2:0|6031401:1},-1,{1:BuffUpgradeData},[],
6031402,,7,-1,-1,-1,{7:0},6031401|0,,,,,-1,-1,-1,,[1],,,,,,,,,-1,0,,-1,,-1,0,-1,,[2|6031402],[2|6031402],{2:0|6031402:1},-1,{1:BuffUpgradeData},[],
6031403,,14,-1,-1,-1,{14:0},60314202|1,,,,,-1,-1,-1,,[1],,,,,,,,,-1,0,,-1,,-1,0,-1,,[2],[2],{2:0},-1,{1:BuffUpgradeData},[],
6031404,,10,30,-1,-1,{10:0|30:1},60313,9000,,,,-1,-1,-1,,[1],,,,,,,,,-1,0,,-1,,-1,0,-1,,[2],[2],{2:0},-1,{1:BuffUpgradeData},[],
6031405,,31,-1,-1,-1,{31:0},2|500,,,,,-1,-1,-1,,[2|6031404],,,,,,,,,-1,0,,-1,,-1,0,-1,,[2|60314],[2|60314],{2:0|60314:1},-1,{1:BuffUpgradeData},[],
6031406,skill2,10,4,31,7,{10:0|4:1|31:2|7:3},60313,1|450|1700,2|500|1,60314|0,,-1,-1,-1,,[1],,,,,,,[6031406],,-1,0,,-1,,-1,0,-1,,[2|6031404],[2|6031404],{2:0|6031404:1},-1,{1:BuffUpgradeData},[],
6031407,,48,16,7,-1,{48:0|16:1|7:2},103|2000,2000,6031301|0,,,-1,-1,-1,,[1],,,,,,,,,-1,0,,-1,,-1,0,-1,,[2|6031403],[2|6031403],{2:0|6031403:1},-1,{1:BuffUpgradeData},[],
6031501,,4,-1,-1,-1,{4:0},1|250|1700,,,,,-1,-1,-1,,,,,,,,,,,-1,0,,-1,,-1,0,-1,,[2],[2],{2:0},-1,{1:BuffUpgradeData},[],
6031502,repel,3,4,-1,-1,{3:0|4:1},,2|500|200,,,,-1,-1,-1,,,,,,,,,[100001],,1,0,,-1,,-1,0,-1,,[1|8],[1|8],{1:0|8:1},-1,{1:BuffUpgradeData},[],
6031503,repel,3,4,-1,-1,{3:0|4:1},,2|1000|200,,,,-1,-1,-1,,,,,,,,,[100001],,1,0,,-1,,-1,0,-1,,[1|8],[1|8],{1:0|8:1},-1,{1:BuffUpgradeData},[],
6031504,,19,-1,-1,-1,{19:0},0|1|2,,,,,-1,-1,-1,,,,,,,,,[6031504],,-1,0,,-1,,-1,0,-1,,[1|301],[1|301],{1:0|301:1},-1,{1:BuffUpgradeData},[],
6031505,,14,-1,-1,-1,{14:0},"60315403|1,60315404|1,60315405|1",,,,,-1,-1,-1,,[1],,,,,,,,,-1,0,,-1,,-1,0,-1,,[2],[2],{2:0},-1,{1:BuffUpgradeData},[],
6031506,,7,3,-1,-1,{7:0|3:1},6031502|0,,,,,-1,-1,-1,,[1],,,,,,,,,-1,0,,-1,,-1,0,-1,,[2|6031501],[2|6031501],{2:0|6031501:1},-1,{1:BuffUpgradeData},[],
6031507,,48,23,22,-1,{48:0|23:1|22:2},5|-125,0|60315402|3|500|2|0|0|0,4|111,,,-1,-1,-1,,[2|6031501],,,,,,,[6031507],,-1,0,,-1,,-1,0,-1,,[2|6031502],[2|6031502],{2:0|6031502:1},-1,{1:BuffUpgradeData},[],
6031508,,6,-1,-1,-1,{6:0},2|60315|-500,,,,,-1,-1,-1,,[1],,,,,,,,,-1,0,,10,,1,0,-1,,[2],[2],{2:0},-1,{1:BuffUpgradeData},[],
6031509,,14,-1,-1,-1,{14:0},60315502|1,,,,,-1,-1,-1,,[1],,,,,,,,,-1,0,,-1,,-1,0,-1,,[2],[2],{2:0},-1,{1:BuffUpgradeData},[],
6031510,,14,-1,-1,-1,{14:0},60315102|1,,,,,-1,-1,-1,,,,,,,,,,,-1,0,,-1,,-1,0,-1,,[2],[2],{2:0},-1,{1:BuffUpgradeData},[],
6031511,,14,-1,-1,-1,{14:0},60315402|1,,,,,-1,-1,-1,,[2|6031501],,,,,,,,,-1,0,,-1,,-1,0,-1,,[2|6031502],[2|6031502],{2:0|6031502:1},-1,{1:BuffUpgradeData},[],
6031601,repel,3,4,-1,-1,{3:0|4:1},,2|500|200,,,,-1,-1,-1,,,,,,,,,[100001],,1,0,,-1,,-1,0,-1,,[1|8],[1|8],{1:0|8:1},-1,{1:BuffUpgradeData},[],
6031602,,3,27,-1,-1,{3:0|27:1},,0,,,,-1,-1,-1,,,,,,,,,[1003810],,-1,0,,-1,,-1,0,-1,,[1|7],[1|7],{1:0|7:1},-1,{1:BuffUpgradeData},[],
6031603,,14,-1,-1,-1,{14:0},60316302|1,,,,,-1,-1,-1,,[1],,,,,,,,,-1,0,,-1,,-1,0,-1,,[2],[2],{2:0},-1,{1:BuffUpgradeData},[],
6031604,,5,-1,-1,-1,{5:0},53038|1|10000|10000|1|0,,,,,-1,-1,-1,,[1],,,,,,,,,1,0,,-1,,-1,0,-1,,[2],[2],{2:0},-1,{1:BuffUpgradeData},[],
6031605,,59,-1,-1,-1,{59:0},,,,,,-1,-1,-1,,[1],,,,,,,,,-1,0,,-1,,-1,0,-1,,[2],[2],{2:0},-1,{1:BuffUpgradeData},[],
6031606,,14,-1,-1,-1,{14:0},60316502|1,,,,,-1,-1,-1,,[2|6031602],,,,,,,,,-1,0,,-1,,-1,0,-1,,[2|6031601],[2|6031601],{2:0|6031601:1},-1,{1:BuffUpgradeData},[],
6031607,,5,7,-1,-1,{5:0|7:1},53039|1|5000|2500|2|400,6031601|0,,,,-1,-1,-1,,[1],,,,,,,,,1,0,,-1,,-1,0,-1,,[2|6031602],[2|6031602],{2:0|6031602:1},-1,{1:BuffUpgradeData},[],
3031608,,5,-1,-1,-1,{5:0},53040|2|5000|1500|2|400,,,,,-1,-1,-1,,[1],,,,,,,,,1,0,,-1,,-1,0,-1,,[2],[2],{2:0},-1,{1:BuffUpgradeData},[],
6031609,,4,-1,-1,-1,{4:0},1|450|1500,,,,,-1,-1,-1,,[1],,,,,,,,,-1,0,,-1,,-1,0,-1,,[2],[2],{2:0},-1,{1:BuffUpgradeData},[],
6031610,,14,-1,-1,-1,{14:0},60316402|1,,,,,-1,-1,-1,,[1],,,,,,,,,-1,0,,-1,,-1,0,-1,,[2],[2],{2:0},-1,{1:BuffUpgradeData},[],
6031701,repel,3,4,-1,-1,{3:0|4:1},,2|500|200,,,,-1,-1,-1,,,,,,,,,[100001],,1,0,,-1,,-1,0,-1,,[1|8],[1|8],{1:0|8:1},-1,{1:BuffUpgradeData},[],
6031702,,14,-1,-1,-1,{14:0},60317202|1,,,,,-1,-1,-1,,[1],,,,,,,,,-1,0,,-1,,-1,0,-1,,[2],[2],{2:0},-1,{1:BuffUpgradeData},[],
6031703,,48,-1,-1,-1,{48:0},6|10000,,,,,-1,-1,-1,,[1],,,,,,,,,-1,0,,-1,,-1,0,-1,,[2],[2],{2:0},-1,{1:BuffUpgradeData},[],
6031704,,14,-1,-1,-1,{14:0},60317402|1,,,,,-1,-1,-1,,[1],,,,,,,,,-1,0,,-1,,-1,0,-1,,[2],[2],{2:0},-1,{1:BuffUpgradeData},[],
6031705,,14,-1,-1,-1,{14:0},60317403|1,,,,,-1,-1,-1,,[1],,,,,,,,,-1,0,,-1,,-1,0,-1,,[2],[2],{2:0},-1,{1:BuffUpgradeData},[],
6031706,,3,27,-1,-1,{3:0|27:1},,0,,,,-1,-1,-1,,,,,,,,,[1003810],,-1,0,,-1,,-1,0,-1,,[1|7],[1|7],{1:0|7:1},-1,{1:BuffUpgradeData},[],
6031707,,4,-1,-1,-1,{4:0},3|0|800,,,,,-1,-1,-1,,[1],,,,,,,,,-1,0,,-1,,-1,0,-1,,[2],[2],{2:0},-1,{1:BuffUpgradeData},[],
6031708,stun,3,-1,-1,-1,{3:0},,,,,,-1,-1,-1,,,,,,,,,[100001],,-1,0,,-1,,-1,0,-1,,[1|3],[1|3],{1:0|3:1},-1,{1:BuffUpgradeData},[],
6031801,,48,-1,-1,-1,{48:0},5|-150,,,,,-1,-1,-1,,,,,,,,,[100011],,-1,0,,-1,,-1,0,-1,,[1|301],[1|301],{1:0|301:1},-1,{1:BuffUpgradeData},[],
6031802,,4,-1,-1,-1,{4:0},3|0|600,,,,,-1,-1,-1,,[1],,,,,,,,,-1,0,,-1,,-1,0,-1,,[2],[2],{2:0},-1,{1:BuffUpgradeData},[],
6031803,,1,-1,-1,-1,{1:0},1|3|-10000,,,,,-1,-1,-1,,,,,,,,,[100003],,-1,0,,-1,,-1,0,-1,,[1|301|201],[1|301|201],{1:0|301:1|201:2},1000,{1:BuffUpgradeData},[],
6031804,,3,27,-1,-1,{3:0|27:1},,0,,,,-1,-1,-1,,,,,,,,,[1003810],,-1,0,,-1,,-1,0,-1,,[1|7],[1|7],{1:0|7:1},-1,{1:BuffUpgradeData},[],
6031805,,14,-1,-1,-1,{14:0},60318502|1,,,,,-1,-1,-1,,[1],,,,,,,,,-1,0,,-1,,-1,0,-1,,[2|60318],[2|60318],{2:0|60318:1},-1,{1:BuffUpgradeData},[],
6031806,,26,-1,-1,-1,{26:0},300|1000|60318505|1|0|0,,,,,-1,-1,-1,,[1],,,,,,,,,-1,0,,-1,,-1,0,-1,,[2],[2],{2:0},200,{1:BuffUpgradeData},[],
6031807,,26,-1,-1,-1,{26:0},300|1000|60318506|1|0|0,,,,,-1,-1,-1,,[1],,,,,,,,,-1,0,,-1,,-1,0,-1,,[2],[2],{2:0},200,{1:BuffUpgradeData},[],
6031808,,14,-1,-1,-1,{14:0},60318302|1,,,,,-1,-1,-1,,[1],,,,,,,,,-1,0,,-1,,-1,0,-1,,[2],[2],{2:0},-1,{1:BuffUpgradeData},[],
6031809,,59,-1,-1,-1,{59:0},,,,,,-1,-1,-1,,[1],,,,,,,,,-1,0,,-1,,-1,0,-1,,[2],[2],{2:0},-1,{1:BuffUpgradeData},[],
6031901,,3,-1,-1,-1,{3:0},,,,,,-1,-1,-1,,,,,,,,,[100001],,-1,0,,-1,,-1,0,-1,,[1|3],[1|3],{1:0|3:1},-1,{1:BuffUpgradeData},[],
6031902,,48,-1,-1,-1,{48:0},"5|-120,6|-3000",,,,,-1,-1,-1,,,,,,,,,[100011],,-1,0,,-1,,-1,0,-1,,[1|301],[1|301],{1:0|301:1},-1,{1:BuffUpgradeData},[],
6031903,,10,14,-1,-1,{10:0|14:1},5,"60319402|1,60319403|1,60319404|1",,,,-1,-1,-1,,[1],,,,,,,,,-1,0,,-1,,-1,0,-1,,[2|60319],[2|60319],{2:0|60319:1},-1,{1:BuffUpgradeData},[],
6031904,,-1,-1,-1,-1,{},,,,,,-1,-1,-1,,[1],,,,,,,,,-1,0,,-1,,-1,0,-1,,[2],[2],{2:0},-1,{1:BuffUpgradeData},[],
6031905,,30,-1,-1,-1,{30:0},10000,,,,,-1,-1,-1,,[1],,,,,,,[6031905],,-1,0,,-1,,-1,0,-1,,[2],[2],{2:0},-1,{1:BuffUpgradeData},[],
6031906,,14,22,19,-1,{14:0|22:1|19:2},"60319405|1,60319406|1","1|110,4|110",60319,,,-1,-1,-1,,[2|6031902],,,,,,,,,-1,0,,-1,,-1,0,-1,,[2|6031901],[2|6031901],{2:0|6031901:1},-1,{1:BuffUpgradeData},[],
6031907,,3,27,-1,-1,{3:0|27:1},,0,,,,-1,-1,-1,,,,,,,,,[1003810],,-1,0,,-1,,-1,0,-1,,[1|7],[1|7],{1:0|7:1},-1,{1:BuffUpgradeData},[],
6031908,,20,-1,-1,-1,{20:0},1|5|6031907,,,,,-1,-1,-1,,,,,,,,,[1003811],,-1,0,,5,,1,0,-1,,[1],[1],{1:0},-1,{1:BuffUpgradeData},[],
6031909,skill3_down,7,19,3,-1,{7:0|19:1|3:2},6031901|0,60319,,,,-1,-1,-1,,[1],,,,,,,,,-1,0,,-1,,-1,0,-1,,[2|6031902],[2|6031902],{2:0|6031902:1},-1,{1:BuffUpgradeData},[],
6031910,,5,-1,-1,-1,{5:0},53031|1|10000|10000|3|0|60319503,,,,,-1,-1,-1,,[1],,,,,,,,,1,0,,-1,,-1,0,-1,,[2],[2],{2:0},-1,{1:BuffUpgradeData},[],
6031911,,10,59,11,4,{10:0|59:1|11:2|4:3},3|5|7|8|9|11|12|15|16|17|18|204,,2,1|500|1400,,-1,-1,-1,,[1],,,,,,,[6031911],,-1,0,,-1,,-1,0,-1,,[2],[2],{2:0},-1,{1:BuffUpgradeData},[],
6031912,,-1,-1,-1,-1,{},,,,,,-1,-1,-1,,[1],,,,,,,[6031912],,-1,0,,-1,,-1,0,-1,,[2],[2],{2:0},-1,{1:BuffUpgradeData},[],
6031913,,-1,-1,-1,-1,{},,,,,,-1,-1,-1,,[1],,,,,,,[6031913],,-1,0,,-1,,-1,0,-1,,[2],[2],{2:0},-1,{1:BuffUpgradeData},[],
6031914,,48,22,19,-1,{48:0|22:1|19:2},6|-5000,1|105,60319,,,-1,-1,-1,,[1],,,,,,,,,-1,0,,-1,,-1,0,-1,,[2],[2],{2:0},-1,{1:BuffUpgradeData},[],
6031915,,5,-1,-1,-1,{5:0},53035|4|5000|2000|2|400,,,,,-1,-1,-1,,[1],,,,,,,,,1,0,,-1,,-1,0,-1,,[2],[2],{2:0},-1,{1:BuffUpgradeData},[],
6032301,,4,-1,-1,-1,{4:0},1|500|1900,,,,,-1,-1,-1,,,,,,,,,,,-1,0,,-1,,-1,0,-1,,[2],[2],{2:0},-1,{1:BuffUpgradeData},[],
6032302,skill0,-1,-1,-1,-1,{},,,,,,-1,-1,-1,,,,,,,,,,,1,0,,-1,,-1,0,-1,,[2],[2],{2:0},-1,{1:BuffUpgradeData},[],
6032501,,4,-1,-1,-1,{4:0},3|0|600,,,,,-1,-1,-1,,,,,,,,,,,-1,0,,-1,,-1,0,-1,,[2],[2],{2:0},-1,{1:BuffUpgradeData},[],
6032801,,4,-1,-1,-1,{4:0},3|0|400,,,,,-1,-1,-1,,,,,,,,,,,-1,0,,-1,,-1,0,-1,,[2],[2],{2:0},-1,{1:BuffUpgradeData},[],
6032901,,48,-1,-1,-1,{48:0},5|200,,,,,-1,-1,-1,,,,,,,,,,,-1,0,,-1,,-1,0,-1,,[2],[2],{2:0},-1,{1:BuffUpgradeData},[],
6033401,,4,-1,-1,-1,{4:0},1|450|600,,,,,-1,-1,-1,,,,,,,,,,,-1,0,,-1,,-1,0,-1,,[2],[2],{2:0},-1,{1:BuffUpgradeData},[],
6033501,,4,-1,-1,-1,{4:0},3|0|300,,,,,-1,-1,-1,,,,,,,,,,,-1,0,,-1,,-1,0,-1,,[2],[2],{2:0},-1,{1:BuffUpgradeData},[],
6033601,,4,-1,-1,-1,{4:0},1|450|1400,,,,,-1,-1,-1,,,,,,,,,,,-1,0,,-1,,-1,0,-1,,[2],[2],{2:0},-1,{1:BuffUpgradeData},[],
6033602,fly,3,-1,-1,-1,{3:0},,,,,,-1,-1,-1,,,,,,,,,[100001],,1,0,,-1,,-1,0,-1,,[1|9],[1|9],{1:0|9:1},-1,{1:BuffUpgradeData},[],
6033801,,4,-1,-1,-1,{4:0},1|450|900,,,,,-1,-1,-1,,,,,,,,,,,-1,0,,-1,,-1,0,-1,,[2],[2],{2:0},-1,{1:BuffUpgradeData},[],
6033901,,48,-1,-1,-1,{48:0},"5|-225,6|-5000",,,,,-1,-1,-1,,,,,,,,,[100011],,-1,0,,-1,,-1,0,-1,,[1|301],[1|301],{1:0|301:1},-1,{1:BuffUpgradeData},[],
6034001,skill0,31,3,30,-1,{31:0|3:1|30:2},1|1|0,,10000,,,-1,1,-1,,[1],,,,,,,,,1,0,,-1,,-1,0,-1,,[2],[2],{2:0},-1,{1:BuffUpgradeData},[],
6034101,,1,1,-1,-1,{1:1},1|3|-7000,1|4|-100,,,,-1,-1,-1,,,,,,,,,[1002301],,-1,0,,-1,,-1,0,-1,,[1|301|201],[1|301|201],{1:0|301:1|201:2},1000,{1:BuffUpgradeData},[],
6034102,,4,30,-1,-1,{4:0|30:1},3|0|100,10000,,,,-1,-1,-1,,,,,,,,,,,-1,0,,-1,,-1,0,-1,,[2],[2],{2:0},-1,{1:BuffUpgradeData},[],
6034103,,1,-1,-1,-1,{1:0},1|3|-10000,,,,,-1,-1,-1,,,,,,,,,[1002301],,-1,0,,-1,,-1,0,-1,,[1|301|201],[1|301|201],{1:0|301:1|201:2},1000,{1:BuffUpgradeData},[],
6034201,,4,-1,-1,-1,{4:0},1|200|1200,,,,,-1,-1,-1,,,,,,,,,,,-1,0,,-1,,-1,0,-1,,[2],[2],{2:0},-1,{1:BuffUpgradeData},[],
6034501,,9,-1,-1,-1,{9:0},1|1|3|30000|10000,,,,,-1,-1,-1,,,,,,,,,[6034501],,-1,0,,-1,,-1,0,-1,,[0|4],[0|4],{0:0|4:1},-1,{1:BuffUpgradeData},[],
6034601,,3,27,-1,-1,{3:0|27:1},,0,,,,-1,-1,-1,,,,,,,,,[1003810],,-1,0,,-1,,-1,0,-1,,[1|7],[1|7],{1:0|7:1},-1,{1:BuffUpgradeData},[],
6034701,,4,-1,-1,-1,{4:0},1|450|1700,,,,,-1,-1,-1,,,,,,,,,,,-1,0,,-1,,-1,0,-1,,[2],[2],{2:0},-1,{1:BuffUpgradeData},[],
6034702,repel,3,4,-1,-1,{3:0|4:1},,2|1000|200,,,,-1,-1,-1,,,,,,,,,[100001],,1,0,,-1,,-1,0,-1,,[1|8],[1|8],{1:0|8:1},-1,{1:BuffUpgradeData},[],
6035001,,48,-1,-1,-1,{48:0},5|-225,,,,,-1,-1,-1,,,,,,,,,[100011],,-1,0,,-1,,-1,0,-1,,[1|301],[1|301],{1:0|301:1},-1,{1:BuffUpgradeData},[],
6035201,,47,-1,-1,-1,{47:0},"1,60352002|500|3|-1|1|1,60352003|350|3|-1|1|1,60352004|350|3|-1|1|1",,,,,-1,1,-1,,[1],,,,,,,,,-1,0,,-1,,-1,0,-1,,[2],[2],{2:0},-1,{1:BuffUpgradeData},[],
6035202,,14,-1,-1,-1,{14:0},60352102|1,,,,,-1,-1,-1,,[2|6035202],,,,,,,,,-1,0,,-1,,-1,0,-1,,[2|6035201],[2|6035201],{2:0|6035201:1},-1,{1:BuffUpgradeData},[],
6035203,,4,30,7,-1,{4:0|30:1|7:2},3|0|100,10000,6035201|0,,,-1,-1,-1,,,,,,,,,,,-1,0,,-1,,-1,0,-1,,[2|6035202],[2|6035202],{2:0|6035202:1},-1,{1:BuffUpgradeData},[],
6035301,repel,3,4,-1,-1,{3:0|4:1},,2|1000|200,,,,-1,-1,-1,,,,,,,,,[100001],,1,0,,-1,,-1,0,-1,,[1|8],[1|8],{1:0|8:1},-1,{1:BuffUpgradeData},[],
6035302,,1,-1,-1,-1,{1:0},1|3|-3000,,,,,-1,-1,-1,,,,,,,Effect/Battle/CommonEffect/Fx_ZhouShang_01,,[100003],,-1,0,,5,,1,0,-1,,[1|201|301],[1|201|301],{1:0|201:1|301:2},1000,{1:BuffUpgradeData},[],
6036401,,48,30,-1,-1,{48:0|30:1},5|-20,-500,,,,-1,-1,-1,,,,,,,,,[100011],,-1,0,,10,,1,0,-1,,[1|301],[1|301],{1:0|301:1},-1,{1:BuffUpgradeData},[],
6036402,,48,22,19,-1,{48:0|22:1|19:2},6|-5000,1|105,60364,,,-1,-1,-1,,[1],,,,,,,,,-1,0,,-1,,-1,0,-1,,[2],[2],{2:0},-1,{1:BuffUpgradeData},[],
6036403,,26,-1,-1,-1,{26:0},225|500|60364502|4|0|0,,,,,-1,-1,-1,,,,,,,,,,,-1,0,,-1,,-1,0,-1,,[2],[2],{2:0},700,{1:BuffUpgradeData},[],
6036404,,5,-1,-1,-1,{5:0},53053|3|5000|3000|2|300,,,,,-1,-1,-1,,[1],,,,,,,,,1,0,,-1,,-1,0,-1,,[2],[2],{2:0},-1,{1:BuffUpgradeData},[],
6036405,repel,3,4,-1,-1,{3:0|4:1},,2|1000|150,,,,-1,-1,-1,,,,,,,,,,,1,0,,-1,,-1,0,-1,,[1|8],[1|8],{1:0|8:1},-1,{1:BuffUpgradeData},[],
6036406,,26,-1,-1,-1,{26:0},225|500|60364504|4|0|0,,,,,-1,-1,-1,,,,,,,,,,,-1,0,,-1,,-1,0,-1,,[2],[2],{2:0},700,{1:BuffUpgradeData},[],
6036407,,-1,-1,-1,-1,{},,,,,,-1,-1,-1,,[1],,,,,,,[6036401],,-1,0,,-1,,-1,0,-1,,[2],[2],{2:0},-1,{1:BuffUpgradeData},[],
6036501,fly,3,-1,-1,-1,{3:0},,,,,,-1,-1,-1,,,,,,,,,[100001],,1,0,,-1,,-1,0,-1,,[1|9],[1|9],{1:0|9:1},-1,{1:BuffUpgradeData},[],
6036502,,1,-1,-1,-1,{1:0},1|3|-3000,,,,,-1,-1,-1,,,,,,,,,[100003],,-1,0,,5,,1,0,-1,,[1|301|201],[1|301|201],{1:0|301:1|201:2},1000,{1:BuffUpgradeData},[],
6036503,,14,-1,-1,-1,{14:0},60365302|1,,,,,-1,-1,-1,,[2|6036502],,,,,,,,,-1,0,,-1,,-1,0,-1,,[2|6036501],[2|6036501],{2:0|6036501:1},-1,{1:BuffUpgradeData},[],
6036504,,7,-1,-1,-1,{7:0},6036501|0,,,,,-1,-1,-1,,[1],,,,,,,,,-1,0,,-1,,-1,0,-1,,[2|6036502],[2|6036502],{2:0|6036502:1},-1,{1:BuffUpgradeData},[],
6036505,,3,27,-1,-1,{3:0|27:1},,0,,,,-1,-1,-1,,,,,,,,,[6036501],,-1,0,,-1,,-1,0,-1,,[1],[1],{1:0},-1,{1:BuffUpgradeData},[],
6036506,,14,-1,-1,-1,{14:0},60365402|1,,,,,-1,-1,-1,,[1],,,,,,,,,-1,0,,-1,,-1,0,-1,,[2],[2],{2:0},-1,{1:BuffUpgradeData},[],
6036507,,14,19,-1,-1,{14:0|19:1},60365403|1,60365,,,,-1,-1,-1,,[1],,,,,,,[6036502],,-1,0,,-1,,-1,0,-1,,[2],[2],{2:0},-1,{1:BuffUpgradeData},[],
6036601,,14,-1,-1,-1,{14:0},60366103|1,,,,,-1,-1,-1,,[1],,,,,,,,,-1,0,,-1,,-1,0,-1,,[2],[2],{2:0},-1,{1:BuffUpgradeData},[],
6036602,,14,-1,-1,-1,{14:0},60366203|1,,,,,-1,-1,-1,,[1],,,,,,,,,-1,0,,-1,,-1,0,-1,,[2],[2],{2:0},-1,{1:BuffUpgradeData},[],
6036603,,14,-1,-1,-1,{14:0},60366303|1,,,,,-1,-1,-1,,[1],,,,,,,,,-1,0,,-1,,-1,0,-1,,[2],[2],{2:0},-1,{1:BuffUpgradeData},[],
6036604,,48,-1,-1,-1,{48:0},5|-225,,,,,-1,-1,-1,,,,,,,,,[100011],,-1,0,,-1,,-1,0,-1,,[1|301],[1|301],{1:0|301:1},-1,{1:BuffUpgradeData},[],
6036605,,14,-1,-1,-1,{14:0},60366403|1,,,,,-1,-1,-1,,[1],,,,,,,,,-1,0,,-1,,-1,0,-1,,[2],[2],{2:0},-1,{1:BuffUpgradeData},[],
6036606,,14,-1,-1,-1,{14:0},60366502|1,,,,,-1,-1,-1,,[1],,,,,,,,,-1,0,,-1,,-1,0,-1,,[2],[2],{2:0},-1,{1:BuffUpgradeData},[],
6036607,,48,-1,-1,-1,{48:0},"5|225,15|1200",,,,,-1,-1,-1,,[1],,,,,,,[6036401],,-1,0,,-1,,-1,0,-1,,[0],[0],{0:0},-1,{1:BuffUpgradeData},[],
6036701,,5,-1,-1,-1,{5:0},53049|1|5000|3000|4|100|60367102,,,,,-1,-1,-1,,[1],,,,,,,,,1,0,,6,,2,0,-1,,[2],[2],{2:0},-1,{1:BuffUpgradeData},[],
6036702,repel,3,4,-1,-1,{3:0|4:1},,2|2000|150,,,,-1,-1,-1,,,,,,,,,,,1,0,,-1,,-1,0,-1,,[1|8],[1|8],{1:0|8:1},-1,{1:BuffUpgradeData},[],
6036703,,14,-1,-1,-1,{14:0},60367302|1,,,,,-1,-1,-1,,[1],,,,,,,,,-1,0,,-1,,-1,0,-1,,[2|6036701],[2|6036701],{2:0|6036701:1},-1,{1:BuffUpgradeData},[],
6036704,,14,-1,-1,-1,{14:0},60367402|1,,,,,-1,-1,-1,,[1],,,,,,,,,-1,0,,-1,,-1,0,-1,,[2],[2],{2:0},-1,{1:BuffUpgradeData},[],
6036705,,48,-1,-1,-1,{48:0},6|5000,,,,,-1,-1,-1,,[1],,,,,,,[6036401],,-1,0,,-1,,-1,0,-1,,[0],[0],{0:0},-1,{1:BuffUpgradeData},[],
6036706,,5,-1,-1,-1,{5:0},53055|1|10000|3000|4|100|60367102,,,,,-1,-1,-1,,[1],,,,,,,,,1,0,,6,,2,0,-1,,[2],[2],{2:0},-1,{1:BuffUpgradeData},[],
6036801,,14,-1,-1,-1,{14:0},60368101|1,,,,,-1,-1,-1,,[1],,,,,,,,,-1,0,,-1,,-1,0,-1,,[2],[2],{2:0},-1,{1:BuffUpgradeData},[],
6036802,fly,3,-1,-1,-1,{3:0},,,,,,-1,-1,-1,,,,,,,,,[100001],,1,0,,-1,,-1,0,-1,,[1|9],[1|9],{1:0|9:1},-1,{1:BuffUpgradeData},[],
6036803,,14,-1,-1,-1,{14:0},60368202|1,,,,,-1,-1,-1,,[1],,,,,,,,,-1,0,,-1,,-1,0,-1,,[2],[2],{2:0},-1,{1:BuffUpgradeData},[],
6036804,,14,-1,-1,-1,{14:0},60368301|1,,,,,-1,-1,-1,,[2|6036802],,,,,,,,,-1,0,,-1,,-1,0,-1,,[2|6036801],[2|6036801],{2:0|6036801:1},-1,{1:BuffUpgradeData},[],
6036805,,7,-1,-1,-1,{7:0},6036801|0,,,,,-1,-1,-1,,[1],,,,,,,,,1,0,,-1,,-1,0,-1,,[2|6036802],[2|6036802],{2:0|6036802:1},-1,{1:BuffUpgradeData},[],
6036806,,23,-1,-1,-1,{23:0},0|60368302|0|500|2|0|0|0|0|1,,,,,-1,-1,-1,,[1],,,,,,,,,-1,0,,-1,,-1,0,-1,,[2],[2],{2:0},-1,{1:BuffUpgradeData},[],
6036807,,4,11,-1,-1,{4:0|11:1},3|0|100,1,,,,-1,-1,-1,,,,,,,,,,,-1,0,,-1,,-1,0,-1,,[2],[2],{2:0},-1,{1:BuffUpgradeData},[],
6036808,,14,-1,-1,-1,{14:0},60368501|1,,,,,-1,-1,-1,,[2|6036804],,,,,,,,,-1,0,,-1,,-1,0,-1,,[2|6036803],[2|6036803],{2:0|6036803:1},-1,{1:BuffUpgradeData},[],
6036809,,7,-1,-1,-1,{7:0},6036803|0,,,,,-1,-1,-1,,[1],,,,,,,,,1,0,,-1,,-1,0,-1,,[2|6036804],[2|6036804],{2:0|6036804:1},-1,{1:BuffUpgradeData},[],
6036810,,69,19,3,-1,{69:0|19:1|3:2},50,0|1|2,,,,-1,-1,-1,,,,,,,,,[6036802],,-1,0,,-1,,-1,0,-1,,[1|16],[1|16],{1:0|16:1},-1,{1:BuffUpgradeData},[],
6036811,,14,-1,-1,-1,{14:0},60368601|1,,,,,-1,-1,-1,,[1],,,,,,,,,-1,0,,-1,,-1,0,-1,,[2],[2],{2:0},-1,{1:BuffUpgradeData},[],
6036901,,48,-1,-1,-1,{48:0},6|5000,,,,,-1,-1,-1,,[1],,,,,,,,,-1,0,,-1,,-1,0,-1,,[0],[0],{0:0},-1,{1:BuffUpgradeData},[],
6036902,,4,-1,-1,-1,{4:0},1|350|800,,,,,-1,-1,-1,,[1],,,,,,,,,-1,0,,-1,,-1,0,-1,,[2],[2],{2:0},-1,{1:BuffUpgradeData},[],
6036903,,52,19,-1,-1,{52:0|19:1},100,0|1|2,,,,-1,-1,-1,,,,,,,,,[1004502],,-1,0,,-1,,-1,0,-1,,[1|12],[1|12],{1:0|12:1},-1,{1:BuffUpgradeData},[],
6036904,,5,-1,-1,-1,{5:0},53050|3|10000|10000|2|350|60369603,,,,,-1,-1,-1,,[1],,,,,,,,,1,0,,-1,,-1,0,-1,,[2],[2],{2:0},-1,{1:BuffUpgradeData},[],
6036905,,11,21,30,-1,{11:0|21:1|30:2},1,,10000,,,-1,-1,-1,,[1],,,,,,,[6036901],,1,0,,-1,,-1,0,-1,,[2],[2],{2:0},-1,{1:BuffUpgradeData},[],
6037001,,14,-1,-1,-1,{14:0},60370102|1,,,,,-1,-1,-1,,[1],,,,,,,,,-1,0,,-1,,-1,0,-1,,[2],[2],{2:0},-1,{1:BuffUpgradeData},[],
6037002,stun,3,-1,-1,-1,{3:0},,,,,,-1,-1,-1,,,,,,,,,[100001],,1,0,,-1,,-1,0,-1,,[1|3],[1|3],{1:0|3:1},-1,{1:BuffUpgradeData},[],
6037003,,14,-1,-1,-1,{14:0},60370202|1,,,,,-1,-1,-1,,[2|6037002],,,,,,,,,-1,0,,-1,,-1,0,-1,,[2|6037001],[2|6037001],{2:0|6037001:1},-1,{1:BuffUpgradeData},[],
6037004,,5,7,-1,-1,{5:0|7:1},53051|3|5000|2500|2|350,6037001|0,,,,-1,-1,-1,,[1],,,,,,,,,1,0,,-1,,-1,0,-1,,[2|6037002],[2|6037002],{2:0|6037002:1},-1,{1:BuffUpgradeData},[],
6037005,,31,-1,-1,-1,{31:0},1|1|1,,,,,-1,-1,-1,,[1],,,,,,,,,1,0,,-1,,-1,0,-1,,[2],[2],{2:0},-1,{1:BuffUpgradeData},[],
6037006,,14,-1,-1,-1,{14:0},60370302|1,,,,,-1,-1,-1,,[1],,,,,,,,,-1,0,,-1,,-1,0,-1,,[2],[2],{2:0},-1,{1:BuffUpgradeData},[],
6037007,fly,3,-1,-1,-1,{3:0},,,,,,-1,-1,-1,,,,,,,,,[100001],,1,0,,-1,,-1,0,-1,,[1|9],[1|9],{1:0|9:1},-1,{1:BuffUpgradeData},[],
6037008,,14,-1,-1,-1,{14:0},60370402|1,,,,,-1,-1,-1,,[1],,,,,,,,,-1,0,,-1,,-1,0,-1,,[2],[2],{2:0},-1,{1:BuffUpgradeData},[],
6037009,,4,11,-1,-1,{4:0|11:1},1|500|700,1,,,,-1,-1,-1,,,,,,,,,[6037001],,-1,0,,-1,,-1,0,-1,,[2],[2],{2:0},-1,{1:BuffUpgradeData},[],
6037101,,14,-1,-1,-1,{14:0},60371102|1,,,,,-1,-1,-1,,[2|6037102],,,,,,,,,-1,0,,-1,,-1,0,-1,,[2|6037101],[2|6037101],{2:0|6037101:1},-1,{1:BuffUpgradeData},[],
6037102,,5,7,-1,-1,{5:0|7:1},53052|1|10000|2500|2|350,6037101|0,,,,-1,-1,-1,,[1],,,,,,,,,1,0,,-1,,-1,0,-1,,[2|6037102],[2|6037102],{2:0|6037102:1},-1,{1:BuffUpgradeData},[],
6037103,,14,-1,-1,-1,{14:0},60371202|1,,,,,-1,-1,-1,,[2|6037104],,,,,,,,,-1,0,,-1,,-1,0,-1,,[2|6037103],[2|6037103],{2:0|6037103:1},-1,{1:BuffUpgradeData},[],
6037104,,5,7,-1,-1,{5:0|7:1},53052|1|10000|2500|2|350,6037103|0,,,,-1,-1,-1,,[1],,,,,,,,,1,0,,3,,2,0,-1,,[2|6037104],[2|6037104],{2:0|6037104:1},-1,{1:BuffUpgradeData},[],
6037105,repel,3,4,-1,-1,{3:0|4:1},,2|1500|100,,,,-1,-1,-1,,,,,,,,,,,1,0,,-1,,-1,0,-1,,[1|8],[1|8],{1:0|8:1},-1,{1:BuffUpgradeData},[],
6037106,,14,-1,-1,-1,{14:0},60371402|1,,,,,-1,-1,-1,,[1],,,,,,,,,-1,0,,-1,,-1,0,-1,,[2],[2],{2:0},-1,{1:BuffUpgradeData},[],
6037107,,4,-1,-1,-1,{4:0},3|0|300,,,,,-1,-1,-1,,,,,,,,,,,-1,0,,-1,,-1,0,-1,,[2],[2],{2:0},-1,{1:BuffUpgradeData},[],
6037108,fly,3,-1,-1,-1,{3:0},,,,,,-1,-1,-1,,,,,,,,,[100001],,1,0,,-1,,-1,0,-1,,[1|9],[1|9],{1:0|9:1},-1,{1:BuffUpgradeData},[],
6037109,,14,-1,-1,-1,{14:0},60371403|1,,,,,-1,-1,-1,,[1],,,,,,,,,-1,0,,-1,,-1,0,-1,,[2],[2],{2:0},-1,{1:BuffUpgradeData},[],
6037110,,14,-1,-1,-1,{14:0},60371404|1,,,,,-1,-1,-1,,[1],,,,,,,,,-1,0,,-1,,-1,0,-1,,[2],[2],{2:0},-1,{1:BuffUpgradeData},[],
6037111,,4,-1,-1,-1,{4:0},3|0|400,,,,,-1,-1,-1,,,,,,,,,,,-1,0,,-1,,-1,0,-1,,[2],[2],{2:0},-1,{1:BuffUpgradeData},[],
6037112,,14,-1,-1,-1,{14:0},60371502|1,,,,,-1,-1,-1,,[1],,,,,,,,,-1,0,,-1,,-1,0,-1,,[2],[2],{2:0},-1,{1:BuffUpgradeData},[],
6037113,,52,19,-1,-1,{52:0|19:1},300,0|1|2,,,,-1,-1,-1,,,,,,,,,[1004502],,-1,0,,-1,,-1,0,-1,,[1|12],[1|12],{1:0|12:1},-1,{1:BuffUpgradeData},[],
6037114,,14,-1,-1,-1,{14:0},60371102|1,,,,,-1,-1,-1,,[2|6037102],,,,,,,,,-1,0,,-1,,-1,0,-1,,[2|6037101],[2|6037101],{2:0|6037101:1},-1,{1:BuffUpgradeData},[],
6037115,,5,7,-1,-1,{5:0|7:1},53054|1|10000|2500|2|350,6037101|0,,,,-1,-1,-1,,[1],,,,,,,,,1,0,,-1,,-1,0,-1,,[2|6037102],[2|6037102],{2:0|6037102:1},-1,{1:BuffUpgradeData},[],
6037116,,14,-1,-1,-1,{14:0},60371202|1,,,,,-1,-1,-1,,[2|6037104],,,,,,,,,-1,0,,-1,,-1,0,-1,,[2|6037103],[2|6037103],{2:0|6037103:1},-1,{1:BuffUpgradeData},[],
6037117,,5,-1,-1,-1,{5:0},53054|1|10000|2500|2|350,,,,,-1,-1,-1,,[1],,,,,,,,,1,0,,3,,2,0,-1,,[2|6037104],[2|6037104],{2:0|6037104:1},-1,{1:BuffUpgradeData},[],
6037201,,5,-1,-1,-1,{5:0},53043|2|5000|1000|2|200|60372102,,,,,-1,-1,-1,,[1],,,,,,,,,1,0,,-1,,-1,0,-1,,[2],[2],{2:0},-1,{1:BuffUpgradeData},[],
6037202,,5,-1,-1,-1,{5:0},53044|4|5000|2500|2|350|60372203,,,,,-1,-1,-1,,[1],,,,,,,,,1,0,,-1,,-1,0,-1,,[2],[2],{2:0},-1,{1:BuffUpgradeData},[],
6037203,,5,-1,-1,-1,{5:0},53045|1|10000|4000|1|0|60372303,,,,,-1,-1,-1,,[1],,,,,,,,,1,0,,-1,,-1,0,-1,,[2],[2],{2:0},-1,{1:BuffUpgradeData},[],
6037204,stun,3,-1,-1,-1,{3:0},,,,,,-1,-1,-1,,,,,,,,,[100001],,-1,0,,-1,,-1,0,-1,,[1|3],[1|3],{1:0|3:1},-1,{1:BuffUpgradeData},[],
6037205,,5,-1,-1,-1,{5:0},53047|2|5000|1000|2|200|60372102,,,,,-1,-1,-1,,[1],,,,,,,,,1,0,,-1,,-1,0,-1,,[2],[2],{2:0},-1,{1:BuffUpgradeData},[],
6037206,,5,-1,-1,-1,{5:0},53048|1|10000|4000|1|0|60372303,,,,,-1,-1,-1,,[1],,,,,,,,,1,0,,-1,,-1,0,-1,,[2],[2],{2:0},-1,{1:BuffUpgradeData},[],
6037301,stun,3,-1,-1,-1,{3:0},,,,,,-1,-1,-1,,,,,,,,,[100001],,-1,0,,-1,,-1,0,-1,,[1|3],[1|3],{1:0|3:1},-1,{1:BuffUpgradeData},[],
6037302,,14,-1,-1,-1,{14:0},60373202|1,,,,,-1,-1,-1,,[2|6037302],,,,,,,,,1,0,,-1,,-1,0,-1,,[2|6037301],[2|6037301],{2:0|6037301:1},-1,{1:BuffUpgradeData},[],
6037303,,5,7,-1,-1,{5:0|7:1},53046|1|5000|10000|2|300|60373203,6037301|0,,,,-1,-1,-1,,[1],,,,,,,,,1,0,,-1,,-1,0,-1,,[2|6037302],[2|6037302],{2:0|6037302:1},-1,{1:BuffUpgradeData},[],
6037304,,14,-1,-1,-1,{14:0},60373302|1,,,,,-1,-1,-1,,[1],,,,,,,,,-1,0,,-1,,-1,0,-1,,[2],[2],{2:0},-1,{1:BuffUpgradeData},[],
6037305,,1,9,23,-1,{1:0|9:1|23:2},1|4|200,2|0|0|20|10000,0|60373303|1|500|2|0|0|0,,,-1,-1,-1,,[2|6037304],,,,,,,,,-1,0,,-1,,-1,0,-1,,[2|6037303],[2|6037303],{2:0|6037303:1},1000,{1:BuffUpgradeData},[],
6037306,repel,3,4,-1,-1,{3:0|4:1},,2|2000|150,,,,-1,-1,-1,,,,,,,,,,,1,0,,-1,,-1,0,-1,,[1|8],[1|8],{1:0|8:1},-1,{1:BuffUpgradeData},[],
6037307,,4,-1,-1,-1,{4:0},1|600|1200,,,,,-1,-1,-1,,[1],,,,,,,,,-1,0,,-1,,-1,0,-1,,[2],[2],{2:0},-1,{1:BuffUpgradeData},[],
6037308,,3,-1,-1,-1,{3:0},,,,,,-1,-1,-1,,[1],,,,,,,,,-1,0,,-1,,-1,0,-1,,[2],[2],{2:0},-1,{1:BuffUpgradeData},[],
6037401,repel,3,4,-1,-1,{3:0|4:1},,1|2000|150,,,,-1,-1,-1,,,,,,,,,,,1,0,,-1,,-1,0,-1,,[1|8],[1|8],{1:0|8:1},-1,{1:BuffUpgradeData},[],
6037402,,1,-1,48,-1,{1:0|48:1},1|3|-4000,,5|-225,,,-1,-1,3,,,,,,,,,[1002131],,-1,0,,4,,1,0,-1,,[1|203|301],[1|203|301],{1:0|203:1|301:2},1000,{1:BuffUpgradeData},[],
6037403,,14,-1,-1,-1,{14:0},60374302|1,,,,,-1,-1,-1,,[2|6037402],,,,,,,,,1,0,,-1,,-1,0,-1,,[2|6037401],[2|6037401],{2:0|6037401:1},-1,{1:BuffUpgradeData},[],
6037404,,1,9,23,23,{1:0|9:1|23:3},1|4|400,2|0|0|20|10000,0|60374303|3|500|2|0|0|0,0|60374304|1|500|2|0|0|0,,-1,-1,-1,,[2|6037403],,,,,,,,,-1,0,,-1,,-1,0,-1,,[2|6037402],[2|6037402],{2:0|6037402:1},1000,{1:BuffUpgradeData},[],
6037405,repel,3,4,-1,-1,{3:0|4:1},,2|1000|150,,,,-1,-1,-1,,,,,,,,,,,1,0,,-1,,-1,0,-1,,[1|8],[1|8],{1:0|8:1},-1,{1:BuffUpgradeData},[],
6037406,repel,3,7,-1,-1,{3:0|7:1},,6037402|0,,,,-1,-1,-1,,,,,,,,,,,1,0,,-1,,-1,0,-1,,[2|6037403],[2|6037403],{2:0|6037403:1},-1,{1:BuffUpgradeData},[],
6037407,stun,3,-1,-1,-1,{3:0},,,,,,-1,-1,-1,,,,,,,,,[100001],,1,0,,-1,,-1,0,-1,,[1|3],[1|3],{1:0|3:1},-1,{1:BuffUpgradeData},[],
6037408,,4,-1,-1,-1,{4:0},1|350|1200,,,,,-1,-1,-1,,[1],,,,,,,,,-1,0,,-1,,-1,0,-1,,[2],[2],{2:0},-1,{1:BuffUpgradeData},[],
6037501,,20,-1,-1,-1,{20:0},1|5|6037502,,,,,-1,-1,-1,,[2|6037502],,,,,,,,,1,0,,5,,1,0,-1,,[2|6037501],[2|6037501],{2:0|6037501:1},-1,{1:BuffUpgradeData},[],
6037502,,7,14,-1,-1,{7:0|14:1},6037501|0,60375102|1,,,,-1,-1,-1,,[2|6037503],,,,,,,,,1,0,,-1,,-1,0,-1,,[2|6037502],[2|6037502],{2:0|6037502:1},-1,{1:BuffUpgradeData},[],
6037503,fly,3,-1,-1,-1,{3:0},,,,,,-1,-1,-1,,,,,,,,,[100001],,1,0,,-1,,-1,0,-1,,[1|9],[1|9],{1:0|9:1},-1,{1:BuffUpgradeData},[],
6037504,,7,-1,-1,-1,{7:0},6037502|0,,,,,-1,-1,-1,,[1],,,,,,,,,1,0,,-1,,-1,0,-1,,[2|6037503],[2|6037503],{2:0|6037503:1},-1,{1:BuffUpgradeData},[],
6037505,,3,-1,-1,-1,{3:0},,,,,,-1,-1,-1,,,,,,,,,[100001],,-1,0,,-1,,-1,0,-1,,[1|3],[1|3],{1:0|3:1},-1,{1:BuffUpgradeData},[],
6037506,repel,3,4,-1,-1,{3:0|4:1},,4|1500|200,,,,-1,-1,-1,,[1],,,,,,,[100001],,1,0,,-1,,-1,0,-1,,[1|8],[1|8],{1:0|8:1},-1,{1:BuffUpgradeData},[],
6037507,,48,-1,-1,-1,{48:0},5|-225,,,,,-1,-1,-1,,,,,,,,,[100011],,-1,0,,-1,,-1,0,-1,,[1|301],[1|301],{1:0|301:1},-1,{1:BuffUpgradeData},[],
6037508,,26,30,-1,-1,{26:0|30:1},225|500|60375102|4|0|0,10000,,,,-1,-1,-1,,,,,,,,,,,-1,0,,-1,,-1,0,-1,,[2],[2],{2:0},700,{1:BuffUpgradeData},[],
6037509,,20,-1,-1,-1,{20:0},1|5|6037509,,,,,-1,-1,-1,,[2|6037502],,,,,,,,,1,0,,5,,1,0,-1,,[2|6037501],[2|6037501],{2:0|6037501:1},-1,{1:BuffUpgradeData},[],
6037510,,7,14,-1,-1,{7:0|14:1},6037501|0,60375104|1,,,,-1,-1,-1,,[2|6037503],,,,,,,,,1,0,,-1,,-1,0,-1,,[2|6037502],[2|6037502],{2:0|6037502:1},-1,{1:BuffUpgradeData},[],
6037601,,14,-1,-1,-1,{14:0},60376103|1,,,,,-1,-1,-1,,,,,,,,,,,-1,0,,-1,,-1,0,-1,,[2],[2],{2:0},-1,{1:BuffUpgradeData},[],
6037602,,30,16,7,-1,{30:0|16:1|7:2},1000,300,6037601|0,,,-1,-1,-1,,[1],,,,,,,,,-1,0,,6,,1,0,-1,,[2],[2],{2:0},-1,{1:BuffUpgradeData},[],
6037603,fly,3,-1,-1,-1,{3:0},,,,,,-1,-1,-1,,,,,,,,,[100001],,1,0,,-1,,-1,0,-1,,[1|9],[1|9],{1:0|9:1},-1,{1:BuffUpgradeData},[],
6037604,,69,19,-1,-1,{69:0|19:1},100,0|1|2,,,,-1,-1,-1,,,,,,,,,,,-1,0,,-1,,-1,0,-1,,[1|16],[1|16],{1:0|16:1},-1,{1:BuffUpgradeData},[],
6037605,,14,-1,-1,-1,{14:0},60376102|1,,,,,-1,-1,-1,,[1],,,,,,,,,-1,0,,-1,,-1,0,-1,,[2],[2],{2:0},-1,{1:BuffUpgradeData},[],
6037606,,14,-1,-1,-1,{14:0},60376202|1,,,,,-1,-1,-1,,[1],,,,,,,,,-1,0,,-1,,-1,0,-1,,[2],[2],{2:0},-1,{1:BuffUpgradeData},[],
6037607,,14,-1,-1,-1,{14:0},60376302|1,,,,,-1,-1,-1,,[2|6037602],,,,,,,,,1,0,,-1,,-1,0,-1,,[2|6037601],[2|6037601],{2:0|6037601:1},-1,{1:BuffUpgradeData},[],
6037608,,14,-1,-1,-1,{14:0},60376402|1,,,,,-1,-1,-1,,[1],,,,,,,,,-1,0,,-1,,-1,0,-1,,[2],[2],{2:0},-1,{1:BuffUpgradeData},[],
6037609,,1,1,48,-1,{1:1|48:2},1|3|-10000,1|4|-100,5|-225,,,-1,-1,3,,,,,,,,,[1002131],,-1,0,,-1,,-1,0,-1,,[1|203|301],[1|203|301],{1:0|203:1|301:2},1000,{1:BuffUpgradeData},[],
6037610,,26,-1,-1,-1,{26:0},100|300|60376403|2|0|0,,,,,-1,-1,-1,,[1],,,,,,,,,-1,0,,-1,,-1,0,-1,,[2],[2],{2:0},700,{1:BuffUpgradeData},[],
6037611,,14,-1,-1,-1,{14:0},60376105|1,,,,,-1,-1,-1,,[1],,,,,,,,,-1,0,,-1,,-1,0,-1,,[2],[2],{2:0},-1,{1:BuffUpgradeData},[],
6037612,,14,-1,-1,-1,{14:0},60376106|1,,,,,-1,-1,-1,,,,,,,,,,,-1,0,,-1,,-1,0,-1,,[2],[2],{2:0},-1,{1:BuffUpgradeData},[],
6037613,,14,-1,-1,-1,{14:0},60376204|1,,,,,-1,-1,-1,,[1],,,,,,,,,-1,0,,-1,,-1,0,-1,,[2],[2],{2:0},-1,{1:BuffUpgradeData},[],
6037614,,1,48,-1,-1,{1:0|48:1},1|3|-10000,5|-225,,,,-1,-1,3,,,,,,,,,[1002131],,-1,0,,-1,,-1,0,-1,,[1|203|301],[1|203|301],{1:0|203:1|301:2},1000,{1:BuffUpgradeData},[],
6037615,,14,-1,-1,-1,{14:0},60376304|1,,,,,-1,-1,-1,,[2|6037602],,,,,,,,,1,0,,-1,,-1,0,-1,,[2|6037601],[2|6037601],{2:0|6037601:1},-1,{1:BuffUpgradeData},[],
6037701,,14,-1,-1,-1,{14:0},60377202|1,,,,,-1,-1,-1,,[1],,,,,,,,,-1,0,,-1,,-1,0,-1,,[2],[2],{2:0},-1,{1:BuffUpgradeData},[],
6037702,,1,-1,-1,-1,{1:0},1|3|-2000,,,,,-1,-1,-1,,,,,,,,,[100003],,-1,0,,5,,1,0,-1,,[1|301|201],[1|301|201],{1:0|301:1|201:2},1000,{1:BuffUpgradeData},[],
6037703,,14,-1,-1,-1,{14:0},60377302|1,,,,,-1,-1,-1,,[1],,,,,,,,,-1,0,,-1,,-1,0,-1,,[2],[2],{2:0},-1,{1:BuffUpgradeData},[],
6037704,stun,3,-1,-1,-1,{3:0},,,,,,-1,-1,-1,,,,,,,,,[100001],,-1,0,,-1,,-1,0,-1,,[1|3],[1|3],{1:0|3:1},-1,{1:BuffUpgradeData},[],
6037705,,14,-1,-1,-1,{14:0},60377402|1,,,,,-1,-1,-1,,[1],,,,,,,,,-1,0,,-1,,-1,0,-1,,[2],[2],{2:0},-1,{1:BuffUpgradeData},[],
6037706,repel,3,4,-1,-1,{3:0|4:1},,3|200|500,,,,-1,-1,-1,,[1],,,,,,,[100001],,1,0,,-1,,-1,0,-1,,[1],[1],{1:0},-1,{1:BuffUpgradeData},[],
6037707,,14,-1,-1,-1,{14:0},60377502|1,,,,,-1,-1,-1,,[2|6037702],,,,,,,,,-1,0,,-1,,-1,0,-1,,[2|6037701],[2|6037701],{2:0|6037701:1},-1,{1:BuffUpgradeData},[],
6037708,,7,59,-1,-1,{7:0|59:1},6037701|0,,,,,-1,-1,-1,,[1],,,,,,,,,-1,0,,-1,,-1,0,-1,,[2|6037702],[2|6037702],{2:0|6037702:1},-1,{1:BuffUpgradeData},[],
6037709,,1,-1,-1,-1,{1:0},1|3|-2000,,,,,-1,-1,-1,,,,,,,,,[100003],,-1,0,,5,,1,0,-1,,[1|301|201],[1|301|201],{1:0|301:1|201:2},1000,{1:BuffUpgradeData},[],
6037710,,14,-1,-1,-1,{14:0},60377602|1,,,,,-1,-1,-1,,[1],,,,,,,,,-1,0,,-1,,-1,0,-1,,[2],[2],{2:0},-1,{1:BuffUpgradeData},[],
6037711,,14,-1,-1,-1,{14:0},60377603|1,,,,,-1,-1,-1,,[1],,,,,,,,,-1,0,,-1,,-1,0,-1,,[2],[2],{2:0},-1,{1:BuffUpgradeData},[],
6037712,,14,-1,-1,-1,{14:0},60377204|1,,,,,-1,-1,-1,,[1],,,,,,,,,-1,0,,-1,,-1,0,-1,,[2],[2],{2:0},-1,{1:BuffUpgradeData},[],
6037801,,1,-1,-1,-1,{1:0},1|3|-2000,,,,,-1,-1,-1,,,,,,,,,[100003],,-1,0,,5,,1,0,-1,,[1|301|201],[1|301|201],{1:0|301:1|201:2},1000,{1:BuffUpgradeData},[],
6037901,,4,-1,-1,-1,{4:0},1|200|1800,,,,,-1,-1,-1,,,,,,,,,,,-1,0,,-1,,-1,0,-1,,[2],[2],{2:0},-1,{1:BuffUpgradeData},[],
6038201,,48,-1,-1,-1,{48:0},6|2000,,,,,-1,-1,-1,,,,,,,,,,,-1,0,,10,,1,0,-1,,[0],[0],{0:0},-1,{1:BuffUpgradeData},[],
6038202,,48,-1,-1,-1,{48:0},5|45,,,,,-1,-1,-1,,,,,,,,,,,-1,0,,-1,,-1,0,-1,,[0],[0],{0:0},-1,{1:BuffUpgradeData},[],
6038301,,5,-1,-1,-1,{5:0},53041|2|10000|6000|2|200,,,,,-1,-1,-1,,[1],,,,,,,,,1,0,,-1,,-1,0,-1,,[2],[2],{2:0},-1,{1:BuffUpgradeData},[],
6038302,,48,-1,-1,-1,{48:0},5|-225,,,,,-1,-1,-1,,,,,,,,,[100011],,-1,0,,-1,,-1,0,-1,,[1|301],[1|301],{1:0|301:1},-1,{1:BuffUpgradeData},[],
6038303,,14,-1,-1,-1,{14:0},60383102|1,,,,,-1,-1,-1,,[1],,,,,,,,,-1,0,,-1,,-1,0,-1,,[2],[2],{2:0},-1,{1:BuffUpgradeData},[],
6038304,,14,-1,-1,-1,{14:0},60383104|1,,,,,-1,-1,-1,,[1],,,,,,,,,-1,0,,-1,,-1,0,-1,,[2],[2],{2:0},-1,{1:BuffUpgradeData},[],
6038305,,5,-1,-1,-1,{5:0},53042|2|10000|6000|2|200,,,,,-1,-1,-1,,[1],,,,,,,,,1,0,,-1,,-1,0,-1,,[2],[2],{2:0},-1,{1:BuffUpgradeData},[],
6038401,stun,3,-1,-1,-1,{3:0},,,,,,-1,-1,-1,,,,,,,,,[100001],,-1,0,,-1,,-1,0,-1,,[1|3],[1|3],{1:0|3:1},-1,{1:BuffUpgradeData},[],
6038501,,22,48,19,-1,{22:0|48:1|19:2},1|101,5|300,60385,,,-1,1,-1,,[1],,,,,,,,,-1,0,,-1,,-1,0,-1,,[0],[0],{0:0},-1,{1:BuffUpgradeData},[],
6038502,,52,19,-1,-1,{52:0|19:1},300,0|1|2,,,,-1,-1,-1,,,,,,,,,[1004502],,-1,0,,-1,,-1,0,-1,,[1|12],[1|12],{1:0|12:1},-1,{1:BuffUpgradeData},[],
6038601,,1,-1,-1,-1,{1:0},1|3|-2000,,,,,-1,-1,-1,,,,,,,,,[100003],,-1,0,,5,,1,0,-1,,[1|301|201],[1|301|201],{1:0|301:1|201:2},1000,{1:BuffUpgradeData},[],
6038701,,4,11,-1,-1,{4:0|11:1},3|0|200,1,,,,-1,-1,-1,,,,,,,,,,,-1,0,,-1,,-1,0,-1,,[2],[2],{2:0},-1,{1:BuffUpgradeData},[],
6038702,,52,19,-1,-1,{52:0|19:1},100,0|1|2,,,,-1,-1,-1,,,,,,,,,[1004502],,-1,0,,-1,,-1,0,-1,,[1|12],[1|12],{1:0|12:1},-1,{1:BuffUpgradeData},[],
6038801,skill0,31,3,11,-1,{31:0|3:1|11:2},1|1|0,,1,,,-1,1,-1,,[1],,,,,,,,,1,0,,-1,,-1,0,-1,,[2],[2],{2:0},-1,{1:BuffUpgradeData},[],
6039001,,14,-1,-1,-1,{14:0},60390102|1,,,,,-1,-1,-1,,[1],,,,,,,,,-1,0,,-1,,-1,0,-1,,[2],[2],{2:0},-1,{1:BuffUpgradeData},[],
6039002,,48,-1,-1,-1,{48:0},"103|4000,6|5000",,,,,-1,-1,-1,,[1],,,,,,,,,-1,0,,-1,,-1,0,-1,,[2],[2],{2:0},-1,{1:BuffUpgradeData},[],
6039101,,14,-1,-1,-1,{14:0},60391202|1,,,,,-1,-1,-1,,[1],,,,,,,,,-1,0,,-1,,-1,0,-1,,[2],[2],{2:0},-1,{1:BuffUpgradeData},[],
6039102,,48,-1,-1,-1,{48:0},"103|4000,6|5000",,,,,-1,-1,-1,,[1],,,,,,,,,-1,0,,-1,,-1,0,-1,,[2],[2],{2:0},-1,{1:BuffUpgradeData},[],
6039201,,3,-1,-1,-1,{3:0},,,,,,-1,-1,-1,,,,,,,,,[100001],,-1,0,,-1,,-1,0,-1,,[1|3],[1|3],{1:0|3:1},-1,{1:BuffUpgradeData},[],
6039202,,69,19,-1,-1,{69:0|19:1},50,0|1|2,,,,-1,-1,-1,,,,,,,,,[1005102],,-1,0,,-1,,-1,0,-1,,[1|16],[1|16],{1:0|16:1},-1,{1:BuffUpgradeData},[],
6039203,,14,-1,-1,-1,{14:0},60392202|1,,,,,-1,-1,-1,,[1],,,,,,,,,-1,0,,-1,,-1,0,-1,,[2],[2],{2:0},-1,{1:BuffUpgradeData},[],
6039301,,30,48,-1,-1,{30:0|48:1},-1000,82|5000,,,,-1,-1,-1,,,,0|250,,,,,[1002301],,-1,0,,-1,,-1,0,-1,,[1|301],[1|301],{1:0|301:1},-1,{1:BuffUpgradeData},[],
6039302,,48,-1,-1,-1,{48:0},5|-225,,,,,-1,-1,-1,,,,,,,,,[100011],,-1,0,,-1,,-1,0,-1,,[1|301],[1|301],{1:0|301:1},-1,{1:BuffUpgradeData},[],
6039303,,14,-1,-1,-1,{14:0},60393202|1,,,,,-1,-1,-1,,[1],,,,,,,,,-1,0,,-1,,-1,0,-1,,[2],[2],{2:0},-1,{1:BuffUpgradeData},[],
6039304,,23,-1,-1,-1,{23:0},0|60393203|0|500|2|0|0|0|0|1,,,,,-1,-1,-1,,[1],,,,,,,,,-1,0,,-1,,-1,0,-1,,[2],[2],{2:0},-1,{1:BuffUpgradeData},[],
6039305,,14,-1,-1,-1,{14:0},60393204|1,,,,,-1,-1,-1,,[1],,,,,,,,,-1,0,,-1,,-1,0,-1,,[2],[2],{2:0},-1,{1:BuffUpgradeData},[],
6039306,,23,-1,-1,-1,{23:0},0|60393206|0|500|2|0|0|0|0|1,,,,,-1,-1,-1,,[1],,,,,,,,,-1,0,,-1,,-1,0,-1,,[2],[2],{2:0},-1,{1:BuffUpgradeData},[],
6039401,repel,3,4,-1,-1,{3:0|4:1},,2|1500|100,,,,-1,-1,-1,,,,,,,,,,,1,0,,-1,,-1,0,-1,,[1|8],[1|8],{1:0|8:1},-1,{1:BuffUpgradeData},[],
6039601,,3,-1,-1,-1,{3:0},,,,,,-1,-1,-1,,,,,,,,,[6039602],,-1,0,,-1,,-1,0,-1,,[1|3],[1|3],{1:0|3:1},-1,{1:BuffUpgradeData},[],
6039701,,52,19,-1,-1,{52:0|19:1},100,0|1|2,,,,-1,-1,-1,,,,,,,,,[1004502],,-1,0,,-1,,-1,0,-1,,[1|12],[1|12],{1:0|12:1},-1,{1:BuffUpgradeData},[],
6039702,,14,-1,-1,-1,{14:0},60397202|1,,,,,-1,-1,-1,,[1],,,,,,,,,-1,0,,-1,,-1,0,-1,,[2],[2],{2:0},-1,{1:BuffUpgradeData},[],
6039703,repel,3,4,-1,-1,{3:0|4:1},,4|200|500,,,,-1,-1,-1,,[1],,,,,,,[100001],,1,0,,-1,,-1,0,-1,,[1|8],[1|8],{1:0|8:1},-1,{1:BuffUpgradeData},[],
6039704,,14,-1,-1,-1,{14:0},60397204|1,,,,,-1,-1,-1,,[1],,,,,,,,,-1,0,,-1,,-1,0,-1,,[2],[2],{2:0},-1,{1:BuffUpgradeData},[],
6039801,,4,-1,-1,-1,{4:0},1|4000|100,,,,,-1,-1,-1,,[1],,,,,,,,,-1,0,,-1,,-1,0,-1,,[2],[2],{2:0},-1,{1:BuffUpgradeData},[],
6040501,stun,3,-1,-1,-1,{3:0},,,,,,-1,-1,-1,,,,,,,,,[100001],,1,0,,-1,,-1,0,-1,,[1|3],[1|3],{1:0|3:1},-1,{1:BuffUpgradeData},[],
6040601,,1,-1,-1,-1,{1:0},1|3|-10000,,,,,-1,-1,-1,,,,,,,,,[1002131],,-1,0,,-1,,-1,0,-1,,[1|203|301],[1|203|301],{1:0|203:1|301:2},1000,{1:BuffUpgradeData},[],
6040801,stun,3,-1,-1,-1,{3:0},,,,,,-1,-1,-1,,,,,,,,,[100001],,1,0,,-1,,-1,0,-1,,[1|3],[1|3],{1:0|3:1},-1,{1:BuffUpgradeData},[],
6040802,,4,-1,-1,-1,{4:0},1|750|800,,,,,-1,-1,-1,,,,,,,,,,,-1,0,,-1,,-1,0,-1,,[2],[2],{2:0},-1,{1:BuffUpgradeData},[],
6040901,repel,3,4,-1,-1,{3:0|4:1},,2|2000|100,,,,-1,-1,-1,,,,,,,,,,,1,0,,-1,,-1,0,-1,,[1|8],[1|8],{1:0|8:1},-1,{1:BuffUpgradeData},[],
6040902,,30,-1,-1,-1,{30:0},5000,,,,,-1,-1,-1,,[1],,,,,,,[6040902],,1,0,,-1,,-1,0,-1,,[1|30],[1|30],{1:0|30:1},-1,{1:BuffUpgradeData},[],
6040903,,30,-1,-1,-1,{30:0},9900,,,,,-1,-1,-1,,[1],,,,,,,[6040902],,1,0,,-1,,-1,0,-1,,[1|30],[1|30],{1:0|30:1},-1,{1:BuffUpgradeData},[],
6041001,,4,-1,-1,-1,{4:0},1|2400|300,,,,,-1,-1,-1,,,,,,,,,,,-1,0,,-1,,-1,0,-1,,[2],[2],{2:0},-1,{1:BuffUpgradeData},[],
6041002,,4,-1,-1,-1,{4:0},3|0|500,,,,,-1,-1,-1,,,,,,,,,,,-1,0,,-1,,-1,0,-1,,[2],[2],{2:0},-1,{1:BuffUpgradeData},[],
6041003,,48,22,-1,-1,{48:0|22:1},71|3000,"1|112,4|113,9|114,10|115,11|116,12|117,16|118,17|119,18|120",,,,-1,-1,-1,,[1],,,,,,,,,-1,0,,-1,,-1,0,-1,,[2],[2],{2:0},-1,{1:BuffUpgradeData},[],
6041101,,4,-1,-1,-1,{4:0},1|2400|400,,,,,-1,-1,-1,,,,,,,,,,,-1,0,,-1,,-1,0,-1,,[2],[2],{2:0},-1,{1:BuffUpgradeData},[],
6041102,,52,19,-1,-1,{52:0|19:1},100,0|1|2,,,,-1,-1,-1,,,,,,,,,[1004502],,-1,0,,-1,,-1,0,-1,,[1|12],[1|12],{1:0|12:1},-1,{1:BuffUpgradeData},[],
6041201,,4,-1,-1,-1,{4:0},1|2400|500,,,,,-1,-1,-1,,,,,,,,,,,-1,0,,-1,,-1,0,-1,,[2],[2],{2:0},-1,{1:BuffUpgradeData},[],
6041202,,52,19,-1,-1,{52:0|19:1},100,0|1|2,,,,-1,-1,-1,,,,,,,,,[1004502],,-1,0,,-1,,-1,0,-1,,[1|12],[1|12],{1:0|12:1},-1,{1:BuffUpgradeData},[],
6041203,fly,3,-1,-1,-1,{3:0},,,,,,-1,-1,-1,,,,,,,Effect/Battle/CommonEffect/Fx_XuanYun_Buff,,[100001],,1,0,,-1,,-1,0,-1,,[1|9],[1|9],{1:0|9:1},-1,{1:BuffUpgradeData},[],
6041204,,4,-1,-1,-1,{4:0},3|0|500,,,,,-1,-1,-1,,,,,,,,,,,-1,0,,-1,,-1,0,-1,,[2],[2],{2:0},-1,{1:BuffUpgradeData},[],
6041205,,14,-1,-1,-1,{14:0},60412102|1,,,,,-1,-1,-1,,[2|6041202],,,,,,,,,-1,0,,-1,,-1,0,-1,,[2|6041201],[2|6041201],{2:0|6041201:1},-1,{1:BuffUpgradeData},[],
6041206,,14,7,-1,-1,{14:0|7:1},60412103|1,6041201|0,,,,-1,-1,-1,,[2|6041203],,,,,,,,,-1,0,,-1,,-1,0,-1,,[2|6041202],[2|6041202],{2:0|6041202:1},-1,{1:BuffUpgradeData},[],
6041207,,7,-1,-1,-1,{7:0},6041202|0,,,,,-1,-1,-1,,[1],,,,,,,,,-1,0,,-1,,-1,0,-1,,[2|6041203],[2|6041203],{2:0|6041203:1},-1,{1:BuffUpgradeData},[],
6041208,,48,-1,-1,-1,{48:0},19|5000,,,,,-1,-1,-1,,[1],,,,,,,,,-1,0,,-1,,-1,0,-1,,[2],[2],{2:0},-1,{1:BuffUpgradeData},[],
6041209,,14,-1,-1,-1,{14:0},60412105|1,,,,,-1,-1,-1,,[2|6041205],,,,,,,,,-1,0,,-1,,-1,0,-1,,[2|6041205],[2|6041205],{2:0|6041205:1},-1,{1:BuffUpgradeData},[],
6041210,,14,7,-1,-1,{14:0|7:1},60412106|1,6041205|0,,,,-1,-1,-1,,[2|6041206],,,,,,,,,-1,0,,-1,,-1,0,-1,,[2|6041206],[2|6041206],{2:0|6041206:1},-1,{1:BuffUpgradeData},[],
6041211,,7,-1,-1,-1,{7:0},6041206|0,,,,,-1,-1,-1,,[1],,,,,,,,,-1,0,,-1,,-1,0,-1,,[2|6041207],[2|6041207],{2:0|6041207:1},-1,{1:BuffUpgradeData},[],
6041501,repel,3,4,-1,-1,{3:0|4:1},,2|2000|100,,,,-1,-1,-1,,,,,,,,,,,1,0,,-1,,-1,0,-1,,[1|8],[1|8],{1:0|8:1},-1,{1:BuffUpgradeData},[],
6041502,fly,3,-1,-1,-1,{3:0},,,,,,-1,-1,-1,,,,,,,,,[100001],,1,0,,-1,,-1,0,-1,,[1|9],[1|9],{1:0|9:1},-1,{1:BuffUpgradeData},[],
6041503,skill2,14,19,18,48,{14:0|19:1|18:2|48:3},60415302|1,0|1,,5|100,,-1,-1,-1,,[1],,,,,,,,,-1,0,,-1,,-1,0,-1,,[2],[2],{2:0},-1,{1:BuffUpgradeData},[],
6041504,,14,-1,-1,-1,{14:0},60415402|1,,,,,-1,-1,-1,,[1],,,,,,,,,-1,0,,-1,,-1,0,-1,,[2],[2],{2:0},-1,{1:BuffUpgradeData},[],
6041505,,71,-1,-1,-1,{71:0},6041501|6041502|6041503|6041504|6041505|6041506|6041507|6041508|6041509|6041510|6041511|6041512|6041513|6041514|6041515|6041516|6041517|6041518|6041519|6041520|6041521,,,,,-1,-1,-1,,[1],,,,,,,,,-1,0,,-1,,-1,0,-1,,[2],[2],{2:0},100,{1:BuffUpgradeData},[],
6041801,stun,3,-1,-1,-1,{3:0},,,,,,-1,-1,-1,,[1],,,,,,,,,-1,0,,-1,,-1,0,-1,,[1],[1],{1:0},-1,{1:BuffUpgradeData},[],
6041802,repel,3,4,-1,-1,{3:0|4:1},,4|800|300,,,,-1,-1,-1,,[1],,,,,,,,,1,0,,-1,,-1,0,-1,,[1],[1],{1:0},-1,{1:BuffUpgradeData},[],
6041803,,48,-1,-1,-1,{48:0},6|5000,,,,,-1,-1,-1,,[1],,,,,,,[6041801],,-1,0,,-1,,-1,0,-1,,[2],[2],{2:0},-1,{1:BuffUpgradeData},[],
6041901,,4,-1,-1,-1,{4:0},1|1200|600,,,,,-1,-1,-1,,,,,,,,,,,-1,0,,-1,,-1,0,-1,,[2],[2],{2:0},-1,{1:BuffUpgradeData},[],
6041902,repel,3,4,-1,-1,{3:0|4:1},,4|200|500,,,,-1,-1,-1,,[1],,,,,,,[100001],,1,0,,-1,,-1,0,-1,,[1|8],[1|8],{1:0|8:1},-1,{1:BuffUpgradeData},[],
6042001,stun,3,-1,-1,-1,{3:0},,,,,,-1,-1,-1,,[1],,,,,,,[100001],,-1,0,,-1,,-1,0,-1,,[1],[1],{1:0},-1,{1:BuffUpgradeData},[],
6042002,,26,-1,-1,-1,{26:0},225|500|60420202|3|0|0,,,,,-1,-1,-1,,[1],,,,,,,,,-1,0,,-1,,-1,0,-1,,[2],[2],{2:0},700,{1:BuffUpgradeData},[],
6042003,stun,3,-1,-1,-1,{3:0},,,,,,-1,-1,-1,,[1],,,,,,,[100001],,-1,0,,-1,,-1,0,-1,,[1],[1],{1:0},-1,{1:BuffUpgradeData},[],
6042004,,5,-1,-1,-1,{5:0},53059|2|5000|2000|2|400|60420302,,,,,-1,-1,-1,,[1],,,,,,,,,1,0,,-1,,-1,0,-1,,[2],[2],{2:0},-1,{1:BuffUpgradeData},[],
6042005,,4,-1,-1,-1,{4:0},1|1000|1000,,,,,-1,-1,-1,,,,,,,,,,,-1,0,,-1,,-1,0,-1,,[2],[2],{2:0},-1,{1:BuffUpgradeData},[],
6042006,fly,3,-1,-1,-1,{3:0},,,,,,-1,-1,-1,,,,,,,,,[100001],,1,0,,-1,,-1,0,-1,,[1|9],[1|9],{1:0|9:1},-1,{1:BuffUpgradeData},[],
6042007,,5,-1,-1,-1,{5:0},53059|2|5000|2000|2|400|60420302,,,,,-1,-1,-1,,[1],,,,,,,,,1,0,,-1,,-1,0,-1,,[2],[2],{2:0},-1,{1:BuffUpgradeData},[],
6042101,,1,30,-1,-1,{1:0|30:1},0|4|500,10000,,,,-1,-1,-1,,[1],,,,,,,[6042101],,-1,0,,-1,,-1,0,-1,,[2],[2],{2:0},500,{1:BuffUpgradeData},[],
6042102,,5,-1,-1,-1,{5:0},53058|3|5000|2000|2|400,,,,,-1,-1,-1,,[1],,,,,,,,,1,0,,-1,,-1,0,-1,,[2],[2],{2:0},-1,{1:BuffUpgradeData},[],
6042103,,5,-1,-1,-1,{5:0},53061|3|5000|2000|2|400,,,,,-1,-1,-1,,[1],,,,,,,,,1,0,,-1,,-1,0,-1,,[2],[2],{2:0},-1,{1:BuffUpgradeData},[],
6042201,stun,3,-1,-1,-1,{3:0},,,,,,-1,-1,-1,,,,,,,,,[100001],,-1,0,,-1,,-1,0,-1,,[1],[1],{1:0},-1,{1:BuffUpgradeData},[],
6042202,fly,3,-1,-1,-1,{3:0},,,,,,-1,-1,-1,,,,,,,,,[100001],,1,0,,-1,,-1,0,-1,,[1|9],[1|9],{1:0|9:1},-1,{1:BuffUpgradeData},[],
6042203,,4,-1,-1,-1,{4:0},3|0|600,,,,,-1,-1,-1,,,,,,,,,,,-1,0,,-1,,-1,0,-1,,[2],[2],{2:0},-1,{1:BuffUpgradeData},[],
6042301,fly,3,-1,-1,-1,{3:0},,,,,,-1,-1,-1,,,,,,,,,[100001],,1,0,,-1,,-1,0,-1,,[1|9],[1|9],{1:0|9:1},-1,{1:BuffUpgradeData},[],
6042302,,26,-1,-1,-1,{26:0},225|500|60423302|3|0|0,,,,,-1,-1,-1,,[1],,,,,,,,,-1,0,,-1,,-1,0,-1,,[2],[2],{2:0},700,{1:BuffUpgradeData},[],
6042303,stun,3,-1,-1,-1,{3:0},,,,,,-1,-1,-1,,[1],,,,,,,[100001],,-1,0,,-1,,-1,0,-1,,[1],[1],{1:0},-1,{1:BuffUpgradeData},[],
6042304,,26,-1,-1,-1,{26:0},225|500|60423304|3|0|0,,,,,-1,-1,-1,,[1],,,,,,,,,-1,0,,-1,,-1,0,-1,,[2],[2],{2:0},700,{1:BuffUpgradeData},[],
6042401,,19,14,-1,-1,{19:0|14:1},60424,60424302|1,,,,-1,-1,-1,,[1],,,,,,,,,-1,0,,-1,,-1,0,-1,,[2],[2],{2:0},-1,{1:BuffUpgradeData},[],
6042402,,22,14,-1,-1,{22:0|14:1},"1|121,4|122","60424002|1,60424102|1,60424202|1,60424401|1,60424501|1,60424601|1",,,,-1,-1,-1,,[1],,,,,,,,,-1,0,,-1,,-1,0,-1,,[2],[2],{2:0},-1,{1:BuffUpgradeData},[],
6042501,,4,-1,-1,-1,{4:0},1|1000|1200,,,,,-1,-1,-1,,,,,,,,,,,-1,0,,-1,,-1,0,-1,,[2],[2],{2:0},-1,{1:BuffUpgradeData},[],
6042502,,9,-1,-1,-1,{9:0},1|1|4|1000|4000,,,,,-1,-1,-1,,,,,,,,,[6042501],,-1,0,,-1,,-1,0,-1,,[0|4],[0|4],{0:0|4:1},-1,{1:BuffUpgradeData},[],
6042601,,1,-1,-1,-1,{1:0},1|4|-300,,,,,-1,-1,3,,,,,,,,,[1002131],,-1,0,,-1,,-1,0,-1,,[1|203|301],[1|203|301],{1:0|203:1|301:2},1000,{1:BuffUpgradeData},[],
6042602,,48,-1,-1,-1,{48:0},"5|-120,6|-3000",,,,,-1,-1,-1,,,,,,,,,[100011],,-1,0,,-1,,-1,0,-1,,[1|301],[1|301],{1:0|301:1},-1,{1:BuffUpgradeData},[],
6042603,,26,-1,-1,-1,{26:0},225|500|60426302|3|0|0,,,,,-1,-1,-1,,[1],,,,,,,,,-1,0,,-1,,-1,0,-1,,[2],[2],{2:0},700,{1:BuffUpgradeData},[],
6042604,stun,3,-1,-1,-1,{3:0},,,,,,-1,-1,-1,,[1],,,,,,,[100001],,-1,0,,-1,,-1,0,-1,,[1],[1],{1:0},-1,{1:BuffUpgradeData},[],
6042605,,26,-1,-1,-1,{26:0},225|500|60426304|3|0|0,,,,,-1,-1,-1,,[1],,,,,,,,,-1,0,,-1,,-1,0,-1,,[2],[2],{2:0},700,{1:BuffUpgradeData},[],
6042701,stun,3,-1,-1,-1,{3:0},,,,,,-1,-1,-1,,,,,,,,,[100001],,1,0,,-1,,-1,0,-1,,[1|3],[1|3],{1:0|3:1},-1,{1:BuffUpgradeData},[],
6042702,,4,30,-1,-1,{4:0|30:1},3|0|3600,10000,,,,-1,-1,-1,,,,,,,,,,,-1,0,,-1,,-1,0,-1,,[2],[2],{2:0},-1,{1:BuffUpgradeData},[],
6042801,repel,3,4,-1,-1,{3:0|4:1},,2|2000|100,,,,-1,-1,-1,,,,,,,,,,,1,0,,-1,,-1,0,-1,,[1|8],[1|8],{1:0|8:1},-1,{1:BuffUpgradeData},[],
6042802,,48,-1,-1,-1,{48:0},"5|-120,6|-3000",,,,,-1,-1,-1,,,,,,,,,[100011],,-1,0,,-1,,-1,0,-1,,[1|301],[1|301],{1:0|301:1},-1,{1:BuffUpgradeData},[],
6042803,fly,3,-1,-1,-1,{3:0},,,,,,-1,-1,-1,,,,,,,,,[100001],,1,0,,-1,,-1,0,-1,,[1|9],[1|9],{1:0|9:1},-1,{1:BuffUpgradeData},[],
6042804,,48,22,19,-1,{48:0|22:1|19:2},6|-5000,1|105,60428,,,-1,-1,-1,,[1],,,,,,,,,-1,0,,-1,,-1,0,-1,,[2],[2],{2:0},-1,{1:BuffUpgradeData},[],
6042901,stun,3,-1,-1,-1,{3:0},,,,,,-1,-1,-1,,,,,,,,,[100001],,-1,0,,-1,,-1,0,-1,,[1|3],[1|3],{1:0|3:1},-1,{1:BuffUpgradeData},[],
6043001,,48,-1,-1,-1,{48:0},"5|-120,6|-3000",,,,,-1,-1,-1,,,,,,,,,[100011],,-1,0,,-1,,-1,0,-1,,[1|301],[1|301],{1:0|301:1},-1,{1:BuffUpgradeData},[],
6043002,,14,-1,-1,-1,{14:0},60430202|1,,,,,-1,-1,-1,,[1],,,,,,,,,-1,0,,-1,,-1,0,-1,,[2],[2],{2:0},-1,{1:BuffUpgradeData},[],
6043003,,48,-1,-1,-1,{48:0},83|30000,,,,,-1,1,-1,,[1],,,,,,,,,-1,0,,-1,,-1,0,-1,,[0],[0],{0:0},-1,{1:BuffUpgradeData},[],
6043101,,47,-1,-1,-1,{47:0},"1,60431002|500|3|-1|1|1,60431003|350|3|-1|1|1,60431004|350|3|-1|1|1",,,,,-1,1,-1,,[1],,,,,,,,,-1,0,,-1,,-1,0,-1,,[2],[2],{2:0},-1,{1:BuffUpgradeData},[],
6043102,,-1,-1,-1,-1,{},,,,,,-1,-1,-1,,[1],,,,,,,[6043102],,-1,0,,-1,,-1,0,-1,,[2],[2],{2:0},-1,{1:BuffUpgradeData},[],
6043301,repel,3,4,-1,-1,{3:0|4:1},,1|2000|100,,,,-1,-1,-1,,,,,,,,,,,1,0,,-1,,-1,0,-1,,[1|8],[1|8],{1:0|8:1},-1,{1:BuffUpgradeData},[],
6043302,,10,59,-1,-1,{10:0|59:1},3|7|8|9|11|12|13|15|16|17|18|204|205,,,,,-1,-1,-1,,[1],,,,,,,,,-1,0,,-1,,-1,0,-1,,[2],[2],{2:0},-1,{1:BuffUpgradeData},[],
6043501,,4,-1,-1,-1,{4:0},1|600|1500,,,,,-1,-1,-1,,,,,,,,,,,-1,0,,-1,,-1,0,-1,,[2],[2],{2:0},-1,{1:BuffUpgradeData},[],
6043502,,52,19,-1,-1,{52:0|19:1},100,0|1|2,,,,-1,-1,-1,,,,,,,,,[1004502],,-1,0,,-1,,-1,0,-1,,[1|12],[1|12],{1:0|12:1},-1,{1:BuffUpgradeData},[],
6043601,repel,3,4,-1,-1,{3:0|4:1},,1|2000|100,,,,-1,-1,-1,,,,,,,,,,,1,0,,-1,,-1,0,-1,,[1|8],[1|8],{1:0|8:1},-1,{1:BuffUpgradeData},[],
6043602,,14,-1,-1,-1,{14:0},60436202|1,,,,,-1,-1,-1,,[1],,,,,,,,,-1,0,,-1,,-1,0,-1,,[2],[2],{2:0},-1,{1:BuffUpgradeData},[],
6043603,,48,16,-1,-1,{48:0|16:1},15|2000,1000,,,,-1,1,-1,,[1],,,,,,,,,-1,0,,3,,1,0,-1,,[0],[0],{0:0},-1,{1:BuffUpgradeData},[],
6043701,,31,-1,-1,-1,{31:0},1|1|1,,,,,-1,-1,-1,,[1],,,,,,,,,-1,0,,-1,,-1,0,-1,,[0],[0],{0:0},-1,{1:BuffUpgradeData},[],
6043702,,48,-1,-1,-1,{48:0},5|300,,,,,-1,-1,-1,,[1],,,,,,,[6043701],,-1,0,,-1,,-1,0,-1,,[2],[2],{2:0},-1,{1:BuffUpgradeData},[],
6043901,fly,3,-1,-1,-1,{3:0},,,,,,-1,-1,-1,,,,,,,,,[100001],,1,0,,-1,,-1,0,-1,,[1|9],[1|9],{1:0|9:1},-1,{1:BuffUpgradeData},[],
6044001,fly,3,-1,-1,-1,{3:0},,,,,,-1,-1,-1,,,,,,,,,[100001],,1,0,,-1,,-1,0,-1,,[1|9],[1|9],{1:0|9:1},-1,{1:BuffUpgradeData},[],
6044002,,48,-1,-1,-1,{48:0},"5|-120,6|-3000",,,,,-1,-1,-1,,,,,,,,,[100011],,-1,0,,-1,,-1,0,-1,,[1|301],[1|301],{1:0|301:1},-1,{1:BuffUpgradeData},[],
6044401,,48,-1,-1,-1,{48:0},6|5000,,,,,-1,1,-1,,[1],,,,,,,,,-1,0,,-1,,-1,0,-1,,[0],[0],{0:0},-1,{1:BuffUpgradeData},[],
6044501,stun,3,-1,-1,-1,{3:0},,,,,,-1,-1,-1,,[1],,,,,,,,,-1,0,,-1,,-1,0,-1,,[1],[1],{1:0},-1,{1:BuffUpgradeData},[],
6044502,repel,3,4,-1,-1,{3:0|4:1},,4|800|300,,,,-1,-1,-1,,[1],,,,,,,,,1,0,,-1,,-1,0,-1,,[1],[1],{1:0},-1,{1:BuffUpgradeData},[],
6044601,stun,3,-1,-1,-1,{3:0},,,,,,-1,-1,-1,,,,,,,,,[100001],,-1,0,,-1,,-1,0,-1,,[1|3],[1|3],{1:0|3:1},-1,{1:BuffUpgradeData},[],
6044801,,22,48,-1,-1,{22:0|48:1},1|101,5|300,,,,-1,1,-1,,[1],,,,,,,,,-1,0,,-1,,-1,0,-1,,[0],[0],{0:0},-1,{1:BuffUpgradeData},[],
6044802,stun,3,-1,-1,-1,{3:0},,,,,,-1,-1,-1,,,,,,,,,[100001],,-1,0,,-1,,-1,0,-1,,[1|3],[1|3],{1:0|3:1},-1,{1:BuffUpgradeData},[],
6044901,fly,3,-1,-1,-1,{3:0},,,,,,-1,-1,-1,,,,,,,,,[100001],,1,0,,-1,,-1,0,-1,,[1|9],[1|9],{1:0|9:1},-1,{1:BuffUpgradeData},[],
6045001,,9,-1,-1,-1,{9:0},1|1|4|1000|4000,,,,,-1,-1,-1,,,,,,,,,[6045001],,-1,0,,-1,,-1,0,-1,,[0|4],[0|4],{0:0|4:1},-1,{1:BuffUpgradeData},[],
6045101,,48,-1,-1,-1,{48:0},"5|-120,6|-3000",,,,,-1,-1,-1,,,,,,,,,[6045101],,-1,0,,-1,,-1,0,-1,,[1|301],[1|301],{1:0|301:1},-1,{1:BuffUpgradeData},[],
6045201,,48,-1,-1,-1,{48:0},"5|-120,6|-3000",,,,,-1,-1,-1,,,,,,,,,[100011],,-1,0,,-1,,-1,0,-1,,[1|301],[1|301],{1:0|301:1},-1,{1:BuffUpgradeData},[],
6045202,idle,3,-1,-1,-1,{3:0},,,,,,-1,-1,-1,,,,,,,,,[100001],,-1,0,,-1,,-1,0,-1,,[1],[1],{1:0},-1,{1:BuffUpgradeData},[],
6045301,,52,19,-1,-1,{52:0|19:1},100,0|1|2,,,,-1,-1,-1,,,,,,,,,[1004502],,-1,0,,-1,,-1,0,-1,,[1|12],[1|12],{1:0|12:1},-1,{1:BuffUpgradeData},[],
6045302,,14,-1,-1,-1,{14:0},60453202|1,,,,,-1,-1,-1,,[1],,,,,,,,,-1,0,,-1,,-1,0,-1,,[2],[2],{2:0},-1,{1:BuffUpgradeData},[],
6045303,,30,-1,-1,-1,{30:0},9000,,,,,-1,-1,-1,,[1],,,,,,,,,-1,0,,-1,,-1,0,-1,,[0],[0],{0:0},-1,{1:BuffUpgradeData},[],
6045304,stun,3,-1,-1,-1,{3:0},,,,,,-1,-1,-1,,,,,,,,,[100001],,-1,0,,-1,,-1,0,-1,,[1|3],[1|3],{1:0|3:1},-1,{1:BuffUpgradeData},[],
6045501,stun,3,-1,-1,-1,{3:0},,,,,,-1,-1,-1,,,,,,,,,[100001],,-1,0,,-1,,-1,0,-1,,[1|3],[1|3],{1:0|3:1},-1,{1:BuffUpgradeData},[],
6045502,,5,-1,-1,-1,{5:0},53062|3|5000|2000|2|400,,,,,-1,-1,-1,,[1],,,,,,,,,1,0,,-1,,-1,0,-1,,[2],[2],{2:0},-1,{1:BuffUpgradeData},[],
6045601,repel,3,4,-1,-1,{3:0|4:1},,2|2000|100,,,,-1,-1,-1,,,,,,,,,,,1,0,,-1,,-1,0,-1,,[1|8],[1|8],{1:0|8:1},-1,{1:BuffUpgradeData},[],
6045602,,26,-1,-1,-1,{26:0},200|500|60456202|3|0|0,,,,,-1,-1,-1,,[1],,,,,,,,,-1,0,,-1,,-1,0,-1,,[2],[2],{2:0},200,{1:BuffUpgradeData},[],
6045603,,4,-1,-1,-1,{4:0},1|800|1400,,,,,-1,-1,-1,,,,,,,,,,,-1,0,,-1,,-1,0,-1,,[2],[2],{2:0},-1,{1:BuffUpgradeData},[],
6045701,,5,-1,-1,-1,{5:0},53063|2|5000|2000|2|400,,,,,-1,-1,-1,,[1],,,,,,,,,1,0,,-1,,-1,0,-1,,[2],[2],{2:0},-1,{1:BuffUpgradeData},[],
6045702,,5,-1,-1,-1,{5:0},53064|2|5000|2000|2|400,,,,,-1,-1,-1,,[1],,,,,,,,,1,0,,-1,,-1,0,-1,,[2],[2],{2:0},-1,{1:BuffUpgradeData},[],
6046001,,26,-1,-1,-1,{26:0},225|500|60460202|2|0|0,,,,,-1,-1,-1,,[1],,,,,,,,,-1,0,,-1,,-1,0,-1,,[2],[2],{2:0},700,{1:BuffUpgradeData},[],
6046002,,5,-1,-1,-1,{5:0},53065|2|8000|3000|2|400,,,,,-1,-1,-1,,[1],,,,,,,,,1,0,,-1,,-1,0,-1,,[2],[2],{2:0},-1,{1:BuffUpgradeData},[],
6046003,,5,-1,-1,-1,{5:0},53066|2|8000|3000|2|400,,,,,-1,-1,-1,,[1],,,,,,,,,1,0,,-1,,-1,0,-1,,[2],[2],{2:0},-1,{1:BuffUpgradeData},[],
6046004,stun,3,-1,-1,-1,{3:0},,,,,,-1,-1,-1,,[1],,,,,,,[100001],,-1,0,,-1,,-1,0,-1,,[1],[1],{1:0},-1,{1:BuffUpgradeData},[],
7002201,stun,3,-1,-1,-1,{3:0},,,,,,-1,-1,-1,,,,,,,Effect/Battle/CommonEffect/Fx_XuanYun_Buff,,[100001],,-1,0,,-1,,-1,0,-1,,[1|3],[1|3],{1:0|3:1},-1,{1:BuffUpgradeData},[],
7002301,,4,-1,-1,-1,{4:0},1|6000|100,,,,,-1,-1,-1,,,,,,,,,,,-1,0,,-1,,-1,0,-1,,,[],{},-1,{1:BuffUpgradeData},[],
7002302,,4,6,-1,-1,{4:0|6:1},1|6000|100,0|70023101|-4000,,,,-1,-1,-1,,,,,,,,,,,-1,0,,-1,,-1,0,-1,,[2],[2],{2:0},-1,{1:BuffUpgradeData},[],
7002303,stun,3,-1,-1,-1,{3:0},,,,,,-1,-1,-1,,,,,,,Effect/Battle/CommonEffect/Fx_XuanYun_Buff,,[100001],,-1,0,,-1,,-1,0,-1,,[1|3],[1|3],{1:0|3:1},-1,{1:BuffUpgradeData},[],
7002401,,26,-1,-1,-1,{26:0},400|500|70024102|3|0|0,,,,,-1,-1,-1,,[1],,,,,,,,,-1,0,,-1,,-1,0,-1,,[2],[2],{2:0},500,{1:BuffUpgradeData},[],
7002402,,4,-1,-1,-1,{4:0},4|200|1000,,,,,-1,-1,-1,,,,,,,,,,,-1,0,,-1,,-1,0,-1,,[2],[2],{2:0},-1,{1:BuffUpgradeData},[],
7002403,,48,20,-1,-1,{48:0|20:1},5|-75,1|3|7002404,,,,-1,-1,-1,,,,,,,,,,,-1,0,,3,,1,0,-1,,[1|70024|301],[1|70024|301],{1:0|70024:1|301:2},-1,{1:BuffUpgradeData},[],
7002404,,3,30,7,27,{3:0|30:1|7:2|27:3},,-10000,70024|0,0,,-1,-1,-1,,,,,,,,,[100002],,-1,0,,-1,,-1,0,-1,,[1|7],[1|7],{1:0|7:1},-1,{1:BuffUpgradeData},[],
7002601,fly,3,-1,-1,-1,{3:0},,,,,,-1,-1,-1,,,,,,,Effect/Battle/CommonEffect/Fx_XuanYun_Buff,,[100001],,1,0,,-1,,-1,0,-1,,[1|9],[1|9],{1:0|9:1},-1,{1:BuffUpgradeData},[],
7002602,,4,-1,-1,-1,{4:0},3|0|300,,,,,-1,-1,-1,,,,,,,,,,,-1,0,,-1,,-1,0,-1,,[2],[2],{2:0},-1,{1:BuffUpgradeData},[],
7002603,,48,-1,-1,-1,{48:0},"6|10000,5|200",,,,,-1,-1,-1,,,,,,,,,,,-1,0,,-1,,-1,0,-1,,[2],[2],{2:0},-1,{1:BuffUpgradeData},[],
7002604,,30,-1,-1,-1,{30:0},-1000,,,,,-1,-1,-1,,,,,,,,,[1002301],,-1,0,,-1,,-1,0,-1,,[1|301],[1|301],{1:0|301:1},-1,{1:BuffUpgradeData},[],
7002801,,3,-1,-1,-1,{3:0},,,,,,-1,-1,-1,,,,,,,Effect/Battle/CommonEffect/Fx_XuanYun_Buff,,[100001],,-1,0,,-1,,-1,0,-1,,[1|3],[1|3],{1:0|3:1},-1,{1:BuffUpgradeData},[],
7002802,repel,3,4,-1,-1,{3:0|4:1},,2|2000|100,,,,-1,-1,-1,,,,,,,,,,,1,0,,-1,,-1,0,-1,,[1|8],[1|8],{1:0|8:1},-1,{1:BuffUpgradeData},[],
7002803,,48,16,-1,-1,{48:0|16:1},6|10000,2000,,,,-1,1,-1,,[1],,,,,,,,,-1,0,,-1,,-1,0,-1,,[0],[0],{0:0},-1,{1:BuffUpgradeData},[],
7002901,fly,1,-1,-1,-1,{1:0},0|4|500,,,,,-1,-1,-1,,,,,,,Effect/Battle/CommonEffect/Fx_XuanYun_Buff,,[100001],,1,0,,-1,,-1,0,-1,,[2],[2],{2:0},600,{1:BuffUpgradeData},[],
7002902,,5,-1,-1,-1,{5:0},53004|3|5000|3000|2|300,,,,,-1,-1,-1,,,,,,,,,,,-1,0,,-1,,-1,0,-1,,[2],[2],{2:0},-1,{1:BuffUpgradeData},[],
7002903,,5,-1,-1,-1,{5:0},53004|3|5000|3000|2|400,,,,,-1,-1,-1,,,,,,,,,,,-1,0,,-1,,-1,0,-1,,[2],[2],{2:0},-1,{1:BuffUpgradeData},[],
7002904,fly,3,-1,-1,-1,{3:0},,,,,,-1,-1,-1,,,,,,,Effect/Battle/CommonEffect/Fx_XuanYun_Buff,,[100001],,1,0,,-1,,-1,0,-1,,[1|9],[1|9],{1:0|9:1},-1,{1:BuffUpgradeData},[],
7002905,fly,3,4,-1,-1,{3:0|4:1},,2|500|700,,,,-1,-1,-1,,,,,,,Effect/Battle/CommonEffect/Fx_XuanYun_Buff,,[100001],,1,0,,-1,,-1,0,-1,,[1|9],[1|9],{1:0|9:1},-1,{1:BuffUpgradeData},[],
7002906,,14,-1,-1,-1,{14:0},70029303|1,,,,,-1,-1,-1,,[1],,,,,,,,,-1,0,,-1,,-1,0,-1,,[2],[2],{2:0},-1,{1:BuffUpgradeData},[],
7002907,,4,-1,-1,-1,{4:0},3|0|300,,,,,-1,-1,-1,,,,,,,,,,,-1,0,,-1,,-1,0,-1,,[2],[2],{2:0},-1,{1:BuffUpgradeData},[],
7002908,fly,48,-1,-1,-1,{48:0},5|-225,,,,,-1,-1,-1,,,,,,,,,[100011],,1,0,,-1,,-1,0,-1,,[1|301],[1|301],{1:0|301:1},-1,{1:BuffUpgradeData},[],
7002909,,14,-1,-1,-1,{14:0},70029304|1,,,,,-1,-1,-1,,[1],,,,,,,,,-1,0,,-1,,-1,0,-1,,[2],[2],{2:0},-1,{1:BuffUpgradeData},[],
7002910,,14,-1,-1,-1,{14:0},70029305|1,,,,,-1,-1,-1,,[1],,,,,,,,,-1,0,,-1,,-1,0,-1,,[2],[2],{2:0},-1,{1:BuffUpgradeData},[],
7002911,,4,-1,-1,-1,{4:0},3|0|300,,,,,-1,-1,-1,,,,,,,,,,,-1,0,,-1,,-1,0,-1,,[2],[2],{2:0},-1,{1:BuffUpgradeData},[],
7003701,,26,-1,-1,-1,{26:0},225|500|70037102|3|0|0,,,,,-1,-1,-1,,,,,,,,,,,-1,0,,-1,,-1,0,-1,,[2],[2],{2:0},700,{1:BuffUpgradeData},[],
7003702,fly,3,-1,-1,-1,{3:0},,,,,,-1,-1,-1,,,,,,,Effect/Battle/CommonEffect/Fx_XuanYun_Buff,,[100001],,1,0,,-1,,-1,0,-1,,[1|9],[1|9],{1:0|9:1},-1,{1:BuffUpgradeData},[],
7003703,,5,-1,-1,-1,{5:0},53006|1|5000|2000|2|500,,,,,-1,-1,-1,,,,,,,,,,,-1,0,,-1,,-1,0,-1,,[2],[2],{2:0},-1,{1:BuffUpgradeData},[],
7101401,,48,16,-1,-1,{48:0|16:1},6|10000,1500,,,,-1,-1,-1,,,,,,,Effect/Battle/Fighter_Skill2,,[1001601],,-1,0,,2,,1,0,-1,,,[],{},-1,{1:BuffUpgradeData},[],
7101601,,48,16,-1,-1,{48:0|16:1},103|3000,1000,,,,-1,-1,-1,,,,,,,Effect/Battle/WilderHunter_Skill2_SF,,[1002321],,-1,0,,5,,1,0,-1,,,[],{},-1,{1:BuffUpgradeData},[],
7101801,,48,-1,-1,-1,{48:0},103|1500,,,,,-1,-1,-1,,,,,,,Effect/Battle/Fx_FireMage_Skill1,,[1002521],,-1,0,,-1,,-1,0,-1,,[0|4],[0|4],{0:0|4:1},-1,{1:BuffUpgradeData},[],
7101901,,5,-1,-1,-1,{5:0},53013|4|10000|1500|2|450|30001002|0|0|1,,,,,-1,1,-1,,[1],,,,,,,,,-1,0,,-1,,-1,0,-1,,[2],[2],{2:0},-1,{1:BuffUpgradeData},[],
7003301,,48,-1,-1,-1,{48:0},"6|10000,15|2500",,,,,-1,1,-1,,[1],,,,,,,,,-1,0,,-1,,-1,0,-1,,[0],[0],{0:0},-1,{1:BuffUpgradeData},[],
7104101,,22,48,-1,-1,{22:0|48:1},1|101,5|300,,,,-1,1,-1,,[1],,,,,,,,,-1,0,,-1,,-1,0,-1,,[0],[0],{0:0},-1,{1:BuffUpgradeData},[],
7104102,,48,-1,-1,-1,{48:0},5|50,,,,,-1,1,-1,,[1],,,,,,,[100009],,-1,0,,-1,,-1,0,-1,,[0],[0],{0:0},-1,{1:BuffUpgradeData},[],
7104103,,26,-1,-1,-1,{26:0},225|700|71041204|2|0|0,,,,,-1,-1,-1,,,,,,,,,,,-1,0,,-1,,-1,0,-1,,[2],[2],{2:0},600,{1:BuffUpgradeData},[],
7104104,,26,-1,-1,-1,{26:0},225|700|71041205|2|0|0,,,,,-1,-1,-1,,,,,,,,,,,-1,0,,-1,,-1,0,-1,,[2],[2],{2:0},600,{1:BuffUpgradeData},[],
7104105,,26,-1,-1,-1,{26:0},225|700|71041206|2|0|0,,,,,-1,-1,-1,,,,,,,,,,,-1,0,,-1,,-1,0,-1,,[2],[2],{2:0},600,{1:BuffUpgradeData},[],
7104106,stun,3,-1,-1,-1,{3:0},,,,,,-1,-1,-1,,,,,,,,,[100012],,-1,0,,-1,,-1,0,-1,,[1|3],[1|3],{1:0|3:1},-1,{1:BuffUpgradeData},[],
7104107,,26,-1,-1,-1,{26:0},225|700|71041214|2|0|0,,,,,-1,-1,-1,,,,,,,,,,,-1,0,,-1,,-1,0,-1,,[2],[2],{2:0},600,{1:BuffUpgradeData},[],
7104108,,26,-1,-1,-1,{26:0},225|700|71041215|2|0|0,,,,,-1,-1,-1,,,,,,,,,,,-1,0,,-1,,-1,0,-1,,[2],[2],{2:0},600,{1:BuffUpgradeData},[],
7104109,,26,-1,-1,-1,{26:0},225|700|71041216|2|0|0,,,,,-1,-1,-1,,,,,,,,,,,-1,0,,-1,,-1,0,-1,,[2],[2],{2:0},600,{1:BuffUpgradeData},[],
7104301,,26,-1,-1,-1,{26:0},150|300|71043202|1|0|1,,,,,-1,-1,-1,,,,,,,,,,,-1,0,,-1,,-1,0,-1,,[1|3],[1|3],{1:0|3:1},300,{1:BuffUpgradeData},[],
7104302,stun,3,-1,-1,-1,{3:0},,,,,,-1,-1,-1,,,,,,,,,[100001],,-1,0,,-1,,-1,0,-1,,[1|3],[1|3],{1:0|3:1},-1,{1:BuffUpgradeData},[],
8300101,,48,-1,-1,-1,{48:0},103|500,,,,,-1,-1,-1,,[1],,,,,,,,,-1,0,,-1,,-1,0,-1,,[0],[0],{0:0},-1,{1:BuffUpgradeData},[],
8300102,,48,-1,-1,-1,{48:0},103|800,,,,,-1,-1,-1,,[1],,,,,,,,,-1,0,,-1,,-1,0,-1,,[0],[0],{0:0},-1,{1:BuffUpgradeData},[],
8300103,,48,-1,-1,-1,{48:0},103|1500,,,,,-1,-1,-1,,[1],,,,,,,,,-1,0,,-1,,-1,0,-1,,[0],[0],{0:0},-1,{1:BuffUpgradeData},[],
8300110,,7,-1,-1,-1,{7:0},83001|0,,,,,-1,-1,-1,,[1],,,,,,,,,-1,0,,-1,,-1,0,-1,,[2|8300101],[2|8300101],{2:0|8300101:1},-1,{1:BuffUpgradeData},[],
8300111,,30,1,-1,-1,{30:0|1:1},1000,2|4|100,,,,-1,-1,-1,,[2|8300101],,,,,,,,,-1,0,,-1,,-1,0,-1,,[0|83001],[0|83001],{0:0|83001:1},1000,{1:BuffUpgradeData},[],
8300112,,30,1,-1,-1,{30:0|1:1},1000,2|4|150,,,,-1,-1,-1,,[2|8300101],,,,,,,,,-1,0,,-1,,-1,0,-1,,[0|83001],[0|83001],{0:0|83001:1},1000,{1:BuffUpgradeData},[],
8300113,,30,1,-1,-1,{30:0|1:1},1000,2|4|250,,,,-1,-1,-1,,[2|8300101],,,,,,,,,-1,0,,-1,,-1,0,-1,,[0|83001],[0|83001],{0:0|83001:1},1000,{1:BuffUpgradeData},[],
8300121,,48,16,-1,-1,{48:0|16:1},"8|600,10|1000",1000,,,,-1,1,-1,,[1],,,,,,,,,-1,0,,-1,,-1,0,-1,,[0],[0],{0:0},-1,{1:BuffUpgradeData},[],
8300122,,48,16,-1,-1,{48:0|16:1},"8|1000,10|1600",1000,,,,-1,1,-1,,[1],,,,,,,,,-1,0,,-1,,-1,0,-1,,[0],[0],{0:0},-1,{1:BuffUpgradeData},[],
8300201,,48,-1,-1,-1,{48:0},103|-500,,,,,-1,-1,-1,,,,,,,,,,,-1,0,,-1,,-1,0,-1,,[1|301],[1|301],{1:0|301:1},-1,{1:BuffUpgradeData},[],
8300202,,48,-1,-1,-1,{48:0},103|-800,,,,,-1,-1,-1,,,,,,,,,,,-1,0,,-1,,-1,0,-1,,[1|301],[1|301],{1:0|301:1},-1,{1:BuffUpgradeData},[],
8300203,,48,-1,-1,-1,{48:0},103|-1500,,,,,-1,-1,-1,,,,,,,,,,,-1,0,,-1,,-1,0,-1,,[1|301],[1|301],{1:0|301:1},-1,{1:BuffUpgradeData},[],
8300210,,7,-1,-1,-1,{7:0},83002|0,,,,,-1,-1,-1,,[1],,,,,,,,,-1,0,,-1,,-1,0,-1,,[2|8300201],[2|8300201],{2:0|8300201:1},-1,{1:BuffUpgradeData},[],
8300211,,48,-1,-1,-1,{48:0},26|1250,,,,,-1,-1,-1,,[2|8300201],,,,,,,,,-1,0,,-1,,-1,0,-1,,[0|83002],[0|83002],{0:0|83002:1},-1,{1:BuffUpgradeData},[],
8300212,,48,-1,-1,-1,{48:0},13|200,,,,,-1,1,-1,,[1],,,,,,,,,-1,0,,-1,,-1,0,-1,,[0],[0],{0:0},-1,{1:BuffUpgradeData},[],
8300213,,48,-1,-1,-1,{48:0},13|300,,,,,-1,1,-1,,[1],,,,,,,,,-1,0,,-1,,-1,0,-1,,[0],[0],{0:0},-1,{1:BuffUpgradeData},[],
8300214,,48,-1,-1,-1,{48:0},13|500,,,,,-1,1,-1,,[1],,,,,,,,,-1,0,,-1,,-1,0,-1,,[0],[0],{0:0},-1,{1:BuffUpgradeData},[],
8300221,,48,16,-1,-1,{48:0|16:1},"13|500,5|50",1000,,,,-1,1,-1,,[1],,,,,,,,,-1,0,,-1,,-1,0,-1,,[0],[0],{0:0},-1,{1:BuffUpgradeData},[],
8300222,,48,16,-1,-1,{48:0|16:1},"13|750,5|75",1000,,,,-1,1,-1,,[1],,,,,,,,,-1,0,,-1,,-1,0,-1,,[0],[0],{0:0},-1,{1:BuffUpgradeData},[],
8300301,,30,-1,-1,-1,{30:0},250,,,,,-1,-1,-1,,[1],,,,,,,,,-1,0,,-1,,-1,0,-1,,[0],[0],{0:0},-1,{1:BuffUpgradeData},[],
8300302,,30,-1,-1,-1,{30:0},400,,,,,-1,-1,-1,,[1],,,,,,,,,-1,0,,-1,,-1,0,-1,,[0],[0],{0:0},-1,{1:BuffUpgradeData},[],
8300303,,30,-1,-1,-1,{30:0},750,,,,,-1,-1,-1,,[1],,,,,,,,,-1,0,,-1,,-1,0,-1,,[0],[0],{0:0},-1,{1:BuffUpgradeData},[],
8300310,,7,-1,-1,-1,{7:0},83003|0,,,,,-1,-1,-1,,[1],,,,,,,,,-1,0,,-1,,-1,0,-1,,[2|8300301],[2|8300301],{2:0|8300301:1},-1,{1:BuffUpgradeData},[],
8300311,,48,-1,-1,-1,{48:0},21|1250,,,,,-1,-1,-1,,[2|8300301],,,,,,,,,-1,0,,-1,,-1,0,-1,,[0|83003],[0|83003],{0:0|83003:1},-1,{1:BuffUpgradeData},[],
8300312,,9,-1,-1,-1,{9:0},1|0|4|500|4000,,,,,-1,1,-1,,,,,,,,,,,-1,0,,-1,,-1,0,-1,,[0|4],[0|4],{0:0|4:1},-1,{1:BuffUpgradeData},[],
8300313,,9,-1,-1,-1,{9:0},1|0|4|750|4000,,,,,-1,1,-1,,,,,,,,,,,-1,0,,-1,,-1,0,-1,,[0|4],[0|4],{0:0|4:1},-1,{1:BuffUpgradeData},[],
8300314,,9,-1,-1,-1,{9:0},1|0|4|1250|4000,,,,,-1,1,-1,,,,,,,,,,,-1,0,,-1,,-1,0,-1,,[0|4],[0|4],{0:0|4:1},-1,{1:BuffUpgradeData},[],
8300321,,48,16,-1,-1,{48:0|16:1},"6|1800,25|600",1000,,,,-1,1,-1,,[1],,,,,,,,,-1,0,,-1,,-1,0,-1,,[0],[0],{0:0},-1,{1:BuffUpgradeData},[],
8300322,,48,16,-1,-1,{48:0|16:1},"6|3000,25|1000",1000,,,,-1,1,-1,,[1],,,,,,,,,-1,0,,-1,,-1,0,-1,,[0],[0],{0:0},-1,{1:BuffUpgradeData},[],
8400100,,20,-1,-1,-1,{20:0},1|4|8400105,,,,,-1,-1,-1,,[2|8400101|84001],,,,,,,,,-1,0,,4,,1,0,-1,,[2|8400102],[2|8400102],{2:0|8400102:1},-1,{1:BuffUpgradeData},[],
8400101,,14,7,-1,-1,{14:0|7:1},84001102|1,8400102|0,,,,-1,-1,-1,,[2|8400101],,,,,,,,,-1,0,,-1,,-1,0,-1,,[0|84001],[0|84001],{0:0|84001:1},-1,{1:BuffUpgradeData},[],
8400102,,14,7,-1,-1,{14:0|7:1},84001102|2,8400102|0,,,,-1,-1,-1,,[2|8400101],,,,,,,,,-1,0,,-1,,-1,0,-1,,[0|84001],[0|84001],{0:0|84001:1},-1,{1:BuffUpgradeData},[],
8400103,,14,7,-1,-1,{14:0|7:1},84001102|3,8400102|0,,,,-1,-1,-1,,[2|8400101],,,,,,,,,-1,0,,-1,,-1,0,-1,,[0|84001],[0|84001],{0:0|84001:1},-1,{1:BuffUpgradeData},[],
8400104,,14,7,-1,-1,{14:0|7:1},84001102|4,8400102|0,,,,-1,-1,-1,,[2|8400101],,,,,,,,,-1,0,,-1,,-1,0,-1,,[0|84001],[0|84001],{0:0|84001:1},-1,{1:BuffUpgradeData},[],
8400105,,7,-1,-1,-1,{7:0},84001|0,,,,,-1,-1,-1,,[1],,,,,,,,,-1,0,,-1,,-1,0,-1,,[2|8400101],[2|8400101],{2:0|8400101:1},-1,{1:BuffUpgradeData},[],
8400110,,7,-1,-1,-1,{7:0},84001|0,,,,,-1,-1,-1,,[1],,,,,,,,,-1,0,,-1,,-1,0,-1,,[2|8400103],[2|8400103],{2:0|8400103:1},-1,{1:BuffUpgradeData},[],
8400111,,48,-1,-1,-1,{48:0},71|600,,,,,-1,-1,-1,,[2|8400103],,,,,,,,,-1,0,,6,,1,0,-1,,[0|84001],[0|84001],{0:0|84001:1},-1,{1:BuffUpgradeData},[],
8400112,,48,-1,-1,-1,{48:0},71|700,,,,,-1,-1,-1,,[2|8400103],,,,,,,,,-1,0,,6,,1,0,-1,,[0|84001],[0|84001],{0:0|84001:1},-1,{1:BuffUpgradeData},[],
8400113,,48,-1,-1,-1,{48:0},71|900,,,,,-1,-1,-1,,[2|8400103],,,,,,,,,-1,0,,6,,1,0,-1,,[0|84001],[0|84001],{0:0|84001:1},-1,{1:BuffUpgradeData},[],
8400114,,48,-1,-1,-1,{48:0},71|1300,,,,,-1,-1,-1,,[2|8400103],,,,,,,,,-1,0,,8,,1,0,-1,,[0|84001],[0|84001],{0:0|84001:1},-1,{1:BuffUpgradeData},[],
8400121,,20,-1,-1,-1,{20:0},1|1|8400131|0|1|6,,,,,-1,-1,-1,,[1],,,,,,,,,-1,0,,-1,,-1,0,-1,,[2],[2],{2:0},-1,{1:BuffUpgradeData},[],
8400122,,20,-1,-1,-1,{20:0},1|1|8400132|0|1|6,,,,,-1,-1,-1,,[1],,,,,,,,,-1,0,,-1,,-1,0,-1,,[2],[2],{2:0},-1,{1:BuffUpgradeData},[],
8400123,,20,-1,-1,-1,{20:0},1|1|8400133|0|1|6,,,,,-1,-1,-1,,[1],,,,,,,,,-1,0,,-1,,-1,0,-1,,[2],[2],{2:0},-1,{1:BuffUpgradeData},[],
8400131,,48,-1,-1,-1,{48:0},"34|-400,20|-200",,,,,-1,-1,-1,,[1],,,,,,,[84001301],,-1,0,,6,,1,0,-1,,[1],[1],{1:0},-1,{1:BuffUpgradeData},[],
8400132,,48,-1,-1,-1,{48:0},"34|-500,20|-300",,,,,-1,-1,-1,,[1],,,,,,,[84001301],,-1,0,,6,,1,0,-1,,[1],[1],{1:0},-1,{1:BuffUpgradeData},[],
8400133,,48,-1,-1,-1,{48:0},"34|-800,20|-600",,,,,-1,-1,-1,,[1],,,,,,,[84001301],,-1,0,,6,,1,0,-1,,[1],[1],{1:0},-1,{1:BuffUpgradeData},[],
8400200,,7,-1,-1,-1,{7:0},84002|0,,,,,-1,-1,-1,,[1],,,,,,,,,-1,0,,-1,,-1,0,-1,,[2|8400201],[2|8400201],{2:0|8400201:1},-1,{1:BuffUpgradeData},[],
8400201,,48,54,-1,-1,{48:0|54:1},71|500,6003|500,,,,-1,-1,-1,,[2|8400201],,,,,,,,,-1,0,,-1,,-1,0,-1,,[0|84002],[0|84002],{0:0|84002:1},-1,{1:BuffUpgradeData},[],
8400202,,48,54,-1,-1,{48:0|54:1},71|800,6003|600,,,,-1,-1,-1,,[2|8400201],,,,,,,,,-1,0,,-1,,-1,0,-1,,[0|84002],[0|84002],{0:0|84002:1},-1,{1:BuffUpgradeData},[],
8400203,,48,54,-1,-1,{48:0|54:1},71|1300,6003|700,,,,-1,-1,-1,,[2|8400201],,,,,,,,,-1,0,,-1,,-1,0,-1,,[0|84002],[0|84002],{0:0|84002:1},-1,{1:BuffUpgradeData},[],
8400204,,48,54,-1,-1,{48:0|54:1},71|2000,6003|1000,,,,-1,-1,-1,,[2|8400201],,,,,,,,,-1,0,,-1,,-1,0,-1,,[0|84002],[0|84002],{0:0|84002:1},-1,{1:BuffUpgradeData},[],
8400210,,20,-1,-1,-1,{20:0},2|0|8400214,,,,,-1,-1,-1,,[1],,,,,,,,,-1,0,,-1,,-1,0,-1,,[2],[2],{2:0},1000,{1:BuffUpgradeData},[],
8400211,,48,30,-1,-1,{48:0|30:1},71|200,100,,,,-1,-1,-1,,[2|8400203],,,,,,,[84002301],,-1,0,,10,,1,0,-1,,[0|84002],[0|84002],{0:0|84002:1},-1,{1:BuffUpgradeData},[],
8400212,,48,30,-1,-1,{48:0|30:1},71|250,200,,,,-1,-1,-1,,[2|8400203],,,,,,,[84002301],,-1,0,,12,,1,0,-1,,[0|84002],[0|84002],{0:0|84002:1},-1,{1:BuffUpgradeData},[],
8400213,,48,30,-1,-1,{48:0|30:1},71|400,300,,,,-1,-1,-1,,[2|8400203],,,,,,,[84002301],,-1,0,,14,,1,0,-1,,[0|84002],[0|84002],{0:0|84002:1},-1,{1:BuffUpgradeData},[],
8400214,,7,-1,-1,-1,{7:0},84002|1,,,,,-1,-1,-1,,[1],,,,,,,,,-1,0,,-1,,-1,0,-1,,[2|8400203],[2|8400203],{2:0|8400203:1},-1,{1:BuffUpgradeData},[],
8400220,,30,-1,-1,-1,{30:0},-500,,,,,-1,-1,-1,,,,,,,,,,,-1,0,,-1,,3,0,-1,,[1|301],[1|301],{1:0|301:1},-1,{1:BuffUpgradeData},[],
8400301,,14,48,-1,-1,{14:0|48:1},84003102|1,11|1500,,,,-1,-1,-1,,[1],,,,,,,,,-1,0,,-1,,-1,0,-1,,[0],[0],{0:0},-1,{1:BuffUpgradeData},[],
8400302,,14,48,-1,-1,{14:0|48:1},84003102|2,11|1800,,,,-1,-1,-1,,[1],,,,,,,,,-1,0,,-1,,-1,0,-1,,[0],[0],{0:0},-1,{1:BuffUpgradeData},[],
8400303,,14,48,-1,-1,{14:0|48:1},84003102|3,11|2300,,,,-1,-1,-1,,[1],,,,,,,,,-1,0,,-1,,-1,0,-1,,[0],[0],{0:0},-1,{1:BuffUpgradeData},[],
8400304,,14,48,-1,-1,{14:0|48:1},84003102|4,11|3000,,,,-1,-1,-1,,[1],,,,,,,,,-1,0,,-1,,-1,0,-1,,[0],[0],{0:0},-1,{1:BuffUpgradeData},[],
8400310,,7,-1,-1,-1,{7:0},84003|0,,,,,-1,-1,-1,,[1],,,,,,,,,-1,0,,-1,,-1,0,-1,,[2|8400301],[2|8400301],{2:0|8400301:1},-1,{1:BuffUpgradeData},[],
8400311,,48,-1,-1,-1,{48:0},"89|1000,56|2000",,,,,-1,-1,-1,,[2|8400301],,,,,,,,,-1,0,,6,,1,0,-1,,[0|84003],[0|84003],{0:0|84003:1},-1,{1:BuffUpgradeData},[],
8400312,,48,-1,-1,-1,{48:0},"89|1200,56|2500",,,,,-1,-1,-1,,[2|8400301],,,,,,,,,-1,0,,6,,1,0,-1,,[0|84003],[0|84003],{0:0|84003:1},-1,{1:BuffUpgradeData},[],
8400313,,48,-1,-1,-1,{48:0},"89|1600,56|3500",,,,,-1,-1,-1,,[2|8400301],,,,,,,,,-1,0,,6,,1,0,-1,,[0|84003],[0|84003],{0:0|84003:1},-1,{1:BuffUpgradeData},[],
8400314,,48,-1,-1,-1,{48:0},"89|2200,56|5000",,,,,-1,-1,-1,,[2|8400301],,,,,,,,,-1,0,,8,,1,0,-1,,[0|84003],[0|84003],{0:0|84003:1},-1,{1:BuffUpgradeData},[],
8400320,,20,-1,-1,-1,{20:0},1|1|8400324|0|3|6,,,,,-1,-1,-1,,[1],,,,,,,,,-1,0,,-1,,-1,0,-1,,[2],[2],{2:0},-1,{1:BuffUpgradeData},[],
8400324,,-1,-1,-1,-1,{},,,,,,-1,1,-1,,[1],,,,,,,,,-1,0,,6,,1,0,-1,,[2|8400303],[2|8400303],{2:0|8400303:1},-1,{1:BuffUpgradeData},[],
8400321,,48,40,-1,-1,{48:0|40:1},103|1000,1|1000|8400302|1|8400303,,,,-1,-1,-1,,[1],,,,,,,[84003301],,-1,0,,-1,,-1,0,-1,,[1|3|8400302],[1|3|8400302],{1:0|3:1|8400302:2},-1,{1:BuffUpgradeData},[],
8400322,,48,40,-1,-1,{48:0|40:1},103|1400,1|1000|8400302|1|8400303,,,,-1,-1,-1,,[1],,,,,,,[84003301],,-1,0,,-1,,-1,0,-1,,[1|3|8400302],[1|3|8400302],{1:0|3:1|8400302:2},-1,{1:BuffUpgradeData},[],
8400323,,48,40,-1,-1,{48:0|40:1},103|2000,1|1000|8400302|1|8400303,,,,-1,-1,-1,,[1],,,,,,,[84003301],,-1,0,,-1,,-1,0,-1,,[1|3|8400302],[1|3|8400302],{1:0|3:1|8400302:2},-1,{1:BuffUpgradeData},[],
8400401,,48,-1,-1,-1,{48:0},"85|1000,87|2000",,,,,-1,-1,-1,,[1],,,,,,,,,-1,0,,-1,,-1,0,-1,,[0],[0],{0:0},-1,{1:BuffUpgradeData},[],
8400402,,48,-1,-1,-1,{48:0},"85|1000,87|2400",,,,,-1,-1,-1,,[1],,,,,,,,,-1,0,,-1,,-1,0,-1,,[0],[0],{0:0},-1,{1:BuffUpgradeData},[],
8400403,,48,-1,-1,-1,{48:0},"85|1000,87|3000",,,,,-1,-1,-1,,[1],,,,,,,,,-1,0,,-1,,-1,0,-1,,[0],[0],{0:0},-1,{1:BuffUpgradeData},[],
8400404,,48,-1,-1,-1,{48:0},"85|1500,87|3000",,,,,-1,-1,-1,,[1],,,,,,,,,-1,0,,-1,,-1,0,-1,,[0],[0],{0:0},-1,{1:BuffUpgradeData},[],
8400411,,48,-1,-1,-1,{48:0},71|600,,,,,-1,-1,-1,,[1],,,,,,,,,-1,0,,6,,1,0,-1,,[0],[0],{0:0},-1,{1:BuffUpgradeData},[],
8400412,,48,-1,-1,-1,{48:0},71|700,,,,,-1,-1,-1,,[1],,,,,,,,,-1,0,,6,,1,0,-1,,[0],[0],{0:0},-1,{1:BuffUpgradeData},[],
8400413,,48,-1,-1,-1,{48:0},71|900,,,,,-1,-1,-1,,[1],,,,,,,,,-1,0,,6,,1,0,-1,,[0],[0],{0:0},-1,{1:BuffUpgradeData},[],
8400414,,48,-1,-1,-1,{48:0},71|1300,,,,,-1,-1,-1,,[1],,,,,,,,,-1,0,,8,,1,0,-1,,[0],[0],{0:0},-1,{1:BuffUpgradeData},[],
8400421,,20,-1,-1,-1,{20:0},1|1|8400431|0|1|6,,,,,-1,-1,-1,,[1],,,,,,,,,-1,0,,-1,,-1,0,-1,,[2],[2],{2:0},-1,{1:BuffUpgradeData},[],
8400422,,20,-1,-1,-1,{20:0},1|1|8400432|0|1|6,,,,,-1,-1,-1,,[1],,,,,,,,,-1,0,,-1,,-1,0,-1,,[2],[2],{2:0},-1,{1:BuffUpgradeData},[],
8400423,,20,-1,-1,-1,{20:0},1|1|8400433|0|1|6,,,,,-1,-1,-1,,[1],,,,,,,,,-1,0,,-1,,-1,0,-1,,[2],[2],{2:0},-1,{1:BuffUpgradeData},[],
8400431,,48,-1,-1,-1,{48:0},"34|-400,20|-200",,,,,-1,-1,-1,,[1],,,,,,,[84004301],,-1,0,,6,,1,0,-1,,[1],[1],{1:0},-1,{1:BuffUpgradeData},[],
8400432,,48,-1,-1,-1,{48:0},"34|-500,20|-300",,,,,-1,-1,-1,,[1],,,,,,,[84004301],,-1,0,,6,,1,0,-1,,[1],[1],{1:0},-1,{1:BuffUpgradeData},[],
8400433,,48,-1,-1,-1,{48:0},"34|-800,20|-600",,,,,-1,-1,-1,,[1],,,,,,,[84004301],,-1,0,,6,,1,0,-1,,[1],[1],{1:0},-1,{1:BuffUpgradeData},[],
8400501,,48,-1,-1,-1,{48:0},8|-1000,,,,,-1,-1,-1,,,,,,,,,,,-1,0,,-1,,-1,0,-1,,[1|301],[1|301],{1:0|301:1},-1,{1:BuffUpgradeData},[],
8400502,,48,-1,-1,-1,{48:0},8|-1200,,,,,-1,-1,-1,,,,,,,,,,,-1,0,,-1,,-1,0,-1,,[1|301],[1|301],{1:0|301:1},-1,{1:BuffUpgradeData},[],
8400503,,48,-1,-1,-1,{48:0},8|-1500,,,,,-1,-1,-1,,,,,,,,,,,-1,0,,-1,,-1,0,-1,,[1|301],[1|301],{1:0|301:1},-1,{1:BuffUpgradeData},[],
8400504,,48,-1,-1,-1,{48:0},8|-2000,,,,,-1,-1,-1,,,,,,,,,,,-1,0,,-1,,-1,0,-1,,[1|301],[1|301],{1:0|301:1},-1,{1:BuffUpgradeData},[],
8400511,,48,-1,-1,-1,{48:0},"89|1000,56|2000",,,,,-1,-1,-1,,[1],,,,,,,,,-1,0,,6,,1,0,-1,,[0],[0],{0:0},-1,{1:BuffUpgradeData},[],
8400512,,48,-1,-1,-1,{48:0},"89|1200,56|2500",,,,,-1,-1,-1,,[1],,,,,,,,,-1,0,,6,,1,0,-1,,[0],[0],{0:0},-1,{1:BuffUpgradeData},[],
8400513,,48,-1,-1,-1,{48:0},"89|1600,56|3500",,,,,-1,-1,-1,,[1],,,,,,,,,-1,0,,6,,1,0,-1,,[0],[0],{0:0},-1,{1:BuffUpgradeData},[],
8400514,,48,-1,-1,-1,{48:0},"89|2200,56|5000",,,,,-1,-1,-1,,[1],,,,,,,,,-1,0,,8,,1,0,-1,,[0],[0],{0:0},-1,{1:BuffUpgradeData},[],
8400520,,20,-1,-1,-1,{20:0},1|1|8400524|0|3|6,,,,,-1,-1,-1,,[1],,,,,,,,,-1,0,,-1,,-1,0,-1,,[2],[2],{2:0},-1,{1:BuffUpgradeData},[],
8400524,,-1,-1,-1,-1,{},,,,,,-1,1,-1,,[1],,,,,,,,,-1,0,,6,,1,0,-1,,[2|8400503],[2|8400503],{2:0|8400503:1},-1,{1:BuffUpgradeData},[],
8400521,,48,40,-1,-1,{48:0|40:1},103|1000,1|1000|8400502|1|8400503,,,,-1,-1,-1,,[1],,,,,,,[84005301],,-1,0,,-1,,-1,0,-1,,[1|3|8400502],[1|3|8400502],{1:0|3:1|8400502:2},-1,{1:BuffUpgradeData},[],
8400522,,48,40,-1,-1,{48:0|40:1},103|1400,1|1000|8400502|1|8400503,,,,-1,-1,-1,,[1],,,,,,,[84005301],,-1,0,,-1,,-1,0,-1,,[1|3|8400502],[1|3|8400502],{1:0|3:1|8400502:2},-1,{1:BuffUpgradeData},[],
8400523,,48,40,-1,-1,{48:0|40:1},103|2000,1|1000|8400502|1|8400503,,,,-1,-1,-1,,[1],,,,,,,[84005301],,-1,0,,-1,,-1,0,-1,,[1|3|8400502],[1|3|8400502],{1:0|3:1|8400502:2},-1,{1:BuffUpgradeData},[],
8400601,,48,-1,-1,-1,{48:0},"6|-2000,5|-15",,,,,-1,-1,-1,,,,,,,,,[100011],,-1,0,,-1,,-1,0,-1,,[1|301],[1|301],{1:0|301:1},-1,{1:BuffUpgradeData},[],
8400602,,48,-1,-1,-1,{48:0},"6|-2400,5|-15",,,,,-1,-1,-1,,,,,,,,,[100011],,-1,0,,-1,,-1,0,-1,,[1|301],[1|301],{1:0|301:1},-1,{1:BuffUpgradeData},[],
8400603,,48,-1,-1,-1,{48:0},"6|-3000,5|-15",,,,,-1,-1,-1,,,,,,,,,[100011],,-1,0,,-1,,-1,0,-1,,[1|301],[1|301],{1:0|301:1},-1,{1:BuffUpgradeData},[],
8400604,,48,-1,-1,-1,{48:0},"6|-4000,5|-15",,,,,-1,-1,-1,,,,,,,,,[100011],,-1,0,,-1,,-1,0,-1,,[1|301],[1|301],{1:0|301:1},-1,{1:BuffUpgradeData},[],
8400611,,48,-1,-1,-1,{48:0},"89|1000,56|2000",,,,,-1,-1,-1,,[1],,,,,,,,,-1,0,,6,,1,0,-1,,[0],[0],{0:0},-1,{1:BuffUpgradeData},[],
8400612,,48,-1,-1,-1,{48:0},"89|1200,56|2500",,,,,-1,-1,-1,,[1],,,,,,,,,-1,0,,6,,1,0,-1,,[0],[0],{0:0},-1,{1:BuffUpgradeData},[],
8400613,,48,-1,-1,-1,{48:0},"89|1600,56|3500",,,,,-1,-1,-1,,[1],,,,,,,,,-1,0,,6,,1,0,-1,,[0],[0],{0:0},-1,{1:BuffUpgradeData},[],
8400614,,48,-1,-1,-1,{48:0},"89|2200,56|5000",,,,,-1,-1,-1,,[1],,,,,,,,,-1,0,,8,,1,0,-1,,[0],[0],{0:0},-1,{1:BuffUpgradeData},[],
8400620,,20,-1,-1,-1,{20:0},1|1|8400624|0|3|6,,,,,-1,-1,-1,,[1],,,,,,,,,-1,0,,-1,,-1,0,-1,,[2],[2],{2:0},-1,{1:BuffUpgradeData},[],
8400624,,-1,-1,-1,-1,{},,,,,,-1,1,-1,,[1],,,,,,,,,-1,0,,6,,1,0,-1,,[2|8400603],[2|8400603],{2:0|8400603:1},-1,{1:BuffUpgradeData},[],
8400621,,48,40,-1,-1,{48:0|40:1},103|1000,1|1000|8400602|1|8400603,,,,-1,-1,-1,,[1],,,,,,,[84006301],,-1,0,,-1,,-1,0,-1,,[1|3|8400602],[1|3|8400602],{1:0|3:1|8400602:2},-1,{1:BuffUpgradeData},[],
8400622,,48,40,-1,-1,{48:0|40:1},103|1400,1|1000|8400602|1|8400603,,,,-1,-1,-1,,[1],,,,,,,[84006301],,-1,0,,-1,,-1,0,-1,,[1|3|8400602],[1|3|8400602],{1:0|3:1|8400602:2},-1,{1:BuffUpgradeData},[],
8400623,,48,40,-1,-1,{48:0|40:1},103|2000,1|1000|8400602|1|8400603,,,,-1,-1,-1,,[1],,,,,,,[84006301],,-1,0,,-1,,-1,0,-1,,[1|3|8400602],[1|3|8400602],{1:0|3:1|8400602:2},-1,{1:BuffUpgradeData},[],
8400701,,48,54,-1,-1,{48:0|54:1},71|500,6003|500,,,,-1,-1,-1,,[1],,,,,,,,,-1,0,,-1,,-1,0,-1,,[0],[0],{0:0},-1,{1:BuffUpgradeData},[],
8400702,,48,54,-1,-1,{48:0|54:1},71|800,6003|600,,,,-1,-1,-1,,[1],,,,,,,,,-1,0,,-1,,-1,0,-1,,[0],[0],{0:0},-1,{1:BuffUpgradeData},[],
8400703,,48,54,-1,-1,{48:0|54:1},71|1300,6003|700,,,,-1,-1,-1,,[1],,,,,,,,,-1,0,,-1,,-1,0,-1,,[0],[0],{0:0},-1,{1:BuffUpgradeData},[],
8400704,,48,54,-1,-1,{48:0|54:1},71|2000,6003|1000,,,,-1,-1,-1,,[1],,,,,,,,,-1,0,,-1,,-1,0,-1,,[0],[0],{0:0},-1,{1:BuffUpgradeData},[],
8400710,,20,-1,-1,-1,{20:0},2|0|8400714,,,,,-1,-1,-1,,[1],,,,,,,,,-1,0,,-1,,-1,0,-1,,[2],[2],{2:0},1000,{1:BuffUpgradeData},[],
8400711,,48,30,-1,-1,{48:0|30:1},71|200,100,,,,-1,-1,-1,,[2|8400701],,,,,,,[84007301],,-1,0,,10,,1,0,-1,,[0|84007],[0|84007],{0:0|84007:1},-1,{1:BuffUpgradeData},[],
8400712,,48,30,-1,-1,{48:0|30:1},71|250,200,,,,-1,-1,-1,,[2|8400701],,,,,,,[84007301],,-1,0,,12,,1,0,-1,,[0|84007],[0|84007],{0:0|84007:1},-1,{1:BuffUpgradeData},[],
8400713,,48,30,-1,-1,{48:0|30:1},71|400,300,,,,-1,-1,-1,,[2|8400701],,,,,,,[84007301],,-1,0,,14,,1,0,-1,,[0|84007],[0|84007],{0:0|84007:1},-1,{1:BuffUpgradeData},[],
8400714,,7,-1,-1,-1,{7:0},84007|1,,,,,-1,-1,-1,,[1],,,,,,,,,-1,0,,-1,,-1,0,-1,,[2|8400701],[2|8400701],{2:0|8400701:1},-1,{1:BuffUpgradeData},[],
8400720,,1,-1,-1,-1,{1:0},1|3|-3000,,,,,-1,-1,-1,,,,,,,,,[100003],,-1,0,,5,,1,0,-1,,[1|201|301],[1|201|301],{1:0|201:1|301:2},1000,{1:BuffUpgradeData},[],
8400721,,30,-1,-1,-1,{30:0},-600,,,,,-1,-1,-1,,,,,,,,,,,-1,0,,-1,,-1,0,-1,,[1|301],[1|301],{1:0|301:1},-1,{1:BuffUpgradeData},[],
8400722,,30,-1,-1,-1,{30:0},-700,,,,,-1,-1,-1,,,,,,,,,,,-1,0,,-1,,-1,0,-1,,[1|301],[1|301],{1:0|301:1},-1,{1:BuffUpgradeData},[],
8400723,,30,-1,-1,-1,{30:0},-900,,,,,-1,-1,-1,,,,,,,,,,,-1,0,,-1,,-1,0,-1,,[1|301],[1|301],{1:0|301:1},-1,{1:BuffUpgradeData},[],
8400724,,30,-1,-1,-1,{30:0},-1200,,,,,-1,-1,-1,,,,,,,,,,,-1,0,,-1,,-1,0,-1,,[1|301],[1|301],{1:0|301:1},-1,{1:BuffUpgradeData},[],
8400801,,48,-1,-1,-1,{48:0},122|-500|-2000|0,,,,,-1,-1,-1,,,,,,,,,,,-1,0,,-1,,-1,0,-1,,[1|301],[1|301],{1:0|301:1},-1,{1:BuffUpgradeData},[],
8400802,,48,-1,-1,-1,{48:0},122|-700|-2800|0,,,,,-1,-1,-1,,,,,,,,,,,-1,0,,-1,,-1,0,-1,,[1|301],[1|301],{1:0|301:1},-1,{1:BuffUpgradeData},[],
8400803,,48,-1,-1,-1,{48:0},122|-1000|-4000|0,,,,,-1,-1,-1,,,,,,,,,,,-1,0,,-1,,-1,0,-1,,[1|301],[1|301],{1:0|301:1},-1,{1:BuffUpgradeData},[],
8400804,,48,-1,-1,-1,{48:0},122|-1500|-6000|0,,,,,-1,-1,-1,,,,,,,,,,,-1,0,,-1,,-1,0,-1,,[1|301],[1|301],{1:0|301:1},-1,{1:BuffUpgradeData},[],
8400811,,48,-1,-1,-1,{48:0},"89|1000,56|2000",,,,,-1,-1,-1,,[1],,,,,,,,,-1,0,,6,,1,0,-1,,[0],[0],{0:0},-1,{1:BuffUpgradeData},[],
8400812,,48,-1,-1,-1,{48:0},"89|1200,56|2500",,,,,-1,-1,-1,,[1],,,,,,,,,-1,0,,6,,1,0,-1,,[0],[0],{0:0},-1,{1:BuffUpgradeData},[],
8400813,,48,-1,-1,-1,{48:0},"89|1600,56|3500",,,,,-1,-1,-1,,[1],,,,,,,,,-1,0,,6,,1,0,-1,,[0],[0],{0:0},-1,{1:BuffUpgradeData},[],
8400814,,48,-1,-1,-1,{48:0},"89|2200,56|5000",,,,,-1,-1,-1,,[1],,,,,,,,,-1,0,,8,,1,0,-1,,[0],[0],{0:0},-1,{1:BuffUpgradeData},[],
8400820,,20,-1,-1,-1,{20:0},1|1|8400824|0|3|6,,,,,-1,-1,-1,,[1],,,,,,,,,-1,0,,-1,,-1,0,-1,,[2],[2],{2:0},-1,{1:BuffUpgradeData},[],
8400824,,-1,-1,-1,-1,{},,,,,,-1,1,-1,,[1],,,,,,,,,-1,0,,6,,1,0,-1,,[2|8400803],[2|8400803],{2:0|8400803:1},-1,{1:BuffUpgradeData},[],
8400821,,48,40,-1,-1,{48:0|40:1},103|1000,1|1000|8400802|1|8400803,,,,-1,-1,-1,,[1],,,,,,,[84008301],,-1,0,,-1,,-1,0,-1,,[1|3|8400802],[1|3|8400802],{1:0|3:1|8400802:2},-1,{1:BuffUpgradeData},[],
8400822,,48,40,-1,-1,{48:0|40:1},103|1400,1|1000|8400802|1|8400803,,,,-1,-1,-1,,[1],,,,,,,[84008301],,-1,0,,-1,,-1,0,-1,,[1|3|8400802],[1|3|8400802],{1:0|3:1|8400802:2},-1,{1:BuffUpgradeData},[],
8400823,,48,40,-1,-1,{48:0|40:1},103|2000,1|1000|8400802|1|8400803,,,,-1,-1,-1,,[1],,,,,,,[84008301],,-1,0,,-1,,-1,0,-1,,[1|3|8400802],[1|3|8400802],{1:0|3:1|8400802:2},-1,{1:BuffUpgradeData},[],
8400901,,48,54,-1,-1,{48:0|54:1},71|500,6003|500,,,,-1,-1,-1,,[1],,,,,,,,,-1,0,,-1,,-1,0,-1,,[0],[0],{0:0},-1,{1:BuffUpgradeData},[],
8400902,,48,54,-1,-1,{48:0|54:1},71|800,6003|600,,,,-1,-1,-1,,[1],,,,,,,,,-1,0,,-1,,-1,0,-1,,[0],[0],{0:0},-1,{1:BuffUpgradeData},[],
8400903,,48,54,-1,-1,{48:0|54:1},71|1300,6003|700,,,,-1,-1,-1,,[1],,,,,,,,,-1,0,,-1,,-1,0,-1,,[0],[0],{0:0},-1,{1:BuffUpgradeData},[],
8400904,,48,54,-1,-1,{48:0|54:1},71|2000,6003|1000,,,,-1,-1,-1,,[1],,,,,,,,,-1,0,,-1,,-1,0,-1,,[0],[0],{0:0},-1,{1:BuffUpgradeData},[],
8400910,,20,-1,-1,-1,{20:0},2|0|8400914,,,,,-1,-1,-1,,[1],,,,,,,,,-1,0,,-1,,-1,0,-1,,[2],[2],{2:0},1000,{1:BuffUpgradeData},[],
8400911,,48,30,-1,-1,{48:0|30:1},71|200,100,,,,-1,-1,-1,,[2|8400901],,,,,,,[84009301],,-1,0,,10,,1,0,-1,,[0|84009],[0|84009],{0:0|84009:1},-1,{1:BuffUpgradeData},[],
8400912,,48,30,-1,-1,{48:0|30:1},71|250,200,,,,-1,-1,-1,,[2|8400901],,,,,,,[84009301],,-1,0,,12,,1,0,-1,,[0|84009],[0|84009],{0:0|84009:1},-1,{1:BuffUpgradeData},[],
8400913,,48,30,-1,-1,{48:0|30:1},71|400,300,,,,-1,-1,-1,,[2|8400901],,,,,,,[84009301],,-1,0,,14,,1,0,-1,,[0|84009],[0|84009],{0:0|84009:1},-1,{1:BuffUpgradeData},[],
8400914,,7,-1,-1,-1,{7:0},84009|1,,,,,-1,-1,-1,,[1],,,,,,,,,-1,0,,-1,,-1,0,-1,,[2|8400901],[2|8400901],{2:0|8400901:1},-1,{1:BuffUpgradeData},[],
8400921,,43,-1,-1,-1,{43:0},-600,,,,,-1,-1,-1,,,,,,,,,,,-1,0,,-1,,-1,0,-1,,[1|301],[1|301],{1:0|301:1},-1,{1:BuffUpgradeData},[],
8400922,,43,-1,-1,-1,{43:0},-700,,,,,-1,-1,-1,,,,,,,,,,,-1,0,,-1,,-1,0,-1,,[1|301],[1|301],{1:0|301:1},-1,{1:BuffUpgradeData},[],
8400923,,43,-1,-1,-1,{43:0},-900,,,,,-1,-1,-1,,,,,,,,,,,-1,0,,-1,,-1,0,-1,,[1|301],[1|301],{1:0|301:1},-1,{1:BuffUpgradeData},[],
8400924,,43,-1,-1,-1,{43:0},-1200,,,,,-1,-1,-1,,,,,,,,,,,-1,0,,-1,,-1,0,-1,,[1|301],[1|301],{1:0|301:1},-1,{1:BuffUpgradeData},[],
8401001,,48,14,-1,-1,{48:0|14:1},26|600,84010100|1,,,,-1,-1,-1,,[1],,,,,,,[8401001],,-1,0,,-1,,-1,0,-1,,[0],[0],{0:0},-1,{1:BuffUpgradeData},[],
8401002,,48,14,-1,-1,{48:0|14:1},26|700,84010100|1,,,,-1,-1,-1,,[1],,,,,,,[8401001],,-1,0,,-1,,-1,0,-1,,[0],[0],{0:0},-1,{1:BuffUpgradeData},[],
8401003,,48,14,-1,-1,{48:0|14:1},26|900,84010100|1,,,,-1,-1,-1,,[1],,,,,,,[8401001],,-1,0,,-1,,-1,0,-1,,[0],[0],{0:0},-1,{1:BuffUpgradeData},[],
8401004,,48,14,-1,-1,{48:0|14:1},26|1200,84010100|1,,,,-1,-1,-1,,[1],,,,,,,[8401001],,-1,0,,-1,,-1,0,-1,,[0],[0],{0:0},-1,{1:BuffUpgradeData},[],
8401011,,48,-1,-1,-1,{48:0},71|600,,,,,-1,-1,-1,,[1],,,,,,,,,-1,0,,6,,1,0,-1,,[0],[0],{0:0},-1,{1:BuffUpgradeData},[],
8401012,,48,-1,-1,-1,{48:0},71|700,,,,,-1,-1,-1,,[1],,,,,,,,,-1,0,,6,,1,0,-1,,[0],[0],{0:0},-1,{1:BuffUpgradeData},[],
8401013,,48,-1,-1,-1,{48:0},71|900,,,,,-1,-1,-1,,[1],,,,,,,,,-1,0,,6,,1,0,-1,,[0],[0],{0:0},-1,{1:BuffUpgradeData},[],
8401014,,48,-1,-1,-1,{48:0},71|1300,,,,,-1,-1,-1,,[1],,,,,,,,,-1,0,,8,,1,0,-1,,[0],[0],{0:0},-1,{1:BuffUpgradeData},[],
8401021,,20,-1,-1,-1,{20:0},1|1|8401031|0|1|6,,,,,-1,-1,-1,,[1],,,,,,,,,-1,0,,-1,,-1,0,-1,,[2],[2],{2:0},-1,{1:BuffUpgradeData},[],
8401022,,20,-1,-1,-1,{20:0},1|1|8401032|0|1|6,,,,,-1,-1,-1,,[1],,,,,,,,,-1,0,,-1,,-1,0,-1,,[2],[2],{2:0},-1,{1:BuffUpgradeData},[],
8401023,,20,-1,-1,-1,{20:0},1|1|8401033|0|1|6,,,,,-1,-1,-1,,[1],,,,,,,,,-1,0,,-1,,-1,0,-1,,[2],[2],{2:0},-1,{1:BuffUpgradeData},[],
8401031,,48,-1,-1,-1,{48:0},"34|-400,20|-200",,,,,-1,-1,-1,,[1],,,,,,,[84010301],,-1,0,,6,,1,0,-1,,[1],[1],{1:0},-1,{1:BuffUpgradeData},[],
8401032,,48,-1,-1,-1,{48:0},"34|-500,20|-300",,,,,-1,-1,-1,,[1],,,,,,,[84010301],,-1,0,,6,,1,0,-1,,[1],[1],{1:0},-1,{1:BuffUpgradeData},[],
8401033,,48,-1,-1,-1,{48:0},"34|-800,20|-600",,,,,-1,-1,-1,,[1],,,,,,,[84010301],,-1,0,,6,,1,0,-1,,[1],[1],{1:0},-1,{1:BuffUpgradeData},[],
8401101,,48,-1,-1,-1,{48:0},103|-1200,,,,,-1,-1,-1,,,,,,,,,[8401101],,-1,0,,-1,,-1,0,-1,,[1|301],[1|301],{1:0|301:1},-1,{1:BuffUpgradeData},[],
8401102,,48,-1,-1,-1,{48:0},103|-1400,,,,,-1,-1,-1,,,,,,,,,[8401101],,-1,0,,-1,,-1,0,-1,,[1|301],[1|301],{1:0|301:1},-1,{1:BuffUpgradeData},[],
8401103,,48,-1,-1,-1,{48:0},103|-1800,,,,,-1,-1,-1,,,,,,,,,[8401101],,-1,0,,-1,,-1,0,-1,,[1|301],[1|301],{1:0|301:1},-1,{1:BuffUpgradeData},[],
8401104,,48,-1,-1,-1,{48:0},103|-2400,,,,,-1,-1,-1,,,,,,,,,[8401101],,-1,0,,-1,,-1,0,-1,,[1|301],[1|301],{1:0|301:1},-1,{1:BuffUpgradeData},[],
8401111,,48,-1,-1,-1,{48:0},71|600,,,,,-1,-1,-1,,[1],,,,,,,,,-1,0,,6,,1,0,-1,,[0],[0],{0:0},-1,{1:BuffUpgradeData},[],
8401112,,48,-1,-1,-1,{48:0},71|700,,,,,-1,-1,-1,,[1],,,,,,,,,-1,0,,6,,1,0,-1,,[0],[0],{0:0},-1,{1:BuffUpgradeData},[],
8401113,,48,-1,-1,-1,{48:0},71|900,,,,,-1,-1,-1,,[1],,,,,,,,,-1,0,,6,,1,0,-1,,[0],[0],{0:0},-1,{1:BuffUpgradeData},[],
8401114,,48,-1,-1,-1,{48:0},71|1300,,,,,-1,-1,-1,,[1],,,,,,,,,-1,0,,8,,1,0,-1,,[0],[0],{0:0},-1,{1:BuffUpgradeData},[],
8401121,,20,-1,-1,-1,{20:0},1|1|8401131|0|1|6,,,,,-1,-1,-1,,[1],,,,,,,,,-1,0,,-1,,-1,0,-1,,[2],[2],{2:0},-1,{1:BuffUpgradeData},[],
8401122,,20,-1,-1,-1,{20:0},1|1|8401132|0|1|6,,,,,-1,-1,-1,,[1],,,,,,,,,-1,0,,-1,,-1,0,-1,,[2],[2],{2:0},-1,{1:BuffUpgradeData},[],
8401123,,20,-1,-1,-1,{20:0},1|1|8401133|0|1|6,,,,,-1,-1,-1,,[1],,,,,,,,,-1,0,,-1,,-1,0,-1,,[2],[2],{2:0},-1,{1:BuffUpgradeData},[],
8401131,,48,-1,-1,-1,{48:0},"34|-400,20|-200",,,,,-1,-1,-1,,[1],,,,,,,[84011301],,-1,0,,6,,1,0,-1,,[1],[1],{1:0},-1,{1:BuffUpgradeData},[],
8401132,,48,-1,-1,-1,{48:0},"34|-500,20|-300",,,,,-1,-1,-1,,[1],,,,,,,[84011301],,-1,0,,6,,1,0,-1,,[1],[1],{1:0},-1,{1:BuffUpgradeData},[],
8401133,,48,-1,-1,-1,{48:0},"34|-800,20|-600",,,,,-1,-1,-1,,[1],,,,,,,[84011301],,-1,0,,6,,1,0,-1,,[1],[1],{1:0},-1,{1:BuffUpgradeData},[],
8401201,,48,54,-1,-1,{48:0|54:1},71|500,6003|500,,,,-1,-1,-1,,[1],,,,,,,,,-1,0,,-1,,-1,0,-1,,[0],[0],{0:0},-1,{1:BuffUpgradeData},[],
8401202,,48,54,-1,-1,{48:0|54:1},71|800,6003|600,,,,-1,-1,-1,,[1],,,,,,,,,-1,0,,-1,,-1,0,-1,,[0],[0],{0:0},-1,{1:BuffUpgradeData},[],
8401203,,48,54,-1,-1,{48:0|54:1},71|1300,6003|700,,,,-1,-1,-1,,[1],,,,,,,,,-1,0,,-1,,-1,0,-1,,[0],[0],{0:0},-1,{1:BuffUpgradeData},[],
8401204,,48,54,-1,-1,{48:0|54:1},71|2000,6003|1000,,,,-1,-1,-1,,[1],,,,,,,,,-1,0,,-1,,-1,0,-1,,[0],[0],{0:0},-1,{1:BuffUpgradeData},[],
8401210,,20,-1,-1,-1,{20:0},2|0|8401214,,,,,-1,-1,-1,,[1],,,,,,,,,-1,0,,-1,,-1,0,-1,,[2],[2],{2:0},1000,{1:BuffUpgradeData},[],
8401211,,48,30,-1,-1,{48:0|30:1},71|200,100,,,,-1,-1,-1,,[2|8401201],,,,,,,[84012301],,-1,0,,10,,1,0,-1,,[0|84012],[0|84012],{0:0|84012:1},-1,{1:BuffUpgradeData},[],
8401212,,48,30,-1,-1,{48:0|30:1},71|250,200,,,,-1,-1,-1,,[2|8401201],,,,,,,[84012301],,-1,0,,12,,1,0,-1,,[0|84012],[0|84012],{0:0|84012:1},-1,{1:BuffUpgradeData},[],
8401213,,48,30,-1,-1,{48:0|30:1},71|400,300,,,,-1,-1,-1,,[2|8401201],,,,,,,[84012301],,-1,0,,14,,1,0,-1,,[0|84012],[0|84012],{0:0|84012:1},-1,{1:BuffUpgradeData},[],
8401214,,7,-1,-1,-1,{7:0},84012|1,,,,,-1,-1,-1,,[1],,,,,,,,,-1,0,,-1,,-1,0,-1,,[2|8401201],[2|8401201],{2:0|8401201:1},-1,{1:BuffUpgradeData},[],
8401221,,48,-1,-1,-1,{48:0},10|-1800,,,,,-1,-1,-1,,,,,,,,,,,-1,0,,-1,,-1,0,-1,,[1|301],[1|301],{1:0|301:1},-1,{1:BuffUpgradeData},[],
8401222,,48,-1,-1,-1,{48:0},10|-2100,,,,,-1,-1,-1,,,,,,,,,,,-1,0,,-1,,-1,0,-1,,[1|301],[1|301],{1:0|301:1},-1,{1:BuffUpgradeData},[],
8401223,,48,-1,-1,-1,{48:0},10|-2700,,,,,-1,-1,-1,,,,,,,,,,,-1,0,,-1,,-1,0,-1,,[1|301],[1|301],{1:0|301:1},-1,{1:BuffUpgradeData},[],
8401224,,48,-1,-1,-1,{48:0},10|-3600,,,,,-1,-1,-1,,,,,,,,,,,-1,0,,-1,,-1,0,-1,,[1|301],[1|301],{1:0|301:1},-1,{1:BuffUpgradeData},[],
8401301,,48,-1,-1,-1,{48:0},20|-600,,,,,-1,-1,-1,,,,,,,,,,,-1,0,,-1,,-1,0,-1,,[1|301],[1|301],{1:0|301:1},-1,{1:BuffUpgradeData},[],
8401302,,48,-1,-1,-1,{48:0},20|-700,,,,,-1,-1,-1,,,,,,,,,,,-1,0,,-1,,-1,0,-1,,[1|301],[1|301],{1:0|301:1},-1,{1:BuffUpgradeData},[],
8401303,,48,-1,-1,-1,{48:0},20|-900,,,,,-1,-1,-1,,,,,,,,,,,-1,0,,-1,,-1,0,-1,,[1|301],[1|301],{1:0|301:1},-1,{1:BuffUpgradeData},[],
8401304,,48,-1,-1,-1,{48:0},20|-1200,,,,,-1,-1,-1,,,,,,,,,,,-1,0,,-1,,-1,0,-1,,[1|301],[1|301],{1:0|301:1},-1,{1:BuffUpgradeData},[],
8401311,,48,-1,-1,-1,{48:0},"89|1000,56|2000",,,,,-1,-1,-1,,[1],,,,,,,,,-1,0,,6,,1,0,-1,,[0],[0],{0:0},-1,{1:BuffUpgradeData},[],
8401312,,48,-1,-1,-1,{48:0},"89|1200,56|2500",,,,,-1,-1,-1,,[1],,,,,,,,,-1,0,,6,,1,0,-1,,[0],[0],{0:0},-1,{1:BuffUpgradeData},[],
8401313,,48,-1,-1,-1,{48:0},"89|1600,56|3500",,,,,-1,-1,-1,,[1],,,,,,,,,-1,0,,6,,1,0,-1,,[0],[0],{0:0},-1,{1:BuffUpgradeData},[],
8401314,,48,-1,-1,-1,{48:0},"89|2200,56|5000",,,,,-1,-1,-1,,[1],,,,,,,,,-1,0,,8,,1,0,-1,,[0],[0],{0:0},-1,{1:BuffUpgradeData},[],
8401320,,20,-1,-1,-1,{20:0},1|1|8401324|0|3|6,,,,,-1,-1,-1,,[1],,,,,,,,,-1,0,,-1,,-1,0,-1,,[2],[2],{2:0},-1,{1:BuffUpgradeData},[],
8401324,,-1,-1,-1,-1,{},,,,,,-1,1,-1,,[1],,,,,,,,,-1,0,,6,,1,0,-1,,[2|8401303],[2|8401303],{2:0|8401303:1},-1,{1:BuffUpgradeData},[],
8401321,,48,40,-1,-1,{48:0|40:1},103|1000,1|1000|8401302|1|8401303,,,,-1,-1,-1,,[1],,,,,,,[84013301],,-1,0,,-1,,-1,0,-1,,[1|3|8401302],[1|3|8401302],{1:0|3:1|8401302:2},-1,{1:BuffUpgradeData},[],
8401322,,48,40,-1,-1,{48:0|40:1},103|1400,1|1000|8401302|1|8401303,,,,-1,-1,-1,,[1],,,,,,,[84013301],,-1,0,,-1,,-1,0,-1,,[1|3|8401302],[1|3|8401302],{1:0|3:1|8401302:2},-1,{1:BuffUpgradeData},[],
8401323,,48,40,-1,-1,{48:0|40:1},103|2000,1|1000|8401302|1|8401303,,,,-1,-1,-1,,[1],,,,,,,[84013301],,-1,0,,-1,,-1,0,-1,,[1|3|8401302],[1|3|8401302],{1:0|3:1|8401302:2},-1,{1:BuffUpgradeData},[],
8401401,,30,-1,-1,-1,{30:0},-500,,,,,-1,-1,-1,,,,,,,,,,,-1,0,,-1,,3,0,-1,,[1|301],[1|301],{1:0|301:1},-1,{1:BuffUpgradeData},[],
8401402,,30,-1,-1,-1,{30:0},-500,,,,,-1,-1,-1,,,,,,,,,,,-1,0,,-1,,3,0,-1,,[1|301],[1|301],{1:0|301:1},-1,{1:BuffUpgradeData},[],
8401403,,30,-1,-1,-1,{30:0},-500,,,,,-1,-1,-1,,,,,,,,,,,-1,0,,-1,,3,0,-1,,[1|301],[1|301],{1:0|301:1},-1,{1:BuffUpgradeData},[],
8401404,,30,-1,-1,-1,{30:0},-500,,,,,-1,-1,-1,,,,,,,,,,,-1,0,,-1,,3,0,-1,,[1|301],[1|301],{1:0|301:1},-1,{1:BuffUpgradeData},[],
8401411,,48,-1,-1,-1,{48:0},"89|1000,56|2000",,,,,-1,-1,-1,,[1],,,,,,,,,-1,0,,6,,1,0,-1,,[0],[0],{0:0},-1,{1:BuffUpgradeData},[],
8401412,,48,-1,-1,-1,{48:0},"89|1200,56|2500",,,,,-1,-1,-1,,[1],,,,,,,,,-1,0,,6,,1,0,-1,,[0],[0],{0:0},-1,{1:BuffUpgradeData},[],
8401413,,48,-1,-1,-1,{48:0},"89|1600,56|3500",,,,,-1,-1,-1,,[1],,,,,,,,,-1,0,,6,,1,0,-1,,[0],[0],{0:0},-1,{1:BuffUpgradeData},[],
8401414,,48,-1,-1,-1,{48:0},"89|2200,56|5000",,,,,-1,-1,-1,,[1],,,,,,,,,-1,0,,8,,1,0,-1,,[0],[0],{0:0},-1,{1:BuffUpgradeData},[],
8401420,,20,-1,-1,-1,{20:0},1|1|8401424|0|3|6,,,,,-1,-1,-1,,[1],,,,,,,,,-1,0,,-1,,-1,0,-1,,[2],[2],{2:0},-1,{1:BuffUpgradeData},[],
8401424,,-1,-1,-1,-1,{},,,,,,-1,1,-1,,[1],,,,,,,,,-1,0,,6,,1,0,-1,,[2|8401403],[2|8401403],{2:0|8401403:1},-1,{1:BuffUpgradeData},[],
8401421,,48,40,-1,-1,{48:0|40:1},103|1000,1|1000|8401402|1|8401403,,,,-1,-1,-1,,[1],,,,,,,[84014301],,-1,0,,-1,,-1,0,-1,,[1|3|8401402],[1|3|8401402],{1:0|3:1|8401402:2},-1,{1:BuffUpgradeData},[],
8401422,,48,40,-1,-1,{48:0|40:1},103|1400,1|1000|8401402|1|8401403,,,,-1,-1,-1,,[1],,,,,,,[84014301],,-1,0,,-1,,-1,0,-1,,[1|3|8401402],[1|3|8401402],{1:0|3:1|8401402:2},-1,{1:BuffUpgradeData},[],
8401423,,48,40,-1,-1,{48:0|40:1},103|2000,1|1000|8401402|1|8401403,,,,-1,-1,-1,,[1],,,,,,,[84014301],,-1,0,,-1,,-1,0,-1,,[1|3|8401402],[1|3|8401402],{1:0|3:1|8401402:2},-1,{1:BuffUpgradeData},[],
8401501,,48,54,-1,-1,{48:0|54:1},71|500,6003|500,,,,-1,-1,-1,,[1],,,,,,,,,-1,0,,-1,,-1,0,-1,,[0],[0],{0:0},-1,{1:BuffUpgradeData},[],
8401502,,48,54,-1,-1,{48:0|54:1},71|800,6003|600,,,,-1,-1,-1,,[1],,,,,,,,,-1,0,,-1,,-1,0,-1,,[0],[0],{0:0},-1,{1:BuffUpgradeData},[],
8401503,,48,54,-1,-1,{48:0|54:1},71|1300,6003|700,,,,-1,-1,-1,,[1],,,,,,,,,-1,0,,-1,,-1,0,-1,,[0],[0],{0:0},-1,{1:BuffUpgradeData},[],
8401504,,48,54,-1,-1,{48:0|54:1},71|2000,6003|1000,,,,-1,-1,-1,,[1],,,,,,,,,-1,0,,-1,,-1,0,-1,,[0],[0],{0:0},-1,{1:BuffUpgradeData},[],
8401510,,20,-1,-1,-1,{20:0},2|0|8401514,,,,,-1,-1,-1,,[1],,,,,,,,,-1,0,,-1,,-1,0,-1,,[2],[2],{2:0},1000,{1:BuffUpgradeData},[],
8401511,,48,30,-1,-1,{48:0|30:1},71|200,100,,,,-1,-1,-1,,[2|8401501],,,,,,,[84015301],,-1,0,,10,,1,0,-1,,[0|84015],[0|84015],{0:0|84015:1},-1,{1:BuffUpgradeData},[],
8401512,,48,30,-1,-1,{48:0|30:1},71|250,200,,,,-1,-1,-1,,[2|8401501],,,,,,,[84015301],,-1,0,,12,,1,0,-1,,[0|84015],[0|84015],{0:0|84015:1},-1,{1:BuffUpgradeData},[],
8401513,,48,30,-1,-1,{48:0|30:1},71|400,300,,,,-1,-1,-1,,[2|8401501],,,,,,,[84015301],,-1,0,,14,,1,0,-1,,[0|84015],[0|84015],{0:0|84015:1},-1,{1:BuffUpgradeData},[],
8401514,,7,-1,-1,-1,{7:0},84015|1,,,,,-1,-1,-1,,[1],,,,,,,,,-1,0,,-1,,-1,0,-1,,[2|8401501],[2|8401501],{2:0|8401501:1},-1,{1:BuffUpgradeData},[],
8401521,,48,14,-1,-1,{48:0|14:1},26|600,84010100|1,,,,-1,-1,-1,,[1],,,,,,,[8401001],,-1,0,,-1,,-1,0,-1,,[0],[0],{0:0},-1,{1:BuffUpgradeData},[],
8401522,,48,14,-1,-1,{48:0|14:1},26|700,84010100|1,,,,-1,-1,-1,,[1],,,,,,,[8401001],,-1,0,,-1,,-1,0,-1,,[0],[0],{0:0},-1,{1:BuffUpgradeData},[],
8401523,,48,14,-1,-1,{48:0|14:1},26|900,84010100|1,,,,-1,-1,-1,,[1],,,,,,,[8401001],,-1,0,,-1,,-1,0,-1,,[0],[0],{0:0},-1,{1:BuffUpgradeData},[],
8401524,,48,14,-1,-1,{48:0|14:1},26|1200,84010100|1,,,,-1,-1,-1,,[1],,,,,,,[8401001],,-1,0,,-1,,-1,0,-1,,[0],[0],{0:0},-1,{1:BuffUpgradeData},[],
8401601,,14,-1,-1,-1,{14:0},84016102|1,,,,,-1,-1,-1,,[1],,,,,,,[8401601],,-1,0,,-1,,-1,0,-1,,[0],[0],{0:0},-1,{1:BuffUpgradeData},[],
8401602,,14,48,-1,-1,{14:0|48:1},84016102|2,11|1000,,,,-1,-1,-1,,[1],,,,,,,[8401601],,-1,0,,-1,,-1,0,-1,,[0],[0],{0:0},-1,{1:BuffUpgradeData},[],
8401603,,14,48,-1,-1,{14:0|48:1},84016102|3,11|2000,,,,-1,-1,-1,,[1],,,,,,,[8401601],,-1,0,,-1,,-1,0,-1,,[0],[0],{0:0},-1,{1:BuffUpgradeData},[],
8401604,,14,48,-1,-1,{14:0|48:1},84016102|4,11|3000,,,,-1,-1,-1,,[1],,,,,,,[8401601],,-1,0,,-1,,-1,0,-1,,[0],[0],{0:0},-1,{1:BuffUpgradeData},[],
8401611,,48,-1,-1,-1,{48:0},71|600,,,,,-1,-1,-1,,[1],,,,,,,,,-1,0,,6,,1,0,-1,,[0],[0],{0:0},-1,{1:BuffUpgradeData},[],
8401612,,48,-1,-1,-1,{48:0},71|700,,,,,-1,-1,-1,,[1],,,,,,,,,-1,0,,6,,1,0,-1,,[0],[0],{0:0},-1,{1:BuffUpgradeData},[],
8401613,,48,-1,-1,-1,{48:0},71|900,,,,,-1,-1,-1,,[1],,,,,,,,,-1,0,,6,,1,0,-1,,[0],[0],{0:0},-1,{1:BuffUpgradeData},[],
8401614,,48,-1,-1,-1,{48:0},71|1300,,,,,-1,-1,-1,,[1],,,,,,,,,-1,0,,8,,1,0,-1,,[0],[0],{0:0},-1,{1:BuffUpgradeData},[],
8401621,,20,-1,-1,-1,{20:0},1|1|8401631|0|1|6,,,,,-1,-1,-1,,[1],,,,,,,,,-1,0,,-1,,-1,0,-1,,[2],[2],{2:0},-1,{1:BuffUpgradeData},[],
8401622,,20,-1,-1,-1,{20:0},1|1|8401632|0|1|6,,,,,-1,-1,-1,,[1],,,,,,,,,-1,0,,-1,,-1,0,-1,,[2],[2],{2:0},-1,{1:BuffUpgradeData},[],
8401623,,20,-1,-1,-1,{20:0},1|1|8401633|0|1|6,,,,,-1,-1,-1,,[1],,,,,,,,,-1,0,,-1,,-1,0,-1,,[2],[2],{2:0},-1,{1:BuffUpgradeData},[],
8401631,,48,-1,-1,-1,{48:0},"34|-400,20|-200",,,,,-1,-1,-1,,[1],,,,,,,[84016301],,-1,0,,6,,1,0,-1,,[1],[1],{1:0},-1,{1:BuffUpgradeData},[],
8401632,,48,-1,-1,-1,{48:0},"34|-500,20|-300",,,,,-1,-1,-1,,[1],,,,,,,[84016301],,-1,0,,6,,1,0,-1,,[1],[1],{1:0},-1,{1:BuffUpgradeData},[],
8401633,,48,-1,-1,-1,{48:0},"34|-800,20|-600",,,,,-1,-1,-1,,[1],,,,,,,[84016301],,-1,0,,6,,1,0,-1,,[1],[1],{1:0},-1,{1:BuffUpgradeData},[],
8800601,,14,-1,-1,-1,{14:0},88006102|1,,,,,-1,1,-1,,[1],,,,,,,,,-1,0,,-1,,-1,0,-1,,[2],[2],{2:0},-1,{1:BuffUpgradeData},[],
8800701,,14,-1,-1,-1,{14:0},88007102|1,,,,,-1,1,-1,,[1],,,,,,,,,-1,0,,-1,,-1,0,-1,,[2],[2],{2:0},-1,{1:BuffUpgradeData},[],
8801101,,14,-1,-1,-1,{14:0},88011201|1,,,,,-1,-1,-1,,,,,,,,,[1002121],,-1,0,,-1,,-1,0,-1,,[0],[0],{0:0},-1,{1:BuffUpgradeData},[],
8801801,,3,27,-1,-1,{3:0|27:1},,0,,,,-1,-1,-1,,,,,,,,,[1002601],,-1,0,,-1,,-1,0,-1,,[1|13],[1|13],{1:0|13:1},-1,{1:BuffUpgradeData},[],
8802001,,14,48,-1,-1,{14:0|48:1},88020102|1,82|4000,,,,-1,-1,-1,,,,0|300,,,Effect/Battle/WilderHunter_Skill2_SF,,[1002321],,-1,0,,-1,,-1,0,-1,,[2],[2],{2:0},-1,{1:BuffUpgradeData},[],
8802501,,26,-1,-1,-1,{26:0},225|500|10026201|6|0|1,,,,,-1,-1,-1,,,,,,,,,,,-1,0,,-1,,-1,0,-1,,[2],[2],{2:0},1000,{1:BuffUpgradeData},[],
8803301,,5,-1,-1,-1,{5:0},53014|3|10000|2000|2|450|30001002|0|0|1,,,,,-1,-1,-1,,[1],,,,,,,,,-1,0,,-1,,-1,0,-1,,[2],[2],{2:0},-1,{1:BuffUpgradeData},[],
8803302,,14,-1,-1,-1,{14:0},88033202|1,,,,,-1,-1,-1,,[1],,,,,,,,,-1,0,,-1,,-1,0,-1,,[2],[2],{2:0},-1,{1:BuffUpgradeData},[],
8803401,,5,-1,-1,-1,{5:0},53016|2|10000|2500|2|200|0|0|0|1,,,,,-1,-1,-1,,[1],,,,,,,,,-1,0,,-1,,-1,0,-1,,[2],[2],{2:0},-1,{1:BuffUpgradeData},[],
8803501,,5,-1,-1,-1,{5:0},53015|2|10000|3500|2|200|0|0|0|1,,,,,-1,-1,-1,,[1],,,,,,,,,-1,0,,-1,,-1,0,-1,,[2],[2],{2:0},-1,{1:BuffUpgradeData},[],
8803701,,5,-1,-1,-1,{5:0},53021|3|3000|3000|2|300|0|0|0|1,,,,,-1,-1,-1,,[1],,,,,,,,,-1,0,,-1,,-1,0,-1,,[2],[2],{2:0},-1,{1:BuffUpgradeData},[],
8804801,,48,-1,-1,-1,{48:0},"6|2000,5|70",,,,,-1,-1,-1,,,,,,,,,[100009],,-1,0,,-1,,-1,0,-1,,[2],[2],{2:0},-1,{1:BuffUpgradeData},[],
8805001,stun,3,-1,-1,-1,{3:0},,,,,,-1,-1,-1,,,,,,,Effect/Battle/CommonEffect/Fx_XuanYun_Buff,,[100001],,-1,0,,-1,,-1,0,-1,,[1|3],[1|3],{1:0|3:1},-1,{1:BuffUpgradeData},[],
8805201,,48,-1,-1,-1,{48:0},5|-105,,,,,-1,-1,-1,,,,,,,,,[100011],,-1,0,,-1,,-1,0,-1,,[1|301],[1|301],{1:0|301:1},-1,{1:BuffUpgradeData},[],
8805601,,3,7,27,-1,{3:0|7:1|27:2},,10038|0,0,,[1|88056],-1,-1,-1,,,,,,,Effect/Battle/E_TLL_skill1_hit2,,[1003810],,-1,0,,-1,,-1,0,-1,,[1|10038|7],[1|10038|7],{1:0|10038:1|7:2},-1,{1:BuffUpgradeData},[],
8805602,,-1,-1,-1,-1,{},,,,,,-1,-1,-1,,[1],,,,,,,,,-1,0,,-1,,-1,0,-1,,[2|88056],[2|88056],{2:0|88056:1},-1,{1:BuffUpgradeData},[],
8805801,,5,-1,-1,-1,{5:0},30005|5|5000|5000|2|200,,,,,-1,1,-1,,[1],,,,,,,,,-1,0,,-1,,-1,0,-1,,[2],[2],{2:0},-1,{1:BuffUpgradeData},[],
8806101,,48,-1,-1,-1,{48:0},5|175,,,,,-1,-1,-1,,,,,,,,,[100009],,-1,0,,-1,,-1,0,-1,,[2],[2],{2:0},-1,{1:BuffUpgradeData},[],
8807101,,14,-1,-1,16,{14:0|16:1},"10039302|1,10039303|1",,,1000,,-1,-1,-1,,,,,,,,,,,-1,0,,-1,,-1,0,-1,,[0],[0],{0:0},-1,{1:BuffUpgradeData},[],
1000011,,48,-1,-1,-1,{48:0},"3103|500,3104|1000",,,,[2|1],-1,-1,-1,,[1],,,,,,,,,-1,0,,6,,1,0,-1,,[0],[0],{0:0},-1,{1:BuffUpgradeData},[],
1000012,,48,-1,-1,-1,{48:0},"3103|1000,3104|2000",,,,[2|1],-1,-1,-1,,[1],,,,,,,,,-1,0,,6,,1,0,-1,,[0],[0],{0:0},-1,{1:BuffUpgradeData},[],
1000021,,48,-1,-1,-1,{48:0},"4103|500,4104|1000",,,,[2|2],-1,-1,-1,,[1],,,,,,,,,-1,0,,6,,1,0,-1,,[0],[0],{0:0},-1,{1:BuffUpgradeData},[],
1000022,,48,-1,-1,-1,{48:0},"4103|1000,4104|2000",,,,[2|2],-1,-1,-1,,[1],,,,,,,,,-1,0,,6,,1,0,-1,,[0],[0],{0:0},-1,{1:BuffUpgradeData},[],
1000031,,48,-1,-1,-1,{48:0},"5103|500,5104|1000",,,,[2|3],-1,-1,-1,,[1],,,,,,,,,-1,0,,6,,1,0,-1,,[0],[0],{0:0},-1,{1:BuffUpgradeData},[],
1000032,,48,-1,-1,-1,{48:0},"5103|1000,5104|2000",,,,[2|3],-1,-1,-1,,[1],,,,,,,,,-1,0,,6,,1,0,-1,,[0],[0],{0:0},-1,{1:BuffUpgradeData},[],
1000101,,48,-1,-1,-1,{48:0},6|10000,,,,,-1,-1,-1,,,,,,,Effect/Battle/Danc_Skill01_GongJi,,[100007],,-1,0,,-1,,-1,0,-1,,[0],[0],{0:0},-1,{1:BuffUpgradeData},[],
1000102,,48,-1,-1,-1,{48:0},6|10000,,,,,-1,-1,-1,,,,,,,Effect/Battle/Danc_Skill01_GongJi,,[100007],,-1,0,,-1,,-1,0,-1,,[0],[0],{0:0},-1,{1:BuffUpgradeData},[],
1000103,,48,-1,-1,-1,{48:0},6|10000,,,,,-1,-1,-1,,,,,,,Effect/Battle/Danc_Skill01_GongJi,,[100007],,-1,0,,-1,,-1,0,-1,,[0],[0],{0:0},-1,{1:BuffUpgradeData},[],
1000104,,48,-1,-1,-1,{48:0},6|10000,,,,,-1,-1,-1,,,,,,,Effect/Battle/Danc_Skill01_GongJi,,[100007],,-1,0,,-1,,-1,0,-1,,[0],[0],{0:0},-1,{1:BuffUpgradeData},[],
1000111,,30,-1,-1,-1,{30:0},2000,,,,,-1,-1,-1,,,,,,,Effect/Battle/Danc_Skill01_GongJi,,[100007],,-1,0,,-1,,-1,0,-1,,[0|30],[0|30],{0:0|30:1},-1,{1:BuffUpgradeData},[],
1000112,,30,-1,-1,-1,{30:0},2000,,,,,-1,-1,-1,,,,,,,Effect/Battle/Danc_Skill01_GongJi,,[100007],,-1,0,,-1,,-1,0,-1,,[0|30],[0|30],{0:0|30:1},-1,{1:BuffUpgradeData},[],
1000113,,30,-1,-1,-1,{30:0},2000,,,,,-1,-1,-1,,,,,,,Effect/Battle/Danc_Skill01_GongJi,,[100007],,-1,0,,-1,,-1,0,-1,,[0|30],[0|30],{0:0|30:1},-1,{1:BuffUpgradeData},[],
1000114,,30,-1,-1,-1,{30:0},2000,,,,,-1,-1,-1,,,,,,,Effect/Battle/Danc_Skill01_GongJi,,[100007],,-1,0,,-1,,-1,0,-1,,[0|30],[0|30],{0:0|30:1},-1,{1:BuffUpgradeData},[],
1000301,,48,-1,-1,-1,{48:0},103|1700,,,,,-1,-1,-1,,,,,,,Effect/Battle/Danc_Skill01_GongJi,,[100007],,-1,0,,-1,,-1,0,-1,,[0],[0],{0:0},-1,{1:BuffUpgradeData},[],
1000302,,48,-1,-1,-1,{48:0},103|1700,,,,,-1,-1,-1,,,,,,,Effect/Battle/Danc_Skill01_GongJi,,[100007],,-1,0,,-1,,-1,0,-1,,[0],[0],{0:0},-1,{1:BuffUpgradeData},[],
1000303,,48,-1,-1,-1,{48:0},103|1700,,,,,-1,-1,-1,,,,,,,Effect/Battle/Danc_Skill01_GongJi,,[100007],,-1,0,,-1,,-1,0,-1,,[0],[0],{0:0},-1,{1:BuffUpgradeData},[],
1000304,,48,-1,-1,-1,{48:0},103|1700,,,,,-1,-1,-1,,,,,,,Effect/Battle/Danc_Skill01_GongJi,,[100007],,-1,0,,-1,,-1,0,-1,,[0],[0],{0:0},-1,{1:BuffUpgradeData},[],
1000311,,1,-1,-1,-1,{1:0},1|3|2000,,,,,-1,-1,-1,,,,,,,Effect/Battle/Danc_Skill01_GongJi,,[100007],,-1,0,,-1,,-1,0,-1,,[0],[0],{0:0},200,{1:BuffUpgradeData},[],
1000312,,1,-1,-1,-1,{1:0},1|3|2000,,,,,-1,-1,-1,,,,,,,Effect/Battle/Danc_Skill01_GongJi,,[100007],,-1,0,,-1,,-1,0,-1,,[0],[0],{0:0},200,{1:BuffUpgradeData},[],
1000313,,1,-1,-1,-1,{1:0},1|3|2000,,,,,-1,-1,-1,,,,,,,Effect/Battle/Danc_Skill01_GongJi,,[100007],,-1,0,,-1,,-1,0,-1,,[0],[0],{0:0},200,{1:BuffUpgradeData},[],
1000314,,1,-1,-1,-1,{1:0},1|3|2000,,,,,-1,-1,-1,,,,,,,Effect/Battle/Danc_Skill01_GongJi,,[100007],,-1,0,,-1,,-1,0,-1,,[0],[0],{0:0},200,{1:BuffUpgradeData},[],
1000401,,30,-1,-1,-1,{30:0},2000,,,,,-1,-1,-1,,,,,,,Effect/Battle/Knight_Skill_1_Buff,,[1000401],,-1,0,,-1,,-1,0,-1,,[0|30],[0|30],{0:0|30:1},-1,{1:BuffUpgradeData},[],
1000402,,30,-1,-1,-1,{30:0},3000,,,,,-1,-1,-1,,,,,,,Effect/Battle/Knight_Skill_1_Buff,,[1000401],,-1,0,,-1,,-1,0,-1,,[0|30],[0|30],{0:0|30:1},-1,{1:BuffUpgradeData},[],
1000403,,30,-1,-1,-1,{30:0},4000,,,,,-1,-1,-1,,,,,,,Effect/Battle/Knight_Skill_1_Buff,,[1000401],,-1,0,,-1,,-1,0,-1,,[0|30],[0|30],{0:0|30:1},-1,{1:BuffUpgradeData},[],
1000404,,30,-1,-1,-1,{30:0},6000,,,,,-1,-1,-1,,,,,,,Effect/Battle/Knight_Skill_1_Buff,,[1000401],,-1,0,,-1,,-1,0,-1,,[0|30],[0|30],{0:0|30:1},-1,{1:BuffUpgradeData},[],
1000411,repel,3,4,-1,-1,{3:0|4:1},,2|1000|100,,,,-1,-1,-1,,,,,,,,,,,1,0,,-1,,-1,0,-1,,[1|8],[1|8],{1:0|8:1},-1,{1:BuffUpgradeData},[],
1000412,repel,3,4,-1,-1,{3:0|4:1},,2|1000|100,,,,-1,-1,-1,,,,,,,,,,,1,0,,-1,,-1,0,-1,,[1|8],[1|8],{1:0|8:1},-1,{1:BuffUpgradeData},[],
1000413,repel,3,4,-1,-1,{3:0|4:1},,2|1000|100,,,,-1,-1,-1,,,,,,,,,,,1,0,,-1,,-1,0,-1,,[1|8],[1|8],{1:0|8:1},-1,{1:BuffUpgradeData},[],
1000414,repel,3,4,-1,-1,{3:0|4:1},,2|1000|100,,,,-1,-1,-1,,,,,,,,,,,1,0,,-1,,-1,0,-1,,[1|8],[1|8],{1:0|8:1},-1,{1:BuffUpgradeData},[],
1000421,,-1,-1,-1,-1,{},,,,,,-1,-1,-1,,,,,,,,,,,-1,0,,-1,,-1,0,-1,,[2],[2],{2:0},-1,{1:BuffUpgradeData},[],
1000422,,-1,-1,-1,-1,{},,,,,,-1,-1,-1,,,,,,,,,,,-1,0,,-1,,-1,0,-1,,[2],[2],{2:0},-1,{1:BuffUpgradeData},[],
1000423,stun,3,-1,-1,-1,{3:0},,,,,,-1,-1,-1,,,,,,,Effect/Battle/CommonEffect/Fx_XuanYun_Buff,,[100001],,-1,0,,-1,,-1,0,-1,,[1|3],[1|3],{1:0|3:1},-1,{1:BuffUpgradeData},[],
1000424,stun,3,-1,-1,-1,{3:0},,,,,,-1,-1,-1,,,,,,,Effect/Battle/CommonEffect/Fx_XuanYun_Buff,,[100001],,-1,0,,-1,,-1,0,-1,,[1|3],[1|3],{1:0|3:1},-1,{1:BuffUpgradeData},[],
1000431,,30,-1,-1,-1,{30:0},3000,,,,,-1,-1,-1,,,,,,,,,,,-1,0,,-1,,-1,0,-1,,[0|30],[0|30],{0:0|30:1},-1,{1:BuffUpgradeData},[],
1000501,,30,-1,-1,-1,{30:0},1500,,,,,-1,-1,-1,,,25,,,,,,,,-1,0,,-1,,-1,0,-1,,[0|30],[0|30],{0:0|30:1},-1,{1:BuffUpgradeData},[],
1000502,,30,-1,-1,-1,{30:0},1625,,,,,-1,-1,-1,,,25,,,,,,,,-1,0,,-1,,-1,0,-1,,[0|30],[0|30],{0:0|30:1},-1,{1:BuffUpgradeData},[],
1000503,,30,-1,-1,-1,{30:0},1750,,,,,-1,-1,-1,,,25,,,,,,,,-1,0,,-1,,-1,0,-1,,[0|30],[0|30],{0:0|30:1},-1,{1:BuffUpgradeData},[],
1000504,,30,-1,-1,-1,{30:0},2125,,,,,-1,-1,-1,,,25,,,,,,,,-1,0,,-1,,-1,0,-1,,[0|30],[0|30],{0:0|30:1},-1,{1:BuffUpgradeData},[],
1000511,,48,-1,-1,-1,{48:0},"5|50,6|5000",,,,,-1,-1,-1,,,,,,,Effect/Battle/CommonEffect/Fx_JiaSu_01,,[100009],,-1,50,,-1,,-1,0,-1,,[0],[0],{0:0},-1,{1:BuffUpgradeData},[],
1000512,,48,-1,-1,-1,{48:0},"5|50,6|5000",,,,,-1,-1,-1,,,,,,,Effect/Battle/CommonEffect/Fx_JiaSu_01,,[100009],,-1,50,,-1,,-1,0,-1,,[0],[0],{0:0},-1,{1:BuffUpgradeData},[],
1000513,,48,-1,-1,-1,{48:0},"5|50,6|5000",,,,,-1,-1,-1,,,,,,,Effect/Battle/CommonEffect/Fx_JiaSu_01,,[100009],,-1,50,,-1,,-1,0,-1,,[0],[0],{0:0},-1,{1:BuffUpgradeData},[],
1000514,,48,-1,-1,-1,{48:0},"5|50,6|5000",,,,,-1,-1,-1,,,,,,,Effect/Battle/CommonEffect/Fx_JiaSu_01,,[100009],,-1,50,,-1,,-1,0,-1,,[0],[0],{0:0},-1,{1:BuffUpgradeData},[],
1000701,,1,-1,-1,-1,{1:0},1|3|-500,,,,,-1,-1,-1,,,,,,,Effect/Battle/CommonEffect/Fx_ZhongDu_01,,[100004],,-1,0,,-1,,-1,0,-1,,[1|203|301],[1|203|301],{1:0|203:1|301:2},1000,{1:BuffUpgradeData},[],
1000702,,1,-1,-1,-1,{1:0},1|3|-500,,,,,-1,-1,-1,,,,,,,Effect/Battle/CommonEffect/Fx_ZhouShang_01,,[100003],,-1,0,,-1,,-1,0,-1,,[1|201|301],[1|201|301],{1:0|201:1|301:2},1000,{1:BuffUpgradeData},[],
1000703,,1,-1,-1,-1,{1:0},1|3|-500,,,,,-1,-1,-1,,,,,,,Effect/Battle/CommonEffect/Fx_DongShang_01,,[100005],,-1,0,,-1,,-1,0,-1,,[1|202|301],[1|202|301],{1:0|202:1|301:2},1000,{1:BuffUpgradeData},[],
1000801,,5,-1,-1,-1,{5:0},30001|2|5000|4000|1|0|30001002|0|0|1,,,,,-1,1,-1,,[1],0|0|250|200|0|0|0|0|0|0,,,,,,,,-1,0,,-1,,-1,0,-1,,[2],[2],{2:0},-1,{1:BuffUpgradeData},[],
1000802,,5,-1,-1,-1,{5:0},30001|2|6250|5000|1|0|30001002|0|0|1,,,,,-1,1,-1,,[1],0|0|250|200|0|0|0|0|0|0,,,,,,,,-1,0,,-1,,-1,0,-1,,[2],[2],{2:0},-1,{1:BuffUpgradeData},[],
1000803,,5,-1,-1,-1,{5:0},30001|3|7500|6000|1|0|30001002|0|0|1,,,,,-1,1,-1,,[1],0|0|250|200|0|0|0|0|0|0,,,,,,,,-1,0,,-1,,-1,0,-1,,[2],[2],{2:0},-1,{1:BuffUpgradeData},[],
1000804,,5,-1,-1,-1,{5:0},30001|3|10000|8000|1|0|30001002|0|0|1,,,,,-1,1,-1,,[1],0|0|250|200|0|0|0|0|0|0,,,,,,,,-1,0,,-1,,-1,0,-1,,[2],[2],{2:0},-1,{1:BuffUpgradeData},[],
1000805,,30,-1,-1,-1,{30:0},1000,,,,,-1,-1,-1,,[1],,,,,,,,,-1,0,,-1,,-1,0,-1,,[0],[0],{0:0},-1,{1:BuffUpgradeData},[],
1000806,,30,-1,-1,-1,{30:0},2000,,,,,-1,-1,-1,,[1],,,,,,,,,-1,0,,-1,,-1,0,-1,,[0],[0],{0:0},-1,{1:BuffUpgradeData},[],
1000811,,1,-1,-1,-1,{1:0},2|3|12500,,,,,-1,-1,-1,,,0|0|625,,,,Effect/Battle/Druid_Skill1_01_Loop,,[1000811],,-1,0,,-1,,-1,0,-1,,[1000803|0],[1000803|0],{1000803:0|0:1},1000,{1:BuffUpgradeData},[],
1000812,,1,-1,-1,-1,{1:0},2|3|15625,,,,,-1,-1,-1,,,0|0|625,,,,Effect/Battle/Druid_Skill1_01_Loop,,[1000811],,-1,0,,-1,,-1,0,-1,,[1000803|0],[1000803|0],{1000803:0|0:1},1000,{1:BuffUpgradeData},[],
1000813,,1,-1,-1,-1,{1:0},2|3|18750,,,,,-1,-1,-1,,,0|0|625,,,,Effect/Battle/Druid_Skill1_01_Loop,,[1000811],,-1,0,,-1,,-1,0,-1,,[1000803|0],[1000803|0],{1000803:0|0:1},1000,{1:BuffUpgradeData},[],
1000814,,1,-1,-1,-1,{1:0},2|3|21875,,,,,-1,-1,-1,,,0|0|625,,,,Effect/Battle/Druid_Skill1_01_Loop,,[1000811],,-1,0,,-1,,-1,0,-1,,[1000803|0],[1000803|0],{1000803:0|0:1},1000,{1:BuffUpgradeData},[],
1000815,,42,-1,-1,-1,{42:0},3,,,,,-1,-1,-1,,,,,,,,,,,-1,0,,-1,,-1,0,-1,,[0],[0],{0:0},-1,{1:BuffUpgradeData},[],
1000816,,48,-1,-1,-1,{48:0},104|2500,,,,,-1,-1,-1,,[1],,,,,,,,,-1,0,,-1,,-1,0,-1,,[0],[0],{0:0},-1,{1:BuffUpgradeData},[],
1000821,,9,-1,-1,-1,{9:0},1|0|3|13000|4000,,,,[1|1000803],-1,-1,-1,,,0|0|0|1000|0,,,,Effect/Battle/Druid_Skill1_01_Loop,,[1000811],,-1,0,,-1,,-1,0,-1,,[0|4],[0|4],{0:0|4:1},-1,{1:BuffUpgradeData},[],
1000822,,9,-1,-1,-1,{9:0},1|0|3|18000|4000,,,,[1|1000803],-1,-1,-1,,,0|0|0|1000|0,,,,Effect/Battle/Druid_Skill1_01_Loop,,[1000811],,-1,0,,-1,,-1,0,-1,,[0|4],[0|4],{0:0|4:1},-1,{1:BuffUpgradeData},[],
1000823,,9,-1,-1,-1,{9:0},1|0|3|23000|4000,,,,[1|1000803],-1,-1,-1,,,0|0|0|1000|0,,,,Effect/Battle/Druid_Skill1_01_Loop,,[1000811],,-1,0,,-1,,-1,0,-1,,[0|4],[0|4],{0:0|4:1},-1,{1:BuffUpgradeData},[],
1000824,,9,-1,-1,-1,{9:0},1|0|3|23000|4000,,,,[1|1000803],-1,-1,-1,,,0|0|0|1000|0,,,,Effect/Battle/Druid_Skill1_01_Loop,,[1000811],,-1,0,,-1,,-1,0,-1,,[0|4],[0|4],{0:0|4:1},-1,{1:BuffUpgradeData},[],
1000831,,5,-1,-1,-1,{5:0},30001|2|6250|6250|1|0|30001002|0|0|1,,,,,-1,1,-1,,[1],0|0|300|300|0|0|0|0|0|0,,,,,,,,-1,0,,-1,,-1,0,-1,,[2],[2],{2:0},-1,{1:BuffUpgradeData},[],
1000832,,5,-1,-1,-1,{5:0},30001|3|7500|6000|1|0|30001002|0|0|1,,,,,-1,1,-1,,[1],0|0|300|300|0|0|0|0|0|0,,,,,,,,-1,0,,-1,,-1,0,-1,,[2],[2],{2:0},-1,{1:BuffUpgradeData},[],
1000833,,5,-1,-1,-1,{5:0},30001|3|10000|8000|1|0|30001002|0|0|1,,,,,-1,1,-1,,[1],0|0|300|300|0|0|0|0|0|0,,,,,,,,-1,0,,-1,,-1,0,-1,,[2],[2],{2:0},-1,{1:BuffUpgradeData},[],
1000834,,5,-1,-1,-1,{5:0},30001|3|10000|8000|1|0|30001002|0|0|1,,,,,-1,1,-1,,[1],0|0|300|300|0|0|0|0|0|0,,,,,,,,-1,0,,-1,,-1,0,-1,,[2],[2],{2:0},-1,{1:BuffUpgradeData},[],
1000835,,5,-1,-1,-1,{5:0},30001|1|10000|8000|1|0|30001002|0|0|1,,,,,-1,1,-1,,[1],0|0|300|300|0|0|0|0|0|0,,,,,,,,-1,0,,-1,,-1,0,-1,,[2],[2],{2:0},-1,{1:BuffUpgradeData},[],
1000841,,-1,-1,-1,-1,{},,,,,,-1,-1,-1,,,,,,,,,,,-1,0,,-1,,-1,0,-1,,[2|1000801],[2|1000801],{2:0|1000801:1},-1,{1:BuffUpgradeData},[],
1000842,,-1,-1,-1,-1,{},,,,,,-1,-1,-1,,,,,,,,,,,-1,0,,-1,,-1,0,-1,,[2|1000801],[2|1000801],{2:0|1000801:1},-1,{1:BuffUpgradeData},[],
1000843,,-1,-1,-1,-1,{},,,,,,-1,-1,-1,,,,,,,,,,,-1,0,,-1,,-1,0,-1,,[2|1000801],[2|1000801],{2:0|1000801:1},-1,{1:BuffUpgradeData},[],
1000844,,-1,-1,-1,-1,{},,,,,,-1,-1,-1,,,,,,,,,,,-1,0,,-1,,-1,0,-1,,[2|1000801],[2|1000801],{2:0|1000801:1},-1,{1:BuffUpgradeData},[],
1000851,,-1,-1,-1,-1,{},,,,,,-1,-1,-1,,,,,,,,,,,-1,0,,-1,,-1,0,-1,,[2|1000802],[2|1000802],{2:0|1000802:1},-1,{1:BuffUpgradeData},[],
1000852,,-1,-1,-1,-1,{},,,,,,-1,-1,-1,,,,,,,,,,,-1,0,,-1,,-1,0,-1,,[2|1000802],[2|1000802],{2:0|1000802:1},-1,{1:BuffUpgradeData},[],
1000853,,-1,-1,-1,-1,{},,,,,,-1,-1,-1,,,,,,,,,,,-1,0,,-1,,-1,0,-1,,[2|1000802],[2|1000802],{2:0|1000802:1},-1,{1:BuffUpgradeData},[],
1000854,,-1,-1,-1,-1,{},,,,,,-1,-1,-1,,,,,,,,,,,-1,0,,-1,,-1,0,-1,,[2|1000802],[2|1000802],{2:0|1000802:1},-1,{1:BuffUpgradeData},[],
1000861,,41,-1,-1,-1,{41:0},"6011|1500,4|1500",,,,,-1,1,-1,,[1],,,,,,,,,-1,0,,-1,,-1,0,-1,,[0],[0],{0:0},-1,{1:BuffUpgradeData},[],
1000862,,41,-1,-1,-1,{41:0},"6011|2500,4|2500",,,,,-1,1,-1,,[1],,,,,,,,,-1,0,,-1,,-1,0,-1,,[0],[0],{0:0},-1,{1:BuffUpgradeData},[],
1000863,,41,-1,-1,-1,{41:0},"6011|2500,4|2500",,,,,-1,1,-1,,[1],,,,,,,,,-1,0,,-1,,-1,0,-1,,[0],[0],{0:0},-1,{1:BuffUpgradeData},[],
1000864,,41,-1,-1,-1,{41:0},"6011|2500,4|2500",,,,,-1,1,-1,,[1],,,,,,,,,-1,0,,-1,,-1,0,-1,,[0],[0],{0:0},-1,{1:BuffUpgradeData},[],
1000871,,48,-1,-1,-1,{48:0},71|500,,,,,-1,1,-1,,,,,,,,,,,-1,0,,-1,,-1,0,-1,,[0],[0],{0:0},-1,{1:BuffUpgradeData},[],
1000872,,48,-1,-1,-1,{48:0},"71|1000,104|600,6|2500",,,,,-1,1,-1,,,,,,,,,,,-1,0,,-1,,-1,0,-1,,[0],[0],{0:0},-1,{1:BuffUpgradeData},[],
1000873,,48,43,-1,-1,{48:0|43:1},6|-4000,-1000,,,,-1,1,-1,,,,,,,,,,,-1,0,,-1,,-1,0,-1,,[1|301],[1|301],{1:0|301:1},-1,{1:BuffUpgradeData},[],
1000874,,-1,-1,-1,-1,{},,,,,,-1,1,-1,,[1],,,,,,,[10008802],,-1,0,,-1,,-1,0,-1,,[2],[2],{2:0},-1,{1:BuffUpgradeData},[],
1000875,,48,-1,-1,-1,{48:0},"5103|500,5104|1000",,,,,-1,1,-1,,[1],,,,,,,,,-1,0,,-1,,-1,0,-1,,[2],[2],{2:0},-1,{1:BuffUpgradeData},[],
1000876,,48,-1,-1,-1,{48:0},71|500,,,,[2|3],-1,1,-1,,,,,,,,,,,-1,0,,-1,,-1,0,-1,,[0],[0],{0:0},-1,{1:BuffUpgradeData},[],
1000877,,48,-1,-1,-1,{48:0},"71|1000,104|600,6|2500",,,,[2|3],-1,1,-1,,,,,,,,,,,-1,0,,-1,,-1,0,-1,,[0],[0],{0:0},-1,{1:BuffUpgradeData},[],
1000901,,48,-1,-1,-1,{48:0},103|3500,,,,,-1,-1,-1,,,,,,,Effect/Battle/Danc_Skill01_GongJi,,[100007],,-1,100,,-1,,-1,0,-1,,[0],[0],{0:0},-1,{1:BuffUpgradeData},[],
1000902,,48,-1,-1,-1,{48:0},103|3500,,,,,-1,-1,-1,,,,,,,Effect/Battle/Danc_Skill01_GongJi,,[100007],,-1,100,,-1,,-1,0,-1,,[0],[0],{0:0},-1,{1:BuffUpgradeData},[],
1000903,,48,-1,-1,-1,{48:0},103|3500,,,,,-1,-1,-1,,,,,,,Effect/Battle/Danc_Skill01_GongJi,,[100007],,-1,100,,-1,,-1,0,-1,,[0],[0],{0:0},-1,{1:BuffUpgradeData},[],
1000904,,48,-1,-1,-1,{48:0},103|3500,,,,,-1,-1,-1,,,,,,,Effect/Battle/Danc_Skill01_GongJi,,[100007],,-1,100,,-1,,-1,0,-1,,[0],[0],{0:0},-1,{1:BuffUpgradeData},[],
1001001,stun,3,-1,-1,-1,{3:0},,,,,,-1,-1,-1,,,,,,,Effect/Battle/CommonEffect/Fx_XuanYun_Buff,,[100001],,-1,0,,-1,,-1,0,-1,,[1|3],[1|3],{1:0|3:1},-1,{1:BuffUpgradeData},[],
1001002,stun,3,-1,-1,-1,{3:0},,,,,,-1,-1,-1,,,,,,,Effect/Battle/CommonEffect/Fx_XuanYun_Buff,,[100001],,-1,0,,-1,,-1,0,-1,,[1|3],[1|3],{1:0|3:1},-1,{1:BuffUpgradeData},[],
1001003,stun,3,-1,-1,-1,{3:0},,,,,,-1,-1,-1,,,,,,,Effect/Battle/CommonEffect/Fx_XuanYun_Buff,,[100001],,-1,0,,-1,,-1,0,-1,,[1|3],[1|3],{1:0|3:1},-1,{1:BuffUpgradeData},[],
1001004,stun,3,-1,-1,-1,{3:0},,,,,,-1,-1,-1,,,,,,,Effect/Battle/CommonEffect/Fx_XuanYun_Buff,,[100001],,-1,0,,-1,,-1,0,-1,,[1|3],[1|3],{1:0|3:1},-1,{1:BuffUpgradeData},[],
1001201,,1,-1,-1,-1,{1:0},1|3|-3000,,,,,-1,-1,-1,,,,,,,Effect/Battle/CommonEffect/Fx_ZhouShang_01,,[100003],,-1,0,,-1,,-1,0,-1,,[1|201|301],[1|201|301],{1:0|201:1|301:2},1000,{1:BuffUpgradeData},[],
1001202,,1,-1,-1,-1,{1:0},1|3|-3000,,,,,-1,-1,-1,,,,,,,Effect/Battle/CommonEffect/Fx_ZhouShang_01,,[100003],,-1,0,,-1,,-1,0,-1,,[1|201|301],[1|201|301],{1:0|201:1|301:2},1000,{1:BuffUpgradeData},[],
1001203,,1,-1,-1,-1,{1:0},1|3|-3000,,,,,-1,-1,-1,,,,,,,Effect/Battle/CommonEffect/Fx_ZhouShang_01,,[100003],,-1,0,,-1,,-1,0,-1,,[1|201|301],[1|201|301],{1:0|201:1|301:2},1000,{1:BuffUpgradeData},[],
1001204,,1,-1,-1,-1,{1:0},1|3|-3000,,,,,-1,-1,-1,,,,,,,Effect/Battle/CommonEffect/Fx_ZhouShang_01,,[100003],,-1,0,,-1,,-1,0,-1,,[1|201|301],[1|201|301],{1:0|201:1|301:2},1000,{1:BuffUpgradeData},[],
1001211,repel,3,4,-1,-1,{3:0|4:1},,2|1000|100,,,,-1,-1,-1,,,,,,,,,,,1,0,,-1,,-1,0,-1,,[1|8],[1|8],{1:0|8:1},-1,{1:BuffUpgradeData},[],
1001212,repel,3,4,-1,-1,{3:0|4:1},,2|1000|100,,,,-1,-1,-1,,,,,,,,,,,1,0,,-1,,-1,0,-1,,[1|8],[1|8],{1:0|8:1},-1,{1:BuffUpgradeData},[],
1001213,repel,3,4,-1,-1,{3:0|4:1},,2|1000|100,,,,-1,-1,-1,,,,,,,,,,,1,0,,-1,,-1,0,-1,,[1|8],[1|8],{1:0|8:1},-1,{1:BuffUpgradeData},[],
1001214,repel,3,4,-1,-1,{3:0|4:1},,2|1000|100,,,,-1,-1,-1,,,,,,,,,,,1,0,,-1,,-1,0,-1,,[1|8],[1|8],{1:0|8:1},-1,{1:BuffUpgradeData},[],
1001221,,30,-1,-1,-1,{30:0},3000,,,,,-1,-1,-1,,,,,,,,,,,-1,0,,-1,,-1,0,-1,,[0|30],[0|30],{0:0|30:1},-1,{1:BuffUpgradeData},[],
1001222,,30,-1,-1,-1,{30:0},3000,,,,,-1,-1,-1,,,,,,,,,,,-1,0,,-1,,-1,0,-1,,[0|30],[0|30],{0:0|30:1},-1,{1:BuffUpgradeData},[],
1001223,,30,-1,-1,-1,{30:0},3000,,,,,-1,-1,-1,,,,,,,,,,,-1,0,,-1,,-1,0,-1,,[0|30],[0|30],{0:0|30:1},-1,{1:BuffUpgradeData},[],
1001224,,30,-1,-1,-1,{30:0},3000,,,,,-1,-1,-1,,,,,,,,,,,-1,0,,-1,,-1,0,-1,,[0|30],[0|30],{0:0|30:1},-1,{1:BuffUpgradeData},[],
1001231,,30,-1,-1,-1,{30:0},3000,,,,,-1,-1,-1,,,,,,,,,,,-1,0,,-1,,-1,0,-1,,[0|30],[0|30],{0:0|30:1},-1,{1:BuffUpgradeData},[],
1001232,,30,-1,-1,-1,{30:0},3000,,,,,-1,-1,-1,,,,,,,,,,,-1,0,,-1,,-1,0,-1,,[0|30],[0|30],{0:0|30:1},-1,{1:BuffUpgradeData},[],
1001233,,30,-1,-1,-1,{30:0},3000,,,,,-1,-1,-1,,,,,,,,,,,-1,0,,-1,,-1,0,-1,,[0|30],[0|30],{0:0|30:1},-1,{1:BuffUpgradeData},[],
1001234,,30,-1,-1,-1,{30:0},3000,,,,,-1,-1,-1,,,,,,,,,,,-1,0,,-1,,-1,0,-1,,[0|30],[0|30],{0:0|30:1},-1,{1:BuffUpgradeData},[],
1001241,,48,-1,-1,-1,{48:0},20|800,,,,,-1,-1,-1,,[1],,,,,,,,,-1,0,,-1,,-1,0,-1,,[0],[0],{0:0},-1,{1:BuffUpgradeData},[],
1001246,,48,-1,-1,-1,{48:0},20|1400,,,,,-1,-1,-1,,[1],,,,,,,,,-1,0,,-1,,-1,0,-1,,[0],[0],{0:0},-1,{1:BuffUpgradeData},[],
1001247,,48,-1,-1,-1,{48:0},20|1400,,,,,-1,-1,-1,,[1],,,,,,,,,-1,0,,-1,,-1,0,-1,,[0],[0],{0:0},-1,{1:BuffUpgradeData},[],
1001248,,48,-1,-1,-1,{48:0},20|1400,,,,,-1,-1,-1,,[1],,,,,,,,,-1,0,,-1,,-1,0,-1,,[0],[0],{0:0},-1,{1:BuffUpgradeData},[],
1001301,,5,-1,-1,-1,{5:0},30002|1|5000|10000|1|0|30002002,,,,,-1,1,-1,,[1],0|0|0|1000|0|0|0,,,,,,,,-1,0,,-1,,3,0,-1,,[2],[2],{2:0},-1,{1:BuffUpgradeData},[],
1001302,,5,-1,-1,-1,{5:0},30002|1|5000|15000|1|0|30002002,,,,,-1,1,-1,,[1],0|0|0|1000|0|0|0,,,,,,,,-1,0,,-1,,3,0,-1,,[2],[2],{2:0},-1,{1:BuffUpgradeData},[],
1001303,,5,-1,-1,-1,{5:0},30002|1|5000|20000|1|0|30002002,,,,,-1,1,-1,,[1],0|0|0|1000|0|0|0,,,,,,,,-1,0,,-1,,3,0,-1,,[2],[2],{2:0},-1,{1:BuffUpgradeData},[],
1001304,,5,-1,-1,-1,{5:0},30002|1|5000|35000|1|0|30002002,,,,,-1,1,-1,,[1],0|0|0|1000|0|0|0,,,,,,,,-1,0,,-1,,3,0,-1,,[2],[2],{2:0},-1,{1:BuffUpgradeData},[],
1001311,fly,3,-1,-1,-1,{3:0},,,,,,-1,-1,-1,,,,,,,Effect/Battle/CommonEffect/Fx_XuanYun_Buff,,[100001],,1,0,,-1,,-1,0,-1,,[1|9],[1|9],{1:0|9:1},-1,{1:BuffUpgradeData},[],
1001312,fly,3,-1,-1,-1,{3:0},,,,,,-1,-1,-1,,,,,,,Effect/Battle/CommonEffect/Fx_XuanYun_Buff,,[100001],,1,0,,-1,,-1,0,-1,,[1|9],[1|9],{1:0|9:1},-1,{1:BuffUpgradeData},[],
1001313,fly,3,-1,-1,-1,{3:0},,,,,,-1,-1,-1,,,,,,,Effect/Battle/CommonEffect/Fx_XuanYun_Buff,,[100001],,1,0,,-1,,-1,0,-1,,[1|9],[1|9],{1:0|9:1},-1,{1:BuffUpgradeData},[],
1001314,fly,3,-1,-1,-1,{3:0},,,,,,-1,-1,-1,,,,,,,Effect/Battle/CommonEffect/Fx_XuanYun_Buff,,[100001],,1,0,,-1,,-1,0,-1,,[1|9],[1|9],{1:0|9:1},-1,{1:BuffUpgradeData},[],
1001401,,48,48,-1,-1,{48:1},82|2000,,,,,-1,1,-1,,[1],,,,,Effect/Battle/Wrestler_Skill_01,,[1001401],,-1,100,,-1,,-1,0,-1,,[2],[2],{2:0},-1,{1:BuffUpgradeData},[],
1001402,,48,48,-1,-1,{48:1},82|2000,6|5000,,,,-1,1,-1,,[1],,,,,Effect/Battle/Wrestler_Skill_01,,[1001401],,-1,100,,-1,,-1,0,-1,,[2],[2],{2:0},-1,{1:BuffUpgradeData},[],
1001403,,48,48,-1,-1,{48:1},82|2000,6|5000,,,,-1,1,-1,,[1],,,,,Effect/Battle/Wrestler_Skill_01,,[1001401],,-1,100,,-1,,-1,0,-1,,[2],[2],{2:0},-1,{1:BuffUpgradeData},[],
1001404,,48,48,-1,-1,{48:1},82|3000,6|5000,,,,-1,1,-1,,[1],,,,,Effect/Battle/Wrestler_Skill_01,,[1001401],,-1,100,,-1,,-1,0,-1,,[2],[2],{2:0},-1,{1:BuffUpgradeData},[],
1001411,,-1,-1,-1,-1,{},,,,,,-1,-1,-1,,,,,,,,,[1001401],,-1,0,,-1,,-1,0,-1,,[10014],[10014],{10014:0},-1,{1:BuffUpgradeData},[],
1001412,,14,-1,-1,-1,{14:0},10014202|2,,,,,-1,-1,-1,,,,,,,,,[1001401],,-1,0,,2,,1,0,-1,,[10014],[10014],{10014:0},-1,{1:BuffUpgradeData},[],
1001413,,14,-1,-1,-1,{14:0},10014202|3,,,,,-1,-1,-1,,,,,,,,,[1001401],,-1,0,,3,,1,0,-1,,[10014],[10014],{10014:0},-1,{1:BuffUpgradeData},[],
1001414,,14,-1,-1,-1,{14:0},10014202|4,,,,,-1,-1,-1,,,,,,,,,[1001401],,-1,0,,4,,1,0,-1,,[10014],[10014],{10014:0},-1,{1:BuffUpgradeData},[],
1001421,,7,-1,-1,-1,{7:0},10014|1,,,,,-1,-1,-1,,,,,,,,,[1001401],,-1,0,,-1,,-1,0,-1,,[2],[2],{2:0},-1,{1:BuffUpgradeData},[],
1001422,,7,-1,-1,-1,{7:0},10014|1,,,,,-1,-1,-1,,,,,,,,,[1001401],,-1,0,,-1,,-1,0,-1,,[2],[2],{2:0},-1,{1:BuffUpgradeData},[],
1001423,,7,-1,-1,-1,{7:0},10014|1,,,,,-1,-1,-1,,,,,,,,,[1001401],,-1,0,,-1,,-1,0,-1,,[2],[2],{2:0},-1,{1:BuffUpgradeData},[],
1001424,,7,-1,-1,-1,{7:0},10014|1,,,,,-1,-1,-1,,,,,,,,,[1001401],,-1,0,,-1,,-1,0,-1,,[2],[2],{2:0},-1,{1:BuffUpgradeData},[],
1001431,,37,-1,-1,-1,{37:0},1000|34|1000|10000,,,,,-1,1,-1,,[1],0|0|50|0,,,,,,[1001401],,-1,0,,-1,,-1,0,-1,,[0],[0],{0:0},1000,{1:BuffUpgradeData},[],
1001432,,37,-1,-1,-1,{37:0},1000|34|1250|15000,,,,,-1,1,-1,,[1],0|0|50|0,,,,,,[1001401],,-1,0,,-1,,-1,0,-1,,[0],[0],{0:0},1000,{1:BuffUpgradeData},[],
1001433,,37,-1,-1,-1,{37:0},1000|34|1500|20000,,,,,-1,1,-1,,[1],0|0|50|0,,,,,,[1001401],,-1,0,,-1,,-1,0,-1,,[0],[0],{0:0},1000,{1:BuffUpgradeData},[],
1001434,,37,-1,-1,-1,{37:0},1000|34|1750|25000,,,,,-1,1,-1,,[1],0|0|50|0,,,,,,[1001401],,-1,0,,-1,,-1,0,-1,,[0],[0],{0:0},1000,{1:BuffUpgradeData},[],
1001501,,30,-1,-1,-1,{30:0},-2500,,,,,-1,-1,-1,,,,,,,,,,,-1,100,,-1,,-1,0,-1,,[1|301],[1|301],{1:0|301:1},-1,{1:BuffUpgradeData},[],
1001502,,30,-1,-1,-1,{30:0},-2500,,,,,-1,-1,-1,,,,,,,,,,,-1,100,,-1,,-1,0,-1,,[1|301],[1|301],{1:0|301:1},-1,{1:BuffUpgradeData},[],
1001503,,30,-1,-1,-1,{30:0},-2500,,,,,-1,-1,-1,,,,,,,,,,,-1,100,,-1,,-1,0,-1,,[1|301],[1|301],{1:0|301:1},-1,{1:BuffUpgradeData},[],
1001504,,30,-1,-1,-1,{30:0},-2500,,,,,-1,-1,-1,,,,,,,,,,,-1,100,,-1,,-1,0,-1,,[1|301],[1|301],{1:0|301:1},-1,{1:BuffUpgradeData},[],
1001511,,7,48,-1,-1,{7:0|48:1},1|4,103|1500,,,,-1,-1,-1,,,,0|100,,,,,,,-1,0,,-1,,-1,0,-1,,[0],[0],{0:0},-1,{1:BuffUpgradeData},[],
1001512,,7,48,-1,-1,{7:0|48:1},1|5,103|1500,,,,-1,-1,-1,,,,0|100,,,,,,,-1,0,,-1,,-1,0,-1,,[0],[0],{0:0},-1,{1:BuffUpgradeData},[],
1001513,,7,48,-1,-1,{7:0|48:1},1|6,103|1500,,,,-1,-1,-1,,,,0|100,,,,,,,-1,0,,-1,,-1,0,-1,,[0],[0],{0:0},-1,{1:BuffUpgradeData},[],
1001514,,7,48,-1,-1,{7:0|48:1},1|8,103|1500,,,,-1,-1,-1,,,,0|100,,,,,,,-1,0,,-1,,-1,0,-1,,[0],[0],{0:0},-1,{1:BuffUpgradeData},[],
1001601,,48,16,48,-1,{48:2|16:1},6|5000,3500,"15|2000,103|1500",,,-1,-1,-1,,,,,"0|50,0|50",,Effect/Battle/Fighter_Skill2,,[1001601],,-1,0,,-1,,-1,0,-1,,[0],[0],{0:0},-1,{1:BuffUpgradeData},[],
1001602,,48,16,48,-1,{48:2|16:1},6|5000,3500,"15|2250,103|1750",,,-1,-1,-1,,,,,"0|50,0|50",,Effect/Battle/Fighter_Skill2,,[1001601],,-1,0,,-1,,-1,0,-1,,[0],[0],{0:0},-1,{1:BuffUpgradeData},[],
1001603,,48,16,48,-1,{48:2|16:1},6|5000,3500,"15|2500,103|2000",,,-1,-1,-1,,,,,"0|50,0|50",,Effect/Battle/Fighter_Skill2,,[1001601],,-1,0,,-1,,-1,0,-1,,[0],[0],{0:0},-1,{1:BuffUpgradeData},[],
1001604,,48,16,48,-1,{48:2|16:1},6|5000,3500,"15|3500,103|3000",,,-1,-1,-1,,,,,"0|50,0|50",,Effect/Battle/Fighter_Skill2,,[1001601],,-1,0,,-1,,-1,0,-1,,[0],[0],{0:0},-1,{1:BuffUpgradeData},[],
1001701,stun,3,-1,-1,-1,{3:0},,,,,,-1,-1,-1,,,,,,,Effect/Battle/CommonEffect/Fx_XuanYun_Buff,,[100001],,-1,0,,-1,,-1,0,-1,,[1|3],[1|3],{1:0|3:1},-1,{1:BuffUpgradeData},[],
1001702,stun,3,-1,-1,-1,{3:0},,,,,,-1,-1,-1,,,,,,,Effect/Battle/CommonEffect/Fx_XuanYun_Buff,,[100001],,-1,0,,-1,,-1,0,-1,,[1|3],[1|3],{1:0|3:1},-1,{1:BuffUpgradeData},[],
1001703,stun,3,-1,-1,-1,{3:0},,,,,,-1,-1,-1,,,,,,,Effect/Battle/CommonEffect/Fx_XuanYun_Buff,,[100001],,-1,0,,-1,,-1,0,-1,,[1|3],[1|3],{1:0|3:1},-1,{1:BuffUpgradeData},[],
1001704,stun,3,-1,-1,-1,{3:0},,,,,,-1,-1,-1,,,,,,,Effect/Battle/CommonEffect/Fx_XuanYun_Buff,,[100001],,-1,0,,-1,,-1,0,-1,,[1|3],[1|3],{1:0|3:1},-1,{1:BuffUpgradeData},[],
1001705,,48,-1,-1,-1,{48:0},73|1500,,,,,-1,-1,-1,,,,,,,,,,,-1,0,,-1,,-1,0,-1,,[0],[0],{0:0},-1,{1:BuffUpgradeData},[],
1001711,,9,-1,-1,-1,{9:0},1|1|4|4500|4000,,,,,-1,-1,-1,,,0|0|0|300|0,,,,Effect/Battle/Barbarian_Skill1,,[1001711],,-1,0,,-1,,-1,0,-1,,[0|4],[0|4],{0:0|4:1},-1,{1:BuffUpgradeData},[],
1001712,,9,30,-1,-1,{9:0|30:1},1|1|4|5000|4000,2500,,,,-1,-1,-1,,,0|0|0|300|0,,,,Effect/Battle/Barbarian_Skill1,,[1001711],,-1,0,,-1,,-1,0,-1,,[0|4],[0|4],{0:0|4:1},-1,{1:BuffUpgradeData},[],
1001713,,9,30,-1,-1,{9:0|30:1},1|1|4|5500|4000,2500,,,,-1,-1,-1,,,0|0|0|300|0,,,,Effect/Battle/Barbarian_Skill1,,[1001711],,-1,0,,-1,,-1,0,-1,,[0|4],[0|4],{0:0|4:1},-1,{1:BuffUpgradeData},[],
1001714,,9,30,48,-1,{9:0|30:1|48:2},1|1|4|6000|4000,2500,83|2500,,,-1,-1,-1,,,0|0|0|300|0,,,,Effect/Battle/Barbarian_Skill1,,[1001711],,-1,0,,-1,,-1,0,-1,,[0|4],[0|4],{0:0|4:1},-1,{1:BuffUpgradeData},[],
1001721,,8,48,-1,-1,{8:0|48:1},,103|-4000,,,,-1,-1,-1,,,,0|-100,,,Effect/Battle/CommonEffect/Fx_ChaoFeng_01,,[1001721],,-1,0,,-1,,-1,0,-1,,[1|14],[1|14],{1:0|14:1},-1,{1:BuffUpgradeData},[],
1001722,,8,48,-1,-1,{8:0|48:1},,103|-4500,,,,-1,-1,-1,,,,0|-100,,,Effect/Battle/CommonEffect/Fx_ChaoFeng_01,,[1001721],,-1,0,,-1,,-1,0,-1,,[1|14],[1|14],{1:0|14:1},-1,{1:BuffUpgradeData},[],
1001723,,8,48,-1,-1,{8:0|48:1},,103|-5000,,,,-1,-1,-1,,,,0|-100,,,Effect/Battle/CommonEffect/Fx_ChaoFeng_01,,[1001721],,-1,0,,-1,,-1,0,-1,,[1|14],[1|14],{1:0|14:1},-1,{1:BuffUpgradeData},[],
1001724,,8,48,-1,-1,{8:0|48:1},,103|-5500,,,,-1,-1,-1,,,,0|-100,,,Effect/Battle/CommonEffect/Fx_ChaoFeng_01,,[1001721],,-1,0,,-1,,-1,0,-1,,[1|14],[1|14],{1:0|14:1},-1,{1:BuffUpgradeData},[],
1001725,,19,-1,-1,-1,{19:0},1|2,,,,,-1,-1,-1,,,,,,,Effect/Battle/CommonEffect/Fx_ChaoFeng_01,,[100008],,-1,0,,-1,,-1,0,-1,,[1|5|301],[1|5|301],{1:0|5:1|301:2},-1,{1:BuffUpgradeData},[],
1001726,stun,3,-1,-1,-1,{3:0},,,,,[10017],-1,-1,-1,,,,,,,,,[100001],,-1,0,,-1,,-1,0,-1,,[1|3],[1|3],{1:0|3:1},-1,{1:BuffUpgradeData},[],
1001731,,48,-1,-1,-1,{48:0},6|-2000,,,,,-1,-1,-1,,,,,,,,,[100011],,-1,0,,-1,,-1,0,-1,,[1|301],[1|301],{1:0|301:1},-1,{1:BuffUpgradeData},[],
1001732,,48,-1,-1,-1,{48:0},6|-2000,,,,,-1,-1,-1,,,,,,,,,[100011],,-1,0,,-1,,-1,0,-1,,[1|301],[1|301],{1:0|301:1},-1,{1:BuffUpgradeData},[],
1001733,,48,-1,-1,-1,{48:0},6|-2000,,,,,-1,-1,-1,,,,,,,,,[100011],,-1,0,,-1,,-1,0,-1,,[1|301],[1|301],{1:0|301:1},-1,{1:BuffUpgradeData},[],
1001734,,48,-1,-1,-1,{48:0},6|-2000,,,,,-1,-1,-1,,,,,,,,,[100011],,-1,0,,-1,,-1,0,-1,,[1|301],[1|301],{1:0|301:1},-1,{1:BuffUpgradeData},[],
1001741,,-1,-1,-1,-1,{},,,,,,-1,1,-1,,[1],,,,,,,,,-1,0,,-1,,-1,0,-1,,[0],[0],{0:0},-1,{1:BuffUpgradeData},[],
1001742,,-1,-1,-1,-1,{},,,,,,-1,1,-1,,[1],,,,,,,,,-1,0,,-1,,-1,0,-1,,[0],[0],{0:0},-1,{1:BuffUpgradeData},[],
1001743,,-1,-1,-1,-1,{},,,,,,-1,1,-1,,[1],,,,,,,,,-1,0,,-1,,-1,0,-1,,[0],[0],{0:0},-1,{1:BuffUpgradeData},[],
1001744,,10,-1,-1,-1,{10:0},3,,,,,-1,1,-1,,[1],,,,,,,,,-1,0,,-1,,-1,0,-1,,[0],[0],{0:0},-1,{1:BuffUpgradeData},[],
1001751,,-1,-1,-1,-1,{},,,,,,-1,-1,-1,,[1],,,,,,,[1001751],,-1,0,,-1,,-1,0,-1,,[2],[2],{2:0},-1,{1:BuffUpgradeData},[],
1001752,,15,14,-1,-1,{15:0|14:1},12|2|0|19|0|-1500|0|1,10017803|1|0,,,,-1,-1,-1,,[1],,,,,,,,,-1,0,,-1,,-1,0,-1,,[1],[1],{1:0},-1,{1:BuffUpgradeData},[],
1001753,,-1,-1,-1,-1,{},,,,,,-1,-1,-1,,[1],,,,,,,[1001751],,-1,0,,-1,,-1,0,-1,,[2|10017],[2|10017],{2:0|10017:1},-1,{1:BuffUpgradeData},[],
1001754,,20,-1,-1,-1,{20:0},1|20|1001757,,,,,-1,-1,-1,,[2|1001702],,,,,,,,,-1,0,,40,,1,0,-1,,[2|10017|1001701],[2|10017|1001701],{2:0|10017:1|1001701:2},-1,{1:BuffUpgradeData},[],
1001755,,14,-1,-1,-1,{14:0},10017804|1|0,,,,,-1,-1,-1,,[2|1001702],,,,,,,,,-1,0,,-1,,-1,0,-1,,[2|1001701],[2|1001701],{2:0|1001701:1},-1,{1:BuffUpgradeData},[],
1001756,,23,-1,-1,-1,{23:0},0|10017805|2|1500|6|0|0|0,,,,,-1,-1,-1,,[2|1001702],,,,,,,,,-1,0,,-1,,-1,0,-1,,[2|1001701],[2|1001701],{2:0|1001701:1},-1,{1:BuffUpgradeData},[],
1001757,,7,-1,-1,-1,{7:0},1001701|0,,,,,-1,-1,-1,,[1],,,,,,,,,-1,0,,-1,,-1,0,-1,,[2|1001702],[2|1001702],{2:0|1001702:1},-1,{1:BuffUpgradeData},[],
1001758,,19,-1,-1,-1,{19:0},10017,,,,,-1,-1,-1,,[2|1001704],,,,,,,,,-1,0,,-1,,-1,0,-1,,[2|1001703],[2|1001703],{2:0|1001703:1},-1,{1:BuffUpgradeData},[],
1001759,,7,-1,-1,-1,{7:0},1001703|0,,,,,-1,-1,-1,,[1],,,,,,,,,-1,0,,-1,,-1,0,-1,,[2|1001704],[2|1001704],{2:0|1001704:1},-1,{1:BuffUpgradeData},[],
1001760,,-1,-1,-1,-1,{},,,,,,-1,-1,-1,,[1],,,,,,,[10017802],,-1,0,,-1,,-1,0,-1,,[0],[0],{0:0},-1,{1:BuffUpgradeData},[],
1001761,,48,-1,-1,-1,{48:0},104|2000,,,,,-1,-1,-1,,[1],,,,,,,,,-1,0,,-1,,-1,0,-1,,[0],[0],{0:0},-1,{1:BuffUpgradeData},[],
1001762,,48,-1,-1,-1,{48:0},"4019|400,4104|1000",,,,,-1,-1,-1,,[1],,,,,,,,,-1,0,,-1,,-1,0,-1,,[0],[0],{0:0},-1,{1:BuffUpgradeData},[],
1001771,,41,-1,-1,-1,{41:0},"6011|2000,4|2000",,,,,-1,1,-1,,[1],,,,,,,,,-1,0,,-1,,-1,0,-1,,[0],[0],{0:0},-1,{1:BuffUpgradeData},[],
1001772,,41,-1,-1,-1,{41:0},"6011|3500,4|3500",,,,,-1,1,-1,,[1],,,,,,,,,-1,0,,-1,,-1,0,-1,,[0],[0],{0:0},-1,{1:BuffUpgradeData},[],
1001773,,41,-1,-1,-1,{41:0},"6011|3500,4|3500",,,,,-1,1,-1,,[1],,,,,,,,,-1,0,,-1,,-1,0,-1,,[0],[0],{0:0},-1,{1:BuffUpgradeData},[],
1001774,,41,-1,-1,-1,{41:0},"6011|3500,4|3500",,,,,-1,1,-1,,[1],,,,,,,,,-1,0,,-1,,-1,0,-1,,[0],[0],{0:0},-1,{1:BuffUpgradeData},[],
1001801,,30,7,-1,-1,{30:0|7:1},3600,1|0,,,,-1,-1,-1,,,40,,,,Effect/Battle/SecretKeeper_Skill0,,[1001801],,-1,0,,-1,,-1,0,-1,,[0|30],[0|30],{0:0|30:1},-1,{1:BuffUpgradeData},[],
1001802,,30,7,-1,-1,{30:0|7:1},3800,1|0,,,,-1,-1,-1,,,40,,,,Effect/Battle/SecretKeeper_Skill0,,[1001801],,-1,0,,-1,,-1,0,-1,,[0|30],[0|30],{0:0|30:1},-1,{1:BuffUpgradeData},[],
1001803,,30,7,-1,-1,{30:0|7:1},4000,1|0,,,,-1,-1,-1,,,40,,,,Effect/Battle/SecretKeeper_Skill0,,[1001801],,-1,0,,-1,,-1,0,-1,,[0|30],[0|30],{0:0|30:1},-1,{1:BuffUpgradeData},[],
1001804,,30,7,-1,-1,{30:0|7:1},4200,1|0,,,,-1,-1,-1,,,40,,,,Effect/Battle/SecretKeeper_Skill0,,[1001801],,-1,0,,-1,,-1,0,-1,,[0|30],[0|30],{0:0|30:1},-1,{1:BuffUpgradeData},[],
1001811,,19,-1,-1,-1,{19:0},1|2,,,,,-1,-1,-1,,,,,,,Effect/Battle/SecretKeeper_Skill2_Buff,,[100008],,-1,0,,-1,,-1,0,-1,,[1|5|301],[1|5|301],{1:0|5:1|301:2},-1,{1:BuffUpgradeData},[],
1001812,,19,-1,-1,-1,{19:0},1|2,,,,,-1,-1,-1,,,,,,,Effect/Battle/SecretKeeper_Skill2_Buff,,[100008],,-1,0,,-1,,-1,0,-1,,[1|5|301],[1|5|301],{1:0|5:1|301:2},-1,{1:BuffUpgradeData},[],
1001813,,19,-1,-1,-1,{19:0},1|2,,,,,-1,-1,-1,,,,,,,Effect/Battle/SecretKeeper_Skill2_Buff,,[100008],,-1,0,,-1,,-1,0,-1,,[1|5|301],[1|5|301],{1:0|5:1|301:2},-1,{1:BuffUpgradeData},[],
1001814,,19,-1,-1,-1,{19:0},1|2,,,,,-1,-1,-1,,,,,,,Effect/Battle/SecretKeeper_Skill2_Buff,,[100008],,-1,0,,-1,,-1,0,-1,,[1|5|301],[1|5|301],{1:0|5:1|301:2},-1,{1:BuffUpgradeData},[],
1001815,,48,-1,-1,-1,{48:0},80|-1500,,,,,-1,-1,-1,,,,,,,,,,,-1,0,,-1,,-1,0,-1,,[1|301],[1|301],{1:0|301:1},-1,{1:BuffUpgradeData},[],
1001821,,30,-1,-1,-1,{30:0},10000,,,,,-1,-1,-1,,,,,,,,,,,-1,0,,-1,,-1,0,-1,,[0|30],[0|30],{0:0|30:1},-1,{1:BuffUpgradeData},[],
1001822,,30,-1,-1,-1,{30:0},10000,,,,,-1,-1,-1,,,,,,,,,,,-1,0,,-1,,-1,0,-1,,[0|30],[0|30],{0:0|30:1},-1,{1:BuffUpgradeData},[],
1001823,,30,-1,-1,-1,{30:0},10000,,,,,-1,-1,-1,,,,,,,,,,,-1,0,,-1,,-1,0,-1,,[0|30],[0|30],{0:0|30:1},-1,{1:BuffUpgradeData},[],
1001824,,30,-1,-1,-1,{30:0},10000,,,,,-1,-1,-1,,,,,,,,,,,-1,0,,-1,,-1,0,-1,,[0|30],[0|30],{0:0|30:1},-1,{1:BuffUpgradeData},[],
1001831,,9,-1,-1,-1,{9:0},1|1|4|1000|4000,,,,,-1,-1,-1,,,0|0|0|50|0,,,,Effect/Battle/SecretKeeper_Skill0,,[1001801],,-1,0,,-1,,-1,0,-1,,[0|4],[0|4],{0:0|4:1},-1,{1:BuffUpgradeData},[],
1001832,,9,-1,-1,-1,{9:0},1|1|4|1250|4000,,,,,-1,-1,-1,,,0|0|0|50|0,,,,Effect/Battle/SecretKeeper_Skill0,,[1001801],,-1,0,,-1,,-1,0,-1,,[0|4],[0|4],{0:0|4:1},-1,{1:BuffUpgradeData},[],
1001833,,9,-1,-1,-1,{9:0},1|1|4|1500|4000,,,,,-1,-1,-1,,,0|0|0|50|0,,,,Effect/Battle/SecretKeeper_Skill0,,[1001801],,-1,0,,-1,,-1,0,-1,,[0|4],[0|4],{0:0|4:1},-1,{1:BuffUpgradeData},[],
1001834,,9,-1,-1,-1,{9:0},1|1|4|1750|4000,,,,,-1,-1,-1,,,0|0|0|50|0,,,,Effect/Battle/SecretKeeper_Skill0,,[1001801],,-1,0,,-1,,-1,0,-1,,[0|4],[0|4],{0:0|4:1},-1,{1:BuffUpgradeData},[],
1001835,,9,-1,-1,-1,{9:0},1|1|4|400|4000,,,,,-1,-1,-1,,,,,,,,,[1001801],,-1,0,,-1,,-1,0,-1,,[0|4],[0|4],{0:0|4:1},-1,{1:BuffUpgradeData},[],
1001836,,9,-1,-1,-1,{9:0},1|1|4|800|4000,,,,,-1,-1,-1,,,,,,,,,[1001801],,-1,0,,-1,,-1,0,-1,,[0|4],[0|4],{0:0|4:1},-1,{1:BuffUpgradeData},[],
1001840,,19,-1,-1,-1,{19:0},1|2,,,,,-1,-1,-1,,,,,,,Effect/Battle/SecretKeeper_Skill0,,[100008],,-1,0,,-1,,-1,0,-1,,[1|5|301],[1|5|301],{1:0|5:1|301:2},-1,{1:BuffUpgradeData},[],
1001841,,30,7,50,-1,{30:0|7:1|50:2},3600,1|0,1|2000,,,-1,-1,-1,,,40,,,,Effect/Battle/SecretKeeper_Skill0,,[1001802],,-1,0,,-1,,-1,0,-1,,[0|30],[0|30],{0:0|30:1},-1,{1:BuffUpgradeData},[],
1001842,,30,7,50,-1,{30:0|7:1|50:2},3800,1|0,1|2000,,,-1,-1,-1,,,40,,,,Effect/Battle/SecretKeeper_Skill0,,[1001802],,-1,0,,-1,,-1,0,-1,,[0|30],[0|30],{0:0|30:1},-1,{1:BuffUpgradeData},[],
1001843,,30,7,50,-1,{30:0|7:1|50:2},4000,1|0,1|2000,,,-1,-1,-1,,,40,,,,Effect/Battle/SecretKeeper_Skill0,,[1001802],,-1,0,,-1,,-1,0,-1,,[0|30],[0|30],{0:0|30:1},-1,{1:BuffUpgradeData},[],
1001844,,30,7,50,-1,{30:0|7:1|50:2},4200,1|0,1|2000,,,-1,-1,-1,,,40,,,,Effect/Battle/SecretKeeper_Skill0,,[1001802],,-1,0,,-1,,-1,0,-1,,[0|30],[0|30],{0:0|30:1},-1,{1:BuffUpgradeData},[],
1001851,,9,-1,-1,-1,{9:0},1|0|3|18000|5000,,,,,-1,-1,-1,,,,,,,,,[1001801],,-1,0,,-1,,-1,0,-1,,[0|4],[0|4],{0:0|4:1},-1,{1:BuffUpgradeData},[],
1001852,,9,-1,-1,-1,{9:0},1|0|3|22000|5000,,,,,-1,-1,-1,,,,,,,,,[1001801],,-1,0,,-1,,-1,0,-1,,[0|4],[0|4],{0:0|4:1},-1,{1:BuffUpgradeData},[],
1001853,,9,-1,-1,-1,{9:0},1|0|3|30000|5000,,,,,-1,-1,-1,,,,,,,,,[1001801],,-1,0,,-1,,-1,0,-1,,[0|4],[0|4],{0:0|4:1},-1,{1:BuffUpgradeData},[],
1001854,,-1,-1,-1,-1,{},,,,,,-1,1,-1,,[1],,,,,,,[10018802],,-1,0,,-1,,-1,0,-1,,[0],[0],{0:0},-1,{1:BuffUpgradeData},[],
1001855,,48,-1,-1,-1,{48:0},"3018|400,3104|1000",,,,,-1,1,-1,,[1],,,,,,,,,-1,0,,-1,,-1,0,-1,,[0],[0],{0:0},-1,{1:BuffUpgradeData},[],
1001861,,-1,-1,-1,-1,{},,,,,[2|1],-1,1,-1,,[1],,,,,,,,,-1,0,,-1,,-1,0,-1,,[0],[0],{0:0},-1,{1:BuffUpgradeData},[],
1001862,,48,-1,-1,-1,{48:0},21|750,,,,[2|1],-1,1,-1,,[1],,,,,,,,,-1,0,,-1,,-1,0,-1,,[0],[0],{0:0},-1,{1:BuffUpgradeData},[],
1001863,,48,-1,-1,-1,{48:0},21|750,,,,[2|1],-1,1,-1,,[1],,,,,,,,,-1,0,,-1,,-1,0,-1,,[0],[0],{0:0},-1,{1:BuffUpgradeData},[],
1001864,,48,-1,-1,-1,{48:0},21|1500,,,,[2|1],-1,1,-1,,[1],,,,,,,,,-1,0,,-1,,-1,0,-1,,[0],[0],{0:0},-1,{1:BuffUpgradeData},[],
1001901,,16,1,30,48,{16:0|1:1|30:2|48:3},1250,1|4|1000,1000,104|1500,,-1,-1,-1,,,,,,0|50,,,,,-1,0,,3,,1,0,-1,,[0|30],[0|30],{0:0|30:1},1000,{1:BuffUpgradeData},[],
1001902,,16,1,30,48,{16:0|1:1|30:2|48:3},1250,1|4|1500,1000,104|1750,,-1,-1,-1,,,,,,0|50,,,,,-1,0,,3,,1,0,-1,,[0|30],[0|30],{0:0|30:1},1000,{1:BuffUpgradeData},[],
1001903,,16,1,30,48,{16:0|1:1|30:2|48:3},1250,1|4|2000,1000,104|2000,,-1,-1,-1,,,,,,0|50,,,,,-1,0,,3,,1,0,-1,,[0|30],[0|30],{0:0|30:1},1000,{1:BuffUpgradeData},[],
1001904,,16,1,30,48,{16:0|1:1|30:2|48:3},1250,1|4|2500,1000,104|2250,,-1,-1,-1,,,,,,0|50,,,,,-1,0,,3,,1,0,-1,,[0|30],[0|30],{0:0|30:1},1000,{1:BuffUpgradeData},[],
1001911,,30,1,48,-1,{30:0|1:1|48:2},2500,1|3|2000,104|2000,,,-1,-1,-1,,,50,0|0|50,,,Effect/Battle/TreeGuard_Skill2_buff,,[1001911],,-1,0,,-1,,-1,0,-1,,[0|30],[0|30],{0:0|30:1},1000,{1:BuffUpgradeData},[],
1001912,,30,1,48,9,{30:0|1:1|48:2|9:3},2750,1|3|2500,104|2000,1|0|4|600|5000,,-1,-1,-1,,,50,0|0|50,,,Effect/Battle/TreeGuard_Skill2_buff,,[1001911],,-1,0,,-1,,-1,0,-1,,[0|30],[0|30],{0:0|30:1},1000,{1:BuffUpgradeData},[],
1001913,,30,1,48,9,{30:0|1:1|48:2|9:3},3000,1|3|3000,104|2000,1|0|4|600|5000,,-1,-1,-1,,,50,0|0|50,,,Effect/Battle/TreeGuard_Skill2_buff,,[1001911],,-1,0,,-1,,-1,0,-1,,[0|30],[0|30],{0:0|30:1},1000,{1:BuffUpgradeData},[],
1001914,,30,1,48,9,{30:0|1:1|48:2|9:3},3750,1|3|4500,104|2000,1|0|4|1200|5000,,-1,-1,-1,,,50,0|0|50,,,Effect/Battle/TreeGuard_Skill2_buff,,[1001911],,-1,0,,-1,,-1,0,-1,,[0|30],[0|30],{0:0|30:1},1000,{1:BuffUpgradeData},[],
1001915,,9,-1,-1,-1,{9:0},1|0|4|500|4000,,,,,-1,-1,-1,,,,,,,,,[1001911],,-1,0,,5,,1,0,-1,,[0|30],[0|30],{0:0|30:1},-1,{1:BuffUpgradeData},[],
1001916,,9,-1,-1,-1,{9:0},1|0|4|1000|4000,,,,,-1,-1,-1,,,,,,,,,[1001911],,-1,0,,5,,1,0,-1,,[0|30],[0|30],{0:0|30:1},-1,{1:BuffUpgradeData},[],
1001921,,42,-1,-1,-1,{42:0},4,,,,,-1,-1,-1,,,,,,,,,,,-1,0,,-1,,-1,0,-1,,[0],[0],{0:0},-1,{1:BuffUpgradeData},[],
1001922,,42,-1,-1,-1,{42:0},4,,,,,-1,-1,-1,,,,,,,,,,,-1,0,,-1,,-1,0,-1,,[0],[0],{0:0},-1,{1:BuffUpgradeData},[],
1001923,,42,-1,-1,-1,{42:0},4,,,,,-1,-1,-1,,,,,,,,,,,-1,0,,-1,,-1,0,-1,,[0],[0],{0:0},-1,{1:BuffUpgradeData},[],
1001924,,42,-1,-1,-1,{42:0},4,,,,,-1,-1,-1,,,,,,,,,,,-1,0,,-1,,-1,0,-1,,[0],[0],{0:0},-1,{1:BuffUpgradeData},[],
1001925,stun,3,-1,-1,-1,{3:0},,,,,,-1,-1,-1,,,,,,,,,[100001],,-1,0,,-1,,-1,0,-1,,[1|3],[1|3],{1:0|3:1},-1,{1:BuffUpgradeData},[],
1001931,,16,1,30,48,{16:0|1:1|30:2|48:3},1250,1|4|1000,1000,104|1500,,-1,-1,-1,,,,,,0|50,,,,,-1,0,,3,,1,0,-1,,[0|30],[0|30],{0:0|30:1},1000,{1:BuffUpgradeData},[],
1001932,,16,1,30,48,{16:0|1:1|30:2|48:3},1250,1|4|1250,1000,104|1750,,-1,-1,-1,,,,,,0|50,,,,,-1,0,,3,,1,0,-1,,[0|30],[0|30],{0:0|30:1},1000,{1:BuffUpgradeData},[],
1001933,,16,1,30,48,{16:0|1:1|30:2|48:3},1250,1|4|1500,1000,104|2000,,-1,-1,-1,,,,,,0|50,,,,,-1,0,,3,,1,0,-1,,[0|30],[0|30],{0:0|30:1},1000,{1:BuffUpgradeData},[],
1001934,,16,1,30,48,{16:0|1:1|30:2|48:3},1250,1|4|2000,1000,104|2250,,-1,-1,-1,,,,,,0|50,,,,,-1,0,,3,,1,0,-1,,[0|30],[0|30],{0:0|30:1},1000,{1:BuffUpgradeData},[],
1001935,,20,-1,-1,-1,{20:0},1|6|1001936,,,,,-1,-1,-1,,[2|1001902],,,,,,,,,-1,0,,6,,1,0,-1,,[2|1001901],[2|1001901],{2:0|1001901:1},-1,{1:BuffUpgradeData},[],
1001936,,23,7,-1,-1,{23:0|7:1},1|10019503|2|350|1|0|0|0,1001901|0,,,,-1,-1,-1,,,,,,,,,,,-1,0,,-1,,-1,0,-1,,[2|1001902],[2|1001902],{2:0|1001902:1},-1,{1:BuffUpgradeData},[],
1001937,,20,-1,-1,-1,{20:0},1|6|1001938,,,,,-1,-1,-1,,[2|1001902],,,,,,,,,-1,0,,6,,1,0,-1,,[2|1001901],[2|1001901],{2:0|1001901:1},-1,{1:BuffUpgradeData},[],
1001938,,23,7,-1,-1,{23:0|7:1},1|10019533|2|350|1|0|0|0,1001901|0,,,,-1,-1,-1,,,,,,,,,,,-1,0,,-1,,-1,0,-1,,[2|1001902],[2|1001902],{2:0|1001902:1},-1,{1:BuffUpgradeData},[],
1001939,,30,-1,-1,-1,{30:0},-1000,,,,,-1,-1,-1,,,,,,,,,,,-1,0,,-1,,-1,0,-1,,[1|301],[1|301],{1:0|301:1},-1,{1:BuffUpgradeData},[],
1001941,,64,-1,-1,-1,{64:0},1000|1000|1000|1000|6500|1000|0|18000|0,,,,,-1,-1,-1,,[1],,,,,,,[1001941],,-1,0,,-1,,-1,0,-1,,[2],[2],{2:0},500,{1:BuffUpgradeData},[],
1001942,,64,48,-1,-1,{64:0|48:1},2000|2000|2000|2000|6500|1000|0|18000|0,6500|16000,,,,-1,-1,-1,,[1],,,,,,,[1001941],,-1,0,,-1,,-1,0,-1,,[2],[2],{2:0},500,{1:BuffUpgradeData},[],
1001943,,31,34,48,30,{31:0|34:1|48:2|30:3},1|0|1,30021,"103|50000,104|50000,6500|16000",7500,,-1,-1,-1,,[1],,,,,,,[1001941],,-1,0,,-1,,-1,0,-1,,[2],[2],{2:0},-1,{1:BuffUpgradeData},[],
1001944,,-1,-1,-1,-1,{},,,,,,-1,1,-1,,[1],,,,,,,[10019802],,-1,0,,-1,,-1,0,-1,,[0],[0],{0:0},-1,{1:BuffUpgradeData},[],
1001945,,48,-1,-1,-1,{48:0},"5018|400,5104|1000",,,,,-1,1,-1,,[1],,,,,,,,,-1,0,,-1,,-1,0,-1,,[0],[0],{0:0},-1,{1:BuffUpgradeData},[],
1002001,skill2_loop,10,19,14,18,{10:0|19:1|14:2|18:3},3|7|8|9|12|15|16|17|18|204,1|2|4|5,10020302|1,,,-1,-1,-1,,,,,,,Effect/Battle/Swordinstructor_Skill2,,[1002001],,1,0,,-1,,-1,0,-1,,[2],[2],{2:0},-1,{1:BuffUpgradeData},[],
1002002,skill2_loop,10,19,14,18,{10:0|19:1|14:2|18:3},3|7|8|9|12|15|16|17|18|204,1|2|4|5,10020302|2,,,-1,-1,-1,,,,,,,Effect/Battle/Swordinstructor_Skill2,,[1002001],,1,0,,-1,,-1,0,-1,,[2],[2],{2:0},-1,{1:BuffUpgradeData},[],
1002003,skill2_loop,10,19,14,18,{10:0|19:1|14:2|18:3},3|7|8|9|12|15|16|17|18|204,1|2|4|5,10020302|3,,,-1,-1,-1,,,,,,,Effect/Battle/Swordinstructor_Skill2,,[1002001],,1,0,,-1,,-1,0,-1,,[2],[2],{2:0},-1,{1:BuffUpgradeData},[],
1002004,skill2_loop,10,19,14,18,{10:0|19:1|14:2|18:3},3|7|8|9|12|15|16|17|18|204,1|2|4|5,10020302|4,,,-1,-1,-1,,,,,,,Effect/Battle/Swordinstructor_Skill2,,[1002001],,1,0,,-1,,-1,0,-1,,[2],[2],{2:0},-1,{1:BuffUpgradeData},[],
1002005,,48,-1,-1,-1,{48:0},21|3000,,,,,-1,-1,-1,,,,,,,,,,,-1,0,,-1,,-1,0,-1,,[2],[2],{2:0},-1,{1:BuffUpgradeData},[],
1002006,,14,-1,-1,-1,{14:0},10020502|1|1,,,,[1|1002001],-1,-1,-1,,,,,,,,,,,-1,0,,-1,,-1,0,-1,,[2],[2],{2:0},-1,{1:BuffUpgradeData},[],
1002007,,14,-1,-1,-1,{14:0},10020502|4|1,,,,[1|1002001],-1,-1,-1,,,,,,,,,,,-1,0,,-1,,-1,0,-1,,[2],[2],{2:0},-1,{1:BuffUpgradeData},[],
1002011,,37,-1,-1,-1,{37:0},200|71|100|2000,,,,,-1,1,-1,,[1],0|0|0|50,,,,,,,,-1,0,,-1,,-1,0,-1,,[0],[0],{0:0},300,{1:BuffUpgradeData},[],
1002012,,37,-1,-1,-1,{37:0},200|71|100|2250,,,,,-1,1,-1,,[1],0|0|0|50,,,,,,,,-1,0,,-1,,-1,0,-1,,[0|1002001],[0|1002001],{0:0|1002001:1},300,{1:BuffUpgradeData},[],
1002013,,37,-1,-1,-1,{37:0},200|71|100|2500,,,,,-1,1,-1,,[1],0|0|0|50,,,,,,,,-1,0,,-1,,-1,0,-1,,[0|1002001],[0|1002001],{0:0|1002001:1},300,{1:BuffUpgradeData},[],
1002014,,37,-1,-1,-1,{37:0},200|71|100|3250,,,,,-1,1,-1,,[1],0|0|0|50,,,,,,,,-1,0,,-1,,-1,0,-1,,[0|1002001],[0|1002001],{0:0|1002001:1},300,{1:BuffUpgradeData},[],
1002015,stun,3,20,-1,-1,{3:0|20:1},,1|1|1002016,,,,-1,-1,-1,,,,,,,Effect/Battle/CommonEffect/Fx_XuanYun_Buff,,[100001],,-1,0,,-1,,-1,0,-1,,[1|3|1002002],[1|3|1002002],{1:0|3:1|1002002:2},-1,{1:BuffUpgradeData},[],
1002016,,10,-1,-1,-1,{10:0},1002002,,,,,-1,1,-1,,[1],,,,,,,,,-1,0,,-1,,-1,0,-1,,[2],[2],{2:0},-1,{1:BuffUpgradeData},[],
1002021,,28,-1,-1,-1,{28:0},5000|5000|5000|5000|10000|10020|1|0|1,,,,,-1,-1,-1,,,,,,,Effect/Battle/Barbarian_Skill1,,[1001711],,-1,0,,-1,,-1,0,-1,,[2],[2],{2:0},500,{1:BuffUpgradeData},[],
1002022,,28,-1,-1,-1,{28:0},5000|5000|5000|5000|10000|10020|1|0|1,,,,,-1,-1,-1,,,,,,,Effect/Battle/Barbarian_Skill1,,[1001711],,-1,0,,-1,,-1,0,-1,,[2],[2],{2:0},500,{1:BuffUpgradeData},[],
1002023,,28,-1,-1,-1,{28:0},5000|5000|5000|5000|10000|10020|1|0|1,,,,,-1,-1,-1,,,,,,,Effect/Battle/Barbarian_Skill1,,[1001711],,-1,0,,-1,,-1,0,-1,,[2],[2],{2:0},500,{1:BuffUpgradeData},[],
1002024,,28,-1,-1,-1,{28:0},5000|5000|5000|5000|10000|10020|1|0|1,,,,,-1,-1,-1,,,,,,,Effect/Battle/Barbarian_Skill1,,[1001711],,-1,0,,-1,,-1,0,-1,,[2],[2],{2:0},500,{1:BuffUpgradeData},[],
1002025,,6,-1,-1,-1,{6:0},0|10020|15000,,,,,-1,-1,-1,,,,,,,,,,,-1,0,,-1,,-1,0,-1,,[0],[0],{0:0},-1,{1:BuffUpgradeData},[],
1002031,,4,30,23,-1,{4:0|30:1|23:2},1|1000|100|0,3500,1|10020202|0|50|2|0|0|0,,,-1,-1,-1,,,,,,,,,,,-1,0,,-1,,-1,0,-1,,[0|30],[0|30],{0:0|30:1},-1,{1:BuffUpgradeData},[],
1002032,,4,30,23,-1,{4:0|30:1|23:2},1|1000|100|0,3500,1|10020212|0|50|2|0|0|0,,,-1,-1,-1,,,,,,,,,,,-1,0,,-1,,-1,0,-1,,[0|30],[0|30],{0:0|30:1},-1,{1:BuffUpgradeData},[],
1002033,,4,30,23,-1,{4:0|30:1|23:2},1|1000|100|0,3500,1|10020222|0|50|2|0|0|0,,,-1,-1,-1,,,,,,,,,,,-1,0,,-1,,-1,0,-1,,[0|30],[0|30],{0:0|30:1},-1,{1:BuffUpgradeData},[],
1002034,,4,30,23,-1,{4:0|30:1|23:2},1|1000|100|0,3500,1|10020232|0|50|2|0|0|0,,,-1,-1,-1,,,,,,,,,,,-1,0,,-1,,-1,0,-1,,[0|30],[0|30],{0:0|30:1},-1,{1:BuffUpgradeData},[],
1002041,,31,59,-1,-1,{31:0|59:1},1|1|0,,,,,-1,-1,-1,,,,,,,Effect/Battle/Swordinstructor_Skill3,,[1002041],,-1,0,,-1,,-1,0,-1,,[0],[0],{0:0},-1,{1:BuffUpgradeData},[],
1002042,,31,59,-1,-1,{31:0|59:1},1|1|0,,,,,-1,-1,-1,,,,,,,Effect/Battle/Swordinstructor_Skill3,,[1002041],,-1,0,,-1,,-1,0,-1,,[0],[0],{0:0},-1,{1:BuffUpgradeData},[],
1002043,,31,59,-1,-1,{31:0|59:1},1|1|0,,,,,-1,-1,-1,,,,,,,Effect/Battle/Swordinstructor_Skill3,,[1002041],,-1,0,,-1,,-1,0,-1,,[0],[0],{0:0},-1,{1:BuffUpgradeData},[],
1002044,,31,59,-1,-1,{31:0|59:1},1|1|0,,,,,-1,-1,-1,,,,,,,Effect/Battle/Swordinstructor_Skill3,,[1002041],,-1,0,,-1,,-1,0,-1,,[0],[0],{0:0},-1,{1:BuffUpgradeData},[],
1002045,,6,-1,-1,-1,{6:0},0|2|1000,,,,,-1,1,-1,,[1],,,,,,,,,-1,0,,-1,,-1,0,-1,,[2],[2],{2:0},-1,{1:BuffUpgradeData},[],
1002050,,6,-1,-1,-1,{6:0},1|10020601|-5000,,,,,-1,1,-1,,[1],,,,,,,,,-1,0,,-1,,-1,0,-1,,[2],[2],{2:0},-1,{1:BuffUpgradeData},[],
1002051,,4,30,23,-1,{4:0|30:1|23:2},1|2400|100|0,3500,1|10020602|0|50|2|0|0|0,,,-1,-1,-1,,,,,,,,,,,-1,0,,-1,,-1,0,-1,,[0|30],[0|30],{0:0|30:1},-1,{1:BuffUpgradeData},[],
1002052,,4,30,23,-1,{4:0|30:1|23:2},1|2400|100|0,3500,1|10020612|0|50|2|0|0|0,,,-1,-1,-1,,,,,,,,,,,-1,0,,-1,,-1,0,-1,,[0|30],[0|30],{0:0|30:1},-1,{1:BuffUpgradeData},[],
1002053,,4,30,23,-1,{4:0|30:1|23:2},1|2400|100|0,3500,1|10020622|0|50|2|0|0|0,,,-1,-1,-1,,,,,,,,,,,-1,0,,-1,,-1,0,-1,,[0|30],[0|30],{0:0|30:1},-1,{1:BuffUpgradeData},[],
1002054,,4,30,23,-1,{4:0|30:1|23:2},1|2400|100|0,3500,1|10020632|0|50|2|0|0|0,,,-1,-1,-1,,,,,,,,,,,-1,0,,-1,,-1,0,-1,,[0|30],[0|30],{0:0|30:1},-1,{1:BuffUpgradeData},[],
1002055,stun,3,-1,-1,-1,{3:0},,,,,,-1,-1,-1,,,,,,,Effect/Battle/CommonEffect/Fx_XuanYun_Buff,,[100001],,-1,0,,-1,,-1,0,-1,,[1|3],[1|3],{1:0|3:1},-1,{1:BuffUpgradeData},[],
1002056,,10,-1,-1,-1,{10:0},3|7|8|9|12|15|16|17|18|204,,,,,-1,-1,-1,,,,,,,Effect/Battle/CommonEffect/Fx_XuanYun_Buff,,,,-1,0,,-1,,-1,0,-1,,[2],[2],{2:0},-1,{1:BuffUpgradeData},[],
1002061,,25,-1,-1,-1,{25:0},6011|6008|2000,,,,,-1,-1,-1,,[1],,,,,,,[1002061],,-1,0,,-1,,-1,0,-1,,[0],[0],{0:0},-1,{1:BuffUpgradeData},[],
1002062,,-1,-1,-1,-1,{},,,,,,-1,-1,-1,,[1],,,,,,,[10020802],,-1,0,,-1,,-1,0,-1,,[2],[2],{2:0},-1,{1:BuffUpgradeData},[],
1002063,,48,-1,-1,-1,{48:0},"4103|500,4104|1000",,,,,-1,-1,-1,,[1],,,,,,,,,-1,0,,-1,,-1,0,-1,,[0],[0],{0:0},-1,{1:BuffUpgradeData},[],
1002064,,25,-1,-1,-1,{25:0},6011|6008|1200,,,,,-1,-1,-1,,[1],,,,,,,,,-1,0,,-1,,-1,0,-1,,[0],[0],{0:0},-1,{1:BuffUpgradeData},[],
1002065,,25,-1,-1,-1,{25:0},6011|6008|3000,,,,,-1,-1,-1,,[1],,,,,,,,,-1,0,,-1,,-1,0,-1,,[0],[0],{0:0},-1,{1:BuffUpgradeData},[],
1002066,,10,30,-1,-1,{10:0|30:1},3|7|8|9|12|15|16|17|18|204,10000,,,,-1,-1,-1,,[1],,,,,,,,,-1,0,,-1,,-1,0,-1,,[0],[0],{0:0},-1,{1:BuffUpgradeData},[],
1002101,,48,-1,-1,-1,{48:0},6|-250,,,,,-1,-1,-1,,,0|-25,,,,,,,,-1,0,,5,,1,0,-1,,[1|301],[1|301],{1:0|301:1},-1,{1:BuffUpgradeData},[],
1002102,,48,-1,-1,-1,{48:0},6|-375,,,,,-1,-1,-1,,,0|-25,,,,,,,,-1,0,,5,,1,0,-1,,[1|301],[1|301],{1:0|301:1},-1,{1:BuffUpgradeData},[],
1002103,,48,-1,-1,-1,{48:0},6|-500,,,,,-1,-1,-1,,,0|-25,,,,,,,,-1,0,,5,,1,0,-1,,[1|301],[1|301],{1:0|301:1},-1,{1:BuffUpgradeData},[],
1002104,,48,-1,-1,-1,{48:0},6|-625,,,,,-1,-1,-1,,,0|-25,,,,,,,,-1,0,,5,,1,0,-1,,[1|301],[1|301],{1:0|301:1},-1,{1:BuffUpgradeData},[],
1002111,,15,-1,-1,-1,{15:0},1|0|0|5018|0|750|750|0,,,,,-1,1,-1,,[1],0|0|0|0|0|75|75|0,,,,,,,,-1,0,,-1,,-1,0,-1,,[0],[0],{0:0},-1,{1:BuffUpgradeData},[],
1002112,,15,-1,-1,-1,{15:0},1|0|0|5018|0|1125|1125|0,,,,,-1,1,-1,,[1],0|0|0|0|0|75|75|0,,,,,,,,-1,0,,-1,,-1,0,-1,,[0],[0],{0:0},-1,{1:BuffUpgradeData},[],
1002113,,15,-1,-1,-1,{15:0},1|0|0|5018|0|1500|1500|0,,,,,-1,1,-1,,[1],0|0|0|0|0|75|75|0,,,,,,,,-1,0,,-1,,-1,0,-1,,[0],[0],{0:0},-1,{1:BuffUpgradeData},[],
1002114,,15,-1,-1,-1,{15:0},1|0|0|5018|0|1875|1875|0,,,,,-1,1,-1,,[1],0|0|0|0|0|75|75|0,,,,,,,,-1,0,,-1,,-1,0,-1,,[0],[0],{0:0},-1,{1:BuffUpgradeData},[],
1002121,,48,-1,-1,-1,{48:0},6|-3000,,,,,-1,-1,-1,,,,,,,Effect/Battle/CommonEffect/Fx_ZhongDu_01,,[100004],,-1,0,,-1,,-1,0,-1,,[1|203|301],[1|203|301],{1:0|203:1|301:2},-1,{1:BuffUpgradeData},[],
1002122,,48,-1,-1,-1,{48:0},6|-3000,,,,,-1,-1,-1,,,,,,,Effect/Battle/CommonEffect/Fx_ZhongDu_01,,[100004],,-1,0,,-1,,-1,0,-1,,[1|203|301],[1|203|301],{1:0|203:1|301:2},-1,{1:BuffUpgradeData},[],
1002123,,48,-1,-1,-1,{48:0},6|-3000,,,,,-1,-1,-1,,,,,,,Effect/Battle/CommonEffect/Fx_ZhongDu_01,,[100004],,-1,0,,-1,,-1,0,-1,,[1|203|301],[1|203|301],{1:0|203:1|301:2},-1,{1:BuffUpgradeData},[],
1002124,,48,-1,-1,-1,{48:0},6|-3000,,,,,-1,-1,-1,,,,,,,Effect/Battle/CommonEffect/Fx_ZhongDu_01,,[100004],,-1,0,,-1,,-1,0,-1,,[1|203|301],[1|203|301],{1:0|203:1|301:2},-1,{1:BuffUpgradeData},[],
1002131,,1,-1,-1,-1,{1:0},1|3|-10500,,,,,-1,-1,3,,,0|0|-575,,,,Effect/Battle/Watchman_Buff_ZhongDu,,[1002131],,-1,0,,-1,,-1,0,-1,,[1|203|301],[1|203|301],{1:0|203:1|301:2},1000,{1:BuffUpgradeData},[],
1002132,,1,-1,-1,-1,{1:0},1|3|-13375,,,,,-1,-1,3,,,0|0|-575,,,,Effect/Battle/Watchman_Buff_ZhongDu,,[1002131],,-1,0,,-1,,-1,0,-1,,[1|203|301],[1|203|301],{1:0|203:1|301:2},1000,{1:BuffUpgradeData},[],
1002133,,1,-1,-1,-1,{1:0},1|3|-16250,,,,,-1,-1,3,,,0|0|-575,,,,Effect/Battle/Watchman_Buff_ZhongDu,,[1002131],,-1,0,,-1,,-1,0,-1,,[1|203|301],[1|203|301],{1:0|203:1|301:2},1000,{1:BuffUpgradeData},[],
1002134,,1,-1,-1,-1,{1:0},1|3|-24875,,,,,-1,-1,3,,,0|0|-575,,,,Effect/Battle/Watchman_Buff_ZhongDu,,[1002131],,-1,0,,-1,,-1,0,-1,,[1|203|301],[1|203|301],{1:0|203:1|301:2},1000,{1:BuffUpgradeData},[],
1002141,,14,-1,-1,-1,{14:0},10021201|1,,,,,-1,-1,-1,,,,,,,,,[1002121],,-1,0,,-1,,-1,0,-1,,[0],[0],{0:0},-1,{1:BuffUpgradeData},[],
1002142,,14,-1,-1,-1,{14:0},10021201|2,,,,,-1,-1,-1,,,,,,,,,[1002121],,-1,0,,-1,,-1,0,-1,,[0],[0],{0:0},-1,{1:BuffUpgradeData},[],
1002143,,14,-1,-1,-1,{14:0},10021201|3,,,,,-1,-1,-1,,,,,,,,,[1002121],,-1,0,,-1,,-1,0,-1,,[0],[0],{0:0},-1,{1:BuffUpgradeData},[],
1002144,,14,-1,-1,-1,{14:0},10021201|4,,,,,-1,-1,-1,,,,,,,,,[1002121],,-1,0,,-1,,-1,0,-1,,[0],[0],{0:0},-1,{1:BuffUpgradeData},[],
1002201,,29,15,-1,-1,{29:0|15:1},0|3|3000|3|3000|5,5|1|0|18|0|2000|2000|0,,,,-1,-1,-1,,,0|0|100|0|100|0,,,,,,,,-1,0,,-1,,-1,0,-1,,[0],[0],{0:0},-1,{1:BuffUpgradeData},[],
1002202,,29,15,-1,-1,{29:0|15:1},0|3|3500|3|3500|5,5|1|0|18|0|2000|2000|0,,,,-1,-1,-1,,,0|0|100|0|100|0,,,,,,,,-1,0,,-1,,-1,0,-1,,[0],[0],{0:0},-1,{1:BuffUpgradeData},[],
1002203,,29,15,-1,-1,{29:0|15:1},0|3|4000|3|4000|5,5|1|0|18|0|2000|2000|0,,,,-1,-1,-1,,,0|0|100|0|100|0,,,,,,,,-1,0,,-1,,-1,0,-1,,[0],[0],{0:0},-1,{1:BuffUpgradeData},[],
1002204,,29,15,-1,-1,{29:0|15:1},0|3|4500|3|4500|5,5|1|0|18|0|2000|2000|0,,,,-1,-1,-1,,,0|0|100|0|100|0,,,,,,,,-1,0,,-1,,-1,0,-1,,[0],[0],{0:0},-1,{1:BuffUpgradeData},[],
1002211,,6,-1,-1,-1,{6:0},0|2|500,,,,,-1,-1,-1,,,,,,,,,,,-1,0,,-1,,-1,0,-1,,[0],[0],{0:0},-1,{1:BuffUpgradeData},[],
1002212,,6,-1,-1,-1,{6:0},0|2|1000,,,,,-1,-1,-1,,,,,,,,,,,-1,0,,-1,,-1,0,-1,,[0],[0],{0:0},-1,{1:BuffUpgradeData},[],
1002213,,6,-1,-1,-1,{6:0},0|2|1500,,,,,-1,-1,-1,,,,,,,,,,,-1,0,,-1,,-1,0,-1,,[0],[0],{0:0},-1,{1:BuffUpgradeData},[],
1002214,,6,-1,-1,-1,{6:0},0|2|2000,,,,,-1,-1,-1,,,,,,,,,,,-1,0,,-1,,-1,0,-1,,[0],[0],{0:0},-1,{1:BuffUpgradeData},[],
1002221,stun,3,-1,-1,-1,{3:0},,,,,,-1,-1,-1,,,,,,,Effect/Battle/CommonEffect/Fx_XuanYun_Buff,,[100001],,-1,0,,-1,,-1,0,-1,,[1|3],[1|3],{1:0|3:1},-1,{1:BuffUpgradeData},[],
1002222,stun,3,-1,-1,-1,{3:0},,,,,,-1,-1,-1,,,,,,,Effect/Battle/CommonEffect/Fx_XuanYun_Buff,,[100001],,-1,0,,-1,,-1,0,-1,,[1|3],[1|3],{1:0|3:1},-1,{1:BuffUpgradeData},[],
1002223,stun,3,-1,-1,-1,{3:0},,,,,,-1,-1,-1,,,,,,,Effect/Battle/CommonEffect/Fx_XuanYun_Buff,,[100001],,-1,0,,-1,,-1,0,-1,,[1|3],[1|3],{1:0|3:1},-1,{1:BuffUpgradeData},[],
1002224,stun,3,-1,-1,-1,{3:0},,,,,,-1,-1,-1,,,,,,,Effect/Battle/CommonEffect/Fx_XuanYun_Buff,,[100001],,-1,0,,-1,,-1,0,-1,,[1|3],[1|3],{1:0|3:1},-1,{1:BuffUpgradeData},[],
1002261,,4,-1,-1,-1,{4:0},3|0|200|0,,,,,-1,-1,-1,,,,,,,,,,,-1,0,,-1,,-1,0,-1,,[2],[2],{2:0},-1,{1:BuffUpgradeData},[],
1002262,,4,-1,-1,-1,{4:0},3|0|200|0,,,,,-1,-1,-1,,,,,,,,,,,-1,0,,-1,,-1,0,-1,,[2],[2],{2:0},-1,{1:BuffUpgradeData},[],
1002263,,4,-1,-1,-1,{4:0},3|0|200|0,,,,,-1,-1,-1,,,,,,,,,,,-1,0,,-1,,-1,0,-1,,[2],[2],{2:0},-1,{1:BuffUpgradeData},[],
1002264,,4,-1,-1,-1,{4:0},3|0|200|0,,,,,-1,-1,-1,,,,,,,,,,,-1,0,,-1,,-1,0,-1,,[2],[2],{2:0},-1,{1:BuffUpgradeData},[],
1002271,,6,6,48,-1,{6:1|48:2},3|10022701|10000,3|10022101|-6000,"15|10000,13|10000",,,-1,-1,-1,,,,,,,,,,,-1,0,,-1,,-1,0,-1,,[2],[2],{2:0},-1,{1:BuffUpgradeData},[],
1002272,,6,6,48,-1,{6:1|48:2},3|10022701|10000,3|10022101|-6000,"15|10000,13|10000",,,-1,-1,-1,,,,,,,,,,,-1,0,,-1,,-1,0,-1,,[2],[2],{2:0},-1,{1:BuffUpgradeData},[],
1002273,,6,6,48,-1,{6:1|48:2},3|10022701|10000,3|10022101|-6000,"15|10000,13|10000",,,-1,-1,-1,,,,,,,,,,,-1,0,,-1,,-1,0,-1,,[2],[2],{2:0},-1,{1:BuffUpgradeData},[],
1002274,,6,6,48,-1,{6:1|48:2},3|10022701|10000,3|10022101|-6000,"15|10000,13|10000",,,-1,-1,-1,,,,,,,,,,,-1,0,,-1,,-1,0,-1,,[2],[2],{2:0},-1,{1:BuffUpgradeData},[],
1002281,,29,15,-1,-1,{29:0|15:1},0|3|4500|3|4500|5,5|1|0|18|0|2000|2000|0,,,,-1,-1,-1,,,0|0|100|0|100|0,,,,,,,,-1,0,,-1,,-1,0,-1,,[0],[0],{0:0},-1,{1:BuffUpgradeData},[],
1002282,,29,15,-1,-1,{29:0|15:1},0|3|4500|3|4500|5,5|1|0|18|0|2000|2000|0,,,,-1,-1,-1,,,0|0|100|0|100|0,,,,,,,,-1,0,,-1,,-1,0,-1,,[0],[0],{0:0},-1,{1:BuffUpgradeData},[],
1002283,,29,15,-1,-1,{29:0|15:1},0|3|4500|3|4500|5,5|1|0|18|0|2000|2000|0,,,,-1,-1,-1,,,0|0|100|0|100|0,,,,,,,,-1,0,,-1,,-1,0,-1,,[0],[0],{0:0},-1,{1:BuffUpgradeData},[],
1002284,,29,15,-1,-1,{29:0|15:1},0|3|4500|3|4500|5,5|1|0|18|0|2000|2000|0,,,,-1,-1,-1,,,0|0|100|0|100|0,,,,,,,,-1,0,,-1,,-1,0,-1,,[0],[0],{0:0},-1,{1:BuffUpgradeData},[],
1002291,,15,-1,-1,-1,{15:0},3|50|0|18|0|400|400|0|0,,,,,-1,-1,-1,,,,,,,,,,,-1,0,,-1,,-1,0,-1,,[2],[2],{2:0},-1,{1:BuffUpgradeData},[],
1002292,,15,-1,-1,-1,{15:0},3|50|0|18|0|800|800|0|0,,,,,-1,-1,-1,,,,,,,,,,,-1,0,,-1,,-1,0,-1,,[2],[2],{2:0},-1,{1:BuffUpgradeData},[],
1002293,,15,-1,-1,-1,{15:0},3|50|0|18|0|800|800|0|0,,,,,-1,-1,-1,,,,,,,,,,,-1,0,,-1,,-1,0,-1,,[2],[2],{2:0},-1,{1:BuffUpgradeData},[],
1002294,,15,-1,-1,-1,{15:0},3|50|0|18|0|800|800|0|0,,,,,-1,-1,-1,,,,,,,,,,,-1,0,,-1,,-1,0,-1,,[2],[2],{2:0},-1,{1:BuffUpgradeData},[],
1002231,,48,-1,-1,-1,{48:0},5|-1000,,,,,-1,-1,-1,,,,,,,,,,,-1,0,,-1,,-1,0,-1,,[1|301],[1|301],{1:0|301:1},-1,{1:BuffUpgradeData},[],
1002232,,48,-1,-1,-1,{48:0},5|-1000,,,,,-1,-1,-1,,,,,,,,,,,-1,0,,-1,,-1,0,-1,,[1|301],[1|301],{1:0|301:1},-1,{1:BuffUpgradeData},[],
1002233,,48,-1,-1,-1,{48:0},5|-1000,,,,,-1,-1,-1,,,,,,,,,,,-1,0,,-1,,-1,0,-1,,[1|301],[1|301],{1:0|301:1},-1,{1:BuffUpgradeData},[],
1002234,,48,-1,-1,-1,{48:0},5|-1000,,,,,-1,-1,-1,,,,,,,,,,,-1,0,,-1,,-1,0,-1,,[1|301],[1|301],{1:0|301:1},-1,{1:BuffUpgradeData},[],
1002301,,30,48,-1,-1,{30:0|48:1},-1000,82|5000,,,,-1,-1,-1,,,,0|250,,,Effect/Battle/CommonEffect/Fx_LiuXue_01,,[1002301],,-1,0,,-1,,-1,0,-1,,[1|301],[1|301],{1:0|301:1},-1,{1:BuffUpgradeData},[],
1002302,,30,48,-1,-1,{30:0|48:1},-1000,82|6250,,,,-1,-1,-1,,,,0|250,,,Effect/Battle/CommonEffect/Fx_LiuXue_01,,[1002301],,-1,0,,-1,,-1,0,-1,,[1|301],[1|301],{1:0|301:1},-1,{1:BuffUpgradeData},[],
1002303,,30,48,-1,-1,{30:0|48:1},-1000,82|7500,,,,-1,-1,-1,,,,0|250,,,Effect/Battle/CommonEffect/Fx_LiuXue_01,,[1002301],,-1,0,,-1,,-1,0,-1,,[1|301],[1|301],{1:0|301:1},-1,{1:BuffUpgradeData},[],
1002304,,30,48,-1,-1,{30:0|48:1},-1000,82|8750,,,,-1,-1,-1,,,,0|250,,,Effect/Battle/CommonEffect/Fx_LiuXue_01,,[1002301],,-1,0,,-1,,-1,0,-1,,[1|301],[1|301],{1:0|301:1},-1,{1:BuffUpgradeData},[],
1002311,,-1,-1,-1,-1,{},,,,,,-1,-1,-1,,,,,,,,,,,-1,0,,-1,,-1,0,-1,,[0],[0],{0:0},-1,{1:BuffUpgradeData},[],
1002312,,-1,-1,-1,-1,{},,,,,,-1,-1,-1,,,,,,,,,,,-1,0,,-1,,-1,0,-1,,[0],[0],{0:0},-1,{1:BuffUpgradeData},[],
1002313,,-1,-1,-1,-1,{},,,,,,-1,-1,-1,,,,,,,,,,,-1,0,,-1,,-1,0,-1,,[0],[0],{0:0},-1,{1:BuffUpgradeData},[],
1002314,,37,-1,-1,-1,{37:0},6000|6|5000|5000,,,,,-1,-1,-1,,,,,,,,,,,-1,0,,-1,,-1,0,-1,,[0],[0],{0:0},1000,{1:BuffUpgradeData},[],
1002315,,5,-1,-1,-1,{5:0},30006|1|10000|10000|1|0|30006002|0,,,,,-1,-1,-1,,,,,,,,,,,-1,0,,-1,,-1,0,-1,,[2|10023],[2|10023],{2:0|10023:1},-1,{1:BuffUpgradeData},[],
1002316,,19,-1,-1,-1,{19:0},10023,,,,,-1,-1,-1,,,,,,,,,,,-1,0,,-1,,-1,0,-1,,[2|10023],[2|10023],{2:0|10023:1},-1,{1:BuffUpgradeData},[],
1002317,,6,-1,-1,-1,{6:0},0|1002301|1000,,,,,-1,-1,-1,,[1],,,,,,,,,-1,0,,-1,,-1,0,-1,,[0],[0],{0:0},-1,{1:BuffUpgradeData},[],
1002321,,14,48,-1,-1,{14:0|48:1},10023302|1,82|4000,,,,-1,-1,-1,,,,0|300,,,Effect/Battle/WilderHunter_Skill2_SF,,[1002321],,-1,0,,-1,,-1,0,-1,,[2],[2],{2:0},-1,{1:BuffUpgradeData},[],
1002322,,14,48,48,-1,{14:0|48:2},10023302|2,82|5500,8|5000,,,-1,-1,-1,,,,0|300,,,Effect/Battle/WilderHunter_Skill2_SF,,[1002321],,-1,0,,-1,,-1,0,-1,,[2],[2],{2:0},-1,{1:BuffUpgradeData},[],
1002323,,14,48,48,-1,{14:0|48:2},10023302|3,82|7000,8|5000,,,-1,-1,-1,,,,0|300,,,Effect/Battle/WilderHunter_Skill2_SF,,[1002321],,-1,0,,-1,,-1,0,-1,,[2],[2],{2:0},-1,{1:BuffUpgradeData},[],
1002324,,14,48,48,-1,{14:0|48:2},10023302|4,82|8500,72|10000,,,-1,-1,-1,,,,0|300,,,Effect/Battle/WilderHunter_Skill2_SF,,[1002321],,-1,0,,-1,,-1,0,-1,,[2],[2],{2:0},-1,{1:BuffUpgradeData},[],
1002331,,3,4,-1,-1,{3:0|4:1},,2|2000|100,,,,-1,-1,-1,,,,,,,,,,,-1,0,,-1,,-1,0,-1,,[1|3],[1|3],{1:0|3:1},-1,{1:BuffUpgradeData},[],
1002332,,3,4,-1,-1,{3:0|4:1},,2|2000|100,,,,-1,-1,-1,,,,,,,,,,,-1,0,,-1,,-1,0,-1,,[1|3],[1|3],{1:0|3:1},-1,{1:BuffUpgradeData},[],
1002333,,3,4,-1,-1,{3:0|4:1},,2|2000|100,,,,-1,-1,-1,,,,,,,,,,,-1,0,,-1,,-1,0,-1,,[1|3],[1|3],{1:0|3:1},-1,{1:BuffUpgradeData},[],
1002334,,3,4,-1,-1,{3:0|4:1},,2|2000|100,,,,-1,-1,-1,,,,,,,,,,,-1,0,,-1,,-1,0,-1,,[1|3],[1|3],{1:0|3:1},-1,{1:BuffUpgradeData},[],
1002341,,41,-1,-1,-1,{41:0},"6011|2000,4|2000",,,,,-1,1,-1,,[1],,,,,,,,,-1,0,,-1,,-1,0,-1,,[0],[0],{0:0},-1,{1:BuffUpgradeData},[],
1002342,,41,-1,-1,-1,{41:0},"6011|3500,4|3500",,,,,-1,1,-1,,[1],,,,,,,,,-1,0,,-1,,-1,0,-1,,[0],[0],{0:0},-1,{1:BuffUpgradeData},[],
1002343,,41,-1,-1,-1,{41:0},"6011|3500,4|3500",,,,,-1,1,-1,,[1],,,,,,,,,-1,0,,-1,,-1,0,-1,,[0],[0],{0:0},-1,{1:BuffUpgradeData},[],
1002344,,41,-1,-1,-1,{41:0},"6011|3500,4|3500",,,,,-1,1,-1,,[1],,,,,,,,,-1,0,,-1,,-1,0,-1,,[0],[0],{0:0},-1,{1:BuffUpgradeData},[],
1002351,,48,-1,-1,-1,{48:0},6|3000,,,,,-1,-1,-1,,,,,,,,,,,-1,0,,-1,,-1,0,-1,,[0],[0],{0:0},-1,{1:BuffUpgradeData},[],
1002352,,-1,-1,-1,-1,{},,,,,,-1,1,-1,,[1],,,,,,,[10023802],,-1,0,,-1,,-1,0,-1,,[0],[0],{0:0},-1,{1:BuffUpgradeData},[],
1002353,,48,-1,-1,-1,{48:0},"4103|500,4104|1000",,,,,-1,1,-1,,[1],,,,,,,,,-1,0,,-1,,-1,0,-1,,[0],[0],{0:0},-1,{1:BuffUpgradeData},[],
1002354,,48,-1,-1,-1,{48:0},25|750,,,,[2|2],-1,1,-1,,[1],,,,,,,,,-1,0,,-1,,-1,0,-1,,[0],[0],{0:0},-1,{1:BuffUpgradeData},[],
1002355,,48,-1,-1,-1,{48:0},25|1500,,,,[2|2],-1,1,-1,,[1],,,,,,,,,-1,0,,-1,,-1,0,-1,,[0],[0],{0:0},-1,{1:BuffUpgradeData},[],
1002401,,48,-1,-1,-1,{48:0},103|500,,,,,-1,-1,-1,,,,,,,Effect/Battle/Danc_Skill01_GongJi,,[100007],,-1,0,,5,,1,0,-1,,[0],[0],{0:0},-1,{1:BuffUpgradeData},[],
1002402,,48,-1,-1,-1,{48:0},103|500,,,,,-1,-1,-1,,,,,,,Effect/Battle/Danc_Skill01_GongJi,,[100007],,-1,0,,5,,1,0,-1,,[0],[0],{0:0},-1,{1:BuffUpgradeData},[],
1002403,,48,-1,-1,-1,{48:0},103|500,,,,,-1,-1,-1,,,,,,,Effect/Battle/Danc_Skill01_GongJi,,[100007],,-1,0,,5,,1,0,-1,,[0],[0],{0:0},-1,{1:BuffUpgradeData},[],
1002404,,48,-1,-1,-1,{48:0},103|500,,,,,-1,-1,-1,,,,,,,Effect/Battle/Danc_Skill01_GongJi,,[100007],,-1,0,,5,,1,0,-1,,[0],[0],{0:0},-1,{1:BuffUpgradeData},[],
1002411,,-1,-1,-1,-1,{},,,,,,-1,-1,-1,,,,,,,,,,,-1,0,,5,,1,0,-1,,[2|10024],[2|10024],{2:0|10024:1},-1,{1:BuffUpgradeData},[],
1002412,,-1,-1,-1,-1,{},,,,,,-1,-1,-1,,,,,,,,,,,-1,0,,5,,1,0,-1,,[2|10024],[2|10024],{2:0|10024:1},-1,{1:BuffUpgradeData},[],
1002413,,-1,-1,-1,-1,{},,,,,,-1,-1,-1,,,,,,,,,,,-1,0,,5,,1,0,-1,,[2|10024],[2|10024],{2:0|10024:1},-1,{1:BuffUpgradeData},[],
1002414,,-1,-1,-1,-1,{},,,,,,-1,-1,-1,,,,,,,,,,,-1,0,,5,,1,0,-1,,[2|10024],[2|10024],{2:0|10024:1},-1,{1:BuffUpgradeData},[],
1002415,,48,11,3,24,{48:0|11:1|3:2|24:3},34|-99999,3,,,,-1,-1,-1,,,,,,,Effect/Battle/E_ZXZ_skill0_attack3,,[1002415|100010],,-1,0,,-1,,-1,0,-1,,[1|11],[1|11],{1:0|11:1},-1,{1:BuffUpgradeData},[],
1002416,,23,-1,-1,-1,{23:0},0|10024002|2|500|2|0|0|0,,,,,-1,-1,-1,,,,,,,Effect/Battle/E_ZXZ_skill0_attack3,,[1002415],,-1,0,,-1,,-1,0,-1,,[2],[2],{2:0},-1,{1:BuffUpgradeData},[],
1002421,,15,-1,-1,-1,{15:0},2|10024|5|18|0|500|5000|0,,,,,-1,-1,-1,,,,,,,,,,,-1,0,,-1,,-1,0,-1,,[2],[2],{2:0},-1,{1:BuffUpgradeData},[],
1002422,,15,-1,-1,-1,{15:0},2|10024|5|18|0|500|5000|0,,,,,-1,-1,-1,,,,,,,,,,,-1,0,,-1,,-1,0,-1,,[2],[2],{2:0},-1,{1:BuffUpgradeData},[],
1002423,,15,-1,-1,-1,{15:0},2|10024|5|18|0|500|5000|0,,,,,-1,-1,-1,,,,,,,,,,,-1,0,,-1,,-1,0,-1,,[2],[2],{2:0},-1,{1:BuffUpgradeData},[],
1002424,,15,-1,-1,-1,{15:0},2|10024|5|18|0|500|5000|0,,,,,-1,-1,-1,,,,,,,,,,,-1,0,,-1,,-1,0,-1,,[2],[2],{2:0},-1,{1:BuffUpgradeData},[],
1002431,,15,-1,-1,-1,{15:0},1|0|0|8|0|2000|2000|0,,,,,-1,1,-1,,[1],,,,,Effect/Battle/AstrologyScholar_Skill2_FaZhen,,[1002431],,-1,0,,-1,,-1,0,-1,,[2],[2],{2:0},-1,{1:BuffUpgradeData},[],
1002432,,15,-1,-1,-1,{15:0},1|0|0|8|0|2000|2000|0,,,,,-1,1,-1,,[1],,,,,Effect/Battle/AstrologyScholar_Skill2_FaZhen,,[1002431],,-1,0,,-1,,-1,0,-1,,[2],[2],{2:0},-1,{1:BuffUpgradeData},[],
1002433,,15,-1,-1,-1,{15:0},1|0|0|8|0|2000|2000|0,,,,,-1,1,-1,,[1],,,,,Effect/Battle/AstrologyScholar_Skill2_FaZhen,,[1002431],,-1,0,,-1,,-1,0,-1,,[2],[2],{2:0},-1,{1:BuffUpgradeData},[],
1002434,,15,-1,-1,-1,{15:0},1|0|0|8|0|2000|2000|0,,,,,-1,1,-1,,[1],,,,,Effect/Battle/AstrologyScholar_Skill2_FaZhen,,[1002431],,-1,0,,-1,,-1,0,-1,,[2],[2],{2:0},-1,{1:BuffUpgradeData},[],
1002441,,56,-1,-1,-1,{56:0},1|3|-12500|1,,,,,-1,-1,-1,,[1],,,,,,,[1002441],,-1,0,,-1,,-1,0,-1,,[1],[1],{1:0},-1,{1:BuffUpgradeData},[],
1002442,,56,48,-1,-1,{56:0|48:1},1|3|-12500|1,103|-1500,,,,-1,-1,-1,,[1],,,,,,,[1002441],,-1,0,,-1,,-1,0,-1,,[1],[1],{1:0},-1,{1:BuffUpgradeData},[],
1002443,,56,48,23,-1,{56:0|48:1|23:2},1|3|-25000|1,103|-1500,1|10024803|1|350|2|0|0|0,,,-1,-1,-1,,[1],,,,,,,[1002441],,-1,0,,-1,,-1,0,-1,,[1],[1],{1:0},-1,{1:BuffUpgradeData},[],
1002444,,3,-1,-1,-1,{3:0},,,,,,-1,-1,-1,,,,,,,,,[100001],,-1,0,,-1,,-1,0,-1,,[1|3],[1|3],{1:0|3:1},-1,{1:BuffUpgradeData},[],
1002445,,-1,-1,-1,-1,{},,,,,,-1,-1,-1,,[1],,,,,,,[10024802],,-1,0,,-1,,-1,0,-1,,[0],[0],{0:0},-1,{1:BuffUpgradeData},[],
1002446,,48,-1,-1,-1,{48:0},3103|1000,,,,,-1,-1,-1,,[1],,,,,,,,,-1,0,,-1,,-1,0,-1,,[0],[0],{0:0},-1,{1:BuffUpgradeData},[],
1002447,,6,-1,-1,-1,{6:0},0|2|500,,,,,-1,-1,-1,,[1],,,,,,,,,-1,0,,-1,,-1,0,-1,,[0],[0],{0:0},-1,{1:BuffUpgradeData},[],
1002501,,1,-1,-1,-1,{1:0},1|3|-3000,,,,,-1,-1,-1,,,,,,,Effect/Battle/CommonEffect/Fx_ZhouShang_01,,[100003],,-1,0,,5,,1,0,-1,,[1|201|301],[1|201|301],{1:0|201:1|301:2},1000,{1:BuffUpgradeData},[],
1002502,,1,-1,-1,-1,{1:0},1|3|-3000,,,,,-1,-1,-1,,,,,,,Effect/Battle/CommonEffect/Fx_ZhouShang_01,,[100003],,-1,0,,5,,1,0,-1,,[1|201|301],[1|201|301],{1:0|201:1|301:2},1000,{1:BuffUpgradeData},[],
1002503,,1,-1,-1,-1,{1:0},1|3|-3000,,,,,-1,-1,-1,,,,,,,Effect/Battle/CommonEffect/Fx_ZhouShang_01,,[100003],,-1,0,,5,,1,0,-1,,[1|201|301],[1|201|301],{1:0|201:1|301:2},1000,{1:BuffUpgradeData},[],
1002504,,1,-1,-1,-1,{1:0},1|3|-3000,,,,,-1,-1,-1,,,,,,,Effect/Battle/CommonEffect/Fx_ZhouShang_01,,[100003],,-1,0,,5,,1,0,-1,,[1|201|301],[1|201|301],{1:0|201:1|301:2},1000,{1:BuffUpgradeData},[],
1002511,,26,-1,-1,-1,{26:0},0|1|10025202|1|0|1,,,,,-1,-1,-1,,,,,,,Effect/Battle/Fx_FireMage_Skill1_01_buff,,[1002511],,-1,0,,-1,,-1,0,-1,,[0],[0],{0:0},1000,{1:BuffUpgradeData},[],
1002512,,26,-1,-1,-1,{26:0},0|1|10025212|1|0|1,,,,,-1,-1,-1,,,,,,,Effect/Battle/Fx_FireMage_Skill1_01_buff,,[1002511],,-1,0,,-1,,-1,0,-1,,[0],[0],{0:0},1000,{1:BuffUpgradeData},[],
1002513,,26,9,-1,-1,{26:0|9:1},0|1|10025222|1|0|1,1|1|4|4000|5000,,,,-1,-1,-1,,,,,,,Effect/Battle/Fx_FireMage_Skill1_01_buff,,[1002511],,-1,0,,-1,,-1,0,-1,,[0|4],[0|4],{0:0|4:1},1000,{1:BuffUpgradeData},[],
1002514,,26,9,-1,-1,{26:0|9:1},0|1|10025232|1|0|1,1|1|4|4000|5000,,,,-1,-1,-1,,,,,,,Effect/Battle/Fx_FireMage_Skill1_01_buff,,[1002511],,-1,0,,-1,,-1,0,-1,,[0|4],[0|4],{0:0|4:1},1000,{1:BuffUpgradeData},[],
1002521,,48,-1,-1,-1,{48:0},103|1000,,,,,-1,-1,-1,,,0|100,,,,Effect/Battle/Fx_FireMage_Skill1,,[1002521],,-1,0,,-1,,-1,0,-1,,[0],[0],{0:0},-1,{1:BuffUpgradeData},[],
1002522,,48,-1,-1,-1,{48:0},103|1500,,,,,-1,-1,-1,,,0|100,,,,Effect/Battle/Fx_FireMage_Skill1,,[1002521],,-1,0,,-1,,-1,0,-1,,[0],[0],{0:0},-1,{1:BuffUpgradeData},[],
1002523,,48,-1,-1,-1,{48:0},103|2000,,,,,-1,-1,-1,,,0|100,,,,Effect/Battle/Fx_FireMage_Skill1,,[1002521],,-1,0,,-1,,-1,0,-1,,[0],[0],{0:0},-1,{1:BuffUpgradeData},[],
1002524,,48,-1,-1,-1,{48:0},103|2500,,,,,-1,-1,-1,,,0|100,,,,Effect/Battle/Fx_FireMage_Skill1,,[1002521],,-1,0,,-1,,-1,0,-1,,[0],[0],{0:0},-1,{1:BuffUpgradeData},[],
1002531,,-1,-1,-1,-1,{},,,,,,-1,1,-1,,[1],,,,,,,,,-1,0,,-1,,-1,0,-1,,[0],[0],{0:0},-1,{1:BuffUpgradeData},[],
1002532,,-1,-1,-1,-1,{},,,,,,-1,1,-1,,[1],,,,,,,,,-1,0,,-1,,-1,0,-1,,[0],[0],{0:0},-1,{1:BuffUpgradeData},[],
1002533,,-1,-1,-1,-1,{},,,,,,-1,1,-1,,[1],,,,,,,,,-1,0,,-1,,-1,0,-1,,[0],[0],{0:0},-1,{1:BuffUpgradeData},[],
1002534,,15,-1,-1,-1,{15:0},2|201|1|18|0|3000|3000|0,,,,,-1,1,-1,,[1],,,,,,,,,-1,0,,-1,,-1,0,-1,,[0],[0],{0:0},-1,{1:BuffUpgradeData},[],
1002541,,48,-1,-1,-1,{48:0},3103|1000,,,,,-1,1,-1,,[1],,,,,,,,,-1,0,,-1,,-1,0,-1,,[0],[0],{0:0},-1,{1:BuffUpgradeData},[],
1002542,,-1,-1,-1,-1,{},,,,,,-1,1,-1,,[1],,,,,,,[10025802],,-1,0,,-1,,-1,0,-1,,[0],[0],{0:0},-1,{1:BuffUpgradeData},[],
1002601,,3,-1,-1,-1,{3:0},,,,,,-1,-1,-1,,,,,,,Effect/Battle/Stonemason_Skill0,,[1002601],,-1,0,,-1,,-1,0,-1,,[1|3],[1|3],{1:0|3:1},-1,{1:BuffUpgradeData},[],
1002602,,3,48,-1,-1,{3:0|48:1},,5|-1000,,,,-1,-1,-1,,,,,,,Effect/Battle/Stonemason_Skill0,,[1002601],,-1,0,,-1,,-1,0,-1,,[1|3],[1|3],{1:0|3:1},-1,{1:BuffUpgradeData},[],
1002603,,3,48,-1,-1,{3:0|48:1},,5|-1000,,,,-1,-1,-1,,,,,,,Effect/Battle/Stonemason_Skill0,,[1002601],,-1,0,,-1,,-1,0,-1,,[1|3],[1|3],{1:0|3:1},-1,{1:BuffUpgradeData},[],
1002604,,3,48,-1,-1,{3:0|48:1},,5|-1000,,,,-1,-1,-1,,,,,,,Effect/Battle/Stonemason_Skill0,,[1002601],,-1,0,,-1,,-1,0,-1,,[1|3],[1|3],{1:0|3:1},-1,{1:BuffUpgradeData},[],
1002611,,30,-1,-1,-1,{30:0},-500,,,,,-1,-1,-1,,,,,,,,,,,-1,0,,3,,1,0,-1,,[1|301],[1|301],{1:0|301:1},-1,{1:BuffUpgradeData},[],
1002612,,30,-1,-1,-1,{30:0},-750,,,,,-1,-1,-1,,,,,,,,,,,-1,0,,3,,1,0,-1,,[1|301],[1|301],{1:0|301:1},-1,{1:BuffUpgradeData},[],
1002613,,30,-1,-1,-1,{30:0},-750,,,,,-1,-1,-1,,,,,,,,,,,-1,0,,3,,1,0,-1,,[1|301],[1|301],{1:0|301:1},-1,{1:BuffUpgradeData},[],
1002614,,30,-1,-1,-1,{30:0},-100,,,,,-1,-1,-1,,,,,,,,,,,-1,0,,3,,1,0,-1,,[1|301],[1|301],{1:0|301:1},-1,{1:BuffUpgradeData},[],
1002621,,48,-1,-1,-1,{48:0},34|-7000,,,,,-1,-1,-1,,,,,,,,,,,-1,0,,-1,,-1,0,-1,,[1|301],[1|301],{1:0|301:1},-1,{1:BuffUpgradeData},[],
1002622,,48,-1,-1,-1,{48:0},34|-10000,,,,,-1,-1,-1,,,,,,,,,,,-1,0,,-1,,-1,0,-1,,[1|301],[1|301],{1:0|301:1},-1,{1:BuffUpgradeData},[],
1002623,,48,-1,-1,-1,{48:0},34|-10000,,,,,-1,-1,-1,,,,,,,,,,,-1,0,,-1,,-1,0,-1,,[1|301],[1|301],{1:0|301:1},-1,{1:BuffUpgradeData},[],
1002624,,48,-1,-1,-1,{48:0},34|-10000,,,,,-1,-1,-1,,,,,,,,,,,-1,0,,-1,,-1,0,-1,,[1|301],[1|301],{1:0|301:1},-1,{1:BuffUpgradeData},[],
1002631,,48,-1,-1,-1,{48:0},5019|500,,,,,-1,1,-1,,[1],,,,,,,,,-1,0,,-1,,-1,0,-1,,[0],[0],{0:0},-1,{1:BuffUpgradeData},[],
1002632,,48,-1,-1,-1,{48:0},5019|500,,,,,-1,1,-1,,[1],,,,,,,,,-1,0,,-1,,-1,0,-1,,[0],[0],{0:0},-1,{1:BuffUpgradeData},[],
1002633,,48,-1,-1,-1,{48:0},5019|500,,,,,-1,1,-1,,[1],,,,,,,,,-1,0,,-1,,-1,0,-1,,[0],[0],{0:0},-1,{1:BuffUpgradeData},[],
1002634,,48,-1,-1,-1,{48:0},5019|500,,,,,-1,1,-1,,[1],,,,,,,,,-1,0,,-1,,-1,0,-1,,[0],[0],{0:0},-1,{1:BuffUpgradeData},[],
1002641,,9,-1,-1,-1,{9:0},1|0|4|6000|5000,,,,,-1,-1,-1,,,0|0|0|200|0,,,,,,,,-1,0,,-1,,-1,0,-1,,[0|4],[0|4],{0:0|4:1},-1,{1:BuffUpgradeData},[],
1002642,,9,-1,-1,-1,{9:0},1|0|4|11000|5000,,,,,-1,-1,-1,,,0|0|0|200|0,,,,,,,,-1,0,,-1,,-1,0,-1,,[0|4],[0|4],{0:0|4:1},-1,{1:BuffUpgradeData},[],
1002643,,9,-1,-1,-1,{9:0},1|0|4|12000|5000,,,,,-1,-1,-1,,,0|0|0|200|0,,,,,,,,-1,0,,-1,,-1,0,-1,,[0|4],[0|4],{0:0|4:1},-1,{1:BuffUpgradeData},[],
1002644,,9,-1,-1,-1,{9:0},1|0|4|12000|5000,,,,,-1,-1,-1,,,0|0|0|200|0,,,,,,,,-1,0,,-1,,-1,0,-1,,[0|4],[0|4],{0:0|4:1},-1,{1:BuffUpgradeData},[],
1002651,,48,-1,-1,-1,{48:0},34|-7000,,,,,-1,-1,-1,,,,,,,,,,,-1,0,,-1,,-1,0,-1,,[1|301],[1|301],{1:0|301:1},-1,{1:BuffUpgradeData},[],
1002652,,48,-1,-1,-1,{48:0},34|-10000,,,,,-1,-1,-1,,,,,,,,,,,-1,0,,-1,,-1,0,-1,,[1|301],[1|301],{1:0|301:1},-1,{1:BuffUpgradeData},[],
1002653,,48,-1,-1,-1,{48:0},34|-10000,,,,,-1,-1,-1,,,,,,,,,,,-1,0,,-1,,-1,0,-1,,[1|301],[1|301],{1:0|301:1},-1,{1:BuffUpgradeData},[],
1002654,,48,-1,-1,-1,{48:0},34|-10000,,,,,-1,-1,-1,,,,,,,,,,,-1,0,,-1,,-1,0,-1,,[1|301],[1|301],{1:0|301:1},-1,{1:BuffUpgradeData},[],
1002661,,3,-1,-1,-1,{3:0},,,,,,-1,-1,-1,,,,,,,Effect/Battle/CommonEffect/Fx_XuanYun_Buff,,[100001],,-1,0,,-1,,-1,0,-1,,[3],[3],{3:0},-1,{1:BuffUpgradeData},[],
1002662,,3,-1,-1,-1,{3:0},,,,,,-1,-1,-1,,,,,,,Effect/Battle/CommonEffect/Fx_XuanYun_Buff,,[100001],,-1,0,,-1,,-1,0,-1,,[3],[3],{3:0},-1,{1:BuffUpgradeData},[],
1002663,,3,-1,-1,-1,{3:0},,,,,,-1,-1,-1,,,,,,,Effect/Battle/CommonEffect/Fx_XuanYun_Buff,,[100001],,-1,0,,-1,,-1,0,-1,,[3],[3],{3:0},-1,{1:BuffUpgradeData},[],
1002664,,3,-1,-1,-1,{3:0},,,,,,-1,-1,-1,,,,,,,Effect/Battle/CommonEffect/Fx_XuanYun_Buff,,[100001],,-1,0,,-1,,-1,0,-1,,[3],[3],{3:0},-1,{1:BuffUpgradeData},[],
1002671,,54,-1,-1,-1,{54:0},6001|28000,,,,,-1,-1,-1,,[1],,,,,,,,,-1,0,,-1,,-1,0,-1,,[0],[0],{0:0},-1,{1:BuffUpgradeData},[],
1002672,,54,-1,-1,-1,{54:0},6001|28000,,,,,-1,-1,-1,,[1],,,,,,,,,-1,0,,-1,,-1,0,-1,,[0],[0],{0:0},-1,{1:BuffUpgradeData},[],
1002673,,54,-1,-1,-1,{54:0},6001|28000,,,,,-1,-1,-1,,[1],,,,,,,,,-1,0,,-1,,-1,0,-1,,[0],[0],{0:0},-1,{1:BuffUpgradeData},[],
1002674,,54,-1,-1,-1,{54:0},6001|28000,,,,,-1,-1,-1,,[1],,,,,,,,,-1,0,,-1,,-1,0,-1,,[0],[0],{0:0},-1,{1:BuffUpgradeData},[],
1002681,,48,-1,-1,-1,{48:0},89|600,,,,,-1,-1,-1,,[1],,,,,,,,,-1,0,,-1,,-1,0,-1,,[0],[0],{0:0},-1,{1:BuffUpgradeData},[],
1002682,,48,-1,-1,-1,{48:0},89|1200,,,,,-1,-1,-1,,[1],,,,,,,,,-1,0,,-1,,-1,0,-1,,[0],[0],{0:0},-1,{1:BuffUpgradeData},[],
1002683,,48,-1,-1,-1,{48:0},89|1200,,,,,-1,-1,-1,,[1],,,,,,,,,-1,0,,-1,,-1,0,-1,,[0],[0],{0:0},-1,{1:BuffUpgradeData},[],
1002684,,48,-1,-1,-1,{48:0},89|1200,,,,,-1,-1,-1,,[1],,,,,,,,,-1,0,,-1,,-1,0,-1,,[0],[0],{0:0},-1,{1:BuffUpgradeData},[],
1002701,,48,-1,-1,-1,{48:0},34|2000,,,,,-1,-1,-1,,,,,,,,,,,-1,0,,-1,,-1,0,-1,,[0],[0],{0:0},-1,{1:BuffUpgradeData},[],
1002702,,48,-1,-1,-1,{48:0},34|2500,,,,,-1,-1,-1,,,,,,,,,,,-1,0,,-1,,-1,0,-1,,[0],[0],{0:0},-1,{1:BuffUpgradeData},[],
1002703,,48,-1,-1,-1,{48:0},34|3000,,,,,-1,-1,-1,,,,,,,,,,,-1,0,,-1,,-1,0,-1,,[0],[0],{0:0},-1,{1:BuffUpgradeData},[],
1002704,,48,-1,-1,-1,{48:0},34|4000,,,,,-1,-1,-1,,,,,,,,,,,-1,0,,-1,,-1,0,-1,,[0],[0],{0:0},-1,{1:BuffUpgradeData},[],
1002705,,30,-1,-1,-1,{30:0},1200,,,,,-1,-1,-1,,,,,,,,,,,-1,0,,-1,,-1,0,-1,,[0|30],[0|30],{0:0|30:1},-1,{1:BuffUpgradeData},[],
1002706,,9,-1,-1,-1,{9:0},1|1|3|20000|5000,,,,,-1,-1,-1,,,,,,,,,,,-1,0,,-1,,-1,0,-1,,[0|4],[0|4],{0:0|4:1},-1,{1:BuffUpgradeData},[],
1002707,,9,-1,-1,-1,{9:0},1|1|3|20000|5000,,,,,-1,-1,-1,,,,,,,,,,,-1,0,,-1,,-1,0,-1,,[0|4],[0|4],{0:0|4:1},-1,{1:BuffUpgradeData},[],
1002711,,48,30,-1,-1,{48:0|30:1},104|2500,1200,,,,-1,-1,-1,,,0|50,,,,Effect/Battle/Nun_Skill2_buff,,[1002711],,-1,0,,-1,,-1,0,-1,,[0|30],[0|30],{0:0|30:1},-1,{1:BuffUpgradeData},[],
1002712,,48,30,-1,-1,{48:0|30:1},104|2750,1700,,,,-1,-1,-1,,,0|50,,,,Effect/Battle/Nun_Skill2_buff,,[1002711],,-1,0,,-1,,-1,0,-1,,[0|30],[0|30],{0:0|30:1},-1,{1:BuffUpgradeData},[],
1002713,,48,30,-1,-1,{48:0|30:1},104|3000,1700,,,,-1,-1,-1,,,0|50,,,,Effect/Battle/Nun_Skill2_buff,,[1002711],,-1,0,,-1,,-1,0,-1,,[0|30],[0|30],{0:0|30:1},-1,{1:BuffUpgradeData},[],
1002714,,48,30,-1,-1,{48:0|30:1},104|3250,1700,,,,-1,-1,-1,,,0|50,,,,Effect/Battle/Nun_Skill2_buff,,[1002711],,-1,0,,-1,,-1,0,-1,,[0|30],[0|30],{0:0|30:1},-1,{1:BuffUpgradeData},[],
1002715,,9,-1,-1,-1,{9:0},1|1|4|2000|5000,,,,,-1,-1,-1,,,,,,,,,,,-1,0,,-1,,-1,0,-1,,[0|4],[0|4],{0:0|4:1},-1,{1:BuffUpgradeData},[],
1002716,,42,14,-1,-1,{42:0|14:1},3,10027002|1,,,,-1,-1,-1,,,,,,,,,,,-1,0,,-1,,-1,0,-1,,[0],[0],{0:0},-1,{1:BuffUpgradeData},[],
1002717,,9,-1,-1,-1,{9:0},1|1|4|1000|5000,,,,,-1,-1,-1,,,,,,,,,,,-1,0,,3,,1,0,-1,,[0|4],[0|4],{0:0|4:1},-1,{1:BuffUpgradeData},[],
1002721,,41,-1,-1,-1,{41:0},"6011|1500,4|1500",,,,,-1,1,-1,,[1],,,,,,,,,-1,0,,-1,,-1,0,-1,,[2],[2],{2:0},-1,{1:BuffUpgradeData},[],
1002722,,41,-1,-1,-1,{41:0},"6011|2500,4|2500",,,,,-1,1,-1,,[1],,,,,,,,,-1,0,,-1,,-1,0,-1,,[2],[2],{2:0},-1,{1:BuffUpgradeData},[],
1002723,,41,-1,-1,-1,{41:0},"6011|2500,4|2500",,,,,-1,1,-1,,[1],,,,,,,,,-1,0,,-1,,-1,0,-1,,[2],[2],{2:0},-1,{1:BuffUpgradeData},[],
1002724,,41,-1,-1,-1,{41:0},"6011|2500,4|2500",,,,,-1,1,-1,,[1],,,,,,,,,-1,0,,-1,,-1,0,-1,,[2],[2],{2:0},-1,{1:BuffUpgradeData},[],
1002731,,9,-1,-1,-1,{9:0},1|0|4|1500|10000|0|1,,,,,-1,-1,-1,,[1],,,,,,,[1002741],,-1,0,,-1,,-1,0,-1,,[2|4],[2|4],{2:0|4:1},-1,{1:BuffUpgradeData},[],
1002732,,9,-1,-1,-1,{9:0},1|0|4|2000|10000|0|1,,,,,-1,-1,-1,,[1],,,,,,,[1002741],,-1,0,,-1,,-1,0,-1,,[2|4],[2|4],{2:0|4:1},-1,{1:BuffUpgradeData},[],
1002733,,9,48,-1,-1,{9:0|48:1},1|0|4|3000|10000|0|1,20|2500,,,,-1,-1,-1,,[1],,,,,,,[1002741],,-1,0,,-1,,-1,0,-1,,[2|4],[2|4],{2:0|4:1},-1,{1:BuffUpgradeData},[],
1002734,,-1,-1,-1,-1,{},,,,,,-1,1,-1,,[1],,,,,,,[10027802],,-1,0,,-1,,-1,0,-1,,[2],[2],{2:0},-1,{1:BuffUpgradeData},[],
1002735,,48,-1,-1,-1,{48:0},104|2000,,,,,-1,1,-1,,[1],,,,,,,[10027802],,-1,0,,-1,,-1,0,-1,,[2],[2],{2:0},-1,{1:BuffUpgradeData},[],
1002736,,48,-1,-1,-1,{48:0},"3103|500,3104|1000",,,,,-1,1,-1,,[1],,,,,,,,,-1,0,,-1,,-1,0,-1,,[0],[0],{0:0},-1,{1:BuffUpgradeData},[],
1002801,,48,30,-1,-1,{48:0|30:1},21|-5000,-2000,,,,-1,-1,-1,,,,-50,,,Effect/Battle/Magus_Skill1_Buff,,[1002801],,-1,0,,-1,,-1,0,-1,,[1|301],[1|301],{1:0|301:1},-1,{1:BuffUpgradeData},[],
1002802,,48,30,-1,-1,{48:0|30:1},21|-5000,-2250,,,,-1,-1,-1,,,,-50,,,Effect/Battle/Magus_Skill1_Buff,,[1002801],,-1,0,,-1,,-1,0,-1,,[1|301],[1|301],{1:0|301:1},-1,{1:BuffUpgradeData},[],
1002803,,48,30,-1,-1,{48:0|30:1},21|-5000,-2500,,,,-1,-1,-1,,,,-50,,,Effect/Battle/Magus_Skill1_Buff,,[1002801],,-1,0,,-1,,-1,0,-1,,[1|301],[1|301],{1:0|301:1},-1,{1:BuffUpgradeData},[],
1002804,,48,30,-1,-1,{48:0|30:1},21|-5000,-2750,,,,-1,-1,-1,,,,-50,,,Effect/Battle/Magus_Skill1_Buff,,[1002801],,-1,0,,-1,,-1,0,-1,,[1|301],[1|301],{1:0|301:1},-1,{1:BuffUpgradeData},[],
1002811,,48,16,-1,-1,{48:0|16:1},"6|4000,15|2000",3000,,,,-1,-1,-1,,,"0|100,0|50",,,,Effect/Battle/Magus_Skill2_Buff,,[1002811],,-1,0,,-1,,-1,0,-1,,[0],[0],{0:0},-1,{1:BuffUpgradeData},[],
1002812,,48,16,48,-1,{48:2|16:1},"6|4500,15|2250",3000,71|1500,,,-1,-1,-1,,,"0|100,0|50",,,,Effect/Battle/Magus_Skill2_Buff,,[1002811],,-1,0,,-1,,-1,0,-1,,[0],[0],{0:0},-1,{1:BuffUpgradeData},[],
1002813,,48,16,48,-1,{48:2|16:1},"6|5000,15|2500",3000,71|1500,,,-1,-1,-1,,,"0|100,0|50",,,,Effect/Battle/Magus_Skill2_Buff,,[1002811],,-1,0,,-1,,-1,0,-1,,[0],[0],{0:0},-1,{1:BuffUpgradeData},[],
1002814,,48,16,48,-1,{48:2|16:1},"6|5500,15|3750",3000,71|3000,,,-1,-1,-1,,,"0|100,0|50",,,,Effect/Battle/Magus_Skill2_Buff,,[1002811],,-1,0,,-1,,-1,0,-1,,[0],[0],{0:0},-1,{1:BuffUpgradeData},[],
1002821,,-1,-1,-1,-1,{},,,,,,-1,-1,-1,,,,,,,Effect/Battle/Magus_Skill2,,[1002821],,-1,0,,-1,,-1,0,-1,,[2],[2],{2:0},-1,{1:BuffUpgradeData},[],
1002822,,-1,-1,-1,-1,{},,,,,,-1,-1,-1,,,,,,,Effect/Battle/Magus_Skill2,,[1002821],,-1,0,,-1,,-1,0,-1,,[2],[2],{2:0},-1,{1:BuffUpgradeData},[],
1002823,,-1,-1,-1,-1,{},,,,,,-1,-1,-1,,,,,,,Effect/Battle/Magus_Skill2,,[1002821],,-1,0,,-1,,-1,0,-1,,[2],[2],{2:0},-1,{1:BuffUpgradeData},[],
1002824,,-1,-1,-1,-1,{},,,,,,-1,-1,-1,,,,,,,Effect/Battle/Magus_Skill2,,[1002821],,-1,0,,-1,,-1,0,-1,,[2],[2],{2:0},-1,{1:BuffUpgradeData},[],
1002831,,-1,-1,-1,-1,{},,,,,,-1,-1,-1,,,,,,,,,,,-1,0,,-1,,-1,0,-1,,[1],[1],{1:0},-1,{1:BuffUpgradeData},[],
1002832,,7,-1,-1,-1,{7:0},30|0,,,,,-1,-1,-1,,,,,,,,,,,-1,0,,-1,,-1,0,-1,,[1],[1],{1:0},-1,{1:BuffUpgradeData},[],
1002833,,7,-1,-1,-1,{7:0},30|0,,,,,-1,-1,-1,,,,,,,,,,,-1,0,,-1,,-1,0,-1,,[1],[1],{1:0},-1,{1:BuffUpgradeData},[],
1002834,,7,-1,-1,-1,{7:0},30|0,,,,,-1,-1,-1,,,,,,,,,,,-1,0,,-1,,-1,0,-1,,[1],[1],{1:0},-1,{1:BuffUpgradeData},[],
1002841,,48,16,-1,25,{48:0|16:1|25:2},"6|4000,15|3000",3000,,6011|6008|1500,,-1,-1,-1,,,"0|100,0|50",,,,Effect/Battle/Magus_Skill2_Buff,,[1002811],,-1,0,,-1,,-1,0,-1,,[0],[0],{0:0},-1,{1:BuffUpgradeData},[],
1002842,,48,16,48,25,{48:2|16:1|25:3},"6|4500,15|3250",3000,71|1500,6011|6008|1500,,-1,-1,-1,,,"0|100,0|50",,,,Effect/Battle/Magus_Skill2_Buff,,[1002811],,-1,0,,-1,,-1,0,-1,,[0],[0],{0:0},-1,{1:BuffUpgradeData},[],
1002843,,48,16,48,25,{48:2|16:1|25:3},"6|5000,15|3500",3000,71|1500,6011|6008|1500,,-1,-1,-1,,,"0|100,0|50",,,,Effect/Battle/Magus_Skill2_Buff,,[1002811],,-1,0,,-1,,-1,0,-1,,[0],[0],{0:0},-1,{1:BuffUpgradeData},[],
1002844,,48,16,48,25,{48:2|16:1|25:3},"6|5500,15|4750",3000,71|3000,6011|6008|1500,,-1,-1,-1,,,"0|100,0|50",,,,Effect/Battle/Magus_Skill2_Buff,,[1002811],,-1,0,,-1,,-1,0,-1,,[0],[0],{0:0},-1,{1:BuffUpgradeData},[],
1002851,,41,-1,-1,-1,{41:0},"6011|1500,4|1500",,,,,-1,1,-1,,[1],,,,,,,,,-1,0,,-1,,-1,0,-1,,[2],[2],{2:0},-1,{1:BuffUpgradeData},[],
1002852,,41,-1,-1,-1,{41:0},"6011|2500,4|2500",,,,,-1,1,-1,,[1],,,,,,,,,-1,0,,-1,,-1,0,-1,,[2],[2],{2:0},-1,{1:BuffUpgradeData},[],
1002853,,41,-1,-1,-1,{41:0},"6011|2500,4|2500",,,,,-1,1,-1,,[1],,,,,,,,,-1,0,,-1,,-1,0,-1,,[2],[2],{2:0},-1,{1:BuffUpgradeData},[],
1002854,,41,-1,-1,-1,{41:0},"6011|2500,4|2500",,,,,-1,1,-1,,[1],,,,,,,,,-1,0,,-1,,-1,0,-1,,[2],[2],{2:0},-1,{1:BuffUpgradeData},[],
1002861,,20,-1,-1,-1,{20:0},1|2|1002869|1,,,,,-1,-1,-1,,[2|1002802],,,,,,,,,-1,0,,2,,1,0,-1,,[2|1002801],[2|1002801],{2:0|1002801:1},-1,{1:BuffUpgradeData},[],
1002862,,20,-1,-1,-1,{20:0},1|2|1002870|1,,,,,-1,-1,-1,,[2|1002802],,,,,,,,,-1,0,,2,,1,0,-1,,[2|1002801],[2|1002801],{2:0|1002801:1},-1,{1:BuffUpgradeData},[],
1002863,,20,-1,-1,-1,{20:0},1|2|1002871|1,,,,,-1,-1,-1,,[2|1002802],,,,,,,,,-1,0,,2,,1,0,-1,,[2|1002801],[2|1002801],{2:0|1002801:1},-1,{1:BuffUpgradeData},[],
1002864,,1,-1,-1,-1,{1:0},1|3|-6000,,,,,-1,-1,-1,,,,,,,,,,,-1,0,,-1,,-1,0,-1,,[1|301|203],[1|301|203],{1:0|301:1|203:2},1000,{1:BuffUpgradeData},[],
1002865,,48,-1,-1,-1,{48:0},89|-2000,,,,,-1,-1,-1,,,,,,,,,,,-1,0,,-1,,-1,0,-1,,[1|301],[1|301],{1:0|301:1},-1,{1:BuffUpgradeData},[],
1002866,,1,-1,-1,-1,{1:0},1|3|-12000,,,,,-1,-1,-1,,,,,,,,,,,-1,0,,-1,,-1,0,-1,,[1|301|203],[1|301|203],{1:0|301:1|203:2},1000,{1:BuffUpgradeData},[],
1002867,,-1,-1,-1,-1,{},,,,,,-1,-1,-1,,[1],,,,,,,[10028802],,-1,0,,-1,,-1,0,-1,,[2],[2],{2:0},-1,{1:BuffUpgradeData},[],
1002868,,48,-1,-1,-1,{48:0},"4103|500,4104|1000",,,,,-1,-1,-1,,[1],,,,,,,,,-1,0,,-1,,-1,0,-1,,[2],[2],{2:0},-1,{1:BuffUpgradeData},[],
1002869,,23,7,-1,-1,{23:0|7:1},0|10028810|0|1000|3|-1|1|1|1,1002801|0,,,,-1,-1,-1,,[1],,,,,,,,,-1,0,,-1,,-1,0,-1,,[2|1002802],[2|1002802],{2:0|1002802:1},-1,{1:BuffUpgradeData},[],
1002870,,23,7,-1,-1,{23:0|7:1},0|10028820|0|1000|3|-1|1|1|1,1002801|0,,,,-1,-1,-1,,[1],,,,,,,,,-1,0,,-1,,-1,0,-1,,[2|1002802],[2|1002802],{2:0|1002802:1},-1,{1:BuffUpgradeData},[],
1002871,,23,7,-1,-1,{23:0|7:1},0|10028830|0|1000|3|-1|1|2|1,1002801|0,,,,-1,-1,-1,,[1],,,,,,,,,-1,0,,-1,,-1,0,-1,,[2|1002802],[2|1002802],{2:0|1002802:1},-1,{1:BuffUpgradeData},[],
1002881,,48,-1,-1,-1,{48:0},104|0,,,,[2|2],-1,1,-1,,[1],0|50,,,,,,,,-1,0,,-1,,-1,0,-1,,[2],[2],{2:0},-1,{1:BuffUpgradeData},[],
1002882,,48,-1,-1,-1,{48:0},104|250,,,,[2|2],-1,1,-1,,[1],0|50,,,,,,,,-1,0,,-1,,-1,0,-1,,[2],[2],{2:0},-1,{1:BuffUpgradeData},[],
1002883,,48,-1,-1,-1,{48:0},104|500,,,,[2|2],-1,1,-1,,[1],0|50,,,,,,,,-1,0,,-1,,-1,0,-1,,[2],[2],{2:0},-1,{1:BuffUpgradeData},[],
1002884,,48,-1,-1,-1,{48:0},104|750,,,,[2|2],-1,1,-1,,[1],0|50,,,,,,,,-1,0,,-1,,-1,0,-1,,[2],[2],{2:0},-1,{1:BuffUpgradeData},[],
1002885,,9,-1,-1,-1,{9:0},1|1|3|30000|5000,,,,,-1,-1,-1,,,,,,,,,,,-1,0,,-1,,-1,0,-1,,[0|4],[0|4],{0:0|4:1},-1,{1:BuffUpgradeData},[],
1002891,,48,-1,-1,-1,{48:0},71|0,,,,[2|2],-1,1,-1,,[1],0|50,,,,,,,,-1,0,,-1,,-1,0,-1,,[2],[2],{2:0},-1,{1:BuffUpgradeData},[],
1002892,,48,-1,-1,-1,{48:0},71|200,,,,[2|2],-1,1,-1,,[1],0|50,,,,,,,,-1,0,,-1,,-1,0,-1,,[2],[2],{2:0},-1,{1:BuffUpgradeData},[],
1002893,,48,-1,-1,-1,{48:0},71|400,,,,[2|2],-1,1,-1,,[1],0|50,,,,,,,,-1,0,,-1,,-1,0,-1,,[2],[2],{2:0},-1,{1:BuffUpgradeData},[],
1002894,,48,-1,-1,-1,{48:0},"71|600,82|1500",,,,[2|2],-1,1,-1,,[1],"0|50,0|0",,,,,,,,-1,0,,-1,,-1,0,-1,,[2],[2],{2:0},-1,{1:BuffUpgradeData},[],
1002901,stun,3,-1,-1,-1,{3:0},,,,,,-1,-1,-1,,,,,,,Effect/Battle/CommonEffect/Fx_XuanYun_Buff,,[100001],,-1,0,,-1,,-1,0,-1,,[1|3],[1|3],{1:0|3:1},-1,{1:BuffUpgradeData},[],
1002902,stun,3,-1,-1,-1,{3:0},,,,,,-1,-1,-1,,,,,,,Effect/Battle/CommonEffect/Fx_XuanYun_Buff,,[100001],,-1,0,,-1,,-1,0,-1,,[1|3],[1|3],{1:0|3:1},-1,{1:BuffUpgradeData},[],
1002903,stun,3,-1,-1,-1,{3:0},,,,,,-1,-1,-1,,,,,,,Effect/Battle/CommonEffect/Fx_XuanYun_Buff,,[100001],,-1,0,,-1,,-1,0,-1,,[1|3],[1|3],{1:0|3:1},-1,{1:BuffUpgradeData},[],
1002904,stun,3,-1,-1,-1,{3:0},,,,,,-1,-1,-1,,,,,,,Effect/Battle/CommonEffect/Fx_XuanYun_Buff,,[100001],,-1,0,,-1,,-1,0,-1,,[1|3],[1|3],{1:0|3:1},-1,{1:BuffUpgradeData},[],
1002905,,30,-1,-1,-1,{30:0},-1000,,,,,-1,-1,-1,,,,,,,,,,,-1,0,,-1,,-1,0,-1,,[1|301],[1|301],{1:0|301:1},-1,{1:BuffUpgradeData},[],
1002911,,30,-1,-1,-1,{30:0},3500,,,,,-1,-1,-1,,,100,,,,,,,,-1,0,,-1,,-1,0,-1,,[0|30],[0|30],{0:0|30:1},-1,{1:BuffUpgradeData},[],
1002912,,30,-1,-1,-1,{30:0},3500,,,,,-1,-1,-1,,,100,,,,,,,,-1,0,,-1,,-1,0,-1,,[0|30],[0|30],{0:0|30:1},-1,{1:BuffUpgradeData},[],
1002913,,30,-1,-1,-1,{30:0},3500,,,,,-1,-1,-1,,,100,,,,,,,,-1,0,,-1,,-1,0,-1,,[0|30],[0|30],{0:0|30:1},-1,{1:BuffUpgradeData},[],
1002914,,30,48,-1,-1,{30:0|48:1},3500,103|1200,,,,-1,-1,-1,,,100,,,,,,,,-1,0,,-1,,-1,0,-1,,[0|30],[0|30],{0:0|30:1},-1,{1:BuffUpgradeData},[],
1002921,,8,-1,-1,-1,{8:0},,,,,,-1,-1,-1,,,,,,,Effect/Battle/CommonEffect/Fx_ChaoFeng_01,,[1001721],,-1,0,,-1,,-1,0,-1,,[1|14],[1|14],{1:0|14:1},-1,{1:BuffUpgradeData},[],
1002922,,8,-1,-1,-1,{8:0},,,,,,-1,-1,-1,,,,,,,Effect/Battle/CommonEffect/Fx_ChaoFeng_01,,[1001721],,-1,0,,-1,,-1,0,-1,,[1|14],[1|14],{1:0|14:1},-1,{1:BuffUpgradeData},[],
1002923,,8,-1,-1,-1,{8:0},,,,,,-1,-1,-1,,,,,,,Effect/Battle/CommonEffect/Fx_ChaoFeng_01,,[1001721],,-1,0,,-1,,-1,0,-1,,[1|14],[1|14],{1:0|14:1},-1,{1:BuffUpgradeData},[],
1002924,,8,-1,-1,-1,{8:0},,,,,,-1,-1,-1,,,,,,,Effect/Battle/CommonEffect/Fx_ChaoFeng_01,,[1001721],,-1,0,,-1,,-1,0,-1,,[1|14],[1|14],{1:0|14:1},-1,{1:BuffUpgradeData},[],
1002931,,5,-1,-1,-1,{5:0},30003|1|10000|32000|2|100|0|0|0|1,,,,,-1,-1,-1,,,0|0|0|1600|0|0|0|0|0|0,,,,,,,,-1,0,,-1,,-1,0,-1,,[2],[2],{2:0},-1,{1:BuffUpgradeData},[],
1002932,,5,-1,-1,-1,{5:0},30003|1|10000|40000|2|100|0|0|0|1,,,,,-1,-1,-1,,,0|0|0|1600|0|0|0|0|0|0,,,,,,,,-1,0,,-1,,-1,0,-1,,[2],[2],{2:0},-1,{1:BuffUpgradeData},[],
1002933,,5,-1,-1,-1,{5:0},30003|1|10000|48000|2|100|0|0|0|1,,,,,-1,-1,-1,,,0|0|0|1600|0|0|0|0|0|0,,,,,,,,-1,0,,-1,,-1,0,-1,,[2],[2],{2:0},-1,{1:BuffUpgradeData},[],
1002934,,5,-1,-1,-1,{5:0},30003|1|10000|72000|2|100|0|0|0|1,,,,,-1,-1,-1,,,0|0|0|1600|0|0|0|0|0|0,,,,,,,,-1,0,,-1,,-1,0,-1,,[2],[2],{2:0},-1,{1:BuffUpgradeData},[],
1002941,,43,-1,-1,-1,{43:0},750,,,,,-1,-1,-1,,,25,,,,,,,,-1,0,,3,,1,0,-1,,[0],[0],{0:0},-1,{1:BuffUpgradeData},[],
1002942,,43,-1,-1,-1,{43:0},1375,,,,,-1,-1,-1,,,25,,,,,,,,-1,0,,5,,1,0,-1,,[0],[0],{0:0},-1,{1:BuffUpgradeData},[],
1002943,,43,-1,-1,-1,{43:0},1500,,,,,-1,-1,-1,,,25,,,,,,,,-1,0,,6,,1,0,-1,,[0],[0],{0:0},-1,{1:BuffUpgradeData},[],
1002944,,43,-1,-1,-1,{43:0},1625,,,,,-1,-1,-1,,,25,,,,,,,,-1,0,,7,,1,0,-1,,[0],[0],{0:0},-1,{1:BuffUpgradeData},[],
1002951,,41,-1,-1,-1,{41:0},"6011|1500,4|1500",,,,,-1,1,-1,,[1],,,,,,,,,-1,0,,-1,,-1,0,-1,,[0],[0],{0:0},-1,{1:BuffUpgradeData},[],
1002952,,41,-1,-1,-1,{41:0},"6011|2500,4|2500",,,,,-1,1,-1,,[1],,,,,,,,,-1,0,,-1,,-1,0,-1,,[0],[0],{0:0},-1,{1:BuffUpgradeData},[],
1002953,,41,-1,-1,-1,{41:0},"6011|2500,4|2500",,,,,-1,1,-1,,[1],,,,,,,,,-1,0,,-1,,-1,0,-1,,[0],[0],{0:0},-1,{1:BuffUpgradeData},[],
1002954,,41,-1,-1,-1,{41:0},"6011|2500,4|2500",,,,,-1,1,-1,,[1],,,,,,,,,-1,0,,-1,,-1,0,-1,,[0],[0],{0:0},-1,{1:BuffUpgradeData},[],
1002960,,48,-1,-1,-1,{48:0},103|-2000,,,,,-1,-1,-1,,,,,,,,,,,-1,0,,-1,,-1,0,-1,,[1|301],[1|301],{1:0|301:1},-1,{1:BuffUpgradeData},[],
1002961,,5,-1,-1,-1,{5:0},30009|1|10000|12000|2|100|0|0|0|1,,,,,-1,-1,-1,,,,,,,,,,,-1,0,,-1,,-1,0,-1,,[0],[0],{0:0},-1,{1:BuffUpgradeData},[],
1002962,,5,-1,-1,-1,{5:0},30009|1|10000|12000|2|100|0|0|0|1,,,,,-1,-1,-1,,,,,,,,,,,-1,0,,-1,,-1,0,-1,,[0],[0],{0:0},-1,{1:BuffUpgradeData},[],
1002963,,5,-1,-1,-1,{5:0},30009|1|10000|12000|2|100|0|0|0|1,,,,,-1,-1,-1,,,,,,,,,,,-1,0,,-1,,-1,0,-1,,[0],[0],{0:0},-1,{1:BuffUpgradeData},[],
1002964,,5,-1,-1,-1,{5:0},30009|1|10000|12000|2|100|0|0|0|1,,,,,-1,-1,-1,,,,,,,,,,,-1,0,,-1,,-1,0,-1,,[0],[0],{0:0},-1,{1:BuffUpgradeData},[],
1002971,,25,-1,-1,-1,{25:0},6011|6008|1000,,,,,-1,1,-1,,,,,,,,,,,-1,0,,3,,1,0,-1,,[0],[0],{0:0},-1,{1:BuffUpgradeData},[],
1002972,,25,-1,-1,-1,{25:0},6011|6008|1500,,,,,-1,1,-1,,,,,,,,,,,-1,0,,3,,1,0,-1,,[0],[0],{0:0},-1,{1:BuffUpgradeData},[],
1002973,,25,48,15,-1,{25:0|48:1|15:2},6011|6008|1300,10|600,10|0|0|71|0|5000|15000|0,,,-1,1,-1,,,,,,,,,,,-1,0,,3,,1,0,-1,,[0],[0],{0:0},-1,{1:BuffUpgradeData},[],
1002974,,-1,-1,-1,-1,{},,,,,,-1,1,-1,,[1],,,,,,,[10029802],,-1,0,,-1,,-1,0,-1,,[2],[2],{2:0},-1,{1:BuffUpgradeData},[],
1002975,,48,-1,-1,-1,{48:0},5103|1000,,,,,-1,1,-1,,[1],,,,,,,,,-1,0,,-1,,-1,0,-1,,[2],[2],{2:0},-1,{1:BuffUpgradeData},[],
1002976,,20,-1,-1,-1,{20:0},1|3|1002978,,,,,-1,-1,-1,,[2|1002902],,,,,,,,,-1,0,,3,,1,0,-1,,[2|1002901],[2|1002901],{2:0|1002901:1},-1,{1:BuffUpgradeData},[],
1002977,,20,-1,-1,-1,{20:0},1|3|1002979,,,,,-1,-1,-1,,[2|1002902],,,,,,,,,-1,0,,3,,1,0,-1,,[2|1002901],[2|1002901],{2:0|1002901:1},-1,{1:BuffUpgradeData},[],
1002978,,23,7,-1,-1,{23:0|7:1},1|10029821|0|1000|2|0|0|0|1,1002901|0,,,,-1,1,-1,,[1],,,,,,,,,-1,0,,-1,,-1,0,-1,,[2|1002902],[2|1002902],{2:0|1002902:1},-1,{1:BuffUpgradeData},[],
1002979,,23,7,-1,-1,{23:0|7:1},1|10029840|0|1000|2|0|0|0|1,1002901|0,,,,-1,1,-1,,[1],,,,,,,,,-1,0,,-1,,-1,0,-1,,[2|1002902],[2|1002902],{2:0|1002902:1},-1,{1:BuffUpgradeData},[],
1003001,,-1,-1,-1,-1,{},,,,,,-1,-1,-1,,,,,,,,,,,-1,0,,-1,,-1,0,-1,,[2],[2],{2:0},-1,{1:BuffUpgradeData},[],
1003002,,-1,-1,-1,-1,{},,,,,,-1,-1,-1,,,,,,,,,,,-1,0,,-1,,-1,0,-1,,[2],[2],{2:0},-1,{1:BuffUpgradeData},[],
1003003,,-1,-1,-1,-1,{},,,,,,-1,-1,-1,,,,,,,,,,,-1,0,,-1,,-1,0,-1,,[2],[2],{2:0},-1,{1:BuffUpgradeData},[],
1003004,,-1,-1,-1,-1,{},,,,,,-1,-1,-1,,,,,,,,,,,-1,0,,-1,,-1,0,-1,,[2],[2],{2:0},-1,{1:BuffUpgradeData},[],
1003011,,48,-1,-1,-1,{48:0},"6|2000,5|135",,,,,-1,-1,-1,,,"0|50,0|0",,,,Effect/Battle/Bard_Skill0_YinFu,,[1003011],,-1,0,,-1,,-1,0,-1,,[0],[0],{0:0},-1,{1:BuffUpgradeData},[],
1003012,,48,-1,-1,-1,{48:0},"6|2250,5|135",,,,,-1,-1,-1,,,"0|50,0|0",,,,Effect/Battle/Bard_Skill0_YinFu,,[1003011],,-1,0,,-1,,-1,0,-1,,[0],[0],{0:0},-1,{1:BuffUpgradeData},[],
1003013,,48,-1,-1,-1,{48:0},"6|2500,5|135",,,,,-1,-1,-1,,,"0|50,0|0",,,,Effect/Battle/Bard_Skill0_YinFu,,[1003011],,-1,0,,-1,,-1,0,-1,,[0],[0],{0:0},-1,{1:BuffUpgradeData},[],
1003014,,48,-1,-1,-1,{48:0},"6|3250,5|135",,,,,-1,-1,-1,,,"0|50,0|0",,,,Effect/Battle/Bard_Skill0_YinFu,,[1003011],,-1,0,,-1,,-1,0,-1,,[0],[0],{0:0},-1,{1:BuffUpgradeData},[],
1003021,,-1,-1,-1,-1,{},,,,,,-1,-1,-1,,,,,,,,,,,-1,0,,-1,,-1,0,-1,,[1],[1],{1:0},-1,{1:BuffUpgradeData},[],
1003022,,48,-1,-1,-1,{48:0},6|-3000,,,,,-1,-1,-1,,,,,,,,,,,-1,0,,-1,,-1,0,-1,,[1|301],[1|301],{1:0|301:1},-1,{1:BuffUpgradeData},[],
1003023,,48,-1,-1,-1,{48:0},6|-3000,,,,,-1,-1,-1,,,,,,,,,,,-1,0,,-1,,-1,0,-1,,[1|301],[1|301],{1:0|301:1},-1,{1:BuffUpgradeData},[],
1003024,,48,-1,-1,-1,{48:0},6|-3000,,,,,-1,-1,-1,,,,,,,,,,,-1,0,,-1,,-1,0,-1,,[1|301],[1|301],{1:0|301:1},-1,{1:BuffUpgradeData},[],
1003031,,48,-1,-1,-1,{48:0},8|1000,,,,,-1,-1,-1,,,0|50,,,,Effect/Battle/Bard_Skill1_YinFu,,[1003031],,-1,0,,-1,,-1,0,-1,,[0],[0],{0:0},-1,{1:BuffUpgradeData},[],
1003032,,48,-1,-1,-1,{48:0},8|1250,,,,,-1,-1,-1,,,0|50,,,,Effect/Battle/Bard_Skill1_YinFu,,[1003031],,-1,0,,-1,,-1,0,-1,,[0],[0],{0:0},-1,{1:BuffUpgradeData},[],
1003033,,48,-1,-1,-1,{48:0},8|1500,,,,,-1,-1,-1,,,0|50,,,,Effect/Battle/Bard_Skill1_YinFu,,[1003031],,-1,0,,-1,,-1,0,-1,,[0],[0],{0:0},-1,{1:BuffUpgradeData},[],
1003034,,48,-1,-1,-1,{48:0},8|1750,,,,,-1,-1,-1,,,0|50,,,,Effect/Battle/Bard_Skill1_YinFu,,[1003031],,-1,0,,-1,,-1,0,-1,,[0],[0],{0:0},-1,{1:BuffUpgradeData},[],
1003035,,-1,-1,-1,-1,{},,,,,,-1,-1,-1,,,,,,,,,,,-1,0,,-1,,-1,0,-1,,[2|10030],[2|10030],{2:0|10030:1},-1,{1:BuffUpgradeData},[],
1003036,,3,-1,-1,-1,{3:0},,,,,,-1,-1,-1,,,,,,,,,,,-1,0,,-1,,-1,0,-1,,[1|3],[1|3],{1:0|3:1},-1,{1:BuffUpgradeData},[],
1003037,,7,-1,-1,-1,{7:0},10030|0,,,,,-1,-1,-1,,,,,,,,,,,-1,0,,-1,,-1,0,-1,,[2],[2],{2:0},-1,{1:BuffUpgradeData},[],
1003041,stun,3,-1,-1,-1,{3:0},,,,,,-1,-1,-1,,,,,,,Effect/Battle/CommonEffect/Fx_XuanYun_Buff,,[100001],,-1,0,,-1,,-1,0,-1,,[1|3],[1|3],{1:0|3:1},-1,{1:BuffUpgradeData},[],
1003042,stun,3,-1,-1,-1,{3:0},,,,,,-1,-1,-1,,,,,,,Effect/Battle/CommonEffect/Fx_XuanYun_Buff,,[100001],,-1,0,,-1,,-1,0,-1,,[1|3],[1|3],{1:0|3:1},-1,{1:BuffUpgradeData},[],
1003043,stun,3,-1,-1,-1,{3:0},,,,,,-1,-1,-1,,,,,,,Effect/Battle/CommonEffect/Fx_XuanYun_Buff,,[100001],,-1,0,,-1,,-1,0,-1,,[1|3],[1|3],{1:0|3:1},-1,{1:BuffUpgradeData},[],
1003044,stun,3,-1,-1,-1,{3:0},,,,,,-1,-1,-1,,,,,,,Effect/Battle/CommonEffect/Fx_XuanYun_Buff,,[100001],,-1,0,,-1,,-1,0,-1,,[1|3],[1|3],{1:0|3:1},-1,{1:BuffUpgradeData},[],
1003051,,6,6,-1,-1,{6:1},0|1|1000,0|2|1000,,,,-1,-1,-1,,,0|0|50,0|0|50,,,,,,,-1,0,,-1,,-1,0,-1,,[0],[0],{0:0},-1,{1:BuffUpgradeData},[],
1003052,,6,6,-1,-1,{6:1},0|1|1250,0|2|1250,,,,-1,-1,-1,,,0|0|50,0|0|50,,,,,,,-1,0,,-1,,-1,0,-1,,[0],[0],{0:0},-1,{1:BuffUpgradeData},[],
1003053,,6,6,-1,-1,{6:1},0|1|1500,0|2|1500,,,,-1,-1,-1,,,0|0|50,0|0|50,,,,,,,-1,0,,-1,,-1,0,-1,,[0],[0],{0:0},-1,{1:BuffUpgradeData},[],
1003054,,6,6,-1,-1,{6:1},0|1|1750,0|2|1750,,,,-1,-1,-1,,,0|0|50,0|0|50,,,,,,,-1,0,,-1,,-1,0,-1,,[0],[0],{0:0},-1,{1:BuffUpgradeData},[],
1003060,,6,-1,-1,-1,{6:0},0|1|3000,,,,,-1,1,-1,,[1],,,,,,,,,-1,0,,-1,,-1,0,-1,,[0],[0],{0:0},-1,{1:BuffUpgradeData},[],
1003061,,30,-1,-1,-1,{30:0},-2000,,,,,-1,-1,-1,,,,,,,,,,,-1,0,,-1,,-1,0,-1,,[1|301],[1|301],{1:0|301:1},-1,{1:BuffUpgradeData},[],
1003062,,30,-1,-1,-1,{30:0},-2000,,,,,-1,-1,-1,,,,,,,,,,,-1,0,,-1,,-1,0,-1,,[1|301],[1|301],{1:0|301:1},-1,{1:BuffUpgradeData},[],
1003063,,30,-1,-1,-1,{30:0},-2000,,,,,-1,-1,-1,,,,,,,,,,,-1,0,,-1,,-1,0,-1,,[1|301],[1|301],{1:0|301:1},-1,{1:BuffUpgradeData},[],
1003064,,30,-1,-1,-1,{30:0},-2000,,,,,-1,-1,-1,,,,,,,,,,,-1,0,,-1,,-1,0,-1,,[1|301],[1|301],{1:0|301:1},-1,{1:BuffUpgradeData},[],
1003071,,41,-1,-1,-1,{41:0},"6011|1500,4|1500",,,,,-1,1,-1,,[1],,,,,,,,,-1,0,,-1,,-1,0,-1,,[2],[2],{2:0},-1,{1:BuffUpgradeData},[],
1003072,,41,-1,-1,-1,{41:0},"6011|2500,4|2500",,,,,-1,1,-1,,[1],,,,,,,,,-1,0,,-1,,-1,0,-1,,[2],[2],{2:0},-1,{1:BuffUpgradeData},[],
1003073,,41,-1,-1,-1,{41:0},"6011|2500,4|2500",,,,,-1,1,-1,,[1],,,,,,,,,-1,0,,-1,,-1,0,-1,,[2],[2],{2:0},-1,{1:BuffUpgradeData},[],
1003074,,41,-1,-1,-1,{41:0},"6011|2500,4|2500",,,,,-1,1,-1,,[1],,,,,,,,,-1,0,,-1,,-1,0,-1,,[2],[2],{2:0},-1,{1:BuffUpgradeData},[],
1003081,,48,14,-1,-1,{48:0|14:1},103|-1000,10030803|1,,,,-1,-1,-1,,[1],,,,,,,[1003081],,-1,0,,-1,,-1,0,-1,,[1],[1],{1:0},-1,{1:BuffUpgradeData},[],
1003082,,48,14,-1,-1,{48:0|14:1},"103|-2000,6|-2000",10030803|1,,,,-1,-1,-1,,[1],,,,,,,[1003081],,-1,0,,-1,,-1,0,-1,,[1],[1],{1:0},-1,{1:BuffUpgradeData},[],
1003083,,48,14,6,6,{48:0|14:1|6:3},"103|-2000,6|-2000,104|-1000",10030803|1,2|1|1000,2|2|1000,,-1,-1,-1,,[1],,,,,,,[1003081],,-1,0,,-1,,-1,0,-1,,[1|205],[1|205],{1:0|205:1},-1,{1:BuffUpgradeData},[],
1003084,,-1,-1,-1,-1,{},,,,,,-1,1,-1,,[1],,,,,,,[10030802],,-1,0,,-1,,-1,0,-1,,[2],[2],{2:0},-1,{1:BuffUpgradeData},[],
1003085,,48,-1,-1,-1,{48:0},104|2000,,,,,-1,1,-1,,[1],,,,,,,[10030802],,-1,0,,-1,,-1,0,-1,,[2],[2],{2:0},-1,{1:BuffUpgradeData},[],
1003086,,48,-1,-1,-1,{48:0},"3103|500,3104|1000",,,,,-1,1,-1,,[1],,,,,,,,,-1,0,,-1,,-1,0,-1,,[0],[0],{0:0},-1,{1:BuffUpgradeData},[],
1003087,,19,-1,-1,-1,{19:0},10030,,,,,-1,-1,-1,,[2|1003001],,,,,,,,,-1,0,,-1,,-1,0,-1,,[1|1003002],[1|1003002],{1:0|1003002:1},-1,{1:BuffUpgradeData},[],
1003088,,7,-1,-1,-1,{7:0},1003002|0,,,,,-1,-1,-1,,[1],,,,,,,,,-1,0,,-1,,-1,0,-1,,[2|1003001],[2|1003001],{2:0|1003001:1},-1,{1:BuffUpgradeData},[],
1003101,stun,3,-1,-1,-1,{3:0},,,,,,-1,-1,-1,,,,,,,,,[100001],,-1,0,,-1,,-1,0,-1,,[1|3],[1|3],{1:0|3:1},-1,{1:BuffUpgradeData},[],
1003102,stun,3,-1,-1,-1,{3:0},,,,,,-1,-1,-1,,,,,,,,,[100001],,-1,0,,-1,,-1,0,-1,,[1|3],[1|3],{1:0|3:1},-1,{1:BuffUpgradeData},[],
1003103,stun,3,-1,-1,-1,{3:0},,,,,,-1,-1,-1,,,,,,,,,[100001],,-1,0,,-1,,-1,0,-1,,[1|3],[1|3],{1:0|3:1},-1,{1:BuffUpgradeData},[],
1003104,stun,3,-1,-1,-1,{3:0},,,,,,-1,-1,-1,,,,,,,,,[100001],,-1,0,,-1,,-1,0,-1,,[1|3],[1|3],{1:0|3:1},-1,{1:BuffUpgradeData},[],
1003111,,10,30,-1,-1,{10:0|30:1},3|7|8|9|12|15|16|17|18|204,3800,,,,-1,-1,-1,,,,,,,Effect/Battle/Fx_Judge_Skill0_Buff,,[1003111],,-1,0,,-1,,-1,0,-1,,[0|30],[0|30],{0:0|30:1},-1,{1:BuffUpgradeData},[],
1003112,,10,30,-1,-1,{10:0|30:1},3|7|8|9|12|15|16|17|18|204,4100,,,,-1,-1,-1,,,,,,,Effect/Battle/Fx_Judge_Skill0_Buff,,[1003111],,-1,0,,-1,,-1,0,-1,,[0|30],[0|30],{0:0|30:1},-1,{1:BuffUpgradeData},[],
1003113,,10,30,-1,-1,{10:0|30:1},3|7|8|9|12|15|16|17|18|204,4400,,,,-1,-1,-1,,,,,,,Effect/Battle/Fx_Judge_Skill0_Buff,,[1003111],,-1,0,,-1,,-1,0,-1,,[0|30],[0|30],{0:0|30:1},-1,{1:BuffUpgradeData},[],
1003114,,10,30,-1,-1,{10:0|30:1},3|7|8|9|12|15|16|17|18|204,4700,,,,-1,-1,-1,,,,,,,Effect/Battle/Fx_Judge_Skill0_Buff,,[1003111],,-1,0,,-1,,-1,0,-1,,[0|30],[0|30],{0:0|30:1},-1,{1:BuffUpgradeData},[],
1003115,,9,-1,-1,-1,{9:0},1|1|3|12000|5000,,,,,-1,-1,-1,,,,,,,,,,,-1,0,,-1,,-1,0,-1,,[0|4],[0|4],{0:0|4:1},-1,{1:BuffUpgradeData},[],
1003116,,9,-1,-1,-1,{9:0},1|1|3|24000|5000,,,,,-1,-1,-1,,,,,,,,,,,-1,0,,-1,,-1,0,-1,,[0|4],[0|4],{0:0|4:1},-1,{1:BuffUpgradeData},[],
1003121,stun,3,-1,-1,-1,{3:0},,,,,,-1,-1,-1,,,,,,,,,[100001],,-1,0,,-1,,-1,0,-1,,[1|3],[1|3],{1:0|3:1},-1,{1:BuffUpgradeData},[],
1003122,stun,3,-1,-1,-1,{3:0},,,,,,-1,-1,-1,,,,,,,,,[100001],,-1,0,,-1,,-1,0,-1,,[1|3],[1|3],{1:0|3:1},-1,{1:BuffUpgradeData},[],
1003123,stun,3,-1,-1,-1,{3:0},,,,,,-1,-1,-1,,,,,,,,,[100001],,-1,0,,-1,,-1,0,-1,,[1|3],[1|3],{1:0|3:1},-1,{1:BuffUpgradeData},[],
1003124,stun,3,-1,-1,-1,{3:0},,,,,,-1,-1,-1,,,,,,,,,[100001],,-1,0,,-1,,-1,0,-1,,[1|3],[1|3],{1:0|3:1},-1,{1:BuffUpgradeData},[],
1003125,,9,-1,-1,-1,{9:0},1|1|3|18000|5000,,,,,-1,-1,-1,,,,,,,,,,,-1,0,,-1,,-1,0,-1,,[0|4],[0|4],{0:0|4:1},-1,{1:BuffUpgradeData},[],
1003131,,32,9,23,14,{32:0|9:1|23:2|14:3},500|6500|0,1|1|4|28000|10000,0|10031302|2|350|2|0|0|0,10031302|1,,-1,-1,-1,,,,0|0|0|700|0,,,Effect/Battle/Fx_Judge_Skill2,,[1003131],,-1,0,,-1,,-1,0,-1,,[0],[0],{0:0},100,{1:BuffUpgradeData},[],
1003132,,32,9,23,14,{32:0|9:1|23:2|14:3},500|6500|0,1|1|4|31500|10000,0|10031312|2|350|2|0|0|0,10031302|2,,-1,-1,-1,,,,0|0|0|700|0,,,Effect/Battle/Fx_Judge_Skill2,,[1003131],,-1,0,,-1,,-1,0,-1,,[0],[0],{0:0},100,{1:BuffUpgradeData},[],
1003133,,32,9,23,14,{32:0|9:1|23:2|14:3},500|6500|0,1|1|4|35000|10000,0|10031322|2|350|2|0|0|0,10031302|3,,-1,-1,-1,,,,0|0|0|700|0,,,Effect/Battle/Fx_Judge_Skill2,,[1003131],,-1,0,,-1,,-1,0,-1,,[0],[0],{0:0},100,{1:BuffUpgradeData},[],
1003134,,32,9,23,14,{32:0|9:1|23:2|14:3},500|6500|0,1|1|4|38500|10000,0|10031332|2|350|2|0|0|0,10031302|4,,-1,-1,-1,,,,0|0|0|700|0,,,Effect/Battle/Fx_Judge_Skill2,,[1003131],,-1,0,,-1,,-1,0,-1,,[0],[0],{0:0},100,{1:BuffUpgradeData},[],
1003135,,48,-1,-1,-1,{48:0},103|1500,,,,,-1,-1,-1,,,,,,,,,,,-1,0,,-1,,-1,0,-1,,[0],[0],{0:0},-1,{1:BuffUpgradeData},[],
1003136,,30,-1,-1,-1,{30:0},-1500,,,,,-1,-1,-1,,,,,,,,,,,-1,0,,-1,,-1,0,-1,,[1|301],[1|301],{1:0|301:1},-1,{1:BuffUpgradeData},[],
1003141,,30,-1,-1,-1,{30:0},400,,,,,-1,-1,-1,,[1],40,,,,,,,,-1,0,,-1,,-1,0,-1,,[0|30],[0|30],{0:0|30:1},-1,{1:BuffUpgradeData},[],
1003142,,30,-1,-1,-1,{30:0},600,,,,,-1,-1,-1,,[1],40,,,,,,,,-1,0,,-1,,-1,0,-1,,[0|30],[0|30],{0:0|30:1},-1,{1:BuffUpgradeData},[],
1003143,,30,-1,-1,-1,{30:0},900,,,,,-1,-1,-1,,[1],40,,,,,,,,-1,0,,-1,,-1,0,-1,,[0|30],[0|30],{0:0|30:1},-1,{1:BuffUpgradeData},[],
1003144,,30,-1,-1,-1,{30:0},1200,,,,,-1,-1,-1,,[1],40,,,,,,,,-1,0,,-1,,-1,0,-1,,[0|30],[0|30],{0:0|30:1},-1,{1:BuffUpgradeData},[],
1003151,,31,-1,-1,-1,{31:0},1|1|0,,,,,-1,-1,-1,,,,,,,Effect/Battle/Fx_Judge_Skill3_Buff,,[1003151],,-1,0,,-1,,-1,0,-1,,[0],[0],{0:0},-1,{1:BuffUpgradeData},[],
1003152,,31,-1,-1,-1,{31:0},1|1|0,,,,,-1,-1,-1,,,,,,,Effect/Battle/Fx_Judge_Skill3_Buff,,[1003151],,-1,0,,-1,,-1,0,-1,,[0],[0],{0:0},-1,{1:BuffUpgradeData},[],
1003153,,31,-1,-1,-1,{31:0},1|1|0,,,,,-1,-1,-1,,,,,,,Effect/Battle/Fx_Judge_Skill3_Buff,,[1003151],,-1,0,,-1,,-1,0,-1,,[0],[0],{0:0},-1,{1:BuffUpgradeData},[],
1003154,,31,-1,-1,-1,{31:0},1|1|0,,,,,-1,-1,-1,,,,,,,Effect/Battle/Fx_Judge_Skill3_Buff,,[1003151],,-1,0,,-1,,-1,0,-1,,[0],[0],{0:0},-1,{1:BuffUpgradeData},[],
1003155,,6,-1,-1,-1,{6:0},0|1|-12000,,,,,-1,-1,-1,,[1],,,,,Effect/Battle/Fx_Judge_Skill3_Buff,,[1003151],,-1,0,,-1,,-1,0,-1,,[2],[2],{2:0},-1,{1:BuffUpgradeData},[],
1003161,,48,-1,-1,-1,{48:0},"103|1000,104|1000",,,,,-1,1,-1,,[1],,,,,,,,,-1,0,,-1,,-1,0,-1,,[0],[0],{0:0},-1,{1:BuffUpgradeData},[],
1003162,,48,-1,-1,-1,{48:0},"103|2000,104|2000",,,,,-1,1,-1,,[1],,,,,,,,,-1,0,,-1,,-1,0,-1,,[0],[0],{0:0},-1,{1:BuffUpgradeData},[],
1003163,,48,-1,-1,-1,{48:0},"103|2000,104|2000",,,,,-1,1,-1,,[1],,,,,,,,,-1,0,,-1,,-1,0,-1,,[0],[0],{0:0},-1,{1:BuffUpgradeData},[],
1003164,,48,-1,-1,-1,{48:0},"103|2000,104|2000",,,,,-1,1,-1,,[1],,,,,,,,,-1,0,,-1,,-1,0,-1,,[0],[0],{0:0},-1,{1:BuffUpgradeData},[],
1003171,,9,-1,-1,-1,{9:0},1|1|4|500|6000,,,,,-1,1,-1,,,,,,,,,,,-1,0,,-1,,-1,0,-1,,[0|4],[0|4],{0:0|4:1},-1,{1:BuffUpgradeData},[],
1003172,,9,-1,-1,-1,{9:0},1|1|4|1000|6000,,,,,-1,1,-1,,,,,,,,,,,-1,0,,-1,,-1,0,-1,,[0|4],[0|4],{0:0|4:1},-1,{1:BuffUpgradeData},[],
1003173,,9,-1,-1,-1,{9:0},1|1|4|1000|6000,,,,,-1,1,-1,,,,,,,,,,,-1,0,,-1,,-1,0,-1,,[0|4],[0|4],{0:0|4:1},-1,{1:BuffUpgradeData},[],
1003174,,9,-1,-1,-1,{9:0},1|1|4|1000|6000,,,,,-1,1,-1,,,,,,,,,,,-1,0,,-1,,-1,0,-1,,[0|4],[0|4],{0:0|4:1},-1,{1:BuffUpgradeData},[],
1003181,,32,9,23,14,{32:0|9:1|23:2|14:3},500|5000|0,1|1|4|28000|10000,0|10031306|2|350|2|0|0|0,10031302|1,,-1,-1,-1,,,,0|0|0|700|0,,,Effect/Battle/Fx_Judge_Skill2_LV2,,[1003181],,-1,0,,-1,,-1,0,-1,,[0],[0],{0:0},100,{1:BuffUpgradeData},[],
1003182,,32,9,23,14,{32:0|9:1|23:2|14:3},500|5000|0,1|1|4|31500|10000,0|10031316|2|350|2|0|0|0,10031302|2,,-1,-1,-1,,,,0|0|0|700|0,,,Effect/Battle/Fx_Judge_Skill2_LV2,,[1003181],,-1,0,,-1,,-1,0,-1,,[0],[0],{0:0},100,{1:BuffUpgradeData},[],
1003183,,32,9,23,14,{32:0|9:1|23:2|14:3},500|5000|0,1|1|4|35000|10000,0|10031326|2|350|2|0|0|0,10031302|3,,-1,-1,-1,,,,0|0|0|700|0,,,Effect/Battle/Fx_Judge_Skill2_LV2,,[1003181],,-1,0,,-1,,-1,0,-1,,[0],[0],{0:0},100,{1:BuffUpgradeData},[],
1003184,,32,9,23,14,{32:0|9:1|23:2|14:3},500|5000|0,1|1|4|38500|10000,0|10031336|2|350|2|0|0|0,10031302|4,,-1,-1,-1,,,,0|0|0|700|0,,,Effect/Battle/Fx_Judge_Skill2_LV2,,[1003181],,-1,0,,-1,,-1,0,-1,,[0],[0],{0:0},100,{1:BuffUpgradeData},[],
1003185,,26,-1,-1,-1,{26:0},0|1|10031002|1|0|1,,,,,-1,-1,-1,,,,,,,,,,,-1,0,,-1,,-1,0,-1,,[0],[0],{0:0},1400,{1:BuffUpgradeData},[],
1003186,,-1,-1,-1,-1,{},,,,,,-1,1,-1,,[1],,,,,,,,,-1,0,,5,,1,0,-1,,[2|100312],[2|100312],{2:0|100312:1},-1,{1:BuffUpgradeData},[],
1003187,stun,3,40,-1,-1,{3:0|40:1},,1|500|100311|1|100312,,,,-1,-1,-1,,,,,,,Effect/Battle/CommonEffect/Fx_XuanYun_Buff,,[100001],,-1,0,,-1,,-1,0,-1,,[1|3|100311],[1|3|100311],{1:0|3:1|100311:2},-1,{1:BuffUpgradeData},[],
1003191,,49,-1,-1,-1,{49:0},1|3|600,,,,,-1,-1,-1,,,,,,,,,,,-1,0,,-1,,-1,0,-1,,[0],[0],{0:0},-1,{1:BuffUpgradeData},[],
1003192,,49,-1,-1,-1,{49:0},1|3|1200,,,,,-1,-1,-1,,,,,,,,,,,-1,0,,-1,,-1,0,-1,,[0],[0],{0:0},-1,{1:BuffUpgradeData},[],
1003193,,-1,-1,-1,-1,{},,,,,,-1,-1,-1,,,,,,,,,[10031802],,-1,0,,-1,,-1,0,-1,,[0],[0],{0:0},-1,{1:BuffUpgradeData},[],
1003194,,48,-1,-1,-1,{48:0},"3103|1000,3019|400",,,,,-1,1,-1,,[1],,,,,,,,,-1,0,,-1,,-1,0,-1,,[0],[0],{0:0},-1,{1:BuffUpgradeData},[],
1003195,,-1,-1,-1,-1,{},,,,,,-1,1,-1,,,,,,,,,[1003191],,-1,0,,-1,,-1,0,-1,,[0],[0],{0:0},-1,{1:BuffUpgradeData},[],
1003196,,-1,-1,-1,-1,{},,,,,,-1,1,-1,,,,,,,,,[1003192],,-1,0,,-1,,-1,0,-1,,[0],[0],{0:0},-1,{1:BuffUpgradeData},[],
1003197,,-1,-1,-1,-1,{},,,,,,-1,1,-1,,,,,,,,,[1003191],,-1,0,,-1,,-1,0,-1,,[0],[0],{0:0},-1,{1:BuffUpgradeData},[],
10031100,,-1,-1,-1,-1,{},,,,,,-1,-1,-1,,[1],,,,,,,[10031100],,-1,0,,-1,,-1,0,-1,,[302],[302],{302:0},-1,{1:BuffUpgradeData},[],
10031101,,-1,-1,-1,-1,{},,,,,,-1,-1,-1,,[1],,,,,,,[10031101],,-1,0,,-1,,-1,0,-1,,[302],[302],{302:0},-1,{1:BuffUpgradeData},[],
10031102,,-1,-1,-1,-1,{},,,,,,-1,-1,-1,,[1],,,,,,,[10031102],,-1,0,,-1,,-1,0,-1,,[302],[302],{302:0},-1,{1:BuffUpgradeData},[],
10031103,,48,-1,-1,-1,{48:0},104|2000,,,,,-1,-1,-1,,[1],,,,,,,,,-1,0,,-1,,-1,0,-1,,[0],[0],{0:0},-1,{1:BuffUpgradeData},[],
10031104,,48,-1,-1,-1,{48:0},"3104|1500,3011|1000",,,,,-1,-1,-1,,[1],,,,,,,,,-1,0,,-1,,-1,0,-1,,[0],[0],{0:0},-1,{1:BuffUpgradeData},[],
10031105,,31,-1,-1,-1,{31:0},1|1|0,,,,,-1,-1,-1,,[1],,,,,,,[1003151],,-1,0,,-1,,-1,0,-1,,[0],[0],{0:0},-1,{1:BuffUpgradeData},[],
10031106,,31,-1,-1,-1,{31:0},1|1|0,,,,,-1,-1,-1,,[1],,,,,,,[1003151],,-1,0,,-1,,-1,0,-1,,[0],[0],{0:0},-1,{1:BuffUpgradeData},[],
10031107,,-1,-1,-1,-1,{},,,,,,-1,-1,-1,,[1],,,,,,,[10031107],,-1,0,,-1,,-1,0,-1,,[2],[2],{2:0},-1,{1:BuffUpgradeData},[],
10031108,,-1,-1,-1,-1,{},,,,,,-1,-1,-1,,[1],,,,,,,[10031108],,-1,0,,-1,,-1,0,-1,,[2],[2],{2:0},-1,{1:BuffUpgradeData},[],
10031109,,-1,-1,-1,-1,{},,,,,,-1,-1,-1,,[1],,,,,,,[10031109],,-1,0,,-1,,-1,0,-1,,[2],[2],{2:0},-1,{1:BuffUpgradeData},[],
1003201,,14,-1,-1,-1,{14:0},10032102|1,,,,,-1,-1,-1,,,,,,,,,,,-1,100,,-1,,-1,0,-1,,[0],[0],{0:0},-1,{1:BuffUpgradeData},[],
1003202,,14,-1,-1,-1,{14:0},10032102|2,,,,,-1,-1,-1,,,,,,,,,,,-1,100,,-1,,-1,0,-1,,[0],[0],{0:0},-1,{1:BuffUpgradeData},[],
1003203,,14,-1,-1,-1,{14:0},10032102|3,,,,,-1,-1,-1,,,,,,,,,,,-1,100,,-1,,-1,0,-1,,[0],[0],{0:0},-1,{1:BuffUpgradeData},[],
1003204,,14,-1,-1,-1,{14:0},10032102|4,,,,,-1,-1,-1,,,,,,,,,,,-1,100,,-1,,-1,0,-1,,[0],[0],{0:0},-1,{1:BuffUpgradeData},[],
1003205,stun,3,-1,-1,-1,{3:0},,,,,,-1,-1,-1,,,,,,,,,[100001],,-1,0,,-1,,-1,0,-1,,[1|3],[1|3],{1:0|3:1},-1,{1:BuffUpgradeData},[],
1003211,,30,-1,-1,-1,{30:0},4000,,,,,-1,-1,-1,,,,,,,,,,,-1,0,,-1,,-1,0,-1,,[0|30],[0|30],{0:0|30:1},-1,{1:BuffUpgradeData},[],
1003212,,30,-1,-1,-1,{30:0},4000,,,,,-1,-1,-1,,,,,,,,,,,-1,0,,-1,,-1,0,-1,,[0|30],[0|30],{0:0|30:1},-1,{1:BuffUpgradeData},[],
1003213,,30,-1,-1,-1,{30:0},4000,,,,,-1,-1,-1,,,,,,,,,,,-1,0,,-1,,-1,0,-1,,[0|30],[0|30],{0:0|30:1},-1,{1:BuffUpgradeData},[],
1003214,,30,-1,-1,-1,{30:0},4000,,,,,-1,-1,-1,,,,,,,,,,,-1,0,,-1,,-1,0,-1,,[0|30],[0|30],{0:0|30:1},-1,{1:BuffUpgradeData},[],
1003221,stun,3,-1,-1,-1,{3:0},,,,,,-1,-1,-1,,,,,,,Effect/Battle/CommonEffect/Fx_XuanYun_Buff,,[100001],,-1,0,,-1,,-1,0,-1,,[1|3],[1|3],{1:0|3:1},-1,{1:BuffUpgradeData},[],
1003222,stun,3,-1,-1,-1,{3:0},,,,,,-1,-1,-1,,,,,,,Effect/Battle/CommonEffect/Fx_XuanYun_Buff,,[100001],,-1,0,,-1,,-1,0,-1,,[1|3],[1|3],{1:0|3:1},-1,{1:BuffUpgradeData},[],
1003223,stun,3,-1,-1,-1,{3:0},,,,,,-1,-1,-1,,,,,,,Effect/Battle/CommonEffect/Fx_XuanYun_Buff,,[100001],,-1,0,,-1,,-1,0,-1,,[1|3],[1|3],{1:0|3:1},-1,{1:BuffUpgradeData},[],
1003224,stun,3,-1,-1,-1,{3:0},,,,,,-1,-1,-1,,,,,,,Effect/Battle/CommonEffect/Fx_XuanYun_Buff,,[100001],,-1,0,,-1,,-1,0,-1,,[1|3],[1|3],{1:0|3:1},-1,{1:BuffUpgradeData},[],
1003231,stun,3,-1,-1,-1,{3:0},,,,,,-1,-1,-1,,,,,,,Effect/Battle/CommonEffect/Fx_XuanYun_Buff,,[100001],,-1,0,,-1,,-1,0,-1,,[1|3],[1|3],{1:0|3:1},-1,{1:BuffUpgradeData},[],
1003232,stun,3,-1,-1,-1,{3:0},,,,,,-1,-1,-1,,,,,,,Effect/Battle/CommonEffect/Fx_XuanYun_Buff,,[100001],,-1,0,,-1,,-1,0,-1,,[1|3],[1|3],{1:0|3:1},-1,{1:BuffUpgradeData},[],
1003233,stun,3,-1,-1,-1,{3:0},,,,,,-1,-1,-1,,,,,,,Effect/Battle/CommonEffect/Fx_XuanYun_Buff,,[100001],,-1,0,,-1,,-1,0,-1,,[1|3],[1|3],{1:0|3:1},-1,{1:BuffUpgradeData},[],
1003234,stun,3,-1,-1,-1,{3:0},,,,,,-1,-1,-1,,,,,,,Effect/Battle/CommonEffect/Fx_XuanYun_Buff,,[100001],,-1,0,,-1,,-1,0,-1,,[1|3],[1|3],{1:0|3:1},-1,{1:BuffUpgradeData},[],
1003241,,33,-1,-1,-1,{33:0},10000|1,,,,,-1,-1,-1,,,,,,,,,,,-1,-200,,-1,,-1,0,-1,,[0],[0],{0:0},-1,{1:BuffUpgradeData},[],
1003242,,33,-1,-1,-1,{33:0},10000|1,,,,,-1,-1,-1,,,,,,,,,,,-1,-200,,-1,,-1,0,-1,,[0],[0],{0:0},-1,{1:BuffUpgradeData},[],
1003243,,33,-1,-1,-1,{33:0},10000|1,,,,,-1,-1,-1,,,,,,,,,,,-1,-200,,-1,,-1,0,-1,,[0],[0],{0:0},-1,{1:BuffUpgradeData},[],
1003244,,33,-1,-1,-1,{33:0},10000|1,,,,,-1,-1,-1,,,,,,,,,,,-1,-200,,-1,,-1,0,-1,,[0],[0],{0:0},-1,{1:BuffUpgradeData},[],
1003245,,30,-1,-1,-1,{30:0},2000,,,,,-1,-1,-1,,,,,,,,,,,-1,0,,-1,,-1,0,-1,,[0|30],[0|30],{0:0|30:1},-1,{1:BuffUpgradeData},[],
1003251,,30,-1,-1,-1,{30:0},1500,,,,,-1,-1,-1,,,,,,,,,,,-1,0,,-1,,-1,0,-1,,[0|30],[0|30],{0:0|30:1},-1,{1:BuffUpgradeData},[],
1003252,,30,-1,-1,-1,{30:0},1500,,,,,-1,-1,-1,,,,,,,,,,,-1,0,,-1,,-1,0,-1,,[0|30],[0|30],{0:0|30:1},-1,{1:BuffUpgradeData},[],
1003253,,30,-1,-1,-1,{30:0},1500,,,,,-1,-1,-1,,,,,,,,,,,-1,0,,-1,,-1,0,-1,,[0|30],[0|30],{0:0|30:1},-1,{1:BuffUpgradeData},[],
1003254,,30,-1,-1,-1,{30:0},1500,,,,,-1,-1,-1,,,,,,,,,,,-1,0,,-1,,-1,0,-1,,[0|30],[0|30],{0:0|30:1},-1,{1:BuffUpgradeData},[],
1003261,,30,-1,-1,-1,{30:0},3500,,,,,-1,-1,-1,,,,,,,,,,,-1,0,,-1,,-1,0,-1,,[0|30],[0|30],{0:0|30:1},-1,{1:BuffUpgradeData},[],
1003262,,30,-1,-1,-1,{30:0},3500,,,,,-1,-1,-1,,,,,,,,,,,-1,0,,-1,,-1,0,-1,,[0|30],[0|30],{0:0|30:1},-1,{1:BuffUpgradeData},[],
1003263,,30,-1,-1,-1,{30:0},3500,,,,,-1,-1,-1,,,,,,,,,,,-1,0,,-1,,-1,0,-1,,[0|30],[0|30],{0:0|30:1},-1,{1:BuffUpgradeData},[],
1003264,,30,-1,-1,-1,{30:0},3500,,,,,-1,-1,-1,,,,,,,,,,,-1,0,,-1,,-1,0,-1,,[0|30],[0|30],{0:0|30:1},-1,{1:BuffUpgradeData},[],
1003271,,30,-1,-1,-1,{30:0},6000,,,,,-1,-1,-1,,,,,,,,,,,-1,0,,-1,,-1,0,-1,,[0|30],[0|30],{0:0|30:1},-1,{1:BuffUpgradeData},[],
1003272,,30,-1,-1,-1,{30:0},6000,,,,,-1,-1,-1,,,,,,,,,,,-1,0,,-1,,-1,0,-1,,[0|30],[0|30],{0:0|30:1},-1,{1:BuffUpgradeData},[],
1003273,,30,-1,-1,-1,{30:0},6000,,,,,-1,-1,-1,,,,,,,,,,,-1,0,,-1,,-1,0,-1,,[0|30],[0|30],{0:0|30:1},-1,{1:BuffUpgradeData},[],
1003274,,30,-1,-1,-1,{30:0},6000,,,,,-1,-1,-1,,,,,,,,,,,-1,0,,-1,,-1,0,-1,,[0|30],[0|30],{0:0|30:1},-1,{1:BuffUpgradeData},[],
1003275,,9,-1,-1,-1,{9:0},1|0|3|12000|4000,,,,,-1,-1,-1,,,,,,,,,,,-1,0,,2,,1,0,-1,,[0|4],[0|4],{0:0|4:1},-1,{1:BuffUpgradeData},[],
1003276,,48,-1,-1,-1,{48:0},12|-4000,,,,,-1,-1,-1,,,,,,,,,,,-1,0,,-1,,-1,0,-1,,[1|301],[1|301],{1:0|301:1},-1,{1:BuffUpgradeData},[],
1003281,,14,-1,-1,-1,{14:0},10032104|1,,,,,-1,-1,-1,,,,,,,,,,,-1,100,,-1,,-1,0,-1,,[0],[0],{0:0},-1,{1:BuffUpgradeData},[],
1003282,,14,-1,-1,-1,{14:0},10032104|2,,,,,-1,-1,-1,,,,,,,,,,,-1,100,,-1,,-1,0,-1,,[0],[0],{0:0},-1,{1:BuffUpgradeData},[],
1003283,,14,-1,-1,-1,{14:0},10032104|3,,,,,-1,-1,-1,,,,,,,,,,,-1,100,,-1,,-1,0,-1,,[0],[0],{0:0},-1,{1:BuffUpgradeData},[],
1003284,,14,-1,-1,-1,{14:0},10032104|4,,,,,-1,-1,-1,,,,,,,,,,,-1,100,,-1,,-1,0,-1,,[0],[0],{0:0},-1,{1:BuffUpgradeData},[],
1003291,,48,-1,-1,-1,{48:0},71|1000,,,,,-1,-1,-1,,,,,,,,,[10032801],,-1,0,,-1,,-1,0,-1,,[0],[0],{0:0},-1,{1:BuffUpgradeData},[],
1003292,,48,-1,-1,-1,{48:0},"71|1000,6|1500",,,,,-1,-1,-1,,,,,,,,,[10032801],,-1,0,,-1,,-1,0,-1,,[0],[0],{0:0},-1,{1:BuffUpgradeData},[],
1003293,,48,-1,-1,-1,{48:0},"71|2000,6|3000",,,,,-1,-1,-1,,,,,,,,,[10032801],,-1,0,,-1,,-1,0,-1,,[0],[0],{0:0},-1,{1:BuffUpgradeData},[],
1003294,,-1,-1,-1,-1,{},,,,,,-1,-1,-1,,[1],,,,,,,[10032802],,-1,0,,-1,,-1,0,-1,,[2],[2],{2:0},-1,{1:BuffUpgradeData},[],
1003295,,48,-1,-1,-1,{48:0},"3103|500,3104|1000",,,,,-1,-1,-1,,[1],,,,,,,,,-1,0,,-1,,-1,0,-1,,[0],[0],{0:0},-1,{1:BuffUpgradeData},[],
1003296,,48,-1,-1,-1,{48:0},104|2000,,,,,-1,-1,-1,,[1],,,,,,,,,-1,0,,-1,,-1,0,-1,,[0],[0],{0:0},-1,{1:BuffUpgradeData},[],
1003301,,9,-1,-1,-1,{9:0},1|0|3|6000|4000,,,,,-1,-1,-1,,,0|0|0|300|0,,,,,,,,-1,0,,-1,,-1,0,-1,,[0|4],[0|4],{0:0|4:1},-1,{1:BuffUpgradeData},[],
1003302,,9,-1,-1,-1,{9:0},1|0|3|7500|4000,,,,,-1,-1,-1,,,0|0|0|300|0,,,,,,,,-1,0,,-1,,-1,0,-1,,[0|4],[0|4],{0:0|4:1},-1,{1:BuffUpgradeData},[],
1003303,,9,-1,-1,-1,{9:0},1|0|3|9000|4000,,,,,-1,-1,-1,,,0|0|0|300|0,,,,,,,,-1,0,,-1,,-1,0,-1,,[0|4],[0|4],{0:0|4:1},-1,{1:BuffUpgradeData},[],
1003304,,9,-1,-1,-1,{9:0},1|0|3|10500|4000,,,,,-1,-1,-1,,,0|0|0|300|0,,,,,,,,-1,0,,-1,,-1,0,-1,,[0|4],[0|4],{0:0|4:1},-1,{1:BuffUpgradeData},[],
1003305,,48,-1,-1,-1,{48:0},21|2000,,,,,-1,-1,-1,,,,,,,,,,,-1,0,,-1,,-1,0,-1,,[0|30],[0|30],{0:0|30:1},-1,{1:BuffUpgradeData},[],
1003311,,48,-1,-1,-1,{48:0},103|3000,,,,,-1,-1,-1,,,0|50,,,,,,,,-1,0,,-1,,-1,0,-1,,[0],[0],{0:0},-1,{1:BuffUpgradeData},[],
1003312,,48,-1,-1,-1,{48:0},103|3250,,,,,-1,-1,-1,,,0|50,,,,,,,,-1,0,,-1,,-1,0,-1,,[0],[0],{0:0},-1,{1:BuffUpgradeData},[],
1003313,,48,-1,-1,-1,{48:0},103|3500,,,,,-1,-1,-1,,,0|50,,,,,,,,-1,0,,-1,,-1,0,-1,,[0],[0],{0:0},-1,{1:BuffUpgradeData},[],
1003314,,48,-1,-1,-1,{48:0},103|4250,,,,,-1,-1,-1,,,0|50,,,,,,,,-1,0,,-1,,-1,0,-1,,[0],[0],{0:0},-1,{1:BuffUpgradeData},[],
1003315,,9,-1,-1,-1,{9:0},1|0|3|24000|10000|0|1,,,,,-1,-1,-1,,,,,,,,,,,-1,0,,-1,,-1,0,-1,,[0|4],[0|4],{0:0|4:1},-1,{1:BuffUpgradeData},[],
1003321,,10,-1,-1,-1,{10:0},3|7|8|9|12|15|16|17|18|204,,,,,-1,-1,-1,,,,,,,,,,,-1,0,,-1,,-1,0,-1,,[2],[2],{2:0},-1,{1:BuffUpgradeData},[],
1003322,,10,-1,-1,-1,{10:0},3|7|8|9|12|15|16|17|18|204,,,,,-1,-1,-1,,,,,,,,,,,-1,0,,-1,,-1,0,-1,,[2],[2],{2:0},-1,{1:BuffUpgradeData},[],
1003323,,10,-1,-1,-1,{10:0},3|7|8|9|12|15|16|17|18|204,,,,,-1,-1,-1,,,,,,,,,,,-1,0,,-1,,-1,0,-1,,[2],[2],{2:0},-1,{1:BuffUpgradeData},[],
1003324,,10,-1,-1,-1,{10:0},3|7|8|9|12|15|16|17|18|204,,,,,-1,-1,-1,,,,,,,,,,,-1,0,,-1,,-1,0,-1,,[2],[2],{2:0},-1,{1:BuffUpgradeData},[],
1003325,,30,-1,-1,-1,{30:0},5000,,,,,-1,-1,-1,,,,,,,,,,,-1,0,,-1,,-1,0,-1,,[0|30],[0|30],{0:0|30:1},-1,{1:BuffUpgradeData},[],
1003326,,30,-1,-1,-1,{30:0},5000,,,,,-1,-1,-1,,,,,,,,,,,-1,0,,-1,,-1,0,-1,,[0|30],[0|30],{0:0|30:1},-1,{1:BuffUpgradeData},[],
1003331,,15,-1,-1,-1,{15:0},9|7000|0|71|0|1000|1000|0,,,,,-1,1,-1,,[1],0|0|0|0|0|100|100|0,,,,,,,,-1,0,,-1,,-1,0,-1,,[0],[0],{0:0},-1,{1:BuffUpgradeData},[],
1003332,,15,-1,-1,-1,{15:0},9|7000|0|71|0|1500|1500|0,,,,,-1,1,-1,,[1],0|0|0|0|0|100|100|0,,,,,,,,-1,0,,-1,,-1,0,-1,,[0],[0],{0:0},-1,{1:BuffUpgradeData},[],
1003333,,15,-1,-1,-1,{15:0},9|7000|0|71|0|2000|1000|0,,,,,-1,1,-1,,[1],0|0|0|0|0|100|100|0,,,,,,,,-1,0,,-1,,-1,0,-1,,[0],[0],{0:0},-1,{1:BuffUpgradeData},[],
1003334,,15,-1,-1,-1,{15:0},9|7000|0|71|0|2500|2500|0,,,,,-1,1,-1,,[1],0|0|0|0|0|100|100|0,,,,,,,,-1,0,,-1,,-1,0,-1,,[0],[0],{0:0},-1,{1:BuffUpgradeData},[],
1003335,,15,-1,-1,-1,{15:0},9|7000|0|71|0|2500|2500|0,,,,,-1,-1,-1,,[1],0|0|0|0|0|100|100|0,,,,,,,,-1,0,,-1,,-1,0,-1,,[0|10033],[0|10033],{0:0|10033:1},-1,{1:BuffUpgradeData},[],
1003341,,6,-1,-1,-1,{6:0},0|10033|2000,,,,,-1,-1,-1,,,,,,,,,,,-1,0,,-1,,-1,0,-1,,[0],[0],{0:0},-1,{1:BuffUpgradeData},[],
1003342,,6,-1,-1,-1,{6:0},0|10033|2000,,,,,-1,-1,-1,,,,,,,,,,,-1,0,,-1,,-1,0,-1,,[0],[0],{0:0},-1,{1:BuffUpgradeData},[],
1003343,,6,-1,-1,-1,{6:0},0|10033|2000,,,,,-1,-1,-1,,,,,,,,,,,-1,0,,-1,,-1,0,-1,,[0],[0],{0:0},-1,{1:BuffUpgradeData},[],
1003344,,6,-1,-1,-1,{6:0},0|10033|2000,,,,,-1,-1,-1,,,,,,,,,,,-1,0,,-1,,-1,0,-1,,[0],[0],{0:0},-1,{1:BuffUpgradeData},[],
1003351,,47,-1,-1,-1,{47:0},"1,10033803|800|3|-1|1|1|1,10033804|800|3|-1|1|1|1,10033805|800|3|-1|1|1|1",,,,,-1,1,-1,,[1],,,,,,,,,-1,0,,-1,,-1,0,-1,,[2],[2],{2:0},-1,{1:BuffUpgradeData},[],
1003352,,47,-1,-1,-1,{47:0},"1,10033823|800|3|-1|1|1|1,10033824|800|3|-1|1|1|1,10033825|800|3|-1|1|1|1",,,,,-1,1,-1,,[1],,,,,,,,,-1,0,,-1,,-1,0,-1,,[2],[2],{2:0},-1,{1:BuffUpgradeData},[],
1003353,,47,-1,-1,-1,{47:0},"1,10033843|800|3|-1|1|1|1,10033844|800|3|-1|1|1|1,10033845|800|3|-1|1|1|1,10033846|800|3|-1|1|1|1,10033847|800|3|-1|1|1|1",,,,,-1,1,-1,,[1],,,,,,,,,-1,0,,-1,,-1,0,-1,,[2],[2],{2:0},-1,{1:BuffUpgradeData},[],
1003354,,48,-1,-1,-1,{48:0},34|-4500,,,,,-1,-1,-1,,,,,,,,,,,-1,0,,-1,,-1,0,-1,,[1|301],[1|301],{1:0|301:1},-1,{1:BuffUpgradeData},[],
1003355,,-1,-1,-1,-1,{},,,,,,-1,-1,-1,,,,,,,,,[10033802],,-1,0,,-1,,-1,0,-1,,[0],[0],{0:0},-1,{1:BuffUpgradeData},[],
1003356,,48,-1,-1,-1,{48:0},3103|1000,,,,,-1,1,-1,,[1],,,,,,,,,-1,0,,-1,,-1,0,-1,,[0],[0],{0:0},-1,{1:BuffUpgradeData},[],
1003357,,48,-1,-1,-1,{48:0},85|1000,,,,,-1,-1,-1,,[1],,,,,,,,,-1,0,,-1,,-1,0,-1,,[0],[0],{0:0},-1,{1:BuffUpgradeData},[],
1003361,,1,-1,-1,-1,{1:0},1|3|-3000,,,,,-1,-1,-1,,,,,,,Effect/Battle/CommonEffect/Fx_ZhouShang_01,,[100003],,-1,0,,5,,1,0,-1,,[1|201|301],[1|201|301],{1:0|201:1|301:2},1000,{1:BuffUpgradeData},[],
1003362,,1,-1,-1,-1,{1:0},1|3|-3000,,,,,-1,-1,-1,,,,,,,Effect/Battle/CommonEffect/Fx_ZhouShang_01,,[100003],,-1,0,,5,,1,0,-1,,[1|201|301],[1|201|301],{1:0|201:1|301:2},1000,{1:BuffUpgradeData},[],
1003363,,1,-1,-1,-1,{1:0},1|3|-3000,,,,,-1,-1,-1,,,,,,,Effect/Battle/CommonEffect/Fx_ZhouShang_01,,[100003],,-1,0,,5,,1,0,-1,,[1|201|301],[1|201|301],{1:0|201:1|301:2},1000,{1:BuffUpgradeData},[],
1003364,,1,-1,-1,-1,{1:0},1|3|-3000,,,,,-1,-1,-1,,,,,,,Effect/Battle/CommonEffect/Fx_ZhouShang_01,,[100003],,-1,0,,5,,1,0,-1,,[1|201|301],[1|201|301],{1:0|201:1|301:2},1000,{1:BuffUpgradeData},[],
1003371,,-1,-1,-1,-1,{},,,,,,-1,-1,-1,,,,,,,,,,,-1,0,,-1,,-1,0,-1,,[0],[0],{0:0},-1,{1:BuffUpgradeData},[],
1003372,,-1,-1,-1,-1,{},,,,,,-1,-1,-1,,,,,,,,,,,-1,0,,-1,,-1,0,-1,,[0],[0],{0:0},-1,{1:BuffUpgradeData},[],
1003373,,-1,-1,-1,-1,{},,,,,,-1,-1,-1,,,,,,,,,,,-1,0,,-1,,-1,0,-1,,[0],[0],{0:0},-1,{1:BuffUpgradeData},[],
1003374,,14,-1,-1,-1,{14:0},10033402|4,,,,,-1,-1,-1,,[1],,,,,,,,,-1,0,,-1,,-1,0,-1,,[0],[0],{0:0},-1,{1:BuffUpgradeData},[],
1003380,,-1,-1,-1,-1,{},,,,,,-1,-1,-1,,[1],,,,,,,[1003380],,-1,0,,-1,,-1,0,-1,,[302],[302],{302:0},-1,{1:BuffUpgradeData},[],
1003381,,-1,-1,-1,-1,{},,,,,,-1,-1,-1,,[1],,,,,,,[1003381],,-1,0,,-1,,-1,0,-1,,[302],[302],{302:0},-1,{1:BuffUpgradeData},[],
1003382,,-1,-1,-1,-1,{},,,,,,-1,-1,-1,,[1],,,,,,,[1003382],,-1,0,,-1,,-1,0,-1,,[302],[302],{302:0},-1,{1:BuffUpgradeData},[],
1003383,,48,-1,-1,-1,{48:0},104|2000,,,,,-1,-1,-1,,[1],,,,,,,,,-1,0,,-1,,-1,0,-1,,[0],[0],{0:0},-1,{1:BuffUpgradeData},[],
1003384,,48,-1,-1,-1,{48:0},"3103|750,3010|1000",,,,,-1,-1,-1,,[1],,,,,,,,,-1,0,,-1,,-1,0,-1,,[0],[0],{0:0},-1,{1:BuffUpgradeData},[],
1003385,,48,-1,-1,-1,{48:0},71|1000,,,,,-1,-1,-1,,,,,,,,,,,-1,0,,-1,,-1,0,-1,,[0],[0],{0:0},-1,{1:BuffUpgradeData},[],
1003386,,48,-1,-1,-1,{48:0},71|2000,,,,,-1,-1,-1,,,,,,,,,,,-1,0,,-1,,-1,0,-1,,[0],[0],{0:0},-1,{1:BuffUpgradeData},[],
1003387,,48,-1,-1,-1,{48:0},71|3000,,,,,-1,-1,-1,,,,,,,,,,,-1,0,,-1,,-1,0,-1,,[0],[0],{0:0},-1,{1:BuffUpgradeData},[],
1003388,,30,-1,-1,-1,{30:0},1000,,,,,-1,-1,-1,,,,,,,,,,,-1,0,,-1,,-1,0,-1,,[0|30],[0|30],{0:0|30:1},-1,{1:BuffUpgradeData},[],
1003389,,30,-1,-1,-1,{30:0},2000,,,,,-1,-1,-1,,,,,,,,,,,-1,0,,-1,,-1,0,-1,,[0|30],[0|30],{0:0|30:1},-1,{1:BuffUpgradeData},[],
1003390,,-1,-1,-1,-1,{},,,,,,-1,-1,-1,,[1],,,,,,,,,-1,0,,-1,,-1,0,-1,,[2],[2],{2:0},-1,{1:BuffUpgradeData},[],
1003391,,-1,-1,-1,-1,{},,,,,,-1,-1,-1,,[1],,,,,,,,,-1,0,,-1,,-1,0,-1,,[2],[2],{2:0},-1,{1:BuffUpgradeData},[],
1003392,,-1,-1,-1,-1,{},,,,,,-1,-1,-1,,[1],,,,,,,,,-1,0,,-1,,-1,0,-1,,[2],[2],{2:0},-1,{1:BuffUpgradeData},[],
1003401,,5,-1,-1,-1,{5:0},30005|2|2500|2500|2|100,,,,,-1,1,-1,,[1],0|0|250|250|0|0,,,,,,,,-1,0,,-1,,-1,0,-1,,[2],[2],{2:0},-1,{1:BuffUpgradeData},[],
1003402,,5,-1,-1,-1,{5:0},30005|2|3750|3750|2|100,,,,,-1,1,-1,,[1],0|0|250|250|0|0,,,,,,,,-1,0,,-1,,-1,0,-1,,[2],[2],{2:0},-1,{1:BuffUpgradeData},[],
1003403,,5,-1,-1,-1,{5:0},30005|2|5000|5000|2|100,,,,,-1,1,-1,,[1],0|0|250|250|0|0,,,,,,,,-1,0,,-1,,-1,0,-1,,[2],[2],{2:0},-1,{1:BuffUpgradeData},[],
1003404,,5,-1,-1,-1,{5:0},30005|2|6250|6250|2|100,,,,,-1,1,-1,,[1],0|0|250|250|0|0,,,,,,,,-1,0,,-1,,-1,0,-1,,[2],[2],{2:0},-1,{1:BuffUpgradeData},[],
1003411,,31,-1,-1,-1,{31:0},1|1|0,,,,,-1,-1,-1,,,,,,,Effect/Battle/SaMan_Skill2_Buff,,[1003411],,-1,0,,-1,,-1,0,-1,,[0],[0],{0:0},-1,{1:BuffUpgradeData},[],
1003412,,31,-1,-1,-1,{31:0},1|1|0,,,,,-1,-1,-1,,,,,,,Effect/Battle/SaMan_Skill2_Buff,,[1003411],,-1,0,,-1,,-1,0,-1,,[0],[0],{0:0},-1,{1:BuffUpgradeData},[],
1003413,,31,-1,-1,-1,{31:0},1|1|0,,,,,-1,-1,-1,,,,,,,Effect/Battle/SaMan_Skill2_Buff,,[1003411],,-1,0,,-1,,-1,0,-1,,[0],[0],{0:0},-1,{1:BuffUpgradeData},[],
1003414,,31,-1,-1,-1,{31:0},1|1|0,,,,,-1,-1,-1,,,,,,,Effect/Battle/SaMan_Skill2_Buff,,[1003411],,-1,0,,-1,,-1,0,-1,,[0],[0],{0:0},-1,{1:BuffUpgradeData},[],
1003421,,31,7,48,-1,{31:0|7:1|48:2},1|1|0,1|0,"103|5000,15|10000",,,-1,-1,-1,,,,,,,Effect/Battle/SaMan_Skill2_Buff,,[1003411],,-1,0,,-1,,-1,0,-1,,[0],[0],{0:0},-1,{1:BuffUpgradeData},[],
1003422,,31,7,48,-1,{31:0|7:1|48:2},1|1|0,1|0,"103|5000,15|10000",,,-1,-1,-1,,,,,,,Effect/Battle/SaMan_Skill2_Buff,,[1003411],,-1,0,,-1,,-1,0,-1,,[0],[0],{0:0},-1,{1:BuffUpgradeData},[],
1003423,,31,7,48,-1,{31:0|7:1|48:2},1|1|0,1|0,"103|5000,15|10000",,,-1,-1,-1,,,,,,,Effect/Battle/SaMan_Skill2_Buff,,[1003411],,-1,0,,-1,,-1,0,-1,,[0],[0],{0:0},-1,{1:BuffUpgradeData},[],
1003424,,31,7,48,-1,{31:0|7:1|48:2},1|1|0,1|0,"103|5000,15|10000",,,-1,-1,-1,,,,,,,Effect/Battle/SaMan_Skill2_Buff,,[1003411],,-1,0,,-1,,-1,0,-1,,[0],[0],{0:0},-1,{1:BuffUpgradeData},[],
1003431,,58,-1,-1,-1,{58:0},0|0|2000|10000|0|2|0|0,,,,,-1,-1,-1,,,,,,,,,[1003431],,-1,0,,-1,,-1,0,-1,,[0],[0],{0:0},-1,{1:BuffUpgradeData},[],
1003432,,58,-1,-1,-1,{58:0},0|0|2000|10000|0|3|0|0,,,,,-1,-1,-1,,,,,,,,,[1003431],,-1,0,,-1,,-1,0,-1,,[0],[0],{0:0},-1,{1:BuffUpgradeData},[],
1003433,,58,37,48,-1,{58:0|37:1|48:2},0|0|2000|10000|0|3|0|0,1000|71|500|5000,71|1000,,,-1,-1,-1,,,,,,,,,[1003431],,-1,0,,-1,,-1,0,-1,,[0],[0],{0:0},-1,{1:BuffUpgradeData},[],
1003434,,-1,-1,-1,-1,{},,,,,,-1,-1,-1,,[1],,,,,,,[10034802],,-1,0,,-1,,-1,0,-1,,[2],[2],{2:0},-1,{1:BuffUpgradeData},[],
1003435,,48,-1,-1,-1,{48:0},"4103|500,4104|1000",,,,,-1,-1,-1,,[1],,,,,,,,,-1,0,,-1,,-1,0,-1,,[0],[0],{0:0},-1,{1:BuffUpgradeData},[],
1003436,,48,-1,-1,-1,{48:0},104|2000,,,,,-1,-1,-1,,[1],,,,,,,,,-1,0,,-1,,-1,0,-1,,[0],[0],{0:0},-1,{1:BuffUpgradeData},[],
1003441,,-1,-1,-1,-1,{},,,,,,-1,-1,-1,,,,,,,Effect/Battle/SaMan_Skill2_Buff,,[1003411],,-1,0,,-1,,-1,0,-1,,[2],[2],{2:0},-1,{1:BuffUpgradeData},[],
1003442,,30,-1,-1,-1,{30:0},1000,,,,,-1,-1,-1,,,,,,,Effect/Battle/SaMan_Skill2_Buff,,[1003411],,-1,0,,-1,,-1,0,-1,,[0|30],[0|30],{0:0|30:1},-1,{1:BuffUpgradeData},[],
1003443,,30,-1,-1,-1,{30:0},1000,,,,,-1,-1,-1,,,,,,,Effect/Battle/SaMan_Skill2_Buff,,[1003411],,-1,0,,-1,,-1,0,-1,,[0|30],[0|30],{0:0|30:1},-1,{1:BuffUpgradeData},[],
1003444,,30,-1,-1,-1,{30:0},2000,,,,,-1,-1,-1,,,,,,,Effect/Battle/SaMan_Skill2_Buff,,[1003411],,-1,0,,-1,,-1,0,-1,,[0|30],[0|30],{0:0|30:1},-1,{1:BuffUpgradeData},[],
1003501,,10,34,48,16,{10:0|34:1|48:2|16:3},3|7|8|9|12|15|16|17|18|204,30004,"104|10000,15|3000",2500,,-1,-1,-1,,,,,"0|0,0|50",,Effect/Battle/xianzhe_skill03_BUFF,,[1003501],,-1,0,,-1,,-1,0,-1,,[0|10035],[0|10035],{0:0|10035:1},-1,{1:BuffUpgradeData},[],
1003502,,10,34,48,16,{10:0|34:1|48:2|16:3},3|7|8|9|12|15|16|17|18|204,30004,"104|10000,15|3250",2500,,-1,-1,-1,,,,,"0|0,0|50",,Effect/Battle/xianzhe_skill03_BUFF,,[1003501],,-1,0,,-1,,-1,0,-1,,[0|10035],[0|10035],{0:0|10035:1},-1,{1:BuffUpgradeData},[],
1003503,,10,34,48,16,{10:0|34:1|48:2|16:3},3|7|8|9|12|15|16|17|18|204,30004,"104|10000,15|3500",2500,,-1,-1,-1,,,,,"0|0,0|50",,Effect/Battle/xianzhe_skill03_BUFF,,[1003501],,-1,0,,-1,,-1,0,-1,,[0|10035],[0|10035],{0:0|10035:1},-1,{1:BuffUpgradeData},[],
1003504,,10,34,48,16,{10:0|34:1|48:2|16:3},3|7|8|9|12|15|16|17|18|204,30004,"104|10000,15|4250",2500,,-1,-1,-1,,,,,"0|0,0|50",,Effect/Battle/xianzhe_skill03_BUFF,,[1003501],,-1,0,,-1,,-1,0,-1,,[0|10035],[0|10035],{0:0|10035:1},-1,{1:BuffUpgradeData},[],
1003511,,30,-1,-1,-1,{30:0},5000,,,,,-1,-1,-1,,,50,,,,,,,,-1,0,,-1,,-1,0,-1,,[0|30],[0|30],{0:0|30:1},-1,{1:BuffUpgradeData},[],
1003512,,30,-1,-1,-1,{30:0},5250,,,,,-1,-1,-1,,,50,,,,,,,,-1,0,,-1,,-1,0,-1,,[0|30],[0|30],{0:0|30:1},-1,{1:BuffUpgradeData},[],
1003513,,30,-1,-1,-1,{30:0},5500,,,,,-1,-1,-1,,,50,,,,,,,,-1,0,,-1,,-1,0,-1,,[0|30],[0|30],{0:0|30:1},-1,{1:BuffUpgradeData},[],
1003514,,30,-1,-1,-1,{30:0},6250,,,,,-1,-1,-1,,,50,,,,,,,,-1,0,,-1,,-1,0,-1,,[0|30],[0|30],{0:0|30:1},-1,{1:BuffUpgradeData},[],
1003521,,14,-1,-1,-1,{14:0},10035102|1,,,,,-1,-1,-1,,,,,,,,,,,-1,0,,-1,,-1,0,-1,,[0],[0],{0:0},-1,{1:BuffUpgradeData},[],
1003522,,14,-1,-1,-1,{14:0},10035102|2,,,,,-1,-1,-1,,,,,,,,,,,-1,0,,-1,,-1,0,-1,,[0],[0],{0:0},-1,{1:BuffUpgradeData},[],
1003523,,14,-1,-1,-1,{14:0},10035102|3,,,,,-1,-1,-1,,,,,,,,,,,-1,0,,-1,,-1,0,-1,,[0],[0],{0:0},-1,{1:BuffUpgradeData},[],
1003524,,14,-1,-1,-1,{14:0},10035102|4,,,,,-1,-1,-1,,,,,,,,,,,-1,0,,-1,,-1,0,-1,,[0],[0],{0:0},-1,{1:BuffUpgradeData},[],
1003531,,9,-1,-1,-1,{9:0},1|0|4|750|6000,,,,,-1,-1,-1,,,,,,,,,,,-1,0,,-1,,-1,0,-1,,[0|4],[0|4],{0:0|4:1},-1,{1:BuffUpgradeData},[],
1003532,,9,-1,-1,-1,{9:0},1|0|4|1500|6000,,,,,-1,-1,-1,,,,,,,,,,,-1,0,,-1,,-1,0,-1,,[0|4],[0|4],{0:0|4:1},-1,{1:BuffUpgradeData},[],
1003541,,48,7,-1,-1,{48:0|7:1},6|-4500,0|1,,,,-1,-1,-1,,,0|-100,,,,,,,,-1,0,,-1,,-1,0,-1,,[1|301],[1|301],{1:0|301:1},-1,{1:BuffUpgradeData},[],
1003542,,48,7,-1,-1,{48:0|7:1},6|-4500,0|1,,,,-1,-1,-1,,,0|-100,,,,,,,,-1,0,,-1,,-1,0,-1,,[1|301],[1|301],{1:0|301:1},-1,{1:BuffUpgradeData},[],
1003543,,48,7,-1,-1,{48:0|7:1},6|-4500,0|1,,,,-1,-1,-1,,,0|-100,,,,,,,,-1,0,,-1,,-1,0,-1,,[1|301],[1|301],{1:0|301:1},-1,{1:BuffUpgradeData},[],
1003544,,48,7,-1,-1,{48:0|7:1},"6|-4500,103|-2000",0|1,,,,-1,-1,-1,,,"0|-100,0|0",,,,,,,,-1,0,,-1,,-1,0,-1,,[1|301],[1|301],{1:0|301:1},-1,{1:BuffUpgradeData},[],
1003551,,14,-1,-1,-1,{14:0},10035502|1,,,,,-1,-1,-1,,,,,,,,,,,-1,0,,-1,,-1,0,-1,,[2|10035],[2|10035],{2:0|10035:1},-1,{1:BuffUpgradeData},[],
1003552,,14,-1,-1,-1,{14:0},10035502|2,,,,,-1,-1,-1,,,,,,,,,,,-1,0,,-1,,-1,0,-1,,[2|10035],[2|10035],{2:0|10035:1},-1,{1:BuffUpgradeData},[],
1003553,,14,-1,-1,-1,{14:0},10035502|3,,,,,-1,-1,-1,,,,,,,,,,,-1,0,,-1,,-1,0,-1,,[2|10035],[2|10035],{2:0|10035:1},-1,{1:BuffUpgradeData},[],
1003554,,14,-1,-1,-1,{14:0},10035502|4,,,,,-1,-1,-1,,,,,,,,,,,-1,0,,-1,,-1,0,-1,,[2|10035],[2|10035],{2:0|10035:1},-1,{1:BuffUpgradeData},[],
1003561,,7,31,-1,-1,{7:0|31:1},10035|0,1|1|0,,,,-1,-1,-1,,,,,,,,,,,-1,0,,-1,,-1,0,-1,,[2],[2],{2:0},-1,{1:BuffUpgradeData},[],
1003562,,7,31,-1,-1,{7:0|31:1},10035|0,1|1|0,,,,-1,-1,-1,,,,,,,,,,,-1,0,,-1,,-1,0,-1,,[2],[2],{2:0},-1,{1:BuffUpgradeData},[],
1003563,,7,31,-1,-1,{7:0|31:1},10035|0,1|1|0,,,,-1,-1,-1,,,,,,,,,,,-1,0,,-1,,-1,0,-1,,[2],[2],{2:0},-1,{1:BuffUpgradeData},[],
1003564,,7,31,-1,-1,{7:0|31:1},10035|0,1|1|0,,,,-1,-1,-1,,,,,,,,,,,-1,0,,-1,,-1,0,-1,,[2],[2],{2:0},-1,{1:BuffUpgradeData},[],
1003571,,10,34,48,16,{10:0|34:1|48:2|16:3},3|7|8|9|12|15|16|17|18|204,30007,"104|10000,15|3000",2500,,-1,-1,-1,,,,,"0|0,0|50",,,,[1003501],,-1,0,,-1,,-1,0,-1,,[0|10035],[0|10035],{0:0|10035:1},-1,{1:BuffUpgradeData},[],
1003572,,10,34,48,16,{10:0|34:1|48:2|16:3},3|7|8|9|12|15|16|17|18|204,30007,"104|10000,15|3250",2500,,-1,-1,-1,,,,,"0|0,0|50",,,,[1003501],,-1,0,,-1,,-1,0,-1,,[0|10035],[0|10035],{0:0|10035:1},-1,{1:BuffUpgradeData},[],
1003573,,10,34,48,16,{10:0|34:1|48:2|16:3},3|7|8|9|12|15|16|17|18|204,30007,"104|10000,15|3500",2500,,-1,-1,-1,,,,,"0|0,0|50",,,,[1003501],,-1,0,,-1,,-1,0,-1,,[0|10035],[0|10035],{0:0|10035:1},-1,{1:BuffUpgradeData},[],
1003574,,10,34,48,16,{10:0|34:1|48:2|16:3},3|7|8|9|12|15|16|17|18|204,30007,"104|10000,15|4250",2500,,-1,-1,-1,,,,,"0|0,0|50",,,,[1003501],,-1,0,,-1,,-1,0,-1,,[0|10035],[0|10035],{0:0|10035:1},-1,{1:BuffUpgradeData},[],
1003581,,9,-1,-1,-1,{9:0},1|0|4|3500|5000|2,,,,,-1,-1,-1,,,0|0|0|350|0|0,,,,,,,,-1,0,,-1,,-1,0,-1,,[0|10035|4],[0|10035|4],{0:0|10035:1|4:2},-1,{1:BuffUpgradeData},[],
1003582,,9,-1,-1,-1,{9:0},1|0|4|5250|5000|2,,,,,-1,-1,-1,,,0|0|0|350|0|0,,,,,,,,-1,0,,-1,,-1,0,-1,,[0|10035|4],[0|10035|4],{0:0|10035:1|4:2},-1,{1:BuffUpgradeData},[],
1003583,,9,-1,-1,-1,{9:0},1|0|4|7500|5000|2,,,,,-1,-1,-1,,,0|0|0|350|0|0,,,,,,,,-1,0,,-1,,-1,0,-1,,[0|10035|4],[0|10035|4],{0:0|10035:1|4:2},-1,{1:BuffUpgradeData},[],
1003584,,9,-1,-1,-1,{9:0},1|0|4|8750|5000|2,,,,,-1,-1,-1,,,0|0|0|350|0|0,,,,,,,,-1,0,,-1,,-1,0,-1,,[0|10035|4],[0|10035|4],{0:0|10035:1|4:2},-1,{1:BuffUpgradeData},[],
1003585,,9,-1,-1,-1,{9:0},1|0|4|1500|5000,,,,,-1,-1,-1,,,,,,,,,[1003502],,-1,0,,-1,,-1,0,-1,,[0|4],[0|4],{0:0|4:1},-1,{1:BuffUpgradeData},[],
1003591,,5,-1,-1,-1,{5:0},30008|1|7000|7000|1|0|30002002,,,,,-1,-1,-1,,,,,,,,,,,-1,0,,-1,,-1,0,-1,,[2],[2],{2:0},-1,{1:BuffUpgradeData},[],
1003592,,5,-1,-1,-1,{5:0},30008|1|7000|7000|1|0|30002002,,,,,-1,-1,-1,,,,,,,,,,,-1,0,,-1,,-1,0,-1,,[2],[2],{2:0},-1,{1:BuffUpgradeData},[],
1003593,,5,-1,-1,-1,{5:0},30008|1|7000|7000|1|0|30002002,,,,,-1,-1,-1,,,,,,,,,,,-1,0,,-1,,-1,0,-1,,[2],[2],{2:0},-1,{1:BuffUpgradeData},[],
1003594,,5,-1,-1,-1,{5:0},30008|1|7000|7000|1|0|30002002,,,,,-1,-1,-1,,,,,,,,,,,-1,0,,-1,,-1,0,-1,,[2],[2],{2:0},-1,{1:BuffUpgradeData},[],
10035101,,14,-1,-1,-1,{14:0},10035803|1,,,,,-1,-1,-1,,[1],,,,,,,,,-1,0,,-1,,-1,0,-1,,[2],[2],{2:0},-1,{1:BuffUpgradeData},[],
10035102,,14,-1,-1,-1,{14:0},10035813|1,,,,,-1,-1,-1,,[1],,,,,,,,,-1,0,,-1,,-1,0,-1,,[2],[2],{2:0},-1,{1:BuffUpgradeData},[],
10035103,,14,-1,-1,-1,{14:0},10035823|1,,,,,-1,-1,-1,,[1],,,,,,,,,-1,0,,-1,,-1,0,-1,,[2],[2],{2:0},-1,{1:BuffUpgradeData},[],
10035104,,-1,-1,-1,-1,{},,,,,,-1,-1,-1,,[1],,,,,,,[10035802],,-1,0,,-1,,-1,0,-1,,[2],[2],{2:0},-1,{1:BuffUpgradeData},[],
10035105,,48,-1,-1,-1,{48:0},"5103|500,5104|1000",,,,,-1,-1,-1,,[1],,,,,,,,,-1,0,,-1,,-1,0,-1,,[0],[0],{0:0},-1,{1:BuffUpgradeData},[],
10035106,,48,-1,-1,-1,{48:0},80|500,,,,,-1,-1,-1,,,,,,,,,,,-1,0,,20,,1,0,-1,,[0],[0],{0:0},-1,{1:BuffUpgradeData},[],
10035107,,54,-1,-1,-1,{54:0},6007|5000,,,,,-1,-1,-1,,,,,,,,,,,-1,0,,-1,,-1,0,-1,,[1|301],[1|301],{1:0|301:1},-1,{1:BuffUpgradeData},[],
1003701,,35,-1,-1,-1,{35:0},3|1000,,,,,-1,-1,-1,,,0|50,,,,,,,,-1,0,,3,,1,0,-1,,[0],[0],{0:0},-1,{1:BuffUpgradeData},[],
1003702,,35,-1,-1,-1,{35:0},3|1250,,,,,-1,-1,-1,,,0|50,,,,,,,,-1,0,,3,,1,0,-1,,[0],[0],{0:0},-1,{1:BuffUpgradeData},[],
1003703,,35,-1,-1,-1,{35:0},3|1500,,,,,-1,-1,-1,,,0|50,,,,,,,,-1,0,,3,,1,0,-1,,[0],[0],{0:0},-1,{1:BuffUpgradeData},[],
1003704,,35,-1,-1,-1,{35:0},3|1750,,,,,-1,-1,-1,,,0|50,,,,,,,,-1,0,,3,,1,0,-1,,[0],[0],{0:0},-1,{1:BuffUpgradeData},[],
1003711,,48,-1,-1,-1,{48:0},12|-3000,,,,,-1,-1,-1,,,0|-50,,,,,,,,-1,0,,-1,,-1,0,-1,,[1|301],[1|301],{1:0|301:1},-1,{1:BuffUpgradeData},[],
1003712,,48,-1,-1,-1,{48:0},12|-3250,,,,,-1,-1,-1,,,0|-50,,,,,,,,-1,0,,-1,,-1,0,-1,,[1|301],[1|301],{1:0|301:1},-1,{1:BuffUpgradeData},[],
1003713,,48,-1,-1,-1,{48:0},12|-3500,,,,,-1,-1,-1,,,0|-50,,,,,,,,-1,0,,-1,,-1,0,-1,,[1|301],[1|301],{1:0|301:1},-1,{1:BuffUpgradeData},[],
1003714,,48,-1,-1,-1,{48:0},12|-3750,,,,,-1,-1,-1,,,0|-50,,,,,,,,-1,0,,-1,,-1,0,-1,,[1|301],[1|301],{1:0|301:1},-1,{1:BuffUpgradeData},[],
1003715,,48,23,-1,-1,{48:0|23:1},6|-3000,0|10037002|0|300|2|0|0|0,,,,-1,-1,-1,,,,,,,,,[100004],,-1,0,,-1,,-1,0,-1,,[1|203],[1|203],{1:0|203:1},-1,{1:BuffUpgradeData},[],
1003721,stun,3,-1,-1,-1,{3:0},,,,,,-1,-1,-1,,,,,,,Effect/Battle/CommonEffect/Fx_XuanYun_Buff,,[100001],,-1,0,,-1,,-1,0,-1,,[1|3],[1|3],{1:0|3:1},-1,{1:BuffUpgradeData},[],
1003722,stun,3,-1,-1,-1,{3:0},,,,,,-1,-1,-1,,,,,,,Effect/Battle/CommonEffect/Fx_XuanYun_Buff,,[100001],,-1,0,,-1,,-1,0,-1,,[1|3],[1|3],{1:0|3:1},-1,{1:BuffUpgradeData},[],
1003723,stun,3,-1,-1,-1,{3:0},,,,,,-1,-1,-1,,,,,,,Effect/Battle/CommonEffect/Fx_XuanYun_Buff,,[100001],,-1,0,,-1,,-1,0,-1,,[1|3],[1|3],{1:0|3:1},-1,{1:BuffUpgradeData},[],
1003724,stun,3,-1,-1,-1,{3:0},,,,,,-1,-1,-1,,,,,,,Effect/Battle/CommonEffect/Fx_XuanYun_Buff,,[100001],,-1,0,,-1,,-1,0,-1,,[1|3],[1|3],{1:0|3:1},-1,{1:BuffUpgradeData},[],
1003731,,15,-1,-1,-1,{15:0},6|3|1|19|0|250|1500|1,,,,,-1,1,-1,,[1],0|0|0|0|0|10|0|0,,,,,,,,-1,0,,-1,,-1,0,-1,,[0],[0],{0:0},-1,{1:BuffUpgradeData},[],
1003732,,15,-1,-1,-1,{15:0},6|3|1|19|0|450|3000|1,,,,,-1,1,-1,,[1],0|0|0|0|0|10|0|0,,,,,,,,-1,0,,-1,,-1,0,-1,,[0],[0],{0:0},-1,{1:BuffUpgradeData},[],
1003733,,15,-1,-1,-1,{15:0},6|3|1|19|0|500|3600|1,,,,,-1,1,-1,,[1],0|0|0|0|0|10|0|0,,,,,,,,-1,0,,-1,,-1,0,-1,,[0],[0],{0:0},-1,{1:BuffUpgradeData},[],
1003734,,15,-1,-1,-1,{15:0},6|3|1|19|0|600|4200|1,,,,,-1,1,-1,,[1],0|0|0|0|0|10|0|0,,,,,,,,-1,0,,-1,,-1,0,-1,,[0],[0],{0:0},-1,{1:BuffUpgradeData},[],
1003735,,15,-1,-1,-1,{15:0},6|3|1|18|0|300|1800|1,,,,,-1,1,-1,,[1],,,,,,,,,-1,0,,-1,,-1,0,-1,,[0],[0],{0:0},-1,{1:BuffUpgradeData},[],
1003736,,15,-1,-1,-1,{15:0},6|3|1|19|0|250|1500|1,,,,[2|3],-1,1,-1,,[1],,,,,,,,,-1,0,,-1,,-1,0,-1,,[0],[0],{0:0},-1,{1:BuffUpgradeData},[],
1003737,,15,-1,-1,-1,{15:0},6|3|1|19|0|300|1800|1,,,,[2|3],-1,1,-1,,[1],,,,,,,,,-1,0,,-1,,-1,0,-1,,[0],[0],{0:0},-1,{1:BuffUpgradeData},[],
1003738,,15,-1,-1,-1,{15:0},6|3|1|19|0|350|2100|1,,,,[2|3],-1,1,-1,,[1],,,,,,,,,-1,0,,-1,,-1,0,-1,,[0],[0],{0:0},-1,{1:BuffUpgradeData},[],
1003741,,6,-1,-1,-1,{6:0},0|10037|500,,,,,-1,-1,-1,,,,,,,,,,,-1,0,,-1,,-1,0,-1,,[0],[0],{0:0},-1,{1:BuffUpgradeData},[],
1003742,,6,-1,-1,-1,{6:0},0|10037|1000,,,,,-1,-1,-1,,,,,,,,,,,-1,0,,-1,,-1,0,-1,,[0],[0],{0:0},-1,{1:BuffUpgradeData},[],
1003743,,6,-1,-1,-1,{6:0},0|10037|1500,,,,,-1,-1,-1,,,,,,,,,,,-1,0,,-1,,-1,0,-1,,[0],[0],{0:0},-1,{1:BuffUpgradeData},[],
1003744,,6,-1,-1,-1,{6:0},0|10037|2000,,,,,-1,-1,-1,,,,,,,,,,,-1,0,,-1,,-1,0,-1,,[0],[0],{0:0},-1,{1:BuffUpgradeData},[],
1003751,,33,-1,-1,-1,{33:0},10000|3,,,,,-1,1,-1,,[1],,,,,,,,,-1,0,,-1,,-1,0,-1,,[0],[0],{0:0},-1,{1:BuffUpgradeData},[],
1003752,,33,-1,-1,-1,{33:0},10000|3,,,,,-1,1,-1,,[1],,,,,,,,,-1,0,,-1,,-1,0,-1,,[0],[0],{0:0},-1,{1:BuffUpgradeData},[],
1003753,,33,-1,-1,-1,{33:0},10000|3,,,,,-1,1,-1,,[1],,,,,,,,,-1,0,,-1,,-1,0,-1,,[0],[0],{0:0},-1,{1:BuffUpgradeData},[],
1003754,,33,-1,-1,-1,{33:0},10000|3,,,,,-1,1,-1,,[1],,,,,,,,,-1,0,,-1,,-1,0,-1,,[0],[0],{0:0},-1,{1:BuffUpgradeData},[],
1003761,,63,-1,-1,-1,{63:0},"1|1,1|71|1200",,,,,-1,-1,-1,,[1],,,,,,,[1003761],,-1,0,,-1,,-1,0,-1,,[2],[2],{2:0},-1,{1:BuffUpgradeData},[],
1003762,,63,-1,-1,-1,{63:0},"1|1,1|71|1800,2|105",,,,,-1,-1,-1,,[1],,,,,,,[1003761],,-1,0,,-1,,-1,0,-1,,[2],[2],{2:0},-1,{1:BuffUpgradeData},[],
1003763,,-1,-1,-1,-1,{},,,,,,-1,-1,-1,,[1],,,,,,,[10037802],,-1,0,,-1,,-1,0,-1,,[0],[0],{0:0},-1,{1:BuffUpgradeData},[],
1003764,,48,-1,-1,-1,{48:0},"5103|500,5104|1000",,,,,-1,1,-1,,[1],,,,,,,,,-1,0,,-1,,-1,0,-1,,[0],[0],{0:0},-1,{1:BuffUpgradeData},[],
1003765,,35,-1,-1,-1,{35:0},3|1000,,,,,-1,-1,-1,,,,,,,,,,,-1,0,,2,,1,0,-1,,[0],[0],{0:0},-1,{1:BuffUpgradeData},[],
1003766,,63,-1,-1,-1,{63:0},"1|1,1|71|1200,2|105,3|1003765",,,,,-1,-1,-1,,[1],,,,,,,[1003761],,-1,0,,-1,,-1,0,-1,,[2],[2],{2:0},-1,{1:BuffUpgradeData},[],
1003801,,38,-1,-1,-1,{38:0},3000|4000,,,,,-1,-1,-1,,,60|0,,,,,Effect/Battle/E_TLL_skill0_dandao2,[1003801],,-1,0,,-1,,-1,0,-1,,[0],[0],{0:0},-1,{1:BuffUpgradeData},[],
1003802,,38,-1,-1,-1,{38:0},3300|4000,,,,,-1,-1,-1,,,60|0,,,,,Effect/Battle/E_TLL_skill0_dandao2,[1003801],,-1,0,,-1,,-1,0,-1,,[0],[0],{0:0},-1,{1:BuffUpgradeData},[],
1003803,,38,-1,-1,-1,{38:0},3600|4000,,,,,-1,-1,-1,,,60|0,,,,,Effect/Battle/E_TLL_skill0_dandao2,[1003801],,-1,0,,-1,,-1,0,-1,,[0],[0],{0:0},-1,{1:BuffUpgradeData},[],
1003804,,38,-1,-1,-1,{38:0},3900|5500,,,,,-1,-1,-1,,,60|0,,,,,Effect/Battle/E_TLL_skill0_dandao2,[1003801],,-1,0,,-1,,-1,0,-1,,[0],[0],{0:0},-1,{1:BuffUpgradeData},[],
1003810,,3,7,27,-1,{3:0|7:1|27:2},,10038|0,0,,,-1,-1,-1,,,,,,,Effect/Battle/E_TLL_skill1_hit2,,[1003810],,-1,0,,-1,,-1,0,-1,,[1|10038|7],[1|10038|7],{1:0|10038:1|7:2},-1,{1:BuffUpgradeData},[],
1003811,,20,20,-1,-1,{20:1},1|5|1003810,1|5|8805601,,,,-1,-1,-1,,,,,,,Effect/Battle/E_TLL_skill1_hit1,,[1003811],,-1,0,,5,,1,0,-1,,[1|10038],[1|10038],{1:0|10038:1},-1,{1:BuffUpgradeData},[],
1003812,,20,20,-1,-1,{20:1},1|5|1003810,1|5|8805601,,,,-1,-1,-1,,,,,,,Effect/Battle/E_TLL_skill1_hit1,,[1003811],,-1,0,,5,,1,0,-1,,[1|10038],[1|10038],{1:0|10038:1},-1,{1:BuffUpgradeData},[],
1003813,,20,20,-1,-1,{20:1},1|5|1003810,1|5|8805601,,,,-1,-1,-1,,,,,,,Effect/Battle/E_TLL_skill1_hit1,,[1003811],,-1,0,,5,,1,0,-1,,[1|10038],[1|10038],{1:0|10038:1},-1,{1:BuffUpgradeData},[],
1003814,,20,20,-1,-1,{20:1},1|5|1003810,1|5|8805601,,,,-1,-1,-1,,,,,,,Effect/Battle/E_TLL_skill1_hit1,,[1003811],,-1,0,,5,,1,0,-1,,[1|10038],[1|10038],{1:0|10038:1},-1,{1:BuffUpgradeData},[],
1003821,,31,7,-1,-1,{31:0|7:1},1|1|1,1003801|0,,,,30006,1,-1,,[1],,,,,Effect/Battle/E_TLL_Buff,,[1003821],,-1,0,,-1,,-1,0,-1,,[0],[0],{0:0},-1,{1:BuffUpgradeData},[],
1003822,,31,7,-1,-1,{31:0|7:1},1|1|1,1003801|0,,,,30006,1,-1,,[1],,,,,Effect/Battle/E_TLL_Buff,,[1003821],,-1,0,,-1,,-1,0,-1,,[0],[0],{0:0},-1,{1:BuffUpgradeData},[],
1003823,,31,7,6,-1,{31:0|7:1|6:2},1|1|1,1003801|0,0|10038|10000,,,30006,1,-1,,[1],,,,,Effect/Battle/E_TLL_Buff,,[1003821],,-1,0,,-1,,-1,0,-1,,[0],[0],{0:0},-1,{1:BuffUpgradeData},[],
1003824,,31,7,6,-1,{31:0|7:1|6:2},1|1|1,1003801|0,0|10038|10000,,,30006,1,-1,,[1],,,,,Effect/Battle/E_TLL_Buff,,[1003821],,-1,0,,-1,,-1,0,-1,,[0],[0],{0:0},-1,{1:BuffUpgradeData},[],
1003831,,-1,-1,-1,-1,{},,,,,,-1,-1,-1,,,,,,,,,,,-1,0,,-1,,-1,0,-1,,[0],[0],{0:0},-1,{1:BuffUpgradeData},[],
1003832,,-1,-1,-1,-1,{},,,,,,-1,-1,-1,,,,,,,,,,,-1,0,,-1,,-1,0,-1,,[0],[0],{0:0},-1,{1:BuffUpgradeData},[],
1003833,,-1,-1,-1,-1,{},,,,,,-1,-1,-1,,,,,,,,,,,-1,0,,-1,,-1,0,-1,,[0],[0],{0:0},-1,{1:BuffUpgradeData},[],
1003834,,1,-1,-1,-1,{1:0},0|4|200,,,,,-1,1,-1,,[1],,,,,,,,,-1,0,,-1,,-1,0,-1,,[0],[0],{0:0},1000,{1:BuffUpgradeData},[],
1003841,,-1,-1,-1,-1,{},,,,,,-1,-1,-1,,,,,,,,,,,-1,0,,-1,,-1,0,-1,,[500],[500],{500:0},-1,{1:BuffUpgradeData},[],
1003842,,-1,-1,-1,-1,{},,,,,,-1,-1,-1,,,,,,,,,,,-1,0,,-1,,-1,0,-1,,[500],[500],{500:0},-1,{1:BuffUpgradeData},[],
1003843,,1,-1,-1,-1,{1:0},0|4|500,,,,,-1,-1,-1,,,,,,,,,,,-1,0,,-1,,-1,0,-1,,[500],[500],{500:0},500,{1:BuffUpgradeData},[],
1003844,,1,-1,-1,-1,{1:0},0|4|500,,,,,-1,-1,-1,,,,,,,,,,,-1,0,,-1,,-1,0,-1,,[500],[500],{500:0},500,{1:BuffUpgradeData},[],
1003851,,14,-1,-1,-1,{14:0},10038302|1,,,,,-1,-1,-1,,,,,,,,,,,-1,0,,-1,,-1,0,-1,,[1003801],[1003801],{1003801:0},-1,{1:BuffUpgradeData},[],
1003852,,14,-1,-1,-1,{14:0},10038302|2,,,,,-1,-1,-1,,,,,,,,,,,-1,0,,-1,,-1,0,-1,,[1003801],[1003801],{1003801:0},-1,{1:BuffUpgradeData},[],
1003853,,14,-1,-1,-1,{14:0},10038302|3,,,,,-1,-1,-1,,,,,,,,,,,-1,0,,-1,,-1,0,-1,,[1003801],[1003801],{1003801:0},-1,{1:BuffUpgradeData},[],
1003854,,14,-1,-1,-1,{14:0},10038302|4,,,,,-1,-1,-1,,,,,,,,,,,-1,0,,-1,,-1,0,-1,,[1003801],[1003801],{1003801:0},-1,{1:BuffUpgradeData},[],
1003861,,48,-1,-1,-1,{48:0},83|1000,,,,,-1,1,-1,,[1],,,,,,,,,-1,0,,-1,,-1,0,-1,,[0],[0],{0:0},-1,{1:BuffUpgradeData},[],
1003862,,48,-1,-1,-1,{48:0},83|2000,,,,,-1,1,-1,,[1],,,,,,,,,-1,0,,-1,,-1,0,-1,,[0],[0],{0:0},-1,{1:BuffUpgradeData},[],
1003863,,48,-1,-1,-1,{48:0},83|2000,,,,,-1,1,-1,,[1],,,,,,,,,-1,0,,-1,,-1,0,-1,,[0],[0],{0:0},-1,{1:BuffUpgradeData},[],
1003864,,48,-1,-1,-1,{48:0},83|2000,,,,,-1,1,-1,,[1],,,,,,,,,-1,0,,-1,,-1,0,-1,,[0],[0],{0:0},-1,{1:BuffUpgradeData},[],
1003870,,-1,-1,-1,-1,{},,,,,,-1,1,-1,,[1],,,,,,,,,-1,0,,-1,,-1,0,-1,,[1003802],[1003802],{1003802:0},-1,{1:BuffUpgradeData},[],
1003871,,48,-1,-1,-1,{48:0},"103|-300,34|-500",,,,[1|1003802],-1,-1,-1,,,,,,,,,,,-1,0,,99,,1,0,-1,,[1|301],[1|301],{1:0|301:1},-1,{1:BuffUpgradeData},[],
1003872,,48,-1,-1,-1,{48:0},"103|-300,34|-500",,,,[1|1003802],-1,-1,-1,,,,,,,,,,,-1,0,,99,,1,0,-1,,[1|301],[1|301],{1:0|301:1},-1,{1:BuffUpgradeData},[],
1003873,,48,-1,-1,-1,{48:0},"103|-300,34|-500",,,,[1|1003802],-1,-1,-1,,,,,,,,,,,-1,0,,99,,1,0,-1,,[1|301],[1|301],{1:0|301:1},-1,{1:BuffUpgradeData},[],
1003874,,48,-1,-1,-1,{48:0},"103|-300,34|-500",,,,[1|1003802],-1,-1,-1,,,,,,,,,,,-1,0,,99,,1,0,-1,,[1|301],[1|301],{1:0|301:1},-1,{1:BuffUpgradeData},[],
1003881,,9,-1,-1,-1,{9:0},1|0|4|600|6500,,,,,-1,-1,-1,,,,,,,,,,,-1,0,,5,,1,0,-1,,[0|4],[0|4],{0:0|4:1},-1,{1:BuffUpgradeData},[],
1003882,,58,-1,-1,-1,{58:0},0|0|7000|1500|3000|0|2|10038,,,,,-1,-1,-1,,[1],,,,,,,,,-1,0,,-1,,-1,0,-1,,[2],[2],{2:0},-1,{1:BuffUpgradeData},[],
1003883,,58,-1,-1,-1,{58:0},0|0|7000|2000|100|0|2|10038,,,,,-1,-1,-1,,[1],,,,,,,,,-1,0,,-1,,-1,0,-1,,[2],[2],{2:0},-1,{1:BuffUpgradeData},[],
1003884,,58,-1,-1,-1,{58:0},0|0|10000|2000|2000|0|2|10038,,,,,-1,-1,-1,,[1],,,,,,,,,-1,0,,-1,,-1,0,-1,,[2],[2],{2:0},-1,{1:BuffUpgradeData},[],
1003885,,-1,-1,-1,-1,{},,,,,,-1,-1,-1,,[1],,,,,,,[10038802],,-1,0,,-1,,-1,0,-1,,[0],[0],{0:0},-1,{1:BuffUpgradeData},[],
1003886,,48,-1,-1,-1,{48:0},"4103|500,4104|1000",,,,,-1,1,-1,,[1],,,,,,,,,-1,0,,-1,,-1,0,-1,,[0],[0],{0:0},-1,{1:BuffUpgradeData},[],
1003887,,59,-1,-1,-1,{59:0},,,,,,-1,-1,-1,,[1],,,,,,,,,-1,0,,-1,,-1,0,-1,,[0],[0],{0:0},-1,{1:BuffUpgradeData},[],
1003900,,14,-1,-1,-1,{14:0},10039002|1,,,,,-1,1,-1,,[1],,,,,,,,,-1,0,,-1,,-1,0,-1,,[2],[2],{2:0},-1,{1:BuffUpgradeData},[],
1003901,,9,-1,-1,-1,{9:0},1|0|3|40000|5000,,,,,-1,-1,-1,,,0|0|0|1000|0,,,,Effect/Battle/shamowangzi_skill_00,,[1003901],,-1,0,,-1,,-1,0,-1,,[0|4],[0|4],{0:0|4:1},-1,{1:BuffUpgradeData},[],
1003902,,9,23,-1,-1,{9:0|23:1},1|0|3|45000|5000,0|10039102|1|350|2|0|0|0,,,,-1,-1,-1,,,0|0|0|1000|0,,,,Effect/Battle/shamowangzi_skill_00,,[1003901],,-1,0,,-1,,-1,0,-1,,[0|4],[0|4],{0:0|4:1},-1,{1:BuffUpgradeData},[],
1003903,,9,23,-1,-1,{9:0|23:1},1|0|3|50000|5000,0|10039102|1|350|2|0|0|0,,,,-1,-1,-1,,,0|0|0|1000|0,,,,Effect/Battle/shamowangzi_skill_00,,[1003901],,-1,0,,-1,,-1,0,-1,,[0|4],[0|4],{0:0|4:1},-1,{1:BuffUpgradeData},[],
1003904,,9,23,14,-1,{9:0|23:1|14:2},1|0|3|55000|5000,0|10039102|1|350|2|0|0|0,10039102|4,,,-1,-1,-1,,,0|0|0|1000|0,,,,Effect/Battle/shamowangzi_skill_00,,[1003901],,-1,0,,-1,,-1,0,-1,,[0|4],[0|4],{0:0|4:1},-1,{1:BuffUpgradeData},[],
1003905,,30,-1,-1,-1,{30:0},3500,,,,,-1,-1,-1,,,,,,,Effect/Battle/shamowangzi_skill_00_dunsui,,[1003905],,-1,0,,-1,,-1,0,-1,,[0|30],[0|30],{0:0|30:1},-1,{1:BuffUpgradeData},[],
1003911,,-1,-1,-1,-1,{},,,,,,-1,-1,-1,,,,,,,,,,,-1,0,,-1,,-1,0,-1,,[2],[2],{2:0},-1,{1:BuffUpgradeData},[],
1003912,,3,-1,-1,-1,{3:0},,,,,,-1,-1,-1,,,,,,,,,[100001],,-1,0,,-1,,-1,0,-1,,[1|3],[1|3],{1:0|3:1},-1,{1:BuffUpgradeData},[],
1003913,,3,-1,-1,-1,{3:0},,,,,,-1,-1,-1,,,,,,,,,[100001],,-1,0,,-1,,-1,0,-1,,[1|3],[1|3],{1:0|3:1},-1,{1:BuffUpgradeData},[],
1003914,,3,-1,-1,-1,{3:0},,,,,,-1,-1,-1,,,,,,,,,[100001],,-1,0,,-1,,-1,0,-1,,[1|3],[1|3],{1:0|3:1},-1,{1:BuffUpgradeData},[],
1003915,,48,-1,-1,16,{48:0|16:1},6|5000,,,1000,,-1,-1,-1,,,,,,,,,,,-1,0,,-1,,-1,0,-1,,[0],[0],{0:0},-1,{1:BuffUpgradeData},[],
1003916,,48,-1,-1,-1,{48:0},15|2500,,,,,-1,-1,-1,,,,,,,,,,,-1,0,,-1,,-1,0,-1,,[0],[0],{0:0},-1,{1:BuffUpgradeData},[],
1003921,,48,14,-1,16,{48:0|14:1|16:2},104|5500,"10039302|1,10039303|1",,1000,,-1,-1,-1,,,0|50,,,,,,,,-1,0,,-1,,-1,0,-1,,[0],[0],{0:0},-1,{1:BuffUpgradeData},[],
1003922,,48,14,-1,16,{48:0|14:1|16:2},104|5500,"10039302|2,10039303|2",,1000,,-1,-1,-1,,,0|50,,,,,,,,-1,0,,-1,,-1,0,-1,,[0],[0],{0:0},-1,{1:BuffUpgradeData},[],
1003923,,48,14,-1,16,{48:0|14:1|16:2},104|6500,"10039302|3,10039303|3",,1000,,-1,-1,-1,,,0|50,,,,,,,,-1,0,,-1,,-1,0,-1,,[0],[0],{0:0},-1,{1:BuffUpgradeData},[],
1003924,,10,14,48,16,{10:0|14:1|48:2|16:3},3|7|8|9|12|15|16|17|18|204,"10039302|4,10039303|4",104|6500,1000,,-1,-1,-1,,,,,0|50,,,,,,-1,0,,-1,,-1,0,-1,,[0],[0],{0:0},-1,{1:BuffUpgradeData},[],
1003931,,48,-1,-1,-1,{48:0},"80|1500,81|1500",,,,,-1,-1,-1,,,"0|0,0|50",,,,Effect/Battle/shamowangzi_skill_00_duiyou,,[1003931],,-1,0,,-1,,-1,0,-1,,[0],[0],{0:0},-1,{1:BuffUpgradeData},[],
1003932,,48,-1,-1,-1,{48:0},"80|1500,81|1750",,,,,-1,-1,-1,,,"0|0,0|50",,,,Effect/Battle/shamowangzi_skill_00_duiyou,,[1003931],,-1,0,,-1,,-1,0,-1,,[0],[0],{0:0},-1,{1:BuffUpgradeData},[],
1003933,,48,-1,-1,-1,{48:0},"80|1500,81|2000",,,,,-1,-1,-1,,,"0|0,0|50",,,,Effect/Battle/shamowangzi_skill_00_duiyou,,[1003931],,-1,0,,-1,,-1,0,-1,,[0],[0],{0:0},-1,{1:BuffUpgradeData},[],
1003934,,48,-1,-1,-1,{48:0},"80|1500,81|2250",,,,,-1,-1,-1,,,"0|0,0|50",,,,Effect/Battle/shamowangzi_skill_00_duiyou,,[1003931],,-1,0,,-1,,-1,0,-1,,[0],[0],{0:0},-1,{1:BuffUpgradeData},[],
1003941,,-1,-1,-1,-1,{},,,,,,-1,-1,-1,,,,,,,,,,,-1,0,,-1,,-1,0,-1,,[0],[0],{0:0},-1,{1:BuffUpgradeData},[],
1003942,,-1,-1,-1,-1,{},,,,,,-1,-1,-1,,,,,,,,,,,-1,0,,-1,,-1,0,-1,,[0],[0],{0:0},-1,{1:BuffUpgradeData},[],
1003943,,-1,-1,-1,-1,{},,,,,,-1,-1,-1,,,,,,,,,,,-1,0,,-1,,-1,0,-1,,[0],[0],{0:0},-1,{1:BuffUpgradeData},[],
1003944,,48,-1,-1,-1,{48:0},21|10000,,,,,-1,-1,-1,,,,,,,,,,,-1,0,,-1,,-1,0,-1,,[0],[0],{0:0},-1,{1:BuffUpgradeData},[],
1003951,,-1,-1,-1,-1,{},,,,,,-1,-1,-1,,[1],,,,,,,[10039802],,-1,0,,-1,,-1,0,-1,,[0],[0],{0:0},-1,{1:BuffUpgradeData},[],
1003952,,48,-1,-1,-1,{48:0},4103|1000,,,,,-1,1,-1,,[1],,,,,,,,,-1,0,,-1,,-1,0,-1,,[0],[0],{0:0},-1,{1:BuffUpgradeData},[],
1004001,,48,-1,-1,-1,{48:0},"6|8000,82|4000",,,,,-1,1,-1,,[1],"0|250,0|250",,,,,,,,-1,0,,-1,,-1,0,-1,,[0],[0],{0:0},-1,{1:BuffUpgradeData},[],
1004002,,48,-1,-1,-1,{48:0},"6|9250,82|5250",,,,,-1,1,-1,,[1],"0|250,0|250",,,,,,,,-1,0,,-1,,-1,0,-1,,[0],[0],{0:0},-1,{1:BuffUpgradeData},[],
1004003,,48,-1,-1,-1,{48:0},"6|10500,82|6500",,,,,-1,1,-1,,[1],"0|250,0|250",,,,,,,,-1,0,,-1,,-1,0,-1,,[0],[0],{0:0},-1,{1:BuffUpgradeData},[],
1004004,,48,-1,-1,-1,{48:0},"6|11750,82|7750",,,,,-1,1,-1,,[1],"0|250,0|250",,,,,,,,-1,0,,-1,,-1,0,-1,,[0],[0],{0:0},-1,{1:BuffUpgradeData},[],
1004011,,-1,-1,-1,-1,{},,,,,,-1,-1,-1,,,,,,,,,,,-1,0,,4,,1,0,-1,,[0|10040],[0|10040],{0:0|10040:1},-1,{1:BuffUpgradeData},[],
1004012,,-1,-1,-1,-1,{},,,,,,-1,-1,-1,,,,,,,,,,,-1,0,,5,,1,0,-1,,[0|10040],[0|10040],{0:0|10040:1},-1,{1:BuffUpgradeData},[],
1004013,,-1,-1,-1,-1,{},,,,,,-1,-1,-1,,,,,,,,,,,-1,0,,5,,1,0,-1,,[0|10040],[0|10040],{0:0|10040:1},-1,{1:BuffUpgradeData},[],
1004014,,-1,-1,-1,-1,{},,,,,,-1,-1,-1,,,,,,,,,,,-1,0,,5,,1,0,-1,,[0|10040],[0|10040],{0:0|10040:1},-1,{1:BuffUpgradeData},[],
1004015,,19,7,-1,-1,{19:0|7:1},0,10040|0,,,,-1,-1,-1,,,,,,,,,[1004001],,-1,0,,-1,,-1,0,-1,,[0|100401],[0|100401],{0:0|100401:1},-1,{1:BuffUpgradeData},[],
1004021,,48,-1,-1,-1,{48:0},75|10000,,,,,-1,1,-1,,[1],,,,,,,,,-1,0,,-1,,-1,0,-1,,[0],[0],{0:0},-1,{1:BuffUpgradeData},[],
1004022,,48,-1,-1,-1,{48:0},75|10000,,,,,-1,1,-1,,[1],,,,,,,,,-1,0,,-1,,-1,0,-1,,[0],[0],{0:0},-1,{1:BuffUpgradeData},[],
1004023,,48,-1,-1,-1,{48:0},75|10000,,,,,-1,1,-1,,[1],,,,,,,,,-1,0,,-1,,-1,0,-1,,[0],[0],{0:0},-1,{1:BuffUpgradeData},[],
1004024,,48,-1,-1,-1,{48:0},75|10000,,,,,-1,1,-1,,[1],,,,,,,,,-1,0,,-1,,-1,0,-1,,[0],[0],{0:0},-1,{1:BuffUpgradeData},[],
1004025,,14,-1,-1,-1,{14:0},10040003|1,,,,,-1,-1,-1,,[2|1004003],,,,,,,,,-1,0,,-1,,-1,0,-1,,[2|1004002],[2|1004002],{2:0|1004002:1},-1,{1:BuffUpgradeData},[],
1004026,,7,-1,-1,-1,{7:0},1004002|0,,,,,-1,-1,-1,,[1],,,,,,,,,-1,0,,-1,,-1,0,-1,,[2|1004003],[2|1004003],{2:0|1004003:1},-1,{1:BuffUpgradeData},[],
1004030,stun,3,-1,-1,-1,{3:0},,,,,,-1,-1,-1,,,,,,,Effect/Battle/CommonEffect/Fx_XuanYun_Buff,,[100001],,-1,0,,-1,,-1,0,-1,,[1|3],[1|3],{1:0|3:1},-1,{1:BuffUpgradeData},[],
1004031,,-1,-1,-1,-1,{},,,,,,-1,-1,-1,,,,,,,,,,,-1,0,,-1,,-1,0,-1,,,[],{},-1,{1:BuffUpgradeData},[],
1004032,stun,3,-1,-1,-1,{3:0},,,,,,-1,-1,-1,,,,,,,Effect/Battle/CommonEffect/Fx_XuanYun_Buff,,[100001],,-1,0,,-1,,-1,0,-1,,[1|3],[1|3],{1:0|3:1},-1,{1:BuffUpgradeData},[],
1004033,stun,3,-1,-1,-1,{3:0},,,,,,-1,-1,-1,,,,,,,Effect/Battle/CommonEffect/Fx_XuanYun_Buff,,[100001],,-1,0,,-1,,-1,0,-1,,[1|3],[1|3],{1:0|3:1},-1,{1:BuffUpgradeData},[],
1004034,stun,3,-1,-1,-1,{3:0},,,,,,-1,-1,-1,,,,,,,Effect/Battle/CommonEffect/Fx_XuanYun_Buff,,[100001],,-1,0,,-1,,-1,0,-1,,[1|3],[1|3],{1:0|3:1},-1,{1:BuffUpgradeData},[],
1004041,,7,-1,-1,-1,{7:0},10040|1,,,,,-1,-1,-1,,,,,,,,,,,-1,0,,-1,,-1,50,-1,,[0],[0],{0:0},-1,{1:BuffUpgradeData},[],
1004042,,7,-1,-1,-1,{7:0},10040|1,,,,,-1,-1,-1,,,,,,,,,,,-1,0,,-1,,-1,50,-1,,[0],[0],{0:0},-1,{1:BuffUpgradeData},[],
1004043,,7,-1,-1,-1,{7:0},10040|1,,,,,-1,-1,-1,,,,,,,,,,,-1,0,,-1,,-1,50,-1,,[0],[0],{0:0},-1,{1:BuffUpgradeData},[],
1004044,,7,-1,-1,-1,{7:0},10040|1,,,,,-1,-1,-1,,,,,,,,,,,-1,0,,-1,,-1,50,-1,,[0],[0],{0:0},-1,{1:BuffUpgradeData},[],
1004045,,7,-1,-1,-1,{7:0},10040|1,,,,,-1,-1,-1,,,,,,,,,,,-1,0,,-1,,-1,0,-1,,[0],[0],{0:0},-1,{1:BuffUpgradeData},[],
1004046,,7,-1,-1,-1,{7:0},10040|1,,,,,-1,-1,-1,,,,,,,,,,,-1,0,,-1,,-1,0,-1,,[0],[0],{0:0},-1,{1:BuffUpgradeData},[],
1004051,,19,7,-1,-1,{19:0|7:1},0,100401|0,,,,-1,1,-1,,[1],,,,,,,[1004001],,-1,-50,,-1,,-1,0,-1,,[2],[2],{2:0},-1,{1:BuffUpgradeData},[],
1004052,,19,7,-1,-1,{19:0|7:1},0,100401|0,,,,-1,1,-1,,[1],,,,,,,[1004001],,-1,-50,,-1,,-1,0,-1,,[2],[2],{2:0},-1,{1:BuffUpgradeData},[],
1004053,,19,7,-1,-1,{19:0|7:1},0,100401|0,,,,-1,1,-1,,[1],,,,,,,[1004001],,-1,-50,,-1,,-1,0,-1,,[2],[2],{2:0},-1,{1:BuffUpgradeData},[],
1004054,,19,7,-1,-1,{19:0|7:1},0,100401|0,,,,-1,1,-1,,[1],,,,,,,[1004001],,-1,-50,,-1,,-1,0,-1,,[2],[2],{2:0},-1,{1:BuffUpgradeData},[],
1004055,,6,-1,-1,-1,{6:0},1|100402|-3000,,,,,-1,1,-1,,[1],,,,,,,,,-1,0,,-1,,-1,0,-1,,[2],[2],{2:0},-1,{1:BuffUpgradeData},[],
1004061,,47,-1,-1,-1,{47:0},"1,10040202|600|3|-1|1|1,10040203|350|3|-1|1|1",,,,,-1,-1,-1,,,,,,,,,,,-1,0,,-1,,-1,0,-1,,[2],[2],{2:0},-1,{1:BuffUpgradeData},[],
1004062,,47,-1,-1,-1,{47:0},"1,10040212|600|3|-1|1|1,10040213|350|3|-1|1|1",,,,,-1,-1,-1,,,,,,,,,,,-1,0,,-1,,-1,0,-1,,[2],[2],{2:0},-1,{1:BuffUpgradeData},[],
1004063,,47,-1,-1,-1,{47:0},"1,10040222|600|3|-1|1|1,10040223|500|3|-1|1|2",,,,,-1,-1,-1,,,,,,,,,,,-1,0,,-1,,-1,0,-1,,[2],[2],{2:0},-1,{1:BuffUpgradeData},[],
1004064,,47,-1,-1,-1,{47:0},"1,10040232|600|3|-1|1|1,10040233|500|3|-1|1|3",,,,,-1,-1,-1,,,,,,,,,,,-1,0,,-1,,-1,0,-1,,[2],[2],{2:0},-1,{1:BuffUpgradeData},[],
1004071,,39,-1,-1,-1,{39:0},,,,,,-1,-1,-1,,,,,,,,,,,-1,0,,-1,,-1,0,-1,,[2],[2],{2:0},50,{1:BuffUpgradeData},[],
1004072,,39,-1,-1,-1,{39:0},,,,,,-1,-1,-1,,,,,,,,,,,-1,0,,-1,,-1,0,-1,,[2],[2],{2:0},50,{1:BuffUpgradeData},[],
1004073,,39,-1,-1,-1,{39:0},,,,,,-1,-1,-1,,,,,,,,,,,-1,0,,-1,,-1,0,-1,,[2],[2],{2:0},50,{1:BuffUpgradeData},[],
1004074,,39,-1,-1,-1,{39:0},,,,,,-1,-1,-1,,,,,,,,,,,-1,0,,-1,,-1,0,-1,,[2],[2],{2:0},50,{1:BuffUpgradeData},[],
1004081,,20,-1,-1,-1,{20:0},1|5|1004082,,,,,-1,-1,-1,,,,,,,,,,,-1,0,,5,,1,0,-1,,[2|100402],[2|100402],{2:0|100402:1},-1,{1:BuffUpgradeData},[],
1004082,,23,7,-1,-1,{23:0|7:1},0|10040602|0|500|1|0|0|0,100402|0,,,,-1,-1,-1,,,,,,,,,,,-1,0,,-1,,-1,0,-1,,[2],[2],{2:0},-1,{1:BuffUpgradeData},[],
1004083,,19,-1,-1,-1,{19:0},1|2,,,,,-1,-1,-1,,,,,,,,,[100008],,-1,0,,-1,,-1,0,-1,,[1|5|301],[1|5|301],{1:0|5:1|301:2},-1,{1:BuffUpgradeData},[],
1004091,,41,-1,-1,-1,{41:0},"6011|2000,4|2000",,,,,-1,1,-1,,[1],,,,,,,,,-1,0,,-1,,-1,0,-1,,[0],[0],{0:0},-1,{1:BuffUpgradeData},[],
1004092,,41,-1,-1,-1,{41:0},"6011|3500,4|3500",,,,,-1,1,-1,,[1],,,,,,,,,-1,0,,-1,,-1,0,-1,,[0],[0],{0:0},-1,{1:BuffUpgradeData},[],
1004093,,41,-1,-1,-1,{41:0},"6011|3500,4|3500",,,,,-1,1,-1,,[1],,,,,,,,,-1,0,,-1,,-1,0,-1,,[0],[0],{0:0},-1,{1:BuffUpgradeData},[],
1004094,,41,-1,-1,-1,{41:0},"6011|3500,4|3500",,,,,-1,1,-1,,[1],,,,,,,,,-1,0,,-1,,-1,0,-1,,[0],[0],{0:0},-1,{1:BuffUpgradeData},[],
1004095,,48,-1,-1,-1,{48:0},"5103|500,5104|1000",,,,,-1,1,-1,,[1],,,,,,,,,-1,0,,-1,,-1,0,-1,,[0],[0],{0:0},-1,{1:BuffUpgradeData},[],
1004096,,-1,-1,-1,-1,{},,,,,,-1,1,-1,,[1],,,,,,,[10040802],,-1,0,,-1,,-1,0,-1,,[0],[0],{0:0},-1,{1:BuffUpgradeData},[],
1004101,,23,-1,-1,-1,{23:0},0|10041102|0|600|3|-1|1|2,,,,,-1,-1,-1,,,,,,,,,,,-1,0,,-1,,-1,0,-1,,[2],[2],{2:0},-1,{1:BuffUpgradeData},[],
1004102,,23,-1,-1,-1,{23:0},0|10041112|0|600|3|-1|1|2,,,,,-1,-1,-1,,,,,,,,,,,-1,0,,-1,,-1,0,-1,,[2],[2],{2:0},-1,{1:BuffUpgradeData},[],
1004103,,23,-1,-1,-1,{23:0},0|10041122|0|600|3|-1|1|2,,,,,-1,-1,-1,,,,,,,,,,,-1,0,,-1,,-1,0,-1,,[2],[2],{2:0},-1,{1:BuffUpgradeData},[],
1004104,,23,-1,-1,-1,{23:0},0|10041132|0|600|3|-1|1|2,,,,,-1,-1,-1,,,,,,,,,,,-1,0,,-1,,-1,0,-1,,[2],[2],{2:0},-1,{1:BuffUpgradeData},[],
1004105,,48,-1,-1,-1,{48:0},6|10000,,,,,-1,-1,-1,,,,,,,,,,,-1,0,,-1,,-1,0,-1,,[2],[2],{2:0},-1,{1:BuffUpgradeData},[],
1004111,,44,-1,-1,-1,{44:0},101,,,,,-1,-1,-1,,,,,,,,,,,-1,0,,-1,,-1,0,-1,,[0],[0],{0:0},-1,{1:BuffUpgradeData},[],
1004112,,48,-1,-1,-1,{48:0},34|-2500,,,,,-1,-1,-1,,,,,,,,,,,-1,0,,-1,,-1,0,-1,,[1|301],[1|301],{1:0|301:1},-1,{1:BuffUpgradeData},[],
1004121,fly,3,-1,-1,-1,{3:0},,,,,,-1,-1,-1,,,,,,,Effect/Battle/CommonEffect/Fx_XuanYun_Buff,,[100001],,1,0,,-1,,-1,0,-1,,[1|9],[1|9],{1:0|9:1},-1,{1:BuffUpgradeData},[],
1004122,,14,-1,-1,-1,{14:0},10041002|1|1,,,,,-1,-1,-1,,,,,,,,,,,-1,0,,-1,,-1,0,-1,,[0],[0],{0:0},-1,{1:BuffUpgradeData},[],
1004123,,47,-1,-1,-1,{47:0},"1,10041003|500|3|-1|1|1,10041004|350|3|-1|1|1,10041005|350|3|-1|1|1",,,,,-1,1,-1,,[1],,,,,,,,,-1,0,,-1,,-1,0,-1,,[2],[2],{2:0},-1,{1:BuffUpgradeData},[],
1004131,,48,6,20,-1,{48:0|6:1|20:2},103|200,1|10041|-1000,1|5|1004135,,,-1,-1,-1,,,0|20,,,,,,,,-1,0,,5,,1,0,-1,,[0|10041],[0|10041],{0:0|10041:1},-1,{1:BuffUpgradeData},[],
1004132,,48,6,20,-1,{48:0|6:1|20:2},103|300,1|10041|-1000,1|5|1004135,,,-1,-1,-1,,,0|20,,,,,,,,-1,0,,5,,1,0,-1,,[0|10041],[0|10041],{0:0|10041:1},-1,{1:BuffUpgradeData},[],
1004133,,48,6,20,-1,{48:0|6:1|20:2},103|400,1|10041|-1000,1|5|1004135,,,-1,-1,-1,,,0|20,,,,,,,,-1,0,,5,,1,0,-1,,[0|10041],[0|10041],{0:0|10041:1},-1,{1:BuffUpgradeData},[],
1004134,,48,6,20,-1,{48:0|6:1|20:2},103|500,1|10041|-1000,1|7|1004135,,,-1,-1,-1,,,0|20,,,,,,,,-1,0,,7,,1,0,-1,,[0|10041],[0|10041],{0:0|10041:1},-1,{1:BuffUpgradeData},[],
1004135,,7,-1,-1,-1,{7:0},10041|0,,,,,-1,-1,-1,,,,,,,,,,,-1,0,,-1,,-1,0,-1,,[2],[2],{2:0},-1,{1:BuffUpgradeData},[],
1004141,,-1,-1,-1,-1,{},,,,,,-1,-1,-1,,[1],,,,,,,[1004141],,-1,0,,10,,2,0,-1,,[1|10041],[1|10041],{1:0|10041:1},-1,{1:BuffUpgradeData},[],
1004142,,60,-1,-1,-1,{60:0},"1001,6005,0|1|1|0|10041820",,,,,-1,-1,-1,,[1],,,,,,,[1004141],,-1,0,,10,,2,0,-1,,[1|10041],[1|10041],{1:0|10041:1},-1,{1:BuffUpgradeData},[],
1004143,,-1,-1,-1,-1,{},,,,,,-1,-1,-1,,,,,,,,,[10041802],,-1,0,,-1,,-1,0,-1,,[0],[0],{0:0},-1,{1:BuffUpgradeData},[],
1004144,,15,-1,-1,-1,{15:0},2|10041|10|71|0|400|4000|0|0|1,,,,,-1,-1,-1,,[1],,,,,,,,,-1,0,,-1,,-1,0,-1,,[0],[0],{0:0},-1,{1:BuffUpgradeData},[],
1004145,,61,-1,-1,-1,{61:0},"1|10041|1,103",,,,,-1,-1,-1,,[1],,,,,,,,,-1,0,,-1,,-1,0,-1,,[0],[0],{0:0},-1,{1:BuffUpgradeData},[],
1004146,,48,-1,-1,-1,{48:0},4103|1000,,,,,-1,1,-1,,[1],,,,,,,,,-1,0,,-1,,-1,0,-1,,[0],[0],{0:0},-1,{1:BuffUpgradeData},[],
1004150,,-1,-1,-1,-1,{},,,,,,-1,-1,-1,,[1],,,,,,,[1004150],,-1,0,,-1,,-1,0,-1,,[302],[302],{302:0},-1,{1:BuffUpgradeData},[],
1004151,,-1,-1,-1,-1,{},,,,,,-1,-1,-1,,[1],,,,,,,[1004151],,-1,0,,-1,,-1,0,-1,,[302],[302],{302:0},-1,{1:BuffUpgradeData},[],
1004152,,-1,-1,-1,-1,{},,,,,,-1,-1,-1,,[1],,,,,,,[1004152],,-1,0,,-1,,-1,0,-1,,[302],[302],{302:0},-1,{1:BuffUpgradeData},[],
1004153,,48,-1,-1,-1,{48:0},104|2000,,,,,-1,-1,-1,,[1],,,,,,,,,-1,0,,-1,,-1,0,-1,,[0],[0],{0:0},-1,{1:BuffUpgradeData},[],
1004154,,48,-1,-1,-1,{48:0},"4103|750,4010|1000",,,,,-1,-1,-1,,[1],,,,,,,,,-1,0,,-1,,-1,0,-1,,[0],[0],{0:0},-1,{1:BuffUpgradeData},[],
1004155,,48,-1,-1,-1,{48:0},6|1500,,,,,-1,-1,-1,,,,,,,,,,,-1,0,,-1,,-1,0,-1,,[0],[0],{0:0},-1,{1:BuffUpgradeData},[],
1004156,,48,-1,-1,-1,{48:0},6|3000,,,,,-1,-1,-1,,,,,,,,,,,-1,0,,-1,,-1,0,-1,,[0],[0],{0:0},-1,{1:BuffUpgradeData},[],
1004157,,48,-1,-1,-1,{48:0},6|4500,,,,,-1,-1,-1,,,,,,,,,,,-1,0,,-1,,-1,0,-1,,[0],[0],{0:0},-1,{1:BuffUpgradeData},[],
1004158,,48,-1,-1,-1,{48:0},13|750,,,,,-1,-1,-1,,,,,,,,,,,-1,0,,-1,,-1,0,-1,,[0],[0],{0:0},-1,{1:BuffUpgradeData},[],
1004159,,48,-1,-1,-1,{48:0},13|1500,,,,,-1,-1,-1,,,,,,,,,,,-1,0,,-1,,-1,0,-1,,[0],[0],{0:0},-1,{1:BuffUpgradeData},[],
1004160,,-1,-1,-1,-1,{},,,,,,-1,-1,-1,,[1],,,,,,,,,-1,0,,-1,,-1,0,-1,,[2],[2],{2:0},-1,{1:BuffUpgradeData},[],
1004161,,-1,-1,-1,-1,{},,,,,,-1,-1,-1,,[1],,,,,,,,,-1,0,,-1,,-1,0,-1,,[2],[2],{2:0},-1,{1:BuffUpgradeData},[],
1004162,,-1,-1,-1,-1,{},,,,,,-1,-1,-1,,[1],,,,,,,,,-1,0,,-1,,-1,0,-1,,[2],[2],{2:0},-1,{1:BuffUpgradeData},[],
1004201,,30,48,-1,-1,{30:0|48:1},2500,104|1500,,,,-1,-1,-1,,,,,,,,,,,-1,0,,2,,1,0,-1,,[0|30],[0|30],{0:0|30:1},-1,{1:BuffUpgradeData},[],
1004202,,30,48,-1,-1,{30:0|48:1},2500,104|1500,,,,-1,-1,-1,,,,,,,,,,,-1,0,,2,,1,0,-1,,[0|30],[0|30],{0:0|30:1},-1,{1:BuffUpgradeData},[],
1004203,,30,48,-1,-1,{30:0|48:1},2500,104|1500,,,,-1,-1,-1,,,,,,,,,,,-1,0,,2,,1,0,-1,,[0|30],[0|30],{0:0|30:1},-1,{1:BuffUpgradeData},[],
1004204,,30,48,-1,-1,{30:0|48:1},3500,104|1500,,,,-1,-1,-1,,,,,,,,,,,-1,0,,2,,1,0,-1,,[0|30],[0|30],{0:0|30:1},-1,{1:BuffUpgradeData},[],
1004211,,10,-1,-1,-1,{10:0},3|7|8|9|12|15|16|17|18|204,,,,,-1,-1,-1,,,,,,,,,,,-1,0,,-1,,-1,0,-1,,[0],[0],{0:0},-1,{1:BuffUpgradeData},[],
1004212,,10,-1,-1,-1,{10:0},3|7|8|9|12|15|16|17|18|204,,,,,-1,-1,-1,,,,,,,,,,,-1,0,,-1,,-1,0,-1,,[0],[0],{0:0},-1,{1:BuffUpgradeData},[],
1004213,,10,-1,-1,-1,{10:0},3|7|8|9|12|15|16|17|18|204,,,,,-1,-1,-1,,,,,,,,,,,-1,0,,-1,,-1,0,-1,,[0],[0],{0:0},-1,{1:BuffUpgradeData},[],
1004214,,10,-1,-1,-1,{10:0},3|7|8|9|12|15|16|17|18|204,,,,,-1,-1,-1,,,,,,,,,,,-1,0,,-1,,-1,0,-1,,[0],[0],{0:0},-1,{1:BuffUpgradeData},[],
1004215,,70,-1,-1,-1,{70:0},201|2000,,,,,-1,-1,-1,,,,,,,,,,,-1,0,,-1,,-1,0,-1,,[1|206],[1|206],{1:0|206:1},-1,{1:BuffUpgradeData},[],
1004221,,30,48,45,19,{30:0|48:1|45:2|19:3},2000,"16|10000,13|2000","200,10042302|1|5000|300,10042303|1|5000|300",0|1|2|4|5,,-1,1,-1,,[1],100,,,,,,[1004201],,-1,0,,-1,,-1,0,-1,,[0],[0],{0:0},-1,{1:BuffUpgradeData},[],
1004222,,30,48,45,19,{30:0|48:1|45:2|19:3},2000,"16|10000,13|2000","200,10042302|2|5000,10042303|2|5000",0|1|2|4|5,,-1,1,-1,,[1],100,,,,,,[1004201],,-1,0,,-1,,-1,0,-1,,[0],[0],{0:0},-1,{1:BuffUpgradeData},[],
1004223,,30,48,45,19,{30:0|48:1|45:2|19:3},2000,"16|10000,13|2000","200,10042302|3|5000,10042303|3|5000",0|1|2|4|5,,-1,1,-1,,[1],100,,,,,,[1004201],,-1,0,,-1,,-1,0,-1,,[0],[0],{0:0},-1,{1:BuffUpgradeData},[],
1004224,,30,48,14,19,{30:0|48:1|14:2|19:3},2000,"16|10000,13|2000",10042302|4,0|4|5,,-1,1,-1,,[1],100,,,,,,[1004201],,-1,0,,-1,,-1,0,-1,,[0],[0],{0:0},-1,{1:BuffUpgradeData},[],
1004231,,46,-1,-1,-1,{46:0},10042101|10042102|3|0|0|5000,,,,,-1,1,-1,,[1],,,,,,,,,-1,0,,-1,,-1,0,-1,,[2],[2],{2:0},-1,{1:BuffUpgradeData},[],
1004232,stun,3,-1,-1,-1,{3:0},,,,,,-1,-1,-1,,,,,,,,,[100001],,-1,0,,-1,,-1,0,-1,,[1|3],[1|3],{1:0|3:1},-1,{1:BuffUpgradeData},[],
1004233,,46,-1,-1,-1,{46:0},10042101|10042102|3|0|0|6000,,,,,-1,1,-1,,[1],,,,,,,,,-1,0,,-1,,-1,0,-1,,[2],[2],{2:0},-1,{1:BuffUpgradeData},[],
1004234,,46,-1,-1,-1,{46:0},10042101|10042102|3|0|0|8000,,,,,-1,1,-1,,[1],,,,,,,,,-1,0,,-1,,-1,0,-1,,[2],[2],{2:0},-1,{1:BuffUpgradeData},[],
1004241,,9,-1,-1,-1,{9:0},1|1|4|400|5000,,,,,-1,-1,-1,,,0|0|0|20|0,,,,,,,,-1,0,,4,,1,0,-1,,[0|4],[0|4],{0:0|4:1},-1,{1:BuffUpgradeData},[],
1004242,,9,-1,-1,-1,{9:0},1|1|4|500|5000,,,,,-1,-1,-1,,,0|0|0|20|0,,,,,,,,-1,0,,4,,1,0,-1,,[0|4],[0|4],{0:0|4:1},-1,{1:BuffUpgradeData},[],
1004243,,9,-1,-1,-1,{9:0},1|1|4|600|5000,,,,,-1,-1,-1,,,0|0|0|20|0,,,,,,,,-1,0,,4,,1,0,-1,,[0|4],[0|4],{0:0|4:1},-1,{1:BuffUpgradeData},[],
1004244,,9,-1,-1,-1,{9:0},1|1|4|700|5000,,,,,-1,-1,-1,,,0|0|0|20|0,,,,,,,,-1,0,,4,,1,0,-1,,[0|4],[0|4],{0:0|4:1},-1,{1:BuffUpgradeData},[],
1004245,,48,-1,-1,-1,{48:0},104|1500,,,,,-1,-1,-1,,,,,,,,,,,-1,0,,-1,,-1,0,-1,,[0],[0],{0:0},-1,{1:BuffUpgradeData},[],
1004251,,22,21,14,-1,{22:0|21:1|14:2},"1|103,4|104",,10042304|1,,,-1,1,-1,,[1],,,,,,,,,-1,0,,-1,,-1,0,-1,,[2],[2],{2:0},-1,{1:BuffUpgradeData},[],
1004252,,22,21,14,-1,{22:0|21:1|14:2},"1|103,4|104",,10042304|1,,,-1,1,-1,,[1],,,,,,,,,-1,0,,-1,,-1,0,-1,,[2],[2],{2:0},-1,{1:BuffUpgradeData},[],
1004253,,22,21,14,-1,{22:0|21:1|14:2},"1|103,4|104",,10042304|1,,,-1,1,-1,,[1],,,,,,,,,-1,0,,-1,,-1,0,-1,,[2],[2],{2:0},-1,{1:BuffUpgradeData},[],
1004254,,22,21,14,-1,{22:0|21:1|14:2},"1|103,4|104",,10042304|1,,,-1,1,-1,,[1],,,,,,,,,-1,0,,-1,,-1,0,-1,,[2],[2],{2:0},-1,{1:BuffUpgradeData},[],
1004261,,-1,-1,-1,-1,{},,,,,[1|1004202],-1,-1,-1,,[1],,,,,,,,,-1,0,,-1,,-1,0,-1,,[2|1004201],[2|1004201],{2:0|1004201:1},-1,{1:BuffUpgradeData},[],
1004262,,-1,-1,-1,-1,{},,,,,[1|1004202],-1,-1,-1,,[1],,,,,,,,,-1,0,,-1,,-1,0,-1,,[2|1004201],[2|1004201],{2:0|1004201:1},-1,{1:BuffUpgradeData},[],
1004263,,-1,-1,-1,-1,{},,,,,[1|1004202],-1,-1,-1,,[1],,,,,,,,,-1,0,,-1,,-1,0,-1,,[2|1004201],[2|1004201],{2:0|1004201:1},-1,{1:BuffUpgradeData},[],
1004264,,-1,-1,-1,-1,{},,,,,[1|1004202],-1,-1,-1,,[1],,,,,,,,,-1,0,,-1,,-1,0,-1,,[2|1004201],[2|1004201],{2:0|1004201:1},-1,{1:BuffUpgradeData},[],
1004271,,-1,-1,-1,-1,{},,,,,,-1,-1,-1,,,,,,,,,[10042802],,-1,0,,-1,,-1,0,-1,,[2],[2],{2:0},-1,{1:BuffUpgradeData},[],
1004272,,-1,-1,-1,-1,{},,,,,,-1,-1,-1,,[1],,,,,,,,,-1,0,,-1,,-1,0,-1,,[2|1004202],[2|1004202],{2:0|1004202:1},-1,{1:BuffUpgradeData},[],
1004273,,48,-1,-1,-1,{48:0},5104|2000,,,,,-1,1,-1,,[1],,,,,,,,,-1,0,,-1,,-1,0,-1,,[0],[0],{0:0},-1,{1:BuffUpgradeData},[],
1004280,,-1,-1,-1,-1,{},,,,,,-1,-1,-1,,[1],,,,,,,[1004280],,-1,0,,-1,,-1,0,-1,,[302],[302],{302:0},-1,{1:BuffUpgradeData},[],
1004281,,-1,-1,-1,-1,{},,,,,,-1,-1,-1,,[1],,,,,,,[1004281],,-1,0,,-1,,-1,0,-1,,[302],[302],{302:0},-1,{1:BuffUpgradeData},[],
1004282,,-1,-1,-1,-1,{},,,,,,-1,-1,-1,,[1],,,,,,,[1004282],,-1,0,,-1,,-1,0,-1,,[302],[302],{302:0},-1,{1:BuffUpgradeData},[],
1004283,,48,-1,-1,-1,{48:0},104|2000,,,,,-1,-1,-1,,[1],,,,,,,,,-1,0,,-1,,-1,0,-1,,[0],[0],{0:0},-1,{1:BuffUpgradeData},[],
1004284,,48,-1,-1,-1,{48:0},"5104|1500,5011|1000",,,,,-1,-1,-1,,[1],,,,,,,,,-1,0,,-1,,-1,0,-1,,[0],[0],{0:0},-1,{1:BuffUpgradeData},[],
1004285,,54,-1,-1,-1,{54:0},6006|1000,,,,,-1,-1,-1,,[1],,,,,,,,,-1,0,,-1,,-1,0,-1,,[0|30],[0|30],{0:0|30:1},-1,{1:BuffUpgradeData},[],
1004286,,54,-1,-1,-1,{54:0},6006|2000,,,,,-1,-1,-1,,[1],,,,,,,,,-1,0,,-1,,-1,0,-1,,[0|30],[0|30],{0:0|30:1},-1,{1:BuffUpgradeData},[],
1004287,,54,-1,-1,-1,{54:0},6006|3000,,,,,-1,-1,-1,,[1],,,,,,,,,-1,0,,-1,,-1,0,-1,,[0|30],[0|30],{0:0|30:1},-1,{1:BuffUpgradeData},[],
1004288,,9,-1,-1,-1,{9:0},1|1|4|1200|4000,,,,,-1,-1,-1,,,,,,,,,,,-1,0,,-1,,3,0,-1,,[0|9],[0|9],{0:0|9:1},-1,{1:BuffUpgradeData},[],
1004289,,9,-1,-1,-1,{9:0},1|1|4|2400|4000,,,,,-1,-1,-1,,,,,,,,,,,-1,0,,-1,,3,0,-1,,[0|9],[0|9],{0:0|9:1},-1,{1:BuffUpgradeData},[],
1004290,,-1,-1,-1,-1,{},,,,,,-1,-1,-1,,[1],,,,,,,[1004290],,-1,0,,-1,,-1,0,-1,,[2],[2],{2:0},-1,{1:BuffUpgradeData},[],
1004291,,7,-1,-1,-1,{7:0},1004202|0,,,,,-1,-1,-1,,[1],,,,,,,[1004291],,-1,0,,-1,,-1,0,-1,,[2|1004203],[2|1004203],{2:0|1004203:1},-1,{1:BuffUpgradeData},[],
1004292,,7,-1,-1,-1,{7:0},1004202|0,,,,,-1,-1,-1,,[1],,,,,,,[1004292],,-1,0,,-1,,-1,0,-1,,[2|1004203],[2|1004203],{2:0|1004203:1},-1,{1:BuffUpgradeData},[],
1004293,,10,-1,-1,-1,{10:0},3,,,,,-1,-1,-1,,[2|1004203],,,,,,,,,-1,0,,-1,,-1,0,-1,,[2|1004202],[2|1004202],{2:0|1004202:1},-1,{1:BuffUpgradeData},[],
1004294,,10,30,-1,-1,{10:0|30:1},3,1000,,,,-1,-1,-1,,[2|1004203],,,,,,,,,-1,0,,-1,,-1,0,-1,,[2|1004202],[2|1004202],{2:0|1004202:1},-1,{1:BuffUpgradeData},[],
1004300,,14,-1,-1,-1,{14:0},10043002|1,,,,,-1,1,-1,,[1],,,,,,,,,-1,0,,-1,,-1,0,-1,,[2],[2],{2:0},-1,{1:BuffUpgradeData},[],
1004301,,23,30,-1,-1,{23:0|30:1},1|10043003|2|350|2|0|0|0,350,,,,-1,-1,-1,,,,10,,,,,,,-1,0,,99,,1,0,-1,,[2|1004301],[2|1004301],{2:0|1004301:1},-1,{1:BuffUpgradeData},[],
1004302,,-1,-1,-1,-1,{},,,,,,-1,-1,-1,,,,,,,,,,,-1,0,,99,,1,0,-1,,[2|1004302],[2|1004302],{2:0|1004302:1},-1,{1:BuffUpgradeData},[],
1004303,,7,-1,-1,-1,{7:0},1004301|1,,,,,-1,-1,-1,,,,,,,,,,,-1,0,,-1,,-1,0,-1,,[2],[2],{2:0},-1,{1:BuffUpgradeData},[],
1004304,,48,-1,-1,-1,{48:0},103|1000,,,,,-1,-1,-1,,,,,,,,,,,-1,0,,3,,1,0,-1,,[0],[0],{0:0},-1,{1:BuffUpgradeData},[],
1004305,,14,-1,-1,-1,{14:0},10043102|1|1,,,,,-1,-1,-1,,,,,,,,,,,-1,0,,-1,,-1,0,-1,,[2|1004304],[2|1004304],{2:0|1004304:1},-1,{1:BuffUpgradeData},[],
1004306,,14,-1,-1,-1,{14:0},10043102|2|1,,,,,-1,-1,-1,,,,,,,,,,,-1,0,,-1,,-1,0,-1,,[2|1004304],[2|1004304],{2:0|1004304:1},-1,{1:BuffUpgradeData},[],
1004307,,14,-1,-1,-1,{14:0},10043102|3|1,,,,,-1,-1,-1,,,,,,,,,,,-1,0,,-1,,-1,0,-1,,[2|1004304],[2|1004304],{2:0|1004304:1},-1,{1:BuffUpgradeData},[],
1004308,,14,-1,-1,-1,{14:0},10043102|4|1,,,,,-1,-1,-1,,,,,,,,,,,-1,0,,-1,,-1,0,-1,,[2|1004304],[2|1004304],{2:0|1004304:1},-1,{1:BuffUpgradeData},[],
1004309,,7,-1,-1,-1,{7:0},1004304|0,,,,,-1,-1,-1,,,,,,,,,,,-1,0,,-1,,-1,0,-1,,[2],[2],{2:0},-1,{1:BuffUpgradeData},[],
1004310,,9,-1,-1,-1,{9:0},1|1|3|30000|5000,,,,,-1,-1,-1,,,,,,,,,,,-1,0,,-1,,-1,0,-1,,[0|4],[0|4],{0:0|4:1},-1,{1:BuffUpgradeData},[],
1004311,,49,-1,-1,-1,{49:0},0|3|1200,,,,,-1,1,-1,,[1],0|0|20,,,,,,,,-1,0,,-1,,-1,0,-1,,[2],[2],{2:0},-1,{1:BuffUpgradeData},[],
1004312,,49,-1,-1,-1,{49:0},0|3|1300,,,,,-1,1,-1,,[1],0|0|20,,,,,,,,-1,0,,-1,,-1,0,-1,,[2],[2],{2:0},-1,{1:BuffUpgradeData},[],
1004313,,49,-1,-1,-1,{49:0},0|3|1400,,,,,-1,1,-1,,[1],0|0|20,,,,,,,,-1,0,,-1,,-1,0,-1,,[2],[2],{2:0},-1,{1:BuffUpgradeData},[],
1004314,,49,-1,-1,-1,{49:0},0|3|1700,,,,,-1,1,-1,,[1],0|0|20,,,,,,,,-1,0,,-1,,-1,0,-1,,[2],[2],{2:0},-1,{1:BuffUpgradeData},[],
1004315,,20,-1,-1,-1,{20:0},1|5|1004316,,,,,-1,-1,-1,,,,,,,,,,,-1,0,,5,,1,0,-1,,[2|1004303],[2|1004303],{2:0|1004303:1},-1,{1:BuffUpgradeData},[],
1004316,,23,7,-1,-1,{23:0|7:1},1|10043203|2|350|2|0|0|0,1004303|0,,,,-1,-1,-1,,,,,,,,,,,-1,0,,-1,,-1,0,-1,,[2],[2],{2:0},-1,{1:BuffUpgradeData},[],
1004317,,20,-1,-1,-1,{20:0},1|5|1004318,,,,,-1,-1,-1,,,,,,,,,,,-1,0,,5,,1,0,-1,,[2|1004303],[2|1004303],{2:0|1004303:1},-1,{1:BuffUpgradeData},[],
1004318,,23,7,-1,-1,{23:0|7:1},1|10043233|2|350|2|0|0|0,1004303|0,,,,-1,-1,-1,,,,,,,,,,,-1,0,,-1,,-1,0,-1,,[2],[2],{2:0},-1,{1:BuffUpgradeData},[],
1004319,,19,-1,-1,-1,{19:0},1|2,,,,,-1,-1,-1,,,,,,,,,[100008],,-1,0,,-1,,-1,0,-1,,[1|5|301],[1|5|301],{1:0|5:1|301:2},-1,{1:BuffUpgradeData},[],
1004321,,48,-1,-1,-1,{48:0},34|-99999,,,,,-1,-1,-1,,,,,,,,,[100010],,-1,0,,-1,,-1,0,-1,,[1|301],[1|301],{1:0|301:1},-1,{1:BuffUpgradeData},[],
1004322,,7,-1,-1,-1,{7:0},1004302|0|0,,,,,-1,-1,-1,,,,,,,,,,,-1,0,,-1,,-1,0,-1,,[2],[2],{2:0},-1,{1:BuffUpgradeData},[],
1004323,,48,-1,-1,-1,{48:0},"103|3000,104|3000",,,,,-1,-1,-1,,,,,,,,,,,-1,0,,-1,,-1,0,-1,,[0],[0],{0:0},-1,{1:BuffUpgradeData},[],
1004324,,7,-1,-1,-1,{7:0},1004302|0|6,,,,,-1,-1,-1,,,,,,,,,,,-1,0,,-1,,-1,0,-1,,[2],[2],{2:0},-1,{1:BuffUpgradeData},[],
1004325,,15,-1,-1,-1,{15:0},7|4000|0|18|0|10000|10000|0,,,,,-1,1,-1,,[1],,,,,,,,,-1,0,,-1,,-1,0,-1,,[2],[2],{2:0},-1,{1:BuffUpgradeData},[],
1004326,,-1,-1,-1,-1,{},,,,,,-1,1,-1,,[1],,,,,,,[1004301],,-1,0,,-1,,-1,0,-1,,[2],[2],{2:0},-1,{1:BuffUpgradeData},[],
1004327,,70,-1,-1,-1,{70:0},201|-2000,,,,,-1,1,-1,,[1],,,,,,,[1004301],,-1,0,,-1,,-1,0,-1,,[2],[2],{2:0},-1,{1:BuffUpgradeData},[],
1004331,,9,-1,-1,-1,{9:0},1|1|4|500|6500,,,,,-1,-1,-1,,,,,,,,,[10043801],,-1,0,,3,,1,0,-1,,[0|4],[0|4],{0:0|4:1},-1,{1:BuffUpgradeData},[],
1004332,,9,48,-1,-1,{9:0|48:1},1|1|4|1000|6500,"9|2000,11|1500",,,,-1,-1,-1,,,,,,,,,[10043801],,-1,0,,3,,1,0,-1,,[0|4],[0|4],{0:0|4:1},-1,{1:BuffUpgradeData},[],
1004333,,-1,-1,-1,-1,{},,,,,,-1,-1,-1,,,,,,,,,[10043802],,-1,0,,-1,,-1,0,-1,,[0],[0],{0:0},-1,{1:BuffUpgradeData},[],
1004334,,48,-1,-1,-1,{48:0},3104|2000,,,,,-1,1,-1,,[1],,,,,,,,,-1,0,,-1,,-1,0,-1,,[0],[0],{0:0},-1,{1:BuffUpgradeData},[],
1004401,,-1,-1,-1,-1,{},,,,,,-1,1,-1,,[1],,,,,,,,,-1,0,,-1,,-1,0,-1,,[2|1004401],[2|1004401],{2:0|1004401:1},-1,{1:BuffUpgradeData},[],
1004402,,-1,-1,-1,-1,{},,,,,,-1,1,-1,,[1],,,,,,,,,-1,0,,-1,,-1,0,-1,,[2|1004402],[2|1004402],{2:0|1004402:1},-1,{1:BuffUpgradeData},[],
1004403,,-1,-1,-1,-1,{},,,,,,-1,1,-1,,[1],,,,,,,,,-1,0,,-1,,-1,0,-1,,[2|1004403],[2|1004403],{2:0|1004403:1},-1,{1:BuffUpgradeData},[],
1004404,,48,-1,-1,-1,{48:0},34|2000,,,,,-1,-1,-1,,,,,,,,,,,-1,0,,-1,,-1,0,-1,,[0],[0],{0:0},-1,{1:BuffUpgradeData},[],
1004405,,48,-1,-1,-1,{48:0},21|2000,,,,,-1,-1,-1,,,,,,,,,,,-1,0,,-1,,-1,0,-1,,[0|30],[0|30],{0:0|30:1},-1,{1:BuffUpgradeData},[],
1004410,stun,3,-1,-1,-1,{3:0},,,,,,-1,-1,-1,,,,,,,Effect/Battle/CommonEffect/Fx_XuanYun_Buff,,[100001],,-1,0,,-1,,-1,0,-1,,[1|3],[1|3],{1:0|3:1},-1,{1:BuffUpgradeData},[],
1004411,,5,-1,-1,-1,{5:0},30011|1|5000|4000|1|0|0|0|0|1,,,,,-1,-1,-1,,,0|0|200|160|0|0|0|0|0|0,,,,,,,,-1,0,,4,,1,0,-1,,[2],[2],{2:0},1000,{1:BuffUpgradeData},[],
1004412,,5,-1,-1,-1,{5:0},30017|1|6000|4800|1|0|0|0|0|1,,,,,-1,-1,-1,,,0|0|200|160|0|0|0|0|0|0,,,,,,,,-1,0,,4,,1,0,-1,,[2],[2],{2:0},1000,{1:BuffUpgradeData},[],
1004413,,5,-1,-1,-1,{5:0},30017|1|7000|5600|1|0|0|0|0|1,,,,,-1,-1,-1,,,0|0|200|160|0|0|0|0|0|0,,,,,,,,-1,0,,4,,1,0,-1,,[2],[2],{2:0},1000,{1:BuffUpgradeData},[],
1004414,,5,-1,-1,-1,{5:0},30017|2|8000|6400|1|0|0|0|0|1,,,,,-1,-1,-1,,,0|0|200|160|0|0|0|0|0|0,,,,,,,,-1,0,,4,,1,0,-1,,[2],[2],{2:0},1000,{1:BuffUpgradeData},[],
1004415,,5,-1,-1,-1,{5:0},30014|1|5000|4000|1|0|0|0|0|1,,,,,-1,-1,-1,,,0|0|200|160|0|0|0|0|0|0,,,,,,,,-1,0,,4,,1,0,-1,,[2],[2],{2:0},1000,{1:BuffUpgradeData},[],
1004416,,5,-1,-1,-1,{5:0},30014|1|6000|4800|1|0|0|0|0|1,,,,,-1,-1,-1,,,0|0|200|160|0|0|0|0|0|0,,,,,,,,-1,0,,4,,1,0,-1,,[2],[2],{2:0},1000,{1:BuffUpgradeData},[],
1004417,,5,-1,-1,-1,{5:0},30014|1|7000|5600|1|0|0|0|0|1,,,,,-1,-1,-1,,,0|0|200|160|0|0|0|0|0|0,,,,,,,,-1,0,,4,,1,0,-1,,[2],[2],{2:0},1000,{1:BuffUpgradeData},[],
1004418,,5,-1,-1,-1,{5:0},30014|2|8000|6400|1|0|0|0|0|1,,,,,-1,-1,-1,,,0|0|200|160|0|0|0|0|0|0,,,,,,,,-1,0,,4,,1,0,-1,,[2],[2],{2:0},1000,{1:BuffUpgradeData},[],
1004420,,7,-1,-1,-1,{7:0},0|1,,,,,-1,-1,-1,,,,,,,,,,,-1,0,,-1,,-1,0,-1,,[1],[1],{1:0},-1,{1:BuffUpgradeData},[],
1004421,,5,-1,-1,-1,{5:0},30012|1|3500|2800|2|100|0|0|0|1,,,,,-1,-1,-1,,,0|0|150|120|0|0|0|0|0|0,,,,,,,,-1,0,,4,,1,0,-1,,[2],[2],{2:0},1000,{1:BuffUpgradeData},[],
1004422,,5,-1,-1,-1,{5:0},30012|1|4250|3400|2|100|0|0|0|1,,,,,-1,-1,-1,,,0|0|150|120|0|0|0|0|0|0,,,,,,,,-1,0,,4,,1,0,-1,,[2],[2],{2:0},1000,{1:BuffUpgradeData},[],
1004423,,5,-1,-1,-1,{5:0},30012|1|5000|4000|2|100|0|0|0|1,,,,,-1,-1,-1,,,0|0|150|120|0|0|0|0|0|0,,,,,,,,-1,0,,4,,1,0,-1,,[2],[2],{2:0},1000,{1:BuffUpgradeData},[],
1004424,,5,-1,-1,-1,{5:0},30012|1|5750|4600|2|100|0|0|0|1,,,,,-1,-1,-1,,,0|0|150|120|0|0|0|0|0|0,,,,,,,,-1,0,,4,,1,0,-1,,[2],[2],{2:0},1000,{1:BuffUpgradeData},[],
1004425,,5,-1,-1,-1,{5:0},30015|1|3500|2800|2|100|0|0|0|1,,,,,-1,-1,-1,,,0|0|150|120|0|0|0|0|0|0,,,,,,,,-1,0,,4,,1,0,-1,,[2],[2],{2:0},1000,{1:BuffUpgradeData},[],
1004426,,5,-1,-1,-1,{5:0},30015|1|4250|3400|2|100|0|0|0|1,,,,,-1,-1,-1,,,0|0|150|120|0|0|0|0|0|0,,,,,,,,-1,0,,4,,1,0,-1,,[2],[2],{2:0},1000,{1:BuffUpgradeData},[],
1004427,,5,-1,-1,-1,{5:0},30015|1|5000|4000|2|100|0|0|0|1,,,,,-1,-1,-1,,,0|0|150|120|0|0|0|0|0|0,,,,,,,,-1,0,,4,,1,0,-1,,[2],[2],{2:0},1000,{1:BuffUpgradeData},[],
1004428,,5,-1,-1,-1,{5:0},30015|1|5750|4600|2|100|0|0|0|1,,,,,-1,-1,-1,,,0|0|150|120|0|0|0|0|0|0,,,,,,,,-1,0,,4,,1,0,-1,,[2],[2],{2:0},1000,{1:BuffUpgradeData},[],
1004429,,23,-1,-1,-1,{23:0},0|10044234|2|500|3|-1|1|1,,,,,-1,-1,-1,,,,,,,,,,,-1,0,,-1,,-1,0,-1,,[2],[2],{2:0},-1,{1:BuffUpgradeData},[],
1004430,fly,3,-1,-1,-1,{3:0},,,,,,-1,-1,-1,,,,,,,Effect/Battle/CommonEffect/Fx_XuanYun_Buff,,[100001],,1,0,,-1,,-1,0,-1,,[1|9],[1|9],{1:0|9:1},-1,{1:BuffUpgradeData},[],
1004431,,5,-1,-1,-1,{5:0},30013|1|12000|9600|2|100|0|0|1|1,,,,,-1,-1,-1,,,0|0|250|200|0|0|0|0|0|0,,,,,,,,-1,0,,-1,,-1,0,-1,,[2],[2],{2:0},-1,{1:BuffUpgradeData},[],
1004432,,5,-1,-1,-1,{5:0},30013|1|13250|10600|2|100|0|0|2|1,,,,,-1,-1,-1,,,0|0|250|200|0|0|0|0|0|0,,,,,,,,-1,0,,-1,,-1,0,-1,,[2],[2],{2:0},-1,{1:BuffUpgradeData},[],
1004433,,5,-1,-1,-1,{5:0},30013|1|14500|11600|2|100|0|0|3|1,,,,,-1,-1,-1,,,0|0|250|200|0|0|0|0|0|0,,,,,,,,-1,0,,-1,,-1,0,-1,,[2],[2],{2:0},-1,{1:BuffUpgradeData},[],
1004434,,5,-1,-1,-1,{5:0},30013|1|15750|12600|2|100|0|0|4|1,,,,,-1,-1,-1,,,0|0|250|200|0|0|0|0|0|0,,,,,,,,-1,0,,-1,,-1,0,-1,,[2],[2],{2:0},-1,{1:BuffUpgradeData},[],
1004435,,5,-1,-1,-1,{5:0},30016|1|12000|9600|2|100|0|0|1|1,,,,,-1,-1,-1,,,0|0|250|200|0|0|0|0|0|0,,,,,,,,-1,0,,-1,,-1,0,-1,,[2],[2],{2:0},-1,{1:BuffUpgradeData},[],
1004436,,5,-1,-1,-1,{5:0},30016|1|13250|10600|2|100|0|0|2|1,,,,,-1,-1,-1,,,0|0|250|200|0|0|0|0|0|0,,,,,,,,-1,0,,-1,,-1,0,-1,,[2],[2],{2:0},-1,{1:BuffUpgradeData},[],
1004437,,5,-1,-1,-1,{5:0},30016|1|14500|11600|2|100|0|0|3|1,,,,,-1,-1,-1,,,0|0|250|200|0|0|0|0|0|0,,,,,,,,-1,0,,-1,,-1,0,-1,,[2],[2],{2:0},-1,{1:BuffUpgradeData},[],
1004438,,5,-1,-1,-1,{5:0},30016|1|15750|12600|2|100|0|0|4|1,,,,,-1,-1,-1,,,0|0|250|200|0|0|0|0|0|0,,,,,,,,-1,0,,-1,,-1,0,-1,,[2],[2],{2:0},-1,{1:BuffUpgradeData},[],
1004440,,6,-1,-1,-1,{6:0},0|1004403|500,,,,,-1,-1,-1,,,,,,,,,,,-1,0,,-1,,-1,0,-1,,[0],[0],{0:0},-1,{1:BuffUpgradeData},[],
1004441,,47,-1,-1,-1,{47:0},"1,10044503|600|3|-1|1|1,10044504|350|3|-1|1|1",,,,,-1,-1,-1,,,,,,,,,,,-1,0,,-1,,-1,0,-1,,[2],[2],{2:0},-1,{1:BuffUpgradeData},[],
1004442,,47,-1,-1,-1,{47:0},"1,10044513|600|3|-1|1|1,10044514|350|3|-1|1|1",,,,,-1,-1,-1,,,,,,,,,,,-1,0,,-1,,-1,0,-1,,[2],[2],{2:0},-1,{1:BuffUpgradeData},[],
1004443,,47,-1,-1,-1,{47:0},"1,10044523|600|3|-1|1|1,10044524|350|3|-1|1|1",,,,,-1,-1,-1,,,,,,,,,,,-1,0,,-1,,-1,0,-1,,[2],[2],{2:0},-1,{1:BuffUpgradeData},[],
1004444,,47,-1,-1,-1,{47:0},"1,10044533|600|3|-1|1|1,10044534|350|3|-1|1|1",,,,,-1,-1,-1,,,,,,,,,,,-1,0,,-1,,-1,0,-1,,[2],[2],{2:0},-1,{1:BuffUpgradeData},[],
1004451,,48,-1,-1,-1,{48:0},122|-500|-1600|0,,,,,-1,-1,-1,,,,,,,,,,,-1,0,,4,,1,0,-1,,[1|301|1004404],[1|301|1004404],{1:0|301:1|1004404:2},-1,{1:BuffUpgradeData},[],
1004452,,48,-1,-1,-1,{48:0},122|-1000|-4000|0,,,,,-1,-1,-1,,,,,,,,,,,-1,0,,4,,1,0,-1,,[1|301|1004404],[1|301|1004404],{1:0|301:1|1004404:2},-1,{1:BuffUpgradeData},[],
1004453,,30,-1,-1,-1,{30:0},-3000,,,,[3|2],-1,-1,-1,,,,,,,,,,,-1,0,,-1,,-1,0,-1,,[1|301|1004404],[1|301|1004404],{1:0|301:1|1004404:2},-1,{1:BuffUpgradeData},[],
1004454,,-1,-1,-1,-1,{},,,,,,-1,-1,-1,,,,,,,,,[10044802],,-1,0,,-1,,-1,0,-1,,[2],[2],{2:0},-1,{1:BuffUpgradeData},[],
1004455,,48,-1,-1,-1,{48:0},5104|2000,,,,,-1,-1,-1,,[1],,,,,,,,,-1,0,,-1,,-1,0,-1,,[0],[0],{0:0},-1,{1:BuffUpgradeData},[],
1004456,,-1,-1,-1,-1,{},,,,,,-1,-1,-1,,[1],,,,,,,,,-1,0,,-1,,-1,0,-1,,[2|1004405],[2|1004405],{2:0|1004405:1},-1,{1:BuffUpgradeData},[],
1004457,,20,-1,-1,-1,{20:0},1|3|1004458|1,,,,[1|1004405],-1,-1,-1,,[2|1004407],,,,,,,,,-1,0,,3,,1,0,-1,,[2|1004406],[2|1004406],{2:0|1004406:1},-1,{1:BuffUpgradeData},[],
1004458,,10,7,23,-1,{10:0|7:1|23:2},1004406,1004406|0,0|10044820|0|500|1|0|0|0|1,,,-1,-1,-1,,[1],,,,,,,,,-1,0,,-1,,3,0,-1,,[2|1004407],[2|1004407],{2:0|1004407:1},-1,{1:BuffUpgradeData},[],
1004459,,48,-1,-1,-1,{48:0},103|-1200,,,,[1|1004404],-1,-1,-1,,,,,,,,,,,-1,0,,-1,,-1,0,-1,,[1|301],[1|301],{1:0|301:1},-1,{1:BuffUpgradeData},[],
1004460,,67,-1,-1,-1,{67:0},,,,,,-1,-1,-1,,[1],,,,,,,,,-1,0,,-1,,-1,0,-1,,[2],[2],{2:0},-1,{1:BuffUpgradeData},[],
1004461,,-1,-1,-1,-1,{},,,,,,-1,-1,-1,,[1],,,,,,,[1004461],,-1,0,,-1,,-1,0,-1,,[302],[302],{302:0},-1,{1:BuffUpgradeData},[],
1004462,,-1,-1,-1,-1,{},,,,,,-1,-1,-1,,[1],,,,,,,[1004462],,-1,0,,-1,,-1,0,-1,,[302],[302],{302:0},-1,{1:BuffUpgradeData},[],
1004463,,-1,-1,-1,-1,{},,,,,,-1,-1,-1,,[1],,,,,,,[1004463],,-1,0,,-1,,-1,0,-1,,[302],[302],{302:0},-1,{1:BuffUpgradeData},[],
1004464,,48,-1,-1,-1,{48:0},104|2000,,,,,-1,-1,-1,,[1],,,,,,,,,-1,0,,-1,,-1,0,-1,,[0],[0],{0:0},-1,{1:BuffUpgradeData},[],
1004465,,48,-1,-1,-1,{48:0},"5103|750,5010|1000",,,,,-1,-1,-1,,[1],,,,,,,,,-1,0,,-1,,-1,0,-1,,[0],[0],{0:0},-1,{1:BuffUpgradeData},[],
1004466,,48,-1,-1,-1,{48:0},103|-1000,,,,,-1,-1,-1,,,,,,,,,,,-1,0,,-1,,-1,0,-1,,[1|301],[1|301],{1:0|301:1},-1,{1:BuffUpgradeData},[],
1004467,,48,-1,-1,-1,{48:0},103|-2000,,,,,-1,-1,-1,,,,,,,,,,,-1,0,,-1,,-1,0,-1,,[1|301],[1|301],{1:0|301:1},-1,{1:BuffUpgradeData},[],
1004468,,48,-1,-1,-1,{48:0},103|-3000,,,,,-1,-1,-1,,,,,,,,,,,-1,0,,-1,,-1,0,-1,,[1|301],[1|301],{1:0|301:1},-1,{1:BuffUpgradeData},[],
1004469,,48,-1,-1,-1,{48:0},71|1000,,,,,-1,-1,-1,,,,,,,,,,,-1,0,,-1,,-1,0,-1,,[0],[0],{0:0},-1,{1:BuffUpgradeData},[],
1004470,,48,-1,-1,-1,{48:0},71|2000,,,,,-1,-1,-1,,,,,,,,,,,-1,0,,-1,,-1,0,-1,,[0],[0],{0:0},-1,{1:BuffUpgradeData},[],
1004471,,-1,-1,-1,-1,{},,,,,,-1,-1,-1,,[1],,,,,,,,,-1,0,,-1,,-1,0,-1,,[2],[2],{2:0},-1,{1:BuffUpgradeData},[],
1004472,,-1,-1,-1,-1,{},,,,,,-1,-1,-1,,[1],,,,,,,,,-1,0,,-1,,-1,0,-1,,[2],[2],{2:0},-1,{1:BuffUpgradeData},[],
1004473,,-1,-1,-1,-1,{},,,,,,-1,-1,-1,,[1],,,,,,,,,-1,0,,-1,,-1,0,-1,,[2],[2],{2:0},-1,{1:BuffUpgradeData},[],
1004511,,47,-1,-1,-1,{47:0},"1,10045102|500|3|1|2|1,10045103|500|3|1|2|1,10045104|500|3|1|2|1",,,,,-1,1,-1,,[1],,,,,,,,,-1,0,,-1,,-1,0,-1,,[2],[2],{2:0},-1,{1:BuffUpgradeData},[],
1004512,,47,-1,-1,-1,{47:0},"1,10045112|500|3|1|2|1,10045113|500|3|1|2|1,10045114|500|3|1|2|1",,,,,-1,1,-1,,[1],,,,,,,,,-1,0,,-1,,-1,0,-1,,[2],[2],{2:0},-1,{1:BuffUpgradeData},[],
1004513,,47,-1,-1,-1,{47:0},"1,10045122|500|3|1|2|1,10045123|500|3|1|2|1,10045124|500|3|1|2|1",,,,,-1,1,-1,,[1],,,,,,,,,-1,0,,-1,,-1,0,-1,,[2],[2],{2:0},-1,{1:BuffUpgradeData},[],
1004514,,47,-1,-1,-1,{47:0},"1,10045132|500|3|1|2|1,10045133|500|3|1|2|1,10045134|500|3|1|2|1,10045135|500|3|1|2|1,10045136|500|3|1|2|1",,,,,-1,1,-1,,[1],,,,,,,,,-1,0,,-1,,-1,0,-1,,[2],[2],{2:0},-1,{1:BuffUpgradeData},[],
1004515,,30,-1,-1,-1,{30:0},2500,,,,,-1,-1,-1,,,,,,,,,,,-1,0,,-1,,-1,0,-1,,[0],[0],{0:0},-1,{1:BuffUpgradeData},[],
1004516,,9,-1,-1,-1,{9:0},1|1|4|2000|4000,,,,,-1,-1,-1,,,,,,,,,,,-1,0,,-1,,-1,0,-1,,[0|4],[0|4],{0:0|4:1},-1,{1:BuffUpgradeData},[],
1004521,,48,-1,-1,-1,{48:0},82|1000,,,,,-1,-1,-1,,,0|50,,,,,,[1004501],,-1,0,,-1,,-1,0,-1,,[0],[0],{0:0},-1,{1:BuffUpgradeData},[],
1004522,,48,48,-1,-1,{48:1},82|1250,"6|6000,15|4000,10|1000",,,,-1,-1,-1,,,0|50,,,,,,[1004501],,-1,0,,-1,,-1,0,-1,,[0],[0],{0:0},-1,{1:BuffUpgradeData},[],
1004523,,48,48,-1,-1,{48:1},82|1500,"6|6000,15|4000,10|1000",,,,-1,-1,-1,,,0|50,,,,,,[1004501],,-1,0,,-1,,-1,0,-1,,[0],[0],{0:0},-1,{1:BuffUpgradeData},[],
1004524,,48,48,-1,-1,{48:1},82|1750,"6|6000,15|4000,10|1000",,,,-1,-1,-1,,,0|50,,,,,,[1004501],,-1,0,,-1,,-1,0,-1,,[0],[0],{0:0},-1,{1:BuffUpgradeData},[],
1004525,,10,-1,-1,-1,{10:0},"3,1",,,,,-1,-1,-1,,,,,,,,,,,-1,0,,-1,,-1,0,-1,,[0],[0],{0:0},-1,{1:BuffUpgradeData},[],
1004531,,5,-1,-1,-1,{5:0},30018|1|5000|5000|1|0|30018002,,,,,-1,1,-1,,[1],,,,,,,,,-1,0,,-1,,-1,0,-1,,[2],[2],{2:0},-1,{1:BuffUpgradeData},[],
1004532,,5,-1,-1,-1,{5:0},30018|1|5000|5000|1|0|30018002,,,,,-1,1,-1,,[1],,,,,,,,,-1,0,,-1,,-1,0,-1,,[2],[2],{2:0},-1,{1:BuffUpgradeData},[],
1004533,,52,19,-1,-1,{52:0|19:1},100,0|1|2,,,,-1,-1,-1,,,,,,,,,[1004502],,-1,0,,-1,,-1,0,-1,,[1|12],[1|12],{1:0|12:1},-1,{1:BuffUpgradeData},[],
1004534,,48,-1,-1,-1,{48:0},"81|-2000,83|-2000",,,,,-1,-1,-1,,,,,,,,,,,-1,0,,-1,,-1,0,-1,,[1|301],[1|301],{1:0|301:1},-1,{1:BuffUpgradeData},[],
1004541,,30,48,-1,-1,{30:0|48:1},2000,71|1000,,,,-1,-1,-1,,,,0|50,,,,,[1004504],,-1,0,,-1,,-1,0,-1,,[0|30],[0|30],{0:0|30:1},-1,{1:BuffUpgradeData},[],
1004542,,30,48,1,-1,{30:0|48:1|1:2},2000,71|1250,1|3|10000,,,-1,-1,-1,,,,0|50,,,,,[1004504],,-1,0,,-1,,-1,0,-1,,[0|30],[0|30],{0:0|30:1},1000,{1:BuffUpgradeData},[],
1004543,,30,48,1,-1,{30:0|48:1|1:2},2000,71|1500,1|3|10000,,,-1,-1,-1,,,,0|50,,,,,[1004504],,-1,0,,-1,,-1,0,-1,,[0|30],[0|30],{0:0|30:1},1000,{1:BuffUpgradeData},[],
1004544,,30,48,1,-1,{30:0|48:1|1:2},2000,71|1750,1|3|10000,,,-1,-1,-1,,,,0|50,,,,,[1004504],,-1,0,,-1,,-1,0,-1,,[0|30],[0|30],{0:0|30:1},1000,{1:BuffUpgradeData},[],
1004551,,53,-1,-1,-1,{53:0},2500,,,,,-1,1,-1,,[1],-50,,,,,,,,-1,0,,-1,,-1,0,-1,,[2],[2],{2:0},500,{1:BuffUpgradeData},[],
1004552,,53,-1,-1,-1,{53:0},2250,,,,,-1,1,-1,,[1],-50,,,,,,,,-1,0,,-1,,-1,0,-1,,[2],[2],{2:0},500,{1:BuffUpgradeData},[],
1004553,,53,-1,-1,-1,{53:0},2000,,,,,-1,1,-1,,[1],-50,,,,,,,,-1,0,,-1,,-1,0,-1,,[2],[2],{2:0},500,{1:BuffUpgradeData},[],
1004554,,53,-1,-1,-1,{53:0},1750,,,,,-1,1,-1,,[1],-50,,,,,,,,-1,0,,-1,,-1,0,-1,,[2],[2],{2:0},500,{1:BuffUpgradeData},[],
1004555,,48,-1,-1,-1,{48:0},34|-5000,,,,,-1,1,-1,,[1],,,,,,,,,-1,0,,-1,,-1,0,-1,,[0],[0],{0:0},-1,{1:BuffUpgradeData},[],
1004561,,20,-1,-1,-1,{20:0},1|10|1004566,,,,,-1,-1,-1,,[2],,,,,,,,,-1,0,,10,,1,0,-1,,[2|10045],[2|10045],{2:0|10045:1},-1,{1:BuffUpgradeData},[],
1004562,,-1,-1,-1,-1,{},,,,,,-1,-1,-1,,,,,,,,,[10045802],,-1,0,,-1,,-1,0,-1,,[2],[2],{2:0},-1,{1:BuffUpgradeData},[],
1004563,,48,-1,-1,-1,{48:0},4104|2000,,,,,-1,1,-1,,[1],,,,,,,,,-1,0,,-1,,-1,0,-1,,[0],[0],{0:0},-1,{1:BuffUpgradeData},[],
1004564,,20,-1,-1,-1,{20:0},1|10|1004567,,,,,-1,-1,-1,,[2|1004501],,,,,,,,,-1,0,,10,,1,0,-1,,[2|10045],[2|10045],{2:0|10045:1},-1,{1:BuffUpgradeData},[],
1004565,,20,-1,-1,-1,{20:0},1|10|1004568,,,,,-1,-1,-1,,[2|1004501],,,,,,,,,-1,0,,10,,1,0,-1,,[2|10045],[2|10045],{2:0|10045:1},-1,{1:BuffUpgradeData},[],
1004566,,7,23,-1,-1,{7:0|23:1},10045|0,0|10045803|0|1000|3|-1|1|2|1,,,,-1,-1,-1,,[1],,,,,,,,,-1,0,,-1,,-1,0,-1,,[2|1004501],[2|1004501],{2:0|1004501:1},-1,{1:BuffUpgradeData},[],
1004567,,7,23,-1,-1,{7:0|23:1},10045|0,0|10045813|0|1000|3|-1|1|4|1,,,,-1,-1,-1,,[1],,,,,,,,,-1,0,,-1,,-1,0,-1,,[2|1004501],[2|1004501],{2:0|1004501:1},-1,{1:BuffUpgradeData},[],
1004568,,7,23,-1,-1,{7:0|23:1},10045|0,0|10045823|0|1000|3|-1|1|4|1,,,,-1,-1,-1,,[1],,,,,,,,,-1,0,,-1,,-1,0,-1,,[2|1004501],[2|1004501],{2:0|1004501:1},-1,{1:BuffUpgradeData},[],
1004569,,19,-1,-1,-1,{19:0},1|2,,,,,-1,-1,-1,,,,,,,,,[100008],,-1,0,,-1,,-1,0,-1,,[1|5|301],[1|5|301],{1:0|5:1|301:2},-1,{1:BuffUpgradeData},[],
1004570,,19,7,-1,-1,{19:0|7:1},1|2,30|0,,,,-1,-1,-1,,,,,,,,,[100008],,-1,0,,-1,,-1,0,-1,,[1|5|301],[1|5|301],{1:0|5:1|301:2},-1,{1:BuffUpgradeData},[],
1004571,,52,19,48,7,{52:0|19:1|48:2|7:3},100,0|1|2,34|-99999,30|0,,-1,-1,-1,,,,,,,,,[1004502],,-1,0,,-1,,-1,0,-1,,[1|12],[1|12],{1:0|12:1},-1,{1:BuffUpgradeData},[],
1004581,,-1,-1,-1,-1,{},,,,,,-1,-1,-1,,[1],,,,,,,[1004581],,-1,0,,-1,,-1,0,-1,,[302],[302],{302:0},-1,{1:BuffUpgradeData},[],
1004582,,-1,-1,-1,-1,{},,,,,,-1,-1,-1,,[1],,,,,,,[1004582],,-1,0,,-1,,-1,0,-1,,[302],[302],{302:0},-1,{1:BuffUpgradeData},[],
1004583,,-1,-1,-1,-1,{},,,,,,-1,-1,-1,,[1],,,,,,,[1004583],,-1,0,,-1,,-1,0,-1,,[302],[302],{302:0},-1,{1:BuffUpgradeData},[],
1004584,,48,-1,-1,-1,{48:0},104|2000,,,,,-1,-1,-1,,[1],,,,,,,,,-1,0,,-1,,-1,0,-1,,[0],[0],{0:0},-1,{1:BuffUpgradeData},[],
1004585,,48,-1,-1,-1,{48:0},"4103|750,4104|1000",,,,,-1,-1,-1,,[1],,,,,,,,,-1,0,,-1,,-1,0,-1,,[0],[0],{0:0},-1,{1:BuffUpgradeData},[],
1004586,,48,54,-1,-1,{48:0|54:1},82|500,6001|1000,,,,-1,-1,-1,,,,,,,,,[1004586],,-1,0,,-1,,-1,0,-1,,[0],[0],{0:0},-1,{1:BuffUpgradeData},[],
1004587,,48,54,-1,-1,{48:0|54:1},82|1000,6001|2000,,,,-1,-1,-1,,,,,,,,,[1004586],,-1,0,,-1,,-1,0,-1,,[0],[0],{0:0},-1,{1:BuffUpgradeData},[],
1004588,,48,54,-1,-1,{48:0|54:1},82|1500,6001|3000,,,,-1,-1,-1,,,,,,,,,[1004586],,-1,0,,-1,,-1,0,-1,,[0],[0],{0:0},-1,{1:BuffUpgradeData},[],
1004589,,-1,-1,-1,-1,{},,,,,,-1,-1,-1,,[1],,,,,,,[1004589],,-1,0,,-1,,-1,0,-1,,[2],[2],{2:0},-1,{1:BuffUpgradeData},[],
1004590,,-1,-1,-1,-1,{},,,,,,-1,-1,-1,,[1],,,,,,,[1004590],,-1,0,,-1,,-1,0,-1,,[2],[2],{2:0},-1,{1:BuffUpgradeData},[],
1004591,,-1,-1,-1,-1,{},,,,,,-1,-1,-1,,[1],,,,,,,[1004591],,-1,0,,-1,,-1,0,-1,,[2],[2],{2:0},-1,{1:BuffUpgradeData},[],
1004601,,6,-1,-1,-1,{6:0},3|1004601|5000,,,,,-1,1,-1,,[1],,,,,,,,,-1,0,,-1,,-1,0,-1,,[0],[0],{0:0},-1,{1:BuffUpgradeData},[],
1004602,,6,-1,-1,-1,{6:0},3|1004602|7000,,,,,-1,1,-1,,[1],,,,,,,,,-1,0,,-1,,-1,0,-1,,[0],[0],{0:0},-1,{1:BuffUpgradeData},[],
1004603,stun,3,-1,-1,-1,{3:0},,,,,,-1,-1,-1,,,,,,,,,[100001],,-1,0,,-1,,-1,0,-1,,[1|3],[1|3],{1:0|3:1},-1,{1:BuffUpgradeData},[],
1004604,,48,23,-1,-1,{48:0|23:1},6|-3000,0|10046005|0|300|2|0|0|0,,,,-1,-1,-1,,,,,,,,,[100004],,-1,0,,-1,,-1,0,-1,,[1|203],[1|203],{1:0|203:1},-1,{1:BuffUpgradeData},[],
1004611,,48,-1,-1,-1,{48:0},80|-5000,,,,,-1,-1,-1,,,,,,,,,,,-1,0,,-1,,-1,0,-1,,[1|301],[1|301],{1:0|301:1},-1,{1:BuffUpgradeData},[],
1004612,,48,7,-1,-1,{48:0|7:1},80|-5000,30|0,,,,-1,-1,-1,,,,,,,,,,,-1,0,,-1,,-1,0,-1,,[1|301],[1|301],{1:0|301:1},-1,{1:BuffUpgradeData},[],
1004613,,48,7,-1,-1,{48:0|7:1},80|-5000,30|0,,,,-1,-1,-1,,,,,,,,,,,-1,0,,-1,,-1,0,-1,,[1|301],[1|301],{1:0|301:1},-1,{1:BuffUpgradeData},[],
1004614,,48,7,23,-1,{48:0|7:1|23:2},80|-5000,30|0,1|10046003|2|500|2|0|0|0,,,-1,-1,-1,,,,,,,,,,,-1,0,,-1,,-1,0,-1,,[1|301],[1|301],{1:0|301:1},-1,{1:BuffUpgradeData},[],
1004621,,48,30,14,-1,{48:0|30:1|14:2},"103|1500,80|0",2000,10046002|1,,,-1,1,-1,,[1],"0|100,0|0",200,,,,,[1004601],,-1,0,,-1,,-1,0,-1,,[0],[0],{0:0},-1,{1:BuffUpgradeData},[],
1004622,,48,30,14,-1,{48:0|30:1|14:2},"103|1500,80|3000",2000,10046002|1,,,-1,1,-1,,[1],"0|100,0|0",200,,,,,[1004601],,-1,0,,-1,,-1,0,-1,,[0],[0],{0:0},-1,{1:BuffUpgradeData},[],
1004623,,48,30,14,-1,{48:0|30:1|14:2},"103|1500,80|3000",2000,10046002|1,,,-1,1,-1,,[1],"0|100,0|0",200,,,,,[1004601],,-1,0,,-1,,-1,0,-1,,[0],[0],{0:0},-1,{1:BuffUpgradeData},[],
1004624,,48,30,14,6,{48:0|30:1|14:2|6:3},"103|1500,80|3000",2000,10046002|1,2|10046|-5000,,-1,1,-1,,[1],"0|100,0|0",200,,,,,[1004601],,-1,0,,-1,,-1,0,-1,,[0],[0],{0:0},-1,{1:BuffUpgradeData},[],
1004631,,48,-1,-1,-1,{48:0},122|-200|-600|0,,,,,-1,-1,-1,,,,,,,,,,,-1,0,,10,,1,0,-1,,[1|301],[1|301],{1:0|301:1},-1,{1:BuffUpgradeData},[],
1004632,,48,-1,-1,-1,{48:0},122|-400|-1500|0,,,,,-1,-1,-1,,,,,,,,,,,-1,0,,10,,1,0,-1,,[1|301],[1|301],{1:0|301:1},-1,{1:BuffUpgradeData},[],
1004633,,48,43,-1,-1,{48:0|43:1},122|-600|-2500|0,-200,,,,-1,-1,-1,,,,,,,,,,,-1,0,,10,,1,0,-1,,[1|301],[1|301],{1:0|301:1},-1,{1:BuffUpgradeData},[],
1004634,,-1,-1,-1,-1,{},,,,,,-1,1,-1,,[1],,,,,,,[10046802],,-1,0,,-1,,-1,0,-1,,[0],[0],{0:0},-1,{1:BuffUpgradeData},[],
1004635,,48,-1,-1,-1,{48:0},3103|1000,,,,,-1,1,-1,,[1],,,,,,,,,-1,0,,-1,,-1,0,-1,,[0],[0],{0:0},-1,{1:BuffUpgradeData},[],
1004641,,9,-1,-1,-1,{9:0},1|0|4|350|6000,,,,,-1,-1,-1,,,,,,,,,,,-1,0,,-1,,-1,0,-1,,[0|4],[0|4],{0:0|4:1},-1,{1:BuffUpgradeData},[],
1004642,,48,-1,-1,-1,{48:0},85|500,,,,,-1,-1,-1,,[1],,,,,,,,,-1,0,,-1,,-1,0,-1,,[0],[0],{0:0},-1,{1:BuffUpgradeData},[],
1004643,,48,-1,-1,-1,{48:0},85|1000,,,,,-1,-1,-1,,[1],,,,,,,,,-1,0,,-1,,-1,0,-1,,[0],[0],{0:0},-1,{1:BuffUpgradeData},[],
1004700,,15,-1,-1,-1,{15:0},2|10047|1|71|0|2500|2500|0,,,,,-1,1,-1,,[1],,,,,,,,,-1,0,,-1,,-1,0,-1,,[2],[2],{2:0},-1,{1:BuffUpgradeData},[],
1004701,,3,27,-1,-1,{3:0|27:1},,0,,,,-1,-1,-1,,,,,,,,,[1004701],,-1,0,,-1,,-1,0,-1,,[1|13|10047],[1|13|10047],{1:0|13:1|10047:2},-1,{1:BuffUpgradeData},[],
1004702,,3,27,-1,-1,{3:0|27:1},,0,,,,-1,-1,-1,,,,,,,,,[1004701],,-1,0,,-1,,-1,0,-1,,[1|13|10047],[1|13|10047],{1:0|13:1|10047:2},-1,{1:BuffUpgradeData},[],
1004703,,3,27,-1,-1,{3:0|27:1},,0,,,,-1,-1,-1,,,,,,,,,[1004701],,-1,0,,-1,,-1,0,-1,,[1|13|10047],[1|13|10047],{1:0|13:1|10047:2},-1,{1:BuffUpgradeData},[],
1004704,,3,27,-1,-1,{3:0|27:1},,0,,,,-1,-1,-1,,,,,,,,,[1004701],,-1,0,,-1,,-1,0,-1,,[1|13|10047],[1|13|10047],{1:0|13:1|10047:2},-1,{1:BuffUpgradeData},[],
1004711,,-1,-1,-1,-1,{},,,,,,-1,-1,-1,,,,,,,,,,,-1,0,,-1,,-1,0,-1,,[0],[0],{0:0},-1,{1:BuffUpgradeData},[],
1004712,,48,-1,-1,-1,{48:0},6|1500,,,,,-1,-1,-1,,,,,,,,,,,-1,0,,3,,1,0,-1,,[0],[0],{0:0},-1,{1:BuffUpgradeData},[],
1004713,,48,-1,-1,-1,{48:0},6|1500,,,,,-1,-1,-1,,,,,,,,,,,-1,0,,3,,1,0,-1,,[0],[0],{0:0},-1,{1:BuffUpgradeData},[],
1004714,,48,-1,-1,-1,{48:0},6|1500,,,,,-1,-1,-1,,,,,,,,,,,-1,0,,3,,1,0,-1,,[0],[0],{0:0},-1,{1:BuffUpgradeData},[],
1004721,,5,-1,-1,-1,{5:0},30019|1|3000|3000|4|100|30019101|0|1|0,,,,,-1,1,-1,,[1],0|0|200|200|0|0|0|0|0|0,,,,,,,,-1,0,,3,,2,0,-1,,[2],[2],{2:0},-1,{1:BuffUpgradeData},[],
1004722,,5,-1,-1,-1,{5:0},30019|1|4000|4000|4|100|30019101|0|2|0,,,,,-1,1,-1,,[1],0|0|200|200|0|0|0|0|0|0,,,,,,,,-1,0,,3,,2,0,-1,,[2],[2],{2:0},-1,{1:BuffUpgradeData},[],
1004723,,5,-1,-1,-1,{5:0},30019|1|5000|5000|4|100|30019101|0|3|0,,,,,-1,1,-1,,[1],0|0|200|200|0|0|0|0|0|0,,,,,,,,-1,0,,3,,2,0,-1,,[2],[2],{2:0},-1,{1:BuffUpgradeData},[],
1004724,,5,-1,-1,-1,{5:0},30020|1|6000|6000|4|100|30019101|0|4|0,,,,,-1,1,-1,,[1],0|0|200|200|0|0|0|0|0|0,,,,,,,,-1,0,,3,,2,0,-1,,[2],[2],{2:0},-1,{1:BuffUpgradeData},[],
1004730,,42,-1,-1,-1,{42:0},1,,,,,-1,1,-1,,[1],,,,,,,,,-1,0,,-1,,-1,0,-1,,[0],[0],{0:0},-1,{1:BuffUpgradeData},[],
1004731,,48,-1,-1,-1,{48:0},81|3500,,,,,-1,-1,-1,,,0|200,,,,,,,,-1,0,,-1,,-1,0,-1,,[0],[0],{0:0},-1,{1:BuffUpgradeData},[],
1004732,,48,48,-1,-1,{48:1},81|3500,73|2000,,,,-1,-1,-1,,,0|200,,,,,,,,-1,0,,-1,,-1,0,-1,,[0],[0],{0:0},-1,{1:BuffUpgradeData},[],
1004733,,48,48,-1,-1,{48:1},81|3500,73|2000,,,,-1,-1,-1,,,0|200,,,,,,,,-1,0,,-1,,-1,0,-1,,[0],[0],{0:0},-1,{1:BuffUpgradeData},[],
1004734,,48,48,-1,-1,{48:1},81|3500,73|2000,,,,-1,-1,-1,,,0|200,,,,,,,,-1,0,,-1,,-1,0,-1,,[0],[0],{0:0},-1,{1:BuffUpgradeData},[],
1004735,,10,-1,-1,-1,{10:0},3,,,,,-1,1,-1,,[1],,,,,,,,,-1,0,,-1,,-1,0,-1,,[0],[0],{0:0},-1,{1:BuffUpgradeData},[],
1004741,,54,15,-1,-1,{54:0|15:1},6001|5000,10|0|0|71|0|10000|10000|0,,,,-1,-1,-1,,,0|1000,0|0|0|0|0|1000|1000|0,,,,,,,-1,0,,-1,,-1,0,-1,,[0],[0],{0:0},-1,{1:BuffUpgradeData},[],
1004742,,54,15,48,-1,{54:0|15:1|48:2},6001|5000,10|0|0|71|0|10000|10000|0,77|2500,,,-1,-1,-1,,,0|1000,0|0|0|0|0|1000|1000|0,,,,,,,-1,0,,-1,,-1,0,-1,,[0],[0],{0:0},-1,{1:BuffUpgradeData},[],
1004743,,54,15,48,-1,{54:0|15:1|48:2},"6001|5000,6002|2500",10|0|0|71|0|10000|10000|0,77|2500,,,-1,-1,-1,,,"0|1000,0|0",0|0|0|0|0|1000|1000|0,,,,,,,-1,0,,-1,,-1,0,-1,,[0],[0],{0:0},-1,{1:BuffUpgradeData},[],
1004744,,54,15,48,-1,{54:0|15:1|48:2},"6001|5000,6002|2500,6003|2000",10|0|0|71|0|10000|10000|0,77|2500,,,-1,-1,-1,,,"0|1000,0|0,0|0",0|0|0|0|0|1000|1000|0,,,,,,,-1,0,,-1,,-1,0,-1,,[0],[0],{0:0},-1,{1:BuffUpgradeData},[],
1004751,,15,15,-1,-1,{15:1},6|2|1|103|0|150|900|0,6|2|1|15|0|150|900|0,,,,-1,1,-1,,[1],,,,,,,,,-1,0,,-1,,-1,0,-1,,[0],[0],{0:0},-1,{1:BuffUpgradeData},[],
1004752,,15,15,-1,-1,{15:1},6|2|1|103|0|150|900|0,6|2|1|15|0|150|900|0,,,,-1,1,-1,,[1],,,,,,,,,-1,0,,-1,,-1,0,-1,,[0],[0],{0:0},-1,{1:BuffUpgradeData},[],
1004753,,15,15,-1,-1,{15:1},6|2|1|103|0|150|900|0,6|2|1|15|0|150|900|0,,,,-1,1,-1,,[1],,,,,,,,,-1,0,,-1,,-1,0,-1,,[0],[0],{0:0},-1,{1:BuffUpgradeData},[],
1004754,,15,15,-1,-1,{15:1},6|2|1|103|0|150|900|0,6|2|1|15|0|150|900|0,,,,-1,1,-1,,[1],,,,,,,,,-1,0,,-1,,-1,0,-1,,[0],[0],{0:0},-1,{1:BuffUpgradeData},[],
1004761,,48,-1,-1,-1,{48:0},4103|1000,,,,,-1,1,-1,,[1],,,,,,,,,-1,0,,-1,,-1,0,-1,,[0],[0],{0:0},-1,{1:BuffUpgradeData},[],
1004762,,-1,-1,-1,-1,{},,,,,,-1,1,-1,,[1],,,,,,,[10047802],,-1,0,,-1,,-1,0,-1,,[0],[0],{0:0},-1,{1:BuffUpgradeData},[],
1004763,,19,-1,-1,-1,{19:0},10047,,,,,-1,1,-1,,[1],,,,,,,[10047802],,-1,0,,-1,,-1,0,-1,,[0],[0],{0:0},-1,{1:BuffUpgradeData},[],
1004800,stun,3,-1,-1,-1,{3:0},,,,,,-1,-1,-1,,,,,,,,,[100001],,-1,0,,-1,,-1,0,-1,,[1|3],[1|3],{1:0|3:1},-1,{1:BuffUpgradeData},[],
1004801,,30,-1,-1,-1,{30:0},3000,,,,,-1,-1,-1,,,,,,,,,,,-1,0,,-1,,-1,0,-1,,[0|30],[0|30],{0:0|30:1},-1,{1:BuffUpgradeData},[],
1004802,,30,-1,-1,-1,{30:0},4500,,,,,-1,-1,-1,,,,,,,,,,,-1,0,,-1,,-1,0,-1,,[0|30],[0|30],{0:0|30:1},-1,{1:BuffUpgradeData},[],
1004803,,30,-1,-1,-1,{30:0},4500,,,,,-1,-1,-1,,,,,,,,,,,-1,0,,-1,,-1,0,-1,,[0|30],[0|30],{0:0|30:1},-1,{1:BuffUpgradeData},[],
1004804,,30,-1,-1,-1,{30:0},4500,,,,,-1,-1,-1,,,,,,,,,,,-1,0,,-1,,-1,0,-1,,[0|30],[0|30],{0:0|30:1},-1,{1:BuffUpgradeData},[],
1004810,,6,-1,-1,-1,{6:0},1|1004801|-2600,,,,,-1,-1,-1,,[1],,,,,,,,,-1,0,,-1,,-1,0,-1,,[2],[2],{2:0},-1,{1:BuffUpgradeData},[],
1004811,,9,-1,-1,-1,{9:0},1|1|4|1000|6000,,,,,-1,-1,-1,,,0|0|0|100|0,,,,,,[1004811],,-1,0,,-1,,-1,0,-1,,[0|4],[0|4],{0:0|4:1},-1,{1:BuffUpgradeData},[],
1004812,,9,-1,-1,-1,{9:0},1|1|4|1500|6000,,,,,-1,-1,-1,,,0|0|0|100|0,,,,,,[1004811],,-1,0,,-1,,-1,0,-1,,[0|4],[0|4],{0:0|4:1},-1,{1:BuffUpgradeData},[],
1004813,,9,-1,-1,-1,{9:0},1|1|4|2000|6000,,,,,-1,-1,-1,,,0|0|0|100|0,,,,,,[1004811],,-1,0,,-1,,-1,0,-1,,[0|4],[0|4],{0:0|4:1},-1,{1:BuffUpgradeData},[],
1004814,,9,-1,-1,-1,{9:0},1|1|4|2500|6000,,,,,-1,-1,-1,,,0|0|0|100|0,,,,,,[1004811],,-1,0,,-1,,-1,0,-1,,[0|4],[0|4],{0:0|4:1},-1,{1:BuffUpgradeData},[],
1004815,,9,-1,-1,-1,{9:0},1|1|4|1000|6000,,,,,-1,-1,-1,,,0|0|0|100|0,,,,,,[1004815],,-1,0,,-1,,-1,0,-1,,[0|4],[0|4],{0:0|4:1},-1,{1:BuffUpgradeData},[],
1004816,,9,-1,-1,-1,{9:0},1|1|4|1500|6000,,,,,-1,-1,-1,,,0|0|0|100|0,,,,,,[1004815],,-1,0,,-1,,-1,0,-1,,[0|4],[0|4],{0:0|4:1},-1,{1:BuffUpgradeData},[],
1004817,,9,-1,-1,-1,{9:0},1|1|4|2000|6000,,,,,-1,-1,-1,,,0|0|0|100|0,,,,,,[1004815],,-1,0,,-1,,-1,0,-1,,[0|4],[0|4],{0:0|4:1},-1,{1:BuffUpgradeData},[],
1004818,,9,-1,-1,-1,{9:0},1|1|4|2500|6000,,,,,-1,-1,-1,,,0|0|0|100|0,,,,,,[1004815],,-1,0,,-1,,-1,0,-1,,[0|4],[0|4],{0:0|4:1},-1,{1:BuffUpgradeData},[],
1004821,stun,3,-1,-1,-1,{3:0},,,,,,-1,-1,-1,,,,,,,,,[100001],,-1,0,,-1,,-1,0,-1,,[1|3],[1|3],{1:0|3:1},-1,{1:BuffUpgradeData},[],
1004822,,62,-1,-1,-1,{62:0},,,,,,-1,-1,-1,,[1],,,,,,,[1004821],,-1,0,,-1,,-1,0,-1,,[2],[2],{2:0},-1,{1:BuffUpgradeData},[],
1004823,,62,30,-1,-1,{62:0|30:1},,-1200,,,,-1,-1,-1,,[1],,,,,,,[1004821],,-1,0,,-1,,-1,0,-1,,[2],[2],{2:0},-1,{1:BuffUpgradeData},[],
1004824,stun,3,7,-1,-1,{3:0|7:1},,4|0,,,,-1,-1,-1,,,,,,,,,[100001],,-1,0,,-1,,-1,0,-1,,[1|3],[1|3],{1:0|3:1},-1,{1:BuffUpgradeData},[],
1004831,,1,7,30,-1,{1:0|7:1|30:2},2|3|8000,301|1,1000,,,-1,-1,-1,,,0|0|500,,,,,,[1004831],,-1,0,,-1,,-1,0,-1,,[0],[0],{0:0},1000,{1:BuffUpgradeData},[],
1004832,,1,7,30,-1,{1:0|7:1|30:2},2|3|9500,301|1,1000,,,-1,-1,-1,,,0|0|500,,,,,,[1004831],,-1,0,,-1,,-1,0,-1,,[0],[0],{0:0},1000,{1:BuffUpgradeData},[],
1004833,,1,7,30,-1,{1:0|7:1|30:2},2|3|11000,301|1,1000,,,-1,-1,-1,,,0|0|500,,,,,,[1004831],,-1,0,,-1,,-1,0,-1,,[0],[0],{0:0},1000,{1:BuffUpgradeData},[],
1004834,,1,7,30,-1,{1:0|7:1|30:2},2|3|12500,301|1,1000,,,-1,-1,-1,,,0|0|500,,,,,,[1004831],,-1,0,,-1,,-1,0,-1,,[0],[0],{0:0},1000,{1:BuffUpgradeData},[],
1004835,,1,-1,-1,-1,{1:0},2|3|12500,,,,,-1,-1,-1,,,0|0|500,,,,,,[1004831],,-1,0,,-1,,-1,0,-1,,[0],[0],{0:0},1000,{1:BuffUpgradeData},[],
1004840,,-1,-1,-1,-1,{},,,,,,-1,-1,-1,,[1],,,,,,,,,-1,0,,-1,,-1,0,-1,,[2|1004840],[2|1004840],{2:0|1004840:1},-1,{1:BuffUpgradeData},[],
1004841,,30,-1,-1,-1,{30:0},750,,,,,-1,-1,-1,,[1],50,,,,,,[1004841],,-1,0,,-1,,-1,0,-1,,[0|1004841],[0|1004841],{0:0|1004841:1},-1,{1:BuffUpgradeData},[],
1004842,,30,-1,-1,-1,{30:0},1050,,,,,-1,-1,-1,,[1],50,,,,,,[1004841],,-1,0,,-1,,-1,0,-1,,[0|1004841],[0|1004841],{0:0|1004841:1},-1,{1:BuffUpgradeData},[],
1004843,,30,-1,-1,-1,{30:0},1350,,,,,-1,-1,-1,,[1],50,,,,,,[1004841],,-1,0,,-1,,-1,0,-1,,[0|1004841],[0|1004841],{0:0|1004841:1},-1,{1:BuffUpgradeData},[],
1004844,,30,-1,-1,-1,{30:0},1650,,,,,-1,-1,-1,,[1],50,,,,,,[1004841],,-1,0,,-1,,-1,0,-1,,[0|1004841],[0|1004841],{0:0|1004841:1},-1,{1:BuffUpgradeData},[],
1004845,,30,-1,-1,-1,{30:0},200,,,,[1|1004840],-1,-1,-1,,[1],15,,,,,,,,-1,0,,-1,,-1,0,-1,,[0|1004841],[0|1004841],{0:0|1004841:1},-1,{1:BuffUpgradeData},[],
1004846,,30,-1,-1,-1,{30:0},275,,,,[1|1004840],-1,-1,-1,,[1],15,,,,,,,,-1,0,,-1,,-1,0,-1,,[0|1004841],[0|1004841],{0:0|1004841:1},-1,{1:BuffUpgradeData},[],
1004847,,30,-1,-1,-1,{30:0},350,,,,[1|1004840],-1,-1,-1,,[1],15,,,,,,,,-1,0,,-1,,-1,0,-1,,[0|1004841],[0|1004841],{0:0|1004841:1},-1,{1:BuffUpgradeData},[],
1004848,,30,-1,-1,-1,{30:0},450,,,,[1|1004840],-1,-1,-1,,[1],15,,,,,,,,-1,0,,-1,,-1,0,-1,,[0|1004841],[0|1004841],{0:0|1004841:1},-1,{1:BuffUpgradeData},[],
1004849,,10,30,-1,-1,{10:0|30:1},3|7|8|9|12|15|16|17|18|204,10000,,,[1|1004841],-1,-1,-1,,[1],,,,,,,,,-1,0,,-1,,-1,0,-1,,[0],[0],{0:0},-1,{1:BuffUpgradeData},[],
1004851,,48,-1,-1,-1,{48:0},104|300,,,,,-1,-1,-1,,[1],,,,,,,,,-1,0,,-1,,-1,0,-1,,[0],[0],{0:0},-1,{1:BuffUpgradeData},[],
1004852,,48,-1,-1,-1,{48:0},104|600,,,,,-1,-1,-1,,[1],,,,,,,,,-1,0,,-1,,-1,0,-1,,[0],[0],{0:0},-1,{1:BuffUpgradeData},[],
1004853,,48,-1,-1,-1,{48:0},104|900,,,,,-1,-1,-1,,[1],,,,,,,,,-1,0,,-1,,-1,0,-1,,[0],[0],{0:0},-1,{1:BuffUpgradeData},[],
1004854,,48,-1,-1,-1,{48:0},104|1200,,,,,-1,-1,-1,,[1],,,,,,,,,-1,0,,-1,,-1,0,-1,,[0],[0],{0:0},-1,{1:BuffUpgradeData},[],
1004855,,48,-1,-1,-1,{48:0},104|1500,,,,,-1,-1,-1,,[1],,,,,,,,,-1,0,,-1,,-1,0,-1,,[0],[0],{0:0},-1,{1:BuffUpgradeData},[],
1004856,,48,-1,-1,-1,{48:0},104|1800,,,,,-1,-1,-1,,[1],,,,,,,,,-1,0,,-1,,-1,0,-1,,[0],[0],{0:0},-1,{1:BuffUpgradeData},[],
1004861,,9,-1,-1,-1,{9:0},1|1|4|300|6000,,,,,-1,-1,-1,,,,,,,,,[1004861],,-1,0,,-1,,-1,0,-1,,[0|4],[0|4],{0:0|4:1},-1,{1:BuffUpgradeData},[],
1004862,,9,-1,-1,-1,{9:0},1|1|4|600|6000,,,,,-1,-1,-1,,,,,,,,,[1004861],,-1,0,,-1,,-1,0,-1,,[0|4],[0|4],{0:0|4:1},-1,{1:BuffUpgradeData},[],
1004863,,9,-1,-1,-1,{9:0},1|1|4|900|6000,,,,,-1,-1,-1,,,,,,,,,[1004861],,-1,0,,-1,,-1,0,-1,,[0|4],[0|4],{0:0|4:1},-1,{1:BuffUpgradeData},[],
1004864,,9,-1,-1,-1,{9:0},1|1|4|1200|6000,,,,,-1,-1,-1,,,,,,,,,[1004861],,-1,0,,-1,,-1,0,-1,,[0|4],[0|4],{0:0|4:1},-1,{1:BuffUpgradeData},[],
1004865,,9,-1,-1,-1,{9:0},1|1|4|1500|6000,,,,,-1,-1,-1,,,,,,,,,[1004861],,-1,0,,-1,,-1,0,-1,,[0|4],[0|4],{0:0|4:1},-1,{1:BuffUpgradeData},[],
1004866,,9,-1,-1,-1,{9:0},1|1|4|1800|6000,,,,,-1,-1,-1,,,,,,,,,[1004861],,-1,0,,-1,,-1,0,-1,,[0|4],[0|4],{0:0|4:1},-1,{1:BuffUpgradeData},[],
1004871,,20,-1,-1,-1,{20:0},1|10|1004879,,,,,-1,-1,-1,,[2|1004871],,,,,,,,,-1,0,,10,,1,0,-1,,[2|10048],[2|10048],{2:0|10048:1},-1,{1:BuffUpgradeData},[],
1004872,,20,20,-1,-1,{20:1},1|10|1004883,1|10|1004880,,,,-1,-1,-1,,[2|1004871],,,,,,,,,-1,0,,10,,1,0,-1,,[2|10048],[2|10048],{2:0|10048:1},-1,{1:BuffUpgradeData},[],
1004873,,20,20,23,-1,{20:1|23:2},1|10|1004884,1|10|1004881,0|10048805|2|1500|6|0|0|0,,,-1,-1,-1,,[2|1004871],,,,,,,,,-1,0,,10,,1,0,-1,,[2|10048],[2|10048],{2:0|10048:1},-1,{1:BuffUpgradeData},[],
1004874,,-1,-1,-1,-1,{},,,,,,-1,1,-1,,[1],,,,,,,[10048802],,-1,0,,-1,,-1,0,-1,,[0],[0],{0:0},-1,{1:BuffUpgradeData},[],
1004875,,48,-1,-1,-1,{48:0},104|2000,,,,,-1,1,-1,,[1],,,,,,,,,-1,0,,-1,,-1,0,-1,,[0],[0],{0:0},-1,{1:BuffUpgradeData},[],
1004876,,48,-1,-1,-1,{48:0},"4103|500,4104|1000",,,,,-1,1,-1,,[1],,,,,,,,,-1,0,,-1,,-1,0,-1,,[0],[0],{0:0},-1,{1:BuffUpgradeData},[],
1004877,,14,-1,-1,-1,{14:0},10048801|3|1,,,,,-1,-1,-1,,[2|1004882],,,,,,,,,-1,0,,-1,,-1,0,-1,,[2|1004877],[2|1004877],{2:0|1004877:1},-1,{1:BuffUpgradeData},[],
1004878,,14,-1,-1,-1,{14:0},10048801|5|1,,,,,-1,-1,-1,,[2|1004882],,,,,,,,,-1,0,,-1,,-1,0,-1,,[2|1004877],[2|1004877],{2:0|1004877:1},-1,{1:BuffUpgradeData},[],
1004879,,43,7,-1,-1,{43:0|7:1},-1500,10048|0,,,,-1,-1,-1,,,,,,,,,,,-1,0,,-1,,-1,0,-1,,[2|1004871|301],[2|1004871|301],{2:0|1004871:1|301:2},-1,{1:BuffUpgradeData},[],
1004880,,43,7,-1,-1,{43:0|7:1},-1500,10048|0,,,,-1,-1,-1,,,,,,,,,,,-1,0,,-1,,-1,0,-1,,[2|1004871|301],[2|1004871|301],{2:0|1004871:1|301:2},-1,{1:BuffUpgradeData},[],
1004881,,43,7,-1,-1,{43:0|7:1},-1500,10048|0,,,,-1,-1,-1,,,,,,,,,,,-1,0,,-1,,-1,0,-1,,[2|1004871|301],[2|1004871|301],{2:0|1004871:1|301:2},-1,{1:BuffUpgradeData},[],
1004882,,7,-1,-1,-1,{7:0},1004877|0,,,,,-1,-1,-1,,[1],,,,,,,,,-1,0,,-1,,-1,0,-1,,[2|1004882],[2|1004882],{2:0|1004882:1},-1,{1:BuffUpgradeData},[],
1004883,,19,-1,-1,-1,{19:0},1|2,,,,,-1,-1,-1,,,,,,,,,[100008],,-1,0,,-1,,-1,0,-1,,[1|5|301],[1|5|301],{1:0|5:1|301:2},-1,{1:BuffUpgradeData},[],
1004884,stun,3,-1,-1,-1,{3:0},,,,,,-1,-1,-1,,,,,,,,,[100001],,-1,0,,-1,,-1,0,-1,,[1|3],[1|3],{1:0|3:1},-1,{1:BuffUpgradeData},[],
1004890,,-1,-1,-1,-1,{},,,,,,-1,1,-1,,[1],,,,,,,[1004891],,-1,0,,-1,,-1,0,-1,,[302],[302],{302:0},-1,{1:BuffUpgradeData},[],
1004891,,-1,-1,-1,-1,{},,,,,,-1,1,-1,,[1],,,,,,,[1004892],,-1,0,,-1,,-1,0,-1,,[302],[302],{302:0},-1,{1:BuffUpgradeData},[],
1004892,,-1,-1,-1,-1,{},,,,,,-1,1,-1,,[1],,,,,,,[1004893],,-1,0,,-1,,-1,0,-1,,[302],[302],{302:0},-1,{1:BuffUpgradeData},[],
1004893,,48,-1,-1,-1,{48:0},104|2000,,,,,-1,1,-1,,[1],,,,,,,,,-1,0,,-1,,-1,0,-1,,[0],[0],{0:0},-1,{1:BuffUpgradeData},[],
1004894,,48,-1,-1,-1,{48:0},"4104|1500,4011|1000",,,,,-1,1,-1,,[1],,,,,,,,,-1,0,,-1,,-1,0,-1,,[0],[0],{0:0},-1,{1:BuffUpgradeData},[],
1004895,,9,-1,-1,-1,{9:0},1|1|4|1500|4000,,,,,-1,1,-1,,[1],,,,,,,[1004897],,-1,0,,-1,,-1,0,-1,,[0],[0],{0:0},-1,{1:BuffUpgradeData},[],
1004896,,9,48,-1,-1,{9:0|48:1},1|1|4|2250|4000,71|500,,,,-1,1,-1,,[1],,,,,,,[1004897],,-1,0,,-1,,-1,0,-1,,[0],[0],{0:0},-1,{1:BuffUpgradeData},[],
1004897,,9,48,-1,-1,{9:0|48:1},1|1|4|3000|6000,71|1000,,,,-1,1,-1,,[1],,,,,,,[1004897],,-1,0,,-1,,-1,0,-1,,[0],[0],{0:0},-1,{1:BuffUpgradeData},[],
1004898,,9,-1,-1,-1,{9:0},1|1|4|2250|4000,,,,,-1,1,-1,,[1],,,,,,,[1004897],,-1,0,,-1,,-1,0,-1,,[0],[0],{0:0},-1,{1:BuffUpgradeData},[],
1004899,,9,48,-1,-1,{9:0|48:1},1|1|4|3375|4000,71|500,,,,-1,1,-1,,[1],,,,,,,[1004897],,-1,0,,-1,,-1,0,-1,,[0],[0],{0:0},-1,{1:BuffUpgradeData},[],
10048100,,9,48,-1,-1,{9:0|48:1},1|1|4|4500|6000,71|1000,,,,-1,1,-1,,[1],,,,,,,[1004897],,-1,0,,-1,,-1,0,-1,,[0],[0],{0:0},-1,{1:BuffUpgradeData},[],
10048101,,-1,-1,-1,-1,{},,,,,,-1,1,-1,,[1],,,,,,,[1004898],,-1,0,,-1,,-1,0,-1,,[2],[2],{2:0},-1,{1:BuffUpgradeData},[],
10048102,,-1,-1,-1,-1,{},,,,,,-1,1,-1,,[1],,,,,,,[1004899],,-1,0,,-1,,-1,0,-1,,[2],[2],{2:0},-1,{1:BuffUpgradeData},[],
10048103,,-1,-1,-1,-1,{},,,,,,-1,1,-1,,[1],,,,,,,[10048100],,-1,0,,-1,,-1,0,-1,,[2],[2],{2:0},-1,{1:BuffUpgradeData},[],
1004901,,9,30,-1,-1,{9:0|30:1},1|1|4|1500|5000,3500,,,,-1,-1,-1,,,0|0|0|100|0,,,,,,[1004901],,-1,0,,-1,,-1,0,-1,,[0|4],[0|4],{0:0|4:1},-1,{1:BuffUpgradeData},[],
1004902,,9,30,-1,-1,{9:0|30:1},1|1|4|2000|5000,3500,,,,-1,-1,-1,,,0|0|0|100|0,,,,,,[1004901],,-1,0,,-1,,-1,0,-1,,[0|4],[0|4],{0:0|4:1},-1,{1:BuffUpgradeData},[],
1004903,,9,30,-1,-1,{9:0|30:1},1|1|4|2500|5000,3500,,,,-1,-1,-1,,,0|0|0|100|0,,,,,,[1004901],,-1,0,,-1,,-1,0,-1,,[0|4],[0|4],{0:0|4:1},-1,{1:BuffUpgradeData},[],
1004904,,9,30,23,-1,{9:0|30:1|23:2},1|1|4|3500|5000,3500,0|10049133|1|500|2|0|0|0|0,,,-1,-1,-1,,,0|0|0|100|0,,,,,,[1004901],,-1,0,,-1,,-1,0,-1,,[0|4],[0|4],{0:0|4:1},-1,{1:BuffUpgradeData},[],
1004905,,19,48,-1,-1,{19:0|48:1},1|2,5|-1000,,,,-1,-1,-1,,,,,,,,,[1004902],,-1,0,,-1,,-1,0,-1,,[1|5|301],[1|5|301],{1:0|5:1|301:2},-1,{1:BuffUpgradeData},[],
1004906,,6,-1,-1,-1,{6:0},0|1004901|1000,,,,,-1,-1,-1,,,,,,,,,,,-1,0,,-1,,-1,0,-1,,[2],[2],{2:0},-1,{1:BuffUpgradeData},[],
1004911,stun,3,-1,-1,-1,{3:0},,,,,,-1,-1,-1,,,,,,,,,[100001],,-1,0,,-1,,-1,0,-1,,[1|3],[1|3],{1:0|3:1},-1,{1:BuffUpgradeData},[],
1004912,,48,-1,-1,-1,{48:0},11|4000,,,,,-1,-1,-1,,,,,,,,,,,-1,0,,-1,,-1,0,-1,,[0],[0],{0:0},-1,{1:BuffUpgradeData},[],
1004913,,47,-1,-1,-1,{47:0},"1,10049002|500|3|-1|1|1|1,10049003|350|3|-1|1|1|1,10049004|350|3|-1|1|1|1",,,,,-1,-1,-1,,[1],,,,,,,,,-1,0,,-1,,-1,0,-1,,[2],[2],{2:0},-1,{1:BuffUpgradeData},[],
1004920,,65,-1,-1,-1,{65:0},"1|2,0|1|1004925|1004926|1004929|1004930",,,,,-1,-1,-1,,[1],,,,,,,,,-1,0,,-1,,-1,0,-1,,[0],[0],{0:0},100,{1:BuffUpgradeData},[],
1004921,,10,48,14,-1,{10:0|48:1|14:2},3|5|7|8|9|12|13|15|16|17|18|204,"104|5000,6|5000,103|3500",10049002|1,,,-1,-1,-1,,[1],,"0|200,0|0,0|0",,,,,,,-1,0,,-1,,-1,0,-1,,[2],[2],{2:0},200,{1:BuffUpgradeData},[],
1004922,,10,48,14,65,{10:0|48:1|14:2|65:3},3|5|7|8|9|12|13|15|16|17|18|204,"104|5600,6|5000,103|3500","10049002|1,10049003|1","1|10049,0|2",,-1,-1,-1,,[1],,"0|200,0|0,0|0",,,,,,,-1,0,,-1,,-1,0,-1,,[2],[2],{2:0},200,{1:BuffUpgradeData},[],
1004923,,10,48,14,65,{10:0|48:1|14:2|65:3},3|5|7|8|9|12|13|15|16|17|18|204,"104|6200,6|5000,103|3500","10049002|1,10049003|1","1|1,0|2",,-1,-1,-1,,[1],,"0|200,0|0,0|0",,,,,,,-1,0,,-1,,-1,0,-1,,[2],[2],{2:0},200,{1:BuffUpgradeData},[],
1004924,,10,48,14,65,{10:0|48:1|14:2|65:3},3|5|7|8|9|12|13|15|16|17|18|204,"104|6600,6|5000,103|3500","10049002|1,10049003|1,10049004|1","1|1,0|2",,-1,-1,-1,,[1],,"0|200,0|0,0|0",,,,,,,-1,0,,-1,,-1,0,-1,,[2],[2],{2:0},200,{1:BuffUpgradeData},[],
1004925,,7,7,7,7,{7:3},3|0,7|0,8|0,9|0,,-1,-1,-1,,[1],,,,,,,,,-1,0,,-1,,-1,0,-1,,[3],[3],{3:0},-1,{1:BuffUpgradeData},[],
1004926,,7,7,7,7,{7:3},12|0,13|0,15|0,204|0,,-1,-1,-1,,[1],,,,,,,,,-1,0,,-1,,-1,0,-1,,[3],[3],{3:0},-1,{1:BuffUpgradeData},[],
1004927,stun,3,-1,-1,-1,{3:0},,,,,,-1,-1,-1,,,,,,,,,[100001],,-1,0,,-1,,-1,0,-1,,[1|3],[1|3],{1:0|3:1},-1,{1:BuffUpgradeData},[],
1004928,,22,19,16,-1,{22:0|19:1|16:2},"1|106,4|107,14|108,15|109",1,3000,,,-1,-1,-1,,[1],,,,,,,,,-1,0,,-1,,-1,0,-1,,[2],[2],{2:0},-1,{1:BuffUpgradeData},[],
1004929,,7,-1,-1,-1,{7:0},5|0,,,,,-1,-1,-1,,[1],,,,,,,,,-1,0,,-1,,-1,0,-1,,[3],[3],{3:0},-1,{1:BuffUpgradeData},[],
1004930,,10,-1,-1,-1,{10:0},3|5|7|8|9|12|13|15|16|17|18|204,,,,,-1,-1,-1,,[1],,,,,,,,,-1,0,,-1,,-1,0,-1,,[3],[3],{3:0},-1,{1:BuffUpgradeData},[],
1004931,,1,-1,-1,-1,{1:0},1|3|-1200,,,,,-1,-1,-1,,,0|0|-50,,,,,,[100003],,-1,0,,20,,1,0,-1,,[1|201|301],[1|201|301],{1:0|201:1|301:2},1000,{1:BuffUpgradeData},[],
1004932,,1,-1,-1,-1,{1:0},1|3|-1550,,,,,-1,-1,-1,,,0|0|-50,,,,,,[100003],,-1,0,,20,,1,0,-1,,[1|201|301],[1|201|301],{1:0|201:1|301:2},1000,{1:BuffUpgradeData},[],
1004933,,1,-1,-1,-1,{1:0},1|3|-1900,,,,,-1,-1,-1,,,0|0|-50,,,,,,[100003],,-1,0,,20,,1,0,-1,,[1|201|301],[1|201|301],{1:0|201:1|301:2},1000,{1:BuffUpgradeData},[],
1004934,,1,-1,-1,-1,{1:0},1|3|-2250,,,,,-1,-1,-1,,,0|0|-50,,,,,,[100003],,-1,0,,20,,1,0,-1,,[1|201|301],[1|201|301],{1:0|201:1|301:2},1000,{1:BuffUpgradeData},[],
1004935,,-1,-1,-1,-1,{},,,,,,-1,-1,-1,,[1],,,,,,,[1004903],,-1,0,,-1,,-1,0,-1,,[2],[2],{2:0},-1,{1:BuffUpgradeData},[],
1004936,,48,30,-1,-1,{48:0|30:1},71|100,100,,,,-1,-1,-1,,,,,,,,,,,-1,0,,20,,1,0,-1,,[0],[0],{0:0},-1,{1:BuffUpgradeData},[],
1004937,,-1,-1,-1,-1,{},,,,,,-1,-1,-1,,[1],,,,,,,,,-1,0,,-1,,-1,0,-1,,[2|10049],[2|10049],{2:0|10049:1},-1,{1:BuffUpgradeData},[],
1004941,,66,-1,-1,-1,{66:0},3000|4|3000|1|1|1004945,,,,,-1,-1,-1,,[1],0|0|-100|0|0|0,,,,,,,,-1,0,,-1,,-1,0,-1,,[2],[2],{2:0},-1,{1:BuffUpgradeData},[],
1004942,,66,-1,-1,-1,{66:0},3000|4|3000|1|1|1004945,,,,,-1,-1,-1,,[1],0|0|-100|0|0|0,,,,,,,,-1,0,,-1,,-1,0,-1,,[2],[2],{2:0},-1,{1:BuffUpgradeData},[],
1004943,,66,-1,-1,-1,{66:0},3000|4|3000|1|1|1004945,,,,,-1,-1,-1,,[1],0|0|-100|0|0|0,,,,,,,,-1,0,,-1,,-1,0,-1,,[2],[2],{2:0},-1,{1:BuffUpgradeData},[],
1004944,,66,-1,-1,-1,{66:0},3000|4|3000|1|1|1004946,,,,,-1,-1,-1,,[1],0|0|-100|0|0|0,,,,,,,,-1,0,,-1,,-1,0,-1,,[2],[2],{2:0},-1,{1:BuffUpgradeData},[],
1004945,,48,-1,-1,-1,{48:0},13|10000,,,,,-1,-1,-1,,,,,,,,,,,-1,0,,-1,,-1,0,-1,,[0],[0],{0:0},-1,{1:BuffUpgradeData},[],
1004946,,48,-1,-1,-1,{48:0},104|800,,,,,-1,-1,-1,,,,,,,,,,,-1,0,,-1,,-1,0,-1,,[0],[0],{0:0},-1,{1:BuffUpgradeData},[],
1004951,,10,-1,-1,-1,{10:0},12|201,,,,,-1,-1,-1,,[1],,,,,,,,,-1,0,,-1,,-1,0,-1,,[0],[0],{0:0},-1,{1:BuffUpgradeData},[],
1004952,,48,-1,-1,-1,{48:0},71|1200,,,,,-1,-1,-1,,[1],,,,,,,,,-1,0,,-1,,-1,0,-1,,[0],[0],{0:0},-1,{1:BuffUpgradeData},[],
1004953,,48,-1,-1,-1,{48:0},71|600,,,,,-1,-1,-1,,[1],,,,,,,,,-1,0,,-1,,-1,0,-1,,[0],[0],{0:0},-1,{1:BuffUpgradeData},[],
1004961,,20,-1,-1,-1,{20:0},1|3|1004967|0,,,,,-1,-1,-1,,[2|1004902],,,,,,,,,-1,0,,3,,1,0,-1,,[2|1004901],[2|1004901],{2:0|1004901:1},-1,{1:BuffUpgradeData},[],
1004962,,20,-1,-1,-1,{20:0},1|3|1004968|0,,,,,-1,-1,-1,,[2|1004902],,,,,,,,,-1,0,,3,,1,0,-1,,[2|1004901],[2|1004901],{2:0|1004901:1},-1,{1:BuffUpgradeData},[],
1004963,,20,-1,-1,-1,{20:0},1|3|1004969|0,,,,,-1,-1,-1,,[2|1004902],,,,,,,,,-1,0,,3,,1,0,-1,,[2|1004901],[2|1004901],{2:0|1004901:1},-1,{1:BuffUpgradeData},[],
1004964,,-1,-1,-1,-1,{},,,,,,-1,-1,-1,,[1],,,,,,,[10049802],,-1,0,,-1,,-1,0,-1,,[2],[2],{2:0},-1,{1:BuffUpgradeData},[],
1004965,,48,-1,-1,-1,{48:0},5103|1000,,,,,-1,-1,-1,,[1],,,,,,,,,-1,0,,-1,,-1,0,-1,,[0],[0],{0:0},-1,{1:BuffUpgradeData},[],
1004966,,48,-1,-1,-1,{48:0},104|2000,,,,,-1,-1,-1,,[1],,,,,,,,,-1,0,,-1,,-1,0,-1,,[0],[0],{0:0},-1,{1:BuffUpgradeData},[],
1004967,,23,7,-1,-1,{23:0|7:1},0|10049803|0|500|1|0|0|0|1,1004901|0,,,,-1,-1,-1,,[1],,,,,,,,,-1,0,,-1,,-1,0,-1,,[2|1004902],[2|1004902],{2:0|1004902:1},-1,{1:BuffUpgradeData},[],
1004968,,23,7,-1,-1,{23:0|7:1},0|10049813|0|500|1|0|0|0|1,1004901|0,,,,-1,-1,-1,,[1],,,,,,,,,-1,0,,-1,,-1,0,-1,,[2|1004902],[2|1004902],{2:0|1004902:1},-1,{1:BuffUpgradeData},[],
1004969,,23,23,7,-1,{23:1|7:2},0|10049823|0|500|1|0|0|0|1,0|10049833|0|500|1|0|0|0|1,1004901|0,,,-1,-1,-1,,[1],,,,,,,,,-1,0,,-1,,-1,0,-1,,[2|1004902],[2|1004902],{2:0|1004902:1},-1,{1:BuffUpgradeData},[],
1005000,,19,-1,-1,-1,{19:0},1005001,,,,,-1,-1,-1,,[2|1005002],,,,,,,,,-1,0,,-1,,-1,0,-1,,[2|1005001],[2|1005001],{2:0|1005001:1},-1,{1:BuffUpgradeData},[],
1005001,,5,-1,-1,-1,{5:0},30022|1|3000|10000|2|150|30022101|0|1|0,,,,,-1,1,-1,,[1],0|0|800|000|0|0|0|0|0|0,,,,,,,,-1,0,,-1,,-1,0,-1,,[2],[2],{2:0},-1,{1:BuffUpgradeData},[],
1005002,,5,-1,-1,-1,{5:0},30022|1|5000|10000|2|150|30022101|0|2|0,,,,,-1,1,-1,,[1],0|0|800|000|0|0|0|0|0|0,,,,,,,,-1,0,,-1,,-1,0,-1,,[2],[2],{2:0},-1,{1:BuffUpgradeData},[],
1005003,,5,-1,-1,-1,{5:0},30022|1|7000|10000|2|150|30022101|0|3|0,,,,,-1,1,-1,,[1],0|0|800|000|0|0|0|0|0|0,,,,,,,,-1,0,,-1,,-1,0,-1,,[2],[2],{2:0},-1,{1:BuffUpgradeData},[],
1005004,,5,-1,-1,-1,{5:0},30022|1|9000|10000|2|150|30022101|0|4|0,,,,,-1,1,-1,,[1],0|0|800|000|0|0|0|0|0|0,,,,,,,,-1,0,,-1,,-1,0,-1,,[2],[2],{2:0},-1,{1:BuffUpgradeData},[],
1005005,,1,-1,-1,-1,{1:0},1|3|-3000,,,,,-1,-1,-1,,,,,,,,,[100003],,-1,0,,5,,1,0,-1,,[1|201|301],[1|201|301],{1:0|201:1|301:2},1000,{1:BuffUpgradeData},[],
1005006,,48,-1,-1,-1,{48:0},34|-5000,,,,,-1,-1,-1,,,,,,,,,,,-1,0,,-1,,-1,0,-1,,[1|301],[1|301],{1:0|301:1},-1,{1:BuffUpgradeData},[],
1005007,,7,-1,-1,-1,{7:0},1005001|0,,,,,-1,-1,-1,,[1],,,,,,,,,-1,0,,-1,,-1,0,-1,,[2|1005002],[2|1005002],{2:0|1005002:1},-1,{1:BuffUpgradeData},[],
1005008,,11,59,-1,-1,{11:0|59:1},4|1005002,,,,,-1,-1,-1,,[1],,,,,,,,,-1,0,,-1,,-1,0,-1,,[2],[2],{2:0},-1,{1:BuffUpgradeData},[],
1005011,,48,-1,-1,-1,{48:0},"104|500,71|500",,,,,-1,-1,-1,,,"0|50,0|100",,,,,,[1005001],,-1,0,,-1,,-1,0,-1,,[0],[0],{0:0},-1,{1:BuffUpgradeData},[],
1005012,,48,1,-1,-1,{48:0|1:1},"104|1000,71|500",2|4|300,,,,-1,-1,-1,,,"0|50,0|100",,,,,,[1005001],,-1,0,,-1,,-1,0,-1,,[0],[0],{0:0},1000,{1:BuffUpgradeData},[],
1005013,,48,1,-1,-1,{48:0|1:1},"104|1500,71|500",2|4|300,,,,-1,-1,-1,,,"0|50,0|100",,,,,,[1005001],,-1,0,,-1,,-1,0,-1,,[0],[0],{0:0},1000,{1:BuffUpgradeData},[],
1005014,,48,1,-1,-1,{48:0|1:1},"104|2000,71|500",2|4|300,,,,-1,-1,-1,,,"0|50,0|100",,,,,,[1005001],,-1,0,,-1,,-1,0,-1,,[0],[0],{0:0},1000,{1:BuffUpgradeData},[],
1005015,,10,-1,-1,-1,{10:0},"3|7|8|9|13|14|15|17|18|204,1",,,,,-1,-1,-1,,,,,,,,,,,-1,0,,-1,,-1,0,-1,,[0],[0],{0:0},-1,{1:BuffUpgradeData},[],
1005021,,25,-1,-1,-1,{25:0},6011|6008|1000,,,,,-1,-1,-1,,[1],0|0|50,,,,,,[1005003],,-1,0,,-1,,-1,0,-1,,[0],[0],{0:0},-1,{1:BuffUpgradeData},[],
1005022,,25,54,-1,-1,{25:0|54:1},6011|6008|1250,6001|4000,,,,-1,-1,-1,,[1],0|0|50,,,,,,[1005003],,-1,0,,-1,,-1,0,-1,,[0],[0],{0:0},-1,{1:BuffUpgradeData},[],
1005023,,25,54,14,-1,{25:0|54:1|14:2},6011|6008|1500,6001|4000,10050303|3|1,,,-1,-1,-1,,[1],0|0|50,,,,,,[1005003],,-1,0,,-1,,-1,0,-1,,[0],[0],{0:0},-1,{1:BuffUpgradeData},[],
1005024,,25,54,14,-1,{25:0|54:1|14:2},6011|6008|1750,6001|4000,10050303|3|1,,,-1,-1,-1,,[1],0|0|50,,,,,,[1005003],,-1,0,,-1,,-1,0,-1,,[0],[0],{0:0},-1,{1:BuffUpgradeData},[],
1005025,,6,6,-1,-1,{6:1},4|2|1500,4|1|1500,,,,-1,-1,-1,,,,,,,,,[1002741],,-1,0,,-1,,-1,0,-1,,[0],[0],{0:0},-1,{1:BuffUpgradeData},[],
1005026,,48,-1,-1,-1,{48:0},"103|10000,6|5000",,,,,-1,-1,-1,,,,,,,,,,,-1,0,,-1,,-1,0,-1,,[0],[0],{0:0},-1,{1:BuffUpgradeData},[],
1005027,,68,-1,-1,-1,{68:0},0|3,,,,,-1,-1,-1,,[1],,,,,,,,,-1,0,,-1,,-1,0,-1,,[2|10050],[2|10050],{2:0|10050:1},-1,{1:BuffUpgradeData},[],
1005031,,14,7,-1,-1,{14:0|7:1},10050402|1|1,1005003|0,,,,-1,-1,-1,,[1],,,,,,,,,-1,0,,-1,,-1,0,-1,,[2|1005004],[2|1005004],{2:0|1005004:1},-1,{1:BuffUpgradeData},[],
1005032,,14,7,-1,-1,{14:0|7:1},10050402|2|1,1005003|0,,,,-1,-1,-1,,[1],,,,,,,,,-1,0,,-1,,-1,0,-1,,[2|1005004],[2|1005004],{2:0|1005004:1},-1,{1:BuffUpgradeData},[],
1005033,,14,7,-1,-1,{14:0|7:1},10050402|3|1,1005003|0,,,,-1,-1,-1,,[1],,,,,,,,,-1,0,,-1,,-1,0,-1,,[2|1005004],[2|1005004],{2:0|1005004:1},-1,{1:BuffUpgradeData},[],
1005034,,14,7,-1,-1,{14:0|7:1},10050402|4|1,1005003|0,,,,-1,-1,-1,,[1],,,,,,,,,-1,0,,-1,,-1,0,-1,,[2|1005004],[2|1005004],{2:0|1005004:1},-1,{1:BuffUpgradeData},[],
1005041,,20,-1,-1,-1,{20:0},1|6|1005031|0,,,,,-1,-1,-1,,[2|1005004],,,,,,,,,-1,0,,6,,1,0,-1,,[2|1005003],[2|1005003],{2:0|1005003:1},-1,{1:BuffUpgradeData},[],
1005042,,20,-1,-1,-1,{20:0},1|6|1005032|0,,,,,-1,-1,-1,,[2|1005004],,,,,,,,,-1,0,,6,,1,0,-1,,[2|1005003],[2|1005003],{2:0|1005003:1},-1,{1:BuffUpgradeData},[],
1005043,,20,-1,-1,-1,{20:0},1|6|1005033|0,,,,,-1,-1,-1,,[2|1005004],,,,,,,,,-1,0,,6,,1,0,-1,,[2|1005003],[2|1005003],{2:0|1005003:1},-1,{1:BuffUpgradeData},[],
1005044,,20,-1,-1,-1,{20:0},1|5|1005034|0,,,,,-1,-1,-1,,[2|1005004],,,,,,,,,-1,0,,5,,1,0,-1,,[2|1005003],[2|1005003],{2:0|1005003:1},-1,{1:BuffUpgradeData},[],
1005045,,23,-1,-1,-1,{23:0},0|10050403|0|1000|1|0|0|0|0|1,,,,,-1,-1,-1,,[1],,,,,,,,,-1,0,,-1,,-1,0,-1,,[2],[2],{2:0},-1,{1:BuffUpgradeData},[],
1005046,,23,-1,-1,-1,{23:0},0|10050413|0|1000|1|0|0|0|0|1,,,,,-1,-1,-1,,[1],,,,,,,,,-1,0,,-1,,-1,0,-1,,[2],[2],{2:0},-1,{1:BuffUpgradeData},[],
1005047,,23,-1,-1,-1,{23:0},0|10050423|0|1000|1|0|0|0|0|1,,,,,-1,-1,-1,,[1],,,,,,,,,-1,0,,-1,,-1,0,-1,,[2],[2],{2:0},-1,{1:BuffUpgradeData},[],
1005048,,23,-1,-1,-1,{23:0},0|10050433|0|1000|1|0|0|0|0|1,,,,,-1,-1,-1,,[1],,,,,,,,,-1,0,,-1,,-1,0,-1,,[2],[2],{2:0},-1,{1:BuffUpgradeData},[],
1005049,stun,3,-1,-1,-1,{3:0},,,,,,-1,-1,-1,,,,,,,,,[100001],,-1,0,,-1,,-1,0,-1,,[1|3],[1|3],{1:0|3:1},-1,{1:BuffUpgradeData},[],
1005050,,7,-1,-1,-1,{7:0},1005006|0,,,,,-1,-1,-1,,[1],,,,,,,,,-1,0,,-1,,-1,0,-1,,[2|1005007],[2|1005007],{2:0|1005007:1},-1,{1:BuffUpgradeData},[],
1005051,,20,-1,-1,-1,{20:0},1|18|1005055|0,,,,,-1,-1,-1,,[2|1005006],,,,,,,[1005002],,-1,0,,22,,1,0,-1,,[2|1005005],[2|1005005],{2:0|1005005:1},-1,{1:BuffUpgradeData},[],
1005052,,20,-1,-1,-1,{20:0},1|18|1005056|0,,,,,-1,-1,-1,,[2|1005006],,,,,,,[1005002],,-1,0,,22,,1,0,-1,,[2|1005005],[2|1005005],{2:0|1005005:1},-1,{1:BuffUpgradeData},[],
1005053,,20,-1,-1,-1,{20:0},1|18|1005057|0,,,,,-1,-1,-1,,[2|1005006],,,,,,,[1005002],,-1,0,,22,,1,0,-1,,[2|1005005],[2|1005005],{2:0|1005005:1},-1,{1:BuffUpgradeData},[],
1005054,,20,-1,-1,-1,{20:0},1|18|1005058|0,,,,,-1,-1,-1,,[2|1005006],,,,,,,[1005002],,-1,0,,22,,1,0,-1,,[2|1005005],[2|1005005],{2:0|1005005:1},-1,{1:BuffUpgradeData},[],
1005055,,14,7,-1,-1,{14:0|7:1},10050502|1|1,1005005|0,,,,-1,-1,-1,,[2|1005007],,,,,,,,,-1,0,,-1,,-1,0,-1,,[2|1005006],[2|1005006],{2:0|1005006:1},-1,{1:BuffUpgradeData},[],
1005056,,14,7,-1,-1,{14:0|7:1},10050502|2|1,1005005|0,,,,-1,-1,-1,,[2|1005007],,,,,,,,,-1,0,,-1,,-1,0,-1,,[2|1005006],[2|1005006],{2:0|1005006:1},-1,{1:BuffUpgradeData},[],
1005057,,14,7,-1,-1,{14:0|7:1},10050502|3|1,1005005|0,,,,-1,-1,-1,,[2|1005007],,,,,,,,,-1,0,,-1,,-1,0,-1,,[2|1005006],[2|1005006],{2:0|1005006:1},-1,{1:BuffUpgradeData},[],
1005058,,14,7,-1,-1,{14:0|7:1},10050502|4|1,1005005|0,,,,-1,-1,-1,,[2|1005007],,,,,,,,,-1,0,,-1,,-1,0,-1,,[2|1005006],[2|1005006],{2:0|1005006:1},-1,{1:BuffUpgradeData},[],
1005059,stun,3,-1,-1,-1,{3:0},,,,,,-1,-1,-1,,,,,,,,,[100001],,-1,0,,-1,,-1,0,-1,,[1|3],[1|3],{1:0|3:1},-1,{1:BuffUpgradeData},[],
1005060,stun,3,-1,-1,-1,{3:0},,,,,[1|201],-1,-1,-1,,,,,,,,,[100001],,-1,0,,-1,,-1,0,-1,,[1|3],[1|3],{1:0|3:1},-1,{1:BuffUpgradeData},[],
1005061,,6,48,-1,-1,{6:0|48:1},4|2|2000,80|1000,,,[2|1],-1,-1,-1,,[1],,,,,,,,,-1,0,,-1,,-1,0,-1,,[2],[2],{2:0},-1,{1:BuffUpgradeData},[],
1005062,,6,48,-1,-1,{6:0|48:1},4|2|2000,80|1000,,,[2|1],-1,-1,-1,,[1],,,,,,,,,-1,0,,-1,,-1,0,-1,,[2],[2],{2:0},-1,{1:BuffUpgradeData},[],
1005063,,6,48,-1,-1,{6:0|48:1},4|2|2000,80|1000,,,[2|1],-1,-1,-1,,[1],,,,,,,,,-1,0,,-1,,-1,0,-1,,[2],[2],{2:0},-1,{1:BuffUpgradeData},[],
1005064,,6,48,-1,-1,{6:0|48:1},4|2|2000,80|1000,,,[2|1],-1,-1,-1,,[1],,,,,,,,,-1,0,,-1,,-1,0,-1,,[2],[2],{2:0},-1,{1:BuffUpgradeData},[],
1005070,,19,-1,-1,-1,{19:0},1005003,,,,,-1,-1,-1,,[2|1005009],,,,,,,,,-1,0,,-1,,-1,0,-1,,[2|1005008],[2|1005008],{2:0|1005008:1},-1,{1:BuffUpgradeData},[],
1005071,,48,23,-1,-1,{48:0|23:1},"103|1200,104|1200",0|10050813|2|500|2|0|0|0,,,,-1,-1,-1,,[1],,,,,,,[1005004],,-1,0,,-1,,-1,0,-1,,[0],[0],{0:0},-1,{1:BuffUpgradeData},[],
1005072,,48,23,-1,-1,{48:0|23:1},"103|1800,104|1800",0|10050823|2|500|2|0|0|0,,,,-1,-1,-1,,[1],,,,,,,[1005004],,-1,0,,-1,,-1,0,-1,,[0],[0],{0:0},-1,{1:BuffUpgradeData},[],
1005073,,48,23,-1,-1,{48:0|23:1},"103|2500,104|2500",0|10050833|2|500|2|0|0|0,,,,-1,-1,-1,,[1],,,,,,,[1005004],,-1,0,,-1,,-1,0,-1,,[0],[0],{0:0},-1,{1:BuffUpgradeData},[],
1005074,,-1,-1,-1,-1,{},,,,,,-1,-1,-1,,[1],,,,,,,[10050802],,-1,0,,-1,,-1,0,-1,,[2],[2],{2:0},-1,{1:BuffUpgradeData},[],
1005075,,48,-1,-1,-1,{48:0},3103|1000,,,,,-1,-1,-1,,[1],,,,,,,,,-1,0,,-1,,-1,0,-1,,[0],[0],{0:0},-1,{1:BuffUpgradeData},[],
1005076,,48,-1,-1,-1,{48:0},103|1000,,,,,-1,-1,-1,,[1],,,,,,,,,-1,0,,-1,,-1,0,-1,,[0],[0],{0:0},-1,{1:BuffUpgradeData},[],
1005077,,6,7,-1,-1,{6:0|7:1},0|1005003|-6000,1005008|0,,,,-1,-1,-1,,[1],,,,,,,,,-1,0,,-1,,-1,0,-1,,[2|1005009],[2|1005009],{2:0|1005009:1},-1,{1:BuffUpgradeData},[],
1005078,,6,7,-1,-1,{6:0|7:1},0|1005003|-5000,1005008|0,,,,-1,-1,-1,,[1],,,,,,,,,-1,0,,-1,,-1,0,-1,,[2|1005009],[2|1005009],{2:0|1005009:1},-1,{1:BuffUpgradeData},[],
1005079,,6,7,23,-1,{6:0|7:1|23:2},0|1005003|-5000,1005008|0,1|10050820|2|500|2|0|0|0,,,-1,-1,-1,,[1],,,,,,,,,-1,0,,-1,,-1,0,-1,,[2|1005009],[2|1005009],{2:0|1005009:1},-1,{1:BuffUpgradeData},[],
1005080,stun,3,-1,-1,-1,{3:0},,,,,,-1,-1,-1,,,,,,,,,[100001],,-1,0,,-1,,-1,0,-1,,[1|3],[1|3],{1:0|3:1},-1,{1:BuffUpgradeData},[],
1005081,,-1,-1,-1,-1,{},,,,,,-1,-1,-1,,[1],,,,,,,[1005081],,-1,0,,-1,,-1,0,-1,,[302],[302],{302:0},-1,{1:BuffUpgradeData},[],
1005082,,-1,-1,-1,-1,{},,,,,,-1,-1,-1,,[1],,,,,,,[1005082],,-1,0,,-1,,-1,0,-1,,[302],[302],{302:0},-1,{1:BuffUpgradeData},[],
1005083,,-1,-1,-1,-1,{},,,,,,-1,-1,-1,,[1],,,,,,,[1005083],,-1,0,,-1,,-1,0,-1,,[302],[302],{302:0},-1,{1:BuffUpgradeData},[],
1005084,,48,-1,-1,-1,{48:0},104|2000,,,,,-1,-1,-1,,[1],,,,,,,,,-1,0,,-1,,-1,0,-1,,[0],[0],{0:0},-1,{1:BuffUpgradeData},[],
1005085,,48,-1,-1,-1,{48:0},"3103|750,3104|1000",,,,,-1,-1,-1,,[1],,,,,,,,,-1,0,,-1,,-1,0,-1,,[0],[0],{0:0},-1,{1:BuffUpgradeData},[],
1005086,,48,54,-1,-1,{48:0|54:1},103|500,6001|1000,,,,-1,-1,-1,,,,,,,,,[1005086],,-1,0,,-1,,-1,0,-1,,[0],[0],{0:0},-1,{1:BuffUpgradeData},[],
1005087,,48,54,-1,-1,{48:0|54:1},103|1000,6001|2000,,,,-1,-1,-1,,,,,,,,,[1005086],,-1,0,,-1,,-1,0,-1,,[0],[0],{0:0},-1,{1:BuffUpgradeData},[],
1005088,,48,54,-1,-1,{48:0|54:1},103|1500,6001|3000,,,,-1,-1,-1,,,,,,,,,[1005086],,-1,0,,-1,,-1,0,-1,,[0],[0],{0:0},-1,{1:BuffUpgradeData},[],
1005089,,-1,-1,-1,-1,{},,,,,,-1,-1,-1,,[1],,,,,,,[1005089],,-1,0,,-1,,-1,0,-1,,[2],[2],{2:0},-1,{1:BuffUpgradeData},[],
1005090,,-1,-1,-1,-1,{},,,,,,-1,-1,-1,,[1],,,,,,,[1005090],,-1,0,,-1,,-1,0,-1,,[2],[2],{2:0},-1,{1:BuffUpgradeData},[],
1005091,,-1,-1,-1,-1,{},,,,,,-1,-1,-1,,[1],,,,,,,[1005091],,-1,0,,-1,,-1,0,-1,,[2],[2],{2:0},-1,{1:BuffUpgradeData},[],
1005100,,7,-1,-1,-1,{7:0},1005101|0,,,,,-1,-1,-1,,[1],,,,,,,,,-1,0,,-1,,-1,0,-1,,[2|1005102],[2|1005102],{2:0|1005102:1},-1,{1:BuffUpgradeData},[],
1005101,,10,9,23,-1,{10:0|9:1|23:2},5|8,1|1|3|13000|8000|0|0|1,0|10051303|1|350|2|0|0|0|0|1,,,-1,-1,-1,,,,0|0|0|1000|0|0|0|0,,,,,[1005105],,-1,0,,-1,,-1,0,-1,,[0|4],[0|4],{0:0|4:1},-1,{1:BuffUpgradeData},[],
1005102,,10,9,23,30,{10:0|9:1|23:2|30:3},5|8,1|1|3|18000|8000|0|0|1,0|10051313|1|350|2|0|0|0|0|1,1200,,-1,-1,-1,,,,0|0|0|1000|0|0|0|0,,,,,[1005105],,-1,0,,-1,,-1,0,-1,,[0|4],[0|4],{0:0|4:1},-1,{1:BuffUpgradeData},[],
1005103,,10,9,23,30,{10:0|9:1|23:2|30:3},5|8,1|1|3|23000|8000|0|0|1,0|10051323|1|350|2|0|0|0|0|1,1200,,-1,-1,-1,,,,0|0|0|1000|0|0|0|0,,,,,[1005105],,-1,0,,-1,,-1,0,-1,,[0|4],[0|4],{0:0|4:1},-1,{1:BuffUpgradeData},[],
1005104,,10,9,23,30,{10:0|9:1|23:2|30:3},5|8,1|1|3|28000|8000|0|0|1,0|10051333|1|350|2|0|0|0|0|1,1200,,-1,-1,-1,,,,0|0|0|1000|0|0|0|0,,,,,[1005105],,-1,0,,-1,,-1,0,-1,,[0|4],[0|4],{0:0|4:1},1000,{1:BuffUpgradeData},[],
1005111,,48,-1,-1,-1,{48:0},71|350,,,,,-1,-1,-1,,,0|150,,,,,,,,-1,0,,-1,,-1,0,-1,,[0],[0],{0:0},-1,{1:BuffUpgradeData},[],
1005112,,48,-1,-1,-1,{48:0},"71|550,10|1500,6|4000",,,,,-1,-1,-1,,,"0|150,0|0,0|0",,,,,,,,-1,0,,-1,,-1,0,-1,,[0],[0],{0:0},-1,{1:BuffUpgradeData},[],
1005113,,48,-1,-1,-1,{48:0},"71|750,10|1500,6|4000",,,,,-1,-1,-1,,,"0|150,0|0,0|0",,,,,,,,-1,0,,-1,,-1,0,-1,,[0],[0],{0:0},-1,{1:BuffUpgradeData},[],
1005114,,48,-1,-1,-1,{48:0},"71|950,10|1500,6|4000",,,,,-1,-1,-1,,,"0|150,0|0,0|0",,,,,,,,-1,0,,-1,,-1,0,-1,,[0],[0],{0:0},-1,{1:BuffUpgradeData},[],
1005115,,48,-1,-1,-1,{48:0},"103|-1500,6|-3000",,,,,-1,-1,-1,,,,,,,,,,,-1,0,,-1,,-1,0,-1,,[1],[1],{1:0},-1,{1:BuffUpgradeData},[],
1005121,,69,19,-1,-1,{69:0|19:1},50,0|1|2,,,,-1,-1,-1,,,,,,,,,[1005102],,-1,0,,-1,,-1,0,-1,,[1|16|10051],[1|16|10051],{1:0|16:1|10051:2},-1,{1:BuffUpgradeData},[],
1005122,,48,-1,-1,-1,{48:0},81|-3000,,,,,-1,-1,-1,,,,,,,,,,,-1,0,,-1,,-1,0,-1,,[1|301],[1|301],{1:0|301:1},-1,{1:BuffUpgradeData},[],
1005123,,69,19,-1,-1,{69:0|19:1},50,0|1|2,,,,-1,-1,-1,,,,,,,,,[1005102],,-1,0,,-1,,-1,0,-1,,[1|16|10051],[1|16|10051],{1:0|16:1|10051:2},-1,{1:BuffUpgradeData},[],
1005124,,15,-1,-1,-1,{15:0},8|1005103|10|71|0|500|5000|0|0|1,,,,,-1,-1,-1,,[1],,,,,,,,,-1,0,,-1,,-1,0,-1,,[2],[2],{2:0},-1,{1:BuffUpgradeData},[],
1005125,,7,-1,-1,-1,{7:0},1005103|0,,,,,-1,-1,-1,,[1],,,,,,,,,-1,0,,-1,,-1,0,-1,,[2|1005104],[2|1005104],{2:0|1005104:1},-1,{1:BuffUpgradeData},[],
1005126,,-1,-1,-1,-1,{},,,,,,-1,-1,-1,,[2|1005104],,,,,,,,,-1,0,,10,,1,0,-1,,[2|1005103],[2|1005103],{2:0|1005103:1},-1,{1:BuffUpgradeData},[],
1005131,,54,-1,-1,-1,{54:0},6012|0,,,,,-1,-1,-1,,[2|1005102],0|100,,,,,,,,-1,0,,8,,1,0,-1,,[2|1005101],[2|1005101],{2:0|1005101:1},-1,{1:BuffUpgradeData},[],
1005132,,54,-1,-1,-1,{54:0},6012|0,,,,,-1,-1,-1,,[2|1005102],0|100,,,,,,,,-1,0,,10,,1,0,-1,,[2|1005101],[2|1005101],{2:0|1005101:1},-1,{1:BuffUpgradeData},[],
1005133,,54,-1,-1,-1,{54:0},6012|0,,,,,-1,-1,-1,,[2|1005102],0|100,,,,,,,,-1,0,,10,,1,0,-1,,[2|1005101],[2|1005101],{2:0|1005101:1},-1,{1:BuffUpgradeData},[],
1005134,,54,-1,-1,-1,{54:0},6012|0,,,,,-1,-1,-1,,[2|1005102],0|100,,,,,,,,-1,0,,12,,1,0,-1,,[2|1005101],[2|1005101],{2:0|1005101:1},-1,{1:BuffUpgradeData},[],
1005141,,9,-1,-1,-1,{9:0},1|1|4|800|8000,,,,,-1,-1,-1,,,0|0|0|200|0,,,,,,[1005106],,-1,0,,-1,,-1,0,-1,,[0|4],[0|4],{0:0|4:1},-1,{1:BuffUpgradeData},[],
1005142,,9,-1,-1,-1,{9:0},1|1|4|2300|8000,,,,,-1,-1,-1,,,0|0|0|200|0,,,,,,[1005106],,-1,0,,-1,,-1,0,-1,,[0|4],[0|4],{0:0|4:1},-1,{1:BuffUpgradeData},[],
1005143,,9,-1,-1,-1,{9:0},1|1|4|3800|8000,,,,,-1,-1,-1,,,0|0|0|200|0,,,,,,[1005106],,-1,0,,-1,,-1,0,-1,,[0|4],[0|4],{0:0|4:1},-1,{1:BuffUpgradeData},[],
1005144,,9,-1,-1,-1,{9:0},1|1|4|5300|8000,,,,,-1,-1,-1,,,0|0|0|200|0,,,,,,[1005106],,-1,0,,-1,,-1,0,-1,,[0|4],[0|4],{0:0|4:1},-1,{1:BuffUpgradeData},[],
1005145,,9,-1,-1,-1,{9:0},1|1|4|1600|8000,,,,,-1,-1,-1,,,0|0|0|400|0,,,,,,[1005106],,-1,0,,-1,,-1,0,-1,,[0|4],[0|4],{0:0|4:1},-1,{1:BuffUpgradeData},[],
1005146,,9,-1,-1,-1,{9:0},1|1|4|4600|8000,,,,,-1,-1,-1,,,0|0|0|400|0,,,,,,[1005106],,-1,0,,-1,,-1,0,-1,,[0|4],[0|4],{0:0|4:1},-1,{1:BuffUpgradeData},[],
1005147,,9,-1,-1,-1,{9:0},1|1|4|7600|8000,,,,,-1,-1,-1,,,0|0|0|400|0,,,,,,[1005106],,-1,0,,-1,,-1,0,-1,,[0|4],[0|4],{0:0|4:1},-1,{1:BuffUpgradeData},[],
1005148,,9,-1,-1,-1,{9:0},1|1|4|10600|8000,,,,,-1,-1,-1,,,0|0|0|400|0,,,,,,[1005106],,-1,0,,-1,,-1,0,-1,,[0|4],[0|4],{0:0|4:1},-1,{1:BuffUpgradeData},[],
1005151,,20,-1,-1,-1,{20:0},1|1|1005152|0|3|6,,,,,-1,-1,-1,,[1],,,,,,,,,-1,0,,-1,,-1,0,-1,,[2],[2],{2:0},-1,{1:BuffUpgradeData},[],
1005152,,48,-1,-1,-1,{48:0},"81|150,83|150",,,,,-1,-1,-1,,[1],,,,,,,,,-1,0,,6,,1,0,-1,,[2],[2],{2:0},-1,{1:BuffUpgradeData},[],
1005153,,20,-1,-1,-1,{20:0},1|1|1005154|0|3|6,,,,,-1,-1,-1,,[1],,,,,,,,,-1,0,,-1,,-1,0,-1,,[2],[2],{2:0},-1,{1:BuffUpgradeData},[],
1005154,,48,-1,-1,-1,{48:0},"80|150,82|150",,,,,-1,-1,-1,,[1],,,,,,,,,-1,0,,6,,1,0,-1,,[2],[2],{2:0},-1,{1:BuffUpgradeData},[],
1005161,,68,-1,-1,-1,{68:0},0|3,,,,,-1,-1,-1,,[1],,,,,,,,,-1,0,,-1,,-1,0,-1,,[2|10051],[2|10051],{2:0|10051:1},-1,{1:BuffUpgradeData},[],
1005162,,14,23,-1,-1,{14:0|23:1},10051820|1|1,0|10051830|2|500|2|0|0|0,,,,-1,-1,-1,,[1],,,,,,,[1005103],,-1,0,,-1,,-1,0,-1,,[0],[0],{0:0},-1,{1:BuffUpgradeData},[],
1005163,,14,23,25,-1,{14:0|23:1|25:2},10051820|1|1,0|10051840|2|500|2|0|0|0,6011|6008|800,,,-1,-1,-1,,[1],,,,,,,[1005103],,-1,0,,-1,,-1,0,-1,,[0],[0],{0:0},-1,{1:BuffUpgradeData},[],
1005164,,-1,-1,-1,-1,{},,,,,,-1,-1,-1,,[1],,,,,,,[10051802],,-1,0,,-1,,-1,0,-1,,[2],[2],{2:0},-1,{1:BuffUpgradeData},[],
1005165,,48,-1,-1,-1,{48:0},"5104|1000,5019|400",,,,,-1,-1,-1,,[1],,,,,,,,,-1,0,,-1,,-1,0,-1,,[0],[0],{0:0},-1,{1:BuffUpgradeData},[],
1005166,,19,-1,-1,-1,{19:0},1005101,,,,,-1,-1,-1,,[2|1005106],,,,,,,,,-1,0,,-1,,-1,0,-1,,[2|1005105],[2|1005105],{2:0|1005105:1},-1,{1:BuffUpgradeData},[],
1005167,,6,7,-1,-1,{6:0|7:1},0|1005101|-6000,1005105|0,,,,-1,-1,-1,,[1],,,,,,,,,-1,0,,-1,,-1,0,-1,,[2|1005106],[2|1005106],{2:0|1005106:1},-1,{1:BuffUpgradeData},[],
1005168,,10,7,5,-1,{10:0|7:1|5:2},1005108,1005108|0,30023|1|50000|100000|3|0,,,-1,-1,-1,,[1],,,,,,,,,-1,0,,-1,,-1,0,-1,,[2|1005107],[2|1005107],{2:0|1005107:1},-1,{1:BuffUpgradeData},[],
1005169,,14,-1,-1,-1,{14:0},10051820|1|1,,,,,-1,-1,-1,,[1],,,,,,,,,-1,0,,-1,,-1,0,-1,,[0],[0],{0:0},-1,{1:BuffUpgradeData},[],
1005170,,20,-1,-1,-1,{20:0},1|2|1005167,,,,,-1,-1,-1,,[2|1005106],,,,,,,,,-1,0,,2,,1,0,-1,,[2|1005105],[2|1005105],{2:0|1005105:1},-1,{1:BuffUpgradeData},[],
1005171,,20,-1,-1,-1,{20:0},1|5|1005168,,,,,-1,-1,-1,,[2|1005107],,,,,,,,,-1,0,,15,,1,0,-1,,[2|1005108],[2|1005108],{2:0|1005108:1},-1,{1:BuffUpgradeData},[],
1005172,,48,-1,-1,-1,{48:0},18|1500,,,,,-1,-1,-1,,,,,,,,,,,-1,0,,-1,,-1,0,-1,,[0],[0],{0:0},-1,{1:BuffUpgradeData},[],
1005173,,48,-1,-1,-1,{48:0},103|-1000,,,,,-1,-1,-1,,,,,,,,,,,-1,0,,-1,,-1,0,-1,,[1],[1],{1:0},-1,{1:BuffUpgradeData},[],
1005181,,-1,-1,-1,-1,{},,,,,,-1,-1,-1,,[1],,,,,,,[1005181],,-1,0,,-1,,-1,0,-1,,[302],[302],{302:0},-1,{1:BuffUpgradeData},[],
1005182,,-1,-1,-1,-1,{},,,,,,-1,-1,-1,,[1],,,,,,,[1005182],,-1,0,,-1,,-1,0,-1,,[302],[302],{302:0},-1,{1:BuffUpgradeData},[],
1005183,,-1,-1,-1,-1,{},,,,,,-1,-1,-1,,[1],,,,,,,[1005183],,-1,0,,-1,,-1,0,-1,,[302],[302],{302:0},-1,{1:BuffUpgradeData},[],
1005184,,48,-1,-1,-1,{48:0},104|2000,,,,,-1,-1,-1,,[1],,,,,,,,,-1,0,,-1,,-1,0,-1,,[0],[0],{0:0},-1,{1:BuffUpgradeData},[],
1005185,,48,-1,-1,-1,{48:0},"5103|750,5104|1000",,,,,-1,-1,-1,,[1],,,,,,,,,-1,0,,-1,,-1,0,-1,,[0],[0],{0:0},-1,{1:BuffUpgradeData},[],
1005186,,48,54,-1,-1,{48:0|54:1},80|500,6001|1000,,,,-1,-1,-1,,,,,,,,,[1005186],,-1,0,,-1,,-1,0,-1,,[0],[0],{0:0},-1,{1:BuffUpgradeData},[],
1005187,,48,54,-1,-1,{48:0|54:1},80|1000,6001|2000,,,,-1,-1,-1,,,,,,,,,[1005186],,-1,0,,-1,,-1,0,-1,,[0],[0],{0:0},-1,{1:BuffUpgradeData},[],
1005188,,48,54,-1,-1,{48:0|54:1},80|1500,6001|3000,,,,-1,-1,-1,,,,,,,,,[1005186],,-1,0,,-1,,-1,0,-1,,[0],[0],{0:0},-1,{1:BuffUpgradeData},[],
1005189,,-1,-1,-1,-1,{},,,,,,-1,-1,-1,,[1],,,,,,,[1005189],,-1,0,,-1,,-1,0,-1,,[2],[2],{2:0},-1,{1:BuffUpgradeData},[],
1005190,,-1,-1,-1,-1,{},,,,,,-1,-1,-1,,[1],,,,,,,[1005190],,-1,0,,-1,,-1,0,-1,,[2],[2],{2:0},-1,{1:BuffUpgradeData},[],
1005191,,-1,-1,-1,-1,{},,,,,,-1,-1,-1,,[1],,,,,,,[1005191],,-1,0,,-1,,-1,0,-1,,[2],[2],{2:0},-1,{1:BuffUpgradeData},[],
1005201,,9,30,23,10,{9:0|30:1|23:2|10:3},1|1|3|13000|6500|0|0|1,1000,1|10052002|2|500|2|0|0|0,1005204,,-1,-1,-1,,,0|0|0|1000|0|0|0|0,,,,,,[1005201],,-1,0,,3,,1,0,-1,,[0|4|1005201],[0|4|1005201],{0:0|4:1|1005201:2},-1,{1:BuffUpgradeData},[],
1005202,,9,30,23,10,{9:0|30:1|23:2|10:3},1|1|3|18000|6500|0|0|1,1500,1|10052002|2|500|2|0|0|0,1005204,,-1,-1,-1,,,0|0|0|1000|0|0|0|0,,,,,,[1005201],,-1,0,,3,,1,0,-1,,[0|4|1005201],[0|4|1005201],{0:0|4:1|1005201:2},-1,{1:BuffUpgradeData},[],
1005203,,9,30,23,10,{9:0|30:1|23:2|10:3},1|1|3|23000|6500|0|0|1,1500,1|10052002|2|500|2|0|0|0,1005204,,-1,-1,-1,,,0|0|0|1000|0|0|0|0,,,,,,[1005201],,-1,0,,3,,1,0,-1,,[0|4|1005201],[0|4|1005201],{0:0|4:1|1005201:2},-1,{1:BuffUpgradeData},[],
1005204,,9,30,23,10,{9:0|30:1|23:2|10:3},1|1|3|28000|6500|0|0|1,2000,1|10052002|2|500|2|0|0|0,1005204,,-1,-1,-1,,,0|0|0|1000|0|0|0|0,,,,,,[1005201],,-1,0,,3,,1,0,-1,,[0|4|1005201],[0|4|1005201],{0:0|4:1|1005201:2},-1,{1:BuffUpgradeData},[],
1005211,,48,-1,-1,-1,{48:0},103|-700,,,,,-1,-1,-1,,,0|-50,,,,,,[1005202],,-1,0,,-1,,-1,0,-1,,[1|301],[1|301],{1:0|301:1},-1,{1:BuffUpgradeData},[],
1005212,,48,30,-1,-1,{48:0|30:1},103|-950,-1000,,,,-1,-1,-1,,,0|-50,,,,,,[1005202],,-1,0,,-1,,-1,0,-1,,[1|301],[1|301],{1:0|301:1},-1,{1:BuffUpgradeData},[],
1005213,,48,30,-1,-1,{48:0|30:1},103|-1200,-1000,,,,-1,-1,-1,,,0|-50,,,,,,[1005202],,-1,0,,-1,,-1,0,-1,,[1|301],[1|301],{1:0|301:1},-1,{1:BuffUpgradeData},[],
1005214,,48,30,-1,-1,{48:0|30:1},103|-1450,-1000,,,,-1,-1,-1,,,0|-50,,,,,,[1005202],,-1,0,,-1,,-1,0,-1,,[1|301],[1|301],{1:0|301:1},-1,{1:BuffUpgradeData},[],
1005215,,15,-1,-1,-1,{15:0},2|1005202|1|15|0|2500|2500|0,,,,,-1,-1,-1,,[1],,,,,,,,,-1,0,,-1,,-1,0,-1,,[2],[2],{2:0},-1,{1:BuffUpgradeData},[],
1005216,,15,-1,-1,-1,{15:0},2|1005202|1|15|0|5000|5000|0,,,,,-1,-1,-1,,[1],,,,,,,,,-1,0,,-1,,-1,0,-1,,[2],[2],{2:0},-1,{1:BuffUpgradeData},[],
1005221,,47,-1,-1,-1,{47:0},"1,10052302|1000|3|1|2|1,10052303|1000|3|1|2|1,10052304|1000|3|1|2|1,10052305|1000|3|1|2|1,10052306|1000|3|1|2|1,10052307|1000|3|1|2|1,10052308|1000|3|1|2|1,10052309|1000|3|1|2|1",,,,,-1,-1,-1,,[1],,,,,,,,,-1,0,,-1,,-1,0,-1,,[2],[2],{2:0},-1,{1:BuffUpgradeData},[],
1005222,,47,-1,-1,-1,{47:0},"1,10052312|1000|3|1|2|1,10052313|1000|3|1|2|1,10052314|1000|3|1|2|1,10052315|1000|3|1|2|1,10052316|1000|3|1|2|1,10052317|1000|3|1|2|1,10052318|1000|3|1|2|1,10052319|1000|3|1|2|1",,,,,-1,-1,-1,,[1],,,,,,,,,-1,0,,-1,,-1,0,-1,,[2],[2],{2:0},-1,{1:BuffUpgradeData},[],
1005223,,47,-1,-1,-1,{47:0},"1,10052322|1000|3|1|2|1,10052323|1000|3|1|2|1,10052324|1000|3|1|2|1,10052325|1000|3|1|2|1,10052326|1000|3|1|2|1,10052327|1000|3|1|2|1,10052328|1000|3|1|2|1,10052329|1000|3|1|2|1",,,,,-1,-1,-1,,[1],,,,,,,,,-1,0,,-1,,-1,0,-1,,[2],[2],{2:0},-1,{1:BuffUpgradeData},[],
1005224,,47,-1,-1,-1,{47:0},"1,10052332|1000|3|1|2|1,10052333|1000|3|1|2|1,10052334|1000|3|1|2|1,10052335|1000|3|1|2|1,10052336|1000|3|1|2|1,10052337|1000|3|1|2|1,10052338|1000|3|1|2|1,10052339|1000|3|1|2|1",,,,,-1,-1,-1,,[1],,,,,,,,,-1,0,,-1,,-1,0,-1,,[2],[2],{2:0},-1,{1:BuffUpgradeData},[],
1005231,,48,-1,-1,-1,{48:0},104|1500,,,,,-1,-1,-1,,,,,,,,,,,-1,0,,-1,,-1,0,-1,,[0|1005202],[0|1005202],{0:0|1005202:1},-1,{1:BuffUpgradeData},[],
1005232,,48,-1,-1,-1,{48:0},104|2000,,,,,-1,-1,-1,,,,,,,,,,,-1,0,,-1,,-1,0,-1,,[0|1005202],[0|1005202],{0:0|1005202:1},-1,{1:BuffUpgradeData},[],
1005233,,48,-1,-1,-1,{48:0},104|2500,,,,,-1,-1,-1,,,,,,,,,,,-1,0,,-1,,-1,0,-1,,[0|1005202],[0|1005202],{0:0|1005202:1},-1,{1:BuffUpgradeData},[],
1005234,,48,-1,-1,-1,{48:0},104|3000,,,,,-1,-1,-1,,,,,,,,,,,-1,0,,-1,,-1,0,-1,,[0|1005202],[0|1005202],{0:0|1005202:1},-1,{1:BuffUpgradeData},[],
1005240,,7,-1,-1,-1,{7:0},1005203|0,,,,,-1,-1,-1,,[1],,,,,,,,,-1,0,,-1,,-1,0,-1,,[2|1005204],[2|1005204],{2:0|1005204:1},-1,{1:BuffUpgradeData},[],
1005241,,14,-1,-1,-1,{14:0},10052402|1|1,,,,,-1,-1,-1,,[1],,,,,,,,,-1,0,,-1,,-1,0,-1,,[2],[2],{2:0},-1,{1:BuffUpgradeData},[],
1005242,,14,-1,-1,-1,{14:0},10052402|2|1,,,,,-1,-1,-1,,[1],,,,,,,,,-1,0,,-1,,-1,0,-1,,[2],[2],{2:0},-1,{1:BuffUpgradeData},[],
1005243,,14,-1,-1,-1,{14:0},10052402|3|1,,,,,-1,-1,-1,,[1],,,,,,,,,-1,0,,-1,,-1,0,-1,,[2],[2],{2:0},-1,{1:BuffUpgradeData},[],
1005244,,14,-1,-1,-1,{14:0},10052402|4|1,,,,,-1,-1,-1,,[1],,,,,,,,,-1,0,,-1,,-1,0,-1,,[2],[2],{2:0},-1,{1:BuffUpgradeData},[],
1005245,,14,-1,-1,-1,{14:0},10052403|1|1,,,,,-1,-1,-1,,[2|1005204],,,,,,,,,-1,0,,-1,,-1,0,-1,,[2|1005203],[2|1005203],{2:0|1005203:1},-1,{1:BuffUpgradeData},[],
1005246,,14,-1,-1,-1,{14:0},10052403|2|1,,,,,-1,-1,-1,,[2|1005204],,,,,,,,,-1,0,,-1,,-1,0,-1,,[2|1005203],[2|1005203],{2:0|1005203:1},-1,{1:BuffUpgradeData},[],
1005247,,14,-1,-1,-1,{14:0},10052403|3|1,,,,,-1,-1,-1,,[2|1005204],,,,,,,,,-1,0,,-1,,-1,0,-1,,[2|1005203],[2|1005203],{2:0|1005203:1},-1,{1:BuffUpgradeData},[],
1005248,,14,-1,-1,-1,{14:0},10052403|4|1,,,,,-1,-1,-1,,[2|1005204],,,,,,,,,-1,0,,-1,,-1,0,-1,,[2|1005203],[2|1005203],{2:0|1005203:1},-1,{1:BuffUpgradeData},[],
1005251,,48,-1,-1,-1,{48:0},103|-150,,,,,-1,-1,-1,,,,,,,,,,,-1,0,,6,,1,0,-1,,[1|301],[1|301],{1:0|301:1},-1,{1:BuffUpgradeData},[],
1005252,,48,-1,-1,-1,{48:0},103|-150,,,,,-1,-1,-1,,,,,,,,,,,-1,0,,6,,1,0,-1,,[1|301],[1|301],{1:0|301:1},-1,{1:BuffUpgradeData},[],
1005253,,48,-1,-1,-1,{48:0},103|-150,,,,,-1,-1,-1,,,,,,,,,,,-1,0,,12,,1,0,-1,,[1|301],[1|301],{1:0|301:1},-1,{1:BuffUpgradeData},[],
1005254,,48,-1,-1,-1,{48:0},103|-150,,,,,-1,-1,-1,,,,,,,,,,,-1,0,,18,,1,0,-1,,[1|301],[1|301],{1:0|301:1},-1,{1:BuffUpgradeData},[],
1005261,,6,-1,-1,-1,{6:0},0|1005201|1000,,,,,-1,-1,-1,,[1],,,,,,,,,-1,0,,-1,,-1,0,-1,,[2],[2],{2:0},-1,{1:BuffUpgradeData},[],
1005262,,6,-1,-1,-1,{6:0},0|1005202|1500,,,,,-1,-1,-1,,[1],,,,,,,,,-1,0,,-1,,-1,0,-1,,[2],[2],{2:0},-1,{1:BuffUpgradeData},[],
1005263,,6,-1,-1,-1,{6:0},0|1005202|2000,,,,,-1,-1,-1,,[1],,,,,,,,,-1,0,,-1,,-1,0,-1,,[2],[2],{2:0},-1,{1:BuffUpgradeData},[],
1005264,,6,-1,-1,-1,{6:0},0|1005203|2500,,,,,-1,-1,-1,,[1],,,,,,,,,-1,0,,-1,,-1,0,-1,,[2],[2],{2:0},-1,{1:BuffUpgradeData},[],
1005271,,30,48,-1,-1,{30:0|48:1},1200,82|600,,,[2|2],-1,-1,-1,,[1],,,,,,,,,-1,0,,-1,,-1,0,-1,,[0],[0],{0:0},-1,{1:BuffUpgradeData},[],
1005272,,30,48,-1,-1,{30:0|48:1},1200,82|600,,,[2|2],-1,-1,-1,,[1],,,,,,,,,-1,0,,-1,,-1,0,-1,,[0],[0],{0:0},-1,{1:BuffUpgradeData},[],
1005273,,30,48,-1,-1,{30:0|48:1},1200,82|600,,,[2|2],-1,-1,-1,,[1],,,,,,,,,-1,0,,-1,,-1,0,-1,,[0],[0],{0:0},-1,{1:BuffUpgradeData},[],
1005274,,30,48,-1,-1,{30:0|48:1},1200,82|600,,,[2|2],-1,-1,-1,,[1],,,,,,,,,-1,0,,-1,,-1,0,-1,,[0],[0],{0:0},-1,{1:BuffUpgradeData},[],
1005281,,54,-1,-1,-1,{54:0},6010|1000,,,,,-1,-1,-1,,[1],,,,,,,[1005203],,-1,0,,-1,,-1,0,-1,,[0],[0],{0:0},-1,{1:BuffUpgradeData},[],
1005282,,54,14,-1,-1,{54:0|14:1},6010|2000,10052810|1|1,,,,-1,-1,-1,,[1],,,,,,,[1005203],,-1,0,,-1,,-1,0,-1,,[0],[0],{0:0},-1,{1:BuffUpgradeData},[],
1005283,,54,14,-1,-1,{54:0|14:1},6010|3000,"10052810|1|1,10052820|1|1",,,,-1,-1,-1,,[1],,,,,,,[1005203],,-1,0,,-1,,-1,0,-1,,[0],[0],{0:0},-1,{1:BuffUpgradeData},[],
1005284,,48,-1,-1,-1,{48:0},"4104|1000,4019|400",,,,,-1,-1,-1,,[1],,,,,,,,,-1,0,,-1,,-1,0,-1,,[0],[0],{0:0},-1,{1:BuffUpgradeData},[],
1005285,,-1,-1,-1,-1,{},,,,,,-1,-1,-1,,[1],,,,,,,[10052802],,-1,0,,-1,,-1,0,-1,,[2],[2],{2:0},-1,{1:BuffUpgradeData},[],
1005286,,48,-1,-1,-1,{48:0},104|2000,,,,,-1,-1,-1,,[1],,,,,,,,,-1,0,,-1,,-1,0,-1,,[2],[2],{2:0},-1,{1:BuffUpgradeData},[],
1005287,,30,-1,-1,-1,{30:0},1000,,,,,-1,-1,-1,,,,,,,,,,,-1,0,,-1,,-1,0,-1,,[0|30],[0|30],{0:0|30:1},-1,{1:BuffUpgradeData},[],
1005288,stun,3,-1,-1,-1,{3:0},,,,,,-1,-1,-1,,,,,,,,,[100001],,-1,0,,-1,,-1,0,-1,,[1|3],[1|3],{1:0|3:1},-1,{1:BuffUpgradeData},[],
1005301,,7,-1,-1,-1,{7:0},301|2,,,,,-1,-1,-1,,[1],,,,,,,,,-1,0,,-1,,3,0,-1,,[0],[0],{0:0},-1,{1:BuffUpgradeData},[],
1005302,,9,-1,-1,-1,{9:0},1|1|3|20000|5000|0|0|1,,,,,-1,-1,-1,,,,,,,,,,,-1,0,,-1,,-1,0,-1,,[0|4],[0|4],{0:0|4:1},-1,{1:BuffUpgradeData},[],
1005303,,9,-1,-1,-1,{9:0},1|1|3|40000|5000|0|0|1,,,,,-1,-1,-1,,,,,,,,,,,-1,0,,-1,,-1,0,-1,,[0|4],[0|4],{0:0|4:1},-1,{1:BuffUpgradeData},[],
1005311,,9,-1,-1,-1,{9:0},1|1|4|500|6000|0|0|1,,,,,-1,-1,-1,,,0|0|0|50|0|0|0|0,,,,,,[1005302],,-1,0,,-1,,-1,0,-1,,[0|4],[0|4],{0:0|4:1},-1,{1:BuffUpgradeData},[],
1005312,,9,48,-1,-1,{9:0|48:1},1|1|4|750|6000|0|0|1,80|1200,,,,-1,-1,-1,,,0|0|0|50|0|0|0|0,,,,,,[1005302],,-1,0,,-1,,-1,0,-1,,[0|4],[0|4],{0:0|4:1},-1,{1:BuffUpgradeData},[],
1005313,,9,48,-1,-1,{9:0|48:1},1|1|4|1000|6000|0|0|1,80|1200,,,,-1,-1,-1,,,0|0|0|50|0|0|0|0,,,,,,[1005302],,-1,0,,-1,,-1,0,-1,,[0|4],[0|4],{0:0|4:1},-1,{1:BuffUpgradeData},[],
1005314,,9,48,1,-1,{9:0|48:1|1:2},1|1|4|1250|6000|0|0|1,80|1200,0|3|10000,,,-1,-1,-1,,,0|0|0|50|0|0|0|0,,,,,,[1005302],,-1,0,,-1,,-1,0,-1,,[0|4],[0|4],{0:0|4:1},1000,{1:BuffUpgradeData},[],
1005321,run,3,4,-1,-1,{3:0|4:1},,5|20|1500,,,,-1,-1,-1,,,,,,,,,,,1,0,,-1,,-1,0,-1,,[1|17],[1|17],{1:0|17:1},-1,{1:BuffUpgradeData},[],
1005322,,48,-1,-1,-1,{48:0},6|-2500,,,,,-1,-1,-1,,,,,,,,,,,-1,0,,-1,,-1,0,-1,,[1|301],[1|301],{1:0|301:1},-1,{1:BuffUpgradeData},[],
1005323,,48,-1,-1,-1,{48:0},6|-5000,,,,,-1,-1,-1,,,,,,,,,,,-1,0,,-1,,-1,0,-1,,[1|301],[1|301],{1:0|301:1},-1,{1:BuffUpgradeData},[],
1005331,,48,-1,-1,-1,{48:0},104|400,,,,,-1,-1,-1,,,,,,,,,,,-1,0,,-1,,-1,0,-1,,[0],[0],{0:0},-1,{1:BuffUpgradeData},[],
1005332,,48,-1,-1,-1,{48:0},104|800,,,,,-1,-1,-1,,,,,,,,,,,-1,0,,-1,,-1,0,-1,,[0],[0],{0:0},-1,{1:BuffUpgradeData},[],
1005341,,48,30,14,-1,{48:0|30:1|14:2},104|1000,1500,10053502|1,,,-1,-1,-1,,[1],0|100,,,,,,[1005301],,-1,0,,-1,,-1,0,-1,,[0],[0],{0:0},-1,{1:BuffUpgradeData},[],
1005342,,48,30,14,-1,{48:0|30:1|14:2},104|1500,2000,10053502|2,,,-1,-1,-1,,[1],0|100,,,,,,[1005301],,-1,0,,-1,,-1,0,-1,,[0],[0],{0:0},-1,{1:BuffUpgradeData},[],
1005343,,48,30,14,-1,{48:0|30:1|14:2},104|2000,2500,10053502|3,,,-1,-1,-1,,[1],0|100,,,,,,[1005301],,-1,0,,-1,,-1,0,-1,,[0],[0],{0:0},-1,{1:BuffUpgradeData},[],
1005344,,48,30,14,-1,{48:0|30:1|14:2},104|2500,3000,10053502|4,,,-1,-1,-1,,[1],0|100,,,,,,[1005301],,-1,0,,-1,,-1,0,-1,,[0],[0],{0:0},-1,{1:BuffUpgradeData},[],
1005345,,19,-1,-1,-1,{19:0},10053,,,,,-1,-1,-1,,[2|1005302],,,,,,,,,-1,0,,-1,,-1,0,-1,,[2|1005301],[2|1005301],{2:0|1005301:1},-1,{1:BuffUpgradeData},[],
1005346,,7,-1,-1,-1,{7:0},1005301|0,,,,,-1,-1,-1,,[1],,,,,,,,,-1,0,,-1,,-1,0,-1,,[2|1005302],[2|1005302],{2:0|1005302:1},-1,{1:BuffUpgradeData},[],
1005347,,48,30,-1,-1,{48:0|30:1},80|600,1200,,,[2|1],-1,-1,-1,,[1],,,,,,,,,-1,0,,-1,,-1,0,-1,,[0],[0],{0:0},-1,{1:BuffUpgradeData},[],
1005351,,30,-1,-1,-1,{30:0},1200,,,,,-1,-1,-1,,,,,,,,,,,-1,0,,-1,,-1,0,-1,,[0|30],[0|30],{0:0|30:1},-1,{1:BuffUpgradeData},[],
1005352,,30,-1,-1,-1,{30:0},1200,,,,,-1,-1,-1,,,,,,,,,,,-1,0,,-1,,-1,0,-1,,[0|30],[0|30],{0:0|30:1},-1,{1:BuffUpgradeData},[],
1005353,,20,20,-1,-1,{20:1},1|4|1005354,1|4|1005355,,,,-1,-1,-1,,[2|1005304],,,,,,,,,-1,0,,4,,1,0,-1,,[2|1005303],[2|1005303],{2:0|1005303:1},-1,{1:BuffUpgradeData},[],
1005354,,42,-1,-1,-1,{42:0},1,,,,,-1,-1,-1,,,,,,,,,,,-1,0,,-1,,-1,0,-1,,[0],[0],{0:0},-1,{1:BuffUpgradeData},[],
1005355,,7,-1,-1,-1,{7:0},1005303|0,,,,,-1,-1,-1,,[1],,,,,,,,,-1,0,,-1,,-1,0,-1,,[2|1005304],[2|1005304],{2:0|1005304:1},-1,{1:BuffUpgradeData},[],
1005356,,-1,-1,-1,-1,{},,,,,,-1,-1,-1,,[1],,,,,,,[10053802],,-1,0,,-1,,-1,0,-1,,[2],[2],{2:0},-1,{1:BuffUpgradeData},[],
1005357,,48,-1,-1,-1,{48:0},104|2000,,,,,-1,-1,-1,,[1],,,,,,,,,-1,0,,-1,,-1,0,-1,,[0],[0],{0:0},-1,{1:BuffUpgradeData},[],
1005358,,48,-1,-1,-1,{48:0},"3104|1000,3019|400",,,,,-1,-1,-1,,[1],,,,,,,,,-1,0,,-1,,-1,0,-1,,[0],[0],{0:0},-1,{1:BuffUpgradeData},[],
1005401,,48,30,-1,-1,{48:0|30:1},103|-700,-1000,,,,-1,-1,-1,,,0|-50,,,,,,[1005402],,-1,0,,-1,,-1,0,-1,,[1|301],[1|301],{1:0|301:1},-1,{1:BuffUpgradeData},[],
1005402,,48,30,-1,-1,{48:0|30:1},103|-950,-2000,,,,-1,-1,-1,,,0|-50,,,,,,[1005402],,-1,0,,-1,,-1,0,-1,,[1|301],[1|301],{1:0|301:1},-1,{1:BuffUpgradeData},[],
1005403,,48,30,-1,-1,{48:0|30:1},103|-1200,-2000,,,,-1,-1,-1,,,0|-50,,,,,,[1005402],,-1,0,,-1,,-1,0,-1,,[1|301],[1|301],{1:0|301:1},-1,{1:BuffUpgradeData},[],
1005404,,48,30,-1,-1,{48:0|30:1},103|-1450,-2000,,,,-1,-1,-1,,,0|-50,,,,,,[1005402],,-1,0,,-1,,-1,0,-1,,[1|301],[1|301],{1:0|301:1},-1,{1:BuffUpgradeData},[],
1005411,,48,1,-1,-1,{48:0|1:1},104|500,2|4|300,,,,-1,-1,-1,,,0|50,,,,,,[1005403],,-1,0,,-1,,-1,0,-1,,[0],[0],{0:0},1000,{1:BuffUpgradeData},[],
1005412,,48,1,-1,-1,{48:0|1:1},104|1000,2|4|300,,,,-1,-1,-1,,,0|50,,,,,,[1005403],,-1,0,,-1,,-1,0,-1,,[0],[0],{0:0},1000,{1:BuffUpgradeData},[],
1005413,,48,1,-1,-1,{48:0|1:1},"104|1500,71|1000",2|4|300,,,,-1,-1,-1,,,"0|50,0|0",,,,,,[1005403],,-1,0,,-1,,-1,0,-1,,[0],[0],{0:0},1000,{1:BuffUpgradeData},[],
1005414,,48,1,-1,-1,{48:0|1:1},"104|2000,71|2000",2|4|300,,,,-1,-1,-1,,,"0|50,0|0",,,,,,[1005403],,-1,0,,-1,,-1,0,-1,,[0],[0],{0:0},1000,{1:BuffUpgradeData},[],
1005415,,10,-1,-1,-1,{10:0},"3|7|8|9|13|14|15|17|18|204,1",,,,,-1,-1,-1,,,,,,,,,,,-1,0,,-1,,-1,0,-1,,[0],[0],{0:0},-1,{1:BuffUpgradeData},[],
1005421,,5,-1,-1,-1,{5:0},30024|1|10000|30000|2|100|10054304|0|1|1,,,,,-1,-1,-1,,,0|0|300|1000|0|0|0|0|0|0,,,,,,,,-1,0,,-1,,-1,0,-1,,[2],[2],{2:0},-1,{1:BuffUpgradeData},[],
1005422,,5,-1,-1,-1,{5:0},30024|1|11500|35000|2|100|10054314|0|2|1,,,,,-1,-1,-1,,,0|0|300|1000|0|0|0|0|0|0,,,,,,,,-1,0,,-1,,-1,0,-1,,[2],[2],{2:0},-1,{1:BuffUpgradeData},[],
1005423,,5,-1,-1,-1,{5:0},30024|1|13000|40000|2|100|10054324|0|3|1,,,,,-1,-1,-1,,,0|0|300|1000|0|0|0|0|0|0,,,,,,,,-1,0,,-1,,-1,0,-1,,[2],[2],{2:0},-1,{1:BuffUpgradeData},[],
1005424,,5,-1,-1,-1,{5:0},30024|1|14500|45000|2|100|10054334|0|4|1,,,,,-1,-1,-1,,,0|0|300|1000|0|0|0|0|0|0,,,,,,,,-1,0,,-1,,-1,0,-1,,[2],[2],{2:0},-1,{1:BuffUpgradeData},[],
1005425,,8,-1,-1,-1,{8:0},,,,,,-1,-1,-1,,,,,,,,,[1001721],,-1,0,,-1,,3,0,-1,,[1|14],[1|14],{1:0|14:1},-1,{1:BuffUpgradeData},[],
1005426,,48,-1,-1,-1,{48:0},6|-2500,,,,,-1,-1,-1,,,,,,,,,,,-1,0,,-1,,3,0,-1,,[1|301],[1|301],{1:0|301:1},-1,{1:BuffUpgradeData},[],
1005427,,48,-1,-1,-1,{48:0},6|-5000,,,,,-1,-1,-1,,,,,,,,,,,-1,0,,-1,,3,0,-1,,[1|301],[1|301],{1:0|301:1},-1,{1:BuffUpgradeData},[],
1005428,,48,-1,-1,-1,{48:0},34|-5000,,,,,-1,-1,-1,,,,,,,,,,,-1,0,,-1,,-1,0,-1,,[1|301],[1|301],{1:0|301:1},-1,{1:BuffUpgradeData},[],
1005429,,30,-1,-1,-1,{30:0},5000,,,,,-1,-1,-1,,[1],,,,,,,,,-1,0,,-1,,3,0,-1,,[0],[0],{0:0},-1,{1:BuffUpgradeData},[],
1005431,,14,-1,-1,-1,{14:0},10054402|1,,,,,-1,-1,-1,,[1],,,,,,,,,-1,0,,-1,,-1,0,-1,,[0],[0],{0:0},-1,{1:BuffUpgradeData},[],
1005432,,14,-1,-1,-1,{14:0},10054402|2,,,,,-1,-1,-1,,[1],,,,,,,,,-1,0,,-1,,-1,0,-1,,[0],[0],{0:0},-1,{1:BuffUpgradeData},[],
1005433,,14,-1,-1,-1,{14:0},10054402|3,,,,,-1,-1,-1,,[1],,,,,,,,,-1,0,,-1,,-1,0,-1,,[0],[0],{0:0},-1,{1:BuffUpgradeData},[],
1005434,,14,-1,-1,-1,{14:0},10054402|4,,,,,-1,-1,-1,,[1],,,,,,,,,-1,0,,-1,,-1,0,-1,,[0],[0],{0:0},-1,{1:BuffUpgradeData},[],
1005435,,48,-1,-1,-1,{48:0},103|-150,,,,,-1,-1,-1,,,,,,,,,,,-1,0,,6,,1,0,-1,,[1|301],[1|301],{1:0|301:1},-1,{1:BuffUpgradeData},[],
1005436,,48,-1,-1,-1,{48:0},103|-150,,,,,-1,-1,-1,,,,,,,,,,,-1,0,,12,,1,0,-1,,[1|301],[1|301],{1:0|301:1},-1,{1:BuffUpgradeData},[],
1005437,,48,-1,-1,-1,{48:0},103|-150,,,,,-1,-1,-1,,,,,,,,,,,-1,0,,18,,1,0,-1,,[1|301],[1|301],{1:0|301:1},-1,{1:BuffUpgradeData},[],
1005441,,48,-1,-1,-1,{48:0},71|400,,,,,-1,-1,-1,,,,,,,,,,,-1,0,,5,,1,0,-1,,[0],[0],{0:0},-1,{1:BuffUpgradeData},[],
1005442,,48,-1,-1,-1,{48:0},71|600,,,,,-1,-1,-1,,,,,,,,,,,-1,0,,5,,1,0,-1,,[0],[0],{0:0},-1,{1:BuffUpgradeData},[],
1005443,,48,-1,-1,-1,{48:0},71|800,,,,,-1,-1,-1,,,,,,,,,,,-1,0,,5,,1,0,-1,,[0],[0],{0:0},-1,{1:BuffUpgradeData},[],
1005444,,48,-1,-1,-1,{48:0},71|1000,,,,,-1,-1,-1,,,,,,,,,,,-1,0,,5,,1,0,-1,,[0],[0],{0:0},-1,{1:BuffUpgradeData},[],
1005445,,14,-1,-1,-1,{14:0},10054002|1|18,,,,,-1,-1,-1,,[2|1005402],,,,,,,,,-1,0,,18,,1,0,-1,,[1005401],[1005401],{1005401:0},-1,{1:BuffUpgradeData},[],
1005446,,14,-1,-1,-1,{14:0},10054003|1|18,,,,,-1,-1,-1,,[2|1005402],,,,,,,,,-1,0,,18,,1,0,-1,,[1005401],[1005401],{1005401:0},-1,{1:BuffUpgradeData},[],
1005447,,7,-1,-1,-1,{7:0},1005401|0,,,,,-1,-1,-1,,[1],,,,,,,,,-1,0,,-1,,-1,0,-1,,[1005402],[1005402],{1005402:0},-1,{1:BuffUpgradeData},[],
1005448,stun,3,-1,-1,-1,{3:0},,,,,,-1,-1,-1,,,,,,,,,[100001],,-1,0,,-1,,-1,0,-1,,[1|3],[1|3],{1:0|3:1},-1,{1:BuffUpgradeData},[],
1005449,,48,30,-1,-1,{48:0|30:1},80|600,1200,,,[2|3],-1,-1,-1,,[1],,,,,,,,,-1,0,,-1,,-1,0,-1,,[0],[0],{0:0},-1,{1:BuffUpgradeData},[],
1005451,,5,-1,-1,-1,{5:0},30025|1|20000|10000|2|150|30025101|0|1|0,,,,,-1,1,-1,,[1],,,,,,,,,-1,0,,-1,,-1,0,-1,,[2],[2],{2:0},-1,{1:BuffUpgradeData},[],
1005452,,19,-1,-1,-1,{19:0},10054,,,,,-1,-1,-1,,[2|1005404],,,,,,,,,-1,0,,-1,,-1,0,-1,,[2|1005403],[2|1005403],{2:0|1005403:1},-1,{1:BuffUpgradeData},[],
1005453,,7,-1,-1,-1,{7:0},1005403|0,,,,,-1,-1,-1,,[1],,,,,,,,,-1,0,,-1,,-1,0,-1,,[2|1005404],[2|1005404],{2:0|1005404:1},-1,{1:BuffUpgradeData},[],
1005454,,11,59,-1,-1,{11:0|59:1},4|1005402,,,,,-1,-1,-1,,[1],,,,,,,,,-1,0,,-1,,-1,0,-1,,[2],[2],{2:0},-1,{1:BuffUpgradeData},[],
1005455,,1,-1,-1,-1,{1:0},1|3|-3000,,,,,-1,-1,-1,,,,,,,,,[100003],,-1,0,,5,,1,0,-1,,[1|201|301],[1|201|301],{1:0|201:1|301:2},1000,{1:BuffUpgradeData},[],
1005456,,-1,-1,-1,-1,{},,,,,,-1,-1,-1,,[1],,,,,,,[10054802],,-1,0,,-1,,-1,0,-1,,[2],[2],{2:0},-1,{1:BuffUpgradeData},[],
1005457,,48,-1,-1,-1,{48:0},104|2000,,,,,-1,-1,-1,,[1],,,,,,,,,-1,0,,-1,,-1,0,-1,,[0],[0],{0:0},-1,{1:BuffUpgradeData},[],
1005458,,48,-1,-1,-1,{48:0},5103|1000,,,,,-1,-1,-1,,[1],,,,,,,,,-1,0,,-1,,-1,0,-1,,[0],[0],{0:0},-1,{1:BuffUpgradeData},[],
1005459,,48,-1,-1,-1,{48:0},34|-5000,,,,,-1,-1,-1,,,,,,,,,,,-1,0,,-1,,-1,0,-1,,[1|301],[1|301],{1:0|301:1},-1,{1:BuffUpgradeData},[],
1005460,,20,-1,-1,-1,{20:0},1|6|1005462|0,,,,,-1,-1,-1,,[2|1005406],,,,,,,,,-1,0,,6,,1,0,-1,,[2|1005405],[2|1005405],{2:0|1005405:1},-1,{1:BuffUpgradeData},[],
1005461,,20,-1,-1,-1,{20:0},1|5|1005463|0,,,,,-1,-1,-1,,[2|1005406],,,,,,,,,-1,0,,5,,1,0,-1,,[2|1005405],[2|1005405],{2:0|1005405:1},-1,{1:BuffUpgradeData},[],
1005462,,14,7,-1,-1,{14:0|7:1},10054804|3,1005405|0,,,,-1,-1,-1,,[1],,,,,,,,,-1,0,,-1,,-1,0,-1,,[2|1005406],[2|1005406],{2:0|1005406:1},-1,{1:BuffUpgradeData},[],
1005463,,14,7,-1,-1,{14:0|7:1},10054804|5,1005405|0,,,,-1,-1,-1,,[1],,,,,,,,,-1,0,,-1,,-1,0,-1,,[2|1005406],[2|1005406],{2:0|1005406:1},-1,{1:BuffUpgradeData},[],
1005464,,23,-1,-1,-1,{23:0},0|10054820|0|1000|1|0|0|0|0|1,,,,,-1,-1,-1,,[1],,,,,,,,,-1,0,,-1,,-1,0,-1,,[2],[2],{2:0},-1,{1:BuffUpgradeData},[],
1005465,,23,-1,-1,-1,{23:0},0|10054830|0|1000|1|0|0|0|0|1,,,,,-1,-1,-1,,[1],,,,,,,,,-1,0,,-1,,-1,0,-1,,[2],[2],{2:0},-1,{1:BuffUpgradeData},[],
1005466,stun,3,-1,-1,-1,{3:0},,,,,,-1,-1,-1,,,,,,,,,[100001],,-1,0,,-1,,-1,0,-1,,[1|3],[1|3],{1:0|3:1},-1,{1:BuffUpgradeData},[],
2000101,,48,-1,-1,-1,{48:0},34|-1000,,,,,-1,-1,-1,,[1],,,,,,,[2000101],,-1,0,,-1,,-1,0,-1,,[1],[1],{1:0},-1,{1:BuffUpgradeData},[],
2000102,,48,-1,-1,-1,{48:0},34|-2000,,,,,-1,-1,-1,,[1],,,,,,,[2000101],,-1,0,,-1,,-1,0,-1,,[1],[1],{1:0},-1,{1:BuffUpgradeData},[],
2000103,,48,-1,-1,-1,{48:0},34|-3000,,,,,-1,-1,-1,,[1],,,,,,,[2000101],,-1,0,,-1,,-1,0,-1,,[1],[1],{1:0},-1,{1:BuffUpgradeData},[],
2000104,,48,-1,-1,-1,{48:0},34|-4000,,,,,-1,-1,-1,,[1],,,,,,,[2000101],,-1,0,,-1,,-1,0,-1,,[1],[1],{1:0},-1,{1:BuffUpgradeData},[],
2000105,,30,-1,-1,-1,{30:0},-1000,,,,,-1,-1,-1,,[1],,,,,,,,,-1,0,,-1,,-1,0,-1,,[1],[1],{1:0},-1,{1:BuffUpgradeData},[],
2000106,,30,-1,-1,-1,{30:0},-1500,,,,,-1,-1,-1,,[1],,,,,,,,,-1,0,,-1,,-1,0,-1,,[1],[1],{1:0},-1,{1:BuffUpgradeData},[],
2000107,,30,-1,-1,-1,{30:0},-2000,,,,,-1,-1,-1,,[1],,,,,,,,,-1,0,,-1,,-1,0,-1,,[1],[1],{1:0},-1,{1:BuffUpgradeData},[],
2000201,,9,48,-1,-1,{9:0|48:1},1|1|4|1500|4000,15|600,,,,-1,-1,-1,,[1],,,,,,,[2000201],,-1,0,,-1,,-1,0,-1,,[0|4],[0|4],{0:0|4:1},-1,{1:BuffUpgradeData},[],
2000202,,9,48,-1,-1,{9:0|48:1},1|1|4|2400|4000,15|900,,,,-1,-1,-1,,[1],,,,,,,[2000201],,-1,0,,-1,,-1,0,-1,,[0|4],[0|4],{0:0|4:1},-1,{1:BuffUpgradeData},[],
2000203,,9,48,-1,-1,{9:0|48:1},1|1|4|3300|4000,15|1200,,,,-1,-1,-1,,[1],,,,,,,[2000201],,-1,0,,-1,,-1,0,-1,,[0|4],[0|4],{0:0|4:1},-1,{1:BuffUpgradeData},[],
2000204,,9,48,-1,-1,{9:0|48:1},1|1|4|4200|4000,15|1200,,,,-1,-1,-1,,[1],,,,,,,[2000201],,-1,0,,-1,,-1,0,-1,,[0|4],[0|4],{0:0|4:1},-1,{1:BuffUpgradeData},[],
2000205,,54,-1,-1,-1,{54:0},6001|1000,,,,,-1,-1,-1,,[1],,,,,,,,,-1,0,,-1,,-1,0,-1,,[0],[0],{0:0},-1,{1:BuffUpgradeData},[],
2000206,,54,-1,-1,-1,{54:0},6001|2000,,,,,-1,-1,-1,,[1],,,,,,,,,-1,0,,-1,,-1,0,-1,,[0],[0],{0:0},-1,{1:BuffUpgradeData},[],
2000207,,54,-1,-1,-1,{54:0},6001|3000,,,,,-1,-1,-1,,[1],,,,,,,,,-1,0,,-1,,-1,0,-1,,[0],[0],{0:0},-1,{1:BuffUpgradeData},[],
2000301,,48,-1,-1,-1,{48:0},16|-500,,,,,-1,-1,-1,,[1],,,,,,,[2000301],,-1,0,,-1,,-1,0,-1,,[1],[1],{1:0},-1,{1:BuffUpgradeData},[],
2000302,,48,-1,-1,-1,{48:0},16|-1000,,,,,-1,-1,-1,,[1],,,,,,,[2000301],,-1,0,,-1,,-1,0,-1,,[1],[1],{1:0},-1,{1:BuffUpgradeData},[],
2000303,,48,-1,-1,-1,{48:0},16|-1500,,,,,-1,-1,-1,,[1],,,,,,,[2000301],,-1,0,,-1,,-1,0,-1,,[1],[1],{1:0},-1,{1:BuffUpgradeData},[],
2000304,,48,-1,-1,-1,{48:0},16|-2000,,,,,-1,-1,-1,,[1],,,,,,,[2000301],,-1,0,,-1,,-1,0,-1,,[1],[1],{1:0},-1,{1:BuffUpgradeData},[],
2000305,,48,-1,-1,-1,{48:0},122|-1000|-4000|0,,,,,-1,-1,-1,,[1],,,,,,,,,-1,0,,-1,,-1,0,-1,,[1],[1],{1:0},-1,{1:BuffUpgradeData},[],
2000306,,48,-1,-1,-1,{48:0},122|-1500|-6000|0,,,,,-1,-1,-1,,[1],,,,,,,,,-1,0,,-1,,-1,0,-1,,[1],[1],{1:0},-1,{1:BuffUpgradeData},[],
2000307,,48,-1,-1,-1,{48:0},122|-2000|-8000|0,,,,,-1,-1,-1,,[1],,,,,,,,,-1,0,,-1,,-1,0,-1,,[1],[1],{1:0},-1,{1:BuffUpgradeData},[],
2000401,,9,48,-1,-1,{9:0|48:1},1|1|4|1500|4000,15|300,,,,-1,-1,-1,,[1],,,,,,,[2000401],,-1,0,,-1,,-1,0,-1,,[0|4],[0|4],{0:0|4:1},-1,{1:BuffUpgradeData},[],
2000402,,9,48,-1,-1,{9:0|48:1},1|1|4|2400|4000,15|600,,,,-1,-1,-1,,[1],,,,,,,[2000401],,-1,0,,-1,,-1,0,-1,,[0|4],[0|4],{0:0|4:1},-1,{1:BuffUpgradeData},[],
2000403,,9,48,-1,-1,{9:0|48:1},1|1|4|3300|4000,15|900,,,,-1,-1,-1,,[1],,,,,,,[2000401],,-1,0,,-1,,-1,0,-1,,[0|4],[0|4],{0:0|4:1},-1,{1:BuffUpgradeData},[],
2000404,,9,48,-1,-1,{9:0|48:1},1|1|4|4200|4000,15|1200,,,,-1,-1,-1,,[1],,,,,,,[2000401],,-1,0,,-1,,-1,0,-1,,[0|4],[0|4],{0:0|4:1},-1,{1:BuffUpgradeData},[],
2000405,,54,-1,-1,-1,{54:0},6001|1000,,,,,-1,-1,-1,,[1],,,,,,,,,-1,0,,-1,,-1,0,-1,,[0],[0],{0:0},-1,{1:BuffUpgradeData},[],
2000406,,54,-1,-1,-1,{54:0},6001|2000,,,,,-1,-1,-1,,[1],,,,,,,,,-1,0,,-1,,-1,0,-1,,[0],[0],{0:0},-1,{1:BuffUpgradeData},[],
2000407,,54,-1,-1,-1,{54:0},6001|3000,,,,,-1,-1,-1,,[1],,,,,,,,,-1,0,,-1,,-1,0,-1,,[0],[0],{0:0},-1,{1:BuffUpgradeData},[],
2000501,,48,-1,-1,-1,{48:0},34|-1000,,,,,-1,-1,-1,,[1],,,,,,,[2000501],,-1,0,,-1,,-1,0,-1,,[1],[1],{1:0},-1,{1:BuffUpgradeData},[],
2000502,,48,-1,-1,-1,{48:0},34|-2000,,,,,-1,-1,-1,,[1],,,,,,,[2000501],,-1,0,,-1,,-1,0,-1,,[1],[1],{1:0},-1,{1:BuffUpgradeData},[],
2000503,,48,-1,-1,-1,{48:0},34|-3000,,,,,-1,-1,-1,,[1],,,,,,,[2000501],,-1,0,,-1,,-1,0,-1,,[1],[1],{1:0},-1,{1:BuffUpgradeData},[],
2000504,,48,-1,-1,-1,{48:0},34|-4000,,,,,-1,-1,-1,,[1],,,,,,,[2000501],,-1,0,,-1,,-1,0,-1,,[1],[1],{1:0},-1,{1:BuffUpgradeData},[],
2000505,,48,-1,-1,-1,{48:0},122|-1000|-4000|0,,,,,-1,-1,-1,,[1],,,,,,,,,-1,0,,-1,,-1,0,-1,,[1],[1],{1:0},-1,{1:BuffUpgradeData},[],
2000506,,48,-1,-1,-1,{48:0},122|-1500|-6000|0,,,,,-1,-1,-1,,[1],,,,,,,,,-1,0,,-1,,-1,0,-1,,[1],[1],{1:0},-1,{1:BuffUpgradeData},[],
2000507,,48,-1,-1,-1,{48:0},122|-2000|-8000|0,,,,,-1,-1,-1,,[1],,,,,,,,,-1,0,,-1,,-1,0,-1,,[1],[1],{1:0},-1,{1:BuffUpgradeData},[],
2000601,,9,48,-1,-1,{9:0|48:1},1|1|4|1500|4000,15|300,,,,-1,-1,-1,,[1],,,,,,,[2000601],,-1,0,,-1,,-1,0,-1,,[0|4],[0|4],{0:0|4:1},-1,{1:BuffUpgradeData},[],
2000602,,9,48,-1,-1,{9:0|48:1},1|1|4|2400|4000,15|600,,,,-1,-1,-1,,[1],,,,,,,[2000601],,-1,0,,-1,,-1,0,-1,,[0|4],[0|4],{0:0|4:1},-1,{1:BuffUpgradeData},[],
2000603,,9,48,-1,-1,{9:0|48:1},1|1|4|3300|4000,15|900,,,,-1,-1,-1,,[1],,,,,,,[2000601],,-1,0,,-1,,-1,0,-1,,[0|4],[0|4],{0:0|4:1},-1,{1:BuffUpgradeData},[],
2000604,,9,48,-1,-1,{9:0|48:1},1|1|4|4200|4000,15|1200,,,,-1,-1,-1,,[1],,,,,,,[2000601],,-1,0,,-1,,-1,0,-1,,[0|4],[0|4],{0:0|4:1},-1,{1:BuffUpgradeData},[],
2000605,,48,-1,-1,-1,{48:0},6001|1000,,,,,-1,-1,-1,,[1],,,,,,,,,-1,0,,-1,,-1,0,-1,,[0],[0],{0:0},-1,{1:BuffUpgradeData},[],
2000606,,48,-1,-1,-1,{48:0},6001|2000,,,,,-1,-1,-1,,[1],,,,,,,,,-1,0,,-1,,-1,0,-1,,[0],[0],{0:0},-1,{1:BuffUpgradeData},[],
2000607,,48,-1,-1,-1,{48:0},6001|3000,,,,,-1,-1,-1,,[1],,,,,,,,,-1,0,,-1,,-1,0,-1,,[0],[0],{0:0},-1,{1:BuffUpgradeData},[],
2000801,,5,-1,-1,-1,{5:0},30001|2|1500|1000|1|0,,,,,-1,1,-1,,[1],,,,,,,,,-1,0,,-1,,-1,0,-1,,[2],[2],{2:0},-1,{1:BuffUpgradeData},[],
2000802,,5,-1,-1,-1,{5:0},30001|2|2250|1500|1|0,,,,,-1,1,-1,,[1],,,,,,,,,-1,0,,-1,,-1,0,-1,,[2],[2],{2:0},-1,{1:BuffUpgradeData},[],
2000803,,5,-1,-1,-1,{5:0},30001|2|3000|2000|1|0,,,,,-1,1,-1,,[1],,,,,,,,,-1,0,,-1,,-1,0,-1,,[2],[2],{2:0},-1,{1:BuffUpgradeData},[],
2000804,,5,-1,-1,-1,{5:0},30001|2|4500|4500|1|0,,,,,-1,1,-1,,[1],,,,,,,,,-1,0,,-1,,-1,0,-1,,[2],[2],{2:0},-1,{1:BuffUpgradeData},[],
2001301,,5,-1,-1,-1,{5:0},30002|1|10000|2000|1|0,,,,,-1,1,-1,,[1],,,,,,,,,-1,0,,-1,,-1,0,-1,,[2],[2],{2:0},-1,{1:BuffUpgradeData},[],
2001302,,5,-1,-1,-1,{5:0},30002|1|20000|2000|1|0,,,,,-1,1,-1,,[1],,,,,,,,,-1,0,,-1,,-1,0,-1,,[2],[2],{2:0},-1,{1:BuffUpgradeData},[],
2001303,,5,-1,-1,-1,{5:0},30002|1|30000|2000|1|0,,,,,-1,1,-1,,[1],,,,,,,,,-1,0,,-1,,-1,0,-1,,[2],[2],{2:0},-1,{1:BuffUpgradeData},[],
2001304,,5,-1,-1,-1,{5:0},30002|1|50000|2000|1|0,,,,,-1,1,-1,,[1],,,,,,,,,-1,0,,-1,,-1,0,-1,,[2],[2],{2:0},-1,{1:BuffUpgradeData},[],
2002931,,5,-1,-1,-1,{5:0},30003|1|100|9000|2|100,,,,,-1,1,-1,,[1],,,,,,,,,-1,0,,-1,,-1,0,-1,,[2],[2],{2:0},-1,{1:BuffUpgradeData},[],
2002932,,5,-1,-1,-1,{5:0},30003|1|100|13500|2|100,,,,,-1,1,-1,,[1],,,,,,,,,-1,0,,-1,,-1,0,-1,,[2],[2],{2:0},-1,{1:BuffUpgradeData},[],
2002933,,5,-1,-1,-1,{5:0},30003|1|100|18000|2|100,,,,,-1,1,-1,,[1],,,,,,,,,-1,0,,-1,,-1,0,-1,,[2],[2],{2:0},-1,{1:BuffUpgradeData},[],
2002934,,5,-1,-1,-1,{5:0},30003|1|100|27000|2|100,,,,,-1,1,-1,,[1],,,,,,,,,-1,0,,-1,,-1,0,-1,,[2],[2],{2:0},-1,{1:BuffUpgradeData},[],
2003401,,5,-1,-1,-1,{5:0},30005|2|1500|1500|2|100,,,,,-1,1,-1,,[1],,,,,,,,,-1,0,,-1,,-1,0,-1,,[2],[2],{2:0},-1,{1:BuffUpgradeData},[],
2003402,,5,-1,-1,-1,{5:0},30005|2|2250|2250|2|100,,,,,-1,1,-1,,[1],,,,,,,,,-1,0,,-1,,-1,0,-1,,[2],[2],{2:0},-1,{1:BuffUpgradeData},[],
2003403,,5,-1,-1,-1,{5:0},30005|2|3000|3000|2|100,,,,,-1,1,-1,,[1],,,,,,,,,-1,0,,-1,,-1,0,-1,,[2],[2],{2:0},-1,{1:BuffUpgradeData},[],
2003404,,5,-1,-1,-1,{5:0},30005|2|4500|4500|2|100,,,,,-1,1,-1,,[1],,,,,,,,,-1,0,,-1,,-1,0,-1,,[2],[2],{2:0},-1,{1:BuffUpgradeData},[],
2100101,,48,-1,-1,-1,{48:0},104|4000,,,,[2|1],-1,1,-1,,[1],,,,,Effect/Battle/YiJi_MiBao/LianMengZhanGu_Buff,,[2100101],,-1,0,,-1,,-1,0,-1,,[0|300],[0|300],{0:0|300:1},-1,{1:BuffUpgradeData},[],
2100102,,48,-1,-1,-1,{48:0},104|5000,,,,[2|1],-1,1,-1,,[1],,,,,Effect/Battle/YiJi_MiBao/LianMengZhanGu_Buff,,[2100101],,-1,0,,-1,,-1,0,-1,,[0|300],[0|300],{0:0|300:1},-1,{1:BuffUpgradeData},[],
2100103,,48,-1,-1,-1,{48:0},104|6000,,,,[2|1],-1,1,-1,,[1],,,,,Effect/Battle/YiJi_MiBao/LianMengZhanGu_Buff,,[2100101],,-1,0,,-1,,-1,0,-1,,[0|300],[0|300],{0:0|300:1},-1,{1:BuffUpgradeData},[],
2100104,,48,-1,-1,-1,{48:0},104|7000,,,,[2|1],-1,1,-1,,[1],,,,,Effect/Battle/YiJi_MiBao/LianMengZhanGu_Buff,,[2100101],,-1,0,,-1,,-1,0,-1,,[0|300],[0|300],{0:0|300:1},-1,{1:BuffUpgradeData},[],
2100105,,48,-1,-1,-1,{48:0},104|8000,,,,[2|1],-1,1,-1,,[1],,,,,Effect/Battle/YiJi_MiBao/LianMengZhanGu_Buff,,[2100101],,-1,0,,-1,,-1,0,-1,,[0|300],[0|300],{0:0|300:1},-1,{1:BuffUpgradeData},[],
2100106,,48,-1,-1,-1,{48:0},104|9000,,,,[2|1],-1,1,-1,,[1],,,,,Effect/Battle/YiJi_MiBao/LianMengZhanGu_Buff,,[2100101],,-1,0,,-1,,-1,0,-1,,[0|300],[0|300],{0:0|300:1},-1,{1:BuffUpgradeData},[],
2100107,,48,-1,-1,-1,{48:0},104|10000,,,,[2|1],-1,1,-1,,[1],,,,,Effect/Battle/YiJi_MiBao/LianMengZhanGu_Buff,,[2100101],,-1,0,,-1,,-1,0,-1,,[0|300],[0|300],{0:0|300:1},-1,{1:BuffUpgradeData},[],
2100108,,48,-1,-1,-1,{48:0},104|11000,,,,[2|1],-1,1,-1,,[1],,,,,Effect/Battle/YiJi_MiBao/LianMengZhanGu_Buff,,[2100101],,-1,0,,-1,,-1,0,-1,,[0|300],[0|300],{0:0|300:1},-1,{1:BuffUpgradeData},[],
2100109,,48,-1,-1,-1,{48:0},104|12000,,,,[2|1],-1,1,-1,,[1],,,,,Effect/Battle/YiJi_MiBao/LianMengZhanGu_Buff,,[2100101],,-1,0,,-1,,-1,0,-1,,[0|300],[0|300],{0:0|300:1},-1,{1:BuffUpgradeData},[],
2100201,,48,-1,-1,-1,{48:0},104|4000,,,,[2|2],-1,1,-1,,[1],,,,,Effect/Battle/YiJi_MiBao/BuZuZhanGu_Buff,,[2100201],,-1,0,,-1,,-1,0,-1,,[0|300],[0|300],{0:0|300:1},-1,{1:BuffUpgradeData},[],
2100202,,48,-1,-1,-1,{48:0},104|5000,,,,[2|2],-1,1,-1,,[1],,,,,Effect/Battle/YiJi_MiBao/BuZuZhanGu_Buff,,[2100201],,-1,0,,-1,,-1,0,-1,,[0|300],[0|300],{0:0|300:1},-1,{1:BuffUpgradeData},[],
2100203,,48,-1,-1,-1,{48:0},104|6000,,,,[2|2],-1,1,-1,,[1],,,,,Effect/Battle/YiJi_MiBao/BuZuZhanGu_Buff,,[2100201],,-1,0,,-1,,-1,0,-1,,[0|300],[0|300],{0:0|300:1},-1,{1:BuffUpgradeData},[],
2100204,,48,-1,-1,-1,{48:0},104|7000,,,,[2|2],-1,1,-1,,[1],,,,,Effect/Battle/YiJi_MiBao/BuZuZhanGu_Buff,,[2100201],,-1,0,,-1,,-1,0,-1,,[0|300],[0|300],{0:0|300:1},-1,{1:BuffUpgradeData},[],
2100205,,48,-1,-1,-1,{48:0},104|8000,,,,[2|2],-1,1,-1,,[1],,,,,Effect/Battle/YiJi_MiBao/BuZuZhanGu_Buff,,[2100201],,-1,0,,-1,,-1,0,-1,,[0|300],[0|300],{0:0|300:1},-1,{1:BuffUpgradeData},[],
2100206,,48,-1,-1,-1,{48:0},104|9000,,,,[2|2],-1,1,-1,,[1],,,,,Effect/Battle/YiJi_MiBao/BuZuZhanGu_Buff,,[2100201],,-1,0,,-1,,-1,0,-1,,[0|300],[0|300],{0:0|300:1},-1,{1:BuffUpgradeData},[],
2100207,,48,-1,-1,-1,{48:0},104|10000,,,,[2|2],-1,1,-1,,[1],,,,,Effect/Battle/YiJi_MiBao/BuZuZhanGu_Buff,,[2100201],,-1,0,,-1,,-1,0,-1,,[0|300],[0|300],{0:0|300:1},-1,{1:BuffUpgradeData},[],
2100208,,48,-1,-1,-1,{48:0},104|11000,,,,[2|2],-1,1,-1,,[1],,,,,Effect/Battle/YiJi_MiBao/BuZuZhanGu_Buff,,[2100201],,-1,0,,-1,,-1,0,-1,,[0|300],[0|300],{0:0|300:1},-1,{1:BuffUpgradeData},[],
2100209,,48,-1,-1,-1,{48:0},104|12000,,,,[2|2],-1,1,-1,,[1],,,,,Effect/Battle/YiJi_MiBao/BuZuZhanGu_Buff,,[2100201],,-1,0,,-1,,-1,0,-1,,[0|300],[0|300],{0:0|300:1},-1,{1:BuffUpgradeData},[],
2100301,,48,-1,-1,-1,{48:0},104|4000,,,,[2|3],-1,1,-1,,[1],,,,,Effect/Battle/YiJi_MiBao/ZiRanZhanGu_Buff,,[2100301],,-1,0,,-1,,-1,0,-1,,[0|300],[0|300],{0:0|300:1},-1,{1:BuffUpgradeData},[],
2100302,,48,-1,-1,-1,{48:0},104|5000,,,,[2|3],-1,1,-1,,[1],,,,,Effect/Battle/YiJi_MiBao/ZiRanZhanGu_Buff,,[2100301],,-1,0,,-1,,-1,0,-1,,[0|300],[0|300],{0:0|300:1},-1,{1:BuffUpgradeData},[],
2100303,,48,-1,-1,-1,{48:0},104|6000,,,,[2|3],-1,1,-1,,[1],,,,,Effect/Battle/YiJi_MiBao/ZiRanZhanGu_Buff,,[2100301],,-1,0,,-1,,-1,0,-1,,[0|300],[0|300],{0:0|300:1},-1,{1:BuffUpgradeData},[],
2100304,,48,-1,-1,-1,{48:0},104|7000,,,,[2|3],-1,1,-1,,[1],,,,,Effect/Battle/YiJi_MiBao/ZiRanZhanGu_Buff,,[2100301],,-1,0,,-1,,-1,0,-1,,[0|300],[0|300],{0:0|300:1},-1,{1:BuffUpgradeData},[],
2100305,,48,-1,-1,-1,{48:0},104|8000,,,,[2|3],-1,1,-1,,[1],,,,,Effect/Battle/YiJi_MiBao/ZiRanZhanGu_Buff,,[2100301],,-1,0,,-1,,-1,0,-1,,[0|300],[0|300],{0:0|300:1},-1,{1:BuffUpgradeData},[],
2100306,,48,-1,-1,-1,{48:0},104|9000,,,,[2|3],-1,1,-1,,[1],,,,,Effect/Battle/YiJi_MiBao/ZiRanZhanGu_Buff,,[2100301],,-1,0,,-1,,-1,0,-1,,[0|300],[0|300],{0:0|300:1},-1,{1:BuffUpgradeData},[],
2100307,,48,-1,-1,-1,{48:0},104|10000,,,,[2|3],-1,1,-1,,[1],,,,,Effect/Battle/YiJi_MiBao/ZiRanZhanGu_Buff,,[2100301],,-1,0,,-1,,-1,0,-1,,[0|300],[0|300],{0:0|300:1},-1,{1:BuffUpgradeData},[],
2100308,,48,-1,-1,-1,{48:0},104|11000,,,,[2|3],-1,1,-1,,[1],,,,,Effect/Battle/YiJi_MiBao/ZiRanZhanGu_Buff,,[2100301],,-1,0,,-1,,-1,0,-1,,[0|300],[0|300],{0:0|300:1},-1,{1:BuffUpgradeData},[],
2100309,,48,-1,-1,-1,{48:0},104|12000,,,,[2|3],-1,1,-1,,[1],,,,,Effect/Battle/YiJi_MiBao/ZiRanZhanGu_Buff,,[2100301],,-1,0,,-1,,-1,0,-1,,[0|300],[0|300],{0:0|300:1},-1,{1:BuffUpgradeData},[],
2101101,,48,-1,-1,-1,{48:0},104|2000,,,,[2|1],-1,1,-1,,[1],,,,,Effect/Battle/YiJi_MiBao/LianMengZhanGu_Buff,,[2100101],,-1,0,,-1,,-1,0,-1,,[0|300],[0|300],{0:0|300:1},-1,{1:BuffUpgradeData},[],
2101102,,48,-1,-1,-1,{48:0},104|2500,,,,[2|1],-1,1,-1,,[1],,,,,Effect/Battle/YiJi_MiBao/LianMengZhanGu_Buff,,[2100101],,-1,0,,-1,,-1,0,-1,,[0|300],[0|300],{0:0|300:1},-1,{1:BuffUpgradeData},[],
2101103,,48,-1,-1,-1,{48:0},104|3000,,,,[2|1],-1,1,-1,,[1],,,,,Effect/Battle/YiJi_MiBao/LianMengZhanGu_Buff,,[2100101],,-1,0,,-1,,-1,0,-1,,[0|300],[0|300],{0:0|300:1},-1,{1:BuffUpgradeData},[],
2101104,,48,-1,-1,-1,{48:0},104|3000,,,,[2|1],-1,1,-1,,[1],,,,,Effect/Battle/YiJi_MiBao/LianMengZhanGu_Buff,,[2100101],,-1,0,,-1,,-1,0,-1,,[0|300],[0|300],{0:0|300:1},-1,{1:BuffUpgradeData},[],
2101105,,48,-1,-1,-1,{48:0},104|4000,,,,[2|1],-1,1,-1,,[1],,,,,Effect/Battle/YiJi_MiBao/LianMengZhanGu_Buff,,[2100101],,-1,0,,-1,,-1,0,-1,,[0|300],[0|300],{0:0|300:1},-1,{1:BuffUpgradeData},[],
2101106,,48,-1,-1,-1,{48:0},104|5000,,,,[2|1],-1,1,-1,,[1],,,,,Effect/Battle/YiJi_MiBao/LianMengZhanGu_Buff,,[2100101],,-1,0,,-1,,-1,0,-1,,[0|300],[0|300],{0:0|300:1},-1,{1:BuffUpgradeData},[],
2101107,,48,-1,-1,-1,{48:0},104|5000,,,,[2|1],-1,1,-1,,[1],,,,,Effect/Battle/YiJi_MiBao/LianMengZhanGu_Buff,,[2100101],,-1,0,,-1,,-1,0,-1,,[0|300],[0|300],{0:0|300:1},-1,{1:BuffUpgradeData},[],
2101108,,48,-1,-1,-1,{48:0},104|6000,,,,[2|1],-1,1,-1,,[1],,,,,Effect/Battle/YiJi_MiBao/LianMengZhanGu_Buff,,[2100101],,-1,0,,-1,,-1,0,-1,,[0|300],[0|300],{0:0|300:1},-1,{1:BuffUpgradeData},[],
2101109,,48,-1,-1,-1,{48:0},104|8000,,,,[2|1],-1,1,-1,,[1],,,,,Effect/Battle/YiJi_MiBao/LianMengZhanGu_Buff,,[2100101],,-1,0,,-1,,-1,0,-1,,[0|300],[0|300],{0:0|300:1},-1,{1:BuffUpgradeData},[],
2101201,,48,-1,-1,-1,{48:0},104|2000,,,,[2|2],-1,1,-1,,[1],,,,,Effect/Battle/YiJi_MiBao/BuZuZhanGu_Buff,,[2100201],,-1,0,,-1,,-1,0,-1,,[0|300],[0|300],{0:0|300:1},-1,{1:BuffUpgradeData},[],
2101202,,48,-1,-1,-1,{48:0},104|2500,,,,[2|2],-1,1,-1,,[1],,,,,Effect/Battle/YiJi_MiBao/BuZuZhanGu_Buff,,[2100201],,-1,0,,-1,,-1,0,-1,,[0|300],[0|300],{0:0|300:1},-1,{1:BuffUpgradeData},[],
2101203,,48,-1,-1,-1,{48:0},104|3000,,,,[2|2],-1,1,-1,,[1],,,,,Effect/Battle/YiJi_MiBao/BuZuZhanGu_Buff,,[2100201],,-1,0,,-1,,-1,0,-1,,[0|300],[0|300],{0:0|300:1},-1,{1:BuffUpgradeData},[],
2101204,,48,-1,-1,-1,{48:0},104|3000,,,,[2|2],-1,1,-1,,[1],,,,,Effect/Battle/YiJi_MiBao/BuZuZhanGu_Buff,,[2100201],,-1,0,,-1,,-1,0,-1,,[0|300],[0|300],{0:0|300:1},-1,{1:BuffUpgradeData},[],
2101205,,48,-1,-1,-1,{48:0},104|4000,,,,[2|2],-1,1,-1,,[1],,,,,Effect/Battle/YiJi_MiBao/BuZuZhanGu_Buff,,[2100201],,-1,0,,-1,,-1,0,-1,,[0|300],[0|300],{0:0|300:1},-1,{1:BuffUpgradeData},[],
2101206,,48,-1,-1,-1,{48:0},104|5000,,,,[2|2],-1,1,-1,,[1],,,,,Effect/Battle/YiJi_MiBao/BuZuZhanGu_Buff,,[2100201],,-1,0,,-1,,-1,0,-1,,[0|300],[0|300],{0:0|300:1},-1,{1:BuffUpgradeData},[],
2101207,,48,-1,-1,-1,{48:0},104|5000,,,,[2|2],-1,1,-1,,[1],,,,,Effect/Battle/YiJi_MiBao/BuZuZhanGu_Buff,,[2100201],,-1,0,,-1,,-1,0,-1,,[0|300],[0|300],{0:0|300:1},-1,{1:BuffUpgradeData},[],
2101208,,48,-1,-1,-1,{48:0},104|6000,,,,[2|2],-1,1,-1,,[1],,,,,Effect/Battle/YiJi_MiBao/BuZuZhanGu_Buff,,[2100201],,-1,0,,-1,,-1,0,-1,,[0|300],[0|300],{0:0|300:1},-1,{1:BuffUpgradeData},[],
2101209,,48,-1,-1,-1,{48:0},104|8000,,,,[2|2],-1,1,-1,,[1],,,,,Effect/Battle/YiJi_MiBao/BuZuZhanGu_Buff,,[2100201],,-1,0,,-1,,-1,0,-1,,[0|300],[0|300],{0:0|300:1},-1,{1:BuffUpgradeData},[],
2101301,,48,-1,-1,-1,{48:0},104|2000,,,,[2|3],-1,1,-1,,[1],,,,,Effect/Battle/YiJi_MiBao/ZiRanZhanGu_Buff,,[2100301],,-1,0,,-1,,-1,0,-1,,[0|300],[0|300],{0:0|300:1},-1,{1:BuffUpgradeData},[],
2101302,,48,-1,-1,-1,{48:0},104|2500,,,,[2|3],-1,1,-1,,[1],,,,,Effect/Battle/YiJi_MiBao/ZiRanZhanGu_Buff,,[2100301],,-1,0,,-1,,-1,0,-1,,[0|300],[0|300],{0:0|300:1},-1,{1:BuffUpgradeData},[],
2101303,,48,-1,-1,-1,{48:0},104|3000,,,,[2|3],-1,1,-1,,[1],,,,,Effect/Battle/YiJi_MiBao/ZiRanZhanGu_Buff,,[2100301],,-1,0,,-1,,-1,0,-1,,[0|300],[0|300],{0:0|300:1},-1,{1:BuffUpgradeData},[],
2101304,,48,-1,-1,-1,{48:0},104|3000,,,,[2|3],-1,1,-1,,[1],,,,,Effect/Battle/YiJi_MiBao/ZiRanZhanGu_Buff,,[2100301],,-1,0,,-1,,-1,0,-1,,[0|300],[0|300],{0:0|300:1},-1,{1:BuffUpgradeData},[],
2101305,,48,-1,-1,-1,{48:0},104|4000,,,,[2|3],-1,1,-1,,[1],,,,,Effect/Battle/YiJi_MiBao/ZiRanZhanGu_Buff,,[2100301],,-1,0,,-1,,-1,0,-1,,[0|300],[0|300],{0:0|300:1},-1,{1:BuffUpgradeData},[],
2101306,,48,-1,-1,-1,{48:0},104|5000,,,,[2|3],-1,1,-1,,[1],,,,,Effect/Battle/YiJi_MiBao/ZiRanZhanGu_Buff,,[2100301],,-1,0,,-1,,-1,0,-1,,[0|300],[0|300],{0:0|300:1},-1,{1:BuffUpgradeData},[],
2101307,,48,-1,-1,-1,{48:0},104|5000,,,,[2|3],-1,1,-1,,[1],,,,,Effect/Battle/YiJi_MiBao/ZiRanZhanGu_Buff,,[2100301],,-1,0,,-1,,-1,0,-1,,[0|300],[0|300],{0:0|300:1},-1,{1:BuffUpgradeData},[],
2101308,,48,-1,-1,-1,{48:0},104|6000,,,,[2|3],-1,1,-1,,[1],,,,,Effect/Battle/YiJi_MiBao/ZiRanZhanGu_Buff,,[2100301],,-1,0,,-1,,-1,0,-1,,[0|300],[0|300],{0:0|300:1},-1,{1:BuffUpgradeData},[],
2101309,,48,-1,-1,-1,{48:0},104|8000,,,,[2|3],-1,1,-1,,[1],,,,,Effect/Battle/YiJi_MiBao/ZiRanZhanGu_Buff,,[2100301],,-1,0,,-1,,-1,0,-1,,[0|300],[0|300],{0:0|300:1},-1,{1:BuffUpgradeData},[],
2200101,,48,-1,-1,-1,{48:0},104|2000,,,,,-1,1,-1,,[1],,,,,,,,,-1,0,,-1,,-1,0,-1,,[0],[0],{0:0},-1,{1:BuffUpgradeData},[],
2200102,,48,-1,-1,-1,{48:0},104|2500,,,,,-1,1,-1,,[1],,,,,,,,,-1,0,,-1,,-1,0,-1,,[0],[0],{0:0},-1,{1:BuffUpgradeData},[],
2200201,,48,-1,-1,-1,{48:0},104|2000,,,,,-1,1,-1,,[1],,,,,,,,,-1,0,,-1,,-1,0,-1,,[0],[0],{0:0},-1,{1:BuffUpgradeData},[],
2200202,,48,-1,-1,-1,{48:0},104|2500,,,,,-1,1,-1,,[1],,,,,,,,,-1,0,,-1,,-1,0,-1,,[0],[0],{0:0},-1,{1:BuffUpgradeData},[],
2200301,,48,-1,-1,-1,{48:0},104|2000,,,,,-1,1,-1,,[1],,,,,,,,,-1,0,,-1,,-1,0,-1,,[0],[0],{0:0},-1,{1:BuffUpgradeData},[],
2200302,,48,-1,-1,-1,{48:0},104|2500,,,,,-1,1,-1,,[1],,,,,,,,,-1,0,,-1,,-1,0,-1,,[0],[0],{0:0},-1,{1:BuffUpgradeData},[],
2300101,,30,-1,-1,-1,{30:0},500,,,,,-1,-1,-1,,,,,,,,,,,-1,0,,-1,,-1,0,-1,,[0],[0],{0:0},-1,{1:BuffUpgradeData},[],
2300102,,30,-1,-1,-1,{30:0},550,,,,,-1,-1,-1,,,,,,,,,,,-1,0,,-1,,-1,0,-1,,[0],[0],{0:0},-1,{1:BuffUpgradeData},[],
2300103,,30,-1,-1,-1,{30:0},600,,,,,-1,-1,-1,,,,,,,,,,,-1,0,,-1,,-1,0,-1,,[0],[0],{0:0},-1,{1:BuffUpgradeData},[],
2300104,,30,-1,-1,-1,{30:0},650,,,,,-1,-1,-1,,,,,,,,,,,-1,0,,-1,,-1,0,-1,,[0],[0],{0:0},-1,{1:BuffUpgradeData},[],
2300105,,30,-1,-1,-1,{30:0},700,,,,,-1,-1,-1,,,,,,,,,,,-1,0,,-1,,-1,0,-1,,[0],[0],{0:0},-1,{1:BuffUpgradeData},[],
2300106,,30,-1,-1,-1,{30:0},750,,,,,-1,-1,-1,,,,,,,,,,,-1,0,,-1,,-1,0,-1,,[0],[0],{0:0},-1,{1:BuffUpgradeData},[],
2300107,,30,-1,-1,-1,{30:0},800,,,,,-1,-1,-1,,,,,,,,,,,-1,0,,-1,,-1,0,-1,,[0],[0],{0:0},-1,{1:BuffUpgradeData},[],
2300108,,30,-1,-1,-1,{30:0},850,,,,,-1,-1,-1,,,,,,,,,,,-1,0,,-1,,-1,0,-1,,[0],[0],{0:0},-1,{1:BuffUpgradeData},[],
2300109,,30,-1,-1,-1,{30:0},900,,,,,-1,-1,-1,,,,,,,,,,,-1,0,,-1,,-1,0,-1,,[0],[0],{0:0},-1,{1:BuffUpgradeData},[],
2300110,,30,-1,-1,-1,{30:0},950,,,,,-1,-1,-1,,,,,,,,,,,-1,0,,-1,,-1,0,-1,,[0],[0],{0:0},-1,{1:BuffUpgradeData},[],
2300111,,30,-1,-1,-1,{30:0},1000,,,,,-1,-1,-1,,,,,,,,,,,-1,0,,-1,,-1,0,-1,,[0],[0],{0:0},-1,{1:BuffUpgradeData},[],
2300121,,1,-1,-1,-1,{1:0},0|3|4000,,,,,-1,-1,-1,,,,,,,,,,,-1,0,,-1,,-1,0,-1,,[0],[0],{0:0},1000,{1:BuffUpgradeData},[],
2300122,,1,-1,-1,-1,{1:0},0|3|6000,,,,,-1,-1,-1,,,,,,,,,,,-1,0,,-1,,-1,0,-1,,[0],[0],{0:0},1000,{1:BuffUpgradeData},[],
2300201,,5,-1,-1,-1,{5:0},23002|1|10000|20000|1|0|23002003|1,,,,,-1,-1,-1,,,,,,,,,,,-1,0,,-1,,-1,0,-1,,,[],{},-1,{1:BuffUpgradeData},[],
2300202,,5,-1,-1,-1,{5:0},23002|1|13500|20000|1|0|23002003|1,,,,,-1,-1,-1,,,,,,,,,,,-1,0,,-1,,-1,0,-1,,,[],{},-1,{1:BuffUpgradeData},[],
2300203,,5,-1,-1,-1,{5:0},23002|1|17000|20000|1|0|23002003|1,,,,,-1,-1,-1,,,,,,,,,,,-1,0,,-1,,-1,0,-1,,,[],{},-1,{1:BuffUpgradeData},[],
2300204,,5,-1,-1,-1,{5:0},23002|1|20500|20000|1|0|23002004|1,,,,,-1,-1,-1,,,,,,,,,,,-1,0,,-1,,-1,0,-1,,,[],{},-1,{1:BuffUpgradeData},[],
2300205,,5,-1,-1,-1,{5:0},23002|1|24000|20000|1|0|23002004|1,,,,,-1,-1,-1,,,,,,,,,,,-1,0,,-1,,-1,0,-1,,,[],{},-1,{1:BuffUpgradeData},[],
2300206,,5,-1,-1,-1,{5:0},23002|1|27500|20000|1|0|23002004|1,,,,,-1,-1,-1,,,,,,,,,,,-1,0,,-1,,-1,0,-1,,,[],{},-1,{1:BuffUpgradeData},[],
2300207,,5,-1,-1,-1,{5:0},23002|1|31000|20000|1|0|23002004|1,,,,,-1,-1,-1,,,,,,,,,,,-1,0,,-1,,-1,0,-1,,,[],{},-1,{1:BuffUpgradeData},[],
2300208,,5,-1,-1,-1,{5:0},23002|1|34500|20000|1|0|23002004|1,,,,,-1,-1,-1,,,,,,,,,,,-1,0,,-1,,-1,0,-1,,,[],{},-1,{1:BuffUpgradeData},[],
2300209,,5,-1,-1,-1,{5:0},23002|1|38000|20000|1|0|23002004|1,,,,,-1,-1,-1,,,,,,,,,,,-1,0,,-1,,-1,0,-1,,,[],{},-1,{1:BuffUpgradeData},[],
2300210,,5,-1,-1,-1,{5:0},23002|1|41500|20000|1|0|23002004|1,,,,,-1,-1,-1,,,,,,,,,,,-1,0,,-1,,-1,0,-1,,,[],{},-1,{1:BuffUpgradeData},[],
2300211,,5,-1,-1,-1,{5:0},23002|1|45000|20000|1|0|23002005|1,,,,,-1,-1,-1,,,,,,,,,,,-1,0,,-1,,-1,0,-1,,,[],{},-1,{1:BuffUpgradeData},[],
2300212,,10,-1,-1,-1,{10:0},3|7|8|9|11|12|15|16|17|18|204,,,,,-1,1,-1,,[1],,,,,,,,,-1,0,,-1,,-1,0,-1,,[2],[2],{2:0},-1,{1:BuffUpgradeData},[],
2300213,,10,14,-1,-1,{10:0|14:1},3|7|8|9|11|12|15|16|17|18|204,23002006|1|1,,,,-1,1,-1,,[1],,,,,,,,,-1,0,,-1,,-1,0,-1,,[2],[2],{2:0},-1,{1:BuffUpgradeData},[],
2300214,,10,14,-1,-1,{10:0|14:1},3|7|8|9|11|12|15|16|17|18|204,23002007|1|1,,,,-1,1,-1,,[1],,,,,,,,,-1,0,,-1,,-1,0,-1,,[2],[2],{2:0},-1,{1:BuffUpgradeData},[],
2300215,,1,-1,-1,-1,{1:0},1|3|-3000,,,,,-1,-1,-1,,,,,,,Effect/Battle/CommonEffect/Fx_ZhouShang_01,,[100003],,-1,0,,-1,,-1,0,-1,,[1|301|201],[1|301|201],{1:0|301:1|201:2},1000,{1:BuffUpgradeData},[],
2300216,,1,-1,-1,-1,{1:0},1|3|-4500,,,,,-1,-1,-1,,,,,,,Effect/Battle/CommonEffect/Fx_ZhouShang_01,,[100003],,-1,0,,-1,,-1,0,-1,,[1|301|201],[1|301|201],{1:0|301:1|201:2},1000,{1:BuffUpgradeData},[],
2300300,,10,-1,-1,-1,{10:0},3|7|8|9|11|12|15|16|17|18|204,,,,,-1,1,-1,,[1],,,,,Effect/Battle/mibao_yingxionghufu,,[2300300],,-1,0,,-1,,-1,0,-1,,[2],[2],{2:0},-1,{1:BuffUpgradeData},[],
2300301,,5,-1,-1,-1,{5:0},23003|1|10000|20000|1|0|23003003,,,,,-1,-1,-1,,,,,,,,,,,-1,0,,-1,,-1,0,-1,,[0],[0],{0:0},-1,{1:BuffUpgradeData},[],
2300302,,5,-1,-1,-1,{5:0},23003|1|13500|20000|1|0|23003003,,,,,-1,-1,-1,,,,,,,,,,,-1,0,,-1,,-1,0,-1,,[0],[0],{0:0},-1,{1:BuffUpgradeData},[],
2300303,,5,-1,-1,-1,{5:0},23003|1|17000|20000|1|0|23003003,,,,,-1,-1,-1,,,,,,,,,,,-1,0,,-1,,-1,0,-1,,[0],[0],{0:0},-1,{1:BuffUpgradeData},[],
2300304,,5,-1,-1,-1,{5:0},23003|1|20500|30000|1|0|23003003,,,,,-1,-1,-1,,,,,,,,,,,-1,0,,-1,,-1,0,-1,,[0],[0],{0:0},-1,{1:BuffUpgradeData},[],
2300305,,5,-1,-1,-1,{5:0},23003|1|24000|30000|1|0|23003003,,,,,-1,-1,-1,,,,,,,,,,,-1,0,,-1,,-1,0,-1,,[0],[0],{0:0},-1,{1:BuffUpgradeData},[],
2300306,,5,-1,-1,-1,{5:0},23003|1|27500|30000|1|0|23003003,,,,,-1,-1,-1,,,,,,,,,,,-1,0,,-1,,-1,0,-1,,[0],[0],{0:0},-1,{1:BuffUpgradeData},[],
2300307,,5,-1,-1,-1,{5:0},23003|1|31000|30000|1|0|23003003,,,,,-1,-1,-1,,,,,,,,,,,-1,0,,-1,,-1,0,-1,,[0],[0],{0:0},-1,{1:BuffUpgradeData},[],
2300308,,5,-1,-1,-1,{5:0},23003|1|34500|30000|1|0|23003003,,,,,-1,-1,-1,,,,,,,,,,,-1,0,,-1,,-1,0,-1,,[0],[0],{0:0},-1,{1:BuffUpgradeData},[],
2300309,,5,-1,-1,-1,{5:0},23003|1|38000|30000|1|0|23003003,,,,,-1,-1,-1,,,,,,,,,,,-1,0,,-1,,-1,0,-1,,[0],[0],{0:0},-1,{1:BuffUpgradeData},[],
2300310,,5,-1,-1,-1,{5:0},23003|1|41500|30000|1|0|23003003,,,,,-1,-1,-1,,,,,,,,,,,-1,0,,-1,,-1,0,-1,,[0],[0],{0:0},-1,{1:BuffUpgradeData},[],
2300311,,5,-1,-1,-1,{5:0},23003|1|45000|40000|1|0|23003003,,,,,-1,-1,-1,,,,,,,,,,,-1,0,,-1,,-1,0,-1,,[0],[0],{0:0},-1,{1:BuffUpgradeData},[],
2300312,,26,-1,-1,-1,{26:0},0|1|23003004|1|0|1,,,,,-1,1,-1,,[1],,,,,,,,,-1,0,,-1,,-1,0,-1,,[2],[2],{2:0},1000,{1:BuffUpgradeData},[],
2400101,,30,-1,-1,-1,{30:0},-1500,,,,,-1,-1,-1,,[1],,,,,,,,,-1,0,,-1,,-1,0,-1,,[1],[1],{1:0},-1,{1:BuffUpgradeData},[],
2400102,,30,-1,-1,-1,{30:0},-1500,,,,,-1,-1,-1,,[1],,,,,,,,,-1,0,,-1,,-1,0,-1,,[1],[1],{1:0},-1,{1:BuffUpgradeData},[],
2400103,,30,-1,-1,-1,{30:0},-3000,,,,,-1,-1,-1,,[1],,,,,,,,,-1,0,,-1,,-1,0,-1,,[1],[1],{1:0},-1,{1:BuffUpgradeData},[],
2400104,,30,-1,-1,-1,{30:0},-3000,,,,,-1,-1,-1,,[1],,,,,,,,,-1,0,,-1,,-1,0,-1,,[1],[1],{1:0},-1,{1:BuffUpgradeData},[],
2400201,,48,-1,-1,-1,{48:0},12|-1000,,,,,-1,-1,-1,,,,,,,,,,,-1,0,,-1,,-1,0,-1,,[1|301],[1|301],{1:0|301:1},-1,{1:BuffUpgradeData},[],
2400202,,48,-1,-1,-1,{48:0},12|-1500,,,,,-1,-1,-1,,,,,,,,,,,-1,0,,-1,,-1,0,-1,,[1|301],[1|301],{1:0|301:1},-1,{1:BuffUpgradeData},[],
2400203,,48,-1,-1,-1,{48:0},12|-1500,,,,,-1,-1,-1,,,,,,,,,,,-1,0,,-1,,-1,0,-1,,[1|301],[1|301],{1:0|301:1},-1,{1:BuffUpgradeData},[],
2400204,,48,-1,-1,-1,{48:0},12|-2000,,,,,-1,-1,-1,,,,,,,,,,,-1,0,,-1,,-1,0,-1,,[1|301],[1|301],{1:0|301:1},-1,{1:BuffUpgradeData},[],
2400301,,33,-1,-1,-1,{33:0},10000|1,,,,,-1,-1,-1,,,,,,,,,,,-1,0,,-1,,-1,0,-1,,[0],[0],{0:0},-1,{1:BuffUpgradeData},[],
2400302,,30,-1,-1,-1,{30:0},1000,,,,,-1,-1,-1,,,,,,,,,,,-1,0,,-1,,-1,0,-1,,[0],[0],{0:0},-1,{1:BuffUpgradeData},[],
2400303,,30,-1,-1,-1,{30:0},2000,,,,,-1,-1,-1,,,,,,,,,,,-1,0,,-1,,-1,0,-1,,[0],[0],{0:0},-1,{1:BuffUpgradeData},[],
2400304,,-1,-1,-1,-1,{},,,,,,-1,-1,-1,,,,,,,,,[2400301],,-1,0,,-1,,-1,0,-1,,[0],[0],{0:0},-1,{1:BuffUpgradeData},[],
2400401,,48,-1,-1,-1,{48:0},6|1000,,,,,-1,-1,-1,,,,,,,Effect/Battle/YiJi_MiBao/E_mb_hj_buff,,[2400401],,-1,0,,-1,,-1,0,-1,,[0],[0],{0:0},-1,{1:BuffUpgradeData},[],
2400402,,48,-1,-1,-1,{48:0},6|1000,,,,,-1,-1,-1,,,,,,,Effect/Battle/YiJi_MiBao/E_mb_hj_buff,,[2400401],,-1,0,,-1,,-1,0,-1,,[0],[0],{0:0},-1,{1:BuffUpgradeData},[],
2400403,,48,-1,-1,-1,{48:0},6|1000,,,,,-1,-1,-1,,,,,,,Effect/Battle/YiJi_MiBao/E_mb_hj_buff,,[2400401],,-1,0,,-1,,-1,0,-1,,[0],[0],{0:0},-1,{1:BuffUpgradeData},[],
2400404,,48,41,-1,-1,{48:0|41:1},6|1000,3|500,,,,-1,-1,-1,,,,,,,Effect/Battle/YiJi_MiBao/E_mb_hj_buff,,[2400401],,-1,0,,-1,,-1,0,-1,,[0],[0],{0:0},-1,{1:BuffUpgradeData},[],
2400405,,48,41,-1,-1,{48:0|41:1},6|1000,3|500,,,,-1,-1,-1,,,,,,,Effect/Battle/YiJi_MiBao/E_mb_hj_buff,,[2400401],,-1,0,,-1,,-1,0,-1,,[0],[0],{0:0},-1,{1:BuffUpgradeData},[],
2400406,,48,41,-1,-1,{48:0|41:1},6|1000,3|500,,,,-1,-1,-1,,,,,,,Effect/Battle/YiJi_MiBao/E_mb_hj_buff,,[2400401],,-1,0,,-1,,-1,0,-1,,[0],[0],{0:0},-1,{1:BuffUpgradeData},[],
2400407,,48,41,-1,-1,{48:0|41:1},6|1500,3|500,,,,-1,-1,-1,,,,,,,Effect/Battle/YiJi_MiBao/E_mb_hj_buff,,[2400401],,-1,0,,-1,,-1,0,-1,,[0],[0],{0:0},-1,{1:BuffUpgradeData},[],
2400408,,48,41,-1,-1,{48:0|41:1},6|1500,3|500,,,,-1,-1,-1,,,,,,,Effect/Battle/YiJi_MiBao/E_mb_hj_buff,,[2400401],,-1,0,,-1,,-1,0,-1,,[0],[0],{0:0},-1,{1:BuffUpgradeData},[],
2400409,,48,41,-1,-1,{48:0|41:1},6|1500,3|500,,,,-1,-1,-1,,,,,,,Effect/Battle/YiJi_MiBao/E_mb_hj_buff,,[2400401],,-1,0,,-1,,-1,0,-1,,[0],[0],{0:0},-1,{1:BuffUpgradeData},[],
2400410,,48,41,-1,-1,{48:0|41:1},6|1500,3|1000,,,,-1,-1,-1,,,,,,,Effect/Battle/YiJi_MiBao/E_mb_hj_buff,,[2400401],,-1,0,,-1,,-1,0,-1,,[0],[0],{0:0},-1,{1:BuffUpgradeData},[],
2400411,,48,41,-1,-1,{48:0|41:1},6|1500,3|1000,,,,-1,-1,-1,,,,,,,Effect/Battle/YiJi_MiBao/E_mb_hj_buff,,[2400401],,-1,0,,-1,,-1,0,-1,,[0],[0],{0:0},-1,{1:BuffUpgradeData},[],
2400412,,48,41,-1,-1,{48:0|41:1},6|1500,3|1000,,,,-1,-1,-1,,,,,,,Effect/Battle/YiJi_MiBao/E_mb_hj_buff,,[2400401],,-1,0,,-1,,-1,0,-1,,[0],[0],{0:0},-1,{1:BuffUpgradeData},[],
2400413,,48,41,-1,-1,{48:0|41:1},6|2000,3|1000,,,,-1,-1,-1,,,,,,,Effect/Battle/YiJi_MiBao/E_mb_hj_buff,,[2400401],,-1,0,,-1,,-1,0,-1,,[0],[0],{0:0},-1,{1:BuffUpgradeData},[],
2400601,,5,-1,-1,-1,{5:0},24002|1|10000|20000|1|0|24006012|2,,,,,-1,-1,-1,,,,,,,,,,,-1,0,,-1,,-1,0,-1,,[2],[2],{2:0},-1,{1:BuffUpgradeData},[],
2400602,,5,-1,-1,-1,{5:0},24002|1|13500|20000|1|0|24006012|2,,,,,-1,-1,-1,,,,,,,,,,,-1,0,,-1,,-1,0,-1,,[2],[2],{2:0},-1,{1:BuffUpgradeData},[],
2400603,,5,-1,-1,-1,{5:0},24002|1|17000|20000|1|0|24006012|2,,,,,-1,-1,-1,,,,,,,,,,,-1,0,,-1,,-1,0,-1,,[2],[2],{2:0},-1,{1:BuffUpgradeData},[],
2400604,,5,-1,-1,-1,{5:0},24003|1|20500|20000|1|0|24006013|2,,,,,-1,-1,-1,,,,,,,,,,,-1,0,,-1,,-1,0,-1,,[2],[2],{2:0},-1,{1:BuffUpgradeData},[],
2400605,,5,-1,-1,-1,{5:0},24003|1|24000|20000|1|0|24006013|2,,,,,-1,-1,-1,,,,,,,,,,,-1,0,,-1,,-1,0,-1,,[2],[2],{2:0},-1,{1:BuffUpgradeData},[],
2400606,,5,-1,-1,-1,{5:0},24003|1|27500|20000|1|0|24006013|2,,,,,-1,-1,-1,,,,,,,,,,,-1,0,,-1,,-1,0,-1,,[2],[2],{2:0},-1,{1:BuffUpgradeData},[],
2400607,,5,-1,-1,-1,{5:0},24004|1|31000|20000|1|0|24006014|2,,,,,-1,-1,-1,,,,,,,,,,,-1,0,,-1,,-1,0,-1,,[2],[2],{2:0},-1,{1:BuffUpgradeData},[],
2400608,,5,-1,-1,-1,{5:0},24004|1|34500|20000|1|0|24006014|2,,,,,-1,-1,-1,,,,,,,,,,,-1,0,,-1,,-1,0,-1,,[2],[2],{2:0},-1,{1:BuffUpgradeData},[],
2400609,,5,-1,-1,-1,{5:0},24004|1|38000|20000|1|0|24006014|2,,,,,-1,-1,-1,,,,,,,,,,,-1,0,,-1,,-1,0,-1,,[2],[2],{2:0},-1,{1:BuffUpgradeData},[],
2400610,,5,-1,-1,-1,{5:0},24005|1|41500|20000|1|0|24006015|2,,,,,-1,-1,-1,,,,,,,,,,,-1,0,,-1,,-1,0,-1,,[2],[2],{2:0},-1,{1:BuffUpgradeData},[],
2400611,,5,-1,-1,-1,{5:0},24005|1|45000|20000|1|0|24006015|2,,,,,-1,-1,-1,,,,,,,,,,,-1,0,,-1,,-1,0,-1,,[2],[2],{2:0},-1,{1:BuffUpgradeData},[],
2400612,,5,-1,-1,-1,{5:0},24005|1|45000|20000|1|0|24006015|2,,,,,-1,-1,-1,,,,,,,,,,,-1,0,,-1,,-1,0,-1,,[2],[2],{2:0},-1,{1:BuffUpgradeData},[],
2400613,,5,-1,-1,-1,{5:0},24006|1|45000|20000|1|0|24006016|2,,,,,-1,-1,-1,,,,,,,,,,,-1,0,,-1,,-1,0,-1,,[2],[2],{2:0},-1,{1:BuffUpgradeData},[],
2400621,,4,3,-1,-1,{4:0|3:1},1|400|250|1,,,,,-1,-1,-1,,,,,,,,,,,-1,0,,-1,,3,0,-1,,[2|201],[2|201],{2:0|201:1},500,{1:BuffUpgradeData},[],
2400622,,14,-1,-1,-1,{14:0},24006003|1|0,,,,,-1,-1,-1,,,,,,,,,,,-1,0,,-1,,-1,0,-1,,[2],[2],{2:0},-1,{1:BuffUpgradeData},[],
2400623,,14,-1,-1,-1,{14:0},24006004|1|0,,,,,-1,-1,-1,,,,,,,,,,,-1,0,,-1,,-1,0,-1,,[2],[2],{2:0},-1,{1:BuffUpgradeData},[],
2400624,,14,-1,-1,-1,{14:0},24006005|1|0,,,,,-1,-1,-1,,,,,,,,,,,-1,0,,-1,,-1,0,-1,,[2],[2],{2:0},-1,{1:BuffUpgradeData},[],
2400625,,14,-1,-1,-1,{14:0},24006006|1|0,,,,,-1,-1,-1,,,,,,,,,,,-1,0,,-1,,-1,0,-1,,[2],[2],{2:0},-1,{1:BuffUpgradeData},[],
2400701,,41,-1,-1,-1,{41:0},6011|-1000,,,,,-1,-1,-1,,,,,,,Effect/Battle/YiJi_MiBao/E_mb_hj_buff,,[2400701],,-1,0,,-1,,-1,0,-1,,[1],[1],{1:0},-1,{1:BuffUpgradeData},[],
2400702,,41,-1,-1,-1,{41:0},6011|-1100,,,,,-1,-1,-1,,,,,,,Effect/Battle/YiJi_MiBao/E_mb_hj_buff,,[2400701],,-1,0,,-1,,-1,0,-1,,[1],[1],{1:0},-1,{1:BuffUpgradeData},[],
2400703,,41,-1,-1,-1,{41:0},6011|-1200,,,,,-1,-1,-1,,,,,,,Effect/Battle/YiJi_MiBao/E_mb_hj_buff,,[2400701],,-1,0,,-1,,-1,0,-1,,[1],[1],{1:0},-1,{1:BuffUpgradeData},[],
2400704,,41,-1,-1,-1,{41:0},6011|-1300,,,,,-1,-1,-1,,,,,,,Effect/Battle/YiJi_MiBao/E_mb_hj_buff,,[2400701],,-1,0,,-1,,-1,0,-1,,[1],[1],{1:0},-1,{1:BuffUpgradeData},[],
2400705,,41,-1,-1,-1,{41:0},6011|-1400,,,,,-1,-1,-1,,,,,,,Effect/Battle/YiJi_MiBao/E_mb_hj_buff,,[2400701],,-1,0,,-1,,-1,0,-1,,[1],[1],{1:0},-1,{1:BuffUpgradeData},[],
2400706,,41,-1,-1,-1,{41:0},6011|-1500,,,,,-1,-1,-1,,,,,,,Effect/Battle/YiJi_MiBao/E_mb_hj_buff,,[2400701],,-1,0,,-1,,-1,0,-1,,[1],[1],{1:0},-1,{1:BuffUpgradeData},[],
2400707,,41,-1,-1,-1,{41:0},6011|-1600,,,,,-1,-1,-1,,,,,,,Effect/Battle/YiJi_MiBao/E_mb_hj_buff,,[2400701],,-1,0,,-1,,-1,0,-1,,[1],[1],{1:0},-1,{1:BuffUpgradeData},[],
2400708,,41,-1,-1,-1,{41:0},6011|-1700,,,,,-1,-1,-1,,,,,,,Effect/Battle/YiJi_MiBao/E_mb_hj_buff,,[2400701],,-1,0,,-1,,-1,0,-1,,[1],[1],{1:0},-1,{1:BuffUpgradeData},[],
2400709,,41,-1,-1,-1,{41:0},6011|-1800,,,,,-1,-1,-1,,,,,,,Effect/Battle/YiJi_MiBao/E_mb_hj_buff,,[2400701],,-1,0,,-1,,-1,0,-1,,[1],[1],{1:0},-1,{1:BuffUpgradeData},[],
2400710,,41,-1,-1,-1,{41:0},6011|-1900,,,,,-1,-1,-1,,,,,,,Effect/Battle/YiJi_MiBao/E_mb_hj_buff,,[2400701],,-1,0,,-1,,-1,0,-1,,[1],[1],{1:0},-1,{1:BuffUpgradeData},[],
2400711,,41,-1,-1,-1,{41:0},6011|-2000,,,,,-1,-1,-1,,,,,,,Effect/Battle/YiJi_MiBao/E_mb_hj_buff,,[2400701],,-1,0,,-1,,-1,0,-1,,[1],[1],{1:0},-1,{1:BuffUpgradeData},[],
2400712,,41,-1,-1,-1,{41:0},6011|-2100,,,,,-1,-1,-1,,,,,,,Effect/Battle/YiJi_MiBao/E_mb_hj_buff,,[2400701],,-1,0,,-1,,-1,0,-1,,[1],[1],{1:0},-1,{1:BuffUpgradeData},[],
2400713,,41,-1,-1,-1,{41:0},6011|-2200,,,,,-1,-1,-1,,,,,,,Effect/Battle/YiJi_MiBao/E_mb_hj_buff,,[2400701],,-1,0,,-1,,-1,0,-1,,[1],[1],{1:0},-1,{1:BuffUpgradeData},[],
2400501,,30,-1,-1,-1,{30:0},1000,,,,,-1,-1,-1,,,,,,,,,,,-1,0,,-1,,-1,0,-1,,[0],[0],{0:0},-1,{1:BuffUpgradeData},[],
2400502,,30,-1,-1,-1,{30:0},1500,,,,,-1,-1,-1,,,,,,,,,,,-1,0,,-1,,-1,0,-1,,[0],[0],{0:0},-1,{1:BuffUpgradeData},[],
2400503,,30,-1,-1,-1,{30:0},1500,,,,,-1,-1,-1,,,,,,,,,,,-1,0,,-1,,-1,0,-1,,[0],[0],{0:0},-1,{1:BuffUpgradeData},[],
2400504,,30,-1,-1,-1,{30:0},2000,,,,,-1,-1,-1,,,,,,,,,,,-1,0,,-1,,-1,0,-1,,[0],[0],{0:0},-1,{1:BuffUpgradeData},[],
2500101,,48,-1,-1,-1,{48:0},9|-500,,,,,-1,-1,-1,,,,,,,Effect/Battle/YiJi_MiBao/E_mb_hudun,,[2500301],,-1,0,,-1,,-1,0,-1,,[1|301],[1|301],{1:0|301:1},-1,{1:BuffUpgradeData},[],
2500102,,48,-1,-1,-1,{48:0},"9|-500,11|-1000",,,,,-1,-1,-1,,,,,,,Effect/Battle/YiJi_MiBao/E_mb_hudun,,[2500301],,-1,0,,-1,,-1,0,-1,,[1|301],[1|301],{1:0|301:1},-1,{1:BuffUpgradeData},[],
2500103,,48,-1,-1,-1,{48:0},"9|-1000,11|-1000",,,,,-1,-1,-1,,,,,,,Effect/Battle/YiJi_MiBao/E_mb_hudun,,[2500301],,-1,0,,-1,,-1,0,-1,,[1|301],[1|301],{1:0|301:1},-1,{1:BuffUpgradeData},[],
2500104,,48,-1,-1,-1,{48:0},"9|-1000,11|-2000",,,,,-1,-1,-1,,,,,,,Effect/Battle/YiJi_MiBao/E_mb_hudun,,[2500301],,-1,0,,-1,,-1,0,-1,,[1|301],[1|301],{1:0|301:1},-1,{1:BuffUpgradeData},[],
2500105,,48,-1,-1,-1,{48:0},"9|-1500,11|-2000",,,,,-1,-1,-1,,,,,,,Effect/Battle/YiJi_MiBao/E_mb_hudun,,[2500301],,-1,0,,-1,,-1,0,-1,,[1|301],[1|301],{1:0|301:1},-1,{1:BuffUpgradeData},[],
2500106,,48,-1,-1,-1,{48:0},"9|-1500,11|-3000",,,,,-1,-1,-1,,,,,,,Effect/Battle/YiJi_MiBao/E_mb_hudun,,[2500301],,-1,0,,-1,,-1,0,-1,,[1|301],[1|301],{1:0|301:1},-1,{1:BuffUpgradeData},[],
2500107,,48,-1,-1,-1,{48:0},"9|-2000,11|-3000",,,,,-1,-1,-1,,,,,,,Effect/Battle/YiJi_MiBao/E_mb_hudun,,[2500301],,-1,0,,-1,,-1,0,-1,,[1|301],[1|301],{1:0|301:1},-1,{1:BuffUpgradeData},[],
2500108,,48,-1,-1,-1,{48:0},"9|-2000,11|-3000",,,,,-1,-1,-1,,,,,,,Effect/Battle/YiJi_MiBao/E_mb_hudun,,[2500301],,-1,0,,-1,,-1,0,-1,,[1|301],[1|301],{1:0|301:1},-1,{1:BuffUpgradeData},[],
2500201,,3,27,-1,-1,{3:0|27:1},,0,,,,-1,-1,-1,,,,,,,Effect/Battle/CommonEffect/Fx_IceFrozen_01,,[100002],,-1,0,,-1,,-1,0,-1,,[1|7],[1|7],{1:0|7:1},-1,{1:BuffUpgradeData},[],
2500202,,30,-1,-1,-1,{30:0},-1000,,,,,-1,-1,-1,,[1],,,,,,,,,-1,0,,-1,,-1,0,-1,,[1],[1],{1:0},-1,{1:BuffUpgradeData},[],
2500203,,30,-1,-1,-1,{30:0},-1500,,,,,-1,-1,-1,,[1],,,,,,,,,-1,0,,-1,,-1,0,-1,,[1],[1],{1:0},-1,{1:BuffUpgradeData},[],
2500204,,3,27,-1,-1,{3:0|27:1},,0,,,,-1,-1,-1,,,,,,,Effect/Battle/CommonEffect/Fx_IceFrozen_01,,[100002],,-1,0,,-1,,-1,0,-1,,[1|7],[1|7],{1:0|7:1},-1,{1:BuffUpgradeData},[],
2500205,,30,-1,-1,-1,{30:0},-2000,,,,,-1,-1,-1,,[1],,,,,,,,,-1,0,,-1,,-1,0,-1,,[1],[1],{1:0},-1,{1:BuffUpgradeData},[],
2500206,,3,27,-1,-1,{3:0|27:1},,0,,,,-1,-1,-1,,,,,,,Effect/Battle/CommonEffect/Fx_IceFrozen_01,,[100002],,-1,0,,-1,,-1,0,-1,,[1|7],[1|7],{1:0|7:1},-1,{1:BuffUpgradeData},[],
2500207,,30,-1,-1,-1,{30:0},-2500,,,,,-1,-1,-1,,[1],,,,,,,,,-1,0,,-1,,-1,0,-1,,[1],[1],{1:0},-1,{1:BuffUpgradeData},[],
2500208,,3,27,-1,-1,{3:0|27:1},,0,,,,-1,-1,-1,,,,,,,Effect/Battle/CommonEffect/Fx_IceFrozen_01,,[100002],,-1,0,,-1,,-1,0,-1,,[1|7],[1|7],{1:0|7:1},-1,{1:BuffUpgradeData},[],
2500301,,9,-1,-1,-1,{9:0},1|0|3|50000|5000,,,,,-1,-1,-1,,,,,,,Effect/Battle/YiJi_MiBao/E_mb_hudun,,[2500301],,-1,0,,-1,,-1,0,-1,,[0|4],[0|4],{0:0|4:1},-1,{1:BuffUpgradeData},[],
2500302,,9,-1,-1,-1,{9:0},1|0|3|61667|5000,,,,,-1,-1,-1,,,,,,,Effect/Battle/YiJi_MiBao/E_mb_hudun,,[2500301],,-1,0,,-1,,-1,0,-1,,[0|4],[0|4],{0:0|4:1},-1,{1:BuffUpgradeData},[],
2500303,,9,-1,-1,-1,{9:0},1|0|3|73333|5000,,,,,-1,-1,-1,,,,,,,Effect/Battle/YiJi_MiBao/E_mb_hudun,,[2500301],,-1,0,,-1,,-1,0,-1,,[0|4],[0|4],{0:0|4:1},-1,{1:BuffUpgradeData},[],
2500304,,9,48,-1,-1,{9:0|48:1},1|0|3|85000|5000,83|1000,,,,-1,-1,-1,,,,,,,Effect/Battle/YiJi_MiBao/E_mb_hudun,,[2500301],,-1,0,,-1,,-1,0,-1,,[0|4],[0|4],{0:0|4:1},-1,{1:BuffUpgradeData},[],
2500305,,9,48,-1,-1,{9:0|48:1},1|0|3|96667|5000,83|1000,,,,-1,-1,-1,,,,,,,Effect/Battle/YiJi_MiBao/E_mb_hudun,,[2500301],,-1,0,,-1,,-1,0,-1,,[0|4],[0|4],{0:0|4:1},-1,{1:BuffUpgradeData},[],
2500306,,9,48,-1,-1,{9:0|48:1},1|0|3|108333|5000,83|1000,,,,-1,-1,-1,,,,,,,Effect/Battle/YiJi_MiBao/E_mb_hudun,,[2500301],,-1,0,,-1,,-1,0,-1,,[0|4],[0|4],{0:0|4:1},-1,{1:BuffUpgradeData},[],
2500307,,9,48,-1,-1,{9:0|48:1},1|0|3|120000|5000,"83|1000,81|1000",,,,-1,-1,-1,,,,,,,Effect/Battle/YiJi_MiBao/E_mb_hudun,,[2500301],,-1,0,,-1,,-1,0,-1,,[0|4],[0|4],{0:0|4:1},-1,{1:BuffUpgradeData},[],
2500308,,9,48,-1,-1,{9:0|48:1},1|0|3|131667|5000,"83|1000,81|1000",,,,-1,-1,-1,,,,,,,Effect/Battle/YiJi_MiBao/E_mb_hudun,,[2500301],,-1,0,,-1,,-1,0,-1,,[0|4],[0|4],{0:0|4:1},-1,{1:BuffUpgradeData},[],
2500309,,9,48,-1,-1,{9:0|48:1},1|0|3|143333|5000,"83|1000,81|1000",,,,-1,-1,-1,,,,,,,Effect/Battle/YiJi_MiBao/E_mb_hudun,,[2500301],,-1,0,,-1,,-1,0,-1,,[0|4],[0|4],{0:0|4:1},-1,{1:BuffUpgradeData},[],
2500310,,9,48,-1,-1,{9:0|48:1},1|0|3|155000|5000,"83|2000,81|1000",,,,-1,-1,-1,,,,,,,Effect/Battle/YiJi_MiBao/E_mb_hudun,,[2500301],,-1,0,,-1,,-1,0,-1,,[0|4],[0|4],{0:0|4:1},-1,{1:BuffUpgradeData},[],
2500311,,9,48,-1,-1,{9:0|48:1},1|0|3|166667|5000,"83|2000,81|1000",,,,-1,-1,-1,,,,,,,Effect/Battle/YiJi_MiBao/E_mb_hudun,,[2500301],,-1,0,,-1,,-1,0,-1,,[0|4],[0|4],{0:0|4:1},-1,{1:BuffUpgradeData},[],
2500312,,9,48,-1,-1,{9:0|48:1},1|0|3|178333|5000,"83|2000,81|1000",,,,-1,-1,-1,,,,,,,Effect/Battle/YiJi_MiBao/E_mb_hudun,,[2500301],,-1,0,,-1,,-1,0,-1,,[0|4],[0|4],{0:0|4:1},-1,{1:BuffUpgradeData},[],
2500313,,9,48,-1,-1,{9:0|48:1},1|0|3|190000|5000,"83|2000,81|2000",,,,-1,-1,-1,,,,,,,Effect/Battle/YiJi_MiBao/E_mb_hudun,,[2500301],,-1,0,,-1,,-1,0,-1,,[0|4],[0|4],{0:0|4:1},-1,{1:BuffUpgradeData},[],
2500314,,9,48,-1,-1,{9:0|48:1},1|0|3|201667|5000,"83|2000,81|2000",,,,-1,-1,-1,,,,,,,Effect/Battle/YiJi_MiBao/E_mb_hudun,,[2500301],,-1,0,,-1,,-1,0,-1,,[0|4],[0|4],{0:0|4:1},-1,{1:BuffUpgradeData},[],
2500315,,9,48,-1,-1,{9:0|48:1},1|0|3|213333|5000,"83|2000,81|2000",,,,-1,-1,-1,,,,,,,Effect/Battle/YiJi_MiBao/E_mb_hudun,,[2500301],,-1,0,,-1,,-1,0,-1,,[0|4],[0|4],{0:0|4:1},-1,{1:BuffUpgradeData},[],
2500316,,9,48,-1,-1,{9:0|48:1},1|0|3|225000|5000,"83|3000,81|3000",,,,-1,-1,-1,,,,,,,Effect/Battle/YiJi_MiBao/E_mb_hudun,,[2500301],,-1,0,,-1,,-1,0,-1,,[0|4],[0|4],{0:0|4:1},-1,{1:BuffUpgradeData},[],
2500317,,9,48,-1,-1,{9:0|48:1},1|0|3|236667|5000,"83|3000,81|3000",,,,-1,-1,-1,,,,,,,Effect/Battle/YiJi_MiBao/E_mb_hudun,,[2500301],,-1,0,,-1,,-1,0,-1,,[0|4],[0|4],{0:0|4:1},-1,{1:BuffUpgradeData},[],
2500318,,9,48,-1,-1,{9:0|48:1},1|0|3|248333|5000,"83|3000,81|3000",,,,-1,-1,-1,,,,,,,Effect/Battle/YiJi_MiBao/E_mb_hudun,,[2500301],,-1,0,,-1,,-1,0,-1,,[0|4],[0|4],{0:0|4:1},-1,{1:BuffUpgradeData},[],
2500319,,9,48,-1,-1,{9:0|48:1},1|0|3|260000|5000,"83|3000,81|3000",,,,-1,-1,-1,,,,,,,Effect/Battle/YiJi_MiBao/E_mb_hudun,,[2500301],,-1,0,,-1,,-1,0,-1,,[0|4],[0|4],{0:0|4:1},-1,{1:BuffUpgradeData},[],
2500320,,9,48,-1,-1,{9:0|48:1},1|0|3|271667|5000,"83|3000,81|3000",,,,-1,-1,-1,,,,,,,Effect/Battle/YiJi_MiBao/E_mb_hudun,,[2500301],,-1,0,,-1,,-1,0,-1,,[0|4],[0|4],{0:0|4:1},-1,{1:BuffUpgradeData},[],
2500321,,9,48,-1,-1,{9:0|48:1},1|0|3|283333|5000,"83|3500,81|3500",,,,-1,-1,-1,,,,,,,Effect/Battle/YiJi_MiBao/E_mb_hudun,,[2500301],,-1,0,,-1,,-1,0,-1,,[0|4],[0|4],{0:0|4:1},-1,{1:BuffUpgradeData},[],
2500322,,9,48,-1,-1,{9:0|48:1},1|0|3|295000|5000,"83|3500,81|3500",,,,-1,-1,-1,,,,,,,Effect/Battle/YiJi_MiBao/E_mb_hudun,,[2500301],,-1,0,,-1,,-1,0,-1,,[0|4],[0|4],{0:0|4:1},-1,{1:BuffUpgradeData},[],
2500323,,9,48,-1,-1,{9:0|48:1},1|0|3|306667|5000,"83|3500,81|3500",,,,-1,-1,-1,,,,,,,Effect/Battle/YiJi_MiBao/E_mb_hudun,,[2500301],,-1,0,,-1,,-1,0,-1,,[0|4],[0|4],{0:0|4:1},-1,{1:BuffUpgradeData},[],
2500324,,9,48,-1,-1,{9:0|48:1},1|0|3|318333|5000,"83|3500,81|3500",,,,-1,-1,-1,,,,,,,Effect/Battle/YiJi_MiBao/E_mb_hudun,,[2500301],,-1,0,,-1,,-1,0,-1,,[0|4],[0|4],{0:0|4:1},-1,{1:BuffUpgradeData},[],
2500325,,9,48,-1,-1,{9:0|48:1},1|0|3|330000|5000,"83|3500,81|3500",,,,-1,-1,-1,,,,,,,Effect/Battle/YiJi_MiBao/E_mb_hudun,,[2500301],,-1,0,,-1,,-1,0,-1,,[0|4],[0|4],{0:0|4:1},-1,{1:BuffUpgradeData},[],
2500326,,9,48,-1,-1,{9:0|48:1},1|0|3|341667|5000,"83|4000,81|4000",,,,-1,-1,-1,,,,,,,Effect/Battle/YiJi_MiBao/E_mb_hudun,,[2500301],,-1,0,,-1,,-1,0,-1,,[0|4],[0|4],{0:0|4:1},-1,{1:BuffUpgradeData},[],
2500401,,14,-1,-1,-1,{14:0},25004002|1,,,,,-1,-1,-1,,,,,,,Effect/Battle/YiJi_MiBao/E_mb_PiFeng_Buff,,[2500401],,-1,0,,-1,,-1,0,-1,,[0],[0],{0:0},-1,{1:BuffUpgradeData},[],
2500402,,14,-1,-1,-1,{14:0},25004002|2,,,,,-1,-1,-1,,,,,,,Effect/Battle/YiJi_MiBao/E_mb_PiFeng_Buff,,[2500401],,-1,0,,-1,,-1,0,-1,,[0],[0],{0:0},-1,{1:BuffUpgradeData},[],
2500403,,14,48,-1,-1,{14:0|48:1},25004002|3,61|500,,,,-1,-1,-1,,,,,,,Effect/Battle/YiJi_MiBao/E_mb_PiFeng_Buff,,[2500401],,-1,0,,-1,,-1,0,-1,,[0],[0],{0:0},-1,{1:BuffUpgradeData},[],
2500404,,14,48,-1,-1,{14:0|48:1},25004002|4,61|500,,,,-1,-1,-1,,,,,,,Effect/Battle/YiJi_MiBao/E_mb_PiFeng_Buff,,[2500401],,-1,0,,-1,,-1,0,-1,,[0],[0],{0:0},-1,{1:BuffUpgradeData},[],
2500405,,14,48,-1,-1,{14:0|48:1},25004002|5,61|500,,,,-1,-1,-1,,,,,,,Effect/Battle/YiJi_MiBao/E_mb_PiFeng_Buff,,[2500401],,-1,0,,-1,,-1,0,-1,,[0],[0],{0:0},-1,{1:BuffUpgradeData},[],
2500406,,14,48,-1,-1,{14:0|48:1},25004002|6,61|500,,,,-1,-1,-1,,,,,,,Effect/Battle/YiJi_MiBao/E_mb_PiFeng_Buff,,[2500401],,-1,0,,-1,,-1,0,-1,,[0],[0],{0:0},-1,{1:BuffUpgradeData},[],
2500407,,14,48,-1,-1,{14:0|48:1},25004002|7,61|500,,,,-1,-1,-1,,,,,,,Effect/Battle/YiJi_MiBao/E_mb_PiFeng_Buff,,[2500401],,-1,0,,-1,,-1,0,-1,,[0],[0],{0:0},-1,{1:BuffUpgradeData},[],
2500408,,14,48,-1,-1,{14:0|48:1},25004002|8,61|500,,,,-1,-1,-1,,,,,,,Effect/Battle/YiJi_MiBao/E_mb_PiFeng_Buff,,[2500401],,-1,0,,-1,,-1,0,-1,,[0],[0],{0:0},-1,{1:BuffUpgradeData},[],
2500409,,14,48,-1,-1,{14:0|48:1},25004002|9,61|500,,,,-1,-1,-1,,,,,,,Effect/Battle/YiJi_MiBao/E_mb_PiFeng_Buff,,[2500401],,-1,0,,-1,,-1,0,-1,,[0],[0],{0:0},-1,{1:BuffUpgradeData},[],
2500410,,14,48,-1,-1,{14:0|48:1},25004002|10,61|1000,,,,-1,-1,-1,,,,,,,Effect/Battle/YiJi_MiBao/E_mb_PiFeng_Buff,,[2500401],,-1,0,,-1,,-1,0,-1,,[0],[0],{0:0},-1,{1:BuffUpgradeData},[],
2500411,,14,48,-1,-1,{14:0|48:1},25004002|11,61|1000,,,,-1,-1,-1,,,,,,,Effect/Battle/YiJi_MiBao/E_mb_PiFeng_Buff,,[2500401],,-1,0,,-1,,-1,0,-1,,[0],[0],{0:0},-1,{1:BuffUpgradeData},[],
2500412,,14,48,-1,-1,{14:0|48:1},25004002|12,61|1000,,,,-1,-1,-1,,,,,,,Effect/Battle/YiJi_MiBao/E_mb_PiFeng_Buff,,[2500401],,-1,0,,-1,,-1,0,-1,,[0],[0],{0:0},-1,{1:BuffUpgradeData},[],
2500413,,14,48,-1,-1,{14:0|48:1},25004002|13,61|1000,,,,-1,-1,-1,,,,,,,Effect/Battle/YiJi_MiBao/E_mb_PiFeng_Buff,,[2500401],,-1,0,,-1,,-1,0,-1,,[0],[0],{0:0},-1,{1:BuffUpgradeData},[],
2500414,,14,48,-1,-1,{14:0|48:1},25004002|14,61|1000,,,,-1,-1,-1,,,,,,,Effect/Battle/YiJi_MiBao/E_mb_PiFeng_Buff,,[2500401],,-1,0,,-1,,-1,0,-1,,[0],[0],{0:0},-1,{1:BuffUpgradeData},[],
2500415,,14,48,-1,-1,{14:0|48:1},25004002|15,61|1000,,,,-1,-1,-1,,,,,,,Effect/Battle/YiJi_MiBao/E_mb_PiFeng_Buff,,[2500401],,-1,0,,-1,,-1,0,-1,,[0],[0],{0:0},-1,{1:BuffUpgradeData},[],
2500416,,14,48,-1,-1,{14:0|48:1},25004002|16,61|2000,,,,-1,-1,-1,,,,,,,Effect/Battle/YiJi_MiBao/E_mb_PiFeng_Buff,,[2500401],,-1,0,,-1,,-1,0,-1,,[0],[0],{0:0},-1,{1:BuffUpgradeData},[],
2500417,,14,48,-1,-1,{14:0|48:1},25004002|17,61|2000,,,,-1,-1,-1,,,,,,,Effect/Battle/YiJi_MiBao/E_mb_PiFeng_Buff,,[2500401],,-1,0,,-1,,-1,0,-1,,[0],[0],{0:0},-1,{1:BuffUpgradeData},[],
2500418,,14,48,-1,-1,{14:0|48:1},25004002|18,61|2000,,,,-1,-1,-1,,,,,,,Effect/Battle/YiJi_MiBao/E_mb_PiFeng_Buff,,[2500401],,-1,0,,-1,,-1,0,-1,,[0],[0],{0:0},-1,{1:BuffUpgradeData},[],
2500419,,14,48,-1,-1,{14:0|48:1},25004002|19,61|2000,,,,-1,-1,-1,,,,,,,Effect/Battle/YiJi_MiBao/E_mb_PiFeng_Buff,,[2500401],,-1,0,,-1,,-1,0,-1,,[0],[0],{0:0},-1,{1:BuffUpgradeData},[],
2500420,,14,48,-1,-1,{14:0|48:1},25004002|20,61|2000,,,,-1,-1,-1,,,,,,,Effect/Battle/YiJi_MiBao/E_mb_PiFeng_Buff,,[2500401],,-1,0,,-1,,-1,0,-1,,[0],[0],{0:0},-1,{1:BuffUpgradeData},[],
2500421,,14,48,-1,-1,{14:0|48:1},25004002|21,61|2000,,,,-1,-1,-1,,,,,,,Effect/Battle/YiJi_MiBao/E_mb_PiFeng_Buff,,[2500401],,-1,0,,-1,,-1,0,-1,,[0],[0],{0:0},-1,{1:BuffUpgradeData},[],
2500422,,14,48,-1,-1,{14:0|48:1},25004002|22,61|2000,,,,-1,-1,-1,,,,,,,Effect/Battle/YiJi_MiBao/E_mb_PiFeng_Buff,,[2500401],,-1,0,,-1,,-1,0,-1,,[0],[0],{0:0},-1,{1:BuffUpgradeData},[],
2500423,,14,48,-1,-1,{14:0|48:1},25004002|23,61|2000,,,,-1,-1,-1,,,,,,,Effect/Battle/YiJi_MiBao/E_mb_PiFeng_Buff,,[2500401],,-1,0,,-1,,-1,0,-1,,[0],[0],{0:0},-1,{1:BuffUpgradeData},[],
2500424,,14,48,-1,-1,{14:0|48:1},25004002|24,61|2000,,,,-1,-1,-1,,,,,,,Effect/Battle/YiJi_MiBao/E_mb_PiFeng_Buff,,[2500401],,-1,0,,-1,,-1,0,-1,,[0],[0],{0:0},-1,{1:BuffUpgradeData},[],
2500425,,14,48,-1,-1,{14:0|48:1},25004002|25,61|2000,,,,-1,-1,-1,,,,,,,Effect/Battle/YiJi_MiBao/E_mb_PiFeng_Buff,,[2500401],,-1,0,,-1,,-1,0,-1,,[0],[0],{0:0},-1,{1:BuffUpgradeData},[],
2500426,,14,48,-1,-1,{14:0|48:1},25004002|26,61|3000,,,,-1,-1,-1,,,,,,,Effect/Battle/YiJi_MiBao/E_mb_PiFeng_Buff,,[2500401],,-1,0,,-1,,-1,0,-1,,[0],[0],{0:0},-1,{1:BuffUpgradeData},[],
2500451,,43,-1,-1,-1,{43:0},-500,,,,,-1,-1,-1,,,,,,,,,,,-1,0,,-1,,-1,0,-1,,[0],[0],{0:0},-1,{1:BuffUpgradeData},[],
2500452,,43,-1,-1,-1,{43:0},-1000,,,,,-1,-1,-1,,,,,,,,,,,-1,0,,-1,,-1,0,-1,,[0],[0],{0:0},-1,{1:BuffUpgradeData},[],
2500453,,43,-1,-1,-1,{43:0},-1500,,,,,-1,-1,-1,,,,,,,,,,,-1,0,,-1,,-1,0,-1,,[0],[0],{0:0},-1,{1:BuffUpgradeData},[],
2500501,,41,-1,-1,-1,{41:0},4|1000,,,,,-1,-1,-1,,,,,,,Effect/Battle/YiJi_MiBao/E_mb_TXZQ_Bao,,[2500501],,-1,0,,-1,,-1,0,-1,,[0],[0],{0:0},-1,{1:BuffUpgradeData},[],
2500502,,41,-1,-1,-1,{41:0},4|1200,,,,,-1,-1,-1,,,,,,,Effect/Battle/YiJi_MiBao/E_mb_TXZQ_Bao,,[2500501],,-1,0,,-1,,-1,0,-1,,[0],[0],{0:0},-1,{1:BuffUpgradeData},[],
2500503,,41,-1,-1,-1,{41:0},4|1400,,,,,-1,-1,-1,,,,,,,Effect/Battle/YiJi_MiBao/E_mb_TXZQ_Bao,,[2500501],,-1,0,,-1,,-1,0,-1,,[0],[0],{0:0},-1,{1:BuffUpgradeData},[],
2500504,,41,-1,-1,-1,{41:0},"4|1600,6011|1000",,,,,-1,-1,-1,,,,,,,Effect/Battle/YiJi_MiBao/E_mb_TXZQ_Bao,,[2500501],,-1,0,,-1,,-1,0,-1,,[0],[0],{0:0},-1,{1:BuffUpgradeData},[],
2500505,,41,-1,-1,-1,{41:0},"4|1800,6011|1000",,,,,-1,-1,-1,,,,,,,Effect/Battle/YiJi_MiBao/E_mb_TXZQ_Bao,,[2500501],,-1,0,,-1,,-1,0,-1,,[0],[0],{0:0},-1,{1:BuffUpgradeData},[],
2500506,,41,-1,-1,-1,{41:0},"4|2000,6011|1000",,,,,-1,-1,-1,,,,,,,Effect/Battle/YiJi_MiBao/E_mb_TXZQ_Bao,,[2500501],,-1,0,,-1,,-1,0,-1,,[0],[0],{0:0},-1,{1:BuffUpgradeData},[],
2500507,,41,-1,-1,-1,{41:0},"4|2200,6011|1000",,,,,-1,-1,-1,,,,,,,Effect/Battle/YiJi_MiBao/E_mb_TXZQ_Bao,,[2500501],,-1,0,,-1,,-1,0,-1,,[0],[0],{0:0},-1,{1:BuffUpgradeData},[],
2500508,,41,-1,-1,-1,{41:0},"4|2400,6011|1000",,,,,-1,-1,-1,,,,,,,Effect/Battle/YiJi_MiBao/E_mb_TXZQ_Bao,,[2500501],,-1,0,,-1,,-1,0,-1,,[0],[0],{0:0},-1,{1:BuffUpgradeData},[],
2500509,,41,-1,-1,-1,{41:0},"4|2600,6011|1000",,,,,-1,-1,-1,,,,,,,Effect/Battle/YiJi_MiBao/E_mb_TXZQ_Bao,,[2500501],,-1,0,,-1,,-1,0,-1,,[0],[0],{0:0},-1,{1:BuffUpgradeData},[],
2500510,,41,-1,-1,-1,{41:0},"4|2800,6011|2000",,,,,-1,-1,-1,,,,,,,Effect/Battle/YiJi_MiBao/E_mb_TXZQ_Bao,,[2500501],,-1,0,,-1,,-1,0,-1,,[0],[0],{0:0},-1,{1:BuffUpgradeData},[],
2500511,,41,-1,-1,-1,{41:0},"4|3000,6011|2000",,,,,-1,-1,-1,,,,,,,Effect/Battle/YiJi_MiBao/E_mb_TXZQ_Bao,,[2500501],,-1,0,,-1,,-1,0,-1,,[0],[0],{0:0},-1,{1:BuffUpgradeData},[],
2500512,,41,-1,-1,-1,{41:0},"4|3200,6011|2000",,,,,-1,-1,-1,,,,,,,Effect/Battle/YiJi_MiBao/E_mb_TXZQ_Bao,,[2500501],,-1,0,,-1,,-1,0,-1,,[0],[0],{0:0},-1,{1:BuffUpgradeData},[],
2500513,,41,-1,-1,-1,{41:0},"4|3400,6011|2000",,,,,-1,-1,-1,,,,,,,Effect/Battle/YiJi_MiBao/E_mb_TXZQ_Bao,,[2500501],,-1,0,,-1,,-1,0,-1,,[0],[0],{0:0},-1,{1:BuffUpgradeData},[],
2500514,,41,-1,-1,-1,{41:0},"4|3600,6011|2000",,,,,-1,-1,-1,,,,,,,Effect/Battle/YiJi_MiBao/E_mb_TXZQ_Bao,,[2500501],,-1,0,,-1,,-1,0,-1,,[0],[0],{0:0},-1,{1:BuffUpgradeData},[],
2500515,,41,-1,-1,-1,{41:0},"4|3800,6011|2000",,,,,-1,-1,-1,,,,,,,Effect/Battle/YiJi_MiBao/E_mb_TXZQ_Bao,,[2500501],,-1,0,,-1,,-1,0,-1,,[0],[0],{0:0},-1,{1:BuffUpgradeData},[],
2500516,,41,-1,-1,-1,{41:0},"4|4000,6011|4000",,,,,-1,-1,-1,,,,,,,Effect/Battle/YiJi_MiBao/E_mb_TXZQ_Bao,,[2500501],,-1,0,,-1,,-1,0,-1,,[0],[0],{0:0},-1,{1:BuffUpgradeData},[],
2500517,,41,-1,-1,-1,{41:0},"4|4200,6011|4000",,,,,-1,-1,-1,,,,,,,Effect/Battle/YiJi_MiBao/E_mb_TXZQ_Bao,,[2500501],,-1,0,,-1,,-1,0,-1,,[0],[0],{0:0},-1,{1:BuffUpgradeData},[],
2500518,,41,-1,-1,-1,{41:0},"4|4400,6011|4000",,,,,-1,-1,-1,,,,,,,Effect/Battle/YiJi_MiBao/E_mb_TXZQ_Bao,,[2500501],,-1,0,,-1,,-1,0,-1,,[0],[0],{0:0},-1,{1:BuffUpgradeData},[],
2500519,,41,-1,-1,-1,{41:0},"4|4600,6011|4000",,,,,-1,-1,-1,,,,,,,Effect/Battle/YiJi_MiBao/E_mb_TXZQ_Bao,,[2500501],,-1,0,,-1,,-1,0,-1,,[0],[0],{0:0},-1,{1:BuffUpgradeData},[],
2500520,,41,-1,-1,-1,{41:0},"4|4800,6011|4000",,,,,-1,-1,-1,,,,,,,Effect/Battle/YiJi_MiBao/E_mb_TXZQ_Bao,,[2500501],,-1,0,,-1,,-1,0,-1,,[0],[0],{0:0},-1,{1:BuffUpgradeData},[],
2500521,,41,-1,-1,-1,{41:0},"4|5000,6011|5000",,,,,-1,-1,-1,,,,,,,Effect/Battle/YiJi_MiBao/E_mb_TXZQ_Bao,,[2500501],,-1,0,,-1,,-1,0,-1,,[0],[0],{0:0},-1,{1:BuffUpgradeData},[],
2500522,,41,-1,-1,-1,{41:0},"4|5200,6011|5000",,,,,-1,-1,-1,,,,,,,Effect/Battle/YiJi_MiBao/E_mb_TXZQ_Bao,,[2500501],,-1,0,,-1,,-1,0,-1,,[0],[0],{0:0},-1,{1:BuffUpgradeData},[],
2500523,,41,-1,-1,-1,{41:0},"4|5400,6011|5000",,,,,-1,-1,-1,,,,,,,Effect/Battle/YiJi_MiBao/E_mb_TXZQ_Bao,,[2500501],,-1,0,,-1,,-1,0,-1,,[0],[0],{0:0},-1,{1:BuffUpgradeData},[],
2500524,,41,-1,-1,-1,{41:0},"4|5600,6011|5000",,,,,-1,-1,-1,,,,,,,Effect/Battle/YiJi_MiBao/E_mb_TXZQ_Bao,,[2500501],,-1,0,,-1,,-1,0,-1,,[0],[0],{0:0},-1,{1:BuffUpgradeData},[],
2500525,,41,-1,-1,-1,{41:0},"4|5800,6011|5000",,,,,-1,-1,-1,,,,,,,Effect/Battle/YiJi_MiBao/E_mb_TXZQ_Bao,,[2500501],,-1,0,,-1,,-1,0,-1,,[0],[0],{0:0},-1,{1:BuffUpgradeData},[],
2500526,,41,-1,-1,-1,{41:0},"4|6000,6011|6000",,,,,-1,-1,-1,,,,,,,Effect/Battle/YiJi_MiBao/E_mb_TXZQ_Bao,,[2500501],,-1,0,,-1,,-1,0,-1,,[0],[0],{0:0},-1,{1:BuffUpgradeData},[],
2500601,,48,-1,-1,-1,{48:0},18|-1000,,,,,-1,-1,-1,,,,,,,,,[2500601],,-1,0,,-1,,-1,0,-1,,[1|301],[1|301],{1:0|301:1},-1,{1:BuffUpgradeData},[],
2500602,,48,-1,-1,-1,{48:0},18|-1100,,,,,-1,-1,-1,,,,,,,,,[2500601],,-1,0,,-1,,-1,0,-1,,[1|301],[1|301],{1:0|301:1},-1,{1:BuffUpgradeData},[],
2500603,,48,-1,-1,-1,{48:0},18|-1200,,,,,-1,-1,-1,,,,,,,,,[2500601],,-1,0,,-1,,-1,0,-1,,[1|301],[1|301],{1:0|301:1},-1,{1:BuffUpgradeData},[],
2500604,,48,-1,-1,-1,{48:0},18|-1300,,,,,-1,-1,-1,,,,,,,,,[2500601],,-1,0,,-1,,-1,0,-1,,[1|301],[1|301],{1:0|301:1},-1,{1:BuffUpgradeData},[],
2500605,,48,-1,-1,-1,{48:0},18|-1400,,,,,-1,-1,-1,,,,,,,,,[2500601],,-1,0,,-1,,-1,0,-1,,[1|301],[1|301],{1:0|301:1},-1,{1:BuffUpgradeData},[],
2500606,,48,-1,-1,-1,{48:0},18|-1500,,,,,-1,-1,-1,,,,,,,,,[2500601],,-1,0,,-1,,-1,0,-1,,[1|301],[1|301],{1:0|301:1},-1,{1:BuffUpgradeData},[],
2500607,,48,-1,-1,-1,{48:0},"18|-1600,34|-1000",,,,,-1,-1,-1,,,,,,,,,[2500601],,-1,0,,-1,,-1,0,-1,,[1|301],[1|301],{1:0|301:1},-1,{1:BuffUpgradeData},[],
2500608,,48,-1,-1,-1,{48:0},"18|-1700,34|-1000",,,,,-1,-1,-1,,,,,,,,,[2500601],,-1,0,,-1,,-1,0,-1,,[1|301],[1|301],{1:0|301:1},-1,{1:BuffUpgradeData},[],
2500609,,48,-1,-1,-1,{48:0},"18|-1800,34|-1000",,,,,-1,-1,-1,,,,,,,,,[2500601],,-1,0,,-1,,-1,0,-1,,[1|301],[1|301],{1:0|301:1},-1,{1:BuffUpgradeData},[],
2500610,,48,-1,-1,-1,{48:0},"18|-1900,34|-1000",,,,,-1,-1,-1,,,,,,,,,[2500601],,-1,0,,-1,,-1,0,-1,,[1|301],[1|301],{1:0|301:1},-1,{1:BuffUpgradeData},[],
2500611,,48,-1,-1,-1,{48:0},"18|-2000,34|-1000",,,,,-1,-1,-1,,,,,,,,,[2500601],,-1,0,,-1,,-1,0,-1,,[1|301],[1|301],{1:0|301:1},-1,{1:BuffUpgradeData},[],
2500612,,48,-1,-1,-1,{48:0},"18|-2100,34|-1000",,,,,-1,-1,-1,,,,,,,,,[2500601],,-1,0,,-1,,-1,0,-1,,[1|301],[1|301],{1:0|301:1},-1,{1:BuffUpgradeData},[],
2500613,,48,-1,-1,-1,{48:0},"18|-2200,34|-2000",,,,,-1,-1,-1,,,,,,,,,[2500601],,-1,0,,-1,,-1,0,-1,,[1|301],[1|301],{1:0|301:1},-1,{1:BuffUpgradeData},[],
2500614,,48,-1,-1,-1,{48:0},"18|-2300,34|-2000",,,,,-1,-1,-1,,,,,,,,,[2500601],,-1,0,,-1,,-1,0,-1,,[1|301],[1|301],{1:0|301:1},-1,{1:BuffUpgradeData},[],
2500615,,48,-1,-1,-1,{48:0},"18|-2400,34|-2000",,,,,-1,-1,-1,,,,,,,,,[2500601],,-1,0,,-1,,-1,0,-1,,[1|301],[1|301],{1:0|301:1},-1,{1:BuffUpgradeData},[],
2500616,,48,-1,-1,-1,{48:0},"18|-2500,34|-3000",,,,,-1,-1,-1,,,,,,,,,[2500601],,-1,0,,-1,,-1,0,-1,,[1|301],[1|301],{1:0|301:1},-1,{1:BuffUpgradeData},[],
2500617,,48,-1,-1,-1,{48:0},"18|-2600,34|-3000",,,,,-1,-1,-1,,,,,,,,,[2500601],,-1,0,,-1,,-1,0,-1,,[1|301],[1|301],{1:0|301:1},-1,{1:BuffUpgradeData},[],
2500618,,48,-1,-1,-1,{48:0},"18|-2700,34|-3000",,,,,-1,-1,-1,,,,,,,,,[2500601],,-1,0,,-1,,-1,0,-1,,[1|301],[1|301],{1:0|301:1},-1,{1:BuffUpgradeData},[],
2500619,,48,-1,-1,-1,{48:0},"18|-2800,34|-3000",,,,,-1,-1,-1,,,,,,,,,[2500601],,-1,0,,-1,,-1,0,-1,,[1|301],[1|301],{1:0|301:1},-1,{1:BuffUpgradeData},[],
2500620,,48,-1,-1,-1,{48:0},"18|-2900,34|-3000",,,,,-1,-1,-1,,,,,,,,,[2500601],,-1,0,,-1,,-1,0,-1,,[1|301],[1|301],{1:0|301:1},-1,{1:BuffUpgradeData},[],
2500621,,48,-1,-1,-1,{48:0},"18|-3000,34|-3000",,,,,-1,-1,-1,,,,,,,,,[2500601],,-1,0,,-1,,-1,0,-1,,[1|301],[1|301],{1:0|301:1},-1,{1:BuffUpgradeData},[],
2500622,,48,-1,-1,-1,{48:0},"18|-3100,34|-3000",,,,,-1,-1,-1,,,,,,,,,[2500601],,-1,0,,-1,,-1,0,-1,,[1|301],[1|301],{1:0|301:1},-1,{1:BuffUpgradeData},[],
2500623,,48,-1,-1,-1,{48:0},"18|-3200,34|-3000",,,,,-1,-1,-1,,,,,,,,,[2500601],,-1,0,,-1,,-1,0,-1,,[1|301],[1|301],{1:0|301:1},-1,{1:BuffUpgradeData},[],
2500624,,48,-1,-1,-1,{48:0},"18|-3300,34|-3000",,,,,-1,-1,-1,,,,,,,,,[2500601],,-1,0,,-1,,-1,0,-1,,[1|301],[1|301],{1:0|301:1},-1,{1:BuffUpgradeData},[],
2500625,,48,-1,-1,-1,{48:0},"18|-3400,34|-3000",,,,,-1,-1,-1,,,,,,,,,[2500601],,-1,0,,-1,,-1,0,-1,,[1|301],[1|301],{1:0|301:1},-1,{1:BuffUpgradeData},[],
2500626,,48,-1,-1,-1,{48:0},"18|-3500,34|-4000",,,,,-1,-1,-1,,,,,,,,,[2500601],,-1,0,,-1,,-1,0,-1,,[1|301],[1|301],{1:0|301:1},-1,{1:BuffUpgradeData},[],
2500651,,48,-1,-1,-1,{48:0},"18|1000,15|1000",,,,,-1,-1,-1,,,,,,,,,[2500602],,-1,0,,-1,,-1,0,-1,,[0],[0],{0:0},-1,{1:BuffUpgradeData},[],
2500652,,48,-1,-1,-1,{48:0},"18|1100,15|1000",,,,,-1,-1,-1,,,,,,,,,[2500602],,-1,0,,-1,,-1,0,-1,,[0],[0],{0:0},-1,{1:BuffUpgradeData},[],
2500653,,48,-1,-1,-1,{48:0},"18|1200,15|1000",,,,,-1,-1,-1,,,,,,,,,[2500602],,-1,0,,-1,,-1,0,-1,,[0],[0],{0:0},-1,{1:BuffUpgradeData},[],
2500654,,48,-1,-1,-1,{48:0},"18|1300,15|1000",,,,,-1,-1,-1,,,,,,,,,[2500602],,-1,0,,-1,,-1,0,-1,,[0],[0],{0:0},-1,{1:BuffUpgradeData},[],
2500655,,48,-1,-1,-1,{48:0},"18|1400,15|1000",,,,,-1,-1,-1,,,,,,,,,[2500602],,-1,0,,-1,,-1,0,-1,,[0],[0],{0:0},-1,{1:BuffUpgradeData},[],
2500656,,48,-1,-1,-1,{48:0},"18|1500,15|1000",,,,,-1,-1,-1,,,,,,,,,[2500602],,-1,0,,-1,,-1,0,-1,,[0],[0],{0:0},-1,{1:BuffUpgradeData},[],
2500657,,48,-1,-1,-1,{48:0},"18|1600,15|1000",,,,,-1,-1,-1,,,,,,,,,[2500602],,-1,0,,-1,,-1,0,-1,,[0],[0],{0:0},-1,{1:BuffUpgradeData},[],
2500658,,48,-1,-1,-1,{48:0},"18|1700,15|1000",,,,,-1,-1,-1,,,,,,,,,[2500602],,-1,0,,-1,,-1,0,-1,,[0],[0],{0:0},-1,{1:BuffUpgradeData},[],
2500659,,48,-1,-1,-1,{48:0},"18|1800,15|1000",,,,,-1,-1,-1,,,,,,,,,[2500602],,-1,0,,-1,,-1,0,-1,,[0],[0],{0:0},-1,{1:BuffUpgradeData},[],
2500660,,48,-1,-1,-1,{48:0},"18|1900,15|2000",,,,,-1,-1,-1,,,,,,,,,[2500602],,-1,0,,-1,,-1,0,-1,,[0],[0],{0:0},-1,{1:BuffUpgradeData},[],
2500661,,48,-1,-1,-1,{48:0},"18|2000,15|2000",,,,,-1,-1,-1,,,,,,,,,[2500602],,-1,0,,-1,,-1,0,-1,,[0],[0],{0:0},-1,{1:BuffUpgradeData},[],
2500662,,48,-1,-1,-1,{48:0},"18|2100,15|2000",,,,,-1,-1,-1,,,,,,,,,[2500602],,-1,0,,-1,,-1,0,-1,,[0],[0],{0:0},-1,{1:BuffUpgradeData},[],
2500663,,48,-1,-1,-1,{48:0},"18|2200,15|2000",,,,,-1,-1,-1,,,,,,,,,[2500602],,-1,0,,-1,,-1,0,-1,,[0],[0],{0:0},-1,{1:BuffUpgradeData},[],
2500664,,48,-1,-1,-1,{48:0},"18|2300,15|2000",,,,,-1,-1,-1,,,,,,,,,[2500602],,-1,0,,-1,,-1,0,-1,,[0],[0],{0:0},-1,{1:BuffUpgradeData},[],
2500665,,48,-1,-1,-1,{48:0},"18|2400,15|2000",,,,,-1,-1,-1,,,,,,,,,[2500602],,-1,0,,-1,,-1,0,-1,,[0],[0],{0:0},-1,{1:BuffUpgradeData},[],
2500666,,48,-1,-1,-1,{48:0},"18|2500,15|3000",,,,,-1,-1,-1,,,,,,,,,[2500602],,-1,0,,-1,,-1,0,-1,,[0],[0],{0:0},-1,{1:BuffUpgradeData},[],
2500667,,48,-1,-1,-1,{48:0},"18|2600,15|3000",,,,,-1,-1,-1,,,,,,,,,[2500602],,-1,0,,-1,,-1,0,-1,,[0],[0],{0:0},-1,{1:BuffUpgradeData},[],
2500668,,48,-1,-1,-1,{48:0},"18|2700,15|3000",,,,,-1,-1,-1,,,,,,,,,[2500602],,-1,0,,-1,,-1,0,-1,,[0],[0],{0:0},-1,{1:BuffUpgradeData},[],
2500669,,48,-1,-1,-1,{48:0},"18|2800,15|3000",,,,,-1,-1,-1,,,,,,,,,[2500602],,-1,0,,-1,,-1,0,-1,,[0],[0],{0:0},-1,{1:BuffUpgradeData},[],
2500670,,48,-1,-1,-1,{48:0},"18|2900,15|3000",,,,,-1,-1,-1,,,,,,,,,[2500602],,-1,0,,-1,,-1,0,-1,,[0],[0],{0:0},-1,{1:BuffUpgradeData},[],
2500671,,48,-1,-1,-1,{48:0},"18|3000,15|4000",,,,,-1,-1,-1,,,,,,,,,[2500602],,-1,0,,-1,,-1,0,-1,,[0],[0],{0:0},-1,{1:BuffUpgradeData},[],
2500672,,48,-1,-1,-1,{48:0},"18|3100,15|4000",,,,,-1,-1,-1,,,,,,,,,[2500602],,-1,0,,-1,,-1,0,-1,,[0],[0],{0:0},-1,{1:BuffUpgradeData},[],
2500673,,48,-1,-1,-1,{48:0},"18|3200,15|4000",,,,,-1,-1,-1,,,,,,,,,[2500602],,-1,0,,-1,,-1,0,-1,,[0],[0],{0:0},-1,{1:BuffUpgradeData},[],
2500674,,48,-1,-1,-1,{48:0},"18|3300,15|4000",,,,,-1,-1,-1,,,,,,,,,[2500602],,-1,0,,-1,,-1,0,-1,,[0],[0],{0:0},-1,{1:BuffUpgradeData},[],
2500675,,48,-1,-1,-1,{48:0},"18|3400,15|4000",,,,,-1,-1,-1,,,,,,,,,[2500602],,-1,0,,-1,,-1,0,-1,,[0],[0],{0:0},-1,{1:BuffUpgradeData},[],
2500676,,48,-1,-1,-1,{48:0},"18|3500,15|4000",,,,,-1,-1,-1,,,,,,,,,[2500602],,-1,0,,-1,,-1,0,-1,,[0],[0],{0:0},-1,{1:BuffUpgradeData},[],
2500701,,48,-1,-1,-1,{48:0},80|-750,,,,,-1,-1,-1,,,,,,,,,[2500701],,-1,0,,-1,,-1,0,-1,,[1|301],[1|301],{1:0|301:1},-1,{1:BuffUpgradeData},[],
2500702,,48,-1,-1,-1,{48:0},80|-900,,,,,-1,-1,-1,,,,,,,,,[2500701],,-1,0,,-1,,-1,0,-1,,[1|301],[1|301],{1:0|301:1},-1,{1:BuffUpgradeData},[],
2500703,,48,-1,-1,-1,{48:0},80|-1050,,,,,-1,-1,-1,,,,,,,,,[2500701],,-1,0,,-1,,-1,0,-1,,[1|301],[1|301],{1:0|301:1},-1,{1:BuffUpgradeData},[],
2500704,,48,-1,-1,-1,{48:0},80|-1200,,,,,-1,-1,-1,,,,,,,,,[2500701],,-1,0,,-1,,-1,0,-1,,[1|301],[1|301],{1:0|301:1},-1,{1:BuffUpgradeData},[],
2500705,,48,-1,-1,-1,{48:0},80|-1350,,,,,-1,-1,-1,,,,,,,,,[2500701],,-1,0,,-1,,-1,0,-1,,[1|301],[1|301],{1:0|301:1},-1,{1:BuffUpgradeData},[],
2500706,,48,-1,-1,-1,{48:0},80|-1500,,,,,-1,-1,-1,,,,,,,,,[2500701],,-1,0,,-1,,-1,0,-1,,[1|301],[1|301],{1:0|301:1},-1,{1:BuffUpgradeData},[],
2500707,,48,-1,-1,-1,{48:0},80|-1650,,,,,-1,-1,-1,,,,,,,,,[2500701],,-1,0,,-1,,-1,0,-1,,[1|301],[1|301],{1:0|301:1},-1,{1:BuffUpgradeData},[],
2500708,,48,-1,-1,-1,{48:0},80|-1800,,,,,-1,-1,-1,,,,,,,,,[2500701],,-1,0,,-1,,-1,0,-1,,[1|301],[1|301],{1:0|301:1},-1,{1:BuffUpgradeData},[],
2500709,,48,-1,-1,-1,{48:0},80|-1950,,,,,-1,-1,-1,,,,,,,,,[2500701],,-1,0,,-1,,-1,0,-1,,[1|301],[1|301],{1:0|301:1},-1,{1:BuffUpgradeData},[],
2500710,,48,-1,-1,-1,{48:0},80|-2100,,,,,-1,-1,-1,,,,,,,,,[2500701],,-1,0,,-1,,-1,0,-1,,[1|301],[1|301],{1:0|301:1},-1,{1:BuffUpgradeData},[],
2500711,,48,-1,-1,-1,{48:0},80|-2250,,,,,-1,-1,-1,,,,,,,,,[2500701],,-1,0,,-1,,-1,0,-1,,[1|301],[1|301],{1:0|301:1},-1,{1:BuffUpgradeData},[],
2500712,,48,-1,-1,-1,{48:0},80|-2400,,,,,-1,-1,-1,,,,,,,,,[2500701],,-1,0,,-1,,-1,0,-1,,[1|301],[1|301],{1:0|301:1},-1,{1:BuffUpgradeData},[],
2500713,,48,-1,-1,-1,{48:0},80|-2550,,,,,-1,-1,-1,,,,,,,,,[2500701],,-1,0,,-1,,-1,0,-1,,[1|301],[1|301],{1:0|301:1},-1,{1:BuffUpgradeData},[],
2500714,,48,-1,-1,-1,{48:0},80|-2700,,,,,-1,-1,-1,,,,,,,,,[2500701],,-1,0,,-1,,-1,0,-1,,[1|301],[1|301],{1:0|301:1},-1,{1:BuffUpgradeData},[],
2500715,,48,-1,-1,-1,{48:0},80|-2850,,,,,-1,-1,-1,,,,,,,,,[2500701],,-1,0,,-1,,-1,0,-1,,[1|301],[1|301],{1:0|301:1},-1,{1:BuffUpgradeData},[],
2500716,,48,-1,-1,-1,{48:0},80|-3000,,,,,-1,-1,-1,,,,,,,,,[2500701],,-1,0,,-1,,-1,0,-1,,[1|301],[1|301],{1:0|301:1},-1,{1:BuffUpgradeData},[],
2500717,,48,-1,-1,-1,{48:0},80|-3150,,,,,-1,-1,-1,,,,,,,,,[2500701],,-1,0,,-1,,-1,0,-1,,[1|301],[1|301],{1:0|301:1},-1,{1:BuffUpgradeData},[],
2500718,,48,-1,-1,-1,{48:0},80|-3300,,,,,-1,-1,-1,,,,,,,,,[2500701],,-1,0,,-1,,-1,0,-1,,[1|301],[1|301],{1:0|301:1},-1,{1:BuffUpgradeData},[],
2500719,,48,-1,-1,-1,{48:0},80|-3450,,,,,-1,-1,-1,,,,,,,,,[2500701],,-1,0,,-1,,-1,0,-1,,[1|301],[1|301],{1:0|301:1},-1,{1:BuffUpgradeData},[],
2500720,,48,-1,-1,-1,{48:0},80|-3600,,,,,-1,-1,-1,,,,,,,,,[2500701],,-1,0,,-1,,-1,0,-1,,[1|301],[1|301],{1:0|301:1},-1,{1:BuffUpgradeData},[],
2500721,,48,-1,-1,-1,{48:0},80|-3750,,,,,-1,-1,-1,,,,,,,,,[2500701],,-1,0,,-1,,-1,0,-1,,[1|301],[1|301],{1:0|301:1},-1,{1:BuffUpgradeData},[],
2500722,,48,-1,-1,-1,{48:0},80|-3900,,,,,-1,-1,-1,,,,,,,,,[2500701],,-1,0,,-1,,-1,0,-1,,[1|301],[1|301],{1:0|301:1},-1,{1:BuffUpgradeData},[],
2500723,,48,-1,-1,-1,{48:0},80|-4050,,,,,-1,-1,-1,,,,,,,,,[2500701],,-1,0,,-1,,-1,0,-1,,[1|301],[1|301],{1:0|301:1},-1,{1:BuffUpgradeData},[],
2500724,,48,-1,-1,-1,{48:0},80|-4200,,,,,-1,-1,-1,,,,,,,,,[2500701],,-1,0,,-1,,-1,0,-1,,[1|301],[1|301],{1:0|301:1},-1,{1:BuffUpgradeData},[],
2500725,,48,-1,-1,-1,{48:0},80|-4350,,,,,-1,-1,-1,,,,,,,,,[2500701],,-1,0,,-1,,-1,0,-1,,[1|301],[1|301],{1:0|301:1},-1,{1:BuffUpgradeData},[],
2500726,,48,-1,-1,-1,{48:0},80|-4500,,,,,-1,-1,-1,,,,,,,,,[2500701],,-1,0,,-1,,-1,0,-1,,[1|301],[1|301],{1:0|301:1},-1,{1:BuffUpgradeData},[],
2500751,,48,-1,-1,-1,{48:0},21|750,,,,,-1,-1,-1,,,,,,,,,[2500702],,-1,0,,-1,,-1,0,-1,,[0],[0],{0:0},-1,{1:BuffUpgradeData},[],
2500752,,48,-1,-1,-1,{48:0},21|900,,,,,-1,-1,-1,,,,,,,,,[2500702],,-1,0,,-1,,-1,0,-1,,[0],[0],{0:0},-1,{1:BuffUpgradeData},[],
2500753,,48,-1,-1,-1,{48:0},21|1050,,,,,-1,-1,-1,,,,,,,,,[2500702],,-1,0,,-1,,-1,0,-1,,[0],[0],{0:0},-1,{1:BuffUpgradeData},[],
2500754,,48,50,-1,-1,{48:0|50:1},21|1200,1|1000,,,,-1,-1,-1,,,,,,,,,[2500702],,-1,0,,-1,,-1,0,-1,,[0],[0],{0:0},-1,{1:BuffUpgradeData},[],
2500755,,48,50,-1,-1,{48:0|50:1},21|1350,1|1000,,,,-1,-1,-1,,,,,,,,,[2500702],,-1,0,,-1,,-1,0,-1,,[0],[0],{0:0},-1,{1:BuffUpgradeData},[],
2500756,,48,50,-1,-1,{48:0|50:1},21|1500,1|1000,,,,-1,-1,-1,,,,,,,,,[2500702],,-1,0,,-1,,-1,0,-1,,[0],[0],{0:0},-1,{1:BuffUpgradeData},[],
2500757,,48,50,-1,-1,{48:0|50:1},21|1650,1|1000,,,,-1,-1,-1,,,,,,,,,[2500702],,-1,0,,-1,,-1,0,-1,,[0],[0],{0:0},-1,{1:BuffUpgradeData},[],
2500758,,48,50,-1,-1,{48:0|50:1},21|1800,1|1000,,,,-1,-1,-1,,,,,,,,,[2500702],,-1,0,,-1,,-1,0,-1,,[0],[0],{0:0},-1,{1:BuffUpgradeData},[],
2500759,,48,50,-1,-1,{48:0|50:1},21|1950,1|1000,,,,-1,-1,-1,,,,,,,,,[2500702],,-1,0,,-1,,-1,0,-1,,[0],[0],{0:0},-1,{1:BuffUpgradeData},[],
2500760,,48,50,-1,-1,{48:0|50:1},21|2100,1|2000,,,,-1,-1,-1,,,,,,,,,[2500702],,-1,0,,-1,,-1,0,-1,,[0],[0],{0:0},-1,{1:BuffUpgradeData},[],
2500761,,48,50,-1,-1,{48:0|50:1},21|2250,1|2000,,,,-1,-1,-1,,,,,,,,,[2500702],,-1,0,,-1,,-1,0,-1,,[0],[0],{0:0},-1,{1:BuffUpgradeData},[],
2500762,,48,50,-1,-1,{48:0|50:1},21|2400,1|2000,,,,-1,-1,-1,,,,,,,,,[2500702],,-1,0,,-1,,-1,0,-1,,[0],[0],{0:0},-1,{1:BuffUpgradeData},[],
2500763,,48,50,-1,-1,{48:0|50:1},21|2550,1|2000,,,,-1,-1,-1,,,,,,,,,[2500702],,-1,0,,-1,,-1,0,-1,,[0],[0],{0:0},-1,{1:BuffUpgradeData},[],
2500764,,48,50,-1,-1,{48:0|50:1},21|2700,1|2000,,,,-1,-1,-1,,,,,,,,,[2500702],,-1,0,,-1,,-1,0,-1,,[0],[0],{0:0},-1,{1:BuffUpgradeData},[],
2500765,,48,50,-1,-1,{48:0|50:1},21|2850,1|2000,,,,-1,-1,-1,,,,,,,,,[2500702],,-1,0,,-1,,-1,0,-1,,[0],[0],{0:0},-1,{1:BuffUpgradeData},[],
2500766,,48,50,-1,-1,{48:0|50:1},21|3000,1|3000,,,,-1,-1,-1,,,,,,,,,[2500702],,-1,0,,-1,,-1,0,-1,,[0],[0],{0:0},-1,{1:BuffUpgradeData},[],
2500767,,48,50,-1,-1,{48:0|50:1},21|3150,1|3000,,,,-1,-1,-1,,,,,,,,,[2500702],,-1,0,,-1,,-1,0,-1,,[0],[0],{0:0},-1,{1:BuffUpgradeData},[],
2500768,,48,50,-1,-1,{48:0|50:1},21|3300,1|3000,,,,-1,-1,-1,,,,,,,,,[2500702],,-1,0,,-1,,-1,0,-1,,[0],[0],{0:0},-1,{1:BuffUpgradeData},[],
2500769,,48,50,-1,-1,{48:0|50:1},21|3450,1|3000,,,,-1,-1,-1,,,,,,,,,[2500702],,-1,0,,-1,,-1,0,-1,,[0],[0],{0:0},-1,{1:BuffUpgradeData},[],
2500770,,48,50,-1,-1,{48:0|50:1},21|3600,1|3000,,,,-1,-1,-1,,,,,,,,,[2500702],,-1,0,,-1,,-1,0,-1,,[0],[0],{0:0},-1,{1:BuffUpgradeData},[],
2500771,,48,50,-1,-1,{48:0|50:1},21|3750,1|4000,,,,-1,-1,-1,,,,,,,,,[2500702],,-1,0,,-1,,-1,0,-1,,[0],[0],{0:0},-1,{1:BuffUpgradeData},[],
2500772,,48,50,-1,-1,{48:0|50:1},21|3900,1|4000,,,,-1,-1,-1,,,,,,,,,[2500702],,-1,0,,-1,,-1,0,-1,,[0],[0],{0:0},-1,{1:BuffUpgradeData},[],
2500773,,48,50,-1,-1,{48:0|50:1},21|4050,1|4000,,,,-1,-1,-1,,,,,,,,,[2500702],,-1,0,,-1,,-1,0,-1,,[0],[0],{0:0},-1,{1:BuffUpgradeData},[],
2500774,,48,50,-1,-1,{48:0|50:1},21|4200,1|4000,,,,-1,-1,-1,,,,,,,,,[2500702],,-1,0,,-1,,-1,0,-1,,[0],[0],{0:0},-1,{1:BuffUpgradeData},[],
2500775,,48,50,-1,-1,{48:0|50:1},21|4350,1|4000,,,,-1,-1,-1,,,,,,,,,[2500702],,-1,0,,-1,,-1,0,-1,,[0],[0],{0:0},-1,{1:BuffUpgradeData},[],
2500776,,48,50,-1,-1,{48:0|50:1},21|4500,1|4000,,,,-1,-1,-1,,,,,,,,,[2500702],,-1,0,,-1,,-1,0,-1,,[0],[0],{0:0},-1,{1:BuffUpgradeData},[],
2500801,,30,-1,-1,-1,{30:0},-1000,,,,,-1,-1,-1,,[1],,,,,,,,,-1,0,,-1,,-1,0,-1,,[1],[1],{1:0},-1,{1:BuffUpgradeData},[],
2500802,,30,-1,-1,-1,{30:0},-2000,,,,,-1,-1,-1,,[1],,,,,,,,,-1,0,,-1,,-1,0,-1,,[1],[1],{1:0},-1,{1:BuffUpgradeData},[],
2500803,,30,-1,-1,-1,{30:0},-3000,,,,,-1,-1,-1,,[1],,,,,,,,,-1,0,,-1,,-1,0,-1,,[1],[1],{1:0},-1,{1:BuffUpgradeData},[],
2500804,,30,-1,-1,-1,{30:0},-3000,,,,,-1,-1,-1,,[1],,,,,,,,,-1,0,,-1,,-1,0,-1,,[1],[1],{1:0},-1,{1:BuffUpgradeData},[],
2500805,,30,-1,-1,-1,{30:0},-4000,,,,,-1,-1,-1,,[1],,,,,,,,,-1,0,,-1,,-1,0,-1,,[1],[1],{1:0},-1,{1:BuffUpgradeData},[],
2500811,,51,-1,-1,-1,{51:0},1000,,,,,-1,-1,-1,,,,,,,,,,,-1,0,,-1,,-1,0,-1,,[1],[1],{1:0},-1,{1:BuffUpgradeData},[],
2500812,,51,-1,-1,-1,{51:0},2000,,,,,-1,-1,-1,,,,,,,,,,,-1,0,,-1,,-1,0,-1,,[1],[1],{1:0},-1,{1:BuffUpgradeData},[],
2500813,,51,-1,-1,-1,{51:0},3000,,,,,-1,-1,-1,,,,,,,,,,,-1,0,,-1,,-1,0,-1,,[1],[1],{1:0},-1,{1:BuffUpgradeData},[],
2500814,,51,-1,-1,-1,{51:0},4000,,,,,-1,-1,-1,,,,,,,,,,,-1,0,,-1,,-1,0,-1,,[1],[1],{1:0},-1,{1:BuffUpgradeData},[],
2500901,,48,6,-1,-1,{48:0|6:1},103|-500,0|1|-1000,,,,-1,-1,-1,,,,,,,,,[2500901],,-1,0,,-1,,-1,0,-1,,[1|301],[1|301],{1:0|301:1},-1,{1:BuffUpgradeData},[],
2500902,,48,6,-1,-1,{48:0|6:1},103|-600,0|1|-1000,,,,-1,-1,-1,,,,,,,,,[2500901],,-1,0,,-1,,-1,0,-1,,[1|301],[1|301],{1:0|301:1},-1,{1:BuffUpgradeData},[],
2500903,,48,6,-1,-1,{48:0|6:1},103|-700,0|1|-1000,,,,-1,-1,-1,,,,,,,,,[2500901],,-1,0,,-1,,-1,0,-1,,[1|301],[1|301],{1:0|301:1},-1,{1:BuffUpgradeData},[],
2500904,,48,6,-1,-1,{48:0|6:1},103|-800,0|1|-1000,,,,-1,-1,-1,,,,,,,,,[2500901],,-1,0,,-1,,-1,0,-1,,[1|301],[1|301],{1:0|301:1},-1,{1:BuffUpgradeData},[],
2500905,,48,6,-1,-1,{48:0|6:1},103|-900,0|1|-1000,,,,-1,-1,-1,,,,,,,,,[2500901],,-1,0,,-1,,-1,0,-1,,[1|301],[1|301],{1:0|301:1},-1,{1:BuffUpgradeData},[],
2500906,,48,6,-1,-1,{48:0|6:1},103|-1000,0|1|-1000,,,,-1,-1,-1,,,,,,,,,[2500901],,-1,0,,-1,,-1,0,-1,,[1|301],[1|301],{1:0|301:1},-1,{1:BuffUpgradeData},[],
2500907,,48,6,-1,-1,{48:0|6:1},103|-1100,0|1|-1500,,,,-1,-1,-1,,,,,,,,,[2500901],,-1,0,,-1,,-1,0,-1,,[1|301],[1|301],{1:0|301:1},-1,{1:BuffUpgradeData},[],
2500908,,48,6,-1,-1,{48:0|6:1},103|-1200,0|1|-1500,,,,-1,-1,-1,,,,,,,,,[2500901],,-1,0,,-1,,-1,0,-1,,[1|301],[1|301],{1:0|301:1},-1,{1:BuffUpgradeData},[],
2500909,,48,6,-1,-1,{48:0|6:1},103|-1300,0|1|-1500,,,,-1,-1,-1,,,,,,,,,[2500901],,-1,0,,-1,,-1,0,-1,,[1|301],[1|301],{1:0|301:1},-1,{1:BuffUpgradeData},[],
2500910,,48,6,-1,-1,{48:0|6:1},103|-1400,0|1|-1500,,,,-1,-1,-1,,,,,,,,,[2500901],,-1,0,,-1,,-1,0,-1,,[1|301],[1|301],{1:0|301:1},-1,{1:BuffUpgradeData},[],
2500911,,48,6,-1,-1,{48:0|6:1},103|-1500,0|1|-1500,,,,-1,-1,-1,,,,,,,,,[2500901],,-1,0,,-1,,-1,0,-1,,[1|301],[1|301],{1:0|301:1},-1,{1:BuffUpgradeData},[],
2500912,,48,6,-1,-1,{48:0|6:1},103|-1600,0|1|-1500,,,,-1,-1,-1,,,,,,,,,[2500901],,-1,0,,-1,,-1,0,-1,,[1|301],[1|301],{1:0|301:1},-1,{1:BuffUpgradeData},[],
2500913,,48,6,-1,-1,{48:0|6:1},103|-1700,0|1|-2000,,,,-1,-1,-1,,,,,,,,,[2500901],,-1,0,,-1,,-1,0,-1,,[1|301],[1|301],{1:0|301:1},-1,{1:BuffUpgradeData},[],
2500914,,48,6,-1,-1,{48:0|6:1},103|-1800,0|1|-2000,,,,-1,-1,-1,,,,,,,,,[2500901],,-1,0,,-1,,-1,0,-1,,[1|301],[1|301],{1:0|301:1},-1,{1:BuffUpgradeData},[],
2500915,,48,6,-1,-1,{48:0|6:1},103|-1900,0|1|-2000,,,,-1,-1,-1,,,,,,,,,[2500901],,-1,0,,-1,,-1,0,-1,,[1|301],[1|301],{1:0|301:1},-1,{1:BuffUpgradeData},[],
2500916,,48,6,-1,-1,{48:0|6:1},103|-2000,0|1|-2500,,,,-1,-1,-1,,,,,,,,,[2500901],,-1,0,,-1,,-1,0,-1,,[1|301],[1|301],{1:0|301:1},-1,{1:BuffUpgradeData},[],
2500917,,48,6,-1,-1,{48:0|6:1},103|-2100,0|1|-2500,,,,-1,-1,-1,,,,,,,,,[2500901],,-1,0,,-1,,-1,0,-1,,[1|301],[1|301],{1:0|301:1},-1,{1:BuffUpgradeData},[],
2500918,,48,6,-1,-1,{48:0|6:1},103|-2200,0|1|-2500,,,,-1,-1,-1,,,,,,,,,[2500901],,-1,0,,-1,,-1,0,-1,,[1|301],[1|301],{1:0|301:1},-1,{1:BuffUpgradeData},[],
2500919,,48,6,-1,-1,{48:0|6:1},103|-2300,0|1|-2500,,,,-1,-1,-1,,,,,,,,,[2500901],,-1,0,,-1,,-1,0,-1,,[1|301],[1|301],{1:0|301:1},-1,{1:BuffUpgradeData},[],
2500920,,48,6,-1,-1,{48:0|6:1},103|-2400,0|1|-2500,,,,-1,-1,-1,,,,,,,,,[2500901],,-1,0,,-1,,-1,0,-1,,[1|301],[1|301],{1:0|301:1},-1,{1:BuffUpgradeData},[],
2500921,,48,6,-1,-1,{48:0|6:1},103|-2500,0|1|-2500,,,,-1,-1,-1,,,,,,,,,[2500901],,-1,0,,-1,,-1,0,-1,,[1|301],[1|301],{1:0|301:1},-1,{1:BuffUpgradeData},[],
2500922,,48,6,-1,-1,{48:0|6:1},103|-2600,0|1|-2500,,,,-1,-1,-1,,,,,,,,,[2500901],,-1,0,,-1,,-1,0,-1,,[1|301],[1|301],{1:0|301:1},-1,{1:BuffUpgradeData},[],
2500923,,48,6,-1,-1,{48:0|6:1},103|-2700,0|1|-2500,,,,-1,-1,-1,,,,,,,,,[2500901],,-1,0,,-1,,-1,0,-1,,[1|301],[1|301],{1:0|301:1},-1,{1:BuffUpgradeData},[],
2500924,,48,6,-1,-1,{48:0|6:1},103|-2800,0|1|-2500,,,,-1,-1,-1,,,,,,,,,[2500901],,-1,0,,-1,,-1,0,-1,,[1|301],[1|301],{1:0|301:1},-1,{1:BuffUpgradeData},[],
2500925,,48,6,-1,-1,{48:0|6:1},103|-2900,0|1|-2500,,,,-1,-1,-1,,,,,,,,,[2500901],,-1,0,,-1,,-1,0,-1,,[1|301],[1|301],{1:0|301:1},-1,{1:BuffUpgradeData},[],
2500926,,48,6,-1,-1,{48:0|6:1},103|-3000,0|1|-3000,,,,-1,-1,-1,,,,,,,,,[2500901],,-1,0,,-1,,-1,0,-1,,[1|301],[1|301],{1:0|301:1},-1,{1:BuffUpgradeData},[],
2501001,,15,-1,-1,-1,{15:0},1|0|0|71|0|-2500|-2500|0|3,,,,,-1,-1,-1,,,,,,,,,,,-1,0,,-1,,-1,0,-1,,[1],[1],{1:0},100,{1:BuffUpgradeData},[],
2501002,,48,-1,-1,-1,{48:0},6|-3000,,,,,-1,-1,-1,,,,,,,,,,,-1,0,,-1,,-1,0,-1,,[1|301],[1|301],{1:0|301:1},-1,{1:BuffUpgradeData},[],
2501003,,15,-1,-1,-1,{15:0},1|0|0|71|0|-3500|-3500|0|3,,,,,-1,-1,-1,,,,,,,,,,,-1,0,,-1,,-1,0,-1,,[1],[1],{1:0},100,{1:BuffUpgradeData},[],
2501004,fly,3,-1,-1,-1,{3:0},,,,,,-1,-1,-1,,,,,,,Effect/Battle/CommonEffect/Fx_XuanYun_Buff,,[100001],,1,0,,-1,,-1,0,-1,,[1|9],[1|9],{1:0|9:1},-1,{1:BuffUpgradeData},[],
2501101,,3,27,-1,-1,{3:0|27:1},,0,,,,-1,-1,-1,,,,,,,,,[100013],,-1,0,,-1,,-1,0,-1,,[1|15],[1|15],{1:0|15:1},-1,{1:BuffUpgradeData},[],
2501102,,30,-1,-1,-1,{30:0},-1500,,,,,-1,-1,-1,,[1],,,,,,,,,-1,0,,-1,,-1,0,-1,,[1],[1],{1:0},-1,{1:BuffUpgradeData},[],
2501103,,30,-1,-1,-1,{30:0},-1500,,,,,-1,-1,-1,,[1],,,,,,,,,-1,0,,-1,,-1,0,-1,,[1],[1],{1:0},-1,{1:BuffUpgradeData},[],
2501104,,3,27,-1,-1,{3:0|27:1},,0,,,,-1,-1,-1,,,,,,,,,[100013],,-1,0,,-1,,-1,0,-1,,[1|15],[1|15],{1:0|15:1},-1,{1:BuffUpgradeData},[],
2501105,,30,-1,-1,-1,{30:0},-1500,,,,,-1,-1,-1,,[1],,,,,,,,,-1,0,,-1,,-1,0,-1,,[1],[1],{1:0},-1,{1:BuffUpgradeData},[],
2501106,,3,27,-1,-1,{3:0|27:1},,0,,,,-1,-1,-1,,,,,,,,,[100013],,-1,0,,-1,,-1,0,-1,,[1|15],[1|15],{1:0|15:1},-1,{1:BuffUpgradeData},[],
2501107,,30,-1,-1,-1,{30:0},-1500,,,,,-1,-1,-1,,[1],,,,,,,,,-1,0,,-1,,-1,0,-1,,[1],[1],{1:0},-1,{1:BuffUpgradeData},[],
2501108,,3,27,-1,-1,{3:0|27:1},,0,,,,-1,-1,-1,,,,,,,,,[100013],,-1,0,,-1,,-1,0,-1,,[1|15],[1|15],{1:0|15:1},-1,{1:BuffUpgradeData},[],
2501109,,3,27,-1,-1,{3:0|27:1},,0,,,,-1,-1,-1,,,,,,,,,[100013],,-1,0,,-1,,-1,0,-1,,[1|15],[1|15],{1:0|15:1},-1,{1:BuffUpgradeData},[],
2501110,,3,27,-1,-1,{3:0|27:1},,0,,,,-1,-1,-1,,,,,,,,,[100013],,-1,0,,-1,,-1,0,-1,,[1|15],[1|15],{1:0|15:1},-1,{1:BuffUpgradeData},[],
2501111,,3,27,-1,-1,{3:0|27:1},,0,,,,-1,-1,-1,,,,,,,,,[100013],,-1,0,,-1,,-1,0,-1,,[1|15],[1|15],{1:0|15:1},-1,{1:BuffUpgradeData},[],
2501112,,3,27,-1,-1,{3:0|27:1},,0,,,,-1,-1,-1,,,,,,,,,[100013],,-1,0,,-1,,-1,0,-1,,[1|15],[1|15],{1:0|15:1},-1,{1:BuffUpgradeData},[],
2501201,,48,54,-1,-1,{48:0|54:1},26|1500,6010|1500,,,,-1,-1,-1,,,,,,,,,[2501201],,-1,0,,-1,,-1,0,-1,,[0|25012],[0|25012],{0:0|25012:1},-1,{1:BuffUpgradeData},[],
2501202,,48,54,-1,-1,{48:0|54:1},26|1600,6010|1600,,,,-1,-1,-1,,,,,,,,,[2501201],,-1,0,,-1,,-1,0,-1,,[0|25012],[0|25012],{0:0|25012:1},-1,{1:BuffUpgradeData},[],
2501203,,48,54,-1,-1,{48:0|54:1},26|1700,6010|1700,,,,-1,-1,-1,,,,,,,,,[2501201],,-1,0,,-1,,-1,0,-1,,[0|25012],[0|25012],{0:0|25012:1},-1,{1:BuffUpgradeData},[],
2501204,,48,54,-1,-1,{48:0|54:1},26|1800,"6010|1800,6001|3000",,,,-1,-1,-1,,,,,,,,,[2501201],,-1,0,,-1,,-1,0,-1,,[0|25012],[0|25012],{0:0|25012:1},-1,{1:BuffUpgradeData},[],
2501205,,48,54,-1,-1,{48:0|54:1},26|1900,"6010|1900,6001|3000",,,,-1,-1,-1,,,,,,,,,[2501201],,-1,0,,-1,,-1,0,-1,,[0|25012],[0|25012],{0:0|25012:1},-1,{1:BuffUpgradeData},[],
2501206,,48,54,-1,-1,{48:0|54:1},26|2000,"6010|2000,6001|3000",,,,-1,-1,-1,,,,,,,,,[2501201],,-1,0,,-1,,-1,0,-1,,[0|25012],[0|25012],{0:0|25012:1},-1,{1:BuffUpgradeData},[],
2501207,,48,54,-1,-1,{48:0|54:1},26|2100,"6010|2100,6001|3000",,,,-1,-1,-1,,,,,,,,,[2501201],,-1,0,,-1,,-1,0,-1,,[0|25012],[0|25012],{0:0|25012:1},-1,{1:BuffUpgradeData},[],
2501208,,48,54,-1,-1,{48:0|54:1},26|2200,"6010|2200,6001|3000",,,,-1,-1,-1,,,,,,,,,[2501201],,-1,0,,-1,,-1,0,-1,,[0|25012],[0|25012],{0:0|25012:1},-1,{1:BuffUpgradeData},[],
2501209,,48,54,-1,-1,{48:0|54:1},26|2300,"6010|2300,6001|3000",,,,-1,-1,-1,,,,,,,,,[2501201],,-1,0,,-1,,-1,0,-1,,[0|25012],[0|25012],{0:0|25012:1},-1,{1:BuffUpgradeData},[],
2501210,,48,54,-1,-1,{48:0|54:1},26|2400,"6010|2400,6001|3000",,,,-1,-1,-1,,,,,,,,,[2501201],,-1,0,,-1,,-1,0,-1,,[0|25012],[0|25012],{0:0|25012:1},-1,{1:BuffUpgradeData},[],
2501211,,48,54,-1,-1,{48:0|54:1},26|2500,"6010|2500,6001|3000",,,,-1,-1,-1,,,,,,,,,[2501201],,-1,0,,-1,,-1,0,-1,,[0|25012],[0|25012],{0:0|25012:1},-1,{1:BuffUpgradeData},[],
2501212,,48,54,-1,-1,{48:0|54:1},26|2600,"6010|2600,6001|3000",,,,-1,-1,-1,,,,,,,,,[2501201],,-1,0,,-1,,-1,0,-1,,[0|25012],[0|25012],{0:0|25012:1},-1,{1:BuffUpgradeData},[],
2501213,,48,54,-1,-1,{48:0|54:1},26|2700,"6010|2700,6001|3000",,,,-1,-1,-1,,,,,,,,,[2501201],,-1,0,,-1,,-1,0,-1,,[0|25012],[0|25012],{0:0|25012:1},-1,{1:BuffUpgradeData},[],
2501214,,48,54,-1,-1,{48:0|54:1},26|2800,"6010|2800,6001|3000",,,,-1,-1,-1,,,,,,,,,[2501201],,-1,0,,-1,,-1,0,-1,,[0|25012],[0|25012],{0:0|25012:1},-1,{1:BuffUpgradeData},[],
2501215,,48,54,-1,-1,{48:0|54:1},26|2900,"6010|2900,6001|3000",,,,-1,-1,-1,,,,,,,,,[2501201],,-1,0,,-1,,-1,0,-1,,[0|25012],[0|25012],{0:0|25012:1},-1,{1:BuffUpgradeData},[],
2501216,,48,54,-1,-1,{48:0|54:1},26|3000,"6010|3000,6001|3000",,,,-1,-1,-1,,,,,,,,,[2501201],,-1,0,,-1,,-1,0,-1,,[0|25012],[0|25012],{0:0|25012:1},-1,{1:BuffUpgradeData},[],
2501217,,48,54,-1,-1,{48:0|54:1},26|3100,"6010|3100,6001|3000",,,,-1,-1,-1,,,,,,,,,[2501201],,-1,0,,-1,,-1,0,-1,,[0|25012],[0|25012],{0:0|25012:1},-1,{1:BuffUpgradeData},[],
2501218,,48,54,-1,-1,{48:0|54:1},26|3200,"6010|3200,6001|3000",,,,-1,-1,-1,,,,,,,,,[2501201],,-1,0,,-1,,-1,0,-1,,[0|25012],[0|25012],{0:0|25012:1},-1,{1:BuffUpgradeData},[],
2501219,,48,54,-1,-1,{48:0|54:1},26|3300,"6010|3300,6001|3000",,,,-1,-1,-1,,,,,,,,,[2501201],,-1,0,,-1,,-1,0,-1,,[0|25012],[0|25012],{0:0|25012:1},-1,{1:BuffUpgradeData},[],
2501220,,48,54,-1,-1,{48:0|54:1},26|3400,"6010|3400,6001|3000",,,,-1,-1,-1,,,,,,,,,[2501201],,-1,0,,-1,,-1,0,-1,,[0|25012],[0|25012],{0:0|25012:1},-1,{1:BuffUpgradeData},[],
2501221,,48,54,-1,-1,{48:0|54:1},26|3500,"6010|3500,6001|5000",,,,-1,-1,-1,,,,,,,,,[2501201],,-1,0,,-1,,-1,0,-1,,[0|25012],[0|25012],{0:0|25012:1},-1,{1:BuffUpgradeData},[],
2501222,,48,54,-1,-1,{48:0|54:1},26|3600,"6010|3600,6001|5000",,,,-1,-1,-1,,,,,,,,,[2501201],,-1,0,,-1,,-1,0,-1,,[0|25012],[0|25012],{0:0|25012:1},-1,{1:BuffUpgradeData},[],
2501223,,48,54,-1,-1,{48:0|54:1},26|3700,"6010|3700,6001|5000",,,,-1,-1,-1,,,,,,,,,[2501201],,-1,0,,-1,,-1,0,-1,,[0|25012],[0|25012],{0:0|25012:1},-1,{1:BuffUpgradeData},[],
2501224,,48,54,-1,-1,{48:0|54:1},26|3800,"6010|3800,6001|5000",,,,-1,-1,-1,,,,,,,,,[2501201],,-1,0,,-1,,-1,0,-1,,[0|25012],[0|25012],{0:0|25012:1},-1,{1:BuffUpgradeData},[],
2501225,,48,54,-1,-1,{48:0|54:1},26|3900,"6010|3900,6001|5000",,,,-1,-1,-1,,,,,,,,,[2501201],,-1,0,,-1,,-1,0,-1,,[0|25012],[0|25012],{0:0|25012:1},-1,{1:BuffUpgradeData},[],
2501226,,48,54,-1,-1,{48:0|54:1},26|4000,"6010|4000,6001|5000",,,,-1,-1,-1,,,,,,,,,[2501201],,-1,0,,-1,,-1,0,-1,,[0|25012],[0|25012],{0:0|25012:1},-1,{1:BuffUpgradeData},[],
2501250,,23,-1,-1,-1,{23:0},1|25012003|0|1000|3|1|1|8|1,,,,[2|3],-1,-1,-1,,[1],,,,,,,,,-1,0,,-1,,-1,0,-1,,[2],[2],{2:0},-1,{1:BuffUpgradeData},[],
2501251,,48,-1,-1,-1,{48:0},89|200,,,,[1|25012],-1,-1,-1,,,,,,,,,,,-1,0,,6,,1,0,-1,,[0],[0],{0:0},-1,{1:BuffUpgradeData},[],
2501252,,23,-1,-1,-1,{23:0},1|25012005|0|1000|3|1|1|8|1,,,,[2|3],-1,-1,-1,,[1],,,,,,,,,-1,0,,-1,,-1,0,-1,,[2],[2],{2:0},-1,{1:BuffUpgradeData},[],
2501253,,48,-1,-1,-1,{48:0},89|200,,,,[1|25012],-1,-1,-1,,,,,,,,,,,-1,0,,6,,1,0,-1,,[0],[0],{0:0},-1,{1:BuffUpgradeData},[],
2501254,,23,-1,-1,-1,{23:0},1|25012007|0|1000|3|1|1|8|1,,,,[2|3],-1,-1,-1,,[1],,,,,,,,,-1,0,,-1,,-1,0,-1,,[2],[2],{2:0},-1,{1:BuffUpgradeData},[],
2501255,,48,-1,-1,-1,{48:0},89|200,,,,[1|25012],-1,-1,-1,,,,,,,,,,,-1,0,,6,,1,0,-1,,[0],[0],{0:0},-1,{1:BuffUpgradeData},[],
2501301,,1,53,-1,-1,{1:0|53:1},0|3|7500,2200,,,,-1,-1,-1,,[1],,,,,,,[2501301],,-1,0,,-1,,-1,0,-1,,[0],[0],{0:0},500,{1:BuffUpgradeData},[],
2501302,,1,53,-1,-1,{1:0|53:1},0|3|8250,2150,,,,-1,-1,-1,,[1],,,,,,,[2501301],,-1,0,,-1,,-1,0,-1,,[0],[0],{0:0},500,{1:BuffUpgradeData},[],
2501303,,1,53,-1,-1,{1:0|53:1},0|3|9000,2100,,,,-1,-1,-1,,[1],,,,,,,[2501301],,-1,0,,-1,,-1,0,-1,,[0],[0],{0:0},500,{1:BuffUpgradeData},[],
2501304,,1,53,48,-1,{1:0|53:1|48:2},0|3|9750,2050,17|1500,,,-1,-1,-1,,[1],,,,,,,[2501301],,-1,0,,-1,,-1,0,-1,,[0],[0],{0:0},500,{1:BuffUpgradeData},[],
2501305,,1,53,48,-1,{1:0|53:1|48:2},0|3|10500,2000,17|1500,,,-1,-1,-1,,[1],,,,,,,[2501301],,-1,0,,-1,,-1,0,-1,,[0],[0],{0:0},500,{1:BuffUpgradeData},[],
2501306,,1,53,48,-1,{1:0|53:1|48:2},0|3|11250,1950,17|1500,,,-1,-1,-1,,[1],,,,,,,[2501301],,-1,0,,-1,,-1,0,-1,,[0],[0],{0:0},500,{1:BuffUpgradeData},[],
2501307,,1,53,48,-1,{1:0|53:1|48:2},0|3|12000,1900,17|1500,,,-1,-1,-1,,[1],,,,,,,[2501301],,-1,0,,-1,,-1,0,-1,,[0],[0],{0:0},500,{1:BuffUpgradeData},[],
2501308,,1,53,48,-1,{1:0|53:1|48:2},0|3|12750,1850,17|1500,,,-1,-1,-1,,[1],,,,,,,[2501301],,-1,0,,-1,,-1,0,-1,,[0],[0],{0:0},500,{1:BuffUpgradeData},[],
2501309,,1,53,48,-1,{1:0|53:1|48:2},0|3|13500,1800,17|1500,,,-1,-1,-1,,[1],,,,,,,[2501301],,-1,0,,-1,,-1,0,-1,,[0],[0],{0:0},500,{1:BuffUpgradeData},[],
2501310,,1,53,48,-1,{1:0|53:1|48:2},0|3|14250,1750,17|1500,,,-1,-1,-1,,[1],,,,,,,[2501301],,-1,0,,-1,,-1,0,-1,,[0],[0],{0:0},500,{1:BuffUpgradeData},[],
2501311,,1,53,48,-1,{1:0|53:1|48:2},0|3|15000,1700,17|1500,,,-1,-1,-1,,[1],,,,,,,[2501301],,-1,0,,-1,,-1,0,-1,,[0],[0],{0:0},500,{1:BuffUpgradeData},[],
2501312,,1,53,48,-1,{1:0|53:1|48:2},0|3|15750,1650,17|1500,,,-1,-1,-1,,[1],,,,,,,[2501301],,-1,0,,-1,,-1,0,-1,,[0],[0],{0:0},500,{1:BuffUpgradeData},[],
2501313,,1,53,48,-1,{1:0|53:1|48:2},0|3|16500,1600,17|1500,,,-1,-1,-1,,[1],,,,,,,[2501301],,-1,0,,-1,,-1,0,-1,,[0],[0],{0:0},500,{1:BuffUpgradeData},[],
2501314,,1,53,48,-1,{1:0|53:1|48:2},0|3|17250,1550,17|1500,,,-1,-1,-1,,[1],,,,,,,[2501301],,-1,0,,-1,,-1,0,-1,,[0],[0],{0:0},500,{1:BuffUpgradeData},[],
2501315,,1,53,48,-1,{1:0|53:1|48:2},0|3|18000,1500,17|1500,,,-1,-1,-1,,[1],,,,,,,[2501301],,-1,0,,-1,,-1,0,-1,,[0],[0],{0:0},500,{1:BuffUpgradeData},[],
2501316,,1,53,48,-1,{1:0|53:1|48:2},0|3|18750,1450,17|1500,,,-1,-1,-1,,[1],,,,,,,[2501301],,-1,0,,-1,,-1,0,-1,,[0],[0],{0:0},500,{1:BuffUpgradeData},[],
2501317,,1,53,48,-1,{1:0|53:1|48:2},0|3|19500,1400,17|1500,,,-1,-1,-1,,[1],,,,,,,[2501301],,-1,0,,-1,,-1,0,-1,,[0],[0],{0:0},500,{1:BuffUpgradeData},[],
2501318,,1,53,48,-1,{1:0|53:1|48:2},0|3|20250,1350,17|1500,,,-1,-1,-1,,[1],,,,,,,[2501301],,-1,0,,-1,,-1,0,-1,,[0],[0],{0:0},500,{1:BuffUpgradeData},[],
2501319,,1,53,48,-1,{1:0|53:1|48:2},0|3|21000,1300,17|1500,,,-1,-1,-1,,[1],,,,,,,[2501301],,-1,0,,-1,,-1,0,-1,,[0],[0],{0:0},500,{1:BuffUpgradeData},[],
2501320,,1,53,48,-1,{1:0|53:1|48:2},0|3|21750,1250,17|1500,,,-1,-1,-1,,[1],,,,,,,[2501301],,-1,0,,-1,,-1,0,-1,,[0],[0],{0:0},500,{1:BuffUpgradeData},[],
2501321,,1,53,48,-1,{1:0|53:1|48:2},0|3|22500,1200,"17|2500,6|3000,71|1500",,,-1,-1,-1,,[1],,,,,,,[2501301],,-1,0,,-1,,-1,0,-1,,[0],[0],{0:0},500,{1:BuffUpgradeData},[],
2501322,,1,53,-1,-1,{1:0|53:1},0|3|7500,1700,,,,-1,-1,-1,,[1],,,,,,,[2501301],,-1,0,,-1,,-1,0,-1,,[0],[0],{0:0},500,{1:BuffUpgradeData},[],
2501323,,1,53,-1,-1,{1:0|53:1},0|3|8250,1650,,,,-1,-1,-1,,[1],,,,,,,[2501301],,-1,0,,-1,,-1,0,-1,,[0],[0],{0:0},500,{1:BuffUpgradeData},[],
2501324,,1,53,-1,-1,{1:0|53:1},0|3|9000,1600,,,,-1,-1,-1,,[1],,,,,,,[2501301],,-1,0,,-1,,-1,0,-1,,[0],[0],{0:0},500,{1:BuffUpgradeData},[],
2501325,,1,53,48,-1,{1:0|53:1|48:2},0|3|9750,1550,17|1500,,,-1,-1,-1,,[1],,,,,,,[2501301],,-1,0,,-1,,-1,0,-1,,[0],[0],{0:0},500,{1:BuffUpgradeData},[],
2501326,,1,53,48,-1,{1:0|53:1|48:2},0|3|10500,1500,17|1500,,,-1,-1,-1,,[1],,,,,,,[2501301],,-1,0,,-1,,-1,0,-1,,[0],[0],{0:0},500,{1:BuffUpgradeData},[],
2501327,,1,53,48,-1,{1:0|53:1|48:2},0|3|11250,1450,17|1500,,,-1,-1,-1,,[1],,,,,,,[2501301],,-1,0,,-1,,-1,0,-1,,[0],[0],{0:0},500,{1:BuffUpgradeData},[],
2501328,,1,53,48,-1,{1:0|53:1|48:2},0|3|12000,1400,17|1500,,,-1,-1,-1,,[1],,,,,,,[2501301],,-1,0,,-1,,-1,0,-1,,[0],[0],{0:0},500,{1:BuffUpgradeData},[],
2501329,,1,53,48,-1,{1:0|53:1|48:2},0|3|12750,1350,17|1500,,,-1,-1,-1,,[1],,,,,,,[2501301],,-1,0,,-1,,-1,0,-1,,[0],[0],{0:0},500,{1:BuffUpgradeData},[],
2501330,,1,53,48,-1,{1:0|53:1|48:2},0|3|13500,1300,17|1500,,,-1,-1,-1,,[1],,,,,,,[2501301],,-1,0,,-1,,-1,0,-1,,[0],[0],{0:0},500,{1:BuffUpgradeData},[],
2501331,,1,53,48,-1,{1:0|53:1|48:2},0|3|14250,1250,17|1500,,,-1,-1,-1,,[1],,,,,,,[2501301],,-1,0,,-1,,-1,0,-1,,[0],[0],{0:0},500,{1:BuffUpgradeData},[],
2501332,,1,53,48,-1,{1:0|53:1|48:2},0|3|15000,1200,17|1500,,,-1,-1,-1,,[1],,,,,,,[2501301],,-1,0,,-1,,-1,0,-1,,[0],[0],{0:0},500,{1:BuffUpgradeData},[],
2501333,,1,53,48,-1,{1:0|53:1|48:2},0|3|15750,1150,17|1500,,,-1,-1,-1,,[1],,,,,,,[2501301],,-1,0,,-1,,-1,0,-1,,[0],[0],{0:0},500,{1:BuffUpgradeData},[],
2501334,,1,53,48,-1,{1:0|53:1|48:2},0|3|16500,1100,17|1500,,,-1,-1,-1,,[1],,,,,,,[2501301],,-1,0,,-1,,-1,0,-1,,[0],[0],{0:0},500,{1:BuffUpgradeData},[],
2501335,,1,53,48,-1,{1:0|53:1|48:2},0|3|17250,1050,17|1500,,,-1,-1,-1,,[1],,,,,,,[2501301],,-1,0,,-1,,-1,0,-1,,[0],[0],{0:0},500,{1:BuffUpgradeData},[],
2501336,,1,53,48,-1,{1:0|53:1|48:2},0|3|18000,1000,17|1500,,,-1,-1,-1,,[1],,,,,,,[2501301],,-1,0,,-1,,-1,0,-1,,[0],[0],{0:0},500,{1:BuffUpgradeData},[],
2501337,,1,53,48,-1,{1:0|53:1|48:2},0|3|18750,950,17|1500,,,-1,-1,-1,,[1],,,,,,,[2501301],,-1,0,,-1,,-1,0,-1,,[0],[0],{0:0},500,{1:BuffUpgradeData},[],
2501338,,1,53,48,-1,{1:0|53:1|48:2},0|3|19500,900,17|1500,,,-1,-1,-1,,[1],,,,,,,[2501301],,-1,0,,-1,,-1,0,-1,,[0],[0],{0:0},500,{1:BuffUpgradeData},[],
2501339,,1,53,48,-1,{1:0|53:1|48:2},0|3|20250,850,17|1500,,,-1,-1,-1,,[1],,,,,,,[2501301],,-1,0,,-1,,-1,0,-1,,[0],[0],{0:0},500,{1:BuffUpgradeData},[],
2501340,,1,53,48,-1,{1:0|53:1|48:2},0|3|21000,800,17|1500,,,-1,-1,-1,,[1],,,,,,,[2501301],,-1,0,,-1,,-1,0,-1,,[0],[0],{0:0},500,{1:BuffUpgradeData},[],
2501341,,1,53,48,-1,{1:0|53:1|48:2},0|3|21750,750,17|1500,,,-1,-1,-1,,[1],,,,,,,[2501301],,-1,0,,-1,,-1,0,-1,,[0],[0],{0:0},500,{1:BuffUpgradeData},[],
2501342,,1,53,48,-1,{1:0|53:1|48:2},0|3|22500,700,"17|2500,6|3000,71|1500",,,-1,-1,-1,,[1],,,,,,,[2501301],,-1,0,,-1,,-1,0,-1,,[0],[0],{0:0},500,{1:BuffUpgradeData},[],
2501343,,1,53,-1,-1,{1:0|53:1},0|3|7500,2200,,,,-1,-1,-1,,[1],,,,,,,[2501301],,-1,0,,-1,,-1,0,-1,,[0],[0],{0:0},500,{1:BuffUpgradeData},[],
2501344,,1,53,-1,-1,{1:0|53:1},0|3|8250,2150,,,,-1,-1,-1,,[1],,,,,,,[2501301],,-1,0,,-1,,-1,0,-1,,[0],[0],{0:0},500,{1:BuffUpgradeData},[],
2501345,,1,53,-1,-1,{1:0|53:1},0|3|9000,2100,,,,-1,-1,-1,,[1],,,,,,,[2501301],,-1,0,,-1,,-1,0,-1,,[0],[0],{0:0},500,{1:BuffUpgradeData},[],
2501346,,1,53,48,-1,{1:0|53:1|48:2},0|3|9750,2050,17|1500,,,-1,-1,-1,,[1],,,,,,,[2501301],,-1,0,,-1,,-1,0,-1,,[0],[0],{0:0},500,{1:BuffUpgradeData},[],
2501347,,1,53,48,-1,{1:0|53:1|48:2},0|3|10500,2000,17|1500,,,-1,-1,-1,,[1],,,,,,,[2501301],,-1,0,,-1,,-1,0,-1,,[0],[0],{0:0},500,{1:BuffUpgradeData},[],
2501348,,1,53,48,-1,{1:0|53:1|48:2},0|3|11250,1950,17|1500,,,-1,-1,-1,,[1],,,,,,,[2501301],,-1,0,,-1,,-1,0,-1,,[0],[0],{0:0},500,{1:BuffUpgradeData},[],
2501349,,1,53,48,-1,{1:0|53:1|48:2},0|3|12000,1900,17|1500,,,-1,-1,-1,,[1],,,,,,,[2501301],,-1,0,,-1,,-1,0,-1,,[0],[0],{0:0},500,{1:BuffUpgradeData},[],
2501350,,1,53,48,-1,{1:0|53:1|48:2},0|3|12750,1850,17|1500,,,-1,-1,-1,,[1],,,,,,,[2501301],,-1,0,,-1,,-1,0,-1,,[0],[0],{0:0},500,{1:BuffUpgradeData},[],
2501351,,1,53,48,-1,{1:0|53:1|48:2},0|3|13500,1800,17|1500,,,-1,-1,-1,,[1],,,,,,,[2501301],,-1,0,,-1,,-1,0,-1,,[0],[0],{0:0},500,{1:BuffUpgradeData},[],
2501352,,1,53,48,-1,{1:0|53:1|48:2},0|3|14250,1750,17|1500,,,-1,-1,-1,,[1],,,,,,,[2501301],,-1,0,,-1,,-1,0,-1,,[0],[0],{0:0},500,{1:BuffUpgradeData},[],
2501353,,1,53,48,-1,{1:0|53:1|48:2},0|3|15000,1700,17|1500,,,-1,-1,-1,,[1],,,,,,,[2501301],,-1,0,,-1,,-1,0,-1,,[0],[0],{0:0},500,{1:BuffUpgradeData},[],
2501354,,1,53,48,-1,{1:0|53:1|48:2},0|3|15750,1650,17|1500,,,-1,-1,-1,,[1],,,,,,,[2501301],,-1,0,,-1,,-1,0,-1,,[0],[0],{0:0},500,{1:BuffUpgradeData},[],
2501355,,1,53,48,-1,{1:0|53:1|48:2},0|3|16500,1600,17|1500,,,-1,-1,-1,,[1],,,,,,,[2501301],,-1,0,,-1,,-1,0,-1,,[0],[0],{0:0},500,{1:BuffUpgradeData},[],
2501356,,1,53,48,-1,{1:0|53:1|48:2},0|3|17250,1550,17|1500,,,-1,-1,-1,,[1],,,,,,,[2501301],,-1,0,,-1,,-1,0,-1,,[0],[0],{0:0},500,{1:BuffUpgradeData},[],
2501357,,1,53,48,-1,{1:0|53:1|48:2},0|3|18000,1500,17|1500,,,-1,-1,-1,,[1],,,,,,,[2501301],,-1,0,,-1,,-1,0,-1,,[0],[0],{0:0},500,{1:BuffUpgradeData},[],
2501358,,1,53,48,-1,{1:0|53:1|48:2},0|3|18750,1450,17|1500,,,-1,-1,-1,,[1],,,,,,,[2501301],,-1,0,,-1,,-1,0,-1,,[0],[0],{0:0},500,{1:BuffUpgradeData},[],
2501359,,1,53,48,-1,{1:0|53:1|48:2},0|3|19500,1400,17|1500,,,-1,-1,-1,,[1],,,,,,,[2501301],,-1,0,,-1,,-1,0,-1,,[0],[0],{0:0},500,{1:BuffUpgradeData},[],
2501360,,1,53,48,-1,{1:0|53:1|48:2},0|3|20250,1350,17|1500,,,-1,-1,-1,,[1],,,,,,,[2501301],,-1,0,,-1,,-1,0,-1,,[0],[0],{0:0},500,{1:BuffUpgradeData},[],
2501361,,1,53,48,-1,{1:0|53:1|48:2},0|3|21000,1300,17|1500,,,-1,-1,-1,,[1],,,,,,,[2501301],,-1,0,,-1,,-1,0,-1,,[0],[0],{0:0},500,{1:BuffUpgradeData},[],
2501362,,1,53,48,-1,{1:0|53:1|48:2},0|3|21750,1250,17|1500,,,-1,-1,-1,,[1],,,,,,,[2501301],,-1,0,,-1,,-1,0,-1,,[0],[0],{0:0},500,{1:BuffUpgradeData},[],
2501363,,1,53,48,-1,{1:0|53:1|48:2},0|3|22500,1200,"17|2500,6|3000,71|1500",,,-1,-1,-1,,[1],,,,,,,[2501301],,-1,0,,-1,,-1,0,-1,,[0],[0],{0:0},500,{1:BuffUpgradeData},[],
2501364,,1,53,-1,-1,{1:0|53:1},0|3|7500,1700,,,,-1,-1,-1,,[1],,,,,,,[2501301],,-1,0,,-1,,-1,0,-1,,[0],[0],{0:0},500,{1:BuffUpgradeData},[],
2501365,,1,53,-1,-1,{1:0|53:1},0|3|8250,1650,,,,-1,-1,-1,,[1],,,,,,,[2501301],,-1,0,,-1,,-1,0,-1,,[0],[0],{0:0},500,{1:BuffUpgradeData},[],
2501366,,1,53,-1,-1,{1:0|53:1},0|3|9000,1600,,,,-1,-1,-1,,[1],,,,,,,[2501301],,-1,0,,-1,,-1,0,-1,,[0],[0],{0:0},500,{1:BuffUpgradeData},[],
2501367,,1,53,48,-1,{1:0|53:1|48:2},0|3|9750,1550,17|1500,,,-1,-1,-1,,[1],,,,,,,[2501301],,-1,0,,-1,,-1,0,-1,,[0],[0],{0:0},500,{1:BuffUpgradeData},[],
2501368,,1,53,48,-1,{1:0|53:1|48:2},0|3|10500,1500,17|1500,,,-1,-1,-1,,[1],,,,,,,[2501301],,-1,0,,-1,,-1,0,-1,,[0],[0],{0:0},500,{1:BuffUpgradeData},[],
2501369,,1,53,48,-1,{1:0|53:1|48:2},0|3|11250,1450,17|1500,,,-1,-1,-1,,[1],,,,,,,[2501301],,-1,0,,-1,,-1,0,-1,,[0],[0],{0:0},500,{1:BuffUpgradeData},[],
2501370,,1,53,48,-1,{1:0|53:1|48:2},0|3|12000,1400,17|1500,,,-1,-1,-1,,[1],,,,,,,[2501301],,-1,0,,-1,,-1,0,-1,,[0],[0],{0:0},500,{1:BuffUpgradeData},[],
2501371,,1,53,48,-1,{1:0|53:1|48:2},0|3|12750,1350,17|1500,,,-1,-1,-1,,[1],,,,,,,[2501301],,-1,0,,-1,,-1,0,-1,,[0],[0],{0:0},500,{1:BuffUpgradeData},[],
2501372,,1,53,48,-1,{1:0|53:1|48:2},0|3|13500,1300,17|1500,,,-1,-1,-1,,[1],,,,,,,[2501301],,-1,0,,-1,,-1,0,-1,,[0],[0],{0:0},500,{1:BuffUpgradeData},[],
2501373,,1,53,48,-1,{1:0|53:1|48:2},0|3|14250,1250,17|1500,,,-1,-1,-1,,[1],,,,,,,[2501301],,-1,0,,-1,,-1,0,-1,,[0],[0],{0:0},500,{1:BuffUpgradeData},[],
2501374,,1,53,48,-1,{1:0|53:1|48:2},0|3|15000,1200,17|1500,,,-1,-1,-1,,[1],,,,,,,[2501301],,-1,0,,-1,,-1,0,-1,,[0],[0],{0:0},500,{1:BuffUpgradeData},[],
2501375,,1,53,48,-1,{1:0|53:1|48:2},0|3|15750,1150,17|1500,,,-1,-1,-1,,[1],,,,,,,[2501301],,-1,0,,-1,,-1,0,-1,,[0],[0],{0:0},500,{1:BuffUpgradeData},[],
2501376,,1,53,48,-1,{1:0|53:1|48:2},0|3|16500,1100,17|1500,,,-1,-1,-1,,[1],,,,,,,[2501301],,-1,0,,-1,,-1,0,-1,,[0],[0],{0:0},500,{1:BuffUpgradeData},[],
2501377,,1,53,48,-1,{1:0|53:1|48:2},0|3|17250,1050,17|1500,,,-1,-1,-1,,[1],,,,,,,[2501301],,-1,0,,-1,,-1,0,-1,,[0],[0],{0:0},500,{1:BuffUpgradeData},[],
2501378,,1,53,48,-1,{1:0|53:1|48:2},0|3|18000,1000,17|1500,,,-1,-1,-1,,[1],,,,,,,[2501301],,-1,0,,-1,,-1,0,-1,,[0],[0],{0:0},500,{1:BuffUpgradeData},[],
2501379,,1,53,48,-1,{1:0|53:1|48:2},0|3|18750,950,17|1500,,,-1,-1,-1,,[1],,,,,,,[2501301],,-1,0,,-1,,-1,0,-1,,[0],[0],{0:0},500,{1:BuffUpgradeData},[],
2501380,,1,53,48,-1,{1:0|53:1|48:2},0|3|19500,900,17|1500,,,-1,-1,-1,,[1],,,,,,,[2501301],,-1,0,,-1,,-1,0,-1,,[0],[0],{0:0},500,{1:BuffUpgradeData},[],
2501381,,1,53,48,-1,{1:0|53:1|48:2},0|3|20250,850,17|1500,,,-1,-1,-1,,[1],,,,,,,[2501301],,-1,0,,-1,,-1,0,-1,,[0],[0],{0:0},500,{1:BuffUpgradeData},[],
2501382,,1,53,48,-1,{1:0|53:1|48:2},0|3|21000,800,17|1500,,,-1,-1,-1,,[1],,,,,,,[2501301],,-1,0,,-1,,-1,0,-1,,[0],[0],{0:0},500,{1:BuffUpgradeData},[],
2501383,,1,53,48,-1,{1:0|53:1|48:2},0|3|21750,750,17|1500,,,-1,-1,-1,,[1],,,,,,,[2501301],,-1,0,,-1,,-1,0,-1,,[0],[0],{0:0},500,{1:BuffUpgradeData},[],
2501384,,1,53,48,-1,{1:0|53:1|48:2},0|3|22500,700,"17|2500,6|3000,71|1500",,,-1,-1,-1,,[1],,,,,,,[2501301],,-1,0,,-1,,-1,0,-1,,[0],[0],{0:0},500,{1:BuffUpgradeData},[],
2501401,,53,-1,-1,-1,{53:0},2200,,,,,-1,-1,-1,,[1],,,,,,,[2501401],,-1,0,,-1,,-1,0,-1,,[0],[0],{0:0},500,{1:BuffUpgradeData},[],
2501402,,53,-1,-1,-1,{53:0},2150,,,,,-1,-1,-1,,[1],,,,,,,[2501401],,-1,0,,-1,,-1,0,-1,,[0],[0],{0:0},500,{1:BuffUpgradeData},[],
2501403,,53,-1,-1,-1,{53:0},2100,,,,,-1,-1,-1,,[1],,,,,,,[2501401],,-1,0,,-1,,-1,0,-1,,[0],[0],{0:0},500,{1:BuffUpgradeData},[],
2501404,,53,54,-1,-1,{53:0|54:1},2050,6001|1500,,,,-1,-1,-1,,[1],,,,,,,[2501401],,-1,0,,-1,,-1,0,-1,,[0],[0],{0:0},500,{1:BuffUpgradeData},[],
2501405,,53,54,-1,-1,{53:0|54:1},2000,6001|1500,,,,-1,-1,-1,,[1],,,,,,,[2501401],,-1,0,,-1,,-1,0,-1,,[0],[0],{0:0},500,{1:BuffUpgradeData},[],
2501406,,53,54,-1,-1,{53:0|54:1},1950,6001|1500,,,,-1,-1,-1,,[1],,,,,,,[2501401],,-1,0,,-1,,-1,0,-1,,[0],[0],{0:0},500,{1:BuffUpgradeData},[],
2501407,,53,54,-1,-1,{53:0|54:1},1900,6001|1500,,,,-1,-1,-1,,[1],,,,,,,[2501401],,-1,0,,-1,,-1,0,-1,,[0],[0],{0:0},500,{1:BuffUpgradeData},[],
2501408,,53,54,-1,-1,{53:0|54:1},1850,6001|1500,,,,-1,-1,-1,,[1],,,,,,,[2501401],,-1,0,,-1,,-1,0,-1,,[0],[0],{0:0},500,{1:BuffUpgradeData},[],
2501409,,53,54,-1,-1,{53:0|54:1},1800,6001|1500,,,,-1,-1,-1,,[1],,,,,,,[2501401],,-1,0,,-1,,-1,0,-1,,[0],[0],{0:0},500,{1:BuffUpgradeData},[],
2501410,,53,54,-1,-1,{53:0|54:1},1750,6001|1500,,,,-1,-1,-1,,[1],,,,,,,[2501401],,-1,0,,-1,,-1,0,-1,,[0],[0],{0:0},500,{1:BuffUpgradeData},[],
2501411,,53,54,-1,-1,{53:0|54:1},1700,6001|1500,,,,-1,-1,-1,,[1],,,,,,,[2501401],,-1,0,,-1,,-1,0,-1,,[0],[0],{0:0},500,{1:BuffUpgradeData},[],
2501412,,53,54,-1,-1,{53:0|54:1},1650,6001|1500,,,,-1,-1,-1,,[1],,,,,,,[2501401],,-1,0,,-1,,-1,0,-1,,[0],[0],{0:0},500,{1:BuffUpgradeData},[],
2501413,,53,54,-1,-1,{53:0|54:1},1600,6001|1500,,,,-1,-1,-1,,[1],,,,,,,[2501401],,-1,0,,-1,,-1,0,-1,,[0],[0],{0:0},500,{1:BuffUpgradeData},[],
2501414,,53,54,-1,-1,{53:0|54:1},1550,6001|1500,,,,-1,-1,-1,,[1],,,,,,,[2501401],,-1,0,,-1,,-1,0,-1,,[0],[0],{0:0},500,{1:BuffUpgradeData},[],
2501415,,53,54,-1,-1,{53:0|54:1},1500,6001|1500,,,,-1,-1,-1,,[1],,,,,,,[2501401],,-1,0,,-1,,-1,0,-1,,[0],[0],{0:0},500,{1:BuffUpgradeData},[],
2501416,,53,54,-1,-1,{53:0|54:1},1450,6001|1500,,,,-1,-1,-1,,[1],,,,,,,[2501401],,-1,0,,-1,,-1,0,-1,,[0],[0],{0:0},500,{1:BuffUpgradeData},[],
2501417,,53,54,-1,-1,{53:0|54:1},1400,6001|1500,,,,-1,-1,-1,,[1],,,,,,,[2501401],,-1,0,,-1,,-1,0,-1,,[0],[0],{0:0},500,{1:BuffUpgradeData},[],
2501418,,53,54,-1,-1,{53:0|54:1},1350,6001|1500,,,,-1,-1,-1,,[1],,,,,,,[2501401],,-1,0,,-1,,-1,0,-1,,[0],[0],{0:0},500,{1:BuffUpgradeData},[],
2501419,,53,54,-1,-1,{53:0|54:1},1300,6001|1500,,,,-1,-1,-1,,[1],,,,,,,[2501401],,-1,0,,-1,,-1,0,-1,,[0],[0],{0:0},500,{1:BuffUpgradeData},[],
2501420,,53,54,-1,-1,{53:0|54:1},1250,6001|1500,,,,-1,-1,-1,,[1],,,,,,,[2501401],,-1,0,,-1,,-1,0,-1,,[0],[0],{0:0},500,{1:BuffUpgradeData},[],
2501421,,53,54,48,-1,{53:0|54:1|48:2},1200,6001|2500,80|2500,,,-1,-1,-1,,[1],,,,,,,[2501401],,-1,0,,-1,,-1,0,-1,,[0],[0],{0:0},500,{1:BuffUpgradeData},[],
2501422,,53,-1,-1,-1,{53:0},1700,,,,,-1,-1,-1,,[1],,,,,,,[2501401],,-1,0,,-1,,-1,0,-1,,[0],[0],{0:0},500,{1:BuffUpgradeData},[],
2501423,,53,-1,-1,-1,{53:0},1650,,,,,-1,-1,-1,,[1],,,,,,,[2501401],,-1,0,,-1,,-1,0,-1,,[0],[0],{0:0},500,{1:BuffUpgradeData},[],
2501424,,53,-1,-1,-1,{53:0},1600,,,,,-1,-1,-1,,[1],,,,,,,[2501401],,-1,0,,-1,,-1,0,-1,,[0],[0],{0:0},500,{1:BuffUpgradeData},[],
2501425,,53,54,-1,-1,{53:0|54:1},1550,6001|1500,,,,-1,-1,-1,,[1],,,,,,,[2501401],,-1,0,,-1,,-1,0,-1,,[0],[0],{0:0},500,{1:BuffUpgradeData},[],
2501426,,53,54,-1,-1,{53:0|54:1},1500,6001|1500,,,,-1,-1,-1,,[1],,,,,,,[2501401],,-1,0,,-1,,-1,0,-1,,[0],[0],{0:0},500,{1:BuffUpgradeData},[],
2501427,,53,54,-1,-1,{53:0|54:1},1450,6001|1500,,,,-1,-1,-1,,[1],,,,,,,[2501401],,-1,0,,-1,,-1,0,-1,,[0],[0],{0:0},500,{1:BuffUpgradeData},[],
2501428,,53,54,-1,-1,{53:0|54:1},1400,6001|1500,,,,-1,-1,-1,,[1],,,,,,,[2501401],,-1,0,,-1,,-1,0,-1,,[0],[0],{0:0},500,{1:BuffUpgradeData},[],
2501429,,53,54,-1,-1,{53:0|54:1},1350,6001|1500,,,,-1,-1,-1,,[1],,,,,,,[2501401],,-1,0,,-1,,-1,0,-1,,[0],[0],{0:0},500,{1:BuffUpgradeData},[],
2501430,,53,54,-1,-1,{53:0|54:1},1300,6001|1500,,,,-1,-1,-1,,[1],,,,,,,[2501401],,-1,0,,-1,,-1,0,-1,,[0],[0],{0:0},500,{1:BuffUpgradeData},[],
2501431,,53,54,-1,-1,{53:0|54:1},1250,6001|1500,,,,-1,-1,-1,,[1],,,,,,,[2501401],,-1,0,,-1,,-1,0,-1,,[0],[0],{0:0},500,{1:BuffUpgradeData},[],
2501432,,53,54,-1,-1,{53:0|54:1},1200,6001|1500,,,,-1,-1,-1,,[1],,,,,,,[2501401],,-1,0,,-1,,-1,0,-1,,[0],[0],{0:0},500,{1:BuffUpgradeData},[],
2501433,,53,54,-1,-1,{53:0|54:1},1150,6001|1500,,,,-1,-1,-1,,[1],,,,,,,[2501401],,-1,0,,-1,,-1,0,-1,,[0],[0],{0:0},500,{1:BuffUpgradeData},[],
2501434,,53,54,-1,-1,{53:0|54:1},1100,6001|1500,,,,-1,-1,-1,,[1],,,,,,,[2501401],,-1,0,,-1,,-1,0,-1,,[0],[0],{0:0},500,{1:BuffUpgradeData},[],
2501435,,53,54,-1,-1,{53:0|54:1},1050,6001|1500,,,,-1,-1,-1,,[1],,,,,,,[2501401],,-1,0,,-1,,-1,0,-1,,[0],[0],{0:0},500,{1:BuffUpgradeData},[],
2501436,,53,54,-1,-1,{53:0|54:1},1000,6001|1500,,,,-1,-1,-1,,[1],,,,,,,[2501401],,-1,0,,-1,,-1,0,-1,,[0],[0],{0:0},500,{1:BuffUpgradeData},[],
2501437,,53,54,-1,-1,{53:0|54:1},950,6001|1500,,,,-1,-1,-1,,[1],,,,,,,[2501401],,-1,0,,-1,,-1,0,-1,,[0],[0],{0:0},500,{1:BuffUpgradeData},[],
2501438,,53,54,-1,-1,{53:0|54:1},900,6001|1500,,,,-1,-1,-1,,[1],,,,,,,[2501401],,-1,0,,-1,,-1,0,-1,,[0],[0],{0:0},500,{1:BuffUpgradeData},[],
2501439,,53,54,-1,-1,{53:0|54:1},850,6001|1500,,,,-1,-1,-1,,[1],,,,,,,[2501401],,-1,0,,-1,,-1,0,-1,,[0],[0],{0:0},500,{1:BuffUpgradeData},[],
2501440,,53,54,-1,-1,{53:0|54:1},800,6001|1500,,,,-1,-1,-1,,[1],,,,,,,[2501401],,-1,0,,-1,,-1,0,-1,,[0],[0],{0:0},500,{1:BuffUpgradeData},[],
2501441,,53,54,-1,-1,{53:0|54:1},750,6001|1500,,,,-1,-1,-1,,[1],,,,,,,[2501401],,-1,0,,-1,,-1,0,-1,,[0],[0],{0:0},500,{1:BuffUpgradeData},[],
2501442,,53,54,48,-1,{53:0|54:1|48:2},700,6001|2500,80|2500,,,-1,-1,-1,,[1],,,,,,,[2501401],,-1,0,,-1,,-1,0,-1,,[0],[0],{0:0},500,{1:BuffUpgradeData},[],
2501443,,53,-1,-1,-1,{53:0},2200,,,,,-1,-1,-1,,[1],,,,,,,[2501401],,-1,0,,-1,,-1,0,-1,,[0],[0],{0:0},500,{1:BuffUpgradeData},[],
2501444,,53,-1,-1,-1,{53:0},2150,,,,,-1,-1,-1,,[1],,,,,,,[2501401],,-1,0,,-1,,-1,0,-1,,[0],[0],{0:0},500,{1:BuffUpgradeData},[],
2501445,,53,-1,-1,-1,{53:0},2100,,,,,-1,-1,-1,,[1],,,,,,,[2501401],,-1,0,,-1,,-1,0,-1,,[0],[0],{0:0},500,{1:BuffUpgradeData},[],
2501446,,53,54,-1,-1,{53:0|54:1},2050,6001|1500,,,,-1,-1,-1,,[1],,,,,,,[2501401],,-1,0,,-1,,-1,0,-1,,[0],[0],{0:0},500,{1:BuffUpgradeData},[],
2501447,,53,54,-1,-1,{53:0|54:1},2000,6001|1500,,,,-1,-1,-1,,[1],,,,,,,[2501401],,-1,0,,-1,,-1,0,-1,,[0],[0],{0:0},500,{1:BuffUpgradeData},[],
2501448,,53,54,-1,-1,{53:0|54:1},1950,6001|1500,,,,-1,-1,-1,,[1],,,,,,,[2501401],,-1,0,,-1,,-1,0,-1,,[0],[0],{0:0},500,{1:BuffUpgradeData},[],
2501449,,53,54,-1,-1,{53:0|54:1},1900,6001|1500,,,,-1,-1,-1,,[1],,,,,,,[2501401],,-1,0,,-1,,-1,0,-1,,[0],[0],{0:0},500,{1:BuffUpgradeData},[],
2501450,,53,54,-1,-1,{53:0|54:1},1850,6001|1500,,,,-1,-1,-1,,[1],,,,,,,[2501401],,-1,0,,-1,,-1,0,-1,,[0],[0],{0:0},500,{1:BuffUpgradeData},[],
2501451,,53,54,-1,-1,{53:0|54:1},1800,6001|1500,,,,-1,-1,-1,,[1],,,,,,,[2501401],,-1,0,,-1,,-1,0,-1,,[0],[0],{0:0},500,{1:BuffUpgradeData},[],
2501452,,53,54,-1,-1,{53:0|54:1},1750,6001|1500,,,,-1,-1,-1,,[1],,,,,,,[2501401],,-1,0,,-1,,-1,0,-1,,[0],[0],{0:0},500,{1:BuffUpgradeData},[],
2501453,,53,54,-1,-1,{53:0|54:1},1700,6001|1500,,,,-1,-1,-1,,[1],,,,,,,[2501401],,-1,0,,-1,,-1,0,-1,,[0],[0],{0:0},500,{1:BuffUpgradeData},[],
2501454,,53,54,-1,-1,{53:0|54:1},1650,6001|1500,,,,-1,-1,-1,,[1],,,,,,,[2501401],,-1,0,,-1,,-1,0,-1,,[0],[0],{0:0},500,{1:BuffUpgradeData},[],
2501455,,53,54,-1,-1,{53:0|54:1},1600,6001|1500,,,,-1,-1,-1,,[1],,,,,,,[2501401],,-1,0,,-1,,-1,0,-1,,[0],[0],{0:0},500,{1:BuffUpgradeData},[],
2501456,,53,54,-1,-1,{53:0|54:1},1550,6001|1500,,,,-1,-1,-1,,[1],,,,,,,[2501401],,-1,0,,-1,,-1,0,-1,,[0],[0],{0:0},500,{1:BuffUpgradeData},[],
2501457,,53,54,-1,-1,{53:0|54:1},1500,6001|1500,,,,-1,-1,-1,,[1],,,,,,,[2501401],,-1,0,,-1,,-1,0,-1,,[0],[0],{0:0},500,{1:BuffUpgradeData},[],
2501458,,53,54,-1,-1,{53:0|54:1},1450,6001|1500,,,,-1,-1,-1,,[1],,,,,,,[2501401],,-1,0,,-1,,-1,0,-1,,[0],[0],{0:0},500,{1:BuffUpgradeData},[],
2501459,,53,54,-1,-1,{53:0|54:1},1400,6001|1500,,,,-1,-1,-1,,[1],,,,,,,[2501401],,-1,0,,-1,,-1,0,-1,,[0],[0],{0:0},500,{1:BuffUpgradeData},[],
2501460,,53,54,-1,-1,{53:0|54:1},1350,6001|1500,,,,-1,-1,-1,,[1],,,,,,,[2501401],,-1,0,,-1,,-1,0,-1,,[0],[0],{0:0},500,{1:BuffUpgradeData},[],
2501461,,53,54,-1,-1,{53:0|54:1},1300,6001|1500,,,,-1,-1,-1,,[1],,,,,,,[2501401],,-1,0,,-1,,-1,0,-1,,[0],[0],{0:0},500,{1:BuffUpgradeData},[],
2501462,,53,54,-1,-1,{53:0|54:1},1250,6001|1500,,,,-1,-1,-1,,[1],,,,,,,[2501401],,-1,0,,-1,,-1,0,-1,,[0],[0],{0:0},500,{1:BuffUpgradeData},[],
2501463,,53,54,48,-1,{53:0|54:1|48:2},1200,6001|2500,80|2500,,,-1,-1,-1,,[1],,,,,,,[2501401],,-1,0,,-1,,-1,0,-1,,[0],[0],{0:0},500,{1:BuffUpgradeData},[],
2501464,,53,-1,-1,-1,{53:0},1700,,,,,-1,-1,-1,,[1],,,,,,,[2501401],,-1,0,,-1,,-1,0,-1,,[0],[0],{0:0},500,{1:BuffUpgradeData},[],
2501465,,53,-1,-1,-1,{53:0},1650,,,,,-1,-1,-1,,[1],,,,,,,[2501401],,-1,0,,-1,,-1,0,-1,,[0],[0],{0:0},500,{1:BuffUpgradeData},[],
2501466,,53,-1,-1,-1,{53:0},1600,,,,,-1,-1,-1,,[1],,,,,,,[2501401],,-1,0,,-1,,-1,0,-1,,[0],[0],{0:0},500,{1:BuffUpgradeData},[],
2501467,,53,54,-1,-1,{53:0|54:1},1550,6001|1500,,,,-1,-1,-1,,[1],,,,,,,[2501401],,-1,0,,-1,,-1,0,-1,,[0],[0],{0:0},500,{1:BuffUpgradeData},[],
2501468,,53,54,-1,-1,{53:0|54:1},1500,6001|1500,,,,-1,-1,-1,,[1],,,,,,,[2501401],,-1,0,,-1,,-1,0,-1,,[0],[0],{0:0},500,{1:BuffUpgradeData},[],
2501469,,53,54,-1,-1,{53:0|54:1},1450,6001|1500,,,,-1,-1,-1,,[1],,,,,,,[2501401],,-1,0,,-1,,-1,0,-1,,[0],[0],{0:0},500,{1:BuffUpgradeData},[],
2501470,,53,54,-1,-1,{53:0|54:1},1400,6001|1500,,,,-1,-1,-1,,[1],,,,,,,[2501401],,-1,0,,-1,,-1,0,-1,,[0],[0],{0:0},500,{1:BuffUpgradeData},[],
2501471,,53,54,-1,-1,{53:0|54:1},1350,6001|1500,,,,-1,-1,-1,,[1],,,,,,,[2501401],,-1,0,,-1,,-1,0,-1,,[0],[0],{0:0},500,{1:BuffUpgradeData},[],
2501472,,53,54,-1,-1,{53:0|54:1},1300,6001|1500,,,,-1,-1,-1,,[1],,,,,,,[2501401],,-1,0,,-1,,-1,0,-1,,[0],[0],{0:0},500,{1:BuffUpgradeData},[],
2501473,,53,54,-1,-1,{53:0|54:1},1250,6001|1500,,,,-1,-1,-1,,[1],,,,,,,[2501401],,-1,0,,-1,,-1,0,-1,,[0],[0],{0:0},500,{1:BuffUpgradeData},[],
2501474,,53,54,-1,-1,{53:0|54:1},1200,6001|1500,,,,-1,-1,-1,,[1],,,,,,,[2501401],,-1,0,,-1,,-1,0,-1,,[0],[0],{0:0},500,{1:BuffUpgradeData},[],
2501475,,53,54,-1,-1,{53:0|54:1},1150,6001|1500,,,,-1,-1,-1,,[1],,,,,,,[2501401],,-1,0,,-1,,-1,0,-1,,[0],[0],{0:0},500,{1:BuffUpgradeData},[],
2501476,,53,54,-1,-1,{53:0|54:1},1100,6001|1500,,,,-1,-1,-1,,[1],,,,,,,[2501401],,-1,0,,-1,,-1,0,-1,,[0],[0],{0:0},500,{1:BuffUpgradeData},[],
2501477,,53,54,-1,-1,{53:0|54:1},1050,6001|1500,,,,-1,-1,-1,,[1],,,,,,,[2501401],,-1,0,,-1,,-1,0,-1,,[0],[0],{0:0},500,{1:BuffUpgradeData},[],
2501478,,53,54,-1,-1,{53:0|54:1},1000,6001|1500,,,,-1,-1,-1,,[1],,,,,,,[2501401],,-1,0,,-1,,-1,0,-1,,[0],[0],{0:0},500,{1:BuffUpgradeData},[],
2501479,,53,54,-1,-1,{53:0|54:1},950,6001|1500,,,,-1,-1,-1,,[1],,,,,,,[2501401],,-1,0,,-1,,-1,0,-1,,[0],[0],{0:0},500,{1:BuffUpgradeData},[],
2501480,,53,54,-1,-1,{53:0|54:1},900,6001|1500,,,,-1,-1,-1,,[1],,,,,,,[2501401],,-1,0,,-1,,-1,0,-1,,[0],[0],{0:0},500,{1:BuffUpgradeData},[],
2501481,,53,54,-1,-1,{53:0|54:1},850,6001|1500,,,,-1,-1,-1,,[1],,,,,,,[2501401],,-1,0,,-1,,-1,0,-1,,[0],[0],{0:0},500,{1:BuffUpgradeData},[],
2501482,,53,54,-1,-1,{53:0|54:1},800,6001|1500,,,,-1,-1,-1,,[1],,,,,,,[2501401],,-1,0,,-1,,-1,0,-1,,[0],[0],{0:0},500,{1:BuffUpgradeData},[],
2501483,,53,54,-1,-1,{53:0|54:1},750,6001|1500,,,,-1,-1,-1,,[1],,,,,,,[2501401],,-1,0,,-1,,-1,0,-1,,[0],[0],{0:0},500,{1:BuffUpgradeData},[],
2501484,,53,54,48,-1,{53:0|54:1|48:2},700,6001|2500,80|2500,,,-1,-1,-1,,[1],,,,,,,[2501401],,-1,0,,-1,,-1,0,-1,,[0],[0],{0:0},500,{1:BuffUpgradeData},[],
25014101,,9,-1,-1,-1,{9:0},1|1|4|3000|5000,,,,,-1,-1,-1,,[1],,,,,,,,,-1,0,,-1,,-1,0,-1,,[0],[0],{0:0},-1,{1:BuffUpgradeData},[],
25014102,,9,-1,-1,-1,{9:0},1|1|4|3300|5000,,,,,-1,-1,-1,,[1],,,,,,,,,-1,0,,-1,,-1,0,-1,,[0],[0],{0:0},-1,{1:BuffUpgradeData},[],
25014103,,9,-1,-1,-1,{9:0},1|1|4|3600|5000,,,,,-1,-1,-1,,[1],,,,,,,,,-1,0,,-1,,-1,0,-1,,[0],[0],{0:0},-1,{1:BuffUpgradeData},[],
25014104,,9,-1,-1,-1,{9:0},1|1|4|3900|5000,,,,,-1,-1,-1,,[1],,,,,,,,,-1,0,,-1,,-1,0,-1,,[0],[0],{0:0},-1,{1:BuffUpgradeData},[],
25014105,,9,-1,-1,-1,{9:0},1|1|4|4200|5000,,,,,-1,-1,-1,,[1],,,,,,,,,-1,0,,-1,,-1,0,-1,,[0],[0],{0:0},-1,{1:BuffUpgradeData},[],
25014106,,9,-1,-1,-1,{9:0},1|1|4|4500|5000,,,,,-1,-1,-1,,[1],,,,,,,,,-1,0,,-1,,-1,0,-1,,[0],[0],{0:0},-1,{1:BuffUpgradeData},[],
25014107,,9,-1,-1,-1,{9:0},1|1|4|4800|5000,,,,,-1,-1,-1,,[1],,,,,,,,,-1,0,,-1,,-1,0,-1,,[0],[0],{0:0},-1,{1:BuffUpgradeData},[],
25014108,,9,-1,-1,-1,{9:0},1|1|4|5100|5000,,,,,-1,-1,-1,,[1],,,,,,,,,-1,0,,-1,,-1,0,-1,,[0],[0],{0:0},-1,{1:BuffUpgradeData},[],
25014109,,9,-1,-1,-1,{9:0},1|1|4|5400|5000,,,,,-1,-1,-1,,[1],,,,,,,,,-1,0,,-1,,-1,0,-1,,[0],[0],{0:0},-1,{1:BuffUpgradeData},[],
25014110,,9,-1,-1,-1,{9:0},1|1|4|5700|5000,,,,,-1,-1,-1,,[1],,,,,,,,,-1,0,,-1,,-1,0,-1,,[0],[0],{0:0},-1,{1:BuffUpgradeData},[],
25014111,,9,-1,-1,-1,{9:0},1|1|4|6000|5000,,,,,-1,-1,-1,,[1],,,,,,,,,-1,0,,-1,,-1,0,-1,,[0],[0],{0:0},-1,{1:BuffUpgradeData},[],
25014112,,9,-1,-1,-1,{9:0},1|1|4|6300|5000,,,,,-1,-1,-1,,[1],,,,,,,,,-1,0,,-1,,-1,0,-1,,[0],[0],{0:0},-1,{1:BuffUpgradeData},[],
25014113,,9,-1,-1,-1,{9:0},1|1|4|6600|5000,,,,,-1,-1,-1,,[1],,,,,,,,,-1,0,,-1,,-1,0,-1,,[0],[0],{0:0},-1,{1:BuffUpgradeData},[],
25014114,,9,-1,-1,-1,{9:0},1|1|4|6900|5000,,,,,-1,-1,-1,,[1],,,,,,,,,-1,0,,-1,,-1,0,-1,,[0],[0],{0:0},-1,{1:BuffUpgradeData},[],
25014115,,9,-1,-1,-1,{9:0},1|1|4|7200|5000,,,,,-1,-1,-1,,[1],,,,,,,,,-1,0,,-1,,-1,0,-1,,[0],[0],{0:0},-1,{1:BuffUpgradeData},[],
25014116,,9,-1,-1,-1,{9:0},1|1|4|7500|5000,,,,,-1,-1,-1,,[1],,,,,,,,,-1,0,,-1,,-1,0,-1,,[0],[0],{0:0},-1,{1:BuffUpgradeData},[],
25014117,,9,-1,-1,-1,{9:0},1|1|4|7800|5000,,,,,-1,-1,-1,,[1],,,,,,,,,-1,0,,-1,,-1,0,-1,,[0],[0],{0:0},-1,{1:BuffUpgradeData},[],
25014118,,9,-1,-1,-1,{9:0},1|1|4|8100|5000,,,,,-1,-1,-1,,[1],,,,,,,,,-1,0,,-1,,-1,0,-1,,[0],[0],{0:0},-1,{1:BuffUpgradeData},[],
25014119,,9,-1,-1,-1,{9:0},1|1|4|8400|5000,,,,,-1,-1,-1,,[1],,,,,,,,,-1,0,,-1,,-1,0,-1,,[0],[0],{0:0},-1,{1:BuffUpgradeData},[],
25014120,,9,-1,-1,-1,{9:0},1|1|4|8700|5000,,,,,-1,-1,-1,,[1],,,,,,,,,-1,0,,-1,,-1,0,-1,,[0],[0],{0:0},-1,{1:BuffUpgradeData},[],
25014121,,9,-1,-1,-1,{9:0},1|1|4|9000|5000,,,,,-1,-1,-1,,[1],,,,,,,,,-1,0,,-1,,-1,0,-1,,[0],[0],{0:0},-1,{1:BuffUpgradeData},[],
2501501,,48,-1,-1,-1,{48:0},"26|1500,17|1500",,,,,-1,-1,-1,,,"0|100,0|0",,,,,,[2501501],,-1,0,,-1,,-1,0,-1,,[0|25015],[0|25015],{0:0|25015:1},-1,{1:BuffUpgradeData},[],
2501502,,48,-1,-1,-1,{48:0},"26|1500,17|1500,21|1000",,,,,-1,-1,-1,,,"0|100,0|0,0|0",,,,,,[2501501],,-1,0,,-1,,-1,0,-1,,[0|25015],[0|25015],{0:0|25015:1},-1,{1:BuffUpgradeData},[],
2501503,,48,-1,-1,-1,{48:0},"26|1500,17|1500,21|1000",,,,,-1,-1,-1,,,"0|100,0|0,0|0",,,,,,[2501501],,-1,0,,-1,,-1,0,-1,,[0|25015],[0|25015],{0:0|25015:1},-1,{1:BuffUpgradeData},[],
2501504,,48,-1,-1,-1,{48:0},"26|1500,17|1500,21|2000",,,,,-1,-1,-1,,,"0|100,0|0,0|0",,,,,,[2501501],,-1,0,,-1,,-1,0,-1,,[0|25015],[0|25015],{0:0|25015:1},-1,{1:BuffUpgradeData},[],
2501505,,48,-1,-1,-1,{48:0},"26|1500,17|1500,21|2000",,,,,-1,-1,-1,,,"0|100,0|0,0|0",,,,,,[2501501],,-1,0,,-1,,-1,0,-1,,[0|25015],[0|25015],{0:0|25015:1},-1,{1:BuffUpgradeData},[],
2501506,,48,-1,-1,-1,{48:0},"26|1500,17|2500,21|2000",,,,,-1,-1,-1,,,"0|100,0|0,0|0",,,,,,[2501501],,-1,0,,-1,,-1,0,-1,,[0|25015],[0|25015],{0:0|25015:1},-1,{1:BuffUpgradeData},[],
2501507,,48,-1,-1,-1,{48:0},"26|1500,17|2500,21|3500",,,,,-1,-1,-1,,,"0|100,0|0,0|0",,,,,,[2501501],,-1,0,,-1,,-1,0,-1,,[0|25015],[0|25015],{0:0|25015:1},-1,{1:BuffUpgradeData},[],
2501550,,23,-1,-1,-1,{23:0},1|25015003|0|1000|3|1|1|8|1,,,,[2|1],-1,-1,-1,,[1],,,,,,,,,-1,0,,-1,,-1,0,-1,,[2],[2],{2:0},-1,{1:BuffUpgradeData},[],
2501551,,48,-1,-1,-1,{48:0},89|200,,,,[1|25015],-1,-1,-1,,,,,,,,,,,-1,0,,6,,1,0,-1,,[0],[0],{0:0},-1,{1:BuffUpgradeData},[],
2501552,,23,-1,-1,-1,{23:0},1|25015005|0|1000|3|1|1|8|1,,,,[2|1],-1,-1,-1,,[1],,,,,,,,,-1,0,,-1,,-1,0,-1,,[2],[2],{2:0},-1,{1:BuffUpgradeData},[],
2501553,,48,-1,-1,-1,{48:0},89|200,,,,[1|25015],-1,-1,-1,,,,,,,,,,,-1,0,,6,,1,0,-1,,[0],[0],{0:0},-1,{1:BuffUpgradeData},[],
2501554,,23,-1,-1,-1,{23:0},1|25015007|0|1000|3|1|1|8|1,,,,[2|1],-1,-1,-1,,[1],,,,,,,,,-1,0,,-1,,-1,0,-1,,[2],[2],{2:0},-1,{1:BuffUpgradeData},[],
2501555,,48,-1,-1,-1,{48:0},89|200,,,,[1|25015],-1,-1,-1,,,,,,,,,,,-1,0,,6,,1,0,-1,,[0],[0],{0:0},-1,{1:BuffUpgradeData},[],
2501601,,3,-1,-1,-1,{3:0},,,,,,-1,-1,-1,,,,,,,,,[100015],,-1,0,,-1,,-1,0,-1,,[1|17],[1|17],{1:0|17:1},-1,{1:BuffUpgradeData},[],
2501602,,48,-1,-1,-1,{48:0},83|-500,,,,,-1,-1,-1,,,,,,,,,,,-1,0,,-1,,-1,0,-1,,,[],{},-1,{1:BuffUpgradeData},[],
2501603,,48,-1,-1,-1,{48:0},83|-1000,,,,,-1,-1,-1,,,,,,,,,,,-1,0,,-1,,-1,0,-1,,,[],{},-1,{1:BuffUpgradeData},[],
2501604,,3,-1,-1,-1,{3:0},,,,,,-1,-1,-1,,,,,,,,,[100015],,-1,0,,-1,,-1,0,-1,,[1|17],[1|17],{1:0|17:1},-1,{1:BuffUpgradeData},[],
2501605,,48,-1,-1,-1,{48:0},83|-1500,,,,,-1,-1,-1,,,,,,,,,,,-1,0,,-1,,-1,0,-1,,,[],{},-1,{1:BuffUpgradeData},[],
2501606,,3,-1,-1,-1,{3:0},,,,,,-1,-1,-1,,,,,,,,,[100015],,-1,0,,-1,,-1,0,-1,,[1|17],[1|17],{1:0|17:1},-1,{1:BuffUpgradeData},[],
2501607,,48,-1,-1,-1,{48:0},83|-2000,,,,,-1,-1,-1,,,,,,,,,,,-1,0,,-1,,-1,0,-1,,,[],{},-1,{1:BuffUpgradeData},[],
2501608,,3,-1,-1,-1,{3:0},,,,,,-1,-1,-1,,,,,,,,,[100015],,-1,0,,-1,,-1,0,-1,,[1|17],[1|17],{1:0|17:1},-1,{1:BuffUpgradeData},[],
2501609,,3,-1,-1,-1,{3:0},,,,,,-1,-1,-1,,,,,,,,,[100015],,-1,0,,-1,,-1,0,-1,,[1|17],[1|17],{1:0|17:1},-1,{1:BuffUpgradeData},[],
2501610,,3,-1,-1,-1,{3:0},,,,,,-1,-1,-1,,,,,,,,,[100015],,-1,0,,-1,,-1,0,-1,,[1|17],[1|17],{1:0|17:1},-1,{1:BuffUpgradeData},[],
2501611,,3,-1,-1,-1,{3:0},,,,,,-1,-1,-1,,,,,,,,,[100015],,-1,0,,-1,,-1,0,-1,,[1|17],[1|17],{1:0|17:1},-1,{1:BuffUpgradeData},[],
2501612,,3,-1,-1,-1,{3:0},,,,,,-1,-1,-1,,,,,,,,,[100015],,-1,0,,-1,,-1,0,-1,,[1|17],[1|17],{1:0|17:1},-1,{1:BuffUpgradeData},[],
2501701,,48,54,-1,-1,{48:0|54:1},10|1500,6010|1500,,,,-1,-1,-1,,,,0|100,,,,,[2501701],,-1,0,,-1,,-1,0,-1,,[0|25017],[0|25017],{0:0|25017:1},-1,{1:BuffUpgradeData},[],
2501702,,48,54,-1,-1,{48:0|54:1},"10|1500,19|1000",6010|1500,,,,-1,-1,-1,,,,0|100,,,,,[2501701],,-1,0,,-1,,-1,0,-1,,[0|25017],[0|25017],{0:0|25017:1},-1,{1:BuffUpgradeData},[],
2501703,,48,54,-1,-1,{48:0|54:1},"10|1500,19|1000",6010|1500,,,,-1,-1,-1,,,,0|100,,,,,[2501701],,-1,0,,-1,,-1,0,-1,,[0|25017],[0|25017],{0:0|25017:1},-1,{1:BuffUpgradeData},[],
2501704,,48,54,-1,-1,{48:0|54:1},"10|2500,19|2000",6010|1500,,,,-1,-1,-1,,,,0|100,,,,,[2501701],,-1,0,,-1,,-1,0,-1,,[0|25017],[0|25017],{0:0|25017:1},-1,{1:BuffUpgradeData},[],
2501750,,23,-1,-1,-1,{23:0},1|25017003|0|1000|3|1|1|8|1,,,,[2|2],-1,-1,-1,,[1],,,,,,,,,-1,0,,-1,,-1,0,-1,,[2],[2],{2:0},-1,{1:BuffUpgradeData},[],
2501751,,48,-1,-1,-1,{48:0},89|200,,,,[1|25017],-1,-1,-1,,,,,,,,,,,-1,0,,6,,1,0,-1,,[0],[0],{0:0},-1,{1:BuffUpgradeData},[],
2501752,,23,-1,-1,-1,{23:0},1|25017005|0|1000|3|1|1|8|1,,,,[2|2],-1,-1,-1,,[1],,,,,,,,,-1,0,,-1,,-1,0,-1,,[2],[2],{2:0},-1,{1:BuffUpgradeData},[],
2501753,,48,-1,-1,-1,{48:0},89|200,,,,[1|25017],-1,-1,-1,,,,,,,,,,,-1,0,,6,,1,0,-1,,[0],[0],{0:0},-1,{1:BuffUpgradeData},[],
2501754,,23,-1,-1,-1,{23:0},1|25017007|0|1000|3|1|1|8|1,,,,[2|2],-1,-1,-1,,[1],,,,,,,,,-1,0,,-1,,-1,0,-1,,[2],[2],{2:0},-1,{1:BuffUpgradeData},[],
2501755,,48,-1,-1,-1,{48:0},89|200,,,,[1|25017],-1,-1,-1,,,,,,,,,,,-1,0,,6,,1,0,-1,,[0],[0],{0:0},-1,{1:BuffUpgradeData},[],
2501801,,3,-1,-1,-1,{3:0},,,,,,-1,-1,-1,,,,,,,,,[2501801],,-1,0,,-1,,-1,0,-1,,[1|18],[1|18],{1:0|18:1},-1,{1:BuffUpgradeData},[],
2501802,,48,-1,-1,-1,{48:0},81|-500,,,,,-1,-1,-1,,,,,,,,,,,-1,0,,-1,,-1,0,-1,,,[],{},-1,{1:BuffUpgradeData},[],
2501803,,48,-1,-1,-1,{48:0},81|-1000,,,,,-1,-1,-1,,,,,,,,,,,-1,0,,-1,,-1,0,-1,,,[],{},-1,{1:BuffUpgradeData},[],
2501804,,3,-1,-1,-1,{3:0},,,,,,-1,-1,-1,,,,,,,,,[2501801],,-1,0,,-1,,-1,0,-1,,[1|18],[1|18],{1:0|18:1},-1,{1:BuffUpgradeData},[],
2501805,,48,-1,-1,-1,{48:0},81|-1500,,,,,-1,-1,-1,,,,,,,,,,,-1,0,,-1,,-1,0,-1,,,[],{},-1,{1:BuffUpgradeData},[],
2501806,,3,-1,-1,-1,{3:0},,,,,,-1,-1,-1,,,,,,,,,[2501801],,-1,0,,-1,,-1,0,-1,,[1|18],[1|18],{1:0|18:1},-1,{1:BuffUpgradeData},[],
2501807,,48,-1,-1,-1,{48:0},81|-2000,,,,,-1,-1,-1,,,,,,,,,,,-1,0,,-1,,-1,0,-1,,,[],{},-1,{1:BuffUpgradeData},[],
2501808,,3,-1,-1,-1,{3:0},,,,,,-1,-1,-1,,,,,,,,,[2501801],,-1,0,,-1,,-1,0,-1,,[1|18],[1|18],{1:0|18:1},-1,{1:BuffUpgradeData},[],
2501809,,3,-1,-1,-1,{3:0},,,,,,-1,-1,-1,,,,,,,,,[2501801],,-1,0,,-1,,-1,0,-1,,[1|18],[1|18],{1:0|18:1},-1,{1:BuffUpgradeData},[],
2501810,,3,-1,-1,-1,{3:0},,,,,,-1,-1,-1,,,,,,,,,[2501801],,-1,0,,-1,,-1,0,-1,,[1|18],[1|18],{1:0|18:1},-1,{1:BuffUpgradeData},[],
2501811,,3,-1,-1,-1,{3:0},,,,,,-1,-1,-1,,,,,,,,,[2501801],,-1,0,,-1,,-1,0,-1,,[1|18],[1|18],{1:0|18:1},-1,{1:BuffUpgradeData},[],
2501812,,3,-1,-1,-1,{3:0},,,,,,-1,-1,-1,,,,,,,,,[2501801],,-1,0,,-1,,-1,0,-1,,[1|18],[1|18],{1:0|18:1},-1,{1:BuffUpgradeData},[],
2501901,,53,1,-1,-1,{53:0|1:1},2200,0|4|100,,,,-1,-1,-1,,[1],,,,,,,[2501901],,-1,0,,-1,,-1,0,-1,,[0],[0],{0:0},500,{1:BuffUpgradeData},[],
2501902,,53,1,-1,-1,{53:0|1:1},2150,0|4|100,,,,-1,-1,-1,,[1],,,,,,,[2501901],,-1,0,,-1,,-1,0,-1,,[0],[0],{0:0},500,{1:BuffUpgradeData},[],
2501903,,53,1,-1,-1,{53:0|1:1},2100,0|4|100,,,,-1,-1,-1,,[1],,,,,,,[2501901],,-1,0,,-1,,-1,0,-1,,[0],[0],{0:0},500,{1:BuffUpgradeData},[],
2501904,,53,1,48,-1,{53:0|1:1|48:2},2050,0|4|100,10|1500,,,-1,-1,-1,,[1],,,,,,,[2501901],,-1,0,,-1,,-1,0,-1,,[0],[0],{0:0},500,{1:BuffUpgradeData},[],
2501905,,53,1,48,-1,{53:0|1:1|48:2},2000,0|4|100,10|1500,,,-1,-1,-1,,[1],,,,,,,[2501901],,-1,0,,-1,,-1,0,-1,,[0],[0],{0:0},500,{1:BuffUpgradeData},[],
2501906,,53,1,48,-1,{53:0|1:1|48:2},1950,0|4|100,10|1500,,,-1,-1,-1,,[1],,,,,,,[2501901],,-1,0,,-1,,-1,0,-1,,[0],[0],{0:0},500,{1:BuffUpgradeData},[],
2501907,,53,1,48,-1,{53:0|1:1|48:2},1900,0|4|100,10|1500,,,-1,-1,-1,,[1],,,,,,,[2501901],,-1,0,,-1,,-1,0,-1,,[0],[0],{0:0},500,{1:BuffUpgradeData},[],
2501908,,53,1,48,-1,{53:0|1:1|48:2},1850,0|4|100,10|1500,,,-1,-1,-1,,[1],,,,,,,[2501901],,-1,0,,-1,,-1,0,-1,,[0],[0],{0:0},500,{1:BuffUpgradeData},[],
2501909,,53,1,48,-1,{53:0|1:1|48:2},1800,0|4|100,10|1500,,,-1,-1,-1,,[1],,,,,,,[2501901],,-1,0,,-1,,-1,0,-1,,[0],[0],{0:0},500,{1:BuffUpgradeData},[],
2501910,,53,1,48,-1,{53:0|1:1|48:2},1750,0|4|100,10|1500,,,-1,-1,-1,,[1],,,,,,,[2501901],,-1,0,,-1,,-1,0,-1,,[0],[0],{0:0},500,{1:BuffUpgradeData},[],
2501911,,53,1,48,-1,{53:0|1:1|48:2},1700,0|4|100,10|1500,,,-1,-1,-1,,[1],,,,,,,[2501901],,-1,0,,-1,,-1,0,-1,,[0],[0],{0:0},500,{1:BuffUpgradeData},[],
2501912,,53,1,48,-1,{53:0|1:1|48:2},1650,0|4|100,10|1500,,,-1,-1,-1,,[1],,,,,,,[2501901],,-1,0,,-1,,-1,0,-1,,[0],[0],{0:0},500,{1:BuffUpgradeData},[],
2501913,,53,1,48,-1,{53:0|1:1|48:2},1600,0|4|100,10|1500,,,-1,-1,-1,,[1],,,,,,,[2501901],,-1,0,,-1,,-1,0,-1,,[0],[0],{0:0},500,{1:BuffUpgradeData},[],
2501914,,53,1,48,-1,{53:0|1:1|48:2},1550,0|4|100,10|1500,,,-1,-1,-1,,[1],,,,,,,[2501901],,-1,0,,-1,,-1,0,-1,,[0],[0],{0:0},500,{1:BuffUpgradeData},[],
2501915,,53,1,48,-1,{53:0|1:1|48:2},1500,0|4|100,10|1500,,,-1,-1,-1,,[1],,,,,,,[2501901],,-1,0,,-1,,-1,0,-1,,[0],[0],{0:0},500,{1:BuffUpgradeData},[],
2501916,,53,1,48,-1,{53:0|1:1|48:2},1450,0|4|200,10|1500,,,-1,-1,-1,,[1],,,,,,,[2501901],,-1,0,,-1,,-1,0,-1,,[0],[0],{0:0},500,{1:BuffUpgradeData},[],
2501917,,53,1,48,-1,{53:0|1:1|48:2},1400,0|4|200,10|1500,,,-1,-1,-1,,[1],,,,,,,[2501901],,-1,0,,-1,,-1,0,-1,,[0],[0],{0:0},500,{1:BuffUpgradeData},[],
2501918,,53,1,48,-1,{53:0|1:1|48:2},1350,0|4|200,10|1500,,,-1,-1,-1,,[1],,,,,,,[2501901],,-1,0,,-1,,-1,0,-1,,[0],[0],{0:0},500,{1:BuffUpgradeData},[],
2501919,,53,1,48,-1,{53:0|1:1|48:2},1300,0|4|200,10|1500,,,-1,-1,-1,,[1],,,,,,,[2501901],,-1,0,,-1,,-1,0,-1,,[0],[0],{0:0},500,{1:BuffUpgradeData},[],
2501920,,53,1,48,-1,{53:0|1:1|48:2},1250,0|4|200,10|1500,,,-1,-1,-1,,[1],,,,,,,[2501901],,-1,0,,-1,,-1,0,-1,,[0],[0],{0:0},500,{1:BuffUpgradeData},[],
2501921,,53,1,48,-1,{53:0|1:1|48:2},1200,0|4|200,"10|2500,71|2000",,,-1,-1,-1,,[1],,,,,,,[2501901],,-1,0,,-1,,-1,0,-1,,[0],[0],{0:0},500,{1:BuffUpgradeData},[],
2501922,,53,1,-1,-1,{53:0|1:1},1700,0|4|100,,,,-1,-1,-1,,[1],,,,,,,[2501901],,-1,0,,-1,,-1,0,-1,,[0],[0],{0:0},500,{1:BuffUpgradeData},[],
2501923,,53,1,-1,-1,{53:0|1:1},1650,0|4|100,,,,-1,-1,-1,,[1],,,,,,,[2501901],,-1,0,,-1,,-1,0,-1,,[0],[0],{0:0},500,{1:BuffUpgradeData},[],
2501924,,53,1,-1,-1,{53:0|1:1},1600,0|4|100,,,,-1,-1,-1,,[1],,,,,,,[2501901],,-1,0,,-1,,-1,0,-1,,[0],[0],{0:0},500,{1:BuffUpgradeData},[],
2501925,,53,1,48,-1,{53:0|1:1|48:2},1550,0|4|100,10|1500,,,-1,-1,-1,,[1],,,,,,,[2501901],,-1,0,,-1,,-1,0,-1,,[0],[0],{0:0},500,{1:BuffUpgradeData},[],
2501926,,53,1,48,-1,{53:0|1:1|48:2},1500,0|4|100,10|1500,,,-1,-1,-1,,[1],,,,,,,[2501901],,-1,0,,-1,,-1,0,-1,,[0],[0],{0:0},500,{1:BuffUpgradeData},[],
2501927,,53,1,48,-1,{53:0|1:1|48:2},1450,0|4|100,10|1500,,,-1,-1,-1,,[1],,,,,,,[2501901],,-1,0,,-1,,-1,0,-1,,[0],[0],{0:0},500,{1:BuffUpgradeData},[],
2501928,,53,1,48,-1,{53:0|1:1|48:2},1400,0|4|100,10|1500,,,-1,-1,-1,,[1],,,,,,,[2501901],,-1,0,,-1,,-1,0,-1,,[0],[0],{0:0},500,{1:BuffUpgradeData},[],
2501929,,53,1,48,-1,{53:0|1:1|48:2},1350,0|4|100,10|1500,,,-1,-1,-1,,[1],,,,,,,[2501901],,-1,0,,-1,,-1,0,-1,,[0],[0],{0:0},500,{1:BuffUpgradeData},[],
2501930,,53,1,48,-1,{53:0|1:1|48:2},1300,0|4|100,10|1500,,,-1,-1,-1,,[1],,,,,,,[2501901],,-1,0,,-1,,-1,0,-1,,[0],[0],{0:0},500,{1:BuffUpgradeData},[],
2501931,,53,1,48,-1,{53:0|1:1|48:2},1250,0|4|100,10|1500,,,-1,-1,-1,,[1],,,,,,,[2501901],,-1,0,,-1,,-1,0,-1,,[0],[0],{0:0},500,{1:BuffUpgradeData},[],
2501932,,53,1,48,-1,{53:0|1:1|48:2},1200,0|4|100,10|1500,,,-1,-1,-1,,[1],,,,,,,[2501901],,-1,0,,-1,,-1,0,-1,,[0],[0],{0:0},500,{1:BuffUpgradeData},[],
2501933,,53,1,48,-1,{53:0|1:1|48:2},1150,0|4|100,10|1500,,,-1,-1,-1,,[1],,,,,,,[2501901],,-1,0,,-1,,-1,0,-1,,[0],[0],{0:0},500,{1:BuffUpgradeData},[],
2501934,,53,1,48,-1,{53:0|1:1|48:2},1100,0|4|100,10|1500,,,-1,-1,-1,,[1],,,,,,,[2501901],,-1,0,,-1,,-1,0,-1,,[0],[0],{0:0},500,{1:BuffUpgradeData},[],
2501935,,53,1,48,-1,{53:0|1:1|48:2},1050,0|4|100,10|1500,,,-1,-1,-1,,[1],,,,,,,[2501901],,-1,0,,-1,,-1,0,-1,,[0],[0],{0:0},500,{1:BuffUpgradeData},[],
2501936,,53,1,48,-1,{53:0|1:1|48:2},1000,0|4|100,10|1500,,,-1,-1,-1,,[1],,,,,,,[2501901],,-1,0,,-1,,-1,0,-1,,[0],[0],{0:0},500,{1:BuffUpgradeData},[],
2501937,,53,1,48,-1,{53:0|1:1|48:2},950,0|4|200,10|1500,,,-1,-1,-1,,[1],,,,,,,[2501901],,-1,0,,-1,,-1,0,-1,,[0],[0],{0:0},500,{1:BuffUpgradeData},[],
2501938,,53,1,48,-1,{53:0|1:1|48:2},900,0|4|200,10|1500,,,-1,-1,-1,,[1],,,,,,,[2501901],,-1,0,,-1,,-1,0,-1,,[0],[0],{0:0},500,{1:BuffUpgradeData},[],
2501939,,53,1,48,-1,{53:0|1:1|48:2},850,0|4|200,10|1500,,,-1,-1,-1,,[1],,,,,,,[2501901],,-1,0,,-1,,-1,0,-1,,[0],[0],{0:0},500,{1:BuffUpgradeData},[],
2501940,,53,1,48,-1,{53:0|1:1|48:2},800,0|4|200,10|1500,,,-1,-1,-1,,[1],,,,,,,[2501901],,-1,0,,-1,,-1,0,-1,,[0],[0],{0:0},500,{1:BuffUpgradeData},[],
2501941,,53,1,48,-1,{53:0|1:1|48:2},750,0|4|200,10|1500,,,-1,-1,-1,,[1],,,,,,,[2501901],,-1,0,,-1,,-1,0,-1,,[0],[0],{0:0},500,{1:BuffUpgradeData},[],
2501942,,53,1,48,-1,{53:0|1:1|48:2},700,0|4|200,"10|2500,71|2000",,,-1,-1,-1,,[1],,,,,,,[2501901],,-1,0,,-1,,-1,0,-1,,[0],[0],{0:0},500,{1:BuffUpgradeData},[],
2501943,,53,1,-1,-1,{53:0|1:1},2200,0|4|100,,,,-1,-1,-1,,[1],,,,,,,[2501901],,-1,0,,-1,,-1,0,-1,,[0],[0],{0:0},500,{1:BuffUpgradeData},[],
2501944,,53,1,-1,-1,{53:0|1:1},2150,0|4|100,,,,-1,-1,-1,,[1],,,,,,,[2501901],,-1,0,,-1,,-1,0,-1,,[0],[0],{0:0},500,{1:BuffUpgradeData},[],
2501945,,53,1,-1,-1,{53:0|1:1},2100,0|4|100,,,,-1,-1,-1,,[1],,,,,,,[2501901],,-1,0,,-1,,-1,0,-1,,[0],[0],{0:0},500,{1:BuffUpgradeData},[],
2501946,,53,1,48,-1,{53:0|1:1|48:2},2050,0|4|100,10|1500,,,-1,-1,-1,,[1],,,,,,,[2501901],,-1,0,,-1,,-1,0,-1,,[0],[0],{0:0},500,{1:BuffUpgradeData},[],
2501947,,53,1,48,-1,{53:0|1:1|48:2},2000,0|4|100,10|1500,,,-1,-1,-1,,[1],,,,,,,[2501901],,-1,0,,-1,,-1,0,-1,,[0],[0],{0:0},500,{1:BuffUpgradeData},[],
2501948,,53,1,48,-1,{53:0|1:1|48:2},1950,0|4|100,10|1500,,,-1,-1,-1,,[1],,,,,,,[2501901],,-1,0,,-1,,-1,0,-1,,[0],[0],{0:0},500,{1:BuffUpgradeData},[],
2501949,,53,1,48,-1,{53:0|1:1|48:2},1900,0|4|100,10|1500,,,-1,-1,-1,,[1],,,,,,,[2501901],,-1,0,,-1,,-1,0,-1,,[0],[0],{0:0},500,{1:BuffUpgradeData},[],
2501950,,53,1,48,-1,{53:0|1:1|48:2},1850,0|4|100,10|1500,,,-1,-1,-1,,[1],,,,,,,[2501901],,-1,0,,-1,,-1,0,-1,,[0],[0],{0:0},500,{1:BuffUpgradeData},[],
2501951,,53,1,48,-1,{53:0|1:1|48:2},1800,0|4|100,10|1500,,,-1,-1,-1,,[1],,,,,,,[2501901],,-1,0,,-1,,-1,0,-1,,[0],[0],{0:0},500,{1:BuffUpgradeData},[],
2501952,,53,1,48,-1,{53:0|1:1|48:2},1750,0|4|100,10|1500,,,-1,-1,-1,,[1],,,,,,,[2501901],,-1,0,,-1,,-1,0,-1,,[0],[0],{0:0},500,{1:BuffUpgradeData},[],
2501953,,53,1,48,-1,{53:0|1:1|48:2},1700,0|4|100,10|1500,,,-1,-1,-1,,[1],,,,,,,[2501901],,-1,0,,-1,,-1,0,-1,,[0],[0],{0:0},500,{1:BuffUpgradeData},[],
2501954,,53,1,48,-1,{53:0|1:1|48:2},1650,0|4|100,10|1500,,,-1,-1,-1,,[1],,,,,,,[2501901],,-1,0,,-1,,-1,0,-1,,[0],[0],{0:0},500,{1:BuffUpgradeData},[],
2501955,,53,1,48,-1,{53:0|1:1|48:2},1600,0|4|100,10|1500,,,-1,-1,-1,,[1],,,,,,,[2501901],,-1,0,,-1,,-1,0,-1,,[0],[0],{0:0},500,{1:BuffUpgradeData},[],
2501956,,53,1,48,-1,{53:0|1:1|48:2},1550,0|4|100,10|1500,,,-1,-1,-1,,[1],,,,,,,[2501901],,-1,0,,-1,,-1,0,-1,,[0],[0],{0:0},500,{1:BuffUpgradeData},[],
2501957,,53,1,48,-1,{53:0|1:1|48:2},1500,0|4|100,10|1500,,,-1,-1,-1,,[1],,,,,,,[2501901],,-1,0,,-1,,-1,0,-1,,[0],[0],{0:0},500,{1:BuffUpgradeData},[],
2501958,,53,1,48,-1,{53:0|1:1|48:2},1450,0|4|200,10|1500,,,-1,-1,-1,,[1],,,,,,,[2501901],,-1,0,,-1,,-1,0,-1,,[0],[0],{0:0},500,{1:BuffUpgradeData},[],
2501959,,53,1,48,-1,{53:0|1:1|48:2},1400,0|4|200,10|1500,,,-1,-1,-1,,[1],,,,,,,[2501901],,-1,0,,-1,,-1,0,-1,,[0],[0],{0:0},500,{1:BuffUpgradeData},[],
2501960,,53,1,48,-1,{53:0|1:1|48:2},1350,0|4|200,10|1500,,,-1,-1,-1,,[1],,,,,,,[2501901],,-1,0,,-1,,-1,0,-1,,[0],[0],{0:0},500,{1:BuffUpgradeData},[],
2501961,,53,1,48,-1,{53:0|1:1|48:2},1300,0|4|200,10|1500,,,-1,-1,-1,,[1],,,,,,,[2501901],,-1,0,,-1,,-1,0,-1,,[0],[0],{0:0},500,{1:BuffUpgradeData},[],
2501962,,53,1,48,-1,{53:0|1:1|48:2},1250,0|4|200,10|1500,,,-1,-1,-1,,[1],,,,,,,[2501901],,-1,0,,-1,,-1,0,-1,,[0],[0],{0:0},500,{1:BuffUpgradeData},[],
2501963,,53,1,48,-1,{53:0|1:1|48:2},1200,0|4|200,"10|2500,71|2000",,,-1,-1,-1,,[1],,,,,,,[2501901],,-1,0,,-1,,-1,0,-1,,[0],[0],{0:0},500,{1:BuffUpgradeData},[],
2501964,,53,1,-1,-1,{53:0|1:1},1700,0|4|100,,,,-1,-1,-1,,[1],,,,,,,[2501901],,-1,0,,-1,,-1,0,-1,,[0],[0],{0:0},500,{1:BuffUpgradeData},[],
2501965,,53,1,-1,-1,{53:0|1:1},1650,0|4|100,,,,-1,-1,-1,,[1],,,,,,,[2501901],,-1,0,,-1,,-1,0,-1,,[0],[0],{0:0},500,{1:BuffUpgradeData},[],
2501966,,53,1,-1,-1,{53:0|1:1},1600,0|4|100,,,,-1,-1,-1,,[1],,,,,,,[2501901],,-1,0,,-1,,-1,0,-1,,[0],[0],{0:0},500,{1:BuffUpgradeData},[],
2501967,,53,1,48,-1,{53:0|1:1|48:2},1550,0|4|100,10|1500,,,-1,-1,-1,,[1],,,,,,,[2501901],,-1,0,,-1,,-1,0,-1,,[0],[0],{0:0},500,{1:BuffUpgradeData},[],
2501968,,53,1,48,-1,{53:0|1:1|48:2},1500,0|4|100,10|1500,,,-1,-1,-1,,[1],,,,,,,[2501901],,-1,0,,-1,,-1,0,-1,,[0],[0],{0:0},500,{1:BuffUpgradeData},[],
2501969,,53,1,48,-1,{53:0|1:1|48:2},1450,0|4|100,10|1500,,,-1,-1,-1,,[1],,,,,,,[2501901],,-1,0,,-1,,-1,0,-1,,[0],[0],{0:0},500,{1:BuffUpgradeData},[],
2501970,,53,1,48,-1,{53:0|1:1|48:2},1400,0|4|100,10|1500,,,-1,-1,-1,,[1],,,,,,,[2501901],,-1,0,,-1,,-1,0,-1,,[0],[0],{0:0},500,{1:BuffUpgradeData},[],
2501971,,53,1,48,-1,{53:0|1:1|48:2},1350,0|4|100,10|1500,,,-1,-1,-1,,[1],,,,,,,[2501901],,-1,0,,-1,,-1,0,-1,,[0],[0],{0:0},500,{1:BuffUpgradeData},[],
2501972,,53,1,48,-1,{53:0|1:1|48:2},1300,0|4|100,10|1500,,,-1,-1,-1,,[1],,,,,,,[2501901],,-1,0,,-1,,-1,0,-1,,[0],[0],{0:0},500,{1:BuffUpgradeData},[],
2501973,,53,1,48,-1,{53:0|1:1|48:2},1250,0|4|100,10|1500,,,-1,-1,-1,,[1],,,,,,,[2501901],,-1,0,,-1,,-1,0,-1,,[0],[0],{0:0},500,{1:BuffUpgradeData},[],
2501974,,53,1,48,-1,{53:0|1:1|48:2},1200,0|4|100,10|1500,,,-1,-1,-1,,[1],,,,,,,[2501901],,-1,0,,-1,,-1,0,-1,,[0],[0],{0:0},500,{1:BuffUpgradeData},[],
2501975,,53,1,48,-1,{53:0|1:1|48:2},1150,0|4|100,10|1500,,,-1,-1,-1,,[1],,,,,,,[2501901],,-1,0,,-1,,-1,0,-1,,[0],[0],{0:0},500,{1:BuffUpgradeData},[],
2501976,,53,1,48,-1,{53:0|1:1|48:2},1100,0|4|100,10|1500,,,-1,-1,-1,,[1],,,,,,,[2501901],,-1,0,,-1,,-1,0,-1,,[0],[0],{0:0},500,{1:BuffUpgradeData},[],
2501977,,53,1,48,-1,{53:0|1:1|48:2},1050,0|4|100,10|1500,,,-1,-1,-1,,[1],,,,,,,[2501901],,-1,0,,-1,,-1,0,-1,,[0],[0],{0:0},500,{1:BuffUpgradeData},[],
2501978,,53,1,48,-1,{53:0|1:1|48:2},1000,0|4|100,10|1500,,,-1,-1,-1,,[1],,,,,,,[2501901],,-1,0,,-1,,-1,0,-1,,[0],[0],{0:0},500,{1:BuffUpgradeData},[],
2501979,,53,1,48,-1,{53:0|1:1|48:2},950,0|4|200,10|1500,,,-1,-1,-1,,[1],,,,,,,[2501901],,-1,0,,-1,,-1,0,-1,,[0],[0],{0:0},500,{1:BuffUpgradeData},[],
2501980,,53,1,48,-1,{53:0|1:1|48:2},900,0|4|200,10|1500,,,-1,-1,-1,,[1],,,,,,,[2501901],,-1,0,,-1,,-1,0,-1,,[0],[0],{0:0},500,{1:BuffUpgradeData},[],
2501981,,53,1,48,-1,{53:0|1:1|48:2},850,0|4|200,10|1500,,,-1,-1,-1,,[1],,,,,,,[2501901],,-1,0,,-1,,-1,0,-1,,[0],[0],{0:0},500,{1:BuffUpgradeData},[],
2501982,,53,1,48,-1,{53:0|1:1|48:2},800,0|4|200,10|1500,,,-1,-1,-1,,[1],,,,,,,[2501901],,-1,0,,-1,,-1,0,-1,,[0],[0],{0:0},500,{1:BuffUpgradeData},[],
2501983,,53,1,48,-1,{53:0|1:1|48:2},750,0|4|200,10|1500,,,-1,-1,-1,,[1],,,,,,,[2501901],,-1,0,,-1,,-1,0,-1,,[0],[0],{0:0},500,{1:BuffUpgradeData},[],
2501984,,53,1,48,-1,{53:0|1:1|48:2},700,0|4|200,"10|2500,71|2000",,,-1,-1,-1,,[1],,,,,,,[2501901],,-1,0,,-1,,-1,0,-1,,[0],[0],{0:0},500,{1:BuffUpgradeData},[],
180001,,9,-1,-1,-1,{9:0},1|0|4|5000|10000,,,,,-1,-1,-1,,,,,,,Effect/Battle/SecretKeeper_Skill0,,[1001801],,-1,0,,-1,,-1,0,-1,,[0],[0],{0:0},-1,{1:BuffUpgradeData},[],
204001,stun,3,-1,-1,-1,{3:0},,,,,,-1,-1,-1,,,,,,,Effect/Battle/CommonEffect/Fx_XuanYun_Buff,,[100001],,-1,0,,-1,,-1,0,-1,,[1|3],[1|3],{1:0|3:1},-1,{1:BuffUpgradeData},[],
204002,stun,3,-1,-1,-1,{3:0},,,,,,-1,-1,-1,,,,,,,Effect/Battle/CommonEffect/Fx_XuanYun_Buff,,[100001],,-1,0,,-1,,-1,0,-1,,[1|3],[1|3],{1:0|3:1},-1,{1:BuffUpgradeData},[],
204003,stun,3,-1,-1,-1,{3:0},,,,,,-1,-1,-1,,,,,,,Effect/Battle/CommonEffect/Fx_XuanYun_Buff,,[100001],,-1,0,,-1,,-1,0,-1,,[1|3],[1|3],{1:0|3:1},-1,{1:BuffUpgradeData},[],
205001,,48,-1,-1,-1,{48:0},18|1000,,,,,-1,1,-1,,[1],,,,,,,,,-1,0,,-1,,-1,0,-1,,[0],[0],{0:0},-1,{1:BuffUpgradeData},[],
205002,,48,-1,-1,-1,{48:0},18|2000,,,,,-1,1,-1,,[1],,,,,,,,,-1,0,,-1,,-1,0,-1,,[0],[0],{0:0},-1,{1:BuffUpgradeData},[],
205003,,48,-1,-1,-1,{48:0},18|3000,,,,,-1,1,-1,,[1],,,,,,,,,-1,0,,-1,,-1,0,-1,,[0],[0],{0:0},-1,{1:BuffUpgradeData},[],
205004,,48,-1,-1,-1,{48:0},18|2500,,,,,-1,1,-1,,[1],,,,,,,,,-1,0,,-1,,-1,0,-1,,[0],[0],{0:0},-1,{1:BuffUpgradeData},[],
205005,,48,-1,-1,-1,{48:0},18|3500,,,,,-1,1,-1,,[1],,,,,,,,,-1,0,,-1,,-1,0,-1,,[0],[0],{0:0},-1,{1:BuffUpgradeData},[],
205006,,48,-1,-1,-1,{48:0},18|3500,,,,,-1,1,-1,,[1],,,,,,,,,-1,0,,-1,,-1,0,-1,,[0],[0],{0:0},-1,{1:BuffUpgradeData},[],
208001,,5,-1,-1,-1,{5:0},30001|2|5000|5000|1|0|30001002,,,,,-1,1,-1,,[1],,,,,,,,,-1,0,,-1,,-1,0,-1,,[2],[2],{2:0},-1,{1:BuffUpgradeData},[],
208002,,5,-1,-1,-1,{5:0},30001|3|7500|10000|1|0|30001002,,,,,-1,1,-1,,[1],,,,,,,,,-1,0,,-1,,-1,0,-1,,[2],[2],{2:0},-1,{1:BuffUpgradeData},[],
208003,,5,-1,-1,-1,{5:0},30001|4|10000|15000|1|0|30001002,,,,,-1,1,-1,,[1],,,,,,,,,-1,0,,-1,,-1,0,-1,,[2],[2],{2:0},-1,{1:BuffUpgradeData},[],
211001,,47,-1,-1,-1,{47:0},"1,21101|500|3|-1|1|1,21102|500|3|-1|1|1,21103|500|3|-1|1|1",,,,,-1,1,-1,,[1],,,,,,,,,-1,0,,-1,,-1,0,-1,,[2],[2],{2:0},-1,{1:BuffUpgradeData},[],
211011,,47,-1,-1,-1,{47:0},"1,21111|500|3|-1|1|1,21112|500|3|-1|1|1,21113|500|3|-1|1|1,21114|500|3|-1|1|1,21115|500|3|-1|1|1",,,,,-1,1,-1,,[1],,,,,,,,,-1,0,,-1,,-1,0,-1,,[2],[2],{2:0},-1,{1:BuffUpgradeData},[],
211021,,47,-1,-1,-1,{47:0},"1,21121|500|3|-1|1|1,21122|500|3|-1|1|1,21123|500|3|-1|1|1,21124|500|3|-1|1|1,21125|500|3|-1|1|1,21126|500|3|-1|1|1,21127|500|3|-1|1|1",,,,,-1,1,-1,,[1],,,,,,,,,-1,0,,-1,,-1,0,-1,,[2],[2],{2:0},-1,{1:BuffUpgradeData},[],
213001,,5,-1,-1,-1,{5:0},30002|1|5000|10000|1|0|30002002,,,,,-1,1,-1,,[1],,,,,,,,,-1,0,,-1,,-1,0,-1,,[2],[2],{2:0},-1,{1:BuffUpgradeData},[],
213002,,5,-1,-1,-1,{5:0},30002|2|10000|20000|1|0|30002002,,,,,-1,1,-1,,[1],,,,,,,,,-1,0,,-1,,-1,0,-1,,[2],[2],{2:0},-1,{1:BuffUpgradeData},[],
213003,,5,-1,-1,-1,{5:0},30002|3|20000|40000|1|0|30002002,,,,,-1,1,-1,,[1],,,,,,,,,-1,0,,-1,,-1,0,-1,,[2],[2],{2:0},-1,{1:BuffUpgradeData},[],
215001,,48,-1,-1,-1,{48:0},6|-2000,,,,,-1,-1,-1,,,,,,,,,[1003811],,-1,0,,-1,,-1,0,-1,,[1|202|103],[1|202|103],{1:0|202:1|103:2},-1,{1:BuffUpgradeData},[],
220001,skill2_loop,10,19,18,-1,{10:0|19:1|18:2},3|7|8|9|12|15|16|17|18|204,1|2|4|5,,,,-1,1,-1,,[1],,,,,Effect/Battle/Swordinstructor_Skill2,,[1002011],,1,0,,-1,,-1,0,-1,,[2],[2],{2:0},-1,{1:BuffUpgradeData},[],
220002,skill2_loop,10,19,18,-1,{10:0|19:1|18:2},3|7|8|9|12|15|16|17|18|204,1|2|4|5,,,,-1,1,-1,,[1],,,,,Effect/Battle/Swordinstructor_Skill2,,[1002012],,1,0,,-1,,-1,0,-1,,[2],[2],{2:0},-1,{1:BuffUpgradeData},[],
220003,skill2_loop,10,19,18,-1,{10:0|19:1|18:2},3|7|8|9|12|15|16|17|18|204,1|2|4|5,,,,-1,1,-1,,[1],,,,,Effect/Battle/Swordinstructor_Skill2,,[1002013],,1,0,,-1,,-1,0,-1,,[2],[2],{2:0},-1,{1:BuffUpgradeData},[],
220004,skill2_loop,10,19,18,-1,{10:0|19:1|18:2},3|7|8|9|12|15|16|17|18|204,1|2|4|5,,,,-1,1,-1,,[1],,,,,Effect/Battle/Swordinstructor_Skill2,,[1002014],,1,0,,-1,,-1,0,-1,,[2],[2],{2:0},-1,{1:BuffUpgradeData},[],
220005,skill2_loop,10,19,18,-1,{10:0|19:1|18:2},3|7|8|9|12|15|16|17|18|204,1|2|4|5,,,,-1,1,-1,,[1],,,,,Effect/Battle/Swordinstructor_Skill2,,[1002015],,1,0,,-1,,-1,0,-1,,[2],[2],{2:0},-1,{1:BuffUpgradeData},[],
220006,skill2_loop,10,19,18,-1,{10:0|19:1|18:2},3|7|8|9|12|15|16|17|18|204,1|2|4|5,,,,-1,1,-1,,[1],,,,,Effect/Battle/Swordinstructor_Skill2,,[1002016],,1,0,,-1,,-1,0,-1,,[2],[2],{2:0},-1,{1:BuffUpgradeData},[],
220007,skill2_loop,30,-1,-1,-1,{30:0},10000,,,,,-1,1,-1,,[1],,,,,Effect/Battle/Swordinstructor_Skill2,,[1002016],,1,0,,-1,,-1,0,-1,,[2],[2],{2:0},-1,{1:BuffUpgradeData},[],
222001,,48,-1,-1,-1,{48:0},6|-3000,,,,,-1,-1,-1,,,,,,,,,[1003811],,-1,0,,-1,,-1,0,-1,,[1|202|103],[1|202|103],{1:0|202:1|103:2},-1,{1:BuffUpgradeData},[],
223001,,48,-1,-1,-1,{48:0},6|2500,,,,,-1,-1,-1,,,,,,,,,,,-1,0,,-1,,-1,0,-1,,[0],[0],{0:0},-1,{1:BuffUpgradeData},[],
223002,,48,-1,-1,-1,{48:0},6|5000,,,,,-1,-1,-1,,,,,,,,,,,-1,0,,-1,,-1,0,-1,,[0],[0],{0:0},-1,{1:BuffUpgradeData},[],
223003,,48,-1,-1,-1,{48:0},6|7500,,,,,-1,-1,-1,,,,,,,,,,,-1,0,,-1,,-1,0,-1,,[0],[0],{0:0},-1,{1:BuffUpgradeData},[],
223004,,48,-1,-1,-1,{48:0},6|10000,,,,,-1,-1,-1,,,,,,,,,,,-1,0,,-1,,-1,0,-1,,[0],[0],{0:0},-1,{1:BuffUpgradeData},[],
223005,,48,-1,-1,-1,{48:0},6|12500,,,,,-1,-1,-1,,,,,,,,,,,-1,0,,-1,,-1,0,-1,,[0],[0],{0:0},-1,{1:BuffUpgradeData},[],
224001,,3,-1,-1,-1,{3:0},,,,,,-1,-1,-1,,,,,,,,,[100001],,-1,0,,-1,,-1,0,-1,,[1|3],[1|3],{1:0|3:1},-1,{1:BuffUpgradeData},[],
225001,,1,-1,-1,-1,{1:0},2|3|-5000,,,,,-1,-1,-1,,,,,,,Effect/Battle/CommonEffect/Fx_ZhouShang_01,,[100003],,-1,0,,5,,1,0,-1,,[1|201|301],[1|201|301],{1:0|201:1|301:2},1000,{1:BuffUpgradeData},[],
225002,,1,-1,-1,-1,{1:0},2|3|-7500,,,,,-1,-1,-1,,,,,,,Effect/Battle/CommonEffect/Fx_ZhouShang_01,,[100003],,-1,0,,5,,1,0,-1,,[1|201|301],[1|201|301],{1:0|201:1|301:2},1000,{1:BuffUpgradeData},[],
225003,,1,-1,-1,-1,{1:0},2|3|-10000,,,,,-1,-1,-1,,,,,,,Effect/Battle/CommonEffect/Fx_ZhouShang_01,,[100003],,-1,0,,5,,1,0,-1,,[1|201|301],[1|201|301],{1:0|201:1|301:2},1000,{1:BuffUpgradeData},[],
227001,,9,-1,-1,-1,{9:0},1|0|3|10000|10000,,,,,-1,1,-1,,[1],,,,,Effect/Battle/Druid_Skill1_01_Loop,,[2500301],,-1,0,,-1,,-1,0,-1,,[0],[0],{0:0},-1,{1:BuffUpgradeData},[],
228001,,48,-1,-1,-1,{48:0},15|750,,,,,-1,-1,-1,,,,,,,,,[1002811],,-1,0,,-1,,-1,0,-1,,[0],[0],{0:0},-1,{1:BuffUpgradeData},[],
228002,,48,-1,-1,-1,{48:0},15|2250,,,,,-1,-1,-1,,,,,,,,,[1002811],,-1,0,,-1,,-1,0,-1,,[0],[0],{0:0},-1,{1:BuffUpgradeData},[],
228003,,48,-1,-1,-1,{48:0},15|3750,,,,,-1,-1,-1,,,,,,,,,[1002811],,-1,0,,-1,,-1,0,-1,,[0],[0],{0:0},-1,{1:BuffUpgradeData},[],
228004,,48,-1,-1,-1,{48:0},15|3750,,,,,-1,-1,-1,,,,,,,,,[1002811],,-1,0,,-1,,-1,0,-1,,[0],[0],{0:0},-1,{1:BuffUpgradeData},[],
228005,,48,-1,-1,-1,{48:0},15|5250,,,,,-1,-1,-1,,,,,,,,,[1002811],,-1,0,,-1,,-1,0,-1,,[0],[0],{0:0},-1,{1:BuffUpgradeData},[],
228006,,48,-1,-1,-1,{48:0},15|6000,,,,,-1,-1,-1,,,,,,,,,[1002811],,-1,0,,-1,,-1,0,-1,,[0],[0],{0:0},-1,{1:BuffUpgradeData},[],
228007,,48,-1,-1,-1,{48:0},6|-5000,,,,,-1,-1,-1,,,,,,,,,[1003811],,-1,0,,-1,,-1,0,-1,,[1|202|103],[1|202|103],{1:0|202:1|103:2},-1,{1:BuffUpgradeData},[],
230001,,3,-1,-1,-1,{3:0},,,,,,-1,-1,-1,,,,,,,,,[100001],,-1,0,,-1,,-1,0,-1,,[1|3],[1|3],{1:0|3:1},-1,{1:BuffUpgradeData},[],
230002,,3,-1,-1,-1,{3:0},,,,,,-1,-1,-1,,,,,,,,,[100001],,-1,0,,-1,,-1,0,-1,,[1|3],[1|3],{1:0|3:1},-1,{1:BuffUpgradeData},[],
235001,,34,16,19,-1,{34:0|16:1|19:2},30004,2000,1|2|4|5,,,-1,-1,-1,,,,,,,,,[1003511],,-1,0,,-1,,-1,0,-1,,[0],[0],{0:0},-1,{1:BuffUpgradeData},[],
235002,,34,16,19,-1,{34:0|16:1|19:2},30004,2000,1|2|4|5,,,-1,-1,-1,,,,,,,,,[1003512],,-1,0,,-1,,-1,0,-1,,[0],[0],{0:0},-1,{1:BuffUpgradeData},[],
235003,,34,16,19,-1,{34:0|16:1|19:2},30004,2000,1|2|4|5,,,-1,-1,-1,,,,,,,,,[1003513],,-1,0,,-1,,-1,0,-1,,[0],[0],{0:0},-1,{1:BuffUpgradeData},[],
235011,,48,-1,-1,-1,{48:0},55|5000,,,,,-1,-1,-1,,,,,,,,,,,-1,0,,-1,,-1,0,-1,,[0],[0],{0:0},-1,{1:BuffUpgradeData},[],
235012,,48,-1,-1,-1,{48:0},55|10000,,,,,-1,-1,-1,,,,,,,,,,,-1,0,,-1,,-1,0,-1,,[0],[0],{0:0},-1,{1:BuffUpgradeData},[],
235013,,48,-1,-1,-1,{48:0},55|15000,,,,,-1,-1,-1,,,,,,,,,,,-1,0,,-1,,-1,0,-1,,[0],[0],{0:0},-1,{1:BuffUpgradeData},[],
236001,,5,-1,-1,-1,{5:0},30003|1|10000|20000|2|100,,,,,-1,-1,-1,,,,,,,,,,,-1,0,,-1,,-1,0,-1,,[2],[2],{2:0},-1,{1:BuffUpgradeData},[],
236002,,5,-1,-1,-1,{5:0},30003|1|10000|30000|2|100,,,,,-1,-1,-1,,,,,,,,,,,-1,0,,-1,,-1,0,-1,,[2],[2],{2:0},-1,{1:BuffUpgradeData},[],
236003,,5,-1,-1,-1,{5:0},30003|1|10000|40000|2|100,,,,,-1,-1,-1,,,,,,,,,,,-1,0,,-1,,-1,0,-1,,[2],[2],{2:0},-1,{1:BuffUpgradeData},[],
238001,,48,-1,-1,-1,{48:0},6|-2000,,,,,-1,-1,-1,,,,,,,,,[1003811],,-1,0,,-1,,-1,0,-1,,[1|202|103],[1|202|103],{1:0|202:1|103:2},-1,{1:BuffUpgradeData},[],
238002,,48,-1,-1,-1,{48:0},6|-4000,,,,,-1,-1,-1,,,,,,,,,[1003811],,-1,0,,-1,,-1,0,-1,,[1|202|103],[1|202|103],{1:0|202:1|103:2},-1,{1:BuffUpgradeData},[],
238003,,3,27,-1,-1,{3:0|27:1},,0,,,,-1,-1,-1,,,,,,,Effect/Battle/E_TLL_skill1_hit2,,[100002],,-1,0,,-1,,-1,0,-1,,[1|7],[1|7],{1:0|7:1},-1,{1:BuffUpgradeData},[],
240001,,6,-1,-1,-1,{6:0},2|1|-1500,,,,,-1,1,-1,,[1],,,,,,,,,-1,0,,-1,,-1,0,-1,,[2],[2],{2:0},-1,{1:BuffUpgradeData},[],
240002,,6,-1,-1,-1,{6:0},2|1|-3000,,,,,-1,1,-1,,[1],,,,,,,,,-1,0,,-1,,-1,0,-1,,[2],[2],{2:0},-1,{1:BuffUpgradeData},[],
240003,,6,-1,-1,-1,{6:0},2|1|-4500,,,,,-1,1,-1,,[1],,,,,,,,,-1,0,,-1,,-1,0,-1,,[2],[2],{2:0},-1,{1:BuffUpgradeData},[],
240004,,6,-1,-1,-1,{6:0},2|1|-6000,,,,,-1,1,-1,,[1],,,,,,,,,-1,0,,-1,,-1,0,-1,,[2],[2],{2:0},-1,{1:BuffUpgradeData},[],
240005,,6,-1,-1,-1,{6:0},2|1|-7500,,,,,-1,1,-1,,[1],,,,,,,,,-1,0,,-1,,-1,0,-1,,[2],[2],{2:0},-1,{1:BuffUpgradeData},[],
240021,,6,-1,-1,-1,{6:0},2|2|-1500,,,,,-1,1,-1,,[1],,,,,,,,,-1,0,,-1,,-1,0,-1,,[2],[2],{2:0},-1,{1:BuffUpgradeData},[],
240022,,6,-1,-1,-1,{6:0},2|2|-3000,,,,,-1,1,-1,,[1],,,,,,,,,-1,0,,-1,,-1,0,-1,,[2],[2],{2:0},-1,{1:BuffUpgradeData},[],
240023,,6,-1,-1,-1,{6:0},2|2|-4500,,,,,-1,1,-1,,[1],,,,,,,,,-1,0,,-1,,-1,0,-1,,[2],[2],{2:0},-1,{1:BuffUpgradeData},[],
240024,,6,-1,-1,-1,{6:0},2|2|-6000,,,,,-1,1,-1,,[1],,,,,,,,,-1,0,,-1,,-1,0,-1,,[2],[2],{2:0},-1,{1:BuffUpgradeData},[],
240025,,6,-1,-1,-1,{6:0},2|2|-7500,,,,,-1,1,-1,,[1],,,,,,,,,-1,0,,-1,,-1,0,-1,,[2],[2],{2:0},-1,{1:BuffUpgradeData},[],
240031,,48,-1,-1,-1,{48:0},103|1000,,,,,-1,1,-1,,[1],,,,,,,,,-1,0,,-1,,-1,0,-1,,[2],[2],{2:0},-1,{1:BuffUpgradeData},[],
240032,,48,-1,-1,-1,{48:0},103|2000,,,,,-1,1,-1,,[1],,,,,,,,,-1,0,,-1,,-1,0,-1,,[2],[2],{2:0},-1,{1:BuffUpgradeData},[],
240033,,48,-1,-1,-1,{48:0},103|3000,,,,,-1,1,-1,,[1],,,,,,,,,-1,0,,-1,,-1,0,-1,,[2],[2],{2:0},-1,{1:BuffUpgradeData},[],
240034,,48,-1,-1,-1,{48:0},103|4000,,,,,-1,1,-1,,[1],,,,,,,,,-1,0,,-1,,-1,0,-1,,[2],[2],{2:0},-1,{1:BuffUpgradeData},[],
240035,,48,-1,-1,-1,{48:0},103|5000,,,,,-1,1,-1,,[1],,,,,,,,,-1,0,,-1,,-1,0,-1,,[2],[2],{2:0},-1,{1:BuffUpgradeData},[],
4010001,,-1,-1,-1,-1,{},,,,,,-1,-1,-1,,[1],,,,,,,[1003811],,-1,0,,-1,,-1,0,-1,,[2|40100],[2|40100],{2:0|40100:1},-1,{1:BuffUpgradeData},[],
4010301,,48,-1,-1,-1,{48:0},104|500,,,,,-1,-1,-1,,[1],,,,,,,,,-1,0,,-1,,-1,0,-1,,[0],[0],{0:0},-1,{1:BuffUpgradeData},[],
4010302,,48,-1,-1,-1,{48:0},104|1000,,,,,-1,-1,-1,,[1],,,,,,,,,-1,0,,-1,,-1,0,-1,,[0],[0],{0:0},-1,{1:BuffUpgradeData},[],
4010401,,48,-1,-1,-1,{48:0},103|500,,,,,-1,-1,-1,,[1],,,,,,,,,-1,0,,-1,,-1,0,-1,,[0],[0],{0:0},-1,{1:BuffUpgradeData},[],
4010402,,48,-1,-1,-1,{48:0},103|1000,,,,,-1,-1,-1,,[1],,,,,,,,,-1,0,,-1,,-1,0,-1,,[0],[0],{0:0},-1,{1:BuffUpgradeData},[],
4010501,,48,-1,-1,-1,{48:0},19|1600,,,,,-1,-1,-1,,,,,,,,,[6034501],,-1,0,,-1,,-1,0,-1,,[0|30],[0|30],{0:0|30:1},-1,{1:BuffUpgradeData},[],
4010502,,48,-1,-1,-1,{48:0},19|2400,,,,,-1,-1,-1,,,,,,,,,[6034501],,-1,0,,-1,,-1,0,-1,,[0|30],[0|30],{0:0|30:1},-1,{1:BuffUpgradeData},[],
4010503,,48,-1,-1,-1,{48:0},104|1000,,,,,-1,-1,-1,,[1],,,,,,,,,-1,0,,-1,,-1,0,-1,,[0],[0],{0:0},-1,{1:BuffUpgradeData},[],
4010504,,48,-1,-1,-1,{48:0},104|1500,,,,,-1,-1,-1,,[1],,,,,,,,,-1,0,,-1,,-1,0,-1,,[0],[0],{0:0},-1,{1:BuffUpgradeData},[],
4010601,,48,-1,-1,-1,{48:0},19|1000,,,,,-1,-1,-1,,,,,,,,,,,-1,0,,-1,,-1,0,-1,,[0|30],[0|30],{0:0|30:1},-1,{1:BuffUpgradeData},[],
4010602,,48,-1,-1,-1,{48:0},19|1500,,,,,-1,-1,-1,,,,,,,,,,,-1,0,,-1,,-1,0,-1,,[0|30],[0|30],{0:0|30:1},-1,{1:BuffUpgradeData},[],
4010603,,48,-1,-1,-1,{48:0},104|1000,,,,,-1,-1,-1,,[1],,,,,,,,,-1,0,,-1,,-1,0,-1,,[0],[0],{0:0},-1,{1:BuffUpgradeData},[],
4010604,,48,-1,-1,-1,{48:0},104|1500,,,,,-1,-1,-1,,[1],,,,,,,,,-1,0,,-1,,-1,0,-1,,[0],[0],{0:0},-1,{1:BuffUpgradeData},[],
4010701,,48,-1,-1,-1,{48:0},103|1000,,,,,-1,-1,-1,,[1],,,,,,,,,-1,0,,-1,,-1,0,-1,,[0],[0],{0:0},-1,{1:BuffUpgradeData},[],
4010702,,48,-1,-1,-1,{48:0},103|1500,,,,,-1,-1,-1,,[1],,,,,,,,,-1,0,,-1,,-1,0,-1,,[0],[0],{0:0},-1,{1:BuffUpgradeData},[],
4010801,,48,-1,-1,-1,{48:0},103|500,,,,,-1,-1,-1,,,,,,,,,[100007],,-1,0,,-1,,-1,0,-1,,[0],[0],{0:0},-1,{1:BuffUpgradeData},[],
4010802,,48,-1,-1,-1,{48:0},103|750,,,,,-1,-1,-1,,,,,,,,,[100007],,-1,0,,-1,,-1,0,-1,,[0],[0],{0:0},-1,{1:BuffUpgradeData},[],
4010803,,48,-1,-1,-1,{48:0},104|1000,,,,,-1,-1,-1,,[1],,,,,,,,,-1,0,,-1,,-1,0,-1,,[0],[0],{0:0},-1,{1:BuffUpgradeData},[],
4010804,,48,-1,-1,-1,{48:0},104|1500,,,,,-1,-1,-1,,[1],,,,,,,,,-1,0,,-1,,-1,0,-1,,[0],[0],{0:0},-1,{1:BuffUpgradeData},[],
4010901,,15,-1,-1,-1,{15:0},2|40100|1|8|0|750|750,,,,,-1,-1,-1,,[1],,,,,,,,,-1,0,,-1,,-1,0,-1,,[0],[0],{0:0},-1,{1:BuffUpgradeData},[],
4010902,,15,-1,-1,-1,{15:0},2|40100|1|8|0|1500|1500,,,,,-1,-1,-1,,[1],,,,,,,,,-1,0,,-1,,-1,0,-1,,[0],[0],{0:0},-1,{1:BuffUpgradeData},[],
4010903,,48,-1,-1,-1,{48:0},103|1500,,,,,-1,-1,-1,,[1],,,,,,,,,-1,0,,-1,,-1,0,-1,,[0],[0],{0:0},-1,{1:BuffUpgradeData},[],
4010904,,48,-1,-1,-1,{48:0},103|2250,,,,,-1,-1,-1,,[1],,,,,,,,,-1,0,,-1,,-1,0,-1,,[0],[0],{0:0},-1,{1:BuffUpgradeData},[],
4011001,,9,-1,-1,-1,{9:0},1|1|3|14000|4000,,,,,-1,-1,-1,,,,,,,,,[6034501],,-1,0,,-1,,-1,0,-1,,[0|4],[0|4],{0:0|4:1},-1,{1:BuffUpgradeData},[],
4011002,,9,-1,-1,-1,{9:0},1|1|3|21000|4000,,,,,-1,-1,-1,,,,,,,,,[6034501],,-1,0,,-1,,-1,0,-1,,[0|4],[0|4],{0:0|4:1},-1,{1:BuffUpgradeData},[],
4011003,,48,-1,-1,-1,{48:0},104|1500,,,,,-1,-1,-1,,[1],,,,,,,,,-1,0,,-1,,-1,0,-1,,[0],[0],{0:0},-1,{1:BuffUpgradeData},[],
4011004,,48,-1,-1,-1,{48:0},104|2250,,,,,-1,-1,-1,,[1],,,,,,,,,-1,0,,-1,,-1,0,-1,,[0],[0],{0:0},-1,{1:BuffUpgradeData},[],
4011101,,3,27,-1,-1,{3:0|27:1},,0,,,,-1,-1,-1,,,,,,,,,[100002],,-1,0,,-1,,-1,0,-1,,[1|7],[1|7],{1:0|7:1},-1,{1:BuffUpgradeData},[],
4011102,,30,-1,-1,-1,{30:0},-500,,,,,-1,-1,-1,,,,,,,,,,,-1,0,,-1,,-1,0,-1,,[1|301],[1|301],{1:0|301:1},-1,{1:BuffUpgradeData},[],
4011103,,15,-1,-1,-1,{15:0},2|40100|1|18|0|500|500,,,,,-1,-1,-1,,[1],,,,,,,,,-1,0,,-1,,-1,0,-1,,[0],[0],{0:0},-1,{1:BuffUpgradeData},[],
4011104,,15,-1,-1,-1,{15:0},2|40100|1|18|0|1000|1000,,,,,-1,-1,-1,,[1],,,,,,,,,-1,0,,-1,,-1,0,-1,,[0],[0],{0:0},-1,{1:BuffUpgradeData},[],
4011105,,48,-1,-1,-1,{48:0},"103|750,104|750",,,,,-1,-1,-1,,[1],,,,,,,,,-1,0,,-1,,-1,0,-1,,[0],[0],{0:0},-1,{1:BuffUpgradeData},[],
4011106,,48,-1,-1,-1,{48:0},"103|1125,104|1125",,,,,-1,-1,-1,,[1],,,,,,,,,-1,0,,-1,,-1,0,-1,,[0],[0],{0:0},-1,{1:BuffUpgradeData},[],
4020001,,1,-1,-1,-1,{1:0},1|3|-500,,,,,-1,-1,-1,,[1],,,,,,,[100003],,-1,0,,5,,0,0,-1,,[1|201],[1|201],{1:0|201:1},1000,{1:BuffUpgradeData},[],
4020301,,48,-1,-1,-1,{48:0},104|500,,,,,-1,-1,-1,,[1],,,,,,,,,-1,0,,-1,,-1,0,-1,,[0],[0],{0:0},-1,{1:BuffUpgradeData},[],
4020302,,48,-1,-1,-1,{48:0},104|1000,,,,,-1,-1,-1,,[1],,,,,,,,,-1,0,,-1,,-1,0,-1,,[0],[0],{0:0},-1,{1:BuffUpgradeData},[],
4020401,,48,-1,-1,-1,{48:0},103|500,,,,,-1,-1,-1,,[1],,,,,,,,,-1,0,,-1,,-1,0,-1,,[0],[0],{0:0},-1,{1:BuffUpgradeData},[],
4020402,,48,-1,-1,-1,{48:0},103|1000,,,,,-1,-1,-1,,[1],,,,,,,,,-1,0,,-1,,-1,0,-1,,[0],[0],{0:0},-1,{1:BuffUpgradeData},[],
4020501,,48,-1,-1,-1,{48:0},19|1600,,,,,-1,-1,-1,,,,,,,,,[1002521],,-1,0,,-1,,-1,0,-1,,[0|30],[0|30],{0:0|30:1},-1,{1:BuffUpgradeData},[],
4020502,,48,-1,-1,-1,{48:0},19|2400,,,,,-1,-1,-1,,,,,,,,,[1002521],,-1,0,,-1,,-1,0,-1,,[0|30],[0|30],{0:0|30:1},-1,{1:BuffUpgradeData},[],
4020503,,48,-1,-1,-1,{48:0},104|1000,,,,,-1,-1,-1,,[1],,,,,,,,,-1,0,,-1,,-1,0,-1,,[0],[0],{0:0},-1,{1:BuffUpgradeData},[],
4020504,,48,-1,-1,-1,{48:0},104|1500,,,,,-1,-1,-1,,[1],,,,,,,,,-1,0,,-1,,-1,0,-1,,[0],[0],{0:0},-1,{1:BuffUpgradeData},[],
4020601,,48,-1,-1,-1,{48:0},103|1000,,,,,-1,-1,-1,,[1],,,,,,,,,-1,0,,-1,,-1,0,-1,,[0],[0],{0:0},-1,{1:BuffUpgradeData},[],
4020602,,48,-1,-1,-1,{48:0},103|1500,,,,,-1,-1,-1,,[1],,,,,,,,,-1,0,,-1,,-1,0,-1,,[0],[0],{0:0},-1,{1:BuffUpgradeData},[],
4020701,,48,-1,-1,-1,{48:0},103|1000,,,,,-1,-1,-1,,[1],,,,,,,,,-1,0,,-1,,-1,0,-1,,[0],[0],{0:0},-1,{1:BuffUpgradeData},[],
4020702,,48,-1,-1,-1,{48:0},103|1500,,,,,-1,-1,-1,,[1],,,,,,,,,-1,0,,-1,,-1,0,-1,,[0],[0],{0:0},-1,{1:BuffUpgradeData},[],
4020801,,48,-1,-1,-1,{48:0},6|3500,,,,,-1,-1,-1,,,,,,,,,,,-1,0,,-1,,-1,0,-1,,[0],[0],{0:0},-1,{1:BuffUpgradeData},[],
4020802,,48,-1,-1,-1,{48:0},6|5250,,,,,-1,-1,-1,,,,,,,,,,,-1,0,,-1,,-1,0,-1,,[0],[0],{0:0},-1,{1:BuffUpgradeData},[],
4020803,,48,-1,-1,-1,{48:0},103|1000,,,,,-1,-1,-1,,[1],,,,,,,,,-1,0,,-1,,-1,0,-1,,[0],[0],{0:0},-1,{1:BuffUpgradeData},[],
4020804,,48,-1,-1,-1,{48:0},103|1500,,,,,-1,-1,-1,,[1],,,,,,,,,-1,0,,-1,,-1,0,-1,,[0],[0],{0:0},-1,{1:BuffUpgradeData},[],
4020901,,48,-1,-1,-1,{48:0},19|2000,,,,,-1,-1,-1,,,,,,,,,,,-1,0,,-1,,-1,0,-1,,[0],[0],{0:0},-1,{1:BuffUpgradeData},[],
4020902,,48,-1,-1,-1,{48:0},19|3000,,,,,-1,-1,-1,,,,,,,,,,,-1,0,,-1,,-1,0,-1,,[0],[0],{0:0},-1,{1:BuffUpgradeData},[],
4020903,,15,-1,-1,-1,{15:0},2|201|1|19|0|750|750|1,,,,,-1,-1,-1,,[1],,,,,,,,,-1,0,,-1,,-1,0,-1,,[0],[0],{0:0},-1,{1:BuffUpgradeData},[],
4020904,,15,-1,-1,-1,{15:0},2|201|1|19|0|1500|1500|1,,,,,-1,-1,-1,,[1],,,,,,,,,-1,0,,-1,,-1,0,-1,,[0],[0],{0:0},-1,{1:BuffUpgradeData},[],
4020905,,48,-1,-1,-1,{48:0},104|1500,,,,,-1,-1,-1,,[1],,,,,,,,,-1,0,,-1,,-1,0,-1,,[0],[0],{0:0},-1,{1:BuffUpgradeData},[],
4020906,,48,-1,-1,-1,{48:0},104|2250,,,,,-1,-1,-1,,[1],,,,,,,,,-1,0,,-1,,-1,0,-1,,[0],[0],{0:0},-1,{1:BuffUpgradeData},[],
4021001,,48,-1,-1,-1,{48:0},15|1000,,,,,-1,-1,-1,,,,,,,,,[1002811],,-1,0,,-1,,-1,0,-1,,[0],[0],{0:0},-1,{1:BuffUpgradeData},[],
4021002,,48,-1,-1,-1,{48:0},15|1500,,,,,-1,-1,-1,,,,,,,,,[1002811],,-1,0,,-1,,-1,0,-1,,[0],[0],{0:0},-1,{1:BuffUpgradeData},[],
4021003,,48,-1,-1,-1,{48:0},103|750,,,,,-1,-1,-1,,,,,,,,,[100007],,-1,0,,-1,,-1,0,-1,,[0],[0],{0:0},-1,{1:BuffUpgradeData},[],
4021004,,48,-1,-1,-1,{48:0},103|1500,,,,,-1,-1,-1,,,,,,,,,[100007],,-1,0,,-1,,-1,0,-1,,[0],[0],{0:0},-1,{1:BuffUpgradeData},[],
4021005,,48,-1,-1,-1,{48:0},"103|750,104|750",,,,,-1,-1,-1,,[1],,,,,,,,,-1,0,,-1,,-1,0,-1,,[0],[0],{0:0},-1,{1:BuffUpgradeData},[],
4021006,,48,-1,-1,-1,{48:0},"103|1125,104|1125",,,,,-1,-1,-1,,[1],,,,,,,,,-1,0,,-1,,-1,0,-1,,[0],[0],{0:0},-1,{1:BuffUpgradeData},[],
4021101,,15,-1,-1,-1,{15:0},2|201|1|18|0|1500|1500,,,,,-1,-1,-1,,[1],,,,,,,,,-1,0,,-1,,-1,0,-1,,[0],[0],{0:0},-1,{1:BuffUpgradeData},[],
4021102,,15,-1,-1,-1,{15:0},2|201|1|18|0|3000|3000,,,,,-1,-1,-1,,[1],,,,,,,,,-1,0,,-1,,-1,0,-1,,[0],[0],{0:0},-1,{1:BuffUpgradeData},[],
4021103,,48,-1,-1,-1,{48:0},103|1500,,,,,-1,-1,-1,,[1],,,,,,,,,-1,0,,-1,,-1,0,-1,,[0],[0],{0:0},-1,{1:BuffUpgradeData},[],
4021104,,48,-1,-1,-1,{48:0},103|2250,,,,,-1,-1,-1,,[1],,,,,,,,,-1,0,,-1,,-1,0,-1,,[0],[0],{0:0},-1,{1:BuffUpgradeData},[],
4030301,,48,-1,-1,-1,{48:0},103|500,,,,,-1,-1,-1,,[1],,,,,,,,,-1,0,,-1,,-1,0,-1,,[0],[0],{0:0},-1,{1:BuffUpgradeData},[],
4030302,,48,-1,-1,-1,{48:0},103|1000,,,,,-1,-1,-1,,[1],,,,,,,,,-1,0,,-1,,-1,0,-1,,[0],[0],{0:0},-1,{1:BuffUpgradeData},[],
4030401,,48,-1,-1,-1,{48:0},103|500,,,,,-1,-1,-1,,[1],,,,,,,,,-1,0,,-1,,-1,0,-1,,[0],[0],{0:0},-1,{1:BuffUpgradeData},[],
4030402,,48,-1,-1,-1,{48:0},103|1000,,,,,-1,-1,-1,,[1],,,,,,,,,-1,0,,-1,,-1,0,-1,,[0],[0],{0:0},-1,{1:BuffUpgradeData},[],
4030501,,48,-1,-1,-1,{48:0},19|1000,,,,,-1,-1,-1,,,,,,,,,,,-1,0,,-1,,-1,0,-1,,[0|30],[0|30],{0:0|30:1},-1,{1:BuffUpgradeData},[],
4030502,,48,-1,-1,-1,{48:0},19|1500,,,,,-1,-1,-1,,,,,,,,,,,-1,0,,-1,,-1,0,-1,,[0|30],[0|30],{0:0|30:1},-1,{1:BuffUpgradeData},[],
4030503,,48,-1,-1,-1,{48:0},104|1000,,,,,-1,-1,-1,,[1],,,,,,,,,-1,0,,-1,,-1,0,-1,,[0],[0],{0:0},-1,{1:BuffUpgradeData},[],
4030504,,48,-1,-1,-1,{48:0},104|1500,,,,,-1,-1,-1,,[1],,,,,,,,,-1,0,,-1,,-1,0,-1,,[0],[0],{0:0},-1,{1:BuffUpgradeData},[],
4030601,,48,-1,-1,-1,{48:0},103|1000,,,,,-1,-1,-1,,[1],,,,,,,,,-1,0,,-1,,-1,0,-1,,[0],[0],{0:0},-1,{1:BuffUpgradeData},[],
4030602,,48,-1,-1,-1,{48:0},103|1500,,,,,-1,-1,-1,,[1],,,,,,,,,-1,0,,-1,,-1,0,-1,,[0],[0],{0:0},-1,{1:BuffUpgradeData},[],
4030701,,48,-1,-1,-1,{48:0},103|1000,,,,,-1,-1,-1,,[1],,,,,,,,,-1,0,,-1,,-1,0,-1,,[0],[0],{0:0},-1,{1:BuffUpgradeData},[],
4030702,,48,-1,-1,-1,{48:0},103|1500,,,,,-1,-1,-1,,[1],,,,,,,,,-1,0,,-1,,-1,0,-1,,[0],[0],{0:0},-1,{1:BuffUpgradeData},[],
4030801,,48,-1,-1,-1,{48:0},"103|1000,6|1000",,,,,-1,-1,-1,,,,,,,,,,,-1,0,,-1,,-1,0,-1,,[0],[0],{0:0},-1,{1:BuffUpgradeData},[],
4030802,,48,-1,-1,-1,{48:0},"103|2000,6|2000",,,,,-1,-1,-1,,,,,,,,,,,-1,0,,-1,,-1,0,-1,,[0],[0],{0:0},-1,{1:BuffUpgradeData},[],
4030803,,48,-1,-1,-1,{48:0},103|1000,,,,,-1,-1,-1,,[1],,,,,,,,,-1,0,,-1,,-1,0,-1,,[0],[0],{0:0},-1,{1:BuffUpgradeData},[],
4030804,,48,-1,-1,-1,{48:0},103|1500,,,,,-1,-1,-1,,[1],,,,,,,,,-1,0,,-1,,-1,0,-1,,[0],[0],{0:0},-1,{1:BuffUpgradeData},[],
4030901,,48,-1,-1,-1,{48:0},103|375,,,,,-1,-1,-1,,[1],,,,,,,,,-1,0,,-1,,-1,0,-1,,[0],[0],{0:0},-1,{1:BuffUpgradeData},[],
4030902,,48,-1,-1,-1,{48:0},103|750,,,,,-1,-1,-1,,[1],,,,,,,,,-1,0,,-1,,-1,0,-1,,[0],[0],{0:0},-1,{1:BuffUpgradeData},[],
4030903,,48,-1,-1,-1,{48:0},103|1500,,,,,-1,-1,-1,,[1],,,,,,,,,-1,0,,-1,,-1,0,-1,,[0],[0],{0:0},-1,{1:BuffUpgradeData},[],
4030904,,48,-1,-1,-1,{48:0},103|2250,,,,,-1,-1,-1,,[1],,,,,,,,,-1,0,,-1,,-1,0,-1,,[0],[0],{0:0},-1,{1:BuffUpgradeData},[],
4031001,,48,-1,-1,-1,{48:0},"103|750,104|750",,,,,-1,-1,-1,,[1],,,,,,,,,-1,0,,-1,,-1,0,-1,,[0],[0],{0:0},-1,{1:BuffUpgradeData},[],
4031002,,48,-1,-1,-1,{48:0},"103|1125,104|1125",,,,,-1,-1,-1,,[1],,,,,,,,,-1,0,,-1,,-1,0,-1,,[0],[0],{0:0},-1,{1:BuffUpgradeData},[],
4031101,stun,3,-1,-1,-1,{3:0},,,,,,-1,-1,-1,,,,,,,,,[100001],,-1,0,,-1,,-1,0,-1,,[1|3],[1|3],{1:0|3:1},-1,{1:BuffUpgradeData},[],
4031102,stun,3,-1,-1,-1,{3:0},,,,,,-1,-1,-1,,,,,,,,,[100001],,-1,0,,-1,,-1,0,-1,,[1|3],[1|3],{1:0|3:1},-1,{1:BuffUpgradeData},[],
4031103,,48,-1,-1,-1,{48:0},19|3000,,,,,-1,-1,-1,,,,,,,,,,,-1,0,,-1,,-1,0,-1,,[0|30],[0|30],{0:0|30:1},-1,{1:BuffUpgradeData},[],
4031104,,48,-1,-1,-1,{48:0},19|6000,,,,,-1,-1,-1,,,,,,,,,,,-1,0,,-1,,-1,0,-1,,[0|30],[0|30],{0:0|30:1},-1,{1:BuffUpgradeData},[],
4031105,,8,-1,-1,-1,{8:0},,,,,,-1,-1,-1,,,,,,,,,,,-1,0,,-1,,-1,0,-1,,[1|14],[1|14],{1:0|14:1},-1,{1:BuffUpgradeData},[],
4031106,,8,-1,-1,-1,{8:0},,,,,,-1,-1,-1,,,,,,,,,,,-1,0,,-1,,-1,0,-1,,[1|14],[1|14],{1:0|14:1},-1,{1:BuffUpgradeData},[],
4031107,,48,-1,-1,-1,{48:0},19|500,,,,,-1,-1,-1,,[1],,,,,,,,,-1,0,,-1,,-1,0,-1,,[0],[0],{0:0},-1,{1:BuffUpgradeData},[],
4031108,,48,-1,-1,-1,{48:0},19|1000,,,,,-1,-1,-1,,[1],,,,,,,,,-1,0,,-1,,-1,0,-1,,[0],[0],{0:0},-1,{1:BuffUpgradeData},[],
4031109,,48,-1,-1,-1,{48:0},104|1500,,,,,-1,-1,-1,,[1],,,,,,,,,-1,0,,-1,,-1,0,-1,,[0],[0],{0:0},-1,{1:BuffUpgradeData},[],
4031110,,48,-1,-1,-1,{48:0},104|2250,,,,,-1,-1,-1,,[1],,,,,,,,,-1,0,,-1,,-1,0,-1,,[0],[0],{0:0},-1,{1:BuffUpgradeData},[],
4040001,,1,-1,-1,-1,{1:0},1|3|-500,,,,,-1,-1,-1,,[1],,,,,,,[100004],,-1,0,,5,,0,0,-1,,[1|203],[1|203],{1:0|203:1},1000,{1:BuffUpgradeData},[],
4040301,,48,-1,-1,-1,{48:0},103|500,,,,,-1,-1,-1,,[1],,,,,,,,,-1,0,,-1,,-1,0,-1,,[0],[0],{0:0},-1,{1:BuffUpgradeData},[],
4040302,,48,-1,-1,-1,{48:0},103|1000,,,,,-1,-1,-1,,[1],,,,,,,,,-1,0,,-1,,-1,0,-1,,[0],[0],{0:0},-1,{1:BuffUpgradeData},[],
4040401,,48,-1,-1,-1,{48:0},103|500,,,,,-1,-1,-1,,[1],,,,,,,,,-1,0,,-1,,-1,0,-1,,[0],[0],{0:0},-1,{1:BuffUpgradeData},[],
4040402,,48,-1,-1,-1,{48:0},103|1000,,,,,-1,-1,-1,,[1],,,,,,,,,-1,0,,-1,,-1,0,-1,,[0],[0],{0:0},-1,{1:BuffUpgradeData},[],
4040501,,1,-1,-1,-1,{1:0},1|3|16000,,,,,-1,-1,-1,,[1],,,,,,,,,-1,0,,-1,,-1,0,-1,,[2],[2],{2:0},1000,{1:BuffUpgradeData},[],
4040502,,1,-1,-1,-1,{1:0},1|3|24000,,,,,-1,-1,-1,,[1],,,,,,,,,-1,0,,-1,,-1,0,-1,,[2],[2],{2:0},1000,{1:BuffUpgradeData},[],
4040503,,48,-1,-1,-1,{48:0},104|1000,,,,,-1,-1,-1,,[1],,,,,,,,,-1,0,,-1,,-1,0,-1,,[0],[0],{0:0},-1,{1:BuffUpgradeData},[],
4040504,,48,-1,-1,-1,{48:0},104|1500,,,,,-1,-1,-1,,[1],,,,,,,,,-1,0,,-1,,-1,0,-1,,[0],[0],{0:0},-1,{1:BuffUpgradeData},[],
4040601,,48,-1,-1,-1,{48:0},103|-500,,,,,-1,-1,-1,,[1],,,,,,,,,-1,0,,-1,,-1,0,-1,,[1|301],[1|301],{1:0|301:1},-1,{1:BuffUpgradeData},[],
4040602,,48,-1,-1,-1,{48:0},103|-1000,,,,,-1,-1,-1,,[1],,,,,,,,,-1,0,,-1,,-1,0,-1,,[1|301],[1|301],{1:0|301:1},-1,{1:BuffUpgradeData},[],
4040603,,48,-1,-1,-1,{48:0},103|1000,,,,,-1,-1,-1,,[1],,,,,,,,,-1,0,,-1,,-1,0,-1,,[0],[0],{0:0},-1,{1:BuffUpgradeData},[],
4040604,,48,-1,-1,-1,{48:0},103|1500,,,,,-1,-1,-1,,[1],,,,,,,,,-1,0,,-1,,-1,0,-1,,[0],[0],{0:0},-1,{1:BuffUpgradeData},[],
4040701,,48,-1,-1,-1,{48:0},103|1000,,,,,-1,-1,-1,,[1],,,,,,,,,-1,0,,-1,,-1,0,-1,,[0],[0],{0:0},-1,{1:BuffUpgradeData},[],
4040702,,48,-1,-1,-1,{48:0},103|1500,,,,,-1,-1,-1,,[1],,,,,,,,,-1,0,,-1,,-1,0,-1,,[0],[0],{0:0},-1,{1:BuffUpgradeData},[],
4040801,,48,-1,-1,-1,{48:0},103|1600,,,,,-1,-1,-1,,,,,,,,,,,-1,0,,-1,,-1,0,-1,,[0],[0],{0:0},-1,{1:BuffUpgradeData},[],
4040802,,48,-1,-1,-1,{48:0},103|2400,,,,,-1,-1,-1,,,,,,,,,,,-1,0,,-1,,-1,0,-1,,[0],[0],{0:0},-1,{1:BuffUpgradeData},[],
4040803,,48,-1,-1,-1,{48:0},104|1000,,,,,-1,-1,-1,,[1],,,,,,,,,-1,0,,-1,,-1,0,-1,,[0],[0],{0:0},-1,{1:BuffUpgradeData},[],
4040804,,48,-1,-1,-1,{48:0},104|1500,,,,,-1,-1,-1,,[1],,,,,,,,,-1,0,,-1,,-1,0,-1,,[0],[0],{0:0},-1,{1:BuffUpgradeData},[],
4040901,,9,-1,-1,-1,{9:0},1|1|3|24000|4000,,,,,-1,-1,-1,,,,,,,,,[6034501],,-1,0,,-1,,-1,0,-1,,[0|4],[0|4],{0:0|4:1},-1,{1:BuffUpgradeData},[],
4040902,,9,-1,-1,-1,{9:0},1|1|3|36000|4000,,,,,-1,-1,-1,,,,,,,,,[6034501],,-1,0,,-1,,-1,0,-1,,[0|4],[0|4],{0:0|4:1},-1,{1:BuffUpgradeData},[],
4040903,,48,-1,-1,-1,{48:0},104|1500,,,,,-1,-1,-1,,[1],,,,,,,,,-1,0,,-1,,-1,0,-1,,[0],[0],{0:0},-1,{1:BuffUpgradeData},[],
4040904,,48,-1,-1,-1,{48:0},104|2250,,,,,-1,-1,-1,,[1],,,,,,,,,-1,0,,-1,,-1,0,-1,,[0],[0],{0:0},-1,{1:BuffUpgradeData},[],
4041001,fly,3,-1,-1,-1,{3:0},,,,,,-1,-1,-1,,,,,,,,,[100001],,-1,0,,-1,,-1,0,-1,,[1|9],[1|9],{1:0|9:1},-1,{1:BuffUpgradeData},[],
4041002,fly,3,-1,-1,-1,{3:0},,,,,,-1,-1,-1,,,,,,,,,[100001],,-1,0,,-1,,-1,0,-1,,[1|9],[1|9],{1:0|9:1},-1,{1:BuffUpgradeData},[],
4041003,,48,-1,-1,-1,{48:0},103|1500,,,,,-1,-1,-1,,[1],,,,,,,,,-1,0,,-1,,-1,0,-1,,[0],[0],{0:0},-1,{1:BuffUpgradeData},[],
4041004,,48,-1,-1,-1,{48:0},103|2250,,,,,-1,-1,-1,,[1],,,,,,,,,-1,0,,-1,,-1,0,-1,,[0],[0],{0:0},-1,{1:BuffUpgradeData},[],
4041101,,9,-1,-1,-1,{9:0},1|1|3|16000|4000,,,,,-1,-1,-1,,,,,,,,,[6034501],,-1,0,,-1,,-1,0,-1,,[0|4],[0|4],{0:0|4:1},-1,{1:BuffUpgradeData},[],
4041102,,9,-1,-1,-1,{9:0},1|1|3|24000|4000,,,,,-1,-1,-1,,,,,,,,,[6034501],,-1,0,,-1,,-1,0,-1,,[0|4],[0|4],{0:0|4:1},-1,{1:BuffUpgradeData},[],
4041103,,48,-1,-1,-1,{48:0},103|-1000,,,,,-1,-1,-1,,,,,,,,,,,-1,0,,-1,,-1,0,-1,,[1|301],[1|301],{1:0|301:1},-1,{1:BuffUpgradeData},[],
4041104,,48,-1,-1,-1,{48:0},103|-2000,,,,,-1,-1,-1,,,,,,,,,,,-1,0,,-1,,-1,0,-1,,[1|301],[1|301],{1:0|301:1},-1,{1:BuffUpgradeData},[],
4041105,,48,-1,-1,-1,{48:0},"103|750,104|750",,,,,-1,-1,-1,,[1],,,,,,,,,-1,0,,-1,,-1,0,-1,,[0],[0],{0:0},-1,{1:BuffUpgradeData},[],
4041106,,48,-1,-1,-1,{48:0},"103|1125,104|1125",,,,,-1,-1,-1,,[1],,,,,,,,,-1,0,,-1,,-1,0,-1,,[0],[0],{0:0},-1,{1:BuffUpgradeData},[],
4050001,,1,-1,-1,-1,{1:0},1|3|-500,,,,,-1,-1,-1,,[1],,,,,,,[1002301],,-1,0,,5,,0,0,-1,,[1|207],[1|207],{1:0|207:1},1000,{1:BuffUpgradeData},[],
4050301,,48,-1,-1,-1,{48:0},104|500,,,,,-1,-1,-1,,[1],,,,,,,,,-1,0,,-1,,-1,0,-1,,[0],[0],{0:0},-1,{1:BuffUpgradeData},[],
4050302,,48,-1,-1,-1,{48:0},104|1000,,,,,-1,-1,-1,,[1],,,,,,,,,-1,0,,-1,,-1,0,-1,,[0],[0],{0:0},-1,{1:BuffUpgradeData},[],
4050401,,48,-1,-1,-1,{48:0},103|500,,,,,-1,-1,-1,,[1],,,,,,,,,-1,0,,-1,,-1,0,-1,,[0],[0],{0:0},-1,{1:BuffUpgradeData},[],
4050402,,48,-1,-1,-1,{48:0},103|1000,,,,,-1,-1,-1,,[1],,,,,,,,,-1,0,,-1,,-1,0,-1,,[0],[0],{0:0},-1,{1:BuffUpgradeData},[],
4050501,,48,-1,-1,-1,{48:0},19|1600,,,,,-1,-1,-1,,,,,,,,,,,-1,0,,-1,,-1,0,-1,,[0|30],[0|30],{0:0|30:1},-1,{1:BuffUpgradeData},[],
4050502,,48,-1,-1,-1,{48:0},19|2400,,,,,-1,-1,-1,,,,,,,,,,,-1,0,,-1,,-1,0,-1,,[0|30],[0|30],{0:0|30:1},-1,{1:BuffUpgradeData},[],
4050503,,48,-1,-1,-1,{48:0},104|1000,,,,,-1,-1,-1,,[1],,,,,,,,,-1,0,,-1,,-1,0,-1,,[0],[0],{0:0},-1,{1:BuffUpgradeData},[],
4050504,,48,-1,-1,-1,{48:0},104|1500,,,,,-1,-1,-1,,[1],,,,,,,,,-1,0,,-1,,-1,0,-1,,[0],[0],{0:0},-1,{1:BuffUpgradeData},[],
4050601,,48,-1,-1,-1,{48:0},103|1000,,,,,-1,-1,-1,,[1],,,,,,,,,-1,0,,-1,,-1,0,-1,,[0],[0],{0:0},-1,{1:BuffUpgradeData},[],
4050602,,48,-1,-1,-1,{48:0},103|1500,,,,,-1,-1,-1,,[1],,,,,,,,,-1,0,,-1,,-1,0,-1,,[0],[0],{0:0},-1,{1:BuffUpgradeData},[],
4050701,,48,-1,-1,-1,{48:0},103|1000,,,,,-1,-1,-1,,[1],,,,,,,,,-1,0,,-1,,-1,0,-1,,[0],[0],{0:0},-1,{1:BuffUpgradeData},[],
4050702,,48,-1,-1,-1,{48:0},103|1500,,,,,-1,-1,-1,,[1],,,,,,,,,-1,0,,-1,,-1,0,-1,,[0],[0],{0:0},-1,{1:BuffUpgradeData},[],
4050801,,48,-1,-1,-1,{48:0},103|1000,,,,,-1,-1,-1,,[1],,,,,,,,,-1,0,,-1,,-1,0,-1,,[0],[0],{0:0},-1,{1:BuffUpgradeData},[],
4050802,,48,-1,-1,-1,{48:0},103|1500,,,,,-1,-1,-1,,[1],,,,,,,,,-1,0,,-1,,-1,0,-1,,[0],[0],{0:0},-1,{1:BuffUpgradeData},[],
4050901,,48,-1,-1,-1,{48:0},19|1000,,,,,-1,-1,-1,,,,,,,,,,,-1,0,,-1,,-1,0,-1,,[0|30],[0|30],{0:0|30:1},-1,{1:BuffUpgradeData},[],
4050902,,48,-1,-1,-1,{48:0},19|1500,,,,,-1,-1,-1,,,,,,,,,,,-1,0,,-1,,-1,0,-1,,[0|30],[0|30],{0:0|30:1},-1,{1:BuffUpgradeData},[],
4050903,,15,-1,-1,-1,{15:0},2|207|1|19|0|750|750|1,,,,,-1,-1,-1,,[1],,,,,,,,,-1,0,,-1,,-1,0,-1,,[0],[0],{0:0},-1,{1:BuffUpgradeData},[],
4050904,,15,-1,-1,-1,{15:0},2|207|1|19|0|1500|1500|1,,,,,-1,-1,-1,,[1],,,,,,,,,-1,0,,-1,,-1,0,-1,,[0],[0],{0:0},-1,{1:BuffUpgradeData},[],
4050905,,48,-1,-1,-1,{48:0},104|1500,,,,,-1,-1,-1,,[1],,,,,,,,,-1,0,,-1,,-1,0,-1,,[0],[0],{0:0},-1,{1:BuffUpgradeData},[],
4050906,,48,-1,-1,-1,{48:0},104|2250,,,,,-1,-1,-1,,[1],,,,,,,,,-1,0,,-1,,-1,0,-1,,[0],[0],{0:0},-1,{1:BuffUpgradeData},[],
4051001,,48,-1,-1,-1,{48:0},103|2000,,,,,-1,-1,-1,,,,,,,,,[100007],,-1,0,,-1,,-1,0,-1,,[0],[0],{0:0},-1,{1:BuffUpgradeData},[],
4051002,,48,-1,-1,-1,{48:0},103|3000,,,,,-1,-1,-1,,,,,,,,,[100007],,-1,0,,-1,,-1,0,-1,,[0],[0],{0:0},-1,{1:BuffUpgradeData},[],
4051003,,48,-1,-1,-1,{48:0},103|1000,,,,,-1,-1,-1,,[1],,,,,,,[100007],,-1,0,,-1,,-1,0,-1,,[0],[0],{0:0},-1,{1:BuffUpgradeData},[],
4051004,,48,-1,-1,-1,{48:0},103|2000,,,,,-1,-1,-1,,[1],,,,,,,[100007],,-1,0,,-1,,-1,0,-1,,[0],[0],{0:0},-1,{1:BuffUpgradeData},[],
4051005,,48,-1,-1,-1,{48:0},"103|750,104|750",,,,,-1,-1,-1,,[1],,,,,,,,,-1,0,,-1,,-1,0,-1,,[0],[0],{0:0},-1,{1:BuffUpgradeData},[],
4051006,,48,-1,-1,-1,{48:0},"103|1125,104|1125",,,,,-1,-1,-1,,[1],,,,,,,,,-1,0,,-1,,-1,0,-1,,[0],[0],{0:0},-1,{1:BuffUpgradeData},[],
4051101,,15,-1,-1,-1,{15:0},2|207|1|18|0|1500|1500|1,,,,,-1,-1,-1,,[1],,,,,,,,,-1,0,,-1,,-1,0,-1,,[0],[0],{0:0},-1,{1:BuffUpgradeData},[],
4051102,,15,-1,-1,-1,{15:0},2|207|1|18|0|3000|3000|1,,,,,-1,-1,-1,,[1],,,,,,,,,-1,0,,-1,,-1,0,-1,,[0],[0],{0:0},-1,{1:BuffUpgradeData},[],
4051103,,48,-1,-1,-1,{48:0},103|1500,,,,,-1,-1,-1,,[1],,,,,,,,,-1,0,,-1,,-1,0,-1,,[0],[0],{0:0},-1,{1:BuffUpgradeData},[],
4051104,,48,-1,-1,-1,{48:0},103|2250,,,,,-1,-1,-1,,[1],,,,,,,,,-1,0,,-1,,-1,0,-1,,[0],[0],{0:0},-1,{1:BuffUpgradeData},[],
