id,attribute,attrs,cost,costNoBack,fightforce,lv_up_cost_no_back,model_id,pre_building_level,preBuildLv,star,star_up_cost,star_up_costs,starPowers
22101,[65|15],[[65|15]],[[2|206|25]],[],[60],,221,[117|0],[117|0],1,[2|206|25],[[2|206|25]],[60]
22102,[65|30],[[65|30]],[[2|206|30]],[],[120],,221,[117|0],[117|0],2,[2|206|30],[[2|206|30]],[120]
22103,[65|45],[[65|45]],[[2|206|30]],[],[180],,221,[117|0],[117|0],3,[2|206|30],[[2|206|30]],[180]
22104,[65|60],[[65|60]],[[2|206|35]],[],[240],,221,[117|0],[117|0],4,[2|206|35],[[2|206|35]],[240]
22105,[65|75],[[65|75]],[[2|206|35]],[],[300],,221,[117|0],[117|0],5,[2|206|35],[[2|206|35]],[300]
22106,[65|90],[[65|90]],[[2|206|40]],[],[360],,221,[117|0],[117|0],6,[2|206|40],[[2|206|40]],[360]
22107,[65|105],[[65|105]],[[2|206|40]],[],[420],,221,[117|0],[117|0],7,[2|206|40],[[2|206|40]],[420]
22108,[65|120],[[65|120]],[[2|206|45]],[],[480],,221,[117|0],[117|0],8,[2|206|45],[[2|206|45]],[480]
22109,[65|135],[[65|135]],[[2|206|70]],[],[540],,221,[117|0],[117|0],9,[2|206|70],[[2|206|70]],[540]
22110,[65|190],[[65|190]],[[2|206|90]],[],[760],,221,[117|0],[117|0],10,[2|206|90],[[2|206|90]],[760]
22201,[66|120],[[66|120]],[[2|206|25]],[],[54],,222,[117|0],[117|0],1,[2|206|25],[[2|206|25]],[54]
22202,[66|240],[[66|240]],[[2|206|30]],[],[107],,222,[117|0],[117|0],2,[2|206|30],[[2|206|30]],[107]
22203,[66|360],[[66|360]],[[2|206|30]],[],[160],,222,[117|0],[117|0],3,[2|206|30],[[2|206|30]],[160]
22204,[66|480],[[66|480]],[[2|206|35]],[],[214],,222,[117|0],[117|0],4,[2|206|35],[[2|206|35]],[214]
22205,[66|600],[[66|600]],[[2|206|35]],[],[267],,222,[117|0],[117|0],5,[2|206|35],[[2|206|35]],[267]
22206,[66|720],[[66|720]],[[2|206|40]],[],[320],,222,[117|0],[117|0],6,[2|206|40],[[2|206|40]],[320]
22207,[66|840],[[66|840]],[[2|206|40]],[],[374],,222,[117|0],[117|0],7,[2|206|40],[[2|206|40]],[374]
22208,[66|960],[[66|960]],[[2|206|45]],[],[427],,222,[117|0],[117|0],8,[2|206|45],[[2|206|45]],[427]
22209,[66|1080],[[66|1080]],[[2|206|70]],[],[480],,222,[117|0],[117|0],9,[2|206|70],[[2|206|70]],[480]
22210,[66|1555],[[66|1555]],[[2|206|90]],[],[692],,222,[117|0],[117|0],10,[2|206|90],[[2|206|90]],[692]
22301,[65|15],[[65|15]],[[2|206|25]],[],[60],,223,[117|0],[117|0],1,[2|206|25],[[2|206|25]],[60]
22302,[65|30],[[65|30]],[[2|206|30]],[],[120],,223,[117|0],[117|0],2,[2|206|30],[[2|206|30]],[120]
22303,[65|45],[[65|45]],[[2|206|30]],[],[180],,223,[117|0],[117|0],3,[2|206|30],[[2|206|30]],[180]
22304,[65|60],[[65|60]],[[2|206|35]],[],[240],,223,[117|0],[117|0],4,[2|206|35],[[2|206|35]],[240]
22305,[65|75],[[65|75]],[[2|206|35]],[],[300],,223,[117|0],[117|0],5,[2|206|35],[[2|206|35]],[300]
22306,[65|90],[[65|90]],[[2|206|40]],[],[360],,223,[117|0],[117|0],6,[2|206|40],[[2|206|40]],[360]
22307,[65|105],[[65|105]],[[2|206|40]],[],[420],,223,[117|0],[117|0],7,[2|206|40],[[2|206|40]],[420]
22308,[65|120],[[65|120]],[[2|206|45]],[],[480],,223,[117|0],[117|0],8,[2|206|45],[[2|206|45]],[480]
22309,[65|135],[[65|135]],[[2|206|70]],[],[540],,223,[117|0],[117|0],9,[2|206|70],[[2|206|70]],[540]
22310,[65|190],[[65|190]],[[2|206|90]],[],[760],,223,[117|0],[117|0],10,[2|206|90],[[2|206|90]],[760]
22401,[66|120],[[66|120]],[[2|206|25]],[],[54],,224,[117|0],[117|0],1,[2|206|25],[[2|206|25]],[54]
22402,[66|240],[[66|240]],[[2|206|30]],[],[107],,224,[117|0],[117|0],2,[2|206|30],[[2|206|30]],[107]
22403,[66|360],[[66|360]],[[2|206|30]],[],[160],,224,[117|0],[117|0],3,[2|206|30],[[2|206|30]],[160]
22404,[66|480],[[66|480]],[[2|206|35]],[],[214],,224,[117|0],[117|0],4,[2|206|35],[[2|206|35]],[214]
22405,[66|600],[[66|600]],[[2|206|35]],[],[267],,224,[117|0],[117|0],5,[2|206|35],[[2|206|35]],[267]
22406,[66|720],[[66|720]],[[2|206|40]],[],[320],,224,[117|0],[117|0],6,[2|206|40],[[2|206|40]],[320]
22407,[66|840],[[66|840]],[[2|206|40]],[],[374],,224,[117|0],[117|0],7,[2|206|40],[[2|206|40]],[374]
22408,[66|960],[[66|960]],[[2|206|45]],[],[427],,224,[117|0],[117|0],8,[2|206|45],[[2|206|45]],[427]
22409,[66|1080],[[66|1080]],[[2|206|70]],[],[480],,224,[117|0],[117|0],9,[2|206|70],[[2|206|70]],[480]
22410,[66|1555],[[66|1555]],[[2|206|90]],[],[692],,224,[117|0],[117|0],10,[2|206|90],[[2|206|90]],[692]
32101,[65|30],[[65|30]],[[2|206|45]],[],[120],,321,[117|0],[117|0],1,[2|206|45],[[2|206|45]],[120]
32102,[65|60],[[65|60]],[[2|206|55]],[],[240],,321,[117|0],[117|0],2,[2|206|55],[[2|206|55]],[240]
32103,[65|90],[[65|90]],[[2|206|60]],[],[360],,321,[117|0],[117|0],3,[2|206|60],[[2|206|60]],[360]
32104,[65|120],[[65|120]],[[2|206|65]],[],[480],,321,[117|0],[117|0],4,[2|206|65],[[2|206|65]],[480]
32105,[65|150],[[65|150]],[[2|206|70]],[],[600],,321,[117|0],[117|0],5,[2|206|70],[[2|206|70]],[600]
32106,[65|180],[[65|180]],[[2|206|75]],[],[720],,321,[117|0],[117|0],6,[2|206|75],[[2|206|75]],[720]
32107,[65|210],[[65|210]],[[2|206|80]],[],[840],,321,[117|0],[117|0],7,[2|206|80],[[2|206|80]],[840]
32108,[65|240],[[65|240]],[[2|206|90]],[],[960],,321,[117|0],[117|0],8,[2|206|90],[[2|206|90]],[960]
32109,[65|270],[[65|270]],[[2|206|135]],[],[1080],,321,[117|0],[117|0],9,[2|206|135],[[2|206|135]],[1080]
32110,[65|380],[[65|380]],[[2|206|180]],[],[1520],,321,[117|0],[117|0],10,[2|206|180],[[2|206|180]],[1520]
32111,[65|420],[[65|420]],[[2|206|135]],[],[1680],,321,[117|10],[117|10],11,[2|206|135],[[2|206|135]],[1680]
32112,[65|460],[[65|460]],[[2|206|135]],[],[1840],,321,[117|10],[117|10],12,[2|206|135],[[2|206|135]],[1840]
32113,[65|500],[[65|500]],[[2|206|155]],[],[2000],,321,[117|10],[117|10],13,[2|206|155],[[2|206|155]],[2000]
32114,[65|540],[[65|540]],[[2|206|155]],[],[2160],,321,[117|10],[117|10],14,[2|206|155],[[2|206|155]],[2160]
32115,[65|580],[[65|580]],[[2|206|180]],[],[2320],,321,[117|10],[117|10],15,[2|206|180],[[2|206|180]],[2320]
32116,[65|620],[[65|620]],[[2|206|180]],[],[2480],,321,[117|10],[117|10],16,[2|206|180],[[2|206|180]],[2480]
32117,[65|660],[[65|660]],[[2|206|220]],[],[2640],,321,[117|10],[117|10],17,[2|206|220],[[2|206|220]],[2640]
32118,[65|700],[[65|700]],[[2|206|220]],[],[2800],,321,[117|10],[117|10],18,[2|206|220],[[2|206|220]],[2800]
32119,[65|740],[[65|740]],[[2|206|265]],[],[2960],,321,[117|10],[117|10],19,[2|206|265],[[2|206|265]],[2960]
32120,[65|900],[[65|900]],[[2|206|355]],[],[3600],,321,[117|10],[117|10],20,[2|206|355],[[2|206|355]],[3600]
32201,[66|240],[[66|240]],[[2|206|45]],[],[107],,322,[117|0],[117|0],1,[2|206|45],[[2|206|45]],[107]
32202,[66|480],[[66|480]],[[2|206|55]],[],[214],,322,[117|0],[117|0],2,[2|206|55],[[2|206|55]],[214]
32203,[66|720],[[66|720]],[[2|206|60]],[],[320],,322,[117|0],[117|0],3,[2|206|60],[[2|206|60]],[320]
32204,[66|960],[[66|960]],[[2|206|65]],[],[427],,322,[117|0],[117|0],4,[2|206|65],[[2|206|65]],[427]
32205,[66|1200],[[66|1200]],[[2|206|70]],[],[534],,322,[117|0],[117|0],5,[2|206|70],[[2|206|70]],[534]
32206,[66|1440],[[66|1440]],[[2|206|75]],[],[640],,322,[117|0],[117|0],6,[2|206|75],[[2|206|75]],[640]
32207,[66|1680],[[66|1680]],[[2|206|80]],[],[747],,322,[117|0],[117|0],7,[2|206|80],[[2|206|80]],[747]
32208,[66|1920],[[66|1920]],[[2|206|90]],[],[854],,322,[117|0],[117|0],8,[2|206|90],[[2|206|90]],[854]
32209,[66|2160],[[66|2160]],[[2|206|135]],[],[960],,322,[117|0],[117|0],9,[2|206|135],[[2|206|135]],[960]
32210,[66|3105],[[66|3105]],[[2|206|180]],[],[1380],,322,[117|0],[117|0],10,[2|206|180],[[2|206|180]],[1380]
32211,[66|3460],[[66|3460]],[[2|206|135]],[],[1538],,322,[117|10],[117|10],11,[2|206|135],[[2|206|135]],[1538]
32212,[66|3815],[[66|3815]],[[2|206|135]],[],[1696],,322,[117|10],[117|10],12,[2|206|135],[[2|206|135]],[1696]
32213,[66|4170],[[66|4170]],[[2|206|155]],[],[1854],,322,[117|10],[117|10],13,[2|206|155],[[2|206|155]],[1854]
32214,[66|4525],[[66|4525]],[[2|206|155]],[],[2012],,322,[117|10],[117|10],14,[2|206|155],[[2|206|155]],[2012]
32215,[66|4880],[[66|4880]],[[2|206|180]],[],[2169],,322,[117|10],[117|10],15,[2|206|180],[[2|206|180]],[2169]
32216,[66|5235],[[66|5235]],[[2|206|180]],[],[2327],,322,[117|10],[117|10],16,[2|206|180],[[2|206|180]],[2327]
32217,[66|5590],[[66|5590]],[[2|206|220]],[],[2485],,322,[117|10],[117|10],17,[2|206|220],[[2|206|220]],[2485]
32218,[66|5945],[[66|5945]],[[2|206|220]],[],[2643],,322,[117|10],[117|10],18,[2|206|220],[[2|206|220]],[2643]
32219,[66|6300],[[66|6300]],[[2|206|265]],[],[2800],,322,[117|10],[117|10],19,[2|206|265],[[2|206|265]],[2800]
32220,[66|7715],[[66|7715]],[[2|206|355]],[],[3429],,322,[117|10],[117|10],20,[2|206|355],[[2|206|355]],[3429]
32301,[65|30],[[65|30]],[[2|206|45]],[],[120],,323,[117|0],[117|0],1,[2|206|45],[[2|206|45]],[120]
32302,[65|60],[[65|60]],[[2|206|55]],[],[240],,323,[117|0],[117|0],2,[2|206|55],[[2|206|55]],[240]
32303,[65|90],[[65|90]],[[2|206|60]],[],[360],,323,[117|0],[117|0],3,[2|206|60],[[2|206|60]],[360]
32304,[65|120],[[65|120]],[[2|206|65]],[],[480],,323,[117|0],[117|0],4,[2|206|65],[[2|206|65]],[480]
32305,[65|150],[[65|150]],[[2|206|70]],[],[600],,323,[117|0],[117|0],5,[2|206|70],[[2|206|70]],[600]
32306,[65|180],[[65|180]],[[2|206|75]],[],[720],,323,[117|0],[117|0],6,[2|206|75],[[2|206|75]],[720]
32307,[65|210],[[65|210]],[[2|206|80]],[],[840],,323,[117|0],[117|0],7,[2|206|80],[[2|206|80]],[840]
32308,[65|240],[[65|240]],[[2|206|90]],[],[960],,323,[117|0],[117|0],8,[2|206|90],[[2|206|90]],[960]
32309,[65|270],[[65|270]],[[2|206|135]],[],[1080],,323,[117|0],[117|0],9,[2|206|135],[[2|206|135]],[1080]
32310,[65|380],[[65|380]],[[2|206|180]],[],[1520],,323,[117|0],[117|0],10,[2|206|180],[[2|206|180]],[1520]
32311,[65|420],[[65|420]],[[2|206|135]],[],[1680],,323,[117|10],[117|10],11,[2|206|135],[[2|206|135]],[1680]
32312,[65|460],[[65|460]],[[2|206|135]],[],[1840],,323,[117|10],[117|10],12,[2|206|135],[[2|206|135]],[1840]
32313,[65|500],[[65|500]],[[2|206|155]],[],[2000],,323,[117|10],[117|10],13,[2|206|155],[[2|206|155]],[2000]
32314,[65|540],[[65|540]],[[2|206|155]],[],[2160],,323,[117|10],[117|10],14,[2|206|155],[[2|206|155]],[2160]
32315,[65|580],[[65|580]],[[2|206|180]],[],[2320],,323,[117|10],[117|10],15,[2|206|180],[[2|206|180]],[2320]
32316,[65|620],[[65|620]],[[2|206|180]],[],[2480],,323,[117|10],[117|10],16,[2|206|180],[[2|206|180]],[2480]
32317,[65|660],[[65|660]],[[2|206|220]],[],[2640],,323,[117|10],[117|10],17,[2|206|220],[[2|206|220]],[2640]
32318,[65|700],[[65|700]],[[2|206|220]],[],[2800],,323,[117|10],[117|10],18,[2|206|220],[[2|206|220]],[2800]
32319,[65|740],[[65|740]],[[2|206|265]],[],[2960],,323,[117|10],[117|10],19,[2|206|265],[[2|206|265]],[2960]
32320,[65|900],[[65|900]],[[2|206|355]],[],[3600],,323,[117|10],[117|10],20,[2|206|355],[[2|206|355]],[3600]
32401,[66|240],[[66|240]],[[2|206|45]],[],[107],,324,[117|0],[117|0],1,[2|206|45],[[2|206|45]],[107]
32402,[66|480],[[66|480]],[[2|206|55]],[],[214],,324,[117|0],[117|0],2,[2|206|55],[[2|206|55]],[214]
32403,[66|720],[[66|720]],[[2|206|60]],[],[320],,324,[117|0],[117|0],3,[2|206|60],[[2|206|60]],[320]
32404,[66|960],[[66|960]],[[2|206|65]],[],[427],,324,[117|0],[117|0],4,[2|206|65],[[2|206|65]],[427]
32405,[66|1200],[[66|1200]],[[2|206|70]],[],[534],,324,[117|0],[117|0],5,[2|206|70],[[2|206|70]],[534]
32406,[66|1440],[[66|1440]],[[2|206|75]],[],[640],,324,[117|0],[117|0],6,[2|206|75],[[2|206|75]],[640]
32407,[66|1680],[[66|1680]],[[2|206|80]],[],[747],,324,[117|0],[117|0],7,[2|206|80],[[2|206|80]],[747]
32408,[66|1920],[[66|1920]],[[2|206|90]],[],[854],,324,[117|0],[117|0],8,[2|206|90],[[2|206|90]],[854]
32409,[66|2160],[[66|2160]],[[2|206|135]],[],[960],,324,[117|0],[117|0],9,[2|206|135],[[2|206|135]],[960]
32410,[66|3105],[[66|3105]],[[2|206|180]],[],[1380],,324,[117|0],[117|0],10,[2|206|180],[[2|206|180]],[1380]
32411,[66|3460],[[66|3460]],[[2|206|135]],[],[1538],,324,[117|10],[117|10],11,[2|206|135],[[2|206|135]],[1538]
32412,[66|3815],[[66|3815]],[[2|206|135]],[],[1696],,324,[117|10],[117|10],12,[2|206|135],[[2|206|135]],[1696]
32413,[66|4170],[[66|4170]],[[2|206|155]],[],[1854],,324,[117|10],[117|10],13,[2|206|155],[[2|206|155]],[1854]
32414,[66|4525],[[66|4525]],[[2|206|155]],[],[2012],,324,[117|10],[117|10],14,[2|206|155],[[2|206|155]],[2012]
32415,[66|4880],[[66|4880]],[[2|206|180]],[],[2169],,324,[117|10],[117|10],15,[2|206|180],[[2|206|180]],[2169]
32416,[66|5235],[[66|5235]],[[2|206|180]],[],[2327],,324,[117|10],[117|10],16,[2|206|180],[[2|206|180]],[2327]
32417,[66|5590],[[66|5590]],[[2|206|220]],[],[2485],,324,[117|10],[117|10],17,[2|206|220],[[2|206|220]],[2485]
32418,[66|5945],[[66|5945]],[[2|206|220]],[],[2643],,324,[117|10],[117|10],18,[2|206|220],[[2|206|220]],[2643]
32419,[66|6300],[[66|6300]],[[2|206|265]],[],[2800],,324,[117|10],[117|10],19,[2|206|265],[[2|206|265]],[2800]
32420,[66|7715],[[66|7715]],[[2|206|355]],[],[3429],,324,[117|10],[117|10],20,[2|206|355],[[2|206|355]],[3429]
41101,[65|55],[[65|55]],[[2|206|90]],[],[220],,411,[117|0],[117|0],1,[2|206|90],[[2|206|90]],[220]
41102,[65|110],[[65|110]],[[2|206|110]],[],[440],,411,[117|0],[117|0],2,[2|206|110],[[2|206|110]],[440]
41103,[65|165],[[65|165]],[[2|206|115]],[],[660],,411,[117|0],[117|0],3,[2|206|115],[[2|206|115]],[660]
41104,[65|220],[[65|220]],[[2|206|125]],[],[880],,411,[117|0],[117|0],4,[2|206|125],[[2|206|125]],[880]
41105,[65|275],[[65|275]],[[2|206|135]],[],[1100],,411,[117|0],[117|0],5,[2|206|135],[[2|206|135]],[1100]
41106,[65|330],[[65|330]],[[2|206|145]],[],[1320],,411,[117|0],[117|0],6,[2|206|145],[[2|206|145]],[1320]
41107,[65|385],[[65|385]],[[2|206|160]],[],[1540],,411,[117|0],[117|0],7,[2|206|160],[[2|206|160]],[1540]
41108,[65|440],[[65|440]],[[2|206|180]],[],[1760],,411,[117|0],[117|0],8,[2|206|180],[[2|206|180]],[1760]
41109,[65|495],[[65|495]],[[2|206|265]],[],[1980],,411,[117|0],[117|0],9,[2|206|265],[[2|206|265]],[1980]
41110,[65|710],[[65|710]],[[2|206|355]],[],[2840],,411,[117|0],[117|0],10,[2|206|355],[[2|206|355]],[2840]
41111,[65|790],[[65|790]],[[2|206|265]],[],[3160],,411,[117|10],[117|10],11,[2|206|265],[[2|206|265]],[3160]
41112,[65|870],[[65|870]],[[2|206|265]],[],[3480],,411,[117|10],[117|10],12,[2|206|265],[[2|206|265]],[3480]
41113,[65|950],[[65|950]],[[2|206|310]],[],[3800],,411,[117|10],[117|10],13,[2|206|310],[[2|206|310]],[3800]
41114,[65|1030],[[65|1030]],[[2|206|310]],[],[4120],,411,[117|10],[117|10],14,[2|206|310],[[2|206|310]],[4120]
41115,[65|1110],[[65|1110]],[[2|206|355]],[],[4440],,411,[117|10],[117|10],15,[2|206|355],[[2|206|355]],[4440]
41116,[65|1190],[[65|1190]],[[2|206|355]],[],[4760],,411,[117|10],[117|10],16,[2|206|355],[[2|206|355]],[4760]
41117,[65|1270],[[65|1270]],[[2|206|440]],[],[5080],,411,[117|10],[117|10],17,[2|206|440],[[2|206|440]],[5080]
41118,[65|1350],[[65|1350]],[[2|206|440]],[],[5400],,411,[117|10],[117|10],18,[2|206|440],[[2|206|440]],[5400]
41119,[65|1430],[[65|1430]],[[2|206|530]],[],[5720],,411,[117|10],[117|10],19,[2|206|530],[[2|206|530]],[5720]
41120,[65|1750],[[65|1750]],[[2|206|705]],[],[7000],,411,[117|10],[117|10],20,[2|206|705],[[2|206|705]],[7000]
41121,[65|1910],[[65|1910]],[[2|206|530]],[],[7640],,411,[117|20],[117|20],21,[2|206|530],[[2|206|530]],[7640]
41122,[65|2070],[[65|2070]],[[2|206|575]],[],[8280],,411,[117|20],[117|20],22,[2|206|575],[[2|206|575]],[8280]
41123,[65|2230],[[65|2230]],[[2|206|620]],[],[8920],,411,[117|20],[117|20],23,[2|206|620],[[2|206|620]],[8920]
41124,[65|2390],[[65|2390]],[[2|206|425]],[],[9560],,411,[117|20],[117|20],24,[2|206|425],[[2|206|425]],[9560]
41125,[65|2550],[[65|2550]],[[2|206|705]],[],[10200],,411,[117|20],[117|20],25,[2|206|705],[[2|206|705]],[10200]
41126,[65|2710],[[65|2710]],[[2|206|795]],[],[10840],,411,[117|20],[117|20],26,[2|206|795],[[2|206|795]],[10840]
41127,[65|2870],[[65|2870]],[[2|206|795]],[],[11480],,411,[117|20],[117|20],27,[2|206|795],[[2|206|795]],[11480]
41128,[65|3030],[[65|3030]],[[2|206|880]],[],[12120],,411,[117|20],[117|20],28,[2|206|880],[[2|206|880]],[12120]
41129,[65|3190],[[65|3190]],[[2|206|880]],[],[12760],,411,[117|20],[117|20],29,[2|206|880],[[2|206|880]],[12760]
41130,[65|3825],[[65|3825]],[[2|206|1320]],[],[15300],,411,[117|20],[117|20],30,[2|206|1320],[[2|206|1320]],[15300]
41131,[65|4090],[[65|4090]],[[2|206|880]],[],[16360],,411,[117|30],[117|30],31,[2|206|880],[[2|206|880]],[16360]
41132,[65|4355],[[65|4355]],[[2|206|970]],[],[17420],,411,[117|30],[117|30],32,[2|206|970],[[2|206|970]],[17420]
41133,[65|4620],[[65|4620]],[[2|206|1060]],[],[18480],,411,[117|30],[117|30],33,[2|206|1060],[[2|206|1060]],[18480]
41134,[65|4885],[[65|4885]],[[2|206|1320]],[],[19540],,411,[117|30],[117|30],34,[2|206|1320],[[2|206|1320]],[19540]
41135,[65|5150],[[65|5150]],[[2|206|1320]],[],[20600],,411,[117|30],[117|30],35,[2|206|1320],[[2|206|1320]],[20600]
41136,[65|5415],[[65|5415]],[[2|206|1320]],[],[21660],,411,[117|30],[117|30],36,[2|206|1320],[[2|206|1320]],[21660]
41137,[65|5680],[[65|5680]],[[2|206|1760]],[],[22720],,411,[117|30],[117|30],37,[2|206|1760],[[2|206|1760]],[22720]
41138,[65|5945],[[65|5945]],[[2|206|1760]],[],[23780],,411,[117|30],[117|30],38,[2|206|1760],[[2|206|1760]],[23780]
41139,[65|6210],[[65|6210]],[[2|206|1760]],[],[24840],,411,[117|30],[117|30],39,[2|206|1760],[[2|206|1760]],[24840]
41140,[65|7265],[[65|7265]],[[2|206|1760]],[],[29060],,411,[117|30],[117|30],40,[2|206|1760],[[2|206|1760]],[29060]
41201,[66|380|65|15],[[66|380]|[65|15]],[[2|206|90]],[],[229],,412,[117|0],[117|0],1,[2|206|90],[[2|206|90]],[229]
41202,[66|760|65|30],[[66|760]|[65|30]],[[2|206|110]],[],[458],,412,[117|0],[117|0],2,[2|206|110],[[2|206|110]],[458]
41203,[66|1140|65|45],[[66|1140]|[65|45]],[[2|206|115]],[],[687],,412,[117|0],[117|0],3,[2|206|115],[[2|206|115]],[687]
41204,[66|1520|65|60],[[66|1520]|[65|60]],[[2|206|125]],[],[916],,412,[117|0],[117|0],4,[2|206|125],[[2|206|125]],[916]
41205,[66|1900|65|75],[[66|1900]|[65|75]],[[2|206|135]],[],[1145],,412,[117|0],[117|0],5,[2|206|135],[[2|206|135]],[1145]
41206,[66|2280|65|90],[[66|2280]|[65|90]],[[2|206|145]],[],[1374],,412,[117|0],[117|0],6,[2|206|145],[[2|206|145]],[1374]
41207,[66|2660|65|105],[[66|2660]|[65|105]],[[2|206|160]],[],[1603],,412,[117|0],[117|0],7,[2|206|160],[[2|206|160]],[1603]
41208,[66|3040|65|120],[[66|3040]|[65|120]],[[2|206|180]],[],[1832],,412,[117|0],[117|0],8,[2|206|180],[[2|206|180]],[1832]
41209,[66|3420|65|135],[[66|3420]|[65|135]],[[2|206|265]],[],[2060],,412,[117|0],[117|0],9,[2|206|265],[[2|206|265]],[2060]
41210,[66|4930|65|180],[[66|4930]|[65|180]],[[2|206|355]],[],[2912],,412,[117|0],[117|0],10,[2|206|355],[[2|206|355]],[2912]
41211,[66|5500|65|200],[[66|5500]|[65|200]],[[2|206|265]],[],[3245],,412,[117|10],[117|10],11,[2|206|265],[[2|206|265]],[3245]
41212,[66|6070|65|220],[[66|6070]|[65|220]],[[2|206|265]],[],[3578],,412,[117|10],[117|10],12,[2|206|265],[[2|206|265]],[3578]
41213,[66|6640|65|240],[[66|6640]|[65|240]],[[2|206|310]],[],[3912],,412,[117|10],[117|10],13,[2|206|310],[[2|206|310]],[3912]
41214,[66|7210|65|260],[[66|7210]|[65|260]],[[2|206|310]],[],[4245],,412,[117|10],[117|10],14,[2|206|310],[[2|206|310]],[4245]
41215,[66|7780|65|280],[[66|7780]|[65|280]],[[2|206|355]],[],[4578],,412,[117|10],[117|10],15,[2|206|355],[[2|206|355]],[4578]
41216,[66|8350|65|300],[[66|8350]|[65|300]],[[2|206|355]],[],[4912],,412,[117|10],[117|10],16,[2|206|355],[[2|206|355]],[4912]
41217,[66|8920|65|320],[[66|8920]|[65|320]],[[2|206|440]],[],[5245],,412,[117|10],[117|10],17,[2|206|440],[[2|206|440]],[5245]
41218,[66|9490|65|340],[[66|9490]|[65|340]],[[2|206|440]],[],[5578],,412,[117|10],[117|10],18,[2|206|440],[[2|206|440]],[5578]
41219,[66|10060|65|360],[[66|10060]|[65|360]],[[2|206|530]],[],[5912],,412,[117|10],[117|10],19,[2|206|530],[[2|206|530]],[5912]
41220,[66|12325|65|425],[[66|12325]|[65|425]],[[2|206|705]],[],[7178],,412,[117|10],[117|10],20,[2|206|705],[[2|206|705]],[7178]
41221,[66|13460|65|460],[[66|13460]|[65|460]],[[2|206|530]],[],[7823],,412,[117|20],[117|20],21,[2|206|530],[[2|206|530]],[7823]
41222,[66|14595|65|495],[[66|14595]|[65|495]],[[2|206|575]],[],[8467],,412,[117|20],[117|20],22,[2|206|575],[[2|206|575]],[8467]
41223,[66|15730|65|530],[[66|15730]|[65|530]],[[2|206|620]],[],[9112],,412,[117|20],[117|20],23,[2|206|620],[[2|206|620]],[9112]
41224,[66|16865|65|565],[[66|16865]|[65|565]],[[2|206|425]],[],[9756],,412,[117|20],[117|20],24,[2|206|425],[[2|206|425]],[9756]
41225,[66|18000|65|600],[[66|18000]|[65|600]],[[2|206|705]],[],[10400],,412,[117|20],[117|20],25,[2|206|705],[[2|206|705]],[10400]
41226,[66|19135|65|635],[[66|19135]|[65|635]],[[2|206|795]],[],[11045],,412,[117|20],[117|20],26,[2|206|795],[[2|206|795]],[11045]
41227,[66|20270|65|670],[[66|20270]|[65|670]],[[2|206|795]],[],[11689],,412,[117|20],[117|20],27,[2|206|795],[[2|206|795]],[11689]
41228,[66|21405|65|705],[[66|21405]|[65|705]],[[2|206|880]],[],[12334],,412,[117|20],[117|20],28,[2|206|880],[[2|206|880]],[12334]
41229,[66|22540|65|740],[[66|22540]|[65|740]],[[2|206|880]],[],[12978],,412,[117|20],[117|20],29,[2|206|880],[[2|206|880]],[12978]
41230,[66|27065|65|870],[[66|27065]|[65|870]],[[2|206|1320]],[],[15509],,412,[117|20],[117|20],30,[2|206|1320],[[2|206|1320]],[15509]
41231,[66|28950|65|925],[[66|28950]|[65|925]],[[2|206|880]],[],[16567],,412,[117|30],[117|30],31,[2|206|880],[[2|206|880]],[16567]
41232,[66|30835|65|980],[[66|30835]|[65|980]],[[2|206|970]],[],[17625],,412,[117|30],[117|30],32,[2|206|970],[[2|206|970]],[17625]
41233,[66|32720|65|1035],[[66|32720]|[65|1035]],[[2|206|1060]],[],[18683],,412,[117|30],[117|30],33,[2|206|1060],[[2|206|1060]],[18683]
41234,[66|34605|65|1090],[[66|34605]|[65|1090]],[[2|206|1320]],[],[19740],,412,[117|30],[117|30],34,[2|206|1320],[[2|206|1320]],[19740]
41235,[66|36490|65|1145],[[66|36490]|[65|1145]],[[2|206|1320]],[],[20798],,412,[117|30],[117|30],35,[2|206|1320],[[2|206|1320]],[20798]
41236,[66|38375|65|1200],[[66|38375]|[65|1200]],[[2|206|1320]],[],[21856],,412,[117|30],[117|30],36,[2|206|1320],[[2|206|1320]],[21856]
41237,[66|40260|65|1255],[[66|40260]|[65|1255]],[[2|206|1760]],[],[22914],,412,[117|30],[117|30],37,[2|206|1760],[[2|206|1760]],[22914]
41238,[66|42145|65|1310],[[66|42145]|[65|1310]],[[2|206|1760]],[],[23972],,412,[117|30],[117|30],38,[2|206|1760],[[2|206|1760]],[23972]
41239,[66|44030|65|1365],[[66|44030]|[65|1365]],[[2|206|1760]],[],[25029],,412,[117|30],[117|30],39,[2|206|1760],[[2|206|1760]],[25029]
41240,[66|51570|65|1580],[[66|51570]|[65|1580]],[[2|206|1760]],[],[29240],,412,[117|30],[117|30],40,[2|206|1760],[[2|206|1760]],[29240]
41301,[65|55],[[65|55]],[[2|206|90]],[],[220],,413,[117|0],[117|0],1,[2|206|90],[[2|206|90]],[220]
41302,[65|110],[[65|110]],[[2|206|110]],[],[440],,413,[117|0],[117|0],2,[2|206|110],[[2|206|110]],[440]
41303,[65|165],[[65|165]],[[2|206|115]],[],[660],,413,[117|0],[117|0],3,[2|206|115],[[2|206|115]],[660]
41304,[65|220],[[65|220]],[[2|206|125]],[],[880],,413,[117|0],[117|0],4,[2|206|125],[[2|206|125]],[880]
41305,[65|275],[[65|275]],[[2|206|135]],[],[1100],,413,[117|0],[117|0],5,[2|206|135],[[2|206|135]],[1100]
41306,[65|330],[[65|330]],[[2|206|145]],[],[1320],,413,[117|0],[117|0],6,[2|206|145],[[2|206|145]],[1320]
41307,[65|385],[[65|385]],[[2|206|160]],[],[1540],,413,[117|0],[117|0],7,[2|206|160],[[2|206|160]],[1540]
41308,[65|440],[[65|440]],[[2|206|180]],[],[1760],,413,[117|0],[117|0],8,[2|206|180],[[2|206|180]],[1760]
41309,[65|495],[[65|495]],[[2|206|265]],[],[1980],,413,[117|0],[117|0],9,[2|206|265],[[2|206|265]],[1980]
41310,[65|710],[[65|710]],[[2|206|355]],[],[2840],,413,[117|0],[117|0],10,[2|206|355],[[2|206|355]],[2840]
41311,[65|790],[[65|790]],[[2|206|265]],[],[3160],,413,[117|10],[117|10],11,[2|206|265],[[2|206|265]],[3160]
41312,[65|870],[[65|870]],[[2|206|265]],[],[3480],,413,[117|10],[117|10],12,[2|206|265],[[2|206|265]],[3480]
41313,[65|950],[[65|950]],[[2|206|310]],[],[3800],,413,[117|10],[117|10],13,[2|206|310],[[2|206|310]],[3800]
41314,[65|1030],[[65|1030]],[[2|206|310]],[],[4120],,413,[117|10],[117|10],14,[2|206|310],[[2|206|310]],[4120]
41315,[65|1110],[[65|1110]],[[2|206|355]],[],[4440],,413,[117|10],[117|10],15,[2|206|355],[[2|206|355]],[4440]
41316,[65|1190],[[65|1190]],[[2|206|355]],[],[4760],,413,[117|10],[117|10],16,[2|206|355],[[2|206|355]],[4760]
41317,[65|1270],[[65|1270]],[[2|206|440]],[],[5080],,413,[117|10],[117|10],17,[2|206|440],[[2|206|440]],[5080]
41318,[65|1350],[[65|1350]],[[2|206|440]],[],[5400],,413,[117|10],[117|10],18,[2|206|440],[[2|206|440]],[5400]
41319,[65|1430],[[65|1430]],[[2|206|530]],[],[5720],,413,[117|10],[117|10],19,[2|206|530],[[2|206|530]],[5720]
41320,[65|1750],[[65|1750]],[[2|206|705]],[],[7000],,413,[117|10],[117|10],20,[2|206|705],[[2|206|705]],[7000]
41321,[65|1910],[[65|1910]],[[2|206|530]],[],[7640],,413,[117|20],[117|20],21,[2|206|530],[[2|206|530]],[7640]
41322,[65|2070],[[65|2070]],[[2|206|575]],[],[8280],,413,[117|20],[117|20],22,[2|206|575],[[2|206|575]],[8280]
41323,[65|2230],[[65|2230]],[[2|206|620]],[],[8920],,413,[117|20],[117|20],23,[2|206|620],[[2|206|620]],[8920]
41324,[65|2390],[[65|2390]],[[2|206|425]],[],[9560],,413,[117|20],[117|20],24,[2|206|425],[[2|206|425]],[9560]
41325,[65|2550],[[65|2550]],[[2|206|705]],[],[10200],,413,[117|20],[117|20],25,[2|206|705],[[2|206|705]],[10200]
41326,[65|2710],[[65|2710]],[[2|206|795]],[],[10840],,413,[117|20],[117|20],26,[2|206|795],[[2|206|795]],[10840]
41327,[65|2870],[[65|2870]],[[2|206|795]],[],[11480],,413,[117|20],[117|20],27,[2|206|795],[[2|206|795]],[11480]
41328,[65|3030],[[65|3030]],[[2|206|880]],[],[12120],,413,[117|20],[117|20],28,[2|206|880],[[2|206|880]],[12120]
41329,[65|3190],[[65|3190]],[[2|206|880]],[],[12760],,413,[117|20],[117|20],29,[2|206|880],[[2|206|880]],[12760]
41330,[65|3825],[[65|3825]],[[2|206|1320]],[],[15300],,413,[117|20],[117|20],30,[2|206|1320],[[2|206|1320]],[15300]
41331,[65|4090],[[65|4090]],[[2|206|880]],[],[16360],,413,[117|30],[117|30],31,[2|206|880],[[2|206|880]],[16360]
41332,[65|4355],[[65|4355]],[[2|206|970]],[],[17420],,413,[117|30],[117|30],32,[2|206|970],[[2|206|970]],[17420]
41333,[65|4620],[[65|4620]],[[2|206|1060]],[],[18480],,413,[117|30],[117|30],33,[2|206|1060],[[2|206|1060]],[18480]
41334,[65|4885],[[65|4885]],[[2|206|1320]],[],[19540],,413,[117|30],[117|30],34,[2|206|1320],[[2|206|1320]],[19540]
41335,[65|5150],[[65|5150]],[[2|206|1320]],[],[20600],,413,[117|30],[117|30],35,[2|206|1320],[[2|206|1320]],[20600]
41336,[65|5415],[[65|5415]],[[2|206|1320]],[],[21660],,413,[117|30],[117|30],36,[2|206|1320],[[2|206|1320]],[21660]
41337,[65|5680],[[65|5680]],[[2|206|1760]],[],[22720],,413,[117|30],[117|30],37,[2|206|1760],[[2|206|1760]],[22720]
41338,[65|5945],[[65|5945]],[[2|206|1760]],[],[23780],,413,[117|30],[117|30],38,[2|206|1760],[[2|206|1760]],[23780]
41339,[65|6210],[[65|6210]],[[2|206|1760]],[],[24840],,413,[117|30],[117|30],39,[2|206|1760],[[2|206|1760]],[24840]
41340,[65|7265],[[65|7265]],[[2|206|1760]],[],[29060],,413,[117|30],[117|30],40,[2|206|1760],[[2|206|1760]],[29060]
41401,[66|380|65|15],[[66|380]|[65|15]],[[2|206|90]],[],[229],,414,[117|0],[117|0],1,[2|206|90],[[2|206|90]],[229]
41402,[66|760|65|30],[[66|760]|[65|30]],[[2|206|110]],[],[458],,414,[117|0],[117|0],2,[2|206|110],[[2|206|110]],[458]
41403,[66|1140|65|45],[[66|1140]|[65|45]],[[2|206|115]],[],[687],,414,[117|0],[117|0],3,[2|206|115],[[2|206|115]],[687]
41404,[66|1520|65|60],[[66|1520]|[65|60]],[[2|206|125]],[],[916],,414,[117|0],[117|0],4,[2|206|125],[[2|206|125]],[916]
41405,[66|1900|65|75],[[66|1900]|[65|75]],[[2|206|135]],[],[1145],,414,[117|0],[117|0],5,[2|206|135],[[2|206|135]],[1145]
41406,[66|2280|65|90],[[66|2280]|[65|90]],[[2|206|145]],[],[1374],,414,[117|0],[117|0],6,[2|206|145],[[2|206|145]],[1374]
41407,[66|2660|65|105],[[66|2660]|[65|105]],[[2|206|160]],[],[1603],,414,[117|0],[117|0],7,[2|206|160],[[2|206|160]],[1603]
41408,[66|3040|65|120],[[66|3040]|[65|120]],[[2|206|180]],[],[1832],,414,[117|0],[117|0],8,[2|206|180],[[2|206|180]],[1832]
41409,[66|3420|65|135],[[66|3420]|[65|135]],[[2|206|265]],[],[2060],,414,[117|0],[117|0],9,[2|206|265],[[2|206|265]],[2060]
41410,[66|4930|65|180],[[66|4930]|[65|180]],[[2|206|355]],[],[2912],,414,[117|0],[117|0],10,[2|206|355],[[2|206|355]],[2912]
41411,[66|5500|65|200],[[66|5500]|[65|200]],[[2|206|265]],[],[3245],,414,[117|10],[117|10],11,[2|206|265],[[2|206|265]],[3245]
41412,[66|6070|65|220],[[66|6070]|[65|220]],[[2|206|265]],[],[3578],,414,[117|10],[117|10],12,[2|206|265],[[2|206|265]],[3578]
41413,[66|6640|65|240],[[66|6640]|[65|240]],[[2|206|310]],[],[3912],,414,[117|10],[117|10],13,[2|206|310],[[2|206|310]],[3912]
41414,[66|7210|65|260],[[66|7210]|[65|260]],[[2|206|310]],[],[4245],,414,[117|10],[117|10],14,[2|206|310],[[2|206|310]],[4245]
41415,[66|7780|65|280],[[66|7780]|[65|280]],[[2|206|355]],[],[4578],,414,[117|10],[117|10],15,[2|206|355],[[2|206|355]],[4578]
41416,[66|8350|65|300],[[66|8350]|[65|300]],[[2|206|355]],[],[4912],,414,[117|10],[117|10],16,[2|206|355],[[2|206|355]],[4912]
41417,[66|8920|65|320],[[66|8920]|[65|320]],[[2|206|440]],[],[5245],,414,[117|10],[117|10],17,[2|206|440],[[2|206|440]],[5245]
41418,[66|9490|65|340],[[66|9490]|[65|340]],[[2|206|440]],[],[5578],,414,[117|10],[117|10],18,[2|206|440],[[2|206|440]],[5578]
41419,[66|10060|65|360],[[66|10060]|[65|360]],[[2|206|530]],[],[5912],,414,[117|10],[117|10],19,[2|206|530],[[2|206|530]],[5912]
41420,[66|12325|65|425],[[66|12325]|[65|425]],[[2|206|705]],[],[7178],,414,[117|10],[117|10],20,[2|206|705],[[2|206|705]],[7178]
41421,[66|13460|65|460],[[66|13460]|[65|460]],[[2|206|530]],[],[7823],,414,[117|20],[117|20],21,[2|206|530],[[2|206|530]],[7823]
41422,[66|14595|65|495],[[66|14595]|[65|495]],[[2|206|575]],[],[8467],,414,[117|20],[117|20],22,[2|206|575],[[2|206|575]],[8467]
41423,[66|15730|65|530],[[66|15730]|[65|530]],[[2|206|620]],[],[9112],,414,[117|20],[117|20],23,[2|206|620],[[2|206|620]],[9112]
41424,[66|16865|65|565],[[66|16865]|[65|565]],[[2|206|425]],[],[9756],,414,[117|20],[117|20],24,[2|206|425],[[2|206|425]],[9756]
41425,[66|18000|65|600],[[66|18000]|[65|600]],[[2|206|705]],[],[10400],,414,[117|20],[117|20],25,[2|206|705],[[2|206|705]],[10400]
41426,[66|19135|65|635],[[66|19135]|[65|635]],[[2|206|795]],[],[11045],,414,[117|20],[117|20],26,[2|206|795],[[2|206|795]],[11045]
41427,[66|20270|65|670],[[66|20270]|[65|670]],[[2|206|795]],[],[11689],,414,[117|20],[117|20],27,[2|206|795],[[2|206|795]],[11689]
41428,[66|21405|65|705],[[66|21405]|[65|705]],[[2|206|880]],[],[12334],,414,[117|20],[117|20],28,[2|206|880],[[2|206|880]],[12334]
41429,[66|22540|65|740],[[66|22540]|[65|740]],[[2|206|880]],[],[12978],,414,[117|20],[117|20],29,[2|206|880],[[2|206|880]],[12978]
41430,[66|27065|65|870],[[66|27065]|[65|870]],[[2|206|1320]],[],[15509],,414,[117|20],[117|20],30,[2|206|1320],[[2|206|1320]],[15509]
41431,[66|28950|65|925],[[66|28950]|[65|925]],[[2|206|880]],[],[16567],,414,[117|30],[117|30],31,[2|206|880],[[2|206|880]],[16567]
41432,[66|30835|65|980],[[66|30835]|[65|980]],[[2|206|970]],[],[17625],,414,[117|30],[117|30],32,[2|206|970],[[2|206|970]],[17625]
41433,[66|32720|65|1035],[[66|32720]|[65|1035]],[[2|206|1060]],[],[18683],,414,[117|30],[117|30],33,[2|206|1060],[[2|206|1060]],[18683]
41434,[66|34605|65|1090],[[66|34605]|[65|1090]],[[2|206|1320]],[],[19740],,414,[117|30],[117|30],34,[2|206|1320],[[2|206|1320]],[19740]
41435,[66|36490|65|1145],[[66|36490]|[65|1145]],[[2|206|1320]],[],[20798],,414,[117|30],[117|30],35,[2|206|1320],[[2|206|1320]],[20798]
41436,[66|38375|65|1200],[[66|38375]|[65|1200]],[[2|206|1320]],[],[21856],,414,[117|30],[117|30],36,[2|206|1320],[[2|206|1320]],[21856]
41437,[66|40260|65|1255],[[66|40260]|[65|1255]],[[2|206|1760]],[],[22914],,414,[117|30],[117|30],37,[2|206|1760],[[2|206|1760]],[22914]
41438,[66|42145|65|1310],[[66|42145]|[65|1310]],[[2|206|1760]],[],[23972],,414,[117|30],[117|30],38,[2|206|1760],[[2|206|1760]],[23972]
41439,[66|44030|65|1365],[[66|44030]|[65|1365]],[[2|206|1760]],[],[25029],,414,[117|30],[117|30],39,[2|206|1760],[[2|206|1760]],[25029]
41440,[66|51570|65|1580],[[66|51570]|[65|1580]],[[2|206|1760]],[],[29240],,414,[117|30],[117|30],40,[2|206|1760],[[2|206|1760]],[29240]
43101,[65|45|66|95],[[65|45]|[66|95]],[[2|206|90]],[],[223],,431,[117|0],[117|0],1,[2|206|90],[[2|206|90]],[223]
43102,[65|90|66|190],[[65|90]|[66|190]],[[2|206|110]],[],[445],,431,[117|0],[117|0],2,[2|206|110],[[2|206|110]],[445]
43103,[65|135|66|285],[[65|135]|[66|285]],[[2|206|115]],[],[667],,431,[117|0],[117|0],3,[2|206|115],[[2|206|115]],[667]
43104,[65|180|66|380],[[65|180]|[66|380]],[[2|206|125]],[],[889],,431,[117|0],[117|0],4,[2|206|125],[[2|206|125]],[889]
43105,[65|225|66|475],[[65|225]|[66|475]],[[2|206|135]],[],[1112],,431,[117|0],[117|0],5,[2|206|135],[[2|206|135]],[1112]
43106,[65|270|66|570],[[65|270]|[66|570]],[[2|206|145]],[],[1334],,431,[117|0],[117|0],6,[2|206|145],[[2|206|145]],[1334]
43107,[65|315|66|665],[[65|315]|[66|665]],[[2|206|160]],[],[1556],,431,[117|0],[117|0],7,[2|206|160],[[2|206|160]],[1556]
43108,[65|360|66|760],[[65|360]|[66|760]],[[2|206|180]],[],[1778],,431,[117|0],[117|0],8,[2|206|180],[[2|206|180]],[1778]
43109,[65|405|66|855],[[65|405]|[66|855]],[[2|206|265]],[],[2000],,431,[117|0],[117|0],9,[2|206|265],[[2|206|265]],[2000]
43110,[65|575|66|1235],[[65|575]|[66|1235]],[[2|206|355]],[],[2849],,431,[117|0],[117|0],10,[2|206|355],[[2|206|355]],[2849]
43111,[65|640|66|1380],[[65|640]|[66|1380]],[[2|206|265]],[],[3174],,431,[117|10],[117|10],11,[2|206|265],[[2|206|265]],[3174]
43112,[65|705|66|1525],[[65|705]|[66|1525]],[[2|206|265]],[],[3498],,431,[117|10],[117|10],12,[2|206|265],[[2|206|265]],[3498]
43113,[65|770|66|1670],[[65|770]|[66|1670]],[[2|206|310]],[],[3823],,431,[117|10],[117|10],13,[2|206|310],[[2|206|310]],[3823]
43114,[65|835|66|1815],[[65|835]|[66|1815]],[[2|206|310]],[],[4147],,431,[117|10],[117|10],14,[2|206|310],[[2|206|310]],[4147]
43115,[65|900|66|1960],[[65|900]|[66|1960]],[[2|206|355]],[],[4472],,431,[117|10],[117|10],15,[2|206|355],[[2|206|355]],[4472]
43116,[65|965|66|2105],[[65|965]|[66|2105]],[[2|206|355]],[],[4796],,431,[117|10],[117|10],16,[2|206|355],[[2|206|355]],[4796]
43117,[65|1030|66|2250],[[65|1030]|[66|2250]],[[2|206|440]],[],[5120],,431,[117|10],[117|10],17,[2|206|440],[[2|206|440]],[5120]
43118,[65|1095|66|2395],[[65|1095]|[66|2395]],[[2|206|440]],[],[5445],,431,[117|10],[117|10],18,[2|206|440],[[2|206|440]],[5445]
43119,[65|1160|66|2540],[[65|1160]|[66|2540]],[[2|206|530]],[],[5769],,431,[117|10],[117|10],19,[2|206|530],[[2|206|530]],[5769]
43120,[65|1415|66|3110],[[65|1415]|[66|3110]],[[2|206|705]],[],[7043],,431,[117|10],[117|10],20,[2|206|705],[[2|206|705]],[7043]
43121,[65|1545|66|3395],[[65|1545]|[66|3395]],[[2|206|530]],[],[7689],,431,[117|20],[117|20],21,[2|206|530],[[2|206|530]],[7689]
43122,[65|1675|66|3680],[[65|1675]|[66|3680]],[[2|206|575]],[],[8336],,431,[117|20],[117|20],22,[2|206|575],[[2|206|575]],[8336]
43123,[65|1805|66|3965],[[65|1805]|[66|3965]],[[2|206|620]],[],[8983],,431,[117|20],[117|20],23,[2|206|620],[[2|206|620]],[8983]
43124,[65|1935|66|4250],[[65|1935]|[66|4250]],[[2|206|425]],[],[9629],,431,[117|20],[117|20],24,[2|206|425],[[2|206|425]],[9629]
43125,[65|2065|66|4535],[[65|2065]|[66|4535]],[[2|206|705]],[],[10276],,431,[117|20],[117|20],25,[2|206|705],[[2|206|705]],[10276]
43126,[65|2195|66|4820],[[65|2195]|[66|4820]],[[2|206|795]],[],[10923],,431,[117|20],[117|20],26,[2|206|795],[[2|206|795]],[10923]
43127,[65|2325|66|5105],[[65|2325]|[66|5105]],[[2|206|795]],[],[11569],,431,[117|20],[117|20],27,[2|206|795],[[2|206|795]],[11569]
43128,[65|2455|66|5390],[[65|2455]|[66|5390]],[[2|206|880]],[],[12216],,431,[117|20],[117|20],28,[2|206|880],[[2|206|880]],[12216]
43129,[65|2585|66|5675],[[65|2585]|[66|5675]],[[2|206|880]],[],[12863],,431,[117|20],[117|20],29,[2|206|880],[[2|206|880]],[12863]
43130,[65|3090|66|6810],[[65|3090]|[66|6810]],[[2|206|1320]],[],[15387],,431,[117|20],[117|20],30,[2|206|1320],[[2|206|1320]],[15387]
43131,[65|3300|66|7285],[[65|3300]|[66|7285]],[[2|206|880]],[],[16438],,431,[117|30],[117|30],31,[2|206|880],[[2|206|880]],[16438]
43132,[65|3510|66|7760],[[65|3510]|[66|7760]],[[2|206|970]],[],[17489],,431,[117|30],[117|30],32,[2|206|970],[[2|206|970]],[17489]
43133,[65|3720|66|8235],[[65|3720]|[66|8235]],[[2|206|1060]],[],[18540],,431,[117|30],[117|30],33,[2|206|1060],[[2|206|1060]],[18540]
43134,[65|3930|66|8710],[[65|3930]|[66|8710]],[[2|206|1320]],[],[19592],,431,[117|30],[117|30],34,[2|206|1320],[[2|206|1320]],[19592]
43135,[65|4140|66|9185],[[65|4140]|[66|9185]],[[2|206|1320]],[],[20643],,431,[117|30],[117|30],35,[2|206|1320],[[2|206|1320]],[20643]
43136,[65|4350|66|9660],[[65|4350]|[66|9660]],[[2|206|1320]],[],[21694],,431,[117|30],[117|30],36,[2|206|1320],[[2|206|1320]],[21694]
43137,[65|4560|66|10135],[[65|4560]|[66|10135]],[[2|206|1760]],[],[22745],,431,[117|30],[117|30],37,[2|206|1760],[[2|206|1760]],[22745]
43138,[65|4770|66|10610],[[65|4770]|[66|10610]],[[2|206|1760]],[],[23796],,431,[117|30],[117|30],38,[2|206|1760],[[2|206|1760]],[23796]
43139,[65|4980|66|11085],[[65|4980]|[66|11085]],[[2|206|1760]],[],[24847],,431,[117|30],[117|30],39,[2|206|1760],[[2|206|1760]],[24847]
43140,[65|5820|66|12975],[[65|5820]|[66|12975]],[[2|206|1760]],[],[29047],,431,[117|30],[117|30],40,[2|206|1760],[[2|206|1760]],[29047]
43201,[66|475],[[66|475]],[[2|206|90]],[],[212],,432,[117|0],[117|0],1,[2|206|90],[[2|206|90]],[212]
43202,[66|950],[[66|950]],[[2|206|110]],[],[423],,432,[117|0],[117|0],2,[2|206|110],[[2|206|110]],[423]
43203,[66|1425],[[66|1425]],[[2|206|115]],[],[634],,432,[117|0],[117|0],3,[2|206|115],[[2|206|115]],[634]
43204,[66|1900],[[66|1900]],[[2|206|125]],[],[845],,432,[117|0],[117|0],4,[2|206|125],[[2|206|125]],[845]
43205,[66|2375],[[66|2375]],[[2|206|135]],[],[1056],,432,[117|0],[117|0],5,[2|206|135],[[2|206|135]],[1056]
43206,[66|2850],[[66|2850]],[[2|206|145]],[],[1267],,432,[117|0],[117|0],6,[2|206|145],[[2|206|145]],[1267]
43207,[66|3325],[[66|3325]],[[2|206|160]],[],[1478],,432,[117|0],[117|0],7,[2|206|160],[[2|206|160]],[1478]
43208,[66|3800],[[66|3800]],[[2|206|180]],[],[1689],,432,[117|0],[117|0],8,[2|206|180],[[2|206|180]],[1689]
43209,[66|4275],[[66|4275]],[[2|206|265]],[],[1900],,432,[117|0],[117|0],9,[2|206|265],[[2|206|265]],[1900]
43210,[66|6165],[[66|6165]],[[2|206|355]],[],[2740],,432,[117|0],[117|0],10,[2|206|355],[[2|206|355]],[2740]
43211,[66|6875],[[66|6875]],[[2|206|265]],[],[3056],,432,[117|10],[117|10],11,[2|206|265],[[2|206|265]],[3056]
43212,[66|7585],[[66|7585]],[[2|206|265]],[],[3372],,432,[117|10],[117|10],12,[2|206|265],[[2|206|265]],[3372]
43213,[66|8295],[[66|8295]],[[2|206|310]],[],[3687],,432,[117|10],[117|10],13,[2|206|310],[[2|206|310]],[3687]
43214,[66|9005],[[66|9005]],[[2|206|310]],[],[4003],,432,[117|10],[117|10],14,[2|206|310],[[2|206|310]],[4003]
43215,[66|9715],[[66|9715]],[[2|206|355]],[],[4318],,432,[117|10],[117|10],15,[2|206|355],[[2|206|355]],[4318]
43216,[66|10425],[[66|10425]],[[2|206|355]],[],[4634],,432,[117|10],[117|10],16,[2|206|355],[[2|206|355]],[4634]
43217,[66|11135],[[66|11135]],[[2|206|440]],[],[4949],,432,[117|10],[117|10],17,[2|206|440],[[2|206|440]],[4949]
43218,[66|11845],[[66|11845]],[[2|206|440]],[],[5265],,432,[117|10],[117|10],18,[2|206|440],[[2|206|440]],[5265]
43219,[66|12555],[[66|12555]],[[2|206|530]],[],[5580],,432,[117|10],[117|10],19,[2|206|530],[[2|206|530]],[5580]
43220,[66|15385],[[66|15385]],[[2|206|705]],[],[6838],,432,[117|10],[117|10],20,[2|206|705],[[2|206|705]],[6838]
43221,[66|16800],[[66|16800]],[[2|206|530]],[],[7467],,432,[117|20],[117|20],21,[2|206|530],[[2|206|530]],[7467]
43222,[66|18215],[[66|18215]],[[2|206|575]],[],[8096],,432,[117|20],[117|20],22,[2|206|575],[[2|206|575]],[8096]
43223,[66|19630],[[66|19630]],[[2|206|620]],[],[8725],,432,[117|20],[117|20],23,[2|206|620],[[2|206|620]],[8725]
43224,[66|21045],[[66|21045]],[[2|206|425]],[],[9354],,432,[117|20],[117|20],24,[2|206|425],[[2|206|425]],[9354]
43225,[66|22460],[[66|22460]],[[2|206|705]],[],[9983],,432,[117|20],[117|20],25,[2|206|705],[[2|206|705]],[9983]
43226,[66|23875],[[66|23875]],[[2|206|795]],[],[10612],,432,[117|20],[117|20],26,[2|206|795],[[2|206|795]],[10612]
43227,[66|25290],[[66|25290]],[[2|206|795]],[],[11240],,432,[117|20],[117|20],27,[2|206|795],[[2|206|795]],[11240]
43228,[66|26705],[[66|26705]],[[2|206|880]],[],[11869],,432,[117|20],[117|20],28,[2|206|880],[[2|206|880]],[11869]
43229,[66|28120],[[66|28120]],[[2|206|880]],[],[12498],,432,[117|20],[117|20],29,[2|206|880],[[2|206|880]],[12498]
43230,[66|33780],[[66|33780]],[[2|206|1320]],[],[15014],,432,[117|20],[117|20],30,[2|206|1320],[[2|206|1320]],[15014]
43231,[66|36140],[[66|36140]],[[2|206|880]],[],[16063],,432,[117|30],[117|30],31,[2|206|880],[[2|206|880]],[16063]
43232,[66|38500],[[66|38500]],[[2|206|970]],[],[17112],,432,[117|30],[117|30],32,[2|206|970],[[2|206|970]],[17112]
43233,[66|40860],[[66|40860]],[[2|206|1060]],[],[18160],,432,[117|30],[117|30],33,[2|206|1060],[[2|206|1060]],[18160]
43234,[66|43220],[[66|43220]],[[2|206|1320]],[],[19209],,432,[117|30],[117|30],34,[2|206|1320],[[2|206|1320]],[19209]
43235,[66|45580],[[66|45580]],[[2|206|1320]],[],[20258],,432,[117|30],[117|30],35,[2|206|1320],[[2|206|1320]],[20258]
43236,[66|47940],[[66|47940]],[[2|206|1320]],[],[21307],,432,[117|30],[117|30],36,[2|206|1320],[[2|206|1320]],[21307]
43237,[66|50300],[[66|50300]],[[2|206|1760]],[],[22356],,432,[117|30],[117|30],37,[2|206|1760],[[2|206|1760]],[22356]
43238,[66|52660],[[66|52660]],[[2|206|1760]],[],[23405],,432,[117|30],[117|30],38,[2|206|1760],[[2|206|1760]],[23405]
43239,[66|55020],[[66|55020]],[[2|206|1760]],[],[24454],,432,[117|30],[117|30],39,[2|206|1760],[[2|206|1760]],[24454]
43240,[66|64450],[[66|64450]],[[2|206|1760]],[],[28645],,432,[117|30],[117|30],40,[2|206|1760],[[2|206|1760]],[28645]
43301,[65|45|66|95],[[65|45]|[66|95]],[[2|206|90]],[],[223],,433,[117|0],[117|0],1,[2|206|90],[[2|206|90]],[223]
43302,[65|90|66|190],[[65|90]|[66|190]],[[2|206|110]],[],[445],,433,[117|0],[117|0],2,[2|206|110],[[2|206|110]],[445]
43303,[65|135|66|285],[[65|135]|[66|285]],[[2|206|115]],[],[667],,433,[117|0],[117|0],3,[2|206|115],[[2|206|115]],[667]
43304,[65|180|66|380],[[65|180]|[66|380]],[[2|206|125]],[],[889],,433,[117|0],[117|0],4,[2|206|125],[[2|206|125]],[889]
43305,[65|225|66|475],[[65|225]|[66|475]],[[2|206|135]],[],[1112],,433,[117|0],[117|0],5,[2|206|135],[[2|206|135]],[1112]
43306,[65|270|66|570],[[65|270]|[66|570]],[[2|206|145]],[],[1334],,433,[117|0],[117|0],6,[2|206|145],[[2|206|145]],[1334]
43307,[65|315|66|665],[[65|315]|[66|665]],[[2|206|160]],[],[1556],,433,[117|0],[117|0],7,[2|206|160],[[2|206|160]],[1556]
43308,[65|360|66|760],[[65|360]|[66|760]],[[2|206|180]],[],[1778],,433,[117|0],[117|0],8,[2|206|180],[[2|206|180]],[1778]
43309,[65|405|66|855],[[65|405]|[66|855]],[[2|206|265]],[],[2000],,433,[117|0],[117|0],9,[2|206|265],[[2|206|265]],[2000]
43310,[65|575|66|1235],[[65|575]|[66|1235]],[[2|206|355]],[],[2849],,433,[117|0],[117|0],10,[2|206|355],[[2|206|355]],[2849]
43311,[65|640|66|1380],[[65|640]|[66|1380]],[[2|206|265]],[],[3174],,433,[117|10],[117|10],11,[2|206|265],[[2|206|265]],[3174]
43312,[65|705|66|1525],[[65|705]|[66|1525]],[[2|206|265]],[],[3498],,433,[117|10],[117|10],12,[2|206|265],[[2|206|265]],[3498]
43313,[65|770|66|1670],[[65|770]|[66|1670]],[[2|206|310]],[],[3823],,433,[117|10],[117|10],13,[2|206|310],[[2|206|310]],[3823]
43314,[65|835|66|1815],[[65|835]|[66|1815]],[[2|206|310]],[],[4147],,433,[117|10],[117|10],14,[2|206|310],[[2|206|310]],[4147]
43315,[65|900|66|1960],[[65|900]|[66|1960]],[[2|206|355]],[],[4472],,433,[117|10],[117|10],15,[2|206|355],[[2|206|355]],[4472]
43316,[65|965|66|2105],[[65|965]|[66|2105]],[[2|206|355]],[],[4796],,433,[117|10],[117|10],16,[2|206|355],[[2|206|355]],[4796]
43317,[65|1030|66|2250],[[65|1030]|[66|2250]],[[2|206|440]],[],[5120],,433,[117|10],[117|10],17,[2|206|440],[[2|206|440]],[5120]
43318,[65|1095|66|2395],[[65|1095]|[66|2395]],[[2|206|440]],[],[5445],,433,[117|10],[117|10],18,[2|206|440],[[2|206|440]],[5445]
43319,[65|1160|66|2540],[[65|1160]|[66|2540]],[[2|206|530]],[],[5769],,433,[117|10],[117|10],19,[2|206|530],[[2|206|530]],[5769]
43320,[65|1415|66|3110],[[65|1415]|[66|3110]],[[2|206|705]],[],[7043],,433,[117|10],[117|10],20,[2|206|705],[[2|206|705]],[7043]
43321,[65|1545|66|3395],[[65|1545]|[66|3395]],[[2|206|530]],[],[7689],,433,[117|20],[117|20],21,[2|206|530],[[2|206|530]],[7689]
43322,[65|1675|66|3680],[[65|1675]|[66|3680]],[[2|206|575]],[],[8336],,433,[117|20],[117|20],22,[2|206|575],[[2|206|575]],[8336]
43323,[65|1805|66|3965],[[65|1805]|[66|3965]],[[2|206|620]],[],[8983],,433,[117|20],[117|20],23,[2|206|620],[[2|206|620]],[8983]
43324,[65|1935|66|4250],[[65|1935]|[66|4250]],[[2|206|425]],[],[9629],,433,[117|20],[117|20],24,[2|206|425],[[2|206|425]],[9629]
43325,[65|2065|66|4535],[[65|2065]|[66|4535]],[[2|206|705]],[],[10276],,433,[117|20],[117|20],25,[2|206|705],[[2|206|705]],[10276]
43326,[65|2195|66|4820],[[65|2195]|[66|4820]],[[2|206|795]],[],[10923],,433,[117|20],[117|20],26,[2|206|795],[[2|206|795]],[10923]
43327,[65|2325|66|5105],[[65|2325]|[66|5105]],[[2|206|795]],[],[11569],,433,[117|20],[117|20],27,[2|206|795],[[2|206|795]],[11569]
43328,[65|2455|66|5390],[[65|2455]|[66|5390]],[[2|206|880]],[],[12216],,433,[117|20],[117|20],28,[2|206|880],[[2|206|880]],[12216]
43329,[65|2585|66|5675],[[65|2585]|[66|5675]],[[2|206|880]],[],[12863],,433,[117|20],[117|20],29,[2|206|880],[[2|206|880]],[12863]
43330,[65|3090|66|6810],[[65|3090]|[66|6810]],[[2|206|1320]],[],[15387],,433,[117|20],[117|20],30,[2|206|1320],[[2|206|1320]],[15387]
43331,[65|3300|66|7285],[[65|3300]|[66|7285]],[[2|206|880]],[],[16438],,433,[117|30],[117|30],31,[2|206|880],[[2|206|880]],[16438]
43332,[65|3510|66|7760],[[65|3510]|[66|7760]],[[2|206|970]],[],[17489],,433,[117|30],[117|30],32,[2|206|970],[[2|206|970]],[17489]
43333,[65|3720|66|8235],[[65|3720]|[66|8235]],[[2|206|1060]],[],[18540],,433,[117|30],[117|30],33,[2|206|1060],[[2|206|1060]],[18540]
43334,[65|3930|66|8710],[[65|3930]|[66|8710]],[[2|206|1320]],[],[19592],,433,[117|30],[117|30],34,[2|206|1320],[[2|206|1320]],[19592]
43335,[65|4140|66|9185],[[65|4140]|[66|9185]],[[2|206|1320]],[],[20643],,433,[117|30],[117|30],35,[2|206|1320],[[2|206|1320]],[20643]
43336,[65|4350|66|9660],[[65|4350]|[66|9660]],[[2|206|1320]],[],[21694],,433,[117|30],[117|30],36,[2|206|1320],[[2|206|1320]],[21694]
43337,[65|4560|66|10135],[[65|4560]|[66|10135]],[[2|206|1760]],[],[22745],,433,[117|30],[117|30],37,[2|206|1760],[[2|206|1760]],[22745]
43338,[65|4770|66|10610],[[65|4770]|[66|10610]],[[2|206|1760]],[],[23796],,433,[117|30],[117|30],38,[2|206|1760],[[2|206|1760]],[23796]
43339,[65|4980|66|11085],[[65|4980]|[66|11085]],[[2|206|1760]],[],[24847],,433,[117|30],[117|30],39,[2|206|1760],[[2|206|1760]],[24847]
43340,[65|5820|66|12975],[[65|5820]|[66|12975]],[[2|206|1760]],[],[29047],,433,[117|30],[117|30],40,[2|206|1760],[[2|206|1760]],[29047]
43401,[66|475],[[66|475]],[[2|206|90]],[],[212],,434,[117|0],[117|0],1,[2|206|90],[[2|206|90]],[212]
43402,[66|950],[[66|950]],[[2|206|110]],[],[423],,434,[117|0],[117|0],2,[2|206|110],[[2|206|110]],[423]
43403,[66|1425],[[66|1425]],[[2|206|115]],[],[634],,434,[117|0],[117|0],3,[2|206|115],[[2|206|115]],[634]
43404,[66|1900],[[66|1900]],[[2|206|125]],[],[845],,434,[117|0],[117|0],4,[2|206|125],[[2|206|125]],[845]
43405,[66|2375],[[66|2375]],[[2|206|135]],[],[1056],,434,[117|0],[117|0],5,[2|206|135],[[2|206|135]],[1056]
43406,[66|2850],[[66|2850]],[[2|206|145]],[],[1267],,434,[117|0],[117|0],6,[2|206|145],[[2|206|145]],[1267]
43407,[66|3325],[[66|3325]],[[2|206|160]],[],[1478],,434,[117|0],[117|0],7,[2|206|160],[[2|206|160]],[1478]
43408,[66|3800],[[66|3800]],[[2|206|180]],[],[1689],,434,[117|0],[117|0],8,[2|206|180],[[2|206|180]],[1689]
43409,[66|4275],[[66|4275]],[[2|206|265]],[],[1900],,434,[117|0],[117|0],9,[2|206|265],[[2|206|265]],[1900]
43410,[66|6165],[[66|6165]],[[2|206|355]],[],[2740],,434,[117|0],[117|0],10,[2|206|355],[[2|206|355]],[2740]
43411,[66|6875],[[66|6875]],[[2|206|265]],[],[3056],,434,[117|10],[117|10],11,[2|206|265],[[2|206|265]],[3056]
43412,[66|7585],[[66|7585]],[[2|206|265]],[],[3372],,434,[117|10],[117|10],12,[2|206|265],[[2|206|265]],[3372]
43413,[66|8295],[[66|8295]],[[2|206|310]],[],[3687],,434,[117|10],[117|10],13,[2|206|310],[[2|206|310]],[3687]
43414,[66|9005],[[66|9005]],[[2|206|310]],[],[4003],,434,[117|10],[117|10],14,[2|206|310],[[2|206|310]],[4003]
43415,[66|9715],[[66|9715]],[[2|206|355]],[],[4318],,434,[117|10],[117|10],15,[2|206|355],[[2|206|355]],[4318]
43416,[66|10425],[[66|10425]],[[2|206|355]],[],[4634],,434,[117|10],[117|10],16,[2|206|355],[[2|206|355]],[4634]
43417,[66|11135],[[66|11135]],[[2|206|440]],[],[4949],,434,[117|10],[117|10],17,[2|206|440],[[2|206|440]],[4949]
43418,[66|11845],[[66|11845]],[[2|206|440]],[],[5265],,434,[117|10],[117|10],18,[2|206|440],[[2|206|440]],[5265]
43419,[66|12555],[[66|12555]],[[2|206|530]],[],[5580],,434,[117|10],[117|10],19,[2|206|530],[[2|206|530]],[5580]
43420,[66|15385],[[66|15385]],[[2|206|705]],[],[6838],,434,[117|10],[117|10],20,[2|206|705],[[2|206|705]],[6838]
43421,[66|16800],[[66|16800]],[[2|206|530]],[],[7467],,434,[117|20],[117|20],21,[2|206|530],[[2|206|530]],[7467]
43422,[66|18215],[[66|18215]],[[2|206|575]],[],[8096],,434,[117|20],[117|20],22,[2|206|575],[[2|206|575]],[8096]
43423,[66|19630],[[66|19630]],[[2|206|620]],[],[8725],,434,[117|20],[117|20],23,[2|206|620],[[2|206|620]],[8725]
43424,[66|21045],[[66|21045]],[[2|206|425]],[],[9354],,434,[117|20],[117|20],24,[2|206|425],[[2|206|425]],[9354]
43425,[66|22460],[[66|22460]],[[2|206|705]],[],[9983],,434,[117|20],[117|20],25,[2|206|705],[[2|206|705]],[9983]
43426,[66|23875],[[66|23875]],[[2|206|795]],[],[10612],,434,[117|20],[117|20],26,[2|206|795],[[2|206|795]],[10612]
43427,[66|25290],[[66|25290]],[[2|206|795]],[],[11240],,434,[117|20],[117|20],27,[2|206|795],[[2|206|795]],[11240]
43428,[66|26705],[[66|26705]],[[2|206|880]],[],[11869],,434,[117|20],[117|20],28,[2|206|880],[[2|206|880]],[11869]
43429,[66|28120],[[66|28120]],[[2|206|880]],[],[12498],,434,[117|20],[117|20],29,[2|206|880],[[2|206|880]],[12498]
43430,[66|33780],[[66|33780]],[[2|206|1320]],[],[15014],,434,[117|20],[117|20],30,[2|206|1320],[[2|206|1320]],[15014]
43431,[66|36140],[[66|36140]],[[2|206|880]],[],[16063],,434,[117|30],[117|30],31,[2|206|880],[[2|206|880]],[16063]
43432,[66|38500],[[66|38500]],[[2|206|970]],[],[17112],,434,[117|30],[117|30],32,[2|206|970],[[2|206|970]],[17112]
43433,[66|40860],[[66|40860]],[[2|206|1060]],[],[18160],,434,[117|30],[117|30],33,[2|206|1060],[[2|206|1060]],[18160]
43434,[66|43220],[[66|43220]],[[2|206|1320]],[],[19209],,434,[117|30],[117|30],34,[2|206|1320],[[2|206|1320]],[19209]
43435,[66|45580],[[66|45580]],[[2|206|1320]],[],[20258],,434,[117|30],[117|30],35,[2|206|1320],[[2|206|1320]],[20258]
43436,[66|47940],[[66|47940]],[[2|206|1320]],[],[21307],,434,[117|30],[117|30],36,[2|206|1320],[[2|206|1320]],[21307]
43437,[66|50300],[[66|50300]],[[2|206|1760]],[],[22356],,434,[117|30],[117|30],37,[2|206|1760],[[2|206|1760]],[22356]
43438,[66|52660],[[66|52660]],[[2|206|1760]],[],[23405],,434,[117|30],[117|30],38,[2|206|1760],[[2|206|1760]],[23405]
43439,[66|55020],[[66|55020]],[[2|206|1760]],[],[24454],,434,[117|30],[117|30],39,[2|206|1760],[[2|206|1760]],[24454]
43440,[66|64450],[[66|64450]],[[2|206|1760]],[],[28645],,434,[117|30],[117|30],40,[2|206|1760],[[2|206|1760]],[28645]
51101,[65|105],[[65|105]],[[2|206|180]],[],[420],,511,[117|0],[117|0],1,[2|206|180],[[2|206|180]],[420]
51102,[65|210],[[65|210]],[[2|206|215]],[],[840],,511,[117|0],[117|0],2,[2|206|215],[[2|206|215]],[840]
51103,[65|315],[[65|315]],[[2|206|230]],[],[1260],,511,[117|0],[117|0],3,[2|206|230],[[2|206|230]],[1260]
51104,[65|420],[[65|420]],[[2|206|250]],[],[1680],,511,[117|0],[117|0],4,[2|206|250],[[2|206|250]],[1680]
51105,[65|525],[[65|525]],[[2|206|265]],[],[2100],,511,[117|0],[117|0],5,[2|206|265],[[2|206|265]],[2100]
51106,[65|630],[[65|630]],[[2|206|285]],[],[2520],,511,[117|0],[117|0],6,[2|206|285],[[2|206|285]],[2520]
51107,[65|735],[[65|735]],[[2|206|320]],[],[2940],,511,[117|0],[117|0],7,[2|206|320],[[2|206|320]],[2940]
51108,[65|840],[[65|840]],[[2|206|355]],[],[3360],,511,[117|0],[117|0],8,[2|206|355],[[2|206|355]],[3360]
51109,[65|945],[[65|945]],[[2|206|530]],[],[3780],,511,[117|0],[117|0],9,[2|206|530],[[2|206|530]],[3780]
51110,[65|1365],[[65|1365]],[[2|206|705]],[],[5460],,511,[117|0],[117|0],10,[2|206|705],[[2|206|705]],[5460]
51111,[65|1525],[[65|1525]],[[2|206|530]],[],[6100],,511,[117|10],[117|10],11,[2|206|530],[[2|206|530]],[6100]
51112,[65|1685],[[65|1685]],[[2|206|530]],[],[6740],,511,[117|10],[117|10],12,[2|206|530],[[2|206|530]],[6740]
51113,[65|1845],[[65|1845]],[[2|206|620]],[],[7380],,511,[117|10],[117|10],13,[2|206|620],[[2|206|620]],[7380]
51114,[65|2005],[[65|2005]],[[2|206|620]],[],[8020],,511,[117|10],[117|10],14,[2|206|620],[[2|206|620]],[8020]
51115,[65|2165],[[65|2165]],[[2|206|705]],[],[8660],,511,[117|10],[117|10],15,[2|206|705],[[2|206|705]],[8660]
51116,[65|2325],[[65|2325]],[[2|206|705]],[],[9300],,511,[117|10],[117|10],16,[2|206|705],[[2|206|705]],[9300]
51117,[65|2485],[[65|2485]],[[2|206|880]],[],[9940],,511,[117|10],[117|10],17,[2|206|880],[[2|206|880]],[9940]
51118,[65|2645],[[65|2645]],[[2|206|880]],[],[10580],,511,[117|10],[117|10],18,[2|206|880],[[2|206|880]],[10580]
51119,[65|2805],[[65|2805]],[[2|206|1060]],[],[11220],,511,[117|10],[117|10],19,[2|206|1060],[[2|206|1060]],[11220]
51120,[65|3435],[[65|3435]],[[2|206|1410]],[],[13740],,511,[117|10],[117|10],20,[2|206|1410],[[2|206|1410]],[13740]
51121,[65|3750],[[65|3750]],[[2|206|1060]],[],[15000],,511,[117|20],[117|20],21,[2|206|1060],[[2|206|1060]],[15000]
51122,[65|4065],[[65|4065]],[[2|206|1145]],[],[16260],,511,[117|20],[117|20],22,[2|206|1145],[[2|206|1145]],[16260]
51123,[65|4380],[[65|4380]],[[2|206|1235]],[],[17520],,511,[117|20],[117|20],23,[2|206|1235],[[2|206|1235]],[17520]
51124,[65|4695],[[65|4695]],[[2|206|845]],[],[18780],,511,[117|20],[117|20],24,[2|206|845],[[2|206|845]],[18780]
51125,[65|5010],[[65|5010]],[[2|206|1410]],[],[20040],,511,[117|20],[117|20],25,[2|206|1410],[[2|206|1410]],[20040]
51126,[65|5325],[[65|5325]],[[2|206|1585]],[],[21300],,511,[117|20],[117|20],26,[2|206|1585],[[2|206|1585]],[21300]
51127,[65|5640],[[65|5640]],[[2|206|1585]],[],[22560],,511,[117|20],[117|20],27,[2|206|1585],[[2|206|1585]],[22560]
51128,[65|5955],[[65|5955]],[[2|206|1760]],[],[23820],,511,[117|20],[117|20],28,[2|206|1760],[[2|206|1760]],[23820]
51129,[65|6270],[[65|6270]],[[2|206|1760]],[],[25080],,511,[117|20],[117|20],29,[2|206|1760],[[2|206|1760]],[25080]
51130,[65|7530],[[65|7530]],[[2|206|2640]],[],[30120],,511,[117|20],[117|20],30,[2|206|2640],[[2|206|2640]],[30120]
51131,[65|8055],[[65|8055]],[[2|206|1760]],[],[32220],,511,[117|30],[117|30],31,[2|206|1760],[[2|206|1760]],[32220]
51132,[65|8580],[[65|8580]],[[2|206|1935]],[],[34320],,511,[117|30],[117|30],32,[2|206|1935],[[2|206|1935]],[34320]
51133,[65|9105],[[65|9105]],[[2|206|2115]],[],[36420],,511,[117|30],[117|30],33,[2|206|2115],[[2|206|2115]],[36420]
51134,[65|9630],[[65|9630]],[[2|206|2640]],[],[38520],,511,[117|30],[117|30],34,[2|206|2640],[[2|206|2640]],[38520]
51135,[65|10155],[[65|10155]],[[2|206|2640]],[],[40620],,511,[117|30],[117|30],35,[2|206|2640],[[2|206|2640]],[40620]
51136,[65|10680],[[65|10680]],[[2|206|2640]],[],[42720],,511,[117|30],[117|30],36,[2|206|2640],[[2|206|2640]],[42720]
51137,[65|11205],[[65|11205]],[[2|206|3520]],[],[44820],,511,[117|30],[117|30],37,[2|206|3520],[[2|206|3520]],[44820]
51138,[65|11730],[[65|11730]],[[2|206|3520]],[],[46920],,511,[117|30],[117|30],38,[2|206|3520],[[2|206|3520]],[46920]
51139,[65|12255],[[65|12255]],[[2|206|3520]],[],[49020],,511,[117|30],[117|30],39,[2|206|3520],[[2|206|3520]],[49020]
51140,[65|14355],[[65|14355]],[[2|206|3520]],[],[57420],,511,[117|30],[117|30],40,[2|206|3520],[[2|206|3520]],[57420]
51201,[66|755|65|25],[[66|755]|[65|25]],[[2|206|180]],[],[436],,512,[117|0],[117|0],1,[2|206|180],[[2|206|180]],[436]
51202,[66|1510|65|50],[[66|1510]|[65|50]],[[2|206|215]],[],[872],,512,[117|0],[117|0],2,[2|206|215],[[2|206|215]],[872]
51203,[66|2265|65|75],[[66|2265]|[65|75]],[[2|206|230]],[],[1307],,512,[117|0],[117|0],3,[2|206|230],[[2|206|230]],[1307]
51204,[66|3020|65|100],[[66|3020]|[65|100]],[[2|206|250]],[],[1743],,512,[117|0],[117|0],4,[2|206|250],[[2|206|250]],[1743]
51205,[66|3775|65|125],[[66|3775]|[65|125]],[[2|206|265]],[],[2178],,512,[117|0],[117|0],5,[2|206|265],[[2|206|265]],[2178]
51206,[66|4530|65|150],[[66|4530]|[65|150]],[[2|206|285]],[],[2614],,512,[117|0],[117|0],6,[2|206|285],[[2|206|285]],[2614]
51207,[66|5285|65|175],[[66|5285]|[65|175]],[[2|206|320]],[],[3049],,512,[117|0],[117|0],7,[2|206|320],[[2|206|320]],[3049]
51208,[66|6040|65|200],[[66|6040]|[65|200]],[[2|206|355]],[],[3485],,512,[117|0],[117|0],8,[2|206|355],[[2|206|355]],[3485]
51209,[66|6795|65|225],[[66|6795]|[65|225]],[[2|206|530]],[],[3920],,512,[117|0],[117|0],9,[2|206|530],[[2|206|530]],[3920]
51210,[66|9815|65|310],[[66|9815]|[65|310]],[[2|206|705]],[],[5603],,512,[117|0],[117|0],10,[2|206|705],[[2|206|705]],[5603]
51211,[66|10950|65|345],[[66|10950]|[65|345]],[[2|206|530]],[],[6247],,512,[117|10],[117|10],11,[2|206|530],[[2|206|530]],[6247]
51212,[66|12085|65|380],[[66|12085]|[65|380]],[[2|206|530]],[],[6892],,512,[117|10],[117|10],12,[2|206|530],[[2|206|530]],[6892]
51213,[66|13220|65|415],[[66|13220]|[65|415]],[[2|206|620]],[],[7536],,512,[117|10],[117|10],13,[2|206|620],[[2|206|620]],[7536]
51214,[66|14355|65|450],[[66|14355]|[65|450]],[[2|206|620]],[],[8180],,512,[117|10],[117|10],14,[2|206|620],[[2|206|620]],[8180]
51215,[66|15490|65|485],[[66|15490]|[65|485]],[[2|206|705]],[],[8825],,512,[117|10],[117|10],15,[2|206|705],[[2|206|705]],[8825]
51216,[66|16625|65|520],[[66|16625]|[65|520]],[[2|206|705]],[],[9469],,512,[117|10],[117|10],16,[2|206|705],[[2|206|705]],[9469]
51217,[66|17760|65|555],[[66|17760]|[65|555]],[[2|206|880]],[],[10114],,512,[117|10],[117|10],17,[2|206|880],[[2|206|880]],[10114]
51218,[66|18895|65|590],[[66|18895]|[65|590]],[[2|206|880]],[],[10758],,512,[117|10],[117|10],18,[2|206|880],[[2|206|880]],[10758]
51219,[66|20030|65|625],[[66|20030]|[65|625]],[[2|206|1060]],[],[11403],,512,[117|10],[117|10],19,[2|206|1060],[[2|206|1060]],[11403]
51220,[66|24555|65|755],[[66|24555]|[65|755]],[[2|206|1410]],[],[13934],,512,[117|10],[117|10],20,[2|206|1410],[[2|206|1410]],[13934]
51221,[66|26820|65|820],[[66|26820]|[65|820]],[[2|206|1060]],[],[15200],,512,[117|20],[117|20],21,[2|206|1060],[[2|206|1060]],[15200]
51222,[66|29085|65|885],[[66|29085]|[65|885]],[[2|206|1145]],[],[16467],,512,[117|20],[117|20],22,[2|206|1145],[[2|206|1145]],[16467]
51223,[66|31350|65|950],[[66|31350]|[65|950]],[[2|206|1235]],[],[17734],,512,[117|20],[117|20],23,[2|206|1235],[[2|206|1235]],[17734]
51224,[66|33615|65|1015],[[66|33615]|[65|1015]],[[2|206|845]],[],[19000],,512,[117|20],[117|20],24,[2|206|845],[[2|206|845]],[19000]
51225,[66|35880|65|1080],[[66|35880]|[65|1080]],[[2|206|1410]],[],[20267],,512,[117|20],[117|20],25,[2|206|1410],[[2|206|1410]],[20267]
51226,[66|38145|65|1145],[[66|38145]|[65|1145]],[[2|206|1585]],[],[21534],,512,[117|20],[117|20],26,[2|206|1585],[[2|206|1585]],[21534]
51227,[66|40410|65|1210],[[66|40410]|[65|1210]],[[2|206|1585]],[],[22800],,512,[117|20],[117|20],27,[2|206|1585],[[2|206|1585]],[22800]
51228,[66|42675|65|1275],[[66|42675]|[65|1275]],[[2|206|1760]],[],[24067],,512,[117|20],[117|20],28,[2|206|1760],[[2|206|1760]],[24067]
51229,[66|44940|65|1340],[[66|44940]|[65|1340]],[[2|206|1760]],[],[25334],,512,[117|20],[117|20],29,[2|206|1760],[[2|206|1760]],[25334]
51230,[66|53990|65|1595],[[66|53990]|[65|1595]],[[2|206|2640]],[],[30376],,512,[117|20],[117|20],30,[2|206|2640],[[2|206|2640]],[30376]
51231,[66|57760|65|1705],[[66|57760]|[65|1705]],[[2|206|1760]],[],[32492],,512,[117|30],[117|30],31,[2|206|1760],[[2|206|1760]],[32492]
51232,[66|61530|65|1815],[[66|61530]|[65|1815]],[[2|206|1935]],[],[34607],,512,[117|30],[117|30],32,[2|206|1935],[[2|206|1935]],[34607]
51233,[66|65300|65|1925],[[66|65300]|[65|1925]],[[2|206|2115]],[],[36723],,512,[117|30],[117|30],33,[2|206|2115],[[2|206|2115]],[36723]
51234,[66|69070|65|2035],[[66|69070]|[65|2035]],[[2|206|2640]],[],[38838],,512,[117|30],[117|30],34,[2|206|2640],[[2|206|2640]],[38838]
51235,[66|72840|65|2145],[[66|72840]|[65|2145]],[[2|206|2640]],[],[40954],,512,[117|30],[117|30],35,[2|206|2640],[[2|206|2640]],[40954]
51236,[66|76610|65|2255],[[66|76610]|[65|2255]],[[2|206|2640]],[],[43069],,512,[117|30],[117|30],36,[2|206|2640],[[2|206|2640]],[43069]
51237,[66|80380|65|2365],[[66|80380]|[65|2365]],[[2|206|3520]],[],[45185],,512,[117|30],[117|30],37,[2|206|3520],[[2|206|3520]],[45185]
51238,[66|84150|65|2475],[[66|84150]|[65|2475]],[[2|206|3520]],[],[47300],,512,[117|30],[117|30],38,[2|206|3520],[[2|206|3520]],[47300]
51239,[66|87920|65|2585],[[66|87920]|[65|2585]],[[2|206|3520]],[],[49416],,512,[117|30],[117|30],39,[2|206|3520],[[2|206|3520]],[49416]
51240,[66|103000|65|3010],[[66|103000]|[65|3010]],[[2|206|3520]],[],[57818],,512,[117|30],[117|30],40,[2|206|3520],[[2|206|3520]],[57818]
51301,[65|105],[[65|105]],[[2|206|180]],[],[420],,513,[117|0],[117|0],1,[2|206|180],[[2|206|180]],[420]
51302,[65|210],[[65|210]],[[2|206|215]],[],[840],,513,[117|0],[117|0],2,[2|206|215],[[2|206|215]],[840]
51303,[65|315],[[65|315]],[[2|206|230]],[],[1260],,513,[117|0],[117|0],3,[2|206|230],[[2|206|230]],[1260]
51304,[65|420],[[65|420]],[[2|206|250]],[],[1680],,513,[117|0],[117|0],4,[2|206|250],[[2|206|250]],[1680]
51305,[65|525],[[65|525]],[[2|206|265]],[],[2100],,513,[117|0],[117|0],5,[2|206|265],[[2|206|265]],[2100]
51306,[65|630],[[65|630]],[[2|206|285]],[],[2520],,513,[117|0],[117|0],6,[2|206|285],[[2|206|285]],[2520]
51307,[65|735],[[65|735]],[[2|206|320]],[],[2940],,513,[117|0],[117|0],7,[2|206|320],[[2|206|320]],[2940]
51308,[65|840],[[65|840]],[[2|206|355]],[],[3360],,513,[117|0],[117|0],8,[2|206|355],[[2|206|355]],[3360]
51309,[65|945],[[65|945]],[[2|206|530]],[],[3780],,513,[117|0],[117|0],9,[2|206|530],[[2|206|530]],[3780]
51310,[65|1365],[[65|1365]],[[2|206|705]],[],[5460],,513,[117|0],[117|0],10,[2|206|705],[[2|206|705]],[5460]
51311,[65|1525],[[65|1525]],[[2|206|530]],[],[6100],,513,[117|10],[117|10],11,[2|206|530],[[2|206|530]],[6100]
51312,[65|1685],[[65|1685]],[[2|206|530]],[],[6740],,513,[117|10],[117|10],12,[2|206|530],[[2|206|530]],[6740]
51313,[65|1845],[[65|1845]],[[2|206|620]],[],[7380],,513,[117|10],[117|10],13,[2|206|620],[[2|206|620]],[7380]
51314,[65|2005],[[65|2005]],[[2|206|620]],[],[8020],,513,[117|10],[117|10],14,[2|206|620],[[2|206|620]],[8020]
51315,[65|2165],[[65|2165]],[[2|206|705]],[],[8660],,513,[117|10],[117|10],15,[2|206|705],[[2|206|705]],[8660]
51316,[65|2325],[[65|2325]],[[2|206|705]],[],[9300],,513,[117|10],[117|10],16,[2|206|705],[[2|206|705]],[9300]
51317,[65|2485],[[65|2485]],[[2|206|880]],[],[9940],,513,[117|10],[117|10],17,[2|206|880],[[2|206|880]],[9940]
51318,[65|2645],[[65|2645]],[[2|206|880]],[],[10580],,513,[117|10],[117|10],18,[2|206|880],[[2|206|880]],[10580]
51319,[65|2805],[[65|2805]],[[2|206|1060]],[],[11220],,513,[117|10],[117|10],19,[2|206|1060],[[2|206|1060]],[11220]
51320,[65|3435],[[65|3435]],[[2|206|1410]],[],[13740],,513,[117|10],[117|10],20,[2|206|1410],[[2|206|1410]],[13740]
51321,[65|3750],[[65|3750]],[[2|206|1060]],[],[15000],,513,[117|20],[117|20],21,[2|206|1060],[[2|206|1060]],[15000]
51322,[65|4065],[[65|4065]],[[2|206|1145]],[],[16260],,513,[117|20],[117|20],22,[2|206|1145],[[2|206|1145]],[16260]
51323,[65|4380],[[65|4380]],[[2|206|1235]],[],[17520],,513,[117|20],[117|20],23,[2|206|1235],[[2|206|1235]],[17520]
51324,[65|4695],[[65|4695]],[[2|206|845]],[],[18780],,513,[117|20],[117|20],24,[2|206|845],[[2|206|845]],[18780]
51325,[65|5010],[[65|5010]],[[2|206|1410]],[],[20040],,513,[117|20],[117|20],25,[2|206|1410],[[2|206|1410]],[20040]
51326,[65|5325],[[65|5325]],[[2|206|1585]],[],[21300],,513,[117|20],[117|20],26,[2|206|1585],[[2|206|1585]],[21300]
51327,[65|5640],[[65|5640]],[[2|206|1585]],[],[22560],,513,[117|20],[117|20],27,[2|206|1585],[[2|206|1585]],[22560]
51328,[65|5955],[[65|5955]],[[2|206|1760]],[],[23820],,513,[117|20],[117|20],28,[2|206|1760],[[2|206|1760]],[23820]
51329,[65|6270],[[65|6270]],[[2|206|1760]],[],[25080],,513,[117|20],[117|20],29,[2|206|1760],[[2|206|1760]],[25080]
51330,[65|7530],[[65|7530]],[[2|206|2640]],[],[30120],,513,[117|20],[117|20],30,[2|206|2640],[[2|206|2640]],[30120]
51331,[65|8055],[[65|8055]],[[2|206|1760]],[],[32220],,513,[117|30],[117|30],31,[2|206|1760],[[2|206|1760]],[32220]
51332,[65|8580],[[65|8580]],[[2|206|1935]],[],[34320],,513,[117|30],[117|30],32,[2|206|1935],[[2|206|1935]],[34320]
51333,[65|9105],[[65|9105]],[[2|206|2115]],[],[36420],,513,[117|30],[117|30],33,[2|206|2115],[[2|206|2115]],[36420]
51334,[65|9630],[[65|9630]],[[2|206|2640]],[],[38520],,513,[117|30],[117|30],34,[2|206|2640],[[2|206|2640]],[38520]
51335,[65|10155],[[65|10155]],[[2|206|2640]],[],[40620],,513,[117|30],[117|30],35,[2|206|2640],[[2|206|2640]],[40620]
51336,[65|10680],[[65|10680]],[[2|206|2640]],[],[42720],,513,[117|30],[117|30],36,[2|206|2640],[[2|206|2640]],[42720]
51337,[65|11205],[[65|11205]],[[2|206|3520]],[],[44820],,513,[117|30],[117|30],37,[2|206|3520],[[2|206|3520]],[44820]
51338,[65|11730],[[65|11730]],[[2|206|3520]],[],[46920],,513,[117|30],[117|30],38,[2|206|3520],[[2|206|3520]],[46920]
51339,[65|12255],[[65|12255]],[[2|206|3520]],[],[49020],,513,[117|30],[117|30],39,[2|206|3520],[[2|206|3520]],[49020]
51340,[65|14355],[[65|14355]],[[2|206|3520]],[],[57420],,513,[117|30],[117|30],40,[2|206|3520],[[2|206|3520]],[57420]
51401,[66|755|65|25],[[66|755]|[65|25]],[[2|206|180]],[],[436],,514,[117|0],[117|0],1,[2|206|180],[[2|206|180]],[436]
51402,[66|1510|65|50],[[66|1510]|[65|50]],[[2|206|215]],[],[872],,514,[117|0],[117|0],2,[2|206|215],[[2|206|215]],[872]
51403,[66|2265|65|75],[[66|2265]|[65|75]],[[2|206|230]],[],[1307],,514,[117|0],[117|0],3,[2|206|230],[[2|206|230]],[1307]
51404,[66|3020|65|100],[[66|3020]|[65|100]],[[2|206|250]],[],[1743],,514,[117|0],[117|0],4,[2|206|250],[[2|206|250]],[1743]
51405,[66|3775|65|125],[[66|3775]|[65|125]],[[2|206|265]],[],[2178],,514,[117|0],[117|0],5,[2|206|265],[[2|206|265]],[2178]
51406,[66|4530|65|150],[[66|4530]|[65|150]],[[2|206|285]],[],[2614],,514,[117|0],[117|0],6,[2|206|285],[[2|206|285]],[2614]
51407,[66|5285|65|175],[[66|5285]|[65|175]],[[2|206|320]],[],[3049],,514,[117|0],[117|0],7,[2|206|320],[[2|206|320]],[3049]
51408,[66|6040|65|200],[[66|6040]|[65|200]],[[2|206|355]],[],[3485],,514,[117|0],[117|0],8,[2|206|355],[[2|206|355]],[3485]
51409,[66|6795|65|225],[[66|6795]|[65|225]],[[2|206|530]],[],[3920],,514,[117|0],[117|0],9,[2|206|530],[[2|206|530]],[3920]
51410,[66|9815|65|310],[[66|9815]|[65|310]],[[2|206|705]],[],[5603],,514,[117|0],[117|0],10,[2|206|705],[[2|206|705]],[5603]
51411,[66|10950|65|345],[[66|10950]|[65|345]],[[2|206|530]],[],[6247],,514,[117|10],[117|10],11,[2|206|530],[[2|206|530]],[6247]
51412,[66|12085|65|380],[[66|12085]|[65|380]],[[2|206|530]],[],[6892],,514,[117|10],[117|10],12,[2|206|530],[[2|206|530]],[6892]
51413,[66|13220|65|415],[[66|13220]|[65|415]],[[2|206|620]],[],[7536],,514,[117|10],[117|10],13,[2|206|620],[[2|206|620]],[7536]
51414,[66|14355|65|450],[[66|14355]|[65|450]],[[2|206|620]],[],[8180],,514,[117|10],[117|10],14,[2|206|620],[[2|206|620]],[8180]
51415,[66|15490|65|485],[[66|15490]|[65|485]],[[2|206|705]],[],[8825],,514,[117|10],[117|10],15,[2|206|705],[[2|206|705]],[8825]
51416,[66|16625|65|520],[[66|16625]|[65|520]],[[2|206|705]],[],[9469],,514,[117|10],[117|10],16,[2|206|705],[[2|206|705]],[9469]
51417,[66|17760|65|555],[[66|17760]|[65|555]],[[2|206|880]],[],[10114],,514,[117|10],[117|10],17,[2|206|880],[[2|206|880]],[10114]
51418,[66|18895|65|590],[[66|18895]|[65|590]],[[2|206|880]],[],[10758],,514,[117|10],[117|10],18,[2|206|880],[[2|206|880]],[10758]
51419,[66|20030|65|625],[[66|20030]|[65|625]],[[2|206|1060]],[],[11403],,514,[117|10],[117|10],19,[2|206|1060],[[2|206|1060]],[11403]
51420,[66|24555|65|755],[[66|24555]|[65|755]],[[2|206|1410]],[],[13934],,514,[117|10],[117|10],20,[2|206|1410],[[2|206|1410]],[13934]
51421,[66|26820|65|820],[[66|26820]|[65|820]],[[2|206|1060]],[],[15200],,514,[117|20],[117|20],21,[2|206|1060],[[2|206|1060]],[15200]
51422,[66|29085|65|885],[[66|29085]|[65|885]],[[2|206|1145]],[],[16467],,514,[117|20],[117|20],22,[2|206|1145],[[2|206|1145]],[16467]
51423,[66|31350|65|950],[[66|31350]|[65|950]],[[2|206|1235]],[],[17734],,514,[117|20],[117|20],23,[2|206|1235],[[2|206|1235]],[17734]
51424,[66|33615|65|1015],[[66|33615]|[65|1015]],[[2|206|845]],[],[19000],,514,[117|20],[117|20],24,[2|206|845],[[2|206|845]],[19000]
51425,[66|35880|65|1080],[[66|35880]|[65|1080]],[[2|206|1410]],[],[20267],,514,[117|20],[117|20],25,[2|206|1410],[[2|206|1410]],[20267]
51426,[66|38145|65|1145],[[66|38145]|[65|1145]],[[2|206|1585]],[],[21534],,514,[117|20],[117|20],26,[2|206|1585],[[2|206|1585]],[21534]
51427,[66|40410|65|1210],[[66|40410]|[65|1210]],[[2|206|1585]],[],[22800],,514,[117|20],[117|20],27,[2|206|1585],[[2|206|1585]],[22800]
51428,[66|42675|65|1275],[[66|42675]|[65|1275]],[[2|206|1760]],[],[24067],,514,[117|20],[117|20],28,[2|206|1760],[[2|206|1760]],[24067]
51429,[66|44940|65|1340],[[66|44940]|[65|1340]],[[2|206|1760]],[],[25334],,514,[117|20],[117|20],29,[2|206|1760],[[2|206|1760]],[25334]
51430,[66|53990|65|1595],[[66|53990]|[65|1595]],[[2|206|2640]],[],[30376],,514,[117|20],[117|20],30,[2|206|2640],[[2|206|2640]],[30376]
51431,[66|57760|65|1705],[[66|57760]|[65|1705]],[[2|206|1760]],[],[32492],,514,[117|30],[117|30],31,[2|206|1760],[[2|206|1760]],[32492]
51432,[66|61530|65|1815],[[66|61530]|[65|1815]],[[2|206|1935]],[],[34607],,514,[117|30],[117|30],32,[2|206|1935],[[2|206|1935]],[34607]
51433,[66|65300|65|1925],[[66|65300]|[65|1925]],[[2|206|2115]],[],[36723],,514,[117|30],[117|30],33,[2|206|2115],[[2|206|2115]],[36723]
51434,[66|69070|65|2035],[[66|69070]|[65|2035]],[[2|206|2640]],[],[38838],,514,[117|30],[117|30],34,[2|206|2640],[[2|206|2640]],[38838]
51435,[66|72840|65|2145],[[66|72840]|[65|2145]],[[2|206|2640]],[],[40954],,514,[117|30],[117|30],35,[2|206|2640],[[2|206|2640]],[40954]
51436,[66|76610|65|2255],[[66|76610]|[65|2255]],[[2|206|2640]],[],[43069],,514,[117|30],[117|30],36,[2|206|2640],[[2|206|2640]],[43069]
51437,[66|80380|65|2365],[[66|80380]|[65|2365]],[[2|206|3520]],[],[45185],,514,[117|30],[117|30],37,[2|206|3520],[[2|206|3520]],[45185]
51438,[66|84150|65|2475],[[66|84150]|[65|2475]],[[2|206|3520]],[],[47300],,514,[117|30],[117|30],38,[2|206|3520],[[2|206|3520]],[47300]
51439,[66|87920|65|2585],[[66|87920]|[65|2585]],[[2|206|3520]],[],[49416],,514,[117|30],[117|30],39,[2|206|3520],[[2|206|3520]],[49416]
51440,[66|103000|65|3010],[[66|103000]|[65|3010]],[[2|206|3520]],[],[57818],,514,[117|30],[117|30],40,[2|206|3520],[[2|206|3520]],[57818]
53101,[65|85|66|190],[[65|85]|[66|190]],[[2|206|180]],[],[425],,531,[117|0],[117|0],1,[2|206|180],[[2|206|180]],[425]
53102,[65|170|66|380],[[65|170]|[66|380]],[[2|206|215]],[],[849],,531,[117|0],[117|0],2,[2|206|215],[[2|206|215]],[849]
53103,[65|255|66|570],[[65|255]|[66|570]],[[2|206|230]],[],[1274],,531,[117|0],[117|0],3,[2|206|230],[[2|206|230]],[1274]
53104,[65|340|66|760],[[65|340]|[66|760]],[[2|206|250]],[],[1698],,531,[117|0],[117|0],4,[2|206|250],[[2|206|250]],[1698]
53105,[65|425|66|950],[[65|425]|[66|950]],[[2|206|265]],[],[2123],,531,[117|0],[117|0],5,[2|206|265],[[2|206|265]],[2123]
53106,[65|510|66|1140],[[65|510]|[66|1140]],[[2|206|285]],[],[2547],,531,[117|0],[117|0],6,[2|206|285],[[2|206|285]],[2547]
53107,[65|595|66|1330],[[65|595]|[66|1330]],[[2|206|320]],[],[2972],,531,[117|0],[117|0],7,[2|206|320],[[2|206|320]],[2972]
53108,[65|680|66|1520],[[65|680]|[66|1520]],[[2|206|355]],[],[3396],,531,[117|0],[117|0],8,[2|206|355],[[2|206|355]],[3396]
53109,[65|765|66|1710],[[65|765]|[66|1710]],[[2|206|530]],[],[3820],,531,[117|0],[117|0],9,[2|206|530],[[2|206|530]],[3820]
53110,[65|1105|66|2465],[[65|1105]|[66|2465]],[[2|206|705]],[],[5516],,531,[117|0],[117|0],10,[2|206|705],[[2|206|705]],[5516]
53111,[65|1235|66|2750],[[65|1235]|[66|2750]],[[2|206|530]],[],[6163],,531,[117|10],[117|10],11,[2|206|530],[[2|206|530]],[6163]
53112,[65|1365|66|3035],[[65|1365]|[66|3035]],[[2|206|530]],[],[6809],,531,[117|10],[117|10],12,[2|206|530],[[2|206|530]],[6809]
53113,[65|1495|66|3320],[[65|1495]|[66|3320]],[[2|206|620]],[],[7456],,531,[117|10],[117|10],13,[2|206|620],[[2|206|620]],[7456]
53114,[65|1625|66|3605],[[65|1625]|[66|3605]],[[2|206|620]],[],[8103],,531,[117|10],[117|10],14,[2|206|620],[[2|206|620]],[8103]
53115,[65|1755|66|3890],[[65|1755]|[66|3890]],[[2|206|705]],[],[8749],,531,[117|10],[117|10],15,[2|206|705],[[2|206|705]],[8749]
53116,[65|1885|66|4175],[[65|1885]|[66|4175]],[[2|206|705]],[],[9396],,531,[117|10],[117|10],16,[2|206|705],[[2|206|705]],[9396]
53117,[65|2015|66|4460],[[65|2015]|[66|4460]],[[2|206|880]],[],[10043],,531,[117|10],[117|10],17,[2|206|880],[[2|206|880]],[10043]
53118,[65|2145|66|4745],[[65|2145]|[66|4745]],[[2|206|880]],[],[10689],,531,[117|10],[117|10],18,[2|206|880],[[2|206|880]],[10689]
53119,[65|2275|66|5030],[[65|2275]|[66|5030]],[[2|206|1060]],[],[11336],,531,[117|10],[117|10],19,[2|206|1060],[[2|206|1060]],[11336]
53120,[65|2780|66|6165],[[65|2780]|[66|6165]],[[2|206|1410]],[],[13860],,531,[117|10],[117|10],20,[2|206|1410],[[2|206|1410]],[13860]
53121,[65|3035|66|6735],[[65|3035]|[66|6735]],[[2|206|1060]],[],[15134],,531,[117|20],[117|20],21,[2|206|1060],[[2|206|1060]],[15134]
53122,[65|3290|66|7305],[[65|3290]|[66|7305]],[[2|206|1145]],[],[16407],,531,[117|20],[117|20],22,[2|206|1145],[[2|206|1145]],[16407]
53123,[65|3545|66|7875],[[65|3545]|[66|7875]],[[2|206|1235]],[],[17680],,531,[117|20],[117|20],23,[2|206|1235],[[2|206|1235]],[17680]
53124,[65|3800|66|8445],[[65|3800]|[66|8445]],[[2|206|845]],[],[18954],,531,[117|20],[117|20],24,[2|206|845],[[2|206|845]],[18954]
53125,[65|4055|66|9015],[[65|4055]|[66|9015]],[[2|206|1410]],[],[20227],,531,[117|20],[117|20],25,[2|206|1410],[[2|206|1410]],[20227]
53126,[65|4310|66|9585],[[65|4310]|[66|9585]],[[2|206|1585]],[],[21500],,531,[117|20],[117|20],26,[2|206|1585],[[2|206|1585]],[21500]
53127,[65|4565|66|10155],[[65|4565]|[66|10155]],[[2|206|1585]],[],[22774],,531,[117|20],[117|20],27,[2|206|1585],[[2|206|1585]],[22774]
53128,[65|4820|66|10725],[[65|4820]|[66|10725]],[[2|206|1760]],[],[24047],,531,[117|20],[117|20],28,[2|206|1760],[[2|206|1760]],[24047]
53129,[65|5075|66|11295],[[65|5075]|[66|11295]],[[2|206|1760]],[],[25320],,531,[117|20],[117|20],29,[2|206|1760],[[2|206|1760]],[25320]
53130,[65|6085|66|13560],[[65|6085]|[66|13560]],[[2|206|2640]],[],[30367],,531,[117|20],[117|20],30,[2|206|2640],[[2|206|2640]],[30367]
53131,[65|6505|66|14505],[[65|6505]|[66|14505]],[[2|206|1760]],[],[32467],,531,[117|30],[117|30],31,[2|206|1760],[[2|206|1760]],[32467]
53132,[65|6925|66|15450],[[65|6925]|[66|15450]],[[2|206|1935]],[],[34567],,531,[117|30],[117|30],32,[2|206|1935],[[2|206|1935]],[34567]
53133,[65|7345|66|16395],[[65|7345]|[66|16395]],[[2|206|2115]],[],[36667],,531,[117|30],[117|30],33,[2|206|2115],[[2|206|2115]],[36667]
53134,[65|7765|66|17340],[[65|7765]|[66|17340]],[[2|206|2640]],[],[38767],,531,[117|30],[117|30],34,[2|206|2640],[[2|206|2640]],[38767]
53135,[65|8185|66|18285],[[65|8185]|[66|18285]],[[2|206|2640]],[],[40867],,531,[117|30],[117|30],35,[2|206|2640],[[2|206|2640]],[40867]
53136,[65|8605|66|19230],[[65|8605]|[66|19230]],[[2|206|2640]],[],[42967],,531,[117|30],[117|30],36,[2|206|2640],[[2|206|2640]],[42967]
53137,[65|9025|66|20175],[[65|9025]|[66|20175]],[[2|206|3520]],[],[45067],,531,[117|30],[117|30],37,[2|206|3520],[[2|206|3520]],[45067]
53138,[65|9445|66|21120],[[65|9445]|[66|21120]],[[2|206|3520]],[],[47167],,531,[117|30],[117|30],38,[2|206|3520],[[2|206|3520]],[47167]
53139,[65|9865|66|22065],[[65|9865]|[66|22065]],[[2|206|3520]],[],[49267],,531,[117|30],[117|30],39,[2|206|3520],[[2|206|3520]],[49267]
53140,[65|11545|66|25840],[[65|11545]|[66|25840]],[[2|206|3520]],[],[57665],,531,[117|30],[117|30],40,[2|206|3520],[[2|206|3520]],[57665]
53201,[66|945],[[66|945]],[[2|206|180]],[],[420],,532,[117|0],[117|0],1,[2|206|180],[[2|206|180]],[420]
53202,[66|1890],[[66|1890]],[[2|206|215]],[],[840],,532,[117|0],[117|0],2,[2|206|215],[[2|206|215]],[840]
53203,[66|2835],[[66|2835]],[[2|206|230]],[],[1260],,532,[117|0],[117|0],3,[2|206|230],[[2|206|230]],[1260]
53204,[66|3780],[[66|3780]],[[2|206|250]],[],[1680],,532,[117|0],[117|0],4,[2|206|250],[[2|206|250]],[1680]
53205,[66|4725],[[66|4725]],[[2|206|265]],[],[2100],,532,[117|0],[117|0],5,[2|206|265],[[2|206|265]],[2100]
53206,[66|5670],[[66|5670]],[[2|206|285]],[],[2520],,532,[117|0],[117|0],6,[2|206|285],[[2|206|285]],[2520]
53207,[66|6615],[[66|6615]],[[2|206|320]],[],[2940],,532,[117|0],[117|0],7,[2|206|320],[[2|206|320]],[2940]
53208,[66|7560],[[66|7560]],[[2|206|355]],[],[3360],,532,[117|0],[117|0],8,[2|206|355],[[2|206|355]],[3360]
53209,[66|8505],[[66|8505]],[[2|206|530]],[],[3780],,532,[117|0],[117|0],9,[2|206|530],[[2|206|530]],[3780]
53210,[66|12280],[[66|12280]],[[2|206|705]],[],[5458],,532,[117|0],[117|0],10,[2|206|705],[[2|206|705]],[5458]
53211,[66|13695],[[66|13695]],[[2|206|530]],[],[6087],,532,[117|10],[117|10],11,[2|206|530],[[2|206|530]],[6087]
53212,[66|15110],[[66|15110]],[[2|206|530]],[],[6716],,532,[117|10],[117|10],12,[2|206|530],[[2|206|530]],[6716]
53213,[66|16525],[[66|16525]],[[2|206|620]],[],[7345],,532,[117|10],[117|10],13,[2|206|620],[[2|206|620]],[7345]
53214,[66|17940],[[66|17940]],[[2|206|620]],[],[7974],,532,[117|10],[117|10],14,[2|206|620],[[2|206|620]],[7974]
53215,[66|19355],[[66|19355]],[[2|206|705]],[],[8603],,532,[117|10],[117|10],15,[2|206|705],[[2|206|705]],[8603]
53216,[66|20770],[[66|20770]],[[2|206|705]],[],[9232],,532,[117|10],[117|10],16,[2|206|705],[[2|206|705]],[9232]
53217,[66|22185],[[66|22185]],[[2|206|880]],[],[9860],,532,[117|10],[117|10],17,[2|206|880],[[2|206|880]],[9860]
53218,[66|23600],[[66|23600]],[[2|206|880]],[],[10489],,532,[117|10],[117|10],18,[2|206|880],[[2|206|880]],[10489]
53219,[66|25015],[[66|25015]],[[2|206|1060]],[],[11118],,532,[117|10],[117|10],19,[2|206|1060],[[2|206|1060]],[11118]
53220,[66|30675],[[66|30675]],[[2|206|1410]],[],[13634],,532,[117|10],[117|10],20,[2|206|1410],[[2|206|1410]],[13634]
53221,[66|33505],[[66|33505]],[[2|206|1060]],[],[14892],,532,[117|20],[117|20],21,[2|206|1060],[[2|206|1060]],[14892]
53222,[66|36335],[[66|36335]],[[2|206|1145]],[],[16149],,532,[117|20],[117|20],22,[2|206|1145],[[2|206|1145]],[16149]
53223,[66|39165],[[66|39165]],[[2|206|1235]],[],[17407],,532,[117|20],[117|20],23,[2|206|1235],[[2|206|1235]],[17407]
53224,[66|41995],[[66|41995]],[[2|206|845]],[],[18665],,532,[117|20],[117|20],24,[2|206|845],[[2|206|845]],[18665]
53225,[66|44825],[[66|44825]],[[2|206|1410]],[],[19923],,532,[117|20],[117|20],25,[2|206|1410],[[2|206|1410]],[19923]
53226,[66|47655],[[66|47655]],[[2|206|1585]],[],[21180],,532,[117|20],[117|20],26,[2|206|1585],[[2|206|1585]],[21180]
53227,[66|50485],[[66|50485]],[[2|206|1585]],[],[22438],,532,[117|20],[117|20],27,[2|206|1585],[[2|206|1585]],[22438]
53228,[66|53315],[[66|53315]],[[2|206|1760]],[],[23696],,532,[117|20],[117|20],28,[2|206|1760],[[2|206|1760]],[23696]
53229,[66|56145],[[66|56145]],[[2|206|1760]],[],[24954],,532,[117|20],[117|20],29,[2|206|1760],[[2|206|1760]],[24954]
53230,[66|67460],[[66|67460]],[[2|206|2640]],[],[29983],,532,[117|20],[117|20],30,[2|206|2640],[[2|206|2640]],[29983]
53231,[66|72175],[[66|72175]],[[2|206|1760]],[],[32078],,532,[117|30],[117|30],31,[2|206|1760],[[2|206|1760]],[32078]
53232,[66|76890],[[66|76890]],[[2|206|1935]],[],[34174],,532,[117|30],[117|30],32,[2|206|1935],[[2|206|1935]],[34174]
53233,[66|81605],[[66|81605]],[[2|206|2115]],[],[36269],,532,[117|30],[117|30],33,[2|206|2115],[[2|206|2115]],[36269]
53234,[66|86320],[[66|86320]],[[2|206|2640]],[],[38365],,532,[117|30],[117|30],34,[2|206|2640],[[2|206|2640]],[38365]
53235,[66|91035],[[66|91035]],[[2|206|2640]],[],[40460],,532,[117|30],[117|30],35,[2|206|2640],[[2|206|2640]],[40460]
53236,[66|95750],[[66|95750]],[[2|206|2640]],[],[42556],,532,[117|30],[117|30],36,[2|206|2640],[[2|206|2640]],[42556]
53237,[66|100465],[[66|100465]],[[2|206|3520]],[],[44652],,532,[117|30],[117|30],37,[2|206|3520],[[2|206|3520]],[44652]
53238,[66|105180],[[66|105180]],[[2|206|3520]],[],[46747],,532,[117|30],[117|30],38,[2|206|3520],[[2|206|3520]],[46747]
53239,[66|109895],[[66|109895]],[[2|206|3520]],[],[48843],,532,[117|30],[117|30],39,[2|206|3520],[[2|206|3520]],[48843]
53240,[66|128750],[[66|128750]],[[2|206|3520]],[],[57223],,532,[117|30],[117|30],40,[2|206|3520],[[2|206|3520]],[57223]
53301,[65|85|66|190],[[65|85]|[66|190]],[[2|206|180]],[],[425],,533,[117|0],[117|0],1,[2|206|180],[[2|206|180]],[425]
53302,[65|170|66|380],[[65|170]|[66|380]],[[2|206|215]],[],[849],,533,[117|0],[117|0],2,[2|206|215],[[2|206|215]],[849]
53303,[65|255|66|570],[[65|255]|[66|570]],[[2|206|230]],[],[1274],,533,[117|0],[117|0],3,[2|206|230],[[2|206|230]],[1274]
53304,[65|340|66|760],[[65|340]|[66|760]],[[2|206|250]],[],[1698],,533,[117|0],[117|0],4,[2|206|250],[[2|206|250]],[1698]
53305,[65|425|66|950],[[65|425]|[66|950]],[[2|206|265]],[],[2123],,533,[117|0],[117|0],5,[2|206|265],[[2|206|265]],[2123]
53306,[65|510|66|1140],[[65|510]|[66|1140]],[[2|206|285]],[],[2547],,533,[117|0],[117|0],6,[2|206|285],[[2|206|285]],[2547]
53307,[65|595|66|1330],[[65|595]|[66|1330]],[[2|206|320]],[],[2972],,533,[117|0],[117|0],7,[2|206|320],[[2|206|320]],[2972]
53308,[65|680|66|1520],[[65|680]|[66|1520]],[[2|206|355]],[],[3396],,533,[117|0],[117|0],8,[2|206|355],[[2|206|355]],[3396]
53309,[65|765|66|1710],[[65|765]|[66|1710]],[[2|206|530]],[],[3820],,533,[117|0],[117|0],9,[2|206|530],[[2|206|530]],[3820]
53310,[65|1105|66|2465],[[65|1105]|[66|2465]],[[2|206|705]],[],[5516],,533,[117|0],[117|0],10,[2|206|705],[[2|206|705]],[5516]
53311,[65|1235|66|2750],[[65|1235]|[66|2750]],[[2|206|530]],[],[6163],,533,[117|10],[117|10],11,[2|206|530],[[2|206|530]],[6163]
53312,[65|1365|66|3035],[[65|1365]|[66|3035]],[[2|206|530]],[],[6809],,533,[117|10],[117|10],12,[2|206|530],[[2|206|530]],[6809]
53313,[65|1495|66|3320],[[65|1495]|[66|3320]],[[2|206|620]],[],[7456],,533,[117|10],[117|10],13,[2|206|620],[[2|206|620]],[7456]
53314,[65|1625|66|3605],[[65|1625]|[66|3605]],[[2|206|620]],[],[8103],,533,[117|10],[117|10],14,[2|206|620],[[2|206|620]],[8103]
53315,[65|1755|66|3890],[[65|1755]|[66|3890]],[[2|206|705]],[],[8749],,533,[117|10],[117|10],15,[2|206|705],[[2|206|705]],[8749]
53316,[65|1885|66|4175],[[65|1885]|[66|4175]],[[2|206|705]],[],[9396],,533,[117|10],[117|10],16,[2|206|705],[[2|206|705]],[9396]
53317,[65|2015|66|4460],[[65|2015]|[66|4460]],[[2|206|880]],[],[10043],,533,[117|10],[117|10],17,[2|206|880],[[2|206|880]],[10043]
53318,[65|2145|66|4745],[[65|2145]|[66|4745]],[[2|206|880]],[],[10689],,533,[117|10],[117|10],18,[2|206|880],[[2|206|880]],[10689]
53319,[65|2275|66|5030],[[65|2275]|[66|5030]],[[2|206|1060]],[],[11336],,533,[117|10],[117|10],19,[2|206|1060],[[2|206|1060]],[11336]
53320,[65|2780|66|6165],[[65|2780]|[66|6165]],[[2|206|1410]],[],[13860],,533,[117|10],[117|10],20,[2|206|1410],[[2|206|1410]],[13860]
53321,[65|3035|66|6735],[[65|3035]|[66|6735]],[[2|206|1060]],[],[15134],,533,[117|20],[117|20],21,[2|206|1060],[[2|206|1060]],[15134]
53322,[65|3290|66|7305],[[65|3290]|[66|7305]],[[2|206|1145]],[],[16407],,533,[117|20],[117|20],22,[2|206|1145],[[2|206|1145]],[16407]
53323,[65|3545|66|7875],[[65|3545]|[66|7875]],[[2|206|1235]],[],[17680],,533,[117|20],[117|20],23,[2|206|1235],[[2|206|1235]],[17680]
53324,[65|3800|66|8445],[[65|3800]|[66|8445]],[[2|206|845]],[],[18954],,533,[117|20],[117|20],24,[2|206|845],[[2|206|845]],[18954]
53325,[65|4055|66|9015],[[65|4055]|[66|9015]],[[2|206|1410]],[],[20227],,533,[117|20],[117|20],25,[2|206|1410],[[2|206|1410]],[20227]
53326,[65|4310|66|9585],[[65|4310]|[66|9585]],[[2|206|1585]],[],[21500],,533,[117|20],[117|20],26,[2|206|1585],[[2|206|1585]],[21500]
53327,[65|4565|66|10155],[[65|4565]|[66|10155]],[[2|206|1585]],[],[22774],,533,[117|20],[117|20],27,[2|206|1585],[[2|206|1585]],[22774]
53328,[65|4820|66|10725],[[65|4820]|[66|10725]],[[2|206|1760]],[],[24047],,533,[117|20],[117|20],28,[2|206|1760],[[2|206|1760]],[24047]
53329,[65|5075|66|11295],[[65|5075]|[66|11295]],[[2|206|1760]],[],[25320],,533,[117|20],[117|20],29,[2|206|1760],[[2|206|1760]],[25320]
53330,[65|6085|66|13560],[[65|6085]|[66|13560]],[[2|206|2640]],[],[30367],,533,[117|20],[117|20],30,[2|206|2640],[[2|206|2640]],[30367]
53331,[65|6505|66|14505],[[65|6505]|[66|14505]],[[2|206|1760]],[],[32467],,533,[117|30],[117|30],31,[2|206|1760],[[2|206|1760]],[32467]
53332,[65|6925|66|15450],[[65|6925]|[66|15450]],[[2|206|1935]],[],[34567],,533,[117|30],[117|30],32,[2|206|1935],[[2|206|1935]],[34567]
53333,[65|7345|66|16395],[[65|7345]|[66|16395]],[[2|206|2115]],[],[36667],,533,[117|30],[117|30],33,[2|206|2115],[[2|206|2115]],[36667]
53334,[65|7765|66|17340],[[65|7765]|[66|17340]],[[2|206|2640]],[],[38767],,533,[117|30],[117|30],34,[2|206|2640],[[2|206|2640]],[38767]
53335,[65|8185|66|18285],[[65|8185]|[66|18285]],[[2|206|2640]],[],[40867],,533,[117|30],[117|30],35,[2|206|2640],[[2|206|2640]],[40867]
53336,[65|8605|66|19230],[[65|8605]|[66|19230]],[[2|206|2640]],[],[42967],,533,[117|30],[117|30],36,[2|206|2640],[[2|206|2640]],[42967]
53337,[65|9025|66|20175],[[65|9025]|[66|20175]],[[2|206|3520]],[],[45067],,533,[117|30],[117|30],37,[2|206|3520],[[2|206|3520]],[45067]
53338,[65|9445|66|21120],[[65|9445]|[66|21120]],[[2|206|3520]],[],[47167],,533,[117|30],[117|30],38,[2|206|3520],[[2|206|3520]],[47167]
53339,[65|9865|66|22065],[[65|9865]|[66|22065]],[[2|206|3520]],[],[49267],,533,[117|30],[117|30],39,[2|206|3520],[[2|206|3520]],[49267]
53340,[65|11545|66|25840],[[65|11545]|[66|25840]],[[2|206|3520]],[],[57665],,533,[117|30],[117|30],40,[2|206|3520],[[2|206|3520]],[57665]
53401,[66|945],[[66|945]],[[2|206|180]],[],[420],,534,[117|0],[117|0],1,[2|206|180],[[2|206|180]],[420]
53402,[66|1890],[[66|1890]],[[2|206|215]],[],[840],,534,[117|0],[117|0],2,[2|206|215],[[2|206|215]],[840]
53403,[66|2835],[[66|2835]],[[2|206|230]],[],[1260],,534,[117|0],[117|0],3,[2|206|230],[[2|206|230]],[1260]
53404,[66|3780],[[66|3780]],[[2|206|250]],[],[1680],,534,[117|0],[117|0],4,[2|206|250],[[2|206|250]],[1680]
53405,[66|4725],[[66|4725]],[[2|206|265]],[],[2100],,534,[117|0],[117|0],5,[2|206|265],[[2|206|265]],[2100]
53406,[66|5670],[[66|5670]],[[2|206|285]],[],[2520],,534,[117|0],[117|0],6,[2|206|285],[[2|206|285]],[2520]
53407,[66|6615],[[66|6615]],[[2|206|320]],[],[2940],,534,[117|0],[117|0],7,[2|206|320],[[2|206|320]],[2940]
53408,[66|7560],[[66|7560]],[[2|206|355]],[],[3360],,534,[117|0],[117|0],8,[2|206|355],[[2|206|355]],[3360]
53409,[66|8505],[[66|8505]],[[2|206|530]],[],[3780],,534,[117|0],[117|0],9,[2|206|530],[[2|206|530]],[3780]
53410,[66|12280],[[66|12280]],[[2|206|705]],[],[5458],,534,[117|0],[117|0],10,[2|206|705],[[2|206|705]],[5458]
53411,[66|13695],[[66|13695]],[[2|206|530]],[],[6087],,534,[117|10],[117|10],11,[2|206|530],[[2|206|530]],[6087]
53412,[66|15110],[[66|15110]],[[2|206|530]],[],[6716],,534,[117|10],[117|10],12,[2|206|530],[[2|206|530]],[6716]
53413,[66|16525],[[66|16525]],[[2|206|620]],[],[7345],,534,[117|10],[117|10],13,[2|206|620],[[2|206|620]],[7345]
53414,[66|17940],[[66|17940]],[[2|206|620]],[],[7974],,534,[117|10],[117|10],14,[2|206|620],[[2|206|620]],[7974]
53415,[66|19355],[[66|19355]],[[2|206|705]],[],[8603],,534,[117|10],[117|10],15,[2|206|705],[[2|206|705]],[8603]
53416,[66|20770],[[66|20770]],[[2|206|705]],[],[9232],,534,[117|10],[117|10],16,[2|206|705],[[2|206|705]],[9232]
53417,[66|22185],[[66|22185]],[[2|206|880]],[],[9860],,534,[117|10],[117|10],17,[2|206|880],[[2|206|880]],[9860]
53418,[66|23600],[[66|23600]],[[2|206|880]],[],[10489],,534,[117|10],[117|10],18,[2|206|880],[[2|206|880]],[10489]
53419,[66|25015],[[66|25015]],[[2|206|1060]],[],[11118],,534,[117|10],[117|10],19,[2|206|1060],[[2|206|1060]],[11118]
53420,[66|30675],[[66|30675]],[[2|206|1410]],[],[13634],,534,[117|10],[117|10],20,[2|206|1410],[[2|206|1410]],[13634]
53421,[66|33505],[[66|33505]],[[2|206|1060]],[],[14892],,534,[117|20],[117|20],21,[2|206|1060],[[2|206|1060]],[14892]
53422,[66|36335],[[66|36335]],[[2|206|1145]],[],[16149],,534,[117|20],[117|20],22,[2|206|1145],[[2|206|1145]],[16149]
53423,[66|39165],[[66|39165]],[[2|206|1235]],[],[17407],,534,[117|20],[117|20],23,[2|206|1235],[[2|206|1235]],[17407]
53424,[66|41995],[[66|41995]],[[2|206|845]],[],[18665],,534,[117|20],[117|20],24,[2|206|845],[[2|206|845]],[18665]
53425,[66|44825],[[66|44825]],[[2|206|1410]],[],[19923],,534,[117|20],[117|20],25,[2|206|1410],[[2|206|1410]],[19923]
53426,[66|47655],[[66|47655]],[[2|206|1585]],[],[21180],,534,[117|20],[117|20],26,[2|206|1585],[[2|206|1585]],[21180]
53427,[66|50485],[[66|50485]],[[2|206|1585]],[],[22438],,534,[117|20],[117|20],27,[2|206|1585],[[2|206|1585]],[22438]
53428,[66|53315],[[66|53315]],[[2|206|1760]],[],[23696],,534,[117|20],[117|20],28,[2|206|1760],[[2|206|1760]],[23696]
53429,[66|56145],[[66|56145]],[[2|206|1760]],[],[24954],,534,[117|20],[117|20],29,[2|206|1760],[[2|206|1760]],[24954]
53430,[66|67460],[[66|67460]],[[2|206|2640]],[],[29983],,534,[117|20],[117|20],30,[2|206|2640],[[2|206|2640]],[29983]
53431,[66|72175],[[66|72175]],[[2|206|1760]],[],[32078],,534,[117|30],[117|30],31,[2|206|1760],[[2|206|1760]],[32078]
53432,[66|76890],[[66|76890]],[[2|206|1935]],[],[34174],,534,[117|30],[117|30],32,[2|206|1935],[[2|206|1935]],[34174]
53433,[66|81605],[[66|81605]],[[2|206|2115]],[],[36269],,534,[117|30],[117|30],33,[2|206|2115],[[2|206|2115]],[36269]
53434,[66|86320],[[66|86320]],[[2|206|2640]],[],[38365],,534,[117|30],[117|30],34,[2|206|2640],[[2|206|2640]],[38365]
53435,[66|91035],[[66|91035]],[[2|206|2640]],[],[40460],,534,[117|30],[117|30],35,[2|206|2640],[[2|206|2640]],[40460]
53436,[66|95750],[[66|95750]],[[2|206|2640]],[],[42556],,534,[117|30],[117|30],36,[2|206|2640],[[2|206|2640]],[42556]
53437,[66|100465],[[66|100465]],[[2|206|3520]],[],[44652],,534,[117|30],[117|30],37,[2|206|3520],[[2|206|3520]],[44652]
53438,[66|105180],[[66|105180]],[[2|206|3520]],[],[46747],,534,[117|30],[117|30],38,[2|206|3520],[[2|206|3520]],[46747]
53439,[66|109895],[[66|109895]],[[2|206|3520]],[],[48843],,534,[117|30],[117|30],39,[2|206|3520],[[2|206|3520]],[48843]
53440,[66|128750],[[66|128750]],[[2|206|3520]],[],[57223],,534,[117|30],[117|30],40,[2|206|3520],[[2|206|3520]],[57223]
52101,[65|105],[[65|105]],[[2|206|180]],[],[420],,521,[117|0],[117|0],1,[2|206|180],[[2|206|180]],[420]
52102,[65|210],[[65|210]],[[2|206|215]],[],[840],,521,[117|0],[117|0],2,[2|206|215],[[2|206|215]],[840]
52103,[65|315],[[65|315]],[[2|206|230]],[],[1260],,521,[117|0],[117|0],3,[2|206|230],[[2|206|230]],[1260]
52104,[65|420],[[65|420]],[[2|206|250]],[],[1680],,521,[117|0],[117|0],4,[2|206|250],[[2|206|250]],[1680]
52105,[65|525],[[65|525]],[[2|206|265]],[],[2100],,521,[117|0],[117|0],5,[2|206|265],[[2|206|265]],[2100]
52106,[65|630],[[65|630]],[[2|206|285]],[],[2520],,521,[117|0],[117|0],6,[2|206|285],[[2|206|285]],[2520]
52107,[65|735],[[65|735]],[[2|206|320]],[],[2940],,521,[117|0],[117|0],7,[2|206|320],[[2|206|320]],[2940]
52108,[65|840],[[65|840]],[[2|206|355]],[],[3360],,521,[117|0],[117|0],8,[2|206|355],[[2|206|355]],[3360]
52109,[65|945],[[65|945]],[[2|206|530]],[],[3780],,521,[117|0],[117|0],9,[2|206|530],[[2|206|530]],[3780]
52110,[65|1365],[[65|1365]],[[2|206|705]],[],[5460],,521,[117|0],[117|0],10,[2|206|705],[[2|206|705]],[5460]
52111,[65|1525],[[65|1525]],[[2|206|530]],[],[6100],,521,[117|10],[117|10],11,[2|206|530],[[2|206|530]],[6100]
52112,[65|1685],[[65|1685]],[[2|206|530]],[],[6740],,521,[117|10],[117|10],12,[2|206|530],[[2|206|530]],[6740]
52113,[65|1845],[[65|1845]],[[2|206|620]],[],[7380],,521,[117|10],[117|10],13,[2|206|620],[[2|206|620]],[7380]
52114,[65|2005],[[65|2005]],[[2|206|620]],[],[8020],,521,[117|10],[117|10],14,[2|206|620],[[2|206|620]],[8020]
52115,[65|2165],[[65|2165]],[[2|206|705]],[],[8660],,521,[117|10],[117|10],15,[2|206|705],[[2|206|705]],[8660]
52116,[65|2325],[[65|2325]],[[2|206|705]],[],[9300],,521,[117|10],[117|10],16,[2|206|705],[[2|206|705]],[9300]
52117,[65|2485],[[65|2485]],[[2|206|880]],[],[9940],,521,[117|10],[117|10],17,[2|206|880],[[2|206|880]],[9940]
52118,[65|2645],[[65|2645]],[[2|206|880]],[],[10580],,521,[117|10],[117|10],18,[2|206|880],[[2|206|880]],[10580]
52119,[65|2805],[[65|2805]],[[2|206|1060]],[],[11220],,521,[117|10],[117|10],19,[2|206|1060],[[2|206|1060]],[11220]
52120,[65|3435],[[65|3435]],[[2|206|1410]],[],[13740],,521,[117|10],[117|10],20,[2|206|1410],[[2|206|1410]],[13740]
52121,[65|3750],[[65|3750]],[[2|206|1060]],[],[15000],,521,[117|20],[117|20],21,[2|206|1060],[[2|206|1060]],[15000]
52122,[65|4065],[[65|4065]],[[2|206|1145]],[],[16260],,521,[117|20],[117|20],22,[2|206|1145],[[2|206|1145]],[16260]
52123,[65|4380],[[65|4380]],[[2|206|1235]],[],[17520],,521,[117|20],[117|20],23,[2|206|1235],[[2|206|1235]],[17520]
52124,[65|4695],[[65|4695]],[[2|206|845]],[],[18780],,521,[117|20],[117|20],24,[2|206|845],[[2|206|845]],[18780]
52125,[65|5010],[[65|5010]],[[2|206|1410]],[],[20040],,521,[117|20],[117|20],25,[2|206|1410],[[2|206|1410]],[20040]
52126,[65|5325],[[65|5325]],[[2|206|1585]],[],[21300],,521,[117|20],[117|20],26,[2|206|1585],[[2|206|1585]],[21300]
52127,[65|5640],[[65|5640]],[[2|206|1585]],[],[22560],,521,[117|20],[117|20],27,[2|206|1585],[[2|206|1585]],[22560]
52128,[65|5955],[[65|5955]],[[2|206|1760]],[],[23820],,521,[117|20],[117|20],28,[2|206|1760],[[2|206|1760]],[23820]
52129,[65|6270],[[65|6270]],[[2|206|1760]],[],[25080],,521,[117|20],[117|20],29,[2|206|1760],[[2|206|1760]],[25080]
52130,[65|7530],[[65|7530]],[[2|206|2640]],[],[30120],,521,[117|20],[117|20],30,[2|206|2640],[[2|206|2640]],[30120]
52131,[65|8055],[[65|8055]],[[2|206|1760]],[],[32220],,521,[117|30],[117|30],31,[2|206|1760],[[2|206|1760]],[32220]
52132,[65|8580],[[65|8580]],[[2|206|1935]],[],[34320],,521,[117|30],[117|30],32,[2|206|1935],[[2|206|1935]],[34320]
52133,[65|9105],[[65|9105]],[[2|206|2115]],[],[36420],,521,[117|30],[117|30],33,[2|206|2115],[[2|206|2115]],[36420]
52134,[65|9630],[[65|9630]],[[2|206|2640]],[],[38520],,521,[117|30],[117|30],34,[2|206|2640],[[2|206|2640]],[38520]
52135,[65|10155],[[65|10155]],[[2|206|2640]],[],[40620],,521,[117|30],[117|30],35,[2|206|2640],[[2|206|2640]],[40620]
52136,[65|10680],[[65|10680]],[[2|206|2640]],[],[42720],,521,[117|30],[117|30],36,[2|206|2640],[[2|206|2640]],[42720]
52137,[65|11205],[[65|11205]],[[2|206|3520]],[],[44820],,521,[117|30],[117|30],37,[2|206|3520],[[2|206|3520]],[44820]
52138,[65|11730],[[65|11730]],[[2|206|3520]],[],[46920],,521,[117|30],[117|30],38,[2|206|3520],[[2|206|3520]],[46920]
52139,[65|12255],[[65|12255]],[[2|206|3520]],[],[49020],,521,[117|30],[117|30],39,[2|206|3520],[[2|206|3520]],[49020]
52140,[65|14355],[[65|14355]],[[2|206|3520]],[],[57420],,521,[117|30],[117|30],40,[2|206|3520],[[2|206|3520]],[57420]
52201,[66|945],[[66|945]],[[2|206|180]],[],[420],,522,[117|0],[117|0],1,[2|206|180],[[2|206|180]],[420]
52202,[66|1890],[[66|1890]],[[2|206|215]],[],[840],,522,[117|0],[117|0],2,[2|206|215],[[2|206|215]],[840]
52203,[66|2835],[[66|2835]],[[2|206|230]],[],[1260],,522,[117|0],[117|0],3,[2|206|230],[[2|206|230]],[1260]
52204,[66|3780],[[66|3780]],[[2|206|250]],[],[1680],,522,[117|0],[117|0],4,[2|206|250],[[2|206|250]],[1680]
52205,[66|4725],[[66|4725]],[[2|206|265]],[],[2100],,522,[117|0],[117|0],5,[2|206|265],[[2|206|265]],[2100]
52206,[66|5670],[[66|5670]],[[2|206|285]],[],[2520],,522,[117|0],[117|0],6,[2|206|285],[[2|206|285]],[2520]
52207,[66|6615],[[66|6615]],[[2|206|320]],[],[2940],,522,[117|0],[117|0],7,[2|206|320],[[2|206|320]],[2940]
52208,[66|7560],[[66|7560]],[[2|206|355]],[],[3360],,522,[117|0],[117|0],8,[2|206|355],[[2|206|355]],[3360]
52209,[66|8505],[[66|8505]],[[2|206|530]],[],[3780],,522,[117|0],[117|0],9,[2|206|530],[[2|206|530]],[3780]
52210,[66|12280],[[66|12280]],[[2|206|705]],[],[5458],,522,[117|0],[117|0],10,[2|206|705],[[2|206|705]],[5458]
52211,[66|13695],[[66|13695]],[[2|206|530]],[],[6087],,522,[117|10],[117|10],11,[2|206|530],[[2|206|530]],[6087]
52212,[66|15110],[[66|15110]],[[2|206|530]],[],[6716],,522,[117|10],[117|10],12,[2|206|530],[[2|206|530]],[6716]
52213,[66|16525],[[66|16525]],[[2|206|620]],[],[7345],,522,[117|10],[117|10],13,[2|206|620],[[2|206|620]],[7345]
52214,[66|17940],[[66|17940]],[[2|206|620]],[],[7974],,522,[117|10],[117|10],14,[2|206|620],[[2|206|620]],[7974]
52215,[66|19355],[[66|19355]],[[2|206|705]],[],[8603],,522,[117|10],[117|10],15,[2|206|705],[[2|206|705]],[8603]
52216,[66|20770],[[66|20770]],[[2|206|705]],[],[9232],,522,[117|10],[117|10],16,[2|206|705],[[2|206|705]],[9232]
52217,[66|22185],[[66|22185]],[[2|206|880]],[],[9860],,522,[117|10],[117|10],17,[2|206|880],[[2|206|880]],[9860]
52218,[66|23600],[[66|23600]],[[2|206|880]],[],[10489],,522,[117|10],[117|10],18,[2|206|880],[[2|206|880]],[10489]
52219,[66|25015],[[66|25015]],[[2|206|1060]],[],[11118],,522,[117|10],[117|10],19,[2|206|1060],[[2|206|1060]],[11118]
52220,[66|30675],[[66|30675]],[[2|206|1410]],[],[13634],,522,[117|10],[117|10],20,[2|206|1410],[[2|206|1410]],[13634]
52221,[66|33505],[[66|33505]],[[2|206|1060]],[],[14892],,522,[117|20],[117|20],21,[2|206|1060],[[2|206|1060]],[14892]
52222,[66|36335],[[66|36335]],[[2|206|1145]],[],[16149],,522,[117|20],[117|20],22,[2|206|1145],[[2|206|1145]],[16149]
52223,[66|39165],[[66|39165]],[[2|206|1235]],[],[17407],,522,[117|20],[117|20],23,[2|206|1235],[[2|206|1235]],[17407]
52224,[66|41995],[[66|41995]],[[2|206|845]],[],[18665],,522,[117|20],[117|20],24,[2|206|845],[[2|206|845]],[18665]
52225,[66|44825],[[66|44825]],[[2|206|1410]],[],[19923],,522,[117|20],[117|20],25,[2|206|1410],[[2|206|1410]],[19923]
52226,[66|47655],[[66|47655]],[[2|206|1585]],[],[21180],,522,[117|20],[117|20],26,[2|206|1585],[[2|206|1585]],[21180]
52227,[66|50485],[[66|50485]],[[2|206|1585]],[],[22438],,522,[117|20],[117|20],27,[2|206|1585],[[2|206|1585]],[22438]
52228,[66|53315],[[66|53315]],[[2|206|1760]],[],[23696],,522,[117|20],[117|20],28,[2|206|1760],[[2|206|1760]],[23696]
52229,[66|56145],[[66|56145]],[[2|206|1760]],[],[24954],,522,[117|20],[117|20],29,[2|206|1760],[[2|206|1760]],[24954]
52230,[66|67460],[[66|67460]],[[2|206|2640]],[],[29983],,522,[117|20],[117|20],30,[2|206|2640],[[2|206|2640]],[29983]
52231,[66|72175],[[66|72175]],[[2|206|1760]],[],[32078],,522,[117|30],[117|30],31,[2|206|1760],[[2|206|1760]],[32078]
52232,[66|76890],[[66|76890]],[[2|206|1935]],[],[34174],,522,[117|30],[117|30],32,[2|206|1935],[[2|206|1935]],[34174]
52233,[66|81605],[[66|81605]],[[2|206|2115]],[],[36269],,522,[117|30],[117|30],33,[2|206|2115],[[2|206|2115]],[36269]
52234,[66|86320],[[66|86320]],[[2|206|2640]],[],[38365],,522,[117|30],[117|30],34,[2|206|2640],[[2|206|2640]],[38365]
52235,[66|91035],[[66|91035]],[[2|206|2640]],[],[40460],,522,[117|30],[117|30],35,[2|206|2640],[[2|206|2640]],[40460]
52236,[66|95750],[[66|95750]],[[2|206|2640]],[],[42556],,522,[117|30],[117|30],36,[2|206|2640],[[2|206|2640]],[42556]
52237,[66|100465],[[66|100465]],[[2|206|3520]],[],[44652],,522,[117|30],[117|30],37,[2|206|3520],[[2|206|3520]],[44652]
52238,[66|105180],[[66|105180]],[[2|206|3520]],[],[46747],,522,[117|30],[117|30],38,[2|206|3520],[[2|206|3520]],[46747]
52239,[66|109895],[[66|109895]],[[2|206|3520]],[],[48843],,522,[117|30],[117|30],39,[2|206|3520],[[2|206|3520]],[48843]
52240,[66|128750],[[66|128750]],[[2|206|3520]],[],[57223],,522,[117|30],[117|30],40,[2|206|3520],[[2|206|3520]],[57223]
52301,[65|105],[[65|105]],[[2|206|180]],[],[420],,523,[117|0],[117|0],1,[2|206|180],[[2|206|180]],[420]
52302,[65|210],[[65|210]],[[2|206|215]],[],[840],,523,[117|0],[117|0],2,[2|206|215],[[2|206|215]],[840]
52303,[65|315],[[65|315]],[[2|206|230]],[],[1260],,523,[117|0],[117|0],3,[2|206|230],[[2|206|230]],[1260]
52304,[65|420],[[65|420]],[[2|206|250]],[],[1680],,523,[117|0],[117|0],4,[2|206|250],[[2|206|250]],[1680]
52305,[65|525],[[65|525]],[[2|206|265]],[],[2100],,523,[117|0],[117|0],5,[2|206|265],[[2|206|265]],[2100]
52306,[65|630],[[65|630]],[[2|206|285]],[],[2520],,523,[117|0],[117|0],6,[2|206|285],[[2|206|285]],[2520]
52307,[65|735],[[65|735]],[[2|206|320]],[],[2940],,523,[117|0],[117|0],7,[2|206|320],[[2|206|320]],[2940]
52308,[65|840],[[65|840]],[[2|206|355]],[],[3360],,523,[117|0],[117|0],8,[2|206|355],[[2|206|355]],[3360]
52309,[65|945],[[65|945]],[[2|206|530]],[],[3780],,523,[117|0],[117|0],9,[2|206|530],[[2|206|530]],[3780]
52310,[65|1365],[[65|1365]],[[2|206|705]],[],[5460],,523,[117|0],[117|0],10,[2|206|705],[[2|206|705]],[5460]
52311,[65|1525],[[65|1525]],[[2|206|530]],[],[6100],,523,[117|10],[117|10],11,[2|206|530],[[2|206|530]],[6100]
52312,[65|1685],[[65|1685]],[[2|206|530]],[],[6740],,523,[117|10],[117|10],12,[2|206|530],[[2|206|530]],[6740]
52313,[65|1845],[[65|1845]],[[2|206|620]],[],[7380],,523,[117|10],[117|10],13,[2|206|620],[[2|206|620]],[7380]
52314,[65|2005],[[65|2005]],[[2|206|620]],[],[8020],,523,[117|10],[117|10],14,[2|206|620],[[2|206|620]],[8020]
52315,[65|2165],[[65|2165]],[[2|206|705]],[],[8660],,523,[117|10],[117|10],15,[2|206|705],[[2|206|705]],[8660]
52316,[65|2325],[[65|2325]],[[2|206|705]],[],[9300],,523,[117|10],[117|10],16,[2|206|705],[[2|206|705]],[9300]
52317,[65|2485],[[65|2485]],[[2|206|880]],[],[9940],,523,[117|10],[117|10],17,[2|206|880],[[2|206|880]],[9940]
52318,[65|2645],[[65|2645]],[[2|206|880]],[],[10580],,523,[117|10],[117|10],18,[2|206|880],[[2|206|880]],[10580]
52319,[65|2805],[[65|2805]],[[2|206|1060]],[],[11220],,523,[117|10],[117|10],19,[2|206|1060],[[2|206|1060]],[11220]
52320,[65|3435],[[65|3435]],[[2|206|1410]],[],[13740],,523,[117|10],[117|10],20,[2|206|1410],[[2|206|1410]],[13740]
52321,[65|3750],[[65|3750]],[[2|206|1060]],[],[15000],,523,[117|20],[117|20],21,[2|206|1060],[[2|206|1060]],[15000]
52322,[65|4065],[[65|4065]],[[2|206|1145]],[],[16260],,523,[117|20],[117|20],22,[2|206|1145],[[2|206|1145]],[16260]
52323,[65|4380],[[65|4380]],[[2|206|1235]],[],[17520],,523,[117|20],[117|20],23,[2|206|1235],[[2|206|1235]],[17520]
52324,[65|4695],[[65|4695]],[[2|206|845]],[],[18780],,523,[117|20],[117|20],24,[2|206|845],[[2|206|845]],[18780]
52325,[65|5010],[[65|5010]],[[2|206|1410]],[],[20040],,523,[117|20],[117|20],25,[2|206|1410],[[2|206|1410]],[20040]
52326,[65|5325],[[65|5325]],[[2|206|1585]],[],[21300],,523,[117|20],[117|20],26,[2|206|1585],[[2|206|1585]],[21300]
52327,[65|5640],[[65|5640]],[[2|206|1585]],[],[22560],,523,[117|20],[117|20],27,[2|206|1585],[[2|206|1585]],[22560]
52328,[65|5955],[[65|5955]],[[2|206|1760]],[],[23820],,523,[117|20],[117|20],28,[2|206|1760],[[2|206|1760]],[23820]
52329,[65|6270],[[65|6270]],[[2|206|1760]],[],[25080],,523,[117|20],[117|20],29,[2|206|1760],[[2|206|1760]],[25080]
52330,[65|7530],[[65|7530]],[[2|206|2640]],[],[30120],,523,[117|20],[117|20],30,[2|206|2640],[[2|206|2640]],[30120]
52331,[65|8055],[[65|8055]],[[2|206|1760]],[],[32220],,523,[117|30],[117|30],31,[2|206|1760],[[2|206|1760]],[32220]
52332,[65|8580],[[65|8580]],[[2|206|1935]],[],[34320],,523,[117|30],[117|30],32,[2|206|1935],[[2|206|1935]],[34320]
52333,[65|9105],[[65|9105]],[[2|206|2115]],[],[36420],,523,[117|30],[117|30],33,[2|206|2115],[[2|206|2115]],[36420]
52334,[65|9630],[[65|9630]],[[2|206|2640]],[],[38520],,523,[117|30],[117|30],34,[2|206|2640],[[2|206|2640]],[38520]
52335,[65|10155],[[65|10155]],[[2|206|2640]],[],[40620],,523,[117|30],[117|30],35,[2|206|2640],[[2|206|2640]],[40620]
52336,[65|10680],[[65|10680]],[[2|206|2640]],[],[42720],,523,[117|30],[117|30],36,[2|206|2640],[[2|206|2640]],[42720]
52337,[65|11205],[[65|11205]],[[2|206|3520]],[],[44820],,523,[117|30],[117|30],37,[2|206|3520],[[2|206|3520]],[44820]
52338,[65|11730],[[65|11730]],[[2|206|3520]],[],[46920],,523,[117|30],[117|30],38,[2|206|3520],[[2|206|3520]],[46920]
52339,[65|12255],[[65|12255]],[[2|206|3520]],[],[49020],,523,[117|30],[117|30],39,[2|206|3520],[[2|206|3520]],[49020]
52340,[65|14355],[[65|14355]],[[2|206|3520]],[],[57420],,523,[117|30],[117|30],40,[2|206|3520],[[2|206|3520]],[57420]
52401,[66|945],[[66|945]],[[2|206|180]],[],[420],,524,[117|0],[117|0],1,[2|206|180],[[2|206|180]],[420]
52402,[66|1890],[[66|1890]],[[2|206|215]],[],[840],,524,[117|0],[117|0],2,[2|206|215],[[2|206|215]],[840]
52403,[66|2835],[[66|2835]],[[2|206|230]],[],[1260],,524,[117|0],[117|0],3,[2|206|230],[[2|206|230]],[1260]
52404,[66|3780],[[66|3780]],[[2|206|250]],[],[1680],,524,[117|0],[117|0],4,[2|206|250],[[2|206|250]],[1680]
52405,[66|4725],[[66|4725]],[[2|206|265]],[],[2100],,524,[117|0],[117|0],5,[2|206|265],[[2|206|265]],[2100]
52406,[66|5670],[[66|5670]],[[2|206|285]],[],[2520],,524,[117|0],[117|0],6,[2|206|285],[[2|206|285]],[2520]
52407,[66|6615],[[66|6615]],[[2|206|320]],[],[2940],,524,[117|0],[117|0],7,[2|206|320],[[2|206|320]],[2940]
52408,[66|7560],[[66|7560]],[[2|206|355]],[],[3360],,524,[117|0],[117|0],8,[2|206|355],[[2|206|355]],[3360]
52409,[66|8505],[[66|8505]],[[2|206|530]],[],[3780],,524,[117|0],[117|0],9,[2|206|530],[[2|206|530]],[3780]
52410,[66|12280],[[66|12280]],[[2|206|705]],[],[5458],,524,[117|0],[117|0],10,[2|206|705],[[2|206|705]],[5458]
52411,[66|13695],[[66|13695]],[[2|206|530]],[],[6087],,524,[117|10],[117|10],11,[2|206|530],[[2|206|530]],[6087]
52412,[66|15110],[[66|15110]],[[2|206|530]],[],[6716],,524,[117|10],[117|10],12,[2|206|530],[[2|206|530]],[6716]
52413,[66|16525],[[66|16525]],[[2|206|620]],[],[7345],,524,[117|10],[117|10],13,[2|206|620],[[2|206|620]],[7345]
52414,[66|17940],[[66|17940]],[[2|206|620]],[],[7974],,524,[117|10],[117|10],14,[2|206|620],[[2|206|620]],[7974]
52415,[66|19355],[[66|19355]],[[2|206|705]],[],[8603],,524,[117|10],[117|10],15,[2|206|705],[[2|206|705]],[8603]
52416,[66|20770],[[66|20770]],[[2|206|705]],[],[9232],,524,[117|10],[117|10],16,[2|206|705],[[2|206|705]],[9232]
52417,[66|22185],[[66|22185]],[[2|206|880]],[],[9860],,524,[117|10],[117|10],17,[2|206|880],[[2|206|880]],[9860]
52418,[66|23600],[[66|23600]],[[2|206|880]],[],[10489],,524,[117|10],[117|10],18,[2|206|880],[[2|206|880]],[10489]
52419,[66|25015],[[66|25015]],[[2|206|1060]],[],[11118],,524,[117|10],[117|10],19,[2|206|1060],[[2|206|1060]],[11118]
52420,[66|30675],[[66|30675]],[[2|206|1410]],[],[13634],,524,[117|10],[117|10],20,[2|206|1410],[[2|206|1410]],[13634]
52421,[66|33505],[[66|33505]],[[2|206|1060]],[],[14892],,524,[117|20],[117|20],21,[2|206|1060],[[2|206|1060]],[14892]
52422,[66|36335],[[66|36335]],[[2|206|1145]],[],[16149],,524,[117|20],[117|20],22,[2|206|1145],[[2|206|1145]],[16149]
52423,[66|39165],[[66|39165]],[[2|206|1235]],[],[17407],,524,[117|20],[117|20],23,[2|206|1235],[[2|206|1235]],[17407]
52424,[66|41995],[[66|41995]],[[2|206|845]],[],[18665],,524,[117|20],[117|20],24,[2|206|845],[[2|206|845]],[18665]
52425,[66|44825],[[66|44825]],[[2|206|1410]],[],[19923],,524,[117|20],[117|20],25,[2|206|1410],[[2|206|1410]],[19923]
52426,[66|47655],[[66|47655]],[[2|206|1585]],[],[21180],,524,[117|20],[117|20],26,[2|206|1585],[[2|206|1585]],[21180]
52427,[66|50485],[[66|50485]],[[2|206|1585]],[],[22438],,524,[117|20],[117|20],27,[2|206|1585],[[2|206|1585]],[22438]
52428,[66|53315],[[66|53315]],[[2|206|1760]],[],[23696],,524,[117|20],[117|20],28,[2|206|1760],[[2|206|1760]],[23696]
52429,[66|56145],[[66|56145]],[[2|206|1760]],[],[24954],,524,[117|20],[117|20],29,[2|206|1760],[[2|206|1760]],[24954]
52430,[66|67460],[[66|67460]],[[2|206|2640]],[],[29983],,524,[117|20],[117|20],30,[2|206|2640],[[2|206|2640]],[29983]
52431,[66|72175],[[66|72175]],[[2|206|1760]],[],[32078],,524,[117|30],[117|30],31,[2|206|1760],[[2|206|1760]],[32078]
52432,[66|76890],[[66|76890]],[[2|206|1935]],[],[34174],,524,[117|30],[117|30],32,[2|206|1935],[[2|206|1935]],[34174]
52433,[66|81605],[[66|81605]],[[2|206|2115]],[],[36269],,524,[117|30],[117|30],33,[2|206|2115],[[2|206|2115]],[36269]
52434,[66|86320],[[66|86320]],[[2|206|2640]],[],[38365],,524,[117|30],[117|30],34,[2|206|2640],[[2|206|2640]],[38365]
52435,[66|91035],[[66|91035]],[[2|206|2640]],[],[40460],,524,[117|30],[117|30],35,[2|206|2640],[[2|206|2640]],[40460]
52436,[66|95750],[[66|95750]],[[2|206|2640]],[],[42556],,524,[117|30],[117|30],36,[2|206|2640],[[2|206|2640]],[42556]
52437,[66|100465],[[66|100465]],[[2|206|3520]],[],[44652],,524,[117|30],[117|30],37,[2|206|3520],[[2|206|3520]],[44652]
52438,[66|105180],[[66|105180]],[[2|206|3520]],[],[46747],,524,[117|30],[117|30],38,[2|206|3520],[[2|206|3520]],[46747]
52439,[66|109895],[[66|109895]],[[2|206|3520]],[],[48843],,524,[117|30],[117|30],39,[2|206|3520],[[2|206|3520]],[48843]
52440,[66|128750],[[66|128750]],[[2|206|3520]],[],[57223],,524,[117|30],[117|30],40,[2|206|3520],[[2|206|3520]],[57223]
61101,[65|210],[[65|210]],[[2|206|180]],[],[840],,611,[117|0],[117|0],1,[2|206|180],[[2|206|180]],[840]
61102,[65|420],[[65|420]],[[2|206|215]],[],[1680],,611,[117|0],[117|0],2,[2|206|215],[[2|206|215]],[1680]
61103,[65|630],[[65|630]],[[2|206|230]],[],[2520],,611,[117|0],[117|0],3,[2|206|230],[[2|206|230]],[2520]
61104,[65|840],[[65|840]],[[2|206|250]],[],[3360],,611,[117|0],[117|0],4,[2|206|250],[[2|206|250]],[3360]
61105,[65|1050],[[65|1050]],[[2|206|265]],[],[4200],,611,[117|0],[117|0],5,[2|206|265],[[2|206|265]],[4200]
61106,[65|1260],[[65|1260]],[[2|206|285]],[],[5040],,611,[117|0],[117|0],6,[2|206|285],[[2|206|285]],[5040]
61107,[65|1470],[[65|1470]],[[2|206|320]],[],[5880],,611,[117|0],[117|0],7,[2|206|320],[[2|206|320]],[5880]
61108,[65|1680],[[65|1680]],[[2|206|355]],[],[6720],,611,[117|0],[117|0],8,[2|206|355],[[2|206|355]],[6720]
61109,[65|1890],[[65|1890]],[[2|206|530]],[],[7560],,611,[117|0],[117|0],9,[2|206|530],[[2|206|530]],[7560]
61110,[65|2730],[[65|2730]],[[2|206|705]],[],[10920],,611,[117|0],[117|0],10,[2|206|705],[[2|206|705]],[10920]
61111,[65|3045],[[65|3045]],[[2|206|530]],[],[12180],,611,[117|10],[117|10],11,[2|206|530],[[2|206|530]],[12180]
61112,[65|3360],[[65|3360]],[[2|206|530]],[],[13440],,611,[117|10],[117|10],12,[2|206|530],[[2|206|530]],[13440]
61113,[65|3675],[[65|3675]],[[2|206|620]],[],[14700],,611,[117|10],[117|10],13,[2|206|620],[[2|206|620]],[14700]
61114,[65|3990],[[65|3990]],[[2|206|620]],[],[15960],,611,[117|10],[117|10],14,[2|206|620],[[2|206|620]],[15960]
61115,[65|4305],[[65|4305]],[[2|206|705]],[],[17220],,611,[117|10],[117|10],15,[2|206|705],[[2|206|705]],[17220]
61116,[65|4620],[[65|4620]],[[2|206|705]],[],[18480],,611,[117|10],[117|10],16,[2|206|705],[[2|206|705]],[18480]
61117,[65|4935],[[65|4935]],[[2|206|880]],[],[19740],,611,[117|10],[117|10],17,[2|206|880],[[2|206|880]],[19740]
61118,[65|5250],[[65|5250]],[[2|206|880]],[],[21000],,611,[117|10],[117|10],18,[2|206|880],[[2|206|880]],[21000]
61119,[65|5565],[[65|5565]],[[2|206|1060]],[],[22260],,611,[117|10],[117|10],19,[2|206|1060],[[2|206|1060]],[22260]
61120,[65|6825],[[65|6825]],[[2|206|1410]],[],[27300],,611,[117|10],[117|10],20,[2|206|1410],[[2|206|1410]],[27300]
61121,[65|7455],[[65|7455]],[[2|206|1060]],[],[29820],,611,[117|20],[117|20],21,[2|206|1060],[[2|206|1060]],[29820]
61122,[65|8085],[[65|8085]],[[2|206|1145]],[],[32340],,611,[117|20],[117|20],22,[2|206|1145],[[2|206|1145]],[32340]
61123,[65|8715],[[65|8715]],[[2|206|1235]],[],[34860],,611,[117|20],[117|20],23,[2|206|1235],[[2|206|1235]],[34860]
61124,[65|9345],[[65|9345]],[[2|206|845]],[],[37380],,611,[117|20],[117|20],24,[2|206|845],[[2|206|845]],[37380]
61125,[65|9975],[[65|9975]],[[2|206|1410]],[],[39900],,611,[117|20],[117|20],25,[2|206|1410],[[2|206|1410]],[39900]
61126,[65|10605],[[65|10605]],[[2|206|1585]],[],[42420],,611,[117|20],[117|20],26,[2|206|1585],[[2|206|1585]],[42420]
61127,[65|11235],[[65|11235]],[[2|206|1585]],[],[44940],,611,[117|20],[117|20],27,[2|206|1585],[[2|206|1585]],[44940]
61128,[65|11865],[[65|11865]],[[2|206|1760]],[],[47460],,611,[117|20],[117|20],28,[2|206|1760],[[2|206|1760]],[47460]
61129,[65|12495],[[65|12495]],[[2|206|1760]],[],[49980],,611,[117|20],[117|20],29,[2|206|1760],[[2|206|1760]],[49980]
61130,[65|15010],[[65|15010]],[[2|206|2640]],[],[60040],,611,[117|20],[117|20],30,[2|206|2640],[[2|206|2640]],[60040]
61131,[65|16060],[[65|16060]],[[2|206|1760]],[],[64240],,611,[117|30],[117|30],31,[2|206|1760],[[2|206|1760]],[64240]
61132,[65|17110],[[65|17110]],[[2|206|1935]],[],[68440],,611,[117|30],[117|30],32,[2|206|1935],[[2|206|1935]],[68440]
61133,[65|18160],[[65|18160]],[[2|206|2115]],[],[72640],,611,[117|30],[117|30],33,[2|206|2115],[[2|206|2115]],[72640]
61134,[65|19210],[[65|19210]],[[2|206|2640]],[],[76840],,611,[117|30],[117|30],34,[2|206|2640],[[2|206|2640]],[76840]
61135,[65|20260],[[65|20260]],[[2|206|2640]],[],[81040],,611,[117|30],[117|30],35,[2|206|2640],[[2|206|2640]],[81040]
61136,[65|21310],[[65|21310]],[[2|206|2640]],[],[85240],,611,[117|30],[117|30],36,[2|206|2640],[[2|206|2640]],[85240]
61137,[65|22360],[[65|22360]],[[2|206|3520]],[],[89440],,611,[117|30],[117|30],37,[2|206|3520],[[2|206|3520]],[89440]
61138,[65|23410],[[65|23410]],[[2|206|3520]],[],[93640],,611,[117|30],[117|30],38,[2|206|3520],[[2|206|3520]],[93640]
61139,[65|24460],[[65|24460]],[[2|206|3520]],[],[97840],,611,[117|30],[117|30],39,[2|206|3520],[[2|206|3520]],[97840]
61140,[65|28650],[[65|28650]],[[2|206|3520]],[],[114600],,611,[117|30],[117|30],40,[2|206|3520],[[2|206|3520]],[114600]
61141,[65|30330],[[65|30330]],[[2|206|2820]],[],[121320],,611,[117|40],[117|40],41,[2|206|2820],[[2|206|2820]],[121320]
61142,[65|32010],[[65|32010]],[[2|206|3100]],[],[128040],,611,[117|40],[117|40],42,[2|206|3100],[[2|206|3100]],[128040]
61143,[65|33690],[[65|33690]],[[2|206|3385]],[],[134760],,611,[117|40],[117|40],43,[2|206|3385],[[2|206|3385]],[134760]
61144,[65|35370],[[65|35370]],[[2|206|4225]],[],[141480],,611,[117|40],[117|40],44,[2|206|4225],[[2|206|4225]],[141480]
61145,[65|37050],[[65|37050]],[[2|206|4225]],[],[148200],,611,[117|40],[117|40],45,[2|206|4225],[[2|206|4225]],[148200]
61146,[65|38730],[[65|38730]],[[2|206|4225]],[],[154920],,611,[117|40],[117|40],46,[2|206|4225],[[2|206|4225]],[154920]
61147,[65|40410],[[65|40410]],[[2|206|5635]],[],[161640],,611,[117|40],[117|40],47,[2|206|5635],[[2|206|5635]],[161640]
61148,[65|42090],[[65|42090]],[[2|206|5635]],[],[168360],,611,[117|40],[117|40],48,[2|206|5635],[[2|206|5635]],[168360]
61149,[65|43770],[[65|43770]],[[2|206|5635]],[],[175080],,611,[117|40],[117|40],49,[2|206|5635],[[2|206|5635]],[175080]
61150,[65|50055],[[65|50055]],[[2|206|5635]],[],[200220],,611,[117|40],[117|40],50,[2|206|5635],[[2|206|5635]],[200220]
61201,[66|1510|65|45],[[66|1510]|[65|45]],[[2|206|180]],[],[852],,612,[117|0],[117|0],1,[2|206|180],[[2|206|180]],[852]
61202,[66|3020|65|90],[[66|3020]|[65|90]],[[2|206|215]],[],[1703],,612,[117|0],[117|0],2,[2|206|215],[[2|206|215]],[1703]
61203,[66|4530|65|135],[[66|4530]|[65|135]],[[2|206|230]],[],[2554],,612,[117|0],[117|0],3,[2|206|230],[[2|206|230]],[2554]
61204,[66|6040|65|180],[[66|6040]|[65|180]],[[2|206|250]],[],[3405],,612,[117|0],[117|0],4,[2|206|250],[[2|206|250]],[3405]
61205,[66|7550|65|225],[[66|7550]|[65|225]],[[2|206|265]],[],[4256],,612,[117|0],[117|0],5,[2|206|265],[[2|206|265]],[4256]
61206,[66|9060|65|270],[[66|9060]|[65|270]],[[2|206|285]],[],[5107],,612,[117|0],[117|0],6,[2|206|285],[[2|206|285]],[5107]
61207,[66|10570|65|315],[[66|10570]|[65|315]],[[2|206|320]],[],[5958],,612,[117|0],[117|0],7,[2|206|320],[[2|206|320]],[5958]
61208,[66|12080|65|360],[[66|12080]|[65|360]],[[2|206|355]],[],[6809],,612,[117|0],[117|0],8,[2|206|355],[[2|206|355]],[6809]
61209,[66|13590|65|405],[[66|13590]|[65|405]],[[2|206|530]],[],[7660],,612,[117|0],[117|0],9,[2|206|530],[[2|206|530]],[7660]
61210,[66|19625|65|575],[[66|19625]|[65|575]],[[2|206|705]],[],[11023],,612,[117|0],[117|0],10,[2|206|705],[[2|206|705]],[11023]
61211,[66|21890|65|640],[[66|21890]|[65|640]],[[2|206|530]],[],[12289],,612,[117|10],[117|10],11,[2|206|530],[[2|206|530]],[12289]
61212,[66|24155|65|705],[[66|24155]|[65|705]],[[2|206|530]],[],[13556],,612,[117|10],[117|10],12,[2|206|530],[[2|206|530]],[13556]
61213,[66|26420|65|770],[[66|26420]|[65|770]],[[2|206|620]],[],[14823],,612,[117|10],[117|10],13,[2|206|620],[[2|206|620]],[14823]
61214,[66|28685|65|835],[[66|28685]|[65|835]],[[2|206|620]],[],[16089],,612,[117|10],[117|10],14,[2|206|620],[[2|206|620]],[16089]
61215,[66|30950|65|900],[[66|30950]|[65|900]],[[2|206|705]],[],[17356],,612,[117|10],[117|10],15,[2|206|705],[[2|206|705]],[17356]
61216,[66|33215|65|965],[[66|33215]|[65|965]],[[2|206|705]],[],[18623],,612,[117|10],[117|10],16,[2|206|705],[[2|206|705]],[18623]
61217,[66|35480|65|1030],[[66|35480]|[65|1030]],[[2|206|880]],[],[19889],,612,[117|10],[117|10],17,[2|206|880],[[2|206|880]],[19889]
61218,[66|37745|65|1095],[[66|37745]|[65|1095]],[[2|206|880]],[],[21156],,612,[117|10],[117|10],18,[2|206|880],[[2|206|880]],[21156]
61219,[66|40010|65|1160],[[66|40010]|[65|1160]],[[2|206|1060]],[],[22423],,612,[117|10],[117|10],19,[2|206|1060],[[2|206|1060]],[22423]
61220,[66|49060|65|1415],[[66|49060]|[65|1415]],[[2|206|1410]],[],[27465],,612,[117|10],[117|10],20,[2|206|1410],[[2|206|1410]],[27465]
61221,[66|53585|65|1545],[[66|53585]|[65|1545]],[[2|206|1060]],[],[29996],,612,[117|20],[117|20],21,[2|206|1060],[[2|206|1060]],[29996]
61222,[66|58110|65|1675],[[66|58110]|[65|1675]],[[2|206|1145]],[],[32527],,612,[117|20],[117|20],22,[2|206|1145],[[2|206|1145]],[32527]
61223,[66|62635|65|1805],[[66|62635]|[65|1805]],[[2|206|1235]],[],[35058],,612,[117|20],[117|20],23,[2|206|1235],[[2|206|1235]],[35058]
61224,[66|67160|65|1935],[[66|67160]|[65|1935]],[[2|206|845]],[],[37589],,612,[117|20],[117|20],24,[2|206|845],[[2|206|845]],[37589]
61225,[66|71685|65|2065],[[66|71685]|[65|2065]],[[2|206|1410]],[],[40120],,612,[117|20],[117|20],25,[2|206|1410],[[2|206|1410]],[40120]
61226,[66|76210|65|2195],[[66|76210]|[65|2195]],[[2|206|1585]],[],[42652],,612,[117|20],[117|20],26,[2|206|1585],[[2|206|1585]],[42652]
61227,[66|80735|65|2325],[[66|80735]|[65|2325]],[[2|206|1585]],[],[45183],,612,[117|20],[117|20],27,[2|206|1585],[[2|206|1585]],[45183]
61228,[66|85260|65|2455],[[66|85260]|[65|2455]],[[2|206|1760]],[],[47714],,612,[117|20],[117|20],28,[2|206|1760],[[2|206|1760]],[47714]
61229,[66|89785|65|2585],[[66|89785]|[65|2585]],[[2|206|1760]],[],[50245],,612,[117|20],[117|20],29,[2|206|1760],[[2|206|1760]],[50245]
61230,[66|107885|65|3090],[[66|107885]|[65|3090]],[[2|206|2640]],[],[60309],,612,[117|20],[117|20],30,[2|206|2640],[[2|206|2640]],[60309]
61231,[66|115425|65|3300],[[66|115425]|[65|3300]],[[2|206|1760]],[],[64500],,612,[117|30],[117|30],31,[2|206|1760],[[2|206|1760]],[64500]
61232,[66|122965|65|3510],[[66|122965]|[65|3510]],[[2|206|1935]],[],[68692],,612,[117|30],[117|30],32,[2|206|1935],[[2|206|1935]],[68692]
61233,[66|130505|65|3720],[[66|130505]|[65|3720]],[[2|206|2115]],[],[72883],,612,[117|30],[117|30],33,[2|206|2115],[[2|206|2115]],[72883]
61234,[66|138045|65|3930],[[66|138045]|[65|3930]],[[2|206|2640]],[],[77074],,612,[117|30],[117|30],34,[2|206|2640],[[2|206|2640]],[77074]
61235,[66|145585|65|4140],[[66|145585]|[65|4140]],[[2|206|2640]],[],[81265],,612,[117|30],[117|30],35,[2|206|2640],[[2|206|2640]],[81265]
61236,[66|153125|65|4350],[[66|153125]|[65|4350]],[[2|206|2640]],[],[85456],,612,[117|30],[117|30],36,[2|206|2640],[[2|206|2640]],[85456]
61237,[66|160665|65|4560],[[66|160665]|[65|4560]],[[2|206|3520]],[],[89647],,612,[117|30],[117|30],37,[2|206|3520],[[2|206|3520]],[89647]
61238,[66|168205|65|4770],[[66|168205]|[65|4770]],[[2|206|3520]],[],[93838],,612,[117|30],[117|30],38,[2|206|3520],[[2|206|3520]],[93838]
61239,[66|175745|65|4980],[[66|175745]|[65|4980]],[[2|206|3520]],[],[98029],,612,[117|30],[117|30],39,[2|206|3520],[[2|206|3520]],[98029]
61240,[66|205905|65|5820],[[66|205905]|[65|5820]],[[2|206|3520]],[],[114794],,612,[117|30],[117|30],40,[2|206|3520],[[2|206|3520]],[114794]
61241,[66|217970|65|6160],[[66|217970]|[65|6160]],[[2|206|2820]],[],[121516],,612,[117|40],[117|40],41,[2|206|2820],[[2|206|2820]],[121516]
61242,[66|230035|65|6500],[[66|230035]|[65|6500]],[[2|206|3100]],[],[128238],,612,[117|40],[117|40],42,[2|206|3100],[[2|206|3100]],[128238]
61243,[66|242100|65|6840],[[66|242100]|[65|6840]],[[2|206|3385]],[],[134960],,612,[117|40],[117|40],43,[2|206|3385],[[2|206|3385]],[134960]
61244,[66|254165|65|7180],[[66|254165]|[65|7180]],[[2|206|4225]],[],[141683],,612,[117|40],[117|40],44,[2|206|4225],[[2|206|4225]],[141683]
61245,[66|266230|65|7520],[[66|266230]|[65|7520]],[[2|206|4225]],[],[148405],,612,[117|40],[117|40],45,[2|206|4225],[[2|206|4225]],[148405]
61246,[66|278295|65|7860],[[66|278295]|[65|7860]],[[2|206|4225]],[],[155127],,612,[117|40],[117|40],46,[2|206|4225],[[2|206|4225]],[155127]
61247,[66|290360|65|8200],[[66|290360]|[65|8200]],[[2|206|5635]],[],[161849],,612,[117|40],[117|40],47,[2|206|5635],[[2|206|5635]],[161849]
61248,[66|302425|65|8540],[[66|302425]|[65|8540]],[[2|206|5635]],[],[168572],,612,[117|40],[117|40],48,[2|206|5635],[[2|206|5635]],[168572]
61249,[66|314490|65|8880],[[66|314490]|[65|8880]],[[2|206|5635]],[],[175294],,612,[117|40],[117|40],49,[2|206|5635],[[2|206|5635]],[175294]
61250,[66|359730|65|10140],[[66|359730]|[65|10140]],[[2|206|5635]],[],[200440],,612,[117|40],[117|40],50,[2|206|5635],[[2|206|5635]],[200440]
61301,[65|210],[[65|210]],[[2|206|180]],[],[840],,613,[117|0],[117|0],1,[2|206|180],[[2|206|180]],[840]
61302,[65|420],[[65|420]],[[2|206|215]],[],[1680],,613,[117|0],[117|0],2,[2|206|215],[[2|206|215]],[1680]
61303,[65|630],[[65|630]],[[2|206|230]],[],[2520],,613,[117|0],[117|0],3,[2|206|230],[[2|206|230]],[2520]
61304,[65|840],[[65|840]],[[2|206|250]],[],[3360],,613,[117|0],[117|0],4,[2|206|250],[[2|206|250]],[3360]
61305,[65|1050],[[65|1050]],[[2|206|265]],[],[4200],,613,[117|0],[117|0],5,[2|206|265],[[2|206|265]],[4200]
61306,[65|1260],[[65|1260]],[[2|206|285]],[],[5040],,613,[117|0],[117|0],6,[2|206|285],[[2|206|285]],[5040]
61307,[65|1470],[[65|1470]],[[2|206|320]],[],[5880],,613,[117|0],[117|0],7,[2|206|320],[[2|206|320]],[5880]
61308,[65|1680],[[65|1680]],[[2|206|355]],[],[6720],,613,[117|0],[117|0],8,[2|206|355],[[2|206|355]],[6720]
61309,[65|1890],[[65|1890]],[[2|206|530]],[],[7560],,613,[117|0],[117|0],9,[2|206|530],[[2|206|530]],[7560]
61310,[65|2730],[[65|2730]],[[2|206|705]],[],[10920],,613,[117|0],[117|0],10,[2|206|705],[[2|206|705]],[10920]
61311,[65|3045],[[65|3045]],[[2|206|530]],[],[12180],,613,[117|10],[117|10],11,[2|206|530],[[2|206|530]],[12180]
61312,[65|3360],[[65|3360]],[[2|206|530]],[],[13440],,613,[117|10],[117|10],12,[2|206|530],[[2|206|530]],[13440]
61313,[65|3675],[[65|3675]],[[2|206|620]],[],[14700],,613,[117|10],[117|10],13,[2|206|620],[[2|206|620]],[14700]
61314,[65|3990],[[65|3990]],[[2|206|620]],[],[15960],,613,[117|10],[117|10],14,[2|206|620],[[2|206|620]],[15960]
61315,[65|4305],[[65|4305]],[[2|206|705]],[],[17220],,613,[117|10],[117|10],15,[2|206|705],[[2|206|705]],[17220]
61316,[65|4620],[[65|4620]],[[2|206|705]],[],[18480],,613,[117|10],[117|10],16,[2|206|705],[[2|206|705]],[18480]
61317,[65|4935],[[65|4935]],[[2|206|880]],[],[19740],,613,[117|10],[117|10],17,[2|206|880],[[2|206|880]],[19740]
61318,[65|5250],[[65|5250]],[[2|206|880]],[],[21000],,613,[117|10],[117|10],18,[2|206|880],[[2|206|880]],[21000]
61319,[65|5565],[[65|5565]],[[2|206|1060]],[],[22260],,613,[117|10],[117|10],19,[2|206|1060],[[2|206|1060]],[22260]
61320,[65|6825],[[65|6825]],[[2|206|1410]],[],[27300],,613,[117|10],[117|10],20,[2|206|1410],[[2|206|1410]],[27300]
61321,[65|7455],[[65|7455]],[[2|206|1060]],[],[29820],,613,[117|20],[117|20],21,[2|206|1060],[[2|206|1060]],[29820]
61322,[65|8085],[[65|8085]],[[2|206|1145]],[],[32340],,613,[117|20],[117|20],22,[2|206|1145],[[2|206|1145]],[32340]
61323,[65|8715],[[65|8715]],[[2|206|1235]],[],[34860],,613,[117|20],[117|20],23,[2|206|1235],[[2|206|1235]],[34860]
61324,[65|9345],[[65|9345]],[[2|206|845]],[],[37380],,613,[117|20],[117|20],24,[2|206|845],[[2|206|845]],[37380]
61325,[65|9975],[[65|9975]],[[2|206|1410]],[],[39900],,613,[117|20],[117|20],25,[2|206|1410],[[2|206|1410]],[39900]
61326,[65|10605],[[65|10605]],[[2|206|1585]],[],[42420],,613,[117|20],[117|20],26,[2|206|1585],[[2|206|1585]],[42420]
61327,[65|11235],[[65|11235]],[[2|206|1585]],[],[44940],,613,[117|20],[117|20],27,[2|206|1585],[[2|206|1585]],[44940]
61328,[65|11865],[[65|11865]],[[2|206|1760]],[],[47460],,613,[117|20],[117|20],28,[2|206|1760],[[2|206|1760]],[47460]
61329,[65|12495],[[65|12495]],[[2|206|1760]],[],[49980],,613,[117|20],[117|20],29,[2|206|1760],[[2|206|1760]],[49980]
61330,[65|15010],[[65|15010]],[[2|206|2640]],[],[60040],,613,[117|20],[117|20],30,[2|206|2640],[[2|206|2640]],[60040]
61331,[65|16060],[[65|16060]],[[2|206|1760]],[],[64240],,613,[117|30],[117|30],31,[2|206|1760],[[2|206|1760]],[64240]
61332,[65|17110],[[65|17110]],[[2|206|1935]],[],[68440],,613,[117|30],[117|30],32,[2|206|1935],[[2|206|1935]],[68440]
61333,[65|18160],[[65|18160]],[[2|206|2115]],[],[72640],,613,[117|30],[117|30],33,[2|206|2115],[[2|206|2115]],[72640]
61334,[65|19210],[[65|19210]],[[2|206|2640]],[],[76840],,613,[117|30],[117|30],34,[2|206|2640],[[2|206|2640]],[76840]
61335,[65|20260],[[65|20260]],[[2|206|2640]],[],[81040],,613,[117|30],[117|30],35,[2|206|2640],[[2|206|2640]],[81040]
61336,[65|21310],[[65|21310]],[[2|206|2640]],[],[85240],,613,[117|30],[117|30],36,[2|206|2640],[[2|206|2640]],[85240]
61337,[65|22360],[[65|22360]],[[2|206|3520]],[],[89440],,613,[117|30],[117|30],37,[2|206|3520],[[2|206|3520]],[89440]
61338,[65|23410],[[65|23410]],[[2|206|3520]],[],[93640],,613,[117|30],[117|30],38,[2|206|3520],[[2|206|3520]],[93640]
61339,[65|24460],[[65|24460]],[[2|206|3520]],[],[97840],,613,[117|30],[117|30],39,[2|206|3520],[[2|206|3520]],[97840]
61340,[65|28650],[[65|28650]],[[2|206|3520]],[],[114600],,613,[117|30],[117|30],40,[2|206|3520],[[2|206|3520]],[114600]
61341,[65|30330],[[65|30330]],[[2|206|2820]],[],[121320],,613,[117|40],[117|40],41,[2|206|2820],[[2|206|2820]],[121320]
61342,[65|32010],[[65|32010]],[[2|206|3100]],[],[128040],,613,[117|40],[117|40],42,[2|206|3100],[[2|206|3100]],[128040]
61343,[65|33690],[[65|33690]],[[2|206|3385]],[],[134760],,613,[117|40],[117|40],43,[2|206|3385],[[2|206|3385]],[134760]
61344,[65|35370],[[65|35370]],[[2|206|4225]],[],[141480],,613,[117|40],[117|40],44,[2|206|4225],[[2|206|4225]],[141480]
61345,[65|37050],[[65|37050]],[[2|206|4225]],[],[148200],,613,[117|40],[117|40],45,[2|206|4225],[[2|206|4225]],[148200]
61346,[65|38730],[[65|38730]],[[2|206|4225]],[],[154920],,613,[117|40],[117|40],46,[2|206|4225],[[2|206|4225]],[154920]
61347,[65|40410],[[65|40410]],[[2|206|5635]],[],[161640],,613,[117|40],[117|40],47,[2|206|5635],[[2|206|5635]],[161640]
61348,[65|42090],[[65|42090]],[[2|206|5635]],[],[168360],,613,[117|40],[117|40],48,[2|206|5635],[[2|206|5635]],[168360]
61349,[65|43770],[[65|43770]],[[2|206|5635]],[],[175080],,613,[117|40],[117|40],49,[2|206|5635],[[2|206|5635]],[175080]
61350,[65|50055],[[65|50055]],[[2|206|5635]],[],[200220],,613,[117|40],[117|40],50,[2|206|5635],[[2|206|5635]],[200220]
61401,[66|1510|65|45],[[66|1510]|[65|45]],[[2|206|180]],[],[852],,614,[117|0],[117|0],1,[2|206|180],[[2|206|180]],[852]
61402,[66|3020|65|90],[[66|3020]|[65|90]],[[2|206|215]],[],[1703],,614,[117|0],[117|0],2,[2|206|215],[[2|206|215]],[1703]
61403,[66|4530|65|135],[[66|4530]|[65|135]],[[2|206|230]],[],[2554],,614,[117|0],[117|0],3,[2|206|230],[[2|206|230]],[2554]
61404,[66|6040|65|180],[[66|6040]|[65|180]],[[2|206|250]],[],[3405],,614,[117|0],[117|0],4,[2|206|250],[[2|206|250]],[3405]
61405,[66|7550|65|225],[[66|7550]|[65|225]],[[2|206|265]],[],[4256],,614,[117|0],[117|0],5,[2|206|265],[[2|206|265]],[4256]
61406,[66|9060|65|270],[[66|9060]|[65|270]],[[2|206|285]],[],[5107],,614,[117|0],[117|0],6,[2|206|285],[[2|206|285]],[5107]
61407,[66|10570|65|315],[[66|10570]|[65|315]],[[2|206|320]],[],[5958],,614,[117|0],[117|0],7,[2|206|320],[[2|206|320]],[5958]
61408,[66|12080|65|360],[[66|12080]|[65|360]],[[2|206|355]],[],[6809],,614,[117|0],[117|0],8,[2|206|355],[[2|206|355]],[6809]
61409,[66|13590|65|405],[[66|13590]|[65|405]],[[2|206|530]],[],[7660],,614,[117|0],[117|0],9,[2|206|530],[[2|206|530]],[7660]
61410,[66|19625|65|575],[[66|19625]|[65|575]],[[2|206|705]],[],[11023],,614,[117|0],[117|0],10,[2|206|705],[[2|206|705]],[11023]
61411,[66|21890|65|640],[[66|21890]|[65|640]],[[2|206|530]],[],[12289],,614,[117|10],[117|10],11,[2|206|530],[[2|206|530]],[12289]
61412,[66|24155|65|705],[[66|24155]|[65|705]],[[2|206|530]],[],[13556],,614,[117|10],[117|10],12,[2|206|530],[[2|206|530]],[13556]
61413,[66|26420|65|770],[[66|26420]|[65|770]],[[2|206|620]],[],[14823],,614,[117|10],[117|10],13,[2|206|620],[[2|206|620]],[14823]
61414,[66|28685|65|835],[[66|28685]|[65|835]],[[2|206|620]],[],[16089],,614,[117|10],[117|10],14,[2|206|620],[[2|206|620]],[16089]
61415,[66|30950|65|900],[[66|30950]|[65|900]],[[2|206|705]],[],[17356],,614,[117|10],[117|10],15,[2|206|705],[[2|206|705]],[17356]
61416,[66|33215|65|965],[[66|33215]|[65|965]],[[2|206|705]],[],[18623],,614,[117|10],[117|10],16,[2|206|705],[[2|206|705]],[18623]
61417,[66|35480|65|1030],[[66|35480]|[65|1030]],[[2|206|880]],[],[19889],,614,[117|10],[117|10],17,[2|206|880],[[2|206|880]],[19889]
61418,[66|37745|65|1095],[[66|37745]|[65|1095]],[[2|206|880]],[],[21156],,614,[117|10],[117|10],18,[2|206|880],[[2|206|880]],[21156]
61419,[66|40010|65|1160],[[66|40010]|[65|1160]],[[2|206|1060]],[],[22423],,614,[117|10],[117|10],19,[2|206|1060],[[2|206|1060]],[22423]
61420,[66|49060|65|1415],[[66|49060]|[65|1415]],[[2|206|1410]],[],[27465],,614,[117|10],[117|10],20,[2|206|1410],[[2|206|1410]],[27465]
61421,[66|53585|65|1545],[[66|53585]|[65|1545]],[[2|206|1060]],[],[29996],,614,[117|20],[117|20],21,[2|206|1060],[[2|206|1060]],[29996]
61422,[66|58110|65|1675],[[66|58110]|[65|1675]],[[2|206|1145]],[],[32527],,614,[117|20],[117|20],22,[2|206|1145],[[2|206|1145]],[32527]
61423,[66|62635|65|1805],[[66|62635]|[65|1805]],[[2|206|1235]],[],[35058],,614,[117|20],[117|20],23,[2|206|1235],[[2|206|1235]],[35058]
61424,[66|67160|65|1935],[[66|67160]|[65|1935]],[[2|206|845]],[],[37589],,614,[117|20],[117|20],24,[2|206|845],[[2|206|845]],[37589]
61425,[66|71685|65|2065],[[66|71685]|[65|2065]],[[2|206|1410]],[],[40120],,614,[117|20],[117|20],25,[2|206|1410],[[2|206|1410]],[40120]
61426,[66|76210|65|2195],[[66|76210]|[65|2195]],[[2|206|1585]],[],[42652],,614,[117|20],[117|20],26,[2|206|1585],[[2|206|1585]],[42652]
61427,[66|80735|65|2325],[[66|80735]|[65|2325]],[[2|206|1585]],[],[45183],,614,[117|20],[117|20],27,[2|206|1585],[[2|206|1585]],[45183]
61428,[66|85260|65|2455],[[66|85260]|[65|2455]],[[2|206|1760]],[],[47714],,614,[117|20],[117|20],28,[2|206|1760],[[2|206|1760]],[47714]
61429,[66|89785|65|2585],[[66|89785]|[65|2585]],[[2|206|1760]],[],[50245],,614,[117|20],[117|20],29,[2|206|1760],[[2|206|1760]],[50245]
61430,[66|107885|65|3090],[[66|107885]|[65|3090]],[[2|206|2640]],[],[60309],,614,[117|20],[117|20],30,[2|206|2640],[[2|206|2640]],[60309]
61431,[66|115425|65|3300],[[66|115425]|[65|3300]],[[2|206|1760]],[],[64500],,614,[117|30],[117|30],31,[2|206|1760],[[2|206|1760]],[64500]
61432,[66|122965|65|3510],[[66|122965]|[65|3510]],[[2|206|1935]],[],[68692],,614,[117|30],[117|30],32,[2|206|1935],[[2|206|1935]],[68692]
61433,[66|130505|65|3720],[[66|130505]|[65|3720]],[[2|206|2115]],[],[72883],,614,[117|30],[117|30],33,[2|206|2115],[[2|206|2115]],[72883]
61434,[66|138045|65|3930],[[66|138045]|[65|3930]],[[2|206|2640]],[],[77074],,614,[117|30],[117|30],34,[2|206|2640],[[2|206|2640]],[77074]
61435,[66|145585|65|4140],[[66|145585]|[65|4140]],[[2|206|2640]],[],[81265],,614,[117|30],[117|30],35,[2|206|2640],[[2|206|2640]],[81265]
61436,[66|153125|65|4350],[[66|153125]|[65|4350]],[[2|206|2640]],[],[85456],,614,[117|30],[117|30],36,[2|206|2640],[[2|206|2640]],[85456]
61437,[66|160665|65|4560],[[66|160665]|[65|4560]],[[2|206|3520]],[],[89647],,614,[117|30],[117|30],37,[2|206|3520],[[2|206|3520]],[89647]
61438,[66|168205|65|4770],[[66|168205]|[65|4770]],[[2|206|3520]],[],[93838],,614,[117|30],[117|30],38,[2|206|3520],[[2|206|3520]],[93838]
61439,[66|175745|65|4980],[[66|175745]|[65|4980]],[[2|206|3520]],[],[98029],,614,[117|30],[117|30],39,[2|206|3520],[[2|206|3520]],[98029]
61440,[66|205905|65|5820],[[66|205905]|[65|5820]],[[2|206|3520]],[],[114794],,614,[117|30],[117|30],40,[2|206|3520],[[2|206|3520]],[114794]
61441,[66|217970|65|6160],[[66|217970]|[65|6160]],[[2|206|2820]],[],[121516],,614,[117|40],[117|40],41,[2|206|2820],[[2|206|2820]],[121516]
61442,[66|230035|65|6500],[[66|230035]|[65|6500]],[[2|206|3100]],[],[128238],,614,[117|40],[117|40],42,[2|206|3100],[[2|206|3100]],[128238]
61443,[66|242100|65|6840],[[66|242100]|[65|6840]],[[2|206|3385]],[],[134960],,614,[117|40],[117|40],43,[2|206|3385],[[2|206|3385]],[134960]
61444,[66|254165|65|7180],[[66|254165]|[65|7180]],[[2|206|4225]],[],[141683],,614,[117|40],[117|40],44,[2|206|4225],[[2|206|4225]],[141683]
61445,[66|266230|65|7520],[[66|266230]|[65|7520]],[[2|206|4225]],[],[148405],,614,[117|40],[117|40],45,[2|206|4225],[[2|206|4225]],[148405]
61446,[66|278295|65|7860],[[66|278295]|[65|7860]],[[2|206|4225]],[],[155127],,614,[117|40],[117|40],46,[2|206|4225],[[2|206|4225]],[155127]
61447,[66|290360|65|8200],[[66|290360]|[65|8200]],[[2|206|5635]],[],[161849],,614,[117|40],[117|40],47,[2|206|5635],[[2|206|5635]],[161849]
61448,[66|302425|65|8540],[[66|302425]|[65|8540]],[[2|206|5635]],[],[168572],,614,[117|40],[117|40],48,[2|206|5635],[[2|206|5635]],[168572]
61449,[66|314490|65|8880],[[66|314490]|[65|8880]],[[2|206|5635]],[],[175294],,614,[117|40],[117|40],49,[2|206|5635],[[2|206|5635]],[175294]
61450,[66|359730|65|10140],[[66|359730]|[65|10140]],[[2|206|5635]],[],[200440],,614,[117|40],[117|40],50,[2|206|5635],[[2|206|5635]],[200440]
63101,[65|170|66|380],[[65|170]|[66|380]],[[2|206|180]],[],[849],,631,[117|0],[117|0],1,[2|206|180],[[2|206|180]],[849]
63102,[65|340|66|760],[[65|340]|[66|760]],[[2|206|215]],[],[1698],,631,[117|0],[117|0],2,[2|206|215],[[2|206|215]],[1698]
63103,[65|510|66|1140],[[65|510]|[66|1140]],[[2|206|230]],[],[2547],,631,[117|0],[117|0],3,[2|206|230],[[2|206|230]],[2547]
63104,[65|680|66|1520],[[65|680]|[66|1520]],[[2|206|250]],[],[3396],,631,[117|0],[117|0],4,[2|206|250],[[2|206|250]],[3396]
63105,[65|850|66|1900],[[65|850]|[66|1900]],[[2|206|265]],[],[4245],,631,[117|0],[117|0],5,[2|206|265],[[2|206|265]],[4245]
63106,[65|1020|66|2280],[[65|1020]|[66|2280]],[[2|206|285]],[],[5094],,631,[117|0],[117|0],6,[2|206|285],[[2|206|285]],[5094]
63107,[65|1190|66|2660],[[65|1190]|[66|2660]],[[2|206|320]],[],[5943],,631,[117|0],[117|0],7,[2|206|320],[[2|206|320]],[5943]
63108,[65|1360|66|3040],[[65|1360]|[66|3040]],[[2|206|355]],[],[6792],,631,[117|0],[117|0],8,[2|206|355],[[2|206|355]],[6792]
63109,[65|1530|66|3420],[[65|1530]|[66|3420]],[[2|206|530]],[],[7640],,631,[117|0],[117|0],9,[2|206|530],[[2|206|530]],[7640]
63110,[65|2205|66|4930],[[65|2205]|[66|4930]],[[2|206|705]],[],[11012],,631,[117|0],[117|0],10,[2|206|705],[[2|206|705]],[11012]
63111,[65|2460|66|5500],[[65|2460]|[66|5500]],[[2|206|530]],[],[12285],,631,[117|10],[117|10],11,[2|206|530],[[2|206|530]],[12285]
63112,[65|2715|66|6070],[[65|2715]|[66|6070]],[[2|206|530]],[],[13558],,631,[117|10],[117|10],12,[2|206|530],[[2|206|530]],[13558]
63113,[65|2970|66|6640],[[65|2970]|[66|6640]],[[2|206|620]],[],[14832],,631,[117|10],[117|10],13,[2|206|620],[[2|206|620]],[14832]
63114,[65|3225|66|7210],[[65|3225]|[66|7210]],[[2|206|620]],[],[16105],,631,[117|10],[117|10],14,[2|206|620],[[2|206|620]],[16105]
63115,[65|3480|66|7780],[[65|3480]|[66|7780]],[[2|206|705]],[],[17378],,631,[117|10],[117|10],15,[2|206|705],[[2|206|705]],[17378]
63116,[65|3735|66|8350],[[65|3735]|[66|8350]],[[2|206|705]],[],[18652],,631,[117|10],[117|10],16,[2|206|705],[[2|206|705]],[18652]
63117,[65|3990|66|8920],[[65|3990]|[66|8920]],[[2|206|880]],[],[19925],,631,[117|10],[117|10],17,[2|206|880],[[2|206|880]],[19925]
63118,[65|4245|66|9490],[[65|4245]|[66|9490]],[[2|206|880]],[],[21198],,631,[117|10],[117|10],18,[2|206|880],[[2|206|880]],[21198]
63119,[65|4500|66|10060],[[65|4500]|[66|10060]],[[2|206|1060]],[],[22472],,631,[117|10],[117|10],19,[2|206|1060],[[2|206|1060]],[22472]
63120,[65|5510|66|12325],[[65|5510]|[66|12325]],[[2|206|1410]],[],[27518],,631,[117|10],[117|10],20,[2|206|1410],[[2|206|1410]],[27518]
63121,[65|6015|66|13460],[[65|6015]|[66|13460]],[[2|206|1060]],[],[30043],,631,[117|20],[117|20],21,[2|206|1060],[[2|206|1060]],[30043]
63122,[65|6520|66|14595],[[65|6520]|[66|14595]],[[2|206|1145]],[],[32567],,631,[117|20],[117|20],22,[2|206|1145],[[2|206|1145]],[32567]
63123,[65|7025|66|15730],[[65|7025]|[66|15730]],[[2|206|1235]],[],[35092],,631,[117|20],[117|20],23,[2|206|1235],[[2|206|1235]],[35092]
63124,[65|7530|66|16865],[[65|7530]|[66|16865]],[[2|206|845]],[],[37616],,631,[117|20],[117|20],24,[2|206|845],[[2|206|845]],[37616]
63125,[65|8035|66|18000],[[65|8035]|[66|18000]],[[2|206|1410]],[],[40140],,631,[117|20],[117|20],25,[2|206|1410],[[2|206|1410]],[40140]
63126,[65|8540|66|19135],[[65|8540]|[66|19135]],[[2|206|1585]],[],[42665],,631,[117|20],[117|20],26,[2|206|1585],[[2|206|1585]],[42665]
63127,[65|9045|66|20270],[[65|9045]|[66|20270]],[[2|206|1585]],[],[45189],,631,[117|20],[117|20],27,[2|206|1585],[[2|206|1585]],[45189]
63128,[65|9550|66|21405],[[65|9550]|[66|21405]],[[2|206|1760]],[],[47714],,631,[117|20],[117|20],28,[2|206|1760],[[2|206|1760]],[47714]
63129,[65|10055|66|22540],[[65|10055]|[66|22540]],[[2|206|1760]],[],[50238],,631,[117|20],[117|20],29,[2|206|1760],[[2|206|1760]],[50238]
63130,[65|12070|66|27065],[[65|12070]|[66|27065]],[[2|206|2640]],[],[60309],,631,[117|20],[117|20],30,[2|206|2640],[[2|206|2640]],[60309]
63131,[65|12910|66|28950],[[65|12910]|[66|28950]],[[2|206|1760]],[],[64507],,631,[117|30],[117|30],31,[2|206|1760],[[2|206|1760]],[64507]
63132,[65|13750|66|30835],[[65|13750]|[66|30835]],[[2|206|1935]],[],[68705],,631,[117|30],[117|30],32,[2|206|1935],[[2|206|1935]],[68705]
63133,[65|14590|66|32720],[[65|14590]|[66|32720]],[[2|206|2115]],[],[72903],,631,[117|30],[117|30],33,[2|206|2115],[[2|206|2115]],[72903]
63134,[65|15430|66|34605],[[65|15430]|[66|34605]],[[2|206|2640]],[],[77100],,631,[117|30],[117|30],34,[2|206|2640],[[2|206|2640]],[77100]
63135,[65|16270|66|36490],[[65|16270]|[66|36490]],[[2|206|2640]],[],[81298],,631,[117|30],[117|30],35,[2|206|2640],[[2|206|2640]],[81298]
63136,[65|17110|66|38375],[[65|17110]|[66|38375]],[[2|206|2640]],[],[85496],,631,[117|30],[117|30],36,[2|206|2640],[[2|206|2640]],[85496]
63137,[65|17950|66|40260],[[65|17950]|[66|40260]],[[2|206|3520]],[],[89694],,631,[117|30],[117|30],37,[2|206|3520],[[2|206|3520]],[89694]
63138,[65|18790|66|42145],[[65|18790]|[66|42145]],[[2|206|3520]],[],[93892],,631,[117|30],[117|30],38,[2|206|3520],[[2|206|3520]],[93892]
63139,[65|19630|66|44030],[[65|19630]|[66|44030]],[[2|206|3520]],[],[98089],,631,[117|30],[117|30],39,[2|206|3520],[[2|206|3520]],[98089]
63140,[65|22985|66|51570],[[65|22985]|[66|51570]],[[2|206|3520]],[],[114860],,631,[117|30],[117|30],40,[2|206|3520],[[2|206|3520]],[114860]
63141,[65|24330|66|54590],[[65|24330]|[66|54590]],[[2|206|2820]],[],[121583],,631,[117|40],[117|40],41,[2|206|2820],[[2|206|2820]],[121583]
63142,[65|25675|66|57610],[[65|25675]|[66|57610]],[[2|206|3100]],[],[128305],,631,[117|40],[117|40],42,[2|206|3100],[[2|206|3100]],[128305]
63143,[65|27020|66|60630],[[65|27020]|[66|60630]],[[2|206|3385]],[],[135027],,631,[117|40],[117|40],43,[2|206|3385],[[2|206|3385]],[135027]
63144,[65|28365|66|63650],[[65|28365]|[66|63650]],[[2|206|4225]],[],[141749],,631,[117|40],[117|40],44,[2|206|4225],[[2|206|4225]],[141749]
63145,[65|29710|66|66670],[[65|29710]|[66|66670]],[[2|206|4225]],[],[148472],,631,[117|40],[117|40],45,[2|206|4225],[[2|206|4225]],[148472]
63146,[65|31055|66|69690],[[65|31055]|[66|69690]],[[2|206|4225]],[],[155194],,631,[117|40],[117|40],46,[2|206|4225],[[2|206|4225]],[155194]
63147,[65|32400|66|72710],[[65|32400]|[66|72710]],[[2|206|5635]],[],[161916],,631,[117|40],[117|40],47,[2|206|5635],[[2|206|5635]],[161916]
63148,[65|33745|66|75730],[[65|33745]|[66|75730]],[[2|206|5635]],[],[168638],,631,[117|40],[117|40],48,[2|206|5635],[[2|206|5635]],[168638]
63149,[65|35090|66|78750],[[65|35090]|[66|78750]],[[2|206|5635]],[],[175360],,631,[117|40],[117|40],49,[2|206|5635],[[2|206|5635]],[175360]
63150,[65|40120|66|90060],[[65|40120]|[66|90060]],[[2|206|5635]],[],[200507],,631,[117|40],[117|40],50,[2|206|5635],[[2|206|5635]],[200507]
63201,[66|1885],[[66|1885]],[[2|206|180]],[],[838],,632,[117|0],[117|0],1,[2|206|180],[[2|206|180]],[838]
63202,[66|3770],[[66|3770]],[[2|206|215]],[],[1676],,632,[117|0],[117|0],2,[2|206|215],[[2|206|215]],[1676]
63203,[66|5655],[[66|5655]],[[2|206|230]],[],[2514],,632,[117|0],[117|0],3,[2|206|230],[[2|206|230]],[2514]
63204,[66|7540],[[66|7540]],[[2|206|250]],[],[3352],,632,[117|0],[117|0],4,[2|206|250],[[2|206|250]],[3352]
63205,[66|9425],[[66|9425]],[[2|206|265]],[],[4189],,632,[117|0],[117|0],5,[2|206|265],[[2|206|265]],[4189]
63206,[66|11310],[[66|11310]],[[2|206|285]],[],[5027],,632,[117|0],[117|0],6,[2|206|285],[[2|206|285]],[5027]
63207,[66|13195],[[66|13195]],[[2|206|320]],[],[5865],,632,[117|0],[117|0],7,[2|206|320],[[2|206|320]],[5865]
63208,[66|15080],[[66|15080]],[[2|206|355]],[],[6703],,632,[117|0],[117|0],8,[2|206|355],[[2|206|355]],[6703]
63209,[66|16965],[[66|16965]],[[2|206|530]],[],[7540],,632,[117|0],[117|0],9,[2|206|530],[[2|206|530]],[7540]
63210,[66|24505],[[66|24505]],[[2|206|705]],[],[10892],,632,[117|0],[117|0],10,[2|206|705],[[2|206|705]],[10892]
63211,[66|27335],[[66|27335]],[[2|206|530]],[],[12149],,632,[117|10],[117|10],11,[2|206|530],[[2|206|530]],[12149]
63212,[66|30165],[[66|30165]],[[2|206|530]],[],[13407],,632,[117|10],[117|10],12,[2|206|530],[[2|206|530]],[13407]
63213,[66|32995],[[66|32995]],[[2|206|620]],[],[14665],,632,[117|10],[117|10],13,[2|206|620],[[2|206|620]],[14665]
63214,[66|35825],[[66|35825]],[[2|206|620]],[],[15923],,632,[117|10],[117|10],14,[2|206|620],[[2|206|620]],[15923]
63215,[66|38655],[[66|38655]],[[2|206|705]],[],[17180],,632,[117|10],[117|10],15,[2|206|705],[[2|206|705]],[17180]
63216,[66|41485],[[66|41485]],[[2|206|705]],[],[18438],,632,[117|10],[117|10],16,[2|206|705],[[2|206|705]],[18438]
63217,[66|44315],[[66|44315]],[[2|206|880]],[],[19696],,632,[117|10],[117|10],17,[2|206|880],[[2|206|880]],[19696]
63218,[66|47145],[[66|47145]],[[2|206|880]],[],[20954],,632,[117|10],[117|10],18,[2|206|880],[[2|206|880]],[20954]
63219,[66|49975],[[66|49975]],[[2|206|1060]],[],[22212],,632,[117|10],[117|10],19,[2|206|1060],[[2|206|1060]],[22212]
63220,[66|61285],[[66|61285]],[[2|206|1410]],[],[27238],,632,[117|10],[117|10],20,[2|206|1410],[[2|206|1410]],[27238]
63221,[66|66940],[[66|66940]],[[2|206|1060]],[],[29752],,632,[117|20],[117|20],21,[2|206|1060],[[2|206|1060]],[29752]
63222,[66|72595],[[66|72595]],[[2|206|1145]],[],[32265],,632,[117|20],[117|20],22,[2|206|1145],[[2|206|1145]],[32265]
63223,[66|78250],[[66|78250]],[[2|206|1235]],[],[34778],,632,[117|20],[117|20],23,[2|206|1235],[[2|206|1235]],[34778]
63224,[66|83905],[[66|83905]],[[2|206|845]],[],[37292],,632,[117|20],[117|20],24,[2|206|845],[[2|206|845]],[37292]
63225,[66|89560],[[66|89560]],[[2|206|1410]],[],[39805],,632,[117|20],[117|20],25,[2|206|1410],[[2|206|1410]],[39805]
63226,[66|95215],[[66|95215]],[[2|206|1585]],[],[42318],,632,[117|20],[117|20],26,[2|206|1585],[[2|206|1585]],[42318]
63227,[66|100870],[[66|100870]],[[2|206|1585]],[],[44832],,632,[117|20],[117|20],27,[2|206|1585],[[2|206|1585]],[44832]
63228,[66|106525],[[66|106525]],[[2|206|1760]],[],[47345],,632,[117|20],[117|20],28,[2|206|1760],[[2|206|1760]],[47345]
63229,[66|112180],[[66|112180]],[[2|206|1760]],[],[49858],,632,[117|20],[117|20],29,[2|206|1760],[[2|206|1760]],[49858]
63230,[66|134800],[[66|134800]],[[2|206|2640]],[],[59912],,632,[117|20],[117|20],30,[2|206|2640],[[2|206|2640]],[59912]
63231,[66|144225],[[66|144225]],[[2|206|1760]],[],[64100],,632,[117|30],[117|30],31,[2|206|1760],[[2|206|1760]],[64100]
63232,[66|153650],[[66|153650]],[[2|206|1935]],[],[68289],,632,[117|30],[117|30],32,[2|206|1935],[[2|206|1935]],[68289]
63233,[66|163075],[[66|163075]],[[2|206|2115]],[],[72478],,632,[117|30],[117|30],33,[2|206|2115],[[2|206|2115]],[72478]
63234,[66|172500],[[66|172500]],[[2|206|2640]],[],[76667],,632,[117|30],[117|30],34,[2|206|2640],[[2|206|2640]],[76667]
63235,[66|181925],[[66|181925]],[[2|206|2640]],[],[80856],,632,[117|30],[117|30],35,[2|206|2640],[[2|206|2640]],[80856]
63236,[66|191350],[[66|191350]],[[2|206|2640]],[],[85045],,632,[117|30],[117|30],36,[2|206|2640],[[2|206|2640]],[85045]
63237,[66|200775],[[66|200775]],[[2|206|3520]],[],[89234],,632,[117|30],[117|30],37,[2|206|3520],[[2|206|3520]],[89234]
63238,[66|210200],[[66|210200]],[[2|206|3520]],[],[93423],,632,[117|30],[117|30],38,[2|206|3520],[[2|206|3520]],[93423]
63239,[66|219625],[[66|219625]],[[2|206|3520]],[],[97612],,632,[117|30],[117|30],39,[2|206|3520],[[2|206|3520]],[97612]
63240,[66|257325],[[66|257325]],[[2|206|3520]],[],[114367],,632,[117|30],[117|30],40,[2|206|3520],[[2|206|3520]],[114367]
63241,[66|272405],[[66|272405]],[[2|206|2820]],[],[121069],,632,[117|40],[117|40],41,[2|206|2820],[[2|206|2820]],[121069]
63242,[66|287485],[[66|287485]],[[2|206|3100]],[],[127772],,632,[117|40],[117|40],42,[2|206|3100],[[2|206|3100]],[127772]
63243,[66|302565],[[66|302565]],[[2|206|3385]],[],[134474],,632,[117|40],[117|40],43,[2|206|3385],[[2|206|3385]],[134474]
63244,[66|317645],[[66|317645]],[[2|206|4225]],[],[141176],,632,[117|40],[117|40],44,[2|206|4225],[[2|206|4225]],[141176]
63245,[66|332725],[[66|332725]],[[2|206|4225]],[],[147878],,632,[117|40],[117|40],45,[2|206|4225],[[2|206|4225]],[147878]
63246,[66|347805],[[66|347805]],[[2|206|4225]],[],[154580],,632,[117|40],[117|40],46,[2|206|4225],[[2|206|4225]],[154580]
63247,[66|362885],[[66|362885]],[[2|206|5635]],[],[161283],,632,[117|40],[117|40],47,[2|206|5635],[[2|206|5635]],[161283]
63248,[66|377965],[[66|377965]],[[2|206|5635]],[],[167985],,632,[117|40],[117|40],48,[2|206|5635],[[2|206|5635]],[167985]
63249,[66|393045],[[66|393045]],[[2|206|5635]],[],[174687],,632,[117|40],[117|40],49,[2|206|5635],[[2|206|5635]],[174687]
63250,[66|449595],[[66|449595]],[[2|206|5635]],[],[199820],,632,[117|40],[117|40],50,[2|206|5635],[[2|206|5635]],[199820]
63301,[65|170|66|380],[[65|170]|[66|380]],[[2|206|180]],[],[849],,633,[117|0],[117|0],1,[2|206|180],[[2|206|180]],[849]
63302,[65|340|66|760],[[65|340]|[66|760]],[[2|206|215]],[],[1698],,633,[117|0],[117|0],2,[2|206|215],[[2|206|215]],[1698]
63303,[65|510|66|1140],[[65|510]|[66|1140]],[[2|206|230]],[],[2547],,633,[117|0],[117|0],3,[2|206|230],[[2|206|230]],[2547]
63304,[65|680|66|1520],[[65|680]|[66|1520]],[[2|206|250]],[],[3396],,633,[117|0],[117|0],4,[2|206|250],[[2|206|250]],[3396]
63305,[65|850|66|1900],[[65|850]|[66|1900]],[[2|206|265]],[],[4245],,633,[117|0],[117|0],5,[2|206|265],[[2|206|265]],[4245]
63306,[65|1020|66|2280],[[65|1020]|[66|2280]],[[2|206|285]],[],[5094],,633,[117|0],[117|0],6,[2|206|285],[[2|206|285]],[5094]
63307,[65|1190|66|2660],[[65|1190]|[66|2660]],[[2|206|320]],[],[5943],,633,[117|0],[117|0],7,[2|206|320],[[2|206|320]],[5943]
63308,[65|1360|66|3040],[[65|1360]|[66|3040]],[[2|206|355]],[],[6792],,633,[117|0],[117|0],8,[2|206|355],[[2|206|355]],[6792]
63309,[65|1530|66|3420],[[65|1530]|[66|3420]],[[2|206|530]],[],[7640],,633,[117|0],[117|0],9,[2|206|530],[[2|206|530]],[7640]
63310,[65|2205|66|4930],[[65|2205]|[66|4930]],[[2|206|705]],[],[11012],,633,[117|0],[117|0],10,[2|206|705],[[2|206|705]],[11012]
63311,[65|2460|66|5500],[[65|2460]|[66|5500]],[[2|206|530]],[],[12285],,633,[117|10],[117|10],11,[2|206|530],[[2|206|530]],[12285]
63312,[65|2715|66|6070],[[65|2715]|[66|6070]],[[2|206|530]],[],[13558],,633,[117|10],[117|10],12,[2|206|530],[[2|206|530]],[13558]
63313,[65|2970|66|6640],[[65|2970]|[66|6640]],[[2|206|620]],[],[14832],,633,[117|10],[117|10],13,[2|206|620],[[2|206|620]],[14832]
63314,[65|3225|66|7210],[[65|3225]|[66|7210]],[[2|206|620]],[],[16105],,633,[117|10],[117|10],14,[2|206|620],[[2|206|620]],[16105]
63315,[65|3480|66|7780],[[65|3480]|[66|7780]],[[2|206|705]],[],[17378],,633,[117|10],[117|10],15,[2|206|705],[[2|206|705]],[17378]
63316,[65|3735|66|8350],[[65|3735]|[66|8350]],[[2|206|705]],[],[18652],,633,[117|10],[117|10],16,[2|206|705],[[2|206|705]],[18652]
63317,[65|3990|66|8920],[[65|3990]|[66|8920]],[[2|206|880]],[],[19925],,633,[117|10],[117|10],17,[2|206|880],[[2|206|880]],[19925]
63318,[65|4245|66|9490],[[65|4245]|[66|9490]],[[2|206|880]],[],[21198],,633,[117|10],[117|10],18,[2|206|880],[[2|206|880]],[21198]
63319,[65|4500|66|10060],[[65|4500]|[66|10060]],[[2|206|1060]],[],[22472],,633,[117|10],[117|10],19,[2|206|1060],[[2|206|1060]],[22472]
63320,[65|5510|66|12325],[[65|5510]|[66|12325]],[[2|206|1410]],[],[27518],,633,[117|10],[117|10],20,[2|206|1410],[[2|206|1410]],[27518]
63321,[65|6015|66|13460],[[65|6015]|[66|13460]],[[2|206|1060]],[],[30043],,633,[117|20],[117|20],21,[2|206|1060],[[2|206|1060]],[30043]
63322,[65|6520|66|14595],[[65|6520]|[66|14595]],[[2|206|1145]],[],[32567],,633,[117|20],[117|20],22,[2|206|1145],[[2|206|1145]],[32567]
63323,[65|7025|66|15730],[[65|7025]|[66|15730]],[[2|206|1235]],[],[35092],,633,[117|20],[117|20],23,[2|206|1235],[[2|206|1235]],[35092]
63324,[65|7530|66|16865],[[65|7530]|[66|16865]],[[2|206|845]],[],[37616],,633,[117|20],[117|20],24,[2|206|845],[[2|206|845]],[37616]
63325,[65|8035|66|18000],[[65|8035]|[66|18000]],[[2|206|1410]],[],[40140],,633,[117|20],[117|20],25,[2|206|1410],[[2|206|1410]],[40140]
63326,[65|8540|66|19135],[[65|8540]|[66|19135]],[[2|206|1585]],[],[42665],,633,[117|20],[117|20],26,[2|206|1585],[[2|206|1585]],[42665]
63327,[65|9045|66|20270],[[65|9045]|[66|20270]],[[2|206|1585]],[],[45189],,633,[117|20],[117|20],27,[2|206|1585],[[2|206|1585]],[45189]
63328,[65|9550|66|21405],[[65|9550]|[66|21405]],[[2|206|1760]],[],[47714],,633,[117|20],[117|20],28,[2|206|1760],[[2|206|1760]],[47714]
63329,[65|10055|66|22540],[[65|10055]|[66|22540]],[[2|206|1760]],[],[50238],,633,[117|20],[117|20],29,[2|206|1760],[[2|206|1760]],[50238]
63330,[65|12070|66|27065],[[65|12070]|[66|27065]],[[2|206|2640]],[],[60309],,633,[117|20],[117|20],30,[2|206|2640],[[2|206|2640]],[60309]
63331,[65|12910|66|28950],[[65|12910]|[66|28950]],[[2|206|1760]],[],[64507],,633,[117|30],[117|30],31,[2|206|1760],[[2|206|1760]],[64507]
63332,[65|13750|66|30835],[[65|13750]|[66|30835]],[[2|206|1935]],[],[68705],,633,[117|30],[117|30],32,[2|206|1935],[[2|206|1935]],[68705]
63333,[65|14590|66|32720],[[65|14590]|[66|32720]],[[2|206|2115]],[],[72903],,633,[117|30],[117|30],33,[2|206|2115],[[2|206|2115]],[72903]
63334,[65|15430|66|34605],[[65|15430]|[66|34605]],[[2|206|2640]],[],[77100],,633,[117|30],[117|30],34,[2|206|2640],[[2|206|2640]],[77100]
63335,[65|16270|66|36490],[[65|16270]|[66|36490]],[[2|206|2640]],[],[81298],,633,[117|30],[117|30],35,[2|206|2640],[[2|206|2640]],[81298]
63336,[65|17110|66|38375],[[65|17110]|[66|38375]],[[2|206|2640]],[],[85496],,633,[117|30],[117|30],36,[2|206|2640],[[2|206|2640]],[85496]
63337,[65|17950|66|40260],[[65|17950]|[66|40260]],[[2|206|3520]],[],[89694],,633,[117|30],[117|30],37,[2|206|3520],[[2|206|3520]],[89694]
63338,[65|18790|66|42145],[[65|18790]|[66|42145]],[[2|206|3520]],[],[93892],,633,[117|30],[117|30],38,[2|206|3520],[[2|206|3520]],[93892]
63339,[65|19630|66|44030],[[65|19630]|[66|44030]],[[2|206|3520]],[],[98089],,633,[117|30],[117|30],39,[2|206|3520],[[2|206|3520]],[98089]
63341,[65|22985|66|51570],[[65|22985]|[66|51570]],[[2|206|3520]],[],[114860],,633,[117|30],[117|30],40,[2|206|3520],[[2|206|3520]],[114860]
63342,[65|24330|66|54590],[[65|24330]|[66|54590]],[[2|206|2820]],[],[121583],,633,[117|40],[117|40],41,[2|206|2820],[[2|206|2820]],[121583]
63343,[65|25675|66|57610],[[65|25675]|[66|57610]],[[2|206|3100]],[],[128305],,633,[117|40],[117|40],42,[2|206|3100],[[2|206|3100]],[128305]
63344,[65|27020|66|60630],[[65|27020]|[66|60630]],[[2|206|3385]],[],[135027],,633,[117|40],[117|40],43,[2|206|3385],[[2|206|3385]],[135027]
63345,[65|28365|66|63650],[[65|28365]|[66|63650]],[[2|206|4225]],[],[141749],,633,[117|40],[117|40],44,[2|206|4225],[[2|206|4225]],[141749]
63346,[65|29710|66|66670],[[65|29710]|[66|66670]],[[2|206|4225]],[],[148472],,633,[117|40],[117|40],45,[2|206|4225],[[2|206|4225]],[148472]
63347,[65|31055|66|69690],[[65|31055]|[66|69690]],[[2|206|4225]],[],[155194],,633,[117|40],[117|40],46,[2|206|4225],[[2|206|4225]],[155194]
63348,[65|32400|66|72710],[[65|32400]|[66|72710]],[[2|206|5635]],[],[161916],,633,[117|40],[117|40],47,[2|206|5635],[[2|206|5635]],[161916]
63349,[65|33745|66|75730],[[65|33745]|[66|75730]],[[2|206|5635]],[],[168638],,633,[117|40],[117|40],48,[2|206|5635],[[2|206|5635]],[168638]
63350,[65|35090|66|78750],[[65|35090]|[66|78750]],[[2|206|5635]],[],[175360],,633,[117|40],[117|40],49,[2|206|5635],[[2|206|5635]],[175360]
63340,[65|40120|66|90060],[[65|40120]|[66|90060]],[[2|206|5635]],[],[200507],,633,[117|40],[117|40],50,[2|206|5635],[[2|206|5635]],[200507]
63401,[66|1885],[[66|1885]],[[2|206|180]],[],[838],,634,[117|0],[117|0],1,[2|206|180],[[2|206|180]],[838]
63402,[66|3770],[[66|3770]],[[2|206|215]],[],[1676],,634,[117|0],[117|0],2,[2|206|215],[[2|206|215]],[1676]
63403,[66|5655],[[66|5655]],[[2|206|230]],[],[2514],,634,[117|0],[117|0],3,[2|206|230],[[2|206|230]],[2514]
63404,[66|7540],[[66|7540]],[[2|206|250]],[],[3352],,634,[117|0],[117|0],4,[2|206|250],[[2|206|250]],[3352]
63405,[66|9425],[[66|9425]],[[2|206|265]],[],[4189],,634,[117|0],[117|0],5,[2|206|265],[[2|206|265]],[4189]
63406,[66|11310],[[66|11310]],[[2|206|285]],[],[5027],,634,[117|0],[117|0],6,[2|206|285],[[2|206|285]],[5027]
63407,[66|13195],[[66|13195]],[[2|206|320]],[],[5865],,634,[117|0],[117|0],7,[2|206|320],[[2|206|320]],[5865]
63408,[66|15080],[[66|15080]],[[2|206|355]],[],[6703],,634,[117|0],[117|0],8,[2|206|355],[[2|206|355]],[6703]
63409,[66|16965],[[66|16965]],[[2|206|530]],[],[7540],,634,[117|0],[117|0],9,[2|206|530],[[2|206|530]],[7540]
63410,[66|24505],[[66|24505]],[[2|206|705]],[],[10892],,634,[117|0],[117|0],10,[2|206|705],[[2|206|705]],[10892]
63411,[66|27335],[[66|27335]],[[2|206|530]],[],[12149],,634,[117|10],[117|10],11,[2|206|530],[[2|206|530]],[12149]
63412,[66|30165],[[66|30165]],[[2|206|530]],[],[13407],,634,[117|10],[117|10],12,[2|206|530],[[2|206|530]],[13407]
63413,[66|32995],[[66|32995]],[[2|206|620]],[],[14665],,634,[117|10],[117|10],13,[2|206|620],[[2|206|620]],[14665]
63414,[66|35825],[[66|35825]],[[2|206|620]],[],[15923],,634,[117|10],[117|10],14,[2|206|620],[[2|206|620]],[15923]
63415,[66|38655],[[66|38655]],[[2|206|705]],[],[17180],,634,[117|10],[117|10],15,[2|206|705],[[2|206|705]],[17180]
63416,[66|41485],[[66|41485]],[[2|206|705]],[],[18438],,634,[117|10],[117|10],16,[2|206|705],[[2|206|705]],[18438]
63417,[66|44315],[[66|44315]],[[2|206|880]],[],[19696],,634,[117|10],[117|10],17,[2|206|880],[[2|206|880]],[19696]
63418,[66|47145],[[66|47145]],[[2|206|880]],[],[20954],,634,[117|10],[117|10],18,[2|206|880],[[2|206|880]],[20954]
63419,[66|49975],[[66|49975]],[[2|206|1060]],[],[22212],,634,[117|10],[117|10],19,[2|206|1060],[[2|206|1060]],[22212]
63420,[66|61285],[[66|61285]],[[2|206|1410]],[],[27238],,634,[117|10],[117|10],20,[2|206|1410],[[2|206|1410]],[27238]
63421,[66|66940],[[66|66940]],[[2|206|1060]],[],[29752],,634,[117|20],[117|20],21,[2|206|1060],[[2|206|1060]],[29752]
63422,[66|72595],[[66|72595]],[[2|206|1145]],[],[32265],,634,[117|20],[117|20],22,[2|206|1145],[[2|206|1145]],[32265]
63423,[66|78250],[[66|78250]],[[2|206|1235]],[],[34778],,634,[117|20],[117|20],23,[2|206|1235],[[2|206|1235]],[34778]
63424,[66|83905],[[66|83905]],[[2|206|845]],[],[37292],,634,[117|20],[117|20],24,[2|206|845],[[2|206|845]],[37292]
63425,[66|89560],[[66|89560]],[[2|206|1410]],[],[39805],,634,[117|20],[117|20],25,[2|206|1410],[[2|206|1410]],[39805]
63426,[66|95215],[[66|95215]],[[2|206|1585]],[],[42318],,634,[117|20],[117|20],26,[2|206|1585],[[2|206|1585]],[42318]
63427,[66|100870],[[66|100870]],[[2|206|1585]],[],[44832],,634,[117|20],[117|20],27,[2|206|1585],[[2|206|1585]],[44832]
63428,[66|106525],[[66|106525]],[[2|206|1760]],[],[47345],,634,[117|20],[117|20],28,[2|206|1760],[[2|206|1760]],[47345]
63429,[66|112180],[[66|112180]],[[2|206|1760]],[],[49858],,634,[117|20],[117|20],29,[2|206|1760],[[2|206|1760]],[49858]
63430,[66|134800],[[66|134800]],[[2|206|2640]],[],[59912],,634,[117|20],[117|20],30,[2|206|2640],[[2|206|2640]],[59912]
63431,[66|144225],[[66|144225]],[[2|206|1760]],[],[64100],,634,[117|30],[117|30],31,[2|206|1760],[[2|206|1760]],[64100]
63432,[66|153650],[[66|153650]],[[2|206|1935]],[],[68289],,634,[117|30],[117|30],32,[2|206|1935],[[2|206|1935]],[68289]
63433,[66|163075],[[66|163075]],[[2|206|2115]],[],[72478],,634,[117|30],[117|30],33,[2|206|2115],[[2|206|2115]],[72478]
63434,[66|172500],[[66|172500]],[[2|206|2640]],[],[76667],,634,[117|30],[117|30],34,[2|206|2640],[[2|206|2640]],[76667]
63435,[66|181925],[[66|181925]],[[2|206|2640]],[],[80856],,634,[117|30],[117|30],35,[2|206|2640],[[2|206|2640]],[80856]
63436,[66|191350],[[66|191350]],[[2|206|2640]],[],[85045],,634,[117|30],[117|30],36,[2|206|2640],[[2|206|2640]],[85045]
63437,[66|200775],[[66|200775]],[[2|206|3520]],[],[89234],,634,[117|30],[117|30],37,[2|206|3520],[[2|206|3520]],[89234]
63438,[66|210200],[[66|210200]],[[2|206|3520]],[],[93423],,634,[117|30],[117|30],38,[2|206|3520],[[2|206|3520]],[93423]
63439,[66|219625],[[66|219625]],[[2|206|3520]],[],[97612],,634,[117|30],[117|30],39,[2|206|3520],[[2|206|3520]],[97612]
63440,[66|257325],[[66|257325]],[[2|206|3520]],[],[114367],,634,[117|30],[117|30],40,[2|206|3520],[[2|206|3520]],[114367]
63441,[66|272405],[[66|272405]],[[2|206|2820]],[],[121069],,634,[117|40],[117|40],41,[2|206|2820],[[2|206|2820]],[121069]
63442,[66|287485],[[66|287485]],[[2|206|3100]],[],[127772],,634,[117|40],[117|40],42,[2|206|3100],[[2|206|3100]],[127772]
63443,[66|302565],[[66|302565]],[[2|206|3385]],[],[134474],,634,[117|40],[117|40],43,[2|206|3385],[[2|206|3385]],[134474]
63444,[66|317645],[[66|317645]],[[2|206|4225]],[],[141176],,634,[117|40],[117|40],44,[2|206|4225],[[2|206|4225]],[141176]
63445,[66|332725],[[66|332725]],[[2|206|4225]],[],[147878],,634,[117|40],[117|40],45,[2|206|4225],[[2|206|4225]],[147878]
63446,[66|347805],[[66|347805]],[[2|206|4225]],[],[154580],,634,[117|40],[117|40],46,[2|206|4225],[[2|206|4225]],[154580]
63447,[66|362885],[[66|362885]],[[2|206|5635]],[],[161283],,634,[117|40],[117|40],47,[2|206|5635],[[2|206|5635]],[161283]
63448,[66|377965],[[66|377965]],[[2|206|5635]],[],[167985],,634,[117|40],[117|40],48,[2|206|5635],[[2|206|5635]],[167985]
63449,[66|393045],[[66|393045]],[[2|206|5635]],[],[174687],,634,[117|40],[117|40],49,[2|206|5635],[[2|206|5635]],[174687]
63450,[66|449595],[[66|449595]],[[2|206|5635]],[],[199820],,634,[117|40],[117|40],50,[2|206|5635],[[2|206|5635]],[199820]
62101,[65|210],[[65|210]],[[2|206|180]],[],[840],,621,[117|0],[117|0],1,[2|206|180],[[2|206|180]],[840]
62102,[65|420],[[65|420]],[[2|206|215]],[],[1680],,621,[117|0],[117|0],2,[2|206|215],[[2|206|215]],[1680]
62103,[65|630],[[65|630]],[[2|206|230]],[],[2520],,621,[117|0],[117|0],3,[2|206|230],[[2|206|230]],[2520]
62104,[65|840],[[65|840]],[[2|206|250]],[],[3360],,621,[117|0],[117|0],4,[2|206|250],[[2|206|250]],[3360]
62105,[65|1050],[[65|1050]],[[2|206|265]],[],[4200],,621,[117|0],[117|0],5,[2|206|265],[[2|206|265]],[4200]
62106,[65|1260],[[65|1260]],[[2|206|285]],[],[5040],,621,[117|0],[117|0],6,[2|206|285],[[2|206|285]],[5040]
62107,[65|1470],[[65|1470]],[[2|206|320]],[],[5880],,621,[117|0],[117|0],7,[2|206|320],[[2|206|320]],[5880]
62108,[65|1680],[[65|1680]],[[2|206|355]],[],[6720],,621,[117|0],[117|0],8,[2|206|355],[[2|206|355]],[6720]
62109,[65|1890],[[65|1890]],[[2|206|530]],[],[7560],,621,[117|0],[117|0],9,[2|206|530],[[2|206|530]],[7560]
62110,[65|2730],[[65|2730]],[[2|206|705]],[],[10920],,621,[117|0],[117|0],10,[2|206|705],[[2|206|705]],[10920]
62111,[65|3045],[[65|3045]],[[2|206|530]],[],[12180],,621,[117|10],[117|10],11,[2|206|530],[[2|206|530]],[12180]
62112,[65|3360],[[65|3360]],[[2|206|530]],[],[13440],,621,[117|10],[117|10],12,[2|206|530],[[2|206|530]],[13440]
62113,[65|3675],[[65|3675]],[[2|206|620]],[],[14700],,621,[117|10],[117|10],13,[2|206|620],[[2|206|620]],[14700]
62114,[65|3990],[[65|3990]],[[2|206|620]],[],[15960],,621,[117|10],[117|10],14,[2|206|620],[[2|206|620]],[15960]
62115,[65|4305],[[65|4305]],[[2|206|705]],[],[17220],,621,[117|10],[117|10],15,[2|206|705],[[2|206|705]],[17220]
62116,[65|4620],[[65|4620]],[[2|206|705]],[],[18480],,621,[117|10],[117|10],16,[2|206|705],[[2|206|705]],[18480]
62117,[65|4935],[[65|4935]],[[2|206|880]],[],[19740],,621,[117|10],[117|10],17,[2|206|880],[[2|206|880]],[19740]
62118,[65|5250],[[65|5250]],[[2|206|880]],[],[21000],,621,[117|10],[117|10],18,[2|206|880],[[2|206|880]],[21000]
62119,[65|5565],[[65|5565]],[[2|206|1060]],[],[22260],,621,[117|10],[117|10],19,[2|206|1060],[[2|206|1060]],[22260]
62120,[65|6825],[[65|6825]],[[2|206|1410]],[],[27300],,621,[117|10],[117|10],20,[2|206|1410],[[2|206|1410]],[27300]
62121,[65|7455],[[65|7455]],[[2|206|1060]],[],[29820],,621,[117|20],[117|20],21,[2|206|1060],[[2|206|1060]],[29820]
62122,[65|8085],[[65|8085]],[[2|206|1145]],[],[32340],,621,[117|20],[117|20],22,[2|206|1145],[[2|206|1145]],[32340]
62123,[65|8715],[[65|8715]],[[2|206|1235]],[],[34860],,621,[117|20],[117|20],23,[2|206|1235],[[2|206|1235]],[34860]
62124,[65|9345],[[65|9345]],[[2|206|845]],[],[37380],,621,[117|20],[117|20],24,[2|206|845],[[2|206|845]],[37380]
62125,[65|9975],[[65|9975]],[[2|206|1410]],[],[39900],,621,[117|20],[117|20],25,[2|206|1410],[[2|206|1410]],[39900]
62126,[65|10605],[[65|10605]],[[2|206|1585]],[],[42420],,621,[117|20],[117|20],26,[2|206|1585],[[2|206|1585]],[42420]
62127,[65|11235],[[65|11235]],[[2|206|1585]],[],[44940],,621,[117|20],[117|20],27,[2|206|1585],[[2|206|1585]],[44940]
62128,[65|11865],[[65|11865]],[[2|206|1760]],[],[47460],,621,[117|20],[117|20],28,[2|206|1760],[[2|206|1760]],[47460]
62129,[65|12495],[[65|12495]],[[2|206|1760]],[],[49980],,621,[117|20],[117|20],29,[2|206|1760],[[2|206|1760]],[49980]
62130,[65|15010],[[65|15010]],[[2|206|2640]],[],[60040],,621,[117|20],[117|20],30,[2|206|2640],[[2|206|2640]],[60040]
62131,[65|16060],[[65|16060]],[[2|206|1760]],[],[64240],,621,[117|30],[117|30],31,[2|206|1760],[[2|206|1760]],[64240]
62132,[65|17110],[[65|17110]],[[2|206|1935]],[],[68440],,621,[117|30],[117|30],32,[2|206|1935],[[2|206|1935]],[68440]
62133,[65|18160],[[65|18160]],[[2|206|2115]],[],[72640],,621,[117|30],[117|30],33,[2|206|2115],[[2|206|2115]],[72640]
62134,[65|19210],[[65|19210]],[[2|206|2640]],[],[76840],,621,[117|30],[117|30],34,[2|206|2640],[[2|206|2640]],[76840]
62135,[65|20260],[[65|20260]],[[2|206|2640]],[],[81040],,621,[117|30],[117|30],35,[2|206|2640],[[2|206|2640]],[81040]
62136,[65|21310],[[65|21310]],[[2|206|2640]],[],[85240],,621,[117|30],[117|30],36,[2|206|2640],[[2|206|2640]],[85240]
62137,[65|22360],[[65|22360]],[[2|206|3520]],[],[89440],,621,[117|30],[117|30],37,[2|206|3520],[[2|206|3520]],[89440]
62138,[65|23410],[[65|23410]],[[2|206|3520]],[],[93640],,621,[117|30],[117|30],38,[2|206|3520],[[2|206|3520]],[93640]
62139,[65|24460],[[65|24460]],[[2|206|3520]],[],[97840],,621,[117|30],[117|30],39,[2|206|3520],[[2|206|3520]],[97840]
62140,[65|28650],[[65|28650]],[[2|206|3520]],[],[114600],,621,[117|30],[117|30],40,[2|206|3520],[[2|206|3520]],[114600]
62141,[65|30330],[[65|30330]],[[2|206|2820]],[],[121320],,621,[117|40],[117|40],41,[2|206|2820],[[2|206|2820]],[121320]
62142,[65|32010],[[65|32010]],[[2|206|3100]],[],[128040],,621,[117|40],[117|40],42,[2|206|3100],[[2|206|3100]],[128040]
62143,[65|33690],[[65|33690]],[[2|206|3385]],[],[134760],,621,[117|40],[117|40],43,[2|206|3385],[[2|206|3385]],[134760]
62144,[65|35370],[[65|35370]],[[2|206|4225]],[],[141480],,621,[117|40],[117|40],44,[2|206|4225],[[2|206|4225]],[141480]
62145,[65|37050],[[65|37050]],[[2|206|4225]],[],[148200],,621,[117|40],[117|40],45,[2|206|4225],[[2|206|4225]],[148200]
62146,[65|38730],[[65|38730]],[[2|206|4225]],[],[154920],,621,[117|40],[117|40],46,[2|206|4225],[[2|206|4225]],[154920]
62147,[65|40410],[[65|40410]],[[2|206|5635]],[],[161640],,621,[117|40],[117|40],47,[2|206|5635],[[2|206|5635]],[161640]
62148,[65|42090],[[65|42090]],[[2|206|5635]],[],[168360],,621,[117|40],[117|40],48,[2|206|5635],[[2|206|5635]],[168360]
62149,[65|43770],[[65|43770]],[[2|206|5635]],[],[175080],,621,[117|40],[117|40],49,[2|206|5635],[[2|206|5635]],[175080]
62150,[65|50055],[[65|50055]],[[2|206|5635]],[],[200220],,621,[117|40],[117|40],50,[2|206|5635],[[2|206|5635]],[200220]
62201,[66|1885],[[66|1885]],[[2|206|180]],[],[838],,622,[117|0],[117|0],1,[2|206|180],[[2|206|180]],[838]
62202,[66|3770],[[66|3770]],[[2|206|215]],[],[1676],,622,[117|0],[117|0],2,[2|206|215],[[2|206|215]],[1676]
62203,[66|5655],[[66|5655]],[[2|206|230]],[],[2514],,622,[117|0],[117|0],3,[2|206|230],[[2|206|230]],[2514]
62204,[66|7540],[[66|7540]],[[2|206|250]],[],[3352],,622,[117|0],[117|0],4,[2|206|250],[[2|206|250]],[3352]
62205,[66|9425],[[66|9425]],[[2|206|265]],[],[4189],,622,[117|0],[117|0],5,[2|206|265],[[2|206|265]],[4189]
62206,[66|11310],[[66|11310]],[[2|206|285]],[],[5027],,622,[117|0],[117|0],6,[2|206|285],[[2|206|285]],[5027]
62207,[66|13195],[[66|13195]],[[2|206|320]],[],[5865],,622,[117|0],[117|0],7,[2|206|320],[[2|206|320]],[5865]
62208,[66|15080],[[66|15080]],[[2|206|355]],[],[6703],,622,[117|0],[117|0],8,[2|206|355],[[2|206|355]],[6703]
62209,[66|16965],[[66|16965]],[[2|206|530]],[],[7540],,622,[117|0],[117|0],9,[2|206|530],[[2|206|530]],[7540]
62210,[66|24505],[[66|24505]],[[2|206|705]],[],[10892],,622,[117|0],[117|0],10,[2|206|705],[[2|206|705]],[10892]
62211,[66|27335],[[66|27335]],[[2|206|530]],[],[12149],,622,[117|10],[117|10],11,[2|206|530],[[2|206|530]],[12149]
62212,[66|30165],[[66|30165]],[[2|206|530]],[],[13407],,622,[117|10],[117|10],12,[2|206|530],[[2|206|530]],[13407]
62213,[66|32995],[[66|32995]],[[2|206|620]],[],[14665],,622,[117|10],[117|10],13,[2|206|620],[[2|206|620]],[14665]
62214,[66|35825],[[66|35825]],[[2|206|620]],[],[15923],,622,[117|10],[117|10],14,[2|206|620],[[2|206|620]],[15923]
62215,[66|38655],[[66|38655]],[[2|206|705]],[],[17180],,622,[117|10],[117|10],15,[2|206|705],[[2|206|705]],[17180]
62216,[66|41485],[[66|41485]],[[2|206|705]],[],[18438],,622,[117|10],[117|10],16,[2|206|705],[[2|206|705]],[18438]
62217,[66|44315],[[66|44315]],[[2|206|880]],[],[19696],,622,[117|10],[117|10],17,[2|206|880],[[2|206|880]],[19696]
62218,[66|47145],[[66|47145]],[[2|206|880]],[],[20954],,622,[117|10],[117|10],18,[2|206|880],[[2|206|880]],[20954]
62219,[66|49975],[[66|49975]],[[2|206|1060]],[],[22212],,622,[117|10],[117|10],19,[2|206|1060],[[2|206|1060]],[22212]
62220,[66|61285],[[66|61285]],[[2|206|1410]],[],[27238],,622,[117|10],[117|10],20,[2|206|1410],[[2|206|1410]],[27238]
62221,[66|66940],[[66|66940]],[[2|206|1060]],[],[29752],,622,[117|20],[117|20],21,[2|206|1060],[[2|206|1060]],[29752]
62222,[66|72595],[[66|72595]],[[2|206|1145]],[],[32265],,622,[117|20],[117|20],22,[2|206|1145],[[2|206|1145]],[32265]
62223,[66|78250],[[66|78250]],[[2|206|1235]],[],[34778],,622,[117|20],[117|20],23,[2|206|1235],[[2|206|1235]],[34778]
62224,[66|83905],[[66|83905]],[[2|206|845]],[],[37292],,622,[117|20],[117|20],24,[2|206|845],[[2|206|845]],[37292]
62225,[66|89560],[[66|89560]],[[2|206|1410]],[],[39805],,622,[117|20],[117|20],25,[2|206|1410],[[2|206|1410]],[39805]
62226,[66|95215],[[66|95215]],[[2|206|1585]],[],[42318],,622,[117|20],[117|20],26,[2|206|1585],[[2|206|1585]],[42318]
62227,[66|100870],[[66|100870]],[[2|206|1585]],[],[44832],,622,[117|20],[117|20],27,[2|206|1585],[[2|206|1585]],[44832]
62228,[66|106525],[[66|106525]],[[2|206|1760]],[],[47345],,622,[117|20],[117|20],28,[2|206|1760],[[2|206|1760]],[47345]
62229,[66|112180],[[66|112180]],[[2|206|1760]],[],[49858],,622,[117|20],[117|20],29,[2|206|1760],[[2|206|1760]],[49858]
62230,[66|134800],[[66|134800]],[[2|206|2640]],[],[59912],,622,[117|20],[117|20],30,[2|206|2640],[[2|206|2640]],[59912]
62231,[66|144225],[[66|144225]],[[2|206|1760]],[],[64100],,622,[117|30],[117|30],31,[2|206|1760],[[2|206|1760]],[64100]
62232,[66|153650],[[66|153650]],[[2|206|1935]],[],[68289],,622,[117|30],[117|30],32,[2|206|1935],[[2|206|1935]],[68289]
62233,[66|163075],[[66|163075]],[[2|206|2115]],[],[72478],,622,[117|30],[117|30],33,[2|206|2115],[[2|206|2115]],[72478]
62234,[66|172500],[[66|172500]],[[2|206|2640]],[],[76667],,622,[117|30],[117|30],34,[2|206|2640],[[2|206|2640]],[76667]
62235,[66|181925],[[66|181925]],[[2|206|2640]],[],[80856],,622,[117|30],[117|30],35,[2|206|2640],[[2|206|2640]],[80856]
62236,[66|191350],[[66|191350]],[[2|206|2640]],[],[85045],,622,[117|30],[117|30],36,[2|206|2640],[[2|206|2640]],[85045]
62237,[66|200775],[[66|200775]],[[2|206|3520]],[],[89234],,622,[117|30],[117|30],37,[2|206|3520],[[2|206|3520]],[89234]
62238,[66|210200],[[66|210200]],[[2|206|3520]],[],[93423],,622,[117|30],[117|30],38,[2|206|3520],[[2|206|3520]],[93423]
62239,[66|219625],[[66|219625]],[[2|206|3520]],[],[97612],,622,[117|30],[117|30],39,[2|206|3520],[[2|206|3520]],[97612]
62240,[66|257325],[[66|257325]],[[2|206|3520]],[],[114367],,622,[117|30],[117|30],40,[2|206|3520],[[2|206|3520]],[114367]
62241,[66|272405],[[66|272405]],[[2|206|2820]],[],[121069],,622,[117|40],[117|40],41,[2|206|2820],[[2|206|2820]],[121069]
62242,[66|287485],[[66|287485]],[[2|206|3100]],[],[127772],,622,[117|40],[117|40],42,[2|206|3100],[[2|206|3100]],[127772]
62243,[66|302565],[[66|302565]],[[2|206|3385]],[],[134474],,622,[117|40],[117|40],43,[2|206|3385],[[2|206|3385]],[134474]
62244,[66|317645],[[66|317645]],[[2|206|4225]],[],[141176],,622,[117|40],[117|40],44,[2|206|4225],[[2|206|4225]],[141176]
62245,[66|332725],[[66|332725]],[[2|206|4225]],[],[147878],,622,[117|40],[117|40],45,[2|206|4225],[[2|206|4225]],[147878]
62246,[66|347805],[[66|347805]],[[2|206|4225]],[],[154580],,622,[117|40],[117|40],46,[2|206|4225],[[2|206|4225]],[154580]
62247,[66|362885],[[66|362885]],[[2|206|5635]],[],[161283],,622,[117|40],[117|40],47,[2|206|5635],[[2|206|5635]],[161283]
62248,[66|377965],[[66|377965]],[[2|206|5635]],[],[167985],,622,[117|40],[117|40],48,[2|206|5635],[[2|206|5635]],[167985]
62249,[66|393045],[[66|393045]],[[2|206|5635]],[],[174687],,622,[117|40],[117|40],49,[2|206|5635],[[2|206|5635]],[174687]
62250,[66|449595],[[66|449595]],[[2|206|5635]],[],[199820],,622,[117|40],[117|40],50,[2|206|5635],[[2|206|5635]],[199820]
62301,[65|210],[[65|210]],[[2|206|180]],[],[840],,623,[117|0],[117|0],1,[2|206|180],[[2|206|180]],[840]
62302,[65|420],[[65|420]],[[2|206|215]],[],[1680],,623,[117|0],[117|0],2,[2|206|215],[[2|206|215]],[1680]
62303,[65|630],[[65|630]],[[2|206|230]],[],[2520],,623,[117|0],[117|0],3,[2|206|230],[[2|206|230]],[2520]
62304,[65|840],[[65|840]],[[2|206|250]],[],[3360],,623,[117|0],[117|0],4,[2|206|250],[[2|206|250]],[3360]
62305,[65|1050],[[65|1050]],[[2|206|265]],[],[4200],,623,[117|0],[117|0],5,[2|206|265],[[2|206|265]],[4200]
62306,[65|1260],[[65|1260]],[[2|206|285]],[],[5040],,623,[117|0],[117|0],6,[2|206|285],[[2|206|285]],[5040]
62307,[65|1470],[[65|1470]],[[2|206|320]],[],[5880],,623,[117|0],[117|0],7,[2|206|320],[[2|206|320]],[5880]
62308,[65|1680],[[65|1680]],[[2|206|355]],[],[6720],,623,[117|0],[117|0],8,[2|206|355],[[2|206|355]],[6720]
62309,[65|1890],[[65|1890]],[[2|206|530]],[],[7560],,623,[117|0],[117|0],9,[2|206|530],[[2|206|530]],[7560]
62310,[65|2730],[[65|2730]],[[2|206|705]],[],[10920],,623,[117|0],[117|0],10,[2|206|705],[[2|206|705]],[10920]
62311,[65|3045],[[65|3045]],[[2|206|530]],[],[12180],,623,[117|10],[117|10],11,[2|206|530],[[2|206|530]],[12180]
62312,[65|3360],[[65|3360]],[[2|206|530]],[],[13440],,623,[117|10],[117|10],12,[2|206|530],[[2|206|530]],[13440]
62313,[65|3675],[[65|3675]],[[2|206|620]],[],[14700],,623,[117|10],[117|10],13,[2|206|620],[[2|206|620]],[14700]
62314,[65|3990],[[65|3990]],[[2|206|620]],[],[15960],,623,[117|10],[117|10],14,[2|206|620],[[2|206|620]],[15960]
62315,[65|4305],[[65|4305]],[[2|206|705]],[],[17220],,623,[117|10],[117|10],15,[2|206|705],[[2|206|705]],[17220]
62316,[65|4620],[[65|4620]],[[2|206|705]],[],[18480],,623,[117|10],[117|10],16,[2|206|705],[[2|206|705]],[18480]
62317,[65|4935],[[65|4935]],[[2|206|880]],[],[19740],,623,[117|10],[117|10],17,[2|206|880],[[2|206|880]],[19740]
62318,[65|5250],[[65|5250]],[[2|206|880]],[],[21000],,623,[117|10],[117|10],18,[2|206|880],[[2|206|880]],[21000]
62319,[65|5565],[[65|5565]],[[2|206|1060]],[],[22260],,623,[117|10],[117|10],19,[2|206|1060],[[2|206|1060]],[22260]
62320,[65|6825],[[65|6825]],[[2|206|1410]],[],[27300],,623,[117|10],[117|10],20,[2|206|1410],[[2|206|1410]],[27300]
62321,[65|7455],[[65|7455]],[[2|206|1060]],[],[29820],,623,[117|20],[117|20],21,[2|206|1060],[[2|206|1060]],[29820]
62322,[65|8085],[[65|8085]],[[2|206|1145]],[],[32340],,623,[117|20],[117|20],22,[2|206|1145],[[2|206|1145]],[32340]
62323,[65|8715],[[65|8715]],[[2|206|1235]],[],[34860],,623,[117|20],[117|20],23,[2|206|1235],[[2|206|1235]],[34860]
62324,[65|9345],[[65|9345]],[[2|206|845]],[],[37380],,623,[117|20],[117|20],24,[2|206|845],[[2|206|845]],[37380]
62325,[65|9975],[[65|9975]],[[2|206|1410]],[],[39900],,623,[117|20],[117|20],25,[2|206|1410],[[2|206|1410]],[39900]
62326,[65|10605],[[65|10605]],[[2|206|1585]],[],[42420],,623,[117|20],[117|20],26,[2|206|1585],[[2|206|1585]],[42420]
62327,[65|11235],[[65|11235]],[[2|206|1585]],[],[44940],,623,[117|20],[117|20],27,[2|206|1585],[[2|206|1585]],[44940]
62328,[65|11865],[[65|11865]],[[2|206|1760]],[],[47460],,623,[117|20],[117|20],28,[2|206|1760],[[2|206|1760]],[47460]
62329,[65|12495],[[65|12495]],[[2|206|1760]],[],[49980],,623,[117|20],[117|20],29,[2|206|1760],[[2|206|1760]],[49980]
62330,[65|15010],[[65|15010]],[[2|206|2640]],[],[60040],,623,[117|20],[117|20],30,[2|206|2640],[[2|206|2640]],[60040]
62331,[65|16060],[[65|16060]],[[2|206|1760]],[],[64240],,623,[117|30],[117|30],31,[2|206|1760],[[2|206|1760]],[64240]
62332,[65|17110],[[65|17110]],[[2|206|1935]],[],[68440],,623,[117|30],[117|30],32,[2|206|1935],[[2|206|1935]],[68440]
62333,[65|18160],[[65|18160]],[[2|206|2115]],[],[72640],,623,[117|30],[117|30],33,[2|206|2115],[[2|206|2115]],[72640]
62334,[65|19210],[[65|19210]],[[2|206|2640]],[],[76840],,623,[117|30],[117|30],34,[2|206|2640],[[2|206|2640]],[76840]
62335,[65|20260],[[65|20260]],[[2|206|2640]],[],[81040],,623,[117|30],[117|30],35,[2|206|2640],[[2|206|2640]],[81040]
62336,[65|21310],[[65|21310]],[[2|206|2640]],[],[85240],,623,[117|30],[117|30],36,[2|206|2640],[[2|206|2640]],[85240]
62337,[65|22360],[[65|22360]],[[2|206|3520]],[],[89440],,623,[117|30],[117|30],37,[2|206|3520],[[2|206|3520]],[89440]
62338,[65|23410],[[65|23410]],[[2|206|3520]],[],[93640],,623,[117|30],[117|30],38,[2|206|3520],[[2|206|3520]],[93640]
62339,[65|24460],[[65|24460]],[[2|206|3520]],[],[97840],,623,[117|30],[117|30],39,[2|206|3520],[[2|206|3520]],[97840]
62340,[65|28650],[[65|28650]],[[2|206|3520]],[],[114600],,623,[117|30],[117|30],40,[2|206|3520],[[2|206|3520]],[114600]
62341,[65|30330],[[65|30330]],[[2|206|2820]],[],[121320],,623,[117|40],[117|40],41,[2|206|2820],[[2|206|2820]],[121320]
62342,[65|32010],[[65|32010]],[[2|206|3100]],[],[128040],,623,[117|40],[117|40],42,[2|206|3100],[[2|206|3100]],[128040]
62343,[65|33690],[[65|33690]],[[2|206|3385]],[],[134760],,623,[117|40],[117|40],43,[2|206|3385],[[2|206|3385]],[134760]
62344,[65|35370],[[65|35370]],[[2|206|4225]],[],[141480],,623,[117|40],[117|40],44,[2|206|4225],[[2|206|4225]],[141480]
62345,[65|37050],[[65|37050]],[[2|206|4225]],[],[148200],,623,[117|40],[117|40],45,[2|206|4225],[[2|206|4225]],[148200]
62346,[65|38730],[[65|38730]],[[2|206|4225]],[],[154920],,623,[117|40],[117|40],46,[2|206|4225],[[2|206|4225]],[154920]
62347,[65|40410],[[65|40410]],[[2|206|5635]],[],[161640],,623,[117|40],[117|40],47,[2|206|5635],[[2|206|5635]],[161640]
62348,[65|42090],[[65|42090]],[[2|206|5635]],[],[168360],,623,[117|40],[117|40],48,[2|206|5635],[[2|206|5635]],[168360]
62349,[65|43770],[[65|43770]],[[2|206|5635]],[],[175080],,623,[117|40],[117|40],49,[2|206|5635],[[2|206|5635]],[175080]
62350,[65|50055],[[65|50055]],[[2|206|5635]],[],[200220],,623,[117|40],[117|40],50,[2|206|5635],[[2|206|5635]],[200220]
62401,[66|1885],[[66|1885]],[[2|206|180]],[],[838],,624,[117|0],[117|0],1,[2|206|180],[[2|206|180]],[838]
62402,[66|3770],[[66|3770]],[[2|206|215]],[],[1676],,624,[117|0],[117|0],2,[2|206|215],[[2|206|215]],[1676]
62403,[66|5655],[[66|5655]],[[2|206|230]],[],[2514],,624,[117|0],[117|0],3,[2|206|230],[[2|206|230]],[2514]
62404,[66|7540],[[66|7540]],[[2|206|250]],[],[3352],,624,[117|0],[117|0],4,[2|206|250],[[2|206|250]],[3352]
62405,[66|9425],[[66|9425]],[[2|206|265]],[],[4189],,624,[117|0],[117|0],5,[2|206|265],[[2|206|265]],[4189]
62406,[66|11310],[[66|11310]],[[2|206|285]],[],[5027],,624,[117|0],[117|0],6,[2|206|285],[[2|206|285]],[5027]
62407,[66|13195],[[66|13195]],[[2|206|320]],[],[5865],,624,[117|0],[117|0],7,[2|206|320],[[2|206|320]],[5865]
62408,[66|15080],[[66|15080]],[[2|206|355]],[],[6703],,624,[117|0],[117|0],8,[2|206|355],[[2|206|355]],[6703]
62409,[66|16965],[[66|16965]],[[2|206|530]],[],[7540],,624,[117|0],[117|0],9,[2|206|530],[[2|206|530]],[7540]
62410,[66|24505],[[66|24505]],[[2|206|705]],[],[10892],,624,[117|0],[117|0],10,[2|206|705],[[2|206|705]],[10892]
62411,[66|27335],[[66|27335]],[[2|206|530]],[],[12149],,624,[117|10],[117|10],11,[2|206|530],[[2|206|530]],[12149]
62412,[66|30165],[[66|30165]],[[2|206|530]],[],[13407],,624,[117|10],[117|10],12,[2|206|530],[[2|206|530]],[13407]
62413,[66|32995],[[66|32995]],[[2|206|620]],[],[14665],,624,[117|10],[117|10],13,[2|206|620],[[2|206|620]],[14665]
62414,[66|35825],[[66|35825]],[[2|206|620]],[],[15923],,624,[117|10],[117|10],14,[2|206|620],[[2|206|620]],[15923]
62415,[66|38655],[[66|38655]],[[2|206|705]],[],[17180],,624,[117|10],[117|10],15,[2|206|705],[[2|206|705]],[17180]
62416,[66|41485],[[66|41485]],[[2|206|705]],[],[18438],,624,[117|10],[117|10],16,[2|206|705],[[2|206|705]],[18438]
62417,[66|44315],[[66|44315]],[[2|206|880]],[],[19696],,624,[117|10],[117|10],17,[2|206|880],[[2|206|880]],[19696]
62418,[66|47145],[[66|47145]],[[2|206|880]],[],[20954],,624,[117|10],[117|10],18,[2|206|880],[[2|206|880]],[20954]
62419,[66|49975],[[66|49975]],[[2|206|1060]],[],[22212],,624,[117|10],[117|10],19,[2|206|1060],[[2|206|1060]],[22212]
62420,[66|61285],[[66|61285]],[[2|206|1410]],[],[27238],,624,[117|10],[117|10],20,[2|206|1410],[[2|206|1410]],[27238]
62421,[66|66940],[[66|66940]],[[2|206|1060]],[],[29752],,624,[117|20],[117|20],21,[2|206|1060],[[2|206|1060]],[29752]
62422,[66|72595],[[66|72595]],[[2|206|1145]],[],[32265],,624,[117|20],[117|20],22,[2|206|1145],[[2|206|1145]],[32265]
62423,[66|78250],[[66|78250]],[[2|206|1235]],[],[34778],,624,[117|20],[117|20],23,[2|206|1235],[[2|206|1235]],[34778]
62424,[66|83905],[[66|83905]],[[2|206|845]],[],[37292],,624,[117|20],[117|20],24,[2|206|845],[[2|206|845]],[37292]
62425,[66|89560],[[66|89560]],[[2|206|1410]],[],[39805],,624,[117|20],[117|20],25,[2|206|1410],[[2|206|1410]],[39805]
62426,[66|95215],[[66|95215]],[[2|206|1585]],[],[42318],,624,[117|20],[117|20],26,[2|206|1585],[[2|206|1585]],[42318]
62427,[66|100870],[[66|100870]],[[2|206|1585]],[],[44832],,624,[117|20],[117|20],27,[2|206|1585],[[2|206|1585]],[44832]
62428,[66|106525],[[66|106525]],[[2|206|1760]],[],[47345],,624,[117|20],[117|20],28,[2|206|1760],[[2|206|1760]],[47345]
62429,[66|112180],[[66|112180]],[[2|206|1760]],[],[49858],,624,[117|20],[117|20],29,[2|206|1760],[[2|206|1760]],[49858]
62430,[66|134800],[[66|134800]],[[2|206|2640]],[],[59912],,624,[117|20],[117|20],30,[2|206|2640],[[2|206|2640]],[59912]
62431,[66|144225],[[66|144225]],[[2|206|1760]],[],[64100],,624,[117|30],[117|30],31,[2|206|1760],[[2|206|1760]],[64100]
62432,[66|153650],[[66|153650]],[[2|206|1935]],[],[68289],,624,[117|30],[117|30],32,[2|206|1935],[[2|206|1935]],[68289]
62433,[66|163075],[[66|163075]],[[2|206|2115]],[],[72478],,624,[117|30],[117|30],33,[2|206|2115],[[2|206|2115]],[72478]
62434,[66|172500],[[66|172500]],[[2|206|2640]],[],[76667],,624,[117|30],[117|30],34,[2|206|2640],[[2|206|2640]],[76667]
62435,[66|181925],[[66|181925]],[[2|206|2640]],[],[80856],,624,[117|30],[117|30],35,[2|206|2640],[[2|206|2640]],[80856]
62436,[66|191350],[[66|191350]],[[2|206|2640]],[],[85045],,624,[117|30],[117|30],36,[2|206|2640],[[2|206|2640]],[85045]
62437,[66|200775],[[66|200775]],[[2|206|3520]],[],[89234],,624,[117|30],[117|30],37,[2|206|3520],[[2|206|3520]],[89234]
62438,[66|210200],[[66|210200]],[[2|206|3520]],[],[93423],,624,[117|30],[117|30],38,[2|206|3520],[[2|206|3520]],[93423]
62439,[66|219625],[[66|219625]],[[2|206|3520]],[],[97612],,624,[117|30],[117|30],39,[2|206|3520],[[2|206|3520]],[97612]
62440,[66|257325],[[66|257325]],[[2|206|3520]],[],[114367],,624,[117|30],[117|30],40,[2|206|3520],[[2|206|3520]],[114367]
62441,[66|272405],[[66|272405]],[[2|206|2820]],[],[121069],,624,[117|40],[117|40],41,[2|206|2820],[[2|206|2820]],[121069]
62442,[66|287485],[[66|287485]],[[2|206|3100]],[],[127772],,624,[117|40],[117|40],42,[2|206|3100],[[2|206|3100]],[127772]
62443,[66|302565],[[66|302565]],[[2|206|3385]],[],[134474],,624,[117|40],[117|40],43,[2|206|3385],[[2|206|3385]],[134474]
62444,[66|317645],[[66|317645]],[[2|206|4225]],[],[141176],,624,[117|40],[117|40],44,[2|206|4225],[[2|206|4225]],[141176]
62445,[66|332725],[[66|332725]],[[2|206|4225]],[],[147878],,624,[117|40],[117|40],45,[2|206|4225],[[2|206|4225]],[147878]
62446,[66|347805],[[66|347805]],[[2|206|4225]],[],[154580],,624,[117|40],[117|40],46,[2|206|4225],[[2|206|4225]],[154580]
62447,[66|362885],[[66|362885]],[[2|206|5635]],[],[161283],,624,[117|40],[117|40],47,[2|206|5635],[[2|206|5635]],[161283]
62448,[66|377965],[[66|377965]],[[2|206|5635]],[],[167985],,624,[117|40],[117|40],48,[2|206|5635],[[2|206|5635]],[167985]
62449,[66|393045],[[66|393045]],[[2|206|5635]],[],[174687],,624,[117|40],[117|40],49,[2|206|5635],[[2|206|5635]],[174687]
62450,[66|449595],[[66|449595]],[[2|206|5635]],[],[199820],,624,[117|40],[117|40],50,[2|206|5635],[[2|206|5635]],[199820]
64101,[65|170|66|380],[[65|170]|[66|380]],[[2|206|180]],[],[849],,641,[117|0],[117|0],1,[2|206|180],[[2|206|180]],[849]
64102,[65|340|66|760],[[65|340]|[66|760]],[[2|206|215]],[],[1698],,641,[117|0],[117|0],2,[2|206|215],[[2|206|215]],[1698]
64103,[65|510|66|1140],[[65|510]|[66|1140]],[[2|206|230]],[],[2547],,641,[117|0],[117|0],3,[2|206|230],[[2|206|230]],[2547]
64104,[65|680|66|1520],[[65|680]|[66|1520]],[[2|206|250]],[],[3396],,641,[117|0],[117|0],4,[2|206|250],[[2|206|250]],[3396]
64105,[65|850|66|1900],[[65|850]|[66|1900]],[[2|206|265]],[],[4245],,641,[117|0],[117|0],5,[2|206|265],[[2|206|265]],[4245]
64106,[65|1020|66|2280],[[65|1020]|[66|2280]],[[2|206|285]],[],[5094],,641,[117|0],[117|0],6,[2|206|285],[[2|206|285]],[5094]
64107,[65|1190|66|2660],[[65|1190]|[66|2660]],[[2|206|320]],[],[5943],,641,[117|0],[117|0],7,[2|206|320],[[2|206|320]],[5943]
64108,[65|1360|66|3040],[[65|1360]|[66|3040]],[[2|206|355]],[],[6792],,641,[117|0],[117|0],8,[2|206|355],[[2|206|355]],[6792]
64109,[65|1530|66|3420],[[65|1530]|[66|3420]],[[2|206|530]],[],[7640],,641,[117|0],[117|0],9,[2|206|530],[[2|206|530]],[7640]
64110,[65|2205|66|4930],[[65|2205]|[66|4930]],[[2|206|705]],[],[11012],,641,[117|0],[117|0],10,[2|206|705],[[2|206|705]],[11012]
64111,[65|2460|66|5500],[[65|2460]|[66|5500]],[[2|206|530]],[],[12285],,641,[117|10],[117|10],11,[2|206|530],[[2|206|530]],[12285]
64112,[65|2715|66|6070],[[65|2715]|[66|6070]],[[2|206|530]],[],[13558],,641,[117|10],[117|10],12,[2|206|530],[[2|206|530]],[13558]
64113,[65|2970|66|6640],[[65|2970]|[66|6640]],[[2|206|620]],[],[14832],,641,[117|10],[117|10],13,[2|206|620],[[2|206|620]],[14832]
64114,[65|3225|66|7210],[[65|3225]|[66|7210]],[[2|206|620]],[],[16105],,641,[117|10],[117|10],14,[2|206|620],[[2|206|620]],[16105]
64115,[65|3480|66|7780],[[65|3480]|[66|7780]],[[2|206|705]],[],[17378],,641,[117|10],[117|10],15,[2|206|705],[[2|206|705]],[17378]
64116,[65|3735|66|8350],[[65|3735]|[66|8350]],[[2|206|705]],[],[18652],,641,[117|10],[117|10],16,[2|206|705],[[2|206|705]],[18652]
64117,[65|3990|66|8920],[[65|3990]|[66|8920]],[[2|206|880]],[],[19925],,641,[117|10],[117|10],17,[2|206|880],[[2|206|880]],[19925]
64118,[65|4245|66|9490],[[65|4245]|[66|9490]],[[2|206|880]],[],[21198],,641,[117|10],[117|10],18,[2|206|880],[[2|206|880]],[21198]
64119,[65|4500|66|10060],[[65|4500]|[66|10060]],[[2|206|1060]],[],[22472],,641,[117|10],[117|10],19,[2|206|1060],[[2|206|1060]],[22472]
64120,[65|5510|66|12325],[[65|5510]|[66|12325]],[[2|206|1410]],[],[27518],,641,[117|10],[117|10],20,[2|206|1410],[[2|206|1410]],[27518]
64121,[65|6015|66|13460],[[65|6015]|[66|13460]],[[2|206|1060]],[],[30043],,641,[117|20],[117|20],21,[2|206|1060],[[2|206|1060]],[30043]
64122,[65|6520|66|14595],[[65|6520]|[66|14595]],[[2|206|1145]],[],[32567],,641,[117|20],[117|20],22,[2|206|1145],[[2|206|1145]],[32567]
64123,[65|7025|66|15730],[[65|7025]|[66|15730]],[[2|206|1235]],[],[35092],,641,[117|20],[117|20],23,[2|206|1235],[[2|206|1235]],[35092]
64124,[65|7530|66|16865],[[65|7530]|[66|16865]],[[2|206|845]],[],[37616],,641,[117|20],[117|20],24,[2|206|845],[[2|206|845]],[37616]
64125,[65|8035|66|18000],[[65|8035]|[66|18000]],[[2|206|1410]],[],[40140],,641,[117|20],[117|20],25,[2|206|1410],[[2|206|1410]],[40140]
64126,[65|8540|66|19135],[[65|8540]|[66|19135]],[[2|206|1585]],[],[42665],,641,[117|20],[117|20],26,[2|206|1585],[[2|206|1585]],[42665]
64127,[65|9045|66|20270],[[65|9045]|[66|20270]],[[2|206|1585]],[],[45189],,641,[117|20],[117|20],27,[2|206|1585],[[2|206|1585]],[45189]
64128,[65|9550|66|21405],[[65|9550]|[66|21405]],[[2|206|1760]],[],[47714],,641,[117|20],[117|20],28,[2|206|1760],[[2|206|1760]],[47714]
64129,[65|10055|66|22540],[[65|10055]|[66|22540]],[[2|206|1760]],[],[50238],,641,[117|20],[117|20],29,[2|206|1760],[[2|206|1760]],[50238]
64130,[65|12070|66|27065],[[65|12070]|[66|27065]],[[2|206|2640]],[],[60309],,641,[117|20],[117|20],30,[2|206|2640],[[2|206|2640]],[60309]
64131,[65|12910|66|28950],[[65|12910]|[66|28950]],[[2|206|1760]],[],[64507],,641,[117|30],[117|30],31,[2|206|1760],[[2|206|1760]],[64507]
64132,[65|13750|66|30835],[[65|13750]|[66|30835]],[[2|206|1935]],[],[68705],,641,[117|30],[117|30],32,[2|206|1935],[[2|206|1935]],[68705]
64133,[65|14590|66|32720],[[65|14590]|[66|32720]],[[2|206|2115]],[],[72903],,641,[117|30],[117|30],33,[2|206|2115],[[2|206|2115]],[72903]
64134,[65|15430|66|34605],[[65|15430]|[66|34605]],[[2|206|2640]],[],[77100],,641,[117|30],[117|30],34,[2|206|2640],[[2|206|2640]],[77100]
64135,[65|16270|66|36490],[[65|16270]|[66|36490]],[[2|206|2640]],[],[81298],,641,[117|30],[117|30],35,[2|206|2640],[[2|206|2640]],[81298]
64136,[65|17110|66|38375],[[65|17110]|[66|38375]],[[2|206|2640]],[],[85496],,641,[117|30],[117|30],36,[2|206|2640],[[2|206|2640]],[85496]
64137,[65|17950|66|40260],[[65|17950]|[66|40260]],[[2|206|3520]],[],[89694],,641,[117|30],[117|30],37,[2|206|3520],[[2|206|3520]],[89694]
64138,[65|18790|66|42145],[[65|18790]|[66|42145]],[[2|206|3520]],[],[93892],,641,[117|30],[117|30],38,[2|206|3520],[[2|206|3520]],[93892]
64139,[65|19630|66|44030],[[65|19630]|[66|44030]],[[2|206|3520]],[],[98089],,641,[117|30],[117|30],39,[2|206|3520],[[2|206|3520]],[98089]
64140,[65|22985|66|51570],[[65|22985]|[66|51570]],[[2|206|3520]],[],[114860],,641,[117|30],[117|30],40,[2|206|3520],[[2|206|3520]],[114860]
64141,[65|24330|66|54590],[[65|24330]|[66|54590]],[[2|206|2820]],[],[121583],,641,[117|40],[117|40],41,[2|206|2820],[[2|206|2820]],[121583]
64142,[65|25675|66|57610],[[65|25675]|[66|57610]],[[2|206|3100]],[],[128305],,641,[117|40],[117|40],42,[2|206|3100],[[2|206|3100]],[128305]
64143,[65|27020|66|60630],[[65|27020]|[66|60630]],[[2|206|3385]],[],[135027],,641,[117|40],[117|40],43,[2|206|3385],[[2|206|3385]],[135027]
64144,[65|28365|66|63650],[[65|28365]|[66|63650]],[[2|206|4225]],[],[141749],,641,[117|40],[117|40],44,[2|206|4225],[[2|206|4225]],[141749]
64145,[65|29710|66|66670],[[65|29710]|[66|66670]],[[2|206|4225]],[],[148472],,641,[117|40],[117|40],45,[2|206|4225],[[2|206|4225]],[148472]
64146,[65|31055|66|69690],[[65|31055]|[66|69690]],[[2|206|4225]],[],[155194],,641,[117|40],[117|40],46,[2|206|4225],[[2|206|4225]],[155194]
64147,[65|32400|66|72710],[[65|32400]|[66|72710]],[[2|206|5635]],[],[161916],,641,[117|40],[117|40],47,[2|206|5635],[[2|206|5635]],[161916]
64148,[65|33745|66|75730],[[65|33745]|[66|75730]],[[2|206|5635]],[],[168638],,641,[117|40],[117|40],48,[2|206|5635],[[2|206|5635]],[168638]
64149,[65|35090|66|78750],[[65|35090]|[66|78750]],[[2|206|5635]],[],[175360],,641,[117|40],[117|40],49,[2|206|5635],[[2|206|5635]],[175360]
64150,[65|40120|66|90060],[[65|40120]|[66|90060]],[[2|206|5635]],[],[200507],,641,[117|40],[117|40],50,[2|206|5635],[[2|206|5635]],[200507]
64201,[66|1885],[[66|1885]],[[2|206|180]],[],[838],,642,[117|0],[117|0],1,[2|206|180],[[2|206|180]],[838]
64202,[66|3770],[[66|3770]],[[2|206|215]],[],[1676],,642,[117|0],[117|0],2,[2|206|215],[[2|206|215]],[1676]
64203,[66|5655],[[66|5655]],[[2|206|230]],[],[2514],,642,[117|0],[117|0],3,[2|206|230],[[2|206|230]],[2514]
64204,[66|7540],[[66|7540]],[[2|206|250]],[],[3352],,642,[117|0],[117|0],4,[2|206|250],[[2|206|250]],[3352]
64205,[66|9425],[[66|9425]],[[2|206|265]],[],[4189],,642,[117|0],[117|0],5,[2|206|265],[[2|206|265]],[4189]
64206,[66|11310],[[66|11310]],[[2|206|285]],[],[5027],,642,[117|0],[117|0],6,[2|206|285],[[2|206|285]],[5027]
64207,[66|13195],[[66|13195]],[[2|206|320]],[],[5865],,642,[117|0],[117|0],7,[2|206|320],[[2|206|320]],[5865]
64208,[66|15080],[[66|15080]],[[2|206|355]],[],[6703],,642,[117|0],[117|0],8,[2|206|355],[[2|206|355]],[6703]
64209,[66|16965],[[66|16965]],[[2|206|530]],[],[7540],,642,[117|0],[117|0],9,[2|206|530],[[2|206|530]],[7540]
64210,[66|24505],[[66|24505]],[[2|206|705]],[],[10892],,642,[117|0],[117|0],10,[2|206|705],[[2|206|705]],[10892]
64211,[66|27335],[[66|27335]],[[2|206|530]],[],[12149],,642,[117|10],[117|10],11,[2|206|530],[[2|206|530]],[12149]
64212,[66|30165],[[66|30165]],[[2|206|530]],[],[13407],,642,[117|10],[117|10],12,[2|206|530],[[2|206|530]],[13407]
64213,[66|32995],[[66|32995]],[[2|206|620]],[],[14665],,642,[117|10],[117|10],13,[2|206|620],[[2|206|620]],[14665]
64214,[66|35825],[[66|35825]],[[2|206|620]],[],[15923],,642,[117|10],[117|10],14,[2|206|620],[[2|206|620]],[15923]
64215,[66|38655],[[66|38655]],[[2|206|705]],[],[17180],,642,[117|10],[117|10],15,[2|206|705],[[2|206|705]],[17180]
64216,[66|41485],[[66|41485]],[[2|206|705]],[],[18438],,642,[117|10],[117|10],16,[2|206|705],[[2|206|705]],[18438]
64217,[66|44315],[[66|44315]],[[2|206|880]],[],[19696],,642,[117|10],[117|10],17,[2|206|880],[[2|206|880]],[19696]
64218,[66|47145],[[66|47145]],[[2|206|880]],[],[20954],,642,[117|10],[117|10],18,[2|206|880],[[2|206|880]],[20954]
64219,[66|49975],[[66|49975]],[[2|206|1060]],[],[22212],,642,[117|10],[117|10],19,[2|206|1060],[[2|206|1060]],[22212]
64220,[66|61285],[[66|61285]],[[2|206|1410]],[],[27238],,642,[117|10],[117|10],20,[2|206|1410],[[2|206|1410]],[27238]
64221,[66|66940],[[66|66940]],[[2|206|1060]],[],[29752],,642,[117|20],[117|20],21,[2|206|1060],[[2|206|1060]],[29752]
64222,[66|72595],[[66|72595]],[[2|206|1145]],[],[32265],,642,[117|20],[117|20],22,[2|206|1145],[[2|206|1145]],[32265]
64223,[66|78250],[[66|78250]],[[2|206|1235]],[],[34778],,642,[117|20],[117|20],23,[2|206|1235],[[2|206|1235]],[34778]
64224,[66|83905],[[66|83905]],[[2|206|845]],[],[37292],,642,[117|20],[117|20],24,[2|206|845],[[2|206|845]],[37292]
64225,[66|89560],[[66|89560]],[[2|206|1410]],[],[39805],,642,[117|20],[117|20],25,[2|206|1410],[[2|206|1410]],[39805]
64226,[66|95215],[[66|95215]],[[2|206|1585]],[],[42318],,642,[117|20],[117|20],26,[2|206|1585],[[2|206|1585]],[42318]
64227,[66|100870],[[66|100870]],[[2|206|1585]],[],[44832],,642,[117|20],[117|20],27,[2|206|1585],[[2|206|1585]],[44832]
64228,[66|106525],[[66|106525]],[[2|206|1760]],[],[47345],,642,[117|20],[117|20],28,[2|206|1760],[[2|206|1760]],[47345]
64229,[66|112180],[[66|112180]],[[2|206|1760]],[],[49858],,642,[117|20],[117|20],29,[2|206|1760],[[2|206|1760]],[49858]
64230,[66|134800],[[66|134800]],[[2|206|2640]],[],[59912],,642,[117|20],[117|20],30,[2|206|2640],[[2|206|2640]],[59912]
64231,[66|144225],[[66|144225]],[[2|206|1760]],[],[64100],,642,[117|30],[117|30],31,[2|206|1760],[[2|206|1760]],[64100]
64232,[66|153650],[[66|153650]],[[2|206|1935]],[],[68289],,642,[117|30],[117|30],32,[2|206|1935],[[2|206|1935]],[68289]
64233,[66|163075],[[66|163075]],[[2|206|2115]],[],[72478],,642,[117|30],[117|30],33,[2|206|2115],[[2|206|2115]],[72478]
64234,[66|172500],[[66|172500]],[[2|206|2640]],[],[76667],,642,[117|30],[117|30],34,[2|206|2640],[[2|206|2640]],[76667]
64235,[66|181925],[[66|181925]],[[2|206|2640]],[],[80856],,642,[117|30],[117|30],35,[2|206|2640],[[2|206|2640]],[80856]
64236,[66|191350],[[66|191350]],[[2|206|2640]],[],[85045],,642,[117|30],[117|30],36,[2|206|2640],[[2|206|2640]],[85045]
64237,[66|200775],[[66|200775]],[[2|206|3520]],[],[89234],,642,[117|30],[117|30],37,[2|206|3520],[[2|206|3520]],[89234]
64238,[66|210200],[[66|210200]],[[2|206|3520]],[],[93423],,642,[117|30],[117|30],38,[2|206|3520],[[2|206|3520]],[93423]
64239,[66|219625],[[66|219625]],[[2|206|3520]],[],[97612],,642,[117|30],[117|30],39,[2|206|3520],[[2|206|3520]],[97612]
64240,[66|257325],[[66|257325]],[[2|206|3520]],[],[114367],,642,[117|30],[117|30],40,[2|206|3520],[[2|206|3520]],[114367]
64241,[66|272405],[[66|272405]],[[2|206|2820]],[],[121069],,642,[117|40],[117|40],41,[2|206|2820],[[2|206|2820]],[121069]
64242,[66|287485],[[66|287485]],[[2|206|3100]],[],[127772],,642,[117|40],[117|40],42,[2|206|3100],[[2|206|3100]],[127772]
64243,[66|302565],[[66|302565]],[[2|206|3385]],[],[134474],,642,[117|40],[117|40],43,[2|206|3385],[[2|206|3385]],[134474]
64244,[66|317645],[[66|317645]],[[2|206|4225]],[],[141176],,642,[117|40],[117|40],44,[2|206|4225],[[2|206|4225]],[141176]
64245,[66|332725],[[66|332725]],[[2|206|4225]],[],[147878],,642,[117|40],[117|40],45,[2|206|4225],[[2|206|4225]],[147878]
64246,[66|347805],[[66|347805]],[[2|206|4225]],[],[154580],,642,[117|40],[117|40],46,[2|206|4225],[[2|206|4225]],[154580]
64247,[66|362885],[[66|362885]],[[2|206|5635]],[],[161283],,642,[117|40],[117|40],47,[2|206|5635],[[2|206|5635]],[161283]
64248,[66|377965],[[66|377965]],[[2|206|5635]],[],[167985],,642,[117|40],[117|40],48,[2|206|5635],[[2|206|5635]],[167985]
64249,[66|393045],[[66|393045]],[[2|206|5635]],[],[174687],,642,[117|40],[117|40],49,[2|206|5635],[[2|206|5635]],[174687]
64250,[66|449595],[[66|449595]],[[2|206|5635]],[],[199820],,642,[117|40],[117|40],50,[2|206|5635],[[2|206|5635]],[199820]
64301,[65|170|66|380],[[65|170]|[66|380]],[[2|206|180]],[],[849],,643,[117|0],[117|0],1,[2|206|180],[[2|206|180]],[849]
64302,[65|340|66|760],[[65|340]|[66|760]],[[2|206|215]],[],[1698],,643,[117|0],[117|0],2,[2|206|215],[[2|206|215]],[1698]
64303,[65|510|66|1140],[[65|510]|[66|1140]],[[2|206|230]],[],[2547],,643,[117|0],[117|0],3,[2|206|230],[[2|206|230]],[2547]
64304,[65|680|66|1520],[[65|680]|[66|1520]],[[2|206|250]],[],[3396],,643,[117|0],[117|0],4,[2|206|250],[[2|206|250]],[3396]
64305,[65|850|66|1900],[[65|850]|[66|1900]],[[2|206|265]],[],[4245],,643,[117|0],[117|0],5,[2|206|265],[[2|206|265]],[4245]
64306,[65|1020|66|2280],[[65|1020]|[66|2280]],[[2|206|285]],[],[5094],,643,[117|0],[117|0],6,[2|206|285],[[2|206|285]],[5094]
64307,[65|1190|66|2660],[[65|1190]|[66|2660]],[[2|206|320]],[],[5943],,643,[117|0],[117|0],7,[2|206|320],[[2|206|320]],[5943]
64308,[65|1360|66|3040],[[65|1360]|[66|3040]],[[2|206|355]],[],[6792],,643,[117|0],[117|0],8,[2|206|355],[[2|206|355]],[6792]
64309,[65|1530|66|3420],[[65|1530]|[66|3420]],[[2|206|530]],[],[7640],,643,[117|0],[117|0],9,[2|206|530],[[2|206|530]],[7640]
64310,[65|2205|66|4930],[[65|2205]|[66|4930]],[[2|206|705]],[],[11012],,643,[117|0],[117|0],10,[2|206|705],[[2|206|705]],[11012]
64311,[65|2460|66|5500],[[65|2460]|[66|5500]],[[2|206|530]],[],[12285],,643,[117|10],[117|10],11,[2|206|530],[[2|206|530]],[12285]
64312,[65|2715|66|6070],[[65|2715]|[66|6070]],[[2|206|530]],[],[13558],,643,[117|10],[117|10],12,[2|206|530],[[2|206|530]],[13558]
64313,[65|2970|66|6640],[[65|2970]|[66|6640]],[[2|206|620]],[],[14832],,643,[117|10],[117|10],13,[2|206|620],[[2|206|620]],[14832]
64314,[65|3225|66|7210],[[65|3225]|[66|7210]],[[2|206|620]],[],[16105],,643,[117|10],[117|10],14,[2|206|620],[[2|206|620]],[16105]
64315,[65|3480|66|7780],[[65|3480]|[66|7780]],[[2|206|705]],[],[17378],,643,[117|10],[117|10],15,[2|206|705],[[2|206|705]],[17378]
64316,[65|3735|66|8350],[[65|3735]|[66|8350]],[[2|206|705]],[],[18652],,643,[117|10],[117|10],16,[2|206|705],[[2|206|705]],[18652]
64317,[65|3990|66|8920],[[65|3990]|[66|8920]],[[2|206|880]],[],[19925],,643,[117|10],[117|10],17,[2|206|880],[[2|206|880]],[19925]
64318,[65|4245|66|9490],[[65|4245]|[66|9490]],[[2|206|880]],[],[21198],,643,[117|10],[117|10],18,[2|206|880],[[2|206|880]],[21198]
64319,[65|4500|66|10060],[[65|4500]|[66|10060]],[[2|206|1060]],[],[22472],,643,[117|10],[117|10],19,[2|206|1060],[[2|206|1060]],[22472]
64320,[65|5510|66|12325],[[65|5510]|[66|12325]],[[2|206|1410]],[],[27518],,643,[117|10],[117|10],20,[2|206|1410],[[2|206|1410]],[27518]
64321,[65|6015|66|13460],[[65|6015]|[66|13460]],[[2|206|1060]],[],[30043],,643,[117|20],[117|20],21,[2|206|1060],[[2|206|1060]],[30043]
64322,[65|6520|66|14595],[[65|6520]|[66|14595]],[[2|206|1145]],[],[32567],,643,[117|20],[117|20],22,[2|206|1145],[[2|206|1145]],[32567]
64323,[65|7025|66|15730],[[65|7025]|[66|15730]],[[2|206|1235]],[],[35092],,643,[117|20],[117|20],23,[2|206|1235],[[2|206|1235]],[35092]
64324,[65|7530|66|16865],[[65|7530]|[66|16865]],[[2|206|845]],[],[37616],,643,[117|20],[117|20],24,[2|206|845],[[2|206|845]],[37616]
64325,[65|8035|66|18000],[[65|8035]|[66|18000]],[[2|206|1410]],[],[40140],,643,[117|20],[117|20],25,[2|206|1410],[[2|206|1410]],[40140]
64326,[65|8540|66|19135],[[65|8540]|[66|19135]],[[2|206|1585]],[],[42665],,643,[117|20],[117|20],26,[2|206|1585],[[2|206|1585]],[42665]
64327,[65|9045|66|20270],[[65|9045]|[66|20270]],[[2|206|1585]],[],[45189],,643,[117|20],[117|20],27,[2|206|1585],[[2|206|1585]],[45189]
64328,[65|9550|66|21405],[[65|9550]|[66|21405]],[[2|206|1760]],[],[47714],,643,[117|20],[117|20],28,[2|206|1760],[[2|206|1760]],[47714]
64329,[65|10055|66|22540],[[65|10055]|[66|22540]],[[2|206|1760]],[],[50238],,643,[117|20],[117|20],29,[2|206|1760],[[2|206|1760]],[50238]
64330,[65|12070|66|27065],[[65|12070]|[66|27065]],[[2|206|2640]],[],[60309],,643,[117|20],[117|20],30,[2|206|2640],[[2|206|2640]],[60309]
64331,[65|12910|66|28950],[[65|12910]|[66|28950]],[[2|206|1760]],[],[64507],,643,[117|30],[117|30],31,[2|206|1760],[[2|206|1760]],[64507]
64332,[65|13750|66|30835],[[65|13750]|[66|30835]],[[2|206|1935]],[],[68705],,643,[117|30],[117|30],32,[2|206|1935],[[2|206|1935]],[68705]
64333,[65|14590|66|32720],[[65|14590]|[66|32720]],[[2|206|2115]],[],[72903],,643,[117|30],[117|30],33,[2|206|2115],[[2|206|2115]],[72903]
64334,[65|15430|66|34605],[[65|15430]|[66|34605]],[[2|206|2640]],[],[77100],,643,[117|30],[117|30],34,[2|206|2640],[[2|206|2640]],[77100]
64335,[65|16270|66|36490],[[65|16270]|[66|36490]],[[2|206|2640]],[],[81298],,643,[117|30],[117|30],35,[2|206|2640],[[2|206|2640]],[81298]
64336,[65|17110|66|38375],[[65|17110]|[66|38375]],[[2|206|2640]],[],[85496],,643,[117|30],[117|30],36,[2|206|2640],[[2|206|2640]],[85496]
64337,[65|17950|66|40260],[[65|17950]|[66|40260]],[[2|206|3520]],[],[89694],,643,[117|30],[117|30],37,[2|206|3520],[[2|206|3520]],[89694]
64338,[65|18790|66|42145],[[65|18790]|[66|42145]],[[2|206|3520]],[],[93892],,643,[117|30],[117|30],38,[2|206|3520],[[2|206|3520]],[93892]
64339,[65|19630|66|44030],[[65|19630]|[66|44030]],[[2|206|3520]],[],[98089],,643,[117|30],[117|30],39,[2|206|3520],[[2|206|3520]],[98089]
64340,[65|22985|66|51570],[[65|22985]|[66|51570]],[[2|206|3520]],[],[114860],,643,[117|30],[117|30],40,[2|206|3520],[[2|206|3520]],[114860]
64341,[65|24330|66|54590],[[65|24330]|[66|54590]],[[2|206|2820]],[],[121583],,643,[117|40],[117|40],41,[2|206|2820],[[2|206|2820]],[121583]
64342,[65|25675|66|57610],[[65|25675]|[66|57610]],[[2|206|3100]],[],[128305],,643,[117|40],[117|40],42,[2|206|3100],[[2|206|3100]],[128305]
64343,[65|27020|66|60630],[[65|27020]|[66|60630]],[[2|206|3385]],[],[135027],,643,[117|40],[117|40],43,[2|206|3385],[[2|206|3385]],[135027]
64344,[65|28365|66|63650],[[65|28365]|[66|63650]],[[2|206|4225]],[],[141749],,643,[117|40],[117|40],44,[2|206|4225],[[2|206|4225]],[141749]
64345,[65|29710|66|66670],[[65|29710]|[66|66670]],[[2|206|4225]],[],[148472],,643,[117|40],[117|40],45,[2|206|4225],[[2|206|4225]],[148472]
64346,[65|31055|66|69690],[[65|31055]|[66|69690]],[[2|206|4225]],[],[155194],,643,[117|40],[117|40],46,[2|206|4225],[[2|206|4225]],[155194]
64347,[65|32400|66|72710],[[65|32400]|[66|72710]],[[2|206|5635]],[],[161916],,643,[117|40],[117|40],47,[2|206|5635],[[2|206|5635]],[161916]
64348,[65|33745|66|75730],[[65|33745]|[66|75730]],[[2|206|5635]],[],[168638],,643,[117|40],[117|40],48,[2|206|5635],[[2|206|5635]],[168638]
64349,[65|35090|66|78750],[[65|35090]|[66|78750]],[[2|206|5635]],[],[175360],,643,[117|40],[117|40],49,[2|206|5635],[[2|206|5635]],[175360]
64350,[65|40120|66|90060],[[65|40120]|[66|90060]],[[2|206|5635]],[],[200507],,643,[117|40],[117|40],50,[2|206|5635],[[2|206|5635]],[200507]
64401,[66|1885],[[66|1885]],[[2|206|180]],[],[838],,644,[117|0],[117|0],1,[2|206|180],[[2|206|180]],[838]
64402,[66|3770],[[66|3770]],[[2|206|215]],[],[1676],,644,[117|0],[117|0],2,[2|206|215],[[2|206|215]],[1676]
64403,[66|5655],[[66|5655]],[[2|206|230]],[],[2514],,644,[117|0],[117|0],3,[2|206|230],[[2|206|230]],[2514]
64404,[66|7540],[[66|7540]],[[2|206|250]],[],[3352],,644,[117|0],[117|0],4,[2|206|250],[[2|206|250]],[3352]
64405,[66|9425],[[66|9425]],[[2|206|265]],[],[4189],,644,[117|0],[117|0],5,[2|206|265],[[2|206|265]],[4189]
64406,[66|11310],[[66|11310]],[[2|206|285]],[],[5027],,644,[117|0],[117|0],6,[2|206|285],[[2|206|285]],[5027]
64407,[66|13195],[[66|13195]],[[2|206|320]],[],[5865],,644,[117|0],[117|0],7,[2|206|320],[[2|206|320]],[5865]
64408,[66|15080],[[66|15080]],[[2|206|355]],[],[6703],,644,[117|0],[117|0],8,[2|206|355],[[2|206|355]],[6703]
64409,[66|16965],[[66|16965]],[[2|206|530]],[],[7540],,644,[117|0],[117|0],9,[2|206|530],[[2|206|530]],[7540]
64410,[66|24505],[[66|24505]],[[2|206|705]],[],[10892],,644,[117|0],[117|0],10,[2|206|705],[[2|206|705]],[10892]
64411,[66|27335],[[66|27335]],[[2|206|530]],[],[12149],,644,[117|10],[117|10],11,[2|206|530],[[2|206|530]],[12149]
64412,[66|30165],[[66|30165]],[[2|206|530]],[],[13407],,644,[117|10],[117|10],12,[2|206|530],[[2|206|530]],[13407]
64413,[66|32995],[[66|32995]],[[2|206|620]],[],[14665],,644,[117|10],[117|10],13,[2|206|620],[[2|206|620]],[14665]
64414,[66|35825],[[66|35825]],[[2|206|620]],[],[15923],,644,[117|10],[117|10],14,[2|206|620],[[2|206|620]],[15923]
64415,[66|38655],[[66|38655]],[[2|206|705]],[],[17180],,644,[117|10],[117|10],15,[2|206|705],[[2|206|705]],[17180]
64416,[66|41485],[[66|41485]],[[2|206|705]],[],[18438],,644,[117|10],[117|10],16,[2|206|705],[[2|206|705]],[18438]
64417,[66|44315],[[66|44315]],[[2|206|880]],[],[19696],,644,[117|10],[117|10],17,[2|206|880],[[2|206|880]],[19696]
64418,[66|47145],[[66|47145]],[[2|206|880]],[],[20954],,644,[117|10],[117|10],18,[2|206|880],[[2|206|880]],[20954]
64419,[66|49975],[[66|49975]],[[2|206|1060]],[],[22212],,644,[117|10],[117|10],19,[2|206|1060],[[2|206|1060]],[22212]
64420,[66|61285],[[66|61285]],[[2|206|1410]],[],[27238],,644,[117|10],[117|10],20,[2|206|1410],[[2|206|1410]],[27238]
64421,[66|66940],[[66|66940]],[[2|206|1060]],[],[29752],,644,[117|20],[117|20],21,[2|206|1060],[[2|206|1060]],[29752]
64422,[66|72595],[[66|72595]],[[2|206|1145]],[],[32265],,644,[117|20],[117|20],22,[2|206|1145],[[2|206|1145]],[32265]
64423,[66|78250],[[66|78250]],[[2|206|1235]],[],[34778],,644,[117|20],[117|20],23,[2|206|1235],[[2|206|1235]],[34778]
64424,[66|83905],[[66|83905]],[[2|206|845]],[],[37292],,644,[117|20],[117|20],24,[2|206|845],[[2|206|845]],[37292]
64425,[66|89560],[[66|89560]],[[2|206|1410]],[],[39805],,644,[117|20],[117|20],25,[2|206|1410],[[2|206|1410]],[39805]
64426,[66|95215],[[66|95215]],[[2|206|1585]],[],[42318],,644,[117|20],[117|20],26,[2|206|1585],[[2|206|1585]],[42318]
64427,[66|100870],[[66|100870]],[[2|206|1585]],[],[44832],,644,[117|20],[117|20],27,[2|206|1585],[[2|206|1585]],[44832]
64428,[66|106525],[[66|106525]],[[2|206|1760]],[],[47345],,644,[117|20],[117|20],28,[2|206|1760],[[2|206|1760]],[47345]
64429,[66|112180],[[66|112180]],[[2|206|1760]],[],[49858],,644,[117|20],[117|20],29,[2|206|1760],[[2|206|1760]],[49858]
64430,[66|134800],[[66|134800]],[[2|206|2640]],[],[59912],,644,[117|20],[117|20],30,[2|206|2640],[[2|206|2640]],[59912]
64431,[66|144225],[[66|144225]],[[2|206|1760]],[],[64100],,644,[117|30],[117|30],31,[2|206|1760],[[2|206|1760]],[64100]
64432,[66|153650],[[66|153650]],[[2|206|1935]],[],[68289],,644,[117|30],[117|30],32,[2|206|1935],[[2|206|1935]],[68289]
64433,[66|163075],[[66|163075]],[[2|206|2115]],[],[72478],,644,[117|30],[117|30],33,[2|206|2115],[[2|206|2115]],[72478]
64434,[66|172500],[[66|172500]],[[2|206|2640]],[],[76667],,644,[117|30],[117|30],34,[2|206|2640],[[2|206|2640]],[76667]
64435,[66|181925],[[66|181925]],[[2|206|2640]],[],[80856],,644,[117|30],[117|30],35,[2|206|2640],[[2|206|2640]],[80856]
64436,[66|191350],[[66|191350]],[[2|206|2640]],[],[85045],,644,[117|30],[117|30],36,[2|206|2640],[[2|206|2640]],[85045]
64437,[66|200775],[[66|200775]],[[2|206|3520]],[],[89234],,644,[117|30],[117|30],37,[2|206|3520],[[2|206|3520]],[89234]
64438,[66|210200],[[66|210200]],[[2|206|3520]],[],[93423],,644,[117|30],[117|30],38,[2|206|3520],[[2|206|3520]],[93423]
64439,[66|219625],[[66|219625]],[[2|206|3520]],[],[97612],,644,[117|30],[117|30],39,[2|206|3520],[[2|206|3520]],[97612]
64440,[66|257325],[[66|257325]],[[2|206|3520]],[],[114367],,644,[117|30],[117|30],40,[2|206|3520],[[2|206|3520]],[114367]
64441,[66|272405],[[66|272405]],[[2|206|2820]],[],[121069],,644,[117|40],[117|40],41,[2|206|2820],[[2|206|2820]],[121069]
64442,[66|287485],[[66|287485]],[[2|206|3100]],[],[127772],,644,[117|40],[117|40],42,[2|206|3100],[[2|206|3100]],[127772]
64443,[66|302565],[[66|302565]],[[2|206|3385]],[],[134474],,644,[117|40],[117|40],43,[2|206|3385],[[2|206|3385]],[134474]
64444,[66|317645],[[66|317645]],[[2|206|4225]],[],[141176],,644,[117|40],[117|40],44,[2|206|4225],[[2|206|4225]],[141176]
64445,[66|332725],[[66|332725]],[[2|206|4225]],[],[147878],,644,[117|40],[117|40],45,[2|206|4225],[[2|206|4225]],[147878]
64446,[66|347805],[[66|347805]],[[2|206|4225]],[],[154580],,644,[117|40],[117|40],46,[2|206|4225],[[2|206|4225]],[154580]
64447,[66|362885],[[66|362885]],[[2|206|5635]],[],[161283],,644,[117|40],[117|40],47,[2|206|5635],[[2|206|5635]],[161283]
64448,[66|377965],[[66|377965]],[[2|206|5635]],[],[167985],,644,[117|40],[117|40],48,[2|206|5635],[[2|206|5635]],[167985]
64449,[66|393045],[[66|393045]],[[2|206|5635]],[],[174687],,644,[117|40],[117|40],49,[2|206|5635],[[2|206|5635]],[174687]
64450,[66|449595],[[66|449595]],[[2|206|5635]],[],[199820],,644,[117|40],[117|40],50,[2|206|5635],[[2|206|5635]],[199820]
65101,[65|210],[[65|210]],[[2|206|180]],[],[840],,651,[117|0],[117|0],1,[2|206|180],[[2|206|180]],[840]
65102,[65|420],[[65|420]],[[2|206|215]],[],[1680],,651,[117|0],[117|0],2,[2|206|215],[[2|206|215]],[1680]
65103,[65|630],[[65|630]],[[2|206|230]],[],[2520],,651,[117|0],[117|0],3,[2|206|230],[[2|206|230]],[2520]
65104,[65|840],[[65|840]],[[2|206|250]],[],[3360],,651,[117|0],[117|0],4,[2|206|250],[[2|206|250]],[3360]
65105,[65|1050],[[65|1050]],[[2|206|265]],[],[4200],,651,[117|0],[117|0],5,[2|206|265],[[2|206|265]],[4200]
65106,[65|1260],[[65|1260]],[[2|206|285]],[],[5040],,651,[117|0],[117|0],6,[2|206|285],[[2|206|285]],[5040]
65107,[65|1470],[[65|1470]],[[2|206|320]],[],[5880],,651,[117|0],[117|0],7,[2|206|320],[[2|206|320]],[5880]
65108,[65|1680],[[65|1680]],[[2|206|355]],[],[6720],,651,[117|0],[117|0],8,[2|206|355],[[2|206|355]],[6720]
65109,[65|1890],[[65|1890]],[[2|206|530]],[],[7560],,651,[117|0],[117|0],9,[2|206|530],[[2|206|530]],[7560]
65110,[65|2730],[[65|2730]],[[2|206|705]],[],[10920],,651,[117|0],[117|0],10,[2|206|705],[[2|206|705]],[10920]
65111,[65|3045],[[65|3045]],[[2|206|530]],[],[12180],,651,[117|10],[117|10],11,[2|206|530],[[2|206|530]],[12180]
65112,[65|3360],[[65|3360]],[[2|206|530]],[],[13440],,651,[117|10],[117|10],12,[2|206|530],[[2|206|530]],[13440]
65113,[65|3675],[[65|3675]],[[2|206|620]],[],[14700],,651,[117|10],[117|10],13,[2|206|620],[[2|206|620]],[14700]
65114,[65|3990],[[65|3990]],[[2|206|620]],[],[15960],,651,[117|10],[117|10],14,[2|206|620],[[2|206|620]],[15960]
65115,[65|4305],[[65|4305]],[[2|206|705]],[],[17220],,651,[117|10],[117|10],15,[2|206|705],[[2|206|705]],[17220]
65116,[65|4620],[[65|4620]],[[2|206|705]],[],[18480],,651,[117|10],[117|10],16,[2|206|705],[[2|206|705]],[18480]
65117,[65|4935],[[65|4935]],[[2|206|880]],[],[19740],,651,[117|10],[117|10],17,[2|206|880],[[2|206|880]],[19740]
65118,[65|5250],[[65|5250]],[[2|206|880]],[],[21000],,651,[117|10],[117|10],18,[2|206|880],[[2|206|880]],[21000]
65119,[65|5565],[[65|5565]],[[2|206|1060]],[],[22260],,651,[117|10],[117|10],19,[2|206|1060],[[2|206|1060]],[22260]
65120,[65|6825],[[65|6825]],[[2|206|1410]],[],[27300],,651,[117|10],[117|10],20,[2|206|1410],[[2|206|1410]],[27300]
65121,[65|7455],[[65|7455]],[[2|206|1060]],[],[29820],,651,[117|20],[117|20],21,[2|206|1060],[[2|206|1060]],[29820]
65122,[65|8085],[[65|8085]],[[2|206|1145]],[],[32340],,651,[117|20],[117|20],22,[2|206|1145],[[2|206|1145]],[32340]
65123,[65|8715],[[65|8715]],[[2|206|1235]],[],[34860],,651,[117|20],[117|20],23,[2|206|1235],[[2|206|1235]],[34860]
65124,[65|9345],[[65|9345]],[[2|206|845]],[],[37380],,651,[117|20],[117|20],24,[2|206|845],[[2|206|845]],[37380]
65125,[65|9975],[[65|9975]],[[2|206|1410]],[],[39900],,651,[117|20],[117|20],25,[2|206|1410],[[2|206|1410]],[39900]
65126,[65|10605],[[65|10605]],[[2|206|1585]],[],[42420],,651,[117|20],[117|20],26,[2|206|1585],[[2|206|1585]],[42420]
65127,[65|11235],[[65|11235]],[[2|206|1585]],[],[44940],,651,[117|20],[117|20],27,[2|206|1585],[[2|206|1585]],[44940]
65128,[65|11865],[[65|11865]],[[2|206|1760]],[],[47460],,651,[117|20],[117|20],28,[2|206|1760],[[2|206|1760]],[47460]
65129,[65|12495],[[65|12495]],[[2|206|1760]],[],[49980],,651,[117|20],[117|20],29,[2|206|1760],[[2|206|1760]],[49980]
65130,[65|15010],[[65|15010]],[[2|206|2640]],[],[60040],,651,[117|20],[117|20],30,[2|206|2640],[[2|206|2640]],[60040]
65131,[65|16060],[[65|16060]],[[2|206|1760]],[],[64240],,651,[117|30],[117|30],31,[2|206|1760],[[2|206|1760]],[64240]
65132,[65|17110],[[65|17110]],[[2|206|1935]],[],[68440],,651,[117|30],[117|30],32,[2|206|1935],[[2|206|1935]],[68440]
65133,[65|18160],[[65|18160]],[[2|206|2115]],[],[72640],,651,[117|30],[117|30],33,[2|206|2115],[[2|206|2115]],[72640]
65134,[65|19210],[[65|19210]],[[2|206|2640]],[],[76840],,651,[117|30],[117|30],34,[2|206|2640],[[2|206|2640]],[76840]
65135,[65|20260],[[65|20260]],[[2|206|2640]],[],[81040],,651,[117|30],[117|30],35,[2|206|2640],[[2|206|2640]],[81040]
65136,[65|21310],[[65|21310]],[[2|206|2640]],[],[85240],,651,[117|30],[117|30],36,[2|206|2640],[[2|206|2640]],[85240]
65137,[65|22360],[[65|22360]],[[2|206|3520]],[],[89440],,651,[117|30],[117|30],37,[2|206|3520],[[2|206|3520]],[89440]
65138,[65|23410],[[65|23410]],[[2|206|3520]],[],[93640],,651,[117|30],[117|30],38,[2|206|3520],[[2|206|3520]],[93640]
65139,[65|24460],[[65|24460]],[[2|206|3520]],[],[97840],,651,[117|30],[117|30],39,[2|206|3520],[[2|206|3520]],[97840]
65140,[65|28650],[[65|28650]],[[2|206|3520]],[],[114600],,651,[117|30],[117|30],40,[2|206|3520],[[2|206|3520]],[114600]
65141,[65|30330],[[65|30330]],[[2|206|2820]],[],[121320],,651,[117|40],[117|40],41,[2|206|2820],[[2|206|2820]],[121320]
65142,[65|32010],[[65|32010]],[[2|206|3100]],[],[128040],,651,[117|40],[117|40],42,[2|206|3100],[[2|206|3100]],[128040]
65143,[65|33690],[[65|33690]],[[2|206|3385]],[],[134760],,651,[117|40],[117|40],43,[2|206|3385],[[2|206|3385]],[134760]
65144,[65|35370],[[65|35370]],[[2|206|4225]],[],[141480],,651,[117|40],[117|40],44,[2|206|4225],[[2|206|4225]],[141480]
65145,[65|37050],[[65|37050]],[[2|206|4225]],[],[148200],,651,[117|40],[117|40],45,[2|206|4225],[[2|206|4225]],[148200]
65146,[65|38730],[[65|38730]],[[2|206|4225]],[],[154920],,651,[117|40],[117|40],46,[2|206|4225],[[2|206|4225]],[154920]
65147,[65|40410],[[65|40410]],[[2|206|5635]],[],[161640],,651,[117|40],[117|40],47,[2|206|5635],[[2|206|5635]],[161640]
65148,[65|42090],[[65|42090]],[[2|206|5635]],[],[168360],,651,[117|40],[117|40],48,[2|206|5635],[[2|206|5635]],[168360]
65149,[65|43770],[[65|43770]],[[2|206|5635]],[],[175080],,651,[117|40],[117|40],49,[2|206|5635],[[2|206|5635]],[175080]
65150,[65|50055],[[65|50055]],[[2|206|5635]],[],[200220],,651,[117|40],[117|40],50,[2|206|5635],[[2|206|5635]],[200220]
65201,[66|1510|65|45],[[66|1510]|[65|45]],[[2|206|180]],[],[852],,652,[117|0],[117|0],1,[2|206|180],[[2|206|180]],[852]
65202,[66|3020|65|90],[[66|3020]|[65|90]],[[2|206|215]],[],[1703],,652,[117|0],[117|0],2,[2|206|215],[[2|206|215]],[1703]
65203,[66|4530|65|135],[[66|4530]|[65|135]],[[2|206|230]],[],[2554],,652,[117|0],[117|0],3,[2|206|230],[[2|206|230]],[2554]
65204,[66|6040|65|180],[[66|6040]|[65|180]],[[2|206|250]],[],[3405],,652,[117|0],[117|0],4,[2|206|250],[[2|206|250]],[3405]
65205,[66|7550|65|225],[[66|7550]|[65|225]],[[2|206|265]],[],[4256],,652,[117|0],[117|0],5,[2|206|265],[[2|206|265]],[4256]
65206,[66|9060|65|270],[[66|9060]|[65|270]],[[2|206|285]],[],[5107],,652,[117|0],[117|0],6,[2|206|285],[[2|206|285]],[5107]
65207,[66|10570|65|315],[[66|10570]|[65|315]],[[2|206|320]],[],[5958],,652,[117|0],[117|0],7,[2|206|320],[[2|206|320]],[5958]
65208,[66|12080|65|360],[[66|12080]|[65|360]],[[2|206|355]],[],[6809],,652,[117|0],[117|0],8,[2|206|355],[[2|206|355]],[6809]
65209,[66|13590|65|405],[[66|13590]|[65|405]],[[2|206|530]],[],[7660],,652,[117|0],[117|0],9,[2|206|530],[[2|206|530]],[7660]
65210,[66|19625|65|575],[[66|19625]|[65|575]],[[2|206|705]],[],[11023],,652,[117|0],[117|0],10,[2|206|705],[[2|206|705]],[11023]
65211,[66|21890|65|640],[[66|21890]|[65|640]],[[2|206|530]],[],[12289],,652,[117|10],[117|10],11,[2|206|530],[[2|206|530]],[12289]
65212,[66|24155|65|705],[[66|24155]|[65|705]],[[2|206|530]],[],[13556],,652,[117|10],[117|10],12,[2|206|530],[[2|206|530]],[13556]
65213,[66|26420|65|770],[[66|26420]|[65|770]],[[2|206|620]],[],[14823],,652,[117|10],[117|10],13,[2|206|620],[[2|206|620]],[14823]
65214,[66|28685|65|835],[[66|28685]|[65|835]],[[2|206|620]],[],[16089],,652,[117|10],[117|10],14,[2|206|620],[[2|206|620]],[16089]
65215,[66|30950|65|900],[[66|30950]|[65|900]],[[2|206|705]],[],[17356],,652,[117|10],[117|10],15,[2|206|705],[[2|206|705]],[17356]
65216,[66|33215|65|965],[[66|33215]|[65|965]],[[2|206|705]],[],[18623],,652,[117|10],[117|10],16,[2|206|705],[[2|206|705]],[18623]
65217,[66|35480|65|1030],[[66|35480]|[65|1030]],[[2|206|880]],[],[19889],,652,[117|10],[117|10],17,[2|206|880],[[2|206|880]],[19889]
65218,[66|37745|65|1095],[[66|37745]|[65|1095]],[[2|206|880]],[],[21156],,652,[117|10],[117|10],18,[2|206|880],[[2|206|880]],[21156]
65219,[66|40010|65|1160],[[66|40010]|[65|1160]],[[2|206|1060]],[],[22423],,652,[117|10],[117|10],19,[2|206|1060],[[2|206|1060]],[22423]
65220,[66|49060|65|1415],[[66|49060]|[65|1415]],[[2|206|1410]],[],[27465],,652,[117|10],[117|10],20,[2|206|1410],[[2|206|1410]],[27465]
65221,[66|53585|65|1545],[[66|53585]|[65|1545]],[[2|206|1060]],[],[29996],,652,[117|20],[117|20],21,[2|206|1060],[[2|206|1060]],[29996]
65222,[66|58110|65|1675],[[66|58110]|[65|1675]],[[2|206|1145]],[],[32527],,652,[117|20],[117|20],22,[2|206|1145],[[2|206|1145]],[32527]
65223,[66|62635|65|1805],[[66|62635]|[65|1805]],[[2|206|1235]],[],[35058],,652,[117|20],[117|20],23,[2|206|1235],[[2|206|1235]],[35058]
65224,[66|67160|65|1935],[[66|67160]|[65|1935]],[[2|206|845]],[],[37589],,652,[117|20],[117|20],24,[2|206|845],[[2|206|845]],[37589]
65225,[66|71685|65|2065],[[66|71685]|[65|2065]],[[2|206|1410]],[],[40120],,652,[117|20],[117|20],25,[2|206|1410],[[2|206|1410]],[40120]
65226,[66|76210|65|2195],[[66|76210]|[65|2195]],[[2|206|1585]],[],[42652],,652,[117|20],[117|20],26,[2|206|1585],[[2|206|1585]],[42652]
65227,[66|80735|65|2325],[[66|80735]|[65|2325]],[[2|206|1585]],[],[45183],,652,[117|20],[117|20],27,[2|206|1585],[[2|206|1585]],[45183]
65228,[66|85260|65|2455],[[66|85260]|[65|2455]],[[2|206|1760]],[],[47714],,652,[117|20],[117|20],28,[2|206|1760],[[2|206|1760]],[47714]
65229,[66|89785|65|2585],[[66|89785]|[65|2585]],[[2|206|1760]],[],[50245],,652,[117|20],[117|20],29,[2|206|1760],[[2|206|1760]],[50245]
65230,[66|107885|65|3090],[[66|107885]|[65|3090]],[[2|206|2640]],[],[60309],,652,[117|20],[117|20],30,[2|206|2640],[[2|206|2640]],[60309]
65231,[66|115425|65|3300],[[66|115425]|[65|3300]],[[2|206|1760]],[],[64500],,652,[117|30],[117|30],31,[2|206|1760],[[2|206|1760]],[64500]
65232,[66|122965|65|3510],[[66|122965]|[65|3510]],[[2|206|1935]],[],[68692],,652,[117|30],[117|30],32,[2|206|1935],[[2|206|1935]],[68692]
65233,[66|130505|65|3720],[[66|130505]|[65|3720]],[[2|206|2115]],[],[72883],,652,[117|30],[117|30],33,[2|206|2115],[[2|206|2115]],[72883]
65234,[66|138045|65|3930],[[66|138045]|[65|3930]],[[2|206|2640]],[],[77074],,652,[117|30],[117|30],34,[2|206|2640],[[2|206|2640]],[77074]
65235,[66|145585|65|4140],[[66|145585]|[65|4140]],[[2|206|2640]],[],[81265],,652,[117|30],[117|30],35,[2|206|2640],[[2|206|2640]],[81265]
65236,[66|153125|65|4350],[[66|153125]|[65|4350]],[[2|206|2640]],[],[85456],,652,[117|30],[117|30],36,[2|206|2640],[[2|206|2640]],[85456]
65237,[66|160665|65|4560],[[66|160665]|[65|4560]],[[2|206|3520]],[],[89647],,652,[117|30],[117|30],37,[2|206|3520],[[2|206|3520]],[89647]
65238,[66|168205|65|4770],[[66|168205]|[65|4770]],[[2|206|3520]],[],[93838],,652,[117|30],[117|30],38,[2|206|3520],[[2|206|3520]],[93838]
65239,[66|175745|65|4980],[[66|175745]|[65|4980]],[[2|206|3520]],[],[98029],,652,[117|30],[117|30],39,[2|206|3520],[[2|206|3520]],[98029]
65240,[66|205905|65|5820],[[66|205905]|[65|5820]],[[2|206|3520]],[],[114794],,652,[117|30],[117|30],40,[2|206|3520],[[2|206|3520]],[114794]
65241,[66|217970|65|6160],[[66|217970]|[65|6160]],[[2|206|2820]],[],[121516],,652,[117|40],[117|40],41,[2|206|2820],[[2|206|2820]],[121516]
65242,[66|230035|65|6500],[[66|230035]|[65|6500]],[[2|206|3100]],[],[128238],,652,[117|40],[117|40],42,[2|206|3100],[[2|206|3100]],[128238]
65243,[66|242100|65|6840],[[66|242100]|[65|6840]],[[2|206|3385]],[],[134960],,652,[117|40],[117|40],43,[2|206|3385],[[2|206|3385]],[134960]
65244,[66|254165|65|7180],[[66|254165]|[65|7180]],[[2|206|4225]],[],[141683],,652,[117|40],[117|40],44,[2|206|4225],[[2|206|4225]],[141683]
65245,[66|266230|65|7520],[[66|266230]|[65|7520]],[[2|206|4225]],[],[148405],,652,[117|40],[117|40],45,[2|206|4225],[[2|206|4225]],[148405]
65246,[66|278295|65|7860],[[66|278295]|[65|7860]],[[2|206|4225]],[],[155127],,652,[117|40],[117|40],46,[2|206|4225],[[2|206|4225]],[155127]
65247,[66|290360|65|8200],[[66|290360]|[65|8200]],[[2|206|5635]],[],[161849],,652,[117|40],[117|40],47,[2|206|5635],[[2|206|5635]],[161849]
65248,[66|302425|65|8540],[[66|302425]|[65|8540]],[[2|206|5635]],[],[168572],,652,[117|40],[117|40],48,[2|206|5635],[[2|206|5635]],[168572]
65249,[66|314490|65|8880],[[66|314490]|[65|8880]],[[2|206|5635]],[],[175294],,652,[117|40],[117|40],49,[2|206|5635],[[2|206|5635]],[175294]
65250,[66|359730|65|10140],[[66|359730]|[65|10140]],[[2|206|5635]],[],[200440],,652,[117|40],[117|40],50,[2|206|5635],[[2|206|5635]],[200440]
65301,[65|210],[[65|210]],[[2|206|180]],[],[840],,653,[117|0],[117|0],1,[2|206|180],[[2|206|180]],[840]
65302,[65|420],[[65|420]],[[2|206|215]],[],[1680],,653,[117|0],[117|0],2,[2|206|215],[[2|206|215]],[1680]
65303,[65|630],[[65|630]],[[2|206|230]],[],[2520],,653,[117|0],[117|0],3,[2|206|230],[[2|206|230]],[2520]
65304,[65|840],[[65|840]],[[2|206|250]],[],[3360],,653,[117|0],[117|0],4,[2|206|250],[[2|206|250]],[3360]
65305,[65|1050],[[65|1050]],[[2|206|265]],[],[4200],,653,[117|0],[117|0],5,[2|206|265],[[2|206|265]],[4200]
65306,[65|1260],[[65|1260]],[[2|206|285]],[],[5040],,653,[117|0],[117|0],6,[2|206|285],[[2|206|285]],[5040]
65307,[65|1470],[[65|1470]],[[2|206|320]],[],[5880],,653,[117|0],[117|0],7,[2|206|320],[[2|206|320]],[5880]
65308,[65|1680],[[65|1680]],[[2|206|355]],[],[6720],,653,[117|0],[117|0],8,[2|206|355],[[2|206|355]],[6720]
65309,[65|1890],[[65|1890]],[[2|206|530]],[],[7560],,653,[117|0],[117|0],9,[2|206|530],[[2|206|530]],[7560]
65310,[65|2730],[[65|2730]],[[2|206|705]],[],[10920],,653,[117|0],[117|0],10,[2|206|705],[[2|206|705]],[10920]
65311,[65|3045],[[65|3045]],[[2|206|530]],[],[12180],,653,[117|10],[117|10],11,[2|206|530],[[2|206|530]],[12180]
65312,[65|3360],[[65|3360]],[[2|206|530]],[],[13440],,653,[117|10],[117|10],12,[2|206|530],[[2|206|530]],[13440]
65313,[65|3675],[[65|3675]],[[2|206|620]],[],[14700],,653,[117|10],[117|10],13,[2|206|620],[[2|206|620]],[14700]
65314,[65|3990],[[65|3990]],[[2|206|620]],[],[15960],,653,[117|10],[117|10],14,[2|206|620],[[2|206|620]],[15960]
65315,[65|4305],[[65|4305]],[[2|206|705]],[],[17220],,653,[117|10],[117|10],15,[2|206|705],[[2|206|705]],[17220]
65316,[65|4620],[[65|4620]],[[2|206|705]],[],[18480],,653,[117|10],[117|10],16,[2|206|705],[[2|206|705]],[18480]
65317,[65|4935],[[65|4935]],[[2|206|880]],[],[19740],,653,[117|10],[117|10],17,[2|206|880],[[2|206|880]],[19740]
65318,[65|5250],[[65|5250]],[[2|206|880]],[],[21000],,653,[117|10],[117|10],18,[2|206|880],[[2|206|880]],[21000]
65319,[65|5565],[[65|5565]],[[2|206|1060]],[],[22260],,653,[117|10],[117|10],19,[2|206|1060],[[2|206|1060]],[22260]
65320,[65|6825],[[65|6825]],[[2|206|1410]],[],[27300],,653,[117|10],[117|10],20,[2|206|1410],[[2|206|1410]],[27300]
65321,[65|7455],[[65|7455]],[[2|206|1060]],[],[29820],,653,[117|20],[117|20],21,[2|206|1060],[[2|206|1060]],[29820]
65322,[65|8085],[[65|8085]],[[2|206|1145]],[],[32340],,653,[117|20],[117|20],22,[2|206|1145],[[2|206|1145]],[32340]
65323,[65|8715],[[65|8715]],[[2|206|1235]],[],[34860],,653,[117|20],[117|20],23,[2|206|1235],[[2|206|1235]],[34860]
65324,[65|9345],[[65|9345]],[[2|206|845]],[],[37380],,653,[117|20],[117|20],24,[2|206|845],[[2|206|845]],[37380]
65325,[65|9975],[[65|9975]],[[2|206|1410]],[],[39900],,653,[117|20],[117|20],25,[2|206|1410],[[2|206|1410]],[39900]
65326,[65|10605],[[65|10605]],[[2|206|1585]],[],[42420],,653,[117|20],[117|20],26,[2|206|1585],[[2|206|1585]],[42420]
65327,[65|11235],[[65|11235]],[[2|206|1585]],[],[44940],,653,[117|20],[117|20],27,[2|206|1585],[[2|206|1585]],[44940]
65328,[65|11865],[[65|11865]],[[2|206|1760]],[],[47460],,653,[117|20],[117|20],28,[2|206|1760],[[2|206|1760]],[47460]
65329,[65|12495],[[65|12495]],[[2|206|1760]],[],[49980],,653,[117|20],[117|20],29,[2|206|1760],[[2|206|1760]],[49980]
65330,[65|15010],[[65|15010]],[[2|206|2640]],[],[60040],,653,[117|20],[117|20],30,[2|206|2640],[[2|206|2640]],[60040]
65331,[65|16060],[[65|16060]],[[2|206|1760]],[],[64240],,653,[117|30],[117|30],31,[2|206|1760],[[2|206|1760]],[64240]
65332,[65|17110],[[65|17110]],[[2|206|1935]],[],[68440],,653,[117|30],[117|30],32,[2|206|1935],[[2|206|1935]],[68440]
65333,[65|18160],[[65|18160]],[[2|206|2115]],[],[72640],,653,[117|30],[117|30],33,[2|206|2115],[[2|206|2115]],[72640]
65334,[65|19210],[[65|19210]],[[2|206|2640]],[],[76840],,653,[117|30],[117|30],34,[2|206|2640],[[2|206|2640]],[76840]
65335,[65|20260],[[65|20260]],[[2|206|2640]],[],[81040],,653,[117|30],[117|30],35,[2|206|2640],[[2|206|2640]],[81040]
65336,[65|21310],[[65|21310]],[[2|206|2640]],[],[85240],,653,[117|30],[117|30],36,[2|206|2640],[[2|206|2640]],[85240]
65337,[65|22360],[[65|22360]],[[2|206|3520]],[],[89440],,653,[117|30],[117|30],37,[2|206|3520],[[2|206|3520]],[89440]
65338,[65|23410],[[65|23410]],[[2|206|3520]],[],[93640],,653,[117|30],[117|30],38,[2|206|3520],[[2|206|3520]],[93640]
65339,[65|24460],[[65|24460]],[[2|206|3520]],[],[97840],,653,[117|30],[117|30],39,[2|206|3520],[[2|206|3520]],[97840]
65340,[65|28650],[[65|28650]],[[2|206|3520]],[],[114600],,653,[117|30],[117|30],40,[2|206|3520],[[2|206|3520]],[114600]
65341,[65|30330],[[65|30330]],[[2|206|2820]],[],[121320],,653,[117|40],[117|40],41,[2|206|2820],[[2|206|2820]],[121320]
65342,[65|32010],[[65|32010]],[[2|206|3100]],[],[128040],,653,[117|40],[117|40],42,[2|206|3100],[[2|206|3100]],[128040]
65343,[65|33690],[[65|33690]],[[2|206|3385]],[],[134760],,653,[117|40],[117|40],43,[2|206|3385],[[2|206|3385]],[134760]
65344,[65|35370],[[65|35370]],[[2|206|4225]],[],[141480],,653,[117|40],[117|40],44,[2|206|4225],[[2|206|4225]],[141480]
65345,[65|37050],[[65|37050]],[[2|206|4225]],[],[148200],,653,[117|40],[117|40],45,[2|206|4225],[[2|206|4225]],[148200]
65346,[65|38730],[[65|38730]],[[2|206|4225]],[],[154920],,653,[117|40],[117|40],46,[2|206|4225],[[2|206|4225]],[154920]
65347,[65|40410],[[65|40410]],[[2|206|5635]],[],[161640],,653,[117|40],[117|40],47,[2|206|5635],[[2|206|5635]],[161640]
65348,[65|42090],[[65|42090]],[[2|206|5635]],[],[168360],,653,[117|40],[117|40],48,[2|206|5635],[[2|206|5635]],[168360]
65349,[65|43770],[[65|43770]],[[2|206|5635]],[],[175080],,653,[117|40],[117|40],49,[2|206|5635],[[2|206|5635]],[175080]
65350,[65|50055],[[65|50055]],[[2|206|5635]],[],[200220],,653,[117|40],[117|40],50,[2|206|5635],[[2|206|5635]],[200220]
65401,[66|1510|65|45],[[66|1510]|[65|45]],[[2|206|180]],[],[852],,654,[117|0],[117|0],1,[2|206|180],[[2|206|180]],[852]
65402,[66|3020|65|90],[[66|3020]|[65|90]],[[2|206|215]],[],[1703],,654,[117|0],[117|0],2,[2|206|215],[[2|206|215]],[1703]
65403,[66|4530|65|135],[[66|4530]|[65|135]],[[2|206|230]],[],[2554],,654,[117|0],[117|0],3,[2|206|230],[[2|206|230]],[2554]
65404,[66|6040|65|180],[[66|6040]|[65|180]],[[2|206|250]],[],[3405],,654,[117|0],[117|0],4,[2|206|250],[[2|206|250]],[3405]
65405,[66|7550|65|225],[[66|7550]|[65|225]],[[2|206|265]],[],[4256],,654,[117|0],[117|0],5,[2|206|265],[[2|206|265]],[4256]
65406,[66|9060|65|270],[[66|9060]|[65|270]],[[2|206|285]],[],[5107],,654,[117|0],[117|0],6,[2|206|285],[[2|206|285]],[5107]
65407,[66|10570|65|315],[[66|10570]|[65|315]],[[2|206|320]],[],[5958],,654,[117|0],[117|0],7,[2|206|320],[[2|206|320]],[5958]
65408,[66|12080|65|360],[[66|12080]|[65|360]],[[2|206|355]],[],[6809],,654,[117|0],[117|0],8,[2|206|355],[[2|206|355]],[6809]
65409,[66|13590|65|405],[[66|13590]|[65|405]],[[2|206|530]],[],[7660],,654,[117|0],[117|0],9,[2|206|530],[[2|206|530]],[7660]
65410,[66|19625|65|575],[[66|19625]|[65|575]],[[2|206|705]],[],[11023],,654,[117|0],[117|0],10,[2|206|705],[[2|206|705]],[11023]
65411,[66|21890|65|640],[[66|21890]|[65|640]],[[2|206|530]],[],[12289],,654,[117|10],[117|10],11,[2|206|530],[[2|206|530]],[12289]
65412,[66|24155|65|705],[[66|24155]|[65|705]],[[2|206|530]],[],[13556],,654,[117|10],[117|10],12,[2|206|530],[[2|206|530]],[13556]
65413,[66|26420|65|770],[[66|26420]|[65|770]],[[2|206|620]],[],[14823],,654,[117|10],[117|10],13,[2|206|620],[[2|206|620]],[14823]
65414,[66|28685|65|835],[[66|28685]|[65|835]],[[2|206|620]],[],[16089],,654,[117|10],[117|10],14,[2|206|620],[[2|206|620]],[16089]
65415,[66|30950|65|900],[[66|30950]|[65|900]],[[2|206|705]],[],[17356],,654,[117|10],[117|10],15,[2|206|705],[[2|206|705]],[17356]
65416,[66|33215|65|965],[[66|33215]|[65|965]],[[2|206|705]],[],[18623],,654,[117|10],[117|10],16,[2|206|705],[[2|206|705]],[18623]
65417,[66|35480|65|1030],[[66|35480]|[65|1030]],[[2|206|880]],[],[19889],,654,[117|10],[117|10],17,[2|206|880],[[2|206|880]],[19889]
65418,[66|37745|65|1095],[[66|37745]|[65|1095]],[[2|206|880]],[],[21156],,654,[117|10],[117|10],18,[2|206|880],[[2|206|880]],[21156]
65419,[66|40010|65|1160],[[66|40010]|[65|1160]],[[2|206|1060]],[],[22423],,654,[117|10],[117|10],19,[2|206|1060],[[2|206|1060]],[22423]
65420,[66|49060|65|1415],[[66|49060]|[65|1415]],[[2|206|1410]],[],[27465],,654,[117|10],[117|10],20,[2|206|1410],[[2|206|1410]],[27465]
65421,[66|53585|65|1545],[[66|53585]|[65|1545]],[[2|206|1060]],[],[29996],,654,[117|20],[117|20],21,[2|206|1060],[[2|206|1060]],[29996]
65422,[66|58110|65|1675],[[66|58110]|[65|1675]],[[2|206|1145]],[],[32527],,654,[117|20],[117|20],22,[2|206|1145],[[2|206|1145]],[32527]
65423,[66|62635|65|1805],[[66|62635]|[65|1805]],[[2|206|1235]],[],[35058],,654,[117|20],[117|20],23,[2|206|1235],[[2|206|1235]],[35058]
65424,[66|67160|65|1935],[[66|67160]|[65|1935]],[[2|206|845]],[],[37589],,654,[117|20],[117|20],24,[2|206|845],[[2|206|845]],[37589]
65425,[66|71685|65|2065],[[66|71685]|[65|2065]],[[2|206|1410]],[],[40120],,654,[117|20],[117|20],25,[2|206|1410],[[2|206|1410]],[40120]
65426,[66|76210|65|2195],[[66|76210]|[65|2195]],[[2|206|1585]],[],[42652],,654,[117|20],[117|20],26,[2|206|1585],[[2|206|1585]],[42652]
65427,[66|80735|65|2325],[[66|80735]|[65|2325]],[[2|206|1585]],[],[45183],,654,[117|20],[117|20],27,[2|206|1585],[[2|206|1585]],[45183]
65428,[66|85260|65|2455],[[66|85260]|[65|2455]],[[2|206|1760]],[],[47714],,654,[117|20],[117|20],28,[2|206|1760],[[2|206|1760]],[47714]
65429,[66|89785|65|2585],[[66|89785]|[65|2585]],[[2|206|1760]],[],[50245],,654,[117|20],[117|20],29,[2|206|1760],[[2|206|1760]],[50245]
65430,[66|107885|65|3090],[[66|107885]|[65|3090]],[[2|206|2640]],[],[60309],,654,[117|20],[117|20],30,[2|206|2640],[[2|206|2640]],[60309]
65431,[66|115425|65|3300],[[66|115425]|[65|3300]],[[2|206|1760]],[],[64500],,654,[117|30],[117|30],31,[2|206|1760],[[2|206|1760]],[64500]
65432,[66|122965|65|3510],[[66|122965]|[65|3510]],[[2|206|1935]],[],[68692],,654,[117|30],[117|30],32,[2|206|1935],[[2|206|1935]],[68692]
65433,[66|130505|65|3720],[[66|130505]|[65|3720]],[[2|206|2115]],[],[72883],,654,[117|30],[117|30],33,[2|206|2115],[[2|206|2115]],[72883]
65434,[66|138045|65|3930],[[66|138045]|[65|3930]],[[2|206|2640]],[],[77074],,654,[117|30],[117|30],34,[2|206|2640],[[2|206|2640]],[77074]
65435,[66|145585|65|4140],[[66|145585]|[65|4140]],[[2|206|2640]],[],[81265],,654,[117|30],[117|30],35,[2|206|2640],[[2|206|2640]],[81265]
65436,[66|153125|65|4350],[[66|153125]|[65|4350]],[[2|206|2640]],[],[85456],,654,[117|30],[117|30],36,[2|206|2640],[[2|206|2640]],[85456]
65437,[66|160665|65|4560],[[66|160665]|[65|4560]],[[2|206|3520]],[],[89647],,654,[117|30],[117|30],37,[2|206|3520],[[2|206|3520]],[89647]
65438,[66|168205|65|4770],[[66|168205]|[65|4770]],[[2|206|3520]],[],[93838],,654,[117|30],[117|30],38,[2|206|3520],[[2|206|3520]],[93838]
65439,[66|175745|65|4980],[[66|175745]|[65|4980]],[[2|206|3520]],[],[98029],,654,[117|30],[117|30],39,[2|206|3520],[[2|206|3520]],[98029]
65440,[66|205905|65|5820],[[66|205905]|[65|5820]],[[2|206|3520]],[],[114794],,654,[117|30],[117|30],40,[2|206|3520],[[2|206|3520]],[114794]
65441,[66|217970|65|6160],[[66|217970]|[65|6160]],[[2|206|2820]],[],[121516],,654,[117|40],[117|40],41,[2|206|2820],[[2|206|2820]],[121516]
65442,[66|230035|65|6500],[[66|230035]|[65|6500]],[[2|206|3100]],[],[128238],,654,[117|40],[117|40],42,[2|206|3100],[[2|206|3100]],[128238]
65443,[66|242100|65|6840],[[66|242100]|[65|6840]],[[2|206|3385]],[],[134960],,654,[117|40],[117|40],43,[2|206|3385],[[2|206|3385]],[134960]
65444,[66|254165|65|7180],[[66|254165]|[65|7180]],[[2|206|4225]],[],[141683],,654,[117|40],[117|40],44,[2|206|4225],[[2|206|4225]],[141683]
65445,[66|266230|65|7520],[[66|266230]|[65|7520]],[[2|206|4225]],[],[148405],,654,[117|40],[117|40],45,[2|206|4225],[[2|206|4225]],[148405]
65446,[66|278295|65|7860],[[66|278295]|[65|7860]],[[2|206|4225]],[],[155127],,654,[117|40],[117|40],46,[2|206|4225],[[2|206|4225]],[155127]
65447,[66|290360|65|8200],[[66|290360]|[65|8200]],[[2|206|5635]],[],[161849],,654,[117|40],[117|40],47,[2|206|5635],[[2|206|5635]],[161849]
65448,[66|302425|65|8540],[[66|302425]|[65|8540]],[[2|206|5635]],[],[168572],,654,[117|40],[117|40],48,[2|206|5635],[[2|206|5635]],[168572]
65449,[66|314490|65|8880],[[66|314490]|[65|8880]],[[2|206|5635]],[],[175294],,654,[117|40],[117|40],49,[2|206|5635],[[2|206|5635]],[175294]
65450,[66|359730|65|10140],[[66|359730]|[65|10140]],[[2|206|5635]],[],[200440],,654,[117|40],[117|40],50,[2|206|5635],[[2|206|5635]],[200440]
67101,[65|210],[[65|210]],[[2|206|180]],[],[840],,671,[117|0],[117|0],1,[2|206|180],[[2|206|180]],[840]
67102,[65|420],[[65|420]],[[2|206|215]],[],[1680],,671,[117|0],[117|0],2,[2|206|215],[[2|206|215]],[1680]
67103,[65|630],[[65|630]],[[2|206|230]],[],[2520],,671,[117|0],[117|0],3,[2|206|230],[[2|206|230]],[2520]
67104,[65|840],[[65|840]],[[2|206|250]],[],[3360],,671,[117|0],[117|0],4,[2|206|250],[[2|206|250]],[3360]
67105,[65|1050],[[65|1050]],[[2|206|265]],[],[4200],,671,[117|0],[117|0],5,[2|206|265],[[2|206|265]],[4200]
67106,[65|1260],[[65|1260]],[[2|206|285]],[],[5040],,671,[117|0],[117|0],6,[2|206|285],[[2|206|285]],[5040]
67107,[65|1470],[[65|1470]],[[2|206|320]],[],[5880],,671,[117|0],[117|0],7,[2|206|320],[[2|206|320]],[5880]
67108,[65|1680],[[65|1680]],[[2|206|355]],[],[6720],,671,[117|0],[117|0],8,[2|206|355],[[2|206|355]],[6720]
67109,[65|1890],[[65|1890]],[[2|206|530]],[],[7560],,671,[117|0],[117|0],9,[2|206|530],[[2|206|530]],[7560]
67110,[65|2730],[[65|2730]],[[2|206|705]],[],[10920],,671,[117|0],[117|0],10,[2|206|705],[[2|206|705]],[10920]
67111,[65|3045],[[65|3045]],[[2|206|530]],[],[12180],,671,[117|10],[117|10],11,[2|206|530],[[2|206|530]],[12180]
67112,[65|3360],[[65|3360]],[[2|206|530]],[],[13440],,671,[117|10],[117|10],12,[2|206|530],[[2|206|530]],[13440]
67113,[65|3675],[[65|3675]],[[2|206|620]],[],[14700],,671,[117|10],[117|10],13,[2|206|620],[[2|206|620]],[14700]
67114,[65|3990],[[65|3990]],[[2|206|620]],[],[15960],,671,[117|10],[117|10],14,[2|206|620],[[2|206|620]],[15960]
67115,[65|4305],[[65|4305]],[[2|206|705]],[],[17220],,671,[117|10],[117|10],15,[2|206|705],[[2|206|705]],[17220]
67116,[65|4620],[[65|4620]],[[2|206|705]],[],[18480],,671,[117|10],[117|10],16,[2|206|705],[[2|206|705]],[18480]
67117,[65|4935],[[65|4935]],[[2|206|880]],[],[19740],,671,[117|10],[117|10],17,[2|206|880],[[2|206|880]],[19740]
67118,[65|5250],[[65|5250]],[[2|206|880]],[],[21000],,671,[117|10],[117|10],18,[2|206|880],[[2|206|880]],[21000]
67119,[65|5565],[[65|5565]],[[2|206|1060]],[],[22260],,671,[117|10],[117|10],19,[2|206|1060],[[2|206|1060]],[22260]
67120,[65|6825],[[65|6825]],[[2|206|1410]],[],[27300],,671,[117|10],[117|10],20,[2|206|1410],[[2|206|1410]],[27300]
67121,[65|7455],[[65|7455]],[[2|206|1060]],[],[29820],,671,[117|20],[117|20],21,[2|206|1060],[[2|206|1060]],[29820]
67122,[65|8085],[[65|8085]],[[2|206|1145]],[],[32340],,671,[117|20],[117|20],22,[2|206|1145],[[2|206|1145]],[32340]
67123,[65|8715],[[65|8715]],[[2|206|1235]],[],[34860],,671,[117|20],[117|20],23,[2|206|1235],[[2|206|1235]],[34860]
67124,[65|9345],[[65|9345]],[[2|206|845]],[],[37380],,671,[117|20],[117|20],24,[2|206|845],[[2|206|845]],[37380]
67125,[65|9975],[[65|9975]],[[2|206|1410]],[],[39900],,671,[117|20],[117|20],25,[2|206|1410],[[2|206|1410]],[39900]
67126,[65|10605],[[65|10605]],[[2|206|1585]],[],[42420],,671,[117|20],[117|20],26,[2|206|1585],[[2|206|1585]],[42420]
67127,[65|11235],[[65|11235]],[[2|206|1585]],[],[44940],,671,[117|20],[117|20],27,[2|206|1585],[[2|206|1585]],[44940]
67128,[65|11865],[[65|11865]],[[2|206|1760]],[],[47460],,671,[117|20],[117|20],28,[2|206|1760],[[2|206|1760]],[47460]
67129,[65|12495],[[65|12495]],[[2|206|1760]],[],[49980],,671,[117|20],[117|20],29,[2|206|1760],[[2|206|1760]],[49980]
67130,[65|15010],[[65|15010]],[[2|206|2640]],[],[60040],,671,[117|20],[117|20],30,[2|206|2640],[[2|206|2640]],[60040]
67131,[65|16060],[[65|16060]],[[2|206|1760]],[],[64240],,671,[117|30],[117|30],31,[2|206|1760],[[2|206|1760]],[64240]
67132,[65|17110],[[65|17110]],[[2|206|1935]],[],[68440],,671,[117|30],[117|30],32,[2|206|1935],[[2|206|1935]],[68440]
67133,[65|18160],[[65|18160]],[[2|206|2115]],[],[72640],,671,[117|30],[117|30],33,[2|206|2115],[[2|206|2115]],[72640]
67134,[65|19210],[[65|19210]],[[2|206|2640]],[],[76840],,671,[117|30],[117|30],34,[2|206|2640],[[2|206|2640]],[76840]
67135,[65|20260],[[65|20260]],[[2|206|2640]],[],[81040],,671,[117|30],[117|30],35,[2|206|2640],[[2|206|2640]],[81040]
67136,[65|21310],[[65|21310]],[[2|206|2640]],[],[85240],,671,[117|30],[117|30],36,[2|206|2640],[[2|206|2640]],[85240]
67137,[65|22360],[[65|22360]],[[2|206|3520]],[],[89440],,671,[117|30],[117|30],37,[2|206|3520],[[2|206|3520]],[89440]
67138,[65|23410],[[65|23410]],[[2|206|3520]],[],[93640],,671,[117|30],[117|30],38,[2|206|3520],[[2|206|3520]],[93640]
67139,[65|24460],[[65|24460]],[[2|206|3520]],[],[97840],,671,[117|30],[117|30],39,[2|206|3520],[[2|206|3520]],[97840]
67140,[65|28650],[[65|28650]],[[2|206|3520]],[],[114600],,671,[117|30],[117|30],40,[2|206|3520],[[2|206|3520]],[114600]
67141,[65|30330],[[65|30330]],[[2|206|2820]],[],[121320],,671,[117|40],[117|40],41,[2|206|2820],[[2|206|2820]],[121320]
67142,[65|32010],[[65|32010]],[[2|206|3100]],[],[128040],,671,[117|40],[117|40],42,[2|206|3100],[[2|206|3100]],[128040]
67143,[65|33690],[[65|33690]],[[2|206|3385]],[],[134760],,671,[117|40],[117|40],43,[2|206|3385],[[2|206|3385]],[134760]
67144,[65|35370],[[65|35370]],[[2|206|4225]],[],[141480],,671,[117|40],[117|40],44,[2|206|4225],[[2|206|4225]],[141480]
67145,[65|37050],[[65|37050]],[[2|206|4225]],[],[148200],,671,[117|40],[117|40],45,[2|206|4225],[[2|206|4225]],[148200]
67146,[65|38730],[[65|38730]],[[2|206|4225]],[],[154920],,671,[117|40],[117|40],46,[2|206|4225],[[2|206|4225]],[154920]
67147,[65|40410],[[65|40410]],[[2|206|5635]],[],[161640],,671,[117|40],[117|40],47,[2|206|5635],[[2|206|5635]],[161640]
67148,[65|42090],[[65|42090]],[[2|206|5635]],[],[168360],,671,[117|40],[117|40],48,[2|206|5635],[[2|206|5635]],[168360]
67149,[65|43770],[[65|43770]],[[2|206|5635]],[],[175080],,671,[117|40],[117|40],49,[2|206|5635],[[2|206|5635]],[175080]
67150,[65|50055],[[65|50055]],[[2|206|5635]],[],[200220],,671,[117|40],[117|40],50,[2|206|5635],[[2|206|5635]],[200220]
67201,[66|1510|65|45],[[66|1510]|[65|45]],[[2|206|180]],[],[852],,672,[117|0],[117|0],1,[2|206|180],[[2|206|180]],[852]
67202,[66|3020|65|90],[[66|3020]|[65|90]],[[2|206|215]],[],[1703],,672,[117|0],[117|0],2,[2|206|215],[[2|206|215]],[1703]
67203,[66|4530|65|135],[[66|4530]|[65|135]],[[2|206|230]],[],[2554],,672,[117|0],[117|0],3,[2|206|230],[[2|206|230]],[2554]
67204,[66|6040|65|180],[[66|6040]|[65|180]],[[2|206|250]],[],[3405],,672,[117|0],[117|0],4,[2|206|250],[[2|206|250]],[3405]
67205,[66|7550|65|225],[[66|7550]|[65|225]],[[2|206|265]],[],[4256],,672,[117|0],[117|0],5,[2|206|265],[[2|206|265]],[4256]
67206,[66|9060|65|270],[[66|9060]|[65|270]],[[2|206|285]],[],[5107],,672,[117|0],[117|0],6,[2|206|285],[[2|206|285]],[5107]
67207,[66|10570|65|315],[[66|10570]|[65|315]],[[2|206|320]],[],[5958],,672,[117|0],[117|0],7,[2|206|320],[[2|206|320]],[5958]
67208,[66|12080|65|360],[[66|12080]|[65|360]],[[2|206|355]],[],[6809],,672,[117|0],[117|0],8,[2|206|355],[[2|206|355]],[6809]
67209,[66|13590|65|405],[[66|13590]|[65|405]],[[2|206|530]],[],[7660],,672,[117|0],[117|0],9,[2|206|530],[[2|206|530]],[7660]
67210,[66|19625|65|575],[[66|19625]|[65|575]],[[2|206|705]],[],[11023],,672,[117|0],[117|0],10,[2|206|705],[[2|206|705]],[11023]
67211,[66|21890|65|640],[[66|21890]|[65|640]],[[2|206|530]],[],[12289],,672,[117|10],[117|10],11,[2|206|530],[[2|206|530]],[12289]
67212,[66|24155|65|705],[[66|24155]|[65|705]],[[2|206|530]],[],[13556],,672,[117|10],[117|10],12,[2|206|530],[[2|206|530]],[13556]
67213,[66|26420|65|770],[[66|26420]|[65|770]],[[2|206|620]],[],[14823],,672,[117|10],[117|10],13,[2|206|620],[[2|206|620]],[14823]
67214,[66|28685|65|835],[[66|28685]|[65|835]],[[2|206|620]],[],[16089],,672,[117|10],[117|10],14,[2|206|620],[[2|206|620]],[16089]
67215,[66|30950|65|900],[[66|30950]|[65|900]],[[2|206|705]],[],[17356],,672,[117|10],[117|10],15,[2|206|705],[[2|206|705]],[17356]
67216,[66|33215|65|965],[[66|33215]|[65|965]],[[2|206|705]],[],[18623],,672,[117|10],[117|10],16,[2|206|705],[[2|206|705]],[18623]
67217,[66|35480|65|1030],[[66|35480]|[65|1030]],[[2|206|880]],[],[19889],,672,[117|10],[117|10],17,[2|206|880],[[2|206|880]],[19889]
67218,[66|37745|65|1095],[[66|37745]|[65|1095]],[[2|206|880]],[],[21156],,672,[117|10],[117|10],18,[2|206|880],[[2|206|880]],[21156]
67219,[66|40010|65|1160],[[66|40010]|[65|1160]],[[2|206|1060]],[],[22423],,672,[117|10],[117|10],19,[2|206|1060],[[2|206|1060]],[22423]
67220,[66|49060|65|1415],[[66|49060]|[65|1415]],[[2|206|1410]],[],[27465],,672,[117|10],[117|10],20,[2|206|1410],[[2|206|1410]],[27465]
67221,[66|53585|65|1545],[[66|53585]|[65|1545]],[[2|206|1060]],[],[29996],,672,[117|20],[117|20],21,[2|206|1060],[[2|206|1060]],[29996]
67222,[66|58110|65|1675],[[66|58110]|[65|1675]],[[2|206|1145]],[],[32527],,672,[117|20],[117|20],22,[2|206|1145],[[2|206|1145]],[32527]
67223,[66|62635|65|1805],[[66|62635]|[65|1805]],[[2|206|1235]],[],[35058],,672,[117|20],[117|20],23,[2|206|1235],[[2|206|1235]],[35058]
67224,[66|67160|65|1935],[[66|67160]|[65|1935]],[[2|206|845]],[],[37589],,672,[117|20],[117|20],24,[2|206|845],[[2|206|845]],[37589]
67225,[66|71685|65|2065],[[66|71685]|[65|2065]],[[2|206|1410]],[],[40120],,672,[117|20],[117|20],25,[2|206|1410],[[2|206|1410]],[40120]
67226,[66|76210|65|2195],[[66|76210]|[65|2195]],[[2|206|1585]],[],[42652],,672,[117|20],[117|20],26,[2|206|1585],[[2|206|1585]],[42652]
67227,[66|80735|65|2325],[[66|80735]|[65|2325]],[[2|206|1585]],[],[45183],,672,[117|20],[117|20],27,[2|206|1585],[[2|206|1585]],[45183]
67228,[66|85260|65|2455],[[66|85260]|[65|2455]],[[2|206|1760]],[],[47714],,672,[117|20],[117|20],28,[2|206|1760],[[2|206|1760]],[47714]
67229,[66|89785|65|2585],[[66|89785]|[65|2585]],[[2|206|1760]],[],[50245],,672,[117|20],[117|20],29,[2|206|1760],[[2|206|1760]],[50245]
67230,[66|107885|65|3090],[[66|107885]|[65|3090]],[[2|206|2640]],[],[60309],,672,[117|20],[117|20],30,[2|206|2640],[[2|206|2640]],[60309]
67231,[66|115425|65|3300],[[66|115425]|[65|3300]],[[2|206|1760]],[],[64500],,672,[117|30],[117|30],31,[2|206|1760],[[2|206|1760]],[64500]
67232,[66|122965|65|3510],[[66|122965]|[65|3510]],[[2|206|1935]],[],[68692],,672,[117|30],[117|30],32,[2|206|1935],[[2|206|1935]],[68692]
67233,[66|130505|65|3720],[[66|130505]|[65|3720]],[[2|206|2115]],[],[72883],,672,[117|30],[117|30],33,[2|206|2115],[[2|206|2115]],[72883]
67234,[66|138045|65|3930],[[66|138045]|[65|3930]],[[2|206|2640]],[],[77074],,672,[117|30],[117|30],34,[2|206|2640],[[2|206|2640]],[77074]
67235,[66|145585|65|4140],[[66|145585]|[65|4140]],[[2|206|2640]],[],[81265],,672,[117|30],[117|30],35,[2|206|2640],[[2|206|2640]],[81265]
67236,[66|153125|65|4350],[[66|153125]|[65|4350]],[[2|206|2640]],[],[85456],,672,[117|30],[117|30],36,[2|206|2640],[[2|206|2640]],[85456]
67237,[66|160665|65|4560],[[66|160665]|[65|4560]],[[2|206|3520]],[],[89647],,672,[117|30],[117|30],37,[2|206|3520],[[2|206|3520]],[89647]
67238,[66|168205|65|4770],[[66|168205]|[65|4770]],[[2|206|3520]],[],[93838],,672,[117|30],[117|30],38,[2|206|3520],[[2|206|3520]],[93838]
67239,[66|175745|65|4980],[[66|175745]|[65|4980]],[[2|206|3520]],[],[98029],,672,[117|30],[117|30],39,[2|206|3520],[[2|206|3520]],[98029]
67240,[66|205905|65|5820],[[66|205905]|[65|5820]],[[2|206|3520]],[],[114794],,672,[117|30],[117|30],40,[2|206|3520],[[2|206|3520]],[114794]
67241,[66|217970|65|6160],[[66|217970]|[65|6160]],[[2|206|2820]],[],[121516],,672,[117|40],[117|40],41,[2|206|2820],[[2|206|2820]],[121516]
67242,[66|230035|65|6500],[[66|230035]|[65|6500]],[[2|206|3100]],[],[128238],,672,[117|40],[117|40],42,[2|206|3100],[[2|206|3100]],[128238]
67243,[66|242100|65|6840],[[66|242100]|[65|6840]],[[2|206|3385]],[],[134960],,672,[117|40],[117|40],43,[2|206|3385],[[2|206|3385]],[134960]
67244,[66|254165|65|7180],[[66|254165]|[65|7180]],[[2|206|4225]],[],[141683],,672,[117|40],[117|40],44,[2|206|4225],[[2|206|4225]],[141683]
67245,[66|266230|65|7520],[[66|266230]|[65|7520]],[[2|206|4225]],[],[148405],,672,[117|40],[117|40],45,[2|206|4225],[[2|206|4225]],[148405]
67246,[66|278295|65|7860],[[66|278295]|[65|7860]],[[2|206|4225]],[],[155127],,672,[117|40],[117|40],46,[2|206|4225],[[2|206|4225]],[155127]
67247,[66|290360|65|8200],[[66|290360]|[65|8200]],[[2|206|5635]],[],[161849],,672,[117|40],[117|40],47,[2|206|5635],[[2|206|5635]],[161849]
67248,[66|302425|65|8540],[[66|302425]|[65|8540]],[[2|206|5635]],[],[168572],,672,[117|40],[117|40],48,[2|206|5635],[[2|206|5635]],[168572]
67249,[66|314490|65|8880],[[66|314490]|[65|8880]],[[2|206|5635]],[],[175294],,672,[117|40],[117|40],49,[2|206|5635],[[2|206|5635]],[175294]
67250,[66|359730|65|10140],[[66|359730]|[65|10140]],[[2|206|5635]],[],[200440],,672,[117|40],[117|40],50,[2|206|5635],[[2|206|5635]],[200440]
67301,[65|210],[[65|210]],[[2|206|180]],[],[840],,673,[117|0],[117|0],1,[2|206|180],[[2|206|180]],[840]
67302,[65|420],[[65|420]],[[2|206|215]],[],[1680],,673,[117|0],[117|0],2,[2|206|215],[[2|206|215]],[1680]
67303,[65|630],[[65|630]],[[2|206|230]],[],[2520],,673,[117|0],[117|0],3,[2|206|230],[[2|206|230]],[2520]
67304,[65|840],[[65|840]],[[2|206|250]],[],[3360],,673,[117|0],[117|0],4,[2|206|250],[[2|206|250]],[3360]
67305,[65|1050],[[65|1050]],[[2|206|265]],[],[4200],,673,[117|0],[117|0],5,[2|206|265],[[2|206|265]],[4200]
67306,[65|1260],[[65|1260]],[[2|206|285]],[],[5040],,673,[117|0],[117|0],6,[2|206|285],[[2|206|285]],[5040]
67307,[65|1470],[[65|1470]],[[2|206|320]],[],[5880],,673,[117|0],[117|0],7,[2|206|320],[[2|206|320]],[5880]
67308,[65|1680],[[65|1680]],[[2|206|355]],[],[6720],,673,[117|0],[117|0],8,[2|206|355],[[2|206|355]],[6720]
67309,[65|1890],[[65|1890]],[[2|206|530]],[],[7560],,673,[117|0],[117|0],9,[2|206|530],[[2|206|530]],[7560]
67310,[65|2730],[[65|2730]],[[2|206|705]],[],[10920],,673,[117|0],[117|0],10,[2|206|705],[[2|206|705]],[10920]
67311,[65|3045],[[65|3045]],[[2|206|530]],[],[12180],,673,[117|10],[117|10],11,[2|206|530],[[2|206|530]],[12180]
67312,[65|3360],[[65|3360]],[[2|206|530]],[],[13440],,673,[117|10],[117|10],12,[2|206|530],[[2|206|530]],[13440]
67313,[65|3675],[[65|3675]],[[2|206|620]],[],[14700],,673,[117|10],[117|10],13,[2|206|620],[[2|206|620]],[14700]
67314,[65|3990],[[65|3990]],[[2|206|620]],[],[15960],,673,[117|10],[117|10],14,[2|206|620],[[2|206|620]],[15960]
67315,[65|4305],[[65|4305]],[[2|206|705]],[],[17220],,673,[117|10],[117|10],15,[2|206|705],[[2|206|705]],[17220]
67316,[65|4620],[[65|4620]],[[2|206|705]],[],[18480],,673,[117|10],[117|10],16,[2|206|705],[[2|206|705]],[18480]
67317,[65|4935],[[65|4935]],[[2|206|880]],[],[19740],,673,[117|10],[117|10],17,[2|206|880],[[2|206|880]],[19740]
67318,[65|5250],[[65|5250]],[[2|206|880]],[],[21000],,673,[117|10],[117|10],18,[2|206|880],[[2|206|880]],[21000]
67319,[65|5565],[[65|5565]],[[2|206|1060]],[],[22260],,673,[117|10],[117|10],19,[2|206|1060],[[2|206|1060]],[22260]
67320,[65|6825],[[65|6825]],[[2|206|1410]],[],[27300],,673,[117|10],[117|10],20,[2|206|1410],[[2|206|1410]],[27300]
67321,[65|7455],[[65|7455]],[[2|206|1060]],[],[29820],,673,[117|20],[117|20],21,[2|206|1060],[[2|206|1060]],[29820]
67322,[65|8085],[[65|8085]],[[2|206|1145]],[],[32340],,673,[117|20],[117|20],22,[2|206|1145],[[2|206|1145]],[32340]
67323,[65|8715],[[65|8715]],[[2|206|1235]],[],[34860],,673,[117|20],[117|20],23,[2|206|1235],[[2|206|1235]],[34860]
67324,[65|9345],[[65|9345]],[[2|206|845]],[],[37380],,673,[117|20],[117|20],24,[2|206|845],[[2|206|845]],[37380]
67325,[65|9975],[[65|9975]],[[2|206|1410]],[],[39900],,673,[117|20],[117|20],25,[2|206|1410],[[2|206|1410]],[39900]
67326,[65|10605],[[65|10605]],[[2|206|1585]],[],[42420],,673,[117|20],[117|20],26,[2|206|1585],[[2|206|1585]],[42420]
67327,[65|11235],[[65|11235]],[[2|206|1585]],[],[44940],,673,[117|20],[117|20],27,[2|206|1585],[[2|206|1585]],[44940]
67328,[65|11865],[[65|11865]],[[2|206|1760]],[],[47460],,673,[117|20],[117|20],28,[2|206|1760],[[2|206|1760]],[47460]
67329,[65|12495],[[65|12495]],[[2|206|1760]],[],[49980],,673,[117|20],[117|20],29,[2|206|1760],[[2|206|1760]],[49980]
67330,[65|15010],[[65|15010]],[[2|206|2640]],[],[60040],,673,[117|20],[117|20],30,[2|206|2640],[[2|206|2640]],[60040]
67331,[65|16060],[[65|16060]],[[2|206|1760]],[],[64240],,673,[117|30],[117|30],31,[2|206|1760],[[2|206|1760]],[64240]
67332,[65|17110],[[65|17110]],[[2|206|1935]],[],[68440],,673,[117|30],[117|30],32,[2|206|1935],[[2|206|1935]],[68440]
67333,[65|18160],[[65|18160]],[[2|206|2115]],[],[72640],,673,[117|30],[117|30],33,[2|206|2115],[[2|206|2115]],[72640]
67334,[65|19210],[[65|19210]],[[2|206|2640]],[],[76840],,673,[117|30],[117|30],34,[2|206|2640],[[2|206|2640]],[76840]
67335,[65|20260],[[65|20260]],[[2|206|2640]],[],[81040],,673,[117|30],[117|30],35,[2|206|2640],[[2|206|2640]],[81040]
67336,[65|21310],[[65|21310]],[[2|206|2640]],[],[85240],,673,[117|30],[117|30],36,[2|206|2640],[[2|206|2640]],[85240]
67337,[65|22360],[[65|22360]],[[2|206|3520]],[],[89440],,673,[117|30],[117|30],37,[2|206|3520],[[2|206|3520]],[89440]
67338,[65|23410],[[65|23410]],[[2|206|3520]],[],[93640],,673,[117|30],[117|30],38,[2|206|3520],[[2|206|3520]],[93640]
67339,[65|24460],[[65|24460]],[[2|206|3520]],[],[97840],,673,[117|30],[117|30],39,[2|206|3520],[[2|206|3520]],[97840]
67340,[65|28650],[[65|28650]],[[2|206|3520]],[],[114600],,673,[117|30],[117|30],40,[2|206|3520],[[2|206|3520]],[114600]
67341,[65|30330],[[65|30330]],[[2|206|2820]],[],[121320],,673,[117|40],[117|40],41,[2|206|2820],[[2|206|2820]],[121320]
67342,[65|32010],[[65|32010]],[[2|206|3100]],[],[128040],,673,[117|40],[117|40],42,[2|206|3100],[[2|206|3100]],[128040]
67343,[65|33690],[[65|33690]],[[2|206|3385]],[],[134760],,673,[117|40],[117|40],43,[2|206|3385],[[2|206|3385]],[134760]
67344,[65|35370],[[65|35370]],[[2|206|4225]],[],[141480],,673,[117|40],[117|40],44,[2|206|4225],[[2|206|4225]],[141480]
67345,[65|37050],[[65|37050]],[[2|206|4225]],[],[148200],,673,[117|40],[117|40],45,[2|206|4225],[[2|206|4225]],[148200]
67346,[65|38730],[[65|38730]],[[2|206|4225]],[],[154920],,673,[117|40],[117|40],46,[2|206|4225],[[2|206|4225]],[154920]
67347,[65|40410],[[65|40410]],[[2|206|5635]],[],[161640],,673,[117|40],[117|40],47,[2|206|5635],[[2|206|5635]],[161640]
67348,[65|42090],[[65|42090]],[[2|206|5635]],[],[168360],,673,[117|40],[117|40],48,[2|206|5635],[[2|206|5635]],[168360]
67349,[65|43770],[[65|43770]],[[2|206|5635]],[],[175080],,673,[117|40],[117|40],49,[2|206|5635],[[2|206|5635]],[175080]
67350,[65|50055],[[65|50055]],[[2|206|5635]],[],[200220],,673,[117|40],[117|40],50,[2|206|5635],[[2|206|5635]],[200220]
67401,[66|1510|65|45],[[66|1510]|[65|45]],[[2|206|180]],[],[852],,674,[117|0],[117|0],1,[2|206|180],[[2|206|180]],[852]
67402,[66|3020|65|90],[[66|3020]|[65|90]],[[2|206|215]],[],[1703],,674,[117|0],[117|0],2,[2|206|215],[[2|206|215]],[1703]
67403,[66|4530|65|135],[[66|4530]|[65|135]],[[2|206|230]],[],[2554],,674,[117|0],[117|0],3,[2|206|230],[[2|206|230]],[2554]
67404,[66|6040|65|180],[[66|6040]|[65|180]],[[2|206|250]],[],[3405],,674,[117|0],[117|0],4,[2|206|250],[[2|206|250]],[3405]
67405,[66|7550|65|225],[[66|7550]|[65|225]],[[2|206|265]],[],[4256],,674,[117|0],[117|0],5,[2|206|265],[[2|206|265]],[4256]
67406,[66|9060|65|270],[[66|9060]|[65|270]],[[2|206|285]],[],[5107],,674,[117|0],[117|0],6,[2|206|285],[[2|206|285]],[5107]
67407,[66|10570|65|315],[[66|10570]|[65|315]],[[2|206|320]],[],[5958],,674,[117|0],[117|0],7,[2|206|320],[[2|206|320]],[5958]
67408,[66|12080|65|360],[[66|12080]|[65|360]],[[2|206|355]],[],[6809],,674,[117|0],[117|0],8,[2|206|355],[[2|206|355]],[6809]
67409,[66|13590|65|405],[[66|13590]|[65|405]],[[2|206|530]],[],[7660],,674,[117|0],[117|0],9,[2|206|530],[[2|206|530]],[7660]
67410,[66|19625|65|575],[[66|19625]|[65|575]],[[2|206|705]],[],[11023],,674,[117|0],[117|0],10,[2|206|705],[[2|206|705]],[11023]
67411,[66|21890|65|640],[[66|21890]|[65|640]],[[2|206|530]],[],[12289],,674,[117|10],[117|10],11,[2|206|530],[[2|206|530]],[12289]
67412,[66|24155|65|705],[[66|24155]|[65|705]],[[2|206|530]],[],[13556],,674,[117|10],[117|10],12,[2|206|530],[[2|206|530]],[13556]
67413,[66|26420|65|770],[[66|26420]|[65|770]],[[2|206|620]],[],[14823],,674,[117|10],[117|10],13,[2|206|620],[[2|206|620]],[14823]
67414,[66|28685|65|835],[[66|28685]|[65|835]],[[2|206|620]],[],[16089],,674,[117|10],[117|10],14,[2|206|620],[[2|206|620]],[16089]
67415,[66|30950|65|900],[[66|30950]|[65|900]],[[2|206|705]],[],[17356],,674,[117|10],[117|10],15,[2|206|705],[[2|206|705]],[17356]
67416,[66|33215|65|965],[[66|33215]|[65|965]],[[2|206|705]],[],[18623],,674,[117|10],[117|10],16,[2|206|705],[[2|206|705]],[18623]
67417,[66|35480|65|1030],[[66|35480]|[65|1030]],[[2|206|880]],[],[19889],,674,[117|10],[117|10],17,[2|206|880],[[2|206|880]],[19889]
67418,[66|37745|65|1095],[[66|37745]|[65|1095]],[[2|206|880]],[],[21156],,674,[117|10],[117|10],18,[2|206|880],[[2|206|880]],[21156]
67419,[66|40010|65|1160],[[66|40010]|[65|1160]],[[2|206|1060]],[],[22423],,674,[117|10],[117|10],19,[2|206|1060],[[2|206|1060]],[22423]
67420,[66|49060|65|1415],[[66|49060]|[65|1415]],[[2|206|1410]],[],[27465],,674,[117|10],[117|10],20,[2|206|1410],[[2|206|1410]],[27465]
67421,[66|53585|65|1545],[[66|53585]|[65|1545]],[[2|206|1060]],[],[29996],,674,[117|20],[117|20],21,[2|206|1060],[[2|206|1060]],[29996]
67422,[66|58110|65|1675],[[66|58110]|[65|1675]],[[2|206|1145]],[],[32527],,674,[117|20],[117|20],22,[2|206|1145],[[2|206|1145]],[32527]
67423,[66|62635|65|1805],[[66|62635]|[65|1805]],[[2|206|1235]],[],[35058],,674,[117|20],[117|20],23,[2|206|1235],[[2|206|1235]],[35058]
67424,[66|67160|65|1935],[[66|67160]|[65|1935]],[[2|206|845]],[],[37589],,674,[117|20],[117|20],24,[2|206|845],[[2|206|845]],[37589]
67425,[66|71685|65|2065],[[66|71685]|[65|2065]],[[2|206|1410]],[],[40120],,674,[117|20],[117|20],25,[2|206|1410],[[2|206|1410]],[40120]
67426,[66|76210|65|2195],[[66|76210]|[65|2195]],[[2|206|1585]],[],[42652],,674,[117|20],[117|20],26,[2|206|1585],[[2|206|1585]],[42652]
67427,[66|80735|65|2325],[[66|80735]|[65|2325]],[[2|206|1585]],[],[45183],,674,[117|20],[117|20],27,[2|206|1585],[[2|206|1585]],[45183]
67428,[66|85260|65|2455],[[66|85260]|[65|2455]],[[2|206|1760]],[],[47714],,674,[117|20],[117|20],28,[2|206|1760],[[2|206|1760]],[47714]
67429,[66|89785|65|2585],[[66|89785]|[65|2585]],[[2|206|1760]],[],[50245],,674,[117|20],[117|20],29,[2|206|1760],[[2|206|1760]],[50245]
67430,[66|107885|65|3090],[[66|107885]|[65|3090]],[[2|206|2640]],[],[60309],,674,[117|20],[117|20],30,[2|206|2640],[[2|206|2640]],[60309]
67431,[66|115425|65|3300],[[66|115425]|[65|3300]],[[2|206|1760]],[],[64500],,674,[117|30],[117|30],31,[2|206|1760],[[2|206|1760]],[64500]
67432,[66|122965|65|3510],[[66|122965]|[65|3510]],[[2|206|1935]],[],[68692],,674,[117|30],[117|30],32,[2|206|1935],[[2|206|1935]],[68692]
67433,[66|130505|65|3720],[[66|130505]|[65|3720]],[[2|206|2115]],[],[72883],,674,[117|30],[117|30],33,[2|206|2115],[[2|206|2115]],[72883]
67434,[66|138045|65|3930],[[66|138045]|[65|3930]],[[2|206|2640]],[],[77074],,674,[117|30],[117|30],34,[2|206|2640],[[2|206|2640]],[77074]
67435,[66|145585|65|4140],[[66|145585]|[65|4140]],[[2|206|2640]],[],[81265],,674,[117|30],[117|30],35,[2|206|2640],[[2|206|2640]],[81265]
67436,[66|153125|65|4350],[[66|153125]|[65|4350]],[[2|206|2640]],[],[85456],,674,[117|30],[117|30],36,[2|206|2640],[[2|206|2640]],[85456]
67437,[66|160665|65|4560],[[66|160665]|[65|4560]],[[2|206|3520]],[],[89647],,674,[117|30],[117|30],37,[2|206|3520],[[2|206|3520]],[89647]
67438,[66|168205|65|4770],[[66|168205]|[65|4770]],[[2|206|3520]],[],[93838],,674,[117|30],[117|30],38,[2|206|3520],[[2|206|3520]],[93838]
67439,[66|175745|65|4980],[[66|175745]|[65|4980]],[[2|206|3520]],[],[98029],,674,[117|30],[117|30],39,[2|206|3520],[[2|206|3520]],[98029]
67440,[66|205905|65|5820],[[66|205905]|[65|5820]],[[2|206|3520]],[],[114794],,674,[117|30],[117|30],40,[2|206|3520],[[2|206|3520]],[114794]
67441,[66|217970|65|6160],[[66|217970]|[65|6160]],[[2|206|2820]],[],[121516],,674,[117|40],[117|40],41,[2|206|2820],[[2|206|2820]],[121516]
67442,[66|230035|65|6500],[[66|230035]|[65|6500]],[[2|206|3100]],[],[128238],,674,[117|40],[117|40],42,[2|206|3100],[[2|206|3100]],[128238]
67443,[66|242100|65|6840],[[66|242100]|[65|6840]],[[2|206|3385]],[],[134960],,674,[117|40],[117|40],43,[2|206|3385],[[2|206|3385]],[134960]
67444,[66|254165|65|7180],[[66|254165]|[65|7180]],[[2|206|4225]],[],[141683],,674,[117|40],[117|40],44,[2|206|4225],[[2|206|4225]],[141683]
67445,[66|266230|65|7520],[[66|266230]|[65|7520]],[[2|206|4225]],[],[148405],,674,[117|40],[117|40],45,[2|206|4225],[[2|206|4225]],[148405]
67446,[66|278295|65|7860],[[66|278295]|[65|7860]],[[2|206|4225]],[],[155127],,674,[117|40],[117|40],46,[2|206|4225],[[2|206|4225]],[155127]
67447,[66|290360|65|8200],[[66|290360]|[65|8200]],[[2|206|5635]],[],[161849],,674,[117|40],[117|40],47,[2|206|5635],[[2|206|5635]],[161849]
67448,[66|302425|65|8540],[[66|302425]|[65|8540]],[[2|206|5635]],[],[168572],,674,[117|40],[117|40],48,[2|206|5635],[[2|206|5635]],[168572]
67449,[66|314490|65|8880],[[66|314490]|[65|8880]],[[2|206|5635]],[],[175294],,674,[117|40],[117|40],49,[2|206|5635],[[2|206|5635]],[175294]
67450,[66|359730|65|10140],[[66|359730]|[65|10140]],[[2|206|5635]],[],[200440],,674,[117|40],[117|40],50,[2|206|5635],[[2|206|5635]],[200440]
68101,[65|210],[[65|210]],[[2|206|180]],[],[840],,681,[117|0],[117|0],1,[2|206|180],[[2|206|180]],[840]
68102,[65|420],[[65|420]],[[2|206|215]],[],[1680],,681,[117|0],[117|0],2,[2|206|215],[[2|206|215]],[1680]
68103,[65|630],[[65|630]],[[2|206|230]],[],[2520],,681,[117|0],[117|0],3,[2|206|230],[[2|206|230]],[2520]
68104,[65|840],[[65|840]],[[2|206|250]],[],[3360],,681,[117|0],[117|0],4,[2|206|250],[[2|206|250]],[3360]
68105,[65|1050],[[65|1050]],[[2|206|265]],[],[4200],,681,[117|0],[117|0],5,[2|206|265],[[2|206|265]],[4200]
68106,[65|1260],[[65|1260]],[[2|206|285]],[],[5040],,681,[117|0],[117|0],6,[2|206|285],[[2|206|285]],[5040]
68107,[65|1470],[[65|1470]],[[2|206|320]],[],[5880],,681,[117|0],[117|0],7,[2|206|320],[[2|206|320]],[5880]
68108,[65|1680],[[65|1680]],[[2|206|355]],[],[6720],,681,[117|0],[117|0],8,[2|206|355],[[2|206|355]],[6720]
68109,[65|1890],[[65|1890]],[[2|206|530]],[],[7560],,681,[117|0],[117|0],9,[2|206|530],[[2|206|530]],[7560]
68110,[65|2730],[[65|2730]],[[2|206|705]],[],[10920],,681,[117|0],[117|0],10,[2|206|705],[[2|206|705]],[10920]
68111,[65|3045],[[65|3045]],[[2|206|530]],[],[12180],,681,[117|10],[117|10],11,[2|206|530],[[2|206|530]],[12180]
68112,[65|3360],[[65|3360]],[[2|206|530]],[],[13440],,681,[117|10],[117|10],12,[2|206|530],[[2|206|530]],[13440]
68113,[65|3675],[[65|3675]],[[2|206|620]],[],[14700],,681,[117|10],[117|10],13,[2|206|620],[[2|206|620]],[14700]
68114,[65|3990],[[65|3990]],[[2|206|620]],[],[15960],,681,[117|10],[117|10],14,[2|206|620],[[2|206|620]],[15960]
68115,[65|4305],[[65|4305]],[[2|206|705]],[],[17220],,681,[117|10],[117|10],15,[2|206|705],[[2|206|705]],[17220]
68116,[65|4620],[[65|4620]],[[2|206|705]],[],[18480],,681,[117|10],[117|10],16,[2|206|705],[[2|206|705]],[18480]
68117,[65|4935],[[65|4935]],[[2|206|880]],[],[19740],,681,[117|10],[117|10],17,[2|206|880],[[2|206|880]],[19740]
68118,[65|5250],[[65|5250]],[[2|206|880]],[],[21000],,681,[117|10],[117|10],18,[2|206|880],[[2|206|880]],[21000]
68119,[65|5565],[[65|5565]],[[2|206|1060]],[],[22260],,681,[117|10],[117|10],19,[2|206|1060],[[2|206|1060]],[22260]
68120,[65|6825],[[65|6825]],[[2|206|1410]],[],[27300],,681,[117|10],[117|10],20,[2|206|1410],[[2|206|1410]],[27300]
68121,[65|7455],[[65|7455]],[[2|206|1060]],[],[29820],,681,[117|20],[117|20],21,[2|206|1060],[[2|206|1060]],[29820]
68122,[65|8085],[[65|8085]],[[2|206|1145]],[],[32340],,681,[117|20],[117|20],22,[2|206|1145],[[2|206|1145]],[32340]
68123,[65|8715],[[65|8715]],[[2|206|1235]],[],[34860],,681,[117|20],[117|20],23,[2|206|1235],[[2|206|1235]],[34860]
68124,[65|9345],[[65|9345]],[[2|206|845]],[],[37380],,681,[117|20],[117|20],24,[2|206|845],[[2|206|845]],[37380]
68125,[65|9975],[[65|9975]],[[2|206|1410]],[],[39900],,681,[117|20],[117|20],25,[2|206|1410],[[2|206|1410]],[39900]
68126,[65|10605],[[65|10605]],[[2|206|1585]],[],[42420],,681,[117|20],[117|20],26,[2|206|1585],[[2|206|1585]],[42420]
68127,[65|11235],[[65|11235]],[[2|206|1585]],[],[44940],,681,[117|20],[117|20],27,[2|206|1585],[[2|206|1585]],[44940]
68128,[65|11865],[[65|11865]],[[2|206|1760]],[],[47460],,681,[117|20],[117|20],28,[2|206|1760],[[2|206|1760]],[47460]
68129,[65|12495],[[65|12495]],[[2|206|1760]],[],[49980],,681,[117|20],[117|20],29,[2|206|1760],[[2|206|1760]],[49980]
68130,[65|15010],[[65|15010]],[[2|206|2640]],[],[60040],,681,[117|20],[117|20],30,[2|206|2640],[[2|206|2640]],[60040]
68131,[65|16060],[[65|16060]],[[2|206|1760]],[],[64240],,681,[117|30],[117|30],31,[2|206|1760],[[2|206|1760]],[64240]
68132,[65|17110],[[65|17110]],[[2|206|1935]],[],[68440],,681,[117|30],[117|30],32,[2|206|1935],[[2|206|1935]],[68440]
68133,[65|18160],[[65|18160]],[[2|206|2115]],[],[72640],,681,[117|30],[117|30],33,[2|206|2115],[[2|206|2115]],[72640]
68134,[65|19210],[[65|19210]],[[2|206|2640]],[],[76840],,681,[117|30],[117|30],34,[2|206|2640],[[2|206|2640]],[76840]
68135,[65|20260],[[65|20260]],[[2|206|2640]],[],[81040],,681,[117|30],[117|30],35,[2|206|2640],[[2|206|2640]],[81040]
68136,[65|21310],[[65|21310]],[[2|206|2640]],[],[85240],,681,[117|30],[117|30],36,[2|206|2640],[[2|206|2640]],[85240]
68137,[65|22360],[[65|22360]],[[2|206|3520]],[],[89440],,681,[117|30],[117|30],37,[2|206|3520],[[2|206|3520]],[89440]
68138,[65|23410],[[65|23410]],[[2|206|3520]],[],[93640],,681,[117|30],[117|30],38,[2|206|3520],[[2|206|3520]],[93640]
68139,[65|24460],[[65|24460]],[[2|206|3520]],[],[97840],,681,[117|30],[117|30],39,[2|206|3520],[[2|206|3520]],[97840]
68140,[65|28650],[[65|28650]],[[2|206|5635]],[],[114600],,681,[117|30],[117|30],40,[2|206|5635],[[2|206|5635]],[114600]
68141,[65|30330],[[65|30330]],[[2|206|2820]],[],[121320],,681,[117|40],[117|40],41,[2|206|2820],[[2|206|2820]],[121320]
68142,[65|32010],[[65|32010]],[[2|206|3100]],[],[128040],,681,[117|40],[117|40],42,[2|206|3100],[[2|206|3100]],[128040]
68143,[65|33690],[[65|33690]],[[2|206|3385]],[],[134760],,681,[117|40],[117|40],43,[2|206|3385],[[2|206|3385]],[134760]
68144,[65|35370],[[65|35370]],[[2|206|4225]],[],[141480],,681,[117|40],[117|40],44,[2|206|4225],[[2|206|4225]],[141480]
68145,[65|37050],[[65|37050]],[[2|206|4225]],[],[148200],,681,[117|40],[117|40],45,[2|206|4225],[[2|206|4225]],[148200]
68146,[65|38730],[[65|38730]],[[2|206|4225]],[],[154920],,681,[117|40],[117|40],46,[2|206|4225],[[2|206|4225]],[154920]
68147,[65|40410],[[65|40410]],[[2|206|5635]],[],[161640],,681,[117|40],[117|40],47,[2|206|5635],[[2|206|5635]],[161640]
68148,[65|42090],[[65|42090]],[[2|206|5635]],[],[168360],,681,[117|40],[117|40],48,[2|206|5635],[[2|206|5635]],[168360]
68149,[65|43770],[[65|43770]],[[2|206|5635]],[],[175080],,681,[117|40],[117|40],49,[2|206|5635],[[2|206|5635]],[175080]
68150,[65|50055],[[65|50055]],[[2|206|5635]],[],[200220],,681,[117|40],[117|40],50,[2|206|5635],[[2|206|5635]],[200220]
68201,[66|1885],[[66|1885]],[[2|206|180]],[],[838],,682,[117|0],[117|0],1,[2|206|180],[[2|206|180]],[838]
68202,[66|3770],[[66|3770]],[[2|206|215]],[],[1676],,682,[117|0],[117|0],2,[2|206|215],[[2|206|215]],[1676]
68203,[66|5655],[[66|5655]],[[2|206|230]],[],[2514],,682,[117|0],[117|0],3,[2|206|230],[[2|206|230]],[2514]
68204,[66|7540],[[66|7540]],[[2|206|250]],[],[3352],,682,[117|0],[117|0],4,[2|206|250],[[2|206|250]],[3352]
68205,[66|9425],[[66|9425]],[[2|206|265]],[],[4189],,682,[117|0],[117|0],5,[2|206|265],[[2|206|265]],[4189]
68206,[66|11310],[[66|11310]],[[2|206|285]],[],[5027],,682,[117|0],[117|0],6,[2|206|285],[[2|206|285]],[5027]
68207,[66|13195],[[66|13195]],[[2|206|320]],[],[5865],,682,[117|0],[117|0],7,[2|206|320],[[2|206|320]],[5865]
68208,[66|15080],[[66|15080]],[[2|206|355]],[],[6703],,682,[117|0],[117|0],8,[2|206|355],[[2|206|355]],[6703]
68209,[66|16965],[[66|16965]],[[2|206|530]],[],[7540],,682,[117|0],[117|0],9,[2|206|530],[[2|206|530]],[7540]
68210,[66|24505],[[66|24505]],[[2|206|705]],[],[10892],,682,[117|0],[117|0],10,[2|206|705],[[2|206|705]],[10892]
68211,[66|27335],[[66|27335]],[[2|206|530]],[],[12149],,682,[117|10],[117|10],11,[2|206|530],[[2|206|530]],[12149]
68212,[66|30165],[[66|30165]],[[2|206|530]],[],[13407],,682,[117|10],[117|10],12,[2|206|530],[[2|206|530]],[13407]
68213,[66|32995],[[66|32995]],[[2|206|620]],[],[14665],,682,[117|10],[117|10],13,[2|206|620],[[2|206|620]],[14665]
68214,[66|35825],[[66|35825]],[[2|206|620]],[],[15923],,682,[117|10],[117|10],14,[2|206|620],[[2|206|620]],[15923]
68215,[66|38655],[[66|38655]],[[2|206|705]],[],[17180],,682,[117|10],[117|10],15,[2|206|705],[[2|206|705]],[17180]
68216,[66|41485],[[66|41485]],[[2|206|705]],[],[18438],,682,[117|10],[117|10],16,[2|206|705],[[2|206|705]],[18438]
68217,[66|44315],[[66|44315]],[[2|206|880]],[],[19696],,682,[117|10],[117|10],17,[2|206|880],[[2|206|880]],[19696]
68218,[66|47145],[[66|47145]],[[2|206|880]],[],[20954],,682,[117|10],[117|10],18,[2|206|880],[[2|206|880]],[20954]
68219,[66|49975],[[66|49975]],[[2|206|1060]],[],[22212],,682,[117|10],[117|10],19,[2|206|1060],[[2|206|1060]],[22212]
68220,[66|61285],[[66|61285]],[[2|206|1410]],[],[27238],,682,[117|10],[117|10],20,[2|206|1410],[[2|206|1410]],[27238]
68221,[66|66940],[[66|66940]],[[2|206|1060]],[],[29752],,682,[117|20],[117|20],21,[2|206|1060],[[2|206|1060]],[29752]
68222,[66|72595],[[66|72595]],[[2|206|1145]],[],[32265],,682,[117|20],[117|20],22,[2|206|1145],[[2|206|1145]],[32265]
68223,[66|78250],[[66|78250]],[[2|206|1235]],[],[34778],,682,[117|20],[117|20],23,[2|206|1235],[[2|206|1235]],[34778]
68224,[66|83905],[[66|83905]],[[2|206|845]],[],[37292],,682,[117|20],[117|20],24,[2|206|845],[[2|206|845]],[37292]
68225,[66|89560],[[66|89560]],[[2|206|1410]],[],[39805],,682,[117|20],[117|20],25,[2|206|1410],[[2|206|1410]],[39805]
68226,[66|95215],[[66|95215]],[[2|206|1585]],[],[42318],,682,[117|20],[117|20],26,[2|206|1585],[[2|206|1585]],[42318]
68227,[66|100870],[[66|100870]],[[2|206|1585]],[],[44832],,682,[117|20],[117|20],27,[2|206|1585],[[2|206|1585]],[44832]
68228,[66|106525],[[66|106525]],[[2|206|1760]],[],[47345],,682,[117|20],[117|20],28,[2|206|1760],[[2|206|1760]],[47345]
68229,[66|112180],[[66|112180]],[[2|206|1760]],[],[49858],,682,[117|20],[117|20],29,[2|206|1760],[[2|206|1760]],[49858]
68230,[66|134800],[[66|134800]],[[2|206|2640]],[],[59912],,682,[117|20],[117|20],30,[2|206|2640],[[2|206|2640]],[59912]
68231,[66|144225],[[66|144225]],[[2|206|1760]],[],[64100],,682,[117|30],[117|30],31,[2|206|1760],[[2|206|1760]],[64100]
68232,[66|153650],[[66|153650]],[[2|206|1935]],[],[68289],,682,[117|30],[117|30],32,[2|206|1935],[[2|206|1935]],[68289]
68233,[66|163075],[[66|163075]],[[2|206|2115]],[],[72478],,682,[117|30],[117|30],33,[2|206|2115],[[2|206|2115]],[72478]
68234,[66|172500],[[66|172500]],[[2|206|2640]],[],[76667],,682,[117|30],[117|30],34,[2|206|2640],[[2|206|2640]],[76667]
68235,[66|181925],[[66|181925]],[[2|206|2640]],[],[80856],,682,[117|30],[117|30],35,[2|206|2640],[[2|206|2640]],[80856]
68236,[66|191350],[[66|191350]],[[2|206|2640]],[],[85045],,682,[117|30],[117|30],36,[2|206|2640],[[2|206|2640]],[85045]
68237,[66|200775],[[66|200775]],[[2|206|3520]],[],[89234],,682,[117|30],[117|30],37,[2|206|3520],[[2|206|3520]],[89234]
68238,[66|210200],[[66|210200]],[[2|206|3520]],[],[93423],,682,[117|30],[117|30],38,[2|206|3520],[[2|206|3520]],[93423]
68239,[66|219625],[[66|219625]],[[2|206|3520]],[],[97612],,682,[117|30],[117|30],39,[2|206|3520],[[2|206|3520]],[97612]
68240,[66|257325],[[66|257325]],[[2|206|5635]],[],[114367],,682,[117|30],[117|30],40,[2|206|5635],[[2|206|5635]],[114367]
68241,[66|272405],[[66|272405]],[[2|206|2820]],[],[121069],,682,[117|40],[117|40],41,[2|206|2820],[[2|206|2820]],[121069]
68242,[66|287485],[[66|287485]],[[2|206|3100]],[],[127772],,682,[117|40],[117|40],42,[2|206|3100],[[2|206|3100]],[127772]
68243,[66|302565],[[66|302565]],[[2|206|3385]],[],[134474],,682,[117|40],[117|40],43,[2|206|3385],[[2|206|3385]],[134474]
68244,[66|317645],[[66|317645]],[[2|206|4225]],[],[141176],,682,[117|40],[117|40],44,[2|206|4225],[[2|206|4225]],[141176]
68245,[66|332725],[[66|332725]],[[2|206|4225]],[],[147878],,682,[117|40],[117|40],45,[2|206|4225],[[2|206|4225]],[147878]
68246,[66|347805],[[66|347805]],[[2|206|4225]],[],[154580],,682,[117|40],[117|40],46,[2|206|4225],[[2|206|4225]],[154580]
68247,[66|362885],[[66|362885]],[[2|206|5635]],[],[161283],,682,[117|40],[117|40],47,[2|206|5635],[[2|206|5635]],[161283]
68248,[66|377965],[[66|377965]],[[2|206|5635]],[],[167985],,682,[117|40],[117|40],48,[2|206|5635],[[2|206|5635]],[167985]
68249,[66|393045],[[66|393045]],[[2|206|5635]],[],[174687],,682,[117|40],[117|40],49,[2|206|5635],[[2|206|5635]],[174687]
68250,[66|449595],[[66|449595]],[[2|206|5635]],[],[199820],,682,[117|40],[117|40],50,[2|206|5635],[[2|206|5635]],[199820]
68301,[65|210],[[65|210]],[[2|206|180]],[],[840],,683,[117|0],[117|0],1,[2|206|180],[[2|206|180]],[840]
68302,[65|420],[[65|420]],[[2|206|215]],[],[1680],,683,[117|0],[117|0],2,[2|206|215],[[2|206|215]],[1680]
68303,[65|630],[[65|630]],[[2|206|230]],[],[2520],,683,[117|0],[117|0],3,[2|206|230],[[2|206|230]],[2520]
68304,[65|840],[[65|840]],[[2|206|250]],[],[3360],,683,[117|0],[117|0],4,[2|206|250],[[2|206|250]],[3360]
68305,[65|1050],[[65|1050]],[[2|206|265]],[],[4200],,683,[117|0],[117|0],5,[2|206|265],[[2|206|265]],[4200]
68306,[65|1260],[[65|1260]],[[2|206|285]],[],[5040],,683,[117|0],[117|0],6,[2|206|285],[[2|206|285]],[5040]
68307,[65|1470],[[65|1470]],[[2|206|320]],[],[5880],,683,[117|0],[117|0],7,[2|206|320],[[2|206|320]],[5880]
68308,[65|1680],[[65|1680]],[[2|206|355]],[],[6720],,683,[117|0],[117|0],8,[2|206|355],[[2|206|355]],[6720]
68309,[65|1890],[[65|1890]],[[2|206|530]],[],[7560],,683,[117|0],[117|0],9,[2|206|530],[[2|206|530]],[7560]
68310,[65|2730],[[65|2730]],[[2|206|705]],[],[10920],,683,[117|0],[117|0],10,[2|206|705],[[2|206|705]],[10920]
68311,[65|3045],[[65|3045]],[[2|206|530]],[],[12180],,683,[117|10],[117|10],11,[2|206|530],[[2|206|530]],[12180]
68312,[65|3360],[[65|3360]],[[2|206|530]],[],[13440],,683,[117|10],[117|10],12,[2|206|530],[[2|206|530]],[13440]
68313,[65|3675],[[65|3675]],[[2|206|620]],[],[14700],,683,[117|10],[117|10],13,[2|206|620],[[2|206|620]],[14700]
68314,[65|3990],[[65|3990]],[[2|206|620]],[],[15960],,683,[117|10],[117|10],14,[2|206|620],[[2|206|620]],[15960]
68315,[65|4305],[[65|4305]],[[2|206|705]],[],[17220],,683,[117|10],[117|10],15,[2|206|705],[[2|206|705]],[17220]
68316,[65|4620],[[65|4620]],[[2|206|705]],[],[18480],,683,[117|10],[117|10],16,[2|206|705],[[2|206|705]],[18480]
68317,[65|4935],[[65|4935]],[[2|206|880]],[],[19740],,683,[117|10],[117|10],17,[2|206|880],[[2|206|880]],[19740]
68318,[65|5250],[[65|5250]],[[2|206|880]],[],[21000],,683,[117|10],[117|10],18,[2|206|880],[[2|206|880]],[21000]
68319,[65|5565],[[65|5565]],[[2|206|1060]],[],[22260],,683,[117|10],[117|10],19,[2|206|1060],[[2|206|1060]],[22260]
68320,[65|6825],[[65|6825]],[[2|206|1410]],[],[27300],,683,[117|10],[117|10],20,[2|206|1410],[[2|206|1410]],[27300]
68321,[65|7455],[[65|7455]],[[2|206|1060]],[],[29820],,683,[117|20],[117|20],21,[2|206|1060],[[2|206|1060]],[29820]
68322,[65|8085],[[65|8085]],[[2|206|1145]],[],[32340],,683,[117|20],[117|20],22,[2|206|1145],[[2|206|1145]],[32340]
68323,[65|8715],[[65|8715]],[[2|206|1235]],[],[34860],,683,[117|20],[117|20],23,[2|206|1235],[[2|206|1235]],[34860]
68324,[65|9345],[[65|9345]],[[2|206|845]],[],[37380],,683,[117|20],[117|20],24,[2|206|845],[[2|206|845]],[37380]
68325,[65|9975],[[65|9975]],[[2|206|1410]],[],[39900],,683,[117|20],[117|20],25,[2|206|1410],[[2|206|1410]],[39900]
68326,[65|10605],[[65|10605]],[[2|206|1585]],[],[42420],,683,[117|20],[117|20],26,[2|206|1585],[[2|206|1585]],[42420]
68327,[65|11235],[[65|11235]],[[2|206|1585]],[],[44940],,683,[117|20],[117|20],27,[2|206|1585],[[2|206|1585]],[44940]
68328,[65|11865],[[65|11865]],[[2|206|1760]],[],[47460],,683,[117|20],[117|20],28,[2|206|1760],[[2|206|1760]],[47460]
68329,[65|12495],[[65|12495]],[[2|206|1760]],[],[49980],,683,[117|20],[117|20],29,[2|206|1760],[[2|206|1760]],[49980]
68330,[65|15010],[[65|15010]],[[2|206|2640]],[],[60040],,683,[117|20],[117|20],30,[2|206|2640],[[2|206|2640]],[60040]
68331,[65|16060],[[65|16060]],[[2|206|1760]],[],[64240],,683,[117|30],[117|30],31,[2|206|1760],[[2|206|1760]],[64240]
68332,[65|17110],[[65|17110]],[[2|206|1935]],[],[68440],,683,[117|30],[117|30],32,[2|206|1935],[[2|206|1935]],[68440]
68333,[65|18160],[[65|18160]],[[2|206|2115]],[],[72640],,683,[117|30],[117|30],33,[2|206|2115],[[2|206|2115]],[72640]
68334,[65|19210],[[65|19210]],[[2|206|2640]],[],[76840],,683,[117|30],[117|30],34,[2|206|2640],[[2|206|2640]],[76840]
68335,[65|20260],[[65|20260]],[[2|206|2640]],[],[81040],,683,[117|30],[117|30],35,[2|206|2640],[[2|206|2640]],[81040]
68336,[65|21310],[[65|21310]],[[2|206|2640]],[],[85240],,683,[117|30],[117|30],36,[2|206|2640],[[2|206|2640]],[85240]
68337,[65|22360],[[65|22360]],[[2|206|3520]],[],[89440],,683,[117|30],[117|30],37,[2|206|3520],[[2|206|3520]],[89440]
68338,[65|23410],[[65|23410]],[[2|206|3520]],[],[93640],,683,[117|30],[117|30],38,[2|206|3520],[[2|206|3520]],[93640]
68339,[65|24460],[[65|24460]],[[2|206|3520]],[],[97840],,683,[117|30],[117|30],39,[2|206|3520],[[2|206|3520]],[97840]
68340,[65|28650],[[65|28650]],[[2|206|5635]],[],[114600],,683,[117|30],[117|30],40,[2|206|5635],[[2|206|5635]],[114600]
68341,[65|30330],[[65|30330]],[[2|206|2820]],[],[121320],,683,[117|40],[117|40],41,[2|206|2820],[[2|206|2820]],[121320]
68342,[65|32010],[[65|32010]],[[2|206|3100]],[],[128040],,683,[117|40],[117|40],42,[2|206|3100],[[2|206|3100]],[128040]
68343,[65|33690],[[65|33690]],[[2|206|3385]],[],[134760],,683,[117|40],[117|40],43,[2|206|3385],[[2|206|3385]],[134760]
68344,[65|35370],[[65|35370]],[[2|206|4225]],[],[141480],,683,[117|40],[117|40],44,[2|206|4225],[[2|206|4225]],[141480]
68345,[65|37050],[[65|37050]],[[2|206|4225]],[],[148200],,683,[117|40],[117|40],45,[2|206|4225],[[2|206|4225]],[148200]
68346,[65|38730],[[65|38730]],[[2|206|4225]],[],[154920],,683,[117|40],[117|40],46,[2|206|4225],[[2|206|4225]],[154920]
68347,[65|40410],[[65|40410]],[[2|206|5635]],[],[161640],,683,[117|40],[117|40],47,[2|206|5635],[[2|206|5635]],[161640]
68348,[65|42090],[[65|42090]],[[2|206|5635]],[],[168360],,683,[117|40],[117|40],48,[2|206|5635],[[2|206|5635]],[168360]
68349,[65|43770],[[65|43770]],[[2|206|5635]],[],[175080],,683,[117|40],[117|40],49,[2|206|5635],[[2|206|5635]],[175080]
68350,[65|50055],[[65|50055]],[[2|206|5635]],[],[200220],,683,[117|40],[117|40],50,[2|206|5635],[[2|206|5635]],[200220]
68401,[66|1885],[[66|1885]],[[2|206|180]],[],[838],,684,[117|0],[117|0],1,[2|206|180],[[2|206|180]],[838]
68402,[66|3770],[[66|3770]],[[2|206|215]],[],[1676],,684,[117|0],[117|0],2,[2|206|215],[[2|206|215]],[1676]
68403,[66|5655],[[66|5655]],[[2|206|230]],[],[2514],,684,[117|0],[117|0],3,[2|206|230],[[2|206|230]],[2514]
68404,[66|7540],[[66|7540]],[[2|206|250]],[],[3352],,684,[117|0],[117|0],4,[2|206|250],[[2|206|250]],[3352]
68405,[66|9425],[[66|9425]],[[2|206|265]],[],[4189],,684,[117|0],[117|0],5,[2|206|265],[[2|206|265]],[4189]
68406,[66|11310],[[66|11310]],[[2|206|285]],[],[5027],,684,[117|0],[117|0],6,[2|206|285],[[2|206|285]],[5027]
68407,[66|13195],[[66|13195]],[[2|206|320]],[],[5865],,684,[117|0],[117|0],7,[2|206|320],[[2|206|320]],[5865]
68408,[66|15080],[[66|15080]],[[2|206|355]],[],[6703],,684,[117|0],[117|0],8,[2|206|355],[[2|206|355]],[6703]
68409,[66|16965],[[66|16965]],[[2|206|530]],[],[7540],,684,[117|0],[117|0],9,[2|206|530],[[2|206|530]],[7540]
68410,[66|24505],[[66|24505]],[[2|206|705]],[],[10892],,684,[117|0],[117|0],10,[2|206|705],[[2|206|705]],[10892]
68411,[66|27335],[[66|27335]],[[2|206|530]],[],[12149],,684,[117|10],[117|10],11,[2|206|530],[[2|206|530]],[12149]
68412,[66|30165],[[66|30165]],[[2|206|530]],[],[13407],,684,[117|10],[117|10],12,[2|206|530],[[2|206|530]],[13407]
68413,[66|32995],[[66|32995]],[[2|206|620]],[],[14665],,684,[117|10],[117|10],13,[2|206|620],[[2|206|620]],[14665]
68414,[66|35825],[[66|35825]],[[2|206|620]],[],[15923],,684,[117|10],[117|10],14,[2|206|620],[[2|206|620]],[15923]
68415,[66|38655],[[66|38655]],[[2|206|705]],[],[17180],,684,[117|10],[117|10],15,[2|206|705],[[2|206|705]],[17180]
68416,[66|41485],[[66|41485]],[[2|206|705]],[],[18438],,684,[117|10],[117|10],16,[2|206|705],[[2|206|705]],[18438]
68417,[66|44315],[[66|44315]],[[2|206|880]],[],[19696],,684,[117|10],[117|10],17,[2|206|880],[[2|206|880]],[19696]
68418,[66|47145],[[66|47145]],[[2|206|880]],[],[20954],,684,[117|10],[117|10],18,[2|206|880],[[2|206|880]],[20954]
68419,[66|49975],[[66|49975]],[[2|206|1060]],[],[22212],,684,[117|10],[117|10],19,[2|206|1060],[[2|206|1060]],[22212]
68420,[66|61285],[[66|61285]],[[2|206|1410]],[],[27238],,684,[117|10],[117|10],20,[2|206|1410],[[2|206|1410]],[27238]
68421,[66|66940],[[66|66940]],[[2|206|1060]],[],[29752],,684,[117|20],[117|20],21,[2|206|1060],[[2|206|1060]],[29752]
68422,[66|72595],[[66|72595]],[[2|206|1145]],[],[32265],,684,[117|20],[117|20],22,[2|206|1145],[[2|206|1145]],[32265]
68423,[66|78250],[[66|78250]],[[2|206|1235]],[],[34778],,684,[117|20],[117|20],23,[2|206|1235],[[2|206|1235]],[34778]
68424,[66|83905],[[66|83905]],[[2|206|845]],[],[37292],,684,[117|20],[117|20],24,[2|206|845],[[2|206|845]],[37292]
68425,[66|89560],[[66|89560]],[[2|206|1410]],[],[39805],,684,[117|20],[117|20],25,[2|206|1410],[[2|206|1410]],[39805]
68426,[66|95215],[[66|95215]],[[2|206|1585]],[],[42318],,684,[117|20],[117|20],26,[2|206|1585],[[2|206|1585]],[42318]
68427,[66|100870],[[66|100870]],[[2|206|1585]],[],[44832],,684,[117|20],[117|20],27,[2|206|1585],[[2|206|1585]],[44832]
68428,[66|106525],[[66|106525]],[[2|206|1760]],[],[47345],,684,[117|20],[117|20],28,[2|206|1760],[[2|206|1760]],[47345]
68429,[66|112180],[[66|112180]],[[2|206|1760]],[],[49858],,684,[117|20],[117|20],29,[2|206|1760],[[2|206|1760]],[49858]
68430,[66|134800],[[66|134800]],[[2|206|2640]],[],[59912],,684,[117|20],[117|20],30,[2|206|2640],[[2|206|2640]],[59912]
68431,[66|144225],[[66|144225]],[[2|206|1760]],[],[64100],,684,[117|30],[117|30],31,[2|206|1760],[[2|206|1760]],[64100]
68432,[66|153650],[[66|153650]],[[2|206|1935]],[],[68289],,684,[117|30],[117|30],32,[2|206|1935],[[2|206|1935]],[68289]
68433,[66|163075],[[66|163075]],[[2|206|2115]],[],[72478],,684,[117|30],[117|30],33,[2|206|2115],[[2|206|2115]],[72478]
68434,[66|172500],[[66|172500]],[[2|206|2640]],[],[76667],,684,[117|30],[117|30],34,[2|206|2640],[[2|206|2640]],[76667]
68435,[66|181925],[[66|181925]],[[2|206|2640]],[],[80856],,684,[117|30],[117|30],35,[2|206|2640],[[2|206|2640]],[80856]
68436,[66|191350],[[66|191350]],[[2|206|2640]],[],[85045],,684,[117|30],[117|30],36,[2|206|2640],[[2|206|2640]],[85045]
68437,[66|200775],[[66|200775]],[[2|206|3520]],[],[89234],,684,[117|30],[117|30],37,[2|206|3520],[[2|206|3520]],[89234]
68438,[66|210200],[[66|210200]],[[2|206|3520]],[],[93423],,684,[117|30],[117|30],38,[2|206|3520],[[2|206|3520]],[93423]
68439,[66|219625],[[66|219625]],[[2|206|3520]],[],[97612],,684,[117|30],[117|30],39,[2|206|3520],[[2|206|3520]],[97612]
68440,[66|257325],[[66|257325]],[[2|206|5635]],[],[114367],,684,[117|30],[117|30],40,[2|206|5635],[[2|206|5635]],[114367]
68441,[66|272405],[[66|272405]],[[2|206|2820]],[],[121069],,684,[117|40],[117|40],41,[2|206|2820],[[2|206|2820]],[121069]
68442,[66|287485],[[66|287485]],[[2|206|3100]],[],[127772],,684,[117|40],[117|40],42,[2|206|3100],[[2|206|3100]],[127772]
68443,[66|302565],[[66|302565]],[[2|206|3385]],[],[134474],,684,[117|40],[117|40],43,[2|206|3385],[[2|206|3385]],[134474]
68444,[66|317645],[[66|317645]],[[2|206|4225]],[],[141176],,684,[117|40],[117|40],44,[2|206|4225],[[2|206|4225]],[141176]
68445,[66|332725],[[66|332725]],[[2|206|4225]],[],[147878],,684,[117|40],[117|40],45,[2|206|4225],[[2|206|4225]],[147878]
68446,[66|347805],[[66|347805]],[[2|206|4225]],[],[154580],,684,[117|40],[117|40],46,[2|206|4225],[[2|206|4225]],[154580]
68447,[66|362885],[[66|362885]],[[2|206|5635]],[],[161283],,684,[117|40],[117|40],47,[2|206|5635],[[2|206|5635]],[161283]
68448,[66|377965],[[66|377965]],[[2|206|5635]],[],[167985],,684,[117|40],[117|40],48,[2|206|5635],[[2|206|5635]],[167985]
68449,[66|393045],[[66|393045]],[[2|206|5635]],[],[174687],,684,[117|40],[117|40],49,[2|206|5635],[[2|206|5635]],[174687]
68450,[66|449595],[[66|449595]],[[2|206|5635]],[],[199820],,684,[117|40],[117|40],50,[2|206|5635],[[2|206|5635]],[199820]
69101,[65|170|66|380],[[65|170]|[66|380]],[[2|206|180]],[],[849],,691,[117|0],[117|0],1,[2|206|180],[[2|206|180]],[849]
69102,[65|340|66|760],[[65|340]|[66|760]],[[2|206|215]],[],[1698],,691,[117|0],[117|0],2,[2|206|215],[[2|206|215]],[1698]
69103,[65|510|66|1140],[[65|510]|[66|1140]],[[2|206|230]],[],[2547],,691,[117|0],[117|0],3,[2|206|230],[[2|206|230]],[2547]
69104,[65|680|66|1520],[[65|680]|[66|1520]],[[2|206|250]],[],[3396],,691,[117|0],[117|0],4,[2|206|250],[[2|206|250]],[3396]
69105,[65|850|66|1900],[[65|850]|[66|1900]],[[2|206|265]],[],[4245],,691,[117|0],[117|0],5,[2|206|265],[[2|206|265]],[4245]
69106,[65|1020|66|2280],[[65|1020]|[66|2280]],[[2|206|285]],[],[5094],,691,[117|0],[117|0],6,[2|206|285],[[2|206|285]],[5094]
69107,[65|1190|66|2660],[[65|1190]|[66|2660]],[[2|206|320]],[],[5943],,691,[117|0],[117|0],7,[2|206|320],[[2|206|320]],[5943]
69108,[65|1360|66|3040],[[65|1360]|[66|3040]],[[2|206|355]],[],[6792],,691,[117|0],[117|0],8,[2|206|355],[[2|206|355]],[6792]
69109,[65|1530|66|3420],[[65|1530]|[66|3420]],[[2|206|530]],[],[7640],,691,[117|0],[117|0],9,[2|206|530],[[2|206|530]],[7640]
69110,[65|2205|66|4930],[[65|2205]|[66|4930]],[[2|206|705]],[],[11012],,691,[117|0],[117|0],10,[2|206|705],[[2|206|705]],[11012]
69111,[65|2460|66|5500],[[65|2460]|[66|5500]],[[2|206|530]],[],[12285],,691,[117|10],[117|10],11,[2|206|530],[[2|206|530]],[12285]
69112,[65|2715|66|6070],[[65|2715]|[66|6070]],[[2|206|530]],[],[13558],,691,[117|10],[117|10],12,[2|206|530],[[2|206|530]],[13558]
69113,[65|2970|66|6640],[[65|2970]|[66|6640]],[[2|206|620]],[],[14832],,691,[117|10],[117|10],13,[2|206|620],[[2|206|620]],[14832]
69114,[65|3225|66|7210],[[65|3225]|[66|7210]],[[2|206|620]],[],[16105],,691,[117|10],[117|10],14,[2|206|620],[[2|206|620]],[16105]
69115,[65|3480|66|7780],[[65|3480]|[66|7780]],[[2|206|705]],[],[17378],,691,[117|10],[117|10],15,[2|206|705],[[2|206|705]],[17378]
69116,[65|3735|66|8350],[[65|3735]|[66|8350]],[[2|206|705]],[],[18652],,691,[117|10],[117|10],16,[2|206|705],[[2|206|705]],[18652]
69117,[65|3990|66|8920],[[65|3990]|[66|8920]],[[2|206|880]],[],[19925],,691,[117|10],[117|10],17,[2|206|880],[[2|206|880]],[19925]
69118,[65|4245|66|9490],[[65|4245]|[66|9490]],[[2|206|880]],[],[21198],,691,[117|10],[117|10],18,[2|206|880],[[2|206|880]],[21198]
69119,[65|4500|66|10060],[[65|4500]|[66|10060]],[[2|206|1060]],[],[22472],,691,[117|10],[117|10],19,[2|206|1060],[[2|206|1060]],[22472]
69120,[65|5510|66|12325],[[65|5510]|[66|12325]],[[2|206|1410]],[],[27518],,691,[117|10],[117|10],20,[2|206|1410],[[2|206|1410]],[27518]
69121,[65|6015|66|13460],[[65|6015]|[66|13460]],[[2|206|1060]],[],[30043],,691,[117|20],[117|20],21,[2|206|1060],[[2|206|1060]],[30043]
69122,[65|6520|66|14595],[[65|6520]|[66|14595]],[[2|206|1145]],[],[32567],,691,[117|20],[117|20],22,[2|206|1145],[[2|206|1145]],[32567]
69123,[65|7025|66|15730],[[65|7025]|[66|15730]],[[2|206|1235]],[],[35092],,691,[117|20],[117|20],23,[2|206|1235],[[2|206|1235]],[35092]
69124,[65|7530|66|16865],[[65|7530]|[66|16865]],[[2|206|845]],[],[37616],,691,[117|20],[117|20],24,[2|206|845],[[2|206|845]],[37616]
69125,[65|8035|66|18000],[[65|8035]|[66|18000]],[[2|206|1410]],[],[40140],,691,[117|20],[117|20],25,[2|206|1410],[[2|206|1410]],[40140]
69126,[65|8540|66|19135],[[65|8540]|[66|19135]],[[2|206|1585]],[],[42665],,691,[117|20],[117|20],26,[2|206|1585],[[2|206|1585]],[42665]
69127,[65|9045|66|20270],[[65|9045]|[66|20270]],[[2|206|1585]],[],[45189],,691,[117|20],[117|20],27,[2|206|1585],[[2|206|1585]],[45189]
69128,[65|9550|66|21405],[[65|9550]|[66|21405]],[[2|206|1760]],[],[47714],,691,[117|20],[117|20],28,[2|206|1760],[[2|206|1760]],[47714]
69129,[65|10055|66|22540],[[65|10055]|[66|22540]],[[2|206|1760]],[],[50238],,691,[117|20],[117|20],29,[2|206|1760],[[2|206|1760]],[50238]
69130,[65|12070|66|27065],[[65|12070]|[66|27065]],[[2|206|2640]],[],[60309],,691,[117|20],[117|20],30,[2|206|2640],[[2|206|2640]],[60309]
69131,[65|12910|66|28950],[[65|12910]|[66|28950]],[[2|206|1760]],[],[64507],,691,[117|30],[117|30],31,[2|206|1760],[[2|206|1760]],[64507]
69132,[65|13750|66|30835],[[65|13750]|[66|30835]],[[2|206|1935]],[],[68705],,691,[117|30],[117|30],32,[2|206|1935],[[2|206|1935]],[68705]
69133,[65|14590|66|32720],[[65|14590]|[66|32720]],[[2|206|2115]],[],[72903],,691,[117|30],[117|30],33,[2|206|2115],[[2|206|2115]],[72903]
69134,[65|15430|66|34605],[[65|15430]|[66|34605]],[[2|206|2640]],[],[77100],,691,[117|30],[117|30],34,[2|206|2640],[[2|206|2640]],[77100]
69135,[65|16270|66|36490],[[65|16270]|[66|36490]],[[2|206|2640]],[],[81298],,691,[117|30],[117|30],35,[2|206|2640],[[2|206|2640]],[81298]
69136,[65|17110|66|38375],[[65|17110]|[66|38375]],[[2|206|2640]],[],[85496],,691,[117|30],[117|30],36,[2|206|2640],[[2|206|2640]],[85496]
69137,[65|17950|66|40260],[[65|17950]|[66|40260]],[[2|206|3520]],[],[89694],,691,[117|30],[117|30],37,[2|206|3520],[[2|206|3520]],[89694]
69138,[65|18790|66|42145],[[65|18790]|[66|42145]],[[2|206|3520]],[],[93892],,691,[117|30],[117|30],38,[2|206|3520],[[2|206|3520]],[93892]
69139,[65|19630|66|44030],[[65|19630]|[66|44030]],[[2|206|3520]],[],[98089],,691,[117|30],[117|30],39,[2|206|3520],[[2|206|3520]],[98089]
69140,[65|22985|66|51570],[[65|22985]|[66|51570]],[[2|206|3520]],[],[114860],,691,[117|30],[117|30],40,[2|206|3520],[[2|206|3520]],[114860]
69141,[65|24330|66|54590],[[65|24330]|[66|54590]],[[2|206|2820]],[],[121583],,691,[117|40],[117|40],41,[2|206|2820],[[2|206|2820]],[121583]
69142,[65|25675|66|57610],[[65|25675]|[66|57610]],[[2|206|3100]],[],[128305],,691,[117|40],[117|40],42,[2|206|3100],[[2|206|3100]],[128305]
69143,[65|27020|66|60630],[[65|27020]|[66|60630]],[[2|206|3385]],[],[135027],,691,[117|40],[117|40],43,[2|206|3385],[[2|206|3385]],[135027]
69144,[65|28365|66|63650],[[65|28365]|[66|63650]],[[2|206|4225]],[],[141749],,691,[117|40],[117|40],44,[2|206|4225],[[2|206|4225]],[141749]
69145,[65|29710|66|66670],[[65|29710]|[66|66670]],[[2|206|4225]],[],[148472],,691,[117|40],[117|40],45,[2|206|4225],[[2|206|4225]],[148472]
69146,[65|31055|66|69690],[[65|31055]|[66|69690]],[[2|206|4225]],[],[155194],,691,[117|40],[117|40],46,[2|206|4225],[[2|206|4225]],[155194]
69147,[65|32400|66|72710],[[65|32400]|[66|72710]],[[2|206|5635]],[],[161916],,691,[117|40],[117|40],47,[2|206|5635],[[2|206|5635]],[161916]
69148,[65|33745|66|75730],[[65|33745]|[66|75730]],[[2|206|5635]],[],[168638],,691,[117|40],[117|40],48,[2|206|5635],[[2|206|5635]],[168638]
69149,[65|35090|66|78750],[[65|35090]|[66|78750]],[[2|206|5635]],[],[175360],,691,[117|40],[117|40],49,[2|206|5635],[[2|206|5635]],[175360]
69150,[65|40120|66|90060],[[65|40120]|[66|90060]],[[2|206|5635]],[],[200507],,691,[117|40],[117|40],50,[2|206|5635],[[2|206|5635]],[200507]
69201,[66|1885],[[66|1885]],[[2|206|180]],[],[838],,692,[117|0],[117|0],1,[2|206|180],[[2|206|180]],[838]
69202,[66|3770],[[66|3770]],[[2|206|215]],[],[1676],,692,[117|0],[117|0],2,[2|206|215],[[2|206|215]],[1676]
69203,[66|5655],[[66|5655]],[[2|206|230]],[],[2514],,692,[117|0],[117|0],3,[2|206|230],[[2|206|230]],[2514]
69204,[66|7540],[[66|7540]],[[2|206|250]],[],[3352],,692,[117|0],[117|0],4,[2|206|250],[[2|206|250]],[3352]
69205,[66|9425],[[66|9425]],[[2|206|265]],[],[4189],,692,[117|0],[117|0],5,[2|206|265],[[2|206|265]],[4189]
69206,[66|11310],[[66|11310]],[[2|206|285]],[],[5027],,692,[117|0],[117|0],6,[2|206|285],[[2|206|285]],[5027]
69207,[66|13195],[[66|13195]],[[2|206|320]],[],[5865],,692,[117|0],[117|0],7,[2|206|320],[[2|206|320]],[5865]
69208,[66|15080],[[66|15080]],[[2|206|355]],[],[6703],,692,[117|0],[117|0],8,[2|206|355],[[2|206|355]],[6703]
69209,[66|16965],[[66|16965]],[[2|206|530]],[],[7540],,692,[117|0],[117|0],9,[2|206|530],[[2|206|530]],[7540]
69210,[66|24505],[[66|24505]],[[2|206|705]],[],[10892],,692,[117|0],[117|0],10,[2|206|705],[[2|206|705]],[10892]
69211,[66|27335],[[66|27335]],[[2|206|530]],[],[12149],,692,[117|10],[117|10],11,[2|206|530],[[2|206|530]],[12149]
69212,[66|30165],[[66|30165]],[[2|206|530]],[],[13407],,692,[117|10],[117|10],12,[2|206|530],[[2|206|530]],[13407]
69213,[66|32995],[[66|32995]],[[2|206|620]],[],[14665],,692,[117|10],[117|10],13,[2|206|620],[[2|206|620]],[14665]
69214,[66|35825],[[66|35825]],[[2|206|620]],[],[15923],,692,[117|10],[117|10],14,[2|206|620],[[2|206|620]],[15923]
69215,[66|38655],[[66|38655]],[[2|206|705]],[],[17180],,692,[117|10],[117|10],15,[2|206|705],[[2|206|705]],[17180]
69216,[66|41485],[[66|41485]],[[2|206|705]],[],[18438],,692,[117|10],[117|10],16,[2|206|705],[[2|206|705]],[18438]
69217,[66|44315],[[66|44315]],[[2|206|880]],[],[19696],,692,[117|10],[117|10],17,[2|206|880],[[2|206|880]],[19696]
69218,[66|47145],[[66|47145]],[[2|206|880]],[],[20954],,692,[117|10],[117|10],18,[2|206|880],[[2|206|880]],[20954]
69219,[66|49975],[[66|49975]],[[2|206|1060]],[],[22212],,692,[117|10],[117|10],19,[2|206|1060],[[2|206|1060]],[22212]
69220,[66|61285],[[66|61285]],[[2|206|1410]],[],[27238],,692,[117|10],[117|10],20,[2|206|1410],[[2|206|1410]],[27238]
69221,[66|66940],[[66|66940]],[[2|206|1060]],[],[29752],,692,[117|20],[117|20],21,[2|206|1060],[[2|206|1060]],[29752]
69222,[66|72595],[[66|72595]],[[2|206|1145]],[],[32265],,692,[117|20],[117|20],22,[2|206|1145],[[2|206|1145]],[32265]
69223,[66|78250],[[66|78250]],[[2|206|1235]],[],[34778],,692,[117|20],[117|20],23,[2|206|1235],[[2|206|1235]],[34778]
69224,[66|83905],[[66|83905]],[[2|206|845]],[],[37292],,692,[117|20],[117|20],24,[2|206|845],[[2|206|845]],[37292]
69225,[66|89560],[[66|89560]],[[2|206|1410]],[],[39805],,692,[117|20],[117|20],25,[2|206|1410],[[2|206|1410]],[39805]
69226,[66|95215],[[66|95215]],[[2|206|1585]],[],[42318],,692,[117|20],[117|20],26,[2|206|1585],[[2|206|1585]],[42318]
69227,[66|100870],[[66|100870]],[[2|206|1585]],[],[44832],,692,[117|20],[117|20],27,[2|206|1585],[[2|206|1585]],[44832]
69228,[66|106525],[[66|106525]],[[2|206|1760]],[],[47345],,692,[117|20],[117|20],28,[2|206|1760],[[2|206|1760]],[47345]
69229,[66|112180],[[66|112180]],[[2|206|1760]],[],[49858],,692,[117|20],[117|20],29,[2|206|1760],[[2|206|1760]],[49858]
69230,[66|134800],[[66|134800]],[[2|206|2640]],[],[59912],,692,[117|20],[117|20],30,[2|206|2640],[[2|206|2640]],[59912]
69231,[66|144225],[[66|144225]],[[2|206|1760]],[],[64100],,692,[117|30],[117|30],31,[2|206|1760],[[2|206|1760]],[64100]
69232,[66|153650],[[66|153650]],[[2|206|1935]],[],[68289],,692,[117|30],[117|30],32,[2|206|1935],[[2|206|1935]],[68289]
69233,[66|163075],[[66|163075]],[[2|206|2115]],[],[72478],,692,[117|30],[117|30],33,[2|206|2115],[[2|206|2115]],[72478]
69234,[66|172500],[[66|172500]],[[2|206|2640]],[],[76667],,692,[117|30],[117|30],34,[2|206|2640],[[2|206|2640]],[76667]
69235,[66|181925],[[66|181925]],[[2|206|2640]],[],[80856],,692,[117|30],[117|30],35,[2|206|2640],[[2|206|2640]],[80856]
69236,[66|191350],[[66|191350]],[[2|206|2640]],[],[85045],,692,[117|30],[117|30],36,[2|206|2640],[[2|206|2640]],[85045]
69237,[66|200775],[[66|200775]],[[2|206|3520]],[],[89234],,692,[117|30],[117|30],37,[2|206|3520],[[2|206|3520]],[89234]
69238,[66|210200],[[66|210200]],[[2|206|3520]],[],[93423],,692,[117|30],[117|30],38,[2|206|3520],[[2|206|3520]],[93423]
69239,[66|219625],[[66|219625]],[[2|206|3520]],[],[97612],,692,[117|30],[117|30],39,[2|206|3520],[[2|206|3520]],[97612]
69240,[66|257325],[[66|257325]],[[2|206|3520]],[],[114367],,692,[117|30],[117|30],40,[2|206|3520],[[2|206|3520]],[114367]
69241,[66|272405],[[66|272405]],[[2|206|2820]],[],[121069],,692,[117|40],[117|40],41,[2|206|2820],[[2|206|2820]],[121069]
69242,[66|287485],[[66|287485]],[[2|206|3100]],[],[127772],,692,[117|40],[117|40],42,[2|206|3100],[[2|206|3100]],[127772]
69243,[66|302565],[[66|302565]],[[2|206|3385]],[],[134474],,692,[117|40],[117|40],43,[2|206|3385],[[2|206|3385]],[134474]
69244,[66|317645],[[66|317645]],[[2|206|4225]],[],[141176],,692,[117|40],[117|40],44,[2|206|4225],[[2|206|4225]],[141176]
69245,[66|332725],[[66|332725]],[[2|206|4225]],[],[147878],,692,[117|40],[117|40],45,[2|206|4225],[[2|206|4225]],[147878]
69246,[66|347805],[[66|347805]],[[2|206|4225]],[],[154580],,692,[117|40],[117|40],46,[2|206|4225],[[2|206|4225]],[154580]
69247,[66|362885],[[66|362885]],[[2|206|5635]],[],[161283],,692,[117|40],[117|40],47,[2|206|5635],[[2|206|5635]],[161283]
69248,[66|377965],[[66|377965]],[[2|206|5635]],[],[167985],,692,[117|40],[117|40],48,[2|206|5635],[[2|206|5635]],[167985]
69249,[66|393045],[[66|393045]],[[2|206|5635]],[],[174687],,692,[117|40],[117|40],49,[2|206|5635],[[2|206|5635]],[174687]
69250,[66|449595],[[66|449595]],[[2|206|5635]],[],[199820],,692,[117|40],[117|40],50,[2|206|5635],[[2|206|5635]],[199820]
69301,[65|170|66|380],[[65|170]|[66|380]],[[2|206|180]],[],[849],,693,[117|0],[117|0],1,[2|206|180],[[2|206|180]],[849]
69302,[65|340|66|760],[[65|340]|[66|760]],[[2|206|215]],[],[1698],,693,[117|0],[117|0],2,[2|206|215],[[2|206|215]],[1698]
69303,[65|510|66|1140],[[65|510]|[66|1140]],[[2|206|230]],[],[2547],,693,[117|0],[117|0],3,[2|206|230],[[2|206|230]],[2547]
69304,[65|680|66|1520],[[65|680]|[66|1520]],[[2|206|250]],[],[3396],,693,[117|0],[117|0],4,[2|206|250],[[2|206|250]],[3396]
69305,[65|850|66|1900],[[65|850]|[66|1900]],[[2|206|265]],[],[4245],,693,[117|0],[117|0],5,[2|206|265],[[2|206|265]],[4245]
69306,[65|1020|66|2280],[[65|1020]|[66|2280]],[[2|206|285]],[],[5094],,693,[117|0],[117|0],6,[2|206|285],[[2|206|285]],[5094]
69307,[65|1190|66|2660],[[65|1190]|[66|2660]],[[2|206|320]],[],[5943],,693,[117|0],[117|0],7,[2|206|320],[[2|206|320]],[5943]
69308,[65|1360|66|3040],[[65|1360]|[66|3040]],[[2|206|355]],[],[6792],,693,[117|0],[117|0],8,[2|206|355],[[2|206|355]],[6792]
69309,[65|1530|66|3420],[[65|1530]|[66|3420]],[[2|206|530]],[],[7640],,693,[117|0],[117|0],9,[2|206|530],[[2|206|530]],[7640]
69310,[65|2205|66|4930],[[65|2205]|[66|4930]],[[2|206|705]],[],[11012],,693,[117|0],[117|0],10,[2|206|705],[[2|206|705]],[11012]
69311,[65|2460|66|5500],[[65|2460]|[66|5500]],[[2|206|530]],[],[12285],,693,[117|10],[117|10],11,[2|206|530],[[2|206|530]],[12285]
69312,[65|2715|66|6070],[[65|2715]|[66|6070]],[[2|206|530]],[],[13558],,693,[117|10],[117|10],12,[2|206|530],[[2|206|530]],[13558]
69313,[65|2970|66|6640],[[65|2970]|[66|6640]],[[2|206|620]],[],[14832],,693,[117|10],[117|10],13,[2|206|620],[[2|206|620]],[14832]
69314,[65|3225|66|7210],[[65|3225]|[66|7210]],[[2|206|620]],[],[16105],,693,[117|10],[117|10],14,[2|206|620],[[2|206|620]],[16105]
69315,[65|3480|66|7780],[[65|3480]|[66|7780]],[[2|206|705]],[],[17378],,693,[117|10],[117|10],15,[2|206|705],[[2|206|705]],[17378]
69316,[65|3735|66|8350],[[65|3735]|[66|8350]],[[2|206|705]],[],[18652],,693,[117|10],[117|10],16,[2|206|705],[[2|206|705]],[18652]
69317,[65|3990|66|8920],[[65|3990]|[66|8920]],[[2|206|880]],[],[19925],,693,[117|10],[117|10],17,[2|206|880],[[2|206|880]],[19925]
69318,[65|4245|66|9490],[[65|4245]|[66|9490]],[[2|206|880]],[],[21198],,693,[117|10],[117|10],18,[2|206|880],[[2|206|880]],[21198]
69319,[65|4500|66|10060],[[65|4500]|[66|10060]],[[2|206|1060]],[],[22472],,693,[117|10],[117|10],19,[2|206|1060],[[2|206|1060]],[22472]
69320,[65|5510|66|12325],[[65|5510]|[66|12325]],[[2|206|1410]],[],[27518],,693,[117|10],[117|10],20,[2|206|1410],[[2|206|1410]],[27518]
69321,[65|6015|66|13460],[[65|6015]|[66|13460]],[[2|206|1060]],[],[30043],,693,[117|20],[117|20],21,[2|206|1060],[[2|206|1060]],[30043]
69322,[65|6520|66|14595],[[65|6520]|[66|14595]],[[2|206|1145]],[],[32567],,693,[117|20],[117|20],22,[2|206|1145],[[2|206|1145]],[32567]
69323,[65|7025|66|15730],[[65|7025]|[66|15730]],[[2|206|1235]],[],[35092],,693,[117|20],[117|20],23,[2|206|1235],[[2|206|1235]],[35092]
69324,[65|7530|66|16865],[[65|7530]|[66|16865]],[[2|206|845]],[],[37616],,693,[117|20],[117|20],24,[2|206|845],[[2|206|845]],[37616]
69325,[65|8035|66|18000],[[65|8035]|[66|18000]],[[2|206|1410]],[],[40140],,693,[117|20],[117|20],25,[2|206|1410],[[2|206|1410]],[40140]
69326,[65|8540|66|19135],[[65|8540]|[66|19135]],[[2|206|1585]],[],[42665],,693,[117|20],[117|20],26,[2|206|1585],[[2|206|1585]],[42665]
69327,[65|9045|66|20270],[[65|9045]|[66|20270]],[[2|206|1585]],[],[45189],,693,[117|20],[117|20],27,[2|206|1585],[[2|206|1585]],[45189]
69328,[65|9550|66|21405],[[65|9550]|[66|21405]],[[2|206|1760]],[],[47714],,693,[117|20],[117|20],28,[2|206|1760],[[2|206|1760]],[47714]
69329,[65|10055|66|22540],[[65|10055]|[66|22540]],[[2|206|1760]],[],[50238],,693,[117|20],[117|20],29,[2|206|1760],[[2|206|1760]],[50238]
69330,[65|12070|66|27065],[[65|12070]|[66|27065]],[[2|206|2640]],[],[60309],,693,[117|20],[117|20],30,[2|206|2640],[[2|206|2640]],[60309]
69331,[65|12910|66|28950],[[65|12910]|[66|28950]],[[2|206|1760]],[],[64507],,693,[117|30],[117|30],31,[2|206|1760],[[2|206|1760]],[64507]
69332,[65|13750|66|30835],[[65|13750]|[66|30835]],[[2|206|1935]],[],[68705],,693,[117|30],[117|30],32,[2|206|1935],[[2|206|1935]],[68705]
69333,[65|14590|66|32720],[[65|14590]|[66|32720]],[[2|206|2115]],[],[72903],,693,[117|30],[117|30],33,[2|206|2115],[[2|206|2115]],[72903]
69334,[65|15430|66|34605],[[65|15430]|[66|34605]],[[2|206|2640]],[],[77100],,693,[117|30],[117|30],34,[2|206|2640],[[2|206|2640]],[77100]
69335,[65|16270|66|36490],[[65|16270]|[66|36490]],[[2|206|2640]],[],[81298],,693,[117|30],[117|30],35,[2|206|2640],[[2|206|2640]],[81298]
69336,[65|17110|66|38375],[[65|17110]|[66|38375]],[[2|206|2640]],[],[85496],,693,[117|30],[117|30],36,[2|206|2640],[[2|206|2640]],[85496]
69337,[65|17950|66|40260],[[65|17950]|[66|40260]],[[2|206|3520]],[],[89694],,693,[117|30],[117|30],37,[2|206|3520],[[2|206|3520]],[89694]
69338,[65|18790|66|42145],[[65|18790]|[66|42145]],[[2|206|3520]],[],[93892],,693,[117|30],[117|30],38,[2|206|3520],[[2|206|3520]],[93892]
69339,[65|19630|66|44030],[[65|19630]|[66|44030]],[[2|206|3520]],[],[98089],,693,[117|30],[117|30],39,[2|206|3520],[[2|206|3520]],[98089]
69341,[65|22985|66|51570],[[65|22985]|[66|51570]],[[2|206|3520]],[],[114860],,693,[117|30],[117|30],40,[2|206|3520],[[2|206|3520]],[114860]
69342,[65|24330|66|54590],[[65|24330]|[66|54590]],[[2|206|2820]],[],[121583],,693,[117|40],[117|40],41,[2|206|2820],[[2|206|2820]],[121583]
69343,[65|25675|66|57610],[[65|25675]|[66|57610]],[[2|206|3100]],[],[128305],,693,[117|40],[117|40],42,[2|206|3100],[[2|206|3100]],[128305]
69344,[65|27020|66|60630],[[65|27020]|[66|60630]],[[2|206|3385]],[],[135027],,693,[117|40],[117|40],43,[2|206|3385],[[2|206|3385]],[135027]
69345,[65|28365|66|63650],[[65|28365]|[66|63650]],[[2|206|4225]],[],[141749],,693,[117|40],[117|40],44,[2|206|4225],[[2|206|4225]],[141749]
69346,[65|29710|66|66670],[[65|29710]|[66|66670]],[[2|206|4225]],[],[148472],,693,[117|40],[117|40],45,[2|206|4225],[[2|206|4225]],[148472]
69347,[65|31055|66|69690],[[65|31055]|[66|69690]],[[2|206|4225]],[],[155194],,693,[117|40],[117|40],46,[2|206|4225],[[2|206|4225]],[155194]
69348,[65|32400|66|72710],[[65|32400]|[66|72710]],[[2|206|5635]],[],[161916],,693,[117|40],[117|40],47,[2|206|5635],[[2|206|5635]],[161916]
69349,[65|33745|66|75730],[[65|33745]|[66|75730]],[[2|206|5635]],[],[168638],,693,[117|40],[117|40],48,[2|206|5635],[[2|206|5635]],[168638]
69350,[65|35090|66|78750],[[65|35090]|[66|78750]],[[2|206|5635]],[],[175360],,693,[117|40],[117|40],49,[2|206|5635],[[2|206|5635]],[175360]
69340,[65|40120|66|90060],[[65|40120]|[66|90060]],[[2|206|5635]],[],[200507],,693,[117|40],[117|40],50,[2|206|5635],[[2|206|5635]],[200507]
69401,[66|1885],[[66|1885]],[[2|206|180]],[],[838],,694,[117|0],[117|0],1,[2|206|180],[[2|206|180]],[838]
69402,[66|3770],[[66|3770]],[[2|206|215]],[],[1676],,694,[117|0],[117|0],2,[2|206|215],[[2|206|215]],[1676]
69403,[66|5655],[[66|5655]],[[2|206|230]],[],[2514],,694,[117|0],[117|0],3,[2|206|230],[[2|206|230]],[2514]
69404,[66|7540],[[66|7540]],[[2|206|250]],[],[3352],,694,[117|0],[117|0],4,[2|206|250],[[2|206|250]],[3352]
69405,[66|9425],[[66|9425]],[[2|206|265]],[],[4189],,694,[117|0],[117|0],5,[2|206|265],[[2|206|265]],[4189]
69406,[66|11310],[[66|11310]],[[2|206|285]],[],[5027],,694,[117|0],[117|0],6,[2|206|285],[[2|206|285]],[5027]
69407,[66|13195],[[66|13195]],[[2|206|320]],[],[5865],,694,[117|0],[117|0],7,[2|206|320],[[2|206|320]],[5865]
69408,[66|15080],[[66|15080]],[[2|206|355]],[],[6703],,694,[117|0],[117|0],8,[2|206|355],[[2|206|355]],[6703]
69409,[66|16965],[[66|16965]],[[2|206|530]],[],[7540],,694,[117|0],[117|0],9,[2|206|530],[[2|206|530]],[7540]
69410,[66|24505],[[66|24505]],[[2|206|705]],[],[10892],,694,[117|0],[117|0],10,[2|206|705],[[2|206|705]],[10892]
69411,[66|27335],[[66|27335]],[[2|206|530]],[],[12149],,694,[117|10],[117|10],11,[2|206|530],[[2|206|530]],[12149]
69412,[66|30165],[[66|30165]],[[2|206|530]],[],[13407],,694,[117|10],[117|10],12,[2|206|530],[[2|206|530]],[13407]
69413,[66|32995],[[66|32995]],[[2|206|620]],[],[14665],,694,[117|10],[117|10],13,[2|206|620],[[2|206|620]],[14665]
69414,[66|35825],[[66|35825]],[[2|206|620]],[],[15923],,694,[117|10],[117|10],14,[2|206|620],[[2|206|620]],[15923]
69415,[66|38655],[[66|38655]],[[2|206|705]],[],[17180],,694,[117|10],[117|10],15,[2|206|705],[[2|206|705]],[17180]
69416,[66|41485],[[66|41485]],[[2|206|705]],[],[18438],,694,[117|10],[117|10],16,[2|206|705],[[2|206|705]],[18438]
69417,[66|44315],[[66|44315]],[[2|206|880]],[],[19696],,694,[117|10],[117|10],17,[2|206|880],[[2|206|880]],[19696]
69418,[66|47145],[[66|47145]],[[2|206|880]],[],[20954],,694,[117|10],[117|10],18,[2|206|880],[[2|206|880]],[20954]
69419,[66|49975],[[66|49975]],[[2|206|1060]],[],[22212],,694,[117|10],[117|10],19,[2|206|1060],[[2|206|1060]],[22212]
69420,[66|61285],[[66|61285]],[[2|206|1410]],[],[27238],,694,[117|10],[117|10],20,[2|206|1410],[[2|206|1410]],[27238]
69421,[66|66940],[[66|66940]],[[2|206|1060]],[],[29752],,694,[117|20],[117|20],21,[2|206|1060],[[2|206|1060]],[29752]
69422,[66|72595],[[66|72595]],[[2|206|1145]],[],[32265],,694,[117|20],[117|20],22,[2|206|1145],[[2|206|1145]],[32265]
69423,[66|78250],[[66|78250]],[[2|206|1235]],[],[34778],,694,[117|20],[117|20],23,[2|206|1235],[[2|206|1235]],[34778]
69424,[66|83905],[[66|83905]],[[2|206|845]],[],[37292],,694,[117|20],[117|20],24,[2|206|845],[[2|206|845]],[37292]
69425,[66|89560],[[66|89560]],[[2|206|1410]],[],[39805],,694,[117|20],[117|20],25,[2|206|1410],[[2|206|1410]],[39805]
69426,[66|95215],[[66|95215]],[[2|206|1585]],[],[42318],,694,[117|20],[117|20],26,[2|206|1585],[[2|206|1585]],[42318]
69427,[66|100870],[[66|100870]],[[2|206|1585]],[],[44832],,694,[117|20],[117|20],27,[2|206|1585],[[2|206|1585]],[44832]
69428,[66|106525],[[66|106525]],[[2|206|1760]],[],[47345],,694,[117|20],[117|20],28,[2|206|1760],[[2|206|1760]],[47345]
69429,[66|112180],[[66|112180]],[[2|206|1760]],[],[49858],,694,[117|20],[117|20],29,[2|206|1760],[[2|206|1760]],[49858]
69430,[66|134800],[[66|134800]],[[2|206|2640]],[],[59912],,694,[117|20],[117|20],30,[2|206|2640],[[2|206|2640]],[59912]
69431,[66|144225],[[66|144225]],[[2|206|1760]],[],[64100],,694,[117|30],[117|30],31,[2|206|1760],[[2|206|1760]],[64100]
69432,[66|153650],[[66|153650]],[[2|206|1935]],[],[68289],,694,[117|30],[117|30],32,[2|206|1935],[[2|206|1935]],[68289]
69433,[66|163075],[[66|163075]],[[2|206|2115]],[],[72478],,694,[117|30],[117|30],33,[2|206|2115],[[2|206|2115]],[72478]
69434,[66|172500],[[66|172500]],[[2|206|2640]],[],[76667],,694,[117|30],[117|30],34,[2|206|2640],[[2|206|2640]],[76667]
69435,[66|181925],[[66|181925]],[[2|206|2640]],[],[80856],,694,[117|30],[117|30],35,[2|206|2640],[[2|206|2640]],[80856]
69436,[66|191350],[[66|191350]],[[2|206|2640]],[],[85045],,694,[117|30],[117|30],36,[2|206|2640],[[2|206|2640]],[85045]
69437,[66|200775],[[66|200775]],[[2|206|3520]],[],[89234],,694,[117|30],[117|30],37,[2|206|3520],[[2|206|3520]],[89234]
69438,[66|210200],[[66|210200]],[[2|206|3520]],[],[93423],,694,[117|30],[117|30],38,[2|206|3520],[[2|206|3520]],[93423]
69439,[66|219625],[[66|219625]],[[2|206|3520]],[],[97612],,694,[117|30],[117|30],39,[2|206|3520],[[2|206|3520]],[97612]
69440,[66|257325],[[66|257325]],[[2|206|3520]],[],[114367],,694,[117|30],[117|30],40,[2|206|3520],[[2|206|3520]],[114367]
69441,[66|272405],[[66|272405]],[[2|206|2820]],[],[121069],,694,[117|40],[117|40],41,[2|206|2820],[[2|206|2820]],[121069]
69442,[66|287485],[[66|287485]],[[2|206|3100]],[],[127772],,694,[117|40],[117|40],42,[2|206|3100],[[2|206|3100]],[127772]
69443,[66|302565],[[66|302565]],[[2|206|3385]],[],[134474],,694,[117|40],[117|40],43,[2|206|3385],[[2|206|3385]],[134474]
69444,[66|317645],[[66|317645]],[[2|206|4225]],[],[141176],,694,[117|40],[117|40],44,[2|206|4225],[[2|206|4225]],[141176]
69445,[66|332725],[[66|332725]],[[2|206|4225]],[],[147878],,694,[117|40],[117|40],45,[2|206|4225],[[2|206|4225]],[147878]
69446,[66|347805],[[66|347805]],[[2|206|4225]],[],[154580],,694,[117|40],[117|40],46,[2|206|4225],[[2|206|4225]],[154580]
69447,[66|362885],[[66|362885]],[[2|206|5635]],[],[161283],,694,[117|40],[117|40],47,[2|206|5635],[[2|206|5635]],[161283]
69448,[66|377965],[[66|377965]],[[2|206|5635]],[],[167985],,694,[117|40],[117|40],48,[2|206|5635],[[2|206|5635]],[167985]
69449,[66|393045],[[66|393045]],[[2|206|5635]],[],[174687],,694,[117|40],[117|40],49,[2|206|5635],[[2|206|5635]],[174687]
69450,[66|449595],[[66|449595]],[[2|206|5635]],[],[199820],,694,[117|40],[117|40],50,[2|206|5635],[[2|206|5635]],[199820]
120101,[65|10],[[65|10]],[[2|206|50]|[999|6|40]],[[999|6|40]],[40],999|6|40,1201,,[],1,[2|206|50],[[2|206|50]],[40]
120102,[65|20],[[65|20]],[[2|206|50]|[999|6|40]],[[999|6|40]],[80],999|6|40,1201,,[],2,[2|206|50],[[2|206|50]],[80]
120103,[65|30],[[65|30]],[[2|206|50]|[999|6|40]],[[999|6|40]],[120],999|6|40,1201,,[],3,[2|206|50],[[2|206|50]],[120]
120104,[65|40],[[65|40]],[[2|206|100]|[999|6|80]],[[999|6|80]],[160],999|6|80,1201,,[],4,[2|206|100],[[2|206|100]],[160]
120105,[65|50],[[65|50]],[[2|206|100]|[999|6|80]],[[999|6|80]],[200],999|6|80,1201,,[],5,[2|206|100],[[2|206|100]],[200]
120201,[66|55],[[66|55]],[[2|206|50]|[999|6|40]],[[999|6|40]],[25],999|6|40,1202,,[],1,[2|206|50],[[2|206|50]],[25]
120202,[66|110],[[66|110]],[[2|206|50]|[999|6|40]],[[999|6|40]],[49],999|6|40,1202,,[],2,[2|206|50],[[2|206|50]],[49]
120203,[66|165],[[66|165]],[[2|206|50]|[999|6|40]],[[999|6|40]],[74],999|6|40,1202,,[],3,[2|206|50],[[2|206|50]],[74]
120204,[66|220],[[66|220]],[[2|206|100]|[999|6|80]],[[999|6|80]],[98],999|6|80,1202,,[],4,[2|206|100],[[2|206|100]],[98]
120205,[66|275],[[66|275]],[[2|206|100]|[999|6|80]],[[999|6|80]],[123],999|6|80,1202,,[],5,[2|206|100],[[2|206|100]],[123]
120301,[65|10],[[65|10]],[[2|206|50]|[999|6|40]],[[999|6|40]],[40],999|6|40,1203,,[],1,[2|206|50],[[2|206|50]],[40]
120302,[65|20],[[65|20]],[[2|206|50]|[999|6|40]],[[999|6|40]],[80],999|6|40,1203,,[],2,[2|206|50],[[2|206|50]],[80]
120303,[65|30],[[65|30]],[[2|206|50]|[999|6|40]],[[999|6|40]],[120],999|6|40,1203,,[],3,[2|206|50],[[2|206|50]],[120]
120304,[65|40],[[65|40]],[[2|206|100]|[999|6|80]],[[999|6|80]],[160],999|6|80,1203,,[],4,[2|206|100],[[2|206|100]],[160]
120305,[65|50],[[65|50]],[[2|206|100]|[999|6|80]],[[999|6|80]],[200],999|6|80,1203,,[],5,[2|206|100],[[2|206|100]],[200]
120401,[66|55],[[66|55]],[[2|206|50]|[999|6|40]],[[999|6|40]],[25],999|6|40,1204,,[],1,[2|206|50],[[2|206|50]],[25]
120402,[66|110],[[66|110]],[[2|206|50]|[999|6|40]],[[999|6|40]],[49],999|6|40,1204,,[],2,[2|206|50],[[2|206|50]],[49]
120403,[66|165],[[66|165]],[[2|206|50]|[999|6|40]],[[999|6|40]],[74],999|6|40,1204,,[],3,[2|206|50],[[2|206|50]],[74]
120404,[66|220],[[66|220]],[[2|206|100]|[999|6|80]],[[999|6|80]],[98],999|6|80,1204,,[],4,[2|206|100],[[2|206|100]],[98]
120405,[66|275],[[66|275]],[[2|206|100]|[999|6|80]],[[999|6|80]],[123],999|6|80,1204,,[],5,[2|206|100],[[2|206|100]],[123]
130101,[65|15|66|55],[[65|15]|[66|55]],[[2|206|50]|[999|6|40]],[[999|6|40]],[85],999|6|40,1301,,[],1,[2|206|50],[[2|206|50]],[85]
130102,[65|30|66|110],[[65|30]|[66|110]],[[2|206|50]|[999|6|40]],[[999|6|40]],[169],999|6|40,1301,,[],2,[2|206|50],[[2|206|50]],[169]
130103,[65|45|66|165],[[65|45]|[66|165]],[[2|206|50]|[999|6|40]],[[999|6|40]],[254],999|6|40,1301,,[],3,[2|206|50],[[2|206|50]],[254]
130104,[65|60|66|220],[[65|60]|[66|220]],[[2|206|100]|[999|6|80]],[[999|6|80]],[338],999|6|80,1301,,[],4,[2|206|100],[[2|206|100]],[338]
130105,[65|75|66|275],[[65|75]|[66|275]],[[2|206|100]|[999|6|80]],[[999|6|80]],[423],999|6|80,1301,,[],5,[2|206|100],[[2|206|100]],[423]
130106,[65|90|66|330],[[65|90]|[66|330]],[[2|206|100]|[999|6|80]],[[999|6|80]],[507],999|6|80,1301,,[],6,[2|206|100],[[2|206|100]],[507]
130107,[65|105|66|385],[[65|105]|[66|385]],[[2|206|150]|[999|6|120]],[[999|6|120]],[592],999|6|120,1301,,[],7,[2|206|150],[[2|206|150]],[592]
130108,[65|120|66|440],[[65|120]|[66|440]],[[2|206|150]|[999|6|120]],[[999|6|120]],[676],999|6|120,1301,,[],8,[2|206|150],[[2|206|150]],[676]
130109,[65|135|66|495],[[65|135]|[66|495]],[[2|206|150]|[999|6|120]],[[999|6|120]],[760],999|6|120,1301,,[],9,[2|206|150],[[2|206|150]],[760]
130110,[65|195|66|220],[[65|195]|[66|220]],[[2|206|150]|[999|6|120]],[[999|6|120]],[878],999|6|120,1301,,[],10,[2|206|150],[[2|206|150]],[878]
130111,[65|220|66|85],[[65|220]|[66|85]],[[2|206|150]|[999|6|120]],[[999|6|120]],[918],999|6|120,1301,,[],11,[2|206|150],[[2|206|150]],[918]
130112,[65|245|66|170],[[65|245]|[66|170]],[[2|206|150]|[999|6|120]],[[999|6|120]],[1056],999|6|120,1301,,[],12,[2|206|150],[[2|206|150]],[1056]
130113,[65|270|66|255],[[65|270]|[66|255]],[[2|206|150]|[999|6|120]],[[999|6|120]],[1194],999|6|120,1301,,[],13,[2|206|150],[[2|206|150]],[1194]
130114,[65|295|66|340],[[65|295]|[66|340]],[[2|206|150]|[999|6|120]],[[999|6|120]],[1332],999|6|120,1301,,[],14,[2|206|150],[[2|206|150]],[1332]
130115,[65|320|66|425],[[65|320]|[66|425]],[[2|206|150]|[999|6|120]],[[999|6|120]],[1469],999|6|120,1301,,[],15,[2|206|150],[[2|206|150]],[1469]
130201,[66|130|65|10],[[66|130]|[65|10]],[[2|206|50]|[999|6|40]],[[999|6|40]],[98],999|6|40,1302,,[],1,[2|206|50],[[2|206|50]],[98]
130202,[66|260|65|20],[[66|260]|[65|20]],[[2|206|50]|[999|6|40]],[[999|6|40]],[196],999|6|40,1302,,[],2,[2|206|50],[[2|206|50]],[196]
130203,[66|390|65|30],[[66|390]|[65|30]],[[2|206|50]|[999|6|40]],[[999|6|40]],[294],999|6|40,1302,,[],3,[2|206|50],[[2|206|50]],[294]
130204,[66|520|65|40],[[66|520]|[65|40]],[[2|206|100]|[999|6|80]],[[999|6|80]],[392],999|6|80,1302,,[],4,[2|206|100],[[2|206|100]],[392]
130205,[66|650|65|50],[[66|650]|[65|50]],[[2|206|100]|[999|6|80]],[[999|6|80]],[489],999|6|80,1302,,[],5,[2|206|100],[[2|206|100]],[489]
130206,[66|780|65|60],[[66|780]|[65|60]],[[2|206|100]|[999|6|80]],[[999|6|80]],[587],999|6|80,1302,,[],6,[2|206|100],[[2|206|100]],[587]
130207,[66|910|65|70],[[66|910]|[65|70]],[[2|206|150]|[999|6|120]],[[999|6|120]],[685],999|6|120,1302,,[],7,[2|206|150],[[2|206|150]],[685]
130208,[66|1040|65|80],[[66|1040]|[65|80]],[[2|206|150]|[999|6|120]],[[999|6|120]],[783],999|6|120,1302,,[],8,[2|206|150],[[2|206|150]],[783]
130209,[66|1170|65|90],[[66|1170]|[65|90]],[[2|206|150]|[999|6|120]],[[999|6|120]],[880],999|6|120,1302,,[],9,[2|206|150],[[2|206|150]],[880]
130210,[66|1680|65|120],[[66|1680]|[65|120]],[[2|206|150]|[999|6|120]],[[999|6|120]],[1227],999|6|120,1302,,[],10,[2|206|150],[[2|206|150]],[1227]
130211,[66|1870|65|130],[[66|1870]|[65|130]],[[2|206|150]|[999|6|120]],[[999|6|120]],[1352],999|6|120,1302,,[],11,[2|206|150],[[2|206|150]],[1352]
130212,[66|2060|65|140],[[66|2060]|[65|140]],[[2|206|150]|[999|6|120]],[[999|6|120]],[1476],999|6|120,1302,,[],12,[2|206|150],[[2|206|150]],[1476]
130213,[66|2250|65|150],[[66|2250]|[65|150]],[[2|206|150]|[999|6|120]],[[999|6|120]],[1600],999|6|120,1302,,[],13,[2|206|150],[[2|206|150]],[1600]
130214,[66|2440|65|160],[[66|2440]|[65|160]],[[2|206|150]|[999|6|120]],[[999|6|120]],[1725],999|6|120,1302,,[],14,[2|206|150],[[2|206|150]],[1725]
130215,[66|2630|65|170],[[66|2630]|[65|170]],[[2|206|150]|[999|6|120]],[[999|6|120]],[1849],999|6|120,1302,,[],15,[2|206|150],[[2|206|150]],[1849]
130301,[65|15|66|55],[[65|15]|[66|55]],[[2|206|50]|[999|6|40]],[[999|6|40]],[85],999|6|40,1303,,[],1,[2|206|50],[[2|206|50]],[85]
130302,[65|30|66|110],[[65|30]|[66|110]],[[2|206|50]|[999|6|40]],[[999|6|40]],[169],999|6|40,1303,,[],2,[2|206|50],[[2|206|50]],[169]
130303,[65|45|66|165],[[65|45]|[66|165]],[[2|206|50]|[999|6|40]],[[999|6|40]],[254],999|6|40,1303,,[],3,[2|206|50],[[2|206|50]],[254]
130304,[65|60|66|220],[[65|60]|[66|220]],[[2|206|100]|[999|6|80]],[[999|6|80]],[338],999|6|80,1303,,[],4,[2|206|100],[[2|206|100]],[338]
130305,[65|75|66|275],[[65|75]|[66|275]],[[2|206|100]|[999|6|80]],[[999|6|80]],[423],999|6|80,1303,,[],5,[2|206|100],[[2|206|100]],[423]
130306,[65|90|66|330],[[65|90]|[66|330]],[[2|206|100]|[999|6|80]],[[999|6|80]],[507],999|6|80,1303,,[],6,[2|206|100],[[2|206|100]],[507]
130307,[65|105|66|385],[[65|105]|[66|385]],[[2|206|150]|[999|6|120]],[[999|6|120]],[592],999|6|120,1303,,[],7,[2|206|150],[[2|206|150]],[592]
130308,[65|120|66|440],[[65|120]|[66|440]],[[2|206|150]|[999|6|120]],[[999|6|120]],[676],999|6|120,1303,,[],8,[2|206|150],[[2|206|150]],[676]
130309,[65|135|66|495],[[65|135]|[66|495]],[[2|206|150]|[999|6|120]],[[999|6|120]],[760],999|6|120,1303,,[],9,[2|206|150],[[2|206|150]],[760]
130310,[65|195|66|715],[[65|195]|[66|715]],[[2|206|150]|[999|6|120]],[[999|6|120]],[1098],999|6|120,1303,,[],10,[2|206|150],[[2|206|150]],[1098]
130311,[65|220|66|800],[[65|220]|[66|800]],[[2|206|150]|[999|6|120]],[[999|6|120]],[1236],999|6|120,1303,,[],11,[2|206|150],[[2|206|150]],[1236]
130312,[65|245|66|885],[[65|245]|[66|885]],[[2|206|150]|[999|6|120]],[[999|6|120]],[1374],999|6|120,1303,,[],12,[2|206|150],[[2|206|150]],[1374]
130313,[65|270|66|970],[[65|270]|[66|970]],[[2|206|150]|[999|6|120]],[[999|6|120]],[1512],999|6|120,1303,,[],13,[2|206|150],[[2|206|150]],[1512]
130314,[65|295|66|1055],[[65|295]|[66|1055]],[[2|206|150]|[999|6|120]],[[999|6|120]],[1649],999|6|120,1303,,[],14,[2|206|150],[[2|206|150]],[1649]
130315,[65|320|66|1140],[[65|320]|[66|1140]],[[2|206|150]|[999|6|120]],[[999|6|120]],[1787],999|6|120,1303,,[],15,[2|206|150],[[2|206|150]],[1787]
130401,[66|130|65|10],[[66|130]|[65|10]],[[2|206|50]|[999|6|40]],[[999|6|40]],[98],999|6|40,1304,,[],1,[2|206|50],[[2|206|50]],[98]
130402,[66|260|65|20],[[66|260]|[65|20]],[[2|206|50]|[999|6|40]],[[999|6|40]],[196],999|6|40,1304,,[],2,[2|206|50],[[2|206|50]],[196]
130403,[66|390|65|30],[[66|390]|[65|30]],[[2|206|50]|[999|6|40]],[[999|6|40]],[294],999|6|40,1304,,[],3,[2|206|50],[[2|206|50]],[294]
130404,[66|520|65|40],[[66|520]|[65|40]],[[2|206|100]|[999|6|80]],[[999|6|80]],[392],999|6|80,1304,,[],4,[2|206|100],[[2|206|100]],[392]
130405,[66|650|65|50],[[66|650]|[65|50]],[[2|206|100]|[999|6|80]],[[999|6|80]],[489],999|6|80,1304,,[],5,[2|206|100],[[2|206|100]],[489]
130406,[66|780|65|60],[[66|780]|[65|60]],[[2|206|100]|[999|6|80]],[[999|6|80]],[587],999|6|80,1304,,[],6,[2|206|100],[[2|206|100]],[587]
130407,[66|910|65|70],[[66|910]|[65|70]],[[2|206|150]|[999|6|120]],[[999|6|120]],[685],999|6|120,1304,,[],7,[2|206|150],[[2|206|150]],[685]
130408,[66|1040|65|80],[[66|1040]|[65|80]],[[2|206|150]|[999|6|120]],[[999|6|120]],[783],999|6|120,1304,,[],8,[2|206|150],[[2|206|150]],[783]
130409,[66|1170|65|90],[[66|1170]|[65|90]],[[2|206|150]|[999|6|120]],[[999|6|120]],[880],999|6|120,1304,,[],9,[2|206|150],[[2|206|150]],[880]
130410,[66|1680|65|120],[[66|1680]|[65|120]],[[2|206|150]|[999|6|120]],[[999|6|120]],[1227],999|6|120,1304,,[],10,[2|206|150],[[2|206|150]],[1227]
130411,[66|1870|65|130],[[66|1870]|[65|130]],[[2|206|150]|[999|6|120]],[[999|6|120]],[1352],999|6|120,1304,,[],11,[2|206|150],[[2|206|150]],[1352]
130412,[66|2060|65|140],[[66|2060]|[65|140]],[[2|206|150]|[999|6|120]],[[999|6|120]],[1476],999|6|120,1304,,[],12,[2|206|150],[[2|206|150]],[1476]
130413,[66|2250|65|150],[[66|2250]|[65|150]],[[2|206|150]|[999|6|120]],[[999|6|120]],[1600],999|6|120,1304,,[],13,[2|206|150],[[2|206|150]],[1600]
130414,[66|2440|65|160],[[66|2440]|[65|160]],[[2|206|150]|[999|6|120]],[[999|6|120]],[1725],999|6|120,1304,,[],14,[2|206|150],[[2|206|150]],[1725]
130415,[66|2630|65|170],[[66|2630]|[65|170]],[[2|206|150]|[999|6|120]],[[999|6|120]],[1849],999|6|120,1304,,[],15,[2|206|150],[[2|206|150]],[1849]
140101,[65|30|66|110|1200115|25],[[65|30]|[66|110]|[1200115|25]],[[2|206|250]|[999|6|300]],[[999|6|300]],[169],999|6|300,1401,,[],1,[2|206|250],[[2|206|250]],[169]
140102,[65|60|66|220|1200115|50],[[65|60]|[66|220]|[1200115|50]],[[2|206|250]|[999|6|300]],[[999|6|300]],[338],999|6|300,1401,,[],2,[2|206|250],[[2|206|250]],[338]
140103,[65|90|66|330|1200115|75],[[65|90]|[66|330]|[1200115|75]],[[2|206|250]|[999|6|300]],[[999|6|300]],[507],999|6|300,1401,,[],3,[2|206|250],[[2|206|250]],[507]
140104,[65|120|66|440|1200115|100],[[65|120]|[66|440]|[1200115|100]],[[2|206|500]|[999|6|600]],[[999|6|600]],[676],999|6|600,1401,,[],4,[2|206|500],[[2|206|500]],[676]
140105,[65|150|66|550|1200115|125],[[65|150]|[66|550]|[1200115|125]],[[2|206|500]|[999|6|600]],[[999|6|600]],[845],999|6|600,1401,,[],5,[2|206|500],[[2|206|500]],[845]
140106,[65|180|66|660|1200115|150],[[65|180]|[66|660]|[1200115|150]],[[2|206|500]|[999|6|600]],[[999|6|600]],[1014],999|6|600,1401,,[],6,[2|206|500],[[2|206|500]],[1014]
140107,[65|210|66|770|1200115|175],[[65|210]|[66|770]|[1200115|175]],[[2|206|750]|[999|6|900]],[[999|6|900]],[1183],999|6|900,1401,,[],7,[2|206|750],[[2|206|750]],[1183]
140108,[65|240|66|880|1200115|200],[[65|240]|[66|880]|[1200115|200]],[[2|206|750]|[999|6|900]],[[999|6|900]],[1352],999|6|900,1401,,[],8,[2|206|750],[[2|206|750]],[1352]
140109,[65|270|66|990|1200115|225],[[65|270]|[66|990]|[1200115|225]],[[2|206|750]|[999|6|900]],[[999|6|900]],[1520],999|6|900,1401,,[],9,[2|206|750],[[2|206|750]],[1520]
140110,[65|385|66|1425|1200115|250],[[65|385]|[66|1425]|[1200115|250]],[[2|206|1000]|[999|6|1200]],[[999|6|1200]],[2174],999|6|1200,1401,,[],10,[2|206|1000],[[2|206|1000]],[2174]
140111,[65|430|66|1590|1200115|275],[[65|430]|[66|1590]|[1200115|275]],[[2|206|1000]|[999|6|1200]],[[999|6|1200]],[2427],999|6|1200,1401,,[],11,[2|206|1000],[[2|206|1000]],[2427]
140112,[65|475|66|1755|1200115|300],[[65|475]|[66|1755]|[1200115|300]],[[2|206|1000]|[999|6|1200]],[[999|6|1200]],[2680],999|6|1200,1401,,[],12,[2|206|1000],[[2|206|1000]],[2680]
140113,[65|520|66|1920|1200115|325],[[65|520]|[66|1920]|[1200115|325]],[[2|206|1250]|[999|6|1500]],[[999|6|1500]],[2934],999|6|1500,1401,,[],13,[2|206|1250],[[2|206|1250]],[2934]
140114,[65|565|66|2085|1200115|350],[[65|565]|[66|2085]|[1200115|350]],[[2|206|1250]|[999|6|1500]],[[999|6|1500]],[3187],999|6|1500,1401,,[],14,[2|206|1250],[[2|206|1250]],[3187]
140115,[65|610|66|2250|1200115|375],[[65|610]|[66|2250]|[1200115|375]],[[2|206|1250]|[999|6|1500]],[[999|6|1500]],[3440],999|6|1500,1401,,[],15,[2|206|1250],[[2|206|1250]],[3440]
140116,[65|655|66|2415|1200115|400],[[65|655]|[66|2415]|[1200115|400]],[[2|206|1250]|[999|6|1500]],[[999|6|1500]],[3694],999|6|1500,1401,,[],16,[2|206|1250],[[2|206|1250]],[3694]
140117,[65|700|66|2580|1200115|425],[[65|700]|[66|2580]|[1200115|425]],[[2|206|1250]|[999|6|1500]],[[999|6|1500]],[3947],999|6|1500,1401,,[],17,[2|206|1250],[[2|206|1250]],[3947]
140118,[65|745|66|2745|1200115|450],[[65|745]|[66|2745]|[1200115|450]],[[2|206|1250]|[999|6|1500]],[[999|6|1500]],[4200],999|6|1500,1401,,[],18,[2|206|1250],[[2|206|1250]],[4200]
140119,[65|790|66|2910|1200115|475],[[65|790]|[66|2910]|[1200115|475]],[[2|206|1250]|[999|6|1500]],[[999|6|1500]],[4454],999|6|1500,1401,,[],19,[2|206|1250],[[2|206|1250]],[4454]
140120,[65|960|66|3565|1200115|500],[[65|960]|[66|3565]|[1200115|500]],[[2|206|1250]|[999|6|1500]],[[999|6|1500]],[5425],999|6|1500,1401,,[],20,[2|206|1250],[[2|206|1250]],[5425]
140121,[65|1045|66|3895|1200115|525],[[65|1045]|[66|3895]|[1200115|525]],[[2|206|1500]|[999|6|1800]],[[999|6|1800]],[5912],999|6|1800,1401,,[],21,[2|206|1500],[[2|206|1500]],[5912]
140122,[65|1130|66|4225|1200115|550],[[65|1130]|[66|4225]|[1200115|550]],[[2|206|1500]|[999|6|1800]],[[999|6|1800]],[6398],999|6|1800,1401,,[],22,[2|206|1500],[[2|206|1500]],[6398]
140123,[65|1215|66|4555|1200115|575],[[65|1215]|[66|4555]|[1200115|575]],[[2|206|1500]|[999|6|1800]],[[999|6|1800]],[6885],999|6|1800,1401,,[],23,[2|206|1500],[[2|206|1500]],[6885]
140124,[65|1300|66|4885|1200115|600],[[65|1300]|[66|4885]|[1200115|600]],[[2|206|1500]|[999|6|1800]],[[999|6|1800]],[7372],999|6|1800,1401,,[],24,[2|206|1500],[[2|206|1500]],[7372]
140125,[65|1385|66|5215|1200115|625],[[65|1385]|[66|5215]|[1200115|625]],[[2|206|1500]|[999|6|1800]],[[999|6|1800]],[7858],999|6|1800,1401,,[],25,[2|206|1500],[[2|206|1500]],[7858]
140126,[65|1470|66|5545|1200115|650],[[65|1470]|[66|5545]|[1200115|650]],[[2|206|1500]|[999|6|1800]],[[999|6|1800]],[8345],999|6|1800,1401,,[],26,[2|206|1500],[[2|206|1500]],[8345]
140127,[65|1555|66|5875|1200115|675],[[65|1555]|[66|5875]|[1200115|675]],[[2|206|1500]|[999|6|1800]],[[999|6|1800]],[8832],999|6|1800,1401,,[],27,[2|206|1500],[[2|206|1500]],[8832]
140128,[65|1640|66|6205|1200115|700],[[65|1640]|[66|6205]|[1200115|700]],[[2|206|1500]|[999|6|1800]],[[999|6|1800]],[9318],999|6|1800,1401,,[],28,[2|206|1500],[[2|206|1500]],[9318]
140129,[65|1725|66|6535|1200115|725],[[65|1725]|[66|6535]|[1200115|725]],[[2|206|1500]|[999|6|1800]],[[999|6|1800]],[9805],999|6|1800,1401,,[],29,[2|206|1500],[[2|206|1500]],[9805]
140130,[65|2065|66|7840|1200115|750],[[65|2065]|[66|7840]|[1200115|750]],[[2|206|1500]|[999|6|1800]],[[999|6|1800]],[11745],999|6|1800,1401,,[],30,[2|206|1500],[[2|206|1500]],[11745]
140201,[66|255|65|15|1200116|25],[[66|255]|[65|15]|[1200116|25]],[[2|206|250]|[999|6|300]],[[999|6|300]],[174],999|6|300,1402,,[],1,[2|206|250],[[2|206|250]],[174]
140202,[66|510|65|30|1200116|50],[[66|510]|[65|30]|[1200116|50]],[[2|206|250]|[999|6|300]],[[999|6|300]],[347],999|6|300,1402,,[],2,[2|206|250],[[2|206|250]],[347]
140203,[66|765|65|45|1200116|75],[[66|765]|[65|45]|[1200116|75]],[[2|206|250]|[999|6|300]],[[999|6|300]],[520],999|6|300,1402,,[],3,[2|206|250],[[2|206|250]],[520]
140204,[66|1020|65|60|1200116|100],[[66|1020]|[65|60]|[1200116|100]],[[2|206|500]|[999|6|600]],[[999|6|600]],[694],999|6|600,1402,,[],4,[2|206|500],[[2|206|500]],[694]
140205,[66|1275|65|75|1200116|125],[[66|1275]|[65|75]|[1200116|125]],[[2|206|500]|[999|6|600]],[[999|6|600]],[867],999|6|600,1402,,[],5,[2|206|500],[[2|206|500]],[867]
140206,[66|1530|65|90|1200116|150],[[66|1530]|[65|90]|[1200116|150]],[[2|206|500]|[999|6|600]],[[999|6|600]],[1040],999|6|600,1402,,[],6,[2|206|500],[[2|206|500]],[1040]
140207,[66|1785|65|105|1200116|175],[[66|1785]|[65|105]|[1200116|175]],[[2|206|750]|[999|6|900]],[[999|6|900]],[1214],999|6|900,1402,,[],7,[2|206|750],[[2|206|750]],[1214]
140208,[66|2040|65|120|1200116|200],[[66|2040]|[65|120]|[1200116|200]],[[2|206|750]|[999|6|900]],[[999|6|900]],[1387],999|6|900,1402,,[],8,[2|206|750],[[2|206|750]],[1387]
140209,[66|2295|65|135|1200116|225],[[66|2295]|[65|135]|[1200116|225]],[[2|206|750]|[999|6|900]],[[999|6|900]],[1560],999|6|900,1402,,[],9,[2|206|750],[[2|206|750]],[1560]
140210,[66|3310|65|185|1200116|250],[[66|3310]|[65|185]|[1200116|250]],[[2|206|1000]|[999|6|1200]],[[999|6|1200]],[2212],999|6|1200,1402,,[],10,[2|206|1000],[[2|206|1000]],[2212]
140211,[66|3690|65|205|1200116|275],[[66|3690]|[65|205]|[1200116|275]],[[2|206|1000]|[999|6|1200]],[[999|6|1200]],[2460],999|6|1200,1402,,[],11,[2|206|1000],[[2|206|1000]],[2460]
140212,[66|4070|65|225|1200116|300],[[66|4070]|[65|225]|[1200116|300]],[[2|206|1000]|[999|6|1200]],[[999|6|1200]],[2709],999|6|1200,1402,,[],12,[2|206|1000],[[2|206|1000]],[2709]
140213,[66|4450|65|245|1200116|325],[[66|4450]|[65|245]|[1200116|325]],[[2|206|1250]|[999|6|1500]],[[999|6|1500]],[2958],999|6|1500,1402,,[],13,[2|206|1250],[[2|206|1250]],[2958]
140214,[66|4830|65|265|1200116|350],[[66|4830]|[65|265]|[1200116|350]],[[2|206|1250]|[999|6|1500]],[[999|6|1500]],[3207],999|6|1500,1402,,[],14,[2|206|1250],[[2|206|1250]],[3207]
140215,[66|5210|65|285|1200116|375],[[66|5210]|[65|285]|[1200116|375]],[[2|206|1250]|[999|6|1500]],[[999|6|1500]],[3456],999|6|1500,1402,,[],15,[2|206|1250],[[2|206|1250]],[3456]
140216,[66|5590|65|305|1200116|400],[[66|5590]|[65|305]|[1200116|400]],[[2|206|1250]|[999|6|1500]],[[999|6|1500]],[3705],999|6|1500,1402,,[],16,[2|206|1250],[[2|206|1250]],[3705]
140217,[66|5970|65|325|1200116|425],[[66|5970]|[65|325]|[1200116|425]],[[2|206|1250]|[999|6|1500]],[[999|6|1500]],[3954],999|6|1500,1402,,[],17,[2|206|1250],[[2|206|1250]],[3954]
140218,[66|6350|65|345|1200116|450],[[66|6350]|[65|345]|[1200116|450]],[[2|206|1250]|[999|6|1500]],[[999|6|1500]],[4203],999|6|1500,1402,,[],18,[2|206|1250],[[2|206|1250]],[4203]
140219,[66|6730|65|365|1200116|475],[[66|6730]|[65|365]|[1200116|475]],[[2|206|1250]|[999|6|1500]],[[999|6|1500]],[4452],999|6|1500,1402,,[],19,[2|206|1250],[[2|206|1250]],[4452]
140220,[66|8250|65|440|1200116|500],[[66|8250]|[65|440]|[1200116|500]],[[2|206|1250]|[999|6|1500]],[[999|6|1500]],[5427],999|6|1500,1402,,[],20,[2|206|1250],[[2|206|1250]],[5427]
140221,[66|9010|65|480|1200116|525],[[66|9010]|[65|480]|[1200116|525]],[[2|206|1500]|[999|6|1800]],[[999|6|1800]],[5925],999|6|1800,1402,,[],21,[2|206|1500],[[2|206|1500]],[5925]
140222,[66|9770|65|520|1200116|550],[[66|9770]|[65|520]|[1200116|550]],[[2|206|1500]|[999|6|1800]],[[999|6|1800]],[6423],999|6|1800,1402,,[],22,[2|206|1500],[[2|206|1500]],[6423]
140223,[66|10530|65|560|1200116|575],[[66|10530]|[65|560]|[1200116|575]],[[2|206|1500]|[999|6|1800]],[[999|6|1800]],[6920],999|6|1800,1402,,[],23,[2|206|1500],[[2|206|1500]],[6920]
140224,[66|11290|65|600|1200116|600],[[66|11290]|[65|600]|[1200116|600]],[[2|206|1500]|[999|6|1800]],[[999|6|1800]],[7418],999|6|1800,1402,,[],24,[2|206|1500],[[2|206|1500]],[7418]
140225,[66|12050|65|640|1200116|625],[[66|12050]|[65|640]|[1200116|625]],[[2|206|1500]|[999|6|1800]],[[999|6|1800]],[7916],999|6|1800,1402,,[],25,[2|206|1500],[[2|206|1500]],[7916]
140226,[66|12810|65|680|1200116|650],[[66|12810]|[65|680]|[1200116|650]],[[2|206|1500]|[999|6|1800]],[[999|6|1800]],[8414],999|6|1800,1402,,[],26,[2|206|1500],[[2|206|1500]],[8414]
140227,[66|13570|65|720|1200116|675],[[66|13570]|[65|720]|[1200116|675]],[[2|206|1500]|[999|6|1800]],[[999|6|1800]],[8912],999|6|1800,1402,,[],27,[2|206|1500],[[2|206|1500]],[8912]
140228,[66|14330|65|760|1200116|700],[[66|14330]|[65|760]|[1200116|700]],[[2|206|1500]|[999|6|1800]],[[999|6|1800]],[9409],999|6|1800,1402,,[],28,[2|206|1500],[[2|206|1500]],[9409]
140229,[66|15090|65|800|1200116|725],[[66|15090]|[65|800]|[1200116|725]],[[2|206|1500]|[999|6|1800]],[[999|6|1800]],[9907],999|6|1800,1402,,[],29,[2|206|1500],[[2|206|1500]],[9907]
140230,[66|18125|65|950|1200116|750],[[66|18125]|[65|950]|[1200116|750]],[[2|206|1500]|[999|6|1800]],[[999|6|1800]],[11856],999|6|1800,1402,,[],30,[2|206|1500],[[2|206|1500]],[11856]
140301,[65|30|66|110|1200115|25],[[65|30]|[66|110]|[1200115|25]],[[2|206|250]|[999|6|300]],[[999|6|300]],[169],999|6|300,1403,,[],1,[2|206|250],[[2|206|250]],[169]
140302,[65|60|66|220|1200115|50],[[65|60]|[66|220]|[1200115|50]],[[2|206|250]|[999|6|300]],[[999|6|300]],[338],999|6|300,1403,,[],2,[2|206|250],[[2|206|250]],[338]
140303,[65|90|66|330|1200115|75],[[65|90]|[66|330]|[1200115|75]],[[2|206|250]|[999|6|300]],[[999|6|300]],[507],999|6|300,1403,,[],3,[2|206|250],[[2|206|250]],[507]
140304,[65|120|66|440|1200115|100],[[65|120]|[66|440]|[1200115|100]],[[2|206|500]|[999|6|600]],[[999|6|600]],[676],999|6|600,1403,,[],4,[2|206|500],[[2|206|500]],[676]
140305,[65|150|66|550|1200115|125],[[65|150]|[66|550]|[1200115|125]],[[2|206|500]|[999|6|600]],[[999|6|600]],[845],999|6|600,1403,,[],5,[2|206|500],[[2|206|500]],[845]
140306,[65|180|66|660|1200115|150],[[65|180]|[66|660]|[1200115|150]],[[2|206|500]|[999|6|600]],[[999|6|600]],[1014],999|6|600,1403,,[],6,[2|206|500],[[2|206|500]],[1014]
140307,[65|210|66|770|1200115|175],[[65|210]|[66|770]|[1200115|175]],[[2|206|750]|[999|6|900]],[[999|6|900]],[1183],999|6|900,1403,,[],7,[2|206|750],[[2|206|750]],[1183]
140308,[65|240|66|880|1200115|200],[[65|240]|[66|880]|[1200115|200]],[[2|206|750]|[999|6|900]],[[999|6|900]],[1352],999|6|900,1403,,[],8,[2|206|750],[[2|206|750]],[1352]
140309,[65|270|66|990|1200115|225],[[65|270]|[66|990]|[1200115|225]],[[2|206|750]|[999|6|900]],[[999|6|900]],[1520],999|6|900,1403,,[],9,[2|206|750],[[2|206|750]],[1520]
140310,[65|385|66|1425|1200115|250],[[65|385]|[66|1425]|[1200115|250]],[[2|206|1000]|[999|6|1200]],[[999|6|1200]],[2174],999|6|1200,1403,,[],10,[2|206|1000],[[2|206|1000]],[2174]
140311,[65|430|66|1590|1200115|275],[[65|430]|[66|1590]|[1200115|275]],[[2|206|1000]|[999|6|1200]],[[999|6|1200]],[2427],999|6|1200,1403,,[],11,[2|206|1000],[[2|206|1000]],[2427]
140312,[65|475|66|1755|1200115|300],[[65|475]|[66|1755]|[1200115|300]],[[2|206|1000]|[999|6|1200]],[[999|6|1200]],[2680],999|6|1200,1403,,[],12,[2|206|1000],[[2|206|1000]],[2680]
140313,[65|520|66|1920|1200115|325],[[65|520]|[66|1920]|[1200115|325]],[[2|206|1250]|[999|6|1500]],[[999|6|1500]],[2934],999|6|1500,1403,,[],13,[2|206|1250],[[2|206|1250]],[2934]
140314,[65|565|66|2085|1200115|350],[[65|565]|[66|2085]|[1200115|350]],[[2|206|1250]|[999|6|1500]],[[999|6|1500]],[3187],999|6|1500,1403,,[],14,[2|206|1250],[[2|206|1250]],[3187]
140315,[65|610|66|2250|1200115|375],[[65|610]|[66|2250]|[1200115|375]],[[2|206|1250]|[999|6|1500]],[[999|6|1500]],[3440],999|6|1500,1403,,[],15,[2|206|1250],[[2|206|1250]],[3440]
140316,[65|655|66|2415|1200115|400],[[65|655]|[66|2415]|[1200115|400]],[[2|206|1250]|[999|6|1500]],[[999|6|1500]],[3694],999|6|1500,1403,,[],16,[2|206|1250],[[2|206|1250]],[3694]
140317,[65|700|66|2580|1200115|425],[[65|700]|[66|2580]|[1200115|425]],[[2|206|1250]|[999|6|1500]],[[999|6|1500]],[3947],999|6|1500,1403,,[],17,[2|206|1250],[[2|206|1250]],[3947]
140318,[65|745|66|2745|1200115|450],[[65|745]|[66|2745]|[1200115|450]],[[2|206|1250]|[999|6|1500]],[[999|6|1500]],[4200],999|6|1500,1403,,[],18,[2|206|1250],[[2|206|1250]],[4200]
140319,[65|790|66|2910|1200115|475],[[65|790]|[66|2910]|[1200115|475]],[[2|206|1250]|[999|6|1500]],[[999|6|1500]],[4454],999|6|1500,1403,,[],19,[2|206|1250],[[2|206|1250]],[4454]
140320,[65|960|66|3565|1200115|500],[[65|960]|[66|3565]|[1200115|500]],[[2|206|1250]|[999|6|1500]],[[999|6|1500]],[5425],999|6|1500,1403,,[],20,[2|206|1250],[[2|206|1250]],[5425]
140321,[65|1045|66|3895|1200115|525],[[65|1045]|[66|3895]|[1200115|525]],[[2|206|1500]|[999|6|1800]],[[999|6|1800]],[5912],999|6|1800,1403,,[],21,[2|206|1500],[[2|206|1500]],[5912]
140322,[65|1130|66|4225|1200115|550],[[65|1130]|[66|4225]|[1200115|550]],[[2|206|1500]|[999|6|1800]],[[999|6|1800]],[6398],999|6|1800,1403,,[],22,[2|206|1500],[[2|206|1500]],[6398]
140323,[65|1215|66|4555|1200115|575],[[65|1215]|[66|4555]|[1200115|575]],[[2|206|1500]|[999|6|1800]],[[999|6|1800]],[6885],999|6|1800,1403,,[],23,[2|206|1500],[[2|206|1500]],[6885]
140324,[65|1300|66|4885|1200115|600],[[65|1300]|[66|4885]|[1200115|600]],[[2|206|1500]|[999|6|1800]],[[999|6|1800]],[7372],999|6|1800,1403,,[],24,[2|206|1500],[[2|206|1500]],[7372]
140325,[65|1385|66|5215|1200115|625],[[65|1385]|[66|5215]|[1200115|625]],[[2|206|1500]|[999|6|1800]],[[999|6|1800]],[7858],999|6|1800,1403,,[],25,[2|206|1500],[[2|206|1500]],[7858]
140326,[65|1470|66|5545|1200115|650],[[65|1470]|[66|5545]|[1200115|650]],[[2|206|1500]|[999|6|1800]],[[999|6|1800]],[8345],999|6|1800,1403,,[],26,[2|206|1500],[[2|206|1500]],[8345]
140327,[65|1555|66|5875|1200115|675],[[65|1555]|[66|5875]|[1200115|675]],[[2|206|1500]|[999|6|1800]],[[999|6|1800]],[8832],999|6|1800,1403,,[],27,[2|206|1500],[[2|206|1500]],[8832]
140328,[65|1640|66|6205|1200115|700],[[65|1640]|[66|6205]|[1200115|700]],[[2|206|1500]|[999|6|1800]],[[999|6|1800]],[9318],999|6|1800,1403,,[],28,[2|206|1500],[[2|206|1500]],[9318]
140329,[65|1725|66|6535|1200115|725],[[65|1725]|[66|6535]|[1200115|725]],[[2|206|1500]|[999|6|1800]],[[999|6|1800]],[9805],999|6|1800,1403,,[],29,[2|206|1500],[[2|206|1500]],[9805]
140330,[65|2065|66|7840|1200115|750],[[65|2065]|[66|7840]|[1200115|750]],[[2|206|1500]|[999|6|1800]],[[999|6|1800]],[11745],999|6|1800,1403,,[],30,[2|206|1500],[[2|206|1500]],[11745]
140401,[66|255|65|15|1200116|25],[[66|255]|[65|15]|[1200116|25]],[[2|206|250]|[999|6|300]],[[999|6|300]],[174],999|6|300,1404,,[],1,[2|206|250],[[2|206|250]],[174]
140402,[66|510|65|30|1200116|50],[[66|510]|[65|30]|[1200116|50]],[[2|206|250]|[999|6|300]],[[999|6|300]],[347],999|6|300,1404,,[],2,[2|206|250],[[2|206|250]],[347]
140403,[66|765|65|45|1200116|75],[[66|765]|[65|45]|[1200116|75]],[[2|206|250]|[999|6|300]],[[999|6|300]],[520],999|6|300,1404,,[],3,[2|206|250],[[2|206|250]],[520]
140404,[66|1020|65|60|1200116|100],[[66|1020]|[65|60]|[1200116|100]],[[2|206|500]|[999|6|600]],[[999|6|600]],[694],999|6|600,1404,,[],4,[2|206|500],[[2|206|500]],[694]
140405,[66|1275|65|75|1200116|125],[[66|1275]|[65|75]|[1200116|125]],[[2|206|500]|[999|6|600]],[[999|6|600]],[867],999|6|600,1404,,[],5,[2|206|500],[[2|206|500]],[867]
140406,[66|1530|65|90|1200116|150],[[66|1530]|[65|90]|[1200116|150]],[[2|206|500]|[999|6|600]],[[999|6|600]],[1040],999|6|600,1404,,[],6,[2|206|500],[[2|206|500]],[1040]
140407,[66|1785|65|105|1200116|175],[[66|1785]|[65|105]|[1200116|175]],[[2|206|750]|[999|6|900]],[[999|6|900]],[1214],999|6|900,1404,,[],7,[2|206|750],[[2|206|750]],[1214]
140408,[66|2040|65|120|1200116|200],[[66|2040]|[65|120]|[1200116|200]],[[2|206|750]|[999|6|900]],[[999|6|900]],[1387],999|6|900,1404,,[],8,[2|206|750],[[2|206|750]],[1387]
140409,[66|2295|65|135|1200116|225],[[66|2295]|[65|135]|[1200116|225]],[[2|206|750]|[999|6|900]],[[999|6|900]],[1560],999|6|900,1404,,[],9,[2|206|750],[[2|206|750]],[1560]
140410,[66|3310|65|185|1200116|250],[[66|3310]|[65|185]|[1200116|250]],[[2|206|1000]|[999|6|1200]],[[999|6|1200]],[2212],999|6|1200,1404,,[],10,[2|206|1000],[[2|206|1000]],[2212]
140411,[66|3690|65|205|1200116|275],[[66|3690]|[65|205]|[1200116|275]],[[2|206|1000]|[999|6|1200]],[[999|6|1200]],[2460],999|6|1200,1404,,[],11,[2|206|1000],[[2|206|1000]],[2460]
140412,[66|4070|65|225|1200116|300],[[66|4070]|[65|225]|[1200116|300]],[[2|206|1000]|[999|6|1200]],[[999|6|1200]],[2709],999|6|1200,1404,,[],12,[2|206|1000],[[2|206|1000]],[2709]
140413,[66|4450|65|245|1200116|325],[[66|4450]|[65|245]|[1200116|325]],[[2|206|1250]|[999|6|1500]],[[999|6|1500]],[2958],999|6|1500,1404,,[],13,[2|206|1250],[[2|206|1250]],[2958]
140414,[66|4830|65|265|1200116|350],[[66|4830]|[65|265]|[1200116|350]],[[2|206|1250]|[999|6|1500]],[[999|6|1500]],[3207],999|6|1500,1404,,[],14,[2|206|1250],[[2|206|1250]],[3207]
140415,[66|5210|65|285|1200116|375],[[66|5210]|[65|285]|[1200116|375]],[[2|206|1250]|[999|6|1500]],[[999|6|1500]],[3456],999|6|1500,1404,,[],15,[2|206|1250],[[2|206|1250]],[3456]
140416,[66|5590|65|305|1200116|400],[[66|5590]|[65|305]|[1200116|400]],[[2|206|1250]|[999|6|1500]],[[999|6|1500]],[3705],999|6|1500,1404,,[],16,[2|206|1250],[[2|206|1250]],[3705]
140417,[66|5970|65|325|1200116|425],[[66|5970]|[65|325]|[1200116|425]],[[2|206|1250]|[999|6|1500]],[[999|6|1500]],[3954],999|6|1500,1404,,[],17,[2|206|1250],[[2|206|1250]],[3954]
140418,[66|6350|65|345|1200116|450],[[66|6350]|[65|345]|[1200116|450]],[[2|206|1250]|[999|6|1500]],[[999|6|1500]],[4203],999|6|1500,1404,,[],18,[2|206|1250],[[2|206|1250]],[4203]
140419,[66|6730|65|365|1200116|475],[[66|6730]|[65|365]|[1200116|475]],[[2|206|1250]|[999|6|1500]],[[999|6|1500]],[4452],999|6|1500,1404,,[],19,[2|206|1250],[[2|206|1250]],[4452]
140420,[66|8250|65|440|1200116|500],[[66|8250]|[65|440]|[1200116|500]],[[2|206|1250]|[999|6|1500]],[[999|6|1500]],[5427],999|6|1500,1404,,[],20,[2|206|1250],[[2|206|1250]],[5427]
140421,[66|9010|65|480|1200116|525],[[66|9010]|[65|480]|[1200116|525]],[[2|206|1500]|[999|6|1800]],[[999|6|1800]],[5925],999|6|1800,1404,,[],21,[2|206|1500],[[2|206|1500]],[5925]
140422,[66|9770|65|520|1200116|550],[[66|9770]|[65|520]|[1200116|550]],[[2|206|1500]|[999|6|1800]],[[999|6|1800]],[6423],999|6|1800,1404,,[],22,[2|206|1500],[[2|206|1500]],[6423]
140423,[66|10530|65|560|1200116|575],[[66|10530]|[65|560]|[1200116|575]],[[2|206|1500]|[999|6|1800]],[[999|6|1800]],[6920],999|6|1800,1404,,[],23,[2|206|1500],[[2|206|1500]],[6920]
140424,[66|11290|65|600|1200116|600],[[66|11290]|[65|600]|[1200116|600]],[[2|206|1500]|[999|6|1800]],[[999|6|1800]],[7418],999|6|1800,1404,,[],24,[2|206|1500],[[2|206|1500]],[7418]
140425,[66|12050|65|640|1200116|625],[[66|12050]|[65|640]|[1200116|625]],[[2|206|1500]|[999|6|1800]],[[999|6|1800]],[7916],999|6|1800,1404,,[],25,[2|206|1500],[[2|206|1500]],[7916]
140426,[66|12810|65|680|1200116|650],[[66|12810]|[65|680]|[1200116|650]],[[2|206|1500]|[999|6|1800]],[[999|6|1800]],[8414],999|6|1800,1404,,[],26,[2|206|1500],[[2|206|1500]],[8414]
140427,[66|13570|65|720|1200116|675],[[66|13570]|[65|720]|[1200116|675]],[[2|206|1500]|[999|6|1800]],[[999|6|1800]],[8912],999|6|1800,1404,,[],27,[2|206|1500],[[2|206|1500]],[8912]
140428,[66|14330|65|760|1200116|700],[[66|14330]|[65|760]|[1200116|700]],[[2|206|1500]|[999|6|1800]],[[999|6|1800]],[9409],999|6|1800,1404,,[],28,[2|206|1500],[[2|206|1500]],[9409]
140429,[66|15090|65|800|1200116|725],[[66|15090]|[65|800]|[1200116|725]],[[2|206|1500]|[999|6|1800]],[[999|6|1800]],[9907],999|6|1800,1404,,[],29,[2|206|1500],[[2|206|1500]],[9907]
140430,[66|18125|65|950|1200116|750],[[66|18125]|[65|950]|[1200116|750]],[[2|206|1500]|[999|6|1800]],[[999|6|1800]],[11856],999|6|1800,1404,,[],30,[2|206|1500],[[2|206|1500]],[11856]
150101,[65|70|66|265|165|100|8|15],[[65|70]|[66|265]|[165|100]|[8|15]],[[2|206|1500]|[999|6|7200]],[[999|6|7200]],[398],999|6|7200,1501,,[],1,[2|206|1500],[[2|206|1500]],[398]
150102,[65|140|66|530|165|200|8|30],[[65|140]|[66|530]|[165|200]|[8|30]],[[2|206|1500]|[999|6|7200]],[[999|6|7200]],[796],999|6|7200,1501,,[],2,[2|206|1500],[[2|206|1500]],[796]
150103,[65|210|66|795|165|300|8|45],[[65|210]|[66|795]|[165|300]|[8|45]],[[2|206|1500]|[999|6|7200]],[[999|6|7200]],[1194],999|6|7200,1501,,[],3,[2|206|1500],[[2|206|1500]],[1194]
150104,[65|280|66|1060|165|400|8|60],[[65|280]|[66|1060]|[165|400]|[8|60]],[[2|206|1500]|[999|6|7200]],[[999|6|7200]],[1592],999|6|7200,1501,,[],4,[2|206|1500],[[2|206|1500]],[1592]
150105,[65|350|66|1325|165|500|8|75],[[65|350]|[66|1325]|[165|500]|[8|75]],[[2|206|2250]|[999|6|10800]],[[999|6|10800]],[1989],999|6|10800,1501,,[],5,[2|206|2250],[[2|206|2250]],[1989]
150106,[65|420|66|1590|165|600|8|90],[[65|420]|[66|1590]|[165|600]|[8|90]],[[2|206|2250]|[999|6|10800]],[[999|6|10800]],[2387],999|6|10800,1501,,[],6,[2|206|2250],[[2|206|2250]],[2387]
150107,[65|490|66|1855|165|700|8|105],[[65|490]|[66|1855]|[165|700]|[8|105]],[[2|206|2250]|[999|6|10800]],[[999|6|10800]],[2785],999|6|10800,1501,,[],7,[2|206|2250],[[2|206|2250]],[2785]
150108,[65|560|66|2120|165|800|8|120],[[65|560]|[66|2120]|[165|800]|[8|120]],[[2|206|2250]|[999|6|10800]],[[999|6|10800]],[3183],999|6|10800,1501,,[],8,[2|206|2250],[[2|206|2250]],[3183]
150109,[65|630|66|2385|165|900|8|135],[[65|630]|[66|2385]|[165|900]|[8|135]],[[2|206|3000]|[999|6|14400]],[[999|6|14400]],[3580],999|6|14400,1501,,[],9,[2|206|3000],[[2|206|3000]],[3580]
150110,[65|905|66|3430|165|1000|8|150],[[65|905]|[66|3430]|[165|1000]|[8|150]],[[2|206|3000]|[999|6|14400]],[[999|6|14400]],[5145],999|6|14400,1501,,[],10,[2|206|3000],[[2|206|3000]],[5145]
150111,[65|1010|66|3825|165|1100|8|165],[[65|1010]|[66|3825]|[165|1100]|[8|165]],[[2|206|3000]|[999|6|14400]],[[999|6|14400]],[5740],999|6|14400,1501,,[],11,[2|206|3000],[[2|206|3000]],[5740]
150112,[65|1115|66|4220|165|1200|8|180],[[65|1115]|[66|4220]|[165|1200]|[8|180]],[[2|206|3000]|[999|6|14400]],[[999|6|14400]],[6336],999|6|14400,1501,,[],12,[2|206|3000],[[2|206|3000]],[6336]
150113,[65|1220|66|4615|165|1300|8|195],[[65|1220]|[66|4615]|[165|1300]|[8|195]],[[2|206|3750]|[999|6|18000]],[[999|6|18000]],[6932],999|6|18000,1501,,[],13,[2|206|3750],[[2|206|3750]],[6932]
150114,[65|1325|66|5010|165|1400|8|210],[[65|1325]|[66|5010]|[165|1400]|[8|210]],[[2|206|3750]|[999|6|18000]],[[999|6|18000]],[7527],999|6|18000,1501,,[],14,[2|206|3750],[[2|206|3750]],[7527]
150115,[65|1430|66|5405|165|1500|8|225],[[65|1430]|[66|5405]|[165|1500]|[8|225]],[[2|206|3750]|[999|6|18000]],[[999|6|18000]],[8123],999|6|18000,1501,,[],15,[2|206|3750],[[2|206|3750]],[8123]
150116,[65|1535|66|5800|165|1600|8|240],[[65|1535]|[66|5800]|[165|1600]|[8|240]],[[2|206|3750]|[999|6|18000]],[[999|6|18000]],[8718],999|6|18000,1501,,[],16,[2|206|3750],[[2|206|3750]],[8718]
150117,[65|1640|66|6195|165|1700|8|255],[[65|1640]|[66|6195]|[165|1700]|[8|255]],[[2|206|4500]|[999|6|21600]],[[999|6|21600]],[9314],999|6|21600,1501,,[],17,[2|206|4500],[[2|206|4500]],[9314]
150118,[65|1745|66|6590|165|1800|8|270],[[65|1745]|[66|6590]|[165|1800]|[8|270]],[[2|206|4500]|[999|6|21600]],[[999|6|21600]],[9909],999|6|21600,1501,,[],18,[2|206|4500],[[2|206|4500]],[9909]
150119,[65|1850|66|6985|165|1900|8|285],[[65|1850]|[66|6985]|[165|1900]|[8|285]],[[2|206|4500]|[999|6|21600]],[[999|6|21600]],[10505],999|6|21600,1501,,[],19,[2|206|4500],[[2|206|4500]],[10505]
150120,[65|2260|66|8550|165|2000|8|300],[[65|2260]|[66|8550]|[165|2000]|[8|300]],[[2|206|4500]|[999|6|21600]],[[999|6|21600]],[12840],999|6|21600,1501,,[],20,[2|206|4500],[[2|206|4500]],[12840]
150121,[65|2465|66|9335|165|2100|8|315],[[65|2465]|[66|9335]|[165|2100]|[8|315]],[[2|206|5250]|[999|6|25200]],[[999|6|25200]],[14009],999|6|25200,1501,,[],21,[2|206|5250],[[2|206|5250]],[14009]
150122,[65|2670|66|10120|165|2200|8|330],[[65|2670]|[66|10120]|[165|2200]|[8|330]],[[2|206|5250]|[999|6|25200]],[[999|6|25200]],[15178],999|6|25200,1501,,[],22,[2|206|5250],[[2|206|5250]],[15178]
150123,[65|2875|66|10905|165|2300|8|345],[[65|2875]|[66|10905]|[165|2300]|[8|345]],[[2|206|5250]|[999|6|25200]],[[999|6|25200]],[16347],999|6|25200,1501,,[],23,[2|206|5250],[[2|206|5250]],[16347]
150124,[65|3080|66|11690|165|2400|8|360],[[65|3080]|[66|11690]|[165|2400]|[8|360]],[[2|206|5250]|[999|6|25200]],[[999|6|25200]],[17516],999|6|25200,1501,,[],24,[2|206|5250],[[2|206|5250]],[17516]
150125,[65|3285|66|12475|165|2500|8|375],[[65|3285]|[66|12475]|[165|2500]|[8|375]],[[2|206|6000]|[999|6|28800]],[[999|6|28800]],[18685],999|6|28800,1501,,[],25,[2|206|6000],[[2|206|6000]],[18685]
150126,[65|3490|66|13260|165|2600|8|390],[[65|3490]|[66|13260]|[165|2600]|[8|390]],[[2|206|6000]|[999|6|28800]],[[999|6|28800]],[19854],999|6|28800,1501,,[],26,[2|206|6000],[[2|206|6000]],[19854]
150127,[65|3695|66|14045|165|2700|8|405],[[65|3695]|[66|14045]|[165|2700]|[8|405]],[[2|206|6000]|[999|6|28800]],[[999|6|28800]],[21023],999|6|28800,1501,,[],27,[2|206|6000],[[2|206|6000]],[21023]
150128,[65|3900|66|14830|165|2800|8|420],[[65|3900]|[66|14830]|[165|2800]|[8|420]],[[2|206|6000]|[999|6|28800]],[[999|6|28800]],[22192],999|6|28800,1501,,[],28,[2|206|6000],[[2|206|6000]],[22192]
150129,[65|4105|66|15615|165|2900|8|435],[[65|4105]|[66|15615]|[165|2900]|[8|435]],[[2|206|6750]|[999|6|32400]],[[999|6|32400]],[23360],999|6|32400,1501,,[],29,[2|206|6750],[[2|206|6750]],[23360]
150130,[65|4920|66|18740|165|3000|8|450],[[65|4920]|[66|18740]|[165|3000]|[8|450]],[[2|206|6750]|[999|6|32400]],[[999|6|32400]],[28009],999|6|32400,1501,,[],30,[2|206|6750],[[2|206|6750]],[28009]
150131,[65|5260|66|20045|165|3100|8|465],[[65|5260]|[66|20045]|[165|3100]|[8|465]],[[2|206|6750]|[999|6|32400]],[[999|6|32400]],[29949],999|6|32400,1501,,[],31,[2|206|6750],[[2|206|6750]],[29949]
150132,[65|5600|66|21350|165|3200|8|480],[[65|5600]|[66|21350]|[165|3200]|[8|480]],[[2|206|6750]|[999|6|32400]],[[999|6|32400]],[31889],999|6|32400,1501,,[],32,[2|206|6750],[[2|206|6750]],[31889]
150133,[65|5940|66|22655|165|3300|8|495],[[65|5940]|[66|22655]|[165|3300]|[8|495]],[[2|206|7500]|[999|6|36000]],[[999|6|36000]],[33829],999|6|36000,1501,,[],33,[2|206|7500],[[2|206|7500]],[33829]
150134,[65|6280|66|23960|165|3400|8|510],[[65|6280]|[66|23960]|[165|3400]|[8|510]],[[2|206|7500]|[999|6|36000]],[[999|6|36000]],[35769],999|6|36000,1501,,[],34,[2|206|7500],[[2|206|7500]],[35769]
150135,[65|6620|66|25265|165|3500|8|525],[[65|6620]|[66|25265]|[165|3500]|[8|525]],[[2|206|7500]|[999|6|36000]],[[999|6|36000]],[37709],999|6|36000,1501,,[],35,[2|206|7500],[[2|206|7500]],[37709]
150136,[65|6960|66|26570|165|3600|8|540],[[65|6960]|[66|26570]|[165|3600]|[8|540]],[[2|206|7500]|[999|6|36000]],[[999|6|36000]],[39649],999|6|36000,1501,,[],36,[2|206|7500],[[2|206|7500]],[39649]
150137,[65|7300|66|27875|165|3700|8|555],[[65|7300]|[66|27875]|[165|3700]|[8|555]],[[2|206|8250]|[999|6|39600]],[[999|6|39600]],[41589],999|6|39600,1501,,[],37,[2|206|8250],[[2|206|8250]],[41589]
150138,[65|7640|66|29180|165|3800|8|570],[[65|7640]|[66|29180]|[165|3800]|[8|570]],[[2|206|8250]|[999|6|39600]],[[999|6|39600]],[43529],999|6|39600,1501,,[],38,[2|206|8250],[[2|206|8250]],[43529]
150139,[65|7980|66|30485|165|3900|8|585],[[65|7980]|[66|30485]|[165|3900]|[8|585]],[[2|206|8250]|[999|6|39600]],[[999|6|39600]],[45469],999|6|39600,1501,,[],39,[2|206|8250],[[2|206|8250]],[45469]
150140,[65|9340|66|35690|165|4000|8|600],[[65|9340]|[66|35690]|[165|4000]|[8|600]],[[2|206|8250]|[999|6|39600]],[[999|6|39600]],[53223],999|6|39600,1501,,[],40,[2|206|8250],[[2|206|8250]],[53223]
150201,[66|610|65|30|166|100|16|15],[[66|610]|[65|30]|[166|100]|[16|15]],[[2|206|1500]|[999|6|7200]],[[999|6|7200]],[392],999|6|7200,1502,,[],1,[2|206|1500],[[2|206|1500]],[392]
150202,[66|1220|65|60|166|200|16|30],[[66|1220]|[65|60]|[166|200]|[16|30]],[[2|206|1500]|[999|6|7200]],[[999|6|7200]],[783],999|6|7200,1502,,[],2,[2|206|1500],[[2|206|1500]],[783]
150203,[66|1830|65|90|166|300|16|45],[[66|1830]|[65|90]|[166|300]|[16|45]],[[2|206|1500]|[999|6|7200]],[[999|6|7200]],[1174],999|6|7200,1502,,[],3,[2|206|1500],[[2|206|1500]],[1174]
150204,[66|2440|65|120|166|400|16|60],[[66|2440]|[65|120]|[166|400]|[16|60]],[[2|206|1500]|[999|6|7200]],[[999|6|7200]],[1565],999|6|7200,1502,,[],4,[2|206|1500],[[2|206|1500]],[1565]
150205,[66|3050|65|150|166|500|16|75],[[66|3050]|[65|150]|[166|500]|[16|75]],[[2|206|2250]|[999|6|10800]],[[999|6|10800]],[1956],999|6|10800,1502,,[],5,[2|206|2250],[[2|206|2250]],[1956]
150206,[66|3660|65|180|166|600|16|90],[[66|3660]|[65|180]|[166|600]|[16|90]],[[2|206|2250]|[999|6|10800]],[[999|6|10800]],[2347],999|6|10800,1502,,[],6,[2|206|2250],[[2|206|2250]],[2347]
150207,[66|4270|65|210|166|700|16|105],[[66|4270]|[65|210]|[166|700]|[16|105]],[[2|206|2250]|[999|6|10800]],[[999|6|10800]],[2738],999|6|10800,1502,,[],7,[2|206|2250],[[2|206|2250]],[2738]
150208,[66|4880|65|240|166|800|16|120],[[66|4880]|[65|240]|[166|800]|[16|120]],[[2|206|2250]|[999|6|10800]],[[999|6|10800]],[3129],999|6|10800,1502,,[],8,[2|206|2250],[[2|206|2250]],[3129]
150209,[66|5490|65|270|166|900|16|135],[[66|5490]|[65|270]|[166|900]|[16|135]],[[2|206|3000]|[999|6|14400]],[[999|6|14400]],[3520],999|6|14400,1502,,[],9,[2|206|3000],[[2|206|3000]],[3520]
150210,[66|7920|65|390|166|1000|16|150],[[66|7920]|[65|390]|[166|1000]|[16|150]],[[2|206|3000]|[999|6|14400]],[[999|6|14400]],[5080],999|6|14400,1502,,[],10,[2|206|3000],[[2|206|3000]],[5080]
150211,[66|8830|65|435|166|1100|16|165],[[66|8830]|[65|435]|[166|1100]|[16|165]],[[2|206|3000]|[999|6|14400]],[[999|6|14400]],[5665],999|6|14400,1502,,[],11,[2|206|3000],[[2|206|3000]],[5665]
150212,[66|9740|65|480|166|1200|16|180],[[66|9740]|[65|480]|[166|1200]|[16|180]],[[2|206|3000]|[999|6|14400]],[[999|6|14400]],[6249],999|6|14400,1502,,[],12,[2|206|3000],[[2|206|3000]],[6249]
150213,[66|10650|65|525|166|1300|16|195],[[66|10650]|[65|525]|[166|1300]|[16|195]],[[2|206|3750]|[999|6|18000]],[[999|6|18000]],[6834],999|6|18000,1502,,[],13,[2|206|3750],[[2|206|3750]],[6834]
150214,[66|11560|65|570|166|1400|16|210],[[66|11560]|[65|570]|[166|1400]|[16|210]],[[2|206|3750]|[999|6|18000]],[[999|6|18000]],[7418],999|6|18000,1502,,[],14,[2|206|3750],[[2|206|3750]],[7418]
150215,[66|12470|65|615|166|1500|16|225],[[66|12470]|[65|615]|[166|1500]|[16|225]],[[2|206|3750]|[999|6|18000]],[[999|6|18000]],[8003],999|6|18000,1502,,[],15,[2|206|3750],[[2|206|3750]],[8003]
150216,[66|13380|65|660|166|1600|16|240],[[66|13380]|[65|660]|[166|1600]|[16|240]],[[2|206|3750]|[999|6|18000]],[[999|6|18000]],[8587],999|6|18000,1502,,[],16,[2|206|3750],[[2|206|3750]],[8587]
150217,[66|14290|65|705|166|1700|16|255],[[66|14290]|[65|705]|[166|1700]|[16|255]],[[2|206|4500]|[999|6|21600]],[[999|6|21600]],[9172],999|6|21600,1502,,[],17,[2|206|4500],[[2|206|4500]],[9172]
150218,[66|15200|65|750|166|1800|16|270],[[66|15200]|[65|750]|[166|1800]|[16|270]],[[2|206|4500]|[999|6|21600]],[[999|6|21600]],[9756],999|6|21600,1502,,[],18,[2|206|4500],[[2|206|4500]],[9756]
150219,[66|16110|65|795|166|1900|16|285],[[66|16110]|[65|795]|[166|1900]|[16|285]],[[2|206|4500]|[999|6|21600]],[[999|6|21600]],[10340],999|6|21600,1502,,[],19,[2|206|4500],[[2|206|4500]],[10340]
150220,[66|19750|65|970|166|2000|16|300],[[66|19750]|[65|970]|[166|2000]|[16|300]],[[2|206|4500]|[999|6|21600]],[[999|6|21600]],[12658],999|6|21600,1502,,[],20,[2|206|4500],[[2|206|4500]],[12658]
150221,[66|21570|65|1060|166|2100|16|315],[[66|21570]|[65|1060]|[166|2100]|[16|315]],[[2|206|5250]|[999|6|25200]],[[999|6|25200]],[13827],999|6|25200,1502,,[],21,[2|206|5250],[[2|206|5250]],[13827]
150222,[66|23390|65|1150|166|2200|16|330],[[66|23390]|[65|1150]|[166|2200]|[16|330]],[[2|206|5250]|[999|6|25200]],[[999|6|25200]],[14996],999|6|25200,1502,,[],22,[2|206|5250],[[2|206|5250]],[14996]
150223,[66|25210|65|1240|166|2300|16|345],[[66|25210]|[65|1240]|[166|2300]|[16|345]],[[2|206|5250]|[999|6|25200]],[[999|6|25200]],[16165],999|6|25200,1502,,[],23,[2|206|5250],[[2|206|5250]],[16165]
150224,[66|27030|65|1330|166|2400|16|360],[[66|27030]|[65|1330]|[166|2400]|[16|360]],[[2|206|5250]|[999|6|25200]],[[999|6|25200]],[17334],999|6|25200,1502,,[],24,[2|206|5250],[[2|206|5250]],[17334]
150225,[66|28850|65|1420|166|2500|16|375],[[66|28850]|[65|1420]|[166|2500]|[16|375]],[[2|206|6000]|[999|6|28800]],[[999|6|28800]],[18503],999|6|28800,1502,,[],25,[2|206|6000],[[2|206|6000]],[18503]
150226,[66|30670|65|1510|166|2600|16|390],[[66|30670]|[65|1510]|[166|2600]|[16|390]],[[2|206|6000]|[999|6|28800]],[[999|6|28800]],[19672],999|6|28800,1502,,[],26,[2|206|6000],[[2|206|6000]],[19672]
150227,[66|32490|65|1600|166|2700|16|405],[[66|32490]|[65|1600]|[166|2700]|[16|405]],[[2|206|6000]|[999|6|28800]],[[999|6|28800]],[20840],999|6|28800,1502,,[],27,[2|206|6000],[[2|206|6000]],[20840]
150228,[66|34310|65|1690|166|2800|16|420],[[66|34310]|[65|1690]|[166|2800]|[16|420]],[[2|206|6000]|[999|6|28800]],[[999|6|28800]],[22009],999|6|28800,1502,,[],28,[2|206|6000],[[2|206|6000]],[22009]
150229,[66|36130|65|1780|166|2900|16|435],[[66|36130]|[65|1780]|[166|2900]|[16|435]],[[2|206|6750]|[999|6|32400]],[[999|6|32400]],[23178],999|6|32400,1502,,[],29,[2|206|6750],[[2|206|6750]],[23178]
150230,[66|43410|65|2130|166|3000|16|450],[[66|43410]|[65|2130]|[166|3000]|[16|450]],[[2|206|6750]|[999|6|32400]],[[999|6|32400]],[27814],999|6|32400,1502,,[],30,[2|206|6750],[[2|206|6750]],[27814]
150231,[66|46445|65|2280|166|3100|16|465],[[66|46445]|[65|2280]|[166|3100]|[16|465]],[[2|206|6750]|[999|6|32400]],[[999|6|32400]],[29763],999|6|32400,1502,,[],31,[2|206|6750],[[2|206|6750]],[29763]
150232,[66|49480|65|2430|166|3200|16|480],[[66|49480]|[65|2430]|[166|3200]|[16|480]],[[2|206|6750]|[999|6|32400]],[[999|6|32400]],[31712],999|6|32400,1502,,[],32,[2|206|6750],[[2|206|6750]],[31712]
150233,[66|52515|65|2580|166|3300|16|495],[[66|52515]|[65|2580]|[166|3300]|[16|495]],[[2|206|7500]|[999|6|36000]],[[999|6|36000]],[33660],999|6|36000,1502,,[],33,[2|206|7500],[[2|206|7500]],[33660]
150234,[66|55550|65|2730|166|3400|16|510],[[66|55550]|[65|2730]|[166|3400]|[16|510]],[[2|206|7500]|[999|6|36000]],[[999|6|36000]],[35609],999|6|36000,1502,,[],34,[2|206|7500],[[2|206|7500]],[35609]
150235,[66|58585|65|2880|166|3500|16|525],[[66|58585]|[65|2880]|[166|3500]|[16|525]],[[2|206|7500]|[999|6|36000]],[[999|6|36000]],[37558],999|6|36000,1502,,[],35,[2|206|7500],[[2|206|7500]],[37558]
150236,[66|61620|65|3030|166|3600|16|540],[[66|61620]|[65|3030]|[166|3600]|[16|540]],[[2|206|7500]|[999|6|36000]],[[999|6|36000]],[39507],999|6|36000,1502,,[],36,[2|206|7500],[[2|206|7500]],[39507]
150237,[66|64655|65|3180|166|3700|16|555],[[66|64655]|[65|3180]|[166|3700]|[16|555]],[[2|206|8250]|[999|6|39600]],[[999|6|39600]],[41456],999|6|39600,1502,,[],37,[2|206|8250],[[2|206|8250]],[41456]
150238,[66|67690|65|3330|166|3800|16|570],[[66|67690]|[65|3330]|[166|3800]|[16|570]],[[2|206|8250]|[999|6|39600]],[[999|6|39600]],[43405],999|6|39600,1502,,[],38,[2|206|8250],[[2|206|8250]],[43405]
150239,[66|70725|65|3480|166|3900|16|585],[[66|70725]|[65|3480]|[166|3900]|[16|585]],[[2|206|8250]|[999|6|39600]],[[999|6|39600]],[45354],999|6|39600,1502,,[],39,[2|206|8250],[[2|206|8250]],[45354]
150240,[66|82855|65|4065|166|4000|16|600],[[66|82855]|[65|4065]|[166|4000]|[16|600]],[[2|206|8250]|[999|6|39600]],[[999|6|39600]],[53085],999|6|39600,1502,,[],40,[2|206|8250],[[2|206|8250]],[53085]
150301,[65|70|66|265|165|100|10|15],[[65|70]|[66|265]|[165|100]|[10|15]],[[2|206|1500]|[999|6|7200]],[[999|6|7200]],[398],999|6|7200,1503,,[],1,[2|206|1500],[[2|206|1500]],[398]
150302,[65|140|66|530|165|200|10|30],[[65|140]|[66|530]|[165|200]|[10|30]],[[2|206|1500]|[999|6|7200]],[[999|6|7200]],[796],999|6|7200,1503,,[],2,[2|206|1500],[[2|206|1500]],[796]
150303,[65|210|66|795|165|300|10|45],[[65|210]|[66|795]|[165|300]|[10|45]],[[2|206|1500]|[999|6|7200]],[[999|6|7200]],[1194],999|6|7200,1503,,[],3,[2|206|1500],[[2|206|1500]],[1194]
150304,[65|280|66|1060|165|400|10|60],[[65|280]|[66|1060]|[165|400]|[10|60]],[[2|206|1500]|[999|6|7200]],[[999|6|7200]],[1592],999|6|7200,1503,,[],4,[2|206|1500],[[2|206|1500]],[1592]
150305,[65|350|66|1325|165|500|10|75],[[65|350]|[66|1325]|[165|500]|[10|75]],[[2|206|2250]|[999|6|10800]],[[999|6|10800]],[1989],999|6|10800,1503,,[],5,[2|206|2250],[[2|206|2250]],[1989]
150306,[65|420|66|1590|165|600|10|90],[[65|420]|[66|1590]|[165|600]|[10|90]],[[2|206|2250]|[999|6|10800]],[[999|6|10800]],[2387],999|6|10800,1503,,[],6,[2|206|2250],[[2|206|2250]],[2387]
150307,[65|490|66|1855|165|700|10|105],[[65|490]|[66|1855]|[165|700]|[10|105]],[[2|206|2250]|[999|6|10800]],[[999|6|10800]],[2785],999|6|10800,1503,,[],7,[2|206|2250],[[2|206|2250]],[2785]
150308,[65|560|66|2120|165|800|10|120],[[65|560]|[66|2120]|[165|800]|[10|120]],[[2|206|2250]|[999|6|10800]],[[999|6|10800]],[3183],999|6|10800,1503,,[],8,[2|206|2250],[[2|206|2250]],[3183]
150309,[65|630|66|2385|165|900|10|135],[[65|630]|[66|2385]|[165|900]|[10|135]],[[2|206|3000]|[999|6|14400]],[[999|6|14400]],[3580],999|6|14400,1503,,[],9,[2|206|3000],[[2|206|3000]],[3580]
150310,[65|905|66|3430|165|1000|10|150],[[65|905]|[66|3430]|[165|1000]|[10|150]],[[2|206|3000]|[999|6|14400]],[[999|6|14400]],[5145],999|6|14400,1503,,[],10,[2|206|3000],[[2|206|3000]],[5145]
150311,[65|1010|66|3825|165|1100|10|165],[[65|1010]|[66|3825]|[165|1100]|[10|165]],[[2|206|3000]|[999|6|14400]],[[999|6|14400]],[5740],999|6|14400,1503,,[],11,[2|206|3000],[[2|206|3000]],[5740]
150312,[65|1115|66|4220|165|1200|10|180],[[65|1115]|[66|4220]|[165|1200]|[10|180]],[[2|206|3000]|[999|6|14400]],[[999|6|14400]],[6336],999|6|14400,1503,,[],12,[2|206|3000],[[2|206|3000]],[6336]
150313,[65|1220|66|4615|165|1300|10|195],[[65|1220]|[66|4615]|[165|1300]|[10|195]],[[2|206|3750]|[999|6|18000]],[[999|6|18000]],[6932],999|6|18000,1503,,[],13,[2|206|3750],[[2|206|3750]],[6932]
150314,[65|1325|66|5010|165|1400|10|210],[[65|1325]|[66|5010]|[165|1400]|[10|210]],[[2|206|3750]|[999|6|18000]],[[999|6|18000]],[7527],999|6|18000,1503,,[],14,[2|206|3750],[[2|206|3750]],[7527]
150315,[65|1430|66|5405|165|1500|10|225],[[65|1430]|[66|5405]|[165|1500]|[10|225]],[[2|206|3750]|[999|6|18000]],[[999|6|18000]],[8123],999|6|18000,1503,,[],15,[2|206|3750],[[2|206|3750]],[8123]
150316,[65|1535|66|5800|165|1600|10|240],[[65|1535]|[66|5800]|[165|1600]|[10|240]],[[2|206|3750]|[999|6|18000]],[[999|6|18000]],[8718],999|6|18000,1503,,[],16,[2|206|3750],[[2|206|3750]],[8718]
150317,[65|1640|66|6195|165|1700|10|255],[[65|1640]|[66|6195]|[165|1700]|[10|255]],[[2|206|4500]|[999|6|21600]],[[999|6|21600]],[9314],999|6|21600,1503,,[],17,[2|206|4500],[[2|206|4500]],[9314]
150318,[65|1745|66|6590|165|1800|10|270],[[65|1745]|[66|6590]|[165|1800]|[10|270]],[[2|206|4500]|[999|6|21600]],[[999|6|21600]],[9909],999|6|21600,1503,,[],18,[2|206|4500],[[2|206|4500]],[9909]
150319,[65|1850|66|6985|165|1900|10|285],[[65|1850]|[66|6985]|[165|1900]|[10|285]],[[2|206|4500]|[999|6|21600]],[[999|6|21600]],[10505],999|6|21600,1503,,[],19,[2|206|4500],[[2|206|4500]],[10505]
150320,[65|2260|66|8550|165|2000|10|300],[[65|2260]|[66|8550]|[165|2000]|[10|300]],[[2|206|4500]|[999|6|21600]],[[999|6|21600]],[12840],999|6|21600,1503,,[],20,[2|206|4500],[[2|206|4500]],[12840]
150321,[65|2465|66|9335|165|2100|10|315],[[65|2465]|[66|9335]|[165|2100]|[10|315]],[[2|206|5250]|[999|6|25200]],[[999|6|25200]],[14009],999|6|25200,1503,,[],21,[2|206|5250],[[2|206|5250]],[14009]
150322,[65|2670|66|10120|165|2200|10|330],[[65|2670]|[66|10120]|[165|2200]|[10|330]],[[2|206|5250]|[999|6|25200]],[[999|6|25200]],[15178],999|6|25200,1503,,[],22,[2|206|5250],[[2|206|5250]],[15178]
150323,[65|2875|66|10905|165|2300|10|345],[[65|2875]|[66|10905]|[165|2300]|[10|345]],[[2|206|5250]|[999|6|25200]],[[999|6|25200]],[16347],999|6|25200,1503,,[],23,[2|206|5250],[[2|206|5250]],[16347]
150324,[65|3080|66|11690|165|2400|10|360],[[65|3080]|[66|11690]|[165|2400]|[10|360]],[[2|206|5250]|[999|6|25200]],[[999|6|25200]],[17516],999|6|25200,1503,,[],24,[2|206|5250],[[2|206|5250]],[17516]
150325,[65|3285|66|12475|165|2500|10|375],[[65|3285]|[66|12475]|[165|2500]|[10|375]],[[2|206|6000]|[999|6|28800]],[[999|6|28800]],[18685],999|6|28800,1503,,[],25,[2|206|6000],[[2|206|6000]],[18685]
150326,[65|3490|66|13260|165|2600|10|390],[[65|3490]|[66|13260]|[165|2600]|[10|390]],[[2|206|6000]|[999|6|28800]],[[999|6|28800]],[19854],999|6|28800,1503,,[],26,[2|206|6000],[[2|206|6000]],[19854]
150327,[65|3695|66|14045|165|2700|10|405],[[65|3695]|[66|14045]|[165|2700]|[10|405]],[[2|206|6000]|[999|6|28800]],[[999|6|28800]],[21023],999|6|28800,1503,,[],27,[2|206|6000],[[2|206|6000]],[21023]
150328,[65|3900|66|14830|165|2800|10|420],[[65|3900]|[66|14830]|[165|2800]|[10|420]],[[2|206|6000]|[999|6|28800]],[[999|6|28800]],[22192],999|6|28800,1503,,[],28,[2|206|6000],[[2|206|6000]],[22192]
150329,[65|4105|66|15615|165|2900|10|435],[[65|4105]|[66|15615]|[165|2900]|[10|435]],[[2|206|6750]|[999|6|32400]],[[999|6|32400]],[23360],999|6|32400,1503,,[],29,[2|206|6750],[[2|206|6750]],[23360]
150330,[65|4920|66|18740|165|3000|10|450],[[65|4920]|[66|18740]|[165|3000]|[10|450]],[[2|206|6750]|[999|6|32400]],[[999|6|32400]],[28009],999|6|32400,1503,,[],30,[2|206|6750],[[2|206|6750]],[28009]
150331,[65|5260|66|20045|165|3100|10|465],[[65|5260]|[66|20045]|[165|3100]|[10|465]],[[2|206|6750]|[999|6|32400]],[[999|6|32400]],[29949],999|6|32400,1503,,[],31,[2|206|6750],[[2|206|6750]],[29949]
150332,[65|5600|66|21350|165|3200|10|480],[[65|5600]|[66|21350]|[165|3200]|[10|480]],[[2|206|6750]|[999|6|32400]],[[999|6|32400]],[31889],999|6|32400,1503,,[],32,[2|206|6750],[[2|206|6750]],[31889]
150333,[65|5940|66|22655|165|3300|10|495],[[65|5940]|[66|22655]|[165|3300]|[10|495]],[[2|206|7500]|[999|6|36000]],[[999|6|36000]],[33829],999|6|36000,1503,,[],33,[2|206|7500],[[2|206|7500]],[33829]
150334,[65|6280|66|23960|165|3400|10|510],[[65|6280]|[66|23960]|[165|3400]|[10|510]],[[2|206|7500]|[999|6|36000]],[[999|6|36000]],[35769],999|6|36000,1503,,[],34,[2|206|7500],[[2|206|7500]],[35769]
150335,[65|6620|66|25265|165|3500|10|525],[[65|6620]|[66|25265]|[165|3500]|[10|525]],[[2|206|7500]|[999|6|36000]],[[999|6|36000]],[37709],999|6|36000,1503,,[],35,[2|206|7500],[[2|206|7500]],[37709]
150336,[65|6960|66|26570|165|3600|10|540],[[65|6960]|[66|26570]|[165|3600]|[10|540]],[[2|206|7500]|[999|6|36000]],[[999|6|36000]],[39649],999|6|36000,1503,,[],36,[2|206|7500],[[2|206|7500]],[39649]
150337,[65|7300|66|27875|165|3700|10|555],[[65|7300]|[66|27875]|[165|3700]|[10|555]],[[2|206|8250]|[999|6|39600]],[[999|6|39600]],[41589],999|6|39600,1503,,[],37,[2|206|8250],[[2|206|8250]],[41589]
150338,[65|7640|66|29180|165|3800|10|570],[[65|7640]|[66|29180]|[165|3800]|[10|570]],[[2|206|8250]|[999|6|39600]],[[999|6|39600]],[43529],999|6|39600,1503,,[],38,[2|206|8250],[[2|206|8250]],[43529]
150339,[65|7980|66|30485|165|3900|10|585],[[65|7980]|[66|30485]|[165|3900]|[10|585]],[[2|206|8250]|[999|6|39600]],[[999|6|39600]],[45469],999|6|39600,1503,,[],39,[2|206|8250],[[2|206|8250]],[45469]
150340,[65|9340|66|35690|165|4000|10|600],[[65|9340]|[66|35690]|[165|4000]|[10|600]],[[2|206|8250]|[999|6|39600]],[[999|6|39600]],[53223],999|6|39600,1503,,[],40,[2|206|8250],[[2|206|8250]],[53223]
150401,[66|610|65|30|166|100|26|15],[[66|610]|[65|30]|[166|100]|[26|15]],[[2|206|1500]|[999|6|7200]],[[999|6|7200]],[392],999|6|7200,1504,,[],1,[2|206|1500],[[2|206|1500]],[392]
150402,[66|1220|65|60|166|200|26|30],[[66|1220]|[65|60]|[166|200]|[26|30]],[[2|206|1500]|[999|6|7200]],[[999|6|7200]],[783],999|6|7200,1504,,[],2,[2|206|1500],[[2|206|1500]],[783]
150403,[66|1830|65|90|166|300|26|45],[[66|1830]|[65|90]|[166|300]|[26|45]],[[2|206|1500]|[999|6|7200]],[[999|6|7200]],[1174],999|6|7200,1504,,[],3,[2|206|1500],[[2|206|1500]],[1174]
150404,[66|2440|65|120|166|400|26|60],[[66|2440]|[65|120]|[166|400]|[26|60]],[[2|206|1500]|[999|6|7200]],[[999|6|7200]],[1565],999|6|7200,1504,,[],4,[2|206|1500],[[2|206|1500]],[1565]
150405,[66|3050|65|150|166|500|26|75],[[66|3050]|[65|150]|[166|500]|[26|75]],[[2|206|2250]|[999|6|10800]],[[999|6|10800]],[1956],999|6|10800,1504,,[],5,[2|206|2250],[[2|206|2250]],[1956]
150406,[66|3660|65|180|166|600|26|90],[[66|3660]|[65|180]|[166|600]|[26|90]],[[2|206|2250]|[999|6|10800]],[[999|6|10800]],[2347],999|6|10800,1504,,[],6,[2|206|2250],[[2|206|2250]],[2347]
150407,[66|4270|65|210|166|700|26|105],[[66|4270]|[65|210]|[166|700]|[26|105]],[[2|206|2250]|[999|6|10800]],[[999|6|10800]],[2738],999|6|10800,1504,,[],7,[2|206|2250],[[2|206|2250]],[2738]
150408,[66|4880|65|240|166|800|26|120],[[66|4880]|[65|240]|[166|800]|[26|120]],[[2|206|2250]|[999|6|10800]],[[999|6|10800]],[3129],999|6|10800,1504,,[],8,[2|206|2250],[[2|206|2250]],[3129]
150409,[66|5490|65|270|166|900|26|135],[[66|5490]|[65|270]|[166|900]|[26|135]],[[2|206|3000]|[999|6|14400]],[[999|6|14400]],[3520],999|6|14400,1504,,[],9,[2|206|3000],[[2|206|3000]],[3520]
150410,[66|7920|65|390|166|1000|26|150],[[66|7920]|[65|390]|[166|1000]|[26|150]],[[2|206|3000]|[999|6|14400]],[[999|6|14400]],[5080],999|6|14400,1504,,[],10,[2|206|3000],[[2|206|3000]],[5080]
150411,[66|8830|65|435|166|1100|26|165],[[66|8830]|[65|435]|[166|1100]|[26|165]],[[2|206|3000]|[999|6|14400]],[[999|6|14400]],[5665],999|6|14400,1504,,[],11,[2|206|3000],[[2|206|3000]],[5665]
150412,[66|9740|65|480|166|1200|26|180],[[66|9740]|[65|480]|[166|1200]|[26|180]],[[2|206|3000]|[999|6|14400]],[[999|6|14400]],[6249],999|6|14400,1504,,[],12,[2|206|3000],[[2|206|3000]],[6249]
150413,[66|10650|65|525|166|1300|26|195],[[66|10650]|[65|525]|[166|1300]|[26|195]],[[2|206|3750]|[999|6|18000]],[[999|6|18000]],[6834],999|6|18000,1504,,[],13,[2|206|3750],[[2|206|3750]],[6834]
150414,[66|11560|65|570|166|1400|26|210],[[66|11560]|[65|570]|[166|1400]|[26|210]],[[2|206|3750]|[999|6|18000]],[[999|6|18000]],[7418],999|6|18000,1504,,[],14,[2|206|3750],[[2|206|3750]],[7418]
150415,[66|12470|65|615|166|1500|26|225],[[66|12470]|[65|615]|[166|1500]|[26|225]],[[2|206|3750]|[999|6|18000]],[[999|6|18000]],[8003],999|6|18000,1504,,[],15,[2|206|3750],[[2|206|3750]],[8003]
150416,[66|13380|65|660|166|1600|26|240],[[66|13380]|[65|660]|[166|1600]|[26|240]],[[2|206|3750]|[999|6|18000]],[[999|6|18000]],[8587],999|6|18000,1504,,[],16,[2|206|3750],[[2|206|3750]],[8587]
150417,[66|14290|65|705|166|1700|26|255],[[66|14290]|[65|705]|[166|1700]|[26|255]],[[2|206|4500]|[999|6|21600]],[[999|6|21600]],[9172],999|6|21600,1504,,[],17,[2|206|4500],[[2|206|4500]],[9172]
150418,[66|15200|65|750|166|1800|26|270],[[66|15200]|[65|750]|[166|1800]|[26|270]],[[2|206|4500]|[999|6|21600]],[[999|6|21600]],[9756],999|6|21600,1504,,[],18,[2|206|4500],[[2|206|4500]],[9756]
150419,[66|16110|65|795|166|1900|26|285],[[66|16110]|[65|795]|[166|1900]|[26|285]],[[2|206|4500]|[999|6|21600]],[[999|6|21600]],[10340],999|6|21600,1504,,[],19,[2|206|4500],[[2|206|4500]],[10340]
150420,[66|19750|65|970|166|2000|26|300],[[66|19750]|[65|970]|[166|2000]|[26|300]],[[2|206|4500]|[999|6|21600]],[[999|6|21600]],[12658],999|6|21600,1504,,[],20,[2|206|4500],[[2|206|4500]],[12658]
150421,[66|21570|65|1060|166|2100|26|315],[[66|21570]|[65|1060]|[166|2100]|[26|315]],[[2|206|5250]|[999|6|25200]],[[999|6|25200]],[13827],999|6|25200,1504,,[],21,[2|206|5250],[[2|206|5250]],[13827]
150422,[66|23390|65|1150|166|2200|26|330],[[66|23390]|[65|1150]|[166|2200]|[26|330]],[[2|206|5250]|[999|6|25200]],[[999|6|25200]],[14996],999|6|25200,1504,,[],22,[2|206|5250],[[2|206|5250]],[14996]
150423,[66|25210|65|1240|166|2300|26|345],[[66|25210]|[65|1240]|[166|2300]|[26|345]],[[2|206|5250]|[999|6|25200]],[[999|6|25200]],[16165],999|6|25200,1504,,[],23,[2|206|5250],[[2|206|5250]],[16165]
150424,[66|27030|65|1330|166|2400|26|360],[[66|27030]|[65|1330]|[166|2400]|[26|360]],[[2|206|5250]|[999|6|25200]],[[999|6|25200]],[17334],999|6|25200,1504,,[],24,[2|206|5250],[[2|206|5250]],[17334]
150425,[66|28850|65|1420|166|2500|26|375],[[66|28850]|[65|1420]|[166|2500]|[26|375]],[[2|206|6000]|[999|6|28800]],[[999|6|28800]],[18503],999|6|28800,1504,,[],25,[2|206|6000],[[2|206|6000]],[18503]
150426,[66|30670|65|1510|166|2600|26|390],[[66|30670]|[65|1510]|[166|2600]|[26|390]],[[2|206|6000]|[999|6|28800]],[[999|6|28800]],[19672],999|6|28800,1504,,[],26,[2|206|6000],[[2|206|6000]],[19672]
150427,[66|32490|65|1600|166|2700|26|405],[[66|32490]|[65|1600]|[166|2700]|[26|405]],[[2|206|6000]|[999|6|28800]],[[999|6|28800]],[20840],999|6|28800,1504,,[],27,[2|206|6000],[[2|206|6000]],[20840]
150428,[66|34310|65|1690|166|2800|26|420],[[66|34310]|[65|1690]|[166|2800]|[26|420]],[[2|206|6000]|[999|6|28800]],[[999|6|28800]],[22009],999|6|28800,1504,,[],28,[2|206|6000],[[2|206|6000]],[22009]
150429,[66|36130|65|1780|166|2900|26|435],[[66|36130]|[65|1780]|[166|2900]|[26|435]],[[2|206|6750]|[999|6|32400]],[[999|6|32400]],[23178],999|6|32400,1504,,[],29,[2|206|6750],[[2|206|6750]],[23178]
150430,[66|43410|65|2130|166|3000|26|450],[[66|43410]|[65|2130]|[166|3000]|[26|450]],[[2|206|6750]|[999|6|32400]],[[999|6|32400]],[27814],999|6|32400,1504,,[],30,[2|206|6750],[[2|206|6750]],[27814]
150431,[66|46445|65|2280|166|3100|26|465],[[66|46445]|[65|2280]|[166|3100]|[26|465]],[[2|206|6750]|[999|6|32400]],[[999|6|32400]],[29763],999|6|32400,1504,,[],31,[2|206|6750],[[2|206|6750]],[29763]
150432,[66|49480|65|2430|166|3200|26|480],[[66|49480]|[65|2430]|[166|3200]|[26|480]],[[2|206|6750]|[999|6|32400]],[[999|6|32400]],[31712],999|6|32400,1504,,[],32,[2|206|6750],[[2|206|6750]],[31712]
150433,[66|52515|65|2580|166|3300|26|495],[[66|52515]|[65|2580]|[166|3300]|[26|495]],[[2|206|7500]|[999|6|36000]],[[999|6|36000]],[33660],999|6|36000,1504,,[],33,[2|206|7500],[[2|206|7500]],[33660]
150434,[66|55550|65|2730|166|3400|26|510],[[66|55550]|[65|2730]|[166|3400]|[26|510]],[[2|206|7500]|[999|6|36000]],[[999|6|36000]],[35609],999|6|36000,1504,,[],34,[2|206|7500],[[2|206|7500]],[35609]
150435,[66|58585|65|2880|166|3500|26|525],[[66|58585]|[65|2880]|[166|3500]|[26|525]],[[2|206|7500]|[999|6|36000]],[[999|6|36000]],[37558],999|6|36000,1504,,[],35,[2|206|7500],[[2|206|7500]],[37558]
150436,[66|61620|65|3030|166|3600|26|540],[[66|61620]|[65|3030]|[166|3600]|[26|540]],[[2|206|7500]|[999|6|36000]],[[999|6|36000]],[39507],999|6|36000,1504,,[],36,[2|206|7500],[[2|206|7500]],[39507]
150437,[66|64655|65|3180|166|3700|26|555],[[66|64655]|[65|3180]|[166|3700]|[26|555]],[[2|206|8250]|[999|6|39600]],[[999|6|39600]],[41456],999|6|39600,1504,,[],37,[2|206|8250],[[2|206|8250]],[41456]
150438,[66|67690|65|3330|166|3800|26|570],[[66|67690]|[65|3330]|[166|3800]|[26|570]],[[2|206|8250]|[999|6|39600]],[[999|6|39600]],[43405],999|6|39600,1504,,[],38,[2|206|8250],[[2|206|8250]],[43405]
150439,[66|70725|65|3480|166|3900|26|585],[[66|70725]|[65|3480]|[166|3900]|[26|585]],[[2|206|8250]|[999|6|39600]],[[999|6|39600]],[45354],999|6|39600,1504,,[],39,[2|206|8250],[[2|206|8250]],[45354]
150440,[66|82855|65|4065|166|4000|26|600],[[66|82855]|[65|4065]|[166|4000]|[26|600]],[[2|206|8250]|[999|6|39600]],[[999|6|39600]],[53085],999|6|39600,1504,,[],40,[2|206|8250],[[2|206|8250]],[53085]
151101,[65|85|66|265|165|100|8|15],[[65|85]|[66|265]|[165|100]|[8|15]],[[2|206|1500]|[999|6|7200]],[[999|6|7200]],[477],999|6|7200,1511,,[],1,[2|206|1500],[[2|206|1500]],[477]
151102,[65|170|66|530|165|200|8|30],[[65|170]|[66|530]|[165|200]|[8|30]],[[2|206|1500]|[999|6|7200]],[[999|6|7200]],[955],999|6|7200,1511,,[],2,[2|206|1500],[[2|206|1500]],[955]
151103,[65|255|66|795|165|300|8|45],[[65|255]|[66|795]|[165|300]|[8|45]],[[2|206|1500]|[999|6|7200]],[[999|6|7200]],[1432],999|6|7200,1511,,[],3,[2|206|1500],[[2|206|1500]],[1432]
151104,[65|340|66|1060|165|400|8|60],[[65|340]|[66|1060]|[165|400]|[8|60]],[[2|206|1500]|[999|6|7200]],[[999|6|7200]],[1910],999|6|7200,1511,,[],4,[2|206|1500],[[2|206|1500]],[1910]
151105,[65|420|66|1325|165|500|8|75],[[65|420]|[66|1325]|[165|500]|[8|75]],[[2|206|2250]|[999|6|10800]],[[999|6|10800]],[2386],999|6|10800,1511,,[],5,[2|206|2250],[[2|206|2250]],[2386]
151106,[65|505|66|1590|165|600|8|90],[[65|505]|[66|1590]|[165|600]|[8|90]],[[2|206|2250]|[999|6|10800]],[[999|6|10800]],[2864],999|6|10800,1511,,[],6,[2|206|2250],[[2|206|2250]],[2864]
151107,[65|590|66|1855|165|700|8|105],[[65|590]|[66|1855]|[165|700]|[8|105]],[[2|206|2250]|[999|6|10800]],[[999|6|10800]],[3342],999|6|10800,1511,,[],7,[2|206|2250],[[2|206|2250]],[3342]
151108,[65|675|66|2120|165|800|8|120],[[65|675]|[66|2120]|[165|800]|[8|120]],[[2|206|2250]|[999|6|10800]],[[999|6|10800]],[3819],999|6|10800,1511,,[],8,[2|206|2250],[[2|206|2250]],[3819]
151109,[65|760|66|2385|165|900|8|135],[[65|760]|[66|2385]|[165|900]|[8|135]],[[2|206|3000]|[999|6|14400]],[[999|6|14400]],[4296],999|6|14400,1511,,[],9,[2|206|3000],[[2|206|3000]],[4296]
151110,[65|1090|66|3430|165|1000|8|150],[[65|1090]|[66|3430]|[165|1000]|[8|150]],[[2|206|3000]|[999|6|14400]],[[999|6|14400]],[6174],999|6|14400,1511,,[],10,[2|206|3000],[[2|206|3000]],[6174]
151111,[65|1215|66|3825|165|1100|8|165],[[65|1215]|[66|3825]|[165|1100]|[8|165]],[[2|206|3000]|[999|6|14400]],[[999|6|14400]],[6888],999|6|14400,1511,,[],11,[2|206|3000],[[2|206|3000]],[6888]
151112,[65|1340|66|4220|165|1200|8|180],[[65|1340]|[66|4220]|[165|1200]|[8|180]],[[2|206|3000]|[999|6|14400]],[[999|6|14400]],[7603],999|6|14400,1511,,[],12,[2|206|3000],[[2|206|3000]],[7603]
151113,[65|1465|66|4615|165|1300|8|195],[[65|1465]|[66|4615]|[165|1300]|[8|195]],[[2|206|3750]|[999|6|18000]],[[999|6|18000]],[8318],999|6|18000,1511,,[],13,[2|206|3750],[[2|206|3750]],[8318]
151114,[65|1590|66|5010|165|1400|8|210],[[65|1590]|[66|5010]|[165|1400]|[8|210]],[[2|206|3750]|[999|6|18000]],[[999|6|18000]],[9032],999|6|18000,1511,,[],14,[2|206|3750],[[2|206|3750]],[9032]
151115,[65|1720|66|5405|165|1500|8|225],[[65|1720]|[66|5405]|[165|1500]|[8|225]],[[2|206|3750]|[999|6|18000]],[[999|6|18000]],[9747],999|6|18000,1511,,[],15,[2|206|3750],[[2|206|3750]],[9747]
151116,[65|1845|66|5800|165|1600|8|240],[[65|1845]|[66|5800]|[165|1600]|[8|240]],[[2|206|3750]|[999|6|18000]],[[999|6|18000]],[10461],999|6|18000,1511,,[],16,[2|206|3750],[[2|206|3750]],[10461]
151117,[65|1970|66|6195|165|1700|8|255],[[65|1970]|[66|6195]|[165|1700]|[8|255]],[[2|206|4500]|[999|6|21600]],[[999|6|21600]],[11176],999|6|21600,1511,,[],17,[2|206|4500],[[2|206|4500]],[11176]
151118,[65|2095|66|6590|165|1800|8|270],[[65|2095]|[66|6590]|[165|1800]|[8|270]],[[2|206|4500]|[999|6|21600]],[[999|6|21600]],[11890],999|6|21600,1511,,[],18,[2|206|4500],[[2|206|4500]],[11890]
151119,[65|2220|66|6985|165|1900|8|285],[[65|2220]|[66|6985]|[165|1900]|[8|285]],[[2|206|4500]|[999|6|21600]],[[999|6|21600]],[12606],999|6|21600,1511,,[],19,[2|206|4500],[[2|206|4500]],[12606]
151120,[65|2715|66|8550|165|2000|8|300],[[65|2715]|[66|8550]|[165|2000]|[8|300]],[[2|206|4500]|[999|6|21600]],[[999|6|21600]],[15408],999|6|21600,1511,,[],20,[2|206|4500],[[2|206|4500]],[15408]
151121,[65|2960|66|9335|165|2100|8|315],[[65|2960]|[66|9335]|[165|2100]|[8|315]],[[2|206|5250]|[999|6|25200]],[[999|6|25200]],[16810],999|6|25200,1511,,[],21,[2|206|5250],[[2|206|5250]],[16810]
151122,[65|3205|66|10120|165|2200|8|330],[[65|3205]|[66|10120]|[165|2200]|[8|330]],[[2|206|5250]|[999|6|25200]],[[999|6|25200]],[18213],999|6|25200,1511,,[],22,[2|206|5250],[[2|206|5250]],[18213]
151123,[65|3450|66|10905|165|2300|8|345],[[65|3450]|[66|10905]|[165|2300]|[8|345]],[[2|206|5250]|[999|6|25200]],[[999|6|25200]],[19616],999|6|25200,1511,,[],23,[2|206|5250],[[2|206|5250]],[19616]
151124,[65|3700|66|11690|165|2400|8|360],[[65|3700]|[66|11690]|[165|2400]|[8|360]],[[2|206|5250]|[999|6|25200]],[[999|6|25200]],[21019],999|6|25200,1511,,[],24,[2|206|5250],[[2|206|5250]],[21019]
151125,[65|3945|66|12475|165|2500|8|375],[[65|3945]|[66|12475]|[165|2500]|[8|375]],[[2|206|6000]|[999|6|28800]],[[999|6|28800]],[22422],999|6|28800,1511,,[],25,[2|206|6000],[[2|206|6000]],[22422]
151126,[65|4190|66|13260|165|2600|8|390],[[65|4190]|[66|13260]|[165|2600]|[8|390]],[[2|206|6000]|[999|6|28800]],[[999|6|28800]],[23824],999|6|28800,1511,,[],26,[2|206|6000],[[2|206|6000]],[23824]
151127,[65|4435|66|14045|165|2700|8|405],[[65|4435]|[66|14045]|[165|2700]|[8|405]],[[2|206|6000]|[999|6|28800]],[[999|6|28800]],[25227],999|6|28800,1511,,[],27,[2|206|6000],[[2|206|6000]],[25227]
151128,[65|4680|66|14830|165|2800|8|420],[[65|4680]|[66|14830]|[165|2800]|[8|420]],[[2|206|6000]|[999|6|28800]],[[999|6|28800]],[26630],999|6|28800,1511,,[],28,[2|206|6000],[[2|206|6000]],[26630]
151129,[65|4930|66|15615|165|2900|8|435],[[65|4930]|[66|15615]|[165|2900]|[8|435]],[[2|206|6750]|[999|6|32400]],[[999|6|32400]],[28032],999|6|32400,1511,,[],29,[2|206|6750],[[2|206|6750]],[28032]
151130,[65|5905|66|18740|165|3000|8|450],[[65|5905]|[66|18740]|[165|3000]|[8|450]],[[2|206|6750]|[999|6|32400]],[[999|6|32400]],[33610],999|6|32400,1511,,[],30,[2|206|6750],[[2|206|6750]],[33610]
151131,[65|6315|66|20045|165|3100|8|465],[[65|6315]|[66|20045]|[165|3100]|[8|465]],[[2|206|6750]|[999|6|32400]],[[999|6|32400]],[35938],999|6|32400,1511,,[],31,[2|206|6750],[[2|206|6750]],[35938]
151132,[65|6720|66|21350|165|3200|8|480],[[65|6720]|[66|21350]|[165|3200]|[8|480]],[[2|206|6750]|[999|6|32400]],[[999|6|32400]],[38266],999|6|32400,1511,,[],32,[2|206|6750],[[2|206|6750]],[38266]
151133,[65|7130|66|22655|165|3300|8|495],[[65|7130]|[66|22655]|[165|3300]|[8|495]],[[2|206|7500]|[999|6|36000]],[[999|6|36000]],[40594],999|6|36000,1511,,[],33,[2|206|7500],[[2|206|7500]],[40594]
151134,[65|7540|66|23960|165|3400|8|510],[[65|7540]|[66|23960]|[165|3400]|[8|510]],[[2|206|7500]|[999|6|36000]],[[999|6|36000]],[42922],999|6|36000,1511,,[],34,[2|206|7500],[[2|206|7500]],[42922]
151135,[65|7945|66|25265|165|3500|8|525],[[65|7945]|[66|25265]|[165|3500]|[8|525]],[[2|206|7500]|[999|6|36000]],[[999|6|36000]],[45250],999|6|36000,1511,,[],35,[2|206|7500],[[2|206|7500]],[45250]
151136,[65|8355|66|26570|165|3600|8|540],[[65|8355]|[66|26570]|[165|3600]|[8|540]],[[2|206|7500]|[999|6|36000]],[[999|6|36000]],[47578],999|6|36000,1511,,[],36,[2|206|7500],[[2|206|7500]],[47578]
151137,[65|8760|66|27875|165|3700|8|555],[[65|8760]|[66|27875]|[165|3700]|[8|555]],[[2|206|8250]|[999|6|39600]],[[999|6|39600]],[49906],999|6|39600,1511,,[],37,[2|206|8250],[[2|206|8250]],[49906]
151138,[65|9170|66|29180|165|3800|8|570],[[65|9170]|[66|29180]|[165|3800]|[8|570]],[[2|206|8250]|[999|6|39600]],[[999|6|39600]],[52234],999|6|39600,1511,,[],38,[2|206|8250],[[2|206|8250]],[52234]
151139,[65|9580|66|30485|165|3900|8|585],[[65|9580]|[66|30485]|[165|3900]|[8|585]],[[2|206|8250]|[999|6|39600]],[[999|6|39600]],[54562],999|6|39600,1511,,[],39,[2|206|8250],[[2|206|8250]],[54562]
151140,[65|11210|66|35690|165|4000|8|600],[[65|11210]|[66|35690]|[165|4000]|[8|600]],[[2|206|8250]|[999|6|39600]],[[999|6|39600]],[63867],999|6|39600,1511,,[],40,[2|206|8250],[[2|206|8250]],[63867]
151201,[66|610|65|40|166|100|16|15],[[66|610]|[65|40]|[166|100]|[16|15]],[[2|206|1500]|[999|6|7200]],[[999|6|7200]],[470],999|6|7200,1512,,[],1,[2|206|1500],[[2|206|1500]],[470]
151202,[66|1220|65|75|166|200|16|30],[[66|1220]|[65|75]|[166|200]|[16|30]],[[2|206|1500]|[999|6|7200]],[[999|6|7200]],[939],999|6|7200,1512,,[],2,[2|206|1500],[[2|206|1500]],[939]
151203,[66|1830|65|110|166|300|16|45],[[66|1830]|[65|110]|[166|300]|[16|45]],[[2|206|1500]|[999|6|7200]],[[999|6|7200]],[1408],999|6|7200,1512,,[],3,[2|206|1500],[[2|206|1500]],[1408]
151204,[66|2440|65|145|166|400|16|60],[[66|2440]|[65|145]|[166|400]|[16|60]],[[2|206|1500]|[999|6|7200]],[[999|6|7200]],[1878],999|6|7200,1512,,[],4,[2|206|1500],[[2|206|1500]],[1878]
151205,[66|3050|65|180|166|500|16|75],[[66|3050]|[65|180]|[166|500]|[16|75]],[[2|206|2250]|[999|6|10800]],[[999|6|10800]],[2347],999|6|10800,1512,,[],5,[2|206|2250],[[2|206|2250]],[2347]
151206,[66|3660|65|220|166|600|16|90],[[66|3660]|[65|220]|[166|600]|[16|90]],[[2|206|2250]|[999|6|10800]],[[999|6|10800]],[2816],999|6|10800,1512,,[],6,[2|206|2250],[[2|206|2250]],[2816]
151207,[66|4270|65|255|166|700|16|105],[[66|4270]|[65|255]|[166|700]|[16|105]],[[2|206|2250]|[999|6|10800]],[[999|6|10800]],[3285],999|6|10800,1512,,[],7,[2|206|2250],[[2|206|2250]],[3285]
151208,[66|4880|65|290|166|800|16|120],[[66|4880]|[65|290]|[166|800]|[16|120]],[[2|206|2250]|[999|6|10800]],[[999|6|10800]],[3754],999|6|10800,1512,,[],8,[2|206|2250],[[2|206|2250]],[3754]
151209,[66|5490|65|325|166|900|16|135],[[66|5490]|[65|325]|[166|900]|[16|135]],[[2|206|3000]|[999|6|14400]],[[999|6|14400]],[4224],999|6|14400,1512,,[],9,[2|206|3000],[[2|206|3000]],[4224]
151210,[66|7920|65|470|166|1000|16|150],[[66|7920]|[65|470]|[166|1000]|[16|150]],[[2|206|3000]|[999|6|14400]],[[999|6|14400]],[6096],999|6|14400,1512,,[],10,[2|206|3000],[[2|206|3000]],[6096]
151211,[66|8830|65|525|166|1100|16|165],[[66|8830]|[65|525]|[166|1100]|[16|165]],[[2|206|3000]|[999|6|14400]],[[999|6|14400]],[6798],999|6|14400,1512,,[],11,[2|206|3000],[[2|206|3000]],[6798]
151212,[66|9740|65|580|166|1200|16|180],[[66|9740]|[65|580]|[166|1200]|[16|180]],[[2|206|3000]|[999|6|14400]],[[999|6|14400]],[7498],999|6|14400,1512,,[],12,[2|206|3000],[[2|206|3000]],[7498]
151213,[66|10650|65|630|166|1300|16|195],[[66|10650]|[65|630]|[166|1300]|[16|195]],[[2|206|3750]|[999|6|18000]],[[999|6|18000]],[8200],999|6|18000,1512,,[],13,[2|206|3750],[[2|206|3750]],[8200]
151214,[66|11560|65|685|166|1400|16|210],[[66|11560]|[65|685]|[166|1400]|[16|210]],[[2|206|3750]|[999|6|18000]],[[999|6|18000]],[8901],999|6|18000,1512,,[],14,[2|206|3750],[[2|206|3750]],[8901]
151215,[66|12470|65|740|166|1500|16|225],[[66|12470]|[65|740]|[166|1500]|[16|225]],[[2|206|3750]|[999|6|18000]],[[999|6|18000]],[9603],999|6|18000,1512,,[],15,[2|206|3750],[[2|206|3750]],[9603]
151216,[66|13380|65|795|166|1600|16|240],[[66|13380]|[65|795]|[166|1600]|[16|240]],[[2|206|3750]|[999|6|18000]],[[999|6|18000]],[10304],999|6|18000,1512,,[],16,[2|206|3750],[[2|206|3750]],[10304]
151217,[66|14290|65|850|166|1700|16|255],[[66|14290]|[65|850]|[166|1700]|[16|255]],[[2|206|4500]|[999|6|21600]],[[999|6|21600]],[11006],999|6|21600,1512,,[],17,[2|206|4500],[[2|206|4500]],[11006]
151218,[66|15200|65|900|166|1800|16|270],[[66|15200]|[65|900]|[166|1800]|[16|270]],[[2|206|4500]|[999|6|21600]],[[999|6|21600]],[11707],999|6|21600,1512,,[],18,[2|206|4500],[[2|206|4500]],[11707]
151219,[66|16110|65|955|166|1900|16|285],[[66|16110]|[65|955]|[166|1900]|[16|285]],[[2|206|4500]|[999|6|21600]],[[999|6|21600]],[12408],999|6|21600,1512,,[],19,[2|206|4500],[[2|206|4500]],[12408]
151220,[66|19750|65|1165|166|2000|16|300],[[66|19750]|[65|1165]|[166|2000]|[16|300]],[[2|206|4500]|[999|6|21600]],[[999|6|21600]],[15189],999|6|21600,1512,,[],20,[2|206|4500],[[2|206|4500]],[15189]
151221,[66|21570|65|1275|166|2100|16|315],[[66|21570]|[65|1275]|[166|2100]|[16|315]],[[2|206|5250]|[999|6|25200]],[[999|6|25200]],[16592],999|6|25200,1512,,[],21,[2|206|5250],[[2|206|5250]],[16592]
151222,[66|23390|65|1380|166|2200|16|330],[[66|23390]|[65|1380]|[166|2200]|[16|330]],[[2|206|5250]|[999|6|25200]],[[999|6|25200]],[17995],999|6|25200,1512,,[],22,[2|206|5250],[[2|206|5250]],[17995]
151223,[66|25210|65|1490|166|2300|16|345],[[66|25210]|[65|1490]|[166|2300]|[16|345]],[[2|206|5250]|[999|6|25200]],[[999|6|25200]],[19398],999|6|25200,1512,,[],23,[2|206|5250],[[2|206|5250]],[19398]
151224,[66|27030|65|1600|166|2400|16|360],[[66|27030]|[65|1600]|[166|2400]|[16|360]],[[2|206|5250]|[999|6|25200]],[[999|6|25200]],[20800],999|6|25200,1512,,[],24,[2|206|5250],[[2|206|5250]],[20800]
151225,[66|28850|65|1705|166|2500|16|375],[[66|28850]|[65|1705]|[166|2500]|[16|375]],[[2|206|6000]|[999|6|28800]],[[999|6|28800]],[22203],999|6|28800,1512,,[],25,[2|206|6000],[[2|206|6000]],[22203]
151226,[66|30670|65|1815|166|2600|16|390],[[66|30670]|[65|1815]|[166|2600]|[16|390]],[[2|206|6000]|[999|6|28800]],[[999|6|28800]],[23606],999|6|28800,1512,,[],26,[2|206|6000],[[2|206|6000]],[23606]
151227,[66|32490|65|1920|166|2700|16|405],[[66|32490]|[65|1920]|[166|2700]|[16|405]],[[2|206|6000]|[999|6|28800]],[[999|6|28800]],[25008],999|6|28800,1512,,[],27,[2|206|6000],[[2|206|6000]],[25008]
151228,[66|34310|65|2030|166|2800|16|420],[[66|34310]|[65|2030]|[166|2800]|[16|420]],[[2|206|6000]|[999|6|28800]],[[999|6|28800]],[26410],999|6|28800,1512,,[],28,[2|206|6000],[[2|206|6000]],[26410]
151229,[66|36130|65|2140|166|2900|16|435],[[66|36130]|[65|2140]|[166|2900]|[16|435]],[[2|206|6750]|[999|6|32400]],[[999|6|32400]],[27813],999|6|32400,1512,,[],29,[2|206|6750],[[2|206|6750]],[27813]
151230,[66|43410|65|2560|166|3000|16|450],[[66|43410]|[65|2560]|[166|3000]|[16|450]],[[2|206|6750]|[999|6|32400]],[[999|6|32400]],[33376],999|6|32400,1512,,[],30,[2|206|6750],[[2|206|6750]],[33376]
151231,[66|46445|65|2740|166|3100|16|465],[[66|46445]|[65|2740]|[166|3100]|[16|465]],[[2|206|6750]|[999|6|32400]],[[999|6|32400]],[35715],999|6|32400,1512,,[],31,[2|206|6750],[[2|206|6750]],[35715]
151232,[66|49480|65|2920|166|3200|16|480],[[66|49480]|[65|2920]|[166|3200]|[16|480]],[[2|206|6750]|[999|6|32400]],[[999|6|32400]],[38054],999|6|32400,1512,,[],32,[2|206|6750],[[2|206|6750]],[38054]
151233,[66|52515|65|3100|166|3300|16|495],[[66|52515]|[65|3100]|[166|3300]|[16|495]],[[2|206|7500]|[999|6|36000]],[[999|6|36000]],[40392],999|6|36000,1512,,[],33,[2|206|7500],[[2|206|7500]],[40392]
151234,[66|55550|65|3280|166|3400|16|510],[[66|55550]|[65|3280]|[166|3400]|[16|510]],[[2|206|7500]|[999|6|36000]],[[999|6|36000]],[42730],999|6|36000,1512,,[],34,[2|206|7500],[[2|206|7500]],[42730]
151235,[66|58585|65|3460|166|3500|16|525],[[66|58585]|[65|3460]|[166|3500]|[16|525]],[[2|206|7500]|[999|6|36000]],[[999|6|36000]],[45069],999|6|36000,1512,,[],35,[2|206|7500],[[2|206|7500]],[45069]
151236,[66|61620|65|3640|166|3600|16|540],[[66|61620]|[65|3640]|[166|3600]|[16|540]],[[2|206|7500]|[999|6|36000]],[[999|6|36000]],[47408],999|6|36000,1512,,[],36,[2|206|7500],[[2|206|7500]],[47408]
151237,[66|64655|65|3820|166|3700|16|555],[[66|64655]|[65|3820]|[166|3700]|[16|555]],[[2|206|8250]|[999|6|39600]],[[999|6|39600]],[49747],999|6|39600,1512,,[],37,[2|206|8250],[[2|206|8250]],[49747]
151238,[66|67690|65|4000|166|3800|16|570],[[66|67690]|[65|4000]|[166|3800]|[16|570]],[[2|206|8250]|[999|6|39600]],[[999|6|39600]],[52086],999|6|39600,1512,,[],38,[2|206|8250],[[2|206|8250]],[52086]
151239,[66|70725|65|4180|166|3900|16|585],[[66|70725]|[65|4180]|[166|3900]|[16|585]],[[2|206|8250]|[999|6|39600]],[[999|6|39600]],[54424],999|6|39600,1512,,[],39,[2|206|8250],[[2|206|8250]],[54424]
151240,[66|82855|65|4880|166|4000|16|600],[[66|82855]|[65|4880]|[166|4000]|[16|600]],[[2|206|8250]|[999|6|39600]],[[999|6|39600]],[63702],999|6|39600,1512,,[],40,[2|206|8250],[[2|206|8250]],[63702]
151301,[65|85|66|265|165|100|10|15],[[65|85]|[66|265]|[165|100]|[10|15]],[[2|206|1500]|[999|6|7200]],[[999|6|7200]],[477],999|6|7200,1513,,[],1,[2|206|1500],[[2|206|1500]],[477]
151302,[65|170|66|530|165|200|10|30],[[65|170]|[66|530]|[165|200]|[10|30]],[[2|206|1500]|[999|6|7200]],[[999|6|7200]],[955],999|6|7200,1513,,[],2,[2|206|1500],[[2|206|1500]],[955]
151303,[65|255|66|795|165|300|10|45],[[65|255]|[66|795]|[165|300]|[10|45]],[[2|206|1500]|[999|6|7200]],[[999|6|7200]],[1432],999|6|7200,1513,,[],3,[2|206|1500],[[2|206|1500]],[1432]
151304,[65|340|66|1060|165|400|10|60],[[65|340]|[66|1060]|[165|400]|[10|60]],[[2|206|1500]|[999|6|7200]],[[999|6|7200]],[1910],999|6|7200,1513,,[],4,[2|206|1500],[[2|206|1500]],[1910]
151305,[65|420|66|1325|165|500|10|75],[[65|420]|[66|1325]|[165|500]|[10|75]],[[2|206|2250]|[999|6|10800]],[[999|6|10800]],[2386],999|6|10800,1513,,[],5,[2|206|2250],[[2|206|2250]],[2386]
151306,[65|505|66|1590|165|600|10|90],[[65|505]|[66|1590]|[165|600]|[10|90]],[[2|206|2250]|[999|6|10800]],[[999|6|10800]],[2864],999|6|10800,1513,,[],6,[2|206|2250],[[2|206|2250]],[2864]
151307,[65|590|66|1855|165|700|10|105],[[65|590]|[66|1855]|[165|700]|[10|105]],[[2|206|2250]|[999|6|10800]],[[999|6|10800]],[3342],999|6|10800,1513,,[],7,[2|206|2250],[[2|206|2250]],[3342]
151308,[65|675|66|2120|165|800|10|120],[[65|675]|[66|2120]|[165|800]|[10|120]],[[2|206|2250]|[999|6|10800]],[[999|6|10800]],[3819],999|6|10800,1513,,[],8,[2|206|2250],[[2|206|2250]],[3819]
151309,[65|760|66|2385|165|900|10|135],[[65|760]|[66|2385]|[165|900]|[10|135]],[[2|206|3000]|[999|6|14400]],[[999|6|14400]],[4296],999|6|14400,1513,,[],9,[2|206|3000],[[2|206|3000]],[4296]
151310,[65|1090|66|3430|165|1000|10|150],[[65|1090]|[66|3430]|[165|1000]|[10|150]],[[2|206|3000]|[999|6|14400]],[[999|6|14400]],[6174],999|6|14400,1513,,[],10,[2|206|3000],[[2|206|3000]],[6174]
151311,[65|1215|66|3825|165|1100|10|165],[[65|1215]|[66|3825]|[165|1100]|[10|165]],[[2|206|3000]|[999|6|14400]],[[999|6|14400]],[6888],999|6|14400,1513,,[],11,[2|206|3000],[[2|206|3000]],[6888]
151312,[65|1340|66|4220|165|1200|10|180],[[65|1340]|[66|4220]|[165|1200]|[10|180]],[[2|206|3000]|[999|6|14400]],[[999|6|14400]],[7603],999|6|14400,1513,,[],12,[2|206|3000],[[2|206|3000]],[7603]
151313,[65|1465|66|4615|165|1300|10|195],[[65|1465]|[66|4615]|[165|1300]|[10|195]],[[2|206|3750]|[999|6|18000]],[[999|6|18000]],[8318],999|6|18000,1513,,[],13,[2|206|3750],[[2|206|3750]],[8318]
151314,[65|1590|66|5010|165|1400|10|210],[[65|1590]|[66|5010]|[165|1400]|[10|210]],[[2|206|3750]|[999|6|18000]],[[999|6|18000]],[9032],999|6|18000,1513,,[],14,[2|206|3750],[[2|206|3750]],[9032]
151315,[65|1720|66|5405|165|1500|10|225],[[65|1720]|[66|5405]|[165|1500]|[10|225]],[[2|206|3750]|[999|6|18000]],[[999|6|18000]],[9747],999|6|18000,1513,,[],15,[2|206|3750],[[2|206|3750]],[9747]
151316,[65|1845|66|5800|165|1600|10|240],[[65|1845]|[66|5800]|[165|1600]|[10|240]],[[2|206|3750]|[999|6|18000]],[[999|6|18000]],[10461],999|6|18000,1513,,[],16,[2|206|3750],[[2|206|3750]],[10461]
151317,[65|1970|66|6195|165|1700|10|255],[[65|1970]|[66|6195]|[165|1700]|[10|255]],[[2|206|4500]|[999|6|21600]],[[999|6|21600]],[11176],999|6|21600,1513,,[],17,[2|206|4500],[[2|206|4500]],[11176]
151318,[65|2095|66|6590|165|1800|10|270],[[65|2095]|[66|6590]|[165|1800]|[10|270]],[[2|206|4500]|[999|6|21600]],[[999|6|21600]],[11890],999|6|21600,1513,,[],18,[2|206|4500],[[2|206|4500]],[11890]
151319,[65|2220|66|6985|165|1900|10|285],[[65|2220]|[66|6985]|[165|1900]|[10|285]],[[2|206|4500]|[999|6|21600]],[[999|6|21600]],[12606],999|6|21600,1513,,[],19,[2|206|4500],[[2|206|4500]],[12606]
151320,[65|2715|66|8550|165|2000|10|300],[[65|2715]|[66|8550]|[165|2000]|[10|300]],[[2|206|4500]|[999|6|21600]],[[999|6|21600]],[15408],999|6|21600,1513,,[],20,[2|206|4500],[[2|206|4500]],[15408]
151321,[65|2960|66|9335|165|2100|10|315],[[65|2960]|[66|9335]|[165|2100]|[10|315]],[[2|206|5250]|[999|6|25200]],[[999|6|25200]],[16810],999|6|25200,1513,,[],21,[2|206|5250],[[2|206|5250]],[16810]
151322,[65|3205|66|10120|165|2200|10|330],[[65|3205]|[66|10120]|[165|2200]|[10|330]],[[2|206|5250]|[999|6|25200]],[[999|6|25200]],[18213],999|6|25200,1513,,[],22,[2|206|5250],[[2|206|5250]],[18213]
151323,[65|3450|66|10905|165|2300|10|345],[[65|3450]|[66|10905]|[165|2300]|[10|345]],[[2|206|5250]|[999|6|25200]],[[999|6|25200]],[19616],999|6|25200,1513,,[],23,[2|206|5250],[[2|206|5250]],[19616]
151324,[65|3700|66|11690|165|2400|10|360],[[65|3700]|[66|11690]|[165|2400]|[10|360]],[[2|206|5250]|[999|6|25200]],[[999|6|25200]],[21019],999|6|25200,1513,,[],24,[2|206|5250],[[2|206|5250]],[21019]
151325,[65|3945|66|12475|165|2500|10|375],[[65|3945]|[66|12475]|[165|2500]|[10|375]],[[2|206|6000]|[999|6|28800]],[[999|6|28800]],[22422],999|6|28800,1513,,[],25,[2|206|6000],[[2|206|6000]],[22422]
151326,[65|4190|66|13260|165|2600|10|390],[[65|4190]|[66|13260]|[165|2600]|[10|390]],[[2|206|6000]|[999|6|28800]],[[999|6|28800]],[23824],999|6|28800,1513,,[],26,[2|206|6000],[[2|206|6000]],[23824]
151327,[65|4435|66|14045|165|2700|10|405],[[65|4435]|[66|14045]|[165|2700]|[10|405]],[[2|206|6000]|[999|6|28800]],[[999|6|28800]],[25227],999|6|28800,1513,,[],27,[2|206|6000],[[2|206|6000]],[25227]
151328,[65|4680|66|14830|165|2800|10|420],[[65|4680]|[66|14830]|[165|2800]|[10|420]],[[2|206|6000]|[999|6|28800]],[[999|6|28800]],[26630],999|6|28800,1513,,[],28,[2|206|6000],[[2|206|6000]],[26630]
151329,[65|4930|66|15615|165|2900|10|435],[[65|4930]|[66|15615]|[165|2900]|[10|435]],[[2|206|6750]|[999|6|32400]],[[999|6|32400]],[28032],999|6|32400,1513,,[],29,[2|206|6750],[[2|206|6750]],[28032]
151330,[65|5905|66|18740|165|3000|10|450],[[65|5905]|[66|18740]|[165|3000]|[10|450]],[[2|206|6750]|[999|6|32400]],[[999|6|32400]],[33610],999|6|32400,1513,,[],30,[2|206|6750],[[2|206|6750]],[33610]
151331,[65|6315|66|20045|165|3100|10|465],[[65|6315]|[66|20045]|[165|3100]|[10|465]],[[2|206|6750]|[999|6|32400]],[[999|6|32400]],[35938],999|6|32400,1513,,[],31,[2|206|6750],[[2|206|6750]],[35938]
151332,[65|6720|66|21350|165|3200|10|480],[[65|6720]|[66|21350]|[165|3200]|[10|480]],[[2|206|6750]|[999|6|32400]],[[999|6|32400]],[38266],999|6|32400,1513,,[],32,[2|206|6750],[[2|206|6750]],[38266]
151333,[65|7130|66|22655|165|3300|10|495],[[65|7130]|[66|22655]|[165|3300]|[10|495]],[[2|206|7500]|[999|6|36000]],[[999|6|36000]],[40594],999|6|36000,1513,,[],33,[2|206|7500],[[2|206|7500]],[40594]
151334,[65|7540|66|23960|165|3400|10|510],[[65|7540]|[66|23960]|[165|3400]|[10|510]],[[2|206|7500]|[999|6|36000]],[[999|6|36000]],[42922],999|6|36000,1513,,[],34,[2|206|7500],[[2|206|7500]],[42922]
151335,[65|7945|66|25265|165|3500|10|525],[[65|7945]|[66|25265]|[165|3500]|[10|525]],[[2|206|7500]|[999|6|36000]],[[999|6|36000]],[45250],999|6|36000,1513,,[],35,[2|206|7500],[[2|206|7500]],[45250]
151336,[65|8355|66|26570|165|3600|10|540],[[65|8355]|[66|26570]|[165|3600]|[10|540]],[[2|206|7500]|[999|6|36000]],[[999|6|36000]],[47578],999|6|36000,1513,,[],36,[2|206|7500],[[2|206|7500]],[47578]
151337,[65|8760|66|27875|165|3700|10|555],[[65|8760]|[66|27875]|[165|3700]|[10|555]],[[2|206|8250]|[999|6|39600]],[[999|6|39600]],[49906],999|6|39600,1513,,[],37,[2|206|8250],[[2|206|8250]],[49906]
151338,[65|9170|66|29180|165|3800|10|570],[[65|9170]|[66|29180]|[165|3800]|[10|570]],[[2|206|8250]|[999|6|39600]],[[999|6|39600]],[52234],999|6|39600,1513,,[],38,[2|206|8250],[[2|206|8250]],[52234]
151339,[65|9580|66|30485|165|3900|10|585],[[65|9580]|[66|30485]|[165|3900]|[10|585]],[[2|206|8250]|[999|6|39600]],[[999|6|39600]],[54562],999|6|39600,1513,,[],39,[2|206|8250],[[2|206|8250]],[54562]
151340,[65|11210|66|35690|165|4000|10|600],[[65|11210]|[66|35690]|[165|4000]|[10|600]],[[2|206|8250]|[999|6|39600]],[[999|6|39600]],[63867],999|6|39600,1513,,[],40,[2|206|8250],[[2|206|8250]],[63867]
151401,[66|610|65|40|166|100|26|15],[[66|610]|[65|40]|[166|100]|[26|15]],[[2|206|1500]|[999|6|7200]],[[999|6|7200]],[470],999|6|7200,1514,,[],1,[2|206|1500],[[2|206|1500]],[470]
151402,[66|1220|65|75|166|200|26|30],[[66|1220]|[65|75]|[166|200]|[26|30]],[[2|206|1500]|[999|6|7200]],[[999|6|7200]],[939],999|6|7200,1514,,[],2,[2|206|1500],[[2|206|1500]],[939]
151403,[66|1830|65|110|166|300|26|45],[[66|1830]|[65|110]|[166|300]|[26|45]],[[2|206|1500]|[999|6|7200]],[[999|6|7200]],[1408],999|6|7200,1514,,[],3,[2|206|1500],[[2|206|1500]],[1408]
151404,[66|2440|65|145|166|400|26|60],[[66|2440]|[65|145]|[166|400]|[26|60]],[[2|206|1500]|[999|6|7200]],[[999|6|7200]],[1878],999|6|7200,1514,,[],4,[2|206|1500],[[2|206|1500]],[1878]
151405,[66|3050|65|180|166|500|26|75],[[66|3050]|[65|180]|[166|500]|[26|75]],[[2|206|2250]|[999|6|10800]],[[999|6|10800]],[2347],999|6|10800,1514,,[],5,[2|206|2250],[[2|206|2250]],[2347]
151406,[66|3660|65|220|166|600|26|90],[[66|3660]|[65|220]|[166|600]|[26|90]],[[2|206|2250]|[999|6|10800]],[[999|6|10800]],[2816],999|6|10800,1514,,[],6,[2|206|2250],[[2|206|2250]],[2816]
151407,[66|4270|65|255|166|700|26|105],[[66|4270]|[65|255]|[166|700]|[26|105]],[[2|206|2250]|[999|6|10800]],[[999|6|10800]],[3285],999|6|10800,1514,,[],7,[2|206|2250],[[2|206|2250]],[3285]
151408,[66|4880|65|290|166|800|26|120],[[66|4880]|[65|290]|[166|800]|[26|120]],[[2|206|2250]|[999|6|10800]],[[999|6|10800]],[3754],999|6|10800,1514,,[],8,[2|206|2250],[[2|206|2250]],[3754]
151409,[66|5490|65|325|166|900|26|135],[[66|5490]|[65|325]|[166|900]|[26|135]],[[2|206|3000]|[999|6|14400]],[[999|6|14400]],[4224],999|6|14400,1514,,[],9,[2|206|3000],[[2|206|3000]],[4224]
151410,[66|7920|65|470|166|1000|26|150],[[66|7920]|[65|470]|[166|1000]|[26|150]],[[2|206|3000]|[999|6|14400]],[[999|6|14400]],[6096],999|6|14400,1514,,[],10,[2|206|3000],[[2|206|3000]],[6096]
151411,[66|8830|65|525|166|1100|26|165],[[66|8830]|[65|525]|[166|1100]|[26|165]],[[2|206|3000]|[999|6|14400]],[[999|6|14400]],[6798],999|6|14400,1514,,[],11,[2|206|3000],[[2|206|3000]],[6798]
151412,[66|9740|65|580|166|1200|26|180],[[66|9740]|[65|580]|[166|1200]|[26|180]],[[2|206|3000]|[999|6|14400]],[[999|6|14400]],[7498],999|6|14400,1514,,[],12,[2|206|3000],[[2|206|3000]],[7498]
151413,[66|10650|65|630|166|1300|26|195],[[66|10650]|[65|630]|[166|1300]|[26|195]],[[2|206|3750]|[999|6|18000]],[[999|6|18000]],[8200],999|6|18000,1514,,[],13,[2|206|3750],[[2|206|3750]],[8200]
151414,[66|11560|65|685|166|1400|26|210],[[66|11560]|[65|685]|[166|1400]|[26|210]],[[2|206|3750]|[999|6|18000]],[[999|6|18000]],[8901],999|6|18000,1514,,[],14,[2|206|3750],[[2|206|3750]],[8901]
151415,[66|12470|65|740|166|1500|26|225],[[66|12470]|[65|740]|[166|1500]|[26|225]],[[2|206|3750]|[999|6|18000]],[[999|6|18000]],[9603],999|6|18000,1514,,[],15,[2|206|3750],[[2|206|3750]],[9603]
151416,[66|13380|65|795|166|1600|26|240],[[66|13380]|[65|795]|[166|1600]|[26|240]],[[2|206|3750]|[999|6|18000]],[[999|6|18000]],[10304],999|6|18000,1514,,[],16,[2|206|3750],[[2|206|3750]],[10304]
151417,[66|14290|65|850|166|1700|26|255],[[66|14290]|[65|850]|[166|1700]|[26|255]],[[2|206|4500]|[999|6|21600]],[[999|6|21600]],[11006],999|6|21600,1514,,[],17,[2|206|4500],[[2|206|4500]],[11006]
151418,[66|15200|65|900|166|1800|26|270],[[66|15200]|[65|900]|[166|1800]|[26|270]],[[2|206|4500]|[999|6|21600]],[[999|6|21600]],[11707],999|6|21600,1514,,[],18,[2|206|4500],[[2|206|4500]],[11707]
151419,[66|16110|65|955|166|1900|26|285],[[66|16110]|[65|955]|[166|1900]|[26|285]],[[2|206|4500]|[999|6|21600]],[[999|6|21600]],[12408],999|6|21600,1514,,[],19,[2|206|4500],[[2|206|4500]],[12408]
151420,[66|19750|65|1165|166|2000|26|300],[[66|19750]|[65|1165]|[166|2000]|[26|300]],[[2|206|4500]|[999|6|21600]],[[999|6|21600]],[15189],999|6|21600,1514,,[],20,[2|206|4500],[[2|206|4500]],[15189]
151421,[66|21570|65|1275|166|2100|26|315],[[66|21570]|[65|1275]|[166|2100]|[26|315]],[[2|206|5250]|[999|6|25200]],[[999|6|25200]],[16592],999|6|25200,1514,,[],21,[2|206|5250],[[2|206|5250]],[16592]
151422,[66|23390|65|1380|166|2200|26|330],[[66|23390]|[65|1380]|[166|2200]|[26|330]],[[2|206|5250]|[999|6|25200]],[[999|6|25200]],[17995],999|6|25200,1514,,[],22,[2|206|5250],[[2|206|5250]],[17995]
151423,[66|25210|65|1490|166|2300|26|345],[[66|25210]|[65|1490]|[166|2300]|[26|345]],[[2|206|5250]|[999|6|25200]],[[999|6|25200]],[19398],999|6|25200,1514,,[],23,[2|206|5250],[[2|206|5250]],[19398]
151424,[66|27030|65|1600|166|2400|26|360],[[66|27030]|[65|1600]|[166|2400]|[26|360]],[[2|206|5250]|[999|6|25200]],[[999|6|25200]],[20800],999|6|25200,1514,,[],24,[2|206|5250],[[2|206|5250]],[20800]
151425,[66|28850|65|1705|166|2500|26|375],[[66|28850]|[65|1705]|[166|2500]|[26|375]],[[2|206|6000]|[999|6|28800]],[[999|6|28800]],[22203],999|6|28800,1514,,[],25,[2|206|6000],[[2|206|6000]],[22203]
151426,[66|30670|65|1815|166|2600|26|390],[[66|30670]|[65|1815]|[166|2600]|[26|390]],[[2|206|6000]|[999|6|28800]],[[999|6|28800]],[23606],999|6|28800,1514,,[],26,[2|206|6000],[[2|206|6000]],[23606]
151427,[66|32490|65|1920|166|2700|26|405],[[66|32490]|[65|1920]|[166|2700]|[26|405]],[[2|206|6000]|[999|6|28800]],[[999|6|28800]],[25008],999|6|28800,1514,,[],27,[2|206|6000],[[2|206|6000]],[25008]
151428,[66|34310|65|2030|166|2800|26|420],[[66|34310]|[65|2030]|[166|2800]|[26|420]],[[2|206|6000]|[999|6|28800]],[[999|6|28800]],[26410],999|6|28800,1514,,[],28,[2|206|6000],[[2|206|6000]],[26410]
151429,[66|36130|65|2140|166|2900|26|435],[[66|36130]|[65|2140]|[166|2900]|[26|435]],[[2|206|6750]|[999|6|32400]],[[999|6|32400]],[27813],999|6|32400,1514,,[],29,[2|206|6750],[[2|206|6750]],[27813]
151430,[66|43410|65|2560|166|3000|26|450],[[66|43410]|[65|2560]|[166|3000]|[26|450]],[[2|206|6750]|[999|6|32400]],[[999|6|32400]],[33376],999|6|32400,1514,,[],30,[2|206|6750],[[2|206|6750]],[33376]
151431,[66|46445|65|2740|166|3100|26|465],[[66|46445]|[65|2740]|[166|3100]|[26|465]],[[2|206|6750]|[999|6|32400]],[[999|6|32400]],[35715],999|6|32400,1514,,[],31,[2|206|6750],[[2|206|6750]],[35715]
151432,[66|49480|65|2920|166|3200|26|480],[[66|49480]|[65|2920]|[166|3200]|[26|480]],[[2|206|6750]|[999|6|32400]],[[999|6|32400]],[38054],999|6|32400,1514,,[],32,[2|206|6750],[[2|206|6750]],[38054]
151433,[66|52515|65|3100|166|3300|26|495],[[66|52515]|[65|3100]|[166|3300]|[26|495]],[[2|206|7500]|[999|6|36000]],[[999|6|36000]],[40392],999|6|36000,1514,,[],33,[2|206|7500],[[2|206|7500]],[40392]
151434,[66|55550|65|3280|166|3400|26|510],[[66|55550]|[65|3280]|[166|3400]|[26|510]],[[2|206|7500]|[999|6|36000]],[[999|6|36000]],[42730],999|6|36000,1514,,[],34,[2|206|7500],[[2|206|7500]],[42730]
151435,[66|58585|65|3460|166|3500|26|525],[[66|58585]|[65|3460]|[166|3500]|[26|525]],[[2|206|7500]|[999|6|36000]],[[999|6|36000]],[45069],999|6|36000,1514,,[],35,[2|206|7500],[[2|206|7500]],[45069]
151436,[66|61620|65|3640|166|3600|26|540],[[66|61620]|[65|3640]|[166|3600]|[26|540]],[[2|206|7500]|[999|6|36000]],[[999|6|36000]],[47408],999|6|36000,1514,,[],36,[2|206|7500],[[2|206|7500]],[47408]
151437,[66|64655|65|3820|166|3700|26|555],[[66|64655]|[65|3820]|[166|3700]|[26|555]],[[2|206|8250]|[999|6|39600]],[[999|6|39600]],[49747],999|6|39600,1514,,[],37,[2|206|8250],[[2|206|8250]],[49747]
151438,[66|67690|65|4000|166|3800|26|570],[[66|67690]|[65|4000]|[166|3800]|[26|570]],[[2|206|8250]|[999|6|39600]],[[999|6|39600]],[52086],999|6|39600,1514,,[],38,[2|206|8250],[[2|206|8250]],[52086]
151439,[66|70725|65|4180|166|3900|26|585],[[66|70725]|[65|4180]|[166|3900]|[26|585]],[[2|206|8250]|[999|6|39600]],[[999|6|39600]],[54424],999|6|39600,1514,,[],39,[2|206|8250],[[2|206|8250]],[54424]
151440,[66|82855|65|4880|166|4000|26|600],[[66|82855]|[65|4880]|[166|4000]|[26|600]],[[2|206|8250]|[999|6|39600]],[[999|6|39600]],[63702],999|6|39600,1514,,[],40,[2|206|8250],[[2|206|8250]],[63702]
152101,[65|70|66|320|165|100|8|15],[[65|70]|[66|320]|[165|100]|[8|15]],[[2|206|1500]|[999|6|7200]],[[999|6|7200]],[477],999|6|7200,1521,,[],1,[2|206|1500],[[2|206|1500]],[477]
152102,[65|140|66|640|165|200|8|30],[[65|140]|[66|640]|[165|200]|[8|30]],[[2|206|1500]|[999|6|7200]],[[999|6|7200]],[955],999|6|7200,1521,,[],2,[2|206|1500],[[2|206|1500]],[955]
152103,[65|210|66|955|165|300|8|45],[[65|210]|[66|955]|[165|300]|[8|45]],[[2|206|1500]|[999|6|7200]],[[999|6|7200]],[1432],999|6|7200,1521,,[],3,[2|206|1500],[[2|206|1500]],[1432]
152104,[65|280|66|1275|165|400|8|60],[[65|280]|[66|1275]|[165|400]|[8|60]],[[2|206|1500]|[999|6|7200]],[[999|6|7200]],[1910],999|6|7200,1521,,[],4,[2|206|1500],[[2|206|1500]],[1910]
152105,[65|350|66|1590|165|500|8|75],[[65|350]|[66|1590]|[165|500]|[8|75]],[[2|206|2250]|[999|6|10800]],[[999|6|10800]],[2386],999|6|10800,1521,,[],5,[2|206|2250],[[2|206|2250]],[2386]
152106,[65|420|66|1910|165|600|8|90],[[65|420]|[66|1910]|[165|600]|[8|90]],[[2|206|2250]|[999|6|10800]],[[999|6|10800]],[2864],999|6|10800,1521,,[],6,[2|206|2250],[[2|206|2250]],[2864]
152107,[65|490|66|2230|165|700|8|105],[[65|490]|[66|2230]|[165|700]|[8|105]],[[2|206|2250]|[999|6|10800]],[[999|6|10800]],[3342],999|6|10800,1521,,[],7,[2|206|2250],[[2|206|2250]],[3342]
152108,[65|560|66|2545|165|800|8|120],[[65|560]|[66|2545]|[165|800]|[8|120]],[[2|206|2250]|[999|6|10800]],[[999|6|10800]],[3819],999|6|10800,1521,,[],8,[2|206|2250],[[2|206|2250]],[3819]
152109,[65|630|66|2865|165|900|8|135],[[65|630]|[66|2865]|[165|900]|[8|135]],[[2|206|3000]|[999|6|14400]],[[999|6|14400]],[4296],999|6|14400,1521,,[],9,[2|206|3000],[[2|206|3000]],[4296]
152110,[65|905|66|4120|165|1000|8|150],[[65|905]|[66|4120]|[165|1000]|[8|150]],[[2|206|3000]|[999|6|14400]],[[999|6|14400]],[6174],999|6|14400,1521,,[],10,[2|206|3000],[[2|206|3000]],[6174]
152111,[65|1010|66|4590|165|1100|8|165],[[65|1010]|[66|4590]|[165|1100]|[8|165]],[[2|206|3000]|[999|6|14400]],[[999|6|14400]],[6888],999|6|14400,1521,,[],11,[2|206|3000],[[2|206|3000]],[6888]
152112,[65|1115|66|5065|165|1200|8|180],[[65|1115]|[66|5065]|[165|1200]|[8|180]],[[2|206|3000]|[999|6|14400]],[[999|6|14400]],[7603],999|6|14400,1521,,[],12,[2|206|3000],[[2|206|3000]],[7603]
152113,[65|1220|66|5540|165|1300|8|195],[[65|1220]|[66|5540]|[165|1300]|[8|195]],[[2|206|3750]|[999|6|18000]],[[999|6|18000]],[8318],999|6|18000,1521,,[],13,[2|206|3750],[[2|206|3750]],[8318]
152114,[65|1325|66|6015|165|1400|8|210],[[65|1325]|[66|6015]|[165|1400]|[8|210]],[[2|206|3750]|[999|6|18000]],[[999|6|18000]],[9032],999|6|18000,1521,,[],14,[2|206|3750],[[2|206|3750]],[9032]
152115,[65|1430|66|6490|165|1500|8|225],[[65|1430]|[66|6490]|[165|1500]|[8|225]],[[2|206|3750]|[999|6|18000]],[[999|6|18000]],[9747],999|6|18000,1521,,[],15,[2|206|3750],[[2|206|3750]],[9747]
152116,[65|1535|66|6960|165|1600|8|240],[[65|1535]|[66|6960]|[165|1600]|[8|240]],[[2|206|3750]|[999|6|18000]],[[999|6|18000]],[10461],999|6|18000,1521,,[],16,[2|206|3750],[[2|206|3750]],[10461]
152117,[65|1640|66|7435|165|1700|8|255],[[65|1640]|[66|7435]|[165|1700]|[8|255]],[[2|206|4500]|[999|6|21600]],[[999|6|21600]],[11176],999|6|21600,1521,,[],17,[2|206|4500],[[2|206|4500]],[11176]
152118,[65|1745|66|7910|165|1800|8|270],[[65|1745]|[66|7910]|[165|1800]|[8|270]],[[2|206|4500]|[999|6|21600]],[[999|6|21600]],[11890],999|6|21600,1521,,[],18,[2|206|4500],[[2|206|4500]],[11890]
152119,[65|1850|66|8385|165|1900|8|285],[[65|1850]|[66|8385]|[165|1900]|[8|285]],[[2|206|4500]|[999|6|21600]],[[999|6|21600]],[12606],999|6|21600,1521,,[],19,[2|206|4500],[[2|206|4500]],[12606]
152120,[65|2260|66|10260|165|2000|8|300],[[65|2260]|[66|10260]|[165|2000]|[8|300]],[[2|206|4500]|[999|6|21600]],[[999|6|21600]],[15408],999|6|21600,1521,,[],20,[2|206|4500],[[2|206|4500]],[15408]
152121,[65|2465|66|11205|165|2100|8|315],[[65|2465]|[66|11205]|[165|2100]|[8|315]],[[2|206|5250]|[999|6|25200]],[[999|6|25200]],[16810],999|6|25200,1521,,[],21,[2|206|5250],[[2|206|5250]],[16810]
152122,[65|2670|66|12145|165|2200|8|330],[[65|2670]|[66|12145]|[165|2200]|[8|330]],[[2|206|5250]|[999|6|25200]],[[999|6|25200]],[18213],999|6|25200,1521,,[],22,[2|206|5250],[[2|206|5250]],[18213]
152123,[65|2875|66|13090|165|2300|8|345],[[65|2875]|[66|13090]|[165|2300]|[8|345]],[[2|206|5250]|[999|6|25200]],[[999|6|25200]],[19616],999|6|25200,1521,,[],23,[2|206|5250],[[2|206|5250]],[19616]
152124,[65|3080|66|14030|165|2400|8|360],[[65|3080]|[66|14030]|[165|2400]|[8|360]],[[2|206|5250]|[999|6|25200]],[[999|6|25200]],[21019],999|6|25200,1521,,[],24,[2|206|5250],[[2|206|5250]],[21019]
152125,[65|3285|66|14970|165|2500|8|375],[[65|3285]|[66|14970]|[165|2500]|[8|375]],[[2|206|6000]|[999|6|28800]],[[999|6|28800]],[22422],999|6|28800,1521,,[],25,[2|206|6000],[[2|206|6000]],[22422]
152126,[65|3490|66|15915|165|2600|8|390],[[65|3490]|[66|15915]|[165|2600]|[8|390]],[[2|206|6000]|[999|6|28800]],[[999|6|28800]],[23824],999|6|28800,1521,,[],26,[2|206|6000],[[2|206|6000]],[23824]
152127,[65|3695|66|16855|165|2700|8|405],[[65|3695]|[66|16855]|[165|2700]|[8|405]],[[2|206|6000]|[999|6|28800]],[[999|6|28800]],[25227],999|6|28800,1521,,[],27,[2|206|6000],[[2|206|6000]],[25227]
152128,[65|3900|66|17800|165|2800|8|420],[[65|3900]|[66|17800]|[165|2800]|[8|420]],[[2|206|6000]|[999|6|28800]],[[999|6|28800]],[26630],999|6|28800,1521,,[],28,[2|206|6000],[[2|206|6000]],[26630]
152129,[65|4105|66|18740|165|2900|8|435],[[65|4105]|[66|18740]|[165|2900]|[8|435]],[[2|206|6750]|[999|6|32400]],[[999|6|32400]],[28032],999|6|32400,1521,,[],29,[2|206|6750],[[2|206|6750]],[28032]
152130,[65|4920|66|22490|165|3000|8|450],[[65|4920]|[66|22490]|[165|3000]|[8|450]],[[2|206|6750]|[999|6|32400]],[[999|6|32400]],[33610],999|6|32400,1521,,[],30,[2|206|6750],[[2|206|6750]],[33610]
152131,[65|5260|66|24055|165|3100|8|465],[[65|5260]|[66|24055]|[165|3100]|[8|465]],[[2|206|6750]|[999|6|32400]],[[999|6|32400]],[35938],999|6|32400,1521,,[],31,[2|206|6750],[[2|206|6750]],[35938]
152132,[65|5600|66|25620|165|3200|8|480],[[65|5600]|[66|25620]|[165|3200]|[8|480]],[[2|206|6750]|[999|6|32400]],[[999|6|32400]],[38266],999|6|32400,1521,,[],32,[2|206|6750],[[2|206|6750]],[38266]
152133,[65|5940|66|27190|165|3300|8|495],[[65|5940]|[66|27190]|[165|3300]|[8|495]],[[2|206|7500]|[999|6|36000]],[[999|6|36000]],[40594],999|6|36000,1521,,[],33,[2|206|7500],[[2|206|7500]],[40594]
152134,[65|6280|66|28755|165|3400|8|510],[[65|6280]|[66|28755]|[165|3400]|[8|510]],[[2|206|7500]|[999|6|36000]],[[999|6|36000]],[42922],999|6|36000,1521,,[],34,[2|206|7500],[[2|206|7500]],[42922]
152135,[65|6620|66|30320|165|3500|8|525],[[65|6620]|[66|30320]|[165|3500]|[8|525]],[[2|206|7500]|[999|6|36000]],[[999|6|36000]],[45250],999|6|36000,1521,,[],35,[2|206|7500],[[2|206|7500]],[45250]
152136,[65|6960|66|31885|165|3600|8|540],[[65|6960]|[66|31885]|[165|3600]|[8|540]],[[2|206|7500]|[999|6|36000]],[[999|6|36000]],[47578],999|6|36000,1521,,[],36,[2|206|7500],[[2|206|7500]],[47578]
152137,[65|7300|66|33450|165|3700|8|555],[[65|7300]|[66|33450]|[165|3700]|[8|555]],[[2|206|8250]|[999|6|39600]],[[999|6|39600]],[49906],999|6|39600,1521,,[],37,[2|206|8250],[[2|206|8250]],[49906]
152138,[65|7640|66|35020|165|3800|8|570],[[65|7640]|[66|35020]|[165|3800]|[8|570]],[[2|206|8250]|[999|6|39600]],[[999|6|39600]],[52234],999|6|39600,1521,,[],38,[2|206|8250],[[2|206|8250]],[52234]
152139,[65|7980|66|36585|165|3900|8|585],[[65|7980]|[66|36585]|[165|3900]|[8|585]],[[2|206|8250]|[999|6|39600]],[[999|6|39600]],[54562],999|6|39600,1521,,[],39,[2|206|8250],[[2|206|8250]],[54562]
152140,[65|9340|66|42830|165|4000|8|600],[[65|9340]|[66|42830]|[165|4000]|[8|600]],[[2|206|8250]|[999|6|39600]],[[999|6|39600]],[63867],999|6|39600,1521,,[],40,[2|206|8250],[[2|206|8250]],[63867]
152201,[66|735|65|30|166|100|16|15],[[66|735]|[65|30]|[166|100]|[16|15]],[[2|206|1500]|[999|6|7200]],[[999|6|7200]],[470],999|6|7200,1522,,[],1,[2|206|1500],[[2|206|1500]],[470]
152202,[66|1465|65|60|166|200|16|30],[[66|1465]|[65|60]|[166|200]|[16|30]],[[2|206|1500]|[999|6|7200]],[[999|6|7200]],[939],999|6|7200,1522,,[],2,[2|206|1500],[[2|206|1500]],[939]
152203,[66|2200|65|90|166|300|16|45],[[66|2200]|[65|90]|[166|300]|[16|45]],[[2|206|1500]|[999|6|7200]],[[999|6|7200]],[1408],999|6|7200,1522,,[],3,[2|206|1500],[[2|206|1500]],[1408]
152204,[66|2930|65|120|166|400|16|60],[[66|2930]|[65|120]|[166|400]|[16|60]],[[2|206|1500]|[999|6|7200]],[[999|6|7200]],[1878],999|6|7200,1522,,[],4,[2|206|1500],[[2|206|1500]],[1878]
152205,[66|3660|65|150|166|500|16|75],[[66|3660]|[65|150]|[166|500]|[16|75]],[[2|206|2250]|[999|6|10800]],[[999|6|10800]],[2347],999|6|10800,1522,,[],5,[2|206|2250],[[2|206|2250]],[2347]
152206,[66|4395|65|180|166|600|16|90],[[66|4395]|[65|180]|[166|600]|[16|90]],[[2|206|2250]|[999|6|10800]],[[999|6|10800]],[2816],999|6|10800,1522,,[],6,[2|206|2250],[[2|206|2250]],[2816]
152207,[66|5125|65|210|166|700|16|105],[[66|5125]|[65|210]|[166|700]|[16|105]],[[2|206|2250]|[999|6|10800]],[[999|6|10800]],[3285],999|6|10800,1522,,[],7,[2|206|2250],[[2|206|2250]],[3285]
152208,[66|5860|65|240|166|800|16|120],[[66|5860]|[65|240]|[166|800]|[16|120]],[[2|206|2250]|[999|6|10800]],[[999|6|10800]],[3754],999|6|10800,1522,,[],8,[2|206|2250],[[2|206|2250]],[3754]
152209,[66|6590|65|270|166|900|16|135],[[66|6590]|[65|270]|[166|900]|[16|135]],[[2|206|3000]|[999|6|14400]],[[999|6|14400]],[4224],999|6|14400,1522,,[],9,[2|206|3000],[[2|206|3000]],[4224]
152210,[66|9505|65|390|166|1000|16|150],[[66|9505]|[65|390]|[166|1000]|[16|150]],[[2|206|3000]|[999|6|14400]],[[999|6|14400]],[6096],999|6|14400,1522,,[],10,[2|206|3000],[[2|206|3000]],[6096]
152211,[66|10600|65|435|166|1100|16|165],[[66|10600]|[65|435]|[166|1100]|[16|165]],[[2|206|3000]|[999|6|14400]],[[999|6|14400]],[6798],999|6|14400,1522,,[],11,[2|206|3000],[[2|206|3000]],[6798]
152212,[66|11690|65|480|166|1200|16|180],[[66|11690]|[65|480]|[166|1200]|[16|180]],[[2|206|3000]|[999|6|14400]],[[999|6|14400]],[7498],999|6|14400,1522,,[],12,[2|206|3000],[[2|206|3000]],[7498]
152213,[66|12780|65|525|166|1300|16|195],[[66|12780]|[65|525]|[166|1300]|[16|195]],[[2|206|3750]|[999|6|18000]],[[999|6|18000]],[8200],999|6|18000,1522,,[],13,[2|206|3750],[[2|206|3750]],[8200]
152214,[66|13875|65|570|166|1400|16|210],[[66|13875]|[65|570]|[166|1400]|[16|210]],[[2|206|3750]|[999|6|18000]],[[999|6|18000]],[8901],999|6|18000,1522,,[],14,[2|206|3750],[[2|206|3750]],[8901]
152215,[66|14965|65|615|166|1500|16|225],[[66|14965]|[65|615]|[166|1500]|[16|225]],[[2|206|3750]|[999|6|18000]],[[999|6|18000]],[9603],999|6|18000,1522,,[],15,[2|206|3750],[[2|206|3750]],[9603]
152216,[66|16060|65|660|166|1600|16|240],[[66|16060]|[65|660]|[166|1600]|[16|240]],[[2|206|3750]|[999|6|18000]],[[999|6|18000]],[10304],999|6|18000,1522,,[],16,[2|206|3750],[[2|206|3750]],[10304]
152217,[66|17150|65|705|166|1700|16|255],[[66|17150]|[65|705]|[166|1700]|[16|255]],[[2|206|4500]|[999|6|21600]],[[999|6|21600]],[11006],999|6|21600,1522,,[],17,[2|206|4500],[[2|206|4500]],[11006]
152218,[66|18240|65|750|166|1800|16|270],[[66|18240]|[65|750]|[166|1800]|[16|270]],[[2|206|4500]|[999|6|21600]],[[999|6|21600]],[11707],999|6|21600,1522,,[],18,[2|206|4500],[[2|206|4500]],[11707]
152219,[66|19335|65|795|166|1900|16|285],[[66|19335]|[65|795]|[166|1900]|[16|285]],[[2|206|4500]|[999|6|21600]],[[999|6|21600]],[12408],999|6|21600,1522,,[],19,[2|206|4500],[[2|206|4500]],[12408]
152220,[66|23700|65|970|166|2000|16|300],[[66|23700]|[65|970]|[166|2000]|[16|300]],[[2|206|4500]|[999|6|21600]],[[999|6|21600]],[15189],999|6|21600,1522,,[],20,[2|206|4500],[[2|206|4500]],[15189]
152221,[66|25885|65|1060|166|2100|16|315],[[66|25885]|[65|1060]|[166|2100]|[16|315]],[[2|206|5250]|[999|6|25200]],[[999|6|25200]],[16592],999|6|25200,1522,,[],21,[2|206|5250],[[2|206|5250]],[16592]
152222,[66|28070|65|1150|166|2200|16|330],[[66|28070]|[65|1150]|[166|2200]|[16|330]],[[2|206|5250]|[999|6|25200]],[[999|6|25200]],[17995],999|6|25200,1522,,[],22,[2|206|5250],[[2|206|5250]],[17995]
152223,[66|30255|65|1240|166|2300|16|345],[[66|30255]|[65|1240]|[166|2300]|[16|345]],[[2|206|5250]|[999|6|25200]],[[999|6|25200]],[19398],999|6|25200,1522,,[],23,[2|206|5250],[[2|206|5250]],[19398]
152224,[66|32440|65|1330|166|2400|16|360],[[66|32440]|[65|1330]|[166|2400]|[16|360]],[[2|206|5250]|[999|6|25200]],[[999|6|25200]],[20800],999|6|25200,1522,,[],24,[2|206|5250],[[2|206|5250]],[20800]
152225,[66|34620|65|1420|166|2500|16|375],[[66|34620]|[65|1420]|[166|2500]|[16|375]],[[2|206|6000]|[999|6|28800]],[[999|6|28800]],[22203],999|6|28800,1522,,[],25,[2|206|6000],[[2|206|6000]],[22203]
152226,[66|36805|65|1510|166|2600|16|390],[[66|36805]|[65|1510]|[166|2600]|[16|390]],[[2|206|6000]|[999|6|28800]],[[999|6|28800]],[23606],999|6|28800,1522,,[],26,[2|206|6000],[[2|206|6000]],[23606]
152227,[66|38990|65|1600|166|2700|16|405],[[66|38990]|[65|1600]|[166|2700]|[16|405]],[[2|206|6000]|[999|6|28800]],[[999|6|28800]],[25008],999|6|28800,1522,,[],27,[2|206|6000],[[2|206|6000]],[25008]
152228,[66|41175|65|1690|166|2800|16|420],[[66|41175]|[65|1690]|[166|2800]|[16|420]],[[2|206|6000]|[999|6|28800]],[[999|6|28800]],[26410],999|6|28800,1522,,[],28,[2|206|6000],[[2|206|6000]],[26410]
152229,[66|43360|65|1780|166|2900|16|435],[[66|43360]|[65|1780]|[166|2900]|[16|435]],[[2|206|6750]|[999|6|32400]],[[999|6|32400]],[27813],999|6|32400,1522,,[],29,[2|206|6750],[[2|206|6750]],[27813]
152230,[66|52095|65|2130|166|3000|16|450],[[66|52095]|[65|2130]|[166|3000]|[16|450]],[[2|206|6750]|[999|6|32400]],[[999|6|32400]],[33376],999|6|32400,1522,,[],30,[2|206|6750],[[2|206|6750]],[33376]
152231,[66|55735|65|2280|166|3100|16|465],[[66|55735]|[65|2280]|[166|3100]|[16|465]],[[2|206|6750]|[999|6|32400]],[[999|6|32400]],[35715],999|6|32400,1522,,[],31,[2|206|6750],[[2|206|6750]],[35715]
152232,[66|59380|65|2430|166|3200|16|480],[[66|59380]|[65|2430]|[166|3200]|[16|480]],[[2|206|6750]|[999|6|32400]],[[999|6|32400]],[38054],999|6|32400,1522,,[],32,[2|206|6750],[[2|206|6750]],[38054]
152233,[66|63020|65|2580|166|3300|16|495],[[66|63020]|[65|2580]|[166|3300]|[16|495]],[[2|206|7500]|[999|6|36000]],[[999|6|36000]],[40392],999|6|36000,1522,,[],33,[2|206|7500],[[2|206|7500]],[40392]
152234,[66|66660|65|2730|166|3400|16|510],[[66|66660]|[65|2730]|[166|3400]|[16|510]],[[2|206|7500]|[999|6|36000]],[[999|6|36000]],[42730],999|6|36000,1522,,[],34,[2|206|7500],[[2|206|7500]],[42730]
152235,[66|70305|65|2880|166|3500|16|525],[[66|70305]|[65|2880]|[166|3500]|[16|525]],[[2|206|7500]|[999|6|36000]],[[999|6|36000]],[45069],999|6|36000,1522,,[],35,[2|206|7500],[[2|206|7500]],[45069]
152236,[66|73945|65|3030|166|3600|16|540],[[66|73945]|[65|3030]|[166|3600]|[16|540]],[[2|206|7500]|[999|6|36000]],[[999|6|36000]],[47408],999|6|36000,1522,,[],36,[2|206|7500],[[2|206|7500]],[47408]
152237,[66|77590|65|3180|166|3700|16|555],[[66|77590]|[65|3180]|[166|3700]|[16|555]],[[2|206|8250]|[999|6|39600]],[[999|6|39600]],[49747],999|6|39600,1522,,[],37,[2|206|8250],[[2|206|8250]],[49747]
152238,[66|81230|65|3330|166|3800|16|570],[[66|81230]|[65|3330]|[166|3800]|[16|570]],[[2|206|8250]|[999|6|39600]],[[999|6|39600]],[52086],999|6|39600,1522,,[],38,[2|206|8250],[[2|206|8250]],[52086]
152239,[66|84870|65|3480|166|3900|16|585],[[66|84870]|[65|3480]|[166|3900]|[16|585]],[[2|206|8250]|[999|6|39600]],[[999|6|39600]],[54424],999|6|39600,1522,,[],39,[2|206|8250],[[2|206|8250]],[54424]
152240,[66|99430|65|4065|166|4000|16|600],[[66|99430]|[65|4065]|[166|4000]|[16|600]],[[2|206|8250]|[999|6|39600]],[[999|6|39600]],[63702],999|6|39600,1522,,[],40,[2|206|8250],[[2|206|8250]],[63702]
152301,[65|70|66|320|165|100|10|15],[[65|70]|[66|320]|[165|100]|[10|15]],[[2|206|1500]|[999|6|7200]],[[999|6|7200]],[477],999|6|7200,1523,,[],1,[2|206|1500],[[2|206|1500]],[477]
152302,[65|140|66|640|165|200|10|30],[[65|140]|[66|640]|[165|200]|[10|30]],[[2|206|1500]|[999|6|7200]],[[999|6|7200]],[955],999|6|7200,1523,,[],2,[2|206|1500],[[2|206|1500]],[955]
152303,[65|210|66|955|165|300|10|45],[[65|210]|[66|955]|[165|300]|[10|45]],[[2|206|1500]|[999|6|7200]],[[999|6|7200]],[1432],999|6|7200,1523,,[],3,[2|206|1500],[[2|206|1500]],[1432]
152304,[65|280|66|1275|165|400|10|60],[[65|280]|[66|1275]|[165|400]|[10|60]],[[2|206|1500]|[999|6|7200]],[[999|6|7200]],[1910],999|6|7200,1523,,[],4,[2|206|1500],[[2|206|1500]],[1910]
152305,[65|350|66|1590|165|500|10|75],[[65|350]|[66|1590]|[165|500]|[10|75]],[[2|206|2250]|[999|6|10800]],[[999|6|10800]],[2386],999|6|10800,1523,,[],5,[2|206|2250],[[2|206|2250]],[2386]
152306,[65|420|66|1910|165|600|10|90],[[65|420]|[66|1910]|[165|600]|[10|90]],[[2|206|2250]|[999|6|10800]],[[999|6|10800]],[2864],999|6|10800,1523,,[],6,[2|206|2250],[[2|206|2250]],[2864]
152307,[65|490|66|2230|165|700|10|105],[[65|490]|[66|2230]|[165|700]|[10|105]],[[2|206|2250]|[999|6|10800]],[[999|6|10800]],[3342],999|6|10800,1523,,[],7,[2|206|2250],[[2|206|2250]],[3342]
152308,[65|560|66|2545|165|800|10|120],[[65|560]|[66|2545]|[165|800]|[10|120]],[[2|206|2250]|[999|6|10800]],[[999|6|10800]],[3819],999|6|10800,1523,,[],8,[2|206|2250],[[2|206|2250]],[3819]
152309,[65|630|66|2865|165|900|10|135],[[65|630]|[66|2865]|[165|900]|[10|135]],[[2|206|3000]|[999|6|14400]],[[999|6|14400]],[4296],999|6|14400,1523,,[],9,[2|206|3000],[[2|206|3000]],[4296]
152310,[65|905|66|4120|165|1000|10|150],[[65|905]|[66|4120]|[165|1000]|[10|150]],[[2|206|3000]|[999|6|14400]],[[999|6|14400]],[6174],999|6|14400,1523,,[],10,[2|206|3000],[[2|206|3000]],[6174]
152311,[65|1010|66|4590|165|1100|10|165],[[65|1010]|[66|4590]|[165|1100]|[10|165]],[[2|206|3000]|[999|6|14400]],[[999|6|14400]],[6888],999|6|14400,1523,,[],11,[2|206|3000],[[2|206|3000]],[6888]
152312,[65|1115|66|5065|165|1200|10|180],[[65|1115]|[66|5065]|[165|1200]|[10|180]],[[2|206|3000]|[999|6|14400]],[[999|6|14400]],[7603],999|6|14400,1523,,[],12,[2|206|3000],[[2|206|3000]],[7603]
152313,[65|1220|66|5540|165|1300|10|195],[[65|1220]|[66|5540]|[165|1300]|[10|195]],[[2|206|3750]|[999|6|18000]],[[999|6|18000]],[8318],999|6|18000,1523,,[],13,[2|206|3750],[[2|206|3750]],[8318]
152314,[65|1325|66|6015|165|1400|10|210],[[65|1325]|[66|6015]|[165|1400]|[10|210]],[[2|206|3750]|[999|6|18000]],[[999|6|18000]],[9032],999|6|18000,1523,,[],14,[2|206|3750],[[2|206|3750]],[9032]
152315,[65|1430|66|6490|165|1500|10|225],[[65|1430]|[66|6490]|[165|1500]|[10|225]],[[2|206|3750]|[999|6|18000]],[[999|6|18000]],[9747],999|6|18000,1523,,[],15,[2|206|3750],[[2|206|3750]],[9747]
152316,[65|1535|66|6960|165|1600|10|240],[[65|1535]|[66|6960]|[165|1600]|[10|240]],[[2|206|3750]|[999|6|18000]],[[999|6|18000]],[10461],999|6|18000,1523,,[],16,[2|206|3750],[[2|206|3750]],[10461]
152317,[65|1640|66|7435|165|1700|10|255],[[65|1640]|[66|7435]|[165|1700]|[10|255]],[[2|206|4500]|[999|6|21600]],[[999|6|21600]],[11176],999|6|21600,1523,,[],17,[2|206|4500],[[2|206|4500]],[11176]
152318,[65|1745|66|7910|165|1800|10|270],[[65|1745]|[66|7910]|[165|1800]|[10|270]],[[2|206|4500]|[999|6|21600]],[[999|6|21600]],[11890],999|6|21600,1523,,[],18,[2|206|4500],[[2|206|4500]],[11890]
152319,[65|1850|66|8385|165|1900|10|285],[[65|1850]|[66|8385]|[165|1900]|[10|285]],[[2|206|4500]|[999|6|21600]],[[999|6|21600]],[12606],999|6|21600,1523,,[],19,[2|206|4500],[[2|206|4500]],[12606]
152320,[65|2260|66|10260|165|2000|10|300],[[65|2260]|[66|10260]|[165|2000]|[10|300]],[[2|206|4500]|[999|6|21600]],[[999|6|21600]],[15408],999|6|21600,1523,,[],20,[2|206|4500],[[2|206|4500]],[15408]
152321,[65|2465|66|11205|165|2100|10|315],[[65|2465]|[66|11205]|[165|2100]|[10|315]],[[2|206|5250]|[999|6|25200]],[[999|6|25200]],[16810],999|6|25200,1523,,[],21,[2|206|5250],[[2|206|5250]],[16810]
152322,[65|2670|66|12145|165|2200|10|330],[[65|2670]|[66|12145]|[165|2200]|[10|330]],[[2|206|5250]|[999|6|25200]],[[999|6|25200]],[18213],999|6|25200,1523,,[],22,[2|206|5250],[[2|206|5250]],[18213]
152323,[65|2875|66|13090|165|2300|10|345],[[65|2875]|[66|13090]|[165|2300]|[10|345]],[[2|206|5250]|[999|6|25200]],[[999|6|25200]],[19616],999|6|25200,1523,,[],23,[2|206|5250],[[2|206|5250]],[19616]
152324,[65|3080|66|14030|165|2400|10|360],[[65|3080]|[66|14030]|[165|2400]|[10|360]],[[2|206|5250]|[999|6|25200]],[[999|6|25200]],[21019],999|6|25200,1523,,[],24,[2|206|5250],[[2|206|5250]],[21019]
152325,[65|3285|66|14970|165|2500|10|375],[[65|3285]|[66|14970]|[165|2500]|[10|375]],[[2|206|6000]|[999|6|28800]],[[999|6|28800]],[22422],999|6|28800,1523,,[],25,[2|206|6000],[[2|206|6000]],[22422]
152326,[65|3490|66|15915|165|2600|10|390],[[65|3490]|[66|15915]|[165|2600]|[10|390]],[[2|206|6000]|[999|6|28800]],[[999|6|28800]],[23824],999|6|28800,1523,,[],26,[2|206|6000],[[2|206|6000]],[23824]
152327,[65|3695|66|16855|165|2700|10|405],[[65|3695]|[66|16855]|[165|2700]|[10|405]],[[2|206|6000]|[999|6|28800]],[[999|6|28800]],[25227],999|6|28800,1523,,[],27,[2|206|6000],[[2|206|6000]],[25227]
152328,[65|3900|66|17800|165|2800|10|420],[[65|3900]|[66|17800]|[165|2800]|[10|420]],[[2|206|6000]|[999|6|28800]],[[999|6|28800]],[26630],999|6|28800,1523,,[],28,[2|206|6000],[[2|206|6000]],[26630]
152329,[65|4105|66|18740|165|2900|10|435],[[65|4105]|[66|18740]|[165|2900]|[10|435]],[[2|206|6750]|[999|6|32400]],[[999|6|32400]],[28032],999|6|32400,1523,,[],29,[2|206|6750],[[2|206|6750]],[28032]
152330,[65|4920|66|22490|165|3000|10|450],[[65|4920]|[66|22490]|[165|3000]|[10|450]],[[2|206|6750]|[999|6|32400]],[[999|6|32400]],[33610],999|6|32400,1523,,[],30,[2|206|6750],[[2|206|6750]],[33610]
152331,[65|5260|66|24055|165|3100|10|465],[[65|5260]|[66|24055]|[165|3100]|[10|465]],[[2|206|6750]|[999|6|32400]],[[999|6|32400]],[35938],999|6|32400,1523,,[],31,[2|206|6750],[[2|206|6750]],[35938]
152332,[65|5600|66|25620|165|3200|10|480],[[65|5600]|[66|25620]|[165|3200]|[10|480]],[[2|206|6750]|[999|6|32400]],[[999|6|32400]],[38266],999|6|32400,1523,,[],32,[2|206|6750],[[2|206|6750]],[38266]
152333,[65|5940|66|27190|165|3300|10|495],[[65|5940]|[66|27190]|[165|3300]|[10|495]],[[2|206|7500]|[999|6|36000]],[[999|6|36000]],[40594],999|6|36000,1523,,[],33,[2|206|7500],[[2|206|7500]],[40594]
152334,[65|6280|66|28755|165|3400|10|510],[[65|6280]|[66|28755]|[165|3400]|[10|510]],[[2|206|7500]|[999|6|36000]],[[999|6|36000]],[42922],999|6|36000,1523,,[],34,[2|206|7500],[[2|206|7500]],[42922]
152335,[65|6620|66|30320|165|3500|10|525],[[65|6620]|[66|30320]|[165|3500]|[10|525]],[[2|206|7500]|[999|6|36000]],[[999|6|36000]],[45250],999|6|36000,1523,,[],35,[2|206|7500],[[2|206|7500]],[45250]
152336,[65|6960|66|31885|165|3600|10|540],[[65|6960]|[66|31885]|[165|3600]|[10|540]],[[2|206|7500]|[999|6|36000]],[[999|6|36000]],[47578],999|6|36000,1523,,[],36,[2|206|7500],[[2|206|7500]],[47578]
152337,[65|7300|66|33450|165|3700|10|555],[[65|7300]|[66|33450]|[165|3700]|[10|555]],[[2|206|8250]|[999|6|39600]],[[999|6|39600]],[49906],999|6|39600,1523,,[],37,[2|206|8250],[[2|206|8250]],[49906]
152338,[65|7640|66|35020|165|3800|10|570],[[65|7640]|[66|35020]|[165|3800]|[10|570]],[[2|206|8250]|[999|6|39600]],[[999|6|39600]],[52234],999|6|39600,1523,,[],38,[2|206|8250],[[2|206|8250]],[52234]
152339,[65|7980|66|36585|165|3900|10|585],[[65|7980]|[66|36585]|[165|3900]|[10|585]],[[2|206|8250]|[999|6|39600]],[[999|6|39600]],[54562],999|6|39600,1523,,[],39,[2|206|8250],[[2|206|8250]],[54562]
152340,[65|9340|66|42830|165|4000|10|600],[[65|9340]|[66|42830]|[165|4000]|[10|600]],[[2|206|8250]|[999|6|39600]],[[999|6|39600]],[63867],999|6|39600,1523,,[],40,[2|206|8250],[[2|206|8250]],[63867]
152401,[66|735|65|30|166|100|26|15],[[66|735]|[65|30]|[166|100]|[26|15]],[[2|206|1500]|[999|6|7200]],[[999|6|7200]],[470],999|6|7200,1524,,[],1,[2|206|1500],[[2|206|1500]],[470]
152402,[66|1465|65|60|166|200|26|30],[[66|1465]|[65|60]|[166|200]|[26|30]],[[2|206|1500]|[999|6|7200]],[[999|6|7200]],[939],999|6|7200,1524,,[],2,[2|206|1500],[[2|206|1500]],[939]
152403,[66|2200|65|90|166|300|26|45],[[66|2200]|[65|90]|[166|300]|[26|45]],[[2|206|1500]|[999|6|7200]],[[999|6|7200]],[1408],999|6|7200,1524,,[],3,[2|206|1500],[[2|206|1500]],[1408]
152404,[66|2930|65|120|166|400|26|60],[[66|2930]|[65|120]|[166|400]|[26|60]],[[2|206|1500]|[999|6|7200]],[[999|6|7200]],[1878],999|6|7200,1524,,[],4,[2|206|1500],[[2|206|1500]],[1878]
152405,[66|3660|65|150|166|500|26|75],[[66|3660]|[65|150]|[166|500]|[26|75]],[[2|206|2250]|[999|6|10800]],[[999|6|10800]],[2347],999|6|10800,1524,,[],5,[2|206|2250],[[2|206|2250]],[2347]
152406,[66|4395|65|180|166|600|26|90],[[66|4395]|[65|180]|[166|600]|[26|90]],[[2|206|2250]|[999|6|10800]],[[999|6|10800]],[2816],999|6|10800,1524,,[],6,[2|206|2250],[[2|206|2250]],[2816]
152407,[66|5125|65|210|166|700|26|105],[[66|5125]|[65|210]|[166|700]|[26|105]],[[2|206|2250]|[999|6|10800]],[[999|6|10800]],[3285],999|6|10800,1524,,[],7,[2|206|2250],[[2|206|2250]],[3285]
152408,[66|5860|65|240|166|800|26|120],[[66|5860]|[65|240]|[166|800]|[26|120]],[[2|206|2250]|[999|6|10800]],[[999|6|10800]],[3754],999|6|10800,1524,,[],8,[2|206|2250],[[2|206|2250]],[3754]
152409,[66|6590|65|270|166|900|26|135],[[66|6590]|[65|270]|[166|900]|[26|135]],[[2|206|3000]|[999|6|14400]],[[999|6|14400]],[4224],999|6|14400,1524,,[],9,[2|206|3000],[[2|206|3000]],[4224]
152410,[66|9505|65|390|166|1000|26|150],[[66|9505]|[65|390]|[166|1000]|[26|150]],[[2|206|3000]|[999|6|14400]],[[999|6|14400]],[6096],999|6|14400,1524,,[],10,[2|206|3000],[[2|206|3000]],[6096]
152411,[66|10600|65|435|166|1100|26|165],[[66|10600]|[65|435]|[166|1100]|[26|165]],[[2|206|3000]|[999|6|14400]],[[999|6|14400]],[6798],999|6|14400,1524,,[],11,[2|206|3000],[[2|206|3000]],[6798]
152412,[66|11690|65|480|166|1200|26|180],[[66|11690]|[65|480]|[166|1200]|[26|180]],[[2|206|3000]|[999|6|14400]],[[999|6|14400]],[7498],999|6|14400,1524,,[],12,[2|206|3000],[[2|206|3000]],[7498]
152413,[66|12780|65|525|166|1300|26|195],[[66|12780]|[65|525]|[166|1300]|[26|195]],[[2|206|3750]|[999|6|18000]],[[999|6|18000]],[8200],999|6|18000,1524,,[],13,[2|206|3750],[[2|206|3750]],[8200]
152414,[66|13875|65|570|166|1400|26|210],[[66|13875]|[65|570]|[166|1400]|[26|210]],[[2|206|3750]|[999|6|18000]],[[999|6|18000]],[8901],999|6|18000,1524,,[],14,[2|206|3750],[[2|206|3750]],[8901]
152415,[66|14965|65|615|166|1500|26|225],[[66|14965]|[65|615]|[166|1500]|[26|225]],[[2|206|3750]|[999|6|18000]],[[999|6|18000]],[9603],999|6|18000,1524,,[],15,[2|206|3750],[[2|206|3750]],[9603]
152416,[66|16060|65|660|166|1600|26|240],[[66|16060]|[65|660]|[166|1600]|[26|240]],[[2|206|3750]|[999|6|18000]],[[999|6|18000]],[10304],999|6|18000,1524,,[],16,[2|206|3750],[[2|206|3750]],[10304]
152417,[66|17150|65|705|166|1700|26|255],[[66|17150]|[65|705]|[166|1700]|[26|255]],[[2|206|4500]|[999|6|21600]],[[999|6|21600]],[11006],999|6|21600,1524,,[],17,[2|206|4500],[[2|206|4500]],[11006]
152418,[66|18240|65|750|166|1800|26|270],[[66|18240]|[65|750]|[166|1800]|[26|270]],[[2|206|4500]|[999|6|21600]],[[999|6|21600]],[11707],999|6|21600,1524,,[],18,[2|206|4500],[[2|206|4500]],[11707]
152419,[66|19335|65|795|166|1900|26|285],[[66|19335]|[65|795]|[166|1900]|[26|285]],[[2|206|4500]|[999|6|21600]],[[999|6|21600]],[12408],999|6|21600,1524,,[],19,[2|206|4500],[[2|206|4500]],[12408]
152420,[66|23700|65|970|166|2000|26|300],[[66|23700]|[65|970]|[166|2000]|[26|300]],[[2|206|4500]|[999|6|21600]],[[999|6|21600]],[15189],999|6|21600,1524,,[],20,[2|206|4500],[[2|206|4500]],[15189]
152421,[66|25885|65|1060|166|2100|26|315],[[66|25885]|[65|1060]|[166|2100]|[26|315]],[[2|206|5250]|[999|6|25200]],[[999|6|25200]],[16592],999|6|25200,1524,,[],21,[2|206|5250],[[2|206|5250]],[16592]
152422,[66|28070|65|1150|166|2200|26|330],[[66|28070]|[65|1150]|[166|2200]|[26|330]],[[2|206|5250]|[999|6|25200]],[[999|6|25200]],[17995],999|6|25200,1524,,[],22,[2|206|5250],[[2|206|5250]],[17995]
152423,[66|30255|65|1240|166|2300|26|345],[[66|30255]|[65|1240]|[166|2300]|[26|345]],[[2|206|5250]|[999|6|25200]],[[999|6|25200]],[19398],999|6|25200,1524,,[],23,[2|206|5250],[[2|206|5250]],[19398]
152424,[66|32440|65|1330|166|2400|26|360],[[66|32440]|[65|1330]|[166|2400]|[26|360]],[[2|206|5250]|[999|6|25200]],[[999|6|25200]],[20800],999|6|25200,1524,,[],24,[2|206|5250],[[2|206|5250]],[20800]
152425,[66|34620|65|1420|166|2500|26|375],[[66|34620]|[65|1420]|[166|2500]|[26|375]],[[2|206|6000]|[999|6|28800]],[[999|6|28800]],[22203],999|6|28800,1524,,[],25,[2|206|6000],[[2|206|6000]],[22203]
152426,[66|36805|65|1510|166|2600|26|390],[[66|36805]|[65|1510]|[166|2600]|[26|390]],[[2|206|6000]|[999|6|28800]],[[999|6|28800]],[23606],999|6|28800,1524,,[],26,[2|206|6000],[[2|206|6000]],[23606]
152427,[66|38990|65|1600|166|2700|26|405],[[66|38990]|[65|1600]|[166|2700]|[26|405]],[[2|206|6000]|[999|6|28800]],[[999|6|28800]],[25008],999|6|28800,1524,,[],27,[2|206|6000],[[2|206|6000]],[25008]
152428,[66|41175|65|1690|166|2800|26|420],[[66|41175]|[65|1690]|[166|2800]|[26|420]],[[2|206|6000]|[999|6|28800]],[[999|6|28800]],[26410],999|6|28800,1524,,[],28,[2|206|6000],[[2|206|6000]],[26410]
152429,[66|43360|65|1780|166|2900|26|435],[[66|43360]|[65|1780]|[166|2900]|[26|435]],[[2|206|6750]|[999|6|32400]],[[999|6|32400]],[27813],999|6|32400,1524,,[],29,[2|206|6750],[[2|206|6750]],[27813]
152430,[66|52095|65|2130|166|3000|26|450],[[66|52095]|[65|2130]|[166|3000]|[26|450]],[[2|206|6750]|[999|6|32400]],[[999|6|32400]],[33376],999|6|32400,1524,,[],30,[2|206|6750],[[2|206|6750]],[33376]
152431,[66|55735|65|2280|166|3100|26|465],[[66|55735]|[65|2280]|[166|3100]|[26|465]],[[2|206|6750]|[999|6|32400]],[[999|6|32400]],[35715],999|6|32400,1524,,[],31,[2|206|6750],[[2|206|6750]],[35715]
152432,[66|59380|65|2430|166|3200|26|480],[[66|59380]|[65|2430]|[166|3200]|[26|480]],[[2|206|6750]|[999|6|32400]],[[999|6|32400]],[38054],999|6|32400,1524,,[],32,[2|206|6750],[[2|206|6750]],[38054]
152433,[66|63020|65|2580|166|3300|26|495],[[66|63020]|[65|2580]|[166|3300]|[26|495]],[[2|206|7500]|[999|6|36000]],[[999|6|36000]],[40392],999|6|36000,1524,,[],33,[2|206|7500],[[2|206|7500]],[40392]
152434,[66|66660|65|2730|166|3400|26|510],[[66|66660]|[65|2730]|[166|3400]|[26|510]],[[2|206|7500]|[999|6|36000]],[[999|6|36000]],[42730],999|6|36000,1524,,[],34,[2|206|7500],[[2|206|7500]],[42730]
152435,[66|70305|65|2880|166|3500|26|525],[[66|70305]|[65|2880]|[166|3500]|[26|525]],[[2|206|7500]|[999|6|36000]],[[999|6|36000]],[45069],999|6|36000,1524,,[],35,[2|206|7500],[[2|206|7500]],[45069]
152436,[66|73945|65|3030|166|3600|26|540],[[66|73945]|[65|3030]|[166|3600]|[26|540]],[[2|206|7500]|[999|6|36000]],[[999|6|36000]],[47408],999|6|36000,1524,,[],36,[2|206|7500],[[2|206|7500]],[47408]
152437,[66|77590|65|3180|166|3700|26|555],[[66|77590]|[65|3180]|[166|3700]|[26|555]],[[2|206|8250]|[999|6|39600]],[[999|6|39600]],[49747],999|6|39600,1524,,[],37,[2|206|8250],[[2|206|8250]],[49747]
152438,[66|81230|65|3330|166|3800|26|570],[[66|81230]|[65|3330]|[166|3800]|[26|570]],[[2|206|8250]|[999|6|39600]],[[999|6|39600]],[52086],999|6|39600,1524,,[],38,[2|206|8250],[[2|206|8250]],[52086]
152439,[66|84870|65|3480|166|3900|26|585],[[66|84870]|[65|3480]|[166|3900]|[26|585]],[[2|206|8250]|[999|6|39600]],[[999|6|39600]],[54424],999|6|39600,1524,,[],39,[2|206|8250],[[2|206|8250]],[54424]
152440,[66|99430|65|4065|166|4000|26|600],[[66|99430]|[65|4065]|[166|4000]|[26|600]],[[2|206|8250]|[999|6|39600]],[[999|6|39600]],[63702],999|6|39600,1524,,[],40,[2|206|8250],[[2|206|8250]],[63702]
153101,[65|80|66|295|165|100|8|15],[[65|80]|[66|295]|[165|100]|[8|15]],[[2|206|1500]|[999|6|7200]],[[999|6|7200]],[477],999|6|7200,1531,,[],1,[2|206|1500],[[2|206|1500]],[477]
153102,[65|155|66|585|165|200|8|30],[[65|155]|[66|585]|[165|200]|[8|30]],[[2|206|1500]|[999|6|7200]],[[999|6|7200]],[955],999|6|7200,1531,,[],2,[2|206|1500],[[2|206|1500]],[955]
153103,[65|235|66|875|165|300|8|45],[[65|235]|[66|875]|[165|300]|[8|45]],[[2|206|1500]|[999|6|7200]],[[999|6|7200]],[1432],999|6|7200,1531,,[],3,[2|206|1500],[[2|206|1500]],[1432]
153104,[65|310|66|1170|165|400|8|60],[[65|310]|[66|1170]|[165|400]|[8|60]],[[2|206|1500]|[999|6|7200]],[[999|6|7200]],[1910],999|6|7200,1531,,[],4,[2|206|1500],[[2|206|1500]],[1910]
153105,[65|385|66|1460|165|500|8|75],[[65|385]|[66|1460]|[165|500]|[8|75]],[[2|206|2250]|[999|6|10800]],[[999|6|10800]],[2386],999|6|10800,1531,,[],5,[2|206|2250],[[2|206|2250]],[2386]
153106,[65|465|66|1750|165|600|8|90],[[65|465]|[66|1750]|[165|600]|[8|90]],[[2|206|2250]|[999|6|10800]],[[999|6|10800]],[2864],999|6|10800,1531,,[],6,[2|206|2250],[[2|206|2250]],[2864]
153107,[65|540|66|2045|165|700|8|105],[[65|540]|[66|2045]|[165|700]|[8|105]],[[2|206|2250]|[999|6|10800]],[[999|6|10800]],[3342],999|6|10800,1531,,[],7,[2|206|2250],[[2|206|2250]],[3342]
153108,[65|620|66|2335|165|800|8|120],[[65|620]|[66|2335]|[165|800]|[8|120]],[[2|206|2250]|[999|6|10800]],[[999|6|10800]],[3819],999|6|10800,1531,,[],8,[2|206|2250],[[2|206|2250]],[3819]
153109,[65|695|66|2625|165|900|8|135],[[65|695]|[66|2625]|[165|900]|[8|135]],[[2|206|3000]|[999|6|14400]],[[999|6|14400]],[4296],999|6|14400,1531,,[],9,[2|206|3000],[[2|206|3000]],[4296]
153110,[65|1000|66|3775|165|1000|8|150],[[65|1000]|[66|3775]|[165|1000]|[8|150]],[[2|206|3000]|[999|6|14400]],[[999|6|14400]],[6174],999|6|14400,1531,,[],10,[2|206|3000],[[2|206|3000]],[6174]
153111,[65|1115|66|4210|165|1100|8|165],[[65|1115]|[66|4210]|[165|1100]|[8|165]],[[2|206|3000]|[999|6|14400]],[[999|6|14400]],[6888],999|6|14400,1531,,[],11,[2|206|3000],[[2|206|3000]],[6888]
153112,[65|1230|66|4645|165|1200|8|180],[[65|1230]|[66|4645]|[165|1200]|[8|180]],[[2|206|3000]|[999|6|14400]],[[999|6|14400]],[7603],999|6|14400,1531,,[],12,[2|206|3000],[[2|206|3000]],[7603]
153113,[65|1345|66|5080|165|1300|8|195],[[65|1345]|[66|5080]|[165|1300]|[8|195]],[[2|206|3750]|[999|6|18000]],[[999|6|18000]],[8318],999|6|18000,1531,,[],13,[2|206|3750],[[2|206|3750]],[8318]
153114,[65|1460|66|5515|165|1400|8|210],[[65|1460]|[66|5515]|[165|1400]|[8|210]],[[2|206|3750]|[999|6|18000]],[[999|6|18000]],[9032],999|6|18000,1531,,[],14,[2|206|3750],[[2|206|3750]],[9032]
153115,[65|1575|66|5950|165|1500|8|225],[[65|1575]|[66|5950]|[165|1500]|[8|225]],[[2|206|3750]|[999|6|18000]],[[999|6|18000]],[9747],999|6|18000,1531,,[],15,[2|206|3750],[[2|206|3750]],[9747]
153116,[65|1690|66|6380|165|1600|8|240],[[65|1690]|[66|6380]|[165|1600]|[8|240]],[[2|206|3750]|[999|6|18000]],[[999|6|18000]],[10461],999|6|18000,1531,,[],16,[2|206|3750],[[2|206|3750]],[10461]
153117,[65|1805|66|6815|165|1700|8|255],[[65|1805]|[66|6815]|[165|1700]|[8|255]],[[2|206|4500]|[999|6|21600]],[[999|6|21600]],[11176],999|6|21600,1531,,[],17,[2|206|4500],[[2|206|4500]],[11176]
153118,[65|1920|66|7250|165|1800|8|270],[[65|1920]|[66|7250]|[165|1800]|[8|270]],[[2|206|4500]|[999|6|21600]],[[999|6|21600]],[11890],999|6|21600,1531,,[],18,[2|206|4500],[[2|206|4500]],[11890]
153119,[65|2035|66|7685|165|1900|8|285],[[65|2035]|[66|7685]|[165|1900]|[8|285]],[[2|206|4500]|[999|6|21600]],[[999|6|21600]],[12606],999|6|21600,1531,,[],19,[2|206|4500],[[2|206|4500]],[12606]
153120,[65|2490|66|9405|165|2000|8|300],[[65|2490]|[66|9405]|[165|2000]|[8|300]],[[2|206|4500]|[999|6|21600]],[[999|6|21600]],[15408],999|6|21600,1531,,[],20,[2|206|4500],[[2|206|4500]],[15408]
153121,[65|2715|66|10270|165|2100|8|315],[[65|2715]|[66|10270]|[165|2100]|[8|315]],[[2|206|5250]|[999|6|25200]],[[999|6|25200]],[16810],999|6|25200,1531,,[],21,[2|206|5250],[[2|206|5250]],[16810]
153122,[65|2940|66|11135|165|2200|8|330],[[65|2940]|[66|11135]|[165|2200]|[8|330]],[[2|206|5250]|[999|6|25200]],[[999|6|25200]],[18213],999|6|25200,1531,,[],22,[2|206|5250],[[2|206|5250]],[18213]
153123,[65|3165|66|12000|165|2300|8|345],[[65|3165]|[66|12000]|[165|2300]|[8|345]],[[2|206|5250]|[999|6|25200]],[[999|6|25200]],[19616],999|6|25200,1531,,[],23,[2|206|5250],[[2|206|5250]],[19616]
153124,[65|3390|66|12860|165|2400|8|360],[[65|3390]|[66|12860]|[165|2400]|[8|360]],[[2|206|5250]|[999|6|25200]],[[999|6|25200]],[21019],999|6|25200,1531,,[],24,[2|206|5250],[[2|206|5250]],[21019]
153125,[65|3615|66|13725|165|2500|8|375],[[65|3615]|[66|13725]|[165|2500]|[8|375]],[[2|206|6000]|[999|6|28800]],[[999|6|28800]],[22422],999|6|28800,1531,,[],25,[2|206|6000],[[2|206|6000]],[22422]
153126,[65|3840|66|14590|165|2600|8|390],[[65|3840]|[66|14590]|[165|2600]|[8|390]],[[2|206|6000]|[999|6|28800]],[[999|6|28800]],[23824],999|6|28800,1531,,[],26,[2|206|6000],[[2|206|6000]],[23824]
153127,[65|4065|66|15450|165|2700|8|405],[[65|4065]|[66|15450]|[165|2700]|[8|405]],[[2|206|6000]|[999|6|28800]],[[999|6|28800]],[25227],999|6|28800,1531,,[],27,[2|206|6000],[[2|206|6000]],[25227]
153128,[65|4290|66|16315|165|2800|8|420],[[65|4290]|[66|16315]|[165|2800]|[8|420]],[[2|206|6000]|[999|6|28800]],[[999|6|28800]],[26630],999|6|28800,1531,,[],28,[2|206|6000],[[2|206|6000]],[26630]
153129,[65|4520|66|17180|165|2900|8|435],[[65|4520]|[66|17180]|[165|2900]|[8|435]],[[2|206|6750]|[999|6|32400]],[[999|6|32400]],[28032],999|6|32400,1531,,[],29,[2|206|6750],[[2|206|6750]],[28032]
153130,[65|5415|66|20615|165|3000|8|450],[[65|5415]|[66|20615]|[165|3000]|[8|450]],[[2|206|6750]|[999|6|32400]],[[999|6|32400]],[33610],999|6|32400,1531,,[],30,[2|206|6750],[[2|206|6750]],[33610]
153131,[65|5790|66|22050|165|3100|8|465],[[65|5790]|[66|22050]|[165|3100]|[8|465]],[[2|206|6750]|[999|6|32400]],[[999|6|32400]],[35938],999|6|32400,1531,,[],31,[2|206|6750],[[2|206|6750]],[35938]
153132,[65|6160|66|23485|165|3200|8|480],[[65|6160]|[66|23485]|[165|3200]|[8|480]],[[2|206|6750]|[999|6|32400]],[[999|6|32400]],[38266],999|6|32400,1531,,[],32,[2|206|6750],[[2|206|6750]],[38266]
153133,[65|6535|66|24925|165|3300|8|495],[[65|6535]|[66|24925]|[165|3300]|[8|495]],[[2|206|7500]|[999|6|36000]],[[999|6|36000]],[40594],999|6|36000,1531,,[],33,[2|206|7500],[[2|206|7500]],[40594]
153134,[65|6910|66|26360|165|3400|8|510],[[65|6910]|[66|26360]|[165|3400]|[8|510]],[[2|206|7500]|[999|6|36000]],[[999|6|36000]],[42922],999|6|36000,1531,,[],34,[2|206|7500],[[2|206|7500]],[42922]
153135,[65|7285|66|27795|165|3500|8|525],[[65|7285]|[66|27795]|[165|3500]|[8|525]],[[2|206|7500]|[999|6|36000]],[[999|6|36000]],[45250],999|6|36000,1531,,[],35,[2|206|7500],[[2|206|7500]],[45250]
153136,[65|7660|66|29230|165|3600|8|540],[[65|7660]|[66|29230]|[165|3600]|[8|540]],[[2|206|7500]|[999|6|36000]],[[999|6|36000]],[47578],999|6|36000,1531,,[],36,[2|206|7500],[[2|206|7500]],[47578]
153137,[65|8030|66|30665|165|3700|8|555],[[65|8030]|[66|30665]|[165|3700]|[8|555]],[[2|206|8250]|[999|6|39600]],[[999|6|39600]],[49906],999|6|39600,1531,,[],37,[2|206|8250],[[2|206|8250]],[49906]
153138,[65|8405|66|32100|165|3800|8|570],[[65|8405]|[66|32100]|[165|3800]|[8|570]],[[2|206|8250]|[999|6|39600]],[[999|6|39600]],[52234],999|6|39600,1531,,[],38,[2|206|8250],[[2|206|8250]],[52234]
153139,[65|8780|66|33535|165|3900|8|585],[[65|8780]|[66|33535]|[165|3900]|[8|585]],[[2|206|8250]|[999|6|39600]],[[999|6|39600]],[54562],999|6|39600,1531,,[],39,[2|206|8250],[[2|206|8250]],[54562]
153140,[65|10275|66|39260|165|4000|8|600],[[65|10275]|[66|39260]|[165|4000]|[8|600]],[[2|206|8250]|[999|6|39600]],[[999|6|39600]],[63867],999|6|39600,1531,,[],40,[2|206|8250],[[2|206|8250]],[63867]
153201,[66|675|65|35|166|100|16|15],[[66|675]|[65|35]|[166|100]|[16|15]],[[2|206|1500]|[999|6|7200]],[[999|6|7200]],[470],999|6|7200,1532,,[],1,[2|206|1500],[[2|206|1500]],[470]
153202,[66|1345|65|70|166|200|16|30],[[66|1345]|[65|70]|[166|200]|[16|30]],[[2|206|1500]|[999|6|7200]],[[999|6|7200]],[939],999|6|7200,1532,,[],2,[2|206|1500],[[2|206|1500]],[939]
153203,[66|2015|65|100|166|300|16|45],[[66|2015]|[65|100]|[166|300]|[16|45]],[[2|206|1500]|[999|6|7200]],[[999|6|7200]],[1408],999|6|7200,1532,,[],3,[2|206|1500],[[2|206|1500]],[1408]
153204,[66|2685|65|135|166|400|16|60],[[66|2685]|[65|135]|[166|400]|[16|60]],[[2|206|1500]|[999|6|7200]],[[999|6|7200]],[1878],999|6|7200,1532,,[],4,[2|206|1500],[[2|206|1500]],[1878]
153205,[66|3355|65|165|166|500|16|75],[[66|3355]|[65|165]|[166|500]|[16|75]],[[2|206|2250]|[999|6|10800]],[[999|6|10800]],[2347],999|6|10800,1532,,[],5,[2|206|2250],[[2|206|2250]],[2347]
153206,[66|4030|65|200|166|600|16|90],[[66|4030]|[65|200]|[166|600]|[16|90]],[[2|206|2250]|[999|6|10800]],[[999|6|10800]],[2816],999|6|10800,1532,,[],6,[2|206|2250],[[2|206|2250]],[2816]
153207,[66|4700|65|235|166|700|16|105],[[66|4700]|[65|235]|[166|700]|[16|105]],[[2|206|2250]|[999|6|10800]],[[999|6|10800]],[3285],999|6|10800,1532,,[],7,[2|206|2250],[[2|206|2250]],[3285]
153208,[66|5370|65|265|166|800|16|120],[[66|5370]|[65|265]|[166|800]|[16|120]],[[2|206|2250]|[999|6|10800]],[[999|6|10800]],[3754],999|6|10800,1532,,[],8,[2|206|2250],[[2|206|2250]],[3754]
153209,[66|6040|65|300|166|900|16|135],[[66|6040]|[65|300]|[166|900]|[16|135]],[[2|206|3000]|[999|6|14400]],[[999|6|14400]],[4224],999|6|14400,1532,,[],9,[2|206|3000],[[2|206|3000]],[4224]
153210,[66|8715|65|430|166|1000|16|150],[[66|8715]|[65|430]|[166|1000]|[16|150]],[[2|206|3000]|[999|6|14400]],[[999|6|14400]],[6096],999|6|14400,1532,,[],10,[2|206|3000],[[2|206|3000]],[6096]
153211,[66|9715|65|480|166|1100|16|165],[[66|9715]|[65|480]|[166|1100]|[16|165]],[[2|206|3000]|[999|6|14400]],[[999|6|14400]],[6798],999|6|14400,1532,,[],11,[2|206|3000],[[2|206|3000]],[6798]
153212,[66|10715|65|530|166|1200|16|180],[[66|10715]|[65|530]|[166|1200]|[16|180]],[[2|206|3000]|[999|6|14400]],[[999|6|14400]],[7498],999|6|14400,1532,,[],12,[2|206|3000],[[2|206|3000]],[7498]
153213,[66|11715|65|580|166|1300|16|195],[[66|11715]|[65|580]|[166|1300]|[16|195]],[[2|206|3750]|[999|6|18000]],[[999|6|18000]],[8200],999|6|18000,1532,,[],13,[2|206|3750],[[2|206|3750]],[8200]
153214,[66|12720|65|630|166|1400|16|210],[[66|12720]|[65|630]|[166|1400]|[16|210]],[[2|206|3750]|[999|6|18000]],[[999|6|18000]],[8901],999|6|18000,1532,,[],14,[2|206|3750],[[2|206|3750]],[8901]
153215,[66|13720|65|680|166|1500|16|225],[[66|13720]|[65|680]|[166|1500]|[16|225]],[[2|206|3750]|[999|6|18000]],[[999|6|18000]],[9603],999|6|18000,1532,,[],15,[2|206|3750],[[2|206|3750]],[9603]
153216,[66|14720|65|730|166|1600|16|240],[[66|14720]|[65|730]|[166|1600]|[16|240]],[[2|206|3750]|[999|6|18000]],[[999|6|18000]],[10304],999|6|18000,1532,,[],16,[2|206|3750],[[2|206|3750]],[10304]
153217,[66|15720|65|780|166|1700|16|255],[[66|15720]|[65|780]|[166|1700]|[16|255]],[[2|206|4500]|[999|6|21600]],[[999|6|21600]],[11006],999|6|21600,1532,,[],17,[2|206|4500],[[2|206|4500]],[11006]
153218,[66|16720|65|825|166|1800|16|270],[[66|16720]|[65|825]|[166|1800]|[16|270]],[[2|206|4500]|[999|6|21600]],[[999|6|21600]],[11707],999|6|21600,1532,,[],18,[2|206|4500],[[2|206|4500]],[11707]
153219,[66|17725|65|875|166|1900|16|285],[[66|17725]|[65|875]|[166|1900]|[16|285]],[[2|206|4500]|[999|6|21600]],[[999|6|21600]],[12408],999|6|21600,1532,,[],19,[2|206|4500],[[2|206|4500]],[12408]
153220,[66|21725|65|1070|166|2000|16|300],[[66|21725]|[65|1070]|[166|2000]|[16|300]],[[2|206|4500]|[999|6|21600]],[[999|6|21600]],[15189],999|6|21600,1532,,[],20,[2|206|4500],[[2|206|4500]],[15189]
153221,[66|23730|65|1170|166|2100|16|315],[[66|23730]|[65|1170]|[166|2100]|[16|315]],[[2|206|5250]|[999|6|25200]],[[999|6|25200]],[16592],999|6|25200,1532,,[],21,[2|206|5250],[[2|206|5250]],[16592]
153222,[66|25730|65|1265|166|2200|16|330],[[66|25730]|[65|1265]|[166|2200]|[16|330]],[[2|206|5250]|[999|6|25200]],[[999|6|25200]],[17995],999|6|25200,1532,,[],22,[2|206|5250],[[2|206|5250]],[17995]
153223,[66|27735|65|1365|166|2300|16|345],[[66|27735]|[65|1365]|[166|2300]|[16|345]],[[2|206|5250]|[999|6|25200]],[[999|6|25200]],[19398],999|6|25200,1532,,[],23,[2|206|5250],[[2|206|5250]],[19398]
153224,[66|29735|65|1465|166|2400|16|360],[[66|29735]|[65|1465]|[166|2400]|[16|360]],[[2|206|5250]|[999|6|25200]],[[999|6|25200]],[20800],999|6|25200,1532,,[],24,[2|206|5250],[[2|206|5250]],[20800]
153225,[66|31735|65|1565|166|2500|16|375],[[66|31735]|[65|1565]|[166|2500]|[16|375]],[[2|206|6000]|[999|6|28800]],[[999|6|28800]],[22203],999|6|28800,1532,,[],25,[2|206|6000],[[2|206|6000]],[22203]
153226,[66|33740|65|1665|166|2600|16|390],[[66|33740]|[65|1665]|[166|2600]|[16|390]],[[2|206|6000]|[999|6|28800]],[[999|6|28800]],[23606],999|6|28800,1532,,[],26,[2|206|6000],[[2|206|6000]],[23606]
153227,[66|35740|65|1760|166|2700|16|405],[[66|35740]|[65|1760]|[166|2700]|[16|405]],[[2|206|6000]|[999|6|28800]],[[999|6|28800]],[25008],999|6|28800,1532,,[],27,[2|206|6000],[[2|206|6000]],[25008]
153228,[66|37745|65|1860|166|2800|16|420],[[66|37745]|[65|1860]|[166|2800]|[16|420]],[[2|206|6000]|[999|6|28800]],[[999|6|28800]],[26410],999|6|28800,1532,,[],28,[2|206|6000],[[2|206|6000]],[26410]
153229,[66|39745|65|1960|166|2900|16|435],[[66|39745]|[65|1960]|[166|2900]|[16|435]],[[2|206|6750]|[999|6|32400]],[[999|6|32400]],[27813],999|6|32400,1532,,[],29,[2|206|6750],[[2|206|6750]],[27813]
153230,[66|47755|65|2345|166|3000|16|450],[[66|47755]|[65|2345]|[166|3000]|[16|450]],[[2|206|6750]|[999|6|32400]],[[999|6|32400]],[33376],999|6|32400,1532,,[],30,[2|206|6750],[[2|206|6750]],[33376]
153231,[66|51090|65|2510|166|3100|16|465],[[66|51090]|[65|2510]|[166|3100]|[16|465]],[[2|206|6750]|[999|6|32400]],[[999|6|32400]],[35715],999|6|32400,1532,,[],31,[2|206|6750],[[2|206|6750]],[35715]
153232,[66|54430|65|2675|166|3200|16|480],[[66|54430]|[65|2675]|[166|3200]|[16|480]],[[2|206|6750]|[999|6|32400]],[[999|6|32400]],[38054],999|6|32400,1532,,[],32,[2|206|6750],[[2|206|6750]],[38054]
153233,[66|57770|65|2840|166|3300|16|495],[[66|57770]|[65|2840]|[166|3300]|[16|495]],[[2|206|7500]|[999|6|36000]],[[999|6|36000]],[40392],999|6|36000,1532,,[],33,[2|206|7500],[[2|206|7500]],[40392]
153234,[66|61105|65|3005|166|3400|16|510],[[66|61105]|[65|3005]|[166|3400]|[16|510]],[[2|206|7500]|[999|6|36000]],[[999|6|36000]],[42730],999|6|36000,1532,,[],34,[2|206|7500],[[2|206|7500]],[42730]
153235,[66|64445|65|3170|166|3500|16|525],[[66|64445]|[65|3170]|[166|3500]|[16|525]],[[2|206|7500]|[999|6|36000]],[[999|6|36000]],[45069],999|6|36000,1532,,[],35,[2|206|7500],[[2|206|7500]],[45069]
153236,[66|67785|65|3335|166|3600|16|540],[[66|67785]|[65|3335]|[166|3600]|[16|540]],[[2|206|7500]|[999|6|36000]],[[999|6|36000]],[47408],999|6|36000,1532,,[],36,[2|206|7500],[[2|206|7500]],[47408]
153237,[66|71125|65|3500|166|3700|16|555],[[66|71125]|[65|3500]|[166|3700]|[16|555]],[[2|206|8250]|[999|6|39600]],[[999|6|39600]],[49747],999|6|39600,1532,,[],37,[2|206|8250],[[2|206|8250]],[49747]
153238,[66|74460|65|3665|166|3800|16|570],[[66|74460]|[65|3665]|[166|3800]|[16|570]],[[2|206|8250]|[999|6|39600]],[[999|6|39600]],[52086],999|6|39600,1532,,[],38,[2|206|8250],[[2|206|8250]],[52086]
153239,[66|77800|65|3830|166|3900|16|585],[[66|77800]|[65|3830]|[166|3900]|[16|585]],[[2|206|8250]|[999|6|39600]],[[999|6|39600]],[54424],999|6|39600,1532,,[],39,[2|206|8250],[[2|206|8250]],[54424]
153240,[66|91145|65|4475|166|4000|16|600],[[66|91145]|[65|4475]|[166|4000]|[16|600]],[[2|206|8250]|[999|6|39600]],[[999|6|39600]],[63702],999|6|39600,1532,,[],40,[2|206|8250],[[2|206|8250]],[63702]
153301,[65|80|66|295|165|100|10|15],[[65|80]|[66|295]|[165|100]|[10|15]],[[2|206|1500]|[999|6|7200]],[[999|6|7200]],[477],999|6|7200,1533,,[],1,[2|206|1500],[[2|206|1500]],[477]
153302,[65|155|66|585|165|200|10|30],[[65|155]|[66|585]|[165|200]|[10|30]],[[2|206|1500]|[999|6|7200]],[[999|6|7200]],[955],999|6|7200,1533,,[],2,[2|206|1500],[[2|206|1500]],[955]
153303,[65|235|66|875|165|300|10|45],[[65|235]|[66|875]|[165|300]|[10|45]],[[2|206|1500]|[999|6|7200]],[[999|6|7200]],[1432],999|6|7200,1533,,[],3,[2|206|1500],[[2|206|1500]],[1432]
153304,[65|310|66|1170|165|400|10|60],[[65|310]|[66|1170]|[165|400]|[10|60]],[[2|206|1500]|[999|6|7200]],[[999|6|7200]],[1910],999|6|7200,1533,,[],4,[2|206|1500],[[2|206|1500]],[1910]
153305,[65|385|66|1460|165|500|10|75],[[65|385]|[66|1460]|[165|500]|[10|75]],[[2|206|2250]|[999|6|10800]],[[999|6|10800]],[2386],999|6|10800,1533,,[],5,[2|206|2250],[[2|206|2250]],[2386]
153306,[65|465|66|1750|165|600|10|90],[[65|465]|[66|1750]|[165|600]|[10|90]],[[2|206|2250]|[999|6|10800]],[[999|6|10800]],[2864],999|6|10800,1533,,[],6,[2|206|2250],[[2|206|2250]],[2864]
153307,[65|540|66|2045|165|700|10|105],[[65|540]|[66|2045]|[165|700]|[10|105]],[[2|206|2250]|[999|6|10800]],[[999|6|10800]],[3342],999|6|10800,1533,,[],7,[2|206|2250],[[2|206|2250]],[3342]
153308,[65|620|66|2335|165|800|10|120],[[65|620]|[66|2335]|[165|800]|[10|120]],[[2|206|2250]|[999|6|10800]],[[999|6|10800]],[3819],999|6|10800,1533,,[],8,[2|206|2250],[[2|206|2250]],[3819]
153309,[65|695|66|2625|165|900|10|135],[[65|695]|[66|2625]|[165|900]|[10|135]],[[2|206|3000]|[999|6|14400]],[[999|6|14400]],[4296],999|6|14400,1533,,[],9,[2|206|3000],[[2|206|3000]],[4296]
153310,[65|1000|66|3775|165|1000|10|150],[[65|1000]|[66|3775]|[165|1000]|[10|150]],[[2|206|3000]|[999|6|14400]],[[999|6|14400]],[6174],999|6|14400,1533,,[],10,[2|206|3000],[[2|206|3000]],[6174]
153311,[65|1115|66|4210|165|1100|10|165],[[65|1115]|[66|4210]|[165|1100]|[10|165]],[[2|206|3000]|[999|6|14400]],[[999|6|14400]],[6888],999|6|14400,1533,,[],11,[2|206|3000],[[2|206|3000]],[6888]
153312,[65|1230|66|4645|165|1200|10|180],[[65|1230]|[66|4645]|[165|1200]|[10|180]],[[2|206|3000]|[999|6|14400]],[[999|6|14400]],[7603],999|6|14400,1533,,[],12,[2|206|3000],[[2|206|3000]],[7603]
153313,[65|1345|66|5080|165|1300|10|195],[[65|1345]|[66|5080]|[165|1300]|[10|195]],[[2|206|3750]|[999|6|18000]],[[999|6|18000]],[8318],999|6|18000,1533,,[],13,[2|206|3750],[[2|206|3750]],[8318]
153314,[65|1460|66|5515|165|1400|10|210],[[65|1460]|[66|5515]|[165|1400]|[10|210]],[[2|206|3750]|[999|6|18000]],[[999|6|18000]],[9032],999|6|18000,1533,,[],14,[2|206|3750],[[2|206|3750]],[9032]
153315,[65|1575|66|5950|165|1500|10|225],[[65|1575]|[66|5950]|[165|1500]|[10|225]],[[2|206|3750]|[999|6|18000]],[[999|6|18000]],[9747],999|6|18000,1533,,[],15,[2|206|3750],[[2|206|3750]],[9747]
153316,[65|1690|66|6380|165|1600|10|240],[[65|1690]|[66|6380]|[165|1600]|[10|240]],[[2|206|3750]|[999|6|18000]],[[999|6|18000]],[10461],999|6|18000,1533,,[],16,[2|206|3750],[[2|206|3750]],[10461]
153317,[65|1805|66|6815|165|1700|10|255],[[65|1805]|[66|6815]|[165|1700]|[10|255]],[[2|206|4500]|[999|6|21600]],[[999|6|21600]],[11176],999|6|21600,1533,,[],17,[2|206|4500],[[2|206|4500]],[11176]
153318,[65|1920|66|7250|165|1800|10|270],[[65|1920]|[66|7250]|[165|1800]|[10|270]],[[2|206|4500]|[999|6|21600]],[[999|6|21600]],[11890],999|6|21600,1533,,[],18,[2|206|4500],[[2|206|4500]],[11890]
153319,[65|2035|66|7685|165|1900|10|285],[[65|2035]|[66|7685]|[165|1900]|[10|285]],[[2|206|4500]|[999|6|21600]],[[999|6|21600]],[12606],999|6|21600,1533,,[],19,[2|206|4500],[[2|206|4500]],[12606]
153320,[65|2490|66|9405|165|2000|10|300],[[65|2490]|[66|9405]|[165|2000]|[10|300]],[[2|206|4500]|[999|6|21600]],[[999|6|21600]],[15408],999|6|21600,1533,,[],20,[2|206|4500],[[2|206|4500]],[15408]
153321,[65|2715|66|10270|165|2100|10|315],[[65|2715]|[66|10270]|[165|2100]|[10|315]],[[2|206|5250]|[999|6|25200]],[[999|6|25200]],[16810],999|6|25200,1533,,[],21,[2|206|5250],[[2|206|5250]],[16810]
153322,[65|2940|66|11135|165|2200|10|330],[[65|2940]|[66|11135]|[165|2200]|[10|330]],[[2|206|5250]|[999|6|25200]],[[999|6|25200]],[18213],999|6|25200,1533,,[],22,[2|206|5250],[[2|206|5250]],[18213]
153323,[65|3165|66|12000|165|2300|10|345],[[65|3165]|[66|12000]|[165|2300]|[10|345]],[[2|206|5250]|[999|6|25200]],[[999|6|25200]],[19616],999|6|25200,1533,,[],23,[2|206|5250],[[2|206|5250]],[19616]
153324,[65|3390|66|12860|165|2400|10|360],[[65|3390]|[66|12860]|[165|2400]|[10|360]],[[2|206|5250]|[999|6|25200]],[[999|6|25200]],[21019],999|6|25200,1533,,[],24,[2|206|5250],[[2|206|5250]],[21019]
153325,[65|3615|66|13725|165|2500|10|375],[[65|3615]|[66|13725]|[165|2500]|[10|375]],[[2|206|6000]|[999|6|28800]],[[999|6|28800]],[22422],999|6|28800,1533,,[],25,[2|206|6000],[[2|206|6000]],[22422]
153326,[65|3840|66|14590|165|2600|10|390],[[65|3840]|[66|14590]|[165|2600]|[10|390]],[[2|206|6000]|[999|6|28800]],[[999|6|28800]],[23824],999|6|28800,1533,,[],26,[2|206|6000],[[2|206|6000]],[23824]
153327,[65|4065|66|15450|165|2700|10|405],[[65|4065]|[66|15450]|[165|2700]|[10|405]],[[2|206|6000]|[999|6|28800]],[[999|6|28800]],[25227],999|6|28800,1533,,[],27,[2|206|6000],[[2|206|6000]],[25227]
153328,[65|4290|66|16315|165|2800|10|420],[[65|4290]|[66|16315]|[165|2800]|[10|420]],[[2|206|6000]|[999|6|28800]],[[999|6|28800]],[26630],999|6|28800,1533,,[],28,[2|206|6000],[[2|206|6000]],[26630]
153329,[65|4520|66|17180|165|2900|10|435],[[65|4520]|[66|17180]|[165|2900]|[10|435]],[[2|206|6750]|[999|6|32400]],[[999|6|32400]],[28032],999|6|32400,1533,,[],29,[2|206|6750],[[2|206|6750]],[28032]
153330,[65|5415|66|20615|165|3000|10|450],[[65|5415]|[66|20615]|[165|3000]|[10|450]],[[2|206|6750]|[999|6|32400]],[[999|6|32400]],[33610],999|6|32400,1533,,[],30,[2|206|6750],[[2|206|6750]],[33610]
153331,[65|5790|66|22050|165|3100|10|465],[[65|5790]|[66|22050]|[165|3100]|[10|465]],[[2|206|6750]|[999|6|32400]],[[999|6|32400]],[35938],999|6|32400,1533,,[],31,[2|206|6750],[[2|206|6750]],[35938]
153332,[65|6160|66|23485|165|3200|10|480],[[65|6160]|[66|23485]|[165|3200]|[10|480]],[[2|206|6750]|[999|6|32400]],[[999|6|32400]],[38266],999|6|32400,1533,,[],32,[2|206|6750],[[2|206|6750]],[38266]
153333,[65|6535|66|24925|165|3300|10|495],[[65|6535]|[66|24925]|[165|3300]|[10|495]],[[2|206|7500]|[999|6|36000]],[[999|6|36000]],[40594],999|6|36000,1533,,[],33,[2|206|7500],[[2|206|7500]],[40594]
153334,[65|6910|66|26360|165|3400|10|510],[[65|6910]|[66|26360]|[165|3400]|[10|510]],[[2|206|7500]|[999|6|36000]],[[999|6|36000]],[42922],999|6|36000,1533,,[],34,[2|206|7500],[[2|206|7500]],[42922]
153335,[65|7285|66|27795|165|3500|10|525],[[65|7285]|[66|27795]|[165|3500]|[10|525]],[[2|206|7500]|[999|6|36000]],[[999|6|36000]],[45250],999|6|36000,1533,,[],35,[2|206|7500],[[2|206|7500]],[45250]
153336,[65|7660|66|29230|165|3600|10|540],[[65|7660]|[66|29230]|[165|3600]|[10|540]],[[2|206|7500]|[999|6|36000]],[[999|6|36000]],[47578],999|6|36000,1533,,[],36,[2|206|7500],[[2|206|7500]],[47578]
153337,[65|8030|66|30665|165|3700|10|555],[[65|8030]|[66|30665]|[165|3700]|[10|555]],[[2|206|8250]|[999|6|39600]],[[999|6|39600]],[49906],999|6|39600,1533,,[],37,[2|206|8250],[[2|206|8250]],[49906]
153338,[65|8405|66|32100|165|3800|10|570],[[65|8405]|[66|32100]|[165|3800]|[10|570]],[[2|206|8250]|[999|6|39600]],[[999|6|39600]],[52234],999|6|39600,1533,,[],38,[2|206|8250],[[2|206|8250]],[52234]
153339,[65|8780|66|33535|165|3900|10|585],[[65|8780]|[66|33535]|[165|3900]|[10|585]],[[2|206|8250]|[999|6|39600]],[[999|6|39600]],[54562],999|6|39600,1533,,[],39,[2|206|8250],[[2|206|8250]],[54562]
153340,[65|10275|66|39260|165|4000|10|600],[[65|10275]|[66|39260]|[165|4000]|[10|600]],[[2|206|8250]|[999|6|39600]],[[999|6|39600]],[63867],999|6|39600,1533,,[],40,[2|206|8250],[[2|206|8250]],[63867]
153401,[66|675|65|35|166|100|26|15],[[66|675]|[65|35]|[166|100]|[26|15]],[[2|206|1500]|[999|6|7200]],[[999|6|7200]],[470],999|6|7200,1534,,[],1,[2|206|1500],[[2|206|1500]],[470]
153402,[66|1345|65|70|166|200|26|30],[[66|1345]|[65|70]|[166|200]|[26|30]],[[2|206|1500]|[999|6|7200]],[[999|6|7200]],[939],999|6|7200,1534,,[],2,[2|206|1500],[[2|206|1500]],[939]
153403,[66|2015|65|100|166|300|26|45],[[66|2015]|[65|100]|[166|300]|[26|45]],[[2|206|1500]|[999|6|7200]],[[999|6|7200]],[1408],999|6|7200,1534,,[],3,[2|206|1500],[[2|206|1500]],[1408]
153404,[66|2685|65|135|166|400|26|60],[[66|2685]|[65|135]|[166|400]|[26|60]],[[2|206|1500]|[999|6|7200]],[[999|6|7200]],[1878],999|6|7200,1534,,[],4,[2|206|1500],[[2|206|1500]],[1878]
153405,[66|3355|65|165|166|500|26|75],[[66|3355]|[65|165]|[166|500]|[26|75]],[[2|206|2250]|[999|6|10800]],[[999|6|10800]],[2347],999|6|10800,1534,,[],5,[2|206|2250],[[2|206|2250]],[2347]
153406,[66|4030|65|200|166|600|26|90],[[66|4030]|[65|200]|[166|600]|[26|90]],[[2|206|2250]|[999|6|10800]],[[999|6|10800]],[2816],999|6|10800,1534,,[],6,[2|206|2250],[[2|206|2250]],[2816]
153407,[66|4700|65|235|166|700|26|105],[[66|4700]|[65|235]|[166|700]|[26|105]],[[2|206|2250]|[999|6|10800]],[[999|6|10800]],[3285],999|6|10800,1534,,[],7,[2|206|2250],[[2|206|2250]],[3285]
153408,[66|5370|65|265|166|800|26|120],[[66|5370]|[65|265]|[166|800]|[26|120]],[[2|206|2250]|[999|6|10800]],[[999|6|10800]],[3754],999|6|10800,1534,,[],8,[2|206|2250],[[2|206|2250]],[3754]
153409,[66|6040|65|300|166|900|26|135],[[66|6040]|[65|300]|[166|900]|[26|135]],[[2|206|3000]|[999|6|14400]],[[999|6|14400]],[4224],999|6|14400,1534,,[],9,[2|206|3000],[[2|206|3000]],[4224]
153410,[66|8715|65|430|166|1000|26|150],[[66|8715]|[65|430]|[166|1000]|[26|150]],[[2|206|3000]|[999|6|14400]],[[999|6|14400]],[6096],999|6|14400,1534,,[],10,[2|206|3000],[[2|206|3000]],[6096]
153411,[66|9715|65|480|166|1100|26|165],[[66|9715]|[65|480]|[166|1100]|[26|165]],[[2|206|3000]|[999|6|14400]],[[999|6|14400]],[6798],999|6|14400,1534,,[],11,[2|206|3000],[[2|206|3000]],[6798]
153412,[66|10715|65|530|166|1200|26|180],[[66|10715]|[65|530]|[166|1200]|[26|180]],[[2|206|3000]|[999|6|14400]],[[999|6|14400]],[7498],999|6|14400,1534,,[],12,[2|206|3000],[[2|206|3000]],[7498]
153413,[66|11715|65|580|166|1300|26|195],[[66|11715]|[65|580]|[166|1300]|[26|195]],[[2|206|3750]|[999|6|18000]],[[999|6|18000]],[8200],999|6|18000,1534,,[],13,[2|206|3750],[[2|206|3750]],[8200]
153414,[66|12720|65|630|166|1400|26|210],[[66|12720]|[65|630]|[166|1400]|[26|210]],[[2|206|3750]|[999|6|18000]],[[999|6|18000]],[8901],999|6|18000,1534,,[],14,[2|206|3750],[[2|206|3750]],[8901]
153415,[66|13720|65|680|166|1500|26|225],[[66|13720]|[65|680]|[166|1500]|[26|225]],[[2|206|3750]|[999|6|18000]],[[999|6|18000]],[9603],999|6|18000,1534,,[],15,[2|206|3750],[[2|206|3750]],[9603]
153416,[66|14720|65|730|166|1600|26|240],[[66|14720]|[65|730]|[166|1600]|[26|240]],[[2|206|3750]|[999|6|18000]],[[999|6|18000]],[10304],999|6|18000,1534,,[],16,[2|206|3750],[[2|206|3750]],[10304]
153417,[66|15720|65|780|166|1700|26|255],[[66|15720]|[65|780]|[166|1700]|[26|255]],[[2|206|4500]|[999|6|21600]],[[999|6|21600]],[11006],999|6|21600,1534,,[],17,[2|206|4500],[[2|206|4500]],[11006]
153418,[66|16720|65|825|166|1800|26|270],[[66|16720]|[65|825]|[166|1800]|[26|270]],[[2|206|4500]|[999|6|21600]],[[999|6|21600]],[11707],999|6|21600,1534,,[],18,[2|206|4500],[[2|206|4500]],[11707]
153419,[66|17725|65|875|166|1900|26|285],[[66|17725]|[65|875]|[166|1900]|[26|285]],[[2|206|4500]|[999|6|21600]],[[999|6|21600]],[12408],999|6|21600,1534,,[],19,[2|206|4500],[[2|206|4500]],[12408]
153420,[66|21725|65|1070|166|2000|26|300],[[66|21725]|[65|1070]|[166|2000]|[26|300]],[[2|206|4500]|[999|6|21600]],[[999|6|21600]],[15189],999|6|21600,1534,,[],20,[2|206|4500],[[2|206|4500]],[15189]
153421,[66|23730|65|1170|166|2100|26|315],[[66|23730]|[65|1170]|[166|2100]|[26|315]],[[2|206|5250]|[999|6|25200]],[[999|6|25200]],[16592],999|6|25200,1534,,[],21,[2|206|5250],[[2|206|5250]],[16592]
153422,[66|25730|65|1265|166|2200|26|330],[[66|25730]|[65|1265]|[166|2200]|[26|330]],[[2|206|5250]|[999|6|25200]],[[999|6|25200]],[17995],999|6|25200,1534,,[],22,[2|206|5250],[[2|206|5250]],[17995]
153423,[66|27735|65|1365|166|2300|26|345],[[66|27735]|[65|1365]|[166|2300]|[26|345]],[[2|206|5250]|[999|6|25200]],[[999|6|25200]],[19398],999|6|25200,1534,,[],23,[2|206|5250],[[2|206|5250]],[19398]
153424,[66|29735|65|1465|166|2400|26|360],[[66|29735]|[65|1465]|[166|2400]|[26|360]],[[2|206|5250]|[999|6|25200]],[[999|6|25200]],[20800],999|6|25200,1534,,[],24,[2|206|5250],[[2|206|5250]],[20800]
153425,[66|31735|65|1565|166|2500|26|375],[[66|31735]|[65|1565]|[166|2500]|[26|375]],[[2|206|6000]|[999|6|28800]],[[999|6|28800]],[22203],999|6|28800,1534,,[],25,[2|206|6000],[[2|206|6000]],[22203]
153426,[66|33740|65|1665|166|2600|26|390],[[66|33740]|[65|1665]|[166|2600]|[26|390]],[[2|206|6000]|[999|6|28800]],[[999|6|28800]],[23606],999|6|28800,1534,,[],26,[2|206|6000],[[2|206|6000]],[23606]
153427,[66|35740|65|1760|166|2700|26|405],[[66|35740]|[65|1760]|[166|2700]|[26|405]],[[2|206|6000]|[999|6|28800]],[[999|6|28800]],[25008],999|6|28800,1534,,[],27,[2|206|6000],[[2|206|6000]],[25008]
153428,[66|37745|65|1860|166|2800|26|420],[[66|37745]|[65|1860]|[166|2800]|[26|420]],[[2|206|6000]|[999|6|28800]],[[999|6|28800]],[26410],999|6|28800,1534,,[],28,[2|206|6000],[[2|206|6000]],[26410]
153429,[66|39745|65|1960|166|2900|26|435],[[66|39745]|[65|1960]|[166|2900]|[26|435]],[[2|206|6750]|[999|6|32400]],[[999|6|32400]],[27813],999|6|32400,1534,,[],29,[2|206|6750],[[2|206|6750]],[27813]
153430,[66|47755|65|2345|166|3000|26|450],[[66|47755]|[65|2345]|[166|3000]|[26|450]],[[2|206|6750]|[999|6|32400]],[[999|6|32400]],[33376],999|6|32400,1534,,[],30,[2|206|6750],[[2|206|6750]],[33376]
153431,[66|51090|65|2510|166|3100|26|465],[[66|51090]|[65|2510]|[166|3100]|[26|465]],[[2|206|6750]|[999|6|32400]],[[999|6|32400]],[35715],999|6|32400,1534,,[],31,[2|206|6750],[[2|206|6750]],[35715]
153432,[66|54430|65|2675|166|3200|26|480],[[66|54430]|[65|2675]|[166|3200]|[26|480]],[[2|206|6750]|[999|6|32400]],[[999|6|32400]],[38054],999|6|32400,1534,,[],32,[2|206|6750],[[2|206|6750]],[38054]
153433,[66|57770|65|2840|166|3300|26|495],[[66|57770]|[65|2840]|[166|3300]|[26|495]],[[2|206|7500]|[999|6|36000]],[[999|6|36000]],[40392],999|6|36000,1534,,[],33,[2|206|7500],[[2|206|7500]],[40392]
153434,[66|61105|65|3005|166|3400|26|510],[[66|61105]|[65|3005]|[166|3400]|[26|510]],[[2|206|7500]|[999|6|36000]],[[999|6|36000]],[42730],999|6|36000,1534,,[],34,[2|206|7500],[[2|206|7500]],[42730]
153435,[66|64445|65|3170|166|3500|26|525],[[66|64445]|[65|3170]|[166|3500]|[26|525]],[[2|206|7500]|[999|6|36000]],[[999|6|36000]],[45069],999|6|36000,1534,,[],35,[2|206|7500],[[2|206|7500]],[45069]
153436,[66|67785|65|3335|166|3600|26|540],[[66|67785]|[65|3335]|[166|3600]|[26|540]],[[2|206|7500]|[999|6|36000]],[[999|6|36000]],[47408],999|6|36000,1534,,[],36,[2|206|7500],[[2|206|7500]],[47408]
153437,[66|71125|65|3500|166|3700|26|555],[[66|71125]|[65|3500]|[166|3700]|[26|555]],[[2|206|8250]|[999|6|39600]],[[999|6|39600]],[49747],999|6|39600,1534,,[],37,[2|206|8250],[[2|206|8250]],[49747]
153438,[66|74460|65|3665|166|3800|26|570],[[66|74460]|[65|3665]|[166|3800]|[26|570]],[[2|206|8250]|[999|6|39600]],[[999|6|39600]],[52086],999|6|39600,1534,,[],38,[2|206|8250],[[2|206|8250]],[52086]
153439,[66|77800|65|3830|166|3900|26|585],[[66|77800]|[65|3830]|[166|3900]|[26|585]],[[2|206|8250]|[999|6|39600]],[[999|6|39600]],[54424],999|6|39600,1534,,[],39,[2|206|8250],[[2|206|8250]],[54424]
153440,[66|91145|65|4475|166|4000|26|600],[[66|91145]|[65|4475]|[166|4000]|[26|600]],[[2|206|8250]|[999|6|39600]],[[999|6|39600]],[63702],999|6|39600,1534,,[],40,[2|206|8250],[[2|206|8250]],[63702]
