id,group_id,hero_attr,heroAttrs,level,player_attr,playerAttrs,power
1001301,10013,,[],1,[1012|80],[1012|80],528
1002301,10023,,[],1,[1013|80],[1013|80],528
1003301,10033,,[],1,[1014|80],[1014|80],528
1004301,10043,,[],1,[1072|80],[1072|80],528
1005301,10053,,[],1,[1004|80],[1004|80],528
1006301,10063,,[],1,[1005|80],[1005|80],528
1007301,10073,,[],1,[1006|80],[1006|80],528
1008301,10083,,[],1,[1001|60],[1001|60],528
1009301,10093,,[],1,[1033|80],[1033|80],528
1010301,10103,,[],1,[1034|80],[1034|80],528
1011301,10113,,[],1,[1022|80],[1022|80],528
1012301,10123,,[],1,[1016|80],[1016|80],528
2001301,20013,[10103|200],[10103|200],1,,[],528
2002301,20023,[10103|200],[10103|200],1,,[],528
2003301,20033,[8|80],[8|80],1,,[],528
2004301,20043,[10|160],[10|160],1,,[],528
2005301,20053,[9|80],[9|80],1,,[],528
2006301,20063,[12|80],[12|80],1,,[],528
2007301,20073,[13|80],[13|80],1,,[],528
2008301,20083,[16|80],[16|80],1,,[],528
2009301,20093,[17|80],[17|80],1,,[],528
2010301,20103,[20|120],[20|120],1,,[],528
2011301,20113,[21|120],[21|120],1,,[],528
2012301,20123,[37|120],[37|120],1,,[],528
2013301,20133,[38|120],[38|120],1,,[],528
2014301,20143,[15|50],[15|50],1,,[],528
2015301,20153,[33|80],[33|80],1,,[],528
2016301,20163,[34|80],[34|80],1,,[],528
2017301,20173,,[],1,[1002|120],[1002|120],528
2018301,20183,,[],1,[1076|120],[1076|120],528
2019301,20193,,[],1,[1018|40],[1018|40],528
2020301,20203,,[],1,[1093|8000],[1093|8000],528
2021301,20213,,[],1,[1093|8000],[1093|8000],528
2022301,20223,,[],1,[1061|40],[1061|40],528
2023301,20233,,[],1,[57|10],[57|10],528
2024301,20243,,[],1,[1075|1000],[1075|1000],528
2025301,20253,[10104|600],[10104|600],1,,[],528
1001302,10013,,[],2,[1012|160],[1012|160],1056
1002302,10023,,[],2,[1013|160],[1013|160],1056
1003302,10033,,[],2,[1014|160],[1014|160],1056
1004302,10043,,[],2,[1072|160],[1072|160],1056
1005302,10053,,[],2,[1004|160],[1004|160],1056
1006302,10063,,[],2,[1005|160],[1005|160],1056
1007302,10073,,[],2,[1006|160],[1006|160],1056
1008302,10083,,[],2,[1001|120],[1001|120],1056
1009302,10093,,[],2,[1033|160],[1033|160],1056
1010302,10103,,[],2,[1034|160],[1034|160],1056
1011302,10113,,[],2,[1022|160],[1022|160],1056
1012302,10123,,[],2,[1016|160],[1016|160],1056
2001302,20013,[10103|400],[10103|400],2,,[],1056
2002302,20023,[10103|400],[10103|400],2,,[],1056
2003302,20033,[8|160],[8|160],2,,[],1056
2004302,20043,[10|320],[10|320],2,,[],1056
2005302,20053,[9|160],[9|160],2,,[],1056
2006302,20063,[12|160],[12|160],2,,[],1056
2007302,20073,[13|160],[13|160],2,,[],1056
2008302,20083,[16|160],[16|160],2,,[],1056
2009302,20093,[17|160],[17|160],2,,[],1056
2010302,20103,[20|240],[20|240],2,,[],1056
2011302,20113,[21|240],[21|240],2,,[],1056
2012302,20123,[37|240],[37|240],2,,[],1056
2013302,20133,[38|240],[38|240],2,,[],1056
2014302,20143,[15|100],[15|100],2,,[],1056
2015302,20153,[33|160],[33|160],2,,[],1056
2016302,20163,[34|160],[34|160],2,,[],1056
2017302,20173,,[],2,[1002|240],[1002|240],1056
2018302,20183,,[],2,[1076|240],[1076|240],1056
2019302,20193,,[],2,[1018|80],[1018|80],1056
2020302,20203,,[],2,[1093|16000],[1093|16000],1056
2021302,20213,,[],2,[1093|16000],[1093|16000],1056
2022302,20223,,[],2,[1061|80],[1061|80],1056
2023302,20233,,[],2,[57|20],[57|20],1056
2024302,20243,,[],2,[1075|2000],[1075|2000],1056
2025302,20253,[10104|1200],[10104|1200],2,,[],1056
1001303,10013,,[],3,[1012|240],[1012|240],1584
1002303,10023,,[],3,[1013|240],[1013|240],1584
1003303,10033,,[],3,[1014|240],[1014|240],1584
1004303,10043,,[],3,[1072|240],[1072|240],1584
1005303,10053,,[],3,[1004|240],[1004|240],1584
1006303,10063,,[],3,[1005|240],[1005|240],1584
1007303,10073,,[],3,[1006|240],[1006|240],1584
1008303,10083,,[],3,[1001|180],[1001|180],1584
1009303,10093,,[],3,[1033|240],[1033|240],1584
1010303,10103,,[],3,[1034|240],[1034|240],1584
1011303,10113,,[],3,[1022|240],[1022|240],1584
1012303,10123,,[],3,[1016|240],[1016|240],1584
2001303,20013,[10103|600],[10103|600],3,,[],1584
2002303,20023,[10103|600],[10103|600],3,,[],1584
2003303,20033,[8|240],[8|240],3,,[],1584
2004303,20043,[10|480],[10|480],3,,[],1584
2005303,20053,[9|240],[9|240],3,,[],1584
2006303,20063,[12|240],[12|240],3,,[],1584
2007303,20073,[13|240],[13|240],3,,[],1584
2008303,20083,[16|240],[16|240],3,,[],1584
2009303,20093,[17|240],[17|240],3,,[],1584
2010303,20103,[20|360],[20|360],3,,[],1584
2011303,20113,[21|360],[21|360],3,,[],1584
2012303,20123,[37|360],[37|360],3,,[],1584
2013303,20133,[38|360],[38|360],3,,[],1584
2014303,20143,[15|150],[15|150],3,,[],1584
2015303,20153,[33|240],[33|240],3,,[],1584
2016303,20163,[34|240],[34|240],3,,[],1584
2017303,20173,,[],3,[1002|360],[1002|360],1584
2018303,20183,,[],3,[1076|360],[1076|360],1584
2019303,20193,,[],3,[1018|120],[1018|120],1584
2020303,20203,,[],3,[1093|24000],[1093|24000],1584
2021303,20213,,[],3,[1093|24000],[1093|24000],1584
2022303,20223,,[],3,[1061|120],[1061|120],1584
2023303,20233,,[],3,[57|30],[57|30],1584
2024303,20243,,[],3,[1075|3000],[1075|3000],1584
2025303,20253,[10104|1800],[10104|1800],3,,[],1584
1001304,10013,,[],4,[1012|320],[1012|320],2112
1002304,10023,,[],4,[1013|320],[1013|320],2112
1003304,10033,,[],4,[1014|320],[1014|320],2112
1004304,10043,,[],4,[1072|320],[1072|320],2112
1005304,10053,,[],4,[1004|320],[1004|320],2112
1006304,10063,,[],4,[1005|320],[1005|320],2112
1007304,10073,,[],4,[1006|320],[1006|320],2112
1008304,10083,,[],4,[1001|240],[1001|240],2112
1009304,10093,,[],4,[1033|320],[1033|320],2112
1010304,10103,,[],4,[1034|320],[1034|320],2112
1011304,10113,,[],4,[1022|320],[1022|320],2112
1012304,10123,,[],4,[1016|320],[1016|320],2112
2001304,20013,[10103|800],[10103|800],4,,[],2112
2002304,20023,[10103|800],[10103|800],4,,[],2112
2003304,20033,[8|320],[8|320],4,,[],2112
2004304,20043,[10|640],[10|640],4,,[],2112
2005304,20053,[9|320],[9|320],4,,[],2112
2006304,20063,[12|320],[12|320],4,,[],2112
2007304,20073,[13|320],[13|320],4,,[],2112
2008304,20083,[16|320],[16|320],4,,[],2112
2009304,20093,[17|320],[17|320],4,,[],2112
2010304,20103,[20|480],[20|480],4,,[],2112
2011304,20113,[21|480],[21|480],4,,[],2112
2012304,20123,[37|480],[37|480],4,,[],2112
2013304,20133,[38|480],[38|480],4,,[],2112
2014304,20143,[15|200],[15|200],4,,[],2112
2015304,20153,[33|320],[33|320],4,,[],2112
2016304,20163,[34|320],[34|320],4,,[],2112
2017304,20173,,[],4,[1002|480],[1002|480],2112
2018304,20183,,[],4,[1076|480],[1076|480],2112
2019304,20193,,[],4,[1018|160],[1018|160],2112
2020304,20203,,[],4,[1093|32000],[1093|32000],2112
2021304,20213,,[],4,[1093|32000],[1093|32000],2112
2022304,20223,,[],4,[1061|160],[1061|160],2112
2023304,20233,,[],4,[57|40],[57|40],2112
2024304,20243,,[],4,[1075|4000],[1075|4000],2112
2025304,20253,[10104|2400],[10104|2400],4,,[],2112
1001305,10013,,[],5,[1012|400],[1012|400],2640
1002305,10023,,[],5,[1013|400],[1013|400],2640
1003305,10033,,[],5,[1014|400],[1014|400],2640
1004305,10043,,[],5,[1072|400],[1072|400],2640
1005305,10053,,[],5,[1004|400],[1004|400],2640
1006305,10063,,[],5,[1005|400],[1005|400],2640
1007305,10073,,[],5,[1006|400],[1006|400],2640
1008305,10083,,[],5,[1001|300],[1001|300],2640
1009305,10093,,[],5,[1033|400],[1033|400],2640
1010305,10103,,[],5,[1034|400],[1034|400],2640
1011305,10113,,[],5,[1022|400],[1022|400],2640
1012305,10123,,[],5,[1016|400],[1016|400],2640
2001305,20013,[10103|1000],[10103|1000],5,,[],2640
2002305,20023,[10103|1000],[10103|1000],5,,[],2640
2003305,20033,[8|400],[8|400],5,,[],2640
2004305,20043,[10|800],[10|800],5,,[],2640
2005305,20053,[9|400],[9|400],5,,[],2640
2006305,20063,[12|400],[12|400],5,,[],2640
2007305,20073,[13|400],[13|400],5,,[],2640
2008305,20083,[16|400],[16|400],5,,[],2640
2009305,20093,[17|400],[17|400],5,,[],2640
2010305,20103,[20|600],[20|600],5,,[],2640
2011305,20113,[21|600],[21|600],5,,[],2640
2012305,20123,[37|600],[37|600],5,,[],2640
2013305,20133,[38|600],[38|600],5,,[],2640
2014305,20143,[15|250],[15|250],5,,[],2640
2015305,20153,[33|400],[33|400],5,,[],2640
2016305,20163,[34|400],[34|400],5,,[],2640
2017305,20173,,[],5,[1002|600],[1002|600],2640
2018305,20183,,[],5,[1076|600],[1076|600],2640
2019305,20193,,[],5,[1018|200],[1018|200],2640
2020305,20203,,[],5,[1093|40000],[1093|40000],2640
2021305,20213,,[],5,[1093|40000],[1093|40000],2640
2022305,20223,,[],5,[1061|200],[1061|200],2640
2023305,20233,,[],5,[57|50],[57|50],2640
2024305,20243,,[],5,[1075|5000],[1075|5000],2640
2025305,20253,[10104|3000],[10104|3000],5,,[],2640
1001306,10013,,[],6,[1012|480],[1012|480],3168
1002306,10023,,[],6,[1013|480],[1013|480],3168
1003306,10033,,[],6,[1014|480],[1014|480],3168
1004306,10043,,[],6,[1072|480],[1072|480],3168
1005306,10053,,[],6,[1004|480],[1004|480],3168
1006306,10063,,[],6,[1005|480],[1005|480],3168
1007306,10073,,[],6,[1006|480],[1006|480],3168
1008306,10083,,[],6,[1001|360],[1001|360],3168
1009306,10093,,[],6,[1033|480],[1033|480],3168
1010306,10103,,[],6,[1034|480],[1034|480],3168
1011306,10113,,[],6,[1022|480],[1022|480],3168
1012306,10123,,[],6,[1016|480],[1016|480],3168
2001306,20013,[10103|1200],[10103|1200],6,,[],3168
2002306,20023,[10103|1200],[10103|1200],6,,[],3168
2003306,20033,[8|480],[8|480],6,,[],3168
2004306,20043,[10|960],[10|960],6,,[],3168
2005306,20053,[9|480],[9|480],6,,[],3168
2006306,20063,[12|480],[12|480],6,,[],3168
2007306,20073,[13|480],[13|480],6,,[],3168
2008306,20083,[16|480],[16|480],6,,[],3168
2009306,20093,[17|480],[17|480],6,,[],3168
2010306,20103,[20|720],[20|720],6,,[],3168
2011306,20113,[21|720],[21|720],6,,[],3168
2012306,20123,[37|720],[37|720],6,,[],3168
2013306,20133,[38|720],[38|720],6,,[],3168
2014306,20143,[15|300],[15|300],6,,[],3168
2015306,20153,[33|480],[33|480],6,,[],3168
2016306,20163,[34|480],[34|480],6,,[],3168
2017306,20173,,[],6,[1002|720],[1002|720],3168
2018306,20183,,[],6,[1076|720],[1076|720],3168
2019306,20193,,[],6,[1018|240],[1018|240],3168
2020306,20203,,[],6,[1093|48000],[1093|48000],3168
2021306,20213,,[],6,[1093|48000],[1093|48000],3168
2022306,20223,,[],6,[1061|240],[1061|240],3168
2023306,20233,,[],6,[57|60],[57|60],3168
2024306,20243,,[],6,[1075|6000],[1075|6000],3168
2025306,20253,[10104|3600],[10104|3600],6,,[],3168
1001307,10013,,[],7,[1012|560],[1012|560],3696
1002307,10023,,[],7,[1013|560],[1013|560],3696
1003307,10033,,[],7,[1014|560],[1014|560],3696
1004307,10043,,[],7,[1072|560],[1072|560],3696
1005307,10053,,[],7,[1004|560],[1004|560],3696
1006307,10063,,[],7,[1005|560],[1005|560],3696
1007307,10073,,[],7,[1006|560],[1006|560],3696
1008307,10083,,[],7,[1001|420],[1001|420],3696
1009307,10093,,[],7,[1033|560],[1033|560],3696
1010307,10103,,[],7,[1034|560],[1034|560],3696
1011307,10113,,[],7,[1022|560],[1022|560],3696
1012307,10123,,[],7,[1016|560],[1016|560],3696
2001307,20013,[10103|1400],[10103|1400],7,,[],3696
2002307,20023,[10103|1400],[10103|1400],7,,[],3696
2003307,20033,[8|560],[8|560],7,,[],3696
2004307,20043,[10|1120],[10|1120],7,,[],3696
2005307,20053,[9|560],[9|560],7,,[],3696
2006307,20063,[12|560],[12|560],7,,[],3696
2007307,20073,[13|560],[13|560],7,,[],3696
2008307,20083,[16|560],[16|560],7,,[],3696
2009307,20093,[17|560],[17|560],7,,[],3696
2010307,20103,[20|840],[20|840],7,,[],3696
2011307,20113,[21|840],[21|840],7,,[],3696
2012307,20123,[37|840],[37|840],7,,[],3696
2013307,20133,[38|840],[38|840],7,,[],3696
2014307,20143,[15|350],[15|350],7,,[],3696
2015307,20153,[33|560],[33|560],7,,[],3696
2016307,20163,[34|560],[34|560],7,,[],3696
2017307,20173,,[],7,[1002|840],[1002|840],3696
2018307,20183,,[],7,[1076|840],[1076|840],3696
2019307,20193,,[],7,[1018|280],[1018|280],3696
2020307,20203,,[],7,[1093|56000],[1093|56000],3696
2021307,20213,,[],7,[1093|56000],[1093|56000],3696
2022307,20223,,[],7,[1061|280],[1061|280],3696
2023307,20233,,[],7,[57|70],[57|70],3696
2024307,20243,,[],7,[1075|7000],[1075|7000],3696
2025307,20253,[10104|4200],[10104|4200],7,,[],3696
1001308,10013,,[],8,[1012|640],[1012|640],4224
1002308,10023,,[],8,[1013|640],[1013|640],4224
1003308,10033,,[],8,[1014|640],[1014|640],4224
1004308,10043,,[],8,[1072|640],[1072|640],4224
1005308,10053,,[],8,[1004|640],[1004|640],4224
1006308,10063,,[],8,[1005|640],[1005|640],4224
1007308,10073,,[],8,[1006|640],[1006|640],4224
1008308,10083,,[],8,[1001|480],[1001|480],4224
1009308,10093,,[],8,[1033|640],[1033|640],4224
1010308,10103,,[],8,[1034|640],[1034|640],4224
1011308,10113,,[],8,[1022|640],[1022|640],4224
1012308,10123,,[],8,[1016|640],[1016|640],4224
2001308,20013,[10103|1600],[10103|1600],8,,[],4224
2002308,20023,[10103|1600],[10103|1600],8,,[],4224
2003308,20033,[8|640],[8|640],8,,[],4224
2004308,20043,[10|1280],[10|1280],8,,[],4224
2005308,20053,[9|640],[9|640],8,,[],4224
2006308,20063,[12|640],[12|640],8,,[],4224
2007308,20073,[13|640],[13|640],8,,[],4224
2008308,20083,[16|640],[16|640],8,,[],4224
2009308,20093,[17|640],[17|640],8,,[],4224
2010308,20103,[20|960],[20|960],8,,[],4224
2011308,20113,[21|960],[21|960],8,,[],4224
2012308,20123,[37|960],[37|960],8,,[],4224
2013308,20133,[38|960],[38|960],8,,[],4224
2014308,20143,[15|400],[15|400],8,,[],4224
2015308,20153,[33|640],[33|640],8,,[],4224
2016308,20163,[34|640],[34|640],8,,[],4224
2017308,20173,,[],8,[1002|960],[1002|960],4224
2018308,20183,,[],8,[1076|960],[1076|960],4224
2019308,20193,,[],8,[1018|320],[1018|320],4224
2020308,20203,,[],8,[1093|64000],[1093|64000],4224
2021308,20213,,[],8,[1093|64000],[1093|64000],4224
2022308,20223,,[],8,[1061|320],[1061|320],4224
2023308,20233,,[],8,[57|80],[57|80],4224
2024308,20243,,[],8,[1075|8000],[1075|8000],4224
2025308,20253,[10104|4800],[10104|4800],8,,[],4224
1001309,10013,,[],9,[1012|720],[1012|720],4752
1002309,10023,,[],9,[1013|720],[1013|720],4752
1003309,10033,,[],9,[1014|720],[1014|720],4752
1004309,10043,,[],9,[1072|720],[1072|720],4752
1005309,10053,,[],9,[1004|720],[1004|720],4752
1006309,10063,,[],9,[1005|720],[1005|720],4752
1007309,10073,,[],9,[1006|720],[1006|720],4752
1008309,10083,,[],9,[1001|540],[1001|540],4752
1009309,10093,,[],9,[1033|720],[1033|720],4752
1010309,10103,,[],9,[1034|720],[1034|720],4752
1011309,10113,,[],9,[1022|720],[1022|720],4752
1012309,10123,,[],9,[1016|720],[1016|720],4752
2001309,20013,[10103|1800],[10103|1800],9,,[],4752
2002309,20023,[10103|1800],[10103|1800],9,,[],4752
2003309,20033,[8|720],[8|720],9,,[],4752
2004309,20043,[10|1440],[10|1440],9,,[],4752
2005309,20053,[9|720],[9|720],9,,[],4752
2006309,20063,[12|720],[12|720],9,,[],4752
2007309,20073,[13|720],[13|720],9,,[],4752
2008309,20083,[16|720],[16|720],9,,[],4752
2009309,20093,[17|720],[17|720],9,,[],4752
2010309,20103,[20|1080],[20|1080],9,,[],4752
2011309,20113,[21|1080],[21|1080],9,,[],4752
2012309,20123,[37|1080],[37|1080],9,,[],4752
2013309,20133,[38|1080],[38|1080],9,,[],4752
2014309,20143,[15|450],[15|450],9,,[],4752
2015309,20153,[33|720],[33|720],9,,[],4752
2016309,20163,[34|720],[34|720],9,,[],4752
2017309,20173,,[],9,[1002|1080],[1002|1080],4752
2018309,20183,,[],9,[1076|1080],[1076|1080],4752
2019309,20193,,[],9,[1018|360],[1018|360],4752
2020309,20203,,[],9,[1093|72000],[1093|72000],4752
2021309,20213,,[],9,[1093|72000],[1093|72000],4752
2022309,20223,,[],9,[1061|360],[1061|360],4752
2023309,20233,,[],9,[57|90],[57|90],4752
2024309,20243,,[],9,[1075|9000],[1075|9000],4752
2025309,20253,[10104|5400],[10104|5400],9,,[],4752
1001310,10013,,[],10,[1012|800],[1012|800],5280
1002310,10023,,[],10,[1013|800],[1013|800],5280
1003310,10033,,[],10,[1014|800],[1014|800],5280
1004310,10043,,[],10,[1072|800],[1072|800],5280
1005310,10053,,[],10,[1004|800],[1004|800],5280
1006310,10063,,[],10,[1005|800],[1005|800],5280
1007310,10073,,[],10,[1006|800],[1006|800],5280
1008310,10083,,[],10,[1001|600],[1001|600],5280
1009310,10093,,[],10,[1033|800],[1033|800],5280
1010310,10103,,[],10,[1034|800],[1034|800],5280
1011310,10113,,[],10,[1022|800],[1022|800],5280
1012310,10123,,[],10,[1016|800],[1016|800],5280
2001310,20013,[10103|2000],[10103|2000],10,,[],5280
2002310,20023,[10103|2000],[10103|2000],10,,[],5280
2003310,20033,[8|800],[8|800],10,,[],5280
2004310,20043,[10|1600],[10|1600],10,,[],5280
2005310,20053,[9|800],[9|800],10,,[],5280
2006310,20063,[12|800],[12|800],10,,[],5280
2007310,20073,[13|800],[13|800],10,,[],5280
2008310,20083,[16|800],[16|800],10,,[],5280
2009310,20093,[17|800],[17|800],10,,[],5280
2010310,20103,[20|1200],[20|1200],10,,[],5280
2011310,20113,[21|1200],[21|1200],10,,[],5280
2012310,20123,[37|1200],[37|1200],10,,[],5280
2013310,20133,[38|1200],[38|1200],10,,[],5280
2014310,20143,[15|500],[15|500],10,,[],5280
2015310,20153,[33|800],[33|800],10,,[],5280
2016310,20163,[34|800],[34|800],10,,[],5280
2017310,20173,,[],10,[1002|1200],[1002|1200],5280
2018310,20183,,[],10,[1076|1200],[1076|1200],5280
2019310,20193,,[],10,[1018|400],[1018|400],5280
2020310,20203,,[],10,[1093|80000],[1093|80000],5280
2021310,20213,,[],10,[1093|80000],[1093|80000],5280
2022310,20223,,[],10,[1061|400],[1061|400],5280
2023310,20233,,[],10,[57|100],[57|100],5280
2024310,20243,,[],10,[1075|10000],[1075|10000],5280
2025310,20253,[10104|6000],[10104|6000],10,,[],5280
1001401,10014,,[],1,[1012|100],[1012|100],660
1002401,10024,,[],1,[1013|100],[1013|100],660
1003401,10034,,[],1,[1014|100],[1014|100],660
1004401,10044,,[],1,[1072|100],[1072|100],660
1005401,10054,,[],1,[1004|100],[1004|100],660
1006401,10064,,[],1,[1005|100],[1005|100],660
1007401,10074,,[],1,[1006|100],[1006|100],660
1008401,10084,,[],1,[1001|75],[1001|75],660
1009401,10094,,[],1,[1033|100],[1033|100],660
1010401,10104,,[],1,[1034|100],[1034|100],660
1011401,10114,,[],1,[1022|100],[1022|100],660
1012401,10124,,[],1,[1016|100],[1016|100],660
2001401,20014,[10103|250],[10103|250],1,,[],660
2002401,20024,[10103|250],[10103|250],1,,[],660
2003401,20034,[8|90],[8|90],1,,[],660
2004401,20044,[10|180],[10|180],1,,[],660
2005401,20054,[9|90],[9|90],1,,[],660
2006401,20064,[12|90],[12|90],1,,[],660
2007401,20074,[13|90],[13|90],1,,[],660
2008401,20084,[16|90],[16|90],1,,[],660
2009401,20094,[17|90],[17|90],1,,[],660
2010401,20104,[20|150],[20|150],1,,[],660
2011401,20114,[21|150],[21|150],1,,[],660
2012401,20124,[37|150],[37|150],1,,[],660
2013401,20134,[38|150],[38|150],1,,[],660
2014401,20144,[15|50],[15|50],1,,[],660
2015401,20154,[33|90],[33|90],1,,[],660
2016401,20164,[34|90],[34|90],1,,[],660
2017401,20174,,[],1,[1002|150],[1002|150],660
2018401,20184,,[],1,[1076|150],[1076|150],660
2019401,20194,,[],1,[1018|50],[1018|50],660
2020401,20204,,[],1,[1093|9000],[1093|9000],660
2021401,20214,,[],1,[1093|9000],[1093|9000],660
2022401,20224,,[],1,[1061|50],[1061|50],660
2023401,20234,,[],1,[57|13],[57|13],660
2024401,20244,,[],1,[1075|1250],[1075|1250],660
2025401,20254,[10104|750],[10104|750],1,,[],660
1001402,10014,,[],2,[1012|200],[1012|200],1320
1002402,10024,,[],2,[1013|200],[1013|200],1320
1003402,10034,,[],2,[1014|200],[1014|200],1320
1004402,10044,,[],2,[1072|200],[1072|200],1320
1005402,10054,,[],2,[1004|200],[1004|200],1320
1006402,10064,,[],2,[1005|200],[1005|200],1320
1007402,10074,,[],2,[1006|200],[1006|200],1320
1008402,10084,,[],2,[1001|150],[1001|150],1320
1009402,10094,,[],2,[1033|200],[1033|200],1320
1010402,10104,,[],2,[1034|200],[1034|200],1320
1011402,10114,,[],2,[1022|200],[1022|200],1320
1012402,10124,,[],2,[1016|200],[1016|200],1320
2001402,20014,[10103|500],[10103|500],2,,[],1320
2002402,20024,[10103|500],[10103|500],2,,[],1320
2003402,20034,[8|180],[8|180],2,,[],1320
2004402,20044,[10|360],[10|360],2,,[],1320
2005402,20054,[9|180],[9|180],2,,[],1320
2006402,20064,[12|180],[12|180],2,,[],1320
2007402,20074,[13|180],[13|180],2,,[],1320
2008402,20084,[16|180],[16|180],2,,[],1320
2009402,20094,[17|180],[17|180],2,,[],1320
2010402,20104,[20|300],[20|300],2,,[],1320
2011402,20114,[21|300],[21|300],2,,[],1320
2012402,20124,[37|300],[37|300],2,,[],1320
2013402,20134,[38|300],[38|300],2,,[],1320
2014402,20144,[15|100],[15|100],2,,[],1320
2015402,20154,[33|180],[33|180],2,,[],1320
2016402,20164,[34|180],[34|180],2,,[],1320
2017402,20174,,[],2,[1002|300],[1002|300],1320
2018402,20184,,[],2,[1076|300],[1076|300],1320
2019402,20194,,[],2,[1018|100],[1018|100],1320
2020402,20204,,[],2,[1093|18000],[1093|18000],1320
2021402,20214,,[],2,[1093|18000],[1093|18000],1320
2022402,20224,,[],2,[1061|100],[1061|100],1320
2023402,20234,,[],2,[57|25],[57|25],1320
2024402,20244,,[],2,[1075|2500],[1075|2500],1320
2025402,20254,[10104|1500],[10104|1500],2,,[],1320
1001403,10014,,[],3,[1012|300],[1012|300],1980
1002403,10024,,[],3,[1013|300],[1013|300],1980
1003403,10034,,[],3,[1014|300],[1014|300],1980
1004403,10044,,[],3,[1072|300],[1072|300],1980
1005403,10054,,[],3,[1004|300],[1004|300],1980
1006403,10064,,[],3,[1005|300],[1005|300],1980
1007403,10074,,[],3,[1006|300],[1006|300],1980
1008403,10084,,[],3,[1001|225],[1001|225],1980
1009403,10094,,[],3,[1033|300],[1033|300],1980
1010403,10104,,[],3,[1034|300],[1034|300],1980
1011403,10114,,[],3,[1022|300],[1022|300],1980
1012403,10124,,[],3,[1016|300],[1016|300],1980
2001403,20014,[10103|750],[10103|750],3,,[],1980
2002403,20024,[10103|750],[10103|750],3,,[],1980
2003403,20034,[8|270],[8|270],3,,[],1980
2004403,20044,[10|540],[10|540],3,,[],1980
2005403,20054,[9|270],[9|270],3,,[],1980
2006403,20064,[12|270],[12|270],3,,[],1980
2007403,20074,[13|270],[13|270],3,,[],1980
2008403,20084,[16|270],[16|270],3,,[],1980
2009403,20094,[17|270],[17|270],3,,[],1980
2010403,20104,[20|450],[20|450],3,,[],1980
2011403,20114,[21|450],[21|450],3,,[],1980
2012403,20124,[37|450],[37|450],3,,[],1980
2013403,20134,[38|450],[38|450],3,,[],1980
2014403,20144,[15|150],[15|150],3,,[],1980
2015403,20154,[33|270],[33|270],3,,[],1980
2016403,20164,[34|270],[34|270],3,,[],1980
2017403,20174,,[],3,[1002|450],[1002|450],1980
2018403,20184,,[],3,[1076|450],[1076|450],1980
2019403,20194,,[],3,[1018|150],[1018|150],1980
2020403,20204,,[],3,[1093|27000],[1093|27000],1980
2021403,20214,,[],3,[1093|27000],[1093|27000],1980
2022403,20224,,[],3,[1061|150],[1061|150],1980
2023403,20234,,[],3,[57|38],[57|38],1980
2024403,20244,,[],3,[1075|3750],[1075|3750],1980
2025403,20254,[10104|2250],[10104|2250],3,,[],1980
1001404,10014,,[],4,[1012|400],[1012|400],2640
1002404,10024,,[],4,[1013|400],[1013|400],2640
1003404,10034,,[],4,[1014|400],[1014|400],2640
1004404,10044,,[],4,[1072|400],[1072|400],2640
1005404,10054,,[],4,[1004|400],[1004|400],2640
1006404,10064,,[],4,[1005|400],[1005|400],2640
1007404,10074,,[],4,[1006|400],[1006|400],2640
1008404,10084,,[],4,[1001|300],[1001|300],2640
1009404,10094,,[],4,[1033|400],[1033|400],2640
1010404,10104,,[],4,[1034|400],[1034|400],2640
1011404,10114,,[],4,[1022|400],[1022|400],2640
1012404,10124,,[],4,[1016|400],[1016|400],2640
2001404,20014,[10103|1000],[10103|1000],4,,[],2640
2002404,20024,[10103|1000],[10103|1000],4,,[],2640
2003404,20034,[8|360],[8|360],4,,[],2640
2004404,20044,[10|720],[10|720],4,,[],2640
2005404,20054,[9|360],[9|360],4,,[],2640
2006404,20064,[12|360],[12|360],4,,[],2640
2007404,20074,[13|360],[13|360],4,,[],2640
2008404,20084,[16|360],[16|360],4,,[],2640
2009404,20094,[17|360],[17|360],4,,[],2640
2010404,20104,[20|600],[20|600],4,,[],2640
2011404,20114,[21|600],[21|600],4,,[],2640
2012404,20124,[37|600],[37|600],4,,[],2640
2013404,20134,[38|600],[38|600],4,,[],2640
2014404,20144,[15|200],[15|200],4,,[],2640
2015404,20154,[33|360],[33|360],4,,[],2640
2016404,20164,[34|360],[34|360],4,,[],2640
2017404,20174,,[],4,[1002|600],[1002|600],2640
2018404,20184,,[],4,[1076|600],[1076|600],2640
2019404,20194,,[],4,[1018|200],[1018|200],2640
2020404,20204,,[],4,[1093|36000],[1093|36000],2640
2021404,20214,,[],4,[1093|36000],[1093|36000],2640
2022404,20224,,[],4,[1061|200],[1061|200],2640
2023404,20234,,[],4,[57|50],[57|50],2640
2024404,20244,,[],4,[1075|5000],[1075|5000],2640
2025404,20254,[10104|3000],[10104|3000],4,,[],2640
1001405,10014,,[],5,[1012|500],[1012|500],3300
1002405,10024,,[],5,[1013|500],[1013|500],3300
1003405,10034,,[],5,[1014|500],[1014|500],3300
1004405,10044,,[],5,[1072|500],[1072|500],3300
1005405,10054,,[],5,[1004|500],[1004|500],3300
1006405,10064,,[],5,[1005|500],[1005|500],3300
1007405,10074,,[],5,[1006|500],[1006|500],3300
1008405,10084,,[],5,[1001|375],[1001|375],3300
1009405,10094,,[],5,[1033|500],[1033|500],3300
1010405,10104,,[],5,[1034|500],[1034|500],3300
1011405,10114,,[],5,[1022|500],[1022|500],3300
1012405,10124,,[],5,[1016|500],[1016|500],3300
2001405,20014,[10103|1250],[10103|1250],5,,[],3300
2002405,20024,[10103|1250],[10103|1250],5,,[],3300
2003405,20034,[8|450],[8|450],5,,[],3300
2004405,20044,[10|900],[10|900],5,,[],3300
2005405,20054,[9|450],[9|450],5,,[],3300
2006405,20064,[12|450],[12|450],5,,[],3300
2007405,20074,[13|450],[13|450],5,,[],3300
2008405,20084,[16|450],[16|450],5,,[],3300
2009405,20094,[17|450],[17|450],5,,[],3300
2010405,20104,[20|750],[20|750],5,,[],3300
2011405,20114,[21|750],[21|750],5,,[],3300
2012405,20124,[37|750],[37|750],5,,[],3300
2013405,20134,[38|750],[38|750],5,,[],3300
2014405,20144,[15|250],[15|250],5,,[],3300
2015405,20154,[33|450],[33|450],5,,[],3300
2016405,20164,[34|450],[34|450],5,,[],3300
2017405,20174,,[],5,[1002|750],[1002|750],3300
2018405,20184,,[],5,[1076|750],[1076|750],3300
2019405,20194,,[],5,[1018|250],[1018|250],3300
2020405,20204,,[],5,[1093|45000],[1093|45000],3300
2021405,20214,,[],5,[1093|45000],[1093|45000],3300
2022405,20224,,[],5,[1061|250],[1061|250],3300
2023405,20234,,[],5,[57|63],[57|63],3300
2024405,20244,,[],5,[1075|6250],[1075|6250],3300
2025405,20254,[10104|3750],[10104|3750],5,,[],3300
1001406,10014,,[],6,[1012|600],[1012|600],3960
1002406,10024,,[],6,[1013|600],[1013|600],3960
1003406,10034,,[],6,[1014|600],[1014|600],3960
1004406,10044,,[],6,[1072|600],[1072|600],3960
1005406,10054,,[],6,[1004|600],[1004|600],3960
1006406,10064,,[],6,[1005|600],[1005|600],3960
1007406,10074,,[],6,[1006|600],[1006|600],3960
1008406,10084,,[],6,[1001|450],[1001|450],3960
1009406,10094,,[],6,[1033|600],[1033|600],3960
1010406,10104,,[],6,[1034|600],[1034|600],3960
1011406,10114,,[],6,[1022|600],[1022|600],3960
1012406,10124,,[],6,[1016|600],[1016|600],3960
2001406,20014,[10103|1500],[10103|1500],6,,[],3960
2002406,20024,[10103|1500],[10103|1500],6,,[],3960
2003406,20034,[8|540],[8|540],6,,[],3960
2004406,20044,[10|1080],[10|1080],6,,[],3960
2005406,20054,[9|540],[9|540],6,,[],3960
2006406,20064,[12|540],[12|540],6,,[],3960
2007406,20074,[13|540],[13|540],6,,[],3960
2008406,20084,[16|540],[16|540],6,,[],3960
2009406,20094,[17|540],[17|540],6,,[],3960
2010406,20104,[20|900],[20|900],6,,[],3960
2011406,20114,[21|900],[21|900],6,,[],3960
2012406,20124,[37|900],[37|900],6,,[],3960
2013406,20134,[38|900],[38|900],6,,[],3960
2014406,20144,[15|300],[15|300],6,,[],3960
2015406,20154,[33|540],[33|540],6,,[],3960
2016406,20164,[34|540],[34|540],6,,[],3960
2017406,20174,,[],6,[1002|900],[1002|900],3960
2018406,20184,,[],6,[1076|900],[1076|900],3960
2019406,20194,,[],6,[1018|300],[1018|300],3960
2020406,20204,,[],6,[1093|54000],[1093|54000],3960
2021406,20214,,[],6,[1093|54000],[1093|54000],3960
2022406,20224,,[],6,[1061|300],[1061|300],3960
2023406,20234,,[],6,[57|75],[57|75],3960
2024406,20244,,[],6,[1075|7500],[1075|7500],3960
2025406,20254,[10104|4500],[10104|4500],6,,[],3960
1001407,10014,,[],7,[1012|700],[1012|700],4620
1002407,10024,,[],7,[1013|700],[1013|700],4620
1003407,10034,,[],7,[1014|700],[1014|700],4620
1004407,10044,,[],7,[1072|700],[1072|700],4620
1005407,10054,,[],7,[1004|700],[1004|700],4620
1006407,10064,,[],7,[1005|700],[1005|700],4620
1007407,10074,,[],7,[1006|700],[1006|700],4620
1008407,10084,,[],7,[1001|525],[1001|525],4620
1009407,10094,,[],7,[1033|700],[1033|700],4620
1010407,10104,,[],7,[1034|700],[1034|700],4620
1011407,10114,,[],7,[1022|700],[1022|700],4620
1012407,10124,,[],7,[1016|700],[1016|700],4620
2001407,20014,[10103|1750],[10103|1750],7,,[],4620
2002407,20024,[10103|1750],[10103|1750],7,,[],4620
2003407,20034,[8|630],[8|630],7,,[],4620
2004407,20044,[10|1260],[10|1260],7,,[],4620
2005407,20054,[9|630],[9|630],7,,[],4620
2006407,20064,[12|630],[12|630],7,,[],4620
2007407,20074,[13|630],[13|630],7,,[],4620
2008407,20084,[16|630],[16|630],7,,[],4620
2009407,20094,[17|630],[17|630],7,,[],4620
2010407,20104,[20|1050],[20|1050],7,,[],4620
2011407,20114,[21|1050],[21|1050],7,,[],4620
2012407,20124,[37|1050],[37|1050],7,,[],4620
2013407,20134,[38|1050],[38|1050],7,,[],4620
2014407,20144,[15|350],[15|350],7,,[],4620
2015407,20154,[33|630],[33|630],7,,[],4620
2016407,20164,[34|630],[34|630],7,,[],4620
2017407,20174,,[],7,[1002|1050],[1002|1050],4620
2018407,20184,,[],7,[1076|1050],[1076|1050],4620
2019407,20194,,[],7,[1018|350],[1018|350],4620
2020407,20204,,[],7,[1093|63000],[1093|63000],4620
2021407,20214,,[],7,[1093|63000],[1093|63000],4620
2022407,20224,,[],7,[1061|350],[1061|350],4620
2023407,20234,,[],7,[57|88],[57|88],4620
2024407,20244,,[],7,[1075|8750],[1075|8750],4620
2025407,20254,[10104|5250],[10104|5250],7,,[],4620
1001408,10014,,[],8,[1012|800],[1012|800],5280
1002408,10024,,[],8,[1013|800],[1013|800],5280
1003408,10034,,[],8,[1014|800],[1014|800],5280
1004408,10044,,[],8,[1072|800],[1072|800],5280
1005408,10054,,[],8,[1004|800],[1004|800],5280
1006408,10064,,[],8,[1005|800],[1005|800],5280
1007408,10074,,[],8,[1006|800],[1006|800],5280
1008408,10084,,[],8,[1001|600],[1001|600],5280
1009408,10094,,[],8,[1033|800],[1033|800],5280
1010408,10104,,[],8,[1034|800],[1034|800],5280
1011408,10114,,[],8,[1022|800],[1022|800],5280
1012408,10124,,[],8,[1016|800],[1016|800],5280
2001408,20014,[10103|2000],[10103|2000],8,,[],5280
2002408,20024,[10103|2000],[10103|2000],8,,[],5280
2003408,20034,[8|720],[8|720],8,,[],5280
2004408,20044,[10|1440],[10|1440],8,,[],5280
2005408,20054,[9|720],[9|720],8,,[],5280
2006408,20064,[12|720],[12|720],8,,[],5280
2007408,20074,[13|720],[13|720],8,,[],5280
2008408,20084,[16|720],[16|720],8,,[],5280
2009408,20094,[17|720],[17|720],8,,[],5280
2010408,20104,[20|1200],[20|1200],8,,[],5280
2011408,20114,[21|1200],[21|1200],8,,[],5280
2012408,20124,[37|1200],[37|1200],8,,[],5280
2013408,20134,[38|1200],[38|1200],8,,[],5280
2014408,20144,[15|400],[15|400],8,,[],5280
2015408,20154,[33|720],[33|720],8,,[],5280
2016408,20164,[34|720],[34|720],8,,[],5280
2017408,20174,,[],8,[1002|1200],[1002|1200],5280
2018408,20184,,[],8,[1076|1200],[1076|1200],5280
2019408,20194,,[],8,[1018|400],[1018|400],5280
2020408,20204,,[],8,[1093|72000],[1093|72000],5280
2021408,20214,,[],8,[1093|72000],[1093|72000],5280
2022408,20224,,[],8,[1061|400],[1061|400],5280
2023408,20234,,[],8,[57|100],[57|100],5280
2024408,20244,,[],8,[1075|10000],[1075|10000],5280
2025408,20254,[10104|6000],[10104|6000],8,,[],5280
1001409,10014,,[],9,[1012|900],[1012|900],5940
1002409,10024,,[],9,[1013|900],[1013|900],5940
1003409,10034,,[],9,[1014|900],[1014|900],5940
1004409,10044,,[],9,[1072|900],[1072|900],5940
1005409,10054,,[],9,[1004|900],[1004|900],5940
1006409,10064,,[],9,[1005|900],[1005|900],5940
1007409,10074,,[],9,[1006|900],[1006|900],5940
1008409,10084,,[],9,[1001|675],[1001|675],5940
1009409,10094,,[],9,[1033|900],[1033|900],5940
1010409,10104,,[],9,[1034|900],[1034|900],5940
1011409,10114,,[],9,[1022|900],[1022|900],5940
1012409,10124,,[],9,[1016|900],[1016|900],5940
2001409,20014,[10103|2250],[10103|2250],9,,[],5940
2002409,20024,[10103|2250],[10103|2250],9,,[],5940
2003409,20034,[8|810],[8|810],9,,[],5940
2004409,20044,[10|1620],[10|1620],9,,[],5940
2005409,20054,[9|810],[9|810],9,,[],5940
2006409,20064,[12|810],[12|810],9,,[],5940
2007409,20074,[13|810],[13|810],9,,[],5940
2008409,20084,[16|810],[16|810],9,,[],5940
2009409,20094,[17|810],[17|810],9,,[],5940
2010409,20104,[20|1350],[20|1350],9,,[],5940
2011409,20114,[21|1350],[21|1350],9,,[],5940
2012409,20124,[37|1350],[37|1350],9,,[],5940
2013409,20134,[38|1350],[38|1350],9,,[],5940
2014409,20144,[15|450],[15|450],9,,[],5940
2015409,20154,[33|810],[33|810],9,,[],5940
2016409,20164,[34|810],[34|810],9,,[],5940
2017409,20174,,[],9,[1002|1350],[1002|1350],5940
2018409,20184,,[],9,[1076|1350],[1076|1350],5940
2019409,20194,,[],9,[1018|450],[1018|450],5940
2020409,20204,,[],9,[1093|81000],[1093|81000],5940
2021409,20214,,[],9,[1093|81000],[1093|81000],5940
2022409,20224,,[],9,[1061|450],[1061|450],5940
2023409,20234,,[],9,[57|113],[57|113],5940
2024409,20244,,[],9,[1075|11250],[1075|11250],5940
2025409,20254,[10104|6750],[10104|6750],9,,[],5940
1001410,10014,,[],10,[1012|1000],[1012|1000],6600
1002410,10024,,[],10,[1013|1000],[1013|1000],6600
1003410,10034,,[],10,[1014|1000],[1014|1000],6600
1004410,10044,,[],10,[1072|1000],[1072|1000],6600
1005410,10054,,[],10,[1004|1000],[1004|1000],6600
1006410,10064,,[],10,[1005|1000],[1005|1000],6600
1007410,10074,,[],10,[1006|1000],[1006|1000],6600
1008410,10084,,[],10,[1001|750],[1001|750],6600
1009410,10094,,[],10,[1033|1000],[1033|1000],6600
1010410,10104,,[],10,[1034|1000],[1034|1000],6600
1011410,10114,,[],10,[1022|1000],[1022|1000],6600
1012410,10124,,[],10,[1016|1000],[1016|1000],6600
2001410,20014,[10103|2500],[10103|2500],10,,[],6600
2002410,20024,[10103|2500],[10103|2500],10,,[],6600
2003410,20034,[8|900],[8|900],10,,[],6600
2004410,20044,[10|1800],[10|1800],10,,[],6600
2005410,20054,[9|900],[9|900],10,,[],6600
2006410,20064,[12|900],[12|900],10,,[],6600
2007410,20074,[13|900],[13|900],10,,[],6600
2008410,20084,[16|900],[16|900],10,,[],6600
2009410,20094,[17|900],[17|900],10,,[],6600
2010410,20104,[20|1500],[20|1500],10,,[],6600
2011410,20114,[21|1500],[21|1500],10,,[],6600
2012410,20124,[37|1500],[37|1500],10,,[],6600
2013410,20134,[38|1500],[38|1500],10,,[],6600
2014410,20144,[15|500],[15|500],10,,[],6600
2015410,20154,[33|900],[33|900],10,,[],6600
2016410,20164,[34|900],[34|900],10,,[],6600
2017410,20174,,[],10,[1002|1500],[1002|1500],6600
2018410,20184,,[],10,[1076|1500],[1076|1500],6600
2019410,20194,,[],10,[1018|500],[1018|500],6600
2020410,20204,,[],10,[1093|90000],[1093|90000],6600
2021410,20214,,[],10,[1093|90000],[1093|90000],6600
2022410,20224,,[],10,[1061|500],[1061|500],6600
2023410,20234,,[],10,[57|125],[57|125],6600
2024410,20244,,[],10,[1075|12500],[1075|12500],6600
2025410,20254,[10104|7500],[10104|7500],10,,[],6600
1001411,10014,,[],11,[1012|1100],[1012|1100],7260
1002411,10024,,[],11,[1013|1100],[1013|1100],7260
1003411,10034,,[],11,[1014|1100],[1014|1100],7260
1004411,10044,,[],11,[1072|1100],[1072|1100],7260
1005411,10054,,[],11,[1004|1100],[1004|1100],7260
1006411,10064,,[],11,[1005|1100],[1005|1100],7260
1007411,10074,,[],11,[1006|1100],[1006|1100],7260
1008411,10084,,[],11,[1001|825],[1001|825],7260
1009411,10094,,[],11,[1033|1100],[1033|1100],7260
1010411,10104,,[],11,[1034|1100],[1034|1100],7260
1011411,10114,,[],11,[1022|1100],[1022|1100],7260
1012411,10124,,[],11,[1016|1100],[1016|1100],7260
2001411,20014,[10103|2750],[10103|2750],11,,[],7260
2002411,20024,[10103|2750],[10103|2750],11,,[],7260
2003411,20034,[8|990],[8|990],11,,[],7260
2004411,20044,[10|1980],[10|1980],11,,[],7260
2005411,20054,[9|990],[9|990],11,,[],7260
2006411,20064,[12|990],[12|990],11,,[],7260
2007411,20074,[13|990],[13|990],11,,[],7260
2008411,20084,[16|990],[16|990],11,,[],7260
2009411,20094,[17|990],[17|990],11,,[],7260
2010411,20104,[20|1650],[20|1650],11,,[],7260
2011411,20114,[21|1650],[21|1650],11,,[],7260
2012411,20124,[37|1650],[37|1650],11,,[],7260
2013411,20134,[38|1650],[38|1650],11,,[],7260
2014411,20144,[15|550],[15|550],11,,[],7260
2015411,20154,[33|990],[33|990],11,,[],7260
2016411,20164,[34|990],[34|990],11,,[],7260
2017411,20174,,[],11,[1002|1650],[1002|1650],7260
2018411,20184,,[],11,[1076|1650],[1076|1650],7260
2019411,20194,,[],11,[1018|550],[1018|550],7260
2020411,20204,,[],11,[1093|99000],[1093|99000],7260
2021411,20214,,[],11,[1093|99000],[1093|99000],7260
2022411,20224,,[],11,[1061|550],[1061|550],7260
2023411,20234,,[],11,[57|138],[57|138],7260
2024411,20244,,[],11,[1075|13750],[1075|13750],7260
2025411,20254,[10104|8250],[10104|8250],11,,[],7260
1001412,10014,,[],12,[1012|1200],[1012|1200],7920
1002412,10024,,[],12,[1013|1200],[1013|1200],7920
1003412,10034,,[],12,[1014|1200],[1014|1200],7920
1004412,10044,,[],12,[1072|1200],[1072|1200],7920
1005412,10054,,[],12,[1004|1200],[1004|1200],7920
1006412,10064,,[],12,[1005|1200],[1005|1200],7920
1007412,10074,,[],12,[1006|1200],[1006|1200],7920
1008412,10084,,[],12,[1001|900],[1001|900],7920
1009412,10094,,[],12,[1033|1200],[1033|1200],7920
1010412,10104,,[],12,[1034|1200],[1034|1200],7920
1011412,10114,,[],12,[1022|1200],[1022|1200],7920
1012412,10124,,[],12,[1016|1200],[1016|1200],7920
2001412,20014,[10103|3000],[10103|3000],12,,[],7920
2002412,20024,[10103|3000],[10103|3000],12,,[],7920
2003412,20034,[8|1080],[8|1080],12,,[],7920
2004412,20044,[10|2160],[10|2160],12,,[],7920
2005412,20054,[9|1080],[9|1080],12,,[],7920
2006412,20064,[12|1080],[12|1080],12,,[],7920
2007412,20074,[13|1080],[13|1080],12,,[],7920
2008412,20084,[16|1080],[16|1080],12,,[],7920
2009412,20094,[17|1080],[17|1080],12,,[],7920
2010412,20104,[20|1800],[20|1800],12,,[],7920
2011412,20114,[21|1800],[21|1800],12,,[],7920
2012412,20124,[37|1800],[37|1800],12,,[],7920
2013412,20134,[38|1800],[38|1800],12,,[],7920
2014412,20144,[15|600],[15|600],12,,[],7920
2015412,20154,[33|1080],[33|1080],12,,[],7920
2016412,20164,[34|1080],[34|1080],12,,[],7920
2017412,20174,,[],12,[1002|1800],[1002|1800],7920
2018412,20184,,[],12,[1076|1800],[1076|1800],7920
2019412,20194,,[],12,[1018|600],[1018|600],7920
2020412,20204,,[],12,[1093|108000],[1093|108000],7920
2021412,20214,,[],12,[1093|108000],[1093|108000],7920
2022412,20224,,[],12,[1061|600],[1061|600],7920
2023412,20234,,[],12,[57|150],[57|150],7920
2024412,20244,,[],12,[1075|15000],[1075|15000],7920
2025412,20254,[10104|9000],[10104|9000],12,,[],7920
1001413,10014,,[],13,[1012|1300],[1012|1300],8580
1002413,10024,,[],13,[1013|1300],[1013|1300],8580
1003413,10034,,[],13,[1014|1300],[1014|1300],8580
1004413,10044,,[],13,[1072|1300],[1072|1300],8580
1005413,10054,,[],13,[1004|1300],[1004|1300],8580
1006413,10064,,[],13,[1005|1300],[1005|1300],8580
1007413,10074,,[],13,[1006|1300],[1006|1300],8580
1008413,10084,,[],13,[1001|975],[1001|975],8580
1009413,10094,,[],13,[1033|1300],[1033|1300],8580
1010413,10104,,[],13,[1034|1300],[1034|1300],8580
1011413,10114,,[],13,[1022|1300],[1022|1300],8580
1012413,10124,,[],13,[1016|1300],[1016|1300],8580
2001413,20014,[10103|3250],[10103|3250],13,,[],8580
2002413,20024,[10103|3250],[10103|3250],13,,[],8580
2003413,20034,[8|1170],[8|1170],13,,[],8580
2004413,20044,[10|2340],[10|2340],13,,[],8580
2005413,20054,[9|1170],[9|1170],13,,[],8580
2006413,20064,[12|1170],[12|1170],13,,[],8580
2007413,20074,[13|1170],[13|1170],13,,[],8580
2008413,20084,[16|1170],[16|1170],13,,[],8580
2009413,20094,[17|1170],[17|1170],13,,[],8580
2010413,20104,[20|1950],[20|1950],13,,[],8580
2011413,20114,[21|1950],[21|1950],13,,[],8580
2012413,20124,[37|1950],[37|1950],13,,[],8580
2013413,20134,[38|1950],[38|1950],13,,[],8580
2014413,20144,[15|650],[15|650],13,,[],8580
2015413,20154,[33|1170],[33|1170],13,,[],8580
2016413,20164,[34|1170],[34|1170],13,,[],8580
2017413,20174,,[],13,[1002|1950],[1002|1950],8580
2018413,20184,,[],13,[1076|1950],[1076|1950],8580
2019413,20194,,[],13,[1018|650],[1018|650],8580
2020413,20204,,[],13,[1093|117000],[1093|117000],8580
2021413,20214,,[],13,[1093|117000],[1093|117000],8580
2022413,20224,,[],13,[1061|650],[1061|650],8580
2023413,20234,,[],13,[57|163],[57|163],8580
2024413,20244,,[],13,[1075|16250],[1075|16250],8580
2025413,20254,[10104|9750],[10104|9750],13,,[],8580
1001414,10014,,[],14,[1012|1400],[1012|1400],9240
1002414,10024,,[],14,[1013|1400],[1013|1400],9240
1003414,10034,,[],14,[1014|1400],[1014|1400],9240
1004414,10044,,[],14,[1072|1400],[1072|1400],9240
1005414,10054,,[],14,[1004|1400],[1004|1400],9240
1006414,10064,,[],14,[1005|1400],[1005|1400],9240
1007414,10074,,[],14,[1006|1400],[1006|1400],9240
1008414,10084,,[],14,[1001|1050],[1001|1050],9240
1009414,10094,,[],14,[1033|1400],[1033|1400],9240
1010414,10104,,[],14,[1034|1400],[1034|1400],9240
1011414,10114,,[],14,[1022|1400],[1022|1400],9240
1012414,10124,,[],14,[1016|1400],[1016|1400],9240
2001414,20014,[10103|3500],[10103|3500],14,,[],9240
2002414,20024,[10103|3500],[10103|3500],14,,[],9240
2003414,20034,[8|1260],[8|1260],14,,[],9240
2004414,20044,[10|2520],[10|2520],14,,[],9240
2005414,20054,[9|1260],[9|1260],14,,[],9240
2006414,20064,[12|1260],[12|1260],14,,[],9240
2007414,20074,[13|1260],[13|1260],14,,[],9240
2008414,20084,[16|1260],[16|1260],14,,[],9240
2009414,20094,[17|1260],[17|1260],14,,[],9240
2010414,20104,[20|2100],[20|2100],14,,[],9240
2011414,20114,[21|2100],[21|2100],14,,[],9240
2012414,20124,[37|2100],[37|2100],14,,[],9240
2013414,20134,[38|2100],[38|2100],14,,[],9240
2014414,20144,[15|700],[15|700],14,,[],9240
2015414,20154,[33|1260],[33|1260],14,,[],9240
2016414,20164,[34|1260],[34|1260],14,,[],9240
2017414,20174,,[],14,[1002|2100],[1002|2100],9240
2018414,20184,,[],14,[1076|2100],[1076|2100],9240
2019414,20194,,[],14,[1018|700],[1018|700],9240
2020414,20204,,[],14,[1093|126000],[1093|126000],9240
2021414,20214,,[],14,[1093|126000],[1093|126000],9240
2022414,20224,,[],14,[1061|700],[1061|700],9240
2023414,20234,,[],14,[57|175],[57|175],9240
2024414,20244,,[],14,[1075|17500],[1075|17500],9240
2025414,20254,[10104|10500],[10104|10500],14,,[],9240
1001415,10014,,[],15,[1012|1500],[1012|1500],9900
1002415,10024,,[],15,[1013|1500],[1013|1500],9900
1003415,10034,,[],15,[1014|1500],[1014|1500],9900
1004415,10044,,[],15,[1072|1500],[1072|1500],9900
1005415,10054,,[],15,[1004|1500],[1004|1500],9900
1006415,10064,,[],15,[1005|1500],[1005|1500],9900
1007415,10074,,[],15,[1006|1500],[1006|1500],9900
1008415,10084,,[],15,[1001|1125],[1001|1125],9900
1009415,10094,,[],15,[1033|1500],[1033|1500],9900
1010415,10104,,[],15,[1034|1500],[1034|1500],9900
1011415,10114,,[],15,[1022|1500],[1022|1500],9900
1012415,10124,,[],15,[1016|1500],[1016|1500],9900
2001415,20014,[10103|3750],[10103|3750],15,,[],9900
2002415,20024,[10103|3750],[10103|3750],15,,[],9900
2003415,20034,[8|1350],[8|1350],15,,[],9900
2004415,20044,[10|2700],[10|2700],15,,[],9900
2005415,20054,[9|1350],[9|1350],15,,[],9900
2006415,20064,[12|1350],[12|1350],15,,[],9900
2007415,20074,[13|1350],[13|1350],15,,[],9900
2008415,20084,[16|1350],[16|1350],15,,[],9900
2009415,20094,[17|1350],[17|1350],15,,[],9900
2010415,20104,[20|2250],[20|2250],15,,[],9900
2011415,20114,[21|2250],[21|2250],15,,[],9900
2012415,20124,[37|2250],[37|2250],15,,[],9900
2013415,20134,[38|2250],[38|2250],15,,[],9900
2014415,20144,[15|750],[15|750],15,,[],9900
2015415,20154,[33|1350],[33|1350],15,,[],9900
2016415,20164,[34|1350],[34|1350],15,,[],9900
2017415,20174,,[],15,[1002|2250],[1002|2250],9900
2018415,20184,,[],15,[1076|2250],[1076|2250],9900
2019415,20194,,[],15,[1018|750],[1018|750],9900
2020415,20204,,[],15,[1093|135000],[1093|135000],9900
2021415,20214,,[],15,[1093|135000],[1093|135000],9900
2022415,20224,,[],15,[1061|750],[1061|750],9900
2023415,20234,,[],15,[57|188],[57|188],9900
2024415,20244,,[],15,[1075|18750],[1075|18750],9900
2025415,20254,[10104|11250],[10104|11250],15,,[],9900
1001416,10014,,[],16,[1012|1600],[1012|1600],10560
1002416,10024,,[],16,[1013|1600],[1013|1600],10560
1003416,10034,,[],16,[1014|1600],[1014|1600],10560
1004416,10044,,[],16,[1072|1600],[1072|1600],10560
1005416,10054,,[],16,[1004|1600],[1004|1600],10560
1006416,10064,,[],16,[1005|1600],[1005|1600],10560
1007416,10074,,[],16,[1006|1600],[1006|1600],10560
1008416,10084,,[],16,[1001|1200],[1001|1200],10560
1009416,10094,,[],16,[1033|1600],[1033|1600],10560
1010416,10104,,[],16,[1034|1600],[1034|1600],10560
1011416,10114,,[],16,[1022|1600],[1022|1600],10560
1012416,10124,,[],16,[1016|1600],[1016|1600],10560
2001416,20014,[10103|4000],[10103|4000],16,,[],10560
2002416,20024,[10103|4000],[10103|4000],16,,[],10560
2003416,20034,[8|1440],[8|1440],16,,[],10560
2004416,20044,[10|2880],[10|2880],16,,[],10560
2005416,20054,[9|1440],[9|1440],16,,[],10560
2006416,20064,[12|1440],[12|1440],16,,[],10560
2007416,20074,[13|1440],[13|1440],16,,[],10560
2008416,20084,[16|1440],[16|1440],16,,[],10560
2009416,20094,[17|1440],[17|1440],16,,[],10560
2010416,20104,[20|2400],[20|2400],16,,[],10560
2011416,20114,[21|2400],[21|2400],16,,[],10560
2012416,20124,[37|2400],[37|2400],16,,[],10560
2013416,20134,[38|2400],[38|2400],16,,[],10560
2014416,20144,[15|800],[15|800],16,,[],10560
2015416,20154,[33|1440],[33|1440],16,,[],10560
2016416,20164,[34|1440],[34|1440],16,,[],10560
2017416,20174,,[],16,[1002|2400],[1002|2400],10560
2018416,20184,,[],16,[1076|2400],[1076|2400],10560
2019416,20194,,[],16,[1018|800],[1018|800],10560
2020416,20204,,[],16,[1093|144000],[1093|144000],10560
2021416,20214,,[],16,[1093|144000],[1093|144000],10560
2022416,20224,,[],16,[1061|800],[1061|800],10560
2023416,20234,,[],16,[57|200],[57|200],10560
2024416,20244,,[],16,[1075|20000],[1075|20000],10560
2025416,20254,[10104|12000],[10104|12000],16,,[],10560
1001417,10014,,[],17,[1012|1700],[1012|1700],11220
1002417,10024,,[],17,[1013|1700],[1013|1700],11220
1003417,10034,,[],17,[1014|1700],[1014|1700],11220
1004417,10044,,[],17,[1072|1700],[1072|1700],11220
1005417,10054,,[],17,[1004|1700],[1004|1700],11220
1006417,10064,,[],17,[1005|1700],[1005|1700],11220
1007417,10074,,[],17,[1006|1700],[1006|1700],11220
1008417,10084,,[],17,[1001|1275],[1001|1275],11220
1009417,10094,,[],17,[1033|1700],[1033|1700],11220
1010417,10104,,[],17,[1034|1700],[1034|1700],11220
1011417,10114,,[],17,[1022|1700],[1022|1700],11220
1012417,10124,,[],17,[1016|1700],[1016|1700],11220
2001417,20014,[10103|4250],[10103|4250],17,,[],11220
2002417,20024,[10103|4250],[10103|4250],17,,[],11220
2003417,20034,[8|1530],[8|1530],17,,[],11220
2004417,20044,[10|3060],[10|3060],17,,[],11220
2005417,20054,[9|1530],[9|1530],17,,[],11220
2006417,20064,[12|1530],[12|1530],17,,[],11220
2007417,20074,[13|1530],[13|1530],17,,[],11220
2008417,20084,[16|1530],[16|1530],17,,[],11220
2009417,20094,[17|1530],[17|1530],17,,[],11220
2010417,20104,[20|2550],[20|2550],17,,[],11220
2011417,20114,[21|2550],[21|2550],17,,[],11220
2012417,20124,[37|2550],[37|2550],17,,[],11220
2013417,20134,[38|2550],[38|2550],17,,[],11220
2014417,20144,[15|850],[15|850],17,,[],11220
2015417,20154,[33|1530],[33|1530],17,,[],11220
2016417,20164,[34|1530],[34|1530],17,,[],11220
2017417,20174,,[],17,[1002|2550],[1002|2550],11220
2018417,20184,,[],17,[1076|2550],[1076|2550],11220
2019417,20194,,[],17,[1018|850],[1018|850],11220
2020417,20204,,[],17,[1093|153000],[1093|153000],11220
2021417,20214,,[],17,[1093|153000],[1093|153000],11220
2022417,20224,,[],17,[1061|850],[1061|850],11220
2023417,20234,,[],17,[57|213],[57|213],11220
2024417,20244,,[],17,[1075|21250],[1075|21250],11220
2025417,20254,[10104|12750],[10104|12750],17,,[],11220
1001418,10014,,[],18,[1012|1800],[1012|1800],11880
1002418,10024,,[],18,[1013|1800],[1013|1800],11880
1003418,10034,,[],18,[1014|1800],[1014|1800],11880
1004418,10044,,[],18,[1072|1800],[1072|1800],11880
1005418,10054,,[],18,[1004|1800],[1004|1800],11880
1006418,10064,,[],18,[1005|1800],[1005|1800],11880
1007418,10074,,[],18,[1006|1800],[1006|1800],11880
1008418,10084,,[],18,[1001|1350],[1001|1350],11880
1009418,10094,,[],18,[1033|1800],[1033|1800],11880
1010418,10104,,[],18,[1034|1800],[1034|1800],11880
1011418,10114,,[],18,[1022|1800],[1022|1800],11880
1012418,10124,,[],18,[1016|1800],[1016|1800],11880
2001418,20014,[10103|4500],[10103|4500],18,,[],11880
2002418,20024,[10103|4500],[10103|4500],18,,[],11880
2003418,20034,[8|1620],[8|1620],18,,[],11880
2004418,20044,[10|3240],[10|3240],18,,[],11880
2005418,20054,[9|1620],[9|1620],18,,[],11880
2006418,20064,[12|1620],[12|1620],18,,[],11880
2007418,20074,[13|1620],[13|1620],18,,[],11880
2008418,20084,[16|1620],[16|1620],18,,[],11880
2009418,20094,[17|1620],[17|1620],18,,[],11880
2010418,20104,[20|2700],[20|2700],18,,[],11880
2011418,20114,[21|2700],[21|2700],18,,[],11880
2012418,20124,[37|2700],[37|2700],18,,[],11880
2013418,20134,[38|2700],[38|2700],18,,[],11880
2014418,20144,[15|900],[15|900],18,,[],11880
2015418,20154,[33|1620],[33|1620],18,,[],11880
2016418,20164,[34|1620],[34|1620],18,,[],11880
2017418,20174,,[],18,[1002|2700],[1002|2700],11880
2018418,20184,,[],18,[1076|2700],[1076|2700],11880
2019418,20194,,[],18,[1018|900],[1018|900],11880
2020418,20204,,[],18,[1093|162000],[1093|162000],11880
2021418,20214,,[],18,[1093|162000],[1093|162000],11880
2022418,20224,,[],18,[1061|900],[1061|900],11880
2023418,20234,,[],18,[57|225],[57|225],11880
2024418,20244,,[],18,[1075|22500],[1075|22500],11880
2025418,20254,[10104|13500],[10104|13500],18,,[],11880
1001419,10014,,[],19,[1012|1900],[1012|1900],12540
1002419,10024,,[],19,[1013|1900],[1013|1900],12540
1003419,10034,,[],19,[1014|1900],[1014|1900],12540
1004419,10044,,[],19,[1072|1900],[1072|1900],12540
1005419,10054,,[],19,[1004|1900],[1004|1900],12540
1006419,10064,,[],19,[1005|1900],[1005|1900],12540
1007419,10074,,[],19,[1006|1900],[1006|1900],12540
1008419,10084,,[],19,[1001|1425],[1001|1425],12540
1009419,10094,,[],19,[1033|1900],[1033|1900],12540
1010419,10104,,[],19,[1034|1900],[1034|1900],12540
1011419,10114,,[],19,[1022|1900],[1022|1900],12540
1012419,10124,,[],19,[1016|1900],[1016|1900],12540
2001419,20014,[10103|4750],[10103|4750],19,,[],12540
2002419,20024,[10103|4750],[10103|4750],19,,[],12540
2003419,20034,[8|1710],[8|1710],19,,[],12540
2004419,20044,[10|3420],[10|3420],19,,[],12540
2005419,20054,[9|1710],[9|1710],19,,[],12540
2006419,20064,[12|1710],[12|1710],19,,[],12540
2007419,20074,[13|1710],[13|1710],19,,[],12540
2008419,20084,[16|1710],[16|1710],19,,[],12540
2009419,20094,[17|1710],[17|1710],19,,[],12540
2010419,20104,[20|2850],[20|2850],19,,[],12540
2011419,20114,[21|2850],[21|2850],19,,[],12540
2012419,20124,[37|2850],[37|2850],19,,[],12540
2013419,20134,[38|2850],[38|2850],19,,[],12540
2014419,20144,[15|950],[15|950],19,,[],12540
2015419,20154,[33|1710],[33|1710],19,,[],12540
2016419,20164,[34|1710],[34|1710],19,,[],12540
2017419,20174,,[],19,[1002|2850],[1002|2850],12540
2018419,20184,,[],19,[1076|2850],[1076|2850],12540
2019419,20194,,[],19,[1018|950],[1018|950],12540
2020419,20204,,[],19,[1093|171000],[1093|171000],12540
2021419,20214,,[],19,[1093|171000],[1093|171000],12540
2022419,20224,,[],19,[1061|950],[1061|950],12540
2023419,20234,,[],19,[57|238],[57|238],12540
2024419,20244,,[],19,[1075|23750],[1075|23750],12540
2025419,20254,[10104|14250],[10104|14250],19,,[],12540
1001420,10014,,[],20,[1012|2000],[1012|2000],13200
1002420,10024,,[],20,[1013|2000],[1013|2000],13200
1003420,10034,,[],20,[1014|2000],[1014|2000],13200
1004420,10044,,[],20,[1072|2000],[1072|2000],13200
1005420,10054,,[],20,[1004|2000],[1004|2000],13200
1006420,10064,,[],20,[1005|2000],[1005|2000],13200
1007420,10074,,[],20,[1006|2000],[1006|2000],13200
1008420,10084,,[],20,[1001|1500],[1001|1500],13200
1009420,10094,,[],20,[1033|2000],[1033|2000],13200
1010420,10104,,[],20,[1034|2000],[1034|2000],13200
1011420,10114,,[],20,[1022|2000],[1022|2000],13200
1012420,10124,,[],20,[1016|2000],[1016|2000],13200
2001420,20014,[10103|5000],[10103|5000],20,,[],13200
2002420,20024,[10103|5000],[10103|5000],20,,[],13200
2003420,20034,[8|1800],[8|1800],20,,[],13200
2004420,20044,[10|3600],[10|3600],20,,[],13200
2005420,20054,[9|1800],[9|1800],20,,[],13200
2006420,20064,[12|1800],[12|1800],20,,[],13200
2007420,20074,[13|1800],[13|1800],20,,[],13200
2008420,20084,[16|1800],[16|1800],20,,[],13200
2009420,20094,[17|1800],[17|1800],20,,[],13200
2010420,20104,[20|3000],[20|3000],20,,[],13200
2011420,20114,[21|3000],[21|3000],20,,[],13200
2012420,20124,[37|3000],[37|3000],20,,[],13200
2013420,20134,[38|3000],[38|3000],20,,[],13200
2014420,20144,[15|1000],[15|1000],20,,[],13200
2015420,20154,[33|1800],[33|1800],20,,[],13200
2016420,20164,[34|1800],[34|1800],20,,[],13200
2017420,20174,,[],20,[1002|3000],[1002|3000],13200
2018420,20184,,[],20,[1076|3000],[1076|3000],13200
2019420,20194,,[],20,[1018|1000],[1018|1000],13200
2020420,20204,,[],20,[1093|180000],[1093|180000],13200
2021420,20214,,[],20,[1093|180000],[1093|180000],13200
2022420,20224,,[],20,[1061|1000],[1061|1000],13200
2023420,20234,,[],20,[57|250],[57|250],13200
2024420,20244,,[],20,[1075|25000],[1075|25000],13200
2025420,20254,[10104|15000],[10104|15000],20,,[],13200
1001501,10015,,[],1,[1012|133],[1012|133],792
1002501,10025,,[],1,[1013|133],[1013|133],792
1003501,10035,,[],1,[1014|133],[1014|133],792
1004501,10045,,[],1,[1072|133],[1072|133],792
1005501,10055,,[],1,[1004|133],[1004|133],792
1006501,10065,,[],1,[1005|133],[1005|133],792
1007501,10075,,[],1,[1006|133],[1006|133],792
1008501,10085,,[],1,[1001|100],[1001|100],792
1009501,10095,,[],1,[1033|133],[1033|133],792
1010501,10105,,[],1,[1034|133],[1034|133],792
1011501,10115,,[],1,[1022|133],[1022|133],792
1012501,10125,,[],1,[1016|133],[1016|133],792
2001501,20015,[10103|300],[10103|300],1,,[],792
2002501,20025,[10103|300],[10103|300],1,,[],792
2003501,20035,[8|100],[8|100],1,,[],792
2004501,20045,[10|200],[10|200],1,,[],792
2005501,20055,[9|100],[9|100],1,,[],792
2006501,20065,[12|100],[12|100],1,,[],792
2007501,20075,[13|100],[13|100],1,,[],792
2008501,20085,[16|100],[16|100],1,,[],792
2009501,20095,[17|100],[17|100],1,,[],792
2010501,20105,[20|167],[20|167],1,,[],792
2011501,20115,[21|167],[21|167],1,,[],792
2012501,20125,[37|167],[37|167],1,,[],792
2013501,20135,[38|167],[38|167],1,,[],792
2014501,20145,[15|67],[15|67],1,,[],792
2015501,20155,[33|100],[33|100],1,,[],792
2016501,20165,[34|100],[34|100],1,,[],792
2017501,20175,,[],1,[1002|167],[1002|167],792
2018501,20185,,[],1,[1076|167],[1076|167],792
2019501,20195,,[],1,[1018|67],[1018|67],792
2020501,20205,,[],1,[1093|12000],[1093|12000],792
2021501,20215,,[],1,[1093|12000],[1093|12000],792
2022501,20225,,[],1,[1061|67],[1061|67],792
2023501,20235,,[],1,[57|17],[57|17],792
2024501,20245,,[],1,[1075|1667],[1075|1667],792
2025501,20255,[10104|900],[10104|900],1,,[],792
1001502,10015,,[],2,[1012|267],[1012|267],1584
1002502,10025,,[],2,[1013|267],[1013|267],1584
1003502,10035,,[],2,[1014|267],[1014|267],1584
1004502,10045,,[],2,[1072|267],[1072|267],1584
1005502,10055,,[],2,[1004|267],[1004|267],1584
1006502,10065,,[],2,[1005|267],[1005|267],1584
1007502,10075,,[],2,[1006|267],[1006|267],1584
1008502,10085,,[],2,[1001|200],[1001|200],1584
1009502,10095,,[],2,[1033|267],[1033|267],1584
1010502,10105,,[],2,[1034|267],[1034|267],1584
1011502,10115,,[],2,[1022|267],[1022|267],1584
1012502,10125,,[],2,[1016|267],[1016|267],1584
2001502,20015,[10103|600],[10103|600],2,,[],1584
2002502,20025,[10103|600],[10103|600],2,,[],1584
2003502,20035,[8|200],[8|200],2,,[],1584
2004502,20045,[10|400],[10|400],2,,[],1584
2005502,20055,[9|200],[9|200],2,,[],1584
2006502,20065,[12|200],[12|200],2,,[],1584
2007502,20075,[13|200],[13|200],2,,[],1584
2008502,20085,[16|200],[16|200],2,,[],1584
2009502,20095,[17|200],[17|200],2,,[],1584
2010502,20105,[20|333],[20|333],2,,[],1584
2011502,20115,[21|333],[21|333],2,,[],1584
2012502,20125,[37|333],[37|333],2,,[],1584
2013502,20135,[38|333],[38|333],2,,[],1584
2014502,20145,[15|133],[15|133],2,,[],1584
2015502,20155,[33|200],[33|200],2,,[],1584
2016502,20165,[34|200],[34|200],2,,[],1584
2017502,20175,,[],2,[1002|333],[1002|333],1584
2018502,20185,,[],2,[1076|333],[1076|333],1584
2019502,20195,,[],2,[1018|133],[1018|133],1584
2020502,20205,,[],2,[1093|24000],[1093|24000],1584
2021502,20215,,[],2,[1093|24000],[1093|24000],1584
2022502,20225,,[],2,[1061|133],[1061|133],1584
2023502,20235,,[],2,[57|33],[57|33],1584
2024502,20245,,[],2,[1075|3333],[1075|3333],1584
2025502,20255,[10104|1800],[10104|1800],2,,[],1584
1001503,10015,,[],3,[1012|400],[1012|400],2376
1002503,10025,,[],3,[1013|400],[1013|400],2376
1003503,10035,,[],3,[1014|400],[1014|400],2376
1004503,10045,,[],3,[1072|400],[1072|400],2376
1005503,10055,,[],3,[1004|400],[1004|400],2376
1006503,10065,,[],3,[1005|400],[1005|400],2376
1007503,10075,,[],3,[1006|400],[1006|400],2376
1008503,10085,,[],3,[1001|300],[1001|300],2376
1009503,10095,,[],3,[1033|400],[1033|400],2376
1010503,10105,,[],3,[1034|400],[1034|400],2376
1011503,10115,,[],3,[1022|400],[1022|400],2376
1012503,10125,,[],3,[1016|400],[1016|400],2376
2001503,20015,[10103|900],[10103|900],3,,[],2376
2002503,20025,[10103|900],[10103|900],3,,[],2376
2003503,20035,[8|300],[8|300],3,,[],2376
2004503,20045,[10|600],[10|600],3,,[],2376
2005503,20055,[9|300],[9|300],3,,[],2376
2006503,20065,[12|300],[12|300],3,,[],2376
2007503,20075,[13|300],[13|300],3,,[],2376
2008503,20085,[16|300],[16|300],3,,[],2376
2009503,20095,[17|300],[17|300],3,,[],2376
2010503,20105,[20|500],[20|500],3,,[],2376
2011503,20115,[21|500],[21|500],3,,[],2376
2012503,20125,[37|500],[37|500],3,,[],2376
2013503,20135,[38|500],[38|500],3,,[],2376
2014503,20145,[15|200],[15|200],3,,[],2376
2015503,20155,[33|300],[33|300],3,,[],2376
2016503,20165,[34|300],[34|300],3,,[],2376
2017503,20175,,[],3,[1002|500],[1002|500],2376
2018503,20185,,[],3,[1076|500],[1076|500],2376
2019503,20195,,[],3,[1018|200],[1018|200],2376
2020503,20205,,[],3,[1093|36000],[1093|36000],2376
2021503,20215,,[],3,[1093|36000],[1093|36000],2376
2022503,20225,,[],3,[1061|200],[1061|200],2376
2023503,20235,,[],3,[57|50],[57|50],2376
2024503,20245,,[],3,[1075|5000],[1075|5000],2376
2025503,20255,[10104|2700],[10104|2700],3,,[],2376
1001504,10015,,[],4,[1012|533],[1012|533],3168
1002504,10025,,[],4,[1013|533],[1013|533],3168
1003504,10035,,[],4,[1014|533],[1014|533],3168
1004504,10045,,[],4,[1072|533],[1072|533],3168
1005504,10055,,[],4,[1004|533],[1004|533],3168
1006504,10065,,[],4,[1005|533],[1005|533],3168
1007504,10075,,[],4,[1006|533],[1006|533],3168
1008504,10085,,[],4,[1001|400],[1001|400],3168
1009504,10095,,[],4,[1033|533],[1033|533],3168
1010504,10105,,[],4,[1034|533],[1034|533],3168
1011504,10115,,[],4,[1022|533],[1022|533],3168
1012504,10125,,[],4,[1016|533],[1016|533],3168
2001504,20015,[10103|1200],[10103|1200],4,,[],3168
2002504,20025,[10103|1200],[10103|1200],4,,[],3168
2003504,20035,[8|400],[8|400],4,,[],3168
2004504,20045,[10|800],[10|800],4,,[],3168
2005504,20055,[9|400],[9|400],4,,[],3168
2006504,20065,[12|400],[12|400],4,,[],3168
2007504,20075,[13|400],[13|400],4,,[],3168
2008504,20085,[16|400],[16|400],4,,[],3168
2009504,20095,[17|400],[17|400],4,,[],3168
2010504,20105,[20|667],[20|667],4,,[],3168
2011504,20115,[21|667],[21|667],4,,[],3168
2012504,20125,[37|667],[37|667],4,,[],3168
2013504,20135,[38|667],[38|667],4,,[],3168
2014504,20145,[15|267],[15|267],4,,[],3168
2015504,20155,[33|400],[33|400],4,,[],3168
2016504,20165,[34|400],[34|400],4,,[],3168
2017504,20175,,[],4,[1002|667],[1002|667],3168
2018504,20185,,[],4,[1076|667],[1076|667],3168
2019504,20195,,[],4,[1018|267],[1018|267],3168
2020504,20205,,[],4,[1093|48000],[1093|48000],3168
2021504,20215,,[],4,[1093|48000],[1093|48000],3168
2022504,20225,,[],4,[1061|267],[1061|267],3168
2023504,20235,,[],4,[57|67],[57|67],3168
2024504,20245,,[],4,[1075|6667],[1075|6667],3168
2025504,20255,[10104|3600],[10104|3600],4,,[],3168
1001505,10015,,[],5,[1012|667],[1012|667],3960
1002505,10025,,[],5,[1013|667],[1013|667],3960
1003505,10035,,[],5,[1014|667],[1014|667],3960
1004505,10045,,[],5,[1072|667],[1072|667],3960
1005505,10055,,[],5,[1004|667],[1004|667],3960
1006505,10065,,[],5,[1005|667],[1005|667],3960
1007505,10075,,[],5,[1006|667],[1006|667],3960
1008505,10085,,[],5,[1001|500],[1001|500],3960
1009505,10095,,[],5,[1033|667],[1033|667],3960
1010505,10105,,[],5,[1034|667],[1034|667],3960
1011505,10115,,[],5,[1022|667],[1022|667],3960
1012505,10125,,[],5,[1016|667],[1016|667],3960
2001505,20015,[10103|1500],[10103|1500],5,,[],3960
2002505,20025,[10103|1500],[10103|1500],5,,[],3960
2003505,20035,[8|500],[8|500],5,,[],3960
2004505,20045,[10|1000],[10|1000],5,,[],3960
2005505,20055,[9|500],[9|500],5,,[],3960
2006505,20065,[12|500],[12|500],5,,[],3960
2007505,20075,[13|500],[13|500],5,,[],3960
2008505,20085,[16|500],[16|500],5,,[],3960
2009505,20095,[17|500],[17|500],5,,[],3960
2010505,20105,[20|833],[20|833],5,,[],3960
2011505,20115,[21|833],[21|833],5,,[],3960
2012505,20125,[37|833],[37|833],5,,[],3960
2013505,20135,[38|833],[38|833],5,,[],3960
2014505,20145,[15|333],[15|333],5,,[],3960
2015505,20155,[33|500],[33|500],5,,[],3960
2016505,20165,[34|500],[34|500],5,,[],3960
2017505,20175,,[],5,[1002|833],[1002|833],3960
2018505,20185,,[],5,[1076|833],[1076|833],3960
2019505,20195,,[],5,[1018|333],[1018|333],3960
2020505,20205,,[],5,[1093|60000],[1093|60000],3960
2021505,20215,,[],5,[1093|60000],[1093|60000],3960
2022505,20225,,[],5,[1061|333],[1061|333],3960
2023505,20235,,[],5,[57|83],[57|83],3960
2024505,20245,,[],5,[1075|8333],[1075|8333],3960
2025505,20255,[10104|4500],[10104|4500],5,,[],3960
1001506,10015,,[],6,[1012|800],[1012|800],4752
1002506,10025,,[],6,[1013|800],[1013|800],4752
1003506,10035,,[],6,[1014|800],[1014|800],4752
1004506,10045,,[],6,[1072|800],[1072|800],4752
1005506,10055,,[],6,[1004|800],[1004|800],4752
1006506,10065,,[],6,[1005|800],[1005|800],4752
1007506,10075,,[],6,[1006|800],[1006|800],4752
1008506,10085,,[],6,[1001|600],[1001|600],4752
1009506,10095,,[],6,[1033|800],[1033|800],4752
1010506,10105,,[],6,[1034|800],[1034|800],4752
1011506,10115,,[],6,[1022|800],[1022|800],4752
1012506,10125,,[],6,[1016|800],[1016|800],4752
2001506,20015,[10103|1800],[10103|1800],6,,[],4752
2002506,20025,[10103|1800],[10103|1800],6,,[],4752
2003506,20035,[8|600],[8|600],6,,[],4752
2004506,20045,[10|1200],[10|1200],6,,[],4752
2005506,20055,[9|600],[9|600],6,,[],4752
2006506,20065,[12|600],[12|600],6,,[],4752
2007506,20075,[13|600],[13|600],6,,[],4752
2008506,20085,[16|600],[16|600],6,,[],4752
2009506,20095,[17|600],[17|600],6,,[],4752
2010506,20105,[20|1000],[20|1000],6,,[],4752
2011506,20115,[21|1000],[21|1000],6,,[],4752
2012506,20125,[37|1000],[37|1000],6,,[],4752
2013506,20135,[38|1000],[38|1000],6,,[],4752
2014506,20145,[15|400],[15|400],6,,[],4752
2015506,20155,[33|600],[33|600],6,,[],4752
2016506,20165,[34|600],[34|600],6,,[],4752
2017506,20175,,[],6,[1002|1000],[1002|1000],4752
2018506,20185,,[],6,[1076|1000],[1076|1000],4752
2019506,20195,,[],6,[1018|400],[1018|400],4752
2020506,20205,,[],6,[1093|72000],[1093|72000],4752
2021506,20215,,[],6,[1093|72000],[1093|72000],4752
2022506,20225,,[],6,[1061|400],[1061|400],4752
2023506,20235,,[],6,[57|100],[57|100],4752
2024506,20245,,[],6,[1075|10000],[1075|10000],4752
2025506,20255,[10104|5400],[10104|5400],6,,[],4752
1001507,10015,,[],7,[1012|933],[1012|933],5544
1002507,10025,,[],7,[1013|933],[1013|933],5544
1003507,10035,,[],7,[1014|933],[1014|933],5544
1004507,10045,,[],7,[1072|933],[1072|933],5544
1005507,10055,,[],7,[1004|933],[1004|933],5544
1006507,10065,,[],7,[1005|933],[1005|933],5544
1007507,10075,,[],7,[1006|933],[1006|933],5544
1008507,10085,,[],7,[1001|700],[1001|700],5544
1009507,10095,,[],7,[1033|933],[1033|933],5544
1010507,10105,,[],7,[1034|933],[1034|933],5544
1011507,10115,,[],7,[1022|933],[1022|933],5544
1012507,10125,,[],7,[1016|933],[1016|933],5544
2001507,20015,[10103|2100],[10103|2100],7,,[],5544
2002507,20025,[10103|2100],[10103|2100],7,,[],5544
2003507,20035,[8|700],[8|700],7,,[],5544
2004507,20045,[10|1400],[10|1400],7,,[],5544
2005507,20055,[9|700],[9|700],7,,[],5544
2006507,20065,[12|700],[12|700],7,,[],5544
2007507,20075,[13|700],[13|700],7,,[],5544
2008507,20085,[16|700],[16|700],7,,[],5544
2009507,20095,[17|700],[17|700],7,,[],5544
2010507,20105,[20|1167],[20|1167],7,,[],5544
2011507,20115,[21|1167],[21|1167],7,,[],5544
2012507,20125,[37|1167],[37|1167],7,,[],5544
2013507,20135,[38|1167],[38|1167],7,,[],5544
2014507,20145,[15|467],[15|467],7,,[],5544
2015507,20155,[33|700],[33|700],7,,[],5544
2016507,20165,[34|700],[34|700],7,,[],5544
2017507,20175,,[],7,[1002|1167],[1002|1167],5544
2018507,20185,,[],7,[1076|1167],[1076|1167],5544
2019507,20195,,[],7,[1018|467],[1018|467],5544
2020507,20205,,[],7,[1093|84000],[1093|84000],5544
2021507,20215,,[],7,[1093|84000],[1093|84000],5544
2022507,20225,,[],7,[1061|467],[1061|467],5544
2023507,20235,,[],7,[57|117],[57|117],5544
2024507,20245,,[],7,[1075|11667],[1075|11667],5544
2025507,20255,[10104|6300],[10104|6300],7,,[],5544
1001508,10015,,[],8,[1012|1067],[1012|1067],6336
1002508,10025,,[],8,[1013|1067],[1013|1067],6336
1003508,10035,,[],8,[1014|1067],[1014|1067],6336
1004508,10045,,[],8,[1072|1067],[1072|1067],6336
1005508,10055,,[],8,[1004|1067],[1004|1067],6336
1006508,10065,,[],8,[1005|1067],[1005|1067],6336
1007508,10075,,[],8,[1006|1067],[1006|1067],6336
1008508,10085,,[],8,[1001|800],[1001|800],6336
1009508,10095,,[],8,[1033|1067],[1033|1067],6336
1010508,10105,,[],8,[1034|1067],[1034|1067],6336
1011508,10115,,[],8,[1022|1067],[1022|1067],6336
1012508,10125,,[],8,[1016|1067],[1016|1067],6336
2001508,20015,[10103|2400],[10103|2400],8,,[],6336
2002508,20025,[10103|2400],[10103|2400],8,,[],6336
2003508,20035,[8|800],[8|800],8,,[],6336
2004508,20045,[10|1600],[10|1600],8,,[],6336
2005508,20055,[9|800],[9|800],8,,[],6336
2006508,20065,[12|800],[12|800],8,,[],6336
2007508,20075,[13|800],[13|800],8,,[],6336
2008508,20085,[16|800],[16|800],8,,[],6336
2009508,20095,[17|800],[17|800],8,,[],6336
2010508,20105,[20|1333],[20|1333],8,,[],6336
2011508,20115,[21|1333],[21|1333],8,,[],6336
2012508,20125,[37|1333],[37|1333],8,,[],6336
2013508,20135,[38|1333],[38|1333],8,,[],6336
2014508,20145,[15|533],[15|533],8,,[],6336
2015508,20155,[33|800],[33|800],8,,[],6336
2016508,20165,[34|800],[34|800],8,,[],6336
2017508,20175,,[],8,[1002|1333],[1002|1333],6336
2018508,20185,,[],8,[1076|1333],[1076|1333],6336
2019508,20195,,[],8,[1018|533],[1018|533],6336
2020508,20205,,[],8,[1093|96000],[1093|96000],6336
2021508,20215,,[],8,[1093|96000],[1093|96000],6336
2022508,20225,,[],8,[1061|533],[1061|533],6336
2023508,20235,,[],8,[57|133],[57|133],6336
2024508,20245,,[],8,[1075|13333],[1075|13333],6336
2025508,20255,[10104|7200],[10104|7200],8,,[],6336
1001509,10015,,[],9,[1012|1200],[1012|1200],7128
1002509,10025,,[],9,[1013|1200],[1013|1200],7128
1003509,10035,,[],9,[1014|1200],[1014|1200],7128
1004509,10045,,[],9,[1072|1200],[1072|1200],7128
1005509,10055,,[],9,[1004|1200],[1004|1200],7128
1006509,10065,,[],9,[1005|1200],[1005|1200],7128
1007509,10075,,[],9,[1006|1200],[1006|1200],7128
1008509,10085,,[],9,[1001|900],[1001|900],7128
1009509,10095,,[],9,[1033|1200],[1033|1200],7128
1010509,10105,,[],9,[1034|1200],[1034|1200],7128
1011509,10115,,[],9,[1022|1200],[1022|1200],7128
1012509,10125,,[],9,[1016|1200],[1016|1200],7128
2001509,20015,[10103|2700],[10103|2700],9,,[],7128
2002509,20025,[10103|2700],[10103|2700],9,,[],7128
2003509,20035,[8|900],[8|900],9,,[],7128
2004509,20045,[10|1800],[10|1800],9,,[],7128
2005509,20055,[9|900],[9|900],9,,[],7128
2006509,20065,[12|900],[12|900],9,,[],7128
2007509,20075,[13|900],[13|900],9,,[],7128
2008509,20085,[16|900],[16|900],9,,[],7128
2009509,20095,[17|900],[17|900],9,,[],7128
2010509,20105,[20|1500],[20|1500],9,,[],7128
2011509,20115,[21|1500],[21|1500],9,,[],7128
2012509,20125,[37|1500],[37|1500],9,,[],7128
2013509,20135,[38|1500],[38|1500],9,,[],7128
2014509,20145,[15|600],[15|600],9,,[],7128
2015509,20155,[33|900],[33|900],9,,[],7128
2016509,20165,[34|900],[34|900],9,,[],7128
2017509,20175,,[],9,[1002|1500],[1002|1500],7128
2018509,20185,,[],9,[1076|1500],[1076|1500],7128
2019509,20195,,[],9,[1018|600],[1018|600],7128
2020509,20205,,[],9,[1093|108000],[1093|108000],7128
2021509,20215,,[],9,[1093|108000],[1093|108000],7128
2022509,20225,,[],9,[1061|600],[1061|600],7128
2023509,20235,,[],9,[57|150],[57|150],7128
2024509,20245,,[],9,[1075|15000],[1075|15000],7128
2025509,20255,[10104|8100],[10104|8100],9,,[],7128
1001510,10015,,[],10,[1012|1333],[1012|1333],7920
1002510,10025,,[],10,[1013|1333],[1013|1333],7920
1003510,10035,,[],10,[1014|1333],[1014|1333],7920
1004510,10045,,[],10,[1072|1333],[1072|1333],7920
1005510,10055,,[],10,[1004|1333],[1004|1333],7920
1006510,10065,,[],10,[1005|1333],[1005|1333],7920
1007510,10075,,[],10,[1006|1333],[1006|1333],7920
1008510,10085,,[],10,[1001|1000],[1001|1000],7920
1009510,10095,,[],10,[1033|1333],[1033|1333],7920
1010510,10105,,[],10,[1034|1333],[1034|1333],7920
1011510,10115,,[],10,[1022|1333],[1022|1333],7920
1012510,10125,,[],10,[1016|1333],[1016|1333],7920
2001510,20015,[10103|3000],[10103|3000],10,,[],7920
2002510,20025,[10103|3000],[10103|3000],10,,[],7920
2003510,20035,[8|1000],[8|1000],10,,[],7920
2004510,20045,[10|2000],[10|2000],10,,[],7920
2005510,20055,[9|1000],[9|1000],10,,[],7920
2006510,20065,[12|1000],[12|1000],10,,[],7920
2007510,20075,[13|1000],[13|1000],10,,[],7920
2008510,20085,[16|1000],[16|1000],10,,[],7920
2009510,20095,[17|1000],[17|1000],10,,[],7920
2010510,20105,[20|1667],[20|1667],10,,[],7920
2011510,20115,[21|1667],[21|1667],10,,[],7920
2012510,20125,[37|1667],[37|1667],10,,[],7920
2013510,20135,[38|1667],[38|1667],10,,[],7920
2014510,20145,[15|667],[15|667],10,,[],7920
2015510,20155,[33|1000],[33|1000],10,,[],7920
2016510,20165,[34|1000],[34|1000],10,,[],7920
2017510,20175,,[],10,[1002|1667],[1002|1667],7920
2018510,20185,,[],10,[1076|1667],[1076|1667],7920
2019510,20195,,[],10,[1018|667],[1018|667],7920
2020510,20205,,[],10,[1093|120000],[1093|120000],7920
2021510,20215,,[],10,[1093|120000],[1093|120000],7920
2022510,20225,,[],10,[1061|667],[1061|667],7920
2023510,20235,,[],10,[57|167],[57|167],7920
2024510,20245,,[],10,[1075|16667],[1075|16667],7920
2025510,20255,[10104|9000],[10104|9000],10,,[],7920
1001511,10015,,[],11,[1012|1467],[1012|1467],8712
1002511,10025,,[],11,[1013|1467],[1013|1467],8712
1003511,10035,,[],11,[1014|1467],[1014|1467],8712
1004511,10045,,[],11,[1072|1467],[1072|1467],8712
1005511,10055,,[],11,[1004|1467],[1004|1467],8712
1006511,10065,,[],11,[1005|1467],[1005|1467],8712
1007511,10075,,[],11,[1006|1467],[1006|1467],8712
1008511,10085,,[],11,[1001|1100],[1001|1100],8712
1009511,10095,,[],11,[1033|1467],[1033|1467],8712
1010511,10105,,[],11,[1034|1467],[1034|1467],8712
1011511,10115,,[],11,[1022|1467],[1022|1467],8712
1012511,10125,,[],11,[1016|1467],[1016|1467],8712
2001511,20015,[10103|3300],[10103|3300],11,,[],8712
2002511,20025,[10103|3300],[10103|3300],11,,[],8712
2003511,20035,[8|1100],[8|1100],11,,[],8712
2004511,20045,[10|2200],[10|2200],11,,[],8712
2005511,20055,[9|1100],[9|1100],11,,[],8712
2006511,20065,[12|1100],[12|1100],11,,[],8712
2007511,20075,[13|1100],[13|1100],11,,[],8712
2008511,20085,[16|1100],[16|1100],11,,[],8712
2009511,20095,[17|1100],[17|1100],11,,[],8712
2010511,20105,[20|1833],[20|1833],11,,[],8712
2011511,20115,[21|1833],[21|1833],11,,[],8712
2012511,20125,[37|1833],[37|1833],11,,[],8712
2013511,20135,[38|1833],[38|1833],11,,[],8712
2014511,20145,[15|733],[15|733],11,,[],8712
2015511,20155,[33|1100],[33|1100],11,,[],8712
2016511,20165,[34|1100],[34|1100],11,,[],8712
2017511,20175,,[],11,[1002|1833],[1002|1833],8712
2018511,20185,,[],11,[1076|1833],[1076|1833],8712
2019511,20195,,[],11,[1018|733],[1018|733],8712
2020511,20205,,[],11,[1093|132000],[1093|132000],8712
2021511,20215,,[],11,[1093|132000],[1093|132000],8712
2022511,20225,,[],11,[1061|733],[1061|733],8712
2023511,20235,,[],11,[57|183],[57|183],8712
2024511,20245,,[],11,[1075|18333],[1075|18333],8712
2025511,20255,[10104|9900],[10104|9900],11,,[],8712
1001512,10015,,[],12,[1012|1600],[1012|1600],9504
1002512,10025,,[],12,[1013|1600],[1013|1600],9504
1003512,10035,,[],12,[1014|1600],[1014|1600],9504
1004512,10045,,[],12,[1072|1600],[1072|1600],9504
1005512,10055,,[],12,[1004|1600],[1004|1600],9504
1006512,10065,,[],12,[1005|1600],[1005|1600],9504
1007512,10075,,[],12,[1006|1600],[1006|1600],9504
1008512,10085,,[],12,[1001|1200],[1001|1200],9504
1009512,10095,,[],12,[1033|1600],[1033|1600],9504
1010512,10105,,[],12,[1034|1600],[1034|1600],9504
1011512,10115,,[],12,[1022|1600],[1022|1600],9504
1012512,10125,,[],12,[1016|1600],[1016|1600],9504
2001512,20015,[10103|3600],[10103|3600],12,,[],9504
2002512,20025,[10103|3600],[10103|3600],12,,[],9504
2003512,20035,[8|1200],[8|1200],12,,[],9504
2004512,20045,[10|2400],[10|2400],12,,[],9504
2005512,20055,[9|1200],[9|1200],12,,[],9504
2006512,20065,[12|1200],[12|1200],12,,[],9504
2007512,20075,[13|1200],[13|1200],12,,[],9504
2008512,20085,[16|1200],[16|1200],12,,[],9504
2009512,20095,[17|1200],[17|1200],12,,[],9504
2010512,20105,[20|2000],[20|2000],12,,[],9504
2011512,20115,[21|2000],[21|2000],12,,[],9504
2012512,20125,[37|2000],[37|2000],12,,[],9504
2013512,20135,[38|2000],[38|2000],12,,[],9504
2014512,20145,[15|800],[15|800],12,,[],9504
2015512,20155,[33|1200],[33|1200],12,,[],9504
2016512,20165,[34|1200],[34|1200],12,,[],9504
2017512,20175,,[],12,[1002|2000],[1002|2000],9504
2018512,20185,,[],12,[1076|2000],[1076|2000],9504
2019512,20195,,[],12,[1018|800],[1018|800],9504
2020512,20205,,[],12,[1093|144000],[1093|144000],9504
2021512,20215,,[],12,[1093|144000],[1093|144000],9504
2022512,20225,,[],12,[1061|800],[1061|800],9504
2023512,20235,,[],12,[57|200],[57|200],9504
2024512,20245,,[],12,[1075|20000],[1075|20000],9504
2025512,20255,[10104|10800],[10104|10800],12,,[],9504
1001513,10015,,[],13,[1012|1733],[1012|1733],10296
1002513,10025,,[],13,[1013|1733],[1013|1733],10296
1003513,10035,,[],13,[1014|1733],[1014|1733],10296
1004513,10045,,[],13,[1072|1733],[1072|1733],10296
1005513,10055,,[],13,[1004|1733],[1004|1733],10296
1006513,10065,,[],13,[1005|1733],[1005|1733],10296
1007513,10075,,[],13,[1006|1733],[1006|1733],10296
1008513,10085,,[],13,[1001|1300],[1001|1300],10296
1009513,10095,,[],13,[1033|1733],[1033|1733],10296
1010513,10105,,[],13,[1034|1733],[1034|1733],10296
1011513,10115,,[],13,[1022|1733],[1022|1733],10296
1012513,10125,,[],13,[1016|1733],[1016|1733],10296
2001513,20015,[10103|3900],[10103|3900],13,,[],10296
2002513,20025,[10103|3900],[10103|3900],13,,[],10296
2003513,20035,[8|1300],[8|1300],13,,[],10296
2004513,20045,[10|2600],[10|2600],13,,[],10296
2005513,20055,[9|1300],[9|1300],13,,[],10296
2006513,20065,[12|1300],[12|1300],13,,[],10296
2007513,20075,[13|1300],[13|1300],13,,[],10296
2008513,20085,[16|1300],[16|1300],13,,[],10296
2009513,20095,[17|1300],[17|1300],13,,[],10296
2010513,20105,[20|2167],[20|2167],13,,[],10296
2011513,20115,[21|2167],[21|2167],13,,[],10296
2012513,20125,[37|2167],[37|2167],13,,[],10296
2013513,20135,[38|2167],[38|2167],13,,[],10296
2014513,20145,[15|867],[15|867],13,,[],10296
2015513,20155,[33|1300],[33|1300],13,,[],10296
2016513,20165,[34|1300],[34|1300],13,,[],10296
2017513,20175,,[],13,[1002|2167],[1002|2167],10296
2018513,20185,,[],13,[1076|2167],[1076|2167],10296
2019513,20195,,[],13,[1018|867],[1018|867],10296
2020513,20205,,[],13,[1093|156000],[1093|156000],10296
2021513,20215,,[],13,[1093|156000],[1093|156000],10296
2022513,20225,,[],13,[1061|867],[1061|867],10296
2023513,20235,,[],13,[57|217],[57|217],10296
2024513,20245,,[],13,[1075|21667],[1075|21667],10296
2025513,20255,[10104|11700],[10104|11700],13,,[],10296
1001514,10015,,[],14,[1012|1867],[1012|1867],11088
1002514,10025,,[],14,[1013|1867],[1013|1867],11088
1003514,10035,,[],14,[1014|1867],[1014|1867],11088
1004514,10045,,[],14,[1072|1867],[1072|1867],11088
1005514,10055,,[],14,[1004|1867],[1004|1867],11088
1006514,10065,,[],14,[1005|1867],[1005|1867],11088
1007514,10075,,[],14,[1006|1867],[1006|1867],11088
1008514,10085,,[],14,[1001|1400],[1001|1400],11088
1009514,10095,,[],14,[1033|1867],[1033|1867],11088
1010514,10105,,[],14,[1034|1867],[1034|1867],11088
1011514,10115,,[],14,[1022|1867],[1022|1867],11088
1012514,10125,,[],14,[1016|1867],[1016|1867],11088
2001514,20015,[10103|4200],[10103|4200],14,,[],11088
2002514,20025,[10103|4200],[10103|4200],14,,[],11088
2003514,20035,[8|1400],[8|1400],14,,[],11088
2004514,20045,[10|2800],[10|2800],14,,[],11088
2005514,20055,[9|1400],[9|1400],14,,[],11088
2006514,20065,[12|1400],[12|1400],14,,[],11088
2007514,20075,[13|1400],[13|1400],14,,[],11088
2008514,20085,[16|1400],[16|1400],14,,[],11088
2009514,20095,[17|1400],[17|1400],14,,[],11088
2010514,20105,[20|2333],[20|2333],14,,[],11088
2011514,20115,[21|2333],[21|2333],14,,[],11088
2012514,20125,[37|2333],[37|2333],14,,[],11088
2013514,20135,[38|2333],[38|2333],14,,[],11088
2014514,20145,[15|933],[15|933],14,,[],11088
2015514,20155,[33|1400],[33|1400],14,,[],11088
2016514,20165,[34|1400],[34|1400],14,,[],11088
2017514,20175,,[],14,[1002|2333],[1002|2333],11088
2018514,20185,,[],14,[1076|2333],[1076|2333],11088
2019514,20195,,[],14,[1018|933],[1018|933],11088
2020514,20205,,[],14,[1093|168000],[1093|168000],11088
2021514,20215,,[],14,[1093|168000],[1093|168000],11088
2022514,20225,,[],14,[1061|933],[1061|933],11088
2023514,20235,,[],14,[57|233],[57|233],11088
2024514,20245,,[],14,[1075|23333],[1075|23333],11088
2025514,20255,[10104|12600],[10104|12600],14,,[],11088
1001515,10015,,[],15,[1012|2000],[1012|2000],11880
1002515,10025,,[],15,[1013|2000],[1013|2000],11880
1003515,10035,,[],15,[1014|2000],[1014|2000],11880
1004515,10045,,[],15,[1072|2000],[1072|2000],11880
1005515,10055,,[],15,[1004|2000],[1004|2000],11880
1006515,10065,,[],15,[1005|2000],[1005|2000],11880
1007515,10075,,[],15,[1006|2000],[1006|2000],11880
1008515,10085,,[],15,[1001|1500],[1001|1500],11880
1009515,10095,,[],15,[1033|2000],[1033|2000],11880
1010515,10105,,[],15,[1034|2000],[1034|2000],11880
1011515,10115,,[],15,[1022|2000],[1022|2000],11880
1012515,10125,,[],15,[1016|2000],[1016|2000],11880
2001515,20015,[10103|4500],[10103|4500],15,,[],11880
2002515,20025,[10103|4500],[10103|4500],15,,[],11880
2003515,20035,[8|1500],[8|1500],15,,[],11880
2004515,20045,[10|3000],[10|3000],15,,[],11880
2005515,20055,[9|1500],[9|1500],15,,[],11880
2006515,20065,[12|1500],[12|1500],15,,[],11880
2007515,20075,[13|1500],[13|1500],15,,[],11880
2008515,20085,[16|1500],[16|1500],15,,[],11880
2009515,20095,[17|1500],[17|1500],15,,[],11880
2010515,20105,[20|2500],[20|2500],15,,[],11880
2011515,20115,[21|2500],[21|2500],15,,[],11880
2012515,20125,[37|2500],[37|2500],15,,[],11880
2013515,20135,[38|2500],[38|2500],15,,[],11880
2014515,20145,[15|1000],[15|1000],15,,[],11880
2015515,20155,[33|1500],[33|1500],15,,[],11880
2016515,20165,[34|1500],[34|1500],15,,[],11880
2017515,20175,,[],15,[1002|2500],[1002|2500],11880
2018515,20185,,[],15,[1076|2500],[1076|2500],11880
2019515,20195,,[],15,[1018|1000],[1018|1000],11880
2020515,20205,,[],15,[1093|180000],[1093|180000],11880
2021515,20215,,[],15,[1093|180000],[1093|180000],11880
2022515,20225,,[],15,[1061|1000],[1061|1000],11880
2023515,20235,,[],15,[57|250],[57|250],11880
2024515,20245,,[],15,[1075|25000],[1075|25000],11880
2025515,20255,[10104|13500],[10104|13500],15,,[],11880
1001516,10015,,[],16,[1012|2133],[1012|2133],12672
1002516,10025,,[],16,[1013|2133],[1013|2133],12672
1003516,10035,,[],16,[1014|2133],[1014|2133],12672
1004516,10045,,[],16,[1072|2133],[1072|2133],12672
1005516,10055,,[],16,[1004|2133],[1004|2133],12672
1006516,10065,,[],16,[1005|2133],[1005|2133],12672
1007516,10075,,[],16,[1006|2133],[1006|2133],12672
1008516,10085,,[],16,[1001|1600],[1001|1600],12672
1009516,10095,,[],16,[1033|2133],[1033|2133],12672
1010516,10105,,[],16,[1034|2133],[1034|2133],12672
1011516,10115,,[],16,[1022|2133],[1022|2133],12672
1012516,10125,,[],16,[1016|2133],[1016|2133],12672
2001516,20015,[10103|4800],[10103|4800],16,,[],12672
2002516,20025,[10103|4800],[10103|4800],16,,[],12672
2003516,20035,[8|1600],[8|1600],16,,[],12672
2004516,20045,[10|3200],[10|3200],16,,[],12672
2005516,20055,[9|1600],[9|1600],16,,[],12672
2006516,20065,[12|1600],[12|1600],16,,[],12672
2007516,20075,[13|1600],[13|1600],16,,[],12672
2008516,20085,[16|1600],[16|1600],16,,[],12672
2009516,20095,[17|1600],[17|1600],16,,[],12672
2010516,20105,[20|2667],[20|2667],16,,[],12672
2011516,20115,[21|2667],[21|2667],16,,[],12672
2012516,20125,[37|2667],[37|2667],16,,[],12672
2013516,20135,[38|2667],[38|2667],16,,[],12672
2014516,20145,[15|1067],[15|1067],16,,[],12672
2015516,20155,[33|1600],[33|1600],16,,[],12672
2016516,20165,[34|1600],[34|1600],16,,[],12672
2017516,20175,,[],16,[1002|2667],[1002|2667],12672
2018516,20185,,[],16,[1076|2667],[1076|2667],12672
2019516,20195,,[],16,[1018|1067],[1018|1067],12672
2020516,20205,,[],16,[1093|192000],[1093|192000],12672
2021516,20215,,[],16,[1093|192000],[1093|192000],12672
2022516,20225,,[],16,[1061|1067],[1061|1067],12672
2023516,20235,,[],16,[57|267],[57|267],12672
2024516,20245,,[],16,[1075|26667],[1075|26667],12672
2025516,20255,[10104|14400],[10104|14400],16,,[],12672
1001517,10015,,[],17,[1012|2267],[1012|2267],13464
1002517,10025,,[],17,[1013|2267],[1013|2267],13464
1003517,10035,,[],17,[1014|2267],[1014|2267],13464
1004517,10045,,[],17,[1072|2267],[1072|2267],13464
1005517,10055,,[],17,[1004|2267],[1004|2267],13464
1006517,10065,,[],17,[1005|2267],[1005|2267],13464
1007517,10075,,[],17,[1006|2267],[1006|2267],13464
1008517,10085,,[],17,[1001|1700],[1001|1700],13464
1009517,10095,,[],17,[1033|2267],[1033|2267],13464
1010517,10105,,[],17,[1034|2267],[1034|2267],13464
1011517,10115,,[],17,[1022|2267],[1022|2267],13464
1012517,10125,,[],17,[1016|2267],[1016|2267],13464
2001517,20015,[10103|5100],[10103|5100],17,,[],13464
2002517,20025,[10103|5100],[10103|5100],17,,[],13464
2003517,20035,[8|1700],[8|1700],17,,[],13464
2004517,20045,[10|3400],[10|3400],17,,[],13464
2005517,20055,[9|1700],[9|1700],17,,[],13464
2006517,20065,[12|1700],[12|1700],17,,[],13464
2007517,20075,[13|1700],[13|1700],17,,[],13464
2008517,20085,[16|1700],[16|1700],17,,[],13464
2009517,20095,[17|1700],[17|1700],17,,[],13464
2010517,20105,[20|2833],[20|2833],17,,[],13464
2011517,20115,[21|2833],[21|2833],17,,[],13464
2012517,20125,[37|2833],[37|2833],17,,[],13464
2013517,20135,[38|2833],[38|2833],17,,[],13464
2014517,20145,[15|1133],[15|1133],17,,[],13464
2015517,20155,[33|1700],[33|1700],17,,[],13464
2016517,20165,[34|1700],[34|1700],17,,[],13464
2017517,20175,,[],17,[1002|2833],[1002|2833],13464
2018517,20185,,[],17,[1076|2833],[1076|2833],13464
2019517,20195,,[],17,[1018|1133],[1018|1133],13464
2020517,20205,,[],17,[1093|204000],[1093|204000],13464
2021517,20215,,[],17,[1093|204000],[1093|204000],13464
2022517,20225,,[],17,[1061|1133],[1061|1133],13464
2023517,20235,,[],17,[57|283],[57|283],13464
2024517,20245,,[],17,[1075|28333],[1075|28333],13464
2025517,20255,[10104|15300],[10104|15300],17,,[],13464
1001518,10015,,[],18,[1012|2400],[1012|2400],14256
1002518,10025,,[],18,[1013|2400],[1013|2400],14256
1003518,10035,,[],18,[1014|2400],[1014|2400],14256
1004518,10045,,[],18,[1072|2400],[1072|2400],14256
1005518,10055,,[],18,[1004|2400],[1004|2400],14256
1006518,10065,,[],18,[1005|2400],[1005|2400],14256
1007518,10075,,[],18,[1006|2400],[1006|2400],14256
1008518,10085,,[],18,[1001|1800],[1001|1800],14256
1009518,10095,,[],18,[1033|2400],[1033|2400],14256
1010518,10105,,[],18,[1034|2400],[1034|2400],14256
1011518,10115,,[],18,[1022|2400],[1022|2400],14256
1012518,10125,,[],18,[1016|2400],[1016|2400],14256
2001518,20015,[10103|5400],[10103|5400],18,,[],14256
2002518,20025,[10103|5400],[10103|5400],18,,[],14256
2003518,20035,[8|1800],[8|1800],18,,[],14256
2004518,20045,[10|3600],[10|3600],18,,[],14256
2005518,20055,[9|1800],[9|1800],18,,[],14256
2006518,20065,[12|1800],[12|1800],18,,[],14256
2007518,20075,[13|1800],[13|1800],18,,[],14256
2008518,20085,[16|1800],[16|1800],18,,[],14256
2009518,20095,[17|1800],[17|1800],18,,[],14256
2010518,20105,[20|3000],[20|3000],18,,[],14256
2011518,20115,[21|3000],[21|3000],18,,[],14256
2012518,20125,[37|3000],[37|3000],18,,[],14256
2013518,20135,[38|3000],[38|3000],18,,[],14256
2014518,20145,[15|1200],[15|1200],18,,[],14256
2015518,20155,[33|1800],[33|1800],18,,[],14256
2016518,20165,[34|1800],[34|1800],18,,[],14256
2017518,20175,,[],18,[1002|3000],[1002|3000],14256
2018518,20185,,[],18,[1076|3000],[1076|3000],14256
2019518,20195,,[],18,[1018|1200],[1018|1200],14256
2020518,20205,,[],18,[1093|216000],[1093|216000],14256
2021518,20215,,[],18,[1093|216000],[1093|216000],14256
2022518,20225,,[],18,[1061|1200],[1061|1200],14256
2023518,20235,,[],18,[57|300],[57|300],14256
2024518,20245,,[],18,[1075|30000],[1075|30000],14256
2025518,20255,[10104|16200],[10104|16200],18,,[],14256
1001519,10015,,[],19,[1012|2533],[1012|2533],15048
1002519,10025,,[],19,[1013|2533],[1013|2533],15048
1003519,10035,,[],19,[1014|2533],[1014|2533],15048
1004519,10045,,[],19,[1072|2533],[1072|2533],15048
1005519,10055,,[],19,[1004|2533],[1004|2533],15048
1006519,10065,,[],19,[1005|2533],[1005|2533],15048
1007519,10075,,[],19,[1006|2533],[1006|2533],15048
1008519,10085,,[],19,[1001|1900],[1001|1900],15048
1009519,10095,,[],19,[1033|2533],[1033|2533],15048
1010519,10105,,[],19,[1034|2533],[1034|2533],15048
1011519,10115,,[],19,[1022|2533],[1022|2533],15048
1012519,10125,,[],19,[1016|2533],[1016|2533],15048
2001519,20015,[10103|5700],[10103|5700],19,,[],15048
2002519,20025,[10103|5700],[10103|5700],19,,[],15048
2003519,20035,[8|1900],[8|1900],19,,[],15048
2004519,20045,[10|3800],[10|3800],19,,[],15048
2005519,20055,[9|1900],[9|1900],19,,[],15048
2006519,20065,[12|1900],[12|1900],19,,[],15048
2007519,20075,[13|1900],[13|1900],19,,[],15048
2008519,20085,[16|1900],[16|1900],19,,[],15048
2009519,20095,[17|1900],[17|1900],19,,[],15048
2010519,20105,[20|3167],[20|3167],19,,[],15048
2011519,20115,[21|3167],[21|3167],19,,[],15048
2012519,20125,[37|3167],[37|3167],19,,[],15048
2013519,20135,[38|3167],[38|3167],19,,[],15048
2014519,20145,[15|1267],[15|1267],19,,[],15048
2015519,20155,[33|1900],[33|1900],19,,[],15048
2016519,20165,[34|1900],[34|1900],19,,[],15048
2017519,20175,,[],19,[1002|3167],[1002|3167],15048
2018519,20185,,[],19,[1076|3167],[1076|3167],15048
2019519,20195,,[],19,[1018|1267],[1018|1267],15048
2020519,20205,,[],19,[1093|228000],[1093|228000],15048
2021519,20215,,[],19,[1093|228000],[1093|228000],15048
2022519,20225,,[],19,[1061|1267],[1061|1267],15048
2023519,20235,,[],19,[57|317],[57|317],15048
2024519,20245,,[],19,[1075|31667],[1075|31667],15048
2025519,20255,[10104|17100],[10104|17100],19,,[],15048
1001520,10015,,[],20,[1012|2667],[1012|2667],15840
1002520,10025,,[],20,[1013|2667],[1013|2667],15840
1003520,10035,,[],20,[1014|2667],[1014|2667],15840
1004520,10045,,[],20,[1072|2667],[1072|2667],15840
1005520,10055,,[],20,[1004|2667],[1004|2667],15840
1006520,10065,,[],20,[1005|2667],[1005|2667],15840
1007520,10075,,[],20,[1006|2667],[1006|2667],15840
1008520,10085,,[],20,[1001|2000],[1001|2000],15840
1009520,10095,,[],20,[1033|2667],[1033|2667],15840
1010520,10105,,[],20,[1034|2667],[1034|2667],15840
1011520,10115,,[],20,[1022|2667],[1022|2667],15840
1012520,10125,,[],20,[1016|2667],[1016|2667],15840
2001520,20015,[10103|6000],[10103|6000],20,,[],15840
2002520,20025,[10103|6000],[10103|6000],20,,[],15840
2003520,20035,[8|2000],[8|2000],20,,[],15840
2004520,20045,[10|4000],[10|4000],20,,[],15840
2005520,20055,[9|2000],[9|2000],20,,[],15840
2006520,20065,[12|2000],[12|2000],20,,[],15840
2007520,20075,[13|2000],[13|2000],20,,[],15840
2008520,20085,[16|2000],[16|2000],20,,[],15840
2009520,20095,[17|2000],[17|2000],20,,[],15840
2010520,20105,[20|3333],[20|3333],20,,[],15840
2011520,20115,[21|3333],[21|3333],20,,[],15840
2012520,20125,[37|3333],[37|3333],20,,[],15840
2013520,20135,[38|3333],[38|3333],20,,[],15840
2014520,20145,[15|1333],[15|1333],20,,[],15840
2015520,20155,[33|2000],[33|2000],20,,[],15840
2016520,20165,[34|2000],[34|2000],20,,[],15840
2017520,20175,,[],20,[1002|3333],[1002|3333],15840
2018520,20185,,[],20,[1076|3333],[1076|3333],15840
2019520,20195,,[],20,[1018|1333],[1018|1333],15840
2020520,20205,,[],20,[1093|240000],[1093|240000],15840
2021520,20215,,[],20,[1093|240000],[1093|240000],15840
2022520,20225,,[],20,[1061|1333],[1061|1333],15840
2023520,20235,,[],20,[57|333],[57|333],15840
2024520,20245,,[],20,[1075|33333],[1075|33333],15840
2025520,20255,[10104|18000],[10104|18000],20,,[],15840
1001521,10015,,[],21,[1012|2800],[1012|2800],16632
1002521,10025,,[],21,[1013|2800],[1013|2800],16632
1003521,10035,,[],21,[1014|2800],[1014|2800],16632
1004521,10045,,[],21,[1072|2800],[1072|2800],16632
1005521,10055,,[],21,[1004|2800],[1004|2800],16632
1006521,10065,,[],21,[1005|2800],[1005|2800],16632
1007521,10075,,[],21,[1006|2800],[1006|2800],16632
1008521,10085,,[],21,[1001|2100],[1001|2100],16632
1009521,10095,,[],21,[1033|2800],[1033|2800],16632
1010521,10105,,[],21,[1034|2800],[1034|2800],16632
1011521,10115,,[],21,[1022|2800],[1022|2800],16632
1012521,10125,,[],21,[1016|2800],[1016|2800],16632
2001521,20015,[10103|6300],[10103|6300],21,,[],16632
2002521,20025,[10103|6300],[10103|6300],21,,[],16632
2003521,20035,[8|2100],[8|2100],21,,[],16632
2004521,20045,[10|4200],[10|4200],21,,[],16632
2005521,20055,[9|2100],[9|2100],21,,[],16632
2006521,20065,[12|2100],[12|2100],21,,[],16632
2007521,20075,[13|2100],[13|2100],21,,[],16632
2008521,20085,[16|2100],[16|2100],21,,[],16632
2009521,20095,[17|2100],[17|2100],21,,[],16632
2010521,20105,[20|3500],[20|3500],21,,[],16632
2011521,20115,[21|3500],[21|3500],21,,[],16632
2012521,20125,[37|3500],[37|3500],21,,[],16632
2013521,20135,[38|3500],[38|3500],21,,[],16632
2014521,20145,[15|1400],[15|1400],21,,[],16632
2015521,20155,[33|2100],[33|2100],21,,[],16632
2016521,20165,[34|2100],[34|2100],21,,[],16632
2017521,20175,,[],21,[1002|3500],[1002|3500],16632
2018521,20185,,[],21,[1076|3500],[1076|3500],16632
2019521,20195,,[],21,[1018|1400],[1018|1400],16632
2020521,20205,,[],21,[1093|252000],[1093|252000],16632
2021521,20215,,[],21,[1093|252000],[1093|252000],16632
2022521,20225,,[],21,[1061|1400],[1061|1400],16632
2023521,20235,,[],21,[57|350],[57|350],16632
2024521,20245,,[],21,[1075|35000],[1075|35000],16632
2025521,20255,[10104|18900],[10104|18900],21,,[],16632
1001522,10015,,[],22,[1012|2933],[1012|2933],17424
1002522,10025,,[],22,[1013|2933],[1013|2933],17424
1003522,10035,,[],22,[1014|2933],[1014|2933],17424
1004522,10045,,[],22,[1072|2933],[1072|2933],17424
1005522,10055,,[],22,[1004|2933],[1004|2933],17424
1006522,10065,,[],22,[1005|2933],[1005|2933],17424
1007522,10075,,[],22,[1006|2933],[1006|2933],17424
1008522,10085,,[],22,[1001|2200],[1001|2200],17424
1009522,10095,,[],22,[1033|2933],[1033|2933],17424
1010522,10105,,[],22,[1034|2933],[1034|2933],17424
1011522,10115,,[],22,[1022|2933],[1022|2933],17424
1012522,10125,,[],22,[1016|2933],[1016|2933],17424
2001522,20015,[10103|6600],[10103|6600],22,,[],17424
2002522,20025,[10103|6600],[10103|6600],22,,[],17424
2003522,20035,[8|2200],[8|2200],22,,[],17424
2004522,20045,[10|4400],[10|4400],22,,[],17424
2005522,20055,[9|2200],[9|2200],22,,[],17424
2006522,20065,[12|2200],[12|2200],22,,[],17424
2007522,20075,[13|2200],[13|2200],22,,[],17424
2008522,20085,[16|2200],[16|2200],22,,[],17424
2009522,20095,[17|2200],[17|2200],22,,[],17424
2010522,20105,[20|3667],[20|3667],22,,[],17424
2011522,20115,[21|3667],[21|3667],22,,[],17424
2012522,20125,[37|3667],[37|3667],22,,[],17424
2013522,20135,[38|3667],[38|3667],22,,[],17424
2014522,20145,[15|1467],[15|1467],22,,[],17424
2015522,20155,[33|2200],[33|2200],22,,[],17424
2016522,20165,[34|2200],[34|2200],22,,[],17424
2017522,20175,,[],22,[1002|3667],[1002|3667],17424
2018522,20185,,[],22,[1076|3667],[1076|3667],17424
2019522,20195,,[],22,[1018|1467],[1018|1467],17424
2020522,20205,,[],22,[1093|264000],[1093|264000],17424
2021522,20215,,[],22,[1093|264000],[1093|264000],17424
2022522,20225,,[],22,[1061|1467],[1061|1467],17424
2023522,20235,,[],22,[57|367],[57|367],17424
2024522,20245,,[],22,[1075|36667],[1075|36667],17424
2025522,20255,[10104|19800],[10104|19800],22,,[],17424
1001523,10015,,[],23,[1012|3067],[1012|3067],18216
1002523,10025,,[],23,[1013|3067],[1013|3067],18216
1003523,10035,,[],23,[1014|3067],[1014|3067],18216
1004523,10045,,[],23,[1072|3067],[1072|3067],18216
1005523,10055,,[],23,[1004|3067],[1004|3067],18216
1006523,10065,,[],23,[1005|3067],[1005|3067],18216
1007523,10075,,[],23,[1006|3067],[1006|3067],18216
1008523,10085,,[],23,[1001|2300],[1001|2300],18216
1009523,10095,,[],23,[1033|3067],[1033|3067],18216
1010523,10105,,[],23,[1034|3067],[1034|3067],18216
1011523,10115,,[],23,[1022|3067],[1022|3067],18216
1012523,10125,,[],23,[1016|3067],[1016|3067],18216
2001523,20015,[10103|6900],[10103|6900],23,,[],18216
2002523,20025,[10103|6900],[10103|6900],23,,[],18216
2003523,20035,[8|2300],[8|2300],23,,[],18216
2004523,20045,[10|4600],[10|4600],23,,[],18216
2005523,20055,[9|2300],[9|2300],23,,[],18216
2006523,20065,[12|2300],[12|2300],23,,[],18216
2007523,20075,[13|2300],[13|2300],23,,[],18216
2008523,20085,[16|2300],[16|2300],23,,[],18216
2009523,20095,[17|2300],[17|2300],23,,[],18216
2010523,20105,[20|3833],[20|3833],23,,[],18216
2011523,20115,[21|3833],[21|3833],23,,[],18216
2012523,20125,[37|3833],[37|3833],23,,[],18216
2013523,20135,[38|3833],[38|3833],23,,[],18216
2014523,20145,[15|1533],[15|1533],23,,[],18216
2015523,20155,[33|2300],[33|2300],23,,[],18216
2016523,20165,[34|2300],[34|2300],23,,[],18216
2017523,20175,,[],23,[1002|3833],[1002|3833],18216
2018523,20185,,[],23,[1076|3833],[1076|3833],18216
2019523,20195,,[],23,[1018|1533],[1018|1533],18216
2020523,20205,,[],23,[1093|276000],[1093|276000],18216
2021523,20215,,[],23,[1093|276000],[1093|276000],18216
2022523,20225,,[],23,[1061|1533],[1061|1533],18216
2023523,20235,,[],23,[57|383],[57|383],18216
2024523,20245,,[],23,[1075|38333],[1075|38333],18216
2025523,20255,[10104|20700],[10104|20700],23,,[],18216
1001524,10015,,[],24,[1012|3200],[1012|3200],19008
1002524,10025,,[],24,[1013|3200],[1013|3200],19008
1003524,10035,,[],24,[1014|3200],[1014|3200],19008
1004524,10045,,[],24,[1072|3200],[1072|3200],19008
1005524,10055,,[],24,[1004|3200],[1004|3200],19008
1006524,10065,,[],24,[1005|3200],[1005|3200],19008
1007524,10075,,[],24,[1006|3200],[1006|3200],19008
1008524,10085,,[],24,[1001|2400],[1001|2400],19008
1009524,10095,,[],24,[1033|3200],[1033|3200],19008
1010524,10105,,[],24,[1034|3200],[1034|3200],19008
1011524,10115,,[],24,[1022|3200],[1022|3200],19008
1012524,10125,,[],24,[1016|3200],[1016|3200],19008
2001524,20015,[10103|7200],[10103|7200],24,,[],19008
2002524,20025,[10103|7200],[10103|7200],24,,[],19008
2003524,20035,[8|2400],[8|2400],24,,[],19008
2004524,20045,[10|4800],[10|4800],24,,[],19008
2005524,20055,[9|2400],[9|2400],24,,[],19008
2006524,20065,[12|2400],[12|2400],24,,[],19008
2007524,20075,[13|2400],[13|2400],24,,[],19008
2008524,20085,[16|2400],[16|2400],24,,[],19008
2009524,20095,[17|2400],[17|2400],24,,[],19008
2010524,20105,[20|4000],[20|4000],24,,[],19008
2011524,20115,[21|4000],[21|4000],24,,[],19008
2012524,20125,[37|4000],[37|4000],24,,[],19008
2013524,20135,[38|4000],[38|4000],24,,[],19008
2014524,20145,[15|1600],[15|1600],24,,[],19008
2015524,20155,[33|2400],[33|2400],24,,[],19008
2016524,20165,[34|2400],[34|2400],24,,[],19008
2017524,20175,,[],24,[1002|4000],[1002|4000],19008
2018524,20185,,[],24,[1076|4000],[1076|4000],19008
2019524,20195,,[],24,[1018|1600],[1018|1600],19008
2020524,20205,,[],24,[1093|288000],[1093|288000],19008
2021524,20215,,[],24,[1093|288000],[1093|288000],19008
2022524,20225,,[],24,[1061|1600],[1061|1600],19008
2023524,20235,,[],24,[57|400],[57|400],19008
2024524,20245,,[],24,[1075|40000],[1075|40000],19008
2025524,20255,[10104|21600],[10104|21600],24,,[],19008
1001525,10015,,[],25,[1012|3333],[1012|3333],19800
1002525,10025,,[],25,[1013|3333],[1013|3333],19800
1003525,10035,,[],25,[1014|3333],[1014|3333],19800
1004525,10045,,[],25,[1072|3333],[1072|3333],19800
1005525,10055,,[],25,[1004|3333],[1004|3333],19800
1006525,10065,,[],25,[1005|3333],[1005|3333],19800
1007525,10075,,[],25,[1006|3333],[1006|3333],19800
1008525,10085,,[],25,[1001|2500],[1001|2500],19800
1009525,10095,,[],25,[1033|3333],[1033|3333],19800
1010525,10105,,[],25,[1034|3333],[1034|3333],19800
1011525,10115,,[],25,[1022|3333],[1022|3333],19800
1012525,10125,,[],25,[1016|3333],[1016|3333],19800
2001525,20015,[10103|7500],[10103|7500],25,,[],19800
2002525,20025,[10103|7500],[10103|7500],25,,[],19800
2003525,20035,[8|2500],[8|2500],25,,[],19800
2004525,20045,[10|5000],[10|5000],25,,[],19800
2005525,20055,[9|2500],[9|2500],25,,[],19800
2006525,20065,[12|2500],[12|2500],25,,[],19800
2007525,20075,[13|2500],[13|2500],25,,[],19800
2008525,20085,[16|2500],[16|2500],25,,[],19800
2009525,20095,[17|2500],[17|2500],25,,[],19800
2010525,20105,[20|4167],[20|4167],25,,[],19800
2011525,20115,[21|4167],[21|4167],25,,[],19800
2012525,20125,[37|4167],[37|4167],25,,[],19800
2013525,20135,[38|4167],[38|4167],25,,[],19800
2014525,20145,[15|1667],[15|1667],25,,[],19800
2015525,20155,[33|2500],[33|2500],25,,[],19800
2016525,20165,[34|2500],[34|2500],25,,[],19800
2017525,20175,,[],25,[1002|4167],[1002|4167],19800
2018525,20185,,[],25,[1076|4167],[1076|4167],19800
2019525,20195,,[],25,[1018|1667],[1018|1667],19800
2020525,20205,,[],25,[1093|300000],[1093|300000],19800
2021525,20215,,[],25,[1093|300000],[1093|300000],19800
2022525,20225,,[],25,[1061|1667],[1061|1667],19800
2023525,20235,,[],25,[57|417],[57|417],19800
2024525,20245,,[],25,[1075|41667],[1075|41667],19800
2025525,20255,[10104|22500],[10104|22500],25,,[],19800
1001526,10015,,[],26,[1012|3467],[1012|3467],20592
1002526,10025,,[],26,[1013|3467],[1013|3467],20592
1003526,10035,,[],26,[1014|3467],[1014|3467],20592
1004526,10045,,[],26,[1072|3467],[1072|3467],20592
1005526,10055,,[],26,[1004|3467],[1004|3467],20592
1006526,10065,,[],26,[1005|3467],[1005|3467],20592
1007526,10075,,[],26,[1006|3467],[1006|3467],20592
1008526,10085,,[],26,[1001|2600],[1001|2600],20592
1009526,10095,,[],26,[1033|3467],[1033|3467],20592
1010526,10105,,[],26,[1034|3467],[1034|3467],20592
1011526,10115,,[],26,[1022|3467],[1022|3467],20592
1012526,10125,,[],26,[1016|3467],[1016|3467],20592
2001526,20015,[10103|7800],[10103|7800],26,,[],20592
2002526,20025,[10103|7800],[10103|7800],26,,[],20592
2003526,20035,[8|2600],[8|2600],26,,[],20592
2004526,20045,[10|5200],[10|5200],26,,[],20592
2005526,20055,[9|2600],[9|2600],26,,[],20592
2006526,20065,[12|2600],[12|2600],26,,[],20592
2007526,20075,[13|2600],[13|2600],26,,[],20592
2008526,20085,[16|2600],[16|2600],26,,[],20592
2009526,20095,[17|2600],[17|2600],26,,[],20592
2010526,20105,[20|4333],[20|4333],26,,[],20592
2011526,20115,[21|4333],[21|4333],26,,[],20592
2012526,20125,[37|4333],[37|4333],26,,[],20592
2013526,20135,[38|4333],[38|4333],26,,[],20592
2014526,20145,[15|1733],[15|1733],26,,[],20592
2015526,20155,[33|2600],[33|2600],26,,[],20592
2016526,20165,[34|2600],[34|2600],26,,[],20592
2017526,20175,,[],26,[1002|4333],[1002|4333],20592
2018526,20185,,[],26,[1076|4333],[1076|4333],20592
2019526,20195,,[],26,[1018|1733],[1018|1733],20592
2020526,20205,,[],26,[1093|312000],[1093|312000],20592
2021526,20215,,[],26,[1093|312000],[1093|312000],20592
2022526,20225,,[],26,[1061|1733],[1061|1733],20592
2023526,20235,,[],26,[57|433],[57|433],20592
2024526,20245,,[],26,[1075|43333],[1075|43333],20592
2025526,20255,[10104|23400],[10104|23400],26,,[],20592
1001527,10015,,[],27,[1012|3600],[1012|3600],21384
1002527,10025,,[],27,[1013|3600],[1013|3600],21384
1003527,10035,,[],27,[1014|3600],[1014|3600],21384
1004527,10045,,[],27,[1072|3600],[1072|3600],21384
1005527,10055,,[],27,[1004|3600],[1004|3600],21384
1006527,10065,,[],27,[1005|3600],[1005|3600],21384
1007527,10075,,[],27,[1006|3600],[1006|3600],21384
1008527,10085,,[],27,[1001|2700],[1001|2700],21384
1009527,10095,,[],27,[1033|3600],[1033|3600],21384
1010527,10105,,[],27,[1034|3600],[1034|3600],21384
1011527,10115,,[],27,[1022|3600],[1022|3600],21384
1012527,10125,,[],27,[1016|3600],[1016|3600],21384
2001527,20015,[10103|8100],[10103|8100],27,,[],21384
2002527,20025,[10103|8100],[10103|8100],27,,[],21384
2003527,20035,[8|2700],[8|2700],27,,[],21384
2004527,20045,[10|5400],[10|5400],27,,[],21384
2005527,20055,[9|2700],[9|2700],27,,[],21384
2006527,20065,[12|2700],[12|2700],27,,[],21384
2007527,20075,[13|2700],[13|2700],27,,[],21384
2008527,20085,[16|2700],[16|2700],27,,[],21384
2009527,20095,[17|2700],[17|2700],27,,[],21384
2010527,20105,[20|4500],[20|4500],27,,[],21384
2011527,20115,[21|4500],[21|4500],27,,[],21384
2012527,20125,[37|4500],[37|4500],27,,[],21384
2013527,20135,[38|4500],[38|4500],27,,[],21384
2014527,20145,[15|1800],[15|1800],27,,[],21384
2015527,20155,[33|2700],[33|2700],27,,[],21384
2016527,20165,[34|2700],[34|2700],27,,[],21384
2017527,20175,,[],27,[1002|4500],[1002|4500],21384
2018527,20185,,[],27,[1076|4500],[1076|4500],21384
2019527,20195,,[],27,[1018|1800],[1018|1800],21384
2020527,20205,,[],27,[1093|324000],[1093|324000],21384
2021527,20215,,[],27,[1093|324000],[1093|324000],21384
2022527,20225,,[],27,[1061|1800],[1061|1800],21384
2023527,20235,,[],27,[57|450],[57|450],21384
2024527,20245,,[],27,[1075|45000],[1075|45000],21384
2025527,20255,[10104|24300],[10104|24300],27,,[],21384
1001528,10015,,[],28,[1012|3733],[1012|3733],22176
1002528,10025,,[],28,[1013|3733],[1013|3733],22176
1003528,10035,,[],28,[1014|3733],[1014|3733],22176
1004528,10045,,[],28,[1072|3733],[1072|3733],22176
1005528,10055,,[],28,[1004|3733],[1004|3733],22176
1006528,10065,,[],28,[1005|3733],[1005|3733],22176
1007528,10075,,[],28,[1006|3733],[1006|3733],22176
1008528,10085,,[],28,[1001|2800],[1001|2800],22176
1009528,10095,,[],28,[1033|3733],[1033|3733],22176
1010528,10105,,[],28,[1034|3733],[1034|3733],22176
1011528,10115,,[],28,[1022|3733],[1022|3733],22176
1012528,10125,,[],28,[1016|3733],[1016|3733],22176
2001528,20015,[10103|8400],[10103|8400],28,,[],22176
2002528,20025,[10103|8400],[10103|8400],28,,[],22176
2003528,20035,[8|2800],[8|2800],28,,[],22176
2004528,20045,[10|5600],[10|5600],28,,[],22176
2005528,20055,[9|2800],[9|2800],28,,[],22176
2006528,20065,[12|2800],[12|2800],28,,[],22176
2007528,20075,[13|2800],[13|2800],28,,[],22176
2008528,20085,[16|2800],[16|2800],28,,[],22176
2009528,20095,[17|2800],[17|2800],28,,[],22176
2010528,20105,[20|4667],[20|4667],28,,[],22176
2011528,20115,[21|4667],[21|4667],28,,[],22176
2012528,20125,[37|4667],[37|4667],28,,[],22176
2013528,20135,[38|4667],[38|4667],28,,[],22176
2014528,20145,[15|1867],[15|1867],28,,[],22176
2015528,20155,[33|2800],[33|2800],28,,[],22176
2016528,20165,[34|2800],[34|2800],28,,[],22176
2017528,20175,,[],28,[1002|4667],[1002|4667],22176
2018528,20185,,[],28,[1076|4667],[1076|4667],22176
2019528,20195,,[],28,[1018|1867],[1018|1867],22176
2020528,20205,,[],28,[1093|336000],[1093|336000],22176
2021528,20215,,[],28,[1093|336000],[1093|336000],22176
2022528,20225,,[],28,[1061|1867],[1061|1867],22176
2023528,20235,,[],28,[57|467],[57|467],22176
2024528,20245,,[],28,[1075|46667],[1075|46667],22176
2025528,20255,[10104|25200],[10104|25200],28,,[],22176
1001529,10015,,[],29,[1012|3867],[1012|3867],22968
1002529,10025,,[],29,[1013|3867],[1013|3867],22968
1003529,10035,,[],29,[1014|3867],[1014|3867],22968
1004529,10045,,[],29,[1072|3867],[1072|3867],22968
1005529,10055,,[],29,[1004|3867],[1004|3867],22968
1006529,10065,,[],29,[1005|3867],[1005|3867],22968
1007529,10075,,[],29,[1006|3867],[1006|3867],22968
1008529,10085,,[],29,[1001|2900],[1001|2900],22968
1009529,10095,,[],29,[1033|3867],[1033|3867],22968
1010529,10105,,[],29,[1034|3867],[1034|3867],22968
1011529,10115,,[],29,[1022|3867],[1022|3867],22968
1012529,10125,,[],29,[1016|3867],[1016|3867],22968
2001529,20015,[10103|8700],[10103|8700],29,,[],22968
2002529,20025,[10103|8700],[10103|8700],29,,[],22968
2003529,20035,[8|2900],[8|2900],29,,[],22968
2004529,20045,[10|5800],[10|5800],29,,[],22968
2005529,20055,[9|2900],[9|2900],29,,[],22968
2006529,20065,[12|2900],[12|2900],29,,[],22968
2007529,20075,[13|2900],[13|2900],29,,[],22968
2008529,20085,[16|2900],[16|2900],29,,[],22968
2009529,20095,[17|2900],[17|2900],29,,[],22968
2010529,20105,[20|4833],[20|4833],29,,[],22968
2011529,20115,[21|4833],[21|4833],29,,[],22968
2012529,20125,[37|4833],[37|4833],29,,[],22968
2013529,20135,[38|4833],[38|4833],29,,[],22968
2014529,20145,[15|1933],[15|1933],29,,[],22968
2015529,20155,[33|2900],[33|2900],29,,[],22968
2016529,20165,[34|2900],[34|2900],29,,[],22968
2017529,20175,,[],29,[1002|4833],[1002|4833],22968
2018529,20185,,[],29,[1076|4833],[1076|4833],22968
2019529,20195,,[],29,[1018|1933],[1018|1933],22968
2020529,20205,,[],29,[1093|348000],[1093|348000],22968
2021529,20215,,[],29,[1093|348000],[1093|348000],22968
2022529,20225,,[],29,[1061|1933],[1061|1933],22968
2023529,20235,,[],29,[57|483],[57|483],22968
2024529,20245,,[],29,[1075|48333],[1075|48333],22968
2025529,20255,[10104|26100],[10104|26100],29,,[],22968
1001530,10015,,[],30,[1012|4000],[1012|4000],23760
1002530,10025,,[],30,[1013|4000],[1013|4000],23760
1003530,10035,,[],30,[1014|4000],[1014|4000],23760
1004530,10045,,[],30,[1072|4000],[1072|4000],23760
1005530,10055,,[],30,[1004|4000],[1004|4000],23760
1006530,10065,,[],30,[1005|4000],[1005|4000],23760
1007530,10075,,[],30,[1006|4000],[1006|4000],23760
1008530,10085,,[],30,[1001|3000],[1001|3000],23760
1009530,10095,,[],30,[1033|4000],[1033|4000],23760
1010530,10105,,[],30,[1034|4000],[1034|4000],23760
1011530,10115,,[],30,[1022|4000],[1022|4000],23760
1012530,10125,,[],30,[1016|4000],[1016|4000],23760
2001530,20015,[10103|9000],[10103|9000],30,,[],23760
2002530,20025,[10103|9000],[10103|9000],30,,[],23760
2003530,20035,[8|3000],[8|3000],30,,[],23760
2004530,20045,[10|6000],[10|6000],30,,[],23760
2005530,20055,[9|3000],[9|3000],30,,[],23760
2006530,20065,[12|3000],[12|3000],30,,[],23760
2007530,20075,[13|3000],[13|3000],30,,[],23760
2008530,20085,[16|3000],[16|3000],30,,[],23760
2009530,20095,[17|3000],[17|3000],30,,[],23760
2010530,20105,[20|5000],[20|5000],30,,[],23760
2011530,20115,[21|5000],[21|5000],30,,[],23760
2012530,20125,[37|5000],[37|5000],30,,[],23760
2013530,20135,[38|5000],[38|5000],30,,[],23760
2014530,20145,[15|2000],[15|2000],30,,[],23760
2015530,20155,[33|3000],[33|3000],30,,[],23760
2016530,20165,[34|3000],[34|3000],30,,[],23760
2017530,20175,,[],30,[1002|5000],[1002|5000],23760
2018530,20185,,[],30,[1076|5000],[1076|5000],23760
2019530,20195,,[],30,[1018|2000],[1018|2000],23760
2020530,20205,,[],30,[1093|360000],[1093|360000],23760
2021530,20215,,[],30,[1093|360000],[1093|360000],23760
2022530,20225,,[],30,[1061|2000],[1061|2000],23760
2023530,20235,,[],30,[57|500],[57|500],23760
2024530,20245,,[],30,[1075|50000],[1075|50000],23760
2025530,20255,[10104|27000],[10104|27000],30,,[],23760
4010001,40101,[103|300],[103|300],1,,[],660
4010002,40101,[103|600],[103|600],2,,[],1320
4010003,40101,[103|900],[103|900],3,,[],1980
4010004,40101,[103|1200],[103|1200],4,,[],2640
4010005,40101,[103|1500],[103|1500],5,,[],3300
4010006,40101,[103|1800],[103|1800],6,,[],3960
4010007,40101,[103|2100],[103|2100],7,,[],4620
4010008,40101,[103|2400],[103|2400],8,,[],5280
4010009,40101,[103|2700],[103|2700],9,,[],5940
4010010,40101,[103|3000],[103|3000],10,,[],6600
4010011,40101,[103|3300],[103|3300],11,,[],7260
4010012,40101,[103|3600],[103|3600],12,,[],7920
4010013,40101,[103|3900],[103|3900],13,,[],8580
4010014,40101,[103|4200],[103|4200],14,,[],9240
4010015,40101,[103|4500],[103|4500],15,,[],9900
4010016,40101,[103|4800],[103|4800],16,,[],10560
4010017,40101,[103|5100],[103|5100],17,,[],11220
4010018,40101,[103|5400],[103|5400],18,,[],11880
4010019,40101,[103|5700],[103|5700],19,,[],12540
4010020,40101,[103|6000],[103|6000],20,,[],13200
4010021,40101,[103|6300],[103|6300],21,,[],13860
4010022,40101,[103|6600],[103|6600],22,,[],14520
4010023,40101,[103|6900],[103|6900],23,,[],15180
4010024,40101,[103|7200],[103|7200],24,,[],15840
4010025,40101,[103|7500],[103|7500],25,,[],16500
4010026,40101,[103|8000],[103|8000],26,,[],17160
4010027,40101,[103|8500],[103|8500],27,,[],17820
4010028,40101,[103|9000],[103|9000],28,,[],18480
4010029,40101,[103|9500],[103|9500],29,,[],19140
4010030,40101,[103|10000],[103|10000],30,,[],19800
4020001,40201,[104|300],[104|300],1,,[],660
4020002,40201,[104|600],[104|600],2,,[],1320
4020003,40201,[104|900],[104|900],3,,[],1980
4020004,40201,[104|1200],[104|1200],4,,[],2640
4020005,40201,[104|1500],[104|1500],5,,[],3300
4020006,40201,[104|1800],[104|1800],6,,[],3960
4020007,40201,[104|2100],[104|2100],7,,[],4620
4020008,40201,[104|2400],[104|2400],8,,[],5280
4020009,40201,[104|2700],[104|2700],9,,[],5940
4020010,40201,[104|3000],[104|3000],10,,[],6600
4020011,40201,[104|3300],[104|3300],11,,[],7260
4020012,40201,[104|3600],[104|3600],12,,[],7920
4020013,40201,[104|3900],[104|3900],13,,[],8580
4020014,40201,[104|4200],[104|4200],14,,[],9240
4020015,40201,[104|4500],[104|4500],15,,[],9900
4020016,40201,[104|4800],[104|4800],16,,[],10560
4020017,40201,[104|5100],[104|5100],17,,[],11220
4020018,40201,[104|5400],[104|5400],18,,[],11880
4020019,40201,[104|5700],[104|5700],19,,[],12540
4020020,40201,[104|6000],[104|6000],20,,[],13200
4020021,40201,[104|6300],[104|6300],21,,[],13860
4020022,40201,[104|6600],[104|6600],22,,[],14520
4020023,40201,[104|6900],[104|6900],23,,[],15180
4020024,40201,[104|7200],[104|7200],24,,[],15840
4020025,40201,[104|7500],[104|7500],25,,[],16500
4020026,40201,[104|8000],[104|8000],26,,[],17160
4020027,40201,[104|8500],[104|8500],27,,[],17820
4020028,40201,[104|9000],[104|9000],28,,[],18480
4020029,40201,[104|9500],[104|9500],29,,[],19140
4020030,40201,[104|10000],[104|10000],30,,[],19800
4030001,40301,[104|300],[104|300],1,,[],660
4030002,40301,[104|600],[104|600],2,,[],1320
4030003,40301,[104|900],[104|900],3,,[],1980
4030004,40301,[104|1200],[104|1200],4,,[],2640
4030005,40301,[104|1500],[104|1500],5,,[],3300
4030006,40301,[104|1800],[104|1800],6,,[],3960
4030007,40301,[104|2100],[104|2100],7,,[],4620
4030008,40301,[104|2400],[104|2400],8,,[],5280
4030009,40301,[104|2700],[104|2700],9,,[],5940
4030010,40301,[104|3000],[104|3000],10,,[],6600
4030011,40301,[104|3300],[104|3300],11,,[],7260
4030012,40301,[104|3600],[104|3600],12,,[],7920
4030013,40301,[104|3900],[104|3900],13,,[],8580
4030014,40301,[104|4200],[104|4200],14,,[],9240
4030015,40301,[104|4500],[104|4500],15,,[],9900
4030016,40301,[104|4800],[104|4800],16,,[],10560
4030017,40301,[104|5100],[104|5100],17,,[],11220
4030018,40301,[104|5400],[104|5400],18,,[],11880
4030019,40301,[104|5700],[104|5700],19,,[],12540
4030020,40301,[104|6000],[104|6000],20,,[],13200
4030021,40301,[104|6300],[104|6300],21,,[],13860
4030022,40301,[104|6600],[104|6600],22,,[],14520
4030023,40301,[104|6900],[104|6900],23,,[],15180
4030024,40301,[104|7200],[104|7200],24,,[],15840
4030025,40301,[104|7500],[104|7500],25,,[],16500
4030026,40301,[104|8000],[104|8000],26,,[],17160
4030027,40301,[104|8500],[104|8500],27,,[],17820
4030028,40301,[104|9000],[104|9000],28,,[],18480
4030029,40301,[104|9500],[104|9500],29,,[],19140
4030030,40301,[104|10000],[104|10000],30,,[],19800
5010001,50101,[103|600],[103|600],1,,[],1188
5010002,50101,[103|1200],[103|1200],2,,[],2376
5010003,50101,[103|1800],[103|1800],3,,[],3564
5010004,50101,[103|2400],[103|2400],4,,[],4752
5010005,50101,[103|3000],[103|3000],5,,[],5940
5010006,50101,[103|3600],[103|3600],6,,[],7128
5010007,50101,[103|4200],[103|4200],7,,[],8316
5010008,50101,[103|4800],[103|4800],8,,[],9504
5010009,50101,[103|5400],[103|5400],9,,[],10692
5010010,50101,[103|6000],[103|6000],10,,[],11880
5010011,50101,[103|6600],[103|6600],11,,[],13068
5010012,50101,[103|7200],[103|7200],12,,[],14256
5010013,50101,[103|7800],[103|7800],13,,[],15444
5010014,50101,[103|8400],[103|8400],14,,[],16632
5010015,50101,[103|9000],[103|9000],15,,[],17820
5010016,50101,[103|9600],[103|9600],16,,[],19008
5010017,50101,[103|10200],[103|10200],17,,[],20196
5010018,50101,[103|10800],[103|10800],18,,[],21384
5010019,50101,[103|11400],[103|11400],19,,[],22572
5010020,50101,[103|12000],[103|12000],20,,[],23760
5010021,50101,[103|12600],[103|12600],21,,[],24948
5010022,50101,[103|13200],[103|13200],22,,[],26136
5010023,50101,[103|13800],[103|13800],23,,[],27324
5010024,50101,[103|14400],[103|14400],24,,[],28512
5010025,50101,[103|15000],[103|15000],25,,[],29700
5010026,50101,[103|15600],[103|15600],26,,[],30888
5010027,50101,[103|16200],[103|16200],27,,[],32076
5010028,50101,[103|16800],[103|16800],28,,[],33264
5010029,50101,[103|17400],[103|17400],29,,[],34452
5010030,50101,[103|18000],[103|18000],30,,[],35640
5020001,50201,[104|600],[104|600],1,,[],1188
5020002,50201,[104|1200],[104|1200],2,,[],2376
5020003,50201,[104|1800],[104|1800],3,,[],3564
5020004,50201,[104|2400],[104|2400],4,,[],4752
5020005,50201,[104|3000],[104|3000],5,,[],5940
5020006,50201,[104|3600],[104|3600],6,,[],7128
5020007,50201,[104|4200],[104|4200],7,,[],8316
5020008,50201,[104|4800],[104|4800],8,,[],9504
5020009,50201,[104|5400],[104|5400],9,,[],10692
5020010,50201,[104|6000],[104|6000],10,,[],11880
5020011,50201,[104|6600],[104|6600],11,,[],13068
5020012,50201,[104|7200],[104|7200],12,,[],14256
5020013,50201,[104|7800],[104|7800],13,,[],15444
5020014,50201,[104|8400],[104|8400],14,,[],16632
5020015,50201,[104|9000],[104|9000],15,,[],17820
5020016,50201,[104|9600],[104|9600],16,,[],19008
5020017,50201,[104|10200],[104|10200],17,,[],20196
5020018,50201,[104|10800],[104|10800],18,,[],21384
5020019,50201,[104|11400],[104|11400],19,,[],22572
5020020,50201,[104|12000],[104|12000],20,,[],23760
5020021,50201,[104|12600],[104|12600],21,,[],24948
5020022,50201,[104|13200],[104|13200],22,,[],26136
5020023,50201,[104|13800],[104|13800],23,,[],27324
5020024,50201,[104|14400],[104|14400],24,,[],28512
5020025,50201,[104|15000],[104|15000],25,,[],29700
5020026,50201,[104|15600],[104|15600],26,,[],30888
5020027,50201,[104|16200],[104|16200],27,,[],32076
5020028,50201,[104|16800],[104|16800],28,,[],33264
5020029,50201,[104|17400],[104|17400],29,,[],34452
5020030,50201,[104|18000],[104|18000],30,,[],35640
5030001,50301,[104|600],[104|600],1,,[],1188
5030002,50301,[104|1200],[104|1200],2,,[],2376
5030003,50301,[104|1800],[104|1800],3,,[],3564
5030004,50301,[104|2400],[104|2400],4,,[],4752
5030005,50301,[104|3000],[104|3000],5,,[],5940
5030006,50301,[104|3600],[104|3600],6,,[],7128
5030007,50301,[104|4200],[104|4200],7,,[],8316
5030008,50301,[104|4800],[104|4800],8,,[],9504
5030009,50301,[104|5400],[104|5400],9,,[],10692
5030010,50301,[104|6000],[104|6000],10,,[],11880
5030011,50301,[104|6600],[104|6600],11,,[],13068
5030012,50301,[104|7200],[104|7200],12,,[],14256
5030013,50301,[104|7800],[104|7800],13,,[],15444
5030014,50301,[104|8400],[104|8400],14,,[],16632
5030015,50301,[104|9000],[104|9000],15,,[],17820
5030016,50301,[104|9600],[104|9600],16,,[],19008
5030017,50301,[104|10200],[104|10200],17,,[],20196
5030018,50301,[104|10800],[104|10800],18,,[],21384
5030019,50301,[104|11400],[104|11400],19,,[],22572
5030020,50301,[104|12000],[104|12000],20,,[],23760
5030021,50301,[104|12600],[104|12600],21,,[],24948
5030022,50301,[104|13200],[104|13200],22,,[],26136
5030023,50301,[104|13800],[104|13800],23,,[],27324
5030024,50301,[104|14400],[104|14400],24,,[],28512
5030025,50301,[104|15000],[104|15000],25,,[],29700
5030026,50301,[104|15600],[104|15600],26,,[],30888
5030027,50301,[104|16200],[104|16200],27,,[],32076
5030028,50301,[104|16800],[104|16800],28,,[],33264
5030029,50301,[104|17400],[104|17400],29,,[],34452
5030030,50301,[104|18000],[104|18000],30,,[],35640
3010001,30101,[103|100],[103|100],1,,[],264
3010002,30101,[103|200],[103|200],2,,[],528
3010003,30101,[103|300],[103|300],3,,[],792
3010004,30101,[103|400],[103|400],4,,[],1056
3010005,30101,[103|500],[103|500],5,,[],1320
3010006,30101,[103|600],[103|600],6,,[],1584
3010007,30101,[103|700],[103|700],7,,[],1848
3010008,30101,[103|800],[103|800],8,,[],2112
3010009,30101,[103|900],[103|900],9,,[],2376
3010010,30101,[103|1000],[103|1000],10,,[],2640
3010011,30101,[103|1100],[103|1100],11,,[],2904
3010012,30101,[103|1200],[103|1200],12,,[],3168
3010013,30101,[103|1300],[103|1300],13,,[],3432
3010014,30101,[103|1400],[103|1400],14,,[],3696
3010015,30101,[103|1500],[103|1500],15,,[],3960
3010016,30101,[103|1600],[103|1600],16,,[],4224
3010017,30101,[103|1700],[103|1700],17,,[],4488
3010018,30101,[103|1800],[103|1800],18,,[],4752
3010019,30101,[103|1900],[103|1900],19,,[],5016
3010020,30101,[103|2000],[103|2000],20,,[],5280
3010021,30101,[103|2100],[103|2100],21,,[],5544
3010022,30101,[103|2200],[103|2200],22,,[],5808
3010023,30101,[103|2300],[103|2300],23,,[],6072
3010024,30101,[103|2400],[103|2400],24,,[],6336
3010025,30101,[103|2500],[103|2500],25,,[],6600
3010026,30101,[103|2800],[103|2800],26,,[],6864
3010027,30101,[103|3100],[103|3100],27,,[],7128
3010028,30101,[103|3400],[103|3400],28,,[],7392
3010029,30101,[103|3700],[103|3700],29,,[],7656
3010030,30101,[103|4000],[103|4000],30,,[],7920
3020001,30201,[104|100],[104|100],1,,[],264
3020002,30201,[104|200],[104|200],2,,[],528
3020003,30201,[104|300],[104|300],3,,[],792
3020004,30201,[104|400],[104|400],4,,[],1056
3020005,30201,[104|500],[104|500],5,,[],1320
3020006,30201,[104|600],[104|600],6,,[],1584
3020007,30201,[104|700],[104|700],7,,[],1848
3020008,30201,[104|800],[104|800],8,,[],2112
3020009,30201,[104|900],[104|900],9,,[],2376
3020010,30201,[104|1000],[104|1000],10,,[],2640
3020011,30201,[104|1100],[104|1100],11,,[],2904
3020012,30201,[104|1200],[104|1200],12,,[],3168
3020013,30201,[104|1300],[104|1300],13,,[],3432
3020014,30201,[104|1400],[104|1400],14,,[],3696
3020015,30201,[104|1500],[104|1500],15,,[],3960
3020016,30201,[104|1600],[104|1600],16,,[],4224
3020017,30201,[104|1700],[104|1700],17,,[],4488
3020018,30201,[104|1800],[104|1800],18,,[],4752
3020019,30201,[104|1900],[104|1900],19,,[],5016
3020020,30201,[104|2000],[104|2000],20,,[],5280
3020021,30201,[104|2100],[104|2100],21,,[],5544
3020022,30201,[104|2200],[104|2200],22,,[],5808
3020023,30201,[104|2300],[104|2300],23,,[],6072
3020024,30201,[104|2400],[104|2400],24,,[],6336
3020025,30201,[104|2500],[104|2500],25,,[],6600
3020026,30201,[104|2800],[104|2800],26,,[],6864
3020027,30201,[104|3100],[104|3100],27,,[],7128
3020028,30201,[104|3400],[104|3400],28,,[],7392
3020029,30201,[104|3700],[104|3700],29,,[],7656
3020030,30201,[104|4000],[104|4000],30,,[],7920
3030001,30301,[104|100],[104|100],1,,[],264
3030002,30301,[104|200],[104|200],2,,[],528
3030003,30301,[104|300],[104|300],3,,[],792
3030004,30301,[104|400],[104|400],4,,[],1056
3030005,30301,[104|500],[104|500],5,,[],1320
3030006,30301,[104|600],[104|600],6,,[],1584
3030007,30301,[104|700],[104|700],7,,[],1848
3030008,30301,[104|800],[104|800],8,,[],2112
3030009,30301,[104|900],[104|900],9,,[],2376
3030010,30301,[104|1000],[104|1000],10,,[],2640
3030011,30301,[104|1100],[104|1100],11,,[],2904
3030012,30301,[104|1200],[104|1200],12,,[],3168
3030013,30301,[104|1300],[104|1300],13,,[],3432
3030014,30301,[104|1400],[104|1400],14,,[],3696
3030015,30301,[104|1500],[104|1500],15,,[],3960
3030016,30301,[104|1600],[104|1600],16,,[],4224
3030017,30301,[104|1700],[104|1700],17,,[],4488
3030018,30301,[104|1800],[104|1800],18,,[],4752
3030019,30301,[104|1900],[104|1900],19,,[],5016
3030020,30301,[104|2000],[104|2000],20,,[],5280
3030021,30301,[104|2100],[104|2100],21,,[],5544
3030022,30301,[104|2200],[104|2200],22,,[],5808
3030023,30301,[104|2300],[104|2300],23,,[],6072
3030024,30301,[104|2400],[104|2400],24,,[],6336
3030025,30301,[104|2500],[104|2500],25,,[],6600
3030026,30301,[104|2800],[104|2800],26,,[],6864
3030027,30301,[104|3100],[104|3100],27,,[],7128
3030028,30301,[104|3400],[104|3400],28,,[],7392
3030029,30301,[104|3700],[104|3700],29,,[],7656
3030030,30301,[104|4000],[104|4000],30,,[],7920
1011421,10114,,[],21,[1022|2100],[1022|2100],13860
1011422,10114,,[],22,[1022|2200],[1022|2200],14520
1011423,10114,,[],23,[1022|2300],[1022|2300],15180
1011424,10114,,[],24,[1022|2400],[1022|2400],15840
1011425,10114,,[],25,[1022|2500],[1022|2500],16500
1011426,10114,,[],26,[1022|2600],[1022|2600],17160
1011427,10114,,[],27,[1022|2700],[1022|2700],17820
1011428,10114,,[],28,[1022|2800],[1022|2800],18480
1011429,10114,,[],29,[1022|2900],[1022|2900],19140
1011430,10114,,[],30,[1022|3000],[1022|3000],19800
1012421,10124,,[],21,[1016|2100],[1016|2100],13860
1012422,10124,,[],22,[1016|2200],[1016|2200],14520
1012423,10124,,[],23,[1016|2300],[1016|2300],15180
1012424,10124,,[],24,[1016|2400],[1016|2400],15840
1012425,10124,,[],25,[1016|2500],[1016|2500],16500
1012426,10124,,[],26,[1016|2600],[1016|2600],17160
1012427,10124,,[],27,[1016|2700],[1016|2700],17820
1012428,10124,,[],28,[1016|2800],[1016|2800],18480
1012429,10124,,[],29,[1016|2900],[1016|2900],19140
1012430,10124,,[],30,[1016|3000],[1016|3000],19800
1006421,10064,,[],21,[1005|2100],[1005|2100],13860
1006422,10064,,[],22,[1005|2200],[1005|2200],14520
1006423,10064,,[],23,[1005|2300],[1005|2300],15180
1006424,10064,,[],24,[1005|2400],[1005|2400],15840
1006425,10064,,[],25,[1005|2500],[1005|2500],16500
1006426,10064,,[],26,[1005|2600],[1005|2600],17160
1006427,10064,,[],27,[1005|2700],[1005|2700],17820
1006428,10064,,[],28,[1005|2800],[1005|2800],18480
1006429,10064,,[],29,[1005|2900],[1005|2900],19140
1006430,10064,,[],30,[1005|3000],[1005|3000],19800
1007421,10074,,[],21,[1006|2100],[1006|2100],13860
1007422,10074,,[],22,[1006|2200],[1006|2200],14520
1007423,10074,,[],23,[1006|2300],[1006|2300],15180
1007424,10074,,[],24,[1006|2400],[1006|2400],15840
1007425,10074,,[],25,[1006|2500],[1006|2500],16500
1007426,10074,,[],26,[1006|2600],[1006|2600],17160
1007427,10074,,[],27,[1006|2700],[1006|2700],17820
1007428,10074,,[],28,[1006|2800],[1006|2800],18480
1007429,10074,,[],29,[1006|2900],[1006|2900],19140
1007430,10074,,[],30,[1006|3000],[1006|3000],19800
1005421,10054,,[],21,[1004|2100],[1004|2100],13860
1005422,10054,,[],22,[1004|2200],[1004|2200],14520
1005423,10054,,[],23,[1004|2300],[1004|2300],15180
1005424,10054,,[],24,[1004|2400],[1004|2400],15840
1005425,10054,,[],25,[1004|2500],[1004|2500],16500
1005426,10054,,[],26,[1004|2600],[1004|2600],17160
1005427,10054,,[],27,[1004|2700],[1004|2700],17820
1005428,10054,,[],28,[1004|2800],[1004|2800],18480
1005429,10054,,[],29,[1004|2900],[1004|2900],19140
1005430,10054,,[],30,[1004|3000],[1004|3000],19800
1009421,10094,,[],21,[1033|2100],[1033|2100],13860
1009422,10094,,[],22,[1033|2200],[1033|2200],14520
1009423,10094,,[],23,[1033|2300],[1033|2300],15180
1009424,10094,,[],24,[1033|2400],[1033|2400],15840
1009425,10094,,[],25,[1033|2500],[1033|2500],16500
1009426,10094,,[],26,[1033|2600],[1033|2600],17160
1009427,10094,,[],27,[1033|2700],[1033|2700],17820
1009428,10094,,[],28,[1033|2800],[1033|2800],18480
1009429,10094,,[],29,[1033|2900],[1033|2900],19140
1009430,10094,,[],30,[1033|3000],[1033|3000],19800
