id,equipTierAtlas,iconAtlas,attr_para1,attrs,cost,costs,equip_tier,equip_tier_atlas,fightforce,icon,icon_atlas,level,lord_equip_desc,lord_equip_name,quality,star,type
1310001,Atlas/UI_PersonalInfo,Atlas/UI_Item,[5104|75|15104|205|10103|25],[[5104|75]|[15104|205]|[10103|25]],[2|154|1500|2|155|20],[[2|154|1500]|[2|155|20]],,,1818,icon_lord_3,,1,lord_equip_desc001,lord_equip_name01,2,0,1
1310002,Atlas/UI_PersonalInfo,Atlas/UI_Item,[5104|150|15104|410|10103|50],[[5104|150]|[15104|410]|[10103|50]],[2|154|3800|2|155|40],[[2|154|3800]|[2|155|40]],,,3897,icon_lord_3,,2,lord_equip_desc001,lord_equip_name01,2,1,1
1310003,Atlas/UI_PersonalInfo,Atlas/UI_Item,[5104|230|15104|635|10103|80],[[5104|230]|[15104|635]|[10103|80]],[2|154|4000|2|155|50],[[2|154|4000]|[2|155|50]],,,5600,icon_lord_3,,3,lord_equip_desc002,lord_equip_name01,3,0,1
1310004,Atlas/UI_PersonalInfo,Atlas/UI_Item,[5104|270|15104|745|10103|95],[[5104|270]|[15104|745]|[10103|95]],[2|154|6400|2|155|60],[[2|154|6400]|[2|155|60]],,,7304,icon_lord_3,,4,lord_equip_desc002,lord_equip_name01,3,1,1
1310005,Atlas/UI_PersonalInfo,Atlas/UI_Item,[5104|310|15104|860|10103|110],[[5104|310]|[15104|860]|[10103|110]],[2|154|6400|2|155|60],[[2|154|6400]|[2|155|60]],,,9008,icon_lord_3,,5,lord_equip_desc002,lord_equip_name01,3,1,1
1310006,Atlas/UI_PersonalInfo,Atlas/UI_Item,[5104|355|15104|970|10103|120],[[5104|355]|[15104|970]|[10103|120]],[2|154|1300|2|155|5|2|156|10],[[2|154|1300]|[2|155|5]|[2|156|10]],,,10712,icon_lord_3,,6,lord_equip_desc002,lord_equip_name01,3,2,1
1310007,Atlas/UI_PersonalInfo,Atlas/UI_Item,[5104|395|15104|1080|10103|135],[[5104|395]|[15104|1080]|[10103|135]],[2|154|1300|2|155|5|2|156|10],[[2|154|1300]|[2|155|5]|[2|156|10]],,,12416,icon_lord_3,,7,lord_equip_desc002,lord_equip_name01,3,2,1
1310008,Atlas/UI_PersonalInfo,Atlas/UI_Item,[5104|435|15104|1195|10103|150],[[5104|435]|[15104|1195]|[10103|150]],[2|154|1500|2|155|5|2|156|10],[[2|154|1500]|[2|155|5]|[2|156|10]],,,14120,icon_lord_3,,8,lord_equip_desc002,lord_equip_name01,3,3,1
1310009,Atlas/UI_PersonalInfo,Atlas/UI_Item,[5104|475|15104|1305|10103|165],[[5104|475]|[15104|1305]|[10103|165]],[2|154|1500|2|155|5|2|156|10],[[2|154|1500]|[2|155|5]|[2|156|10]],,,15824,icon_lord_3,,9,lord_equip_desc002,lord_equip_name01,3,3,1
1310010,Atlas/UI_PersonalInfo,Atlas/UI_Item,[5104|565|15104|1550|10103|195],[[5104|565]|[15104|1550]|[10103|195]],[2|154|1800|2|155|5|2|156|12],[[2|154|1800]|[2|155|5]|[2|156|12]],,,17597,icon_lord_3,,10,lord_equip_desc003,lord_equip_name01,4,0,1
1310011,Atlas/UI_PersonalInfo,Atlas/UI_Item,[5104|595|15104|1635|10103|205],[[5104|595]|[15104|1635]|[10103|205]],[2|154|1300|2|155|5|2|156|12],[[2|154|1300]|[2|155|5]|[2|156|12]],,,19370,icon_lord_3,,11,lord_equip_desc003,lord_equip_name01,4,1,1
1310012,Atlas/UI_PersonalInfo,Atlas/UI_Item,[5104|625|15104|1715|10103|215],[[5104|625]|[15104|1715]|[10103|215]],[2|154|1300|2|155|5|2|156|12],[[2|154|1300]|[2|155|5]|[2|156|12]],,,21143,icon_lord_3,,12,lord_equip_desc003,lord_equip_name01,4,1,1
1310013,Atlas/UI_PersonalInfo,Atlas/UI_Item,[5104|655|15104|1795|10103|225],[[5104|655]|[15104|1795]|[10103|225]],[2|154|1300|2|155|5|2|156|12],[[2|154|1300]|[2|155|5]|[2|156|12]],,,22916,icon_lord_3,,13,lord_equip_desc003,lord_equip_name01,4,1,1
1310014,Atlas/UI_PersonalInfo,Atlas/UI_Item,[5104|685|15104|1880|10103|235],[[5104|685]|[15104|1880]|[10103|235]],[2|154|2500|2|155|20|2|156|12],[[2|154|2500]|[2|155|20]|[2|156|12]],,,24690,icon_lord_3,,14,lord_equip_desc003,lord_equip_name01,4,2,1
1310015,Atlas/UI_PersonalInfo,Atlas/UI_Item,[5104|715|15104|1960|10103|250],[[5104|715]|[15104|1960]|[10103|250]],[2|154|2500|2|155|20|2|156|12],[[2|154|2500]|[2|155|20]|[2|156|12]],,,26463,icon_lord_3,,15,lord_equip_desc003,lord_equip_name01,4,2,1
1310016,Atlas/UI_PersonalInfo,Atlas/UI_Item,[5104|745|15104|2040|10103|260],[[5104|745]|[15104|2040]|[10103|260]],[2|154|2500|2|155|20|2|156|12],[[2|154|2500]|[2|155|20]|[2|156|12]],,,28236,icon_lord_3,,16,lord_equip_desc003,lord_equip_name01,4,2,1
1310017,Atlas/UI_PersonalInfo,Atlas/UI_Item,[5104|770|15104|2125|10103|270],[[5104|770]|[15104|2125]|[10103|270]],[2|154|3500|2|155|30|2|156|12],[[2|154|3500]|[2|155|30]|[2|156|12]],,,30009,icon_lord_3,,17,lord_equip_desc003,lord_equip_name01,4,3,1
1310018,Atlas/UI_PersonalInfo,Atlas/UI_Item,[5104|800|15104|2205|10103|280],[[5104|800]|[15104|2205]|[10103|280]],[2|154|3500|2|155|30|2|156|12],[[2|154|3500]|[2|155|30]|[2|156|12]],,,31782,icon_lord_3,,18,lord_equip_desc003,lord_equip_name01,4,3,1
1310019,Atlas/UI_PersonalInfo,Atlas/UI_Item,[5104|830|15104|2285|10103|290],[[5104|830]|[15104|2285]|[10103|290]],[2|154|3500|2|155|30|2|156|12],[[2|154|3500]|[2|155|30]|[2|156|12]],,,33556,icon_lord_3,,19,lord_equip_desc003,lord_equip_name01,4,3,1
1310020,Atlas/UI_PersonalInfo,Atlas/UI_Item,[5104|930|15104|2565|10103|325],[[5104|930]|[15104|2565]|[10103|325]],[2|154|3300|2|155|30|2|156|15],[[2|154|3300]|[2|155|30]|[2|156|15]],icon_txt_T1,,35469,icon_lord_3,,20,lord_equip_desc006,lord_equip_name01,5,0,1
1310021,Atlas/UI_PersonalInfo,Atlas/UI_Item,[5104|955|15104|2630|10103|330],[[5104|955]|[15104|2630]|[10103|330]],[2|154|3900|2|155|30|2|156|15],[[2|154|3900]|[2|155|30]|[2|156|15]],icon_txt_T1,,37382,icon_lord_3,,21,lord_equip_desc006,lord_equip_name01,5,1,1
1310022,Atlas/UI_PersonalInfo,Atlas/UI_Item,[5104|980|15104|2700|10103|340],[[5104|980]|[15104|2700]|[10103|340]],[2|154|3900|2|155|30|2|156|15],[[2|154|3900]|[2|155|30]|[2|156|15]],icon_txt_T1,,39295,icon_lord_3,,22,lord_equip_desc006,lord_equip_name01,5,1,1
1310023,Atlas/UI_PersonalInfo,Atlas/UI_Item,[5104|1005|15104|2770|10103|350],[[5104|1005]|[15104|2770]|[10103|350]],[2|154|4400|2|155|30|2|156|15],[[2|154|4400]|[2|155|30]|[2|156|15]],icon_txt_T1,,41208,icon_lord_3,,23,lord_equip_desc006,lord_equip_name01,5,1,1
1310024,Atlas/UI_PersonalInfo,Atlas/UI_Item,[5104|1030|15104|2840|10103|360],[[5104|1030]|[15104|2840]|[10103|360]],[2|154|4400|2|155|30|2|156|15],[[2|154|4400]|[2|155|30]|[2|156|15]],icon_txt_T1,,43121,icon_lord_3,,24,lord_equip_desc006,lord_equip_name01,5,1,1
1310025,Atlas/UI_PersonalInfo,Atlas/UI_Item,[5104|1055|15104|2905|10103|365],[[5104|1055]|[15104|2905]|[10103|365]],[2|154|4900|2|155|35|2|156|15],[[2|154|4900]|[2|155|35]|[2|156|15]],icon_txt_T1,,45034,icon_lord_3,,25,lord_equip_desc006,lord_equip_name01,5,2,1
1310026,Atlas/UI_PersonalInfo,Atlas/UI_Item,[5104|1080|15104|2975|10103|375],[[5104|1080]|[15104|2975]|[10103|375]],[2|154|4900|2|155|35|2|156|15],[[2|154|4900]|[2|155|35]|[2|156|15]],icon_txt_T1,,46948,icon_lord_3,,26,lord_equip_desc006,lord_equip_name01,5,2,1
1310027,Atlas/UI_PersonalInfo,Atlas/UI_Item,[5104|1105|15104|3045|10103|385],[[5104|1105]|[15104|3045]|[10103|385]],[2|154|4900|2|155|35|2|156|15],[[2|154|4900]|[2|155|35]|[2|156|15]],icon_txt_T1,,48861,icon_lord_3,,27,lord_equip_desc006,lord_equip_name01,5,2,1
1310028,Atlas/UI_PersonalInfo,Atlas/UI_Item,[5104|1130|15104|3115|10103|395],[[5104|1130]|[15104|3115]|[10103|395]],[2|154|4900|2|155|35|2|156|15],[[2|154|4900]|[2|155|35]|[2|156|15]],icon_txt_T1,,50774,icon_lord_3,,28,lord_equip_desc006,lord_equip_name01,5,2,1
1310029,Atlas/UI_PersonalInfo,Atlas/UI_Item,[5104|1155|15104|3185|10103|400],[[5104|1155]|[15104|3185]|[10103|400]],[2|154|5400|2|155|45|2|156|20],[[2|154|5400]|[2|155|45]|[2|156|20]],icon_txt_T1,,52687,icon_lord_3,,29,lord_equip_desc006,lord_equip_name01,5,3,1
1310030,Atlas/UI_PersonalInfo,Atlas/UI_Item,[5104|1185|15104|3250|10103|410],[[5104|1185]|[15104|3250]|[10103|410]],[2|154|5400|2|155|45|2|156|20],[[2|154|5400]|[2|155|45]|[2|156|20]],icon_txt_T1,,54600,icon_lord_3,,30,lord_equip_desc006,lord_equip_name01,5,3,1
1310031,Atlas/UI_PersonalInfo,Atlas/UI_Item,[5104|1210|15104|3320|10103|420],[[5104|1210]|[15104|3320]|[10103|420]],[2|154|5400|2|155|45|2|156|20],[[2|154|5400]|[2|155|45]|[2|156|20]],icon_txt_T1,,56513,icon_lord_3,,31,lord_equip_desc006,lord_equip_name01,5,3,1
1310032,Atlas/UI_PersonalInfo,Atlas/UI_Item,[5104|1235|15104|3390|10103|430],[[5104|1235]|[15104|3390]|[10103|430]],[2|154|5400|2|155|45|2|156|20],[[2|154|5400]|[2|155|45]|[2|156|20]],icon_txt_T1,,58427,icon_lord_3,,32,lord_equip_desc006,lord_equip_name01,5,3,1
1310033,Atlas/UI_PersonalInfo,Atlas/UI_Item,[5104|1350|15104|3705|10103|470],[[5104|1350]|[15104|3705]|[10103|470]],[2|154|5500|2|155|50|2|156|20],[[2|154|5500]|[2|155|50]|[2|156|20]],icon_txt_T2,,61024,icon_lord_3,,33,lord_equip_desc007,lord_equip_name01,5,0,1
1310034,Atlas/UI_PersonalInfo,Atlas/UI_Item,[5104|1375|15104|3785|10103|480],[[5104|1375]|[15104|3785]|[10103|480]],[2|154|7300|2|155|75|2|156|20],[[2|154|7300]|[2|155|75]|[2|156|20]],icon_txt_T2,,63621,icon_lord_3,,34,lord_equip_desc007,lord_equip_name01,5,1,1
1310035,Atlas/UI_PersonalInfo,Atlas/UI_Item,[5104|1405|15104|3865|10103|490],[[5104|1405]|[15104|3865]|[10103|490]],[2|154|7300|2|155|75|2|156|20],[[2|154|7300]|[2|155|75]|[2|156|20]],icon_txt_T2,,66218,icon_lord_3,,35,lord_equip_desc007,lord_equip_name01,5,1,1
1310036,Atlas/UI_PersonalInfo,Atlas/UI_Item,[5104|1435|15104|3945|10103|500],[[5104|1435]|[15104|3945]|[10103|500]],[2|154|7300|2|155|75|2|156|20],[[2|154|7300]|[2|155|75]|[2|156|20]],icon_txt_T2,,68815,icon_lord_3,,36,lord_equip_desc007,lord_equip_name01,5,1,1
1310037,Atlas/UI_PersonalInfo,Atlas/UI_Item,[5104|1465|15104|4025|10103|510],[[5104|1465]|[15104|4025]|[10103|510]],[2|154|7300|2|155|75|2|156|20],[[2|154|7300]|[2|155|75]|[2|156|20]],icon_txt_T2,,71412,icon_lord_3,,37,lord_equip_desc007,lord_equip_name01,5,1,1
1310038,Atlas/UI_PersonalInfo,Atlas/UI_Item,[5104|1490|15104|4100|10103|520],[[5104|1490]|[15104|4100]|[10103|520]],[2|154|7800|2|155|75|2|156|20],[[2|154|7800]|[2|155|75]|[2|156|20]],icon_txt_T2,,74009,icon_lord_3,,38,lord_equip_desc007,lord_equip_name01,5,2,1
1310039,Atlas/UI_PersonalInfo,Atlas/UI_Item,[5104|1520|15104|4180|10103|530],[[5104|1520]|[15104|4180]|[10103|530]],[2|154|7800|2|155|75|2|156|20],[[2|154|7800]|[2|155|75]|[2|156|20]],icon_txt_T2,,76606,icon_lord_3,,39,lord_equip_desc007,lord_equip_name01,5,2,1
1310040,Atlas/UI_PersonalInfo,Atlas/UI_Item,[5104|1550|15104|4260|10103|540],[[5104|1550]|[15104|4260]|[10103|540]],[2|154|7800|2|155|75|2|156|20],[[2|154|7800]|[2|155|75]|[2|156|20]],icon_txt_T2,,79203,icon_lord_3,,40,lord_equip_desc007,lord_equip_name01,5,2,1
1310041,Atlas/UI_PersonalInfo,Atlas/UI_Item,[5104|1580|15104|4340|10103|550],[[5104|1580]|[15104|4340]|[10103|550]],[2|154|7800|2|155|75|2|156|20],[[2|154|7800]|[2|155|75]|[2|156|20]],icon_txt_T2,,81800,icon_lord_3,,41,lord_equip_desc007,lord_equip_name01,5,2,1
1310042,Atlas/UI_PersonalInfo,Atlas/UI_Item,[5104|1605|15104|4420|10103|560],[[5104|1605]|[15104|4420]|[10103|560]],[2|154|8100|2|155|85|2|156|20],[[2|154|8100]|[2|155|85]|[2|156|20]],icon_txt_T2,,84397,icon_lord_3,,42,lord_equip_desc007,lord_equip_name01,5,3,1
1310043,Atlas/UI_PersonalInfo,Atlas/UI_Item,[5104|1635|15104|4500|10103|570],[[5104|1635]|[15104|4500]|[10103|570]],[2|154|8100|2|155|85|2|156|20],[[2|154|8100]|[2|155|85]|[2|156|20]],icon_txt_T2,,86994,icon_lord_3,,43,lord_equip_desc007,lord_equip_name01,5,3,1
1310044,Atlas/UI_PersonalInfo,Atlas/UI_Item,[5104|1665|15104|4575|10103|580],[[5104|1665]|[15104|4575]|[10103|580]],[2|154|8100|2|155|85|2|156|20],[[2|154|8100]|[2|155|85]|[2|156|20]],icon_txt_T2,,89591,icon_lord_3,,44,lord_equip_desc007,lord_equip_name01,5,3,1
1310045,Atlas/UI_PersonalInfo,Atlas/UI_Item,[5104|1695|15104|4655|10103|590],[[5104|1695]|[15104|4655]|[10103|590]],[2|154|8100|2|155|85|2|156|20],[[2|154|8100]|[2|155|85]|[2|156|20]],icon_txt_T2,,92188,icon_lord_3,,45,lord_equip_desc007,lord_equip_name01,5,3,1
1310046,Atlas/UI_PersonalInfo,Atlas/UI_Item,[5104|1825|15104|5015|10103|635],[[5104|1825]|[15104|5015]|[10103|635]],[2|154|8500|2|155|85|2|156|20],[[2|154|8500]|[2|155|85]|[2|156|20]],icon_txt_T3,,95565,icon_lord_3,,46,lord_equip_desc0061,lord_equip_name01,5,0,1
1310047,Atlas/UI_PersonalInfo,Atlas/UI_Item,[5104|1855|15104|5105|10103|645],[[5104|1855]|[15104|5105]|[10103|645]],[2|154|9000|2|155|95|2|156|20],[[2|154|9000]|[2|155|95]|[2|156|20]],icon_txt_T3,,98942,icon_lord_3,,47,lord_equip_desc0061,lord_equip_name01,5,1,1
1310048,Atlas/UI_PersonalInfo,Atlas/UI_Item,[5104|1890|15104|5190|10103|655],[[5104|1890]|[15104|5190]|[10103|655]],[2|154|9000|2|155|95|2|156|20],[[2|154|9000]|[2|155|95]|[2|156|20]],icon_txt_T3,,102320,icon_lord_3,,48,lord_equip_desc0061,lord_equip_name01,5,1,1
1310049,Atlas/UI_PersonalInfo,Atlas/UI_Item,[5104|1920|15104|5280|10103|665],[[5104|1920]|[15104|5280]|[10103|665]],[2|154|9000|2|155|95|2|156|20],[[2|154|9000]|[2|155|95]|[2|156|20]],icon_txt_T3,,105697,icon_lord_3,,49,lord_equip_desc0061,lord_equip_name01,5,1,1
1310050,Atlas/UI_PersonalInfo,Atlas/UI_Item,[5104|1955|15104|5370|10103|680],[[5104|1955]|[15104|5370]|[10103|680]],[2|154|9000|2|155|95|2|156|20],[[2|154|9000]|[2|155|95]|[2|156|20]],icon_txt_T3,,109075,icon_lord_3,,50,lord_equip_desc0061,lord_equip_name01,5,1,1
1310051,Atlas/UI_PersonalInfo,Atlas/UI_Item,[5104|1985|15104|5460|10103|690],[[5104|1985]|[15104|5460]|[10103|690]],[2|154|9500|2|155|95|2|156|20],[[2|154|9500]|[2|155|95]|[2|156|20]],icon_txt_T3,,112452,icon_lord_3,,51,lord_equip_desc0061,lord_equip_name01,5,2,1
1310052,Atlas/UI_PersonalInfo,Atlas/UI_Item,[5104|2020|15104|5550|10103|700],[[5104|2020]|[15104|5550]|[10103|700]],[2|154|9500|2|155|95|2|156|20],[[2|154|9500]|[2|155|95]|[2|156|20]],icon_txt_T3,,115830,icon_lord_3,,52,lord_equip_desc0061,lord_equip_name01,5,2,1
1310053,Atlas/UI_PersonalInfo,Atlas/UI_Item,[5104|2050|15104|5640|10103|710],[[5104|2050]|[15104|5640]|[10103|710]],[2|154|9500|2|155|95|2|156|20],[[2|154|9500]|[2|155|95]|[2|156|20]],icon_txt_T3,,119207,icon_lord_3,,53,lord_equip_desc0061,lord_equip_name01,5,2,1
1310054,Atlas/UI_PersonalInfo,Atlas/UI_Item,[5104|2085|15104|5730|10103|725],[[5104|2085]|[15104|5730]|[10103|725]],[2|154|9500|2|155|95|2|156|20],[[2|154|9500]|[2|155|95]|[2|156|20]],icon_txt_T3,,122585,icon_lord_3,,54,lord_equip_desc0061,lord_equip_name01,5,2,1
1310055,Atlas/UI_PersonalInfo,Atlas/UI_Item,[5104|2115|15104|5815|10103|735],[[5104|2115]|[15104|5815]|[10103|735]],[2|154|10000|2|155|95|2|156|20],[[2|154|10000]|[2|155|95]|[2|156|20]],icon_txt_T3,,125962,icon_lord_3,,55,lord_equip_desc0061,lord_equip_name01,5,3,1
1310056,Atlas/UI_PersonalInfo,Atlas/UI_Item,[5104|2150|15104|5905|10103|745],[[5104|2150]|[15104|5905]|[10103|745]],[2|154|10000|2|155|95|2|156|20],[[2|154|10000]|[2|155|95]|[2|156|20]],icon_txt_T3,,129340,icon_lord_3,,56,lord_equip_desc0061,lord_equip_name01,5,3,1
1310057,Atlas/UI_PersonalInfo,Atlas/UI_Item,[5104|2180|15104|5995|10103|755],[[5104|2180]|[15104|5995]|[10103|755]],[2|154|10000|2|155|95|2|156|20],[[2|154|10000]|[2|155|95]|[2|156|20]],icon_txt_T3,,132717,icon_lord_3,,57,lord_equip_desc0061,lord_equip_name01,5,3,1
1310058,Atlas/UI_PersonalInfo,Atlas/UI_Item,[5104|2215|15104|6085|10103|770],[[5104|2215]|[15104|6085]|[10103|770]],[2|154|10000|2|155|95|2|156|20],[[2|154|10000]|[2|155|95]|[2|156|20]],icon_txt_T3,,136095,icon_lord_3,,58,lord_equip_desc0061,lord_equip_name01,5,3,1
1310059,Atlas/UI_PersonalInfo,Atlas/UI_Item,[5104|2360|15104|6495|10103|820],[[5104|2360]|[15104|6495]|[10103|820]],[2|154|10000|2|155|90|2|156|20],[[2|154|10000]|[2|155|90]|[2|156|20]],icon_txt_T4,,140427,icon_lord_3,,59,lord_equip_desc0071,lord_equip_name01,5,0,1
1310060,Atlas/UI_PersonalInfo,Atlas/UI_Item,[5104|2400|15104|6595|10103|835],[[5104|2400]|[15104|6595]|[10103|835]],[2|154|13000|2|155|130|2|156|22],[[2|154|13000]|[2|155|130]|[2|156|22]],icon_txt_T4,,144760,icon_lord_3,,60,lord_equip_desc0071,lord_equip_name01,5,1,1
1310061,Atlas/UI_PersonalInfo,Atlas/UI_Item,[5104|2435|15104|6700|10103|845],[[5104|2435]|[15104|6700]|[10103|845]],[2|154|13000|2|155|130|2|156|22],[[2|154|13000]|[2|155|130]|[2|156|22]],icon_txt_T4,,149093,icon_lord_3,,61,lord_equip_desc0071,lord_equip_name01,5,1,1
1310062,Atlas/UI_PersonalInfo,Atlas/UI_Item,[5104|2475|15104|6800|10103|860],[[5104|2475]|[15104|6800]|[10103|860]],[2|154|13000|2|155|130|2|156|22],[[2|154|13000]|[2|155|130]|[2|156|22]],icon_txt_T4,,153426,icon_lord_3,,62,lord_equip_desc0071,lord_equip_name01,5,1,1
1310063,Atlas/UI_PersonalInfo,Atlas/UI_Item,[5104|2510|15104|6900|10103|870],[[5104|2510]|[15104|6900]|[10103|870]],[2|154|13000|2|155|130|2|156|22],[[2|154|13000]|[2|155|130]|[2|156|22]],icon_txt_T4,,157759,icon_lord_3,,63,lord_equip_desc0071,lord_equip_name01,5,1,1
1310064,Atlas/UI_PersonalInfo,Atlas/UI_Item,[5104|2545|15104|7005|10103|885],[[5104|2545]|[15104|7005]|[10103|885]],[2|154|13000|2|155|140|2|156|23],[[2|154|13000]|[2|155|140]|[2|156|23]],icon_txt_T4,,162092,icon_lord_3,,64,lord_equip_desc0071,lord_equip_name01,5,2,1
1310065,Atlas/UI_PersonalInfo,Atlas/UI_Item,[5104|2585|15104|7105|10103|895],[[5104|2585]|[15104|7105]|[10103|895]],[2|154|13000|2|155|140|2|156|23],[[2|154|13000]|[2|155|140]|[2|156|23]],icon_txt_T4,,166424,icon_lord_3,,65,lord_equip_desc0071,lord_equip_name01,5,2,1
1310066,Atlas/UI_PersonalInfo,Atlas/UI_Item,[5104|2620|15104|7210|10103|910],[[5104|2620]|[15104|7210]|[10103|910]],[2|154|13000|2|155|140|2|156|23],[[2|154|13000]|[2|155|140]|[2|156|23]],icon_txt_T4,,170757,icon_lord_3,,66,lord_equip_desc0071,lord_equip_name01,5,2,1
1310067,Atlas/UI_PersonalInfo,Atlas/UI_Item,[5104|2660|15104|7310|10103|925],[[5104|2660]|[15104|7310]|[10103|925]],[2|154|13000|2|155|140|2|156|23],[[2|154|13000]|[2|155|140]|[2|156|23]],icon_txt_T4,,175090,icon_lord_3,,67,lord_equip_desc0071,lord_equip_name01,5,2,1
1310068,Atlas/UI_PersonalInfo,Atlas/UI_Item,[5104|2695|15104|7415|10103|935],[[5104|2695]|[15104|7415]|[10103|935]],[2|154|14000|2|155|150|2|156|25],[[2|154|14000]|[2|155|150]|[2|156|25]],icon_txt_T4,,179423,icon_lord_3,,68,lord_equip_desc0071,lord_equip_name01,5,3,1
1310069,Atlas/UI_PersonalInfo,Atlas/UI_Item,[5104|2735|15104|7515|10103|950],[[5104|2735]|[15104|7515]|[10103|950]],[2|154|14000|2|155|150|2|156|25],[[2|154|14000]|[2|155|150]|[2|156|25]],icon_txt_T4,,183756,icon_lord_3,,69,lord_equip_desc0071,lord_equip_name01,5,3,1
1310070,Atlas/UI_PersonalInfo,Atlas/UI_Item,[5104|2770|15104|7615|10103|960],[[5104|2770]|[15104|7615]|[10103|960]],[2|154|14000|2|155|150|2|156|25],[[2|154|14000]|[2|155|150]|[2|156|25]],icon_txt_T4,,188089,icon_lord_3,,70,lord_equip_desc0071,lord_equip_name01,5,3,1
1310071,Atlas/UI_PersonalInfo,Atlas/UI_Item,[5104|2805|15104|7720|10103|975],[[5104|2805]|[15104|7720]|[10103|975]],[2|154|14000|2|155|150|2|156|25],[[2|154|14000]|[2|155|150]|[2|156|25]],icon_txt_T4,,192422,icon_lord_3,,71,lord_equip_desc0071,lord_equip_name01,5,3,1
1310072,Atlas/UI_PersonalInfo,Atlas/UI_Item,[5104|2975|15104|8180|10103|1035],[[5104|2975]|[15104|8180]|[10103|1035]],[2|154|15000|2|155|140|2|156|20|2|157|2],[[2|154|15000]|[2|155|140]|[2|156|20]|[2|157|2]],,,196817,icon_lord_3,,72,lord_equip_desc008,lord_equip_name01,6,0,1
1310073,Atlas/UI_PersonalInfo,Atlas/UI_Item,[5104|3005|15104|8270|10103|1045],[[5104|3005]|[15104|8270]|[10103|1045]],[2|154|13000|2|155|140|2|156|20|2|157|2],[[2|154|13000]|[2|155|140]|[2|156|20]|[2|157|2]],,,201212,icon_lord_3,,73,lord_equip_desc008,lord_equip_name01,6,1,1
1310074,Atlas/UI_PersonalInfo,Atlas/UI_Item,[5104|3040|15104|8360|10103|1055],[[5104|3040]|[15104|8360]|[10103|1055]],[2|154|13000|2|155|140|2|156|20|2|157|2],[[2|154|13000]|[2|155|140]|[2|156|20]|[2|157|2]],,,205607,icon_lord_3,,74,lord_equip_desc008,lord_equip_name01,6,1,1
1310075,Atlas/UI_PersonalInfo,Atlas/UI_Item,[5104|3075|15104|8455|10103|1065],[[5104|3075]|[15104|8455]|[10103|1065]],[2|154|13000|2|155|140|2|156|20|2|157|2],[[2|154|13000]|[2|155|140]|[2|156|20]|[2|157|2]],,,210002,icon_lord_3,,75,lord_equip_desc008,lord_equip_name01,6,1,1
1310076,Atlas/UI_PersonalInfo,Atlas/UI_Item,[5104|3110|15104|8545|10103|1080],[[5104|3110]|[15104|8545]|[10103|1080]],[2|154|13000|2|155|140|2|156|20|2|157|2],[[2|154|13000]|[2|155|140]|[2|156|20]|[2|157|2]],,,214397,icon_lord_3,,76,lord_equip_desc008,lord_equip_name01,6,1,1
1310077,Atlas/UI_PersonalInfo,Atlas/UI_Item,[5104|3140|15104|8640|10103|1090],[[5104|3140]|[15104|8640]|[10103|1090]],[2|154|13000|2|155|140|2|156|20|2|157|2],[[2|154|13000]|[2|155|140]|[2|156|20]|[2|157|2]],,,218792,icon_lord_3,,77,lord_equip_desc008,lord_equip_name01,6,1,1
1310078,Atlas/UI_PersonalInfo,Atlas/UI_Item,[5104|3175|15104|8730|10103|1100],[[5104|3175]|[15104|8730]|[10103|1100]],[2|154|13500|2|155|160|2|156|25|2|157|2],[[2|154|13500]|[2|155|160]|[2|156|25]|[2|157|2]],,,223187,icon_lord_3,,78,lord_equip_desc008,lord_equip_name01,6,2,1
1310079,Atlas/UI_PersonalInfo,Atlas/UI_Item,[5104|3210|15104|8820|10103|1115],[[5104|3210]|[15104|8820]|[10103|1115]],[2|154|13500|2|155|160|2|156|25|2|157|2],[[2|154|13500]|[2|155|160]|[2|156|25]|[2|157|2]],,,227582,icon_lord_3,,79,lord_equip_desc008,lord_equip_name01,6,2,1
1310080,Atlas/UI_PersonalInfo,Atlas/UI_Item,[5104|3240|15104|8915|10103|1125],[[5104|3240]|[15104|8915]|[10103|1125]],[2|154|13500|2|155|160|2|156|25|2|157|2],[[2|154|13500]|[2|155|160]|[2|156|25]|[2|157|2]],,,231977,icon_lord_3,,80,lord_equip_desc008,lord_equip_name01,6,2,1
1310081,Atlas/UI_PersonalInfo,Atlas/UI_Item,[5104|3275|15104|9005|10103|1135],[[5104|3275]|[15104|9005]|[10103|1135]],[2|154|13500|2|155|160|2|156|25|2|157|2],[[2|154|13500]|[2|155|160]|[2|156|25]|[2|157|2]],,,236372,icon_lord_3,,81,lord_equip_desc008,lord_equip_name01,6,2,1
1310082,Atlas/UI_PersonalInfo,Atlas/UI_Item,[5104|3310|15104|9095|10103|1150],[[5104|3310]|[15104|9095]|[10103|1150]],[2|154|13500|2|155|160|2|156|25|2|157|2],[[2|154|13500]|[2|155|160]|[2|156|25]|[2|157|2]],,,240767,icon_lord_3,,82,lord_equip_desc008,lord_equip_name01,6,2,1
1310083,Atlas/UI_PersonalInfo,Atlas/UI_Item,[5104|3340|15104|9190|10103|1160],[[5104|3340]|[15104|9190]|[10103|1160]],[2|154|14000|2|155|160|2|156|25|2|157|4],[[2|154|14000]|[2|155|160]|[2|156|25]|[2|157|4]],,,245162,icon_lord_3,,83,lord_equip_desc008,lord_equip_name01,6,3,1
1310084,Atlas/UI_PersonalInfo,Atlas/UI_Item,[5104|3375|15104|9280|10103|1170],[[5104|3375]|[15104|9280]|[10103|1170]],[2|154|14000|2|155|160|2|156|25|2|157|4],[[2|154|14000]|[2|155|160]|[2|156|25]|[2|157|4]],,,249557,icon_lord_3,,84,lord_equip_desc008,lord_equip_name01,6,3,1
1310085,Atlas/UI_PersonalInfo,Atlas/UI_Item,[5104|3410|15104|9375|10103|1185],[[5104|3410]|[15104|9375]|[10103|1185]],[2|154|14000|2|155|160|2|156|25|2|157|4],[[2|154|14000]|[2|155|160]|[2|156|25]|[2|157|4]],,,253952,icon_lord_3,,85,lord_equip_desc008,lord_equip_name01,6,3,1
1310086,Atlas/UI_PersonalInfo,Atlas/UI_Item,[5104|3440|15104|9465|10103|1195],[[5104|3440]|[15104|9465]|[10103|1195]],[2|154|14000|2|155|160|2|156|25|2|157|4],[[2|154|14000]|[2|155|160]|[2|156|25]|[2|157|4]],,,258347,icon_lord_3,,86,lord_equip_desc008,lord_equip_name01,6,3,1
1310087,Atlas/UI_PersonalInfo,Atlas/UI_Item,[5104|3475|15104|9555|10103|1205],[[5104|3475]|[15104|9555]|[10103|1205]],[2|154|14000|2|155|160|2|156|25|2|157|4],[[2|154|14000]|[2|155|160]|[2|156|25]|[2|157|4]],,,262742,icon_lord_3,,87,lord_equip_desc008,lord_equip_name01,6,3,1
1310088,Atlas/UI_PersonalInfo,Atlas/UI_Item,[5104|3660|15104|10065|10103|1270],[[5104|3660]|[15104|10065]|[10103|1270]],[2|154|15000|2|155|180|2|156|25|2|157|4],[[2|154|15000]|[2|155|180]|[2|156|25]|[2|157|4]],icon_txt_T1,,268109,icon_lord_3,,88,lord_equip_desc009,lord_equip_name01,6,0,1
1310089,Atlas/UI_PersonalInfo,Atlas/UI_Item,[5104|3700|15104|10170|10103|1285],[[5104|3700]|[15104|10170]|[10103|1285]],[2|154|14000|2|155|160|2|156|28|2|157|3],[[2|154|14000]|[2|155|160]|[2|156|28]|[2|157|3]],icon_txt_T1,,273477,icon_lord_3,,89,lord_equip_desc009,lord_equip_name01,6,1,1
1310090,Atlas/UI_PersonalInfo,Atlas/UI_Item,[5104|3735|15104|10270|10103|1295],[[5104|3735]|[15104|10270]|[10103|1295]],[2|154|14000|2|155|160|2|156|28|2|157|3],[[2|154|14000]|[2|155|160]|[2|156|28]|[2|157|3]],icon_txt_T1,,278844,icon_lord_3,,90,lord_equip_desc009,lord_equip_name01,6,1,1
1310091,Atlas/UI_PersonalInfo,Atlas/UI_Item,[5104|3770|15104|10375|10103|1310],[[5104|3770]|[15104|10375]|[10103|1310]],[2|154|14000|2|155|160|2|156|28|2|157|3],[[2|154|14000]|[2|155|160]|[2|156|28]|[2|157|3]],icon_txt_T1,,284212,icon_lord_3,,91,lord_equip_desc009,lord_equip_name01,6,1,1
1310092,Atlas/UI_PersonalInfo,Atlas/UI_Item,[5104|3810|15104|10475|10103|1325],[[5104|3810]|[15104|10475]|[10103|1325]],[2|154|14000|2|155|160|2|156|28|2|157|3],[[2|154|14000]|[2|155|160]|[2|156|28]|[2|157|3]],icon_txt_T1,,289580,icon_lord_3,,92,lord_equip_desc009,lord_equip_name01,6,1,1
1310093,Atlas/UI_PersonalInfo,Atlas/UI_Item,[5104|3845|15104|10580|10103|1335],[[5104|3845]|[15104|10580]|[10103|1335]],[2|154|14000|2|155|160|2|156|28|2|157|3],[[2|154|14000]|[2|155|160]|[2|156|28]|[2|157|3]],icon_txt_T1,,294947,icon_lord_3,,93,lord_equip_desc009,lord_equip_name01,6,1,1
1310094,Atlas/UI_PersonalInfo,Atlas/UI_Item,[5104|3885|15104|10680|10103|1350],[[5104|3885]|[15104|10680]|[10103|1350]],[2|154|15000|2|155|170|2|156|30|2|157|4],[[2|154|15000]|[2|155|170]|[2|156|30]|[2|157|4]],icon_txt_T1,,300315,icon_lord_3,,94,lord_equip_desc009,lord_equip_name01,6,2,1
1310095,Atlas/UI_PersonalInfo,Atlas/UI_Item,[5104|3920|15104|10780|10103|1360],[[5104|3920]|[15104|10780]|[10103|1360]],[2|154|15000|2|155|170|2|156|30|2|157|4],[[2|154|15000]|[2|155|170]|[2|156|30]|[2|157|4]],icon_txt_T1,,305683,icon_lord_3,,95,lord_equip_desc009,lord_equip_name01,6,2,1
1310096,Atlas/UI_PersonalInfo,Atlas/UI_Item,[5104|3960|15104|10885|10103|1375],[[5104|3960]|[15104|10885]|[10103|1375]],[2|154|15000|2|155|170|2|156|30|2|157|4],[[2|154|15000]|[2|155|170]|[2|156|30]|[2|157|4]],icon_txt_T1,,311050,icon_lord_3,,96,lord_equip_desc009,lord_equip_name01,6,2,1
1310097,Atlas/UI_PersonalInfo,Atlas/UI_Item,[5104|3995|15104|10985|10103|1385],[[5104|3995]|[15104|10985]|[10103|1385]],[2|154|15000|2|155|170|2|156|30|2|157|4],[[2|154|15000]|[2|155|170]|[2|156|30]|[2|157|4]],icon_txt_T1,,316418,icon_lord_3,,97,lord_equip_desc009,lord_equip_name01,6,2,1
1310098,Atlas/UI_PersonalInfo,Atlas/UI_Item,[5104|4030|15104|11090|10103|1400],[[5104|4030]|[15104|11090]|[10103|1400]],[2|154|15000|2|155|170|2|156|30|2|157|4],[[2|154|15000]|[2|155|170]|[2|156|30]|[2|157|4]],icon_txt_T1,,321785,icon_lord_3,,98,lord_equip_desc009,lord_equip_name01,6,2,1
1310099,Atlas/UI_PersonalInfo,Atlas/UI_Item,[5104|4070|15104|11190|10103|1415],[[5104|4070]|[15104|11190]|[10103|1415]],[2|154|16500|2|155|175|2|156|30|2|157|4],[[2|154|16500]|[2|155|175]|[2|156|30]|[2|157|4]],icon_txt_T1,,327153,icon_lord_3,,99,lord_equip_desc009,lord_equip_name01,6,3,1
1310100,Atlas/UI_PersonalInfo,Atlas/UI_Item,[5104|4105|15104|11295|10103|1425],[[5104|4105]|[15104|11295]|[10103|1425]],[2|154|16500|2|155|175|2|156|30|2|157|4],[[2|154|16500]|[2|155|175]|[2|156|30]|[2|157|4]],icon_txt_T1,,332521,icon_lord_3,,100,lord_equip_desc009,lord_equip_name01,6,3,1
1310101,Atlas/UI_PersonalInfo,Atlas/UI_Item,[5104|4145|15104|11395|10103|1440],[[5104|4145]|[15104|11395]|[10103|1440]],[2|154|16500|2|155|175|2|156|30|2|157|4],[[2|154|16500]|[2|155|175]|[2|156|30]|[2|157|4]],icon_txt_T1,,337888,icon_lord_3,,101,lord_equip_desc009,lord_equip_name01,6,3,1
1310102,Atlas/UI_PersonalInfo,Atlas/UI_Item,[5104|4180|15104|11495|10103|1450],[[5104|4180]|[15104|11495]|[10103|1450]],[2|154|16500|2|155|175|2|156|30|2|157|4],[[2|154|16500]|[2|155|175]|[2|156|30]|[2|157|4]],icon_txt_T1,,343256,icon_lord_3,,102,lord_equip_desc009,lord_equip_name01,6,3,1
1310103,Atlas/UI_PersonalInfo,Atlas/UI_Item,[5104|4220|15104|11600|10103|1465],[[5104|4220]|[15104|11600]|[10103|1465]],[2|154|16500|2|155|175|2|156|30|2|157|4],[[2|154|16500]|[2|155|175]|[2|156|30]|[2|157|4]],icon_txt_T1,,348624,icon_lord_3,,103,lord_equip_desc009,lord_equip_name01,6,3,1
1310104,Atlas/UI_PersonalInfo,Atlas/UI_Item,[5104|4425|15104|12170|10103|1535],[[5104|4425]|[15104|12170]|[10103|1535]],[2|154|18000|2|155|190|2|156|30|2|157|4],[[2|154|18000]|[2|155|190]|[2|156|30]|[2|157|4]],icon_txt_T2,,355145,icon_lord_3,,104,lord_equip_desc010,lord_equip_name01,6,0,1
1310105,Atlas/UI_PersonalInfo,Atlas/UI_Item,[5104|4465|15104|12285|10103|1550],[[5104|4465]|[15104|12285]|[10103|1550]],[2|154|17000|2|155|195|2|156|35|2|157|5],[[2|154|17000]|[2|155|195]|[2|156|35]|[2|157|5]],icon_txt_T2,,361667,icon_lord_3,,105,lord_equip_desc010,lord_equip_name01,6,1,1
1310106,Atlas/UI_PersonalInfo,Atlas/UI_Item,[5104|4510|15104|12400|10103|1565],[[5104|4510]|[15104|12400]|[10103|1565]],[2|154|17000|2|155|195|2|156|35|2|157|5],[[2|154|17000]|[2|155|195]|[2|156|35]|[2|157|5]],icon_txt_T2,,368189,icon_lord_3,,106,lord_equip_desc010,lord_equip_name01,6,1,1
1310107,Atlas/UI_PersonalInfo,Atlas/UI_Item,[5104|4550|15104|12515|10103|1580],[[5104|4550]|[15104|12515]|[10103|1580]],[2|154|17000|2|155|195|2|156|35|2|157|5],[[2|154|17000]|[2|155|195]|[2|156|35]|[2|157|5]],icon_txt_T2,,374710,icon_lord_3,,107,lord_equip_desc010,lord_equip_name01,6,1,1
1310108,Atlas/UI_PersonalInfo,Atlas/UI_Item,[5104|4590|15104|12630|10103|1595],[[5104|4590]|[15104|12630]|[10103|1595]],[2|154|17000|2|155|195|2|156|35|2|157|5],[[2|154|17000]|[2|155|195]|[2|156|35]|[2|157|5]],icon_txt_T2,,381232,icon_lord_3,,108,lord_equip_desc010,lord_equip_name01,6,1,1
1310109,Atlas/UI_PersonalInfo,Atlas/UI_Item,[5104|4635|15104|12745|10103|1610],[[5104|4635]|[15104|12745]|[10103|1610]],[2|154|17000|2|155|195|2|156|35|2|157|5],[[2|154|17000]|[2|155|195]|[2|156|35]|[2|157|5]],icon_txt_T2,,387754,icon_lord_3,,109,lord_equip_desc010,lord_equip_name01,6,1,1
1310110,Atlas/UI_PersonalInfo,Atlas/UI_Item,[5104|4675|15104|12855|10103|1625],[[5104|4675]|[15104|12855]|[10103|1625]],[2|154|18000|2|155|220|2|156|35|2|157|5],[[2|154|18000]|[2|155|220]|[2|156|35]|[2|157|5]],icon_txt_T2,,394275,icon_lord_3,,110,lord_equip_desc010,lord_equip_name01,6,2,1
1310111,Atlas/UI_PersonalInfo,Atlas/UI_Item,[5104|4715|15104|12970|10103|1640],[[5104|4715]|[15104|12970]|[10103|1640]],[2|154|18000|2|155|220|2|156|35|2|157|5],[[2|154|18000]|[2|155|220]|[2|156|35]|[2|157|5]],icon_txt_T2,,400797,icon_lord_3,,111,lord_equip_desc010,lord_equip_name01,6,2,1
1310112,Atlas/UI_PersonalInfo,Atlas/UI_Item,[5104|4760|15104|13085|10103|1650],[[5104|4760]|[15104|13085]|[10103|1650]],[2|154|18000|2|155|220|2|156|35|2|157|5],[[2|154|18000]|[2|155|220]|[2|156|35]|[2|157|5]],icon_txt_T2,,407319,icon_lord_3,,112,lord_equip_desc010,lord_equip_name01,6,2,1
1310113,Atlas/UI_PersonalInfo,Atlas/UI_Item,[5104|4800|15104|13200|10103|1665],[[5104|4800]|[15104|13200]|[10103|1665]],[2|154|18000|2|155|220|2|156|35|2|157|5],[[2|154|18000]|[2|155|220]|[2|156|35]|[2|157|5]],icon_txt_T2,,413840,icon_lord_3,,113,lord_equip_desc010,lord_equip_name01,6,2,1
1310114,Atlas/UI_PersonalInfo,Atlas/UI_Item,[5104|4840|15104|13315|10103|1680],[[5104|4840]|[15104|13315]|[10103|1680]],[2|154|18000|2|155|220|2|156|35|2|157|5],[[2|154|18000]|[2|155|220]|[2|156|35]|[2|157|5]],icon_txt_T2,,420362,icon_lord_3,,114,lord_equip_desc010,lord_equip_name01,6,2,1
1310115,Atlas/UI_PersonalInfo,Atlas/UI_Item,[5104|4885|15104|13430|10103|1695],[[5104|4885]|[15104|13430]|[10103|1695]],[2|154|19000|2|155|230|2|156|40|2|157|5],[[2|154|19000]|[2|155|230]|[2|156|40]|[2|157|5]],icon_txt_T2,,426884,icon_lord_3,,115,lord_equip_desc010,lord_equip_name01,6,3,1
1310116,Atlas/UI_PersonalInfo,Atlas/UI_Item,[5104|4925|15104|13545|10103|1710],[[5104|4925]|[15104|13545]|[10103|1710]],[2|154|19000|2|155|230|2|156|40|2|157|5],[[2|154|19000]|[2|155|230]|[2|156|40]|[2|157|5]],icon_txt_T2,,433405,icon_lord_3,,116,lord_equip_desc010,lord_equip_name01,6,3,1
1310117,Atlas/UI_PersonalInfo,Atlas/UI_Item,[5104|4965|15104|13655|10103|1725],[[5104|4965]|[15104|13655]|[10103|1725]],[2|154|19000|2|155|230|2|156|40|2|157|5],[[2|154|19000]|[2|155|230]|[2|156|40]|[2|157|5]],icon_txt_T2,,439927,icon_lord_3,,117,lord_equip_desc010,lord_equip_name01,6,3,1
1310118,Atlas/UI_PersonalInfo,Atlas/UI_Item,[5104|5010|15104|13770|10103|1740],[[5104|5010]|[15104|13770]|[10103|1740]],[2|154|19000|2|155|230|2|156|40|2|157|5],[[2|154|19000]|[2|155|230]|[2|156|40]|[2|157|5]],icon_txt_T2,,446449,icon_lord_3,,118,lord_equip_desc010,lord_equip_name01,6,3,1
1310119,Atlas/UI_PersonalInfo,Atlas/UI_Item,[5104|5050|15104|13885|10103|1755],[[5104|5050]|[15104|13885]|[10103|1755]],[2|154|19000|2|155|230|2|156|40|2|157|5],[[2|154|19000]|[2|155|230]|[2|156|40]|[2|157|5]],icon_txt_T2,,452971,icon_lord_3,,119,lord_equip_desc010,lord_equip_name01,6,3,1
1310120,Atlas/UI_PersonalInfo,Atlas/UI_Item,[5104|5285|15104|14540|10103|1835],[[5104|5285]|[15104|14540]|[10103|1835]],[2|154|20000|2|155|245|2|156|40|2|157|5],[[2|154|20000]|[2|155|245]|[2|156|40]|[2|157|5]],icon_txt_T3,,460944,icon_lord_3,,120,lord_equip_desc011,lord_equip_name01,6,0,1
1310121,Atlas/UI_PersonalInfo,Atlas/UI_Item,[5104|5335|15104|14670|10103|1850],[[5104|5335]|[15104|14670]|[10103|1850]],[2|154|20000|2|155|240|2|156|40|2|157|6],[[2|154|20000]|[2|155|240]|[2|156|40]|[2|157|6]],icon_txt_T3,,468917,icon_lord_3,,121,lord_equip_desc011,lord_equip_name01,6,1,1
1310122,Atlas/UI_PersonalInfo,Atlas/UI_Item,[5104|5380|15104|14800|10103|1870],[[5104|5380]|[15104|14800]|[10103|1870]],[2|154|20000|2|155|240|2|156|40|2|157|6],[[2|154|20000]|[2|155|240]|[2|156|40]|[2|157|6]],icon_txt_T3,,476890,icon_lord_3,,122,lord_equip_desc011,lord_equip_name01,6,1,1
1310123,Atlas/UI_PersonalInfo,Atlas/UI_Item,[5104|5430|15104|14930|10103|1885],[[5104|5430]|[15104|14930]|[10103|1885]],[2|154|20000|2|155|240|2|156|40|2|157|6],[[2|154|20000]|[2|155|240]|[2|156|40]|[2|157|6]],icon_txt_T3,,484864,icon_lord_3,,123,lord_equip_desc011,lord_equip_name01,6,1,1
1310124,Atlas/UI_PersonalInfo,Atlas/UI_Item,[5104|5475|15104|15060|10103|1900],[[5104|5475]|[15104|15060]|[10103|1900]],[2|154|20000|2|155|240|2|156|40|2|157|6],[[2|154|20000]|[2|155|240]|[2|156|40]|[2|157|6]],icon_txt_T3,,492837,icon_lord_3,,124,lord_equip_desc011,lord_equip_name01,6,1,1
1310125,Atlas/UI_PersonalInfo,Atlas/UI_Item,[5104|5525|15104|15195|10103|1920],[[5104|5525]|[15104|15195]|[10103|1920]],[2|154|20000|2|155|240|2|156|40|2|157|6],[[2|154|20000]|[2|155|240]|[2|156|40]|[2|157|6]],icon_txt_T3,,500810,icon_lord_3,,125,lord_equip_desc011,lord_equip_name01,6,1,1
1310126,Atlas/UI_PersonalInfo,Atlas/UI_Item,[5104|5570|15104|15325|10103|1935],[[5104|5570]|[15104|15325]|[10103|1935]],[2|154|21000|2|155|250|2|156|40|2|157|6],[[2|154|21000]|[2|155|250]|[2|156|40]|[2|157|6]],icon_txt_T3,,508783,icon_lord_3,,126,lord_equip_desc011,lord_equip_name01,6,2,1
1310127,Atlas/UI_PersonalInfo,Atlas/UI_Item,[5104|5620|15104|15455|10103|1950],[[5104|5620]|[15104|15455]|[10103|1950]],[2|154|21000|2|155|250|2|156|40|2|157|6],[[2|154|21000]|[2|155|250]|[2|156|40]|[2|157|6]],icon_txt_T3,,516757,icon_lord_3,,127,lord_equip_desc011,lord_equip_name01,6,2,1
1310128,Atlas/UI_PersonalInfo,Atlas/UI_Item,[5104|5665|15104|15585|10103|1970],[[5104|5665]|[15104|15585]|[10103|1970]],[2|154|21000|2|155|250|2|156|40|2|157|6],[[2|154|21000]|[2|155|250]|[2|156|40]|[2|157|6]],icon_txt_T3,,524730,icon_lord_3,,128,lord_equip_desc011,lord_equip_name01,6,2,1
1310129,Atlas/UI_PersonalInfo,Atlas/UI_Item,[5104|5715|15104|15715|10103|1985],[[5104|5715]|[15104|15715]|[10103|1985]],[2|154|21000|2|155|250|2|156|40|2|157|6],[[2|154|21000]|[2|155|250]|[2|156|40]|[2|157|6]],icon_txt_T3,,532703,icon_lord_3,,129,lord_equip_desc011,lord_equip_name01,6,2,1
1310130,Atlas/UI_PersonalInfo,Atlas/UI_Item,[5104|5760|15104|15845|10103|2000],[[5104|5760]|[15104|15845]|[10103|2000]],[2|154|21000|2|155|250|2|156|40|2|157|6],[[2|154|21000]|[2|155|250]|[2|156|40]|[2|157|6]],icon_txt_T3,,540676,icon_lord_3,,130,lord_equip_desc011,lord_equip_name01,6,2,1
1310131,Atlas/UI_PersonalInfo,Atlas/UI_Item,[5104|5810|15104|15975|10103|2015],[[5104|5810]|[15104|15975]|[10103|2015]],[2|154|21000|2|155|270|2|156|45|2|157|7],[[2|154|21000]|[2|155|270]|[2|156|45]|[2|157|7]],icon_txt_T3,,548650,icon_lord_3,,131,lord_equip_desc011,lord_equip_name01,6,3,1
1310132,Atlas/UI_PersonalInfo,Atlas/UI_Item,[5104|5855|15104|16110|10103|2035],[[5104|5855]|[15104|16110]|[10103|2035]],[2|154|21000|2|155|270|2|156|45|2|157|7],[[2|154|21000]|[2|155|270]|[2|156|45]|[2|157|7]],icon_txt_T3,,556623,icon_lord_3,,132,lord_equip_desc011,lord_equip_name01,6,3,1
1310133,Atlas/UI_PersonalInfo,Atlas/UI_Item,[5104|5905|15104|16240|10103|2050],[[5104|5905]|[15104|16240]|[10103|2050]],[2|154|21000|2|155|270|2|156|45|2|157|7],[[2|154|21000]|[2|155|270]|[2|156|45]|[2|157|7]],icon_txt_T3,,564596,icon_lord_3,,133,lord_equip_desc011,lord_equip_name01,6,3,1
1310134,Atlas/UI_PersonalInfo,Atlas/UI_Item,[5104|5950|15104|16370|10103|2065],[[5104|5950]|[15104|16370]|[10103|2065]],[2|154|21000|2|155|270|2|156|45|2|157|7],[[2|154|21000]|[2|155|270]|[2|156|45]|[2|157|7]],icon_txt_T3,,572569,icon_lord_3,,134,lord_equip_desc011,lord_equip_name01,6,3,1
1310135,Atlas/UI_PersonalInfo,Atlas/UI_Item,[5104|6000|15104|16500|10103|2085],[[5104|6000]|[15104|16500]|[10103|2085]],[2|154|21000|2|155|270|2|156|45|2|157|7],[[2|154|21000]|[2|155|270]|[2|156|45]|[2|157|7]],icon_txt_T3,,580543,icon_lord_3,,135,lord_equip_desc011,lord_equip_name01,6,3,1
1310136,Atlas/UI_PersonalInfo,Atlas/UI_Item,[5104|6050|15104|16645|10103|2100],[[5104|6050]|[15104|16645]|[10103|2100]],[2|154|24000|2|155|290|2|156|50|2|157|8],[[2|154|24000]|[2|155|290]|[2|156|50]|[2|157|8]],icon_txt_T4,,591566,icon_lord_3,,136,lord_equip_desc011,lord_equip_name01,6,0,1
1310137,Atlas/UI_PersonalInfo,Atlas/UI_Item,[5104|6105|15104|16785|10103|2120],[[5104|6105]|[15104|16785]|[10103|2120]],[2|154|24000|2|155|290|2|156|50|2|157|8],[[2|154|24000]|[2|155|290]|[2|156|50]|[2|157|8]],icon_txt_T4,,602692,icon_lord_3,,137,lord_equip_desc011,lord_equip_name01,6,1,1
1310138,Atlas/UI_PersonalInfo,Atlas/UI_Item,[5104|6155|15104|16930|10103|2140],[[5104|6155]|[15104|16930]|[10103|2140]],[2|154|24000|2|155|290|2|156|50|2|157|8],[[2|154|24000]|[2|155|290]|[2|156|50]|[2|157|8]],icon_txt_T4,,613921,icon_lord_3,,138,lord_equip_desc011,lord_equip_name01,6,1,1
1310139,Atlas/UI_PersonalInfo,Atlas/UI_Item,[5104|6210|15104|17075|10103|2155],[[5104|6210]|[15104|17075]|[10103|2155]],[2|154|24000|2|155|290|2|156|50|2|157|8],[[2|154|24000]|[2|155|290]|[2|156|50]|[2|157|8]],icon_txt_T4,,625253,icon_lord_3,,139,lord_equip_desc011,lord_equip_name01,6,1,1
1310140,Atlas/UI_PersonalInfo,Atlas/UI_Item,[5104|6260|15104|17220|10103|2175],[[5104|6260]|[15104|17220]|[10103|2175]],[2|154|24000|2|155|290|2|156|50|2|157|8],[[2|154|24000]|[2|155|290]|[2|156|50]|[2|157|8]],icon_txt_T4,,636687,icon_lord_3,,140,lord_equip_desc011,lord_equip_name01,6,1,1
1310141,Atlas/UI_PersonalInfo,Atlas/UI_Item,[5104|6315|15104|17360|10103|2190],[[5104|6315]|[15104|17360]|[10103|2190]],[2|154|24000|2|155|290|2|156|50|2|157|8],[[2|154|24000]|[2|155|290]|[2|156|50]|[2|157|8]],icon_txt_T4,,648225,icon_lord_3,,141,lord_equip_desc011,lord_equip_name01,6,1,1
1310142,Atlas/UI_PersonalInfo,Atlas/UI_Item,[5104|6365|15104|17505|10103|2210],[[5104|6365]|[15104|17505]|[10103|2210]],[2|154|24000|2|155|290|2|156|50|2|157|10],[[2|154|24000]|[2|155|290]|[2|156|50]|[2|157|10]],icon_txt_T4,,659866,icon_lord_3,,142,lord_equip_desc011,lord_equip_name01,6,1,1
1310143,Atlas/UI_PersonalInfo,Atlas/UI_Item,[5104|6420|15104|17650|10103|2230],[[5104|6420]|[15104|17650]|[10103|2230]],[2|154|24000|2|155|290|2|156|50|2|157|10],[[2|154|24000]|[2|155|290]|[2|156|50]|[2|157|10]],icon_txt_T4,,671610,icon_lord_3,,143,lord_equip_desc011,lord_equip_name01,6,1,1
1310144,Atlas/UI_PersonalInfo,Atlas/UI_Item,[5104|6470|15104|17795|10103|2245],[[5104|6470]|[15104|17795]|[10103|2245]],[2|154|24000|2|155|290|2|156|50|2|157|10],[[2|154|24000]|[2|155|290]|[2|156|50]|[2|157|10]],icon_txt_T4,,683457,icon_lord_3,,144,lord_equip_desc011,lord_equip_name01,6,1,1
1310145,Atlas/UI_PersonalInfo,Atlas/UI_Item,[5104|6525|15104|17935|10103|2265],[[5104|6525]|[15104|17935]|[10103|2265]],[2|154|24000|2|155|290|2|156|50|2|157|10],[[2|154|24000]|[2|155|290]|[2|156|50]|[2|157|10]],icon_txt_T4,,695407,icon_lord_3,,145,lord_equip_desc011,lord_equip_name01,6,1,1
1310146,Atlas/UI_PersonalInfo,Atlas/UI_Item,[5104|6575|15104|18080|10103|2285],[[5104|6575]|[15104|18080]|[10103|2285]],[2|154|24000|2|155|290|2|156|50|2|157|10],[[2|154|24000]|[2|155|290]|[2|156|50]|[2|157|10]],icon_txt_T4,,707461,icon_lord_3,,146,lord_equip_desc011,lord_equip_name01,6,1,1
1310147,Atlas/UI_PersonalInfo,Atlas/UI_Item,[5104|6630|15104|18240|10103|2305],[[5104|6630]|[15104|18240]|[10103|2305]],[2|154|30000|2|155|320|2|156|60|2|157|12],[[2|154|30000]|[2|155|320]|[2|156|60]|[2|157|12]],icon_txt_T4,,720149,icon_lord_3,,147,lord_equip_desc011,lord_equip_name01,6,2,1
1310148,Atlas/UI_PersonalInfo,Atlas/UI_Item,[5104|6690|15104|18395|10103|2325],[[5104|6690]|[15104|18395]|[10103|2325]],[2|154|30000|2|155|320|2|156|60|2|157|12],[[2|154|30000]|[2|155|320]|[2|156|60]|[2|157|12]],icon_txt_T4,,732950,icon_lord_3,,148,lord_equip_desc011,lord_equip_name01,6,2,1
1310149,Atlas/UI_PersonalInfo,Atlas/UI_Item,[5104|6745|15104|18555|10103|2345],[[5104|6745]|[15104|18555]|[10103|2345]],[2|154|30000|2|155|320|2|156|60|2|157|12],[[2|154|30000]|[2|155|320]|[2|156|60]|[2|157|12]],icon_txt_T4,,745863,icon_lord_3,,149,lord_equip_desc011,lord_equip_name01,6,2,1
1310150,Atlas/UI_PersonalInfo,Atlas/UI_Item,[5104|6805|15104|18710|10103|2360],[[5104|6805]|[15104|18710]|[10103|2360]],[2|154|30000|2|155|320|2|156|60|2|157|12],[[2|154|30000]|[2|155|320]|[2|156|60]|[2|157|12]],icon_txt_T4,,758890,icon_lord_3,,150,lord_equip_desc011,lord_equip_name01,6,2,1
1310151,Atlas/UI_PersonalInfo,Atlas/UI_Item,[5104|6860|15104|18865|10103|2380],[[5104|6860]|[15104|18865]|[10103|2380]],[2|154|30000|2|155|320|2|156|60|2|157|12],[[2|154|30000]|[2|155|320]|[2|156|60]|[2|157|12]],icon_txt_T4,,772029,icon_lord_3,,151,lord_equip_desc011,lord_equip_name01,6,2,1
1310152,Atlas/UI_PersonalInfo,Atlas/UI_Item,[5104|6920|15104|19025|10103|2400],[[5104|6920]|[15104|19025]|[10103|2400]],[2|154|30000|2|155|320|2|156|60|2|157|14],[[2|154|30000]|[2|155|320]|[2|156|60]|[2|157|14]],icon_txt_T4,,785280,icon_lord_3,,152,lord_equip_desc011,lord_equip_name01,6,2,1
1310153,Atlas/UI_PersonalInfo,Atlas/UI_Item,[5104|6975|15104|19180|10103|2420],[[5104|6975]|[15104|19180]|[10103|2420]],[2|154|30000|2|155|320|2|156|60|2|157|14],[[2|154|30000]|[2|155|320]|[2|156|60]|[2|157|14]],icon_txt_T4,,798645,icon_lord_3,,153,lord_equip_desc011,lord_equip_name01,6,2,1
1310154,Atlas/UI_PersonalInfo,Atlas/UI_Item,[5104|7030|15104|19340|10103|2440],[[5104|7030]|[15104|19340]|[10103|2440]],[2|154|30000|2|155|320|2|156|60|2|157|14],[[2|154|30000]|[2|155|320]|[2|156|60]|[2|157|14]],icon_txt_T4,,812122,icon_lord_3,,154,lord_equip_desc011,lord_equip_name01,6,2,1
1310155,Atlas/UI_PersonalInfo,Atlas/UI_Item,[5104|7090|15104|19495|10103|2460],[[5104|7090]|[15104|19495]|[10103|2460]],[2|154|30000|2|155|320|2|156|60|2|157|14],[[2|154|30000]|[2|155|320]|[2|156|60]|[2|157|14]],icon_txt_T4,,825712,icon_lord_3,,155,lord_equip_desc011,lord_equip_name01,6,2,1
1310156,Atlas/UI_PersonalInfo,Atlas/UI_Item,[5104|7145|15104|19655|10103|2480],[[5104|7145]|[15104|19655]|[10103|2480]],[2|154|30000|2|155|320|2|156|60|2|157|14],[[2|154|30000]|[2|155|320]|[2|156|60]|[2|157|14]],icon_txt_T4,,839414,icon_lord_3,,156,lord_equip_desc011,lord_equip_name01,6,2,1
1310157,Atlas/UI_PersonalInfo,Atlas/UI_Item,[5104|7210|15104|19835|10103|2505],[[5104|7210]|[15104|19835]|[10103|2505]],[2|154|36000|2|155|360|2|156|70|2|157|14],[[2|154|36000]|[2|155|360]|[2|156|70]|[2|157|14]],icon_txt_T4,,854197,icon_lord_3,,157,lord_equip_desc011,lord_equip_name01,6,3,1
1310158,Atlas/UI_PersonalInfo,Atlas/UI_Item,[5104|7275|15104|20015|10103|2525],[[5104|7275]|[15104|20015]|[10103|2525]],[2|154|36000|2|155|360|2|156|70|2|157|16],[[2|154|36000]|[2|155|360]|[2|156|70]|[2|157|16]],icon_txt_T4,,869108,icon_lord_3,,158,lord_equip_desc011,lord_equip_name01,6,3,1
1310159,Atlas/UI_PersonalInfo,Atlas/UI_Item,[5104|7345|15104|20190|10103|2550],[[5104|7345]|[15104|20190]|[10103|2550]],[2|154|36000|2|155|360|2|156|70|2|157|16],[[2|154|36000]|[2|155|360]|[2|156|70]|[2|157|16]],icon_txt_T4,,884148,icon_lord_3,,159,lord_equip_desc011,lord_equip_name01,6,3,1
1310160,Atlas/UI_PersonalInfo,Atlas/UI_Item,[5104|7410|15104|20370|10103|2570],[[5104|7410]|[15104|20370]|[10103|2570]],[2|154|36000|2|155|360|2|156|70|2|157|16],[[2|154|36000]|[2|155|360]|[2|156|70]|[2|157|16]],icon_txt_T4,,899317,icon_lord_3,,160,lord_equip_desc011,lord_equip_name01,6,3,1
1310161,Atlas/UI_PersonalInfo,Atlas/UI_Item,[5104|7475|15104|20550|10103|2595],[[5104|7475]|[15104|20550]|[10103|2595]],[2|154|36000|2|155|360|2|156|70|2|157|16],[[2|154|36000]|[2|155|360]|[2|156|70]|[2|157|16]],icon_txt_T4,,914615,icon_lord_3,,161,lord_equip_desc011,lord_equip_name01,6,3,1
1310162,Atlas/UI_PersonalInfo,Atlas/UI_Item,[5104|7540|15104|20730|10103|2620],[[5104|7540]|[15104|20730]|[10103|2620]],[2|154|36000|2|155|360|2|156|70|2|157|18],[[2|154|36000]|[2|155|360]|[2|156|70]|[2|157|18]],icon_txt_T4,,930041,icon_lord_3,,162,lord_equip_desc011,lord_equip_name01,6,3,1
1310163,Atlas/UI_PersonalInfo,Atlas/UI_Item,[5104|7605|15104|20910|10103|2640],[[5104|7605]|[15104|20910]|[10103|2640]],[2|154|36000|2|155|360|2|156|70|2|157|18],[[2|154|36000]|[2|155|360]|[2|156|70]|[2|157|18]],icon_txt_T4,,945596,icon_lord_3,,163,lord_equip_desc011,lord_equip_name01,6,3,1
1310164,Atlas/UI_PersonalInfo,Atlas/UI_Item,[5104|7670|15104|21090|10103|2665],[[5104|7670]|[15104|21090]|[10103|2665]],[2|154|36000|2|155|360|2|156|70|2|157|18],[[2|154|36000]|[2|155|360]|[2|156|70]|[2|157|18]],icon_txt_T4,,961281,icon_lord_3,,164,lord_equip_desc011,lord_equip_name01,6,3,1
1310165,Atlas/UI_PersonalInfo,Atlas/UI_Item,[5104|7735|15104|21270|10103|2685],[[5104|7735]|[15104|21270]|[10103|2685]],[2|154|36000|2|155|360|2|156|70|2|157|18],[[2|154|36000]|[2|155|360]|[2|156|70]|[2|157|18]],icon_txt_T4,,977093,icon_lord_3,,165,lord_equip_desc011,lord_equip_name01,6,3,1
1310166,Atlas/UI_PersonalInfo,Atlas/UI_Item,[5104|7800|15104|21450|10103|2710],[[5104|7800]|[15104|21450]|[10103|2710]],[2|154|36000|2|155|360|2|156|70|2|157|18],[[2|154|36000]|[2|155|360]|[2|156|70]|[2|157|18]],icon_txt_T4,,993035,icon_lord_3,,166,lord_equip_desc011,lord_equip_name01,6,3,1
1320001,Atlas/UI_PersonalInfo,Atlas/UI_Item,[5103|35|15103|75|10104|70],[[5103|35]|[15103|75]|[10104|70]],[2|154|1500|2|155|20],[[2|154|1500]|[2|155|20]],,,1818,icon_lord_6,,1,lord_equip_desc001,lord_equip_name02,2,0,2
1320002,Atlas/UI_PersonalInfo,Atlas/UI_Item,[5103|75|15103|155|10104|135],[[5103|75]|[15103|155]|[10104|135]],[2|154|3800|2|155|40],[[2|154|3800]|[2|155|40]],,,3897,icon_lord_6,,2,lord_equip_desc001,lord_equip_name02,2,1,2
1320003,Atlas/UI_PersonalInfo,Atlas/UI_Item,[5103|115|15103|240|10104|210],[[5103|115]|[15103|240]|[10104|210]],[2|154|4000|2|155|50],[[2|154|4000]|[2|155|50]],,,5600,icon_lord_6,,3,lord_equip_desc002,lord_equip_name02,3,0,2
1320004,Atlas/UI_PersonalInfo,Atlas/UI_Item,[5103|135|15103|280|10104|250],[[5103|135]|[15103|280]|[10104|250]],[2|154|6400|2|155|60],[[2|154|6400]|[2|155|60]],,,7304,icon_lord_6,,4,lord_equip_desc002,lord_equip_name02,3,1,2
1320005,Atlas/UI_PersonalInfo,Atlas/UI_Item,[5103|155|15103|325|10104|285],[[5103|155]|[15103|325]|[10104|285]],[2|154|6400|2|155|60],[[2|154|6400]|[2|155|60]],,,9008,icon_lord_6,,5,lord_equip_desc002,lord_equip_name02,3,1,2
1320006,Atlas/UI_PersonalInfo,Atlas/UI_Item,[5103|175|15103|365|10104|325],[[5103|175]|[15103|365]|[10104|325]],[2|154|1300|2|155|5|2|156|10],[[2|154|1300]|[2|155|5]|[2|156|10]],,,10712,icon_lord_6,,6,lord_equip_desc002,lord_equip_name02,3,2,2
1320007,Atlas/UI_PersonalInfo,Atlas/UI_Item,[5103|195|15103|410|10104|360],[[5103|195]|[15103|410]|[10104|360]],[2|154|1300|2|155|5|2|156|10],[[2|154|1300]|[2|155|5]|[2|156|10]],,,12416,icon_lord_6,,7,lord_equip_desc002,lord_equip_name02,3,2,2
1320008,Atlas/UI_PersonalInfo,Atlas/UI_Item,[5103|215|15103|455|10104|400],[[5103|215]|[15103|455]|[10104|400]],[2|154|1500|2|155|5|2|156|10],[[2|154|1500]|[2|155|5]|[2|156|10]],,,14120,icon_lord_6,,8,lord_equip_desc002,lord_equip_name02,3,3,2
1320009,Atlas/UI_PersonalInfo,Atlas/UI_Item,[5103|240|15103|495|10104|435],[[5103|240]|[15103|495]|[10104|435]],[2|154|1500|2|155|5|2|156|10],[[2|154|1500]|[2|155|5]|[2|156|10]],,,15824,icon_lord_6,,9,lord_equip_desc002,lord_equip_name02,3,3,2
1320010,Atlas/UI_PersonalInfo,Atlas/UI_Item,[5103|280|15103|590|10104|515],[[5103|280]|[15103|590]|[10104|515]],[2|154|1800|2|155|5|2|156|12],[[2|154|1800]|[2|155|5]|[2|156|12]],,,17597,icon_lord_6,,10,lord_equip_desc003,lord_equip_name02,4,0,2
1320011,Atlas/UI_PersonalInfo,Atlas/UI_Item,[5103|295|15103|620|10104|545],[[5103|295]|[15103|620]|[10104|545]],[2|154|1300|2|155|5|2|156|12],[[2|154|1300]|[2|155|5]|[2|156|12]],,,19370,icon_lord_6,,11,lord_equip_desc003,lord_equip_name02,4,1,2
1320012,Atlas/UI_PersonalInfo,Atlas/UI_Item,[5103|310|15103|650|10104|570],[[5103|310]|[15103|650]|[10104|570]],[2|154|1300|2|155|5|2|156|12],[[2|154|1300]|[2|155|5]|[2|156|12]],,,21143,icon_lord_6,,12,lord_equip_desc003,lord_equip_name02,4,1,2
1320013,Atlas/UI_PersonalInfo,Atlas/UI_Item,[5103|325|15103|680|10104|600],[[5103|325]|[15103|680]|[10104|600]],[2|154|1300|2|155|5|2|156|12],[[2|154|1300]|[2|155|5]|[2|156|12]],,,22916,icon_lord_6,,13,lord_equip_desc003,lord_equip_name02,4,1,2
1320014,Atlas/UI_PersonalInfo,Atlas/UI_Item,[5103|340|15103|710|10104|625],[[5103|340]|[15103|710]|[10104|625]],[2|154|2500|2|155|20|2|156|12],[[2|154|2500]|[2|155|20]|[2|156|12]],,,24690,icon_lord_6,,14,lord_equip_desc003,lord_equip_name02,4,2,2
1320015,Atlas/UI_PersonalInfo,Atlas/UI_Item,[5103|355|15103|745|10104|655],[[5103|355]|[15103|745]|[10104|655]],[2|154|2500|2|155|20|2|156|12],[[2|154|2500]|[2|155|20]|[2|156|12]],,,26463,icon_lord_6,,15,lord_equip_desc003,lord_equip_name02,4,2,2
1320016,Atlas/UI_PersonalInfo,Atlas/UI_Item,[5103|370|15103|775|10104|680],[[5103|370]|[15103|775]|[10104|680]],[2|154|2500|2|155|20|2|156|12],[[2|154|2500]|[2|155|20]|[2|156|12]],,,28236,icon_lord_6,,16,lord_equip_desc003,lord_equip_name02,4,2,2
1320017,Atlas/UI_PersonalInfo,Atlas/UI_Item,[5103|385|15103|805|10104|710],[[5103|385]|[15103|805]|[10104|710]],[2|154|3500|2|155|30|2|156|12],[[2|154|3500]|[2|155|30]|[2|156|12]],,,30009,icon_lord_6,,17,lord_equip_desc003,lord_equip_name02,4,3,2
1320018,Atlas/UI_PersonalInfo,Atlas/UI_Item,[5103|400|15103|835|10104|735],[[5103|400]|[15103|835]|[10104|735]],[2|154|3500|2|155|30|2|156|12],[[2|154|3500]|[2|155|30]|[2|156|12]],,,31782,icon_lord_6,,18,lord_equip_desc003,lord_equip_name02,4,3,2
1320019,Atlas/UI_PersonalInfo,Atlas/UI_Item,[5103|415|15103|865|10104|760],[[5103|415]|[15103|865]|[10104|760]],[2|154|3500|2|155|30|2|156|12],[[2|154|3500]|[2|155|30]|[2|156|12]],,,33556,icon_lord_6,,19,lord_equip_desc003,lord_equip_name02,4,3,2
1320020,Atlas/UI_PersonalInfo,Atlas/UI_Item,[5103|465|15103|970|10104|855],[[5103|465]|[15103|970]|[10104|855]],[2|154|3300|2|155|30|2|156|15],[[2|154|3300]|[2|155|30]|[2|156|15]],icon_txt_T1,,35469,icon_lord_6,,20,lord_equip_desc006,lord_equip_name02,5,0,2
1320021,Atlas/UI_PersonalInfo,Atlas/UI_Item,[5103|480|15103|995|10104|875],[[5103|480]|[15103|995]|[10104|875]],[2|154|3900|2|155|30|2|156|15],[[2|154|3900]|[2|155|30]|[2|156|15]],icon_txt_T1,,37382,icon_lord_6,,21,lord_equip_desc006,lord_equip_name02,5,1,2
1320022,Atlas/UI_PersonalInfo,Atlas/UI_Item,[5103|490|15103|1025|10104|900],[[5103|490]|[15103|1025]|[10104|900]],[2|154|3900|2|155|30|2|156|15],[[2|154|3900]|[2|155|30]|[2|156|15]],icon_txt_T1,,39295,icon_lord_6,,22,lord_equip_desc006,lord_equip_name02,5,1,2
1320023,Atlas/UI_PersonalInfo,Atlas/UI_Item,[5103|505|15103|1050|10104|925],[[5103|505]|[15103|1050]|[10104|925]],[2|154|4400|2|155|30|2|156|15],[[2|154|4400]|[2|155|30]|[2|156|15]],icon_txt_T1,,41208,icon_lord_6,,23,lord_equip_desc006,lord_equip_name02,5,1,2
1320024,Atlas/UI_PersonalInfo,Atlas/UI_Item,[5103|515|15103|1075|10104|945],[[5103|515]|[15103|1075]|[10104|945]],[2|154|4400|2|155|30|2|156|15],[[2|154|4400]|[2|155|30]|[2|156|15]],icon_txt_T1,,43121,icon_lord_6,,24,lord_equip_desc006,lord_equip_name02,5,1,2
1320025,Atlas/UI_PersonalInfo,Atlas/UI_Item,[5103|530|15103|1100|10104|970],[[5103|530]|[15103|1100]|[10104|970]],[2|154|4900|2|155|35|2|156|15],[[2|154|4900]|[2|155|35]|[2|156|15]],icon_txt_T1,,45034,icon_lord_6,,25,lord_equip_desc006,lord_equip_name02,5,2,2
1320026,Atlas/UI_PersonalInfo,Atlas/UI_Item,[5103|540|15103|1125|10104|990],[[5103|540]|[15103|1125]|[10104|990]],[2|154|4900|2|155|35|2|156|15],[[2|154|4900]|[2|155|35]|[2|156|15]],icon_txt_T1,,46948,icon_lord_6,,26,lord_equip_desc006,lord_equip_name02,5,2,2
1320027,Atlas/UI_PersonalInfo,Atlas/UI_Item,[5103|555|15103|1155|10104|1015],[[5103|555]|[15103|1155]|[10104|1015]],[2|154|4900|2|155|35|2|156|15],[[2|154|4900]|[2|155|35]|[2|156|15]],icon_txt_T1,,48861,icon_lord_6,,27,lord_equip_desc006,lord_equip_name02,5,2,2
1320028,Atlas/UI_PersonalInfo,Atlas/UI_Item,[5103|565|15103|1180|10104|1040],[[5103|565]|[15103|1180]|[10104|1040]],[2|154|4900|2|155|35|2|156|15],[[2|154|4900]|[2|155|35]|[2|156|15]],icon_txt_T1,,50774,icon_lord_6,,28,lord_equip_desc006,lord_equip_name02,5,2,2
1320029,Atlas/UI_PersonalInfo,Atlas/UI_Item,[5103|580|15103|1205|10104|1060],[[5103|580]|[15103|1205]|[10104|1060]],[2|154|5400|2|155|45|2|156|20],[[2|154|5400]|[2|155|45]|[2|156|20]],icon_txt_T1,,52687,icon_lord_6,,29,lord_equip_desc006,lord_equip_name02,5,3,2
1320030,Atlas/UI_PersonalInfo,Atlas/UI_Item,[5103|590|15103|1230|10104|1085],[[5103|590]|[15103|1230]|[10104|1085]],[2|154|5400|2|155|45|2|156|20],[[2|154|5400]|[2|155|45]|[2|156|20]],icon_txt_T1,,54600,icon_lord_6,,30,lord_equip_desc006,lord_equip_name02,5,3,2
1320031,Atlas/UI_PersonalInfo,Atlas/UI_Item,[5103|605|15103|1260|10104|1105],[[5103|605]|[15103|1260]|[10104|1105]],[2|154|5400|2|155|45|2|156|20],[[2|154|5400]|[2|155|45]|[2|156|20]],icon_txt_T1,,56513,icon_lord_6,,31,lord_equip_desc006,lord_equip_name02,5,3,2
1320032,Atlas/UI_PersonalInfo,Atlas/UI_Item,[5103|615|15103|1285|10104|1130],[[5103|615]|[15103|1285]|[10104|1130]],[2|154|5400|2|155|45|2|156|20],[[2|154|5400]|[2|155|45]|[2|156|20]],icon_txt_T1,,58427,icon_lord_6,,32,lord_equip_desc006,lord_equip_name02,5,3,2
1320033,Atlas/UI_PersonalInfo,Atlas/UI_Item,[5103|675|15103|1405|10104|1235],[[5103|675]|[15103|1405]|[10104|1235]],[2|154|5500|2|155|50|2|156|20],[[2|154|5500]|[2|155|50]|[2|156|20]],icon_txt_T2,,61024,icon_lord_6,,33,lord_equip_desc007,lord_equip_name02,5,0,2
1320034,Atlas/UI_PersonalInfo,Atlas/UI_Item,[5103|690|15103|1435|10104|1260],[[5103|690]|[15103|1435]|[10104|1260]],[2|154|7300|2|155|75|2|156|20],[[2|154|7300]|[2|155|75]|[2|156|20]],icon_txt_T2,,63621,icon_lord_6,,34,lord_equip_desc007,lord_equip_name02,5,1,2
1320035,Atlas/UI_PersonalInfo,Atlas/UI_Item,[5103|705|15103|1465|10104|1290],[[5103|705]|[15103|1465]|[10104|1290]],[2|154|7300|2|155|75|2|156|20],[[2|154|7300]|[2|155|75]|[2|156|20]],icon_txt_T2,,66218,icon_lord_6,,35,lord_equip_desc007,lord_equip_name02,5,1,2
1320036,Atlas/UI_PersonalInfo,Atlas/UI_Item,[5103|715|15103|1495|10104|1315],[[5103|715]|[15103|1495]|[10104|1315]],[2|154|7300|2|155|75|2|156|20],[[2|154|7300]|[2|155|75]|[2|156|20]],icon_txt_T2,,68815,icon_lord_6,,36,lord_equip_desc007,lord_equip_name02,5,1,2
1320037,Atlas/UI_PersonalInfo,Atlas/UI_Item,[5103|730|15103|1525|10104|1340],[[5103|730]|[15103|1525]|[10104|1340]],[2|154|7300|2|155|75|2|156|20],[[2|154|7300]|[2|155|75]|[2|156|20]],icon_txt_T2,,71412,icon_lord_6,,37,lord_equip_desc007,lord_equip_name02,5,1,2
1320038,Atlas/UI_PersonalInfo,Atlas/UI_Item,[5103|745|15103|1555|10104|1365],[[5103|745]|[15103|1555]|[10104|1365]],[2|154|7800|2|155|75|2|156|20],[[2|154|7800]|[2|155|75]|[2|156|20]],icon_txt_T2,,74009,icon_lord_6,,38,lord_equip_desc007,lord_equip_name02,5,2,2
1320039,Atlas/UI_PersonalInfo,Atlas/UI_Item,[5103|760|15103|1585|10104|1395],[[5103|760]|[15103|1585]|[10104|1395]],[2|154|7800|2|155|75|2|156|20],[[2|154|7800]|[2|155|75]|[2|156|20]],icon_txt_T2,,76606,icon_lord_6,,39,lord_equip_desc007,lord_equip_name02,5,2,2
1320040,Atlas/UI_PersonalInfo,Atlas/UI_Item,[5103|775|15103|1615|10104|1420],[[5103|775]|[15103|1615]|[10104|1420]],[2|154|7800|2|155|75|2|156|20],[[2|154|7800]|[2|155|75]|[2|156|20]],icon_txt_T2,,79203,icon_lord_6,,40,lord_equip_desc007,lord_equip_name02,5,2,2
1320041,Atlas/UI_PersonalInfo,Atlas/UI_Item,[5103|790|15103|1645|10104|1445],[[5103|790]|[15103|1645]|[10104|1445]],[2|154|7800|2|155|75|2|156|20],[[2|154|7800]|[2|155|75]|[2|156|20]],icon_txt_T2,,81800,icon_lord_6,,41,lord_equip_desc007,lord_equip_name02,5,2,2
1320042,Atlas/UI_PersonalInfo,Atlas/UI_Item,[5103|805|15103|1675|10104|1475],[[5103|805]|[15103|1675]|[10104|1475]],[2|154|8100|2|155|85|2|156|20],[[2|154|8100]|[2|155|85]|[2|156|20]],icon_txt_T2,,84397,icon_lord_6,,42,lord_equip_desc007,lord_equip_name02,5,3,2
1320043,Atlas/UI_PersonalInfo,Atlas/UI_Item,[5103|820|15103|1705|10104|1500],[[5103|820]|[15103|1705]|[10104|1500]],[2|154|8100|2|155|85|2|156|20],[[2|154|8100]|[2|155|85]|[2|156|20]],icon_txt_T2,,86994,icon_lord_6,,43,lord_equip_desc007,lord_equip_name02,5,3,2
1320044,Atlas/UI_PersonalInfo,Atlas/UI_Item,[5103|830|15103|1735|10104|1525],[[5103|830]|[15103|1735]|[10104|1525]],[2|154|8100|2|155|85|2|156|20],[[2|154|8100]|[2|155|85]|[2|156|20]],icon_txt_T2,,89591,icon_lord_6,,44,lord_equip_desc007,lord_equip_name02,5,3,2
1320045,Atlas/UI_PersonalInfo,Atlas/UI_Item,[5103|845|15103|1765|10104|1550],[[5103|845]|[15103|1765]|[10104|1550]],[2|154|8100|2|155|85|2|156|20],[[2|154|8100]|[2|155|85]|[2|156|20]],icon_txt_T2,,92188,icon_lord_6,,45,lord_equip_desc007,lord_equip_name02,5,3,2
1320046,Atlas/UI_PersonalInfo,Atlas/UI_Item,[5103|910|15103|1900|10104|1670],[[5103|910]|[15103|1900]|[10104|1670]],[2|154|8500|2|155|85|2|156|20],[[2|154|8500]|[2|155|85]|[2|156|20]],icon_txt_T3,,95565,icon_lord_6,,46,lord_equip_desc0061,lord_equip_name02,5,0,2
1320047,Atlas/UI_PersonalInfo,Atlas/UI_Item,[5103|930|15103|1935|10104|1700],[[5103|930]|[15103|1935]|[10104|1700]],[2|154|9000|2|155|95|2|156|20],[[2|154|9000]|[2|155|95]|[2|156|20]],icon_txt_T3,,98942,icon_lord_6,,47,lord_equip_desc0061,lord_equip_name02,5,1,2
1320048,Atlas/UI_PersonalInfo,Atlas/UI_Item,[5103|945|15103|1965|10104|1730],[[5103|945]|[15103|1965]|[10104|1730]],[2|154|9000|2|155|95|2|156|20],[[2|154|9000]|[2|155|95]|[2|156|20]],icon_txt_T3,,102320,icon_lord_6,,48,lord_equip_desc0061,lord_equip_name02,5,1,2
1320049,Atlas/UI_PersonalInfo,Atlas/UI_Item,[5103|960|15103|2000|10104|1760],[[5103|960]|[15103|2000]|[10104|1760]],[2|154|9000|2|155|95|2|156|20],[[2|154|9000]|[2|155|95]|[2|156|20]],icon_txt_T3,,105697,icon_lord_6,,49,lord_equip_desc0061,lord_equip_name02,5,1,2
1320050,Atlas/UI_PersonalInfo,Atlas/UI_Item,[5103|975|15103|2035|10104|1790],[[5103|975]|[15103|2035]|[10104|1790]],[2|154|9000|2|155|95|2|156|20],[[2|154|9000]|[2|155|95]|[2|156|20]],icon_txt_T3,,109075,icon_lord_6,,50,lord_equip_desc0061,lord_equip_name02,5,1,2
1320051,Atlas/UI_PersonalInfo,Atlas/UI_Item,[5103|995|15103|2070|10104|1820],[[5103|995]|[15103|2070]|[10104|1820]],[2|154|9500|2|155|95|2|156|20],[[2|154|9500]|[2|155|95]|[2|156|20]],icon_txt_T3,,112452,icon_lord_6,,51,lord_equip_desc0061,lord_equip_name02,5,2,2
1320052,Atlas/UI_PersonalInfo,Atlas/UI_Item,[5103|1010|15103|2100|10104|1850],[[5103|1010]|[15103|2100]|[10104|1850]],[2|154|9500|2|155|95|2|156|20],[[2|154|9500]|[2|155|95]|[2|156|20]],icon_txt_T3,,115830,icon_lord_6,,52,lord_equip_desc0061,lord_equip_name02,5,2,2
1320053,Atlas/UI_PersonalInfo,Atlas/UI_Item,[5103|1025|15103|2135|10104|1880],[[5103|1025]|[15103|2135]|[10104|1880]],[2|154|9500|2|155|95|2|156|20],[[2|154|9500]|[2|155|95]|[2|156|20]],icon_txt_T3,,119207,icon_lord_6,,53,lord_equip_desc0061,lord_equip_name02,5,2,2
1320054,Atlas/UI_PersonalInfo,Atlas/UI_Item,[5103|1040|15103|2170|10104|1910],[[5103|1040]|[15103|2170]|[10104|1910]],[2|154|9500|2|155|95|2|156|20],[[2|154|9500]|[2|155|95]|[2|156|20]],icon_txt_T3,,122585,icon_lord_6,,54,lord_equip_desc0061,lord_equip_name02,5,2,2
1320055,Atlas/UI_PersonalInfo,Atlas/UI_Item,[5103|1060|15103|2205|10104|1940],[[5103|1060]|[15103|2205]|[10104|1940]],[2|154|10000|2|155|95|2|156|20],[[2|154|10000]|[2|155|95]|[2|156|20]],icon_txt_T3,,125962,icon_lord_6,,55,lord_equip_desc0061,lord_equip_name02,5,3,2
1320056,Atlas/UI_PersonalInfo,Atlas/UI_Item,[5103|1075|15103|2235|10104|1970],[[5103|1075]|[15103|2235]|[10104|1970]],[2|154|10000|2|155|95|2|156|20],[[2|154|10000]|[2|155|95]|[2|156|20]],icon_txt_T3,,129340,icon_lord_6,,56,lord_equip_desc0061,lord_equip_name02,5,3,2
1320057,Atlas/UI_PersonalInfo,Atlas/UI_Item,[5103|1090|15103|2270|10104|2000],[[5103|1090]|[15103|2270]|[10104|2000]],[2|154|10000|2|155|95|2|156|20],[[2|154|10000]|[2|155|95]|[2|156|20]],icon_txt_T3,,132717,icon_lord_6,,57,lord_equip_desc0061,lord_equip_name02,5,3,2
1320058,Atlas/UI_PersonalInfo,Atlas/UI_Item,[5103|1105|15103|2305|10104|2030],[[5103|1105]|[15103|2305]|[10104|2030]],[2|154|10000|2|155|95|2|156|20],[[2|154|10000]|[2|155|95]|[2|156|20]],icon_txt_T3,,136095,icon_lord_6,,58,lord_equip_desc0061,lord_equip_name02,5,3,2
1320059,Atlas/UI_PersonalInfo,Atlas/UI_Item,[5103|1180|15103|2460|10104|2165],[[5103|1180]|[15103|2460]|[10104|2165]],[2|154|10000|2|155|90|2|156|20],[[2|154|10000]|[2|155|90]|[2|156|20]],icon_txt_T4,,140427,icon_lord_6,,59,lord_equip_desc0071,lord_equip_name02,5,0,2
1320060,Atlas/UI_PersonalInfo,Atlas/UI_Item,[5103|1200|15103|2500|10104|2200],[[5103|1200]|[15103|2500]|[10104|2200]],[2|154|13000|2|155|130|2|156|22],[[2|154|13000]|[2|155|130]|[2|156|22]],icon_txt_T4,,144760,icon_lord_6,,60,lord_equip_desc0071,lord_equip_name02,5,1,2
1320061,Atlas/UI_PersonalInfo,Atlas/UI_Item,[5103|1220|15103|2535|10104|2235],[[5103|1220]|[15103|2535]|[10104|2235]],[2|154|13000|2|155|130|2|156|22],[[2|154|13000]|[2|155|130]|[2|156|22]],icon_txt_T4,,149093,icon_lord_6,,61,lord_equip_desc0071,lord_equip_name02,5,1,2
1320062,Atlas/UI_PersonalInfo,Atlas/UI_Item,[5103|1235|15103|2575|10104|2265],[[5103|1235]|[15103|2575]|[10104|2265]],[2|154|13000|2|155|130|2|156|22],[[2|154|13000]|[2|155|130]|[2|156|22]],icon_txt_T4,,153426,icon_lord_6,,62,lord_equip_desc0071,lord_equip_name02,5,1,2
1320063,Atlas/UI_PersonalInfo,Atlas/UI_Item,[5103|1255|15103|2615|10104|2300],[[5103|1255]|[15103|2615]|[10104|2300]],[2|154|13000|2|155|130|2|156|22],[[2|154|13000]|[2|155|130]|[2|156|22]],icon_txt_T4,,157759,icon_lord_6,,63,lord_equip_desc0071,lord_equip_name02,5,1,2
1320064,Atlas/UI_PersonalInfo,Atlas/UI_Item,[5103|1275|15103|2655|10104|2335],[[5103|1275]|[15103|2655]|[10104|2335]],[2|154|13000|2|155|140|2|156|23],[[2|154|13000]|[2|155|140]|[2|156|23]],icon_txt_T4,,162092,icon_lord_6,,64,lord_equip_desc0071,lord_equip_name02,5,2,2
1320065,Atlas/UI_PersonalInfo,Atlas/UI_Item,[5103|1290|15103|2690|10104|2370],[[5103|1290]|[15103|2690]|[10104|2370]],[2|154|13000|2|155|140|2|156|23],[[2|154|13000]|[2|155|140]|[2|156|23]],icon_txt_T4,,166424,icon_lord_6,,65,lord_equip_desc0071,lord_equip_name02,5,2,2
1320066,Atlas/UI_PersonalInfo,Atlas/UI_Item,[5103|1310|15103|2730|10104|2405],[[5103|1310]|[15103|2730]|[10104|2405]],[2|154|13000|2|155|140|2|156|23],[[2|154|13000]|[2|155|140]|[2|156|23]],icon_txt_T4,,170757,icon_lord_6,,66,lord_equip_desc0071,lord_equip_name02,5,2,2
1320067,Atlas/UI_PersonalInfo,Atlas/UI_Item,[5103|1330|15103|2770|10104|2435],[[5103|1330]|[15103|2770]|[10104|2435]],[2|154|13000|2|155|140|2|156|23],[[2|154|13000]|[2|155|140]|[2|156|23]],icon_txt_T4,,175090,icon_lord_6,,67,lord_equip_desc0071,lord_equip_name02,5,2,2
1320068,Atlas/UI_PersonalInfo,Atlas/UI_Item,[5103|1350|15103|2810|10104|2470],[[5103|1350]|[15103|2810]|[10104|2470]],[2|154|14000|2|155|150|2|156|25],[[2|154|14000]|[2|155|150]|[2|156|25]],icon_txt_T4,,179423,icon_lord_6,,68,lord_equip_desc0071,lord_equip_name02,5,3,2
1320069,Atlas/UI_PersonalInfo,Atlas/UI_Item,[5103|1365|15103|2845|10104|2505],[[5103|1365]|[15103|2845]|[10104|2505]],[2|154|14000|2|155|150|2|156|25],[[2|154|14000]|[2|155|150]|[2|156|25]],icon_txt_T4,,183756,icon_lord_6,,69,lord_equip_desc0071,lord_equip_name02,5,3,2
1320070,Atlas/UI_PersonalInfo,Atlas/UI_Item,[5103|1385|15103|2885|10104|2540],[[5103|1385]|[15103|2885]|[10104|2540]],[2|154|14000|2|155|150|2|156|25],[[2|154|14000]|[2|155|150]|[2|156|25]],icon_txt_T4,,188089,icon_lord_6,,70,lord_equip_desc0071,lord_equip_name02,5,3,2
1320071,Atlas/UI_PersonalInfo,Atlas/UI_Item,[5103|1405|15103|2925|10104|2575],[[5103|1405]|[15103|2925]|[10104|2575]],[2|154|14000|2|155|150|2|156|25],[[2|154|14000]|[2|155|150]|[2|156|25]],icon_txt_T4,,192422,icon_lord_6,,71,lord_equip_desc0071,lord_equip_name02,5,3,2
1320072,Atlas/UI_PersonalInfo,Atlas/UI_Item,[5103|1485|15103|3100|10104|2725],[[5103|1485]|[15103|3100]|[10104|2725]],[2|154|15000|2|155|140|2|156|20|2|157|2],[[2|154|15000]|[2|155|140]|[2|156|20]|[2|157|2]],,,196817,icon_lord_6,,72,lord_equip_desc008,lord_equip_name02,6,0,2
1320073,Atlas/UI_PersonalInfo,Atlas/UI_Item,[5103|1505|15103|3135|10104|2755],[[5103|1505]|[15103|3135]|[10104|2755]],[2|154|13000|2|155|140|2|156|20|2|157|2],[[2|154|13000]|[2|155|140]|[2|156|20]|[2|157|2]],,,201212,icon_lord_6,,73,lord_equip_desc008,lord_equip_name02,6,1,2
1320074,Atlas/UI_PersonalInfo,Atlas/UI_Item,[5103|1520|15103|3170|10104|2785],[[5103|1520]|[15103|3170]|[10104|2785]],[2|154|13000|2|155|140|2|156|20|2|157|2],[[2|154|13000]|[2|155|140]|[2|156|20]|[2|157|2]],,,205607,icon_lord_6,,74,lord_equip_desc008,lord_equip_name02,6,1,2
1320075,Atlas/UI_PersonalInfo,Atlas/UI_Item,[5103|1535|15103|3200|10104|2820],[[5103|1535]|[15103|3200]|[10104|2820]],[2|154|13000|2|155|140|2|156|20|2|157|2],[[2|154|13000]|[2|155|140]|[2|156|20]|[2|157|2]],,,210002,icon_lord_6,,75,lord_equip_desc008,lord_equip_name02,6,1,2
1320076,Atlas/UI_PersonalInfo,Atlas/UI_Item,[5103|1555|15103|3235|10104|2850],[[5103|1555]|[15103|3235]|[10104|2850]],[2|154|13000|2|155|140|2|156|20|2|157|2],[[2|154|13000]|[2|155|140]|[2|156|20]|[2|157|2]],,,214397,icon_lord_6,,76,lord_equip_desc008,lord_equip_name02,6,1,2
1320077,Atlas/UI_PersonalInfo,Atlas/UI_Item,[5103|1570|15103|3270|10104|2880],[[5103|1570]|[15103|3270]|[10104|2880]],[2|154|13000|2|155|140|2|156|20|2|157|2],[[2|154|13000]|[2|155|140]|[2|156|20]|[2|157|2]],,,218792,icon_lord_6,,77,lord_equip_desc008,lord_equip_name02,6,1,2
1320078,Atlas/UI_PersonalInfo,Atlas/UI_Item,[5103|1585|15103|3305|10104|2910],[[5103|1585]|[15103|3305]|[10104|2910]],[2|154|13500|2|155|160|2|156|25|2|157|2],[[2|154|13500]|[2|155|160]|[2|156|25]|[2|157|2]],,,223187,icon_lord_6,,78,lord_equip_desc008,lord_equip_name02,6,2,2
1320079,Atlas/UI_PersonalInfo,Atlas/UI_Item,[5103|1605|15103|3340|10104|2940],[[5103|1605]|[15103|3340]|[10104|2940]],[2|154|13500|2|155|160|2|156|25|2|157|2],[[2|154|13500]|[2|155|160]|[2|156|25]|[2|157|2]],,,227582,icon_lord_6,,79,lord_equip_desc008,lord_equip_name02,6,2,2
1320080,Atlas/UI_PersonalInfo,Atlas/UI_Item,[5103|1620|15103|3375|10104|2970],[[5103|1620]|[15103|3375]|[10104|2970]],[2|154|13500|2|155|160|2|156|25|2|157|2],[[2|154|13500]|[2|155|160]|[2|156|25]|[2|157|2]],,,231977,icon_lord_6,,80,lord_equip_desc008,lord_equip_name02,6,2,2
1320081,Atlas/UI_PersonalInfo,Atlas/UI_Item,[5103|1635|15103|3410|10104|3000],[[5103|1635]|[15103|3410]|[10104|3000]],[2|154|13500|2|155|160|2|156|25|2|157|2],[[2|154|13500]|[2|155|160]|[2|156|25]|[2|157|2]],,,236372,icon_lord_6,,81,lord_equip_desc008,lord_equip_name02,6,2,2
1320082,Atlas/UI_PersonalInfo,Atlas/UI_Item,[5103|1655|15103|3445|10104|3030],[[5103|1655]|[15103|3445]|[10104|3030]],[2|154|13500|2|155|160|2|156|25|2|157|2],[[2|154|13500]|[2|155|160]|[2|156|25]|[2|157|2]],,,240767,icon_lord_6,,82,lord_equip_desc008,lord_equip_name02,6,2,2
1320083,Atlas/UI_PersonalInfo,Atlas/UI_Item,[5103|1670|15103|3480|10104|3065],[[5103|1670]|[15103|3480]|[10104|3065]],[2|154|14000|2|155|160|2|156|25|2|157|4],[[2|154|14000]|[2|155|160]|[2|156|25]|[2|157|4]],,,245162,icon_lord_6,,83,lord_equip_desc008,lord_equip_name02,6,3,2
1320084,Atlas/UI_PersonalInfo,Atlas/UI_Item,[5103|1685|15103|3515|10104|3095],[[5103|1685]|[15103|3515]|[10104|3095]],[2|154|14000|2|155|160|2|156|25|2|157|4],[[2|154|14000]|[2|155|160]|[2|156|25]|[2|157|4]],,,249557,icon_lord_6,,84,lord_equip_desc008,lord_equip_name02,6,3,2
1320085,Atlas/UI_PersonalInfo,Atlas/UI_Item,[5103|1705|15103|3550|10104|3125],[[5103|1705]|[15103|3550]|[10104|3125]],[2|154|14000|2|155|160|2|156|25|2|157|4],[[2|154|14000]|[2|155|160]|[2|156|25]|[2|157|4]],,,253952,icon_lord_6,,85,lord_equip_desc008,lord_equip_name02,6,3,2
1320086,Atlas/UI_PersonalInfo,Atlas/UI_Item,[5103|1720|15103|3585|10104|3155],[[5103|1720]|[15103|3585]|[10104|3155]],[2|154|14000|2|155|160|2|156|25|2|157|4],[[2|154|14000]|[2|155|160]|[2|156|25]|[2|157|4]],,,258347,icon_lord_6,,86,lord_equip_desc008,lord_equip_name02,6,3,2
1320087,Atlas/UI_PersonalInfo,Atlas/UI_Item,[5103|1740|15103|3620|10104|3185],[[5103|1740]|[15103|3620]|[10104|3185]],[2|154|14000|2|155|160|2|156|25|2|157|4],[[2|154|14000]|[2|155|160]|[2|156|25]|[2|157|4]],,,262742,icon_lord_6,,87,lord_equip_desc008,lord_equip_name02,6,3,2
1320088,Atlas/UI_PersonalInfo,Atlas/UI_Item,[5103|1830|15103|3815|10104|3355],[[5103|1830]|[15103|3815]|[10104|3355]],[2|154|15000|2|155|180|2|156|25|2|157|4],[[2|154|15000]|[2|155|180]|[2|156|25]|[2|157|4]],icon_txt_T1,,268109,icon_lord_6,,88,lord_equip_desc009,lord_equip_name02,6,0,2
1320089,Atlas/UI_PersonalInfo,Atlas/UI_Item,[5103|1850|15103|3850|10104|3390],[[5103|1850]|[15103|3850]|[10104|3390]],[2|154|14000|2|155|160|2|156|28|2|157|3],[[2|154|14000]|[2|155|160]|[2|156|28]|[2|157|3]],icon_txt_T1,,273477,icon_lord_6,,89,lord_equip_desc009,lord_equip_name02,6,1,2
1320090,Atlas/UI_PersonalInfo,Atlas/UI_Item,[5103|1870|15103|3890|10104|3425],[[5103|1870]|[15103|3890]|[10104|3425]],[2|154|14000|2|155|160|2|156|28|2|157|3],[[2|154|14000]|[2|155|160]|[2|156|28]|[2|157|3]],icon_txt_T1,,278844,icon_lord_6,,90,lord_equip_desc009,lord_equip_name02,6,1,2
1320091,Atlas/UI_PersonalInfo,Atlas/UI_Item,[5103|1885|15103|3930|10104|3460],[[5103|1885]|[15103|3930]|[10104|3460]],[2|154|14000|2|155|160|2|156|28|2|157|3],[[2|154|14000]|[2|155|160]|[2|156|28]|[2|157|3]],icon_txt_T1,,284212,icon_lord_6,,91,lord_equip_desc009,lord_equip_name02,6,1,2
1320092,Atlas/UI_PersonalInfo,Atlas/UI_Item,[5103|1905|15103|3970|10104|3490],[[5103|1905]|[15103|3970]|[10104|3490]],[2|154|14000|2|155|160|2|156|28|2|157|3],[[2|154|14000]|[2|155|160]|[2|156|28]|[2|157|3]],icon_txt_T1,,289580,icon_lord_6,,92,lord_equip_desc009,lord_equip_name02,6,1,2
1320093,Atlas/UI_PersonalInfo,Atlas/UI_Item,[5103|1925|15103|4005|10104|3525],[[5103|1925]|[15103|4005]|[10104|3525]],[2|154|14000|2|155|160|2|156|28|2|157|3],[[2|154|14000]|[2|155|160]|[2|156|28]|[2|157|3]],icon_txt_T1,,294947,icon_lord_6,,93,lord_equip_desc009,lord_equip_name02,6,1,2
1320094,Atlas/UI_PersonalInfo,Atlas/UI_Item,[5103|1940|15103|4045|10104|3560],[[5103|1940]|[15103|4045]|[10104|3560]],[2|154|15000|2|155|170|2|156|30|2|157|4],[[2|154|15000]|[2|155|170]|[2|156|30]|[2|157|4]],icon_txt_T1,,300315,icon_lord_6,,94,lord_equip_desc009,lord_equip_name02,6,2,2
1320095,Atlas/UI_PersonalInfo,Atlas/UI_Item,[5103|1960|15103|4085|10104|3595],[[5103|1960]|[15103|4085]|[10104|3595]],[2|154|15000|2|155|170|2|156|30|2|157|4],[[2|154|15000]|[2|155|170]|[2|156|30]|[2|157|4]],icon_txt_T1,,305683,icon_lord_6,,95,lord_equip_desc009,lord_equip_name02,6,2,2
1320096,Atlas/UI_PersonalInfo,Atlas/UI_Item,[5103|1980|15103|4125|10104|3630],[[5103|1980]|[15103|4125]|[10104|3630]],[2|154|15000|2|155|170|2|156|30|2|157|4],[[2|154|15000]|[2|155|170]|[2|156|30]|[2|157|4]],icon_txt_T1,,311050,icon_lord_6,,96,lord_equip_desc009,lord_equip_name02,6,2,2
1320097,Atlas/UI_PersonalInfo,Atlas/UI_Item,[5103|2000|15103|4160|10104|3660],[[5103|2000]|[15103|4160]|[10104|3660]],[2|154|15000|2|155|170|2|156|30|2|157|4],[[2|154|15000]|[2|155|170]|[2|156|30]|[2|157|4]],icon_txt_T1,,316418,icon_lord_6,,97,lord_equip_desc009,lord_equip_name02,6,2,2
1320098,Atlas/UI_PersonalInfo,Atlas/UI_Item,[5103|2015|15103|4200|10104|3695],[[5103|2015]|[15103|4200]|[10104|3695]],[2|154|15000|2|155|170|2|156|30|2|157|4],[[2|154|15000]|[2|155|170]|[2|156|30]|[2|157|4]],icon_txt_T1,,321785,icon_lord_6,,98,lord_equip_desc009,lord_equip_name02,6,2,2
1320099,Atlas/UI_PersonalInfo,Atlas/UI_Item,[5103|2035|15103|4240|10104|3730],[[5103|2035]|[15103|4240]|[10104|3730]],[2|154|16500|2|155|175|2|156|30|2|157|4],[[2|154|16500]|[2|155|175]|[2|156|30]|[2|157|4]],icon_txt_T1,,327153,icon_lord_6,,99,lord_equip_desc009,lord_equip_name02,6,3,2
1320100,Atlas/UI_PersonalInfo,Atlas/UI_Item,[5103|2055|15103|4280|10104|3765],[[5103|2055]|[15103|4280]|[10104|3765]],[2|154|16500|2|155|175|2|156|30|2|157|4],[[2|154|16500]|[2|155|175]|[2|156|30]|[2|157|4]],icon_txt_T1,,332521,icon_lord_6,,100,lord_equip_desc009,lord_equip_name02,6,3,2
1320101,Atlas/UI_PersonalInfo,Atlas/UI_Item,[5103|2070|15103|4315|10104|3800],[[5103|2070]|[15103|4315]|[10104|3800]],[2|154|16500|2|155|175|2|156|30|2|157|4],[[2|154|16500]|[2|155|175]|[2|156|30]|[2|157|4]],icon_txt_T1,,337888,icon_lord_6,,101,lord_equip_desc009,lord_equip_name02,6,3,2
1320102,Atlas/UI_PersonalInfo,Atlas/UI_Item,[5103|2090|15103|4355|10104|3830],[[5103|2090]|[15103|4355]|[10104|3830]],[2|154|16500|2|155|175|2|156|30|2|157|4],[[2|154|16500]|[2|155|175]|[2|156|30]|[2|157|4]],icon_txt_T1,,343256,icon_lord_6,,102,lord_equip_desc009,lord_equip_name02,6,3,2
1320103,Atlas/UI_PersonalInfo,Atlas/UI_Item,[5103|2110|15103|4395|10104|3865],[[5103|2110]|[15103|4395]|[10104|3865]],[2|154|16500|2|155|175|2|156|30|2|157|4],[[2|154|16500]|[2|155|175]|[2|156|30]|[2|157|4]],icon_txt_T1,,348624,icon_lord_6,,103,lord_equip_desc009,lord_equip_name02,6,3,2
1320104,Atlas/UI_PersonalInfo,Atlas/UI_Item,[5103|2215|15103|4610|10104|4055],[[5103|2215]|[15103|4610]|[10104|4055]],[2|154|18000|2|155|190|2|156|30|2|157|4],[[2|154|18000]|[2|155|190]|[2|156|30]|[2|157|4]],icon_txt_T2,,355145,icon_lord_6,,104,lord_equip_desc010,lord_equip_name02,6,0,2
1320105,Atlas/UI_PersonalInfo,Atlas/UI_Item,[5103|2235|15103|4655|10104|4095],[[5103|2235]|[15103|4655]|[10104|4095]],[2|154|17000|2|155|195|2|156|35|2|157|5],[[2|154|17000]|[2|155|195]|[2|156|35]|[2|157|5]],icon_txt_T2,,361667,icon_lord_6,,105,lord_equip_desc010,lord_equip_name02,6,1,2
1320106,Atlas/UI_PersonalInfo,Atlas/UI_Item,[5103|2255|15103|4695|10104|4135],[[5103|2255]|[15103|4695]|[10104|4135]],[2|154|17000|2|155|195|2|156|35|2|157|5],[[2|154|17000]|[2|155|195]|[2|156|35]|[2|157|5]],icon_txt_T2,,368189,icon_lord_6,,106,lord_equip_desc010,lord_equip_name02,6,1,2
1320107,Atlas/UI_PersonalInfo,Atlas/UI_Item,[5103|2275|15103|4740|10104|4170],[[5103|2275]|[15103|4740]|[10104|4170]],[2|154|17000|2|155|195|2|156|35|2|157|5],[[2|154|17000]|[2|155|195]|[2|156|35]|[2|157|5]],icon_txt_T2,,374710,icon_lord_6,,107,lord_equip_desc010,lord_equip_name02,6,1,2
1320108,Atlas/UI_PersonalInfo,Atlas/UI_Item,[5103|2295|15103|4785|10104|4210],[[5103|2295]|[15103|4785]|[10104|4210]],[2|154|17000|2|155|195|2|156|35|2|157|5],[[2|154|17000]|[2|155|195]|[2|156|35]|[2|157|5]],icon_txt_T2,,381232,icon_lord_6,,108,lord_equip_desc010,lord_equip_name02,6,1,2
1320109,Atlas/UI_PersonalInfo,Atlas/UI_Item,[5103|2315|15103|4825|10104|4250],[[5103|2315]|[15103|4825]|[10104|4250]],[2|154|17000|2|155|195|2|156|35|2|157|5],[[2|154|17000]|[2|155|195]|[2|156|35]|[2|157|5]],icon_txt_T2,,387754,icon_lord_6,,109,lord_equip_desc010,lord_equip_name02,6,1,2
1320110,Atlas/UI_PersonalInfo,Atlas/UI_Item,[5103|2340|15103|4870|10104|4285],[[5103|2340]|[15103|4870]|[10104|4285]],[2|154|18000|2|155|220|2|156|35|2|157|5],[[2|154|18000]|[2|155|220]|[2|156|35]|[2|157|5]],icon_txt_T2,,394275,icon_lord_6,,110,lord_equip_desc010,lord_equip_name02,6,2,2
1320111,Atlas/UI_PersonalInfo,Atlas/UI_Item,[5103|2360|15103|4915|10104|4325],[[5103|2360]|[15103|4915]|[10104|4325]],[2|154|18000|2|155|220|2|156|35|2|157|5],[[2|154|18000]|[2|155|220]|[2|156|35]|[2|157|5]],icon_txt_T2,,400797,icon_lord_6,,111,lord_equip_desc010,lord_equip_name02,6,2,2
1320112,Atlas/UI_PersonalInfo,Atlas/UI_Item,[5103|2380|15103|4955|10104|4360],[[5103|2380]|[15103|4955]|[10104|4360]],[2|154|18000|2|155|220|2|156|35|2|157|5],[[2|154|18000]|[2|155|220]|[2|156|35]|[2|157|5]],icon_txt_T2,,407319,icon_lord_6,,112,lord_equip_desc010,lord_equip_name02,6,2,2
1320113,Atlas/UI_PersonalInfo,Atlas/UI_Item,[5103|2400|15103|5000|10104|4400],[[5103|2400]|[15103|5000]|[10104|4400]],[2|154|18000|2|155|220|2|156|35|2|157|5],[[2|154|18000]|[2|155|220]|[2|156|35]|[2|157|5]],icon_txt_T2,,413840,icon_lord_6,,113,lord_equip_desc010,lord_equip_name02,6,2,2
1320114,Atlas/UI_PersonalInfo,Atlas/UI_Item,[5103|2420|15103|5045|10104|4440],[[5103|2420]|[15103|5045]|[10104|4440]],[2|154|18000|2|155|220|2|156|35|2|157|5],[[2|154|18000]|[2|155|220]|[2|156|35]|[2|157|5]],icon_txt_T2,,420362,icon_lord_6,,114,lord_equip_desc010,lord_equip_name02,6,2,2
1320115,Atlas/UI_PersonalInfo,Atlas/UI_Item,[5103|2440|15103|5085|10104|4475],[[5103|2440]|[15103|5085]|[10104|4475]],[2|154|19000|2|155|230|2|156|40|2|157|5],[[2|154|19000]|[2|155|230]|[2|156|40]|[2|157|5]],icon_txt_T2,,426884,icon_lord_6,,115,lord_equip_desc010,lord_equip_name02,6,3,2
1320116,Atlas/UI_PersonalInfo,Atlas/UI_Item,[5103|2460|15103|5130|10104|4515],[[5103|2460]|[15103|5130]|[10104|4515]],[2|154|19000|2|155|230|2|156|40|2|157|5],[[2|154|19000]|[2|155|230]|[2|156|40]|[2|157|5]],icon_txt_T2,,433405,icon_lord_6,,116,lord_equip_desc010,lord_equip_name02,6,3,2
1320117,Atlas/UI_PersonalInfo,Atlas/UI_Item,[5103|2485|15103|5175|10104|4550],[[5103|2485]|[15103|5175]|[10104|4550]],[2|154|19000|2|155|230|2|156|40|2|157|5],[[2|154|19000]|[2|155|230]|[2|156|40]|[2|157|5]],icon_txt_T2,,439927,icon_lord_6,,117,lord_equip_desc010,lord_equip_name02,6,3,2
1320118,Atlas/UI_PersonalInfo,Atlas/UI_Item,[5103|2505|15103|5215|10104|4590],[[5103|2505]|[15103|5215]|[10104|4590]],[2|154|19000|2|155|230|2|156|40|2|157|5],[[2|154|19000]|[2|155|230]|[2|156|40]|[2|157|5]],icon_txt_T2,,446449,icon_lord_6,,118,lord_equip_desc010,lord_equip_name02,6,3,2
1320119,Atlas/UI_PersonalInfo,Atlas/UI_Item,[5103|2525|15103|5260|10104|4630],[[5103|2525]|[15103|5260]|[10104|4630]],[2|154|19000|2|155|230|2|156|40|2|157|5],[[2|154|19000]|[2|155|230]|[2|156|40]|[2|157|5]],icon_txt_T2,,452971,icon_lord_6,,119,lord_equip_desc010,lord_equip_name02,6,3,2
1320120,Atlas/UI_PersonalInfo,Atlas/UI_Item,[5103|2645|15103|5505|10104|4845],[[5103|2645]|[15103|5505]|[10104|4845]],[2|154|20000|2|155|245|2|156|40|2|157|5],[[2|154|20000]|[2|155|245]|[2|156|40]|[2|157|5]],icon_txt_T3,,460944,icon_lord_6,,120,lord_equip_desc011,lord_equip_name02,6,0,2
1320121,Atlas/UI_PersonalInfo,Atlas/UI_Item,[5103|2665|15103|5555|10104|4890],[[5103|2665]|[15103|5555]|[10104|4890]],[2|154|20000|2|155|240|2|156|40|2|157|6],[[2|154|20000]|[2|155|240]|[2|156|40]|[2|157|6]],icon_txt_T3,,468917,icon_lord_6,,121,lord_equip_desc011,lord_equip_name02,6,1,2
1320122,Atlas/UI_PersonalInfo,Atlas/UI_Item,[5103|2690|15103|5605|10104|4935],[[5103|2690]|[15103|5605]|[10104|4935]],[2|154|20000|2|155|240|2|156|40|2|157|6],[[2|154|20000]|[2|155|240]|[2|156|40]|[2|157|6]],icon_txt_T3,,476890,icon_lord_6,,122,lord_equip_desc011,lord_equip_name02,6,1,2
1320123,Atlas/UI_PersonalInfo,Atlas/UI_Item,[5103|2715|15103|5655|10104|4975],[[5103|2715]|[15103|5655]|[10104|4975]],[2|154|20000|2|155|240|2|156|40|2|157|6],[[2|154|20000]|[2|155|240]|[2|156|40]|[2|157|6]],icon_txt_T3,,484864,icon_lord_6,,123,lord_equip_desc011,lord_equip_name02,6,1,2
1320124,Atlas/UI_PersonalInfo,Atlas/UI_Item,[5103|2740|15103|5705|10104|5020],[[5103|2740]|[15103|5705]|[10104|5020]],[2|154|20000|2|155|240|2|156|40|2|157|6],[[2|154|20000]|[2|155|240]|[2|156|40]|[2|157|6]],icon_txt_T3,,492837,icon_lord_6,,124,lord_equip_desc011,lord_equip_name02,6,1,2
1320125,Atlas/UI_PersonalInfo,Atlas/UI_Item,[5103|2760|15103|5755|10104|5065],[[5103|2760]|[15103|5755]|[10104|5065]],[2|154|20000|2|155|240|2|156|40|2|157|6],[[2|154|20000]|[2|155|240]|[2|156|40]|[2|157|6]],icon_txt_T3,,500810,icon_lord_6,,125,lord_equip_desc011,lord_equip_name02,6,1,2
1320126,Atlas/UI_PersonalInfo,Atlas/UI_Item,[5103|2785|15103|5805|10104|5110],[[5103|2785]|[15103|5805]|[10104|5110]],[2|154|21000|2|155|250|2|156|40|2|157|6],[[2|154|21000]|[2|155|250]|[2|156|40]|[2|157|6]],icon_txt_T3,,508783,icon_lord_6,,126,lord_equip_desc011,lord_equip_name02,6,2,2
1320127,Atlas/UI_PersonalInfo,Atlas/UI_Item,[5103|2810|15103|5855|10104|5150],[[5103|2810]|[15103|5855]|[10104|5150]],[2|154|21000|2|155|250|2|156|40|2|157|6],[[2|154|21000]|[2|155|250]|[2|156|40]|[2|157|6]],icon_txt_T3,,516757,icon_lord_6,,127,lord_equip_desc011,lord_equip_name02,6,2,2
1320128,Atlas/UI_PersonalInfo,Atlas/UI_Item,[5103|2835|15103|5905|10104|5195],[[5103|2835]|[15103|5905]|[10104|5195]],[2|154|21000|2|155|250|2|156|40|2|157|6],[[2|154|21000]|[2|155|250]|[2|156|40]|[2|157|6]],icon_txt_T3,,524730,icon_lord_6,,128,lord_equip_desc011,lord_equip_name02,6,2,2
1320129,Atlas/UI_PersonalInfo,Atlas/UI_Item,[5103|2855|15103|5955|10104|5240],[[5103|2855]|[15103|5955]|[10104|5240]],[2|154|21000|2|155|250|2|156|40|2|157|6],[[2|154|21000]|[2|155|250]|[2|156|40]|[2|157|6]],icon_txt_T3,,532703,icon_lord_6,,129,lord_equip_desc011,lord_equip_name02,6,2,2
1320130,Atlas/UI_PersonalInfo,Atlas/UI_Item,[5103|2880|15103|6000|10104|5280],[[5103|2880]|[15103|6000]|[10104|5280]],[2|154|21000|2|155|250|2|156|40|2|157|6],[[2|154|21000]|[2|155|250]|[2|156|40]|[2|157|6]],icon_txt_T3,,540676,icon_lord_6,,130,lord_equip_desc011,lord_equip_name02,6,2,2
1320131,Atlas/UI_PersonalInfo,Atlas/UI_Item,[5103|2905|15103|6050|10104|5325],[[5103|2905]|[15103|6050]|[10104|5325]],[2|154|21000|2|155|270|2|156|45|2|157|7],[[2|154|21000]|[2|155|270]|[2|156|45]|[2|157|7]],icon_txt_T3,,548650,icon_lord_6,,131,lord_equip_desc011,lord_equip_name02,6,3,2
1320132,Atlas/UI_PersonalInfo,Atlas/UI_Item,[5103|2930|15103|6100|10104|5370],[[5103|2930]|[15103|6100]|[10104|5370]],[2|154|21000|2|155|270|2|156|45|2|157|7],[[2|154|21000]|[2|155|270]|[2|156|45]|[2|157|7]],icon_txt_T3,,556623,icon_lord_6,,132,lord_equip_desc011,lord_equip_name02,6,3,2
1320133,Atlas/UI_PersonalInfo,Atlas/UI_Item,[5103|2950|15103|6150|10104|5415],[[5103|2950]|[15103|6150]|[10104|5415]],[2|154|21000|2|155|270|2|156|45|2|157|7],[[2|154|21000]|[2|155|270]|[2|156|45]|[2|157|7]],icon_txt_T3,,564596,icon_lord_6,,133,lord_equip_desc011,lord_equip_name02,6,3,2
1320134,Atlas/UI_PersonalInfo,Atlas/UI_Item,[5103|2975|15103|6200|10104|5455],[[5103|2975]|[15103|6200]|[10104|5455]],[2|154|21000|2|155|270|2|156|45|2|157|7],[[2|154|21000]|[2|155|270]|[2|156|45]|[2|157|7]],icon_txt_T3,,572569,icon_lord_6,,134,lord_equip_desc011,lord_equip_name02,6,3,2
1320135,Atlas/UI_PersonalInfo,Atlas/UI_Item,[5103|3000|15103|6250|10104|5500],[[5103|3000]|[15103|6250]|[10104|5500]],[2|154|21000|2|155|270|2|156|45|2|157|7],[[2|154|21000]|[2|155|270]|[2|156|45]|[2|157|7]],icon_txt_T3,,580543,icon_lord_6,,135,lord_equip_desc011,lord_equip_name02,6,3,2
1320136,Atlas/UI_PersonalInfo,Atlas/UI_Item,[5103|3025|15103|6305|10104|5550],[[5103|3025]|[15103|6305]|[10104|5550]],[2|154|24000|2|155|290|2|156|50|2|157|8],[[2|154|24000]|[2|155|290]|[2|156|50]|[2|157|8]],icon_txt_T4,,591566,icon_lord_6,,136,lord_equip_desc011,lord_equip_name02,6,0,2
1320137,Atlas/UI_PersonalInfo,Atlas/UI_Item,[5103|3050|15103|6360|10104|5595],[[5103|3050]|[15103|6360]|[10104|5595]],[2|154|24000|2|155|290|2|156|50|2|157|8],[[2|154|24000]|[2|155|290]|[2|156|50]|[2|157|8]],icon_txt_T4,,602692,icon_lord_6,,137,lord_equip_desc011,lord_equip_name02,6,1,2
1320138,Atlas/UI_PersonalInfo,Atlas/UI_Item,[5103|3080|15103|6415|10104|5645],[[5103|3080]|[15103|6415]|[10104|5645]],[2|154|24000|2|155|290|2|156|50|2|157|8],[[2|154|24000]|[2|155|290]|[2|156|50]|[2|157|8]],icon_txt_T4,,613921,icon_lord_6,,138,lord_equip_desc011,lord_equip_name02,6,1,2
1320139,Atlas/UI_PersonalInfo,Atlas/UI_Item,[5103|3105|15103|6470|10104|5690],[[5103|3105]|[15103|6470]|[10104|5690]],[2|154|24000|2|155|290|2|156|50|2|157|8],[[2|154|24000]|[2|155|290]|[2|156|50]|[2|157|8]],icon_txt_T4,,625253,icon_lord_6,,139,lord_equip_desc011,lord_equip_name02,6,1,2
1320140,Atlas/UI_PersonalInfo,Atlas/UI_Item,[5103|3130|15103|6520|10104|5740],[[5103|3130]|[15103|6520]|[10104|5740]],[2|154|24000|2|155|290|2|156|50|2|157|8],[[2|154|24000]|[2|155|290]|[2|156|50]|[2|157|8]],icon_txt_T4,,636687,icon_lord_6,,140,lord_equip_desc011,lord_equip_name02,6,1,2
1320141,Atlas/UI_PersonalInfo,Atlas/UI_Item,[5103|3155|15103|6575|10104|5785],[[5103|3155]|[15103|6575]|[10104|5785]],[2|154|24000|2|155|290|2|156|50|2|157|8],[[2|154|24000]|[2|155|290]|[2|156|50]|[2|157|8]],icon_txt_T4,,648225,icon_lord_6,,141,lord_equip_desc011,lord_equip_name02,6,1,2
1320142,Atlas/UI_PersonalInfo,Atlas/UI_Item,[5103|3185|15103|6630|10104|5835],[[5103|3185]|[15103|6630]|[10104|5835]],[2|154|24000|2|155|290|2|156|50|2|157|10],[[2|154|24000]|[2|155|290]|[2|156|50]|[2|157|10]],icon_txt_T4,,659866,icon_lord_6,,142,lord_equip_desc011,lord_equip_name02,6,1,2
1320143,Atlas/UI_PersonalInfo,Atlas/UI_Item,[5103|3210|15103|6685|10104|5885],[[5103|3210]|[15103|6685]|[10104|5885]],[2|154|24000|2|155|290|2|156|50|2|157|10],[[2|154|24000]|[2|155|290]|[2|156|50]|[2|157|10]],icon_txt_T4,,671610,icon_lord_6,,143,lord_equip_desc011,lord_equip_name02,6,1,2
1320144,Atlas/UI_PersonalInfo,Atlas/UI_Item,[5103|3235|15103|6740|10104|5930],[[5103|3235]|[15103|6740]|[10104|5930]],[2|154|24000|2|155|290|2|156|50|2|157|10],[[2|154|24000]|[2|155|290]|[2|156|50]|[2|157|10]],icon_txt_T4,,683457,icon_lord_6,,144,lord_equip_desc011,lord_equip_name02,6,1,2
1320145,Atlas/UI_PersonalInfo,Atlas/UI_Item,[5103|3260|15103|6795|10104|5980],[[5103|3260]|[15103|6795]|[10104|5980]],[2|154|24000|2|155|290|2|156|50|2|157|10],[[2|154|24000]|[2|155|290]|[2|156|50]|[2|157|10]],icon_txt_T4,,695407,icon_lord_6,,145,lord_equip_desc011,lord_equip_name02,6,1,2
1320146,Atlas/UI_PersonalInfo,Atlas/UI_Item,[5103|3285|15103|6850|10104|6025],[[5103|3285]|[15103|6850]|[10104|6025]],[2|154|24000|2|155|290|2|156|50|2|157|10],[[2|154|24000]|[2|155|290]|[2|156|50]|[2|157|10]],icon_txt_T4,,707461,icon_lord_6,,146,lord_equip_desc011,lord_equip_name02,6,1,2
1320147,Atlas/UI_PersonalInfo,Atlas/UI_Item,[5103|3315|15103|6910|10104|6080],[[5103|3315]|[15103|6910]|[10104|6080]],[2|154|30000|2|155|320|2|156|60|2|157|12],[[2|154|30000]|[2|155|320]|[2|156|60]|[2|157|12]],icon_txt_T4,,720149,icon_lord_6,,147,lord_equip_desc011,lord_equip_name02,6,2,2
1320148,Atlas/UI_PersonalInfo,Atlas/UI_Item,[5103|3345|15103|6970|10104|6130],[[5103|3345]|[15103|6970]|[10104|6130]],[2|154|30000|2|155|320|2|156|60|2|157|12],[[2|154|30000]|[2|155|320]|[2|156|60]|[2|157|12]],icon_txt_T4,,732950,icon_lord_6,,148,lord_equip_desc011,lord_equip_name02,6,2,2
1320149,Atlas/UI_PersonalInfo,Atlas/UI_Item,[5103|3375|15103|7030|10104|6185],[[5103|3375]|[15103|7030]|[10104|6185]],[2|154|30000|2|155|320|2|156|60|2|157|12],[[2|154|30000]|[2|155|320]|[2|156|60]|[2|157|12]],icon_txt_T4,,745863,icon_lord_6,,149,lord_equip_desc011,lord_equip_name02,6,2,2
1320150,Atlas/UI_PersonalInfo,Atlas/UI_Item,[5103|3400|15103|7085|10104|6235],[[5103|3400]|[15103|7085]|[10104|6235]],[2|154|30000|2|155|320|2|156|60|2|157|12],[[2|154|30000]|[2|155|320]|[2|156|60]|[2|157|12]],icon_txt_T4,,758890,icon_lord_6,,150,lord_equip_desc011,lord_equip_name02,6,2,2
1320151,Atlas/UI_PersonalInfo,Atlas/UI_Item,[5103|3430|15103|7145|10104|6290],[[5103|3430]|[15103|7145]|[10104|6290]],[2|154|30000|2|155|320|2|156|60|2|157|12],[[2|154|30000]|[2|155|320]|[2|156|60]|[2|157|12]],icon_txt_T4,,772029,icon_lord_6,,151,lord_equip_desc011,lord_equip_name02,6,2,2
1320152,Atlas/UI_PersonalInfo,Atlas/UI_Item,[5103|3460|15103|7205|10104|6340],[[5103|3460]|[15103|7205]|[10104|6340]],[2|154|30000|2|155|320|2|156|60|2|157|14],[[2|154|30000]|[2|155|320]|[2|156|60]|[2|157|14]],icon_txt_T4,,785280,icon_lord_6,,152,lord_equip_desc011,lord_equip_name02,6,2,2
1320153,Atlas/UI_PersonalInfo,Atlas/UI_Item,[5103|3490|15103|7265|10104|6395],[[5103|3490]|[15103|7265]|[10104|6395]],[2|154|30000|2|155|320|2|156|60|2|157|14],[[2|154|30000]|[2|155|320]|[2|156|60]|[2|157|14]],icon_txt_T4,,798645,icon_lord_6,,153,lord_equip_desc011,lord_equip_name02,6,2,2
1320154,Atlas/UI_PersonalInfo,Atlas/UI_Item,[5103|3515|15103|7325|10104|6445],[[5103|3515]|[15103|7325]|[10104|6445]],[2|154|30000|2|155|320|2|156|60|2|157|14],[[2|154|30000]|[2|155|320]|[2|156|60]|[2|157|14]],icon_txt_T4,,812122,icon_lord_6,,154,lord_equip_desc011,lord_equip_name02,6,2,2
1320155,Atlas/UI_PersonalInfo,Atlas/UI_Item,[5103|3545|15103|7385|10104|6500],[[5103|3545]|[15103|7385]|[10104|6500]],[2|154|30000|2|155|320|2|156|60|2|157|14],[[2|154|30000]|[2|155|320]|[2|156|60]|[2|157|14]],icon_txt_T4,,825712,icon_lord_6,,155,lord_equip_desc011,lord_equip_name02,6,2,2
1320156,Atlas/UI_PersonalInfo,Atlas/UI_Item,[5103|3575|15103|7445|10104|6550],[[5103|3575]|[15103|7445]|[10104|6550]],[2|154|30000|2|155|320|2|156|60|2|157|14],[[2|154|30000]|[2|155|320]|[2|156|60]|[2|157|14]],icon_txt_T4,,839414,icon_lord_6,,156,lord_equip_desc011,lord_equip_name02,6,2,2
1320157,Atlas/UI_PersonalInfo,Atlas/UI_Item,[5103|3605|15103|7510|10104|6610],[[5103|3605]|[15103|7510]|[10104|6610]],[2|154|36000|2|155|360|2|156|70|2|157|14],[[2|154|36000]|[2|155|360]|[2|156|70]|[2|157|14]],icon_txt_T4,,854197,icon_lord_6,,157,lord_equip_desc011,lord_equip_name02,6,3,2
1320158,Atlas/UI_PersonalInfo,Atlas/UI_Item,[5103|3640|15103|7580|10104|6670],[[5103|3640]|[15103|7580]|[10104|6670]],[2|154|36000|2|155|360|2|156|70|2|157|16],[[2|154|36000]|[2|155|360]|[2|156|70]|[2|157|16]],icon_txt_T4,,869108,icon_lord_6,,158,lord_equip_desc011,lord_equip_name02,6,3,2
1320159,Atlas/UI_PersonalInfo,Atlas/UI_Item,[5103|3670|15103|7650|10104|6730],[[5103|3670]|[15103|7650]|[10104|6730]],[2|154|36000|2|155|360|2|156|70|2|157|16],[[2|154|36000]|[2|155|360]|[2|156|70]|[2|157|16]],icon_txt_T4,,884148,icon_lord_6,,159,lord_equip_desc011,lord_equip_name02,6,3,2
1320160,Atlas/UI_PersonalInfo,Atlas/UI_Item,[5103|3705|15103|7715|10104|6790],[[5103|3705]|[15103|7715]|[10104|6790]],[2|154|36000|2|155|360|2|156|70|2|157|16],[[2|154|36000]|[2|155|360]|[2|156|70]|[2|157|16]],icon_txt_T4,,899317,icon_lord_6,,160,lord_equip_desc011,lord_equip_name02,6,3,2
1320161,Atlas/UI_PersonalInfo,Atlas/UI_Item,[5103|3735|15103|7785|10104|6850],[[5103|3735]|[15103|7785]|[10104|6850]],[2|154|36000|2|155|360|2|156|70|2|157|16],[[2|154|36000]|[2|155|360]|[2|156|70]|[2|157|16]],icon_txt_T4,,914615,icon_lord_6,,161,lord_equip_desc011,lord_equip_name02,6,3,2
1320162,Atlas/UI_PersonalInfo,Atlas/UI_Item,[5103|3770|15103|7855|10104|6910],[[5103|3770]|[15103|7855]|[10104|6910]],[2|154|36000|2|155|360|2|156|70|2|157|18],[[2|154|36000]|[2|155|360]|[2|156|70]|[2|157|18]],icon_txt_T4,,930041,icon_lord_6,,162,lord_equip_desc011,lord_equip_name02,6,3,2
1320163,Atlas/UI_PersonalInfo,Atlas/UI_Item,[5103|3800|15103|7920|10104|6970],[[5103|3800]|[15103|7920]|[10104|6970]],[2|154|36000|2|155|360|2|156|70|2|157|18],[[2|154|36000]|[2|155|360]|[2|156|70]|[2|157|18]],icon_txt_T4,,945596,icon_lord_6,,163,lord_equip_desc011,lord_equip_name02,6,3,2
1320164,Atlas/UI_PersonalInfo,Atlas/UI_Item,[5103|3835|15103|7990|10104|7030],[[5103|3835]|[15103|7990]|[10104|7030]],[2|154|36000|2|155|360|2|156|70|2|157|18],[[2|154|36000]|[2|155|360]|[2|156|70]|[2|157|18]],icon_txt_T4,,961281,icon_lord_6,,164,lord_equip_desc011,lord_equip_name02,6,3,2
1320165,Atlas/UI_PersonalInfo,Atlas/UI_Item,[5103|3865|15103|8055|10104|7090],[[5103|3865]|[15103|8055]|[10104|7090]],[2|154|36000|2|155|360|2|156|70|2|157|18],[[2|154|36000]|[2|155|360]|[2|156|70]|[2|157|18]],icon_txt_T4,,977093,icon_lord_6,,165,lord_equip_desc011,lord_equip_name02,6,3,2
1320166,Atlas/UI_PersonalInfo,Atlas/UI_Item,[5103|3900|15103|8125|10104|7150],[[5103|3900]|[15103|8125]|[10104|7150]],[2|154|36000|2|155|360|2|156|70|2|157|18],[[2|154|36000]|[2|155|360]|[2|156|70]|[2|157|18]],icon_txt_T4,,993035,icon_lord_6,,166,lord_equip_desc011,lord_equip_name02,6,3,2
1330001,Atlas/UI_PersonalInfo,Atlas/UI_Item,[3104|75|13104|205|10103|25],[[3104|75]|[13104|205]|[10103|25]],[2|154|1500|2|155|20],[[2|154|1500]|[2|155|20]],,,1818,icon_lord_1,,1,lord_equip_desc001,lord_equip_name03,2,0,3
1330002,Atlas/UI_PersonalInfo,Atlas/UI_Item,[3104|150|13104|410|10103|50],[[3104|150]|[13104|410]|[10103|50]],[2|154|3800|2|155|40],[[2|154|3800]|[2|155|40]],,,3897,icon_lord_1,,2,lord_equip_desc001,lord_equip_name03,2,1,3
1330003,Atlas/UI_PersonalInfo,Atlas/UI_Item,[3104|230|13104|635|10103|80],[[3104|230]|[13104|635]|[10103|80]],[2|154|4000|2|155|50],[[2|154|4000]|[2|155|50]],,,5600,icon_lord_1,,3,lord_equip_desc002,lord_equip_name03,3,0,3
1330004,Atlas/UI_PersonalInfo,Atlas/UI_Item,[3104|270|13104|745|10103|95],[[3104|270]|[13104|745]|[10103|95]],[2|154|6400|2|155|60],[[2|154|6400]|[2|155|60]],,,7304,icon_lord_1,,4,lord_equip_desc002,lord_equip_name03,3,1,3
1330005,Atlas/UI_PersonalInfo,Atlas/UI_Item,[3104|310|13104|860|10103|110],[[3104|310]|[13104|860]|[10103|110]],[2|154|6400|2|155|60],[[2|154|6400]|[2|155|60]],,,9008,icon_lord_1,,5,lord_equip_desc002,lord_equip_name03,3,1,3
1330006,Atlas/UI_PersonalInfo,Atlas/UI_Item,[3104|355|13104|970|10103|120],[[3104|355]|[13104|970]|[10103|120]],[2|154|1300|2|155|5|2|156|10],[[2|154|1300]|[2|155|5]|[2|156|10]],,,10712,icon_lord_1,,6,lord_equip_desc002,lord_equip_name03,3,2,3
1330007,Atlas/UI_PersonalInfo,Atlas/UI_Item,[3104|395|13104|1080|10103|135],[[3104|395]|[13104|1080]|[10103|135]],[2|154|1300|2|155|5|2|156|10],[[2|154|1300]|[2|155|5]|[2|156|10]],,,12416,icon_lord_1,,7,lord_equip_desc002,lord_equip_name03,3,2,3
1330008,Atlas/UI_PersonalInfo,Atlas/UI_Item,[3104|435|13104|1195|10103|150],[[3104|435]|[13104|1195]|[10103|150]],[2|154|1500|2|155|5|2|156|10],[[2|154|1500]|[2|155|5]|[2|156|10]],,,14120,icon_lord_1,,8,lord_equip_desc002,lord_equip_name03,3,3,3
1330009,Atlas/UI_PersonalInfo,Atlas/UI_Item,[3104|475|13104|1305|10103|165],[[3104|475]|[13104|1305]|[10103|165]],[2|154|1500|2|155|5|2|156|10],[[2|154|1500]|[2|155|5]|[2|156|10]],,,15824,icon_lord_1,,9,lord_equip_desc002,lord_equip_name03,3,3,3
1330010,Atlas/UI_PersonalInfo,Atlas/UI_Item,[3104|565|13104|1550|10103|195],[[3104|565]|[13104|1550]|[10103|195]],[2|154|1800|2|155|5|2|156|12],[[2|154|1800]|[2|155|5]|[2|156|12]],,,17597,icon_lord_1,,10,lord_equip_desc003,lord_equip_name03,4,0,3
1330011,Atlas/UI_PersonalInfo,Atlas/UI_Item,[3104|595|13104|1635|10103|205],[[3104|595]|[13104|1635]|[10103|205]],[2|154|1300|2|155|5|2|156|12],[[2|154|1300]|[2|155|5]|[2|156|12]],,,19370,icon_lord_1,,11,lord_equip_desc003,lord_equip_name03,4,1,3
1330012,Atlas/UI_PersonalInfo,Atlas/UI_Item,[3104|625|13104|1715|10103|215],[[3104|625]|[13104|1715]|[10103|215]],[2|154|1300|2|155|5|2|156|12],[[2|154|1300]|[2|155|5]|[2|156|12]],,,21143,icon_lord_1,,12,lord_equip_desc003,lord_equip_name03,4,1,3
1330013,Atlas/UI_PersonalInfo,Atlas/UI_Item,[3104|655|13104|1795|10103|225],[[3104|655]|[13104|1795]|[10103|225]],[2|154|1300|2|155|5|2|156|12],[[2|154|1300]|[2|155|5]|[2|156|12]],,,22916,icon_lord_1,,13,lord_equip_desc003,lord_equip_name03,4,1,3
1330014,Atlas/UI_PersonalInfo,Atlas/UI_Item,[3104|685|13104|1880|10103|235],[[3104|685]|[13104|1880]|[10103|235]],[2|154|2500|2|155|20|2|156|12],[[2|154|2500]|[2|155|20]|[2|156|12]],,,24690,icon_lord_1,,14,lord_equip_desc003,lord_equip_name03,4,2,3
1330015,Atlas/UI_PersonalInfo,Atlas/UI_Item,[3104|715|13104|1960|10103|250],[[3104|715]|[13104|1960]|[10103|250]],[2|154|2500|2|155|20|2|156|12],[[2|154|2500]|[2|155|20]|[2|156|12]],,,26463,icon_lord_1,,15,lord_equip_desc003,lord_equip_name03,4,2,3
1330016,Atlas/UI_PersonalInfo,Atlas/UI_Item,[3104|745|13104|2040|10103|260],[[3104|745]|[13104|2040]|[10103|260]],[2|154|2500|2|155|20|2|156|12],[[2|154|2500]|[2|155|20]|[2|156|12]],,,28236,icon_lord_1,,16,lord_equip_desc003,lord_equip_name03,4,2,3
1330017,Atlas/UI_PersonalInfo,Atlas/UI_Item,[3104|770|13104|2125|10103|270],[[3104|770]|[13104|2125]|[10103|270]],[2|154|3500|2|155|30|2|156|12],[[2|154|3500]|[2|155|30]|[2|156|12]],,,30009,icon_lord_1,,17,lord_equip_desc003,lord_equip_name03,4,3,3
1330018,Atlas/UI_PersonalInfo,Atlas/UI_Item,[3104|800|13104|2205|10103|280],[[3104|800]|[13104|2205]|[10103|280]],[2|154|3500|2|155|30|2|156|12],[[2|154|3500]|[2|155|30]|[2|156|12]],,,31782,icon_lord_1,,18,lord_equip_desc003,lord_equip_name03,4,3,3
1330019,Atlas/UI_PersonalInfo,Atlas/UI_Item,[3104|830|13104|2285|10103|290],[[3104|830]|[13104|2285]|[10103|290]],[2|154|3500|2|155|30|2|156|12],[[2|154|3500]|[2|155|30]|[2|156|12]],,,33556,icon_lord_1,,19,lord_equip_desc003,lord_equip_name03,4,3,3
1330020,Atlas/UI_PersonalInfo,Atlas/UI_Item,[3104|930|13104|2565|10103|325],[[3104|930]|[13104|2565]|[10103|325]],[2|154|3300|2|155|30|2|156|15],[[2|154|3300]|[2|155|30]|[2|156|15]],icon_txt_T1,,35469,icon_lord_1,,20,lord_equip_desc006,lord_equip_name03,5,0,3
1330021,Atlas/UI_PersonalInfo,Atlas/UI_Item,[3104|955|13104|2630|10103|330],[[3104|955]|[13104|2630]|[10103|330]],[2|154|3900|2|155|30|2|156|15],[[2|154|3900]|[2|155|30]|[2|156|15]],icon_txt_T1,,37382,icon_lord_1,,21,lord_equip_desc006,lord_equip_name03,5,1,3
1330022,Atlas/UI_PersonalInfo,Atlas/UI_Item,[3104|980|13104|2700|10103|340],[[3104|980]|[13104|2700]|[10103|340]],[2|154|3900|2|155|30|2|156|15],[[2|154|3900]|[2|155|30]|[2|156|15]],icon_txt_T1,,39295,icon_lord_1,,22,lord_equip_desc006,lord_equip_name03,5,1,3
1330023,Atlas/UI_PersonalInfo,Atlas/UI_Item,[3104|1005|13104|2770|10103|350],[[3104|1005]|[13104|2770]|[10103|350]],[2|154|4400|2|155|30|2|156|15],[[2|154|4400]|[2|155|30]|[2|156|15]],icon_txt_T1,,41208,icon_lord_1,,23,lord_equip_desc006,lord_equip_name03,5,1,3
1330024,Atlas/UI_PersonalInfo,Atlas/UI_Item,[3104|1030|13104|2840|10103|360],[[3104|1030]|[13104|2840]|[10103|360]],[2|154|4400|2|155|30|2|156|15],[[2|154|4400]|[2|155|30]|[2|156|15]],icon_txt_T1,,43121,icon_lord_1,,24,lord_equip_desc006,lord_equip_name03,5,1,3
1330025,Atlas/UI_PersonalInfo,Atlas/UI_Item,[3104|1055|13104|2905|10103|365],[[3104|1055]|[13104|2905]|[10103|365]],[2|154|4900|2|155|35|2|156|15],[[2|154|4900]|[2|155|35]|[2|156|15]],icon_txt_T1,,45034,icon_lord_1,,25,lord_equip_desc006,lord_equip_name03,5,2,3
1330026,Atlas/UI_PersonalInfo,Atlas/UI_Item,[3104|1080|13104|2975|10103|375],[[3104|1080]|[13104|2975]|[10103|375]],[2|154|4900|2|155|35|2|156|15],[[2|154|4900]|[2|155|35]|[2|156|15]],icon_txt_T1,,46948,icon_lord_1,,26,lord_equip_desc006,lord_equip_name03,5,2,3
1330027,Atlas/UI_PersonalInfo,Atlas/UI_Item,[3104|1105|13104|3045|10103|385],[[3104|1105]|[13104|3045]|[10103|385]],[2|154|4900|2|155|35|2|156|15],[[2|154|4900]|[2|155|35]|[2|156|15]],icon_txt_T1,,48861,icon_lord_1,,27,lord_equip_desc006,lord_equip_name03,5,2,3
1330028,Atlas/UI_PersonalInfo,Atlas/UI_Item,[3104|1130|13104|3115|10103|395],[[3104|1130]|[13104|3115]|[10103|395]],[2|154|4900|2|155|35|2|156|15],[[2|154|4900]|[2|155|35]|[2|156|15]],icon_txt_T1,,50774,icon_lord_1,,28,lord_equip_desc006,lord_equip_name03,5,2,3
1330029,Atlas/UI_PersonalInfo,Atlas/UI_Item,[3104|1155|13104|3185|10103|400],[[3104|1155]|[13104|3185]|[10103|400]],[2|154|5400|2|155|45|2|156|20],[[2|154|5400]|[2|155|45]|[2|156|20]],icon_txt_T1,,52687,icon_lord_1,,29,lord_equip_desc006,lord_equip_name03,5,3,3
1330030,Atlas/UI_PersonalInfo,Atlas/UI_Item,[3104|1185|13104|3250|10103|410],[[3104|1185]|[13104|3250]|[10103|410]],[2|154|5400|2|155|45|2|156|20],[[2|154|5400]|[2|155|45]|[2|156|20]],icon_txt_T1,,54600,icon_lord_1,,30,lord_equip_desc006,lord_equip_name03,5,3,3
1330031,Atlas/UI_PersonalInfo,Atlas/UI_Item,[3104|1210|13104|3320|10103|420],[[3104|1210]|[13104|3320]|[10103|420]],[2|154|5400|2|155|45|2|156|20],[[2|154|5400]|[2|155|45]|[2|156|20]],icon_txt_T1,,56513,icon_lord_1,,31,lord_equip_desc006,lord_equip_name03,5,3,3
1330032,Atlas/UI_PersonalInfo,Atlas/UI_Item,[3104|1235|13104|3390|10103|430],[[3104|1235]|[13104|3390]|[10103|430]],[2|154|5400|2|155|45|2|156|20],[[2|154|5400]|[2|155|45]|[2|156|20]],icon_txt_T1,,58427,icon_lord_1,,32,lord_equip_desc006,lord_equip_name03,5,3,3
1330033,Atlas/UI_PersonalInfo,Atlas/UI_Item,[3104|1350|13104|3705|10103|470],[[3104|1350]|[13104|3705]|[10103|470]],[2|154|5500|2|155|50|2|156|20],[[2|154|5500]|[2|155|50]|[2|156|20]],icon_txt_T2,,61024,icon_lord_1,,33,lord_equip_desc007,lord_equip_name03,5,0,3
1330034,Atlas/UI_PersonalInfo,Atlas/UI_Item,[3104|1375|13104|3785|10103|480],[[3104|1375]|[13104|3785]|[10103|480]],[2|154|7300|2|155|75|2|156|20],[[2|154|7300]|[2|155|75]|[2|156|20]],icon_txt_T2,,63621,icon_lord_1,,34,lord_equip_desc007,lord_equip_name03,5,1,3
1330035,Atlas/UI_PersonalInfo,Atlas/UI_Item,[3104|1405|13104|3865|10103|490],[[3104|1405]|[13104|3865]|[10103|490]],[2|154|7300|2|155|75|2|156|20],[[2|154|7300]|[2|155|75]|[2|156|20]],icon_txt_T2,,66218,icon_lord_1,,35,lord_equip_desc007,lord_equip_name03,5,1,3
1330036,Atlas/UI_PersonalInfo,Atlas/UI_Item,[3104|1435|13104|3945|10103|500],[[3104|1435]|[13104|3945]|[10103|500]],[2|154|7300|2|155|75|2|156|20],[[2|154|7300]|[2|155|75]|[2|156|20]],icon_txt_T2,,68815,icon_lord_1,,36,lord_equip_desc007,lord_equip_name03,5,1,3
1330037,Atlas/UI_PersonalInfo,Atlas/UI_Item,[3104|1465|13104|4025|10103|510],[[3104|1465]|[13104|4025]|[10103|510]],[2|154|7300|2|155|75|2|156|20],[[2|154|7300]|[2|155|75]|[2|156|20]],icon_txt_T2,,71412,icon_lord_1,,37,lord_equip_desc007,lord_equip_name03,5,1,3
1330038,Atlas/UI_PersonalInfo,Atlas/UI_Item,[3104|1490|13104|4100|10103|520],[[3104|1490]|[13104|4100]|[10103|520]],[2|154|7800|2|155|75|2|156|20],[[2|154|7800]|[2|155|75]|[2|156|20]],icon_txt_T2,,74009,icon_lord_1,,38,lord_equip_desc007,lord_equip_name03,5,2,3
1330039,Atlas/UI_PersonalInfo,Atlas/UI_Item,[3104|1520|13104|4180|10103|530],[[3104|1520]|[13104|4180]|[10103|530]],[2|154|7800|2|155|75|2|156|20],[[2|154|7800]|[2|155|75]|[2|156|20]],icon_txt_T2,,76606,icon_lord_1,,39,lord_equip_desc007,lord_equip_name03,5,2,3
1330040,Atlas/UI_PersonalInfo,Atlas/UI_Item,[3104|1550|13104|4260|10103|540],[[3104|1550]|[13104|4260]|[10103|540]],[2|154|7800|2|155|75|2|156|20],[[2|154|7800]|[2|155|75]|[2|156|20]],icon_txt_T2,,79203,icon_lord_1,,40,lord_equip_desc007,lord_equip_name03,5,2,3
1330041,Atlas/UI_PersonalInfo,Atlas/UI_Item,[3104|1580|13104|4340|10103|550],[[3104|1580]|[13104|4340]|[10103|550]],[2|154|7800|2|155|75|2|156|20],[[2|154|7800]|[2|155|75]|[2|156|20]],icon_txt_T2,,81800,icon_lord_1,,41,lord_equip_desc007,lord_equip_name03,5,2,3
1330042,Atlas/UI_PersonalInfo,Atlas/UI_Item,[3104|1605|13104|4420|10103|560],[[3104|1605]|[13104|4420]|[10103|560]],[2|154|8100|2|155|85|2|156|20],[[2|154|8100]|[2|155|85]|[2|156|20]],icon_txt_T2,,84397,icon_lord_1,,42,lord_equip_desc007,lord_equip_name03,5,3,3
1330043,Atlas/UI_PersonalInfo,Atlas/UI_Item,[3104|1635|13104|4500|10103|570],[[3104|1635]|[13104|4500]|[10103|570]],[2|154|8100|2|155|85|2|156|20],[[2|154|8100]|[2|155|85]|[2|156|20]],icon_txt_T2,,86994,icon_lord_1,,43,lord_equip_desc007,lord_equip_name03,5,3,3
1330044,Atlas/UI_PersonalInfo,Atlas/UI_Item,[3104|1665|13104|4575|10103|580],[[3104|1665]|[13104|4575]|[10103|580]],[2|154|8100|2|155|85|2|156|20],[[2|154|8100]|[2|155|85]|[2|156|20]],icon_txt_T2,,89591,icon_lord_1,,44,lord_equip_desc007,lord_equip_name03,5,3,3
1330045,Atlas/UI_PersonalInfo,Atlas/UI_Item,[3104|1695|13104|4655|10103|590],[[3104|1695]|[13104|4655]|[10103|590]],[2|154|8100|2|155|85|2|156|20],[[2|154|8100]|[2|155|85]|[2|156|20]],icon_txt_T2,,92188,icon_lord_1,,45,lord_equip_desc007,lord_equip_name03,5,3,3
1330046,Atlas/UI_PersonalInfo,Atlas/UI_Item,[3104|1825|13104|5015|10103|635],[[3104|1825]|[13104|5015]|[10103|635]],[2|154|8500|2|155|85|2|156|20],[[2|154|8500]|[2|155|85]|[2|156|20]],icon_txt_T3,,95565,icon_lord_1,,46,lord_equip_desc0061,lord_equip_name03,5,0,3
1330047,Atlas/UI_PersonalInfo,Atlas/UI_Item,[3104|1855|13104|5105|10103|645],[[3104|1855]|[13104|5105]|[10103|645]],[2|154|9000|2|155|95|2|156|20],[[2|154|9000]|[2|155|95]|[2|156|20]],icon_txt_T3,,98942,icon_lord_1,,47,lord_equip_desc0061,lord_equip_name03,5,1,3
1330048,Atlas/UI_PersonalInfo,Atlas/UI_Item,[3104|1890|13104|5190|10103|655],[[3104|1890]|[13104|5190]|[10103|655]],[2|154|9000|2|155|95|2|156|20],[[2|154|9000]|[2|155|95]|[2|156|20]],icon_txt_T3,,102320,icon_lord_1,,48,lord_equip_desc0061,lord_equip_name03,5,1,3
1330049,Atlas/UI_PersonalInfo,Atlas/UI_Item,[3104|1920|13104|5280|10103|665],[[3104|1920]|[13104|5280]|[10103|665]],[2|154|9000|2|155|95|2|156|20],[[2|154|9000]|[2|155|95]|[2|156|20]],icon_txt_T3,,105697,icon_lord_1,,49,lord_equip_desc0061,lord_equip_name03,5,1,3
1330050,Atlas/UI_PersonalInfo,Atlas/UI_Item,[3104|1955|13104|5370|10103|680],[[3104|1955]|[13104|5370]|[10103|680]],[2|154|9000|2|155|95|2|156|20],[[2|154|9000]|[2|155|95]|[2|156|20]],icon_txt_T3,,109075,icon_lord_1,,50,lord_equip_desc0061,lord_equip_name03,5,1,3
1330051,Atlas/UI_PersonalInfo,Atlas/UI_Item,[3104|1985|13104|5460|10103|690],[[3104|1985]|[13104|5460]|[10103|690]],[2|154|9500|2|155|95|2|156|20],[[2|154|9500]|[2|155|95]|[2|156|20]],icon_txt_T3,,112452,icon_lord_1,,51,lord_equip_desc0061,lord_equip_name03,5,2,3
1330052,Atlas/UI_PersonalInfo,Atlas/UI_Item,[3104|2020|13104|5550|10103|700],[[3104|2020]|[13104|5550]|[10103|700]],[2|154|9500|2|155|95|2|156|20],[[2|154|9500]|[2|155|95]|[2|156|20]],icon_txt_T3,,115830,icon_lord_1,,52,lord_equip_desc0061,lord_equip_name03,5,2,3
1330053,Atlas/UI_PersonalInfo,Atlas/UI_Item,[3104|2050|13104|5640|10103|710],[[3104|2050]|[13104|5640]|[10103|710]],[2|154|9500|2|155|95|2|156|20],[[2|154|9500]|[2|155|95]|[2|156|20]],icon_txt_T3,,119207,icon_lord_1,,53,lord_equip_desc0061,lord_equip_name03,5,2,3
1330054,Atlas/UI_PersonalInfo,Atlas/UI_Item,[3104|2085|13104|5730|10103|725],[[3104|2085]|[13104|5730]|[10103|725]],[2|154|9500|2|155|95|2|156|20],[[2|154|9500]|[2|155|95]|[2|156|20]],icon_txt_T3,,122585,icon_lord_1,,54,lord_equip_desc0061,lord_equip_name03,5,2,3
1330055,Atlas/UI_PersonalInfo,Atlas/UI_Item,[3104|2115|13104|5815|10103|735],[[3104|2115]|[13104|5815]|[10103|735]],[2|154|10000|2|155|95|2|156|20],[[2|154|10000]|[2|155|95]|[2|156|20]],icon_txt_T3,,125962,icon_lord_1,,55,lord_equip_desc0061,lord_equip_name03,5,3,3
1330056,Atlas/UI_PersonalInfo,Atlas/UI_Item,[3104|2150|13104|5905|10103|745],[[3104|2150]|[13104|5905]|[10103|745]],[2|154|10000|2|155|95|2|156|20],[[2|154|10000]|[2|155|95]|[2|156|20]],icon_txt_T3,,129340,icon_lord_1,,56,lord_equip_desc0061,lord_equip_name03,5,3,3
1330057,Atlas/UI_PersonalInfo,Atlas/UI_Item,[3104|2180|13104|5995|10103|755],[[3104|2180]|[13104|5995]|[10103|755]],[2|154|10000|2|155|95|2|156|20],[[2|154|10000]|[2|155|95]|[2|156|20]],icon_txt_T3,,132717,icon_lord_1,,57,lord_equip_desc0061,lord_equip_name03,5,3,3
1330058,Atlas/UI_PersonalInfo,Atlas/UI_Item,[3104|2215|13104|6085|10103|770],[[3104|2215]|[13104|6085]|[10103|770]],[2|154|10000|2|155|95|2|156|20],[[2|154|10000]|[2|155|95]|[2|156|20]],icon_txt_T3,,136095,icon_lord_1,,58,lord_equip_desc0061,lord_equip_name03,5,3,3
1330059,Atlas/UI_PersonalInfo,Atlas/UI_Item,[3104|2360|13104|6495|10103|820],[[3104|2360]|[13104|6495]|[10103|820]],[2|154|10000|2|155|90|2|156|20],[[2|154|10000]|[2|155|90]|[2|156|20]],icon_txt_T4,,140427,icon_lord_1,,59,lord_equip_desc0071,lord_equip_name03,5,0,3
1330060,Atlas/UI_PersonalInfo,Atlas/UI_Item,[3104|2400|13104|6595|10103|835],[[3104|2400]|[13104|6595]|[10103|835]],[2|154|13000|2|155|130|2|156|22],[[2|154|13000]|[2|155|130]|[2|156|22]],icon_txt_T4,,144760,icon_lord_1,,60,lord_equip_desc0071,lord_equip_name03,5,1,3
1330061,Atlas/UI_PersonalInfo,Atlas/UI_Item,[3104|2435|13104|6700|10103|845],[[3104|2435]|[13104|6700]|[10103|845]],[2|154|13000|2|155|130|2|156|22],[[2|154|13000]|[2|155|130]|[2|156|22]],icon_txt_T4,,149093,icon_lord_1,,61,lord_equip_desc0071,lord_equip_name03,5,1,3
1330062,Atlas/UI_PersonalInfo,Atlas/UI_Item,[3104|2475|13104|6800|10103|860],[[3104|2475]|[13104|6800]|[10103|860]],[2|154|13000|2|155|130|2|156|22],[[2|154|13000]|[2|155|130]|[2|156|22]],icon_txt_T4,,153426,icon_lord_1,,62,lord_equip_desc0071,lord_equip_name03,5,1,3
1330063,Atlas/UI_PersonalInfo,Atlas/UI_Item,[3104|2510|13104|6900|10103|870],[[3104|2510]|[13104|6900]|[10103|870]],[2|154|13000|2|155|130|2|156|22],[[2|154|13000]|[2|155|130]|[2|156|22]],icon_txt_T4,,157759,icon_lord_1,,63,lord_equip_desc0071,lord_equip_name03,5,1,3
1330064,Atlas/UI_PersonalInfo,Atlas/UI_Item,[3104|2545|13104|7005|10103|885],[[3104|2545]|[13104|7005]|[10103|885]],[2|154|13000|2|155|140|2|156|23],[[2|154|13000]|[2|155|140]|[2|156|23]],icon_txt_T4,,162092,icon_lord_1,,64,lord_equip_desc0071,lord_equip_name03,5,2,3
1330065,Atlas/UI_PersonalInfo,Atlas/UI_Item,[3104|2585|13104|7105|10103|895],[[3104|2585]|[13104|7105]|[10103|895]],[2|154|13000|2|155|140|2|156|23],[[2|154|13000]|[2|155|140]|[2|156|23]],icon_txt_T4,,166424,icon_lord_1,,65,lord_equip_desc0071,lord_equip_name03,5,2,3
1330066,Atlas/UI_PersonalInfo,Atlas/UI_Item,[3104|2620|13104|7210|10103|910],[[3104|2620]|[13104|7210]|[10103|910]],[2|154|13000|2|155|140|2|156|23],[[2|154|13000]|[2|155|140]|[2|156|23]],icon_txt_T4,,170757,icon_lord_1,,66,lord_equip_desc0071,lord_equip_name03,5,2,3
1330067,Atlas/UI_PersonalInfo,Atlas/UI_Item,[3104|2660|13104|7310|10103|925],[[3104|2660]|[13104|7310]|[10103|925]],[2|154|13000|2|155|140|2|156|23],[[2|154|13000]|[2|155|140]|[2|156|23]],icon_txt_T4,,175090,icon_lord_1,,67,lord_equip_desc0071,lord_equip_name03,5,2,3
1330068,Atlas/UI_PersonalInfo,Atlas/UI_Item,[3104|2695|13104|7415|10103|935],[[3104|2695]|[13104|7415]|[10103|935]],[2|154|14000|2|155|150|2|156|25],[[2|154|14000]|[2|155|150]|[2|156|25]],icon_txt_T4,,179423,icon_lord_1,,68,lord_equip_desc0071,lord_equip_name03,5,3,3
1330069,Atlas/UI_PersonalInfo,Atlas/UI_Item,[3104|2735|13104|7515|10103|950],[[3104|2735]|[13104|7515]|[10103|950]],[2|154|14000|2|155|150|2|156|25],[[2|154|14000]|[2|155|150]|[2|156|25]],icon_txt_T4,,183756,icon_lord_1,,69,lord_equip_desc0071,lord_equip_name03,5,3,3
1330070,Atlas/UI_PersonalInfo,Atlas/UI_Item,[3104|2770|13104|7615|10103|960],[[3104|2770]|[13104|7615]|[10103|960]],[2|154|14000|2|155|150|2|156|25],[[2|154|14000]|[2|155|150]|[2|156|25]],icon_txt_T4,,188089,icon_lord_1,,70,lord_equip_desc0071,lord_equip_name03,5,3,3
1330071,Atlas/UI_PersonalInfo,Atlas/UI_Item,[3104|2805|13104|7720|10103|975],[[3104|2805]|[13104|7720]|[10103|975]],[2|154|14000|2|155|150|2|156|25],[[2|154|14000]|[2|155|150]|[2|156|25]],icon_txt_T4,,192422,icon_lord_1,,71,lord_equip_desc0071,lord_equip_name03,5,3,3
1330072,Atlas/UI_PersonalInfo,Atlas/UI_Item,[3104|2975|13104|8180|10103|1035],[[3104|2975]|[13104|8180]|[10103|1035]],[2|154|15000|2|155|140|2|156|20|2|157|2],[[2|154|15000]|[2|155|140]|[2|156|20]|[2|157|2]],,,196817,icon_lord_1,,72,lord_equip_desc008,lord_equip_name03,6,0,3
1330073,Atlas/UI_PersonalInfo,Atlas/UI_Item,[3104|3005|13104|8270|10103|1045],[[3104|3005]|[13104|8270]|[10103|1045]],[2|154|13000|2|155|140|2|156|20|2|157|2],[[2|154|13000]|[2|155|140]|[2|156|20]|[2|157|2]],,,201212,icon_lord_1,,73,lord_equip_desc008,lord_equip_name03,6,1,3
1330074,Atlas/UI_PersonalInfo,Atlas/UI_Item,[3104|3040|13104|8360|10103|1055],[[3104|3040]|[13104|8360]|[10103|1055]],[2|154|13000|2|155|140|2|156|20|2|157|2],[[2|154|13000]|[2|155|140]|[2|156|20]|[2|157|2]],,,205607,icon_lord_1,,74,lord_equip_desc008,lord_equip_name03,6,1,3
1330075,Atlas/UI_PersonalInfo,Atlas/UI_Item,[3104|3075|13104|8455|10103|1065],[[3104|3075]|[13104|8455]|[10103|1065]],[2|154|13000|2|155|140|2|156|20|2|157|2],[[2|154|13000]|[2|155|140]|[2|156|20]|[2|157|2]],,,210002,icon_lord_1,,75,lord_equip_desc008,lord_equip_name03,6,1,3
1330076,Atlas/UI_PersonalInfo,Atlas/UI_Item,[3104|3110|13104|8545|10103|1080],[[3104|3110]|[13104|8545]|[10103|1080]],[2|154|13000|2|155|140|2|156|20|2|157|2],[[2|154|13000]|[2|155|140]|[2|156|20]|[2|157|2]],,,214397,icon_lord_1,,76,lord_equip_desc008,lord_equip_name03,6,1,3
1330077,Atlas/UI_PersonalInfo,Atlas/UI_Item,[3104|3140|13104|8640|10103|1090],[[3104|3140]|[13104|8640]|[10103|1090]],[2|154|13000|2|155|140|2|156|20|2|157|2],[[2|154|13000]|[2|155|140]|[2|156|20]|[2|157|2]],,,218792,icon_lord_1,,77,lord_equip_desc008,lord_equip_name03,6,1,3
1330078,Atlas/UI_PersonalInfo,Atlas/UI_Item,[3104|3175|13104|8730|10103|1100],[[3104|3175]|[13104|8730]|[10103|1100]],[2|154|13500|2|155|160|2|156|25|2|157|2],[[2|154|13500]|[2|155|160]|[2|156|25]|[2|157|2]],,,223187,icon_lord_1,,78,lord_equip_desc008,lord_equip_name03,6,2,3
1330079,Atlas/UI_PersonalInfo,Atlas/UI_Item,[3104|3210|13104|8820|10103|1115],[[3104|3210]|[13104|8820]|[10103|1115]],[2|154|13500|2|155|160|2|156|25|2|157|2],[[2|154|13500]|[2|155|160]|[2|156|25]|[2|157|2]],,,227582,icon_lord_1,,79,lord_equip_desc008,lord_equip_name03,6,2,3
1330080,Atlas/UI_PersonalInfo,Atlas/UI_Item,[3104|3240|13104|8915|10103|1125],[[3104|3240]|[13104|8915]|[10103|1125]],[2|154|13500|2|155|160|2|156|25|2|157|2],[[2|154|13500]|[2|155|160]|[2|156|25]|[2|157|2]],,,231977,icon_lord_1,,80,lord_equip_desc008,lord_equip_name03,6,2,3
1330081,Atlas/UI_PersonalInfo,Atlas/UI_Item,[3104|3275|13104|9005|10103|1135],[[3104|3275]|[13104|9005]|[10103|1135]],[2|154|13500|2|155|160|2|156|25|2|157|2],[[2|154|13500]|[2|155|160]|[2|156|25]|[2|157|2]],,,236372,icon_lord_1,,81,lord_equip_desc008,lord_equip_name03,6,2,3
1330082,Atlas/UI_PersonalInfo,Atlas/UI_Item,[3104|3310|13104|9095|10103|1150],[[3104|3310]|[13104|9095]|[10103|1150]],[2|154|13500|2|155|160|2|156|25|2|157|2],[[2|154|13500]|[2|155|160]|[2|156|25]|[2|157|2]],,,240767,icon_lord_1,,82,lord_equip_desc008,lord_equip_name03,6,2,3
1330083,Atlas/UI_PersonalInfo,Atlas/UI_Item,[3104|3340|13104|9190|10103|1160],[[3104|3340]|[13104|9190]|[10103|1160]],[2|154|14000|2|155|160|2|156|25|2|157|4],[[2|154|14000]|[2|155|160]|[2|156|25]|[2|157|4]],,,245162,icon_lord_1,,83,lord_equip_desc008,lord_equip_name03,6,3,3
1330084,Atlas/UI_PersonalInfo,Atlas/UI_Item,[3104|3375|13104|9280|10103|1170],[[3104|3375]|[13104|9280]|[10103|1170]],[2|154|14000|2|155|160|2|156|25|2|157|4],[[2|154|14000]|[2|155|160]|[2|156|25]|[2|157|4]],,,249557,icon_lord_1,,84,lord_equip_desc008,lord_equip_name03,6,3,3
1330085,Atlas/UI_PersonalInfo,Atlas/UI_Item,[3104|3410|13104|9375|10103|1185],[[3104|3410]|[13104|9375]|[10103|1185]],[2|154|14000|2|155|160|2|156|25|2|157|4],[[2|154|14000]|[2|155|160]|[2|156|25]|[2|157|4]],,,253952,icon_lord_1,,85,lord_equip_desc008,lord_equip_name03,6,3,3
1330086,Atlas/UI_PersonalInfo,Atlas/UI_Item,[3104|3440|13104|9465|10103|1195],[[3104|3440]|[13104|9465]|[10103|1195]],[2|154|14000|2|155|160|2|156|25|2|157|4],[[2|154|14000]|[2|155|160]|[2|156|25]|[2|157|4]],,,258347,icon_lord_1,,86,lord_equip_desc008,lord_equip_name03,6,3,3
1330087,Atlas/UI_PersonalInfo,Atlas/UI_Item,[3104|3475|13104|9555|10103|1205],[[3104|3475]|[13104|9555]|[10103|1205]],[2|154|14000|2|155|160|2|156|25|2|157|4],[[2|154|14000]|[2|155|160]|[2|156|25]|[2|157|4]],,,262742,icon_lord_1,,87,lord_equip_desc008,lord_equip_name03,6,3,3
1330088,Atlas/UI_PersonalInfo,Atlas/UI_Item,[3104|3660|13104|10065|10103|1270],[[3104|3660]|[13104|10065]|[10103|1270]],[2|154|15000|2|155|180|2|156|25|2|157|4],[[2|154|15000]|[2|155|180]|[2|156|25]|[2|157|4]],icon_txt_T1,,268109,icon_lord_1,,88,lord_equip_desc009,lord_equip_name03,6,0,3
1330089,Atlas/UI_PersonalInfo,Atlas/UI_Item,[3104|3700|13104|10170|10103|1285],[[3104|3700]|[13104|10170]|[10103|1285]],[2|154|14000|2|155|160|2|156|28|2|157|3],[[2|154|14000]|[2|155|160]|[2|156|28]|[2|157|3]],icon_txt_T1,,273477,icon_lord_1,,89,lord_equip_desc009,lord_equip_name03,6,1,3
1330090,Atlas/UI_PersonalInfo,Atlas/UI_Item,[3104|3735|13104|10270|10103|1295],[[3104|3735]|[13104|10270]|[10103|1295]],[2|154|14000|2|155|160|2|156|28|2|157|3],[[2|154|14000]|[2|155|160]|[2|156|28]|[2|157|3]],icon_txt_T1,,278844,icon_lord_1,,90,lord_equip_desc009,lord_equip_name03,6,1,3
1330091,Atlas/UI_PersonalInfo,Atlas/UI_Item,[3104|3770|13104|10375|10103|1310],[[3104|3770]|[13104|10375]|[10103|1310]],[2|154|14000|2|155|160|2|156|28|2|157|3],[[2|154|14000]|[2|155|160]|[2|156|28]|[2|157|3]],icon_txt_T1,,284212,icon_lord_1,,91,lord_equip_desc009,lord_equip_name03,6,1,3
1330092,Atlas/UI_PersonalInfo,Atlas/UI_Item,[3104|3810|13104|10475|10103|1325],[[3104|3810]|[13104|10475]|[10103|1325]],[2|154|14000|2|155|160|2|156|28|2|157|3],[[2|154|14000]|[2|155|160]|[2|156|28]|[2|157|3]],icon_txt_T1,,289580,icon_lord_1,,92,lord_equip_desc009,lord_equip_name03,6,1,3
1330093,Atlas/UI_PersonalInfo,Atlas/UI_Item,[3104|3845|13104|10580|10103|1335],[[3104|3845]|[13104|10580]|[10103|1335]],[2|154|14000|2|155|160|2|156|28|2|157|3],[[2|154|14000]|[2|155|160]|[2|156|28]|[2|157|3]],icon_txt_T1,,294947,icon_lord_1,,93,lord_equip_desc009,lord_equip_name03,6,1,3
1330094,Atlas/UI_PersonalInfo,Atlas/UI_Item,[3104|3885|13104|10680|10103|1350],[[3104|3885]|[13104|10680]|[10103|1350]],[2|154|15000|2|155|170|2|156|30|2|157|4],[[2|154|15000]|[2|155|170]|[2|156|30]|[2|157|4]],icon_txt_T1,,300315,icon_lord_1,,94,lord_equip_desc009,lord_equip_name03,6,2,3
1330095,Atlas/UI_PersonalInfo,Atlas/UI_Item,[3104|3920|13104|10780|10103|1360],[[3104|3920]|[13104|10780]|[10103|1360]],[2|154|15000|2|155|170|2|156|30|2|157|4],[[2|154|15000]|[2|155|170]|[2|156|30]|[2|157|4]],icon_txt_T1,,305683,icon_lord_1,,95,lord_equip_desc009,lord_equip_name03,6,2,3
1330096,Atlas/UI_PersonalInfo,Atlas/UI_Item,[3104|3960|13104|10885|10103|1375],[[3104|3960]|[13104|10885]|[10103|1375]],[2|154|15000|2|155|170|2|156|30|2|157|4],[[2|154|15000]|[2|155|170]|[2|156|30]|[2|157|4]],icon_txt_T1,,311050,icon_lord_1,,96,lord_equip_desc009,lord_equip_name03,6,2,3
1330097,Atlas/UI_PersonalInfo,Atlas/UI_Item,[3104|3995|13104|10985|10103|1385],[[3104|3995]|[13104|10985]|[10103|1385]],[2|154|15000|2|155|170|2|156|30|2|157|4],[[2|154|15000]|[2|155|170]|[2|156|30]|[2|157|4]],icon_txt_T1,,316418,icon_lord_1,,97,lord_equip_desc009,lord_equip_name03,6,2,3
1330098,Atlas/UI_PersonalInfo,Atlas/UI_Item,[3104|4030|13104|11090|10103|1400],[[3104|4030]|[13104|11090]|[10103|1400]],[2|154|15000|2|155|170|2|156|30|2|157|4],[[2|154|15000]|[2|155|170]|[2|156|30]|[2|157|4]],icon_txt_T1,,321785,icon_lord_1,,98,lord_equip_desc009,lord_equip_name03,6,2,3
1330099,Atlas/UI_PersonalInfo,Atlas/UI_Item,[3104|4070|13104|11190|10103|1415],[[3104|4070]|[13104|11190]|[10103|1415]],[2|154|16500|2|155|175|2|156|30|2|157|4],[[2|154|16500]|[2|155|175]|[2|156|30]|[2|157|4]],icon_txt_T1,,327153,icon_lord_1,,99,lord_equip_desc009,lord_equip_name03,6,3,3
1330100,Atlas/UI_PersonalInfo,Atlas/UI_Item,[3104|4105|13104|11295|10103|1425],[[3104|4105]|[13104|11295]|[10103|1425]],[2|154|16500|2|155|175|2|156|30|2|157|4],[[2|154|16500]|[2|155|175]|[2|156|30]|[2|157|4]],icon_txt_T1,,332521,icon_lord_1,,100,lord_equip_desc009,lord_equip_name03,6,3,3
1330101,Atlas/UI_PersonalInfo,Atlas/UI_Item,[3104|4145|13104|11395|10103|1440],[[3104|4145]|[13104|11395]|[10103|1440]],[2|154|16500|2|155|175|2|156|30|2|157|4],[[2|154|16500]|[2|155|175]|[2|156|30]|[2|157|4]],icon_txt_T1,,337888,icon_lord_1,,101,lord_equip_desc009,lord_equip_name03,6,3,3
1330102,Atlas/UI_PersonalInfo,Atlas/UI_Item,[3104|4180|13104|11495|10103|1450],[[3104|4180]|[13104|11495]|[10103|1450]],[2|154|16500|2|155|175|2|156|30|2|157|4],[[2|154|16500]|[2|155|175]|[2|156|30]|[2|157|4]],icon_txt_T1,,343256,icon_lord_1,,102,lord_equip_desc009,lord_equip_name03,6,3,3
1330103,Atlas/UI_PersonalInfo,Atlas/UI_Item,[3104|4220|13104|11600|10103|1465],[[3104|4220]|[13104|11600]|[10103|1465]],[2|154|16500|2|155|175|2|156|30|2|157|4],[[2|154|16500]|[2|155|175]|[2|156|30]|[2|157|4]],icon_txt_T1,,348624,icon_lord_1,,103,lord_equip_desc009,lord_equip_name03,6,3,3
1330104,Atlas/UI_PersonalInfo,Atlas/UI_Item,[3104|4425|13104|12170|10103|1535],[[3104|4425]|[13104|12170]|[10103|1535]],[2|154|18000|2|155|190|2|156|30|2|157|4],[[2|154|18000]|[2|155|190]|[2|156|30]|[2|157|4]],icon_txt_T2,,355145,icon_lord_1,,104,lord_equip_desc010,lord_equip_name03,6,0,3
1330105,Atlas/UI_PersonalInfo,Atlas/UI_Item,[3104|4465|13104|12285|10103|1550],[[3104|4465]|[13104|12285]|[10103|1550]],[2|154|17000|2|155|195|2|156|35|2|157|5],[[2|154|17000]|[2|155|195]|[2|156|35]|[2|157|5]],icon_txt_T2,,361667,icon_lord_1,,105,lord_equip_desc010,lord_equip_name03,6,1,3
1330106,Atlas/UI_PersonalInfo,Atlas/UI_Item,[3104|4510|13104|12400|10103|1565],[[3104|4510]|[13104|12400]|[10103|1565]],[2|154|17000|2|155|195|2|156|35|2|157|5],[[2|154|17000]|[2|155|195]|[2|156|35]|[2|157|5]],icon_txt_T2,,368189,icon_lord_1,,106,lord_equip_desc010,lord_equip_name03,6,1,3
1330107,Atlas/UI_PersonalInfo,Atlas/UI_Item,[3104|4550|13104|12515|10103|1580],[[3104|4550]|[13104|12515]|[10103|1580]],[2|154|17000|2|155|195|2|156|35|2|157|5],[[2|154|17000]|[2|155|195]|[2|156|35]|[2|157|5]],icon_txt_T2,,374710,icon_lord_1,,107,lord_equip_desc010,lord_equip_name03,6,1,3
1330108,Atlas/UI_PersonalInfo,Atlas/UI_Item,[3104|4590|13104|12630|10103|1595],[[3104|4590]|[13104|12630]|[10103|1595]],[2|154|17000|2|155|195|2|156|35|2|157|5],[[2|154|17000]|[2|155|195]|[2|156|35]|[2|157|5]],icon_txt_T2,,381232,icon_lord_1,,108,lord_equip_desc010,lord_equip_name03,6,1,3
1330109,Atlas/UI_PersonalInfo,Atlas/UI_Item,[3104|4635|13104|12745|10103|1610],[[3104|4635]|[13104|12745]|[10103|1610]],[2|154|17000|2|155|195|2|156|35|2|157|5],[[2|154|17000]|[2|155|195]|[2|156|35]|[2|157|5]],icon_txt_T2,,387754,icon_lord_1,,109,lord_equip_desc010,lord_equip_name03,6,1,3
1330110,Atlas/UI_PersonalInfo,Atlas/UI_Item,[3104|4675|13104|12855|10103|1625],[[3104|4675]|[13104|12855]|[10103|1625]],[2|154|18000|2|155|220|2|156|35|2|157|5],[[2|154|18000]|[2|155|220]|[2|156|35]|[2|157|5]],icon_txt_T2,,394275,icon_lord_1,,110,lord_equip_desc010,lord_equip_name03,6,2,3
1330111,Atlas/UI_PersonalInfo,Atlas/UI_Item,[3104|4715|13104|12970|10103|1640],[[3104|4715]|[13104|12970]|[10103|1640]],[2|154|18000|2|155|220|2|156|35|2|157|5],[[2|154|18000]|[2|155|220]|[2|156|35]|[2|157|5]],icon_txt_T2,,400797,icon_lord_1,,111,lord_equip_desc010,lord_equip_name03,6,2,3
1330112,Atlas/UI_PersonalInfo,Atlas/UI_Item,[3104|4760|13104|13085|10103|1650],[[3104|4760]|[13104|13085]|[10103|1650]],[2|154|18000|2|155|220|2|156|35|2|157|5],[[2|154|18000]|[2|155|220]|[2|156|35]|[2|157|5]],icon_txt_T2,,407319,icon_lord_1,,112,lord_equip_desc010,lord_equip_name03,6,2,3
1330113,Atlas/UI_PersonalInfo,Atlas/UI_Item,[3104|4800|13104|13200|10103|1665],[[3104|4800]|[13104|13200]|[10103|1665]],[2|154|18000|2|155|220|2|156|35|2|157|5],[[2|154|18000]|[2|155|220]|[2|156|35]|[2|157|5]],icon_txt_T2,,413840,icon_lord_1,,113,lord_equip_desc010,lord_equip_name03,6,2,3
1330114,Atlas/UI_PersonalInfo,Atlas/UI_Item,[3104|4840|13104|13315|10103|1680],[[3104|4840]|[13104|13315]|[10103|1680]],[2|154|18000|2|155|220|2|156|35|2|157|5],[[2|154|18000]|[2|155|220]|[2|156|35]|[2|157|5]],icon_txt_T2,,420362,icon_lord_1,,114,lord_equip_desc010,lord_equip_name03,6,2,3
1330115,Atlas/UI_PersonalInfo,Atlas/UI_Item,[3104|4885|13104|13430|10103|1695],[[3104|4885]|[13104|13430]|[10103|1695]],[2|154|19000|2|155|230|2|156|40|2|157|5],[[2|154|19000]|[2|155|230]|[2|156|40]|[2|157|5]],icon_txt_T2,,426884,icon_lord_1,,115,lord_equip_desc010,lord_equip_name03,6,3,3
1330116,Atlas/UI_PersonalInfo,Atlas/UI_Item,[3104|4925|13104|13545|10103|1710],[[3104|4925]|[13104|13545]|[10103|1710]],[2|154|19000|2|155|230|2|156|40|2|157|5],[[2|154|19000]|[2|155|230]|[2|156|40]|[2|157|5]],icon_txt_T2,,433405,icon_lord_1,,116,lord_equip_desc010,lord_equip_name03,6,3,3
1330117,Atlas/UI_PersonalInfo,Atlas/UI_Item,[3104|4965|13104|13655|10103|1725],[[3104|4965]|[13104|13655]|[10103|1725]],[2|154|19000|2|155|230|2|156|40|2|157|5],[[2|154|19000]|[2|155|230]|[2|156|40]|[2|157|5]],icon_txt_T2,,439927,icon_lord_1,,117,lord_equip_desc010,lord_equip_name03,6,3,3
1330118,Atlas/UI_PersonalInfo,Atlas/UI_Item,[3104|5010|13104|13770|10103|1740],[[3104|5010]|[13104|13770]|[10103|1740]],[2|154|19000|2|155|230|2|156|40|2|157|5],[[2|154|19000]|[2|155|230]|[2|156|40]|[2|157|5]],icon_txt_T2,,446449,icon_lord_1,,118,lord_equip_desc010,lord_equip_name03,6,3,3
1330119,Atlas/UI_PersonalInfo,Atlas/UI_Item,[3104|5050|13104|13885|10103|1755],[[3104|5050]|[13104|13885]|[10103|1755]],[2|154|19000|2|155|230|2|156|40|2|157|5],[[2|154|19000]|[2|155|230]|[2|156|40]|[2|157|5]],icon_txt_T2,,452971,icon_lord_1,,119,lord_equip_desc010,lord_equip_name03,6,3,3
1330120,Atlas/UI_PersonalInfo,Atlas/UI_Item,[3104|5285|13104|14540|10103|1835],[[3104|5285]|[13104|14540]|[10103|1835]],[2|154|20000|2|155|245|2|156|40|2|157|5],[[2|154|20000]|[2|155|245]|[2|156|40]|[2|157|5]],icon_txt_T3,,460944,icon_lord_1,,120,lord_equip_desc011,lord_equip_name03,6,0,3
1330121,Atlas/UI_PersonalInfo,Atlas/UI_Item,[3104|5335|13104|14670|10103|1850],[[3104|5335]|[13104|14670]|[10103|1850]],[2|154|20000|2|155|240|2|156|40|2|157|6],[[2|154|20000]|[2|155|240]|[2|156|40]|[2|157|6]],icon_txt_T3,,468917,icon_lord_1,,121,lord_equip_desc011,lord_equip_name03,6,1,3
1330122,Atlas/UI_PersonalInfo,Atlas/UI_Item,[3104|5380|13104|14800|10103|1870],[[3104|5380]|[13104|14800]|[10103|1870]],[2|154|20000|2|155|240|2|156|40|2|157|6],[[2|154|20000]|[2|155|240]|[2|156|40]|[2|157|6]],icon_txt_T3,,476890,icon_lord_1,,122,lord_equip_desc011,lord_equip_name03,6,1,3
1330123,Atlas/UI_PersonalInfo,Atlas/UI_Item,[3104|5430|13104|14930|10103|1885],[[3104|5430]|[13104|14930]|[10103|1885]],[2|154|20000|2|155|240|2|156|40|2|157|6],[[2|154|20000]|[2|155|240]|[2|156|40]|[2|157|6]],icon_txt_T3,,484864,icon_lord_1,,123,lord_equip_desc011,lord_equip_name03,6,1,3
1330124,Atlas/UI_PersonalInfo,Atlas/UI_Item,[3104|5475|13104|15060|10103|1900],[[3104|5475]|[13104|15060]|[10103|1900]],[2|154|20000|2|155|240|2|156|40|2|157|6],[[2|154|20000]|[2|155|240]|[2|156|40]|[2|157|6]],icon_txt_T3,,492837,icon_lord_1,,124,lord_equip_desc011,lord_equip_name03,6,1,3
1330125,Atlas/UI_PersonalInfo,Atlas/UI_Item,[3104|5525|13104|15195|10103|1920],[[3104|5525]|[13104|15195]|[10103|1920]],[2|154|20000|2|155|240|2|156|40|2|157|6],[[2|154|20000]|[2|155|240]|[2|156|40]|[2|157|6]],icon_txt_T3,,500810,icon_lord_1,,125,lord_equip_desc011,lord_equip_name03,6,1,3
1330126,Atlas/UI_PersonalInfo,Atlas/UI_Item,[3104|5570|13104|15325|10103|1935],[[3104|5570]|[13104|15325]|[10103|1935]],[2|154|21000|2|155|250|2|156|40|2|157|6],[[2|154|21000]|[2|155|250]|[2|156|40]|[2|157|6]],icon_txt_T3,,508783,icon_lord_1,,126,lord_equip_desc011,lord_equip_name03,6,2,3
1330127,Atlas/UI_PersonalInfo,Atlas/UI_Item,[3104|5620|13104|15455|10103|1950],[[3104|5620]|[13104|15455]|[10103|1950]],[2|154|21000|2|155|250|2|156|40|2|157|6],[[2|154|21000]|[2|155|250]|[2|156|40]|[2|157|6]],icon_txt_T3,,516757,icon_lord_1,,127,lord_equip_desc011,lord_equip_name03,6,2,3
1330128,Atlas/UI_PersonalInfo,Atlas/UI_Item,[3104|5665|13104|15585|10103|1970],[[3104|5665]|[13104|15585]|[10103|1970]],[2|154|21000|2|155|250|2|156|40|2|157|6],[[2|154|21000]|[2|155|250]|[2|156|40]|[2|157|6]],icon_txt_T3,,524730,icon_lord_1,,128,lord_equip_desc011,lord_equip_name03,6,2,3
1330129,Atlas/UI_PersonalInfo,Atlas/UI_Item,[3104|5715|13104|15715|10103|1985],[[3104|5715]|[13104|15715]|[10103|1985]],[2|154|21000|2|155|250|2|156|40|2|157|6],[[2|154|21000]|[2|155|250]|[2|156|40]|[2|157|6]],icon_txt_T3,,532703,icon_lord_1,,129,lord_equip_desc011,lord_equip_name03,6,2,3
1330130,Atlas/UI_PersonalInfo,Atlas/UI_Item,[3104|5760|13104|15845|10103|2000],[[3104|5760]|[13104|15845]|[10103|2000]],[2|154|21000|2|155|250|2|156|40|2|157|6],[[2|154|21000]|[2|155|250]|[2|156|40]|[2|157|6]],icon_txt_T3,,540676,icon_lord_1,,130,lord_equip_desc011,lord_equip_name03,6,2,3
1330131,Atlas/UI_PersonalInfo,Atlas/UI_Item,[3104|5810|13104|15975|10103|2015],[[3104|5810]|[13104|15975]|[10103|2015]],[2|154|21000|2|155|270|2|156|45|2|157|7],[[2|154|21000]|[2|155|270]|[2|156|45]|[2|157|7]],icon_txt_T3,,548650,icon_lord_1,,131,lord_equip_desc011,lord_equip_name03,6,3,3
1330132,Atlas/UI_PersonalInfo,Atlas/UI_Item,[3104|5855|13104|16110|10103|2035],[[3104|5855]|[13104|16110]|[10103|2035]],[2|154|21000|2|155|270|2|156|45|2|157|7],[[2|154|21000]|[2|155|270]|[2|156|45]|[2|157|7]],icon_txt_T3,,556623,icon_lord_1,,132,lord_equip_desc011,lord_equip_name03,6,3,3
1330133,Atlas/UI_PersonalInfo,Atlas/UI_Item,[3104|5905|13104|16240|10103|2050],[[3104|5905]|[13104|16240]|[10103|2050]],[2|154|21000|2|155|270|2|156|45|2|157|7],[[2|154|21000]|[2|155|270]|[2|156|45]|[2|157|7]],icon_txt_T3,,564596,icon_lord_1,,133,lord_equip_desc011,lord_equip_name03,6,3,3
1330134,Atlas/UI_PersonalInfo,Atlas/UI_Item,[3104|5950|13104|16370|10103|2065],[[3104|5950]|[13104|16370]|[10103|2065]],[2|154|21000|2|155|270|2|156|45|2|157|7],[[2|154|21000]|[2|155|270]|[2|156|45]|[2|157|7]],icon_txt_T3,,572569,icon_lord_1,,134,lord_equip_desc011,lord_equip_name03,6,3,3
1330135,Atlas/UI_PersonalInfo,Atlas/UI_Item,[3104|6000|13104|16500|10103|2085],[[3104|6000]|[13104|16500]|[10103|2085]],[2|154|21000|2|155|270|2|156|45|2|157|7],[[2|154|21000]|[2|155|270]|[2|156|45]|[2|157|7]],icon_txt_T3,,580543,icon_lord_1,,135,lord_equip_desc011,lord_equip_name03,6,3,3
1330136,Atlas/UI_PersonalInfo,Atlas/UI_Item,[3104|6050|13104|16645|10103|2100],[[3104|6050]|[13104|16645]|[10103|2100]],[2|154|24000|2|155|290|2|156|50|2|157|8],[[2|154|24000]|[2|155|290]|[2|156|50]|[2|157|8]],icon_txt_T4,,591566,icon_lord_1,,136,lord_equip_desc011,lord_equip_name03,6,0,3
1330137,Atlas/UI_PersonalInfo,Atlas/UI_Item,[3104|6105|13104|16785|10103|2120],[[3104|6105]|[13104|16785]|[10103|2120]],[2|154|24000|2|155|290|2|156|50|2|157|8],[[2|154|24000]|[2|155|290]|[2|156|50]|[2|157|8]],icon_txt_T4,,602692,icon_lord_1,,137,lord_equip_desc011,lord_equip_name03,6,1,3
1330138,Atlas/UI_PersonalInfo,Atlas/UI_Item,[3104|6155|13104|16930|10103|2140],[[3104|6155]|[13104|16930]|[10103|2140]],[2|154|24000|2|155|290|2|156|50|2|157|8],[[2|154|24000]|[2|155|290]|[2|156|50]|[2|157|8]],icon_txt_T4,,613921,icon_lord_1,,138,lord_equip_desc011,lord_equip_name03,6,1,3
1330139,Atlas/UI_PersonalInfo,Atlas/UI_Item,[3104|6210|13104|17075|10103|2155],[[3104|6210]|[13104|17075]|[10103|2155]],[2|154|24000|2|155|290|2|156|50|2|157|8],[[2|154|24000]|[2|155|290]|[2|156|50]|[2|157|8]],icon_txt_T4,,625253,icon_lord_1,,139,lord_equip_desc011,lord_equip_name03,6,1,3
1330140,Atlas/UI_PersonalInfo,Atlas/UI_Item,[3104|6260|13104|17220|10103|2175],[[3104|6260]|[13104|17220]|[10103|2175]],[2|154|24000|2|155|290|2|156|50|2|157|8],[[2|154|24000]|[2|155|290]|[2|156|50]|[2|157|8]],icon_txt_T4,,636687,icon_lord_1,,140,lord_equip_desc011,lord_equip_name03,6,1,3
1330141,Atlas/UI_PersonalInfo,Atlas/UI_Item,[3104|6315|13104|17360|10103|2190],[[3104|6315]|[13104|17360]|[10103|2190]],[2|154|24000|2|155|290|2|156|50|2|157|8],[[2|154|24000]|[2|155|290]|[2|156|50]|[2|157|8]],icon_txt_T4,,648225,icon_lord_1,,141,lord_equip_desc011,lord_equip_name03,6,1,3
1330142,Atlas/UI_PersonalInfo,Atlas/UI_Item,[3104|6365|13104|17505|10103|2210],[[3104|6365]|[13104|17505]|[10103|2210]],[2|154|24000|2|155|290|2|156|50|2|157|10],[[2|154|24000]|[2|155|290]|[2|156|50]|[2|157|10]],icon_txt_T4,,659866,icon_lord_1,,142,lord_equip_desc011,lord_equip_name03,6,1,3
1330143,Atlas/UI_PersonalInfo,Atlas/UI_Item,[3104|6420|13104|17650|10103|2230],[[3104|6420]|[13104|17650]|[10103|2230]],[2|154|24000|2|155|290|2|156|50|2|157|10],[[2|154|24000]|[2|155|290]|[2|156|50]|[2|157|10]],icon_txt_T4,,671610,icon_lord_1,,143,lord_equip_desc011,lord_equip_name03,6,1,3
1330144,Atlas/UI_PersonalInfo,Atlas/UI_Item,[3104|6470|13104|17795|10103|2245],[[3104|6470]|[13104|17795]|[10103|2245]],[2|154|24000|2|155|290|2|156|50|2|157|10],[[2|154|24000]|[2|155|290]|[2|156|50]|[2|157|10]],icon_txt_T4,,683457,icon_lord_1,,144,lord_equip_desc011,lord_equip_name03,6,1,3
1330145,Atlas/UI_PersonalInfo,Atlas/UI_Item,[3104|6525|13104|17935|10103|2265],[[3104|6525]|[13104|17935]|[10103|2265]],[2|154|24000|2|155|290|2|156|50|2|157|10],[[2|154|24000]|[2|155|290]|[2|156|50]|[2|157|10]],icon_txt_T4,,695407,icon_lord_1,,145,lord_equip_desc011,lord_equip_name03,6,1,3
1330146,Atlas/UI_PersonalInfo,Atlas/UI_Item,[3104|6575|13104|18080|10103|2285],[[3104|6575]|[13104|18080]|[10103|2285]],[2|154|24000|2|155|290|2|156|50|2|157|10],[[2|154|24000]|[2|155|290]|[2|156|50]|[2|157|10]],icon_txt_T4,,707461,icon_lord_1,,146,lord_equip_desc011,lord_equip_name03,6,1,3
1330147,Atlas/UI_PersonalInfo,Atlas/UI_Item,[3104|6630|13104|18240|10103|2305],[[3104|6630]|[13104|18240]|[10103|2305]],[2|154|30000|2|155|320|2|156|60|2|157|12],[[2|154|30000]|[2|155|320]|[2|156|60]|[2|157|12]],icon_txt_T4,,720149,icon_lord_1,,147,lord_equip_desc011,lord_equip_name03,6,2,3
1330148,Atlas/UI_PersonalInfo,Atlas/UI_Item,[3104|6690|13104|18395|10103|2325],[[3104|6690]|[13104|18395]|[10103|2325]],[2|154|30000|2|155|320|2|156|60|2|157|12],[[2|154|30000]|[2|155|320]|[2|156|60]|[2|157|12]],icon_txt_T4,,732950,icon_lord_1,,148,lord_equip_desc011,lord_equip_name03,6,2,3
1330149,Atlas/UI_PersonalInfo,Atlas/UI_Item,[3104|6745|13104|18555|10103|2345],[[3104|6745]|[13104|18555]|[10103|2345]],[2|154|30000|2|155|320|2|156|60|2|157|12],[[2|154|30000]|[2|155|320]|[2|156|60]|[2|157|12]],icon_txt_T4,,745863,icon_lord_1,,149,lord_equip_desc011,lord_equip_name03,6,2,3
1330150,Atlas/UI_PersonalInfo,Atlas/UI_Item,[3104|6805|13104|18710|10103|2360],[[3104|6805]|[13104|18710]|[10103|2360]],[2|154|30000|2|155|320|2|156|60|2|157|12],[[2|154|30000]|[2|155|320]|[2|156|60]|[2|157|12]],icon_txt_T4,,758890,icon_lord_1,,150,lord_equip_desc011,lord_equip_name03,6,2,3
1330151,Atlas/UI_PersonalInfo,Atlas/UI_Item,[3104|6860|13104|18865|10103|2380],[[3104|6860]|[13104|18865]|[10103|2380]],[2|154|30000|2|155|320|2|156|60|2|157|12],[[2|154|30000]|[2|155|320]|[2|156|60]|[2|157|12]],icon_txt_T4,,772029,icon_lord_1,,151,lord_equip_desc011,lord_equip_name03,6,2,3
1330152,Atlas/UI_PersonalInfo,Atlas/UI_Item,[3104|6920|13104|19025|10103|2400],[[3104|6920]|[13104|19025]|[10103|2400]],[2|154|30000|2|155|320|2|156|60|2|157|14],[[2|154|30000]|[2|155|320]|[2|156|60]|[2|157|14]],icon_txt_T4,,785280,icon_lord_1,,152,lord_equip_desc011,lord_equip_name03,6,2,3
1330153,Atlas/UI_PersonalInfo,Atlas/UI_Item,[3104|6975|13104|19180|10103|2420],[[3104|6975]|[13104|19180]|[10103|2420]],[2|154|30000|2|155|320|2|156|60|2|157|14],[[2|154|30000]|[2|155|320]|[2|156|60]|[2|157|14]],icon_txt_T4,,798645,icon_lord_1,,153,lord_equip_desc011,lord_equip_name03,6,2,3
1330154,Atlas/UI_PersonalInfo,Atlas/UI_Item,[3104|7030|13104|19340|10103|2440],[[3104|7030]|[13104|19340]|[10103|2440]],[2|154|30000|2|155|320|2|156|60|2|157|14],[[2|154|30000]|[2|155|320]|[2|156|60]|[2|157|14]],icon_txt_T4,,812122,icon_lord_1,,154,lord_equip_desc011,lord_equip_name03,6,2,3
1330155,Atlas/UI_PersonalInfo,Atlas/UI_Item,[3104|7090|13104|19495|10103|2460],[[3104|7090]|[13104|19495]|[10103|2460]],[2|154|30000|2|155|320|2|156|60|2|157|14],[[2|154|30000]|[2|155|320]|[2|156|60]|[2|157|14]],icon_txt_T4,,825712,icon_lord_1,,155,lord_equip_desc011,lord_equip_name03,6,2,3
1330156,Atlas/UI_PersonalInfo,Atlas/UI_Item,[3104|7145|13104|19655|10103|2480],[[3104|7145]|[13104|19655]|[10103|2480]],[2|154|30000|2|155|320|2|156|60|2|157|14],[[2|154|30000]|[2|155|320]|[2|156|60]|[2|157|14]],icon_txt_T4,,839414,icon_lord_1,,156,lord_equip_desc011,lord_equip_name03,6,2,3
1330157,Atlas/UI_PersonalInfo,Atlas/UI_Item,[3104|7210|13104|19835|10103|2505],[[3104|7210]|[13104|19835]|[10103|2505]],[2|154|36000|2|155|360|2|156|70|2|157|14],[[2|154|36000]|[2|155|360]|[2|156|70]|[2|157|14]],icon_txt_T4,,854197,icon_lord_1,,157,lord_equip_desc011,lord_equip_name03,6,3,3
1330158,Atlas/UI_PersonalInfo,Atlas/UI_Item,[3104|7275|13104|20015|10103|2525],[[3104|7275]|[13104|20015]|[10103|2525]],[2|154|36000|2|155|360|2|156|70|2|157|16],[[2|154|36000]|[2|155|360]|[2|156|70]|[2|157|16]],icon_txt_T4,,869108,icon_lord_1,,158,lord_equip_desc011,lord_equip_name03,6,3,3
1330159,Atlas/UI_PersonalInfo,Atlas/UI_Item,[3104|7345|13104|20190|10103|2550],[[3104|7345]|[13104|20190]|[10103|2550]],[2|154|36000|2|155|360|2|156|70|2|157|16],[[2|154|36000]|[2|155|360]|[2|156|70]|[2|157|16]],icon_txt_T4,,884148,icon_lord_1,,159,lord_equip_desc011,lord_equip_name03,6,3,3
1330160,Atlas/UI_PersonalInfo,Atlas/UI_Item,[3104|7410|13104|20370|10103|2570],[[3104|7410]|[13104|20370]|[10103|2570]],[2|154|36000|2|155|360|2|156|70|2|157|16],[[2|154|36000]|[2|155|360]|[2|156|70]|[2|157|16]],icon_txt_T4,,899317,icon_lord_1,,160,lord_equip_desc011,lord_equip_name03,6,3,3
1330161,Atlas/UI_PersonalInfo,Atlas/UI_Item,[3104|7475|13104|20550|10103|2595],[[3104|7475]|[13104|20550]|[10103|2595]],[2|154|36000|2|155|360|2|156|70|2|157|16],[[2|154|36000]|[2|155|360]|[2|156|70]|[2|157|16]],icon_txt_T4,,914615,icon_lord_1,,161,lord_equip_desc011,lord_equip_name03,6,3,3
1330162,Atlas/UI_PersonalInfo,Atlas/UI_Item,[3104|7540|13104|20730|10103|2620],[[3104|7540]|[13104|20730]|[10103|2620]],[2|154|36000|2|155|360|2|156|70|2|157|18],[[2|154|36000]|[2|155|360]|[2|156|70]|[2|157|18]],icon_txt_T4,,930041,icon_lord_1,,162,lord_equip_desc011,lord_equip_name03,6,3,3
1330163,Atlas/UI_PersonalInfo,Atlas/UI_Item,[3104|7605|13104|20910|10103|2640],[[3104|7605]|[13104|20910]|[10103|2640]],[2|154|36000|2|155|360|2|156|70|2|157|18],[[2|154|36000]|[2|155|360]|[2|156|70]|[2|157|18]],icon_txt_T4,,945596,icon_lord_1,,163,lord_equip_desc011,lord_equip_name03,6,3,3
1330164,Atlas/UI_PersonalInfo,Atlas/UI_Item,[3104|7670|13104|21090|10103|2665],[[3104|7670]|[13104|21090]|[10103|2665]],[2|154|36000|2|155|360|2|156|70|2|157|18],[[2|154|36000]|[2|155|360]|[2|156|70]|[2|157|18]],icon_txt_T4,,961281,icon_lord_1,,164,lord_equip_desc011,lord_equip_name03,6,3,3
1330165,Atlas/UI_PersonalInfo,Atlas/UI_Item,[3104|7735|13104|21270|10103|2685],[[3104|7735]|[13104|21270]|[10103|2685]],[2|154|36000|2|155|360|2|156|70|2|157|18],[[2|154|36000]|[2|155|360]|[2|156|70]|[2|157|18]],icon_txt_T4,,977093,icon_lord_1,,165,lord_equip_desc011,lord_equip_name03,6,3,3
1330166,Atlas/UI_PersonalInfo,Atlas/UI_Item,[3104|7800|13104|21450|10103|2710],[[3104|7800]|[13104|21450]|[10103|2710]],[2|154|36000|2|155|360|2|156|70|2|157|18],[[2|154|36000]|[2|155|360]|[2|156|70]|[2|157|18]],icon_txt_T4,,993035,icon_lord_1,,166,lord_equip_desc011,lord_equip_name03,6,3,3
1340001,Atlas/UI_PersonalInfo,Atlas/UI_Item,[3103|35|13103|75|10104|70],[[3103|35]|[13103|75]|[10104|70]],[2|154|1500|2|155|20],[[2|154|1500]|[2|155|20]],,,1818,icon_lord_4,,1,lord_equip_desc001,lord_equip_name04,2,0,4
1340002,Atlas/UI_PersonalInfo,Atlas/UI_Item,[3103|75|13103|155|10104|135],[[3103|75]|[13103|155]|[10104|135]],[2|154|3800|2|155|40],[[2|154|3800]|[2|155|40]],,,3897,icon_lord_4,,2,lord_equip_desc001,lord_equip_name04,2,1,4
1340003,Atlas/UI_PersonalInfo,Atlas/UI_Item,[3103|115|13103|240|10104|210],[[3103|115]|[13103|240]|[10104|210]],[2|154|4000|2|155|50],[[2|154|4000]|[2|155|50]],,,5600,icon_lord_4,,3,lord_equip_desc002,lord_equip_name04,3,0,4
1340004,Atlas/UI_PersonalInfo,Atlas/UI_Item,[3103|135|13103|280|10104|250],[[3103|135]|[13103|280]|[10104|250]],[2|154|6400|2|155|60],[[2|154|6400]|[2|155|60]],,,7304,icon_lord_4,,4,lord_equip_desc002,lord_equip_name04,3,1,4
1340005,Atlas/UI_PersonalInfo,Atlas/UI_Item,[3103|155|13103|325|10104|285],[[3103|155]|[13103|325]|[10104|285]],[2|154|6400|2|155|60],[[2|154|6400]|[2|155|60]],,,9008,icon_lord_4,,5,lord_equip_desc002,lord_equip_name04,3,1,4
1340006,Atlas/UI_PersonalInfo,Atlas/UI_Item,[3103|175|13103|365|10104|325],[[3103|175]|[13103|365]|[10104|325]],[2|154|1300|2|155|5|2|156|10],[[2|154|1300]|[2|155|5]|[2|156|10]],,,10712,icon_lord_4,,6,lord_equip_desc002,lord_equip_name04,3,2,4
1340007,Atlas/UI_PersonalInfo,Atlas/UI_Item,[3103|195|13103|410|10104|360],[[3103|195]|[13103|410]|[10104|360]],[2|154|1300|2|155|5|2|156|10],[[2|154|1300]|[2|155|5]|[2|156|10]],,,12416,icon_lord_4,,7,lord_equip_desc002,lord_equip_name04,3,2,4
1340008,Atlas/UI_PersonalInfo,Atlas/UI_Item,[3103|215|13103|455|10104|400],[[3103|215]|[13103|455]|[10104|400]],[2|154|1500|2|155|5|2|156|10],[[2|154|1500]|[2|155|5]|[2|156|10]],,,14120,icon_lord_4,,8,lord_equip_desc002,lord_equip_name04,3,3,4
1340009,Atlas/UI_PersonalInfo,Atlas/UI_Item,[3103|240|13103|495|10104|435],[[3103|240]|[13103|495]|[10104|435]],[2|154|1500|2|155|5|2|156|10],[[2|154|1500]|[2|155|5]|[2|156|10]],,,15824,icon_lord_4,,9,lord_equip_desc002,lord_equip_name04,3,3,4
1340010,Atlas/UI_PersonalInfo,Atlas/UI_Item,[3103|280|13103|590|10104|515],[[3103|280]|[13103|590]|[10104|515]],[2|154|1800|2|155|5|2|156|12],[[2|154|1800]|[2|155|5]|[2|156|12]],,,17597,icon_lord_4,,10,lord_equip_desc003,lord_equip_name04,4,0,4
1340011,Atlas/UI_PersonalInfo,Atlas/UI_Item,[3103|295|13103|620|10104|545],[[3103|295]|[13103|620]|[10104|545]],[2|154|1300|2|155|5|2|156|12],[[2|154|1300]|[2|155|5]|[2|156|12]],,,19370,icon_lord_4,,11,lord_equip_desc003,lord_equip_name04,4,1,4
1340012,Atlas/UI_PersonalInfo,Atlas/UI_Item,[3103|310|13103|650|10104|570],[[3103|310]|[13103|650]|[10104|570]],[2|154|1300|2|155|5|2|156|12],[[2|154|1300]|[2|155|5]|[2|156|12]],,,21143,icon_lord_4,,12,lord_equip_desc003,lord_equip_name04,4,1,4
1340013,Atlas/UI_PersonalInfo,Atlas/UI_Item,[3103|325|13103|680|10104|600],[[3103|325]|[13103|680]|[10104|600]],[2|154|1300|2|155|5|2|156|12],[[2|154|1300]|[2|155|5]|[2|156|12]],,,22916,icon_lord_4,,13,lord_equip_desc003,lord_equip_name04,4,1,4
1340014,Atlas/UI_PersonalInfo,Atlas/UI_Item,[3103|340|13103|710|10104|625],[[3103|340]|[13103|710]|[10104|625]],[2|154|2500|2|155|20|2|156|12],[[2|154|2500]|[2|155|20]|[2|156|12]],,,24690,icon_lord_4,,14,lord_equip_desc003,lord_equip_name04,4,2,4
1340015,Atlas/UI_PersonalInfo,Atlas/UI_Item,[3103|355|13103|745|10104|655],[[3103|355]|[13103|745]|[10104|655]],[2|154|2500|2|155|20|2|156|12],[[2|154|2500]|[2|155|20]|[2|156|12]],,,26463,icon_lord_4,,15,lord_equip_desc003,lord_equip_name04,4,2,4
1340016,Atlas/UI_PersonalInfo,Atlas/UI_Item,[3103|370|13103|775|10104|680],[[3103|370]|[13103|775]|[10104|680]],[2|154|2500|2|155|20|2|156|12],[[2|154|2500]|[2|155|20]|[2|156|12]],,,28236,icon_lord_4,,16,lord_equip_desc003,lord_equip_name04,4,2,4
1340017,Atlas/UI_PersonalInfo,Atlas/UI_Item,[3103|385|13103|805|10104|710],[[3103|385]|[13103|805]|[10104|710]],[2|154|3500|2|155|30|2|156|12],[[2|154|3500]|[2|155|30]|[2|156|12]],,,30009,icon_lord_4,,17,lord_equip_desc003,lord_equip_name04,4,3,4
1340018,Atlas/UI_PersonalInfo,Atlas/UI_Item,[3103|400|13103|835|10104|735],[[3103|400]|[13103|835]|[10104|735]],[2|154|3500|2|155|30|2|156|12],[[2|154|3500]|[2|155|30]|[2|156|12]],,,31782,icon_lord_4,,18,lord_equip_desc003,lord_equip_name04,4,3,4
1340019,Atlas/UI_PersonalInfo,Atlas/UI_Item,[3103|415|13103|865|10104|760],[[3103|415]|[13103|865]|[10104|760]],[2|154|3500|2|155|30|2|156|12],[[2|154|3500]|[2|155|30]|[2|156|12]],,,33556,icon_lord_4,,19,lord_equip_desc003,lord_equip_name04,4,3,4
1340020,Atlas/UI_PersonalInfo,Atlas/UI_Item,[3103|465|13103|970|10104|855],[[3103|465]|[13103|970]|[10104|855]],[2|154|3300|2|155|30|2|156|15],[[2|154|3300]|[2|155|30]|[2|156|15]],icon_txt_T1,,35469,icon_lord_4,,20,lord_equip_desc006,lord_equip_name04,5,0,4
1340021,Atlas/UI_PersonalInfo,Atlas/UI_Item,[3103|480|13103|995|10104|875],[[3103|480]|[13103|995]|[10104|875]],[2|154|3900|2|155|30|2|156|15],[[2|154|3900]|[2|155|30]|[2|156|15]],icon_txt_T1,,37382,icon_lord_4,,21,lord_equip_desc006,lord_equip_name04,5,1,4
1340022,Atlas/UI_PersonalInfo,Atlas/UI_Item,[3103|490|13103|1025|10104|900],[[3103|490]|[13103|1025]|[10104|900]],[2|154|3900|2|155|30|2|156|15],[[2|154|3900]|[2|155|30]|[2|156|15]],icon_txt_T1,,39295,icon_lord_4,,22,lord_equip_desc006,lord_equip_name04,5,1,4
1340023,Atlas/UI_PersonalInfo,Atlas/UI_Item,[3103|505|13103|1050|10104|925],[[3103|505]|[13103|1050]|[10104|925]],[2|154|4400|2|155|30|2|156|15],[[2|154|4400]|[2|155|30]|[2|156|15]],icon_txt_T1,,41208,icon_lord_4,,23,lord_equip_desc006,lord_equip_name04,5,1,4
1340024,Atlas/UI_PersonalInfo,Atlas/UI_Item,[3103|515|13103|1075|10104|945],[[3103|515]|[13103|1075]|[10104|945]],[2|154|4400|2|155|30|2|156|15],[[2|154|4400]|[2|155|30]|[2|156|15]],icon_txt_T1,,43121,icon_lord_4,,24,lord_equip_desc006,lord_equip_name04,5,1,4
1340025,Atlas/UI_PersonalInfo,Atlas/UI_Item,[3103|530|13103|1100|10104|970],[[3103|530]|[13103|1100]|[10104|970]],[2|154|4900|2|155|35|2|156|15],[[2|154|4900]|[2|155|35]|[2|156|15]],icon_txt_T1,,45034,icon_lord_4,,25,lord_equip_desc006,lord_equip_name04,5,2,4
1340026,Atlas/UI_PersonalInfo,Atlas/UI_Item,[3103|540|13103|1125|10104|990],[[3103|540]|[13103|1125]|[10104|990]],[2|154|4900|2|155|35|2|156|15],[[2|154|4900]|[2|155|35]|[2|156|15]],icon_txt_T1,,46948,icon_lord_4,,26,lord_equip_desc006,lord_equip_name04,5,2,4
1340027,Atlas/UI_PersonalInfo,Atlas/UI_Item,[3103|555|13103|1155|10104|1015],[[3103|555]|[13103|1155]|[10104|1015]],[2|154|4900|2|155|35|2|156|15],[[2|154|4900]|[2|155|35]|[2|156|15]],icon_txt_T1,,48861,icon_lord_4,,27,lord_equip_desc006,lord_equip_name04,5,2,4
1340028,Atlas/UI_PersonalInfo,Atlas/UI_Item,[3103|565|13103|1180|10104|1040],[[3103|565]|[13103|1180]|[10104|1040]],[2|154|4900|2|155|35|2|156|15],[[2|154|4900]|[2|155|35]|[2|156|15]],icon_txt_T1,,50774,icon_lord_4,,28,lord_equip_desc006,lord_equip_name04,5,2,4
1340029,Atlas/UI_PersonalInfo,Atlas/UI_Item,[3103|580|13103|1205|10104|1060],[[3103|580]|[13103|1205]|[10104|1060]],[2|154|5400|2|155|45|2|156|20],[[2|154|5400]|[2|155|45]|[2|156|20]],icon_txt_T1,,52687,icon_lord_4,,29,lord_equip_desc006,lord_equip_name04,5,3,4
1340030,Atlas/UI_PersonalInfo,Atlas/UI_Item,[3103|590|13103|1230|10104|1085],[[3103|590]|[13103|1230]|[10104|1085]],[2|154|5400|2|155|45|2|156|20],[[2|154|5400]|[2|155|45]|[2|156|20]],icon_txt_T1,,54600,icon_lord_4,,30,lord_equip_desc006,lord_equip_name04,5,3,4
1340031,Atlas/UI_PersonalInfo,Atlas/UI_Item,[3103|605|13103|1260|10104|1105],[[3103|605]|[13103|1260]|[10104|1105]],[2|154|5400|2|155|45|2|156|20],[[2|154|5400]|[2|155|45]|[2|156|20]],icon_txt_T1,,56513,icon_lord_4,,31,lord_equip_desc006,lord_equip_name04,5,3,4
1340032,Atlas/UI_PersonalInfo,Atlas/UI_Item,[3103|615|13103|1285|10104|1130],[[3103|615]|[13103|1285]|[10104|1130]],[2|154|5400|2|155|45|2|156|20],[[2|154|5400]|[2|155|45]|[2|156|20]],icon_txt_T1,,58427,icon_lord_4,,32,lord_equip_desc006,lord_equip_name04,5,3,4
1340033,Atlas/UI_PersonalInfo,Atlas/UI_Item,[3103|675|13103|1405|10104|1235],[[3103|675]|[13103|1405]|[10104|1235]],[2|154|5500|2|155|50|2|156|20],[[2|154|5500]|[2|155|50]|[2|156|20]],icon_txt_T2,,61024,icon_lord_4,,33,lord_equip_desc007,lord_equip_name04,5,0,4
1340034,Atlas/UI_PersonalInfo,Atlas/UI_Item,[3103|690|13103|1435|10104|1260],[[3103|690]|[13103|1435]|[10104|1260]],[2|154|7300|2|155|75|2|156|20],[[2|154|7300]|[2|155|75]|[2|156|20]],icon_txt_T2,,63621,icon_lord_4,,34,lord_equip_desc007,lord_equip_name04,5,1,4
1340035,Atlas/UI_PersonalInfo,Atlas/UI_Item,[3103|705|13103|1465|10104|1290],[[3103|705]|[13103|1465]|[10104|1290]],[2|154|7300|2|155|75|2|156|20],[[2|154|7300]|[2|155|75]|[2|156|20]],icon_txt_T2,,66218,icon_lord_4,,35,lord_equip_desc007,lord_equip_name04,5,1,4
1340036,Atlas/UI_PersonalInfo,Atlas/UI_Item,[3103|715|13103|1495|10104|1315],[[3103|715]|[13103|1495]|[10104|1315]],[2|154|7300|2|155|75|2|156|20],[[2|154|7300]|[2|155|75]|[2|156|20]],icon_txt_T2,,68815,icon_lord_4,,36,lord_equip_desc007,lord_equip_name04,5,1,4
1340037,Atlas/UI_PersonalInfo,Atlas/UI_Item,[3103|730|13103|1525|10104|1340],[[3103|730]|[13103|1525]|[10104|1340]],[2|154|7300|2|155|75|2|156|20],[[2|154|7300]|[2|155|75]|[2|156|20]],icon_txt_T2,,71412,icon_lord_4,,37,lord_equip_desc007,lord_equip_name04,5,1,4
1340038,Atlas/UI_PersonalInfo,Atlas/UI_Item,[3103|745|13103|1555|10104|1365],[[3103|745]|[13103|1555]|[10104|1365]],[2|154|7800|2|155|75|2|156|20],[[2|154|7800]|[2|155|75]|[2|156|20]],icon_txt_T2,,74009,icon_lord_4,,38,lord_equip_desc007,lord_equip_name04,5,2,4
1340039,Atlas/UI_PersonalInfo,Atlas/UI_Item,[3103|760|13103|1585|10104|1395],[[3103|760]|[13103|1585]|[10104|1395]],[2|154|7800|2|155|75|2|156|20],[[2|154|7800]|[2|155|75]|[2|156|20]],icon_txt_T2,,76606,icon_lord_4,,39,lord_equip_desc007,lord_equip_name04,5,2,4
1340040,Atlas/UI_PersonalInfo,Atlas/UI_Item,[3103|775|13103|1615|10104|1420],[[3103|775]|[13103|1615]|[10104|1420]],[2|154|7800|2|155|75|2|156|20],[[2|154|7800]|[2|155|75]|[2|156|20]],icon_txt_T2,,79203,icon_lord_4,,40,lord_equip_desc007,lord_equip_name04,5,2,4
1340041,Atlas/UI_PersonalInfo,Atlas/UI_Item,[3103|790|13103|1645|10104|1445],[[3103|790]|[13103|1645]|[10104|1445]],[2|154|7800|2|155|75|2|156|20],[[2|154|7800]|[2|155|75]|[2|156|20]],icon_txt_T2,,81800,icon_lord_4,,41,lord_equip_desc007,lord_equip_name04,5,2,4
1340042,Atlas/UI_PersonalInfo,Atlas/UI_Item,[3103|805|13103|1675|10104|1475],[[3103|805]|[13103|1675]|[10104|1475]],[2|154|8100|2|155|85|2|156|20],[[2|154|8100]|[2|155|85]|[2|156|20]],icon_txt_T2,,84397,icon_lord_4,,42,lord_equip_desc007,lord_equip_name04,5,3,4
1340043,Atlas/UI_PersonalInfo,Atlas/UI_Item,[3103|820|13103|1705|10104|1500],[[3103|820]|[13103|1705]|[10104|1500]],[2|154|8100|2|155|85|2|156|20],[[2|154|8100]|[2|155|85]|[2|156|20]],icon_txt_T2,,86994,icon_lord_4,,43,lord_equip_desc007,lord_equip_name04,5,3,4
1340044,Atlas/UI_PersonalInfo,Atlas/UI_Item,[3103|830|13103|1735|10104|1525],[[3103|830]|[13103|1735]|[10104|1525]],[2|154|8100|2|155|85|2|156|20],[[2|154|8100]|[2|155|85]|[2|156|20]],icon_txt_T2,,89591,icon_lord_4,,44,lord_equip_desc007,lord_equip_name04,5,3,4
1340045,Atlas/UI_PersonalInfo,Atlas/UI_Item,[3103|845|13103|1765|10104|1550],[[3103|845]|[13103|1765]|[10104|1550]],[2|154|8100|2|155|85|2|156|20],[[2|154|8100]|[2|155|85]|[2|156|20]],icon_txt_T2,,92188,icon_lord_4,,45,lord_equip_desc007,lord_equip_name04,5,3,4
1340046,Atlas/UI_PersonalInfo,Atlas/UI_Item,[3103|910|13103|1900|10104|1670],[[3103|910]|[13103|1900]|[10104|1670]],[2|154|8500|2|155|85|2|156|20],[[2|154|8500]|[2|155|85]|[2|156|20]],icon_txt_T3,,95565,icon_lord_4,,46,lord_equip_desc0061,lord_equip_name04,5,0,4
1340047,Atlas/UI_PersonalInfo,Atlas/UI_Item,[3103|930|13103|1935|10104|1700],[[3103|930]|[13103|1935]|[10104|1700]],[2|154|9000|2|155|95|2|156|20],[[2|154|9000]|[2|155|95]|[2|156|20]],icon_txt_T3,,98942,icon_lord_4,,47,lord_equip_desc0061,lord_equip_name04,5,1,4
1340048,Atlas/UI_PersonalInfo,Atlas/UI_Item,[3103|945|13103|1965|10104|1730],[[3103|945]|[13103|1965]|[10104|1730]],[2|154|9000|2|155|95|2|156|20],[[2|154|9000]|[2|155|95]|[2|156|20]],icon_txt_T3,,102320,icon_lord_4,,48,lord_equip_desc0061,lord_equip_name04,5,1,4
1340049,Atlas/UI_PersonalInfo,Atlas/UI_Item,[3103|960|13103|2000|10104|1760],[[3103|960]|[13103|2000]|[10104|1760]],[2|154|9000|2|155|95|2|156|20],[[2|154|9000]|[2|155|95]|[2|156|20]],icon_txt_T3,,105697,icon_lord_4,,49,lord_equip_desc0061,lord_equip_name04,5,1,4
1340050,Atlas/UI_PersonalInfo,Atlas/UI_Item,[3103|975|13103|2035|10104|1790],[[3103|975]|[13103|2035]|[10104|1790]],[2|154|9000|2|155|95|2|156|20],[[2|154|9000]|[2|155|95]|[2|156|20]],icon_txt_T3,,109075,icon_lord_4,,50,lord_equip_desc0061,lord_equip_name04,5,1,4
1340051,Atlas/UI_PersonalInfo,Atlas/UI_Item,[3103|995|13103|2070|10104|1820],[[3103|995]|[13103|2070]|[10104|1820]],[2|154|9500|2|155|95|2|156|20],[[2|154|9500]|[2|155|95]|[2|156|20]],icon_txt_T3,,112452,icon_lord_4,,51,lord_equip_desc0061,lord_equip_name04,5,2,4
1340052,Atlas/UI_PersonalInfo,Atlas/UI_Item,[3103|1010|13103|2100|10104|1850],[[3103|1010]|[13103|2100]|[10104|1850]],[2|154|9500|2|155|95|2|156|20],[[2|154|9500]|[2|155|95]|[2|156|20]],icon_txt_T3,,115830,icon_lord_4,,52,lord_equip_desc0061,lord_equip_name04,5,2,4
1340053,Atlas/UI_PersonalInfo,Atlas/UI_Item,[3103|1025|13103|2135|10104|1880],[[3103|1025]|[13103|2135]|[10104|1880]],[2|154|9500|2|155|95|2|156|20],[[2|154|9500]|[2|155|95]|[2|156|20]],icon_txt_T3,,119207,icon_lord_4,,53,lord_equip_desc0061,lord_equip_name04,5,2,4
1340054,Atlas/UI_PersonalInfo,Atlas/UI_Item,[3103|1040|13103|2170|10104|1910],[[3103|1040]|[13103|2170]|[10104|1910]],[2|154|9500|2|155|95|2|156|20],[[2|154|9500]|[2|155|95]|[2|156|20]],icon_txt_T3,,122585,icon_lord_4,,54,lord_equip_desc0061,lord_equip_name04,5,2,4
1340055,Atlas/UI_PersonalInfo,Atlas/UI_Item,[3103|1060|13103|2205|10104|1940],[[3103|1060]|[13103|2205]|[10104|1940]],[2|154|10000|2|155|95|2|156|20],[[2|154|10000]|[2|155|95]|[2|156|20]],icon_txt_T3,,125962,icon_lord_4,,55,lord_equip_desc0061,lord_equip_name04,5,3,4
1340056,Atlas/UI_PersonalInfo,Atlas/UI_Item,[3103|1075|13103|2235|10104|1970],[[3103|1075]|[13103|2235]|[10104|1970]],[2|154|10000|2|155|95|2|156|20],[[2|154|10000]|[2|155|95]|[2|156|20]],icon_txt_T3,,129340,icon_lord_4,,56,lord_equip_desc0061,lord_equip_name04,5,3,4
1340057,Atlas/UI_PersonalInfo,Atlas/UI_Item,[3103|1090|13103|2270|10104|2000],[[3103|1090]|[13103|2270]|[10104|2000]],[2|154|10000|2|155|95|2|156|20],[[2|154|10000]|[2|155|95]|[2|156|20]],icon_txt_T3,,132717,icon_lord_4,,57,lord_equip_desc0061,lord_equip_name04,5,3,4
1340058,Atlas/UI_PersonalInfo,Atlas/UI_Item,[3103|1105|13103|2305|10104|2030],[[3103|1105]|[13103|2305]|[10104|2030]],[2|154|10000|2|155|95|2|156|20],[[2|154|10000]|[2|155|95]|[2|156|20]],icon_txt_T3,,136095,icon_lord_4,,58,lord_equip_desc0061,lord_equip_name04,5,3,4
1340059,Atlas/UI_PersonalInfo,Atlas/UI_Item,[3103|1180|13103|2460|10104|2165],[[3103|1180]|[13103|2460]|[10104|2165]],[2|154|10000|2|155|90|2|156|20],[[2|154|10000]|[2|155|90]|[2|156|20]],icon_txt_T4,,140427,icon_lord_4,,59,lord_equip_desc0071,lord_equip_name04,5,0,4
1340060,Atlas/UI_PersonalInfo,Atlas/UI_Item,[3103|1200|13103|2500|10104|2200],[[3103|1200]|[13103|2500]|[10104|2200]],[2|154|13000|2|155|130|2|156|22],[[2|154|13000]|[2|155|130]|[2|156|22]],icon_txt_T4,,144760,icon_lord_4,,60,lord_equip_desc0071,lord_equip_name04,5,1,4
1340061,Atlas/UI_PersonalInfo,Atlas/UI_Item,[3103|1220|13103|2535|10104|2235],[[3103|1220]|[13103|2535]|[10104|2235]],[2|154|13000|2|155|130|2|156|22],[[2|154|13000]|[2|155|130]|[2|156|22]],icon_txt_T4,,149093,icon_lord_4,,61,lord_equip_desc0071,lord_equip_name04,5,1,4
1340062,Atlas/UI_PersonalInfo,Atlas/UI_Item,[3103|1235|13103|2575|10104|2265],[[3103|1235]|[13103|2575]|[10104|2265]],[2|154|13000|2|155|130|2|156|22],[[2|154|13000]|[2|155|130]|[2|156|22]],icon_txt_T4,,153426,icon_lord_4,,62,lord_equip_desc0071,lord_equip_name04,5,1,4
1340063,Atlas/UI_PersonalInfo,Atlas/UI_Item,[3103|1255|13103|2615|10104|2300],[[3103|1255]|[13103|2615]|[10104|2300]],[2|154|13000|2|155|130|2|156|22],[[2|154|13000]|[2|155|130]|[2|156|22]],icon_txt_T4,,157759,icon_lord_4,,63,lord_equip_desc0071,lord_equip_name04,5,1,4
1340064,Atlas/UI_PersonalInfo,Atlas/UI_Item,[3103|1275|13103|2655|10104|2335],[[3103|1275]|[13103|2655]|[10104|2335]],[2|154|13000|2|155|140|2|156|23],[[2|154|13000]|[2|155|140]|[2|156|23]],icon_txt_T4,,162092,icon_lord_4,,64,lord_equip_desc0071,lord_equip_name04,5,2,4
1340065,Atlas/UI_PersonalInfo,Atlas/UI_Item,[3103|1290|13103|2690|10104|2370],[[3103|1290]|[13103|2690]|[10104|2370]],[2|154|13000|2|155|140|2|156|23],[[2|154|13000]|[2|155|140]|[2|156|23]],icon_txt_T4,,166424,icon_lord_4,,65,lord_equip_desc0071,lord_equip_name04,5,2,4
1340066,Atlas/UI_PersonalInfo,Atlas/UI_Item,[3103|1310|13103|2730|10104|2405],[[3103|1310]|[13103|2730]|[10104|2405]],[2|154|13000|2|155|140|2|156|23],[[2|154|13000]|[2|155|140]|[2|156|23]],icon_txt_T4,,170757,icon_lord_4,,66,lord_equip_desc0071,lord_equip_name04,5,2,4
1340067,Atlas/UI_PersonalInfo,Atlas/UI_Item,[3103|1330|13103|2770|10104|2435],[[3103|1330]|[13103|2770]|[10104|2435]],[2|154|13000|2|155|140|2|156|23],[[2|154|13000]|[2|155|140]|[2|156|23]],icon_txt_T4,,175090,icon_lord_4,,67,lord_equip_desc0071,lord_equip_name04,5,2,4
1340068,Atlas/UI_PersonalInfo,Atlas/UI_Item,[3103|1350|13103|2810|10104|2470],[[3103|1350]|[13103|2810]|[10104|2470]],[2|154|14000|2|155|150|2|156|25],[[2|154|14000]|[2|155|150]|[2|156|25]],icon_txt_T4,,179423,icon_lord_4,,68,lord_equip_desc0071,lord_equip_name04,5,3,4
1340069,Atlas/UI_PersonalInfo,Atlas/UI_Item,[3103|1365|13103|2845|10104|2505],[[3103|1365]|[13103|2845]|[10104|2505]],[2|154|14000|2|155|150|2|156|25],[[2|154|14000]|[2|155|150]|[2|156|25]],icon_txt_T4,,183756,icon_lord_4,,69,lord_equip_desc0071,lord_equip_name04,5,3,4
1340070,Atlas/UI_PersonalInfo,Atlas/UI_Item,[3103|1385|13103|2885|10104|2540],[[3103|1385]|[13103|2885]|[10104|2540]],[2|154|14000|2|155|150|2|156|25],[[2|154|14000]|[2|155|150]|[2|156|25]],icon_txt_T4,,188089,icon_lord_4,,70,lord_equip_desc0071,lord_equip_name04,5,3,4
1340071,Atlas/UI_PersonalInfo,Atlas/UI_Item,[3103|1405|13103|2925|10104|2575],[[3103|1405]|[13103|2925]|[10104|2575]],[2|154|14000|2|155|150|2|156|25],[[2|154|14000]|[2|155|150]|[2|156|25]],icon_txt_T4,,192422,icon_lord_4,,71,lord_equip_desc0071,lord_equip_name04,5,3,4
1340072,Atlas/UI_PersonalInfo,Atlas/UI_Item,[3103|1485|13103|3100|10104|2725],[[3103|1485]|[13103|3100]|[10104|2725]],[2|154|15000|2|155|140|2|156|20|2|157|2],[[2|154|15000]|[2|155|140]|[2|156|20]|[2|157|2]],,,196817,icon_lord_4,,72,lord_equip_desc008,lord_equip_name04,6,0,4
1340073,Atlas/UI_PersonalInfo,Atlas/UI_Item,[3103|1505|13103|3135|10104|2755],[[3103|1505]|[13103|3135]|[10104|2755]],[2|154|13000|2|155|140|2|156|20|2|157|2],[[2|154|13000]|[2|155|140]|[2|156|20]|[2|157|2]],,,201212,icon_lord_4,,73,lord_equip_desc008,lord_equip_name04,6,1,4
1340074,Atlas/UI_PersonalInfo,Atlas/UI_Item,[3103|1520|13103|3170|10104|2785],[[3103|1520]|[13103|3170]|[10104|2785]],[2|154|13000|2|155|140|2|156|20|2|157|2],[[2|154|13000]|[2|155|140]|[2|156|20]|[2|157|2]],,,205607,icon_lord_4,,74,lord_equip_desc008,lord_equip_name04,6,1,4
1340075,Atlas/UI_PersonalInfo,Atlas/UI_Item,[3103|1535|13103|3200|10104|2820],[[3103|1535]|[13103|3200]|[10104|2820]],[2|154|13000|2|155|140|2|156|20|2|157|2],[[2|154|13000]|[2|155|140]|[2|156|20]|[2|157|2]],,,210002,icon_lord_4,,75,lord_equip_desc008,lord_equip_name04,6,1,4
1340076,Atlas/UI_PersonalInfo,Atlas/UI_Item,[3103|1555|13103|3235|10104|2850],[[3103|1555]|[13103|3235]|[10104|2850]],[2|154|13000|2|155|140|2|156|20|2|157|2],[[2|154|13000]|[2|155|140]|[2|156|20]|[2|157|2]],,,214397,icon_lord_4,,76,lord_equip_desc008,lord_equip_name04,6,1,4
1340077,Atlas/UI_PersonalInfo,Atlas/UI_Item,[3103|1570|13103|3270|10104|2880],[[3103|1570]|[13103|3270]|[10104|2880]],[2|154|13000|2|155|140|2|156|20|2|157|2],[[2|154|13000]|[2|155|140]|[2|156|20]|[2|157|2]],,,218792,icon_lord_4,,77,lord_equip_desc008,lord_equip_name04,6,1,4
1340078,Atlas/UI_PersonalInfo,Atlas/UI_Item,[3103|1585|13103|3305|10104|2910],[[3103|1585]|[13103|3305]|[10104|2910]],[2|154|13500|2|155|160|2|156|25|2|157|2],[[2|154|13500]|[2|155|160]|[2|156|25]|[2|157|2]],,,223187,icon_lord_4,,78,lord_equip_desc008,lord_equip_name04,6,2,4
1340079,Atlas/UI_PersonalInfo,Atlas/UI_Item,[3103|1605|13103|3340|10104|2940],[[3103|1605]|[13103|3340]|[10104|2940]],[2|154|13500|2|155|160|2|156|25|2|157|2],[[2|154|13500]|[2|155|160]|[2|156|25]|[2|157|2]],,,227582,icon_lord_4,,79,lord_equip_desc008,lord_equip_name04,6,2,4
1340080,Atlas/UI_PersonalInfo,Atlas/UI_Item,[3103|1620|13103|3375|10104|2970],[[3103|1620]|[13103|3375]|[10104|2970]],[2|154|13500|2|155|160|2|156|25|2|157|2],[[2|154|13500]|[2|155|160]|[2|156|25]|[2|157|2]],,,231977,icon_lord_4,,80,lord_equip_desc008,lord_equip_name04,6,2,4
1340081,Atlas/UI_PersonalInfo,Atlas/UI_Item,[3103|1635|13103|3410|10104|3000],[[3103|1635]|[13103|3410]|[10104|3000]],[2|154|13500|2|155|160|2|156|25|2|157|2],[[2|154|13500]|[2|155|160]|[2|156|25]|[2|157|2]],,,236372,icon_lord_4,,81,lord_equip_desc008,lord_equip_name04,6,2,4
1340082,Atlas/UI_PersonalInfo,Atlas/UI_Item,[3103|1655|13103|3445|10104|3030],[[3103|1655]|[13103|3445]|[10104|3030]],[2|154|13500|2|155|160|2|156|25|2|157|2],[[2|154|13500]|[2|155|160]|[2|156|25]|[2|157|2]],,,240767,icon_lord_4,,82,lord_equip_desc008,lord_equip_name04,6,2,4
1340083,Atlas/UI_PersonalInfo,Atlas/UI_Item,[3103|1670|13103|3480|10104|3065],[[3103|1670]|[13103|3480]|[10104|3065]],[2|154|14000|2|155|160|2|156|25|2|157|4],[[2|154|14000]|[2|155|160]|[2|156|25]|[2|157|4]],,,245162,icon_lord_4,,83,lord_equip_desc008,lord_equip_name04,6,3,4
1340084,Atlas/UI_PersonalInfo,Atlas/UI_Item,[3103|1685|13103|3515|10104|3095],[[3103|1685]|[13103|3515]|[10104|3095]],[2|154|14000|2|155|160|2|156|25|2|157|4],[[2|154|14000]|[2|155|160]|[2|156|25]|[2|157|4]],,,249557,icon_lord_4,,84,lord_equip_desc008,lord_equip_name04,6,3,4
1340085,Atlas/UI_PersonalInfo,Atlas/UI_Item,[3103|1705|13103|3550|10104|3125],[[3103|1705]|[13103|3550]|[10104|3125]],[2|154|14000|2|155|160|2|156|25|2|157|4],[[2|154|14000]|[2|155|160]|[2|156|25]|[2|157|4]],,,253952,icon_lord_4,,85,lord_equip_desc008,lord_equip_name04,6,3,4
1340086,Atlas/UI_PersonalInfo,Atlas/UI_Item,[3103|1720|13103|3585|10104|3155],[[3103|1720]|[13103|3585]|[10104|3155]],[2|154|14000|2|155|160|2|156|25|2|157|4],[[2|154|14000]|[2|155|160]|[2|156|25]|[2|157|4]],,,258347,icon_lord_4,,86,lord_equip_desc008,lord_equip_name04,6,3,4
1340087,Atlas/UI_PersonalInfo,Atlas/UI_Item,[3103|1740|13103|3620|10104|3185],[[3103|1740]|[13103|3620]|[10104|3185]],[2|154|14000|2|155|160|2|156|25|2|157|4],[[2|154|14000]|[2|155|160]|[2|156|25]|[2|157|4]],,,262742,icon_lord_4,,87,lord_equip_desc008,lord_equip_name04,6,3,4
1340088,Atlas/UI_PersonalInfo,Atlas/UI_Item,[3103|1830|13103|3815|10104|3355],[[3103|1830]|[13103|3815]|[10104|3355]],[2|154|15000|2|155|180|2|156|25|2|157|4],[[2|154|15000]|[2|155|180]|[2|156|25]|[2|157|4]],icon_txt_T1,,268109,icon_lord_4,,88,lord_equip_desc009,lord_equip_name04,6,0,4
1340089,Atlas/UI_PersonalInfo,Atlas/UI_Item,[3103|1850|13103|3850|10104|3390],[[3103|1850]|[13103|3850]|[10104|3390]],[2|154|14000|2|155|160|2|156|28|2|157|3],[[2|154|14000]|[2|155|160]|[2|156|28]|[2|157|3]],icon_txt_T1,,273477,icon_lord_4,,89,lord_equip_desc009,lord_equip_name04,6,1,4
1340090,Atlas/UI_PersonalInfo,Atlas/UI_Item,[3103|1870|13103|3890|10104|3425],[[3103|1870]|[13103|3890]|[10104|3425]],[2|154|14000|2|155|160|2|156|28|2|157|3],[[2|154|14000]|[2|155|160]|[2|156|28]|[2|157|3]],icon_txt_T1,,278844,icon_lord_4,,90,lord_equip_desc009,lord_equip_name04,6,1,4
1340091,Atlas/UI_PersonalInfo,Atlas/UI_Item,[3103|1885|13103|3930|10104|3460],[[3103|1885]|[13103|3930]|[10104|3460]],[2|154|14000|2|155|160|2|156|28|2|157|3],[[2|154|14000]|[2|155|160]|[2|156|28]|[2|157|3]],icon_txt_T1,,284212,icon_lord_4,,91,lord_equip_desc009,lord_equip_name04,6,1,4
1340092,Atlas/UI_PersonalInfo,Atlas/UI_Item,[3103|1905|13103|3970|10104|3490],[[3103|1905]|[13103|3970]|[10104|3490]],[2|154|14000|2|155|160|2|156|28|2|157|3],[[2|154|14000]|[2|155|160]|[2|156|28]|[2|157|3]],icon_txt_T1,,289580,icon_lord_4,,92,lord_equip_desc009,lord_equip_name04,6,1,4
1340093,Atlas/UI_PersonalInfo,Atlas/UI_Item,[3103|1925|13103|4005|10104|3525],[[3103|1925]|[13103|4005]|[10104|3525]],[2|154|14000|2|155|160|2|156|28|2|157|3],[[2|154|14000]|[2|155|160]|[2|156|28]|[2|157|3]],icon_txt_T1,,294947,icon_lord_4,,93,lord_equip_desc009,lord_equip_name04,6,1,4
1340094,Atlas/UI_PersonalInfo,Atlas/UI_Item,[3103|1940|13103|4045|10104|3560],[[3103|1940]|[13103|4045]|[10104|3560]],[2|154|15000|2|155|170|2|156|30|2|157|4],[[2|154|15000]|[2|155|170]|[2|156|30]|[2|157|4]],icon_txt_T1,,300315,icon_lord_4,,94,lord_equip_desc009,lord_equip_name04,6,2,4
1340095,Atlas/UI_PersonalInfo,Atlas/UI_Item,[3103|1960|13103|4085|10104|3595],[[3103|1960]|[13103|4085]|[10104|3595]],[2|154|15000|2|155|170|2|156|30|2|157|4],[[2|154|15000]|[2|155|170]|[2|156|30]|[2|157|4]],icon_txt_T1,,305683,icon_lord_4,,95,lord_equip_desc009,lord_equip_name04,6,2,4
1340096,Atlas/UI_PersonalInfo,Atlas/UI_Item,[3103|1980|13103|4125|10104|3630],[[3103|1980]|[13103|4125]|[10104|3630]],[2|154|15000|2|155|170|2|156|30|2|157|4],[[2|154|15000]|[2|155|170]|[2|156|30]|[2|157|4]],icon_txt_T1,,311050,icon_lord_4,,96,lord_equip_desc009,lord_equip_name04,6,2,4
1340097,Atlas/UI_PersonalInfo,Atlas/UI_Item,[3103|2000|13103|4160|10104|3660],[[3103|2000]|[13103|4160]|[10104|3660]],[2|154|15000|2|155|170|2|156|30|2|157|4],[[2|154|15000]|[2|155|170]|[2|156|30]|[2|157|4]],icon_txt_T1,,316418,icon_lord_4,,97,lord_equip_desc009,lord_equip_name04,6,2,4
1340098,Atlas/UI_PersonalInfo,Atlas/UI_Item,[3103|2015|13103|4200|10104|3695],[[3103|2015]|[13103|4200]|[10104|3695]],[2|154|15000|2|155|170|2|156|30|2|157|4],[[2|154|15000]|[2|155|170]|[2|156|30]|[2|157|4]],icon_txt_T1,,321785,icon_lord_4,,98,lord_equip_desc009,lord_equip_name04,6,2,4
1340099,Atlas/UI_PersonalInfo,Atlas/UI_Item,[3103|2035|13103|4240|10104|3730],[[3103|2035]|[13103|4240]|[10104|3730]],[2|154|16500|2|155|175|2|156|30|2|157|4],[[2|154|16500]|[2|155|175]|[2|156|30]|[2|157|4]],icon_txt_T1,,327153,icon_lord_4,,99,lord_equip_desc009,lord_equip_name04,6,3,4
1340100,Atlas/UI_PersonalInfo,Atlas/UI_Item,[3103|2055|13103|4280|10104|3765],[[3103|2055]|[13103|4280]|[10104|3765]],[2|154|16500|2|155|175|2|156|30|2|157|4],[[2|154|16500]|[2|155|175]|[2|156|30]|[2|157|4]],icon_txt_T1,,332521,icon_lord_4,,100,lord_equip_desc009,lord_equip_name04,6,3,4
1340101,Atlas/UI_PersonalInfo,Atlas/UI_Item,[3103|2070|13103|4315|10104|3800],[[3103|2070]|[13103|4315]|[10104|3800]],[2|154|16500|2|155|175|2|156|30|2|157|4],[[2|154|16500]|[2|155|175]|[2|156|30]|[2|157|4]],icon_txt_T1,,337888,icon_lord_4,,101,lord_equip_desc009,lord_equip_name04,6,3,4
1340102,Atlas/UI_PersonalInfo,Atlas/UI_Item,[3103|2090|13103|4355|10104|3830],[[3103|2090]|[13103|4355]|[10104|3830]],[2|154|16500|2|155|175|2|156|30|2|157|4],[[2|154|16500]|[2|155|175]|[2|156|30]|[2|157|4]],icon_txt_T1,,343256,icon_lord_4,,102,lord_equip_desc009,lord_equip_name04,6,3,4
1340103,Atlas/UI_PersonalInfo,Atlas/UI_Item,[3103|2110|13103|4395|10104|3865],[[3103|2110]|[13103|4395]|[10104|3865]],[2|154|16500|2|155|175|2|156|30|2|157|4],[[2|154|16500]|[2|155|175]|[2|156|30]|[2|157|4]],icon_txt_T1,,348624,icon_lord_4,,103,lord_equip_desc009,lord_equip_name04,6,3,4
1340104,Atlas/UI_PersonalInfo,Atlas/UI_Item,[3103|2215|13103|4610|10104|4055],[[3103|2215]|[13103|4610]|[10104|4055]],[2|154|18000|2|155|190|2|156|30|2|157|4],[[2|154|18000]|[2|155|190]|[2|156|30]|[2|157|4]],icon_txt_T2,,355145,icon_lord_4,,104,lord_equip_desc010,lord_equip_name04,6,0,4
1340105,Atlas/UI_PersonalInfo,Atlas/UI_Item,[3103|2235|13103|4655|10104|4095],[[3103|2235]|[13103|4655]|[10104|4095]],[2|154|17000|2|155|195|2|156|35|2|157|5],[[2|154|17000]|[2|155|195]|[2|156|35]|[2|157|5]],icon_txt_T2,,361667,icon_lord_4,,105,lord_equip_desc010,lord_equip_name04,6,1,4
1340106,Atlas/UI_PersonalInfo,Atlas/UI_Item,[3103|2255|13103|4695|10104|4135],[[3103|2255]|[13103|4695]|[10104|4135]],[2|154|17000|2|155|195|2|156|35|2|157|5],[[2|154|17000]|[2|155|195]|[2|156|35]|[2|157|5]],icon_txt_T2,,368189,icon_lord_4,,106,lord_equip_desc010,lord_equip_name04,6,1,4
1340107,Atlas/UI_PersonalInfo,Atlas/UI_Item,[3103|2275|13103|4740|10104|4170],[[3103|2275]|[13103|4740]|[10104|4170]],[2|154|17000|2|155|195|2|156|35|2|157|5],[[2|154|17000]|[2|155|195]|[2|156|35]|[2|157|5]],icon_txt_T2,,374710,icon_lord_4,,107,lord_equip_desc010,lord_equip_name04,6,1,4
1340108,Atlas/UI_PersonalInfo,Atlas/UI_Item,[3103|2295|13103|4785|10104|4210],[[3103|2295]|[13103|4785]|[10104|4210]],[2|154|17000|2|155|195|2|156|35|2|157|5],[[2|154|17000]|[2|155|195]|[2|156|35]|[2|157|5]],icon_txt_T2,,381232,icon_lord_4,,108,lord_equip_desc010,lord_equip_name04,6,1,4
1340109,Atlas/UI_PersonalInfo,Atlas/UI_Item,[3103|2315|13103|4825|10104|4250],[[3103|2315]|[13103|4825]|[10104|4250]],[2|154|17000|2|155|195|2|156|35|2|157|5],[[2|154|17000]|[2|155|195]|[2|156|35]|[2|157|5]],icon_txt_T2,,387754,icon_lord_4,,109,lord_equip_desc010,lord_equip_name04,6,1,4
1340110,Atlas/UI_PersonalInfo,Atlas/UI_Item,[3103|2340|13103|4870|10104|4285],[[3103|2340]|[13103|4870]|[10104|4285]],[2|154|18000|2|155|220|2|156|35|2|157|5],[[2|154|18000]|[2|155|220]|[2|156|35]|[2|157|5]],icon_txt_T2,,394275,icon_lord_4,,110,lord_equip_desc010,lord_equip_name04,6,2,4
1340111,Atlas/UI_PersonalInfo,Atlas/UI_Item,[3103|2360|13103|4915|10104|4325],[[3103|2360]|[13103|4915]|[10104|4325]],[2|154|18000|2|155|220|2|156|35|2|157|5],[[2|154|18000]|[2|155|220]|[2|156|35]|[2|157|5]],icon_txt_T2,,400797,icon_lord_4,,111,lord_equip_desc010,lord_equip_name04,6,2,4
1340112,Atlas/UI_PersonalInfo,Atlas/UI_Item,[3103|2380|13103|4955|10104|4360],[[3103|2380]|[13103|4955]|[10104|4360]],[2|154|18000|2|155|220|2|156|35|2|157|5],[[2|154|18000]|[2|155|220]|[2|156|35]|[2|157|5]],icon_txt_T2,,407319,icon_lord_4,,112,lord_equip_desc010,lord_equip_name04,6,2,4
1340113,Atlas/UI_PersonalInfo,Atlas/UI_Item,[3103|2400|13103|5000|10104|4400],[[3103|2400]|[13103|5000]|[10104|4400]],[2|154|18000|2|155|220|2|156|35|2|157|5],[[2|154|18000]|[2|155|220]|[2|156|35]|[2|157|5]],icon_txt_T2,,413840,icon_lord_4,,113,lord_equip_desc010,lord_equip_name04,6,2,4
1340114,Atlas/UI_PersonalInfo,Atlas/UI_Item,[3103|2420|13103|5045|10104|4440],[[3103|2420]|[13103|5045]|[10104|4440]],[2|154|18000|2|155|220|2|156|35|2|157|5],[[2|154|18000]|[2|155|220]|[2|156|35]|[2|157|5]],icon_txt_T2,,420362,icon_lord_4,,114,lord_equip_desc010,lord_equip_name04,6,2,4
1340115,Atlas/UI_PersonalInfo,Atlas/UI_Item,[3103|2440|13103|5085|10104|4475],[[3103|2440]|[13103|5085]|[10104|4475]],[2|154|19000|2|155|230|2|156|40|2|157|5],[[2|154|19000]|[2|155|230]|[2|156|40]|[2|157|5]],icon_txt_T2,,426884,icon_lord_4,,115,lord_equip_desc010,lord_equip_name04,6,3,4
1340116,Atlas/UI_PersonalInfo,Atlas/UI_Item,[3103|2460|13103|5130|10104|4515],[[3103|2460]|[13103|5130]|[10104|4515]],[2|154|19000|2|155|230|2|156|40|2|157|5],[[2|154|19000]|[2|155|230]|[2|156|40]|[2|157|5]],icon_txt_T2,,433405,icon_lord_4,,116,lord_equip_desc010,lord_equip_name04,6,3,4
1340117,Atlas/UI_PersonalInfo,Atlas/UI_Item,[3103|2485|13103|5175|10104|4550],[[3103|2485]|[13103|5175]|[10104|4550]],[2|154|19000|2|155|230|2|156|40|2|157|5],[[2|154|19000]|[2|155|230]|[2|156|40]|[2|157|5]],icon_txt_T2,,439927,icon_lord_4,,117,lord_equip_desc010,lord_equip_name04,6,3,4
1340118,Atlas/UI_PersonalInfo,Atlas/UI_Item,[3103|2505|13103|5215|10104|4590],[[3103|2505]|[13103|5215]|[10104|4590]],[2|154|19000|2|155|230|2|156|40|2|157|5],[[2|154|19000]|[2|155|230]|[2|156|40]|[2|157|5]],icon_txt_T2,,446449,icon_lord_4,,118,lord_equip_desc010,lord_equip_name04,6,3,4
1340119,Atlas/UI_PersonalInfo,Atlas/UI_Item,[3103|2525|13103|5260|10104|4630],[[3103|2525]|[13103|5260]|[10104|4630]],[2|154|19000|2|155|230|2|156|40|2|157|5],[[2|154|19000]|[2|155|230]|[2|156|40]|[2|157|5]],icon_txt_T2,,452971,icon_lord_4,,119,lord_equip_desc010,lord_equip_name04,6,3,4
1340120,Atlas/UI_PersonalInfo,Atlas/UI_Item,[3103|2645|13103|5505|10104|4845],[[3103|2645]|[13103|5505]|[10104|4845]],[2|154|20000|2|155|245|2|156|40|2|157|5],[[2|154|20000]|[2|155|245]|[2|156|40]|[2|157|5]],icon_txt_T3,,460944,icon_lord_4,,120,lord_equip_desc011,lord_equip_name04,6,0,4
1340121,Atlas/UI_PersonalInfo,Atlas/UI_Item,[3103|2665|13103|5555|10104|4890],[[3103|2665]|[13103|5555]|[10104|4890]],[2|154|20000|2|155|240|2|156|40|2|157|6],[[2|154|20000]|[2|155|240]|[2|156|40]|[2|157|6]],icon_txt_T3,,468917,icon_lord_4,,121,lord_equip_desc011,lord_equip_name04,6,1,4
1340122,Atlas/UI_PersonalInfo,Atlas/UI_Item,[3103|2690|13103|5605|10104|4935],[[3103|2690]|[13103|5605]|[10104|4935]],[2|154|20000|2|155|240|2|156|40|2|157|6],[[2|154|20000]|[2|155|240]|[2|156|40]|[2|157|6]],icon_txt_T3,,476890,icon_lord_4,,122,lord_equip_desc011,lord_equip_name04,6,1,4
1340123,Atlas/UI_PersonalInfo,Atlas/UI_Item,[3103|2715|13103|5655|10104|4975],[[3103|2715]|[13103|5655]|[10104|4975]],[2|154|20000|2|155|240|2|156|40|2|157|6],[[2|154|20000]|[2|155|240]|[2|156|40]|[2|157|6]],icon_txt_T3,,484864,icon_lord_4,,123,lord_equip_desc011,lord_equip_name04,6,1,4
1340124,Atlas/UI_PersonalInfo,Atlas/UI_Item,[3103|2740|13103|5705|10104|5020],[[3103|2740]|[13103|5705]|[10104|5020]],[2|154|20000|2|155|240|2|156|40|2|157|6],[[2|154|20000]|[2|155|240]|[2|156|40]|[2|157|6]],icon_txt_T3,,492837,icon_lord_4,,124,lord_equip_desc011,lord_equip_name04,6,1,4
1340125,Atlas/UI_PersonalInfo,Atlas/UI_Item,[3103|2760|13103|5755|10104|5065],[[3103|2760]|[13103|5755]|[10104|5065]],[2|154|20000|2|155|240|2|156|40|2|157|6],[[2|154|20000]|[2|155|240]|[2|156|40]|[2|157|6]],icon_txt_T3,,500810,icon_lord_4,,125,lord_equip_desc011,lord_equip_name04,6,1,4
1340126,Atlas/UI_PersonalInfo,Atlas/UI_Item,[3103|2785|13103|5805|10104|5110],[[3103|2785]|[13103|5805]|[10104|5110]],[2|154|21000|2|155|250|2|156|40|2|157|6],[[2|154|21000]|[2|155|250]|[2|156|40]|[2|157|6]],icon_txt_T3,,508783,icon_lord_4,,126,lord_equip_desc011,lord_equip_name04,6,2,4
1340127,Atlas/UI_PersonalInfo,Atlas/UI_Item,[3103|2810|13103|5855|10104|5150],[[3103|2810]|[13103|5855]|[10104|5150]],[2|154|21000|2|155|250|2|156|40|2|157|6],[[2|154|21000]|[2|155|250]|[2|156|40]|[2|157|6]],icon_txt_T3,,516757,icon_lord_4,,127,lord_equip_desc011,lord_equip_name04,6,2,4
1340128,Atlas/UI_PersonalInfo,Atlas/UI_Item,[3103|2835|13103|5905|10104|5195],[[3103|2835]|[13103|5905]|[10104|5195]],[2|154|21000|2|155|250|2|156|40|2|157|6],[[2|154|21000]|[2|155|250]|[2|156|40]|[2|157|6]],icon_txt_T3,,524730,icon_lord_4,,128,lord_equip_desc011,lord_equip_name04,6,2,4
1340129,Atlas/UI_PersonalInfo,Atlas/UI_Item,[3103|2855|13103|5955|10104|5240],[[3103|2855]|[13103|5955]|[10104|5240]],[2|154|21000|2|155|250|2|156|40|2|157|6],[[2|154|21000]|[2|155|250]|[2|156|40]|[2|157|6]],icon_txt_T3,,532703,icon_lord_4,,129,lord_equip_desc011,lord_equip_name04,6,2,4
1340130,Atlas/UI_PersonalInfo,Atlas/UI_Item,[3103|2880|13103|6000|10104|5280],[[3103|2880]|[13103|6000]|[10104|5280]],[2|154|21000|2|155|250|2|156|40|2|157|6],[[2|154|21000]|[2|155|250]|[2|156|40]|[2|157|6]],icon_txt_T3,,540676,icon_lord_4,,130,lord_equip_desc011,lord_equip_name04,6,2,4
1340131,Atlas/UI_PersonalInfo,Atlas/UI_Item,[3103|2905|13103|6050|10104|5325],[[3103|2905]|[13103|6050]|[10104|5325]],[2|154|21000|2|155|270|2|156|45|2|157|7],[[2|154|21000]|[2|155|270]|[2|156|45]|[2|157|7]],icon_txt_T3,,548650,icon_lord_4,,131,lord_equip_desc011,lord_equip_name04,6,3,4
1340132,Atlas/UI_PersonalInfo,Atlas/UI_Item,[3103|2930|13103|6100|10104|5370],[[3103|2930]|[13103|6100]|[10104|5370]],[2|154|21000|2|155|270|2|156|45|2|157|7],[[2|154|21000]|[2|155|270]|[2|156|45]|[2|157|7]],icon_txt_T3,,556623,icon_lord_4,,132,lord_equip_desc011,lord_equip_name04,6,3,4
1340133,Atlas/UI_PersonalInfo,Atlas/UI_Item,[3103|2950|13103|6150|10104|5415],[[3103|2950]|[13103|6150]|[10104|5415]],[2|154|21000|2|155|270|2|156|45|2|157|7],[[2|154|21000]|[2|155|270]|[2|156|45]|[2|157|7]],icon_txt_T3,,564596,icon_lord_4,,133,lord_equip_desc011,lord_equip_name04,6,3,4
1340134,Atlas/UI_PersonalInfo,Atlas/UI_Item,[3103|2975|13103|6200|10104|5455],[[3103|2975]|[13103|6200]|[10104|5455]],[2|154|21000|2|155|270|2|156|45|2|157|7],[[2|154|21000]|[2|155|270]|[2|156|45]|[2|157|7]],icon_txt_T3,,572569,icon_lord_4,,134,lord_equip_desc011,lord_equip_name04,6,3,4
1340135,Atlas/UI_PersonalInfo,Atlas/UI_Item,[3103|3000|13103|6250|10104|5500],[[3103|3000]|[13103|6250]|[10104|5500]],[2|154|21000|2|155|270|2|156|45|2|157|7],[[2|154|21000]|[2|155|270]|[2|156|45]|[2|157|7]],icon_txt_T3,,580543,icon_lord_4,,135,lord_equip_desc011,lord_equip_name04,6,3,4
1340136,Atlas/UI_PersonalInfo,Atlas/UI_Item,[3103|3025|13103|6305|10104|5550],[[3103|3025]|[13103|6305]|[10104|5550]],[2|154|24000|2|155|290|2|156|50|2|157|8],[[2|154|24000]|[2|155|290]|[2|156|50]|[2|157|8]],icon_txt_T4,,591566,icon_lord_4,,136,lord_equip_desc011,lord_equip_name03,6,0,4
1340137,Atlas/UI_PersonalInfo,Atlas/UI_Item,[3103|3050|13103|6360|10104|5595],[[3103|3050]|[13103|6360]|[10104|5595]],[2|154|24000|2|155|290|2|156|50|2|157|8],[[2|154|24000]|[2|155|290]|[2|156|50]|[2|157|8]],icon_txt_T4,,602692,icon_lord_4,,137,lord_equip_desc011,lord_equip_name03,6,1,4
1340138,Atlas/UI_PersonalInfo,Atlas/UI_Item,[3103|3080|13103|6415|10104|5645],[[3103|3080]|[13103|6415]|[10104|5645]],[2|154|24000|2|155|290|2|156|50|2|157|8],[[2|154|24000]|[2|155|290]|[2|156|50]|[2|157|8]],icon_txt_T4,,613921,icon_lord_4,,138,lord_equip_desc011,lord_equip_name03,6,1,4
1340139,Atlas/UI_PersonalInfo,Atlas/UI_Item,[3103|3105|13103|6470|10104|5690],[[3103|3105]|[13103|6470]|[10104|5690]],[2|154|24000|2|155|290|2|156|50|2|157|8],[[2|154|24000]|[2|155|290]|[2|156|50]|[2|157|8]],icon_txt_T4,,625253,icon_lord_4,,139,lord_equip_desc011,lord_equip_name03,6,1,4
1340140,Atlas/UI_PersonalInfo,Atlas/UI_Item,[3103|3130|13103|6520|10104|5740],[[3103|3130]|[13103|6520]|[10104|5740]],[2|154|24000|2|155|290|2|156|50|2|157|8],[[2|154|24000]|[2|155|290]|[2|156|50]|[2|157|8]],icon_txt_T4,,636687,icon_lord_4,,140,lord_equip_desc011,lord_equip_name03,6,1,4
1340141,Atlas/UI_PersonalInfo,Atlas/UI_Item,[3103|3155|13103|6575|10104|5785],[[3103|3155]|[13103|6575]|[10104|5785]],[2|154|24000|2|155|290|2|156|50|2|157|8],[[2|154|24000]|[2|155|290]|[2|156|50]|[2|157|8]],icon_txt_T4,,648225,icon_lord_4,,141,lord_equip_desc011,lord_equip_name03,6,1,4
1340142,Atlas/UI_PersonalInfo,Atlas/UI_Item,[3103|3185|13103|6630|10104|5835],[[3103|3185]|[13103|6630]|[10104|5835]],[2|154|24000|2|155|290|2|156|50|2|157|10],[[2|154|24000]|[2|155|290]|[2|156|50]|[2|157|10]],icon_txt_T4,,659866,icon_lord_4,,142,lord_equip_desc011,lord_equip_name03,6,1,4
1340143,Atlas/UI_PersonalInfo,Atlas/UI_Item,[3103|3210|13103|6685|10104|5885],[[3103|3210]|[13103|6685]|[10104|5885]],[2|154|24000|2|155|290|2|156|50|2|157|10],[[2|154|24000]|[2|155|290]|[2|156|50]|[2|157|10]],icon_txt_T4,,671610,icon_lord_4,,143,lord_equip_desc011,lord_equip_name03,6,1,4
1340144,Atlas/UI_PersonalInfo,Atlas/UI_Item,[3103|3235|13103|6740|10104|5930],[[3103|3235]|[13103|6740]|[10104|5930]],[2|154|24000|2|155|290|2|156|50|2|157|10],[[2|154|24000]|[2|155|290]|[2|156|50]|[2|157|10]],icon_txt_T4,,683457,icon_lord_4,,144,lord_equip_desc011,lord_equip_name03,6,1,4
1340145,Atlas/UI_PersonalInfo,Atlas/UI_Item,[3103|3260|13103|6795|10104|5980],[[3103|3260]|[13103|6795]|[10104|5980]],[2|154|24000|2|155|290|2|156|50|2|157|10],[[2|154|24000]|[2|155|290]|[2|156|50]|[2|157|10]],icon_txt_T4,,695407,icon_lord_4,,145,lord_equip_desc011,lord_equip_name03,6,1,4
1340146,Atlas/UI_PersonalInfo,Atlas/UI_Item,[3103|3285|13103|6850|10104|6025],[[3103|3285]|[13103|6850]|[10104|6025]],[2|154|24000|2|155|290|2|156|50|2|157|10],[[2|154|24000]|[2|155|290]|[2|156|50]|[2|157|10]],icon_txt_T4,,707461,icon_lord_4,,146,lord_equip_desc011,lord_equip_name03,6,1,4
1340147,Atlas/UI_PersonalInfo,Atlas/UI_Item,[3103|3315|13103|6910|10104|6080],[[3103|3315]|[13103|6910]|[10104|6080]],[2|154|30000|2|155|320|2|156|60|2|157|12],[[2|154|30000]|[2|155|320]|[2|156|60]|[2|157|12]],icon_txt_T4,,720149,icon_lord_4,,147,lord_equip_desc011,lord_equip_name03,6,2,4
1340148,Atlas/UI_PersonalInfo,Atlas/UI_Item,[3103|3345|13103|6970|10104|6130],[[3103|3345]|[13103|6970]|[10104|6130]],[2|154|30000|2|155|320|2|156|60|2|157|12],[[2|154|30000]|[2|155|320]|[2|156|60]|[2|157|12]],icon_txt_T4,,732950,icon_lord_4,,148,lord_equip_desc011,lord_equip_name03,6,2,4
1340149,Atlas/UI_PersonalInfo,Atlas/UI_Item,[3103|3375|13103|7030|10104|6185],[[3103|3375]|[13103|7030]|[10104|6185]],[2|154|30000|2|155|320|2|156|60|2|157|12],[[2|154|30000]|[2|155|320]|[2|156|60]|[2|157|12]],icon_txt_T4,,745863,icon_lord_4,,149,lord_equip_desc011,lord_equip_name03,6,2,4
1340150,Atlas/UI_PersonalInfo,Atlas/UI_Item,[3103|3400|13103|7085|10104|6235],[[3103|3400]|[13103|7085]|[10104|6235]],[2|154|30000|2|155|320|2|156|60|2|157|12],[[2|154|30000]|[2|155|320]|[2|156|60]|[2|157|12]],icon_txt_T4,,758890,icon_lord_4,,150,lord_equip_desc011,lord_equip_name03,6,2,4
1340151,Atlas/UI_PersonalInfo,Atlas/UI_Item,[3103|3430|13103|7145|10104|6290],[[3103|3430]|[13103|7145]|[10104|6290]],[2|154|30000|2|155|320|2|156|60|2|157|12],[[2|154|30000]|[2|155|320]|[2|156|60]|[2|157|12]],icon_txt_T4,,772029,icon_lord_4,,151,lord_equip_desc011,lord_equip_name03,6,2,4
1340152,Atlas/UI_PersonalInfo,Atlas/UI_Item,[3103|3460|13103|7205|10104|6340],[[3103|3460]|[13103|7205]|[10104|6340]],[2|154|30000|2|155|320|2|156|60|2|157|14],[[2|154|30000]|[2|155|320]|[2|156|60]|[2|157|14]],icon_txt_T4,,785280,icon_lord_4,,152,lord_equip_desc011,lord_equip_name03,6,2,4
1340153,Atlas/UI_PersonalInfo,Atlas/UI_Item,[3103|3490|13103|7265|10104|6395],[[3103|3490]|[13103|7265]|[10104|6395]],[2|154|30000|2|155|320|2|156|60|2|157|14],[[2|154|30000]|[2|155|320]|[2|156|60]|[2|157|14]],icon_txt_T4,,798645,icon_lord_4,,153,lord_equip_desc011,lord_equip_name03,6,2,4
1340154,Atlas/UI_PersonalInfo,Atlas/UI_Item,[3103|3515|13103|7325|10104|6445],[[3103|3515]|[13103|7325]|[10104|6445]],[2|154|30000|2|155|320|2|156|60|2|157|14],[[2|154|30000]|[2|155|320]|[2|156|60]|[2|157|14]],icon_txt_T4,,812122,icon_lord_4,,154,lord_equip_desc011,lord_equip_name03,6,2,4
1340155,Atlas/UI_PersonalInfo,Atlas/UI_Item,[3103|3545|13103|7385|10104|6500],[[3103|3545]|[13103|7385]|[10104|6500]],[2|154|30000|2|155|320|2|156|60|2|157|14],[[2|154|30000]|[2|155|320]|[2|156|60]|[2|157|14]],icon_txt_T4,,825712,icon_lord_4,,155,lord_equip_desc011,lord_equip_name03,6,2,4
1340156,Atlas/UI_PersonalInfo,Atlas/UI_Item,[3103|3575|13103|7445|10104|6550],[[3103|3575]|[13103|7445]|[10104|6550]],[2|154|30000|2|155|320|2|156|60|2|157|14],[[2|154|30000]|[2|155|320]|[2|156|60]|[2|157|14]],icon_txt_T4,,839414,icon_lord_4,,156,lord_equip_desc011,lord_equip_name03,6,2,4
1340157,Atlas/UI_PersonalInfo,Atlas/UI_Item,[3103|3605|13103|7510|10104|6610],[[3103|3605]|[13103|7510]|[10104|6610]],[2|154|36000|2|155|360|2|156|70|2|157|14],[[2|154|36000]|[2|155|360]|[2|156|70]|[2|157|14]],icon_txt_T4,,854197,icon_lord_4,,157,lord_equip_desc011,lord_equip_name03,6,3,4
1340158,Atlas/UI_PersonalInfo,Atlas/UI_Item,[3103|3640|13103|7580|10104|6670],[[3103|3640]|[13103|7580]|[10104|6670]],[2|154|36000|2|155|360|2|156|70|2|157|16],[[2|154|36000]|[2|155|360]|[2|156|70]|[2|157|16]],icon_txt_T4,,869108,icon_lord_4,,158,lord_equip_desc011,lord_equip_name03,6,3,4
1340159,Atlas/UI_PersonalInfo,Atlas/UI_Item,[3103|3670|13103|7650|10104|6730],[[3103|3670]|[13103|7650]|[10104|6730]],[2|154|36000|2|155|360|2|156|70|2|157|16],[[2|154|36000]|[2|155|360]|[2|156|70]|[2|157|16]],icon_txt_T4,,884148,icon_lord_4,,159,lord_equip_desc011,lord_equip_name03,6,3,4
1340160,Atlas/UI_PersonalInfo,Atlas/UI_Item,[3103|3705|13103|7715|10104|6790],[[3103|3705]|[13103|7715]|[10104|6790]],[2|154|36000|2|155|360|2|156|70|2|157|16],[[2|154|36000]|[2|155|360]|[2|156|70]|[2|157|16]],icon_txt_T4,,899317,icon_lord_4,,160,lord_equip_desc011,lord_equip_name03,6,3,4
1340161,Atlas/UI_PersonalInfo,Atlas/UI_Item,[3103|3735|13103|7785|10104|6850],[[3103|3735]|[13103|7785]|[10104|6850]],[2|154|36000|2|155|360|2|156|70|2|157|16],[[2|154|36000]|[2|155|360]|[2|156|70]|[2|157|16]],icon_txt_T4,,914615,icon_lord_4,,161,lord_equip_desc011,lord_equip_name03,6,3,4
1340162,Atlas/UI_PersonalInfo,Atlas/UI_Item,[3103|3770|13103|7855|10104|6910],[[3103|3770]|[13103|7855]|[10104|6910]],[2|154|36000|2|155|360|2|156|70|2|157|18],[[2|154|36000]|[2|155|360]|[2|156|70]|[2|157|18]],icon_txt_T4,,930041,icon_lord_4,,162,lord_equip_desc011,lord_equip_name03,6,3,4
1340163,Atlas/UI_PersonalInfo,Atlas/UI_Item,[3103|3800|13103|7920|10104|6970],[[3103|3800]|[13103|7920]|[10104|6970]],[2|154|36000|2|155|360|2|156|70|2|157|18],[[2|154|36000]|[2|155|360]|[2|156|70]|[2|157|18]],icon_txt_T4,,945596,icon_lord_4,,163,lord_equip_desc011,lord_equip_name03,6,3,4
1340164,Atlas/UI_PersonalInfo,Atlas/UI_Item,[3103|3835|13103|7990|10104|7030],[[3103|3835]|[13103|7990]|[10104|7030]],[2|154|36000|2|155|360|2|156|70|2|157|18],[[2|154|36000]|[2|155|360]|[2|156|70]|[2|157|18]],icon_txt_T4,,961281,icon_lord_4,,164,lord_equip_desc011,lord_equip_name03,6,3,4
1340165,Atlas/UI_PersonalInfo,Atlas/UI_Item,[3103|3865|13103|8055|10104|7090],[[3103|3865]|[13103|8055]|[10104|7090]],[2|154|36000|2|155|360|2|156|70|2|157|18],[[2|154|36000]|[2|155|360]|[2|156|70]|[2|157|18]],icon_txt_T4,,977093,icon_lord_4,,165,lord_equip_desc011,lord_equip_name03,6,3,4
1340166,Atlas/UI_PersonalInfo,Atlas/UI_Item,[3103|3900|13103|8125|10104|7150],[[3103|3900]|[13103|8125]|[10104|7150]],[2|154|36000|2|155|360|2|156|70|2|157|18],[[2|154|36000]|[2|155|360]|[2|156|70]|[2|157|18]],icon_txt_T4,,993035,icon_lord_4,,166,lord_equip_desc011,lord_equip_name03,6,3,4
1350001,Atlas/UI_PersonalInfo,Atlas/UI_Item,[4104|75|14104|205|10103|25],[[4104|75]|[14104|205]|[10103|25]],[2|154|1500|2|155|20],[[2|154|1500]|[2|155|20]],,,1818,icon_lord_2,,1,lord_equip_desc001,lord_equip_name05,2,0,5
1350002,Atlas/UI_PersonalInfo,Atlas/UI_Item,[4104|150|14104|410|10103|50],[[4104|150]|[14104|410]|[10103|50]],[2|154|3800|2|155|40],[[2|154|3800]|[2|155|40]],,,3897,icon_lord_2,,2,lord_equip_desc001,lord_equip_name05,2,1,5
1350003,Atlas/UI_PersonalInfo,Atlas/UI_Item,[4104|230|14104|635|10103|80],[[4104|230]|[14104|635]|[10103|80]],[2|154|4000|2|155|50],[[2|154|4000]|[2|155|50]],,,5600,icon_lord_2,,3,lord_equip_desc002,lord_equip_name05,3,0,5
1350004,Atlas/UI_PersonalInfo,Atlas/UI_Item,[4104|270|14104|745|10103|95],[[4104|270]|[14104|745]|[10103|95]],[2|154|6400|2|155|60],[[2|154|6400]|[2|155|60]],,,7304,icon_lord_2,,4,lord_equip_desc002,lord_equip_name05,3,1,5
1350005,Atlas/UI_PersonalInfo,Atlas/UI_Item,[4104|310|14104|860|10103|110],[[4104|310]|[14104|860]|[10103|110]],[2|154|6400|2|155|60],[[2|154|6400]|[2|155|60]],,,9008,icon_lord_2,,5,lord_equip_desc002,lord_equip_name05,3,1,5
1350006,Atlas/UI_PersonalInfo,Atlas/UI_Item,[4104|355|14104|970|10103|120],[[4104|355]|[14104|970]|[10103|120]],[2|154|1300|2|155|5|2|156|10],[[2|154|1300]|[2|155|5]|[2|156|10]],,,10712,icon_lord_2,,6,lord_equip_desc002,lord_equip_name05,3,2,5
1350007,Atlas/UI_PersonalInfo,Atlas/UI_Item,[4104|395|14104|1080|10103|135],[[4104|395]|[14104|1080]|[10103|135]],[2|154|1300|2|155|5|2|156|10],[[2|154|1300]|[2|155|5]|[2|156|10]],,,12416,icon_lord_2,,7,lord_equip_desc002,lord_equip_name05,3,2,5
1350008,Atlas/UI_PersonalInfo,Atlas/UI_Item,[4104|435|14104|1195|10103|150],[[4104|435]|[14104|1195]|[10103|150]],[2|154|1500|2|155|5|2|156|10],[[2|154|1500]|[2|155|5]|[2|156|10]],,,14120,icon_lord_2,,8,lord_equip_desc002,lord_equip_name05,3,3,5
1350009,Atlas/UI_PersonalInfo,Atlas/UI_Item,[4104|475|14104|1305|10103|165],[[4104|475]|[14104|1305]|[10103|165]],[2|154|1500|2|155|5|2|156|10],[[2|154|1500]|[2|155|5]|[2|156|10]],,,15824,icon_lord_2,,9,lord_equip_desc002,lord_equip_name05,3,3,5
1350010,Atlas/UI_PersonalInfo,Atlas/UI_Item,[4104|565|14104|1550|10103|195],[[4104|565]|[14104|1550]|[10103|195]],[2|154|1800|2|155|5|2|156|12],[[2|154|1800]|[2|155|5]|[2|156|12]],,,17597,icon_lord_2,,10,lord_equip_desc003,lord_equip_name05,4,0,5
1350011,Atlas/UI_PersonalInfo,Atlas/UI_Item,[4104|595|14104|1635|10103|205],[[4104|595]|[14104|1635]|[10103|205]],[2|154|1300|2|155|5|2|156|12],[[2|154|1300]|[2|155|5]|[2|156|12]],,,19370,icon_lord_2,,11,lord_equip_desc003,lord_equip_name05,4,1,5
1350012,Atlas/UI_PersonalInfo,Atlas/UI_Item,[4104|625|14104|1715|10103|215],[[4104|625]|[14104|1715]|[10103|215]],[2|154|1300|2|155|5|2|156|12],[[2|154|1300]|[2|155|5]|[2|156|12]],,,21143,icon_lord_2,,12,lord_equip_desc003,lord_equip_name05,4,1,5
1350013,Atlas/UI_PersonalInfo,Atlas/UI_Item,[4104|655|14104|1795|10103|225],[[4104|655]|[14104|1795]|[10103|225]],[2|154|1300|2|155|5|2|156|12],[[2|154|1300]|[2|155|5]|[2|156|12]],,,22916,icon_lord_2,,13,lord_equip_desc003,lord_equip_name05,4,1,5
1350014,Atlas/UI_PersonalInfo,Atlas/UI_Item,[4104|685|14104|1880|10103|235],[[4104|685]|[14104|1880]|[10103|235]],[2|154|2500|2|155|20|2|156|12],[[2|154|2500]|[2|155|20]|[2|156|12]],,,24690,icon_lord_2,,14,lord_equip_desc003,lord_equip_name05,4,2,5
1350015,Atlas/UI_PersonalInfo,Atlas/UI_Item,[4104|715|14104|1960|10103|250],[[4104|715]|[14104|1960]|[10103|250]],[2|154|2500|2|155|20|2|156|12],[[2|154|2500]|[2|155|20]|[2|156|12]],,,26463,icon_lord_2,,15,lord_equip_desc003,lord_equip_name05,4,2,5
1350016,Atlas/UI_PersonalInfo,Atlas/UI_Item,[4104|745|14104|2040|10103|260],[[4104|745]|[14104|2040]|[10103|260]],[2|154|2500|2|155|20|2|156|12],[[2|154|2500]|[2|155|20]|[2|156|12]],,,28236,icon_lord_2,,16,lord_equip_desc003,lord_equip_name05,4,2,5
1350017,Atlas/UI_PersonalInfo,Atlas/UI_Item,[4104|770|14104|2125|10103|270],[[4104|770]|[14104|2125]|[10103|270]],[2|154|3500|2|155|30|2|156|12],[[2|154|3500]|[2|155|30]|[2|156|12]],,,30009,icon_lord_2,,17,lord_equip_desc003,lord_equip_name05,4,3,5
1350018,Atlas/UI_PersonalInfo,Atlas/UI_Item,[4104|800|14104|2205|10103|280],[[4104|800]|[14104|2205]|[10103|280]],[2|154|3500|2|155|30|2|156|12],[[2|154|3500]|[2|155|30]|[2|156|12]],,,31782,icon_lord_2,,18,lord_equip_desc003,lord_equip_name05,4,3,5
1350019,Atlas/UI_PersonalInfo,Atlas/UI_Item,[4104|830|14104|2285|10103|290],[[4104|830]|[14104|2285]|[10103|290]],[2|154|3500|2|155|30|2|156|12],[[2|154|3500]|[2|155|30]|[2|156|12]],,,33556,icon_lord_2,,19,lord_equip_desc003,lord_equip_name05,4,3,5
1350020,Atlas/UI_PersonalInfo,Atlas/UI_Item,[4104|930|14104|2565|10103|325],[[4104|930]|[14104|2565]|[10103|325]],[2|154|3300|2|155|30|2|156|15],[[2|154|3300]|[2|155|30]|[2|156|15]],icon_txt_T1,,35469,icon_lord_2,,20,lord_equip_desc006,lord_equip_name05,5,0,5
1350021,Atlas/UI_PersonalInfo,Atlas/UI_Item,[4104|955|14104|2630|10103|330],[[4104|955]|[14104|2630]|[10103|330]],[2|154|3900|2|155|30|2|156|15],[[2|154|3900]|[2|155|30]|[2|156|15]],icon_txt_T1,,37382,icon_lord_2,,21,lord_equip_desc006,lord_equip_name05,5,1,5
1350022,Atlas/UI_PersonalInfo,Atlas/UI_Item,[4104|980|14104|2700|10103|340],[[4104|980]|[14104|2700]|[10103|340]],[2|154|3900|2|155|30|2|156|15],[[2|154|3900]|[2|155|30]|[2|156|15]],icon_txt_T1,,39295,icon_lord_2,,22,lord_equip_desc006,lord_equip_name05,5,1,5
1350023,Atlas/UI_PersonalInfo,Atlas/UI_Item,[4104|1005|14104|2770|10103|350],[[4104|1005]|[14104|2770]|[10103|350]],[2|154|4400|2|155|30|2|156|15],[[2|154|4400]|[2|155|30]|[2|156|15]],icon_txt_T1,,41208,icon_lord_2,,23,lord_equip_desc006,lord_equip_name05,5,1,5
1350024,Atlas/UI_PersonalInfo,Atlas/UI_Item,[4104|1030|14104|2840|10103|360],[[4104|1030]|[14104|2840]|[10103|360]],[2|154|4400|2|155|30|2|156|15],[[2|154|4400]|[2|155|30]|[2|156|15]],icon_txt_T1,,43121,icon_lord_2,,24,lord_equip_desc006,lord_equip_name05,5,1,5
1350025,Atlas/UI_PersonalInfo,Atlas/UI_Item,[4104|1055|14104|2905|10103|365],[[4104|1055]|[14104|2905]|[10103|365]],[2|154|4900|2|155|35|2|156|15],[[2|154|4900]|[2|155|35]|[2|156|15]],icon_txt_T1,,45034,icon_lord_2,,25,lord_equip_desc006,lord_equip_name05,5,2,5
1350026,Atlas/UI_PersonalInfo,Atlas/UI_Item,[4104|1080|14104|2975|10103|375],[[4104|1080]|[14104|2975]|[10103|375]],[2|154|4900|2|155|35|2|156|15],[[2|154|4900]|[2|155|35]|[2|156|15]],icon_txt_T1,,46948,icon_lord_2,,26,lord_equip_desc006,lord_equip_name05,5,2,5
1350027,Atlas/UI_PersonalInfo,Atlas/UI_Item,[4104|1105|14104|3045|10103|385],[[4104|1105]|[14104|3045]|[10103|385]],[2|154|4900|2|155|35|2|156|15],[[2|154|4900]|[2|155|35]|[2|156|15]],icon_txt_T1,,48861,icon_lord_2,,27,lord_equip_desc006,lord_equip_name05,5,2,5
1350028,Atlas/UI_PersonalInfo,Atlas/UI_Item,[4104|1130|14104|3115|10103|395],[[4104|1130]|[14104|3115]|[10103|395]],[2|154|4900|2|155|35|2|156|15],[[2|154|4900]|[2|155|35]|[2|156|15]],icon_txt_T1,,50774,icon_lord_2,,28,lord_equip_desc006,lord_equip_name05,5,2,5
1350029,Atlas/UI_PersonalInfo,Atlas/UI_Item,[4104|1155|14104|3185|10103|400],[[4104|1155]|[14104|3185]|[10103|400]],[2|154|5400|2|155|45|2|156|20],[[2|154|5400]|[2|155|45]|[2|156|20]],icon_txt_T1,,52687,icon_lord_2,,29,lord_equip_desc006,lord_equip_name05,5,3,5
1350030,Atlas/UI_PersonalInfo,Atlas/UI_Item,[4104|1185|14104|3250|10103|410],[[4104|1185]|[14104|3250]|[10103|410]],[2|154|5400|2|155|45|2|156|20],[[2|154|5400]|[2|155|45]|[2|156|20]],icon_txt_T1,,54600,icon_lord_2,,30,lord_equip_desc006,lord_equip_name05,5,3,5
1350031,Atlas/UI_PersonalInfo,Atlas/UI_Item,[4104|1210|14104|3320|10103|420],[[4104|1210]|[14104|3320]|[10103|420]],[2|154|5400|2|155|45|2|156|20],[[2|154|5400]|[2|155|45]|[2|156|20]],icon_txt_T1,,56513,icon_lord_2,,31,lord_equip_desc006,lord_equip_name05,5,3,5
1350032,Atlas/UI_PersonalInfo,Atlas/UI_Item,[4104|1235|14104|3390|10103|430],[[4104|1235]|[14104|3390]|[10103|430]],[2|154|5400|2|155|45|2|156|20],[[2|154|5400]|[2|155|45]|[2|156|20]],icon_txt_T1,,58427,icon_lord_2,,32,lord_equip_desc006,lord_equip_name05,5,3,5
1350033,Atlas/UI_PersonalInfo,Atlas/UI_Item,[4104|1350|14104|3705|10103|470],[[4104|1350]|[14104|3705]|[10103|470]],[2|154|5500|2|155|50|2|156|20],[[2|154|5500]|[2|155|50]|[2|156|20]],icon_txt_T2,,61024,icon_lord_2,,33,lord_equip_desc007,lord_equip_name05,5,0,5
1350034,Atlas/UI_PersonalInfo,Atlas/UI_Item,[4104|1375|14104|3785|10103|480],[[4104|1375]|[14104|3785]|[10103|480]],[2|154|7300|2|155|75|2|156|20],[[2|154|7300]|[2|155|75]|[2|156|20]],icon_txt_T2,,63621,icon_lord_2,,34,lord_equip_desc007,lord_equip_name05,5,1,5
1350035,Atlas/UI_PersonalInfo,Atlas/UI_Item,[4104|1405|14104|3865|10103|490],[[4104|1405]|[14104|3865]|[10103|490]],[2|154|7300|2|155|75|2|156|20],[[2|154|7300]|[2|155|75]|[2|156|20]],icon_txt_T2,,66218,icon_lord_2,,35,lord_equip_desc007,lord_equip_name05,5,1,5
1350036,Atlas/UI_PersonalInfo,Atlas/UI_Item,[4104|1435|14104|3945|10103|500],[[4104|1435]|[14104|3945]|[10103|500]],[2|154|7300|2|155|75|2|156|20],[[2|154|7300]|[2|155|75]|[2|156|20]],icon_txt_T2,,68815,icon_lord_2,,36,lord_equip_desc007,lord_equip_name05,5,1,5
1350037,Atlas/UI_PersonalInfo,Atlas/UI_Item,[4104|1465|14104|4025|10103|510],[[4104|1465]|[14104|4025]|[10103|510]],[2|154|7300|2|155|75|2|156|20],[[2|154|7300]|[2|155|75]|[2|156|20]],icon_txt_T2,,71412,icon_lord_2,,37,lord_equip_desc007,lord_equip_name05,5,1,5
1350038,Atlas/UI_PersonalInfo,Atlas/UI_Item,[4104|1490|14104|4100|10103|520],[[4104|1490]|[14104|4100]|[10103|520]],[2|154|7800|2|155|75|2|156|20],[[2|154|7800]|[2|155|75]|[2|156|20]],icon_txt_T2,,74009,icon_lord_2,,38,lord_equip_desc007,lord_equip_name05,5,2,5
1350039,Atlas/UI_PersonalInfo,Atlas/UI_Item,[4104|1520|14104|4180|10103|530],[[4104|1520]|[14104|4180]|[10103|530]],[2|154|7800|2|155|75|2|156|20],[[2|154|7800]|[2|155|75]|[2|156|20]],icon_txt_T2,,76606,icon_lord_2,,39,lord_equip_desc007,lord_equip_name05,5,2,5
1350040,Atlas/UI_PersonalInfo,Atlas/UI_Item,[4104|1550|14104|4260|10103|540],[[4104|1550]|[14104|4260]|[10103|540]],[2|154|7800|2|155|75|2|156|20],[[2|154|7800]|[2|155|75]|[2|156|20]],icon_txt_T2,,79203,icon_lord_2,,40,lord_equip_desc007,lord_equip_name05,5,2,5
1350041,Atlas/UI_PersonalInfo,Atlas/UI_Item,[4104|1580|14104|4340|10103|550],[[4104|1580]|[14104|4340]|[10103|550]],[2|154|7800|2|155|75|2|156|20],[[2|154|7800]|[2|155|75]|[2|156|20]],icon_txt_T2,,81800,icon_lord_2,,41,lord_equip_desc007,lord_equip_name05,5,2,5
1350042,Atlas/UI_PersonalInfo,Atlas/UI_Item,[4104|1605|14104|4420|10103|560],[[4104|1605]|[14104|4420]|[10103|560]],[2|154|8100|2|155|85|2|156|20],[[2|154|8100]|[2|155|85]|[2|156|20]],icon_txt_T2,,84397,icon_lord_2,,42,lord_equip_desc007,lord_equip_name05,5,3,5
1350043,Atlas/UI_PersonalInfo,Atlas/UI_Item,[4104|1635|14104|4500|10103|570],[[4104|1635]|[14104|4500]|[10103|570]],[2|154|8100|2|155|85|2|156|20],[[2|154|8100]|[2|155|85]|[2|156|20]],icon_txt_T2,,86994,icon_lord_2,,43,lord_equip_desc007,lord_equip_name05,5,3,5
1350044,Atlas/UI_PersonalInfo,Atlas/UI_Item,[4104|1665|14104|4575|10103|580],[[4104|1665]|[14104|4575]|[10103|580]],[2|154|8100|2|155|85|2|156|20],[[2|154|8100]|[2|155|85]|[2|156|20]],icon_txt_T2,,89591,icon_lord_2,,44,lord_equip_desc007,lord_equip_name05,5,3,5
1350045,Atlas/UI_PersonalInfo,Atlas/UI_Item,[4104|1695|14104|4655|10103|590],[[4104|1695]|[14104|4655]|[10103|590]],[2|154|8100|2|155|85|2|156|20],[[2|154|8100]|[2|155|85]|[2|156|20]],icon_txt_T2,,92188,icon_lord_2,,45,lord_equip_desc007,lord_equip_name05,5,3,5
1350046,Atlas/UI_PersonalInfo,Atlas/UI_Item,[4104|1825|14104|5015|10103|635],[[4104|1825]|[14104|5015]|[10103|635]],[2|154|8500|2|155|85|2|156|20],[[2|154|8500]|[2|155|85]|[2|156|20]],icon_txt_T3,,95565,icon_lord_2,,46,lord_equip_desc0061,lord_equip_name05,5,0,5
1350047,Atlas/UI_PersonalInfo,Atlas/UI_Item,[4104|1855|14104|5105|10103|645],[[4104|1855]|[14104|5105]|[10103|645]],[2|154|9000|2|155|95|2|156|20],[[2|154|9000]|[2|155|95]|[2|156|20]],icon_txt_T3,,98942,icon_lord_2,,47,lord_equip_desc0061,lord_equip_name05,5,1,5
1350048,Atlas/UI_PersonalInfo,Atlas/UI_Item,[4104|1890|14104|5190|10103|655],[[4104|1890]|[14104|5190]|[10103|655]],[2|154|9000|2|155|95|2|156|20],[[2|154|9000]|[2|155|95]|[2|156|20]],icon_txt_T3,,102320,icon_lord_2,,48,lord_equip_desc0061,lord_equip_name05,5,1,5
1350049,Atlas/UI_PersonalInfo,Atlas/UI_Item,[4104|1920|14104|5280|10103|665],[[4104|1920]|[14104|5280]|[10103|665]],[2|154|9000|2|155|95|2|156|20],[[2|154|9000]|[2|155|95]|[2|156|20]],icon_txt_T3,,105697,icon_lord_2,,49,lord_equip_desc0061,lord_equip_name05,5,1,5
1350050,Atlas/UI_PersonalInfo,Atlas/UI_Item,[4104|1955|14104|5370|10103|680],[[4104|1955]|[14104|5370]|[10103|680]],[2|154|9000|2|155|95|2|156|20],[[2|154|9000]|[2|155|95]|[2|156|20]],icon_txt_T3,,109075,icon_lord_2,,50,lord_equip_desc0061,lord_equip_name05,5,1,5
1350051,Atlas/UI_PersonalInfo,Atlas/UI_Item,[4104|1985|14104|5460|10103|690],[[4104|1985]|[14104|5460]|[10103|690]],[2|154|9500|2|155|95|2|156|20],[[2|154|9500]|[2|155|95]|[2|156|20]],icon_txt_T3,,112452,icon_lord_2,,51,lord_equip_desc0061,lord_equip_name05,5,2,5
1350052,Atlas/UI_PersonalInfo,Atlas/UI_Item,[4104|2020|14104|5550|10103|700],[[4104|2020]|[14104|5550]|[10103|700]],[2|154|9500|2|155|95|2|156|20],[[2|154|9500]|[2|155|95]|[2|156|20]],icon_txt_T3,,115830,icon_lord_2,,52,lord_equip_desc0061,lord_equip_name05,5,2,5
1350053,Atlas/UI_PersonalInfo,Atlas/UI_Item,[4104|2050|14104|5640|10103|710],[[4104|2050]|[14104|5640]|[10103|710]],[2|154|9500|2|155|95|2|156|20],[[2|154|9500]|[2|155|95]|[2|156|20]],icon_txt_T3,,119207,icon_lord_2,,53,lord_equip_desc0061,lord_equip_name05,5,2,5
1350054,Atlas/UI_PersonalInfo,Atlas/UI_Item,[4104|2085|14104|5730|10103|725],[[4104|2085]|[14104|5730]|[10103|725]],[2|154|9500|2|155|95|2|156|20],[[2|154|9500]|[2|155|95]|[2|156|20]],icon_txt_T3,,122585,icon_lord_2,,54,lord_equip_desc0061,lord_equip_name05,5,2,5
1350055,Atlas/UI_PersonalInfo,Atlas/UI_Item,[4104|2115|14104|5815|10103|735],[[4104|2115]|[14104|5815]|[10103|735]],[2|154|10000|2|155|95|2|156|20],[[2|154|10000]|[2|155|95]|[2|156|20]],icon_txt_T3,,125962,icon_lord_2,,55,lord_equip_desc0061,lord_equip_name05,5,3,5
1350056,Atlas/UI_PersonalInfo,Atlas/UI_Item,[4104|2150|14104|5905|10103|745],[[4104|2150]|[14104|5905]|[10103|745]],[2|154|10000|2|155|95|2|156|20],[[2|154|10000]|[2|155|95]|[2|156|20]],icon_txt_T3,,129340,icon_lord_2,,56,lord_equip_desc0061,lord_equip_name05,5,3,5
1350057,Atlas/UI_PersonalInfo,Atlas/UI_Item,[4104|2180|14104|5995|10103|755],[[4104|2180]|[14104|5995]|[10103|755]],[2|154|10000|2|155|95|2|156|20],[[2|154|10000]|[2|155|95]|[2|156|20]],icon_txt_T3,,132717,icon_lord_2,,57,lord_equip_desc0061,lord_equip_name05,5,3,5
1350058,Atlas/UI_PersonalInfo,Atlas/UI_Item,[4104|2215|14104|6085|10103|770],[[4104|2215]|[14104|6085]|[10103|770]],[2|154|10000|2|155|95|2|156|20],[[2|154|10000]|[2|155|95]|[2|156|20]],icon_txt_T3,,136095,icon_lord_2,,58,lord_equip_desc0061,lord_equip_name05,5,3,5
1350059,Atlas/UI_PersonalInfo,Atlas/UI_Item,[4104|2360|14104|6495|10103|820],[[4104|2360]|[14104|6495]|[10103|820]],[2|154|10000|2|155|90|2|156|20],[[2|154|10000]|[2|155|90]|[2|156|20]],icon_txt_T4,,140427,icon_lord_2,,59,lord_equip_desc0071,lord_equip_name05,5,0,5
1350060,Atlas/UI_PersonalInfo,Atlas/UI_Item,[4104|2400|14104|6595|10103|835],[[4104|2400]|[14104|6595]|[10103|835]],[2|154|13000|2|155|130|2|156|22],[[2|154|13000]|[2|155|130]|[2|156|22]],icon_txt_T4,,144760,icon_lord_2,,60,lord_equip_desc0071,lord_equip_name05,5,1,5
1350061,Atlas/UI_PersonalInfo,Atlas/UI_Item,[4104|2435|14104|6700|10103|845],[[4104|2435]|[14104|6700]|[10103|845]],[2|154|13000|2|155|130|2|156|22],[[2|154|13000]|[2|155|130]|[2|156|22]],icon_txt_T4,,149093,icon_lord_2,,61,lord_equip_desc0071,lord_equip_name05,5,1,5
1350062,Atlas/UI_PersonalInfo,Atlas/UI_Item,[4104|2475|14104|6800|10103|860],[[4104|2475]|[14104|6800]|[10103|860]],[2|154|13000|2|155|130|2|156|22],[[2|154|13000]|[2|155|130]|[2|156|22]],icon_txt_T4,,153426,icon_lord_2,,62,lord_equip_desc0071,lord_equip_name05,5,1,5
1350063,Atlas/UI_PersonalInfo,Atlas/UI_Item,[4104|2510|14104|6900|10103|870],[[4104|2510]|[14104|6900]|[10103|870]],[2|154|13000|2|155|130|2|156|22],[[2|154|13000]|[2|155|130]|[2|156|22]],icon_txt_T4,,157759,icon_lord_2,,63,lord_equip_desc0071,lord_equip_name05,5,1,5
1350064,Atlas/UI_PersonalInfo,Atlas/UI_Item,[4104|2545|14104|7005|10103|885],[[4104|2545]|[14104|7005]|[10103|885]],[2|154|13000|2|155|140|2|156|23],[[2|154|13000]|[2|155|140]|[2|156|23]],icon_txt_T4,,162092,icon_lord_2,,64,lord_equip_desc0071,lord_equip_name05,5,2,5
1350065,Atlas/UI_PersonalInfo,Atlas/UI_Item,[4104|2585|14104|7105|10103|895],[[4104|2585]|[14104|7105]|[10103|895]],[2|154|13000|2|155|140|2|156|23],[[2|154|13000]|[2|155|140]|[2|156|23]],icon_txt_T4,,166424,icon_lord_2,,65,lord_equip_desc0071,lord_equip_name05,5,2,5
1350066,Atlas/UI_PersonalInfo,Atlas/UI_Item,[4104|2620|14104|7210|10103|910],[[4104|2620]|[14104|7210]|[10103|910]],[2|154|13000|2|155|140|2|156|23],[[2|154|13000]|[2|155|140]|[2|156|23]],icon_txt_T4,,170757,icon_lord_2,,66,lord_equip_desc0071,lord_equip_name05,5,2,5
1350067,Atlas/UI_PersonalInfo,Atlas/UI_Item,[4104|2660|14104|7310|10103|925],[[4104|2660]|[14104|7310]|[10103|925]],[2|154|13000|2|155|140|2|156|23],[[2|154|13000]|[2|155|140]|[2|156|23]],icon_txt_T4,,175090,icon_lord_2,,67,lord_equip_desc0071,lord_equip_name05,5,2,5
1350068,Atlas/UI_PersonalInfo,Atlas/UI_Item,[4104|2695|14104|7415|10103|935],[[4104|2695]|[14104|7415]|[10103|935]],[2|154|14000|2|155|150|2|156|25],[[2|154|14000]|[2|155|150]|[2|156|25]],icon_txt_T4,,179423,icon_lord_2,,68,lord_equip_desc0071,lord_equip_name05,5,3,5
1350069,Atlas/UI_PersonalInfo,Atlas/UI_Item,[4104|2735|14104|7515|10103|950],[[4104|2735]|[14104|7515]|[10103|950]],[2|154|14000|2|155|150|2|156|25],[[2|154|14000]|[2|155|150]|[2|156|25]],icon_txt_T4,,183756,icon_lord_2,,69,lord_equip_desc0071,lord_equip_name05,5,3,5
1350070,Atlas/UI_PersonalInfo,Atlas/UI_Item,[4104|2770|14104|7615|10103|960],[[4104|2770]|[14104|7615]|[10103|960]],[2|154|14000|2|155|150|2|156|25],[[2|154|14000]|[2|155|150]|[2|156|25]],icon_txt_T4,,188089,icon_lord_2,,70,lord_equip_desc0071,lord_equip_name05,5,3,5
1350071,Atlas/UI_PersonalInfo,Atlas/UI_Item,[4104|2805|14104|7720|10103|975],[[4104|2805]|[14104|7720]|[10103|975]],[2|154|14000|2|155|150|2|156|25],[[2|154|14000]|[2|155|150]|[2|156|25]],icon_txt_T4,,192422,icon_lord_2,,71,lord_equip_desc0071,lord_equip_name05,5,3,5
1350072,Atlas/UI_PersonalInfo,Atlas/UI_Item,[4104|2975|14104|8180|10103|1035],[[4104|2975]|[14104|8180]|[10103|1035]],[2|154|15000|2|155|140|2|156|20|2|157|2],[[2|154|15000]|[2|155|140]|[2|156|20]|[2|157|2]],,,196817,icon_lord_2,,72,lord_equip_desc008,lord_equip_name05,6,0,5
1350073,Atlas/UI_PersonalInfo,Atlas/UI_Item,[4104|3005|14104|8270|10103|1045],[[4104|3005]|[14104|8270]|[10103|1045]],[2|154|13000|2|155|140|2|156|20|2|157|2],[[2|154|13000]|[2|155|140]|[2|156|20]|[2|157|2]],,,201212,icon_lord_2,,73,lord_equip_desc008,lord_equip_name05,6,1,5
1350074,Atlas/UI_PersonalInfo,Atlas/UI_Item,[4104|3040|14104|8360|10103|1055],[[4104|3040]|[14104|8360]|[10103|1055]],[2|154|13000|2|155|140|2|156|20|2|157|2],[[2|154|13000]|[2|155|140]|[2|156|20]|[2|157|2]],,,205607,icon_lord_2,,74,lord_equip_desc008,lord_equip_name05,6,1,5
1350075,Atlas/UI_PersonalInfo,Atlas/UI_Item,[4104|3075|14104|8455|10103|1065],[[4104|3075]|[14104|8455]|[10103|1065]],[2|154|13000|2|155|140|2|156|20|2|157|2],[[2|154|13000]|[2|155|140]|[2|156|20]|[2|157|2]],,,210002,icon_lord_2,,75,lord_equip_desc008,lord_equip_name05,6,1,5
1350076,Atlas/UI_PersonalInfo,Atlas/UI_Item,[4104|3110|14104|8545|10103|1080],[[4104|3110]|[14104|8545]|[10103|1080]],[2|154|13000|2|155|140|2|156|20|2|157|2],[[2|154|13000]|[2|155|140]|[2|156|20]|[2|157|2]],,,214397,icon_lord_2,,76,lord_equip_desc008,lord_equip_name05,6,1,5
1350077,Atlas/UI_PersonalInfo,Atlas/UI_Item,[4104|3140|14104|8640|10103|1090],[[4104|3140]|[14104|8640]|[10103|1090]],[2|154|13000|2|155|140|2|156|20|2|157|2],[[2|154|13000]|[2|155|140]|[2|156|20]|[2|157|2]],,,218792,icon_lord_2,,77,lord_equip_desc008,lord_equip_name05,6,1,5
1350078,Atlas/UI_PersonalInfo,Atlas/UI_Item,[4104|3175|14104|8730|10103|1100],[[4104|3175]|[14104|8730]|[10103|1100]],[2|154|13500|2|155|160|2|156|25|2|157|2],[[2|154|13500]|[2|155|160]|[2|156|25]|[2|157|2]],,,223187,icon_lord_2,,78,lord_equip_desc008,lord_equip_name05,6,2,5
1350079,Atlas/UI_PersonalInfo,Atlas/UI_Item,[4104|3210|14104|8820|10103|1115],[[4104|3210]|[14104|8820]|[10103|1115]],[2|154|13500|2|155|160|2|156|25|2|157|2],[[2|154|13500]|[2|155|160]|[2|156|25]|[2|157|2]],,,227582,icon_lord_2,,79,lord_equip_desc008,lord_equip_name05,6,2,5
1350080,Atlas/UI_PersonalInfo,Atlas/UI_Item,[4104|3240|14104|8915|10103|1125],[[4104|3240]|[14104|8915]|[10103|1125]],[2|154|13500|2|155|160|2|156|25|2|157|2],[[2|154|13500]|[2|155|160]|[2|156|25]|[2|157|2]],,,231977,icon_lord_2,,80,lord_equip_desc008,lord_equip_name05,6,2,5
1350081,Atlas/UI_PersonalInfo,Atlas/UI_Item,[4104|3275|14104|9005|10103|1135],[[4104|3275]|[14104|9005]|[10103|1135]],[2|154|13500|2|155|160|2|156|25|2|157|2],[[2|154|13500]|[2|155|160]|[2|156|25]|[2|157|2]],,,236372,icon_lord_2,,81,lord_equip_desc008,lord_equip_name05,6,2,5
1350082,Atlas/UI_PersonalInfo,Atlas/UI_Item,[4104|3310|14104|9095|10103|1150],[[4104|3310]|[14104|9095]|[10103|1150]],[2|154|13500|2|155|160|2|156|25|2|157|2],[[2|154|13500]|[2|155|160]|[2|156|25]|[2|157|2]],,,240767,icon_lord_2,,82,lord_equip_desc008,lord_equip_name05,6,2,5
1350083,Atlas/UI_PersonalInfo,Atlas/UI_Item,[4104|3340|14104|9190|10103|1160],[[4104|3340]|[14104|9190]|[10103|1160]],[2|154|14000|2|155|160|2|156|25|2|157|4],[[2|154|14000]|[2|155|160]|[2|156|25]|[2|157|4]],,,245162,icon_lord_2,,83,lord_equip_desc008,lord_equip_name05,6,3,5
1350084,Atlas/UI_PersonalInfo,Atlas/UI_Item,[4104|3375|14104|9280|10103|1170],[[4104|3375]|[14104|9280]|[10103|1170]],[2|154|14000|2|155|160|2|156|25|2|157|4],[[2|154|14000]|[2|155|160]|[2|156|25]|[2|157|4]],,,249557,icon_lord_2,,84,lord_equip_desc008,lord_equip_name05,6,3,5
1350085,Atlas/UI_PersonalInfo,Atlas/UI_Item,[4104|3410|14104|9375|10103|1185],[[4104|3410]|[14104|9375]|[10103|1185]],[2|154|14000|2|155|160|2|156|25|2|157|4],[[2|154|14000]|[2|155|160]|[2|156|25]|[2|157|4]],,,253952,icon_lord_2,,85,lord_equip_desc008,lord_equip_name05,6,3,5
1350086,Atlas/UI_PersonalInfo,Atlas/UI_Item,[4104|3440|14104|9465|10103|1195],[[4104|3440]|[14104|9465]|[10103|1195]],[2|154|14000|2|155|160|2|156|25|2|157|4],[[2|154|14000]|[2|155|160]|[2|156|25]|[2|157|4]],,,258347,icon_lord_2,,86,lord_equip_desc008,lord_equip_name05,6,3,5
1350087,Atlas/UI_PersonalInfo,Atlas/UI_Item,[4104|3475|14104|9555|10103|1205],[[4104|3475]|[14104|9555]|[10103|1205]],[2|154|14000|2|155|160|2|156|25|2|157|4],[[2|154|14000]|[2|155|160]|[2|156|25]|[2|157|4]],,,262742,icon_lord_2,,87,lord_equip_desc008,lord_equip_name05,6,3,5
1350088,Atlas/UI_PersonalInfo,Atlas/UI_Item,[4104|3660|14104|10065|10103|1270],[[4104|3660]|[14104|10065]|[10103|1270]],[2|154|15000|2|155|180|2|156|25|2|157|4],[[2|154|15000]|[2|155|180]|[2|156|25]|[2|157|4]],icon_txt_T1,,268109,icon_lord_2,,88,lord_equip_desc009,lord_equip_name05,6,0,5
1350089,Atlas/UI_PersonalInfo,Atlas/UI_Item,[4104|3700|14104|10170|10103|1285],[[4104|3700]|[14104|10170]|[10103|1285]],[2|154|14000|2|155|160|2|156|28|2|157|3],[[2|154|14000]|[2|155|160]|[2|156|28]|[2|157|3]],icon_txt_T1,,273477,icon_lord_2,,89,lord_equip_desc009,lord_equip_name05,6,1,5
1350090,Atlas/UI_PersonalInfo,Atlas/UI_Item,[4104|3735|14104|10270|10103|1295],[[4104|3735]|[14104|10270]|[10103|1295]],[2|154|14000|2|155|160|2|156|28|2|157|3],[[2|154|14000]|[2|155|160]|[2|156|28]|[2|157|3]],icon_txt_T1,,278844,icon_lord_2,,90,lord_equip_desc009,lord_equip_name05,6,1,5
1350091,Atlas/UI_PersonalInfo,Atlas/UI_Item,[4104|3770|14104|10375|10103|1310],[[4104|3770]|[14104|10375]|[10103|1310]],[2|154|14000|2|155|160|2|156|28|2|157|3],[[2|154|14000]|[2|155|160]|[2|156|28]|[2|157|3]],icon_txt_T1,,284212,icon_lord_2,,91,lord_equip_desc009,lord_equip_name05,6,1,5
1350092,Atlas/UI_PersonalInfo,Atlas/UI_Item,[4104|3810|14104|10475|10103|1325],[[4104|3810]|[14104|10475]|[10103|1325]],[2|154|14000|2|155|160|2|156|28|2|157|3],[[2|154|14000]|[2|155|160]|[2|156|28]|[2|157|3]],icon_txt_T1,,289580,icon_lord_2,,92,lord_equip_desc009,lord_equip_name05,6,1,5
1350093,Atlas/UI_PersonalInfo,Atlas/UI_Item,[4104|3845|14104|10580|10103|1335],[[4104|3845]|[14104|10580]|[10103|1335]],[2|154|14000|2|155|160|2|156|28|2|157|3],[[2|154|14000]|[2|155|160]|[2|156|28]|[2|157|3]],icon_txt_T1,,294947,icon_lord_2,,93,lord_equip_desc009,lord_equip_name05,6,1,5
1350094,Atlas/UI_PersonalInfo,Atlas/UI_Item,[4104|3885|14104|10680|10103|1350],[[4104|3885]|[14104|10680]|[10103|1350]],[2|154|15000|2|155|170|2|156|30|2|157|4],[[2|154|15000]|[2|155|170]|[2|156|30]|[2|157|4]],icon_txt_T1,,300315,icon_lord_2,,94,lord_equip_desc009,lord_equip_name05,6,2,5
1350095,Atlas/UI_PersonalInfo,Atlas/UI_Item,[4104|3920|14104|10780|10103|1360],[[4104|3920]|[14104|10780]|[10103|1360]],[2|154|15000|2|155|170|2|156|30|2|157|4],[[2|154|15000]|[2|155|170]|[2|156|30]|[2|157|4]],icon_txt_T1,,305683,icon_lord_2,,95,lord_equip_desc009,lord_equip_name05,6,2,5
1350096,Atlas/UI_PersonalInfo,Atlas/UI_Item,[4104|3960|14104|10885|10103|1375],[[4104|3960]|[14104|10885]|[10103|1375]],[2|154|15000|2|155|170|2|156|30|2|157|4],[[2|154|15000]|[2|155|170]|[2|156|30]|[2|157|4]],icon_txt_T1,,311050,icon_lord_2,,96,lord_equip_desc009,lord_equip_name05,6,2,5
1350097,Atlas/UI_PersonalInfo,Atlas/UI_Item,[4104|3995|14104|10985|10103|1385],[[4104|3995]|[14104|10985]|[10103|1385]],[2|154|15000|2|155|170|2|156|30|2|157|4],[[2|154|15000]|[2|155|170]|[2|156|30]|[2|157|4]],icon_txt_T1,,316418,icon_lord_2,,97,lord_equip_desc009,lord_equip_name05,6,2,5
1350098,Atlas/UI_PersonalInfo,Atlas/UI_Item,[4104|4030|14104|11090|10103|1400],[[4104|4030]|[14104|11090]|[10103|1400]],[2|154|15000|2|155|170|2|156|30|2|157|4],[[2|154|15000]|[2|155|170]|[2|156|30]|[2|157|4]],icon_txt_T1,,321785,icon_lord_2,,98,lord_equip_desc009,lord_equip_name05,6,2,5
1350099,Atlas/UI_PersonalInfo,Atlas/UI_Item,[4104|4070|14104|11190|10103|1415],[[4104|4070]|[14104|11190]|[10103|1415]],[2|154|16500|2|155|175|2|156|30|2|157|4],[[2|154|16500]|[2|155|175]|[2|156|30]|[2|157|4]],icon_txt_T1,,327153,icon_lord_2,,99,lord_equip_desc009,lord_equip_name05,6,3,5
1350100,Atlas/UI_PersonalInfo,Atlas/UI_Item,[4104|4105|14104|11295|10103|1425],[[4104|4105]|[14104|11295]|[10103|1425]],[2|154|16500|2|155|175|2|156|30|2|157|4],[[2|154|16500]|[2|155|175]|[2|156|30]|[2|157|4]],icon_txt_T1,,332521,icon_lord_2,,100,lord_equip_desc009,lord_equip_name05,6,3,5
1350101,Atlas/UI_PersonalInfo,Atlas/UI_Item,[4104|4145|14104|11395|10103|1440],[[4104|4145]|[14104|11395]|[10103|1440]],[2|154|16500|2|155|175|2|156|30|2|157|4],[[2|154|16500]|[2|155|175]|[2|156|30]|[2|157|4]],icon_txt_T1,,337888,icon_lord_2,,101,lord_equip_desc009,lord_equip_name05,6,3,5
1350102,Atlas/UI_PersonalInfo,Atlas/UI_Item,[4104|4180|14104|11495|10103|1450],[[4104|4180]|[14104|11495]|[10103|1450]],[2|154|16500|2|155|175|2|156|30|2|157|4],[[2|154|16500]|[2|155|175]|[2|156|30]|[2|157|4]],icon_txt_T1,,343256,icon_lord_2,,102,lord_equip_desc009,lord_equip_name05,6,3,5
1350103,Atlas/UI_PersonalInfo,Atlas/UI_Item,[4104|4220|14104|11600|10103|1465],[[4104|4220]|[14104|11600]|[10103|1465]],[2|154|16500|2|155|175|2|156|30|2|157|4],[[2|154|16500]|[2|155|175]|[2|156|30]|[2|157|4]],icon_txt_T1,,348624,icon_lord_2,,103,lord_equip_desc009,lord_equip_name05,6,3,5
1350104,Atlas/UI_PersonalInfo,Atlas/UI_Item,[4104|4425|14104|12170|10103|1535],[[4104|4425]|[14104|12170]|[10103|1535]],[2|154|18000|2|155|190|2|156|30|2|157|4],[[2|154|18000]|[2|155|190]|[2|156|30]|[2|157|4]],icon_txt_T2,,355145,icon_lord_2,,104,lord_equip_desc010,lord_equip_name05,6,0,5
1350105,Atlas/UI_PersonalInfo,Atlas/UI_Item,[4104|4465|14104|12285|10103|1550],[[4104|4465]|[14104|12285]|[10103|1550]],[2|154|17000|2|155|195|2|156|35|2|157|5],[[2|154|17000]|[2|155|195]|[2|156|35]|[2|157|5]],icon_txt_T2,,361667,icon_lord_2,,105,lord_equip_desc010,lord_equip_name05,6,1,5
1350106,Atlas/UI_PersonalInfo,Atlas/UI_Item,[4104|4510|14104|12400|10103|1565],[[4104|4510]|[14104|12400]|[10103|1565]],[2|154|17000|2|155|195|2|156|35|2|157|5],[[2|154|17000]|[2|155|195]|[2|156|35]|[2|157|5]],icon_txt_T2,,368189,icon_lord_2,,106,lord_equip_desc010,lord_equip_name05,6,1,5
1350107,Atlas/UI_PersonalInfo,Atlas/UI_Item,[4104|4550|14104|12515|10103|1580],[[4104|4550]|[14104|12515]|[10103|1580]],[2|154|17000|2|155|195|2|156|35|2|157|5],[[2|154|17000]|[2|155|195]|[2|156|35]|[2|157|5]],icon_txt_T2,,374710,icon_lord_2,,107,lord_equip_desc010,lord_equip_name05,6,1,5
1350108,Atlas/UI_PersonalInfo,Atlas/UI_Item,[4104|4590|14104|12630|10103|1595],[[4104|4590]|[14104|12630]|[10103|1595]],[2|154|17000|2|155|195|2|156|35|2|157|5],[[2|154|17000]|[2|155|195]|[2|156|35]|[2|157|5]],icon_txt_T2,,381232,icon_lord_2,,108,lord_equip_desc010,lord_equip_name05,6,1,5
1350109,Atlas/UI_PersonalInfo,Atlas/UI_Item,[4104|4635|14104|12745|10103|1610],[[4104|4635]|[14104|12745]|[10103|1610]],[2|154|17000|2|155|195|2|156|35|2|157|5],[[2|154|17000]|[2|155|195]|[2|156|35]|[2|157|5]],icon_txt_T2,,387754,icon_lord_2,,109,lord_equip_desc010,lord_equip_name05,6,1,5
1350110,Atlas/UI_PersonalInfo,Atlas/UI_Item,[4104|4675|14104|12855|10103|1625],[[4104|4675]|[14104|12855]|[10103|1625]],[2|154|18000|2|155|220|2|156|35|2|157|5],[[2|154|18000]|[2|155|220]|[2|156|35]|[2|157|5]],icon_txt_T2,,394275,icon_lord_2,,110,lord_equip_desc010,lord_equip_name05,6,2,5
1350111,Atlas/UI_PersonalInfo,Atlas/UI_Item,[4104|4715|14104|12970|10103|1640],[[4104|4715]|[14104|12970]|[10103|1640]],[2|154|18000|2|155|220|2|156|35|2|157|5],[[2|154|18000]|[2|155|220]|[2|156|35]|[2|157|5]],icon_txt_T2,,400797,icon_lord_2,,111,lord_equip_desc010,lord_equip_name05,6,2,5
1350112,Atlas/UI_PersonalInfo,Atlas/UI_Item,[4104|4760|14104|13085|10103|1650],[[4104|4760]|[14104|13085]|[10103|1650]],[2|154|18000|2|155|220|2|156|35|2|157|5],[[2|154|18000]|[2|155|220]|[2|156|35]|[2|157|5]],icon_txt_T2,,407319,icon_lord_2,,112,lord_equip_desc010,lord_equip_name05,6,2,5
1350113,Atlas/UI_PersonalInfo,Atlas/UI_Item,[4104|4800|14104|13200|10103|1665],[[4104|4800]|[14104|13200]|[10103|1665]],[2|154|18000|2|155|220|2|156|35|2|157|5],[[2|154|18000]|[2|155|220]|[2|156|35]|[2|157|5]],icon_txt_T2,,413840,icon_lord_2,,113,lord_equip_desc010,lord_equip_name05,6,2,5
1350114,Atlas/UI_PersonalInfo,Atlas/UI_Item,[4104|4840|14104|13315|10103|1680],[[4104|4840]|[14104|13315]|[10103|1680]],[2|154|18000|2|155|220|2|156|35|2|157|5],[[2|154|18000]|[2|155|220]|[2|156|35]|[2|157|5]],icon_txt_T2,,420362,icon_lord_2,,114,lord_equip_desc010,lord_equip_name05,6,2,5
1350115,Atlas/UI_PersonalInfo,Atlas/UI_Item,[4104|4885|14104|13430|10103|1695],[[4104|4885]|[14104|13430]|[10103|1695]],[2|154|19000|2|155|230|2|156|40|2|157|5],[[2|154|19000]|[2|155|230]|[2|156|40]|[2|157|5]],icon_txt_T2,,426884,icon_lord_2,,115,lord_equip_desc010,lord_equip_name05,6,3,5
1350116,Atlas/UI_PersonalInfo,Atlas/UI_Item,[4104|4925|14104|13545|10103|1710],[[4104|4925]|[14104|13545]|[10103|1710]],[2|154|19000|2|155|230|2|156|40|2|157|5],[[2|154|19000]|[2|155|230]|[2|156|40]|[2|157|5]],icon_txt_T2,,433405,icon_lord_2,,116,lord_equip_desc010,lord_equip_name05,6,3,5
1350117,Atlas/UI_PersonalInfo,Atlas/UI_Item,[4104|4965|14104|13655|10103|1725],[[4104|4965]|[14104|13655]|[10103|1725]],[2|154|19000|2|155|230|2|156|40|2|157|5],[[2|154|19000]|[2|155|230]|[2|156|40]|[2|157|5]],icon_txt_T2,,439927,icon_lord_2,,117,lord_equip_desc010,lord_equip_name05,6,3,5
1350118,Atlas/UI_PersonalInfo,Atlas/UI_Item,[4104|5010|14104|13770|10103|1740],[[4104|5010]|[14104|13770]|[10103|1740]],[2|154|19000|2|155|230|2|156|40|2|157|5],[[2|154|19000]|[2|155|230]|[2|156|40]|[2|157|5]],icon_txt_T2,,446449,icon_lord_2,,118,lord_equip_desc010,lord_equip_name05,6,3,5
1350119,Atlas/UI_PersonalInfo,Atlas/UI_Item,[4104|5050|14104|13885|10103|1755],[[4104|5050]|[14104|13885]|[10103|1755]],[2|154|19000|2|155|230|2|156|40|2|157|5],[[2|154|19000]|[2|155|230]|[2|156|40]|[2|157|5]],icon_txt_T2,,452971,icon_lord_2,,119,lord_equip_desc010,lord_equip_name05,6,3,5
1350120,Atlas/UI_PersonalInfo,Atlas/UI_Item,[4104|5285|14104|14540|10103|1835],[[4104|5285]|[14104|14540]|[10103|1835]],[2|154|20000|2|155|245|2|156|40|2|157|5],[[2|154|20000]|[2|155|245]|[2|156|40]|[2|157|5]],icon_txt_T3,,460944,icon_lord_2,,120,lord_equip_desc011,lord_equip_name05,6,0,5
1350121,Atlas/UI_PersonalInfo,Atlas/UI_Item,[4104|5335|14104|14670|10103|1850],[[4104|5335]|[14104|14670]|[10103|1850]],[2|154|20000|2|155|240|2|156|40|2|157|6],[[2|154|20000]|[2|155|240]|[2|156|40]|[2|157|6]],icon_txt_T3,,468917,icon_lord_2,,121,lord_equip_desc011,lord_equip_name05,6,1,5
1350122,Atlas/UI_PersonalInfo,Atlas/UI_Item,[4104|5380|14104|14800|10103|1870],[[4104|5380]|[14104|14800]|[10103|1870]],[2|154|20000|2|155|240|2|156|40|2|157|6],[[2|154|20000]|[2|155|240]|[2|156|40]|[2|157|6]],icon_txt_T3,,476890,icon_lord_2,,122,lord_equip_desc011,lord_equip_name05,6,1,5
1350123,Atlas/UI_PersonalInfo,Atlas/UI_Item,[4104|5430|14104|14930|10103|1885],[[4104|5430]|[14104|14930]|[10103|1885]],[2|154|20000|2|155|240|2|156|40|2|157|6],[[2|154|20000]|[2|155|240]|[2|156|40]|[2|157|6]],icon_txt_T3,,484864,icon_lord_2,,123,lord_equip_desc011,lord_equip_name05,6,1,5
1350124,Atlas/UI_PersonalInfo,Atlas/UI_Item,[4104|5475|14104|15060|10103|1900],[[4104|5475]|[14104|15060]|[10103|1900]],[2|154|20000|2|155|240|2|156|40|2|157|6],[[2|154|20000]|[2|155|240]|[2|156|40]|[2|157|6]],icon_txt_T3,,492837,icon_lord_2,,124,lord_equip_desc011,lord_equip_name05,6,1,5
1350125,Atlas/UI_PersonalInfo,Atlas/UI_Item,[4104|5525|14104|15195|10103|1920],[[4104|5525]|[14104|15195]|[10103|1920]],[2|154|20000|2|155|240|2|156|40|2|157|6],[[2|154|20000]|[2|155|240]|[2|156|40]|[2|157|6]],icon_txt_T3,,500810,icon_lord_2,,125,lord_equip_desc011,lord_equip_name05,6,1,5
1350126,Atlas/UI_PersonalInfo,Atlas/UI_Item,[4104|5570|14104|15325|10103|1935],[[4104|5570]|[14104|15325]|[10103|1935]],[2|154|21000|2|155|250|2|156|40|2|157|6],[[2|154|21000]|[2|155|250]|[2|156|40]|[2|157|6]],icon_txt_T3,,508783,icon_lord_2,,126,lord_equip_desc011,lord_equip_name05,6,2,5
1350127,Atlas/UI_PersonalInfo,Atlas/UI_Item,[4104|5620|14104|15455|10103|1950],[[4104|5620]|[14104|15455]|[10103|1950]],[2|154|21000|2|155|250|2|156|40|2|157|6],[[2|154|21000]|[2|155|250]|[2|156|40]|[2|157|6]],icon_txt_T3,,516757,icon_lord_2,,127,lord_equip_desc011,lord_equip_name05,6,2,5
1350128,Atlas/UI_PersonalInfo,Atlas/UI_Item,[4104|5665|14104|15585|10103|1970],[[4104|5665]|[14104|15585]|[10103|1970]],[2|154|21000|2|155|250|2|156|40|2|157|6],[[2|154|21000]|[2|155|250]|[2|156|40]|[2|157|6]],icon_txt_T3,,524730,icon_lord_2,,128,lord_equip_desc011,lord_equip_name05,6,2,5
1350129,Atlas/UI_PersonalInfo,Atlas/UI_Item,[4104|5715|14104|15715|10103|1985],[[4104|5715]|[14104|15715]|[10103|1985]],[2|154|21000|2|155|250|2|156|40|2|157|6],[[2|154|21000]|[2|155|250]|[2|156|40]|[2|157|6]],icon_txt_T3,,532703,icon_lord_2,,129,lord_equip_desc011,lord_equip_name05,6,2,5
1350130,Atlas/UI_PersonalInfo,Atlas/UI_Item,[4104|5760|14104|15845|10103|2000],[[4104|5760]|[14104|15845]|[10103|2000]],[2|154|21000|2|155|250|2|156|40|2|157|6],[[2|154|21000]|[2|155|250]|[2|156|40]|[2|157|6]],icon_txt_T3,,540676,icon_lord_2,,130,lord_equip_desc011,lord_equip_name05,6,2,5
1350131,Atlas/UI_PersonalInfo,Atlas/UI_Item,[4104|5810|14104|15975|10103|2015],[[4104|5810]|[14104|15975]|[10103|2015]],[2|154|21000|2|155|270|2|156|45|2|157|7],[[2|154|21000]|[2|155|270]|[2|156|45]|[2|157|7]],icon_txt_T3,,548650,icon_lord_2,,131,lord_equip_desc011,lord_equip_name05,6,3,5
1350132,Atlas/UI_PersonalInfo,Atlas/UI_Item,[4104|5855|14104|16110|10103|2035],[[4104|5855]|[14104|16110]|[10103|2035]],[2|154|21000|2|155|270|2|156|45|2|157|7],[[2|154|21000]|[2|155|270]|[2|156|45]|[2|157|7]],icon_txt_T3,,556623,icon_lord_2,,132,lord_equip_desc011,lord_equip_name05,6,3,5
1350133,Atlas/UI_PersonalInfo,Atlas/UI_Item,[4104|5905|14104|16240|10103|2050],[[4104|5905]|[14104|16240]|[10103|2050]],[2|154|21000|2|155|270|2|156|45|2|157|7],[[2|154|21000]|[2|155|270]|[2|156|45]|[2|157|7]],icon_txt_T3,,564596,icon_lord_2,,133,lord_equip_desc011,lord_equip_name05,6,3,5
1350134,Atlas/UI_PersonalInfo,Atlas/UI_Item,[4104|5950|14104|16370|10103|2065],[[4104|5950]|[14104|16370]|[10103|2065]],[2|154|21000|2|155|270|2|156|45|2|157|7],[[2|154|21000]|[2|155|270]|[2|156|45]|[2|157|7]],icon_txt_T3,,572569,icon_lord_2,,134,lord_equip_desc011,lord_equip_name05,6,3,5
1350135,Atlas/UI_PersonalInfo,Atlas/UI_Item,[4104|6000|14104|16500|10103|2085],[[4104|6000]|[14104|16500]|[10103|2085]],[2|154|21000|2|155|270|2|156|45|2|157|7],[[2|154|21000]|[2|155|270]|[2|156|45]|[2|157|7]],icon_txt_T3,,580543,icon_lord_2,,135,lord_equip_desc011,lord_equip_name05,6,3,5
1350136,Atlas/UI_PersonalInfo,Atlas/UI_Item,[4104|6050|14104|16645|10103|2100],[[4104|6050]|[14104|16645]|[10103|2100]],[2|154|24000|2|155|290|2|156|50|2|157|8],[[2|154|24000]|[2|155|290]|[2|156|50]|[2|157|8]],icon_txt_T4,,591566,icon_lord_2,,136,lord_equip_desc011,lord_equip_name03,6,0,5
1350137,Atlas/UI_PersonalInfo,Atlas/UI_Item,[4104|6105|14104|16785|10103|2120],[[4104|6105]|[14104|16785]|[10103|2120]],[2|154|24000|2|155|290|2|156|50|2|157|8],[[2|154|24000]|[2|155|290]|[2|156|50]|[2|157|8]],icon_txt_T4,,602692,icon_lord_2,,137,lord_equip_desc011,lord_equip_name03,6,1,5
1350138,Atlas/UI_PersonalInfo,Atlas/UI_Item,[4104|6155|14104|16930|10103|2140],[[4104|6155]|[14104|16930]|[10103|2140]],[2|154|24000|2|155|290|2|156|50|2|157|8],[[2|154|24000]|[2|155|290]|[2|156|50]|[2|157|8]],icon_txt_T4,,613921,icon_lord_2,,138,lord_equip_desc011,lord_equip_name03,6,1,5
1350139,Atlas/UI_PersonalInfo,Atlas/UI_Item,[4104|6210|14104|17075|10103|2155],[[4104|6210]|[14104|17075]|[10103|2155]],[2|154|24000|2|155|290|2|156|50|2|157|8],[[2|154|24000]|[2|155|290]|[2|156|50]|[2|157|8]],icon_txt_T4,,625253,icon_lord_2,,139,lord_equip_desc011,lord_equip_name03,6,1,5
1350140,Atlas/UI_PersonalInfo,Atlas/UI_Item,[4104|6260|14104|17220|10103|2175],[[4104|6260]|[14104|17220]|[10103|2175]],[2|154|24000|2|155|290|2|156|50|2|157|8],[[2|154|24000]|[2|155|290]|[2|156|50]|[2|157|8]],icon_txt_T4,,636687,icon_lord_2,,140,lord_equip_desc011,lord_equip_name03,6,1,5
1350141,Atlas/UI_PersonalInfo,Atlas/UI_Item,[4104|6315|14104|17360|10103|2190],[[4104|6315]|[14104|17360]|[10103|2190]],[2|154|24000|2|155|290|2|156|50|2|157|8],[[2|154|24000]|[2|155|290]|[2|156|50]|[2|157|8]],icon_txt_T4,,648225,icon_lord_2,,141,lord_equip_desc011,lord_equip_name03,6,1,5
1350142,Atlas/UI_PersonalInfo,Atlas/UI_Item,[4104|6365|14104|17505|10103|2210],[[4104|6365]|[14104|17505]|[10103|2210]],[2|154|24000|2|155|290|2|156|50|2|157|10],[[2|154|24000]|[2|155|290]|[2|156|50]|[2|157|10]],icon_txt_T4,,659866,icon_lord_2,,142,lord_equip_desc011,lord_equip_name03,6,1,5
1350143,Atlas/UI_PersonalInfo,Atlas/UI_Item,[4104|6420|14104|17650|10103|2230],[[4104|6420]|[14104|17650]|[10103|2230]],[2|154|24000|2|155|290|2|156|50|2|157|10],[[2|154|24000]|[2|155|290]|[2|156|50]|[2|157|10]],icon_txt_T4,,671610,icon_lord_2,,143,lord_equip_desc011,lord_equip_name03,6,1,5
1350144,Atlas/UI_PersonalInfo,Atlas/UI_Item,[4104|6470|14104|17795|10103|2245],[[4104|6470]|[14104|17795]|[10103|2245]],[2|154|24000|2|155|290|2|156|50|2|157|10],[[2|154|24000]|[2|155|290]|[2|156|50]|[2|157|10]],icon_txt_T4,,683457,icon_lord_2,,144,lord_equip_desc011,lord_equip_name03,6,1,5
1350145,Atlas/UI_PersonalInfo,Atlas/UI_Item,[4104|6525|14104|17935|10103|2265],[[4104|6525]|[14104|17935]|[10103|2265]],[2|154|24000|2|155|290|2|156|50|2|157|10],[[2|154|24000]|[2|155|290]|[2|156|50]|[2|157|10]],icon_txt_T4,,695407,icon_lord_2,,145,lord_equip_desc011,lord_equip_name03,6,1,5
1350146,Atlas/UI_PersonalInfo,Atlas/UI_Item,[4104|6575|14104|18080|10103|2285],[[4104|6575]|[14104|18080]|[10103|2285]],[2|154|24000|2|155|290|2|156|50|2|157|10],[[2|154|24000]|[2|155|290]|[2|156|50]|[2|157|10]],icon_txt_T4,,707461,icon_lord_2,,146,lord_equip_desc011,lord_equip_name03,6,1,5
1350147,Atlas/UI_PersonalInfo,Atlas/UI_Item,[4104|6630|14104|18240|10103|2305],[[4104|6630]|[14104|18240]|[10103|2305]],[2|154|30000|2|155|320|2|156|60|2|157|12],[[2|154|30000]|[2|155|320]|[2|156|60]|[2|157|12]],icon_txt_T4,,720149,icon_lord_2,,147,lord_equip_desc011,lord_equip_name03,6,2,5
1350148,Atlas/UI_PersonalInfo,Atlas/UI_Item,[4104|6690|14104|18395|10103|2325],[[4104|6690]|[14104|18395]|[10103|2325]],[2|154|30000|2|155|320|2|156|60|2|157|12],[[2|154|30000]|[2|155|320]|[2|156|60]|[2|157|12]],icon_txt_T4,,732950,icon_lord_2,,148,lord_equip_desc011,lord_equip_name03,6,2,5
1350149,Atlas/UI_PersonalInfo,Atlas/UI_Item,[4104|6745|14104|18555|10103|2345],[[4104|6745]|[14104|18555]|[10103|2345]],[2|154|30000|2|155|320|2|156|60|2|157|12],[[2|154|30000]|[2|155|320]|[2|156|60]|[2|157|12]],icon_txt_T4,,745863,icon_lord_2,,149,lord_equip_desc011,lord_equip_name03,6,2,5
1350150,Atlas/UI_PersonalInfo,Atlas/UI_Item,[4104|6805|14104|18710|10103|2360],[[4104|6805]|[14104|18710]|[10103|2360]],[2|154|30000|2|155|320|2|156|60|2|157|12],[[2|154|30000]|[2|155|320]|[2|156|60]|[2|157|12]],icon_txt_T4,,758890,icon_lord_2,,150,lord_equip_desc011,lord_equip_name03,6,2,5
1350151,Atlas/UI_PersonalInfo,Atlas/UI_Item,[4104|6860|14104|18865|10103|2380],[[4104|6860]|[14104|18865]|[10103|2380]],[2|154|30000|2|155|320|2|156|60|2|157|12],[[2|154|30000]|[2|155|320]|[2|156|60]|[2|157|12]],icon_txt_T4,,772029,icon_lord_2,,151,lord_equip_desc011,lord_equip_name03,6,2,5
1350152,Atlas/UI_PersonalInfo,Atlas/UI_Item,[4104|6920|14104|19025|10103|2400],[[4104|6920]|[14104|19025]|[10103|2400]],[2|154|30000|2|155|320|2|156|60|2|157|14],[[2|154|30000]|[2|155|320]|[2|156|60]|[2|157|14]],icon_txt_T4,,785280,icon_lord_2,,152,lord_equip_desc011,lord_equip_name03,6,2,5
1350153,Atlas/UI_PersonalInfo,Atlas/UI_Item,[4104|6975|14104|19180|10103|2420],[[4104|6975]|[14104|19180]|[10103|2420]],[2|154|30000|2|155|320|2|156|60|2|157|14],[[2|154|30000]|[2|155|320]|[2|156|60]|[2|157|14]],icon_txt_T4,,798645,icon_lord_2,,153,lord_equip_desc011,lord_equip_name03,6,2,5
1350154,Atlas/UI_PersonalInfo,Atlas/UI_Item,[4104|7030|14104|19340|10103|2440],[[4104|7030]|[14104|19340]|[10103|2440]],[2|154|30000|2|155|320|2|156|60|2|157|14],[[2|154|30000]|[2|155|320]|[2|156|60]|[2|157|14]],icon_txt_T4,,812122,icon_lord_2,,154,lord_equip_desc011,lord_equip_name03,6,2,5
1350155,Atlas/UI_PersonalInfo,Atlas/UI_Item,[4104|7090|14104|19495|10103|2460],[[4104|7090]|[14104|19495]|[10103|2460]],[2|154|30000|2|155|320|2|156|60|2|157|14],[[2|154|30000]|[2|155|320]|[2|156|60]|[2|157|14]],icon_txt_T4,,825712,icon_lord_2,,155,lord_equip_desc011,lord_equip_name03,6,2,5
1350156,Atlas/UI_PersonalInfo,Atlas/UI_Item,[4104|7145|14104|19655|10103|2480],[[4104|7145]|[14104|19655]|[10103|2480]],[2|154|30000|2|155|320|2|156|60|2|157|14],[[2|154|30000]|[2|155|320]|[2|156|60]|[2|157|14]],icon_txt_T4,,839414,icon_lord_2,,156,lord_equip_desc011,lord_equip_name03,6,2,5
1350157,Atlas/UI_PersonalInfo,Atlas/UI_Item,[4104|7210|14104|19835|10103|2505],[[4104|7210]|[14104|19835]|[10103|2505]],[2|154|36000|2|155|360|2|156|70|2|157|14],[[2|154|36000]|[2|155|360]|[2|156|70]|[2|157|14]],icon_txt_T4,,854197,icon_lord_2,,157,lord_equip_desc011,lord_equip_name03,6,3,5
1350158,Atlas/UI_PersonalInfo,Atlas/UI_Item,[4104|7275|14104|20015|10103|2525],[[4104|7275]|[14104|20015]|[10103|2525]],[2|154|36000|2|155|360|2|156|70|2|157|16],[[2|154|36000]|[2|155|360]|[2|156|70]|[2|157|16]],icon_txt_T4,,869108,icon_lord_2,,158,lord_equip_desc011,lord_equip_name03,6,3,5
1350159,Atlas/UI_PersonalInfo,Atlas/UI_Item,[4104|7345|14104|20190|10103|2550],[[4104|7345]|[14104|20190]|[10103|2550]],[2|154|36000|2|155|360|2|156|70|2|157|16],[[2|154|36000]|[2|155|360]|[2|156|70]|[2|157|16]],icon_txt_T4,,884148,icon_lord_2,,159,lord_equip_desc011,lord_equip_name03,6,3,5
1350160,Atlas/UI_PersonalInfo,Atlas/UI_Item,[4104|7410|14104|20370|10103|2570],[[4104|7410]|[14104|20370]|[10103|2570]],[2|154|36000|2|155|360|2|156|70|2|157|16],[[2|154|36000]|[2|155|360]|[2|156|70]|[2|157|16]],icon_txt_T4,,899317,icon_lord_2,,160,lord_equip_desc011,lord_equip_name03,6,3,5
1350161,Atlas/UI_PersonalInfo,Atlas/UI_Item,[4104|7475|14104|20550|10103|2595],[[4104|7475]|[14104|20550]|[10103|2595]],[2|154|36000|2|155|360|2|156|70|2|157|16],[[2|154|36000]|[2|155|360]|[2|156|70]|[2|157|16]],icon_txt_T4,,914615,icon_lord_2,,161,lord_equip_desc011,lord_equip_name03,6,3,5
1350162,Atlas/UI_PersonalInfo,Atlas/UI_Item,[4104|7540|14104|20730|10103|2620],[[4104|7540]|[14104|20730]|[10103|2620]],[2|154|36000|2|155|360|2|156|70|2|157|18],[[2|154|36000]|[2|155|360]|[2|156|70]|[2|157|18]],icon_txt_T4,,930041,icon_lord_2,,162,lord_equip_desc011,lord_equip_name03,6,3,5
1350163,Atlas/UI_PersonalInfo,Atlas/UI_Item,[4104|7605|14104|20910|10103|2640],[[4104|7605]|[14104|20910]|[10103|2640]],[2|154|36000|2|155|360|2|156|70|2|157|18],[[2|154|36000]|[2|155|360]|[2|156|70]|[2|157|18]],icon_txt_T4,,945596,icon_lord_2,,163,lord_equip_desc011,lord_equip_name03,6,3,5
1350164,Atlas/UI_PersonalInfo,Atlas/UI_Item,[4104|7670|14104|21090|10103|2665],[[4104|7670]|[14104|21090]|[10103|2665]],[2|154|36000|2|155|360|2|156|70|2|157|18],[[2|154|36000]|[2|155|360]|[2|156|70]|[2|157|18]],icon_txt_T4,,961281,icon_lord_2,,164,lord_equip_desc011,lord_equip_name03,6,3,5
1350165,Atlas/UI_PersonalInfo,Atlas/UI_Item,[4104|7735|14104|21270|10103|2685],[[4104|7735]|[14104|21270]|[10103|2685]],[2|154|36000|2|155|360|2|156|70|2|157|18],[[2|154|36000]|[2|155|360]|[2|156|70]|[2|157|18]],icon_txt_T4,,977093,icon_lord_2,,165,lord_equip_desc011,lord_equip_name03,6,3,5
1350166,Atlas/UI_PersonalInfo,Atlas/UI_Item,[4104|7800|14104|21450|10103|2710],[[4104|7800]|[14104|21450]|[10103|2710]],[2|154|36000|2|155|360|2|156|70|2|157|18],[[2|154|36000]|[2|155|360]|[2|156|70]|[2|157|18]],icon_txt_T4,,993035,icon_lord_2,,166,lord_equip_desc011,lord_equip_name03,6,3,5
1360001,Atlas/UI_PersonalInfo,Atlas/UI_Item,[4103|35|14103|75|10104|70],[[4103|35]|[14103|75]|[10104|70]],[2|154|1500|2|155|20],[[2|154|1500]|[2|155|20]],,,1818,icon_lord_5,,1,lord_equip_desc001,lord_equip_name06,2,0,6
1360002,Atlas/UI_PersonalInfo,Atlas/UI_Item,[4103|75|14103|155|10104|135],[[4103|75]|[14103|155]|[10104|135]],[2|154|3800|2|155|40],[[2|154|3800]|[2|155|40]],,,3897,icon_lord_5,,2,lord_equip_desc001,lord_equip_name06,2,1,6
1360003,Atlas/UI_PersonalInfo,Atlas/UI_Item,[4103|115|14103|240|10104|210],[[4103|115]|[14103|240]|[10104|210]],[2|154|4000|2|155|50],[[2|154|4000]|[2|155|50]],,,5600,icon_lord_5,,3,lord_equip_desc002,lord_equip_name06,3,0,6
1360004,Atlas/UI_PersonalInfo,Atlas/UI_Item,[4103|135|14103|280|10104|250],[[4103|135]|[14103|280]|[10104|250]],[2|154|6400|2|155|60],[[2|154|6400]|[2|155|60]],,,7304,icon_lord_5,,4,lord_equip_desc002,lord_equip_name06,3,1,6
1360005,Atlas/UI_PersonalInfo,Atlas/UI_Item,[4103|155|14103|325|10104|285],[[4103|155]|[14103|325]|[10104|285]],[2|154|6400|2|155|60],[[2|154|6400]|[2|155|60]],,,9008,icon_lord_5,,5,lord_equip_desc002,lord_equip_name06,3,1,6
1360006,Atlas/UI_PersonalInfo,Atlas/UI_Item,[4103|175|14103|365|10104|325],[[4103|175]|[14103|365]|[10104|325]],[2|154|1300|2|155|5|2|156|10],[[2|154|1300]|[2|155|5]|[2|156|10]],,,10712,icon_lord_5,,6,lord_equip_desc002,lord_equip_name06,3,2,6
1360007,Atlas/UI_PersonalInfo,Atlas/UI_Item,[4103|195|14103|410|10104|360],[[4103|195]|[14103|410]|[10104|360]],[2|154|1300|2|155|5|2|156|10],[[2|154|1300]|[2|155|5]|[2|156|10]],,,12416,icon_lord_5,,7,lord_equip_desc002,lord_equip_name06,3,2,6
1360008,Atlas/UI_PersonalInfo,Atlas/UI_Item,[4103|215|14103|455|10104|400],[[4103|215]|[14103|455]|[10104|400]],[2|154|1500|2|155|5|2|156|10],[[2|154|1500]|[2|155|5]|[2|156|10]],,,14120,icon_lord_5,,8,lord_equip_desc002,lord_equip_name06,3,3,6
1360009,Atlas/UI_PersonalInfo,Atlas/UI_Item,[4103|240|14103|495|10104|435],[[4103|240]|[14103|495]|[10104|435]],[2|154|1500|2|155|5|2|156|10],[[2|154|1500]|[2|155|5]|[2|156|10]],,,15824,icon_lord_5,,9,lord_equip_desc002,lord_equip_name06,3,3,6
1360010,Atlas/UI_PersonalInfo,Atlas/UI_Item,[4103|280|14103|590|10104|515],[[4103|280]|[14103|590]|[10104|515]],[2|154|1800|2|155|5|2|156|12],[[2|154|1800]|[2|155|5]|[2|156|12]],,,17597,icon_lord_5,,10,lord_equip_desc003,lord_equip_name06,4,0,6
1360011,Atlas/UI_PersonalInfo,Atlas/UI_Item,[4103|295|14103|620|10104|545],[[4103|295]|[14103|620]|[10104|545]],[2|154|1300|2|155|5|2|156|12],[[2|154|1300]|[2|155|5]|[2|156|12]],,,19370,icon_lord_5,,11,lord_equip_desc003,lord_equip_name06,4,1,6
1360012,Atlas/UI_PersonalInfo,Atlas/UI_Item,[4103|310|14103|650|10104|570],[[4103|310]|[14103|650]|[10104|570]],[2|154|1300|2|155|5|2|156|12],[[2|154|1300]|[2|155|5]|[2|156|12]],,,21143,icon_lord_5,,12,lord_equip_desc003,lord_equip_name06,4,1,6
1360013,Atlas/UI_PersonalInfo,Atlas/UI_Item,[4103|325|14103|680|10104|600],[[4103|325]|[14103|680]|[10104|600]],[2|154|1300|2|155|5|2|156|12],[[2|154|1300]|[2|155|5]|[2|156|12]],,,22916,icon_lord_5,,13,lord_equip_desc003,lord_equip_name06,4,1,6
1360014,Atlas/UI_PersonalInfo,Atlas/UI_Item,[4103|340|14103|710|10104|625],[[4103|340]|[14103|710]|[10104|625]],[2|154|2500|2|155|20|2|156|12],[[2|154|2500]|[2|155|20]|[2|156|12]],,,24690,icon_lord_5,,14,lord_equip_desc003,lord_equip_name06,4,2,6
1360015,Atlas/UI_PersonalInfo,Atlas/UI_Item,[4103|355|14103|745|10104|655],[[4103|355]|[14103|745]|[10104|655]],[2|154|2500|2|155|20|2|156|12],[[2|154|2500]|[2|155|20]|[2|156|12]],,,26463,icon_lord_5,,15,lord_equip_desc003,lord_equip_name06,4,2,6
1360016,Atlas/UI_PersonalInfo,Atlas/UI_Item,[4103|370|14103|775|10104|680],[[4103|370]|[14103|775]|[10104|680]],[2|154|2500|2|155|20|2|156|12],[[2|154|2500]|[2|155|20]|[2|156|12]],,,28236,icon_lord_5,,16,lord_equip_desc003,lord_equip_name06,4,2,6
1360017,Atlas/UI_PersonalInfo,Atlas/UI_Item,[4103|385|14103|805|10104|710],[[4103|385]|[14103|805]|[10104|710]],[2|154|3500|2|155|30|2|156|12],[[2|154|3500]|[2|155|30]|[2|156|12]],,,30009,icon_lord_5,,17,lord_equip_desc003,lord_equip_name06,4,3,6
1360018,Atlas/UI_PersonalInfo,Atlas/UI_Item,[4103|400|14103|835|10104|735],[[4103|400]|[14103|835]|[10104|735]],[2|154|3500|2|155|30|2|156|12],[[2|154|3500]|[2|155|30]|[2|156|12]],,,31782,icon_lord_5,,18,lord_equip_desc003,lord_equip_name06,4,3,6
1360019,Atlas/UI_PersonalInfo,Atlas/UI_Item,[4103|415|14103|865|10104|760],[[4103|415]|[14103|865]|[10104|760]],[2|154|3500|2|155|30|2|156|12],[[2|154|3500]|[2|155|30]|[2|156|12]],,,33556,icon_lord_5,,19,lord_equip_desc003,lord_equip_name06,4,3,6
1360020,Atlas/UI_PersonalInfo,Atlas/UI_Item,[4103|465|14103|970|10104|855],[[4103|465]|[14103|970]|[10104|855]],[2|154|3300|2|155|30|2|156|15],[[2|154|3300]|[2|155|30]|[2|156|15]],icon_txt_T1,,35469,icon_lord_5,,20,lord_equip_desc006,lord_equip_name06,5,0,6
1360021,Atlas/UI_PersonalInfo,Atlas/UI_Item,[4103|480|14103|995|10104|875],[[4103|480]|[14103|995]|[10104|875]],[2|154|3900|2|155|30|2|156|15],[[2|154|3900]|[2|155|30]|[2|156|15]],icon_txt_T1,,37382,icon_lord_5,,21,lord_equip_desc006,lord_equip_name06,5,1,6
1360022,Atlas/UI_PersonalInfo,Atlas/UI_Item,[4103|490|14103|1025|10104|900],[[4103|490]|[14103|1025]|[10104|900]],[2|154|3900|2|155|30|2|156|15],[[2|154|3900]|[2|155|30]|[2|156|15]],icon_txt_T1,,39295,icon_lord_5,,22,lord_equip_desc006,lord_equip_name06,5,1,6
1360023,Atlas/UI_PersonalInfo,Atlas/UI_Item,[4103|505|14103|1050|10104|925],[[4103|505]|[14103|1050]|[10104|925]],[2|154|4400|2|155|30|2|156|15],[[2|154|4400]|[2|155|30]|[2|156|15]],icon_txt_T1,,41208,icon_lord_5,,23,lord_equip_desc006,lord_equip_name06,5,1,6
1360024,Atlas/UI_PersonalInfo,Atlas/UI_Item,[4103|515|14103|1075|10104|945],[[4103|515]|[14103|1075]|[10104|945]],[2|154|4400|2|155|30|2|156|15],[[2|154|4400]|[2|155|30]|[2|156|15]],icon_txt_T1,,43121,icon_lord_5,,24,lord_equip_desc006,lord_equip_name06,5,1,6
1360025,Atlas/UI_PersonalInfo,Atlas/UI_Item,[4103|530|14103|1100|10104|970],[[4103|530]|[14103|1100]|[10104|970]],[2|154|4900|2|155|35|2|156|15],[[2|154|4900]|[2|155|35]|[2|156|15]],icon_txt_T1,,45034,icon_lord_5,,25,lord_equip_desc006,lord_equip_name06,5,2,6
1360026,Atlas/UI_PersonalInfo,Atlas/UI_Item,[4103|540|14103|1125|10104|990],[[4103|540]|[14103|1125]|[10104|990]],[2|154|4900|2|155|35|2|156|15],[[2|154|4900]|[2|155|35]|[2|156|15]],icon_txt_T1,,46948,icon_lord_5,,26,lord_equip_desc006,lord_equip_name06,5,2,6
1360027,Atlas/UI_PersonalInfo,Atlas/UI_Item,[4103|555|14103|1155|10104|1015],[[4103|555]|[14103|1155]|[10104|1015]],[2|154|4900|2|155|35|2|156|15],[[2|154|4900]|[2|155|35]|[2|156|15]],icon_txt_T1,,48861,icon_lord_5,,27,lord_equip_desc006,lord_equip_name06,5,2,6
1360028,Atlas/UI_PersonalInfo,Atlas/UI_Item,[4103|565|14103|1180|10104|1040],[[4103|565]|[14103|1180]|[10104|1040]],[2|154|4900|2|155|35|2|156|15],[[2|154|4900]|[2|155|35]|[2|156|15]],icon_txt_T1,,50774,icon_lord_5,,28,lord_equip_desc006,lord_equip_name06,5,2,6
1360029,Atlas/UI_PersonalInfo,Atlas/UI_Item,[4103|580|14103|1205|10104|1060],[[4103|580]|[14103|1205]|[10104|1060]],[2|154|5400|2|155|45|2|156|20],[[2|154|5400]|[2|155|45]|[2|156|20]],icon_txt_T1,,52687,icon_lord_5,,29,lord_equip_desc006,lord_equip_name06,5,3,6
1360030,Atlas/UI_PersonalInfo,Atlas/UI_Item,[4103|590|14103|1230|10104|1085],[[4103|590]|[14103|1230]|[10104|1085]],[2|154|5400|2|155|45|2|156|20],[[2|154|5400]|[2|155|45]|[2|156|20]],icon_txt_T1,,54600,icon_lord_5,,30,lord_equip_desc006,lord_equip_name06,5,3,6
1360031,Atlas/UI_PersonalInfo,Atlas/UI_Item,[4103|605|14103|1260|10104|1105],[[4103|605]|[14103|1260]|[10104|1105]],[2|154|5400|2|155|45|2|156|20],[[2|154|5400]|[2|155|45]|[2|156|20]],icon_txt_T1,,56513,icon_lord_5,,31,lord_equip_desc006,lord_equip_name06,5,3,6
1360032,Atlas/UI_PersonalInfo,Atlas/UI_Item,[4103|615|14103|1285|10104|1130],[[4103|615]|[14103|1285]|[10104|1130]],[2|154|5400|2|155|45|2|156|20],[[2|154|5400]|[2|155|45]|[2|156|20]],icon_txt_T1,,58427,icon_lord_5,,32,lord_equip_desc006,lord_equip_name06,5,3,6
1360033,Atlas/UI_PersonalInfo,Atlas/UI_Item,[4103|675|14103|1405|10104|1235],[[4103|675]|[14103|1405]|[10104|1235]],[2|154|5500|2|155|50|2|156|20],[[2|154|5500]|[2|155|50]|[2|156|20]],icon_txt_T2,,61024,icon_lord_5,,33,lord_equip_desc007,lord_equip_name06,5,0,6
1360034,Atlas/UI_PersonalInfo,Atlas/UI_Item,[4103|690|14103|1435|10104|1260],[[4103|690]|[14103|1435]|[10104|1260]],[2|154|7300|2|155|75|2|156|20],[[2|154|7300]|[2|155|75]|[2|156|20]],icon_txt_T2,,63621,icon_lord_5,,34,lord_equip_desc007,lord_equip_name06,5,1,6
1360035,Atlas/UI_PersonalInfo,Atlas/UI_Item,[4103|705|14103|1465|10104|1290],[[4103|705]|[14103|1465]|[10104|1290]],[2|154|7300|2|155|75|2|156|20],[[2|154|7300]|[2|155|75]|[2|156|20]],icon_txt_T2,,66218,icon_lord_5,,35,lord_equip_desc007,lord_equip_name06,5,1,6
1360036,Atlas/UI_PersonalInfo,Atlas/UI_Item,[4103|715|14103|1495|10104|1315],[[4103|715]|[14103|1495]|[10104|1315]],[2|154|7300|2|155|75|2|156|20],[[2|154|7300]|[2|155|75]|[2|156|20]],icon_txt_T2,,68815,icon_lord_5,,36,lord_equip_desc007,lord_equip_name06,5,1,6
1360037,Atlas/UI_PersonalInfo,Atlas/UI_Item,[4103|730|14103|1525|10104|1340],[[4103|730]|[14103|1525]|[10104|1340]],[2|154|7300|2|155|75|2|156|20],[[2|154|7300]|[2|155|75]|[2|156|20]],icon_txt_T2,,71412,icon_lord_5,,37,lord_equip_desc007,lord_equip_name06,5,1,6
1360038,Atlas/UI_PersonalInfo,Atlas/UI_Item,[4103|745|14103|1555|10104|1365],[[4103|745]|[14103|1555]|[10104|1365]],[2|154|7800|2|155|75|2|156|20],[[2|154|7800]|[2|155|75]|[2|156|20]],icon_txt_T2,,74009,icon_lord_5,,38,lord_equip_desc007,lord_equip_name06,5,2,6
1360039,Atlas/UI_PersonalInfo,Atlas/UI_Item,[4103|760|14103|1585|10104|1395],[[4103|760]|[14103|1585]|[10104|1395]],[2|154|7800|2|155|75|2|156|20],[[2|154|7800]|[2|155|75]|[2|156|20]],icon_txt_T2,,76606,icon_lord_5,,39,lord_equip_desc007,lord_equip_name06,5,2,6
1360040,Atlas/UI_PersonalInfo,Atlas/UI_Item,[4103|775|14103|1615|10104|1420],[[4103|775]|[14103|1615]|[10104|1420]],[2|154|7800|2|155|75|2|156|20],[[2|154|7800]|[2|155|75]|[2|156|20]],icon_txt_T2,,79203,icon_lord_5,,40,lord_equip_desc007,lord_equip_name06,5,2,6
1360041,Atlas/UI_PersonalInfo,Atlas/UI_Item,[4103|790|14103|1645|10104|1445],[[4103|790]|[14103|1645]|[10104|1445]],[2|154|7800|2|155|75|2|156|20],[[2|154|7800]|[2|155|75]|[2|156|20]],icon_txt_T2,,81800,icon_lord_5,,41,lord_equip_desc007,lord_equip_name06,5,2,6
1360042,Atlas/UI_PersonalInfo,Atlas/UI_Item,[4103|805|14103|1675|10104|1475],[[4103|805]|[14103|1675]|[10104|1475]],[2|154|8100|2|155|85|2|156|20],[[2|154|8100]|[2|155|85]|[2|156|20]],icon_txt_T2,,84397,icon_lord_5,,42,lord_equip_desc007,lord_equip_name06,5,3,6
1360043,Atlas/UI_PersonalInfo,Atlas/UI_Item,[4103|820|14103|1705|10104|1500],[[4103|820]|[14103|1705]|[10104|1500]],[2|154|8100|2|155|85|2|156|20],[[2|154|8100]|[2|155|85]|[2|156|20]],icon_txt_T2,,86994,icon_lord_5,,43,lord_equip_desc007,lord_equip_name06,5,3,6
1360044,Atlas/UI_PersonalInfo,Atlas/UI_Item,[4103|830|14103|1735|10104|1525],[[4103|830]|[14103|1735]|[10104|1525]],[2|154|8100|2|155|85|2|156|20],[[2|154|8100]|[2|155|85]|[2|156|20]],icon_txt_T2,,89591,icon_lord_5,,44,lord_equip_desc007,lord_equip_name06,5,3,6
1360045,Atlas/UI_PersonalInfo,Atlas/UI_Item,[4103|845|14103|1765|10104|1550],[[4103|845]|[14103|1765]|[10104|1550]],[2|154|8100|2|155|85|2|156|20],[[2|154|8100]|[2|155|85]|[2|156|20]],icon_txt_T2,,92188,icon_lord_5,,45,lord_equip_desc007,lord_equip_name06,5,3,6
1360046,Atlas/UI_PersonalInfo,Atlas/UI_Item,[4103|910|14103|1900|10104|1670],[[4103|910]|[14103|1900]|[10104|1670]],[2|154|8500|2|155|85|2|156|20],[[2|154|8500]|[2|155|85]|[2|156|20]],icon_txt_T3,,95565,icon_lord_5,,46,lord_equip_desc0061,lord_equip_name06,5,0,6
1360047,Atlas/UI_PersonalInfo,Atlas/UI_Item,[4103|930|14103|1935|10104|1700],[[4103|930]|[14103|1935]|[10104|1700]],[2|154|9000|2|155|95|2|156|20],[[2|154|9000]|[2|155|95]|[2|156|20]],icon_txt_T3,,98942,icon_lord_5,,47,lord_equip_desc0061,lord_equip_name06,5,1,6
1360048,Atlas/UI_PersonalInfo,Atlas/UI_Item,[4103|945|14103|1965|10104|1730],[[4103|945]|[14103|1965]|[10104|1730]],[2|154|9000|2|155|95|2|156|20],[[2|154|9000]|[2|155|95]|[2|156|20]],icon_txt_T3,,102320,icon_lord_5,,48,lord_equip_desc0061,lord_equip_name06,5,1,6
1360049,Atlas/UI_PersonalInfo,Atlas/UI_Item,[4103|960|14103|2000|10104|1760],[[4103|960]|[14103|2000]|[10104|1760]],[2|154|9000|2|155|95|2|156|20],[[2|154|9000]|[2|155|95]|[2|156|20]],icon_txt_T3,,105697,icon_lord_5,,49,lord_equip_desc0061,lord_equip_name06,5,1,6
1360050,Atlas/UI_PersonalInfo,Atlas/UI_Item,[4103|975|14103|2035|10104|1790],[[4103|975]|[14103|2035]|[10104|1790]],[2|154|9000|2|155|95|2|156|20],[[2|154|9000]|[2|155|95]|[2|156|20]],icon_txt_T3,,109075,icon_lord_5,,50,lord_equip_desc0061,lord_equip_name06,5,1,6
1360051,Atlas/UI_PersonalInfo,Atlas/UI_Item,[4103|995|14103|2070|10104|1820],[[4103|995]|[14103|2070]|[10104|1820]],[2|154|9500|2|155|95|2|156|20],[[2|154|9500]|[2|155|95]|[2|156|20]],icon_txt_T3,,112452,icon_lord_5,,51,lord_equip_desc0061,lord_equip_name06,5,2,6
1360052,Atlas/UI_PersonalInfo,Atlas/UI_Item,[4103|1010|14103|2100|10104|1850],[[4103|1010]|[14103|2100]|[10104|1850]],[2|154|9500|2|155|95|2|156|20],[[2|154|9500]|[2|155|95]|[2|156|20]],icon_txt_T3,,115830,icon_lord_5,,52,lord_equip_desc0061,lord_equip_name06,5,2,6
1360053,Atlas/UI_PersonalInfo,Atlas/UI_Item,[4103|1025|14103|2135|10104|1880],[[4103|1025]|[14103|2135]|[10104|1880]],[2|154|9500|2|155|95|2|156|20],[[2|154|9500]|[2|155|95]|[2|156|20]],icon_txt_T3,,119207,icon_lord_5,,53,lord_equip_desc0061,lord_equip_name06,5,2,6
1360054,Atlas/UI_PersonalInfo,Atlas/UI_Item,[4103|1040|14103|2170|10104|1910],[[4103|1040]|[14103|2170]|[10104|1910]],[2|154|9500|2|155|95|2|156|20],[[2|154|9500]|[2|155|95]|[2|156|20]],icon_txt_T3,,122585,icon_lord_5,,54,lord_equip_desc0061,lord_equip_name06,5,2,6
1360055,Atlas/UI_PersonalInfo,Atlas/UI_Item,[4103|1060|14103|2205|10104|1940],[[4103|1060]|[14103|2205]|[10104|1940]],[2|154|10000|2|155|95|2|156|20],[[2|154|10000]|[2|155|95]|[2|156|20]],icon_txt_T3,,125962,icon_lord_5,,55,lord_equip_desc0061,lord_equip_name06,5,3,6
1360056,Atlas/UI_PersonalInfo,Atlas/UI_Item,[4103|1075|14103|2235|10104|1970],[[4103|1075]|[14103|2235]|[10104|1970]],[2|154|10000|2|155|95|2|156|20],[[2|154|10000]|[2|155|95]|[2|156|20]],icon_txt_T3,,129340,icon_lord_5,,56,lord_equip_desc0061,lord_equip_name06,5,3,6
1360057,Atlas/UI_PersonalInfo,Atlas/UI_Item,[4103|1090|14103|2270|10104|2000],[[4103|1090]|[14103|2270]|[10104|2000]],[2|154|10000|2|155|95|2|156|20],[[2|154|10000]|[2|155|95]|[2|156|20]],icon_txt_T3,,132717,icon_lord_5,,57,lord_equip_desc0061,lord_equip_name06,5,3,6
1360058,Atlas/UI_PersonalInfo,Atlas/UI_Item,[4103|1105|14103|2305|10104|2030],[[4103|1105]|[14103|2305]|[10104|2030]],[2|154|10000|2|155|95|2|156|20],[[2|154|10000]|[2|155|95]|[2|156|20]],icon_txt_T3,,136095,icon_lord_5,,58,lord_equip_desc0061,lord_equip_name06,5,3,6
1360059,Atlas/UI_PersonalInfo,Atlas/UI_Item,[4103|1180|14103|2460|10104|2165],[[4103|1180]|[14103|2460]|[10104|2165]],[2|154|10000|2|155|90|2|156|20],[[2|154|10000]|[2|155|90]|[2|156|20]],icon_txt_T4,,140427,icon_lord_5,,59,lord_equip_desc0071,lord_equip_name06,5,0,6
1360060,Atlas/UI_PersonalInfo,Atlas/UI_Item,[4103|1200|14103|2500|10104|2200],[[4103|1200]|[14103|2500]|[10104|2200]],[2|154|13000|2|155|130|2|156|22],[[2|154|13000]|[2|155|130]|[2|156|22]],icon_txt_T4,,144760,icon_lord_5,,60,lord_equip_desc0071,lord_equip_name06,5,1,6
1360061,Atlas/UI_PersonalInfo,Atlas/UI_Item,[4103|1220|14103|2535|10104|2235],[[4103|1220]|[14103|2535]|[10104|2235]],[2|154|13000|2|155|130|2|156|22],[[2|154|13000]|[2|155|130]|[2|156|22]],icon_txt_T4,,149093,icon_lord_5,,61,lord_equip_desc0071,lord_equip_name06,5,1,6
1360062,Atlas/UI_PersonalInfo,Atlas/UI_Item,[4103|1235|14103|2575|10104|2265],[[4103|1235]|[14103|2575]|[10104|2265]],[2|154|13000|2|155|130|2|156|22],[[2|154|13000]|[2|155|130]|[2|156|22]],icon_txt_T4,,153426,icon_lord_5,,62,lord_equip_desc0071,lord_equip_name06,5,1,6
1360063,Atlas/UI_PersonalInfo,Atlas/UI_Item,[4103|1255|14103|2615|10104|2300],[[4103|1255]|[14103|2615]|[10104|2300]],[2|154|13000|2|155|130|2|156|22],[[2|154|13000]|[2|155|130]|[2|156|22]],icon_txt_T4,,157759,icon_lord_5,,63,lord_equip_desc0071,lord_equip_name06,5,1,6
1360064,Atlas/UI_PersonalInfo,Atlas/UI_Item,[4103|1275|14103|2655|10104|2335],[[4103|1275]|[14103|2655]|[10104|2335]],[2|154|13000|2|155|140|2|156|23],[[2|154|13000]|[2|155|140]|[2|156|23]],icon_txt_T4,,162092,icon_lord_5,,64,lord_equip_desc0071,lord_equip_name06,5,2,6
1360065,Atlas/UI_PersonalInfo,Atlas/UI_Item,[4103|1290|14103|2690|10104|2370],[[4103|1290]|[14103|2690]|[10104|2370]],[2|154|13000|2|155|140|2|156|23],[[2|154|13000]|[2|155|140]|[2|156|23]],icon_txt_T4,,166424,icon_lord_5,,65,lord_equip_desc0071,lord_equip_name06,5,2,6
1360066,Atlas/UI_PersonalInfo,Atlas/UI_Item,[4103|1310|14103|2730|10104|2405],[[4103|1310]|[14103|2730]|[10104|2405]],[2|154|13000|2|155|140|2|156|23],[[2|154|13000]|[2|155|140]|[2|156|23]],icon_txt_T4,,170757,icon_lord_5,,66,lord_equip_desc0071,lord_equip_name06,5,2,6
1360067,Atlas/UI_PersonalInfo,Atlas/UI_Item,[4103|1330|14103|2770|10104|2435],[[4103|1330]|[14103|2770]|[10104|2435]],[2|154|13000|2|155|140|2|156|23],[[2|154|13000]|[2|155|140]|[2|156|23]],icon_txt_T4,,175090,icon_lord_5,,67,lord_equip_desc0071,lord_equip_name06,5,2,6
1360068,Atlas/UI_PersonalInfo,Atlas/UI_Item,[4103|1350|14103|2810|10104|2470],[[4103|1350]|[14103|2810]|[10104|2470]],[2|154|14000|2|155|150|2|156|25],[[2|154|14000]|[2|155|150]|[2|156|25]],icon_txt_T4,,179423,icon_lord_5,,68,lord_equip_desc0071,lord_equip_name06,5,3,6
1360069,Atlas/UI_PersonalInfo,Atlas/UI_Item,[4103|1365|14103|2845|10104|2505],[[4103|1365]|[14103|2845]|[10104|2505]],[2|154|14000|2|155|150|2|156|25],[[2|154|14000]|[2|155|150]|[2|156|25]],icon_txt_T4,,183756,icon_lord_5,,69,lord_equip_desc0071,lord_equip_name06,5,3,6
1360070,Atlas/UI_PersonalInfo,Atlas/UI_Item,[4103|1385|14103|2885|10104|2540],[[4103|1385]|[14103|2885]|[10104|2540]],[2|154|14000|2|155|150|2|156|25],[[2|154|14000]|[2|155|150]|[2|156|25]],icon_txt_T4,,188089,icon_lord_5,,70,lord_equip_desc0071,lord_equip_name06,5,3,6
1360071,Atlas/UI_PersonalInfo,Atlas/UI_Item,[4103|1405|14103|2925|10104|2575],[[4103|1405]|[14103|2925]|[10104|2575]],[2|154|14000|2|155|150|2|156|25],[[2|154|14000]|[2|155|150]|[2|156|25]],icon_txt_T4,,192422,icon_lord_5,,71,lord_equip_desc0071,lord_equip_name06,5,3,6
1360072,Atlas/UI_PersonalInfo,Atlas/UI_Item,[4103|1485|14103|3100|10104|2725],[[4103|1485]|[14103|3100]|[10104|2725]],[2|154|15000|2|155|140|2|156|20|2|157|2],[[2|154|15000]|[2|155|140]|[2|156|20]|[2|157|2]],,,196817,icon_lord_5,,72,lord_equip_desc008,lord_equip_name06,6,0,6
1360073,Atlas/UI_PersonalInfo,Atlas/UI_Item,[4103|1505|14103|3135|10104|2755],[[4103|1505]|[14103|3135]|[10104|2755]],[2|154|13000|2|155|140|2|156|20|2|157|2],[[2|154|13000]|[2|155|140]|[2|156|20]|[2|157|2]],,,201212,icon_lord_5,,73,lord_equip_desc008,lord_equip_name06,6,1,6
1360074,Atlas/UI_PersonalInfo,Atlas/UI_Item,[4103|1520|14103|3170|10104|2785],[[4103|1520]|[14103|3170]|[10104|2785]],[2|154|13000|2|155|140|2|156|20|2|157|2],[[2|154|13000]|[2|155|140]|[2|156|20]|[2|157|2]],,,205607,icon_lord_5,,74,lord_equip_desc008,lord_equip_name06,6,1,6
1360075,Atlas/UI_PersonalInfo,Atlas/UI_Item,[4103|1535|14103|3200|10104|2820],[[4103|1535]|[14103|3200]|[10104|2820]],[2|154|13000|2|155|140|2|156|20|2|157|2],[[2|154|13000]|[2|155|140]|[2|156|20]|[2|157|2]],,,210002,icon_lord_5,,75,lord_equip_desc008,lord_equip_name06,6,1,6
1360076,Atlas/UI_PersonalInfo,Atlas/UI_Item,[4103|1555|14103|3235|10104|2850],[[4103|1555]|[14103|3235]|[10104|2850]],[2|154|13000|2|155|140|2|156|20|2|157|2],[[2|154|13000]|[2|155|140]|[2|156|20]|[2|157|2]],,,214397,icon_lord_5,,76,lord_equip_desc008,lord_equip_name06,6,1,6
1360077,Atlas/UI_PersonalInfo,Atlas/UI_Item,[4103|1570|14103|3270|10104|2880],[[4103|1570]|[14103|3270]|[10104|2880]],[2|154|13000|2|155|140|2|156|20|2|157|2],[[2|154|13000]|[2|155|140]|[2|156|20]|[2|157|2]],,,218792,icon_lord_5,,77,lord_equip_desc008,lord_equip_name06,6,1,6
1360078,Atlas/UI_PersonalInfo,Atlas/UI_Item,[4103|1585|14103|3305|10104|2910],[[4103|1585]|[14103|3305]|[10104|2910]],[2|154|13500|2|155|160|2|156|25|2|157|2],[[2|154|13500]|[2|155|160]|[2|156|25]|[2|157|2]],,,223187,icon_lord_5,,78,lord_equip_desc008,lord_equip_name06,6,2,6
1360079,Atlas/UI_PersonalInfo,Atlas/UI_Item,[4103|1605|14103|3340|10104|2940],[[4103|1605]|[14103|3340]|[10104|2940]],[2|154|13500|2|155|160|2|156|25|2|157|2],[[2|154|13500]|[2|155|160]|[2|156|25]|[2|157|2]],,,227582,icon_lord_5,,79,lord_equip_desc008,lord_equip_name06,6,2,6
1360080,Atlas/UI_PersonalInfo,Atlas/UI_Item,[4103|1620|14103|3375|10104|2970],[[4103|1620]|[14103|3375]|[10104|2970]],[2|154|13500|2|155|160|2|156|25|2|157|2],[[2|154|13500]|[2|155|160]|[2|156|25]|[2|157|2]],,,231977,icon_lord_5,,80,lord_equip_desc008,lord_equip_name06,6,2,6
1360081,Atlas/UI_PersonalInfo,Atlas/UI_Item,[4103|1635|14103|3410|10104|3000],[[4103|1635]|[14103|3410]|[10104|3000]],[2|154|13500|2|155|160|2|156|25|2|157|2],[[2|154|13500]|[2|155|160]|[2|156|25]|[2|157|2]],,,236372,icon_lord_5,,81,lord_equip_desc008,lord_equip_name06,6,2,6
1360082,Atlas/UI_PersonalInfo,Atlas/UI_Item,[4103|1655|14103|3445|10104|3030],[[4103|1655]|[14103|3445]|[10104|3030]],[2|154|13500|2|155|160|2|156|25|2|157|2],[[2|154|13500]|[2|155|160]|[2|156|25]|[2|157|2]],,,240767,icon_lord_5,,82,lord_equip_desc008,lord_equip_name06,6,2,6
1360083,Atlas/UI_PersonalInfo,Atlas/UI_Item,[4103|1670|14103|3480|10104|3065],[[4103|1670]|[14103|3480]|[10104|3065]],[2|154|14000|2|155|160|2|156|25|2|157|4],[[2|154|14000]|[2|155|160]|[2|156|25]|[2|157|4]],,,245162,icon_lord_5,,83,lord_equip_desc008,lord_equip_name06,6,3,6
1360084,Atlas/UI_PersonalInfo,Atlas/UI_Item,[4103|1685|14103|3515|10104|3095],[[4103|1685]|[14103|3515]|[10104|3095]],[2|154|14000|2|155|160|2|156|25|2|157|4],[[2|154|14000]|[2|155|160]|[2|156|25]|[2|157|4]],,,249557,icon_lord_5,,84,lord_equip_desc008,lord_equip_name06,6,3,6
1360085,Atlas/UI_PersonalInfo,Atlas/UI_Item,[4103|1705|14103|3550|10104|3125],[[4103|1705]|[14103|3550]|[10104|3125]],[2|154|14000|2|155|160|2|156|25|2|157|4],[[2|154|14000]|[2|155|160]|[2|156|25]|[2|157|4]],,,253952,icon_lord_5,,85,lord_equip_desc008,lord_equip_name06,6,3,6
1360086,Atlas/UI_PersonalInfo,Atlas/UI_Item,[4103|1720|14103|3585|10104|3155],[[4103|1720]|[14103|3585]|[10104|3155]],[2|154|14000|2|155|160|2|156|25|2|157|4],[[2|154|14000]|[2|155|160]|[2|156|25]|[2|157|4]],,,258347,icon_lord_5,,86,lord_equip_desc008,lord_equip_name06,6,3,6
1360087,Atlas/UI_PersonalInfo,Atlas/UI_Item,[4103|1740|14103|3620|10104|3185],[[4103|1740]|[14103|3620]|[10104|3185]],[2|154|14000|2|155|160|2|156|25|2|157|4],[[2|154|14000]|[2|155|160]|[2|156|25]|[2|157|4]],,,262742,icon_lord_5,,87,lord_equip_desc008,lord_equip_name06,6,3,6
1360088,Atlas/UI_PersonalInfo,Atlas/UI_Item,[4103|1830|14103|3815|10104|3355],[[4103|1830]|[14103|3815]|[10104|3355]],[2|154|15000|2|155|180|2|156|25|2|157|4],[[2|154|15000]|[2|155|180]|[2|156|25]|[2|157|4]],icon_txt_T1,,268109,icon_lord_5,,88,lord_equip_desc009,lord_equip_name06,6,0,6
1360089,Atlas/UI_PersonalInfo,Atlas/UI_Item,[4103|1850|14103|3850|10104|3390],[[4103|1850]|[14103|3850]|[10104|3390]],[2|154|14000|2|155|160|2|156|28|2|157|3],[[2|154|14000]|[2|155|160]|[2|156|28]|[2|157|3]],icon_txt_T1,,273477,icon_lord_5,,89,lord_equip_desc009,lord_equip_name06,6,1,6
1360090,Atlas/UI_PersonalInfo,Atlas/UI_Item,[4103|1870|14103|3890|10104|3425],[[4103|1870]|[14103|3890]|[10104|3425]],[2|154|14000|2|155|160|2|156|28|2|157|3],[[2|154|14000]|[2|155|160]|[2|156|28]|[2|157|3]],icon_txt_T1,,278844,icon_lord_5,,90,lord_equip_desc009,lord_equip_name06,6,1,6
1360091,Atlas/UI_PersonalInfo,Atlas/UI_Item,[4103|1885|14103|3930|10104|3460],[[4103|1885]|[14103|3930]|[10104|3460]],[2|154|14000|2|155|160|2|156|28|2|157|3],[[2|154|14000]|[2|155|160]|[2|156|28]|[2|157|3]],icon_txt_T1,,284212,icon_lord_5,,91,lord_equip_desc009,lord_equip_name06,6,1,6
1360092,Atlas/UI_PersonalInfo,Atlas/UI_Item,[4103|1905|14103|3970|10104|3490],[[4103|1905]|[14103|3970]|[10104|3490]],[2|154|14000|2|155|160|2|156|28|2|157|3],[[2|154|14000]|[2|155|160]|[2|156|28]|[2|157|3]],icon_txt_T1,,289580,icon_lord_5,,92,lord_equip_desc009,lord_equip_name06,6,1,6
1360093,Atlas/UI_PersonalInfo,Atlas/UI_Item,[4103|1925|14103|4005|10104|3525],[[4103|1925]|[14103|4005]|[10104|3525]],[2|154|14000|2|155|160|2|156|28|2|157|3],[[2|154|14000]|[2|155|160]|[2|156|28]|[2|157|3]],icon_txt_T1,,294947,icon_lord_5,,93,lord_equip_desc009,lord_equip_name06,6,1,6
1360094,Atlas/UI_PersonalInfo,Atlas/UI_Item,[4103|1940|14103|4045|10104|3560],[[4103|1940]|[14103|4045]|[10104|3560]],[2|154|15000|2|155|170|2|156|30|2|157|4],[[2|154|15000]|[2|155|170]|[2|156|30]|[2|157|4]],icon_txt_T1,,300315,icon_lord_5,,94,lord_equip_desc009,lord_equip_name06,6,2,6
1360095,Atlas/UI_PersonalInfo,Atlas/UI_Item,[4103|1960|14103|4085|10104|3595],[[4103|1960]|[14103|4085]|[10104|3595]],[2|154|15000|2|155|170|2|156|30|2|157|4],[[2|154|15000]|[2|155|170]|[2|156|30]|[2|157|4]],icon_txt_T1,,305683,icon_lord_5,,95,lord_equip_desc009,lord_equip_name06,6,2,6
1360096,Atlas/UI_PersonalInfo,Atlas/UI_Item,[4103|1980|14103|4125|10104|3630],[[4103|1980]|[14103|4125]|[10104|3630]],[2|154|15000|2|155|170|2|156|30|2|157|4],[[2|154|15000]|[2|155|170]|[2|156|30]|[2|157|4]],icon_txt_T1,,311050,icon_lord_5,,96,lord_equip_desc009,lord_equip_name06,6,2,6
1360097,Atlas/UI_PersonalInfo,Atlas/UI_Item,[4103|2000|14103|4160|10104|3660],[[4103|2000]|[14103|4160]|[10104|3660]],[2|154|15000|2|155|170|2|156|30|2|157|4],[[2|154|15000]|[2|155|170]|[2|156|30]|[2|157|4]],icon_txt_T1,,316418,icon_lord_5,,97,lord_equip_desc009,lord_equip_name06,6,2,6
1360098,Atlas/UI_PersonalInfo,Atlas/UI_Item,[4103|2015|14103|4200|10104|3695],[[4103|2015]|[14103|4200]|[10104|3695]],[2|154|15000|2|155|170|2|156|30|2|157|4],[[2|154|15000]|[2|155|170]|[2|156|30]|[2|157|4]],icon_txt_T1,,321785,icon_lord_5,,98,lord_equip_desc009,lord_equip_name06,6,2,6
1360099,Atlas/UI_PersonalInfo,Atlas/UI_Item,[4103|2035|14103|4240|10104|3730],[[4103|2035]|[14103|4240]|[10104|3730]],[2|154|16500|2|155|175|2|156|30|2|157|4],[[2|154|16500]|[2|155|175]|[2|156|30]|[2|157|4]],icon_txt_T1,,327153,icon_lord_5,,99,lord_equip_desc009,lord_equip_name06,6,3,6
1360100,Atlas/UI_PersonalInfo,Atlas/UI_Item,[4103|2055|14103|4280|10104|3765],[[4103|2055]|[14103|4280]|[10104|3765]],[2|154|16500|2|155|175|2|156|30|2|157|4],[[2|154|16500]|[2|155|175]|[2|156|30]|[2|157|4]],icon_txt_T1,,332521,icon_lord_5,,100,lord_equip_desc009,lord_equip_name06,6,3,6
1360101,Atlas/UI_PersonalInfo,Atlas/UI_Item,[4103|2070|14103|4315|10104|3800],[[4103|2070]|[14103|4315]|[10104|3800]],[2|154|16500|2|155|175|2|156|30|2|157|4],[[2|154|16500]|[2|155|175]|[2|156|30]|[2|157|4]],icon_txt_T1,,337888,icon_lord_5,,101,lord_equip_desc009,lord_equip_name06,6,3,6
1360102,Atlas/UI_PersonalInfo,Atlas/UI_Item,[4103|2090|14103|4355|10104|3830],[[4103|2090]|[14103|4355]|[10104|3830]],[2|154|16500|2|155|175|2|156|30|2|157|4],[[2|154|16500]|[2|155|175]|[2|156|30]|[2|157|4]],icon_txt_T1,,343256,icon_lord_5,,102,lord_equip_desc009,lord_equip_name06,6,3,6
1360103,Atlas/UI_PersonalInfo,Atlas/UI_Item,[4103|2110|14103|4395|10104|3865],[[4103|2110]|[14103|4395]|[10104|3865]],[2|154|16500|2|155|175|2|156|30|2|157|4],[[2|154|16500]|[2|155|175]|[2|156|30]|[2|157|4]],icon_txt_T1,,348624,icon_lord_5,,103,lord_equip_desc009,lord_equip_name06,6,3,6
1360104,Atlas/UI_PersonalInfo,Atlas/UI_Item,[4103|2215|14103|4610|10104|4055],[[4103|2215]|[14103|4610]|[10104|4055]],[2|154|18000|2|155|190|2|156|30|2|157|4],[[2|154|18000]|[2|155|190]|[2|156|30]|[2|157|4]],icon_txt_T2,,355145,icon_lord_5,,104,lord_equip_desc010,lord_equip_name06,6,0,6
1360105,Atlas/UI_PersonalInfo,Atlas/UI_Item,[4103|2235|14103|4655|10104|4095],[[4103|2235]|[14103|4655]|[10104|4095]],[2|154|17000|2|155|195|2|156|35|2|157|5],[[2|154|17000]|[2|155|195]|[2|156|35]|[2|157|5]],icon_txt_T2,,361667,icon_lord_5,,105,lord_equip_desc010,lord_equip_name06,6,1,6
1360106,Atlas/UI_PersonalInfo,Atlas/UI_Item,[4103|2255|14103|4695|10104|4135],[[4103|2255]|[14103|4695]|[10104|4135]],[2|154|17000|2|155|195|2|156|35|2|157|5],[[2|154|17000]|[2|155|195]|[2|156|35]|[2|157|5]],icon_txt_T2,,368189,icon_lord_5,,106,lord_equip_desc010,lord_equip_name06,6,1,6
1360107,Atlas/UI_PersonalInfo,Atlas/UI_Item,[4103|2275|14103|4740|10104|4170],[[4103|2275]|[14103|4740]|[10104|4170]],[2|154|17000|2|155|195|2|156|35|2|157|5],[[2|154|17000]|[2|155|195]|[2|156|35]|[2|157|5]],icon_txt_T2,,374710,icon_lord_5,,107,lord_equip_desc010,lord_equip_name06,6,1,6
1360108,Atlas/UI_PersonalInfo,Atlas/UI_Item,[4103|2295|14103|4785|10104|4210],[[4103|2295]|[14103|4785]|[10104|4210]],[2|154|17000|2|155|195|2|156|35|2|157|5],[[2|154|17000]|[2|155|195]|[2|156|35]|[2|157|5]],icon_txt_T2,,381232,icon_lord_5,,108,lord_equip_desc010,lord_equip_name06,6,1,6
1360109,Atlas/UI_PersonalInfo,Atlas/UI_Item,[4103|2315|14103|4825|10104|4250],[[4103|2315]|[14103|4825]|[10104|4250]],[2|154|17000|2|155|195|2|156|35|2|157|5],[[2|154|17000]|[2|155|195]|[2|156|35]|[2|157|5]],icon_txt_T2,,387754,icon_lord_5,,109,lord_equip_desc010,lord_equip_name06,6,1,6
1360110,Atlas/UI_PersonalInfo,Atlas/UI_Item,[4103|2340|14103|4870|10104|4285],[[4103|2340]|[14103|4870]|[10104|4285]],[2|154|18000|2|155|220|2|156|35|2|157|5],[[2|154|18000]|[2|155|220]|[2|156|35]|[2|157|5]],icon_txt_T2,,394275,icon_lord_5,,110,lord_equip_desc010,lord_equip_name06,6,2,6
1360111,Atlas/UI_PersonalInfo,Atlas/UI_Item,[4103|2360|14103|4915|10104|4325],[[4103|2360]|[14103|4915]|[10104|4325]],[2|154|18000|2|155|220|2|156|35|2|157|5],[[2|154|18000]|[2|155|220]|[2|156|35]|[2|157|5]],icon_txt_T2,,400797,icon_lord_5,,111,lord_equip_desc010,lord_equip_name06,6,2,6
1360112,Atlas/UI_PersonalInfo,Atlas/UI_Item,[4103|2380|14103|4955|10104|4360],[[4103|2380]|[14103|4955]|[10104|4360]],[2|154|18000|2|155|220|2|156|35|2|157|5],[[2|154|18000]|[2|155|220]|[2|156|35]|[2|157|5]],icon_txt_T2,,407319,icon_lord_5,,112,lord_equip_desc010,lord_equip_name06,6,2,6
1360113,Atlas/UI_PersonalInfo,Atlas/UI_Item,[4103|2400|14103|5000|10104|4400],[[4103|2400]|[14103|5000]|[10104|4400]],[2|154|18000|2|155|220|2|156|35|2|157|5],[[2|154|18000]|[2|155|220]|[2|156|35]|[2|157|5]],icon_txt_T2,,413840,icon_lord_5,,113,lord_equip_desc010,lord_equip_name06,6,2,6
1360114,Atlas/UI_PersonalInfo,Atlas/UI_Item,[4103|2420|14103|5045|10104|4440],[[4103|2420]|[14103|5045]|[10104|4440]],[2|154|18000|2|155|220|2|156|35|2|157|5],[[2|154|18000]|[2|155|220]|[2|156|35]|[2|157|5]],icon_txt_T2,,420362,icon_lord_5,,114,lord_equip_desc010,lord_equip_name06,6,2,6
1360115,Atlas/UI_PersonalInfo,Atlas/UI_Item,[4103|2440|14103|5085|10104|4475],[[4103|2440]|[14103|5085]|[10104|4475]],[2|154|19000|2|155|230|2|156|40|2|157|5],[[2|154|19000]|[2|155|230]|[2|156|40]|[2|157|5]],icon_txt_T2,,426884,icon_lord_5,,115,lord_equip_desc010,lord_equip_name06,6,3,6
1360116,Atlas/UI_PersonalInfo,Atlas/UI_Item,[4103|2460|14103|5130|10104|4515],[[4103|2460]|[14103|5130]|[10104|4515]],[2|154|19000|2|155|230|2|156|40|2|157|5],[[2|154|19000]|[2|155|230]|[2|156|40]|[2|157|5]],icon_txt_T2,,433405,icon_lord_5,,116,lord_equip_desc010,lord_equip_name06,6,3,6
1360117,Atlas/UI_PersonalInfo,Atlas/UI_Item,[4103|2485|14103|5175|10104|4550],[[4103|2485]|[14103|5175]|[10104|4550]],[2|154|19000|2|155|230|2|156|40|2|157|5],[[2|154|19000]|[2|155|230]|[2|156|40]|[2|157|5]],icon_txt_T2,,439927,icon_lord_5,,117,lord_equip_desc010,lord_equip_name06,6,3,6
1360118,Atlas/UI_PersonalInfo,Atlas/UI_Item,[4103|2505|14103|5215|10104|4590],[[4103|2505]|[14103|5215]|[10104|4590]],[2|154|19000|2|155|230|2|156|40|2|157|5],[[2|154|19000]|[2|155|230]|[2|156|40]|[2|157|5]],icon_txt_T2,,446449,icon_lord_5,,118,lord_equip_desc010,lord_equip_name06,6,3,6
1360119,Atlas/UI_PersonalInfo,Atlas/UI_Item,[4103|2525|14103|5260|10104|4630],[[4103|2525]|[14103|5260]|[10104|4630]],[2|154|19000|2|155|230|2|156|40|2|157|5],[[2|154|19000]|[2|155|230]|[2|156|40]|[2|157|5]],icon_txt_T2,,452971,icon_lord_5,,119,lord_equip_desc010,lord_equip_name06,6,3,6
1360120,Atlas/UI_PersonalInfo,Atlas/UI_Item,[4103|2645|14103|5505|10104|4845],[[4103|2645]|[14103|5505]|[10104|4845]],[2|154|20000|2|155|245|2|156|40|2|157|5],[[2|154|20000]|[2|155|245]|[2|156|40]|[2|157|5]],icon_txt_T3,,460944,icon_lord_5,,120,lord_equip_desc011,lord_equip_name06,6,0,6
1360121,Atlas/UI_PersonalInfo,Atlas/UI_Item,[4103|2665|14103|5555|10104|4890],[[4103|2665]|[14103|5555]|[10104|4890]],[2|154|20000|2|155|240|2|156|40|2|157|6],[[2|154|20000]|[2|155|240]|[2|156|40]|[2|157|6]],icon_txt_T3,,468917,icon_lord_5,,121,lord_equip_desc011,lord_equip_name06,6,1,6
1360122,Atlas/UI_PersonalInfo,Atlas/UI_Item,[4103|2690|14103|5605|10104|4935],[[4103|2690]|[14103|5605]|[10104|4935]],[2|154|20000|2|155|240|2|156|40|2|157|6],[[2|154|20000]|[2|155|240]|[2|156|40]|[2|157|6]],icon_txt_T3,,476890,icon_lord_5,,122,lord_equip_desc011,lord_equip_name06,6,1,6
1360123,Atlas/UI_PersonalInfo,Atlas/UI_Item,[4103|2715|14103|5655|10104|4975],[[4103|2715]|[14103|5655]|[10104|4975]],[2|154|20000|2|155|240|2|156|40|2|157|6],[[2|154|20000]|[2|155|240]|[2|156|40]|[2|157|6]],icon_txt_T3,,484864,icon_lord_5,,123,lord_equip_desc011,lord_equip_name06,6,1,6
1360124,Atlas/UI_PersonalInfo,Atlas/UI_Item,[4103|2740|14103|5705|10104|5020],[[4103|2740]|[14103|5705]|[10104|5020]],[2|154|20000|2|155|240|2|156|40|2|157|6],[[2|154|20000]|[2|155|240]|[2|156|40]|[2|157|6]],icon_txt_T3,,492837,icon_lord_5,,124,lord_equip_desc011,lord_equip_name06,6,1,6
1360125,Atlas/UI_PersonalInfo,Atlas/UI_Item,[4103|2760|14103|5755|10104|5065],[[4103|2760]|[14103|5755]|[10104|5065]],[2|154|20000|2|155|240|2|156|40|2|157|6],[[2|154|20000]|[2|155|240]|[2|156|40]|[2|157|6]],icon_txt_T3,,500810,icon_lord_5,,125,lord_equip_desc011,lord_equip_name06,6,1,6
1360126,Atlas/UI_PersonalInfo,Atlas/UI_Item,[4103|2785|14103|5805|10104|5110],[[4103|2785]|[14103|5805]|[10104|5110]],[2|154|21000|2|155|250|2|156|40|2|157|6],[[2|154|21000]|[2|155|250]|[2|156|40]|[2|157|6]],icon_txt_T3,,508783,icon_lord_5,,126,lord_equip_desc011,lord_equip_name06,6,2,6
1360127,Atlas/UI_PersonalInfo,Atlas/UI_Item,[4103|2810|14103|5855|10104|5150],[[4103|2810]|[14103|5855]|[10104|5150]],[2|154|21000|2|155|250|2|156|40|2|157|6],[[2|154|21000]|[2|155|250]|[2|156|40]|[2|157|6]],icon_txt_T3,,516757,icon_lord_5,,127,lord_equip_desc011,lord_equip_name06,6,2,6
1360128,Atlas/UI_PersonalInfo,Atlas/UI_Item,[4103|2835|14103|5905|10104|5195],[[4103|2835]|[14103|5905]|[10104|5195]],[2|154|21000|2|155|250|2|156|40|2|157|6],[[2|154|21000]|[2|155|250]|[2|156|40]|[2|157|6]],icon_txt_T3,,524730,icon_lord_5,,128,lord_equip_desc011,lord_equip_name06,6,2,6
1360129,Atlas/UI_PersonalInfo,Atlas/UI_Item,[4103|2855|14103|5955|10104|5240],[[4103|2855]|[14103|5955]|[10104|5240]],[2|154|21000|2|155|250|2|156|40|2|157|6],[[2|154|21000]|[2|155|250]|[2|156|40]|[2|157|6]],icon_txt_T3,,532703,icon_lord_5,,129,lord_equip_desc011,lord_equip_name06,6,2,6
1360130,Atlas/UI_PersonalInfo,Atlas/UI_Item,[4103|2880|14103|6000|10104|5280],[[4103|2880]|[14103|6000]|[10104|5280]],[2|154|21000|2|155|250|2|156|40|2|157|6],[[2|154|21000]|[2|155|250]|[2|156|40]|[2|157|6]],icon_txt_T3,,540676,icon_lord_5,,130,lord_equip_desc011,lord_equip_name06,6,2,6
1360131,Atlas/UI_PersonalInfo,Atlas/UI_Item,[4103|2905|14103|6050|10104|5325],[[4103|2905]|[14103|6050]|[10104|5325]],[2|154|21000|2|155|270|2|156|45|2|157|7],[[2|154|21000]|[2|155|270]|[2|156|45]|[2|157|7]],icon_txt_T3,,548650,icon_lord_5,,131,lord_equip_desc011,lord_equip_name06,6,3,6
1360132,Atlas/UI_PersonalInfo,Atlas/UI_Item,[4103|2930|14103|6100|10104|5370],[[4103|2930]|[14103|6100]|[10104|5370]],[2|154|21000|2|155|270|2|156|45|2|157|7],[[2|154|21000]|[2|155|270]|[2|156|45]|[2|157|7]],icon_txt_T3,,556623,icon_lord_5,,132,lord_equip_desc011,lord_equip_name06,6,3,6
1360133,Atlas/UI_PersonalInfo,Atlas/UI_Item,[4103|2950|14103|6150|10104|5415],[[4103|2950]|[14103|6150]|[10104|5415]],[2|154|21000|2|155|270|2|156|45|2|157|7],[[2|154|21000]|[2|155|270]|[2|156|45]|[2|157|7]],icon_txt_T3,,564596,icon_lord_5,,133,lord_equip_desc011,lord_equip_name06,6,3,6
1360134,Atlas/UI_PersonalInfo,Atlas/UI_Item,[4103|2975|14103|6200|10104|5455],[[4103|2975]|[14103|6200]|[10104|5455]],[2|154|21000|2|155|270|2|156|45|2|157|7],[[2|154|21000]|[2|155|270]|[2|156|45]|[2|157|7]],icon_txt_T3,,572569,icon_lord_5,,134,lord_equip_desc011,lord_equip_name06,6,3,6
1360135,Atlas/UI_PersonalInfo,Atlas/UI_Item,[4103|3000|14103|6250|10104|5500],[[4103|3000]|[14103|6250]|[10104|5500]],[2|154|21000|2|155|270|2|156|45|2|157|7],[[2|154|21000]|[2|155|270]|[2|156|45]|[2|157|7]],icon_txt_T3,,580543,icon_lord_5,,135,lord_equip_desc011,lord_equip_name06,6,3,6
1360136,Atlas/UI_PersonalInfo,Atlas/UI_Item,[4103|3025|14103|6305|10104|5550],[[4103|3025]|[14103|6305]|[10104|5550]],[2|154|24000|2|155|290|2|156|50|2|157|8],[[2|154|24000]|[2|155|290]|[2|156|50]|[2|157|8]],icon_txt_T4,,591566,icon_lord_5,,136,lord_equip_desc011,lord_equip_name03,6,0,6
1360137,Atlas/UI_PersonalInfo,Atlas/UI_Item,[4103|3050|14103|6360|10104|5595],[[4103|3050]|[14103|6360]|[10104|5595]],[2|154|24000|2|155|290|2|156|50|2|157|8],[[2|154|24000]|[2|155|290]|[2|156|50]|[2|157|8]],icon_txt_T4,,602692,icon_lord_5,,137,lord_equip_desc011,lord_equip_name03,6,1,6
1360138,Atlas/UI_PersonalInfo,Atlas/UI_Item,[4103|3080|14103|6415|10104|5645],[[4103|3080]|[14103|6415]|[10104|5645]],[2|154|24000|2|155|290|2|156|50|2|157|8],[[2|154|24000]|[2|155|290]|[2|156|50]|[2|157|8]],icon_txt_T4,,613921,icon_lord_5,,138,lord_equip_desc011,lord_equip_name03,6,1,6
1360139,Atlas/UI_PersonalInfo,Atlas/UI_Item,[4103|3105|14103|6470|10104|5690],[[4103|3105]|[14103|6470]|[10104|5690]],[2|154|24000|2|155|290|2|156|50|2|157|8],[[2|154|24000]|[2|155|290]|[2|156|50]|[2|157|8]],icon_txt_T4,,625253,icon_lord_5,,139,lord_equip_desc011,lord_equip_name03,6,1,6
1360140,Atlas/UI_PersonalInfo,Atlas/UI_Item,[4103|3130|14103|6520|10104|5740],[[4103|3130]|[14103|6520]|[10104|5740]],[2|154|24000|2|155|290|2|156|50|2|157|8],[[2|154|24000]|[2|155|290]|[2|156|50]|[2|157|8]],icon_txt_T4,,636687,icon_lord_5,,140,lord_equip_desc011,lord_equip_name03,6,1,6
1360141,Atlas/UI_PersonalInfo,Atlas/UI_Item,[4103|3155|14103|6575|10104|5785],[[4103|3155]|[14103|6575]|[10104|5785]],[2|154|24000|2|155|290|2|156|50|2|157|8],[[2|154|24000]|[2|155|290]|[2|156|50]|[2|157|8]],icon_txt_T4,,648225,icon_lord_5,,141,lord_equip_desc011,lord_equip_name03,6,1,6
1360142,Atlas/UI_PersonalInfo,Atlas/UI_Item,[4103|3185|14103|6630|10104|5835],[[4103|3185]|[14103|6630]|[10104|5835]],[2|154|24000|2|155|290|2|156|50|2|157|10],[[2|154|24000]|[2|155|290]|[2|156|50]|[2|157|10]],icon_txt_T4,,659866,icon_lord_5,,142,lord_equip_desc011,lord_equip_name03,6,1,6
1360143,Atlas/UI_PersonalInfo,Atlas/UI_Item,[4103|3210|14103|6685|10104|5885],[[4103|3210]|[14103|6685]|[10104|5885]],[2|154|24000|2|155|290|2|156|50|2|157|10],[[2|154|24000]|[2|155|290]|[2|156|50]|[2|157|10]],icon_txt_T4,,671610,icon_lord_5,,143,lord_equip_desc011,lord_equip_name03,6,1,6
1360144,Atlas/UI_PersonalInfo,Atlas/UI_Item,[4103|3235|14103|6740|10104|5930],[[4103|3235]|[14103|6740]|[10104|5930]],[2|154|24000|2|155|290|2|156|50|2|157|10],[[2|154|24000]|[2|155|290]|[2|156|50]|[2|157|10]],icon_txt_T4,,683457,icon_lord_5,,144,lord_equip_desc011,lord_equip_name03,6,1,6
1360145,Atlas/UI_PersonalInfo,Atlas/UI_Item,[4103|3260|14103|6795|10104|5980],[[4103|3260]|[14103|6795]|[10104|5980]],[2|154|24000|2|155|290|2|156|50|2|157|10],[[2|154|24000]|[2|155|290]|[2|156|50]|[2|157|10]],icon_txt_T4,,695407,icon_lord_5,,145,lord_equip_desc011,lord_equip_name03,6,1,6
1360146,Atlas/UI_PersonalInfo,Atlas/UI_Item,[4103|3285|14103|6850|10104|6025],[[4103|3285]|[14103|6850]|[10104|6025]],[2|154|24000|2|155|290|2|156|50|2|157|10],[[2|154|24000]|[2|155|290]|[2|156|50]|[2|157|10]],icon_txt_T4,,707461,icon_lord_5,,146,lord_equip_desc011,lord_equip_name03,6,1,6
1360147,Atlas/UI_PersonalInfo,Atlas/UI_Item,[4103|3315|14103|6910|10104|6080],[[4103|3315]|[14103|6910]|[10104|6080]],[2|154|30000|2|155|320|2|156|60|2|157|12],[[2|154|30000]|[2|155|320]|[2|156|60]|[2|157|12]],icon_txt_T4,,720149,icon_lord_5,,147,lord_equip_desc011,lord_equip_name03,6,2,6
1360148,Atlas/UI_PersonalInfo,Atlas/UI_Item,[4103|3345|14103|6970|10104|6130],[[4103|3345]|[14103|6970]|[10104|6130]],[2|154|30000|2|155|320|2|156|60|2|157|12],[[2|154|30000]|[2|155|320]|[2|156|60]|[2|157|12]],icon_txt_T4,,732950,icon_lord_5,,148,lord_equip_desc011,lord_equip_name03,6,2,6
1360149,Atlas/UI_PersonalInfo,Atlas/UI_Item,[4103|3375|14103|7030|10104|6185],[[4103|3375]|[14103|7030]|[10104|6185]],[2|154|30000|2|155|320|2|156|60|2|157|12],[[2|154|30000]|[2|155|320]|[2|156|60]|[2|157|12]],icon_txt_T4,,745863,icon_lord_5,,149,lord_equip_desc011,lord_equip_name03,6,2,6
1360150,Atlas/UI_PersonalInfo,Atlas/UI_Item,[4103|3400|14103|7085|10104|6235],[[4103|3400]|[14103|7085]|[10104|6235]],[2|154|30000|2|155|320|2|156|60|2|157|12],[[2|154|30000]|[2|155|320]|[2|156|60]|[2|157|12]],icon_txt_T4,,758890,icon_lord_5,,150,lord_equip_desc011,lord_equip_name03,6,2,6
1360151,Atlas/UI_PersonalInfo,Atlas/UI_Item,[4103|3430|14103|7145|10104|6290],[[4103|3430]|[14103|7145]|[10104|6290]],[2|154|30000|2|155|320|2|156|60|2|157|12],[[2|154|30000]|[2|155|320]|[2|156|60]|[2|157|12]],icon_txt_T4,,772029,icon_lord_5,,151,lord_equip_desc011,lord_equip_name03,6,2,6
1360152,Atlas/UI_PersonalInfo,Atlas/UI_Item,[4103|3460|14103|7205|10104|6340],[[4103|3460]|[14103|7205]|[10104|6340]],[2|154|30000|2|155|320|2|156|60|2|157|14],[[2|154|30000]|[2|155|320]|[2|156|60]|[2|157|14]],icon_txt_T4,,785280,icon_lord_5,,152,lord_equip_desc011,lord_equip_name03,6,2,6
1360153,Atlas/UI_PersonalInfo,Atlas/UI_Item,[4103|3490|14103|7265|10104|6395],[[4103|3490]|[14103|7265]|[10104|6395]],[2|154|30000|2|155|320|2|156|60|2|157|14],[[2|154|30000]|[2|155|320]|[2|156|60]|[2|157|14]],icon_txt_T4,,798645,icon_lord_5,,153,lord_equip_desc011,lord_equip_name03,6,2,6
1360154,Atlas/UI_PersonalInfo,Atlas/UI_Item,[4103|3515|14103|7325|10104|6445],[[4103|3515]|[14103|7325]|[10104|6445]],[2|154|30000|2|155|320|2|156|60|2|157|14],[[2|154|30000]|[2|155|320]|[2|156|60]|[2|157|14]],icon_txt_T4,,812122,icon_lord_5,,154,lord_equip_desc011,lord_equip_name03,6,2,6
1360155,Atlas/UI_PersonalInfo,Atlas/UI_Item,[4103|3545|14103|7385|10104|6500],[[4103|3545]|[14103|7385]|[10104|6500]],[2|154|30000|2|155|320|2|156|60|2|157|14],[[2|154|30000]|[2|155|320]|[2|156|60]|[2|157|14]],icon_txt_T4,,825712,icon_lord_5,,155,lord_equip_desc011,lord_equip_name03,6,2,6
1360156,Atlas/UI_PersonalInfo,Atlas/UI_Item,[4103|3575|14103|7445|10104|6550],[[4103|3575]|[14103|7445]|[10104|6550]],[2|154|30000|2|155|320|2|156|60|2|157|14],[[2|154|30000]|[2|155|320]|[2|156|60]|[2|157|14]],icon_txt_T4,,839414,icon_lord_5,,156,lord_equip_desc011,lord_equip_name03,6,2,6
1360157,Atlas/UI_PersonalInfo,Atlas/UI_Item,[4103|3605|14103|7510|10104|6610],[[4103|3605]|[14103|7510]|[10104|6610]],[2|154|36000|2|155|360|2|156|70|2|157|14],[[2|154|36000]|[2|155|360]|[2|156|70]|[2|157|14]],icon_txt_T4,,854197,icon_lord_5,,157,lord_equip_desc011,lord_equip_name03,6,3,6
1360158,Atlas/UI_PersonalInfo,Atlas/UI_Item,[4103|3640|14103|7580|10104|6670],[[4103|3640]|[14103|7580]|[10104|6670]],[2|154|36000|2|155|360|2|156|70|2|157|16],[[2|154|36000]|[2|155|360]|[2|156|70]|[2|157|16]],icon_txt_T4,,869108,icon_lord_5,,158,lord_equip_desc011,lord_equip_name03,6,3,6
1360159,Atlas/UI_PersonalInfo,Atlas/UI_Item,[4103|3670|14103|7650|10104|6730],[[4103|3670]|[14103|7650]|[10104|6730]],[2|154|36000|2|155|360|2|156|70|2|157|16],[[2|154|36000]|[2|155|360]|[2|156|70]|[2|157|16]],icon_txt_T4,,884148,icon_lord_5,,159,lord_equip_desc011,lord_equip_name03,6,3,6
1360160,Atlas/UI_PersonalInfo,Atlas/UI_Item,[4103|3705|14103|7715|10104|6790],[[4103|3705]|[14103|7715]|[10104|6790]],[2|154|36000|2|155|360|2|156|70|2|157|16],[[2|154|36000]|[2|155|360]|[2|156|70]|[2|157|16]],icon_txt_T4,,899317,icon_lord_5,,160,lord_equip_desc011,lord_equip_name03,6,3,6
1360161,Atlas/UI_PersonalInfo,Atlas/UI_Item,[4103|3735|14103|7785|10104|6850],[[4103|3735]|[14103|7785]|[10104|6850]],[2|154|36000|2|155|360|2|156|70|2|157|16],[[2|154|36000]|[2|155|360]|[2|156|70]|[2|157|16]],icon_txt_T4,,914615,icon_lord_5,,161,lord_equip_desc011,lord_equip_name03,6,3,6
1360162,Atlas/UI_PersonalInfo,Atlas/UI_Item,[4103|3770|14103|7855|10104|6910],[[4103|3770]|[14103|7855]|[10104|6910]],[2|154|36000|2|155|360|2|156|70|2|157|18],[[2|154|36000]|[2|155|360]|[2|156|70]|[2|157|18]],icon_txt_T4,,930041,icon_lord_5,,162,lord_equip_desc011,lord_equip_name03,6,3,6
1360163,Atlas/UI_PersonalInfo,Atlas/UI_Item,[4103|3800|14103|7920|10104|6970],[[4103|3800]|[14103|7920]|[10104|6970]],[2|154|36000|2|155|360|2|156|70|2|157|18],[[2|154|36000]|[2|155|360]|[2|156|70]|[2|157|18]],icon_txt_T4,,945596,icon_lord_5,,163,lord_equip_desc011,lord_equip_name03,6,3,6
1360164,Atlas/UI_PersonalInfo,Atlas/UI_Item,[4103|3835|14103|7990|10104|7030],[[4103|3835]|[14103|7990]|[10104|7030]],[2|154|36000|2|155|360|2|156|70|2|157|18],[[2|154|36000]|[2|155|360]|[2|156|70]|[2|157|18]],icon_txt_T4,,961281,icon_lord_5,,164,lord_equip_desc011,lord_equip_name03,6,3,6
1360165,Atlas/UI_PersonalInfo,Atlas/UI_Item,[4103|3865|14103|8055|10104|7090],[[4103|3865]|[14103|8055]|[10104|7090]],[2|154|36000|2|155|360|2|156|70|2|157|18],[[2|154|36000]|[2|155|360]|[2|156|70]|[2|157|18]],icon_txt_T4,,977093,icon_lord_5,,165,lord_equip_desc011,lord_equip_name03,6,3,6
1360166,Atlas/UI_PersonalInfo,Atlas/UI_Item,[4103|3900|14103|8125|10104|7150],[[4103|3900]|[14103|8125]|[10104|7150]],[2|154|36000|2|155|360|2|156|70|2|157|18],[[2|154|36000]|[2|155|360]|[2|156|70]|[2|157|18]],icon_txt_T4,,993035,icon_lord_5,,166,lord_equip_desc011,lord_equip_name03,6,3,6
1370001,Atlas/UI_PersonalInfo,Atlas/UI_Item,[64|130|6501|20|6502|10|103|150|104|250],[[64|130]|[6501|20]|[6502|10]|[103|150]|[104|250]],[2|155|200|2|156|50],[[2|155|200]|[2|156|50]],,,18816,icon_lord_7,,1,lord_equip_desc008,lord_equip_name07,6,0,7
1370002,Atlas/UI_PersonalInfo,Atlas/UI_Item,[64|250|6501|30|6502|15|103|250|104|500],[[64|250]|[6501|30]|[6502|15]|[103|250]|[104|500]],[2|155|200|2|156|50],[[2|155|200]|[2|156|50]],,,29633,icon_lord_7,,2,lord_equip_desc008,lord_equip_name07,6,1,7
1370003,Atlas/UI_PersonalInfo,Atlas/UI_Item,[64|380|6501|50|6502|25|103|400|104|750],[[64|380]|[6501|50]|[6502|25]|[103|400]|[104|750]],[2|155|200|2|156|50],[[2|155|200]|[2|156|50]],,,40449,icon_lord_7,,3,lord_equip_desc008,lord_equip_name07,6,1,7
1370004,Atlas/UI_PersonalInfo,Atlas/UI_Item,[64|500|6501|60|6502|30|103|500|104|1000],[[64|500]|[6501|60]|[6502|30]|[103|500]|[104|1000]],[2|155|200|2|156|50],[[2|155|200]|[2|156|50]],,,51266,icon_lord_7,,4,lord_equip_desc008,lord_equip_name07,6,1,7
1370005,Atlas/UI_PersonalInfo,Atlas/UI_Item,[64|630|6501|80|6502|40|103|650|104|1250],[[64|630]|[6501|80]|[6502|40]|[103|650]|[104|1250]],[2|155|300|2|156|100],[[2|155|300]|[2|156|100]],,,62082,icon_lord_7,,5,lord_equip_desc008,lord_equip_name07,6,1,7
1370006,Atlas/UI_PersonalInfo,Atlas/UI_Item,[64|750|6501|90|6502|45|103|750|104|1500],[[64|750]|[6501|90]|[6502|45]|[103|750]|[104|1500]],[2|155|300|2|156|100],[[2|155|300]|[2|156|100]],,,72899,icon_lord_7,,6,lord_equip_desc008,lord_equip_name07,6,1,7
1370007,Atlas/UI_PersonalInfo,Atlas/UI_Item,[64|890|6501|110|6502|55|103|900|104|1800],[[64|890]|[6501|110]|[6502|55]|[103|900]|[104|1800]],[2|155|450|2|156|150],[[2|155|450]|[2|156|150]],,,84436,icon_lord_7,,7,lord_equip_desc008,lord_equip_name07,6,2,7
1370008,Atlas/UI_PersonalInfo,Atlas/UI_Item,[64|1020|6501|130|6502|65|103|1000|104|2050],[[64|1020]|[6501|130]|[6502|65]|[103|1000]|[104|2050]],[2|155|450|2|156|150],[[2|155|450]|[2|156|150]],,,95974,icon_lord_7,,8,lord_equip_desc008,lord_equip_name07,6,2,7
1370009,Atlas/UI_PersonalInfo,Atlas/UI_Item,[64|1160|6501|140|6502|70|103|1150|104|2300],[[64|1160]|[6501|140]|[6502|70]|[103|1150]|[104|2300]],[2|155|450|2|156|150],[[2|155|450]|[2|156|150]],,,107511,icon_lord_7,,9,lord_equip_desc008,lord_equip_name07,6,2,7
1370010,Atlas/UI_PersonalInfo,Atlas/UI_Item,[64|1290|6501|160|6502|80|103|1300|104|2600],[[64|1290]|[6501|160]|[6502|80]|[103|1300]|[104|2600]],[2|155|450|2|156|150],[[2|155|450]|[2|156|150]],,,119049,icon_lord_7,,10,lord_equip_desc008,lord_equip_name07,6,2,7
1370011,Atlas/UI_PersonalInfo,Atlas/UI_Item,[64|1420|6501|180|6502|90|103|1400|104|2850],[[64|1420]|[6501|180]|[6502|90]|[103|1400]|[104|2850]],[2|155|450|2|156|150],[[2|155|450]|[2|156|150]],,,130587,icon_lord_7,,11,lord_equip_desc008,lord_equip_name07,6,2,7
1370012,Atlas/UI_PersonalInfo,Atlas/UI_Item,[64|1570|6501|200|6502|100|103|1550|104|3150],[[64|1570]|[6501|200]|[6502|100]|[103|1550]|[104|3150]],[2|155|600|2|156|200],[[2|155|600]|[2|156|200]],,,142845,icon_lord_7,,12,lord_equip_desc008,lord_equip_name07,6,3,7
1370013,Atlas/UI_PersonalInfo,Atlas/UI_Item,[64|1710|6501|210|6502|105|103|1700|104|3400],[[64|1710]|[6501|210]|[6502|105]|[103|1700]|[104|3400]],[2|155|600|2|156|200],[[2|155|600]|[2|156|200]],,,155104,icon_lord_7,,13,lord_equip_desc008,lord_equip_name07,6,3,7
1370014,Atlas/UI_PersonalInfo,Atlas/UI_Item,[64|1850|6501|230|6502|115|103|1850|104|3700],[[64|1850]|[6501|230]|[6502|115]|[103|1850]|[104|3700]],[2|155|600|2|156|200],[[2|155|600]|[2|156|200]],,,167363,icon_lord_7,,14,lord_equip_desc008,lord_equip_name07,6,3,7
1370015,Atlas/UI_PersonalInfo,Atlas/UI_Item,[64|1990|6501|250|6502|125|103|2000|104|4000],[[64|1990]|[6501|250]|[6502|125]|[103|2000]|[104|4000]],[2|155|600|2|156|200],[[2|155|600]|[2|156|200]],,,179622,icon_lord_7,,15,lord_equip_desc008,lord_equip_name07,6,3,7
1370016,Atlas/UI_PersonalInfo,Atlas/UI_Item,[64|2140|6501|270|6502|135|103|2150|104|4250],[[64|2140]|[6501|270]|[6502|135]|[103|2150]|[104|4250]],[2|155|600|2|156|200],[[2|155|600]|[2|156|200]],,,191880,icon_lord_7,,16,lord_equip_desc008,lord_equip_name07,6,3,7
1370017,Atlas/UI_PersonalInfo,Atlas/UI_Item,[64|2290|6501|290|6502|145|103|2300|104|4550],[[64|2290]|[6501|290]|[6502|145]|[103|2300]|[104|4550]],[2|156|300|2|157|10],[[2|156|300]|[2|157|10]],icon_txt_T1,,204860,icon_lord_7,,17,lord_equip_desc009,lord_equip_name07,6,0,7
1370018,Atlas/UI_PersonalInfo,Atlas/UI_Item,[64|2450|6501|310|6502|155|103|2450|104|4900],[[64|2450]|[6501|310]|[6502|155]|[103|2450]|[104|4900]],[2|156|400|2|157|30],[[2|156|400]|[2|157|30]],icon_txt_T1,,218561,icon_lord_7,,18,lord_equip_desc009,lord_equip_name07,6,1,7
1370019,Atlas/UI_PersonalInfo,Atlas/UI_Item,[64|2610|6501|330|6502|165|103|2600|104|5200],[[64|2610]|[6501|330]|[6502|165]|[103|2600]|[104|5200]],[2|156|400|2|157|30],[[2|156|400]|[2|157|30]],icon_txt_T1,,232262,icon_lord_7,,19,lord_equip_desc009,lord_equip_name07,6,1,7
1370020,Atlas/UI_PersonalInfo,Atlas/UI_Item,[64|2760|6501|350|6502|175|103|2750|104|5550],[[64|2760]|[6501|350]|[6502|175]|[103|2750]|[104|5550]],[2|156|400|2|157|30],[[2|156|400]|[2|157|30]],icon_txt_T1,,245963,icon_lord_7,,20,lord_equip_desc009,lord_equip_name07,6,1,7
1370021,Atlas/UI_PersonalInfo,Atlas/UI_Item,[64|2920|6501|370|6502|185|103|2900|104|5850],[[64|2920]|[6501|370]|[6502|185]|[103|2900]|[104|5850]],[2|156|400|2|157|50],[[2|156|400]|[2|157|50]],icon_txt_T1,,259664,icon_lord_7,,21,lord_equip_desc009,lord_equip_name07,6,1,7
1370022,Atlas/UI_PersonalInfo,Atlas/UI_Item,[64|3080|6501|390|6502|195|103|3100|104|6150],[[64|3080]|[6501|390]|[6502|195]|[103|3100]|[104|6150]],[2|156|400|2|157|50],[[2|156|400]|[2|157|50]],icon_txt_T1,,273365,icon_lord_7,,22,lord_equip_desc009,lord_equip_name07,6,1,7
1370023,Atlas/UI_PersonalInfo,Atlas/UI_Item,[64|3250|6501|410|6502|205|103|3250|104|6500],[[64|3250]|[6501|410]|[6502|205]|[103|3250]|[104|6500]],[2|156|500|2|157|70],[[2|156|500]|[2|157|70]],icon_txt_T1,,287787,icon_lord_7,,23,lord_equip_desc009,lord_equip_name07,6,2,7
1370024,Atlas/UI_PersonalInfo,Atlas/UI_Item,[64|3420|6501|430|6502|215|103|3400|104|6850],[[64|3420]|[6501|430]|[6502|215]|[103|3400]|[104|6850]],[2|156|500|2|157|70],[[2|156|500]|[2|157|70]],icon_txt_T1,,302209,icon_lord_7,,24,lord_equip_desc009,lord_equip_name07,6,2,7
1370025,Atlas/UI_PersonalInfo,Atlas/UI_Item,[64|3590|6501|450|6502|225|103|3600|104|7150],[[64|3590]|[6501|450]|[6502|225]|[103|3600]|[104|7150]],[2|156|500|2|157|70],[[2|156|500]|[2|157|70]],icon_txt_T1,,316631,icon_lord_7,,25,lord_equip_desc009,lord_equip_name07,6,2,7
1370026,Atlas/UI_PersonalInfo,Atlas/UI_Item,[64|3750|6501|470|6502|235|103|3750|104|7500],[[64|3750]|[6501|470]|[6502|235]|[103|3750]|[104|7500]],[2|156|500|2|157|90],[[2|156|500]|[2|157|90]],icon_txt_T1,,331053,icon_lord_7,,26,lord_equip_desc009,lord_equip_name07,6,2,7
1370027,Atlas/UI_PersonalInfo,Atlas/UI_Item,[64|3920|6501|490|6502|245|103|3900|104|7850],[[64|3920]|[6501|490]|[6502|245]|[103|3900]|[104|7850]],[2|156|500|2|157|90],[[2|156|500]|[2|157|90]],icon_txt_T1,,345475,icon_lord_7,,27,lord_equip_desc009,lord_equip_name07,6,2,7
1370028,Atlas/UI_PersonalInfo,Atlas/UI_Item,[64|4100|6501|510|6502|255|103|4100|104|8200],[[64|4100]|[6501|510]|[6502|255]|[103|4100]|[104|8200]],[2|156|600|2|157|110],[[2|156|600]|[2|157|110]],icon_txt_T1,,360618,icon_lord_7,,28,lord_equip_desc009,lord_equip_name07,6,3,7
1370029,Atlas/UI_PersonalInfo,Atlas/UI_Item,[64|4270|6501|530|6502|265|103|4250|104|8550],[[64|4270]|[6501|530]|[6502|265]|[103|4250]|[104|8550]],[2|156|600|2|157|110],[[2|156|600]|[2|157|110]],icon_txt_T1,,375761,icon_lord_7,,29,lord_equip_desc009,lord_equip_name07,6,3,7
1370030,Atlas/UI_PersonalInfo,Atlas/UI_Item,[64|4450|6501|560|6502|280|103|4450|104|8900],[[64|4450]|[6501|560]|[6502|280]|[103|4450]|[104|8900]],[2|156|600|2|157|110],[[2|156|600]|[2|157|110]],icon_txt_T1,,390904,icon_lord_7,,30,lord_equip_desc009,lord_equip_name07,6,3,7
1370031,Atlas/UI_PersonalInfo,Atlas/UI_Item,[64|4620|6501|580|6502|290|103|4600|104|9250],[[64|4620]|[6501|580]|[6502|290]|[103|4600]|[104|9250]],[2|156|600|2|157|130],[[2|156|600]|[2|157|130]],icon_txt_T1,,406047,icon_lord_7,,31,lord_equip_desc009,lord_equip_name07,6,3,7
1370032,Atlas/UI_PersonalInfo,Atlas/UI_Item,[64|4800|6501|600|6502|300|103|4800|104|9600],[[64|4800]|[6501|600]|[6502|300]|[103|4800]|[104|9600]],[2|156|600|2|157|130],[[2|156|600]|[2|157|130]],icon_txt_T1,,421190,icon_lord_7,,32,lord_equip_desc009,lord_equip_name07,6,3,7
1370033,Atlas/UI_PersonalInfo,Atlas/UI_Item,[64|4980|6501|620|6502|310|103|5000|104|9950],[[64|4980]|[6501|620]|[6502|310]|[103|5000]|[104|9950]],[2|156|700|2|157|150],[[2|156|700]|[2|157|150]],icon_txt_T2,,437055,icon_lord_7,,33,lord_equip_desc010,lord_equip_name07,6,0,7
1370034,Atlas/UI_PersonalInfo,Atlas/UI_Item,[64|5180|6501|650|6502|325|103|5200|104|10350],[[64|5180]|[6501|650]|[6502|325]|[103|5200]|[104|10350]],[2|156|800|2|157|180],[[2|156|800]|[2|157|180]],icon_txt_T2,,453640,icon_lord_7,,34,lord_equip_desc010,lord_equip_name07,6,1,7
1370035,Atlas/UI_PersonalInfo,Atlas/UI_Item,[64|5370|6501|670|6502|335|103|5350|104|10750],[[64|5370]|[6501|670]|[6502|335]|[103|5350]|[104|10750]],[2|156|800|2|157|180],[[2|156|800]|[2|157|180]],icon_txt_T2,,470225,icon_lord_7,,35,lord_equip_desc010,lord_equip_name07,6,1,7
1370036,Atlas/UI_PersonalInfo,Atlas/UI_Item,[64|5560|6501|700|6502|350|103|5550|104|11100],[[64|5560]|[6501|700]|[6502|350]|[103|5550]|[104|11100]],[2|156|800|2|157|180],[[2|156|800]|[2|157|180]],icon_txt_T2,,486811,icon_lord_7,,36,lord_equip_desc010,lord_equip_name07,6,1,7
1370037,Atlas/UI_PersonalInfo,Atlas/UI_Item,[64|5750|6501|720|6502|360|103|5750|104|11500],[[64|5750]|[6501|720]|[6502|360]|[103|5750]|[104|11500]],[2|156|800|2|157|180],[[2|156|800]|[2|157|180]],icon_txt_T2,,503396,icon_lord_7,,37,lord_equip_desc010,lord_equip_name07,6,1,7
1370038,Atlas/UI_PersonalInfo,Atlas/UI_Item,[64|5950|6501|740|6502|370|103|5950|104|11900],[[64|5950]|[6501|740]|[6502|370]|[103|5950]|[104|11900]],[2|156|800|2|157|180],[[2|156|800]|[2|157|180]],icon_txt_T2,,519981,icon_lord_7,,38,lord_equip_desc010,lord_equip_name07,6,1,7
1370039,Atlas/UI_PersonalInfo,Atlas/UI_Item,[64|6150|6501|770|6502|385|103|6150|104|12300],[[64|6150]|[6501|770]|[6502|385]|[103|6150]|[104|12300]],[2|156|1000|2|157|220],[[2|156|1000]|[2|157|220]],icon_txt_T2,,537288,icon_lord_7,,39,lord_equip_desc010,lord_equip_name07,6,2,7
1370040,Atlas/UI_PersonalInfo,Atlas/UI_Item,[64|6350|6501|790|6502|395|103|6350|104|12700],[[64|6350]|[6501|790]|[6502|395]|[103|6350]|[104|12700]],[2|156|1000|2|157|220],[[2|156|1000]|[2|157|220]],icon_txt_T2,,554594,icon_lord_7,,40,lord_equip_desc010,lord_equip_name07,6,2,7
1370041,Atlas/UI_PersonalInfo,Atlas/UI_Item,[64|6550|6501|820|6502|410|103|6550|104|13100],[[64|6550]|[6501|820]|[6502|410]|[103|6550]|[104|13100]],[2|156|1000|2|157|220],[[2|156|1000]|[2|157|220]],icon_txt_T2,,571901,icon_lord_7,,41,lord_equip_desc010,lord_equip_name07,6,2,7
1370042,Atlas/UI_PersonalInfo,Atlas/UI_Item,[64|6750|6501|840|6502|420|103|6750|104|13500],[[64|6750]|[6501|840]|[6502|420]|[103|6750]|[104|13500]],[2|156|1000|2|157|220],[[2|156|1000]|[2|157|220]],icon_txt_T2,,589207,icon_lord_7,,42,lord_equip_desc010,lord_equip_name07,6,2,7
1370043,Atlas/UI_PersonalInfo,Atlas/UI_Item,[64|6950|6501|870|6502|435|103|6950|104|13900],[[64|6950]|[6501|870]|[6502|435]|[103|6950]|[104|13900]],[2|156|1000|2|157|220],[[2|156|1000]|[2|157|220]],icon_txt_T2,,606513,icon_lord_7,,43,lord_equip_desc010,lord_equip_name07,6,2,7
1370044,Atlas/UI_PersonalInfo,Atlas/UI_Item,[64|7160|6501|900|6502|450|103|7150|104|14300],[[64|7160]|[6501|900]|[6502|450]|[103|7150]|[104|14300]],[2|156|1200|2|157|240],[[2|156|1200]|[2|157|240]],icon_txt_T2,,624541,icon_lord_7,,44,lord_equip_desc010,lord_equip_name07,6,3,7
1370045,Atlas/UI_PersonalInfo,Atlas/UI_Item,[64|7370|6501|920|6502|460|103|7350|104|14750],[[64|7370]|[6501|920]|[6502|460]|[103|7350]|[104|14750]],[2|156|1200|2|157|240],[[2|156|1200]|[2|157|240]],icon_txt_T2,,642569,icon_lord_7,,45,lord_equip_desc010,lord_equip_name07,6,3,7
1370046,Atlas/UI_PersonalInfo,Atlas/UI_Item,[64|7580|6501|950|6502|475|103|7600|104|15150],[[64|7580]|[6501|950]|[6502|475]|[103|7600]|[104|15150]],[2|156|1200|2|157|240],[[2|156|1200]|[2|157|240]],icon_txt_T2,,660596,icon_lord_7,,46,lord_equip_desc010,lord_equip_name07,6,3,7
1370047,Atlas/UI_PersonalInfo,Atlas/UI_Item,[64|7790|6501|970|6502|485|103|7800|104|15600],[[64|7790]|[6501|970]|[6502|485]|[103|7800]|[104|15600]],[2|156|1200|2|157|240],[[2|156|1200]|[2|157|240]],icon_txt_T2,,678624,icon_lord_7,,47,lord_equip_desc010,lord_equip_name07,6,3,7
1370048,Atlas/UI_PersonalInfo,Atlas/UI_Item,[64|8000|6501|1000|6502|500|103|8000|104|16000],[[64|8000]|[6501|1000]|[6502|500]|[103|8000]|[104|16000]],[2|156|1200|2|157|240],[[2|156|1200]|[2|157|240]],icon_txt_T2,,696651,icon_lord_7,,48,lord_equip_desc010,lord_equip_name07,6,3,7
1370049,Atlas/UI_PersonalInfo,Atlas/UI_Item,[64|8100|6501|1010|6502|510|103|8360|104|16900],[[64|8100]|[6501|1010]|[6502|510]|[103|8360]|[104|16900]],[2|156|1200|2|157|240],[[2|156|1200]|[2|157|240]],icon_txt_T3,,715779,icon_lord_7,,49,lord_equip_desc011,lord_equip_name07,6,0,7
1370050,Atlas/UI_PersonalInfo,Atlas/UI_Item,[64|8190|6501|1020|6502|510|103|8720|104|17800],[[64|8190]|[6501|1020]|[6502|510]|[103|8720]|[104|17800]],[2|156|1200|2|157|240],[[2|156|1200]|[2|157|240]],icon_txt_T3,,734907,icon_lord_7,,50,lord_equip_desc011,lord_equip_name07,6,1,7
1370051,Atlas/UI_PersonalInfo,Atlas/UI_Item,[64|8290|6501|1040|6502|520|103|9080|104|18700],[[64|8290]|[6501|1040]|[6502|520]|[103|9080]|[104|18700]],[2|156|1200|2|157|240],[[2|156|1200]|[2|157|240]],icon_txt_T3,,754036,icon_lord_7,,51,lord_equip_desc011,lord_equip_name07,6,1,7
1370052,Atlas/UI_PersonalInfo,Atlas/UI_Item,[64|8380|6501|1050|6502|520|103|9440|104|19590],[[64|8380]|[6501|1050]|[6502|520]|[103|9440]|[104|19590]],[2|156|1200|2|157|240],[[2|156|1200]|[2|157|240]],icon_txt_T3,,773164,icon_lord_7,,52,lord_equip_desc011,lord_equip_name07,6,1,7
1370053,Atlas/UI_PersonalInfo,Atlas/UI_Item,[64|8480|6501|1060|6502|530|103|9800|104|20490],[[64|8480]|[6501|1060]|[6502|530]|[103|9800]|[104|20490]],[2|156|1200|2|157|240],[[2|156|1200]|[2|157|240]],icon_txt_T3,,792293,icon_lord_7,,53,lord_equip_desc011,lord_equip_name07,6,1,7
1370054,Atlas/UI_PersonalInfo,Atlas/UI_Item,[64|8580|6501|1070|6502|540|103|10170|104|21430],[[64|8580]|[6501|1070]|[6502|540]|[103|10170]|[104|21430]],[2|156|1200|2|157|240],[[2|156|1200]|[2|157|240]],icon_txt_T3,,812157,icon_lord_7,,54,lord_equip_desc011,lord_equip_name07,6,1,7
1370055,Atlas/UI_PersonalInfo,Atlas/UI_Item,[64|8680|6501|1080|6502|540|103|10540|104|22360],[[64|8680]|[6501|1080]|[6502|540]|[103|10540]|[104|22360]],[2|156|1200|2|157|240],[[2|156|1200]|[2|157|240]],icon_txt_T3,,832021,icon_lord_7,,55,lord_equip_desc011,lord_equip_name07,6,2,7
1370056,Atlas/UI_PersonalInfo,Atlas/UI_Item,[64|8780|6501|1100|6502|550|103|10920|104|23290],[[64|8780]|[6501|1100]|[6502|550]|[103|10920]|[104|23290]],[2|156|1200|2|157|240],[[2|156|1200]|[2|157|240]],icon_txt_T3,,851886,icon_lord_7,,56,lord_equip_desc011,lord_equip_name07,6,2,7
1370057,Atlas/UI_PersonalInfo,Atlas/UI_Item,[64|8880|6501|1110|6502|550|103|11290|104|24230],[[64|8880]|[6501|1110]|[6502|550]|[103|11290]|[104|24230]],[2|156|1200|2|157|240],[[2|156|1200]|[2|157|240]],icon_txt_T3,,871750,icon_lord_7,,57,lord_equip_desc011,lord_equip_name07,6,2,7
1370058,Atlas/UI_PersonalInfo,Atlas/UI_Item,[64|8980|6501|1120|6502|560|103|11660|104|25160],[[64|8980]|[6501|1120]|[6502|560]|[103|11660]|[104|25160]],[2|156|1200|2|157|240],[[2|156|1200]|[2|157|240]],icon_txt_T3,,891614,icon_lord_7,,58,lord_equip_desc011,lord_equip_name07,6,2,7
1370059,Atlas/UI_PersonalInfo,Atlas/UI_Item,[64|9080|6501|1140|6502|570|103|12050|104|26130],[[64|9080]|[6501|1140]|[6502|570]|[103|12050]|[104|26130]],[2|156|1200|2|157|240],[[2|156|1200]|[2|157|240]],icon_txt_T3,,912214,icon_lord_7,,59,lord_equip_desc011,lord_equip_name07,6,2,7
1370060,Atlas/UI_PersonalInfo,Atlas/UI_Item,[64|9180|6501|1150|6502|570|103|12440|104|27090],[[64|9180]|[6501|1150]|[6502|570]|[103|12440]|[104|27090]],[2|156|1200|2|157|240],[[2|156|1200]|[2|157|240]],icon_txt_T3,,932814,icon_lord_7,,60,lord_equip_desc011,lord_equip_name07,6,3,7
1370061,Atlas/UI_PersonalInfo,Atlas/UI_Item,[64|9290|6501|1160|6502|580|103|12820|104|28060],[[64|9290]|[6501|1160]|[6502|580]|[103|12820]|[104|28060]],[2|156|1200|2|157|240],[[2|156|1200]|[2|157|240]],icon_txt_T3,,953414,icon_lord_7,,61,lord_equip_desc011,lord_equip_name07,6,3,7
1370062,Atlas/UI_PersonalInfo,Atlas/UI_Item,[64|9390|6501|1170|6502|590|103|13210|104|29030],[[64|9390]|[6501|1170]|[6502|590]|[103|13210]|[104|29030]],[2|156|1200|2|157|240],[[2|156|1200]|[2|157|240]],icon_txt_T3,,974014,icon_lord_7,,62,lord_equip_desc011,lord_equip_name07,6,3,7
1370063,Atlas/UI_PersonalInfo,Atlas/UI_Item,[64|9490|6501|1190|6502|590|103|13600|104|30000],[[64|9490]|[6501|1190]|[6502|590]|[103|13600]|[104|30000]],[2|156|1200|2|157|240],[[2|156|1200]|[2|157|240]],icon_txt_T3,,994614,icon_lord_7,,63,lord_equip_desc011,lord_equip_name07,6,3,7
1370064,Atlas/UI_PersonalInfo,Atlas/UI_Item,[64|9600|6501|1200|6502|600|103|14000|104|31000],[[64|9600]|[6501|1200]|[6502|600]|[103|14000]|[104|31000]],[2|156|1200|2|157|240],[[2|156|1200]|[2|157|240]],icon_txt_T3,,1015949,icon_lord_7,,64,lord_equip_desc011,lord_equip_name07,6,3,7
