id,building_ratio,compensation_id,compensation_num,compensation_type,hero_limit,is_removal,level_limit,num,num_1,num_2,num_3,num_4,num_5,reward_1,reward_2,reward_3,reward_4,reward_5,type,type_1,type_2,type_3,type_4,type_5,weight_1,weight_2,weight_3,weight_4,weight_5
24,-1,,,,-1,0,-1,1,[2000],,,,,[6],,,,,1,999,-1,-1,-1,-1,[10000],,,,
25,-1,,,,-1,0,-1,1,[2400],,,,,[6],,,,,1,999,-1,-1,-1,-1,[10000],,,,
26,-1,,,,-1,0,-1,1,[2800],,,,,[6],,,,,1,999,-1,-1,-1,-1,[10000],,,,
27,-1,,,,-1,0,-1,1,[3200],,,,,[6],,,,,1,999,-1,-1,-1,-1,[10000],,,,
28,-1,,,,-1,0,-1,1,[3600],,,,,[6],,,,,1,999,-1,-1,-1,-1,[10000],,,,
29,-1,,,,-1,0,-1,1,[4000],,,,,[6],,,,,1,999,-1,-1,-1,-1,[10000],,,,
30,-1,,,,-1,0,-1,1,[4000],,,,,[6],,,,,1,999,-1,-1,-1,-1,[10000],,,,
101,-1,,,,-1,-1,-1,1,[60],[1],,,,[7],[130003],,,,2,999,14,-1,-1,-1,,,,,
108,-1,,,,-1,-1,-1,1,[50],,,,,[3],,,,,1,999,-1,-1,-1,-1,[10000],,,,
109,-1,,,,-1,-1,-1,1,[50],,,,,[2],,,,,1,999,-1,-1,-1,-1,[10000],,,,
110,-1,,,,-1,-1,-1,1,[50],,,,,[3],,,,,1,999,-1,-1,-1,-1,[10000],,,,
111,-1,,,,-1,-1,-1,1,[500],,,,,[5],,,,,2,999,-1,-1,-1,-1,,,,,
112,-1,,,,-1,-1,-1,1,[500],,,,,[4],,,,,2,999,-1,-1,-1,-1,,,,,
113,-1,,,,-1,-1,-1,1,[50],,,,,[3],,,,,1,999,-1,-1,-1,-1,[10000],,,,
114,-1,,,,-1,-1,-1,1,[5],,,,,[404100004],,,,,2,2,-1,-1,-1,-1,,,,,
115,-1,,,,-1,-1,-1,1,[100],,,,,[2],,,,,2,999,-1,-1,-1,-1,,,,,
116,-1,,,,-1,-1,-1,1,[10],,,,,[404100004],,,,,1,2,-1,-1,-1,-1,[10000],,,,
117,-1,,,,-1,-1,-1,1,[5],,,,,[404100004],,,,,2,2,-1,-1,-1,-1,,,,,
118,-1,,,,-1,-1,-1,1,[100],,,,,[2],,,,,2,999,-1,-1,-1,-1,,,,,
119,-1,,,,-1,-1,-1,1,[100],,,,,[2],,,,,2,999,-1,-1,-1,-1,,,,,
120,-1,,,,-1,-1,-1,1,[5],,,,,[404100004],,,,,2,2,-1,-1,-1,-1,,,,,
121,-1,,,,-1,-1,-1,1,[10],,,,,[220004],,,,,1,2,-1,-1,-1,-1,[10000],,,,
122,-1,,,,-1,-1,-1,1,[5],,,,,[404100004],,,,,2,2,-1,-1,-1,-1,,,,,
123,-1,,,,-1,-1,-1,1,[100],,,,,[2],,,,,2,999,-1,-1,-1,-1,,,,,
124,-1,,,,-1,-1,-1,1,[10],,,,,[404100004],,,,,2,2,-1,-1,-1,-1,,,,,
125,-1,,,,-1,-1,-1,1,[100],,,,,[2],,,,,2,999,-1,-1,-1,-1,,,,,
126,-1,,,,-1,-1,-1,1,[10],,,,,[220004],,,,,1,2,-1,-1,-1,-1,[10000],,,,
127,-1,,,,-1,-1,-1,1,[5],,,,,[404100004],,,,,2,2,-1,-1,-1,-1,,,,,
128,-1,,,,-1,-1,-1,1,[10],,,,,[404100004],,,,,2,2,-1,-1,-1,-1,,,,,
129,-1,,,,-1,-1,-1,1,[100],,,,,[2],,,,,2,999,-1,-1,-1,-1,,,,,
130,-1,,,,-1,-1,-1,1,[100],,,,,[2],,,,,2,999,-1,-1,-1,-1,,,,,
131,-1,,,,-1,-1,-1,1,[10],,,,,[220004],,,,,1,2,-1,-1,-1,-1,[10000],,,,
132,-1,,,,-1,-1,-1,1,[5],,,,,[404100004],,,,,2,2,-1,-1,-1,-1,,,,,
133,-1,,,,-1,-1,-1,1,[10],,,,,[404100004],,,,,2,2,-1,-1,-1,-1,,,,,
134,-1,,,,-1,-1,-1,1,[1],,,,,[201],,,,,2,2,-1,-1,-1,-1,,,,,
137,-1,,,,-1,-1,-1,1,[1],,,,,[118],,,,,2,2,-1,-1,-1,-1,,,,,
138,-1,,,,-1,-1,-1,1,[100],,,,,[2],,,,,2,999,-1,-1,-1,-1,,,,,
139,-1,,,,-1,-1,-1,1,[100],,,,,[2],,,,,2,999,-1,-1,-1,-1,,,,,
140,-1,,,,-1,-1,-1,1,[10],,,,,[220004],,,,,1,2,-1,-1,-1,-1,[10000],,,,
141,-1,,,,-1,-1,-1,1,[5],,,,,[404100004],,,,,2,2,-1,-1,-1,-1,,,,,
142,-1,,,,-1,-1,-1,1,[10],,,,,[404100004],,,,,2,2,-1,-1,-1,-1,,,,,
143,-1,,,,-1,-1,-1,1,[5],,,,,[200001],,,,,2,2,-1,-1,-1,-1,,,,,
162,-1,,,,-1,-1,-1,1,[30],,,,,[4],,,,,2,999,-1,-1,-1,-1,,,,,
163,-1,,,,-1,-1,-1,1,[50],,,,,[4],,,,,2,999,-1,-1,-1,-1,,,,,
164,-1,,,,-1,-1,-1,1,[100],,,,,[4],,,,,2,999,-1,-1,-1,-1,,,,,
165,-1,,,,-1,-1,-1,1,[30],,,,,[5],,,,,2,999,-1,-1,-1,-1,,,,,
166,-1,,,,-1,-1,-1,1,[50],,,,,[5],,,,,2,999,-1,-1,-1,-1,,,,,
167,-1,,,,-1,-1,-1,1,[100],,,,,[5],,,,,2,999,-1,-1,-1,-1,,,,,
168,-1,,,,-1,-1,-1,1,[200],,,,,[4],,,,,2,999,-1,-1,-1,-1,,,,,
169,-1,,,,-1,-1,-1,1,[500],,,,,[4],,,,,2,999,-1,-1,-1,-1,,,,,
170,-1,,,,-1,-1,-1,1,[1000],,,,,[4],,,,,2,999,-1,-1,-1,-1,,,,,
171,-1,,,,-1,-1,-1,1,[200],,,,,[5],,,,,2,999,-1,-1,-1,-1,,,,,
172,-1,,,,-1,-1,-1,1,[500],,,,,[5],,,,,2,999,-1,-1,-1,-1,,,,,
173,-1,,,,-1,-1,-1,1,[1000],,,,,[5],,,,,2,999,-1,-1,-1,-1,,,,,
174,-1,,,,-1,-1,-1,1,[8000],,,,,[4],,,,,2,999,-1,-1,-1,-1,,,,,
175,-1,,,,-1,-1,-1,1,[16000],,,,,[4],,,,,2,999,-1,-1,-1,-1,,,,,
176,-1,,,,-1,-1,-1,1,[40000],,,,,[4],,,,,2,999,-1,-1,-1,-1,,,,,
177,-1,,,,-1,-1,-1,1,[8000],,,,,[5],,,,,2,999,-1,-1,-1,-1,,,,,
178,-1,,,,-1,-1,-1,1,[16000],,,,,[5],,,,,2,999,-1,-1,-1,-1,,,,,
179,-1,,,,-1,-1,-1,1,[40000],,,,,[5],,,,,2,999,-1,-1,-1,-1,,,,,
301,-1,,,,-1,-1,-1,1,[55],[118],[1],[11],,[3],[6],[250],[206],,2,999,999,2,2,-1,,,,,
302,-1,,,,-1,-1,-1,1,[55],[118],[1],[11],,[3],[6],[250],[206],,2,999,999,2,2,-1,,,,,
303,-1,,,,-1,-1,-1,1,[805],[2085],[11],[161],,[3],[6],[250],[206],,2,999,999,2,2,-1,,,,,
304,-1,,,,-1,-1,-1,1,[65],[157],[1],[13],,[3],[6],[250],[206],,2,999,999,2,2,-1,,,,,
305,-1,,,,-1,-1,-1,1,[620],[2215],[7],[124],,[3],[6],[250],[206],,2,999,999,2,2,-1,,,,,
306,-1,,,,-1,-1,-1,1,[105],[363],[1],[21],,[3],[6],[250],[206],,2,999,999,2,2,-1,,,,,
307,-1,,,,-1,-1,-1,1,[200],[564],[2],[40],,[3],[6],[250],[206],,2,999,999,2,2,-1,,,,,
308,-1,,,,-1,-1,-1,1,[1000],[2820],[8],[200],,[3],[6],[250],[206],,2,999,999,2,2,-1,,,,,
309,-1,,,,-1,-1,-1,1,[150],[423],[2],[30],,[3],[6],[250],[206],,2,999,999,2,2,-1,,,,,
310,-1,,,,-1,-1,-1,1,[150],[423],[2],[30],,[3],[6],[250],[206],,2,999,999,2,2,-1,,,,,
311,-1,,,,-1,-1,-1,1,[2000],[5640],[16],[400],,[3],[6],[250],[206],,2,999,999,2,2,-1,,,,,
312,-1,,,,-1,-1,-1,1,[150],[423],[2],[30],,[3],[6],[250],[206],,2,999,999,2,2,-1,,,,,
313,-1,,,,-1,-1,-1,1,[120],[339],[1],[24],,[3],[6],[250],[206],,2,999,999,2,2,-1,,,,,
314,-1,,,,-1,-1,-1,1,[200],[689],[2],[40],,[3],[6],[250],[206],,2,999,999,2,2,-1,,,,,
315,-1,,,,-1,-1,-1,1,[1195],[4134],[9],[239],,[3],[6],[250],[206],,2,999,999,2,2,-1,,,,,
316,-1,,,,-1,-1,-1,1,[240],[827],[2],[48],,[3],[6],[250],[206],,2,999,999,2,2,-1,,,,,
317,-1,,,,-1,-1,-1,1,[170],[588],[2],[34],,[3],[6],[250],[206],,2,999,999,2,2,-1,,,,,
318,-1,,,,-1,-1,-1,1,[170],[588],[2],[34],,[3],[6],[250],[206],,2,999,999,2,2,-1,,,,,
319,-1,,,,-1,-1,-1,1,[2820],[9800],[17],[564],,[3],[6],[250],[206],,2,999,999,2,2,-1,,,,,
320,-1,,,,-1,-1,-1,1,[185],[725],[2],[37],,[3],[6],[250],[206],,2,999,999,2,2,-1,,,,,
321,-1,,,,-1,-1,-1,1,[185],[725],[2],[37],,[3],[6],[250],[206],,2,999,999,2,2,-1,,,,,
322,-1,,,,-1,-1,-1,1,[3065],[12082],[18],[613],,[3],[6],[250],[206],,2,999,999,2,2,-1,,,,,
323,-1,,,,-1,-1,-1,1,[225],[981],[2],[45],,[3],[6],[250],[206],,2,999,999,2,2,-1,,,,,
324,-1,,,,-1,-1,-1,1,[225],[981],[2],[45],,[3],[6],[250],[206],,2,999,999,2,2,-1,,,,,
325,-1,,,,-1,-1,-1,1,[225],[981],[2],[45],,[3],[6],[250],[206],,2,999,999,2,2,-1,,,,,
326,-1,,,,-1,-1,-1,1,[225],[981],[2],[45],,[3],[6],[250],[206],,2,999,999,2,2,-1,,,,,
327,-1,,,,-1,-1,-1,1,[3670],[16335],[18],[734],,[3],[6],[250],[206],,2,999,999,2,2,-1,,,,,
328,-1,,,,-1,-1,-1,1,[285],[1054],[2],[57],,[3],[6],[250],[206],,2,999,999,2,2,-1,,,,,
329,-1,,,,-1,-1,-1,1,[285],[1054],[2],[57],,[3],[6],[250],[206],,2,999,999,2,2,-1,,,,,
330,-1,,,,-1,-1,-1,1,[4720],[17565],[19],[944],,[3],[6],[250],[206],,2,999,999,2,2,-1,,,,,
331,-1,,,,-1,-1,-1,1,[365],[1327],[2],[73],,[3],[6],[250],[206],,2,999,999,2,2,-1,,,,,
332,-1,,,,-1,-1,-1,1,[365],[1327],[2],[73],,[3],[6],[250],[206],,2,999,999,2,2,-1,,,,,
333,-1,,,,-1,-1,-1,1,[390],[1436],[2],[78],,[3],[6],[250],[206],,2,999,999,2,2,-1,,,,,
334,-1,,,,-1,-1,-1,1,[390],[1436],[2],[78],,[3],[6],[250],[206],,2,999,999,2,2,-1,,,,,
335,-1,,,,-1,-1,-1,1,[6440],[23922],[21],[1288],[3],[3],[6],[250],[206],[201],2,999,999,2,2,2,,,,,
336,-1,,,,-1,-1,-1,1,[425],[1531],[2],[85],,[3],[6],[250],[206],,2,999,999,2,2,-1,,,,,
337,-1,,,,-1,-1,-1,1,[425],[1531],[2],[85],,[3],[6],[250],[206],,2,999,999,2,2,-1,,,,,
338,-1,,,,-1,-1,-1,1,[7015],[25515],[21],[1403],,[3],[6],[250],[206],,2,999,999,2,2,-1,,,,,
339,-1,,,,-1,-1,-1,1,[445],[1620],[2],[89],,[3],[6],[250],[206],,2,999,999,2,2,-1,,,,,
340,-1,,,,-1,-1,-1,1,[445],[1620],[2],[89],,[3],[6],[250],[206],,2,999,999,2,2,-1,,,,,
341,-1,,,,-1,-1,-1,1,[375],[1350],[2],[75],,[3],[6],[250],[206],,2,999,999,2,2,-1,,,,,
342,-1,,,,-1,-1,-1,1,[375],[1350],[2],[75],,[3],[6],[250],[206],,2,999,999,2,2,-1,,,,,
343,-1,,,,-1,-1,-1,1,[7415],[26991],[22],[1483],[3],[3],[6],[250],[206],[201],2,999,999,2,2,2,,,,,
344,-1,,,,-1,-1,-1,1,[435],[1581],[2],[87],,[3],[6],[250],[206],,2,999,999,2,2,-1,,,,,
345,-1,,,,-1,-1,-1,1,[435],[1581],[2],[87],,[3],[6],[250],[206],,2,999,999,2,2,-1,,,,,
346,-1,,,,-1,-1,-1,1,[8685],[31620],[23],[1737],,[3],[6],[250],[206],,2,999,999,2,2,-1,,,,,
347,-1,,,,-1,-1,-1,1,[495],[1738],[2],[99],,[3],[6],[250],[206],,2,999,999,2,2,-1,,,,,
348,-1,,,,-1,-1,-1,1,[495],[1738],[2],[99],,[3],[6],[250],[206],,2,999,999,2,2,-1,,,,,
349,-1,,,,-1,-1,-1,1,[540],[1915],[2],[108],,[3],[6],[250],[206],,2,999,999,2,2,-1,,,,,
350,-1,,,,-1,-1,-1,1,[540],[1915],[2],[108],,[3],[6],[250],[206],,2,999,999,2,2,-1,,,,,
351,-1,,,,-1,-1,-1,1,[10780],[38291],[25],[2156],[3],[3],[6],[250],[206],[201],2,999,999,2,2,2,,,,,
352,-1,,,,-1,-1,-1,1,[605],[2205],[2],[121],,[3],[6],[250],[206],,2,999,999,2,2,-1,,,,,
353,-1,,,,-1,-1,-1,1,[605],[2205],[2],[121],,[3],[6],[250],[206],,2,999,999,2,2,-1,,,,,
354,-1,,,,-1,-1,-1,1,[12035],[44091],[26],[2407],,[3],[6],[250],[206],,2,999,999,2,2,-1,,,,,
355,-1,,,,-1,-1,-1,1,[660],[2278],[2],[132],,[3],[6],[250],[206],,2,999,999,2,2,-1,,,,,
356,-1,,,,-1,-1,-1,1,[660],[2278],[2],[132],,[3],[6],[250],[206],,2,999,999,2,2,-1,,,,,
410,-1,,,,-1,-1,-1,1,[5],,,,,[220004],,,,,2,2,-1,-1,-1,-1,,,,,
411,-1,,,,-1,-1,-1,1,[3],,,,,[220005],,,,,2,2,-1,-1,-1,-1,,,,,
420,-1,,,,-1,-1,-1,1,[100],,,,,[2],,,,,2,999,-1,-1,-1,-1,,,,,
421,-1,,,,-1,-1,-1,1,[100],[1],,,,[2],[203031],,,,2,999,2,-1,-1,-1,,,,,
422,-1,,,,-1,-1,-1,1,[20],,,,,[200402],,,,,2,2,-1,-1,-1,-1,,,,,
423,-1,,,,-1,-1,-1,1,[2],,,,,[203034],,,,,2,2,-1,-1,-1,-1,,,,,
424,-1,,,,-1,-1,-1,1,[3],,,,,[220005],,,,,2,2,-1,-1,-1,-1,,,,,
425,-1,,,,-1,-1,-1,1,[1],[1],,,,[203025],[203028],,,,2,2,2,-1,-1,-1,,,,,
426,-1,,,,-1,-1,-1,1,[25],,,,,[404100004],,,,,2,2,-1,-1,-1,-1,,,,,
427,-1,,,,-1,-1,-1,1,[100],[1],,,,[2],[203031],,,,2,999,2,-1,-1,-1,,,,,
428,-1,,,,-1,-1,-1,1,[25],,,,,[404100004],,,,,2,2,-1,-1,-1,-1,,,,,
429,-1,,,,-1,-1,-1,1,[3],,,,,[220005],,,,,2,2,-1,-1,-1,-1,,,,,
430,-1,,,,-1,-1,-1,1,[5],,,,,[201],,,,,2,2,-1,-1,-1,-1,,,,,
11081001,-1,,,,-1,-1,-1,1,[6],,,,,[10025],,,,,2,2,-1,-1,-1,-1,,,,,
11081002,-1,,,,-1,-1,-1,1,[7],,,,,[10025],,,,,2,2,-1,-1,-1,-1,,,,,
11081003,-1,,,,-1,-1,-1,1,[8],,,,,[10025],,,,,2,2,-1,-1,-1,-1,,,,,
901,-1,,,,-1,0,-1,1,[1],,,,,[100001202],,,,,2,4,-1,-1,-1,-1,,,,,
902,-1,,,,-1,0,-1,1,[1],,,,,[100001201],,,,,2,4,-1,-1,-1,-1,,,,,
903,-1,,,,-1,0,-1,1,[1],,,,,[100001204],,,,,2,4,-1,-1,-1,-1,,,,,
904,-1,,,,-1,0,-1,1,[1],,,,,[100001203],,,,,2,4,-1,-1,-1,-1,,,,,
905,-1,,,,-1,0,-1,1,[1],,,,,[100001302],,,,,2,4,-1,-1,-1,-1,,,,,
906,-1,,,,-1,0,-1,1,[1],,,,,[100001301],,,,,2,4,-1,-1,-1,-1,,,,,
907,-1,,,,-1,0,-1,1,[1],,,,,[100001304],,,,,2,4,-1,-1,-1,-1,,,,,
908,-1,,,,-1,0,-1,1,[1],,,,,[100001303],,,,,2,4,-1,-1,-1,-1,,,,,
909,-1,,,,-1,0,-1,1,[1],,,,,[100001302],,,,,2,4,-1,-1,-1,-1,,,,,
910,-1,,,,-1,0,-1,1,[1],,,,,[100001301],,,,,2,4,-1,-1,-1,-1,,,,,
911,-1,,,,-1,0,-1,1,[1],,,,,[100001304],,,,,2,4,-1,-1,-1,-1,,,,,
912,-1,,,,-1,0,-1,1,[1],,,,,[100001303],,,,,2,4,-1,-1,-1,-1,,,,,
913,-1,,,,-1,0,-1,1,[1],,,,,[100001302],,,,,2,4,-1,-1,-1,-1,,,,,
914,-1,,,,-1,0,-1,1,[1],,,,,[100001301],,,,,2,4,-1,-1,-1,-1,,,,,
915,-1,,,,-1,0,-1,1,[1],,,,,[100001302],,,,,2,4,-1,-1,-1,-1,,,,,
916,-1,,,,-1,0,-1,1,[1],,,,,[100001303],,,,,2,4,-1,-1,-1,-1,,,,,
917,-1,,,,-1,0,-1,1,[1],,,,,[100001302],,,,,2,4,-1,-1,-1,-1,,,,,
918,-1,,,,-1,0,-1,1,[1],,,,,[100001302],,,,,2,4,-1,-1,-1,-1,,,,,
919,-1,,,,-1,0,-1,1,[1],,,,,[100001304],,,,,2,4,-1,-1,-1,-1,,,,,
920,-1,,,,-1,0,-1,1,[1],,,,,[100001304],,,,,2,4,-1,-1,-1,-1,,,,,
921,-1,,,,-1,0,-1,1,[1],,,,,[100001302],,,,,2,4,-1,-1,-1,-1,,,,,
922,-1,,,,-1,0,-1,1,[1],,,,,[100001301],,,,,2,4,-1,-1,-1,-1,,,,,
923,-1,,,,-1,0,-1,1,[1],,,,,[100001303],,,,,2,4,-1,-1,-1,-1,,,,,
924,-1,,,,-1,0,-1,1,[1],,,,,[100001303],,,,,2,4,-1,-1,-1,-1,,,,,
925,-1,,,,-1,0,-1,1,[1],,,,,[100001303],,,,,2,4,-1,-1,-1,-1,,,,,
926,-1,,,,-1,0,-1,1,[1],,,,,[100001301],,,,,2,4,-1,-1,-1,-1,,,,,
927,-1,,,,-1,0,-1,1,[1],,,,,[100001302],,,,,2,4,-1,-1,-1,-1,,,,,
928,-1,,,,-1,0,-1,1,[1],,,,,[100001301],,,,,2,4,-1,-1,-1,-1,,,,,
929,-1,,,,-1,0,-1,1,[1],,,,,[100001402],,,,,2,4,-1,-1,-1,-1,,,,,
930,-1,,,,-1,0,-1,1,[1],,,,,[1534000],,,,,2,4,-1,-1,-1,-1,,,,,
931,-1,,,,-1,0,-1,1,[1],,,,,[100001404],,,,,2,4,-1,-1,-1,-1,,,,,
932,-1,,,,-1,0,-1,1,[1],,,,,[100001403],,,,,2,4,-1,-1,-1,-1,,,,,
933,-1,,,,-1,0,-1,1,[1],,,,,[1531000],,,,,2,4,-1,-1,-1,-1,,,,,
934,-1,,,,-1,0,-1,1,[1],,,,,[100001404],,,,,2,4,-1,-1,-1,-1,,,,,
935,-1,,,,-1,0,-1,1,[1],,,,,[100001401],,,,,2,4,-1,-1,-1,-1,,,,,
936,-1,,,,-1,0,-1,1,[1],,,,,[1533000],,,,,2,4,-1,-1,-1,-1,,,,,
937,-1,,,,-1,0,-1,1,[1],,,,,[100001401],,,,,2,4,-1,-1,-1,-1,,,,,
938,-1,,,,-1,0,-1,1,[1],,,,,[100001402],,,,,2,4,-1,-1,-1,-1,,,,,
939,-1,,,,-1,0,-1,1,[1],,,,,[1532000],,,,,2,4,-1,-1,-1,-1,,,,,
1321001,-1,,,,-1,0,-1,1,[17200],[32700],[32700],[400],[200],[3],[4],[5],[237],[206],2,999,999,999,2,2,,,,,
1321002,-1,,,,-1,0,-1,1,[27900],[53100],[53100],[700],[300],[3],[4],[5],[237],[206],2,999,999,999,2,2,,,,,
1321003,-1,,,,-1,0,-1,1,[38700],[73500],[73500],[900],[400],[3],[4],[5],[237],[206],2,999,999,999,2,2,,,,,
1321004,-1,,,,-1,0,-1,1,[17200],[32700],[32700],[12],[200],[3],[4],[5],[250],[206],2,999,999,999,2,2,,,,,
1321005,-1,,,,-1,0,-1,1,[27900],[53100],[53100],[20],[300],[3],[4],[5],[250],[206],2,999,999,999,2,2,,,,,
1321006,-1,,,,-1,0,-1,1,[38700],[73500],[73500],[27],[400],[3],[4],[5],[250],[206],2,999,999,999,2,2,,,,,
1321007,-1,,,,-1,0,-1,1,[17200],[32700],[32700],[2],[200],[3],[4],[5],[404100004],[206],2,999,999,999,2,2,,,,,
1321008,-1,,,,-1,0,-1,1,[27900],[53100],[53100],[3],[300],[3],[4],[5],[404100004],[206],2,999,999,999,2,2,,,,,
1321009,-1,,,,-1,0,-1,1,[38700],[73500],[73500],[4],[400],[3],[4],[5],[404100004],[206],2,999,999,999,2,2,,,,,
1321010,-1,,,,-1,0,-1,1,[53700],[102100],[102100],[1300|38|5],[500],[3],[4],[5],[237|250|404100004],[206],2,999,999,999,2,2,,,,,
1321011,-1,,,,-1,0,-1,1,[1|1],,,,,[161004|405230001],,,,,2,2,-1,-1,-1,-1,,,,,
1321012,-1,,,,-1,0,-1,1,[1|1|1],,,,,[161004|161005|405230001],,,,,2,2,-1,-1,-1,-1,,,,,
1321013,-1,,,,-1,0,-1,1,[2|1|1],,,,,[161004|161005|405230002],,,,,2,2,-1,-1,-1,-1,,,,,
1321014,-1,,,,-1,0,-1,1,[1|1],,,,,[161004|405230001],,,,,2,2,-1,-1,-1,-1,,,,,
1321015,-1,,,,-1,0,-1,1,[1|1|1],,,,,[161004|161005|405230001],,,,,2,2,-1,-1,-1,-1,,,,,
1321016,-1,,,,-1,0,-1,1,[2|1|1],,,,,[161004|161005|405230002],,,,,2,2,-1,-1,-1,-1,,,,,
1321017,-1,,,,-1,0,-1,1,[1|1],,,,,[161004|405230001],,,,,2,2,-1,-1,-1,-1,,,,,
1321018,-1,,,,-1,0,-1,1,[1|1|1],,,,,[161004|161005|405230001],,,,,2,2,-1,-1,-1,-1,,,,,
1321019,-1,,,,-1,0,-1,1,[2|1|1],,,,,[161004|161005|405230002],,,,,2,2,-1,-1,-1,-1,,,,,
1321020,-1,,,,-1,0,-1,1,[2|1|1],,,,,[161004|161005|405230003],,,,,2,2,-1,-1,-1,-1,,,,,
1321021,-1,,,,-1,0,-1,1,[1720],[3270],[3270],,,[3],[4],[5],,,2,999,999,999,-1,-1,,,,,
1321022,-1,,,,-1,0,-1,1,[2790],[5310],[5310],,,[3],[4],[5],,,2,999,999,999,-1,-1,,,,,
1321023,-1,,,,-1,0,-1,1,[3870],[7350],[7350],,,[3],[4],[5],,,2,999,999,999,-1,-1,,,,,
1321024,-1,,,,-1,0,-1,1,[1720],[3270],[3270],,,[3],[4],[5],,,2,999,999,999,-1,-1,,,,,
1321025,-1,,,,-1,0,-1,1,[2790],[5310],[5310],,,[3],[4],[5],,,2,999,999,999,-1,-1,,,,,
1321026,-1,,,,-1,0,-1,1,[3870],[7350],[7350],,,[3],[4],[5],,,2,999,999,999,-1,-1,,,,,
1321027,-1,,,,-1,0,-1,1,[1720],[3270],[3270],,,[3],[4],[5],,,2,999,999,999,-1,-1,,,,,
1321028,-1,,,,-1,0,-1,1,[2790],[5310],[5310],,,[3],[4],[5],,,2,999,999,999,-1,-1,,,,,
1321029,-1,,,,-1,0,-1,1,[3870],[7350],[7350],,,[3],[4],[5],,,2,999,999,999,-1,-1,,,,,
1321030,-1,,,,-1,0,-1,1,[5370],[10210],[10210],,,[3],[4],[5],,,2,999,999,999,-1,-1,,,,,
1321031,-1,,,,-1,0,-1,1,[22900],[45900],[45900],[400],[200],[3],[4],[5],[237],[206],2,999,999,999,2,2,,,,,
1321032,-1,,,,-1,0,-1,1,[37300],[74500],[74500],[700],[300],[3],[4],[5],[237],[206],2,999,999,999,2,2,,,,,
1321033,-1,,,,-1,0,-1,1,[51600],[103200],[103200],[1000],[400],[3],[4],[5],[237],[206],2,999,999,999,2,2,,,,,
1321034,-1,,,,-1,0,-1,1,[22900],[45900],[45900],[16],[200],[3],[4],[5],[250],[206],2,999,999,999,2,2,,,,,
1321035,-1,,,,-1,0,-1,1,[37300],[74500],[74500],[26],[300],[3],[4],[5],[250],[206],2,999,999,999,2,2,,,,,
1321036,-1,,,,-1,0,-1,1,[51600],[103200],[103200],[36],[400],[3],[4],[5],[250],[206],2,999,999,999,2,2,,,,,
1321037,-1,,,,-1,0,-1,1,[22900],[45900],[45900],[3],[200],[3],[4],[5],[404100004],[206],2,999,999,999,2,2,,,,,
1321038,-1,,,,-1,0,-1,1,[37300],[74500],[74500],[5],[300],[3],[4],[5],[404100004],[206],2,999,999,999,2,2,,,,,
1321039,-1,,,,-1,0,-1,1,[51600],[103200],[103200],[7],[400],[3],[4],[5],[404100004],[206],2,999,999,999,2,2,,,,,
1321040,-1,,,,-1,0,-1,1,[71700],[143300],[143300],[1400|50|10],[600],[3],[4],[5],[237|250|404100004],[206],2,999,999,999,2,2,,,,,
1321041,-1,,,,-1,0,-1,1,[1|1],,,,,[161004|405230001],,,,,2,2,-1,-1,-1,-1,,,,,
1321042,-1,,,,-1,0,-1,1,[1|1|1],,,,,[161004|161005|405230001],,,,,2,2,-1,-1,-1,-1,,,,,
1321043,-1,,,,-1,0,-1,1,[2|1|1],,,,,[161004|161005|405230002],,,,,2,2,-1,-1,-1,-1,,,,,
1321044,-1,,,,-1,0,-1,1,[1|1],,,,,[161004|405230001],,,,,2,2,-1,-1,-1,-1,,,,,
1321045,-1,,,,-1,0,-1,1,[1|1|1],,,,,[161004|161005|405230001],,,,,2,2,-1,-1,-1,-1,,,,,
1321046,-1,,,,-1,0,-1,1,[2|1|1],,,,,[161004|161005|405230002],,,,,2,2,-1,-1,-1,-1,,,,,
1321047,-1,,,,-1,0,-1,1,[1|1],,,,,[161004|405230001],,,,,2,2,-1,-1,-1,-1,,,,,
1321048,-1,,,,-1,0,-1,1,[1|1|1],,,,,[161004|161005|405230001],,,,,2,2,-1,-1,-1,-1,,,,,
1321049,-1,,,,-1,0,-1,1,[2|1|1],,,,,[161004|161005|405230002],,,,,2,2,-1,-1,-1,-1,,,,,
1321050,-1,,,,-1,0,-1,1,[2|1|1],,,,,[161004|161005|405230003],,,,,2,2,-1,-1,-1,-1,,,,,
1321051,-1,,,,-1,0,-1,1,[2290],[4590],[4590],,,[3],[4],[5],,,2,999,999,999,-1,-1,,,,,
1321052,-1,,,,-1,0,-1,1,[3730],[7450],[7450],,,[3],[4],[5],,,2,999,999,999,-1,-1,,,,,
1321053,-1,,,,-1,0,-1,1,[5160],[10320],[10320],,,[3],[4],[5],,,2,999,999,999,-1,-1,,,,,
1321054,-1,,,,-1,0,-1,1,[2290],[4590],[4590],,,[3],[4],[5],,,2,999,999,999,-1,-1,,,,,
1321055,-1,,,,-1,0,-1,1,[3730],[7450],[7450],,,[3],[4],[5],,,2,999,999,999,-1,-1,,,,,
1321056,-1,,,,-1,0,-1,1,[5160],[10320],[10320],,,[3],[4],[5],,,2,999,999,999,-1,-1,,,,,
1321057,-1,,,,-1,0,-1,1,[2290],[4590],[4590],,,[3],[4],[5],,,2,999,999,999,-1,-1,,,,,
1321058,-1,,,,-1,0,-1,1,[3730],[7450],[7450],,,[3],[4],[5],,,2,999,999,999,-1,-1,,,,,
1321059,-1,,,,-1,0,-1,1,[5160],[10320],[10320],,,[3],[4],[5],,,2,999,999,999,-1,-1,,,,,
1321060,-1,,,,-1,0,-1,1,[7170],[14330],[14330],,,[3],[4],[5],,,2,999,999,999,-1,-1,,,,,
1321061,-1,,,,-1,0,-1,1,[29800],[61700],[61700],[500],[200],[3],[4],[5],[237],[206],2,999,999,999,2,2,,,,,
1321062,-1,,,,-1,0,-1,1,[44850],[100300],[100300],[800],[300],[3],[4],[5],[237],[206],2,999,999,999,2,2,,,,,
1321063,-1,,,,-1,0,-1,1,[67200],[138800],[138800],[1100],[400],[3],[4],[5],[237],[206],2,999,999,999,2,2,,,,,
1321064,-1,,,,-1,0,-1,1,[29800],[61700],[61700],[20],[200],[3],[4],[5],[250],[206],2,999,999,999,2,2,,,,,
1321065,-1,,,,-1,0,-1,1,[44850],[100300],[100300],[33],[300],[3],[4],[5],[250],[206],2,999,999,999,2,2,,,,,
1321066,-1,,,,-1,0,-1,1,[67200],[138800],[138800],[45],[400],[3],[4],[5],[250],[206],2,999,999,999,2,2,,,,,
1321067,-1,,,,-1,0,-1,1,[29800],[61700],[61700],[6],[200],[3],[4],[5],[404100004],[206],2,999,999,999,2,2,,,,,
1321068,-1,,,,-1,0,-1,1,[44850],[100300],[100300],[9],[300],[3],[4],[5],[404100004],[206],2,999,999,999,2,2,,,,,
1321069,-1,,,,-1,0,-1,1,[67200],[138800],[138800],[13],[400],[3],[4],[5],[404100004],[206],2,999,999,999,2,2,,,,,
1321070,-1,,,,-1,0,-1,1,[93300],[192800],[192800],[1500|63|18],[600],[3],[4],[5],[237|250|404100004],[206],2,999,999,999,2,2,,,,,
1321071,-1,,,,-1,0,-1,1,[1|1],,,,,[161004|405230001],,,,,2,2,-1,-1,-1,-1,,,,,
1321072,-1,,,,-1,0,-1,1,[1|1|1],,,,,[161004|161005|405230001],,,,,2,2,-1,-1,-1,-1,,,,,
1321073,-1,,,,-1,0,-1,1,[2|1|1],,,,,[161004|161005|405230002],,,,,2,2,-1,-1,-1,-1,,,,,
1321074,-1,,,,-1,0,-1,1,[1|1],,,,,[161004|405230001],,,,,2,2,-1,-1,-1,-1,,,,,
1321075,-1,,,,-1,0,-1,1,[1|1|1],,,,,[161004|161005|405230001],,,,,2,2,-1,-1,-1,-1,,,,,
1321076,-1,,,,-1,0,-1,1,[2|1|1],,,,,[161004|161005|405230002],,,,,2,2,-1,-1,-1,-1,,,,,
1321077,-1,,,,-1,0,-1,1,[1|1],,,,,[161004|405230001],,,,,2,2,-1,-1,-1,-1,,,,,
1321078,-1,,,,-1,0,-1,1,[1|1|1],,,,,[161004|161005|405230001],,,,,2,2,-1,-1,-1,-1,,,,,
1321079,-1,,,,-1,0,-1,1,[2|1|1],,,,,[161004|161005|405230002],,,,,2,2,-1,-1,-1,-1,,,,,
1321080,-1,,,,-1,0,-1,1,[2|1|1],,,,,[161004|161005|405230003],,,,,2,2,-1,-1,-1,-1,,,,,
1321081,-1,,,,-1,0,-1,1,[2980],[6170],[6170],,,[3],[4],[5],,,2,999,999,999,-1,-1,,,,,
1321082,-1,,,,-1,0,-1,1,[4485],[10030],[10030],,,[3],[4],[5],,,2,999,999,999,-1,-1,,,,,
1321083,-1,,,,-1,0,-1,1,[6720],[13880],[13880],,,[3],[4],[5],,,2,999,999,999,-1,-1,,,,,
1321084,-1,,,,-1,0,-1,1,[2980],[6170],[6170],,,[3],[4],[5],,,2,999,999,999,-1,-1,,,,,
1321085,-1,,,,-1,0,-1,1,[4485],[10030],[10030],,,[3],[4],[5],,,2,999,999,999,-1,-1,,,,,
1321086,-1,,,,-1,0,-1,1,[6720],[13880],[13880],,,[3],[4],[5],,,2,999,999,999,-1,-1,,,,,
1321087,-1,,,,-1,0,-1,1,[2980],[6170],[6170],,,[3],[4],[5],,,2,999,999,999,-1,-1,,,,,
1321088,-1,,,,-1,0,-1,1,[4485],[10030],[10030],,,[3],[4],[5],,,2,999,999,999,-1,-1,,,,,
1321089,-1,,,,-1,0,-1,1,[6720],[13880],[13880],,,[3],[4],[5],,,2,999,999,999,-1,-1,,,,,
1321090,-1,,,,-1,0,-1,1,[9330],[19280],[19280],,,[3],[4],[5],,,2,999,999,999,-1,-1,,,,,
1321091,-1,,,,-1,0,-1,1,[36800],[77500],[77500],[500],[200],[3],[4],[5],[237],[206],2,999,999,999,2,2,,,,,
1321092,-1,,,,-1,0,-1,1,[59700],[126000],[126000],[800],[300],[3],[4],[5],[237],[206],2,999,999,999,2,2,,,,,
1321093,-1,,,,-1,0,-1,1,[82700],[174500],[174500],[1200],[500],[3],[4],[5],[237],[206],2,999,999,999,2,2,,,,,
1321094,-1,,,,-1,0,-1,1,[36800],[77500],[77500],[24],[200],[3],[4],[5],[250],[206],2,999,999,999,2,2,,,,,
1321095,-1,,,,-1,0,-1,1,[59700],[126000],[126000],[39],[300],[3],[4],[5],[250],[206],2,999,999,999,2,2,,,,,
1321096,-1,,,,-1,0,-1,1,[82700],[174500],[174500],[54],[500],[3],[4],[5],[250],[206],2,999,999,999,2,2,,,,,
1321097,-1,,,,-1,0,-1,1,[36800],[77500],[77500],[8],[200],[3],[4],[5],[404100004],[206],2,999,999,999,2,2,,,,,
1321098,-1,,,,-1,0,-1,1,[59700],[126000],[126000],[13],[300],[3],[4],[5],[404100004],[206],2,999,999,999,2,2,,,,,
1321099,-1,,,,-1,0,-1,1,[82700],[174500],[174500],[18],[500],[3],[4],[5],[404100004],[206],2,999,999,999,2,2,,,,,
1321100,-1,,,,-1,0,-1,1,[114900],[242300],[242300],[1600|75|25],[700],[3],[4],[5],[237|250|404100004],[206],2,999,999,999,2,2,,,,,
1321101,-1,,,,-1,0,-1,1,[1|1],,,,,[161004|405230001],,,,,2,2,-1,-1,-1,-1,,,,,
1321102,-1,,,,-1,0,-1,1,[1|1|1],,,,,[161004|161005|405230001],,,,,2,2,-1,-1,-1,-1,,,,,
1321103,-1,,,,-1,0,-1,1,[2|1|1],,,,,[161004|161005|405230002],,,,,2,2,-1,-1,-1,-1,,,,,
1321104,-1,,,,-1,0,-1,1,[1|1],,,,,[161004|405230001],,,,,2,2,-1,-1,-1,-1,,,,,
1321105,-1,,,,-1,0,-1,1,[1|1|1],,,,,[161004|161005|405230001],,,,,2,2,-1,-1,-1,-1,,,,,
1321106,-1,,,,-1,0,-1,1,[2|1|1],,,,,[161004|161005|405230002],,,,,2,2,-1,-1,-1,-1,,,,,
1321107,-1,,,,-1,0,-1,1,[1|1],,,,,[161004|405230001],,,,,2,2,-1,-1,-1,-1,,,,,
1321108,-1,,,,-1,0,-1,1,[1|1|1],,,,,[161004|161005|405230001],,,,,2,2,-1,-1,-1,-1,,,,,
1321109,-1,,,,-1,0,-1,1,[2|1|1],,,,,[161004|161005|405230002],,,,,2,2,-1,-1,-1,-1,,,,,
1321110,-1,,,,-1,0,-1,1,[2|1|1],,,,,[161004|161005|405230003],,,,,2,2,-1,-1,-1,-1,,,,,
1321111,-1,,,,-1,0,-1,1,[3680],[7750],[7750],,,[3],[4],[5],,,2,999,999,999,-1,-1,,,,,
1321112,-1,,,,-1,0,-1,1,[5970],[12600],[12600],,,[3],[4],[5],,,2,999,999,999,-1,-1,,,,,
1321113,-1,,,,-1,0,-1,1,[8270],[17450],[17450],,,[3],[4],[5],,,2,999,999,999,-1,-1,,,,,
1321114,-1,,,,-1,0,-1,1,[3680],[7750],[7750],,,[3],[4],[5],,,2,999,999,999,-1,-1,,,,,
1321115,-1,,,,-1,0,-1,1,[5970],[12600],[12600],,,[3],[4],[5],,,2,999,999,999,-1,-1,,,,,
1321116,-1,,,,-1,0,-1,1,[8270],[17450],[17450],,,[3],[4],[5],,,2,999,999,999,-1,-1,,,,,
1321117,-1,,,,-1,0,-1,1,[3680],[7750],[7750],,,[3],[4],[5],,,2,999,999,999,-1,-1,,,,,
1321118,-1,,,,-1,0,-1,1,[5970],[12600],[12600],,,[3],[4],[5],,,2,999,999,999,-1,-1,,,,,
1321119,-1,,,,-1,0,-1,1,[8270],[17450],[17450],,,[3],[4],[5],,,2,999,999,999,-1,-1,,,,,
1321120,-1,,,,-1,0,-1,1,[11490],[24230],[24230],,,[3],[4],[5],,,2,999,999,999,-1,-1,,,,,
1321121,-1,,,,-1,0,-1,1,[43700],[93400],[93400],[600],[200],[3],[4],[5],[237],[206],2,999,999,999,2,2,,,,,
1321122,-1,,,,-1,0,-1,1,[71000],[151700],[151700],[1000],[400],[3],[4],[5],[237],[206],2,999,999,999,2,2,,,,,
1321123,-1,,,,-1,0,-1,1,[98200],[210100],[210100],[1400],[600],[3],[4],[5],[237],[206],2,999,999,999,2,2,,,,,
1321124,-1,,,,-1,0,-1,1,[43700],[93400],[93400],[30],[200],[3],[4],[5],[250],[206],2,999,999,999,2,2,,,,,
1321125,-1,,,,-1,0,-1,1,[71000],[151700],[151700],[49],[400],[3],[4],[5],[250],[206],2,999,999,999,2,2,,,,,
1321126,-1,,,,-1,0,-1,1,[98200],[210100],[210100],[68],[600],[3],[4],[5],[250],[206],2,999,999,999,2,2,,,,,
1321127,-1,,,,-1,0,-1,1,[43700],[93400],[93400],[12],[200],[3],[4],[5],[404100004],[206],2,999,999,999,2,2,,,,,
1321128,-1,,,,-1,0,-1,1,[71000],[151700],[151700],[20],[400],[3],[4],[5],[404100004],[206],2,999,999,999,2,2,,,,,
1321129,-1,,,,-1,0,-1,1,[98200],[210100],[210100],[27],[600],[3],[4],[5],[404100004],[206],2,999,999,999,2,2,,,,,
1321130,-1,,,,-1,0,-1,1,[136500],[291800],[291800],[1900|94|38],[700],[3],[4],[5],[237|250|404100004],[206],2,999,999,999,2,2,,,,,
1321131,-1,,,,-1,0,-1,1,[1|1],,,,,[161004|405230001],,,,,2,2,-1,-1,-1,-1,,,,,
1321132,-1,,,,-1,0,-1,1,[1|1|1],,,,,[161004|161005|405230001],,,,,2,2,-1,-1,-1,-1,,,,,
1321133,-1,,,,-1,0,-1,1,[2|1|1],,,,,[161004|161005|405230002],,,,,2,2,-1,-1,-1,-1,,,,,
1321134,-1,,,,-1,0,-1,1,[1|1],,,,,[161004|405230001],,,,,2,2,-1,-1,-1,-1,,,,,
1321135,-1,,,,-1,0,-1,1,[1|1|1],,,,,[161004|161005|405230001],,,,,2,2,-1,-1,-1,-1,,,,,
1321136,-1,,,,-1,0,-1,1,[2|1|1],,,,,[161004|161005|405230002],,,,,2,2,-1,-1,-1,-1,,,,,
1321137,-1,,,,-1,0,-1,1,[1|1],,,,,[161004|405230001],,,,,2,2,-1,-1,-1,-1,,,,,
1321138,-1,,,,-1,0,-1,1,[1|1|1],,,,,[161004|161005|405230001],,,,,2,2,-1,-1,-1,-1,,,,,
1321139,-1,,,,-1,0,-1,1,[2|1|1],,,,,[161004|161005|405230002],,,,,2,2,-1,-1,-1,-1,,,,,
1321140,-1,,,,-1,0,-1,1,[2|1|1],,,,,[161004|161005|405230003],,,,,2,2,-1,-1,-1,-1,,,,,
1321141,-1,,,,-1,0,-1,1,[4370],[9340],[9340],,,[3],[4],[5],,,2,999,999,999,-1,-1,,,,,
1321142,-1,,,,-1,0,-1,1,[7100],[15170],[15170],,,[3],[4],[5],,,2,999,999,999,-1,-1,,,,,
1321143,-1,,,,-1,0,-1,1,[9820],[21010],[21010],,,[3],[4],[5],,,2,999,999,999,-1,-1,,,,,
1321144,-1,,,,-1,0,-1,1,[4370],[9340],[9340],,,[3],[4],[5],,,2,999,999,999,-1,-1,,,,,
1321145,-1,,,,-1,0,-1,1,[7100],[15170],[15170],,,[3],[4],[5],,,2,999,999,999,-1,-1,,,,,
1321146,-1,,,,-1,0,-1,1,[9820],[21010],[21010],,,[3],[4],[5],,,2,999,999,999,-1,-1,,,,,
1321147,-1,,,,-1,0,-1,1,[4370],[9340],[9340],,,[3],[4],[5],,,2,999,999,999,-1,-1,,,,,
1321148,-1,,,,-1,0,-1,1,[7100],[15170],[15170],,,[3],[4],[5],,,2,999,999,999,-1,-1,,,,,
1321149,-1,,,,-1,0,-1,1,[9820],[21010],[21010],,,[3],[4],[5],,,2,999,999,999,-1,-1,,,,,
1321150,-1,,,,-1,0,-1,1,[13650],[29180],[29180],,,[3],[4],[5],,,2,999,999,999,-1,-1,,,,,
1321151,-1,,,,-1,0,-1,1,[17200],[32700],[32700],[400],[200],[3],[4],[5],[237],[206],2,999,999,999,2,2,,,,,
1321152,-1,,,,-1,0,-1,1,[27900],[53100],[53100],[700],[300],[3],[4],[5],[237],[206],2,999,999,999,2,2,,,,,
1321153,-1,,,,-1,0,-1,1,[38700],[73500],[73500],[900],[400],[3],[4],[5],[237],[206],2,999,999,999,2,2,,,,,
1321154,-1,,,,-1,0,-1,1,[17200],[32700],[32700],[12],[200],[3],[4],[5],[250],[206],2,999,999,999,2,2,,,,,
1321155,-1,,,,-1,0,-1,1,[27900],[53100],[53100],[20],[300],[3],[4],[5],[250],[206],2,999,999,999,2,2,,,,,
1321156,-1,,,,-1,0,-1,1,[38700],[73500],[73500],[27],[400],[3],[4],[5],[250],[206],2,999,999,999,2,2,,,,,
1321157,-1,,,,-1,0,-1,1,[17200],[32700],[32700],[2],[200],[3],[4],[5],[404100004],[206],2,999,999,999,2,2,,,,,
1321158,-1,,,,-1,0,-1,1,[27900],[53100],[53100],[3],[300],[3],[4],[5],[404100004],[206],2,999,999,999,2,2,,,,,
1321159,-1,,,,-1,0,-1,1,[38700],[73500],[73500],[4],[400],[3],[4],[5],[404100004],[206],2,999,999,999,2,2,,,,,
1321160,-1,,,,-1,0,-1,1,[53700],[102100],[102100],[1300|38|5],[500],[3],[4],[5],[237|250|404100004],[206],2,999,999,999,2,2,,,,,
1321161,-1,,,,-1,0,-1,1,[1],,,,,[161004],,,,,2,2,-1,-1,-1,-1,,,,,
1321162,-1,,,,-1,0,-1,1,[1|1],,,,,[161004|161005],,,,,2,2,-1,-1,-1,-1,,,,,
1321163,-1,,,,-1,0,-1,1,[2|1],,,,,[161004|161005],,,,,2,2,-1,-1,-1,-1,,,,,
1321164,-1,,,,-1,0,-1,1,[1],,,,,[161004],,,,,2,2,-1,-1,-1,-1,,,,,
1321165,-1,,,,-1,0,-1,1,[1|1],,,,,[161004|161005],,,,,2,2,-1,-1,-1,-1,,,,,
1321166,-1,,,,-1,0,-1,1,[2|1],,,,,[161004|161005],,,,,2,2,-1,-1,-1,-1,,,,,
1321167,-1,,,,-1,0,-1,1,[1],,,,,[161004],,,,,2,2,-1,-1,-1,-1,,,,,
1321168,-1,,,,-1,0,-1,1,[1|1],,,,,[161004|161005],,,,,2,2,-1,-1,-1,-1,,,,,
1321169,-1,,,,-1,0,-1,1,[2|1],,,,,[161004|161005],,,,,2,2,-1,-1,-1,-1,,,,,
1321170,-1,,,,-1,0,-1,1,[2|1|1],,,,,[161004|161005|405230003],,,,,2,2,-1,-1,-1,-1,,,,,
1321171,-1,,,,-1,0,-1,1,[1720],[3270],[3270],,,[3],[4],[5],,,2,999,999,999,-1,-1,,,,,
1321172,-1,,,,-1,0,-1,1,[2790],[5310],[5310],,,[3],[4],[5],,,2,999,999,999,-1,-1,,,,,
1321173,-1,,,,-1,0,-1,1,[3870],[7350],[7350],,,[3],[4],[5],,,2,999,999,999,-1,-1,,,,,
1321174,-1,,,,-1,0,-1,1,[1720],[3270],[3270],,,[3],[4],[5],,,2,999,999,999,-1,-1,,,,,
1321175,-1,,,,-1,0,-1,1,[2790],[5310],[5310],,,[3],[4],[5],,,2,999,999,999,-1,-1,,,,,
1321176,-1,,,,-1,0,-1,1,[3870],[7350],[7350],,,[3],[4],[5],,,2,999,999,999,-1,-1,,,,,
1321177,-1,,,,-1,0,-1,1,[1720],[3270],[3270],,,[3],[4],[5],,,2,999,999,999,-1,-1,,,,,
1321178,-1,,,,-1,0,-1,1,[2790],[5310],[5310],,,[3],[4],[5],,,2,999,999,999,-1,-1,,,,,
1321179,-1,,,,-1,0,-1,1,[3870],[7350],[7350],,,[3],[4],[5],,,2,999,999,999,-1,-1,,,,,
1321180,-1,,,,-1,0,-1,1,[5370],[10210],[10210],,,[3],[4],[5],,,2,999,999,999,-1,-1,,,,,
1321181,-1,,,,-1,0,-1,1,[22900],[45900],[45900],[400],[200],[3],[4],[5],[237],[206],2,999,999,999,2,2,,,,,
1321182,-1,,,,-1,0,-1,1,[37300],[74500],[74500],[700],[300],[3],[4],[5],[237],[206],2,999,999,999,2,2,,,,,
1321183,-1,,,,-1,0,-1,1,[51600],[103200],[103200],[1000],[400],[3],[4],[5],[237],[206],2,999,999,999,2,2,,,,,
1321184,-1,,,,-1,0,-1,1,[22900],[45900],[45900],[16],[200],[3],[4],[5],[250],[206],2,999,999,999,2,2,,,,,
1321185,-1,,,,-1,0,-1,1,[37300],[74500],[74500],[26],[300],[3],[4],[5],[250],[206],2,999,999,999,2,2,,,,,
1321186,-1,,,,-1,0,-1,1,[51600],[103200],[103200],[36],[400],[3],[4],[5],[250],[206],2,999,999,999,2,2,,,,,
1321187,-1,,,,-1,0,-1,1,[22900],[45900],[45900],[3],[200],[3],[4],[5],[404100004],[206],2,999,999,999,2,2,,,,,
1321188,-1,,,,-1,0,-1,1,[37300],[74500],[74500],[5],[300],[3],[4],[5],[404100004],[206],2,999,999,999,2,2,,,,,
1321189,-1,,,,-1,0,-1,1,[51600],[103200],[103200],[7],[400],[3],[4],[5],[404100004],[206],2,999,999,999,2,2,,,,,
1321190,-1,,,,-1,0,-1,1,[71700],[143300],[143300],[1400|50|10],[600],[3],[4],[5],[237|250|404100004],[206],2,999,999,999,2,2,,,,,
1321191,-1,,,,-1,0,-1,1,[1],,,,,[161004],,,,,2,2,-1,-1,-1,-1,,,,,
1321192,-1,,,,-1,0,-1,1,[1|1],,,,,[161004|161005],,,,,2,2,-1,-1,-1,-1,,,,,
1321193,-1,,,,-1,0,-1,1,[2|1],,,,,[161004|161005],,,,,2,2,-1,-1,-1,-1,,,,,
1321194,-1,,,,-1,0,-1,1,[1],,,,,[161004],,,,,2,2,-1,-1,-1,-1,,,,,
1321195,-1,,,,-1,0,-1,1,[1|1],,,,,[161004|161005],,,,,2,2,-1,-1,-1,-1,,,,,
1321196,-1,,,,-1,0,-1,1,[2|1],,,,,[161004|161005],,,,,2,2,-1,-1,-1,-1,,,,,
1321197,-1,,,,-1,0,-1,1,[1],,,,,[161004],,,,,2,2,-1,-1,-1,-1,,,,,
1321198,-1,,,,-1,0,-1,1,[1|1],,,,,[161004|161005],,,,,2,2,-1,-1,-1,-1,,,,,
1321199,-1,,,,-1,0,-1,1,[2|1],,,,,[161004|161005],,,,,2,2,-1,-1,-1,-1,,,,,
1321200,-1,,,,-1,0,-1,1,[2|1|1],,,,,[161004|161005|405230003],,,,,2,2,-1,-1,-1,-1,,,,,
1321201,-1,,,,-1,0,-1,1,[2290],[4590],[4590],,,[3],[4],[5],,,2,999,999,999,-1,-1,,,,,
1321202,-1,,,,-1,0,-1,1,[3730],[7450],[7450],,,[3],[4],[5],,,2,999,999,999,-1,-1,,,,,
1321203,-1,,,,-1,0,-1,1,[5160],[10320],[10320],,,[3],[4],[5],,,2,999,999,999,-1,-1,,,,,
1321204,-1,,,,-1,0,-1,1,[2290],[4590],[4590],,,[3],[4],[5],,,2,999,999,999,-1,-1,,,,,
1321205,-1,,,,-1,0,-1,1,[3730],[7450],[7450],,,[3],[4],[5],,,2,999,999,999,-1,-1,,,,,
1321206,-1,,,,-1,0,-1,1,[5160],[10320],[10320],,,[3],[4],[5],,,2,999,999,999,-1,-1,,,,,
1321207,-1,,,,-1,0,-1,1,[2290],[4590],[4590],,,[3],[4],[5],,,2,999,999,999,-1,-1,,,,,
1321208,-1,,,,-1,0,-1,1,[3730],[7450],[7450],,,[3],[4],[5],,,2,999,999,999,-1,-1,,,,,
1321209,-1,,,,-1,0,-1,1,[5160],[10320],[10320],,,[3],[4],[5],,,2,999,999,999,-1,-1,,,,,
1321210,-1,,,,-1,0,-1,1,[7170],[14330],[14330],,,[3],[4],[5],,,2,999,999,999,-1,-1,,,,,
1321211,-1,,,,-1,0,-1,1,[29800],[61700],[61700],[500],[200],[3],[4],[5],[237],[206],2,999,999,999,2,2,,,,,
1321212,-1,,,,-1,0,-1,1,[44850],[100300],[100300],[800],[300],[3],[4],[5],[237],[206],2,999,999,999,2,2,,,,,
1321213,-1,,,,-1,0,-1,1,[67200],[138800],[138800],[1100],[400],[3],[4],[5],[237],[206],2,999,999,999,2,2,,,,,
1321214,-1,,,,-1,0,-1,1,[29800],[61700],[61700],[20],[200],[3],[4],[5],[250],[206],2,999,999,999,2,2,,,,,
1321215,-1,,,,-1,0,-1,1,[44850],[100300],[100300],[33],[300],[3],[4],[5],[250],[206],2,999,999,999,2,2,,,,,
1321216,-1,,,,-1,0,-1,1,[67200],[138800],[138800],[45],[400],[3],[4],[5],[250],[206],2,999,999,999,2,2,,,,,
1321217,-1,,,,-1,0,-1,1,[29800],[61700],[61700],[6],[200],[3],[4],[5],[404100004],[206],2,999,999,999,2,2,,,,,
1321218,-1,,,,-1,0,-1,1,[44850],[100300],[100300],[9],[300],[3],[4],[5],[404100004],[206],2,999,999,999,2,2,,,,,
1321219,-1,,,,-1,0,-1,1,[67200],[138800],[138800],[13],[400],[3],[4],[5],[404100004],[206],2,999,999,999,2,2,,,,,
1321220,-1,,,,-1,0,-1,1,[93300],[192800],[192800],[1500|63|18],[600],[3],[4],[5],[237|250|404100004],[206],2,999,999,999,2,2,,,,,
1321221,-1,,,,-1,0,-1,1,[1],,,,,[161004],,,,,2,2,-1,-1,-1,-1,,,,,
1321222,-1,,,,-1,0,-1,1,[1|1],,,,,[161004|161005],,,,,2,2,-1,-1,-1,-1,,,,,
1321223,-1,,,,-1,0,-1,1,[2|1],,,,,[161004|161005],,,,,2,2,-1,-1,-1,-1,,,,,
1321224,-1,,,,-1,0,-1,1,[1],,,,,[161004],,,,,2,2,-1,-1,-1,-1,,,,,
1321225,-1,,,,-1,0,-1,1,[1|1],,,,,[161004|161005],,,,,2,2,-1,-1,-1,-1,,,,,
1321226,-1,,,,-1,0,-1,1,[2|1],,,,,[161004|161005],,,,,2,2,-1,-1,-1,-1,,,,,
1321227,-1,,,,-1,0,-1,1,[1],,,,,[161004],,,,,2,2,-1,-1,-1,-1,,,,,
1321228,-1,,,,-1,0,-1,1,[1|1],,,,,[161004|161005],,,,,2,2,-1,-1,-1,-1,,,,,
1321229,-1,,,,-1,0,-1,1,[2|1],,,,,[161004|161005],,,,,2,2,-1,-1,-1,-1,,,,,
1321230,-1,,,,-1,0,-1,1,[2|1|1],,,,,[161004|161005|405230003],,,,,2,2,-1,-1,-1,-1,,,,,
1321231,-1,,,,-1,0,-1,1,[2980],[6170],[6170],,,[3],[4],[5],,,2,999,999,999,-1,-1,,,,,
1321232,-1,,,,-1,0,-1,1,[4485],[10030],[10030],,,[3],[4],[5],,,2,999,999,999,-1,-1,,,,,
1321233,-1,,,,-1,0,-1,1,[6720],[13880],[13880],,,[3],[4],[5],,,2,999,999,999,-1,-1,,,,,
1321234,-1,,,,-1,0,-1,1,[2980],[6170],[6170],,,[3],[4],[5],,,2,999,999,999,-1,-1,,,,,
1321235,-1,,,,-1,0,-1,1,[4485],[10030],[10030],,,[3],[4],[5],,,2,999,999,999,-1,-1,,,,,
1321236,-1,,,,-1,0,-1,1,[6720],[13880],[13880],,,[3],[4],[5],,,2,999,999,999,-1,-1,,,,,
1321237,-1,,,,-1,0,-1,1,[2980],[6170],[6170],,,[3],[4],[5],,,2,999,999,999,-1,-1,,,,,
1321238,-1,,,,-1,0,-1,1,[4485],[10030],[10030],,,[3],[4],[5],,,2,999,999,999,-1,-1,,,,,
1321239,-1,,,,-1,0,-1,1,[6720],[13880],[13880],,,[3],[4],[5],,,2,999,999,999,-1,-1,,,,,
1321240,-1,,,,-1,0,-1,1,[9330],[19280],[19280],,,[3],[4],[5],,,2,999,999,999,-1,-1,,,,,
1321241,-1,,,,-1,0,-1,1,[36800],[77500],[77500],[500],[200],[3],[4],[5],[237],[206],2,999,999,999,2,2,,,,,
1321242,-1,,,,-1,0,-1,1,[59700],[126000],[126000],[800],[300],[3],[4],[5],[237],[206],2,999,999,999,2,2,,,,,
1321243,-1,,,,-1,0,-1,1,[82700],[174500],[174500],[1200],[500],[3],[4],[5],[237],[206],2,999,999,999,2,2,,,,,
1321244,-1,,,,-1,0,-1,1,[36800],[77500],[77500],[24],[200],[3],[4],[5],[250],[206],2,999,999,999,2,2,,,,,
1321245,-1,,,,-1,0,-1,1,[59700],[126000],[126000],[39],[300],[3],[4],[5],[250],[206],2,999,999,999,2,2,,,,,
1321246,-1,,,,-1,0,-1,1,[82700],[174500],[174500],[54],[500],[3],[4],[5],[250],[206],2,999,999,999,2,2,,,,,
1321247,-1,,,,-1,0,-1,1,[36800],[77500],[77500],[8],[200],[3],[4],[5],[404100004],[206],2,999,999,999,2,2,,,,,
1321248,-1,,,,-1,0,-1,1,[59700],[126000],[126000],[13],[300],[3],[4],[5],[404100004],[206],2,999,999,999,2,2,,,,,
1321249,-1,,,,-1,0,-1,1,[82700],[174500],[174500],[18],[500],[3],[4],[5],[404100004],[206],2,999,999,999,2,2,,,,,
1321250,-1,,,,-1,0,-1,1,[114900],[242300],[242300],[1600|75|25],[700],[3],[4],[5],[237|250|404100004],[206],2,999,999,999,2,2,,,,,
1321251,-1,,,,-1,0,-1,1,[1],,,,,[161004],,,,,2,2,-1,-1,-1,-1,,,,,
1321252,-1,,,,-1,0,-1,1,[1|1],,,,,[161004|161005],,,,,2,2,-1,-1,-1,-1,,,,,
1321253,-1,,,,-1,0,-1,1,[2|1],,,,,[161004|161005],,,,,2,2,-1,-1,-1,-1,,,,,
1321254,-1,,,,-1,0,-1,1,[1],,,,,[161004],,,,,2,2,-1,-1,-1,-1,,,,,
1321255,-1,,,,-1,0,-1,1,[1|1],,,,,[161004|161005],,,,,2,2,-1,-1,-1,-1,,,,,
1321256,-1,,,,-1,0,-1,1,[2|1],,,,,[161004|161005],,,,,2,2,-1,-1,-1,-1,,,,,
1321257,-1,,,,-1,0,-1,1,[1],,,,,[161004],,,,,2,2,-1,-1,-1,-1,,,,,
1321258,-1,,,,-1,0,-1,1,[1|1],,,,,[161004|161005],,,,,2,2,-1,-1,-1,-1,,,,,
1321259,-1,,,,-1,0,-1,1,[2|1],,,,,[161004|161005],,,,,2,2,-1,-1,-1,-1,,,,,
1321260,-1,,,,-1,0,-1,1,[2|1|1],,,,,[161004|161005|405230003],,,,,2,2,-1,-1,-1,-1,,,,,
1321261,-1,,,,-1,0,-1,1,[3680],[7750],[7750],,,[3],[4],[5],,,2,999,999,999,-1,-1,,,,,
1321262,-1,,,,-1,0,-1,1,[5970],[12600],[12600],,,[3],[4],[5],,,2,999,999,999,-1,-1,,,,,
1321263,-1,,,,-1,0,-1,1,[8270],[17450],[17450],,,[3],[4],[5],,,2,999,999,999,-1,-1,,,,,
1321264,-1,,,,-1,0,-1,1,[3680],[7750],[7750],,,[3],[4],[5],,,2,999,999,999,-1,-1,,,,,
1321265,-1,,,,-1,0,-1,1,[5970],[12600],[12600],,,[3],[4],[5],,,2,999,999,999,-1,-1,,,,,
1321266,-1,,,,-1,0,-1,1,[8270],[17450],[17450],,,[3],[4],[5],,,2,999,999,999,-1,-1,,,,,
1321267,-1,,,,-1,0,-1,1,[3680],[7750],[7750],,,[3],[4],[5],,,2,999,999,999,-1,-1,,,,,
1321268,-1,,,,-1,0,-1,1,[5970],[12600],[12600],,,[3],[4],[5],,,2,999,999,999,-1,-1,,,,,
1321269,-1,,,,-1,0,-1,1,[8270],[17450],[17450],,,[3],[4],[5],,,2,999,999,999,-1,-1,,,,,
1321270,-1,,,,-1,0,-1,1,[11490],[24230],[24230],,,[3],[4],[5],,,2,999,999,999,-1,-1,,,,,
1321271,-1,,,,-1,0,-1,1,[43700],[93400],[93400],[600],[200],[3],[4],[5],[237],[206],2,999,999,999,2,2,,,,,
1321272,-1,,,,-1,0,-1,1,[71000],[151700],[151700],[1000],[400],[3],[4],[5],[237],[206],2,999,999,999,2,2,,,,,
1321273,-1,,,,-1,0,-1,1,[98200],[210100],[210100],[1400],[600],[3],[4],[5],[237],[206],2,999,999,999,2,2,,,,,
1321274,-1,,,,-1,0,-1,1,[43700],[93400],[93400],[30],[200],[3],[4],[5],[250],[206],2,999,999,999,2,2,,,,,
1321275,-1,,,,-1,0,-1,1,[71000],[151700],[151700],[49],[400],[3],[4],[5],[250],[206],2,999,999,999,2,2,,,,,
1321276,-1,,,,-1,0,-1,1,[98200],[210100],[210100],[68],[600],[3],[4],[5],[250],[206],2,999,999,999,2,2,,,,,
1321277,-1,,,,-1,0,-1,1,[43700],[93400],[93400],[12],[200],[3],[4],[5],[404100004],[206],2,999,999,999,2,2,,,,,
1321278,-1,,,,-1,0,-1,1,[71000],[151700],[151700],[20],[400],[3],[4],[5],[404100004],[206],2,999,999,999,2,2,,,,,
1321279,-1,,,,-1,0,-1,1,[98200],[210100],[210100],[27],[600],[3],[4],[5],[404100004],[206],2,999,999,999,2,2,,,,,
1321280,-1,,,,-1,0,-1,1,[136500],[291800],[291800],[1900|94|38],[700],[3],[4],[5],[237|250|404100004],[206],2,999,999,999,2,2,,,,,
1321281,-1,,,,-1,0,-1,1,[1],,,,,[161004],,,,,2,2,-1,-1,-1,-1,,,,,
1321282,-1,,,,-1,0,-1,1,[1|1],,,,,[161004|161005],,,,,2,2,-1,-1,-1,-1,,,,,
1321283,-1,,,,-1,0,-1,1,[2|1],,,,,[161004|161005],,,,,2,2,-1,-1,-1,-1,,,,,
1321284,-1,,,,-1,0,-1,1,[1],,,,,[161004],,,,,2,2,-1,-1,-1,-1,,,,,
1321285,-1,,,,-1,0,-1,1,[1|1],,,,,[161004|161005],,,,,2,2,-1,-1,-1,-1,,,,,
1321286,-1,,,,-1,0,-1,1,[2|1],,,,,[161004|161005],,,,,2,2,-1,-1,-1,-1,,,,,
1321287,-1,,,,-1,0,-1,1,[1],,,,,[161004],,,,,2,2,-1,-1,-1,-1,,,,,
1321288,-1,,,,-1,0,-1,1,[1|1],,,,,[161004|161005],,,,,2,2,-1,-1,-1,-1,,,,,
1321289,-1,,,,-1,0,-1,1,[2|1],,,,,[161004|161005],,,,,2,2,-1,-1,-1,-1,,,,,
1321290,-1,,,,-1,0,-1,1,[2|1|1],,,,,[161004|161005|405230003],,,,,2,2,-1,-1,-1,-1,,,,,
1321291,-1,,,,-1,0,-1,1,[4370],[9340],[9340],,,[3],[4],[5],,,2,999,999,999,-1,-1,,,,,
1321292,-1,,,,-1,0,-1,1,[7100],[15170],[15170],,,[3],[4],[5],,,2,999,999,999,-1,-1,,,,,
1321293,-1,,,,-1,0,-1,1,[9820],[21010],[21010],,,[3],[4],[5],,,2,999,999,999,-1,-1,,,,,
1321294,-1,,,,-1,0,-1,1,[4370],[9340],[9340],,,[3],[4],[5],,,2,999,999,999,-1,-1,,,,,
1321295,-1,,,,-1,0,-1,1,[7100],[15170],[15170],,,[3],[4],[5],,,2,999,999,999,-1,-1,,,,,
1321296,-1,,,,-1,0,-1,1,[9820],[21010],[21010],,,[3],[4],[5],,,2,999,999,999,-1,-1,,,,,
1321297,-1,,,,-1,0,-1,1,[4370],[9340],[9340],,,[3],[4],[5],,,2,999,999,999,-1,-1,,,,,
1321298,-1,,,,-1,0,-1,1,[7100],[15170],[15170],,,[3],[4],[5],,,2,999,999,999,-1,-1,,,,,
1321299,-1,,,,-1,0,-1,1,[9820],[21010],[21010],,,[3],[4],[5],,,2,999,999,999,-1,-1,,,,,
1321300,-1,,,,-1,0,-1,1,[13650],[29180],[29180],,,[3],[4],[5],,,2,999,999,999,-1,-1,,,,,
3001,-1,,,,-1,-1,-1,1,[2],,,,,[3],,,,,2,999,-1,-1,-1,-1,,,,,
3002,-1,,,,-1,-1,-1,1,[10],,,,,[3],,,,,2,999,-1,-1,-1,-1,,,,,
3003,-1,,,,-1,-1,-1,1,[20],,,,,[3],,,,,2,999,-1,-1,-1,-1,,,,,
3004,-1,,,,-1,-1,-1,1,[30],,,,,[3],,,,,2,999,-1,-1,-1,-1,,,,,
3005,-1,,,,-1,-1,-1,1,[40],,,,,[3],,,,,2,999,-1,-1,-1,-1,,,,,
3006,-1,,,,-1,-1,-1,1,[50],,,,,[3],,,,,2,999,-1,-1,-1,-1,,,,,
3007,-1,,,,-1,-1,-1,1,[60],,,,,[3],,,,,2,999,-1,-1,-1,-1,,,,,
3008,-1,,,,-1,-1,-1,1,[70],,,,,[3],,,,,2,999,-1,-1,-1,-1,,,,,
3009,-1,,,,-1,-1,-1,1,[80],,,,,[3],,,,,2,999,-1,-1,-1,-1,,,,,
3010,-1,,,,-1,-1,-1,1,[90],,,,,[3],,,,,2,999,-1,-1,-1,-1,,,,,
3011,-1,,,,-1,-1,-1,1,[1],,,,,[206001],,,,,2,2,-1,-1,-1,-1,,,,,
3012,-1,,,,-1,-1,-1,1,[150],,,,,[3],,,,,2,999,-1,-1,-1,-1,,,,,
3013,-1,,,,-1,-1,-1,1,[2],,,,,[206001],,,,,2,2,-1,-1,-1,-1,,,,,
3014,-1,,,,-1,-1,-1,1,[10],,,,,[4],,,,,2,999,-1,-1,-1,-1,,,,,
3015,-1,,,,-1,-1,-1,1,[20],,,,,[4],,,,,2,999,-1,-1,-1,-1,,,,,
3016,-1,,,,-1,-1,-1,1,[40],,,,,[4],,,,,2,999,-1,-1,-1,-1,,,,,
3017,-1,,,,-1,-1,-1,1,[60],,,,,[4],,,,,2,999,-1,-1,-1,-1,,,,,
3018,-1,,,,-1,-1,-1,1,[80],,,,,[4],,,,,2,999,-1,-1,-1,-1,,,,,
3019,-1,,,,-1,-1,-1,1,[100],,,,,[4],,,,,2,999,-1,-1,-1,-1,,,,,
3020,-1,,,,-1,-1,-1,1,[120],,,,,[4],,,,,2,999,-1,-1,-1,-1,,,,,
3021,-1,,,,-1,-1,-1,1,[140],,,,,[4],,,,,2,999,-1,-1,-1,-1,,,,,
3022,-1,,,,-1,-1,-1,1,[160],,,,,[4],,,,,2,999,-1,-1,-1,-1,,,,,
3023,-1,,,,-1,-1,-1,1,[180],,,,,[4],,,,,2,999,-1,-1,-1,-1,,,,,
3024,-1,,,,-1,-1,-1,1,[1],,,,,[206101],,,,,2,2,-1,-1,-1,-1,,,,,
3025,-1,,,,-1,-1,-1,1,[300],,,,,[4],,,,,2,999,-1,-1,-1,-1,,,,,
3026,-1,,,,-1,-1,-1,1,[2],,,,,[206101],,,,,2,2,-1,-1,-1,-1,,,,,
3027,-1,,,,-1,-1,-1,1,[10],,,,,[5],,,,,2,999,-1,-1,-1,-1,,,,,
3028,-1,,,,-1,-1,-1,1,[20],,,,,[5],,,,,2,999,-1,-1,-1,-1,,,,,
3029,-1,,,,-1,-1,-1,1,[40],,,,,[5],,,,,2,999,-1,-1,-1,-1,,,,,
3030,-1,,,,-1,-1,-1,1,[60],,,,,[5],,,,,2,999,-1,-1,-1,-1,,,,,
3031,-1,,,,-1,-1,-1,1,[80],,,,,[5],,,,,2,999,-1,-1,-1,-1,,,,,
3032,-1,,,,-1,-1,-1,1,[100],,,,,[5],,,,,2,999,-1,-1,-1,-1,,,,,
3033,-1,,,,-1,-1,-1,1,[120],,,,,[5],,,,,2,999,-1,-1,-1,-1,,,,,
3034,-1,,,,-1,-1,-1,1,[140],,,,,[5],,,,,2,999,-1,-1,-1,-1,,,,,
3035,-1,,,,-1,-1,-1,1,[160],,,,,[5],,,,,2,999,-1,-1,-1,-1,,,,,
3036,-1,,,,-1,-1,-1,1,[180],,,,,[5],,,,,2,999,-1,-1,-1,-1,,,,,
3037,-1,,,,-1,-1,-1,1,[1],,,,,[206201],,,,,2,2,-1,-1,-1,-1,,,,,
3038,-1,,,,-1,-1,-1,1,[450],,,,,[5],,,,,2,999,-1,-1,-1,-1,,,,,
3039,-1,,,,-1,-1,-1,1,[2],,,,,[206201],,,,,2,2,-1,-1,-1,-1,,,,,
3040,-1,,,,-1,-1,-1,1,[1],,,,,[201],,,,,2,2,-1,-1,-1,-1,,,,,
3041,-1,,,,-1,-1,-1,1,[50],,,,,[6],,,,,2,999,-1,-1,-1,-1,,,,,
3042,-1,,,,-1,-1,-1,1,[1],,,,,[208002],,,,,2,2,-1,-1,-1,-1,,,,,
3043,-1,,,,-1,-1,-1,1,[3],,,,,[208002],,,,,2,2,-1,-1,-1,-1,,,,,
3044,-1,,,,-1,-1,-1,1,[50],,,,,[3],,,,,2,999,-1,-1,-1,-1,,,,,
3045,-1,,,,-1,-1,-1,1,[100],,,,,[3],,,,,2,999,-1,-1,-1,-1,,,,,
3046,-1,,,,-1,-1,-1,1,[300],,,,,[3],,,,,2,999,-1,-1,-1,-1,,,,,
3047,-1,,,,-1,-1,-1,1,[20],,,,,[206],,,,,2,2,-1,-1,-1,-1,,,,,
3048,-1,,,,-1,-1,-1,1,[40],,,,,[206],,,,,2,2,-1,-1,-1,-1,,,,,
3049,-1,,,,-1,-1,-1,1,[80],,,,,[206],,,,,2,2,-1,-1,-1,-1,,,,,
3050,-1,,,,-1,-1,-1,1,[120],,,,,[206],,,,,2,2,-1,-1,-1,-1,,,,,
3051,-1,,,,-1,-1,-1,1,[160],,,,,[206],,,,,2,2,-1,-1,-1,-1,,,,,
3052,-1,,,,-1,-1,-1,1,[8],[8],,,,[206101],[206201],,,,2,2,2,-1,-1,-1,,,,,
3053,-1,,,,-1,-1,-1,1,[15],[15],,,,[206101],[206201],,,,2,2,2,-1,-1,-1,,,,,
3054,-1,,,,-1,-1,-1,1,[30],[30],,,,[206101],[206201],,,,2,2,2,-1,-1,-1,,,,,
3055,-1,,,,-1,-1,-1,1,[45],[45],,,,[206101],[206201],,,,2,2,2,-1,-1,-1,,,,,
3056,-1,,,,-1,-1,-1,1,[40],,,,,[404100002],,,,,2,2,-1,-1,-1,-1,,,,,
3057,-1,,,,-1,-1,-1,1,[10],,,,,[2],,,,,2,999,-1,-1,-1,-1,,,,,
3058,-1,,,,-1,-1,-1,1,[20],,,,,[2],,,,,2,999,-1,-1,-1,-1,,,,,
3059,-1,,,,-1,-1,-1,1,[30],,,,,[2],,,,,2,999,-1,-1,-1,-1,,,,,
3060,-1,,,,-1,-1,-1,1,[50],,,,,[2],,,,,2,999,-1,-1,-1,-1,,,,,
3061,-1,,,,-1,-1,-1,1,[80],,,,,[2],,,,,2,999,-1,-1,-1,-1,,,,,
3062,-1,,,,-1,-1,-1,1,[100],,,,,[2],,,,,2,999,-1,-1,-1,-1,,,,,
3063,-1,,,,-1,-1,-1,1,,,,,,,,,,,2,-1,-1,-1,-1,-1,,,,,
3064,-1,,,,-1,-1,-1,1,[1],[1],,,,[206101],[402],,,,2,2,2,-1,-1,-1,,,,,
3065,-1,,,,-1,-1,-1,1,[40],[1],,,,[206101],[402],,,,2,2,2,-1,-1,-1,,,,,
3066,-1,,,,-1,-1,-1,1,[5],,,,,[200401],,,,,2,2,-1,-1,-1,-1,,,,,
3067,-1,,,,-1,-1,-1,1,[5],,,,,[200402],,,,,2,2,-1,-1,-1,-1,,,,,
3068,-1,,,,-1,-1,-1,1,[50],,,,,[1001],,,,,2,9,-1,-1,-1,-1,,,,,
3069,-1,,,,-1,-1,-1,1,[50],,,,,[2001],,,,,2,9,-1,-1,-1,-1,,,,,
3070,-1,,,,-1,-1,-1,1,[50],,,,,[3001],,,,,2,9,-1,-1,-1,-1,,,,,
3071,-1,,,,-1,-1,-1,1,[200],[200],[200],[4],,[1001],[2001],[3001],[206201],,2,9,9,9,2,-1,,,,,
3072,-1,,,,-1,-1,-1,1,[50],[50],[50],,,[1001],[2001],[3001],,,2,9,9,9,-1,-1,,,,,
3073,-1,,,,-1,-1,-1,1,[8],,,,,[206101],,,,,2,2,-1,-1,-1,-1,,,,,
3074,-1,,,,-1,-1,-1,1,[16],,,,,[206101],,,,,2,2,-1,-1,-1,-1,,,,,
3075,-1,,,,-1,-1,-1,1,[24],,,,,[206101],,,,,2,2,-1,-1,-1,-1,,,,,
3076,-1,,,,-1,-1,-1,1,[32],,,,,[206101],,,,,2,2,-1,-1,-1,-1,,,,,
3077,-1,,,,-1,-1,-1,1,[40],,,,,[206101],,,,,2,2,-1,-1,-1,-1,,,,,
3078,-1,,,,-1,-1,-1,1,[48],,,,,[206101],,,,,2,2,-1,-1,-1,-1,,,,,
3079,-1,,,,-1,-1,-1,1,[56],,,,,[206101],,,,,2,2,-1,-1,-1,-1,,,,,
3080,-1,,,,-1,-1,-1,1,[64],,,,,[206101],,,,,2,2,-1,-1,-1,-1,,,,,
3081,-1,,,,-1,-1,-1,1,[8],,,,,[206201],,,,,2,2,-1,-1,-1,-1,,,,,
3082,-1,,,,-1,-1,-1,1,[16],,,,,[206201],,,,,2,2,-1,-1,-1,-1,,,,,
3083,-1,,,,-1,-1,-1,1,[24],,,,,[206201],,,,,2,2,-1,-1,-1,-1,,,,,
3084,-1,,,,-1,-1,-1,1,[32],,,,,[206201],,,,,2,2,-1,-1,-1,-1,,,,,
3085,-1,,,,-1,-1,-1,1,[40],,,,,[206201],,,,,2,2,-1,-1,-1,-1,,,,,
3086,-1,,,,-1,-1,-1,1,[48],,,,,[206201],,,,,2,2,-1,-1,-1,-1,,,,,
3087,-1,,,,-1,-1,-1,1,[56],,,,,[206201],,,,,2,2,-1,-1,-1,-1,,,,,
3088,-1,,,,-1,-1,-1,1,[64],,,,,[206201],,,,,2,2,-1,-1,-1,-1,,,,,
3089,-1,,,,-1,-1,-1,1,[2],,,,,[208002],,,,,2,2,-1,-1,-1,-1,,,,,
3090,-1,,,,-1,-1,-1,1,[4],,,,,[208002],,,,,2,2,-1,-1,-1,-1,,,,,
3091,-1,,,,-1,-1,-1,1,[5],,,,,[206001],,,,,2,2,-1,-1,-1,-1,,,,,
3092,-1,,,,-1,-1,-1,1,[10],,,,,[206001],,,,,2,2,-1,-1,-1,-1,,,,,
3093,-1,,,,-1,-1,-1,1,[5],,,,,[200102],,,,,2,2,-1,-1,-1,-1,,,,,
3094,-1,,,,-1,-1,-1,1,[10],,,,,[200102],,,,,2,2,-1,-1,-1,-1,,,,,
3095,-1,,,,-1,-1,-1,1,[10],,,,,[250],,,,,2,2,-1,-1,-1,-1,,,,,
3096,-1,,,,-1,-1,-1,1,[20],,,,,[250],,,,,2,2,-1,-1,-1,-1,,,,,
3097,-1,,,,-1,-1,-1,1,[25],,,,,[7],,,,,2,999,-1,-1,-1,-1,,,,,
3098,-1,,,,-1,-1,-1,1,[50],[50],,,,[206201],[206101],,,,2,2,2,-1,-1,-1,,,,,
3099,-1,,,,-1,-1,-1,1,[400],,,,,[206],,,,,2,2,-1,-1,-1,-1,,,,,
3100,-1,,,,-1,-1,-1,1,[60],,,,,[206101],,,,,2,2,-1,-1,-1,-1,,,,,
3101,-1,,,,-1,-1,-1,1,[120],,,,,[206101],,,,,2,2,-1,-1,-1,-1,,,,,
3102,-1,,,,-1,-1,-1,1,[180],,,,,[206101],,,,,2,2,-1,-1,-1,-1,,,,,
3103,-1,,,,-1,-1,-1,1,[60],,,,,[206201],,,,,2,2,-1,-1,-1,-1,,,,,
3104,-1,,,,-1,-1,-1,1,[120],,,,,[206201],,,,,2,2,-1,-1,-1,-1,,,,,
3105,-1,,,,-1,-1,-1,1,[180],,,,,[206201],,,,,2,2,-1,-1,-1,-1,,,,,
3106,-1,,,,-1,-1,-1,1,[3],,,,,[206001],,,,,2,2,-1,-1,-1,-1,,,,,
3107,-1,,,,-1,-1,-1,1,[3],,,,,[206001],,,,,2,2,-1,-1,-1,-1,,,,,
3108,-1,,,,-1,-1,-1,1,[3],,,,,[206001],,,,,2,2,-1,-1,-1,-1,,,,,
3109,-1,,,,-1,-1,-1,1,[1],,,,,[203034],,,,,2,2,-1,-1,-1,-1,,,,,
3110,-1,,,,-1,-1,-1,1,[2],,,,,[203034],,,,,2,2,-1,-1,-1,-1,,,,,
3111,-1,,,,-1,-1,-1,1,[20],[20],[20],,,[1001],[2001],[3001],,,2,9,9,9,-1,-1,,,,,
3201,-1,,,,-1,-1,-1,1,[10],[10],,,,[1001],[3001],,,,2,9,9,-1,-1,-1,,,,,
3202,-1,,,,-1,-1,-1,1,[10],,,,,[3001],,,,,2,9,-1,-1,-1,-1,,,,,
3203,-1,,,,-1,-1,-1,1,[10],,,,,[1001],,,,,2,9,-1,-1,-1,-1,,,,,
3204,-1,,,,-1,-1,-1,1,[10],,,,,[2001],,,,,2,9,-1,-1,-1,-1,,,,,
3205,-1,,,,-1,-1,-1,1,[20],,,,,[3001],,,,,2,9,-1,-1,-1,-1,,,,,
3206,-1,,,,-1,-1,-1,1,[20],,,,,[1001],,,,,2,9,-1,-1,-1,-1,,,,,
3207,-1,,,,-1,-1,-1,1,[20],,,,,[2001],,,,,2,9,-1,-1,-1,-1,,,,,
4951,-1,,,,-1,-1,-1,1,[1000],[2],[5],[1],,[8],[201],[206104],[100002],,2,999,2,2,2,-1,,,,,
5001,-1,,,,-1,-1,-1,1,[1000],[20],[5],[5],,[8],[200001],[206104],[200101],,2,999,2,2,2,-1,,,,,
5002,-1,,,,-1,-1,-1,1,[1000],[1],[5],[5],,[8],[404100004],[206204],[200201],,2,999,2,2,2,-1,,,,,
5003,-1,,,,-1,-1,-1,1,[1000],[200],[5],[5],,[8],[6],[206104],[200101],,2,999,999,2,2,-1,,,,,
5004,-1,,,,-1,-1,-1,1,[1000],[50],[5],[5],,[8],[2],[206204],[200201],,2,999,999,2,2,-1,,,,,
5005,-1,,,,-1,-1,-1,1,[1000],[1],[5],[5],,[8],[201],[206104],[200101],,2,999,2,2,2,-1,,,,,
5006,-1,,,,-1,-1,-1,1,[1000],[25],[5],[5],,[8],[200401],[206204],[200201],,2,999,2,2,2,-1,,,,,
5007,-1,,,,-1,-1,-1,1,[1000],[25],[5],[5],,[8],[200401],[206104],[200101],,2,999,2,2,2,-1,,,,,
4952,-1,,,,-1,-1,-1,1,[1000],[1],[5],[5],,[8],[201],[206204],[200201],,2,999,2,2,2,-1,,,,,
4953,-1,,,,-1,-1,-1,1,[1000],[1],[5],[5],,[8],[201],[206104],[200101],,2,999,2,2,2,-1,,,,,
4954,-1,,,,-1,-1,-1,1,[1000],[20],[5],[5],,[8],[200401],[206204],[200201],,2,999,2,2,2,-1,,,,,
4955,-1,,,,-1,-1,-1,1,[1000],[1],[5],[5],,[8],[201],[206104],[200101],,2,999,2,2,2,-1,,,,,
5008,-1,,,,-1,-1,-1,1,[1000],[2],[6],[5],,[8],[250],[200001],[200201],,2,999,2,2,2,-1,,,,,
5010,-1,,,,-1,-1,-1,1,[1000],[1],[5],[5],,[8],[201],[206204],[200101],,2,999,2,2,2,-1,,,,,
5009,-1,,,,-1,-1,-1,1,[1000],[200],[6],[5],,[8],[6],[200001],[200201],,2,999,999,2,2,-1,,,,,
4956,-1,,,,-1,-1,-1,1,[200],[1],,[5],,[8],[404100004],,[200101],,2,998,2,-1,2,-1,,,,,
4957,-1,,,,-1,-1,-1,1,[200],[200],[6],[5],,[8],[6],[200001],[200201],,2,998,999,2,2,-1,,,,,
4958,-1,,,,-1,-1,-1,1,[1000],[2],[5],[1],,[8],[201],[206104],[100002],,2,999,2,2,2,-1,,,,,
5011,-1,,,,-1,-1,-1,1,[300],[6],[5],,,[8],[200001],[206104],,,2,998,2,2,-1,-1,,,,,
5012,-1,,,,-1,-1,-1,1,[500],[1],[5],,,[8],[404100004],[206204],,,2,998,2,2,-1,-1,,,,,
5017,-1,,,,-1,-1,-1,1,[500],[25],[5],[6],,[8],[200401],[206104],[200101],,2,998,2,2,2,-1,,,,,
5021,-1,,,,-1,-1,-1,1,[500],[1],[5],[6],,[8],[201],[206204],[200201],,2,998,2,2,2,-1,,,,,
4959,-1,,,,-1,-1,-1,1,[1000],[25],[5],[6],,[8],[200401],[206204],[200101],,2,999,2,2,2,-1,,,,,
5020,-1,,,,-1,-1,-1,1,[500],[1],[5],[6],,[8],[201],[206204],[200201],,2,998,2,2,2,-1,,,,,
5013,-1,,,,-1,-1,-1,1,[500],[200],[5],,,[8],[6],[206104],,,2,998,999,2,-1,-1,,,,,
4960,-1,,,,-1,-1,-1,1,[1000],[1],[5],[6],,[8],[201],[206104],[200101],,2,999,2,2,2,-1,,,,,
4961,-1,,,,-1,-1,-1,1,[1000],[1],[5],[6],,[8],[201],[206104],[200201],,2,999,2,2,2,-1,,,,,
5016,-1,,,,-1,-1,-1,1,[300],[25],[5],[6],,[8],[200401],[206204],[200101],,2,998,2,2,2,-1,,,,,
5022,-1,,,,-1,-1,-1,1,[200],[1],,[6],,[8],[404100004],,[200201],,2,998,2,-1,2,-1,,,,,
5015,-1,,,,-1,-1,-1,1,[500],[1],[5],[6],,[8],[201],[206104],[200101],,2,998,2,2,2,-1,,,,,
5014,-1,,,,-1,-1,-1,1,[400],[50],[5],[6],,[8],[2],[206104],[200201],,2,998,999,2,2,-1,,,,,
5018,-1,,,,-1,-1,-1,1,[500],[2],[6],,,[8],[250],[200001],,,2,998,2,2,-1,-1,,,,,
5019,-1,,,,-1,-1,-1,1,[500],[200],[6],,,[8],[6],[200001],,,2,998,999,2,-1,-1,,,,,
5023,-1,,,,-1,-1,-1,1,[200],[6],,,,[8],[200001],,,,2,998,2,-1,-1,-1,,,,,
5024,-1,,,,-1,-1,-1,1,[200],[200],[6],,,[8],[6],[200001],,,2,998,999,2,-1,-1,,,,,
5025,-1,,,,-1,-1,-1,1,[100],[50],[3],,,[8],[2],[200001],,,2,998,999,2,-1,-1,,,,,
5026,-1,,,,-1,-1,-1,1,[100],[1],[5],[6],,[8],[208],[206204],[200201],,2,998,2,2,2,-1,,,,,
5031,-1,,,,-1,-1,-1,1,[300],[6],[10],,,[8],[200001],[206104],,,2,998,2,2,-1,-1,,,,,
5032,-1,,,,-1,-1,-1,1,[500],[1],[10],,,[8],[404100004],[206204],,,2,998,2,2,-1,-1,,,,,
5033,-1,,,,-1,-1,-1,1,[500],[3000],[10],,,[8],[6],[206104],,,2,998,999,2,-1,-1,,,,,
5034,-1,,,,-1,-1,-1,1,[400],[50],[10],,,[8],[2],[206204],,,2,998,999,2,-1,-1,,,,,
5035,-1,,,,-1,-1,-1,1,[500],[1],[300],,,[8],[404100004],[206],,,2,998,2,2,-1,-1,,,,,
5036,-1,,,,-1,-1,-1,1,[300],[10],[10],,,[8],[206204],[206104],,,2,998,2,2,-1,-1,,,,,
5037,-1,,,,-1,-1,-1,1,[500],[1],[50],,,[8],[201],[2],,,2,998,2,999,-1,-1,,,,,
5038,-1,,,,-1,-1,-1,1,[500],[2],[6],,,[8],[250],[200001],,,2,998,2,2,-1,-1,,,,,
5039,-1,,,,-1,-1,-1,1,[500],[200],[6],,,[8],[6],[200001],,,2,998,999,2,-1,-1,,,,,
5040,-1,,,,-1,-1,-1,1,[500],[6],,,,[8],[200001],,,,2,998,2,-1,-1,-1,,,,,
5101,-1,,,,-1,-1,-1,1,[1],[1],[10],,,[161004],[1018],[200001],,,2,2,2,2,-1,-1,,,,,
5102,-1,,,,-1,-1,-1,1,[1],[1],[10],,,[201],[401001],[200301],,,2,2,2,2,-1,-1,,,,,
5103,-1,,,,-1,-1,-1,1,[1],[1],[10],,,[161005],[208],[200001],,,2,2,2,2,-1,-1,,,,,
5104,-1,,,,-1,-1,-1,1,[1],[1],[10],,,[220005],[401001],[200301],,,2,2,2,2,-1,-1,,,,,
5105,-1,,,,-1,-1,-1,1,[5],[50],[1],,,[207001],[2],[238],,,2,2,999,2,-1,-1,,,,,
5201,-1,,,,-1,-1,-1,1,[100],,,,,[2],,,,,2,999,-1,-1,-1,-1,,,,,
5202,-1,,,,-1,-1,-1,1,[100],,,,,[2],,,,,2,999,-1,-1,-1,-1,,,,,
5203,-1,,,,-1,-1,-1,1,[1],,,,,[201],,,,,2,2,-1,-1,-1,-1,,,,,
5204,-1,,,,-1,-1,-1,1,[1],,,,,[201],,,,,2,2,-1,-1,-1,-1,,,,,
5205,-1,,,,-1,-1,-1,1,[15],,,,,[404100004],,,,,2,2,-1,-1,-1,-1,,,,,
5206,-1,,,,-1,-1,-1,1,[100],,,,,[2],,,,,2,999,-1,-1,-1,-1,,,,,
5207,-1,,,,-1,-1,-1,1,[500],,,,,[6],,,,,2,999,-1,-1,-1,-1,,,,,
5208,-1,,,,-1,-1,-1,1,[100],,,,,[2],,,,,2,999,-1,-1,-1,-1,,,,,
5209,-1,,,,-1,-1,-1,1,[25],,,,,[404100004],,,,,2,2,-1,-1,-1,-1,,,,,
5210,-1,,,,-1,-1,-1,1,[5],,,,,[200002],,,,,2,2,-1,-1,-1,-1,,,,,
6001,-1,,,,-1,0,-1,1,[1|1|1],[3480|3480|846],[1|100],,,[303001|303002|303003],[4|5|3],[161005|237],,,2,2,999,2,-1,-1,,,,,
6002,-1,,,,-1,0,-1,1,[1|1|1],[6890|6890|1920],[1|120],,,[303001|303002|303003],[4|5|3],[161005|237],,,2,2,999,2,-1,-1,,,,,
6003,-1,,,,-1,0,-1,1,[1|1|1|1|1|1|1],[1|1|1],[10010|10010|5733],[1|140],,[304001|304002|304003|304004|304005|304006|304007],[303001|303002|303003],[4|5|3],[161005|237],,2,2,2,999,2,-1,,,,,
6004,-1,,,,-1,0,-1,1,[1|1|1|1|1|1|1],[1|1|1],[14210|14210|11319],[1|160],,[304001|304002|304003|304004|304005|304006|304007],[303001|303002|303003],[4|5|3],[161005|237],,2,2,2,999,2,-1,,,,,
6005,-1,,,,-1,0,-1,1,[1],[1|1|1|1|1|1|1],[1|1|1],[1|180],[19890|19890|17787],[305001],[304001|304002|304003|304004|304005|304006|304007],[303001|303002|303003],[161005|237],[4|5|3],2,2,2,2,2,999,,,,,
6006,-1,,,,-1,0,-1,1,[1|1],[1|1|1|1|1|1|1],[1|1|1],[1|200],[21470|21470|28881],[220203|305001],[304001|304002|304003|304004|304005|304006|304007],[303001|303002|303003],[161005|237],[4|5|3],2,2,2,2,2,999,,,,,
6007,-1,,,,-1,0,-1,1,[1|1|1],[1|1|1|1|1|1|1],[1|1|1],[1|220],[23100|23100|40731],[220203|305001|305004],[304001|304002|304003|304004|304005|304006|304007],[303001|303002|303003],[161005|237],[4|5|3],2,2,2,2,2,999,,,,,
6008,-1,,,,-1,0,-1,1,[1|1|1],[1|1|1|1|1|1|1],[1|1|1],[1|240],[24730|24730|52077],[220203|305001|305004],[304001|304002|304003|304004|304005|304006|304007],[303001|303002|303003],[161005|237],[4|5|3],2,2,2,2,2,999,,,,,
6009,-1,,,,-1,0,-1,1,[1|1|1],[1|1|1|1|1|1|1],[1|1|1],[1|260],[26360|26360|63549],[220203|305001|305004],[304001|304002|304003|304004|304005|304006|304007],[303001|303002|303003],[161005|237],[4|5|3],2,2,2,2,2,999,,,,,
6010,-1,,,,-1,0,-1,1,[1|1|1],[1|1|1|1|1|1|1],[1|1|1],[1|280],[27990|27990|75021],[220203|305001|305004],[304001|304002|304003|304004|304005|304006|304007],[303001|303002|303003],[161005|237],[4|5|3],2,2,2,2,2,999,,,,,
6021,-1,,,,-1,0,-1,1,[1|100],[3480|3480|846],,,,[161005|237],[4|5|3],,,,4,2,999,-1,-1,-1,[10000|10000],[10000|10000|10000],,,
6022,-1,,,,-1,0,-1,1,[1|120],[6890|6890|1920],,,,[161005|237],[4|5|3],,,,4,2,999,-1,-1,-1,[10000|10000],[10000|10000|10000],,,
6023,-1,,,,-1,0,-1,1,[1|140],[10010|10010|5733],,,,[161005|237],[4|5|3],,,,4,2,999,-1,-1,-1,[10000|10000],[10000|10000|10000],,,
6024,-1,,,,-1,0,-1,1,[1|160],[14210|14210|11319],,,,[161005|237],[4|5|3],,,,4,2,999,-1,-1,-1,[10000|10000],[10000|10000|10000],,,
6025,-1,,,,-1,0,-1,1,[1],[1|180],[19890|19890|17787],,,[305001],[161005|237],[4|5|3],,,4,2,2,999,-1,-1,[556],[10000|10000],[10000|10000|10000],,
6026,-1,,,,-1,0,-1,1,[1|1],[1|200],[21470|21470|28881],,,[220203|305001],[161005|237],[4|5|3],,,4,2,2,999,-1,-1,[600|600],[10000|10000],[10000|10000|10000],,
6027,-1,,,,-1,0,-1,1,[1|1|1],[1|220],[23100|23100|40731],,,[220203|305001|305004],[161005|237],[4|5|3],,,4,2,2,999,-1,-1,[1200|600|600],[10000|10000],[10000|10000|10000],,
6028,-1,,,,-1,0,-1,1,[1|1|1],[1|240],[24730|24730|52077],,,[220203|305001|305004],[161005|237],[4|5|3],,,4,2,2,999,-1,-1,[1500|600|600],[10000|10000],[10000|10000|10000],,
6029,-1,,,,-1,0,-1,1,[1|1|1],[1|260],[26360|26360|63549],,,[220203|305001|305004],[161005|237],[4|5|3],,,4,2,2,999,-1,-1,[1800|600|600],[10000|10000],[10000|10000|10000],,
6030,-1,,,,-1,0,-1,1,[1|1|1],[1|280],[27990|27990|75021],,,[220203|305001|305004],[161005|237],[4|5|3],,,4,2,2,999,-1,-1,[2000|600|600],[10000|10000],[10000|10000|10000],,
6031,-1,,,,-1,0,-1,1,[1|1|1],,,,,[303001|303002|303003],,,,,6,2,-1,-1,-1,-1,[278|278|278],,,,
6032,-1,,,,-1,0,-1,1,[1|1|1],,,,,[303001|303002|303003],,,,,6,2,-1,-1,-1,-1,[370|370|370],,,,
6033,-1,,,,-1,0,-1,1,[1|1|1|1|1|1|1],[1|1|1],,,,[304001|304002|304003|304004|304005|304006|304007],[303001|303002|303003],,,,6,2,2,-1,-1,-1,[119|119|119|119|119|119|119],[444|444|444],,,
6034,-1,,,,-1,0,-1,1,[1|1|1|1|1|1|1],[1|1|1],,,,[304001|304002|304003|304004|304005|304006|304007],[303001|303002|303003],,,,6,2,2,-1,-1,-1,[136|136|136|136|136|136|136],[556|556|556],,,
6035,-1,,,,-1,0,-1,1,[1|1|1|1|1|1|1],[1|1|1],,,,[304001|304002|304003|304004|304005|304006|304007],[303001|303002|303003],,,,6,2,2,-1,-1,-1,[159|159|159|159|159|159|159],[741|741|741],,,
6036,-1,,,,-1,0,-1,1,[1|1|1|1|1|1|1],[1|1|1],,,,[304001|304002|304003|304004|304005|304006|304007],[303001|303002|303003],,,,6,2,2,-1,-1,-1,[190|190|190|190|190|190|190],[3333|3333|3333],,,
6037,-1,,,,-1,0,-1,1,[1|1|1|1|1|1|1],[1|1|1],,,,[304001|304002|304003|304004|304005|304006|304007],[303001|303002|303003],,,,6,2,2,-1,-1,-1,[190|190|190|190|190|190|190],[3704|3704|3704],,,
6038,-1,,,,-1,0,-1,1,[1|1|1|1|1|1|1],[1|1|1],,,,[304001|304002|304003|304004|304005|304006|304007],[303001|303002|303003],,,,6,2,2,-1,-1,-1,[216|216|216|216|216|216|216],[4115|4115|4115],,,
6039,-1,,,,-1,0,-1,1,[1|1|1|1|1|1|1],[1|1|1],,,,[304001|304002|304003|304004|304005|304006|304007],[303001|303002|303003],,,,6,2,2,-1,-1,-1,[216|216|216|216|216|216|216],[4115|4115|4115],,,
6040,-1,,,,-1,0,-1,1,[1|1|1|1|1|1|1],[1|1|1],,,,[304001|304002|304003|304004|304005|304006|304007],[303001|303002|303003],,,,6,2,2,-1,-1,-1,[216|216|216|216|216|216|216],[4115|4115|4115],,,
6011,-1,,,,-1,0,-1,1,[1|1],[1|1|1|1|1|1|1],[19890|19890|17787],,,[220203|305008],[1008|1010|1011|161005|284|161005|237],[4|5|3],,,2,2,2,999,-1,-1,,,,,
6012,-1,,,,-1,0,-1,1,[1|1],[1|1|1|1|1|1|1],[21470|21470|28881],,,[220203|305008],[1008|1010|1011|161005|284|161005|237],[4|5|3],,,2,2,2,999,-1,-1,,,,,
6013,-1,,,,-1,0,-1,1,[1|1],[1|1|1|1|1|1|1],[23100|23100|40731],,,[220203|305008],[1008|1010|1011|161005|284|161005|237],[4|5|3],,,2,2,2,999,-1,-1,,,,,
6014,-1,,,,-1,0,-1,1,[1|1],[1|1|1|1|1|1|1],[24730|24730|52077],,,[220203|305008],[1008|1010|1011|161005|284|161005|237],[4|5|3],,,2,2,2,999,-1,-1,,,,,
6015,-1,,,,-1,0,-1,1,[1|1],[1|1|1|1|1|1|1],[27990|27990|75021],,,[220203|305008],[1008|1010|1011|161005|284|161005|237],[4|5|3],,,2,2,2,999,-1,-1,,,,,
6016,-1,,,,-1,0,-1,1,[1|1],[1|1|1|1|1|1|1],[29620|29620|86493],,,[220203|305008],[1008|1010|1011|161005|284|161005|237],[4|5|3],,,2,2,2,999,-1,-1,,,,,
6017,-1,,,,-1,0,-1,1,[1|1],[1|1|1|1|1|1|1],[31250|31250|97965],,,[220203|305008],[1008|1010|1011|161005|284|161005|237],[4|5|3],,,2,2,2,999,-1,-1,,,,,
6018,-1,,,,-1,0,-1,1,[1|1],[1|1|1|1|1|1|1],[32880|32880|109437],,,[220203|305008],[1008|1010|1011|161005|284|161005|237],[4|5|3],,,2,2,2,999,-1,-1,,,,,
6019,-1,,,,-1,0,-1,1,[1|1],[1|1|1|1|1|1|1],[34510|34510|120909],,,[220203|305008],[1008|1010|1011|161005|284|161005|237],[4|5|3],,,2,2,2,999,-1,-1,,,,,
6020,-1,,,,-1,0,-1,1,[1|1],[1|1|1|1|1|1|1],[36140|36140|120909],,,[220203|305008],[1008|1010|1011|161005|284|161005|237],[4|5|3],,,2,2,2,999,-1,-1,,,,,
6051,-1,,,,-1,0,-1,1,[1|1],[1|25],[19890|19890|17787],,,[220203|305008],[161005|237],[4|5|3],,,4,2,2,999,-1,-1,[300|300],[10000|10000],[10000|10000|10000],,
6052,-1,,,,-1,0,-1,1,[1|1],[1|26],[21470|21470|28881],,,[220203|305008],[161005|237],[4|5|3],,,4,2,2,999,-1,-1,[555|555],[10000|10000],[10000|10000|10000],,
6053,-1,,,,-1,0,-1,1,[1|1],[1|27],[23100|23100|40731],,,[220203|305008],[161005|237],[4|5|3],,,4,2,2,999,-1,-1,[612|612],[10000|10000],[10000|10000|10000],,
6054,-1,,,,-1,0,-1,1,[1|1],[1|28],[24730|24730|52077],,,[220203|305008],[161005|237],[4|5|3],,,4,2,2,999,-1,-1,[666|666],[10000|10000],[10000|10000|10000],,
6055,-1,,,,-1,0,-1,1,[1|1],[1|30],[27990|27990|75021],,,[220203|305008],[161005|237],[4|5|3],,,4,2,2,999,-1,-1,[722|722],[10000|10000],[10000|10000|10000],,
6056,-1,,,,-1,0,-1,1,[1|1],[1|30],[29620|29620|86493],,,[220203|305008],[161005|237],[4|5|3],,,4,2,2,999,-1,-1,[722|722],[10000|10000],[10000|10000|10000],,
6057,-1,,,,-1,0,-1,1,[1|1],[1|30],[31250|31250|97965],,,[220203|305008],[161005|237],[4|5|3],,,4,2,2,999,-1,-1,[722|722],[10000|10000],[10000|10000|10000],,
6058,-1,,,,-1,0,-1,1,[1|1],[1|30],[32880|32880|109437],,,[220203|305008],[161005|237],[4|5|3],,,4,2,2,999,-1,-1,[722|722],[10000|10000],[10000|10000|10000],,
6059,-1,,,,-1,0,-1,1,[1|1],[1|30],[34510|34510|120909],,,[220203|305008],[161005|237],[4|5|3],,,4,2,2,999,-1,-1,[722|722],[10000|10000],[10000|10000|10000],,
6060,-1,,,,-1,0,-1,1,[1|1],[1|30],[36140|36140|120909],,,[220203|305008],[161005|237],[4|5|3],,,4,2,2,999,-1,-1,[722|722],[10000|10000],[10000|10000|10000],,
6041,-1,,,,-1,0,-1,1,[1|2|4],[15],,,,[1008|1010|1011],[284],,,,2,2,2,-1,-1,-1,,,,,
6042,-1,,,,-1,0,-1,1,[1|4|8],[30],,,,[1008|1010|1011],[284],,,,2,2,2,-1,-1,-1,,,,,
6043,-1,,,,-1,0,-1,1,[1|5|10],[40],,,,[1008|1010|1011],[284],,,,2,2,2,-1,-1,-1,,,,,
6044,-1,,,,-1,0,-1,1,[1|6|12],[50],,,,[1008|1010|1011],[284],,,,2,2,2,-1,-1,-1,,,,,
6045,-1,,,,-1,0,-1,1,[1|3|3],,,,,[1008|1010|1011],,,,,2,2,-1,-1,-1,-1,,,,,
6046,-1,,,,-1,0,-1,1,[1|3|3],,,,,[1008|1010|1011],,,,,2,2,-1,-1,-1,-1,,,,,
6047,-1,,,,-1,0,-1,1,[1|3|3],,,,,[1008|1010|1011],,,,,2,2,-1,-1,-1,-1,,,,,
6048,-1,,,,-1,0,-1,1,[1|3|3],,,,,[1008|1010|1011],,,,,2,2,-1,-1,-1,-1,,,,,
6049,-1,,,,-1,0,-1,1,[1|3|3],,,,,[1008|1010|1011],,,,,2,2,-1,-1,-1,-1,,,,,
6050,-1,,,,-1,0,-1,1,[1|3|3],,,,,[1008|1010|1011],,,,,2,2,-1,-1,-1,-1,,,,,
6781,-1,,,,-1,0,-1,1,[400|400],[100],,,,[4|5],[3],,,,4,999,999,-1,-1,-1,[10000|10000],[10000],,,
6782,-1,,,,-1,0,-1,1,[400|400],[100],,,,[4|5],[3],,,,4,999,999,-1,-1,-1,[10000|10000],[10000],,,
6783,-1,,,,-1,0,-1,1,[400|400],[100],,,,[4|5],[3],,,,4,999,999,-1,-1,-1,[10000|10000],[10000],,,
6784,-1,,,,-1,0,-1,1,[400|400],[100],,,,[4|5],[3],,,,4,999,999,-1,-1,-1,[10000|10000],[10000],,,
6785,-1,,,,-1,0,-1,1,[400|400],[100],,,,[4|5],[3],,,,4,999,999,-1,-1,-1,[10000|10000],[10000],,,
6786,-1,,,,-1,0,-1,1,[400|400],[100],,,,[4|5],[3],,,,4,999,999,-1,-1,-1,[10000|10000],[10000],,,
6787,-1,,,,-1,0,-1,1,[400|400],[100],,,,[4|5],[3],,,,4,999,999,-1,-1,-1,[10000|10000],[10000],,,
6788,-1,,,,-1,0,-1,1,[400|400],[100],,,,[4|5],[3],,,,4,999,999,-1,-1,-1,[10000|10000],[10000],,,
6789,-1,,,,-1,0,-1,1,[400|400],[100],,,,[4|5],[3],,,,4,999,999,-1,-1,-1,[10000|10000],[10000],,,
6790,-1,,,,-1,0,-1,1,[400|400],[100],,,,[4|5],[3],,,,4,999,999,-1,-1,-1,[10000|10000],[10000],,,
6791,-1,,,,-1,0,-1,1,[1000],[1000],[1000],[1],[10],[4],[5],[3],[161004],[237],4,999,999,999,2,2,[10000],[10000],[10000],[10000],[10000]
6792,-1,,,,-1,0,-1,1,[1500],[1500],[1500],[1],[12],[4],[5],[3],[161004],[237],4,999,999,999,2,2,[10000],[10000],[10000],[10000],[10000]
6793,-1,,,,-1,0,-1,1,[2000],[2000],[2000],[1],[14],[4],[5],[3],[161004],[237],4,999,999,999,2,2,[10000],[10000],[10000],[10000],[10000]
6794,-1,,,,-1,0,-1,1,[2500],[2500],[2500],[1],[16],[4],[5],[3],[161004],[237],4,999,999,999,2,2,[10000],[10000],[10000],[10000],[10000]
6795,-1,,,,-1,0,-1,1,[3000],[3000],[3000],[1],[18],[4],[5],[3],[161004],[237],4,999,999,999,2,2,[10000],[10000],[10000],[10000],[10000]
6796,-1,,,,-1,0,-1,1,[3500],[3500],[3500],[1],[20],[4],[5],[3],[161004],[237],4,999,999,999,2,2,[10000],[10000],[10000],[10000],[10000]
6797,-1,,,,-1,0,-1,1,[4000],[4000],[4000],[1],[22],[4],[5],[3],[161004],[237],4,999,999,999,2,2,[10000],[10000],[10000],[10000],[10000]
6798,-1,,,,-1,0,-1,1,[4500],[4500],[4500],[1],[24],[4],[5],[3],[161004],[237],4,999,999,999,2,2,[10000],[10000],[10000],[10000],[10000]
6799,-1,,,,-1,0,-1,1,[5000],[5000],[5000],[1],[26],[4],[5],[3],[161004],[237],4,999,999,999,2,2,[10000],[10000],[10000],[10000],[10000]
6800,-1,,,,-1,0,-1,1,[5500],[5500],[5500],[1],[28],[4],[5],[3],[161004],[237],4,999,999,999,2,2,[10000],[10000],[10000],[10000],[10000]
6200,-1,,,,-1,0,-1,1,[500],,,,,[8],,,,,2,998,-1,-1,-1,-1,,,,,
6201,-1,,,,-1,0,-1,1,[2],[2449],[6960|6960],[3480],[15],[200402],[3],[4|5],[6],[250],2,2,999,999,999,2,,,,,
6202,-1,,,,-1,0,-1,1,[2],[5610],[14700|14700],[7349],[15],[200402],[3],[4|5],[6],[250],2,2,999,999,999,2,,,,,
6203,-1,,,,-1,0,-1,1,[2],[9627],[25400|25400],[12699],[15],[200402],[3],[4|5],[6],[250],2,2,999,999,999,2,,,,,
6204,-1,,,,-1,0,-1,1,[2],[11404],[28420|28420],[14210],[20],[200402],[3],[4|5],[6],[250],2,2,999,999,999,2,,,,,
6205,-1,,,,-1,0,-1,1,[4],[13577],[33440|33440],[16719],[20],[200402],[3],[4|5],[6],[250],2,2,999,999,999,2,,,,,
6206,-1,,,,-1,0,-1,1,[4],[16256],[39770|39770],[19885],[20],[200402],[3],[4|5],[6],[250],2,2,999,999,999,2,,,,,
6207,-1,,,,-1,0,-1,1,[4],[17705],[42940|42940],[21467],[25],[200402],[3],[4|5],[6],[250],2,2,999,999,999,2,,,,,
6208,-1,,,,-1,0,-1,1,[4],[20418],[50890|50890],[25441],[25],[200402],[3],[4|5],[6],[250],2,2,999,999,999,2,,,,,
6209,-1,,,,-1,0,-1,1,[6],[23226],[56560|56560],[28279],[25],[200402],[3],[4|5],[6],[250],2,2,999,999,999,2,,,,,
6210,-1,,,,-1,0,-1,1,[6],[26127],[62370|62370],[31182],[30],[200402],[3],[4|5],[6],[250],2,2,999,999,999,2,,,,,
6751,-1,,,,-1,0,-1,1,[250],[760|760],[128],[1],[1],[8],[4|5],[3],[250],[161004],4,998,999,999,2,2,[10000],[10000|10000],[10000],[10000],[10000]
6752,-1,,,,-1,0,-1,1,[250],[1160|1160],[382],[1],[1],[8],[4|5],[3],[250],[161004],4,998,999,999,2,2,[10000],[10000|10000],[10000],[10000],[10000]
6753,-1,,,,-1,0,-1,1,[250],[1360|1360],[754],[1],[1],[8],[4|5],[3],[250],[161004],4,998,999,999,2,2,[10000],[10000|10000],[10000],[10000],[10000]
6754,-1,,,,-1,0,-1,1,[250],[1720|1720],[1185],[1],[1],[8],[4|5],[3],[250],[161004],4,998,999,999,2,2,[10000],[10000|10000],[10000],[10000],[10000]
6755,-1,,,,-1,0,-1,1,[250],[1880|1880],[1925],[1],[1],[8],[4|5],[3],[250],[161004],4,998,999,999,2,2,[10000],[10000|10000],[10000],[10000],[10000]
6756,-1,,,,-1,0,-1,1,[250],[2540|2540],[2715],[1|2|2],[1],[8],[4|5],[3],[250|237|154],[161004],4,998,999,999,2,2,[10000],[10000|10000],[10000],[10000|10000|10000],[10000]
6757,-1,,,,-1,0,-1,1,[250],[3280|3280],[3541],[1|2|2],[1],[8],[4|5],[3],[250|237|154],[161004],4,998,999,999,2,2,[10000],[10000|10000],[10000],[10000|10000|10000],[10000]
6758,-1,,,,-1,0,-1,1,[250],[3900|3900],[4083],[1|2|2],[1],[8],[4|5],[3],[250|237|154],[161004],4,998,999,999,2,2,[10000],[10000|10000],[10000],[10000|10000|10000],[10000]
6759,-1,,,,-1,0,-1,1,[250],[4260|4260],[4645],[1|3|3],[1],[8],[4|5],[3],[250|237|154],[161004],4,998,999,999,2,2,[10000],[10000|10000],[10000],[10000|10000|10000],[10000]
6760,-1,,,,-1,0,-1,1,[250],[4680|4680],[5225],[1|3|3],[1],[8],[4|5],[3],[250|237|154],[161004],4,998,999,999,2,2,[10000],[10000|10000],[10000],[10000|10000|10000],[10000]
6761,-1,,,,-1,0,-1,1,[250],[760|760],[128],[1],[1],[8],[4|5],[3],[250],[204005],4,998,999,999,2,2,[10000],[10000|10000],[10000],[10000],[10000]
6762,-1,,,,-1,0,-1,1,[250],[1160|1160],[382],[1],[1],[8],[4|5],[3],[250],[204005],4,998,999,999,2,2,[10000],[10000|10000],[10000],[10000],[10000]
6763,-1,,,,-1,0,-1,1,[250],[1360|1360],[754],[1],[1],[8],[4|5],[3],[250],[204005],4,998,999,999,2,2,[10000],[10000|10000],[10000],[10000],[10000]
6764,-1,,,,-1,0,-1,1,[250],[1720|1720],[1185],[1],[1],[8],[4|5],[3],[250],[204005],4,998,999,999,2,2,[10000],[10000|10000],[10000],[10000],[10000]
6765,-1,,,,-1,0,-1,1,[250],[1880|1880],[1925],[1],[1],[8],[4|5],[3],[250],[204005],4,998,999,999,2,2,[10000],[10000|10000],[10000],[10000],[10000]
6766,-1,,,,-1,0,-1,1,[250],[2540|2540],[2715],[1|2|2],[1],[8],[4|5],[3],[250|237|154],[204005],4,998,999,999,2,2,[10000],[10000|10000],[10000],[10000|10000|10000],[10000]
6767,-1,,,,-1,0,-1,1,[250],[3280|3280],[3541],[1|2|2],[1],[8],[4|5],[3],[250|237|154],[204005],4,998,999,999,2,2,[10000],[10000|10000],[10000],[10000|10000|10000],[10000]
6768,-1,,,,-1,0,-1,1,[250],[3900|3900],[4083],[1|2|2],[1],[8],[4|5],[3],[250|237|154],[204005],4,998,999,999,2,2,[10000],[10000|10000],[10000],[10000|10000|10000],[10000]
6769,-1,,,,-1,0,-1,1,[250],[4260|4260],[4645],[1|3|3],[1],[8],[4|5],[3],[250|237|154],[204005],4,998,999,999,2,2,[10000],[10000|10000],[10000],[10000|10000|10000],[10000]
6770,-1,,,,-1,0,-1,1,[250],[4680|4680],[5225],[1|3|3],[1],[8],[4|5],[3],[250|237|154],[204005],4,998,999,999,2,2,[10000],[10000|10000],[10000],[10000|10000|10000],[10000]
6771,-1,,,,-1,0,-1,1,[250],[760|760],[128],[1],,[8],[4|5],[3],[250],,4,998,999,999,2,-1,[10000],[10000|10000],[10000],[10000],
6772,-1,,,,-1,0,-1,1,[250],[1160|1160],[382],[1],,[8],[4|5],[3],[250],,4,998,999,999,2,-1,[10000],[10000|10000],[10000],[10000],
6773,-1,,,,-1,0,-1,1,[250],[1360|1360],[754],[1],,[8],[4|5],[3],[250],,4,998,999,999,2,-1,[10000],[10000|10000],[10000],[10000],
6774,-1,,,,-1,0,-1,1,[250],[1720|1720],[1185],[1],,[8],[4|5],[3],[250],,4,998,999,999,2,-1,[10000],[10000|10000],[10000],[10000],
6775,-1,,,,-1,0,-1,1,[250],[1880|1880],[1925],[1],,[8],[4|5],[3],[250],,4,998,999,999,2,-1,[10000],[10000|10000],[10000],[10000],
6776,-1,,,,-1,0,-1,1,[250],[2540|2540],[2715],[1|4],,[8],[4|5],[3],[250|154],,4,998,999,999,2,-1,[10000],[10000|10000],[10000],[10000|10000],
6777,-1,,,,-1,0,-1,1,[250],[3280|3280],[3541],[1|4],,[8],[4|5],[3],[250|154],,4,998,999,999,2,-1,[10000],[10000|10000],[10000],[10000|10000],
6778,-1,,,,-1,0,-1,1,[250],[3900|3900],[4083],[1|4],,[8],[4|5],[3],[250|154],,4,998,999,999,2,-1,[10000],[10000|10000],[10000],[10000|10000],
6779,-1,,,,-1,0,-1,1,[250],[4260|4260],[4645],[1|4],,[8],[4|5],[3],[250|154],,4,998,999,999,2,-1,[10000],[10000|10000],[10000],[10000|10000],
6780,-1,,,,-1,0,-1,1,[250],[4680|4680],[5225],[1|4],,[8],[4|5],[3],[250|154],,4,998,999,999,2,-1,[10000],[10000|10000],[10000],[10000|10000],
7271,-1,,,,-1,0,-1,1,[250],[760|760],[128],[1|3],[1],[8],[4|5],[3],[250|237],[161004],4,998,999,999,2,2,[10000],[10000|10000],[10000],[10000|10000],[10000]
7272,-1,,,,-1,0,-1,1,[250],[1160|1160],[382],[1|3],[1],[8],[4|5],[3],[250|237],[161004],4,998,999,999,2,2,[10000],[10000|10000],[10000],[10000|10000],[10000]
7273,-1,,,,-1,0,-1,1,[250],[1360|1360],[754],[1|3],[1],[8],[4|5],[3],[250|237],[161004],4,998,999,999,2,2,[10000],[10000|10000],[10000],[10000|10000],[10000]
7274,-1,,,,-1,0,-1,1,[250],[1720|1720],[1185],[1|4],[1],[8],[4|5],[3],[250|237],[161004],4,998,999,999,2,2,[10000],[10000|10000],[10000],[10000|10000],[10000]
7275,-1,,,,-1,0,-1,1,[250],[1880|1880],[1925],[1|4],[1],[8],[4|5],[3],[250|237],[161004],4,998,999,999,2,2,[10000],[10000|10000],[10000],[10000|10000],[10000]
7276,-1,,,,-1,0,-1,1,[250],[2540|2540],[2715],[1|4],[1],[8],[4|5],[3],[250|237],[161004],4,998,999,999,2,2,[10000],[10000|10000],[10000],[10000|10000],[10000]
7277,-1,,,,-1,0,-1,1,[250],[3280|3280],[3541],[1|5],[1],[8],[4|5],[3],[250|237],[161004],4,998,999,999,2,2,[10000],[10000|10000],[10000],[10000|10000],[10000]
7278,-1,,,,-1,0,-1,1,[250],[3900|3900],[4083],[1|5],[1],[8],[4|5],[3],[250|237],[161004],4,998,999,999,2,2,[10000],[10000|10000],[10000],[10000|10000],[10000]
7279,-1,,,,-1,0,-1,1,[250],[4260|4260],[4645],[1|5],[1],[8],[4|5],[3],[250|237],[161004],4,998,999,999,2,2,[10000],[10000|10000],[10000],[10000|10000],[10000]
7280,-1,,,,-1,0,-1,1,[250],[4680|4680],[5225],[1|6],[1],[8],[4|5],[3],[250|237],[161004],4,998,999,999,2,2,[10000],[10000|10000],[10000],[10000|10000],[10000]
7281,-1,,,,-1,0,-1,1,[250],[760|760],[128],[1|2],[1],[8],[4|5],[3],[250|154],[161004],4,998,999,999,2,2,[10000],[10000|10000],[10000],[10000|10000],[10000]
7282,-1,,,,-1,0,-1,1,[250],[1160|1160],[382],[1|2],[1],[8],[4|5],[3],[250|154],[161004],4,998,999,999,2,2,[10000],[10000|10000],[10000],[10000|10000],[10000]
7283,-1,,,,-1,0,-1,1,[250],[1360|1360],[754],[1|3],[1],[8],[4|5],[3],[250|154],[161004],4,998,999,999,2,2,[10000],[10000|10000],[10000],[10000|10000],[10000]
7284,-1,,,,-1,0,-1,1,[250],[1720|1720],[1185],[1|3],[1],[8],[4|5],[3],[250|154],[161004],4,998,999,999,2,2,[10000],[10000|10000],[10000],[10000|10000],[10000]
7285,-1,,,,-1,0,-1,1,[250],[1880|1880],[1925],[1|4],[1],[8],[4|5],[3],[250|154],[161004],4,998,999,999,2,2,[10000],[10000|10000],[10000],[10000|10000],[10000]
7286,-1,,,,-1,0,-1,1,[250],[2540|2540],[2715],[1|4],[1],[8],[4|5],[3],[250|154],[161004],4,998,999,999,2,2,[10000],[10000|10000],[10000],[10000|10000],[10000]
7287,-1,,,,-1,0,-1,1,[250],[3280|3280],[3541],[1|5],[1],[8],[4|5],[3],[250|154],[161004],4,998,999,999,2,2,[10000],[10000|10000],[10000],[10000|10000],[10000]
7288,-1,,,,-1,0,-1,1,[250],[3900|3900],[4083],[1|5],[1],[8],[4|5],[3],[250|154],[161004],4,998,999,999,2,2,[10000],[10000|10000],[10000],[10000|10000],[10000]
7289,-1,,,,-1,0,-1,1,[250],[4260|4260],[4645],[1|6],[1],[8],[4|5],[3],[250|154],[161004],4,998,999,999,2,2,[10000],[10000|10000],[10000],[10000|10000],[10000]
7290,-1,,,,-1,0,-1,1,[250],[4680|4680],[5225],[1|7],[1],[8],[4|5],[3],[250|154],[161004],4,998,999,999,2,2,[10000],[10000|10000],[10000],[10000|10000],[10000]
7291,-1,,,,-1,0,-1,1,[250],[760|760|128],[20],[1],[1],[8],[4|5|3],[17],[250],[161004],4,998,999,999,2,2,[10000],[10000|10000|10000],[10000],[10000],[10000]
7292,-1,,,,-1,0,-1,1,[250],[1160|1160|382],[22],[1],[1],[8],[4|5|3],[17],[250],[161004],4,998,999,999,2,2,[10000],[10000|10000|10000],[10000],[10000],[10000]
7293,-1,,,,-1,0,-1,1,[250],[1360|1360|754],[24],[1],[1],[8],[4|5|3],[17],[250],[161004],4,998,999,999,2,2,[10000],[10000|10000|10000],[10000],[10000],[10000]
7294,-1,,,,-1,0,-1,1,[250],[1720|1720|1185],[26],[1],[1],[8],[4|5|3],[17],[250],[161004],4,998,999,999,2,2,[10000],[10000|10000|10000],[10000],[10000],[10000]
7295,-1,,,,-1,0,-1,1,[250],[1880|1880|1925],[28],[1],[1],[8],[4|5|3],[17],[250],[161004],4,998,999,999,2,2,[10000],[10000|10000|10000],[10000],[10000],[10000]
7296,-1,,,,-1,0,-1,1,[250],[2540|2540|2715],[30],[1],[1],[8],[4|5|3],[17],[250],[161004],4,998,999,999,2,2,[10000],[10000|10000|10000],[10000],[10000],[10000]
7297,-1,,,,-1,0,-1,1,[250],[3280|3280|3541],[32],[1],[1],[8],[4|5|3],[17],[250],[161004],4,998,999,999,2,2,[10000],[10000|10000|10000],[10000],[10000],[10000]
7298,-1,,,,-1,0,-1,1,[250],[3900|3900|4083],[34],[1],[1],[8],[4|5|3],[17],[250],[161004],4,998,999,999,2,2,[10000],[10000|10000|10000],[10000],[10000],[10000]
7299,-1,,,,-1,0,-1,1,[250],[4260|4260|4645],[36],[1],[1],[8],[4|5|3],[17],[250],[161004],4,998,999,999,2,2,[10000],[10000|10000|10000],[10000],[10000],[10000]
7300,-1,,,,-1,0,-1,1,[250],[4680|4680|5225],[38],[1],[1],[8],[4|5|3],[17],[250],[161004],4,998,999,999,2,2,[10000],[10000|10000|10000],[10000],[10000],[10000]
7311,-1,,,,-1,0,-1,1,[3500],[3500],[3500],[1],[5],[4],[5],[3],[1008],[237],4,999,999,999,2,2,[10000],[10000],[10000],[10000],[10000]
7312,-1,,,,-1,0,-1,1,[4000],[4000],[4000],[1],[10],[4],[5],[3],[1008],[237],4,999,999,999,2,2,[10000],[10000],[10000],[10000],[10000]
7313,-1,,,,-1,0,-1,1,[4500],[4500],[4500],[1],[15],[4],[5],[3],[1008],[237],4,999,999,999,2,2,[10000],[10000],[10000],[10000],[10000]
7314,-1,,,,-1,0,-1,1,[5000],[5000],[5000],[1],[20],[4],[5],[3],[1008],[237],4,999,999,999,2,2,[10000],[10000],[10000],[10000],[10000]
7315,-1,,,,-1,0,-1,1,[5500],[5500],[5500],[1],[25],[4],[5],[3],[1008],[237],4,999,999,999,2,2,[10000],[10000],[10000],[10000],[10000]
7316,-1,,,,-1,0,-1,1,[6000],[6000],[6000],[1],[30],[4],[5],[3],[1008],[237],4,999,999,999,2,2,[10000],[10000],[10000],[10000],[10000]
7317,-1,,,,-1,0,-1,1,[6500],[6500],[6500],[1],[35],[4],[5],[3],[1008],[237],4,999,999,999,2,2,[10000],[10000],[10000],[10000],[10000]
7318,-1,,,,-1,0,-1,1,[7000],[7000],[7000],[1],[40],[4],[5],[3],[1008],[237],4,999,999,999,2,2,[10000],[10000],[10000],[10000],[10000]
7319,-1,,,,-1,0,-1,1,[7500],[7500],[7500],[1],[45],[4],[5],[3],[1008],[237],4,999,999,999,2,2,[10000],[10000],[10000],[10000],[10000]
7320,-1,,,,-1,0,-1,1,[8000],[8000],[8000],[1],[50],[4],[5],[3],[1008],[237],4,999,999,999,2,2,[10000],[10000],[10000],[10000],[10000]
6801,-1,,,,-1,0,-1,1,[500],[1070],[273],[1],[1],[8],[4],[3],[250],[161004],4,998,999,999,2,2,[10000],[10000],[10000],[10000],[1250]
6802,-1,,,,-1,0,-1,1,[500],[1630],[533],[1],[1],[8],[4],[3],[250],[161004],4,998,999,999,2,2,[10000],[10000],[10000],[10000],[1250]
6803,-1,,,,-1,0,-1,1,[500],[2830],[750],[1],[1],[8],[4],[3],[250],[161004],4,998,999,999,2,2,[10000],[10000],[10000],[10000],[1250]
6804,-1,,,,-1,0,-1,1,[500],[4710],[978],[1],[1],[8],[4],[3],[250],[161004],4,998,999,999,2,2,[10000],[10000],[10000],[10000],[1250]
6805,-1,,,,-1,0,-1,1,[500],[6370],[1612],[1],[1],[8],[4],[3],[250],[161004],4,998,999,999,2,2,[10000],[10000],[10000],[10000],[1250]
6806,-1,,,,-1,0,-1,1,[500],[7350],[1870],[1],[1],[8],[4],[3],[250],[161004],4,998,999,999,2,2,[10000],[10000],[10000],[10000],[1250]
6807,-1,,,,-1,0,-1,1,[500],[9110],[2315],[1],[1],[8],[4],[3],[250],[161004],4,998,999,999,2,2,[10000],[10000],[10000],[10000],[1250]
6808,-1,,,,-1,0,-1,1,[500],[10010],[2614],[1],[1],[8],[4],[3],[250],[161004],4,998,999,999,2,2,[10000],[10000],[10000],[10000],[1250]
6809,-1,,,,-1,0,-1,1,[500],[11030],[2874],[1],[1],[8],[4],[3],[250],[161004],4,998,999,999,2,2,[10000],[10000],[10000],[10000],[1250]
6810,-1,,,,-1,0,-1,1,[500],[12700],[3209],[1],[1],[8],[4],[3],[250],[161004],4,998,999,999,2,2,[10000],[10000],[10000],[10000],[1250]
6811,-1,,,,-1,0,-1,1,[500],[13120],[3498],[1],[1],[8],[4],[3],[250],[161004],4,998,999,999,2,2,[10000],[10000],[10000],[10000],[1250]
6812,-1,,,,-1,0,-1,1,[500],[14210],[3801],[2],[1],[8],[4],[3],[250],[161004],4,998,999,999,2,2,[10000],[10000],[10000],[10000],[1250]
6813,-1,,,,-1,0,-1,1,[500],[15400],[4190],[2],[1],[8],[4],[3],[250],[161004],4,998,999,999,2,2,[10000],[10000],[10000],[10000],[1250]
6814,-1,,,,-1,0,-1,1,[500],[16720],[4525],[2],[1],[8],[4],[3],[250],[161004],4,998,999,999,2,2,[10000],[10000],[10000],[10000],[1250]
6815,-1,,,,-1,0,-1,1,[500],[18590],[5048],[2],[1],[8],[4],[3],[250],[161004],4,998,999,999,2,2,[10000],[10000],[10000],[10000],[1250]
6816,-1,,,,-1,0,-1,1,[500],[19890],[5418],[2|10|3],[1],[8],[4],[3],[250|237|154],[161004],4,998,999,999,2,2,[10000],[10000],[10000],[10000|10000|10000],[1250]
6817,-1,,,,-1,0,-1,1,[500],[20750],[5701],[2|10|4],[1],[8],[4],[3],[250|237|154],[161004],4,998,999,999,2,2,[10000],[10000],[10000],[10000|10000|10000],[1250]
6818,-1,,,,-1,0,-1,1,[500],[21470],[5901],[2|10|5],[1],[8],[4],[3],[250|237|154],[161004],4,998,999,999,2,2,[10000],[10000],[10000],[10000|10000|10000],[1250]
6819,-1,,,,-1,0,-1,1,[500],[22290],[6103],[2|10|6],[1],[8],[4],[3],[250|237|154],[161004],4,998,999,999,2,2,[10000],[10000],[10000],[10000|10000|10000],[1250]
6820,-1,,,,-1,0,-1,1,[500],[23100],[6307],[2|10|7],[1],[8],[4],[3],[250|237|154],[161004],4,998,999,999,2,2,[10000],[10000],[10000],[10000|10000|10000],[1250]
6821,-1,,,,-1,0,-1,1,[500],[24670],[6598],[2|10|8],[1],[8],[4],[3],[250|237|154],[161004],4,998,999,999,2,2,[10000],[10000],[10000],[10000|10000|10000],[1250]
6822,-1,,,,-1,0,-1,1,[500],[25450],[6806],[2|10|9],[1],[8],[4],[3],[250|237|154],[161004],4,998,999,999,2,2,[10000],[10000],[10000],[10000|10000|10000],[1250]
6823,-1,,,,-1,0,-1,1,[500],[26160],[7015],[2|11|10],[1],[8],[4],[3],[250|237|154],[161004],4,998,999,999,2,2,[10000],[10000],[10000],[10000|10000|10000],[1250]
6824,-1,,,,-1,0,-1,1,[500],[26870],[7314],[2|11|11],[1],[8],[4],[3],[250|237|154],[161004],4,998,999,999,2,2,[10000],[10000],[10000],[10000|10000|10000],[1250]
6825,-1,,,,-1,0,-1,1,[500],[27580],[7527],[2|11|12],[1],[8],[4],[3],[250|237|154],[161004],4,998,999,999,2,2,[10000],[10000],[10000],[10000|10000|10000],[1250]
6826,-1,,,,-1,0,-1,1,[500],[28280],[7742],[2|11|13],[1],[8],[4],[3],[250|237|154],[161004],4,998,999,999,2,2,[10000],[10000],[10000],[10000|10000|10000],[1250]
6827,-1,,,,-1,0,-1,1,[500],[29000],[7958],[2|11|14],[1],[8],[4],[3],[250|237|154],[161004],4,998,999,999,2,2,[10000],[10000],[10000],[10000|10000|10000],[1250]
6828,-1,,,,-1,0,-1,1,[500],[29770],[8266],[2|11|15],[1],[8],[4],[3],[250|237|154],[161004],4,998,999,999,2,2,[10000],[10000],[10000],[10000|10000|10000],[1250]
6829,-1,,,,-1,0,-1,1,[500],[30480],[8486],[2|11|16],[1],[8],[4],[3],[250|237|154],[161004],4,998,999,999,2,2,[10000],[10000],[10000],[10000|10000|10000],[1250]
6830,-1,,,,-1,0,-1,1,[500],[31190],[8709],[2|12|17],[1],[8],[4],[3],[250|237|154],[161004],4,998,999,999,2,2,[10000],[10000],[10000],[10000|10000|10000],[1250]
6831,-1,,,,-1,0,-1,1,[500],[31810],[8931],[2|12|17],[1],[8],[4],[3],[250|237|154],[161004],4,998,999,999,2,2,[10000],[10000],[10000],[10000|10000|10000],[1250]
6832,-1,,,,-1,0,-1,1,[500],[32430],[9154],[2|12|17],[1],[8],[4],[3],[250|237|154],[161004],4,998,999,999,2,2,[10000],[10000],[10000],[10000|10000|10000],[1250]
6833,-1,,,,-1,0,-1,1,[500],[33060],[9376],[2|12|17],[1],[8],[4],[3],[250|237|154],[161004],4,998,999,999,2,2,[10000],[10000],[10000],[10000|10000|10000],[1250]
6834,-1,,,,-1,0,-1,1,[500],[33680],[9599],[2|12|17],[1],[8],[4],[3],[250|237|154],[161004],4,998,999,999,2,2,[10000],[10000],[10000],[10000|10000|10000],[1250]
6835,-1,,,,-1,0,-1,1,[500],[34300],[9821],[2|12|17],[1],[8],[4],[3],[250|237|154],[161004],4,998,999,999,2,2,[10000],[10000],[10000],[10000|10000|10000],[1250]
6836,-1,,,,-1,0,-1,1,[500],[34930],[10044],[2|12|17],[1],[8],[4],[3],[250|237|154],[161004],4,998,999,999,2,2,[10000],[10000],[10000],[10000|10000|10000],[1250]
6837,-1,,,,-1,0,-1,1,[500],[35550],[10266],[2|12|17],[1],[8],[4],[3],[250|237|154],[161004],4,998,999,999,2,2,[10000],[10000],[10000],[10000|10000|10000],[1250]
6838,-1,,,,-1,0,-1,1,[500],[36180],[10488],[2|12|17],[1],[8],[4],[3],[250|237|154],[161004],4,998,999,999,2,2,[10000],[10000],[10000],[10000|10000|10000],[1250]
6839,-1,,,,-1,0,-1,1,[500],[36800],[10711],[2|12|17],[1],[8],[4],[3],[250|237|154],[161004],4,998,999,999,2,2,[10000],[10000],[10000],[10000|10000|10000],[1250]
6840,-1,,,,-1,0,-1,1,[500],[37420],[10933],[2|12|17],[1],[8],[4],[3],[250|237|154],[161004],4,998,999,999,2,2,[10000],[10000],[10000],[10000|10000|10000],[1250]
6841,-1,,,,-1,0,-1,1,[500],[35870],[10020],[2|12|17],[1],[8],[4],[3],[250|237|154],[161004],4,998,999,999,2,2,[10000],[10000],[10000],[10000|10000|10000],[1250]
6851,-1,,,,-1,0,-1,1,[500],[1070],[273],[1],[1],[8],[5],[3],[250],[161004],4,998,999,999,2,2,[10000],[10000],[10000],[10000],[1250]
6852,-1,,,,-1,0,-1,1,[500],[1630],[533],[1],[1],[8],[5],[3],[250],[161004],4,998,999,999,2,2,[10000],[10000],[10000],[10000],[1250]
6853,-1,,,,-1,0,-1,1,[500],[2830],[750],[1],[1],[8],[5],[3],[250],[161004],4,998,999,999,2,2,[10000],[10000],[10000],[10000],[1250]
6854,-1,,,,-1,0,-1,1,[500],[4710],[978],[1],[1],[8],[5],[3],[250],[161004],4,998,999,999,2,2,[10000],[10000],[10000],[10000],[1250]
6855,-1,,,,-1,0,-1,1,[500],[6370],[1612],[1],[1],[8],[5],[3],[250],[161004],4,998,999,999,2,2,[10000],[10000],[10000],[10000],[1250]
6856,-1,,,,-1,0,-1,1,[500],[7350],[1870],[1],[1],[8],[5],[3],[250],[161004],4,998,999,999,2,2,[10000],[10000],[10000],[10000],[1250]
6857,-1,,,,-1,0,-1,1,[500],[9110],[2315],[1],[1],[8],[5],[3],[250],[161004],4,998,999,999,2,2,[10000],[10000],[10000],[10000],[1250]
6858,-1,,,,-1,0,-1,1,[500],[10010],[2614],[1],[1],[8],[5],[3],[250],[161004],4,998,999,999,2,2,[10000],[10000],[10000],[10000],[1250]
6859,-1,,,,-1,0,-1,1,[500],[11030],[2874],[1],[1],[8],[5],[3],[250],[161004],4,998,999,999,2,2,[10000],[10000],[10000],[10000],[1250]
6860,-1,,,,-1,0,-1,1,[500],[12700],[3209],[1],[1],[8],[5],[3],[250],[161004],4,998,999,999,2,2,[10000],[10000],[10000],[10000],[1250]
6861,-1,,,,-1,0,-1,1,[500],[13120],[3498],[1],[1],[8],[5],[3],[250],[161004],4,998,999,999,2,2,[10000],[10000],[10000],[10000],[1250]
6862,-1,,,,-1,0,-1,1,[500],[14210],[3801],[2],[1],[8],[5],[3],[250],[161004],4,998,999,999,2,2,[10000],[10000],[10000],[10000],[1250]
6863,-1,,,,-1,0,-1,1,[500],[15400],[4190],[2],[1],[8],[5],[3],[250],[161004],4,998,999,999,2,2,[10000],[10000],[10000],[10000],[1250]
6864,-1,,,,-1,0,-1,1,[500],[16720],[4525],[2],[1],[8],[5],[3],[250],[161004],4,998,999,999,2,2,[10000],[10000],[10000],[10000],[1250]
6865,-1,,,,-1,0,-1,1,[500],[18590],[5048],[2],[1],[8],[5],[3],[250],[161004],4,998,999,999,2,2,[10000],[10000],[10000],[10000],[1250]
6866,-1,,,,-1,0,-1,1,[500],[19890],[5418],[2|10|3],[1],[8],[5],[3],[250|237|154],[161004],4,998,999,999,2,2,[10000],[10000],[10000],[10000|10000|10000],[1250]
6867,-1,,,,-1,0,-1,1,[500],[20750],[5701],[2|10|4],[1],[8],[5],[3],[250|237|154],[161004],4,998,999,999,2,2,[10000],[10000],[10000],[10000|10000|10000],[1250]
6868,-1,,,,-1,0,-1,1,[500],[21470],[5901],[2|10|5],[1],[8],[5],[3],[250|237|154],[161004],4,998,999,999,2,2,[10000],[10000],[10000],[10000|10000|10000],[1250]
6869,-1,,,,-1,0,-1,1,[500],[22290],[6103],[2|10|6],[1],[8],[5],[3],[250|237|154],[161004],4,998,999,999,2,2,[10000],[10000],[10000],[10000|10000|10000],[1250]
6870,-1,,,,-1,0,-1,1,[500],[23100],[6307],[2|10|7],[1],[8],[5],[3],[250|237|154],[161004],4,998,999,999,2,2,[10000],[10000],[10000],[10000|10000|10000],[1250]
6871,-1,,,,-1,0,-1,1,[500],[24670],[6598],[2|10|8],[1],[8],[5],[3],[250|237|154],[161004],4,998,999,999,2,2,[10000],[10000],[10000],[10000|10000|10000],[1250]
6872,-1,,,,-1,0,-1,1,[500],[25450],[6806],[2|10|9],[1],[8],[5],[3],[250|237|154],[161004],4,998,999,999,2,2,[10000],[10000],[10000],[10000|10000|10000],[1250]
6873,-1,,,,-1,0,-1,1,[500],[26160],[7015],[2|11|10],[1],[8],[5],[3],[250|237|154],[161004],4,998,999,999,2,2,[10000],[10000],[10000],[10000|10000|10000],[1250]
6874,-1,,,,-1,0,-1,1,[500],[26870],[7314],[2|11|11],[1],[8],[5],[3],[250|237|154],[161004],4,998,999,999,2,2,[10000],[10000],[10000],[10000|10000|10000],[1250]
6875,-1,,,,-1,0,-1,1,[500],[27580],[7527],[2|11|12],[1],[8],[5],[3],[250|237|154],[161004],4,998,999,999,2,2,[10000],[10000],[10000],[10000|10000|10000],[1250]
6876,-1,,,,-1,0,-1,1,[500],[28280],[7742],[2|11|13],[1],[8],[5],[3],[250|237|154],[161004],4,998,999,999,2,2,[10000],[10000],[10000],[10000|10000|10000],[1250]
6877,-1,,,,-1,0,-1,1,[500],[29000],[7958],[2|11|14],[1],[8],[5],[3],[250|237|154],[161004],4,998,999,999,2,2,[10000],[10000],[10000],[10000|10000|10000],[1250]
6878,-1,,,,-1,0,-1,1,[500],[29770],[8266],[2|11|15],[1],[8],[5],[3],[250|237|154],[161004],4,998,999,999,2,2,[10000],[10000],[10000],[10000|10000|10000],[1250]
6879,-1,,,,-1,0,-1,1,[500],[30480],[8486],[2|11|16],[1],[8],[5],[3],[250|237|154],[161004],4,998,999,999,2,2,[10000],[10000],[10000],[10000|10000|10000],[1250]
6880,-1,,,,-1,0,-1,1,[500],[31190],[8709],[2|12|17],[1],[8],[5],[3],[250|237|154],[161004],4,998,999,999,2,2,[10000],[10000],[10000],[10000|10000|10000],[1250]
6881,-1,,,,-1,0,-1,1,[500],[31810],[8931],[2|12|17],[1],[8],[5],[3],[250|237|154],[161004],4,998,999,999,2,2,[10000],[10000],[10000],[10000|10000|10000],[1250]
6882,-1,,,,-1,0,-1,1,[500],[32430],[9154],[2|12|17],[1],[8],[5],[3],[250|237|154],[161004],4,998,999,999,2,2,[10000],[10000],[10000],[10000|10000|10000],[1250]
6883,-1,,,,-1,0,-1,1,[500],[33060],[9376],[2|12|17],[1],[8],[5],[3],[250|237|154],[161004],4,998,999,999,2,2,[10000],[10000],[10000],[10000|10000|10000],[1250]
6884,-1,,,,-1,0,-1,1,[500],[33680],[9599],[2|12|17],[1],[8],[5],[3],[250|237|154],[161004],4,998,999,999,2,2,[10000],[10000],[10000],[10000|10000|10000],[1250]
6885,-1,,,,-1,0,-1,1,[500],[34300],[9821],[2|12|17],[1],[8],[5],[3],[250|237|154],[161004],4,998,999,999,2,2,[10000],[10000],[10000],[10000|10000|10000],[1250]
6886,-1,,,,-1,0,-1,1,[500],[34930],[10044],[2|12|17],[1],[8],[5],[3],[250|237|154],[161004],4,998,999,999,2,2,[10000],[10000],[10000],[10000|10000|10000],[1250]
6887,-1,,,,-1,0,-1,1,[500],[35550],[10266],[2|12|17],[1],[8],[5],[3],[250|237|154],[161004],4,998,999,999,2,2,[10000],[10000],[10000],[10000|10000|10000],[1250]
6888,-1,,,,-1,0,-1,1,[500],[36180],[10488],[2|12|17],[1],[8],[5],[3],[250|237|154],[161004],4,998,999,999,2,2,[10000],[10000],[10000],[10000|10000|10000],[1250]
6889,-1,,,,-1,0,-1,1,[500],[36800],[10711],[2|12|17],[1],[8],[5],[3],[250|237|154],[161004],4,998,999,999,2,2,[10000],[10000],[10000],[10000|10000|10000],[1250]
6890,-1,,,,-1,0,-1,1,[500],[37420],[10933],[2|12|17],[1],[8],[5],[3],[250|237|154],[161004],4,998,999,999,2,2,[10000],[10000],[10000],[10000|10000|10000],[1250]
6891,-1,,,,-1,0,-1,1,[500],[35870],[10020],[2|12|17],[1],[8],[5],[3],[250|237|154],[161004],4,998,999,999,2,2,[10000],[10000],[10000],[10000|10000|10000],[1250]
6701,-1,,,,-1,0,-1,1,[500],[532],[273],[1],[1],[8],[6],[3],[250],[161004],4,998,999,999,2,2,[10000],[10000],[10000],[10000],[1250]
6702,-1,,,,-1,0,-1,1,[500],[813],[533],[1],[1],[8],[6],[3],[250],[161004],4,998,999,999,2,2,[10000],[10000],[10000],[10000],[1250]
6703,-1,,,,-1,0,-1,1,[500],[1412],[750],[1],[1],[8],[6],[3],[250],[161004],4,998,999,999,2,2,[10000],[10000],[10000],[10000],[1250]
6704,-1,,,,-1,0,-1,1,[500],[2353],[978],[1],[1],[8],[6],[3],[250],[161004],4,998,999,999,2,2,[10000],[10000],[10000],[10000],[1250]
6705,-1,,,,-1,0,-1,1,[500],[3185],[1612],[1],[1],[8],[6],[3],[250],[161004],4,998,999,999,2,2,[10000],[10000],[10000],[10000],[1250]
6706,-1,,,,-1,0,-1,1,[500],[3675],[1870],[1],[1],[8],[6],[3],[250],[161004],4,998,999,999,2,2,[10000],[10000],[10000],[10000],[1250]
6707,-1,,,,-1,0,-1,1,[500],[4554],[2315],[1],[1],[8],[6],[3],[250],[161004],4,998,999,999,2,2,[10000],[10000],[10000],[10000],[1250]
6708,-1,,,,-1,0,-1,1,[500],[5005],[2614],[1],[1],[8],[6],[3],[250],[161004],4,998,999,999,2,2,[10000],[10000],[10000],[10000],[1250]
6709,-1,,,,-1,0,-1,1,[500],[5514],[2874],[1],[1],[8],[6],[3],[250],[161004],4,998,999,999,2,2,[10000],[10000],[10000],[10000],[1250]
6710,-1,,,,-1,0,-1,1,[500],[6350],[3209],[1],[1],[8],[6],[3],[250],[161004],4,998,999,999,2,2,[10000],[10000],[10000],[10000],[1250]
6711,-1,,,,-1,0,-1,1,[500],[6560],[3498],[1],[1],[8],[6],[3],[250],[161004],4,998,999,999,2,2,[10000],[10000],[10000],[10000],[1250]
6712,-1,,,,-1,0,-1,1,[500],[7105],[3801],[2],[1],[8],[6],[3],[250],[161004],4,998,999,999,2,2,[10000],[10000],[10000],[10000],[1250]
6713,-1,,,,-1,0,-1,1,[500],[7696],[4190],[2],[1],[8],[6],[3],[250],[161004],4,998,999,999,2,2,[10000],[10000],[10000],[10000],[1250]
6714,-1,,,,-1,0,-1,1,[500],[8360],[4525],[2],[1],[8],[6],[3],[250],[161004],4,998,999,999,2,2,[10000],[10000],[10000],[10000],[1250]
6715,-1,,,,-1,0,-1,1,[500],[9294],[5048],[2],[1],[8],[6],[3],[250],[161004],4,998,999,999,2,2,[10000],[10000],[10000],[10000],[1250]
6716,-1,,,,-1,0,-1,1,[500],[9943],[5418],[2|10|3],[1],[8],[6],[3],[250|237|154],[161004],4,998,999,999,2,2,[10000],[10000],[10000],[10000|10000|10000],[1250]
6717,-1,,,,-1,0,-1,1,[500],[10375],[5701],[2|10|4],[1],[8],[6],[3],[250|237|154],[161004],4,998,999,999,2,2,[10000],[10000],[10000],[10000|10000|10000],[1250]
6718,-1,,,,-1,0,-1,1,[500],[10734],[5901],[2|10|5],[1],[8],[6],[3],[250|237|154],[161004],4,998,999,999,2,2,[10000],[10000],[10000],[10000|10000|10000],[1250]
6719,-1,,,,-1,0,-1,1,[500],[11142],[6103],[2|10|6],[1],[8],[6],[3],[250|237|154],[161004],4,998,999,999,2,2,[10000],[10000],[10000],[10000|10000|10000],[1250]
6720,-1,,,,-1,0,-1,1,[500],[11550],[6307],[2|10|7],[1],[8],[6],[3],[250|237|154],[161004],4,998,999,999,2,2,[10000],[10000],[10000],[10000|10000|10000],[1250]
6721,-1,,,,-1,0,-1,1,[500],[12334],[6598],[2|10|8],[1],[8],[6],[3],[250|237|154],[161004],4,998,999,999,2,2,[10000],[10000],[10000],[10000|10000|10000],[1250]
6722,-1,,,,-1,0,-1,1,[500],[12721],[6806],[2|10|9],[1],[8],[6],[3],[250|237|154],[161004],4,998,999,999,2,2,[10000],[10000],[10000],[10000|10000|10000],[1250]
6723,-1,,,,-1,0,-1,1,[500],[13077],[7015],[2|11|10],[1],[8],[6],[3],[250|237|154],[161004],4,998,999,999,2,2,[10000],[10000],[10000],[10000|10000|10000],[1250]
6724,-1,,,,-1,0,-1,1,[500],[13431],[7314],[2|11|11],[1],[8],[6],[3],[250|237|154],[161004],4,998,999,999,2,2,[10000],[10000],[10000],[10000|10000|10000],[1250]
6725,-1,,,,-1,0,-1,1,[500],[13786],[7527],[2|11|12],[1],[8],[6],[3],[250|237|154],[161004],4,998,999,999,2,2,[10000],[10000],[10000],[10000|10000|10000],[1250]
6726,-1,,,,-1,0,-1,1,[500],[14140],[7742],[2|11|13],[1],[8],[6],[3],[250|237|154],[161004],4,998,999,999,2,2,[10000],[10000],[10000],[10000|10000|10000],[1250]
6727,-1,,,,-1,0,-1,1,[500],[14496],[7958],[2|11|14],[1],[8],[6],[3],[250|237|154],[161004],4,998,999,999,2,2,[10000],[10000],[10000],[10000|10000|10000],[1250]
6728,-1,,,,-1,0,-1,1,[500],[14883],[8266],[2|11|15],[1],[8],[6],[3],[250|237|154],[161004],4,998,999,999,2,2,[10000],[10000],[10000],[10000|10000|10000],[1250]
6729,-1,,,,-1,0,-1,1,[500],[15237],[8486],[2|11|16],[1],[8],[6],[3],[250|237|154],[161004],4,998,999,999,2,2,[10000],[10000],[10000],[10000|10000|10000],[1250]
6730,-1,,,,-1,0,-1,1,[500],[15591],[8709],[2|12|17],[1],[8],[6],[3],[250|237|154],[161004],4,998,999,999,2,2,[10000],[10000],[10000],[10000|10000|10000],[1250]
6731,-1,,,,-1,0,-1,1,[500],[15903],[8931],[2|12|17],[1],[8],[6],[3],[250|237|154],[161004],4,998,999,999,2,2,[10000],[10000],[10000],[10000|10000|10000],[1250]
6732,-1,,,,-1,0,-1,1,[500],[16215],[9154],[2|12|17],[1],[8],[6],[3],[250|237|154],[161004],4,998,999,999,2,2,[10000],[10000],[10000],[10000|10000|10000],[1250]
6733,-1,,,,-1,0,-1,1,[500],[16527],[9376],[2|12|17],[1],[8],[6],[3],[250|237|154],[161004],4,998,999,999,2,2,[10000],[10000],[10000],[10000|10000|10000],[1250]
6734,-1,,,,-1,0,-1,1,[500],[16839],[9599],[2|12|17],[1],[8],[6],[3],[250|237|154],[161004],4,998,999,999,2,2,[10000],[10000],[10000],[10000|10000|10000],[1250]
6735,-1,,,,-1,0,-1,1,[500],[17150],[9821],[2|12|17],[1],[8],[6],[3],[250|237|154],[161004],4,998,999,999,2,2,[10000],[10000],[10000],[10000|10000|10000],[1250]
6736,-1,,,,-1,0,-1,1,[500],[17462],[10044],[2|12|17],[1],[8],[6],[3],[250|237|154],[161004],4,998,999,999,2,2,[10000],[10000],[10000],[10000|10000|10000],[1250]
6737,-1,,,,-1,0,-1,1,[500],[17774],[10266],[2|12|17],[1],[8],[6],[3],[250|237|154],[161004],4,998,999,999,2,2,[10000],[10000],[10000],[10000|10000|10000],[1250]
6738,-1,,,,-1,0,-1,1,[500],[18086],[10488],[2|12|17],[1],[8],[6],[3],[250|237|154],[161004],4,998,999,999,2,2,[10000],[10000],[10000],[10000|10000|10000],[1250]
6739,-1,,,,-1,0,-1,1,[500],[18398],[10711],[2|12|17],[1],[8],[6],[3],[250|237|154],[161004],4,998,999,999,2,2,[10000],[10000],[10000],[10000|10000|10000],[1250]
6740,-1,,,,-1,0,-1,1,[500],[18710],[10933],[2|12|17],[1],[8],[6],[3],[250|237|154],[161004],4,998,999,999,2,2,[10000],[10000],[10000],[10000|10000|10000],[1250]
6901,-1,,,,-1,0,-1,1,[1000],[3480|3480],[282],[2],,[8],[4|5],[3],[250],,2,998,999,999,2,-1,,,,,
6902,-1,,,,-1,0,-1,1,[1000],[6890|6890],[640],[3],,[8],[4|5],[3],[250],,2,998,999,999,2,-1,,,,,
6903,-1,,,,-1,0,-1,1,[1000],[10010|10010],[1911],[3],,[8],[4|5],[3],[250],,2,998,999,999,2,-1,,,,,
6904,-1,,,,-1,0,-1,1,[1000],[14210|14210],[3773],[4],,[8],[4|5],[3],[250],,2,998,999,999,2,-1,,,,,
6905,-1,,,,-1,0,-1,1,[1000],[19890|19890],[5929],[4],,[8],[4|5],[3],[250],,2,998,999,999,2,-1,,,,,
6906,-1,,,,-1,0,-1,1,[1000],[21470|21470],[9627],[4|26|30],,[8],[4|5],[3],[250|237|154],,2,998,999,999,2,-1,,,,,
6907,-1,,,,-1,0,-1,1,[1000],[23100|23100],[13577],[4|26|32],,[8],[4|5],[3],[250|237|154],,2,998,999,999,2,-1,,,,,
6908,-1,,,,-1,0,-1,1,[1000],[25450|25450],[17705],[5|27|34],,[8],[4|5],[3],[250|237|154],,2,998,999,999,2,-1,,,,,
6909,-1,,,,-1,0,-1,1,[1000],[28280|28280],[20418],[5|28|36],,[8],[4|5],[3],[250|237|154],,2,998,999,999,2,-1,,,,,
6910,-1,,,,-1,0,-1,1,[1000],[31190|31190],[23226],[5|30|38],,[8],[4|5],[3],[250|237|154],,2,998,999,999,2,-1,,,,,
6930,-1,,,,-1,0,-1,1,[1000],[35870|35870],[26127],[5|30|40],,[8],[4|5],[3],[250|237|154],,2,998,999,999,2,-1,,,,,
6911,-1,,,,-1,0,-1,1,[1000],[3480|3480],[282],[2],[1|1],[8],[4|5],[3],[250],[161004|161005],2,998,999,999,2,2,,,,,
6912,-1,,,,-1,0,-1,1,[1000],[6890|6890],[640],[3],[1|1],[8],[4|5],[3],[250],[161004|161005],2,998,999,999,2,2,,,,,
6913,-1,,,,-1,0,-1,1,[1000],[10010|10010],[1911],[3],[1|1],[8],[4|5],[3],[250],[161004|161005],2,998,999,999,2,2,,,,,
6914,-1,,,,-1,0,-1,1,[1000],[14210|14210],[3773],[4],[1|1],[8],[4|5],[3],[250],[161004|161005],2,998,999,999,2,2,,,,,
6915,-1,,,,-1,0,-1,1,[1000],[19890|19890],[5929],[4],[1|1],[8],[4|5],[3],[250],[161004|161005],2,998,999,999,2,2,,,,,
6916,-1,,,,-1,0,-1,1,[1000],[21470|21470],[9627],[4|26|30],[1|1],[8],[4|5],[3],[250|237|154],[161004|161005],2,998,999,999,2,2,,,,,
6917,-1,,,,-1,0,-1,1,[1000],[23100|23100],[13577],[4|26|32],[1|1],[8],[4|5],[3],[250|237|154],[161004|161005],2,998,999,999,2,2,,,,,
6918,-1,,,,-1,0,-1,1,[1000],[25450|25450],[17705],[5|27|34],[1|1],[8],[4|5],[3],[250|237|154],[161004|161005],2,998,999,999,2,2,,,,,
6919,-1,,,,-1,0,-1,1,[1000],[28280|28280],[20418],[5|28|36],[1|1],[8],[4|5],[3],[250|237|154],[161004|161005],2,998,999,999,2,2,,,,,
6920,-1,,,,-1,0,-1,1,[1000],[31190|31190],[23226],[5|30|38],[1|1],[8],[4|5],[3],[250|237|154],[161004|161005],2,998,999,999,2,2,,,,,
6931,-1,,,,-1,0,-1,1,[1000],[35870|35870],[26127],[5|30|40],[1|1],[8],[4|5],[3],[250|237|154],[161004|161005],2,998,999,999,2,2,,,,,
6940,-1,,,,-1,0,-1,1,[3],,,,,[204005],,,,,2,2,-1,-1,-1,-1,,,,,
6941,-1,,,,-1,0,-1,1,[3],,,,,[204005],,,,,2,2,-1,-1,-1,-1,,,,,
6950,-1,,,,-1,0,-1,1,,[1|1],[1],[1],[1|1|1],,[4|5],[3],[250],[204005|161004|161005],2,-1,999,999,2,2,,,,,
6951,-1,,,,-1,0,-1,1,[1000],[3480|3480],[282],[2],[3|1|1],[8],[4|5],[3],[250],[204005|161004|161005],2,998,999,999,2,2,,,,,
6952,-1,,,,-1,0,-1,1,[1000],[6890|6890],[640],[3],[3|1|1],[8],[4|5],[3],[250],[204005|161004|161005],2,998,999,999,2,2,,,,,
6953,-1,,,,-1,0,-1,1,[1000],[10010|10010],[1911],[3],[3|1|1],[8],[4|5],[3],[250],[204005|161004|161005],2,998,999,999,2,2,,,,,
6954,-1,,,,-1,0,-1,1,[1000],[14210|14210],[3773],[4],[3|1|1],[8],[4|5],[3],[250],[204005|161004|161005],2,998,999,999,2,2,,,,,
6955,-1,,,,-1,0,-1,1,[1000],[19890|19890],[5929],[4],[3|1|1],[8],[4|5],[3],[250],[204005|161004|161005],2,998,999,999,2,2,,,,,
6956,-1,,,,-1,0,-1,1,[1000],[21470|21470],[9627],[4|26|30],[3|1|1],[8],[4|5],[3],[250|237|154],[204005|161004|161005],2,998,999,999,2,2,,,,,
6957,-1,,,,-1,0,-1,1,[1000],[23100|23100],[13577],[4|26|32],[3|1|1],[8],[4|5],[3],[250|237|154],[204005|161004|161005],2,998,999,999,2,2,,,,,
6958,-1,,,,-1,0,-1,1,[1000],[25450|25450],[17705],[5|27|34],[3|1|1],[8],[4|5],[3],[250|237|154],[204005|161004|161005],2,998,999,999,2,2,,,,,
6959,-1,,,,-1,0,-1,1,[1000],[28280|28280],[20418],[5|28|36],[3|1|1],[8],[4|5],[3],[250|237|154],[204005|161004|161005],2,998,999,999,2,2,,,,,
6960,-1,,,,-1,0,-1,1,[1000],[31190|31190],[23226],[5|30|38],[3|1|1],[8],[4|5],[3],[250|237|154],[204005|161004|161005],2,998,999,999,2,2,,,,,
6970,-1,,,,-1,0,-1,1,[1000],[6240|6240],[19255],[3],,[8],[4|5],[3],[250],,2,998,999,999,2,-1,,,,,
6971,-1,,,,-1,0,-1,1,[1000],[24000|24000],[19255],[3],,[8],[4|5],[3],[250],,2,998,999,999,2,-1,,,,,
6981,-1,,,,-1,0,-1,1,[1000],[3480|3480],[282],[2],[1|1],[8],[4|5],[3],[250],[161004|161005],2,998,999,999,2,2,,,,,
6982,-1,,,,-1,0,-1,1,[1000],[6890|6890],[640],[3],[1|1],[8],[4|5],[3],[250],[161004|161005],2,998,999,999,2,2,,,,,
6983,-1,,,,-1,0,-1,1,[1000],[10010|10010],[1911],[3],[1|1],[8],[4|5],[3],[250],[161004|161005],2,998,999,999,2,2,,,,,
6984,-1,,,,-1,0,-1,1,[1000],[14210|14210],[3773],[4],[1|1],[8],[4|5],[3],[250],[161004|161005],2,998,999,999,2,2,,,,,
6985,-1,,,,-1,0,-1,1,[1000],[19890|19890],[5929],[4],[1|1],[8],[4|5],[3],[250],[161004|161005],2,998,999,999,2,2,,,,,
6986,-1,,,,-1,0,-1,1,[1000],[21470|21470],[9627],[4|60],[1|1],[8],[4|5],[3],[250|154],[161004|161005],2,998,999,999,2,2,,,,,
6987,-1,,,,-1,0,-1,1,[1000],[23100|23100],[13577],[4|64],[1|1],[8],[4|5],[3],[250|154],[161004|161005],2,998,999,999,2,2,,,,,
6988,-1,,,,-1,0,-1,1,[1000],[25450|25450],[17705],[4|68],[1|1],[8],[4|5],[3],[250|154],[161004|161005],2,998,999,999,2,2,,,,,
6989,-1,,,,-1,0,-1,1,[1000],[28280|28280],[20418],[4|72],[1|1],[8],[4|5],[3],[250|154],[161004|161005],2,998,999,999,2,2,,,,,
6990,-1,,,,-1,0,-1,1,[1000],[31190|31190],[23226],[4|76],[1|1],[8],[4|5],[3],[250|154],[161004|161005],2,998,999,999,2,2,,,,,
6991,-1,,,,-1,0,-1,1,[1000],[3480|3480],[282],[2],[1|1],[8],[4|5],[3],[250],[161004|161005],2,998,999,999,2,2,,,,,
6992,-1,,,,-1,0,-1,1,[1000],[6890|6890],[640],[3],[1|1],[8],[4|5],[3],[250],[161004|161005],2,998,999,999,2,2,,,,,
6993,-1,,,,-1,0,-1,1,[1000],[10010|10010],[1911],[3],[1|1],[8],[4|5],[3],[250],[161004|161005],2,998,999,999,2,2,,,,,
6994,-1,,,,-1,0,-1,1,[1000],[14210|14210],[3773],[4],[1|1],[8],[4|5],[3],[250],[161004|161005],2,998,999,999,2,2,,,,,
6995,-1,,,,-1,0,-1,1,[1000],[19890|19890],[5929],[4],[1|1],[8],[4|5],[3],[250],[161004|161005],2,998,999,999,2,2,,,,,
6996,-1,,,,-1,0,-1,1,[1000],[21470|21470],[9627],[4|60],[1|1],[8],[4|5],[3],[250|154],[161004|161005],2,998,999,999,2,2,,,,,
6997,-1,,,,-1,0,-1,1,[1000],[23100|23100],[13577],[4|64],[1|1],[8],[4|5],[3],[250|154],[161004|161005],2,998,999,999,2,2,,,,,
6998,-1,,,,-1,0,-1,1,[1000],[25450|25450],[17705],[4|68],[1|1],[8],[4|5],[3],[250|154],[161004|161005],2,998,999,999,2,2,,,,,
6999,-1,,,,-1,0,-1,1,[1000],[28280|28280],[20418],[4|72],[1|1],[8],[4|5],[3],[250|154],[161004|161005],2,998,999,999,2,2,,,,,
7000,-1,,,,-1,0,-1,1,[1000],[31190|31190],[23226],[4|76],[1|1],[8],[4|5],[3],[250|154],[161004|161005],2,998,999,999,2,2,,,,,
7001,-1,,,,-1,-1,-1,1,[1],[100],,,,[201],[2],,,,2,2,999,-1,-1,-1,,,,,
7005,-1,,,,-1,-1,-1,1,[500],,,,,[204],,,,,2,2,-1,-1,-1,-1,,,,,
7011,-1,,,,-1,0,-1,1,[1000],[3480|3480],[282],[2],[1|1],[8],[4|5],[3],[250],[161004|161005],2,998,999,999,2,2,,,,,
7012,-1,,,,-1,0,-1,1,[1000],[6890|6890],[640],[3],[1|1],[8],[4|5],[3],[250],[161004|161005],2,998,999,999,2,2,,,,,
7013,-1,,,,-1,0,-1,1,[1000],[10010|10010],[1911],[3],[1|1],[8],[4|5],[3],[250],[161004|161005],2,998,999,999,2,2,,,,,
7014,-1,,,,-1,0,-1,1,[1000],[14210|14210],[3773],[4],[1|1],[8],[4|5],[3],[250],[161004|161005],2,998,999,999,2,2,,,,,
7015,-1,,,,-1,0,-1,1,[1000],[19890|19890],[5929],[4],[1|1],[8],[4|5],[3],[250],[161004|161005],2,998,999,999,2,2,,,,,
7016,-1,,,,-1,0,-1,1,[1000],[21470|21470],[9627],[4|26|30],[1|1],[8],[4|5],[3],[250|237|154],[161004|161005],2,998,999,999,2,2,,,,,
7017,-1,,,,-1,0,-1,1,[1000],[23100|23100],[13577],[4|26|32],[1|1],[8],[4|5],[3],[250|237|154],[161004|161005],2,998,999,999,2,2,,,,,
7018,-1,,,,-1,0,-1,1,[1000],[25450|25450],[17705],[4|27|34],[1|1],[8],[4|5],[3],[250|237|154],[161004|161005],2,998,999,999,2,2,,,,,
7019,-1,,,,-1,0,-1,1,[1000],[28280|28280],[20418],[5|28|36],[1|1],[8],[4|5],[3],[250|237|154],[161004|161005],2,998,999,999,2,2,,,,,
7020,-1,,,,-1,0,-1,1,[1000],[31190|31190],[23226],[5|30|38],[1|1],[8],[4|5],[3],[250|237|154],[161004|161005],2,998,999,999,2,2,,,,,
7031,-1,,,,-1,0,-1,1,[1000],[3480|3480],[282],[2|54],[1|1],[8],[4|5],[3],[250|237],[161004|161005],2,998,999,999,2,2,,,,,
7032,-1,,,,-1,0,-1,1,[1000],[6890|6890],[640],[3|60],[1|1],[8],[4|5],[3],[250|237],[161004|161005],2,998,999,999,2,2,,,,,
7033,-1,,,,-1,0,-1,1,[1000],[10010|10010],[1911],[3|65],[1|1],[8],[4|5],[3],[250|237],[161004|161005],2,998,999,999,2,2,,,,,
7034,-1,,,,-1,0,-1,1,[1000],[14210|14210],[3773],[4|70],[1|1],[8],[4|5],[3],[250|237],[161004|161005],2,998,999,999,2,2,,,,,
7035,-1,,,,-1,0,-1,1,[1000],[19890|19890],[5929],[4|76],[1|1],[8],[4|5],[3],[250|237],[161004|161005],2,998,999,999,2,2,,,,,
7036,-1,,,,-1,0,-1,1,[1000],[21470|21470],[9627],[4|78],[1|1],[8],[4|5],[3],[250|237],[161004|161005],2,998,999,999,2,2,,,,,
7037,-1,,,,-1,0,-1,1,[1000],[23100|23100],[13577],[4|80],[1|1],[8],[4|5],[3],[250|237],[161004|161005],2,998,999,999,2,2,,,,,
7038,-1,,,,-1,0,-1,1,[1000],[25450|25450],[17705],[4|82],[1|1],[8],[4|5],[3],[250|237],[161004|161005],2,998,999,999,2,2,,,,,
7039,-1,,,,-1,0,-1,1,[1000],[28280|28280],[20418],[5|85],[1|1],[8],[4|5],[3],[250|237],[161004|161005],2,998,999,999,2,2,,,,,
7040,-1,,,,-1,0,-1,1,[1000],[31190|31190],[23226],[5|90],[1|1],[8],[4|5],[3],[250|237],[161004|161005],2,998,999,999,2,2,,,,,
7051,-1,,,,-1,0,-1,1,[1000],[3480|3480],[282],[2|60],[1|1],[8],[4|5],[3],[250|154],[161004|161005],2,998,999,999,2,2,,,,,
7052,-1,,,,-1,0,-1,1,[1000],[6890|6890],[640],[3|66],[1|1],[8],[4|5],[3],[250|154],[161004|161005],2,998,999,999,2,2,,,,,
7053,-1,,,,-1,0,-1,1,[1000],[10010|10010],[1911],[3|72],[1|1],[8],[4|5],[3],[250|154],[161004|161005],2,998,999,999,2,2,,,,,
7054,-1,,,,-1,0,-1,1,[1000],[14210|14210],[3773],[4|78],[1|1],[8],[4|5],[3],[250|154],[161004|161005],2,998,999,999,2,2,,,,,
7055,-1,,,,-1,0,-1,1,[1000],[19890|19890],[5929],[4|84],[1|1],[8],[4|5],[3],[250|154],[161004|161005],2,998,999,999,2,2,,,,,
7056,-1,,,,-1,0,-1,1,[1000],[21470|21470],[9627],[4|90],[1|1],[8],[4|5],[3],[250|154],[161004|161005],2,998,999,999,2,2,,,,,
7057,-1,,,,-1,0,-1,1,[1000],[23100|23100],[13577],[4|96],[1|1],[8],[4|5],[3],[250|154],[161004|161005],2,998,999,999,2,2,,,,,
7058,-1,,,,-1,0,-1,1,[1000],[25450|25450],[17705],[4|102],[1|1],[8],[4|5],[3],[250|154],[161004|161005],2,998,999,999,2,2,,,,,
7059,-1,,,,-1,0,-1,1,[1000],[28280|28280],[20418],[5|108],[1|1],[8],[4|5],[3],[250|154],[161004|161005],2,998,999,999,2,2,,,,,
7060,-1,,,,-1,0,-1,1,[1000],[31190|31190],[23226],[5|114],[1|1],[8],[4|5],[3],[250|154],[161004|161005],2,998,999,999,2,2,,,,,
7071,-1,,,,-1,0,-1,1,[1000],[3480|3480|282],[400],[2],[1|1],[8],[4|5|3],[17],[250],[161004|161005],2,998,999,999,2,2,,,,,
7072,-1,,,,-1,0,-1,1,[1000],[6890|6890|640],[440],[3],[1|1],[8],[4|5|3],[17],[250],[161004|161005],2,998,999,999,2,2,,,,,
7073,-1,,,,-1,0,-1,1,[1000],[10010|10010|1911],[480],[3],[1|1],[8],[4|5|3],[17],[250],[161004|161005],2,998,999,999,2,2,,,,,
7074,-1,,,,-1,0,-1,1,[1000],[14210|14210|3773],[520],[4],[1|1],[8],[4|5|3],[17],[250],[161004|161005],2,998,999,999,2,2,,,,,
7075,-1,,,,-1,0,-1,1,[1000],[19890|19890|5929],[560],[4],[1|1],[8],[4|5|3],[17],[250],[161004|161005],2,998,999,999,2,2,,,,,
7076,-1,,,,-1,0,-1,1,[1000],[21470|21470|9627],[600],[4],[1|1],[8],[4|5|3],[17],[250],[161004|161005],2,998,999,999,2,2,,,,,
7077,-1,,,,-1,0,-1,1,[1000],[23100|23100|13577],[640],[4],[1|1],[8],[4|5|3],[17],[250],[161004|161005],2,998,999,999,2,2,,,,,
7078,-1,,,,-1,0,-1,1,[1000],[25450|25450|17705],[680],[4],[1|1],[8],[4|5|3],[17],[250],[161004|161005],2,998,999,999,2,2,,,,,
7079,-1,,,,-1,0,-1,1,[1000],[28280|28280|20418],[720],[5],[1|1],[8],[4|5|3],[17],[250],[161004|161005],2,998,999,999,2,2,,,,,
7080,-1,,,,-1,0,-1,1,[1000],[31190|31190|23226],[760],[5],[1|1],[8],[4|5|3],[17],[250],[161004|161005],2,998,999,999,2,2,,,,,
7101,-1,,,,-1,0,-1,1,[1000],[3480|3480],[282],,,[8],[4|5],[3],,,2,998,999,999,-1,-1,,,,,
7102,-1,,,,-1,0,-1,1,[1000],[6890|6890],[640],,,[8],[4|5],[3],,,2,998,999,999,-1,-1,,,,,
7103,-1,,,,-1,0,-1,1,[1000],[10010|10010],[1911],,,[8],[4|5],[3],,,2,998,999,999,-1,-1,,,,,
7104,-1,,,,-1,0,-1,1,[1000],[14210|14210],[3773],,,[8],[4|5],[3],,,2,998,999,999,-1,-1,,,,,
7105,-1,,,,-1,0,-1,1,[1000],[19890|19890],[5929],,,[8],[4|5],[3],,,2,998,999,999,-1,-1,,,,,
7106,-1,,,,-1,0,-1,1,[1000],[21470|21470],[9627],,,[8],[4|5],[3],,,2,998,999,999,-1,-1,,,,,
7107,-1,,,,-1,0,-1,1,[1000],[23100|23100],[13577],,,[8],[4|5],[3],,,2,998,999,999,-1,-1,,,,,
7108,-1,,,,-1,0,-1,1,[1000],[25450|25450],[17705],,,[8],[4|5],[3],,,2,998,999,999,-1,-1,,,,,
7109,-1,,,,-1,0,-1,1,[1000],[28280|28280],[20418],,,[8],[4|5],[3],,,2,998,999,999,-1,-1,,,,,
7110,-1,,,,-1,0,-1,1,[1000],[31190|31190],[23226],,,[8],[4|5],[3],,,2,998,999,999,-1,-1,,,,,
7201,-1,,,,-1,0,-1,1,[2],,,,,[250],,,,,2,2,-1,-1,-1,-1,,,,,
7202,-1,,,,-1,0,-1,1,[3],,,,,[250],,,,,2,2,-1,-1,-1,-1,,,,,
7203,-1,,,,-1,0,-1,1,[3],,,,,[250],,,,,2,2,-1,-1,-1,-1,,,,,
7204,-1,,,,-1,0,-1,1,[4],,,,,[250],,,,,2,2,-1,-1,-1,-1,,,,,
7205,-1,,,,-1,0,-1,1,[4],,,,,[250],,,,,2,2,-1,-1,-1,-1,,,,,
7206,-1,,,,-1,0,-1,1,[4|26|30],,,,,[250|237|154],,,,,2,2,-1,-1,-1,-1,,,,,
7207,-1,,,,-1,0,-1,1,[4|26|32],,,,,[250|237|154],,,,,2,2,-1,-1,-1,-1,,,,,
7208,-1,,,,-1,0,-1,1,[4|27|34],,,,,[250|237|154],,,,,2,2,-1,-1,-1,-1,,,,,
7209,-1,,,,-1,0,-1,1,[5|28|36],,,,,[250|237|154],,,,,2,2,-1,-1,-1,-1,,,,,
7210,-1,,,,-1,0,-1,1,[5|30|38],,,,,[250|237|154],,,,,2,2,-1,-1,-1,-1,,,,,
7221,-1,,,,-1,0,-1,1,[2|54],,,,,[250|237],,,,,2,2,-1,-1,-1,-1,,,,,
7222,-1,,,,-1,0,-1,1,[3|60],,,,,[250|237],,,,,2,2,-1,-1,-1,-1,,,,,
7223,-1,,,,-1,0,-1,1,[3|65],,,,,[250|237],,,,,2,2,-1,-1,-1,-1,,,,,
7224,-1,,,,-1,0,-1,1,[4|70],,,,,[250|237],,,,,2,2,-1,-1,-1,-1,,,,,
7225,-1,,,,-1,0,-1,1,[4|76],,,,,[250|237],,,,,2,2,-1,-1,-1,-1,,,,,
7226,-1,,,,-1,0,-1,1,[4|78],,,,,[250|237],,,,,2,2,-1,-1,-1,-1,,,,,
7227,-1,,,,-1,0,-1,1,[4|80],,,,,[250|237],,,,,2,2,-1,-1,-1,-1,,,,,
7228,-1,,,,-1,0,-1,1,[4|82],,,,,[250|237],,,,,2,2,-1,-1,-1,-1,,,,,
7229,-1,,,,-1,0,-1,1,[5|85],,,,,[250|237],,,,,2,2,-1,-1,-1,-1,,,,,
7230,-1,,,,-1,0,-1,1,[5|90],,,,,[250|237],,,,,2,2,-1,-1,-1,-1,,,,,
7241,-1,,,,-1,0,-1,1,[2|60],,,,,[250|154],,,,,2,2,-1,-1,-1,-1,,,,,
7242,-1,,,,-1,0,-1,1,[3|66],,,,,[250|154],,,,,2,2,-1,-1,-1,-1,,,,,
7243,-1,,,,-1,0,-1,1,[3|72],,,,,[250|154],,,,,2,2,-1,-1,-1,-1,,,,,
7244,-1,,,,-1,0,-1,1,[4|78],,,,,[250|154],,,,,2,2,-1,-1,-1,-1,,,,,
7245,-1,,,,-1,0,-1,1,[4|84],,,,,[250|154],,,,,2,2,-1,-1,-1,-1,,,,,
7246,-1,,,,-1,0,-1,1,[4|90],,,,,[250|154],,,,,2,2,-1,-1,-1,-1,,,,,
7247,-1,,,,-1,0,-1,1,[4|96],,,,,[250|154],,,,,2,2,-1,-1,-1,-1,,,,,
7248,-1,,,,-1,0,-1,1,[4|102],,,,,[250|154],,,,,2,2,-1,-1,-1,-1,,,,,
7249,-1,,,,-1,0,-1,1,[5|108],,,,,[250|154],,,,,2,2,-1,-1,-1,-1,,,,,
7250,-1,,,,-1,0,-1,1,[5|114],,,,,[250|154],,,,,2,2,-1,-1,-1,-1,,,,,
7261,-1,,,,-1,0,-1,1,[400],[2],,,,[17],[250],,,,2,999,2,-1,-1,-1,,,,,
7262,-1,,,,-1,0,-1,1,[440],[3],,,,[17],[250],,,,2,999,2,-1,-1,-1,,,,,
7263,-1,,,,-1,0,-1,1,[480],[3],,,,[17],[250],,,,2,999,2,-1,-1,-1,,,,,
7264,-1,,,,-1,0,-1,1,[520],[4],,,,[17],[250],,,,2,999,2,-1,-1,-1,,,,,
7265,-1,,,,-1,0,-1,1,[560],[4],,,,[17],[250],,,,2,999,2,-1,-1,-1,,,,,
7266,-1,,,,-1,0,-1,1,[600],[4],,,,[17],[250],,,,2,999,2,-1,-1,-1,,,,,
7267,-1,,,,-1,0,-1,1,[640],[4],,,,[17],[250],,,,2,999,2,-1,-1,-1,,,,,
7268,-1,,,,-1,0,-1,1,[680],[4],,,,[17],[250],,,,2,999,2,-1,-1,-1,,,,,
7269,-1,,,,-1,0,-1,1,[720],[5],,,,[17],[250],,,,2,999,2,-1,-1,-1,,,,,
7270,-1,,,,-1,0,-1,1,[760],[5],,,,[17],[250],,,,2,999,2,-1,-1,-1,,,,,
7331,-1,,,,-1,0,-1,1,[15],[4],[4],[8000],[150],[200001],[206106],[206206],[6],[2],2,2,2,2,999,999,,,,,
7332,-1,,,,-1,0,-1,1,[20],[8],[8],[8000],[150],[200001],[206106],[206206],[6],[2],2,2,2,2,999,999,,,,,
7333,-1,,,,-1,0,-1,1,[25],[12],[12],[16000],[150],[200001],[206106],[206206],[6],[2],2,2,2,2,999,999,,,,,
7334,-1,,,,-1,0,-1,1,[30],[16],[16],[16000],[150],[200001],[206106],[206206],[6],[2],2,2,2,2,999,999,,,,,
7335,-1,,,,-1,0,-1,1,[35],[20],[20],[24000],[150],[200001],[206106],[206206],[6],[2],2,2,2,2,999,999,,,,,
7336,-1,,,,-1,0,-1,1,[40],[22],[22],[24000],[150],[200001],[206106],[206206],[6],[2],2,2,2,2,999,999,,,,,
7337,-1,,,,-1,0,-1,1,[45],[24],[24],[32000],[150],[200001],[206106],[206206],[6],[2],2,2,2,2,999,999,,,,,
7338,-1,,,,-1,0,-1,1,[50],[26],[26],[32000],[150],[200001],[206106],[206206],[6],[2],2,2,2,2,999,999,,,,,
7339,-1,,,,-1,0,-1,1,[55],[28],[28],[32000],[150],[200001],[206106],[206206],[6],[2],2,2,2,2,999,999,,,,,
7340,-1,,,,-1,0,-1,1,[60],[30],[30],[32000],[150],[200001],[206106],[206206],[6],[2],2,2,2,2,999,999,,,,,
7351,-1,,,,-1,0,-1,1,[15],[4],[4],[8000],[150],[200001],[206106],[206206],[6],[2],2,2,2,2,999,999,,,,,
7352,-1,,,,-1,0,-1,1,[20],[8],[8],[8000],[150],[200001],[206106],[206206],[6],[2],2,2,2,2,999,999,,,,,
7353,-1,,,,-1,0,-1,1,[25],[12],[12],[16000],[150],[200001],[206106],[206206],[6],[2],2,2,2,2,999,999,,,,,
7354,-1,,,,-1,0,-1,1,[30],[16],[16],[16000],[150],[200001],[206106],[206206],[6],[2],2,2,2,2,999,999,,,,,
7355,-1,,,,-1,0,-1,1,[35],[20],[20],[24000],[150],[200001],[206106],[206206],[6],[2],2,2,2,2,999,999,,,,,
7356,-1,,,,-1,0,-1,1,[40],[22],[22],[24000],[150],[200001],[206106],[206206],[6],[2],2,2,2,2,999,999,,,,,
7357,-1,,,,-1,0,-1,1,[45],[24],[24],[32000],[150],[200001],[206106],[206206],[6],[2],2,2,2,2,999,999,,,,,
7358,-1,,,,-1,0,-1,1,[50],[26],[26],[32000],[150],[200001],[206106],[206206],[6],[2],2,2,2,2,999,999,,,,,
7359,-1,,,,-1,0,-1,1,[55],[28],[28],[32000],[150],[200001],[206106],[206206],[6],[2],2,2,2,2,999,999,,,,,
7360,-1,,,,-1,0,-1,1,[60],[30],[30],[32000],[150],[200001],[206106],[206206],[6],[2],2,2,2,2,999,999,,,,,
7361,-1,,,,-1,0,-1,1,[15],[4],[4],[8000],[150],[200001],[206106],[206206],[6],[2],2,2,2,2,999,999,,,,,
7362,-1,,,,-1,0,-1,1,[20],[8],[8],[8000],[150],[200001],[206106],[206206],[6],[2],2,2,2,2,999,999,,,,,
7363,-1,,,,-1,0,-1,1,[25],[12],[12],[16000],[150],[200001],[206106],[206206],[6],[2],2,2,2,2,999,999,,,,,
7364,-1,,,,-1,0,-1,1,[30],[16],[16],[16000],[150],[200001],[206106],[206206],[6],[2],2,2,2,2,999,999,,,,,
7365,-1,,,,-1,0,-1,1,[35],[20],[20],[24000],[150],[200001],[206106],[206206],[6],[2],2,2,2,2,999,999,,,,,
7366,-1,,,,-1,0,-1,1,[40],[22],[22],[24000],[150],[200001],[206106],[206206],[6],[2],2,2,2,2,999,999,,,,,
7367,-1,,,,-1,0,-1,1,[45],[24],[24],[32000],[150],[200001],[206106],[206206],[6],[2],2,2,2,2,999,999,,,,,
7368,-1,,,,-1,0,-1,1,[50],[26],[26],[32000],[150],[200001],[206106],[206206],[6],[2],2,2,2,2,999,999,,,,,
7369,-1,,,,-1,0,-1,1,[55],[28],[28],[32000],[150],[200001],[206106],[206206],[6],[2],2,2,2,2,999,999,,,,,
7370,-1,,,,-1,0,-1,1,[60],[30],[30],[32000],[150],[200001],[206106],[206206],[6],[2],2,2,2,2,999,999,,,,,
7801,-1,,,,-1,0,-1,1,[250],[6350],[6350],,,[8],[4],[5],,,2,998,999,999,-1,-1,,,,,
7802,-1,,,,-1,0,-1,1,[250],[8360],[8360],,,[8],[4],[5],,,2,998,999,999,-1,-1,,,,,
7803,-1,,,,-1,0,-1,1,[250],[9950],[9950],,,[8],[4],[5],,,2,998,999,999,-1,-1,,,,,
7804,-1,,,,-1,0,-1,1,[250],[10740],[10740],,,[8],[4],[5],,,2,998,999,999,-1,-1,,,,,
7805,-1,,,,-1,0,-1,1,[250],[11550],[11550],,,[8],[4],[5],,,2,998,999,999,-1,-1,,,,,
7806,-1,,,,-1,0,-1,1,[250],[12730],[12730],[1],,[8],[4],[5],[200201],,2,998,999,999,2,-1,,,,,
7811,-1,,,,-1,0,-1,1,[50],[1],,,,[2],[161004],,,,2,999,2,-1,-1,-1,,,,,
7812,-1,,,,-1,0,-1,1,[50],[1],,,,[2],[161004],,,,2,999,2,-1,-1,-1,,,,,
7813,-1,,,,-1,0,-1,1,[50],[1],,,,[2],[161004],,,,2,999,2,-1,-1,-1,,,,,
7814,-1,,,,-1,0,-1,1,[50],[1],,,,[2],[161004],,,,2,999,2,-1,-1,-1,,,,,
7815,-1,,,,-1,0,-1,1,[50],[1],,,,[2],[161004],,,,2,999,2,-1,-1,-1,,,,,
7901,-1,,,,-1,0,-1,1,[500],[3],,,,[2],[161005],,,,2,999,2,-1,-1,-1,,,,,
7902,-1,,,,-1,0,-1,1,[300],[2],,,,[2],[161005],,,,2,999,2,-1,-1,-1,,,,,
7903,-1,,,,-1,0,-1,1,[200],[1],,,,[2],[161005],,,,2,999,2,-1,-1,-1,,,,,
7904,-1,,,,-1,0,-1,1,[100],[2],,,,[2],[161004],,,,2,999,2,-1,-1,-1,,,,,
7905,-1,,,,-1,0,-1,1,[50],[1],,,,[2],[161004],,,,2,999,2,-1,-1,-1,,,,,
7911,-1,,,,-1,0,-1,1,[500],[24000],,,,[2],[6],,,,2,999,999,-1,-1,-1,,,,,
7912,-1,,,,-1,0,-1,1,[300],[16000],,,,[2],[6],,,,2,999,999,-1,-1,-1,,,,,
7913,-1,,,,-1,0,-1,1,[200],[8000],,,,[2],[6],,,,2,999,999,-1,-1,-1,,,,,
7914,-1,,,,-1,0,-1,1,[100],[4000],,,,[2],[6],,,,2,999,999,-1,-1,-1,,,,,
7915,-1,,,,-1,0,-1,1,[50],[2000],,,,[2],[6],,,,2,999,999,-1,-1,-1,,,,,
8001,-1,,,,-1,0,-1,1,[200],[1],[5],[50000],[50000],[2],[161005],[200403],[4],[5],2,999,2,2,999,999,,,,,
8002,-1,,,,-1,0,-1,1,[300],[1],[10],[80000],[80000],[2],[161005],[200403],[4],[5],2,999,2,2,999,999,,,,,
8003,-1,,,,-1,0,-1,1,[500],[2],[15],[100000],[100000],[2],[161005],[200403],[4],[5],2,999,2,2,999,999,,,,,
8004,-1,,,,-1,0,-1,1,[800],[2],[20],[150000],[150000],[2],[161005],[200403],[4],[5],2,999,2,2,999,999,,,,,
8005,-1,,,,-1,0,-1,1,[1000],[3],[25],[200000],[200000],[2],[161005],[200403],[4],[5],2,999,2,2,999,999,,,,,
8011,-1,,,,-1,0,-1,1,[200],[5],[2],[20],[20],[2],[200403],[201],[206106],[206206],2,999,2,2,2,2,,,,,
8012,-1,,,,-1,0,-1,1,[300],[10],[3],[30],[30],[2],[200403],[201],[206106],[206206],2,999,2,2,2,2,,,,,
8013,-1,,,,-1,0,-1,1,[500],[15],[4],[40],[40],[2],[200403],[201],[206106],[206206],2,999,2,2,2,2,,,,,
8014,-1,,,,-1,0,-1,1,[800],[20],[5],[50],[50],[2],[200403],[201],[206106],[206206],2,999,2,2,2,2,,,,,
8015,-1,,,,-1,0,-1,1,[1000],[25],[5],[60],[60],[2],[200403],[220005],[206106],[206206],2,999,2,2,2,2,,,,,
8201,-1,,,,-1,0,-1,1,[10],[2],[2],[1],,[2],[206104],[206204],[200401],,2,999,2,2,2,-1,,,,,
8202,-1,,,,-1,0,-1,1,[10],[2],[2],[1],,[2],[206104],[206204],[200401],,2,999,2,2,2,-1,,,,,
8203,-1,,,,-1,0,-1,1,[10],[2],[2],[1],,[2],[206104],[206204],[200401],,2,999,2,2,2,-1,,,,,
8204,-1,,,,-1,0,-1,1,[10],[2],[2],[2],,[2],[206104],[206204],[200401],,2,999,2,2,2,-1,,,,,
8205,-1,,,,-1,0,-1,1,[20],[2],[2],[2],,[2],[206104],[206204],[200401],,2,999,2,2,2,-1,,,,,
8206,-1,,,,-1,0,-1,1,[10],[2],[2],[1],,[2],[206104],[206204],[200401],,2,999,2,2,2,-1,,,,,
8207,-1,,,,-1,0,-1,1,[10],[2],[2],[1],,[2],[206104],[206204],[200401],,2,999,2,2,2,-1,,,,,
8208,-1,,,,-1,0,-1,1,[10],[2],[2],[2],,[2],[206104],[206204],[200401],,2,999,2,2,2,-1,,,,,
8209,-1,,,,-1,0,-1,1,[10],[2],[2],[2],,[2],[206104],[206204],[200401],,2,999,2,2,2,-1,,,,,
8210,-1,,,,-1,0,-1,1,[10],[2],[2],[1],,[2],[206104],[206204],[200401],,2,999,2,2,2,-1,,,,,
8211,-1,,,,-1,0,-1,1,[20],[2],[2],[2],,[2],[206104],[206204],[200401],,2,999,2,2,2,-1,,,,,
8212,-1,,,,-1,0,-1,1,[500],[2],[2],[1],,[3],[206104],[206204],[200401],,2,999,2,2,2,-1,,,,,
8213,-1,,,,-1,0,-1,1,[500],[2],[2],[1],,[3],[206104],[206204],[200401],,2,999,2,2,2,-1,,,,,
8214,-1,,,,-1,0,-1,1,[500],[2],[2],[1],,[3],[206104],[206204],[200401],,2,999,2,2,2,-1,,,,,
8215,-1,,,,-1,0,-1,1,[100],[2],[2],[1],,[6],[206104],[206204],[200401],,2,999,2,2,2,-1,,,,,
8216,-1,,,,-1,0,-1,1,[1],[2],[2],[5],,[20001],[206104],[206204],[200401],,2,6,2,2,2,-1,,,,,
8217,-1,,,,-1,0,-1,1,[30],[2],[2],[5],,[200402],[206104],[206204],[200401],,2,2,2,2,2,-1,,,,,
8218,-1,,,,-1,0,-1,1,[1],[2],[2],[1],,[100002],[206104],[206204],[200401],,2,2,2,2,2,-1,,,,,
8219,-1,,,,-1,0,-1,1,[1],[2],[2],[1],,[100002],[206104],[206204],[200401],,2,2,2,2,2,-1,,,,,
8220,-1,,,,-1,0,-1,1,[1],[2],[2],[2],,[100002],[206104],[206204],[200401],,2,2,2,2,2,-1,,,,,
8221,-1,,,,-1,0,-1,1,[5],[2],[2],[1],,[2],[206104],[206204],[200401],,2,999,2,2,2,-1,,,,,
8222,-1,,,,-1,0,-1,1,[5],[2],[2],[1],,[2],[206104],[206204],[200401],,2,999,2,2,2,-1,,,,,
8223,-1,,,,-1,0,-1,1,[10],[2],[2],[1],,[2],[206104],[206204],[200401],,2,999,2,2,2,-1,,,,,
8224,-1,,,,-1,0,-1,1,[2000],[2],[2],[2],,[6],[206104],[206204],[200401],,2,999,2,2,2,-1,,,,,
8225,-1,,,,-1,0,-1,1,[2000],[2],[2],[2],,[6],[206104],[206204],[200401],,2,999,2,2,2,-1,,,,,
8226,-1,,,,-1,0,-1,1,[800],[2],[2],[1],,[6],[206104],[206204],[200401],,2,999,2,2,2,-1,,,,,
8227,-1,,,,-1,0,-1,1,[800],[2],[2],[1],,[6],[206104],[206204],[200401],,2,999,2,2,2,-1,,,,,
8228,-1,,,,-1,0,-1,1,[800],[2],[2],[2],,[6],[206104],[206204],[200401],,2,999,2,2,2,-1,,,,,
8229,-1,,,,-1,0,-1,1,[5],[2],[2],[1],,[250],[206104],[206204],[200401],,2,2,2,2,2,-1,,,,,
8230,-1,,,,-1,0,-1,1,[5],[2],[2],[2],,[250],[206104],[206204],[200401],,2,2,2,2,2,-1,,,,,
8231,-1,,,,-1,0,-1,1,[1],[2],[2],[2],,[20001],[206104],[206204],[200401],,2,6,2,2,2,-1,,,,,
8232,-1,,,,-1,0,-1,1,[50],[2],[2],[1],,[206],[206104],[206204],[200401],,2,2,2,2,2,-1,,,,,
8233,-1,,,,-1,0,-1,1,[5],[2],[2],[2],,[404100004],[206104],[206204],[200401],,2,2,2,2,2,-1,,,,,
8234,-1,,,,-1,0,-1,1,[30],[2],[2],[2],,[200402],[206104],[206204],[200401],,2,2,2,2,2,-1,,,,,
8235,-1,,,,-1,0,-1,1,[5],[2],[2],[1],,[2],[206104],[206204],[200401],,2,999,2,2,2,-1,,,,,
8236,-1,,,,-1,0,-1,1,[10],[2],[2],[2],,[2],[206104],[206204],[200401],,2,999,2,2,2,-1,,,,,
8237,-1,,,,-1,0,-1,1,[10],[2],[2],[2],,[2],[206104],[206204],[200401],,2,999,2,2,2,-1,,,,,
8238,-1,,,,-1,0,-1,1,[5],[2],[2],[1],,[250],[206104],[206204],[200401],,2,2,2,2,2,-1,,,,,
8239,-1,,,,-1,0,-1,1,[5],[2],[2],[1],,[250],[206104],[206204],[200401],,2,2,2,2,2,-1,,,,,
8240,-1,,,,-1,0,-1,1,[5],[2],[2],[2],,[250],[206104],[206204],[200401],,2,2,2,2,2,-1,,,,,
8241,-1,,,,-1,0,-1,1,[5],[2],[2],[2],,[250],[206104],[206204],[200401],,2,2,2,2,2,-1,,,,,
8242,-1,,,,-1,0,-1,1,[1],[2],[2],[1],,[100002],[206104],[206204],[200401],,2,2,2,2,2,-1,,,,,
8243,-1,,,,-1,0,-1,1,[1000],[2],[2],[1],,[3],[206104],[206204],[200401],,2,999,2,2,2,-1,,,,,
8244,-1,,,,-1,0,-1,1,[1000],[2],[2],[1],,[3],[206104],[206204],[200401],,2,999,2,2,2,-1,,,,,
8245,-1,,,,-1,0,-1,1,[1000],[2],[2],[2],,[3],[206104],[206204],[200401],,2,999,2,2,2,-1,,,,,
8246,-1,,,,-1,0,-1,1,[2000],[2],[2],[2],,[3],[206104],[206204],[200401],,2,999,2,2,2,-1,,,,,
8247,-1,,,,-1,0,-1,1,[5],[2],[2],[1],,[2],[206104],[206204],[200401],,2,999,2,2,2,-1,,,,,
8248,-1,,,,-1,0,-1,1,[5],[2],[2],[1],,[2],[206104],[206204],[200401],,2,999,2,2,2,-1,,,,,
8249,-1,,,,-1,0,-1,1,[10],[2],[2],[2],,[2],[206104],[206204],[200401],,2,999,2,2,2,-1,,,,,
8250,-1,,,,-1,0,-1,1,[10],[2],[2],[2],,[2],[206104],[206204],[200401],,2,999,2,2,2,-1,,,,,
8251,-1,,,,-1,0,-1,1,[5],[2],[2],[1],,[250],[206104],[206204],[200401],,2,2,2,2,2,-1,,,,,
8252,-1,,,,-1,0,-1,1,[5],[2],[2],[2],,[250],[206104],[206204],[200401],,2,2,2,2,2,-1,,,,,
8253,-1,,,,-1,0,-1,1,[2000],[2],[2],[1],,[6],[206104],[206204],[200401],,2,999,2,2,2,-1,,,,,
8254,-1,,,,-1,0,-1,1,[2000],[2],[2],[2],,[6],[206104],[206204],[200401],,2,999,2,2,2,-1,,,,,
8255,-1,,,,-1,0,-1,1,[1],[2],[2],[2],,[20001],[206104],[206204],[200401],,2,6,2,2,2,-1,,,,,
8256,-1,,,,-1,0,-1,1,[800],[2],[2],[1],,[6],[206104],[206204],[200401],,2,999,2,2,2,-1,,,,,
8257,-1,,,,-1,0,-1,1,[800],[2],[2],[1],,[6],[206104],[206204],[200401],,2,999,2,2,2,-1,,,,,
8258,-1,,,,-1,0,-1,1,[800],[2],[2],[2],,[6],[206104],[206204],[200401],,2,999,2,2,2,-1,,,,,
8259,-1,,,,-1,0,-1,1,[5],[2],[2],[1],,[2],[206104],[206204],[200401],,2,999,2,2,2,-1,,,,,
8260,-1,,,,-1,0,-1,1,[2000],[2],[2],[1],,[6],[206104],[206204],[200401],,2,999,2,2,2,-1,,,,,
8261,-1,,,,-1,0,-1,1,[2000],[2],[2],[2],,[6],[206104],[206204],[200401],,2,999,2,2,2,-1,,,,,
8262,-1,,,,-1,0,-1,1,[2000],[2],[2],[2],,[6],[206104],[206204],[200401],,2,999,2,2,2,-1,,,,,
8263,-1,,,,-1,0,-1,1,[800],[2],[2],[1],,[6],[206104],[206204],[200401],,2,999,2,2,2,-1,,,,,
8264,-1,,,,-1,0,-1,1,[800],[2],[2],[1],,[6],[206104],[206204],[200401],,2,999,2,2,2,-1,,,,,
8265,-1,,,,-1,0,-1,1,[800],[2],[2],[1],,[6],[206104],[206204],[200401],,2,999,2,2,2,-1,,,,,
8266,-1,,,,-1,0,-1,1,[800],[2],[2],[1],,[6],[206104],[206204],[200401],,2,999,2,2,2,-1,,,,,
8267,-1,,,,-1,0,-1,1,[2000],[2],[2],[1],,[6],[206104],[206204],[200401],,2,999,2,2,2,-1,,,,,
8268,-1,,,,-1,0,-1,1,[2000],[2],[2],[1],,[6],[206104],[206204],[200401],,2,999,2,2,2,-1,,,,,
8269,-1,,,,-1,0,-1,1,[50],[2],[2],[1],,[206],[206104],[206204],[200401],,2,2,2,2,2,-1,,,,,
8270,-1,,,,-1,0,-1,1,[100],[2],[2],[1],,[206],[206104],[206204],[200401],,2,2,2,2,2,-1,,,,,
8271,-1,,,,-1,0,-1,1,[5],[2],[2],[2],,[404100004],[206104],[206204],[200401],,2,2,2,2,2,-1,,,,,
8272,-1,,,,-1,0,-1,1,[2000],[2],[2],[1],,[6],[206104],[206204],[200401],,2,999,2,2,2,-1,,,,,
8273,-1,,,,-1,0,-1,1,[2000],[2],[2],[1],,[6],[206104],[206204],[200401],,2,999,2,2,2,-1,,,,,
8274,-1,,,,-1,0,-1,1,[1],[2],[2],[2],,[20001],[206104],[206204],[200401],,2,6,2,2,2,-1,,,,,
8275,-1,,,,-1,0,-1,1,[2000],[2],[2],[2],,[6],[206104],[206204],[200401],,2,999,2,2,2,-1,,,,,
8276,-1,,,,-1,0,-1,1,[2000],[2],[2],[2],,[6],[206104],[206204],[200401],,2,999,2,2,2,-1,,,,,
8277,-1,,,,-1,0,-1,1,[30],[2],[2],[2],,[200402],[206104],[206204],[200401],,2,2,2,2,2,-1,,,,,
8278,-1,,,,-1,0,-1,1,[2000],[2],[2],[1],,[6],[206104],[206204],[200401],,2,999,2,2,2,-1,,,,,
8279,-1,,,,-1,0,-1,1,[2000],[2],[2],[2],,[6],[206104],[206204],[200401],,2,999,2,2,2,-1,,,,,
8280,-1,,,,-1,0,-1,1,[2000],[2],[2],[2],,[6],[206104],[206204],[200401],,2,999,2,2,2,-1,,,,,
8281,-1,,,,-1,0,-1,1,[50],[2],[2],[1],,[206],[206104],[206204],[200401],,2,2,2,2,2,-1,,,,,
8282,-1,,,,-1,0,-1,1,[100],[2],[2],[2],,[206],[206104],[206204],[200401],,2,2,2,2,2,-1,,,,,
8283,-1,,,,-1,0,-1,1,[1],[2],[2],[2],,[20001],[206104],[206204],[200401],,2,6,2,2,2,-1,,,,,
8284,-1,,,,-1,0,-1,1,[2000],[2],[2],[1],,[3],[206104],[206204],[200401],,2,999,2,2,2,-1,,,,,
8285,-1,,,,-1,0,-1,1,[2000],[2],[2],[1],,[3],[206104],[206204],[200401],,2,999,2,2,2,-1,,,,,
8286,-1,,,,-1,0,-1,1,[5000],[2],[2],[2],,[3],[206104],[206204],[200401],,2,999,2,2,2,-1,,,,,
8287,-1,,,,-1,0,-1,1,[100],[2],[2],[2],,[2],[206104],[206204],[200401],,2,999,2,2,2,-1,,,,,
8288,-1,,,,-1,0,-1,1,[3000],[2],[2],[2],,[3],[206104],[206204],[200401],,2,999,2,2,2,-1,,,,,
8289,-1,,,,-1,0,-1,1,[5000],[2],[2],[2],,[3],[206104],[206204],[200401],,2,999,2,2,2,-1,,,,,
8290,-1,,,,-1,0,-1,1,[50],[2],[2],[2],,[2],[206104],[206204],[200401],,2,999,2,2,2,-1,,,,,
8291,-1,,,,-1,0,-1,1,[60],[2],[2],[2],,[200402],[206104],[206204],[200401],,2,2,2,2,2,-1,,,,,
8292,-1,,,,-1,0,-1,1,[200],[2],[2],[2],,[2],[206104],[206204],[200401],,2,999,2,2,2,-1,,,,,
8301,-1,,,,-1,0,-1,1,[2],,,,,[201],,,,,2,2,-1,-1,-1,-1,,,,,
8302,-1,,,,-1,0,-1,1,[20000],,,,,[6],,,,,2,999,-1,-1,-1,-1,,,,,
8303,-1,,,,-1,0,-1,1,[200],,,,,[2],,,,,2,999,-1,-1,-1,-1,,,,,
8304,-1,,,,-1,0,-1,1,[25],,,,,[404100004],,,,,2,2,-1,-1,-1,-1,,,,,
8305,-1,,,,-1,0,-1,1,[1],,,,,[10004],,,,,2,1,-1,-1,-1,-1,,,,,
8306,-1,,,,-1,0,-1,1,[3],,,,,[201],,,,,2,2,-1,-1,-1,-1,,,,,
8307,-1,,,,-1,0,-1,1,[20000],,,,,[6],,,,,2,999,-1,-1,-1,-1,,,,,
8308,-1,,,,-1,0,-1,1,[400],,,,,[2],,,,,2,999,-1,-1,-1,-1,,,,,
8309,-1,,,,-1,0,-1,1,[50],,,,,[404100004],,,,,2,2,-1,-1,-1,-1,,,,,
8310,-1,,,,-1,0,-1,1,[1],,,,,[10030],,,,,2,1,-1,-1,-1,-1,,,,,
8401,-1,,,,-1,0,-1,1,[1],[5],[1],,,[100001402],[201],[20001],,,2,4,2,6,-1,-1,,,,,
8402,-1,,,,-1,0,-1,1,[1],[5],[1],,,[10019],[201],[20001],,,2,1,2,6,-1,-1,,,,,
8403,-1,,,,-1,0,-1,1,[1],[5],[1],,,[100001403],[201],[20001],,,2,4,2,6,-1,-1,,,,,
8405,-1,,,,-1,0,-1,1,[10],[5],[1],,,[10019],[201],[20001],,,2,2,2,6,-1,-1,,,,,
8406,-1,,,,-1,0,-1,1,[1000],[5],[1],,,[2],[201],[20001],,,2,999,2,6,-1,-1,,,,,
8501,-1,,,,-1,0,-1,1,[50],,,,,[2],,,,,2,999,-1,-1,-1,-1,,,,,
8502,-1,,,,-1,0,-1,1,[50],,,,,[2],,,,,2,999,-1,-1,-1,-1,,,,,
8503,-1,,,,-1,0,-1,1,[50],,,,,[2],,,,,2,999,-1,-1,-1,-1,,,,,
8504,-1,,,,-1,0,-1,1,[2],,,,,[200401],,,,,2,2,-1,-1,-1,-1,,,,,
8505,-1,,,,-1,0,-1,1,[4],,,,,[200401],,,,,2,2,-1,-1,-1,-1,,,,,
8506,-1,,,,-1,0,-1,1,[6],,,,,[200401],,,,,2,2,-1,-1,-1,-1,,,,,
8507,-1,,,,-1,0,-1,1,[10],,,,,[200401],,,,,2,2,-1,-1,-1,-1,,,,,
8508,-1,,,,-1,0,-1,1,[10],,,,,[206104],,,,,2,2,-1,-1,-1,-1,,,,,
8509,-1,,,,-1,0,-1,1,[20],,,,,[206104],,,,,2,2,-1,-1,-1,-1,,,,,
8510,-1,,,,-1,0,-1,1,[30],,,,,[206204],,,,,2,2,-1,-1,-1,-1,,,,,
8511,-1,,,,-1,0,-1,1,[200],,,,,[3],,,,,2,999,-1,-1,-1,-1,,,,,
8512,-1,,,,-1,0,-1,1,[300],,,,,[3],,,,,2,999,-1,-1,-1,-1,,,,,
8513,-1,,,,-1,0,-1,1,[600],,,,,[3],,,,,2,999,-1,-1,-1,-1,,,,,
8514,-1,,,,-1,0,-1,1,[50],,,,,[2],,,,,2,999,-1,-1,-1,-1,,,,,
8515,-1,,,,-1,0,-1,1,[50],,,,,[2],,,,,2,999,-1,-1,-1,-1,,,,,
8516,-1,,,,-1,0,-1,1,[50],,,,,[2],,,,,2,999,-1,-1,-1,-1,,,,,
8517,-1,,,,-1,0,-1,1,[1600],,,,,[6],,,,,2,999,-1,-1,-1,-1,,,,,
8518,-1,,,,-1,0,-1,1,[2400],,,,,[6],,,,,2,999,-1,-1,-1,-1,,,,,
8519,-1,,,,-1,0,-1,1,[3200],,,,,[6],,,,,2,999,-1,-1,-1,-1,,,,,
8520,-1,,,,-1,0,-1,1,[10],,,,,[206104],,,,,2,2,-1,-1,-1,-1,,,,,
8521,-1,,,,-1,0,-1,1,[20],,,,,[206104],,,,,2,2,-1,-1,-1,-1,,,,,
8522,-1,,,,-1,0,-1,1,[30],,,,,[206204],,,,,2,2,-1,-1,-1,-1,,,,,
8523,-1,,,,-1,0,-1,1,[50],,,,,[206],,,,,2,2,-1,-1,-1,-1,,,,,
8524,-1,,,,-1,0,-1,1,[100],,,,,[206],,,,,2,2,-1,-1,-1,-1,,,,,
8525,-1,,,,-1,0,-1,1,[300],,,,,[206],,,,,2,2,-1,-1,-1,-1,,,,,
8526,-1,,,,-1,0,-1,1,[2],,,,,[200401],,,,,2,2,-1,-1,-1,-1,,,,,
8527,-1,,,,-1,0,-1,1,[4],,,,,[200401],,,,,2,2,-1,-1,-1,-1,,,,,
8528,-1,,,,-1,0,-1,1,[4000],,,,,[6],,,,,2,999,-1,-1,-1,-1,,,,,
8529,-1,,,,-1,0,-1,1,[1],,,,,[100002],,,,,2,2,-1,-1,-1,-1,,,,,
8530,-1,,,,-1,0,-1,1,[50],,,,,[250],,,,,2,2,-1,-1,-1,-1,,,,,
8531,-1,,,,-1,0,-1,1,[1],,,,,[100002],,,,,2,2,-1,-1,-1,-1,,,,,
8532,-1,,,,-1,0,-1,1,[50],,,,,[250],,,,,2,2,-1,-1,-1,-1,,,,,
8533,-1,,,,-1,0,-1,1,[4000],,,,,[6],,,,,2,999,-1,-1,-1,-1,,,,,
8534,-1,,,,-1,0,-1,1,[6000],,,,,[6],,,,,2,999,-1,-1,-1,-1,,,,,
8535,-1,,,,-1,0,-1,1,[8000],,,,,[6],,,,,2,999,-1,-1,-1,-1,,,,,
8536,-1,,,,-1,0,-1,1,[1],,,,,[100002],,,,,2,2,-1,-1,-1,-1,,,,,
8537,-1,,,,-1,0,-1,1,[1],,,,,[100002],,,,,2,2,-1,-1,-1,-1,,,,,
8538,-1,,,,-1,0,-1,1,[32000],,,,,[6],,,,,2,999,-1,-1,-1,-1,,,,,
8539,-1,,,,-1,0,-1,1,[32000],,,,,[6],,,,,2,999,-1,-1,-1,-1,,,,,
8540,-1,,,,-1,0,-1,1,[32000],,,,,[6],,,,,2,999,-1,-1,-1,-1,,,,,
8541,-1,,,,-1,0,-1,1,[2000],,,,,[3],,,,,2,999,-1,-1,-1,-1,,,,,
8542,-1,,,,-1,0,-1,1,[6],,,,,[200401],,,,,2,2,-1,-1,-1,-1,,,,,
8543,-1,,,,-1,0,-1,1,[2000],,,,,[3],,,,,2,999,-1,-1,-1,-1,,,,,
8544,-1,,,,-1,0,-1,1,[6],,,,,[200401],,,,,2,2,-1,-1,-1,-1,,,,,
8545,-1,,,,-1,0,-1,1,[2],,,,,[200401],,,,,2,2,-1,-1,-1,-1,,,,,
8546,-1,,,,-1,0,-1,1,[4],,,,,[200401],,,,,2,2,-1,-1,-1,-1,,,,,
8547,-1,,,,-1,0,-1,1,[100],,,,,[6],,,,,2,999,-1,-1,-1,-1,,,,,
8548,-1,,,,-1,0,-1,1,[1],,,,,[100002],,,,,2,2,-1,-1,-1,-1,,,,,
8549,-1,,,,-1,0,-1,1,[1],,,,,[100002],,,,,2,2,-1,-1,-1,-1,,,,,
8550,-1,,,,-1,0,-1,1,[100],,,,,[2],,,,,2,999,-1,-1,-1,-1,,,,,
8551,-1,,,,-1,0,-1,1,[100],,,,,[2],,,,,2,999,-1,-1,-1,-1,,,,,
8552,-1,,,,-1,0,-1,1,[100],,,,,[2],,,,,2,999,-1,-1,-1,-1,,,,,
8801,-1,,,,-1,0,-1,1,[1],[2],[1],,,[100001402],[201],[20001],,,2,4,2,6,-1,-1,,,,,
8802,-1,,,,-1,0,-1,1,[1],[2],[1],,,[10019],[201],[20001],,,2,1,2,6,-1,-1,,,,,
8803,-1,,,,-1,0,-1,1,[1],[2],[1],,,[100001403],[201],[20001],,,2,4,2,6,-1,-1,,,,,
8804,-1,,,,-1,0,-1,1,[10],[2],[1],,,[10019],[201],[20001],,,2,2,2,6,-1,-1,,,,,
8805,-1,,,,-1,0,-1,1,[1],[500],[1],[1|1|1|1],,[330055],[2],[20001],[340051|340052|340053|340054],,2,2,999,6,2,-1,,,,,
2401,-1,,,,-1,-1,-1,1,[120],[120],,,,[4],[5],,,,2,999,999,-1,-1,-1,,,,,
2402,-1,,,,-1,-1,-1,1,[120],[120],,,,[4],[5],,,,2,999,999,-1,-1,-1,,,,,
2403,-1,,,,-1,-1,-1,1,[120],[120],,,,[4],[5],,,,2,999,999,-1,-1,-1,,,,,
2404,-1,,,,-1,-1,-1,1,[120],[120],,,,[4],[5],,,,2,999,999,-1,-1,-1,,,,,
2405,-1,,,,-1,-1,-1,1,[148],[148],,,,[4],[5],,,,2,999,999,-1,-1,-1,,,,,
2406,-1,,,,-1,-1,-1,1,[148],[148],,,,[4],[5],,,,2,999,999,-1,-1,-1,,,,,
2407,-1,,,,-1,-1,-1,1,[148],[148],,,,[4],[5],,,,2,999,999,-1,-1,-1,,,,,
2408,-1,,,,-1,-1,-1,1,[148],[148],,,,[4],[5],,,,2,999,999,-1,-1,-1,,,,,
2409,-1,,,,-1,-1,-1,1,[148],[148],,,,[4],[5],,,,2,999,999,-1,-1,-1,,,,,
2410,-1,,,,-1,-1,-1,1,[148],[148],,,,[4],[5],,,,2,999,999,-1,-1,-1,,,,,
2411,-1,,,,-1,-1,-1,1,[148],[148],,,,[4],[5],,,,2,999,999,-1,-1,-1,,,,,
2412,-1,,,,-1,-1,-1,1,[148],[148],,,,[4],[5],,,,2,999,999,-1,-1,-1,,,,,
2413,-1,,,,-1,-1,-1,1,[180],[180],,,,[4],[5],,,,2,999,999,-1,-1,-1,,,,,
2414,-1,,,,-1,-1,-1,1,[180],[180],,,,[4],[5],,,,2,999,999,-1,-1,-1,,,,,
2415,-1,,,,-1,-1,-1,1,[180],[180],,,,[4],[5],,,,2,999,999,-1,-1,-1,,,,,
2416,-1,,,,-1,-1,-1,1,[180],[180],,,,[4],[5],,,,2,999,999,-1,-1,-1,,,,,
2417,-1,,,,-1,-1,-1,1,[180],[180],,,,[4],[5],,,,2,999,999,-1,-1,-1,,,,,
2418,-1,,,,-1,-1,-1,1,[180],[180],,,,[4],[5],,,,2,999,999,-1,-1,-1,,,,,
2419,-1,,,,-1,-1,-1,1,[180],[180],,,,[4],[5],,,,2,999,999,-1,-1,-1,,,,,
2420,-1,,,,-1,-1,-1,1,[180],[180],,,,[4],[5],,,,2,999,999,-1,-1,-1,,,,,
2421,-1,,,,-1,-1,-1,1,[180],[180],,,,[4],[5],,,,2,999,999,-1,-1,-1,,,,,
2422,-1,,,,-1,-1,-1,1,[208],[208],,,,[4],[5],,,,2,999,999,-1,-1,-1,,,,,
2423,-1,,,,-1,-1,-1,1,[208],[208],,,,[4],[5],,,,2,999,999,-1,-1,-1,,,,,
2424,-1,,,,-1,-1,-1,1,[208],[208],,,,[4],[5],,,,2,999,999,-1,-1,-1,,,,,
2425,-1,,,,-1,-1,-1,1,[208],[208],,,,[4],[5],,,,2,999,999,-1,-1,-1,,,,,
2426,-1,,,,-1,-1,-1,1,[208],[208],,,,[4],[5],,,,2,999,999,-1,-1,-1,,,,,
2427,-1,,,,-1,-1,-1,1,[208],[208],,,,[4],[5],,,,2,999,999,-1,-1,-1,,,,,
2428,-1,,,,-1,-1,-1,1,[208],[208],,,,[4],[5],,,,2,999,999,-1,-1,-1,,,,,
2429,-1,,,,-1,-1,-1,1,[208],[208],,,,[4],[5],,,,2,999,999,-1,-1,-1,,,,,
2430,-1,,,,-1,-1,-1,1,[208],[208],,,,[4],[5],,,,2,999,999,-1,-1,-1,,,,,
2431,-1,,,,-1,-1,-1,1,[240],[240],,,,[4],[5],,,,2,999,999,-1,-1,-1,,,,,
2432,-1,,,,-1,-1,-1,1,[240],[240],,,,[4],[5],,,,2,999,999,-1,-1,-1,,,,,
2433,-1,,,,-1,-1,-1,1,[240],[240],,,,[4],[5],,,,2,999,999,-1,-1,-1,,,,,
2434,-1,,,,-1,-1,-1,1,[240],[240],,,,[4],[5],,,,2,999,999,-1,-1,-1,,,,,
2435,-1,,,,-1,-1,-1,1,[240],[240],,,,[4],[5],,,,2,999,999,-1,-1,-1,,,,,
2436,-1,,,,-1,-1,-1,1,[240],[240],,,,[4],[5],,,,2,999,999,-1,-1,-1,,,,,
2437,-1,,,,-1,-1,-1,1,[240],[240],,,,[4],[5],,,,2,999,999,-1,-1,-1,,,,,
2438,-1,,,,-1,-1,-1,1,[240],[240],,,,[4],[5],,,,2,999,999,-1,-1,-1,,,,,
2439,-1,,,,-1,-1,-1,1,[268],[268],,,,[4],[5],,,,2,999,999,-1,-1,-1,,,,,
2440,-1,,,,-1,-1,-1,1,[268],[268],,,,[4],[5],,,,2,999,999,-1,-1,-1,,,,,
2441,-1,,,,-1,-1,-1,1,[268],[268],,,,[4],[5],,,,2,999,999,-1,-1,-1,,,,,
2442,-1,,,,-1,-1,-1,1,[268],[268],,,,[4],[5],,,,2,999,999,-1,-1,-1,,,,,
2443,-1,,,,-1,-1,-1,1,[268],[268],,,,[4],[5],,,,2,999,999,-1,-1,-1,,,,,
2444,-1,,,,-1,-1,-1,1,[268],[268],,,,[4],[5],,,,2,999,999,-1,-1,-1,,,,,
2445,-1,,,,-1,-1,-1,1,[268],[268],,,,[4],[5],,,,2,999,999,-1,-1,-1,,,,,
2446,-1,,,,-1,-1,-1,1,[268],[268],,,,[4],[5],,,,2,999,999,-1,-1,-1,,,,,
2447,-1,,,,-1,-1,-1,1,[268],[268],,,,[4],[5],,,,2,999,999,-1,-1,-1,,,,,
2448,-1,,,,-1,-1,-1,1,[300],[300],,,,[4],[5],,,,2,999,999,-1,-1,-1,,,,,
2449,-1,,,,-1,-1,-1,1,[300],[300],,,,[4],[5],,,,2,999,999,-1,-1,-1,,,,,
2450,-1,,,,-1,-1,-1,1,[300],[300],,,,[4],[5],,,,2,999,999,-1,-1,-1,,,,,
2451,-1,,,,-1,-1,-1,1,[300],[300],,,,[4],[5],,,,2,999,999,-1,-1,-1,,,,,
2452,-1,,,,-1,-1,-1,1,[300],[300],,,,[4],[5],,,,2,999,999,-1,-1,-1,,,,,
2453,-1,,,,-1,-1,-1,1,[300],[300],,,,[4],[5],,,,2,999,999,-1,-1,-1,,,,,
2454,-1,,,,-1,-1,-1,1,[300],[300],,,,[4],[5],,,,2,999,999,-1,-1,-1,,,,,
2455,-1,,,,-1,-1,-1,1,[300],[300],,,,[4],[5],,,,2,999,999,-1,-1,-1,,,,,
2456,-1,,,,-1,-1,-1,1,[300],[300],,,,[4],[5],,,,2,999,999,-1,-1,-1,,,,,
2457,-1,,,,-1,-1,-1,1,[328],[328],,,,[4],[5],,,,2,999,999,-1,-1,-1,,,,,
2458,-1,,,,-1,-1,-1,1,[328],[328],,,,[4],[5],,,,2,999,999,-1,-1,-1,,,,,
2459,-1,,,,-1,-1,-1,1,[328],[328],,,,[4],[5],,,,2,999,999,-1,-1,-1,,,,,
2460,-1,,,,-1,-1,-1,1,[328],[328],,,,[4],[5],,,,2,999,999,-1,-1,-1,,,,,
2461,-1,,,,-1,-1,-1,1,[328],[328],,,,[4],[5],,,,2,999,999,-1,-1,-1,,,,,
2462,-1,,,,-1,-1,-1,1,[328],[328],,,,[4],[5],,,,2,999,999,-1,-1,-1,,,,,
2463,-1,,,,-1,-1,-1,1,[328],[328],,,,[4],[5],,,,2,999,999,-1,-1,-1,,,,,
2464,-1,,,,-1,-1,-1,1,[328],[328],,,,[4],[5],,,,2,999,999,-1,-1,-1,,,,,
2465,-1,,,,-1,-1,-1,1,[360],[360],,,,[4],[5],,,,2,999,999,-1,-1,-1,,,,,
2466,-1,,,,-1,-1,-1,1,[360],[360],,,,[4],[5],,,,2,999,999,-1,-1,-1,,,,,
2467,-1,,,,-1,-1,-1,1,[360],[360],,,,[4],[5],,,,2,999,999,-1,-1,-1,,,,,
2468,-1,,,,-1,-1,-1,1,[360],[360],,,,[4],[5],,,,2,999,999,-1,-1,-1,,,,,
2469,-1,,,,-1,-1,-1,1,[360],[360],,,,[4],[5],,,,2,999,999,-1,-1,-1,,,,,
2470,-1,,,,-1,-1,-1,1,[360],[360],,,,[4],[5],,,,2,999,999,-1,-1,-1,,,,,
2471,-1,,,,-1,-1,-1,1,[360],[360],,,,[4],[5],,,,2,999,999,-1,-1,-1,,,,,
2472,-1,,,,-1,-1,-1,1,[360],[360],,,,[4],[5],,,,2,999,999,-1,-1,-1,,,,,
2473,-1,,,,-1,-1,-1,1,[360],[360],,,,[4],[5],,,,2,999,999,-1,-1,-1,,,,,
2474,-1,,,,-1,-1,-1,1,[388],[388],,,,[4],[5],,,,2,999,999,-1,-1,-1,,,,,
2475,-1,,,,-1,-1,-1,1,[388],[388],,,,[4],[5],,,,2,999,999,-1,-1,-1,,,,,
2476,-1,,,,-1,-1,-1,1,[388],[388],,,,[4],[5],,,,2,999,999,-1,-1,-1,,,,,
2477,-1,,,,-1,-1,-1,1,[388],[388],,,,[4],[5],,,,2,999,999,-1,-1,-1,,,,,
2478,-1,,,,-1,-1,-1,1,[388],[388],,,,[4],[5],,,,2,999,999,-1,-1,-1,,,,,
2479,-1,,,,-1,-1,-1,1,[388],[388],,,,[4],[5],,,,2,999,999,-1,-1,-1,,,,,
2480,-1,,,,-1,-1,-1,1,[388],[388],,,,[4],[5],,,,2,999,999,-1,-1,-1,,,,,
2481,-1,,,,-1,-1,-1,1,[388],[388],,,,[4],[5],,,,2,999,999,-1,-1,-1,,,,,
2482,-1,,,,-1,-1,-1,1,[420],[420],,,,[4],[5],,,,2,999,999,-1,-1,-1,,,,,
2483,-1,,,,-1,-1,-1,1,[420],[420],,,,[4],[5],,,,2,999,999,-1,-1,-1,,,,,
2484,-1,,,,-1,-1,-1,1,[420],[420],,,,[4],[5],,,,2,999,999,-1,-1,-1,,,,,
2485,-1,,,,-1,-1,-1,1,[420],[420],,,,[4],[5],,,,2,999,999,-1,-1,-1,,,,,
2486,-1,,,,-1,-1,-1,1,[420],[420],,,,[4],[5],,,,2,999,999,-1,-1,-1,,,,,
2487,-1,,,,-1,-1,-1,1,[420],[420],,,,[4],[5],,,,2,999,999,-1,-1,-1,,,,,
2488,-1,,,,-1,-1,-1,1,[420],[420],,,,[4],[5],,,,2,999,999,-1,-1,-1,,,,,
2489,-1,,,,-1,-1,-1,1,[420],[420],,,,[4],[5],,,,2,999,999,-1,-1,-1,,,,,
2490,-1,,,,-1,-1,-1,1,[420],[420],,,,[4],[5],,,,2,999,999,-1,-1,-1,,,,,
2491,-1,,,,-1,-1,-1,1,[448],[448],,,,[4],[5],,,,2,999,999,-1,-1,-1,,,,,
2492,-1,,,,-1,-1,-1,1,[448],[448],,,,[4],[5],,,,2,999,999,-1,-1,-1,,,,,
2493,-1,,,,-1,-1,-1,1,[448],[448],,,,[4],[5],,,,2,999,999,-1,-1,-1,,,,,
2494,-1,,,,-1,-1,-1,1,[448],[448],,,,[4],[5],,,,2,999,999,-1,-1,-1,,,,,
2495,-1,,,,-1,-1,-1,1,[448],[448],,,,[4],[5],,,,2,999,999,-1,-1,-1,,,,,
2496,-1,,,,-1,-1,-1,1,[448],[448],,,,[4],[5],,,,2,999,999,-1,-1,-1,,,,,
2497,-1,,,,-1,-1,-1,1,[448],[448],,,,[4],[5],,,,2,999,999,-1,-1,-1,,,,,
2498,-1,,,,-1,-1,-1,1,[448],[448],,,,[4],[5],,,,2,999,999,-1,-1,-1,,,,,
2499,-1,,,,-1,-1,-1,1,[448],[448],,,,[4],[5],,,,2,999,999,-1,-1,-1,,,,,
2500,-1,,,,-1,-1,-1,1,[480],[480],,,,[4],[5],,,,2,999,999,-1,-1,-1,,,,,
2501,-1,,,,-1,-1,-1,1,[480],[480],,,,[4],[5],,,,2,999,999,-1,-1,-1,,,,,
2502,-1,,,,-1,-1,-1,1,[480],[480],,,,[4],[5],,,,2,999,999,-1,-1,-1,,,,,
2503,-1,,,,-1,-1,-1,1,[480],[480],,,,[4],[5],,,,2,999,999,-1,-1,-1,,,,,
2504,-1,,,,-1,-1,-1,1,[480],[480],,,,[4],[5],,,,2,999,999,-1,-1,-1,,,,,
2505,-1,,,,-1,-1,-1,1,[480],[480],,,,[4],[5],,,,2,999,999,-1,-1,-1,,,,,
2506,-1,,,,-1,-1,-1,1,[480],[480],,,,[4],[5],,,,2,999,999,-1,-1,-1,,,,,
2507,-1,,,,-1,-1,-1,1,[480],[480],,,,[4],[5],,,,2,999,999,-1,-1,-1,,,,,
2508,-1,,,,-1,-1,-1,1,[508],[508],,,,[4],[5],,,,2,999,999,-1,-1,-1,,,,,
2509,-1,,,,-1,-1,-1,1,[508],[508],,,,[4],[5],,,,2,999,999,-1,-1,-1,,,,,
2510,-1,,,,-1,-1,-1,1,[508],[508],,,,[4],[5],,,,2,999,999,-1,-1,-1,,,,,
2511,-1,,,,-1,-1,-1,1,[508],[508],,,,[4],[5],,,,2,999,999,-1,-1,-1,,,,,
2512,-1,,,,-1,-1,-1,1,[508],[508],,,,[4],[5],,,,2,999,999,-1,-1,-1,,,,,
2513,-1,,,,-1,-1,-1,1,[508],[508],,,,[4],[5],,,,2,999,999,-1,-1,-1,,,,,
2514,-1,,,,-1,-1,-1,1,[508],[508],,,,[4],[5],,,,2,999,999,-1,-1,-1,,,,,
2515,-1,,,,-1,-1,-1,1,[508],[508],,,,[4],[5],,,,2,999,999,-1,-1,-1,,,,,
2516,-1,,,,-1,-1,-1,1,[508],[508],,,,[4],[5],,,,2,999,999,-1,-1,-1,,,,,
2517,-1,,,,-1,-1,-1,1,[540],[540],,,,[4],[5],,,,2,999,999,-1,-1,-1,,,,,
2518,-1,,,,-1,-1,-1,1,[540],[540],,,,[4],[5],,,,2,999,999,-1,-1,-1,,,,,
2519,-1,,,,-1,-1,-1,1,[540],[540],,,,[4],[5],,,,2,999,999,-1,-1,-1,,,,,
2520,-1,,,,-1,-1,-1,1,[540],[540],,,,[4],[5],,,,2,999,999,-1,-1,-1,,,,,
2521,-1,,,,-1,-1,-1,1,[540],[540],,,,[4],[5],,,,2,999,999,-1,-1,-1,,,,,
2522,-1,,,,-1,-1,-1,1,[540],[540],,,,[4],[5],,,,2,999,999,-1,-1,-1,,,,,
2523,-1,,,,-1,-1,-1,1,[540],[540],,,,[4],[5],,,,2,999,999,-1,-1,-1,,,,,
2524,-1,,,,-1,-1,-1,1,[540],[540],,,,[4],[5],,,,2,999,999,-1,-1,-1,,,,,
2525,-1,,,,-1,-1,-1,1,[540],[540],,,,[4],[5],,,,2,999,999,-1,-1,-1,,,,,
2526,-1,,,,-1,-1,-1,1,[568],[568],,,,[4],[5],,,,2,999,999,-1,-1,-1,,,,,
2527,-1,,,,-1,-1,-1,1,[568],[568],,,,[4],[5],,,,2,999,999,-1,-1,-1,,,,,
2528,-1,,,,-1,-1,-1,1,[568],[568],,,,[4],[5],,,,2,999,999,-1,-1,-1,,,,,
2529,-1,,,,-1,-1,-1,1,[568],[568],,,,[4],[5],,,,2,999,999,-1,-1,-1,,,,,
2530,-1,,,,-1,-1,-1,1,[568],[568],,,,[4],[5],,,,2,999,999,-1,-1,-1,,,,,
2531,-1,,,,-1,-1,-1,1,[568],[568],,,,[4],[5],,,,2,999,999,-1,-1,-1,,,,,
2532,-1,,,,-1,-1,-1,1,[568],[568],,,,[4],[5],,,,2,999,999,-1,-1,-1,,,,,
2533,-1,,,,-1,-1,-1,1,[568],[568],,,,[4],[5],,,,2,999,999,-1,-1,-1,,,,,
2534,-1,,,,-1,-1,-1,1,[600],[600],,,,[4],[5],,,,2,999,999,-1,-1,-1,,,,,
2535,-1,,,,-1,-1,-1,1,[600],[600],,,,[4],[5],,,,2,999,999,-1,-1,-1,,,,,
2536,-1,,,,-1,-1,-1,1,[600],[600],,,,[4],[5],,,,2,999,999,-1,-1,-1,,,,,
2537,-1,,,,-1,-1,-1,1,[600],[600],,,,[4],[5],,,,2,999,999,-1,-1,-1,,,,,
2538,-1,,,,-1,-1,-1,1,[600],[600],,,,[4],[5],,,,2,999,999,-1,-1,-1,,,,,
2539,-1,,,,-1,-1,-1,1,[600],[600],,,,[4],[5],,,,2,999,999,-1,-1,-1,,,,,
2540,-1,,,,-1,-1,-1,1,[600],[600],,,,[4],[5],,,,2,999,999,-1,-1,-1,,,,,
2541,-1,,,,-1,-1,-1,1,[600],[600],,,,[4],[5],,,,2,999,999,-1,-1,-1,,,,,
2542,-1,,,,-1,-1,-1,1,[628],[628],,,,[4],[5],,,,2,999,999,-1,-1,-1,,,,,
2543,-1,,,,-1,-1,-1,1,[628],[628],,,,[4],[5],,,,2,999,999,-1,-1,-1,,,,,
2544,-1,,,,-1,-1,-1,1,[628],[628],,,,[4],[5],,,,2,999,999,-1,-1,-1,,,,,
2545,-1,,,,-1,-1,-1,1,[628],[628],,,,[4],[5],,,,2,999,999,-1,-1,-1,,,,,
2546,-1,,,,-1,-1,-1,1,[628],[628],,,,[4],[5],,,,2,999,999,-1,-1,-1,,,,,
2547,-1,,,,-1,-1,-1,1,[628],[628],,,,[4],[5],,,,2,999,999,-1,-1,-1,,,,,
2548,-1,,,,-1,-1,-1,1,[628],[628],,,,[4],[5],,,,2,999,999,-1,-1,-1,,,,,
2549,-1,,,,-1,-1,-1,1,[628],[628],,,,[4],[5],,,,2,999,999,-1,-1,-1,,,,,
2550,-1,,,,-1,-1,-1,1,[660],[660],,,,[4],[5],,,,2,999,999,-1,-1,-1,,,,,
2551,-1,,,,-1,-1,-1,1,[660],[660],,,,[4],[5],,,,2,999,999,-1,-1,-1,,,,,
2552,-1,,,,-1,-1,-1,1,[660],[660],,,,[4],[5],,,,2,999,999,-1,-1,-1,,,,,
2553,-1,,,,-1,-1,-1,1,[660],[660],,,,[4],[5],,,,2,999,999,-1,-1,-1,,,,,
2554,-1,,,,-1,-1,-1,1,[660],[660],,,,[4],[5],,,,2,999,999,-1,-1,-1,,,,,
2555,-1,,,,-1,-1,-1,1,[660],[660],,,,[4],[5],,,,2,999,999,-1,-1,-1,,,,,
2556,-1,,,,-1,-1,-1,1,[660],[660],,,,[4],[5],,,,2,999,999,-1,-1,-1,,,,,
2557,-1,,,,-1,-1,-1,1,[660],[660],,,,[4],[5],,,,2,999,999,-1,-1,-1,,,,,
2558,-1,,,,-1,-1,-1,1,[688],[688],,,,[4],[5],,,,2,999,999,-1,-1,-1,,,,,
2559,-1,,,,-1,-1,-1,1,[688],[688],,,,[4],[5],,,,2,999,999,-1,-1,-1,,,,,
2560,-1,,,,-1,-1,-1,1,[688],[688],,,,[4],[5],,,,2,999,999,-1,-1,-1,,,,,
2561,-1,,,,-1,-1,-1,1,[688],[688],,,,[4],[5],,,,2,999,999,-1,-1,-1,,,,,
2562,-1,,,,-1,-1,-1,1,[688],[688],,,,[4],[5],,,,2,999,999,-1,-1,-1,,,,,
2563,-1,,,,-1,-1,-1,1,[688],[688],,,,[4],[5],,,,2,999,999,-1,-1,-1,,,,,
2564,-1,,,,-1,-1,-1,1,[688],[688],,,,[4],[5],,,,2,999,999,-1,-1,-1,,,,,
2565,-1,,,,-1,-1,-1,1,[688],[688],,,,[4],[5],,,,2,999,999,-1,-1,-1,,,,,
2566,-1,,,,-1,-1,-1,1,[720],[720],,,,[4],[5],,,,2,999,999,-1,-1,-1,,,,,
2567,-1,,,,-1,-1,-1,1,[720],[720],,,,[4],[5],,,,2,999,999,-1,-1,-1,,,,,
2568,-1,,,,-1,-1,-1,1,[720],[720],,,,[4],[5],,,,2,999,999,-1,-1,-1,,,,,
2569,-1,,,,-1,-1,-1,1,[720],[720],,,,[4],[5],,,,2,999,999,-1,-1,-1,,,,,
2570,-1,,,,-1,-1,-1,1,[720],[720],,,,[4],[5],,,,2,999,999,-1,-1,-1,,,,,
2571,-1,,,,-1,-1,-1,1,[720],[720],,,,[4],[5],,,,2,999,999,-1,-1,-1,,,,,
2572,-1,,,,-1,-1,-1,1,[720],[720],,,,[4],[5],,,,2,999,999,-1,-1,-1,,,,,
2573,-1,,,,-1,-1,-1,1,[720],[720],,,,[4],[5],,,,2,999,999,-1,-1,-1,,,,,
2574,-1,,,,-1,-1,-1,1,[748],[748],,,,[4],[5],,,,2,999,999,-1,-1,-1,,,,,
2575,-1,,,,-1,-1,-1,1,[748],[748],,,,[4],[5],,,,2,999,999,-1,-1,-1,,,,,
2576,-1,,,,-1,-1,-1,1,[748],[748],,,,[4],[5],,,,2,999,999,-1,-1,-1,,,,,
2577,-1,,,,-1,-1,-1,1,[748],[748],,,,[4],[5],,,,2,999,999,-1,-1,-1,,,,,
2578,-1,,,,-1,-1,-1,1,[748],[748],,,,[4],[5],,,,2,999,999,-1,-1,-1,,,,,
2579,-1,,,,-1,-1,-1,1,[748],[748],,,,[4],[5],,,,2,999,999,-1,-1,-1,,,,,
2580,-1,,,,-1,-1,-1,1,[748],[748],,,,[4],[5],,,,2,999,999,-1,-1,-1,,,,,
2581,-1,,,,-1,-1,-1,1,[748],[748],,,,[4],[5],,,,2,999,999,-1,-1,-1,,,,,
2582,-1,,,,-1,-1,-1,1,[780],[780],,,,[4],[5],,,,2,999,999,-1,-1,-1,,,,,
2583,-1,,,,-1,-1,-1,1,[780],[780],,,,[4],[5],,,,2,999,999,-1,-1,-1,,,,,
2584,-1,,,,-1,-1,-1,1,[780],[780],,,,[4],[5],,,,2,999,999,-1,-1,-1,,,,,
2585,-1,,,,-1,-1,-1,1,[780],[780],,,,[4],[5],,,,2,999,999,-1,-1,-1,,,,,
2586,-1,,,,-1,-1,-1,1,[780],[780],,,,[4],[5],,,,2,999,999,-1,-1,-1,,,,,
2587,-1,,,,-1,-1,-1,1,[780],[780],,,,[4],[5],,,,2,999,999,-1,-1,-1,,,,,
2588,-1,,,,-1,-1,-1,1,[780],[780],,,,[4],[5],,,,2,999,999,-1,-1,-1,,,,,
2589,-1,,,,-1,-1,-1,1,[780],[780],,,,[4],[5],,,,2,999,999,-1,-1,-1,,,,,
2590,-1,,,,-1,-1,-1,1,[808],[808],,,,[4],[5],,,,2,999,999,-1,-1,-1,,,,,
2601,-1,,,,-1,-1,-1,1,[134],,,,,[6],,,,,2,999,-1,-1,-1,-1,,,,,
2602,-1,,,,-1,-1,-1,1,[134],,,,,[6],,,,,2,999,-1,-1,-1,-1,,,,,
2603,-1,,,,-1,-1,-1,1,[134],,,,,[6],,,,,2,999,-1,-1,-1,-1,,,,,
2604,-1,,,,-1,-1,-1,1,[134],,,,,[6],,,,,2,999,-1,-1,-1,-1,,,,,
2605,-1,,,,-1,-1,-1,1,[134],,,,,[6],,,,,2,999,-1,-1,-1,-1,,,,,
2606,-1,,,,-1,-1,-1,1,[134],,,,,[6],,,,,2,999,-1,-1,-1,-1,,,,,
2607,-1,,,,-1,-1,-1,1,[134],,,,,[6],,,,,2,999,-1,-1,-1,-1,,,,,
2608,-1,,,,-1,-1,-1,1,[150],,,,,[6],,,,,2,999,-1,-1,-1,-1,,,,,
2609,-1,,,,-1,-1,-1,1,[150],,,,,[6],,,,,2,999,-1,-1,-1,-1,,,,,
2610,-1,,,,-1,-1,-1,1,[150],,,,,[6],,,,,2,999,-1,-1,-1,-1,,,,,
2611,-1,,,,-1,-1,-1,1,[150],,,,,[6],,,,,2,999,-1,-1,-1,-1,,,,,
2612,-1,,,,-1,-1,-1,1,[150],,,,,[6],,,,,2,999,-1,-1,-1,-1,,,,,
2613,-1,,,,-1,-1,-1,1,[150],,,,,[6],,,,,2,999,-1,-1,-1,-1,,,,,
2614,-1,,,,-1,-1,-1,1,[150],,,,,[6],,,,,2,999,-1,-1,-1,-1,,,,,
2615,-1,,,,-1,-1,-1,1,[150],,,,,[6],,,,,2,999,-1,-1,-1,-1,,,,,
2616,-1,,,,-1,-1,-1,1,[150],,,,,[6],,,,,2,999,-1,-1,-1,-1,,,,,
2617,-1,,,,-1,-1,-1,1,[164],,,,,[6],,,,,2,999,-1,-1,-1,-1,,,,,
2618,-1,,,,-1,-1,-1,1,[164],,,,,[6],,,,,2,999,-1,-1,-1,-1,,,,,
2619,-1,,,,-1,-1,-1,1,[164],,,,,[6],,,,,2,999,-1,-1,-1,-1,,,,,
2620,-1,,,,-1,-1,-1,1,[164],,,,,[6],,,,,2,999,-1,-1,-1,-1,,,,,
2621,-1,,,,-1,-1,-1,1,[164],,,,,[6],,,,,2,999,-1,-1,-1,-1,,,,,
2622,-1,,,,-1,-1,-1,1,[164],,,,,[6],,,,,2,999,-1,-1,-1,-1,,,,,
2623,-1,,,,-1,-1,-1,1,[164],,,,,[6],,,,,2,999,-1,-1,-1,-1,,,,,
2624,-1,,,,-1,-1,-1,1,[164],,,,,[6],,,,,2,999,-1,-1,-1,-1,,,,,
2625,-1,,,,-1,-1,-1,1,[180],,,,,[6],,,,,2,999,-1,-1,-1,-1,,,,,
2626,-1,,,,-1,-1,-1,1,[180],,,,,[6],,,,,2,999,-1,-1,-1,-1,,,,,
2627,-1,,,,-1,-1,-1,1,[180],,,,,[6],,,,,2,999,-1,-1,-1,-1,,,,,
2628,-1,,,,-1,-1,-1,1,[180],,,,,[6],,,,,2,999,-1,-1,-1,-1,,,,,
2629,-1,,,,-1,-1,-1,1,[180],,,,,[6],,,,,2,999,-1,-1,-1,-1,,,,,
2630,-1,,,,-1,-1,-1,1,[180],,,,,[6],,,,,2,999,-1,-1,-1,-1,,,,,
2631,-1,,,,-1,-1,-1,1,[180],,,,,[6],,,,,2,999,-1,-1,-1,-1,,,,,
2632,-1,,,,-1,-1,-1,1,[180],,,,,[6],,,,,2,999,-1,-1,-1,-1,,,,,
2633,-1,,,,-1,-1,-1,1,[180],,,,,[6],,,,,2,999,-1,-1,-1,-1,,,,,
2634,-1,,,,-1,-1,-1,1,[194],,,,,[6],,,,,2,999,-1,-1,-1,-1,,,,,
2635,-1,,,,-1,-1,-1,1,[194],,,,,[6],,,,,2,999,-1,-1,-1,-1,,,,,
2636,-1,,,,-1,-1,-1,1,[194],,,,,[6],,,,,2,999,-1,-1,-1,-1,,,,,
2637,-1,,,,-1,-1,-1,1,[194],,,,,[6],,,,,2,999,-1,-1,-1,-1,,,,,
2638,-1,,,,-1,-1,-1,1,[194],,,,,[6],,,,,2,999,-1,-1,-1,-1,,,,,
2639,-1,,,,-1,-1,-1,1,[194],,,,,[6],,,,,2,999,-1,-1,-1,-1,,,,,
2640,-1,,,,-1,-1,-1,1,[194],,,,,[6],,,,,2,999,-1,-1,-1,-1,,,,,
2641,-1,,,,-1,-1,-1,1,[194],,,,,[6],,,,,2,999,-1,-1,-1,-1,,,,,
2642,-1,,,,-1,-1,-1,1,[210],,,,,[6],,,,,2,999,-1,-1,-1,-1,,,,,
2643,-1,,,,-1,-1,-1,1,[210],,,,,[6],,,,,2,999,-1,-1,-1,-1,,,,,
2644,-1,,,,-1,-1,-1,1,[210],,,,,[6],,,,,2,999,-1,-1,-1,-1,,,,,
2645,-1,,,,-1,-1,-1,1,[210],,,,,[6],,,,,2,999,-1,-1,-1,-1,,,,,
2646,-1,,,,-1,-1,-1,1,[210],,,,,[6],,,,,2,999,-1,-1,-1,-1,,,,,
2647,-1,,,,-1,-1,-1,1,[210],,,,,[6],,,,,2,999,-1,-1,-1,-1,,,,,
2648,-1,,,,-1,-1,-1,1,[210],,,,,[6],,,,,2,999,-1,-1,-1,-1,,,,,
2649,-1,,,,-1,-1,-1,1,[210],,,,,[6],,,,,2,999,-1,-1,-1,-1,,,,,
2650,-1,,,,-1,-1,-1,1,[210],,,,,[6],,,,,2,999,-1,-1,-1,-1,,,,,
2651,-1,,,,-1,-1,-1,1,[224],,,,,[6],,,,,2,999,-1,-1,-1,-1,,,,,
2652,-1,,,,-1,-1,-1,1,[224],,,,,[6],,,,,2,999,-1,-1,-1,-1,,,,,
2653,-1,,,,-1,-1,-1,1,[224],,,,,[6],,,,,2,999,-1,-1,-1,-1,,,,,
2654,-1,,,,-1,-1,-1,1,[224],,,,,[6],,,,,2,999,-1,-1,-1,-1,,,,,
2655,-1,,,,-1,-1,-1,1,[224],,,,,[6],,,,,2,999,-1,-1,-1,-1,,,,,
2656,-1,,,,-1,-1,-1,1,[224],,,,,[6],,,,,2,999,-1,-1,-1,-1,,,,,
2657,-1,,,,-1,-1,-1,1,[224],,,,,[6],,,,,2,999,-1,-1,-1,-1,,,,,
2658,-1,,,,-1,-1,-1,1,[224],,,,,[6],,,,,2,999,-1,-1,-1,-1,,,,,
2659,-1,,,,-1,-1,-1,1,[224],,,,,[6],,,,,2,999,-1,-1,-1,-1,,,,,
2660,-1,,,,-1,-1,-1,1,[240],,,,,[6],,,,,2,999,-1,-1,-1,-1,,,,,
2661,-1,,,,-1,-1,-1,1,[240],,,,,[6],,,,,2,999,-1,-1,-1,-1,,,,,
2662,-1,,,,-1,-1,-1,1,[240],,,,,[6],,,,,2,999,-1,-1,-1,-1,,,,,
2663,-1,,,,-1,-1,-1,1,[240],,,,,[6],,,,,2,999,-1,-1,-1,-1,,,,,
2664,-1,,,,-1,-1,-1,1,[240],,,,,[6],,,,,2,999,-1,-1,-1,-1,,,,,
2665,-1,,,,-1,-1,-1,1,[240],,,,,[6],,,,,2,999,-1,-1,-1,-1,,,,,
2666,-1,,,,-1,-1,-1,1,[240],,,,,[6],,,,,2,999,-1,-1,-1,-1,,,,,
2667,-1,,,,-1,-1,-1,1,[240],,,,,[6],,,,,2,999,-1,-1,-1,-1,,,,,
2668,-1,,,,-1,-1,-1,1,[254],,,,,[6],,,,,2,999,-1,-1,-1,-1,,,,,
2669,-1,,,,-1,-1,-1,1,[254],,,,,[6],,,,,2,999,-1,-1,-1,-1,,,,,
2670,-1,,,,-1,-1,-1,1,[254],,,,,[6],,,,,2,999,-1,-1,-1,-1,,,,,
2671,-1,,,,-1,-1,-1,1,[254],,,,,[6],,,,,2,999,-1,-1,-1,-1,,,,,
2672,-1,,,,-1,-1,-1,1,[254],,,,,[6],,,,,2,999,-1,-1,-1,-1,,,,,
2673,-1,,,,-1,-1,-1,1,[254],,,,,[6],,,,,2,999,-1,-1,-1,-1,,,,,
2674,-1,,,,-1,-1,-1,1,[254],,,,,[6],,,,,2,999,-1,-1,-1,-1,,,,,
2675,-1,,,,-1,-1,-1,1,[254],,,,,[6],,,,,2,999,-1,-1,-1,-1,,,,,
2676,-1,,,,-1,-1,-1,1,[254],,,,,[6],,,,,2,999,-1,-1,-1,-1,,,,,
2677,-1,,,,-1,-1,-1,1,[270],,,,,[6],,,,,2,999,-1,-1,-1,-1,,,,,
2678,-1,,,,-1,-1,-1,1,[270],,,,,[6],,,,,2,999,-1,-1,-1,-1,,,,,
2679,-1,,,,-1,-1,-1,1,[270],,,,,[6],,,,,2,999,-1,-1,-1,-1,,,,,
2680,-1,,,,-1,-1,-1,1,[270],,,,,[6],,,,,2,999,-1,-1,-1,-1,,,,,
2681,-1,,,,-1,-1,-1,1,[270],,,,,[6],,,,,2,999,-1,-1,-1,-1,,,,,
2682,-1,,,,-1,-1,-1,1,[270],,,,,[6],,,,,2,999,-1,-1,-1,-1,,,,,
2683,-1,,,,-1,-1,-1,1,[270],,,,,[6],,,,,2,999,-1,-1,-1,-1,,,,,
2684,-1,,,,-1,-1,-1,1,[270],,,,,[6],,,,,2,999,-1,-1,-1,-1,,,,,
2685,-1,,,,-1,-1,-1,1,[270],,,,,[6],,,,,2,999,-1,-1,-1,-1,,,,,
2686,-1,,,,-1,-1,-1,1,[284],,,,,[6],,,,,2,999,-1,-1,-1,-1,,,,,
2687,-1,,,,-1,-1,-1,1,[284],,,,,[6],,,,,2,999,-1,-1,-1,-1,,,,,
2688,-1,,,,-1,-1,-1,1,[284],,,,,[6],,,,,2,999,-1,-1,-1,-1,,,,,
2689,-1,,,,-1,-1,-1,1,[284],,,,,[6],,,,,2,999,-1,-1,-1,-1,,,,,
2690,-1,,,,-1,-1,-1,1,[284],,,,,[6],,,,,2,999,-1,-1,-1,-1,,,,,
2691,-1,,,,-1,-1,-1,1,[284],,,,,[6],,,,,2,999,-1,-1,-1,-1,,,,,
2692,-1,,,,-1,-1,-1,1,[284],,,,,[6],,,,,2,999,-1,-1,-1,-1,,,,,
2693,-1,,,,-1,-1,-1,1,[284],,,,,[6],,,,,2,999,-1,-1,-1,-1,,,,,
2694,-1,,,,-1,-1,-1,1,[300],,,,,[6],,,,,2,999,-1,-1,-1,-1,,,,,
2695,-1,,,,-1,-1,-1,1,[300],,,,,[6],,,,,2,999,-1,-1,-1,-1,,,,,
2696,-1,,,,-1,-1,-1,1,[300],,,,,[6],,,,,2,999,-1,-1,-1,-1,,,,,
2697,-1,,,,-1,-1,-1,1,[300],,,,,[6],,,,,2,999,-1,-1,-1,-1,,,,,
2698,-1,,,,-1,-1,-1,1,[300],,,,,[6],,,,,2,999,-1,-1,-1,-1,,,,,
2699,-1,,,,-1,-1,-1,1,[300],,,,,[6],,,,,2,999,-1,-1,-1,-1,,,,,
2700,-1,,,,-1,-1,-1,1,[300],,,,,[6],,,,,2,999,-1,-1,-1,-1,,,,,
2701,-1,,,,-1,-1,-1,1,[300],,,,,[6],,,,,2,999,-1,-1,-1,-1,,,,,
2702,-1,,,,-1,-1,-1,1,[314],,,,,[6],,,,,2,999,-1,-1,-1,-1,,,,,
2703,-1,,,,-1,-1,-1,1,[314],,,,,[6],,,,,2,999,-1,-1,-1,-1,,,,,
2704,-1,,,,-1,-1,-1,1,[314],,,,,[6],,,,,2,999,-1,-1,-1,-1,,,,,
2705,-1,,,,-1,-1,-1,1,[314],,,,,[6],,,,,2,999,-1,-1,-1,-1,,,,,
2706,-1,,,,-1,-1,-1,1,[314],,,,,[6],,,,,2,999,-1,-1,-1,-1,,,,,
2707,-1,,,,-1,-1,-1,1,[314],,,,,[6],,,,,2,999,-1,-1,-1,-1,,,,,
2708,-1,,,,-1,-1,-1,1,[314],,,,,[6],,,,,2,999,-1,-1,-1,-1,,,,,
2709,-1,,,,-1,-1,-1,1,[314],,,,,[6],,,,,2,999,-1,-1,-1,-1,,,,,
2710,-1,,,,-1,-1,-1,1,[330],,,,,[6],,,,,2,999,-1,-1,-1,-1,,,,,
2711,-1,,,,-1,-1,-1,1,[330],,,,,[6],,,,,2,999,-1,-1,-1,-1,,,,,
2712,-1,,,,-1,-1,-1,1,[330],,,,,[6],,,,,2,999,-1,-1,-1,-1,,,,,
2713,-1,,,,-1,-1,-1,1,[330],,,,,[6],,,,,2,999,-1,-1,-1,-1,,,,,
2714,-1,,,,-1,-1,-1,1,[330],,,,,[6],,,,,2,999,-1,-1,-1,-1,,,,,
2715,-1,,,,-1,-1,-1,1,[330],,,,,[6],,,,,2,999,-1,-1,-1,-1,,,,,
2716,-1,,,,-1,-1,-1,1,[330],,,,,[6],,,,,2,999,-1,-1,-1,-1,,,,,
2717,-1,,,,-1,-1,-1,1,[330],,,,,[6],,,,,2,999,-1,-1,-1,-1,,,,,
2718,-1,,,,-1,-1,-1,1,[344],,,,,[6],,,,,2,999,-1,-1,-1,-1,,,,,
2719,-1,,,,-1,-1,-1,1,[344],,,,,[6],,,,,2,999,-1,-1,-1,-1,,,,,
2720,-1,,,,-1,-1,-1,1,[344],,,,,[6],,,,,2,999,-1,-1,-1,-1,,,,,
2721,-1,,,,-1,-1,-1,1,[344],,,,,[6],,,,,2,999,-1,-1,-1,-1,,,,,
2722,-1,,,,-1,-1,-1,1,[344],,,,,[6],,,,,2,999,-1,-1,-1,-1,,,,,
2723,-1,,,,-1,-1,-1,1,[344],,,,,[6],,,,,2,999,-1,-1,-1,-1,,,,,
2724,-1,,,,-1,-1,-1,1,[344],,,,,[6],,,,,2,999,-1,-1,-1,-1,,,,,
2725,-1,,,,-1,-1,-1,1,[344],,,,,[6],,,,,2,999,-1,-1,-1,-1,,,,,
2726,-1,,,,-1,-1,-1,1,[360],,,,,[6],,,,,2,999,-1,-1,-1,-1,,,,,
2727,-1,,,,-1,-1,-1,1,[360],,,,,[6],,,,,2,999,-1,-1,-1,-1,,,,,
2728,-1,,,,-1,-1,-1,1,[360],,,,,[6],,,,,2,999,-1,-1,-1,-1,,,,,
2729,-1,,,,-1,-1,-1,1,[360],,,,,[6],,,,,2,999,-1,-1,-1,-1,,,,,
2730,-1,,,,-1,-1,-1,1,[360],,,,,[6],,,,,2,999,-1,-1,-1,-1,,,,,
2731,-1,,,,-1,-1,-1,1,[360],,,,,[6],,,,,2,999,-1,-1,-1,-1,,,,,
2732,-1,,,,-1,-1,-1,1,[360],,,,,[6],,,,,2,999,-1,-1,-1,-1,,,,,
2733,-1,,,,-1,-1,-1,1,[360],,,,,[6],,,,,2,999,-1,-1,-1,-1,,,,,
2734,-1,,,,-1,-1,-1,1,[374],,,,,[6],,,,,2,999,-1,-1,-1,-1,,,,,
2735,-1,,,,-1,-1,-1,1,[374],,,,,[6],,,,,2,999,-1,-1,-1,-1,,,,,
2736,-1,,,,-1,-1,-1,1,[374],,,,,[6],,,,,2,999,-1,-1,-1,-1,,,,,
2737,-1,,,,-1,-1,-1,1,[374],,,,,[6],,,,,2,999,-1,-1,-1,-1,,,,,
2738,-1,,,,-1,-1,-1,1,[374],,,,,[6],,,,,2,999,-1,-1,-1,-1,,,,,
2739,-1,,,,-1,-1,-1,1,[374],,,,,[6],,,,,2,999,-1,-1,-1,-1,,,,,
2740,-1,,,,-1,-1,-1,1,[374],,,,,[6],,,,,2,999,-1,-1,-1,-1,,,,,
2741,-1,,,,-1,-1,-1,1,[374],,,,,[6],,,,,2,999,-1,-1,-1,-1,,,,,
2742,-1,,,,-1,-1,-1,1,[390],,,,,[6],,,,,2,999,-1,-1,-1,-1,,,,,
2743,-1,,,,-1,-1,-1,1,[390],,,,,[6],,,,,2,999,-1,-1,-1,-1,,,,,
2744,-1,,,,-1,-1,-1,1,[390],,,,,[6],,,,,2,999,-1,-1,-1,-1,,,,,
2745,-1,,,,-1,-1,-1,1,[390],,,,,[6],,,,,2,999,-1,-1,-1,-1,,,,,
2746,-1,,,,-1,-1,-1,1,[390],,,,,[6],,,,,2,999,-1,-1,-1,-1,,,,,
2747,-1,,,,-1,-1,-1,1,[390],,,,,[6],,,,,2,999,-1,-1,-1,-1,,,,,
2748,-1,,,,-1,-1,-1,1,[390],,,,,[6],,,,,2,999,-1,-1,-1,-1,,,,,
2749,-1,,,,-1,-1,-1,1,[390],,,,,[6],,,,,2,999,-1,-1,-1,-1,,,,,
2750,-1,,,,-1,-1,-1,1,[404],,,,,[6],,,,,2,999,-1,-1,-1,-1,,,,,
60000,-1,,,,-1,-1,-1,1,[2],,,,,[2],,,,,2,999,-1,-1,-1,-1,,,,,
60001,-1,,,,-1,-1,-1,1,[10],[5],,,,[206],[2],,,,2,2,999,-1,-1,-1,,,,,
60002,-1,,,,-1,-1,-1,1,[2000],[5],,,,[4],[2],,,,2,999,999,-1,-1,-1,,,,,
60003,-1,,,,-1,-1,-1,1,[2000],[5],,,,[5],[2],,,,2,999,999,-1,-1,-1,,,,,
60004,-1,,,,-1,-1,-1,1,[50],[5],,,,[6],[2],,,,2,999,999,-1,-1,-1,,,,,
60005,-1,,,,-1,-1,-1,1,[1],[5],,,,[200401],[2],,,,2,2,999,-1,-1,-1,,,,,
60006,-1,,,,-1,-1,-1,1,[1],[5],,,,[404100004],[2],,,,2,2,999,-1,-1,-1,,,,,
27001,-1,,,,-1,-1,-1,1,[1],[21500],[16],,,[404100004],[6],[237],,,2,2,999,2,-1,-1,,,,,
27002,-1,,,,-1,-1,-1,1,[1],[30000],[22],,,[404100004],[6],[237],,,2,2,999,2,-1,-1,,,,,
27003,-1,,,,-1,-1,-1,1,[8],[38600],[29],,,[404100004],[6],[237],,,2,2,999,2,-1,-1,,,,,
27004,-1,,,,-1,-1,-1,1,[10],[47100],[35],[1],,[404100004],[6],[237],[155],,2,2,999,2,2,-1,,,,,
27005,-1,,,,-1,-1,-1,1,[12],[55700],[42],[2],,[404100004],[6],[237],[155],,2,2,999,2,2,-1,,,,,
27011,-1,,,,-1,-1,-1,1,[1],[21500],[16],,,[404100004],[6],[237],,,2,2,999,2,-1,-1,,,,,
27012,-1,,,,-1,-1,-1,1,[1],[30000],[22],,,[404100004],[6],[237],,,2,2,999,2,-1,-1,,,,,
27013,-1,,,,-1,-1,-1,1,[8],[38600],[29],,,[404100004],[6],[237],,,2,2,999,2,-1,-1,,,,,
27014,-1,,,,-1,-1,-1,1,[10],[47100],[35],[1],,[404100004],[6],[237],[155],,2,2,999,2,2,-1,,,,,
27015,-1,,,,-1,-1,-1,1,[12],[55700],[42],[2],,[404100004],[6],[237],[155],,2,2,999,2,2,-1,,,,,
27021,-1,,,,-1,-1,-1,1,[1],[21500],[16],,,[404100004],[6],[237],,,2,2,999,2,-1,-1,,,,,
27022,-1,,,,-1,-1,-1,1,[1],[30000],[22],,,[404100004],[6],[237],,,2,2,999,2,-1,-1,,,,,
27023,-1,,,,-1,-1,-1,1,[8],[38600],[29],,,[404100004],[6],[237],,,2,2,999,2,-1,-1,,,,,
27024,-1,,,,-1,-1,-1,1,[10],[47100],[35],[1],,[404100004],[6],[237],[155],,2,2,999,2,2,-1,,,,,
27025,-1,,,,-1,-1,-1,1,[12],[55700],[42],[2],,[404100004],[6],[237],[155],,2,2,999,2,2,-1,,,,,
27031,-1,,,,-1,-1,-1,1,[1],[21500],[16],,,[404100004],[6],[237],,,2,2,999,2,-1,-1,,,,,
27032,-1,,,,-1,-1,-1,1,[1],[30000],[22],,,[404100004],[6],[237],,,2,2,999,2,-1,-1,,,,,
27033,-1,,,,-1,-1,-1,1,[8],[38600],[29],,,[404100004],[6],[237],,,2,2,999,2,-1,-1,,,,,
27034,-1,,,,-1,-1,-1,1,[10],[47100],[35],[1],,[404100004],[6],[237],[155],,2,2,999,2,2,-1,,,,,
27035,-1,,,,-1,-1,-1,1,[12],[55700],[42],[2],,[404100004],[6],[237],[155],,2,2,999,2,2,-1,,,,,
27041,-1,,,,-1,-1,-1,1,[1],[21500],[16],,,[404100004],[6],[237],,,2,2,999,2,-1,-1,,,,,
27042,-1,,,,-1,-1,-1,1,[1],[30000],[22],,,[404100004],[6],[237],,,2,2,999,2,-1,-1,,,,,
27043,-1,,,,-1,-1,-1,1,[8],[38600],[29],,,[404100004],[6],[237],,,2,2,999,2,-1,-1,,,,,
27044,-1,,,,-1,-1,-1,1,[10],[47100],[35],[1],,[404100004],[6],[237],[155],,2,2,999,2,2,-1,,,,,
27045,-1,,,,-1,-1,-1,1,[12],[55700],[42],[2],,[404100004],[6],[237],[155],,2,2,999,2,2,-1,,,,,
27051,-1,,,,-1,-1,-1,1,[1],[21500],[16],,,[404100004],[6],[237],,,2,2,999,2,-1,-1,,,,,
27052,-1,,,,-1,-1,-1,1,[1],[30000],[22],,,[404100004],[6],[237],,,2,2,999,2,-1,-1,,,,,
27053,-1,,,,-1,-1,-1,1,[8],[38600],[29],,,[404100004],[6],[237],,,2,2,999,2,-1,-1,,,,,
27054,-1,,,,-1,-1,-1,1,[10],[47100],[35],[1],,[404100004],[6],[237],[155],,2,2,999,2,2,-1,,,,,
27055,-1,,,,-1,-1,-1,1,[12],[55700],[42],[2],,[404100004],[6],[237],[155],,2,2,999,2,2,-1,,,,,
27061,-1,,,,-1,-1,-1,1,[1],[21500],[16],,,[404100004],[6],[237],,,2,2,999,2,-1,-1,,,,,
27062,-1,,,,-1,-1,-1,1,[1],[30000],[22],,,[404100004],[6],[237],,,2,2,999,2,-1,-1,,,,,
27063,-1,,,,-1,-1,-1,1,[8],[38600],[29],,,[404100004],[6],[237],,,2,2,999,2,-1,-1,,,,,
27064,-1,,,,-1,-1,-1,1,[10],[47100],[35],[1],,[404100004],[6],[237],[155],,2,2,999,2,2,-1,,,,,
27065,-1,,,,-1,-1,-1,1,[12],[55700],[42],[2],,[404100004],[6],[237],[155],,2,2,999,2,2,-1,,,,,
27071,-1,,,,-1,-1,-1,1,[1],[21500],[16],,,[404100004],[6],[237],,,2,2,999,2,-1,-1,,,,,
27072,-1,,,,-1,-1,-1,1,[1],[30000],[22],,,[404100004],[6],[237],,,2,2,999,2,-1,-1,,,,,
27073,-1,,,,-1,-1,-1,1,[8],[38600],[29],,,[404100004],[6],[237],,,2,2,999,2,-1,-1,,,,,
27074,-1,,,,-1,-1,-1,1,[10],[47100],[35],[1],,[404100004],[6],[237],[155],,2,2,999,2,2,-1,,,,,
27075,-1,,,,-1,-1,-1,1,[12],[55700],[42],[2],,[404100004],[6],[237],[155],,2,2,999,2,2,-1,,,,,
27081,-1,,,,-1,-1,-1,1,[1],[21500],[16],,,[404100004],[6],[237],,,2,2,999,2,-1,-1,,,,,
27082,-1,,,,-1,-1,-1,1,[1],[30000],[22],,,[404100004],[6],[237],,,2,2,999,2,-1,-1,,,,,
27083,-1,,,,-1,-1,-1,1,[8],[38600],[29],,,[404100004],[6],[237],,,2,2,999,2,-1,-1,,,,,
27084,-1,,,,-1,-1,-1,1,[10],[47100],[35],[1],,[404100004],[6],[237],[155],,2,2,999,2,2,-1,,,,,
27085,-1,,,,-1,-1,-1,1,[12],[55700],[42],[2],,[404100004],[6],[237],[155],,2,2,999,2,2,-1,,,,,
27101,-1,,,,-1,-1,-1,1,[1],[21500],[16],,,[404100004],[6],[237],,,2,2,999,2,-1,-1,,,,,
27102,-1,,,,-1,-1,-1,1,[1],[30000],[22],,,[404100004],[6],[237],,,2,2,999,2,-1,-1,,,,,
27103,-1,,,,-1,-1,-1,1,[8],[38600],[29],,,[404100004],[6],[237],,,2,2,999,2,-1,-1,,,,,
27104,-1,,,,-1,-1,-1,1,[10],[47100],[35],[1],,[404100004],[6],[237],[155],,2,2,999,2,2,-1,,,,,
27105,-1,,,,-1,-1,-1,1,[12],[55700],[42],[2],,[404100004],[6],[237],[155],,2,2,999,2,2,-1,,,,,
27111,-1,,,,-1,-1,-1,1,[1],[21500],[16],,,[404100004],[6],[237],,,2,2,999,2,-1,-1,,,,,
27112,-1,,,,-1,-1,-1,1,[1],[30000],[22],,,[404100004],[6],[237],,,2,2,999,2,-1,-1,,,,,
27113,-1,,,,-1,-1,-1,1,[8],[38600],[29],,,[404100004],[6],[237],,,2,2,999,2,-1,-1,,,,,
27114,-1,,,,-1,-1,-1,1,[10],[47100],[35],[1],,[404100004],[6],[237],[155],,2,2,999,2,2,-1,,,,,
27115,-1,,,,-1,-1,-1,1,[12],[55700],[42],[2],,[404100004],[6],[237],[155],,2,2,999,2,2,-1,,,,,
27121,-1,,,,-1,-1,-1,1,[1],[21500],[16],,,[404100004],[6],[237],,,2,2,999,2,-1,-1,,,,,
27122,-1,,,,-1,-1,-1,1,[1],[30000],[22],,,[404100004],[6],[237],,,2,2,999,2,-1,-1,,,,,
27123,-1,,,,-1,-1,-1,1,[8],[38600],[29],,,[404100004],[6],[237],,,2,2,999,2,-1,-1,,,,,
27124,-1,,,,-1,-1,-1,1,[10],[47100],[35],[1],,[404100004],[6],[237],[155],,2,2,999,2,2,-1,,,,,
27125,-1,,,,-1,-1,-1,1,[12],[55700],[42],[2],,[404100004],[6],[237],[155],,2,2,999,2,2,-1,,,,,
27131,-1,,,,-1,-1,-1,1,[1],[21500],[16],,,[404100004],[6],[237],,,2,2,999,2,-1,-1,,,,,
27132,-1,,,,-1,-1,-1,1,[1],[30000],[22],,,[404100004],[6],[237],,,2,2,999,2,-1,-1,,,,,
27133,-1,,,,-1,-1,-1,1,[8],[38600],[29],,,[404100004],[6],[237],,,2,2,999,2,-1,-1,,,,,
27134,-1,,,,-1,-1,-1,1,[10],[47100],[35],[1],,[404100004],[6],[237],[155],,2,2,999,2,2,-1,,,,,
27135,-1,,,,-1,-1,-1,1,[12],[55700],[42],[2],,[404100004],[6],[237],[155],,2,2,999,2,2,-1,,,,,
155801,-1,,,,-1,-1,-1,1,[2],[500],[5],[5],[2],[206004],[237],[203024],[203027],[203030],2,2,2,2,2,2,,,,,
155802,-1,,,,-1,-1,-1,1,[2],[500],[5],[5],[2],[206004],[237],[203024],[203027],[203030],2,2,2,2,2,2,,,,,
155803,-1,,,,-1,-1,-1,1,[2],[500],[5],[5],[2],[206004],[237],[203024],[203027],[203030],2,2,2,2,2,2,,,,,
155804,-1,,,,-1,-1,-1,1,[2],[500],[5],[5],[2],[206004],[237],[203024],[203027],[203030],2,2,2,2,2,2,,,,,
155805,-1,,,,-1,-1,-1,1,[1],[15],[10],[50],[2],[201],[238],[220004],[2],[203034],2,2,2,2,999,2,,,,,
155806,-1,,,,-1,-1,-1,1,[3],[1000],[6],[6],[2],[206004],[237],[203024],[203027],[203030],2,2,2,2,2,2,,,,,
155807,-1,,,,-1,-1,-1,1,[3],[1000],[6],[6],[2],[206004],[237],[203024],[203027],[203030],2,2,2,2,2,2,,,,,
155808,-1,,,,-1,-1,-1,1,[3],[1000],[6],[6],[2],[206004],[237],[203024],[203027],[203030],2,2,2,2,2,2,,,,,
155809,-1,,,,-1,-1,-1,1,[3],[1000],[6],[6],[2],[206004],[237],[203024],[203027],[203030],2,2,2,2,2,2,,,,,
155810,-1,,,,-1,-1,-1,1,[5],[15],[10],[50],[2],[303002],[238],[220004],[2],[203034],2,2,2,2,999,2,,,,,
155811,-1,,,,-1,-1,-1,1,[4],[1500],[7],[7],[2],[206004],[237],[203024],[203027],[203030],2,2,2,2,2,2,,,,,
155812,-1,,,,-1,-1,-1,1,[4],[1500],[7],[7],[2],[206004],[237],[203024],[203027],[203030],2,2,2,2,2,2,,,,,
155813,-1,,,,-1,-1,-1,1,[4],[1500],[7],[7],[2],[206004],[237],[203024],[203027],[203030],2,2,2,2,2,2,,,,,
155814,-1,,,,-1,-1,-1,1,[4],[1500],[7],[7],[2],[206004],[237],[203024],[203027],[203030],2,2,2,2,2,2,,,,,
155815,-1,,,,-1,-1,-1,1,[1],[15],[1],[50],[2],[201],[238],[220005],[2],[203034],2,2,2,2,999,2,,,,,
155816,-1,,,,-1,-1,-1,1,[5],[2000],[8],[8],[2],[206004],[237],[203024],[203027],[203030],2,2,2,2,2,2,,,,,
155817,-1,,,,-1,-1,-1,1,[5],[2000],[8],[8],[2],[206004],[237],[203024],[203027],[203030],2,2,2,2,2,2,,,,,
155818,-1,,,,-1,-1,-1,1,[5],[2000],[8],[8],[2],[206004],[237],[203024],[203027],[203030],2,2,2,2,2,2,,,,,
155819,-1,,,,-1,-1,-1,1,[5],[2000],[8],[8],[2],[206004],[237],[203024],[203027],[203030],2,2,2,2,2,2,,,,,
155820,-1,,,,-1,-1,-1,1,[5],[20],[1],[50],[2],[303002],[238],[220005],[2],[203034],2,2,2,2,999,2,,,,,
155821,-1,,,,-1,-1,-1,1,[6],[2500],[9],[9],[2],[206004],[237],[203024],[203027],[203030],2,2,2,2,2,2,,,,,
155822,-1,,,,-1,-1,-1,1,[6],[2500],[9],[9],[2],[206004],[237],[203024],[203027],[203030],2,2,2,2,2,2,,,,,
155823,-1,,,,-1,-1,-1,1,[6],[2500],[9],[9],[2],[206004],[237],[203024],[203027],[203030],2,2,2,2,2,2,,,,,
155824,-1,,,,-1,-1,-1,1,[6],[2500],[9],[9],[2],[206004],[237],[203024],[203027],[203030],2,2,2,2,2,2,,,,,
155825,-1,,,,-1,-1,-1,1,[2],[20],[2],[50],[3],[201],[238],[220005],[2],[203034],2,2,2,2,999,2,,,,,
155826,-1,,,,-1,-1,-1,1,[7],[3000],[10],[10],[2],[206004],[237],[203024],[203027],[203030],2,2,2,2,2,2,,,,,
155827,-1,,,,-1,-1,-1,1,[7],[3000],[10],[10],[2],[206004],[237],[203024],[203027],[203030],2,2,2,2,2,2,,,,,
155828,-1,,,,-1,-1,-1,1,[7],[3000],[10],[10],[2],[206004],[237],[203024],[203027],[203030],2,2,2,2,2,2,,,,,
155829,-1,,,,-1,-1,-1,1,[7],[3000],[10],[10],[2],[206004],[237],[203024],[203027],[203030],2,2,2,2,2,2,,,,,
155830,-1,,,,-1,-1,-1,1,[2],[20],[2],[50],[3],[201],[238],[220005],[2],[203034],2,2,2,2,999,2,,,,,
155831,-1,,,,-1,-1,-1,1,[8],[3500],[11],[11],[2],[206004],[237],[203024],[203027],[203030],2,2,2,2,2,2,,,,,
155832,-1,,,,-1,-1,-1,1,[8],[3500],[11],[11],[2],[206004],[237],[203024],[203027],[203030],2,2,2,2,2,2,,,,,
155833,-1,,,,-1,-1,-1,1,[8],[3500],[11],[11],[2],[206004],[237],[203024],[203027],[203030],2,2,2,2,2,2,,,,,
155834,-1,,,,-1,-1,-1,1,[8],[3500],[11],[11],[2],[206004],[237],[203024],[203027],[203030],2,2,2,2,2,2,,,,,
155835,-1,,,,-1,-1,-1,1,[5],[25],[2],[50],[3],[304004],[238],[220005],[2],[203034],2,2,2,2,999,2,,,,,
155836,-1,,,,-1,-1,-1,1,[9],[4000],[12],[12],[2],[206004],[237],[203024],[203027],[203030],2,2,2,2,2,2,,,,,
155837,-1,,,,-1,-1,-1,1,[9],[4000],[12],[12],[2],[206004],[237],[203024],[203027],[203030],2,2,2,2,2,2,,,,,
155838,-1,,,,-1,-1,-1,1,[9],[4000],[12],[12],[2],[206004],[237],[203024],[203027],[203030],2,2,2,2,2,2,,,,,
155839,-1,,,,-1,-1,-1,1,[9],[4000],[12],[12],[2],[206004],[237],[203024],[203027],[203030],2,2,2,2,2,2,,,,,
155840,-1,,,,-1,-1,-1,1,[2],[25],[3],[50],[3],[201],[238],[220005],[2],[203034],2,2,2,2,999,2,,,,,
155841,-1,,,,-1,-1,-1,1,[10],[4500],[13],[13],[2],[206004],[237],[203024],[203027],[203030],2,2,2,2,2,2,,,,,
155842,-1,,,,-1,-1,-1,1,[10],[4500],[13],[13],[2],[206004],[237],[203024],[203027],[203030],2,2,2,2,2,2,,,,,
155843,-1,,,,-1,-1,-1,1,[10],[4500],[13],[13],[2],[206004],[237],[203024],[203027],[203030],2,2,2,2,2,2,,,,,
155844,-1,,,,-1,-1,-1,1,[10],[4500],[13],[13],[2],[206004],[237],[203024],[203027],[203030],2,2,2,2,2,2,,,,,
155845,-1,,,,-1,-1,-1,1,[2],[25],[3],[100],[4],[201],[238],[220005],[2],[203034],2,2,2,2,999,2,,,,,
155846,-1,,,,-1,-1,-1,1,[11],[5000],[14],[14],[2],[206004],[237],[203024],[203027],[203030],2,2,2,2,2,2,,,,,
155847,-1,,,,-1,-1,-1,1,[11],[5000],[14],[14],[2],[206004],[237],[203024],[203027],[203030],2,2,2,2,2,2,,,,,
155848,-1,,,,-1,-1,-1,1,[11],[5000],[14],[14],[2],[206004],[237],[203024],[203027],[203030],2,2,2,2,2,2,,,,,
155849,-1,,,,-1,-1,-1,1,[11],[5000],[14],[14],[2],[206004],[237],[203024],[203027],[203030],2,2,2,2,2,2,,,,,
155850,-1,,,,-1,-1,-1,1,[5],[30],[3],[100],[4],[304004],[238],[220005],[2],[203034],2,2,2,2,999,2,,,,,
155851,-1,,,,-1,-1,-1,1,[12],[5500],[15],[15],[2],[206004],[237],[203024],[203027],[203030],2,2,2,2,2,2,,,,,
155852,-1,,,,-1,-1,-1,1,[12],[5500],[15],[15],[2],[206004],[237],[203024],[203027],[203030],2,2,2,2,2,2,,,,,
155853,-1,,,,-1,-1,-1,1,[12],[5500],[15],[15],[2],[206004],[237],[203024],[203027],[203030],2,2,2,2,2,2,,,,,
155854,-1,,,,-1,-1,-1,1,[12],[5500],[15],[15],[2],[206004],[237],[203024],[203027],[203030],2,2,2,2,2,2,,,,,
155855,-1,,,,-1,-1,-1,1,[2],[30],[3],[100],[4],[201],[238],[220005],[2],[203034],2,2,2,2,999,2,,,,,
155856,-1,,,,-1,-1,-1,1,[13],[6000],[16],[16],[2],[206004],[237],[203024],[203027],[203030],2,2,2,2,2,2,,,,,
155857,-1,,,,-1,-1,-1,1,[13],[6000],[16],[16],[2],[206004],[237],[203024],[203027],[203030],2,2,2,2,2,2,,,,,
155858,-1,,,,-1,-1,-1,1,[13],[6000],[16],[16],[2],[206004],[237],[203024],[203027],[203030],2,2,2,2,2,2,,,,,
155859,-1,,,,-1,-1,-1,1,[13],[6000],[16],[16],[2],[206004],[237],[203024],[203027],[203030],2,2,2,2,2,2,,,,,
155860,-1,,,,-1,-1,-1,1,[3],[30],[2],[100],[4],[305003],[238],[153],[2],[203034],2,2,2,2,999,2,,,,,
155861,-1,,,,-1,-1,-1,1,[14],[6500],[17],[17],[2],[206004],[237],[203024],[203027],[203030],2,2,2,2,2,2,,,,,
155862,-1,,,,-1,-1,-1,1,[14],[6500],[17],[17],[2],[206004],[237],[203024],[203027],[203030],2,2,2,2,2,2,,,,,
155863,-1,,,,-1,-1,-1,1,[14],[6500],[17],[17],[2],[206004],[237],[203024],[203027],[203030],2,2,2,2,2,2,,,,,
155864,-1,,,,-1,-1,-1,1,[14],[6500],[17],[17],[2],[206004],[237],[203024],[203027],[203030],2,2,2,2,2,2,,,,,
155865,-1,,,,-1,-1,-1,1,[3],[35],[2],[2],[5],[305003],[238],[153],[203027],[203034],2,2,2,2,2,2,,,,,
155866,-1,,,,-1,-1,-1,1,[15],[7000],[18],[18],[2],[206004],[237],[203024],[203027],[203030],2,2,2,2,2,2,,,,,
155867,-1,,,,-1,-1,-1,1,[15],[7000],[18],[18],[2],[206004],[237],[203024],[203027],[203030],2,2,2,2,2,2,,,,,
155868,-1,,,,-1,-1,-1,1,[15],[7000],[18],[18],[2],[206004],[237],[203024],[203027],[203030],2,2,2,2,2,2,,,,,
155869,-1,,,,-1,-1,-1,1,[15],[7000],[18],[18],[2],[206004],[237],[203024],[203027],[203030],2,2,2,2,2,2,,,,,
155870,-1,,,,-1,-1,-1,1,[4],[35],[3],[100],[5],[305003],[238],[153],[2],[203034],2,2,2,2,999,2,,,,,
155871,-1,,,,-1,-1,-1,1,[16],[7500],[19],[19],[2],[206004],[237],[203024],[203027],[203030],2,2,2,2,2,2,,,,,
155872,-1,,,,-1,-1,-1,1,[16],[7500],[19],[19],[2],[206004],[237],[203024],[203027],[203030],2,2,2,2,2,2,,,,,
155873,-1,,,,-1,-1,-1,1,[16],[7500],[19],[19],[2],[206004],[237],[203024],[203027],[203030],2,2,2,2,2,2,,,,,
155874,-1,,,,-1,-1,-1,1,[16],[7500],[19],[19],[2],[206004],[237],[203024],[203027],[203030],2,2,2,2,2,2,,,,,
155875,-1,,,,-1,-1,-1,1,[3],[35],[3],[100],[5],[201],[238],[153],[2],[203034],2,2,2,2,999,2,,,,,
155876,-1,,,,-1,-1,-1,1,[17],[8000],[20],[20],[2],[206004],[237],[203024],[203027],[203030],2,2,2,2,2,2,,,,,
155877,-1,,,,-1,-1,-1,1,[17],[8000],[20],[20],[2],[206004],[237],[203024],[203027],[203030],2,2,2,2,2,2,,,,,
155878,-1,,,,-1,-1,-1,1,[17],[8000],[20],[20],[2],[206004],[237],[203024],[203027],[203030],2,2,2,2,2,2,,,,,
155879,-1,,,,-1,-1,-1,1,[17],[8000],[20],[20],[2],[206004],[237],[203024],[203027],[203030],2,2,2,2,2,2,,,,,
155880,-1,,,,-1,-1,-1,1,[4],[40],[5],[100],[5],[201],[238],[153],[2],[203034],2,2,2,2,999,2,,,,,
1000001,-1,,,,-1,-1,-1,1,[100],[200],[200],,,[3],[4],[5],,,2,999,999,999,-1,-1,,,,,
1000002,-1,,,,-1,-1,-1,1,[100],[200],[200],,,[3],[4],[5],,,2,999,999,999,-1,-1,,,,,
1000004,-1,,,,-1,-1,-1,1,[100],[200],[200],,,[3],[4],[5],,,2,999,999,999,-1,-1,,,,,
1000005,-1,,,,-1,-1,-1,1,[100],[200],[200],,,[3],[4],[5],,,2,999,999,999,-1,-1,,,,,
1000201,-1,,,,-1,-1,-1,1,[100],[200],[200],,,[3],[4],[5],,,2,999,999,999,-1,-1,,,,,
1000202,-1,,,,-1,-1,-1,1,[100],[200],[200],[50],,[3],[4],[5],[2],,2,999,999,999,999,-1,,,,,
1000203,-1,,,,-1,-1,-1,1,[100],[200],[200],[1],,[3],[4],[5],[201],,2,999,999,999,2,-1,,,,,
1000204,-1,,,,-1,-1,-1,1,[100],[200],[200],[50],,[3],[4],[5],[2],,2,999,999,999,999,-1,,,,,
1000205,-1,,,,-1,-1,-1,1,[100],[200],[200],[1],,[3],[4],[5],[201],,2,999,999,999,2,-1,,,,,
1000206,-1,,,,-1,-1,-1,1,,,,,,,,,,,2,-1,-1,-1,-1,-1,,,,,
1000207,-1,,,,-1,-1,-1,1,[100],[200],[200],,,[3],[4],[5],,,2,999,999,999,-1,-1,,,,,
1000208,-1,,,,-1,-1,-1,1,[100],[200],[200],[50],,[3],[4],[5],[2],,2,999,999,999,999,-1,,,,,
1000209,-1,,,,-1,-1,-1,1,[100],[200],[200],[1],,[3],[4],[5],[201],,2,999,999,999,2,-1,,,,,
1000210,-1,,,,-1,-1,-1,1,[100],[200],[200],[50],,[3],[4],[5],[2],,2,999,999,999,999,-1,,,,,
1000211,-1,,,,-1,-1,-1,1,[100],[400],[400],[1],,[3],[4],[5],[201],,2,999,999,999,2,-1,,,,,
1000212,-1,,,,-1,-1,-1,1,[100],[400],[400],[50],,[3],[4],[5],[2],,2,999,999,999,999,-1,,,,,
1000213,-1,,,,-1,-1,-1,1,[100],[400],[400],[1],,[3],[4],[5],[201],,2,999,999,999,2,-1,,,,,
1000214,-1,,,,-1,-1,-1,1,[100],[400],[400],[50],,[3],[4],[5],[2],,2,999,999,999,999,-1,,,,,
1000215,-1,,,,-1,-1,-1,1,,,,[1],,,,,[201],,2,-1,-1,-1,2,-1,,,,,
1000216,-1,,,,-1,-1,-1,1,[100],[400],[400],[3],,[3],[4],[5],[201],,2,999,999,999,2,-1,,,,,
1000217,-1,,,,-1,-1,-1,1,[100],[400],[400],[50],,[3],[4],[5],[2],,2,999,999,999,999,-1,,,,,
1000218,-1,,,,-1,-1,-1,1,[100],[400],[400],,,[3],[4],[5],,,2,999,999,999,-1,-1,,,,,
1000219,-1,,,,-1,-1,-1,1,[100],[400],[400],[50],,[3],[4],[5],[2],,2,999,999,999,999,-1,,,,,
1000301,-1,,,,-1,-1,-1,1,[200],[600],[600],[1],,[3],[4],[5],[201],,2,999,999,999,2,-1,,,,,
1000302,-1,,,,-1,-1,-1,1,[200],[600],[600],[50],[1],[3],[4],[5],[2],[100001201],2,999,999,999,999,4,,,,,
1000303,-1,,,,-1,-1,-1,1,[200],[600],[600],[1],,[3],[4],[5],[201],,2,999,999,999,2,-1,,,,,
1000304,-1,,,,-1,-1,-1,1,[200],[600],[600],[50],,[3],[4],[5],[2],,2,999,999,999,999,-1,,,,,
1000305,-1,,,,-1,-1,-1,1,[200],[600],[600],[1],,[3],[4],[5],[201],,2,999,999,999,2,-1,,,,,
1000306,-1,,,,-1,-1,-1,1,[200],[600],[600],[50],[1],[3],[4],[5],[2],[100001204],2,999,999,999,999,4,,,,,
1000307,-1,,,,-1,-1,-1,1,[200],[600],[600],[1],,[3],[4],[5],[201],,2,999,999,999,2,-1,,,,,
1000308,-1,,,,-1,-1,-1,1,[200],[600],[600],[50],,[3],[4],[5],[2],,2,999,999,999,999,-1,,,,,
1000309,-1,,,,-1,-1,-1,1,[200],[600],[600],[1],,[3],[4],[5],[201],,2,999,999,999,2,-1,,,,,
1000310,-1,,,,-1,-1,-1,1,[200],[600],[600],[50],[1],[3],[4],[5],[2],[100001203],2,999,999,999,999,4,,,,,
1000311,-1,,,,-1,-1,-1,1,[300],[800],[800],[1],,[3],[4],[5],[201],,2,999,999,999,2,-1,,,,,
1000312,-1,,,,-1,-1,-1,1,[300],[800],[800],[50],,[3],[4],[5],[2],,2,999,999,999,999,-1,,,,,
1000313,-1,,,,-1,-1,-1,1,[300],[800],[800],[50],[1],[3],[4],[5],[2],[100001204],2,999,999,999,999,4,,,,,
1000314,-1,,,,-1,-1,-1,1,[300],[800],[800],[4],,[3],[4],[5],[201],,2,999,999,999,2,-1,,,,,
1000401,-1,,,,-1,-1,-1,1,[400],[800],[800],[50],,[3],[4],[5],[2],,2,999,999,999,999,-1,,,,,
1000402,-1,,,,-1,-1,-1,1,[400],[800],[800],[1],,[3],[4],[5],[201],,2,999,999,999,2,-1,,,,,
1000403,-1,,,,-1,-1,-1,1,[400],[800],[800],[50],[1],[3],[4],[5],[2],[100001201],2,999,999,999,999,4,,,,,
1000404,-1,,,,-1,-1,-1,1,[400],[800],[800],[1],,[3],[4],[5],[201],,2,999,999,999,2,-1,,,,,
1000405,-1,,,,-1,-1,-1,1,[400],[800],[800],[50],,[3],[4],[5],[2],,2,999,999,999,999,-1,,,,,
1000406,-1,,,,-1,-1,-1,1,[400],[800],[800],[1],,[3],[4],[5],[201],,2,999,999,999,2,-1,,,,,
1000407,-1,,,,-1,-1,-1,1,[400],[800],[800],[50],[1],[3],[4],[5],[2],[100001204],2,999,999,999,999,4,,,,,
1000408,-1,,,,-1,-1,-1,1,[400],[800],[800],[1],,[3],[4],[5],[201],,2,999,999,999,2,-1,,,,,
1000409,-1,,,,-1,-1,-1,1,[400],[800],[800],[50],,[3],[4],[5],[2],,2,999,999,999,999,-1,,,,,
1000410,-1,,,,-1,-1,-1,1,[400],[800],[800],[1],,[3],[4],[5],[201],,2,999,999,999,2,-1,,,,,
1000411,-1,,,,-1,-1,-1,1,[500],[1600],[1600],[50],[1],[3],[4],[5],[2],[100001203],2,999,999,999,999,4,,,,,
1000412,-1,,,,-1,-1,-1,1,[500],[1600],[1600],[1],,[3],[4],[5],[201],,2,999,999,999,2,-1,,,,,
1000413,-1,,,,-1,-1,-1,1,[500],[1600],[1600],[50],,[3],[4],[5],[2],,2,999,999,999,999,-1,,,,,
1000414,-1,,,,-1,-1,-1,1,[500],[1600],[1600],[50],[1],[3],[4],[5],[2],[100001204],2,999,999,999,999,4,,,,,
1000415,-1,,,,-1,-1,-1,1,[500],[1600],[1600],[4],,[3],[4],[5],[201],,2,999,999,999,2,-1,,,,,
1000501,-1,,,,-1,-1,-1,1,[500],[2000],[2000],,,[3],[4],[5],,,2,999,999,999,-1,-1,,,,,
1000502,-1,,,,-1,-1,-1,1,[500],[2000],[2000],[50],,[3],[4],[5],[2],,2,999,999,999,999,-1,,,,,
1000503,-1,,,,-1,-1,-1,1,[500],[2000],[2000],[1],,[3],[4],[5],[201],,2,999,999,999,2,-1,,,,,
1000504,-1,,,,-1,-1,-1,1,[500],[2000],[2000],[50],[1],[3],[4],[5],[2],[100001201],2,999,999,999,999,4,,,,,
1000505,-1,,,,-1,-1,-1,1,[500],[2000],[2000],[1],,[3],[4],[5],[201],,2,999,999,999,2,-1,,,,,
1000506,-1,,,,-1,-1,-1,1,[600],[2400],[2400],[50],,[3],[4],[5],[2],,2,999,999,999,999,-1,,,,,
1000507,-1,,,,-1,-1,-1,1,[600],[2400],[2400],[1],,[3],[4],[5],[201],,2,999,999,999,2,-1,,,,,
1000508,-1,,,,-1,-1,-1,1,[600],[2400],[2400],[50],[1],[3],[4],[5],[2],[100001204],2,999,999,999,999,4,,,,,
1000509,-1,,,,-1,-1,-1,1,[600],[2400],[2400],[1],,[3],[4],[5],[201],,2,999,999,999,2,-1,,,,,
1000510,-1,,,,-1,-1,-1,1,[600],[2400],[2400],[50],,[3],[4],[5],[2],,2,999,999,999,999,-1,,,,,
1000511,-1,,,,-1,-1,-1,1,[800],[2400],[2400],[1],,[3],[4],[5],[201],,2,999,999,999,2,-1,,,,,
1000512,-1,,,,-1,-1,-1,1,[800],[2400],[2400],[50],[1],[3],[4],[5],[2],[100001203],2,999,999,999,999,4,,,,,
1000513,-1,,,,-1,-1,-1,1,[800],[2400],[2400],[1],,[3],[4],[5],[201],,2,999,999,999,2,-1,,,,,
1000514,-1,,,,-1,-1,-1,1,[800],[2400],[2400],[50],,[3],[4],[5],[2],,2,999,999,999,999,-1,,,,,
1000515,-1,,,,-1,-1,-1,1,[800],[2400],[2400],[50],[1],[3],[4],[5],[2],[100001204],2,999,999,999,999,4,,,,,
1000516,-1,,,,-1,-1,-1,1,[800],[2400],[2400],[4],,[3],[4],[5],[201],,2,999,999,999,2,-1,,,,,
1000601,-1,,,,-1,-1,-1,1,[1000],[2800],[2800],,,[3],[4],[5],,,2,999,999,999,-1,-1,,,,,
1000602,-1,,,,-1,-1,-1,1,[1000],[2800],[2800],[50],,[3],[4],[5],[2],,2,999,999,999,999,-1,,,,,
1000603,-1,,,,-1,-1,-1,1,[1000],[2800],[2800],,,[3],[4],[5],,,2,999,999,999,-1,-1,,,,,
1000604,-1,,,,-1,-1,-1,1,[1000],[2800],[2800],[50],[1],[3],[4],[5],[2],[100001201],2,999,999,999,999,4,,,,,
1000605,-1,,,,-1,-1,-1,1,[1000],[2800],[2800],[1],,[3],[4],[5],[201],,2,999,999,999,2,-1,,,,,
1000606,-1,,,,-1,-1,-1,1,[1000],[2800],[2800],[50],,[3],[4],[5],[2],,2,999,999,999,999,-1,,,,,
1000607,-1,,,,-1,-1,-1,1,[1100],[3200],[3200],[1],,[3],[4],[5],[201],,2,999,999,999,2,-1,,,,,
1000608,-1,,,,-1,-1,-1,1,[1100],[3200],[3200],[50],[1],[3],[4],[5],[2],[100001204],2,999,999,999,999,4,,,,,
1000609,-1,,,,-1,-1,-1,1,[1100],[3200],[3200],[1],,[3],[4],[5],[201],,2,999,999,999,2,-1,,,,,
1000610,-1,,,,-1,-1,-1,1,[1100],[3200],[3200],[50],,[3],[4],[5],[2],,2,999,999,999,999,-1,,,,,
1000611,-1,,,,-1,-1,-1,1,[1100],[3200],[3200],[1],,[3],[4],[5],[201],,2,999,999,999,2,-1,,,,,
1000612,-1,,,,-1,-1,-1,1,[1100],[3200],[3200],[50],[1],[3],[4],[5],[2],[100001203],2,999,999,999,999,4,,,,,
1000613,-1,,,,-1,-1,-1,1,[1200],[3600],[3600],[1],,[3],[4],[5],[201],,2,999,999,999,2,-1,,,,,
1000614,-1,,,,-1,-1,-1,1,[1200],[3600],[3600],[50],,[3],[4],[5],[2],,2,999,999,999,999,-1,,,,,
1000615,-1,,,,-1,-1,-1,1,[1200],[3600],[3600],[1],,[3],[4],[5],[201],,2,999,999,999,2,-1,,,,,
1000616,-1,,,,-1,-1,-1,1,[1200],[3600],[3600],[50],[1],[3],[4],[5],[2],[100001204],2,999,999,999,999,4,,,,,
1000617,-1,,,,-1,-1,-1,1,[1200],[3600],[3600],[4],,[3],[4],[5],[201],,2,999,999,999,2,-1,,,,,
1000701,-1,,,,-1,-1,-1,1,[1200],[4000],[4000],,,[3],[4],[5],,,2,999,999,999,-1,-1,,,,,
1000702,-1,,,,-1,-1,-1,1,[1200],[4000],[4000],[50],,[3],[4],[5],[2],,2,999,999,999,999,-1,,,,,
1000703,-1,,,,-1,-1,-1,1,[1200],[4000],[4000],[1],,[3],[4],[5],[201],,2,999,999,999,2,-1,,,,,
1000704,-1,,,,-1,-1,-1,1,[1200],[4000],[4000],[50],,[3],[4],[5],[2],,2,999,999,999,999,-1,,,,,
1000705,-1,,,,-1,-1,-1,1,[1200],[4000],[4000],[1],,[3],[4],[5],[201],,2,999,999,999,2,-1,,,,,
1000706,-1,,,,-1,-1,-1,1,[1400],[4400],[4400],[50],,[3],[4],[5],[2],,2,999,999,999,999,-1,,,,,
1000707,-1,,,,-1,-1,-1,1,[1400],[4400],[4400],[1],,[3],[4],[5],[201],,2,999,999,999,2,-1,,,,,
1000708,-1,,,,-1,-1,-1,1,[1400],[4400],[4400],[50],,[3],[4],[5],[2],,2,999,999,999,999,-1,,,,,
1000709,-1,,,,-1,-1,-1,1,[1400],[4400],[4400],[1],,[3],[4],[5],[201],,2,999,999,999,2,-1,,,,,
1000710,-1,,,,-1,-1,-1,1,[1400],[4400],[4400],[50],,[3],[4],[5],[2],,2,999,999,999,999,-1,,,,,
1000711,-1,,,,-1,-1,-1,1,[1600],[4800],[4800],[1],,[3],[4],[5],[201],,2,999,999,999,2,-1,,,,,
1000712,-1,,,,-1,-1,-1,1,[1600],[4800],[4800],[50],,[3],[4],[5],[2],,2,999,999,999,999,-1,,,,,
1000713,-1,,,,-1,-1,-1,1,[1600],[4800],[4800],[1],,[3],[4],[5],[201],,2,999,999,999,2,-1,,,,,
1000714,-1,,,,-1,-1,-1,1,[1600],[4800],[4800],[50],,[3],[4],[5],[2],,2,999,999,999,999,-1,,,,,
1000715,-1,,,,-1,-1,-1,1,[1600],[4800],[4800],[50],,[3],[4],[5],[2],,2,999,999,999,999,-1,,,,,
1000716,-1,,,,-1,-1,-1,1,[1600],[4800],[4800],[4],,[3],[4],[5],[201],,2,999,999,999,2,-1,,,,,
1000801,-1,,,,-1,-1,-1,1,[1800],[5200],[5200],,,[3],[4],[5],,,2,999,999,999,-1,-1,,,,,
1000802,-1,,,,-1,-1,-1,1,[1800],[5200],[5200],[50],,[3],[4],[5],[2],,2,999,999,999,999,-1,,,,,
1000803,-1,,,,-1,-1,-1,1,[1800],[5200],[5200],[1],,[3],[4],[5],[201],,2,999,999,999,2,-1,,,,,
1000804,-1,,,,-1,-1,-1,1,[1800],[5200],[5200],[50],,[3],[4],[5],[2],,2,999,999,999,999,-1,,,,,
1000805,-1,,,,-1,-1,-1,1,[1800],[5200],[5200],[1],,[3],[4],[5],[201],,2,999,999,999,2,-1,,,,,
1000806,-1,,,,-1,-1,-1,1,[2000],[5200],[5200],[50],,[3],[4],[5],[2],,2,999,999,999,999,-1,,,,,
1000807,-1,,,,-1,-1,-1,1,[2000],[5200],[5200],[1],,[3],[4],[5],[201],,2,999,999,999,2,-1,,,,,
1000808,-1,,,,-1,-1,-1,1,[2000],[5200],[5200],[50],,[3],[4],[5],[2],,2,999,999,999,999,-1,,,,,
1000809,-1,,,,-1,-1,-1,1,[2000],[5200],[5200],[1],,[3],[4],[5],[201],,2,999,999,999,2,-1,,,,,
1000810,-1,,,,-1,-1,-1,1,[2000],[5200],[5200],[50],,[3],[4],[5],[2],,2,999,999,999,999,-1,,,,,
1000811,-1,,,,-1,-1,-1,1,[2100],[5600],[5600],[1],,[3],[4],[5],[201],,2,999,999,999,2,-1,,,,,
1000812,-1,,,,-1,-1,-1,1,[2100],[5600],[5600],[50],,[3],[4],[5],[2],,2,999,999,999,999,-1,,,,,
1000813,-1,,,,-1,-1,-1,1,[2100],[5600],[5600],[1],,[3],[4],[5],[201],,2,999,999,999,2,-1,,,,,
1000814,-1,,,,-1,-1,-1,1,[2100],[5600],[5600],[50],,[3],[4],[5],[2],,2,999,999,999,999,-1,,,,,
1000815,-1,,,,-1,-1,-1,1,[2100],[5600],[5600],[4],,[3],[4],[5],[201],,2,999,999,999,2,-1,,,,,
1000901,-1,,,,-1,-1,-1,1,[2300],[6400],[6400],[50],,[3],[4],[5],[2],,2,999,999,999,999,-1,,,,,
1000902,-1,,,,-1,-1,-1,1,[2300],[6400],[6400],[1],,[3],[4],[5],[201],,2,999,999,999,2,-1,,,,,
1000903,-1,,,,-1,-1,-1,1,[2300],[6400],[6400],[50],,[3],[4],[5],[2],,2,999,999,999,999,-1,,,,,
1000904,-1,,,,-1,-1,-1,1,[2300],[6400],[6400],[1],,[3],[4],[5],[201],,2,999,999,999,2,-1,,,,,
1000905,-1,,,,-1,-1,-1,1,[2300],[6400],[6400],[50],,[3],[4],[5],[2],,2,999,999,999,999,-1,,,,,
1000906,-1,,,,-1,-1,-1,1,[2300],[6400],[6400],[1],,[3],[4],[5],[201],,2,999,999,999,2,-1,,,,,
1000907,-1,,,,-1,-1,-1,1,[2600],[6800],[6800],[50],,[3],[4],[5],[2],,2,999,999,999,999,-1,,,,,
1000908,-1,,,,-1,-1,-1,1,[2600],[6800],[6800],[1],,[3],[4],[5],[201],,2,999,999,999,2,-1,,,,,
1000909,-1,,,,-1,-1,-1,1,[2600],[6800],[6800],[50],,[3],[4],[5],[2],,2,999,999,999,999,-1,,,,,
1000910,-1,,,,-1,-1,-1,1,[2600],[6800],[6800],[1],,[3],[4],[5],[201],,2,999,999,999,2,-1,,,,,
1000911,-1,,,,-1,-1,-1,1,[2600],[6800],[6800],[50],,[3],[4],[5],[2],,2,999,999,999,999,-1,,,,,
1000912,-1,,,,-1,-1,-1,1,[2600],[6800],[6800],[50],,[3],[4],[5],[2],,2,999,999,999,999,-1,,,,,
1000913,-1,,,,-1,-1,-1,1,[2600],[6800],[6800],[5],,[3],[4],[5],[201],,2,999,999,999,2,-1,,,,,
1001001,-1,,,,-1,-1,-1,1,[2800],[7200],[7200],[1],,[3],[4],[5],[201],,2,999,999,999,2,-1,,,,,
1001002,-1,,,,-1,-1,-1,1,[2800],[7200],[7200],[50],,[3],[4],[5],[2],,2,999,999,999,999,-1,,,,,
1001003,-1,,,,-1,-1,-1,1,[2800],[7200],[7200],[1],,[3],[4],[5],[201],,2,999,999,999,2,-1,,,,,
1001004,-1,,,,-1,-1,-1,1,[2800],[7200],[7200],[50],,[3],[4],[5],[2],,2,999,999,999,999,-1,,,,,
1001005,-1,,,,-1,-1,-1,1,[2800],[7200],[7200],[1],,[3],[4],[5],[201],,2,999,999,999,2,-1,,,,,
1001006,-1,,,,-1,-1,-1,1,[3100],[8000],[8000],[50],,[3],[4],[5],[2],,2,999,999,999,999,-1,,,,,
1001007,-1,,,,-1,-1,-1,1,[3100],[8000],[8000],[1],,[3],[4],[5],[201],,2,999,999,999,2,-1,,,,,
1001008,-1,,,,-1,-1,-1,1,[3100],[8000],[8000],[50],,[3],[4],[5],[2],,2,999,999,999,999,-1,,,,,
1001009,-1,,,,-1,-1,-1,1,[3100],[8000],[8000],[1],,[3],[4],[5],[201],,2,999,999,999,2,-1,,,,,
1001010,-1,,,,-1,-1,-1,1,[3100],[8000],[8000],[50],,[3],[4],[5],[2],,2,999,999,999,999,-1,,,,,
1001011,-1,,,,-1,-1,-1,1,[3100],[8000],[8000],[5],,[3],[4],[5],[201],,2,999,999,999,2,-1,,,,,
1001201,-1,,,,-1,-1,-1,1,[3500],[8800],[8800],[1],,[3],[4],[5],[201],,2,999,999,999,2,-1,,,,,
1001202,-1,,,,-1,-1,-1,1,[3500],[8800],[8800],[50],,[3],[4],[5],[2],,2,999,999,999,999,-1,,,,,
1001203,-1,,,,-1,-1,-1,1,[3500],[8800],[8800],[1],,[3],[4],[5],[201],,2,999,999,999,2,-1,,,,,
1001204,-1,,,,-1,-1,-1,1,[3500],[8800],[8800],[50],,[3],[4],[5],[2],,2,999,999,999,999,-1,,,,,
1001205,-1,,,,-1,-1,-1,1,[3500],[8800],[8800],[1],,[3],[4],[5],[201],,2,999,999,999,2,-1,,,,,
1001206,-1,,,,-1,-1,-1,1,,,,,,,,,,,2,-1,-1,-1,-1,-1,,,,,
1001207,-1,,,,-1,-1,-1,1,[3500],[8800],[8800],[1],,[3],[4],[5],[201],,2,999,999,999,2,-1,,,,,
1001208,-1,,,,-1,-1,-1,1,[3500],[8800],[8800],[50],,[3],[4],[5],[2],,2,999,999,999,999,-1,,,,,
1001209,-1,,,,-1,-1,-1,1,[3500],[8800],[8800],[1],,[3],[4],[5],[201],,2,999,999,999,2,-1,,,,,
1001210,-1,,,,-1,-1,-1,1,[3500],[8800],[8800],[50],,[3],[4],[5],[2],,2,999,999,999,999,-1,,,,,
1001211,-1,,,,-1,-1,-1,1,[3600],[9200],[9200],[1],,[3],[4],[5],[201],,2,999,999,999,2,-1,,,,,
1001212,-1,,,,-1,-1,-1,1,[3600],[9200],[9200],[50],,[3],[4],[5],[2],,2,999,999,999,999,-1,,,,,
1001213,-1,,,,-1,-1,-1,1,[3600],[9200],[9200],[1],,[3],[4],[5],[201],,2,999,999,999,2,-1,,,,,
1001214,-1,,,,-1,-1,-1,1,[3600],[9200],[9200],[50],,[3],[4],[5],[2],,2,999,999,999,999,-1,,,,,
1001215,-1,,,,-1,-1,-1,1,,,,,,,,,,,2,-1,-1,-1,-1,-1,,,,,
1001216,-1,,,,-1,-1,-1,1,[3600],[9200],[9200],,,[3],[4],[5],,,2,999,999,999,-1,-1,,,,,
1001217,-1,,,,-1,-1,-1,1,[3600],[9200],[9200],[50],,[3],[4],[5],[2],,2,999,999,999,999,-1,,,,,
1001218,-1,,,,-1,-1,-1,1,[3600],[9200],[9200],[1],,[3],[4],[5],[201],,2,999,999,999,2,-1,,,,,
1001219,-1,,,,-1,-1,-1,1,[3600],[9200],[9200],[50],,[3],[4],[5],[2],,2,999,999,999,999,-1,,,,,
1001301,-1,,,,-1,-1,-1,1,[3700],[9600],[9600],[1],,[3],[4],[5],[201],,2,999,999,999,2,-1,,,,,
1001302,-1,,,,-1,-1,-1,1,[3700],[9600],[9600],[50],,[3],[4],[5],[2],,2,999,999,999,999,-1,,,,,
1001303,-1,,,,-1,-1,-1,1,[3700],[9600],[9600],[1],,[3],[4],[5],[201],,2,999,999,999,2,-1,,,,,
1001304,-1,,,,-1,-1,-1,1,[3700],[9600],[9600],[50],,[3],[4],[5],[2],,2,999,999,999,999,-1,,,,,
1001305,-1,,,,-1,-1,-1,1,[3700],[9600],[9600],[1],,[3],[4],[5],[201],,2,999,999,999,2,-1,,,,,
1001306,-1,,,,-1,-1,-1,1,[3700],[9600],[9600],[50],,[3],[4],[5],[2],,2,999,999,999,999,-1,,,,,
1001307,-1,,,,-1,-1,-1,1,[3700],[9600],[9600],[1],,[3],[4],[5],[201],,2,999,999,999,2,-1,,,,,
1001308,-1,,,,-1,-1,-1,1,[3800],[10000],[10000],[50],,[3],[4],[5],[2],,2,999,999,999,999,-1,,,,,
1001309,-1,,,,-1,-1,-1,1,[3800],[10000],[10000],[1],,[3],[4],[5],[201],,2,999,999,999,2,-1,,,,,
1001310,-1,,,,-1,-1,-1,1,[3800],[10000],[10000],[50],,[3],[4],[5],[2],,2,999,999,999,999,-1,,,,,
1001311,-1,,,,-1,-1,-1,1,[3800],[10000],[10000],[1],,[3],[4],[5],[201],,2,999,999,999,2,-1,,,,,
1001312,-1,,,,-1,-1,-1,1,[3800],[10000],[10000],[50],,[3],[4],[5],[2],,2,999,999,999,999,-1,,,,,
1001313,-1,,,,-1,-1,-1,1,[3800],[10000],[10000],[1],,[3],[4],[5],[201],,2,999,999,999,2,-1,,,,,
1001314,-1,,,,-1,-1,-1,1,[3800],[10000],[10000],[50],,[3],[4],[5],[2],,2,999,999,999,999,-1,,,,,
1001315,-1,,,,-1,-1,-1,1,[3900],[10400],[10400],[1],,[3],[4],[5],[201],,2,999,999,999,2,-1,,,,,
1001316,-1,,,,-1,-1,-1,1,[3900],[10400],[10400],[50],,[3],[4],[5],[2],,2,999,999,999,999,-1,,,,,
1001317,-1,,,,-1,-1,-1,1,[3900],[10400],[10400],[1],,[3],[4],[5],[201],,2,999,999,999,2,-1,,,,,
1001318,-1,,,,-1,-1,-1,1,[3900],[10400],[10400],[50],,[3],[4],[5],[2],,2,999,999,999,999,-1,,,,,
1001319,-1,,,,-1,-1,-1,1,[3900],[10400],[10400],[1],,[3],[4],[5],[201],,2,999,999,999,2,-1,,,,,
1001320,-1,,,,-1,-1,-1,1,[3900],[10400],[10400],[50],,[3],[4],[5],[2],,2,999,999,999,999,-1,,,,,
1001321,-1,,,,-1,-1,-1,1,[3900],[10400],[10400],[1],,[3],[4],[5],[201],,2,999,999,999,2,-1,,,,,
1001322,-1,,,,-1,-1,-1,1,[4000],[10800],[10800],[50],,[3],[4],[5],[2],,2,999,999,999,999,-1,,,,,
1001323,-1,,,,-1,-1,-1,1,[4000],[10800],[10800],[1],,[3],[4],[5],[201],,2,999,999,999,2,-1,,,,,
1001324,-1,,,,-1,-1,-1,1,[4000],[10800],[10800],[50],,[3],[4],[5],[2],,2,999,999,999,999,-1,,,,,
1001325,-1,,,,-1,-1,-1,1,[4000],[10800],[10800],[1],,[3],[4],[5],[201],,2,999,999,999,2,-1,,,,,
1001326,-1,,,,-1,-1,-1,1,[4000],[10800],[10800],[50],,[3],[4],[5],[2],,2,999,999,999,999,-1,,,,,
1001327,-1,,,,-1,-1,-1,1,[4000],[10800],[10800],[1],,[3],[4],[5],[201],,2,999,999,999,2,-1,,,,,
1001328,-1,,,,-1,-1,-1,1,[4000],[10800],[10800],[50],,[3],[4],[5],[2],,2,999,999,999,999,-1,,,,,
1001329,-1,,,,-1,-1,-1,1,[4100],[11200],[11200],[1],,[3],[4],[5],[201],,2,999,999,999,2,-1,,,,,
1001330,-1,,,,-1,-1,-1,1,[4100],[11200],[11200],[50],,[3],[4],[5],[2],,2,999,999,999,999,-1,,,,,
1001331,-1,,,,-1,-1,-1,1,[4100],[11200],[11200],[1],,[3],[4],[5],[201],,2,999,999,999,2,-1,,,,,
1001332,-1,,,,-1,-1,-1,1,[4100],[11200],[11200],[50],,[3],[4],[5],[2],,2,999,999,999,999,-1,,,,,
1001333,-1,,,,-1,-1,-1,1,[4100],[11200],[11200],[1],,[3],[4],[5],[201],,2,999,999,999,2,-1,,,,,
1001334,-1,,,,-1,-1,-1,1,[4100],[11200],[11200],[50],,[3],[4],[5],[2],,2,999,999,999,999,-1,,,,,
1001335,-1,,,,-1,-1,-1,1,[4100],[11200],[11200],[1],,[3],[4],[5],[201],,2,999,999,999,2,-1,,,,,
1001336,-1,,,,-1,-1,-1,1,[4200],[11600],[11600],[50],,[3],[4],[5],[2],,2,999,999,999,999,-1,,,,,
1001337,-1,,,,-1,-1,-1,1,[4200],[11600],[11600],[1],,[3],[4],[5],[201],,2,999,999,999,2,-1,,,,,
1001338,-1,,,,-1,-1,-1,1,[4200],[11600],[11600],[50],,[3],[4],[5],[2],,2,999,999,999,999,-1,,,,,
1001339,-1,,,,-1,-1,-1,1,[4200],[11600],[11600],[1],,[3],[4],[5],[201],,2,999,999,999,2,-1,,,,,
1001340,-1,,,,-1,-1,-1,1,[4200],[11600],[11600],[50],,[3],[4],[5],[2],,2,999,999,999,999,-1,,,,,
1001341,-1,,,,-1,-1,-1,1,[4200],[11600],[11600],[1],,[3],[4],[5],[201],,2,999,999,999,2,-1,,,,,
1001342,-1,,,,-1,-1,-1,1,[4200],[11600],[11600],[50],,[3],[4],[5],[2],,2,999,999,999,999,-1,,,,,
1001343,-1,,,,-1,-1,-1,1,[4300],[12000],[12000],[1],,[3],[4],[5],[201],,2,999,999,999,2,-1,,,,,
1001344,-1,,,,-1,-1,-1,1,[4300],[12000],[12000],[50],,[3],[4],[5],[2],,2,999,999,999,999,-1,,,,,
1001345,-1,,,,-1,-1,-1,1,[4300],[12000],[12000],[1],,[3],[4],[5],[201],,2,999,999,999,2,-1,,,,,
1020001,-1,,,,-1,-1,-1,1,[4],,,,,[8],,,,,2,999,-1,-1,-1,-1,,,,,
1020002,-1,,,,-1,-1,-1,1,[7],,,,,[8],,,,,2,999,-1,-1,-1,-1,,,,,
1020003,-1,,,,-1,-1,-1,1,[10],,,,,[8],,,,,2,999,-1,-1,-1,-1,,,,,
1020004,-1,,,,-1,-1,-1,1,[14],,,,,[8],,,,,2,999,-1,-1,-1,-1,,,,,
1020005,-1,,,,-1,-1,-1,1,[17],,,,,[8],,,,,2,999,-1,-1,-1,-1,,,,,
1020006,-1,,,,-1,-1,-1,1,[20],,,,,[8],,,,,2,999,-1,-1,-1,-1,,,,,
1020007,-1,,,,-1,-1,-1,1,[24],,,,,[8],,,,,2,999,-1,-1,-1,-1,,,,,
1020008,-1,,,,-1,-1,-1,1,[27],,,,,[8],,,,,2,999,-1,-1,-1,-1,,,,,
1020009,-1,,,,-1,-1,-1,1,[30],,,,,[8],,,,,2,999,-1,-1,-1,-1,,,,,
1020010,-1,,,,-1,-1,-1,1,[34],,,,,[8],,,,,2,999,-1,-1,-1,-1,,,,,
1020011,-1,,,,-1,-1,-1,1,[37],,,,,[8],,,,,2,999,-1,-1,-1,-1,,,,,
1020012,-1,,,,-1,-1,-1,1,[40],,,,,[8],,,,,2,999,-1,-1,-1,-1,,,,,
1020013,-1,,,,-1,-1,-1,1,[44],,,,,[8],,,,,2,999,-1,-1,-1,-1,,,,,
1020014,-1,,,,-1,-1,-1,1,[47],,,,,[8],,,,,2,999,-1,-1,-1,-1,,,,,
1020015,-1,,,,-1,-1,-1,1,[50],,,,,[8],,,,,2,999,-1,-1,-1,-1,,,,,
1020016,-1,,,,-1,-1,-1,1,[54],,,,,[8],,,,,2,999,-1,-1,-1,-1,,,,,
1020017,-1,,,,-1,-1,-1,1,[57],,,,,[8],,,,,2,999,-1,-1,-1,-1,,,,,
1020018,-1,,,,-1,-1,-1,1,[60],,,,,[8],,,,,2,999,-1,-1,-1,-1,,,,,
1020019,-1,,,,-1,-1,-1,1,[64],,,,,[8],,,,,2,999,-1,-1,-1,-1,,,,,
1020020,-1,,,,-1,-1,-1,1,[67],,,,,[8],,,,,2,999,-1,-1,-1,-1,,,,,
1020021,-1,,,,-1,-1,-1,1,[70],,,,,[8],,,,,2,999,-1,-1,-1,-1,,,,,
1020022,-1,,,,-1,-1,-1,1,[74],,,,,[8],,,,,2,999,-1,-1,-1,-1,,,,,
1020023,-1,,,,-1,-1,-1,1,[77],,,,,[8],,,,,2,999,-1,-1,-1,-1,,,,,
1020024,-1,,,,-1,-1,-1,1,[80],,,,,[8],,,,,2,999,-1,-1,-1,-1,,,,,
1020025,-1,,,,-1,-1,-1,1,[84],,,,,[8],,,,,2,999,-1,-1,-1,-1,,,,,
1020026,-1,,,,-1,-1,-1,1,[87],,,,,[8],,,,,2,999,-1,-1,-1,-1,,,,,
1020027,-1,,,,-1,-1,-1,1,[90],,,,,[8],,,,,2,999,-1,-1,-1,-1,,,,,
1020028,-1,,,,-1,-1,-1,1,[94],,,,,[8],,,,,2,999,-1,-1,-1,-1,,,,,
1020029,-1,,,,-1,-1,-1,1,[97],,,,,[8],,,,,2,999,-1,-1,-1,-1,,,,,
1020030,-1,,,,-1,-1,-1,1,[100],,,,,[8],,,,,2,999,-1,-1,-1,-1,,,,,
1020031,-1,,,,-1,-1,-1,1,[104],,,,,[8],,,,,2,999,-1,-1,-1,-1,,,,,
1020032,-1,,,,-1,-1,-1,1,[107],,,,,[8],,,,,2,999,-1,-1,-1,-1,,,,,
1020033,-1,,,,-1,-1,-1,1,[110],,,,,[8],,,,,2,999,-1,-1,-1,-1,,,,,
1020034,-1,,,,-1,-1,-1,1,[114],,,,,[8],,,,,2,999,-1,-1,-1,-1,,,,,
1020035,-1,,,,-1,-1,-1,1,[117],,,,,[8],,,,,2,999,-1,-1,-1,-1,,,,,
1020036,-1,,,,-1,-1,-1,1,[120],,,,,[8],,,,,2,999,-1,-1,-1,-1,,,,,
1020037,-1,,,,-1,-1,-1,1,[124],,,,,[8],,,,,2,999,-1,-1,-1,-1,,,,,
1020038,-1,,,,-1,-1,-1,1,[127],,,,,[8],,,,,2,999,-1,-1,-1,-1,,,,,
1020039,-1,,,,-1,-1,-1,1,[130],,,,,[8],,,,,2,999,-1,-1,-1,-1,,,,,
1020040,-1,,,,-1,-1,-1,1,[134],,,,,[8],,,,,2,999,-1,-1,-1,-1,,,,,
1020041,-1,,,,-1,-1,-1,1,[137],,,,,[8],,,,,2,999,-1,-1,-1,-1,,,,,
1020042,-1,,,,-1,-1,-1,1,[140],,,,,[8],,,,,2,999,-1,-1,-1,-1,,,,,
1020043,-1,,,,-1,-1,-1,1,[144],,,,,[8],,,,,2,999,-1,-1,-1,-1,,,,,
1020044,-1,,,,-1,-1,-1,1,[147],,,,,[8],,,,,2,999,-1,-1,-1,-1,,,,,
1020045,-1,,,,-1,-1,-1,1,[150],,,,,[8],,,,,2,999,-1,-1,-1,-1,,,,,
1020046,-1,,,,-1,-1,-1,1,[154],,,,,[8],,,,,2,999,-1,-1,-1,-1,,,,,
1020047,-1,,,,-1,-1,-1,1,[157],,,,,[8],,,,,2,999,-1,-1,-1,-1,,,,,
1020048,-1,,,,-1,-1,-1,1,[160],,,,,[8],,,,,2,999,-1,-1,-1,-1,,,,,
1020049,-1,,,,-1,-1,-1,1,[164],,,,,[8],,,,,2,999,-1,-1,-1,-1,,,,,
1020050,-1,,,,-1,-1,-1,1,[167],,,,,[8],,,,,2,999,-1,-1,-1,-1,,,,,
1020051,-1,,,,-1,-1,-1,1,[170],,,,,[8],,,,,2,999,-1,-1,-1,-1,,,,,
1020052,-1,,,,-1,-1,-1,1,[174],,,,,[8],,,,,2,999,-1,-1,-1,-1,,,,,
1020053,-1,,,,-1,-1,-1,1,[177],,,,,[8],,,,,2,999,-1,-1,-1,-1,,,,,
1020054,-1,,,,-1,-1,-1,1,[180],,,,,[8],,,,,2,999,-1,-1,-1,-1,,,,,
1020055,-1,,,,-1,-1,-1,1,[184],,,,,[8],,,,,2,999,-1,-1,-1,-1,,,,,
1020056,-1,,,,-1,-1,-1,1,[187],,,,,[8],,,,,2,999,-1,-1,-1,-1,,,,,
1020057,-1,,,,-1,-1,-1,1,[190],,,,,[8],,,,,2,999,-1,-1,-1,-1,,,,,
1020058,-1,,,,-1,-1,-1,1,[194],,,,,[8],,,,,2,999,-1,-1,-1,-1,,,,,
1020059,-1,,,,-1,-1,-1,1,[197],,,,,[8],,,,,2,999,-1,-1,-1,-1,,,,,
1020060,-1,,,,-1,-1,-1,1,[200],,,,,[8],,,,,2,999,-1,-1,-1,-1,,,,,
1020061,-1,,,,-1,-1,-1,1,[204],,,,,[8],,,,,2,999,-1,-1,-1,-1,,,,,
1020062,-1,,,,-1,-1,-1,1,[207],,,,,[8],,,,,2,999,-1,-1,-1,-1,,,,,
1020063,-1,,,,-1,-1,-1,1,[210],,,,,[8],,,,,2,999,-1,-1,-1,-1,,,,,
1020064,-1,,,,-1,-1,-1,1,[214],,,,,[8],,,,,2,999,-1,-1,-1,-1,,,,,
1020065,-1,,,,-1,-1,-1,1,[217],,,,,[8],,,,,2,999,-1,-1,-1,-1,,,,,
1020066,-1,,,,-1,-1,-1,1,[220],,,,,[8],,,,,2,999,-1,-1,-1,-1,,,,,
1020067,-1,,,,-1,-1,-1,1,[224],,,,,[8],,,,,2,999,-1,-1,-1,-1,,,,,
1020068,-1,,,,-1,-1,-1,1,[227],,,,,[8],,,,,2,999,-1,-1,-1,-1,,,,,
1020069,-1,,,,-1,-1,-1,1,[230],,,,,[8],,,,,2,999,-1,-1,-1,-1,,,,,
1020070,-1,,,,-1,-1,-1,1,[234],,,,,[8],,,,,2,999,-1,-1,-1,-1,,,,,
1020071,-1,,,,-1,-1,-1,1,[237],,,,,[8],,,,,2,999,-1,-1,-1,-1,,,,,
1020072,-1,,,,-1,-1,-1,1,[240],,,,,[8],,,,,2,999,-1,-1,-1,-1,,,,,
1020073,-1,,,,-1,-1,-1,1,[244],,,,,[8],,,,,2,999,-1,-1,-1,-1,,,,,
1020074,-1,,,,-1,-1,-1,1,[247],,,,,[8],,,,,2,999,-1,-1,-1,-1,,,,,
1020075,-1,,,,-1,-1,-1,1,[250],,,,,[8],,,,,2,999,-1,-1,-1,-1,,,,,
1020076,-1,,,,-1,-1,-1,1,[254],,,,,[8],,,,,2,999,-1,-1,-1,-1,,,,,
1020077,-1,,,,-1,-1,-1,1,[257],,,,,[8],,,,,2,999,-1,-1,-1,-1,,,,,
1020078,-1,,,,-1,-1,-1,1,[260],,,,,[8],,,,,2,999,-1,-1,-1,-1,,,,,
1020079,-1,,,,-1,-1,-1,1,[264],,,,,[8],,,,,2,999,-1,-1,-1,-1,,,,,
1020080,-1,,,,-1,-1,-1,1,[267],,,,,[8],,,,,2,999,-1,-1,-1,-1,,,,,
1020081,-1,,,,-1,-1,-1,1,[270],,,,,[8],,,,,2,999,-1,-1,-1,-1,,,,,
1020082,-1,,,,-1,-1,-1,1,[274],,,,,[8],,,,,2,999,-1,-1,-1,-1,,,,,
1020083,-1,,,,-1,-1,-1,1,[277],,,,,[8],,,,,2,999,-1,-1,-1,-1,,,,,
1020084,-1,,,,-1,-1,-1,1,[280],,,,,[8],,,,,2,999,-1,-1,-1,-1,,,,,
1020085,-1,,,,-1,-1,-1,1,[284],,,,,[8],,,,,2,999,-1,-1,-1,-1,,,,,
1020086,-1,,,,-1,-1,-1,1,[287],,,,,[8],,,,,2,999,-1,-1,-1,-1,,,,,
1020087,-1,,,,-1,-1,-1,1,[290],,,,,[8],,,,,2,999,-1,-1,-1,-1,,,,,
1020088,-1,,,,-1,-1,-1,1,[294],,,,,[8],,,,,2,999,-1,-1,-1,-1,,,,,
1020089,-1,,,,-1,-1,-1,1,[297],,,,,[8],,,,,2,999,-1,-1,-1,-1,,,,,
1020090,-1,,,,-1,-1,-1,1,[300],,,,,[8],,,,,2,999,-1,-1,-1,-1,,,,,
1020091,-1,,,,-1,-1,-1,1,[304],,,,,[8],,,,,2,999,-1,-1,-1,-1,,,,,
1020092,-1,,,,-1,-1,-1,1,[307],,,,,[8],,,,,2,999,-1,-1,-1,-1,,,,,
1020093,-1,,,,-1,-1,-1,1,[310],,,,,[8],,,,,2,999,-1,-1,-1,-1,,,,,
1020094,-1,,,,-1,-1,-1,1,[314],,,,,[8],,,,,2,999,-1,-1,-1,-1,,,,,
1020095,-1,,,,-1,-1,-1,1,[317],,,,,[8],,,,,2,999,-1,-1,-1,-1,,,,,
1020096,-1,,,,-1,-1,-1,1,[320],,,,,[8],,,,,2,999,-1,-1,-1,-1,,,,,
1020097,-1,,,,-1,-1,-1,1,[324],,,,,[8],,,,,2,999,-1,-1,-1,-1,,,,,
1020098,-1,,,,-1,-1,-1,1,[327],,,,,[8],,,,,2,999,-1,-1,-1,-1,,,,,
1020099,-1,,,,-1,-1,-1,1,[330],,,,,[8],,,,,2,999,-1,-1,-1,-1,,,,,
1020100,-1,,,,-1,-1,-1,1,[334],,,,,[8],,,,,2,999,-1,-1,-1,-1,,,,,
1020101,-1,,,,-1,-1,-1,1,[337],,,,,[8],,,,,2,999,-1,-1,-1,-1,,,,,
1020102,-1,,,,-1,-1,-1,1,[340],,,,,[8],,,,,2,999,-1,-1,-1,-1,,,,,
1020103,-1,,,,-1,-1,-1,1,[344],,,,,[8],,,,,2,999,-1,-1,-1,-1,,,,,
1020104,-1,,,,-1,-1,-1,1,[347],,,,,[8],,,,,2,999,-1,-1,-1,-1,,,,,
1020105,-1,,,,-1,-1,-1,1,[350],,,,,[8],,,,,2,999,-1,-1,-1,-1,,,,,
1020106,-1,,,,-1,-1,-1,1,[354],,,,,[8],,,,,2,999,-1,-1,-1,-1,,,,,
1020107,-1,,,,-1,-1,-1,1,[357],,,,,[8],,,,,2,999,-1,-1,-1,-1,,,,,
1020108,-1,,,,-1,-1,-1,1,[360],,,,,[8],,,,,2,999,-1,-1,-1,-1,,,,,
1020109,-1,,,,-1,-1,-1,1,[364],,,,,[8],,,,,2,999,-1,-1,-1,-1,,,,,
1020110,-1,,,,-1,-1,-1,1,[367],,,,,[8],,,,,2,999,-1,-1,-1,-1,,,,,
1020111,-1,,,,-1,-1,-1,1,[370],,,,,[8],,,,,2,999,-1,-1,-1,-1,,,,,
1020112,-1,,,,-1,-1,-1,1,[374],,,,,[8],,,,,2,999,-1,-1,-1,-1,,,,,
1020113,-1,,,,-1,-1,-1,1,[377],,,,,[8],,,,,2,999,-1,-1,-1,-1,,,,,
1020114,-1,,,,-1,-1,-1,1,[380],,,,,[8],,,,,2,999,-1,-1,-1,-1,,,,,
1020115,-1,,,,-1,-1,-1,1,[384],,,,,[8],,,,,2,999,-1,-1,-1,-1,,,,,
1020116,-1,,,,-1,-1,-1,1,[387],,,,,[8],,,,,2,999,-1,-1,-1,-1,,,,,
1020117,-1,,,,-1,-1,-1,1,[390],,,,,[8],,,,,2,999,-1,-1,-1,-1,,,,,
1020118,-1,,,,-1,-1,-1,1,[394],,,,,[8],,,,,2,999,-1,-1,-1,-1,,,,,
1020119,-1,,,,-1,-1,-1,1,[397],,,,,[8],,,,,2,999,-1,-1,-1,-1,,,,,
1020120,-1,,,,-1,-1,-1,1,[400],,,,,[8],,,,,2,999,-1,-1,-1,-1,,,,,
1020121,-1,,,,-1,-1,-1,1,[404],,,,,[8],,,,,2,999,-1,-1,-1,-1,,,,,
1020122,-1,,,,-1,-1,-1,1,[407],,,,,[8],,,,,2,999,-1,-1,-1,-1,,,,,
1020123,-1,,,,-1,-1,-1,1,[410],,,,,[8],,,,,2,999,-1,-1,-1,-1,,,,,
1020124,-1,,,,-1,-1,-1,1,[414],,,,,[8],,,,,2,999,-1,-1,-1,-1,,,,,
1020125,-1,,,,-1,-1,-1,1,[417],,,,,[8],,,,,2,999,-1,-1,-1,-1,,,,,
1020126,-1,,,,-1,-1,-1,1,[420],,,,,[8],,,,,2,999,-1,-1,-1,-1,,,,,
1020127,-1,,,,-1,-1,-1,1,[424],,,,,[8],,,,,2,999,-1,-1,-1,-1,,,,,
1020128,-1,,,,-1,-1,-1,1,[427],,,,,[8],,,,,2,999,-1,-1,-1,-1,,,,,
1020129,-1,,,,-1,-1,-1,1,[430],,,,,[8],,,,,2,999,-1,-1,-1,-1,,,,,
1020130,-1,,,,-1,-1,-1,1,[434],,,,,[8],,,,,2,999,-1,-1,-1,-1,,,,,
1020131,-1,,,,-1,-1,-1,1,[437],,,,,[8],,,,,2,999,-1,-1,-1,-1,,,,,
1020132,-1,,,,-1,-1,-1,1,[440],,,,,[8],,,,,2,999,-1,-1,-1,-1,,,,,
1020133,-1,,,,-1,-1,-1,1,[444],,,,,[8],,,,,2,999,-1,-1,-1,-1,,,,,
1020134,-1,,,,-1,-1,-1,1,[447],,,,,[8],,,,,2,999,-1,-1,-1,-1,,,,,
1020135,-1,,,,-1,-1,-1,1,[450],,,,,[8],,,,,2,999,-1,-1,-1,-1,,,,,
1020136,-1,,,,-1,-1,-1,1,[454],,,,,[8],,,,,2,999,-1,-1,-1,-1,,,,,
1020137,-1,,,,-1,-1,-1,1,[457],,,,,[8],,,,,2,999,-1,-1,-1,-1,,,,,
1020138,-1,,,,-1,-1,-1,1,[460],,,,,[8],,,,,2,999,-1,-1,-1,-1,,,,,
1020139,-1,,,,-1,-1,-1,1,[464],,,,,[8],,,,,2,999,-1,-1,-1,-1,,,,,
1020140,-1,,,,-1,-1,-1,1,[467],,,,,[8],,,,,2,999,-1,-1,-1,-1,,,,,
1020141,-1,,,,-1,-1,-1,1,[470],,,,,[8],,,,,2,999,-1,-1,-1,-1,,,,,
1020142,-1,,,,-1,-1,-1,1,[474],,,,,[8],,,,,2,999,-1,-1,-1,-1,,,,,
1020143,-1,,,,-1,-1,-1,1,[477],,,,,[8],,,,,2,999,-1,-1,-1,-1,,,,,
1020144,-1,,,,-1,-1,-1,1,[480],,,,,[8],,,,,2,999,-1,-1,-1,-1,,,,,
1020145,-1,,,,-1,-1,-1,1,[484],,,,,[8],,,,,2,999,-1,-1,-1,-1,,,,,
1020146,-1,,,,-1,-1,-1,1,[487],,,,,[8],,,,,2,999,-1,-1,-1,-1,,,,,
1020147,-1,,,,-1,-1,-1,1,[490],,,,,[8],,,,,2,999,-1,-1,-1,-1,,,,,
1020148,-1,,,,-1,-1,-1,1,[494],,,,,[8],,,,,2,999,-1,-1,-1,-1,,,,,
1020149,-1,,,,-1,-1,-1,1,[497],,,,,[8],,,,,2,999,-1,-1,-1,-1,,,,,
1020150,-1,,,,-1,-1,-1,1,[500],,,,,[8],,,,,2,999,-1,-1,-1,-1,,,,,
1020151,-1,,,,-1,-1,-1,1,[504],,,,,[8],,,,,2,999,-1,-1,-1,-1,,,,,
1020152,-1,,,,-1,-1,-1,1,[507],,,,,[8],,,,,2,999,-1,-1,-1,-1,,,,,
1020153,-1,,,,-1,-1,-1,1,[510],,,,,[8],,,,,2,999,-1,-1,-1,-1,,,,,
1020154,-1,,,,-1,-1,-1,1,[514],,,,,[8],,,,,2,999,-1,-1,-1,-1,,,,,
1020155,-1,,,,-1,-1,-1,1,[517],,,,,[8],,,,,2,999,-1,-1,-1,-1,,,,,
1020156,-1,,,,-1,-1,-1,1,[520],,,,,[8],,,,,2,999,-1,-1,-1,-1,,,,,
1020157,-1,,,,-1,-1,-1,1,[524],,,,,[8],,,,,2,999,-1,-1,-1,-1,,,,,
1020158,-1,,,,-1,-1,-1,1,[527],,,,,[8],,,,,2,999,-1,-1,-1,-1,,,,,
1020159,-1,,,,-1,-1,-1,1,[530],,,,,[8],,,,,2,999,-1,-1,-1,-1,,,,,
1020160,-1,,,,-1,-1,-1,1,[534],,,,,[8],,,,,2,999,-1,-1,-1,-1,,,,,
1020161,-1,,,,-1,-1,-1,1,[537],,,,,[8],,,,,2,999,-1,-1,-1,-1,,,,,
1020162,-1,,,,-1,-1,-1,1,[540],,,,,[8],,,,,2,999,-1,-1,-1,-1,,,,,
1020163,-1,,,,-1,-1,-1,1,[544],,,,,[8],,,,,2,999,-1,-1,-1,-1,,,,,
1020164,-1,,,,-1,-1,-1,1,[547],,,,,[8],,,,,2,999,-1,-1,-1,-1,,,,,
1020165,-1,,,,-1,-1,-1,1,[550],,,,,[8],,,,,2,999,-1,-1,-1,-1,,,,,
1020166,-1,,,,-1,-1,-1,1,[554],,,,,[8],,,,,2,999,-1,-1,-1,-1,,,,,
1020167,-1,,,,-1,-1,-1,1,[557],,,,,[8],,,,,2,999,-1,-1,-1,-1,,,,,
1020168,-1,,,,-1,-1,-1,1,[560],,,,,[8],,,,,2,999,-1,-1,-1,-1,,,,,
1020169,-1,,,,-1,-1,-1,1,[564],,,,,[8],,,,,2,999,-1,-1,-1,-1,,,,,
1020170,-1,,,,-1,-1,-1,1,[568],,,,,[8],,,,,2,999,-1,-1,-1,-1,,,,,
1020171,-1,,,,-1,-1,-1,1,[570],,,,,[8],,,,,2,999,-1,-1,-1,-1,,,,,
1020172,-1,,,,-1,-1,-1,1,[574],,,,,[8],,,,,2,999,-1,-1,-1,-1,,,,,
1020173,-1,,,,-1,-1,-1,1,[578],,,,,[8],,,,,2,999,-1,-1,-1,-1,,,,,
1020174,-1,,,,-1,-1,-1,1,[580],,,,,[8],,,,,2,999,-1,-1,-1,-1,,,,,
1020175,-1,,,,-1,-1,-1,1,[584],,,,,[8],,,,,2,999,-1,-1,-1,-1,,,,,
1020176,-1,,,,-1,-1,-1,1,[588],,,,,[8],,,,,2,999,-1,-1,-1,-1,,,,,
1020177,-1,,,,-1,-1,-1,1,[590],,,,,[8],,,,,2,999,-1,-1,-1,-1,,,,,
1020178,-1,,,,-1,-1,-1,1,[594],,,,,[8],,,,,2,999,-1,-1,-1,-1,,,,,
1020179,-1,,,,-1,-1,-1,1,[598],,,,,[8],,,,,2,999,-1,-1,-1,-1,,,,,
1020180,-1,,,,-1,-1,-1,1,[600],,,,,[8],,,,,2,999,-1,-1,-1,-1,,,,,
1020181,-1,,,,-1,-1,-1,1,[604],,,,,[8],,,,,2,999,-1,-1,-1,-1,,,,,
1020182,-1,,,,-1,-1,-1,1,[608],,,,,[8],,,,,2,999,-1,-1,-1,-1,,,,,
1020183,-1,,,,-1,-1,-1,1,[610],,,,,[8],,,,,2,999,-1,-1,-1,-1,,,,,
1020184,-1,,,,-1,-1,-1,1,[614],,,,,[8],,,,,2,999,-1,-1,-1,-1,,,,,
1020185,-1,,,,-1,-1,-1,1,[618],,,,,[8],,,,,2,999,-1,-1,-1,-1,,,,,
1020186,-1,,,,-1,-1,-1,1,[620],,,,,[8],,,,,2,999,-1,-1,-1,-1,,,,,
1020187,-1,,,,-1,-1,-1,1,[624],,,,,[8],,,,,2,999,-1,-1,-1,-1,,,,,
1020188,-1,,,,-1,-1,-1,1,[628],,,,,[8],,,,,2,999,-1,-1,-1,-1,,,,,
1020189,-1,,,,-1,-1,-1,1,[630],,,,,[8],,,,,2,999,-1,-1,-1,-1,,,,,
1020190,-1,,,,-1,-1,-1,1,[634],,,,,[8],,,,,2,999,-1,-1,-1,-1,,,,,
1020191,-1,,,,-1,-1,-1,1,[638],,,,,[8],,,,,2,999,-1,-1,-1,-1,,,,,
1020192,-1,,,,-1,-1,-1,1,[640],,,,,[8],,,,,2,999,-1,-1,-1,-1,,,,,
1020193,-1,,,,-1,-1,-1,1,[644],,,,,[8],,,,,2,999,-1,-1,-1,-1,,,,,
1020194,-1,,,,-1,-1,-1,1,[648],,,,,[8],,,,,2,999,-1,-1,-1,-1,,,,,
1020195,-1,,,,-1,-1,-1,1,[650],,,,,[8],,,,,2,999,-1,-1,-1,-1,,,,,
1020196,-1,,,,-1,-1,-1,1,[654],,,,,[8],,,,,2,999,-1,-1,-1,-1,,,,,
1020197,-1,,,,-1,-1,-1,1,[658],,,,,[8],,,,,2,999,-1,-1,-1,-1,,,,,
1020198,-1,,,,-1,-1,-1,1,[660],,,,,[8],,,,,2,999,-1,-1,-1,-1,,,,,
1020199,-1,,,,-1,-1,-1,1,[664],,,,,[8],,,,,2,999,-1,-1,-1,-1,,,,,
1020200,-1,,,,-1,-1,-1,1,[668],,,,,[8],,,,,2,999,-1,-1,-1,-1,,,,,
1020201,-1,,,,-1,-1,-1,1,[670],,,,,[8],,,,,2,999,-1,-1,-1,-1,,,,,
1020202,-1,,,,-1,-1,-1,1,[674],,,,,[8],,,,,2,999,-1,-1,-1,-1,,,,,
1020203,-1,,,,-1,-1,-1,1,[678],,,,,[8],,,,,2,999,-1,-1,-1,-1,,,,,
1020204,-1,,,,-1,-1,-1,1,[680],,,,,[8],,,,,2,999,-1,-1,-1,-1,,,,,
1020205,-1,,,,-1,-1,-1,1,[684],,,,,[8],,,,,2,999,-1,-1,-1,-1,,,,,
1020206,-1,,,,-1,-1,-1,1,[688],,,,,[8],,,,,2,999,-1,-1,-1,-1,,,,,
1020207,-1,,,,-1,-1,-1,1,[690],,,,,[8],,,,,2,999,-1,-1,-1,-1,,,,,
1020208,-1,,,,-1,-1,-1,1,[694],,,,,[8],,,,,2,999,-1,-1,-1,-1,,,,,
1020209,-1,,,,-1,-1,-1,1,[698],,,,,[8],,,,,2,999,-1,-1,-1,-1,,,,,
1020210,-1,,,,-1,-1,-1,1,[700],,,,,[8],,,,,2,999,-1,-1,-1,-1,,,,,
1020211,-1,,,,-1,-1,-1,1,[704],,,,,[8],,,,,2,999,-1,-1,-1,-1,,,,,
1020212,-1,,,,-1,-1,-1,1,[708],,,,,[8],,,,,2,999,-1,-1,-1,-1,,,,,
1020213,-1,,,,-1,-1,-1,1,[710],,,,,[8],,,,,2,999,-1,-1,-1,-1,,,,,
1020214,-1,,,,-1,-1,-1,1,[714],,,,,[8],,,,,2,999,-1,-1,-1,-1,,,,,
1020215,-1,,,,-1,-1,-1,1,[718],,,,,[8],,,,,2,999,-1,-1,-1,-1,,,,,
1020216,-1,,,,-1,-1,-1,1,[720],,,,,[8],,,,,2,999,-1,-1,-1,-1,,,,,
1020217,-1,,,,-1,-1,-1,1,[722],,,,,[8],,,,,2,999,-1,-1,-1,-1,,,,,
1020218,-1,,,,-1,-1,-1,1,[724],,,,,[8],,,,,2,999,-1,-1,-1,-1,,,,,
1020219,-1,,,,-1,-1,-1,1,[726],,,,,[8],,,,,2,999,-1,-1,-1,-1,,,,,
1020220,-1,,,,-1,-1,-1,1,[728],,,,,[8],,,,,2,999,-1,-1,-1,-1,,,,,
1020221,-1,,,,-1,-1,-1,1,[730],,,,,[8],,,,,2,999,-1,-1,-1,-1,,,,,
1020222,-1,,,,-1,-1,-1,1,[732],,,,,[8],,,,,2,999,-1,-1,-1,-1,,,,,
1020223,-1,,,,-1,-1,-1,1,[734],,,,,[8],,,,,2,999,-1,-1,-1,-1,,,,,
1020224,-1,,,,-1,-1,-1,1,[736],,,,,[8],,,,,2,999,-1,-1,-1,-1,,,,,
1020225,-1,,,,-1,-1,-1,1,[738],,,,,[8],,,,,2,999,-1,-1,-1,-1,,,,,
1020226,-1,,,,-1,-1,-1,1,[740],,,,,[8],,,,,2,999,-1,-1,-1,-1,,,,,
1020227,-1,,,,-1,-1,-1,1,[742],,,,,[8],,,,,2,999,-1,-1,-1,-1,,,,,
1020228,-1,,,,-1,-1,-1,1,[744],,,,,[8],,,,,2,999,-1,-1,-1,-1,,,,,
1020229,-1,,,,-1,-1,-1,1,[746],,,,,[8],,,,,2,999,-1,-1,-1,-1,,,,,
1020230,-1,,,,-1,-1,-1,1,[748],,,,,[8],,,,,2,999,-1,-1,-1,-1,,,,,
1020231,-1,,,,-1,-1,-1,1,[750],,,,,[8],,,,,2,999,-1,-1,-1,-1,,,,,
1020232,-1,,,,-1,-1,-1,1,[752],,,,,[8],,,,,2,999,-1,-1,-1,-1,,,,,
1020233,-1,,,,-1,-1,-1,1,[754],,,,,[8],,,,,2,999,-1,-1,-1,-1,,,,,
1020234,-1,,,,-1,-1,-1,1,[756],,,,,[8],,,,,2,999,-1,-1,-1,-1,,,,,
1020235,-1,,,,-1,-1,-1,1,[758],,,,,[8],,,,,2,999,-1,-1,-1,-1,,,,,
1020236,-1,,,,-1,-1,-1,1,[760],,,,,[8],,,,,2,999,-1,-1,-1,-1,,,,,
1020237,-1,,,,-1,-1,-1,1,[762],,,,,[8],,,,,2,999,-1,-1,-1,-1,,,,,
1020238,-1,,,,-1,-1,-1,1,[764],,,,,[8],,,,,2,999,-1,-1,-1,-1,,,,,
1020239,-1,,,,-1,-1,-1,1,[766],,,,,[8],,,,,2,999,-1,-1,-1,-1,,,,,
1020240,-1,,,,-1,-1,-1,1,[768],,,,,[8],,,,,2,999,-1,-1,-1,-1,,,,,
1020241,-1,,,,-1,-1,-1,1,[770],,,,,[8],,,,,2,999,-1,-1,-1,-1,,,,,
1020242,-1,,,,-1,-1,-1,1,[772],,,,,[8],,,,,2,999,-1,-1,-1,-1,,,,,
1020243,-1,,,,-1,-1,-1,1,[774],,,,,[8],,,,,2,999,-1,-1,-1,-1,,,,,
1020244,-1,,,,-1,-1,-1,1,[776],,,,,[8],,,,,2,999,-1,-1,-1,-1,,,,,
1020245,-1,,,,-1,-1,-1,1,[778],,,,,[8],,,,,2,999,-1,-1,-1,-1,,,,,
1020246,-1,,,,-1,-1,-1,1,[780],,,,,[8],,,,,2,999,-1,-1,-1,-1,,,,,
1020247,-1,,,,-1,-1,-1,1,[782],,,,,[8],,,,,2,999,-1,-1,-1,-1,,,,,
1020248,-1,,,,-1,-1,-1,1,[784],,,,,[8],,,,,2,999,-1,-1,-1,-1,,,,,
1020249,-1,,,,-1,-1,-1,1,[786],,,,,[8],,,,,2,999,-1,-1,-1,-1,,,,,
1020250,-1,,,,-1,-1,-1,1,[788],,,,,[8],,,,,2,999,-1,-1,-1,-1,,,,,
1020251,-1,,,,-1,-1,-1,1,[790],,,,,[8],,,,,2,999,-1,-1,-1,-1,,,,,
1020252,-1,,,,-1,-1,-1,1,[792],,,,,[8],,,,,2,999,-1,-1,-1,-1,,,,,
1020253,-1,,,,-1,-1,-1,1,[794],,,,,[8],,,,,2,999,-1,-1,-1,-1,,,,,
1020254,-1,,,,-1,-1,-1,1,[796],,,,,[8],,,,,2,999,-1,-1,-1,-1,,,,,
1020255,-1,,,,-1,-1,-1,1,[798],,,,,[8],,,,,2,999,-1,-1,-1,-1,,,,,
1020256,-1,,,,-1,-1,-1,1,[800],,,,,[8],,,,,2,999,-1,-1,-1,-1,,,,,
1020257,-1,,,,-1,-1,-1,1,[802],,,,,[8],,,,,2,999,-1,-1,-1,-1,,,,,
1020258,-1,,,,-1,-1,-1,1,[804],,,,,[8],,,,,2,999,-1,-1,-1,-1,,,,,
1020259,-1,,,,-1,-1,-1,1,[806],,,,,[8],,,,,2,999,-1,-1,-1,-1,,,,,
1020260,-1,,,,-1,-1,-1,1,[808],,,,,[8],,,,,2,999,-1,-1,-1,-1,,,,,
1020261,-1,,,,-1,-1,-1,1,[810],,,,,[8],,,,,2,999,-1,-1,-1,-1,,,,,
1020262,-1,,,,-1,-1,-1,1,[812],,,,,[8],,,,,2,999,-1,-1,-1,-1,,,,,
1020263,-1,,,,-1,-1,-1,1,[814],,,,,[8],,,,,2,999,-1,-1,-1,-1,,,,,
1020264,-1,,,,-1,-1,-1,1,[816],,,,,[8],,,,,2,999,-1,-1,-1,-1,,,,,
1020265,-1,,,,-1,-1,-1,1,[818],,,,,[8],,,,,2,999,-1,-1,-1,-1,,,,,
1020266,-1,,,,-1,-1,-1,1,[820],,,,,[8],,,,,2,999,-1,-1,-1,-1,,,,,
1020267,-1,,,,-1,-1,-1,1,[822],,,,,[8],,,,,2,999,-1,-1,-1,-1,,,,,
1020268,-1,,,,-1,-1,-1,1,[824],,,,,[8],,,,,2,999,-1,-1,-1,-1,,,,,
1020269,-1,,,,-1,-1,-1,1,[826],,,,,[8],,,,,2,999,-1,-1,-1,-1,,,,,
1020270,-1,,,,-1,-1,-1,1,[828],,,,,[8],,,,,2,999,-1,-1,-1,-1,,,,,
1020271,-1,,,,-1,-1,-1,1,[830],,,,,[8],,,,,2,999,-1,-1,-1,-1,,,,,
1020272,-1,,,,-1,-1,-1,1,[832],,,,,[8],,,,,2,999,-1,-1,-1,-1,,,,,
1020273,-1,,,,-1,-1,-1,1,[834],,,,,[8],,,,,2,999,-1,-1,-1,-1,,,,,
1020274,-1,,,,-1,-1,-1,1,[836],,,,,[8],,,,,2,999,-1,-1,-1,-1,,,,,
1020275,-1,,,,-1,-1,-1,1,[838],,,,,[8],,,,,2,999,-1,-1,-1,-1,,,,,
1020276,-1,,,,-1,-1,-1,1,[840],,,,,[8],,,,,2,999,-1,-1,-1,-1,,,,,
1020277,-1,,,,-1,-1,-1,1,[842],,,,,[8],,,,,2,999,-1,-1,-1,-1,,,,,
1020278,-1,,,,-1,-1,-1,1,[844],,,,,[8],,,,,2,999,-1,-1,-1,-1,,,,,
1020279,-1,,,,-1,-1,-1,1,[846],,,,,[8],,,,,2,999,-1,-1,-1,-1,,,,,
1020280,-1,,,,-1,-1,-1,1,[848],,,,,[8],,,,,2,999,-1,-1,-1,-1,,,,,
1020281,-1,,,,-1,-1,-1,1,[850],,,,,[8],,,,,2,999,-1,-1,-1,-1,,,,,
1020282,-1,,,,-1,-1,-1,1,[852],,,,,[8],,,,,2,999,-1,-1,-1,-1,,,,,
1020283,-1,,,,-1,-1,-1,1,[854],,,,,[8],,,,,2,999,-1,-1,-1,-1,,,,,
1020284,-1,,,,-1,-1,-1,1,[856],,,,,[8],,,,,2,999,-1,-1,-1,-1,,,,,
1020285,-1,,,,-1,-1,-1,1,[858],,,,,[8],,,,,2,999,-1,-1,-1,-1,,,,,
1020286,-1,,,,-1,-1,-1,1,[860],,,,,[8],,,,,2,999,-1,-1,-1,-1,,,,,
1020287,-1,,,,-1,-1,-1,1,[862],,,,,[8],,,,,2,999,-1,-1,-1,-1,,,,,
1020288,-1,,,,-1,-1,-1,1,[864],,,,,[8],,,,,2,999,-1,-1,-1,-1,,,,,
1020289,-1,,,,-1,-1,-1,1,[866],,,,,[8],,,,,2,999,-1,-1,-1,-1,,,,,
1020290,-1,,,,-1,-1,-1,1,[868],,,,,[8],,,,,2,999,-1,-1,-1,-1,,,,,
1020291,-1,,,,-1,-1,-1,1,[870],,,,,[8],,,,,2,999,-1,-1,-1,-1,,,,,
1020292,-1,,,,-1,-1,-1,1,[872],,,,,[8],,,,,2,999,-1,-1,-1,-1,,,,,
1020293,-1,,,,-1,-1,-1,1,[874],,,,,[8],,,,,2,999,-1,-1,-1,-1,,,,,
1020294,-1,,,,-1,-1,-1,1,[876],,,,,[8],,,,,2,999,-1,-1,-1,-1,,,,,
1020295,-1,,,,-1,-1,-1,1,[878],,,,,[8],,,,,2,999,-1,-1,-1,-1,,,,,
1020296,-1,,,,-1,-1,-1,1,[880],,,,,[8],,,,,2,999,-1,-1,-1,-1,,,,,
1020297,-1,,,,-1,-1,-1,1,[882],,,,,[8],,,,,2,999,-1,-1,-1,-1,,,,,
1020298,-1,,,,-1,-1,-1,1,[884],,,,,[8],,,,,2,999,-1,-1,-1,-1,,,,,
1020299,-1,,,,-1,-1,-1,1,[886],,,,,[8],,,,,2,999,-1,-1,-1,-1,,,,,
1020300,-1,,,,-1,-1,-1,1,[888],,,,,[8],,,,,2,999,-1,-1,-1,-1,,,,,
1020301,-1,,,,-1,-1,-1,1,[890],,,,,[8],,,,,2,999,-1,-1,-1,-1,,,,,
1020302,-1,,,,-1,-1,-1,1,[892],,,,,[8],,,,,2,999,-1,-1,-1,-1,,,,,
1020303,-1,,,,-1,-1,-1,1,[894],,,,,[8],,,,,2,999,-1,-1,-1,-1,,,,,
1020304,-1,,,,-1,-1,-1,1,[896],,,,,[8],,,,,2,999,-1,-1,-1,-1,,,,,
1020305,-1,,,,-1,-1,-1,1,[898],,,,,[8],,,,,2,999,-1,-1,-1,-1,,,,,
1020306,-1,,,,-1,-1,-1,1,[900],,,,,[8],,,,,2,999,-1,-1,-1,-1,,,,,
1020307,-1,,,,-1,-1,-1,1,[902],,,,,[8],,,,,2,999,-1,-1,-1,-1,,,,,
1020308,-1,,,,-1,-1,-1,1,[904],,,,,[8],,,,,2,999,-1,-1,-1,-1,,,,,
1020309,-1,,,,-1,-1,-1,1,[906],,,,,[8],,,,,2,999,-1,-1,-1,-1,,,,,
1020310,-1,,,,-1,-1,-1,1,[908],,,,,[8],,,,,2,999,-1,-1,-1,-1,,,,,
1020311,-1,,,,-1,-1,-1,1,[910],,,,,[8],,,,,2,999,-1,-1,-1,-1,,,,,
1020312,-1,,,,-1,-1,-1,1,[912],,,,,[8],,,,,2,999,-1,-1,-1,-1,,,,,
1020313,-1,,,,-1,-1,-1,1,[914],,,,,[8],,,,,2,999,-1,-1,-1,-1,,,,,
1020314,-1,,,,-1,-1,-1,1,[916],,,,,[8],,,,,2,999,-1,-1,-1,-1,,,,,
1020315,-1,,,,-1,-1,-1,1,[918],,,,,[8],,,,,2,999,-1,-1,-1,-1,,,,,
1020316,-1,,,,-1,-1,-1,1,[920],,,,,[8],,,,,2,999,-1,-1,-1,-1,,,,,
1020317,-1,,,,-1,-1,-1,1,[922],,,,,[8],,,,,2,999,-1,-1,-1,-1,,,,,
1020318,-1,,,,-1,-1,-1,1,[924],,,,,[8],,,,,2,999,-1,-1,-1,-1,,,,,
1020319,-1,,,,-1,-1,-1,1,[926],,,,,[8],,,,,2,999,-1,-1,-1,-1,,,,,
1020320,-1,,,,-1,-1,-1,1,[928],,,,,[8],,,,,2,999,-1,-1,-1,-1,,,,,
1020321,-1,,,,-1,-1,-1,1,[930],,,,,[8],,,,,2,999,-1,-1,-1,-1,,,,,
1020322,-1,,,,-1,-1,-1,1,[932],,,,,[8],,,,,2,999,-1,-1,-1,-1,,,,,
1020323,-1,,,,-1,-1,-1,1,[934],,,,,[8],,,,,2,999,-1,-1,-1,-1,,,,,
1020324,-1,,,,-1,-1,-1,1,[936],,,,,[8],,,,,2,999,-1,-1,-1,-1,,,,,
1020325,-1,,,,-1,-1,-1,1,[938],,,,,[8],,,,,2,999,-1,-1,-1,-1,,,,,
1020326,-1,,,,-1,-1,-1,1,[940],,,,,[8],,,,,2,999,-1,-1,-1,-1,,,,,
1020327,-1,,,,-1,-1,-1,1,[942],,,,,[8],,,,,2,999,-1,-1,-1,-1,,,,,
1020328,-1,,,,-1,-1,-1,1,[944],,,,,[8],,,,,2,999,-1,-1,-1,-1,,,,,
1020329,-1,,,,-1,-1,-1,1,[946],,,,,[8],,,,,2,999,-1,-1,-1,-1,,,,,
1020330,-1,,,,-1,-1,-1,1,[948],,,,,[8],,,,,2,999,-1,-1,-1,-1,,,,,
1020331,-1,,,,-1,-1,-1,1,[950],,,,,[8],,,,,2,999,-1,-1,-1,-1,,,,,
1020332,-1,,,,-1,-1,-1,1,[952],,,,,[8],,,,,2,999,-1,-1,-1,-1,,,,,
1020333,-1,,,,-1,-1,-1,1,[954],,,,,[8],,,,,2,999,-1,-1,-1,-1,,,,,
1020334,-1,,,,-1,-1,-1,1,[956],,,,,[8],,,,,2,999,-1,-1,-1,-1,,,,,
1020335,-1,,,,-1,-1,-1,1,[958],,,,,[8],,,,,2,999,-1,-1,-1,-1,,,,,
1020336,-1,,,,-1,-1,-1,1,[960],,,,,[8],,,,,2,999,-1,-1,-1,-1,,,,,
1020337,-1,,,,-1,-1,-1,1,[962],,,,,[8],,,,,2,999,-1,-1,-1,-1,,,,,
1020338,-1,,,,-1,-1,-1,1,[964],,,,,[8],,,,,2,999,-1,-1,-1,-1,,,,,
1020339,-1,,,,-1,-1,-1,1,[966],,,,,[8],,,,,2,999,-1,-1,-1,-1,,,,,
1020340,-1,,,,-1,-1,-1,1,[968],,,,,[8],,,,,2,999,-1,-1,-1,-1,,,,,
1020341,-1,,,,-1,-1,-1,1,[970],,,,,[8],,,,,2,999,-1,-1,-1,-1,,,,,
1020342,-1,,,,-1,-1,-1,1,[972],,,,,[8],,,,,2,999,-1,-1,-1,-1,,,,,
1020343,-1,,,,-1,-1,-1,1,[974],,,,,[8],,,,,2,999,-1,-1,-1,-1,,,,,
1020344,-1,,,,-1,-1,-1,1,[976],,,,,[8],,,,,2,999,-1,-1,-1,-1,,,,,
1020345,-1,,,,-1,-1,-1,1,[978],,,,,[8],,,,,2,999,-1,-1,-1,-1,,,,,
1020346,-1,,,,-1,-1,-1,1,[980],,,,,[8],,,,,2,999,-1,-1,-1,-1,,,,,
1020347,-1,,,,-1,-1,-1,1,[982],,,,,[8],,,,,2,999,-1,-1,-1,-1,,,,,
1020348,-1,,,,-1,-1,-1,1,[984],,,,,[8],,,,,2,999,-1,-1,-1,-1,,,,,
1020349,-1,,,,-1,-1,-1,1,[986],,,,,[8],,,,,2,999,-1,-1,-1,-1,,,,,
1020350,-1,,,,-1,-1,-1,1,[988],,,,,[8],,,,,2,999,-1,-1,-1,-1,,,,,
1020351,-1,,,,-1,-1,-1,1,[990],,,,,[8],,,,,2,999,-1,-1,-1,-1,,,,,
1020352,-1,,,,-1,-1,-1,1,[992],,,,,[8],,,,,2,999,-1,-1,-1,-1,,,,,
1020353,-1,,,,-1,-1,-1,1,[994],,,,,[8],,,,,2,999,-1,-1,-1,-1,,,,,
1020354,-1,,,,-1,-1,-1,1,[996],,,,,[8],,,,,2,999,-1,-1,-1,-1,,,,,
1020355,-1,,,,-1,-1,-1,1,[998],,,,,[8],,,,,2,999,-1,-1,-1,-1,,,,,
1020356,-1,,,,-1,-1,-1,1,[1000],,,,,[8],,,,,2,999,-1,-1,-1,-1,,,,,
1020357,-1,,,,-1,-1,-1,1,[1002],,,,,[8],,,,,2,999,-1,-1,-1,-1,,,,,
1020358,-1,,,,-1,-1,-1,1,[1004],,,,,[8],,,,,2,999,-1,-1,-1,-1,,,,,
1020359,-1,,,,-1,-1,-1,1,[1006],,,,,[8],,,,,2,999,-1,-1,-1,-1,,,,,
1020360,-1,,,,-1,-1,-1,1,[1008],,,,,[8],,,,,2,999,-1,-1,-1,-1,,,,,
1020361,-1,,,,-1,-1,-1,1,[1010],,,,,[8],,,,,2,999,-1,-1,-1,-1,,,,,
1020362,-1,,,,-1,-1,-1,1,[1012],,,,,[8],,,,,2,999,-1,-1,-1,-1,,,,,
1020363,-1,,,,-1,-1,-1,1,[1014],,,,,[8],,,,,2,999,-1,-1,-1,-1,,,,,
1020364,-1,,,,-1,-1,-1,1,[1016],,,,,[8],,,,,2,999,-1,-1,-1,-1,,,,,
1020365,-1,,,,-1,-1,-1,1,[1018],,,,,[8],,,,,2,999,-1,-1,-1,-1,,,,,
1020366,-1,,,,-1,-1,-1,1,[1020],,,,,[8],,,,,2,999,-1,-1,-1,-1,,,,,
1020367,-1,,,,-1,-1,-1,1,[1022],,,,,[8],,,,,2,999,-1,-1,-1,-1,,,,,
1020368,-1,,,,-1,-1,-1,1,[1024],,,,,[8],,,,,2,999,-1,-1,-1,-1,,,,,
1020369,-1,,,,-1,-1,-1,1,[1026],,,,,[8],,,,,2,999,-1,-1,-1,-1,,,,,
1020370,-1,,,,-1,-1,-1,1,[1028],,,,,[8],,,,,2,999,-1,-1,-1,-1,,,,,
1020371,-1,,,,-1,-1,-1,1,[1030],,,,,[8],,,,,2,999,-1,-1,-1,-1,,,,,
1020372,-1,,,,-1,-1,-1,1,[1032],,,,,[8],,,,,2,999,-1,-1,-1,-1,,,,,
1020373,-1,,,,-1,-1,-1,1,[1034],,,,,[8],,,,,2,999,-1,-1,-1,-1,,,,,
1020374,-1,,,,-1,-1,-1,1,[1036],,,,,[8],,,,,2,999,-1,-1,-1,-1,,,,,
1020375,-1,,,,-1,-1,-1,1,[1038],,,,,[8],,,,,2,999,-1,-1,-1,-1,,,,,
1020376,-1,,,,-1,-1,-1,1,[1040],,,,,[8],,,,,2,999,-1,-1,-1,-1,,,,,
1020377,-1,,,,-1,-1,-1,1,[1042],,,,,[8],,,,,2,999,-1,-1,-1,-1,,,,,
1020378,-1,,,,-1,-1,-1,1,[1044],,,,,[8],,,,,2,999,-1,-1,-1,-1,,,,,
1020379,-1,,,,-1,-1,-1,1,[1046],,,,,[8],,,,,2,999,-1,-1,-1,-1,,,,,
1020380,-1,,,,-1,-1,-1,1,[1048],,,,,[8],,,,,2,999,-1,-1,-1,-1,,,,,
1020381,-1,,,,-1,-1,-1,1,[1050],,,,,[8],,,,,2,999,-1,-1,-1,-1,,,,,
1020382,-1,,,,-1,-1,-1,1,[1052],,,,,[8],,,,,2,999,-1,-1,-1,-1,,,,,
1020383,-1,,,,-1,-1,-1,1,[1054],,,,,[8],,,,,2,999,-1,-1,-1,-1,,,,,
1020384,-1,,,,-1,-1,-1,1,[1056],,,,,[8],,,,,2,999,-1,-1,-1,-1,,,,,
1020385,-1,,,,-1,-1,-1,1,[1058],,,,,[8],,,,,2,999,-1,-1,-1,-1,,,,,
1020386,-1,,,,-1,-1,-1,1,[1060],,,,,[8],,,,,2,999,-1,-1,-1,-1,,,,,
1020387,-1,,,,-1,-1,-1,1,[1062],,,,,[8],,,,,2,999,-1,-1,-1,-1,,,,,
1020388,-1,,,,-1,-1,-1,1,[1064],,,,,[8],,,,,2,999,-1,-1,-1,-1,,,,,
1020389,-1,,,,-1,-1,-1,1,[1066],,,,,[8],,,,,2,999,-1,-1,-1,-1,,,,,
1020390,-1,,,,-1,-1,-1,1,[1068],,,,,[8],,,,,2,999,-1,-1,-1,-1,,,,,
1020391,-1,,,,-1,-1,-1,1,[1070],,,,,[8],,,,,2,999,-1,-1,-1,-1,,,,,
1020392,-1,,,,-1,-1,-1,1,[1072],,,,,[8],,,,,2,999,-1,-1,-1,-1,,,,,
1020393,-1,,,,-1,-1,-1,1,[1074],,,,,[8],,,,,2,999,-1,-1,-1,-1,,,,,
1020394,-1,,,,-1,-1,-1,1,[1076],,,,,[8],,,,,2,999,-1,-1,-1,-1,,,,,
1020395,-1,,,,-1,-1,-1,1,[1078],,,,,[8],,,,,2,999,-1,-1,-1,-1,,,,,
1020396,-1,,,,-1,-1,-1,1,[1080],,,,,[8],,,,,2,999,-1,-1,-1,-1,,,,,
1020397,-1,,,,-1,-1,-1,1,[1082],,,,,[8],,,,,2,999,-1,-1,-1,-1,,,,,
1020398,-1,,,,-1,-1,-1,1,[1084],,,,,[8],,,,,2,999,-1,-1,-1,-1,,,,,
1020399,-1,,,,-1,-1,-1,1,[1086],,,,,[8],,,,,2,999,-1,-1,-1,-1,,,,,
1020400,-1,,,,-1,-1,-1,1,[1088],,,,,[8],,,,,2,999,-1,-1,-1,-1,,,,,
1020401,-1,,,,-1,-1,-1,1,[1090],,,,,[8],,,,,2,999,-1,-1,-1,-1,,,,,
1020402,-1,,,,-1,-1,-1,1,[1092],,,,,[8],,,,,2,999,-1,-1,-1,-1,,,,,
1020403,-1,,,,-1,-1,-1,1,[1094],,,,,[8],,,,,2,999,-1,-1,-1,-1,,,,,
1020404,-1,,,,-1,-1,-1,1,[1096],,,,,[8],,,,,2,999,-1,-1,-1,-1,,,,,
1020405,-1,,,,-1,-1,-1,1,[1098],,,,,[8],,,,,2,999,-1,-1,-1,-1,,,,,
1020406,-1,,,,-1,-1,-1,1,[1100],,,,,[8],,,,,2,999,-1,-1,-1,-1,,,,,
1020407,-1,,,,-1,-1,-1,1,[1102],,,,,[8],,,,,2,999,-1,-1,-1,-1,,,,,
1020408,-1,,,,-1,-1,-1,1,[1104],,,,,[8],,,,,2,999,-1,-1,-1,-1,,,,,
1020409,-1,,,,-1,-1,-1,1,[1106],,,,,[8],,,,,2,999,-1,-1,-1,-1,,,,,
1020410,-1,,,,-1,-1,-1,1,[1108],,,,,[8],,,,,2,999,-1,-1,-1,-1,,,,,
1020411,-1,,,,-1,-1,-1,1,[1110],,,,,[8],,,,,2,999,-1,-1,-1,-1,,,,,
1020412,-1,,,,-1,-1,-1,1,[1112],,,,,[8],,,,,2,999,-1,-1,-1,-1,,,,,
1020413,-1,,,,-1,-1,-1,1,[1114],,,,,[8],,,,,2,999,-1,-1,-1,-1,,,,,
1020414,-1,,,,-1,-1,-1,1,[1116],,,,,[8],,,,,2,999,-1,-1,-1,-1,,,,,
1020415,-1,,,,-1,-1,-1,1,[1118],,,,,[8],,,,,2,999,-1,-1,-1,-1,,,,,
1020416,-1,,,,-1,-1,-1,1,[1120],,,,,[8],,,,,2,999,-1,-1,-1,-1,,,,,
1020417,-1,,,,-1,-1,-1,1,[1122],,,,,[8],,,,,2,999,-1,-1,-1,-1,,,,,
1020418,-1,,,,-1,-1,-1,1,[1124],,,,,[8],,,,,2,999,-1,-1,-1,-1,,,,,
1020419,-1,,,,-1,-1,-1,1,[1126],,,,,[8],,,,,2,999,-1,-1,-1,-1,,,,,
1020420,-1,,,,-1,-1,-1,1,[1128],,,,,[8],,,,,2,999,-1,-1,-1,-1,,,,,
1020421,-1,,,,-1,-1,-1,1,[1130],,,,,[8],,,,,2,999,-1,-1,-1,-1,,,,,
1020422,-1,,,,-1,-1,-1,1,[1132],,,,,[8],,,,,2,999,-1,-1,-1,-1,,,,,
1020423,-1,,,,-1,-1,-1,1,[1134],,,,,[8],,,,,2,999,-1,-1,-1,-1,,,,,
1020424,-1,,,,-1,-1,-1,1,[1136],,,,,[8],,,,,2,999,-1,-1,-1,-1,,,,,
1020425,-1,,,,-1,-1,-1,1,[1138],,,,,[8],,,,,2,999,-1,-1,-1,-1,,,,,
1020426,-1,,,,-1,-1,-1,1,[1140],,,,,[8],,,,,2,999,-1,-1,-1,-1,,,,,
1020427,-1,,,,-1,-1,-1,1,[1142],,,,,[8],,,,,2,999,-1,-1,-1,-1,,,,,
1020428,-1,,,,-1,-1,-1,1,[1144],,,,,[8],,,,,2,999,-1,-1,-1,-1,,,,,
1020429,-1,,,,-1,-1,-1,1,[1146],,,,,[8],,,,,2,999,-1,-1,-1,-1,,,,,
1020430,-1,,,,-1,-1,-1,1,[1148],,,,,[8],,,,,2,999,-1,-1,-1,-1,,,,,
1020431,-1,,,,-1,-1,-1,1,[1150],,,,,[8],,,,,2,999,-1,-1,-1,-1,,,,,
1020432,-1,,,,-1,-1,-1,1,[1152],,,,,[8],,,,,2,999,-1,-1,-1,-1,,,,,
1020433,-1,,,,-1,-1,-1,1,[1154],,,,,[8],,,,,2,999,-1,-1,-1,-1,,,,,
1020434,-1,,,,-1,-1,-1,1,[1156],,,,,[8],,,,,2,999,-1,-1,-1,-1,,,,,
1020435,-1,,,,-1,-1,-1,1,[1158],,,,,[8],,,,,2,999,-1,-1,-1,-1,,,,,
1020436,-1,,,,-1,-1,-1,1,[1160],,,,,[8],,,,,2,999,-1,-1,-1,-1,,,,,
1020437,-1,,,,-1,-1,-1,1,[1162],,,,,[8],,,,,2,999,-1,-1,-1,-1,,,,,
1020438,-1,,,,-1,-1,-1,1,[1164],,,,,[8],,,,,2,999,-1,-1,-1,-1,,,,,
1020439,-1,,,,-1,-1,-1,1,[1166],,,,,[8],,,,,2,999,-1,-1,-1,-1,,,,,
1020440,-1,,,,-1,-1,-1,1,[1168],,,,,[8],,,,,2,999,-1,-1,-1,-1,,,,,
1020441,-1,,,,-1,-1,-1,1,[1170],,,,,[8],,,,,2,999,-1,-1,-1,-1,,,,,
1020442,-1,,,,-1,-1,-1,1,[1172],,,,,[8],,,,,2,999,-1,-1,-1,-1,,,,,
1020443,-1,,,,-1,-1,-1,1,[1174],,,,,[8],,,,,2,999,-1,-1,-1,-1,,,,,
1020444,-1,,,,-1,-1,-1,1,[1176],,,,,[8],,,,,2,999,-1,-1,-1,-1,,,,,
1020445,-1,,,,-1,-1,-1,1,[1178],,,,,[8],,,,,2,999,-1,-1,-1,-1,,,,,
1020446,-1,,,,-1,-1,-1,1,[1180],,,,,[8],,,,,2,999,-1,-1,-1,-1,,,,,
1020447,-1,,,,-1,-1,-1,1,[1182],,,,,[8],,,,,2,999,-1,-1,-1,-1,,,,,
1020448,-1,,,,-1,-1,-1,1,[1184],,,,,[8],,,,,2,999,-1,-1,-1,-1,,,,,
1020449,-1,,,,-1,-1,-1,1,[1186],,,,,[8],,,,,2,999,-1,-1,-1,-1,,,,,
1020450,-1,,,,-1,-1,-1,1,[1188],,,,,[8],,,,,2,999,-1,-1,-1,-1,,,,,
1021001,-1,,,,-1,-1,-1,1,[1],,,,,[3],,,,,2,999,-1,-1,-1,-1,,,,,
1021002,-1,,,,-1,-1,-1,1,[2],,,,,[3],,,,,2,999,-1,-1,-1,-1,,,,,
1021003,-1,,,,-1,-1,-1,1,[3],,,,,[3],,,,,2,999,-1,-1,-1,-1,,,,,
1021004,-1,,,,-1,-1,-1,1,[4],,,,,[3],,,,,2,999,-1,-1,-1,-1,,,,,
1021005,-1,,,,-1,-1,-1,1,[5],,,,,[3],,,,,2,999,-1,-1,-1,-1,,,,,
1021006,-1,,,,-1,-1,-1,1,[6],,,,,[3],,,,,2,999,-1,-1,-1,-1,,,,,
1021007,-1,,,,-1,-1,-1,1,[7],,,,,[3],,,,,2,999,-1,-1,-1,-1,,,,,
1021008,-1,,,,-1,-1,-1,1,[8],,,,,[3],,,,,2,999,-1,-1,-1,-1,,,,,
1021009,-1,,,,-1,-1,-1,1,[9],,,,,[3],,,,,2,999,-1,-1,-1,-1,,,,,
1021010,-1,,,,-1,-1,-1,1,[10],,,,,[3],,,,,2,999,-1,-1,-1,-1,,,,,
1021011,-1,,,,-1,-1,-1,1,[11],,,,,[3],,,,,2,999,-1,-1,-1,-1,,,,,
1021012,-1,,,,-1,-1,-1,1,[12],,,,,[3],,,,,2,999,-1,-1,-1,-1,,,,,
1021013,-1,,,,-1,-1,-1,1,[13],,,,,[3],,,,,2,999,-1,-1,-1,-1,,,,,
1021014,-1,,,,-1,-1,-1,1,[14],,,,,[3],,,,,2,999,-1,-1,-1,-1,,,,,
1021015,-1,,,,-1,-1,-1,1,[15],,,,,[3],,,,,2,999,-1,-1,-1,-1,,,,,
1021016,-1,,,,-1,-1,-1,1,[16],,,,,[3],,,,,2,999,-1,-1,-1,-1,,,,,
1021017,-1,,,,-1,-1,-1,1,[17],,,,,[3],,,,,2,999,-1,-1,-1,-1,,,,,
1021018,-1,,,,-1,-1,-1,1,[18],,,,,[3],,,,,2,999,-1,-1,-1,-1,,,,,
1021019,-1,,,,-1,-1,-1,1,[19],,,,,[3],,,,,2,999,-1,-1,-1,-1,,,,,
1021020,-1,,,,-1,-1,-1,1,[20],,,,,[3],,,,,2,999,-1,-1,-1,-1,,,,,
1021021,-1,,,,-1,-1,-1,1,[21],,,,,[3],,,,,2,999,-1,-1,-1,-1,,,,,
1021022,-1,,,,-1,-1,-1,1,[22],,,,,[3],,,,,2,999,-1,-1,-1,-1,,,,,
1021023,-1,,,,-1,-1,-1,1,[23],,,,,[3],,,,,2,999,-1,-1,-1,-1,,,,,
1021024,-1,,,,-1,-1,-1,1,[24],,,,,[3],,,,,2,999,-1,-1,-1,-1,,,,,
1021025,-1,,,,-1,-1,-1,1,[25],,,,,[3],,,,,2,999,-1,-1,-1,-1,,,,,
1021026,-1,,,,-1,-1,-1,1,[26],,,,,[3],,,,,2,999,-1,-1,-1,-1,,,,,
1021027,-1,,,,-1,-1,-1,1,[27],,,,,[3],,,,,2,999,-1,-1,-1,-1,,,,,
1021028,-1,,,,-1,-1,-1,1,[28],,,,,[3],,,,,2,999,-1,-1,-1,-1,,,,,
1021029,-1,,,,-1,-1,-1,1,[29],,,,,[3],,,,,2,999,-1,-1,-1,-1,,,,,
1021030,-1,,,,-1,-1,-1,1,[30],,,,,[3],,,,,2,999,-1,-1,-1,-1,,,,,
1021031,-1,,,,-1,-1,-1,1,[31],,,,,[3],,,,,2,999,-1,-1,-1,-1,,,,,
1021032,-1,,,,-1,-1,-1,1,[32],,,,,[3],,,,,2,999,-1,-1,-1,-1,,,,,
1021033,-1,,,,-1,-1,-1,1,[33],,,,,[3],,,,,2,999,-1,-1,-1,-1,,,,,
1021034,-1,,,,-1,-1,-1,1,[34],,,,,[3],,,,,2,999,-1,-1,-1,-1,,,,,
1021035,-1,,,,-1,-1,-1,1,[35],,,,,[3],,,,,2,999,-1,-1,-1,-1,,,,,
1021036,-1,,,,-1,-1,-1,1,[36],,,,,[3],,,,,2,999,-1,-1,-1,-1,,,,,
1021037,-1,,,,-1,-1,-1,1,[37],,,,,[3],,,,,2,999,-1,-1,-1,-1,,,,,
1021038,-1,,,,-1,-1,-1,1,[38],,,,,[3],,,,,2,999,-1,-1,-1,-1,,,,,
1021039,-1,,,,-1,-1,-1,1,[39],,,,,[3],,,,,2,999,-1,-1,-1,-1,,,,,
1021040,-1,,,,-1,-1,-1,1,[40],,,,,[3],,,,,2,999,-1,-1,-1,-1,,,,,
1021041,-1,,,,-1,-1,-1,1,[41],,,,,[3],,,,,2,999,-1,-1,-1,-1,,,,,
1021042,-1,,,,-1,-1,-1,1,[42],,,,,[3],,,,,2,999,-1,-1,-1,-1,,,,,
1021043,-1,,,,-1,-1,-1,1,[43],,,,,[3],,,,,2,999,-1,-1,-1,-1,,,,,
1021044,-1,,,,-1,-1,-1,1,[44],,,,,[3],,,,,2,999,-1,-1,-1,-1,,,,,
1021045,-1,,,,-1,-1,-1,1,[45],,,,,[3],,,,,2,999,-1,-1,-1,-1,,,,,
1021046,-1,,,,-1,-1,-1,1,[46],,,,,[3],,,,,2,999,-1,-1,-1,-1,,,,,
1021047,-1,,,,-1,-1,-1,1,[47],,,,,[3],,,,,2,999,-1,-1,-1,-1,,,,,
1021048,-1,,,,-1,-1,-1,1,[48],,,,,[3],,,,,2,999,-1,-1,-1,-1,,,,,
1021049,-1,,,,-1,-1,-1,1,[49],,,,,[3],,,,,2,999,-1,-1,-1,-1,,,,,
1021050,-1,,,,-1,-1,-1,1,[50],,,,,[3],,,,,2,999,-1,-1,-1,-1,,,,,
1021051,-1,,,,-1,-1,-1,1,[51],,,,,[3],,,,,2,999,-1,-1,-1,-1,,,,,
1021052,-1,,,,-1,-1,-1,1,[52],,,,,[3],,,,,2,999,-1,-1,-1,-1,,,,,
1021053,-1,,,,-1,-1,-1,1,[53],,,,,[3],,,,,2,999,-1,-1,-1,-1,,,,,
1021054,-1,,,,-1,-1,-1,1,[54],,,,,[3],,,,,2,999,-1,-1,-1,-1,,,,,
1021055,-1,,,,-1,-1,-1,1,[55],,,,,[3],,,,,2,999,-1,-1,-1,-1,,,,,
1021056,-1,,,,-1,-1,-1,1,[56],,,,,[3],,,,,2,999,-1,-1,-1,-1,,,,,
1021057,-1,,,,-1,-1,-1,1,[57],,,,,[3],,,,,2,999,-1,-1,-1,-1,,,,,
1021058,-1,,,,-1,-1,-1,1,[58],,,,,[3],,,,,2,999,-1,-1,-1,-1,,,,,
1021059,-1,,,,-1,-1,-1,1,[59],,,,,[3],,,,,2,999,-1,-1,-1,-1,,,,,
1021060,-1,,,,-1,-1,-1,1,[60],,,,,[3],,,,,2,999,-1,-1,-1,-1,,,,,
1021061,-1,,,,-1,-1,-1,1,[61],,,,,[3],,,,,2,999,-1,-1,-1,-1,,,,,
1021062,-1,,,,-1,-1,-1,1,[62],,,,,[3],,,,,2,999,-1,-1,-1,-1,,,,,
1021063,-1,,,,-1,-1,-1,1,[63],,,,,[3],,,,,2,999,-1,-1,-1,-1,,,,,
1021064,-1,,,,-1,-1,-1,1,[64],,,,,[3],,,,,2,999,-1,-1,-1,-1,,,,,
1021065,-1,,,,-1,-1,-1,1,[65],,,,,[3],,,,,2,999,-1,-1,-1,-1,,,,,
1021066,-1,,,,-1,-1,-1,1,[66],,,,,[3],,,,,2,999,-1,-1,-1,-1,,,,,
1021067,-1,,,,-1,-1,-1,1,[67],,,,,[3],,,,,2,999,-1,-1,-1,-1,,,,,
1021068,-1,,,,-1,-1,-1,1,[68],,,,,[3],,,,,2,999,-1,-1,-1,-1,,,,,
1021069,-1,,,,-1,-1,-1,1,[69],,,,,[3],,,,,2,999,-1,-1,-1,-1,,,,,
1021070,-1,,,,-1,-1,-1,1,[70],,,,,[3],,,,,2,999,-1,-1,-1,-1,,,,,
1021071,-1,,,,-1,-1,-1,1,[71],,,,,[3],,,,,2,999,-1,-1,-1,-1,,,,,
1021072,-1,,,,-1,-1,-1,1,[72],,,,,[3],,,,,2,999,-1,-1,-1,-1,,,,,
1021073,-1,,,,-1,-1,-1,1,[73],,,,,[3],,,,,2,999,-1,-1,-1,-1,,,,,
1021074,-1,,,,-1,-1,-1,1,[74],,,,,[3],,,,,2,999,-1,-1,-1,-1,,,,,
1021075,-1,,,,-1,-1,-1,1,[75],,,,,[3],,,,,2,999,-1,-1,-1,-1,,,,,
1021076,-1,,,,-1,-1,-1,1,[76],,,,,[3],,,,,2,999,-1,-1,-1,-1,,,,,
1021077,-1,,,,-1,-1,-1,1,[77],,,,,[3],,,,,2,999,-1,-1,-1,-1,,,,,
1021078,-1,,,,-1,-1,-1,1,[78],,,,,[3],,,,,2,999,-1,-1,-1,-1,,,,,
1021079,-1,,,,-1,-1,-1,1,[79],,,,,[3],,,,,2,999,-1,-1,-1,-1,,,,,
1021080,-1,,,,-1,-1,-1,1,[80],,,,,[3],,,,,2,999,-1,-1,-1,-1,,,,,
1021081,-1,,,,-1,-1,-1,1,[81],,,,,[3],,,,,2,999,-1,-1,-1,-1,,,,,
1021082,-1,,,,-1,-1,-1,1,[82],,,,,[3],,,,,2,999,-1,-1,-1,-1,,,,,
1021083,-1,,,,-1,-1,-1,1,[83],,,,,[3],,,,,2,999,-1,-1,-1,-1,,,,,
1021084,-1,,,,-1,-1,-1,1,[84],,,,,[3],,,,,2,999,-1,-1,-1,-1,,,,,
1021085,-1,,,,-1,-1,-1,1,[85],,,,,[3],,,,,2,999,-1,-1,-1,-1,,,,,
1021086,-1,,,,-1,-1,-1,1,[86],,,,,[3],,,,,2,999,-1,-1,-1,-1,,,,,
1021087,-1,,,,-1,-1,-1,1,[87],,,,,[3],,,,,2,999,-1,-1,-1,-1,,,,,
1021088,-1,,,,-1,-1,-1,1,[88],,,,,[3],,,,,2,999,-1,-1,-1,-1,,,,,
1021089,-1,,,,-1,-1,-1,1,[89],,,,,[3],,,,,2,999,-1,-1,-1,-1,,,,,
1021090,-1,,,,-1,-1,-1,1,[90],,,,,[3],,,,,2,999,-1,-1,-1,-1,,,,,
1021091,-1,,,,-1,-1,-1,1,[91],,,,,[3],,,,,2,999,-1,-1,-1,-1,,,,,
1021092,-1,,,,-1,-1,-1,1,[92],,,,,[3],,,,,2,999,-1,-1,-1,-1,,,,,
1021093,-1,,,,-1,-1,-1,1,[93],,,,,[3],,,,,2,999,-1,-1,-1,-1,,,,,
1021094,-1,,,,-1,-1,-1,1,[94],,,,,[3],,,,,2,999,-1,-1,-1,-1,,,,,
1021095,-1,,,,-1,-1,-1,1,[95],,,,,[3],,,,,2,999,-1,-1,-1,-1,,,,,
1021096,-1,,,,-1,-1,-1,1,[96],,,,,[3],,,,,2,999,-1,-1,-1,-1,,,,,
1021097,-1,,,,-1,-1,-1,1,[97],,,,,[3],,,,,2,999,-1,-1,-1,-1,,,,,
1021098,-1,,,,-1,-1,-1,1,[98],,,,,[3],,,,,2,999,-1,-1,-1,-1,,,,,
1021099,-1,,,,-1,-1,-1,1,[99],,,,,[3],,,,,2,999,-1,-1,-1,-1,,,,,
1021100,-1,,,,-1,-1,-1,1,[100],,,,,[3],,,,,2,999,-1,-1,-1,-1,,,,,
1021101,-1,,,,-1,-1,-1,1,[101],,,,,[3],,,,,2,999,-1,-1,-1,-1,,,,,
1021102,-1,,,,-1,-1,-1,1,[102],,,,,[3],,,,,2,999,-1,-1,-1,-1,,,,,
1021103,-1,,,,-1,-1,-1,1,[103],,,,,[3],,,,,2,999,-1,-1,-1,-1,,,,,
1021104,-1,,,,-1,-1,-1,1,[104],,,,,[3],,,,,2,999,-1,-1,-1,-1,,,,,
1021105,-1,,,,-1,-1,-1,1,[105],,,,,[3],,,,,2,999,-1,-1,-1,-1,,,,,
1021106,-1,,,,-1,-1,-1,1,[107],,,,,[3],,,,,2,999,-1,-1,-1,-1,,,,,
1021107,-1,,,,-1,-1,-1,1,[109],,,,,[3],,,,,2,999,-1,-1,-1,-1,,,,,
1021108,-1,,,,-1,-1,-1,1,[111],,,,,[3],,,,,2,999,-1,-1,-1,-1,,,,,
1021109,-1,,,,-1,-1,-1,1,[113],,,,,[3],,,,,2,999,-1,-1,-1,-1,,,,,
1021110,-1,,,,-1,-1,-1,1,[115],,,,,[3],,,,,2,999,-1,-1,-1,-1,,,,,
1021111,-1,,,,-1,-1,-1,1,[117],,,,,[3],,,,,2,999,-1,-1,-1,-1,,,,,
1021112,-1,,,,-1,-1,-1,1,[119],,,,,[3],,,,,2,999,-1,-1,-1,-1,,,,,
1021113,-1,,,,-1,-1,-1,1,[121],,,,,[3],,,,,2,999,-1,-1,-1,-1,,,,,
1021114,-1,,,,-1,-1,-1,1,[123],,,,,[3],,,,,2,999,-1,-1,-1,-1,,,,,
1021115,-1,,,,-1,-1,-1,1,[125],,,,,[3],,,,,2,999,-1,-1,-1,-1,,,,,
1021116,-1,,,,-1,-1,-1,1,[127],,,,,[3],,,,,2,999,-1,-1,-1,-1,,,,,
1021117,-1,,,,-1,-1,-1,1,[128],,,,,[3],,,,,2,999,-1,-1,-1,-1,,,,,
1021118,-1,,,,-1,-1,-1,1,[129],,,,,[3],,,,,2,999,-1,-1,-1,-1,,,,,
1021119,-1,,,,-1,-1,-1,1,[130],,,,,[3],,,,,2,999,-1,-1,-1,-1,,,,,
1021120,-1,,,,-1,-1,-1,1,[131],,,,,[3],,,,,2,999,-1,-1,-1,-1,,,,,
1021121,-1,,,,-1,-1,-1,1,[133],,,,,[3],,,,,2,999,-1,-1,-1,-1,,,,,
1021122,-1,,,,-1,-1,-1,1,[134],,,,,[3],,,,,2,999,-1,-1,-1,-1,,,,,
1021123,-1,,,,-1,-1,-1,1,[135],,,,,[3],,,,,2,999,-1,-1,-1,-1,,,,,
1021124,-1,,,,-1,-1,-1,1,[137],,,,,[3],,,,,2,999,-1,-1,-1,-1,,,,,
1021125,-1,,,,-1,-1,-1,1,[138],,,,,[3],,,,,2,999,-1,-1,-1,-1,,,,,
1021126,-1,,,,-1,-1,-1,1,[140],,,,,[3],,,,,2,999,-1,-1,-1,-1,,,,,
1021127,-1,,,,-1,-1,-1,1,[142],,,,,[3],,,,,2,999,-1,-1,-1,-1,,,,,
1021128,-1,,,,-1,-1,-1,1,[145],,,,,[3],,,,,2,999,-1,-1,-1,-1,,,,,
1021129,-1,,,,-1,-1,-1,1,[148],,,,,[3],,,,,2,999,-1,-1,-1,-1,,,,,
1021130,-1,,,,-1,-1,-1,1,[151],,,,,[3],,,,,2,999,-1,-1,-1,-1,,,,,
1021131,-1,,,,-1,-1,-1,1,[154],,,,,[3],,,,,2,999,-1,-1,-1,-1,,,,,
1021132,-1,,,,-1,-1,-1,1,[157],,,,,[3],,,,,2,999,-1,-1,-1,-1,,,,,
1021133,-1,,,,-1,-1,-1,1,[160],,,,,[3],,,,,2,999,-1,-1,-1,-1,,,,,
1021134,-1,,,,-1,-1,-1,1,[163],,,,,[3],,,,,2,999,-1,-1,-1,-1,,,,,
1021135,-1,,,,-1,-1,-1,1,[166],,,,,[3],,,,,2,999,-1,-1,-1,-1,,,,,
1021136,-1,,,,-1,-1,-1,1,[169],,,,,[3],,,,,2,999,-1,-1,-1,-1,,,,,
1021137,-1,,,,-1,-1,-1,1,[171],,,,,[3],,,,,2,999,-1,-1,-1,-1,,,,,
1021138,-1,,,,-1,-1,-1,1,[173],,,,,[3],,,,,2,999,-1,-1,-1,-1,,,,,
1021139,-1,,,,-1,-1,-1,1,[175],,,,,[3],,,,,2,999,-1,-1,-1,-1,,,,,
1021140,-1,,,,-1,-1,-1,1,[177],,,,,[3],,,,,2,999,-1,-1,-1,-1,,,,,
1021141,-1,,,,-1,-1,-1,1,[180],,,,,[3],,,,,2,999,-1,-1,-1,-1,,,,,
1021142,-1,,,,-1,-1,-1,1,[182],,,,,[3],,,,,2,999,-1,-1,-1,-1,,,,,
1021143,-1,,,,-1,-1,-1,1,[184],,,,,[3],,,,,2,999,-1,-1,-1,-1,,,,,
1021144,-1,,,,-1,-1,-1,1,[186],,,,,[3],,,,,2,999,-1,-1,-1,-1,,,,,
1021145,-1,,,,-1,-1,-1,1,[188],,,,,[3],,,,,2,999,-1,-1,-1,-1,,,,,
1021146,-1,,,,-1,-1,-1,1,[191],,,,,[3],,,,,2,999,-1,-1,-1,-1,,,,,
1021147,-1,,,,-1,-1,-1,1,[192],,,,,[3],,,,,2,999,-1,-1,-1,-1,,,,,
1021148,-1,,,,-1,-1,-1,1,[193],,,,,[3],,,,,2,999,-1,-1,-1,-1,,,,,
1021149,-1,,,,-1,-1,-1,1,[194],,,,,[3],,,,,2,999,-1,-1,-1,-1,,,,,
1021150,-1,,,,-1,-1,-1,1,[195],,,,,[3],,,,,2,999,-1,-1,-1,-1,,,,,
1021151,-1,,,,-1,-1,-1,1,[197],,,,,[3],,,,,2,999,-1,-1,-1,-1,,,,,
1021152,-1,,,,-1,-1,-1,1,[198],,,,,[3],,,,,2,999,-1,-1,-1,-1,,,,,
1021153,-1,,,,-1,-1,-1,1,[199],,,,,[3],,,,,2,999,-1,-1,-1,-1,,,,,
1021154,-1,,,,-1,-1,-1,1,[201],,,,,[3],,,,,2,999,-1,-1,-1,-1,,,,,
1021155,-1,,,,-1,-1,-1,1,[202],,,,,[3],,,,,2,999,-1,-1,-1,-1,,,,,
1021156,-1,,,,-1,-1,-1,1,[204],,,,,[3],,,,,2,999,-1,-1,-1,-1,,,,,
1021157,-1,,,,-1,-1,-1,1,[204],,,,,[3],,,,,2,999,-1,-1,-1,-1,,,,,
1021158,-1,,,,-1,-1,-1,1,[205],,,,,[3],,,,,2,999,-1,-1,-1,-1,,,,,
1021159,-1,,,,-1,-1,-1,1,[205],,,,,[3],,,,,2,999,-1,-1,-1,-1,,,,,
1021160,-1,,,,-1,-1,-1,1,[206],,,,,[3],,,,,2,999,-1,-1,-1,-1,,,,,
1021161,-1,,,,-1,-1,-1,1,[207],,,,,[3],,,,,2,999,-1,-1,-1,-1,,,,,
1021162,-1,,,,-1,-1,-1,1,[207],,,,,[3],,,,,2,999,-1,-1,-1,-1,,,,,
1021163,-1,,,,-1,-1,-1,1,[208],,,,,[3],,,,,2,999,-1,-1,-1,-1,,,,,
1021164,-1,,,,-1,-1,-1,1,[209],,,,,[3],,,,,2,999,-1,-1,-1,-1,,,,,
1021165,-1,,,,-1,-1,-1,1,[210],,,,,[3],,,,,2,999,-1,-1,-1,-1,,,,,
1021166,-1,,,,-1,-1,-1,1,[211],,,,,[3],,,,,2,999,-1,-1,-1,-1,,,,,
1021167,-1,,,,-1,-1,-1,1,[212],,,,,[3],,,,,2,999,-1,-1,-1,-1,,,,,
1021168,-1,,,,-1,-1,-1,1,[213],,,,,[3],,,,,2,999,-1,-1,-1,-1,,,,,
1021169,-1,,,,-1,-1,-1,1,[214],,,,,[3],,,,,2,999,-1,-1,-1,-1,,,,,
1021170,-1,,,,-1,-1,-1,1,[215],,,,,[3],,,,,2,999,-1,-1,-1,-1,,,,,
1021171,-1,,,,-1,-1,-1,1,[216],,,,,[3],,,,,2,999,-1,-1,-1,-1,,,,,
1021172,-1,,,,-1,-1,-1,1,[217],,,,,[3],,,,,2,999,-1,-1,-1,-1,,,,,
1021173,-1,,,,-1,-1,-1,1,[218],,,,,[3],,,,,2,999,-1,-1,-1,-1,,,,,
1021174,-1,,,,-1,-1,-1,1,[219],,,,,[3],,,,,2,999,-1,-1,-1,-1,,,,,
1021175,-1,,,,-1,-1,-1,1,[220],,,,,[3],,,,,2,999,-1,-1,-1,-1,,,,,
1021176,-1,,,,-1,-1,-1,1,[221],,,,,[3],,,,,2,999,-1,-1,-1,-1,,,,,
1021177,-1,,,,-1,-1,-1,1,[222],,,,,[3],,,,,2,999,-1,-1,-1,-1,,,,,
1021178,-1,,,,-1,-1,-1,1,[223],,,,,[3],,,,,2,999,-1,-1,-1,-1,,,,,
1021179,-1,,,,-1,-1,-1,1,[224],,,,,[3],,,,,2,999,-1,-1,-1,-1,,,,,
1021180,-1,,,,-1,-1,-1,1,[225],,,,,[3],,,,,2,999,-1,-1,-1,-1,,,,,
1021181,-1,,,,-1,-1,-1,1,[226],,,,,[3],,,,,2,999,-1,-1,-1,-1,,,,,
1021182,-1,,,,-1,-1,-1,1,[227],,,,,[3],,,,,2,999,-1,-1,-1,-1,,,,,
1021183,-1,,,,-1,-1,-1,1,[228],,,,,[3],,,,,2,999,-1,-1,-1,-1,,,,,
1021184,-1,,,,-1,-1,-1,1,[229],,,,,[3],,,,,2,999,-1,-1,-1,-1,,,,,
1021185,-1,,,,-1,-1,-1,1,[230],,,,,[3],,,,,2,999,-1,-1,-1,-1,,,,,
1021186,-1,,,,-1,-1,-1,1,[231],,,,,[3],,,,,2,999,-1,-1,-1,-1,,,,,
1021187,-1,,,,-1,-1,-1,1,[232],,,,,[3],,,,,2,999,-1,-1,-1,-1,,,,,
1021188,-1,,,,-1,-1,-1,1,[233],,,,,[3],,,,,2,999,-1,-1,-1,-1,,,,,
1021189,-1,,,,-1,-1,-1,1,[234],,,,,[3],,,,,2,999,-1,-1,-1,-1,,,,,
1021190,-1,,,,-1,-1,-1,1,[235],,,,,[3],,,,,2,999,-1,-1,-1,-1,,,,,
1021191,-1,,,,-1,-1,-1,1,[236],,,,,[3],,,,,2,999,-1,-1,-1,-1,,,,,
1021192,-1,,,,-1,-1,-1,1,[237],,,,,[3],,,,,2,999,-1,-1,-1,-1,,,,,
1021193,-1,,,,-1,-1,-1,1,[238],,,,,[3],,,,,2,999,-1,-1,-1,-1,,,,,
1021194,-1,,,,-1,-1,-1,1,[239],,,,,[3],,,,,2,999,-1,-1,-1,-1,,,,,
1021195,-1,,,,-1,-1,-1,1,[240],,,,,[3],,,,,2,999,-1,-1,-1,-1,,,,,
1021196,-1,,,,-1,-1,-1,1,[241],,,,,[3],,,,,2,999,-1,-1,-1,-1,,,,,
1021197,-1,,,,-1,-1,-1,1,[242],,,,,[3],,,,,2,999,-1,-1,-1,-1,,,,,
1021198,-1,,,,-1,-1,-1,1,[243],,,,,[3],,,,,2,999,-1,-1,-1,-1,,,,,
1021199,-1,,,,-1,-1,-1,1,[244],,,,,[3],,,,,2,999,-1,-1,-1,-1,,,,,
1021200,-1,,,,-1,-1,-1,1,[245],,,,,[3],,,,,2,999,-1,-1,-1,-1,,,,,
1021201,-1,,,,-1,-1,-1,1,[246],,,,,[3],,,,,2,999,-1,-1,-1,-1,,,,,
1021202,-1,,,,-1,-1,-1,1,[247],,,,,[3],,,,,2,999,-1,-1,-1,-1,,,,,
1021203,-1,,,,-1,-1,-1,1,[248],,,,,[3],,,,,2,999,-1,-1,-1,-1,,,,,
1021204,-1,,,,-1,-1,-1,1,[249],,,,,[3],,,,,2,999,-1,-1,-1,-1,,,,,
1021205,-1,,,,-1,-1,-1,1,[250],,,,,[3],,,,,2,999,-1,-1,-1,-1,,,,,
1021206,-1,,,,-1,-1,-1,1,[251],,,,,[3],,,,,2,999,-1,-1,-1,-1,,,,,
1021207,-1,,,,-1,-1,-1,1,[252],,,,,[3],,,,,2,999,-1,-1,-1,-1,,,,,
1021208,-1,,,,-1,-1,-1,1,[253],,,,,[3],,,,,2,999,-1,-1,-1,-1,,,,,
1021209,-1,,,,-1,-1,-1,1,[254],,,,,[3],,,,,2,999,-1,-1,-1,-1,,,,,
1021210,-1,,,,-1,-1,-1,1,[255],,,,,[3],,,,,2,999,-1,-1,-1,-1,,,,,
1021211,-1,,,,-1,-1,-1,1,[256],,,,,[3],,,,,2,999,-1,-1,-1,-1,,,,,
1021212,-1,,,,-1,-1,-1,1,[257],,,,,[3],,,,,2,999,-1,-1,-1,-1,,,,,
1021213,-1,,,,-1,-1,-1,1,[258],,,,,[3],,,,,2,999,-1,-1,-1,-1,,,,,
1021214,-1,,,,-1,-1,-1,1,[259],,,,,[3],,,,,2,999,-1,-1,-1,-1,,,,,
1021215,-1,,,,-1,-1,-1,1,[260],,,,,[3],,,,,2,999,-1,-1,-1,-1,,,,,
1021216,-1,,,,-1,-1,-1,1,[261],,,,,[3],,,,,2,999,-1,-1,-1,-1,,,,,
1021217,-1,,,,-1,-1,-1,1,[262],,,,,[3],,,,,2,999,-1,-1,-1,-1,,,,,
1021218,-1,,,,-1,-1,-1,1,[263],,,,,[3],,,,,2,999,-1,-1,-1,-1,,,,,
1021219,-1,,,,-1,-1,-1,1,[264],,,,,[3],,,,,2,999,-1,-1,-1,-1,,,,,
1021220,-1,,,,-1,-1,-1,1,[265],,,,,[3],,,,,2,999,-1,-1,-1,-1,,,,,
1021221,-1,,,,-1,-1,-1,1,[266],,,,,[3],,,,,2,999,-1,-1,-1,-1,,,,,
1021222,-1,,,,-1,-1,-1,1,[267],,,,,[3],,,,,2,999,-1,-1,-1,-1,,,,,
1021223,-1,,,,-1,-1,-1,1,[268],,,,,[3],,,,,2,999,-1,-1,-1,-1,,,,,
1021224,-1,,,,-1,-1,-1,1,[269],,,,,[3],,,,,2,999,-1,-1,-1,-1,,,,,
1021225,-1,,,,-1,-1,-1,1,[270],,,,,[3],,,,,2,999,-1,-1,-1,-1,,,,,
1021226,-1,,,,-1,-1,-1,1,[271],,,,,[3],,,,,2,999,-1,-1,-1,-1,,,,,
1021227,-1,,,,-1,-1,-1,1,[272],,,,,[3],,,,,2,999,-1,-1,-1,-1,,,,,
1021228,-1,,,,-1,-1,-1,1,[273],,,,,[3],,,,,2,999,-1,-1,-1,-1,,,,,
1021229,-1,,,,-1,-1,-1,1,[274],,,,,[3],,,,,2,999,-1,-1,-1,-1,,,,,
1021230,-1,,,,-1,-1,-1,1,[275],,,,,[3],,,,,2,999,-1,-1,-1,-1,,,,,
1021231,-1,,,,-1,-1,-1,1,[276],,,,,[3],,,,,2,999,-1,-1,-1,-1,,,,,
1021232,-1,,,,-1,-1,-1,1,[277],,,,,[3],,,,,2,999,-1,-1,-1,-1,,,,,
1021233,-1,,,,-1,-1,-1,1,[278],,,,,[3],,,,,2,999,-1,-1,-1,-1,,,,,
1021234,-1,,,,-1,-1,-1,1,[279],,,,,[3],,,,,2,999,-1,-1,-1,-1,,,,,
1021235,-1,,,,-1,-1,-1,1,[280],,,,,[3],,,,,2,999,-1,-1,-1,-1,,,,,
1021236,-1,,,,-1,-1,-1,1,[281],,,,,[3],,,,,2,999,-1,-1,-1,-1,,,,,
1021237,-1,,,,-1,-1,-1,1,[282],,,,,[3],,,,,2,999,-1,-1,-1,-1,,,,,
1021238,-1,,,,-1,-1,-1,1,[283],,,,,[3],,,,,2,999,-1,-1,-1,-1,,,,,
1021239,-1,,,,-1,-1,-1,1,[284],,,,,[3],,,,,2,999,-1,-1,-1,-1,,,,,
1021240,-1,,,,-1,-1,-1,1,[285],,,,,[3],,,,,2,999,-1,-1,-1,-1,,,,,
1021241,-1,,,,-1,-1,-1,1,[286],,,,,[3],,,,,2,999,-1,-1,-1,-1,,,,,
1021242,-1,,,,-1,-1,-1,1,[287],,,,,[3],,,,,2,999,-1,-1,-1,-1,,,,,
1021243,-1,,,,-1,-1,-1,1,[288],,,,,[3],,,,,2,999,-1,-1,-1,-1,,,,,
1021244,-1,,,,-1,-1,-1,1,[289],,,,,[3],,,,,2,999,-1,-1,-1,-1,,,,,
1021245,-1,,,,-1,-1,-1,1,[290],,,,,[3],,,,,2,999,-1,-1,-1,-1,,,,,
1021246,-1,,,,-1,-1,-1,1,[291],,,,,[3],,,,,2,999,-1,-1,-1,-1,,,,,
1021247,-1,,,,-1,-1,-1,1,[292],,,,,[3],,,,,2,999,-1,-1,-1,-1,,,,,
1021248,-1,,,,-1,-1,-1,1,[293],,,,,[3],,,,,2,999,-1,-1,-1,-1,,,,,
1021249,-1,,,,-1,-1,-1,1,[294],,,,,[3],,,,,2,999,-1,-1,-1,-1,,,,,
1021250,-1,,,,-1,-1,-1,1,[295],,,,,[3],,,,,2,999,-1,-1,-1,-1,,,,,
1021251,-1,,,,-1,-1,-1,1,[296],,,,,[3],,,,,2,999,-1,-1,-1,-1,,,,,
1021252,-1,,,,-1,-1,-1,1,[297],,,,,[3],,,,,2,999,-1,-1,-1,-1,,,,,
1021253,-1,,,,-1,-1,-1,1,[298],,,,,[3],,,,,2,999,-1,-1,-1,-1,,,,,
1021254,-1,,,,-1,-1,-1,1,[299],,,,,[3],,,,,2,999,-1,-1,-1,-1,,,,,
1021255,-1,,,,-1,-1,-1,1,[300],,,,,[3],,,,,2,999,-1,-1,-1,-1,,,,,
1021256,-1,,,,-1,-1,-1,1,[301],,,,,[3],,,,,2,999,-1,-1,-1,-1,,,,,
1021257,-1,,,,-1,-1,-1,1,[302],,,,,[3],,,,,2,999,-1,-1,-1,-1,,,,,
1021258,-1,,,,-1,-1,-1,1,[303],,,,,[3],,,,,2,999,-1,-1,-1,-1,,,,,
1021259,-1,,,,-1,-1,-1,1,[304],,,,,[3],,,,,2,999,-1,-1,-1,-1,,,,,
1021260,-1,,,,-1,-1,-1,1,[305],,,,,[3],,,,,2,999,-1,-1,-1,-1,,,,,
1021261,-1,,,,-1,-1,-1,1,[306],,,,,[3],,,,,2,999,-1,-1,-1,-1,,,,,
1021262,-1,,,,-1,-1,-1,1,[307],,,,,[3],,,,,2,999,-1,-1,-1,-1,,,,,
1021263,-1,,,,-1,-1,-1,1,[308],,,,,[3],,,,,2,999,-1,-1,-1,-1,,,,,
1021264,-1,,,,-1,-1,-1,1,[309],,,,,[3],,,,,2,999,-1,-1,-1,-1,,,,,
1021265,-1,,,,-1,-1,-1,1,[310],,,,,[3],,,,,2,999,-1,-1,-1,-1,,,,,
1021266,-1,,,,-1,-1,-1,1,[311],,,,,[3],,,,,2,999,-1,-1,-1,-1,,,,,
1021267,-1,,,,-1,-1,-1,1,[312],,,,,[3],,,,,2,999,-1,-1,-1,-1,,,,,
1021268,-1,,,,-1,-1,-1,1,[313],,,,,[3],,,,,2,999,-1,-1,-1,-1,,,,,
1021269,-1,,,,-1,-1,-1,1,[314],,,,,[3],,,,,2,999,-1,-1,-1,-1,,,,,
1021270,-1,,,,-1,-1,-1,1,[315],,,,,[3],,,,,2,999,-1,-1,-1,-1,,,,,
1021271,-1,,,,-1,-1,-1,1,[316],,,,,[3],,,,,2,999,-1,-1,-1,-1,,,,,
1021272,-1,,,,-1,-1,-1,1,[317],,,,,[3],,,,,2,999,-1,-1,-1,-1,,,,,
1021273,-1,,,,-1,-1,-1,1,[318],,,,,[3],,,,,2,999,-1,-1,-1,-1,,,,,
1021274,-1,,,,-1,-1,-1,1,[319],,,,,[3],,,,,2,999,-1,-1,-1,-1,,,,,
1021275,-1,,,,-1,-1,-1,1,[320],,,,,[3],,,,,2,999,-1,-1,-1,-1,,,,,
1021276,-1,,,,-1,-1,-1,1,[321],,,,,[3],,,,,2,999,-1,-1,-1,-1,,,,,
1021277,-1,,,,-1,-1,-1,1,[322],,,,,[3],,,,,2,999,-1,-1,-1,-1,,,,,
1021278,-1,,,,-1,-1,-1,1,[323],,,,,[3],,,,,2,999,-1,-1,-1,-1,,,,,
1021279,-1,,,,-1,-1,-1,1,[324],,,,,[3],,,,,2,999,-1,-1,-1,-1,,,,,
1021280,-1,,,,-1,-1,-1,1,[325],,,,,[3],,,,,2,999,-1,-1,-1,-1,,,,,
1021281,-1,,,,-1,-1,-1,1,[326],,,,,[3],,,,,2,999,-1,-1,-1,-1,,,,,
1021282,-1,,,,-1,-1,-1,1,[327],,,,,[3],,,,,2,999,-1,-1,-1,-1,,,,,
1021283,-1,,,,-1,-1,-1,1,[328],,,,,[3],,,,,2,999,-1,-1,-1,-1,,,,,
1021284,-1,,,,-1,-1,-1,1,[329],,,,,[3],,,,,2,999,-1,-1,-1,-1,,,,,
1021285,-1,,,,-1,-1,-1,1,[330],,,,,[3],,,,,2,999,-1,-1,-1,-1,,,,,
1021286,-1,,,,-1,-1,-1,1,[331],,,,,[3],,,,,2,999,-1,-1,-1,-1,,,,,
1021287,-1,,,,-1,-1,-1,1,[332],,,,,[3],,,,,2,999,-1,-1,-1,-1,,,,,
1021288,-1,,,,-1,-1,-1,1,[333],,,,,[3],,,,,2,999,-1,-1,-1,-1,,,,,
1021289,-1,,,,-1,-1,-1,1,[334],,,,,[3],,,,,2,999,-1,-1,-1,-1,,,,,
1021290,-1,,,,-1,-1,-1,1,[335],,,,,[3],,,,,2,999,-1,-1,-1,-1,,,,,
1021291,-1,,,,-1,-1,-1,1,[336],,,,,[3],,,,,2,999,-1,-1,-1,-1,,,,,
1021292,-1,,,,-1,-1,-1,1,[337],,,,,[3],,,,,2,999,-1,-1,-1,-1,,,,,
1021293,-1,,,,-1,-1,-1,1,[338],,,,,[3],,,,,2,999,-1,-1,-1,-1,,,,,
1021294,-1,,,,-1,-1,-1,1,[339],,,,,[3],,,,,2,999,-1,-1,-1,-1,,,,,
1021295,-1,,,,-1,-1,-1,1,[340],,,,,[3],,,,,2,999,-1,-1,-1,-1,,,,,
1021296,-1,,,,-1,-1,-1,1,[341],,,,,[3],,,,,2,999,-1,-1,-1,-1,,,,,
1021297,-1,,,,-1,-1,-1,1,[342],,,,,[3],,,,,2,999,-1,-1,-1,-1,,,,,
1021298,-1,,,,-1,-1,-1,1,[343],,,,,[3],,,,,2,999,-1,-1,-1,-1,,,,,
1021299,-1,,,,-1,-1,-1,1,[344],,,,,[3],,,,,2,999,-1,-1,-1,-1,,,,,
1021300,-1,,,,-1,-1,-1,1,[345],,,,,[3],,,,,2,999,-1,-1,-1,-1,,,,,
1021301,-1,,,,-1,-1,-1,1,[346],,,,,[3],,,,,2,999,-1,-1,-1,-1,,,,,
1021302,-1,,,,-1,-1,-1,1,[347],,,,,[3],,,,,2,999,-1,-1,-1,-1,,,,,
1021303,-1,,,,-1,-1,-1,1,[348],,,,,[3],,,,,2,999,-1,-1,-1,-1,,,,,
1021304,-1,,,,-1,-1,-1,1,[349],,,,,[3],,,,,2,999,-1,-1,-1,-1,,,,,
1021305,-1,,,,-1,-1,-1,1,[350],,,,,[3],,,,,2,999,-1,-1,-1,-1,,,,,
1021306,-1,,,,-1,-1,-1,1,[351],,,,,[3],,,,,2,999,-1,-1,-1,-1,,,,,
1021307,-1,,,,-1,-1,-1,1,[352],,,,,[3],,,,,2,999,-1,-1,-1,-1,,,,,
1021308,-1,,,,-1,-1,-1,1,[353],,,,,[3],,,,,2,999,-1,-1,-1,-1,,,,,
1021309,-1,,,,-1,-1,-1,1,[354],,,,,[3],,,,,2,999,-1,-1,-1,-1,,,,,
1021310,-1,,,,-1,-1,-1,1,[355],,,,,[3],,,,,2,999,-1,-1,-1,-1,,,,,
1021311,-1,,,,-1,-1,-1,1,[356],,,,,[3],,,,,2,999,-1,-1,-1,-1,,,,,
1021312,-1,,,,-1,-1,-1,1,[357],,,,,[3],,,,,2,999,-1,-1,-1,-1,,,,,
1021313,-1,,,,-1,-1,-1,1,[358],,,,,[3],,,,,2,999,-1,-1,-1,-1,,,,,
1021314,-1,,,,-1,-1,-1,1,[359],,,,,[3],,,,,2,999,-1,-1,-1,-1,,,,,
1021315,-1,,,,-1,-1,-1,1,[360],,,,,[3],,,,,2,999,-1,-1,-1,-1,,,,,
1021316,-1,,,,-1,-1,-1,1,[361],,,,,[3],,,,,2,999,-1,-1,-1,-1,,,,,
1021317,-1,,,,-1,-1,-1,1,[362],,,,,[3],,,,,2,999,-1,-1,-1,-1,,,,,
1021318,-1,,,,-1,-1,-1,1,[363],,,,,[3],,,,,2,999,-1,-1,-1,-1,,,,,
1021319,-1,,,,-1,-1,-1,1,[364],,,,,[3],,,,,2,999,-1,-1,-1,-1,,,,,
1021320,-1,,,,-1,-1,-1,1,[365],,,,,[3],,,,,2,999,-1,-1,-1,-1,,,,,
1021321,-1,,,,-1,-1,-1,1,[366],,,,,[3],,,,,2,999,-1,-1,-1,-1,,,,,
1021322,-1,,,,-1,-1,-1,1,[367],,,,,[3],,,,,2,999,-1,-1,-1,-1,,,,,
1021323,-1,,,,-1,-1,-1,1,[368],,,,,[3],,,,,2,999,-1,-1,-1,-1,,,,,
1021324,-1,,,,-1,-1,-1,1,[369],,,,,[3],,,,,2,999,-1,-1,-1,-1,,,,,
1021325,-1,,,,-1,-1,-1,1,[370],,,,,[3],,,,,2,999,-1,-1,-1,-1,,,,,
1021326,-1,,,,-1,-1,-1,1,[371],,,,,[3],,,,,2,999,-1,-1,-1,-1,,,,,
1021327,-1,,,,-1,-1,-1,1,[372],,,,,[3],,,,,2,999,-1,-1,-1,-1,,,,,
1021328,-1,,,,-1,-1,-1,1,[373],,,,,[3],,,,,2,999,-1,-1,-1,-1,,,,,
1021329,-1,,,,-1,-1,-1,1,[374],,,,,[3],,,,,2,999,-1,-1,-1,-1,,,,,
1021330,-1,,,,-1,-1,-1,1,[375],,,,,[3],,,,,2,999,-1,-1,-1,-1,,,,,
1021331,-1,,,,-1,-1,-1,1,[376],,,,,[3],,,,,2,999,-1,-1,-1,-1,,,,,
1021332,-1,,,,-1,-1,-1,1,[377],,,,,[3],,,,,2,999,-1,-1,-1,-1,,,,,
1021333,-1,,,,-1,-1,-1,1,[378],,,,,[3],,,,,2,999,-1,-1,-1,-1,,,,,
1021334,-1,,,,-1,-1,-1,1,[379],,,,,[3],,,,,2,999,-1,-1,-1,-1,,,,,
1021335,-1,,,,-1,-1,-1,1,[380],,,,,[3],,,,,2,999,-1,-1,-1,-1,,,,,
1021336,-1,,,,-1,-1,-1,1,[381],,,,,[3],,,,,2,999,-1,-1,-1,-1,,,,,
1021337,-1,,,,-1,-1,-1,1,[382],,,,,[3],,,,,2,999,-1,-1,-1,-1,,,,,
1021338,-1,,,,-1,-1,-1,1,[383],,,,,[3],,,,,2,999,-1,-1,-1,-1,,,,,
1021339,-1,,,,-1,-1,-1,1,[384],,,,,[3],,,,,2,999,-1,-1,-1,-1,,,,,
1021340,-1,,,,-1,-1,-1,1,[385],,,,,[3],,,,,2,999,-1,-1,-1,-1,,,,,
1021341,-1,,,,-1,-1,-1,1,[386],,,,,[3],,,,,2,999,-1,-1,-1,-1,,,,,
1021342,-1,,,,-1,-1,-1,1,[387],,,,,[3],,,,,2,999,-1,-1,-1,-1,,,,,
1021343,-1,,,,-1,-1,-1,1,[388],,,,,[3],,,,,2,999,-1,-1,-1,-1,,,,,
1021344,-1,,,,-1,-1,-1,1,[389],,,,,[3],,,,,2,999,-1,-1,-1,-1,,,,,
1021345,-1,,,,-1,-1,-1,1,[390],,,,,[3],,,,,2,999,-1,-1,-1,-1,,,,,
1021346,-1,,,,-1,-1,-1,1,[391],,,,,[3],,,,,2,999,-1,-1,-1,-1,,,,,
1021347,-1,,,,-1,-1,-1,1,[392],,,,,[3],,,,,2,999,-1,-1,-1,-1,,,,,
1021348,-1,,,,-1,-1,-1,1,[393],,,,,[3],,,,,2,999,-1,-1,-1,-1,,,,,
1021349,-1,,,,-1,-1,-1,1,[394],,,,,[3],,,,,2,999,-1,-1,-1,-1,,,,,
1021350,-1,,,,-1,-1,-1,1,[395],,,,,[3],,,,,2,999,-1,-1,-1,-1,,,,,
1021351,-1,,,,-1,-1,-1,1,[396],,,,,[3],,,,,2,999,-1,-1,-1,-1,,,,,
1021352,-1,,,,-1,-1,-1,1,[397],,,,,[3],,,,,2,999,-1,-1,-1,-1,,,,,
1021353,-1,,,,-1,-1,-1,1,[398],,,,,[3],,,,,2,999,-1,-1,-1,-1,,,,,
1021354,-1,,,,-1,-1,-1,1,[399],,,,,[3],,,,,2,999,-1,-1,-1,-1,,,,,
1021355,-1,,,,-1,-1,-1,1,[400],,,,,[3],,,,,2,999,-1,-1,-1,-1,,,,,
1021356,-1,,,,-1,-1,-1,1,[401],,,,,[3],,,,,2,999,-1,-1,-1,-1,,,,,
1021357,-1,,,,-1,-1,-1,1,[402],,,,,[3],,,,,2,999,-1,-1,-1,-1,,,,,
1021358,-1,,,,-1,-1,-1,1,[403],,,,,[3],,,,,2,999,-1,-1,-1,-1,,,,,
1021359,-1,,,,-1,-1,-1,1,[404],,,,,[3],,,,,2,999,-1,-1,-1,-1,,,,,
1021360,-1,,,,-1,-1,-1,1,[405],,,,,[3],,,,,2,999,-1,-1,-1,-1,,,,,
1021361,-1,,,,-1,-1,-1,1,[406],,,,,[3],,,,,2,999,-1,-1,-1,-1,,,,,
1021362,-1,,,,-1,-1,-1,1,[407],,,,,[3],,,,,2,999,-1,-1,-1,-1,,,,,
1021363,-1,,,,-1,-1,-1,1,[408],,,,,[3],,,,,2,999,-1,-1,-1,-1,,,,,
1021364,-1,,,,-1,-1,-1,1,[409],,,,,[3],,,,,2,999,-1,-1,-1,-1,,,,,
1021365,-1,,,,-1,-1,-1,1,[410],,,,,[3],,,,,2,999,-1,-1,-1,-1,,,,,
1021366,-1,,,,-1,-1,-1,1,[411],,,,,[3],,,,,2,999,-1,-1,-1,-1,,,,,
1021367,-1,,,,-1,-1,-1,1,[412],,,,,[3],,,,,2,999,-1,-1,-1,-1,,,,,
1021368,-1,,,,-1,-1,-1,1,[413],,,,,[3],,,,,2,999,-1,-1,-1,-1,,,,,
1021369,-1,,,,-1,-1,-1,1,[414],,,,,[3],,,,,2,999,-1,-1,-1,-1,,,,,
1021370,-1,,,,-1,-1,-1,1,[415],,,,,[3],,,,,2,999,-1,-1,-1,-1,,,,,
1021371,-1,,,,-1,-1,-1,1,[416],,,,,[3],,,,,2,999,-1,-1,-1,-1,,,,,
1021372,-1,,,,-1,-1,-1,1,[417],,,,,[3],,,,,2,999,-1,-1,-1,-1,,,,,
1021373,-1,,,,-1,-1,-1,1,[418],,,,,[3],,,,,2,999,-1,-1,-1,-1,,,,,
1021374,-1,,,,-1,-1,-1,1,[419],,,,,[3],,,,,2,999,-1,-1,-1,-1,,,,,
1021375,-1,,,,-1,-1,-1,1,[420],,,,,[3],,,,,2,999,-1,-1,-1,-1,,,,,
1021376,-1,,,,-1,-1,-1,1,[421],,,,,[3],,,,,2,999,-1,-1,-1,-1,,,,,
1021377,-1,,,,-1,-1,-1,1,[422],,,,,[3],,,,,2,999,-1,-1,-1,-1,,,,,
1021378,-1,,,,-1,-1,-1,1,[423],,,,,[3],,,,,2,999,-1,-1,-1,-1,,,,,
1021379,-1,,,,-1,-1,-1,1,[424],,,,,[3],,,,,2,999,-1,-1,-1,-1,,,,,
1021380,-1,,,,-1,-1,-1,1,[425],,,,,[3],,,,,2,999,-1,-1,-1,-1,,,,,
1021381,-1,,,,-1,-1,-1,1,[426],,,,,[3],,,,,2,999,-1,-1,-1,-1,,,,,
1021382,-1,,,,-1,-1,-1,1,[427],,,,,[3],,,,,2,999,-1,-1,-1,-1,,,,,
1021383,-1,,,,-1,-1,-1,1,[428],,,,,[3],,,,,2,999,-1,-1,-1,-1,,,,,
1021384,-1,,,,-1,-1,-1,1,[429],,,,,[3],,,,,2,999,-1,-1,-1,-1,,,,,
1021385,-1,,,,-1,-1,-1,1,[430],,,,,[3],,,,,2,999,-1,-1,-1,-1,,,,,
1021386,-1,,,,-1,-1,-1,1,[431],,,,,[3],,,,,2,999,-1,-1,-1,-1,,,,,
1021387,-1,,,,-1,-1,-1,1,[432],,,,,[3],,,,,2,999,-1,-1,-1,-1,,,,,
1021388,-1,,,,-1,-1,-1,1,[433],,,,,[3],,,,,2,999,-1,-1,-1,-1,,,,,
1021389,-1,,,,-1,-1,-1,1,[434],,,,,[3],,,,,2,999,-1,-1,-1,-1,,,,,
1021390,-1,,,,-1,-1,-1,1,[435],,,,,[3],,,,,2,999,-1,-1,-1,-1,,,,,
1021391,-1,,,,-1,-1,-1,1,[436],,,,,[3],,,,,2,999,-1,-1,-1,-1,,,,,
1021392,-1,,,,-1,-1,-1,1,[437],,,,,[3],,,,,2,999,-1,-1,-1,-1,,,,,
1021393,-1,,,,-1,-1,-1,1,[438],,,,,[3],,,,,2,999,-1,-1,-1,-1,,,,,
1021394,-1,,,,-1,-1,-1,1,[439],,,,,[3],,,,,2,999,-1,-1,-1,-1,,,,,
1021395,-1,,,,-1,-1,-1,1,[440],,,,,[3],,,,,2,999,-1,-1,-1,-1,,,,,
1021396,-1,,,,-1,-1,-1,1,[441],,,,,[3],,,,,2,999,-1,-1,-1,-1,,,,,
1021397,-1,,,,-1,-1,-1,1,[442],,,,,[3],,,,,2,999,-1,-1,-1,-1,,,,,
1021398,-1,,,,-1,-1,-1,1,[443],,,,,[3],,,,,2,999,-1,-1,-1,-1,,,,,
1021399,-1,,,,-1,-1,-1,1,[444],,,,,[3],,,,,2,999,-1,-1,-1,-1,,,,,
1021400,-1,,,,-1,-1,-1,1,[445],,,,,[3],,,,,2,999,-1,-1,-1,-1,,,,,
1021401,-1,,,,-1,-1,-1,1,[446],,,,,[3],,,,,2,999,-1,-1,-1,-1,,,,,
1021402,-1,,,,-1,-1,-1,1,[447],,,,,[3],,,,,2,999,-1,-1,-1,-1,,,,,
1021403,-1,,,,-1,-1,-1,1,[448],,,,,[3],,,,,2,999,-1,-1,-1,-1,,,,,
1021404,-1,,,,-1,-1,-1,1,[449],,,,,[3],,,,,2,999,-1,-1,-1,-1,,,,,
1021405,-1,,,,-1,-1,-1,1,[450],,,,,[3],,,,,2,999,-1,-1,-1,-1,,,,,
1021406,-1,,,,-1,-1,-1,1,[451],,,,,[3],,,,,2,999,-1,-1,-1,-1,,,,,
1021407,-1,,,,-1,-1,-1,1,[452],,,,,[3],,,,,2,999,-1,-1,-1,-1,,,,,
1021408,-1,,,,-1,-1,-1,1,[453],,,,,[3],,,,,2,999,-1,-1,-1,-1,,,,,
1021409,-1,,,,-1,-1,-1,1,[454],,,,,[3],,,,,2,999,-1,-1,-1,-1,,,,,
1021410,-1,,,,-1,-1,-1,1,[455],,,,,[3],,,,,2,999,-1,-1,-1,-1,,,,,
1021411,-1,,,,-1,-1,-1,1,[456],,,,,[3],,,,,2,999,-1,-1,-1,-1,,,,,
1021412,-1,,,,-1,-1,-1,1,[457],,,,,[3],,,,,2,999,-1,-1,-1,-1,,,,,
1021413,-1,,,,-1,-1,-1,1,[458],,,,,[3],,,,,2,999,-1,-1,-1,-1,,,,,
1021414,-1,,,,-1,-1,-1,1,[459],,,,,[3],,,,,2,999,-1,-1,-1,-1,,,,,
1021415,-1,,,,-1,-1,-1,1,[460],,,,,[3],,,,,2,999,-1,-1,-1,-1,,,,,
1021416,-1,,,,-1,-1,-1,1,[461],,,,,[3],,,,,2,999,-1,-1,-1,-1,,,,,
1021417,-1,,,,-1,-1,-1,1,[462],,,,,[3],,,,,2,999,-1,-1,-1,-1,,,,,
1021418,-1,,,,-1,-1,-1,1,[463],,,,,[3],,,,,2,999,-1,-1,-1,-1,,,,,
1021419,-1,,,,-1,-1,-1,1,[464],,,,,[3],,,,,2,999,-1,-1,-1,-1,,,,,
1021420,-1,,,,-1,-1,-1,1,[465],,,,,[3],,,,,2,999,-1,-1,-1,-1,,,,,
1021421,-1,,,,-1,-1,-1,1,[466],,,,,[3],,,,,2,999,-1,-1,-1,-1,,,,,
1021422,-1,,,,-1,-1,-1,1,[467],,,,,[3],,,,,2,999,-1,-1,-1,-1,,,,,
1021423,-1,,,,-1,-1,-1,1,[468],,,,,[3],,,,,2,999,-1,-1,-1,-1,,,,,
1021424,-1,,,,-1,-1,-1,1,[469],,,,,[3],,,,,2,999,-1,-1,-1,-1,,,,,
1021425,-1,,,,-1,-1,-1,1,[470],,,,,[3],,,,,2,999,-1,-1,-1,-1,,,,,
1021426,-1,,,,-1,-1,-1,1,[471],,,,,[3],,,,,2,999,-1,-1,-1,-1,,,,,
1021427,-1,,,,-1,-1,-1,1,[472],,,,,[3],,,,,2,999,-1,-1,-1,-1,,,,,
1021428,-1,,,,-1,-1,-1,1,[473],,,,,[3],,,,,2,999,-1,-1,-1,-1,,,,,
1021429,-1,,,,-1,-1,-1,1,[474],,,,,[3],,,,,2,999,-1,-1,-1,-1,,,,,
1021430,-1,,,,-1,-1,-1,1,[475],,,,,[3],,,,,2,999,-1,-1,-1,-1,,,,,
1021431,-1,,,,-1,-1,-1,1,[476],,,,,[3],,,,,2,999,-1,-1,-1,-1,,,,,
1021432,-1,,,,-1,-1,-1,1,[477],,,,,[3],,,,,2,999,-1,-1,-1,-1,,,,,
1021433,-1,,,,-1,-1,-1,1,[478],,,,,[3],,,,,2,999,-1,-1,-1,-1,,,,,
1021434,-1,,,,-1,-1,-1,1,[479],,,,,[3],,,,,2,999,-1,-1,-1,-1,,,,,
1021435,-1,,,,-1,-1,-1,1,[480],,,,,[3],,,,,2,999,-1,-1,-1,-1,,,,,
1021436,-1,,,,-1,-1,-1,1,[481],,,,,[3],,,,,2,999,-1,-1,-1,-1,,,,,
1021437,-1,,,,-1,-1,-1,1,[482],,,,,[3],,,,,2,999,-1,-1,-1,-1,,,,,
1021438,-1,,,,-1,-1,-1,1,[483],,,,,[3],,,,,2,999,-1,-1,-1,-1,,,,,
1021439,-1,,,,-1,-1,-1,1,[484],,,,,[3],,,,,2,999,-1,-1,-1,-1,,,,,
1021440,-1,,,,-1,-1,-1,1,[485],,,,,[3],,,,,2,999,-1,-1,-1,-1,,,,,
1021441,-1,,,,-1,-1,-1,1,[486],,,,,[3],,,,,2,999,-1,-1,-1,-1,,,,,
1021442,-1,,,,-1,-1,-1,1,[487],,,,,[3],,,,,2,999,-1,-1,-1,-1,,,,,
1021443,-1,,,,-1,-1,-1,1,[488],,,,,[3],,,,,2,999,-1,-1,-1,-1,,,,,
1021444,-1,,,,-1,-1,-1,1,[489],,,,,[3],,,,,2,999,-1,-1,-1,-1,,,,,
1021445,-1,,,,-1,-1,-1,1,[490],,,,,[3],,,,,2,999,-1,-1,-1,-1,,,,,
1021446,-1,,,,-1,-1,-1,1,[491],,,,,[3],,,,,2,999,-1,-1,-1,-1,,,,,
1021447,-1,,,,-1,-1,-1,1,[492],,,,,[3],,,,,2,999,-1,-1,-1,-1,,,,,
1021448,-1,,,,-1,-1,-1,1,[493],,,,,[3],,,,,2,999,-1,-1,-1,-1,,,,,
1021449,-1,,,,-1,-1,-1,1,[494],,,,,[3],,,,,2,999,-1,-1,-1,-1,,,,,
1021450,-1,,,,-1,-1,-1,1,[495],,,,,[3],,,,,2,999,-1,-1,-1,-1,,,,,
1022001,-1,,,,-1,-1,-1,1,[4],[4],[1],,,[4],[5],[6],,,2,999,999,999,-1,-1,,,,,
1022002,-1,,,,-1,-1,-1,1,[5],[5],[2],,,[4],[5],[6],,,2,999,999,999,-1,-1,,,,,
1022003,-1,,,,-1,-1,-1,1,[6],[6],[3],,,[4],[5],[6],,,2,999,999,999,-1,-1,,,,,
1022004,-1,,,,-1,-1,-1,1,[7],[7],[4],,,[4],[5],[6],,,2,999,999,999,-1,-1,,,,,
1022005,-1,,,,-1,-1,-1,1,[8],[8],[5],,,[4],[5],[6],,,2,999,999,999,-1,-1,,,,,
1022006,-1,,,,-1,-1,-1,1,[10],[10],[6],,,[4],[5],[6],,,2,999,999,999,-1,-1,,,,,
1022007,-1,,,,-1,-1,-1,1,[11],[11],[7],,,[4],[5],[6],,,2,999,999,999,-1,-1,,,,,
1022008,-1,,,,-1,-1,-1,1,[12],[12],[8],,,[4],[5],[6],,,2,999,999,999,-1,-1,,,,,
1022009,-1,,,,-1,-1,-1,1,[13],[13],[9],,,[4],[5],[6],,,2,999,999,999,-1,-1,,,,,
1022010,-1,,,,-1,-1,-1,1,[14],[14],[10],,,[4],[5],[6],,,2,999,999,999,-1,-1,,,,,
1022011,-1,,,,-1,-1,-1,1,[15],[15],[11],,,[4],[5],[6],,,2,999,999,999,-1,-1,,,,,
1022012,-1,,,,-1,-1,-1,1,[16],[16],[12],,,[4],[5],[6],,,2,999,999,999,-1,-1,,,,,
1022013,-1,,,,-1,-1,-1,1,[17],[17],[13],,,[4],[5],[6],,,2,999,999,999,-1,-1,,,,,
1022014,-1,,,,-1,-1,-1,1,[18],[18],[14],,,[4],[5],[6],,,2,999,999,999,-1,-1,,,,,
1022015,-1,,,,-1,-1,-1,1,[19],[19],[15],,,[4],[5],[6],,,2,999,999,999,-1,-1,,,,,
1022016,-1,,,,-1,-1,-1,1,[20],[20],[16],,,[4],[5],[6],,,2,999,999,999,-1,-1,,,,,
1022017,-1,,,,-1,-1,-1,1,[21],[21],[17],,,[4],[5],[6],,,2,999,999,999,-1,-1,,,,,
1022018,-1,,,,-1,-1,-1,1,[22],[22],[18],,,[4],[5],[6],,,2,999,999,999,-1,-1,,,,,
1022019,-1,,,,-1,-1,-1,1,[23],[23],[19],,,[4],[5],[6],,,2,999,999,999,-1,-1,,,,,
1022020,-1,,,,-1,-1,-1,1,[24],[24],[20],,,[4],[5],[6],,,2,999,999,999,-1,-1,,,,,
1022021,-1,,,,-1,-1,-1,1,[25],[25],[21],,,[4],[5],[6],,,2,999,999,999,-1,-1,,,,,
1022022,-1,,,,-1,-1,-1,1,[26],[26],[22],,,[4],[5],[6],,,2,999,999,999,-1,-1,,,,,
1022023,-1,,,,-1,-1,-1,1,[27],[27],[23],,,[4],[5],[6],,,2,999,999,999,-1,-1,,,,,
1022024,-1,,,,-1,-1,-1,1,[28],[28],[24],,,[4],[5],[6],,,2,999,999,999,-1,-1,,,,,
1022025,-1,,,,-1,-1,-1,1,[29],[29],[25],,,[4],[5],[6],,,2,999,999,999,-1,-1,,,,,
1022026,-1,,,,-1,-1,-1,1,[30],[30],[26],,,[4],[5],[6],,,2,999,999,999,-1,-1,,,,,
1022027,-1,,,,-1,-1,-1,1,[31],[31],[27],,,[4],[5],[6],,,2,999,999,999,-1,-1,,,,,
1022028,-1,,,,-1,-1,-1,1,[32],[32],[28],,,[4],[5],[6],,,2,999,999,999,-1,-1,,,,,
1022029,-1,,,,-1,-1,-1,1,[33],[33],[29],,,[4],[5],[6],,,2,999,999,999,-1,-1,,,,,
1022030,-1,,,,-1,-1,-1,1,[34],[34],[30],,,[4],[5],[6],,,2,999,999,999,-1,-1,,,,,
1022031,-1,,,,-1,-1,-1,1,[35],[35],[31],,,[4],[5],[6],,,2,999,999,999,-1,-1,,,,,
1022032,-1,,,,-1,-1,-1,1,[36],[36],[32],,,[4],[5],[6],,,2,999,999,999,-1,-1,,,,,
1022033,-1,,,,-1,-1,-1,1,[37],[37],[33],,,[4],[5],[6],,,2,999,999,999,-1,-1,,,,,
1022034,-1,,,,-1,-1,-1,1,[38],[38],[34],,,[4],[5],[6],,,2,999,999,999,-1,-1,,,,,
1022035,-1,,,,-1,-1,-1,1,[39],[39],[35],,,[4],[5],[6],,,2,999,999,999,-1,-1,,,,,
1022036,-1,,,,-1,-1,-1,1,[55],[55],[36],,,[4],[5],[6],,,2,999,999,999,-1,-1,,,,,
1022037,-1,,,,-1,-1,-1,1,[56],[56],[37],,,[4],[5],[6],,,2,999,999,999,-1,-1,,,,,
1022038,-1,,,,-1,-1,-1,1,[57],[57],[38],,,[4],[5],[6],,,2,999,999,999,-1,-1,,,,,
1022039,-1,,,,-1,-1,-1,1,[58],[58],[39],,,[4],[5],[6],,,2,999,999,999,-1,-1,,,,,
1022040,-1,,,,-1,-1,-1,1,[59],[59],[40],,,[4],[5],[6],,,2,999,999,999,-1,-1,,,,,
1022041,-1,,,,-1,-1,-1,1,[80],[80],[41],,,[4],[5],[6],,,2,999,999,999,-1,-1,,,,,
1022042,-1,,,,-1,-1,-1,1,[81],[81],[42],,,[4],[5],[6],,,2,999,999,999,-1,-1,,,,,
1022043,-1,,,,-1,-1,-1,1,[82],[82],[43],,,[4],[5],[6],,,2,999,999,999,-1,-1,,,,,
1022044,-1,,,,-1,-1,-1,1,[83],[83],[44],,,[4],[5],[6],,,2,999,999,999,-1,-1,,,,,
1022045,-1,,,,-1,-1,-1,1,[84],[84],[45],,,[4],[5],[6],,,2,999,999,999,-1,-1,,,,,
1022046,-1,,,,-1,-1,-1,1,[95],[95],[47],,,[4],[5],[6],,,2,999,999,999,-1,-1,,,,,
1022047,-1,,,,-1,-1,-1,1,[96],[96],[48],,,[4],[5],[6],,,2,999,999,999,-1,-1,,,,,
1022048,-1,,,,-1,-1,-1,1,[97],[97],[48],,,[4],[5],[6],,,2,999,999,999,-1,-1,,,,,
1022049,-1,,,,-1,-1,-1,1,[98],[98],[49],,,[4],[5],[6],,,2,999,999,999,-1,-1,,,,,
1022050,-1,,,,-1,-1,-1,1,[99],[99],[49],,,[4],[5],[6],,,2,999,999,999,-1,-1,,,,,
1022051,-1,,,,-1,-1,-1,1,[116],[116],[58],,,[4],[5],[6],,,2,999,999,999,-1,-1,,,,,
1022052,-1,,,,-1,-1,-1,1,[117],[117],[58],,,[4],[5],[6],,,2,999,999,999,-1,-1,,,,,
1022053,-1,,,,-1,-1,-1,1,[118],[118],[59],,,[4],[5],[6],,,2,999,999,999,-1,-1,,,,,
1022054,-1,,,,-1,-1,-1,1,[119],[119],[59],,,[4],[5],[6],,,2,999,999,999,-1,-1,,,,,
1022055,-1,,,,-1,-1,-1,1,[120],[120],[60],,,[4],[5],[6],,,2,999,999,999,-1,-1,,,,,
1022056,-1,,,,-1,-1,-1,1,[157],[157],[78],,,[4],[5],[6],,,2,999,999,999,-1,-1,,,,,
1022057,-1,,,,-1,-1,-1,1,[159],[159],[79],,,[4],[5],[6],,,2,999,999,999,-1,-1,,,,,
1022058,-1,,,,-1,-1,-1,1,[161],[161],[80],,,[4],[5],[6],,,2,999,999,999,-1,-1,,,,,
1022059,-1,,,,-1,-1,-1,1,[164],[164],[82],,,[4],[5],[6],,,2,999,999,999,-1,-1,,,,,
1022060,-1,,,,-1,-1,-1,1,[166],[166],[83],,,[4],[5],[6],,,2,999,999,999,-1,-1,,,,,
1022061,-1,,,,-1,-1,-1,1,[169],[169],[84],,,[4],[5],[6],,,2,999,999,999,-1,-1,,,,,
1022062,-1,,,,-1,-1,-1,1,[172],[172],[86],,,[4],[5],[6],,,2,999,999,999,-1,-1,,,,,
1022063,-1,,,,-1,-1,-1,1,[175],[175],[87],,,[4],[5],[6],,,2,999,999,999,-1,-1,,,,,
1022064,-1,,,,-1,-1,-1,1,[178],[178],[89],,,[4],[5],[6],,,2,999,999,999,-1,-1,,,,,
1022065,-1,,,,-1,-1,-1,1,[181],[181],[90],,,[4],[5],[6],,,2,999,999,999,-1,-1,,,,,
1022066,-1,,,,-1,-1,-1,1,[184],[184],[92],,,[4],[5],[6],,,2,999,999,999,-1,-1,,,,,
1022067,-1,,,,-1,-1,-1,1,[189],[189],[94],,,[4],[5],[6],,,2,999,999,999,-1,-1,,,,,
1022068,-1,,,,-1,-1,-1,1,[195],[195],[97],,,[4],[5],[6],,,2,999,999,999,-1,-1,,,,,
1022069,-1,,,,-1,-1,-1,1,[201],[201],[100],,,[4],[5],[6],,,2,999,999,999,-1,-1,,,,,
1022070,-1,,,,-1,-1,-1,1,[207],[207],[103],,,[4],[5],[6],,,2,999,999,999,-1,-1,,,,,
1022071,-1,,,,-1,-1,-1,1,[213],[213],[106],,,[4],[5],[6],,,2,999,999,999,-1,-1,,,,,
1022072,-1,,,,-1,-1,-1,1,[216],[216],[108],,,[4],[5],[6],,,2,999,999,999,-1,-1,,,,,
1022073,-1,,,,-1,-1,-1,1,[219],[219],[109],,,[4],[5],[6],,,2,999,999,999,-1,-1,,,,,
1022074,-1,,,,-1,-1,-1,1,[223],[223],[111],,,[4],[5],[6],,,2,999,999,999,-1,-1,,,,,
1022075,-1,,,,-1,-1,-1,1,[226],[226],[113],,,[4],[5],[6],,,2,999,999,999,-1,-1,,,,,
1022076,-1,,,,-1,-1,-1,1,[230],[230],[115],,,[4],[5],[6],,,2,999,999,999,-1,-1,,,,,
1022077,-1,,,,-1,-1,-1,1,[233],[233],[116],,,[4],[5],[6],,,2,999,999,999,-1,-1,,,,,
1022078,-1,,,,-1,-1,-1,1,[236],[236],[118],,,[4],[5],[6],,,2,999,999,999,-1,-1,,,,,
1022079,-1,,,,-1,-1,-1,1,[239],[239],[119],,,[4],[5],[6],,,2,999,999,999,-1,-1,,,,,
1022080,-1,,,,-1,-1,-1,1,[242],[242],[121],,,[4],[5],[6],,,2,999,999,999,-1,-1,,,,,
1022081,-1,,,,-1,-1,-1,1,[245],[245],[122],,,[4],[5],[6],,,2,999,999,999,-1,-1,,,,,
1022082,-1,,,,-1,-1,-1,1,[248],[248],[124],,,[4],[5],[6],,,2,999,999,999,-1,-1,,,,,
1022083,-1,,,,-1,-1,-1,1,[251],[251],[125],,,[4],[5],[6],,,2,999,999,999,-1,-1,,,,,
1022084,-1,,,,-1,-1,-1,1,[254],[254],[127],,,[4],[5],[6],,,2,999,999,999,-1,-1,,,,,
1022085,-1,,,,-1,-1,-1,1,[257],[257],[128],,,[4],[5],[6],,,2,999,999,999,-1,-1,,,,,
1022086,-1,,,,-1,-1,-1,1,[260],[260],[130],,,[4],[5],[6],,,2,999,999,999,-1,-1,,,,,
1022087,-1,,,,-1,-1,-1,1,[268],[268],[134],,,[4],[5],[6],,,2,999,999,999,-1,-1,,,,,
1022088,-1,,,,-1,-1,-1,1,[277],[277],[138],,,[4],[5],[6],,,2,999,999,999,-1,-1,,,,,
1022089,-1,,,,-1,-1,-1,1,[286],[286],[143],,,[4],[5],[6],,,2,999,999,999,-1,-1,,,,,
1022090,-1,,,,-1,-1,-1,1,[295],[295],[147],,,[4],[5],[6],,,2,999,999,999,-1,-1,,,,,
1022091,-1,,,,-1,-1,-1,1,[304],[304],[152],,,[4],[5],[6],,,2,999,999,999,-1,-1,,,,,
1022092,-1,,,,-1,-1,-1,1,[310],[310],[155],,,[4],[5],[6],,,2,999,999,999,-1,-1,,,,,
1022093,-1,,,,-1,-1,-1,1,[316],[316],[158],,,[4],[5],[6],,,2,999,999,999,-1,-1,,,,,
1022094,-1,,,,-1,-1,-1,1,[322],[322],[161],,,[4],[5],[6],,,2,999,999,999,-1,-1,,,,,
1022095,-1,,,,-1,-1,-1,1,[328],[328],[164],,,[4],[5],[6],,,2,999,999,999,-1,-1,,,,,
1022096,-1,,,,-1,-1,-1,1,[334],[334],[167],,,[4],[5],[6],,,2,999,999,999,-1,-1,,,,,
1022097,-1,,,,-1,-1,-1,1,[340],[340],[170],,,[4],[5],[6],,,2,999,999,999,-1,-1,,,,,
1022098,-1,,,,-1,-1,-1,1,[347],[347],[173],,,[4],[5],[6],,,2,999,999,999,-1,-1,,,,,
1022099,-1,,,,-1,-1,-1,1,[354],[354],[177],,,[4],[5],[6],,,2,999,999,999,-1,-1,,,,,
1022100,-1,,,,-1,-1,-1,1,[361],[361],[180],,,[4],[5],[6],,,2,999,999,999,-1,-1,,,,,
1022101,-1,,,,-1,-1,-1,1,[368],[368],[184],,,[4],[5],[6],,,2,999,999,999,-1,-1,,,,,
1022102,-1,,,,-1,-1,-1,1,[375],[375],[187],,,[4],[5],[6],,,2,999,999,999,-1,-1,,,,,
1022103,-1,,,,-1,-1,-1,1,[382],[382],[191],,,[4],[5],[6],,,2,999,999,999,-1,-1,,,,,
1022104,-1,,,,-1,-1,-1,1,[389],[389],[194],,,[4],[5],[6],,,2,999,999,999,-1,-1,,,,,
1022105,-1,,,,-1,-1,-1,1,[396],[396],[198],,,[4],[5],[6],,,2,999,999,999,-1,-1,,,,,
1022106,-1,,,,-1,-1,-1,1,[403],[403],[201],,,[4],[5],[6],,,2,999,999,999,-1,-1,,,,,
1022107,-1,,,,-1,-1,-1,1,[410],[410],[205],,,[4],[5],[6],,,2,999,999,999,-1,-1,,,,,
1022108,-1,,,,-1,-1,-1,1,[417],[417],[208],,,[4],[5],[6],,,2,999,999,999,-1,-1,,,,,
1022109,-1,,,,-1,-1,-1,1,[424],[424],[212],,,[4],[5],[6],,,2,999,999,999,-1,-1,,,,,
1022110,-1,,,,-1,-1,-1,1,[431],[431],[215],,,[4],[5],[6],,,2,999,999,999,-1,-1,,,,,
1022111,-1,,,,-1,-1,-1,1,[438],[438],[219],,,[4],[5],[6],,,2,999,999,999,-1,-1,,,,,
1022112,-1,,,,-1,-1,-1,1,[445],[445],[222],,,[4],[5],[6],,,2,999,999,999,-1,-1,,,,,
1022113,-1,,,,-1,-1,-1,1,[452],[452],[226],,,[4],[5],[6],,,2,999,999,999,-1,-1,,,,,
1022114,-1,,,,-1,-1,-1,1,[459],[459],[229],,,[4],[5],[6],,,2,999,999,999,-1,-1,,,,,
1022115,-1,,,,-1,-1,-1,1,[466],[466],[233],,,[4],[5],[6],,,2,999,999,999,-1,-1,,,,,
1022116,-1,,,,-1,-1,-1,1,[474],[474],[237],,,[4],[5],[6],,,2,999,999,999,-1,-1,,,,,
1022117,-1,,,,-1,-1,-1,1,[482],[482],[241],,,[4],[5],[6],,,2,999,999,999,-1,-1,,,,,
1022118,-1,,,,-1,-1,-1,1,[490],[490],[245],,,[4],[5],[6],,,2,999,999,999,-1,-1,,,,,
1022119,-1,,,,-1,-1,-1,1,[498],[498],[249],,,[4],[5],[6],,,2,999,999,999,-1,-1,,,,,
1022120,-1,,,,-1,-1,-1,1,[506],[506],[252],,,[4],[5],[6],,,2,999,999,999,-1,-1,,,,,
1022121,-1,,,,-1,-1,-1,1,[514],[514],[252],,,[4],[5],[6],,,2,999,999,999,-1,-1,,,,,
1022122,-1,,,,-1,-1,-1,1,[524],[524],[252],,,[4],[5],[6],,,2,999,999,999,-1,-1,,,,,
1022123,-1,,,,-1,-1,-1,1,[534],[534],[254],,,[4],[5],[6],,,2,999,999,999,-1,-1,,,,,
1022124,-1,,,,-1,-1,-1,1,[544],[544],[256],,,[4],[5],[6],,,2,999,999,999,-1,-1,,,,,
1022125,-1,,,,-1,-1,-1,1,[554],[554],[258],,,[4],[5],[6],,,2,999,999,999,-1,-1,,,,,
1022126,-1,,,,-1,-1,-1,1,[564],[564],[260],,,[4],[5],[6],,,2,999,999,999,-1,-1,,,,,
1022127,-1,,,,-1,-1,-1,1,[569],[569],[264],,,[4],[5],[6],,,2,999,999,999,-1,-1,,,,,
1022128,-1,,,,-1,-1,-1,1,[575],[575],[270],,,[4],[5],[6],,,2,999,999,999,-1,-1,,,,,
1022129,-1,,,,-1,-1,-1,1,[580],[580],[274],,,[4],[5],[6],,,2,999,999,999,-1,-1,,,,,
1022130,-1,,,,-1,-1,-1,1,[586],[586],[280],,,[4],[5],[6],,,2,999,999,999,-1,-1,,,,,
1022131,-1,,,,-1,-1,-1,1,[592],[592],[286],,,[4],[5],[6],,,2,999,999,999,-1,-1,,,,,
1022132,-1,,,,-1,-1,-1,1,[597],[597],[290],,,[4],[5],[6],,,2,999,999,999,-1,-1,,,,,
1022133,-1,,,,-1,-1,-1,1,[603],[603],[296],,,[4],[5],[6],,,2,999,999,999,-1,-1,,,,,
1022134,-1,,,,-1,-1,-1,1,[608],[608],[300],,,[4],[5],[6],,,2,999,999,999,-1,-1,,,,,
1022135,-1,,,,-1,-1,-1,1,[614],[614],[306],,,[4],[5],[6],,,2,999,999,999,-1,-1,,,,,
1022136,-1,,,,-1,-1,-1,1,[620],[620],[312],,,[4],[5],[6],,,2,999,999,999,-1,-1,,,,,
1022137,-1,,,,-1,-1,-1,1,[627],[627],[316],,,[4],[5],[6],,,2,999,999,999,-1,-1,,,,,
1022138,-1,,,,-1,-1,-1,1,[634],[634],[320],,,[4],[5],[6],,,2,999,999,999,-1,-1,,,,,
1022139,-1,,,,-1,-1,-1,1,[641],[641],[324],,,[4],[5],[6],,,2,999,999,999,-1,-1,,,,,
1022140,-1,,,,-1,-1,-1,1,[648],[648],[328],,,[4],[5],[6],,,2,999,999,999,-1,-1,,,,,
1022141,-1,,,,-1,-1,-1,1,[656],[656],[332],,,[4],[5],[6],,,2,999,999,999,-1,-1,,,,,
1022142,-1,,,,-1,-1,-1,1,[663],[663],[336],,,[4],[5],[6],,,2,999,999,999,-1,-1,,,,,
1022143,-1,,,,-1,-1,-1,1,[670],[670],[340],,,[4],[5],[6],,,2,999,999,999,-1,-1,,,,,
1022144,-1,,,,-1,-1,-1,1,[677],[677],[344],,,[4],[5],[6],,,2,999,999,999,-1,-1,,,,,
1022145,-1,,,,-1,-1,-1,1,[684],[684],[348],,,[4],[5],[6],,,2,999,999,999,-1,-1,,,,,
1022146,-1,,,,-1,-1,-1,1,[692],[692],[352],,,[4],[5],[6],,,2,999,999,999,-1,-1,,,,,
1022147,-1,,,,-1,-1,-1,1,[697],[697],[354],,,[4],[5],[6],,,2,999,999,999,-1,-1,,,,,
1022148,-1,,,,-1,-1,-1,1,[702],[702],[356],,,[4],[5],[6],,,2,999,999,999,-1,-1,,,,,
1022149,-1,,,,-1,-1,-1,1,[707],[707],[358],,,[4],[5],[6],,,2,999,999,999,-1,-1,,,,,
1022150,-1,,,,-1,-1,-1,1,[712],[712],[360],,,[4],[5],[6],,,2,999,999,999,-1,-1,,,,,
1022151,-1,,,,-1,-1,-1,1,[717],[717],[364],,,[4],[5],[6],,,2,999,999,999,-1,-1,,,,,
1022152,-1,,,,-1,-1,-1,1,[722],[722],[366],,,[4],[5],[6],,,2,999,999,999,-1,-1,,,,,
1022153,-1,,,,-1,-1,-1,1,[727],[727],[368],,,[4],[5],[6],,,2,999,999,999,-1,-1,,,,,
1022154,-1,,,,-1,-1,-1,1,[732],[732],[372],,,[4],[5],[6],,,2,999,999,999,-1,-1,,,,,
1022155,-1,,,,-1,-1,-1,1,[737],[737],[374],,,[4],[5],[6],,,2,999,999,999,-1,-1,,,,,
1022156,-1,,,,-1,-1,-1,1,[743],[743],[378],,,[4],[5],[6],,,2,999,999,999,-1,-1,,,,,
1022157,-1,,,,-1,-1,-1,1,[745],[745],[378],,,[4],[5],[6],,,2,999,999,999,-1,-1,,,,,
1022158,-1,,,,-1,-1,-1,1,[748],[748],[380],,,[4],[5],[6],,,2,999,999,999,-1,-1,,,,,
1022159,-1,,,,-1,-1,-1,1,[750],[750],[380],,,[4],[5],[6],,,2,999,999,999,-1,-1,,,,,
1022160,-1,,,,-1,-1,-1,1,[753],[753],[382],,,[4],[5],[6],,,2,999,999,999,-1,-1,,,,,
1022161,-1,,,,-1,-1,-1,1,[756],[756],[384],,,[4],[5],[6],,,2,999,999,999,-1,-1,,,,,
1022162,-1,,,,-1,-1,-1,1,[758],[758],[384],,,[4],[5],[6],,,2,999,999,999,-1,-1,,,,,
1022163,-1,,,,-1,-1,-1,1,[761],[761],[386],,,[4],[5],[6],,,2,999,999,999,-1,-1,,,,,
1022164,-1,,,,-1,-1,-1,1,[764],[764],[386],,,[4],[5],[6],,,2,999,999,999,-1,-1,,,,,
1022165,-1,,,,-1,-1,-1,1,[767],[767],[388],,,[4],[5],[6],,,2,999,999,999,-1,-1,,,,,
1022166,-1,,,,-1,-1,-1,1,[770],[770],[390],,,[4],[5],[6],,,2,999,999,999,-1,-1,,,,,
1022167,-1,,,,-1,-1,-1,1,[774],[774],[392],,,[4],[5],[6],,,2,999,999,999,-1,-1,,,,,
1022168,-1,,,,-1,-1,-1,1,[779],[779],[394],,,[4],[5],[6],,,2,999,999,999,-1,-1,,,,,
1022169,-1,,,,-1,-1,-1,1,[783],[783],[396],,,[4],[5],[6],,,2,999,999,999,-1,-1,,,,,
1022170,-1,,,,-1,-1,-1,1,[796],[796],[398],,,[4],[5],[6],,,2,999,999,999,-1,-1,,,,,
1022171,-1,,,,-1,-1,-1,1,[800],[800],[400],,,[4],[5],[6],,,2,999,999,999,-1,-1,,,,,
1022172,-1,,,,-1,-1,-1,1,[804],[804],[402],,,[4],[5],[6],,,2,999,999,999,-1,-1,,,,,
1022173,-1,,,,-1,-1,-1,1,[808],[808],[404],,,[4],[5],[6],,,2,999,999,999,-1,-1,,,,,
1022174,-1,,,,-1,-1,-1,1,[812],[812],[406],,,[4],[5],[6],,,2,999,999,999,-1,-1,,,,,
1022175,-1,,,,-1,-1,-1,1,[816],[816],[408],,,[4],[5],[6],,,2,999,999,999,-1,-1,,,,,
1022176,-1,,,,-1,-1,-1,1,[820],[820],[410],,,[4],[5],[6],,,2,999,999,999,-1,-1,,,,,
1022177,-1,,,,-1,-1,-1,1,[824],[824],[412],,,[4],[5],[6],,,2,999,999,999,-1,-1,,,,,
1022178,-1,,,,-1,-1,-1,1,[828],[828],[414],,,[4],[5],[6],,,2,999,999,999,-1,-1,,,,,
1022179,-1,,,,-1,-1,-1,1,[832],[832],[416],,,[4],[5],[6],,,2,999,999,999,-1,-1,,,,,
1022180,-1,,,,-1,-1,-1,1,[836],[836],[418],,,[4],[5],[6],,,2,999,999,999,-1,-1,,,,,
1022181,-1,,,,-1,-1,-1,1,[840],[840],[420],,,[4],[5],[6],,,2,999,999,999,-1,-1,,,,,
1022182,-1,,,,-1,-1,-1,1,[844],[844],[422],,,[4],[5],[6],,,2,999,999,999,-1,-1,,,,,
1022183,-1,,,,-1,-1,-1,1,[848],[848],[424],,,[4],[5],[6],,,2,999,999,999,-1,-1,,,,,
1022184,-1,,,,-1,-1,-1,1,[852],[852],[426],,,[4],[5],[6],,,2,999,999,999,-1,-1,,,,,
1022185,-1,,,,-1,-1,-1,1,[856],[856],[428],,,[4],[5],[6],,,2,999,999,999,-1,-1,,,,,
1022186,-1,,,,-1,-1,-1,1,[860],[860],[430],,,[4],[5],[6],,,2,999,999,999,-1,-1,,,,,
1022187,-1,,,,-1,-1,-1,1,[864],[864],[432],,,[4],[5],[6],,,2,999,999,999,-1,-1,,,,,
1022188,-1,,,,-1,-1,-1,1,[868],[868],[434],,,[4],[5],[6],,,2,999,999,999,-1,-1,,,,,
1022189,-1,,,,-1,-1,-1,1,[872],[872],[436],,,[4],[5],[6],,,2,999,999,999,-1,-1,,,,,
1022190,-1,,,,-1,-1,-1,1,[876],[876],[438],,,[4],[5],[6],,,2,999,999,999,-1,-1,,,,,
1022191,-1,,,,-1,-1,-1,1,[880],[880],[440],,,[4],[5],[6],,,2,999,999,999,-1,-1,,,,,
1022192,-1,,,,-1,-1,-1,1,[884],[884],[442],,,[4],[5],[6],,,2,999,999,999,-1,-1,,,,,
1022193,-1,,,,-1,-1,-1,1,[888],[888],[444],,,[4],[5],[6],,,2,999,999,999,-1,-1,,,,,
1022194,-1,,,,-1,-1,-1,1,[892],[892],[446],,,[4],[5],[6],,,2,999,999,999,-1,-1,,,,,
1022195,-1,,,,-1,-1,-1,1,[896],[896],[448],,,[4],[5],[6],,,2,999,999,999,-1,-1,,,,,
1022196,-1,,,,-1,-1,-1,1,[900],[900],[450],,,[4],[5],[6],,,2,999,999,999,-1,-1,,,,,
1022197,-1,,,,-1,-1,-1,1,[904],[904],[452],,,[4],[5],[6],,,2,999,999,999,-1,-1,,,,,
1022198,-1,,,,-1,-1,-1,1,[908],[908],[454],,,[4],[5],[6],,,2,999,999,999,-1,-1,,,,,
1022199,-1,,,,-1,-1,-1,1,[912],[912],[456],,,[4],[5],[6],,,2,999,999,999,-1,-1,,,,,
1022200,-1,,,,-1,-1,-1,1,[916],[916],[458],,,[4],[5],[6],,,2,999,999,999,-1,-1,,,,,
1022201,-1,,,,-1,-1,-1,1,[920],[920],[460],,,[4],[5],[6],,,2,999,999,999,-1,-1,,,,,
1022202,-1,,,,-1,-1,-1,1,[924],[924],[462],,,[4],[5],[6],,,2,999,999,999,-1,-1,,,,,
1022203,-1,,,,-1,-1,-1,1,[928],[928],[464],,,[4],[5],[6],,,2,999,999,999,-1,-1,,,,,
1022204,-1,,,,-1,-1,-1,1,[932],[932],[466],,,[4],[5],[6],,,2,999,999,999,-1,-1,,,,,
1022205,-1,,,,-1,-1,-1,1,[936],[936],[468],,,[4],[5],[6],,,2,999,999,999,-1,-1,,,,,
1022206,-1,,,,-1,-1,-1,1,[940],[940],[470],,,[4],[5],[6],,,2,999,999,999,-1,-1,,,,,
1022207,-1,,,,-1,-1,-1,1,[944],[944],[472],,,[4],[5],[6],,,2,999,999,999,-1,-1,,,,,
1022208,-1,,,,-1,-1,-1,1,[948],[948],[474],,,[4],[5],[6],,,2,999,999,999,-1,-1,,,,,
1022209,-1,,,,-1,-1,-1,1,[952],[952],[476],,,[4],[5],[6],,,2,999,999,999,-1,-1,,,,,
1022210,-1,,,,-1,-1,-1,1,[956],[956],[478],,,[4],[5],[6],,,2,999,999,999,-1,-1,,,,,
1022211,-1,,,,-1,-1,-1,1,[960],[960],[480],,,[4],[5],[6],,,2,999,999,999,-1,-1,,,,,
1022212,-1,,,,-1,-1,-1,1,[964],[964],[482],,,[4],[5],[6],,,2,999,999,999,-1,-1,,,,,
1022213,-1,,,,-1,-1,-1,1,[968],[968],[484],,,[4],[5],[6],,,2,999,999,999,-1,-1,,,,,
1022214,-1,,,,-1,-1,-1,1,[972],[972],[486],,,[4],[5],[6],,,2,999,999,999,-1,-1,,,,,
1022215,-1,,,,-1,-1,-1,1,[976],[976],[488],,,[4],[5],[6],,,2,999,999,999,-1,-1,,,,,
1022216,-1,,,,-1,-1,-1,1,[980],[980],[490],,,[4],[5],[6],,,2,999,999,999,-1,-1,,,,,
1022217,-1,,,,-1,-1,-1,1,[984],[984],[492],,,[4],[5],[6],,,2,999,999,999,-1,-1,,,,,
1022218,-1,,,,-1,-1,-1,1,[988],[988],[494],,,[4],[5],[6],,,2,999,999,999,-1,-1,,,,,
1022219,-1,,,,-1,-1,-1,1,[992],[992],[496],,,[4],[5],[6],,,2,999,999,999,-1,-1,,,,,
1022220,-1,,,,-1,-1,-1,1,[996],[996],[498],,,[4],[5],[6],,,2,999,999,999,-1,-1,,,,,
1022221,-1,,,,-1,-1,-1,1,[1000],[1000],[500],,,[4],[5],[6],,,2,999,999,999,-1,-1,,,,,
1022222,-1,,,,-1,-1,-1,1,[1004],[1004],[502],,,[4],[5],[6],,,2,999,999,999,-1,-1,,,,,
1022223,-1,,,,-1,-1,-1,1,[1008],[1008],[504],,,[4],[5],[6],,,2,999,999,999,-1,-1,,,,,
1022224,-1,,,,-1,-1,-1,1,[1012],[1012],[506],,,[4],[5],[6],,,2,999,999,999,-1,-1,,,,,
1022225,-1,,,,-1,-1,-1,1,[1016],[1016],[508],,,[4],[5],[6],,,2,999,999,999,-1,-1,,,,,
1022226,-1,,,,-1,-1,-1,1,[1020],[1020],[510],,,[4],[5],[6],,,2,999,999,999,-1,-1,,,,,
1022227,-1,,,,-1,-1,-1,1,[1024],[1024],[512],,,[4],[5],[6],,,2,999,999,999,-1,-1,,,,,
1022228,-1,,,,-1,-1,-1,1,[1028],[1028],[514],,,[4],[5],[6],,,2,999,999,999,-1,-1,,,,,
1022229,-1,,,,-1,-1,-1,1,[1032],[1032],[516],,,[4],[5],[6],,,2,999,999,999,-1,-1,,,,,
1022230,-1,,,,-1,-1,-1,1,[1036],[1036],[518],,,[4],[5],[6],,,2,999,999,999,-1,-1,,,,,
1022231,-1,,,,-1,-1,-1,1,[1040],[1040],[520],,,[4],[5],[6],,,2,999,999,999,-1,-1,,,,,
1022232,-1,,,,-1,-1,-1,1,[1044],[1044],[522],,,[4],[5],[6],,,2,999,999,999,-1,-1,,,,,
1022233,-1,,,,-1,-1,-1,1,[1048],[1048],[524],,,[4],[5],[6],,,2,999,999,999,-1,-1,,,,,
1022234,-1,,,,-1,-1,-1,1,[1052],[1052],[526],,,[4],[5],[6],,,2,999,999,999,-1,-1,,,,,
1022235,-1,,,,-1,-1,-1,1,[1056],[1056],[528],,,[4],[5],[6],,,2,999,999,999,-1,-1,,,,,
1022236,-1,,,,-1,-1,-1,1,[1060],[1060],[530],,,[4],[5],[6],,,2,999,999,999,-1,-1,,,,,
1022237,-1,,,,-1,-1,-1,1,[1064],[1064],[532],,,[4],[5],[6],,,2,999,999,999,-1,-1,,,,,
1022238,-1,,,,-1,-1,-1,1,[1068],[1068],[534],,,[4],[5],[6],,,2,999,999,999,-1,-1,,,,,
1022239,-1,,,,-1,-1,-1,1,[1072],[1072],[536],,,[4],[5],[6],,,2,999,999,999,-1,-1,,,,,
1022240,-1,,,,-1,-1,-1,1,[1076],[1076],[538],,,[4],[5],[6],,,2,999,999,999,-1,-1,,,,,
1022241,-1,,,,-1,-1,-1,1,[1080],[1080],[540],,,[4],[5],[6],,,2,999,999,999,-1,-1,,,,,
1022242,-1,,,,-1,-1,-1,1,[1084],[1084],[542],,,[4],[5],[6],,,2,999,999,999,-1,-1,,,,,
1022243,-1,,,,-1,-1,-1,1,[1088],[1088],[544],,,[4],[5],[6],,,2,999,999,999,-1,-1,,,,,
1022244,-1,,,,-1,-1,-1,1,[1092],[1092],[546],,,[4],[5],[6],,,2,999,999,999,-1,-1,,,,,
1022245,-1,,,,-1,-1,-1,1,[1096],[1096],[548],,,[4],[5],[6],,,2,999,999,999,-1,-1,,,,,
1022246,-1,,,,-1,-1,-1,1,[1100],[1100],[550],,,[4],[5],[6],,,2,999,999,999,-1,-1,,,,,
1022247,-1,,,,-1,-1,-1,1,[1104],[1104],[552],,,[4],[5],[6],,,2,999,999,999,-1,-1,,,,,
1022248,-1,,,,-1,-1,-1,1,[1108],[1108],[554],,,[4],[5],[6],,,2,999,999,999,-1,-1,,,,,
1022249,-1,,,,-1,-1,-1,1,[1112],[1112],[556],,,[4],[5],[6],,,2,999,999,999,-1,-1,,,,,
1022250,-1,,,,-1,-1,-1,1,[1116],[1116],[558],,,[4],[5],[6],,,2,999,999,999,-1,-1,,,,,
1022251,-1,,,,-1,-1,-1,1,[1120],[1120],[560],,,[4],[5],[6],,,2,999,999,999,-1,-1,,,,,
1022252,-1,,,,-1,-1,-1,1,[1124],[1124],[562],,,[4],[5],[6],,,2,999,999,999,-1,-1,,,,,
1022253,-1,,,,-1,-1,-1,1,[1128],[1128],[564],,,[4],[5],[6],,,2,999,999,999,-1,-1,,,,,
1022254,-1,,,,-1,-1,-1,1,[1132],[1132],[566],,,[4],[5],[6],,,2,999,999,999,-1,-1,,,,,
1022255,-1,,,,-1,-1,-1,1,[1136],[1136],[568],,,[4],[5],[6],,,2,999,999,999,-1,-1,,,,,
1022256,-1,,,,-1,-1,-1,1,[1140],[1140],[570],,,[4],[5],[6],,,2,999,999,999,-1,-1,,,,,
1022257,-1,,,,-1,-1,-1,1,[1144],[1144],[572],,,[4],[5],[6],,,2,999,999,999,-1,-1,,,,,
1022258,-1,,,,-1,-1,-1,1,[1148],[1148],[574],,,[4],[5],[6],,,2,999,999,999,-1,-1,,,,,
1022259,-1,,,,-1,-1,-1,1,[1152],[1152],[576],,,[4],[5],[6],,,2,999,999,999,-1,-1,,,,,
1022260,-1,,,,-1,-1,-1,1,[1156],[1156],[578],,,[4],[5],[6],,,2,999,999,999,-1,-1,,,,,
1022261,-1,,,,-1,-1,-1,1,[1160],[1160],[580],,,[4],[5],[6],,,2,999,999,999,-1,-1,,,,,
1022262,-1,,,,-1,-1,-1,1,[1164],[1164],[582],,,[4],[5],[6],,,2,999,999,999,-1,-1,,,,,
1022263,-1,,,,-1,-1,-1,1,[1168],[1168],[584],,,[4],[5],[6],,,2,999,999,999,-1,-1,,,,,
1022264,-1,,,,-1,-1,-1,1,[1172],[1172],[586],,,[4],[5],[6],,,2,999,999,999,-1,-1,,,,,
1022265,-1,,,,-1,-1,-1,1,[1176],[1176],[588],,,[4],[5],[6],,,2,999,999,999,-1,-1,,,,,
1022266,-1,,,,-1,-1,-1,1,[1180],[1180],[590],,,[4],[5],[6],,,2,999,999,999,-1,-1,,,,,
1022267,-1,,,,-1,-1,-1,1,[1184],[1184],[592],,,[4],[5],[6],,,2,999,999,999,-1,-1,,,,,
1022268,-1,,,,-1,-1,-1,1,[1188],[1188],[594],,,[4],[5],[6],,,2,999,999,999,-1,-1,,,,,
1022269,-1,,,,-1,-1,-1,1,[1192],[1192],[596],,,[4],[5],[6],,,2,999,999,999,-1,-1,,,,,
1022270,-1,,,,-1,-1,-1,1,[1196],[1196],[598],,,[4],[5],[6],,,2,999,999,999,-1,-1,,,,,
1022271,-1,,,,-1,-1,-1,1,[1200],[1200],[600],,,[4],[5],[6],,,2,999,999,999,-1,-1,,,,,
1022272,-1,,,,-1,-1,-1,1,[1204],[1204],[602],,,[4],[5],[6],,,2,999,999,999,-1,-1,,,,,
1022273,-1,,,,-1,-1,-1,1,[1208],[1208],[604],,,[4],[5],[6],,,2,999,999,999,-1,-1,,,,,
1022274,-1,,,,-1,-1,-1,1,[1212],[1212],[606],,,[4],[5],[6],,,2,999,999,999,-1,-1,,,,,
1022275,-1,,,,-1,-1,-1,1,[1216],[1216],[608],,,[4],[5],[6],,,2,999,999,999,-1,-1,,,,,
1022276,-1,,,,-1,-1,-1,1,[1220],[1220],[610],,,[4],[5],[6],,,2,999,999,999,-1,-1,,,,,
1022277,-1,,,,-1,-1,-1,1,[1224],[1224],[612],,,[4],[5],[6],,,2,999,999,999,-1,-1,,,,,
1022278,-1,,,,-1,-1,-1,1,[1228],[1228],[614],,,[4],[5],[6],,,2,999,999,999,-1,-1,,,,,
1022279,-1,,,,-1,-1,-1,1,[1232],[1232],[616],,,[4],[5],[6],,,2,999,999,999,-1,-1,,,,,
1022280,-1,,,,-1,-1,-1,1,[1236],[1236],[618],,,[4],[5],[6],,,2,999,999,999,-1,-1,,,,,
1022281,-1,,,,-1,-1,-1,1,[1240],[1240],[620],,,[4],[5],[6],,,2,999,999,999,-1,-1,,,,,
1022282,-1,,,,-1,-1,-1,1,[1244],[1244],[622],,,[4],[5],[6],,,2,999,999,999,-1,-1,,,,,
1022283,-1,,,,-1,-1,-1,1,[1248],[1248],[624],,,[4],[5],[6],,,2,999,999,999,-1,-1,,,,,
1022284,-1,,,,-1,-1,-1,1,[1252],[1252],[626],,,[4],[5],[6],,,2,999,999,999,-1,-1,,,,,
1022285,-1,,,,-1,-1,-1,1,[1256],[1256],[628],,,[4],[5],[6],,,2,999,999,999,-1,-1,,,,,
1022286,-1,,,,-1,-1,-1,1,[1260],[1260],[630],,,[4],[5],[6],,,2,999,999,999,-1,-1,,,,,
1022287,-1,,,,-1,-1,-1,1,[1264],[1264],[632],,,[4],[5],[6],,,2,999,999,999,-1,-1,,,,,
1022288,-1,,,,-1,-1,-1,1,[1268],[1268],[634],,,[4],[5],[6],,,2,999,999,999,-1,-1,,,,,
1022289,-1,,,,-1,-1,-1,1,[1272],[1272],[636],,,[4],[5],[6],,,2,999,999,999,-1,-1,,,,,
1022290,-1,,,,-1,-1,-1,1,[1276],[1276],[638],,,[4],[5],[6],,,2,999,999,999,-1,-1,,,,,
1022291,-1,,,,-1,-1,-1,1,[1280],[1280],[640],,,[4],[5],[6],,,2,999,999,999,-1,-1,,,,,
1022292,-1,,,,-1,-1,-1,1,[1284],[1284],[642],,,[4],[5],[6],,,2,999,999,999,-1,-1,,,,,
1022293,-1,,,,-1,-1,-1,1,[1288],[1288],[644],,,[4],[5],[6],,,2,999,999,999,-1,-1,,,,,
1022294,-1,,,,-1,-1,-1,1,[1292],[1292],[646],,,[4],[5],[6],,,2,999,999,999,-1,-1,,,,,
1022295,-1,,,,-1,-1,-1,1,[1296],[1296],[648],,,[4],[5],[6],,,2,999,999,999,-1,-1,,,,,
1022296,-1,,,,-1,-1,-1,1,[1300],[1300],[650],,,[4],[5],[6],,,2,999,999,999,-1,-1,,,,,
1022297,-1,,,,-1,-1,-1,1,[1304],[1304],[652],,,[4],[5],[6],,,2,999,999,999,-1,-1,,,,,
1022298,-1,,,,-1,-1,-1,1,[1308],[1308],[654],,,[4],[5],[6],,,2,999,999,999,-1,-1,,,,,
1022299,-1,,,,-1,-1,-1,1,[1312],[1312],[656],,,[4],[5],[6],,,2,999,999,999,-1,-1,,,,,
1022300,-1,,,,-1,-1,-1,1,[1316],[1316],[658],,,[4],[5],[6],,,2,999,999,999,-1,-1,,,,,
1022301,-1,,,,-1,-1,-1,1,[1320],[1320],[660],,,[4],[5],[6],,,2,999,999,999,-1,-1,,,,,
1022302,-1,,,,-1,-1,-1,1,[1324],[1324],[662],,,[4],[5],[6],,,2,999,999,999,-1,-1,,,,,
1022303,-1,,,,-1,-1,-1,1,[1328],[1328],[664],,,[4],[5],[6],,,2,999,999,999,-1,-1,,,,,
1022304,-1,,,,-1,-1,-1,1,[1332],[1332],[666],,,[4],[5],[6],,,2,999,999,999,-1,-1,,,,,
1022305,-1,,,,-1,-1,-1,1,[1336],[1336],[668],,,[4],[5],[6],,,2,999,999,999,-1,-1,,,,,
1022306,-1,,,,-1,-1,-1,1,[1340],[1340],[670],,,[4],[5],[6],,,2,999,999,999,-1,-1,,,,,
1022307,-1,,,,-1,-1,-1,1,[1344],[1344],[672],,,[4],[5],[6],,,2,999,999,999,-1,-1,,,,,
1022308,-1,,,,-1,-1,-1,1,[1348],[1348],[674],,,[4],[5],[6],,,2,999,999,999,-1,-1,,,,,
1022309,-1,,,,-1,-1,-1,1,[1352],[1352],[676],,,[4],[5],[6],,,2,999,999,999,-1,-1,,,,,
1022310,-1,,,,-1,-1,-1,1,[1356],[1356],[678],,,[4],[5],[6],,,2,999,999,999,-1,-1,,,,,
1022311,-1,,,,-1,-1,-1,1,[1360],[1360],[680],,,[4],[5],[6],,,2,999,999,999,-1,-1,,,,,
1022312,-1,,,,-1,-1,-1,1,[1364],[1364],[682],,,[4],[5],[6],,,2,999,999,999,-1,-1,,,,,
1022313,-1,,,,-1,-1,-1,1,[1368],[1368],[684],,,[4],[5],[6],,,2,999,999,999,-1,-1,,,,,
1022314,-1,,,,-1,-1,-1,1,[1372],[1372],[686],,,[4],[5],[6],,,2,999,999,999,-1,-1,,,,,
1022315,-1,,,,-1,-1,-1,1,[1376],[1376],[688],,,[4],[5],[6],,,2,999,999,999,-1,-1,,,,,
1022316,-1,,,,-1,-1,-1,1,[1380],[1380],[690],,,[4],[5],[6],,,2,999,999,999,-1,-1,,,,,
1022317,-1,,,,-1,-1,-1,1,[1384],[1384],[692],,,[4],[5],[6],,,2,999,999,999,-1,-1,,,,,
1022318,-1,,,,-1,-1,-1,1,[1388],[1388],[694],,,[4],[5],[6],,,2,999,999,999,-1,-1,,,,,
1022319,-1,,,,-1,-1,-1,1,[1392],[1392],[696],,,[4],[5],[6],,,2,999,999,999,-1,-1,,,,,
1022320,-1,,,,-1,-1,-1,1,[1396],[1396],[698],,,[4],[5],[6],,,2,999,999,999,-1,-1,,,,,
1022321,-1,,,,-1,-1,-1,1,[1400],[1400],[700],,,[4],[5],[6],,,2,999,999,999,-1,-1,,,,,
1022322,-1,,,,-1,-1,-1,1,[1404],[1404],[702],,,[4],[5],[6],,,2,999,999,999,-1,-1,,,,,
1022323,-1,,,,-1,-1,-1,1,[1408],[1408],[704],,,[4],[5],[6],,,2,999,999,999,-1,-1,,,,,
1022324,-1,,,,-1,-1,-1,1,[1412],[1412],[706],,,[4],[5],[6],,,2,999,999,999,-1,-1,,,,,
1022325,-1,,,,-1,-1,-1,1,[1416],[1416],[708],,,[4],[5],[6],,,2,999,999,999,-1,-1,,,,,
1022326,-1,,,,-1,-1,-1,1,[1420],[1420],[710],,,[4],[5],[6],,,2,999,999,999,-1,-1,,,,,
1022327,-1,,,,-1,-1,-1,1,[1424],[1424],[712],,,[4],[5],[6],,,2,999,999,999,-1,-1,,,,,
1022328,-1,,,,-1,-1,-1,1,[1428],[1428],[714],,,[4],[5],[6],,,2,999,999,999,-1,-1,,,,,
1022329,-1,,,,-1,-1,-1,1,[1432],[1432],[716],,,[4],[5],[6],,,2,999,999,999,-1,-1,,,,,
1022330,-1,,,,-1,-1,-1,1,[1436],[1436],[718],,,[4],[5],[6],,,2,999,999,999,-1,-1,,,,,
1022331,-1,,,,-1,-1,-1,1,[1440],[1440],[720],,,[4],[5],[6],,,2,999,999,999,-1,-1,,,,,
1022332,-1,,,,-1,-1,-1,1,[1444],[1444],[722],,,[4],[5],[6],,,2,999,999,999,-1,-1,,,,,
1022333,-1,,,,-1,-1,-1,1,[1448],[1448],[724],,,[4],[5],[6],,,2,999,999,999,-1,-1,,,,,
1022334,-1,,,,-1,-1,-1,1,[1452],[1452],[726],,,[4],[5],[6],,,2,999,999,999,-1,-1,,,,,
1022335,-1,,,,-1,-1,-1,1,[1456],[1456],[728],,,[4],[5],[6],,,2,999,999,999,-1,-1,,,,,
1022336,-1,,,,-1,-1,-1,1,[1460],[1460],[730],,,[4],[5],[6],,,2,999,999,999,-1,-1,,,,,
1022337,-1,,,,-1,-1,-1,1,[1464],[1464],[732],,,[4],[5],[6],,,2,999,999,999,-1,-1,,,,,
1022338,-1,,,,-1,-1,-1,1,[1468],[1468],[734],,,[4],[5],[6],,,2,999,999,999,-1,-1,,,,,
1022339,-1,,,,-1,-1,-1,1,[1472],[1472],[736],,,[4],[5],[6],,,2,999,999,999,-1,-1,,,,,
1022340,-1,,,,-1,-1,-1,1,[1476],[1476],[738],,,[4],[5],[6],,,2,999,999,999,-1,-1,,,,,
1022341,-1,,,,-1,-1,-1,1,[1480],[1480],[740],,,[4],[5],[6],,,2,999,999,999,-1,-1,,,,,
1022342,-1,,,,-1,-1,-1,1,[1484],[1484],[742],,,[4],[5],[6],,,2,999,999,999,-1,-1,,,,,
1022343,-1,,,,-1,-1,-1,1,[1488],[1488],[744],,,[4],[5],[6],,,2,999,999,999,-1,-1,,,,,
1022344,-1,,,,-1,-1,-1,1,[1492],[1492],[746],,,[4],[5],[6],,,2,999,999,999,-1,-1,,,,,
1022345,-1,,,,-1,-1,-1,1,[1496],[1496],[748],,,[4],[5],[6],,,2,999,999,999,-1,-1,,,,,
1022346,-1,,,,-1,-1,-1,1,[1500],[1500],[750],,,[4],[5],[6],,,2,999,999,999,-1,-1,,,,,
1022347,-1,,,,-1,-1,-1,1,[1504],[1504],[752],,,[4],[5],[6],,,2,999,999,999,-1,-1,,,,,
1022348,-1,,,,-1,-1,-1,1,[1508],[1508],[754],,,[4],[5],[6],,,2,999,999,999,-1,-1,,,,,
1022349,-1,,,,-1,-1,-1,1,[1512],[1512],[756],,,[4],[5],[6],,,2,999,999,999,-1,-1,,,,,
1022350,-1,,,,-1,-1,-1,1,[1516],[1516],[758],,,[4],[5],[6],,,2,999,999,999,-1,-1,,,,,
1022351,-1,,,,-1,-1,-1,1,[1520],[1520],[760],,,[4],[5],[6],,,2,999,999,999,-1,-1,,,,,
1022352,-1,,,,-1,-1,-1,1,[1524],[1524],[762],,,[4],[5],[6],,,2,999,999,999,-1,-1,,,,,
1022353,-1,,,,-1,-1,-1,1,[1528],[1528],[764],,,[4],[5],[6],,,2,999,999,999,-1,-1,,,,,
1022354,-1,,,,-1,-1,-1,1,[1532],[1532],[766],,,[4],[5],[6],,,2,999,999,999,-1,-1,,,,,
1022355,-1,,,,-1,-1,-1,1,[1536],[1536],[768],,,[4],[5],[6],,,2,999,999,999,-1,-1,,,,,
1022356,-1,,,,-1,-1,-1,1,[1540],[1540],[770],,,[4],[5],[6],,,2,999,999,999,-1,-1,,,,,
1022357,-1,,,,-1,-1,-1,1,[1544],[1544],[772],,,[4],[5],[6],,,2,999,999,999,-1,-1,,,,,
1022358,-1,,,,-1,-1,-1,1,[1548],[1548],[774],,,[4],[5],[6],,,2,999,999,999,-1,-1,,,,,
1022359,-1,,,,-1,-1,-1,1,[1552],[1552],[776],,,[4],[5],[6],,,2,999,999,999,-1,-1,,,,,
1022360,-1,,,,-1,-1,-1,1,[1556],[1556],[778],,,[4],[5],[6],,,2,999,999,999,-1,-1,,,,,
1022361,-1,,,,-1,-1,-1,1,[1560],[1560],[780],,,[4],[5],[6],,,2,999,999,999,-1,-1,,,,,
1022362,-1,,,,-1,-1,-1,1,[1564],[1564],[782],,,[4],[5],[6],,,2,999,999,999,-1,-1,,,,,
1022363,-1,,,,-1,-1,-1,1,[1568],[1568],[784],,,[4],[5],[6],,,2,999,999,999,-1,-1,,,,,
1022364,-1,,,,-1,-1,-1,1,[1572],[1572],[786],,,[4],[5],[6],,,2,999,999,999,-1,-1,,,,,
1022365,-1,,,,-1,-1,-1,1,[1576],[1576],[788],,,[4],[5],[6],,,2,999,999,999,-1,-1,,,,,
1022366,-1,,,,-1,-1,-1,1,[1580],[1580],[790],,,[4],[5],[6],,,2,999,999,999,-1,-1,,,,,
1022367,-1,,,,-1,-1,-1,1,[1584],[1584],[792],,,[4],[5],[6],,,2,999,999,999,-1,-1,,,,,
1022368,-1,,,,-1,-1,-1,1,[1588],[1588],[794],,,[4],[5],[6],,,2,999,999,999,-1,-1,,,,,
1022369,-1,,,,-1,-1,-1,1,[1592],[1592],[796],,,[4],[5],[6],,,2,999,999,999,-1,-1,,,,,
1022370,-1,,,,-1,-1,-1,1,[1596],[1596],[798],,,[4],[5],[6],,,2,999,999,999,-1,-1,,,,,
1022371,-1,,,,-1,-1,-1,1,[1600],[1600],[800],,,[4],[5],[6],,,2,999,999,999,-1,-1,,,,,
1022372,-1,,,,-1,-1,-1,1,[1604],[1604],[802],,,[4],[5],[6],,,2,999,999,999,-1,-1,,,,,
1022373,-1,,,,-1,-1,-1,1,[1608],[1608],[804],,,[4],[5],[6],,,2,999,999,999,-1,-1,,,,,
1022374,-1,,,,-1,-1,-1,1,[1612],[1612],[806],,,[4],[5],[6],,,2,999,999,999,-1,-1,,,,,
1022375,-1,,,,-1,-1,-1,1,[1616],[1616],[808],,,[4],[5],[6],,,2,999,999,999,-1,-1,,,,,
1022376,-1,,,,-1,-1,-1,1,[1620],[1620],[810],,,[4],[5],[6],,,2,999,999,999,-1,-1,,,,,
1022377,-1,,,,-1,-1,-1,1,[1624],[1624],[812],,,[4],[5],[6],,,2,999,999,999,-1,-1,,,,,
1022378,-1,,,,-1,-1,-1,1,[1628],[1628],[814],,,[4],[5],[6],,,2,999,999,999,-1,-1,,,,,
1022379,-1,,,,-1,-1,-1,1,[1632],[1632],[816],,,[4],[5],[6],,,2,999,999,999,-1,-1,,,,,
1022380,-1,,,,-1,-1,-1,1,[1636],[1636],[818],,,[4],[5],[6],,,2,999,999,999,-1,-1,,,,,
1022381,-1,,,,-1,-1,-1,1,[1640],[1640],[820],,,[4],[5],[6],,,2,999,999,999,-1,-1,,,,,
1022382,-1,,,,-1,-1,-1,1,[1644],[1644],[822],,,[4],[5],[6],,,2,999,999,999,-1,-1,,,,,
1022383,-1,,,,-1,-1,-1,1,[1648],[1648],[824],,,[4],[5],[6],,,2,999,999,999,-1,-1,,,,,
1022384,-1,,,,-1,-1,-1,1,[1652],[1652],[826],,,[4],[5],[6],,,2,999,999,999,-1,-1,,,,,
1022385,-1,,,,-1,-1,-1,1,[1656],[1656],[828],,,[4],[5],[6],,,2,999,999,999,-1,-1,,,,,
1022386,-1,,,,-1,-1,-1,1,[1660],[1660],[830],,,[4],[5],[6],,,2,999,999,999,-1,-1,,,,,
1022387,-1,,,,-1,-1,-1,1,[1664],[1664],[832],,,[4],[5],[6],,,2,999,999,999,-1,-1,,,,,
1022388,-1,,,,-1,-1,-1,1,[1668],[1668],[834],,,[4],[5],[6],,,2,999,999,999,-1,-1,,,,,
1022389,-1,,,,-1,-1,-1,1,[1672],[1672],[836],,,[4],[5],[6],,,2,999,999,999,-1,-1,,,,,
1022390,-1,,,,-1,-1,-1,1,[1676],[1676],[838],,,[4],[5],[6],,,2,999,999,999,-1,-1,,,,,
1022391,-1,,,,-1,-1,-1,1,[1680],[1680],[840],,,[4],[5],[6],,,2,999,999,999,-1,-1,,,,,
1022392,-1,,,,-1,-1,-1,1,[1684],[1684],[842],,,[4],[5],[6],,,2,999,999,999,-1,-1,,,,,
1022393,-1,,,,-1,-1,-1,1,[1688],[1688],[844],,,[4],[5],[6],,,2,999,999,999,-1,-1,,,,,
1022394,-1,,,,-1,-1,-1,1,[1692],[1692],[846],,,[4],[5],[6],,,2,999,999,999,-1,-1,,,,,
1022395,-1,,,,-1,-1,-1,1,[1696],[1696],[848],,,[4],[5],[6],,,2,999,999,999,-1,-1,,,,,
1022396,-1,,,,-1,-1,-1,1,[1700],[1700],[850],,,[4],[5],[6],,,2,999,999,999,-1,-1,,,,,
1022397,-1,,,,-1,-1,-1,1,[1704],[1704],[852],,,[4],[5],[6],,,2,999,999,999,-1,-1,,,,,
1022398,-1,,,,-1,-1,-1,1,[1708],[1708],[854],,,[4],[5],[6],,,2,999,999,999,-1,-1,,,,,
1022399,-1,,,,-1,-1,-1,1,[1712],[1712],[856],,,[4],[5],[6],,,2,999,999,999,-1,-1,,,,,
1022400,-1,,,,-1,-1,-1,1,[1716],[1716],[858],,,[4],[5],[6],,,2,999,999,999,-1,-1,,,,,
1022401,-1,,,,-1,-1,-1,1,[1720],[1720],[860],,,[4],[5],[6],,,2,999,999,999,-1,-1,,,,,
1022402,-1,,,,-1,-1,-1,1,[1724],[1724],[862],,,[4],[5],[6],,,2,999,999,999,-1,-1,,,,,
1022403,-1,,,,-1,-1,-1,1,[1728],[1728],[864],,,[4],[5],[6],,,2,999,999,999,-1,-1,,,,,
1022404,-1,,,,-1,-1,-1,1,[1732],[1732],[866],,,[4],[5],[6],,,2,999,999,999,-1,-1,,,,,
1022405,-1,,,,-1,-1,-1,1,[1736],[1736],[868],,,[4],[5],[6],,,2,999,999,999,-1,-1,,,,,
1022406,-1,,,,-1,-1,-1,1,[1740],[1740],[870],,,[4],[5],[6],,,2,999,999,999,-1,-1,,,,,
1022407,-1,,,,-1,-1,-1,1,[1744],[1744],[872],,,[4],[5],[6],,,2,999,999,999,-1,-1,,,,,
1022408,-1,,,,-1,-1,-1,1,[1748],[1748],[874],,,[4],[5],[6],,,2,999,999,999,-1,-1,,,,,
1022409,-1,,,,-1,-1,-1,1,[1752],[1752],[876],,,[4],[5],[6],,,2,999,999,999,-1,-1,,,,,
1022410,-1,,,,-1,-1,-1,1,[1756],[1756],[878],,,[4],[5],[6],,,2,999,999,999,-1,-1,,,,,
1022411,-1,,,,-1,-1,-1,1,[1760],[1760],[880],,,[4],[5],[6],,,2,999,999,999,-1,-1,,,,,
1022412,-1,,,,-1,-1,-1,1,[1764],[1764],[882],,,[4],[5],[6],,,2,999,999,999,-1,-1,,,,,
1022413,-1,,,,-1,-1,-1,1,[1768],[1768],[884],,,[4],[5],[6],,,2,999,999,999,-1,-1,,,,,
1022414,-1,,,,-1,-1,-1,1,[1772],[1772],[886],,,[4],[5],[6],,,2,999,999,999,-1,-1,,,,,
1022415,-1,,,,-1,-1,-1,1,[1776],[1776],[888],,,[4],[5],[6],,,2,999,999,999,-1,-1,,,,,
1022416,-1,,,,-1,-1,-1,1,[1780],[1780],[890],,,[4],[5],[6],,,2,999,999,999,-1,-1,,,,,
1022417,-1,,,,-1,-1,-1,1,[1784],[1784],[892],,,[4],[5],[6],,,2,999,999,999,-1,-1,,,,,
1022418,-1,,,,-1,-1,-1,1,[1788],[1788],[894],,,[4],[5],[6],,,2,999,999,999,-1,-1,,,,,
1022419,-1,,,,-1,-1,-1,1,[1792],[1792],[896],,,[4],[5],[6],,,2,999,999,999,-1,-1,,,,,
1022420,-1,,,,-1,-1,-1,1,[1796],[1796],[898],,,[4],[5],[6],,,2,999,999,999,-1,-1,,,,,
1022421,-1,,,,-1,-1,-1,1,[1800],[1800],[900],,,[4],[5],[6],,,2,999,999,999,-1,-1,,,,,
1022422,-1,,,,-1,-1,-1,1,[1804],[1804],[902],,,[4],[5],[6],,,2,999,999,999,-1,-1,,,,,
1022423,-1,,,,-1,-1,-1,1,[1808],[1808],[904],,,[4],[5],[6],,,2,999,999,999,-1,-1,,,,,
1022424,-1,,,,-1,-1,-1,1,[1812],[1812],[906],,,[4],[5],[6],,,2,999,999,999,-1,-1,,,,,
1022425,-1,,,,-1,-1,-1,1,[1816],[1816],[908],,,[4],[5],[6],,,2,999,999,999,-1,-1,,,,,
1022426,-1,,,,-1,-1,-1,1,[1820],[1820],[910],,,[4],[5],[6],,,2,999,999,999,-1,-1,,,,,
1022427,-1,,,,-1,-1,-1,1,[1824],[1824],[912],,,[4],[5],[6],,,2,999,999,999,-1,-1,,,,,
1022428,-1,,,,-1,-1,-1,1,[1828],[1828],[914],,,[4],[5],[6],,,2,999,999,999,-1,-1,,,,,
1022429,-1,,,,-1,-1,-1,1,[1832],[1832],[916],,,[4],[5],[6],,,2,999,999,999,-1,-1,,,,,
1022430,-1,,,,-1,-1,-1,1,[1836],[1836],[918],,,[4],[5],[6],,,2,999,999,999,-1,-1,,,,,
1022431,-1,,,,-1,-1,-1,1,[1840],[1840],[920],,,[4],[5],[6],,,2,999,999,999,-1,-1,,,,,
1022432,-1,,,,-1,-1,-1,1,[1844],[1844],[922],,,[4],[5],[6],,,2,999,999,999,-1,-1,,,,,
1022433,-1,,,,-1,-1,-1,1,[1848],[1848],[924],,,[4],[5],[6],,,2,999,999,999,-1,-1,,,,,
1022434,-1,,,,-1,-1,-1,1,[1852],[1852],[926],,,[4],[5],[6],,,2,999,999,999,-1,-1,,,,,
1022435,-1,,,,-1,-1,-1,1,[1856],[1856],[928],,,[4],[5],[6],,,2,999,999,999,-1,-1,,,,,
1022436,-1,,,,-1,-1,-1,1,[1860],[1860],[930],,,[4],[5],[6],,,2,999,999,999,-1,-1,,,,,
1022437,-1,,,,-1,-1,-1,1,[1864],[1864],[932],,,[4],[5],[6],,,2,999,999,999,-1,-1,,,,,
1022438,-1,,,,-1,-1,-1,1,[1868],[1868],[934],,,[4],[5],[6],,,2,999,999,999,-1,-1,,,,,
1022439,-1,,,,-1,-1,-1,1,[1872],[1872],[936],,,[4],[5],[6],,,2,999,999,999,-1,-1,,,,,
1022440,-1,,,,-1,-1,-1,1,[1876],[1876],[938],,,[4],[5],[6],,,2,999,999,999,-1,-1,,,,,
1022441,-1,,,,-1,-1,-1,1,[1880],[1880],[940],,,[4],[5],[6],,,2,999,999,999,-1,-1,,,,,
1022442,-1,,,,-1,-1,-1,1,[1884],[1884],[942],,,[4],[5],[6],,,2,999,999,999,-1,-1,,,,,
1022443,-1,,,,-1,-1,-1,1,[1888],[1888],[944],,,[4],[5],[6],,,2,999,999,999,-1,-1,,,,,
1022444,-1,,,,-1,-1,-1,1,[1892],[1892],[946],,,[4],[5],[6],,,2,999,999,999,-1,-1,,,,,
1022445,-1,,,,-1,-1,-1,1,[1896],[1896],[948],,,[4],[5],[6],,,2,999,999,999,-1,-1,,,,,
1022446,-1,,,,-1,-1,-1,1,[1900],[1900],[950],,,[4],[5],[6],,,2,999,999,999,-1,-1,,,,,
1022447,-1,,,,-1,-1,-1,1,[1904],[1904],[952],,,[4],[5],[6],,,2,999,999,999,-1,-1,,,,,
1022448,-1,,,,-1,-1,-1,1,[1908],[1908],[954],,,[4],[5],[6],,,2,999,999,999,-1,-1,,,,,
1022449,-1,,,,-1,-1,-1,1,[1912],[1912],[956],,,[4],[5],[6],,,2,999,999,999,-1,-1,,,,,
1022450,-1,,,,-1,-1,-1,1,[1916],[1916],[958],,,[4],[5],[6],,,2,999,999,999,-1,-1,,,,,
1023001,-1,,,,-1,-1,-1,1,[1],,,,,[404100004],,,,,2,2,-1,-1,-1,-1,,,,,
1023002,-1,,,,-1,-1,-1,1,[1],,,,,[404100004],,,,,2,2,-1,-1,-1,-1,,,,,
1023003,-1,,,,-1,-1,-1,1,[1],,,,,[404100004],,,,,2,2,-1,-1,-1,-1,,,,,
1023004,-1,,,,-1,-1,-1,1,[1],,,,,[404100004],,,,,2,2,-1,-1,-1,-1,,,,,
1023005,-1,,,,-1,-1,-1,1,[1],,,,,[404100004],,,,,2,2,-1,-1,-1,-1,,,,,
1023006,-1,,,,-1,-1,-1,1,[1],,,,,[404100004],,,,,2,2,-1,-1,-1,-1,,,,,
1023007,-1,,,,-1,-1,-1,1,[1],,,,,[404100004],,,,,2,2,-1,-1,-1,-1,,,,,
1023008,-1,,,,-1,-1,-1,1,[1],,,,,[404100004],,,,,2,2,-1,-1,-1,-1,,,,,
1023009,-1,,,,-1,-1,-1,1,[1],,,,,[404100004],,,,,2,2,-1,-1,-1,-1,,,,,
1023010,-1,,,,-1,-1,-1,1,[1],,,,,[404100004],,,,,2,2,-1,-1,-1,-1,,,,,
1023011,-1,,,,-1,-1,-1,1,[1],,,,,[404100004],,,,,2,2,-1,-1,-1,-1,,,,,
1023012,-1,,,,-1,-1,-1,1,[1],,,,,[404100004],,,,,2,2,-1,-1,-1,-1,,,,,
1023013,-1,,,,-1,-1,-1,1,[1],,,,,[404100004],,,,,2,2,-1,-1,-1,-1,,,,,
1023014,-1,,,,-1,-1,-1,1,[1],,,,,[404100004],,,,,2,2,-1,-1,-1,-1,,,,,
1023015,-1,,,,-1,-1,-1,1,[1],,,,,[404100004],,,,,2,2,-1,-1,-1,-1,,,,,
1023016,-1,,,,-1,-1,-1,1,[1],,,,,[404100004],,,,,2,2,-1,-1,-1,-1,,,,,
1023017,-1,,,,-1,-1,-1,1,[1],,,,,[404100004],,,,,2,2,-1,-1,-1,-1,,,,,
1023018,-1,,,,-1,-1,-1,1,[1],,,,,[404100004],,,,,2,2,-1,-1,-1,-1,,,,,
1023019,-1,,,,-1,-1,-1,1,[1],,,,,[404100004],,,,,2,2,-1,-1,-1,-1,,,,,
1023020,-1,,,,-1,-1,-1,1,[1],,,,,[404100004],,,,,2,2,-1,-1,-1,-1,,,,,
1023021,-1,,,,-1,-1,-1,1,[1],,,,,[404100004],,,,,2,2,-1,-1,-1,-1,,,,,
1023022,-1,,,,-1,-1,-1,1,[1],,,,,[404100004],,,,,2,2,-1,-1,-1,-1,,,,,
1023023,-1,,,,-1,-1,-1,1,[1],,,,,[404100004],,,,,2,2,-1,-1,-1,-1,,,,,
1023024,-1,,,,-1,-1,-1,1,[1],,,,,[404100004],,,,,2,2,-1,-1,-1,-1,,,,,
1023025,-1,,,,-1,-1,-1,1,[1],,,,,[404100004],,,,,2,2,-1,-1,-1,-1,,,,,
1023026,-1,,,,-1,-1,-1,1,[1],,,,,[404100004],,,,,2,2,-1,-1,-1,-1,,,,,
1023027,-1,,,,-1,-1,-1,1,[1],,,,,[404100004],,,,,2,2,-1,-1,-1,-1,,,,,
1023028,-1,,,,-1,-1,-1,1,[1],,,,,[404100004],,,,,2,2,-1,-1,-1,-1,,,,,
1023029,-1,,,,-1,-1,-1,1,[1],,,,,[404100004],,,,,2,2,-1,-1,-1,-1,,,,,
1023030,-1,,,,-1,-1,-1,1,[1],,,,,[404100004],,,,,2,2,-1,-1,-1,-1,,,,,
1023031,-1,,,,-1,-1,-1,1,[1],,,,,[404100004],,,,,2,2,-1,-1,-1,-1,,,,,
1023032,-1,,,,-1,-1,-1,1,[1],,,,,[404100004],,,,,2,2,-1,-1,-1,-1,,,,,
1023033,-1,,,,-1,-1,-1,1,[1],,,,,[404100004],,,,,2,2,-1,-1,-1,-1,,,,,
1023034,-1,,,,-1,-1,-1,1,[1],,,,,[404100004],,,,,2,2,-1,-1,-1,-1,,,,,
1023035,-1,,,,-1,-1,-1,1,[1],,,,,[404100004],,,,,2,2,-1,-1,-1,-1,,,,,
1023036,-1,,,,-1,-1,-1,1,[1],,,,,[404100004],,,,,2,2,-1,-1,-1,-1,,,,,
1023037,-1,,,,-1,-1,-1,1,[1],,,,,[404100004],,,,,2,2,-1,-1,-1,-1,,,,,
1023038,-1,,,,-1,-1,-1,1,[1],,,,,[404100004],,,,,2,2,-1,-1,-1,-1,,,,,
1023039,-1,,,,-1,-1,-1,1,[1],,,,,[404100004],,,,,2,2,-1,-1,-1,-1,,,,,
1023040,-1,,,,-1,-1,-1,1,[1],,,,,[404100004],,,,,2,2,-1,-1,-1,-1,,,,,
1023041,-1,,,,-1,-1,-1,1,[1],,,,,[404100004],,,,,2,2,-1,-1,-1,-1,,,,,
1023042,-1,,,,-1,-1,-1,1,[1],,,,,[404100004],,,,,2,2,-1,-1,-1,-1,,,,,
1023043,-1,,,,-1,-1,-1,1,[1],,,,,[404100004],,,,,2,2,-1,-1,-1,-1,,,,,
1023044,-1,,,,-1,-1,-1,1,[1],,,,,[404100004],,,,,2,2,-1,-1,-1,-1,,,,,
1023045,-1,,,,-1,-1,-1,1,[1],,,,,[404100004],,,,,2,2,-1,-1,-1,-1,,,,,
1023046,-1,,,,-1,-1,-1,1,[1],,,,,[404100004],,,,,2,2,-1,-1,-1,-1,,,,,
1023047,-1,,,,-1,-1,-1,1,[1],,,,,[404100004],,,,,2,2,-1,-1,-1,-1,,,,,
1023048,-1,,,,-1,-1,-1,1,[1],,,,,[404100004],,,,,2,2,-1,-1,-1,-1,,,,,
1023049,-1,,,,-1,-1,-1,1,[1],,,,,[404100004],,,,,2,2,-1,-1,-1,-1,,,,,
1023050,-1,,,,-1,-1,-1,1,[1],,,,,[404100004],,,,,2,2,-1,-1,-1,-1,,,,,
1023051,-1,,,,-1,-1,-1,1,[1],,,,,[404100004],,,,,2,2,-1,-1,-1,-1,,,,,
1023052,-1,,,,-1,-1,-1,1,[1],,,,,[404100004],,,,,2,2,-1,-1,-1,-1,,,,,
1023053,-1,,,,-1,-1,-1,1,[1],,,,,[404100004],,,,,2,2,-1,-1,-1,-1,,,,,
1023054,-1,,,,-1,-1,-1,1,[1],,,,,[404100004],,,,,2,2,-1,-1,-1,-1,,,,,
1023055,-1,,,,-1,-1,-1,1,[1],,,,,[404100004],,,,,2,2,-1,-1,-1,-1,,,,,
1023056,-1,,,,-1,-1,-1,1,[1],,,,,[404100004],,,,,2,2,-1,-1,-1,-1,,,,,
1023057,-1,,,,-1,-1,-1,1,[1],,,,,[404100004],,,,,2,2,-1,-1,-1,-1,,,,,
1023058,-1,,,,-1,-1,-1,1,[1],,,,,[404100004],,,,,2,2,-1,-1,-1,-1,,,,,
1023059,-1,,,,-1,-1,-1,1,[1],,,,,[404100004],,,,,2,2,-1,-1,-1,-1,,,,,
1023060,-1,,,,-1,-1,-1,1,[1],,,,,[404100004],,,,,2,2,-1,-1,-1,-1,,,,,
1023061,-1,,,,-1,-1,-1,1,[1],,,,,[404100004],,,,,2,2,-1,-1,-1,-1,,,,,
1023062,-1,,,,-1,-1,-1,1,[1],,,,,[404100004],,,,,2,2,-1,-1,-1,-1,,,,,
1023063,-1,,,,-1,-1,-1,1,[1],,,,,[404100004],,,,,2,2,-1,-1,-1,-1,,,,,
1023064,-1,,,,-1,-1,-1,1,[1],,,,,[404100004],,,,,2,2,-1,-1,-1,-1,,,,,
1023065,-1,,,,-1,-1,-1,1,[1],,,,,[404100004],,,,,2,2,-1,-1,-1,-1,,,,,
1023066,-1,,,,-1,-1,-1,1,[1],,,,,[404100004],,,,,2,2,-1,-1,-1,-1,,,,,
1023067,-1,,,,-1,-1,-1,1,[1],,,,,[404100004],,,,,2,2,-1,-1,-1,-1,,,,,
1023068,-1,,,,-1,-1,-1,1,[1],,,,,[404100004],,,,,2,2,-1,-1,-1,-1,,,,,
1023069,-1,,,,-1,-1,-1,1,[1],,,,,[404100004],,,,,2,2,-1,-1,-1,-1,,,,,
1023070,-1,,,,-1,-1,-1,1,[1],,,,,[404100004],,,,,2,2,-1,-1,-1,-1,,,,,
1023071,-1,,,,-1,-1,-1,1,[1],,,,,[404100004],,,,,2,2,-1,-1,-1,-1,,,,,
1023072,-1,,,,-1,-1,-1,1,[1],,,,,[404100004],,,,,2,2,-1,-1,-1,-1,,,,,
1023073,-1,,,,-1,-1,-1,1,[1],,,,,[404100004],,,,,2,2,-1,-1,-1,-1,,,,,
1023074,-1,,,,-1,-1,-1,1,[1],,,,,[404100004],,,,,2,2,-1,-1,-1,-1,,,,,
1023075,-1,,,,-1,-1,-1,1,[1],,,,,[404100004],,,,,2,2,-1,-1,-1,-1,,,,,
1023076,-1,,,,-1,-1,-1,1,[1],,,,,[404100004],,,,,2,2,-1,-1,-1,-1,,,,,
1023077,-1,,,,-1,-1,-1,1,[1],,,,,[404100004],,,,,2,2,-1,-1,-1,-1,,,,,
1023078,-1,,,,-1,-1,-1,1,[1],,,,,[404100004],,,,,2,2,-1,-1,-1,-1,,,,,
1023079,-1,,,,-1,-1,-1,1,[1],,,,,[404100004],,,,,2,2,-1,-1,-1,-1,,,,,
1023080,-1,,,,-1,-1,-1,1,[1],,,,,[404100004],,,,,2,2,-1,-1,-1,-1,,,,,
1023081,-1,,,,-1,-1,-1,1,[1],,,,,[404100004],,,,,2,2,-1,-1,-1,-1,,,,,
1023082,-1,,,,-1,-1,-1,1,[1],,,,,[404100004],,,,,2,2,-1,-1,-1,-1,,,,,
1023083,-1,,,,-1,-1,-1,1,[1],,,,,[404100004],,,,,2,2,-1,-1,-1,-1,,,,,
1023084,-1,,,,-1,-1,-1,1,[1],,,,,[404100004],,,,,2,2,-1,-1,-1,-1,,,,,
1023085,-1,,,,-1,-1,-1,1,[1],,,,,[404100004],,,,,2,2,-1,-1,-1,-1,,,,,
1023086,-1,,,,-1,-1,-1,1,[1],,,,,[404100004],,,,,2,2,-1,-1,-1,-1,,,,,
1023087,-1,,,,-1,-1,-1,1,[1],,,,,[404100004],,,,,2,2,-1,-1,-1,-1,,,,,
1023088,-1,,,,-1,-1,-1,1,[1],,,,,[404100004],,,,,2,2,-1,-1,-1,-1,,,,,
1023089,-1,,,,-1,-1,-1,1,[1],,,,,[404100004],,,,,2,2,-1,-1,-1,-1,,,,,
1023090,-1,,,,-1,-1,-1,1,[1],,,,,[404100004],,,,,2,2,-1,-1,-1,-1,,,,,
1023091,-1,,,,-1,-1,-1,1,[1],,,,,[404100004],,,,,2,2,-1,-1,-1,-1,,,,,
1023092,-1,,,,-1,-1,-1,1,[1],,,,,[404100004],,,,,2,2,-1,-1,-1,-1,,,,,
1023093,-1,,,,-1,-1,-1,1,[1],,,,,[404100004],,,,,2,2,-1,-1,-1,-1,,,,,
1023094,-1,,,,-1,-1,-1,1,[1],,,,,[404100004],,,,,2,2,-1,-1,-1,-1,,,,,
1023095,-1,,,,-1,-1,-1,1,[1],,,,,[404100004],,,,,2,2,-1,-1,-1,-1,,,,,
1023096,-1,,,,-1,-1,-1,1,[1],,,,,[404100004],,,,,2,2,-1,-1,-1,-1,,,,,
1023097,-1,,,,-1,-1,-1,1,[1],,,,,[404100004],,,,,2,2,-1,-1,-1,-1,,,,,
1023098,-1,,,,-1,-1,-1,1,[1],,,,,[404100004],,,,,2,2,-1,-1,-1,-1,,,,,
1023099,-1,,,,-1,-1,-1,1,[1],,,,,[404100004],,,,,2,2,-1,-1,-1,-1,,,,,
1023100,-1,,,,-1,-1,-1,1,[1],,,,,[404100004],,,,,2,2,-1,-1,-1,-1,,,,,
1023101,-1,,,,-1,-1,-1,1,[1],,,,,[404100004],,,,,2,2,-1,-1,-1,-1,,,,,
1023102,-1,,,,-1,-1,-1,1,[1],,,,,[404100004],,,,,2,2,-1,-1,-1,-1,,,,,
1023103,-1,,,,-1,-1,-1,1,[1],,,,,[404100004],,,,,2,2,-1,-1,-1,-1,,,,,
1023104,-1,,,,-1,-1,-1,1,[1],,,,,[404100004],,,,,2,2,-1,-1,-1,-1,,,,,
1023105,-1,,,,-1,-1,-1,1,[1],,,,,[404100004],,,,,2,2,-1,-1,-1,-1,,,,,
1023106,-1,,,,-1,-1,-1,1,[1],,,,,[404100004],,,,,2,2,-1,-1,-1,-1,,,,,
1023107,-1,,,,-1,-1,-1,1,[1],,,,,[404100004],,,,,2,2,-1,-1,-1,-1,,,,,
1023108,-1,,,,-1,-1,-1,1,[1],,,,,[404100004],,,,,2,2,-1,-1,-1,-1,,,,,
1023109,-1,,,,-1,-1,-1,1,[1],,,,,[404100004],,,,,2,2,-1,-1,-1,-1,,,,,
1023110,-1,,,,-1,-1,-1,1,[1],,,,,[404100004],,,,,2,2,-1,-1,-1,-1,,,,,
1023111,-1,,,,-1,-1,-1,1,[1],,,,,[404100004],,,,,2,2,-1,-1,-1,-1,,,,,
1023112,-1,,,,-1,-1,-1,1,[1],,,,,[404100004],,,,,2,2,-1,-1,-1,-1,,,,,
1023113,-1,,,,-1,-1,-1,1,[1],,,,,[404100004],,,,,2,2,-1,-1,-1,-1,,,,,
1023114,-1,,,,-1,-1,-1,1,[1],,,,,[404100004],,,,,2,2,-1,-1,-1,-1,,,,,
1023115,-1,,,,-1,-1,-1,1,[1],,,,,[404100004],,,,,2,2,-1,-1,-1,-1,,,,,
1023116,-1,,,,-1,-1,-1,1,[1],,,,,[404100004],,,,,2,2,-1,-1,-1,-1,,,,,
1023117,-1,,,,-1,-1,-1,1,[1],,,,,[404100004],,,,,2,2,-1,-1,-1,-1,,,,,
1023118,-1,,,,-1,-1,-1,1,[1],,,,,[404100004],,,,,2,2,-1,-1,-1,-1,,,,,
1023119,-1,,,,-1,-1,-1,1,[1],,,,,[404100004],,,,,2,2,-1,-1,-1,-1,,,,,
1023120,-1,,,,-1,-1,-1,1,[1],,,,,[404100004],,,,,2,2,-1,-1,-1,-1,,,,,
1023121,-1,,,,-1,-1,-1,1,[1],,,,,[404100004],,,,,2,2,-1,-1,-1,-1,,,,,
1023122,-1,,,,-1,-1,-1,1,[1],,,,,[404100004],,,,,2,2,-1,-1,-1,-1,,,,,
1023123,-1,,,,-1,-1,-1,1,[1],,,,,[404100004],,,,,2,2,-1,-1,-1,-1,,,,,
1023124,-1,,,,-1,-1,-1,1,[1],,,,,[404100004],,,,,2,2,-1,-1,-1,-1,,,,,
1023125,-1,,,,-1,-1,-1,1,[1],,,,,[404100004],,,,,2,2,-1,-1,-1,-1,,,,,
1023126,-1,,,,-1,-1,-1,1,[1],,,,,[404100004],,,,,2,2,-1,-1,-1,-1,,,,,
1023127,-1,,,,-1,-1,-1,1,[1],,,,,[404100004],,,,,2,2,-1,-1,-1,-1,,,,,
1023128,-1,,,,-1,-1,-1,1,[1],,,,,[404100004],,,,,2,2,-1,-1,-1,-1,,,,,
1023129,-1,,,,-1,-1,-1,1,[1],,,,,[404100004],,,,,2,2,-1,-1,-1,-1,,,,,
1023130,-1,,,,-1,-1,-1,1,[1],,,,,[404100004],,,,,2,2,-1,-1,-1,-1,,,,,
1023131,-1,,,,-1,-1,-1,1,[1],,,,,[404100004],,,,,2,2,-1,-1,-1,-1,,,,,
1023132,-1,,,,-1,-1,-1,1,[1],,,,,[404100004],,,,,2,2,-1,-1,-1,-1,,,,,
1023133,-1,,,,-1,-1,-1,1,[1],,,,,[404100004],,,,,2,2,-1,-1,-1,-1,,,,,
1023134,-1,,,,-1,-1,-1,1,[1],,,,,[404100004],,,,,2,2,-1,-1,-1,-1,,,,,
1023135,-1,,,,-1,-1,-1,1,[1],,,,,[404100004],,,,,2,2,-1,-1,-1,-1,,,,,
1023136,-1,,,,-1,-1,-1,1,[1],,,,,[404100004],,,,,2,2,-1,-1,-1,-1,,,,,
1023137,-1,,,,-1,-1,-1,1,[1],,,,,[404100004],,,,,2,2,-1,-1,-1,-1,,,,,
1023138,-1,,,,-1,-1,-1,1,[1],,,,,[404100004],,,,,2,2,-1,-1,-1,-1,,,,,
1023139,-1,,,,-1,-1,-1,1,[1],,,,,[404100004],,,,,2,2,-1,-1,-1,-1,,,,,
1023140,-1,,,,-1,-1,-1,1,[1],,,,,[404100004],,,,,2,2,-1,-1,-1,-1,,,,,
1023141,-1,,,,-1,-1,-1,1,[1],,,,,[404100004],,,,,2,2,-1,-1,-1,-1,,,,,
1023142,-1,,,,-1,-1,-1,1,[1],,,,,[404100004],,,,,2,2,-1,-1,-1,-1,,,,,
1023143,-1,,,,-1,-1,-1,1,[1],,,,,[404100004],,,,,2,2,-1,-1,-1,-1,,,,,
1023144,-1,,,,-1,-1,-1,1,[1],,,,,[404100004],,,,,2,2,-1,-1,-1,-1,,,,,
1023145,-1,,,,-1,-1,-1,1,[1],,,,,[404100004],,,,,2,2,-1,-1,-1,-1,,,,,
1023146,-1,,,,-1,-1,-1,1,[1],,,,,[404100004],,,,,2,2,-1,-1,-1,-1,,,,,
1023147,-1,,,,-1,-1,-1,1,[1],,,,,[404100004],,,,,2,2,-1,-1,-1,-1,,,,,
1023148,-1,,,,-1,-1,-1,1,[1],,,,,[404100004],,,,,2,2,-1,-1,-1,-1,,,,,
1023149,-1,,,,-1,-1,-1,1,[1],,,,,[404100004],,,,,2,2,-1,-1,-1,-1,,,,,
1023150,-1,,,,-1,-1,-1,1,[1],,,,,[404100004],,,,,2,2,-1,-1,-1,-1,,,,,
1023151,-1,,,,-1,-1,-1,1,[1],,,,,[404100004],,,,,2,2,-1,-1,-1,-1,,,,,
1023152,-1,,,,-1,-1,-1,1,[1],,,,,[404100004],,,,,2,2,-1,-1,-1,-1,,,,,
1023153,-1,,,,-1,-1,-1,1,[1],,,,,[404100004],,,,,2,2,-1,-1,-1,-1,,,,,
1023154,-1,,,,-1,-1,-1,1,[1],,,,,[404100004],,,,,2,2,-1,-1,-1,-1,,,,,
1023155,-1,,,,-1,-1,-1,1,[1],,,,,[404100004],,,,,2,2,-1,-1,-1,-1,,,,,
1023156,-1,,,,-1,-1,-1,1,[1],,,,,[404100004],,,,,2,2,-1,-1,-1,-1,,,,,
1023157,-1,,,,-1,-1,-1,1,[1],,,,,[404100004],,,,,2,2,-1,-1,-1,-1,,,,,
1023158,-1,,,,-1,-1,-1,1,[1],,,,,[404100004],,,,,2,2,-1,-1,-1,-1,,,,,
1023159,-1,,,,-1,-1,-1,1,[1],,,,,[404100004],,,,,2,2,-1,-1,-1,-1,,,,,
1023160,-1,,,,-1,-1,-1,1,[1],,,,,[404100004],,,,,2,2,-1,-1,-1,-1,,,,,
1023161,-1,,,,-1,-1,-1,1,[1],,,,,[404100004],,,,,2,2,-1,-1,-1,-1,,,,,
1023162,-1,,,,-1,-1,-1,1,[1],,,,,[404100004],,,,,2,2,-1,-1,-1,-1,,,,,
1023163,-1,,,,-1,-1,-1,1,[1],,,,,[404100004],,,,,2,2,-1,-1,-1,-1,,,,,
1023164,-1,,,,-1,-1,-1,1,[1],,,,,[404100004],,,,,2,2,-1,-1,-1,-1,,,,,
1023165,-1,,,,-1,-1,-1,1,[1],,,,,[404100004],,,,,2,2,-1,-1,-1,-1,,,,,
1023166,-1,,,,-1,-1,-1,1,[1],,,,,[404100004],,,,,2,2,-1,-1,-1,-1,,,,,
1023167,-1,,,,-1,-1,-1,1,[1],,,,,[404100004],,,,,2,2,-1,-1,-1,-1,,,,,
1023168,-1,,,,-1,-1,-1,1,[1],,,,,[404100004],,,,,2,2,-1,-1,-1,-1,,,,,
1023169,-1,,,,-1,-1,-1,1,[1],,,,,[404100004],,,,,2,2,-1,-1,-1,-1,,,,,
1023170,-1,,,,-1,-1,-1,1,[1],,,,,[404100004],,,,,2,2,-1,-1,-1,-1,,,,,
1023171,-1,,,,-1,-1,-1,1,[1],,,,,[404100004],,,,,2,2,-1,-1,-1,-1,,,,,
1023172,-1,,,,-1,-1,-1,1,[1],,,,,[404100004],,,,,2,2,-1,-1,-1,-1,,,,,
1023173,-1,,,,-1,-1,-1,1,[1],,,,,[404100004],,,,,2,2,-1,-1,-1,-1,,,,,
1023174,-1,,,,-1,-1,-1,1,[1],,,,,[404100004],,,,,2,2,-1,-1,-1,-1,,,,,
1023175,-1,,,,-1,-1,-1,1,[1],,,,,[404100004],,,,,2,2,-1,-1,-1,-1,,,,,
1023176,-1,,,,-1,-1,-1,1,[1],,,,,[404100004],,,,,2,2,-1,-1,-1,-1,,,,,
1023177,-1,,,,-1,-1,-1,1,[1],,,,,[404100004],,,,,2,2,-1,-1,-1,-1,,,,,
1023178,-1,,,,-1,-1,-1,1,[1],,,,,[404100004],,,,,2,2,-1,-1,-1,-1,,,,,
1023179,-1,,,,-1,-1,-1,1,[1],,,,,[404100004],,,,,2,2,-1,-1,-1,-1,,,,,
1023180,-1,,,,-1,-1,-1,1,[1],,,,,[404100004],,,,,2,2,-1,-1,-1,-1,,,,,
1023181,-1,,,,-1,-1,-1,1,[1],,,,,[404100004],,,,,2,2,-1,-1,-1,-1,,,,,
1023182,-1,,,,-1,-1,-1,1,[1],,,,,[404100004],,,,,2,2,-1,-1,-1,-1,,,,,
1023183,-1,,,,-1,-1,-1,1,[1],,,,,[404100004],,,,,2,2,-1,-1,-1,-1,,,,,
1023184,-1,,,,-1,-1,-1,1,[1],,,,,[404100004],,,,,2,2,-1,-1,-1,-1,,,,,
1023185,-1,,,,-1,-1,-1,1,[1],,,,,[404100004],,,,,2,2,-1,-1,-1,-1,,,,,
1023186,-1,,,,-1,-1,-1,1,[1],,,,,[404100004],,,,,2,2,-1,-1,-1,-1,,,,,
1023187,-1,,,,-1,-1,-1,1,[1],,,,,[404100004],,,,,2,2,-1,-1,-1,-1,,,,,
1023188,-1,,,,-1,-1,-1,1,[1],,,,,[404100004],,,,,2,2,-1,-1,-1,-1,,,,,
1023189,-1,,,,-1,-1,-1,1,[1],,,,,[404100004],,,,,2,2,-1,-1,-1,-1,,,,,
1023190,-1,,,,-1,-1,-1,1,[1],,,,,[404100004],,,,,2,2,-1,-1,-1,-1,,,,,
1023191,-1,,,,-1,-1,-1,1,[1],,,,,[404100004],,,,,2,2,-1,-1,-1,-1,,,,,
1023192,-1,,,,-1,-1,-1,1,[1],,,,,[404100004],,,,,2,2,-1,-1,-1,-1,,,,,
1023193,-1,,,,-1,-1,-1,1,[1],,,,,[404100004],,,,,2,2,-1,-1,-1,-1,,,,,
1023194,-1,,,,-1,-1,-1,1,[1],,,,,[404100004],,,,,2,2,-1,-1,-1,-1,,,,,
1023195,-1,,,,-1,-1,-1,1,[1],,,,,[404100004],,,,,2,2,-1,-1,-1,-1,,,,,
1023196,-1,,,,-1,-1,-1,1,[1],,,,,[404100004],,,,,2,2,-1,-1,-1,-1,,,,,
1023197,-1,,,,-1,-1,-1,1,[1],,,,,[404100004],,,,,2,2,-1,-1,-1,-1,,,,,
1023198,-1,,,,-1,-1,-1,1,[1],,,,,[404100004],,,,,2,2,-1,-1,-1,-1,,,,,
1023199,-1,,,,-1,-1,-1,1,[1],,,,,[404100004],,,,,2,2,-1,-1,-1,-1,,,,,
1023200,-1,,,,-1,-1,-1,1,[1],,,,,[404100004],,,,,2,2,-1,-1,-1,-1,,,,,
1023201,-1,,,,-1,-1,-1,1,[1],,,,,[404100004],,,,,2,2,-1,-1,-1,-1,,,,,
1023202,-1,,,,-1,-1,-1,1,[1],,,,,[404100004],,,,,2,2,-1,-1,-1,-1,,,,,
1023203,-1,,,,-1,-1,-1,1,[1],,,,,[404100004],,,,,2,2,-1,-1,-1,-1,,,,,
1023204,-1,,,,-1,-1,-1,1,[1],,,,,[404100004],,,,,2,2,-1,-1,-1,-1,,,,,
1023205,-1,,,,-1,-1,-1,1,[1],,,,,[404100004],,,,,2,2,-1,-1,-1,-1,,,,,
1023206,-1,,,,-1,-1,-1,1,[1],,,,,[404100004],,,,,2,2,-1,-1,-1,-1,,,,,
1023207,-1,,,,-1,-1,-1,1,[1],,,,,[404100004],,,,,2,2,-1,-1,-1,-1,,,,,
1023208,-1,,,,-1,-1,-1,1,[1],,,,,[404100004],,,,,2,2,-1,-1,-1,-1,,,,,
1023209,-1,,,,-1,-1,-1,1,[1],,,,,[404100004],,,,,2,2,-1,-1,-1,-1,,,,,
1023210,-1,,,,-1,-1,-1,1,[1],,,,,[404100004],,,,,2,2,-1,-1,-1,-1,,,,,
1023211,-1,,,,-1,-1,-1,1,[1],,,,,[404100004],,,,,2,2,-1,-1,-1,-1,,,,,
1023212,-1,,,,-1,-1,-1,1,[1],,,,,[404100004],,,,,2,2,-1,-1,-1,-1,,,,,
1023213,-1,,,,-1,-1,-1,1,[1],,,,,[404100004],,,,,2,2,-1,-1,-1,-1,,,,,
1023214,-1,,,,-1,-1,-1,1,[1],,,,,[404100004],,,,,2,2,-1,-1,-1,-1,,,,,
1023215,-1,,,,-1,-1,-1,1,[1],,,,,[404100004],,,,,2,2,-1,-1,-1,-1,,,,,
1023216,-1,,,,-1,-1,-1,1,[1],,,,,[404100004],,,,,2,2,-1,-1,-1,-1,,,,,
1023217,-1,,,,-1,-1,-1,1,[1],,,,,[404100004],,,,,2,2,-1,-1,-1,-1,,,,,
1023218,-1,,,,-1,-1,-1,1,[1],,,,,[404100004],,,,,2,2,-1,-1,-1,-1,,,,,
1023219,-1,,,,-1,-1,-1,1,[1],,,,,[404100004],,,,,2,2,-1,-1,-1,-1,,,,,
1023220,-1,,,,-1,-1,-1,1,[1],,,,,[404100004],,,,,2,2,-1,-1,-1,-1,,,,,
1023221,-1,,,,-1,-1,-1,1,[1],,,,,[404100004],,,,,2,2,-1,-1,-1,-1,,,,,
1023222,-1,,,,-1,-1,-1,1,[1],,,,,[404100004],,,,,2,2,-1,-1,-1,-1,,,,,
1023223,-1,,,,-1,-1,-1,1,[1],,,,,[404100004],,,,,2,2,-1,-1,-1,-1,,,,,
1023224,-1,,,,-1,-1,-1,1,[1],,,,,[404100004],,,,,2,2,-1,-1,-1,-1,,,,,
1023225,-1,,,,-1,-1,-1,1,[1],,,,,[404100004],,,,,2,2,-1,-1,-1,-1,,,,,
1023226,-1,,,,-1,-1,-1,1,[1],,,,,[404100004],,,,,2,2,-1,-1,-1,-1,,,,,
1023227,-1,,,,-1,-1,-1,1,[1],,,,,[404100004],,,,,2,2,-1,-1,-1,-1,,,,,
1023228,-1,,,,-1,-1,-1,1,[1],,,,,[404100004],,,,,2,2,-1,-1,-1,-1,,,,,
1023229,-1,,,,-1,-1,-1,1,[1],,,,,[404100004],,,,,2,2,-1,-1,-1,-1,,,,,
1023230,-1,,,,-1,-1,-1,1,[1],,,,,[404100004],,,,,2,2,-1,-1,-1,-1,,,,,
1023231,-1,,,,-1,-1,-1,1,[1],,,,,[404100004],,,,,2,2,-1,-1,-1,-1,,,,,
1023232,-1,,,,-1,-1,-1,1,[1],,,,,[404100004],,,,,2,2,-1,-1,-1,-1,,,,,
1023233,-1,,,,-1,-1,-1,1,[1],,,,,[404100004],,,,,2,2,-1,-1,-1,-1,,,,,
1023234,-1,,,,-1,-1,-1,1,[1],,,,,[404100004],,,,,2,2,-1,-1,-1,-1,,,,,
1023235,-1,,,,-1,-1,-1,1,[1],,,,,[404100004],,,,,2,2,-1,-1,-1,-1,,,,,
1023236,-1,,,,-1,-1,-1,1,[1],,,,,[404100004],,,,,2,2,-1,-1,-1,-1,,,,,
1023237,-1,,,,-1,-1,-1,1,[1],,,,,[404100004],,,,,2,2,-1,-1,-1,-1,,,,,
1023238,-1,,,,-1,-1,-1,1,[1],,,,,[404100004],,,,,2,2,-1,-1,-1,-1,,,,,
1023239,-1,,,,-1,-1,-1,1,[1],,,,,[404100004],,,,,2,2,-1,-1,-1,-1,,,,,
1023240,-1,,,,-1,-1,-1,1,[1],,,,,[404100004],,,,,2,2,-1,-1,-1,-1,,,,,
1023241,-1,,,,-1,-1,-1,1,[1],,,,,[404100004],,,,,2,2,-1,-1,-1,-1,,,,,
1023242,-1,,,,-1,-1,-1,1,[1],,,,,[404100004],,,,,2,2,-1,-1,-1,-1,,,,,
1023243,-1,,,,-1,-1,-1,1,[1],,,,,[404100004],,,,,2,2,-1,-1,-1,-1,,,,,
1023244,-1,,,,-1,-1,-1,1,[1],,,,,[404100004],,,,,2,2,-1,-1,-1,-1,,,,,
1023245,-1,,,,-1,-1,-1,1,[1],,,,,[404100004],,,,,2,2,-1,-1,-1,-1,,,,,
1023246,-1,,,,-1,-1,-1,1,[1],,,,,[404100004],,,,,2,2,-1,-1,-1,-1,,,,,
1023247,-1,,,,-1,-1,-1,1,[1],,,,,[404100004],,,,,2,2,-1,-1,-1,-1,,,,,
1023248,-1,,,,-1,-1,-1,1,[1],,,,,[404100004],,,,,2,2,-1,-1,-1,-1,,,,,
1023249,-1,,,,-1,-1,-1,1,[1],,,,,[404100004],,,,,2,2,-1,-1,-1,-1,,,,,
1023250,-1,,,,-1,-1,-1,1,[1],,,,,[404100004],,,,,2,2,-1,-1,-1,-1,,,,,
1023251,-1,,,,-1,-1,-1,1,[1],,,,,[404100004],,,,,2,2,-1,-1,-1,-1,,,,,
1023252,-1,,,,-1,-1,-1,1,[1],,,,,[404100004],,,,,2,2,-1,-1,-1,-1,,,,,
1023253,-1,,,,-1,-1,-1,1,[1],,,,,[404100004],,,,,2,2,-1,-1,-1,-1,,,,,
1023254,-1,,,,-1,-1,-1,1,[1],,,,,[404100004],,,,,2,2,-1,-1,-1,-1,,,,,
1023255,-1,,,,-1,-1,-1,1,[1],,,,,[404100004],,,,,2,2,-1,-1,-1,-1,,,,,
1023256,-1,,,,-1,-1,-1,1,[1],,,,,[404100004],,,,,2,2,-1,-1,-1,-1,,,,,
1023257,-1,,,,-1,-1,-1,1,[1],,,,,[404100004],,,,,2,2,-1,-1,-1,-1,,,,,
1023258,-1,,,,-1,-1,-1,1,[1],,,,,[404100004],,,,,2,2,-1,-1,-1,-1,,,,,
1023259,-1,,,,-1,-1,-1,1,[1],,,,,[404100004],,,,,2,2,-1,-1,-1,-1,,,,,
1023260,-1,,,,-1,-1,-1,1,[1],,,,,[404100004],,,,,2,2,-1,-1,-1,-1,,,,,
1023261,-1,,,,-1,-1,-1,1,[1],,,,,[404100004],,,,,2,2,-1,-1,-1,-1,,,,,
1023262,-1,,,,-1,-1,-1,1,[1],,,,,[404100004],,,,,2,2,-1,-1,-1,-1,,,,,
1023263,-1,,,,-1,-1,-1,1,[1],,,,,[404100004],,,,,2,2,-1,-1,-1,-1,,,,,
1023264,-1,,,,-1,-1,-1,1,[1],,,,,[404100004],,,,,2,2,-1,-1,-1,-1,,,,,
1023265,-1,,,,-1,-1,-1,1,[1],,,,,[404100004],,,,,2,2,-1,-1,-1,-1,,,,,
1023266,-1,,,,-1,-1,-1,1,[1],,,,,[404100004],,,,,2,2,-1,-1,-1,-1,,,,,
1023267,-1,,,,-1,-1,-1,1,[1],,,,,[404100004],,,,,2,2,-1,-1,-1,-1,,,,,
1023268,-1,,,,-1,-1,-1,1,[1],,,,,[404100004],,,,,2,2,-1,-1,-1,-1,,,,,
1023269,-1,,,,-1,-1,-1,1,[1],,,,,[404100004],,,,,2,2,-1,-1,-1,-1,,,,,
1023270,-1,,,,-1,-1,-1,1,[1],,,,,[404100004],,,,,2,2,-1,-1,-1,-1,,,,,
1023271,-1,,,,-1,-1,-1,1,[1],,,,,[404100004],,,,,2,2,-1,-1,-1,-1,,,,,
1023272,-1,,,,-1,-1,-1,1,[1],,,,,[404100004],,,,,2,2,-1,-1,-1,-1,,,,,
1023273,-1,,,,-1,-1,-1,1,[1],,,,,[404100004],,,,,2,2,-1,-1,-1,-1,,,,,
1023274,-1,,,,-1,-1,-1,1,[1],,,,,[404100004],,,,,2,2,-1,-1,-1,-1,,,,,
1023275,-1,,,,-1,-1,-1,1,[1],,,,,[404100004],,,,,2,2,-1,-1,-1,-1,,,,,
1023276,-1,,,,-1,-1,-1,1,[1],,,,,[404100004],,,,,2,2,-1,-1,-1,-1,,,,,
1023277,-1,,,,-1,-1,-1,1,[1],,,,,[404100004],,,,,2,2,-1,-1,-1,-1,,,,,
1023278,-1,,,,-1,-1,-1,1,[1],,,,,[404100004],,,,,2,2,-1,-1,-1,-1,,,,,
1023279,-1,,,,-1,-1,-1,1,[1],,,,,[404100004],,,,,2,2,-1,-1,-1,-1,,,,,
1023280,-1,,,,-1,-1,-1,1,[1],,,,,[404100004],,,,,2,2,-1,-1,-1,-1,,,,,
1023281,-1,,,,-1,-1,-1,1,[1],,,,,[404100004],,,,,2,2,-1,-1,-1,-1,,,,,
1023282,-1,,,,-1,-1,-1,1,[1],,,,,[404100004],,,,,2,2,-1,-1,-1,-1,,,,,
1023283,-1,,,,-1,-1,-1,1,[1],,,,,[404100004],,,,,2,2,-1,-1,-1,-1,,,,,
1023284,-1,,,,-1,-1,-1,1,[1],,,,,[404100004],,,,,2,2,-1,-1,-1,-1,,,,,
1023285,-1,,,,-1,-1,-1,1,[1],,,,,[404100004],,,,,2,2,-1,-1,-1,-1,,,,,
1023286,-1,,,,-1,-1,-1,1,[1],,,,,[404100004],,,,,2,2,-1,-1,-1,-1,,,,,
1023287,-1,,,,-1,-1,-1,1,[1],,,,,[404100004],,,,,2,2,-1,-1,-1,-1,,,,,
1023288,-1,,,,-1,-1,-1,1,[1],,,,,[404100004],,,,,2,2,-1,-1,-1,-1,,,,,
1023289,-1,,,,-1,-1,-1,1,[1],,,,,[404100004],,,,,2,2,-1,-1,-1,-1,,,,,
1023290,-1,,,,-1,-1,-1,1,[1],,,,,[404100004],,,,,2,2,-1,-1,-1,-1,,,,,
1023291,-1,,,,-1,-1,-1,1,[1],,,,,[404100004],,,,,2,2,-1,-1,-1,-1,,,,,
1023292,-1,,,,-1,-1,-1,1,[1],,,,,[404100004],,,,,2,2,-1,-1,-1,-1,,,,,
1023293,-1,,,,-1,-1,-1,1,[1],,,,,[404100004],,,,,2,2,-1,-1,-1,-1,,,,,
1023294,-1,,,,-1,-1,-1,1,[1],,,,,[404100004],,,,,2,2,-1,-1,-1,-1,,,,,
1023295,-1,,,,-1,-1,-1,1,[1],,,,,[404100004],,,,,2,2,-1,-1,-1,-1,,,,,
1023296,-1,,,,-1,-1,-1,1,[1],,,,,[404100004],,,,,2,2,-1,-1,-1,-1,,,,,
1023297,-1,,,,-1,-1,-1,1,[1],,,,,[404100004],,,,,2,2,-1,-1,-1,-1,,,,,
1023298,-1,,,,-1,-1,-1,1,[1],,,,,[404100004],,,,,2,2,-1,-1,-1,-1,,,,,
1023299,-1,,,,-1,-1,-1,1,[1],,,,,[404100004],,,,,2,2,-1,-1,-1,-1,,,,,
1023300,-1,,,,-1,-1,-1,1,[1],,,,,[404100004],,,,,2,2,-1,-1,-1,-1,,,,,
1023301,-1,,,,-1,-1,-1,1,[1],,,,,[404100004],,,,,2,2,-1,-1,-1,-1,,,,,
1023302,-1,,,,-1,-1,-1,1,[1],,,,,[404100004],,,,,2,2,-1,-1,-1,-1,,,,,
1023303,-1,,,,-1,-1,-1,1,[1],,,,,[404100004],,,,,2,2,-1,-1,-1,-1,,,,,
1023304,-1,,,,-1,-1,-1,1,[1],,,,,[404100004],,,,,2,2,-1,-1,-1,-1,,,,,
1023305,-1,,,,-1,-1,-1,1,[1],,,,,[404100004],,,,,2,2,-1,-1,-1,-1,,,,,
1023306,-1,,,,-1,-1,-1,1,[1],,,,,[404100004],,,,,2,2,-1,-1,-1,-1,,,,,
1023307,-1,,,,-1,-1,-1,1,[1],,,,,[404100004],,,,,2,2,-1,-1,-1,-1,,,,,
1023308,-1,,,,-1,-1,-1,1,[1],,,,,[404100004],,,,,2,2,-1,-1,-1,-1,,,,,
1023309,-1,,,,-1,-1,-1,1,[1],,,,,[404100004],,,,,2,2,-1,-1,-1,-1,,,,,
1023310,-1,,,,-1,-1,-1,1,[1],,,,,[404100004],,,,,2,2,-1,-1,-1,-1,,,,,
1023311,-1,,,,-1,-1,-1,1,[1],,,,,[404100004],,,,,2,2,-1,-1,-1,-1,,,,,
1023312,-1,,,,-1,-1,-1,1,[1],,,,,[404100004],,,,,2,2,-1,-1,-1,-1,,,,,
1023313,-1,,,,-1,-1,-1,1,[1],,,,,[404100004],,,,,2,2,-1,-1,-1,-1,,,,,
1023314,-1,,,,-1,-1,-1,1,[1],,,,,[404100004],,,,,2,2,-1,-1,-1,-1,,,,,
1023315,-1,,,,-1,-1,-1,1,[1],,,,,[404100004],,,,,2,2,-1,-1,-1,-1,,,,,
1023316,-1,,,,-1,-1,-1,1,[1],,,,,[404100004],,,,,2,2,-1,-1,-1,-1,,,,,
1023317,-1,,,,-1,-1,-1,1,[1],,,,,[404100004],,,,,2,2,-1,-1,-1,-1,,,,,
1023318,-1,,,,-1,-1,-1,1,[1],,,,,[404100004],,,,,2,2,-1,-1,-1,-1,,,,,
1023319,-1,,,,-1,-1,-1,1,[1],,,,,[404100004],,,,,2,2,-1,-1,-1,-1,,,,,
1023320,-1,,,,-1,-1,-1,1,[1],,,,,[404100004],,,,,2,2,-1,-1,-1,-1,,,,,
1023321,-1,,,,-1,-1,-1,1,[1],,,,,[404100004],,,,,2,2,-1,-1,-1,-1,,,,,
1023322,-1,,,,-1,-1,-1,1,[1],,,,,[404100004],,,,,2,2,-1,-1,-1,-1,,,,,
1023323,-1,,,,-1,-1,-1,1,[1],,,,,[404100004],,,,,2,2,-1,-1,-1,-1,,,,,
1023324,-1,,,,-1,-1,-1,1,[1],,,,,[404100004],,,,,2,2,-1,-1,-1,-1,,,,,
1023325,-1,,,,-1,-1,-1,1,[1],,,,,[404100004],,,,,2,2,-1,-1,-1,-1,,,,,
1023326,-1,,,,-1,-1,-1,1,[1],,,,,[404100004],,,,,2,2,-1,-1,-1,-1,,,,,
1023327,-1,,,,-1,-1,-1,1,[1],,,,,[404100004],,,,,2,2,-1,-1,-1,-1,,,,,
1023328,-1,,,,-1,-1,-1,1,[1],,,,,[404100004],,,,,2,2,-1,-1,-1,-1,,,,,
1023329,-1,,,,-1,-1,-1,1,[1],,,,,[404100004],,,,,2,2,-1,-1,-1,-1,,,,,
1023330,-1,,,,-1,-1,-1,1,[1],,,,,[404100004],,,,,2,2,-1,-1,-1,-1,,,,,
1023331,-1,,,,-1,-1,-1,1,[1],,,,,[404100004],,,,,2,2,-1,-1,-1,-1,,,,,
1023332,-1,,,,-1,-1,-1,1,[1],,,,,[404100004],,,,,2,2,-1,-1,-1,-1,,,,,
1023333,-1,,,,-1,-1,-1,1,[1],,,,,[404100004],,,,,2,2,-1,-1,-1,-1,,,,,
1023334,-1,,,,-1,-1,-1,1,[1],,,,,[404100004],,,,,2,2,-1,-1,-1,-1,,,,,
1023335,-1,,,,-1,-1,-1,1,[1],,,,,[404100004],,,,,2,2,-1,-1,-1,-1,,,,,
1023336,-1,,,,-1,-1,-1,1,[1],,,,,[404100004],,,,,2,2,-1,-1,-1,-1,,,,,
1023337,-1,,,,-1,-1,-1,1,[1],,,,,[404100004],,,,,2,2,-1,-1,-1,-1,,,,,
1023338,-1,,,,-1,-1,-1,1,[1],,,,,[404100004],,,,,2,2,-1,-1,-1,-1,,,,,
1023339,-1,,,,-1,-1,-1,1,[1],,,,,[404100004],,,,,2,2,-1,-1,-1,-1,,,,,
1023340,-1,,,,-1,-1,-1,1,[1],,,,,[404100004],,,,,2,2,-1,-1,-1,-1,,,,,
1023341,-1,,,,-1,-1,-1,1,[1],,,,,[404100004],,,,,2,2,-1,-1,-1,-1,,,,,
1023342,-1,,,,-1,-1,-1,1,[1],,,,,[404100004],,,,,2,2,-1,-1,-1,-1,,,,,
1023343,-1,,,,-1,-1,-1,1,[1],,,,,[404100004],,,,,2,2,-1,-1,-1,-1,,,,,
1023344,-1,,,,-1,-1,-1,1,[1],,,,,[404100004],,,,,2,2,-1,-1,-1,-1,,,,,
1023345,-1,,,,-1,-1,-1,1,[1],,,,,[404100004],,,,,2,2,-1,-1,-1,-1,,,,,
1023346,-1,,,,-1,-1,-1,1,[1],,,,,[404100004],,,,,2,2,-1,-1,-1,-1,,,,,
1023347,-1,,,,-1,-1,-1,1,[1],,,,,[404100004],,,,,2,2,-1,-1,-1,-1,,,,,
1023348,-1,,,,-1,-1,-1,1,[1],,,,,[404100004],,,,,2,2,-1,-1,-1,-1,,,,,
1023349,-1,,,,-1,-1,-1,1,[1],,,,,[404100004],,,,,2,2,-1,-1,-1,-1,,,,,
1023350,-1,,,,-1,-1,-1,1,[1],,,,,[404100004],,,,,2,2,-1,-1,-1,-1,,,,,
1023351,-1,,,,-1,-1,-1,1,[1],,,,,[404100004],,,,,2,2,-1,-1,-1,-1,,,,,
1023352,-1,,,,-1,-1,-1,1,[1],,,,,[404100004],,,,,2,2,-1,-1,-1,-1,,,,,
1023353,-1,,,,-1,-1,-1,1,[1],,,,,[404100004],,,,,2,2,-1,-1,-1,-1,,,,,
1023354,-1,,,,-1,-1,-1,1,[1],,,,,[404100004],,,,,2,2,-1,-1,-1,-1,,,,,
1023355,-1,,,,-1,-1,-1,1,[1],,,,,[404100004],,,,,2,2,-1,-1,-1,-1,,,,,
1023356,-1,,,,-1,-1,-1,1,[1],,,,,[404100004],,,,,2,2,-1,-1,-1,-1,,,,,
1023357,-1,,,,-1,-1,-1,1,[1],,,,,[404100004],,,,,2,2,-1,-1,-1,-1,,,,,
1023358,-1,,,,-1,-1,-1,1,[1],,,,,[404100004],,,,,2,2,-1,-1,-1,-1,,,,,
1023359,-1,,,,-1,-1,-1,1,[1],,,,,[404100004],,,,,2,2,-1,-1,-1,-1,,,,,
1023360,-1,,,,-1,-1,-1,1,[1],,,,,[404100004],,,,,2,2,-1,-1,-1,-1,,,,,
1023361,-1,,,,-1,-1,-1,1,[1],,,,,[404100004],,,,,2,2,-1,-1,-1,-1,,,,,
1023362,-1,,,,-1,-1,-1,1,[1],,,,,[404100004],,,,,2,2,-1,-1,-1,-1,,,,,
1023363,-1,,,,-1,-1,-1,1,[1],,,,,[404100004],,,,,2,2,-1,-1,-1,-1,,,,,
1023364,-1,,,,-1,-1,-1,1,[1],,,,,[404100004],,,,,2,2,-1,-1,-1,-1,,,,,
1023365,-1,,,,-1,-1,-1,1,[1],,,,,[404100004],,,,,2,2,-1,-1,-1,-1,,,,,
1023366,-1,,,,-1,-1,-1,1,[1],,,,,[404100004],,,,,2,2,-1,-1,-1,-1,,,,,
1023367,-1,,,,-1,-1,-1,1,[1],,,,,[404100004],,,,,2,2,-1,-1,-1,-1,,,,,
1023368,-1,,,,-1,-1,-1,1,[1],,,,,[404100004],,,,,2,2,-1,-1,-1,-1,,,,,
1023369,-1,,,,-1,-1,-1,1,[1],,,,,[404100004],,,,,2,2,-1,-1,-1,-1,,,,,
1023370,-1,,,,-1,-1,-1,1,[1],,,,,[404100004],,,,,2,2,-1,-1,-1,-1,,,,,
1023371,-1,,,,-1,-1,-1,1,[1],,,,,[404100004],,,,,2,2,-1,-1,-1,-1,,,,,
1023372,-1,,,,-1,-1,-1,1,[1],,,,,[404100004],,,,,2,2,-1,-1,-1,-1,,,,,
1023373,-1,,,,-1,-1,-1,1,[1],,,,,[404100004],,,,,2,2,-1,-1,-1,-1,,,,,
1023374,-1,,,,-1,-1,-1,1,[1],,,,,[404100004],,,,,2,2,-1,-1,-1,-1,,,,,
1023375,-1,,,,-1,-1,-1,1,[1],,,,,[404100004],,,,,2,2,-1,-1,-1,-1,,,,,
1023376,-1,,,,-1,-1,-1,1,[1],,,,,[404100004],,,,,2,2,-1,-1,-1,-1,,,,,
1023377,-1,,,,-1,-1,-1,1,[1],,,,,[404100004],,,,,2,2,-1,-1,-1,-1,,,,,
1023378,-1,,,,-1,-1,-1,1,[1],,,,,[404100004],,,,,2,2,-1,-1,-1,-1,,,,,
1023379,-1,,,,-1,-1,-1,1,[1],,,,,[404100004],,,,,2,2,-1,-1,-1,-1,,,,,
1023380,-1,,,,-1,-1,-1,1,[1],,,,,[404100004],,,,,2,2,-1,-1,-1,-1,,,,,
1023381,-1,,,,-1,-1,-1,1,[1],,,,,[404100004],,,,,2,2,-1,-1,-1,-1,,,,,
1023382,-1,,,,-1,-1,-1,1,[1],,,,,[404100004],,,,,2,2,-1,-1,-1,-1,,,,,
1023383,-1,,,,-1,-1,-1,1,[1],,,,,[404100004],,,,,2,2,-1,-1,-1,-1,,,,,
1023384,-1,,,,-1,-1,-1,1,[1],,,,,[404100004],,,,,2,2,-1,-1,-1,-1,,,,,
1023385,-1,,,,-1,-1,-1,1,[1],,,,,[404100004],,,,,2,2,-1,-1,-1,-1,,,,,
1023386,-1,,,,-1,-1,-1,1,[1],,,,,[404100004],,,,,2,2,-1,-1,-1,-1,,,,,
1023387,-1,,,,-1,-1,-1,1,[1],,,,,[404100004],,,,,2,2,-1,-1,-1,-1,,,,,
1023388,-1,,,,-1,-1,-1,1,[1],,,,,[404100004],,,,,2,2,-1,-1,-1,-1,,,,,
1023389,-1,,,,-1,-1,-1,1,[1],,,,,[404100004],,,,,2,2,-1,-1,-1,-1,,,,,
1023390,-1,,,,-1,-1,-1,1,[1],,,,,[404100004],,,,,2,2,-1,-1,-1,-1,,,,,
1023391,-1,,,,-1,-1,-1,1,[1],,,,,[404100004],,,,,2,2,-1,-1,-1,-1,,,,,
1023392,-1,,,,-1,-1,-1,1,[1],,,,,[404100004],,,,,2,2,-1,-1,-1,-1,,,,,
1023393,-1,,,,-1,-1,-1,1,[1],,,,,[404100004],,,,,2,2,-1,-1,-1,-1,,,,,
1023394,-1,,,,-1,-1,-1,1,[1],,,,,[404100004],,,,,2,2,-1,-1,-1,-1,,,,,
1023395,-1,,,,-1,-1,-1,1,[1],,,,,[404100004],,,,,2,2,-1,-1,-1,-1,,,,,
1023396,-1,,,,-1,-1,-1,1,[1],,,,,[404100004],,,,,2,2,-1,-1,-1,-1,,,,,
1023397,-1,,,,-1,-1,-1,1,[1],,,,,[404100004],,,,,2,2,-1,-1,-1,-1,,,,,
1023398,-1,,,,-1,-1,-1,1,[1],,,,,[404100004],,,,,2,2,-1,-1,-1,-1,,,,,
1023399,-1,,,,-1,-1,-1,1,[1],,,,,[404100004],,,,,2,2,-1,-1,-1,-1,,,,,
1023400,-1,,,,-1,-1,-1,1,[1],,,,,[404100004],,,,,2,2,-1,-1,-1,-1,,,,,
1023401,-1,,,,-1,-1,-1,1,[1],,,,,[404100004],,,,,2,2,-1,-1,-1,-1,,,,,
1023402,-1,,,,-1,-1,-1,1,[1],,,,,[404100004],,,,,2,2,-1,-1,-1,-1,,,,,
1023403,-1,,,,-1,-1,-1,1,[1],,,,,[404100004],,,,,2,2,-1,-1,-1,-1,,,,,
1023404,-1,,,,-1,-1,-1,1,[1],,,,,[404100004],,,,,2,2,-1,-1,-1,-1,,,,,
1023405,-1,,,,-1,-1,-1,1,[1],,,,,[404100004],,,,,2,2,-1,-1,-1,-1,,,,,
1023406,-1,,,,-1,-1,-1,1,[1],,,,,[404100004],,,,,2,2,-1,-1,-1,-1,,,,,
1023407,-1,,,,-1,-1,-1,1,[1],,,,,[404100004],,,,,2,2,-1,-1,-1,-1,,,,,
1023408,-1,,,,-1,-1,-1,1,[1],,,,,[404100004],,,,,2,2,-1,-1,-1,-1,,,,,
1023409,-1,,,,-1,-1,-1,1,[1],,,,,[404100004],,,,,2,2,-1,-1,-1,-1,,,,,
1023410,-1,,,,-1,-1,-1,1,[1],,,,,[404100004],,,,,2,2,-1,-1,-1,-1,,,,,
1023411,-1,,,,-1,-1,-1,1,[1],,,,,[404100004],,,,,2,2,-1,-1,-1,-1,,,,,
1023412,-1,,,,-1,-1,-1,1,[1],,,,,[404100004],,,,,2,2,-1,-1,-1,-1,,,,,
1023413,-1,,,,-1,-1,-1,1,[1],,,,,[404100004],,,,,2,2,-1,-1,-1,-1,,,,,
1023414,-1,,,,-1,-1,-1,1,[1],,,,,[404100004],,,,,2,2,-1,-1,-1,-1,,,,,
1023415,-1,,,,-1,-1,-1,1,[1],,,,,[404100004],,,,,2,2,-1,-1,-1,-1,,,,,
1023416,-1,,,,-1,-1,-1,1,[1],,,,,[404100004],,,,,2,2,-1,-1,-1,-1,,,,,
1023417,-1,,,,-1,-1,-1,1,[1],,,,,[404100004],,,,,2,2,-1,-1,-1,-1,,,,,
1023418,-1,,,,-1,-1,-1,1,[1],,,,,[404100004],,,,,2,2,-1,-1,-1,-1,,,,,
1023419,-1,,,,-1,-1,-1,1,[1],,,,,[404100004],,,,,2,2,-1,-1,-1,-1,,,,,
1023420,-1,,,,-1,-1,-1,1,[1],,,,,[404100004],,,,,2,2,-1,-1,-1,-1,,,,,
1023421,-1,,,,-1,-1,-1,1,[1],,,,,[404100004],,,,,2,2,-1,-1,-1,-1,,,,,
1023422,-1,,,,-1,-1,-1,1,[1],,,,,[404100004],,,,,2,2,-1,-1,-1,-1,,,,,
1023423,-1,,,,-1,-1,-1,1,[1],,,,,[404100004],,,,,2,2,-1,-1,-1,-1,,,,,
1023424,-1,,,,-1,-1,-1,1,[1],,,,,[404100004],,,,,2,2,-1,-1,-1,-1,,,,,
1023425,-1,,,,-1,-1,-1,1,[1],,,,,[404100004],,,,,2,2,-1,-1,-1,-1,,,,,
1023426,-1,,,,-1,-1,-1,1,[1],,,,,[404100004],,,,,2,2,-1,-1,-1,-1,,,,,
1023427,-1,,,,-1,-1,-1,1,[1],,,,,[404100004],,,,,2,2,-1,-1,-1,-1,,,,,
1023428,-1,,,,-1,-1,-1,1,[1],,,,,[404100004],,,,,2,2,-1,-1,-1,-1,,,,,
1023429,-1,,,,-1,-1,-1,1,[1],,,,,[404100004],,,,,2,2,-1,-1,-1,-1,,,,,
1023430,-1,,,,-1,-1,-1,1,[1],,,,,[404100004],,,,,2,2,-1,-1,-1,-1,,,,,
1023431,-1,,,,-1,-1,-1,1,[1],,,,,[404100004],,,,,2,2,-1,-1,-1,-1,,,,,
1023432,-1,,,,-1,-1,-1,1,[1],,,,,[404100004],,,,,2,2,-1,-1,-1,-1,,,,,
1023433,-1,,,,-1,-1,-1,1,[1],,,,,[404100004],,,,,2,2,-1,-1,-1,-1,,,,,
1023434,-1,,,,-1,-1,-1,1,[1],,,,,[404100004],,,,,2,2,-1,-1,-1,-1,,,,,
1023435,-1,,,,-1,-1,-1,1,[1],,,,,[404100004],,,,,2,2,-1,-1,-1,-1,,,,,
1023436,-1,,,,-1,-1,-1,1,[1],,,,,[404100004],,,,,2,2,-1,-1,-1,-1,,,,,
1023437,-1,,,,-1,-1,-1,1,[1],,,,,[404100004],,,,,2,2,-1,-1,-1,-1,,,,,
1023438,-1,,,,-1,-1,-1,1,[1],,,,,[404100004],,,,,2,2,-1,-1,-1,-1,,,,,
1023439,-1,,,,-1,-1,-1,1,[1],,,,,[404100004],,,,,2,2,-1,-1,-1,-1,,,,,
1023440,-1,,,,-1,-1,-1,1,[1],,,,,[404100004],,,,,2,2,-1,-1,-1,-1,,,,,
1023441,-1,,,,-1,-1,-1,1,[1],,,,,[404100004],,,,,2,2,-1,-1,-1,-1,,,,,
1023442,-1,,,,-1,-1,-1,1,[1],,,,,[404100004],,,,,2,2,-1,-1,-1,-1,,,,,
1023443,-1,,,,-1,-1,-1,1,[1],,,,,[404100004],,,,,2,2,-1,-1,-1,-1,,,,,
1023444,-1,,,,-1,-1,-1,1,[1],,,,,[404100004],,,,,2,2,-1,-1,-1,-1,,,,,
1023445,-1,,,,-1,-1,-1,1,[1],,,,,[404100004],,,,,2,2,-1,-1,-1,-1,,,,,
1023446,-1,,,,-1,-1,-1,1,[1],,,,,[404100004],,,,,2,2,-1,-1,-1,-1,,,,,
1023447,-1,,,,-1,-1,-1,1,[1],,,,,[404100004],,,,,2,2,-1,-1,-1,-1,,,,,
1023448,-1,,,,-1,-1,-1,1,[1],,,,,[404100004],,,,,2,2,-1,-1,-1,-1,,,,,
1023449,-1,,,,-1,-1,-1,1,[1],,,,,[404100004],,,,,2,2,-1,-1,-1,-1,,,,,
1023450,-1,,,,-1,-1,-1,1,[1],,,,,[404100004],,,,,2,2,-1,-1,-1,-1,,,,,
1010111,-1,,,,-1,-1,-1,1,[1],,,,,[100001202],,,,,2,4,-1,-1,-1,-1,,,,,
1010211,-1,,,,-1,-1,-1,1,[1],,,,,[100001201],,,,,2,4,-1,-1,-1,-1,,,,,
1010311,-1,,,,-1,-1,-1,1,[1],,,,,[100001204],,,,,2,4,-1,-1,-1,-1,,,,,
1010411,-1,,,,-1,-1,-1,1,[1],,,,,[100001203],,,,,2,4,-1,-1,-1,-1,,,,,
1010511,-1,,,,-1,-1,-1,1,[1],,,,,[100001202],,,,,2,4,-1,-1,-1,-1,,,,,
1010611,-1,,,,-1,-1,-1,1,[1],,,,,[100001201],,,,,2,4,-1,-1,-1,-1,,,,,
1010711,-1,,,,-1,-1,-1,1,[1],,,,,[100001204],,,,,2,4,-1,-1,-1,-1,,,,,
1010811,-1,,,,-1,-1,-1,1,[1],,,,,[100001203],,,,,2,4,-1,-1,-1,-1,,,,,
1010911,-1,,,,-1,-1,-1,1,,,,,,,,,,,2,-1,-1,-1,-1,-1,,,,,
1011011,-1,,,,-1,-1,-1,1,,,,,,,,,,,2,-1,-1,-1,-1,-1,,,,,
1011111,-1,,,,-1,-1,-1,1,,,,,,,,,,,2,-1,-1,-1,-1,-1,,,,,
1011211,-1,,,,-1,-1,-1,1,,,,,,,,,,,2,-1,-1,-1,-1,-1,,,,,
1011311,-1,,,,-1,-1,-1,1,,,,,,,,,,,2,-1,-1,-1,-1,-1,,,,,
1011411,-1,,,,-1,-1,-1,1,,,,,,,,,,,2,-1,-1,-1,-1,-1,,,,,
1011511,-1,,,,-1,-1,-1,1,,,,,,,,,,,2,-1,-1,-1,-1,-1,,,,,
1011611,-1,,,,-1,-1,-1,1,,,,,,,,,,,2,-1,-1,-1,-1,-1,,,,,
1011711,-1,,,,-1,-1,-1,1,,,,,,,,,,,2,-1,-1,-1,-1,-1,,,,,
1011811,-1,,,,-1,-1,-1,1,,,,,,,,,,,2,-1,-1,-1,-1,-1,,,,,
1011911,-1,,,,-1,-1,-1,1,,,,,,,,,,,2,-1,-1,-1,-1,-1,,,,,
1012011,-1,,,,-1,-1,-1,1,,,,,,,,,,,2,-1,-1,-1,-1,-1,,,,,
1012111,-1,,,,-1,-1,-1,1,,,,,,,,,,,2,-1,-1,-1,-1,-1,,,,,
1012211,-1,,,,-1,-1,-1,1,,,,,,,,,,,2,-1,-1,-1,-1,-1,,,,,
1012311,-1,,,,-1,-1,-1,1,,,,,,,,,,,2,-1,-1,-1,-1,-1,,,,,
1012411,-1,,,,-1,-1,-1,1,,,,,,,,,,,2,-1,-1,-1,-1,-1,,,,,
1012511,-1,,,,-1,-1,-1,1,,,,,,,,,,,2,-1,-1,-1,-1,-1,,,,,
1012611,-1,,,,-1,-1,-1,1,,,,,,,,,,,2,-1,-1,-1,-1,-1,,,,,
1010112,-1,,,,-1,-1,-1,1,,,,,,,,,,,2,-1,-1,-1,-1,-1,,,,,
1010212,-1,,,,-1,-1,-1,1,,,,,,,,,,,2,-1,-1,-1,-1,-1,,,,,
1010312,-1,,,,-1,-1,-1,1,,,,,,,,,,,2,-1,-1,-1,-1,-1,,,,,
1010412,-1,,,,-1,-1,-1,1,[1],,,,,[100001302],,,,,2,4,-1,-1,-1,-1,,,,,
1010512,-1,,,,-1,-1,-1,1,[1],,,,,[100001301],,,,,2,4,-1,-1,-1,-1,,,,,
1010612,-1,,,,-1,-1,-1,1,[1],,,,,[100001304],,,,,2,4,-1,-1,-1,-1,,,,,
1010712,-1,,,,-1,-1,-1,1,[1],,,,,[100001303],,,,,2,4,-1,-1,-1,-1,,,,,
1010812,-1,,,,-1,-1,-1,1,[1],,,,,[100001302],,,,,2,4,-1,-1,-1,-1,,,,,
1010912,-1,,,,-1,-1,-1,1,[1],,,,,[100001301],,,,,2,4,-1,-1,-1,-1,,,,,
1011012,-1,,,,-1,-1,-1,1,[1],,,,,[100001304],,,,,2,4,-1,-1,-1,-1,,,,,
1011112,-1,,,,-1,-1,-1,1,[1],,,,,[100001303],,,,,2,4,-1,-1,-1,-1,,,,,
1011212,-1,,,,-1,-1,-1,1,[1],,,,,[100001301],,,,,2,4,-1,-1,-1,-1,,,,,
1011312,-1,,,,-1,-1,-1,1,[1],,,,,[100001304],,,,,2,4,-1,-1,-1,-1,,,,,
1011412,-1,,,,-1,-1,-1,1,[1],,,,,[100001303],,,,,2,4,-1,-1,-1,-1,,,,,
1011512,-1,,,,-1,-1,-1,1,[1],,,,,[100001302],,,,,2,4,-1,-1,-1,-1,,,,,
1011612,-1,,,,-1,-1,-1,1,[1],,,,,[100001301],,,,,2,4,-1,-1,-1,-1,,,,,
1011712,-1,,,,-1,-1,-1,1,[1],,,,,[100001304],,,,,2,4,-1,-1,-1,-1,,,,,
1011812,-1,,,,-1,-1,-1,1,[1],,,,,[100001303],,,,,2,4,-1,-1,-1,-1,,,,,
1011912,-1,,,,-1,-1,-1,1,[1],,,,,[100001302],,,,,2,4,-1,-1,-1,-1,,,,,
1012012,-1,,,,-1,-1,-1,1,[1],,,,,[100001301],,,,,2,4,-1,-1,-1,-1,,,,,
1012112,-1,,,,-1,-1,-1,1,[1],,,,,[100001304],,,,,2,4,-1,-1,-1,-1,,,,,
1012212,-1,,,,-1,-1,-1,1,[1],,,,,[100001303],,,,,2,4,-1,-1,-1,-1,,,,,
1012312,-1,,,,-1,-1,-1,1,[1],,,,,[100001302],,,,,2,4,-1,-1,-1,-1,,,,,
1012412,-1,,,,-1,-1,-1,1,[1],,,,,[100001301],,,,,2,4,-1,-1,-1,-1,,,,,
1012512,-1,,,,-1,-1,-1,1,[1],,,,,[100001304],,,,,2,4,-1,-1,-1,-1,,,,,
1012612,-1,,,,-1,-1,-1,1,[1],,,,,[100001303],,,,,2,4,-1,-1,-1,-1,,,,,
1010113,-1,,,,-1,-1,-1,1,,,,,,,,,,,2,-1,-1,-1,-1,-1,,,,,
1010213,-1,,,,-1,-1,-1,1,,,,,,,,,,,2,-1,-1,-1,-1,-1,,,,,
1010313,-1,,,,-1,-1,-1,1,,,,,,,,,,,2,-1,-1,-1,-1,-1,,,,,
1010413,-1,,,,-1,-1,-1,1,,,,,,,,,,,2,-1,-1,-1,-1,-1,,,,,
1010513,-1,,,,-1,-1,-1,1,,,,,,,,,,,2,-1,-1,-1,-1,-1,,,,,
1010613,-1,,,,-1,-1,-1,1,,,,,,,,,,,2,-1,-1,-1,-1,-1,,,,,
1010713,-1,,,,-1,-1,-1,1,,,,,,,,,,,2,-1,-1,-1,-1,-1,,,,,
1010813,-1,,,,-1,-1,-1,1,,,,,,,,,,,2,-1,-1,-1,-1,-1,,,,,
1010913,-1,,,,-1,-1,-1,1,,,,,,,,,,,2,-1,-1,-1,-1,-1,,,,,
1011013,-1,,,,-1,-1,-1,1,,,,,,,,,,,2,-1,-1,-1,-1,-1,,,,,
1011113,-1,,,,-1,-1,-1,1,[1],,,,,[100001402],,,,,2,4,-1,-1,-1,-1,,,,,
1011213,-1,,,,-1,-1,-1,1,[1],,,,,[100001401],,,,,2,4,-1,-1,-1,-1,,,,,
1011313,-1,,,,-1,-1,-1,1,[1],,,,,[100001404],,,,,2,4,-1,-1,-1,-1,,,,,
1011413,-1,,,,-1,-1,-1,1,[1],,,,,[100001403],,,,,2,4,-1,-1,-1,-1,,,,,
1011513,-1,,,,-1,-1,-1,1,[1],,,,,[100001402],,,,,2,4,-1,-1,-1,-1,,,,,
1011613,-1,,,,-1,-1,-1,1,[1],,,,,[100001401],,,,,2,4,-1,-1,-1,-1,,,,,
1011713,-1,,,,-1,-1,-1,1,[1],,,,,[100001404],,,,,2,4,-1,-1,-1,-1,,,,,
1011813,-1,,,,-1,-1,-1,1,[1],,,,,[100001403],,,,,2,4,-1,-1,-1,-1,,,,,
1011913,-1,,,,-1,-1,-1,1,[1],,,,,[100001402],,,,,2,4,-1,-1,-1,-1,,,,,
1012013,-1,,,,-1,-1,-1,1,[1],,,,,[100001401],,,,,2,4,-1,-1,-1,-1,,,,,
1012113,-1,,,,-1,-1,-1,1,[1],,,,,[100001404],,,,,2,4,-1,-1,-1,-1,,,,,
1012213,-1,,,,-1,-1,-1,1,[1],,,,,[100001403],,,,,2,4,-1,-1,-1,-1,,,,,
1012313,-1,,,,-1,-1,-1,1,[1],,,,,[100001402],,,,,2,4,-1,-1,-1,-1,,,,,
1012413,-1,,,,-1,-1,-1,1,[1],,,,,[100001401],,,,,2,4,-1,-1,-1,-1,,,,,
1012513,-1,,,,-1,-1,-1,1,[1],,,,,[100001404],,,,,2,4,-1,-1,-1,-1,,,,,
1012613,-1,,,,-1,-1,-1,1,[1],,,,,[100001403],,,,,2,4,-1,-1,-1,-1,,,,,
1010114,-1,,,,-1,-1,-1,1,,,,,,,,,,,2,-1,-1,-1,-1,-1,,,,,
1010214,-1,,,,-1,-1,-1,1,,,,,,,,,,,2,-1,-1,-1,-1,-1,,,,,
1010314,-1,,,,-1,-1,-1,1,,,,,,,,,,,2,-1,-1,-1,-1,-1,,,,,
1010414,-1,,,,-1,-1,-1,1,,,,,,,,,,,2,-1,-1,-1,-1,-1,,,,,
1010514,-1,,,,-1,-1,-1,1,,,,,,,,,,,2,-1,-1,-1,-1,-1,,,,,
1010614,-1,,,,-1,-1,-1,1,,,,,,,,,,,2,-1,-1,-1,-1,-1,,,,,
1010714,-1,,,,-1,-1,-1,1,,,,,,,,,,,2,-1,-1,-1,-1,-1,,,,,
1010814,-1,,,,-1,-1,-1,1,,,,,,,,,,,2,-1,-1,-1,-1,-1,,,,,
1010914,-1,,,,-1,-1,-1,1,,,,,,,,,,,2,-1,-1,-1,-1,-1,,,,,
1011014,-1,,,,-1,-1,-1,1,,,,,,,,,,,2,-1,-1,-1,-1,-1,,,,,
1011114,-1,,,,-1,-1,-1,1,,,,,,,,,,,2,-1,-1,-1,-1,-1,,,,,
1011214,-1,,,,-1,-1,-1,1,,,,,,,,,,,2,-1,-1,-1,-1,-1,,,,,
1011314,-1,,,,-1,-1,-1,1,,,,,,,,,,,2,-1,-1,-1,-1,-1,,,,,
1011414,-1,,,,-1,-1,-1,1,,,,,,,,,,,2,-1,-1,-1,-1,-1,,,,,
1011514,-1,,,,-1,-1,-1,1,,,,,,,,,,,2,-1,-1,-1,-1,-1,,,,,
1011614,-1,,,,-1,-1,-1,1,,,,,,,,,,,2,-1,-1,-1,-1,-1,,,,,
1011714,-1,,,,-1,-1,-1,1,,,,,,,,,,,2,-1,-1,-1,-1,-1,,,,,
1011814,-1,,,,-1,-1,-1,1,,,,,,,,,,,2,-1,-1,-1,-1,-1,,,,,
1011914,-1,,,,-1,-1,-1,1,,,,,,,,,,,2,-1,-1,-1,-1,-1,,,,,
1012014,-1,,,,-1,-1,-1,1,,,,,,,,,,,2,-1,-1,-1,-1,-1,,,,,
1012114,-1,,,,-1,-1,-1,1,[1],,,,,[100001401],,,,,2,4,-1,-1,-1,-1,,,,,
1012214,-1,,,,-1,-1,-1,1,[1],,,,,[100001401],,,,,2,4,-1,-1,-1,-1,,,,,
1012314,-1,,,,-1,-1,-1,1,[1],,,,,[100001401],,,,,2,4,-1,-1,-1,-1,,,,,
1012414,-1,,,,-1,-1,-1,1,[1],,,,,[100001403],,,,,2,4,-1,-1,-1,-1,,,,,
1012514,-1,,,,-1,-1,-1,1,[1],,,,,[100001403],,,,,2,4,-1,-1,-1,-1,,,,,
1012614,-1,,,,-1,-1,-1,1,[1],,,,,[100001403],,,,,2,4,-1,-1,-1,-1,,,,,
1012714,-1,,,,-1,-1,-1,1,[1],,,,,[100001404],,,,,2,4,-1,-1,-1,-1,,,,,
1012814,-1,,,,-1,-1,-1,1,[1],,,,,[100001404],,,,,2,4,-1,-1,-1,-1,,,,,
1012914,-1,,,,-1,-1,-1,1,[1],,,,,[100001403],,,,,2,4,-1,-1,-1,-1,,,,,
1013014,-1,,,,-1,-1,-1,1,[1],,,,,[100001403],,,,,2,4,-1,-1,-1,-1,,,,,
1013114,-1,,,,-1,-1,-1,1,[1],,,,,[100001403],,,,,2,4,-1,-1,-1,-1,,,,,
1012713,-1,,,,-1,-1,-1,1,[1],,,,,[100001402],,,,,2,4,-1,-1,-1,-1,,,,,
1012813,-1,,,,-1,-1,-1,1,[1],,,,,[100001401],,,,,2,4,-1,-1,-1,-1,,,,,
1012913,-1,,,,-1,-1,-1,1,[1],,,,,[100001404],,,,,2,4,-1,-1,-1,-1,,,,,
1013013,-1,,,,-1,-1,-1,1,[1],,,,,[100001403],,,,,2,4,-1,-1,-1,-1,,,,,
1013113,-1,,,,-1,-1,-1,1,[1],,,,,[100001402],,,,,2,4,-1,-1,-1,-1,,,,,
1012712,-1,,,,-1,-1,-1,1,[1],,,,,[100001302],,,,,2,4,-1,-1,-1,-1,,,,,
1012812,-1,,,,-1,-1,-1,1,[1],,,,,[100001301],,,,,2,4,-1,-1,-1,-1,,,,,
1012912,-1,,,,-1,-1,-1,1,[1],,,,,[100001304],,,,,2,4,-1,-1,-1,-1,,,,,
1013012,-1,,,,-1,-1,-1,1,[1],,,,,[100001303],,,,,2,4,-1,-1,-1,-1,,,,,
1013112,-1,,,,-1,-1,-1,1,[1],,,,,[100001302],,,,,2,4,-1,-1,-1,-1,,,,,
1012719,-1,,,,-1,-1,-1,1,[1],,,,,[206305],,,,,2,2,-1,-1,-1,-1,,,,,
1012819,-1,,,,-1,-1,-1,1,[1],,,,,[206305],,,,,2,2,-1,-1,-1,-1,,,,,
1012919,-1,,,,-1,-1,-1,1,[1],,,,,[206305],,,,,2,2,-1,-1,-1,-1,,,,,
1013019,-1,,,,-1,-1,-1,1,[1],,,,,[206305],,,,,2,2,-1,-1,-1,-1,,,,,
1013119,-1,,,,-1,-1,-1,1,[1],,,,,[206305],,,,,2,2,-1,-1,-1,-1,,,,,
1012718,-1,,,,-1,-1,-1,1,[1],,,,,[201],,,,,2,2,-1,-1,-1,-1,,,,,
1012818,-1,,,,-1,-1,-1,1,[1],,,,,[201],,,,,2,2,-1,-1,-1,-1,,,,,
1012918,-1,,,,-1,-1,-1,1,[1],,,,,[201],,,,,2,2,-1,-1,-1,-1,,,,,
1013018,-1,,,,-1,-1,-1,1,[1],,,,,[201],,,,,2,2,-1,-1,-1,-1,,,,,
1013118,-1,,,,-1,-1,-1,1,[1],,,,,[201],,,,,2,2,-1,-1,-1,-1,,,,,
1012717,-1,,,,-1,-1,-1,1,[1],,,,,[161004],,,,,2,2,-1,-1,-1,-1,,,,,
1012817,-1,,,,-1,-1,-1,1,[1],,,,,[161004],,,,,2,2,-1,-1,-1,-1,,,,,
1012917,-1,,,,-1,-1,-1,1,[1],,,,,[161004],,,,,2,2,-1,-1,-1,-1,,,,,
1013017,-1,,,,-1,-1,-1,1,[1],,,,,[161004],,,,,2,2,-1,-1,-1,-1,,,,,
1013117,-1,,,,-1,-1,-1,1,[1],,,,,[161004],,,,,2,2,-1,-1,-1,-1,,,,,
1012716,-1,,,,-1,-1,-1,1,[1],,,,,[10019],,,,,2,2,-1,-1,-1,-1,,,,,
1012816,-1,,,,-1,-1,-1,1,[1],,,,,[10019],,,,,2,2,-1,-1,-1,-1,,,,,
1012916,-1,,,,-1,-1,-1,1,[1],,,,,[10019],,,,,2,2,-1,-1,-1,-1,,,,,
1013016,-1,,,,-1,-1,-1,1,[1],,,,,[10021],,,,,2,2,-1,-1,-1,-1,,,,,
1013116,-1,,,,-1,-1,-1,1,[1],,,,,[10021],,,,,2,2,-1,-1,-1,-1,,,,,
1016814,-1,,,,-1,-1,-1,1,,,,,,,,,,,2,-1,-1,-1,-1,-1,,,,,
1016813,-1,,,,-1,-1,-1,1,[1],,,,,[100001403],,,,,2,4,-1,-1,-1,-1,,,,,
1016812,-1,,,,-1,-1,-1,1,[1],,,,,[100001301],,,,,2,4,-1,-1,-1,-1,,,,,
1016811,-1,,,,-1,-1,-1,1,,,,,,,,,,,2,-1,-1,-1,-1,-1,,,,,
1016820,-1,,,,-1,-1,-1,1,[1],,,,,[161005],,,,,2,2,-1,-1,-1,-1,,,,,
1016819,-1,,,,-1,-1,-1,1,[1],,,,,[206305],,,,,2,2,-1,-1,-1,-1,,,,,
1016818,-1,,,,-1,-1,-1,1,[1],,,,,[201],,,,,2,2,-1,-1,-1,-1,,,,,
1016817,-1,,,,-1,-1,-1,1,[1],,,,,[161004],,,,,2,2,-1,-1,-1,-1,,,,,
1016816,-1,,,,-1,-1,-1,1,,,,,,,,,,,2,-1,-1,-1,-1,-1,,,,,
1016914,-1,,,,-1,-1,-1,1,[1],,,,,[1534000],,,,,2,4,-1,-1,-1,-1,,,,,
1016913,-1,,,,-1,-1,-1,1,[1],,,,,[100001401],,,,,2,4,-1,-1,-1,-1,,,,,
1016912,-1,,,,-1,-1,-1,1,[1],,,,,[100001301],,,,,2,4,-1,-1,-1,-1,,,,,
1016911,-1,,,,-1,-1,-1,1,,,,,,,,,,,2,-1,-1,-1,-1,-1,,,,,
1016920,-1,,,,-1,-1,-1,1,[1],,,,,[161005],,,,,2,2,-1,-1,-1,-1,,,,,
1016919,-1,,,,-1,-1,-1,1,[1],,,,,[206305],,,,,2,2,-1,-1,-1,-1,,,,,
1016918,-1,,,,-1,-1,-1,1,[1],,,,,[201],,,,,2,2,-1,-1,-1,-1,,,,,
1016917,-1,,,,-1,-1,-1,1,[1],,,,,[161004],,,,,2,2,-1,-1,-1,-1,,,,,
1016916,-1,,,,-1,-1,-1,1,[1],,,,,[10021],,,,,2,2,-1,-1,-1,-1,,,,,
1017014,-1,,,,-1,-1,-1,1,[1],,,,,[1531000],,,,,2,4,-1,-1,-1,-1,,,,,
1017013,-1,,,,-1,-1,-1,1,[1],,,,,[100001404],,,,,2,4,-1,-1,-1,-1,,,,,
1017012,-1,,,,-1,-1,-1,1,[1],,,,,[100001404],,,,,2,4,-1,-1,-1,-1,,,,,
1017011,-1,,,,-1,-1,-1,1,,,,,,,,,,,2,-1,-1,-1,-1,-1,,,,,
1017020,-1,,,,-1,-1,-1,1,[1],,,,,[161005],,,,,2,2,-1,-1,-1,-1,,,,,
1017019,-1,,,,-1,-1,-1,1,[1],,,,,[206305],,,,,2,2,-1,-1,-1,-1,,,,,
1017018,-1,,,,-1,-1,-1,1,[1],,,,,[201],,,,,2,2,-1,-1,-1,-1,,,,,
1017017,-1,,,,-1,-1,-1,1,[1],,,,,[161004],,,,,2,2,-1,-1,-1,-1,,,,,
1017016,-1,,,,-1,-1,-1,1,[1],,,,,[10021],,,,,2,2,-1,-1,-1,-1,,,,,
1017114,-1,,,,-1,-1,-1,1,,,,,,,,,,,2,-1,-1,-1,-1,-1,,,,,
1017113,-1,,,,-1,-1,-1,1,[1],,,,,[100001403],,,,,2,4,-1,-1,-1,-1,,,,,
1017112,-1,,,,-1,-1,-1,1,[1],,,,,[100001301],,,,,2,4,-1,-1,-1,-1,,,,,
1017111,-1,,,,-1,-1,-1,1,,,,,,,,,,,2,-1,-1,-1,-1,-1,,,,,
1017120,-1,,,,-1,-1,-1,1,[1],,,,,[161005],,,,,2,2,-1,-1,-1,-1,,,,,
1017119,-1,,,,-1,-1,-1,1,[1],,,,,[206305],,,,,2,2,-1,-1,-1,-1,,,,,
1017118,-1,,,,-1,-1,-1,1,[1],,,,,[201],,,,,2,2,-1,-1,-1,-1,,,,,
1017117,-1,,,,-1,-1,-1,1,[1],,,,,[161004],,,,,2,2,-1,-1,-1,-1,,,,,
1017116,-1,,,,-1,-1,-1,1,,,,,,,,,,,2,-1,-1,-1,-1,-1,,,,,
1017214,-1,,,,-1,-1,-1,1,[1],,,,,[1532000],,,,,2,4,-1,-1,-1,-1,,,,,
1017213,-1,,,,-1,-1,-1,1,[1],,,,,[100001403],,,,,2,4,-1,-1,-1,-1,,,,,
1017212,-1,,,,-1,-1,-1,1,[1],,,,,[100001303],,,,,2,4,-1,-1,-1,-1,,,,,
1017211,-1,,,,-1,-1,-1,1,,,,,,,,,,,2,-1,-1,-1,-1,-1,,,,,
1017220,-1,,,,-1,-1,-1,1,[1],,,,,[161005],,,,,2,2,-1,-1,-1,-1,,,,,
1017219,-1,,,,-1,-1,-1,1,[1],,,,,[206305],,,,,2,2,-1,-1,-1,-1,,,,,
1017218,-1,,,,-1,-1,-1,1,[1],,,,,[201],,,,,2,2,-1,-1,-1,-1,,,,,
1017217,-1,,,,-1,-1,-1,1,[1],,,,,[161004],,,,,2,2,-1,-1,-1,-1,,,,,
1017216,-1,,,,-1,-1,-1,1,[1],,,,,[10023],,,,,2,2,-1,-1,-1,-1,,,,,
1017314,-1,,,,-1,-1,-1,1,[1],,,,,[1533000],,,,,2,4,-1,-1,-1,-1,,,,,
1017313,-1,,,,-1,-1,-1,1,[1],,,,,[100001402],,,,,2,4,-1,-1,-1,-1,,,,,
1017312,-1,,,,-1,-1,-1,1,[1],,,,,[100001402],,,,,2,4,-1,-1,-1,-1,,,,,
1017311,-1,,,,-1,-1,-1,1,,,,,,,,,,,2,-1,-1,-1,-1,-1,,,,,
1017320,-1,,,,-1,-1,-1,1,[1],,,,,[161005],,,,,2,2,-1,-1,-1,-1,,,,,
1017319,-1,,,,-1,-1,-1,1,[1],,,,,[206305],,,,,2,2,-1,-1,-1,-1,,,,,
1017318,-1,,,,-1,-1,-1,1,[1],,,,,[201],,,,,2,2,-1,-1,-1,-1,,,,,
1017317,-1,,,,-1,-1,-1,1,[1],,,,,[161004],,,,,2,2,-1,-1,-1,-1,,,,,
1017316,-1,,,,-1,-1,-1,1,[1],,,,,[10023],,,,,2,2,-1,-1,-1,-1,,,,,
1018314,-1,,,,-1,-1,-1,1,,,,,,,,,,,2,-1,-1,-1,-1,-1,,,,,
1018313,-1,,,,-1,-1,-1,1,[1],,,,,[100001403],,,,,2,4,-1,-1,-1,-1,,,,,
1018312,-1,,,,-1,-1,-1,1,[1],,,,,[100001301],,,,,2,4,-1,-1,-1,-1,,,,,
1018311,-1,,,,-1,-1,-1,1,,,,,,,,,,,2,-1,-1,-1,-1,-1,,,,,
1018320,-1,,,,-1,-1,-1,1,[1],,,,,[161005],,,,,2,2,-1,-1,-1,-1,,,,,
1018319,-1,,,,-1,-1,-1,1,[1],,,,,[206305],,,,,2,2,-1,-1,-1,-1,,,,,
1018318,-1,,,,-1,-1,-1,1,[1],,,,,[201],,,,,2,2,-1,-1,-1,-1,,,,,
1018317,-1,,,,-1,-1,-1,1,[1],,,,,[161004],,,,,2,2,-1,-1,-1,-1,,,,,
1018316,-1,,,,-1,-1,-1,1,,,,,,,,,,,2,-1,-1,-1,-1,-1,,,,,
1018414,-1,,,,-1,-1,-1,1,,,,,,,,,,,2,-1,-1,-1,-1,-1,,,,,
1018413,-1,,,,-1,-1,-1,1,[1],,,,,[100001401],,,,,2,4,-1,-1,-1,-1,,,,,
1018412,-1,,,,-1,-1,-1,1,[1],,,,,[100001301],,,,,2,4,-1,-1,-1,-1,,,,,
1018411,-1,,,,-1,-1,-1,1,,,,,,,,,,,2,-1,-1,-1,-1,-1,,,,,
1018420,-1,,,,-1,-1,-1,1,[1],,,,,[161005],,,,,2,2,-1,-1,-1,-1,,,,,
1018419,-1,,,,-1,-1,-1,1,[1],,,,,[206305],,,,,2,2,-1,-1,-1,-1,,,,,
1018418,-1,,,,-1,-1,-1,1,[1],,,,,[201],,,,,2,2,-1,-1,-1,-1,,,,,
1018417,-1,,,,-1,-1,-1,1,[1],,,,,[161004],,,,,2,2,-1,-1,-1,-1,,,,,
1018416,-1,,,,-1,-1,-1,1,[1],,,,,[10024],,,,,2,2,-1,-1,-1,-1,,,,,
1018514,-1,,,,-1,-1,-1,1,,,,,,,,,,,2,-1,-1,-1,-1,-1,,,,,
1018513,-1,,,,-1,-1,-1,1,[1],,,,,[100001404],,,,,2,4,-1,-1,-1,-1,,,,,
1018512,-1,,,,-1,-1,-1,1,[1],,,,,[100001404],,,,,2,4,-1,-1,-1,-1,,,,,
1018511,-1,,,,-1,-1,-1,1,,,,,,,,,,,2,-1,-1,-1,-1,-1,,,,,
1018520,-1,,,,-1,-1,-1,1,[1],,,,,[161005],,,,,2,2,-1,-1,-1,-1,,,,,
1018519,-1,,,,-1,-1,-1,1,[1],,,,,[206305],,,,,2,2,-1,-1,-1,-1,,,,,
1018518,-1,,,,-1,-1,-1,1,[1],,,,,[201],,,,,2,2,-1,-1,-1,-1,,,,,
1018517,-1,,,,-1,-1,-1,1,[1],,,,,[161004],,,,,2,2,-1,-1,-1,-1,,,,,
1018516,-1,,,,-1,-1,-1,1,[1],,,,,[10024],,,,,2,2,-1,-1,-1,-1,,,,,
1018614,-1,,,,-1,-1,-1,1,,,,,,,,,,,2,-1,-1,-1,-1,-1,,,,,
1018613,-1,,,,-1,-1,-1,1,[1],,,,,[100001403],,,,,2,4,-1,-1,-1,-1,,,,,
1018612,-1,,,,-1,-1,-1,1,[1],,,,,[100001301],,,,,2,4,-1,-1,-1,-1,,,,,
1018611,-1,,,,-1,-1,-1,1,,,,,,,,,,,2,-1,-1,-1,-1,-1,,,,,
1018620,-1,,,,-1,-1,-1,1,[1],,,,,[161005],,,,,2,2,-1,-1,-1,-1,,,,,
1018619,-1,,,,-1,-1,-1,1,[1],,,,,[206305],,,,,2,2,-1,-1,-1,-1,,,,,
1018618,-1,,,,-1,-1,-1,1,[1],,,,,[201],,,,,2,2,-1,-1,-1,-1,,,,,
1018617,-1,,,,-1,-1,-1,1,[1],,,,,[161004],,,,,2,2,-1,-1,-1,-1,,,,,
1018616,-1,,,,-1,-1,-1,1,,,,,,,,,,,2,-1,-1,-1,-1,-1,,,,,
1018714,-1,,,,-1,-1,-1,1,,,,,,,,,,,2,-1,-1,-1,-1,-1,,,,,
1018713,-1,,,,-1,-1,-1,1,[1],,,,,[100001401],,,,,2,4,-1,-1,-1,-1,,,,,
1018712,-1,,,,-1,-1,-1,1,[1],,,,,[100001301],,,,,2,4,-1,-1,-1,-1,,,,,
1018711,-1,,,,-1,-1,-1,1,,,,,,,,,,,2,-1,-1,-1,-1,-1,,,,,
1018720,-1,,,,-1,-1,-1,1,[1],,,,,[161005],,,,,2,2,-1,-1,-1,-1,,,,,
1018719,-1,,,,-1,-1,-1,1,[1],,,,,[206305],,,,,2,2,-1,-1,-1,-1,,,,,
1018718,-1,,,,-1,-1,-1,1,[1],,,,,[201],,,,,2,2,-1,-1,-1,-1,,,,,
1018717,-1,,,,-1,-1,-1,1,[1],,,,,[161004],,,,,2,2,-1,-1,-1,-1,,,,,
1018716,-1,,,,-1,-1,-1,1,[1],,,,,[10024],,,,,2,2,-1,-1,-1,-1,,,,,
1018814,-1,,,,-1,-1,-1,1,,,,,,,,,,,2,-1,-1,-1,-1,-1,,,,,
1018813,-1,,,,-1,-1,-1,1,[1],,,,,[100001403],,,,,2,4,-1,-1,-1,-1,,,,,
1018812,-1,,,,-1,-1,-1,1,[1],,,,,[100001303],,,,,2,4,-1,-1,-1,-1,,,,,
1018811,-1,,,,-1,-1,-1,1,,,,,,,,,,,2,-1,-1,-1,-1,-1,,,,,
1018820,-1,,,,-1,-1,-1,1,[1],,,,,[161005],,,,,2,2,-1,-1,-1,-1,,,,,
1018819,-1,,,,-1,-1,-1,1,[1],,,,,[206305],,,,,2,2,-1,-1,-1,-1,,,,,
1018818,-1,,,,-1,-1,-1,1,[1],,,,,[201],,,,,2,2,-1,-1,-1,-1,,,,,
1018817,-1,,,,-1,-1,-1,1,[1],,,,,[161004],,,,,2,2,-1,-1,-1,-1,,,,,
1018816,-1,,,,-1,-1,-1,1,[1],,,,,[10028],,,,,2,2,-1,-1,-1,-1,,,,,
1013214,-1,,,,-1,-1,-1,1,,,,,,,,,,,2,-1,-1,-1,-1,-1,,,,,
1013213,-1,,,,-1,-1,-1,1,,,,,,,,,,,2,-1,-1,-1,-1,-1,,,,,
1013212,-1,,,,-1,-1,-1,1,[1],,,,,[405230003],,,,,2,2,-1,-1,-1,-1,,,,,
1013211,-1,,,,-1,-1,-1,1,[10],,,,,[155],,,,,2,2,-1,-1,-1,-1,,,,,
1013220,-1,,,,-1,-1,-1,1,[1],,,,,[161005],,,,,2,2,-1,-1,-1,-1,,,,,
1013219,-1,,,,-1,-1,-1,1,[1],,,,,[206305],,,,,2,2,-1,-1,-1,-1,,,,,
1013218,-1,,,,-1,-1,-1,1,[1],,,,,[201],,,,,2,2,-1,-1,-1,-1,,,,,
1013217,-1,,,,-1,-1,-1,1,[1],,,,,[161004],,,,,2,2,-1,-1,-1,-1,,,,,
1013216,-1,,,,-1,-1,-1,1,,,,,,,,,,,2,-1,-1,-1,-1,-1,,,,,
1013314,-1,,,,-1,-1,-1,1,,,,,,,,,,,2,-1,-1,-1,-1,-1,,,,,
1013313,-1,,,,-1,-1,-1,1,[1],,,,,[100001403],,,,,2,4,-1,-1,-1,-1,,,,,
1013312,-1,,,,-1,-1,-1,1,[1],,,,,[405230003],,,,,2,2,-1,-1,-1,-1,,,,,
1013311,-1,,,,-1,-1,-1,1,[10],,,,,[155],,,,,2,2,-1,-1,-1,-1,,,,,
1013320,-1,,,,-1,-1,-1,1,[1],,,,,[161005],,,,,2,2,-1,-1,-1,-1,,,,,
1013319,-1,,,,-1,-1,-1,1,[1],,,,,[206305],,,,,2,2,-1,-1,-1,-1,,,,,
1013318,-1,,,,-1,-1,-1,1,[1],,,,,[201],,,,,2,2,-1,-1,-1,-1,,,,,
1013317,-1,,,,-1,-1,-1,1,[1],,,,,[161004],,,,,2,2,-1,-1,-1,-1,,,,,
1013316,-1,,,,-1,-1,-1,1,,,,,,,,,,,2,-1,-1,-1,-1,-1,,,,,
1013414,-1,,,,-1,-1,-1,1,,,,,,,,,,,2,-1,-1,-1,-1,-1,,,,,
1013413,-1,,,,-1,-1,-1,1,[1],,,,,[100001404],,,,,2,4,-1,-1,-1,-1,,,,,
1013412,-1,,,,-1,-1,-1,1,[1],,,,,[405230004],,,,,2,2,-1,-1,-1,-1,,,,,
1013411,-1,,,,-1,-1,-1,1,[10],,,,,[155],,,,,2,2,-1,-1,-1,-1,,,,,
1013420,-1,,,,-1,-1,-1,1,[1],,,,,[161005],,,,,2,2,-1,-1,-1,-1,,,,,
1013419,-1,,,,-1,-1,-1,1,[1],,,,,[206305],,,,,2,2,-1,-1,-1,-1,,,,,
1013418,-1,,,,-1,-1,-1,1,[1],,,,,[201],,,,,2,2,-1,-1,-1,-1,,,,,
1013417,-1,,,,-1,-1,-1,1,[1],,,,,[161004],,,,,2,2,-1,-1,-1,-1,,,,,
1013416,-1,,,,-1,-1,-1,1,,,,,,,,,,,2,-1,-1,-1,-1,-1,,,,,
1013514,-1,,,,-1,-1,-1,1,,,,,,,,,,,2,-1,-1,-1,-1,-1,,,,,
1013513,-1,,,,-1,-1,-1,1,[1],,,,,[100001401],,,,,2,4,-1,-1,-1,-1,,,,,
1013512,-1,,,,-1,-1,-1,1,[1],,,,,[405230004],,,,,2,2,-1,-1,-1,-1,,,,,
1013511,-1,,,,-1,-1,-1,1,[1],,,,,[156],,,,,2,2,-1,-1,-1,-1,,,,,
1013520,-1,,,,-1,-1,-1,1,[1],,,,,[161005],,,,,2,2,-1,-1,-1,-1,,,,,
1013519,-1,,,,-1,-1,-1,1,[1],,,,,[206305],,,,,2,2,-1,-1,-1,-1,,,,,
1013518,-1,,,,-1,-1,-1,1,[1],,,,,[201],,,,,2,2,-1,-1,-1,-1,,,,,
1013517,-1,,,,-1,-1,-1,1,[1],,,,,[161004],,,,,2,2,-1,-1,-1,-1,,,,,
1013516,-1,,,,-1,-1,-1,1,[1],,,,,[10040],,,,,2,2,-1,-1,-1,-1,,,,,
1013614,-1,,,,-1,-1,-1,1,[1],,,,,[1534000],,,,,2,4,-1,-1,-1,-1,,,,,
1013613,-1,,,,-1,-1,-1,1,[1],,,,,[100001402],,,,,2,4,-1,-1,-1,-1,,,,,
1013612,-1,,,,-1,-1,-1,1,[1],,,,,[405230005],,,,,2,2,-1,-1,-1,-1,,,,,
1013611,-1,,,,-1,-1,-1,1,[1],,,,,[156],,,,,2,2,-1,-1,-1,-1,,,,,
1013620,-1,,,,-1,-1,-1,1,[1],,,,,[161005],,,,,2,2,-1,-1,-1,-1,,,,,
1013619,-1,,,,-1,-1,-1,1,[1],,,,,[206305],,,,,2,2,-1,-1,-1,-1,,,,,
1013618,-1,,,,-1,-1,-1,1,[1],,,,,[201],,,,,2,2,-1,-1,-1,-1,,,,,
1013617,-1,,,,-1,-1,-1,1,[1],,,,,[161004],,,,,2,2,-1,-1,-1,-1,,,,,
1013616,-1,,,,-1,-1,-1,1,[1],,,,,[10008],,,,,2,2,-1,-1,-1,-1,,,,,
1013714,-1,,,,-1,-1,-1,1,,,,,,,,,,,2,-1,-1,-1,-1,-1,,,,,
1013713,-1,,,,-1,-1,-1,1,,,,,,,,,,,2,-1,-1,-1,-1,-1,,,,,
1013712,-1,,,,-1,-1,-1,1,[1],,,,,[405230003],,,,,2,2,-1,-1,-1,-1,,,,,
1013711,-1,,,,-1,-1,-1,1,[10],,,,,[155],,,,,2,2,-1,-1,-1,-1,,,,,
1013720,-1,,,,-1,-1,-1,1,[1],,,,,[161005],,,,,2,2,-1,-1,-1,-1,,,,,
1013719,-1,,,,-1,-1,-1,1,[1],,,,,[206305],,,,,2,2,-1,-1,-1,-1,,,,,
1013718,-1,,,,-1,-1,-1,1,[1],,,,,[201],,,,,2,2,-1,-1,-1,-1,,,,,
1013717,-1,,,,-1,-1,-1,1,[1],,,,,[161004],,,,,2,2,-1,-1,-1,-1,,,,,
1013716,-1,,,,-1,-1,-1,1,,,,,,,,,,,2,-1,-1,-1,-1,-1,,,,,
1013814,-1,,,,-1,-1,-1,1,,,,,,,,,,,2,-1,-1,-1,-1,-1,,,,,
1013813,-1,,,,-1,-1,-1,1,[1],,,,,[100001403],,,,,2,4,-1,-1,-1,-1,,,,,
1013812,-1,,,,-1,-1,-1,1,[1],,,,,[405230003],,,,,2,2,-1,-1,-1,-1,,,,,
1013811,-1,,,,-1,-1,-1,1,[10],,,,,[155],,,,,2,2,-1,-1,-1,-1,,,,,
1013820,-1,,,,-1,-1,-1,1,[1],,,,,[161005],,,,,2,2,-1,-1,-1,-1,,,,,
1013819,-1,,,,-1,-1,-1,1,[1],,,,,[206305],,,,,2,2,-1,-1,-1,-1,,,,,
1013818,-1,,,,-1,-1,-1,1,[1],,,,,[201],,,,,2,2,-1,-1,-1,-1,,,,,
1013817,-1,,,,-1,-1,-1,1,[1],,,,,[161004],,,,,2,2,-1,-1,-1,-1,,,,,
1013816,-1,,,,-1,-1,-1,1,,,,,,,,,,,2,-1,-1,-1,-1,-1,,,,,
1013914,-1,,,,-1,-1,-1,1,,,,,,,,,,,2,-1,-1,-1,-1,-1,,,,,
1013913,-1,,,,-1,-1,-1,1,[1],,,,,[100001404],,,,,2,4,-1,-1,-1,-1,,,,,
1013912,-1,,,,-1,-1,-1,1,[1],,,,,[405230004],,,,,2,2,-1,-1,-1,-1,,,,,
1013911,-1,,,,-1,-1,-1,1,[10],,,,,[155],,,,,2,2,-1,-1,-1,-1,,,,,
1013920,-1,,,,-1,-1,-1,1,[1],,,,,[161005],,,,,2,2,-1,-1,-1,-1,,,,,
1013919,-1,,,,-1,-1,-1,1,[1],,,,,[206305],,,,,2,2,-1,-1,-1,-1,,,,,
1013918,-1,,,,-1,-1,-1,1,[1],,,,,[201],,,,,2,2,-1,-1,-1,-1,,,,,
1013917,-1,,,,-1,-1,-1,1,[1],,,,,[161004],,,,,2,2,-1,-1,-1,-1,,,,,
1013916,-1,,,,-1,-1,-1,1,[1],,,,,[10022],,,,,2,2,-1,-1,-1,-1,,,,,
1014014,-1,,,,-1,-1,-1,1,,,,,,,,,,,2,-1,-1,-1,-1,-1,,,,,
1014013,-1,,,,-1,-1,-1,1,[1],,,,,[100001401],,,,,2,4,-1,-1,-1,-1,,,,,
1014012,-1,,,,-1,-1,-1,1,[1],,,,,[405230004],,,,,2,2,-1,-1,-1,-1,,,,,
1014011,-1,,,,-1,-1,-1,1,[1],,,,,[156],,,,,2,2,-1,-1,-1,-1,,,,,
1014020,-1,,,,-1,-1,-1,1,[1],,,,,[161005],,,,,2,2,-1,-1,-1,-1,,,,,
1014019,-1,,,,-1,-1,-1,1,[1],,,,,[206305],,,,,2,2,-1,-1,-1,-1,,,,,
1014018,-1,,,,-1,-1,-1,1,[1],,,,,[201],,,,,2,2,-1,-1,-1,-1,,,,,
1014017,-1,,,,-1,-1,-1,1,[1],,,,,[161004],,,,,2,2,-1,-1,-1,-1,,,,,
1014016,-1,,,,-1,-1,-1,1,[1],,,,,[10034],,,,,2,2,-1,-1,-1,-1,,,,,
1014114,-1,,,,-1,-1,-1,1,[1],,,,,[1531000],,,,,2,4,-1,-1,-1,-1,,,,,
1014113,-1,,,,-1,-1,-1,1,[1],,,,,[100001402],,,,,2,4,-1,-1,-1,-1,,,,,
1014112,-1,,,,-1,-1,-1,1,[1],,,,,[405230005],,,,,2,2,-1,-1,-1,-1,,,,,
1014111,-1,,,,-1,-1,-1,1,[1],,,,,[156],,,,,2,2,-1,-1,-1,-1,,,,,
1014120,-1,,,,-1,-1,-1,1,[1],,,,,[161005],,,,,2,2,-1,-1,-1,-1,,,,,
1014119,-1,,,,-1,-1,-1,1,[1],,,,,[206305],,,,,2,2,-1,-1,-1,-1,,,,,
1014118,-1,,,,-1,-1,-1,1,[1],,,,,[201],,,,,2,2,-1,-1,-1,-1,,,,,
1014117,-1,,,,-1,-1,-1,1,[1],,,,,[161004],,,,,2,2,-1,-1,-1,-1,,,,,
1014116,-1,,,,-1,-1,-1,1,[1],,,,,[10038],,,,,2,2,-1,-1,-1,-1,,,,,
1014214,-1,,,,-1,-1,-1,1,,,,,,,,,,,2,-1,-1,-1,-1,-1,,,,,
1014213,-1,,,,-1,-1,-1,1,,,,,,,,,,,2,-1,-1,-1,-1,-1,,,,,
1014212,-1,,,,-1,-1,-1,1,[1],,,,,[405230003],,,,,2,2,-1,-1,-1,-1,,,,,
1014211,-1,,,,-1,-1,-1,1,[10],,,,,[155],,,,,2,2,-1,-1,-1,-1,,,,,
1014220,-1,,,,-1,-1,-1,1,[1],,,,,[161005],,,,,2,2,-1,-1,-1,-1,,,,,
1014219,-1,,,,-1,-1,-1,1,[1],,,,,[206305],,,,,2,2,-1,-1,-1,-1,,,,,
1014218,-1,,,,-1,-1,-1,1,[1],,,,,[201],,,,,2,2,-1,-1,-1,-1,,,,,
1014217,-1,,,,-1,-1,-1,1,[1],,,,,[161004],,,,,2,2,-1,-1,-1,-1,,,,,
1014216,-1,,,,-1,-1,-1,1,,,,,,,,,,,2,-1,-1,-1,-1,-1,,,,,
1014314,-1,,,,-1,-1,-1,1,,,,,,,,,,,2,-1,-1,-1,-1,-1,,,,,
1014313,-1,,,,-1,-1,-1,1,[1],,,,,[100001403],,,,,2,4,-1,-1,-1,-1,,,,,
1014312,-1,,,,-1,-1,-1,1,[1],,,,,[405230003],,,,,2,2,-1,-1,-1,-1,,,,,
1014311,-1,,,,-1,-1,-1,1,[10],,,,,[155],,,,,2,2,-1,-1,-1,-1,,,,,
1014320,-1,,,,-1,-1,-1,1,[1],,,,,[161005],,,,,2,2,-1,-1,-1,-1,,,,,
1014319,-1,,,,-1,-1,-1,1,[1],,,,,[206305],,,,,2,2,-1,-1,-1,-1,,,,,
1014318,-1,,,,-1,-1,-1,1,[1],,,,,[201],,,,,2,2,-1,-1,-1,-1,,,,,
1014317,-1,,,,-1,-1,-1,1,[1],,,,,[161004],,,,,2,2,-1,-1,-1,-1,,,,,
1014316,-1,,,,-1,-1,-1,1,,,,,,,,,,,2,-1,-1,-1,-1,-1,,,,,
1014414,-1,,,,-1,-1,-1,1,,,,,,,,,,,2,-1,-1,-1,-1,-1,,,,,
1014413,-1,,,,-1,-1,-1,1,[1],,,,,[100001404],,,,,2,4,-1,-1,-1,-1,,,,,
1014412,-1,,,,-1,-1,-1,1,[1],,,,,[405230004],,,,,2,2,-1,-1,-1,-1,,,,,
1014411,-1,,,,-1,-1,-1,1,[10],,,,,[155],,,,,2,2,-1,-1,-1,-1,,,,,
1014420,-1,,,,-1,-1,-1,1,[1],,,,,[161005],,,,,2,2,-1,-1,-1,-1,,,,,
1014419,-1,,,,-1,-1,-1,1,[1],,,,,[206305],,,,,2,2,-1,-1,-1,-1,,,,,
1014418,-1,,,,-1,-1,-1,1,[1],,,,,[201],,,,,2,2,-1,-1,-1,-1,,,,,
1014417,-1,,,,-1,-1,-1,1,[1],,,,,[161004],,,,,2,2,-1,-1,-1,-1,,,,,
1014416,-1,,,,-1,-1,-1,1,[1],,,,,[10022],,,,,2,2,-1,-1,-1,-1,,,,,
1014514,-1,,,,-1,-1,-1,1,,,,,,,,,,,2,-1,-1,-1,-1,-1,,,,,
1014513,-1,,,,-1,-1,-1,1,[1],,,,,[100001401],,,,,2,4,-1,-1,-1,-1,,,,,
1014512,-1,,,,-1,-1,-1,1,[1],,,,,[405230004],,,,,2,2,-1,-1,-1,-1,,,,,
1014511,-1,,,,-1,-1,-1,1,[1],,,,,[156],,,,,2,2,-1,-1,-1,-1,,,,,
1014520,-1,,,,-1,-1,-1,1,[1],,,,,[161005],,,,,2,2,-1,-1,-1,-1,,,,,
1014519,-1,,,,-1,-1,-1,1,[1],,,,,[206305],,,,,2,2,-1,-1,-1,-1,,,,,
1014518,-1,,,,-1,-1,-1,1,[1],,,,,[201],,,,,2,2,-1,-1,-1,-1,,,,,
1014517,-1,,,,-1,-1,-1,1,[1],,,,,[161004],,,,,2,2,-1,-1,-1,-1,,,,,
1014516,-1,,,,-1,-1,-1,1,[1],,,,,[10027],,,,,2,2,-1,-1,-1,-1,,,,,
1014614,-1,,,,-1,-1,-1,1,[1],,,,,[1532000],,,,,2,4,-1,-1,-1,-1,,,,,
1014613,-1,,,,-1,-1,-1,1,[1],,,,,[100001402],,,,,2,4,-1,-1,-1,-1,,,,,
1014612,-1,,,,-1,-1,-1,1,[1],,,,,[405230005],,,,,2,2,-1,-1,-1,-1,,,,,
1014611,-1,,,,-1,-1,-1,1,[1],,,,,[156],,,,,2,2,-1,-1,-1,-1,,,,,
1014620,-1,,,,-1,-1,-1,1,[1],,,,,[161005],,,,,2,2,-1,-1,-1,-1,,,,,
1014619,-1,,,,-1,-1,-1,1,[1],,,,,[206305],,,,,2,2,-1,-1,-1,-1,,,,,
1014618,-1,,,,-1,-1,-1,1,[1],,,,,[201],,,,,2,2,-1,-1,-1,-1,,,,,
1014617,-1,,,,-1,-1,-1,1,[1],,,,,[161004],,,,,2,2,-1,-1,-1,-1,,,,,
1014616,-1,,,,-1,-1,-1,1,[1],,,,,[10031],,,,,2,2,-1,-1,-1,-1,,,,,
1014714,-1,,,,-1,-1,-1,1,,,,,,,,,,,2,-1,-1,-1,-1,-1,,,,,
1014713,-1,,,,-1,-1,-1,1,[1],,,,,[100001403],,,,,2,4,-1,-1,-1,-1,,,,,
1014712,-1,,,,-1,-1,-1,1,[1],,,,,[405230004],,,,,2,2,-1,-1,-1,-1,,,,,
1014711,-1,,,,-1,-1,-1,1,[10],,,,,[155],,,,,2,2,-1,-1,-1,-1,,,,,
1014720,-1,,,,-1,-1,-1,1,[1],,,,,[161005],,,,,2,2,-1,-1,-1,-1,,,,,
1014719,-1,,,,-1,-1,-1,1,[1],,,,,[206305],,,,,2,2,-1,-1,-1,-1,,,,,
1014718,-1,,,,-1,-1,-1,1,[1],,,,,[201],,,,,2,2,-1,-1,-1,-1,,,,,
1014717,-1,,,,-1,-1,-1,1,[1],,,,,[161004],,,,,2,2,-1,-1,-1,-1,,,,,
1014716,-1,,,,-1,-1,-1,1,,,,,,,,,,,2,-1,-1,-1,-1,-1,,,,,
1014814,-1,,,,-1,-1,-1,1,,,,,,,,,,,2,-1,-1,-1,-1,-1,,,,,
1014813,-1,,,,-1,-1,-1,1,[1],,,,,[100001404],,,,,2,4,-1,-1,-1,-1,,,,,
1014812,-1,,,,-1,-1,-1,1,[1],,,,,[405230004],,,,,2,2,-1,-1,-1,-1,,,,,
1014811,-1,,,,-1,-1,-1,1,[1],,,,,[156],,,,,2,2,-1,-1,-1,-1,,,,,
1014820,-1,,,,-1,-1,-1,1,[1],,,,,[161005],,,,,2,2,-1,-1,-1,-1,,,,,
1014819,-1,,,,-1,-1,-1,1,[1],,,,,[206305],,,,,2,2,-1,-1,-1,-1,,,,,
1014818,-1,,,,-1,-1,-1,1,[1],,,,,[201],,,,,2,2,-1,-1,-1,-1,,,,,
1014817,-1,,,,-1,-1,-1,1,[1],,,,,[161004],,,,,2,2,-1,-1,-1,-1,,,,,
1014816,-1,,,,-1,-1,-1,1,[1],,,,,[10036],,,,,2,2,-1,-1,-1,-1,,,,,
1014914,-1,,,,-1,-1,-1,1,[1],,,,,[1533000],,,,,2,4,-1,-1,-1,-1,,,,,
1014913,-1,,,,-1,-1,-1,1,[1],,,,,[100001401],,,,,2,4,-1,-1,-1,-1,,,,,
1014912,-1,,,,-1,-1,-1,1,[1],,,,,[405230005],,,,,2,2,-1,-1,-1,-1,,,,,
1014911,-1,,,,-1,-1,-1,1,[1],,,,,[156],,,,,2,2,-1,-1,-1,-1,,,,,
1014920,-1,,,,-1,-1,-1,1,[1],,,,,[161005],,,,,2,2,-1,-1,-1,-1,,,,,
1014919,-1,,,,-1,-1,-1,1,[1],,,,,[206305],,,,,2,2,-1,-1,-1,-1,,,,,
1014918,-1,,,,-1,-1,-1,1,[1],,,,,[201],,,,,2,2,-1,-1,-1,-1,,,,,
1014917,-1,,,,-1,-1,-1,1,[1],,,,,[161004],,,,,2,2,-1,-1,-1,-1,,,,,
1014916,-1,,,,-1,-1,-1,1,[1],,,,,[10035],,,,,2,2,-1,-1,-1,-1,,,,,
1015014,-1,,,,-1,-1,-1,1,,,,,,,,,,,2,-1,-1,-1,-1,-1,,,,,
1015013,-1,,,,-1,-1,-1,1,[1],,,,,[100001402],,,,,2,4,-1,-1,-1,-1,,,,,
1015012,-1,,,,-1,-1,-1,1,[1],,,,,[405230004],,,,,2,2,-1,-1,-1,-1,,,,,
1015011,-1,,,,-1,-1,-1,1,[10],,,,,[155],,,,,2,2,-1,-1,-1,-1,,,,,
1015020,-1,,,,-1,-1,-1,1,[1],,,,,[161005],,,,,2,2,-1,-1,-1,-1,,,,,
1015019,-1,,,,-1,-1,-1,1,[1],,,,,[206305],,,,,2,2,-1,-1,-1,-1,,,,,
1015018,-1,,,,-1,-1,-1,1,[1],,,,,[201],,,,,2,2,-1,-1,-1,-1,,,,,
1015017,-1,,,,-1,-1,-1,1,[1],,,,,[161004],,,,,2,2,-1,-1,-1,-1,,,,,
1015016,-1,,,,-1,-1,-1,1,,,,,,,,,,,2,-1,-1,-1,-1,-1,,,,,
1015114,-1,,,,-1,-1,-1,1,,,,,,,,,,,2,-1,-1,-1,-1,-1,,,,,
1015113,-1,,,,-1,-1,-1,1,[1],,,,,[100001403],,,,,2,4,-1,-1,-1,-1,,,,,
1015112,-1,,,,-1,-1,-1,1,[1],,,,,[405230004],,,,,2,2,-1,-1,-1,-1,,,,,
1015111,-1,,,,-1,-1,-1,1,[1],,,,,[156],,,,,2,2,-1,-1,-1,-1,,,,,
1015120,-1,,,,-1,-1,-1,1,[1],,,,,[161005],,,,,2,2,-1,-1,-1,-1,,,,,
1015119,-1,,,,-1,-1,-1,1,[1],,,,,[206305],,,,,2,2,-1,-1,-1,-1,,,,,
1015118,-1,,,,-1,-1,-1,1,[1],,,,,[201],,,,,2,2,-1,-1,-1,-1,,,,,
1015117,-1,,,,-1,-1,-1,1,[1],,,,,[161004],,,,,2,2,-1,-1,-1,-1,,,,,
1015116,-1,,,,-1,-1,-1,1,[1],,,,,[10020],,,,,2,2,-1,-1,-1,-1,,,,,
1015214,-1,,,,-1,-1,-1,1,[1],,,,,[1534000],,,,,2,4,-1,-1,-1,-1,,,,,
1015213,-1,,,,-1,-1,-1,1,[1],,,,,[100001404],,,,,2,4,-1,-1,-1,-1,,,,,
1015212,-1,,,,-1,-1,-1,1,[1],,,,,[405230005],,,,,2,2,-1,-1,-1,-1,,,,,
1015211,-1,,,,-1,-1,-1,1,[1],,,,,[156],,,,,2,2,-1,-1,-1,-1,,,,,
1015220,-1,,,,-1,-1,-1,1,[1],,,,,[161005],,,,,2,2,-1,-1,-1,-1,,,,,
1015219,-1,,,,-1,-1,-1,1,[1],,,,,[206305],,,,,2,2,-1,-1,-1,-1,,,,,
1015218,-1,,,,-1,-1,-1,1,[1],,,,,[201],,,,,2,2,-1,-1,-1,-1,,,,,
1015217,-1,,,,-1,-1,-1,1,[1],,,,,[161004],,,,,2,2,-1,-1,-1,-1,,,,,
1015216,-1,,,,-1,-1,-1,1,[1],,,,,[10023],,,,,2,2,-1,-1,-1,-1,,,,,
1015314,-1,,,,-1,-1,-1,1,[10],,,,,[153],,,,,2,2,-1,-1,-1,-1,,,,,
1015313,-1,,,,-1,-1,-1,1,,,,,,,,,,,2,-1,-1,-1,-1,-1,,,,,
1015312,-1,,,,-1,-1,-1,1,[1],,,,,[405230003],,,,,2,2,-1,-1,-1,-1,,,,,
1015311,-1,,,,-1,-1,-1,1,[10],,,,,[155],,,,,2,2,-1,-1,-1,-1,,,,,
1015320,-1,,,,-1,-1,-1,1,[1],,,,,[161005],,,,,2,2,-1,-1,-1,-1,,,,,
1015319,-1,,,,-1,-1,-1,1,[1],,,,,[206305],,,,,2,2,-1,-1,-1,-1,,,,,
1015318,-1,,,,-1,-1,-1,1,[1],,,,,[201],,,,,2,2,-1,-1,-1,-1,,,,,
1015317,-1,,,,-1,-1,-1,1,[1],,,,,[161004],,,,,2,2,-1,-1,-1,-1,,,,,
1015316,-1,,,,-1,-1,-1,1,,,,,,,,,,,2,-1,-1,-1,-1,-1,,,,,
1015414,-1,,,,-1,-1,-1,1,[10],,,,,[153],,,,,2,2,-1,-1,-1,-1,,,,,
1015413,-1,,,,-1,-1,-1,1,[1],,,,,[100001404],,,,,2,4,-1,-1,-1,-1,,,,,
1015412,-1,,,,-1,-1,-1,1,[1],,,,,[405230004],,,,,2,2,-1,-1,-1,-1,,,,,
1015411,-1,,,,-1,-1,-1,1,[10],,,,,[155],,,,,2,2,-1,-1,-1,-1,,,,,
1015420,-1,,,,-1,-1,-1,1,[1],,,,,[161005],,,,,2,2,-1,-1,-1,-1,,,,,
1015419,-1,,,,-1,-1,-1,1,[1],,,,,[206305],,,,,2,2,-1,-1,-1,-1,,,,,
1015418,-1,,,,-1,-1,-1,1,[1],,,,,[201],,,,,2,2,-1,-1,-1,-1,,,,,
1015417,-1,,,,-1,-1,-1,1,[1],,,,,[161004],,,,,2,2,-1,-1,-1,-1,,,,,
1015416,-1,,,,-1,-1,-1,1,,,,,,,,,,,2,-1,-1,-1,-1,-1,,,,,
1015514,-1,,,,-1,-1,-1,1,[10],,,,,[153],,,,,2,2,-1,-1,-1,-1,,,,,
1015513,-1,,,,-1,-1,-1,1,[1],,,,,[100001402],,,,,2,4,-1,-1,-1,-1,,,,,
1015512,-1,,,,-1,-1,-1,1,[1],,,,,[405230004],,,,,2,2,-1,-1,-1,-1,,,,,
1015511,-1,,,,-1,-1,-1,1,[1],,,,,[156],,,,,2,2,-1,-1,-1,-1,,,,,
1015520,-1,,,,-1,-1,-1,1,[1],,,,,[161005],,,,,2,2,-1,-1,-1,-1,,,,,
1015519,-1,,,,-1,-1,-1,1,[1],,,,,[206305],,,,,2,2,-1,-1,-1,-1,,,,,
1015518,-1,,,,-1,-1,-1,1,[1],,,,,[201],,,,,2,2,-1,-1,-1,-1,,,,,
1015517,-1,,,,-1,-1,-1,1,[1],,,,,[161004],,,,,2,2,-1,-1,-1,-1,,,,,
1015516,-1,,,,-1,-1,-1,1,[1],,,,,[10018],,,,,2,2,-1,-1,-1,-1,,,,,
1015614,-1,,,,-1,-1,-1,1,[10],,,,,[153],,,,,2,2,-1,-1,-1,-1,,,,,
1015613,-1,,,,-1,-1,-1,1,,,,,,,,,,,2,-1,-1,-1,-1,-1,,,,,
1015612,-1,,,,-1,-1,-1,1,[1],,,,,[405230003],,,,,2,2,-1,-1,-1,-1,,,,,
1015611,-1,,,,-1,-1,-1,1,[10],,,,,[155],,,,,2,2,-1,-1,-1,-1,,,,,
1015620,-1,,,,-1,-1,-1,1,[1],,,,,[161005],,,,,2,2,-1,-1,-1,-1,,,,,
1015619,-1,,,,-1,-1,-1,1,[1],,,,,[206305],,,,,2,2,-1,-1,-1,-1,,,,,
1015618,-1,,,,-1,-1,-1,1,[1],,,,,[201],,,,,2,2,-1,-1,-1,-1,,,,,
1015617,-1,,,,-1,-1,-1,1,[1],,,,,[161004],,,,,2,2,-1,-1,-1,-1,,,,,
1015616,-1,,,,-1,-1,-1,1,,,,,,,,,,,2,-1,-1,-1,-1,-1,,,,,
1015714,-1,,,,-1,-1,-1,1,[10],,,,,[153],,,,,2,2,-1,-1,-1,-1,,,,,
1015713,-1,,,,-1,-1,-1,1,[1],,,,,[100001403],,,,,2,4,-1,-1,-1,-1,,,,,
1015712,-1,,,,-1,-1,-1,1,[1],,,,,[405230004],,,,,2,2,-1,-1,-1,-1,,,,,
1015711,-1,,,,-1,-1,-1,1,[1],,,,,[156],,,,,2,2,-1,-1,-1,-1,,,,,
1015720,-1,,,,-1,-1,-1,1,[1],,,,,[161005],,,,,2,2,-1,-1,-1,-1,,,,,
1015719,-1,,,,-1,-1,-1,1,[1],,,,,[206305],,,,,2,2,-1,-1,-1,-1,,,,,
1015718,-1,,,,-1,-1,-1,1,[1],,,,,[201],,,,,2,2,-1,-1,-1,-1,,,,,
1015717,-1,,,,-1,-1,-1,1,[1],,,,,[161004],,,,,2,2,-1,-1,-1,-1,,,,,
1015716,-1,,,,-1,-1,-1,1,[1],,,,,[10026],,,,,2,2,-1,-1,-1,-1,,,,,
1015814,-1,,,,-1,-1,-1,1,[10],,,,,[153],,,,,2,2,-1,-1,-1,-1,,,,,
1015813,-1,,,,-1,-1,-1,1,[1],,,,,[100001401],,,,,2,4,-1,-1,-1,-1,,,,,
1015812,-1,,,,-1,-1,-1,1,[1],,,,,[405230005],,,,,2,2,-1,-1,-1,-1,,,,,
1015811,-1,,,,-1,-1,-1,1,[1],,,,,[156],,,,,2,2,-1,-1,-1,-1,,,,,
1015820,-1,,,,-1,-1,-1,1,[1],,,,,[161005],,,,,2,2,-1,-1,-1,-1,,,,,
1015819,-1,,,,-1,-1,-1,1,[1],,,,,[206305],,,,,2,2,-1,-1,-1,-1,,,,,
1015818,-1,,,,-1,-1,-1,1,[1],,,,,[201],,,,,2,2,-1,-1,-1,-1,,,,,
1015817,-1,,,,-1,-1,-1,1,[1],,,,,[161004],,,,,2,2,-1,-1,-1,-1,,,,,
1015816,-1,,,,-1,-1,-1,1,[1],,,,,[10028],,,,,2,2,-1,-1,-1,-1,,,,,
1015914,-1,,,,-1,-1,-1,1,[10],,,,,[153],,,,,2,2,-1,-1,-1,-1,,,,,
1015913,-1,,,,-1,-1,-1,1,,,,,,,,,,,2,-1,-1,-1,-1,-1,,,,,
1015912,-1,,,,-1,-1,-1,1,[1],,,,,[405230003],,,,,2,2,-1,-1,-1,-1,,,,,
1015911,-1,,,,-1,-1,-1,1,[10],,,,,[155],,,,,2,2,-1,-1,-1,-1,,,,,
1015920,-1,,,,-1,-1,-1,1,[1],,,,,[161005],,,,,2,2,-1,-1,-1,-1,,,,,
1015919,-1,,,,-1,-1,-1,1,[1],,,,,[206305],,,,,2,2,-1,-1,-1,-1,,,,,
1015918,-1,,,,-1,-1,-1,1,[1],,,,,[201],,,,,2,2,-1,-1,-1,-1,,,,,
1015917,-1,,,,-1,-1,-1,1,[1],,,,,[161004],,,,,2,2,-1,-1,-1,-1,,,,,
1015916,-1,,,,-1,-1,-1,1,,,,,,,,,,,2,-1,-1,-1,-1,-1,,,,,
1016014,-1,,,,-1,-1,-1,1,[10],,,,,[153],,,,,2,2,-1,-1,-1,-1,,,,,
1016013,-1,,,,-1,-1,-1,1,[1],,,,,[100001404],,,,,2,4,-1,-1,-1,-1,,,,,
1016012,-1,,,,-1,-1,-1,1,[1],,,,,[405230004],,,,,2,2,-1,-1,-1,-1,,,,,
1016011,-1,,,,-1,-1,-1,1,[1],,,,,[156],,,,,2,2,-1,-1,-1,-1,,,,,
1016020,-1,,,,-1,-1,-1,1,[1],,,,,[161005],,,,,2,2,-1,-1,-1,-1,,,,,
1016019,-1,,,,-1,-1,-1,1,[1],,,,,[206305],,,,,2,2,-1,-1,-1,-1,,,,,
1016018,-1,,,,-1,-1,-1,1,[1],,,,,[201],,,,,2,2,-1,-1,-1,-1,,,,,
1016017,-1,,,,-1,-1,-1,1,[1],,,,,[161004],,,,,2,2,-1,-1,-1,-1,,,,,
1016016,-1,,,,-1,-1,-1,1,[1],,,,,[10026],,,,,2,2,-1,-1,-1,-1,,,,,
1016114,-1,,,,-1,-1,-1,1,[10],,,,,[153],,,,,2,2,-1,-1,-1,-1,,,,,
1016113,-1,,,,-1,-1,-1,1,[1],,,,,[100001402],,,,,2,4,-1,-1,-1,-1,,,,,
1016112,-1,,,,-1,-1,-1,1,[1],,,,,[405230005],,,,,2,2,-1,-1,-1,-1,,,,,
1016111,-1,,,,-1,-1,-1,1,[1],,,,,[156],,,,,2,2,-1,-1,-1,-1,,,,,
1016120,-1,,,,-1,-1,-1,1,[1],,,,,[161005],,,,,2,2,-1,-1,-1,-1,,,,,
1016119,-1,,,,-1,-1,-1,1,[1],,,,,[206305],,,,,2,2,-1,-1,-1,-1,,,,,
1016118,-1,,,,-1,-1,-1,1,[1],,,,,[201],,,,,2,2,-1,-1,-1,-1,,,,,
1016117,-1,,,,-1,-1,-1,1,[1],,,,,[161004],,,,,2,2,-1,-1,-1,-1,,,,,
1016116,-1,,,,-1,-1,-1,1,[1],,,,,[10037],,,,,2,2,-1,-1,-1,-1,,,,,
1016214,-1,,,,-1,-1,-1,1,[10],,,,,[153],,,,,2,2,-1,-1,-1,-1,,,,,
1016213,-1,,,,-1,-1,-1,1,[1],,,,,[100001402],,,,,2,4,-1,-1,-1,-1,,,,,
1016212,-1,,,,-1,-1,-1,1,[1],,,,,[405230004],,,,,2,2,-1,-1,-1,-1,,,,,
1016211,-1,,,,-1,-1,-1,1,[10],,,,,[155],,,,,2,2,-1,-1,-1,-1,,,,,
1016220,-1,,,,-1,-1,-1,1,[1],,,,,[161005],,,,,2,2,-1,-1,-1,-1,,,,,
1016219,-1,,,,-1,-1,-1,1,[1],,,,,[206305],,,,,2,2,-1,-1,-1,-1,,,,,
1016218,-1,,,,-1,-1,-1,1,[1],,,,,[201],,,,,2,2,-1,-1,-1,-1,,,,,
1016217,-1,,,,-1,-1,-1,1,[1],,,,,[161004],,,,,2,2,-1,-1,-1,-1,,,,,
1016216,-1,,,,-1,-1,-1,1,,,,,,,,,,,2,-1,-1,-1,-1,-1,,,,,
1016314,-1,,,,-1,-1,-1,1,[10],,,,,[153],,,,,2,2,-1,-1,-1,-1,,,,,
1016313,-1,,,,-1,-1,-1,1,[1],,,,,[100001401],,,,,2,4,-1,-1,-1,-1,,,,,
1016312,-1,,,,-1,-1,-1,1,[1],,,,,[405230004],,,,,2,2,-1,-1,-1,-1,,,,,
1016311,-1,,,,-1,-1,-1,1,[1],,,,,[156],,,,,2,2,-1,-1,-1,-1,,,,,
1016320,-1,,,,-1,-1,-1,1,[1],,,,,[161005],,,,,2,2,-1,-1,-1,-1,,,,,
1016319,-1,,,,-1,-1,-1,1,[1],,,,,[206305],,,,,2,2,-1,-1,-1,-1,,,,,
1016318,-1,,,,-1,-1,-1,1,[1],,,,,[201],,,,,2,2,-1,-1,-1,-1,,,,,
1016317,-1,,,,-1,-1,-1,1,[1],,,,,[161004],,,,,2,2,-1,-1,-1,-1,,,,,
1016316,-1,,,,-1,-1,-1,1,[1],,,,,[10024],,,,,2,2,-1,-1,-1,-1,,,,,
1016414,-1,,,,-1,-1,-1,1,[10],,,,,[153],,,,,2,2,-1,-1,-1,-1,,,,,
1016413,-1,,,,-1,-1,-1,1,[1],,,,,[100001403],,,,,2,4,-1,-1,-1,-1,,,,,
1016412,-1,,,,-1,-1,-1,1,[1],,,,,[405230005],,,,,2,2,-1,-1,-1,-1,,,,,
1016411,-1,,,,-1,-1,-1,1,[1],,,,,[156],,,,,2,2,-1,-1,-1,-1,,,,,
1016420,-1,,,,-1,-1,-1,1,[1],,,,,[161005],,,,,2,2,-1,-1,-1,-1,,,,,
1016419,-1,,,,-1,-1,-1,1,[1],,,,,[206305],,,,,2,2,-1,-1,-1,-1,,,,,
1016418,-1,,,,-1,-1,-1,1,[1],,,,,[201],,,,,2,2,-1,-1,-1,-1,,,,,
1016417,-1,,,,-1,-1,-1,1,[1],,,,,[161004],,,,,2,2,-1,-1,-1,-1,,,,,
1016416,-1,,,,-1,-1,-1,1,[1],,,,,[10017],,,,,2,2,-1,-1,-1,-1,,,,,
1016514,-1,,,,-1,-1,-1,1,[10],,,,,[153],,,,,2,2,-1,-1,-1,-1,,,,,
1016513,-1,,,,-1,-1,-1,1,[1],,,,,[100001404],,,,,2,4,-1,-1,-1,-1,,,,,
1016512,-1,,,,-1,-1,-1,1,[1],,,,,[405230004],,,,,2,2,-1,-1,-1,-1,,,,,
1016511,-1,,,,-1,-1,-1,1,[10],,,,,[155],,,,,2,2,-1,-1,-1,-1,,,,,
1016520,-1,,,,-1,-1,-1,1,[1],,,,,[161005],,,,,2,2,-1,-1,-1,-1,,,,,
1016519,-1,,,,-1,-1,-1,1,[1],,,,,[206305],,,,,2,2,-1,-1,-1,-1,,,,,
1016518,-1,,,,-1,-1,-1,1,[1],,,,,[201],,,,,2,2,-1,-1,-1,-1,,,,,
1016517,-1,,,,-1,-1,-1,1,[1],,,,,[161004],,,,,2,2,-1,-1,-1,-1,,,,,
1016516,-1,,,,-1,-1,-1,1,,,,,,,,,,,2,-1,-1,-1,-1,-1,,,,,
1016614,-1,,,,-1,-1,-1,1,[10],,,,,[153],,,,,2,2,-1,-1,-1,-1,,,,,
1016613,-1,,,,-1,-1,-1,1,[1],,,,,[100001401],,,,,2,4,-1,-1,-1,-1,,,,,
1016612,-1,,,,-1,-1,-1,1,[1],,,,,[405230004],,,,,2,2,-1,-1,-1,-1,,,,,
1016611,-1,,,,-1,-1,-1,1,[1],,,,,[156],,,,,2,2,-1,-1,-1,-1,,,,,
1016620,-1,,,,-1,-1,-1,1,[1],,,,,[161005],,,,,2,2,-1,-1,-1,-1,,,,,
1016619,-1,,,,-1,-1,-1,1,[1],,,,,[206305],,,,,2,2,-1,-1,-1,-1,,,,,
1016618,-1,,,,-1,-1,-1,1,[1],,,,,[201],,,,,2,2,-1,-1,-1,-1,,,,,
1016617,-1,,,,-1,-1,-1,1,[1],,,,,[161004],,,,,2,2,-1,-1,-1,-1,,,,,
1016616,-1,,,,-1,-1,-1,1,[1],,,,,[10020],,,,,2,2,-1,-1,-1,-1,,,,,
1016714,-1,,,,-1,-1,-1,1,[10],,,,,[153],,,,,2,2,-1,-1,-1,-1,,,,,
1016713,-1,,,,-1,-1,-1,1,[1],,,,,[100001404],,,,,2,4,-1,-1,-1,-1,,,,,
1016712,-1,,,,-1,-1,-1,1,[1],,,,,[405230005],,,,,2,2,-1,-1,-1,-1,,,,,
1016711,-1,,,,-1,-1,-1,1,[1],,,,,[156],,,,,2,2,-1,-1,-1,-1,,,,,
1016720,-1,,,,-1,-1,-1,1,[1],,,,,[161005],,,,,2,2,-1,-1,-1,-1,,,,,
1016719,-1,,,,-1,-1,-1,1,[1],,,,,[206305],,,,,2,2,-1,-1,-1,-1,,,,,
1016718,-1,,,,-1,-1,-1,1,[1],,,,,[201],,,,,2,2,-1,-1,-1,-1,,,,,
1016717,-1,,,,-1,-1,-1,1,[1],,,,,[161004],,,,,2,2,-1,-1,-1,-1,,,,,
1016716,-1,,,,-1,-1,-1,1,[1],,,,,[10035],,,,,2,2,-1,-1,-1,-1,,,,,
1300001,-1,,,,-1,0,-1,1,[1],[1],[30],[20],,[201],[161004],[2],[206104],,2,2,2,999,2,-1,,,,,
1300002,-1,,,,-1,0,-1,1,[1],[1],[30],[20],,[201],[161004],[2],[206204],,2,2,2,999,2,-1,,,,,
1300003,-1,,,,-1,0,-1,1,[1],[1],[30],[30],,[201],[161004],[2],[206104],,2,2,2,999,2,-1,,,,,
1300004,-1,,,,-1,0,-1,1,[1],[1],[30],[30],,[201],[161004],[2],[206204],,2,2,2,999,2,-1,,,,,
1300005,-1,,,,-1,0,-1,1,[1],[10],[30],[30],[150],[220005],[404100004],[2],[206004],[6],2,2,2,999,2,999,,,,,
1300006,-1,,,,-1,0,-1,1,[1],[2],[50],[40],,[201],[161004],[2],[206104],,2,2,2,999,2,-1,,,,,
1300007,-1,,,,-1,0,-1,1,[1],[2],[50],[40],,[201],[161004],[2],[206204],,2,2,2,999,2,-1,,,,,
1300008,-1,,,,-1,0,-1,1,[1],[2],[50],[50],,[201],[161004],[2],[206104],,2,2,2,999,2,-1,,,,,
1300009,-1,,,,-1,0,-1,1,[1],[2],[50],[50],,[201],[161004],[2],[206204],,2,2,2,999,2,-1,,,,,
1300010,-1,,,,-1,0,-1,1,[2],[20],[50],[50],[250],[220005],[404100004],[2],[206004],[6],2,2,2,999,2,999,,,,,
1300011,-1,,,,-1,0,-1,1,[1],[3],[80],[60],,[201],[161004],[2],[206104],,2,2,2,999,2,-1,,,,,
1300012,-1,,,,-1,0,-1,1,[1],[3],[80],[60],,[201],[161004],[2],[206204],,2,2,2,999,2,-1,,,,,
1300013,-1,,,,-1,0,-1,1,[1],[3],[80],[80],,[201],[161004],[2],[206104],,2,2,2,999,2,-1,,,,,
1300014,-1,,,,-1,0,-1,1,[1],[3],[80],[80],,[201],[161004],[2],[206204],,2,2,2,999,2,-1,,,,,
1300015,-1,,,,-1,0,-1,1,[3],[30],[80],[80],[400],[220005],[404100004],[2],[206004],[6],2,2,2,999,2,999,,,,,
1300016,-1,,,,-1,0,-1,1,[2],[4],[100],[100],,[201],[161004],[2],[206104],,2,2,2,999,2,-1,,,,,
1300017,-1,,,,-1,0,-1,1,[2],[4],[100],[100],,[201],[161004],[2],[206204],,2,2,2,999,2,-1,,,,,
1300018,-1,,,,-1,0,-1,1,[2],[4],[100],[120],,[201],[161004],[2],[206104],,2,2,2,999,2,-1,,,,,
1300019,-1,,,,-1,0,-1,1,[2],[4],[100],[120],,[201],[161004],[2],[206204],,2,2,2,999,2,-1,,,,,
1300020,-1,,,,-1,0,-1,1,[4],[40],[100],[120],[600],[220005],[404100004],[2],[206004],[6],2,2,2,999,2,999,,,,,
1300101,-1,,,,-1,0,-1,1,[2],,[10],[8000],[10],[161005],,[200402],[6],[200402],2,2,-1,2,999,2,,,,,
1300102,-1,,,,-1,0,-1,1,[3],,[10],[16000],[15],[161005],,[200402],[6],[200402],2,2,-1,2,999,2,,,,,
1300103,-1,,,,-1,0,-1,1,[5],,[10],[24000],[20],[161005],,[200402],[6],[200402],2,2,-1,2,999,2,,,,,
1300104,-1,,,,-1,0,-1,1,[5],,[10],[32000],[25],[161005],,[200402],[6],[200402],2,2,-1,2,999,2,,,,,
1301001,-1,,,,-1,0,-1,1,[1],[1],[30],[40],,[201],[161004],[2],[206104],,2,2,2,999,2,-1,,,,,
1301002,-1,,,,-1,0,-1,1,[1],[1],[30],[40],,[201],[161004],[2],[206204],,2,2,2,999,2,-1,,,,,
1301003,-1,,,,-1,0,-1,1,[1],[1],[30],[40],,[201],[161004],[2],[206104],,2,2,2,999,2,-1,,,,,
1301004,-1,,,,-1,0,-1,1,[1],[1],[30],[40],,[201],[161004],[2],[206204],,2,2,2,999,2,-1,,,,,
1301005,-1,,,,-1,0,-1,1,[1],[10],[30],[40],[4000],[220005],[404100004],[2],[206004],[6],2,2,2,999,2,999,,,,,
1301006,-1,,,,-1,0,-1,1,[1],[2],[50],[80],,[201],[161004],[2],[206104],,2,2,2,999,2,-1,,,,,
1301007,-1,,,,-1,0,-1,1,[1],[2],[50],[80],,[201],[161004],[2],[206204],,2,2,2,999,2,-1,,,,,
1301008,-1,,,,-1,0,-1,1,[1],[2],[50],[80],,[201],[161004],[2],[206104],,2,2,2,999,2,-1,,,,,
1301009,-1,,,,-1,0,-1,1,[1],[2],[50],[80],,[201],[161004],[2],[206204],,2,2,2,999,2,-1,,,,,
1301010,-1,,,,-1,0,-1,1,[1],[20],[50],[80],[8000],[220005],[404100004],[2],[206004],[6],2,2,2,999,2,999,,,,,
1301011,-1,,,,-1,0,-1,1,[1],[3],[80],[120],,[201],[161004],[2],[206104],,2,2,2,999,2,-1,,,,,
1301012,-1,,,,-1,0,-1,1,[1],[3],[80],[120],,[201],[161004],[2],[206204],,2,2,2,999,2,-1,,,,,
1301013,-1,,,,-1,0,-1,1,[1],[3],[80],[120],,[201],[161004],[2],[206104],,2,2,2,999,2,-1,,,,,
1301014,-1,,,,-1,0,-1,1,[1],[3],[80],[120],,[201],[161004],[2],[206204],,2,2,2,999,2,-1,,,,,
1301015,-1,,,,-1,0,-1,1,[1],[30],[80],[120],[12000],[220005],[404100004],[2],[206004],[6],2,2,2,999,2,999,,,,,
1301016,-1,,,,-1,0,-1,1,[1],[4],[100],[160],,[201],[161004],[2],[206104],,2,2,2,999,2,-1,,,,,
1301017,-1,,,,-1,0,-1,1,[1],[4],[100],[160],,[201],[161004],[2],[206204],,2,2,2,999,2,-1,,,,,
1301018,-1,,,,-1,0,-1,1,[1],[4],[100],[160],,[201],[161004],[2],[206104],,2,2,2,999,2,-1,,,,,
1301019,-1,,,,-1,0,-1,1,[1],[4],[100],[160],,[201],[161004],[2],[206204],,2,2,2,999,2,-1,,,,,
1301020,-1,,,,-1,0,-1,1,[2],[40],[100],[160],[16000],[220005],[404100004],[2],[206004],[6],2,2,2,999,2,999,,,,,
10701,-1,,,,-1,0,-1,1,[50],[20],[1],[1],[1],[12210200],[2],[203030],[203024],[203027],2,2,999,2,2,2,,,,,
10702,-1,,,,-1,0,-1,1,[50],[30],[1],[1],[1],[12210200],[2],[203030],[203024],[203027],2,2,999,2,2,2,,,,,
10703,-1,,,,-1,0,-1,1,[100],[1],[150],[1],[10],[12210200],[10031],[250],[161004],[404100004],2,2,2,2,2,2,,,,,
10704,-1,,,,-1,0,-1,1,[50],[50],[3],[3],[3],[12210200],[2],[203030],[203024],[203027],2,2,999,2,2,2,,,,,
10705,-1,,,,-1,0,-1,1,[50],[50],[3],[3],[3],[12210200],[2],[203030],[203024],[203027],2,2,999,2,2,2,,,,,
10706,-1,,,,-1,0,-1,1,[100],[2],[1],[1],[10],[12210200],[10031],[1003],[161004],[404100004],2,2,2,2,2,2,,,,,
10707,-1,,,,-1,0,-1,1,[100],[100],[5],[5],[5],[12210200],[2],[203030],[203024],[203027],2,2,999,2,2,2,,,,,
10708,-1,,,,-1,0,-1,1,[100],[3],[150],[1],[40],[12210200],[210003],[250],[161004],[404100004],2,2,2,2,2,2,,,,,
10709,-1,,,,-1,0,-1,1,[200],[1],[3],[2],[60],[12210200],[220005],[1003],[161005],[404100004],2,2,2,2,2,2,,,,,
10801,-1,,,,-1,0,-1,1,[50],[20],[1],[1],[1],[12210200],[2],[203030],[203024],[203027],2,2,999,2,2,2,,,,,
10802,-1,,,,-1,0,-1,1,[50],[30],[1],[1],[1],[12210200],[2],[203030],[203024],[203027],2,2,999,2,2,2,,,,,
10803,-1,,,,-1,0,-1,1,[100],[1],[150],[1],[10],[12210200],[10031],[250],[161004],[404100004],2,2,2,2,2,2,,,,,
10804,-1,,,,-1,0,-1,1,[50],[50],[3],[3],[3],[12210200],[2],[203030],[203024],[203027],2,2,999,2,2,2,,,,,
10805,-1,,,,-1,0,-1,1,[50],[50],[3],[3],[3],[12210200],[2],[203030],[203024],[203027],2,2,999,2,2,2,,,,,
10806,-1,,,,-1,0,-1,1,[100],[2],[1],[1],[10],[12210200],[10031],[1003],[161004],[404100004],2,2,2,2,2,2,,,,,
10807,-1,,,,-1,0,-1,1,[100],[100],[5],[5],[5],[12210200],[2],[203030],[203024],[203027],2,2,999,2,2,2,,,,,
10808,-1,,,,-1,0,-1,1,[100],[3],[150],[1],[40],[12210200],[210003],[250],[161004],[404100004],2,2,2,2,2,2,,,,,
10809,-1,,,,-1,0,-1,1,[200],[1],[3],[2],[60],[12210200],[220005],[1003],[161005],[404100004],2,2,2,2,2,2,,,,,
18801,-1,,,,-1,0,-1,1,[10],[10],,,,[203024],[203027],,,,2,2,2,-1,-1,-1,,,,,
18802,-1,,,,-1,0,-1,1,[5],[5],[5],,,[200002],[200302],[200102],,,2,2,2,2,-1,-1,,,,,
18803,-1,,,,-1,0,-1,1,[50],[10],,,,[250],[203033],,,,2,2,2,-1,-1,-1,,,,,
18804,-1,,,,-1,0,-1,1,[20],[200],,,,[404100004],[206],,,,2,2,2,-1,-1,-1,,,,,
18805,-1,,,,-1,0,-1,1,[1],[100],,,,[201],[2],,,,2,2,999,-1,-1,-1,,,,,
18806,-1,,,,-1,0,-1,1,[20],[20],,,,[203024],[203027],,,,2,2,2,-1,-1,-1,,,,,
18807,-1,,,,-1,0,-1,1,[10],[10],[10],,,[200002],[200302],[200102],,,2,2,2,2,-1,-1,,,,,
18808,-1,,,,-1,0,-1,1,[100],[20],,,,[250],[203033],,,,2,2,2,-1,-1,-1,,,,,
18809,-1,,,,-1,0,-1,1,[40],[400],,,,[404100004],[206],,,,2,2,2,-1,-1,-1,,,,,
18810,-1,,,,-1,0,-1,1,[3],[200],,,,[201],[2],,,,2,2,999,-1,-1,-1,,,,,
18811,-1,,,,-1,0,-1,1,[30],[30],,,,[203024],[203027],,,,2,2,2,-1,-1,-1,,,,,
18812,-1,,,,-1,0,-1,1,[15],[15],[15],,,[200002],[200302],[200102],,,2,2,2,2,-1,-1,,,,,
18813,-1,,,,-1,0,-1,1,[150],[30],,,,[250],[203033],,,,2,2,2,-1,-1,-1,,,,,
18814,-1,,,,-1,0,-1,1,[60],[600],,,,[404100004],[206],,,,2,2,2,-1,-1,-1,,,,,
18815,-1,,,,-1,0,-1,1,[2],[300],,,,[220005],[2],,,,2,2,999,-1,-1,-1,,,,,
18816,-1,,,,-1,0,-1,1,[40],[40],,,,[203024],[203027],,,,2,2,2,-1,-1,-1,,,,,
18817,-1,,,,-1,0,-1,1,[20],[20],[20],,,[200002],[200302],[200102],,,2,2,2,2,-1,-1,,,,,
18818,-1,,,,-1,0,-1,1,[200],[40],,,,[250],[203033],,,,2,2,2,-1,-1,-1,,,,,
18819,-1,,,,-1,0,-1,1,[80],[800],,,,[404100004],[206],,,,2,2,2,-1,-1,-1,,,,,
18820,-1,,,,-1,0,-1,1,[3],[300],,,,[220005],[2],,,,2,2,999,-1,-1,-1,,,,,
18821,-1,,,,-1,0,-1,1,[50],[50],,,,[203024],[203027],,,,2,2,2,-1,-1,-1,,,,,
18822,-1,,,,-1,0,-1,1,[25],[25],[25],,,[200002],[200302],[200102],,,2,2,2,2,-1,-1,,,,,
18823,-1,,,,-1,0,-1,1,[250],[50],,,,[250],[203033],,,,2,2,2,-1,-1,-1,,,,,
18824,-1,,,,-1,0,-1,1,[100],[1000],,,,[404100004],[206],,,,2,2,2,-1,-1,-1,,,,,
18825,-1,,,,-1,0,-1,1,[5],[500],,,,[220005],[2],,,,2,2,999,-1,-1,-1,,,,,
18851,-1,,,,-1,0,-1,1,[5],[5],,,,[203024],[203027],,,,2,2,2,-1,-1,-1,,,,,
18852,-1,,,,-1,0,-1,1,[50],[5],,,,[2],[200402],,,,2,999,2,-1,-1,-1,,,,,
18853,-1,,,,-1,0,-1,1,[25],[5],,,,[250],[203033],,,,2,2,2,-1,-1,-1,,,,,
18854,-1,,,,-1,0,-1,1,[10],[100],,,,[404100004],[206],,,,2,2,2,-1,-1,-1,,,,,
18855,-1,,,,-1,0,-1,1,[1],[5],,,,[201],[203030],,,,2,2,2,-1,-1,-1,,,,,
18856,-1,,,,-1,0,-1,1,[10],[10],,,,[203024],[203027],,,,2,2,2,-1,-1,-1,,,,,
18857,-1,,,,-1,0,-1,1,[100],[10],,,,[2],[200402],,,,2,999,2,-1,-1,-1,,,,,
18858,-1,,,,-1,0,-1,1,[50],[10],,,,[250],[203033],,,,2,2,2,-1,-1,-1,,,,,
18859,-1,,,,-1,0,-1,1,[20],[200],,,,[404100004],[206],,,,2,2,2,-1,-1,-1,,,,,
18860,-1,,,,-1,0,-1,1,[2],[10],,,,[201],[203030],,,,2,2,2,-1,-1,-1,,,,,
18861,-1,,,,-1,0,-1,1,[15],[15],,,,[203024],[203027],,,,2,2,2,-1,-1,-1,,,,,
18862,-1,,,,-1,0,-1,1,[150],[15],,,,[2],[200402],,,,2,999,2,-1,-1,-1,,,,,
18863,-1,,,,-1,0,-1,1,[75],[15],,,,[250],[203033],,,,2,2,2,-1,-1,-1,,,,,
18864,-1,,,,-1,0,-1,1,[30],[300],,,,[404100004],[206],,,,2,2,2,-1,-1,-1,,,,,
18865,-1,,,,-1,0,-1,1,[3],[15],,,,[201],[203030],,,,2,2,2,-1,-1,-1,,,,,
18866,-1,,,,-1,0,-1,1,[20],[20],,,,[203024],[203027],,,,2,2,2,-1,-1,-1,,,,,
18867,-1,,,,-1,0,-1,1,[200],[20],,,,[2],[200402],,,,2,999,2,-1,-1,-1,,,,,
18868,-1,,,,-1,0,-1,1,[100],[20],,,,[250],[203033],,,,2,2,2,-1,-1,-1,,,,,
18869,-1,,,,-1,0,-1,1,[40],[400],,,,[404100004],[206],,,,2,2,2,-1,-1,-1,,,,,
18870,-1,,,,-1,0,-1,1,[2],[20],,,,[201],[203030],,,,2,2,2,-1,-1,-1,,,,,
18871,-1,,,,-1,0,-1,1,[25],[25],,,,[203024],[203027],,,,2,2,2,-1,-1,-1,,,,,
18872,-1,,,,-1,0,-1,1,[300],[25],,,,[2],[200402],,,,2,999,2,-1,-1,-1,,,,,
18873,-1,,,,-1,0,-1,1,[125],[25],,,,[250],[203033],,,,2,2,2,-1,-1,-1,,,,,
18874,-1,,,,-1,0,-1,1,[50],[500],,,,[404100004],[206],,,,2,2,2,-1,-1,-1,,,,,
18875,-1,,,,-1,0,-1,1,[3],[25],,,,[201],[203030],,,,2,2,2,-1,-1,-1,,,,,
18901,-1,,,,-1,0,-1,1,[10],[10],,,,[203024],[203027],,,,2,2,2,-1,-1,-1,,,,,
18902,-1,,,,-1,0,-1,1,[5],[5],[5],,,[200002],[200302],[200102],,,2,2,2,2,-1,-1,,,,,
18903,-1,,,,-1,0,-1,1,[50],[10],,,,[250],[203033],,,,2,2,2,-1,-1,-1,,,,,
18904,-1,,,,-1,0,-1,1,[20],[200],,,,[404100004],[206],,,,2,2,2,-1,-1,-1,,,,,
18905,-1,,,,-1,0,-1,1,[1],[100],,,,[201],[2],,,,2,2,999,-1,-1,-1,,,,,
18906,-1,,,,-1,0,-1,1,[20],[20],,,,[203024],[203027],,,,2,2,2,-1,-1,-1,,,,,
18907,-1,,,,-1,0,-1,1,[10],[10],[10],,,[200002],[200302],[200102],,,2,2,2,2,-1,-1,,,,,
18908,-1,,,,-1,0,-1,1,[100],[20],,,,[250],[203033],,,,2,2,2,-1,-1,-1,,,,,
18909,-1,,,,-1,0,-1,1,[40],[400],,,,[404100004],[206],,,,2,2,2,-1,-1,-1,,,,,
18910,-1,,,,-1,0,-1,1,[3],[200],,,,[201],[2],,,,2,2,999,-1,-1,-1,,,,,
18911,-1,,,,-1,0,-1,1,[30],[30],,,,[203024],[203027],,,,2,2,2,-1,-1,-1,,,,,
18912,-1,,,,-1,0,-1,1,[15],[15],[15],,,[200002],[200302],[200102],,,2,2,2,2,-1,-1,,,,,
18913,-1,,,,-1,0,-1,1,[150],[30],,,,[250],[203033],,,,2,2,2,-1,-1,-1,,,,,
18914,-1,,,,-1,0,-1,1,[60],[600],,,,[404100004],[206],,,,2,2,2,-1,-1,-1,,,,,
18915,-1,,,,-1,0,-1,1,[3],[300],,,,[220005],[2],,,,2,2,999,-1,-1,-1,,,,,
18916,-1,,,,-1,0,-1,1,[40],[40],,,,[203024],[203027],,,,2,2,2,-1,-1,-1,,,,,
18917,-1,,,,-1,0,-1,1,[20],[20],[20],,,[200002],[200302],[200102],,,2,2,2,2,-1,-1,,,,,
18918,-1,,,,-1,0,-1,1,[200],[40],,,,[250],[203033],,,,2,2,2,-1,-1,-1,,,,,
18919,-1,,,,-1,0,-1,1,[80],[800],,,,[404100004],[206],,,,2,2,2,-1,-1,-1,,,,,
18920,-1,,,,-1,0,-1,1,[1],[300],,,,[160155],[2],,,,2,2,999,-1,-1,-1,,,,,
18921,-1,,,,-1,0,-1,1,[50],[50],,,,[203024],[203027],,,,2,2,2,-1,-1,-1,,,,,
18922,-1,,,,-1,0,-1,1,[25],[25],[25],,,[200002],[200302],[200102],,,2,2,2,2,-1,-1,,,,,
18923,-1,,,,-1,0,-1,1,[250],[50],,,,[250],[203033],,,,2,2,2,-1,-1,-1,,,,,
18924,-1,,,,-1,0,-1,1,[100],[1000],,,,[404100004],[206],,,,2,2,2,-1,-1,-1,,,,,
18925,-1,,,,-1,0,-1,1,[5],[500],,,,[220005],[2],,,,2,2,999,-1,-1,-1,,,,,
18926,-1,,,,-1,0,-1,1,[60],[60],,,,[203024],[203027],,,,2,2,2,-1,-1,-1,,,,,
18927,-1,,,,-1,0,-1,1,[30],[30],[30],,,[200002],[200302],[200102],,,2,2,2,2,-1,-1,,,,,
18928,-1,,,,-1,0,-1,1,[300],[60],,,,[250],[203033],,,,2,2,2,-1,-1,-1,,,,,
18929,-1,,,,-1,0,-1,1,[120],[1200],,,,[404100004],[206],,,,2,2,2,-1,-1,-1,,,,,
18930,-1,,,,-1,0,-1,1,[5],[500],,,,[220005],[2],,,,2,2,999,-1,-1,-1,,,,,
18951,-1,,,,-1,0,-1,1,[5],[5],,,,[203024],[203027],,,,2,2,2,-1,-1,-1,,,,,
18952,-1,,,,-1,0,-1,1,[50],[5],,,,[2],[200402],,,,2,999,2,-1,-1,-1,,,,,
18953,-1,,,,-1,0,-1,1,[25],[5],,,,[250],[203033],,,,2,2,2,-1,-1,-1,,,,,
18954,-1,,,,-1,0,-1,1,[10],[100],,,,[404100004],[206],,,,2,2,2,-1,-1,-1,,,,,
18955,-1,,,,-1,0,-1,1,[1],[5],,,,[201],[203030],,,,2,2,2,-1,-1,-1,,,,,
18956,-1,,,,-1,0,-1,1,[10],[10],,,,[203024],[203027],,,,2,2,2,-1,-1,-1,,,,,
18957,-1,,,,-1,0,-1,1,[100],[10],,,,[2],[200402],,,,2,999,2,-1,-1,-1,,,,,
18958,-1,,,,-1,0,-1,1,[50],[10],,,,[250],[203033],,,,2,2,2,-1,-1,-1,,,,,
18959,-1,,,,-1,0,-1,1,[20],[200],,,,[404100004],[206],,,,2,2,2,-1,-1,-1,,,,,
18960,-1,,,,-1,0,-1,1,[2],[10],,,,[201],[203030],,,,2,2,2,-1,-1,-1,,,,,
18961,-1,,,,-1,0,-1,1,[15],[15],,,,[203024],[203027],,,,2,2,2,-1,-1,-1,,,,,
18962,-1,,,,-1,0,-1,1,[150],[15],,,,[2],[200402],,,,2,999,2,-1,-1,-1,,,,,
18963,-1,,,,-1,0,-1,1,[75],[15],,,,[250],[203033],,,,2,2,2,-1,-1,-1,,,,,
18964,-1,,,,-1,0,-1,1,[30],[300],,,,[404100004],[206],,,,2,2,2,-1,-1,-1,,,,,
18965,-1,,,,-1,0,-1,1,[3],[15],,,,[201],[203030],,,,2,2,2,-1,-1,-1,,,,,
18966,-1,,,,-1,0,-1,1,[20],[20],,,,[203024],[203027],,,,2,2,2,-1,-1,-1,,,,,
18967,-1,,,,-1,0,-1,1,[200],[20],,,,[2],[200402],,,,2,999,2,-1,-1,-1,,,,,
18968,-1,,,,-1,0,-1,1,[100],[20],,,,[250],[203033],,,,2,2,2,-1,-1,-1,,,,,
18969,-1,,,,-1,0,-1,1,[40],[400],,,,[404100004],[206],,,,2,2,2,-1,-1,-1,,,,,
18970,-1,,,,-1,0,-1,1,[2],[20],,,,[220005],[203030],,,,2,2,2,-1,-1,-1,,,,,
18971,-1,,,,-1,0,-1,1,[25],[25],,,,[203024],[203027],,,,2,2,2,-1,-1,-1,,,,,
18972,-1,,,,-1,0,-1,1,[300],[25],,,,[2],[200402],,,,2,999,2,-1,-1,-1,,,,,
18973,-1,,,,-1,0,-1,1,[125],[25],,,,[250],[203033],,,,2,2,2,-1,-1,-1,,,,,
18974,-1,,,,-1,0,-1,1,[50],[500],,,,[404100004],[206],,,,2,2,2,-1,-1,-1,,,,,
18975,-1,,,,-1,0,-1,1,[3],[25],,,,[220005],[203030],,,,2,2,2,-1,-1,-1,,,,,
18976,-1,,,,-1,0,-1,1,[30],[30],,,,[203024],[203027],,,,2,2,2,-1,-1,-1,,,,,
18977,-1,,,,-1,0,-1,1,[300],[30],,,,[2],[200402],,,,2,999,2,-1,-1,-1,,,,,
18978,-1,,,,-1,0,-1,1,[150],[30],,,,[250],[203033],,,,2,2,2,-1,-1,-1,,,,,
18979,-1,,,,-1,0,-1,1,[60],[600],,,,[404100004],[206],,,,2,2,2,-1,-1,-1,,,,,
18980,-1,,,,-1,0,-1,1,[3],[30],,,,[220005],[203030],,,,2,2,2,-1,-1,-1,,,,,
19101,-1,,,,-1,0,-1,1,[10],[10],,,,[203024],[203027],,,,2,2,2,-1,-1,-1,,,,,
19102,-1,,,,-1,0,-1,1,[5],[5],[5],,,[200002],[200302],[200102],,,2,2,2,2,-1,-1,,,,,
19103,-1,,,,-1,0,-1,1,[50],[10],,,,[250],[203033],,,,2,2,2,-1,-1,-1,,,,,
19104,-1,,,,-1,0,-1,1,[20],[500],,,,[404100004],[206],,,,2,2,2,-1,-1,-1,,,,,
19105,-1,,,,-1,0,-1,1,[1],[100],,,,[201],[2],,,,2,2,999,-1,-1,-1,,,,,
19106,-1,,,,-1,0,-1,1,[20],[20],,,,[203024],[203027],,,,2,2,2,-1,-1,-1,,,,,
19107,-1,,,,-1,0,-1,1,[10],[10],[10],,,[200002],[200302],[200102],,,2,2,2,2,-1,-1,,,,,
19108,-1,,,,-1,0,-1,1,[100],[20],,,,[250],[203033],,,,2,2,2,-1,-1,-1,,,,,
19109,-1,,,,-1,0,-1,1,[40],[600],[2000],,,[404100004],[206],[17],,,2,2,2,999,-1,-1,,,,,
19110,-1,,,,-1,0,-1,1,[3],[200],,,,[201],[2],,,,2,2,999,-1,-1,-1,,,,,
19111,-1,,,,-1,0,-1,1,[30],[30],,,,[203024],[203027],,,,2,2,2,-1,-1,-1,,,,,
19112,-1,,,,-1,0,-1,1,[15],[15],[15],,,[200002],[200302],[200102],,,2,2,2,2,-1,-1,,,,,
19113,-1,,,,-1,0,-1,1,[150],[30],,,,[250],[203033],,,,2,2,2,-1,-1,-1,,,,,
19114,-1,,,,-1,0,-1,1,[60],[600],[2000],,,[404100004],[206],[17],,,2,2,2,999,-1,-1,,,,,
19115,-1,,,,-1,0,-1,1,[3],[300],,,,[220005],[2],,,,2,2,999,-1,-1,-1,,,,,
19116,-1,,,,-1,0,-1,1,[40],[40],,,,[203024],[203027],,,,2,2,2,-1,-1,-1,,,,,
19117,-1,,,,-1,0,-1,1,[20],[20],[20],,,[200002],[200302],[200102],,,2,2,2,2,-1,-1,,,,,
19118,-1,,,,-1,0,-1,1,[200],[40],,,,[250],[203033],,,,2,2,2,-1,-1,-1,,,,,
19119,-1,,,,-1,0,-1,1,[80],[1000],[3000],,,[404100004],[206],[17],,,2,2,2,999,-1,-1,,,,,
19120,-1,,,,-1,0,-1,1,[300],[300],,,,[404100005],[2],,,,2,2,999,-1,-1,-1,,,,,
19121,-1,,,,-1,0,-1,1,[50],[50],,,,[203024],[203027],,,,2,2,2,-1,-1,-1,,,,,
19122,-1,,,,-1,0,-1,1,[25],[25],[25],,,[200002],[200302],[200102],,,2,2,2,2,-1,-1,,,,,
19123,-1,,,,-1,0,-1,1,[250],[50],,,,[250],[203033],,,,2,2,2,-1,-1,-1,,,,,
19124,-1,,,,-1,0,-1,1,[100],[2000],[3000],,,[404100004],[206],[17],,,2,2,2,999,-1,-1,,,,,
19125,-1,,,,-1,0,-1,1,[5],[500],,,,[220005],[2],,,,2,2,999,-1,-1,-1,,,,,
19126,-1,,,,-1,0,-1,1,[60],[60],,,,[203024],[203027],,,,2,2,2,-1,-1,-1,,,,,
19127,-1,,,,-1,0,-1,1,[30],[30],[30],,,[200002],[200302],[200102],,,2,2,2,2,-1,-1,,,,,
19128,-1,,,,-1,0,-1,1,[300],[60],,,,[250],[203033],,,,2,2,2,-1,-1,-1,,,,,
19129,-1,,,,-1,0,-1,1,[120],[2500],[5000],,,[404100004],[206],[17],,,2,2,2,999,-1,-1,,,,,
19130,-1,,,,-1,0,-1,1,[5],[500],,,,[220005],[2],,,,2,2,999,-1,-1,-1,,,,,
19151,-1,,,,-1,0,-1,1,[5],[5],,,,[203024],[203027],,,,2,2,2,-1,-1,-1,,,,,
19152,-1,,,,-1,0,-1,1,[50],[5],[5000],,,[2],[200402],[17],,,2,999,2,999,-1,-1,,,,,
19153,-1,,,,-1,0,-1,1,[25],[5],,,,[250],[203033],,,,2,2,2,-1,-1,-1,,,,,
19154,-1,,,,-1,0,-1,1,[10],[500],,,,[404100004],[206],,,,2,2,2,-1,-1,-1,,,,,
19155,-1,,,,-1,0,-1,1,[1],[5],,,,[201],[203030],,,,2,2,2,-1,-1,-1,,,,,
19156,-1,,,,-1,0,-1,1,[10],[10],,,,[203024],[203027],,,,2,2,2,-1,-1,-1,,,,,
19157,-1,,,,-1,0,-1,1,[100],[10],[5000],,,[2],[200402],[17],,,2,999,2,999,-1,-1,,,,,
19158,-1,,,,-1,0,-1,1,[50],[10],,,,[250],[203033],,,,2,2,2,-1,-1,-1,,,,,
19159,-1,,,,-1,0,-1,1,[20],[500],,,,[404100004],[206],,,,2,2,2,-1,-1,-1,,,,,
19160,-1,,,,-1,0,-1,1,[2],[10],,,,[201],[203030],,,,2,2,2,-1,-1,-1,,,,,
19161,-1,,,,-1,0,-1,1,[15],[15],,,,[203024],[203027],,,,2,2,2,-1,-1,-1,,,,,
19162,-1,,,,-1,0,-1,1,[150],[15],[5000],,,[2],[200402],[17],,,2,999,2,999,-1,-1,,,,,
19163,-1,,,,-1,0,-1,1,[75],[15],,,,[250],[203033],,,,2,2,2,-1,-1,-1,,,,,
19164,-1,,,,-1,0,-1,1,[30],[500],,,,[404100004],[206],,,,2,2,2,-1,-1,-1,,,,,
19165,-1,,,,-1,0,-1,1,[3],[15],,,,[201],[203030],,,,2,2,2,-1,-1,-1,,,,,
19166,-1,,,,-1,0,-1,1,[20],[20],,,,[203024],[203027],,,,2,2,2,-1,-1,-1,,,,,
19167,-1,,,,-1,0,-1,1,[200],[20],[5000],,,[2],[200402],[17],,,2,999,2,999,-1,-1,,,,,
19168,-1,,,,-1,0,-1,1,[100],[20],,,,[250],[203033],,,,2,2,2,-1,-1,-1,,,,,
19169,-1,,,,-1,0,-1,1,[40],[500],,,,[404100004],[206],,,,2,2,2,-1,-1,-1,,,,,
19170,-1,,,,-1,0,-1,1,[2],[20],,,,[220005],[203030],,,,2,2,2,-1,-1,-1,,,,,
19171,-1,,,,-1,0,-1,1,[25],[25],,,,[203024],[203027],,,,2,2,2,-1,-1,-1,,,,,
19172,-1,,,,-1,0,-1,1,[300],[25],[5000],,,[2],[200402],[17],,,2,999,2,999,-1,-1,,,,,
19173,-1,,,,-1,0,-1,1,[125],[25],,,,[250],[203033],,,,2,2,2,-1,-1,-1,,,,,
19174,-1,,,,-1,0,-1,1,[50],[500],,,,[404100004],[206],,,,2,2,2,-1,-1,-1,,,,,
19175,-1,,,,-1,0,-1,1,[3],[25],,,,[220005],[203030],,,,2,2,2,-1,-1,-1,,,,,
19176,-1,,,,-1,0,-1,1,[30],[30],,,,[203024],[203027],,,,2,2,2,-1,-1,-1,,,,,
19177,-1,,,,-1,0,-1,1,[300],[30],[10000],,,[2],[200402],[17],,,2,999,2,999,-1,-1,,,,,
19178,-1,,,,-1,0,-1,1,[150],[30],,,,[250],[203033],,,,2,2,2,-1,-1,-1,,,,,
19179,-1,,,,-1,0,-1,1,[60],[600],,,,[404100004],[206],,,,2,2,2,-1,-1,-1,,,,,
19180,-1,,,,-1,0,-1,1,[3],[30],,,,[220005],[203030],,,,2,2,2,-1,-1,-1,,,,,
10618,-1,,,,-1,0,-1,1,[500],[30],[10],[400],,[6],[404100004],[200402],[2],,2,999,2,2,999,-1,,,,,
10628,-1,,,,-1,0,-1,1,[500],[30],[10],[400],,[6],[404100004],[200402],[2],,2,999,2,2,999,-1,,,,,
10638,-1,,,,-1,0,-1,1,[500],[30],[10],[400],,[6],[404100004],[200402],[2],,2,999,2,2,999,-1,,,,,
10648,-1,,,,-1,0,-1,1,[500],[30],[10],[400],,[6],[404100004],[200402],[2],,2,999,2,2,999,-1,,,,,
10658,-1,,,,-1,0,-1,1,[500],[30],[10],[400],,[6],[404100004],[200402],[2],,2,999,2,2,999,-1,,,,,
10668,-1,,,,-1,0,-1,1,[500],[30],[10],[400],,[6],[404100004],[200402],[2],,2,999,2,2,999,-1,,,,,
10619,-1,,,,-1,0,-1,1,[200],[15],[5],[200],,[6],[404100004],[200402],[2],,2,999,2,2,999,-1,,,,,
10629,-1,,,,-1,0,-1,1,[200],[15],[5],[200],,[6],[404100004],[200402],[2],,2,999,2,2,999,-1,,,,,
10639,-1,,,,-1,0,-1,1,[200],[15],[5],[200],,[6],[404100004],[200402],[2],,2,999,2,2,999,-1,,,,,
10649,-1,,,,-1,0,-1,1,[200],[15],[5],[200],,[6],[404100004],[200402],[2],,2,999,2,2,999,-1,,,,,
10659,-1,,,,-1,0,-1,1,[200],[15],[5],[200],,[6],[404100004],[200402],[2],,2,999,2,2,999,-1,,,,,
10669,-1,,,,-1,0,-1,1,[200],[15],[5],[200],,[6],[404100004],[200402],[2],,2,999,2,2,999,-1,,,,,
26000,-1,,,,-1,-1,-1,1,[1800|1800],[600],,,,[4|5],[3],,,,2,999,999,-1,-1,-1,,,,,
26001,-1,,,,-1,-1,-1,1,[2500|2500],[300],[1],[8],[60],[4|5],[3],[250],[237],[206],2,999,999,2,2,2,,,,,
26006,-1,,,,-1,-1,-1,1,[6000|6000],[600],[1],[9],[60],[4|5],[3],[250],[237],[206],2,999,999,2,2,2,,,,,
26011,-1,,,,-1,-1,-1,1,[9300|9300],[800],[1],[9],[60],[4|5],[3],[250],[237],[206],2,999,999,2,2,2,,,,,
26016,-1,,,,-1,-1,-1,1,[17300|17300],[1500],[1],[10],[60],[4|5],[3],[250],[237],[206],2,999,999,2,2,2,,,,,
26021,-1,,,,-1,-1,-1,1,[20300|20300],[1800],[1],[11],[60],[4|5],[3],[250],[237],[206],2,999,999,2,2,2,,,,,
26026,-1,,,,-1,-1,-1,1,[28800|28800],[2400],[2],[11],[60],[4|5],[3],[250],[237],[206],2,999,999,2,2,2,,,,,
26031,-1,,,,-1,-1,-1,1,[37400|37400],[3000],[2],[12],[60],[4|5],[3],[250],[237],[206],2,999,999,2,2,2,,,,,
26036,-1,,,,-1,-1,-1,1,[49400|49400],[3900],[2],[12],[60],[4|5],[3],[250],[237],[206],2,999,999,2,2,2,,,,,
26041,-1,,,,-1,-1,-1,1,[61200|61200],[4600],[2],[13],[60],[4|5],[3],[250],[237],[206],2,999,999,2,2,2,,,,,
26046,-1,,,,-1,-1,-1,1,[77400|77400],[5400],[2],[14],[60],[4|5],[3],[250],[237],[206],2,999,999,2,2,2,,,,,
26051,-1,,,,-1,-1,-1,1,[93600|93600],[5800],[2],[14],[60],[4|5],[3],[250],[237],[206],2,999,999,2,2,2,,,,,
26056,-1,,,,-1,-1,-1,1,[114600|114600],[6400],[2],[14],[60],[4|5],[3],[250],[237],[206],2,999,999,2,2,2,,,,,
26061,-1,,,,-1,-1,-1,1,[135300|135300],[6900],[2],[15],[60],[4|5],[3],[250],[237],[206],2,999,999,2,2,2,,,,,
26066,-1,,,,-1,-1,-1,1,[162100|162100],[7600],[3],[15],[60],[4|5],[3],[250],[237],[206],2,999,999,2,2,2,,,,,
26071,-1,,,,-1,-1,-1,1,[176200|176200],[8000],[3],[16],[60],[4|5],[3],[250],[237],[206],2,999,999,2,2,2,,,,,
26002,-1,,,,-1,-1,-1,1,[3600|3600],[400],[1],[12],[70],[4|5],[3],[250],[237],[206],2,999,999,2,2,2,,,,,
26007,-1,,,,-1,-1,-1,1,[8400|8400],[900],[2],[13],[70],[4|5],[3],[250],[237],[206],2,999,999,2,2,2,,,,,
26012,-1,,,,-1,-1,-1,1,[13100|13100],[1100],[2],[13],[70],[4|5],[3],[250],[237],[206],2,999,999,2,2,2,,,,,
26017,-1,,,,-1,-1,-1,1,[24300|24300],[2100],[2],[15],[70],[4|5],[3],[250],[237],[206],2,999,999,2,2,2,,,,,
26022,-1,,,,-1,-1,-1,1,[28500|28500],[2400],[2],[15],[70],[4|5],[3],[250],[237],[206],2,999,999,2,2,2,,,,,
26027,-1,,,,-1,-1,-1,1,[40500|40500],[3400],[2],[16],[70],[4|5],[3],[250],[237],[206],2,999,999,2,2,2,,,,,
26032,-1,,,,-1,-1,-1,1,[52200|52200],[4100],[3],[17],[70],[4|5],[3],[250],[237],[206],2,999,999,2,2,2,,,,,
26037,-1,,,,-1,-1,-1,1,[69100|69100],[5400],[3],[18],[70],[4|5],[3],[250],[237],[206],2,999,999,2,2,2,,,,,
26042,-1,,,,-1,-1,-1,1,[85600|85600],[6500],[3],[18],[70],[4|5],[3],[250],[237],[206],2,999,999,2,2,2,,,,,
26047,-1,,,,-1,-1,-1,1,[108400|108400],[7600],[3],[19],[70],[4|5],[3],[250],[237],[206],2,999,999,2,2,2,,,,,
26052,-1,,,,-1,-1,-1,1,[131000|131000],[8100],[3],[20],[70],[4|5],[3],[250],[237],[206],2,999,999,2,2,2,,,,,
26057,-1,,,,-1,-1,-1,1,[160600|160600],[9000],[4],[20],[70],[4|5],[3],[250],[237],[206],2,999,999,2,2,2,,,,,
26062,-1,,,,-1,-1,-1,1,[189400|189400],[9600],[4],[21],[70],[4|5],[3],[250],[237],[206],2,999,999,2,2,2,,,,,
26067,-1,,,,-1,-1,-1,1,[227000|227000],[10600],[4],[22],[70],[4|5],[3],[250],[237],[206],2,999,999,2,2,2,,,,,
26072,-1,,,,-1,-1,-1,1,[246500|246500],[11100],[4],[22],[70],[4|5],[3],[250],[237],[206],2,999,999,2,2,2,,,,,
26003,-1,,,,-1,-1,-1,1,[4600|4600],[500],[1],[15],[80],[4|5],[3],[250],[237],[206],2,999,999,2,2,2,,,,,
26008,-1,,,,-1,-1,-1,1,[10800|10800],[1100],[2],[17],[80],[4|5],[3],[250],[237],[206],2,999,999,2,2,2,,,,,
26013,-1,,,,-1,-1,-1,1,[16700|16700],[1400],[2],[17],[80],[4|5],[3],[250],[237],[206],2,999,999,2,2,2,,,,,
26018,-1,,,,-1,-1,-1,1,[31200|31200],[2700],[3],[19],[80],[4|5],[3],[250],[237],[206],2,999,999,2,2,2,,,,,
26023,-1,,,,-1,-1,-1,1,[36500|36500],[3100],[3],[19],[80],[4|5],[3],[250],[237],[206],2,999,999,2,2,2,,,,,
26028,-1,,,,-1,-1,-1,1,[51900|51900],[4300],[3],[21],[80],[4|5],[3],[250],[237],[206],2,999,999,2,2,2,,,,,
26033,-1,,,,-1,-1,-1,1,[67100|67100],[5300],[4],[22],[80],[4|5],[3],[250],[237],[206],2,999,999,2,2,2,,,,,
26038,-1,,,,-1,-1,-1,1,[88700|88700],[6900],[4],[23],[80],[4|5],[3],[250],[237],[206],2,999,999,2,2,2,,,,,
26043,-1,,,,-1,-1,-1,1,[109900|109900],[8300],[4],[24],[80],[4|5],[3],[250],[237],[206],2,999,999,2,2,2,,,,,
26048,-1,,,,-1,-1,-1,1,[139500|139500],[9700],[4],[25],[80],[4|5],[3],[250],[237],[206],2,999,999,2,2,2,,,,,
26053,-1,,,,-1,-1,-1,1,[168200|168200],[10400],[4],[25],[80],[4|5],[3],[250],[237],[206],2,999,999,2,2,2,,,,,
26058,-1,,,,-1,-1,-1,1,[206400|206400],[11500],[5],[26],[80],[4|5],[3],[250],[237],[206],2,999,999,2,2,2,,,,,
26063,-1,,,,-1,-1,-1,1,[243500|243500],[12400],[5],[27],[80],[4|5],[3],[250],[237],[206],2,999,999,2,2,2,,,,,
26068,-1,,,,-1,-1,-1,1,[291600|291600],[13600],[5],[28],[80],[4|5],[3],[250],[237],[206],2,999,999,2,2,2,,,,,
26073,-1,,,,-1,-1,-1,1,[316900|316900],[14300],[5],[29],[80],[4|5],[3],[250],[237],[206],2,999,999,2,2,2,,,,,
26004,-1,,,,-1,-1,-1,1,[5600|5600],[600],[2],[19],[100],[4|5],[3],[250],[237],[206],2,999,999,2,2,2,,,,,
26009,-1,,,,-1,-1,-1,1,[13100|13100],[1300],[3],[21],[100],[4|5],[3],[250],[237],[206],2,999,999,2,2,2,,,,,
26014,-1,,,,-1,-1,-1,1,[20500|20500],[1700],[3],[21],[100],[4|5],[3],[250],[237],[206],2,999,999,2,2,2,,,,,
26019,-1,,,,-1,-1,-1,1,[38100|38100],[3300],[3],[23],[100],[4|5],[3],[250],[237],[206],2,999,999,2,2,2,,,,,
26024,-1,,,,-1,-1,-1,1,[44700|44700],[3800],[4],[24],[100],[4|5],[3],[250],[237],[206],2,999,999,2,2,2,,,,,
26029,-1,,,,-1,-1,-1,1,[63600|63600],[5300],[4],[26],[100],[4|5],[3],[250],[237],[206],2,999,999,2,2,2,,,,,
26034,-1,,,,-1,-1,-1,1,[81900|81900],[6500],[4],[27],[100],[4|5],[3],[250],[237],[206],2,999,999,2,2,2,,,,,
26039,-1,,,,-1,-1,-1,1,[108400|108400],[8400],[5],[28],[100],[4|5],[3],[250],[237],[206],2,999,999,2,2,2,,,,,
26044,-1,,,,-1,-1,-1,1,[134500|134500],[10200],[5],[29],[100],[4|5],[3],[250],[237],[206],2,999,999,2,2,2,,,,,
26049,-1,,,,-1,-1,-1,1,[170300|170300],[11900],[5],[31],[100],[4|5],[3],[250],[237],[206],2,999,999,2,2,2,,,,,
26054,-1,,,,-1,-1,-1,1,[205600|205600],[12700],[6],[31],[100],[4|5],[3],[250],[237],[206],2,999,999,2,2,2,,,,,
26059,-1,,,,-1,-1,-1,1,[252200|252200],[14100],[6],[32],[100],[4|5],[3],[250],[237],[206],2,999,999,2,2,2,,,,,
26064,-1,,,,-1,-1,-1,1,[297600|297600],[15100],[6],[33],[100],[4|5],[3],[250],[237],[206],2,999,999,2,2,2,,,,,
26069,-1,,,,-1,-1,-1,1,[356500|356500],[16600],[6],[34],[100],[4|5],[3],[250],[237],[206],2,999,999,2,2,2,,,,,
26074,-1,,,,-1,-1,-1,1,[387500|387500],[17500],[6],[35],[100],[4|5],[3],[250],[237],[206],2,999,999,2,2,2,,,,,
26005,-1,,,,-1,-1,-1,1,[6500|6500],[700],[2],[22],[120],[4|5],[3],[250],[237],[206],2,999,999,2,2,2,,,,,
26010,-1,,,,-1,-1,-1,1,[15500|15500],[1600],[3],[24],[120],[4|5],[3],[250],[237],[206],2,999,999,2,2,2,,,,,
26015,-1,,,,-1,-1,-1,1,[24100|24100],[2000],[3],[25],[120],[4|5],[3],[250],[237],[206],2,999,999,2,2,2,,,,,
26020,-1,,,,-1,-1,-1,1,[45000|45000],[3900],[4],[28],[120],[4|5],[3],[250],[237],[206],2,999,999,2,2,2,,,,,
26025,-1,,,,-1,-1,-1,1,[52800|52800],[4500],[4],[28],[120],[4|5],[3],[250],[237],[206],2,999,999,2,2,2,,,,,
26030,-1,,,,-1,-1,-1,1,[75000|75000],[6200],[5],[30],[120],[4|5],[3],[250],[237],[206],2,999,999,2,2,2,,,,,
26035,-1,,,,-1,-1,-1,1,[96900|96900],[7600],[5],[32],[120],[4|5],[3],[250],[237],[206],2,999,999,2,2,2,,,,,
26040,-1,,,,-1,-1,-1,1,[128200|128200],[10000],[6],[33],[120],[4|5],[3],[250],[237],[206],2,999,999,2,2,2,,,,,
26045,-1,,,,-1,-1,-1,1,[158900|158900],[12000],[6],[35],[120],[4|5],[3],[250],[237],[206],2,999,999,2,2,2,,,,,
26050,-1,,,,-1,-1,-1,1,[201300|201300],[14000],[7],[36],[120],[4|5],[3],[250],[237],[206],2,999,999,2,2,2,,,,,
26055,-1,,,,-1,-1,-1,1,[243100|243100],[15000],[7],[37],[120],[4|5],[3],[250],[237],[206],2,999,999,2,2,2,,,,,
26060,-1,,,,-1,-1,-1,1,[297900|297900],[16700],[7],[38],[120],[4|5],[3],[250],[237],[206],2,999,999,2,2,2,,,,,
26065,-1,,,,-1,-1,-1,1,[351800|351800],[17900],[7],[39],[120],[4|5],[3],[250],[237],[206],2,999,999,2,2,2,,,,,
26070,-1,,,,-1,-1,-1,1,[421500|421500],[19600],[7],[41],[120],[4|5],[3],[250],[237],[206],2,999,999,2,2,2,,,,,
26075,-1,,,,-1,-1,-1,1,[457900|457900],[20700],[8],[42],[120],[4|5],[3],[250],[237],[206],2,999,999,2,2,2,,,,,
26101,-1,,,,-1,-1,-1,1,[2500],[2500],[300],[60],,[4],[5],[3],[206],,2,999,999,999,2,-1,,,,,
26106,-1,,,,-1,-1,-1,1,[6000],[6000],[600],[60],,[4],[5],[3],[206],,2,999,999,999,2,-1,,,,,
26111,-1,,,,-1,-1,-1,1,[9300],[9300],[800],[60],,[4],[5],[3],[206],,2,999,999,999,2,-1,,,,,
26116,-1,,,,-1,-1,-1,1,[17300],[17300],[1500],[60],,[4],[5],[3],[206],,2,999,999,999,2,-1,,,,,
26121,-1,,,,-1,-1,-1,1,[20300],[20300],[1800],[60],,[4],[5],[3],[206],,2,999,999,999,2,-1,,,,,
26126,-1,,,,-1,-1,-1,1,[28800],[28800],[2400],[60],,[4],[5],[3],[206],,2,999,999,999,2,-1,,,,,
26131,-1,,,,-1,-1,-1,1,[37400],[37400],[3000],[60],,[4],[5],[3],[206],,2,999,999,999,2,-1,,,,,
26136,-1,,,,-1,-1,-1,1,[49400],[49400],[3900],[60],,[4],[5],[3],[206],,2,999,999,999,2,-1,,,,,
26141,-1,,,,-1,-1,-1,1,[61200],[61200],[4600],[60],,[4],[5],[3],[206],,2,999,999,999,2,-1,,,,,
26146,-1,,,,-1,-1,-1,1,[77400],[77400],[5400],[60],,[4],[5],[3],[206],,2,999,999,999,2,-1,,,,,
26151,-1,,,,-1,-1,-1,1,[93600],[93600],[5800],[60],,[4],[5],[3],[206],,2,999,999,999,2,-1,,,,,
26156,-1,,,,-1,-1,-1,1,[114600],[114600],[6400],[60],,[4],[5],[3],[206],,2,999,999,999,2,-1,,,,,
26161,-1,,,,-1,-1,-1,1,[135300],[135300],[6900],[60],,[4],[5],[3],[206],,2,999,999,999,2,-1,,,,,
26166,-1,,,,-1,-1,-1,1,[162100],[162100],[7600],[60],,[4],[5],[3],[206],,2,999,999,999,2,-1,,,,,
26171,-1,,,,-1,-1,-1,1,[176200],[176200],[8000],[60],,[4],[5],[3],[206],,2,999,999,999,2,-1,,,,,
26102,-1,,,,-1,-1,-1,1,[3600],[3600],[400],[70],,[4],[5],[3],[206],,2,999,999,999,2,-1,,,,,
26107,-1,,,,-1,-1,-1,1,[8400],[8400],[900],[70],,[4],[5],[3],[206],,2,999,999,999,2,-1,,,,,
26112,-1,,,,-1,-1,-1,1,[13100],[13100],[1100],[70],,[4],[5],[3],[206],,2,999,999,999,2,-1,,,,,
26117,-1,,,,-1,-1,-1,1,[24300],[24300],[2100],[70],,[4],[5],[3],[206],,2,999,999,999,2,-1,,,,,
26122,-1,,,,-1,-1,-1,1,[28500],[28500],[2400],[70],,[4],[5],[3],[206],,2,999,999,999,2,-1,,,,,
26127,-1,,,,-1,-1,-1,1,[40500],[40500],[3400],[70],,[4],[5],[3],[206],,2,999,999,999,2,-1,,,,,
26132,-1,,,,-1,-1,-1,1,[52200],[52200],[4100],[70],,[4],[5],[3],[206],,2,999,999,999,2,-1,,,,,
26137,-1,,,,-1,-1,-1,1,[69100],[69100],[5400],[70],,[4],[5],[3],[206],,2,999,999,999,2,-1,,,,,
26142,-1,,,,-1,-1,-1,1,[85600],[85600],[6500],[70],,[4],[5],[3],[206],,2,999,999,999,2,-1,,,,,
26147,-1,,,,-1,-1,-1,1,[108400],[108400],[7600],[70],,[4],[5],[3],[206],,2,999,999,999,2,-1,,,,,
26152,-1,,,,-1,-1,-1,1,[131000],[131000],[8100],[70],,[4],[5],[3],[206],,2,999,999,999,2,-1,,,,,
26157,-1,,,,-1,-1,-1,1,[160600],[160600],[9000],[70],,[4],[5],[3],[206],,2,999,999,999,2,-1,,,,,
26162,-1,,,,-1,-1,-1,1,[189400],[189400],[9600],[70],,[4],[5],[3],[206],,2,999,999,999,2,-1,,,,,
26167,-1,,,,-1,-1,-1,1,[227000],[227000],[10600],[70],,[4],[5],[3],[206],,2,999,999,999,2,-1,,,,,
26172,-1,,,,-1,-1,-1,1,[246500],[246500],[11100],[70],,[4],[5],[3],[206],,2,999,999,999,2,-1,,,,,
26103,-1,,,,-1,-1,-1,1,[4600],[4600],[500],[80],,[4],[5],[3],[206],,2,999,999,999,2,-1,,,,,
26108,-1,,,,-1,-1,-1,1,[10800],[10800],[1100],[80],,[4],[5],[3],[206],,2,999,999,999,2,-1,,,,,
26113,-1,,,,-1,-1,-1,1,[16700],[16700],[1400],[80],,[4],[5],[3],[206],,2,999,999,999,2,-1,,,,,
26118,-1,,,,-1,-1,-1,1,[31200],[31200],[2700],[80],,[4],[5],[3],[206],,2,999,999,999,2,-1,,,,,
26123,-1,,,,-1,-1,-1,1,[36500],[36500],[3100],[80],,[4],[5],[3],[206],,2,999,999,999,2,-1,,,,,
26128,-1,,,,-1,-1,-1,1,[51900],[51900],[4300],[80],,[4],[5],[3],[206],,2,999,999,999,2,-1,,,,,
26133,-1,,,,-1,-1,-1,1,[67100],[67100],[5300],[80],,[4],[5],[3],[206],,2,999,999,999,2,-1,,,,,
26138,-1,,,,-1,-1,-1,1,[88700],[88700],[6900],[80],,[4],[5],[3],[206],,2,999,999,999,2,-1,,,,,
26143,-1,,,,-1,-1,-1,1,[109900],[109900],[8300],[80],,[4],[5],[3],[206],,2,999,999,999,2,-1,,,,,
26148,-1,,,,-1,-1,-1,1,[139500],[139500],[9700],[80],,[4],[5],[3],[206],,2,999,999,999,2,-1,,,,,
26153,-1,,,,-1,-1,-1,1,[168200],[168200],[10400],[80],,[4],[5],[3],[206],,2,999,999,999,2,-1,,,,,
26158,-1,,,,-1,-1,-1,1,[206400],[206400],[11500],[80],,[4],[5],[3],[206],,2,999,999,999,2,-1,,,,,
26163,-1,,,,-1,-1,-1,1,[243500],[243500],[12400],[80],,[4],[5],[3],[206],,2,999,999,999,2,-1,,,,,
26168,-1,,,,-1,-1,-1,1,[291600],[291600],[13600],[80],,[4],[5],[3],[206],,2,999,999,999,2,-1,,,,,
26173,-1,,,,-1,-1,-1,1,[316900],[316900],[14300],[80],,[4],[5],[3],[206],,2,999,999,999,2,-1,,,,,
26104,-1,,,,-1,-1,-1,1,[5600],[5600],[600],[100],,[4],[5],[3],[206],,2,999,999,999,2,-1,,,,,
26109,-1,,,,-1,-1,-1,1,[13100],[13100],[1300],[100],,[4],[5],[3],[206],,2,999,999,999,2,-1,,,,,
26114,-1,,,,-1,-1,-1,1,[20500],[20500],[1700],[100],,[4],[5],[3],[206],,2,999,999,999,2,-1,,,,,
26119,-1,,,,-1,-1,-1,1,[38100],[38100],[3300],[100],,[4],[5],[3],[206],,2,999,999,999,2,-1,,,,,
26124,-1,,,,-1,-1,-1,1,[44700],[44700],[3800],[100],,[4],[5],[3],[206],,2,999,999,999,2,-1,,,,,
26129,-1,,,,-1,-1,-1,1,[63600],[63600],[5300],[100],,[4],[5],[3],[206],,2,999,999,999,2,-1,,,,,
26134,-1,,,,-1,-1,-1,1,[81900],[81900],[6500],[100],,[4],[5],[3],[206],,2,999,999,999,2,-1,,,,,
26139,-1,,,,-1,-1,-1,1,[108400],[108400],[8400],[100],,[4],[5],[3],[206],,2,999,999,999,2,-1,,,,,
26144,-1,,,,-1,-1,-1,1,[134500],[134500],[10200],[100],,[4],[5],[3],[206],,2,999,999,999,2,-1,,,,,
26149,-1,,,,-1,-1,-1,1,[170300],[170300],[11900],[100],,[4],[5],[3],[206],,2,999,999,999,2,-1,,,,,
26154,-1,,,,-1,-1,-1,1,[205600],[205600],[12700],[100],,[4],[5],[3],[206],,2,999,999,999,2,-1,,,,,
26159,-1,,,,-1,-1,-1,1,[252200],[252200],[14100],[100],,[4],[5],[3],[206],,2,999,999,999,2,-1,,,,,
26164,-1,,,,-1,-1,-1,1,[297600],[297600],[15100],[100],,[4],[5],[3],[206],,2,999,999,999,2,-1,,,,,
26169,-1,,,,-1,-1,-1,1,[356500],[356500],[16600],[100],,[4],[5],[3],[206],,2,999,999,999,2,-1,,,,,
26174,-1,,,,-1,-1,-1,1,[387500],[387500],[17500],[100],,[4],[5],[3],[206],,2,999,999,999,2,-1,,,,,
26105,-1,,,,-1,-1,-1,1,[6500],[6500],[700],[120],,[4],[5],[3],[206],,2,999,999,999,2,-1,,,,,
26110,-1,,,,-1,-1,-1,1,[15500],[15500],[1600],[120],,[4],[5],[3],[206],,2,999,999,999,2,-1,,,,,
26115,-1,,,,-1,-1,-1,1,[24100],[24100],[2000],[120],,[4],[5],[3],[206],,2,999,999,999,2,-1,,,,,
26120,-1,,,,-1,-1,-1,1,[45000],[45000],[3900],[120],,[4],[5],[3],[206],,2,999,999,999,2,-1,,,,,
26125,-1,,,,-1,-1,-1,1,[52800],[52800],[4500],[120],,[4],[5],[3],[206],,2,999,999,999,2,-1,,,,,
26130,-1,,,,-1,-1,-1,1,[75000],[75000],[6200],[120],,[4],[5],[3],[206],,2,999,999,999,2,-1,,,,,
26135,-1,,,,-1,-1,-1,1,[96900],[96900],[7600],[120],,[4],[5],[3],[206],,2,999,999,999,2,-1,,,,,
26140,-1,,,,-1,-1,-1,1,[128200],[128200],[10000],[120],,[4],[5],[3],[206],,2,999,999,999,2,-1,,,,,
26145,-1,,,,-1,-1,-1,1,[158900],[158900],[12000],[120],,[4],[5],[3],[206],,2,999,999,999,2,-1,,,,,
26150,-1,,,,-1,-1,-1,1,[201300],[201300],[14000],[120],,[4],[5],[3],[206],,2,999,999,999,2,-1,,,,,
26155,-1,,,,-1,-1,-1,1,[243100],[243100],[15000],[120],,[4],[5],[3],[206],,2,999,999,999,2,-1,,,,,
26160,-1,,,,-1,-1,-1,1,[297900],[297900],[16700],[120],,[4],[5],[3],[206],,2,999,999,999,2,-1,,,,,
26165,-1,,,,-1,-1,-1,1,[351800],[351800],[17900],[120],,[4],[5],[3],[206],,2,999,999,999,2,-1,,,,,
26170,-1,,,,-1,-1,-1,1,[421500],[421500],[19600],[120],,[4],[5],[3],[206],,2,999,999,999,2,-1,,,,,
26175,-1,,,,-1,-1,-1,1,[457900],[457900],[20700],[120],,[4],[5],[3],[206],,2,999,999,999,2,-1,,,,,
26300,-1,,,,-1,-1,-1,1,[1800],[1800],[600],,,[4],[5],[3],,,2,999,999,999,-1,-1,,,,,
26301,-1,,,,-1,-1,-1,1,[2500],[2500],[300],[1],[8],[4],[5],[3],[250],[237],2,999,999,999,2,2,,,,,
26306,-1,,,,-1,-1,-1,1,[6000],[6000],[600],[1],[9],[4],[5],[3],[250],[237],2,999,999,999,2,2,,,,,
26311,-1,,,,-1,-1,-1,1,[9300],[9300],[800],[1],[9],[4],[5],[3],[250],[237],2,999,999,999,2,2,,,,,
26316,-1,,,,-1,-1,-1,1,[17300],[17300],[1500],[1],[10],[4],[5],[3],[250],[237],2,999,999,999,2,2,,,,,
26321,-1,,,,-1,-1,-1,1,[20300],[20300],[1800],[1],[11],[4],[5],[3],[250],[237],2,999,999,999,2,2,,,,,
26326,-1,,,,-1,-1,-1,1,[28800],[28800],[2400],[2],[11],[4],[5],[3],[250],[237],2,999,999,999,2,2,,,,,
26331,-1,,,,-1,-1,-1,1,[37400],[37400],[3000],[2],[12],[4],[5],[3],[250],[237],2,999,999,999,2,2,,,,,
26336,-1,,,,-1,-1,-1,1,[49400],[49400],[3900],[2],[12],[4],[5],[3],[250],[237],2,999,999,999,2,2,,,,,
26341,-1,,,,-1,-1,-1,1,[61200],[61200],[4600],[2],[13],[4],[5],[3],[250],[237],2,999,999,999,2,2,,,,,
26346,-1,,,,-1,-1,-1,1,[77400],[77400],[5400],[2],[14],[4],[5],[3],[250],[237],2,999,999,999,2,2,,,,,
26351,-1,,,,-1,-1,-1,1,[93600],[93600],[5800],[2],[14],[4],[5],[3],[250],[237],2,999,999,999,2,2,,,,,
26356,-1,,,,-1,-1,-1,1,[114600],[114600],[6400],[2],[14],[4],[5],[3],[250],[237],2,999,999,999,2,2,,,,,
26361,-1,,,,-1,-1,-1,1,[135300],[135300],[6900],[2],[15],[4],[5],[3],[250],[237],2,999,999,999,2,2,,,,,
26366,-1,,,,-1,-1,-1,1,[162100],[162100],[7600],[3],[15],[4],[5],[3],[250],[237],2,999,999,999,2,2,,,,,
26371,-1,,,,-1,-1,-1,1,[176200],[176200],[8000],[3],[16],[4],[5],[3],[250],[237],2,999,999,999,2,2,,,,,
26302,-1,,,,-1,-1,-1,1,[3600],[3600],[400],[1],[12],[4],[5],[3],[250],[237],2,999,999,999,2,2,,,,,
26307,-1,,,,-1,-1,-1,1,[8400],[8400],[900],[2],[13],[4],[5],[3],[250],[237],2,999,999,999,2,2,,,,,
26312,-1,,,,-1,-1,-1,1,[13100],[13100],[1100],[2],[13],[4],[5],[3],[250],[237],2,999,999,999,2,2,,,,,
26317,-1,,,,-1,-1,-1,1,[24300],[24300],[2100],[2],[15],[4],[5],[3],[250],[237],2,999,999,999,2,2,,,,,
26322,-1,,,,-1,-1,-1,1,[28500],[28500],[2400],[2],[15],[4],[5],[3],[250],[237],2,999,999,999,2,2,,,,,
26327,-1,,,,-1,-1,-1,1,[40500],[40500],[3400],[2],[16],[4],[5],[3],[250],[237],2,999,999,999,2,2,,,,,
26332,-1,,,,-1,-1,-1,1,[52200],[52200],[4100],[3],[17],[4],[5],[3],[250],[237],2,999,999,999,2,2,,,,,
26337,-1,,,,-1,-1,-1,1,[69100],[69100],[5400],[3],[18],[4],[5],[3],[250],[237],2,999,999,999,2,2,,,,,
26342,-1,,,,-1,-1,-1,1,[85600],[85600],[6500],[3],[18],[4],[5],[3],[250],[237],2,999,999,999,2,2,,,,,
26347,-1,,,,-1,-1,-1,1,[108400],[108400],[7600],[3],[19],[4],[5],[3],[250],[237],2,999,999,999,2,2,,,,,
26352,-1,,,,-1,-1,-1,1,[131000],[131000],[8100],[3],[20],[4],[5],[3],[250],[237],2,999,999,999,2,2,,,,,
26357,-1,,,,-1,-1,-1,1,[160600],[160600],[9000],[4],[20],[4],[5],[3],[250],[237],2,999,999,999,2,2,,,,,
26362,-1,,,,-1,-1,-1,1,[189400],[189400],[9600],[4],[21],[4],[5],[3],[250],[237],2,999,999,999,2,2,,,,,
26367,-1,,,,-1,-1,-1,1,[227000],[227000],[10600],[4],[22],[4],[5],[3],[250],[237],2,999,999,999,2,2,,,,,
26372,-1,,,,-1,-1,-1,1,[246500],[246500],[11100],[4],[22],[4],[5],[3],[250],[237],2,999,999,999,2,2,,,,,
26303,-1,,,,-1,-1,-1,1,[4600],[4600],[500],[1],[15],[4],[5],[3],[250],[237],2,999,999,999,2,2,,,,,
26308,-1,,,,-1,-1,-1,1,[10800],[10800],[1100],[2],[17],[4],[5],[3],[250],[237],2,999,999,999,2,2,,,,,
26313,-1,,,,-1,-1,-1,1,[16700],[16700],[1400],[2],[17],[4],[5],[3],[250],[237],2,999,999,999,2,2,,,,,
26318,-1,,,,-1,-1,-1,1,[31200],[31200],[2700],[3],[19],[4],[5],[3],[250],[237],2,999,999,999,2,2,,,,,
26323,-1,,,,-1,-1,-1,1,[36500],[36500],[3100],[3],[19],[4],[5],[3],[250],[237],2,999,999,999,2,2,,,,,
26328,-1,,,,-1,-1,-1,1,[51900],[51900],[4300],[3],[21],[4],[5],[3],[250],[237],2,999,999,999,2,2,,,,,
26333,-1,,,,-1,-1,-1,1,[67100],[67100],[5300],[4],[22],[4],[5],[3],[250],[237],2,999,999,999,2,2,,,,,
26338,-1,,,,-1,-1,-1,1,[88700],[88700],[6900],[4],[23],[4],[5],[3],[250],[237],2,999,999,999,2,2,,,,,
26343,-1,,,,-1,-1,-1,1,[109900],[109900],[8300],[4],[24],[4],[5],[3],[250],[237],2,999,999,999,2,2,,,,,
26348,-1,,,,-1,-1,-1,1,[139500],[139500],[9700],[4],[25],[4],[5],[3],[250],[237],2,999,999,999,2,2,,,,,
26353,-1,,,,-1,-1,-1,1,[168200],[168200],[10400],[4],[25],[4],[5],[3],[250],[237],2,999,999,999,2,2,,,,,
26358,-1,,,,-1,-1,-1,1,[206400],[206400],[11500],[5],[26],[4],[5],[3],[250],[237],2,999,999,999,2,2,,,,,
26363,-1,,,,-1,-1,-1,1,[243500],[243500],[12400],[5],[27],[4],[5],[3],[250],[237],2,999,999,999,2,2,,,,,
26368,-1,,,,-1,-1,-1,1,[291600],[291600],[13600],[5],[28],[4],[5],[3],[250],[237],2,999,999,999,2,2,,,,,
26373,-1,,,,-1,-1,-1,1,[316900],[316900],[14300],[5],[29],[4],[5],[3],[250],[237],2,999,999,999,2,2,,,,,
26304,-1,,,,-1,-1,-1,1,[5600],[5600],[600],[2],[19],[4],[5],[3],[250],[237],2,999,999,999,2,2,,,,,
26309,-1,,,,-1,-1,-1,1,[13100],[13100],[1300],[3],[21],[4],[5],[3],[250],[237],2,999,999,999,2,2,,,,,
26314,-1,,,,-1,-1,-1,1,[20500],[20500],[1700],[3],[21],[4],[5],[3],[250],[237],2,999,999,999,2,2,,,,,
26319,-1,,,,-1,-1,-1,1,[38100],[38100],[3300],[3],[23],[4],[5],[3],[250],[237],2,999,999,999,2,2,,,,,
26324,-1,,,,-1,-1,-1,1,[44700],[44700],[3800],[4],[24],[4],[5],[3],[250],[237],2,999,999,999,2,2,,,,,
26329,-1,,,,-1,-1,-1,1,[63600],[63600],[5300],[4],[26],[4],[5],[3],[250],[237],2,999,999,999,2,2,,,,,
26334,-1,,,,-1,-1,-1,1,[81900],[81900],[6500],[4],[27],[4],[5],[3],[250],[237],2,999,999,999,2,2,,,,,
26339,-1,,,,-1,-1,-1,1,[108400],[108400],[8400],[5],[28],[4],[5],[3],[250],[237],2,999,999,999,2,2,,,,,
26344,-1,,,,-1,-1,-1,1,[134500],[134500],[10200],[5],[29],[4],[5],[3],[250],[237],2,999,999,999,2,2,,,,,
26349,-1,,,,-1,-1,-1,1,[170300],[170300],[11900],[5],[31],[4],[5],[3],[250],[237],2,999,999,999,2,2,,,,,
26354,-1,,,,-1,-1,-1,1,[205600],[205600],[12700],[6],[31],[4],[5],[3],[250],[237],2,999,999,999,2,2,,,,,
26359,-1,,,,-1,-1,-1,1,[252200],[252200],[14100],[6],[32],[4],[5],[3],[250],[237],2,999,999,999,2,2,,,,,
26364,-1,,,,-1,-1,-1,1,[297600],[297600],[15100],[6],[33],[4],[5],[3],[250],[237],2,999,999,999,2,2,,,,,
26369,-1,,,,-1,-1,-1,1,[356500],[356500],[16600],[6],[34],[4],[5],[3],[250],[237],2,999,999,999,2,2,,,,,
26374,-1,,,,-1,-1,-1,1,[387500],[387500],[17500],[6],[35],[4],[5],[3],[250],[237],2,999,999,999,2,2,,,,,
26305,-1,,,,-1,-1,-1,1,[6500],[6500],[700],[2],[22],[4],[5],[3],[250],[237],2,999,999,999,2,2,,,,,
26310,-1,,,,-1,-1,-1,1,[15500],[15500],[1600],[3],[24],[4],[5],[3],[250],[237],2,999,999,999,2,2,,,,,
26315,-1,,,,-1,-1,-1,1,[24100],[24100],[2000],[3],[25],[4],[5],[3],[250],[237],2,999,999,999,2,2,,,,,
26320,-1,,,,-1,-1,-1,1,[45000],[45000],[3900],[4],[28],[4],[5],[3],[250],[237],2,999,999,999,2,2,,,,,
26325,-1,,,,-1,-1,-1,1,[52800],[52800],[4500],[4],[28],[4],[5],[3],[250],[237],2,999,999,999,2,2,,,,,
26330,-1,,,,-1,-1,-1,1,[75000],[75000],[6200],[5],[30],[4],[5],[3],[250],[237],2,999,999,999,2,2,,,,,
26335,-1,,,,-1,-1,-1,1,[96900],[96900],[7600],[5],[32],[4],[5],[3],[250],[237],2,999,999,999,2,2,,,,,
26340,-1,,,,-1,-1,-1,1,[128200],[128200],[10000],[6],[33],[4],[5],[3],[250],[237],2,999,999,999,2,2,,,,,
26345,-1,,,,-1,-1,-1,1,[158900],[158900],[12000],[6],[35],[4],[5],[3],[250],[237],2,999,999,999,2,2,,,,,
26350,-1,,,,-1,-1,-1,1,[201300],[201300],[14000],[7],[36],[4],[5],[3],[250],[237],2,999,999,999,2,2,,,,,
26355,-1,,,,-1,-1,-1,1,[243100],[243100],[15000],[7],[37],[4],[5],[3],[250],[237],2,999,999,999,2,2,,,,,
26360,-1,,,,-1,-1,-1,1,[297900],[297900],[16700],[7],[38],[4],[5],[3],[250],[237],2,999,999,999,2,2,,,,,
26365,-1,,,,-1,-1,-1,1,[351800],[351800],[17900],[7],[39],[4],[5],[3],[250],[237],2,999,999,999,2,2,,,,,
26370,-1,,,,-1,-1,-1,1,[421500],[421500],[19600],[7],[41],[4],[5],[3],[250],[237],2,999,999,999,2,2,,,,,
26375,-1,,,,-1,-1,-1,1,[457900],[457900],[20700],[8],[42],[4],[5],[3],[250],[237],2,999,999,999,2,2,,,,,
26600,-1,,,,-1,-1,-1,1,[1800|1800],[600],,,,[4|5],[3],,,,2,999,999,-1,-1,-1,,,,,
26601,-1,,,,-1,-1,-1,1,[2500|2500],[300],[4400],,[60],[4|5],[3],[6],,[206],2,999,999,999,-1,2,,,,,
26606,-1,,,,-1,-1,-1,1,[6000|6000],[600],[9700],,[60],[4|5],[3],[6],,[206],2,999,999,999,-1,2,,,,,
26611,-1,,,,-1,-1,-1,1,[9300|9300],[800],[14100],,[60],[4|5],[3],[6],,[206],2,999,999,999,-1,2,,,,,
26616,-1,,,,-1,-1,-1,1,[17300|17300],[1500],[25800],,[60],[4|5],[3],[6],,[206],2,999,999,999,-1,2,,,,,
26621,-1,,,,-1,-1,-1,1,[20300|20300],[1800],[29800],,[60],[4|5],[3],[6],,[206],2,999,999,999,-1,2,,,,,
26626,-1,,,,-1,-1,-1,1,[28800|28800],[2400],[40600],,[60],[4|5],[3],[6],,[206],2,999,999,999,-1,2,,,,,
26631,-1,,,,-1,-1,-1,1,[37400|37400],[3000],[51500],,[60],[4|5],[3],[6],,[206],2,999,999,999,-1,2,,,,,
26636,-1,,,,-1,-1,-1,1,[49400|49400],[3900],[62400],,[60],[4|5],[3],[6],,[206],2,999,999,999,-1,2,,,,,
26641,-1,,,,-1,-1,-1,1,[61200|61200],[4600],[75300],,[60],[4|5],[3],[6],,[206],2,999,999,999,-1,2,,,,,
26646,-1,,,,-1,-1,-1,1,[77400|77400],[5400],[87000],,[60],[4|5],[3],[6],,[206],2,999,999,999,-1,2,,,,,
26651,-1,,,,-1,-1,-1,1,[93600|93600],[5800],[93600],,[60],[4|5],[3],[6],,[206],2,999,999,999,-1,2,,,,,
26656,-1,,,,-1,-1,-1,1,[114600|114600],[6400],[105900],,[60],[4|5],[3],[6],,[206],2,999,999,999,-1,2,,,,,
26661,-1,,,,-1,-1,-1,1,[135300|135300],[6900],[111700],,[60],[4|5],[3],[6],,[206],2,999,999,999,-1,2,,,,,
26666,-1,,,,-1,-1,-1,1,[162100|162100],[7600],[120600],,[60],[4|5],[3],[6],,[206],2,999,999,999,-1,2,,,,,
26671,-1,,,,-1,-1,-1,1,[176200|176200],[8000],[126300],,[60],[4|5],[3],[6],,[206],2,999,999,999,-1,2,,,,,
26602,-1,,,,-1,-1,-1,1,[3600|3600],[400],[6100],,[70],[4|5],[3],[6],,[206],2,999,999,999,-1,2,,,,,
26607,-1,,,,-1,-1,-1,1,[8400|8400],[900],[13500],,[70],[4|5],[3],[6],,[206],2,999,999,999,-1,2,,,,,
26612,-1,,,,-1,-1,-1,1,[13100|13100],[1100],[19800],,[70],[4|5],[3],[6],,[206],2,999,999,999,-1,2,,,,,
26617,-1,,,,-1,-1,-1,1,[24300|24300],[2100],[36100],,[70],[4|5],[3],[6],,[206],2,999,999,999,-1,2,,,,,
26622,-1,,,,-1,-1,-1,1,[28500|28500],[2400],[41700],,[70],[4|5],[3],[6],,[206],2,999,999,999,-1,2,,,,,
26627,-1,,,,-1,-1,-1,1,[40500|40500],[3400],[56800],,[70],[4|5],[3],[6],,[206],2,999,999,999,-1,2,,,,,
26632,-1,,,,-1,-1,-1,1,[52200|52200],[4100],[72000],,[70],[4|5],[3],[6],,[206],2,999,999,999,-1,2,,,,,
26637,-1,,,,-1,-1,-1,1,[69100|69100],[5400],[87300],,[70],[4|5],[3],[6],,[206],2,999,999,999,-1,2,,,,,
26642,-1,,,,-1,-1,-1,1,[85600|85600],[6500],[105400],,[70],[4|5],[3],[6],,[206],2,999,999,999,-1,2,,,,,
26647,-1,,,,-1,-1,-1,1,[108400|108400],[7600],[121700],[1],[70],[4|5],[3],[6],[220201],[206],2,999,999,999,2,2,,,,,
26652,-1,,,,-1,-1,-1,1,[131000|131000],[8100],[131000],[1],[70],[4|5],[3],[6],[220201],[206],2,999,999,999,2,2,,,,,
26657,-1,,,,-1,-1,-1,1,[160600|160600],[9000],[148300],[1],[70],[4|5],[3],[6],[220201],[206],2,999,999,999,2,2,,,,,
26662,-1,,,,-1,-1,-1,1,[189400|189400],[9600],[156300],[2],[70],[4|5],[3],[6],[220201],[206],2,999,999,999,2,2,,,,,
26667,-1,,,,-1,-1,-1,1,[227000|227000],[10600],[168800],[2],[70],[4|5],[3],[6],[220201],[206],2,999,999,999,2,2,,,,,
26672,-1,,,,-1,-1,-1,1,[246500|246500],[11100],[176800],[3],[70],[4|5],[3],[6],[220201],[206],2,999,999,999,2,2,,,,,
26603,-1,,,,-1,-1,-1,1,[4600|4600],[500],[7800],,[80],[4|5],[3],[6],,[206],2,999,999,999,-1,2,,,,,
26608,-1,,,,-1,-1,-1,1,[10800|10800],[1100],[17400],,[80],[4|5],[3],[6],,[206],2,999,999,999,-1,2,,,,,
26613,-1,,,,-1,-1,-1,1,[16700|16700],[1400],[25400],,[80],[4|5],[3],[6],,[206],2,999,999,999,-1,2,,,,,
26618,-1,,,,-1,-1,-1,1,[31200|31200],[2700],[46500],,[80],[4|5],[3],[6],,[206],2,999,999,999,-1,2,,,,,
26623,-1,,,,-1,-1,-1,1,[36500|36500],[3100],[53600],,[80],[4|5],[3],[6],,[206],2,999,999,999,-1,2,,,,,
26628,-1,,,,-1,-1,-1,1,[51900|51900],[4300],[73000],,[80],[4|5],[3],[6],,[206],2,999,999,999,-1,2,,,,,
26633,-1,,,,-1,-1,-1,1,[67100|67100],[5300],[92600],,[80],[4|5],[3],[6],,[206],2,999,999,999,-1,2,,,,,
26638,-1,,,,-1,-1,-1,1,[88700|88700],[6900],[112200],[1],[80],[4|5],[3],[6],[220201],[206],2,999,999,999,2,2,,,,,
26643,-1,,,,-1,-1,-1,1,[109900|109900],[8300],[135500],[1],[80],[4|5],[3],[6],[220201],[206],2,999,999,999,2,2,,,,,
26648,-1,,,,-1,-1,-1,1,[139500|139500],[9700],[156500],[2],[80],[4|5],[3],[6],[220201],[206],2,999,999,999,2,2,,,,,
26653,-1,,,,-1,-1,-1,1,[168200|168200],[10400],[168400],[2],[80],[4|5],[3],[6],[220201],[206],2,999,999,999,2,2,,,,,
26658,-1,,,,-1,-1,-1,1,[206400|206400],[11500],[190700],[2],[80],[4|5],[3],[6],[220201],[206],2,999,999,999,2,2,,,,,
26663,-1,,,,-1,-1,-1,1,[243500|243500],[12400],[201000],[3],[80],[4|5],[3],[6],[220201],[206],2,999,999,999,2,2,,,,,
26668,-1,,,,-1,-1,-1,1,[291600|291600],[13600],[217000],[3],[80],[4|5],[3],[6],[220201],[206],2,999,999,999,2,2,,,,,
26673,-1,,,,-1,-1,-1,1,[316900|316900],[14300],[227300],[1],[80],[4|5],[3],[6],[220202],[206],2,999,999,999,2,2,,,,,
26604,-1,,,,-1,-1,-1,1,[5600|5600],[600],[9500],,[100],[4|5],[3],[6],,[206],2,999,999,999,-1,2,,,,,
26609,-1,,,,-1,-1,-1,1,[13100|13100],[1300],[21300],,[100],[4|5],[3],[6],,[206],2,999,999,999,-1,2,,,,,
26614,-1,,,,-1,-1,-1,1,[20500|20500],[1700],[31000],,[100],[4|5],[3],[6],,[206],2,999,999,999,-1,2,,,,,
26619,-1,,,,-1,-1,-1,1,[38100|38100],[3300],[56800],,[100],[4|5],[3],[6],,[206],2,999,999,999,-1,2,,,,,
26624,-1,,,,-1,-1,-1,1,[44700|44700],[3800],[65500],,[100],[4|5],[3],[6],,[206],2,999,999,999,-1,2,,,,,
26629,-1,,,,-1,-1,-1,1,[63600|63600],[5300],[89200],[1],[100],[4|5],[3],[6],[220201],[206],2,999,999,999,2,2,,,,,
26634,-1,,,,-1,-1,-1,1,[81900|81900],[6500],[113200],[1],[100],[4|5],[3],[6],[220201],[206],2,999,999,999,2,2,,,,,
26639,-1,,,,-1,-1,-1,1,[108400|108400],[8400],[137100],[2],[100],[4|5],[3],[6],[220201],[206],2,999,999,999,2,2,,,,,
26644,-1,,,,-1,-1,-1,1,[134500|134500],[10200],[165600],[2],[100],[4|5],[3],[6],[220201],[206],2,999,999,999,2,2,,,,,
26649,-1,,,,-1,-1,-1,1,[170300|170300],[11900],[191300],[3],[100],[4|5],[3],[6],[220201],[206],2,999,999,999,2,2,,,,,
26654,-1,,,,-1,-1,-1,1,[205600|205600],[12700],[205800],[1],[100],[4|5],[3],[6],[220202],[206],2,999,999,999,2,2,,,,,
26659,-1,,,,-1,-1,-1,1,[252200|252200],[14100],[233000],[1],[100],[4|5],[3],[6],[220202],[206],2,999,999,999,2,2,,,,,
26664,-1,,,,-1,-1,-1,1,[297600|297600],[15100],[245600],[2],[100],[4|5],[3],[6],[220202],[206],2,999,999,999,2,2,,,,,
26669,-1,,,,-1,-1,-1,1,[356500|356500],[16600],[265200],[2],[100],[4|5],[3],[6],[220202],[206],2,999,999,999,2,2,,,,,
26674,-1,,,,-1,-1,-1,1,[387500|387500],[17500],[277800],[2],[100],[4|5],[3],[6],[220202],[206],2,999,999,999,2,2,,,,,
26605,-1,,,,-1,-1,-1,1,[6500|6500],[700],[11200],,[120],[4|5],[3],[6],,[206],2,999,999,999,-1,2,,,,,
26610,-1,,,,-1,-1,-1,1,[15500|15500],[1600],[25100],,[120],[4|5],[3],[6],,[206],2,999,999,999,-1,2,,,,,
26615,-1,,,,-1,-1,-1,1,[24100|24100],[2000],[36700],,[120],[4|5],[3],[6],,[206],2,999,999,999,-1,2,,,,,
26620,-1,,,,-1,-1,-1,1,[45000|45000],[3900],[67100],,[120],[4|5],[3],[6],,[206],2,999,999,999,-1,2,,,,,
26625,-1,,,,-1,-1,-1,1,[52800|52800],[4500],[77400],[1],[120],[4|5],[3],[6],[220201],[206],2,999,999,999,2,2,,,,,
26630,-1,,,,-1,-1,-1,1,[75000|75000],[6200],[105400],[2],[120],[4|5],[3],[6],[220201],[206],2,999,999,999,2,2,,,,,
26635,-1,,,,-1,-1,-1,1,[96900|96900],[7600],[133700],[2],[120],[4|5],[3],[6],[220201],[206],2,999,999,999,2,2,,,,,
26640,-1,,,,-1,-1,-1,1,[128200|128200],[10000],[162100],[3],[120],[4|5],[3],[6],[220201],[206],2,999,999,999,2,2,,,,,
26645,-1,,,,-1,-1,-1,1,[158900|158900],[12000],[195700],[3],[120],[4|5],[3],[6],[220201],[206],2,999,999,999,2,2,,,,,
26650,-1,,,,-1,-1,-1,1,[201300|201300],[14000],[226000],[1],[120],[4|5],[3],[6],[220202],[206],2,999,999,999,2,2,,,,,
26655,-1,,,,-1,-1,-1,1,[243100|243100],[15000],[243200],[1],[120],[4|5],[3],[6],[220202],[206],2,999,999,999,2,2,,,,,
26660,-1,,,,-1,-1,-1,1,[297900|297900],[16700],[275400],[2],[120],[4|5],[3],[6],[220202],[206],2,999,999,999,2,2,,,,,
26665,-1,,,,-1,-1,-1,1,[351800|351800],[17900],[290300],[2],[120],[4|5],[3],[6],[220202],[206],2,999,999,999,2,2,,,,,
26670,-1,,,,-1,-1,-1,1,[421500|421500],[19600],[313400],[3],[120],[4|5],[3],[6],[220202],[206],2,999,999,999,2,2,,,,,
26675,-1,,,,-1,-1,-1,1,[457900|457900],[20700],[328300],[3],[120],[4|5],[3],[6],[220202],[206],2,999,999,999,2,2,,,,,
28500,-1,,,,-1,-1,-1,1,[1800],[1800],[600],,,[4],[5],[3],,,2,999,999,999,-1,-1,,,,,
28501,-1,,,,-1,-1,-1,1,[2500],[2500],[300],[1],[8],[4],[5],[3],[250],[237],2,999,999,999,2,2,,,,,
28506,-1,,,,-1,-1,-1,1,[6000],[6000],[600],[1],[9],[4],[5],[3],[250],[237],2,999,999,999,2,2,,,,,
28511,-1,,,,-1,-1,-1,1,[9300],[9300],[800],[1],[9],[4],[5],[3],[250],[237],2,999,999,999,2,2,,,,,
28516,-1,,,,-1,-1,-1,1,[17300],[17300],[1500],[1],[10],[4],[5],[3],[250],[237],2,999,999,999,2,2,,,,,
28521,-1,,,,-1,-1,-1,1,[20300],[20300],[1800],[1],[11],[4],[5],[3],[250],[237],2,999,999,999,2,2,,,,,
28526,-1,,,,-1,-1,-1,1,[28800],[28800],[2400],[2],[11],[4],[5],[3],[250],[237],2,999,999,999,2,2,,,,,
28531,-1,,,,-1,-1,-1,1,[37400],[37400],[3000],[2],[12],[4],[5],[3],[250],[237],2,999,999,999,2,2,,,,,
28536,-1,,,,-1,-1,-1,1,[49400],[49400],[3900],[2],[12],[4],[5],[3],[250],[237],2,999,999,999,2,2,,,,,
28541,-1,,,,-1,-1,-1,1,[61200],[61200],[4600],[2],[13],[4],[5],[3],[250],[237],2,999,999,999,2,2,,,,,
28546,-1,,,,-1,-1,-1,1,[77400],[77400],[5400],[2],[14],[4],[5],[3],[250],[237],2,999,999,999,2,2,,,,,
28551,-1,,,,-1,-1,-1,1,[93600],[93600],[5800],[2],[14],[4],[5],[3],[250],[237],2,999,999,999,2,2,,,,,
28556,-1,,,,-1,-1,-1,1,[114600],[114600],[6400],[2],[14],[4],[5],[3],[250],[237],2,999,999,999,2,2,,,,,
28561,-1,,,,-1,-1,-1,1,[135300],[135300],[6900],[2],[15],[4],[5],[3],[250],[237],2,999,999,999,2,2,,,,,
28566,-1,,,,-1,-1,-1,1,[162100],[162100],[7600],[3],[15],[4],[5],[3],[250],[237],2,999,999,999,2,2,,,,,
28571,-1,,,,-1,-1,-1,1,[176200],[176200],[8000],[3],[16],[4],[5],[3],[250],[237],2,999,999,999,2,2,,,,,
28502,-1,,,,-1,-1,-1,1,[3600],[3600],[400],[1],[12],[4],[5],[3],[250],[237],2,999,999,999,2,2,,,,,
28507,-1,,,,-1,-1,-1,1,[8400],[8400],[900],[2],[13],[4],[5],[3],[250],[237],2,999,999,999,2,2,,,,,
28512,-1,,,,-1,-1,-1,1,[13100],[13100],[1100],[2],[13],[4],[5],[3],[250],[237],2,999,999,999,2,2,,,,,
28517,-1,,,,-1,-1,-1,1,[24300],[24300],[2100],[2],[15],[4],[5],[3],[250],[237],2,999,999,999,2,2,,,,,
28522,-1,,,,-1,-1,-1,1,[28500],[28500],[2400],[2],[15],[4],[5],[3],[250],[237],2,999,999,999,2,2,,,,,
28527,-1,,,,-1,-1,-1,1,[40500],[40500],[3400],[2],[16],[4],[5],[3],[250],[237],2,999,999,999,2,2,,,,,
28532,-1,,,,-1,-1,-1,1,[52200],[52200],[4100],[3],[17],[4],[5],[3],[250],[237],2,999,999,999,2,2,,,,,
28537,-1,,,,-1,-1,-1,1,[69100],[69100],[5400],[3],[18],[4],[5],[3],[250],[237],2,999,999,999,2,2,,,,,
28542,-1,,,,-1,-1,-1,1,[85600],[85600],[6500],[3],[18],[4],[5],[3],[250],[237],2,999,999,999,2,2,,,,,
28547,-1,,,,-1,-1,-1,1,[108400],[108400],[7600],[3],[19],[4],[5],[3],[250],[237],2,999,999,999,2,2,,,,,
28552,-1,,,,-1,-1,-1,1,[131000],[131000],[8100],[3],[20],[4],[5],[3],[250],[237],2,999,999,999,2,2,,,,,
28557,-1,,,,-1,-1,-1,1,[160600],[160600],[9000],[4],[20],[4],[5],[3],[250],[237],2,999,999,999,2,2,,,,,
28562,-1,,,,-1,-1,-1,1,[189400],[189400],[9600],[4],[21],[4],[5],[3],[250],[237],2,999,999,999,2,2,,,,,
28567,-1,,,,-1,-1,-1,1,[227000],[227000],[10600],[4],[22],[4],[5],[3],[250],[237],2,999,999,999,2,2,,,,,
28572,-1,,,,-1,-1,-1,1,[246500],[246500],[11100],[4],[22],[4],[5],[3],[250],[237],2,999,999,999,2,2,,,,,
28503,-1,,,,-1,-1,-1,1,[4600],[4600],[500],[1],[15],[4],[5],[3],[250],[237],2,999,999,999,2,2,,,,,
28508,-1,,,,-1,-1,-1,1,[10800],[10800],[1100],[2],[17],[4],[5],[3],[250],[237],2,999,999,999,2,2,,,,,
28513,-1,,,,-1,-1,-1,1,[16700],[16700],[1400],[2],[17],[4],[5],[3],[250],[237],2,999,999,999,2,2,,,,,
28518,-1,,,,-1,-1,-1,1,[31200],[31200],[2700],[3],[19],[4],[5],[3],[250],[237],2,999,999,999,2,2,,,,,
28523,-1,,,,-1,-1,-1,1,[36500],[36500],[3100],[3],[19],[4],[5],[3],[250],[237],2,999,999,999,2,2,,,,,
28528,-1,,,,-1,-1,-1,1,[51900],[51900],[4300],[3],[21],[4],[5],[3],[250],[237],2,999,999,999,2,2,,,,,
28533,-1,,,,-1,-1,-1,1,[67100],[67100],[5300],[4],[22],[4],[5],[3],[250],[237],2,999,999,999,2,2,,,,,
28538,-1,,,,-1,-1,-1,1,[88700],[88700],[6900],[4],[23],[4],[5],[3],[250],[237],2,999,999,999,2,2,,,,,
28543,-1,,,,-1,-1,-1,1,[109900],[109900],[8300],[4],[24],[4],[5],[3],[250],[237],2,999,999,999,2,2,,,,,
28548,-1,,,,-1,-1,-1,1,[139500],[139500],[9700],[4],[25],[4],[5],[3],[250],[237],2,999,999,999,2,2,,,,,
28553,-1,,,,-1,-1,-1,1,[168200],[168200],[10400],[4],[25],[4],[5],[3],[250],[237],2,999,999,999,2,2,,,,,
28558,-1,,,,-1,-1,-1,1,[206400],[206400],[11500],[5],[26],[4],[5],[3],[250],[237],2,999,999,999,2,2,,,,,
28563,-1,,,,-1,-1,-1,1,[243500],[243500],[12400],[5],[27],[4],[5],[3],[250],[237],2,999,999,999,2,2,,,,,
28568,-1,,,,-1,-1,-1,1,[291600],[291600],[13600],[5],[28],[4],[5],[3],[250],[237],2,999,999,999,2,2,,,,,
28573,-1,,,,-1,-1,-1,1,[316900],[316900],[14300],[5],[29],[4],[5],[3],[250],[237],2,999,999,999,2,2,,,,,
28504,-1,,,,-1,-1,-1,1,[5600],[5600],[600],[2],[19],[4],[5],[3],[250],[237],2,999,999,999,2,2,,,,,
28509,-1,,,,-1,-1,-1,1,[13100],[13100],[1300],[3],[21],[4],[5],[3],[250],[237],2,999,999,999,2,2,,,,,
28514,-1,,,,-1,-1,-1,1,[20500],[20500],[1700],[3],[21],[4],[5],[3],[250],[237],2,999,999,999,2,2,,,,,
28519,-1,,,,-1,-1,-1,1,[38100],[38100],[3300],[3],[23],[4],[5],[3],[250],[237],2,999,999,999,2,2,,,,,
28524,-1,,,,-1,-1,-1,1,[44700],[44700],[3800],[4],[24],[4],[5],[3],[250],[237],2,999,999,999,2,2,,,,,
28529,-1,,,,-1,-1,-1,1,[63600],[63600],[5300],[4],[26],[4],[5],[3],[250],[237],2,999,999,999,2,2,,,,,
28534,-1,,,,-1,-1,-1,1,[81900],[81900],[6500],[4],[27],[4],[5],[3],[250],[237],2,999,999,999,2,2,,,,,
28539,-1,,,,-1,-1,-1,1,[108400],[108400],[8400],[5],[28],[4],[5],[3],[250],[237],2,999,999,999,2,2,,,,,
28544,-1,,,,-1,-1,-1,1,[134500],[134500],[10200],[5],[29],[4],[5],[3],[250],[237],2,999,999,999,2,2,,,,,
28549,-1,,,,-1,-1,-1,1,[170300],[170300],[11900],[5],[31],[4],[5],[3],[250],[237],2,999,999,999,2,2,,,,,
28554,-1,,,,-1,-1,-1,1,[205600],[205600],[12700],[6],[31],[4],[5],[3],[250],[237],2,999,999,999,2,2,,,,,
28559,-1,,,,-1,-1,-1,1,[252200],[252200],[14100],[6],[32],[4],[5],[3],[250],[237],2,999,999,999,2,2,,,,,
28564,-1,,,,-1,-1,-1,1,[297600],[297600],[15100],[6],[33],[4],[5],[3],[250],[237],2,999,999,999,2,2,,,,,
28569,-1,,,,-1,-1,-1,1,[356500],[356500],[16600],[6],[34],[4],[5],[3],[250],[237],2,999,999,999,2,2,,,,,
28574,-1,,,,-1,-1,-1,1,[387500],[387500],[17500],[6],[35],[4],[5],[3],[250],[237],2,999,999,999,2,2,,,,,
28505,-1,,,,-1,-1,-1,1,[6500],[6500],[700],[2],[22],[4],[5],[3],[250],[237],2,999,999,999,2,2,,,,,
28510,-1,,,,-1,-1,-1,1,[15500],[15500],[1600],[3],[24],[4],[5],[3],[250],[237],2,999,999,999,2,2,,,,,
28515,-1,,,,-1,-1,-1,1,[24100],[24100],[2000],[3],[25],[4],[5],[3],[250],[237],2,999,999,999,2,2,,,,,
28520,-1,,,,-1,-1,-1,1,[45000],[45000],[3900],[4],[28],[4],[5],[3],[250],[237],2,999,999,999,2,2,,,,,
28525,-1,,,,-1,-1,-1,1,[52800],[52800],[4500],[4],[28],[4],[5],[3],[250],[237],2,999,999,999,2,2,,,,,
28530,-1,,,,-1,-1,-1,1,[75000],[75000],[6200],[5],[30],[4],[5],[3],[250],[237],2,999,999,999,2,2,,,,,
28535,-1,,,,-1,-1,-1,1,[96900],[96900],[7600],[5],[32],[4],[5],[3],[250],[237],2,999,999,999,2,2,,,,,
28540,-1,,,,-1,-1,-1,1,[128200],[128200],[10000],[6],[33],[4],[5],[3],[250],[237],2,999,999,999,2,2,,,,,
28545,-1,,,,-1,-1,-1,1,[158900],[158900],[12000],[6],[35],[4],[5],[3],[250],[237],2,999,999,999,2,2,,,,,
28550,-1,,,,-1,-1,-1,1,[201300],[201300],[14000],[7],[36],[4],[5],[3],[250],[237],2,999,999,999,2,2,,,,,
28555,-1,,,,-1,-1,-1,1,[243100],[243100],[15000],[7],[37],[4],[5],[3],[250],[237],2,999,999,999,2,2,,,,,
28560,-1,,,,-1,-1,-1,1,[297900],[297900],[16700],[7],[38],[4],[5],[3],[250],[237],2,999,999,999,2,2,,,,,
28565,-1,,,,-1,-1,-1,1,[351800],[351800],[17900],[7],[39],[4],[5],[3],[250],[237],2,999,999,999,2,2,,,,,
28570,-1,,,,-1,-1,-1,1,[421500],[421500],[19600],[7],[41],[4],[5],[3],[250],[237],2,999,999,999,2,2,,,,,
28575,-1,,,,-1,-1,-1,1,[457900],[457900],[20700],[8],[42],[4],[5],[3],[250],[237],2,999,999,999,2,2,,,,,
29701,-1,,,,-1,-1,-1,1,[500],[1000],[1000],[500],[1],[8],[4],[5],[3],[200101],2,998,999,999,999,2,,,,,
29702,-1,,,,-1,-1,-1,1,[500],[1000],[1000],[500],[1],[8],[4],[5],[3],[200101],2,998,999,999,999,2,,,,,
29703,-1,,,,-1,-1,-1,1,[500],[1000],[1000],[500],[1],[8],[4],[5],[3],[200101],2,998,999,999,999,2,,,,,
29704,-1,,,,-1,-1,-1,1,[500],[1000],[1000],[500],[1],[8],[4],[5],[3],[200101],2,998,999,999,999,2,,,,,
29705,-1,,,,-1,-1,-1,1,[500],[1000],[1000],[500],[1],[8],[4],[5],[3],[200101],2,998,999,999,999,2,,,,,
29801,-1,,,,-1,-1,-1,1,[500],[1000],[1000],[500],[1],[8],[4],[5],[3],[200201],2,998,999,999,999,2,,,,,
29802,-1,,,,-1,-1,-1,1,[500],[1000],[1000],[500],[1],[8],[4],[5],[3],[200201],2,998,999,999,999,2,,,,,
29803,-1,,,,-1,-1,-1,1,[500],[1000],[1000],[500],[1],[8],[4],[5],[3],[200201],2,998,999,999,999,2,,,,,
29804,-1,,,,-1,-1,-1,1,[500],[1000],[1000],[500],[1],[8],[4],[5],[3],[200201],2,998,999,999,999,2,,,,,
29805,-1,,,,-1,-1,-1,1,[500],[1000],[1000],[500],[1],[8],[4],[5],[3],[200201],2,998,999,999,999,2,,,,,
29901,-1,,,,-1,-1,-1,1,[150],[150],[1],,,[206104],[206204],[161005],,,2,2,2,2,-1,-1,,,,,
29902,-1,,,,-1,-1,-1,1,[150],[150],[1],,,[206104],[206204],[161005],,,2,2,2,2,-1,-1,,,,,
29903,-1,,,,-1,-1,-1,1,[150],[150],[1],,,[206104],[206204],[161005],,,2,2,2,2,-1,-1,,,,,
29904,-1,,,,-1,-1,-1,1,[256],[256],[1],,,[206104],[206204],[161005],,,2,2,2,2,-1,-1,,,,,
29905,-1,,,,-1,-1,-1,1,[402],[402],[1],,,[206104],[206204],[161005],,,2,2,2,2,-1,-1,,,,,
29906,-1,,,,-1,-1,-1,1,[500],[500],[1],,,[206104],[206204],[161005],,,2,2,2,2,-1,-1,,,,,
29907,-1,,,,-1,-1,-1,1,[584],[584],[1],,,[206104],[206204],[161005],,,2,2,2,2,-1,-1,,,,,
29908,-1,,,,-1,-1,-1,1,[668],[668],[1],,,[206104],[206204],[161005],,,2,2,2,2,-1,-1,,,,,
29911,-1,,,,-1,-1,-1,1,[176],[176],[1],,,[206104],[206204],[161005],,,2,2,2,2,-1,-1,,,,,
29912,-1,,,,-1,-1,-1,1,[176],[176],[1],,,[206104],[206204],[161005],,,2,2,2,2,-1,-1,,,,,
29913,-1,,,,-1,-1,-1,1,[176],[176],[1],,,[206104],[206204],[161005],,,2,2,2,2,-1,-1,,,,,
29914,-1,,,,-1,-1,-1,1,[302],[302],[1],,,[206104],[206204],[161005],,,2,2,2,2,-1,-1,,,,,
29915,-1,,,,-1,-1,-1,1,[476],[476],[1],,,[206104],[206204],[161005],,,2,2,2,2,-1,-1,,,,,
29916,-1,,,,-1,-1,-1,1,[592],[592],[1],,,[206104],[206204],[161005],,,2,2,2,2,-1,-1,,,,,
29917,-1,,,,-1,-1,-1,1,[690],[690],[1],,,[206104],[206204],[161005],,,2,2,2,2,-1,-1,,,,,
29918,-1,,,,-1,-1,-1,1,[790],[790],[1],,,[206104],[206204],[161005],,,2,2,2,2,-1,-1,,,,,
31001,-1,,,,-1,-1,-1,1,[1],[400],[10000],[10000],[10000],[201],[206],[3],[4],[5],2,2,2,999,999,999,,,,,
31003,-1,,,,-1,-1,-1,1,[1],[600],[5],[10000],[10000],[201],[206],[2],[4],[5],2,2,2,999,999,999,,,,,
31005,-1,,,,-1,-1,-1,1,[1],[1000],[10],[10],[8000],[201],[206],[2],[404100004],[6],2,2,2,999,2,999,,,,,
31101,-1,,,,-1,-1,-1,1,[3],[1600],[200],[40000],[40000],[201],[206],[2],[4],[5],2,2,2,999,999,999,,,,,
31102,-1,,,,-1,-1,-1,1,[3],[1200],[150],[30000],[30000],[201],[206],[2],[4],[5],2,2,2,999,999,999,,,,,
31103,-1,,,,-1,-1,-1,1,[3],[800],[100],[24000],[24000],[201],[206],[2],[4],[5],2,2,2,999,999,999,,,,,
31104,-1,,,,-1,-1,-1,1,[2],[600],[60],[20000],[20000],[201],[206],[2],[4],[5],2,2,2,999,999,999,,,,,
31105,-1,,,,-1,-1,-1,1,[2],[400],[40],[16000],[16000],[201],[206],[2],[4],[5],2,2,2,999,999,999,,,,,
31106,-1,,,,-1,-1,-1,1,[1],[200],[20],[10000],[10000],[201],[206],[2],[4],[5],2,2,2,999,999,999,,,,,
31107,-1,,,,-1,-1,-1,1,[1],[100],[10],[10000],[10000],[201],[206],[2],[4],[5],2,2,2,999,999,999,,,,,
31201,-1,,,,-1,-1,-1,1,[500],[100],[10],[4000],,[206],[2],[404100004],[4],,2,2,999,2,999,-1,,,,,
31202,-1,,,,-1,-1,-1,1,[500],[100],[10],[4000],,[206],[2],[404100004],[5],,2,2,999,2,999,-1,,,,,
31203,-1,,,,-1,-1,-1,1,[500],[100],[10],[4000],,[206],[2],[404100004],[4],,2,2,999,2,999,-1,,,,,
31204,-1,,,,-1,-1,-1,1,[500],[100],[10],[4000],,[206],[2],[404100004],[5],,2,2,999,2,999,-1,,,,,
31205,-1,,,,-1,-1,-1,1,[500],[100],[20],[4000],,[206],[2],[404100004],[4],,2,2,999,2,999,-1,,,,,
31206,-1,,,,-1,-1,-1,1,[800],[100],[10],[10000],,[206],[2],[404100004],[5],,2,2,999,2,999,-1,,,,,
31207,-1,,,,-1,-1,-1,1,[800],[100],[10],[10000],,[206],[2],[404100004],[4],,2,2,999,2,999,-1,,,,,
31208,-1,,,,-1,-1,-1,1,[800],[100],[10],[10000],,[206],[2],[404100004],[5],,2,2,999,2,999,-1,,,,,
31209,-1,,,,-1,-1,-1,1,[800],[100],[10],[10000],,[206],[2],[404100004],[4],,2,2,999,2,999,-1,,,,,
31210,-1,,,,-1,-1,-1,1,[800],[100],[20],[10000],,[206],[2],[404100004],[5],,2,2,999,2,999,-1,,,,,
31211,-1,,,,-1,-1,-1,1,[1200],[100],[10],[14000],,[206],[2],[404100004],[4],,2,2,999,2,999,-1,,,,,
31212,-1,,,,-1,-1,-1,1,[1200],[100],[10],[14000],,[206],[2],[404100004],[5],,2,2,999,2,999,-1,,,,,
31213,-1,,,,-1,-1,-1,1,[1200],[100],[10],[14000],,[206],[2],[404100004],[4],,2,2,999,2,999,-1,,,,,
31214,-1,,,,-1,-1,-1,1,[1200],[100],[10],[14000],,[206],[2],[404100004],[5],,2,2,999,2,999,-1,,,,,
31215,-1,,,,-1,-1,-1,1,[1200],[100],[20],[14000],,[206],[2],[404100004],[4],,2,2,999,2,999,-1,,,,,
31216,-1,,,,-1,-1,-1,1,[1500],[100],[10],[20000],,[206],[2],[404100004],[5],,2,2,999,2,999,-1,,,,,
31217,-1,,,,-1,-1,-1,1,[1500],[100],[10],[20000],,[206],[2],[404100004],[4],,2,2,999,2,999,-1,,,,,
31218,-1,,,,-1,-1,-1,1,[1500],[100],[10],[20000],,[206],[2],[404100004],[5],,2,2,999,2,999,-1,,,,,
31219,-1,,,,-1,-1,-1,1,[1500],[100],[10],[20000],,[206],[2],[404100004],[4],,2,2,999,2,999,-1,,,,,
31220,-1,,,,-1,-1,-1,1,[1500],[100],[20],[20000],,[206],[2],[404100004],[5],,2,2,999,2,999,-1,,,,,
31221,-1,,,,-1,-1,-1,1,[1800],[100],[10],[30000],,[206],[2],[404100004],[4],,2,2,999,2,999,-1,,,,,
31222,-1,,,,-1,-1,-1,1,[1800],[100],[10],[30000],,[206],[2],[404100004],[5],,2,2,999,2,999,-1,,,,,
31223,-1,,,,-1,-1,-1,1,[1800],[100],[10],[30000],,[206],[2],[404100004],[4],,2,2,999,2,999,-1,,,,,
31224,-1,,,,-1,-1,-1,1,[1800],[100],[10],[30000],,[206],[2],[404100004],[5],,2,2,999,2,999,-1,,,,,
31225,-1,,,,-1,-1,-1,1,[1800],[100],[20],[30000],,[206],[2],[404100004],[4],,2,2,999,2,999,-1,,,,,
31226,-1,,,,-1,-1,-1,1,[2000],[100],[10],[40000],,[206],[2],[404100004],[5],,2,2,999,2,999,-1,,,,,
31227,-1,,,,-1,-1,-1,1,[2000],[100],[10],[40000],,[206],[2],[404100004],[4],,2,2,999,2,999,-1,,,,,
31228,-1,,,,-1,-1,-1,1,[2000],[100],[10],[40000],,[206],[2],[404100004],[5],,2,2,999,2,999,-1,,,,,
31229,-1,,,,-1,-1,-1,1,[2000],[100],[10],[40000],,[206],[2],[404100004],[4],,2,2,999,2,999,-1,,,,,
31230,-1,,,,-1,-1,-1,1,[2000],[100],[20],[40000],,[206],[2],[404100004],[5],,2,2,999,2,999,-1,,,,,
31231,-1,,,,-1,-1,-1,1,[2200],[100],[10],[50000],,[206],[2],[404100004],[4],,2,2,999,2,999,-1,,,,,
31232,-1,,,,-1,-1,-1,1,[2200],[100],[10],[50000],,[206],[2],[404100004],[5],,2,2,999,2,999,-1,,,,,
31233,-1,,,,-1,-1,-1,1,[2200],[100],[10],[50000],,[206],[2],[404100004],[4],,2,2,999,2,999,-1,,,,,
31234,-1,,,,-1,-1,-1,1,[2200],[100],[10],[50000],,[206],[2],[404100004],[5],,2,2,999,2,999,-1,,,,,
31235,-1,,,,-1,-1,-1,1,[2200],[100],[20],[50000],,[206],[2],[404100004],[4],,2,2,999,2,999,-1,,,,,
31236,-1,,,,-1,-1,-1,1,[2500],[100],[10],[60000],,[206],[2],[404100004],[5],,2,2,999,2,999,-1,,,,,
31237,-1,,,,-1,-1,-1,1,[2500],[100],[10],[60000],,[206],[2],[404100004],[4],,2,2,999,2,999,-1,,,,,
31238,-1,,,,-1,-1,-1,1,[2500],[100],[10],[60000],,[206],[2],[404100004],[5],,2,2,999,2,999,-1,,,,,
31239,-1,,,,-1,-1,-1,1,[2500],[100],[10],[60000],,[206],[2],[404100004],[4],,2,2,999,2,999,-1,,,,,
31240,-1,,,,-1,-1,-1,1,[2500],[100],[20],[60000],,[206],[2],[404100004],[5],,2,2,999,2,999,-1,,,,,
31241,-1,,,,-1,-1,-1,1,[2800],[100],[10],[70000],,[206],[2],[404100004],[4],,2,2,999,2,999,-1,,,,,
31242,-1,,,,-1,-1,-1,1,[2800],[100],[10],[70000],,[206],[2],[404100004],[5],,2,2,999,2,999,-1,,,,,
31243,-1,,,,-1,-1,-1,1,[2800],[100],[10],[70000],,[206],[2],[404100004],[4],,2,2,999,2,999,-1,,,,,
31244,-1,,,,-1,-1,-1,1,[2800],[100],[10],[70000],,[206],[2],[404100004],[5],,2,2,999,2,999,-1,,,,,
31245,-1,,,,-1,-1,-1,1,[2800],[100],[20],[70000],,[206],[2],[404100004],[4],,2,2,999,2,999,-1,,,,,
31246,-1,,,,-1,-1,-1,1,[3000],[100],[10],[80000],,[206],[2],[404100004],[5],,2,2,999,2,999,-1,,,,,
31247,-1,,,,-1,-1,-1,1,[3000],[100],[10],[80000],,[206],[2],[404100004],[4],,2,2,999,2,999,-1,,,,,
31248,-1,,,,-1,-1,-1,1,[3000],[100],[10],[80000],,[206],[2],[404100004],[5],,2,2,999,2,999,-1,,,,,
31249,-1,,,,-1,-1,-1,1,[3000],[100],[10],[80000],,[206],[2],[404100004],[4],,2,2,999,2,999,-1,,,,,
31250,-1,,,,-1,-1,-1,1,[3000],[100],[20],[80000],,[206],[2],[404100004],[5],,2,2,999,2,999,-1,,,,,
32000,-1,,,,-1,-1,-1,1,[2],[1],,,,[201],[161005],,,,2,2,2,-1,-1,-1,,,,,
32001,-1,,,,-1,-1,-1,1,[500],[1210|1210],[853],[12],[1],[8],[4|5],[3],[250],[161004],2,998,999,999,2,2,,,,,
32002,-1,,,,-1,-1,-1,1,[500],[1210|1210],[853],[12],[1],[8],[4|5],[3],[250],[161004],2,998,999,999,2,2,,,,,
32003,-1,,,,-1,-1,-1,1,[500],[2130|2130],[1093],[13],[1],[8],[4|5],[3],[250],[161004],2,998,999,999,2,2,,,,,
32004,-1,,,,-1,-1,-1,1,[500],[2130|2130],[1093],[13],[1],[8],[4|5],[3],[250],[161004],2,998,999,999,2,2,,,,,
32005,-1,,,,-1,-1,-1,1,[500],[2790|2790],[1441],[15],[1],[8],[4|5],[3],[250],[161004],2,998,999,999,2,2,,,,,
32006,-1,,,,-1,-1,-1,1,[500],[2790|2790],[1441],[15],[1],[8],[4|5],[3],[250],[161004],2,998,999,999,2,2,,,,,
32007,-1,,,,-1,-1,-1,1,[500],[2790|2790],[1441],[15],[1],[8],[4|5],[3],[250],[161004],2,998,999,999,2,2,,,,,
32008,-1,,,,-1,-1,-1,1,[500],[3250|3250],[2133],[18],[1],[8],[4|5],[3],[250],[161004],2,998,999,999,2,2,,,,,
32009,-1,,,,-1,-1,-1,1,[500],[3250|3250],[2133],[18],[1],[8],[4|5],[3],[250],[161004],2,998,999,999,2,2,,,,,
32010,-1,,,,-1,-1,-1,1,[500],[4770|4770],[2548],[19],[1],[8],[4|5],[3],[250],[161004],2,998,999,999,2,2,,,,,
32011,-1,,,,-1,-1,-1,1,[500],[4770|4770],[2548],[19],[1],[8],[4|5],[3],[250],[161004],2,998,999,999,2,2,,,,,
32012,-1,,,,-1,-1,-1,1,[500],[4770|4770],[2548],[19],[1],[8],[4|5],[3],[250],[161004],2,998,999,999,2,2,,,,,
32013,-1,,,,-1,-1,-1,1,[500],[5650|5650],[3003],[19],[1],[8],[4|5],[3],[250],[161004],2,998,999,999,2,2,,,,,
32014,-1,,,,-1,-1,-1,1,[500],[5650|5650],[3003],[19],[1],[8],[4|5],[3],[250],[161004],2,998,999,999,2,2,,,,,
32015,-1,,,,-1,-1,-1,1,[500],[6960|6960],[3265],[19],[1],[8],[4|5],[3],[250],[161004],2,998,999,999,2,2,,,,,
32016,-1,,,,-1,-1,-1,1,[500],[6960|6960],[3265],[19],[1],[8],[4|5],[3],[250],[161004],2,998,999,999,2,2,,,,,
32017,-1,,,,-1,-1,-1,1,[500],[6960|6960],[3265],[19],[1],[8],[4|5],[3],[250],[161004],2,998,999,999,2,2,,,,,
32018,-1,,,,-1,-1,-1,1,[500],[9410|9410],[3913],[20],[1],[8],[4|5],[3],[250],[161004],2,998,999,999,2,2,,,,,
32019,-1,,,,-1,-1,-1,1,[500],[9410|9410],[3913],[20],[1],[8],[4|5],[3],[250],[161004],2,998,999,999,2,2,,,,,
32020,-1,,,,-1,-1,-1,1,[500],[10120|10120],[5031],[21],[1],[8],[4|5],[3],[250],[161004],2,998,999,999,2,2,,,,,
32021,-1,,,,-1,-1,-1,1,[500],[10120|10120],[5031],[21],[1],[8],[4|5],[3],[250],[161004],2,998,999,999,2,2,,,,,
32022,-1,,,,-1,-1,-1,1,[500],[10120|10120],[5031],[21],[1],[8],[4|5],[3],[250],[161004],2,998,999,999,2,2,,,,,
32023,-1,,,,-1,-1,-1,1,[500],[12740|12740],[6450],[23],[1],[8],[4|5],[3],[250],[161004],2,998,999,999,2,2,,,,,
32024,-1,,,,-1,-1,-1,1,[500],[12740|12740],[6450],[23],[1],[8],[4|5],[3],[250],[161004],2,998,999,999,2,2,,,,,
32025,-1,,,,-1,-1,-1,1,[500],[13780|13780],[6866],[23],[1],[8],[4|5],[3],[250],[161004],2,998,999,999,2,2,,,,,
32026,-1,,,,-1,-1,-1,1,[500],[13780|13780],[6866],[23],[1],[8],[4|5],[3],[250],[161004],2,998,999,999,2,2,,,,,
32027,-1,,,,-1,-1,-1,1,[500],[13780|13780],[6866],[23],[1],[8],[4|5],[3],[250],[161004],2,998,999,999,2,2,,,,,
32028,-1,,,,-1,-1,-1,1,[500],[14700|14700],[7480],[24],[1],[8],[4|5],[3],[250],[161004],2,998,999,999,2,2,,,,,
32029,-1,,,,-1,-1,-1,1,[500],[14700|14700],[7480],[24],[1],[8],[4|5],[3],[250],[161004],2,998,999,999,2,2,,,,,
32030,-1,,,,-1,-1,-1,1,[500],[15550|15550],[7905],[24],[1],[8],[4|5],[3],[250],[161004],2,998,999,999,2,2,,,,,
32031,-1,,,,-1,-1,-1,1,[500],[13780|13780],[6866],[23],[1],[8],[4|5],[3],[250],[161004],2,998,999,999,2,2,,,,,
32032,-1,,,,-1,-1,-1,1,[500],[13780|13780],[6866],[23],[1],[8],[4|5],[3],[250],[161004],2,998,999,999,2,2,,,,,
32033,-1,,,,-1,-1,-1,1,[500],[14700|14700],[7480],[24],[1],[8],[4|5],[3],[250],[161004],2,998,999,999,2,2,,,,,
32034,-1,,,,-1,-1,-1,1,[500],[14700|14700],[7480],[24],[1],[8],[4|5],[3],[250],[161004],2,998,999,999,2,2,,,,,
32035,-1,,,,-1,-1,-1,1,[500],[15550|15550],[7905],[24],[1],[8],[4|5],[3],[250],[161004],2,998,999,999,2,2,,,,,
32036,-1,,,,-1,-1,-1,1,[500],[15550|15550],[7905],[24],[1],[8],[4|5],[3],[250],[161004],2,998,999,999,2,2,,,,,
32037,-1,,,,-1,-1,-1,1,[500],[15550|15550],[7905],[24],[1],[8],[4|5],[3],[250],[161004],2,998,999,999,2,2,,,,,
32038,-1,,,,-1,-1,-1,1,[500],[18220|18220],[9262],[26],[1],[8],[4|5],[3],[250],[161004],2,998,999,999,2,2,,,,,
32039,-1,,,,-1,-1,-1,1,[500],[18220|18220],[9262],[26],[1],[8],[4|5],[3],[250],[161004],2,998,999,999,2,2,,,,,
32040,-1,,,,-1,-1,-1,1,[500],[20020|20020],[10459],[27],[1],[8],[4|5],[3],[250],[161004],2,998,999,999,2,2,,,,,
32041,-1,,,,-1,-1,-1,1,[500],[20020|20020],[10459],[27],[1],[8],[4|5],[3],[250],[161004],2,998,999,999,2,2,,,,,
32042,-1,,,,-1,-1,-1,1,[500],[20020|20020],[10459],[27],[1],[8],[4|5],[3],[250],[161004],2,998,999,999,2,2,,,,,
32043,-1,,,,-1,-1,-1,1,[500],[22060|22060],[11496],[28],[1],[8],[4|5],[3],[250],[161004],2,998,999,999,2,2,,,,,
32044,-1,,,,-1,-1,-1,1,[500],[22060|22060],[11496],[28],[1],[8],[4|5],[3],[250],[161004],2,998,999,999,2,2,,,,,
32045,-1,,,,-1,-1,-1,1,[500],[25400|25400],[12837],[29],[1],[8],[4|5],[3],[250],[161004],2,998,999,999,2,2,,,,,
32046,-1,,,,-1,-1,-1,1,[500],[25400|25400],[12837],[29],[1],[8],[4|5],[3],[250],[161004],2,998,999,999,2,2,,,,,
32047,-1,,,,-1,-1,-1,1,[500],[25400|25400],[12837],[29],[1],[8],[4|5],[3],[250],[161004],2,998,999,999,2,2,,,,,
32048,-1,,,,-1,-1,-1,1,[500],[26240|26240],[13992],[30],[1],[8],[4|5],[3],[250],[161004],2,998,999,999,2,2,,,,,
32049,-1,,,,-1,-1,-1,1,[500],[26240|26240],[13992],[30],[1],[8],[4|5],[3],[250],[161004],2,998,999,999,2,2,,,,,
32050,-1,,,,-1,-1,-1,1,[500],[28420|28420],[15206],[31],[1],[8],[4|5],[3],[250],[161004],2,998,999,999,2,2,,,,,
32051,-1,,,,-1,-1,-1,1,[500],[28420|28420],[15206],[31],[1],[8],[4|5],[3],[250],[161004],2,998,999,999,2,2,,,,,
32052,-1,,,,-1,-1,-1,1,[500],[28420|28420],[15206],[31],[1],[8],[4|5],[3],[250],[161004],2,998,999,999,2,2,,,,,
32053,-1,,,,-1,-1,-1,1,[500],[30790|30790],[16763],[32],[1],[8],[4|5],[3],[250],[161004],2,998,999,999,2,2,,,,,
32054,-1,,,,-1,-1,-1,1,[500],[30790|30790],[16763],[32],[1],[8],[4|5],[3],[250],[161004],2,998,999,999,2,2,,,,,
32055,-1,,,,-1,-1,-1,1,[500],[33440|33440],[18102],[33],[1],[8],[4|5],[3],[250],[161004],2,998,999,999,2,2,,,,,
32056,-1,,,,-1,-1,-1,1,[500],[33440|33440],[18102],[33],[1],[8],[4|5],[3],[250],[161004],2,998,999,999,2,2,,,,,
32057,-1,,,,-1,-1,-1,1,[500],[33440|33440],[18102],[33],[1],[8],[4|5],[3],[250],[161004],2,998,999,999,2,2,,,,,
32058,-1,,,,-1,-1,-1,1,[500],[37180|37180],[20195],[34],[1],[8],[4|5],[3],[250],[161004],2,998,999,999,2,2,,,,,
32059,-1,,,,-1,-1,-1,1,[500],[37180|37180],[20195],[34],[1],[8],[4|5],[3],[250],[161004],2,998,999,999,2,2,,,,,
32060,-1,,,,-1,-1,-1,1,[500],[39770|39770],[21674],[35],[1],[8],[4|5],[3],[250],[161004],2,998,999,999,2,2,,,,,
32061,-1,,,,-1,-1,-1,1,[500],[33440|33440],[6866],[33],[1],[8],[4|5],[3],[250],[161004],2,998,999,999,2,2,,,,,
32062,-1,,,,-1,-1,-1,1,[500],[33440|33440],[6866],[33],[1],[8],[4|5],[3],[250],[161004],2,998,999,999,2,2,,,,,
32063,-1,,,,-1,-1,-1,1,[500],[33440|33440],[7480],[33],[1],[8],[4|5],[3],[250],[161004],2,998,999,999,2,2,,,,,
32064,-1,,,,-1,-1,-1,1,[500],[37180|37180],[7480],[34],[1],[8],[4|5],[3],[250],[161004],2,998,999,999,2,2,,,,,
32065,-1,,,,-1,-1,-1,1,[500],[37180|37180],[7905],[34],[1],[8],[4|5],[3],[250],[161004],2,998,999,999,2,2,,,,,
32066,-1,,,,-1,-1,-1,1,[500],[39770|39770],[7905],[35],[1],[8],[4|5],[3],[250],[161004],2,998,999,999,2,2,,,,,
32067,-1,,,,-1,-1,-1,1,[500],[39770|39770],[7905],[35],[1],[8],[4|5],[3],[250],[161004],2,998,999,999,2,2,,,,,
32068,-1,,,,-1,-1,-1,1,[500],[39770|39770],[9262],[35],[1],[8],[4|5],[3],[250],[161004],2,998,999,999,2,2,,,,,
32069,-1,,,,-1,-1,-1,1,[500],[41500|41500],[9262],[35],[1],[8],[4|5],[3],[250],[161004],2,998,999,999,2,2,,,,,
32070,-1,,,,-1,-1,-1,1,[500],[41500|41500],[10459],[35],[1],[8],[4|5],[3],[250],[161004],2,998,999,999,2,2,,,,,
32071,-1,,,,-1,-1,-1,1,[500],[42940|42940],[10459],[36],[1],[8],[4|5],[3],[250],[161004],2,998,999,999,2,2,,,,,
32072,-1,,,,-1,-1,-1,1,[500],[42940|42940],[10459],[36],[1],[8],[4|5],[3],[250],[161004],2,998,999,999,2,2,,,,,
32073,-1,,,,-1,-1,-1,1,[500],[42940|42940],[11496],[36],[1],[8],[4|5],[3],[250],[161004],2,998,999,999,2,2,,,,,
32074,-1,,,,-1,-1,-1,1,[500],[44570|44570],[11496],[36],[1],[8],[4|5],[3],[250],[161004],2,998,999,999,2,2,,,,,
32075,-1,,,,-1,-1,-1,1,[500],[44570|44570],[12837],[36],[1],[8],[4|5],[3],[250],[161004],2,998,999,999,2,2,,,,,
32076,-1,,,,-1,-1,-1,1,[500],[46200|46200],[12837],[37],[1],[8],[4|5],[3],[250],[161004],2,998,999,999,2,2,,,,,
32077,-1,,,,-1,-1,-1,1,[500],[46200|46200],[12837],[37],[1],[8],[4|5],[3],[250],[161004],2,998,999,999,2,2,,,,,
32078,-1,,,,-1,-1,-1,1,[500],[46200|46200],[13992],[37],[1],[8],[4|5],[3],[250],[161004],2,998,999,999,2,2,,,,,
32079,-1,,,,-1,-1,-1,1,[500],[49340|49340],[13992],[37],[1],[8],[4|5],[3],[250],[161004],2,998,999,999,2,2,,,,,
32080,-1,,,,-1,-1,-1,1,[500],[49340|49340],[15206],[37],[1],[8],[4|5],[3],[250],[161004],2,998,999,999,2,2,,,,,
32081,-1,,,,-1,-1,-1,1,[500],[50890|50890],[15206],[38],[1],[8],[4|5],[3],[250],[161004],2,998,999,999,2,2,,,,,
32082,-1,,,,-1,-1,-1,1,[500],[50890|50890],[15206],[38],[1],[8],[4|5],[3],[250],[161004],2,998,999,999,2,2,,,,,
32083,-1,,,,-1,-1,-1,1,[500],[50890|50890],[16763],[38],[1],[8],[4|5],[3],[250],[161004],2,998,999,999,2,2,,,,,
32084,-1,,,,-1,-1,-1,1,[500],[52310|52310],[16763],[38],[1],[8],[4|5],[3],[250],[161004],2,998,999,999,2,2,,,,,
32085,-1,,,,-1,-1,-1,1,[500],[52310|52310],[18102],[38],[1],[8],[4|5],[3],[250],[161004],2,998,999,999,2,2,,,,,
32086,-1,,,,-1,-1,-1,1,[500],[53730|53730],[18102],[39],[1],[8],[4|5],[3],[250],[161004],2,998,999,999,2,2,,,,,
32087,-1,,,,-1,-1,-1,1,[500],[53730|53730],[18102],[39],[1],[8],[4|5],[3],[250],[161004],2,998,999,999,2,2,,,,,
32088,-1,,,,-1,-1,-1,1,[500],[53730|53730],[20195],[39],[1],[8],[4|5],[3],[250],[161004],2,998,999,999,2,2,,,,,
32089,-1,,,,-1,-1,-1,1,[500],[55150|55150],[20195],[39],[1],[8],[4|5],[3],[250],[161004],2,998,999,999,2,2,,,,,
32090,-1,,,,-1,-1,-1,1,[500],[55150|55150],[21674],[39],[1],[8],[4|5],[3],[250],[161004],2,998,999,999,2,2,,,,,
32091,-1,,,,-1,-1,-1,1,[500],[53730|53730],[6866],[39],[1],[8],[4|5],[3],[250],[161004],2,998,999,999,2,2,,,,,
32092,-1,,,,-1,-1,-1,1,[500],[53730|53730],[6866],[39],[1],[8],[4|5],[3],[250],[161004],2,998,999,999,2,2,,,,,
32093,-1,,,,-1,-1,-1,1,[500],[53730|53730],[7480],[39],[1],[8],[4|5],[3],[250],[161004],2,998,999,999,2,2,,,,,
32094,-1,,,,-1,-1,-1,1,[500],[53730|53730],[7480],[39],[1],[8],[4|5],[3],[250],[161004],2,998,999,999,2,2,,,,,
32095,-1,,,,-1,-1,-1,1,[500],[53730|53730],[7905],[39],[1],[8],[4|5],[3],[250],[161004],2,998,999,999,2,2,,,,,
32096,-1,,,,-1,-1,-1,1,[500],[55150|55150],[7905],[39],[1],[8],[4|5],[3],[250],[161004],2,998,999,999,2,2,,,,,
32097,-1,,,,-1,-1,-1,1,[500],[55150|55150],[7905],[39],[1],[8],[4|5],[3],[250],[161004],2,998,999,999,2,2,,,,,
32098,-1,,,,-1,-1,-1,1,[500],[55150|55150],[9262],[39],[1],[8],[4|5],[3],[250],[161004],2,998,999,999,2,2,,,,,
32099,-1,,,,-1,-1,-1,1,[500],[55150|55150],[9262],[39],[1],[8],[4|5],[3],[250],[161004],2,998,999,999,2,2,,,,,
32100,-1,,,,-1,-1,-1,1,[500],[55150|55150],[10459],[39],[1],[8],[4|5],[3],[250],[161004],2,998,999,999,2,2,,,,,
32101,-1,,,,-1,-1,-1,1,[500],[56560|56560],[10459],[40],[1],[8],[4|5],[3],[250],[161004],2,998,999,999,2,2,,,,,
32102,-1,,,,-1,-1,-1,1,[500],[56560|56560],[10459],[40],[1],[8],[4|5],[3],[250],[161004],2,998,999,999,2,2,,,,,
32103,-1,,,,-1,-1,-1,1,[500],[56560|56560],[11496],[40],[1],[8],[4|5],[3],[250],[161004],2,998,999,999,2,2,,,,,
32104,-1,,,,-1,-1,-1,1,[500],[56560|56560],[11496],[40],[1],[8],[4|5],[3],[250],[161004],2,998,999,999,2,2,,,,,
32105,-1,,,,-1,-1,-1,1,[500],[56560|56560],[12837],[40],[1],[8],[4|5],[3],[250],[161004],2,998,999,999,2,2,,,,,
32106,-1,,,,-1,-1,-1,1,[500],[57990|57990],[12837],[40],[1],[8],[4|5],[3],[250],[161004],2,998,999,999,2,2,,,,,
32107,-1,,,,-1,-1,-1,1,[500],[57990|57990],[12837],[40],[1],[8],[4|5],[3],[250],[161004],2,998,999,999,2,2,,,,,
32108,-1,,,,-1,-1,-1,1,[500],[57990|57990],[13992],[40],[1],[8],[4|5],[3],[250],[161004],2,998,999,999,2,2,,,,,
32109,-1,,,,-1,-1,-1,1,[500],[57990|57990],[13992],[40],[1],[8],[4|5],[3],[250],[161004],2,998,999,999,2,2,,,,,
32110,-1,,,,-1,-1,-1,1,[500],[57990|57990],[15206],[40],[1],[8],[4|5],[3],[250],[161004],2,998,999,999,2,2,,,,,
32111,-1,,,,-1,-1,-1,1,[500],[59530|59530],[15206],[41],[1],[8],[4|5],[3],[250],[161004],2,998,999,999,2,2,,,,,
32112,-1,,,,-1,-1,-1,1,[500],[59530|59530],[15206],[41],[1],[8],[4|5],[3],[250],[161004],2,998,999,999,2,2,,,,,
32113,-1,,,,-1,-1,-1,1,[500],[59530|59530],[16763],[41],[1],[8],[4|5],[3],[250],[161004],2,998,999,999,2,2,,,,,
32114,-1,,,,-1,-1,-1,1,[500],[59530|59530],[16763],[41],[1],[8],[4|5],[3],[250],[161004],2,998,999,999,2,2,,,,,
32115,-1,,,,-1,-1,-1,1,[500],[59530|59530],[18102],[41],[1],[8],[4|5],[3],[250],[161004],2,998,999,999,2,2,,,,,
32116,-1,,,,-1,-1,-1,1,[500],[60950|60950],[18102],[41],[1],[8],[4|5],[3],[250],[161004],2,998,999,999,2,2,,,,,
32117,-1,,,,-1,-1,-1,1,[500],[60950|60950],[18102],[41],[1],[8],[4|5],[3],[250],[161004],2,998,999,999,2,2,,,,,
32118,-1,,,,-1,-1,-1,1,[500],[60950|60950],[20195],[41],[1],[8],[4|5],[3],[250],[161004],2,998,999,999,2,2,,,,,
32119,-1,,,,-1,-1,-1,1,[500],[60950|60950],[20195],[41],[1],[8],[4|5],[3],[250],[161004],2,998,999,999,2,2,,,,,
32120,-1,,,,-1,-1,-1,1,[500],[60950|60950],[21674],[41],[1],[8],[4|5],[3],[250],[161004],2,998,999,999,2,2,,,,,
32121,-1,,,,-1,-1,-1,1,[500],[60950|60950],[6866],[41],[1],[8],[4|5],[3],[250],[161004],2,998,999,999,2,2,,,,,
32122,-1,,,,-1,-1,-1,1,[500],[60950|60950],[6866],[41],[1],[8],[4|5],[3],[250],[161004],2,998,999,999,2,2,,,,,
32123,-1,,,,-1,-1,-1,1,[500],[60950|60950],[7480],[41],[1],[8],[4|5],[3],[250],[161004],2,998,999,999,2,2,,,,,
32124,-1,,,,-1,-1,-1,1,[500],[60950|60950],[7480],[41],[1],[8],[4|5],[3],[250],[161004],2,998,999,999,2,2,,,,,
32125,-1,,,,-1,-1,-1,1,[500],[60950|60950],[7905],[41],[1],[8],[4|5],[3],[250],[161004],2,998,999,999,2,2,,,,,
32126,-1,,,,-1,-1,-1,1,[500],[62370|62370],[7905],[42],[1],[8],[4|5],[3],[250],[161004],2,998,999,999,2,2,,,,,
32127,-1,,,,-1,-1,-1,1,[500],[62370|62370],[7905],[42],[1],[8],[4|5],[3],[250],[161004],2,998,999,999,2,2,,,,,
32128,-1,,,,-1,-1,-1,1,[500],[62370|62370],[9262],[42],[1],[8],[4|5],[3],[250],[161004],2,998,999,999,2,2,,,,,
32129,-1,,,,-1,-1,-1,1,[500],[62370|62370],[9262],[42],[1],[8],[4|5],[3],[250],[161004],2,998,999,999,2,2,,,,,
32130,-1,,,,-1,-1,-1,1,[500],[62370|62370],[10459],[42],[1],[8],[4|5],[3],[250],[161004],2,998,999,999,2,2,,,,,
32131,-1,,,,-1,-1,-1,1,[500],[63620|63620],[10459],[42],[1],[8],[4|5],[3],[250],[161004],2,998,999,999,2,2,,,,,
32132,-1,,,,-1,-1,-1,1,[500],[63620|63620],[10459],[42],[1],[8],[4|5],[3],[250],[161004],2,998,999,999,2,2,,,,,
32133,-1,,,,-1,-1,-1,1,[500],[63620|63620],[11496],[42],[1],[8],[4|5],[3],[250],[161004],2,998,999,999,2,2,,,,,
32134,-1,,,,-1,-1,-1,1,[500],[63620|63620],[11496],[42],[1],[8],[4|5],[3],[250],[161004],2,998,999,999,2,2,,,,,
32135,-1,,,,-1,-1,-1,1,[500],[63620|63620],[12837],[42],[1],[8],[4|5],[3],[250],[161004],2,998,999,999,2,2,,,,,
32136,-1,,,,-1,-1,-1,1,[500],[64860|64860],[12837],[42],[1],[8],[4|5],[3],[250],[161004],2,998,999,999,2,2,,,,,
32137,-1,,,,-1,-1,-1,1,[500],[64860|64860],[12837],[42],[1],[8],[4|5],[3],[250],[161004],2,998,999,999,2,2,,,,,
32138,-1,,,,-1,-1,-1,1,[500],[64860|64860],[13992],[42],[1],[8],[4|5],[3],[250],[161004],2,998,999,999,2,2,,,,,
32139,-1,,,,-1,-1,-1,1,[500],[64860|64860],[13992],[42],[1],[8],[4|5],[3],[250],[161004],2,998,999,999,2,2,,,,,
32140,-1,,,,-1,-1,-1,1,[500],[64860|64860],[15206],[42],[1],[8],[4|5],[3],[250],[161004],2,998,999,999,2,2,,,,,
32141,-1,,,,-1,-1,-1,1,[500],[66110|66110],[15206],[43],[1],[8],[4|5],[3],[250],[161004],2,998,999,999,2,2,,,,,
32142,-1,,,,-1,-1,-1,1,[500],[66110|66110],[15206],[43],[1],[8],[4|5],[3],[250],[161004],2,998,999,999,2,2,,,,,
32143,-1,,,,-1,-1,-1,1,[500],[66110|66110],[16763],[43],[1],[8],[4|5],[3],[250],[161004],2,998,999,999,2,2,,,,,
32144,-1,,,,-1,-1,-1,1,[500],[66110|66110],[16763],[43],[1],[8],[4|5],[3],[250],[161004],2,998,999,999,2,2,,,,,
32145,-1,,,,-1,-1,-1,1,[500],[66110|66110],[18102],[43],[1],[8],[4|5],[3],[250],[161004],2,998,999,999,2,2,,,,,
32146,-1,,,,-1,-1,-1,1,[500],[67360|67360],[18102],[44],[1],[8],[4|5],[3],[250],[161004],2,998,999,999,2,2,,,,,
32147,-1,,,,-1,-1,-1,1,[500],[67360|67360],[18102],[44],[1],[8],[4|5],[3],[250],[161004],2,998,999,999,2,2,,,,,
32148,-1,,,,-1,-1,-1,1,[500],[67360|67360],[20195],[44],[1],[8],[4|5],[3],[250],[161004],2,998,999,999,2,2,,,,,
32149,-1,,,,-1,-1,-1,1,[500],[67360|67360],[20195],[44],[1],[8],[4|5],[3],[250],[161004],2,998,999,999,2,2,,,,,
32150,-1,,,,-1,-1,-1,1,[500],[67360|67360],[21674],[44],[1],[8],[4|5],[3],[250],[161004],2,998,999,999,2,2,,,,,
32151,-1,,,,-1,-1,-1,1,[500],[67360|67360],[6866],[44],[1],[8],[4|5],[3],[250],[161004],2,998,999,999,2,2,,,,,
32152,-1,,,,-1,-1,-1,1,[500],[67360|67360],[6866],[44],[1],[8],[4|5],[3],[250],[161004],2,998,999,999,2,2,,,,,
32153,-1,,,,-1,-1,-1,1,[500],[67360|67360],[7480],[44],[1],[8],[4|5],[3],[250],[161004],2,998,999,999,2,2,,,,,
32154,-1,,,,-1,-1,-1,1,[500],[67360|67360],[7480],[44],[1],[8],[4|5],[3],[250],[161004],2,998,999,999,2,2,,,,,
32155,-1,,,,-1,-1,-1,1,[500],[67360|67360],[7905],[44],[1],[8],[4|5],[3],[250],[161004],2,998,999,999,2,2,,,,,
32156,-1,,,,-1,-1,-1,1,[500],[68600|68600],[7905],[44],[1],[8],[4|5],[3],[250],[161004],2,998,999,999,2,2,,,,,
32157,-1,,,,-1,-1,-1,1,[500],[68600|68600],[7905],[44],[1],[8],[4|5],[3],[250],[161004],2,998,999,999,2,2,,,,,
32158,-1,,,,-1,-1,-1,1,[500],[68600|68600],[9262],[44],[1],[8],[4|5],[3],[250],[161004],2,998,999,999,2,2,,,,,
32159,-1,,,,-1,-1,-1,1,[500],[68600|68600],[9262],[44],[1],[8],[4|5],[3],[250],[161004],2,998,999,999,2,2,,,,,
32160,-1,,,,-1,-1,-1,1,[500],[68600|68600],[10459],[44],[1],[8],[4|5],[3],[250],[161004],2,998,999,999,2,2,,,,,
32161,-1,,,,-1,-1,-1,1,[500],[69850|69850],[10459],[45],[1],[8],[4|5],[3],[250],[161004],2,998,999,999,2,2,,,,,
32162,-1,,,,-1,-1,-1,1,[500],[69850|69850],[10459],[45],[1],[8],[4|5],[3],[250],[161004],2,998,999,999,2,2,,,,,
32163,-1,,,,-1,-1,-1,1,[500],[69850|69850],[11496],[45],[1],[8],[4|5],[3],[250],[161004],2,998,999,999,2,2,,,,,
32164,-1,,,,-1,-1,-1,1,[500],[69850|69850],[11496],[45],[1],[8],[4|5],[3],[250],[161004],2,998,999,999,2,2,,,,,
32165,-1,,,,-1,-1,-1,1,[500],[69850|69850],[12837],[45],[1],[8],[4|5],[3],[250],[161004],2,998,999,999,2,2,,,,,
32166,-1,,,,-1,-1,-1,1,[500],[71100|71100],[12837],[45],[1],[8],[4|5],[3],[250],[161004],2,998,999,999,2,2,,,,,
32167,-1,,,,-1,-1,-1,1,[500],[71100|71100],[12837],[45],[1],[8],[4|5],[3],[250],[161004],2,998,999,999,2,2,,,,,
32168,-1,,,,-1,-1,-1,1,[500],[71100|71100],[13992],[45],[1],[8],[4|5],[3],[250],[161004],2,998,999,999,2,2,,,,,
32169,-1,,,,-1,-1,-1,1,[500],[71100|71100],[13992],[45],[1],[8],[4|5],[3],[250],[161004],2,998,999,999,2,2,,,,,
32170,-1,,,,-1,-1,-1,1,[500],[71100|71100],[15206],[45],[1],[8],[4|5],[3],[250],[161004],2,998,999,999,2,2,,,,,
32171,-1,,,,-1,-1,-1,1,[500],[72350|72350],[15206],[46],[1],[8],[4|5],[3],[250],[161004],2,998,999,999,2,2,,,,,
32172,-1,,,,-1,-1,-1,1,[500],[72350|72350],[15206],[46],[1],[8],[4|5],[3],[250],[161004],2,998,999,999,2,2,,,,,
32173,-1,,,,-1,-1,-1,1,[500],[72350|72350],[16763],[46],[1],[8],[4|5],[3],[250],[161004],2,998,999,999,2,2,,,,,
32174,-1,,,,-1,-1,-1,1,[500],[72350|72350],[16763],[46],[1],[8],[4|5],[3],[250],[161004],2,998,999,999,2,2,,,,,
32175,-1,,,,-1,-1,-1,1,[500],[72350|72350],[18102],[46],[1],[8],[4|5],[3],[250],[161004],2,998,999,999,2,2,,,,,
32176,-1,,,,-1,-1,-1,1,[500],[73590|73590],[18102],[46],[1],[8],[4|5],[3],[250],[161004],2,998,999,999,2,2,,,,,
32177,-1,,,,-1,-1,-1,1,[500],[73590|73590],[18102],[46],[1],[8],[4|5],[3],[250],[161004],2,998,999,999,2,2,,,,,
32178,-1,,,,-1,-1,-1,1,[500],[73590|73590],[20195],[46],[1],[8],[4|5],[3],[250],[161004],2,998,999,999,2,2,,,,,
32179,-1,,,,-1,-1,-1,1,[500],[73590|73590],[20195],[46],[1],[8],[4|5],[3],[250],[161004],2,998,999,999,2,2,,,,,
32180,-1,,,,-1,-1,-1,1,[500],[73590|73590],[21674],[46],[1],[8],[4|5],[3],[250],[161004],2,998,999,999,2,2,,,,,
32181,-1,,,,-1,-1,-1,1,[500],[80200|80200],[25000],[46],[1],[8],[4|5],[3],[250],[161004],2,998,999,999,2,2,,,,,
32182,-1,,,,-1,-1,-1,1,[500],[80400|80400],[25000],[46],[1],[8],[4|5],[3],[250],[161004],2,998,999,999,2,2,,,,,
32183,-1,,,,-1,-1,-1,1,[500],[80600|80600],[25000],[46],[1],[8],[4|5],[3],[250],[161004],2,998,999,999,2,2,,,,,
32184,-1,,,,-1,-1,-1,1,[500],[80800|80800],[25000],[46],[1],[8],[4|5],[3],[250],[161004],2,998,999,999,2,2,,,,,
32185,-1,,,,-1,-1,-1,1,[500],[81000|81000],[25000],[46],[1],[8],[4|5],[3],[250],[161004],2,998,999,999,2,2,,,,,
32186,-1,,,,-1,-1,-1,1,[500],[81200|81200],[25000],[46],[1],[8],[4|5],[3],[250],[161004],2,998,999,999,2,2,,,,,
32187,-1,,,,-1,-1,-1,1,[500],[81400|81400],[25000],[46],[1],[8],[4|5],[3],[250],[161004],2,998,999,999,2,2,,,,,
32188,-1,,,,-1,-1,-1,1,[500],[81600|81600],[25000],[46],[1],[8],[4|5],[3],[250],[161004],2,998,999,999,2,2,,,,,
32189,-1,,,,-1,-1,-1,1,[500],[81800|81800],[25000],[46],[1],[8],[4|5],[3],[250],[161004],2,998,999,999,2,2,,,,,
32190,-1,,,,-1,-1,-1,1,[500],[82000|82000],[25000],[46],[1],[8],[4|5],[3],[250],[161004],2,998,999,999,2,2,,,,,
32191,-1,,,,-1,-1,-1,1,[500],[82200|82200],[25000],[46],[1],[8],[4|5],[3],[250],[161004],2,998,999,999,2,2,,,,,
32192,-1,,,,-1,-1,-1,1,[500],[82400|82400],[25000],[46],[1],[8],[4|5],[3],[250],[161004],2,998,999,999,2,2,,,,,
32193,-1,,,,-1,-1,-1,1,[500],[82600|82600],[25000],[46],[1],[8],[4|5],[3],[250],[161004],2,998,999,999,2,2,,,,,
32194,-1,,,,-1,-1,-1,1,[500],[82800|82800],[25000],[46],[1],[8],[4|5],[3],[250],[161004],2,998,999,999,2,2,,,,,
32195,-1,,,,-1,-1,-1,1,[500],[83000|83000],[25000],[46],[1],[8],[4|5],[3],[250],[161004],2,998,999,999,2,2,,,,,
32196,-1,,,,-1,-1,-1,1,[500],[83200|83200],[25000],[46],[1],[8],[4|5],[3],[250],[161004],2,998,999,999,2,2,,,,,
32197,-1,,,,-1,-1,-1,1,[500],[83400|83400],[25000],[46],[1],[8],[4|5],[3],[250],[161004],2,998,999,999,2,2,,,,,
32198,-1,,,,-1,-1,-1,1,[500],[83600|83600],[25000],[46],[1],[8],[4|5],[3],[250],[161004],2,998,999,999,2,2,,,,,
32199,-1,,,,-1,-1,-1,1,[500],[83800|83800],[25000],[46],[1],[8],[4|5],[3],[250],[161004],2,998,999,999,2,2,,,,,
32200,-1,,,,-1,-1,-1,1,[500],[84000|84000],[25000],[46],[1],[8],[4|5],[3],[250],[161004],2,998,999,999,2,2,,,,,
32201,-1,,,,-1,-1,-1,1,[500],[84200|84200],[25000],[46],[1],[8],[4|5],[3],[250],[161004],2,998,999,999,2,2,,,,,
32202,-1,,,,-1,-1,-1,1,[500],[84400|84400],[25000],[46],[1],[8],[4|5],[3],[250],[161004],2,998,999,999,2,2,,,,,
32203,-1,,,,-1,-1,-1,1,[500],[84600|84600],[25000],[46],[1],[8],[4|5],[3],[250],[161004],2,998,999,999,2,2,,,,,
32204,-1,,,,-1,-1,-1,1,[500],[84800|84800],[25000],[46],[1],[8],[4|5],[3],[250],[161004],2,998,999,999,2,2,,,,,
32205,-1,,,,-1,-1,-1,1,[500],[85000|85000],[25000],[46],[1],[8],[4|5],[3],[250],[161004],2,998,999,999,2,2,,,,,
32206,-1,,,,-1,-1,-1,1,[500],[85200|85200],[25000],[46],[1],[8],[4|5],[3],[250],[161004],2,998,999,999,2,2,,,,,
32207,-1,,,,-1,-1,-1,1,[500],[85400|85400],[25000],[46],[1],[8],[4|5],[3],[250],[161004],2,998,999,999,2,2,,,,,
32208,-1,,,,-1,-1,-1,1,[500],[85600|85600],[25000],[46],[1],[8],[4|5],[3],[250],[161004],2,998,999,999,2,2,,,,,
32209,-1,,,,-1,-1,-1,1,[500],[85800|85800],[25000],[46],[1],[8],[4|5],[3],[250],[161004],2,998,999,999,2,2,,,,,
32210,-1,,,,-1,-1,-1,1,[500],[86000|86000],[25000],[46],[1],[8],[4|5],[3],[250],[161004],2,998,999,999,2,2,,,,,
32211,-1,,,,-1,-1,-1,1,[500],[86200|86200],[25000],[46],[1],[8],[4|5],[3],[250],[161004],2,998,999,999,2,2,,,,,
32212,-1,,,,-1,-1,-1,1,[500],[86400|86400],[25000],[46],[1],[8],[4|5],[3],[250],[161004],2,998,999,999,2,2,,,,,
32213,-1,,,,-1,-1,-1,1,[500],[86600|86600],[25000],[46],[1],[8],[4|5],[3],[250],[161004],2,998,999,999,2,2,,,,,
32214,-1,,,,-1,-1,-1,1,[500],[86800|86800],[25000],[46],[1],[8],[4|5],[3],[250],[161004],2,998,999,999,2,2,,,,,
32215,-1,,,,-1,-1,-1,1,[500],[87000|87000],[25000],[46],[1],[8],[4|5],[3],[250],[161004],2,998,999,999,2,2,,,,,
32216,-1,,,,-1,-1,-1,1,[500],[87200|87200],[25000],[46],[1],[8],[4|5],[3],[250],[161004],2,998,999,999,2,2,,,,,
32217,-1,,,,-1,-1,-1,1,[500],[87400|87400],[25000],[46],[1],[8],[4|5],[3],[250],[161004],2,998,999,999,2,2,,,,,
32218,-1,,,,-1,-1,-1,1,[500],[87600|87600],[25000],[46],[1],[8],[4|5],[3],[250],[161004],2,998,999,999,2,2,,,,,
32219,-1,,,,-1,-1,-1,1,[500],[87800|87800],[25000],[46],[1],[8],[4|5],[3],[250],[161004],2,998,999,999,2,2,,,,,
32220,-1,,,,-1,-1,-1,1,[500],[88000|88000],[25000],[46],[1],[8],[4|5],[3],[250],[161004],2,998,999,999,2,2,,,,,
32221,-1,,,,-1,-1,-1,1,[500],[88200|88200],[25000],[46],[1],[8],[4|5],[3],[250],[161004],2,998,999,999,2,2,,,,,
32222,-1,,,,-1,-1,-1,1,[500],[88400|88400],[25000],[46],[1],[8],[4|5],[3],[250],[161004],2,998,999,999,2,2,,,,,
32223,-1,,,,-1,-1,-1,1,[500],[88600|88600],[25000],[46],[1],[8],[4|5],[3],[250],[161004],2,998,999,999,2,2,,,,,
32224,-1,,,,-1,-1,-1,1,[500],[88800|88800],[25000],[46],[1],[8],[4|5],[3],[250],[161004],2,998,999,999,2,2,,,,,
32225,-1,,,,-1,-1,-1,1,[500],[89000|89000],[25000],[46],[1],[8],[4|5],[3],[250],[161004],2,998,999,999,2,2,,,,,
32226,-1,,,,-1,-1,-1,1,[500],[89200|89200],[25000],[46],[1],[8],[4|5],[3],[250],[161004],2,998,999,999,2,2,,,,,
32227,-1,,,,-1,-1,-1,1,[500],[89400|89400],[25000],[46],[1],[8],[4|5],[3],[250],[161004],2,998,999,999,2,2,,,,,
32228,-1,,,,-1,-1,-1,1,[500],[89600|89600],[25000],[46],[1],[8],[4|5],[3],[250],[161004],2,998,999,999,2,2,,,,,
32229,-1,,,,-1,-1,-1,1,[500],[89800|89800],[25000],[46],[1],[8],[4|5],[3],[250],[161004],2,998,999,999,2,2,,,,,
32230,-1,,,,-1,-1,-1,1,[500],[90000|90000],[25000],[46],[1],[8],[4|5],[3],[250],[161004],2,998,999,999,2,2,,,,,
32231,-1,,,,-1,-1,-1,1,[500],[90200|90200],[25000],[46],[1],[8],[4|5],[3],[250],[161004],2,998,999,999,2,2,,,,,
32232,-1,,,,-1,-1,-1,1,[500],[90400|90400],[25000],[46],[1],[8],[4|5],[3],[250],[161004],2,998,999,999,2,2,,,,,
32233,-1,,,,-1,-1,-1,1,[500],[90600|90600],[25000],[46],[1],[8],[4|5],[3],[250],[161004],2,998,999,999,2,2,,,,,
32234,-1,,,,-1,-1,-1,1,[500],[90800|90800],[25000],[46],[1],[8],[4|5],[3],[250],[161004],2,998,999,999,2,2,,,,,
32235,-1,,,,-1,-1,-1,1,[500],[91000|91000],[25000],[46],[1],[8],[4|5],[3],[250],[161004],2,998,999,999,2,2,,,,,
32236,-1,,,,-1,-1,-1,1,[500],[91200|91200],[25000],[46],[1],[8],[4|5],[3],[250],[161004],2,998,999,999,2,2,,,,,
32237,-1,,,,-1,-1,-1,1,[500],[91400|91400],[25000],[46],[1],[8],[4|5],[3],[250],[161004],2,998,999,999,2,2,,,,,
32238,-1,,,,-1,-1,-1,1,[500],[91600|91600],[25000],[46],[1],[8],[4|5],[3],[250],[161004],2,998,999,999,2,2,,,,,
32239,-1,,,,-1,-1,-1,1,[500],[91800|91800],[25000],[46],[1],[8],[4|5],[3],[250],[161004],2,998,999,999,2,2,,,,,
32240,-1,,,,-1,-1,-1,1,[500],[92000|92000],[25000],[46],[1],[8],[4|5],[3],[250],[161004],2,998,999,999,2,2,,,,,
32241,-1,,,,-1,-1,-1,1,[500],[92200|92200],[25000],[46],[1],[8],[4|5],[3],[250],[161004],2,998,999,999,2,2,,,,,
32242,-1,,,,-1,-1,-1,1,[500],[92400|92400],[25000],[46],[1],[8],[4|5],[3],[250],[161004],2,998,999,999,2,2,,,,,
32243,-1,,,,-1,-1,-1,1,[500],[92600|92600],[25000],[46],[1],[8],[4|5],[3],[250],[161004],2,998,999,999,2,2,,,,,
32244,-1,,,,-1,-1,-1,1,[500],[92800|92800],[25000],[46],[1],[8],[4|5],[3],[250],[161004],2,998,999,999,2,2,,,,,
32245,-1,,,,-1,-1,-1,1,[500],[93000|93000],[25000],[46],[1],[8],[4|5],[3],[250],[161004],2,998,999,999,2,2,,,,,
32246,-1,,,,-1,-1,-1,1,[500],[93200|93200],[25000],[46],[1],[8],[4|5],[3],[250],[161004],2,998,999,999,2,2,,,,,
32247,-1,,,,-1,-1,-1,1,[500],[93400|93400],[25000],[46],[1],[8],[4|5],[3],[250],[161004],2,998,999,999,2,2,,,,,
32248,-1,,,,-1,-1,-1,1,[500],[93600|93600],[25000],[46],[1],[8],[4|5],[3],[250],[161004],2,998,999,999,2,2,,,,,
32249,-1,,,,-1,-1,-1,1,[500],[93800|93800],[25000],[46],[1],[8],[4|5],[3],[250],[161004],2,998,999,999,2,2,,,,,
32250,-1,,,,-1,-1,-1,1,[500],[94000|94000],[25000],[46],[1],[8],[4|5],[3],[250],[161004],2,998,999,999,2,2,,,,,
32251,-1,,,,-1,-1,-1,1,[500],[94200|94200],[25000],[46],[1],[8],[4|5],[3],[250],[161004],2,998,999,999,2,2,,,,,
32252,-1,,,,-1,-1,-1,1,[500],[94400|94400],[25000],[46],[1],[8],[4|5],[3],[250],[161004],2,998,999,999,2,2,,,,,
32253,-1,,,,-1,-1,-1,1,[500],[94600|94600],[25000],[46],[1],[8],[4|5],[3],[250],[161004],2,998,999,999,2,2,,,,,
32254,-1,,,,-1,-1,-1,1,[500],[94800|94800],[25000],[46],[1],[8],[4|5],[3],[250],[161004],2,998,999,999,2,2,,,,,
32255,-1,,,,-1,-1,-1,1,[500],[95000|95000],[25000],[46],[1],[8],[4|5],[3],[250],[161004],2,998,999,999,2,2,,,,,
32256,-1,,,,-1,-1,-1,1,[500],[95200|95200],[25000],[46],[1],[8],[4|5],[3],[250],[161004],2,998,999,999,2,2,,,,,
32257,-1,,,,-1,-1,-1,1,[500],[95400|95400],[25000],[46],[1],[8],[4|5],[3],[250],[161004],2,998,999,999,2,2,,,,,
32258,-1,,,,-1,-1,-1,1,[500],[95600|95600],[25000],[46],[1],[8],[4|5],[3],[250],[161004],2,998,999,999,2,2,,,,,
32259,-1,,,,-1,-1,-1,1,[500],[95800|95800],[25000],[46],[1],[8],[4|5],[3],[250],[161004],2,998,999,999,2,2,,,,,
32260,-1,,,,-1,-1,-1,1,[500],[96000|96000],[25000],[46],[1],[8],[4|5],[3],[250],[161004],2,998,999,999,2,2,,,,,
32261,-1,,,,-1,-1,-1,1,[500],[96200|96200],[25000],[46],[1],[8],[4|5],[3],[250],[161004],2,998,999,999,2,2,,,,,
32262,-1,,,,-1,-1,-1,1,[500],[96400|96400],[25000],[46],[1],[8],[4|5],[3],[250],[161004],2,998,999,999,2,2,,,,,
32263,-1,,,,-1,-1,-1,1,[500],[96600|96600],[25000],[46],[1],[8],[4|5],[3],[250],[161004],2,998,999,999,2,2,,,,,
32264,-1,,,,-1,-1,-1,1,[500],[96800|96800],[25000],[46],[1],[8],[4|5],[3],[250],[161004],2,998,999,999,2,2,,,,,
32265,-1,,,,-1,-1,-1,1,[500],[97000|97000],[25000],[46],[1],[8],[4|5],[3],[250],[161004],2,998,999,999,2,2,,,,,
32266,-1,,,,-1,-1,-1,1,[500],[97200|97200],[25000],[46],[1],[8],[4|5],[3],[250],[161004],2,998,999,999,2,2,,,,,
32267,-1,,,,-1,-1,-1,1,[500],[97400|97400],[25000],[46],[1],[8],[4|5],[3],[250],[161004],2,998,999,999,2,2,,,,,
32268,-1,,,,-1,-1,-1,1,[500],[97600|97600],[25000],[46],[1],[8],[4|5],[3],[250],[161004],2,998,999,999,2,2,,,,,
32269,-1,,,,-1,-1,-1,1,[500],[97800|97800],[25000],[46],[1],[8],[4|5],[3],[250],[161004],2,998,999,999,2,2,,,,,
32270,-1,,,,-1,-1,-1,1,[500],[98000|98000],[25000],[46],[1],[8],[4|5],[3],[250],[161004],2,998,999,999,2,2,,,,,
32271,-1,,,,-1,-1,-1,1,[500],[98200|98200],[25000],[46],[1],[8],[4|5],[3],[250],[161004],2,998,999,999,2,2,,,,,
32272,-1,,,,-1,-1,-1,1,[500],[98400|98400],[25000],[46],[1],[8],[4|5],[3],[250],[161004],2,998,999,999,2,2,,,,,
32273,-1,,,,-1,-1,-1,1,[500],[98600|98600],[25000],[46],[1],[8],[4|5],[3],[250],[161004],2,998,999,999,2,2,,,,,
32274,-1,,,,-1,-1,-1,1,[500],[98800|98800],[25000],[46],[1],[8],[4|5],[3],[250],[161004],2,998,999,999,2,2,,,,,
32275,-1,,,,-1,-1,-1,1,[500],[99000|99000],[25000],[46],[1],[8],[4|5],[3],[250],[161004],2,998,999,999,2,2,,,,,
32276,-1,,,,-1,-1,-1,1,[500],[99200|99200],[25000],[46],[1],[8],[4|5],[3],[250],[161004],2,998,999,999,2,2,,,,,
32277,-1,,,,-1,-1,-1,1,[500],[99400|99400],[25000],[46],[1],[8],[4|5],[3],[250],[161004],2,998,999,999,2,2,,,,,
32278,-1,,,,-1,-1,-1,1,[500],[99600|99600],[25000],[46],[1],[8],[4|5],[3],[250],[161004],2,998,999,999,2,2,,,,,
32279,-1,,,,-1,-1,-1,1,[500],[99800|99800],[25000],[46],[1],[8],[4|5],[3],[250],[161004],2,998,999,999,2,2,,,,,
32280,-1,,,,-1,-1,-1,1,[500],[100000|100000],[25000],[46],[1],[8],[4|5],[3],[250],[161004],2,998,999,999,2,2,,,,,
32281,-1,,,,-1,-1,-1,1,[500],[100200|100200],[25000],[46],[1],[8],[4|5],[3],[250],[161004],2,998,999,999,2,2,,,,,
32282,-1,,,,-1,-1,-1,1,[500],[100400|100400],[25000],[46],[1],[8],[4|5],[3],[250],[161004],2,998,999,999,2,2,,,,,
32283,-1,,,,-1,-1,-1,1,[500],[100600|100600],[25000],[46],[1],[8],[4|5],[3],[250],[161004],2,998,999,999,2,2,,,,,
32284,-1,,,,-1,-1,-1,1,[500],[100800|100800],[25000],[46],[1],[8],[4|5],[3],[250],[161004],2,998,999,999,2,2,,,,,
32285,-1,,,,-1,-1,-1,1,[500],[101000|101000],[25000],[46],[1],[8],[4|5],[3],[250],[161004],2,998,999,999,2,2,,,,,
32286,-1,,,,-1,-1,-1,1,[500],[101200|101200],[25000],[46],[1],[8],[4|5],[3],[250],[161004],2,998,999,999,2,2,,,,,
32287,-1,,,,-1,-1,-1,1,[500],[101400|101400],[25000],[46],[1],[8],[4|5],[3],[250],[161004],2,998,999,999,2,2,,,,,
32288,-1,,,,-1,-1,-1,1,[500],[101600|101600],[25000],[46],[1],[8],[4|5],[3],[250],[161004],2,998,999,999,2,2,,,,,
32289,-1,,,,-1,-1,-1,1,[500],[101800|101800],[25000],[46],[1],[8],[4|5],[3],[250],[161004],2,998,999,999,2,2,,,,,
32290,-1,,,,-1,-1,-1,1,[500],[102000|102000],[25000],[46],[1],[8],[4|5],[3],[250],[161004],2,998,999,999,2,2,,,,,
32291,-1,,,,-1,-1,-1,1,[500],[102200|102200],[25000],[46],[1],[8],[4|5],[3],[250],[161004],2,998,999,999,2,2,,,,,
32292,-1,,,,-1,-1,-1,1,[500],[102400|102400],[25000],[46],[1],[8],[4|5],[3],[250],[161004],2,998,999,999,2,2,,,,,
32293,-1,,,,-1,-1,-1,1,[500],[102600|102600],[25000],[46],[1],[8],[4|5],[3],[250],[161004],2,998,999,999,2,2,,,,,
32294,-1,,,,-1,-1,-1,1,[500],[102800|102800],[25000],[46],[1],[8],[4|5],[3],[250],[161004],2,998,999,999,2,2,,,,,
32295,-1,,,,-1,-1,-1,1,[500],[103000|103000],[25000],[46],[1],[8],[4|5],[3],[250],[161004],2,998,999,999,2,2,,,,,
32296,-1,,,,-1,-1,-1,1,[500],[103200|103200],[25000],[46],[1],[8],[4|5],[3],[250],[161004],2,998,999,999,2,2,,,,,
32297,-1,,,,-1,-1,-1,1,[500],[103400|103400],[25000],[46],[1],[8],[4|5],[3],[250],[161004],2,998,999,999,2,2,,,,,
32298,-1,,,,-1,-1,-1,1,[500],[103600|103600],[25000],[46],[1],[8],[4|5],[3],[250],[161004],2,998,999,999,2,2,,,,,
32299,-1,,,,-1,-1,-1,1,[500],[103800|103800],[25000],[46],[1],[8],[4|5],[3],[250],[161004],2,998,999,999,2,2,,,,,
32300,-1,,,,-1,-1,-1,1,[500],[104000|104000],[25000],[46],[1],[8],[4|5],[3],[250],[161004],2,998,999,999,2,2,,,,,
32301,-1,,,,-1,-1,-1,1,[500],[104200|104200],[25000],[46],[1],[8],[4|5],[3],[250],[161004],2,998,999,999,2,2,,,,,
32302,-1,,,,-1,-1,-1,1,[500],[104400|104400],[25000],[46],[1],[8],[4|5],[3],[250],[161004],2,998,999,999,2,2,,,,,
32303,-1,,,,-1,-1,-1,1,[500],[104600|104600],[25000],[46],[1],[8],[4|5],[3],[250],[161004],2,998,999,999,2,2,,,,,
32304,-1,,,,-1,-1,-1,1,[500],[104800|104800],[25000],[46],[1],[8],[4|5],[3],[250],[161004],2,998,999,999,2,2,,,,,
32305,-1,,,,-1,-1,-1,1,[500],[105000|105000],[25000],[46],[1],[8],[4|5],[3],[250],[161004],2,998,999,999,2,2,,,,,
32306,-1,,,,-1,-1,-1,1,[500],[105200|105200],[25000],[46],[1],[8],[4|5],[3],[250],[161004],2,998,999,999,2,2,,,,,
32307,-1,,,,-1,-1,-1,1,[500],[105400|105400],[25000],[46],[1],[8],[4|5],[3],[250],[161004],2,998,999,999,2,2,,,,,
32308,-1,,,,-1,-1,-1,1,[500],[105600|105600],[25000],[46],[1],[8],[4|5],[3],[250],[161004],2,998,999,999,2,2,,,,,
32309,-1,,,,-1,-1,-1,1,[500],[105800|105800],[25000],[46],[1],[8],[4|5],[3],[250],[161004],2,998,999,999,2,2,,,,,
32310,-1,,,,-1,-1,-1,1,[500],[106000|106000],[25000],[46],[1],[8],[4|5],[3],[250],[161004],2,998,999,999,2,2,,,,,
32311,-1,,,,-1,-1,-1,1,[500],[106200|106200],[25000],[46],[1],[8],[4|5],[3],[250],[161004],2,998,999,999,2,2,,,,,
32312,-1,,,,-1,-1,-1,1,[500],[106400|106400],[25000],[46],[1],[8],[4|5],[3],[250],[161004],2,998,999,999,2,2,,,,,
32313,-1,,,,-1,-1,-1,1,[500],[106600|106600],[25000],[46],[1],[8],[4|5],[3],[250],[161004],2,998,999,999,2,2,,,,,
32314,-1,,,,-1,-1,-1,1,[500],[106800|106800],[25000],[46],[1],[8],[4|5],[3],[250],[161004],2,998,999,999,2,2,,,,,
32315,-1,,,,-1,-1,-1,1,[500],[107000|107000],[25000],[46],[1],[8],[4|5],[3],[250],[161004],2,998,999,999,2,2,,,,,
32316,-1,,,,-1,-1,-1,1,[500],[107200|107200],[25000],[46],[1],[8],[4|5],[3],[250],[161004],2,998,999,999,2,2,,,,,
32317,-1,,,,-1,-1,-1,1,[500],[107400|107400],[25000],[46],[1],[8],[4|5],[3],[250],[161004],2,998,999,999,2,2,,,,,
32318,-1,,,,-1,-1,-1,1,[500],[107600|107600],[25000],[46],[1],[8],[4|5],[3],[250],[161004],2,998,999,999,2,2,,,,,
32319,-1,,,,-1,-1,-1,1,[500],[107800|107800],[25000],[46],[1],[8],[4|5],[3],[250],[161004],2,998,999,999,2,2,,,,,
32320,-1,,,,-1,-1,-1,1,[500],[108000|108000],[25000],[46],[1],[8],[4|5],[3],[250],[161004],2,998,999,999,2,2,,,,,
32321,-1,,,,-1,-1,-1,1,[500],[108200|108200],[25000],[46],[1],[8],[4|5],[3],[250],[161004],2,998,999,999,2,2,,,,,
32322,-1,,,,-1,-1,-1,1,[500],[108400|108400],[25000],[46],[1],[8],[4|5],[3],[250],[161004],2,998,999,999,2,2,,,,,
32323,-1,,,,-1,-1,-1,1,[500],[108600|108600],[25000],[46],[1],[8],[4|5],[3],[250],[161004],2,998,999,999,2,2,,,,,
32324,-1,,,,-1,-1,-1,1,[500],[108800|108800],[25000],[46],[1],[8],[4|5],[3],[250],[161004],2,998,999,999,2,2,,,,,
32325,-1,,,,-1,-1,-1,1,[500],[109000|109000],[25000],[46],[1],[8],[4|5],[3],[250],[161004],2,998,999,999,2,2,,,,,
32326,-1,,,,-1,-1,-1,1,[500],[109200|109200],[25000],[46],[1],[8],[4|5],[3],[250],[161004],2,998,999,999,2,2,,,,,
32327,-1,,,,-1,-1,-1,1,[500],[109400|109400],[25000],[46],[1],[8],[4|5],[3],[250],[161004],2,998,999,999,2,2,,,,,
32328,-1,,,,-1,-1,-1,1,[500],[109600|109600],[25000],[46],[1],[8],[4|5],[3],[250],[161004],2,998,999,999,2,2,,,,,
32329,-1,,,,-1,-1,-1,1,[500],[109800|109800],[25000],[46],[1],[8],[4|5],[3],[250],[161004],2,998,999,999,2,2,,,,,
32330,-1,,,,-1,-1,-1,1,[500],[110000|110000],[25000],[46],[1],[8],[4|5],[3],[250],[161004],2,998,999,999,2,2,,,,,
32331,-1,,,,-1,-1,-1,1,[500],[110200|110200],[25000],[46],[1],[8],[4|5],[3],[250],[161004],2,998,999,999,2,2,,,,,
32332,-1,,,,-1,-1,-1,1,[500],[110400|110400],[25000],[46],[1],[8],[4|5],[3],[250],[161004],2,998,999,999,2,2,,,,,
32333,-1,,,,-1,-1,-1,1,[500],[110600|110600],[25000],[46],[1],[8],[4|5],[3],[250],[161004],2,998,999,999,2,2,,,,,
32334,-1,,,,-1,-1,-1,1,[500],[110800|110800],[25000],[46],[1],[8],[4|5],[3],[250],[161004],2,998,999,999,2,2,,,,,
32335,-1,,,,-1,-1,-1,1,[500],[111000|111000],[25000],[46],[1],[8],[4|5],[3],[250],[161004],2,998,999,999,2,2,,,,,
32336,-1,,,,-1,-1,-1,1,[500],[111200|111200],[25000],[46],[1],[8],[4|5],[3],[250],[161004],2,998,999,999,2,2,,,,,
32337,-1,,,,-1,-1,-1,1,[500],[111400|111400],[25000],[46],[1],[8],[4|5],[3],[250],[161004],2,998,999,999,2,2,,,,,
32338,-1,,,,-1,-1,-1,1,[500],[111600|111600],[25000],[46],[1],[8],[4|5],[3],[250],[161004],2,998,999,999,2,2,,,,,
32339,-1,,,,-1,-1,-1,1,[500],[111800|111800],[25000],[46],[1],[8],[4|5],[3],[250],[161004],2,998,999,999,2,2,,,,,
32340,-1,,,,-1,-1,-1,1,[500],[112000|112000],[25000],[46],[1],[8],[4|5],[3],[250],[161004],2,998,999,999,2,2,,,,,
32341,-1,,,,-1,-1,-1,1,[500],[112200|112200],[25000],[46],[1],[8],[4|5],[3],[250],[161004],2,998,999,999,2,2,,,,,
32342,-1,,,,-1,-1,-1,1,[500],[112400|112400],[25000],[46],[1],[8],[4|5],[3],[250],[161004],2,998,999,999,2,2,,,,,
32343,-1,,,,-1,-1,-1,1,[500],[112600|112600],[25000],[46],[1],[8],[4|5],[3],[250],[161004],2,998,999,999,2,2,,,,,
32344,-1,,,,-1,-1,-1,1,[500],[112800|112800],[25000],[46],[1],[8],[4|5],[3],[250],[161004],2,998,999,999,2,2,,,,,
32345,-1,,,,-1,-1,-1,1,[500],[113000|113000],[25000],[46],[1],[8],[4|5],[3],[250],[161004],2,998,999,999,2,2,,,,,
32346,-1,,,,-1,-1,-1,1,[500],[113200|113200],[25000],[46],[1],[8],[4|5],[3],[250],[161004],2,998,999,999,2,2,,,,,
32347,-1,,,,-1,-1,-1,1,[500],[113400|113400],[25000],[46],[1],[8],[4|5],[3],[250],[161004],2,998,999,999,2,2,,,,,
32348,-1,,,,-1,-1,-1,1,[500],[113600|113600],[25000],[46],[1],[8],[4|5],[3],[250],[161004],2,998,999,999,2,2,,,,,
32349,-1,,,,-1,-1,-1,1,[500],[113800|113800],[25000],[46],[1],[8],[4|5],[3],[250],[161004],2,998,999,999,2,2,,,,,
32350,-1,,,,-1,-1,-1,1,[500],[114000|114000],[25000],[46],[1],[8],[4|5],[3],[250],[161004],2,998,999,999,2,2,,,,,
32351,-1,,,,-1,-1,-1,1,[500],[114200|114200],[25000],[46],[1],[8],[4|5],[3],[250],[161004],2,998,999,999,2,2,,,,,
32352,-1,,,,-1,-1,-1,1,[500],[114400|114400],[25000],[46],[1],[8],[4|5],[3],[250],[161004],2,998,999,999,2,2,,,,,
32353,-1,,,,-1,-1,-1,1,[500],[114600|114600],[25000],[46],[1],[8],[4|5],[3],[250],[161004],2,998,999,999,2,2,,,,,
32354,-1,,,,-1,-1,-1,1,[500],[114800|114800],[25000],[46],[1],[8],[4|5],[3],[250],[161004],2,998,999,999,2,2,,,,,
32355,-1,,,,-1,-1,-1,1,[500],[115000|115000],[25000],[46],[1],[8],[4|5],[3],[250],[161004],2,998,999,999,2,2,,,,,
32356,-1,,,,-1,-1,-1,1,[500],[115200|115200],[25000],[46],[1],[8],[4|5],[3],[250],[161004],2,998,999,999,2,2,,,,,
32357,-1,,,,-1,-1,-1,1,[500],[115400|115400],[25000],[46],[1],[8],[4|5],[3],[250],[161004],2,998,999,999,2,2,,,,,
32358,-1,,,,-1,-1,-1,1,[500],[115600|115600],[25000],[46],[1],[8],[4|5],[3],[250],[161004],2,998,999,999,2,2,,,,,
32359,-1,,,,-1,-1,-1,1,[500],[115800|115800],[25000],[46],[1],[8],[4|5],[3],[250],[161004],2,998,999,999,2,2,,,,,
32360,-1,,,,-1,-1,-1,1,[500],[116000|116000],[25000],[46],[1],[8],[4|5],[3],[250],[161004],2,998,999,999,2,2,,,,,
32361,-1,,,,-1,-1,-1,1,[500],[116200|116200],[25000],[46],[1],[8],[4|5],[3],[250],[161004],2,998,999,999,2,2,,,,,
32362,-1,,,,-1,-1,-1,1,[500],[116400|116400],[25000],[46],[1],[8],[4|5],[3],[250],[161004],2,998,999,999,2,2,,,,,
32363,-1,,,,-1,-1,-1,1,[500],[116600|116600],[25000],[46],[1],[8],[4|5],[3],[250],[161004],2,998,999,999,2,2,,,,,
32364,-1,,,,-1,-1,-1,1,[500],[116800|116800],[25000],[46],[1],[8],[4|5],[3],[250],[161004],2,998,999,999,2,2,,,,,
32365,-1,,,,-1,-1,-1,1,[500],[117000|117000],[25000],[46],[1],[8],[4|5],[3],[250],[161004],2,998,999,999,2,2,,,,,
32366,-1,,,,-1,-1,-1,1,[500],[117200|117200],[25000],[46],[1],[8],[4|5],[3],[250],[161004],2,998,999,999,2,2,,,,,
32367,-1,,,,-1,-1,-1,1,[500],[117400|117400],[25000],[46],[1],[8],[4|5],[3],[250],[161004],2,998,999,999,2,2,,,,,
32368,-1,,,,-1,-1,-1,1,[500],[117600|117600],[25000],[46],[1],[8],[4|5],[3],[250],[161004],2,998,999,999,2,2,,,,,
32369,-1,,,,-1,-1,-1,1,[500],[117800|117800],[25000],[46],[1],[8],[4|5],[3],[250],[161004],2,998,999,999,2,2,,,,,
32370,-1,,,,-1,-1,-1,1,[500],[118000|118000],[25000],[46],[1],[8],[4|5],[3],[250],[161004],2,998,999,999,2,2,,,,,
32371,-1,,,,-1,-1,-1,1,[500],[118200|118200],[25000],[46],[1],[8],[4|5],[3],[250],[161004],2,998,999,999,2,2,,,,,
32372,-1,,,,-1,-1,-1,1,[500],[118400|118400],[25000],[46],[1],[8],[4|5],[3],[250],[161004],2,998,999,999,2,2,,,,,
32373,-1,,,,-1,-1,-1,1,[500],[118600|118600],[25000],[46],[1],[8],[4|5],[3],[250],[161004],2,998,999,999,2,2,,,,,
32374,-1,,,,-1,-1,-1,1,[500],[118800|118800],[25000],[46],[1],[8],[4|5],[3],[250],[161004],2,998,999,999,2,2,,,,,
32375,-1,,,,-1,-1,-1,1,[500],[119000|119000],[25000],[46],[1],[8],[4|5],[3],[250],[161004],2,998,999,999,2,2,,,,,
32376,-1,,,,-1,-1,-1,1,[500],[119200|119200],[25000],[46],[1],[8],[4|5],[3],[250],[161004],2,998,999,999,2,2,,,,,
32377,-1,,,,-1,-1,-1,1,[500],[119400|119400],[25000],[46],[1],[8],[4|5],[3],[250],[161004],2,998,999,999,2,2,,,,,
32378,-1,,,,-1,-1,-1,1,[500],[119600|119600],[25000],[46],[1],[8],[4|5],[3],[250],[161004],2,998,999,999,2,2,,,,,
32379,-1,,,,-1,-1,-1,1,[500],[119800|119800],[25000],[46],[1],[8],[4|5],[3],[250],[161004],2,998,999,999,2,2,,,,,
32380,-1,,,,-1,-1,-1,1,[500],[120000|120000],[25000],[46],[1],[8],[4|5],[3],[250],[161004],2,998,999,999,2,2,,,,,
32381,-1,,,,-1,-1,-1,1,[500],[120200|120200],[25000],[46],[1],[8],[4|5],[3],[250],[161004],2,998,999,999,2,2,,,,,
32382,-1,,,,-1,-1,-1,1,[500],[120400|120400],[25000],[46],[1],[8],[4|5],[3],[250],[161004],2,998,999,999,2,2,,,,,
32383,-1,,,,-1,-1,-1,1,[500],[120600|120600],[25000],[46],[1],[8],[4|5],[3],[250],[161004],2,998,999,999,2,2,,,,,
32384,-1,,,,-1,-1,-1,1,[500],[120800|120800],[25000],[46],[1],[8],[4|5],[3],[250],[161004],2,998,999,999,2,2,,,,,
32385,-1,,,,-1,-1,-1,1,[500],[121000|121000],[25000],[46],[1],[8],[4|5],[3],[250],[161004],2,998,999,999,2,2,,,,,
32386,-1,,,,-1,-1,-1,1,[500],[121200|121200],[25000],[46],[1],[8],[4|5],[3],[250],[161004],2,998,999,999,2,2,,,,,
32387,-1,,,,-1,-1,-1,1,[500],[121400|121400],[25000],[46],[1],[8],[4|5],[3],[250],[161004],2,998,999,999,2,2,,,,,
32388,-1,,,,-1,-1,-1,1,[500],[121600|121600],[25000],[46],[1],[8],[4|5],[3],[250],[161004],2,998,999,999,2,2,,,,,
32389,-1,,,,-1,-1,-1,1,[500],[121800|121800],[25000],[46],[1],[8],[4|5],[3],[250],[161004],2,998,999,999,2,2,,,,,
32390,-1,,,,-1,-1,-1,1,[500],[122000|122000],[25000],[46],[1],[8],[4|5],[3],[250],[161004],2,998,999,999,2,2,,,,,
32391,-1,,,,-1,-1,-1,1,[500],[122200|122200],[25000],[46],[1],[8],[4|5],[3],[250],[161004],2,998,999,999,2,2,,,,,
32392,-1,,,,-1,-1,-1,1,[500],[122400|122400],[25000],[46],[1],[8],[4|5],[3],[250],[161004],2,998,999,999,2,2,,,,,
32393,-1,,,,-1,-1,-1,1,[500],[122600|122600],[25000],[46],[1],[8],[4|5],[3],[250],[161004],2,998,999,999,2,2,,,,,
32394,-1,,,,-1,-1,-1,1,[500],[122800|122800],[25000],[46],[1],[8],[4|5],[3],[250],[161004],2,998,999,999,2,2,,,,,
32395,-1,,,,-1,-1,-1,1,[500],[123000|123000],[25000],[46],[1],[8],[4|5],[3],[250],[161004],2,998,999,999,2,2,,,,,
32396,-1,,,,-1,-1,-1,1,[500],[123200|123200],[25000],[46],[1],[8],[4|5],[3],[250],[161004],2,998,999,999,2,2,,,,,
32397,-1,,,,-1,-1,-1,1,[500],[123400|123400],[25000],[46],[1],[8],[4|5],[3],[250],[161004],2,998,999,999,2,2,,,,,
32398,-1,,,,-1,-1,-1,1,[500],[123600|123600],[25000],[46],[1],[8],[4|5],[3],[250],[161004],2,998,999,999,2,2,,,,,
32399,-1,,,,-1,-1,-1,1,[500],[123800|123800],[25000],[46],[1],[8],[4|5],[3],[250],[161004],2,998,999,999,2,2,,,,,
32400,-1,,,,-1,-1,-1,1,[500],[124000|124000],[25000],[46],[1],[8],[4|5],[3],[250],[161004],2,998,999,999,2,2,,,,,
32401,-1,,,,-1,-1,-1,1,[500],[124200|124200],[25000],[46],[1],[8],[4|5],[3],[250],[161004],2,998,999,999,2,2,,,,,
32402,-1,,,,-1,-1,-1,1,[500],[124400|124400],[25000],[46],[1],[8],[4|5],[3],[250],[161004],2,998,999,999,2,2,,,,,
32403,-1,,,,-1,-1,-1,1,[500],[124600|124600],[25000],[46],[1],[8],[4|5],[3],[250],[161004],2,998,999,999,2,2,,,,,
32404,-1,,,,-1,-1,-1,1,[500],[124800|124800],[25000],[46],[1],[8],[4|5],[3],[250],[161004],2,998,999,999,2,2,,,,,
32405,-1,,,,-1,-1,-1,1,[500],[125000|125000],[25000],[46],[1],[8],[4|5],[3],[250],[161004],2,998,999,999,2,2,,,,,
32406,-1,,,,-1,-1,-1,1,[500],[125200|125200],[25000],[46],[1],[8],[4|5],[3],[250],[161004],2,998,999,999,2,2,,,,,
32407,-1,,,,-1,-1,-1,1,[500],[125400|125400],[25000],[46],[1],[8],[4|5],[3],[250],[161004],2,998,999,999,2,2,,,,,
32408,-1,,,,-1,-1,-1,1,[500],[125600|125600],[25000],[46],[1],[8],[4|5],[3],[250],[161004],2,998,999,999,2,2,,,,,
32409,-1,,,,-1,-1,-1,1,[500],[125800|125800],[25000],[46],[1],[8],[4|5],[3],[250],[161004],2,998,999,999,2,2,,,,,
32410,-1,,,,-1,-1,-1,1,[500],[126000|126000],[25000],[46],[1],[8],[4|5],[3],[250],[161004],2,998,999,999,2,2,,,,,
32411,-1,,,,-1,-1,-1,1,[500],[126200|126200],[25000],[46],[1],[8],[4|5],[3],[250],[161004],2,998,999,999,2,2,,,,,
32412,-1,,,,-1,-1,-1,1,[500],[126400|126400],[25000],[46],[1],[8],[4|5],[3],[250],[161004],2,998,999,999,2,2,,,,,
32413,-1,,,,-1,-1,-1,1,[500],[126600|126600],[25000],[46],[1],[8],[4|5],[3],[250],[161004],2,998,999,999,2,2,,,,,
32414,-1,,,,-1,-1,-1,1,[500],[126800|126800],[25000],[46],[1],[8],[4|5],[3],[250],[161004],2,998,999,999,2,2,,,,,
32415,-1,,,,-1,-1,-1,1,[500],[127000|127000],[25000],[46],[1],[8],[4|5],[3],[250],[161004],2,998,999,999,2,2,,,,,
32416,-1,,,,-1,-1,-1,1,[500],[127200|127200],[25000],[46],[1],[8],[4|5],[3],[250],[161004],2,998,999,999,2,2,,,,,
32417,-1,,,,-1,-1,-1,1,[500],[127400|127400],[25000],[46],[1],[8],[4|5],[3],[250],[161004],2,998,999,999,2,2,,,,,
32418,-1,,,,-1,-1,-1,1,[500],[127600|127600],[25000],[46],[1],[8],[4|5],[3],[250],[161004],2,998,999,999,2,2,,,,,
32419,-1,,,,-1,-1,-1,1,[500],[127800|127800],[25000],[46],[1],[8],[4|5],[3],[250],[161004],2,998,999,999,2,2,,,,,
32420,-1,,,,-1,-1,-1,1,[500],[128000|128000],[25000],[46],[1],[8],[4|5],[3],[250],[161004],2,998,999,999,2,2,,,,,
32421,-1,,,,-1,-1,-1,1,[500],[128200|128200],[25000],[46],[1],[8],[4|5],[3],[250],[161004],2,998,999,999,2,2,,,,,
32422,-1,,,,-1,-1,-1,1,[500],[128400|128400],[25000],[46],[1],[8],[4|5],[3],[250],[161004],2,998,999,999,2,2,,,,,
32423,-1,,,,-1,-1,-1,1,[500],[128600|128600],[25000],[46],[1],[8],[4|5],[3],[250],[161004],2,998,999,999,2,2,,,,,
32424,-1,,,,-1,-1,-1,1,[500],[128800|128800],[25000],[46],[1],[8],[4|5],[3],[250],[161004],2,998,999,999,2,2,,,,,
32425,-1,,,,-1,-1,-1,1,[500],[129000|129000],[25000],[46],[1],[8],[4|5],[3],[250],[161004],2,998,999,999,2,2,,,,,
32426,-1,,,,-1,-1,-1,1,[500],[129200|129200],[25000],[46],[1],[8],[4|5],[3],[250],[161004],2,998,999,999,2,2,,,,,
32427,-1,,,,-1,-1,-1,1,[500],[129400|129400],[25000],[46],[1],[8],[4|5],[3],[250],[161004],2,998,999,999,2,2,,,,,
32428,-1,,,,-1,-1,-1,1,[500],[129600|129600],[25000],[46],[1],[8],[4|5],[3],[250],[161004],2,998,999,999,2,2,,,,,
32429,-1,,,,-1,-1,-1,1,[500],[129800|129800],[25000],[46],[1],[8],[4|5],[3],[250],[161004],2,998,999,999,2,2,,,,,
32430,-1,,,,-1,-1,-1,1,[500],[130000|130000],[25000],[46],[1],[8],[4|5],[3],[250],[161004],2,998,999,999,2,2,,,,,
32431,-1,,,,-1,-1,-1,1,[500],[130200|130200],[25000],[46],[1],[8],[4|5],[3],[250],[161004],2,998,999,999,2,2,,,,,
32432,-1,,,,-1,-1,-1,1,[500],[130400|130400],[25000],[46],[1],[8],[4|5],[3],[250],[161004],2,998,999,999,2,2,,,,,
32433,-1,,,,-1,-1,-1,1,[500],[130600|130600],[25000],[46],[1],[8],[4|5],[3],[250],[161004],2,998,999,999,2,2,,,,,
32434,-1,,,,-1,-1,-1,1,[500],[130800|130800],[25000],[46],[1],[8],[4|5],[3],[250],[161004],2,998,999,999,2,2,,,,,
32435,-1,,,,-1,-1,-1,1,[500],[131000|131000],[25000],[46],[1],[8],[4|5],[3],[250],[161004],2,998,999,999,2,2,,,,,
32436,-1,,,,-1,-1,-1,1,[500],[131200|131200],[25000],[46],[1],[8],[4|5],[3],[250],[161004],2,998,999,999,2,2,,,,,
32437,-1,,,,-1,-1,-1,1,[500],[131400|131400],[25000],[46],[1],[8],[4|5],[3],[250],[161004],2,998,999,999,2,2,,,,,
32438,-1,,,,-1,-1,-1,1,[500],[131600|131600],[25000],[46],[1],[8],[4|5],[3],[250],[161004],2,998,999,999,2,2,,,,,
32439,-1,,,,-1,-1,-1,1,[500],[131800|131800],[25000],[46],[1],[8],[4|5],[3],[250],[161004],2,998,999,999,2,2,,,,,
32440,-1,,,,-1,-1,-1,1,[500],[132000|132000],[25000],[46],[1],[8],[4|5],[3],[250],[161004],2,998,999,999,2,2,,,,,
32441,-1,,,,-1,-1,-1,1,[500],[132200|132200],[25000],[46],[1],[8],[4|5],[3],[250],[161004],2,998,999,999,2,2,,,,,
32442,-1,,,,-1,-1,-1,1,[500],[132400|132400],[25000],[46],[1],[8],[4|5],[3],[250],[161004],2,998,999,999,2,2,,,,,
32443,-1,,,,-1,-1,-1,1,[500],[132600|132600],[25000],[46],[1],[8],[4|5],[3],[250],[161004],2,998,999,999,2,2,,,,,
32444,-1,,,,-1,-1,-1,1,[500],[132800|132800],[25000],[46],[1],[8],[4|5],[3],[250],[161004],2,998,999,999,2,2,,,,,
32445,-1,,,,-1,-1,-1,1,[500],[133000|133000],[25000],[46],[1],[8],[4|5],[3],[250],[161004],2,998,999,999,2,2,,,,,
32446,-1,,,,-1,-1,-1,1,[500],[133200|133200],[25000],[46],[1],[8],[4|5],[3],[250],[161004],2,998,999,999,2,2,,,,,
32447,-1,,,,-1,-1,-1,1,[500],[133400|133400],[25000],[46],[1],[8],[4|5],[3],[250],[161004],2,998,999,999,2,2,,,,,
32448,-1,,,,-1,-1,-1,1,[500],[133600|133600],[25000],[46],[1],[8],[4|5],[3],[250],[161004],2,998,999,999,2,2,,,,,
32449,-1,,,,-1,-1,-1,1,[500],[133800|133800],[25000],[46],[1],[8],[4|5],[3],[250],[161004],2,998,999,999,2,2,,,,,
32450,-1,,,,-1,-1,-1,1,[500],[134000|134000],[25000],[46],[1],[8],[4|5],[3],[250],[161004],2,998,999,999,2,2,,,,,
32451,-1,,,,-1,-1,-1,1,[500],[134200|134200],[25000],[46],[1],[8],[4|5],[3],[250],[161004],2,998,999,999,2,2,,,,,
32452,-1,,,,-1,-1,-1,1,[500],[134400|134400],[25000],[46],[1],[8],[4|5],[3],[250],[161004],2,998,999,999,2,2,,,,,
32453,-1,,,,-1,-1,-1,1,[500],[134600|134600],[25000],[46],[1],[8],[4|5],[3],[250],[161004],2,998,999,999,2,2,,,,,
32454,-1,,,,-1,-1,-1,1,[500],[134800|134800],[25000],[46],[1],[8],[4|5],[3],[250],[161004],2,998,999,999,2,2,,,,,
32455,-1,,,,-1,-1,-1,1,[500],[135000|135000],[25000],[46],[1],[8],[4|5],[3],[250],[161004],2,998,999,999,2,2,,,,,
32456,-1,,,,-1,-1,-1,1,[500],[135200|135200],[25000],[46],[1],[8],[4|5],[3],[250],[161004],2,998,999,999,2,2,,,,,
32457,-1,,,,-1,-1,-1,1,[500],[135400|135400],[25000],[46],[1],[8],[4|5],[3],[250],[161004],2,998,999,999,2,2,,,,,
32458,-1,,,,-1,-1,-1,1,[500],[135600|135600],[25000],[46],[1],[8],[4|5],[3],[250],[161004],2,998,999,999,2,2,,,,,
32459,-1,,,,-1,-1,-1,1,[500],[135800|135800],[25000],[46],[1],[8],[4|5],[3],[250],[161004],2,998,999,999,2,2,,,,,
32460,-1,,,,-1,-1,-1,1,[500],[136000|136000],[25000],[46],[1],[8],[4|5],[3],[250],[161004],2,998,999,999,2,2,,,,,
32461,-1,,,,-1,-1,-1,1,[500],[136200|136200],[25000],[46],[1],[8],[4|5],[3],[250],[161004],2,998,999,999,2,2,,,,,
32462,-1,,,,-1,-1,-1,1,[500],[136400|136400],[25000],[46],[1],[8],[4|5],[3],[250],[161004],2,998,999,999,2,2,,,,,
32463,-1,,,,-1,-1,-1,1,[500],[136600|136600],[25000],[46],[1],[8],[4|5],[3],[250],[161004],2,998,999,999,2,2,,,,,
32464,-1,,,,-1,-1,-1,1,[500],[136800|136800],[25000],[46],[1],[8],[4|5],[3],[250],[161004],2,998,999,999,2,2,,,,,
32465,-1,,,,-1,-1,-1,1,[500],[137000|137000],[25000],[46],[1],[8],[4|5],[3],[250],[161004],2,998,999,999,2,2,,,,,
32466,-1,,,,-1,-1,-1,1,[500],[137200|137200],[25000],[46],[1],[8],[4|5],[3],[250],[161004],2,998,999,999,2,2,,,,,
32467,-1,,,,-1,-1,-1,1,[500],[137400|137400],[25000],[46],[1],[8],[4|5],[3],[250],[161004],2,998,999,999,2,2,,,,,
32468,-1,,,,-1,-1,-1,1,[500],[137600|137600],[25000],[46],[1],[8],[4|5],[3],[250],[161004],2,998,999,999,2,2,,,,,
32469,-1,,,,-1,-1,-1,1,[500],[137800|137800],[25000],[46],[1],[8],[4|5],[3],[250],[161004],2,998,999,999,2,2,,,,,
32470,-1,,,,-1,-1,-1,1,[500],[138000|138000],[25000],[46],[1],[8],[4|5],[3],[250],[161004],2,998,999,999,2,2,,,,,
32471,-1,,,,-1,-1,-1,1,[500],[138200|138200],[25000],[46],[1],[8],[4|5],[3],[250],[161004],2,998,999,999,2,2,,,,,
32472,-1,,,,-1,-1,-1,1,[500],[138400|138400],[25000],[46],[1],[8],[4|5],[3],[250],[161004],2,998,999,999,2,2,,,,,
32473,-1,,,,-1,-1,-1,1,[500],[138600|138600],[25000],[46],[1],[8],[4|5],[3],[250],[161004],2,998,999,999,2,2,,,,,
32474,-1,,,,-1,-1,-1,1,[500],[138800|138800],[25000],[46],[1],[8],[4|5],[3],[250],[161004],2,998,999,999,2,2,,,,,
32475,-1,,,,-1,-1,-1,1,[500],[139000|139000],[25000],[46],[1],[8],[4|5],[3],[250],[161004],2,998,999,999,2,2,,,,,
32476,-1,,,,-1,-1,-1,1,[500],[139200|139200],[25000],[46],[1],[8],[4|5],[3],[250],[161004],2,998,999,999,2,2,,,,,
32477,-1,,,,-1,-1,-1,1,[500],[139400|139400],[25000],[46],[1],[8],[4|5],[3],[250],[161004],2,998,999,999,2,2,,,,,
32478,-1,,,,-1,-1,-1,1,[500],[139600|139600],[25000],[46],[1],[8],[4|5],[3],[250],[161004],2,998,999,999,2,2,,,,,
32479,-1,,,,-1,-1,-1,1,[500],[139800|139800],[25000],[46],[1],[8],[4|5],[3],[250],[161004],2,998,999,999,2,2,,,,,
32480,-1,,,,-1,-1,-1,1,[500],[140000|140000],[25000],[46],[1],[8],[4|5],[3],[250],[161004],2,998,999,999,2,2,,,,,
32481,-1,,,,-1,-1,-1,1,[500],[140200|140200],[25000],[46],[1],[8],[4|5],[3],[250],[161004],2,998,999,999,2,2,,,,,
32482,-1,,,,-1,-1,-1,1,[500],[140400|140400],[25000],[46],[1],[8],[4|5],[3],[250],[161004],2,998,999,999,2,2,,,,,
32483,-1,,,,-1,-1,-1,1,[500],[140600|140600],[25000],[46],[1],[8],[4|5],[3],[250],[161004],2,998,999,999,2,2,,,,,
32484,-1,,,,-1,-1,-1,1,[500],[140800|140800],[25000],[46],[1],[8],[4|5],[3],[250],[161004],2,998,999,999,2,2,,,,,
32485,-1,,,,-1,-1,-1,1,[500],[141000|141000],[25000],[46],[1],[8],[4|5],[3],[250],[161004],2,998,999,999,2,2,,,,,
32486,-1,,,,-1,-1,-1,1,[500],[141200|141200],[25000],[46],[1],[8],[4|5],[3],[250],[161004],2,998,999,999,2,2,,,,,
32487,-1,,,,-1,-1,-1,1,[500],[141400|141400],[25000],[46],[1],[8],[4|5],[3],[250],[161004],2,998,999,999,2,2,,,,,
32488,-1,,,,-1,-1,-1,1,[500],[141600|141600],[25000],[46],[1],[8],[4|5],[3],[250],[161004],2,998,999,999,2,2,,,,,
32489,-1,,,,-1,-1,-1,1,[500],[141800|141800],[25000],[46],[1],[8],[4|5],[3],[250],[161004],2,998,999,999,2,2,,,,,
32490,-1,,,,-1,-1,-1,1,[500],[142000|142000],[25000],[46],[1],[8],[4|5],[3],[250],[161004],2,998,999,999,2,2,,,,,
32491,-1,,,,-1,-1,-1,1,[500],[142200|142200],[25000],[46],[1],[8],[4|5],[3],[250],[161004],2,998,999,999,2,2,,,,,
32492,-1,,,,-1,-1,-1,1,[500],[142400|142400],[25000],[46],[1],[8],[4|5],[3],[250],[161004],2,998,999,999,2,2,,,,,
32493,-1,,,,-1,-1,-1,1,[500],[142600|142600],[25000],[46],[1],[8],[4|5],[3],[250],[161004],2,998,999,999,2,2,,,,,
32494,-1,,,,-1,-1,-1,1,[500],[142800|142800],[25000],[46],[1],[8],[4|5],[3],[250],[161004],2,998,999,999,2,2,,,,,
32495,-1,,,,-1,-1,-1,1,[500],[143000|143000],[25000],[46],[1],[8],[4|5],[3],[250],[161004],2,998,999,999,2,2,,,,,
32496,-1,,,,-1,-1,-1,1,[500],[143200|143200],[25000],[46],[1],[8],[4|5],[3],[250],[161004],2,998,999,999,2,2,,,,,
32497,-1,,,,-1,-1,-1,1,[500],[143400|143400],[25000],[46],[1],[8],[4|5],[3],[250],[161004],2,998,999,999,2,2,,,,,
32498,-1,,,,-1,-1,-1,1,[500],[143600|143600],[25000],[46],[1],[8],[4|5],[3],[250],[161004],2,998,999,999,2,2,,,,,
32499,-1,,,,-1,-1,-1,1,[500],[143800|143800],[25000],[46],[1],[8],[4|5],[3],[250],[161004],2,998,999,999,2,2,,,,,
32500,-1,,,,-1,-1,-1,1,[500],[144000|144000],[25000],[46],[1],[8],[4|5],[3],[250],[161004],2,998,999,999,2,2,,,,,
32501,-1,,,,-1,-1,-1,1,[500],[144200|144200],[25000],[46],[1],[8],[4|5],[3],[250],[161004],2,998,999,999,2,2,,,,,
32502,-1,,,,-1,-1,-1,1,[500],[144400|144400],[25000],[46],[1],[8],[4|5],[3],[250],[161004],2,998,999,999,2,2,,,,,
32503,-1,,,,-1,-1,-1,1,[500],[144600|144600],[25000],[46],[1],[8],[4|5],[3],[250],[161004],2,998,999,999,2,2,,,,,
32504,-1,,,,-1,-1,-1,1,[500],[144800|144800],[25000],[46],[1],[8],[4|5],[3],[250],[161004],2,998,999,999,2,2,,,,,
32505,-1,,,,-1,-1,-1,1,[500],[145000|145000],[25000],[46],[1],[8],[4|5],[3],[250],[161004],2,998,999,999,2,2,,,,,
32506,-1,,,,-1,-1,-1,1,[500],[145200|145200],[25000],[46],[1],[8],[4|5],[3],[250],[161004],2,998,999,999,2,2,,,,,
32507,-1,,,,-1,-1,-1,1,[500],[145400|145400],[25000],[46],[1],[8],[4|5],[3],[250],[161004],2,998,999,999,2,2,,,,,
32508,-1,,,,-1,-1,-1,1,[500],[145600|145600],[25000],[46],[1],[8],[4|5],[3],[250],[161004],2,998,999,999,2,2,,,,,
32509,-1,,,,-1,-1,-1,1,[500],[145800|145800],[25000],[46],[1],[8],[4|5],[3],[250],[161004],2,998,999,999,2,2,,,,,
32510,-1,,,,-1,-1,-1,1,[500],[146000|146000],[25000],[46],[1],[8],[4|5],[3],[250],[161004],2,998,999,999,2,2,,,,,
32511,-1,,,,-1,-1,-1,1,[500],[146200|146200],[25000],[46],[1],[8],[4|5],[3],[250],[161004],2,998,999,999,2,2,,,,,
32512,-1,,,,-1,-1,-1,1,[500],[146400|146400],[25000],[46],[1],[8],[4|5],[3],[250],[161004],2,998,999,999,2,2,,,,,
32513,-1,,,,-1,-1,-1,1,[500],[146600|146600],[25000],[46],[1],[8],[4|5],[3],[250],[161004],2,998,999,999,2,2,,,,,
32514,-1,,,,-1,-1,-1,1,[500],[146800|146800],[25000],[46],[1],[8],[4|5],[3],[250],[161004],2,998,999,999,2,2,,,,,
32515,-1,,,,-1,-1,-1,1,[500],[147000|147000],[25000],[46],[1],[8],[4|5],[3],[250],[161004],2,998,999,999,2,2,,,,,
32516,-1,,,,-1,-1,-1,1,[500],[147200|147200],[25000],[46],[1],[8],[4|5],[3],[250],[161004],2,998,999,999,2,2,,,,,
32517,-1,,,,-1,-1,-1,1,[500],[147400|147400],[25000],[46],[1],[8],[4|5],[3],[250],[161004],2,998,999,999,2,2,,,,,
32518,-1,,,,-1,-1,-1,1,[500],[147600|147600],[25000],[46],[1],[8],[4|5],[3],[250],[161004],2,998,999,999,2,2,,,,,
32519,-1,,,,-1,-1,-1,1,[500],[147800|147800],[25000],[46],[1],[8],[4|5],[3],[250],[161004],2,998,999,999,2,2,,,,,
32520,-1,,,,-1,-1,-1,1,[500],[148000|148000],[25000],[46],[1],[8],[4|5],[3],[250],[161004],2,998,999,999,2,2,,,,,
32521,-1,,,,-1,-1,-1,1,[500],[148200|148200],[25000],[46],[1],[8],[4|5],[3],[250],[161004],2,998,999,999,2,2,,,,,
32522,-1,,,,-1,-1,-1,1,[500],[148400|148400],[25000],[46],[1],[8],[4|5],[3],[250],[161004],2,998,999,999,2,2,,,,,
32523,-1,,,,-1,-1,-1,1,[500],[148600|148600],[25000],[46],[1],[8],[4|5],[3],[250],[161004],2,998,999,999,2,2,,,,,
32524,-1,,,,-1,-1,-1,1,[500],[148800|148800],[25000],[46],[1],[8],[4|5],[3],[250],[161004],2,998,999,999,2,2,,,,,
32525,-1,,,,-1,-1,-1,1,[500],[149000|149000],[25000],[46],[1],[8],[4|5],[3],[250],[161004],2,998,999,999,2,2,,,,,
32526,-1,,,,-1,-1,-1,1,[500],[149200|149200],[25000],[46],[1],[8],[4|5],[3],[250],[161004],2,998,999,999,2,2,,,,,
32527,-1,,,,-1,-1,-1,1,[500],[149400|149400],[25000],[46],[1],[8],[4|5],[3],[250],[161004],2,998,999,999,2,2,,,,,
32528,-1,,,,-1,-1,-1,1,[500],[149600|149600],[25000],[46],[1],[8],[4|5],[3],[250],[161004],2,998,999,999,2,2,,,,,
32529,-1,,,,-1,-1,-1,1,[500],[149800|149800],[25000],[46],[1],[8],[4|5],[3],[250],[161004],2,998,999,999,2,2,,,,,
32530,-1,,,,-1,-1,-1,1,[500],[150000|150000],[25000],[46],[1],[8],[4|5],[3],[250],[161004],2,998,999,999,2,2,,,,,
32531,-1,,,,-1,-1,-1,1,[500],[150200|150200],[25000],[46],[1],[8],[4|5],[3],[250],[161004],2,998,999,999,2,2,,,,,
32532,-1,,,,-1,-1,-1,1,[500],[150400|150400],[25000],[46],[1],[8],[4|5],[3],[250],[161004],2,998,999,999,2,2,,,,,
32533,-1,,,,-1,-1,-1,1,[500],[150600|150600],[25000],[46],[1],[8],[4|5],[3],[250],[161004],2,998,999,999,2,2,,,,,
32534,-1,,,,-1,-1,-1,1,[500],[150800|150800],[25000],[46],[1],[8],[4|5],[3],[250],[161004],2,998,999,999,2,2,,,,,
32535,-1,,,,-1,-1,-1,1,[500],[151000|151000],[25000],[46],[1],[8],[4|5],[3],[250],[161004],2,998,999,999,2,2,,,,,
32536,-1,,,,-1,-1,-1,1,[500],[151200|151200],[25000],[46],[1],[8],[4|5],[3],[250],[161004],2,998,999,999,2,2,,,,,
32537,-1,,,,-1,-1,-1,1,[500],[151400|151400],[25000],[46],[1],[8],[4|5],[3],[250],[161004],2,998,999,999,2,2,,,,,
32538,-1,,,,-1,-1,-1,1,[500],[151600|151600],[25000],[46],[1],[8],[4|5],[3],[250],[161004],2,998,999,999,2,2,,,,,
32539,-1,,,,-1,-1,-1,1,[500],[151800|151800],[25000],[46],[1],[8],[4|5],[3],[250],[161004],2,998,999,999,2,2,,,,,
32540,-1,,,,-1,-1,-1,1,[500],[152000|152000],[25000],[46],[1],[8],[4|5],[3],[250],[161004],2,998,999,999,2,2,,,,,
32710,-1,,,,-1,-1,-1,1,[15],[18],[700],[1200],[1200],[201],[161005],[250],[206104],[206204],2,2,2,2,2,2,,,,,
32720,-1,,,,-1,-1,-1,1,[17],[18],[1000],[1320],[1320],[201],[161005],[250],[206104],[206204],2,2,2,2,2,2,,,,,
32730,-1,,,,-1,-1,-1,1,[19],[18],[1700],[1800],[1800],[201],[161005],[250],[206104],[206204],2,2,2,2,2,2,,,,,
32740,-1,,,,-1,-1,-1,1,[22],[18],[1800],[1800],[1800],[201],[161005],[250],[206104],[206204],2,2,2,2,2,2,,,,,
32750,-1,,,,-1,-1,-1,1,[24],[18],[2300],[2080],[2080],[201],[161005],[250],[206104],[206204],2,2,2,2,2,2,,,,,
32760,-1,,,,-1,-1,-1,1,[26],[18],[3000],[2600],[2600],[201],[161005],[250],[206104],[206204],2,2,2,2,2,2,,,,,
32701,-1,,,,-1,-1,-1,1,[1],[2],[50],[100],[100],[201],[161005],[250],[206104],[206204],2,2,2,2,2,2,,,,,
32702,-1,,,,-1,-1,-1,1,[1],[2],[50],[100],[100],[201],[161005],[250],[206104],[206204],2,2,2,2,2,2,,,,,
32703,-1,,,,-1,-1,-1,1,[1],[3],[100],[200],[200],[201],[161005],[250],[206104],[206204],2,2,2,2,2,2,,,,,
32704,-1,,,,-1,-1,-1,1,[1],[3],[100],[200],[200],[201],[161005],[250],[206104],[206204],2,2,2,2,2,2,,,,,
32705,-1,,,,-1,-1,-1,1,[1],[4],[200],[300],[300],[201],[161005],[250],[206104],[206204],2,2,2,2,2,2,,,,,
32706,-1,,,,-1,-1,-1,1,[10],[4],[200],[300],[300],[201],[161005],[250],[206104],[206204],2,2,2,2,2,2,,,,,
32711,-1,,,,-1,-1,-1,1,[1],[2],[100],[160],[160],[201],[161005],[250],[206104],[206204],2,2,2,2,2,2,,,,,
32712,-1,,,,-1,-1,-1,1,[1],[2],[100],[160],[160],[201],[161005],[250],[206104],[206204],2,2,2,2,2,2,,,,,
32713,-1,,,,-1,-1,-1,1,[1],[3],[150],[200],[200],[201],[161005],[250],[206104],[206204],2,2,2,2,2,2,,,,,
32714,-1,,,,-1,-1,-1,1,[2],[3],[150],[200],[200],[201],[161005],[250],[206104],[206204],2,2,2,2,2,2,,,,,
32715,-1,,,,-1,-1,-1,1,[2],[4],[250],[300],[300],[201],[161005],[250],[206104],[206204],2,2,2,2,2,2,,,,,
32716,-1,,,,-1,-1,-1,1,[10],[4],[250],[300],[300],[201],[161005],[250],[206104],[206204],2,2,2,2,2,2,,,,,
32721,-1,,,,-1,-1,-1,1,[1],[2],[150],[200],[200],[201],[161005],[250],[206104],[206204],2,2,2,2,2,2,,,,,
32722,-1,,,,-1,-1,-1,1,[2],[2],[200],[200],[200],[201],[161005],[250],[206104],[206204],2,2,2,2,2,2,,,,,
32723,-1,,,,-1,-1,-1,1,[2],[3],[250],[300],[300],[201],[161005],[250],[206104],[206204],2,2,2,2,2,2,,,,,
32724,-1,,,,-1,-1,-1,1,[2],[3],[300],[300],[300],[201],[161005],[250],[206104],[206204],2,2,2,2,2,2,,,,,
32725,-1,,,,-1,-1,-1,1,[2],[4],[400],[400],[400],[201],[161005],[250],[206104],[206204],2,2,2,2,2,2,,,,,
32726,-1,,,,-1,-1,-1,1,[10],[4],[400],[400],[400],[201],[161005],[250],[206104],[206204],2,2,2,2,2,2,,,,,
32731,-1,,,,-1,-1,-1,1,[2],[2],[200],[200],[200],[201],[161005],[250],[206104],[206204],2,2,2,2,2,2,,,,,
32732,-1,,,,-1,-1,-1,1,[2],[2],[200],[200],[200],[201],[161005],[250],[206104],[206204],2,2,2,2,2,2,,,,,
32733,-1,,,,-1,-1,-1,1,[2],[3],[300],[300],[300],[201],[161005],[250],[206104],[206204],2,2,2,2,2,2,,,,,
32734,-1,,,,-1,-1,-1,1,[2],[3],[300],[300],[300],[201],[161005],[250],[206104],[206204],2,2,2,2,2,2,,,,,
32735,-1,,,,-1,-1,-1,1,[2],[4],[400],[400],[400],[201],[161005],[250],[206104],[206204],2,2,2,2,2,2,,,,,
32736,-1,,,,-1,-1,-1,1,[12],[4],[400],[400],[400],[201],[161005],[250],[206104],[206204],2,2,2,2,2,2,,,,,
32741,-1,,,,-1,-1,-1,1,[2],[2],[250],[240],[240],[201],[161005],[250],[206104],[206204],2,2,2,2,2,2,,,,,
32742,-1,,,,-1,-1,-1,1,[2],[2],[250],[240],[240],[201],[161005],[250],[206104],[206204],2,2,2,2,2,2,,,,,
32743,-1,,,,-1,-1,-1,1,[2],[3],[350],[300],[300],[201],[161005],[250],[206104],[206204],2,2,2,2,2,2,,,,,
32744,-1,,,,-1,-1,-1,1,[3],[3],[350],[300],[300],[201],[161005],[250],[206104],[206204],2,2,2,2,2,2,,,,,
32745,-1,,,,-1,-1,-1,1,[3],[4],[550],[500],[500],[201],[161005],[250],[206104],[206204],2,2,2,2,2,2,,,,,
32746,-1,,,,-1,-1,-1,1,[12],[4],[550],[500],[500],[201],[161005],[250],[206104],[206204],2,2,2,2,2,2,,,,,
32751,-1,,,,-1,-1,-1,1,[2],[2],[350],[300],[300],[201],[161005],[250],[206104],[206204],2,2,2,2,2,2,,,,,
32752,-1,,,,-1,-1,-1,1,[3],[2],[350],[300],[300],[201],[161005],[250],[206104],[206204],2,2,2,2,2,2,,,,,
32753,-1,,,,-1,-1,-1,1,[3],[3],[450],[400],[400],[201],[161005],[250],[206104],[206204],2,2,2,2,2,2,,,,,
32754,-1,,,,-1,-1,-1,1,[3],[3],[450],[400],[400],[201],[161005],[250],[206104],[206204],2,2,2,2,2,2,,,,,
32755,-1,,,,-1,-1,-1,1,[3],[4],[700],[600],[600],[201],[161005],[250],[206104],[206204],2,2,2,2,2,2,,,,,
32756,-1,,,,-1,-1,-1,1,[12],[4],[700],[600],[600],[201],[161005],[250],[206104],[206204],2,2,2,2,2,2,,,,,
32810,-1,,,,-1,-1,-1,1,[25|18|5],[120],[3200],[150],[15],[201|161005|220005],[203036],[250],[155],[156],2,2,2,2,2,2,,,,,
32820,-1,,,,-1,-1,-1,1,[25|18|5],[132],[3400],[150],[15],[201|161005|220005],[203036],[250],[155],[156],2,2,2,2,2,2,,,,,
32830,-1,,,,-1,-1,-1,1,[25|18|5],[150],[3600],[150],[15],[201|161005|220005],[203036],[250],[155],[156],2,2,2,2,2,2,,,,,
32840,-1,,,,-1,-1,-1,1,[25|18|5],[162],[3800],[180],[21],[201|161005|220005],[203036],[250],[155],[156],2,2,2,2,2,2,,,,,
32850,-1,,,,-1,-1,-1,1,[25|18|5],[180],[4000],[180],[21],[201|161005|220005],[203036],[250],[155],[156],2,2,2,2,2,2,,,,,
32860,-1,,,,-1,-1,-1,1,[25|18|5],[192],[4200],[180],[21],[201|161005|220005],[203036],[250],[155],[156],2,2,2,2,2,2,,,,,
32801,-1,,,,-1,-1,-1,1,[2|2],[10],[400],[10],[1],[201|161005],[203036],[250],[155],[156],2,2,2,2,2,2,,,,,
32802,-1,,,,-1,-1,-1,1,[3|2],[10],[400],[20],[2],[201|161005],[203036],[250],[155],[156],2,2,2,2,2,2,,,,,
32803,-1,,,,-1,-1,-1,1,[5|3],[20],[500],[20],[2],[201|161005],[203036],[250],[155],[156],2,2,2,2,2,2,,,,,
32804,-1,,,,-1,-1,-1,1,[5|3],[20],[500],[30],[3],[201|161005],[203036],[250],[155],[156],2,2,2,2,2,2,,,,,
32805,-1,,,,-1,-1,-1,1,[10|4],[30],[700],[30],[3],[201|161005],[203036],[250],[155],[156],2,2,2,2,2,2,,,,,
32806,-1,,,,-1,-1,-1,1,[5|4],[30],[700],[40],[4],[220005|161005],[203036],[250],[155],[156],2,2,2,2,2,2,,,,,
32811,-1,,,,-1,-1,-1,1,[2|2],[12],[400],[10],[1],[201|161005],[203036],[250],[155],[156],2,2,2,2,2,2,,,,,
32812,-1,,,,-1,-1,-1,1,[3|2],[12],[400],[20],[2],[201|161005],[203036],[250],[155],[156],2,2,2,2,2,2,,,,,
32813,-1,,,,-1,-1,-1,1,[5|3],[22],[600],[20],[2],[201|161005],[203036],[250],[155],[156],2,2,2,2,2,2,,,,,
32814,-1,,,,-1,-1,-1,1,[5|3],[22],[600],[30],[3],[201|161005],[203036],[250],[155],[156],2,2,2,2,2,2,,,,,
32815,-1,,,,-1,-1,-1,1,[10|4],[32],[700],[30],[3],[201|161005],[203036],[250],[155],[156],2,2,2,2,2,2,,,,,
32816,-1,,,,-1,-1,-1,1,[5|4],[32],[700],[40],[4],[220005|161005],[203036],[250],[155],[156],2,2,2,2,2,2,,,,,
32821,-1,,,,-1,-1,-1,1,[2|2],[15],[400],[10],[1],[201|161005],[203036],[250],[155],[156],2,2,2,2,2,2,,,,,
32822,-1,,,,-1,-1,-1,1,[3|2],[15],[400],[20],[2],[201|161005],[203036],[250],[155],[156],2,2,2,2,2,2,,,,,
32823,-1,,,,-1,-1,-1,1,[5|3],[25],[600],[20],[2],[201|161005],[203036],[250],[155],[156],2,2,2,2,2,2,,,,,
32824,-1,,,,-1,-1,-1,1,[5|3],[25],[600],[30],[3],[201|161005],[203036],[250],[155],[156],2,2,2,2,2,2,,,,,
32825,-1,,,,-1,-1,-1,1,[10|4],[35],[800],[30],[3],[201|161005],[203036],[250],[155],[156],2,2,2,2,2,2,,,,,
32826,-1,,,,-1,-1,-1,1,[5|4],[35],[800],[40],[4],[220005|161005],[203036],[250],[155],[156],2,2,2,2,2,2,,,,,
32831,-1,,,,-1,-1,-1,1,[2|2],[17],[500],[15],[2],[201|161005],[203036],[250],[155],[156],2,2,2,2,2,2,,,,,
32832,-1,,,,-1,-1,-1,1,[3|2],[17],[500],[25],[3],[201|161005],[203036],[250],[155],[156],2,2,2,2,2,2,,,,,
32833,-1,,,,-1,-1,-1,1,[5|3],[27],[600],[25],[3],[201|161005],[203036],[250],[155],[156],2,2,2,2,2,2,,,,,
32834,-1,,,,-1,-1,-1,1,[5|3],[27],[600],[35],[4],[201|161005],[203036],[250],[155],[156],2,2,2,2,2,2,,,,,
32835,-1,,,,-1,-1,-1,1,[10|4],[37],[800],[35],[4],[201|161005],[203036],[250],[155],[156],2,2,2,2,2,2,,,,,
32836,-1,,,,-1,-1,-1,1,[5|4],[37],[800],[45],[5],[220005|161005],[203036],[250],[155],[156],2,2,2,2,2,2,,,,,
32841,-1,,,,-1,-1,-1,1,[2|2],[20],[500],[15],[2],[201|161005],[203036],[250],[155],[156],2,2,2,2,2,2,,,,,
32842,-1,,,,-1,-1,-1,1,[3|2],[20],[500],[25],[3],[201|161005],[203036],[250],[155],[156],2,2,2,2,2,2,,,,,
32843,-1,,,,-1,-1,-1,1,[5|3],[30],[700],[25],[3],[201|161005],[203036],[250],[155],[156],2,2,2,2,2,2,,,,,
32844,-1,,,,-1,-1,-1,1,[5|3],[30],[700],[35],[4],[201|161005],[203036],[250],[155],[156],2,2,2,2,2,2,,,,,
32845,-1,,,,-1,-1,-1,1,[10|4],[40],[800],[35],[4],[201|161005],[203036],[250],[155],[156],2,2,2,2,2,2,,,,,
32846,-1,,,,-1,-1,-1,1,[5|4],[40],[800],[45],[5],[220005|161005],[203036],[250],[155],[156],2,2,2,2,2,2,,,,,
32851,-1,,,,-1,-1,-1,1,[2|2],[22],[500],[15],[2],[201|161005],[203036],[250],[155],[156],2,2,2,2,2,2,,,,,
32852,-1,,,,-1,-1,-1,1,[3|2],[22],[500],[25],[3],[201|161005],[203036],[250],[155],[156],2,2,2,2,2,2,,,,,
32853,-1,,,,-1,-1,-1,1,[5|3],[32],[700],[25],[3],[201|161005],[203036],[250],[155],[156],2,2,2,2,2,2,,,,,
32854,-1,,,,-1,-1,-1,1,[5|3],[32],[700],[35],[4],[201|161005],[203036],[250],[155],[156],2,2,2,2,2,2,,,,,
32855,-1,,,,-1,-1,-1,1,[10|4],[42],[900],[35],[4],[201|161005],[203036],[250],[155],[156],2,2,2,2,2,2,,,,,
32856,-1,,,,-1,-1,-1,1,[5|4],[42],[900],[45],[5],[220005|161005],[203036],[250],[155],[156],2,2,2,2,2,2,,,,,
32910,-1,,,,-1,-1,-1,1,[25|18|5|5],[210],[4400],[210],[27],[201|161005|220005|230001],[203036],[250],[155],[156],2,2,2,2,2,2,,,,,
32920,-1,,,,-1,-1,-1,1,[25|18|5|5],[222],[4600],[210],[27],[201|161005|220005|230001],[203036],[250],[155],[156],2,2,2,2,2,2,,,,,
32930,-1,,,,-1,-1,-1,1,[25|18|5|5],[240],[4800],[210],[27],[201|161005|220005|230001],[203036],[250],[155],[156],2,2,2,2,2,2,,,,,
32940,-1,,,,-1,-1,-1,1,[25|18|5|5],[252],[5000],[240],[33],[201|161005|220005|230001],[203036],[250],[155],[156],2,2,2,2,2,2,,,,,
32950,-1,,,,-1,-1,-1,1,[25|18|5|5],[270],[5200],[240],[33],[201|161005|220005|230001],[203036],[250],[155],[156],2,2,2,2,2,2,,,,,
32960,-1,,,,-1,-1,-1,1,[25|18|5|5],[282],[5400],[240],[33],[201|161005|220005|230001],[203036],[250],[155],[156],2,2,2,2,2,2,,,,,
32901,-1,,,,-1,-1,-1,1,[5|2],[25],[600],[20],[3],[201|161005],[203036],[250],[155],[156],2,2,2,2,2,2,,,,,
32902,-1,,,,-1,-1,-1,1,[5|2],[25],[600],[30],[4],[201|161005],[203036],[250],[155],[156],2,2,2,2,2,2,,,,,
32903,-1,,,,-1,-1,-1,1,[10|3],[35],[700],[30],[4],[201|161005],[203036],[250],[155],[156],2,2,2,2,2,2,,,,,
32904,-1,,,,-1,-1,-1,1,[10|3],[35],[700],[40],[5],[201|161005],[203036],[250],[155],[156],2,2,2,2,2,2,,,,,
32905,-1,,,,-1,-1,-1,1,[5|4],[45],[900],[40],[5],[220005|161005],[203036],[250],[155],[156],2,2,2,2,2,2,,,,,
32906,-1,,,,-1,-1,-1,1,[5|4],[45],[900],[50],[6],[230001|161005],[203036],[250],[155],[156],2,2,2,2,2,2,,,,,
32911,-1,,,,-1,-1,-1,1,[5|2],[27],[600],[20],[3],[201|161005],[203036],[250],[155],[156],2,2,2,2,2,2,,,,,
32912,-1,,,,-1,-1,-1,1,[5|2],[27],[600],[30],[4],[201|161005],[203036],[250],[155],[156],2,2,2,2,2,2,,,,,
32913,-1,,,,-1,-1,-1,1,[10|3],[37],[800],[30],[4],[201|161005],[203036],[250],[155],[156],2,2,2,2,2,2,,,,,
32914,-1,,,,-1,-1,-1,1,[10|3],[37],[800],[40],[5],[201|161005],[203036],[250],[155],[156],2,2,2,2,2,2,,,,,
32915,-1,,,,-1,-1,-1,1,[5|4],[47],[900],[40],[5],[220005|161005],[203036],[250],[155],[156],2,2,2,2,2,2,,,,,
32916,-1,,,,-1,-1,-1,1,[5|4],[47],[900],[50],[6],[230001|161005],[203036],[250],[155],[156],2,2,2,2,2,2,,,,,
32921,-1,,,,-1,-1,-1,1,[5|2],[30],[600],[20],[3],[201|161005],[203036],[250],[155],[156],2,2,2,2,2,2,,,,,
32922,-1,,,,-1,-1,-1,1,[5|2],[30],[600],[30],[4],[201|161005],[203036],[250],[155],[156],2,2,2,2,2,2,,,,,
32923,-1,,,,-1,-1,-1,1,[10|3],[40],[800],[30],[4],[201|161005],[203036],[250],[155],[156],2,2,2,2,2,2,,,,,
32924,-1,,,,-1,-1,-1,1,[10|3],[40],[800],[40],[5],[201|161005],[203036],[250],[155],[156],2,2,2,2,2,2,,,,,
32925,-1,,,,-1,-1,-1,1,[5|4],[50],[1000],[40],[5],[220005|161005],[203036],[250],[155],[156],2,2,2,2,2,2,,,,,
32926,-1,,,,-1,-1,-1,1,[5|4],[50],[1000],[50],[6],[230001|161005],[203036],[250],[155],[156],2,2,2,2,2,2,,,,,
32931,-1,,,,-1,-1,-1,1,[5|2],[32],[700],[25],[4],[201|161005],[203036],[250],[155],[156],2,2,2,2,2,2,,,,,
32932,-1,,,,-1,-1,-1,1,[5|2],[32],[700],[35],[5],[201|161005],[203036],[250],[155],[156],2,2,2,2,2,2,,,,,
32933,-1,,,,-1,-1,-1,1,[10|3],[42],[800],[35],[5],[201|161005],[203036],[250],[155],[156],2,2,2,2,2,2,,,,,
32934,-1,,,,-1,-1,-1,1,[10|3],[42],[800],[45],[6],[201|161005],[203036],[250],[155],[156],2,2,2,2,2,2,,,,,
32935,-1,,,,-1,-1,-1,1,[5|4],[52],[1000],[45],[6],[220005|161005],[203036],[250],[155],[156],2,2,2,2,2,2,,,,,
32936,-1,,,,-1,-1,-1,1,[5|4],[52],[1000],[55],[7],[230001|161005],[203036],[250],[155],[156],2,2,2,2,2,2,,,,,
32941,-1,,,,-1,-1,-1,1,[5|2],[35],[700],[25],[4],[201|161005],[203036],[250],[155],[156],2,2,2,2,2,2,,,,,
32942,-1,,,,-1,-1,-1,1,[5|2],[35],[700],[35],[5],[201|161005],[203036],[250],[155],[156],2,2,2,2,2,2,,,,,
32943,-1,,,,-1,-1,-1,1,[10|3],[45],[900],[35],[5],[201|161005],[203036],[250],[155],[156],2,2,2,2,2,2,,,,,
32944,-1,,,,-1,-1,-1,1,[10|3],[45],[900],[45],[6],[201|161005],[203036],[250],[155],[156],2,2,2,2,2,2,,,,,
32945,-1,,,,-1,-1,-1,1,[5|4],[55],[1000],[45],[6],[220005|161005],[203036],[250],[155],[156],2,2,2,2,2,2,,,,,
32946,-1,,,,-1,-1,-1,1,[5|4],[55],[1000],[55],[7],[230001|161005],[203036],[250],[155],[156],2,2,2,2,2,2,,,,,
32951,-1,,,,-1,-1,-1,1,[5|2],[37],[700],[25],[4],[201|161005],[203036],[250],[155],[156],2,2,2,2,2,2,,,,,
32952,-1,,,,-1,-1,-1,1,[5|2],[37],[700],[35],[5],[201|161005],[203036],[250],[155],[156],2,2,2,2,2,2,,,,,
32953,-1,,,,-1,-1,-1,1,[10|3],[47],[900],[35],[5],[201|161005],[203036],[250],[155],[156],2,2,2,2,2,2,,,,,
32954,-1,,,,-1,-1,-1,1,[10|3],[47],[900],[45],[6],[201|161005],[203036],[250],[155],[156],2,2,2,2,2,2,,,,,
32955,-1,,,,-1,-1,-1,1,[5|4],[57],[1100],[45],[6],[220005|161005],[203036],[250],[155],[156],2,2,2,2,2,2,,,,,
32956,-1,,,,-1,-1,-1,1,[5|4],[57],[1100],[55],[7],[230001|161005],[203036],[250],[155],[156],2,2,2,2,2,2,,,,,
33055,-1,,,,-1,-1,-1,1,[10],[400],[12],,,[161005],[2],[200402],,,2,2,999,2,-1,-1,,,,,
33056,-1,,,,-1,-1,-1,1,[8],[200],[8],,,[161005],[2],[200402],,,2,2,999,2,-1,-1,,,,,
33057,-1,,,,-1,-1,-1,1,[6],[100],[6],,,[161005],[2],[200402],,,2,2,999,2,-1,-1,,,,,
33058,-1,,,,-1,-1,-1,1,[5],,[4],,,[161005],,[200402],,,2,2,-1,2,-1,-1,,,,,
33059,-1,,,,-1,-1,-1,1,[3],,[2],,,[161005],,[200402],,,2,2,-1,2,-1,-1,,,,,
34001,-1,,,,-1,-1,-1,1,[100],,,,,[10],,,,,2,999,-1,-1,-1,-1,,,,,
34101,-1,,,,-1,-1,-1,1,,[300],[50],,[80000|80000],,[10],[404100003],,[4|5],2,-1,999,2,-1,999,,,,,
34102,-1,,,,-1,-1,-1,1,,[360],[55],,[160000|160000],,[10],[404100003],,[4|5],2,-1,999,2,-1,999,,,,,
34103,-1,,,,-1,-1,-1,1,[1],[420],[60],,[240000|240000],[201],[10],[404100003],,[4|5],2,2,999,2,-1,999,,,,,
34104,-1,,,,-1,-1,-1,1,[1],[480],[65],,[320000|320000],[201],[10],[404100003],,[4|5],2,2,999,2,-1,999,,,,,
34105,-1,,,,-1,-1,-1,1,[2],[540],[70],,[400000|400000],[201],[10],[404100003],,[4|5],2,2,999,2,-1,999,,,,,
34113,-1,,,,-1,-1,-1,1,[2],[600],[75],,[480000|480000],[201],[10],[404100003],,[4|5],2,2,999,2,-1,999,,,,,
34114,-1,,,,-1,-1,-1,1,[2],[660],[80],,[560000|560000],[201],[10],[404100003],,[4|5],2,2,999,2,-1,999,,,,,
34115,-1,,,,-1,-1,-1,1,[2],[720],[85],,[640000|640000],[201],[10],[404100003],,[4|5],2,2,999,2,-1,999,,,,,
34123,-1,,,,-1,-1,-1,1,[3],[780],[90],,[720000|720000],[201],[10],[404100003],,[4|5],2,2,999,2,-1,999,,,,,
34124,-1,,,,-1,-1,-1,1,[3],[840],[95],,[800000|800000],[201],[10],[404100003],,[4|5],2,2,999,2,-1,999,,,,,
34125,-1,,,,-1,-1,-1,1,[3],[900],[100],,[880000|880000],[201],[10],[404100003],,[4|5],2,2,999,2,-1,999,,,,,
34133,-1,,,,-1,-1,-1,1,[3],[960],[105],,[960000|960000],[201],[10],[404100003],,[4|5],2,2,999,2,-1,999,,,,,
34134,-1,,,,-1,-1,-1,1,[4],[1020],[110],,[1040000|1040000],[201],[10],[404100003],,[4|5],2,2,999,2,-1,999,,,,,
34135,-1,,,,-1,-1,-1,1,[4],[1080],[115],,[1120000|1120000],[201],[10],[404100003],,[4|5],2,2,999,2,-1,999,,,,,
34143,-1,,,,-1,-1,-1,1,[4],[1140],[120],,[1200000|1200000],[201],[10],[404100003],,[4|5],2,2,999,2,-1,999,,,,,
34144,-1,,,,-1,-1,-1,1,[4],[1200],[125],,[1280000|1280000],[201],[10],[404100003],,[4|5],2,2,999,2,-1,999,,,,,
34145,-1,,,,-1,-1,-1,1,[5],[1260],[130],,[1360000|1360000],[201],[10],[404100003],,[4|5],2,2,999,2,-1,999,,,,,
34153,-1,,,,-1,-1,-1,1,[5],[1320],[135],,[1440000|1440000],[201],[10],[404100003],,[4|5],2,2,999,2,-1,999,,,,,
34154,-1,,,,-1,-1,-1,1,[5],[1380],[140],,[1520000|1520000],[201],[10],[404100003],,[4|5],2,2,999,2,-1,999,,,,,
34155,-1,,,,-1,-1,-1,1,[5],[1440],[145],,[1600000|1600000],[201],[10],[404100003],,[4|5],2,2,999,2,-1,999,,,,,
34163,-1,,,,-1,-1,-1,1,[6],[1500],[150],,[1680000|1680000],[201],[10],[404100003],,[4|5],2,2,999,2,-1,999,,,,,
34164,-1,,,,-1,-1,-1,1,[6],[1560],[155],,[1760000|1760000],[201],[10],[404100003],,[4|5],2,2,999,2,-1,999,,,,,
34165,-1,,,,-1,-1,-1,1,[6],[1620],[160],,[1840000|1840000],[201],[10],[404100003],,[4|5],2,2,999,2,-1,999,,,,,
34173,-1,,,,-1,-1,-1,1,[6|1],[1680],[165],,[1920000|1920000],[201|161005],[10],[404100003],,[4|5],2,2,999,2,-1,999,,,,,
34174,-1,,,,-1,-1,-1,1,[7|1],[1740],[170],,[2000000|2000000],[201|161005],[10],[404100003],,[4|5],2,2,999,2,-1,999,,,,,
34175,-1,,,,-1,-1,-1,1,[7|1],[1800],[175],,[2080000|2080000],[201|161005],[10],[404100003],,[4|5],2,2,999,2,-1,999,,,,,
34181,-1,,,,-1,-1,-1,1,[7|2],[1860],[180],,[2160000|2160000],[201|161005],[10],[404100003],,[4|5],2,2,999,2,-1,999,,,,,
34182,-1,,,,-1,-1,-1,1,[7|2],[1920],[185],,[2240000|2240000],[201|161005],[10],[404100003],,[4|5],2,2,999,2,-1,999,,,,,
34183,-1,,,,-1,-1,-1,1,[8|2],[1980],[190],,[2320000|2320000],[201|161005],[10],[404100003],,[4|5],2,2,999,2,-1,999,,,,,
34184,-1,,,,-1,-1,-1,1,[8|2],[2040],[195],,[2400000|2400000],[201|161005],[10],[404100003],,[4|5],2,2,999,2,-1,999,,,,,
34185,-1,,,,-1,-1,-1,1,[8|2],[2100],[200],,[2480000|2480000],[201|161005],[10],[404100003],,[4|5],2,2,999,2,-1,999,,,,,
34186,-1,,,,-1,-1,-1,1,[8|2|1],[2160],[205],,[2560000|2560000],[201|161005|220203],[10],[404100003],,[4|5],2,2,999,2,-1,999,,,,,
34187,-1,,,,-1,-1,-1,1,[8|2|1],[2220],[210],,[2640000|2640000],[201|161005|220203],[10],[404100003],,[4|5],2,2,999,2,-1,999,,,,,
34188,-1,,,,-1,-1,-1,1,[8|2|1],[2280],[215],,[2720000|2720000],[201|161005|220203],[10],[404100003],,[4|5],2,2,999,2,-1,999,,,,,
34189,-1,,,,-1,-1,-1,1,[8|2|1],[2340],[220],,[2800000|2800000],[201|161005|220203],[10],[404100003],,[4|5],2,2,999,2,-1,999,,,,,
34190,-1,,,,-1,-1,-1,1,[8|2|1],[2400],[225],,[2880000|2880000],[201|161005|220203],[10],[404100003],,[4|5],2,2,999,2,-1,999,,,,,
34191,-1,,,,-1,-1,-1,1,[8|2|1],[2460],[230],,[2960000|2960000],[201|161005|220203],[10],[404100003],,[4|5],2,2,999,2,-1,999,,,,,
34192,-1,,,,-1,-1,-1,1,[8|2|1],[2520],[235],,[3040000|3040000],[201|161005|220203],[10],[404100003],,[4|5],2,2,999,2,-1,999,,,,,
34193,-1,,,,-1,-1,-1,1,[8|2|1],[2580],[240],,[3120000|3120000],[201|161005|220203],[10],[404100003],,[4|5],2,2,999,2,-1,999,,,,,
34194,-1,,,,-1,-1,-1,1,[8|2|1],[2640],[245],,[3200000|3200000],[201|161005|220203],[10],[404100003],,[4|5],2,2,999,2,-1,999,,,,,
34195,-1,,,,-1,-1,-1,1,[8|2|1],[2700],[250],,[3280000|3280000],[201|161005|220203],[10],[404100003],,[4|5],2,2,999,2,-1,999,,,,,
34201,-1,,,,-1,-1,-1,1,[200],[20],[2],[8000],[16000|16000],[206],[10],[200002],[3],[4|5],2,2,999,2,999,999,,,,,
34202,-1,,,,-1,-1,-1,1,[220],[25],[2],[10000],[24000|24000],[206],[10],[200002],[3],[4|5],2,2,999,2,999,999,,,,,
34203,-1,,,,-1,-1,-1,1,[240],[30],[2],[12000],[32000|32000],[206],[10],[200002],[3],[4|5],2,2,999,2,999,999,,,,,
34211,-1,,,,-1,-1,-1,1,[260],[35],[3],[14000],[40000|40000],[206],[10],[200002],[3],[4|5],2,2,999,2,999,999,,,,,
34212,-1,,,,-1,-1,-1,1,[280],[40],[3],[16000],[48000|48000],[206],[10],[200002],[3],[4|5],2,2,999,2,999,999,,,,,
34213,-1,,,,-1,-1,-1,1,[300],[45],[3],[18000],[56000|56000],[206],[10],[200002],[3],[4|5],2,2,999,2,999,999,,,,,
34221,-1,,,,-1,-1,-1,1,[320],[50],[4],[20000],[64000|64000],[206],[10],[200002],[3],[4|5],2,2,999,2,999,999,,,,,
34222,-1,,,,-1,-1,-1,1,[340],[55],[4],[22000],[72000|72000],[206],[10],[200002],[3],[4|5],2,2,999,2,999,999,,,,,
34223,-1,,,,-1,-1,-1,1,[360],[60],[4],[24000],[80000|80000],[206],[10],[200002],[3],[4|5],2,2,999,2,999,999,,,,,
34231,-1,,,,-1,-1,-1,1,[380],[65],[5],[26000],[88000|88000],[206],[10],[200002],[3],[4|5],2,2,999,2,999,999,,,,,
34232,-1,,,,-1,-1,-1,1,[400],[70],[5],[28000],[96000|96000],[206],[10],[200002],[3],[4|5],2,2,999,2,999,999,,,,,
34233,-1,,,,-1,-1,-1,1,[420],[75],[5],[30000],[104000|104000],[206],[10],[200002],[3],[4|5],2,2,999,2,999,999,,,,,
34241,-1,,,,-1,-1,-1,1,[440],[80],[6],[32000],[112000|112000],[206],[10],[200002],[3],[4|5],2,2,999,2,999,999,,,,,
34242,-1,,,,-1,-1,-1,1,[460],[85],[6],[34000],[120000|120000],[206],[10],[200002],[3],[4|5],2,2,999,2,999,999,,,,,
34243,-1,,,,-1,-1,-1,1,[480],[90],[6],[36000],[128000|128000],[206],[10],[200002],[3],[4|5],2,2,999,2,999,999,,,,,
34251,-1,,,,-1,-1,-1,1,[500],[100],[7],[38000],[136000|136000],[206],[10],[200002],[3],[4|5],2,2,999,2,999,999,,,,,
34252,-1,,,,-1,-1,-1,1,[520],[110],[7],[40000],[144000|144000],[206],[10],[200002],[3],[4|5],2,2,999,2,999,999,,,,,
34253,-1,,,,-1,-1,-1,1,[540],[120],[7],[42000],[152000|152000],[206],[10],[200002],[3],[4|5],2,2,999,2,999,999,,,,,
34261,-1,,,,-1,-1,-1,1,[560],[130],[8],[44000],[160000|160000],[206],[10],[200002],[3],[4|5],2,2,999,2,999,999,,,,,
34262,-1,,,,-1,-1,-1,1,[580],[140],[8],[46000],[168000|168000],[206],[10],[200002],[3],[4|5],2,2,999,2,999,999,,,,,
34263,-1,,,,-1,-1,-1,1,[600],[150],[8],[48000],[176000|176000],[206],[10],[200002],[3],[4|5],2,2,999,2,999,999,,,,,
34271,-1,,,,-1,-1,-1,1,[620],[160],[9],[50000],[184000|184000],[206],[10],[200002],[3],[4|5],2,2,999,2,999,999,,,,,
34272,-1,,,,-1,-1,-1,1,[640],[170],[9],[52000],[192000|192000],[206],[10],[200002],[3],[4|5],2,2,999,2,999,999,,,,,
34273,-1,,,,-1,-1,-1,1,[660],[180],[9],[54000],[200000|200000],[206],[10],[200002],[3],[4|5],2,2,999,2,999,999,,,,,
34281,-1,,,,-1,-1,-1,1,[680],[190],[10],[56000],[208000|208000],[206],[10],[200002],[3],[4|5],2,2,999,2,999,999,,,,,
34282,-1,,,,-1,-1,-1,1,[700],[200],[10],[58000],[216000|216000],[206],[10],[200002],[3],[4|5],2,2,999,2,999,999,,,,,
34283,-1,,,,-1,-1,-1,1,[720],[210],[10],[60000],[224000|224000],[206],[10],[200002],[3],[4|5],2,2,999,2,999,999,,,,,
34284,-1,,,,-1,-1,-1,1,[740],[220],[11],[62000],[232000|232000],[206],[10],[200002],[3],[4|5],2,2,999,2,999,999,,,,,
34285,-1,,,,-1,-1,-1,1,[760],[230],[11],[64000],[240000|240000],[206],[10],[200002],[3],[4|5],2,2,999,2,999,999,,,,,
34286,-1,,,,-1,-1,-1,1,[780],[240],[11],[66000],[248000|248000],[206],[10],[200002],[3],[4|5],2,2,999,2,999,999,,,,,
34287,-1,,,,-1,-1,-1,1,[800],[250],[12],[68000],[256000|256000],[206],[10],[200002],[3],[4|5],2,2,999,2,999,999,,,,,
34288,-1,,,,-1,-1,-1,1,[820],[260],[12],[70000],[264000|264000],[206],[10],[200002],[3],[4|5],2,2,999,2,999,999,,,,,
34289,-1,,,,-1,-1,-1,1,[840],[270],[12],[72000],[272000|272000],[206],[10],[200002],[3],[4|5],2,2,999,2,999,999,,,,,
34290,-1,,,,-1,-1,-1,1,[860],[280],[13],[74000],[280000|280000],[206],[10],[200002],[3],[4|5],2,2,999,2,999,999,,,,,
34291,-1,,,,-1,-1,-1,1,[880],[290],[13],[76000],[288000|288000],[206],[10],[200002],[3],[4|5],2,2,999,2,999,999,,,,,
34292,-1,,,,-1,-1,-1,1,[900],[300],[13],[78000],[296000|296000],[206],[10],[200002],[3],[4|5],2,2,999,2,999,999,,,,,
34293,-1,,,,-1,-1,-1,1,[920],[310],[14],[74000],[304000|304000],[206],[10],[200002],[3],[4|5],2,2,999,2,999,999,,,,,
34294,-1,,,,-1,-1,-1,1,[940],[320],[14],[76000],[312000|312000],[206],[10],[200002],[3],[4|5],2,2,999,2,999,999,,,,,
34295,-1,,,,-1,-1,-1,1,[960],[330],[14],[78000],[320000|320000],[206],[10],[200002],[3],[4|5],2,2,999,2,999,999,,,,,
38695,-1,,,,-1,-1,-1,1,[2],[2000],[100],[5],,[153],[5],[2],[203033],,2,2,997,999,2,-1,,,,,
38786,-1,,,,-1,-1,-1,1,[10|10|10],,,,,[32001|32002|32003],,,,,2,2,-1,-1,-1,-1,,,,,
9100001,-1,,,,-1,-1,-1,1,[80],[10],[5],[1],,[2],[201],[10018],[203034],,2,999,2,2,2,-1,,,,,
9100002,-1,,,,-1,-1,-1,1,[120],[20],[5],[2],,[2],[201],[10018],[203034],,2,999,2,2,2,-1,,,,,
9100003,-1,,,,-1,-1,-1,1,[400],[10],[3],[12],,[2],[10018],[203034],[200403],,2,999,2,2,2,-1,,,,,
9100004,-1,,,,-1,-1,-1,1,[800],[20],[4],[24],,[2],[10018],[203034],[200403],,2,999,2,2,2,-1,,,,,
9100005,-1,,,,-1,-1,-1,1,[1600],[30],[5],[36],,[2],[10018],[203034],[200403],,2,999,2,2,2,-1,,,,,
9100006,-1,,,,-1,-1,-1,1,[2400],[40],[6],[48],,[2],[10018],[203034],[200403],,2,999,2,2,2,-1,,,,,
9100007,-1,,,,-1,-1,-1,1,[4000],[50],[12],[60],,[2],[10018],[203034],[200403],,2,999,2,2,2,-1,,,,,
9100008,-1,,,,-1,-1,-1,1,[8000],[80],[24],[120],,[2],[10018],[203034],[200403],,2,999,2,2,2,-1,,,,,
9100009,-1,,,,-1,-1,-1,1,[8000],[80],[26],[180],,[2],[10018],[203034],[200403],,2,999,2,2,2,-1,,,,,
9100010,-1,,,,-1,-1,-1,1,[8000],[80],[28],[240],,[2],[220005],[203034],[200403],,2,999,2,2,2,-1,,,,,
9100011,-1,,,,-1,-1,-1,1,[8000],[80],[30],[300],,[2],[220005],[203034],[200403],,2,999,2,2,2,-1,,,,,
9100012,-1,,,,-1,-1,-1,1,[8000],[80],[32],[360],,[2],[220005],[203034],[200403],,2,999,2,2,2,-1,,,,,
9100013,-1,,,,-1,-1,-1,1,[8000],[80],[34],[420],,[2],[220005],[203034],[200403],,2,999,2,2,2,-1,,,,,
9100014,-1,,,,-1,-1,-1,1,[8000],[80],[36],[480],,[2],[220005],[203034],[200403],,2,999,2,2,2,-1,,,,,
9100015,-1,,,,-1,-1,-1,1,[8000],[80],[38],[540],,[2],[220005],[203034],[200403],,2,999,2,2,2,-1,,,,,
9100016,-1,,,,-1,-1,-1,1,[8000],[80],[40],[600],,[2],[220005],[203034],[200403],,2,999,2,2,2,-1,,,,,
16004,801,,,,-1,0,-1,1,[2000],,,,,[4],,,,,2,999,-1,-1,-1,-1,,,,,
16005,801,,,,-1,0,-1,1,[14000],,,,,[4],,,,,2,999,-1,-1,-1,-1,,,,,
16006,801,,,,-1,0,-1,1,[40000],,,,,[4],,,,,2,999,-1,-1,-1,-1,,,,,
16007,901,,,,-1,0,-1,1,[2000],,,,,[5],,,,,2,999,-1,-1,-1,-1,,,,,
16008,901,,,,-1,0,-1,1,[14000],,,,,[5],,,,,2,999,-1,-1,-1,-1,,,,,
16009,901,,,,-1,0,-1,1,[40000],,,,,[5],,,,,2,999,-1,-1,-1,-1,,,,,
16010,1001,,,,-1,0,-1,1,[1000],,,,,[6],,,,,2,999,-1,-1,-1,-1,,,,,
16011,1001,,,,-1,0,-1,1,[7000],,,,,[6],,,,,2,999,-1,-1,-1,-1,,,,,
16012,1001,,,,-1,0,-1,1,[20000],,,,,[6],,,,,2,999,-1,-1,-1,-1,,,,,
16013,1101,,,,-1,0,-1,1,[833],,,,,[3],,,,,2,999,-1,-1,-1,-1,,,,,
16014,1101,,,,-1,0,-1,1,[6667],,,,,[3],,,,,2,999,-1,-1,-1,-1,,,,,
16015,1101,,,,-1,0,-1,1,[20000],,,,,[3],,,,,2,999,-1,-1,-1,-1,,,,,
16016,701,,,,-1,0,-1,1,[1250],,,,,[3],,,,,2,999,-1,-1,-1,-1,,,,,
16017,701,,,,-1,0,-1,1,[10000],,,,,[3],,,,,2,999,-1,-1,-1,-1,,,,,
922001,-1,,,,-1,-1,-1,1,[500],[15],[15],[60],[4000],[200303],[203029],[203026],[203032],[2],2,2,2,2,2,999,,,,,
830101,-1,,,,-1,-1,-1,1,[40],[3],[3],[3],[400],[200003],[203029],[203026],[203032],[2],2,2,2,2,2,999,,,,,
830102,-1,,,,-1,-1,-1,1,[120],[12],[12],[12],[1200],[200003],[203029],[203026],[203032],[2],2,2,2,2,2,999,,,,,
830103,-1,,,,-1,-1,-1,1,[240],[24],[24],[24],[2400],[200003],[203029],[203026],[203032],[2],2,2,2,2,2,999,,,,,
10404,-1,,,,-1,0,-1,1,[1],[1|1|1],,[1|1|1|2|2|2|20|50|1|2|10|30|1|1|1|1|400|200],[2000|10000],[206309],[201|220005|220004],,[206104|206204|206004|206104|206204|206004|404100004|404100004|404100004|404100004|250|250|200102|200002|200402|200302|206|206],[6|6],1,2,2,-1,2,999,[4],[20|10|100],,[150|150|150|50|50|50|50|50|50|50|300|150|100|100|100|100|100|100],[100|100]
10405,-1,,,,-1,0,-1,1,[1|1|1|1|1],[1|1|1|1|1|1|2|2|2|200|500|5|10|30|100|1|1|1|1|1|1|40|80|20|2000|4000|100|500],,,,[30002|104501|105501|108501|108502],[206399|201|160204|206106|206206|206005|206106|206206|206005|404100004|404100004|404100004|404100004|250|250|200105|200005|200405|200305|100002|208|203036|203036|203037|206|206|206|206],,,,1,6,2,-1,-1,-1,[2|2|2|1|1],[3|100|50|75|75|75|25|25|25|15|15|15|15|600|300|100|100|100|100|100|20|30|30|30|65|65|65|65],,,
1310001,-1,,,,-1,0,-1,1,[2300],[2300],[1110],,,[4],[5],[6],,,2,999,999,999,-1,-1,,,,,
1310002,-1,,,,-1,0,-1,1,[5000],[5000],[2485],,,[4],[5],[6],,,2,999,999,999,-1,-1,,,,,
1310003,-1,,,,-1,0,-1,1,[7300],[7300],[3625],,,[4],[5],[6],,,2,999,999,999,-1,-1,,,,,
1310004,-1,,,,-1,0,-1,1,[13300],[13300],[6635],,,[4],[5],[6],,,2,999,999,999,-1,-1,,,,,
1310005,-1,,,,-1,0,-1,1,[15400],[15400],[7655],,,[4],[5],[6],,,2,999,999,999,-1,-1,,,,,
1310006,-1,,,,-1,0,-1,1,[20900],[20900],[10430],,,[4],[5],[6],,,2,999,999,999,-1,-1,,,,,
1310007,-1,,,,-1,0,-1,1,[26500],[26500],[13230],,,[4],[5],[6],,,2,999,999,999,-1,-1,,,,,
1310008,-1,,,,-1,0,-1,1,[32100],[32100],[16035],,,[4],[5],[6],,,2,999,999,999,-1,-1,,,,,
1310009,-1,,,,-1,0,-1,1,[38800],[38800],[19365],,,[4],[5],[6],,,2,999,999,999,-1,-1,,,,,
1310010,-1,,,,-1,0,-1,1,[44800],[44800],[22365],,,[4],[5],[6],,,2,999,999,999,-1,-1,,,,,
1310011,-1,,,,-1,0,-1,1,[48200],[48200],[24065],,,[4],[5],[6],,,2,999,999,999,-1,-1,,,,,
1310012,-1,,,,-1,0,-1,1,[54500],[54500],[27245],,,[4],[5],[6],,,2,999,999,999,-1,-1,,,,,
1310013,-1,,,,-1,0,-1,1,[57500],[57500],[28720],,,[4],[5],[6],,,2,999,999,999,-1,-1,,,,,
1310014,-1,,,,-1,0,-1,1,[62100],[62100],[31005],,,[4],[5],[6],,,2,999,999,999,-1,-1,,,,,
1310015,-1,,,,-1,0,-1,1,[65000],[65000],[32485],,,[4],[5],[6],,,2,999,999,999,-1,-1,,,,,
1310101,-1,,,,-1,0,-1,1,[3400],[3400],[1665],,,[4],[5],[6],,,2,999,999,999,-1,-1,,,,,
1310102,-1,,,,-1,0,-1,1,[7500],[7500],[3725],,,[4],[5],[6],,,2,999,999,999,-1,-1,,,,,
1310103,-1,,,,-1,0,-1,1,[10900],[10900],[5440],,,[4],[5],[6],,,2,999,999,999,-1,-1,,,,,
1310104,-1,,,,-1,0,-1,1,[20000],[20000],[9955],,,[4],[5],[6],,,2,999,999,999,-1,-1,,,,,
1310105,-1,,,,-1,0,-1,1,[23000],[23000],[11485],,,[4],[5],[6],,,2,999,999,999,-1,-1,,,,,
1310106,-1,,,,-1,0,-1,1,[31300],[31300],[15640],,,[4],[5],[6],,,2,999,999,999,-1,-1,,,,,
1310107,-1,,,,-1,0,-1,1,[39700],[39700],[19845],,,[4],[5],[6],,,2,999,999,999,-1,-1,,,,,
1310108,-1,,,,-1,0,-1,1,[48100],[48100],[24050],,,[4],[5],[6],,,2,999,999,999,-1,-1,,,,,
1310109,-1,,,,-1,0,-1,1,[58100],[58100],[29045],,,[4],[5],[6],,,2,999,999,999,-1,-1,,,,,
1310110,-1,,,,-1,0,-1,1,[67100],[67100],[33545],,,[4],[5],[6],,,2,999,999,999,-1,-1,,,,,
1310111,-1,,,,-1,0,-1,1,[72200],[72200],[36095],,,[4],[5],[6],,,2,999,999,999,-1,-1,,,,,
1310112,-1,,,,-1,0,-1,1,[81800],[81800],[40865],,,[4],[5],[6],,,2,999,999,999,-1,-1,,,,,
1310113,-1,,,,-1,0,-1,1,[86200],[86200],[43080],,,[4],[5],[6],,,2,999,999,999,-1,-1,,,,,
1310114,-1,,,,-1,0,-1,1,[93100],[93100],[46510],,,[4],[5],[6],,,2,999,999,999,-1,-1,,,,,
1310115,-1,,,,-1,0,-1,1,[97500],[97500],[48725],,,[4],[5],[6],,,2,999,999,999,-1,-1,,,,,
1310201,-1,,,,-1,0,-1,1,[4500],[4500],[2215],,,[4],[5],[6],,,2,999,999,999,-1,-1,,,,,
1310202,-1,,,,-1,0,-1,1,[10000],[10000],[4965],,,[4],[5],[6],,,2,999,999,999,-1,-1,,,,,
1310203,-1,,,,-1,0,-1,1,[14500],[14500],[7250],,,[4],[5],[6],,,2,999,999,999,-1,-1,,,,,
1310204,-1,,,,-1,0,-1,1,[26600],[26600],[13270],,,[4],[5],[6],,,2,999,999,999,-1,-1,,,,,
1310205,-1,,,,-1,0,-1,1,[30700],[30700],[15310],,,[4],[5],[6],,,2,999,999,999,-1,-1,,,,,
1310206,-1,,,,-1,0,-1,1,[41800],[41800],[20855],,,[4],[5],[6],,,2,999,999,999,-1,-1,,,,,
1310207,-1,,,,-1,0,-1,1,[53000],[53000],[26455],,,[4],[5],[6],,,2,999,999,999,-1,-1,,,,,
1310208,-1,,,,-1,0,-1,1,[64200],[64200],[32070],,,[4],[5],[6],,,2,999,999,999,-1,-1,,,,,
1310209,-1,,,,-1,0,-1,1,[77500],[77500],[38725],,,[4],[5],[6],,,2,999,999,999,-1,-1,,,,,
1310210,-1,,,,-1,0,-1,1,[89500],[89500],[44725],,,[4],[5],[6],,,2,999,999,999,-1,-1,,,,,
1310211,-1,,,,-1,0,-1,1,[96300],[96300],[48125],,,[4],[5],[6],,,2,999,999,999,-1,-1,,,,,
1310212,-1,,,,-1,0,-1,1,[109000],[109000],[54490],,,[4],[5],[6],,,2,999,999,999,-1,-1,,,,,
1310213,-1,,,,-1,0,-1,1,[114900],[114900],[57440],,,[4],[5],[6],,,2,999,999,999,-1,-1,,,,,
1310214,-1,,,,-1,0,-1,1,[124100],[124100],[62010],,,[4],[5],[6],,,2,999,999,999,-1,-1,,,,,
1310215,-1,,,,-1,0,-1,1,[130000],[130000],[64965],,,[4],[5],[6],,,2,999,999,999,-1,-1,,,,,
1310301,-1,,,,-1,0,-1,1,[5600],[5600],[2770],,,[4],[5],[6],,,2,999,999,999,-1,-1,,,,,
1310302,-1,,,,-1,0,-1,1,[12500],[12500],[6205],,,[4],[5],[6],,,2,999,999,999,-1,-1,,,,,
1310303,-1,,,,-1,0,-1,1,[18200],[18200],[9065],,,[4],[5],[6],,,2,999,999,999,-1,-1,,,,,
1310304,-1,,,,-1,0,-1,1,[33200],[33200],[16585],,,[4],[5],[6],,,2,999,999,999,-1,-1,,,,,
1310305,-1,,,,-1,0,-1,1,[38300],[38300],[19140],,,[4],[5],[6],,,2,999,999,999,-1,-1,,,,,
1310306,-1,,,,-1,0,-1,1,[52200],[52200],[26070],,,[4],[5],[6],,,2,999,999,999,-1,-1,,,,,
1310307,-1,,,,-1,0,-1,1,[66200],[66200],[33070],,,[4],[5],[6],,,2,999,999,999,-1,-1,,,,,
1310308,-1,,,,-1,0,-1,1,[80200],[80200],[40085],,,[4],[5],[6],,,2,999,999,999,-1,-1,,,,,
1310309,-1,,,,-1,0,-1,1,[96900],[96900],[48405],,,[4],[5],[6],,,2,999,999,999,-1,-1,,,,,
1310310,-1,,,,-1,0,-1,1,[111900],[111900],[55905],,,[4],[5],[6],,,2,999,999,999,-1,-1,,,,,
1310311,-1,,,,-1,0,-1,1,[120400],[120400],[60155],,,[4],[5],[6],,,2,999,999,999,-1,-1,,,,,
1310312,-1,,,,-1,0,-1,1,[136300],[136300],[68110],,,[4],[5],[6],,,2,999,999,999,-1,-1,,,,,
1310313,-1,,,,-1,0,-1,1,[143600],[143600],[71800],,,[4],[5],[6],,,2,999,999,999,-1,-1,,,,,
1310314,-1,,,,-1,0,-1,1,[155100],[155100],[77515],,,[4],[5],[6],,,2,999,999,999,-1,-1,,,,,
1310315,-1,,,,-1,0,-1,1,[162500],[162500],[81205],,,[4],[5],[6],,,2,999,999,999,-1,-1,,,,,
1310401,-1,,,,-1,0,-1,1,[6700],[6700],[3325],,,[4],[5],[6],,,2,999,999,999,-1,-1,,,,,
1310402,-1,,,,-1,0,-1,1,[14900],[14900],[7445],,,[4],[5],[6],,,2,999,999,999,-1,-1,,,,,
1310403,-1,,,,-1,0,-1,1,[21800],[21800],[10875],,,[4],[5],[6],,,2,999,999,999,-1,-1,,,,,
1310404,-1,,,,-1,0,-1,1,[39900],[39900],[19905],,,[4],[5],[6],,,2,999,999,999,-1,-1,,,,,
1310405,-1,,,,-1,0,-1,1,[46000],[46000],[22965],,,[4],[5],[6],,,2,999,999,999,-1,-1,,,,,
1310406,-1,,,,-1,0,-1,1,[62600],[62600],[31280],,,[4],[5],[6],,,2,999,999,999,-1,-1,,,,,
1310407,-1,,,,-1,0,-1,1,[79400],[79400],[39685],,,[4],[5],[6],,,2,999,999,999,-1,-1,,,,,
1310408,-1,,,,-1,0,-1,1,[96200],[96200],[48100],,,[4],[5],[6],,,2,999,999,999,-1,-1,,,,,
1310409,-1,,,,-1,0,-1,1,[116200],[116200],[58090],,,[4],[5],[6],,,2,999,999,999,-1,-1,,,,,
1310410,-1,,,,-1,0,-1,1,[134200],[134200],[67085],,,[4],[5],[6],,,2,999,999,999,-1,-1,,,,,
1310411,-1,,,,-1,0,-1,1,[144400],[144400],[72185],,,[4],[5],[6],,,2,999,999,999,-1,-1,,,,,
1310412,-1,,,,-1,0,-1,1,[163500],[163500],[81730],,,[4],[5],[6],,,2,999,999,999,-1,-1,,,,,
1310413,-1,,,,-1,0,-1,1,[172400],[172400],[86160],,,[4],[5],[6],,,2,999,999,999,-1,-1,,,,,
1310414,-1,,,,-1,0,-1,1,[186100],[186100],[93015],,,[4],[5],[6],,,2,999,999,999,-1,-1,,,,,
1310415,-1,,,,-1,0,-1,1,[194900],[194900],[97445],,,[4],[5],[6],,,2,999,999,999,-1,-1,,,,,
1310501,-1,,,,-1,0,-1,1,[13300],[13300],[6645],,,[4],[5],[6],,,2,999,999,999,-1,-1,,,,,
1310502,-1,,,,-1,0,-1,1,[29800],[29800],[14885],,,[4],[5],[6],,,2,999,999,999,-1,-1,,,,,
1310503,-1,,,,-1,0,-1,1,[43500],[43500],[21750],,,[4],[5],[6],,,2,999,999,999,-1,-1,,,,,
1310504,-1,,,,-1,0,-1,1,[79700],[79700],[39805],,,[4],[5],[6],,,2,999,999,999,-1,-1,,,,,
1310505,-1,,,,-1,0,-1,1,[91900],[91900],[45930],,,[4],[5],[6],,,2,999,999,999,-1,-1,,,,,
1310506,-1,,,,-1,0,-1,1,[125200],[125200],[62560],,,[4],[5],[6],,,2,999,999,999,-1,-1,,,,,
1310507,-1,,,,-1,0,-1,1,[158800],[158800],[79365],,,[4],[5],[6],,,2,999,999,999,-1,-1,,,,,
1310508,-1,,,,-1,0,-1,1,[192400],[192400],[96200],,,[4],[5],[6],,,2,999,999,999,-1,-1,,,,,
1310509,-1,,,,-1,0,-1,1,[232400],[232400],[116175],,,[4],[5],[6],,,2,999,999,999,-1,-1,,,,,
1310510,-1,,,,-1,0,-1,1,[268400],[268400],[134165],,,[4],[5],[6],,,2,999,999,999,-1,-1,,,,,
1310511,-1,,,,-1,0,-1,1,[288800],[288800],[144370],,,[4],[5],[6],,,2,999,999,999,-1,-1,,,,,
1310512,-1,,,,-1,0,-1,1,[327000],[327000],[163460],,,[4],[5],[6],,,2,999,999,999,-1,-1,,,,,
1310513,-1,,,,-1,0,-1,1,[344700],[344700],[172315],,,[4],[5],[6],,,2,999,999,999,-1,-1,,,,,
1310514,-1,,,,-1,0,-1,1,[372100],[372100],[186030],,,[4],[5],[6],,,2,999,999,999,-1,-1,,,,,
1310515,-1,,,,-1,0,-1,1,[415800],[415800],[207880],,,[4],[5],[6],,,2,999,999,999,-1,-1,,,,,
1311001,-1,,,,-1,0,-1,1,[20],,,,,[130008],,,,,2,2,-1,-1,-1,-1,,,,,
1311002,-1,,,,-1,0,-1,1,[1],,,,,[200002],,,,,2,2,-1,-1,-1,-1,,,,,
1311003,-1,,,,-1,0,-1,1,[1],,,,,[200302],,,,,2,2,-1,-1,-1,-1,,,,,
1311004,-1,,,,-1,0,-1,1,[1],,,,,[200102],,,,,2,2,-1,-1,-1,-1,,,,,
1311005,-1,,,,-1,0,-1,1,[1],,,,,[200202],,,,,2,2,-1,-1,-1,-1,,,,,
1311006,-1,,,,-1,0,-1,1,[10],,,,,[2],,,,,2,999,-1,-1,-1,-1,,,,,
1311007,-1,,,,-1,0,-1,1,[10],,,,,[10],,,,,2,999,-1,-1,-1,-1,,,,,
1311008,-1,,,,-1,0,-1,1,[10],,,,,[250],,,,,2,2,-1,-1,-1,-1,,,,,
1311009,-1,,,,-1,0,-1,1,[1],,,,,[201],,,,,2,2,-1,-1,-1,-1,,,,,
1311010,-1,,,,-1,0,-1,1,[1],,,,,[220005],,,,,2,2,-1,-1,-1,-1,,,,,
1311011,-1,,,,-1,0,-1,1,[1],,,,,[405230001],,,,,2,2,-1,-1,-1,-1,,,,,
1311012,-1,,,,-1,0,-1,1,[1],,,,,[405230002],,,,,2,2,-1,-1,-1,-1,,,,,
1311013,-1,,,,-1,0,-1,1,[1],,,,,[405230003],,,,,2,2,-1,-1,-1,-1,,,,,
1311101,-1,,,,-1,0,-1,1,[20],,,,,[130008],,,,,2,2,-1,-1,-1,-1,,,,,
1311102,-1,,,,-1,0,-1,1,[1],,,,,[200002],,,,,2,2,-1,-1,-1,-1,,,,,
1311103,-1,,,,-1,0,-1,1,[1],,,,,[200302],,,,,2,2,-1,-1,-1,-1,,,,,
1311104,-1,,,,-1,0,-1,1,[1],,,,,[200102],,,,,2,2,-1,-1,-1,-1,,,,,
1311105,-1,,,,-1,0,-1,1,[1],,,,,[200202],,,,,2,2,-1,-1,-1,-1,,,,,
1311106,-1,,,,-1,0,-1,1,[10],,,,,[2],,,,,2,999,-1,-1,-1,-1,,,,,
1311107,-1,,,,-1,0,-1,1,[10],,,,,[10],,,,,2,999,-1,-1,-1,-1,,,,,
1311108,-1,,,,-1,0,-1,1,[10],,,,,[250],,,,,2,2,-1,-1,-1,-1,,,,,
1311109,-1,,,,-1,0,-1,1,[1],,,,,[201],,,,,2,2,-1,-1,-1,-1,,,,,
1311110,-1,,,,-1,0,-1,1,[1],,,,,[220005],,,,,2,2,-1,-1,-1,-1,,,,,
1311111,-1,,,,-1,0,-1,1,[1],,,,,[405230001],,,,,2,2,-1,-1,-1,-1,,,,,
1311112,-1,,,,-1,0,-1,1,[1],,,,,[405230002],,,,,2,2,-1,-1,-1,-1,,,,,
1311113,-1,,,,-1,0,-1,1,[1],,,,,[405230003],,,,,2,2,-1,-1,-1,-1,,,,,
1311201,-1,,,,-1,0,-1,1,[40],,,,,[130008],,,,,2,2,-1,-1,-1,-1,,,,,
1311202,-1,,,,-1,0,-1,1,[2],,,,,[200002],,,,,2,2,-1,-1,-1,-1,,,,,
1311203,-1,,,,-1,0,-1,1,[2],,,,,[200302],,,,,2,2,-1,-1,-1,-1,,,,,
1311204,-1,,,,-1,0,-1,1,[2],,,,,[200102],,,,,2,2,-1,-1,-1,-1,,,,,
1311205,-1,,,,-1,0,-1,1,[2],,,,,[200202],,,,,2,2,-1,-1,-1,-1,,,,,
1311206,-1,,,,-1,0,-1,1,[20],,,,,[2],,,,,2,999,-1,-1,-1,-1,,,,,
1311207,-1,,,,-1,0,-1,1,[20],,,,,[10],,,,,2,999,-1,-1,-1,-1,,,,,
1311208,-1,,,,-1,0,-1,1,[20],,,,,[250],,,,,2,2,-1,-1,-1,-1,,,,,
1311209,-1,,,,-1,0,-1,1,[1],,,,,[201],,,,,2,2,-1,-1,-1,-1,,,,,
1311210,-1,,,,-1,0,-1,1,[1],,,,,[220005],,,,,2,2,-1,-1,-1,-1,,,,,
1311211,-1,,,,-1,0,-1,1,[1],,,,,[405230001],,,,,2,2,-1,-1,-1,-1,,,,,
1311212,-1,,,,-1,0,-1,1,[1],,,,,[405230002],,,,,2,2,-1,-1,-1,-1,,,,,
1311213,-1,,,,-1,0,-1,1,[1],,,,,[405230003],,,,,2,2,-1,-1,-1,-1,,,,,
1311301,-1,,,,-1,0,-1,1,[60],,,,,[130008],,,,,2,2,-1,-1,-1,-1,,,,,
1311302,-1,,,,-1,0,-1,1,[3],,,,,[200002],,,,,2,2,-1,-1,-1,-1,,,,,
1311303,-1,,,,-1,0,-1,1,[3],,,,,[200302],,,,,2,2,-1,-1,-1,-1,,,,,
1311304,-1,,,,-1,0,-1,1,[3],,,,,[200102],,,,,2,2,-1,-1,-1,-1,,,,,
1311305,-1,,,,-1,0,-1,1,[3],,,,,[200202],,,,,2,2,-1,-1,-1,-1,,,,,
1311306,-1,,,,-1,0,-1,1,[50],,,,,[2],,,,,2,999,-1,-1,-1,-1,,,,,
1311307,-1,,,,-1,0,-1,1,[50],,,,,[10],,,,,2,999,-1,-1,-1,-1,,,,,
1311308,-1,,,,-1,0,-1,1,[50],,,,,[250],,,,,2,2,-1,-1,-1,-1,,,,,
1311309,-1,,,,-1,0,-1,1,[1],,,,,[201],,,,,2,2,-1,-1,-1,-1,,,,,
1311310,-1,,,,-1,0,-1,1,[1],,,,,[220005],,,,,2,2,-1,-1,-1,-1,,,,,
1311311,-1,,,,-1,0,-1,1,[1],,,,,[405230001],,,,,2,2,-1,-1,-1,-1,,,,,
1311312,-1,,,,-1,0,-1,1,[1],,,,,[405230002],,,,,2,2,-1,-1,-1,-1,,,,,
1311313,-1,,,,-1,0,-1,1,[1],,,,,[405230003],,,,,2,2,-1,-1,-1,-1,,,,,
1311401,-1,,,,-1,0,-1,1,[80],,,,,[130008],,,,,2,2,-1,-1,-1,-1,,,,,
1311402,-1,,,,-1,0,-1,1,[5],,,,,[200002],,,,,2,2,-1,-1,-1,-1,,,,,
1311403,-1,,,,-1,0,-1,1,[5],,,,,[200302],,,,,2,2,-1,-1,-1,-1,,,,,
1311404,-1,,,,-1,0,-1,1,[5],,,,,[200102],,,,,2,2,-1,-1,-1,-1,,,,,
1311405,-1,,,,-1,0,-1,1,[5],,,,,[200202],,,,,2,2,-1,-1,-1,-1,,,,,
1311406,-1,,,,-1,0,-1,1,[100],,,,,[2],,,,,2,999,-1,-1,-1,-1,,,,,
1311407,-1,,,,-1,0,-1,1,[100],,,,,[10],,,,,2,999,-1,-1,-1,-1,,,,,
1311408,-1,,,,-1,0,-1,1,[100],,,,,[250],,,,,2,2,-1,-1,-1,-1,,,,,
1311409,-1,,,,-1,0,-1,1,[1],,,,,[201],,,,,2,2,-1,-1,-1,-1,,,,,
1311410,-1,,,,-1,0,-1,1,[1],,,,,[220005],,,,,2,2,-1,-1,-1,-1,,,,,
1311411,-1,,,,-1,0,-1,1,[1],,,,,[405230001],,,,,2,2,-1,-1,-1,-1,,,,,
1311412,-1,,,,-1,0,-1,1,[1],,,,,[405230002],,,,,2,2,-1,-1,-1,-1,,,,,
1311413,-1,,,,-1,0,-1,1,[1],,,,,[405230003],,,,,2,2,-1,-1,-1,-1,,,,,
1311501,-1,,,,-1,0,-1,1,[100],,,,,[130008],,,,,2,2,-1,-1,-1,-1,,,,,
1311502,-1,,,,-1,0,-1,1,[6],,,,,[200002],,,,,2,2,-1,-1,-1,-1,,,,,
1311503,-1,,,,-1,0,-1,1,[6],,,,,[200302],,,,,2,2,-1,-1,-1,-1,,,,,
1311504,-1,,,,-1,0,-1,1,[6],,,,,[200102],,,,,2,2,-1,-1,-1,-1,,,,,
1311505,-1,,,,-1,0,-1,1,[6],,,,,[200202],,,,,2,2,-1,-1,-1,-1,,,,,
1311506,-1,,,,-1,0,-1,1,[150],,,,,[2],,,,,2,999,-1,-1,-1,-1,,,,,
1311507,-1,,,,-1,0,-1,1,[150],,,,,[10],,,,,2,999,-1,-1,-1,-1,,,,,
1311508,-1,,,,-1,0,-1,1,[150],,,,,[250],,,,,2,2,-1,-1,-1,-1,,,,,
1311509,-1,,,,-1,0,-1,1,[2],,,,,[201],,,,,2,2,-1,-1,-1,-1,,,,,
1311510,-1,,,,-1,0,-1,1,[1],,,,,[220005],,,,,2,2,-1,-1,-1,-1,,,,,
1311511,-1,,,,-1,0,-1,1,[1],,,,,[405230001],,,,,2,2,-1,-1,-1,-1,,,,,
1311512,-1,,,,-1,0,-1,1,[1],,,,,[405230002],,,,,2,2,-1,-1,-1,-1,,,,,
1311513,-1,,,,-1,0,-1,1,[1],,,,,[405230003],,,,,2,2,-1,-1,-1,-1,,,,,
10006,-1,,,,-1,0,-1,1,[1|1|1|1|1|1|2|2|2|2|2|2],,,,,[10018|10019|10021|10022|10024|10026|10018|10019|10021|10022|10024|10026],,,,,1,2,-1,-1,-1,-1,[9000|9000|9000|9000|9000|9000|1000|1000|1000|1000|1000|1000],,,,
10011,-1,,,,-1,0,-1,1,[1|1|1|1|1|1],,,,,[10001|10002|10006|10007|10009|10010],,,,,1,1,-1,-1,-1,-1,[10000|10000|10000|10000|10000|10000],,,,
10012,-1,,,,-1,0,-1,1,[1|1|1|1|1|1|1|1],,,,,[10003|10004|10005|10011|10013|10014|10015|10016],,,,,1,1,-1,-1,-1,-1,[10000|10000|10000|10000|10000|10000|10000|10000],,,,
10013,-1,,,,-1,0,-1,1,[1|1|1|1|1|1|1|1|1|1|1|1|1|1|1],,,,,[10008|10018|10019|10020|10023|10024|10025|10027|10028|10030|10031|10035|10036|10038|10040],,,,,1,1,-1,-1,-1,-1,[10000|10000|10000|10000|10000|10000|10000|10000|10000|10000|10000|10000|10000|10000|10000],,,,
130113,-1,,,,-1,0,-1,1,[1|1|1|1|1|1|1|1|1|1|1|1|1|1|1|1|1|1|1|1|1|1],,,,,[10008|10012|10017|10018|10019|10020|10021|10022|10023|10024|10025|10026|10027|10028|10030|10031|10032|10034|10035|10036|10038|10040],,,,,5,1,-1,-1,-1,-1,[1000|1000|1000|1000|1000|1000|1000|1000|1000|1000|1000|1000|1000|1000|1000|1000|1000|1000|1000|1000|1000|1000],,,,
130114,-1,,,,-1,0,-1,1,[1|1|1|1|1|1|1],,,,,[10018|10024|10025|10027|10030|10031|15032],,,,,5,1,-1,-1,-1,-1,[1000|1000|1000|1000|1000|1000|1000],,,,
130115,-1,,,,-1,0,-1,1,[1|1|1|1|1|1|1],,,,,[10017|10020|10022|10023|10028|10034|10038],,,,,5,1,-1,-1,-1,-1,[1000|1000|1000|1000|1000|1000|1000],,,,
130116,-1,,,,-1,0,-1,1,[1|1|1|1|1|1|1|1],,,,,[10008|10012|10019|10021|10026|10035|10036|10040],,,,,5,1,-1,-1,-1,-1,[1000|1000|1000|1000|1000|1000|1000|1000],,,,
130117,-1,,,,-1,0,-1,1,[1|1|1|1|1|1|1],,,,,[10018|10024|10025|10027|10030|10031|15032],,,,,5,2,-1,-1,-1,-1,[1000|1000|1000|1000|1000|1000|1000],,,,
130118,-1,,,,-1,0,-1,1,[1|1|1|1|1|1|1],,,,,[10017|10020|10022|10023|10028|10034|10038],,,,,5,2,-1,-1,-1,-1,[1000|1000|1000|1000|1000|1000|1000],,,,
130119,-1,,,,-1,0,-1,1,[1|1|1|1|1|1|1|1],,,,,[10008|10012|10019|10021|10026|10035|10036|10040],,,,,5,2,-1,-1,-1,-1,[1000|1000|1000|1000|1000|1000|1000|1000],,,,
130120,-1,,,,-1,0,-1,1,[1|1|1|1|1|1|1],,,,,[10018|10024|10025|10027|10030|10031|15032],,,,,1,1,-1,-1,-1,-1,[1000|1000|1000|1000|1000|1000|1000],,,,
130121,-1,,,,-1,0,-1,1,[1|1|1|1|1|1|1],,,,,[10017|10020|10022|10023|10028|10034|10038],,,,,1,1,-1,-1,-1,-1,[1000|1000|1000|1000|1000|1000|1000],,,,
130122,-1,,,,-1,0,-1,1,[1|1|1|1|1|1|1|1],,,,,[10008|10012|10019|10021|10026|10035|10036|10040],,,,,1,1,-1,-1,-1,-1,[1000|1000|1000|1000|1000|1000|1000|1000],,,,
130123,-1,,,,-1,0,-1,1,[1|1|1|1|1|1|1],,,,,[10018|10024|10025|10027|10030|10031|15032],,,,,1,2,-1,-1,-1,-1,[1000|1000|1000|1000|1000|1000|1000],,,,
130124,-1,,,,-1,0,-1,1,[1|1|1|1|1|1|1],,,,,[10017|10020|10022|10023|10028|10034|10038],,,,,1,2,-1,-1,-1,-1,[1000|1000|1000|1000|1000|1000|1000],,,,
130125,-1,,,,-1,0,-1,1,[1|1|1|1|1|1|1|1],,,,,[10008|10012|10019|10021|10026|10035|10036|10040],,,,,1,2,-1,-1,-1,-1,[1000|1000|1000|1000|1000|1000|1000|1000],,,,
130126,-1,,,,-1,0,-1,1,[1|1|1|1|1|1|1|1|1|1|1|1|1|1|1|1|1|1|1|1|1|1],,,,,[10008|10012|10017|10018|10019|10020|10021|10022|10023|10024|10025|10026|10027|10028|10030|10031|15032|10034|10035|10036|10038|10040],,,,,5,2,-1,-1,-1,-1,[1000|1000|1000|1000|1000|1000|1000|1000|1000|1000|1000|1000|1000|1000|1000|1000|1000|1000|1000|1000|1000|1000],,,,
130127,-1,,,,-1,0,-1,1,[1|1|1],,,,,[375101|375201|375301],,,,,5,2,-1,-1,-1,-1,[500|500|500],,,,
130128,-1,,,,-1,0,-1,1,[1|1|1],,,,,[375102|375202|375302],,,,,5,2,-1,-1,-1,-1,[500|500|500],,,,
130129,-1,,,,-1,0,-1,1,[1|1|1],,,,,[375104|375204|375304],,,,,5,2,-1,-1,-1,-1,[500|500|500],,,,
130130,-1,,,,-1,0,-1,1,[1|1|1],,,,,[375105|375205|375305],,,,,5,2,-1,-1,-1,-1,[500|500|500],,,,
130131,-1,,,,-1,0,-1,1,[1|1|1],,,,,[375106|375206|375306],,,,,5,2,-1,-1,-1,-1,[500|500|500],,,,
130132,-1,,,,-1,0,-1,1,[1|1|1],,,,,[375107|375207|375307],,,,,5,2,-1,-1,-1,-1,[500|500|500],,,,
130133,-1,,,,-1,0,-1,1,[1|1|1],,,,,[375108|375208|375308],,,,,5,2,-1,-1,-1,-1,[500|500|500],,,,
1011816,-1,,,,-1,-1,-1,1,[1],,,,,[201],,,,,2,2,-1,-1,-1,-1,,,,,
1011916,-1,,,,-1,-1,-1,1,[1],,,,,[201],,,,,2,2,-1,-1,-1,-1,,,,,
1012016,-1,,,,-1,-1,-1,1,[1],,,,,[201],,,,,2,2,-1,-1,-1,-1,,,,,
1012116,-1,,,,-1,-1,-1,1,[1],,,,,[201],,,,,2,2,-1,-1,-1,-1,,,,,
1012216,-1,,,,-1,-1,-1,1,[1],,,,,[201],,,,,2,2,-1,-1,-1,-1,,,,,
1012316,-1,,,,-1,-1,-1,1,[1],,,,,[201],,,,,2,2,-1,-1,-1,-1,,,,,
1012416,-1,,,,-1,-1,-1,1,[1],,,,,[201],,,,,2,2,-1,-1,-1,-1,,,,,
1012516,-1,,,,-1,-1,-1,1,[1],,,,,[201],,,,,2,2,-1,-1,-1,-1,,,,,
1012616,-1,,,,-1,-1,-1,1,[1],,,,,[201],,,,,2,2,-1,-1,-1,-1,,,,,
33001,-1,,,,-1,-1,-1,1,[4],[4],[1],,,[206104],[206204],[200401],,,2,2,2,2,-1,-1,,,,,
33002,-1,,,,-1,-1,-1,1,[6],[6],[2],[50],,[206104],[206204],[161004],[6],,2,2,2,2,999,-1,,,,,
33003,-1,,,,-1,-1,-1,1,[2],[2],[2],,,[206104],[206204],[161004],,,2,2,2,2,-1,-1,,,,,
33004,-1,,,,-1,-1,-1,1,[1],,,,,[203031],,,,,2,2,-1,-1,-1,-1,,,,,
33005,-1,,,,-1,-1,-1,1,[100],[50],,,,[2],[206],,,,2,999,2,-1,-1,-1,,,,,
33006,-1,,,,-1,-1,-1,1,[2],[20],,,,[201],[200401],,,,2,2,2,-1,-1,-1,,,,,
61001,-1,,,,-1,0,-1,1,[1],[1|1|1],[1|1],[1|1|1|2|2|2|20|50|1|2|10|30|1|1|1|1],[2|10],[206309],[201|220005|220004],[405230001|405230002],[206104|206204|206004|206104|206204|206004|206|206|404100004|404100004|250|250|200102|200002|200402|200302],[6|6],1,2,2,2,2,999,[4],[20|10|100],[10|5],[150|150|150|50|50|50|100|100|100|100|300|150|100|100|100|100],[100|100]
61002,-1,,,,-1,0,-1,1,[1],[1|1|1],[1|1],[1|1|1|2|2|2|20|50|1|2|10|30|1|1|1|1],[2|10],[206309],[201|220005|220004],[405230001|405230002],[206104|206204|206004|206104|206204|206004|206|206|404100004|404100004|250|250|200102|200002|200402|200302],[6|6],1,2,2,2,2,999,[4],[20|10|100],[10|5],[150|150|150|50|50|50|100|100|100|100|300|150|100|100|100|100],[100|100]
406270001,-1,,,,-1,-1,-1,1,[80],[5],[10],[2],,[2],[15032],[201],[203034],,2,999,2,2,2,-1,,,,,
406270002,-1,,,,-1,-1,-1,1,[120],[10],[20],[3],,[2],[15032],[201],[203034],,2,999,2,2,2,-1,,,,,
406270003,-1,,,,-1,-1,-1,1,[400],[15],[40],[5],,[2],[15032],[201],[203034],,2,999,2,2,2,-1,,,,,
406270004,-1,,,,-1,-1,-1,1,[800],[30],[50],[10],,[2],[15032],[201],[203034],,2,999,2,2,2,-1,,,,,
406270005,-1,,,,-1,-1,-1,1,[1600],[60],[60],[20],,[2],[15032],[201],[203034],,2,999,2,2,2,-1,,,,,
406270006,-1,,,,-1,-1,-1,1,[2400],[80],[70],[1],,[2],[15032],[201],[63004],,2,999,2,2,2,-1,,,,,
406270007,-1,,,,-1,-1,-1,1,[4000],[100],[100],[50],,[2],[15032],[201],[203034],,2,999,2,2,2,-1,,,,,
406270008,-1,,,,-1,-1,-1,1,[8000],[200],[150],[100],,[2],[15032],[201],[203034],,2,999,2,2,2,-1,,,,,
406270009,-1,,,,-1,-1,-1,1,[8000],[80],[160],[150],,[2],[220005],[203038],[200405],,2,999,2,2,2,-1,,,,,
406270010,-1,,,,-1,-1,-1,1,[8000],[80],[180],[200],,[2],[220005],[203037],[200405],,2,999,2,2,2,-1,,,,,
406270011,-1,,,,-1,-1,-1,1,[8000],[80],[200],[250],,[2],[220005],[203037],[200405],,2,999,2,2,2,-1,,,,,
406270012,-1,,,,-1,-1,-1,1,[8000],[80],[15],[20000],,[2],[220005],[151],[206],,2,999,2,2,2,-1,,,,,
406270013,-1,,,,-1,-1,-1,1,[8000],[80],[15],[30000],,[2],[220005],[151],[206],,2,999,2,2,2,-1,,,,,
406270014,-1,,,,-1,-1,-1,1,[8000],[80],[20],[40000],,[2],[220005],[151],[206],,2,999,2,2,2,-1,,,,,
406270015,-1,,,,-1,-1,-1,1,[8000],[80],[5],[50000],,[2],[220005],[152],[206],,2,999,2,2,2,-1,,,,,
406270016,-1,,,,-1,-1,-1,1,[8000],[80],[5],[60000],,[2],[220005],[152],[206],,2,999,2,2,2,-1,,,,,
406270017,-1,,,,-1,-1,-1,1,[8000],[100],[2],[3],,[2],[230001],[410295004],[410295003],,2,999,2,2,2,-1,,,,,
406270018,-1,,,,-1,-1,-1,1,[8000],[100],[2],[3],,[2],[230001],[410295004],[410295003],,2,999,2,2,2,-1,,,,,
8111,-1,,,,-1,0,-1,1,[20],,,,,[2],,,,,2,999,-1,-1,-1,-1,,,,,
401081001,-1,,,,-1,0,-1,1,[1|2|3|4|5|6|7|8|9],[999|1|10|8|25|150],,,,[401081002|401081002|401081002|401081002|401081002|401081002|401081002|401081002|401081002],[401081002|405230002|404100004|206303|250|206],,,,6,2,2,-1,-1,-1,[40|50|60|70|80|70|60|50|40],[5|12000|12000|25000|25000|25000],,,
407196021,-1,,,,-1,0,-1,2,[1|2|3|4|5|6|7|8|9],[999|1|10|8|25|150],,,,[401081002|401081002|401081002|401081002|401081002|401081002|401081002|401081002|401081002],[401081002|405230002|404100004|206303|250|206],,,,6,2,2,-1,-1,-1,[40|50|60|70|80|70|60|50|40],[5|12000|12000|25000|25000|25000],,,
407196022,-1,,,,-1,0,-1,15,[1|2|3|4|5|6|7|8|9],[999|1|10|8|25|150],,,,[401081002|401081002|401081002|401081002|401081002|401081002|401081002|401081002|401081002],[401081002|405230002|404100004|206303|250|206],,,,6,2,2,-1,-1,-1,[40|50|60|70|80|70|60|50|40],[5|12000|12000|25000|25000|25000],,,
407196023,-1,,,,-1,0,-1,150,[1|2|3|4|5|6|7|8|9],[999|1|10|8|25|150],,,,[401081002|401081002|401081002|401081002|401081002|401081002|401081002|401081002|401081002],[401081002|405230002|404100004|206303|250|206],,,,6,2,2,-1,-1,-1,[40|50|60|70|80|70|60|50|40],[5|12000|12000|25000|25000|25000],,,
407196031,-1,,,,-1,0,-1,1,[1|2|3|4|5|6|7|8|9],[999|1|10|8|25|150],,,,[401081002|401081002|401081002|401081002|401081002|401081002|401081002|401081002|401081002],[401081002|405230002|404100004|206303|250|206],,,,6,2,2,-1,-1,-1,[40|50|60|70|80|70|60|50|40],[5|12000|12000|25000|25000|25000],,,
407196032,-1,,,,-1,0,-1,11,[1|2|3|4|5|6|7|8|9],[999|1|10|8|25|150],,,,[401081002|401081002|401081002|401081002|401081002|401081002|401081002|401081002|401081002],[401081002|405230002|404100004|206303|250|206],,,,6,2,2,-1,-1,-1,[40|50|60|70|80|70|60|50|40],[5|12000|12000|25000|25000|25000],,,
407196033,-1,,,,-1,0,-1,120,[1|2|3|4|5|6|7|8|9],[999|1|10|8|25|150],,,,[401081002|401081002|401081002|401081002|401081002|401081002|401081002|401081002|401081002],[401081002|405230002|404100004|206303|250|206],,,,6,2,2,-1,-1,-1,[40|50|60|70|80|70|60|50|40],[5|12000|12000|25000|25000|25000],,,
9021003,-1,,,,-1,-1,-1,1,[500],[15],[15],[4000],,[200102],[203029],[203026],[2],,2,2,2,2,999,-1,,,,,
407251401,-1,,,,-1,-1,-1,1,[2],[1000],,,,[407230001],[2],,,,2,2,999,-1,-1,-1,,,,,
407251431,-1,,,,-1,-1,-1,1,[4],[1000],,,,[407230001],[2],,,,2,2,999,-1,-1,-1,,,,,
408201001,-1,,,,-1,-1,-1,1,[30],,,,,[408200002],,,,,2,2,-1,-1,-1,-1,,,,,
408201002,-1,,,,-1,-1,-1,1,[4],,,,,[408200002],,,,,2,2,-1,-1,-1,-1,,,,,
408201003,-1,,,,-1,-1,-1,1,[4],,,,,[408200002],,,,,2,2,-1,-1,-1,-1,,,,,
408201004,-1,,,,-1,-1,-1,1,[4],,,,,[408200002],,,,,2,2,-1,-1,-1,-1,,,,,
408201005,-1,,,,-1,-1,-1,1,[1],,,,,[408200004],,,,,2,2,-1,-1,-1,-1,,,,,
408201006,-1,,,,-1,-1,-1,1,[1],,,,,[408200004],,,,,2,2,-1,-1,-1,-1,,,,,
408201007,-1,,,,-1,-1,-1,1,[1],,,,,[408200004],,,,,2,2,-1,-1,-1,-1,,,,,
408201008,-1,,,,-1,-1,-1,1,[1],,,,,[220005],,,,,2,2,-1,-1,-1,-1,,,,,
408201009,-1,,,,-1,-1,-1,1,[1],,,,,[100003],,,,,2,2,-1,-1,-1,-1,,,,,
408201010,-1,,,,-1,-1,-1,1,[1],,,,,[209001],,,,,2,2,-1,-1,-1,-1,,,,,
408201011,-1,,,,-1,-1,-1,1,[1],,,,,[203034],,,,,2,2,-1,-1,-1,-1,,,,,
408201012,-1,,,,-1,-1,-1,1,[1],,,,,[203028],,,,,2,2,-1,-1,-1,-1,,,,,
408201013,-1,,,,-1,-1,-1,1,[1],,,,,[203025],,,,,2,2,-1,-1,-1,-1,,,,,
408201014,-1,,,,-1,-1,-1,1,[1],,,,,[203031],,,,,2,2,-1,-1,-1,-1,,,,,
408201015,-1,,,,-1,-1,-1,1,[1],,,,,[206304],,,,,2,2,-1,-1,-1,-1,,,,,
408201016,-1,,,,-1,-1,-1,1,[1],,,,,[206304],,,,,2,2,-1,-1,-1,-1,,,,,
408201017,-1,,,,-1,-1,-1,1,[1],,,,,[206304],,,,,2,2,-1,-1,-1,-1,,,,,
408201018,-1,,,,-1,-1,-1,1,[1],,,,,[206304],,,,,2,2,-1,-1,-1,-1,,,,,
408201019,-1,,,,-1,-1,-1,1,[1],,,,,[404100005],,,,,2,2,-1,-1,-1,-1,,,,,
408201020,-1,,,,-1,-1,-1,1,[1],,,,,[209001],,,,,2,2,-1,-1,-1,-1,,,,,
408201021,-1,,,,-1,-1,-1,1,[200],,,,,[206],,,,,2,2,-1,-1,-1,-1,,,,,
408201022,-1,,,,-1,-1,-1,1,[200],,,,,[206],,,,,2,2,-1,-1,-1,-1,,,,,
408201101,-1,,,,-1,-1,-1,1,[40],,,,,[408200002],,,,,2,2,-1,-1,-1,-1,,,,,
408201102,-1,,,,-1,-1,-1,1,[8],,,,,[408200002],,,,,2,2,-1,-1,-1,-1,,,,,
408201103,-1,,,,-1,-1,-1,1,[8],,,,,[408200002],,,,,2,2,-1,-1,-1,-1,,,,,
408201104,-1,,,,-1,-1,-1,1,[8],,,,,[408200002],,,,,2,2,-1,-1,-1,-1,,,,,
408201105,-1,,,,-1,-1,-1,1,[2],,,,,[408200004],,,,,2,2,-1,-1,-1,-1,,,,,
408201106,-1,,,,-1,-1,-1,1,[2],,,,,[408200004],,,,,2,2,-1,-1,-1,-1,,,,,
408201107,-1,,,,-1,-1,-1,1,[2],,,,,[408200004],,,,,2,2,-1,-1,-1,-1,,,,,
408201108,-1,,,,-1,-1,-1,1,[1],,,,,[220005],,,,,2,2,-1,-1,-1,-1,,,,,
408201109,-1,,,,-1,-1,-1,1,[1],,,,,[100003],,,,,2,2,-1,-1,-1,-1,,,,,
408201110,-1,,,,-1,-1,-1,1,[2],,,,,[209001],,,,,2,2,-1,-1,-1,-1,,,,,
408201111,-1,,,,-1,-1,-1,1,[1],,,,,[203034],,,,,2,2,-1,-1,-1,-1,,,,,
408201112,-1,,,,-1,-1,-1,1,[1],,,,,[203028],,,,,2,2,-1,-1,-1,-1,,,,,
408201113,-1,,,,-1,-1,-1,1,[1],,,,,[203025],,,,,2,2,-1,-1,-1,-1,,,,,
408201114,-1,,,,-1,-1,-1,1,[1],,,,,[203031],,,,,2,2,-1,-1,-1,-1,,,,,
408201115,-1,,,,-1,-1,-1,1,[2],,,,,[206304],,,,,2,2,-1,-1,-1,-1,,,,,
408201116,-1,,,,-1,-1,-1,1,[2],,,,,[206304],,,,,2,2,-1,-1,-1,-1,,,,,
408201117,-1,,,,-1,-1,-1,1,[2],,,,,[206304],,,,,2,2,-1,-1,-1,-1,,,,,
408201118,-1,,,,-1,-1,-1,1,[2],,,,,[206304],,,,,2,2,-1,-1,-1,-1,,,,,
408201119,-1,,,,-1,-1,-1,1,[2],,,,,[404100005],,,,,2,2,-1,-1,-1,-1,,,,,
408201120,-1,,,,-1,-1,-1,1,[2],,,,,[209001],,,,,2,2,-1,-1,-1,-1,,,,,
408201121,-1,,,,-1,-1,-1,1,[200],,,,,[206],,,,,2,2,-1,-1,-1,-1,,,,,
408201122,-1,,,,-1,-1,-1,1,[200],,,,,[206],,,,,2,2,-1,-1,-1,-1,,,,,
408201201,-1,,,,-1,-1,-1,1,[50],,,,,[408200002],,,,,2,2,-1,-1,-1,-1,,,,,
408201202,-1,,,,-1,-1,-1,1,[12],,,,,[408200002],,,,,2,2,-1,-1,-1,-1,,,,,
408201203,-1,,,,-1,-1,-1,1,[12],,,,,[408200002],,,,,2,2,-1,-1,-1,-1,,,,,
408201204,-1,,,,-1,-1,-1,1,[12],,,,,[408200002],,,,,2,2,-1,-1,-1,-1,,,,,
408201205,-1,,,,-1,-1,-1,1,[3],,,,,[408200004],,,,,2,2,-1,-1,-1,-1,,,,,
408201206,-1,,,,-1,-1,-1,1,[3],,,,,[408200004],,,,,2,2,-1,-1,-1,-1,,,,,
408201207,-1,,,,-1,-1,-1,1,[3],,,,,[408200004],,,,,2,2,-1,-1,-1,-1,,,,,
408201208,-1,,,,-1,-1,-1,1,[2],,,,,[220005],,,,,2,2,-1,-1,-1,-1,,,,,
408201209,-1,,,,-1,-1,-1,1,[2],,,,,[100003],,,,,2,2,-1,-1,-1,-1,,,,,
408201210,-1,,,,-1,-1,-1,1,[3],,,,,[209001],,,,,2,2,-1,-1,-1,-1,,,,,
408201211,-1,,,,-1,-1,-1,1,[2],,,,,[203034],,,,,2,2,-1,-1,-1,-1,,,,,
408201212,-1,,,,-1,-1,-1,1,[2],,,,,[203028],,,,,2,2,-1,-1,-1,-1,,,,,
408201213,-1,,,,-1,-1,-1,1,[2],,,,,[203025],,,,,2,2,-1,-1,-1,-1,,,,,
408201214,-1,,,,-1,-1,-1,1,[2],,,,,[203031],,,,,2,2,-1,-1,-1,-1,,,,,
408201215,-1,,,,-1,-1,-1,1,[3],,,,,[206304],,,,,2,2,-1,-1,-1,-1,,,,,
408201216,-1,,,,-1,-1,-1,1,[3],,,,,[206304],,,,,2,2,-1,-1,-1,-1,,,,,
408201217,-1,,,,-1,-1,-1,1,[3],,,,,[206304],,,,,2,2,-1,-1,-1,-1,,,,,
408201218,-1,,,,-1,-1,-1,1,[3],,,,,[206304],,,,,2,2,-1,-1,-1,-1,,,,,
408201219,-1,,,,-1,-1,-1,1,[3],,,,,[404100005],,,,,2,2,-1,-1,-1,-1,,,,,
408201220,-1,,,,-1,-1,-1,1,[3],,,,,[209001],,,,,2,2,-1,-1,-1,-1,,,,,
408201221,-1,,,,-1,-1,-1,1,[400],,,,,[206],,,,,2,2,-1,-1,-1,-1,,,,,
408201222,-1,,,,-1,-1,-1,1,[400],,,,,[206],,,,,2,2,-1,-1,-1,-1,,,,,
408201301,-1,,,,-1,-1,-1,1,[60],,,,,[408200002],,,,,2,2,-1,-1,-1,-1,,,,,
408201302,-1,,,,-1,-1,-1,1,[16],,,,,[408200002],,,,,2,2,-1,-1,-1,-1,,,,,
408201303,-1,,,,-1,-1,-1,1,[16],,,,,[408200002],,,,,2,2,-1,-1,-1,-1,,,,,
408201304,-1,,,,-1,-1,-1,1,[16],,,,,[408200002],,,,,2,2,-1,-1,-1,-1,,,,,
408201305,-1,,,,-1,-1,-1,1,[4],,,,,[408200004],,,,,2,2,-1,-1,-1,-1,,,,,
408201306,-1,,,,-1,-1,-1,1,[4],,,,,[408200004],,,,,2,2,-1,-1,-1,-1,,,,,
408201307,-1,,,,-1,-1,-1,1,[4],,,,,[408200004],,,,,2,2,-1,-1,-1,-1,,,,,
408201308,-1,,,,-1,-1,-1,1,[3],,,,,[220005],,,,,2,2,-1,-1,-1,-1,,,,,
408201309,-1,,,,-1,-1,-1,1,[3],,,,,[100003],,,,,2,2,-1,-1,-1,-1,,,,,
408201310,-1,,,,-1,-1,-1,1,[4],,,,,[209001],,,,,2,2,-1,-1,-1,-1,,,,,
408201311,-1,,,,-1,-1,-1,1,[3],,,,,[203034],,,,,2,2,-1,-1,-1,-1,,,,,
408201312,-1,,,,-1,-1,-1,1,[3],,,,,[203028],,,,,2,2,-1,-1,-1,-1,,,,,
408201313,-1,,,,-1,-1,-1,1,[3],,,,,[203025],,,,,2,2,-1,-1,-1,-1,,,,,
408201314,-1,,,,-1,-1,-1,1,[3],,,,,[203031],,,,,2,2,-1,-1,-1,-1,,,,,
408201315,-1,,,,-1,-1,-1,1,[4],,,,,[206304],,,,,2,2,-1,-1,-1,-1,,,,,
408201316,-1,,,,-1,-1,-1,1,[4],,,,,[206304],,,,,2,2,-1,-1,-1,-1,,,,,
408201317,-1,,,,-1,-1,-1,1,[4],,,,,[206304],,,,,2,2,-1,-1,-1,-1,,,,,
408201318,-1,,,,-1,-1,-1,1,[4],,,,,[206304],,,,,2,2,-1,-1,-1,-1,,,,,
408201319,-1,,,,-1,-1,-1,1,[4],,,,,[404100005],,,,,2,2,-1,-1,-1,-1,,,,,
408201320,-1,,,,-1,-1,-1,1,[4],,,,,[209001],,,,,2,2,-1,-1,-1,-1,,,,,
408201321,-1,,,,-1,-1,-1,1,[600],,,,,[206],,,,,2,2,-1,-1,-1,-1,,,,,
408201322,-1,,,,-1,-1,-1,1,[600],,,,,[206],,,,,2,2,-1,-1,-1,-1,,,,,
409121001,-1,,,,-1,-1,-1,1,[10],,,,,[220005],,,,,2,2,-1,-1,-1,-1,,,,,
409121002,-1,,,,-1,-1,-1,1,[10],,,,,[200402],,,,,2,2,-1,-1,-1,-1,,,,,
409121003,-1,,,,-1,-1,-1,1,[500],,,,,[206],,,,,2,2,-1,-1,-1,-1,,,,,
409121004,-1,,,,-1,-1,-1,1,[5],,,,,[209002],,,,,2,2,-1,-1,-1,-1,,,,,
409121005,-1,,,,-1,-1,-1,1,[2],,,,,[405230002],,,,,2,2,-1,-1,-1,-1,,,,,
409121006,-1,,,,-1,-1,-1,1,[8],,,,,[203038],,,,,2,2,-1,-1,-1,-1,,,,,
409121007,-1,,,,-1,-1,-1,1,[1000],,,,,[250],,,,,2,2,-1,-1,-1,-1,,,,,
409121101,-1,,,,-1,-1,-1,1,[1],,,,,[22002],,,,,2,2,-1,-1,-1,-1,,,,,
409121102,-1,,,,-1,-1,-1,1,[10],,,,,[220005],,,,,2,2,-1,-1,-1,-1,,,,,
409121103,-1,,,,-1,-1,-1,1,[10],,,,,[200402],,,,,2,2,-1,-1,-1,-1,,,,,
409121104,-1,,,,-1,-1,-1,1,[500],,,,,[206],,,,,2,2,-1,-1,-1,-1,,,,,
409121105,-1,,,,-1,-1,-1,1,[5],,,,,[209002],,,,,2,2,-1,-1,-1,-1,,,,,
409121106,-1,,,,-1,-1,-1,1,[2],,,,,[405230002],,,,,2,2,-1,-1,-1,-1,,,,,
409121107,-1,,,,-1,-1,-1,1,[8],,,,,[203038],,,,,2,2,-1,-1,-1,-1,,,,,
409121108,-1,,,,-1,-1,-1,1,[1000],,,,,[250],,,,,2,2,-1,-1,-1,-1,,,,,
409121201,-1,,,,-1,-1,-1,1,[1],,,,,[502501],,,,,2,6,-1,-1,-1,-1,,,,,
409121202,-1,,,,-1,-1,-1,1,[20],,,,,[220005],,,,,2,2,-1,-1,-1,-1,,,,,
409121203,-1,,,,-1,-1,-1,1,[10],,,,,[200402],,,,,2,2,-1,-1,-1,-1,,,,,
409121204,-1,,,,-1,-1,-1,1,[500],,,,,[206],,,,,2,2,-1,-1,-1,-1,,,,,
409121205,-1,,,,-1,-1,-1,1,[5],,,,,[209002],,,,,2,2,-1,-1,-1,-1,,,,,
409121206,-1,,,,-1,-1,-1,1,[2],,,,,[405230002],,,,,2,2,-1,-1,-1,-1,,,,,
409121207,-1,,,,-1,-1,-1,1,[8],,,,,[203038],,,,,2,2,-1,-1,-1,-1,,,,,
409121208,-1,,,,-1,-1,-1,1,[1000],,,,,[250],,,,,2,2,-1,-1,-1,-1,,,,,
409121301,-1,,,,-1,-1,-1,1,[1],,,,,[502502],,,,,2,6,-1,-1,-1,-1,,,,,
409121302,-1,,,,-1,-1,-1,1,[20],,,,,[220005],,,,,2,2,-1,-1,-1,-1,,,,,
409121303,-1,,,,-1,-1,-1,1,[10],,,,,[200402],,,,,2,2,-1,-1,-1,-1,,,,,
409121304,-1,,,,-1,-1,-1,1,[500],,,,,[206],,,,,2,2,-1,-1,-1,-1,,,,,
409121305,-1,,,,-1,-1,-1,1,[5],,,,,[209002],,,,,2,2,-1,-1,-1,-1,,,,,
409121306,-1,,,,-1,-1,-1,1,[2],,,,,[405230002],,,,,2,2,-1,-1,-1,-1,,,,,
409121307,-1,,,,-1,-1,-1,1,[8],,,,,[203038],,,,,2,2,-1,-1,-1,-1,,,,,
409121308,-1,,,,-1,-1,-1,1,[1000],,,,,[250],,,,,2,2,-1,-1,-1,-1,,,,,
409121401,-1,,,,-1,-1,-1,1,[1],,,,,[502501],,,,,2,6,-1,-1,-1,-1,,,,,
409121402,-1,,,,-1,-1,-1,1,[1],,,,,[502502],,,,,2,6,-1,-1,-1,-1,,,,,
409121403,-1,,,,-1,-1,-1,1,[20],,,,,[220005],,,,,2,2,-1,-1,-1,-1,,,,,
409121404,-1,,,,-1,-1,-1,1,[1],,,,,[220005],,,,,2,2,-1,-1,-1,-1,,,,,
409121405,-1,,,,-1,-1,-1,1,[10],,,,,[200402],,,,,2,2,-1,-1,-1,-1,,,,,
409121406,-1,,,,-1,-1,-1,1,[500],,,,,[206],,,,,2,2,-1,-1,-1,-1,,,,,
409121407,-1,,,,-1,-1,-1,1,[5],,,,,[209002],,,,,2,2,-1,-1,-1,-1,,,,,
409121408,-1,,,,-1,-1,-1,1,[2],,,,,[405230002],,,,,2,2,-1,-1,-1,-1,,,,,
409121409,-1,,,,-1,-1,-1,1,[8],,,,,[203038],,,,,2,2,-1,-1,-1,-1,,,,,
409121410,-1,,,,-1,-1,-1,1,[1000],,,,,[250],,,,,2,2,-1,-1,-1,-1,,,,,
409121501,-1,,,,-1,-1,-1,1,[1],,,,,[502501],,,,,2,6,-1,-1,-1,-1,,,,,
409121502,-1,,,,-1,-1,-1,1,[1],,,,,[502502],,,,,2,6,-1,-1,-1,-1,,,,,
409121503,-1,,,,-1,-1,-1,1,[25],,,,,[151],,,,,2,2,-1,-1,-1,-1,,,,,
409121504,-1,,,,-1,-1,-1,1,[1],,,,,[220005],,,,,2,2,-1,-1,-1,-1,,,,,
409121505,-1,,,,-1,-1,-1,1,[10],,,,,[200402],,,,,2,2,-1,-1,-1,-1,,,,,
409121506,-1,,,,-1,-1,-1,1,[500],,,,,[206],,,,,2,2,-1,-1,-1,-1,,,,,
409121507,-1,,,,-1,-1,-1,1,[5],,,,,[209002],,,,,2,2,-1,-1,-1,-1,,,,,
409121508,-1,,,,-1,-1,-1,1,[2],,,,,[405230002],,,,,2,2,-1,-1,-1,-1,,,,,
409121509,-1,,,,-1,-1,-1,1,[8],,,,,[203038],,,,,2,2,-1,-1,-1,-1,,,,,
409121510,-1,,,,-1,-1,-1,1,[1000],,,,,[250],,,,,2,2,-1,-1,-1,-1,,,,,
409121601,-1,,,,-1,-1,-1,1,[1],,,,,[502501],,,,,2,6,-1,-1,-1,-1,,,,,
409121602,-1,,,,-1,-1,-1,1,[1],,,,,[502502],,,,,2,6,-1,-1,-1,-1,,,,,
409121603,-1,,,,-1,-1,-1,1,[10],,,,,[152],,,,,2,2,-1,-1,-1,-1,,,,,
409121604,-1,,,,-1,-1,-1,1,[1],,,,,[220005],,,,,2,2,-1,-1,-1,-1,,,,,
409121605,-1,,,,-1,-1,-1,1,[10],,,,,[200402],,,,,2,2,-1,-1,-1,-1,,,,,
409121606,-1,,,,-1,-1,-1,1,[500],,,,,[206],,,,,2,2,-1,-1,-1,-1,,,,,
409121607,-1,,,,-1,-1,-1,1,[5],,,,,[209002],,,,,2,2,-1,-1,-1,-1,,,,,
409121608,-1,,,,-1,-1,-1,1,[2],,,,,[405230002],,,,,2,2,-1,-1,-1,-1,,,,,
409121609,-1,,,,-1,-1,-1,1,[8],,,,,[203038],,,,,2,2,-1,-1,-1,-1,,,,,
409121610,-1,,,,-1,-1,-1,1,[1000],,,,,[250],,,,,2,2,-1,-1,-1,-1,,,,,
409121701,-1,,,,-1,-1,-1,1,[1],,,,,[502501],,,,,2,6,-1,-1,-1,-1,,,,,
409121702,-1,,,,-1,-1,-1,1,[1],,,,,[502502],,,,,2,6,-1,-1,-1,-1,,,,,
409121703,-1,,,,-1,-1,-1,1,[1],,,,,[401235001],,,,,2,2,-1,-1,-1,-1,,,,,
409121704,-1,,,,-1,-1,-1,1,[1],,,,,[220005],,,,,2,2,-1,-1,-1,-1,,,,,
409121705,-1,,,,-1,-1,-1,1,[10],,,,,[200402],,,,,2,2,-1,-1,-1,-1,,,,,
409121706,-1,,,,-1,-1,-1,1,[500],,,,,[206],,,,,2,2,-1,-1,-1,-1,,,,,
409121707,-1,,,,-1,-1,-1,1,[5],,,,,[209002],,,,,2,2,-1,-1,-1,-1,,,,,
409121708,-1,,,,-1,-1,-1,1,[2],,,,,[405230002],,,,,2,2,-1,-1,-1,-1,,,,,
409121709,-1,,,,-1,-1,-1,1,[8],,,,,[203038],,,,,2,2,-1,-1,-1,-1,,,,,
409121710,-1,,,,-1,-1,-1,1,[1000],,,,,[250],,,,,2,2,-1,-1,-1,-1,,,,,
409121801,-1,,,,-1,-1,-1,1,[1],,,,,[502501],,,,,2,6,-1,-1,-1,-1,,,,,
409121802,-1,,,,-1,-1,-1,1,[1],,,,,[502502],,,,,2,6,-1,-1,-1,-1,,,,,
409121803,-1,,,,-1,-1,-1,1,[1],,,,,[401235002],,,,,2,2,-1,-1,-1,-1,,,,,
409121804,-1,,,,-1,-1,-1,1,[1],,,,,[220005],,,,,2,2,-1,-1,-1,-1,,,,,
409121805,-1,,,,-1,-1,-1,1,[10],,,,,[200402],,,,,2,2,-1,-1,-1,-1,,,,,
409121806,-1,,,,-1,-1,-1,1,[500],,,,,[206],,,,,2,2,-1,-1,-1,-1,,,,,
409121807,-1,,,,-1,-1,-1,1,[5],,,,,[209002],,,,,2,2,-1,-1,-1,-1,,,,,
409121808,-1,,,,-1,-1,-1,1,[2],,,,,[405230002],,,,,2,2,-1,-1,-1,-1,,,,,
409121809,-1,,,,-1,-1,-1,1,[8],,,,,[203038],,,,,2,2,-1,-1,-1,-1,,,,,
409121810,-1,,,,-1,-1,-1,1,[1000],,,,,[250],,,,,2,2,-1,-1,-1,-1,,,,,
409130601,-1,,,,-1,-1,-1,1,[1],,,,,[151],,,,,2,7,-1,-1,-1,-1,,,,,
409130602,-1,,,,-1,-1,-1,1,[1],,,,,[410100001],,,,,2,2,-1,-1,-1,-1,,,,,
409130603,-1,,,,-1,-1,-1,1,[1],,,,,[2024546],,,,,2,2,-1,-1,-1,-1,,,,,
409130604,-1,,,,-1,-1,-1,1,[10],,,,,[304001],,,,,2,2,-1,-1,-1,-1,,,,,
409130605,-1,,,,-1,-1,-1,1,[10],,,,,[304004],,,,,2,2,-1,-1,-1,-1,,,,,
409130606,-1,,,,-1,-1,-1,1,[10],,,,,[304003],,,,,2,2,-1,-1,-1,-1,,,,,
409130607,-1,,,,-1,-1,-1,1,[1],,,,,[107501],,,,,2,6,-1,-1,-1,-1,,,,,
409130608,-1,,,,-1,-1,-1,1,[1],,,,,[107402],,,,,2,6,-1,-1,-1,-1,,,,,
409130609,-1,,,,-1,-1,-1,1,[1],,,,,[107401],,,,,2,6,-1,-1,-1,-1,,,,,
409130610,-1,,,,-1,-1,-1,1,[1],,,,,[107403],,,,,2,6,-1,-1,-1,-1,,,,,
409130611,-1,,,,-1,-1,-1,1,[1],,,,,[107404],,,,,2,6,-1,-1,-1,-1,,,,,
409130612,-1,,,,-1,-1,-1,1,[1],,,,,[30002],,,,,2,6,-1,-1,-1,-1,,,,,
409130613,-1,,,,-1,-1,-1,1,[1],,,,,[104501],,,,,2,6,-1,-1,-1,-1,,,,,
409130614,-1,,,,-1,-1,-1,1,[1],,,,,[105501],,,,,2,6,-1,-1,-1,-1,,,,,
409130615,-1,,,,-1,-1,-1,1,[1],,,,,[203036],,,,,2,2,-1,-1,-1,-1,,,,,
409130616,-1,,,,-1,-1,-1,1,[1],,,,,[200402],,,,,2,2,-1,-1,-1,-1,,,,,
400001,-1,,,,-1,-1,-1,1,[5],[5],[5],,,[203025],[203028],[203031],,,2,2,2,2,-1,-1,,,,,
400002,-1,,,,-1,-1,-1,1,[10],[500],[1000],,,[10018],[250],[206],,,2,2,2,2,-1,-1,,,,,
400003,-1,,,,-1,-1,-1,1,[1],[50],[20],,,[210018],[404100004],[200402],,,2,6,2,2,-1,-1,,,,,
400004,-1,,,,-1,-1,-1,1,[10],[10],[10],,,[203025],[203028],[203031],,,2,2,2,2,-1,-1,,,,,
400005,-1,,,,-1,-1,-1,1,[10],[50],[20],,,[203034],[404100004],[200402],,,2,2,2,2,-1,-1,,,,,
400006,-1,,,,-1,-1,-1,1,[4],[50],[20],,,[100002],[404100004],[200402],,,2,2,2,2,-1,-1,,,,,
400007,-1,,,,-1,-1,-1,1,[1],[500],[1000],,,[10025],[250],[206],,,2,1,2,2,-1,-1,,,,,
409241001,-1,,,,-1,-1,-1,1,[20],,,,,[409231002],,,,,2,2,-1,-1,-1,-1,,,,,
409241002,-1,,,,-1,-1,-1,1,[4],,,,,[409231002],,,,,2,2,-1,-1,-1,-1,,,,,
409241003,-1,,,,-1,-1,-1,1,[4],,,,,[409231002],,,,,2,2,-1,-1,-1,-1,,,,,
409241004,-1,,,,-1,-1,-1,1,[4],,,,,[409231002],,,,,2,2,-1,-1,-1,-1,,,,,
409241005,-1,,,,-1,-1,-1,1,[1],,,,,[409231004],,,,,2,2,-1,-1,-1,-1,,,,,
409241006,-1,,,,-1,-1,-1,1,[1],,,,,[409231004],,,,,2,2,-1,-1,-1,-1,,,,,
409241007,-1,,,,-1,-1,-1,1,[1],,,,,[409231004],,,,,2,2,-1,-1,-1,-1,,,,,
409241008,-1,,,,-1,-1,-1,1,[1],,,,,[220005],,,,,2,2,-1,-1,-1,-1,,,,,
409241009,-1,,,,-1,-1,-1,1,[1],,,,,[100003],,,,,2,2,-1,-1,-1,-1,,,,,
409241010,-1,,,,-1,-1,-1,1,[1],,,,,[209001],,,,,2,2,-1,-1,-1,-1,,,,,
409241011,-1,,,,-1,-1,-1,1,[1],,,,,[203034],,,,,2,2,-1,-1,-1,-1,,,,,
409241012,-1,,,,-1,-1,-1,1,[1],,,,,[203028],,,,,2,2,-1,-1,-1,-1,,,,,
409241013,-1,,,,-1,-1,-1,1,[1],,,,,[203025],,,,,2,2,-1,-1,-1,-1,,,,,
409241014,-1,,,,-1,-1,-1,1,[1],,,,,[203031],,,,,2,2,-1,-1,-1,-1,,,,,
409241015,-1,,,,-1,-1,-1,1,[1],,,,,[206304],,,,,2,2,-1,-1,-1,-1,,,,,
409241016,-1,,,,-1,-1,-1,1,[1],,,,,[206304],,,,,2,2,-1,-1,-1,-1,,,,,
409241017,-1,,,,-1,-1,-1,1,[1],,,,,[206304],,,,,2,2,-1,-1,-1,-1,,,,,
409241018,-1,,,,-1,-1,-1,1,[1],,,,,[206304],,,,,2,2,-1,-1,-1,-1,,,,,
409241019,-1,,,,-1,-1,-1,1,[1],,,,,[404100005],,,,,2,2,-1,-1,-1,-1,,,,,
409241020,-1,,,,-1,-1,-1,1,[1],,,,,[209002],,,,,2,2,-1,-1,-1,-1,,,,,
409241021,-1,,,,-1,-1,-1,1,[200],,,,,[206],,,,,2,2,-1,-1,-1,-1,,,,,
409241022,-1,,,,-1,-1,-1,1,[200],,,,,[206],,,,,2,2,-1,-1,-1,-1,,,,,
409241101,-1,,,,-1,-1,-1,1,[30],,,,,[409231002],,,,,2,2,-1,-1,-1,-1,,,,,
409241102,-1,,,,-1,-1,-1,1,[8],,,,,[409231002],,,,,2,2,-1,-1,-1,-1,,,,,
409241103,-1,,,,-1,-1,-1,1,[8],,,,,[409231002],,,,,2,2,-1,-1,-1,-1,,,,,
409241104,-1,,,,-1,-1,-1,1,[8],,,,,[409231002],,,,,2,2,-1,-1,-1,-1,,,,,
409241105,-1,,,,-1,-1,-1,1,[2],,,,,[409231004],,,,,2,2,-1,-1,-1,-1,,,,,
409241106,-1,,,,-1,-1,-1,1,[2],,,,,[409231004],,,,,2,2,-1,-1,-1,-1,,,,,
409241107,-1,,,,-1,-1,-1,1,[2],,,,,[409231004],,,,,2,2,-1,-1,-1,-1,,,,,
409241108,-1,,,,-1,-1,-1,1,[1],,,,,[220005],,,,,2,2,-1,-1,-1,-1,,,,,
409241109,-1,,,,-1,-1,-1,1,[1],,,,,[100003],,,,,2,2,-1,-1,-1,-1,,,,,
409241110,-1,,,,-1,-1,-1,1,[2],,,,,[209001],,,,,2,2,-1,-1,-1,-1,,,,,
409241111,-1,,,,-1,-1,-1,1,[1],,,,,[203034],,,,,2,2,-1,-1,-1,-1,,,,,
409241112,-1,,,,-1,-1,-1,1,[1],,,,,[203028],,,,,2,2,-1,-1,-1,-1,,,,,
409241113,-1,,,,-1,-1,-1,1,[1],,,,,[203025],,,,,2,2,-1,-1,-1,-1,,,,,
409241114,-1,,,,-1,-1,-1,1,[1],,,,,[203031],,,,,2,2,-1,-1,-1,-1,,,,,
409241115,-1,,,,-1,-1,-1,1,[2],,,,,[206304],,,,,2,2,-1,-1,-1,-1,,,,,
409241116,-1,,,,-1,-1,-1,1,[2],,,,,[206304],,,,,2,2,-1,-1,-1,-1,,,,,
409241117,-1,,,,-1,-1,-1,1,[2],,,,,[206304],,,,,2,2,-1,-1,-1,-1,,,,,
409241118,-1,,,,-1,-1,-1,1,[2],,,,,[206304],,,,,2,2,-1,-1,-1,-1,,,,,
409241119,-1,,,,-1,-1,-1,1,[2],,,,,[404100005],,,,,2,2,-1,-1,-1,-1,,,,,
409241120,-1,,,,-1,-1,-1,1,[2],,,,,[209002],,,,,2,2,-1,-1,-1,-1,,,,,
409241121,-1,,,,-1,-1,-1,1,[200],,,,,[206],,,,,2,2,-1,-1,-1,-1,,,,,
409241122,-1,,,,-1,-1,-1,1,[200],,,,,[206],,,,,2,2,-1,-1,-1,-1,,,,,
409241201,-1,,,,-1,-1,-1,1,[40],,,,,[409231002],,,,,2,2,-1,-1,-1,-1,,,,,
409241202,-1,,,,-1,-1,-1,1,[12],,,,,[409231002],,,,,2,2,-1,-1,-1,-1,,,,,
409241203,-1,,,,-1,-1,-1,1,[12],,,,,[409231002],,,,,2,2,-1,-1,-1,-1,,,,,
409241204,-1,,,,-1,-1,-1,1,[12],,,,,[409231002],,,,,2,2,-1,-1,-1,-1,,,,,
409241205,-1,,,,-1,-1,-1,1,[3],,,,,[409231004],,,,,2,2,-1,-1,-1,-1,,,,,
409241206,-1,,,,-1,-1,-1,1,[3],,,,,[409231004],,,,,2,2,-1,-1,-1,-1,,,,,
409241207,-1,,,,-1,-1,-1,1,[3],,,,,[409231004],,,,,2,2,-1,-1,-1,-1,,,,,
409241208,-1,,,,-1,-1,-1,1,[2],,,,,[220005],,,,,2,2,-1,-1,-1,-1,,,,,
409241209,-1,,,,-1,-1,-1,1,[2],,,,,[100003],,,,,2,2,-1,-1,-1,-1,,,,,
409241210,-1,,,,-1,-1,-1,1,[3],,,,,[209001],,,,,2,2,-1,-1,-1,-1,,,,,
409241211,-1,,,,-1,-1,-1,1,[2],,,,,[203034],,,,,2,2,-1,-1,-1,-1,,,,,
409241212,-1,,,,-1,-1,-1,1,[2],,,,,[203028],,,,,2,2,-1,-1,-1,-1,,,,,
409241213,-1,,,,-1,-1,-1,1,[2],,,,,[203025],,,,,2,2,-1,-1,-1,-1,,,,,
409241214,-1,,,,-1,-1,-1,1,[2],,,,,[203031],,,,,2,2,-1,-1,-1,-1,,,,,
409241215,-1,,,,-1,-1,-1,1,[3],,,,,[206304],,,,,2,2,-1,-1,-1,-1,,,,,
409241216,-1,,,,-1,-1,-1,1,[3],,,,,[206304],,,,,2,2,-1,-1,-1,-1,,,,,
409241217,-1,,,,-1,-1,-1,1,[3],,,,,[206304],,,,,2,2,-1,-1,-1,-1,,,,,
409241218,-1,,,,-1,-1,-1,1,[3],,,,,[206304],,,,,2,2,-1,-1,-1,-1,,,,,
409241219,-1,,,,-1,-1,-1,1,[3],,,,,[404100005],,,,,2,2,-1,-1,-1,-1,,,,,
409241220,-1,,,,-1,-1,-1,1,[3],,,,,[209002],,,,,2,2,-1,-1,-1,-1,,,,,
409241221,-1,,,,-1,-1,-1,1,[400],,,,,[206],,,,,2,2,-1,-1,-1,-1,,,,,
409241222,-1,,,,-1,-1,-1,1,[400],,,,,[206],,,,,2,2,-1,-1,-1,-1,,,,,
409241301,-1,,,,-1,-1,-1,1,[50],,,,,[409231002],,,,,2,2,-1,-1,-1,-1,,,,,
409241302,-1,,,,-1,-1,-1,1,[16],,,,,[409231002],,,,,2,2,-1,-1,-1,-1,,,,,
409241303,-1,,,,-1,-1,-1,1,[16],,,,,[409231002],,,,,2,2,-1,-1,-1,-1,,,,,
409241304,-1,,,,-1,-1,-1,1,[16],,,,,[409231002],,,,,2,2,-1,-1,-1,-1,,,,,
409241305,-1,,,,-1,-1,-1,1,[4],,,,,[409231004],,,,,2,2,-1,-1,-1,-1,,,,,
409241306,-1,,,,-1,-1,-1,1,[4],,,,,[409231004],,,,,2,2,-1,-1,-1,-1,,,,,
409241307,-1,,,,-1,-1,-1,1,[4],,,,,[409231004],,,,,2,2,-1,-1,-1,-1,,,,,
409241308,-1,,,,-1,-1,-1,1,[3],,,,,[220005],,,,,2,2,-1,-1,-1,-1,,,,,
409241309,-1,,,,-1,-1,-1,1,[3],,,,,[100003],,,,,2,2,-1,-1,-1,-1,,,,,
409241310,-1,,,,-1,-1,-1,1,[4],,,,,[209001],,,,,2,2,-1,-1,-1,-1,,,,,
409241311,-1,,,,-1,-1,-1,1,[3],,,,,[203034],,,,,2,2,-1,-1,-1,-1,,,,,
409241312,-1,,,,-1,-1,-1,1,[3],,,,,[203028],,,,,2,2,-1,-1,-1,-1,,,,,
409241313,-1,,,,-1,-1,-1,1,[3],,,,,[203025],,,,,2,2,-1,-1,-1,-1,,,,,
409241314,-1,,,,-1,-1,-1,1,[3],,,,,[203031],,,,,2,2,-1,-1,-1,-1,,,,,
409241315,-1,,,,-1,-1,-1,1,[4],,,,,[206304],,,,,2,2,-1,-1,-1,-1,,,,,
409241316,-1,,,,-1,-1,-1,1,[4],,,,,[206304],,,,,2,2,-1,-1,-1,-1,,,,,
409241317,-1,,,,-1,-1,-1,1,[4],,,,,[206304],,,,,2,2,-1,-1,-1,-1,,,,,
409241318,-1,,,,-1,-1,-1,1,[4],,,,,[206304],,,,,2,2,-1,-1,-1,-1,,,,,
409241319,-1,,,,-1,-1,-1,1,[4],,,,,[404100005],,,,,2,2,-1,-1,-1,-1,,,,,
409241320,-1,,,,-1,-1,-1,1,[4],,,,,[209002],,,,,2,2,-1,-1,-1,-1,,,,,
409241321,-1,,,,-1,-1,-1,1,[600],,,,,[206],,,,,2,2,-1,-1,-1,-1,,,,,
409241322,-1,,,,-1,-1,-1,1,[600],,,,,[206],,,,,2,2,-1,-1,-1,-1,,,,,
409250201,-1,,,,-1,-1,-1,1,[1],,,,,[409231001],,,,,2,2,-1,-1,-1,-1,,,,,
409250202,-1,,,,-1,-1,-1,1,[1],,,,,[2024544],,,,,2,2,-1,-1,-1,-1,,,,,
409250203,-1,,,,-1,-1,-1,1,[1],,,,,[62010],,,,,2,2,-1,-1,-1,-1,,,,,
409250204,-1,,,,-1,-1,-1,1,[5],,,,,[220202],,,,,2,2,-1,-1,-1,-1,,,,,
409250205,-1,,,,-1,-1,-1,1,[1],,,,,[210030],,,,,2,6,-1,-1,-1,-1,,,,,
409250206,-1,,,,-1,-1,-1,1,[1],,,,,[210023],,,,,2,6,-1,-1,-1,-1,,,,,
409250207,-1,,,,-1,-1,-1,1,[1],,,,,[210018],,,,,2,6,-1,-1,-1,-1,,,,,
409250208,-1,,,,-1,-1,-1,1,[1],,,,,[20002],,,,,2,6,-1,-1,-1,-1,,,,,
409250209,-1,,,,-1,-1,-1,1,[1],,,,,[107501],,,,,2,6,-1,-1,-1,-1,,,,,
409250210,-1,,,,-1,-1,-1,1,[1],,,,,[107402],,,,,2,6,-1,-1,-1,-1,,,,,
409250211,-1,,,,-1,-1,-1,1,[1],,,,,[107401],,,,,2,6,-1,-1,-1,-1,,,,,
409250212,-1,,,,-1,-1,-1,1,[1],,,,,[107403],,,,,2,6,-1,-1,-1,-1,,,,,
409250213,-1,,,,-1,-1,-1,1,[1],,,,,[107404],,,,,2,6,-1,-1,-1,-1,,,,,
409250214,-1,,,,-1,-1,-1,1,[1],,,,,[30002],,,,,2,6,-1,-1,-1,-1,,,,,
409250215,-1,,,,-1,-1,-1,1,[1],,,,,[104501],,,,,2,6,-1,-1,-1,-1,,,,,
409250216,-1,,,,-1,-1,-1,1,[1],,,,,[105501],,,,,2,6,-1,-1,-1,-1,,,,,
409250217,-1,,,,-1,-1,-1,1,[1],,,,,[203036],,,,,2,2,-1,-1,-1,-1,,,,,
409250218,-1,,,,-1,-1,-1,1,[1],,,,,[200402],,,,,2,2,-1,-1,-1,-1,,,,,
1223401,-1,,,,-1,0,-1,1,[1],[2],,[5],[5],[220005],[161005],,[200102],[200202],2,2,2,-1,2,2,,,,,
1223402,-1,,,,-1,0,-1,1,[1],[2],,[5],[5],[220005],[161005],,[200102],[200202],2,2,2,-1,2,2,,,,,
1223403,-1,,,,-1,0,-1,1,[1],[2],,[5],[5],[220005],[161005],,[200102],[200202],2,2,2,-1,2,2,,,,,
1223404,-1,,,,-1,0,-1,1,[1],[2],,[5],[5],[220005],[161005],,[200102],[200202],2,2,2,-1,2,2,,,,,
1223405,-1,,,,-1,0,-1,1,[2],[2],,[10],[10],[220005],[161005],,[200102],[200202],2,2,2,-1,2,2,,,,,
1223406,-1,,,,-1,0,-1,1,[2],[2],,[10],[10],[220005],[161005],,[200102],[200202],2,2,2,-1,2,2,,,,,
1223407,-1,,,,-1,0,-1,1,[2],[3],,[10],[10],[220005],[161005],,[200102],[200202],2,2,2,-1,2,2,,,,,
1223111,-1,,,,-1,0,-1,1,[15],[50],[2000],[80000],[5|36],[220005],[161005],[2],[17],[512|200202],2,2,2,999,999,2,,,,,
1223112,-1,,,,-1,0,-1,1,[10],[30],[1500],[50000],[5|30],[220005],[161005],[2],[17],[512|200202],2,2,2,999,999,2,,,,,
1223113,-1,,,,-1,0,-1,1,[7],[20],[1000],[30000],[5|27],[220005],[161005],[2],[17],[512|200202],2,2,2,999,999,2,,,,,
1223114,-1,,,,-1,0,-1,1,[5],[15],[800],[20000],[4|24],[220005],[161005],[2],[17],[512|200202],2,2,2,999,999,2,,,,,
1223115,-1,,,,-1,0,-1,1,[3],[12],[600],[15000],[3|21],[220005],[161005],[2],[17],[512|200202],2,2,2,999,999,2,,,,,
1223116,-1,,,,-1,0,-1,1,[2],[10],[400],[12000],[2|18],[220005],[161005],[2],[17],[512|200202],2,2,2,999,999,2,,,,,
1223117,-1,,,,-1,0,-1,1,[5],[8],[300],[10000],[2|12],[220004],[161005],[2],[17],[512|200202],2,2,2,999,999,2,,,,,
1223118,-1,,,,-1,0,-1,1,[3],[5],[200],[8000],[1|8],[220004],[161005],[2],[17],[512|200202],2,2,2,999,999,2,,,,,
1223121,-1,,,,-1,0,-1,1,[30],[10],[10],[10],[5|36],[220005],[203026],[203029],[203032],[512|200402],2,2,2,2,2,2,,,,,
1223122,-1,,,,-1,0,-1,1,[20],[8],[8],[8],[5|30],[220005],[203026],[203029],[203032],[512|200402],2,2,2,2,2,2,,,,,
1223123,-1,,,,-1,0,-1,1,[15],[6],[6],[6],[5|27],[220005],[203026],[203029],[203032],[512|200402],2,2,2,2,2,2,,,,,
1223124,-1,,,,-1,0,-1,1,[10],[4],[4],[4],[4|24],[220005],[203026],[203029],[203032],[512|200402],2,2,2,2,2,2,,,,,
1223125,-1,,,,-1,0,-1,1,[8],[2],[2],[2],[3|21],[220005],[203026],[203029],[203032],[512|200402],2,2,2,2,2,2,,,,,
1223126,-1,,,,-1,0,-1,1,[5],[4],[4],[4],[3|18],[220005],[203025],[203028],[203031],[512|200402],2,2,2,2,2,2,,,,,
1223127,-1,,,,-1,0,-1,1,[3],[3],[3],[3],[2|12],[220005],[203025],[203028],[203031],[512|200402],2,2,2,2,2,2,,,,,
1223128,-1,,,,-1,0,-1,1,[2],[2],[2],[2],[2|8],[220005],[203025],[203028],[203031],[512|200402],2,2,2,2,2,2,,,,,
408170101,-1,,,,-1,-1,-1,1,[15],[1],[1],,,[407175001],[407151002],[407151001],,,2,2,2,2,-1,-1,,,,,
408170102,-1,,,,-1,-1,-1,1,[25],[2],[1],,,[407175001],[407151002],[407151001],,,2,2,2,2,-1,-1,,,,,
408170103,-1,,,,-1,-1,-1,1,[50],[1],[1],,,[407175001],[407151003],[407151001],,,2,2,2,2,-1,-1,,,,,
408170104,-1,,,,-1,-1,-1,1,[100],[2],[1],,,[407175001],[407151003],[407151002],,,2,2,2,2,-1,-1,,,,,
408170105,-1,,,,-1,-1,-1,1,[200],[4],[1],,,[407175001],[407151003],[407151002],,,2,2,2,2,-1,-1,,,,,
407260091,-1,,,,-1,-1,-1,1,[10|10|10],,,,,[305005|305006|305007],,,,,5,2,-1,-1,-1,-1,,,,,
408050091,-1,,,,-1,-1,-1,1,[10|10|10],,,,,[305001|305002|305008],,,,,5,2,-1,-1,-1,-1,,,,,
408080091,-1,,,,-1,-1,-1,1,[10|10|10|10],,,,,[305003|305004|305009|305010],,,,,5,2,-1,-1,-1,-1,,,,,
410256001,-1,,,,-1,-1,-1,1,[5],,,,,[200002],,,,,2,2,-1,-1,-1,-1,,,,,
410256002,-1,,,,-1,-1,-1,1,[2],,,,,[201],,,,,2,2,-1,-1,-1,-1,,,,,
410256003,-1,,,,-1,-1,-1,1,[300],,,,,[250],,,,,2,2,-1,-1,-1,-1,,,,,
410256004,-1,,,,-1,-1,-1,1,[5],,,,,[203036],,,,,2,2,-1,-1,-1,-1,,,,,
410256005,-1,,,,-1,-1,-1,1,[200],,,,,[206],,,,,2,2,-1,-1,-1,-1,,,,,
410256006,-1,,,,-1,-1,-1,1,[2000],,,,,[17],,,,,2,999,-1,-1,-1,-1,,,,,
410256101,-1,,,,-1,-1,-1,1,[50],[10],,,,[200002],[203025],,,,2,2,2,-1,-1,-1,,,,,
410256102,-1,,,,-1,-1,-1,1,[10],[10],,,,[201],[203028],,,,2,2,2,-1,-1,-1,,,,,
410256103,-1,,,,-1,-1,-1,1,[5000],[10],,,,[250],[203031],,,,2,2,2,-1,-1,-1,,,,,
410256104,-1,,,,-1,-1,-1,1,[60],[10],,,,[203037],[203034],,,,2,2,2,-1,-1,-1,,,,,
410256105,-1,,,,-1,-1,-1,1,[2000],[10],,,,[206],[203025],,,,2,2,2,-1,-1,-1,,,,,
410256106,-1,,,,-1,-1,-1,1,[100],[20000],,,,[10270001],[17],,,,2,2,999,-1,-1,-1,,,,,
410256201,-1,,,,-1,-1,-1,1,[5],,,,,[200002],,,,,2,2,-1,-1,-1,-1,,,,,
410256202,-1,,,,-1,-1,-1,1,[2],,,,,[201],,,,,2,2,-1,-1,-1,-1,,,,,
410256203,-1,,,,-1,-1,-1,1,[300],,,,,[250],,,,,2,2,-1,-1,-1,-1,,,,,
410256204,-1,,,,-1,-1,-1,1,[5],,,,,[203036],,,,,2,2,-1,-1,-1,-1,,,,,
410256205,-1,,,,-1,-1,-1,1,[200],,,,,[206],,,,,2,2,-1,-1,-1,-1,,,,,
410256206,-1,,,,-1,-1,-1,1,[2000],,,,,[17],,,,,2,999,-1,-1,-1,-1,,,,,
410256301,-1,,,,-1,-1,-1,1,[50],[10],,,,[200002],[203025],,,,2,2,2,-1,-1,-1,,,,,
410256302,-1,,,,-1,-1,-1,1,[10],[10],,,,[201],[203028],,,,2,2,2,-1,-1,-1,,,,,
410256303,-1,,,,-1,-1,-1,1,[5000],[10],,,,[250],[203031],,,,2,2,2,-1,-1,-1,,,,,
410256304,-1,,,,-1,-1,-1,1,[60],[10],,,,[203037],[203034],,,,2,2,2,-1,-1,-1,,,,,
410256305,-1,,,,-1,-1,-1,1,[2000],[10],,,,[206],[203025],,,,2,2,2,-1,-1,-1,,,,,
410256306,-1,,,,-1,-1,-1,1,[60],[20000],,,,[401081002],[17],,,,2,2,999,-1,-1,-1,,,,,
410300601,-1,,,,-1,-1,-1,1,[10],,,,,[220005],,,,,2,2,-1,-1,-1,-1,,,,,
410300602,-1,,,,-1,-1,-1,1,[10],,,,,[151],,,,,2,2,-1,-1,-1,-1,,,,,
410300603,-1,,,,-1,-1,-1,1,[60],,,,,[410280004],,,,,2,2,-1,-1,-1,-1,,,,,
410300604,-1,,,,-1,-1,-1,1,[1],,,,,[200405],,,,,2,2,-1,-1,-1,-1,,,,,
410300605,-1,,,,-1,-1,-1,1,[5],,,,,[410280002],,,,,2,2,-1,-1,-1,-1,,,,,
410300606,-1,,,,-1,-1,-1,1,[5],,,,,[209002],,,,,2,2,-1,-1,-1,-1,,,,,
410300607,-1,,,,-1,-1,-1,1,[2],,,,,[405230003],,,,,2,2,-1,-1,-1,-1,,,,,
410300608,-1,,,,-1,-1,-1,1,[1],,,,,[203038],,,,,2,2,-1,-1,-1,-1,,,,,
410300609,-1,,,,-1,-1,-1,1,[1000],,,,,[250],,,,,2,2,-1,-1,-1,-1,,,,,
410300701,-1,,,,-1,-1,-1,1,[10],,,,,[220005],,,,,2,2,-1,-1,-1,-1,,,,,
410300702,-1,,,,-1,-1,-1,1,[10],,,,,[152],,,,,2,2,-1,-1,-1,-1,,,,,
410300703,-1,,,,-1,-1,-1,1,[60],,,,,[410280004],,,,,2,2,-1,-1,-1,-1,,,,,
410300704,-1,,,,-1,-1,-1,1,[1],,,,,[200405],,,,,2,2,-1,-1,-1,-1,,,,,
410300705,-1,,,,-1,-1,-1,1,[5],,,,,[410280002],,,,,2,2,-1,-1,-1,-1,,,,,
410300706,-1,,,,-1,-1,-1,1,[5],,,,,[209002],,,,,2,2,-1,-1,-1,-1,,,,,
410300707,-1,,,,-1,-1,-1,1,[2],,,,,[405230003],,,,,2,2,-1,-1,-1,-1,,,,,
410300708,-1,,,,-1,-1,-1,1,[1],,,,,[203038],,,,,2,2,-1,-1,-1,-1,,,,,
410300709,-1,,,,-1,-1,-1,1,[1000],,,,,[250],,,,,2,2,-1,-1,-1,-1,,,,,
410301605,-1,,,,-1,-1,-1,1,[5],,,,,[220202],,,,,2,2,-1,-1,-1,-1,,,,,
410310001,-1,,,,-1,-1,-1,1,[5],[5],[1000],[50],,[220005],[209002],[206],[200402],,2,2,2,2,2,-1,,,,,
410310002,-1,,,,-1,-1,-1,1,[10],[10],[2000],[50],,[220005],[209002],[206],[200402],,2,2,2,2,2,-1,,,,,
410310003,-1,,,,-1,-1,-1,1,[15],[15],[3000],[100],,[220005],[209002],[206],[200402],,2,2,2,2,2,-1,,,,,
410310004,-1,,,,-1,-1,-1,1,[20],[20],[4000],[100],,[220005],[209002],[206],[200402],,2,2,2,2,2,-1,,,,,
410310005,-1,,,,-1,-1,-1,1,[25],[30],[5000],[150],,[220005],[209002],[206],[200402],,2,2,2,2,2,-1,,,,,
410310006,-1,,,,-1,-1,-1,1,[10],[30],[35],[6000],,[151],[220005],[209002],[206],,2,2,2,2,2,-1,,,,,
410310007,-1,,,,-1,-1,-1,1,[10],[30],[40],[7000],,[151],[220005],[209002],[206],,2,2,2,2,2,-1,,,,,
410310008,-1,,,,-1,-1,-1,1,[20],[30],[40],[10000],,[151],[220005],[209002],[206],,2,2,2,2,2,-1,,,,,
410310009,-1,,,,-1,-1,-1,1,[10],[30],[40],[10000],,[152],[220005],[209002],[206],,2,2,2,2,2,-1,,,,,
411155001,-1,,,,-1,-1,-1,1,[5],,,,,[200002],,,,,2,2,-1,-1,-1,-1,,,,,
411155002,-1,,,,-1,-1,-1,1,[2],,,,,[201],,,,,2,2,-1,-1,-1,-1,,,,,
411155003,-1,,,,-1,-1,-1,1,[300],,,,,[250],,,,,2,2,-1,-1,-1,-1,,,,,
411155004,-1,,,,-1,-1,-1,1,[5],,,,,[203036],,,,,2,2,-1,-1,-1,-1,,,,,
411155005,-1,,,,-1,-1,-1,1,[200],,,,,[206],,,,,2,2,-1,-1,-1,-1,,,,,
411155006,-1,,,,-1,-1,-1,1,[2000],,,,,[17],,,,,2,999,-1,-1,-1,-1,,,,,
411155101,-1,,,,-1,-1,-1,1,[50],[10],,,,[200002],[203025],,,,2,2,2,-1,-1,-1,,,,,
411155102,-1,,,,-1,-1,-1,1,[10],[10],,,,[201],[203028],,,,2,2,2,-1,-1,-1,,,,,
411155103,-1,,,,-1,-1,-1,1,[5000],[10],,,,[250],[203031],,,,2,2,2,-1,-1,-1,,,,,
411155104,-1,,,,-1,-1,-1,1,[60],[10],,,,[203037],[203034],,,,2,2,2,-1,-1,-1,,,,,
411155105,-1,,,,-1,-1,-1,1,[2000],[10],,,,[206],[203025],,,,2,2,2,-1,-1,-1,,,,,
411155106,-1,,,,-1,-1,-1,1,[10],[20000],,,,[409237001],[17],,,,2,2,999,-1,-1,-1,,,,,
10155,-1,,,,-1,-1,-1,1,[300],,,,,[404100005],,,,,2,2,-1,-1,-1,-1,,,,,
10156,-1,,,,-1,-1,-1,1,[300],,,,,[404100005],,,,,2,2,-1,-1,-1,-1,,,,,
411250204,-1,,,,-1,-1,-1,1,[5],,,,,[220202],,,,,2,2,-1,-1,-1,-1,,,,,
1500001,-1,,,,-1,-1,-1,1,[150],[5000],[500],[20],[20],[404100005],[206],[2],[200002],[200302],2,2,2,999,2,2,,,,,
1500002,-1,,,,-1,-1,-1,1,[100],[4000],[400],[16],[16],[404100005],[206],[2],[200002],[200302],2,2,2,999,2,2,,,,,
1500003,-1,,,,-1,-1,-1,1,[80],[3000],[300],[12],[12],[404100005],[206],[2],[200002],[200302],2,2,2,999,2,2,,,,,
1500004,-1,,,,-1,-1,-1,1,[60],[2500],[250],[10],[10],[404100005],[206],[2],[200002],[200302],2,2,2,999,2,2,,,,,
1500005,-1,,,,-1,-1,-1,1,[40],[2000],[200],[8],[8],[404100005],[206],[2],[200002],[200302],2,2,2,999,2,2,,,,,
1500006,-1,,,,-1,-1,-1,1,,[1500],[150],[6],[6],,[206],[2],[200002],[200302],2,-1,2,999,2,2,,,,,
1500007,-1,,,,-1,-1,-1,1,,[1000],[100],[4],[4],,[206],[2],[200002],[200302],2,-1,2,999,2,2,,,,,
1501001,-1,,,,-1,-1,-1,1,[200],[7500],[750],[30],[30],[404100005],[206],[2],[200002],[200302],2,2,2,999,2,2,,,,,
1501002,-1,,,,-1,-1,-1,1,[150],[6000],[600],[24],[24],[404100005],[206],[2],[200002],[200302],2,2,2,999,2,2,,,,,
1501003,-1,,,,-1,-1,-1,1,[100],[4500],[450],[18],[18],[404100005],[206],[2],[200002],[200302],2,2,2,999,2,2,,,,,
1501004,-1,,,,-1,-1,-1,1,[80],[3750],[375],[15],[15],[404100005],[206],[2],[200002],[200302],2,2,2,999,2,2,,,,,
1501005,-1,,,,-1,-1,-1,1,[60],[3000],[300],[12],[12],[404100005],[206],[2],[200002],[200302],2,2,2,999,2,2,,,,,
1501006,-1,,,,-1,-1,-1,1,[40],[2250],[225],[9],[9],[404100005],[206],[2],[200002],[200302],2,2,2,999,2,2,,,,,
1501007,-1,,,,-1,-1,-1,1,,[1500],[150],[6],[6],,[206],[2],[200002],[200302],2,-1,2,999,2,2,,,,,
1502001,-1,,,,-1,-1,-1,1,[200],[10000],[1000],[40],[40],[404100005],[206],[2],[200002],[200302],2,2,2,999,2,2,,,,,
1502002,-1,,,,-1,-1,-1,1,[150],[8000],[800],[32],[32],[404100005],[206],[2],[200002],[200302],2,2,2,999,2,2,,,,,
1502003,-1,,,,-1,-1,-1,1,[100],[6000],[600],[24],[24],[404100005],[206],[2],[200002],[200302],2,2,2,999,2,2,,,,,
1502004,-1,,,,-1,-1,-1,1,[80],[5000],[500],[20],[20],[404100005],[206],[2],[200002],[200302],2,2,2,999,2,2,,,,,
1502005,-1,,,,-1,-1,-1,1,[60],[4000],[400],[16],[16],[404100005],[206],[2],[200002],[200302],2,2,2,999,2,2,,,,,
1502006,-1,,,,-1,-1,-1,1,[40],[3000],[300],[12],[12],[404100005],[206],[2],[200002],[200302],2,2,2,999,2,2,,,,,
1502007,-1,,,,-1,-1,-1,1,,[2000],[200],[8],[8],,[206],[2],[200002],[200302],2,-1,2,999,2,2,,,,,
1503001,-1,,,,-1,-1,-1,1,[250],[12500],[1250],[50],[50],[404100005],[206],[2],[200002],[200302],2,2,2,999,2,2,,,,,
1503002,-1,,,,-1,-1,-1,1,[200],[10000],[1000],[40],[40],[404100005],[206],[2],[200002],[200302],2,2,2,999,2,2,,,,,
1503003,-1,,,,-1,-1,-1,1,[150],[7500],[750],[30],[30],[404100005],[206],[2],[200002],[200302],2,2,2,999,2,2,,,,,
1503004,-1,,,,-1,-1,-1,1,[100],[6250],[625],[25],[25],[404100005],[206],[2],[200002],[200302],2,2,2,999,2,2,,,,,
1503005,-1,,,,-1,-1,-1,1,[80],[5000],[500],[20],[20],[404100005],[206],[2],[200002],[200302],2,2,2,999,2,2,,,,,
1503006,-1,,,,-1,-1,-1,1,[60],[3750],[375],[15],[15],[404100005],[206],[2],[200002],[200302],2,2,2,999,2,2,,,,,
1503007,-1,,,,-1,-1,-1,1,,[2500],[250],[10],[10],,[206],[2],[200002],[200302],2,-1,2,999,2,2,,,,,
1504001,-1,,,,-1,-1,-1,1,[250],[15000],[1500],[60],[60],[404100005],[206],[2],[200002],[200302],2,2,2,999,2,2,,,,,
1504002,-1,,,,-1,-1,-1,1,[200],[12000],[1200],[48],[48],[404100005],[206],[2],[200002],[200302],2,2,2,999,2,2,,,,,
1504003,-1,,,,-1,-1,-1,1,[150],[9000],[900],[36],[36],[404100005],[206],[2],[200002],[200302],2,2,2,999,2,2,,,,,
1504004,-1,,,,-1,-1,-1,1,[100],[7500],[750],[30],[30],[404100005],[206],[2],[200002],[200302],2,2,2,999,2,2,,,,,
1504005,-1,,,,-1,-1,-1,1,[80],[6000],[600],[24],[24],[404100005],[206],[2],[200002],[200302],2,2,2,999,2,2,,,,,
1504006,-1,,,,-1,-1,-1,1,[60],[4500],[450],[18],[18],[404100005],[206],[2],[200002],[200302],2,2,2,999,2,2,,,,,
1504007,-1,,,,-1,-1,-1,1,,[3000],[300],[12],[12],,[206],[2],[200002],[200302],2,-1,2,999,2,2,,,,,
1500101,-1,,,,-1,-1,-1,1,[1],[10],[1800],[200],[200],[60003],[220005],[10],[203024],[203027],2,2,2,999,2,2,,,,,
1500102,-1,,,,-1,-1,-1,1,[1],[5],[1200],[160],[160],[60002],[220005],[10],[203024],[203027],2,2,2,999,2,2,,,,,
1500103,-1,,,,-1,-1,-1,1,,[3],[800],[120],[120],,[220005],[10],[203024],[203027],2,-1,2,999,2,2,,,,,
1500104,-1,,,,-1,-1,-1,1,,,[600],[80],[80],,,[10],[203024],[203027],2,-1,-1,999,2,2,,,,,
1500201,-1,,,,-1,-1,-1,1,[1],[5],[1500],[120],[120],[60003],[220005],[10],[203024],[203027],2,2,2,999,2,2,,,,,
1500202,-1,,,,-1,-1,-1,1,[1],[3],[1000],[100],[100],[60002],[220005],[10],[203024],[203027],2,2,2,999,2,2,,,,,
1500203,-1,,,,-1,-1,-1,1,,[2],[600],[80],[80],,[220005],[10],[203024],[203027],2,-1,2,999,2,2,,,,,
1500204,-1,,,,-1,-1,-1,1,,,[400],[60],[60],,,[10],[203024],[203027],2,-1,-1,999,2,2,,,,,
1500301,-1,,,,-1,-1,-1,1,[1],[3],[800],[80],[80],[60003],[220005],[10],[203024],[203027],2,2,2,999,2,2,,,,,
1500302,-1,,,,-1,-1,-1,1,[1],[2],[500],[60],[60],[60002],[220005],[10],[203024],[203027],2,2,2,999,2,2,,,,,
1500303,-1,,,,-1,-1,-1,1,,,[300],[40],[40],,,[10],[203024],[203027],2,-1,-1,999,2,2,,,,,
1500304,-1,,,,-1,-1,-1,1,,,[200],[20],[20],,,[10],[203024],[203027],2,-1,-1,999,2,2,,,,,
1501101,-1,,,,-1,-1,-1,1,[1],[15],[2700],[300],[300],[60003],[220005],[10],[203024],[203027],2,2,2,999,2,2,,,,,
1501102,-1,,,,-1,-1,-1,1,[1],[10],[1800],[240],[240],[60002],[220005],[10],[203024],[203027],2,2,2,999,2,2,,,,,
1501103,-1,,,,-1,-1,-1,1,,[5],[1200],[180],[180],,[220005],[10],[203024],[203027],2,-1,2,999,2,2,,,,,
1501104,-1,,,,-1,-1,-1,1,,,[900],[120],[120],,,[10],[203024],[203027],2,-1,-1,999,2,2,,,,,
1501201,-1,,,,-1,-1,-1,1,[1],[10],[2250],[180],[180],[60003],[220005],[10],[203024],[203027],2,2,2,999,2,2,,,,,
1501202,-1,,,,-1,-1,-1,1,[1],[5],[1500],[150],[150],[60002],[220005],[10],[203024],[203027],2,2,2,999,2,2,,,,,
1501203,-1,,,,-1,-1,-1,1,,[3],[900],[120],[120],,[220005],[10],[203024],[203027],2,-1,2,999,2,2,,,,,
1501204,-1,,,,-1,-1,-1,1,,,[600],[90],[90],,,[10],[203024],[203027],2,-1,-1,999,2,2,,,,,
1501301,-1,,,,-1,-1,-1,1,[1],[5],[1200],[120],[120],[60003],[220005],[10],[203024],[203027],2,2,2,999,2,2,,,,,
1501302,-1,,,,-1,-1,-1,1,[1],[3],[750],[90],[90],[60002],[220005],[10],[203024],[203027],2,2,2,999,2,2,,,,,
1501303,-1,,,,-1,-1,-1,1,,,[450],[60],[60],,,[10],[203024],[203027],2,-1,-1,999,2,2,,,,,
1501304,-1,,,,-1,-1,-1,1,,,[300],[30],[30],,,[10],[203024],[203027],2,-1,-1,999,2,2,,,,,
1502101,-1,,,,-1,-1,-1,1,[1],[15],[3600],[400],[400],[60003],[220005],[10],[203024],[203027],2,2,2,999,2,2,,,,,
1502102,-1,,,,-1,-1,-1,1,[1],[10],[2400],[320],[320],[60002],[220005],[10],[203024],[203027],2,2,2,999,2,2,,,,,
1502103,-1,,,,-1,-1,-1,1,,[5],[1600],[240],[240],,[220005],[10],[203024],[203027],2,-1,2,999,2,2,,,,,
1502104,-1,,,,-1,-1,-1,1,,,[1200],[160],[160],,,[10],[203024],[203027],2,-1,-1,999,2,2,,,,,
1502201,-1,,,,-1,-1,-1,1,[1],[10],[3000],[240],[240],[60003],[220005],[10],[203024],[203027],2,2,2,999,2,2,,,,,
1502202,-1,,,,-1,-1,-1,1,[1],[5],[2000],[200],[200],[60002],[220005],[10],[203024],[203027],2,2,2,999,2,2,,,,,
1502203,-1,,,,-1,-1,-1,1,,[3],[1200],[160],[160],,[220005],[10],[203024],[203027],2,-1,2,999,2,2,,,,,
1502204,-1,,,,-1,-1,-1,1,,,[800],[120],[120],,,[10],[203024],[203027],2,-1,-1,999,2,2,,,,,
1502301,-1,,,,-1,-1,-1,1,[1],[5],[1600],[160],[160],[60003],[220005],[10],[203024],[203027],2,2,2,999,2,2,,,,,
1502302,-1,,,,-1,-1,-1,1,[1],[3],[1000],[120],[120],[60002],[220005],[10],[203024],[203027],2,2,2,999,2,2,,,,,
1502303,-1,,,,-1,-1,-1,1,,,[600],[80],[80],,,[10],[203024],[203027],2,-1,-1,999,2,2,,,,,
1502304,-1,,,,-1,-1,-1,1,,,[400],[40],[40],,,[10],[203024],[203027],2,-1,-1,999,2,2,,,,,
1503101,-1,,,,-1,-1,-1,1,[1],[20],[4500],[500],[500],[60003],[220005],[10],[203024],[203027],2,2,2,999,2,2,,,,,
1503102,-1,,,,-1,-1,-1,1,[1],[15],[3000],[400],[400],[60002],[220005],[10],[203024],[203027],2,2,2,999,2,2,,,,,
1503103,-1,,,,-1,-1,-1,1,,[10],[2000],[300],[300],,[220005],[10],[203024],[203027],2,-1,2,999,2,2,,,,,
1503104,-1,,,,-1,-1,-1,1,,,[1500],[200],[200],,,[10],[203024],[203027],2,-1,-1,999,2,2,,,,,
1503201,-1,,,,-1,-1,-1,1,[1],[15],[3750],[300],[300],[60003],[220005],[10],[203024],[203027],2,2,2,999,2,2,,,,,
1503202,-1,,,,-1,-1,-1,1,[1],[10],[2500],[250],[250],[60002],[220005],[10],[203024],[203027],2,2,2,999,2,2,,,,,
1503203,-1,,,,-1,-1,-1,1,,[5],[1500],[200],[200],,[220005],[10],[203024],[203027],2,-1,2,999,2,2,,,,,
1503204,-1,,,,-1,-1,-1,1,,,[1000],[150],[150],,,[10],[203024],[203027],2,-1,-1,999,2,2,,,,,
1503301,-1,,,,-1,-1,-1,1,[1],[10],[2000],[200],[200],[60003],[220005],[10],[203024],[203027],2,2,2,999,2,2,,,,,
1503302,-1,,,,-1,-1,-1,1,[1],[5],[1250],[150],[150],[60002],[220005],[10],[203024],[203027],2,2,2,999,2,2,,,,,
1503303,-1,,,,-1,-1,-1,1,,,[750],[100],[100],,,[10],[203024],[203027],2,-1,-1,999,2,2,,,,,
1503304,-1,,,,-1,-1,-1,1,,,[500],[50],[50],,,[10],[203024],[203027],2,-1,-1,999,2,2,,,,,
1504101,-1,,,,-1,-1,-1,1,[1],[20],[5400],[600],[600],[60003],[220005],[10],[203024],[203027],2,2,2,999,2,2,,,,,
1504102,-1,,,,-1,-1,-1,1,[1],[15],[3600],[480],[480],[60002],[220005],[10],[203024],[203027],2,2,2,999,2,2,,,,,
1504103,-1,,,,-1,-1,-1,1,,[10],[2400],[360],[360],,[220005],[10],[203024],[203027],2,-1,2,999,2,2,,,,,
1504104,-1,,,,-1,-1,-1,1,,,[1800],[240],[240],,,[10],[203024],[203027],2,-1,-1,999,2,2,,,,,
1504201,-1,,,,-1,-1,-1,1,[1],[15],[4500],[360],[360],[60003],[220005],[10],[203024],[203027],2,2,2,999,2,2,,,,,
1504202,-1,,,,-1,-1,-1,1,[1],[10],[3000],[300],[300],[60002],[220005],[10],[203024],[203027],2,2,2,999,2,2,,,,,
1504203,-1,,,,-1,-1,-1,1,,[5],[1800],[240],[240],,[220005],[10],[203024],[203027],2,-1,2,999,2,2,,,,,
1504204,-1,,,,-1,-1,-1,1,,,[1200],[180],[180],,,[10],[203024],[203027],2,-1,-1,999,2,2,,,,,
1504301,-1,,,,-1,-1,-1,1,[1],[10],[2400],[240],[240],[60003],[220005],[10],[203024],[203027],2,2,2,999,2,2,,,,,
1504302,-1,,,,-1,-1,-1,1,[1],[5],[1500],[180],[180],[60002],[220005],[10],[203024],[203027],2,2,2,999,2,2,,,,,
1504303,-1,,,,-1,-1,-1,1,,,[900],[120],[120],,,[10],[203024],[203027],2,-1,-1,999,2,2,,,,,
1504304,-1,,,,-1,-1,-1,1,,,[600],[60],[60],,,[10],[203024],[203027],2,-1,-1,999,2,2,,,,,
1510001,-1,,,,-1,0,-1,1,[10],[10],,,,[203024],[203027],,,,2,2,2,-1,-1,-1,,,,,
1510002,-1,,,,-1,0,-1,1,[5],[5],[5],,,[200002],[200302],[200102],,,2,2,2,2,-1,-1,,,,,
1510003,-1,,,,-1,0,-1,1,[50],[10],,,,[250],[203033],,,,2,2,2,-1,-1,-1,,,,,
1510004,-1,,,,-1,0,-1,1,[20],[1000],,,,[404100004],[206],,,,2,2,2,-1,-1,-1,,,,,
1510005,-1,,,,-1,0,-1,1,[1],[100],,,,[201],[2],,,,2,2,999,-1,-1,-1,,,,,
1510006,-1,,,,-1,0,-1,1,[20],[20],,,,[203024],[203027],,,,2,2,2,-1,-1,-1,,,,,
1510007,-1,,,,-1,0,-1,1,[10],[10],[10],,,[200002],[200302],[200102],,,2,2,2,2,-1,-1,,,,,
1510008,-1,,,,-1,0,-1,1,[100],[20],,,,[250],[203033],,,,2,2,2,-1,-1,-1,,,,,
1510009,-1,,,,-1,0,-1,1,[40],[2000],[2000],,,[404100004],[206],[17],,,2,2,2,999,-1,-1,,,,,
1510010,-1,,,,-1,0,-1,1,[3],[200],,,,[201],[2],,,,2,2,999,-1,-1,-1,,,,,
1510011,-1,,,,-1,0,-1,1,[30],[30],,,,[203024],[203027],,,,2,2,2,-1,-1,-1,,,,,
1510012,-1,,,,-1,0,-1,1,[15],[15],[15],,,[200002],[200302],[200102],,,2,2,2,2,-1,-1,,,,,
1510013,-1,,,,-1,0,-1,1,[150],[30],,,,[250],[203033],,,,2,2,2,-1,-1,-1,,,,,
1510014,-1,,,,-1,0,-1,1,[60],[3000],[2000],,,[404100004],[206],[17],,,2,2,2,999,-1,-1,,,,,
1510015,-1,,,,-1,0,-1,1,[3],[300],,,,[220005],[2],,,,2,2,999,-1,-1,-1,,,,,
1510016,-1,,,,-1,0,-1,1,[40],[40],,,,[203024],[203027],,,,2,2,2,-1,-1,-1,,,,,
1510017,-1,,,,-1,0,-1,1,[20],[20],[20],,,[200002],[200302],[200102],,,2,2,2,2,-1,-1,,,,,
1510018,-1,,,,-1,0,-1,1,[200],[40],,,,[250],[203033],,,,2,2,2,-1,-1,-1,,,,,
1510019,-1,,,,-1,0,-1,1,[80],[4000],[6000],,,[404100004],[206],[17],,,2,2,2,999,-1,-1,,,,,
1510020,-1,,,,-1,0,-1,1,[300],[300],,,,[404100005],[2],,,,2,2,999,-1,-1,-1,,,,,
1510021,-1,,,,-1,0,-1,1,[50],[50],,,,[203024],[203027],,,,2,2,2,-1,-1,-1,,,,,
1510022,-1,,,,-1,0,-1,1,[25],[25],[25],,,[200002],[200302],[200102],,,2,2,2,2,-1,-1,,,,,
1510023,-1,,,,-1,0,-1,1,[250],[50],,,,[250],[203033],,,,2,2,2,-1,-1,-1,,,,,
1510024,-1,,,,-1,0,-1,1,[100],[5000],[10000],,,[404100004],[206],[17],,,2,2,2,999,-1,-1,,,,,
1510025,-1,,,,-1,0,-1,1,[5],[500],,,,[220005],[2],,,,2,2,999,-1,-1,-1,,,,,
1510026,-1,,,,-1,0,-1,1,[60],[60],,,,[203024],[203027],,,,2,2,2,-1,-1,-1,,,,,
1510027,-1,,,,-1,0,-1,1,[30],[30],[30],,,[200002],[200302],[200102],,,2,2,2,2,-1,-1,,,,,
1510028,-1,,,,-1,0,-1,1,[300],[60],,,,[250],[203033],,,,2,2,2,-1,-1,-1,,,,,
1510029,-1,,,,-1,0,-1,1,[120],[6000],[10000],,,[404100004],[206],[17],,,2,2,2,999,-1,-1,,,,,
1510030,-1,,,,-1,0,-1,1,[5],[500],,,,[220005],[2],,,,2,2,999,-1,-1,-1,,,,,
1510031,-1,,,,-1,0,-1,1,[500],[8000],[12000],,,[250],[206],[17],,,2,2,2,999,-1,-1,,,,,
1510032,-1,,,,-1,0,-1,1,[5],[500],,,,[220005],[2],,,,2,2,999,-1,-1,-1,,,,,
1510101,-1,,,,-1,0,-1,1,[5],[5],,,,[203024],[203027],,,,2,2,2,-1,-1,-1,,,,,
1510102,-1,,,,-1,0,-1,1,[50],[5],,,,[2],[200402],,,,2,999,2,-1,-1,-1,,,,,
1510103,-1,,,,-1,0,-1,1,[25],[5],,,,[250],[203033],,,,2,2,2,-1,-1,-1,,,,,
1510104,-1,,,,-1,0,-1,1,[10],[500],,,,[404100004],[206],,,,2,2,2,-1,-1,-1,,,,,
1510105,-1,,,,-1,0,-1,1,[1],[5],[5000],,,[201],[203030],[17],,,2,2,2,999,-1,-1,,,,,
1510106,-1,,,,-1,0,-1,1,[10],[10],,,,[203024],[203027],,,,2,2,2,-1,-1,-1,,,,,
1510107,-1,,,,-1,0,-1,1,[100],[10],,,,[2],[200402],,,,2,999,2,-1,-1,-1,,,,,
1510108,-1,,,,-1,0,-1,1,[50],[10],,,,[250],[203033],,,,2,2,2,-1,-1,-1,,,,,
1510109,-1,,,,-1,0,-1,1,[20],[1000],,,,[404100004],[206],,,,2,2,2,-1,-1,-1,,,,,
1510110,-1,,,,-1,0,-1,1,[2],[10],[5000],,,[201],[203030],[17],,,2,2,2,999,-1,-1,,,,,
1510111,-1,,,,-1,0,-1,1,[15],[15],,,,[203024],[203027],,,,2,2,2,-1,-1,-1,,,,,
1510112,-1,,,,-1,0,-1,1,[150],[15],,,,[2],[200402],,,,2,999,2,-1,-1,-1,,,,,
1510113,-1,,,,-1,0,-1,1,[75],[15],,,,[250],[203033],,,,2,2,2,-1,-1,-1,,,,,
1510114,-1,,,,-1,0,-1,1,[30],[1500],,,,[404100004],[206],,,,2,2,2,-1,-1,-1,,,,,
1510115,-1,,,,-1,0,-1,1,[3],[15],[10000],,,[201],[203030],[17],,,2,2,2,999,-1,-1,,,,,
1510116,-1,,,,-1,0,-1,1,[20],[20],,,,[203024],[203027],,,,2,2,2,-1,-1,-1,,,,,
1510117,-1,,,,-1,0,-1,1,[200],[20],,,,[2],[200402],,,,2,999,2,-1,-1,-1,,,,,
1510118,-1,,,,-1,0,-1,1,[100],[20],,,,[250],[203033],,,,2,2,2,-1,-1,-1,,,,,
1510119,-1,,,,-1,0,-1,1,[40],[2000],,,,[404100004],[206],,,,2,2,2,-1,-1,-1,,,,,
1510120,-1,,,,-1,0,-1,1,[2],[20],[10000],,,[220005],[203030],[17],,,2,2,2,999,-1,-1,,,,,
1510121,-1,,,,-1,0,-1,1,[25],[25],,,,[203024],[203027],,,,2,2,2,-1,-1,-1,,,,,
1510122,-1,,,,-1,0,-1,1,[300],[25],,,,[2],[200402],,,,2,999,2,-1,-1,-1,,,,,
1510123,-1,,,,-1,0,-1,1,[125],[25],,,,[250],[203033],,,,2,2,2,-1,-1,-1,,,,,
1510124,-1,,,,-1,0,-1,1,[50],[2500],,,,[404100004],[206],,,,2,2,2,-1,-1,-1,,,,,
1510125,-1,,,,-1,0,-1,1,[3],[25],[10000],,,[220005],[203030],[17],,,2,2,2,999,-1,-1,,,,,
1510126,-1,,,,-1,0,-1,1,[30],[30],,,,[203024],[203027],,,,2,2,2,-1,-1,-1,,,,,
1510127,-1,,,,-1,0,-1,1,[300],[30],,,,[2],[200402],,,,2,999,2,-1,-1,-1,,,,,
1510128,-1,,,,-1,0,-1,1,[150],[30],,,,[250],[203033],,,,2,2,2,-1,-1,-1,,,,,
1510129,-1,,,,-1,0,-1,1,[60],[3000],,,,[404100004],[206],,,,2,2,2,-1,-1,-1,,,,,
1510130,-1,,,,-1,0,-1,1,[3],[30],[10000],,,[220005],[203030],[17],,,2,2,2,999,-1,-1,,,,,
1510131,-1,,,,-1,0,-1,1,[80],[40],,,,[404100004],[203033],,,,2,2,2,-1,-1,-1,,,,,
1510132,-1,,,,-1,0,-1,1,[3],[40],[12000],,,[220005],[203030],[17],,,2,2,2,999,-1,-1,,,,,
501181101,-1,,,,-1,-1,-1,1,[2],[1],[1000],[50],,[220005],[502510],[206],[200402],,2,2,6,2,2,-1,,,,,
501181102,-1,,,,-1,-1,-1,1,[5],[1],[2000],[50],,[220005],[502510],[206],[200402],,2,2,6,2,2,-1,,,,,
501181103,-1,,,,-1,-1,-1,1,[10],[1],[3000],[100],,[220005],[502510],[206],[200402],,2,2,6,2,2,-1,,,,,
501181104,-1,,,,-1,-1,-1,1,[15],[1],[4000],[100],,[220005],[502510],[206],[200402],,2,2,6,2,2,-1,,,,,
501181105,-1,,,,-1,-1,-1,1,[20],[2],[5000],[150],,[220005],[502510],[206],[200402],,2,2,6,2,2,-1,,,,,
501181106,-1,,,,-1,-1,-1,1,[10],[30],[2],[6000],,[151],[220005],[502510],[206],,2,2,2,6,2,-1,,,,,
501181107,-1,,,,-1,-1,-1,1,[10],[30],[3],[7000],,[151],[220005],[502510],[206],,2,2,2,6,2,-1,,,,,
501181108,-1,,,,-1,-1,-1,1,[20],[30],[40],[10000],,[151],[220005],[209002],[206],,2,2,2,2,2,-1,,,,,
501181109,-1,,,,-1,-1,-1,1,[10],[30],[40],[10000],,[152],[220005],[209002],[206],,2,2,2,2,2,-1,,,,,
502110601,-1,,,,-1,-1,-1,1,[10],,,,,[220005],,,,,2,2,-1,-1,-1,-1,,,,,
502110602,-1,,,,-1,-1,-1,1,[10],,,,,[151],,,,,2,2,-1,-1,-1,-1,,,,,
502110603,-1,,,,-1,-1,-1,1,[400],,,,,[502080002],,,,,2,2,-1,-1,-1,-1,,,,,
502110604,-1,,,,-1,-1,-1,1,[1],,,,,[200405],,,,,2,2,-1,-1,-1,-1,,,,,
502110605,-1,,,,-1,-1,-1,1,[5],,,,,[502080002],,,,,2,2,-1,-1,-1,-1,,,,,
502110606,-1,,,,-1,-1,-1,1,[5],,,,,[209002],,,,,2,2,-1,-1,-1,-1,,,,,
502110607,-1,,,,-1,-1,-1,1,[1],,,,,[405230003],,,,,2,2,-1,-1,-1,-1,,,,,
502110608,-1,,,,-1,-1,-1,1,[1],,,,,[203038],,,,,2,2,-1,-1,-1,-1,,,,,
502110609,-1,,,,-1,-1,-1,1,[500],,,,,[250],,,,,2,2,-1,-1,-1,-1,,,,,
25020,-1,,,,-1,-1,-1,1,[15],[1],[8|8],[50],[2],[14],[161004],[206104|206204],[6],[220004],2,999,2,2,999,2,,,,,
25021,-1,,,,-1,-1,-1,1,[5],[1],[6|6],,,[14],[161004],[206104|206204],,,2,999,2,2,-1,-1,,,,,
503170501,-1,,,,-1,-1,-1,1,[2],[1],[1000],[50],,[220005],[133401],[206],[200402],,2,2,6,2,2,-1,,,,,
503170502,-1,,,,-1,-1,-1,1,[5],[1],[2000],[50],,[220005],[133401],[206],[200402],,2,2,6,2,2,-1,,,,,
503170503,-1,,,,-1,-1,-1,1,[10],[1],[3000],[100],,[220005],[133401],[206],[200402],,2,2,6,2,2,-1,,,,,
503170504,-1,,,,-1,-1,-1,1,[15],[1],[4000],[100],,[220005],[133401],[206],[200402],,2,2,6,2,2,-1,,,,,
503170505,-1,,,,-1,-1,-1,1,[20],[2],[5000],[150],,[220005],[133401],[206],[200402],,2,2,6,2,2,-1,,,,,
503170506,-1,,,,-1,-1,-1,1,[1],[10],[2],[6000],,[315],[151],[133401],[206],,2,7,2,6,2,-1,,,,,
503170507,-1,,,,-1,-1,-1,1,[1],[10],[30],[3],,[503110010],[151],[220005],[133401],,2,2,2,2,6,-1,,,,,
503170508,-1,,,,-1,-1,-1,1,[20],[20],[40],[10000],,[151],[220005],[209002],[206],,2,2,2,2,2,-1,,,,,
503170509,-1,,,,-1,-1,-1,1,[1],[10],[20],[40],,[503110010],[152],[220005],[209002],,2,2,2,2,2,-1,,,,,
503170510,-1,,,,-1,-1,-1,1,[1],[10],[20],[40],,[503110010],[151],[220005],[209002],,2,2,2,2,2,-1,,,,,
403017601,-1,,,,-1,-1,-1,1,[800],[5],[15],[5],[60],[2],[407090001],[153],[200405],[200402],2,999,2,2,2,2,,,,,
408090201,-1,,,,-1,-1,-1,1,[400],[5],[1500],[15],,[2],[407090001],[154],[155],,2,999,2,2,2,-1,,,,,
408090202,-1,,,,-1,-1,-1,1,[800],[10],[3000],[30],,[2],[407090001],[154],[155],,2,999,2,2,2,-1,,,,,
505171101,-1,,,,-1,-1,-1,1,[2],[1],[1000],[50],,[220005],[410295002],[206],[200402],,2,2,2,2,2,-1,,,,,
505171102,-1,,,,-1,-1,-1,1,[5],[1],[2000],[50],,[220005],[410295002],[206],[200402],,2,2,2,2,2,-1,,,,,
505171103,-1,,,,-1,-1,-1,1,[10],[1],[3000],[100],,[220005],[410295002],[206],[200402],,2,2,2,2,2,-1,,,,,
505171104,-1,,,,-1,-1,-1,1,[15],[1],[4000],[100],,[220005],[410295002],[206],[200402],,2,2,2,2,2,-1,,,,,
505171105,-1,,,,-1,-1,-1,1,[20],[2],[5000],[150],,[220005],[410295002],[206],[200402],,2,2,2,2,2,-1,,,,,
505171106,-1,,,,-1,-1,-1,1,[10],[2],[6000],[200],,[151],[410295002],[206],[200402],,2,2,2,2,2,-1,,,,,
505171107,-1,,,,-1,-1,-1,1,[1],[2],[6000],[200],,[503110010],[410295002],[206],[200402],,2,2,2,2,2,-1,,,,,
505171108,-1,,,,-1,-1,-1,1,[20],[3],[8000],[300],,[151],[410295002],[206],[200402],,2,2,2,2,2,-1,,,,,
505171109,-1,,,,-1,-1,-1,1,[1],[10],[8000],[300],,[503110010],[152],[206],[200402],,2,2,2,2,2,-1,,,,,
505171110,-1,,,,-1,-1,-1,1,[1],[10],[10000],[300],,[503110010],[151],[206],[200402],,2,2,2,2,2,-1,,,,,
507230501,-1,,,,-1,-1,-1,1,[2],[1],[1000],[50],,[220005],[133402],[206],[200402],,2,2,6,2,2,-1,,,,,
507230502,-1,,,,-1,-1,-1,1,[5],[1],[2000],[50],,[220005],[133402],[206],[200402],,2,2,6,2,2,-1,,,,,
507230503,-1,,,,-1,-1,-1,1,[10],[1],[3000],[100],,[220005],[133402],[206],[200402],,2,2,6,2,2,-1,,,,,
507230504,-1,,,,-1,-1,-1,1,[15],[1],[4000],[100],,[220005],[133402],[206],[200402],,2,2,6,2,2,-1,,,,,
507230505,-1,,,,-1,-1,-1,1,[20],[2],[5000],[150],,[220005],[133402],[206],[200402],,2,2,6,2,2,-1,,,,,
507230506,-1,,,,-1,-1,-1,1,[10],[30],[2],[6000],,[151],[220005],[133402],[206],,2,2,2,6,2,-1,,,,,
507230507,-1,,,,-1,-1,-1,1,[10],[30],[3],[7000],,[151],[220005],[133402],[206],,2,2,2,6,2,-1,,,,,
507230508,-1,,,,-1,-1,-1,1,[20],[30],[40],[10000],,[151],[220005],[209002],[206],,2,2,2,2,2,-1,,,,,
507230509,-1,,,,-1,-1,-1,1,[10],[30],[40],[10000],,[152],[220005],[209002],[206],,2,2,2,2,2,-1,,,,,
508181201,-1,,,,-1,-1,-1,1,[5],[5],[1000],[50],,[220005],[209002],[206],[200402],,2,2,2,2,2,-1,,,,,
508181202,-1,,,,-1,-1,-1,1,[10],[10],[2000],[50],,[220005],[209002],[206],[200402],,2,2,2,2,2,-1,,,,,
508181203,-1,,,,-1,-1,-1,1,[15],[15],[3000],[100],,[220005],[209002],[206],[200402],,2,2,2,2,2,-1,,,,,
508181204,-1,,,,-1,-1,-1,1,[20],[20],[4000],[100],,[220005],[209002],[206],[200402],,2,2,2,2,2,-1,,,,,
508181205,-1,,,,-1,-1,-1,1,[25],[30],[5000],[150],,[220005],[209002],[206],[200402],,2,2,2,2,2,-1,,,,,
508181206,-1,,,,-1,-1,-1,1,[10],[30],[35],[6000],,[151],[220005],[209002],[206],,2,2,2,2,2,-1,,,,,
508181207,-1,,,,-1,-1,-1,1,[10],[30],[40],[7000],,[151],[220005],[209002],[206],,2,2,2,2,2,-1,,,,,
508181208,-1,,,,-1,-1,-1,1,[20],[30],[40],[10000],,[151],[220005],[209002],[206],,2,2,2,2,2,-1,,,,,
508181209,-1,,,,-1,-1,-1,1,[10],[30],[40],[10000],,[152],[220005],[209002],[206],,2,2,2,2,2,-1,,,,,
508181210,-1,,,,-1,-1,-1,1,[10],[20],[40],[10000],,[152],[220005],[209002],[206],,2,2,2,2,2,-1,,,,,
509056001,-1,,,,-1,-1,-1,1,[400],[1],[5],[10000],,[2],[23128],[220203],[237],,2,999,2,2,2,-1,,,,,
509166101,-1,,,,-1,-1,-1,1,[400],[1],[1],[3000],,[2],[23028],[502195001],[284],,2,999,2,2,2,-1,,,,,
509230001,-1,,,,-1,-1,-1,1,[1],[5],[5],[1000],,[50083],[220005],[209002],[206],,2,2,2,2,2,-1,,,,,
509230002,-1,,,,-1,-1,-1,1,[10],[10],[2000],[50],,[220005],[209002],[206],[200402],,2,2,2,2,2,-1,,,,,
509230003,-1,,,,-1,-1,-1,1,[15],[15],[3000],[100],,[220005],[209002],[206],[200402],,2,2,2,2,2,-1,,,,,
509230004,-1,,,,-1,-1,-1,1,[20],[20],[4000],[100],,[220005],[209002],[206],[200402],,2,2,2,2,2,-1,,,,,
509230005,-1,,,,-1,-1,-1,1,[25],[30],[5000],[150],,[220005],[209002],[206],[200402],,2,2,2,2,2,-1,,,,,
509230006,-1,,,,-1,-1,-1,1,[10],[30],[35],[6000],,[151],[220005],[209002],[206],,2,2,2,2,2,-1,,,,,
509230007,-1,,,,-1,-1,-1,1,[10],[30],[40],[7000],,[151],[220005],[209002],[206],,2,2,2,2,2,-1,,,,,
509230008,-1,,,,-1,-1,-1,1,[20],[30],[40],[10000],,[151],[220005],[209002],[206],,2,2,2,2,2,-1,,,,,
509230009,-1,,,,-1,-1,-1,1,[10],[30],[40],[10000],,[152],[220005],[209002],[206],,2,2,2,2,2,-1,,,,,
510146002,-1,,,,-1,-1,-1,1,[400],[1],[10],[50000],,[2],[23228],[238],[237],,2,999,2,2,2,-1,,,,,
510220001,-1,,,,-1,-1,-1,1,[5],[5],[1000],[50],,[220005],[209002],[206],[200402],,2,2,2,2,2,-1,,,,,
510220002,-1,,,,-1,-1,-1,1,[10],[10],[2000],[50],,[220005],[209002],[206],[200402],,2,2,2,2,2,-1,,,,,
510220003,-1,,,,-1,-1,-1,1,[15],[15],[3000],[100],,[220005],[209002],[206],[200402],,2,2,2,2,2,-1,,,,,
510220004,-1,,,,-1,-1,-1,1,[20],[20],[4000],[100],,[220005],[209002],[206],[200402],,2,2,2,2,2,-1,,,,,
510220005,-1,,,,-1,-1,-1,1,[25],[30],[5000],[150],,[220005],[209002],[206],[200402],,2,2,2,2,2,-1,,,,,
510220006,-1,,,,-1,-1,-1,1,[10],[30],[35],[6000],,[151],[220005],[209002],[206],,2,2,2,2,2,-1,,,,,
510220007,-1,,,,-1,-1,-1,1,[1],[10],[30],[40],,[33002],[151],[220005],[209002],,2,2,2,2,2,-1,,,,,
510220008,-1,,,,-1,-1,-1,1,[20],[30],[40],[10000],,[151],[220005],[209002],[206],,2,2,2,2,2,-1,,,,,
510220009,-1,,,,-1,-1,-1,1,[10],[30],[40],[10000],,[152],[220005],[209002],[206],,2,2,2,2,2,-1,,,,,
511111201,-1,,,,-1,-1,-1,1,[5],[5],[1000],[50],,[230001],[209002],[206],[200402],,2,2,2,2,2,-1,,,,,
511111202,-1,,,,-1,-1,-1,1,[10],[10],[2000],[50],,[230001],[209002],[206],[200402],,2,2,2,2,2,-1,,,,,
511111203,-1,,,,-1,-1,-1,1,[15],[15],[3000],[100],,[230001],[209002],[206],[200402],,2,2,2,2,2,-1,,,,,
511111204,-1,,,,-1,-1,-1,1,[20],[20],[4000],[100],,[230001],[209002],[206],[200402],,2,2,2,2,2,-1,,,,,
511111205,-1,,,,-1,-1,-1,1,[25],[30],[5000],[150],,[230001],[209002],[206],[200402],,2,2,2,2,2,-1,,,,,
511111206,-1,,,,-1,-1,-1,1,[10],[30],[35],[6000],,[151],[230001],[209002],[206],,2,2,2,2,2,-1,,,,,
511111207,-1,,,,-1,-1,-1,1,[10],[30],[40],[7000],,[151],[230001],[209002],[206],,2,2,2,2,2,-1,,,,,
511111208,-1,,,,-1,-1,-1,1,[20],[30],[40],[10000],,[151],[230001],[209002],[206],,2,2,2,2,2,-1,,,,,
511111209,-1,,,,-1,-1,-1,1,[10],[30],[40],[10000],,[152],[230001],[209002],[206],,2,2,2,2,2,-1,,,,,
511036007,-1,,,,-1,-1,-1,1,[10],,,,,[151],,,,,2,2,-1,-1,-1,-1,,,,,
511036017,-1,,,,-1,-1,-1,1,[10],,,,,[152],,,,,2,2,-1,-1,-1,-1,,,,,
512026111,-1,,,,-1,-1,-1,1,[30],[1|1|1|1|1|1|1|1|1|1|1|1|1|1|1|1|1|1|1],,,,[401081002],[23102|23103|23104|23105|23106|23101|23107|23108|23109|23111|23110|23112|23120|23126|23127|23128|23131|23133|23134],,,,5,2,2,-1,-1,-1,,,,,
512026112,-1,,,,-1,-1,-1,1,[30],[1|1|1|1|1|1|1|1|1|1|1|1|1|1|1|1|1|1|1],,,,[401081002],[23002|23003|23004|23005|23006|23001|23007|23008|23009|23011|23010|23012|23020|23026|23027|23028|23031|23033|23034],,,,5,2,2,-1,-1,-1,,,,,
512026113,-1,,,,-1,-1,-1,1,[30],[1|1|1|1|1|1|1|1|1|1|1|1|1|1|1|1|1|1|1],,,,[401081002],[23202|23203|23204|23205|23206|23201|23207|23208|23209|23211|23210|23212|23220|23226|23227|23228|23231|23233|23234],,,,5,2,2,-1,-1,-1,,,,,
512081001,-1,,,,-1,-1,-1,1,[20],,,,,[512040002],,,,,2,2,-1,-1,-1,-1,,,,,
512081002,-1,,,,-1,-1,-1,1,[4],,,,,[512040002],,,,,2,2,-1,-1,-1,-1,,,,,
512081003,-1,,,,-1,-1,-1,1,[4],,,,,[512040002],,,,,2,2,-1,-1,-1,-1,,,,,
512081004,-1,,,,-1,-1,-1,1,[4],,,,,[512040002],,,,,2,2,-1,-1,-1,-1,,,,,
512081005,-1,,,,-1,-1,-1,1,[1],,,,,[230001],,,,,2,2,-1,-1,-1,-1,,,,,
512081006,-1,,,,-1,-1,-1,1,[5],,,,,[404100005],,,,,2,2,-1,-1,-1,-1,,,,,
512081007,-1,,,,-1,-1,-1,1,[1],,,,,[230001],,,,,2,2,-1,-1,-1,-1,,,,,
512081008,-1,,,,-1,-1,-1,1,[1],,,,,[220005],,,,,2,2,-1,-1,-1,-1,,,,,
512081009,-1,,,,-1,-1,-1,1,[1],,,,,[100003],,,,,2,2,-1,-1,-1,-1,,,,,
512081010,-1,,,,-1,-1,-1,1,[5],,,,,[404100005],,,,,2,2,-1,-1,-1,-1,,,,,
512081011,-1,,,,-1,-1,-1,1,[1],,,,,[203034],,,,,2,2,-1,-1,-1,-1,,,,,
512081012,-1,,,,-1,-1,-1,1,[1],,,,,[203028],,,,,2,2,-1,-1,-1,-1,,,,,
512081013,-1,,,,-1,-1,-1,1,[1],,,,,[203025],,,,,2,2,-1,-1,-1,-1,,,,,
512081014,-1,,,,-1,-1,-1,1,[1],,,,,[203031],,,,,2,2,-1,-1,-1,-1,,,,,
512081015,-1,,,,-1,-1,-1,1,[1],,,,,[206304],,,,,2,2,-1,-1,-1,-1,,,,,
512081016,-1,,,,-1,-1,-1,1,[1],,,,,[206304],,,,,2,2,-1,-1,-1,-1,,,,,
512081017,-1,,,,-1,-1,-1,1,[1],,,,,[206304],,,,,2,2,-1,-1,-1,-1,,,,,
512081018,-1,,,,-1,-1,-1,1,[1],,,,,[206304],,,,,2,2,-1,-1,-1,-1,,,,,
512081019,-1,,,,-1,-1,-1,1,[5],,,,,[404100005],,,,,2,2,-1,-1,-1,-1,,,,,
512081020,-1,,,,-1,-1,-1,1,[5],,,,,[404100005],,,,,2,2,-1,-1,-1,-1,,,,,
512081021,-1,,,,-1,-1,-1,1,[200],,,,,[206],,,,,2,2,-1,-1,-1,-1,,,,,
512081022,-1,,,,-1,-1,-1,1,[200],,,,,[206],,,,,2,2,-1,-1,-1,-1,,,,,
512081101,-1,,,,-1,-1,-1,1,[30],,,,,[512040002],,,,,2,2,-1,-1,-1,-1,,,,,
512081102,-1,,,,-1,-1,-1,1,[8],,,,,[512040002],,,,,2,2,-1,-1,-1,-1,,,,,
512081103,-1,,,,-1,-1,-1,1,[8],,,,,[512040002],,,,,2,2,-1,-1,-1,-1,,,,,
512081104,-1,,,,-1,-1,-1,1,[8],,,,,[512040002],,,,,2,2,-1,-1,-1,-1,,,,,
512081105,-1,,,,-1,-1,-1,1,[1],,,,,[230001],,,,,2,2,-1,-1,-1,-1,,,,,
512081106,-1,,,,-1,-1,-1,1,[10],,,,,[404100005],,,,,2,2,-1,-1,-1,-1,,,,,
512081107,-1,,,,-1,-1,-1,1,[1],,,,,[230001],,,,,2,2,-1,-1,-1,-1,,,,,
512081108,-1,,,,-1,-1,-1,1,[1],,,,,[220005],,,,,2,2,-1,-1,-1,-1,,,,,
512081109,-1,,,,-1,-1,-1,1,[1],,,,,[100003],,,,,2,2,-1,-1,-1,-1,,,,,
512081110,-1,,,,-1,-1,-1,1,[10],,,,,[404100005],,,,,2,2,-1,-1,-1,-1,,,,,
512081111,-1,,,,-1,-1,-1,1,[1],,,,,[203034],,,,,2,2,-1,-1,-1,-1,,,,,
512081112,-1,,,,-1,-1,-1,1,[1],,,,,[203028],,,,,2,2,-1,-1,-1,-1,,,,,
512081113,-1,,,,-1,-1,-1,1,[1],,,,,[203025],,,,,2,2,-1,-1,-1,-1,,,,,
512081114,-1,,,,-1,-1,-1,1,[1],,,,,[203031],,,,,2,2,-1,-1,-1,-1,,,,,
512081115,-1,,,,-1,-1,-1,1,[2],,,,,[206304],,,,,2,2,-1,-1,-1,-1,,,,,
512081116,-1,,,,-1,-1,-1,1,[2],,,,,[206304],,,,,2,2,-1,-1,-1,-1,,,,,
512081117,-1,,,,-1,-1,-1,1,[2],,,,,[206304],,,,,2,2,-1,-1,-1,-1,,,,,
512081118,-1,,,,-1,-1,-1,1,[2],,,,,[206304],,,,,2,2,-1,-1,-1,-1,,,,,
512081119,-1,,,,-1,-1,-1,1,[10],,,,,[404100005],,,,,2,2,-1,-1,-1,-1,,,,,
512081120,-1,,,,-1,-1,-1,1,[10],,,,,[404100005],,,,,2,2,-1,-1,-1,-1,,,,,
512081121,-1,,,,-1,-1,-1,1,[200],,,,,[206],,,,,2,2,-1,-1,-1,-1,,,,,
512081122,-1,,,,-1,-1,-1,1,[200],,,,,[206],,,,,2,2,-1,-1,-1,-1,,,,,
512081201,-1,,,,-1,-1,-1,1,[40],,,,,[512040002],,,,,2,2,-1,-1,-1,-1,,,,,
512081202,-1,,,,-1,-1,-1,1,[12],,,,,[512040002],,,,,2,2,-1,-1,-1,-1,,,,,
512081203,-1,,,,-1,-1,-1,1,[12],,,,,[512040002],,,,,2,2,-1,-1,-1,-1,,,,,
512081204,-1,,,,-1,-1,-1,1,[12],,,,,[512040002],,,,,2,2,-1,-1,-1,-1,,,,,
512081205,-1,,,,-1,-1,-1,1,[2],,,,,[230001],,,,,2,2,-1,-1,-1,-1,,,,,
512081206,-1,,,,-1,-1,-1,1,[15],,,,,[404100005],,,,,2,2,-1,-1,-1,-1,,,,,
512081207,-1,,,,-1,-1,-1,1,[2],,,,,[230001],,,,,2,2,-1,-1,-1,-1,,,,,
512081208,-1,,,,-1,-1,-1,1,[2],,,,,[220005],,,,,2,2,-1,-1,-1,-1,,,,,
512081209,-1,,,,-1,-1,-1,1,[2],,,,,[100003],,,,,2,2,-1,-1,-1,-1,,,,,
512081210,-1,,,,-1,-1,-1,1,[15],,,,,[404100005],,,,,2,2,-1,-1,-1,-1,,,,,
512081211,-1,,,,-1,-1,-1,1,[2],,,,,[203034],,,,,2,2,-1,-1,-1,-1,,,,,
512081212,-1,,,,-1,-1,-1,1,[2],,,,,[203028],,,,,2,2,-1,-1,-1,-1,,,,,
512081213,-1,,,,-1,-1,-1,1,[2],,,,,[203025],,,,,2,2,-1,-1,-1,-1,,,,,
512081214,-1,,,,-1,-1,-1,1,[2],,,,,[203031],,,,,2,2,-1,-1,-1,-1,,,,,
512081215,-1,,,,-1,-1,-1,1,[3],,,,,[206304],,,,,2,2,-1,-1,-1,-1,,,,,
512081216,-1,,,,-1,-1,-1,1,[3],,,,,[206304],,,,,2,2,-1,-1,-1,-1,,,,,
512081217,-1,,,,-1,-1,-1,1,[3],,,,,[206304],,,,,2,2,-1,-1,-1,-1,,,,,
512081218,-1,,,,-1,-1,-1,1,[3],,,,,[206304],,,,,2,2,-1,-1,-1,-1,,,,,
512081219,-1,,,,-1,-1,-1,1,[15],,,,,[404100005],,,,,2,2,-1,-1,-1,-1,,,,,
512081220,-1,,,,-1,-1,-1,1,[15],,,,,[404100005],,,,,2,2,-1,-1,-1,-1,,,,,
512081221,-1,,,,-1,-1,-1,1,[400],,,,,[206],,,,,2,2,-1,-1,-1,-1,,,,,
512081222,-1,,,,-1,-1,-1,1,[400],,,,,[206],,,,,2,2,-1,-1,-1,-1,,,,,
512081301,-1,,,,-1,-1,-1,1,[50],,,,,[512040002],,,,,2,2,-1,-1,-1,-1,,,,,
512081302,-1,,,,-1,-1,-1,1,[16],,,,,[512040002],,,,,2,2,-1,-1,-1,-1,,,,,
512081303,-1,,,,-1,-1,-1,1,[16],,,,,[512040002],,,,,2,2,-1,-1,-1,-1,,,,,
512081304,-1,,,,-1,-1,-1,1,[16],,,,,[512040002],,,,,2,2,-1,-1,-1,-1,,,,,
512081305,-1,,,,-1,-1,-1,1,[3],,,,,[230001],,,,,2,2,-1,-1,-1,-1,,,,,
512081306,-1,,,,-1,-1,-1,1,[20],,,,,[404100005],,,,,2,2,-1,-1,-1,-1,,,,,
512081307,-1,,,,-1,-1,-1,1,[3],,,,,[230001],,,,,2,2,-1,-1,-1,-1,,,,,
512081308,-1,,,,-1,-1,-1,1,[3],,,,,[220005],,,,,2,2,-1,-1,-1,-1,,,,,
512081309,-1,,,,-1,-1,-1,1,[3],,,,,[100003],,,,,2,2,-1,-1,-1,-1,,,,,
512081310,-1,,,,-1,-1,-1,1,[20],,,,,[404100005],,,,,2,2,-1,-1,-1,-1,,,,,
512081311,-1,,,,-1,-1,-1,1,[3],,,,,[203034],,,,,2,2,-1,-1,-1,-1,,,,,
512081312,-1,,,,-1,-1,-1,1,[3],,,,,[203028],,,,,2,2,-1,-1,-1,-1,,,,,
512081313,-1,,,,-1,-1,-1,1,[3],,,,,[203025],,,,,2,2,-1,-1,-1,-1,,,,,
512081314,-1,,,,-1,-1,-1,1,[3],,,,,[203031],,,,,2,2,-1,-1,-1,-1,,,,,
512081315,-1,,,,-1,-1,-1,1,[4],,,,,[206304],,,,,2,2,-1,-1,-1,-1,,,,,
512081316,-1,,,,-1,-1,-1,1,[4],,,,,[206304],,,,,2,2,-1,-1,-1,-1,,,,,
512081317,-1,,,,-1,-1,-1,1,[4],,,,,[206304],,,,,2,2,-1,-1,-1,-1,,,,,
512081318,-1,,,,-1,-1,-1,1,[4],,,,,[206304],,,,,2,2,-1,-1,-1,-1,,,,,
512081319,-1,,,,-1,-1,-1,1,[20],,,,,[404100005],,,,,2,2,-1,-1,-1,-1,,,,,
512081320,-1,,,,-1,-1,-1,1,[20],,,,,[404100005],,,,,2,2,-1,-1,-1,-1,,,,,
512081321,-1,,,,-1,-1,-1,1,[600],,,,,[206],,,,,2,2,-1,-1,-1,-1,,,,,
512081322,-1,,,,-1,-1,-1,1,[600],,,,,[206],,,,,2,2,-1,-1,-1,-1,,,,,
512081401,-1,,,,-1,-1,-1,1,[55],,,,,[512040002],,,,,2,2,-1,-1,-1,-1,,,,,
512081402,-1,,,,-1,-1,-1,1,[18],,,,,[512040002],,,,,2,2,-1,-1,-1,-1,,,,,
512081403,-1,,,,-1,-1,-1,1,[18],,,,,[512040002],,,,,2,2,-1,-1,-1,-1,,,,,
512081404,-1,,,,-1,-1,-1,1,[18],,,,,[512040002],,,,,2,2,-1,-1,-1,-1,,,,,
512081405,-1,,,,-1,-1,-1,1,[4],,,,,[230001],,,,,2,2,-1,-1,-1,-1,,,,,
512081406,-1,,,,-1,-1,-1,1,[25],,,,,[404100005],,,,,2,2,-1,-1,-1,-1,,,,,
512081407,-1,,,,-1,-1,-1,1,[4],,,,,[230001],,,,,2,2,-1,-1,-1,-1,,,,,
512081408,-1,,,,-1,-1,-1,1,[4],,,,,[220005],,,,,2,2,-1,-1,-1,-1,,,,,
512081409,-1,,,,-1,-1,-1,1,[4],,,,,[100003],,,,,2,2,-1,-1,-1,-1,,,,,
512081410,-1,,,,-1,-1,-1,1,[25],,,,,[404100005],,,,,2,2,-1,-1,-1,-1,,,,,
512081411,-1,,,,-1,-1,-1,1,[4],,,,,[203034],,,,,2,2,-1,-1,-1,-1,,,,,
512081412,-1,,,,-1,-1,-1,1,[4],,,,,[203028],,,,,2,2,-1,-1,-1,-1,,,,,
512081413,-1,,,,-1,-1,-1,1,[4],,,,,[203025],,,,,2,2,-1,-1,-1,-1,,,,,
512081414,-1,,,,-1,-1,-1,1,[4],,,,,[203031],,,,,2,2,-1,-1,-1,-1,,,,,
512081415,-1,,,,-1,-1,-1,1,[5],,,,,[206304],,,,,2,2,-1,-1,-1,-1,,,,,
512081416,-1,,,,-1,-1,-1,1,[5],,,,,[206304],,,,,2,2,-1,-1,-1,-1,,,,,
512081417,-1,,,,-1,-1,-1,1,[5],,,,,[206304],,,,,2,2,-1,-1,-1,-1,,,,,
512081418,-1,,,,-1,-1,-1,1,[5],,,,,[206304],,,,,2,2,-1,-1,-1,-1,,,,,
512081419,-1,,,,-1,-1,-1,1,[25],,,,,[404100005],,,,,2,2,-1,-1,-1,-1,,,,,
512081420,-1,,,,-1,-1,-1,1,[25],,,,,[404100005],,,,,2,2,-1,-1,-1,-1,,,,,
512081421,-1,,,,-1,-1,-1,1,[700],,,,,[206],,,,,2,2,-1,-1,-1,-1,,,,,
512081422,-1,,,,-1,-1,-1,1,[700],,,,,[206],,,,,2,2,-1,-1,-1,-1,,,,,
512140401,-1,,,,-1,-1,-1,1,[5],[5],[1000],[50],,[230001],[209002],[206],[200402],,2,2,2,2,2,-1,,,,,
512140402,-1,,,,-1,-1,-1,1,[10],[10],[2000],[50],,[230001],[209002],[206],[200402],,2,2,2,2,2,-1,,,,,
512140403,-1,,,,-1,-1,-1,1,[15],[15],[3000],[100],,[230001],[209002],[206],[200402],,2,2,2,2,2,-1,,,,,
512140404,-1,,,,-1,-1,-1,1,[20],[20],[4000],[100],,[230001],[209002],[206],[200402],,2,2,2,2,2,-1,,,,,
512140405,-1,,,,-1,-1,-1,1,[25],[30],[5000],[150],,[230001],[209002],[206],[200402],,2,2,2,2,2,-1,,,,,
512140406,-1,,,,-1,-1,-1,1,[10],[30],[35],[6000],,[151],[230001],[209002],[206],,2,2,2,2,2,-1,,,,,
512140407,-1,,,,-1,-1,-1,1,[1],[10],[30],[40],,[33004],[151],[230001],[209002],,2,2,2,2,2,-1,,,,,
512140408,-1,,,,-1,-1,-1,1,[20],[30],[40],[10000],,[151],[230001],[209002],[206],,2,2,2,2,2,-1,,,,,
512140409,-1,,,,-1,-1,-1,1,[10],[30],[40],[10000],,[152],[230001],[209002],[206],,2,2,2,2,2,-1,,,,,
512140410,-1,,,,-1,-1,-1,1,[5],[10],[30],[40],,[152],[151],[230001],[209002],,2,2,2,2,2,-1,,,,,
601050001,-1,,,,-1,-1,-1,1,[400],[100],[30],[500],,[2],[404100005],[510300001],[295],,2,999,2,2,2,-1,,,,,
601050002,-1,,,,-1,-1,-1,1,[400],[100],[30],[10],,[2],[404100005],[510300001],[230002],,2,999,2,2,2,-1,,,,,
601050003,-1,,,,-1,-1,-1,1,[400],[100],[30],[500],,[2],[404100005],[510300001],[295],,2,999,2,2,2,-1,,,,,
601050004,-1,,,,-1,-1,-1,1,[400],[100],[30],[10],,[2],[404100005],[510300001],[230002],,2,999,2,2,2,-1,,,,,
601050005,-1,,,,-1,-1,-1,1,[800],[200],[50],[1000],,[2],[404100005],[510300001],[295],,2,999,2,2,2,-1,,,,,
601050006,-1,,,,-1,-1,-1,1,[2400],[400],[100],[2000],,[2],[404100005],[510300001],[295],,2,999,2,2,2,-1,,,,,
601050007,-1,,,,-1,-1,-1,1,[2400],[400],[100],[40],,[2],[404100005],[510300001],[230002],,2,999,2,2,2,-1,,,,,
601050008,-1,,,,-1,-1,-1,1,[2400],[400],[100],[2000],,[2],[404100005],[510300001],[295],,2,999,2,2,2,-1,,,,,
601050009,-1,,,,-1,-1,-1,1,[4000],[800],[250],[100],,[2],[404100005],[510300001],[230002],,2,999,2,2,2,-1,,,,,
601050010,-1,,,,-1,-1,-1,1,[4000],[800],[250],[5000],,[2],[404100005],[510300001],[295],,2,999,2,2,2,-1,,,,,
601140401,-1,,,,-1,-1,-1,1,[5],[5],[1000],[50],,[230001],[209002],[206],[200402],,2,2,2,2,2,-1,,,,,
601140402,-1,,,,-1,-1,-1,1,[10],[10],[2000],[50],,[230001],[209002],[206],[200402],,2,2,2,2,2,-1,,,,,
601140403,-1,,,,-1,-1,-1,1,[15],[15],[3000],[100],,[230001],[209002],[206],[200402],,2,2,2,2,2,-1,,,,,
601140404,-1,,,,-1,-1,-1,1,[20],[20],[4000],[100],,[230001],[209002],[206],[200402],,2,2,2,2,2,-1,,,,,
601140405,-1,,,,-1,-1,-1,1,[25],[30],[5000],[150],,[230001],[209002],[206],[200402],,2,2,2,2,2,-1,,,,,
601140406,-1,,,,-1,-1,-1,1,[10],[30],[35],[6000],,[151],[220005],[209002],[206],,2,2,2,2,2,-1,,,,,
601140407,-1,,,,-1,-1,-1,1,[1],[10],[30],[40],,[33003],[151],[230001],[209002],,2,2,2,2,2,-1,,,,,
601140408,-1,,,,-1,-1,-1,1,[20],[30],[40],[10000],,[151],[220005],[209002],[206],,2,2,2,2,2,-1,,,,,
601140409,-1,,,,-1,-1,-1,1,[10],[30],[40],[10000],,[152],[220005],[209002],[206],,2,2,2,2,2,-1,,,,,
601140410,-1,,,,-1,-1,-1,1,[5],[10],[30],[40],,[152],[151],[230001],[209002],,2,2,2,2,2,-1,,,,,
603190002,-1,,,,-1,-1,-1,1,[800],[5],[15],[5],[60],[2],[407090001],[159],[200405],[200402],2,999,2,2,2,2,,,,,
604092081,-1,,,,-1,-1,-1,1,[5],[5],[1000],[50],,[230001],[209002],[206],[200402],,2,2,2,2,2,-1,,,,,
604092082,-1,,,,-1,-1,-1,1,[10],[10],[2000],[50],,[230001],[209002],[206],[200402],,2,2,2,2,2,-1,,,,,
604092083,-1,,,,-1,-1,-1,1,[15],[15],[3000],[100],,[230001],[209002],[206],[200402],,2,2,2,2,2,-1,,,,,
604092084,-1,,,,-1,-1,-1,1,[20],[20],[4000],[100],,[230001],[209002],[206],[200402],,2,2,2,2,2,-1,,,,,
604092085,-1,,,,-1,-1,-1,1,[25],[30],[5000],[150],,[230001],[209002],[206],[200402],,2,2,2,2,2,-1,,,,,
604092086,-1,,,,-1,-1,-1,1,[10],[30],[35],[6000],,[151],[220005],[209002],[206],,2,2,2,2,2,-1,,,,,
604092087,-1,,,,-1,-1,-1,1,[1],[10],[30],[40],,[33008],[151],[220005],[209002],,2,2,2,2,2,-1,,,,,
604092088,-1,,,,-1,-1,-1,1,[20],[30],[40],[10000],,[151],[220005],[209002],[206],,2,2,2,2,2,-1,,,,,
604092089,-1,,,,-1,-1,-1,1,[10],[30],[40],[10000],,[152],[220005],[209002],[206],,2,2,2,2,2,-1,,,,,
604092090,-1,,,,-1,-1,-1,1,[5],[10],[30],[40],,[152],[151],[230001],[209002],,2,2,2,2,2,-1,,,,,
605160401,-1,,,,-1,-1,-1,1,[5],[5],[10],[50],,[230001],[209002],[203037],[200402],,2,2,2,2,2,-1,,,,,
605160402,-1,,,,-1,-1,-1,1,[10],[10],[20],[50],,[230001],[209002],[203037],[200402],,2,2,2,2,2,-1,,,,,
605160403,-1,,,,-1,-1,-1,1,[15],[15],[30],[100],,[230001],[209002],[203037],[200402],,2,2,2,2,2,-1,,,,,
605160404,-1,,,,-1,-1,-1,1,[20],[20],[40],[100],,[230001],[209002],[203037],[200402],,2,2,2,2,2,-1,,,,,
605160405,-1,,,,-1,-1,-1,1,[25],[30],[50],[150],,[230001],[209002],[203037],[200402],,2,2,2,2,2,-1,,,,,
605160406,-1,,,,-1,-1,-1,1,[10],[30],[35],[60],,[151],[220005],[209002],[203037],,2,2,2,2,2,-1,,,,,
605160407,-1,,,,-1,-1,-1,1,[1],[10],[30],[40],,[33009],[151],[220005],[209002],,2,2,2,2,2,-1,,,,,
605160408,-1,,,,-1,-1,-1,1,[20],[30],[40],[100],,[151],[220005],[209002],[203037],,2,2,2,2,2,-1,,,,,
605160409,-1,,,,-1,-1,-1,1,[10],[30],[40],[100],,[152],[220005],[209002],[203037],,2,2,2,2,2,-1,,,,,
605160410,-1,,,,-1,-1,-1,1,[5],[10],[30],[100],,[152],[151],[230001],[203037],,2,2,2,2,2,-1,,,,,
606165701,-1,,,,-1,-1,-1,1,[5],[5],[10],[50],,[230001],[209002],[203037],[200402],,2,2,2,2,2,-1,,,,,
606165702,-1,,,,-1,-1,-1,1,[10],[10],[20],[50],,[230001],[209002],[203037],[200402],,2,2,2,2,2,-1,,,,,
606165703,-1,,,,-1,-1,-1,1,[1],[15],[30],[100],,[150501],[230001],[203037],[200402],,2,6,2,2,2,-1,,,,,
606165704,-1,,,,-1,-1,-1,1,[20],[20],[40],[100],,[230001],[209002],[203037],[200402],,2,2,2,2,2,-1,,,,,
606165705,-1,,,,-1,-1,-1,1,[25],[30],[50],[150],,[230001],[209002],[203037],[200402],,2,2,2,2,2,-1,,,,,
606165706,-1,,,,-1,-1,-1,1,[10],[30],[35],[60],,[151],[220005],[209002],[203037],,2,2,2,2,2,-1,,,,,
606165707,-1,,,,-1,-1,-1,1,[1],[10],[30],[40],,[601130010],[151],[220005],[209002],,2,2,2,2,2,-1,,,,,
606165708,-1,,,,-1,-1,-1,1,[20],[30],[40],[100],,[151],[220005],[209002],[203037],,2,2,2,2,2,-1,,,,,
606165709,-1,,,,-1,-1,-1,1,[10],[30],[40],[100],,[152],[220005],[209002],[203037],,2,2,2,2,2,-1,,,,,
606165710,-1,,,,-1,-1,-1,1,[5],[10],[30],[100],,[152],[151],[230001],[203037],,2,2,2,2,2,-1,,,,,
