id,build_limit,fresh,fresh_para,group,hot,item,level_max,level_min,mutex_group,price,price_ori,sell,sell_lifetime,sell_show,tech_limit,unlock_building,unlock_desc,unlock_tech,unlock_vip,weight
10110001,[],0,-1,101,-1,2|10001|1,999,1,-1,999|2|10,,1,-1,-1,[],,,,-1,1166
10210001,[],0,-1,102,-1,2|10001|1,999,1,-1,999|2|10,,1,-1,-1,[],,,,-1,1166
10310001,[],0,-1,103,-1,2|10001|1,999,1,-1,999|2|10,,1,-1,-1,[],,,,-1,1166
10410001,[],0,-1,104,-1,2|10001|1,999,1,-1,999|2|10,,1,-1,-1,[],,,,-1,1166
10510001,[],0,-1,105,-1,2|10001|1,999,1,-1,999|2|10,,1,-1,-1,[],,,,-1,1166
10610001,[],0,-1,106,-1,2|10001|1,999,1,-1,999|2|10,,1,-1,-1,[],,,,-1,1166
201110101,[],1,-1,201,-1,4|224000|1,999,1,-1,999|11|50,,1,-1,-1,[],,,,-1,5000
202110101,[],1,-1,202,-1,4|321000|1,999,1,-1,999|11|50,,1,-1,-1,[],,,,-1,5000
203110101,[],1,-1,203,-1,4|524100|1,999,1,-1,999|11|50,,1,-1,-1,[],,,,-1,5000
204110101,[],1,-1,204,-1,4|221200|1,999,1,-1,999|11|50,,1,-1,-1,[],,,,-1,5000
205110101,[],1,-1,205,-1,4|524030|1,999,1,-1,999|11|50,,1,-1,-1,[],,,,-1,5000
206110101,[],1,-1,206,-1,4|221130|1,999,1,-1,999|11|50,,1,-1,-1,[],,,,-1,5000
207110101,[],1,-1,207,-1,4|523120|1,999,1,-1,999|11|50,,1,-1,-1,[],,,,-1,5000
208110101,[],1,-1,208,-1,4|524120|1,999,1,-1,999|11|50,,1,-1,-1,[],,,,-1,5000
209110101,[],1,-1,209,-1,4|221220|1,999,1,-1,999|11|50,,1,-1,-1,[],,,,-1,5000
301000001,[],1,-1,301,-1,2|201|1,999,1,-1,999|2|240,999|2|300,2,-1,-1,[],,,,-1,1
302000001,[],1,-1,302,-1,2|100002|1,999,1,-1,999|2|100,999|2|200,1,-1,-1,[],,,,-1,1
303000001,[],1,-1,303,-1,2|210002|5,999,1,-1,999|2|250,,1,-1,-1,[],,,,-1,1
304000001,[],1,-1,304,-1,2|210003|1,999,1,-1,999|2|150,999|2|200,1,-1,-1,[],,,,-1,1
305000001,[],1,-1,305,-1,2|241|25,999,1,-1,999|2|60,999|2|75,1,-1,-1,[],,,,-1,1
306000001,[],1,-1,306,-1,2|242|25,999,1,-1,999|2|60,999|2|75,1,-1,-1,[],,,,-1,1
307000001,[],1,-1,307,-1,2|201001|1,999,1,-1,999|2|75,999|2|150,1,-1,-1,[],,,,-1,1
308000001,[],1,-1,308,-1,2|201002|1,999,1,-1,999|2|280,999|2|400,1,-1,-1,[],,,,-1,1
309000001,[],1,-1,309,-1,2|243|25,999,1,-1,999|2|60,999|2|75,1,-1,-1,[],,,,-1,1
310000001,[],1,-1,310,-1,999|4|400,999,1,-1,999|2|1,,999999999,-1,-1,[],,,,-1,1
311000001,[],1,-1,311,-1,999|5|400,999,1,-1,999|2|1,,999999999,-1,-1,[],,,,-1,1
312000001,[],1,-1,312,-1,999|6|20,999,1,-1,999|2|1,,999999999,-1,-1,[],,,,-1,1
313000001,[],1,-1,313,-1,2|203|10,999,1,-1,999|2|100,,20,-1,-1,[],,,,-1,1
314000001,[],1,-1,314,-1,2|301|10,999,1,-1,999|11|250,,999,-1,-1,[],,,,-1,1
315000001,[],1,-1,315,-1,2|301|1,999,1,-1,999|2|25,999|2|50,20,-1,-1,[],,,,-1,1
316000001,[],1,-1,316,-1,2|206|100,999,1,-1,999|2|50,999|2|800,6,-1,-1,[],,,,-1,1
317000001,[],1,-1,317,-1,2|161004|1,999,1,-1,999|2|20,,10,-1,-1,[],,,,-1,1
318000001,[],1,-1,318,-1,2|161005|1,999,1,-1,999|2|200,,10,-1,-1,[],,,,-1,1
319000001,[],1,-1,319,-1,2|241|1,999,1,-1,999|2|3,,999999999,-1,-1,[],,,,-1,1
320000001,[],1,-1,320,-1,2|242|1,999,1,-1,999|2|3,,999999999,-1,-1,[],,,,-1,1
321000001,[],1,-1,321,-1,2|243|1,999,1,-1,999|2|3,,999999999,-1,-1,[],,,,-1,1
322000001,[],1,-1,322,-1,2|202001|1,999,1,-1,999|2|60,999|2|200,1,-1,-1,[],,,,-1,1
323000001,[],1,-1,323,-1,999|3|100,999,1,-1,999|2|1,,999999999,-1,-1,[],,,,-1,1
324000001,[],1,-1,324,-1,2|200|1,999,1,-1,999|2|50,,10,-1,-1,[],,,,-1,1
325000001,[],1,-1,325,-1,2|200402|1,999,1,-1,999|2|10,999|2|15,30,-1,-1,[],,,,-1,1
326000001,[],1,-1,326,-1,2|12210100|1,999,1,-1,999|2|5000,999|2|10000,1,-1,-1,[],,,,-1,1
327000001,[],1,-1,327,-1,999|4|400,999,1,-1,999|2|1,,999999999,-1,-1,[],,,,-1,1
328000001,[],1,-1,328,-1,999|5|400,999,1,-1,999|2|1,,999999999,-1,-1,[],,,,-1,1
329000001,[],1,-1,329,-1,999|6|200,999,1,-1,999|2|1,,999999999,-1,-1,[],,,,-1,1
330000001,[],1,-1,330,-1,999|3|100,999,1,-1,999|2|1,,999999999,-1,-1,[],,,,-1,1
332000001,[],1,-1,332,-1,2|284|50,999,1,-1,999|2|16,999|2|20,3,-1,-1,[],,,,-1,1
333000001,[],1,-1,333,-1,2|220005|1,999,1,-1,999|2|300,999|2|450,1,-1,-1,[],,,,8,1
334000001,[],1,-1,334,-1,2|203035|1,999,1,-1,999|2|380,999|2|760,3,-1,-1,[],,,,7,1
335000001,[],1,-1,335,-1,2|251|1,999,1,-1,999|2|2000,999|2|5000,1,-1,-1,[],,,,10,1
336000001,[],1,-1,336,-1,2|208|1,999,1,-1,999|2|100,,9999,-1,-1,[],,,,-1,1
401000001,[],2,-1,401,-1,999|11|100,999,1,-1,999|10|100,,1,-1,-1,[],,,,-1,1
402000001,[],2,-1,402,-1,999|2|200,999,1,-1,999|10|200,,1,-1,-1,[],,,,-1,1
403000001,[],2,-1,403,-1,999|2|200,999,1,-1,999|10|200,,1,-1,-1,[202|1],,,[202|1],-1,1
404000001,[],2,-1,404,-1,999|2|200,999,1,-1,999|10|200,,1,-1,-1,[204|1],,,[204|1],-1,1
405000001,[],2,-1,405,-1,999|2|200,999,1,-1,999|10|200,,1,-1,-1,[206|1],,,[206|1],-1,1
406000001,[],2,-1,406,-1,999|2|200,999,1,-1,999|10|200,,1,-1,-1,[208|1],,,[208|1],-1,1
407000001,[],2,-1,407,-1,999|2|200,999,1,-1,999|10|200,,1,-1,-1,[210|1],,,[210|1],-1,1
408000001,[],2,-1,408,-1,999|2|200,999,1,-1,999|10|200,,1,-1,-1,[212|1],,,[212|1],-1,1
409000001,[],2,-1,409,-1,999|2|200,999,1,-1,999|10|200,,1,-1,-1,[214|1],,,[214|1],-1,1
410000001,[],2,-1,410,-1,2|201001|1,999,1,-1,999|10|150,,1,-1,-1,[],,,,-1,1
411000001,[],2,-1,411,-1,2|401|1,999,1,-1,999|10|2000,,1,-1,-1,[],,,,-1,1
412000001,[],1,-1,412,-1,2|402|1,999,1,-1,999|10|300,,2,-1,-1,[],,,,-1,1
413000001,[],1,-1,413,-1,2|202001|1,999,1,-1,999|10|400,,1,-1,-1,[],,,,-1,1
414000001,[],1,-1,414,-1,2|202002|1,999,1,-1,999|10|800,,1,-1,-1,[],,,,-1,1
441000001,[],1,-1,441,-1,2|154|600,999,1,-1,999|10|300,,1,-1,-1,[],,,,-1,1
442000001,[],1,-1,442,-1,2|237|3000,999,1,-1,999|10|100,,1,-1,-1,[],,,,-1,1
443000001,[],1,-1,443,-1,2|284|150,999,1,-1,999|10|50,,1,-1,-1,[],,,,-1,1
444000001,[],1,-1,444,-1,2|159|1,999,1,-1,999|10|100,,5,-1,-1,[],,,,-1,1
415000001,[],2,-1,415,-1,2|206106|1,999,1,-1,999|10|50,999|10|100,10,-1,-1,[],,,,-1,1
416000001,[],2,-1,416,-1,2|206206|1,999,1,-1,999|10|50,999|10|100,10,-1,-1,[],,,,-1,1
417000001,[],2,-1,417,-1,2|100002|1,999,1,-1,999|10|400,,2,-1,-1,[],,,,-1,1
418000001,[],2,-1,418,-1,2|202003|1,999,1,-1,999|10|2500,,1,-1,-1,[],,,,-1,1
419000001,[],2,-1,419,-1,2|203025|1,999,1,-1,999|10|50,999|10|200,20,-1,-1,[],,,,-1,1
420000001,[],2,-1,420,-1,2|203028|1,999,1,-1,999|10|50,999|10|200,20,-1,-1,[],,,,-1,1
421000001,[],2,-1,421,-1,2|203034|1,999,1,-1,999|10|50,999|10|200,20,-1,-1,[],,,,-1,1
422000001,[],2,-1,422,-1,2|10004|10,999,999,-1,999|10|50,,10,-1,-1,[],,,,-1,1
423000001,[],2,-1,423,-1,2|207001|1,999,1,-1,999|10|50,,20,-1,-1,[],,,,-1,1
424000001,[],2,-1,424,-1,2|200005|1,999,1,-1,999|10|200,,10,-1,-1,[],,,,-1,1
425000001,[],2,-1,425,-1,2|200105|1,999,1,-1,999|10|200,,10,-1,-1,[],,,,-1,1
426000001,[],2,-1,426,-1,2|200205|1,999,1,-1,999|10|200,,10,-1,-1,[],,,,-1,1
427000001,[],2,-1,427,-1,2|200305|1,999,1,-1,999|10|200,,10,-1,-1,[],,,,-1,1
428000001,[],2,-1,428,-1,2|200205|1,999,1,-1,999|10|100,999|10|200,5,-1,-1,[],,,,-1,1
429000001,[],2,-1,429,-1,2|403|1,999,1,-1,999|10|600,,2,-1,-1,[],,,,-1,1
430000001,[],2,-1,430,-1,2|236|1,999,1,-1,999|10|300,,30,-1,-1,[202|1],,,[202|1],-1,1
431000001,[],2,-1,431,-1,2|405230001|1,999,1,-1,999|10|100,,20,-1,-1,[204|1],,,[204|1],-1,1
432000001,[],2,-1,432,-1,2|405230003|1,999,1,-1,999|10|800,,5,-1,-1,[206|1],,,[206|1],-1,1
433000001,[],2,-1,433,-1,2|238|1,999,1,-1,999|10|600,,10,-1,-1,[208|1],,,[208|1],-1,1
434000001,[],2,-1,434,-1,2|404100005|1,999,1,-1,999|10|80,,20,-1,-1,[214|1],,,[214|1],-1,1
435000001,[],2,-1,435,-1,2|404100004|1,999,1,-1,999|10|20,,70,-1,-1,[212|1],,,[212|1],-1,1
436000001,[],2,-1,436,-1,2|404100003|1,999,1,-1,999|10|10,,100,-1,-1,[210|1],,,[210|1],-1,1
437000001,[],2,-1,437,-1,2|282|1,999,1,-1,999|10|500,,30,-1,-1,[206|1],,,[206|1],-1,1
438000001,[],2,-1,438,-1,2|282|1,999,1,-1,999|10|240,,4,-1,-1,[206|1],,,[206|1],-1,1
439000001,[],2,-1,439,-1,2|283|1,999,1,-1,999|10|4000,999|10|8000,2,-1,-1,[],,,,-1,1
440000001,[],2,-1,440,-1,2|30002|1,999,1,-1,999|10|400,999|10|700,3,-1,-1,[],,,,-1,1
501000001,[],2,-1,501,-1,2|401|1,999,1,-1,999|14|1000,999|14|2000,1,-1,-1,[],,,,-1,1
502000001,[],2,-1,502,-1,2|201|1,999,1,-1,999|14|300,,3,-1,-1,[],,,,-1,1
503000001,[],2,-1,503,-1,999|2|300,999,1,-1,999|14|300,,1,-1,-1,[],,,,-1,1
504000001,[],2,-1,504,-1,6|107401|1,999,1,-1,999|14|2500,,1,-1,-1,[],,,,-1,1
505000001,[],2,-1,505,-1,6|107403|1,999,1,-1,999|14|2500,,1,-1,-1,[],,,,-1,1
506000001,[],2,-1,506,-1,6|107404|1,999,1,-1,999|14|2500,,1,-1,-1,[],,,,-1,1
507000001,[],2,-1,507,-1,2|10025|1,999,1,-1,999|14|300,,5,-1,-1,[],,,,-1,1
508000001,[],2,-1,508,-1,2|10017|1,999,1,-1,999|14|300,,5,-1,-1,[],,,,-1,1
509000001,[],2,-1,509,-1,2|10003|1,999,1,-1,999|14|75,,10,-1,-1,[],,,,-1,1
510000001,[],2,-1,510,-1,2|10004|1,999,1,-1,999|14|75,,10,-1,-1,[],,,,-1,1
511000001,[],2,-1,511,-1,2|10014|1,999,1,-1,999|14|75,,10,-1,-1,[],,,,-1,1
512000001,[],2,-1,512,-1,2|10040|1,999,1,-1,999|14|300,,5,-1,-1,[],,,,-1,1
513000001,[117|22],2,-1,513,1,2|144|1,999,1,-1,999|14|8000,,1,-1,-1,[],[117|22],,,-1,1
513000002,[117|22],2,-1,513,1,2|145|1,999,1,-1,999|14|8000,,1,-1,-1,[],[117|22],,,-1,1
513000003,[117|22],2,-1,513,1,2|146|1,999,1,-1,999|14|8000,,1,-1,-1,[],[117|22],,,-1,1
513000004,[117|22],2,-1,513,1,2|147|1,999,1,-1,999|14|8000,,1,-1,-1,[],[117|22],,,-1,1
514000001,[],2,-1,514,1,2|160155|1,999,1,-1,999|14|2500,,1,-1,-1,[],,,,-1,1
518000001,[],2,-1,518,1,2|201|1,999,1,-1,999|14|50,999|14|300,1,-1,-1,[],,,,-1,1
519000001,[],2,-1,519,1,999|2|300,999,1,-1,999|14|50,999|14|300,1,-1,-1,[],,,,-1,1
520000001,[],2,-1,520,-1,2|50233|1,999,1,-1,999|14|12000,,1,1,-1,[],,,,-1,1
521000001,[],2,-1,521,-1,2|220004|1,999,1,-1,999|14|75,,30,-1,-1,[],,,,-1,1
522000001,[],2,-1,522,-1,2|410295001|1,999,1,-1,999|14|600,,5,-1,-1,[],,,,-1,1
523000001,[],2,-1,523,-1,2|407151005|1,999,1,-1,999|14|2500,,3,-1,-1,[],,,,-1,1
528000001,[],2,-1,528,-1,2|50404|1,999,1,-1,999|14|12000,,1,1,-1,[],,,,-1,1
530000001,[],2,-1,530,-1,2|50182|1,999,1,-1,999|14|12000,,1,1,-1,[],,,,-1,1
532000001,[],2,-1,532,-1,2|50193|1,999,1,-1,999|14|12000,,1,1,-1,[],,,,-1,1
533000001,[],2,-1,533,-1,2|10018|1,999,1,-1,999|14|300,,5,-1,-1,[],,,,-1,1
515000001,[],2,-1,515,-1,2|238|1,999,1,-1,999|14|200,,5,-1,-1,[],,,,-1,1
516000001,[],2,-1,516,-1,2|237|1000,999,1,-1,999|14|300,,5,-1,-1,[],,,,-1,1
524000001,[117|22],2,-1,524,1,2|144|1,999,1,-1,999|14|8000,,1,-1,-1,[],[117|22],,,-1,1
525000001,[117|22],2,-1,525,1,2|145|1,999,1,-1,999|14|8000,,1,-1,-1,[],[117|22],,,-1,1
526000001,[117|22],2,-1,526,1,2|146|1,999,1,-1,999|14|8000,,1,-1,-1,[],[117|22],,,-1,1
527000001,[117|22],2,-1,527,1,2|147|1,999,1,-1,999|14|8000,,1,-1,-1,[],[117|22],,,-1,1
601000001,[],2,-1,601,-1,2|206108|1,999,1,-1,999|2|200,999|2|1000,10,-1,-1,[],,,,1,1
602000001,[],2,-1,602,-1,2|206208|1,999,1,-1,999|2|200,999|2|1000,10,-1,-1,[],,,,1,1
603000001,[],2,-1,603,-1,2|161004|1,999,1,-1,999|2|20,,20,-1,-1,[],,,,2,1
604000001,[],2,-1,604,-1,2|100002|1,999,1,-1,999|2|100,999|2|200,5,-1,-1,[],,,,2,1
605000001,[],2,-1,605,-1,2|201|1,999,1,-1,999|2|150,999|2|300,10,-1,-1,[],,,,3,1
606000001,[],2,-1,606,-1,2|220004|1,999,1,-1,999|2|50,999|2|100,10,-1,-1,[],,,,3,1
606000002,[],2,-1,6061,-1,2|405230004|1,999,1,-1,999|2|500,999|2|1000,10,-1,-1,[],,,,4,1
607000001,[],2,-1,607,-1,999|3|10000,999,1,-1,999|2|50,999|2|200,15,-1,-1,[],,,,4,1
608000001,[],2,-1,608,-1,2|200404|1,999,1,-1,999|2|30,999|2|60,20,-1,-1,[],,,,4,1
609000001,[],2,-1,609,-1,2|202001|1,999,1,-1,999|2|100,999|2|200,2,-1,-1,[],,,,5,1
610000001,[],2,-1,610,-1,2|301|1,999,1,-1,999|2|25,999|2|50,50,-1,-1,[],,,,5,1
611000001,[],2,-1,611,-1,999|6|1500,999,1,-1,999|2|500,999|2|1500,10,-1,-1,[],,,,6,1
612000001,[],2,-1,612,-1,2|161005|1,999,1,-1,999|2|100,999|2|200,25,-1,-1,[],,,,6,1
613000001,[],2,-1,613,-1,2|130000|100,999,1,-1,999|2|150,999|2|300,20,-1,-1,[],,,,7,1
614000001,[],2,-1,614,-1,2|206|1000,999,1,-1,999|2|250,999|2|500,50,-1,-1,[],,,,7,1
615000001,[],1,-1,615,-1,2|220005|1,999,1,-1,999|2|300,999|2|450,1,-1,-1,[],,,,8,1
616000001,[],2,-1,616,-1,999|3|100000,999,1,-1,999|2|500,999|2|2000,50,-1,-1,[],,,,8,1
617000001,[],2,-1,617,-1,2|200407|1,999,1,-1,999|2|400,999|2|960,10,-1,-1,[],,,,9,1
618000001,[],2,-1,618,-1,999|3|100000,999,1,-1,999|2|500,999|2|2000,50,-1,-1,[],,,,9,1
619000001,[],2,-1,619,-1,2|220005|1,999,1,-1,999|2|300,999|2|450,10,-1,-1,[],,,,10,1
620000001,[],2,-1,620,-1,2|203025|1,999,1,-1,999|2|40,999|2|200,50,-1,-1,[],,,,1,1
621000001,[],2,-1,621,-1,2|203028|1,999,1,-1,999|2|40,999|2|200,50,-1,-1,[],,,,1,1
622000001,[],2,-1,622,-1,2|203034|1,999,1,-1,999|2|40,999|2|200,50,-1,-1,[],,,,4,1
623000001,[],2,-1,623,-1,2|203031|1,999,1,-1,999|2|40,999|2|200,50,-1,-1,[],,,,6,1
624000001,[],2,-1,624,-1,2|404100003|1,999,1,-1,999|2|5,999|2|10,100,-1,-1,[],,,,2,1
625000001,[],2,-1,625,-1,2|206|1,999,1,-1,999|2|4,999|2|8,1500,-1,-1,[],,,,2,1
626000001,[],2,-1,626,-1,2|405230002|1,999,1,-1,999|2|150,999|2|300,10,-1,-1,[],,,,2,1
627000001,[],2,-1,627,-1,2|238|1,999,1,-1,999|2|350,999|2|700,50,-1,-1,[],,,,3,1
628000001,[],2,-1,628,-1,2|250|1,999,1,-1,999|2|2,999|2|4,2000,-1,-1,[],,,,3,1
629000001,[],2,-1,629,-1,2|236|1,999,1,-1,999|2|150,999|2|300,50,-1,-1,[],,,,3,1
630000001,[],2,-1,630,-1,2|404100004|1,999,1,-1,999|2|12,999|2|24,100,-1,-1,[],,,,5,1
631000001,[],1,-1,631,-1,2|203035|1,999,1,-1,999|2|380,999|2|760,3,-1,-1,[],,,,7,1
632000001,[],2,-1,632,-1,2|200406|1,999,1,-1,999|2|150,999|2|300,20,-1,-1,[],,,,7,1
633000001,[],2,-1,633,-1,2|404100005|1,999,1,-1,999|2|48,999|2|96,50,-1,-1,[],,,,9,1
634000001,[],1,-1,634,-1,2|251|1,999,1,-1,999|2|2000,999|2|5000,1,-1,-1,[],,,,10,1
635000001,[],2,-1,635,-1,2|284|50,999,1,-1,999|2|20,,40,-1,-1,[],,,,1,1
636000001,[],2,-1,636,-1,2|283|1,999,1,-1,999|2|1000,999|2|8000,20,-1,-1,[],,,,0,1
637000001,[],2,-1,637,-1,2|203026|1,999,1,-1,999|2|200,999|2|600,15,-1,-1,[],,,,1,1
638000001,[],2,-1,638,-1,2|203029|1,999,1,-1,999|2|200,999|2|600,15,-1,-1,[],,,,1,1
639000001,[],2,-1,639,-1,2|203032|1,999,1,-1,999|2|200,999|2|600,15,-1,-1,[],,,,6,1
701000001,[],1,-1,701,-1,2|10026|1,999,1,-1,2|1003|4,2|1003|10,5,30,-1,[],,,,-1,1
702000001,[],1,-1,702,-1,2|10019|1,999,1,-1,2|1003|4,2|1003|10,5,30,-1,[],,,,-1,1
703000001,[],1,-1,703,-1,2|100003|1,999,1,-1,2|1003|10,,2,-1,-1,[],,,,-1,1
704000001,[],1,-1,704,-1,2|202002|1,999,1,-1,2|1003|15,2|1003|25,20,-1,-1,[],,,,-1,1
705000001,[],1,-1,705,-1,2|200305|1,999,1,-1,2|1003|1,2|1003|5,10,-1,-1,[],,,,-1,1
706000001,[],1,-1,706,-1,2|200105|1,999,1,-1,2|1003|1,2|1003|5,10,-1,-1,[],,,,-1,1
707000001,[],1,-1,707,1,6|20004|1,999,1,-1,2|1003|25,2|1003|80,1,9,-1,[],,,,-1,1
708000001,[],1,-1,708,-1,2|202003|1,999,1,-1,2|1003|35,2|1003|60,1,-1,-1,[],,,,-1,1
709000001,[],1,-1,709,-1,2|10018|1,999,1,-1,2|1003|4,2|1003|10,5,30,-1,[],,,,-1,1
710000001,[],1,-1,710,-1,2|10030|1,999,1,-1,2|1003|4,2|1003|10,5,30,-1,[],,,,-1,1
711000001,[],1,-1,711,-1,2|10017|1,999,1,-1,2|1003|4,2|1003|10,5,30,-1,[],,,,-1,1
712000001,[],1,-1,712,-1,2|10034|1,999,1,-1,2|1003|4,2|1003|10,5,30,-1,[],,,,-1,1
713000001,[],1,-1,713,1,7|151|1,999,1,-1,2|1003|80,,1,1,-1,[],,,,-1,1
714000001,[],1,-1,714,-1,2|161008|1,999,1,-1,2|1003|30,,2,-1,-1,[],,,,-1,1
715000001,[],1,-1,715,-1,2|203034|1,999,1,-1,2|1003|4,2|1003|5,5,-1,-1,[],,,,-1,1
716000001,[],1,-1,716,-1,2|130000|100,999,1,-1,2|1003|6,2|1003|8,5,-1,-1,[],,,,-1,1
717000001,[],1,-1,717,1,6|108501|1,999,1,-1,2|1003|200,,1,-1,-1,[],,,,-1,1
718000001,[],1,-1,718,1,2|160151|1,999,1,-1,2|1003|120,,1,-1,-1,[],,,,-1,1
719000001,[],1,-1,719,1,2|160141|1,999,1,-1,2|1003|30,2|1003|40,1,-1,-1,[],,,,-1,1
720000001,[],1,-1,720,1,2|160152|1,999,1,-1,2|1003|120,,1,-1,-1,[],,,,-1,1
721000001,[],1,-1,721,1,2|160142|1,999,1,-1,2|1003|30,2|1003|40,1,-1,-1,[],,,,-1,1
722000001,[],1,-1,722,1,2|160153|1,999,1,-1,2|1003|120,,1,-1,-1,[],,,,-1,1
723000001,[],1,-1,723,1,2|160143|1,999,1,-1,2|1003|30,2|1003|40,1,-1,-1,[],,,,-1,1
724000001,[],1,-1,724,1,2|160154|1,999,1,-1,2|1003|120,,1,-1,-1,[],,,,-1,1
725000001,[],1,-1,725,1,2|160144|1,999,1,-1,2|1003|30,2|1003|40,1,-1,-1,[],,,,-1,1
726000001,[],1,-1,726,1,2|160150|1,999,1,-1,2|1003|96,2|1003|120,1,-1,-1,[],,,,-1,1
727000001,[],1,-1,727,1,2|160140|1,999,1,-1,2|1003|30,2|1003|40,1,-1,-1,[],,,,-1,1
728000001,[],1,-1,728,-1,2|10035|1,999,1,-1,2|1003|4,2|1003|10,5,30,-1,[],,,,-1,1
729000001,[],1,-1,729,-1,2|10023|1,999,1,-1,2|1003|4,2|1003|10,5,30,-1,[],,,,-1,1
730000001,[],1,-1,730,-1,2|10028|1,999,1,-1,2|1003|4,2|1003|10,5,30,-1,[],,,,-1,1
731000001,[],1,-1,731,-1,2|10034|1,999,1,-1,2|1003|4,2|1003|10,5,30,-1,[],,,,-1,1
732000001,[],1,-1,732,-1,2|10026|1,999,1,-1,2|1003|4,2|1003|10,5,30,-1,[],,,,-1,1
733000001,[],1,-1,733,-1,2|10035|1,999,1,-1,2|1003|4,2|1003|10,5,30,-1,[],,,,-1,1
734000001,[],1,-1,734,-1,2|10027|1,999,1,-1,2|1003|4,2|1003|10,5,30,-1,[],,,,-1,1
735000001,[],1,-1,735,-1,2|10018|1,999,1,-1,2|1003|4,2|1003|10,5,30,-1,[],,,,-1,1
736000001,[],1,-1,736,-1,2|10030|1,999,1,-1,2|1003|4,2|1003|10,5,30,-1,[],,,,-1,1
70010001,[117|24],2,-1,7001,1,2|141|1,999,1,-1,2|1003|125,,1,-1,-1,[],[117|24],,,-1,1
70020001,[117|24],2,-1,7002,1,2|142|1,999,1,-1,2|1003|125,,1,-1,-1,[],[117|24],,,-1,1
70030001,[117|24],2,-1,7003,1,2|143|1,999,1,-1,2|1003|125,,1,-1,-1,[],[117|24],,,-1,1
70040001,[117|24],2,-1,7004,1,2|141|1,999,1,-1,2|1003|125,,1,-1,-1,[],[117|24],,,-1,1
70050001,[117|24],2,-1,7005,1,2|142|1,999,1,-1,2|1003|125,,1,-1,-1,[],[117|24],,,-1,1
70060001,[117|24],2,-1,7006,1,2|143|1,999,1,-1,2|1003|125,,1,-1,-1,[],[117|24],,,-1,1
70070001,[117|24],2,-1,7007,1,2|141|1,999,1,-1,2|1003|125,,1,-1,-1,[],[117|24],,,-1,1
70080001,[117|24],2,-1,7008,1,2|142|1,999,1,-1,2|1003|125,,1,-1,-1,[],[117|24],,,-1,1
70090001,[117|24],2,-1,7009,1,2|143|1,999,1,-1,2|1003|125,,1,-1,-1,[],[117|24],,,-1,1
70100001,[117|24],2,-1,7010,1,2|141|1,999,1,-1,2|1003|125,,1,-1,-1,[],[117|24],,,-1,1
70110001,[117|24],2,-1,7011,1,2|142|1,999,1,-1,2|1003|125,,1,-1,-1,[],[117|24],,,-1,1
70120001,[117|24],2,-1,7012,1,2|143|1,999,1,-1,2|1003|125,,1,-1,-1,[],[117|24],,,-1,1
70130001,[117|24],2,-1,7013,1,2|141|1,999,1,-1,2|1003|125,,1,-1,-1,[],[117|24],,,-1,1
70140001,[117|24],2,-1,7014,1,2|142|1,999,1,-1,2|1003|125,,1,-1,-1,[],[117|24],,,-1,1
70150001,[117|24],2,-1,7015,1,2|143|1,999,1,-1,2|1003|125,,1,-1,-1,[],[117|24],,,-1,1
70160001,[117|24],2,-1,7016,1,2|141|1,999,1,-1,2|1003|125,,1,-1,-1,[],[117|24],,,-1,1
70170001,[117|24],2,-1,7017,1,2|142|1,999,1,-1,2|1003|125,,1,-1,-1,[],[117|24],,,-1,1
70180001,[117|24],2,-1,7018,1,2|143|1,999,1,-1,2|1003|125,,1,-1,-1,[],[117|24],,,-1,1
70190001,[117|24],2,-1,7019,1,2|141|1,999,1,-1,2|1003|125,,1,-1,-1,[],[117|24],,,-1,1
70200001,[117|24],2,-1,7020,1,2|142|1,999,1,-1,2|1003|125,,1,-1,-1,[],[117|24],,,-1,1
70210001,[117|24],2,-1,7021,1,2|143|1,999,1,-1,2|1003|125,,1,-1,-1,[],[117|24],,,-1,1
70220001,[117|24],2,-1,7022,1,2|141|1,999,1,-1,2|1003|125,,1,-1,-1,[],[117|24],,,-1,1
70230001,[117|24],2,-1,7023,1,2|142|1,999,1,-1,2|1003|125,,1,-1,-1,[],[117|24],,,-1,1
70240001,[117|24],2,-1,7024,1,2|143|1,999,1,-1,2|1003|125,,1,-1,-1,[],[117|24],,,-1,1
70250001,[117|24],2,-1,7025,1,2|141|1,999,1,-1,2|1003|125,,1,-1,-1,[],[117|24],,,-1,1
70260001,[117|24],2,-1,7026,1,2|142|1,999,1,-1,2|1003|125,,1,-1,-1,[],[117|24],,,-1,1
70270001,[117|24],2,-1,7027,1,2|143|1,999,1,-1,2|1003|125,,1,-1,-1,[],[117|24],,,-1,1
70280001,[117|24],2,-1,7028,1,2|141|1,999,1,-1,2|1003|125,,1,-1,-1,[],[117|24],,,-1,1
70290001,[117|24],2,-1,7029,1,2|142|1,999,1,-1,2|1003|125,,1,-1,-1,[],[117|24],,,-1,1
70300001,[117|24],2,-1,7030,1,2|143|1,999,1,-1,2|1003|125,,1,-1,-1,[],[117|24],,,-1,1
70310001,[117|24],2,-1,7031,1,2|141|1,999,1,-1,2|1003|125,,1,-1,-1,[],[117|24],,,-1,1
70320001,[117|24],2,-1,7032,1,2|142|1,999,1,-1,2|1003|125,,1,-1,-1,[],[117|24],,,-1,1
70330001,[117|24],2,-1,7033,1,2|143|1,999,1,-1,2|1003|125,,1,-1,-1,[],[117|24],,,-1,1
70340001,[117|24],2,-1,7034,1,2|141|1,999,1,-1,2|1003|125,,1,-1,-1,[],[117|24],,,-1,1
70350001,[117|24],2,-1,7035,1,2|142|1,999,1,-1,2|1003|125,,1,-1,-1,[],[117|24],,,-1,1
70360001,[117|24],2,-1,7036,1,2|143|1,999,1,-1,2|1003|125,,1,-1,-1,[],[117|24],,,-1,1
70370001,[117|24],2,-1,7037,1,2|141|1,999,1,-1,2|1003|125,,1,-1,-1,[],[117|24],,,-1,1
70380001,[117|24],2,-1,7038,1,2|142|1,999,1,-1,2|1003|125,,1,-1,-1,[],[117|24],,,-1,1
70390001,[117|24],2,-1,7039,1,2|143|1,999,1,-1,2|1003|125,,1,-1,-1,[],[117|24],,,-1,1
70400001,[117|24],2,-1,7040,1,2|141|1,999,1,-1,2|1003|125,,1,-1,-1,[],[117|24],,,-1,1
70410001,[117|24],2,-1,7041,1,2|142|1,999,1,-1,2|1003|125,,1,-1,-1,[],[117|24],,,-1,1
70420001,[117|24],2,-1,7042,1,2|143|1,999,1,-1,2|1003|125,,1,-1,-1,[],[117|24],,,-1,1
70430001,[117|24],2,-1,7043,1,2|141|1,999,1,-1,2|1003|125,,1,-1,-1,[],[117|24],,,-1,1
70440001,[117|24],2,-1,7044,1,2|142|1,999,1,-1,2|1003|125,,1,-1,-1,[],[117|24],,,-1,1
70450001,[117|24],2,-1,7045,1,2|143|1,999,1,-1,2|1003|125,,1,-1,-1,[],[117|24],,,-1,1
70460001,[117|24],2,-1,7046,1,2|141|1,999,1,-1,2|1003|125,,1,-1,-1,[],[117|24],,,-1,1
70470001,[117|24],2,-1,7047,1,2|142|1,999,1,-1,2|1003|125,,1,-1,-1,[],[117|24],,,-1,1
70480001,[117|24],2,-1,7048,1,2|143|1,999,1,-1,2|1003|125,,1,-1,-1,[],[117|24],,,-1,1
70490001,[117|24],2,-1,7049,1,2|141|1,999,1,-1,2|1003|125,,1,-1,-1,[],[117|24],,,-1,1
70500001,[117|24],2,-1,7050,1,2|142|1,999,1,-1,2|1003|125,,1,-1,-1,[],[117|24],,,-1,1
70510001,[117|24],2,-1,7051,1,2|143|1,999,1,-1,2|1003|125,,1,-1,-1,[],[117|24],,,-1,1
70520001,[117|24],2,-1,7052,1,2|141|1,999,1,-1,2|1003|125,,1,-1,-1,[],[117|24],,,-1,1
70530001,[117|24],2,-1,7053,1,2|142|1,999,1,-1,2|1003|125,,1,-1,-1,[],[117|24],,,-1,1
70540001,[117|24],2,-1,7054,1,2|143|1,999,1,-1,2|1003|125,,1,-1,-1,[],[117|24],,,-1,1
70550001,[117|24],2,-1,7055,1,2|141|1,999,1,7051,2|1003|125,,1,-1,-1,[],[117|24],,,-1,1
70550002,[117|24],2,-1,7055,1,2|142|1,999,1,7052,2|1003|125,,1,-1,-1,[],[117|24],,,-1,1
70550003,[117|24],2,-1,7055,1,2|143|1,999,1,7053,2|1003|125,,1,-1,-1,[],[117|24],,,-1,1
70560001,[117|24],2,-1,7056,1,2|141|1,999,1,7051,2|1003|125,,1,-1,-1,[],[117|24],,,-1,1
70560002,[117|24],2,-1,7056,1,2|142|1,999,1,7052,2|1003|125,,1,-1,-1,[],[117|24],,,-1,1
70560003,[117|24],2,-1,7056,1,2|143|1,999,1,7053,2|1003|125,,1,-1,-1,[],[117|24],,,-1,1
71010001,[117|22],3,3,7101,1,2|144|1,999,1,-1,2|1003|200,,1,-1,-1,[],[117|22],,,-1,1
71010002,[117|22],3,3,7101,1,2|145|1,999,1,-1,2|1003|200,,1,-1,-1,[],[117|22],,,-1,1
71010003,[117|22],3,3,7101,1,2|146|1,999,1,-1,2|1003|200,,1,-1,-1,[],[117|22],,,-1,1
71010004,[117|22],3,3,7101,1,2|147|1,999,1,-1,2|1003|200,,1,-1,-1,[],[117|22],,,-1,1
71020001,[117|24],3,3,7102,1,2|141|1,999,1,-1,2|1003|125,,1,-1,-1,[],[117|24],,,-1,1
71020002,[117|24],3,3,7102,1,2|142|1,999,1,-1,2|1003|125,,1,-1,-1,[],[117|24],,,-1,1
71020003,[117|24],3,3,7102,1,2|143|1,999,1,-1,2|1003|125,,1,-1,-1,[],[117|24],,,-1,1
71030001,[117|24],3,3,7103,1,2|141|1,999,1,-1,2|1003|125,,1,-1,-1,[],[117|24],,,-1,1
71030002,[117|24],3,3,7103,1,2|142|1,999,1,-1,2|1003|125,,1,-1,-1,[],[117|24],,,-1,1
71030003,[117|24],3,3,7103,1,2|143|1,999,1,-1,2|1003|125,,1,-1,-1,[],[117|24],,,-1,1
71040001,[117|22],2,-1,7104,1,2|144|1,999,1,-1,2|1003|200,,1,-1,-1,[],[117|22],,,-1,1
71040002,[117|22],2,-1,7104,1,2|145|1,999,1,-1,2|1003|200,,1,-1,-1,[],[117|22],,,-1,1
71040003,[117|22],2,-1,7104,1,2|146|1,999,1,-1,2|1003|200,,1,-1,-1,[],[117|22],,,-1,1
71040004,[117|22],2,-1,7104,1,2|147|1,999,1,-1,2|1003|200,,1,-1,-1,[],[117|22],,,-1,1
71050001,[117|24],2,-1,7105,1,2|141|1,999,1,7101,2|1003|125,,1,-1,-1,[],[117|24],,,-1,1
71050002,[117|24],2,-1,7105,1,2|142|1,999,1,7102,2|1003|125,,1,-1,-1,[],[117|24],,,-1,1
71050003,[117|24],2,-1,7105,1,2|143|1,999,1,7103,2|1003|125,,1,-1,-1,[],[117|24],,,-1,1
71060001,[117|24],2,-1,7106,1,2|141|1,999,1,7101,2|1003|125,,1,-1,-1,[],[117|24],,,-1,1
71060002,[117|24],2,-1,7106,1,2|142|1,999,1,7102,2|1003|125,,1,-1,-1,[],[117|24],,,-1,1
71060003,[117|24],2,-1,7106,1,2|143|1,999,1,7103,2|1003|125,,1,-1,-1,[],[117|24],,,-1,1
71060004,[117|24],2,-1,7107,1,2|404100006|1,999,1,-1,2|1003|240,2|1003|750,1,-1,-1,[],[117|24],,,-1,1
120010001,[],1,-1,12001,-1,2|100003|1,999,1,-1,2|1003|10,,2,-1,-1,[],,,,-1,1
120020001,[],1,-1,12002,-1,2|200305|1,999,1,-1,2|1003|1,2|1003|5,10,-1,-1,[],,,,-1,1
120030001,[],1,-1,12003,-1,2|200105|1,999,1,-1,2|1003|1,2|1003|5,10,-1,-1,[],,,,-1,1
120040001,[],1,-1,12004,-1,2|202002|1,999,1,-1,2|1003|15,2|1003|25,1,-1,-1,[],,,,-1,1
120050001,[],1,-1,12005,-1,2|161008|1,999,1,-1,2|1003|30,,2,-1,-1,[],,,,-1,1
120060001,[],1,-1,12006,-1,2|203034|1,999,1,-1,2|1003|4,2|1003|5,5,-1,-1,[],,,,-1,1
120070001,[],1,-1,12007,-1,2|130000|100,999,1,-1,2|1003|6,2|1003|8,5,-1,-1,[],,,,-1,1
121010001,[],1,-1,12101,-1,2|10026|1,999,1,-1,2|1003|4,2|1003|10,5,30,-1,[],,,,-1,1
121020001,[],1,-1,12102,-1,2|10019|1,999,1,-1,2|1003|4,2|1003|10,5,30,-1,[],,,,-1,1
121010002,[],1,-1,12101,-1,2|10018|1,999,1,-1,2|1003|4,2|1003|10,5,30,-1,[],,,,-1,1
121020002,[],1,-1,12102,-1,2|10030|1,999,1,-1,2|1003|4,2|1003|10,5,30,-1,[],,,,-1,1
121010003,[],1,-1,12101,-1,2|10017|1,999,1,-1,2|1003|4,2|1003|10,5,30,-1,[],,,,-1,1
121020003,[],1,-1,12102,-1,2|10034|1,999,1,-1,2|1003|4,2|1003|10,5,30,-1,[],,,,-1,1
121010004,[],1,-1,12101,-1,2|10035|1,999,1,-1,2|1003|4,2|1003|10,5,30,-1,[],,,,-1,1
121020004,[],1,-1,12102,-1,2|10023|1,999,1,-1,2|1003|4,2|1003|10,5,30,-1,[],,,,-1,1
121030004,[],1,-1,12103,-1,2|10027|1,999,1,-1,2|1003|4,2|1003|10,5,30,-1,[],,,,-1,1
121010005,[],1,-1,12101,-1,2|10028|1,999,1,-1,2|1003|4,2|1003|10,5,30,-1,[],,,,-1,1
121020005,[],1,-1,12102,-1,2|10034|1,999,1,-1,2|1003|4,2|1003|10,5,30,-1,[],,,,-1,1
121010006,[],1,-1,12101,-1,2|10026|1,999,1,-1,2|1003|4,2|1003|10,5,30,-1,[],,,,-1,1
121020006,[],1,-1,12102,-1,2|10035|1,999,1,-1,2|1003|4,2|1003|10,5,30,-1,[],,,,-1,1
121010007,[],1,-1,12101,-1,2|10018|1,999,1,-1,2|1003|4,2|1003|10,5,30,-1,[],,,,-1,1
121020007,[],1,-1,12102,-1,2|10030|1,999,1,-1,2|1003|4,2|1003|10,5,30,-1,[],,,,-1,1
121210001,[],1,-1,12121,1,2|160151|1,999,1,-1,2|1003|120,,1,-1,-1,[],,,,-1,1
121210002,[],1,-1,12121,1,2|160152|1,999,1,-1,2|1003|120,,1,-1,-1,[],,,,-1,1
121210003,[],1,-1,12121,1,2|160153|1,999,1,-1,2|1003|120,,1,-1,-1,[],,,,-1,1
121210004,[],1,-1,12121,1,2|160154|1,999,1,-1,2|1003|120,,1,-1,-1,[],,,,-1,1
121290001,[],1,-1,12129,1,2|160150|1,999,1,-1,2|1003|96,2|1003|120,1,-1,-1,[],,,,-1,1
121410001,[],1,-1,12141,1,6|20004|1,999,1,-1,2|1003|25,2|1003|80,1,9,-1,[],,,,-1,1
121420001,[],1,-1,12142,1,7|151|1,999,1,-1,2|1003|80,,1,1,-1,[],,,,-1,1
121430001,[],1,-1,12143,1,6|108501|1,999,1,-1,2|1003|200,,1,-1,-1,[],,,,-1,1
122010001,[117|22],2,-1,12201,1,2|144|1,999,1,-1,2|1003|200,,1,-1,-1,[],[117|22],,,-1,1
122010002,[117|22],2,-1,12201,1,2|145|1,999,1,-1,2|1003|200,,1,-1,-1,[],[117|22],,,-1,1
122010003,[117|22],2,-1,12201,1,2|146|1,999,1,-1,2|1003|200,,1,-1,-1,[],[117|22],,,-1,1
122010004,[117|22],2,-1,12201,1,2|147|1,999,1,-1,2|1003|200,,1,-1,-1,[],[117|22],,,-1,1
122020001,[117|24],2,-1,12202,1,2|141|1,999,1,12201,2|1003|125,,1,-1,-1,[],[117|24],,,-1,1
122020002,[117|24],2,-1,12202,1,2|142|1,999,1,12202,2|1003|125,,1,-1,-1,[],[117|24],,,-1,1
122020003,[117|24],2,-1,12202,1,2|143|1,999,1,12203,2|1003|125,,1,-1,-1,[],[117|24],,,-1,1
122020004,[117|24],2,-1,12202,1,2|141|1,999,1,12201,2|1003|125,,1,-1,-1,[],[117|24],,,-1,1
122020005,[117|24],2,-1,12202,1,2|142|1,999,1,12202,2|1003|125,,1,-1,-1,[],[117|24],,,-1,1
122020006,[117|24],2,-1,12202,1,2|143|1,999,1,12203,2|1003|125,,1,-1,-1,[],[117|24],,,-1,1
122020007,[117|24],2,-1,12203,1,2|404100006|1,999,1,-1,2|1003|240,2|1003|750,1,-1,-1,[],[117|24],,,-1,1
140010001,[],1,-1,14001,-1,2|100003|1,999,1,-1,2|1003|10,,2,-1,-1,[],,,,-1,1
140040001,[],1,-1,14004,-1,2|202002|1,999,1,-1,2|1003|15,2|1003|25,1,-1,-1,[],,,,-1,1
140070001,[],1,-1,14007,-1,2|404100005|100,999,1,-1,2|1003|45,2|1003|55,1,-1,-1,[],,,,-1,1
140210001,[],1,-1,14021,-1,2|206|1000,999,1,-1,2|1003|30,,5,-1,-1,[],,,,-1,1
140050001,[],1,-1,14005,-1,2|161008|1,999,1,-1,2|1003|60,,1,-1,-1,[],,,,-1,1
140280001,[],1,-1,14028,-1,2|161008|1,999,1,-1,2|1003|30,2|1003|60,2,-1,-1,[],,,,-1,1
140060001,[],1,-1,14006,-1,2|203034|1,999,1,-1,2|1003|4,,5,-1,-1,[],,,,-1,1
140220001,[],1,-1,14022,-1,2|203037|1,999,1,-1,2|1003|4,,5,-1,-1,[],,,,-1,1
140230001,[],1,-1,14023,-1,2|200005|1,999,1,-1,2|1003|1,2|1003|5,10,-1,-1,[],,,,-1,1
140020001,[],1,-1,14002,-1,2|200305|1,999,1,-1,2|1003|1,2|1003|5,10,-1,-1,[],,,,-1,1
140030001,[],1,-1,14003,-1,2|200105|1,999,1,-1,2|1003|1,2|1003|5,10,-1,-1,[],,,,-1,1
140300001,[],2,-1,14030,1,2|307|1,999,1,-1,2|1003|10,2|1003|20,50,-1,-1,[],,,,-1,1
140310001,[],2,-1,14031,1,2|295|100,999,1,-1,2|1003|10,2|1003|20,20,-1,-1,[],,,,-1,1
140320001,[],2,-1,14032,1,2|289|20,999,1,-1,2|1003|10,2|1003|20,50,-1,-1,[],,,,-1,1
140330001,[],2,-1,14033,1,2|153|1,999,1,-1,2|1003|3,2|1003|5,200,-1,-1,[],,,,-1,1
140340001,[],2,-1,14034,1,2|230001|1,999,1,-1,2|1003|10,2|1003|20,30,-1,-1,[],,,,-1,1
140350001,[],2,-1,14035,1,2|284|1000,999,1,-1,2|1003|10,2|1003|20,100,-1,-1,[],,,,-1,1
140140001,[],2,-1,14014,1,2|141|1,999,1,-1,2|1003|200,2|1003|250,2,-1,-1,[],,,,-1,1
140150001,[],2,-1,14015,1,2|142|1,999,1,-1,2|1003|200,2|1003|250,2,-1,-1,[],,,,-1,1
140160001,[],2,-1,14016,1,2|143|1,999,1,-1,2|1003|200,2|1003|250,2,-1,-1,[],,,,-1,1
140250001,[],2,-1,14025,1,2|141|1,999,1,-1,2|1003|120,2|1003|250,2,-1,-1,[],,,,-1,1
140260001,[],2,-1,14026,1,2|142|1,999,1,-1,2|1003|120,2|1003|250,2,-1,-1,[],,,,-1,1
140270001,[],2,-1,14027,1,2|143|1,999,1,-1,2|1003|120,2|1003|250,2,-1,-1,[],,,,-1,1
140090001,[],2,-1,14009,1,2|11324001|1,999,1,-1,2|1003|120,2|1003|850,2,2,-1,[],,,,-1,1
140100001,[],2,-1,14010,1,6|108501|1,999,1,-1,2|1003|200,2|1003|500,1,-1,-1,[],,,,-1,1
140110001,[],2,-1,14011,1,6|108502|1,999,1,-1,2|1003|200,2|1003|500,1,-1,-1,[],,,,-1,1
140080001,[],2,-1,14008,1,2|404100006|1,999,1,-1,2|1003|240,2|1003|750,1,-1,-1,[],,,,-1,1
140120001,[],2,-1,14012,-1,2|151|1,999,1,-1,2|1003|20,2|1003|50,5,-1,-1,[],,,,-1,1
140170001,[117|22],2,-1,14017,-1,2|144|1,999,1,-1,2|1003|200,,1,-1,-1,[],[117|22],,,-1,1
140180001,[117|22],2,-1,14018,-1,2|145|1,999,1,-1,2|1003|200,,1,-1,-1,[],[117|22],,,-1,1
140190001,[117|22],2,-1,14019,-1,2|146|1,999,1,-1,2|1003|200,,1,-1,-1,[],[117|22],,,-1,1
140200001,[117|22],2,-1,14020,-1,2|147|1,999,1,-1,2|1003|200,,1,-1,-1,[],[117|22],,,-1,1
140130001,[],2,-1,14013,-1,2|206|1000,999,1,-1,2|1003|30,2|1003|70,5,-1,-1,[],,,,-1,1
140240001,[],2,-1,14024,-1,2|160150|1,999,1,-1,2|1003|96,2|1003|120,3,-1,-1,[],,,,-1,1
140290001,[],2,-1,14029,1,999|2|5000,999,1,-1,2|1003|120,2|1003|500,3,-1,-1,[],,,,-1,1
141010001,[],3,30,14101,1,2|514|1,999,1,-1,2|1003|200,2|1003|300,1,-1,-1,[],,,,-1,1
141020001,[],3,30,14102,1,2|152|1,999,1,-1,2|1003|200,2|1003|300,2,-1,-1,[],,,,-1,1
141030001,[],3,30,14103,1,2|410295004|1,999,1,-1,2|1003|400,2|1003|600,1,-1,-1,[],,,,-1,1
801000001,[],1,-1,801,-1,999|3|15000,999,1,-1,999|4|25000,,3,-1,-1,[],,,,-1,1
802000001,[],1,-1,802,-1,999|3|15000,999,1,-1,999|5|25000,,3,-1,-1,[],,,,-1,1
803000001,[],1,-1,803,-1,999|4|50000,999,1,-1,999|5|60000,,5,-1,-1,[],,,,-1,1
804000001,[],1,-1,804,-1,999|4|50000,999,1,-1,999|3|30000,,5,-1,-1,[],,,,-1,1
805000001,[],1,-1,805,-1,999|5|50000,999,1,-1,999|4|60000,,5,-1,-1,[],,,,-1,1
806000001,[],1,-1,806,-1,999|5|50000,999,1,-1,999|3|30000,,5,-1,-1,[],,,,-1,1
807000001,[],1,-1,807,-1,2|301|15,999,1,-1,2|121|1,,9999,-1,-1,[],,,,-1,1
808000001,[],1,-1,808,-1,999|3|50000,999,1,-1,999|4|75000,,3,-1,-1,[],,,,-1,1
809000001,[],1,-1,809,-1,999|3|50000,999,1,-1,999|5|75000,,3,-1,-1,[],,,,-1,1
810000001,[],1,-1,810,-1,999|4|100000,999,1,-1,999|5|120000,,5,-1,-1,[],,,,-1,1
811000001,[],1,-1,811,-1,999|4|120000,999,1,-1,999|3|80000,,5,-1,-1,[],,,,-1,1
812000001,[],1,-1,812,-1,999|5|100000,999,1,-1,999|4|120000,,5,-1,-1,[],,,,-1,1
813000001,[],1,-1,813,-1,999|5|120000,999,1,-1,999|3|80000,,5,-1,-1,[],,,,-1,1
814000001,[],1,-1,814,-1,2|159|1,999,1,-1,2|153|1,,9999,-1,-1,[],,,,-1,1
1015000001,[],2,-1,1015,-1,2|155|1,999,1,-1,2|154|400,,45,-1,-1,[201104|1],,,[201104|1],-1,1
1016000001,[],2,-1,1016,-1,2|238|1,999,1,-1,2|237|64000,,5,-1,-1,[201304|1],,,[201304|1],-1,1
1017000001,[],2,-1,1017,-1,2|156|1,999,1,-1,2|155|4,,5,-1,-1,[201504|1],,,[201504|1],-1,1
1018000001,[],2,-1,1018,-1,2|153|1,999,1,-1,999|4|800000,,5,-1,-1,[202404|1],,,[202404|1],-1,1
1019000001,[],2,-1,1019,-1,2|153|1,999,1,-1,999|5|800000,,5,-1,-1,[202404|1],,,[202404|1],-1,1
1020000001,[],2,-1,1020,-1,2|153|1,999,1,-1,999|6|400000,,5,-1,-1,[202404|1],,,[202404|1],-1,1
1021000001,[],2,-1,1021,-1,2|238|1,999,1,-1,2|237|30000,,5,-1,-1,[201304|1],,,[201304|1],-1,1
1022000001,[],2,-1,1022,-1,2|237|5000,999,1,-1,2|238|1,,5,-1,-1,[201304|1],,,[201304|1],-1,1
1023000001,[],2,-1,1023,-1,2|154|50,999,1,-1,2|155|1,,95,-1,-1,[201104|1],,,[201104|1],-1,1
1024000001,[],2,-1,1024,-1,2|155|1,999,1,-1,2|156|1,,95,-1,-1,[201504|1],,,[201504|1],-1,1
1025000001,[],2,-1,1025,-1,2|284|30,999,1,-1,2|289|1,,95,-1,-1,[],,,,-1,1
1029000001,[],2,-1,1029,-1,2|157|1,999,1,-1,2|154|1000,,5,-1,-1,[],,,,-1,1
1030000001,[],2,-1,1030,-1,2|157|1,999,1,-1,2|155|10,,5,-1,-1,[],,,,-1,1
1031000001,[],2,-1,1031,-1,2|157|1,999,1,-1,2|156|6,,5,-1,-1,[],,,,-1,1
100100001,[],2,-1,1001,-1,2|10004|2,999,1,-1,2|10001|10,,5,-1,-1,[],,,,-1,1
100100002,[],2,-1,1001,-1,2|10013|2,999,1,-1,2|10002|10,,5,-1,-1,[],,,,-1,1
100100003,[],2,-1,1001,-1,2|10014|2,999,1,-1,2|10006|10,,5,-1,-1,[],,,,-1,1
100100004,[],2,-1,1001,-1,2|10005|2,999,1,-1,2|10007|10,,5,-1,-1,[],,,,-1,1
100100005,[],2,-1,1001,-1,2|10011|2,999,1,-1,2|10009|10,,5,-1,-1,[],,,,-1,1
100100006,[],2,-1,1001,-1,2|10016|2,999,1,-1,2|10010|10,,5,-1,-1,[],,,,-1,1
100200001,[],2,-1,1002,-1,2|10030|2,999,999,-1,2|10003|10,,5,-1,-1,[],,,,-1,0
100200002,[],2,-1,1002,-1,2|10018|2,999,999,-1,2|10004|10,,5,-1,-1,[],,,,-1,0
100200003,[],2,-1,1002,-1,2|10008|2,999,999,-1,2|10005|10,,5,-1,-1,[],,,,-1,0
100200004,[],2,-1,1002,-1,2|10022|2,999,999,-1,2|10011|10,,5,-1,-1,[],,,,-1,0
100200005,[],2,-1,1002,-1,2|10021|2,999,999,-1,2|10013|10,,5,-1,-1,[],,,,-1,0
100200006,[],2,-1,1002,-1,2|10024|2,999,999,-1,2|10014|10,,5,-1,-1,[],,,,-1,0
100200007,[],2,-1,1002,-1,2|10020|2,999,999,-1,2|10015|10,,5,-1,-1,[],,,,-1,0
100200008,[],2,-1,1002,-1,2|10023|2,999,999,-1,2|10016|10,,5,-1,-1,[],,,,-1,0
100200009,[],2,-1,1002,-1,2|10018|2,999,1,-1,2|10003|10,,5,-1,-1,[],,,,-1,1
100200010,[],2,-1,1002,-1,2|10018|2,999,1,-1,2|10004|10,,5,-1,-1,[],,,,-1,1
100200011,[],2,-1,1002,-1,2|10008|2,999,1,-1,2|10005|10,,5,-1,-1,[],,,,-1,1
100200012,[],2,-1,1002,-1,2|10008|2,999,1,-1,2|10011|10,,5,-1,-1,[],,,,-1,1
100200013,[],2,-1,1002,-1,2|10008|2,999,1,-1,2|10013|10,,5,-1,-1,[],,,,-1,1
100200014,[],2,-1,1002,-1,2|10018|2,999,1,-1,2|10014|10,,5,-1,-1,[],,,,-1,1
100200015,[],2,-1,1002,-1,2|10034|2,999,1,-1,2|10015|10,,5,-1,-1,[],,,,-1,1
100200016,[],2,-1,1002,-1,2|10034|2,999,1,-1,2|10016|10,,5,-1,-1,[],,,,-1,1
100200017,[],2,-1,1002,-1,2|10025|2,999,1,-1,2|10003|10,,5,-1,-1,[],,,,-1,1
100200018,[],2,-1,1002,-1,2|10025|2,999,1,-1,2|10004|10,,5,-1,-1,[],,,,-1,1
100200019,[],2,-1,1002,-1,2|10019|2,999,1,-1,2|10005|10,,5,-1,-1,[],,,,-1,1
100200020,[],2,-1,1002,-1,2|10019|2,999,1,-1,2|10011|10,,5,-1,-1,[],,,,-1,1
100200021,[],2,-1,1002,-1,2|10019|2,999,1,-1,2|10013|10,,5,-1,-1,[],,,,-1,1
100200022,[],2,-1,1002,-1,2|10025|2,999,1,-1,2|10014|10,,5,-1,-1,[],,,,-1,1
100200023,[],2,-1,1002,-1,2|10028|2,999,1,-1,2|10015|10,,5,-1,-1,[],,,,-1,1
100200024,[],2,-1,1002,-1,2|10028|2,999,1,-1,2|10016|10,,5,-1,-1,[],,,,-1,1
100300001,[],2,-1,1003,-1,2|162002|1,999,1,-1,2|363001|2,,5,-1,-1,[],,,,-1,1
100300002,[],2,-1,1003,-1,2|162002|1,999,1,-1,2|363002|2,,5,-1,-1,[],,,,-1,1
100300003,[],2,-1,1003,-1,2|162002|1,999,1,-1,2|363003|2,,5,-1,-1,[],,,,-1,1
100400001,[],2,-1,1004,-1,2|162003|1,999,1,-1,2|364001|3,,5,-1,-1,[],,,,-1,1
100400002,[],2,-1,1004,-1,2|162003|1,999,1,-1,2|364002|3,,5,-1,-1,[],,,,-1,1
100400003,[],2,-1,1004,-1,2|162003|1,999,1,-1,2|364003|3,,5,-1,-1,[],,,,-1,1
100400004,[],2,-1,1004,-1,2|162003|1,999,1,-1,2|364004|3,,5,-1,-1,[],,,,-1,1
100400005,[],2,-1,1004,-1,2|162003|1,999,1,-1,2|364005|3,,5,-1,-1,[],,,,-1,1
100400006,[],2,-1,1004,-1,2|162003|1,999,1,-1,2|364006|3,,5,-1,-1,[],,,,-1,1
100400007,[],2,-1,1004,-1,2|162003|1,999,1,-1,2|364007|3,,5,-1,-1,[],,,,-1,1
100500001,[],2,-1,1005,-1,2|220202|1,999,1,-1,2|303001|10,,5,-1,-1,[],,,,-1,1
100500002,[],2,-1,1005,-1,2|220202|1,999,1,-1,2|303002|10,,5,-1,-1,[],,,,-1,1
100500003,[],2,-1,1005,-1,2|220202|1,999,1,-1,2|303003|10,,5,-1,-1,[],,,,-1,1
100600001,[],2,-1,1006,-1,2|220203|1,999,1,-1,2|304001|10,,5,-1,-1,[],,,,-1,1
100600002,[],2,-1,1006,-1,2|220203|1,999,1,-1,2|304002|10,,5,-1,-1,[],,,,-1,1
100600003,[],2,-1,1006,-1,2|220203|1,999,1,-1,2|304003|10,,5,-1,-1,[],,,,-1,1
100600004,[],2,-1,1006,-1,2|220203|1,999,1,-1,2|304004|10,,5,-1,-1,[],,,,-1,1
100600005,[],2,-1,1006,-1,2|220203|1,999,1,-1,2|304005|10,,5,-1,-1,[],,,,-1,1
100600006,[],2,-1,1006,-1,2|220203|1,999,1,-1,2|304006|10,,5,-1,-1,[],,,,-1,1
100600007,[],2,-1,1006,-1,2|220203|1,999,1,-1,2|304007|10,,5,-1,-1,[],,,,-1,1
100700001,[],2,-1,1007,-1,2|201|1,999,1,-1,2|10003|10,,10,-1,-1,[],,,,-1,1
100800001,[],2,-1,1008,-1,2|201|1,999,1,-1,2|10004|10,,10,-1,-1,[],,,,-1,1
100900001,[],2,-1,1009,-1,2|201|1,999,1,-1,2|10005|10,,10,-1,-1,[],,,,-1,1
101000001,[],2,-1,1010,-1,2|201|1,999,1,-1,2|10011|10,,10,-1,-1,[],,,,-1,1
101100001,[],2,-1,1011,-1,2|201|1,999,1,-1,2|10013|10,,10,-1,-1,[],,,,-1,1
101200001,[],2,-1,1012,-1,2|201|1,999,1,-1,2|10014|10,,10,-1,-1,[],,,,-1,1
101300001,[],2,-1,1013,-1,2|201|1,999,1,-1,2|10015|10,,10,-1,-1,[],,,,-1,1
101400001,[],2,-1,1014,-1,2|201|1,999,1,-1,2|10016|10,,10,-1,-1,[],,,,-1,1
102600001,[],2,-1,1026,-1,2|220202|1,999,1,-1,2|220201|10,,15,-1,-1,[],,,,-1,1
102700001,[],2,-1,1027,-1,2|220203|1,999,1,-1,2|220202|10,,15,-1,-1,[],,,,-1,1
112000001,[117|24],2,-1,1111,1,2|142|1,999,1,-1,2|505|6000,,1,-1,-1,[],[117|24],,,-1,1
110100001,[],2,-1,1101,1,2|10035|1,999,1,-1,2|505|120,2|505|150,10,-1,-1,[],,,,-1,1
111000001,[],2,-1,1110,1,2|10036|1,999,1,-1,2|505|120,2|505|150,10,-1,-1,[],,,,-1,1
110200001,[],2,-1,1102,1,2|161005|1,999,1,-1,2|505|50,2|505|100,5,-1,-1,[],,,,-1,1
110300001,[],2,-1,1103,1,2|201|1,999,1,-1,2|505|80,2|505|100,10,-1,-1,[],,,,-1,1
110400001,[],2,-1,1104,1,2|161008|1,999,1,-1,2|505|500,,1,-1,-1,[],,,,-1,1
110500001,[],2,-1,1105,-1,2|200403|1,999,1,-1,2|505|20,,20,-1,-1,[],,,,-1,1
110600001,[],2,-1,1106,-1,2|130000|100,999,1,-1,2|505|80,2|505|150,10,-1,-1,[],,,,-1,1
110700001,[],2,-1,1107,-1,2|206008|1,999,1,-1,2|505|80,,10,-1,-1,[],,,,-1,1
110800001,[],2,-1,1108,-1,2|206108|1,999,1,-1,2|505|40,,10,-1,-1,[],,,,-1,1
110900001,[],2,-1,1109,-1,2|206208|1,999,1,-1,2|505|40,,10,-1,-1,[],,,,-1,1
113300001,[],2,-1,1133,-1,2|161005|1,999,1,-1,2|505|100,,20,-1,-1,[],,,,-1,1
113800001,[],2,-1,1138,-1,2|203038|1,999,1,-1,2|505|500,,10,-1,-1,[],,,,-1,1
114100001,[],2,-1,1141,1,2|141|1,999,1,-1,2|505|6000,2|505|9600,1,-1,-1,[],,,,-1,1
114000001,[],2,-1,1140,1,2|142|1,999,1,-1,2|505|6000,2|505|9600,1,-1,-1,[],,,,-1,1
114200001,[],2,-1,1142,1,2|143|1,999,1,-1,2|505|6000,2|505|9600,1,-1,-1,[],,,,-1,1
114300001,[],2,-1,1143,1,2|220203|1,999,1,-1,2|505|800,,5,-1,-1,[],,,,-1,1
114600001,[],2,-1,1146,1,2|230001|1,999,1,-1,2|505|400,,10,-1,-1,[],,,,-1,1
114400001,[],2,-1,1144,1,2|220005|1,999,1,-1,2|505|300,2|505|480,10,-1,-1,[],,,,-1,1
113400001,[],2,-1,1134,-1,2|201|1,999,1,-1,2|505|80,2|505|300,10,-1,-1,[],,,,-1,1
114800001,[],2,-1,1148,-1,2|220303|1,999,1,-1,2|505|12000,2|505|16000,1,-1,-1,[],,,,-1,1
114900001,[],2,-1,1149,-1,2|220302|1,999,1,-1,2|505|1200,2|505|1600,2,-1,-1,[],,,,-1,1
113700001,[],2,-1,1137,-1,2|203034|1,999,1,-1,2|505|50,2|505|96,10,-1,-1,[],,,,-1,1
113900001,[],2,-1,1139,-1,2|203037|1,999,1,-1,2|505|50,2|505|96,30,-1,-1,[],,,,-1,1
113600001,[],2,-1,1136,-1,2|200403|1,999,1,-1,2|505|20,,50,-1,-1,[],,,,-1,1
113100001,[],2,-1,1131,-1,2|238|1,999,1,-1,2|505|200,2|505|300,30,-1,-1,[],,,,-1,1
113200001,[],2,-1,1132,-1,2|237|10000,999,1,-1,2|505|50,2|505|320,20,-1,-1,[],,,,-1,1
114500001,[],2,-1,1145,-1,2|405230004|1,999,1,-1,2|505|500,2|505|3200,1,-1,-1,[],,,,-1,1
113500001,[],2,-1,1135,-1,2|405230003|1,999,1,-1,2|505|300,2|505|960,5,-1,-1,[],,,,-1,1
113000001,[],2,-1,1130,-1,2|209002|1,999,1,-1,2|505|50,,20,-1,-1,[],,,,-1,1
114700001,[],2,-1,1147,-1,2|153|1,999,1,-1,2|505|120,,35,-1,-1,[],,,,-1,1
115000001,[],2,-1,1150,-1,2|159|1,999,1,-1,2|505|120,,35,-1,-1,[],,,,-1,1
115100001,[],2,-1,1151,-1,2|230002|1,999,1,-1,2|505|160,,20,-1,-1,[],,,,-1,1
101030001,[],0,-1,10103,-1,2|131103|1,999,1,-1,2|371103|1,,2,2,-1,[],,,,-1,1
101040001,[],0,-1,10104,-1,2|131104|1,999,1,-1,2|371104|1,,2,2,-1,[],,,,-1,1
101050001,[],0,-1,10105,-1,2|131105|1,999,1,-1,2|371105|1,,2,2,-1,[],,,,-1,1
101060001,[],0,-1,10106,-1,2|131106|1,999,1,-1,2|371106|1,,2,2,-1,[],,,,-1,1
102030001,[],0,-1,10203,-1,2|131103|1,999,1,-1,2|371203|1,,2,2,-1,[],,,,-1,1
102040001,[],0,-1,10204,-1,2|131104|1,999,1,-1,2|371204|1,,2,2,-1,[],,,,-1,1
102050001,[],0,-1,10205,-1,2|131105|1,999,1,-1,2|371205|1,,2,2,-1,[],,,,-1,1
102060001,[],0,-1,10206,-1,2|131106|1,999,1,-1,2|371206|1,,2,2,-1,[],,,,-1,1
103030001,[],0,-1,10303,-1,2|131103|1,999,1,-1,2|371303|1,,2,2,-1,[],,,,-1,1
103040001,[],0,-1,10304,-1,2|131104|1,999,1,-1,2|371304|1,,2,2,-1,[],,,,-1,1
103050001,[],0,-1,10305,-1,2|131105|1,999,1,-1,2|371305|1,,2,2,-1,[],,,,-1,1
103060001,[],0,-1,10306,-1,2|131106|1,999,1,-1,2|371306|1,,2,2,-1,[],,,,-1,1
101130001,[],0,-1,10113,-1,2|131203|1,999,1,-1,2|372103|1,,2,2,-1,[],,,,-1,1
101140001,[],0,-1,10114,-1,2|131204|1,999,1,-1,2|372104|1,,2,2,-1,[],,,,-1,1
101150001,[],0,-1,10115,-1,2|131205|1,999,1,-1,2|372105|1,,2,2,-1,[],,,,-1,1
101160001,[],0,-1,10116,-1,2|131206|1,999,1,-1,2|372106|1,,2,2,-1,[],,,,-1,1
102130001,[],0,-1,10213,-1,2|131203|1,999,1,-1,2|372203|1,,2,2,-1,[],,,,-1,1
102140001,[],0,-1,10214,-1,2|131204|1,999,1,-1,2|372204|1,,2,2,-1,[],,,,-1,1
102150001,[],0,-1,10215,-1,2|131205|1,999,1,-1,2|372205|1,,2,2,-1,[],,,,-1,1
102160001,[],0,-1,10216,-1,2|131206|1,999,1,-1,2|372206|1,,2,2,-1,[],,,,-1,1
103130001,[],0,-1,10313,-1,2|131203|1,999,1,-1,2|372303|1,,2,2,-1,[],,,,-1,1
103140001,[],0,-1,10314,-1,2|131204|1,999,1,-1,2|372304|1,,2,2,-1,[],,,,-1,1
103150001,[],0,-1,10315,-1,2|131205|1,999,1,-1,2|372305|1,,2,2,-1,[],,,,-1,1
103160001,[],0,-1,10316,-1,2|131206|1,999,1,-1,2|372306|1,,2,2,-1,[],,,,-1,1
101230001,[],0,-1,10123,-1,2|131303|1,999,1,-1,2|373103|1,,2,2,-1,[],,,,-1,1
101240001,[],0,-1,10124,-1,2|131304|1,999,1,-1,2|373104|1,,2,2,-1,[],,,,-1,1
101250001,[],0,-1,10125,-1,2|131305|1,999,1,-1,2|373105|1,,2,2,-1,[],,,,-1,1
101260001,[],0,-1,10126,-1,2|131306|1,999,1,-1,2|373106|1,,2,2,-1,[],,,,-1,1
102230001,[],0,-1,10223,-1,2|131303|1,999,1,-1,2|373203|1,,2,2,-1,[],,,,-1,1
102240001,[],0,-1,10224,-1,2|131304|1,999,1,-1,2|373204|1,,2,2,-1,[],,,,-1,1
102250001,[],0,-1,10225,-1,2|131305|1,999,1,-1,2|373205|1,,2,2,-1,[],,,,-1,1
102260001,[],0,-1,10226,-1,2|131306|1,999,1,-1,2|373206|1,,2,2,-1,[],,,,-1,1
103230001,[],0,-1,10323,-1,2|131303|1,999,1,-1,2|373303|1,,2,2,-1,[],,,,-1,1
103240001,[],0,-1,10324,-1,2|131304|1,999,1,-1,2|373304|1,,2,2,-1,[],,,,-1,1
103250001,[],0,-1,10325,-1,2|131305|1,999,1,-1,2|373305|1,,2,2,-1,[],,,,-1,1
103260001,[],0,-1,10326,-1,2|131306|1,999,1,-1,2|373306|1,,2,2,-1,[],,,,-1,1
101330001,[],0,-1,10133,-1,2|131403|1,999,1,-1,2|374103|1,,2,2,-1,[],,,,-1,1
101340001,[],0,-1,10134,-1,2|131404|1,999,1,-1,2|374104|1,,2,2,-1,[],,,,-1,1
101350001,[],0,-1,10135,-1,2|131405|1,999,1,-1,2|374105|1,,2,2,-1,[],,,,-1,1
101360001,[],0,-1,10136,-1,2|131406|1,999,1,-1,2|374106|1,,2,2,-1,[],,,,-1,1
102330001,[],0,-1,10233,-1,2|131403|1,999,1,-1,2|374203|1,,2,2,-1,[],,,,-1,1
102340001,[],0,-1,10234,-1,2|131404|1,999,1,-1,2|374204|1,,2,2,-1,[],,,,-1,1
102350001,[],0,-1,10235,-1,2|131405|1,999,1,-1,2|374205|1,,2,2,-1,[],,,,-1,1
102360001,[],0,-1,10236,-1,2|131406|1,999,1,-1,2|374206|1,,2,2,-1,[],,,,-1,1
103330001,[],0,-1,10333,-1,2|131403|1,999,1,-1,2|374303|1,,2,2,-1,[],,,,-1,1
103340001,[],0,-1,10334,-1,2|131404|1,999,1,-1,2|374304|1,,2,2,-1,[],,,,-1,1
103350001,[],0,-1,10335,-1,2|131405|1,999,1,-1,2|374305|1,,2,2,-1,[],,,,-1,1
103360001,[],0,-1,10336,-1,2|131406|1,999,1,-1,2|374306|1,,2,2,-1,[],,,,-1,1
101430001,[],0,-1,10143,-1,2|131503|1,999,1,-1,2|375103|1,,2,2,-1,[],,,,-1,1
101440001,[],0,-1,10144,-1,2|131504|1,999,1,-1,2|375104|1,,2,2,-1,[],,,,-1,1
101450001,[],0,-1,10145,-1,2|131505|1,999,1,-1,2|375105|1,,2,2,-1,[],,,,-1,1
101460001,[],0,-1,10146,-1,2|131506|1,999,1,-1,2|375106|1,,2,2,-1,[],,,,-1,1
102430001,[],0,-1,10243,-1,2|131503|1,999,1,-1,2|375203|1,,2,2,-1,[],,,,-1,1
102440001,[],0,-1,10244,-1,2|131504|1,999,1,-1,2|375204|1,,2,2,-1,[],,,,-1,1
102450001,[],0,-1,10245,-1,2|131505|1,999,1,-1,2|375205|1,,2,2,-1,[],,,,-1,1
102460001,[],0,-1,10246,-1,2|131506|1,999,1,-1,2|375206|1,,2,2,-1,[],,,,-1,1
103430001,[],0,-1,10343,-1,2|131503|1,999,1,-1,2|375303|1,,2,2,-1,[],,,,-1,1
103440001,[],0,-1,10344,-1,2|131504|1,999,1,-1,2|375304|1,,2,2,-1,[],,,,-1,1
103450001,[],0,-1,10345,-1,2|131505|1,999,1,-1,2|375305|1,,2,2,-1,[],,,,-1,1
103460001,[],0,-1,10346,-1,2|131506|1,999,1,-1,2|375306|1,,2,2,-1,[],,,,-1,1
104030001,[],0,-1,10403,-1,2|131103|1,999,1,-1,2|371103|1,,2,2,-1,[],,,,-1,1
104040001,[],0,-1,10404,-1,2|131104|1,999,1,-1,2|371104|1,,2,2,-1,[],,,,-1,1
104050001,[],0,-1,10405,-1,2|131105|1,999,1,-1,2|371105|1,,2,2,-1,[],,,,-1,1
104060001,[],0,-1,10406,-1,2|131106|1,999,1,-1,2|371106|1,,2,2,-1,[],,,,-1,1
105030001,[],0,-1,10503,-1,2|131103|1,999,1,-1,2|371203|1,,2,2,-1,[],,,,-1,1
105040001,[],0,-1,10504,-1,2|131104|1,999,1,-1,2|371204|1,,2,2,-1,[],,,,-1,1
105050001,[],0,-1,10505,-1,2|131105|1,999,1,-1,2|371205|1,,2,2,-1,[],,,,-1,1
105060001,[],0,-1,10506,-1,2|131106|1,999,1,-1,2|371206|1,,2,2,-1,[],,,,-1,1
106030001,[],0,-1,10603,-1,2|131103|1,999,1,-1,2|371303|1,,2,2,-1,[],,,,-1,1
106040001,[],0,-1,10604,-1,2|131104|1,999,1,-1,2|371304|1,,2,2,-1,[],,,,-1,1
106050001,[],0,-1,10605,-1,2|131105|1,999,1,-1,2|371305|1,,2,2,-1,[],,,,-1,1
106060001,[],0,-1,10606,-1,2|131106|1,999,1,-1,2|371306|1,,2,2,-1,[],,,,-1,1
104130001,[],0,-1,10413,-1,2|131203|1,999,1,-1,2|372103|1,,2,2,-1,[],,,,-1,1
104140001,[],0,-1,10414,-1,2|131204|1,999,1,-1,2|372104|1,,2,2,-1,[],,,,-1,1
104150001,[],0,-1,10415,-1,2|131205|1,999,1,-1,2|372105|1,,2,2,-1,[],,,,-1,1
104160001,[],0,-1,10416,-1,2|131206|1,999,1,-1,2|372106|1,,2,2,-1,[],,,,-1,1
105130001,[],0,-1,10513,-1,2|131203|1,999,1,-1,2|372203|1,,2,2,-1,[],,,,-1,1
105140001,[],0,-1,10514,-1,2|131204|1,999,1,-1,2|372204|1,,2,2,-1,[],,,,-1,1
105150001,[],0,-1,10515,-1,2|131205|1,999,1,-1,2|372205|1,,2,2,-1,[],,,,-1,1
105160001,[],0,-1,10516,-1,2|131206|1,999,1,-1,2|372206|1,,2,2,-1,[],,,,-1,1
106130001,[],0,-1,10613,-1,2|131203|1,999,1,-1,2|372303|1,,2,2,-1,[],,,,-1,1
106140001,[],0,-1,10614,-1,2|131204|1,999,1,-1,2|372304|1,,2,2,-1,[],,,,-1,1
106150001,[],0,-1,10615,-1,2|131205|1,999,1,-1,2|372305|1,,2,2,-1,[],,,,-1,1
106160001,[],0,-1,10616,-1,2|131206|1,999,1,-1,2|372306|1,,2,2,-1,[],,,,-1,1
104230001,[],0,-1,10423,-1,2|131303|1,999,1,-1,2|373103|1,,2,2,-1,[],,,,-1,1
104240001,[],0,-1,10424,-1,2|131304|1,999,1,-1,2|373104|1,,2,2,-1,[],,,,-1,1
104250001,[],0,-1,10425,-1,2|131305|1,999,1,-1,2|373105|1,,2,2,-1,[],,,,-1,1
104260001,[],0,-1,10426,-1,2|131306|1,999,1,-1,2|373106|1,,2,2,-1,[],,,,-1,1
105230001,[],0,-1,10523,-1,2|131303|1,999,1,-1,2|373203|1,,2,2,-1,[],,,,-1,1
105240001,[],0,-1,10524,-1,2|131304|1,999,1,-1,2|373204|1,,2,2,-1,[],,,,-1,1
105250001,[],0,-1,10525,-1,2|131305|1,999,1,-1,2|373205|1,,2,2,-1,[],,,,-1,1
105260001,[],0,-1,10526,-1,2|131306|1,999,1,-1,2|373206|1,,2,2,-1,[],,,,-1,1
106230001,[],0,-1,10623,-1,2|131303|1,999,1,-1,2|373303|1,,2,2,-1,[],,,,-1,1
106240001,[],0,-1,10624,-1,2|131304|1,999,1,-1,2|373304|1,,2,2,-1,[],,,,-1,1
106250001,[],0,-1,10625,-1,2|131305|1,999,1,-1,2|373305|1,,2,2,-1,[],,,,-1,1
106260001,[],0,-1,10626,-1,2|131306|1,999,1,-1,2|373306|1,,2,2,-1,[],,,,-1,1
104330001,[],0,-1,10433,-1,2|131403|1,999,1,-1,2|374103|1,,2,2,-1,[],,,,-1,1
104340001,[],0,-1,10434,-1,2|131404|1,999,1,-1,2|374104|1,,2,2,-1,[],,,,-1,1
104350001,[],0,-1,10435,-1,2|131405|1,999,1,-1,2|374105|1,,2,2,-1,[],,,,-1,1
104360001,[],0,-1,10436,-1,2|131406|1,999,1,-1,2|374106|1,,2,2,-1,[],,,,-1,1
105330001,[],0,-1,10533,-1,2|131403|1,999,1,-1,2|374203|1,,2,2,-1,[],,,,-1,1
105340001,[],0,-1,10534,-1,2|131404|1,999,1,-1,2|374204|1,,2,2,-1,[],,,,-1,1
105350001,[],0,-1,10535,-1,2|131405|1,999,1,-1,2|374205|1,,2,2,-1,[],,,,-1,1
105360001,[],0,-1,10536,-1,2|131406|1,999,1,-1,2|374206|1,,2,2,-1,[],,,,-1,1
106330001,[],0,-1,10633,-1,2|131403|1,999,1,-1,2|374303|1,,2,2,-1,[],,,,-1,1
106340001,[],0,-1,10634,-1,2|131404|1,999,1,-1,2|374304|1,,2,2,-1,[],,,,-1,1
106350001,[],0,-1,10635,-1,2|131405|1,999,1,-1,2|374305|1,,2,2,-1,[],,,,-1,1
106360001,[],0,-1,10636,-1,2|131406|1,999,1,-1,2|374306|1,,2,2,-1,[],,,,-1,1
104430001,[],0,-1,10443,-1,2|131503|1,999,1,-1,2|375103|1,,2,2,-1,[],,,,-1,1
104440001,[],0,-1,10444,-1,2|131504|1,999,1,-1,2|375104|1,,2,2,-1,[],,,,-1,1
104450001,[],0,-1,10445,-1,2|131505|1,999,1,-1,2|375105|1,,2,2,-1,[],,,,-1,1
104460001,[],0,-1,10446,-1,2|131506|1,999,1,-1,2|375106|1,,2,2,-1,[],,,,-1,1
105430001,[],0,-1,10543,-1,2|131503|1,999,1,-1,2|375203|1,,2,2,-1,[],,,,-1,1
105440001,[],0,-1,10544,-1,2|131504|1,999,1,-1,2|375204|1,,2,2,-1,[],,,,-1,1
105450001,[],0,-1,10545,-1,2|131505|1,999,1,-1,2|375205|1,,2,2,-1,[],,,,-1,1
105460001,[],0,-1,10546,-1,2|131506|1,999,1,-1,2|375206|1,,2,2,-1,[],,,,-1,1
106430001,[],0,-1,10643,-1,2|131503|1,999,1,-1,2|375303|1,,2,2,-1,[],,,,-1,1
106440001,[],0,-1,10644,-1,2|131504|1,999,1,-1,2|375304|1,,2,2,-1,[],,,,-1,1
106450001,[],0,-1,10645,-1,2|131505|1,999,1,-1,2|375305|1,,2,2,-1,[],,,,-1,1
106460001,[],0,-1,10646,-1,2|131506|1,999,1,-1,2|375306|1,,2,2,-1,[],,,,-1,1
150010001,[],2,-1,15001,-1,6|10022|1,999,1,-1,2|1004|800,2|1004|1000,10,-1,-1,[],,,,-1,1
150020001,[],2,-1,15002,-1,6|20004|1,999,1,-1,2|1004|800,2|1004|1000,10,-1,-1,[],,,,-1,1
150030001,[],2,-1,15003,-1,6|30002|1,999,1,-1,2|1004|500,2|1004|1000,10,-1,-1,[],,,,-1,1
150040001,[],2,-1,15004,-1,6|104501|1,999,1,-1,2|1004|500,2|1004|1000,10,-1,-1,[],,,,-1,1
150050001,[],2,-1,15005,-1,6|105501|1,999,1,-1,2|1004|1000,,10,-1,-1,[],,,,-1,1
150060001,[],2,-1,15006,-1,6|106501|1,999,1,-1,2|1004|1000,,10,-1,-1,[],,,,-1,1
150070001,[],2,-1,15007,-1,6|107501|1,999,1,-1,2|1004|1000,,10,-1,-1,[],,,,-1,1
150080001,[],2,-1,15008,-1,6|107402|1,999,1,-1,2|1004|1000,,10,-1,-1,[],,,,-1,1
150090001,[],2,-1,15009,-1,6|20002|1,999,1,-1,2|1004|1000,,10,-1,-1,[],,,,-1,1
150100001,[],2,-1,15010,-1,6|10009|1,999,1,-1,2|1004|200,2|1004|250,10,-1,-1,[],,,,-1,1
150110001,[],2,-1,15011,-1,6|10010|1,999,1,-1,2|1004|200,2|1004|250,10,-1,-1,[],,,,-1,1
150120001,[],2,-1,15012,-1,6|10012|1,999,1,-1,2|1004|125,2|1004|250,10,-1,-1,[],,,,-1,1
150130001,[],2,-1,15013,-1,6|10014|1,999,1,-1,2|1004|125,2|1004|250,10,-1,-1,[],,,,-1,1
150140001,[],2,-1,15014,-1,6|10018|1,999,1,-1,2|1004|250,,10,-1,-1,[],,,,-1,1
150150001,[],2,-1,15015,-1,6|10019|1,999,1,-1,2|1004|250,,10,-1,-1,[],,,,-1,1
150160001,[],2,-1,15016,-1,6|10020|1,999,1,-1,2|1004|250,,10,-1,-1,[],,,,-1,1
150170001,[],2,-1,15017,-1,6|10021|1,999,1,-1,2|1004|250,,10,-1,-1,[],,,,-1,1
150180001,[],2,-1,15018,-1,6|20005|1,999,1,-1,2|1004|250,,10,-1,-1,[],,,,-1,1
150190001,[],2,-1,15019,-1,6|30001|1,999,1,-1,2|1004|250,,10,-1,-1,[],,,,-1,1
150200001,[],2,-1,15020,-1,6|106402|1,999,1,-1,2|1004|250,,10,-1,-1,[],,,,-1,1
150210001,[],2,-1,15021,-1,6|106403|1,999,1,-1,2|1004|250,,10,-1,-1,[],,,,-1,1
150220001,[],2,-1,15022,-1,6|10001|1,999,1,-1,2|1004|40,2|1004|50,10,-1,-1,[],,,,-1,1
150230001,[],2,-1,15023,-1,6|10002|1,999,1,-1,2|1004|40,2|1004|50,10,-1,-1,[],,,,-1,1
150240001,[],2,-1,15024,-1,6|10003|1,999,1,-1,2|1004|50,,10,-1,-1,[],,,,-1,1
150250001,[],2,-1,15025,-1,6|10004|1,999,1,-1,2|1004|50,,10,-1,-1,[],,,,-1,1
150260001,[],2,-1,15026,-1,6|10005|1,999,1,-1,2|1004|50,,10,-1,-1,[],,,,-1,1
150270001,[],2,-1,15027,-1,6|10006|1,999,1,-1,2|1004|50,,10,-1,-1,[],,,,-1,1
151010001,[],2,-1,15101,-1,6|108501|1,999,1,-1,2|1004|800,2|1004|1000,10,-1,-1,[],,,,-1,1
151020001,[],2,-1,15102,-1,6|108502|1,999,1,-1,2|1004|800,2|1004|1000,10,-1,-1,[],,,,-1,1
151030001,[],2,-1,15103,-1,6|111501|1,999,1,-1,2|1004|500,2|1004|1000,10,-1,-1,[],,,,-1,1
151040001,[],2,-1,15104,-1,6|111502|1,999,1,-1,2|1004|500,2|1004|1000,10,-1,-1,[],,,,-1,1
151050001,[],2,-1,15105,-1,6|111503|1,999,1,-1,2|1004|1000,,10,-1,-1,[],,,,-1,1
151060001,[],2,-1,15106,-1,6|210029|1,999,1,-1,2|1004|1000,,10,-1,-1,[],,,,-1,1
151070001,[],2,-1,15107,-1,6|210023|1,999,1,-1,2|1004|1000,,10,-1,-1,[],,,,-1,1
151080001,[],2,-1,15108,-1,6|210030|1,999,1,-1,2|1004|1000,,10,-1,-1,[],,,,-1,1
151090001,[],2,-1,15109,-1,6|210018|1,999,1,-1,2|1004|1000,,10,-1,-1,[],,,,-1,1
151100001,[],2,-1,15110,-1,6|30003|1,999,1,-1,2|1004|200,2|1004|250,10,-1,-1,[],,,,-1,1
151110001,[],2,-1,15111,-1,6|30004|1,999,1,-1,2|1004|200,2|1004|250,10,-1,-1,[],,,,-1,1
151120001,[],2,-1,15112,-1,6|30005|1,999,1,-1,2|1004|125,2|1004|250,10,-1,-1,[],,,,-1,1
151130001,[],2,-1,15113,-1,6|104401|1,999,1,-1,2|1004|125,2|1004|250,10,-1,-1,[],,,,-1,1
151140001,[],2,-1,15114,-1,6|104402|1,999,1,-1,2|1004|250,,10,-1,-1,[],,,,-1,1
151150001,[],2,-1,15115,-1,6|104403|1,999,1,-1,2|1004|250,,10,-1,-1,[],,,,-1,1
151160001,[],2,-1,15116,-1,6|104404|1,999,1,-1,2|1004|250,,10,-1,-1,[],,,,-1,1
151170001,[],2,-1,15117,-1,6|105401|1,999,1,-1,2|1004|250,,10,-1,-1,[],,,,-1,1
151180001,[],2,-1,15118,-1,6|105402|1,999,1,-1,2|1004|250,,10,-1,-1,[],,,,-1,1
151190001,[],2,-1,15119,-1,6|105403|1,999,1,-1,2|1004|250,,10,-1,-1,[],,,,-1,1
151200001,[],2,-1,15120,-1,6|105404|1,999,1,-1,2|1004|250,,10,-1,-1,[],,,,-1,1
151210001,[],2,-1,15121,-1,6|106401|1,999,1,-1,2|1004|250,,10,-1,-1,[],,,,-1,1
151220001,[],2,-1,15122,-1,6|10007|1,999,1,-1,2|1004|40,2|1004|50,10,-1,-1,[],,,,-1,1
151230001,[],2,-1,15123,-1,6|10008|1,999,1,-1,2|1004|40,2|1004|50,10,-1,-1,[],,,,-1,1
151240001,[],2,-1,15124,-1,6|10011|1,999,1,-1,2|1004|50,,10,-1,-1,[],,,,-1,1
151250001,[],2,-1,15125,-1,6|10013|1,999,1,-1,2|1004|50,,10,-1,-1,[],,,,-1,1
151260001,[],2,-1,15126,-1,6|10015|1,999,1,-1,2|1004|50,,10,-1,-1,[],,,,-1,1
151270001,[],2,-1,15127,-1,6|10016|1,999,1,-1,2|1004|50,,10,-1,-1,[],,,,-1,1
152010001,[],2,-1,15201,-1,6|20003|1,999,1,-1,2|1004|800,2|1004|1000,10,-1,-1,[],,,,-1,1
152020001,[],2,-1,15202,-1,6|109501|1,999,1,-1,2|1004|800,2|1004|1000,10,-1,-1,[],,,,-1,1
152030001,[],2,-1,15203,-1,6|110501|1,999,1,-1,2|1004|500,2|1004|1000,10,-1,-1,[],,,,-1,1
152040001,[],2,-1,15204,-1,6|110502|1,999,1,-1,2|1004|1000,,10,-1,-1,[],,,,-1,1
152050001,[],2,-1,15205,-1,6|113501|1,999,1,-1,2|1004|1000,,10,-1,-1,[],,,,-1,1
152060001,[],2,-1,15206,-1,6|106404|1,999,1,-1,2|1004|200,2|1004|250,10,-1,-1,[],,,,-1,1
152070001,[],2,-1,15207,-1,6|107401|1,999,1,-1,2|1004|200,2|1004|250,10,-1,-1,[],,,,-1,1
152080001,[],2,-1,15208,-1,6|107403|1,999,1,-1,2|1004|125,2|1004|250,10,-1,-1,[],,,,-1,1
152090001,[],2,-1,15209,-1,6|107404|1,999,1,-1,2|1004|125,2|1004|250,10,-1,-1,[],,,,-1,1
152100001,[],2,-1,15210,-1,6|109401|1,999,1,-1,2|1004|250,,10,-1,-1,[],,,,-1,1
152110001,[],2,-1,15211,-1,6|109402|1,999,1,-1,2|1004|250,,10,-1,-1,[],,,,-1,1
152120001,[],2,-1,15212,-1,6|109403|1,999,1,-1,2|1004|250,,10,-1,-1,[],,,,-1,1
152130001,[],2,-1,15213,-1,6|110401|1,999,1,-1,2|1004|250,,10,-1,-1,[],,,,-1,1
152140001,[],2,-1,15214,-1,6|110402|1,999,1,-1,2|1004|250,,10,-1,-1,[],,,,-1,1
152150001,[],2,-1,15215,-1,6|113401|1,999,1,-1,2|1004|250,,10,-1,-1,[],,,,-1,1
152160001,[],2,-1,15216,-1,6|113402|1,999,1,-1,2|1004|250,,10,-1,-1,[],,,,-1,1
152170001,[],2,-1,15217,-1,6|113403|1,999,1,-1,2|1004|250,,10,-1,-1,[],,,,-1,1
152180001,[],2,-1,15218,-1,6|10017|1,999,1,-1,2|1004|40,2|1004|50,10,-1,-1,[],,,,-1,1
152190001,[],2,-1,15219,-1,6|20001|1,999,1,-1,2|1004|40,2|1004|50,10,-1,-1,[],,,,-1,1
152200001,[],2,-1,15220,-1,6|109404|1,999,1,-1,2|1004|50,,10,-1,-1,[],,,,-1,1
152210001,[],2,-1,15221,-1,6|113301|1,999,1,-1,2|1004|50,,10,-1,-1,[],,,,-1,1
200030001,[],2,-1,20003,-1,6|10022|1,999,1,200001,2|1004|800,2|1004|1000,10,-1,-1,[],,,,-1,0
200030002,[],2,-1,20003,-1,6|20004|1,999,1,200002,2|1004|800,2|1004|1000,10,-1,-1,[],,,,-1,0
200030003,[],2,-1,20003,-1,6|30002|1,999,1,200003,2|1004|800,2|1004|1000,10,-1,-1,[],,,,-1,0
200030004,[],2,-1,20003,-1,6|104501|1,999,1,200004,2|1004|800,2|1004|1000,10,-1,-1,[],,,,-1,0
200030005,[],2,-1,20003,-1,6|105501|1,999,1,200005,2|1004|800,2|1004|1000,10,-1,-1,[],,,,-1,0
200030006,[],2,-1,20003,-1,6|106501|1,999,1,200006,2|1004|800,2|1004|1000,10,-1,-1,[],,,,-1,0
200030007,[],2,-1,20003,-1,6|107501|1,999,1,200007,2|1004|800,2|1004|1000,10,-1,-1,[],,,,-1,0
200030008,[],2,-1,20003,-1,6|107402|1,999,1,200008,2|1004|800,2|1004|1000,10,-1,-1,[],,,,-1,0
200030009,[],2,-1,20003,-1,6|20002|1,999,1,200009,2|1004|800,2|1004|1000,10,-1,-1,[],,,,-1,0
200030010,[],2,-1,20003,-1,6|108501|1,999,1,200010,2|1004|800,2|1004|1000,10,-1,-1,[],,,,-1,0
200030011,[],2,-1,20003,-1,6|108502|1,999,1,200011,2|1004|800,2|1004|1000,10,-1,-1,[],,,,-1,0
200030012,[],2,-1,20003,-1,6|111501|1,999,1,200012,2|1004|800,2|1004|1000,10,-1,-1,[],,,,-1,0
200030013,[],2,-1,20003,-1,6|111502|1,999,1,200013,2|1004|800,2|1004|1000,10,-1,-1,[],,,,-1,0
200030014,[],2,-1,20003,-1,6|111503|1,999,1,200014,2|1004|800,2|1004|1000,10,-1,-1,[],,,,-1,0
200030015,[],2,-1,20003,-1,6|210029|1,999,1,200015,2|1004|800,2|1004|1000,10,-1,-1,[],,,,-1,0
200030016,[],2,-1,20003,-1,6|210023|1,999,1,200016,2|1004|800,2|1004|1000,10,-1,-1,[],,,,-1,0
200030017,[],2,-1,20003,-1,6|210030|1,999,1,200017,2|1004|800,2|1004|1000,10,-1,-1,[],,,,-1,0
200030018,[],2,-1,20003,-1,6|210018|1,999,1,200018,2|1004|800,2|1004|1000,10,-1,-1,[],,,,-1,0
200030019,[],2,-1,20003,-1,6|20003|1,999,1,200019,2|1004|800,2|1004|1000,10,-1,-1,[],,,,-1,0
200030020,[],2,-1,20003,-1,6|109501|1,999,1,200020,2|1004|800,2|1004|1000,10,-1,-1,[],,,,-1,0
200030021,[],2,-1,20003,-1,6|110501|1,999,1,200021,2|1004|800,2|1004|1000,10,-1,-1,[],,,,-1,0
200030022,[],2,-1,20003,-1,6|110502|1,999,1,200022,2|1004|800,2|1004|1000,10,-1,-1,[],,,,-1,0
200030023,[],2,-1,20003,-1,6|113501|1,999,1,200023,2|1004|800,2|1004|1000,10,-1,-1,[],,,,-1,0
200030024,[],2,-1,20003,-1,6|10022|1,999,1,200001,2|1004|500,2|1004|1000,10,-1,-1,[],,,,-1,1
200030025,[],2,-1,20003,-1,6|20004|1,999,1,200002,2|1004|500,2|1004|1000,10,-1,-1,[],,,,-1,1
200030026,[],2,-1,20003,-1,6|30002|1,999,1,200003,2|1004|500,2|1004|1000,10,-1,-1,[],,,,-1,1
200030027,[],2,-1,20003,-1,6|104501|1,999,1,200004,2|1004|500,2|1004|1000,10,-1,-1,[],,,,-1,1
200030028,[],2,-1,20003,-1,6|105501|1,999,1,200005,2|1004|500,2|1004|1000,10,-1,-1,[],,,,-1,1
200030029,[],2,-1,20003,-1,6|106501|1,999,1,200006,2|1004|500,2|1004|1000,10,-1,-1,[],,,,-1,1
200030030,[],2,-1,20003,-1,6|107501|1,999,1,200007,2|1004|500,2|1004|1000,10,-1,-1,[],,,,-1,1
200030031,[],2,-1,20003,-1,6|107402|1,999,1,200008,2|1004|500,2|1004|1000,10,-1,-1,[],,,,-1,1
200030032,[],2,-1,20003,-1,6|20002|1,999,1,200009,2|1004|500,2|1004|1000,10,-1,-1,[],,,,-1,1
200030033,[],2,-1,20003,-1,6|108501|1,999,1,200010,2|1004|500,2|1004|1000,10,-1,-1,[],,,,-1,1
200030034,[],2,-1,20003,-1,6|108502|1,999,1,200011,2|1004|500,2|1004|1000,10,-1,-1,[],,,,-1,1
200030035,[],2,-1,20003,-1,6|111501|1,999,1,200012,2|1004|500,2|1004|1000,10,-1,-1,[],,,,-1,1
200030036,[],2,-1,20003,-1,6|111502|1,999,1,200013,2|1004|500,2|1004|1000,10,-1,-1,[],,,,-1,1
200030037,[],2,-1,20003,-1,6|111503|1,999,1,200014,2|1004|500,2|1004|1000,10,-1,-1,[],,,,-1,1
200030038,[],2,-1,20003,-1,6|210029|1,999,1,200015,2|1004|500,2|1004|1000,10,-1,-1,[],,,,-1,1
200030039,[],2,-1,20003,-1,6|210023|1,999,1,200016,2|1004|500,2|1004|1000,10,-1,-1,[],,,,-1,1
200030040,[],2,-1,20003,-1,6|210030|1,999,1,200017,2|1004|500,2|1004|1000,10,-1,-1,[],,,,-1,1
200030041,[],2,-1,20003,-1,6|210018|1,999,1,200018,2|1004|500,2|1004|1000,10,-1,-1,[],,,,-1,1
200030042,[],2,-1,20003,-1,6|20003|1,999,1,200019,2|1004|500,2|1004|1000,10,-1,-1,[],,,,-1,1
200030043,[],2,-1,20003,-1,6|109501|1,999,1,200020,2|1004|500,2|1004|1000,10,-1,-1,[],,,,-1,1
200030044,[],2,-1,20003,-1,6|110501|1,999,1,200021,2|1004|500,2|1004|1000,10,-1,-1,[],,,,-1,1
200030045,[],2,-1,20003,-1,6|110502|1,999,1,200022,2|1004|500,2|1004|1000,10,-1,-1,[],,,,-1,1
200030046,[],2,-1,20003,-1,6|113501|1,999,1,200023,2|1004|500,2|1004|1000,10,-1,-1,[],,,,-1,1
200040001,[],2,-1,20004,-1,6|10022|1,999,1,200001,2|1004|1000,,10,-1,-1,[],,,,-1,0
200040002,[],2,-1,20004,-1,6|20004|1,999,1,200002,2|1004|1000,,10,-1,-1,[],,,,-1,0
200040003,[],2,-1,20004,-1,6|30002|1,999,1,200003,2|1004|1000,,10,-1,-1,[],,,,-1,0
200040004,[],2,-1,20004,-1,6|104501|1,999,1,200004,2|1004|1000,,10,-1,-1,[],,,,-1,0
200040005,[],2,-1,20004,-1,6|105501|1,999,1,200005,2|1004|1000,,10,-1,-1,[],,,,-1,0
200040006,[],2,-1,20004,-1,6|106501|1,999,1,200006,2|1004|1000,,10,-1,-1,[],,,,-1,0
200040007,[],2,-1,20004,-1,6|107501|1,999,1,200007,2|1004|1000,,10,-1,-1,[],,,,-1,0
200040008,[],2,-1,20004,-1,6|107402|1,999,1,200008,2|1004|1000,,10,-1,-1,[],,,,-1,0
200040009,[],2,-1,20004,-1,6|20002|1,999,1,200009,2|1004|1000,,10,-1,-1,[],,,,-1,0
200040010,[],2,-1,20004,-1,6|108501|1,999,1,200010,2|1004|1000,,10,-1,-1,[],,,,-1,0
200040011,[],2,-1,20004,-1,6|108502|1,999,1,200011,2|1004|1000,,10,-1,-1,[],,,,-1,0
200040012,[],2,-1,20004,-1,6|111501|1,999,1,200012,2|1004|1000,,10,-1,-1,[],,,,-1,10
200040013,[],2,-1,20004,-1,6|111502|1,999,1,200013,2|1004|1000,,10,-1,-1,[],,,,-1,10
200040014,[],2,-1,20004,-1,6|111503|1,999,1,200014,2|1004|1000,,10,-1,-1,[],,,,-1,10
200040015,[],2,-1,20004,-1,6|210029|1,999,1,200015,2|1004|1000,,10,-1,-1,[],,,,-1,10
200040016,[],2,-1,20004,-1,6|210023|1,999,1,200016,2|1004|1000,,10,-1,-1,[],,,,-1,10
200040017,[],2,-1,20004,-1,6|210030|1,999,1,200017,2|1004|1000,,10,-1,-1,[],,,,-1,10
200040018,[],2,-1,20004,-1,6|210018|1,999,1,200018,2|1004|1000,,10,-1,-1,[],,,,-1,10
200040019,[],2,-1,20004,-1,6|20003|1,999,1,200019,2|1004|1000,,10,-1,-1,[],,,,-1,10
200040020,[],2,-1,20004,-1,6|109501|1,999,1,200020,2|1004|1000,,10,-1,-1,[],,,,-1,10
200040021,[],2,-1,20004,-1,6|110501|1,999,1,200021,2|1004|1000,,10,-1,-1,[],,,,-1,10
200040022,[],2,-1,20004,-1,6|110502|1,999,1,200022,2|1004|1000,,10,-1,-1,[],,,,-1,10
200040023,[],2,-1,20004,-1,6|113501|1,999,1,200023,2|1004|1000,,10,-1,-1,[],,,,-1,10
200040024,[],2,-1,20004,-1,6|10022|1,999,1,200001,2|1004|800,2|1004|1000,10,-1,-1,[],,,,-1,2
200040025,[],2,-1,20004,-1,6|20004|1,999,1,200002,2|1004|800,2|1004|1000,10,-1,-1,[],,,,-1,2
200040026,[],2,-1,20004,-1,6|30002|1,999,1,200003,2|1004|800,2|1004|1000,10,-1,-1,[],,,,-1,2
200040027,[],2,-1,20004,-1,6|104501|1,999,1,200004,2|1004|800,2|1004|1000,10,-1,-1,[],,,,-1,2
200040028,[],2,-1,20004,-1,6|105501|1,999,1,200005,2|1004|800,2|1004|1000,10,-1,-1,[],,,,-1,2
200040029,[],2,-1,20004,-1,6|106501|1,999,1,200006,2|1004|800,2|1004|1000,10,-1,-1,[],,,,-1,2
200040030,[],2,-1,20004,-1,6|107501|1,999,1,200007,2|1004|800,2|1004|1000,10,-1,-1,[],,,,-1,2
200040031,[],2,-1,20004,-1,6|107402|1,999,1,200008,2|1004|800,2|1004|1000,10,-1,-1,[],,,,-1,2
200040032,[],2,-1,20004,-1,6|20002|1,999,1,200009,2|1004|800,2|1004|1000,10,-1,-1,[],,,,-1,2
200040033,[],2,-1,20004,-1,6|108501|1,999,1,200010,2|1004|800,2|1004|1000,10,-1,-1,[],,,,-1,2
200040034,[],2,-1,20004,-1,6|108502|1,999,1,200011,2|1004|800,2|1004|1000,10,-1,-1,[],,,,-1,2
200040035,[],2,-1,20004,-1,6|111501|1,999,1,200012,2|1004|800,2|1004|1000,10,-1,-1,[],,,,-1,0
200040036,[],2,-1,20004,-1,6|111502|1,999,1,200013,2|1004|800,2|1004|1000,10,-1,-1,[],,,,-1,0
200040037,[],2,-1,20004,-1,6|111503|1,999,1,200014,2|1004|800,2|1004|1000,10,-1,-1,[],,,,-1,0
200040038,[],2,-1,20004,-1,6|210029|1,999,1,200015,2|1004|800,2|1004|1000,10,-1,-1,[],,,,-1,0
200040039,[],2,-1,20004,-1,6|210023|1,999,1,200016,2|1004|800,2|1004|1000,10,-1,-1,[],,,,-1,0
200040040,[],2,-1,20004,-1,6|210030|1,999,1,200017,2|1004|800,2|1004|1000,10,-1,-1,[],,,,-1,0
200040041,[],2,-1,20004,-1,6|210018|1,999,1,200018,2|1004|800,2|1004|1000,10,-1,-1,[],,,,-1,0
200040042,[],2,-1,20004,-1,6|20003|1,999,1,200019,2|1004|800,2|1004|1000,10,-1,-1,[],,,,-1,0
200040043,[],2,-1,20004,-1,6|109501|1,999,1,200020,2|1004|800,2|1004|1000,10,-1,-1,[],,,,-1,0
200040044,[],2,-1,20004,-1,6|110501|1,999,1,200021,2|1004|800,2|1004|1000,10,-1,-1,[],,,,-1,0
200040045,[],2,-1,20004,-1,6|110502|1,999,1,200022,2|1004|800,2|1004|1000,10,-1,-1,[],,,,-1,0
200040046,[],2,-1,20004,-1,6|113501|1,999,1,200023,2|1004|800,2|1004|1000,10,-1,-1,[],,,,-1,0
300030001,[],2,-1,30003,-1,6|10009|1,999,1,300001,2|1004|200,2|1004|250,10,-1,-1,[],,,,-1,0
300030002,[],2,-1,30003,-1,6|10010|1,999,1,300002,2|1004|200,2|1004|250,10,-1,-1,[],,,,-1,0
300030003,[],2,-1,30003,-1,6|10012|1,999,1,300003,2|1004|200,2|1004|250,10,-1,-1,[],,,,-1,0
300030004,[],2,-1,30003,-1,6|10014|1,999,1,300004,2|1004|200,2|1004|250,10,-1,-1,[],,,,-1,0
300030005,[],2,-1,30003,-1,6|10018|1,999,1,300005,2|1004|200,2|1004|250,10,-1,-1,[],,,,-1,0
300030006,[],2,-1,30003,-1,6|10019|1,999,1,300006,2|1004|200,2|1004|250,10,-1,-1,[],,,,-1,0
300030007,[],2,-1,30003,-1,6|10020|1,999,1,300007,2|1004|200,2|1004|250,10,-1,-1,[],,,,-1,0
300030008,[],2,-1,30003,-1,6|10021|1,999,1,300008,2|1004|200,2|1004|250,10,-1,-1,[],,,,-1,0
300030009,[],2,-1,30003,-1,6|20005|1,999,1,300009,2|1004|200,2|1004|250,10,-1,-1,[],,,,-1,0
300030010,[],2,-1,30003,-1,6|30001|1,999,1,300010,2|1004|200,2|1004|250,10,-1,-1,[],,,,-1,0
300030011,[],2,-1,30003,-1,6|30003|1,999,1,300011,2|1004|200,2|1004|250,10,-1,-1,[],,,,-1,0
300030012,[],2,-1,30003,-1,6|30004|1,999,1,300012,2|1004|200,2|1004|250,10,-1,-1,[],,,,-1,0
300030013,[],2,-1,30003,-1,6|30005|1,999,1,300013,2|1004|200,2|1004|250,10,-1,-1,[],,,,-1,0
300030014,[],2,-1,30003,-1,6|104401|1,999,1,300014,2|1004|200,2|1004|250,10,-1,-1,[],,,,-1,0
300030015,[],2,-1,30003,-1,6|104402|1,999,1,300015,2|1004|200,2|1004|250,10,-1,-1,[],,,,-1,0
300030016,[],2,-1,30003,-1,6|104403|1,999,1,300016,2|1004|200,2|1004|250,10,-1,-1,[],,,,-1,0
300030017,[],2,-1,30003,-1,6|104404|1,999,1,300017,2|1004|200,2|1004|250,10,-1,-1,[],,,,-1,0
300030018,[],2,-1,30003,-1,6|105401|1,999,1,300018,2|1004|200,2|1004|250,10,-1,-1,[],,,,-1,0
300030019,[],2,-1,30003,-1,6|105402|1,999,1,300019,2|1004|200,2|1004|250,10,-1,-1,[],,,,-1,0
300030020,[],2,-1,30003,-1,6|105403|1,999,1,300020,2|1004|200,2|1004|250,10,-1,-1,[],,,,-1,0
300030021,[],2,-1,30003,-1,6|105404|1,999,1,300021,2|1004|200,2|1004|250,10,-1,-1,[],,,,-1,0
300030022,[],2,-1,30003,-1,6|106401|1,999,1,300022,2|1004|200,2|1004|250,10,-1,-1,[],,,,-1,0
300030023,[],2,-1,30003,-1,6|106402|1,999,1,300023,2|1004|200,2|1004|250,10,-1,-1,[],,,,-1,0
300030024,[],2,-1,30003,-1,6|106403|1,999,1,300024,2|1004|200,2|1004|250,10,-1,-1,[],,,,-1,0
300030025,[],2,-1,30003,-1,6|106404|1,999,1,300025,2|1004|200,2|1004|250,10,-1,-1,[],,,,-1,0
300030026,[],2,-1,30003,-1,6|107401|1,999,1,300026,2|1004|200,2|1004|250,10,-1,-1,[],,,,-1,0
300030027,[],2,-1,30003,-1,6|107403|1,999,1,300027,2|1004|200,2|1004|250,10,-1,-1,[],,,,-1,0
300030028,[],2,-1,30003,-1,6|107404|1,999,1,300028,2|1004|200,2|1004|250,10,-1,-1,[],,,,-1,0
300030029,[],2,-1,30003,-1,6|109401|1,999,1,300029,2|1004|200,2|1004|250,10,-1,-1,[],,,,-1,0
300030030,[],2,-1,30003,-1,6|109402|1,999,1,300030,2|1004|200,2|1004|250,10,-1,-1,[],,,,-1,0
300030031,[],2,-1,30003,-1,6|109403|1,999,1,300031,2|1004|200,2|1004|250,10,-1,-1,[],,,,-1,0
300030032,[],2,-1,30003,-1,6|110401|1,999,1,300032,2|1004|200,2|1004|250,10,-1,-1,[],,,,-1,0
300030033,[],2,-1,30003,-1,6|110402|1,999,1,300033,2|1004|200,2|1004|250,10,-1,-1,[],,,,-1,0
300030034,[],2,-1,30003,-1,6|113401|1,999,1,300034,2|1004|200,2|1004|250,10,-1,-1,[],,,,-1,0
300030035,[],2,-1,30003,-1,6|113402|1,999,1,300035,2|1004|200,2|1004|250,10,-1,-1,[],,,,-1,0
300030036,[],2,-1,30003,-1,6|113403|1,999,1,300036,2|1004|200,2|1004|250,10,-1,-1,[],,,,-1,0
300030073,[],2,-1,30003,-1,6|113403|1,999,1,300037,2|1004|200,2|1004|250,10,-1,-1,[],,,,-1,0
300030037,[],2,-1,30003,-1,6|10009|1,999,1,300001,2|1004|125,2|1004|250,10,-1,-1,[],,,,-1,1
300030038,[],2,-1,30003,-1,6|10010|1,999,1,300002,2|1004|125,2|1004|250,10,-1,-1,[],,,,-1,1
300030039,[],2,-1,30003,-1,6|10012|1,999,1,300003,2|1004|125,2|1004|250,10,-1,-1,[],,,,-1,1
300030040,[],2,-1,30003,-1,6|10014|1,999,1,300004,2|1004|125,2|1004|250,10,-1,-1,[],,,,-1,1
300030041,[],2,-1,30003,-1,6|10018|1,999,1,300005,2|1004|125,2|1004|250,10,-1,-1,[],,,,-1,1
300030042,[],2,-1,30003,-1,6|10019|1,999,1,300006,2|1004|125,2|1004|250,10,-1,-1,[],,,,-1,1
300030043,[],2,-1,30003,-1,6|10020|1,999,1,300007,2|1004|125,2|1004|250,10,-1,-1,[],,,,-1,1
300030044,[],2,-1,30003,-1,6|10021|1,999,1,300008,2|1004|125,2|1004|250,10,-1,-1,[],,,,-1,1
300030045,[],2,-1,30003,-1,6|20005|1,999,1,300009,2|1004|125,2|1004|250,10,-1,-1,[],,,,-1,1
300030046,[],2,-1,30003,-1,6|30001|1,999,1,300010,2|1004|125,2|1004|250,10,-1,-1,[],,,,-1,1
300030047,[],2,-1,30003,-1,6|30003|1,999,1,300011,2|1004|125,2|1004|250,10,-1,-1,[],,,,-1,1
300030048,[],2,-1,30003,-1,6|30004|1,999,1,300012,2|1004|125,2|1004|250,10,-1,-1,[],,,,-1,1
300030049,[],2,-1,30003,-1,6|30005|1,999,1,300013,2|1004|125,2|1004|250,10,-1,-1,[],,,,-1,1
300030050,[],2,-1,30003,-1,6|104401|1,999,1,300014,2|1004|125,2|1004|250,10,-1,-1,[],,,,-1,1
300030051,[],2,-1,30003,-1,6|104402|1,999,1,300015,2|1004|125,2|1004|250,10,-1,-1,[],,,,-1,1
300030052,[],2,-1,30003,-1,6|104403|1,999,1,300016,2|1004|125,2|1004|250,10,-1,-1,[],,,,-1,1
300030053,[],2,-1,30003,-1,6|104404|1,999,1,300017,2|1004|125,2|1004|250,10,-1,-1,[],,,,-1,1
300030054,[],2,-1,30003,-1,6|105401|1,999,1,300018,2|1004|125,2|1004|250,10,-1,-1,[],,,,-1,1
300030055,[],2,-1,30003,-1,6|105402|1,999,1,300019,2|1004|125,2|1004|250,10,-1,-1,[],,,,-1,1
300030056,[],2,-1,30003,-1,6|105403|1,999,1,300020,2|1004|125,2|1004|250,10,-1,-1,[],,,,-1,1
300030057,[],2,-1,30003,-1,6|105404|1,999,1,300021,2|1004|125,2|1004|250,10,-1,-1,[],,,,-1,1
300030058,[],2,-1,30003,-1,6|106401|1,999,1,300022,2|1004|125,2|1004|250,10,-1,-1,[],,,,-1,1
300030059,[],2,-1,30003,-1,6|106402|1,999,1,300023,2|1004|125,2|1004|250,10,-1,-1,[],,,,-1,1
300030060,[],2,-1,30003,-1,6|106403|1,999,1,300024,2|1004|125,2|1004|250,10,-1,-1,[],,,,-1,1
300030061,[],2,-1,30003,-1,6|106404|1,999,1,300025,2|1004|125,2|1004|250,10,-1,-1,[],,,,-1,1
300030062,[],2,-1,30003,-1,6|107401|1,999,1,300026,2|1004|125,2|1004|250,10,-1,-1,[],,,,-1,1
300030063,[],2,-1,30003,-1,6|107403|1,999,1,300027,2|1004|125,2|1004|250,10,-1,-1,[],,,,-1,1
300030064,[],2,-1,30003,-1,6|107404|1,999,1,300028,2|1004|125,2|1004|250,10,-1,-1,[],,,,-1,1
300030065,[],2,-1,30003,-1,6|109401|1,999,1,300029,2|1004|125,2|1004|250,10,-1,-1,[],,,,-1,1
300030066,[],2,-1,30003,-1,6|109402|1,999,1,300030,2|1004|125,2|1004|250,10,-1,-1,[],,,,-1,1
300030067,[],2,-1,30003,-1,6|109403|1,999,1,300031,2|1004|125,2|1004|250,10,-1,-1,[],,,,-1,1
300030068,[],2,-1,30003,-1,6|110401|1,999,1,300032,2|1004|125,2|1004|250,10,-1,-1,[],,,,-1,1
300030069,[],2,-1,30003,-1,6|110402|1,999,1,300033,2|1004|125,2|1004|250,10,-1,-1,[],,,,-1,1
300030070,[],2,-1,30003,-1,6|113401|1,999,1,300034,2|1004|125,2|1004|250,10,-1,-1,[],,,,-1,1
300030071,[],2,-1,30003,-1,6|113402|1,999,1,300035,2|1004|125,2|1004|250,10,-1,-1,[],,,,-1,1
300030072,[],2,-1,30003,-1,6|113403|1,999,1,300036,2|1004|125,2|1004|250,10,-1,-1,[],,,,-1,1
300030074,[],2,-1,30004,-1,6|110403|1,999,1,300037,2|1004|125,2|1004|250,10,-1,-1,[],,,,-1,1
300040001,[],2,-1,30004,-1,6|10009|1,999,1,300001,2|1004|250,,10,-1,-1,[],,,,-1,0
300040002,[],2,-1,30004,-1,6|10010|1,999,1,300002,2|1004|250,,10,-1,-1,[],,,,-1,0
300040003,[],2,-1,30004,-1,6|10012|1,999,1,300003,2|1004|250,,10,-1,-1,[],,,,-1,0
300040004,[],2,-1,30004,-1,6|10014|1,999,1,300004,2|1004|250,,10,-1,-1,[],,,,-1,0
300040005,[],2,-1,30004,-1,6|10018|1,999,1,300005,2|1004|250,,10,-1,-1,[],,,,-1,0
300040006,[],2,-1,30004,-1,6|10019|1,999,1,300006,2|1004|250,,10,-1,-1,[],,,,-1,0
300040007,[],2,-1,30004,-1,6|10020|1,999,1,300007,2|1004|250,,10,-1,-1,[],,,,-1,0
300040008,[],2,-1,30004,-1,6|10021|1,999,1,300008,2|1004|250,,10,-1,-1,[],,,,-1,0
300040009,[],2,-1,30004,-1,6|20005|1,999,1,300009,2|1004|250,,10,-1,-1,[],,,,-1,0
300040010,[],2,-1,30004,-1,6|30001|1,999,1,300010,2|1004|250,,10,-1,-1,[],,,,-1,0
300040011,[],2,-1,30004,-1,6|30003|1,999,1,300011,2|1004|250,,10,-1,-1,[],,,,-1,0
300040012,[],2,-1,30004,-1,6|30004|1,999,1,300012,2|1004|250,,10,-1,-1,[],,,,-1,0
300040013,[],2,-1,30004,-1,6|30005|1,999,1,300013,2|1004|250,,10,-1,-1,[],,,,-1,0
300040014,[],2,-1,30004,-1,6|104401|1,999,1,300014,2|1004|250,,10,-1,-1,[],,,,-1,0
300040015,[],2,-1,30004,-1,6|104402|1,999,1,300015,2|1004|250,,10,-1,-1,[],,,,-1,0
300040016,[],2,-1,30004,-1,6|104403|1,999,1,300016,2|1004|250,,10,-1,-1,[],,,,-1,0
300040017,[],2,-1,30004,-1,6|104404|1,999,1,300017,2|1004|250,,10,-1,-1,[],,,,-1,0
300040018,[],2,-1,30004,-1,6|105401|1,999,1,300018,2|1004|250,,10,-1,-1,[],,,,-1,10
300040019,[],2,-1,30004,-1,6|105402|1,999,1,300019,2|1004|250,,10,-1,-1,[],,,,-1,10
300040020,[],2,-1,30004,-1,6|105403|1,999,1,300020,2|1004|250,,10,-1,-1,[],,,,-1,10
300040021,[],2,-1,30004,-1,6|105404|1,999,1,300021,2|1004|250,,10,-1,-1,[],,,,-1,10
300040022,[],2,-1,30004,-1,6|106401|1,999,1,300022,2|1004|250,,10,-1,-1,[],,,,-1,10
300040023,[],2,-1,30004,-1,6|106402|1,999,1,300023,2|1004|250,,10,-1,-1,[],,,,-1,10
300040024,[],2,-1,30004,-1,6|106403|1,999,1,300024,2|1004|250,,10,-1,-1,[],,,,-1,10
300040025,[],2,-1,30004,-1,6|106404|1,999,1,300025,2|1004|250,,10,-1,-1,[],,,,-1,10
300040026,[],2,-1,30004,-1,6|107401|1,999,1,300026,2|1004|250,,10,-1,-1,[],,,,-1,10
300040027,[],2,-1,30004,-1,6|107403|1,999,1,300027,2|1004|250,,10,-1,-1,[],,,,-1,10
300040028,[],2,-1,30004,-1,6|107404|1,999,1,300028,2|1004|250,,10,-1,-1,[],,,,-1,10
300040029,[],2,-1,30004,-1,6|109401|1,999,1,300029,2|1004|250,,10,-1,-1,[],,,,-1,10
300040030,[],2,-1,30004,-1,6|109402|1,999,1,300030,2|1004|250,,10,-1,-1,[],,,,-1,10
300040031,[],2,-1,30004,-1,6|109403|1,999,1,300031,2|1004|250,,10,-1,-1,[],,,,-1,10
300040032,[],2,-1,30004,-1,6|110401|1,999,1,300032,2|1004|250,,10,-1,-1,[],,,,-1,10
300040033,[],2,-1,30004,-1,6|110402|1,999,1,300033,2|1004|250,,10,-1,-1,[],,,,-1,10
300040034,[],2,-1,30004,-1,6|113401|1,999,1,300034,2|1004|250,,10,-1,-1,[],,,,-1,10
300040035,[],2,-1,30004,-1,6|113402|1,999,1,300035,2|1004|250,,10,-1,-1,[],,,,-1,10
300040036,[],2,-1,30004,-1,6|113403|1,999,1,300036,2|1004|250,,10,-1,-1,[],,,,-1,10
300040073,[],2,-1,30004,-1,6|110403|1,999,1,300037,2|1004|250,,10,-1,-1,[],,,,-1,10
300040037,[],2,-1,30004,-1,6|10009|1,999,1,300001,2|1004|200,2|1004|250,10,-1,-1,[],,,,-1,2
300040038,[],2,-1,30004,-1,6|10010|1,999,1,300002,2|1004|200,2|1004|250,10,-1,-1,[],,,,-1,2
300040039,[],2,-1,30004,-1,6|10012|1,999,1,300003,2|1004|200,2|1004|250,10,-1,-1,[],,,,-1,2
300040040,[],2,-1,30004,-1,6|10014|1,999,1,300004,2|1004|200,2|1004|250,10,-1,-1,[],,,,-1,2
300040041,[],2,-1,30004,-1,6|10018|1,999,1,300005,2|1004|200,2|1004|250,10,-1,-1,[],,,,-1,2
300040042,[],2,-1,30004,-1,6|10019|1,999,1,300006,2|1004|200,2|1004|250,10,-1,-1,[],,,,-1,2
300040043,[],2,-1,30004,-1,6|10020|1,999,1,300007,2|1004|200,2|1004|250,10,-1,-1,[],,,,-1,2
300040044,[],2,-1,30004,-1,6|10021|1,999,1,300008,2|1004|200,2|1004|250,10,-1,-1,[],,,,-1,2
300040045,[],2,-1,30004,-1,6|20005|1,999,1,300009,2|1004|200,2|1004|250,10,-1,-1,[],,,,-1,2
300040046,[],2,-1,30004,-1,6|30001|1,999,1,300010,2|1004|200,2|1004|250,10,-1,-1,[],,,,-1,2
300040047,[],2,-1,30004,-1,6|30003|1,999,1,300011,2|1004|200,2|1004|250,10,-1,-1,[],,,,-1,2
300040048,[],2,-1,30004,-1,6|30004|1,999,1,300012,2|1004|200,2|1004|250,10,-1,-1,[],,,,-1,2
300040049,[],2,-1,30004,-1,6|30005|1,999,1,300013,2|1004|200,2|1004|250,10,-1,-1,[],,,,-1,2
300040050,[],2,-1,30004,-1,6|104401|1,999,1,300014,2|1004|200,2|1004|250,10,-1,-1,[],,,,-1,2
300040051,[],2,-1,30004,-1,6|104402|1,999,1,300015,2|1004|200,2|1004|250,10,-1,-1,[],,,,-1,2
300040052,[],2,-1,30004,-1,6|104403|1,999,1,300016,2|1004|200,2|1004|250,10,-1,-1,[],,,,-1,2
300040053,[],2,-1,30004,-1,6|104404|1,999,1,300017,2|1004|200,2|1004|250,10,-1,-1,[],,,,-1,2
300040054,[],2,-1,30004,-1,6|105401|1,999,1,300018,2|1004|200,2|1004|250,10,-1,-1,[],,,,-1,0
300040055,[],2,-1,30004,-1,6|105402|1,999,1,300019,2|1004|200,2|1004|250,10,-1,-1,[],,,,-1,0
300040056,[],2,-1,30004,-1,6|105403|1,999,1,300020,2|1004|200,2|1004|250,10,-1,-1,[],,,,-1,0
300040057,[],2,-1,30004,-1,6|105404|1,999,1,300021,2|1004|200,2|1004|250,10,-1,-1,[],,,,-1,0
300040058,[],2,-1,30004,-1,6|106401|1,999,1,300022,2|1004|200,2|1004|250,10,-1,-1,[],,,,-1,0
300040059,[],2,-1,30004,-1,6|106402|1,999,1,300023,2|1004|200,2|1004|250,10,-1,-1,[],,,,-1,0
300040060,[],2,-1,30004,-1,6|106403|1,999,1,300024,2|1004|200,2|1004|250,10,-1,-1,[],,,,-1,0
300040061,[],2,-1,30004,-1,6|106404|1,999,1,300025,2|1004|200,2|1004|250,10,-1,-1,[],,,,-1,0
300040062,[],2,-1,30004,-1,6|107401|1,999,1,300026,2|1004|200,2|1004|250,10,-1,-1,[],,,,-1,0
300040063,[],2,-1,30004,-1,6|107403|1,999,1,300027,2|1004|200,2|1004|250,10,-1,-1,[],,,,-1,0
300040064,[],2,-1,30004,-1,6|107404|1,999,1,300028,2|1004|200,2|1004|250,10,-1,-1,[],,,,-1,0
300040065,[],2,-1,30004,-1,6|109401|1,999,1,300029,2|1004|200,2|1004|250,10,-1,-1,[],,,,-1,0
300040066,[],2,-1,30004,-1,6|109402|1,999,1,300030,2|1004|200,2|1004|250,10,-1,-1,[],,,,-1,0
300040067,[],2,-1,30004,-1,6|109403|1,999,1,300031,2|1004|200,2|1004|250,10,-1,-1,[],,,,-1,0
300040068,[],2,-1,30004,-1,6|110401|1,999,1,300032,2|1004|200,2|1004|250,10,-1,-1,[],,,,-1,0
300040069,[],2,-1,30004,-1,6|110402|1,999,1,300033,2|1004|200,2|1004|250,10,-1,-1,[],,,,-1,0
300040070,[],2,-1,30004,-1,6|113401|1,999,1,300034,2|1004|200,2|1004|250,10,-1,-1,[],,,,-1,0
300040071,[],2,-1,30004,-1,6|113402|1,999,1,300035,2|1004|200,2|1004|250,10,-1,-1,[],,,,-1,0
300040072,[],2,-1,30004,-1,6|113403|1,999,1,300036,2|1004|200,2|1004|250,10,-1,-1,[],,,,-1,0
300040074,[],2,-1,30004,-1,6|110403|1,999,1,300037,2|1004|200,2|1004|250,10,-1,-1,[],,,,-1,0
400030001,[],2,-1,40003,-1,6|10001|1,999,1,400001,2|1004|40,2|1004|50,10,-1,-1,[],,,,-1,1
400030002,[],2,-1,40003,-1,6|10002|1,999,1,400002,2|1004|40,2|1004|50,10,-1,-1,[],,,,-1,1
400030003,[],2,-1,40003,-1,6|10003|1,999,1,400003,2|1004|40,2|1004|50,10,-1,-1,[],,,,-1,1
400030004,[],2,-1,40003,-1,6|10004|1,999,1,400004,2|1004|40,2|1004|50,10,-1,-1,[],,,,-1,1
400030005,[],2,-1,40003,-1,6|10005|1,999,1,400005,2|1004|40,2|1004|50,10,-1,-1,[],,,,-1,1
400030006,[],2,-1,40003,-1,6|10006|1,999,1,400006,2|1004|40,2|1004|50,10,-1,-1,[],,,,-1,1
400030007,[],2,-1,40003,-1,6|10007|1,999,1,400007,2|1004|40,2|1004|50,10,-1,-1,[],,,,-1,1
400030008,[],2,-1,40003,-1,6|10008|1,999,1,400008,2|1004|40,2|1004|50,10,-1,-1,[],,,,-1,1
400030009,[],2,-1,40003,-1,6|10011|1,999,1,400009,2|1004|40,2|1004|50,10,-1,-1,[],,,,-1,1
400030010,[],2,-1,40003,-1,6|10013|1,999,1,400010,2|1004|40,2|1004|50,10,-1,-1,[],,,,-1,1
400030011,[],2,-1,40003,-1,6|10015|1,999,1,400011,2|1004|40,2|1004|50,10,-1,-1,[],,,,-1,1
400030012,[],2,-1,40003,-1,6|10016|1,999,1,400012,2|1004|40,2|1004|50,10,-1,-1,[],,,,-1,1
400030013,[],2,-1,40003,-1,6|10017|1,999,1,400013,2|1004|40,2|1004|50,10,-1,-1,[],,,,-1,1
400030014,[],2,-1,40003,-1,6|20001|1,999,1,400014,2|1004|40,2|1004|50,10,-1,-1,[],,,,-1,1
400030015,[],2,-1,40003,-1,6|109404|1,999,1,400015,2|1004|40,2|1004|50,10,-1,-1,[],,,,-1,1
400030016,[],2,-1,40003,-1,6|113301|1,999,1,400016,2|1004|40,2|1004|50,10,-1,-1,[],,,,-1,1
400040001,[],2,-1,40004,-1,6|10001|1,999,1,400001,2|1004|50,,10,-1,-1,[],,,,-1,1
400040002,[],2,-1,40004,-1,6|10002|1,999,1,400002,2|1004|50,,10,-1,-1,[],,,,-1,1
400040003,[],2,-1,40004,-1,6|10003|1,999,1,400003,2|1004|50,,10,-1,-1,[],,,,-1,1
400040004,[],2,-1,40004,-1,6|10004|1,999,1,400004,2|1004|50,,10,-1,-1,[],,,,-1,1
400040005,[],2,-1,40004,-1,6|10005|1,999,1,400005,2|1004|50,,10,-1,-1,[],,,,-1,1
400040006,[],2,-1,40004,-1,6|10006|1,999,1,400006,2|1004|50,,10,-1,-1,[],,,,-1,1
400040007,[],2,-1,40004,-1,6|10007|1,999,1,400007,2|1004|50,,10,-1,-1,[],,,,-1,1
400040008,[],2,-1,40004,-1,6|10008|1,999,1,400008,2|1004|50,,10,-1,-1,[],,,,-1,1
400040009,[],2,-1,40004,-1,6|10011|1,999,1,400009,2|1004|50,,10,-1,-1,[],,,,-1,1
400040010,[],2,-1,40004,-1,6|10013|1,999,1,400010,2|1004|50,,10,-1,-1,[],,,,-1,1
400040011,[],2,-1,40004,-1,6|10015|1,999,1,400011,2|1004|50,,10,-1,-1,[],,,,-1,1
400040012,[],2,-1,40004,-1,6|10016|1,999,1,400012,2|1004|50,,10,-1,-1,[],,,,-1,1
400040013,[],2,-1,40004,-1,6|10017|1,999,1,400013,2|1004|50,,10,-1,-1,[],,,,-1,1
400040014,[],2,-1,40004,-1,6|20001|1,999,1,400014,2|1004|50,,10,-1,-1,[],,,,-1,1
400040015,[],2,-1,40004,-1,6|109404|1,999,1,400015,2|1004|50,,10,-1,-1,[],,,,-1,1
400040016,[],2,-1,40004,-1,6|113301|1,999,1,400016,2|1004|50,,10,-1,-1,[],,,,-1,1
107001001,[],2,-1,107001,-1,2|2024501|1,999,999,-1,999|17|15000,,1,-1,-1,[],,,,-1,1
107001002,[],2,-1,107001,-1,2|2024502|1,999,999,-1,999|17|15000,,1,-1,-1,[],,,,-1,1
107002001,[],1,-1,107002,-1,2|304003|2,999,1,-1,999|17|600,,1,-1,-1,[],,,,-1,1
107002002,[],1,-1,107002,-1,2|304003|2,999,1,-1,999|17|600,,1,-1,-1,[],,,,-1,1
107002003,[],1,-1,107002,-1,2|304003|2,999,1,-1,999|17|600,,1,-1,-1,[],,,,-1,1
107002004,[],1,-1,107002,-1,2|304003|2,999,1,-1,999|17|600,,1,-1,-1,[],,,,-1,1
107003001,[],1,-1,107003,-1,2|130000|100,999,1,-1,999|17|1200,999|17|1500,1,-1,-1,[],,,,-1,1
107004001,[],1,-1,107004,-1,2|200302|1,999,1,-1,999|17|60,999|17|75,12,-1,-1,[],,,,-1,1
107005001,[],1,-1,107005,-1,2|200202|1,999,1,-1,999|17|60,999|17|75,12,-1,-1,[],,,,-1,1
107006001,[],1,-1,107006,-1,2|200002|1,999,1,-1,999|17|60,999|17|75,12,-1,-1,[],,,,-1,1
107007001,[],1,-1,107007,-1,2|200102|1,999,1,-1,999|17|60,999|17|75,12,-1,-1,[],,,,-1,1
107008001,[],1,-1,107008,-1,2|161007|1,999,1,-1,999|17|1000,,10,-1,-1,[],,,,-1,1
107009001,[],1,-1,107009,-1,2|404100005|5,999,1,-1,999|17|2500,,1,-1,-1,[],,,,-1,1
107010001,[],1,-1,107010,-1,2|203034|1,999,1,-1,999|17|800,999|17|1000,15,-1,-1,[],,,,-1,1
107011001,[],1,-1,107011,-1,2|203025|1,999,1,-1,999|17|800,999|17|1000,15,-1,-1,[],,,,-1,1
107012001,[],1,-1,107012,-1,2|203028|1,999,1,-1,999|17|800,999|17|1000,15,-1,-1,[],,,,-1,1
107013001,[117|5],1,-1,107013,-1,999|6|4000,999,1,-1,999|17|2200,,40,-1,-1,[],[117|5],,,-1,1
107014001,[],1,-1,107014,-1,2|203031|1,999,1,-1,999|17|800,999|17|1000,15,-1,-1,[],,,,-1,1
107015001,[117|15],1,-1,107015,-1,999|6|4000,999,1,-1,999|17|800,,5,-1,-1,[],[117|15],,,-1,1
107016001,[117|20],1,-1,107016,-1,999|6|4000,999,1,-1,999|17|500,,5,-1,-1,[],[117|20],,,-1,1
107017001,[117|25],1,-1,107017,-1,999|6|4000,999,1,-1,999|17|320,,5,-1,-1,[],[117|25],,,-1,1
107018001,[117|30],1,-1,107018,-1,999|6|4000,999,1,-1,999|17|260,,5,-1,-1,[],[117|30],,,-1,1
107019001,[117|35],1,-1,107019,-1,999|6|4000,999,1,-1,999|17|240,,5,-1,-1,[],[117|35],,,-1,1
107020001,[117|40],1,-1,107020,-1,999|6|4000,999,1,-1,999|17|200,,5,-1,-1,[],[117|40],,,-1,1
107021001,[],2,-1,107021,-1,2|2024501|1,999,1,-1,999|17|15000,,1,-1,-1,[],,,,-1,1
107022001,[],2,-1,107022,-1,2|2024502|1,999,1,-1,999|17|15000,,1,-1,-1,[],,,,-1,1
107023001,[],2,-1,107023,-1,2|2024501|1,999,1,-1,999|17|15000,,1,-1,-1,[],,,,-1,1
107024001,[],2,-1,107024,-1,2|2024502|1,999,1,-1,999|17|15000,,1,-1,-1,[],,,,-1,1
107025001,[],2,-1,107025,-1,2|2024501|1,999,1,-1,999|17|15000,,1,-1,-1,[],,,,-1,1
107025002,[],2,-1,107025,-1,2|2024502|1,999,1,-1,999|17|15000,,1,-1,-1,[],,,,-1,1
107026001,[],2,-1,107026,-1,2|2024543|1,999,1,-1,999|17|30000,,1,-1,-1,[],,,,-1,1
108001001,[],1,-1,108001,-1,2|203033|1,999,1,-1,2|241|4,,99999,-1,-1,[],,,,-1,1
108002001,[],1,-1,108002,-1,2|203033|1,999,1,-1,2|242|4,,99999,-1,-1,[],,,,-1,1
108003001,[],1,-1,108003,-1,2|203033|1,999,1,-1,2|243|4,,99999,-1,-1,[],,,,-1,1
108004001,[],1,-1,108004,-1,2|250|1,999,1,-1,2|241|1,,99999,-1,-1,[],,,,-1,1
108005001,[],1,-1,108005,-1,2|250|1,999,1,-1,2|242|1,,99999,-1,-1,[],,,,-1,1
108006001,[],1,-1,108006,-1,2|250|1,999,1,-1,2|243|1,,99999,-1,-1,[],,,,-1,1
108007001,[],1,-1,108007,-1,2|203033|1,999,1,-1,2|250|4,,99999,-1,-1,[],,,,-1,1
13016001,[],2,-1,13016,1,2|220203|1,999,1,-1,999|18|1000,,5,-1,-1,[],,,,-1,1
13001001,[],2,-1,13001,1,2|220005|1,999,1,-1,999|18|500,,5,-1,-1,[],,,,-1,1
13002001,[],2,-1,13002,1,2|201|1,999,1,-1,999|18|200,,20,-1,-1,[],,,,-1,1
13017001,[],2,-1,13017,1,2|220302|1,999,1,-1,999|18|1600,,1,-1,-1,[],,,,-1,1
13018001,[],2,-1,13018,1,2|220301|1,999,1,-1,999|18|600,,2,-1,-1,[],,,,-1,1
13019001,[],2,-1,13019,1,2|151|1,999,1,-1,999|18|1600,,3,-1,-1,[],,,,-1,1
13003001,[],2,-1,13003,1,2|203035|1,999,1,-1,999|18|1000,,5,-1,-1,[],,,,-1,1
13004001,[],2,-1,13004,1,2|203026|1,999,1,-1,999|18|1000,,5,-1,-1,[],,,,-1,1
13005001,[],2,-1,13005,1,2|203029|1,999,1,-1,999|18|1000,,5,-1,-1,[],,,,-1,1
13006001,[],2,-1,13006,1,2|203032|1,999,1,-1,999|18|1000,,5,-1,-1,[],,,,-1,1
13014001,[],2,-1,13014,1,2|203034|1,999,1,-1,999|18|100,,30,-1,-1,[],,,,-1,1
13015001,[],2,-1,13015,1,2|203037|1,999,1,-1,999|18|100,,30,-1,-1,[],,,,-1,1
13007001,[],2,-1,13007,1,2|200004|1,999,1,-1,999|18|90,,20,-1,-1,[],,,,-1,1
13008001,[],2,-1,13008,1,2|200104|1,999,1,-1,999|18|90,,20,-1,-1,[],,,,-1,1
13009001,[],2,-1,13009,1,2|200204|1,999,1,-1,999|18|90,,20,-1,-1,[],,,,-1,1
13010001,[],2,-1,13010,1,2|200304|1,999,1,-1,999|18|90,,20,-1,-1,[],,,,-1,1
13011001,[],2,-1,13011,1,2|154|100,999,1,-1,999|18|15,,35,-1,-1,[],,,,-1,1
13012001,[],2,-1,13012,1,2|155|1,999,1,-1,999|18|15,,50,-1,-1,[],,,,-1,1
13013001,[],2,-1,13013,1,2|156|1,999,1,-1,999|18|25,,10,-1,-1,[],,,,-1,1
109001001,[],1,-1,109001,-1,2|404100005|1,999,1,-1,2|301|4,,99999,-1,-1,[],,,,-1,1
110001001,[],0,-1,110001,1,2|20404|1,999,1,-1,2|1011|500,2|1011|1000,1,-1,-1,[],,,,-1,1
110002001,[],0,-1,110002,1,6|134501|1,999,1,-1,2|1011|500,,2,-1,-1,[],,,,-1,1
110003001,[],0,-1,110003,1,6|134502|1,999,1,-1,2|1011|500,,2,-1,-1,[],,,,-1,1
110004001,[],0,-1,110004,1,6|134503|1,999,1,-1,2|1011|500,,2,-1,-1,[],,,,-1,1
110005001,[],0,-1,110005,-1,2|284|500,999,1,-1,2|1011|36,,50,-1,-1,[],,,,-1,1
110006001,[],0,-1,110006,-1,2|201|1,999,1,-1,2|1011|10,,100,-1,-1,[],,,,-1,1
110007001,[],0,-1,110007,1,2|11023|1,999,1,-1,2|1011|12,,20,-1,-1,[],,,,-1,1
110008001,[],0,-1,110008,1,2|220005|1,999,1,-1,2|1011|12,2|1011|20,20,-1,-1,[],,,,-1,1
110009001,[],0,-1,110009,-1,2|220005|1,999,1,-1,2|1011|20,,40,-1,-1,[],,,,-1,1
110010001,[],0,-1,110010,-1,2|203034|1,999,1,-1,2|1011|5,,50,-1,-1,[],,,,-1,1
110011001,[],0,-1,110011,-1,2|153|1,999,1,-1,2|1011|6,,200,-1,-1,[],,,,-1,1
110012001,[],0,-1,110012,-1,2|203025|1,999,1,-1,2|1011|4,,100,-1,-1,[],,,,-1,1
110013001,[],0,-1,110013,-1,2|203028|1,999,1,-1,2|1011|4,,100,-1,-1,[],,,,-1,1
110014001,[],0,-1,110014,-1,2|203031|1,999,1,-1,2|1011|4,,100,-1,-1,[],,,,-1,1
110015001,[],0,-1,110015,-1,2|206|200,999,1,-1,2|1011|3,,300,-1,-1,[],,,,-1,1
110016001,[],0,-1,110016,-1,2|155|20,999,1,-1,2|1011|12,,150,-1,-1,[],,,,-1,1
110017001,[],0,-1,110017,-1,2|156|10,999,1,-1,2|1011|10,,100,-1,-1,[],,,,-1,1
110018001,[],0,-1,110018,-1,2|200003|1,999,1,-1,2|1011|1,,400,-1,-1,[],,,,-1,1
110019001,[],0,-1,110019,-1,2|200103|1,999,1,-1,2|1011|1,,400,-1,-1,[],,,,-1,1
110020001,[],0,-1,110020,-1,2|200303|1,999,1,-1,2|1011|1,,400,-1,-1,[],,,,-1,1
110021001,[],0,-1,110021,-1,2|200303|1,999,1,-1,2|1011|1,,400,-1,-1,[],,,,-1,1
110022001,[],0,-1,110022,-1,2|200403|1,999,1,-1,2|1011|1,,400,-1,-1,[],,,,-1,1
110023001,[],0,-1,110023,-1,2|200503|1,999,1,-1,2|1011|1,,400,-1,-1,[],,,,-1,1
110024001,[],0,-1,110024,-1,2|289|10,999,1,-1,2|1011|8,,50,-1,-1,[],,,,-1,1
111001001,[],0,-1,111001,1,2|20408|1,999,1,-1,2|1022|500,2|1012|1000,1,-1,-1,[],,,,-1,1
111002001,[],0,-1,111002,1,6|502511|1,999,1,-1,2|1022|500,,2,-1,-1,[],,,,-1,1
111003001,[],0,-1,111003,1,6|502512|1,999,1,-1,2|1022|500,,2,-1,-1,[],,,,-1,1
111004001,[],0,-1,111004,1,6|502513|1,999,1,-1,2|1022|500,,2,-1,-1,[],,,,-1,1
111005001,[],0,-1,111005,-1,2|284|500,999,1,-1,2|1022|5,,50,-1,-1,[],,,,-1,1
111006001,[],0,-1,111006,-1,2|201|1,999,1,-1,2|1022|10,,100,-1,-1,[],,,,-1,1
111007001,[],0,-1,111007,1,2|11017|1,999,1,-1,2|1022|12,,20,-1,-1,[],,,,-1,1
111008001,[],0,-1,111008,1,2|220005|1,999,1,-1,2|1022|16,2|1012|20,20,-1,-1,[],,,,-1,1
111009001,[],0,-1,111009,-1,2|220005|1,999,1,-1,2|1022|20,,40,-1,-1,[],,,,-1,1
111010001,[],0,-1,111010,-1,2|203034|1,999,1,-1,2|1022|5,,50,-1,-1,[],,,,-1,1
111011001,[],0,-1,111011,-1,2|153|1,999,1,-1,2|1022|6,,200,-1,-1,[],,,,-1,1
111012001,[],0,-1,111012,-1,2|203025|1,999,1,-1,2|1022|4,,100,-1,-1,[],,,,-1,1
111013001,[],0,-1,111013,-1,2|203028|1,999,1,-1,2|1022|4,,100,-1,-1,[],,,,-1,1
111014001,[],0,-1,111014,-1,2|203031|1,999,1,-1,2|1022|4,,100,-1,-1,[],,,,-1,1
111015001,[],0,-1,111015,-1,2|206|200,999,1,-1,2|1022|3,,300,-1,-1,[],,,,-1,1
111016001,[],0,-1,111016,-1,2|154|2000,999,1,-1,2|1022|12,,150,-1,-1,[],,,,-1,1
111017001,[],0,-1,111017,-1,2|155|20,999,1,-1,2|1022|12,,100,-1,-1,[],,,,-1,1
111018001,[],0,-1,111018,-1,2|156|10,999,1,-1,2|1022|10,,400,-1,-1,[],,,,-1,1
111019001,[],0,-1,111019,-1,2|200003|1,999,1,-1,2|1022|1,,400,-1,-1,[],,,,-1,1
111020001,[],0,-1,111020,-1,2|200103|1,999,1,-1,2|1022|1,,400,-1,-1,[],,,,-1,1
111021001,[],0,-1,111021,-1,2|200303|1,999,1,-1,2|1022|1,,400,-1,-1,[],,,,-1,1
111022001,[],0,-1,111022,-1,2|200303|1,999,1,-1,2|1022|1,,400,-1,-1,[],,,,-1,1
111023001,[],0,-1,111023,-1,2|200403|1,999,1,-1,2|1022|1,,400,-1,-1,[],,,,-1,1
111024001,[],0,-1,111024,-1,2|200503|1,999,1,-1,2|1022|1,,400,-1,-1,[],,,,-1,1
111025001,[],0,-1,111025,-1,2|289|10,999,1,-1,2|1022|8,,100,-1,-1,[],,,,-1,1
112001001,[],0,-1,112001,1,7|401|1,999,1,-1,2|1023|200,,1,-1,-1,[],,,,-1,1
112002001,[],0,-1,112002,1,7|402|1,999,1,-1,2|1023|200,,1,-1,-1,[],,,,-1,1
112014001,[],0,-1,112014,1,7|403|1,999,1,-1,2|1023|200,,1,-1,-1,[],,,,-1,1
112015001,[],0,-1,112015,1,7|404|1,999,1,-1,2|1023|200,,1,-1,-1,[],,,,-1,1
112003001,[],0,-1,112003,1,2|70001|1,999,1,-1,2|1023|5,,1,-1,-1,[],,,,-1,1
112004001,[],0,-1,112004,1,2|70002|1,999,1,-1,2|1023|5,,1,-1,-1,[],,,,-1,1
112013001,[],0,-1,112013,1,2|70003|1,999,1,-1,2|1023|5,,1,-1,-1,[],,,,-1,1
112016001,[],0,-1,112016,1,2|70005|1,999,1,-1,2|1023|5,,1,-1,-1,[],,,,-1,1
112017001,[],0,-1,112017,1,2|60039|1,999,1,-1,2|1023|30,,1,-1,-1,[],,,,-1,1
112018001,[],0,-1,112018,1,2|65001|1,999,1,-1,2|1023|30,,1,-1,-1,[],,,,-1,1
112005001,[],0,-1,112005,1,2|220005|5,999,1,-1,2|1023|10,,20,-1,-1,[],,,,-1,1
112006001,[],0,-1,112006,1,2|230001|10,999,1,-1,2|1023|16,,20,-1,-1,[],,,,-1,1
112007001,[],0,-1,112007,1,2|153|10,999,1,-1,2|1023|5,,50,-1,-1,[],,,,-1,1
112008001,[],0,-1,112008,1,2|156|10,999,1,-1,2|1023|4,,400,-1,-1,[],,,,-1,1
112009001,[],0,-1,112009,1,2|157|2,999,1,-1,2|1023|3,,100,-1,-1,[],,,,-1,1
112010001,[],0,-1,112010,1,2|289|200,999,1,-1,2|1023|16,,100,-1,-1,[],,,,-1,1
112011001,[],0,-1,112011,1,6|123501|1,999,1,-1,2|1023|500,,1,-1,-1,[],,,,-1,1
112012001,[],0,-1,112012,1,6|123502|1,999,1,-1,2|1023|500,,1,-1,-1,[],,,,-1,1
113001013,[],2,-1,113013,1,6|139502|1,999,1,-1,2|1030|2000,,1,-1,-1,[],,,,-1,1
113001014,[],2,-1,113014,1,6|139501|1,999,1,-1,2|1030|2000,,1,-1,-1,[],,,,-1,1
113001015,[],2,-1,113015,1,6|139401|1,999,1,-1,2|1030|500,,1,-1,-1,[],,,,-1,1
113001016,[],2,-1,113016,1,6|139402|1,999,1,-1,2|1030|500,,1,-1,-1,[],,,,-1,1
113001017,[],0,-1,113017,1,2|62030|1,999,1,-1,2|1030|96,,1,1,1,[],,,,-1,1
113001001,[],0,-1,113001,-1,2|220005|1,999,1,-1,2|1030|64,,10,-1,-1,[],,,,-1,1
113001002,[],0,-1,113002,-1,2|220005|1,999,1,-1,2|1030|80,,10,-1,-1,[],,,,-1,1
113001003,[],0,-1,113003,-1,2|220005|1,999,1,-1,2|1030|120,,10,-1,-1,[],,,,-1,1
113001004,[],0,-1,113004,-1,2|284|500,999,1,-1,2|1030|40,,50,-1,-1,[],,,,-1,1
113001005,[],0,-1,113005,-1,2|284|500,999,1,-1,2|1030|20,2|1030|40,50,-1,-1,[],,,,-1,1
113001006,[],0,-1,113006,-1,2|200003|1,999,1,-1,2|1030|9,,100,-1,-1,[],,,,-1,1
113001007,[],0,-1,113007,-1,2|200103|1,999,1,-1,2|1030|9,,20,-1,-1,[],,,,-1,1
113001008,[],0,-1,113008,-1,2|200303|1,999,1,-1,2|1030|9,,20,-1,-1,[],,,,-1,1
113001009,[],0,-1,113009,-1,2|200303|1,999,1,-1,2|1030|9,,20,-1,-1,[],,,,-1,1
113001010,[],0,-1,113010,-1,2|200403|1,999,1,-1,2|1030|9,,20,-1,-1,[],,,,-1,1
113001011,[],0,-1,113011,-1,2|200503|1,999,1,-1,2|1030|9,,20,-1,-1,[],,,,-1,1
113001012,[],0,-1,113012,-1,999|2|5,999,1,-1,2|1030|1,,9999,-1,-1,[],,,,-1,1
113001018,[],2,-1,113018,-1,2|153|1,999,1,-1,2|1030|20,,50,-1,-1,[],,,,-1,1
113001019,[],2,-1,113019,-1,2|203038|1,999,1,-1,2|1030|60,,20,-1,-1,[],,,,-1,1
113001020,[],2,-1,113020,-1,2|156|10,999,1,-1,2|1030|5,,5,-1,-1,[],,,,-1,1
113001021,[],2,-1,113021,-1,2|297|1000,999,1,-1,2|1030|48,,100,-1,-1,[],,,,-1,1
113001022,[],2,-1,113022,-1,2|295|50,999,1,-1,2|1030|32,,20,-1,-1,[],,,,-1,1
113001023,[],2,-1,113023,-1,2|230002|1,999,1,-1,2|1030|32,,5,-1,-1,[],,,,-1,1
113040001,[],2,-1,113040,-1,2|289|5,999,1,-1,2|1030|16,,6,-1,-1,[],,,,-1,1
113001024,[],2,-1,113024,-1,2|155|10,999,1,-1,2|1029|225,,20,-1,-1,[],,,,-1,1
113001025,[],2,-1,113025,-1,2|156|5,999,1,-1,2|1029|125,,10,-1,-1,[],,,,-1,1
113001026,[],2,-1,113026,-1,2|203037|1,999,1,-1,2|1030|32,,50,-1,-1,[],,,,-1,1
113001027,[],2,-1,113027,-1,2|200003|1,999,1,-1,2|1029|45,,20,-1,-1,[],,,,-1,1
113001028,[],2,-1,113028,-1,2|200103|1,999,1,-1,2|1029|45,,20,-1,-1,[],,,,-1,1
113001029,[],2,-1,113029,-1,2|200303|1,999,1,-1,2|1029|45,,20,-1,-1,[],,,,-1,1
113001030,[],2,-1,113030,-1,2|200303|1,999,1,-1,2|1029|45,,20,-1,-1,[],,,,-1,1
113001031,[],2,-1,113031,-1,2|200403|1,999,1,-1,2|1029|45,,20,-1,-1,[],,,,-1,1
113001032,[],2,-1,113032,-1,2|200503|1,999,1,-1,2|1029|45,,20,-1,-1,[],,,,-1,1
113001033,[],2,-1,113033,-1,999|2|1,999,1,-1,2|1029|1,,800,-1,-1,[],,,,-1,1
113034001,[],2,-1,113034,-1,2|155|2,999,1,-1,2|1029|90,,20,-1,-1,[],,,,-1,1
113035001,[],2,-1,113035,-1,2|156|1,999,1,-1,2|1029|125,,10,-1,-1,[],,,,-1,1
113036001,[],2,-1,113036,-1,2|203037|1,999,1,-1,2|1029|288,,10,-1,-1,[],,,,-1,1
113037001,[],2,-1,113037,-1,2|238|1,999,1,-1,2|1029|480,,5,-1,-1,[],,,,-1,1
113038001,[],2,-1,113038,-1,2|297|1000,999,1,-1,2|1029|720,,10,-1,-1,[],,,,-1,1
113039001,[],2,-1,113039,-1,2|200405|1,999,1,-1,2|1029|360,,8,-1,-1,[],,,,-1,1
113041001,[],2,-1,113041,-1,2|289|10,999,1,-1,2|1029|800,,1,-1,-1,[],,,,-1,1
114001001,[],0,-1,114001,-1,2|153|1,999,1,-1,2|1029|80,,100,-1,-1,[],,,,-1,1
114001002,[],0,-1,114002,-1,2|154|2000,999,1,-1,2|1029|300,,100,-1,-1,[],,,,-1,1
114001003,[],0,-1,114003,-1,2|155|20,999,1,-1,2|1029|450,,100,-1,-1,[],,,,-1,1
114001004,[],0,-1,114004,-1,2|156|10,999,1,-1,2|1029|250,,100,-1,-1,[],,,,-1,1
114001005,[],0,-1,114005,-1,2|284|500,999,1,-1,2|1029|100,,50,-1,-1,[],,,,-1,1
114001006,[],0,-1,114006,-1,2|200003|1,999,1,-1,2|1029|45,,100,-1,-1,[],,,,-1,1
114001007,[],0,-1,114007,-1,2|200103|1,999,1,-1,2|1029|45,,20,-1,-1,[],,,,-1,1
114001008,[],0,-1,114008,-1,2|200303|1,999,1,-1,2|1029|45,,20,-1,-1,[],,,,-1,1
114001009,[],0,-1,114009,-1,2|200303|1,999,1,-1,2|1029|45,,20,-1,-1,[],,,,-1,1
114001010,[],0,-1,114010,-1,2|200403|1,999,1,-1,2|1029|45,,20,-1,-1,[],,,,-1,1
114001011,[],0,-1,114011,-1,2|200503|1,999,1,-1,2|1029|45,,20,-1,-1,[],,,,-1,1
114001012,[],0,-1,114012,-1,999|2|1,999,1,-1,2|1029|1,,9999,-1,-1,[],,,,-1,1
115001001,[],0,-1,115001,1,2|20427|1,999,1,-1,2|1027|240,2|1027|500,2,-1,-1,[],,,,-1,1
115001002,[],0,-1,115002,1,6|502518|1,999,1,-1,2|1027|500,,2,-1,-1,[],,,,-1,1
115001003,[],0,-1,115003,1,6|502519|1,999,1,-1,2|1027|500,,2,-1,-1,[],,,,-1,1
115001004,[],0,-1,115004,1,6|502520|1,999,1,-1,2|1027|500,,2,-1,-1,[],,,,-1,1
115001005,[],0,-1,115005,-1,2|11027|1,999,1,-1,2|1027|12,,20,-1,-1,[],,,,-1,1
115001006,[],0,-1,115006,-1,2|220005|1,999,1,-1,2|1027|16,2|1027|20,20,-1,-1,[],,,,-1,1
115001007,[],0,-1,115007,1,2|220005|1,999,1,-1,2|1027|20,,40,-1,-1,[],,,,-1,1
115001008,[],0,-1,115008,1,2|200003|1,999,1,-1,2|1027|1,,400,-1,-1,[],,,,-1,1
115001009,[],0,-1,115009,-1,2|200103|1,999,1,-1,2|1027|1,,400,-1,-1,[],,,,-1,1
115001010,[],0,-1,115010,-1,2|200303|1,999,1,-1,2|1027|1,,400,-1,-1,[],,,,-1,1
115001011,[],0,-1,115011,-1,2|200303|1,999,1,-1,2|1027|1,,400,-1,-1,[],,,,-1,1
115001012,[],0,-1,115012,-1,2|200403|1,999,1,-1,2|1027|1,,400,-1,-1,[],,,,-1,1
115001013,[],0,-1,115013,-1,2|200503|1,999,1,-1,2|1027|1,,400,-1,-1,[],,,,-1,1
115001014,[],0,-1,115014,-1,2|289|10,999,1,-1,2|1027|8,,100,-1,-1,[],,,,-1,1
1000101001,[],0,-1,1000101,1,2|20435|1,999,1,-1,2|1034|2400,2|1034|5000,2,-1,-1,[],,,,-1,1
1000102001,[],0,-1,1000102,1,6|146501|1,999,1,-1,2|1034|5000,,2,-1,-1,[],,,,-1,1
1000103001,[],0,-1,1000103,1,6|146502|1,999,1,-1,2|1034|5000,,2,-1,-1,[],,,,-1,1
1000104001,[],0,-1,1000104,1,6|146503|1,999,1,-1,2|1034|5000,,2,-1,-1,[],,,,-1,1
1000120001,[],0,-1,1000120,1,2|11030|1,999,1,-1,2|1034|120,,20,-1,-1,[],,,,-1,1
1000121001,[],0,-1,1000121,1,2|11028|1,999,1,-1,2|1034|120,,20,-1,-1,[],,,,-1,1
1000122001,[],0,-1,1000122,1,2|11036|1,999,1,-1,2|1034|120,,20,-1,-1,[],,,,-1,1
1000118001,[],0,-1,1000118,1,2|230003|1,999,1,-1,2|1034|160,2|1034|200,50,-1,-1,[],,,,-1,1
1000119001,[],0,-1,1000119,1,2|230003|1,999,1,-1,2|1034|200,,50,-1,-1,[],,,,-1,1
1000105001,[],0,-1,1000105,1,2|307|1,999,1,-1,2|1034|120,2|1034|160,20,-1,-1,[],,,,-1,1
1000106001,[],0,-1,1000106,1,2|307|1,999,1,-1,2|1034|160,,30,-1,-1,[],,,,-1,1
1000107001,[],0,-1,1000107,-1,2|230001|1,999,1,-1,2|1034|160,,40,-1,-1,[],,,,-1,1
1000108001,[],0,-1,1000108,1,2|200003|1,999,1,-1,2|1034|10,,400,-1,-1,[],,,,-1,1
1000109001,[],0,-1,1000109,-1,2|200103|1,999,1,-1,2|1034|10,,400,-1,-1,[],,,,-1,1
1000111001,[],0,-1,1000111,-1,2|200303|1,999,1,-1,2|1034|10,,400,-1,-1,[],,,,-1,1
1000112001,[],0,-1,1000112,-1,2|200303|1,999,1,-1,2|1034|10,,400,-1,-1,[],,,,-1,1
1000113001,[],0,-1,1000113,-1,2|200403|1,999,1,-1,2|1034|10,,400,-1,-1,[],,,,-1,1
1000114001,[],0,-1,1000114,-1,2|200503|1,999,1,-1,2|1034|10,,400,-1,-1,[],,,,-1,1
1000115001,[],0,-1,1000115,-1,2|295|100,999,1,-1,2|1034|160,,30,-1,-1,[],,,,-1,1
1000116001,[],0,-1,1000116,-1,2|289|20,999,1,-1,2|1034|160,,30,-1,-1,[],,,,-1,1
1000117001,[],0,-1,1000117,-1,2|516|1,999,1,-1,2|1034|1200,,2,-1,-1,[],,,,-1,1
116001001,[],0,-1,116001,1,2|20435|1,999,1,-1,2|1035|240,2|1027|500,2,-1,-1,[],,,,-1,1
116001002,[],0,-1,116002,1,6|146501|1,999,1,-1,2|1035|500,,2,-1,-1,[],,,,-1,1
116001003,[],0,-1,116003,1,6|146502|1,999,1,-1,2|1035|500,,2,-1,-1,[],,,,-1,1
116001004,[],0,-1,116004,1,6|146503|1,999,1,-1,2|1035|500,,2,-1,-1,[],,,,-1,1
116001005,[],0,-1,116005,1,2|11030|1,999,1,-1,2|1035|12,,20,-1,-1,[],,,,-1,1
116001006,[],0,-1,116006,1,2|11028|1,999,1,-1,2|1035|12,,20,-1,-1,[],,,,-1,1
116001007,[],0,-1,116007,1,2|11036|1,999,1,-1,2|1035|12,,20,-1,-1,[],,,,-1,1
116001008,[],0,-1,116008,1,2|220005|1,999,1,-1,2|1035|16,2|1035|20,20,-1,-1,[],,,,-1,1
116001009,[],0,-1,116009,1,2|220005|1,999,1,-1,2|1035|20,,40,-1,-1,[],,,,-1,1
116001018,[],0,-1,116018,1,2|230003|1,999,1,-1,2|1035|16,2|1035|20,50,-1,-1,[],,,,-1,1
116001019,[],0,-1,116019,1,2|230003|1,999,1,-1,2|1035|20,,50,-1,-1,[],,,,-1,1
116001010,[],0,-1,116010,-1,2|289|10,999,1,-1,2|1035|8,,100,-1,-1,[],,,,-1,1
116001011,[],0,-1,116011,-1,2|203034|1,999,1,-1,2|1035|6,,200,-1,-1,[],,,,-1,1
116001012,[],0,-1,116012,-1,2|200003|1,999,1,-1,2|1035|1,,200,-1,-1,[],,,,-1,1
116001013,[],0,-1,116013,-1,2|200103|1,999,1,-1,2|1035|1,,200,-1,-1,[],,,,-1,1
116001014,[],0,-1,116014,-1,2|200303|1,999,1,-1,2|1035|1,,200,-1,-1,[],,,,-1,1
116001015,[],0,-1,116015,-1,2|200303|1,999,1,-1,2|1035|1,,200,-1,-1,[],,,,-1,1
116001016,[],0,-1,116016,-1,2|200403|1,999,1,-1,2|1035|1,,200,-1,-1,[],,,,-1,1
116001017,[],0,-1,116017,-1,2|200503|1,999,1,-1,2|1035|1,,200,-1,-1,[],,,,-1,1
117001001,[],0,-1,117001,1,6|10022|1,999,1,-1,2|12210200|100000,,1,-1,-1,[],,,,-1,1
117001002,[],0,-1,117002,1,6|210018|1,999,1,-1,2|12210200|100000,,1,-1,-1,[],,,,-1,1
117001003,[],0,-1,117003,1,6|20004|1,999,1,-1,2|12210200|100000,,1,-1,-1,[],,,,-1,1
117001004,[],2,-1,117004,1,2|203038|1,999,1,-1,2|12210200|720,,5,-1,-1,[],,,,-1,1
117001005,[],2,-1,117005,1,2|202001|1,999,1,-1,2|12210200|200,,1,-1,-1,[],,,,-1,1
117001006,[],2,-1,117006,1,2|200402|1,999,1,-1,2|12210200|16,,20,-1,-1,[],,,,-1,1
118001001,[],3,30,118001,1,2|220005|1,999,1,-1,2|1045|30,,100,-1,-1,[],,,,-1,1
118002001,[],3,30,118002,1,2|230001|1,999,1,-1,2|1045|20,,100,-1,-1,[],,,,-1,1
118003001,[],3,30,118003,1,2|230002|1,999,1,-1,2|1045|10,,100,-1,-1,[],,,,-1,1
118004001,[],3,30,118004,1,2|410295003|1,999,1,-1,2|1045|800,,3,-1,-1,[],,,,-1,1
118005001,[],3,30,118005,1,2|410295004|1,999,1,-1,2|1045|1200,,1,-1,-1,[],,,,-1,1
118006001,[],3,30,118006,1,2|200404|1,999,1,-1,2|1045|3,,300,-1,-1,[],,,,-1,1
119001001,[],0,-1,119001,1,2|20439|1,999,1,-1,2|1040|160,,2,-1,-1,[],,,,-1,1
119002001,[],0,-1,119002,1,6|149501|1,999,1,-1,2|1040|500,,2,-1,-1,[],,,,-1,1
119003001,[],0,-1,119003,1,6|149502|1,999,1,-1,2|1040|500,,2,-1,-1,[],,,,-1,1
119004001,[],0,-1,119004,1,6|149503|1,999,1,-1,2|1040|500,,2,-1,-1,[],,,,-1,1
119005001,[],0,-1,119005,-1,2|11025|1,999,1,-1,2|1040|20,,20,-1,-1,[],,,,-1,1
119006001,[],0,-1,119006,-1,2|220005|1,999,1,-1,2|1040|20,,50,-1,-1,[],,,,-1,1
119007001,[],0,-1,119007,-1,2|153|1,999,1,-1,2|1040|5,,50,-1,-1,[],,,,-1,1
119008001,[],0,-1,119008,-1,2|159|1,999,1,-1,2|1040|5,,50,-1,-1,[],,,,-1,1
119009001,[],0,-1,119009,-1,2|230002|1,999,1,-1,2|1040|8,,50,-1,-1,[],,,,-1,1
119010001,[],0,-1,119010,-1,2|200403|5,999,1,-1,2|1040|4,,200,-1,-1,[],,,,-1,1
119011001,[],0,-1,119011,-1,2|203038|1,999,1,-1,2|1040|15,,60,-1,-1,[],,,,-1,1
119012001,[],0,-1,119012,-1,2|230001|1,999,1,-1,2|1040|20,,40,-1,-1,[],,,,-1,1
119013001,[],0,-1,119013,-1,2|163005|10,999,1,-1,2|1040|15,,50,-1,-1,[],,,,-1,1
119014001,[],0,-1,119014,-1,2|163004|10,999,1,-1,2|1040|50,,20,-1,-1,[],,,,-1,1
