id,monsterNum,abandon_countdown,adjoin_fortress,areaId,arean,buff,buff_desc,buffDic,city_defense,connectSite,cost_energy,cost_energy_rally,count_down,defence_boss_monster,defence_boss_monster_hp,defence_boss_monster_name,defence_icon,defence_monster,fight_time,first_open,first_open_area_offset,first_open_merge,first_open_weekday,first_reward,first_time_reward,first_time_reward_time,first_time_treasure,fortree_small_icon,function,function_desc,function_para,height,icon,level_point,ligeance_height,ligeance_width,map_zoom_icon,model,model_new,monster_group_boss,monster_group_priority,monster_icon,name,need_member,new_ui_banner,new_ui_banner_bg,occupy_time,pos_x,pos_y,protection_time,pvp_stage,relic_boss_model,reward_daily,season,server_merge_reward,shield_size,sp_task_id,stronghold_level,summonList,team_max,water,water_consume,water_requirement,width
101,100,3600,[201|102|124],1,[1],[1013|1000],sp_fortress_building_buff_101,{1013:1000},400000,[201|102|124],5,5,60,62001,120000000,fortress_boss_name1,monster_fortress_001,22001,1800,554400,72000|36000|0|0|0,86400,432000|432000|432000|432000|432000|432000|432000,8001,101,21600,9001|50,icon_small_fortress1,-1,,,3,ins_fortress_001,10,9,9,SLG_site_02,,,[21101|50|21102|30|21103|20],3|1|1,Head_60199,sp_fortress_building_name_101,10,banner_bubble_Building_3,banner_bubble_remains01,300,16,44,1800,100002,relic_boss_01,7811,0,8011,200,-1,1,[],50,-1,-1,-1,3
102,100,3600,[201|101|103|301|202],23,[23],[1012|1000],sp_fortress_building_buff_102,{1012:1000},400000,[201|101|103|301|202],5,5,60,62001,120000000,fortress_boss_name1,monster_fortress_001,22001,1800,554400,72000|36000|0|0|0,86400,432000|432000|432000|432000|432000|432000|432000,8001,102,21600,9001|50,icon_small_fortress1,-1,,,3,ins_fortress_001,10,9,9,SLG_site_02,,,[21101|50|21102|30|21103|20],3|1|1,Head_60199,sp_fortress_building_name_102,10,banner_bubble_Building_3,banner_bubble_remains01,300,104,44,1800,100002,relic_boss_01,7811,0,8011,200,-1,1,[],50,-1,-1,-1,3
103,100,3600,[202|102|104],34,[34],[1014|1000],sp_fortress_building_buff_103,{1014:1000},400000,[202|102|104],5,5,60,62001,120000000,fortress_boss_name1,monster_fortress_001,22001,1800,554400,72000|36000|0|0|0,86400,432000|432000|432000|432000|432000|432000|432000,8001,103,21600,9001|50,icon_small_fortress1,-1,,,3,ins_fortress_001,10,9,9,SLG_site_02,,,[21101|50|21102|30|21103|20],3|1|1,Head_60199,sp_fortress_building_name_103,10,banner_bubble_Building_3,banner_bubble_remains01,300,163,25,1800,100002,relic_boss_01,7811,0,8011,200,-1,1,[],50,-1,-1,-1,3
104,100,3600,[103|203|105|202],56,[56],[1001|300],sp_fortress_building_buff_104,{1001:300},400000,[103|203|105|202],5,5,60,62001,120000000,fortress_boss_name1,monster_fortress_001,22001,1800,554400,72000|36000|0|0|0,86400,432000|432000|432000|432000|432000|432000|432000,8001,104,21600,9001|50,icon_small_fortress1,-1,,,3,ins_fortress_001,10,9,9,SLG_site_02,,,[21101|50|21102|30|21103|20],3|1|1,Head_60199,sp_fortress_building_name_104,10,banner_bubble_Building_3,banner_bubble_remains01,300,243,51,1800,100002,relic_boss_01,7811,0,8011,200,-1,1,[],50,-1,-1,-1,3
105,100,3600,[204|104|106],67,[67],[1002|300],sp_fortress_building_buff_105,{1002:300},400000,[204|104|106],5,5,60,62001,120000000,fortress_boss_name1,monster_fortress_001,22001,1800,554400,72000|36000|0|0|0,86400,432000|432000|432000|432000|432000|432000|432000,8001,105,21600,9001|50,icon_small_fortress1,-1,,,3,ins_fortress_001,10,9,9,SLG_site_02,,,[21101|50|21102|30|21103|20],3|1|1,Head_60199,sp_fortress_building_name_105,10,banner_bubble_Building_3,banner_bubble_remains01,300,337,19,1800,100002,relic_boss_01,7811,0,8011,200,-1,1,[],50,-1,-1,-1,3
106,100,3600,[105|205|107|305|204],74,[74],[1033|300],sp_fortress_building_buff_106,{1033:300},400000,[105|205|107|305|204],5,5,60,62001,120000000,fortress_boss_name1,monster_fortress_001,22001,1800,554400,72000|36000|0|0|0,86400,432000|432000|432000|432000|432000|432000|432000,8001,106,21600,9001|50,icon_small_fortress1,-1,,,3,ins_fortress_001,10,9,9,SLG_site_02,,,[21101|50|21102|30|21103|20],3|1|1,Head_60199,sp_fortress_building_name_106,10,banner_bubble_Building_3,banner_bubble_remains01,300,399,57,1800,100002,relic_boss_01,7811,0,8011,200,-1,1,[],50,-1,-1,-1,3
107,100,3600,[205|106|108],2,[2],[1034|300],sp_fortress_building_buff_107,{1034:300},400000,[205|106|108],5,5,60,62001,120000000,fortress_boss_name1,monster_fortress_001,22001,1800,554400,72000|36000|0|0|0,86400,432000|432000|432000|432000|432000|432000|432000,8001,107,21600,9001|50,icon_small_fortress1,-1,,,3,ins_fortress_001,10,9,9,SLG_site_02,,,[21101|50|21102|30|21103|20],3|1|1,Head_60199,sp_fortress_building_name_107,10,banner_bubble_Building_3,banner_bubble_remains01,300,486,70,1800,100002,relic_boss_01,7811,0,8011,200,-1,1,[],50,-1,-1,-1,3
108,100,3600,[205|206|107|109],3,[3],[1016|300],sp_fortress_building_buff_108,{1016:300},400000,[205|206|107|109],5,5,60,62001,120000000,fortress_boss_name1,monster_fortress_001,22001,1800,554400,72000|36000|0|0|0,86400,432000|432000|432000|432000|432000|432000|432000,8001,108,21600,9001|50,icon_small_fortress1,-1,,,3,ins_fortress_001,10,9,9,SLG_site_02,,,[21101|50|21102|30|21103|20],3|1|1,Head_60199,sp_fortress_building_name_108,10,banner_bubble_Building_3,banner_bubble_remains01,300,489,153,1800,100002,relic_boss_01,7811,0,8011,200,-1,1,[],50,-1,-1,-1,3
109,100,3600,[108|206|110|207],22,[22],[1013|1000],sp_fortress_building_buff_101,{1013:1000},400000,[108|206|110|207],5,5,60,62001,120000000,fortress_boss_name1,monster_fortress_001,22001,1800,554400,72000|36000|0|0|0,86400,432000|432000|432000|432000|432000|432000|432000,8001,109,21600,9001|50,icon_small_fortress1,-1,,,3,ins_fortress_001,10,9,9,SLG_site_02,,,[21101|50|21102|30|21103|20],3|1|1,Head_60199,sp_fortress_building_name_109,10,banner_bubble_Building_3,banner_bubble_remains01,300,489,337,1800,100002,relic_boss_01,7811,0,8011,200,-1,1,[],50,-1,-1,-1,3
110,100,3600,[109|207|208|111],29,[29],[1012|1000],sp_fortress_building_buff_102,{1012:1000},400000,[109|207|208|111],5,5,60,62001,120000000,fortress_boss_name1,monster_fortress_001,22001,1800,554400,72000|36000|0|0|0,86400,432000|432000|432000|432000|432000|432000|432000,8001,110,21600,9001|50,icon_small_fortress1,-1,,,3,ins_fortress_001,10,9,9,SLG_site_02,,,[21101|50|21102|30|21103|20],3|1|1,Head_60199,sp_fortress_building_name_110,10,banner_bubble_Building_3,banner_bubble_remains01,300,489,521,1800,100002,relic_boss_01,7811,0,8011,200,-1,1,[],50,-1,-1,-1,3
111,100,3600,[110|208|209|112],30,[30],[1014|1000],sp_fortress_building_buff_103,{1014:1000},400000,[110|208|209|112],5,5,60,62001,120000000,fortress_boss_name1,monster_fortress_001,22001,1800,554400,72000|36000|0|0|0,86400,432000|432000|432000|432000|432000|432000|432000,8001,111,21600,9001|50,icon_small_fortress1,-1,,,3,ins_fortress_001,10,9,9,SLG_site_02,,,[21101|50|21102|30|21103|20],3|1|1,Head_60199,sp_fortress_building_name_111,10,banner_bubble_Building_3,banner_bubble_remains01,300,492,682,1800,100002,relic_boss_01,7811,0,8011,200,-1,1,[],50,-1,-1,-1,3
112,100,3600,[111|209|210|113],53,[53],[1001|300],sp_fortress_building_buff_104,{1001:300},400000,[111|209|210|113],5,5,60,62001,120000000,fortress_boss_name1,monster_fortress_001,22001,1800,554400,72000|36000|0|0|0,86400,432000|432000|432000|432000|432000|432000|432000,8001,112,21600,9001|50,icon_small_fortress1,-1,,,3,ins_fortress_001,10,9,9,SLG_site_02,,,[21101|50|21102|30|21103|20],3|1|1,Head_60199,sp_fortress_building_name_112,10,banner_bubble_Building_3,banner_bubble_remains01,300,490,854,1800,100002,relic_boss_01,7811,0,8011,200,-1,1,[],50,-1,-1,-1,3
113,100,3600,[112|210|114],72,[72],[1002|300],sp_fortress_building_buff_105,{1002:300},400000,[112|210|114],5,5,60,62001,120000000,fortress_boss_name1,monster_fortress_001,22001,1800,554400,72000|36000|0|0|0,86400,432000|432000|432000|432000|432000|432000|432000,8001,113,21600,9001|50,icon_small_fortress1,-1,,,3,ins_fortress_001,10,9,9,SLG_site_02,,,[21101|50|21102|30|21103|20],3|1|1,Head_60199,sp_fortress_building_name_113,10,banner_bubble_Building_3,banner_bubble_remains01,300,484,978,1800,100002,relic_boss_01,7811,0,8011,200,-1,1,[],50,-1,-1,-1,3
114,100,3600,[310|211|210|115|113],70,[70],[1033|300],sp_fortress_building_buff_106,{1033:300},400000,[310|211|210|115|113],5,5,60,62001,120000000,fortress_boss_name1,monster_fortress_001,22001,1800,554400,72000|36000|0|0|0,86400,432000|432000|432000|432000|432000|432000|432000,8001,114,21600,9001|50,icon_small_fortress1,-1,,,3,ins_fortress_001,10,9,9,SLG_site_02,,,[21101|50|21102|30|21103|20],3|1|1,Head_60199,sp_fortress_building_name_114,10,banner_bubble_Building_3,banner_bubble_remains01,300,409,961,1800,100002,relic_boss_01,7811,0,8011,200,-1,1,[],50,-1,-1,-1,3
115,100,3600,[211|116|114],69,[69],[1034|300],sp_fortress_building_buff_107,{1034:300},400000,[211|116|114],5,5,60,62001,120000000,fortress_boss_name1,monster_fortress_001,22001,1800,554400,72000|36000|0|0|0,86400,432000|432000|432000|432000|432000|432000|432000,8001,115,21600,9001|50,icon_small_fortress1,-1,,,3,ins_fortress_001,10,9,9,SLG_site_02,,,[21101|50|21102|30|21103|20],3|1|1,Head_60199,sp_fortress_building_name_115,10,banner_bubble_Building_3,banner_bubble_remains01,300,329,991,1800,100002,relic_boss_01,7811,0,8011,200,-1,1,[],50,-1,-1,-1,3
116,100,3600,[212|211|117|115],65,[65],[1016|300],sp_fortress_building_buff_108,{1016:300},400000,[212|211|117|115],5,5,60,62001,120000000,fortress_boss_name1,monster_fortress_001,22001,1800,554400,72000|36000|0|0|0,86400,432000|432000|432000|432000|432000|432000|432000,8001,116,21600,9001|50,icon_small_fortress1,-1,,,3,ins_fortress_001,10,9,9,SLG_site_02,,,[21101|50|21102|30|21103|20],3|1|1,Head_60199,sp_fortress_building_name_116,10,banner_bubble_Building_3,banner_bubble_remains01,300,259,981,1800,100002,relic_boss_01,7811,0,8011,200,-1,1,[],50,-1,-1,-1,3
117,100,3600,[213|118|116],62,[62],[1013|1000],sp_fortress_building_buff_101,{1013:1000},400000,[213|118|116],5,5,60,62001,120000000,fortress_boss_name1,monster_fortress_001,22001,1800,554400,72000|36000|0|0|0,86400,432000|432000|432000|432000|432000|432000|432000,8001,117,21600,9001|50,icon_small_fortress1,-1,,,3,ins_fortress_001,10,9,9,SLG_site_02,,,[21101|50|21102|30|21103|20],3|1|1,Head_60199,sp_fortress_building_name_117,10,banner_bubble_Building_3,banner_bubble_remains01,300,173,981,1800,100002,relic_boss_01,7811,0,8011,200,-1,1,[],50,-1,-1,-1,3
118,100,3600,[313|214|213|119|117],61,[61],[1012|1000],sp_fortress_building_buff_102,{1012:1000},400000,[313|214|213|119|117],5,5,60,62001,120000000,fortress_boss_name1,monster_fortress_001,22001,1800,554400,72000|36000|0|0|0,86400,432000|432000|432000|432000|432000|432000|432000,8001,118,21600,9001|50,icon_small_fortress1,-1,,,3,ins_fortress_001,10,9,9,SLG_site_02,,,[21101|50|21102|30|21103|20],3|1|1,Head_60199,sp_fortress_building_name_118,10,banner_bubble_Building_3,banner_bubble_remains01,300,99,975,1800,100002,relic_boss_01,7811,0,8011,200,-1,1,[],50,-1,-1,-1,3
119,100,3600,[120|214|118],60,[60],[1014|1000],sp_fortress_building_buff_103,{1014:1000},400000,[120|214|118],5,5,60,62001,120000000,fortress_boss_name1,monster_fortress_001,22001,1800,554400,72000|36000|0|0|0,86400,432000|432000|432000|432000|432000|432000|432000,8001,119,21600,9001|50,icon_small_fortress1,-1,,,3,ins_fortress_001,10,9,9,SLG_site_02,,,[21101|50|21102|30|21103|20],3|1|1,Head_60199,sp_fortress_building_name_119,10,banner_bubble_Building_3,banner_bubble_remains01,300,25,981,1800,100002,relic_boss_01,7811,0,8011,200,-1,1,[],50,-1,-1,-1,3
120,100,3600,[121|215|119|214],47,[47],[1001|300],sp_fortress_building_buff_104,{1001:300},400000,[121|215|119|214],5,5,60,62001,120000000,fortress_boss_name1,monster_fortress_001,22001,1800,554400,72000|36000|0|0|0,86400,432000|432000|432000|432000|432000|432000|432000,8001,120,21600,9001|50,icon_small_fortress1,-1,,,3,ins_fortress_001,10,9,9,SLG_site_02,,,[21101|50|21102|30|21103|20],3|1|1,Head_60199,sp_fortress_building_name_120,10,banner_bubble_Building_3,banner_bubble_remains01,300,22,846,1800,100002,relic_boss_01,7811,0,8011,200,-1,1,[],50,-1,-1,-1,3
121,100,3600,[122|216|120|215],40,[40],[1002|300],sp_fortress_building_buff_105,{1002:300},400000,[122|216|120|215],5,5,60,62001,120000000,fortress_boss_name1,monster_fortress_001,22001,1800,554400,72000|36000|0|0|0,86400,432000|432000|432000|432000|432000|432000|432000,8001,121,21600,9001|50,icon_small_fortress1,-1,,,3,ins_fortress_001,10,9,9,SLG_site_02,,,[21101|50|21102|30|21103|20],3|1|1,Head_60199,sp_fortress_building_name_121,10,banner_bubble_Building_3,banner_bubble_remains01,300,19,675,1800,100002,relic_boss_01,7811,0,8011,200,-1,1,[],50,-1,-1,-1,3
122,100,3600,[123|217|216|121],39,[39],[1033|300],sp_fortress_building_buff_106,{1033:300},400000,[123|217|216|121],5,5,60,62001,120000000,fortress_boss_name1,monster_fortress_001,22001,1800,554400,72000|36000|0|0|0,86400,432000|432000|432000|432000|432000|432000|432000,8001,122,21600,9001|50,icon_small_fortress1,-1,,,3,ins_fortress_001,10,9,9,SLG_site_02,,,[21101|50|21102|30|21103|20],3|1|1,Head_60199,sp_fortress_building_name_122,10,banner_bubble_Building_3,banner_bubble_remains01,300,22,490,1800,100002,relic_boss_01,7811,0,8011,200,-1,1,[],50,-1,-1,-1,3
123,100,3600,[124|218|122|217],13,[13],[1034|300],sp_fortress_building_buff_107,{1034:300},400000,[124|218|122|217],5,5,60,62001,120000000,fortress_boss_name1,monster_fortress_001,22001,1800,554400,72000|36000|0|0|0,86400,432000|432000|432000|432000|432000|432000|432000,8001,123,21600,9001|50,icon_small_fortress1,-1,,,3,ins_fortress_001,10,9,9,SLG_site_02,,,[21101|50|21102|30|21103|20],3|1|1,Head_60199,sp_fortress_building_name_123,10,banner_bubble_Building_3,banner_bubble_remains01,300,18,350,1800,100002,relic_boss_01,7811,0,8011,200,-1,1,[],50,-1,-1,-1,3
124,100,3600,[101|201|218|123],11,[11],[1016|300],sp_fortress_building_buff_108,{1016:300},400000,[101|201|218|123],5,5,60,62001,120000000,fortress_boss_name1,monster_fortress_001,22001,1800,554400,72000|36000|0|0|0,86400,432000|432000|432000|432000|432000|432000|432000,8001,124,21600,9001|50,icon_small_fortress1,-1,,,3,ins_fortress_001,10,9,9,SLG_site_02,,,[21101|50|21102|30|21103|20],3|1|1,Head_60199,sp_fortress_building_name_124,10,banner_bubble_Building_3,banner_bubble_remains01,300,19,175,1800,100002,relic_boss_01,7811,0,8011,200,-1,1,[],50,-1,-1,-1,3
201,100,3600,[101|124|102|301],12,[12],[1004|500],sp_fortress_building_buff_125,{1004:500},600000,[101|124|102|301],5,5,60,62002,200000000,fortress_boss_name2,monster_fortress_001,22001,1800,986400,72000|36000|0|0|0,259200,691200|691200|691200|691200|691200|691200|691200,8002,201,21600,9002|80,icon_small_fortress1,-1,,,3,ins_fortress_002,20,9,9,SLG_site_02,,,[21201|50|21202|30|21203|20],3|1|1,Head_60002,sp_fortress_building_name_125,10,banner_bubble_Building_4,banner_bubble_remains01,300,72,108,1800,100002,relic_boss_02,7812,0,8012,200,-1,2,[],50,-1,-1,-1,3
202,100,3600,[103|302|102|104],45,[45],[1005|500],sp_fortress_building_buff_126,{1005:500},600000,[103|302|102|104],5,5,60,62002,200000000,fortress_boss_name2,monster_fortress_001,22001,1800,986400,72000|36000|0|0|0,259200,691200|691200|691200|691200|691200|691200|691200,8002,202,21600,9002|80,icon_small_fortress1,-1,,,3,ins_fortress_002,20,9,9,SLG_site_02,,,[21201|50|21202|30|21203|20],3|1|1,Head_60002,sp_fortress_building_name_126,10,banner_bubble_Building_4,banner_bubble_remains01,300,179,89,1800,100002,relic_boss_02,7812,0,8012,200,-1,2,[],50,-1,-1,-1,3
203,100,3600,[104|204|303|302|304],7,[7],[1006|500],sp_fortress_building_buff_127,{1006:500},600000,[104|204|303|302|304],5,5,60,62002,200000000,fortress_boss_name2,monster_fortress_001,22001,1800,986400,72000|36000|0|0|0,259200,691200|691200|691200|691200|691200|691200|691200,8002,203,21600,9002|80,icon_small_fortress1,-1,,,3,ins_fortress_002,20,9,9,SLG_site_02,,,[21201|50|21202|30|21203|20],3|1|1,Head_60002,sp_fortress_building_name_127,10,banner_bubble_Building_4,banner_bubble_remains01,300,260,146,1800,100002,relic_boss_02,7812,0,8012,200,-1,2,[],50,-1,-1,-1,3
204,100,3600,[105|304|203|305|106],73,[73],[1022|500],sp_fortress_building_buff_128,{1022:500},600000,[105|304|203|305|106],5,5,60,62002,200000000,fortress_boss_name2,monster_fortress_001,22001,1800,986400,72000|36000|0|0|0,259200,691200|691200|691200|691200|691200|691200|691200,8002,204,21600,9002|80,icon_small_fortress1,-1,,,3,ins_fortress_002,20,9,9,SLG_site_02,,,[21201|50|21202|30|21203|20],3|1|1,Head_60002,sp_fortress_building_name_128,10,banner_bubble_Building_4,banner_bubble_remains01,300,334,92,1800,100002,relic_boss_02,7812,0,8012,200,-1,2,[],50,-1,-1,-1,3
205,100,3600,[106|107|108|306|305],4,[4],[1039|500],sp_fortress_building_buff_129,{1039:500},600000,[106|107|108|306|305],5,5,60,62002,200000000,fortress_boss_name2,monster_fortress_001,22001,1800,986400,72000|36000|0|0|0,259200,691200|691200|691200|691200|691200|691200|691200,8002,205,21600,9002|80,icon_small_fortress1,-1,,,3,ins_fortress_002,20,9,9,SLG_site_02,,,[21201|50|21202|30|21203|20],3|1|1,Head_60002,sp_fortress_building_name_129,10,banner_bubble_Building_4,banner_bubble_remains01,300,422,124,1800,100002,relic_boss_02,7812,0,8012,200,-1,2,[],50,-1,-1,-1,3
206,100,3600,[108|306|307|109|207],21,[21],[36|300],sp_fortress_building_buff_130,{36:300},600000,[108|306|307|109|207],5,5,60,62002,200000000,fortress_boss_name2,monster_fortress_001,22001,1800,986400,72000|36000|0|0|0,259200,691200|691200|691200|691200|691200|691200|691200,8002,206,21600,9002|80,icon_small_fortress1,-1,,,3,ins_fortress_002,20,9,9,SLG_site_02,,,[21201|50|21202|30|21203|20],3|1|1,Head_60002,sp_fortress_building_name_130,10,banner_bubble_Building_4,banner_bubble_remains01,300,462,274,1800,100002,relic_boss_02,7812,0,8012,200,-1,2,[],50,-1,-1,-1,3
207,100,3600,[206|307|109|208|405|110],28,[28],[1004|500],sp_fortress_building_buff_125,{1004:500},600000,[206|307|109|208|405|110],5,5,60,62002,200000000,fortress_boss_name2,monster_fortress_001,22001,1800,986400,72000|36000|0|0|0,259200,691200|691200|691200|691200|691200|691200|691200,8002,207,21600,9002|80,icon_small_fortress1,-1,,,3,ins_fortress_002,20,9,9,SLG_site_02,,,[21201|50|21202|30|21203|20],3|1|1,Head_60002,sp_fortress_building_name_131,10,banner_bubble_Building_4,banner_bubble_remains01,300,445,465,1800,100002,relic_boss_02,7812,0,8012,200,-1,2,[],50,-1,-1,-1,3
208,100,3600,[207|308|110|309|209|111],31,[31],[1005|500],sp_fortress_building_buff_126,{1005:500},600000,[207|308|110|309|209|111],5,5,60,62002,200000000,fortress_boss_name2,monster_fortress_001,22001,1800,986400,72000|36000|0|0|0,259200,691200|691200|691200|691200|691200|691200|691200,8002,208,21600,9002|80,icon_small_fortress1,-1,,,3,ins_fortress_002,20,9,9,SLG_site_02,,,[21201|50|21202|30|21203|20],3|1|1,Head_60002,sp_fortress_building_name_132,10,banner_bubble_Building_4,banner_bubble_remains01,300,435,581,1800,100002,relic_boss_02,7812,0,8012,200,-1,2,[],50,-1,-1,-1,3
209,100,3600,[208|309|111|112|310],52,[52],[1006|500],sp_fortress_building_buff_127,{1006:500},600000,[208|309|111|112|310],5,5,60,62002,200000000,fortress_boss_name2,monster_fortress_001,22001,1800,986400,72000|36000|0|0|0,259200,691200|691200|691200|691200|691200|691200|691200,8002,209,21600,9002|80,icon_small_fortress1,-1,,,3,ins_fortress_002,20,9,9,SLG_site_02,,,[21201|50|21202|30|21203|20],3|1|1,Head_60002,sp_fortress_building_name_133,10,banner_bubble_Building_4,banner_bubble_remains01,300,460,738,1800,100002,relic_boss_02,7812,0,8012,200,-1,2,[],50,-1,-1,-1,3
210,100,3600,[310|112|114|113],71,[71],[1022|500],sp_fortress_building_buff_128,{1022:500},600000,[310|112|114|113],5,5,60,62002,200000000,fortress_boss_name2,monster_fortress_001,22001,1800,986400,72000|36000|0|0|0,259200,691200|691200|691200|691200|691200|691200|691200,8002,210,21600,9002|80,icon_small_fortress1,-1,,,3,ins_fortress_002,20,9,9,SLG_site_02,,,[21201|50|21202|30|21203|20],3|1|1,Head_60002,sp_fortress_building_name_134,10,banner_bubble_Building_4,banner_bubble_remains01,300,444,898,1800,100002,relic_boss_02,7812,0,8012,200,-1,2,[],50,-1,-1,-1,3
211,100,3600,[311|115|116|114],68,[68],[1039|500],sp_fortress_building_buff_129,{1039:500},600000,[311|115|116|114],5,5,60,62002,200000000,fortress_boss_name2,monster_fortress_001,22001,1800,986400,72000|36000|0|0|0,259200,691200|691200|691200|691200|691200|691200|691200,8002,211,21600,9002|80,icon_small_fortress1,-1,,,3,ins_fortress_002,20,9,9,SLG_site_02,,,[21201|50|21202|30|21203|20],3|1|1,Head_60002,sp_fortress_building_name_135,10,banner_bubble_Building_4,banner_bubble_remains01,300,323,925,1800,100002,relic_boss_02,7812,0,8012,200,-1,2,[],50,-1,-1,-1,3
212,100,3600,[312|407|116|311|213],64,[64],[36|300],sp_fortress_building_buff_130,{36:300},600000,[312|407|116|311|213],5,5,60,62002,200000000,fortress_boss_name2,monster_fortress_001,22001,1800,986400,72000|36000|0|0|0,259200,691200|691200|691200|691200|691200|691200|691200,8002,212,21600,9002|80,icon_small_fortress1,-1,,,3,ins_fortress_002,20,9,9,SLG_site_02,,,[21201|50|21202|30|21203|20],3|1|1,Head_60002,sp_fortress_building_name_136,10,banner_bubble_Building_4,banner_bubble_remains01,300,249,867,1800,100002,relic_boss_02,7812,0,8012,200,-1,2,[],50,-1,-1,-1,3
213,100,3600,[313|117|118|312|212],63,[63],[1004|500],sp_fortress_building_buff_125,{1004:500},600000,[313|117|118|312|212],5,5,60,62002,200000000,fortress_boss_name2,monster_fortress_001,22001,1800,986400,72000|36000|0|0|0,259200,691200|691200|691200|691200|691200|691200|691200,8002,213,21600,9002|80,icon_small_fortress1,-1,,,3,ins_fortress_002,20,9,9,SLG_site_02,,,[21201|50|21202|30|21203|20],3|1|1,Head_60002,sp_fortress_building_name_137,10,banner_bubble_Building_4,banner_bubble_remains01,300,186,928,1800,100002,relic_boss_02,7812,0,8012,200,-1,2,[],50,-1,-1,-1,3
214,100,3600,[314|120|313|119|118],59,[59],[1005|500],sp_fortress_building_buff_126,{1005:500},600000,[314|120|313|119|118],5,5,60,62002,200000000,fortress_boss_name2,monster_fortress_001,22001,1800,986400,72000|36000|0|0|0,259200,691200|691200|691200|691200|691200|691200|691200,8002,214,21600,9002|80,icon_small_fortress1,-1,,,3,ins_fortress_002,20,9,9,SLG_site_02,,,[21201|50|21202|30|21203|20],3|1|1,Head_60002,sp_fortress_building_name_138,10,banner_bubble_Building_4,banner_bubble_remains01,300,66,912,1800,100002,relic_boss_02,7812,0,8012,200,-1,2,[],50,-1,-1,-1,3
215,100,3600,[216|121|315|314|409|120],46,[46],[1006|500],sp_fortress_building_buff_127,{1006:500},600000,[216|121|315|314|409|120],5,5,60,62002,200000000,fortress_boss_name2,monster_fortress_001,22001,1800,986400,72000|36000|0|0|0,259200,691200|691200|691200|691200|691200|691200|691200,8002,215,21600,9002|80,icon_small_fortress1,-1,,,3,ins_fortress_002,20,9,9,SLG_site_02,,,[21201|50|21202|30|21203|20],3|1|1,Head_60002,sp_fortress_building_name_139,10,banner_bubble_Building_4,banner_bubble_remains01,300,54,752,1800,100002,relic_boss_02,7812,0,8012,200,-1,2,[],50,-1,-1,-1,3
216,100,3600,[122|315|121|215],41,[41],[1022|500],sp_fortress_building_buff_128,{1022:500},600000,[122|315|121|215],5,5,60,62002,200000000,fortress_boss_name2,monster_fortress_001,22001,1800,986400,72000|36000|0|0|0,259200,691200|691200|691200|691200|691200|691200|691200,8002,216,21600,9002|80,icon_small_fortress1,-1,,,3,ins_fortress_002,20,9,9,SLG_site_02,,,[21201|50|21202|30|21203|20],3|1|1,Head_60002,sp_fortress_building_name_140,10,banner_bubble_Building_4,banner_bubble_remains01,300,50,606,1800,100002,relic_boss_02,7812,0,8012,200,-1,2,[],50,-1,-1,-1,3
217,100,3600,[218|122|123|316|410|315],38,[38],[1039|500],sp_fortress_building_buff_129,{1039:500},600000,[218|122|123|316|410|315],5,5,60,62002,200000000,fortress_boss_name2,monster_fortress_001,22001,1800,986400,72000|36000|0|0|0,259200,691200|691200|691200|691200|691200|691200|691200,8002,217,21600,9002|80,icon_small_fortress1,-1,,,3,ins_fortress_002,20,9,9,SLG_site_02,,,[21201|50|21202|30|21203|20],3|1|1,Head_60002,sp_fortress_building_name_141,10,banner_bubble_Building_4,banner_bubble_remains01,300,67,433,1800,100002,relic_boss_02,7812,0,8012,200,-1,2,[],50,-1,-1,-1,3
218,100,3600,[124|301|123|316|217],10,[10],[36|300],sp_fortress_building_buff_130,{36:300},600000,[124|301|123|316|217],5,5,60,62002,200000000,fortress_boss_name2,monster_fortress_001,22001,1800,986400,72000|36000|0|0|0,259200,691200|691200|691200|691200|691200|691200|691200,8002,218,21600,9002|80,icon_small_fortress1,-1,,,3,ins_fortress_002,20,9,9,SLG_site_02,,,[21201|50|21202|30|21203|20],3|1|1,Head_60002,sp_fortress_building_name_142,10,banner_bubble_Building_4,banner_bubble_remains01,300,48,292,1800,100002,relic_boss_02,7812,0,8012,200,-1,2,[],50,-1,-1,-1,3
301,100,3600,[102|201|302|316|218|401],9,[9],[1072|1000],sp_fortress_building_buff_143,{1072:1000},800000,[102|201|302|316|218|401],5,5,60,62003,400000000,fortress_boss_name3,monster_fortress_001,22001,1800,1332000,72000|36000|0|0|0,432000,950400|950400|950400|950400|950400|950400|950400,8003,301,21600,9003|100,icon_small_fortress2,-1,,,3,ins_fortress_003,30,9,9,SLG_site_02,,,[21301|50|21302|30|21303|20],3|1|1,Head_60047,sp_fortress_building_name_143,15,banner_bubble_Building_5,banner_bubble_remains02,300,108,216,1800,100002,relic_boss_03,7813,0,8013,200,-1,3,[],50,-1,-1,-1,3
302,100,3600,[202|401|301|303|203],8,[8],[1002|500],sp_fortress_building_buff_144,{1002:500},800000,[202|401|301|303|203],5,5,60,62003,400000000,fortress_boss_name3,monster_fortress_001,22001,1800,1332000,72000|36000|0|0|0,432000,950400|950400|950400|950400|950400|950400|950400,8003,302,21600,9003|100,icon_small_fortress2,-1,,,3,ins_fortress_003,30,9,9,SLG_site_02,,,[21301|50|21302|30|21303|20],3|1|1,Head_60047,sp_fortress_building_name_144,15,banner_bubble_Building_5,banner_bubble_remains02,300,175,139,1800,100002,relic_boss_03,7813,0,8013,200,-1,3,[],50,-1,-1,-1,3
303,100,3600,[302|402|401|203|304],16,[16],[1033|500],sp_fortress_building_buff_145,{1033:500},800000,[302|402|401|203|304],5,5,60,62003,400000000,fortress_boss_name3,monster_fortress_001,22001,1800,1332000,72000|36000|0|0|0,432000,950400|950400|950400|950400|950400|950400|950400,8003,303,21600,9003|100,icon_small_fortress2,-1,,,3,ins_fortress_003,30,9,9,SLG_site_02,,,[21301|50|21302|30|21303|20],3|1|1,Head_60047,sp_fortress_building_name_145,15,banner_bubble_Building_5,banner_bubble_remains02,300,214,242,1800,100002,relic_boss_03,7813,0,8013,200,-1,3,[],50,-1,-1,-1,3
304,100,3600,[204|203|305|501|303|403],6,[6],[1034|500],sp_fortress_building_buff_146,{1034:500},800000,[204|203|305|501|303|403],5,5,60,62003,400000000,fortress_boss_name3,monster_fortress_001,22001,1800,1332000,72000|36000|0|0|0,432000,950400|950400|950400|950400|950400|950400|950400,8003,304,21600,9003|100,icon_small_fortress2,-1,,,3,ins_fortress_003,30,9,9,SLG_site_02,,,[21301|50|21302|30|21303|20],3|1|1,Head_60047,sp_fortress_building_name_146,15,banner_bubble_Building_5,banner_bubble_remains02,300,294,204,1800,100002,relic_boss_03,7813,0,8013,200,-1,3,[],50,-1,-1,-1,3
305,100,3600,[204|403|304|306|106|205],5,[5],[1016|500],sp_fortress_building_buff_147,{1016:500},800000,[204|403|304|306|106|205],5,5,60,62003,400000000,fortress_boss_name3,monster_fortress_001,22001,1800,1332000,72000|36000|0|0|0,432000,950400|950400|950400|950400|950400|950400|950400,8003,305,21600,9003|100,icon_small_fortress2,-1,,,3,ins_fortress_003,30,9,9,SLG_site_02,,,[21301|50|21302|30|21303|20],3|1|1,Head_60047,sp_fortress_building_name_147,15,banner_bubble_Building_5,banner_bubble_remains02,300,368,172,1800,100002,relic_boss_03,7813,0,8013,200,-1,3,[],50,-1,-1,-1,3
306,100,3600,[305|404|403|205|307|206],20,[20],[1052|1000],sp_fortress_building_buff_148,{1052:1000},800000,[305|404|403|205|307|206],5,5,60,62003,400000000,fortress_boss_name3,monster_fortress_001,22001,1800,1332000,72000|36000|0|0|0,432000,950400|950400|950400|950400|950400|950400|950400,8003,306,21600,9003|100,icon_small_fortress2,-1,,,3,ins_fortress_003,30,9,9,SLG_site_02,,,[21301|50|21302|30|21303|20],3|1|1,Head_60047,sp_fortress_building_name_148,15,banner_bubble_Building_5,banner_bubble_remains02,300,400,222,1800,100002,relic_boss_03,7813,0,8013,200,-1,3,[],50,-1,-1,-1,3
307,100,3600,[306|404|206|207|405],24,[24],[35|500],sp_fortress_building_buff_149,{35:500},800000,[306|404|206|207|405],5,5,60,62003,400000000,fortress_boss_name3,monster_fortress_001,22001,1800,1332000,72000|36000|0|0|0,432000,950400|950400|950400|950400|950400|950400|950400,8003,307,21600,9003|100,icon_small_fortress2,-1,,,3,ins_fortress_003,30,9,9,SLG_site_02,,,[21301|50|21302|30|21303|20],3|1|1,Head_60047,sp_fortress_building_name_149,15,banner_bubble_Building_5,banner_bubble_remains02,300,425,363,1800,100002,relic_boss_03,7813,0,8013,200,-1,3,[],50,-1,-1,-1,3
308,100,3600,[405|208|406|309],32,[32],[1010|10],sp_fortress_building_buff_150,{1010:10},800000,[405|208|406|309],5,5,60,62003,400000000,fortress_boss_name3,monster_fortress_001,22001,1800,1332000,72000|36000|0|0|0,432000,950400|950400|950400|950400|950400|950400|950400,8003,308,21600,9003|100,icon_small_fortress2,-1,,,3,ins_fortress_003,30,9,9,SLG_site_02,,,[21301|50|21302|30|21303|20],3|1|1,Head_60047,sp_fortress_building_name_150,15,banner_bubble_Building_5,banner_bubble_remains02,300,403,599,1800,100002,relic_boss_03,7813,0,8013,200,-1,3,[],50,-1,-1,-1,3
309,100,3600,[208|308|209|310|406],51,[51],[1072|1000],sp_fortress_building_buff_143,{1072:1000},800000,[208|308|209|310|406],5,5,60,62003,400000000,fortress_boss_name3,monster_fortress_001,22001,1800,1332000,72000|36000|0|0|0,432000,950400|950400|950400|950400|950400|950400|950400,8003,309,21600,9003|100,icon_small_fortress2,-1,,,3,ins_fortress_003,30,9,9,SLG_site_02,,,[21301|50|21302|30|21303|20],3|1|1,Head_60047,sp_fortress_building_name_151,15,banner_bubble_Building_5,banner_bubble_remains02,300,422,714,1800,100002,relic_boss_03,7813,0,8013,200,-1,3,[],50,-1,-1,-1,3
310,100,3600,[309|407|210|209|114|311],54,[54],[1002|500],sp_fortress_building_buff_144,{1002:500},800000,[309|407|210|209|114|311],5,5,60,62003,400000000,fortress_boss_name3,monster_fortress_001,22001,1800,1332000,72000|36000|0|0|0,432000,950400|950400|950400|950400|950400|950400|950400,8003,310,21600,9003|100,icon_small_fortress2,-1,,,3,ins_fortress_003,30,9,9,SLG_site_02,,,[21301|50|21302|30|21303|20],3|1|1,Head_60047,sp_fortress_building_name_152,15,banner_bubble_Building_5,banner_bubble_remains02,300,403,813,1800,100002,relic_boss_03,7813,0,8013,200,-1,3,[],50,-1,-1,-1,3
311,100,3600,[407|211|212|310],66,[66],[1033|500],sp_fortress_building_buff_145,{1033:500},800000,[407|211|212|310],5,5,60,62003,400000000,fortress_boss_name3,monster_fortress_001,22001,1800,1332000,72000|36000|0|0|0,432000,950400|950400|950400|950400|950400|950400|950400,8003,311,21600,9003|100,icon_small_fortress2,-1,,,3,ins_fortress_003,30,9,9,SLG_site_02,,,[21301|50|21302|30|21303|20],3|1|1,Head_60047,sp_fortress_building_name_153,15,banner_bubble_Building_5,banner_bubble_remains02,300,336,854,1800,100002,relic_boss_03,7813,0,8013,200,-1,3,[],50,-1,-1,-1,3
312,100,3600,[408|212|407|213|313],57,[57],[1034|500],sp_fortress_building_buff_146,{1034:500},800000,[408|212|407|213|313],5,5,60,62003,400000000,fortress_boss_name3,monster_fortress_001,22001,1800,1332000,72000|36000|0|0|0,432000,950400|950400|950400|950400|950400|950400|950400,8003,312,21600,9003|100,icon_small_fortress2,-1,,,3,ins_fortress_003,30,9,9,SLG_site_02,,,[21301|50|21302|30|21303|20],3|1|1,Head_60047,sp_fortress_building_name_154,15,banner_bubble_Building_5,banner_bubble_remains02,300,214,816,1800,100002,relic_boss_03,7813,0,8013,200,-1,3,[],50,-1,-1,-1,3
313,100,3600,[314|118|214|213|408|312],58,[58],[1016|500],sp_fortress_building_buff_147,{1016:500},800000,[314|118|214|213|408|312],5,5,60,62003,400000000,fortress_boss_name3,monster_fortress_001,22001,1800,1332000,72000|36000|0|0|0,432000,950400|950400|950400|950400|950400|950400|950400,8003,313,21600,9003|100,icon_small_fortress2,-1,,,3,ins_fortress_003,30,9,9,SLG_site_02,,,[21301|50|21302|30|21303|20],3|1|1,Head_60047,sp_fortress_building_name_155,15,banner_bubble_Building_5,banner_bubble_remains02,300,137,851,1800,100002,relic_boss_03,7813,0,8013,200,-1,3,[],50,-1,-1,-1,3
314,100,3600,[215|214|409|313|408],48,[48],[1052|1000],sp_fortress_building_buff_148,{1052:1000},800000,[215|214|409|313|408],5,5,60,62003,400000000,fortress_boss_name3,monster_fortress_001,22001,1800,1332000,72000|36000|0|0|0,432000,950400|950400|950400|950400|950400|950400|950400,8003,314,21600,9003|100,icon_small_fortress2,-1,,,3,ins_fortress_003,30,9,9,SLG_site_02,,,[21301|50|21302|30|21303|20],3|1|1,Head_60047,sp_fortress_building_name_156,15,banner_bubble_Building_5,banner_bubble_remains02,300,108,804,1800,100002,relic_boss_03,7813,0,8013,200,-1,3,[],50,-1,-1,-1,3
315,100,3600,[217|216|410|409|215],42,[42],[35|500],sp_fortress_building_buff_149,{35:500},800000,[217|216|410|409|215],5,5,60,62003,400000000,fortress_boss_name3,monster_fortress_001,22001,1800,1332000,72000|36000|0|0|0,432000,950400|950400|950400|950400|950400|950400|950400,8003,315,21600,9003|100,icon_small_fortress2,-1,,,3,ins_fortress_003,30,9,9,SLG_site_02,,,[21301|50|21302|30|21303|20],3|1|1,Head_60047,sp_fortress_building_name_157,15,banner_bubble_Building_5,banner_bubble_remains02,300,83,605,1800,100002,relic_boss_03,7813,0,8013,200,-1,3,[],50,-1,-1,-1,3
316,100,3600,[301|218|401|217|410],14,[14],[1010|10],sp_fortress_building_buff_150,{1010:10},800000,[301|218|401|217|410],5,5,60,62003,400000000,fortress_boss_name3,monster_fortress_001,22001,1800,1332000,72000|36000|0|0|0,432000,950400|950400|950400|950400|950400|950400|950400,8003,316,21600,9003|100,icon_small_fortress2,-1,,,3,ins_fortress_003,30,9,9,SLG_site_02,,,[21301|50|21302|30|21303|20],3|1|1,Head_60047,sp_fortress_building_name_158,15,banner_bubble_Building_5,banner_bubble_remains02,300,86,326,1800,100002,relic_boss_03,7813,0,8013,200,-1,3,[],50,-1,-1,-1,3
401,100,3600,[302|301|303|316|402|505],15,[15],[1022|1500],sp_fortress_building_buff_159,{1022:1500},1200000,[302|301|303|316|402|505],5,5,60,62004,800000000,fortress_boss_name4,monster_fortress_001,22001,1800,1677600,72000|36000|0|0|0,604800,1209600|1209600|1209600|1209600|1209600|1209600|1209600,8004,401,21600,9004|120,icon_small_fortress2,-1,,,3,ins_fortress_004,40,9,9,SLG_site_02,,,[21501|50|21502|30|21503|20],3|1|1,Head_60116,sp_fortress_building_name_159,15,banner_bubble_Building_6,banner_bubble_remains02,300,134,286,1800,100002,relic_boss_04,7814,0,8014,200,-1,4,[],50,-1,-1,-1,3
402,100,3600,[303|401|501|505],17,[17],[1001|1000],sp_fortress_building_buff_160,{1001:1000},1200000,[303|401|501|505],5,5,60,62004,800000000,fortress_boss_name4,monster_fortress_001,22001,1800,1677600,72000|36000|0|0|0,604800,1209600|1209600|1209600|1209600|1209600|1209600|1209600,8004,402,21600,9004|120,icon_small_fortress2,-1,,,3,ins_fortress_004,40,9,9,SLG_site_02,,,[21501|50|21502|30|21503|20],3|1|1,Head_60116,sp_fortress_building_name_160,15,banner_bubble_Building_6,banner_bubble_remains02,300,201,293,1800,100002,relic_boss_04,7814,0,8014,200,-1,4,[],50,-1,-1,-1,3
403,100,3600,[305|304|306|501|404|502],19,[19],[36|500],sp_fortress_building_buff_161,{36:500},1200000,[305|304|306|501|404|502],5,5,60,62004,800000000,fortress_boss_name4,monster_fortress_001,22001,1800,1677600,72000|36000|0|0|0,604800,1209600|1209600|1209600|1209600|1209600|1209600|1209600,8004,403,21600,9004|120,icon_small_fortress2,-1,,,3,ins_fortress_004,40,9,9,SLG_site_02,,,[21501|50|21502|30|21503|20],3|1|1,Head_60116,sp_fortress_building_name_161,15,banner_bubble_Building_6,banner_bubble_remains02,300,332,280,1800,100002,relic_boss_04,7814,0,8014,200,-1,4,[],50,-1,-1,-1,3
404,100,3600,[306|403|307|502|405],25,[25],[35|500],sp_fortress_building_buff_162,{35:500},1200000,[306|403|307|502|405],5,5,60,62004,800000000,fortress_boss_name4,monster_fortress_001,22001,1800,1677600,72000|36000|0|0|0,604800,1209600|1209600|1209600|1209600|1209600|1209600|1209600,8004,404,21600,9004|120,icon_small_fortress2,-1,,,3,ins_fortress_004,40,9,9,SLG_site_02,,,[21501|50|21502|30|21503|20],3|1|1,Head_60116,sp_fortress_building_name_162,15,banner_bubble_Building_6,banner_bubble_remains02,300,380,332,1800,100002,relic_boss_04,7814,0,8014,200,-1,4,[],50,-1,-1,-1,3
405,100,3600,[404|502|307|308|207|406],27,[27],[1056|500],sp_fortress_building_buff_163,{1056:500},1200000,[404|502|307|308|207|406],5,5,60,62004,800000000,fortress_boss_name4,monster_fortress_001,22001,1800,1677600,72000|36000|0|0|0,604800,1209600|1209600|1209600|1209600|1209600|1209600|1209600,8004,405,21600,9004|120,icon_small_fortress2,-1,,,3,ins_fortress_004,40,9,9,SLG_site_02,,,[21501|50|21502|30|21503|20],3|1|1,Head_60116,sp_fortress_building_name_163,15,banner_bubble_Building_6,banner_bubble_remains02,300,374,490,1800,100002,relic_boss_04,7814,0,8014,200,-1,4,[],50,-1,-1,-1,3
406,100,3600,[405|502|308|503|407|309],33,[33],[1022|1500],sp_fortress_building_buff_159,{1022:1500},1200000,[405|502|308|503|407|309],5,5,60,62004,800000000,fortress_boss_name4,monster_fortress_001,22001,1800,1677600,72000|36000|0|0|0,604800,1209600|1209600|1209600|1209600|1209600|1209600|1209600,8004,406,21600,9004|120,icon_small_fortress2,-1,,,3,ins_fortress_004,40,9,9,SLG_site_02,,,[21501|50|21502|30|21503|20],3|1|1,Head_60116,sp_fortress_building_name_164,15,banner_bubble_Building_6,banner_bubble_remains02,300,361,669,1800,100002,relic_boss_04,7814,0,8014,200,-1,4,[],50,-1,-1,-1,3
407,100,3600,[503|212|312|311|406|310],55,[55],[1001|1000],sp_fortress_building_buff_160,{1001:1000},1200000,[503|212|312|311|406|310],5,5,60,62004,800000000,fortress_boss_name4,monster_fortress_001,22001,1800,1677600,72000|36000|0|0|0,604800,1209600|1209600|1209600|1209600|1209600|1209600|1209600,8004,407,21600,9004|120,icon_small_fortress2,-1,,,3,ins_fortress_004,40,9,9,SLG_site_02,,,[21501|50|21502|30|21503|20],3|1|1,Head_60116,sp_fortress_building_name_165,15,banner_bubble_Building_6,banner_bubble_remains02,300,310,816,1800,100002,relic_boss_04,7814,0,8014,200,-1,4,[],50,-1,-1,-1,3
408,100,3600,[504|409|312|503|313|314],49,[49],[36|500],sp_fortress_building_buff_161,{36:500},1200000,[504|409|312|503|313|314],5,5,60,62004,800000000,fortress_boss_name4,monster_fortress_001,22001,1800,1677600,72000|36000|0|0|0,604800,1209600|1209600|1209600|1209600|1209600|1209600|1209600,8004,408,21600,9004|120,icon_small_fortress2,-1,,,3,ins_fortress_004,40,9,9,SLG_site_02,,,[21501|50|21502|30|21503|20],3|1|1,Head_60116,sp_fortress_building_name_166,15,banner_bubble_Building_6,banner_bubble_remains02,300,198,730,1800,100002,relic_boss_04,7814,0,8014,200,-1,4,[],50,-1,-1,-1,3
409,100,3600,[410|315|504|314|215|408],43,[43],[35|500],sp_fortress_building_buff_162,{35:500},1200000,[410|315|504|314|215|408],5,5,60,62004,800000000,fortress_boss_name4,monster_fortress_001,22001,1800,1677600,72000|36000|0|0|0,604800,1209600|1209600|1209600|1209600|1209600|1209600|1209600,8004,409,21600,9004|120,icon_small_fortress2,-1,,,3,ins_fortress_004,40,9,9,SLG_site_02,,,[21501|50|21502|30|21503|20],3|1|1,Head_60116,sp_fortress_building_name_167,15,banner_bubble_Building_6,banner_bubble_remains02,300,116,694,1800,100002,relic_boss_04,7814,0,8014,200,-1,4,[],50,-1,-1,-1,3
410,100,3600,[316|217|505|409|315|504],37,[37],[1056|500],sp_fortress_building_buff_163,{1056:500},1200000,[316|217|505|409|315|504],5,5,60,62004,800000000,fortress_boss_name4,monster_fortress_001,22001,1800,1677600,72000|36000|0|0|0,604800,1209600|1209600|1209600|1209600|1209600|1209600|1209600,8004,410,21600,9004|120,icon_small_fortress2,-1,,,3,ins_fortress_004,40,9,9,SLG_site_02,,,[21501|50|21502|30|21503|20],3|1|1,Head_60116,sp_fortress_building_name_168,15,banner_bubble_Building_6,banner_bubble_remains02,300,115,503,1800,100002,relic_boss_04,7814,0,8014,200,-1,4,[],50,-1,-1,-1,3
501,100,3600,[304|402|403],18,[18],,sp_fortress_building_buff_169,{},2500000,[304|402|403],5,5,60,62005,1200000000,fortress_boss_name5,monster_fortress_001,22001,1800,2023200,72000|36000|0|0|0,777600,1468800|1468800|1468800|1468800|1468800|1468800|1468800,8005,501,21600,9005|150,icon_small_fortress3,1,,[12001|100|5001|100|6001|100],3,ins_fortress_005,50,9,9,SLG_site_02,,,[21601|50|21602|30|21603|20],3|1|1,Head_60198,sp_fortress_building_name_169,20,banner_bubble_Building_7,banner_bubble_remains02,300,257,337,1800,100002,relic_boss_05,7815,0,8015,200,-1,5,[(12001|100)|(5001|100)|(6001|100)],50,-1,-1,-1,3
502,100,3600,[403|404|405|406],26,[26],,sp_fortress_building_buff_170,{},2500000,[403|404|405|406],5,5,60,62005,1200000000,fortress_boss_name5,monster_fortress_001,22001,1800,2023200,72000|36000|0|0|0,777600,1468800|1468800|1468800|1468800|1468800|1468800|1468800,8005,502,21600,9005|150,icon_small_fortress3,2,,[111|100|511|100|711|100],3,ins_fortress_005,50,9,9,SLG_site_02,,,[21601|50|21602|30|21603|20],3|1|1,Head_60198,sp_fortress_building_name_170,20,banner_bubble_Building_7,banner_bubble_remains02,300,329,481,1800,100002,relic_boss_05,7815,0,8015,200,-1,5,[(111|100)|(511|100)|(711|100)],50,-1,-1,-1,3
503,100,3600,[504|406|407|408],50,[50],,sp_fortress_building_buff_171,{},2500000,[504|406|407|408],5,5,60,62005,1200000000,fortress_boss_name5,monster_fortress_001,22001,1800,2023200,72000|36000|0|0|0,777600,1468800|1468800|1468800|1468800|1468800|1468800|1468800,8005,503,21600,9005|150,icon_small_fortress3,1,,[12001|100|5001|100|6001|100],3,ins_fortress_005,50,9,9,SLG_site_02,,,[21601|50|21602|30|21603|20],3|1|1,Head_60198,sp_fortress_building_name_171,20,banner_bubble_Building_7,banner_bubble_remains02,300,290,708,1800,100002,relic_boss_05,7815,0,8015,200,-1,5,[(12001|100)|(5001|100)|(6001|100)],50,-1,-1,-1,3
504,100,3600,[410|409|505|408|503],44,[44],,sp_fortress_building_buff_172,{},2500000,[410|409|505|408|503],5,5,60,62005,1200000000,fortress_boss_name5,monster_fortress_001,22001,1800,2023200,72000|36000|0|0|0,777600,1468800|1468800|1468800|1468800|1468800|1468800|1468800,8005,504,21600,9005|150,icon_small_fortress3,2,,[111|100|511|100|711|100],3,ins_fortress_005,50,9,9,SLG_site_02,,,[21601|50|21602|30|21603|20],3|1|1,Head_60198,sp_fortress_building_name_172,20,banner_bubble_Building_7,banner_bubble_remains02,300,182,654,1800,100002,relic_boss_05,7815,0,8015,200,-1,5,[(111|100)|(511|100)|(711|100)],50,-1,-1,-1,3
505,100,3600,[401|410|402|504],36,[36],,sp_fortress_building_buff_173,{},2500000,[401|410|402|504],5,5,60,62005,1200000000,fortress_boss_name5,monster_fortress_001,22001,1800,2023200,72000|36000|0|0|0,777600,1468800|1468800|1468800|1468800|1468800|1468800|1468800,8005,505,21600,9005|150,icon_small_fortress3,1,,[12001|100|5001|100|6001|100],3,ins_fortress_005,50,9,9,SLG_site_02,,,[21601|50|21602|30|21603|20],3|1|1,Head_60198,sp_fortress_building_name_173,20,banner_bubble_Building_7,banner_bubble_remains02,300,169,459,1800,100002,relic_boss_05,7815,0,8015,200,-1,5,[(12001|100)|(5001|100)|(6001|100)],50,-1,-1,-1,3
10101,100,3600,[10201|10102|10124],1,[1],[1013|1000],sp_fortress_building_buff_101_S1,{1013:1000},400000,[10201|10102|10124],5,5,60,121001,120000000,hero_name_60214,monster_fortress_001,101001,1800,554400,72000|36000|0|0|0,86400,172800|172800|172800|172800|172800|172800|172800,13000101,10101,21600,9001|50,icon_small_fortress1,-1,,,3,res_relic_bg_101,10,9,9,SLG_site_02,,,[21101|50|21102|30|21103|20],3|1|1,Head_60214,sp_fortress_building_name_101,10,banner_bubble_relic_101,banner_bubble_remains02,300,16,44,1800,100002,relic_boss_11,13000001,1,8011,200,-1,1,[],50,5000,300,100,3
10102,100,3600,[10201|10101|10103|10301|10202],23,[23],[1012|1000],sp_fortress_building_buff_102_S1,{1012:1000},400000,[10201|10101|10103|10301|10202],5,5,60,121001,120000000,hero_name_60214,monster_fortress_001,101001,1800,554400,72000|36000|0|0|0,86400,172800|172800|172800|172800|172800|172800|172800,13000101,10102,21600,9001|50,icon_small_fortress1,-1,,,3,res_relic_bg_101,10,9,9,SLG_site_02,,,[21101|50|21102|30|21103|20],3|1|1,Head_60214,sp_fortress_building_name_102,10,banner_bubble_relic_101,banner_bubble_remains02,300,104,44,1800,100002,relic_boss_11,13000001,1,8011,200,-1,1,[],50,5000,300,100,3
10103,100,3600,[10202|10102|10104],34,[34],[1014|1000],sp_fortress_building_buff_103_S1,{1014:1000},400000,[10202|10102|10104],5,5,60,121001,120000000,hero_name_60214,monster_fortress_001,101001,1800,554400,72000|36000|0|0|0,86400,172800|172800|172800|172800|172800|172800|172800,13000101,10103,21600,9001|50,icon_small_fortress1,-1,,,3,res_relic_bg_101,10,9,9,SLG_site_02,,,[21101|50|21102|30|21103|20],3|1|1,Head_60214,sp_fortress_building_name_103,10,banner_bubble_relic_101,banner_bubble_remains02,300,163,25,1800,100002,relic_boss_11,13000001,1,8011,200,-1,1,[],50,5000,300,100,3
10104,100,3600,[10103|10203|10105|10202],56,[56],[1001|300],sp_fortress_building_buff_104_S1,{1001:300},400000,[10103|10203|10105|10202],5,5,60,121001,120000000,hero_name_60214,monster_fortress_001,101001,1800,554400,72000|36000|0|0|0,86400,172800|172800|172800|172800|172800|172800|172800,13000101,10104,21600,9001|50,icon_small_fortress1,-1,,,3,res_relic_bg_101,10,9,9,SLG_site_02,,,[21101|50|21102|30|21103|20],3|1|1,Head_60214,sp_fortress_building_name_104,10,banner_bubble_relic_101,banner_bubble_remains02,300,243,51,1800,100002,relic_boss_11,13000001,1,8011,200,-1,1,[],50,5000,300,100,3
10105,100,3600,[10204|10104|10106],67,[67],[1002|300],sp_fortress_building_buff_105_S1,{1002:300},400000,[10204|10104|10106],5,5,60,121001,120000000,hero_name_60214,monster_fortress_001,101001,1800,554400,72000|36000|0|0|0,86400,172800|172800|172800|172800|172800|172800|172800,13000101,10105,21600,9001|50,icon_small_fortress1,-1,,,3,res_relic_bg_101,10,9,9,SLG_site_02,,,[21101|50|21102|30|21103|20],3|1|1,Head_60214,sp_fortress_building_name_105,10,banner_bubble_relic_101,banner_bubble_remains02,300,337,19,1800,100002,relic_boss_11,13000001,1,8011,200,-1,1,[],50,5000,300,100,3
10106,100,3600,[10105|10205|10107|10305|10204],74,[74],[1033|300],sp_fortress_building_buff_106_S1,{1033:300},400000,[10105|10205|10107|10305|10204],5,5,60,121001,120000000,hero_name_60214,monster_fortress_001,101001,1800,554400,72000|36000|0|0|0,86400,172800|172800|172800|172800|172800|172800|172800,13000101,10106,21600,9001|50,icon_small_fortress1,-1,,,3,res_relic_bg_101,10,9,9,SLG_site_02,,,[21101|50|21102|30|21103|20],3|1|1,Head_60214,sp_fortress_building_name_106,10,banner_bubble_relic_101,banner_bubble_remains02,300,399,57,1800,100002,relic_boss_11,13000001,1,8011,200,-1,1,[],50,5000,300,100,3
10107,100,3600,[10205|10106|10108],2,[2],[1034|300],sp_fortress_building_buff_107_S1,{1034:300},400000,[10205|10106|10108],5,5,60,121001,120000000,hero_name_60214,monster_fortress_001,101001,1800,554400,72000|36000|0|0|0,86400,172800|172800|172800|172800|172800|172800|172800,13000101,10107,21600,9001|50,icon_small_fortress1,-1,,,3,res_relic_bg_101,10,9,9,SLG_site_02,,,[21101|50|21102|30|21103|20],3|1|1,Head_60214,sp_fortress_building_name_107,10,banner_bubble_relic_101,banner_bubble_remains02,300,486,70,1800,100002,relic_boss_11,13000001,1,8011,200,-1,1,[],50,5000,300,100,3
10108,100,3600,[10205|10206|10107|10109],3,[3],[1016|300],sp_fortress_building_buff_108_S1,{1016:300},400000,[10205|10206|10107|10109],5,5,60,121001,120000000,hero_name_60214,monster_fortress_001,101001,1800,554400,72000|36000|0|0|0,86400,172800|172800|172800|172800|172800|172800|172800,13000101,10108,21600,9001|50,icon_small_fortress1,-1,,,3,res_relic_bg_101,10,9,9,SLG_site_02,,,[21101|50|21102|30|21103|20],3|1|1,Head_60214,sp_fortress_building_name_108,10,banner_bubble_relic_101,banner_bubble_remains02,300,489,153,1800,100002,relic_boss_11,13000001,1,8011,200,-1,1,[],50,5000,300,100,3
10109,100,3600,[10108|10206|10110|10207],22,[22],[1013|1000],sp_fortress_building_buff_101_S1,{1013:1000},400000,[10108|10206|10110|10207],5,5,60,121001,120000000,hero_name_60214,monster_fortress_001,101001,1800,554400,72000|36000|0|0|0,86400,172800|172800|172800|172800|172800|172800|172800,13000101,10109,21600,9001|50,icon_small_fortress1,-1,,,3,res_relic_bg_101,10,9,9,SLG_site_02,,,[21101|50|21102|30|21103|20],3|1|1,Head_60214,sp_fortress_building_name_109,10,banner_bubble_relic_101,banner_bubble_remains02,300,489,337,1800,100002,relic_boss_11,13000001,1,8011,200,-1,1,[],50,5000,300,100,3
10110,100,3600,[10109|10207|10208|10111],29,[29],[1012|1000],sp_fortress_building_buff_102_S1,{1012:1000},400000,[10109|10207|10208|10111],5,5,60,121001,120000000,hero_name_60214,monster_fortress_001,101001,1800,554400,72000|36000|0|0|0,86400,172800|172800|172800|172800|172800|172800|172800,13000101,10110,21600,9001|50,icon_small_fortress1,-1,,,3,res_relic_bg_101,10,9,9,SLG_site_02,,,[21101|50|21102|30|21103|20],3|1|1,Head_60214,sp_fortress_building_name_110,10,banner_bubble_relic_101,banner_bubble_remains02,300,489,521,1800,100002,relic_boss_11,13000001,1,8011,200,-1,1,[],50,5000,300,100,3
10111,100,3600,[10110|10208|10209|10112],30,[30],[1014|1000],sp_fortress_building_buff_103_S1,{1014:1000},400000,[10110|10208|10209|10112],5,5,60,121001,120000000,hero_name_60214,monster_fortress_001,101001,1800,554400,72000|36000|0|0|0,86400,172800|172800|172800|172800|172800|172800|172800,13000101,10111,21600,9001|50,icon_small_fortress1,-1,,,3,res_relic_bg_101,10,9,9,SLG_site_02,,,[21101|50|21102|30|21103|20],3|1|1,Head_60214,sp_fortress_building_name_111,10,banner_bubble_relic_101,banner_bubble_remains02,300,492,682,1800,100002,relic_boss_11,13000001,1,8011,200,-1,1,[],50,5000,300,100,3
10112,100,3600,[10111|10209|10210|10113],53,[53],[1001|300],sp_fortress_building_buff_104_S1,{1001:300},400000,[10111|10209|10210|10113],5,5,60,121001,120000000,hero_name_60214,monster_fortress_001,101001,1800,554400,72000|36000|0|0|0,86400,172800|172800|172800|172800|172800|172800|172800,13000101,10112,21600,9001|50,icon_small_fortress1,-1,,,3,res_relic_bg_101,10,9,9,SLG_site_02,,,[21101|50|21102|30|21103|20],3|1|1,Head_60214,sp_fortress_building_name_112,10,banner_bubble_relic_101,banner_bubble_remains02,300,490,854,1800,100002,relic_boss_11,13000001,1,8011,200,-1,1,[],50,5000,300,100,3
10113,100,3600,[10112|10210|10114],72,[72],[1002|300],sp_fortress_building_buff_105_S1,{1002:300},400000,[10112|10210|10114],5,5,60,121001,120000000,hero_name_60214,monster_fortress_001,101001,1800,554400,72000|36000|0|0|0,86400,172800|172800|172800|172800|172800|172800|172800,13000101,10113,21600,9001|50,icon_small_fortress1,-1,,,3,res_relic_bg_101,10,9,9,SLG_site_02,,,[21101|50|21102|30|21103|20],3|1|1,Head_60214,sp_fortress_building_name_113,10,banner_bubble_relic_101,banner_bubble_remains02,300,484,978,1800,100002,relic_boss_11,13000001,1,8011,200,-1,1,[],50,5000,300,100,3
10114,100,3600,[10310|10211|10210|10115|10113],70,[70],[1033|300],sp_fortress_building_buff_106_S1,{1033:300},400000,[10310|10211|10210|10115|10113],5,5,60,121001,120000000,hero_name_60214,monster_fortress_001,101001,1800,554400,72000|36000|0|0|0,86400,172800|172800|172800|172800|172800|172800|172800,13000101,10114,21600,9001|50,icon_small_fortress1,-1,,,3,res_relic_bg_101,10,9,9,SLG_site_02,,,[21101|50|21102|30|21103|20],3|1|1,Head_60214,sp_fortress_building_name_114,10,banner_bubble_relic_101,banner_bubble_remains02,300,409,961,1800,100002,relic_boss_11,13000001,1,8011,200,-1,1,[],50,5000,300,100,3
10115,100,3600,[10211|10116|10114],69,[69],[1034|300],sp_fortress_building_buff_107_S1,{1034:300},400000,[10211|10116|10114],5,5,60,121001,120000000,hero_name_60214,monster_fortress_001,101001,1800,554400,72000|36000|0|0|0,86400,172800|172800|172800|172800|172800|172800|172800,13000101,10115,21600,9001|50,icon_small_fortress1,-1,,,3,res_relic_bg_101,10,9,9,SLG_site_02,,,[21101|50|21102|30|21103|20],3|1|1,Head_60214,sp_fortress_building_name_115,10,banner_bubble_relic_101,banner_bubble_remains02,300,329,991,1800,100002,relic_boss_11,13000001,1,8011,200,-1,1,[],50,5000,300,100,3
10116,100,3600,[10212|10211|10117|10115],65,[65],[1016|300],sp_fortress_building_buff_108_S1,{1016:300},400000,[10212|10211|10117|10115],5,5,60,121001,120000000,hero_name_60214,monster_fortress_001,101001,1800,554400,72000|36000|0|0|0,86400,172800|172800|172800|172800|172800|172800|172800,13000101,10116,21600,9001|50,icon_small_fortress1,-1,,,3,res_relic_bg_101,10,9,9,SLG_site_02,,,[21101|50|21102|30|21103|20],3|1|1,Head_60214,sp_fortress_building_name_116,10,banner_bubble_relic_101,banner_bubble_remains02,300,259,981,1800,100002,relic_boss_11,13000001,1,8011,200,-1,1,[],50,5000,300,100,3
10117,100,3600,[10213|10118|10116],62,[62],[1013|1000],sp_fortress_building_buff_101_S1,{1013:1000},400000,[10213|10118|10116],5,5,60,121001,120000000,hero_name_60214,monster_fortress_001,101001,1800,554400,72000|36000|0|0|0,86400,172800|172800|172800|172800|172800|172800|172800,13000101,10117,21600,9001|50,icon_small_fortress1,-1,,,3,res_relic_bg_101,10,9,9,SLG_site_02,,,[21101|50|21102|30|21103|20],3|1|1,Head_60214,sp_fortress_building_name_117,10,banner_bubble_relic_101,banner_bubble_remains02,300,173,981,1800,100002,relic_boss_11,13000001,1,8011,200,-1,1,[],50,5000,300,100,3
10118,100,3600,[10313|10214|10213|10119|10117],61,[61],[1012|1000],sp_fortress_building_buff_102_S1,{1012:1000},400000,[10313|10214|10213|10119|10117],5,5,60,121001,120000000,hero_name_60214,monster_fortress_001,101001,1800,554400,72000|36000|0|0|0,86400,172800|172800|172800|172800|172800|172800|172800,13000101,10118,21600,9001|50,icon_small_fortress1,-1,,,3,res_relic_bg_101,10,9,9,SLG_site_02,,,[21101|50|21102|30|21103|20],3|1|1,Head_60214,sp_fortress_building_name_118,10,banner_bubble_relic_101,banner_bubble_remains02,300,99,975,1800,100002,relic_boss_11,13000001,1,8011,200,-1,1,[],50,5000,300,100,3
10119,100,3600,[10120|10214|10118],60,[60],[1014|1000],sp_fortress_building_buff_103_S1,{1014:1000},400000,[10120|10214|10118],5,5,60,121001,120000000,hero_name_60214,monster_fortress_001,101001,1800,554400,72000|36000|0|0|0,86400,172800|172800|172800|172800|172800|172800|172800,13000101,10119,21600,9001|50,icon_small_fortress1,-1,,,3,res_relic_bg_101,10,9,9,SLG_site_02,,,[21101|50|21102|30|21103|20],3|1|1,Head_60214,sp_fortress_building_name_119,10,banner_bubble_relic_101,banner_bubble_remains02,300,25,981,1800,100002,relic_boss_11,13000001,1,8011,200,-1,1,[],50,5000,300,100,3
10120,100,3600,[10121|10215|10119|10214],47,[47],[1001|300],sp_fortress_building_buff_104_S1,{1001:300},400000,[10121|10215|10119|10214],5,5,60,121001,120000000,hero_name_60214,monster_fortress_001,101001,1800,554400,72000|36000|0|0|0,86400,172800|172800|172800|172800|172800|172800|172800,13000101,10120,21600,9001|50,icon_small_fortress1,-1,,,3,res_relic_bg_101,10,9,9,SLG_site_02,,,[21101|50|21102|30|21103|20],3|1|1,Head_60214,sp_fortress_building_name_120,10,banner_bubble_relic_101,banner_bubble_remains02,300,22,846,1800,100002,relic_boss_11,13000001,1,8011,200,-1,1,[],50,5000,300,100,3
10121,100,3600,[10122|10216|10120|10215],40,[40],[1002|300],sp_fortress_building_buff_105_S1,{1002:300},400000,[10122|10216|10120|10215],5,5,60,121001,120000000,hero_name_60214,monster_fortress_001,101001,1800,554400,72000|36000|0|0|0,86400,172800|172800|172800|172800|172800|172800|172800,13000101,10121,21600,9001|50,icon_small_fortress1,-1,,,3,res_relic_bg_101,10,9,9,SLG_site_02,,,[21101|50|21102|30|21103|20],3|1|1,Head_60214,sp_fortress_building_name_121,10,banner_bubble_relic_101,banner_bubble_remains02,300,19,675,1800,100002,relic_boss_11,13000001,1,8011,200,-1,1,[],50,5000,300,100,3
10122,100,3600,[10123|10217|10216|10121],39,[39],[1033|300],sp_fortress_building_buff_106_S1,{1033:300},400000,[10123|10217|10216|10121],5,5,60,121001,120000000,hero_name_60214,monster_fortress_001,101001,1800,554400,72000|36000|0|0|0,86400,172800|172800|172800|172800|172800|172800|172800,13000101,10122,21600,9001|50,icon_small_fortress1,-1,,,3,res_relic_bg_101,10,9,9,SLG_site_02,,,[21101|50|21102|30|21103|20],3|1|1,Head_60214,sp_fortress_building_name_122,10,banner_bubble_relic_101,banner_bubble_remains02,300,22,490,1800,100002,relic_boss_11,13000001,1,8011,200,-1,1,[],50,5000,300,100,3
10123,100,3600,[10124|10218|10122|10217],13,[13],[1034|300],sp_fortress_building_buff_107_S1,{1034:300},400000,[10124|10218|10122|10217],5,5,60,121001,120000000,hero_name_60214,monster_fortress_001,101001,1800,554400,72000|36000|0|0|0,86400,172800|172800|172800|172800|172800|172800|172800,13000101,10123,21600,9001|50,icon_small_fortress1,-1,,,3,res_relic_bg_101,10,9,9,SLG_site_02,,,[21101|50|21102|30|21103|20],3|1|1,Head_60214,sp_fortress_building_name_123,10,banner_bubble_relic_101,banner_bubble_remains02,300,18,350,1800,100002,relic_boss_11,13000001,1,8011,200,-1,1,[],50,5000,300,100,3
10124,100,3600,[10101|10201|10218|10123],11,[11],[1016|300],sp_fortress_building_buff_108_S1,{1016:300},400000,[10101|10201|10218|10123],5,5,60,121001,120000000,hero_name_60214,monster_fortress_001,101001,1800,554400,72000|36000|0|0|0,86400,172800|172800|172800|172800|172800|172800|172800,13000101,10124,21600,9001|50,icon_small_fortress1,-1,,,3,res_relic_bg_101,10,9,9,SLG_site_02,,,[21101|50|21102|30|21103|20],3|1|1,Head_60214,sp_fortress_building_name_124,10,banner_bubble_relic_101,banner_bubble_remains02,300,19,175,1800,100002,relic_boss_11,13000001,1,8011,200,-1,1,[],50,5000,300,100,3
10201,100,3600,[10101|10124|10102|10301],12,[12],[1004|500],sp_fortress_building_buff_125_S1,{1004:500},600000,[10101|10124|10102|10301],5,5,60,122001,200000000,hero_name_60216,monster_fortress_001,101001,1800,986400,72000|36000|0|0|0,259200,345600|345600|345600|345600|345600|345600|345600,13000102,10201,21600,9002|80,icon_small_fortress1,-1,,,3,res_relic_bg_102,20,9,9,SLG_site_02,,,[21201|50|21202|30|21203|20],3|1|1,Head_60216,sp_fortress_building_name_125,10,banner_bubble_relic_102,banner_bubble_remains02,300,72,108,1800,100002,relic_boss_12,13000002,1,8012,200,-1,2,[],50,4000,300,200,3
10202,100,3600,[10103|10302|10102|10104],45,[45],[1005|500],sp_fortress_building_buff_126_S1,{1005:500},600000,[10103|10302|10102|10104],5,5,60,122001,200000000,hero_name_60216,monster_fortress_001,101001,1800,986400,72000|36000|0|0|0,259200,345600|345600|345600|345600|345600|345600|345600,13000102,10202,21600,9002|80,icon_small_fortress1,-1,,,3,res_relic_bg_102,20,9,9,SLG_site_02,,,[21201|50|21202|30|21203|20],3|1|1,Head_60216,sp_fortress_building_name_126,10,banner_bubble_relic_102,banner_bubble_remains02,300,179,89,1800,100002,relic_boss_12,13000002,1,8012,200,-1,2,[],50,4000,300,200,3
10203,100,3600,[10104|10204|10303|10302|10304],7,[7],[1006|500],sp_fortress_building_buff_127_S1,{1006:500},600000,[10104|10204|10303|10302|10304],5,5,60,122001,200000000,hero_name_60216,monster_fortress_001,101001,1800,986400,72000|36000|0|0|0,259200,345600|345600|345600|345600|345600|345600|345600,13000102,10203,21600,9002|80,icon_small_fortress1,-1,,,3,res_relic_bg_102,20,9,9,SLG_site_02,,,[21201|50|21202|30|21203|20],3|1|1,Head_60216,sp_fortress_building_name_127,10,banner_bubble_relic_102,banner_bubble_remains02,300,260,146,1800,100002,relic_boss_12,13000002,1,8012,200,-1,2,[],50,4000,300,200,3
10204,100,3600,[10105|10304|10203|10305|10106],73,[73],[1022|500],sp_fortress_building_buff_128_S1,{1022:500},600000,[10105|10304|10203|10305|10106],5,5,60,122001,200000000,hero_name_60216,monster_fortress_001,101001,1800,986400,72000|36000|0|0|0,259200,345600|345600|345600|345600|345600|345600|345600,13000102,10204,21600,9002|80,icon_small_fortress1,-1,,,3,res_relic_bg_102,20,9,9,SLG_site_02,,,[21201|50|21202|30|21203|20],3|1|1,Head_60216,sp_fortress_building_name_128,10,banner_bubble_relic_102,banner_bubble_remains02,300,334,92,1800,100002,relic_boss_12,13000002,1,8012,200,-1,2,[],50,4000,300,200,3
10205,100,3600,[10106|10107|10108|10306|10305],4,[4],[1039|500],sp_fortress_building_buff_129_S1,{1039:500},600000,[10106|10107|10108|10306|10305],5,5,60,122001,200000000,hero_name_60216,monster_fortress_001,101001,1800,986400,72000|36000|0|0|0,259200,345600|345600|345600|345600|345600|345600|345600,13000102,10205,21600,9002|80,icon_small_fortress1,-1,,,3,res_relic_bg_102,20,9,9,SLG_site_02,,,[21201|50|21202|30|21203|20],3|1|1,Head_60216,sp_fortress_building_name_129,10,banner_bubble_relic_102,banner_bubble_remains02,300,422,124,1800,100002,relic_boss_12,13000002,1,8012,200,-1,2,[],50,4000,300,200,3
10206,100,3600,[10108|10306|10307|10109|10207],21,[21],[36|300],sp_fortress_building_buff_130_S1,{36:300},600000,[10108|10306|10307|10109|10207],5,5,60,122001,200000000,hero_name_60216,monster_fortress_001,101001,1800,986400,72000|36000|0|0|0,259200,345600|345600|345600|345600|345600|345600|345600,13000102,10206,21600,9002|80,icon_small_fortress1,-1,,,3,res_relic_bg_102,20,9,9,SLG_site_02,,,[21201|50|21202|30|21203|20],3|1|1,Head_60216,sp_fortress_building_name_130,10,banner_bubble_relic_102,banner_bubble_remains02,300,462,274,1800,100002,relic_boss_12,13000002,1,8012,200,-1,2,[],50,4000,300,200,3
10207,100,3600,[10206|10307|10109|10208|10405|10110],28,[28],[1004|500],sp_fortress_building_buff_125_S1,{1004:500},600000,[10206|10307|10109|10208|10405|10110],5,5,60,122001,200000000,hero_name_60216,monster_fortress_001,101001,1800,986400,72000|36000|0|0|0,259200,345600|345600|345600|345600|345600|345600|345600,13000102,10207,21600,9002|80,icon_small_fortress1,-1,,,3,res_relic_bg_102,20,9,9,SLG_site_02,,,[21201|50|21202|30|21203|20],3|1|1,Head_60216,sp_fortress_building_name_131,10,banner_bubble_relic_102,banner_bubble_remains02,300,445,465,1800,100002,relic_boss_12,13000002,1,8012,200,-1,2,[],50,4000,300,200,3
10208,100,3600,[10207|10308|10110|10309|10209|10111],31,[31],[1005|500],sp_fortress_building_buff_126_S1,{1005:500},600000,[10207|10308|10110|10309|10209|10111],5,5,60,122001,200000000,hero_name_60216,monster_fortress_001,101001,1800,986400,72000|36000|0|0|0,259200,345600|345600|345600|345600|345600|345600|345600,13000102,10208,21600,9002|80,icon_small_fortress1,-1,,,3,res_relic_bg_102,20,9,9,SLG_site_02,,,[21201|50|21202|30|21203|20],3|1|1,Head_60216,sp_fortress_building_name_132,10,banner_bubble_relic_102,banner_bubble_remains02,300,435,581,1800,100002,relic_boss_12,13000002,1,8012,200,-1,2,[],50,4000,300,200,3
10209,100,3600,[10208|10309|10111|10112|10310],52,[52],[1006|500],sp_fortress_building_buff_127_S1,{1006:500},600000,[10208|10309|10111|10112|10310],5,5,60,122001,200000000,hero_name_60216,monster_fortress_001,101001,1800,986400,72000|36000|0|0|0,259200,345600|345600|345600|345600|345600|345600|345600,13000102,10209,21600,9002|80,icon_small_fortress1,-1,,,3,res_relic_bg_102,20,9,9,SLG_site_02,,,[21201|50|21202|30|21203|20],3|1|1,Head_60216,sp_fortress_building_name_133,10,banner_bubble_relic_102,banner_bubble_remains02,300,460,738,1800,100002,relic_boss_12,13000002,1,8012,200,-1,2,[],50,4000,300,200,3
10210,100,3600,[10310|10112|10114|10113],71,[71],[1022|500],sp_fortress_building_buff_128_S1,{1022:500},600000,[10310|10112|10114|10113],5,5,60,122001,200000000,hero_name_60216,monster_fortress_001,101001,1800,986400,72000|36000|0|0|0,259200,345600|345600|345600|345600|345600|345600|345600,13000102,10210,21600,9002|80,icon_small_fortress1,-1,,,3,res_relic_bg_102,20,9,9,SLG_site_02,,,[21201|50|21202|30|21203|20],3|1|1,Head_60216,sp_fortress_building_name_134,10,banner_bubble_relic_102,banner_bubble_remains02,300,444,898,1800,100002,relic_boss_12,13000002,1,8012,200,-1,2,[],50,4000,300,200,3
10211,100,3600,[10311|10115|10116|10114],68,[68],[1039|500],sp_fortress_building_buff_129_S1,{1039:500},600000,[10311|10115|10116|10114],5,5,60,122001,200000000,hero_name_60216,monster_fortress_001,101001,1800,986400,72000|36000|0|0|0,259200,345600|345600|345600|345600|345600|345600|345600,13000102,10211,21600,9002|80,icon_small_fortress1,-1,,,3,res_relic_bg_102,20,9,9,SLG_site_02,,,[21201|50|21202|30|21203|20],3|1|1,Head_60216,sp_fortress_building_name_135,10,banner_bubble_relic_102,banner_bubble_remains02,300,323,925,1800,100002,relic_boss_12,13000002,1,8012,200,-1,2,[],50,4000,300,200,3
10212,100,3600,[10312|10407|10116|10311|10213],64,[64],[36|300],sp_fortress_building_buff_130_S1,{36:300},600000,[10312|10407|10116|10311|10213],5,5,60,122001,200000000,hero_name_60216,monster_fortress_001,101001,1800,986400,72000|36000|0|0|0,259200,345600|345600|345600|345600|345600|345600|345600,13000102,10212,21600,9002|80,icon_small_fortress1,-1,,,3,res_relic_bg_102,20,9,9,SLG_site_02,,,[21201|50|21202|30|21203|20],3|1|1,Head_60216,sp_fortress_building_name_136,10,banner_bubble_relic_102,banner_bubble_remains02,300,249,867,1800,100002,relic_boss_12,13000002,1,8012,200,-1,2,[],50,4000,300,200,3
10213,100,3600,[10313|10117|10118|10312|10212],63,[63],[1004|500],sp_fortress_building_buff_125_S1,{1004:500},600000,[10313|10117|10118|10312|10212],5,5,60,122001,200000000,hero_name_60216,monster_fortress_001,101001,1800,986400,72000|36000|0|0|0,259200,345600|345600|345600|345600|345600|345600|345600,13000102,10213,21600,9002|80,icon_small_fortress1,-1,,,3,res_relic_bg_102,20,9,9,SLG_site_02,,,[21201|50|21202|30|21203|20],3|1|1,Head_60216,sp_fortress_building_name_137,10,banner_bubble_relic_102,banner_bubble_remains02,300,186,928,1800,100002,relic_boss_12,13000002,1,8012,200,-1,2,[],50,4000,300,200,3
10214,100,3600,[10314|10120|10313|10119|10118],59,[59],[1005|500],sp_fortress_building_buff_126_S1,{1005:500},600000,[10314|10120|10313|10119|10118],5,5,60,122001,200000000,hero_name_60216,monster_fortress_001,101001,1800,986400,72000|36000|0|0|0,259200,345600|345600|345600|345600|345600|345600|345600,13000102,10214,21600,9002|80,icon_small_fortress1,-1,,,3,res_relic_bg_102,20,9,9,SLG_site_02,,,[21201|50|21202|30|21203|20],3|1|1,Head_60216,sp_fortress_building_name_138,10,banner_bubble_relic_102,banner_bubble_remains02,300,66,912,1800,100002,relic_boss_12,13000002,1,8012,200,-1,2,[],50,4000,300,200,3
10215,100,3600,[10216|10121|10315|10314|10409|10120],46,[46],[1006|500],sp_fortress_building_buff_127_S1,{1006:500},600000,[10216|10121|10315|10314|10409|10120],5,5,60,122001,200000000,hero_name_60216,monster_fortress_001,101001,1800,986400,72000|36000|0|0|0,259200,345600|345600|345600|345600|345600|345600|345600,13000102,10215,21600,9002|80,icon_small_fortress1,-1,,,3,res_relic_bg_102,20,9,9,SLG_site_02,,,[21201|50|21202|30|21203|20],3|1|1,Head_60216,sp_fortress_building_name_139,10,banner_bubble_relic_102,banner_bubble_remains02,300,54,752,1800,100002,relic_boss_12,13000002,1,8012,200,-1,2,[],50,4000,300,200,3
10216,100,3600,[10122|10315|10121|10215],41,[41],[1022|500],sp_fortress_building_buff_128_S1,{1022:500},600000,[10122|10315|10121|10215],5,5,60,122001,200000000,hero_name_60216,monster_fortress_001,101001,1800,986400,72000|36000|0|0|0,259200,345600|345600|345600|345600|345600|345600|345600,13000102,10216,21600,9002|80,icon_small_fortress1,-1,,,3,res_relic_bg_102,20,9,9,SLG_site_02,,,[21201|50|21202|30|21203|20],3|1|1,Head_60216,sp_fortress_building_name_140,10,banner_bubble_relic_102,banner_bubble_remains02,300,50,606,1800,100002,relic_boss_12,13000002,1,8012,200,-1,2,[],50,4000,300,200,3
10217,100,3600,[10218|10122|10123|10316|10410|10315],38,[38],[1039|500],sp_fortress_building_buff_129_S1,{1039:500},600000,[10218|10122|10123|10316|10410|10315],5,5,60,122001,200000000,hero_name_60216,monster_fortress_001,101001,1800,986400,72000|36000|0|0|0,259200,345600|345600|345600|345600|345600|345600|345600,13000102,10217,21600,9002|80,icon_small_fortress1,-1,,,3,res_relic_bg_102,20,9,9,SLG_site_02,,,[21201|50|21202|30|21203|20],3|1|1,Head_60216,sp_fortress_building_name_141,10,banner_bubble_relic_102,banner_bubble_remains02,300,67,433,1800,100002,relic_boss_12,13000002,1,8012,200,-1,2,[],50,4000,300,200,3
10218,100,3600,[10124|10301|10123|10316|10217],10,[10],[36|300],sp_fortress_building_buff_130_S1,{36:300},600000,[10124|10301|10123|10316|10217],5,5,60,122001,200000000,hero_name_60216,monster_fortress_001,101001,1800,986400,72000|36000|0|0|0,259200,345600|345600|345600|345600|345600|345600|345600,13000102,10218,21600,9002|80,icon_small_fortress1,-1,,,3,res_relic_bg_102,20,9,9,SLG_site_02,,,[21201|50|21202|30|21203|20],3|1|1,Head_60216,sp_fortress_building_name_142,10,banner_bubble_relic_102,banner_bubble_remains02,300,48,292,1800,100002,relic_boss_12,13000002,1,8012,200,-1,2,[],50,4000,300,200,3
10301,100,3600,[10102|10201|10302|10316|10218|10401],9,[9],[1072|1000],sp_fortress_building_buff_143_S1,{1072:1000},800000,[10102|10201|10302|10316|10218|10401],5,5,60,123001,400000000,hero_name_70037,monster_fortress_001,101001,1800,1332000,72000|36000|0|0|0,432000,518400|518400|518400|518400|518400|518400|518400,13000103,10301,21600,9003|100,icon_small_fortress2,-1,,,3,res_relic_bg_103,30,9,9,SLG_site_02,,,[21301|50|21302|30|21303|20],3|1|1,Head_70037,sp_fortress_building_name_143,15,banner_bubble_relic_103,banner_bubble_remains01,300,108,216,1800,100002,relic_boss_13,13000003,1,8013,200,-1,3,[],50,3000,300,400,3
10302,100,3600,[10202|10401|10301|10303|10203],8,[8],[1002|500],sp_fortress_building_buff_144_S1,{1002:500},800000,[10202|10401|10301|10303|10203],5,5,60,123001,400000000,hero_name_70037,monster_fortress_001,101001,1800,1332000,72000|36000|0|0|0,432000,518400|518400|518400|518400|518400|518400|518400,13000103,10302,21600,9003|100,icon_small_fortress2,-1,,,3,res_relic_bg_103,30,9,9,SLG_site_02,,,[21301|50|21302|30|21303|20],3|1|1,Head_70037,sp_fortress_building_name_144,15,banner_bubble_relic_103,banner_bubble_remains01,300,175,139,1800,100002,relic_boss_13,13000003,1,8013,200,-1,3,[],50,3000,300,400,3
10303,100,3600,[10302|10402|10401|10203|10304],16,[16],[1033|500],sp_fortress_building_buff_145_S1,{1033:500},800000,[10302|10402|10401|10203|10304],5,5,60,123001,400000000,hero_name_70037,monster_fortress_001,101001,1800,1332000,72000|36000|0|0|0,432000,518400|518400|518400|518400|518400|518400|518400,13000103,10303,21600,9003|100,icon_small_fortress2,-1,,,3,res_relic_bg_103,30,9,9,SLG_site_02,,,[21301|50|21302|30|21303|20],3|1|1,Head_70037,sp_fortress_building_name_145,15,banner_bubble_relic_103,banner_bubble_remains01,300,214,242,1800,100002,relic_boss_13,13000003,1,8013,200,-1,3,[],50,3000,300,400,3
10304,100,3600,[10204|10203|10305|10501|10303|10403],6,[6],[1034|500],sp_fortress_building_buff_146_S1,{1034:500},800000,[10204|10203|10305|10501|10303|10403],5,5,60,123001,400000000,hero_name_70037,monster_fortress_001,101001,1800,1332000,72000|36000|0|0|0,432000,518400|518400|518400|518400|518400|518400|518400,13000103,10304,21600,9003|100,icon_small_fortress2,-1,,,3,res_relic_bg_103,30,9,9,SLG_site_02,,,[21301|50|21302|30|21303|20],3|1|1,Head_70037,sp_fortress_building_name_146,15,banner_bubble_relic_103,banner_bubble_remains01,300,294,204,1800,100002,relic_boss_13,13000003,1,8013,200,-1,3,[],50,3000,300,400,3
10305,100,3600,[10204|10403|10304|10306|10106|10205],5,[5],[1016|500],sp_fortress_building_buff_147_S1,{1016:500},800000,[10204|10403|10304|10306|10106|10205],5,5,60,123001,400000000,hero_name_70037,monster_fortress_001,101001,1800,1332000,72000|36000|0|0|0,432000,518400|518400|518400|518400|518400|518400|518400,13000103,10305,21600,9003|100,icon_small_fortress2,-1,,,3,res_relic_bg_103,30,9,9,SLG_site_02,,,[21301|50|21302|30|21303|20],3|1|1,Head_70037,sp_fortress_building_name_147,15,banner_bubble_relic_103,banner_bubble_remains01,300,368,172,1800,100002,relic_boss_13,13000003,1,8013,200,-1,3,[],50,3000,300,400,3
10306,100,3600,[10305|10404|10403|10205|10307|10206],20,[20],[1052|1000],sp_fortress_building_buff_148_S1,{1052:1000},800000,[10305|10404|10403|10205|10307|10206],5,5,60,123001,400000000,hero_name_70037,monster_fortress_001,101001,1800,1332000,72000|36000|0|0|0,432000,518400|518400|518400|518400|518400|518400|518400,13000103,10306,21600,9003|100,icon_small_fortress2,-1,,,3,res_relic_bg_103,30,9,9,SLG_site_02,,,[21301|50|21302|30|21303|20],3|1|1,Head_70037,sp_fortress_building_name_148,15,banner_bubble_relic_103,banner_bubble_remains01,300,400,222,1800,100002,relic_boss_13,13000003,1,8013,200,-1,3,[],50,3000,300,400,3
10307,100,3600,[10306|10404|10206|10207|10405],24,[24],[35|500],sp_fortress_building_buff_149_S1,{35:500},800000,[10306|10404|10206|10207|10405],5,5,60,123001,400000000,hero_name_70037,monster_fortress_001,101001,1800,1332000,72000|36000|0|0|0,432000,518400|518400|518400|518400|518400|518400|518400,13000103,10307,21600,9003|100,icon_small_fortress2,-1,,,3,res_relic_bg_103,30,9,9,SLG_site_02,,,[21301|50|21302|30|21303|20],3|1|1,Head_70037,sp_fortress_building_name_149,15,banner_bubble_relic_103,banner_bubble_remains01,300,425,363,1800,100002,relic_boss_13,13000003,1,8013,200,-1,3,[],50,3000,300,400,3
10308,100,3600,[10405|10208|10406|10309],32,[32],[1010|10],sp_fortress_building_buff_150_S1,{1010:10},800000,[10405|10208|10406|10309],5,5,60,123001,400000000,hero_name_70037,monster_fortress_001,101001,1800,1332000,72000|36000|0|0|0,432000,518400|518400|518400|518400|518400|518400|518400,13000103,10308,21600,9003|100,icon_small_fortress2,-1,,,3,res_relic_bg_103,30,9,9,SLG_site_02,,,[21301|50|21302|30|21303|20],3|1|1,Head_70037,sp_fortress_building_name_150,15,banner_bubble_relic_103,banner_bubble_remains01,300,403,599,1800,100002,relic_boss_13,13000003,1,8013,200,-1,3,[],50,3000,300,400,3
10309,100,3600,[10208|10308|10209|10310|10406],51,[51],[1072|1000],sp_fortress_building_buff_143_S1,{1072:1000},800000,[10208|10308|10209|10310|10406],5,5,60,123001,400000000,hero_name_70037,monster_fortress_001,101001,1800,1332000,72000|36000|0|0|0,432000,518400|518400|518400|518400|518400|518400|518400,13000103,10309,21600,9003|100,icon_small_fortress2,-1,,,3,res_relic_bg_103,30,9,9,SLG_site_02,,,[21301|50|21302|30|21303|20],3|1|1,Head_70037,sp_fortress_building_name_151,15,banner_bubble_relic_103,banner_bubble_remains01,300,422,714,1800,100002,relic_boss_13,13000003,1,8013,200,-1,3,[],50,3000,300,400,3
10310,100,3600,[10309|10407|10210|10209|10114|10311],54,[54],[1002|500],sp_fortress_building_buff_144_S1,{1002:500},800000,[10309|10407|10210|10209|10114|10311],5,5,60,123001,400000000,hero_name_70037,monster_fortress_001,101001,1800,1332000,72000|36000|0|0|0,432000,518400|518400|518400|518400|518400|518400|518400,13000103,10310,21600,9003|100,icon_small_fortress2,-1,,,3,res_relic_bg_103,30,9,9,SLG_site_02,,,[21301|50|21302|30|21303|20],3|1|1,Head_70037,sp_fortress_building_name_152,15,banner_bubble_relic_103,banner_bubble_remains01,300,403,813,1800,100002,relic_boss_13,13000003,1,8013,200,-1,3,[],50,3000,300,400,3
10311,100,3600,[10407|10211|10212|10310],66,[66],[1033|500],sp_fortress_building_buff_145_S1,{1033:500},800000,[10407|10211|10212|10310],5,5,60,123001,400000000,hero_name_70037,monster_fortress_001,101001,1800,1332000,72000|36000|0|0|0,432000,518400|518400|518400|518400|518400|518400|518400,13000103,10311,21600,9003|100,icon_small_fortress2,-1,,,3,res_relic_bg_103,30,9,9,SLG_site_02,,,[21301|50|21302|30|21303|20],3|1|1,Head_70037,sp_fortress_building_name_153,15,banner_bubble_relic_103,banner_bubble_remains01,300,336,854,1800,100002,relic_boss_13,13000003,1,8013,200,-1,3,[],50,3000,300,400,3
10312,100,3600,[10408|10212|10407|10213|10313],57,[57],[1034|500],sp_fortress_building_buff_146_S1,{1034:500},800000,[10408|10212|10407|10213|10313],5,5,60,123001,400000000,hero_name_70037,monster_fortress_001,101001,1800,1332000,72000|36000|0|0|0,432000,518400|518400|518400|518400|518400|518400|518400,13000103,10312,21600,9003|100,icon_small_fortress2,-1,,,3,res_relic_bg_103,30,9,9,SLG_site_02,,,[21301|50|21302|30|21303|20],3|1|1,Head_70037,sp_fortress_building_name_154,15,banner_bubble_relic_103,banner_bubble_remains01,300,214,816,1800,100002,relic_boss_13,13000003,1,8013,200,-1,3,[],50,3000,300,400,3
10313,100,3600,[10314|10118|10214|10213|10408|10312],58,[58],[1016|500],sp_fortress_building_buff_147_S1,{1016:500},800000,[10314|10118|10214|10213|10408|10312],5,5,60,123001,400000000,hero_name_70037,monster_fortress_001,101001,1800,1332000,72000|36000|0|0|0,432000,518400|518400|518400|518400|518400|518400|518400,13000103,10313,21600,9003|100,icon_small_fortress2,-1,,,3,res_relic_bg_103,30,9,9,SLG_site_02,,,[21301|50|21302|30|21303|20],3|1|1,Head_70037,sp_fortress_building_name_155,15,banner_bubble_relic_103,banner_bubble_remains01,300,137,851,1800,100002,relic_boss_13,13000003,1,8013,200,-1,3,[],50,3000,300,400,3
10314,100,3600,[10215|10214|10409|10313|10408],48,[48],[1052|1000],sp_fortress_building_buff_148_S1,{1052:1000},800000,[10215|10214|10409|10313|10408],5,5,60,123001,400000000,hero_name_70037,monster_fortress_001,101001,1800,1332000,72000|36000|0|0|0,432000,518400|518400|518400|518400|518400|518400|518400,13000103,10314,21600,9003|100,icon_small_fortress2,-1,,,3,res_relic_bg_103,30,9,9,SLG_site_02,,,[21301|50|21302|30|21303|20],3|1|1,Head_70037,sp_fortress_building_name_156,15,banner_bubble_relic_103,banner_bubble_remains01,300,108,804,1800,100002,relic_boss_13,13000003,1,8013,200,-1,3,[],50,3000,300,400,3
10315,100,3600,[10217|10216|10410|10409|10215],42,[42],[35|500],sp_fortress_building_buff_149_S1,{35:500},800000,[10217|10216|10410|10409|10215],5,5,60,123001,400000000,hero_name_70037,monster_fortress_001,101001,1800,1332000,72000|36000|0|0|0,432000,518400|518400|518400|518400|518400|518400|518400,13000103,10315,21600,9003|100,icon_small_fortress2,-1,,,3,res_relic_bg_103,30,9,9,SLG_site_02,,,[21301|50|21302|30|21303|20],3|1|1,Head_70037,sp_fortress_building_name_157,15,banner_bubble_relic_103,banner_bubble_remains01,300,83,605,1800,100002,relic_boss_13,13000003,1,8013,200,-1,3,[],50,3000,300,400,3
10316,100,3600,[10301|10218|10401|10217|10410],14,[14],[1010|10],sp_fortress_building_buff_150_S1,{1010:10},800000,[10301|10218|10401|10217|10410],5,5,60,123001,400000000,hero_name_70037,monster_fortress_001,101001,1800,1332000,72000|36000|0|0|0,432000,518400|518400|518400|518400|518400|518400|518400,13000103,10316,21600,9003|100,icon_small_fortress2,-1,,,3,res_relic_bg_103,30,9,9,SLG_site_02,,,[21301|50|21302|30|21303|20],3|1|1,Head_70037,sp_fortress_building_name_158,15,banner_bubble_relic_103,banner_bubble_remains01,300,86,326,1800,100002,relic_boss_13,13000003,1,8013,200,-1,3,[],50,3000,300,400,3
10401,100,3600,[10302|10301|10303|10316|10402|10505],15,[15],[1022|1500],sp_fortress_building_buff_159_S1,{1022:1500},1200000,[10302|10301|10303|10316|10402|10505],5,5,60,124001,800000000,hero_name_60266,monster_fortress_001,101001,1800,1677600,72000|36000|0|0|0,604800,691200|691200|691200|691200|691200|691200|691200,13000104,10401,21600,9004|120,icon_small_fortress2,-1,,,3,res_relic_bg_104,40,9,9,SLG_site_02,,,[21501|50|21502|30|21503|20],3|1|1,Head_60266,sp_fortress_building_name_159,15,banner_bubble_relic_104,banner_bubble_remains01,300,134,286,1800,100002,relic_boss_14,13000004,1,8014,200,-1,4,[],50,2000,300,600,3
10402,100,3600,[10303|10401|10501|10505],17,[17],[1001|1000],sp_fortress_building_buff_160_S1,{1001:1000},1200000,[10303|10401|10501|10505],5,5,60,124001,800000000,hero_name_60266,monster_fortress_001,101001,1800,1677600,72000|36000|0|0|0,604800,691200|691200|691200|691200|691200|691200|691200,13000104,10402,21600,9004|120,icon_small_fortress2,-1,,,3,res_relic_bg_104,40,9,9,SLG_site_02,,,[21501|50|21502|30|21503|20],3|1|1,Head_60266,sp_fortress_building_name_160,15,banner_bubble_relic_104,banner_bubble_remains01,300,201,293,1800,100002,relic_boss_14,13000004,1,8014,200,-1,4,[],50,2000,300,600,3
10403,100,3600,[10305|10304|10306|10501|10404|10502],19,[19],[36|500],sp_fortress_building_buff_161_S1,{36:500},1200000,[10305|10304|10306|10501|10404|10502],5,5,60,124001,800000000,hero_name_60266,monster_fortress_001,101001,1800,1677600,72000|36000|0|0|0,604800,691200|691200|691200|691200|691200|691200|691200,13000104,10403,21600,9004|120,icon_small_fortress2,-1,,,3,res_relic_bg_104,40,9,9,SLG_site_02,,,[21501|50|21502|30|21503|20],3|1|1,Head_60266,sp_fortress_building_name_161,15,banner_bubble_relic_104,banner_bubble_remains01,300,332,280,1800,100002,relic_boss_14,13000004,1,8014,200,-1,4,[],50,2000,300,600,3
10404,100,3600,[10306|10403|10307|10502|10405],25,[25],[35|500],sp_fortress_building_buff_162_S1,{35:500},1200000,[10306|10403|10307|10502|10405],5,5,60,124001,800000000,hero_name_60266,monster_fortress_001,101001,1800,1677600,72000|36000|0|0|0,604800,691200|691200|691200|691200|691200|691200|691200,13000104,10404,21600,9004|120,icon_small_fortress2,-1,,,3,res_relic_bg_104,40,9,9,SLG_site_02,,,[21501|50|21502|30|21503|20],3|1|1,Head_60266,sp_fortress_building_name_162,15,banner_bubble_relic_104,banner_bubble_remains01,300,380,332,1800,100002,relic_boss_14,13000004,1,8014,200,-1,4,[],50,2000,300,600,3
10405,100,3600,[10404|10502|10307|10308|10207|10406],27,[27],[1056|500],sp_fortress_building_buff_163_S1,{1056:500},1200000,[10404|10502|10307|10308|10207|10406],5,5,60,124001,800000000,hero_name_60266,monster_fortress_001,101001,1800,1677600,72000|36000|0|0|0,604800,691200|691200|691200|691200|691200|691200|691200,13000104,10405,21600,9004|120,icon_small_fortress2,-1,,,3,res_relic_bg_104,40,9,9,SLG_site_02,,,[21501|50|21502|30|21503|20],3|1|1,Head_60266,sp_fortress_building_name_163,15,banner_bubble_relic_104,banner_bubble_remains01,300,374,490,1800,100002,relic_boss_14,13000004,1,8014,200,-1,4,[],50,2000,300,600,3
10406,100,3600,[10405|10502|10308|10503|10407|10309],33,[33],[1022|1500],sp_fortress_building_buff_159_S1,{1022:1500},1200000,[10405|10502|10308|10503|10407|10309],5,5,60,124001,800000000,hero_name_60266,monster_fortress_001,101001,1800,1677600,72000|36000|0|0|0,604800,691200|691200|691200|691200|691200|691200|691200,13000104,10406,21600,9004|120,icon_small_fortress2,-1,,,3,res_relic_bg_104,40,9,9,SLG_site_02,,,[21501|50|21502|30|21503|20],3|1|1,Head_60266,sp_fortress_building_name_164,15,banner_bubble_relic_104,banner_bubble_remains01,300,361,669,1800,100002,relic_boss_14,13000004,1,8014,200,-1,4,[],50,2000,300,600,3
10407,100,3600,[10503|10212|10312|10311|10406|10310],55,[55],[1001|1000],sp_fortress_building_buff_160_S1,{1001:1000},1200000,[10503|10212|10312|10311|10406|10310],5,5,60,124001,800000000,hero_name_60266,monster_fortress_001,101001,1800,1677600,72000|36000|0|0|0,604800,691200|691200|691200|691200|691200|691200|691200,13000104,10407,21600,9004|120,icon_small_fortress2,-1,,,3,res_relic_bg_104,40,9,9,SLG_site_02,,,[21501|50|21502|30|21503|20],3|1|1,Head_60266,sp_fortress_building_name_165,15,banner_bubble_relic_104,banner_bubble_remains01,300,310,816,1800,100002,relic_boss_14,13000004,1,8014,200,-1,4,[],50,2000,300,600,3
10408,100,3600,[10504|10409|10312|10503|10313|10314],49,[49],[36|500],sp_fortress_building_buff_161_S1,{36:500},1200000,[10504|10409|10312|10503|10313|10314],5,5,60,124001,800000000,hero_name_60266,monster_fortress_001,101001,1800,1677600,72000|36000|0|0|0,604800,691200|691200|691200|691200|691200|691200|691200,13000104,10408,21600,9004|120,icon_small_fortress2,-1,,,3,res_relic_bg_104,40,9,9,SLG_site_02,,,[21501|50|21502|30|21503|20],3|1|1,Head_60266,sp_fortress_building_name_166,15,banner_bubble_relic_104,banner_bubble_remains01,300,198,730,1800,100002,relic_boss_14,13000004,1,8014,200,-1,4,[],50,2000,300,600,3
10409,100,3600,[10410|10315|10504|10314|10215|10408],43,[43],[35|500],sp_fortress_building_buff_162_S1,{35:500},1200000,[10410|10315|10504|10314|10215|10408],5,5,60,124001,800000000,hero_name_60266,monster_fortress_001,101001,1800,1677600,72000|36000|0|0|0,604800,691200|691200|691200|691200|691200|691200|691200,13000104,10409,21600,9004|120,icon_small_fortress2,-1,,,3,res_relic_bg_104,40,9,9,SLG_site_02,,,[21501|50|21502|30|21503|20],3|1|1,Head_60266,sp_fortress_building_name_167,15,banner_bubble_relic_104,banner_bubble_remains01,300,116,694,1800,100002,relic_boss_14,13000004,1,8014,200,-1,4,[],50,2000,300,600,3
10410,100,3600,[10316|10217|10505|10409|10315|10504],37,[37],[1056|500],sp_fortress_building_buff_163_S1,{1056:500},1200000,[10316|10217|10505|10409|10315|10504],5,5,60,124001,800000000,hero_name_60266,monster_fortress_001,101001,1800,1677600,72000|36000|0|0|0,604800,691200|691200|691200|691200|691200|691200|691200,13000104,10410,21600,9004|120,icon_small_fortress2,-1,,,3,res_relic_bg_104,40,9,9,SLG_site_02,,,[21501|50|21502|30|21503|20],3|1|1,Head_60266,sp_fortress_building_name_168,15,banner_bubble_relic_104,banner_bubble_remains01,300,115,503,1800,100002,relic_boss_14,13000004,1,8014,200,-1,4,[],50,2000,300,600,3
10501,100,3600,[10304|10402|10403],18,[18],,sp_fortress_building_buff_169_S1,{},2500000,[10304|10402|10403],5,5,60,125001,1200000000,hero_name_60247,monster_fortress_001,101001,1800,2023200,72000|36000|0|0|0,777600,864000|864000|864000|864000|864000|864000|864000,13000105,10501,21600,9005|150,icon_small_fortress3,1,,[12001|100|5001|100|6001|100],3,res_relic_bg_105,50,9,9,SLG_site_02,,,[21601|50|21602|30|21603|20],3|1|1,Head_60247,sp_fortress_building_name_169,20,banner_bubble_relic_105,banner_bubble_remains01,300,257,337,1800,100002,relic_boss_15,13000005,1,8015,200,-1,5,[(12001|100)|(5001|100)|(6001|100)],50,1000,300,800,3
10502,100,3600,[10403|10404|10405|10406],26,[26],,sp_fortress_building_buff_170_S1,{},2500000,[10403|10404|10405|10406],5,5,60,125001,1200000000,hero_name_60247,monster_fortress_001,101001,1800,2023200,72000|36000|0|0|0,777600,864000|864000|864000|864000|864000|864000|864000,13000105,10502,21600,9005|150,icon_small_fortress3,2,,[111|100|511|100|711|100],3,res_relic_bg_105,50,9,9,SLG_site_02,,,[21601|50|21602|30|21603|20],3|1|1,Head_60247,sp_fortress_building_name_170,20,banner_bubble_relic_105,banner_bubble_remains01,300,329,481,1800,100002,relic_boss_15,13000005,1,8015,200,-1,5,[(111|100)|(511|100)|(711|100)],50,1000,300,800,3
10503,100,3600,[10504|10406|10407|10408],50,[50],,sp_fortress_building_buff_171_S1,{},2500000,[10504|10406|10407|10408],5,5,60,125001,1200000000,hero_name_60247,monster_fortress_001,101001,1800,2023200,72000|36000|0|0|0,777600,864000|864000|864000|864000|864000|864000|864000,13000105,10503,21600,9005|150,icon_small_fortress3,1,,[12001|100|5001|100|6001|100],3,res_relic_bg_105,50,9,9,SLG_site_02,,,[21601|50|21602|30|21603|20],3|1|1,Head_60247,sp_fortress_building_name_171,20,banner_bubble_relic_105,banner_bubble_remains01,300,290,708,1800,100002,relic_boss_15,13000005,1,8015,200,-1,5,[(12001|100)|(5001|100)|(6001|100)],50,1000,300,800,3
10504,100,3600,[10410|10409|10505|10408|10503],44,[44],,sp_fortress_building_buff_172_S1,{},2500000,[10410|10409|10505|10408|10503],5,5,60,125001,1200000000,hero_name_60247,monster_fortress_001,101001,1800,2023200,72000|36000|0|0|0,777600,864000|864000|864000|864000|864000|864000|864000,13000105,10504,21600,9005|150,icon_small_fortress3,2,,[111|100|511|100|711|100],3,res_relic_bg_105,50,9,9,SLG_site_02,,,[21601|50|21602|30|21603|20],3|1|1,Head_60247,sp_fortress_building_name_172,20,banner_bubble_relic_105,banner_bubble_remains01,300,182,654,1800,100002,relic_boss_15,13000005,1,8015,200,-1,5,[(111|100)|(511|100)|(711|100)],50,1000,300,800,3
10505,100,3600,[10401|10410|10402|10504],36,[36],,sp_fortress_building_buff_173_S1,{},2500000,[10401|10410|10402|10504],5,5,60,125001,1200000000,hero_name_60247,monster_fortress_001,101001,1800,2023200,72000|36000|0|0|0,777600,864000|864000|864000|864000|864000|864000|864000,13000105,10505,21600,9005|150,icon_small_fortress3,1,,[12001|100|5001|100|6001|100],3,res_relic_bg_105,50,9,9,SLG_site_02,,,[21601|50|21602|30|21603|20],3|1|1,Head_60247,sp_fortress_building_name_173,20,banner_bubble_relic_105,banner_bubble_remains01,300,169,459,1800,100002,relic_boss_15,13000005,1,8015,200,-1,5,[(12001|100)|(5001|100)|(6001|100)],50,1000,300,800,3
20101,100,3600,[20201|20102|20124],1,[1],[1013|1000],sp_fortress_building_buff_101_S1,{1013:1000},400000,[20201|20102|20124],5,5,60,221001,120000000,hero_name_60307,monster_fortress_001,101001,1800,554400,72000|36000|0|0|0,86400,172800|172800|172800|172800|172800|172800|172800,13000121,10101,21600,9001|50,icon_small_fortress1,-1,,,3,chat_share_relic_s201,10,9,9,SLG_site_02,,,[21101|50|21102|30|21103|20],3|1|1,Head_60307,sp_fortress_building_name_101,10,banner_bubble_relic_201,banner_bubble_remains21,300,16,44,1800,100002,relic_boss_21,13000001,2,8011,200,-1,1,[],50,5000,300,500,3
20102,100,3600,[20201|20101|20103|20301|20202],23,[23],[1012|1000],sp_fortress_building_buff_102_S1,{1012:1000},400000,[20201|20101|20103|20301|20202],5,5,60,221001,120000000,hero_name_60307,monster_fortress_001,101001,1800,554400,72000|36000|0|0|0,86400,172800|172800|172800|172800|172800|172800|172800,13000121,10102,21600,9001|50,icon_small_fortress1,-1,,,3,chat_share_relic_s201,10,9,9,SLG_site_02,,,[21101|50|21102|30|21103|20],3|1|1,Head_60307,sp_fortress_building_name_102,10,banner_bubble_relic_201,banner_bubble_remains21,300,104,44,1800,100002,relic_boss_21,13000001,2,8011,200,-1,1,[],50,5000,300,500,3
20103,100,3600,[20202|20102|20104],34,[34],[1014|1000],sp_fortress_building_buff_103_S1,{1014:1000},400000,[20202|20102|20104],5,5,60,221001,120000000,hero_name_60307,monster_fortress_001,101001,1800,554400,72000|36000|0|0|0,86400,172800|172800|172800|172800|172800|172800|172800,13000121,10103,21600,9001|50,icon_small_fortress1,-1,,,3,chat_share_relic_s201,10,9,9,SLG_site_02,,,[21101|50|21102|30|21103|20],3|1|1,Head_60307,sp_fortress_building_name_103,10,banner_bubble_relic_201,banner_bubble_remains21,300,163,25,1800,100002,relic_boss_21,13000001,2,8011,200,-1,1,[],50,5000,300,500,3
20104,100,3600,[20103|20203|20105|20202],56,[56],[1001|300],sp_fortress_building_buff_104_S1,{1001:300},400000,[20103|20203|20105|20202],5,5,60,221001,120000000,hero_name_60307,monster_fortress_001,101001,1800,554400,72000|36000|0|0|0,86400,172800|172800|172800|172800|172800|172800|172800,13000121,10104,21600,9001|50,icon_small_fortress1,-1,,,3,chat_share_relic_s201,10,9,9,SLG_site_02,,,[21101|50|21102|30|21103|20],3|1|1,Head_60307,sp_fortress_building_name_104,10,banner_bubble_relic_201,banner_bubble_remains21,300,243,51,1800,100002,relic_boss_21,13000001,2,8011,200,-1,1,[],50,5000,300,500,3
20105,100,3600,[20204|20104|20106],67,[67],[1002|300],sp_fortress_building_buff_105_S1,{1002:300},400000,[20204|20104|20106],5,5,60,221001,120000000,hero_name_60307,monster_fortress_001,101001,1800,554400,72000|36000|0|0|0,86400,172800|172800|172800|172800|172800|172800|172800,13000121,10105,21600,9001|50,icon_small_fortress1,-1,,,3,chat_share_relic_s201,10,9,9,SLG_site_02,,,[21101|50|21102|30|21103|20],3|1|1,Head_60307,sp_fortress_building_name_105,10,banner_bubble_relic_201,banner_bubble_remains21,300,337,19,1800,100002,relic_boss_21,13000001,2,8011,200,-1,1,[],50,5000,300,500,3
20106,100,3600,[20105|20205|20107|20305|20204],74,[74],[1033|300],sp_fortress_building_buff_106_S1,{1033:300},400000,[20105|20205|20107|20305|20204],5,5,60,221001,120000000,hero_name_60307,monster_fortress_001,101001,1800,554400,72000|36000|0|0|0,86400,172800|172800|172800|172800|172800|172800|172800,13000121,10106,21600,9001|50,icon_small_fortress1,-1,,,3,chat_share_relic_s201,10,9,9,SLG_site_02,,,[21101|50|21102|30|21103|20],3|1|1,Head_60307,sp_fortress_building_name_106,10,banner_bubble_relic_201,banner_bubble_remains21,300,399,57,1800,100002,relic_boss_21,13000001,2,8011,200,-1,1,[],50,5000,300,500,3
20107,100,3600,[20205|20106|20108],2,[2],[1034|300],sp_fortress_building_buff_107_S1,{1034:300},400000,[20205|20106|20108],5,5,60,221001,120000000,hero_name_60307,monster_fortress_001,101001,1800,554400,72000|36000|0|0|0,86400,172800|172800|172800|172800|172800|172800|172800,13000121,10107,21600,9001|50,icon_small_fortress1,-1,,,3,chat_share_relic_s201,10,9,9,SLG_site_02,,,[21101|50|21102|30|21103|20],3|1|1,Head_60307,sp_fortress_building_name_107,10,banner_bubble_relic_201,banner_bubble_remains21,300,486,70,1800,100002,relic_boss_21,13000001,2,8011,200,-1,1,[],50,5000,300,500,3
20108,100,3600,[20205|20206|20107|20109],3,[3],[1016|300],sp_fortress_building_buff_108_S1,{1016:300},400000,[20205|20206|20107|20109],5,5,60,221001,120000000,hero_name_60307,monster_fortress_001,101001,1800,554400,72000|36000|0|0|0,86400,172800|172800|172800|172800|172800|172800|172800,13000121,10108,21600,9001|50,icon_small_fortress1,-1,,,3,chat_share_relic_s201,10,9,9,SLG_site_02,,,[21101|50|21102|30|21103|20],3|1|1,Head_60307,sp_fortress_building_name_108,10,banner_bubble_relic_201,banner_bubble_remains21,300,489,153,1800,100002,relic_boss_21,13000001,2,8011,200,-1,1,[],50,5000,300,500,3
20109,100,3600,[20108|20206|20110|20207],22,[22],[1013|1000],sp_fortress_building_buff_101_S1,{1013:1000},400000,[20108|20206|20110|20207],5,5,60,221001,120000000,hero_name_60307,monster_fortress_001,101001,1800,554400,72000|36000|0|0|0,86400,172800|172800|172800|172800|172800|172800|172800,13000121,10109,21600,9001|50,icon_small_fortress1,-1,,,3,chat_share_relic_s201,10,9,9,SLG_site_02,,,[21101|50|21102|30|21103|20],3|1|1,Head_60307,sp_fortress_building_name_109,10,banner_bubble_relic_201,banner_bubble_remains21,300,489,337,1800,100002,relic_boss_21,13000001,2,8011,200,-1,1,[],50,5000,300,500,3
20110,100,3600,[20109|20207|20208|20111],29,[29],[1012|1000],sp_fortress_building_buff_102_S1,{1012:1000},400000,[20109|20207|20208|20111],5,5,60,221001,120000000,hero_name_60307,monster_fortress_001,101001,1800,554400,72000|36000|0|0|0,86400,172800|172800|172800|172800|172800|172800|172800,13000121,10110,21600,9001|50,icon_small_fortress1,-1,,,3,chat_share_relic_s201,10,9,9,SLG_site_02,,,[21101|50|21102|30|21103|20],3|1|1,Head_60307,sp_fortress_building_name_110,10,banner_bubble_relic_201,banner_bubble_remains21,300,489,521,1800,100002,relic_boss_21,13000001,2,8011,200,-1,1,[],50,5000,300,500,3
20111,100,3600,[20110|20208|20209|20112],30,[30],[1014|1000],sp_fortress_building_buff_103_S1,{1014:1000},400000,[20110|20208|20209|20112],5,5,60,221001,120000000,hero_name_60307,monster_fortress_001,101001,1800,554400,72000|36000|0|0|0,86400,172800|172800|172800|172800|172800|172800|172800,13000121,10111,21600,9001|50,icon_small_fortress1,-1,,,3,chat_share_relic_s201,10,9,9,SLG_site_02,,,[21101|50|21102|30|21103|20],3|1|1,Head_60307,sp_fortress_building_name_111,10,banner_bubble_relic_201,banner_bubble_remains21,300,492,682,1800,100002,relic_boss_21,13000001,2,8011,200,-1,1,[],50,5000,300,500,3
20112,100,3600,[20111|20209|20210|20113],53,[53],[1001|300],sp_fortress_building_buff_104_S1,{1001:300},400000,[20111|20209|20210|20113],5,5,60,221001,120000000,hero_name_60307,monster_fortress_001,101001,1800,554400,72000|36000|0|0|0,86400,172800|172800|172800|172800|172800|172800|172800,13000121,10112,21600,9001|50,icon_small_fortress1,-1,,,3,chat_share_relic_s201,10,9,9,SLG_site_02,,,[21101|50|21102|30|21103|20],3|1|1,Head_60307,sp_fortress_building_name_112,10,banner_bubble_relic_201,banner_bubble_remains21,300,490,854,1800,100002,relic_boss_21,13000001,2,8011,200,-1,1,[],50,5000,300,500,3
20113,100,3600,[20112|20210|20114],72,[72],[1002|300],sp_fortress_building_buff_105_S1,{1002:300},400000,[20112|20210|20114],5,5,60,221001,120000000,hero_name_60307,monster_fortress_001,101001,1800,554400,72000|36000|0|0|0,86400,172800|172800|172800|172800|172800|172800|172800,13000121,10113,21600,9001|50,icon_small_fortress1,-1,,,3,chat_share_relic_s201,10,9,9,SLG_site_02,,,[21101|50|21102|30|21103|20],3|1|1,Head_60307,sp_fortress_building_name_113,10,banner_bubble_relic_201,banner_bubble_remains21,300,484,978,1800,100002,relic_boss_21,13000001,2,8011,200,-1,1,[],50,5000,300,500,3
20114,100,3600,[20310|20211|20210|20115|20113],70,[70],[1033|300],sp_fortress_building_buff_106_S1,{1033:300},400000,[20310|20211|20210|20115|20113],5,5,60,221001,120000000,hero_name_60307,monster_fortress_001,101001,1800,554400,72000|36000|0|0|0,86400,172800|172800|172800|172800|172800|172800|172800,13000121,10114,21600,9001|50,icon_small_fortress1,-1,,,3,chat_share_relic_s201,10,9,9,SLG_site_02,,,[21101|50|21102|30|21103|20],3|1|1,Head_60307,sp_fortress_building_name_114,10,banner_bubble_relic_201,banner_bubble_remains21,300,409,961,1800,100002,relic_boss_21,13000001,2,8011,200,-1,1,[],50,5000,300,500,3
20115,100,3600,[20211|20116|20114],69,[69],[1034|300],sp_fortress_building_buff_107_S1,{1034:300},400000,[20211|20116|20114],5,5,60,221001,120000000,hero_name_60307,monster_fortress_001,101001,1800,554400,72000|36000|0|0|0,86400,172800|172800|172800|172800|172800|172800|172800,13000121,10115,21600,9001|50,icon_small_fortress1,-1,,,3,chat_share_relic_s201,10,9,9,SLG_site_02,,,[21101|50|21102|30|21103|20],3|1|1,Head_60307,sp_fortress_building_name_115,10,banner_bubble_relic_201,banner_bubble_remains21,300,329,991,1800,100002,relic_boss_21,13000001,2,8011,200,-1,1,[],50,5000,300,500,3
20116,100,3600,[20212|20211|20117|20115],65,[65],[1016|300],sp_fortress_building_buff_108_S1,{1016:300},400000,[20212|20211|20117|20115],5,5,60,221001,120000000,hero_name_60307,monster_fortress_001,101001,1800,554400,72000|36000|0|0|0,86400,172800|172800|172800|172800|172800|172800|172800,13000121,10116,21600,9001|50,icon_small_fortress1,-1,,,3,chat_share_relic_s201,10,9,9,SLG_site_02,,,[21101|50|21102|30|21103|20],3|1|1,Head_60307,sp_fortress_building_name_116,10,banner_bubble_relic_201,banner_bubble_remains21,300,259,981,1800,100002,relic_boss_21,13000001,2,8011,200,-1,1,[],50,5000,300,500,3
20117,100,3600,[20213|20118|20116],62,[62],[1013|1000],sp_fortress_building_buff_101_S1,{1013:1000},400000,[20213|20118|20116],5,5,60,221001,120000000,hero_name_60307,monster_fortress_001,101001,1800,554400,72000|36000|0|0|0,86400,172800|172800|172800|172800|172800|172800|172800,13000121,10117,21600,9001|50,icon_small_fortress1,-1,,,3,chat_share_relic_s201,10,9,9,SLG_site_02,,,[21101|50|21102|30|21103|20],3|1|1,Head_60307,sp_fortress_building_name_117,10,banner_bubble_relic_201,banner_bubble_remains21,300,173,981,1800,100002,relic_boss_21,13000001,2,8011,200,-1,1,[],50,5000,300,500,3
20118,100,3600,[20313|20214|20213|20119|20117],61,[61],[1012|1000],sp_fortress_building_buff_102_S1,{1012:1000},400000,[20313|20214|20213|20119|20117],5,5,60,221001,120000000,hero_name_60307,monster_fortress_001,101001,1800,554400,72000|36000|0|0|0,86400,172800|172800|172800|172800|172800|172800|172800,13000121,10118,21600,9001|50,icon_small_fortress1,-1,,,3,chat_share_relic_s201,10,9,9,SLG_site_02,,,[21101|50|21102|30|21103|20],3|1|1,Head_60307,sp_fortress_building_name_118,10,banner_bubble_relic_201,banner_bubble_remains21,300,99,975,1800,100002,relic_boss_21,13000001,2,8011,200,-1,1,[],50,5000,300,500,3
20119,100,3600,[20120|20214|20118],60,[60],[1014|1000],sp_fortress_building_buff_103_S1,{1014:1000},400000,[20120|20214|20118],5,5,60,221001,120000000,hero_name_60307,monster_fortress_001,101001,1800,554400,72000|36000|0|0|0,86400,172800|172800|172800|172800|172800|172800|172800,13000121,10119,21600,9001|50,icon_small_fortress1,-1,,,3,chat_share_relic_s201,10,9,9,SLG_site_02,,,[21101|50|21102|30|21103|20],3|1|1,Head_60307,sp_fortress_building_name_119,10,banner_bubble_relic_201,banner_bubble_remains21,300,25,981,1800,100002,relic_boss_21,13000001,2,8011,200,-1,1,[],50,5000,300,500,3
20120,100,3600,[20121|20215|20119|20214],47,[47],[1001|300],sp_fortress_building_buff_104_S1,{1001:300},400000,[20121|20215|20119|20214],5,5,60,221001,120000000,hero_name_60307,monster_fortress_001,101001,1800,554400,72000|36000|0|0|0,86400,172800|172800|172800|172800|172800|172800|172800,13000121,10120,21600,9001|50,icon_small_fortress1,-1,,,3,chat_share_relic_s201,10,9,9,SLG_site_02,,,[21101|50|21102|30|21103|20],3|1|1,Head_60307,sp_fortress_building_name_120,10,banner_bubble_relic_201,banner_bubble_remains21,300,22,846,1800,100002,relic_boss_21,13000001,2,8011,200,-1,1,[],50,5000,300,500,3
20121,100,3600,[20122|20216|20120|20215],40,[40],[1002|300],sp_fortress_building_buff_105_S1,{1002:300},400000,[20122|20216|20120|20215],5,5,60,221001,120000000,hero_name_60307,monster_fortress_001,101001,1800,554400,72000|36000|0|0|0,86400,172800|172800|172800|172800|172800|172800|172800,13000121,10121,21600,9001|50,icon_small_fortress1,-1,,,3,chat_share_relic_s201,10,9,9,SLG_site_02,,,[21101|50|21102|30|21103|20],3|1|1,Head_60307,sp_fortress_building_name_121,10,banner_bubble_relic_201,banner_bubble_remains21,300,19,675,1800,100002,relic_boss_21,13000001,2,8011,200,-1,1,[],50,5000,300,500,3
20122,100,3600,[20123|20217|20216|20121],39,[39],[1033|300],sp_fortress_building_buff_106_S1,{1033:300},400000,[20123|20217|20216|20121],5,5,60,221001,120000000,hero_name_60307,monster_fortress_001,101001,1800,554400,72000|36000|0|0|0,86400,172800|172800|172800|172800|172800|172800|172800,13000121,10122,21600,9001|50,icon_small_fortress1,-1,,,3,chat_share_relic_s201,10,9,9,SLG_site_02,,,[21101|50|21102|30|21103|20],3|1|1,Head_60307,sp_fortress_building_name_122,10,banner_bubble_relic_201,banner_bubble_remains21,300,22,490,1800,100002,relic_boss_21,13000001,2,8011,200,-1,1,[],50,5000,300,500,3
20123,100,3600,[20124|20218|20122|20217],13,[13],[1034|300],sp_fortress_building_buff_107_S1,{1034:300},400000,[20124|20218|20122|20217],5,5,60,221001,120000000,hero_name_60307,monster_fortress_001,101001,1800,554400,72000|36000|0|0|0,86400,172800|172800|172800|172800|172800|172800|172800,13000121,10123,21600,9001|50,icon_small_fortress1,-1,,,3,chat_share_relic_s201,10,9,9,SLG_site_02,,,[21101|50|21102|30|21103|20],3|1|1,Head_60307,sp_fortress_building_name_123,10,banner_bubble_relic_201,banner_bubble_remains21,300,18,350,1800,100002,relic_boss_21,13000001,2,8011,200,-1,1,[],50,5000,300,500,3
20124,100,3600,[20101|20201|20218|20123],11,[11],[1016|300],sp_fortress_building_buff_108_S1,{1016:300},400000,[20101|20201|20218|20123],5,5,60,221001,120000000,hero_name_60307,monster_fortress_001,101001,1800,554400,72000|36000|0|0|0,86400,172800|172800|172800|172800|172800|172800|172800,13000121,10124,21600,9001|50,icon_small_fortress1,-1,,,3,chat_share_relic_s201,10,9,9,SLG_site_02,,,[21101|50|21102|30|21103|20],3|1|1,Head_60307,sp_fortress_building_name_124,10,banner_bubble_relic_201,banner_bubble_remains21,300,19,175,1800,100002,relic_boss_21,13000001,2,8011,200,-1,1,[],50,5000,300,500,3
20201,100,3600,[20101|20124|20102|20301],12,[12],[1004|500],sp_fortress_building_buff_125_S1,{1004:500},600000,[20101|20124|20102|20301],5,5,60,222001,200000000,hero_name_60315,monster_fortress_001,101001,1800,986400,72000|36000|0|0|0,259200,345600|345600|345600|345600|345600|345600|345600,13000122,10201,21600,9002|80,icon_small_fortress1,-1,,,3,chat_share_relic_s202,20,9,9,SLG_site_02,,,[21201|50|21202|30|21203|20],3|1|1,Head_60315,sp_fortress_building_name_125,10,banner_bubble_relic_202,banner_bubble_remains21,300,72,108,1800,100002,relic_boss_22,13000002,2,8012,200,-1,2,[],50,4000,300,2000,3
20202,100,3600,[20103|20302|20102|20104],45,[45],[1005|500],sp_fortress_building_buff_126_S1,{1005:500},600000,[20103|20302|20102|20104],5,5,60,222001,200000000,hero_name_60315,monster_fortress_001,101001,1800,986400,72000|36000|0|0|0,259200,345600|345600|345600|345600|345600|345600|345600,13000122,10202,21600,9002|80,icon_small_fortress1,-1,,,3,chat_share_relic_s202,20,9,9,SLG_site_02,,,[21201|50|21202|30|21203|20],3|1|1,Head_60315,sp_fortress_building_name_126,10,banner_bubble_relic_202,banner_bubble_remains21,300,179,89,1800,100002,relic_boss_22,13000002,2,8012,200,-1,2,[],50,4000,300,2000,3
20203,100,3600,[20104|20204|20303|20302|20304],7,[7],[1006|500],sp_fortress_building_buff_127_S1,{1006:500},600000,[20104|20204|20303|20302|20304],5,5,60,222001,200000000,hero_name_60315,monster_fortress_001,101001,1800,986400,72000|36000|0|0|0,259200,345600|345600|345600|345600|345600|345600|345600,13000122,10203,21600,9002|80,icon_small_fortress1,-1,,,3,chat_share_relic_s202,20,9,9,SLG_site_02,,,[21201|50|21202|30|21203|20],3|1|1,Head_60315,sp_fortress_building_name_127,10,banner_bubble_relic_202,banner_bubble_remains21,300,260,146,1800,100002,relic_boss_22,13000002,2,8012,200,-1,2,[],50,4000,300,2000,3
20204,100,3600,[20105|20304|20203|20305|20106],73,[73],[1022|500],sp_fortress_building_buff_128_S1,{1022:500},600000,[20105|20304|20203|20305|20106],5,5,60,222001,200000000,hero_name_60315,monster_fortress_001,101001,1800,986400,72000|36000|0|0|0,259200,345600|345600|345600|345600|345600|345600|345600,13000122,10204,21600,9002|80,icon_small_fortress1,-1,,,3,chat_share_relic_s202,20,9,9,SLG_site_02,,,[21201|50|21202|30|21203|20],3|1|1,Head_60315,sp_fortress_building_name_128,10,banner_bubble_relic_202,banner_bubble_remains21,300,334,92,1800,100002,relic_boss_22,13000002,2,8012,200,-1,2,[],50,4000,300,2000,3
20205,100,3600,[20106|20107|20108|20306|20305],4,[4],[1039|500],sp_fortress_building_buff_129_S1,{1039:500},600000,[20106|20107|20108|20306|20305],5,5,60,222001,200000000,hero_name_60315,monster_fortress_001,101001,1800,986400,72000|36000|0|0|0,259200,345600|345600|345600|345600|345600|345600|345600,13000122,10205,21600,9002|80,icon_small_fortress1,-1,,,3,chat_share_relic_s202,20,9,9,SLG_site_02,,,[21201|50|21202|30|21203|20],3|1|1,Head_60315,sp_fortress_building_name_129,10,banner_bubble_relic_202,banner_bubble_remains21,300,422,124,1800,100002,relic_boss_22,13000002,2,8012,200,-1,2,[],50,4000,300,2000,3
20206,100,3600,[20108|20306|20307|20109|20207],21,[21],[36|300],sp_fortress_building_buff_130_S1,{36:300},600000,[20108|20306|20307|20109|20207],5,5,60,222001,200000000,hero_name_60315,monster_fortress_001,101001,1800,986400,72000|36000|0|0|0,259200,345600|345600|345600|345600|345600|345600|345600,13000122,10206,21600,9002|80,icon_small_fortress1,-1,,,3,chat_share_relic_s202,20,9,9,SLG_site_02,,,[21201|50|21202|30|21203|20],3|1|1,Head_60315,sp_fortress_building_name_130,10,banner_bubble_relic_202,banner_bubble_remains21,300,462,274,1800,100002,relic_boss_22,13000002,2,8012,200,-1,2,[],50,4000,300,2000,3
20207,100,3600,[20206|20307|20109|20208|20405|20110],28,[28],[1004|500],sp_fortress_building_buff_125_S1,{1004:500},600000,[20206|20307|20109|20208|20405|20110],5,5,60,222001,200000000,hero_name_60315,monster_fortress_001,101001,1800,986400,72000|36000|0|0|0,259200,345600|345600|345600|345600|345600|345600|345600,13000122,10207,21600,9002|80,icon_small_fortress1,-1,,,3,chat_share_relic_s202,20,9,9,SLG_site_02,,,[21201|50|21202|30|21203|20],3|1|1,Head_60315,sp_fortress_building_name_131,10,banner_bubble_relic_202,banner_bubble_remains21,300,445,465,1800,100002,relic_boss_22,13000002,2,8012,200,-1,2,[],50,4000,300,2000,3
20208,100,3600,[20207|20308|20110|20309|20209|20111],31,[31],[1005|500],sp_fortress_building_buff_126_S1,{1005:500},600000,[20207|20308|20110|20309|20209|20111],5,5,60,222001,200000000,hero_name_60315,monster_fortress_001,101001,1800,986400,72000|36000|0|0|0,259200,345600|345600|345600|345600|345600|345600|345600,13000122,10208,21600,9002|80,icon_small_fortress1,-1,,,3,chat_share_relic_s202,20,9,9,SLG_site_02,,,[21201|50|21202|30|21203|20],3|1|1,Head_60315,sp_fortress_building_name_132,10,banner_bubble_relic_202,banner_bubble_remains21,300,435,581,1800,100002,relic_boss_22,13000002,2,8012,200,-1,2,[],50,4000,300,2000,3
20209,100,3600,[20208|20309|20111|20112|20310],52,[52],[1006|500],sp_fortress_building_buff_127_S1,{1006:500},600000,[20208|20309|20111|20112|20310],5,5,60,222001,200000000,hero_name_60315,monster_fortress_001,101001,1800,986400,72000|36000|0|0|0,259200,345600|345600|345600|345600|345600|345600|345600,13000122,10209,21600,9002|80,icon_small_fortress1,-1,,,3,chat_share_relic_s202,20,9,9,SLG_site_02,,,[21201|50|21202|30|21203|20],3|1|1,Head_60315,sp_fortress_building_name_133,10,banner_bubble_relic_202,banner_bubble_remains21,300,460,738,1800,100002,relic_boss_22,13000002,2,8012,200,-1,2,[],50,4000,300,2000,3
20210,100,3600,[20310|20112|20114|20113],71,[71],[1022|500],sp_fortress_building_buff_128_S1,{1022:500},600000,[20310|20112|20114|20113],5,5,60,222001,200000000,hero_name_60315,monster_fortress_001,101001,1800,986400,72000|36000|0|0|0,259200,345600|345600|345600|345600|345600|345600|345600,13000122,10210,21600,9002|80,icon_small_fortress1,-1,,,3,chat_share_relic_s202,20,9,9,SLG_site_02,,,[21201|50|21202|30|21203|20],3|1|1,Head_60315,sp_fortress_building_name_134,10,banner_bubble_relic_202,banner_bubble_remains21,300,444,898,1800,100002,relic_boss_22,13000002,2,8012,200,-1,2,[],50,4000,300,2000,3
20211,100,3600,[20311|20115|20116|20114],68,[68],[1039|500],sp_fortress_building_buff_129_S1,{1039:500},600000,[20311|20115|20116|20114],5,5,60,222001,200000000,hero_name_60315,monster_fortress_001,101001,1800,986400,72000|36000|0|0|0,259200,345600|345600|345600|345600|345600|345600|345600,13000122,10211,21600,9002|80,icon_small_fortress1,-1,,,3,chat_share_relic_s202,20,9,9,SLG_site_02,,,[21201|50|21202|30|21203|20],3|1|1,Head_60315,sp_fortress_building_name_135,10,banner_bubble_relic_202,banner_bubble_remains21,300,323,925,1800,100002,relic_boss_22,13000002,2,8012,200,-1,2,[],50,4000,300,2000,3
20212,100,3600,[20312|20407|20116|20311|20213],64,[64],[36|300],sp_fortress_building_buff_130_S1,{36:300},600000,[20312|20407|20116|20311|20213],5,5,60,222001,200000000,hero_name_60315,monster_fortress_001,101001,1800,986400,72000|36000|0|0|0,259200,345600|345600|345600|345600|345600|345600|345600,13000122,10212,21600,9002|80,icon_small_fortress1,-1,,,3,chat_share_relic_s202,20,9,9,SLG_site_02,,,[21201|50|21202|30|21203|20],3|1|1,Head_60315,sp_fortress_building_name_136,10,banner_bubble_relic_202,banner_bubble_remains21,300,249,867,1800,100002,relic_boss_22,13000002,2,8012,200,-1,2,[],50,4000,300,2000,3
20213,100,3600,[20313|20117|20118|20312|20212],63,[63],[1004|500],sp_fortress_building_buff_125_S1,{1004:500},600000,[20313|20117|20118|20312|20212],5,5,60,222001,200000000,hero_name_60315,monster_fortress_001,101001,1800,986400,72000|36000|0|0|0,259200,345600|345600|345600|345600|345600|345600|345600,13000122,10213,21600,9002|80,icon_small_fortress1,-1,,,3,chat_share_relic_s202,20,9,9,SLG_site_02,,,[21201|50|21202|30|21203|20],3|1|1,Head_60315,sp_fortress_building_name_137,10,banner_bubble_relic_202,banner_bubble_remains21,300,186,928,1800,100002,relic_boss_22,13000002,2,8012,200,-1,2,[],50,4000,300,2000,3
20214,100,3600,[20314|20120|20313|20119|20118],59,[59],[1005|500],sp_fortress_building_buff_126_S1,{1005:500},600000,[20314|20120|20313|20119|20118],5,5,60,222001,200000000,hero_name_60315,monster_fortress_001,101001,1800,986400,72000|36000|0|0|0,259200,345600|345600|345600|345600|345600|345600|345600,13000122,10214,21600,9002|80,icon_small_fortress1,-1,,,3,chat_share_relic_s202,20,9,9,SLG_site_02,,,[21201|50|21202|30|21203|20],3|1|1,Head_60315,sp_fortress_building_name_138,10,banner_bubble_relic_202,banner_bubble_remains21,300,66,912,1800,100002,relic_boss_22,13000002,2,8012,200,-1,2,[],50,4000,300,2000,3
20215,100,3600,[20216|20121|20315|20314|20409|20120],46,[46],[1006|500],sp_fortress_building_buff_127_S1,{1006:500},600000,[20216|20121|20315|20314|20409|20120],5,5,60,222001,200000000,hero_name_60315,monster_fortress_001,101001,1800,986400,72000|36000|0|0|0,259200,345600|345600|345600|345600|345600|345600|345600,13000122,10215,21600,9002|80,icon_small_fortress1,-1,,,3,chat_share_relic_s202,20,9,9,SLG_site_02,,,[21201|50|21202|30|21203|20],3|1|1,Head_60315,sp_fortress_building_name_139,10,banner_bubble_relic_202,banner_bubble_remains21,300,54,752,1800,100002,relic_boss_22,13000002,2,8012,200,-1,2,[],50,4000,300,2000,3
20216,100,3600,[20122|20315|20121|20215],41,[41],[1022|500],sp_fortress_building_buff_128_S1,{1022:500},600000,[20122|20315|20121|20215],5,5,60,222001,200000000,hero_name_60315,monster_fortress_001,101001,1800,986400,72000|36000|0|0|0,259200,345600|345600|345600|345600|345600|345600|345600,13000122,10216,21600,9002|80,icon_small_fortress1,-1,,,3,chat_share_relic_s202,20,9,9,SLG_site_02,,,[21201|50|21202|30|21203|20],3|1|1,Head_60315,sp_fortress_building_name_140,10,banner_bubble_relic_202,banner_bubble_remains21,300,50,606,1800,100002,relic_boss_22,13000002,2,8012,200,-1,2,[],50,4000,300,2000,3
20217,100,3600,[20218|20122|20123|20316|20410|20315],38,[38],[1039|500],sp_fortress_building_buff_129_S1,{1039:500},600000,[20218|20122|20123|20316|20410|20315],5,5,60,222001,200000000,hero_name_60315,monster_fortress_001,101001,1800,986400,72000|36000|0|0|0,259200,345600|345600|345600|345600|345600|345600|345600,13000122,10217,21600,9002|80,icon_small_fortress1,-1,,,3,chat_share_relic_s202,20,9,9,SLG_site_02,,,[21201|50|21202|30|21203|20],3|1|1,Head_60315,sp_fortress_building_name_141,10,banner_bubble_relic_202,banner_bubble_remains21,300,67,433,1800,100002,relic_boss_22,13000002,2,8012,200,-1,2,[],50,4000,300,2000,3
20218,100,3600,[20124|20301|20123|20316|20217],10,[10],[36|300],sp_fortress_building_buff_130_S1,{36:300},600000,[20124|20301|20123|20316|20217],5,5,60,222001,200000000,hero_name_60315,monster_fortress_001,101001,1800,986400,72000|36000|0|0|0,259200,345600|345600|345600|345600|345600|345600|345600,13000122,10218,21600,9002|80,icon_small_fortress1,-1,,,3,chat_share_relic_s202,20,9,9,SLG_site_02,,,[21201|50|21202|30|21203|20],3|1|1,Head_60315,sp_fortress_building_name_142,10,banner_bubble_relic_202,banner_bubble_remains21,300,48,292,1800,100002,relic_boss_22,13000002,2,8012,200,-1,2,[],50,4000,300,2000,3
20301,100,3600,[20102|20201|20302|20316|20218|20401],9,[9],[1072|1000],sp_fortress_building_buff_143_S1,{1072:1000},800000,[20102|20201|20302|20316|20218|20401],5,5,60,223001,400000000,sp_fortress_heroname_203,monster_fortress_001,101001,1800,1332000,72000|36000|0|0|0,432000,518400|518400|518400|518400|518400|518400|518400,13000123,10301,21600,9003|100,icon_small_fortress2,-1,,,3,chat_share_relic_s203,30,9,9,SLG_site_02,,,[21301|50|21302|30|21303|20],3|1|1,Head_60313,sp_fortress_building_name_143,15,banner_bubble_relic_203,banner_bubble_remains22,300,108,216,1800,100002,relic_boss_23,13000003,2,8013,200,-1,3,[],50,3000,300,4000,3
20302,100,3600,[20202|20401|20301|20303|20203],8,[8],[1002|500],sp_fortress_building_buff_144_S1,{1002:500},800000,[20202|20401|20301|20303|20203],5,5,60,223001,400000000,sp_fortress_heroname_203,monster_fortress_001,101001,1800,1332000,72000|36000|0|0|0,432000,518400|518400|518400|518400|518400|518400|518400,13000123,10302,21600,9003|100,icon_small_fortress2,-1,,,3,chat_share_relic_s203,30,9,9,SLG_site_02,,,[21301|50|21302|30|21303|20],3|1|1,Head_60313,sp_fortress_building_name_144,15,banner_bubble_relic_203,banner_bubble_remains22,300,175,139,1800,100002,relic_boss_23,13000003,2,8013,200,-1,3,[],50,3000,300,4000,3
20303,100,3600,[20302|20402|20401|20203|20304],16,[16],[1033|500],sp_fortress_building_buff_145_S1,{1033:500},800000,[20302|20402|20401|20203|20304],5,5,60,223001,400000000,sp_fortress_heroname_203,monster_fortress_001,101001,1800,1332000,72000|36000|0|0|0,432000,518400|518400|518400|518400|518400|518400|518400,13000123,10303,21600,9003|100,icon_small_fortress2,-1,,,3,chat_share_relic_s203,30,9,9,SLG_site_02,,,[21301|50|21302|30|21303|20],3|1|1,Head_60313,sp_fortress_building_name_145,15,banner_bubble_relic_203,banner_bubble_remains22,300,214,242,1800,100002,relic_boss_23,13000003,2,8013,200,-1,3,[],50,3000,300,4000,3
20304,100,3600,[20204|20203|20305|20501|20303|20403],6,[6],[1034|500],sp_fortress_building_buff_146_S1,{1034:500},800000,[20204|20203|20305|20501|20303|20403],5,5,60,223001,400000000,sp_fortress_heroname_203,monster_fortress_001,101001,1800,1332000,72000|36000|0|0|0,432000,518400|518400|518400|518400|518400|518400|518400,13000123,10304,21600,9003|100,icon_small_fortress2,-1,,,3,chat_share_relic_s203,30,9,9,SLG_site_02,,,[21301|50|21302|30|21303|20],3|1|1,Head_60313,sp_fortress_building_name_146,15,banner_bubble_relic_203,banner_bubble_remains22,300,294,204,1800,100002,relic_boss_23,13000003,2,8013,200,-1,3,[],50,3000,300,4000,3
20305,100,3600,[20204|20403|20304|20306|20106|20205],5,[5],[1016|500],sp_fortress_building_buff_147_S1,{1016:500},800000,[20204|20403|20304|20306|20106|20205],5,5,60,223001,400000000,sp_fortress_heroname_203,monster_fortress_001,101001,1800,1332000,72000|36000|0|0|0,432000,518400|518400|518400|518400|518400|518400|518400,13000123,10305,21600,9003|100,icon_small_fortress2,-1,,,3,chat_share_relic_s203,30,9,9,SLG_site_02,,,[21301|50|21302|30|21303|20],3|1|1,Head_60313,sp_fortress_building_name_147,15,banner_bubble_relic_203,banner_bubble_remains22,300,368,172,1800,100002,relic_boss_23,13000003,2,8013,200,-1,3,[],50,3000,300,4000,3
20306,100,3600,[20305|20404|20403|20205|20307|20206],20,[20],[1052|1000],sp_fortress_building_buff_148_S1,{1052:1000},800000,[20305|20404|20403|20205|20307|20206],5,5,60,223001,400000000,sp_fortress_heroname_203,monster_fortress_001,101001,1800,1332000,72000|36000|0|0|0,432000,518400|518400|518400|518400|518400|518400|518400,13000123,10306,21600,9003|100,icon_small_fortress2,-1,,,3,chat_share_relic_s203,30,9,9,SLG_site_02,,,[21301|50|21302|30|21303|20],3|1|1,Head_60313,sp_fortress_building_name_148,15,banner_bubble_relic_203,banner_bubble_remains22,300,400,222,1800,100002,relic_boss_23,13000003,2,8013,200,-1,3,[],50,3000,300,4000,3
20307,100,3600,[20306|20404|20206|20207|20405],24,[24],[35|500],sp_fortress_building_buff_149_S1,{35:500},800000,[20306|20404|20206|20207|20405],5,5,60,223001,400000000,sp_fortress_heroname_203,monster_fortress_001,101001,1800,1332000,72000|36000|0|0|0,432000,518400|518400|518400|518400|518400|518400|518400,13000123,10307,21600,9003|100,icon_small_fortress2,-1,,,3,chat_share_relic_s203,30,9,9,SLG_site_02,,,[21301|50|21302|30|21303|20],3|1|1,Head_60313,sp_fortress_building_name_149,15,banner_bubble_relic_203,banner_bubble_remains22,300,425,363,1800,100002,relic_boss_23,13000003,2,8013,200,-1,3,[],50,3000,300,4000,3
20308,100,3600,[20405|20208|20406|20309],32,[32],[1010|10],sp_fortress_building_buff_150_S1,{1010:10},800000,[20405|20208|20406|20309],5,5,60,223001,400000000,sp_fortress_heroname_203,monster_fortress_001,101001,1800,1332000,72000|36000|0|0|0,432000,518400|518400|518400|518400|518400|518400|518400,13000123,10308,21600,9003|100,icon_small_fortress2,-1,,,3,chat_share_relic_s203,30,9,9,SLG_site_02,,,[21301|50|21302|30|21303|20],3|1|1,Head_60313,sp_fortress_building_name_150,15,banner_bubble_relic_203,banner_bubble_remains22,300,403,599,1800,100002,relic_boss_23,13000003,2,8013,200,-1,3,[],50,3000,300,4000,3
20309,100,3600,[20208|20308|20209|20310|20406],51,[51],[1072|1000],sp_fortress_building_buff_143_S1,{1072:1000},800000,[20208|20308|20209|20310|20406],5,5,60,223001,400000000,sp_fortress_heroname_203,monster_fortress_001,101001,1800,1332000,72000|36000|0|0|0,432000,518400|518400|518400|518400|518400|518400|518400,13000123,10309,21600,9003|100,icon_small_fortress2,-1,,,3,chat_share_relic_s203,30,9,9,SLG_site_02,,,[21301|50|21302|30|21303|20],3|1|1,Head_60313,sp_fortress_building_name_151,15,banner_bubble_relic_203,banner_bubble_remains22,300,422,714,1800,100002,relic_boss_23,13000003,2,8013,200,-1,3,[],50,3000,300,4000,3
20310,100,3600,[20309|20407|20210|20209|20114|20311],54,[54],[1002|500],sp_fortress_building_buff_144_S1,{1002:500},800000,[20309|20407|20210|20209|20114|20311],5,5,60,223001,400000000,sp_fortress_heroname_203,monster_fortress_001,101001,1800,1332000,72000|36000|0|0|0,432000,518400|518400|518400|518400|518400|518400|518400,13000123,10310,21600,9003|100,icon_small_fortress2,-1,,,3,chat_share_relic_s203,30,9,9,SLG_site_02,,,[21301|50|21302|30|21303|20],3|1|1,Head_60313,sp_fortress_building_name_152,15,banner_bubble_relic_203,banner_bubble_remains22,300,403,813,1800,100002,relic_boss_23,13000003,2,8013,200,-1,3,[],50,3000,300,4000,3
20311,100,3600,[20407|20211|20212|20310],66,[66],[1033|500],sp_fortress_building_buff_145_S1,{1033:500},800000,[20407|20211|20212|20310],5,5,60,223001,400000000,sp_fortress_heroname_203,monster_fortress_001,101001,1800,1332000,72000|36000|0|0|0,432000,518400|518400|518400|518400|518400|518400|518400,13000123,10311,21600,9003|100,icon_small_fortress2,-1,,,3,chat_share_relic_s203,30,9,9,SLG_site_02,,,[21301|50|21302|30|21303|20],3|1|1,Head_60313,sp_fortress_building_name_153,15,banner_bubble_relic_203,banner_bubble_remains22,300,336,854,1800,100002,relic_boss_23,13000003,2,8013,200,-1,3,[],50,3000,300,4000,3
20312,100,3600,[20408|20212|20407|20213|20313],57,[57],[1034|500],sp_fortress_building_buff_146_S1,{1034:500},800000,[20408|20212|20407|20213|20313],5,5,60,223001,400000000,sp_fortress_heroname_203,monster_fortress_001,101001,1800,1332000,72000|36000|0|0|0,432000,518400|518400|518400|518400|518400|518400|518400,13000123,10312,21600,9003|100,icon_small_fortress2,-1,,,3,chat_share_relic_s203,30,9,9,SLG_site_02,,,[21301|50|21302|30|21303|20],3|1|1,Head_60313,sp_fortress_building_name_154,15,banner_bubble_relic_203,banner_bubble_remains22,300,214,816,1800,100002,relic_boss_23,13000003,2,8013,200,-1,3,[],50,3000,300,4000,3
20313,100,3600,[20314|20118|20214|20213|20408|20312],58,[58],[1016|500],sp_fortress_building_buff_147_S1,{1016:500},800000,[20314|20118|20214|20213|20408|20312],5,5,60,223001,400000000,sp_fortress_heroname_203,monster_fortress_001,101001,1800,1332000,72000|36000|0|0|0,432000,518400|518400|518400|518400|518400|518400|518400,13000123,10313,21600,9003|100,icon_small_fortress2,-1,,,3,chat_share_relic_s203,30,9,9,SLG_site_02,,,[21301|50|21302|30|21303|20],3|1|1,Head_60313,sp_fortress_building_name_155,15,banner_bubble_relic_203,banner_bubble_remains22,300,137,851,1800,100002,relic_boss_23,13000003,2,8013,200,-1,3,[],50,3000,300,4000,3
20314,100,3600,[20215|20214|20409|20313|20408],48,[48],[1052|1000],sp_fortress_building_buff_148_S1,{1052:1000},800000,[20215|20214|20409|20313|20408],5,5,60,223001,400000000,sp_fortress_heroname_203,monster_fortress_001,101001,1800,1332000,72000|36000|0|0|0,432000,518400|518400|518400|518400|518400|518400|518400,13000123,10314,21600,9003|100,icon_small_fortress2,-1,,,3,chat_share_relic_s203,30,9,9,SLG_site_02,,,[21301|50|21302|30|21303|20],3|1|1,Head_60313,sp_fortress_building_name_156,15,banner_bubble_relic_203,banner_bubble_remains22,300,108,804,1800,100002,relic_boss_23,13000003,2,8013,200,-1,3,[],50,3000,300,4000,3
20315,100,3600,[20217|20216|20410|20409|20215],42,[42],[35|500],sp_fortress_building_buff_149_S1,{35:500},800000,[20217|20216|20410|20409|20215],5,5,60,223001,400000000,sp_fortress_heroname_203,monster_fortress_001,101001,1800,1332000,72000|36000|0|0|0,432000,518400|518400|518400|518400|518400|518400|518400,13000123,10315,21600,9003|100,icon_small_fortress2,-1,,,3,chat_share_relic_s203,30,9,9,SLG_site_02,,,[21301|50|21302|30|21303|20],3|1|1,Head_60313,sp_fortress_building_name_157,15,banner_bubble_relic_203,banner_bubble_remains22,300,83,605,1800,100002,relic_boss_23,13000003,2,8013,200,-1,3,[],50,3000,300,4000,3
20316,100,3600,[20301|20218|20401|20217|20410],14,[14],[1010|10],sp_fortress_building_buff_150_S1,{1010:10},800000,[20301|20218|20401|20217|20410],5,5,60,223001,400000000,sp_fortress_heroname_203,monster_fortress_001,101001,1800,1332000,72000|36000|0|0|0,432000,518400|518400|518400|518400|518400|518400|518400,13000123,10316,21600,9003|100,icon_small_fortress2,-1,,,3,chat_share_relic_s203,30,9,9,SLG_site_02,,,[21301|50|21302|30|21303|20],3|1|1,Head_60313,sp_fortress_building_name_158,15,banner_bubble_relic_203,banner_bubble_remains22,300,86,326,1800,100002,relic_boss_23,13000003,2,8013,200,-1,3,[],50,3000,300,4000,3
20401,100,3600,[20302|20301|20303|20316|20402|20505],15,[15],[1022|1500],sp_fortress_building_buff_159_S1,{1022:1500},1200000,[20302|20301|20303|20316|20402|20505],5,5,60,224001,800000000,hero_name_60317,monster_fortress_001,101001,1800,1677600,72000|36000|0|0|0,604800,691200|691200|691200|691200|691200|691200|691200,13000124,10401,21600,9004|120,icon_small_fortress2,-1,,,3,chat_share_relic_s204,40,9,9,SLG_site_02,,,[21501|50|21502|30|21503|20],3|1|1,Head_60317,sp_fortress_building_name_159,15,banner_bubble_relic_204,banner_bubble_remains22,300,134,286,1800,100002,relic_boss_24,13000004,2,8014,200,-1,4,[],50,2000,300,6000,3
20402,100,3600,[20303|20401|20501|20505],17,[17],[1001|1000],sp_fortress_building_buff_160_S1,{1001:1000},1200000,[20303|20401|20501|20505],5,5,60,224001,800000000,hero_name_60317,monster_fortress_001,101001,1800,1677600,72000|36000|0|0|0,604800,691200|691200|691200|691200|691200|691200|691200,13000124,10402,21600,9004|120,icon_small_fortress2,-1,,,3,chat_share_relic_s204,40,9,9,SLG_site_02,,,[21501|50|21502|30|21503|20],3|1|1,Head_60317,sp_fortress_building_name_160,15,banner_bubble_relic_204,banner_bubble_remains22,300,201,293,1800,100002,relic_boss_24,13000004,2,8014,200,-1,4,[],50,2000,300,6000,3
20403,100,3600,[20305|20304|20306|20501|20404|20502],19,[19],[36|500],sp_fortress_building_buff_161_S1,{36:500},1200000,[20305|20304|20306|20501|20404|20502],5,5,60,224001,800000000,hero_name_60317,monster_fortress_001,101001,1800,1677600,72000|36000|0|0|0,604800,691200|691200|691200|691200|691200|691200|691200,13000124,10403,21600,9004|120,icon_small_fortress2,-1,,,3,chat_share_relic_s204,40,9,9,SLG_site_02,,,[21501|50|21502|30|21503|20],3|1|1,Head_60317,sp_fortress_building_name_161,15,banner_bubble_relic_204,banner_bubble_remains22,300,332,280,1800,100002,relic_boss_24,13000004,2,8014,200,-1,4,[],50,2000,300,6000,3
20404,100,3600,[20306|20403|20307|20502|20405],25,[25],[35|500],sp_fortress_building_buff_162_S1,{35:500},1200000,[20306|20403|20307|20502|20405],5,5,60,224001,800000000,hero_name_60317,monster_fortress_001,101001,1800,1677600,72000|36000|0|0|0,604800,691200|691200|691200|691200|691200|691200|691200,13000124,10404,21600,9004|120,icon_small_fortress2,-1,,,3,chat_share_relic_s204,40,9,9,SLG_site_02,,,[21501|50|21502|30|21503|20],3|1|1,Head_60317,sp_fortress_building_name_162,15,banner_bubble_relic_204,banner_bubble_remains22,300,380,332,1800,100002,relic_boss_24,13000004,2,8014,200,-1,4,[],50,2000,300,6000,3
20405,100,3600,[20404|20502|20307|20308|20207|20406],27,[27],[1056|500],sp_fortress_building_buff_163_S1,{1056:500},1200000,[20404|20502|20307|20308|20207|20406],5,5,60,224001,800000000,hero_name_60317,monster_fortress_001,101001,1800,1677600,72000|36000|0|0|0,604800,691200|691200|691200|691200|691200|691200|691200,13000124,10405,21600,9004|120,icon_small_fortress2,-1,,,3,chat_share_relic_s204,40,9,9,SLG_site_02,,,[21501|50|21502|30|21503|20],3|1|1,Head_60317,sp_fortress_building_name_163,15,banner_bubble_relic_204,banner_bubble_remains22,300,374,490,1800,100002,relic_boss_24,13000004,2,8014,200,-1,4,[],50,2000,300,6000,3
20406,100,3600,[20405|20502|20308|20503|20407|20309],33,[33],[1022|1500],sp_fortress_building_buff_159_S1,{1022:1500},1200000,[20405|20502|20308|20503|20407|20309],5,5,60,224001,800000000,hero_name_60317,monster_fortress_001,101001,1800,1677600,72000|36000|0|0|0,604800,691200|691200|691200|691200|691200|691200|691200,13000124,10406,21600,9004|120,icon_small_fortress2,-1,,,3,chat_share_relic_s204,40,9,9,SLG_site_02,,,[21501|50|21502|30|21503|20],3|1|1,Head_60317,sp_fortress_building_name_164,15,banner_bubble_relic_204,banner_bubble_remains22,300,361,669,1800,100002,relic_boss_24,13000004,2,8014,200,-1,4,[],50,2000,300,6000,3
20407,100,3600,[20503|20212|20312|20311|20406|20310],55,[55],[1001|1000],sp_fortress_building_buff_160_S1,{1001:1000},1200000,[20503|20212|20312|20311|20406|20310],5,5,60,224001,800000000,hero_name_60317,monster_fortress_001,101001,1800,1677600,72000|36000|0|0|0,604800,691200|691200|691200|691200|691200|691200|691200,13000124,10407,21600,9004|120,icon_small_fortress2,-1,,,3,chat_share_relic_s204,40,9,9,SLG_site_02,,,[21501|50|21502|30|21503|20],3|1|1,Head_60317,sp_fortress_building_name_165,15,banner_bubble_relic_204,banner_bubble_remains22,300,310,816,1800,100002,relic_boss_24,13000004,2,8014,200,-1,4,[],50,2000,300,6000,3
20408,100,3600,[20504|20409|20312|20503|20313|20314],49,[49],[36|500],sp_fortress_building_buff_161_S1,{36:500},1200000,[20504|20409|20312|20503|20313|20314],5,5,60,224001,800000000,hero_name_60317,monster_fortress_001,101001,1800,1677600,72000|36000|0|0|0,604800,691200|691200|691200|691200|691200|691200|691200,13000124,10408,21600,9004|120,icon_small_fortress2,-1,,,3,chat_share_relic_s204,40,9,9,SLG_site_02,,,[21501|50|21502|30|21503|20],3|1|1,Head_60317,sp_fortress_building_name_166,15,banner_bubble_relic_204,banner_bubble_remains22,300,198,730,1800,100002,relic_boss_24,13000004,2,8014,200,-1,4,[],50,2000,300,6000,3
20409,100,3600,[20410|20315|20504|20314|20215|20408],43,[43],[35|500],sp_fortress_building_buff_162_S1,{35:500},1200000,[20410|20315|20504|20314|20215|20408],5,5,60,224001,800000000,hero_name_60317,monster_fortress_001,101001,1800,1677600,72000|36000|0|0|0,604800,691200|691200|691200|691200|691200|691200|691200,13000124,10409,21600,9004|120,icon_small_fortress2,-1,,,3,chat_share_relic_s204,40,9,9,SLG_site_02,,,[21501|50|21502|30|21503|20],3|1|1,Head_60317,sp_fortress_building_name_167,15,banner_bubble_relic_204,banner_bubble_remains22,300,116,694,1800,100002,relic_boss_24,13000004,2,8014,200,-1,4,[],50,2000,300,6000,3
20410,100,3600,[20316|20217|20505|20409|20315|20504],37,[37],[1056|500],sp_fortress_building_buff_163_S1,{1056:500},1200000,[20316|20217|20505|20409|20315|20504],5,5,60,224001,800000000,hero_name_60317,monster_fortress_001,101001,1800,1677600,72000|36000|0|0|0,604800,691200|691200|691200|691200|691200|691200|691200,13000124,10410,21600,9004|120,icon_small_fortress2,-1,,,3,chat_share_relic_s204,40,9,9,SLG_site_02,,,[21501|50|21502|30|21503|20],3|1|1,Head_60317,sp_fortress_building_name_168,15,banner_bubble_relic_204,banner_bubble_remains22,300,115,503,1800,100002,relic_boss_24,13000004,2,8014,200,-1,4,[],50,2000,300,6000,3
20501,100,3600,[20304|20402|20403],18,[18],,sp_fortress_building_buff_169_S1,{},2500000,[20304|20402|20403],5,5,60,225001,1200000000,hero_name_60316,monster_fortress_001,101001,1800,2023200,72000|36000|0|0|0,777600,864000|864000|864000|864000|864000|864000|864000,13000125,10501,21600,9005|150,icon_small_fortress3,1,,[212001|100|205001|100|206001|100],3,chat_share_relic_s205,50,9,9,SLG_site_02,,,[21601|50|21602|30|21603|20],3|1|1,Head_60316,sp_fortress_building_name_169,20,banner_bubble_relic_205,banner_bubble_remains23,300,257,337,1800,100002,relic_boss_25,13000005,2,8015,200,-1,5,[(212001|100)|(205001|100)|(206001|100)],50,1000,300,8000,3
20502,100,3600,[20403|20404|20405|20406],26,[26],,sp_fortress_building_buff_170_S1,{},2500000,[20403|20404|20405|20406],5,5,60,225001,1200000000,hero_name_60316,monster_fortress_001,101001,1800,2023200,72000|36000|0|0|0,777600,864000|864000|864000|864000|864000|864000|864000,13000125,10502,21600,9005|150,icon_small_fortress3,2,,[111|100|511|100|711|100],3,chat_share_relic_s205,50,9,9,SLG_site_02,,,[21601|50|21602|30|21603|20],3|1|1,Head_60316,sp_fortress_building_name_170,20,banner_bubble_relic_205,banner_bubble_remains23,300,329,481,1800,100002,relic_boss_25,13000005,2,8015,200,-1,5,[(111|100)|(511|100)|(711|100)],50,1000,300,8000,3
20503,100,3600,[20504|20406|20407|20408],50,[50],,sp_fortress_building_buff_171_S1,{},2500000,[20504|20406|20407|20408],5,5,60,225001,1200000000,hero_name_60316,monster_fortress_001,101001,1800,2023200,72000|36000|0|0|0,777600,864000|864000|864000|864000|864000|864000|864000,13000125,10503,21600,9005|150,icon_small_fortress3,1,,[212001|100|205001|100|206001|100],3,chat_share_relic_s205,50,9,9,SLG_site_02,,,[21601|50|21602|30|21603|20],3|1|1,Head_60316,sp_fortress_building_name_171,20,banner_bubble_relic_205,banner_bubble_remains23,300,290,708,1800,100002,relic_boss_25,13000005,2,8015,200,-1,5,[(212001|100)|(205001|100)|(206001|100)],50,1000,300,8000,3
20504,100,3600,[20410|20409|20505|20408|20503],44,[44],,sp_fortress_building_buff_172_S1,{},2500000,[20410|20409|20505|20408|20503],5,5,60,225001,1200000000,hero_name_60316,monster_fortress_001,101001,1800,2023200,72000|36000|0|0|0,777600,864000|864000|864000|864000|864000|864000|864000,13000125,10504,21600,9005|150,icon_small_fortress3,2,,[111|100|511|100|711|100],3,chat_share_relic_s205,50,9,9,SLG_site_02,,,[21601|50|21602|30|21603|20],3|1|1,Head_60316,sp_fortress_building_name_172,20,banner_bubble_relic_205,banner_bubble_remains23,300,182,654,1800,100002,relic_boss_25,13000005,2,8015,200,-1,5,[(111|100)|(511|100)|(711|100)],50,1000,300,8000,3
20505,100,3600,[20401|20410|20402|20504],36,[36],,sp_fortress_building_buff_173_S1,{},2500000,[20401|20410|20402|20504],5,5,60,225001,1200000000,hero_name_60316,monster_fortress_001,101001,1800,2023200,72000|36000|0|0|0,777600,864000|864000|864000|864000|864000|864000|864000,13000125,10505,21600,9005|150,icon_small_fortress3,1,,[212001|100|205001|100|206001|100],3,chat_share_relic_s205,50,9,9,SLG_site_02,,,[21601|50|21602|30|21603|20],3|1|1,Head_60316,sp_fortress_building_name_173,20,banner_bubble_relic_205,banner_bubble_remains23,300,169,459,1800,100002,relic_boss_25,13000005,2,8015,200,-1,5,[(212001|100)|(205001|100)|(206001|100)],50,1000,300,8000,3
30101,100,3600,[30201|30102|30124],1,[1],[1013|1000],sp_fortress_building_buff_101_S1,{1013:1000},400000,[30201|30102|30124],5,5,60,321001,15000000000,hero_name_60370,monster_fortress_001,101001,1800,554400,72000|36000|0|0|0,86400,172800|172800|172800|172800|172800|172800|172800,13000131,30101,21600,9001|50,icon_small_fortress1,-1,,,3,chat_share_relic_s301,10,9,9,SLG_site_02,,,[21101|50|21102|30|21103|20],3|1|1,Head_60370,sp_fortress_building_name_101,1,banner_s3_bubble_relic_3,banner_s3_bubble_remains1,300,16,44,1800,100002,relic_boss_31,13000031,3,8011,200,-1,1,[],50,5000,300,100,3
30102,100,3600,[30201|30101|30103|30301|30202],23,[23],[1012|1000],sp_fortress_building_buff_102_S1,{1012:1000},400000,[30201|30101|30103|30301|30202],5,5,60,321001,15000000000,hero_name_60370,monster_fortress_001,101001,1800,554400,72000|36000|0|0|0,86400,172800|172800|172800|172800|172800|172800|172800,13000131,30102,21600,9001|50,icon_small_fortress1,-1,,,3,chat_share_relic_s301,10,9,9,SLG_site_02,,,[21101|50|21102|30|21103|20],3|1|1,Head_60370,sp_fortress_building_name_102,1,banner_s3_bubble_relic_3,banner_s3_bubble_remains1,300,104,44,1800,100002,relic_boss_31,13000031,3,8011,200,-1,1,[],50,5000,300,100,3
30103,100,3600,[30202|30102|30104],34,[34],[1014|1000],sp_fortress_building_buff_103_S1,{1014:1000},400000,[30202|30102|30104],5,5,60,321001,15000000000,hero_name_60370,monster_fortress_001,101001,1800,554400,72000|36000|0|0|0,86400,172800|172800|172800|172800|172800|172800|172800,13000131,30103,21600,9001|50,icon_small_fortress1,-1,,,3,chat_share_relic_s301,10,9,9,SLG_site_02,,,[21101|50|21102|30|21103|20],3|1|1,Head_60370,sp_fortress_building_name_103,1,banner_s3_bubble_relic_3,banner_s3_bubble_remains1,300,163,25,1800,100002,relic_boss_31,13000031,3,8011,200,-1,1,[],50,5000,300,100,3
30104,100,3600,[30103|30203|30105|30202],56,[56],[1001|300],sp_fortress_building_buff_104_S1,{1001:300},400000,[30103|30203|30105|30202],5,5,60,321001,15000000000,hero_name_60370,monster_fortress_001,101001,1800,554400,72000|36000|0|0|0,86400,172800|172800|172800|172800|172800|172800|172800,13000131,30104,21600,9001|50,icon_small_fortress1,-1,,,3,chat_share_relic_s301,10,9,9,SLG_site_02,,,[21101|50|21102|30|21103|20],3|1|1,Head_60370,sp_fortress_building_name_104,1,banner_s3_bubble_relic_3,banner_s3_bubble_remains1,300,243,51,1800,100002,relic_boss_31,13000031,3,8011,200,-1,1,[],50,5000,300,100,3
30105,100,3600,[30204|30104|30106],67,[67],[1002|300],sp_fortress_building_buff_105_S1,{1002:300},400000,[30204|30104|30106],5,5,60,321001,15000000000,hero_name_60370,monster_fortress_001,101001,1800,554400,72000|36000|0|0|0,86400,172800|172800|172800|172800|172800|172800|172800,13000131,30105,21600,9001|50,icon_small_fortress1,-1,,,3,chat_share_relic_s301,10,9,9,SLG_site_02,,,[21101|50|21102|30|21103|20],3|1|1,Head_60370,sp_fortress_building_name_105,1,banner_s3_bubble_relic_3,banner_s3_bubble_remains1,300,337,19,1800,100002,relic_boss_31,13000031,3,8011,200,-1,1,[],50,5000,300,100,3
30106,100,3600,[30105|30205|30107|30305|30204],74,[74],[1033|300],sp_fortress_building_buff_106_S1,{1033:300},400000,[30105|30205|30107|30305|30204],5,5,60,321001,15000000000,hero_name_60370,monster_fortress_001,101001,1800,554400,72000|36000|0|0|0,86400,172800|172800|172800|172800|172800|172800|172800,13000131,30106,21600,9001|50,icon_small_fortress1,-1,,,3,chat_share_relic_s301,10,9,9,SLG_site_02,,,[21101|50|21102|30|21103|20],3|1|1,Head_60370,sp_fortress_building_name_106,1,banner_s3_bubble_relic_3,banner_s3_bubble_remains1,300,399,57,1800,100002,relic_boss_31,13000031,3,8011,200,-1,1,[],50,5000,300,100,3
30107,100,3600,[30205|30106|30108],2,[2],[1034|300],sp_fortress_building_buff_107_S1,{1034:300},400000,[30205|30106|30108],5,5,60,321001,15000000000,hero_name_60370,monster_fortress_001,101001,1800,554400,72000|36000|0|0|0,86400,172800|172800|172800|172800|172800|172800|172800,13000131,30107,21600,9001|50,icon_small_fortress1,-1,,,3,chat_share_relic_s301,10,9,9,SLG_site_02,,,[21101|50|21102|30|21103|20],3|1|1,Head_60370,sp_fortress_building_name_107,1,banner_s3_bubble_relic_3,banner_s3_bubble_remains1,300,486,70,1800,100002,relic_boss_31,13000031,3,8011,200,-1,1,[],50,5000,300,100,3
30108,100,3600,[30205|30206|30107|30109],3,[3],[1016|300],sp_fortress_building_buff_108_S1,{1016:300},400000,[30205|30206|30107|30109],5,5,60,321001,15000000000,hero_name_60370,monster_fortress_001,101001,1800,554400,72000|36000|0|0|0,86400,172800|172800|172800|172800|172800|172800|172800,13000131,30108,21600,9001|50,icon_small_fortress1,-1,,,3,chat_share_relic_s301,10,9,9,SLG_site_02,,,[21101|50|21102|30|21103|20],3|1|1,Head_60370,sp_fortress_building_name_108,1,banner_s3_bubble_relic_3,banner_s3_bubble_remains1,300,489,153,1800,100002,relic_boss_31,13000031,3,8011,200,-1,1,[],50,5000,300,100,3
30109,100,3600,[30108|30206|30110|30207],22,[22],[1013|1000],sp_fortress_building_buff_101_S1,{1013:1000},400000,[30108|30206|30110|30207],5,5,60,321001,15000000000,hero_name_60370,monster_fortress_001,101001,1800,554400,72000|36000|0|0|0,86400,172800|172800|172800|172800|172800|172800|172800,13000131,30109,21600,9001|50,icon_small_fortress1,-1,,,3,chat_share_relic_s301,10,9,9,SLG_site_02,,,[21101|50|21102|30|21103|20],3|1|1,Head_60370,sp_fortress_building_name_109,1,banner_s3_bubble_relic_3,banner_s3_bubble_remains1,300,489,337,1800,100002,relic_boss_31,13000031,3,8011,200,-1,1,[],50,5000,300,100,3
30110,100,3600,[30109|30207|30208|30111],29,[29],[1012|1000],sp_fortress_building_buff_102_S1,{1012:1000},400000,[30109|30207|30208|30111],5,5,60,321001,15000000000,hero_name_60370,monster_fortress_001,101001,1800,554400,72000|36000|0|0|0,86400,172800|172800|172800|172800|172800|172800|172800,13000131,30110,21600,9001|50,icon_small_fortress1,-1,,,3,chat_share_relic_s301,10,9,9,SLG_site_02,,,[21101|50|21102|30|21103|20],3|1|1,Head_60370,sp_fortress_building_name_110,1,banner_s3_bubble_relic_3,banner_s3_bubble_remains1,300,489,521,1800,100002,relic_boss_31,13000031,3,8011,200,-1,1,[],50,5000,300,100,3
30111,100,3600,[30110|30208|30209|30112],30,[30],[1014|1000],sp_fortress_building_buff_103_S1,{1014:1000},400000,[30110|30208|30209|30112],5,5,60,321001,15000000000,hero_name_60370,monster_fortress_001,101001,1800,554400,72000|36000|0|0|0,86400,172800|172800|172800|172800|172800|172800|172800,13000131,30111,21600,9001|50,icon_small_fortress1,-1,,,3,chat_share_relic_s301,10,9,9,SLG_site_02,,,[21101|50|21102|30|21103|20],3|1|1,Head_60370,sp_fortress_building_name_111,1,banner_s3_bubble_relic_3,banner_s3_bubble_remains1,300,492,682,1800,100002,relic_boss_31,13000031,3,8011,200,-1,1,[],50,5000,300,100,3
30112,100,3600,[30111|30209|30210|30113],53,[53],[1001|300],sp_fortress_building_buff_104_S1,{1001:300},400000,[30111|30209|30210|30113],5,5,60,321001,15000000000,hero_name_60370,monster_fortress_001,101001,1800,554400,72000|36000|0|0|0,86400,172800|172800|172800|172800|172800|172800|172800,13000131,30112,21600,9001|50,icon_small_fortress1,-1,,,3,chat_share_relic_s301,10,9,9,SLG_site_02,,,[21101|50|21102|30|21103|20],3|1|1,Head_60370,sp_fortress_building_name_112,1,banner_s3_bubble_relic_3,banner_s3_bubble_remains1,300,490,854,1800,100002,relic_boss_31,13000031,3,8011,200,-1,1,[],50,5000,300,100,3
30113,100,3600,[30112|30210|30114],72,[72],[1002|300],sp_fortress_building_buff_105_S1,{1002:300},400000,[30112|30210|30114],5,5,60,321001,15000000000,hero_name_60370,monster_fortress_001,101001,1800,554400,72000|36000|0|0|0,86400,172800|172800|172800|172800|172800|172800|172800,13000131,30113,21600,9001|50,icon_small_fortress1,-1,,,3,chat_share_relic_s301,10,9,9,SLG_site_02,,,[21101|50|21102|30|21103|20],3|1|1,Head_60370,sp_fortress_building_name_113,1,banner_s3_bubble_relic_3,banner_s3_bubble_remains1,300,484,978,1800,100002,relic_boss_31,13000031,3,8011,200,-1,1,[],50,5000,300,100,3
30114,100,3600,[30310|30211|30210|30115|30113],70,[70],[1033|300],sp_fortress_building_buff_106_S1,{1033:300},400000,[30310|30211|30210|30115|30113],5,5,60,321001,15000000000,hero_name_60370,monster_fortress_001,101001,1800,554400,72000|36000|0|0|0,86400,172800|172800|172800|172800|172800|172800|172800,13000131,30114,21600,9001|50,icon_small_fortress1,-1,,,3,chat_share_relic_s301,10,9,9,SLG_site_02,,,[21101|50|21102|30|21103|20],3|1|1,Head_60370,sp_fortress_building_name_114,1,banner_s3_bubble_relic_3,banner_s3_bubble_remains1,300,409,961,1800,100002,relic_boss_31,13000031,3,8011,200,-1,1,[],50,5000,300,100,3
30115,100,3600,[30211|30116|30114],69,[69],[1034|300],sp_fortress_building_buff_107_S1,{1034:300},400000,[30211|30116|30114],5,5,60,321001,15000000000,hero_name_60370,monster_fortress_001,101001,1800,554400,72000|36000|0|0|0,86400,172800|172800|172800|172800|172800|172800|172800,13000131,30115,21600,9001|50,icon_small_fortress1,-1,,,3,chat_share_relic_s301,10,9,9,SLG_site_02,,,[21101|50|21102|30|21103|20],3|1|1,Head_60370,sp_fortress_building_name_115,1,banner_s3_bubble_relic_3,banner_s3_bubble_remains1,300,329,991,1800,100002,relic_boss_31,13000031,3,8011,200,-1,1,[],50,5000,300,100,3
30116,100,3600,[30212|30211|30117|30115],65,[65],[1016|300],sp_fortress_building_buff_108_S1,{1016:300},400000,[30212|30211|30117|30115],5,5,60,321001,15000000000,hero_name_60370,monster_fortress_001,101001,1800,554400,72000|36000|0|0|0,86400,172800|172800|172800|172800|172800|172800|172800,13000131,30116,21600,9001|50,icon_small_fortress1,-1,,,3,chat_share_relic_s301,10,9,9,SLG_site_02,,,[21101|50|21102|30|21103|20],3|1|1,Head_60370,sp_fortress_building_name_116,1,banner_s3_bubble_relic_3,banner_s3_bubble_remains1,300,259,981,1800,100002,relic_boss_31,13000031,3,8011,200,-1,1,[],50,5000,300,100,3
30117,100,3600,[30213|30118|30116],62,[62],[1013|1000],sp_fortress_building_buff_101_S1,{1013:1000},400000,[30213|30118|30116],5,5,60,321001,15000000000,hero_name_60370,monster_fortress_001,101001,1800,554400,72000|36000|0|0|0,86400,172800|172800|172800|172800|172800|172800|172800,13000131,30117,21600,9001|50,icon_small_fortress1,-1,,,3,chat_share_relic_s301,10,9,9,SLG_site_02,,,[21101|50|21102|30|21103|20],3|1|1,Head_60370,sp_fortress_building_name_117,1,banner_s3_bubble_relic_3,banner_s3_bubble_remains1,300,173,981,1800,100002,relic_boss_31,13000031,3,8011,200,-1,1,[],50,5000,300,100,3
30118,100,3600,[30313|30214|30213|30119|30117],61,[61],[1012|1000],sp_fortress_building_buff_102_S1,{1012:1000},400000,[30313|30214|30213|30119|30117],5,5,60,321001,15000000000,hero_name_60370,monster_fortress_001,101001,1800,554400,72000|36000|0|0|0,86400,172800|172800|172800|172800|172800|172800|172800,13000131,30118,21600,9001|50,icon_small_fortress1,-1,,,3,chat_share_relic_s301,10,9,9,SLG_site_02,,,[21101|50|21102|30|21103|20],3|1|1,Head_60370,sp_fortress_building_name_118,1,banner_s3_bubble_relic_3,banner_s3_bubble_remains1,300,99,975,1800,100002,relic_boss_31,13000031,3,8011,200,-1,1,[],50,5000,300,100,3
30119,100,3600,[30120|30214|30118],60,[60],[1014|1000],sp_fortress_building_buff_103_S1,{1014:1000},400000,[30120|30214|30118],5,5,60,321001,15000000000,hero_name_60370,monster_fortress_001,101001,1800,554400,72000|36000|0|0|0,86400,172800|172800|172800|172800|172800|172800|172800,13000131,30119,21600,9001|50,icon_small_fortress1,-1,,,3,chat_share_relic_s301,10,9,9,SLG_site_02,,,[21101|50|21102|30|21103|20],3|1|1,Head_60370,sp_fortress_building_name_119,1,banner_s3_bubble_relic_3,banner_s3_bubble_remains1,300,25,981,1800,100002,relic_boss_31,13000031,3,8011,200,-1,1,[],50,5000,300,100,3
30120,100,3600,[30121|30215|30119|30214],47,[47],[1001|300],sp_fortress_building_buff_104_S1,{1001:300},400000,[30121|30215|30119|30214],5,5,60,321001,15000000000,hero_name_60370,monster_fortress_001,101001,1800,554400,72000|36000|0|0|0,86400,172800|172800|172800|172800|172800|172800|172800,13000131,30120,21600,9001|50,icon_small_fortress1,-1,,,3,chat_share_relic_s301,10,9,9,SLG_site_02,,,[21101|50|21102|30|21103|20],3|1|1,Head_60370,sp_fortress_building_name_120,1,banner_s3_bubble_relic_3,banner_s3_bubble_remains1,300,22,846,1800,100002,relic_boss_31,13000031,3,8011,200,-1,1,[],50,5000,300,100,3
30121,100,3600,[30122|30216|30120|30215],40,[40],[1002|300],sp_fortress_building_buff_105_S1,{1002:300},400000,[30122|30216|30120|30215],5,5,60,321001,15000000000,hero_name_60370,monster_fortress_001,101001,1800,554400,72000|36000|0|0|0,86400,172800|172800|172800|172800|172800|172800|172800,13000131,30121,21600,9001|50,icon_small_fortress1,-1,,,3,chat_share_relic_s301,10,9,9,SLG_site_02,,,[21101|50|21102|30|21103|20],3|1|1,Head_60370,sp_fortress_building_name_121,1,banner_s3_bubble_relic_3,banner_s3_bubble_remains1,300,19,675,1800,100002,relic_boss_31,13000031,3,8011,200,-1,1,[],50,5000,300,100,3
30122,100,3600,[30123|30217|30216|30121],39,[39],[1033|300],sp_fortress_building_buff_106_S1,{1033:300},400000,[30123|30217|30216|30121],5,5,60,321001,15000000000,hero_name_60370,monster_fortress_001,101001,1800,554400,72000|36000|0|0|0,86400,172800|172800|172800|172800|172800|172800|172800,13000131,30122,21600,9001|50,icon_small_fortress1,-1,,,3,chat_share_relic_s301,10,9,9,SLG_site_02,,,[21101|50|21102|30|21103|20],3|1|1,Head_60370,sp_fortress_building_name_122,1,banner_s3_bubble_relic_3,banner_s3_bubble_remains1,300,22,490,1800,100002,relic_boss_31,13000031,3,8011,200,-1,1,[],50,5000,300,100,3
30123,100,3600,[30124|30218|30122|30217],13,[13],[1034|300],sp_fortress_building_buff_107_S1,{1034:300},400000,[30124|30218|30122|30217],5,5,60,321001,15000000000,hero_name_60370,monster_fortress_001,101001,1800,554400,72000|36000|0|0|0,86400,172800|172800|172800|172800|172800|172800|172800,13000131,30123,21600,9001|50,icon_small_fortress1,-1,,,3,chat_share_relic_s301,10,9,9,SLG_site_02,,,[21101|50|21102|30|21103|20],3|1|1,Head_60370,sp_fortress_building_name_123,1,banner_s3_bubble_relic_3,banner_s3_bubble_remains1,300,18,350,1800,100002,relic_boss_31,13000031,3,8011,200,-1,1,[],50,5000,300,100,3
30124,100,3600,[30101|30201|30218|30123],11,[11],[1016|300],sp_fortress_building_buff_108_S1,{1016:300},400000,[30101|30201|30218|30123],5,5,60,321001,15000000000,hero_name_60370,monster_fortress_001,101001,1800,554400,72000|36000|0|0|0,86400,172800|172800|172800|172800|172800|172800|172800,13000131,30124,21600,9001|50,icon_small_fortress1,-1,,,3,chat_share_relic_s301,10,9,9,SLG_site_02,,,[21101|50|21102|30|21103|20],3|1|1,Head_60370,sp_fortress_building_name_124,1,banner_s3_bubble_relic_3,banner_s3_bubble_remains1,300,19,175,1800,100002,relic_boss_31,13000031,3,8011,200,-1,1,[],50,5000,300,100,3
30201,100,3600,[30101|30124|30102|30301],12,[12],[1004|500],sp_fortress_building_buff_125_S1,{1004:500},600000,[30101|30124|30102|30301],5,5,60,322001,20000000000,hero_name_60371,monster_fortress_001,101001,1800,986400,72000|36000|0|0|0,259200,345600|345600|345600|345600|345600|345600|345600,13000132,30201,21600,9002|80,icon_small_fortress1,-1,,,3,chat_share_relic_s302,20,9,9,SLG_site_02,,,[21201|50|21202|30|21203|20],3|1|1,Head_60371,sp_fortress_building_name_125,1,banner_s3_bubble_relic_5,banner_s3_bubble_remains1,300,72,108,1800,100002,relic_boss_32,13000032,3,8012,200,-1,2,[],50,4000,300,200,3
30202,100,3600,[30103|30302|30102|30104],45,[45],[1005|500],sp_fortress_building_buff_126_S1,{1005:500},600000,[30103|30302|30102|30104],5,5,60,322001,20000000000,hero_name_60371,monster_fortress_001,101001,1800,986400,72000|36000|0|0|0,259200,345600|345600|345600|345600|345600|345600|345600,13000132,30202,21600,9002|80,icon_small_fortress1,-1,,,3,chat_share_relic_s302,20,9,9,SLG_site_02,,,[21201|50|21202|30|21203|20],3|1|1,Head_60371,sp_fortress_building_name_126,1,banner_s3_bubble_relic_5,banner_s3_bubble_remains1,300,179,89,1800,100002,relic_boss_32,13000032,3,8012,200,-1,2,[],50,4000,300,200,3
30203,100,3600,[30104|30204|30303|30302|30304],7,[7],[1006|500],sp_fortress_building_buff_127_S1,{1006:500},600000,[30104|30204|30303|30302|30304],5,5,60,322001,20000000000,hero_name_60371,monster_fortress_001,101001,1800,986400,72000|36000|0|0|0,259200,345600|345600|345600|345600|345600|345600|345600,13000132,30203,21600,9002|80,icon_small_fortress1,-1,,,3,chat_share_relic_s302,20,9,9,SLG_site_02,,,[21201|50|21202|30|21203|20],3|1|1,Head_60371,sp_fortress_building_name_127,1,banner_s3_bubble_relic_5,banner_s3_bubble_remains1,300,260,146,1800,100002,relic_boss_32,13000032,3,8012,200,-1,2,[],50,4000,300,200,3
30204,100,3600,[30105|30304|30203|30305|30106],73,[73],[1022|500],sp_fortress_building_buff_128_S1,{1022:500},600000,[30105|30304|30203|30305|30106],5,5,60,322001,20000000000,hero_name_60371,monster_fortress_001,101001,1800,986400,72000|36000|0|0|0,259200,345600|345600|345600|345600|345600|345600|345600,13000132,30204,21600,9002|80,icon_small_fortress1,-1,,,3,chat_share_relic_s302,20,9,9,SLG_site_02,,,[21201|50|21202|30|21203|20],3|1|1,Head_60371,sp_fortress_building_name_128,1,banner_s3_bubble_relic_5,banner_s3_bubble_remains1,300,334,74,1800,100002,relic_boss_32,13000032,3,8012,200,-1,2,[],50,4000,300,200,3
30205,100,3600,[30106|30107|30108|30305],4,[4],[1039|500],sp_fortress_building_buff_129_S1,{1039:500},600000,[30106|30107|30108|30305],5,5,60,322001,20000000000,hero_name_60371,monster_fortress_001,101001,1800,986400,72000|36000|0|0|0,259200,345600|345600|345600|345600|345600|345600|345600,13000132,30205,21600,9002|80,icon_small_fortress1,-1,,,3,chat_share_relic_s302,20,9,9,SLG_site_02,,,[21201|50|21202|30|21203|20],3|1|1,Head_60371,sp_fortress_building_name_129,1,banner_s3_bubble_relic_5,banner_s3_bubble_remains1,300,440,98,1800,100002,relic_boss_32,13000032,3,8012,200,-1,2,[],50,4000,300,200,3
30206,100,3600,[30108|30307|30109|30207],21,[21],[36|300],sp_fortress_building_buff_130_S1,{36:300},600000,[30108|30307|30109|30207],5,5,60,322001,20000000000,hero_name_60371,monster_fortress_001,101001,1800,986400,72000|36000|0|0|0,259200,345600|345600|345600|345600|345600|345600|345600,13000132,30206,21600,9002|80,icon_small_fortress1,-1,,,3,chat_share_relic_s302,20,9,9,SLG_site_02,,,[21201|50|21202|30|21203|20],3|1|1,Head_60371,sp_fortress_building_name_130,1,banner_s3_bubble_relic_5,banner_s3_bubble_remains1,300,462,274,1800,100002,relic_boss_32,13000032,3,8012,200,-1,2,[],50,4000,300,200,3
30207,100,3600,[30206|30307|30109|30208|30405|30110],28,[28],[1004|500],sp_fortress_building_buff_125_S1,{1004:500},600000,[30206|30307|30109|30208|30405|30110],5,5,60,322001,20000000000,hero_name_60371,monster_fortress_001,101001,1800,986400,72000|36000|0|0|0,259200,345600|345600|345600|345600|345600|345600|345600,13000132,30207,21600,9002|80,icon_small_fortress1,-1,,,3,chat_share_relic_s302,20,9,9,SLG_site_02,,,[21201|50|21202|30|21203|20],3|1|1,Head_60371,sp_fortress_building_name_131,1,banner_s3_bubble_relic_5,banner_s3_bubble_remains1,300,445,465,1800,100002,relic_boss_32,13000032,3,8012,200,-1,2,[],50,4000,300,200,3
30208,100,3600,[30207|30308|30110|30309|30209|30111],31,[31],[1005|500],sp_fortress_building_buff_126_S1,{1005:500},600000,[30207|30308|30110|30309|30209|30111],5,5,60,322001,20000000000,hero_name_60371,monster_fortress_001,101001,1800,986400,72000|36000|0|0|0,259200,345600|345600|345600|345600|345600|345600|345600,13000132,30208,21600,9002|80,icon_small_fortress1,-1,,,3,chat_share_relic_s302,20,9,9,SLG_site_02,,,[21201|50|21202|30|21203|20],3|1|1,Head_60371,sp_fortress_building_name_132,1,banner_s3_bubble_relic_5,banner_s3_bubble_remains1,300,435,581,1800,100002,relic_boss_32,13000032,3,8012,200,-1,2,[],50,4000,300,200,3
30209,100,3600,[30208|30309|30111|30112|30310],52,[52],[1006|500],sp_fortress_building_buff_127_S1,{1006:500},600000,[30208|30309|30111|30112|30310],5,5,60,322001,20000000000,hero_name_60371,monster_fortress_001,101001,1800,986400,72000|36000|0|0|0,259200,345600|345600|345600|345600|345600|345600|345600,13000132,30209,21600,9002|80,icon_small_fortress1,-1,,,3,chat_share_relic_s302,20,9,9,SLG_site_02,,,[21201|50|21202|30|21203|20],3|1|1,Head_60371,sp_fortress_building_name_133,1,banner_s3_bubble_relic_5,banner_s3_bubble_remains1,300,460,738,1800,100002,relic_boss_32,13000032,3,8012,200,-1,2,[],50,4000,300,200,3
30210,100,3600,[30310|30112|30114|30113],71,[71],[1022|500],sp_fortress_building_buff_128_S1,{1022:500},600000,[30310|30112|30114|30113],5,5,60,322001,20000000000,hero_name_60371,monster_fortress_001,101001,1800,986400,72000|36000|0|0|0,259200,345600|345600|345600|345600|345600|345600|345600,13000132,30210,21600,9002|80,icon_small_fortress1,-1,,,3,chat_share_relic_s302,20,9,9,SLG_site_02,,,[21201|50|21202|30|21203|20],3|1|1,Head_60371,sp_fortress_building_name_134,1,banner_s3_bubble_relic_5,banner_s3_bubble_remains1,300,444,898,1800,100002,relic_boss_32,13000032,3,8012,200,-1,2,[],50,4000,300,200,3
30211,100,3600,[30311|30115|30116|30114],68,[68],[1039|500],sp_fortress_building_buff_129_S1,{1039:500},600000,[30311|30115|30116|30114],5,5,60,322001,20000000000,hero_name_60371,monster_fortress_001,101001,1800,986400,72000|36000|0|0|0,259200,345600|345600|345600|345600|345600|345600|345600,13000132,30211,21600,9002|80,icon_small_fortress1,-1,,,3,chat_share_relic_s302,20,9,9,SLG_site_02,,,[21201|50|21202|30|21203|20],3|1|1,Head_60371,sp_fortress_building_name_135,1,banner_s3_bubble_relic_5,banner_s3_bubble_remains1,300,323,925,1800,100002,relic_boss_32,13000032,3,8012,200,-1,2,[],50,4000,300,200,3
30212,100,3600,[30312|30407|30116|30311|30213],64,[64],[36|300],sp_fortress_building_buff_130_S1,{36:300},600000,[30312|30407|30116|30311|30213],5,5,60,322001,20000000000,hero_name_60371,monster_fortress_001,101001,1800,986400,72000|36000|0|0|0,259200,345600|345600|345600|345600|345600|345600|345600,13000132,30212,21600,9002|80,icon_small_fortress1,-1,,,3,chat_share_relic_s302,20,9,9,SLG_site_02,,,[21201|50|21202|30|21203|20],3|1|1,Head_60371,sp_fortress_building_name_136,1,banner_s3_bubble_relic_5,banner_s3_bubble_remains1,300,249,867,1800,100002,relic_boss_32,13000032,3,8012,200,-1,2,[],50,4000,300,200,3
30213,100,3600,[30313|30117|30118|30312|30212],63,[63],[1004|500],sp_fortress_building_buff_125_S1,{1004:500},600000,[30313|30117|30118|30312|30212],5,5,60,322001,20000000000,hero_name_60371,monster_fortress_001,101001,1800,986400,72000|36000|0|0|0,259200,345600|345600|345600|345600|345600|345600|345600,13000132,30213,21600,9002|80,icon_small_fortress1,-1,,,3,chat_share_relic_s302,20,9,9,SLG_site_02,,,[21201|50|21202|30|21203|20],3|1|1,Head_60371,sp_fortress_building_name_137,1,banner_s3_bubble_relic_5,banner_s3_bubble_remains1,300,186,928,1800,100002,relic_boss_32,13000032,3,8012,200,-1,2,[],50,4000,300,200,3
30214,100,3600,[30120|30313|30119|30118],59,[59],[1005|500],sp_fortress_building_buff_126_S1,{1005:500},600000,[30120|30313|30119|30118],5,5,60,322001,20000000000,hero_name_60371,monster_fortress_001,101001,1800,986400,72000|36000|0|0|0,259200,345600|345600|345600|345600|345600|345600|345600,13000132,30214,21600,9002|80,icon_small_fortress1,-1,,,3,chat_share_relic_s302,20,9,9,SLG_site_02,,,[21201|50|21202|30|21203|20],3|1|1,Head_60371,sp_fortress_building_name_138,1,banner_s3_bubble_relic_5,banner_s3_bubble_remains1,300,66,912,1800,100002,relic_boss_32,13000032,3,8012,200,-1,2,[],50,4000,300,200,3
30215,100,3600,[30216|30121|30315|30409|30120],46,[46],[1006|500],sp_fortress_building_buff_127_S1,{1006:500},600000,[30216|30121|30315|30409|30120],5,5,60,322001,20000000000,hero_name_60371,monster_fortress_001,101001,1800,986400,72000|36000|0|0|0,259200,345600|345600|345600|345600|345600|345600|345600,13000132,30215,21600,9002|80,icon_small_fortress1,-1,,,3,chat_share_relic_s302,20,9,9,SLG_site_02,,,[21201|50|21202|30|21203|20],3|1|1,Head_60371,sp_fortress_building_name_139,1,banner_s3_bubble_relic_5,banner_s3_bubble_remains1,300,54,752,1800,100002,relic_boss_32,13000032,3,8012,200,-1,2,[],50,4000,300,200,3
30216,100,3600,[30122|30315|30121|30215],41,[41],[1022|500],sp_fortress_building_buff_128_S1,{1022:500},600000,[30122|30315|30121|30215],5,5,60,322001,20000000000,hero_name_60371,monster_fortress_001,101001,1800,986400,72000|36000|0|0|0,259200,345600|345600|345600|345600|345600|345600|345600,13000132,30216,21600,9002|80,icon_small_fortress1,-1,,,3,chat_share_relic_s302,20,9,9,SLG_site_02,,,[21201|50|21202|30|21203|20],3|1|1,Head_60371,sp_fortress_building_name_140,1,banner_s3_bubble_relic_5,banner_s3_bubble_remains1,300,50,606,1800,100002,relic_boss_32,13000032,3,8012,200,-1,2,[],50,4000,300,200,3
30217,100,3600,[30218|30122|30123|30316|30410|30315],38,[38],[1039|500],sp_fortress_building_buff_129_S1,{1039:500},600000,[30218|30122|30123|30316|30410|30315],5,5,60,322001,20000000000,hero_name_60371,monster_fortress_001,101001,1800,986400,72000|36000|0|0|0,259200,345600|345600|345600|345600|345600|345600|345600,13000132,30217,21600,9002|80,icon_small_fortress1,-1,,,3,chat_share_relic_s302,20,9,9,SLG_site_02,,,[21201|50|21202|30|21203|20],3|1|1,Head_60371,sp_fortress_building_name_141,1,banner_s3_bubble_relic_5,banner_s3_bubble_remains1,300,67,433,1800,100002,relic_boss_32,13000032,3,8012,200,-1,2,[],50,4000,300,200,3
30218,100,3600,[30124|30301|30123|30316|30217],10,[10],[36|300],sp_fortress_building_buff_130_S1,{36:300},600000,[30124|30301|30123|30316|30217],5,5,60,322001,20000000000,hero_name_60371,monster_fortress_001,101001,1800,986400,72000|36000|0|0|0,259200,345600|345600|345600|345600|345600|345600|345600,13000132,30218,21600,9002|80,icon_small_fortress1,-1,,,3,chat_share_relic_s302,20,9,9,SLG_site_02,,,[21201|50|21202|30|21203|20],3|1|1,Head_60371,sp_fortress_building_name_142,1,banner_s3_bubble_relic_5,banner_s3_bubble_remains1,300,48,292,1800,100002,relic_boss_32,13000032,3,8012,200,-1,2,[],50,4000,300,200,3
30301,100,3600,[30102|30201|30302|30316|30218|30401],9,[9],[1072|1000],sp_fortress_building_buff_143_S1,{1072:1000},800000,[30102|30201|30302|30316|30218|30401],5,5,60,323001,30000000000,hero_name_60373,monster_fortress_001,101001,1800,1332000,72000|36000|0|0|0,432000,518400|518400|518400|518400|518400|518400|518400,13000133,30301,21600,9003|100,icon_small_fortress2,-1,,,3,chat_share_relic_s303,30,9,9,SLG_site_02,,,[21301|50|21302|30|21303|20],3|1|1,Head_60373,sp_fortress_building_name_143,1,banner_s3_bubble_relic_4,banner_s3_bubble_remains2,300,108,216,1800,100002,relic_boss_33,13000033,3,8013,200,-1,3,[],50,3000,300,400,3
30302,100,3600,[30202|30401|30301|30303|30203],8,[8],[1002|500],sp_fortress_building_buff_144_S1,{1002:500},800000,[30202|30401|30301|30303|30203],5,5,60,323001,30000000000,hero_name_60373,monster_fortress_001,101001,1800,1332000,72000|36000|0|0|0,432000,518400|518400|518400|518400|518400|518400|518400,13000133,30302,21600,9003|100,icon_small_fortress2,-1,,,3,chat_share_relic_s303,30,9,9,SLG_site_02,,,[21301|50|21302|30|21303|20],3|1|1,Head_60373,sp_fortress_building_name_144,1,banner_s3_bubble_relic_4,banner_s3_bubble_remains2,300,175,139,1800,100002,relic_boss_33,13000033,3,8013,200,-1,3,[],50,3000,300,400,3
30303,100,3600,[30302|30402|30401|30203|30304],16,[16],[1033|500],sp_fortress_building_buff_145_S1,{1033:500},800000,[30302|30402|30401|30203|30304],5,5,60,323001,30000000000,hero_name_60373,monster_fortress_001,101001,1800,1332000,72000|36000|0|0|0,432000,518400|518400|518400|518400|518400|518400|518400,13000133,30303,21600,9003|100,icon_small_fortress2,-1,,,3,chat_share_relic_s303,30,9,9,SLG_site_02,,,[21301|50|21302|30|21303|20],3|1|1,Head_60373,sp_fortress_building_name_145,1,banner_s3_bubble_relic_4,banner_s3_bubble_remains2,300,214,216,1800,100002,relic_boss_33,13000033,3,8013,200,-1,3,[],50,3000,300,400,3
30304,100,3600,[30204|30203|30305|30501|30303|30403],6,[6],[1034|500],sp_fortress_building_buff_146_S1,{1034:500},800000,[30204|30203|30305|30501|30303|30403],5,5,60,323001,30000000000,hero_name_60373,monster_fortress_001,101001,1800,1332000,72000|36000|0|0|0,432000,518400|518400|518400|518400|518400|518400|518400,13000133,30304,21600,9003|100,icon_small_fortress2,-1,,,3,chat_share_relic_s303,30,9,9,SLG_site_02,,,[21301|50|21302|30|21303|20],3|1|1,Head_60373,sp_fortress_building_name_146,1,banner_s3_bubble_relic_4,banner_s3_bubble_remains2,300,294,204,1800,100002,relic_boss_33,13000033,3,8013,200,-1,3,[],50,3000,300,400,3
30305,100,3600,[30204|30403|30304|30106|30205],5,[5],[1016|500],sp_fortress_building_buff_147_S1,{1016:500},800000,[30204|30403|30304|30106|30205],5,5,60,323001,30000000000,hero_name_60373,monster_fortress_001,101001,1800,1332000,72000|36000|0|0|0,432000,518400|518400|518400|518400|518400|518400|518400,13000133,30305,21600,9003|100,icon_small_fortress2,-1,,,3,chat_share_relic_s303,30,9,9,SLG_site_02,,,[21301|50|21302|30|21303|20],3|1|1,Head_60373,sp_fortress_building_name_147,1,banner_s3_bubble_relic_4,banner_s3_bubble_remains2,300,357,137,1800,100002,relic_boss_33,13000033,3,8013,200,-1,3,[],50,3000,300,400,3
30307,100,3600,[30404|30206|30207|30405],24,[24],[35|500],sp_fortress_building_buff_149_S1,{35:500},800000,[30404|30206|30207|30405],5,5,60,323001,30000000000,hero_name_60373,monster_fortress_001,101001,1800,1332000,72000|36000|0|0|0,432000,518400|518400|518400|518400|518400|518400|518400,13000133,30307,21600,9003|100,icon_small_fortress2,-1,,,3,chat_share_relic_s303,30,9,9,SLG_site_02,,,[21301|50|21302|30|21303|20],3|1|1,Head_60373,sp_fortress_building_name_149,1,banner_s3_bubble_relic_4,banner_s3_bubble_remains2,300,429,319,1800,100002,relic_boss_33,13000033,3,8013,200,-1,3,[],50,3000,300,400,3
30308,100,3600,[30405|30208|30406|30309],32,[32],[1010|10],sp_fortress_building_buff_150_S1,{1010:10},800000,[30405|30208|30406|30309],5,5,60,323001,30000000000,hero_name_60373,monster_fortress_001,101001,1800,1332000,72000|36000|0|0|0,432000,518400|518400|518400|518400|518400|518400|518400,13000133,30308,21600,9003|100,icon_small_fortress2,-1,,,3,chat_share_relic_s303,30,9,9,SLG_site_02,,,[21301|50|21302|30|21303|20],3|1|1,Head_60373,sp_fortress_building_name_150,1,banner_s3_bubble_relic_4,banner_s3_bubble_remains2,300,403,599,1800,100002,relic_boss_33,13000033,3,8013,200,-1,3,[],50,3000,300,400,3
30309,100,3600,[30208|30308|30209|30310|30406],51,[51],[1072|1000],sp_fortress_building_buff_143_S1,{1072:1000},800000,[30208|30308|30209|30310|30406],5,5,60,323001,30000000000,hero_name_60373,monster_fortress_001,101001,1800,1332000,72000|36000|0|0|0,432000,518400|518400|518400|518400|518400|518400|518400,13000133,30309,21600,9003|100,icon_small_fortress2,-1,,,3,chat_share_relic_s303,30,9,9,SLG_site_02,,,[21301|50|21302|30|21303|20],3|1|1,Head_60373,sp_fortress_building_name_151,1,banner_s3_bubble_relic_4,banner_s3_bubble_remains2,300,422,714,1800,100002,relic_boss_33,13000033,3,8013,200,-1,3,[],50,3000,300,400,3
30310,100,3600,[30309|30407|30210|30209|30114|30311],54,[54],[1002|500],sp_fortress_building_buff_144_S1,{1002:500},800000,[30309|30407|30210|30209|30114|30311],5,5,60,323001,30000000000,hero_name_60373,monster_fortress_001,101001,1800,1332000,72000|36000|0|0|0,432000,518400|518400|518400|518400|518400|518400|518400,13000133,30310,21600,9003|100,icon_small_fortress2,-1,,,3,chat_share_relic_s303,30,9,9,SLG_site_02,,,[21301|50|21302|30|21303|20],3|1|1,Head_60373,sp_fortress_building_name_152,1,banner_s3_bubble_relic_4,banner_s3_bubble_remains2,300,403,813,1800,100002,relic_boss_33,13000033,3,8013,200,-1,3,[],50,3000,300,400,3
30311,100,3600,[30407|30211|30212|30310],66,[66],[1033|500],sp_fortress_building_buff_145_S1,{1033:500},800000,[30407|30211|30212|30310],5,5,60,323001,30000000000,hero_name_60373,monster_fortress_001,101001,1800,1332000,72000|36000|0|0|0,432000,518400|518400|518400|518400|518400|518400|518400,13000133,30311,21600,9003|100,icon_small_fortress2,-1,,,3,chat_share_relic_s303,30,9,9,SLG_site_02,,,[21301|50|21302|30|21303|20],3|1|1,Head_60373,sp_fortress_building_name_153,1,banner_s3_bubble_relic_4,banner_s3_bubble_remains2,300,336,854,1800,100002,relic_boss_33,13000033,3,8013,200,-1,3,[],50,3000,300,400,3
30312,100,3600,[30408|30212|30407|30213|30313],57,[57],[1034|500],sp_fortress_building_buff_146_S1,{1034:500},800000,[30408|30212|30407|30213|30313],5,5,60,323001,30000000000,hero_name_60373,monster_fortress_001,101001,1800,1332000,72000|36000|0|0|0,432000,518400|518400|518400|518400|518400|518400|518400,13000133,30312,21600,9003|100,icon_small_fortress2,-1,,,3,chat_share_relic_s303,30,9,9,SLG_site_02,,,[21301|50|21302|30|21303|20],3|1|1,Head_60373,sp_fortress_building_name_154,1,banner_s3_bubble_relic_4,banner_s3_bubble_remains2,300,214,816,1800,100002,relic_boss_33,13000033,3,8013,200,-1,3,[],50,3000,300,400,3
30313,100,3600,[30118|30214|30213|30408|30312],58,[58],[1016|500],sp_fortress_building_buff_147_S1,{1016:500},800000,[30118|30214|30213|30408|30312],5,5,60,323001,30000000000,hero_name_60373,monster_fortress_001,101001,1800,1332000,72000|36000|0|0|0,432000,518400|518400|518400|518400|518400|518400|518400,13000133,30313,21600,9003|100,icon_small_fortress2,-1,,,3,chat_share_relic_s303,30,9,9,SLG_site_02,,,[21301|50|21302|30|21303|20],3|1|1,Head_60373,sp_fortress_building_name_155,1,banner_s3_bubble_relic_4,banner_s3_bubble_remains2,300,137,851,1800,100002,relic_boss_33,13000033,3,8013,200,-1,3,[],50,3000,300,400,3
30315,100,3600,[30217|30216|30410|30409|30215],42,[42],[35|500],sp_fortress_building_buff_149_S1,{35:500},800000,[30217|30216|30410|30409|30215],5,5,60,323001,30000000000,hero_name_60373,monster_fortress_001,101001,1800,1332000,72000|36000|0|0|0,432000,518400|518400|518400|518400|518400|518400|518400,13000133,30315,21600,9003|100,icon_small_fortress2,-1,,,3,chat_share_relic_s303,30,9,9,SLG_site_02,,,[21301|50|21302|30|21303|20],3|1|1,Head_60373,sp_fortress_building_name_157,1,banner_s3_bubble_relic_4,banner_s3_bubble_remains2,300,83,605,1800,100002,relic_boss_33,13000033,3,8013,200,-1,3,[],50,3000,300,400,3
30316,100,3600,[30301|30218|30401|30217|30410],14,[14],[1010|10],sp_fortress_building_buff_150_S1,{1010:10},800000,[30301|30218|30401|30217|30410],5,5,60,323001,30000000000,hero_name_60373,monster_fortress_001,101001,1800,1332000,72000|36000|0|0|0,432000,518400|518400|518400|518400|518400|518400|518400,13000133,30316,21600,9003|100,icon_small_fortress2,-1,,,3,chat_share_relic_s303,30,9,9,SLG_site_02,,,[21301|50|21302|30|21303|20],3|1|1,Head_60373,sp_fortress_building_name_158,1,banner_s3_bubble_relic_4,banner_s3_bubble_remains2,300,86,326,1800,100002,relic_boss_33,13000033,3,8013,200,-1,3,[],50,3000,300,400,3
30401,100,3600,[30302|30301|30303|30316|30402|30505],15,[15],[1022|1500],sp_fortress_building_buff_159_S1,{1022:1500},1200000,[30302|30301|30303|30316|30402|30505],5,5,60,324001,35000000000,hero_name_60372,monster_fortress_001,101001,1800,1677600,72000|36000|0|0|0,604800,691200|691200|691200|691200|691200|691200|691200,13000134,30401,21600,9004|120,icon_small_fortress2,-1,,,3,chat_share_relic_s304,40,9,9,SLG_site_02,,,[21501|50|21502|30|21503|20],3|1|1,Head_60372,sp_fortress_building_name_159,1,banner_s3_bubble_relic_1,banner_s3_bubble_remains2,300,134,286,1800,100002,relic_boss_34,13000034,3,8014,200,-1,4,[],50,2000,300,600,3
30402,100,3600,[30303|30401|30501|30505],17,[17],[1001|1000],sp_fortress_building_buff_160_S1,{1001:1000},1200000,[30303|30401|30501|30505],5,5,60,324001,35000000000,hero_name_60372,monster_fortress_001,101001,1800,1677600,72000|36000|0|0|0,604800,691200|691200|691200|691200|691200|691200|691200,13000134,30402,21600,9004|120,icon_small_fortress2,-1,,,3,chat_share_relic_s304,40,9,9,SLG_site_02,,,[21501|50|21502|30|21503|20],3|1|1,Head_60372,sp_fortress_building_name_160,1,banner_s3_bubble_relic_1,banner_s3_bubble_remains2,300,201,293,1800,100002,relic_boss_34,13000034,3,8014,200,-1,4,[],50,2000,300,600,3
30403,100,3600,[30305|30304|30501|30404|30502],19,[19],[36|500],sp_fortress_building_buff_161_S1,{36:500},1200000,[30305|30304|30501|30404|30502],5,5,60,324001,35000000000,hero_name_60372,monster_fortress_001,101001,1800,1677600,72000|36000|0|0|0,604800,691200|691200|691200|691200|691200|691200|691200,13000134,30403,21600,9004|120,icon_small_fortress2,-1,,,3,chat_share_relic_s304,40,9,9,SLG_site_02,,,[21501|50|21502|30|21503|20],3|1|1,Head_60372,sp_fortress_building_name_161,1,banner_s3_bubble_relic_1,banner_s3_bubble_remains2,300,332,280,1800,100002,relic_boss_34,13000034,3,8014,200,-1,4,[],50,2000,300,600,3
30404,100,3600,[30403|30307|30502|30405],25,[25],[35|500],sp_fortress_building_buff_162_S1,{35:500},1200000,[30403|30307|30502|30405],5,5,60,324001,35000000000,hero_name_60372,monster_fortress_001,101001,1800,1677600,72000|36000|0|0|0,604800,691200|691200|691200|691200|691200|691200|691200,13000134,30404,21600,9004|120,icon_small_fortress2,-1,,,3,chat_share_relic_s304,40,9,9,SLG_site_02,,,[21501|50|21502|30|21503|20],3|1|1,Head_60372,sp_fortress_building_name_162,1,banner_s3_bubble_relic_1,banner_s3_bubble_remains2,300,380,332,1800,100002,relic_boss_34,13000034,3,8014,200,-1,4,[],50,2000,300,600,3
30405,100,3600,[30404|30502|30307|30308|30207|30406],27,[27],[1056|500],sp_fortress_building_buff_163_S1,{1056:500},1200000,[30404|30502|30307|30308|30207|30406],5,5,60,324001,35000000000,hero_name_60372,monster_fortress_001,101001,1800,1677600,72000|36000|0|0|0,604800,691200|691200|691200|691200|691200|691200|691200,13000134,30405,21600,9004|120,icon_small_fortress2,-1,,,3,chat_share_relic_s304,40,9,9,SLG_site_02,,,[21501|50|21502|30|21503|20],3|1|1,Head_60372,sp_fortress_building_name_163,1,banner_s3_bubble_relic_1,banner_s3_bubble_remains2,300,374,490,1800,100002,relic_boss_34,13000034,3,8014,200,-1,4,[],50,2000,300,600,3
30406,100,3600,[30405|30502|30308|30503|30407|30309],33,[33],[1022|1500],sp_fortress_building_buff_159_S1,{1022:1500},1200000,[30405|30502|30308|30503|30407|30309],5,5,60,324001,35000000000,hero_name_60372,monster_fortress_001,101001,1800,1677600,72000|36000|0|0|0,604800,691200|691200|691200|691200|691200|691200|691200,13000134,30406,21600,9004|120,icon_small_fortress2,-1,,,3,chat_share_relic_s304,40,9,9,SLG_site_02,,,[21501|50|21502|30|21503|20],3|1|1,Head_60372,sp_fortress_building_name_164,1,banner_s3_bubble_relic_1,banner_s3_bubble_remains2,300,361,669,1800,100002,relic_boss_34,13000034,3,8014,200,-1,4,[],50,2000,300,600,3
30407,100,3600,[30503|30212|30312|30311|30406|30310],55,[55],[1001|1000],sp_fortress_building_buff_160_S1,{1001:1000},1200000,[30503|30212|30312|30311|30406|30310],5,5,60,324001,35000000000,hero_name_60372,monster_fortress_001,101001,1800,1677600,72000|36000|0|0|0,604800,691200|691200|691200|691200|691200|691200|691200,13000134,30407,21600,9004|120,icon_small_fortress2,-1,,,3,chat_share_relic_s304,40,9,9,SLG_site_02,,,[21501|50|21502|30|21503|20],3|1|1,Head_60372,sp_fortress_building_name_165,1,banner_s3_bubble_relic_1,banner_s3_bubble_remains2,300,310,816,1800,100002,relic_boss_34,13000034,3,8014,200,-1,4,[],50,2000,300,600,3
30408,100,3600,[30504|30409|30312|30503|30313],49,[49],[36|500],sp_fortress_building_buff_161_S1,{36:500},1200000,[30504|30409|30312|30503|30313],5,5,60,324001,35000000000,hero_name_60372,monster_fortress_001,101001,1800,1677600,72000|36000|0|0|0,604800,691200|691200|691200|691200|691200|691200|691200,13000134,30408,21600,9004|120,icon_small_fortress2,-1,,,3,chat_share_relic_s304,40,9,9,SLG_site_02,,,[21501|50|21502|30|21503|20],3|1|1,Head_60372,sp_fortress_building_name_166,1,banner_s3_bubble_relic_1,banner_s3_bubble_remains2,300,198,730,1800,100002,relic_boss_34,13000034,3,8014,200,-1,4,[],50,2000,300,600,3
30409,100,3600,[30410|30315|30504|30215|30408],43,[43],[35|500],sp_fortress_building_buff_162_S1,{35:500},1200000,[30410|30315|30504|30215|30408],5,5,60,324001,35000000000,hero_name_60372,monster_fortress_001,101001,1800,1677600,72000|36000|0|0|0,604800,691200|691200|691200|691200|691200|691200|691200,13000134,30409,21600,9004|120,icon_small_fortress2,-1,,,3,chat_share_relic_s304,40,9,9,SLG_site_02,,,[21501|50|21502|30|21503|20],3|1|1,Head_60372,sp_fortress_building_name_167,1,banner_s3_bubble_relic_1,banner_s3_bubble_remains2,300,116,694,1800,100002,relic_boss_34,13000034,3,8014,200,-1,4,[],50,2000,300,600,3
30410,100,3600,[30316|30217|30505|30409|30315|30504],37,[37],[1056|500],sp_fortress_building_buff_163_S1,{1056:500},1200000,[30316|30217|30505|30409|30315|30504],5,5,60,324001,35000000000,hero_name_60372,monster_fortress_001,101001,1800,1677600,72000|36000|0|0|0,604800,691200|691200|691200|691200|691200|691200|691200,13000134,30410,21600,9004|120,icon_small_fortress2,-1,,,3,chat_share_relic_s304,40,9,9,SLG_site_02,,,[21501|50|21502|30|21503|20],3|1|1,Head_60372,sp_fortress_building_name_168,1,banner_s3_bubble_relic_1,banner_s3_bubble_remains2,300,115,503,1800,100002,relic_boss_34,13000034,3,8014,200,-1,4,[],50,2000,300,600,3
30501,100,3600,[30304|30402|30403],18,[18],,sp_fortress_building_buff_169_S1,{},2500000,[30304|30402|30403],5,5,60,325001,45000000000,hero_name_60374,monster_fortress_001,101001,1800,2023200,72000|36000|0|0|0,777600,864000|864000|864000|864000|864000|864000|864000,13000135,30501,21600,9005|150,icon_small_fortress3,1,,[312001|100|305001|100|306001|100],3,chat_share_relic_s305,50,9,9,SLG_site_02,,,[21601|50|21602|30|21603|20],3|1|1,Head_60374,sp_fortress_building_name_169,1,banner_s3_bubble_relic_2,banner_s3_bubble_remains3,300,257,337,1800,100002,relic_boss_35,13000035,3,8015,200,-1,5,[(312001|100)|(305001|100)|(306001|100)],50,1000,300,800,3
30502,100,3600,[30403|30404|30405|30406],26,[26],,sp_fortress_building_buff_170_S1,{},2500000,[30403|30404|30405|30406],5,5,60,325001,45000000000,hero_name_60374,monster_fortress_001,101001,1800,2023200,72000|36000|0|0|0,777600,864000|864000|864000|864000|864000|864000|864000,13000135,30502,21600,9005|150,icon_small_fortress3,2,,[14012|100|15012|100|16012|100],3,chat_share_relic_s305,50,9,9,SLG_site_02,,,[21601|50|21602|30|21603|20],3|1|1,Head_60374,sp_fortress_building_name_170,1,banner_s3_bubble_relic_2,banner_s3_bubble_remains3,300,329,481,1800,100002,relic_boss_35,13000035,3,8015,200,-1,5,[(14012|100)|(15012|100)|(16012|100)],50,1000,300,800,3
30503,100,3600,[30504|30406|30407|30408],50,[50],,sp_fortress_building_buff_171_S1,{},2500000,[30504|30406|30407|30408],5,5,60,325001,45000000000,hero_name_60374,monster_fortress_001,101001,1800,2023200,72000|36000|0|0|0,777600,864000|864000|864000|864000|864000|864000|864000,13000135,30503,21600,9005|150,icon_small_fortress3,1,,[312001|100|305001|100|306001|100],3,chat_share_relic_s305,50,9,9,SLG_site_02,,,[21601|50|21602|30|21603|20],3|1|1,Head_60374,sp_fortress_building_name_171,1,banner_s3_bubble_relic_2,banner_s3_bubble_remains3,300,290,708,1800,100002,relic_boss_35,13000035,3,8015,200,-1,5,[(312001|100)|(305001|100)|(306001|100)],50,1000,300,800,3
30504,100,3600,[30410|30409|30505|30408|30503],44,[44],,sp_fortress_building_buff_172_S1,{},2500000,[30410|30409|30505|30408|30503],5,5,60,325001,45000000000,hero_name_60374,monster_fortress_001,101001,1800,2023200,72000|36000|0|0|0,777600,864000|864000|864000|864000|864000|864000|864000,13000135,30504,21600,9005|150,icon_small_fortress3,2,,[14012|100|15012|100|16012|100],3,chat_share_relic_s305,50,9,9,SLG_site_02,,,[21601|50|21602|30|21603|20],3|1|1,Head_60374,sp_fortress_building_name_172,1,banner_s3_bubble_relic_2,banner_s3_bubble_remains3,300,182,654,1800,100002,relic_boss_35,13000035,3,8015,200,-1,5,[(14012|100)|(15012|100)|(16012|100)],50,1000,300,800,3
30505,100,3600,[30401|30410|30402|30504],36,[36],,sp_fortress_building_buff_173_S1,{},2500000,[30401|30410|30402|30504],5,5,60,325001,45000000000,hero_name_60374,monster_fortress_001,101001,1800,2023200,72000|36000|0|0|0,777600,864000|864000|864000|864000|864000|864000|864000,13000135,30505,21600,9005|150,icon_small_fortress3,1,,[312001|100|305001|100|306001|100],3,chat_share_relic_s305,50,9,9,SLG_site_02,,,[21601|50|21602|30|21603|20],3|1|1,Head_60374,sp_fortress_building_name_173,1,banner_s3_bubble_relic_2,banner_s3_bubble_remains3,300,169,459,1800,100002,relic_boss_35,13000035,3,8015,200,-1,5,[(312001|100)|(305001|100)|(306001|100)],50,1000,300,800,3
401101,100,3600,[401201|401102|401124],1,[1],[1013|1000],sp_fortress_building_buff_101_S1,{1013:1000},400000,[401201|401102|401124],5,5,60,20121001,15000000000,hero_name_60214,monster_fortress_001,101001,1800,554400,72000|36000|0|0|0,86400,172800|172800|172800|172800|172800|172800|172800,13004111,401101,21600,9001|50,icon_small_fortress1,-1,,,3,res_relic_bg_101,10,9,9,SLG_site_02,,,[21101|50|21102|30|21103|20],3|1|1,Head_60214,sp_fortress_building_name_101,10,banner_bubble_relic_101,banner_bubble_remains02,300,16,44,1800,100002,relic_boss_11,13004011,4,8011,200,-1,1,[],50,5000,300,200,3
401102,100,3600,[401201|401101|401103|401301|401202],23,[23],[1012|1000],sp_fortress_building_buff_102_S1,{1012:1000},400000,[401201|401101|401103|401301|401202],5,5,60,20121001,15000000000,hero_name_60214,monster_fortress_001,101001,1800,554400,72000|36000|0|0|0,86400,172800|172800|172800|172800|172800|172800|172800,13004111,401102,21600,9001|50,icon_small_fortress1,-1,,,3,res_relic_bg_101,10,9,9,SLG_site_02,,,[21101|50|21102|30|21103|20],3|1|1,Head_60214,sp_fortress_building_name_102,10,banner_bubble_relic_101,banner_bubble_remains02,300,104,44,1800,100002,relic_boss_11,13004011,4,8011,200,-1,1,[],50,5000,300,200,3
401103,100,3600,[401202|401102|401104],34,[34],[1014|1000],sp_fortress_building_buff_103_S1,{1014:1000},400000,[401202|401102|401104],5,5,60,20121001,15000000000,hero_name_60214,monster_fortress_001,101001,1800,554400,72000|36000|0|0|0,86400,172800|172800|172800|172800|172800|172800|172800,13004111,401103,21600,9001|50,icon_small_fortress1,-1,,,3,res_relic_bg_101,10,9,9,SLG_site_02,,,[21101|50|21102|30|21103|20],3|1|1,Head_60214,sp_fortress_building_name_103,10,banner_bubble_relic_101,banner_bubble_remains02,300,163,25,1800,100002,relic_boss_11,13004011,4,8011,200,-1,1,[],50,5000,300,200,3
401104,100,3600,[401103|401203|401105|401202],56,[56],[1001|300],sp_fortress_building_buff_104_S1,{1001:300},400000,[401103|401203|401105|401202],5,5,60,20121001,15000000000,hero_name_60214,monster_fortress_001,101001,1800,554400,72000|36000|0|0|0,86400,172800|172800|172800|172800|172800|172800|172800,13004111,401104,21600,9001|50,icon_small_fortress1,-1,,,3,res_relic_bg_101,10,9,9,SLG_site_02,,,[21101|50|21102|30|21103|20],3|1|1,Head_60214,sp_fortress_building_name_104,10,banner_bubble_relic_101,banner_bubble_remains02,300,243,51,1800,100002,relic_boss_11,13004011,4,8011,200,-1,1,[],50,5000,300,200,3
401105,100,3600,[401204|401104|401106],67,[67],[1002|300],sp_fortress_building_buff_105_S1,{1002:300},400000,[401204|401104|401106],5,5,60,20121001,15000000000,hero_name_60214,monster_fortress_001,101001,1800,554400,72000|36000|0|0|0,86400,172800|172800|172800|172800|172800|172800|172800,13004111,401105,21600,9001|50,icon_small_fortress1,-1,,,3,res_relic_bg_101,10,9,9,SLG_site_02,,,[21101|50|21102|30|21103|20],3|1|1,Head_60214,sp_fortress_building_name_105,10,banner_bubble_relic_101,banner_bubble_remains02,300,337,19,1800,100002,relic_boss_11,13004011,4,8011,200,-1,1,[],50,5000,300,200,3
401106,100,3600,[401105|401205|401107|401305|401204],74,[74],[1033|300],sp_fortress_building_buff_106_S1,{1033:300},400000,[401105|401205|401107|401305|401204],5,5,60,20121001,15000000000,hero_name_60214,monster_fortress_001,101001,1800,554400,72000|36000|0|0|0,86400,172800|172800|172800|172800|172800|172800|172800,13004111,401106,21600,9001|50,icon_small_fortress1,-1,,,3,res_relic_bg_101,10,9,9,SLG_site_02,,,[21101|50|21102|30|21103|20],3|1|1,Head_60214,sp_fortress_building_name_106,10,banner_bubble_relic_101,banner_bubble_remains02,300,399,57,1800,100002,relic_boss_11,13004011,4,8011,200,-1,1,[],50,5000,300,200,3
401107,100,3600,[401205|401106|401108],2,[2],[1034|300],sp_fortress_building_buff_107_S1,{1034:300},400000,[401205|401106|401108],5,5,60,20121001,15000000000,hero_name_60214,monster_fortress_001,101001,1800,554400,72000|36000|0|0|0,86400,172800|172800|172800|172800|172800|172800|172800,13004111,401107,21600,9001|50,icon_small_fortress1,-1,,,3,res_relic_bg_101,10,9,9,SLG_site_02,,,[21101|50|21102|30|21103|20],3|1|1,Head_60214,sp_fortress_building_name_107,10,banner_bubble_relic_101,banner_bubble_remains02,300,486,70,1800,100002,relic_boss_11,13004011,4,8011,200,-1,1,[],50,5000,300,200,3
401108,100,3600,[401205|401206|401107|401109],3,[3],[1016|300],sp_fortress_building_buff_108_S1,{1016:300},400000,[401205|401206|401107|401109],5,5,60,20121001,15000000000,hero_name_60214,monster_fortress_001,101001,1800,554400,72000|36000|0|0|0,86400,172800|172800|172800|172800|172800|172800|172800,13004111,401108,21600,9001|50,icon_small_fortress1,-1,,,3,res_relic_bg_101,10,9,9,SLG_site_02,,,[21101|50|21102|30|21103|20],3|1|1,Head_60214,sp_fortress_building_name_108,10,banner_bubble_relic_101,banner_bubble_remains02,300,489,153,1800,100002,relic_boss_11,13004011,4,8011,200,-1,1,[],50,5000,300,200,3
401109,100,3600,[401108|401206|401110|401207],22,[22],[1013|1000],sp_fortress_building_buff_101_S1,{1013:1000},400000,[401108|401206|401110|401207],5,5,60,20121001,15000000000,hero_name_60214,monster_fortress_001,101001,1800,554400,72000|36000|0|0|0,86400,172800|172800|172800|172800|172800|172800|172800,13004111,401109,21600,9001|50,icon_small_fortress1,-1,,,3,res_relic_bg_101,10,9,9,SLG_site_02,,,[21101|50|21102|30|21103|20],3|1|1,Head_60214,sp_fortress_building_name_109,10,banner_bubble_relic_101,banner_bubble_remains02,300,489,337,1800,100002,relic_boss_11,13004011,4,8011,200,-1,1,[],50,5000,300,200,3
401110,100,3600,[401109|401207|401208|401111],29,[29],[1012|1000],sp_fortress_building_buff_102_S1,{1012:1000},400000,[401109|401207|401208|401111],5,5,60,20121001,15000000000,hero_name_60214,monster_fortress_001,101001,1800,554400,72000|36000|0|0|0,86400,172800|172800|172800|172800|172800|172800|172800,13004111,401110,21600,9001|50,icon_small_fortress1,-1,,,3,res_relic_bg_101,10,9,9,SLG_site_02,,,[21101|50|21102|30|21103|20],3|1|1,Head_60214,sp_fortress_building_name_110,10,banner_bubble_relic_101,banner_bubble_remains02,300,489,521,1800,100002,relic_boss_11,13004011,4,8011,200,-1,1,[],50,5000,300,200,3
401111,100,3600,[401110|401208|401209|401112],30,[30],[1014|1000],sp_fortress_building_buff_103_S1,{1014:1000},400000,[401110|401208|401209|401112],5,5,60,20121001,15000000000,hero_name_60214,monster_fortress_001,101001,1800,554400,72000|36000|0|0|0,86400,172800|172800|172800|172800|172800|172800|172800,13004111,401111,21600,9001|50,icon_small_fortress1,-1,,,3,res_relic_bg_101,10,9,9,SLG_site_02,,,[21101|50|21102|30|21103|20],3|1|1,Head_60214,sp_fortress_building_name_111,10,banner_bubble_relic_101,banner_bubble_remains02,300,492,682,1800,100002,relic_boss_11,13004011,4,8011,200,-1,1,[],50,5000,300,200,3
401112,100,3600,[401111|401209|401210|401113],53,[53],[1001|300],sp_fortress_building_buff_104_S1,{1001:300},400000,[401111|401209|401210|401113],5,5,60,20121001,15000000000,hero_name_60214,monster_fortress_001,101001,1800,554400,72000|36000|0|0|0,86400,172800|172800|172800|172800|172800|172800|172800,13004111,401112,21600,9001|50,icon_small_fortress1,-1,,,3,res_relic_bg_101,10,9,9,SLG_site_02,,,[21101|50|21102|30|21103|20],3|1|1,Head_60214,sp_fortress_building_name_112,10,banner_bubble_relic_101,banner_bubble_remains02,300,490,854,1800,100002,relic_boss_11,13004011,4,8011,200,-1,1,[],50,5000,300,200,3
401113,100,3600,[401112|401210|401114],72,[72],[1002|300],sp_fortress_building_buff_105_S1,{1002:300},400000,[401112|401210|401114],5,5,60,20121001,15000000000,hero_name_60214,monster_fortress_001,101001,1800,554400,72000|36000|0|0|0,86400,172800|172800|172800|172800|172800|172800|172800,13004111,401113,21600,9001|50,icon_small_fortress1,-1,,,3,res_relic_bg_101,10,9,9,SLG_site_02,,,[21101|50|21102|30|21103|20],3|1|1,Head_60214,sp_fortress_building_name_113,10,banner_bubble_relic_101,banner_bubble_remains02,300,484,978,1800,100002,relic_boss_11,13004011,4,8011,200,-1,1,[],50,5000,300,200,3
401114,100,3600,[401310|401211|401210|401115|401113],70,[70],[1033|300],sp_fortress_building_buff_106_S1,{1033:300},400000,[401310|401211|401210|401115|401113],5,5,60,20121001,15000000000,hero_name_60214,monster_fortress_001,101001,1800,554400,72000|36000|0|0|0,86400,172800|172800|172800|172800|172800|172800|172800,13004111,401114,21600,9001|50,icon_small_fortress1,-1,,,3,res_relic_bg_101,10,9,9,SLG_site_02,,,[21101|50|21102|30|21103|20],3|1|1,Head_60214,sp_fortress_building_name_114,10,banner_bubble_relic_101,banner_bubble_remains02,300,409,961,1800,100002,relic_boss_11,13004011,4,8011,200,-1,1,[],50,5000,300,200,3
401115,100,3600,[401211|401116|401114],69,[69],[1034|300],sp_fortress_building_buff_107_S1,{1034:300},400000,[401211|401116|401114],5,5,60,20121001,15000000000,hero_name_60214,monster_fortress_001,101001,1800,554400,72000|36000|0|0|0,86400,172800|172800|172800|172800|172800|172800|172800,13004111,401115,21600,9001|50,icon_small_fortress1,-1,,,3,res_relic_bg_101,10,9,9,SLG_site_02,,,[21101|50|21102|30|21103|20],3|1|1,Head_60214,sp_fortress_building_name_115,10,banner_bubble_relic_101,banner_bubble_remains02,300,329,991,1800,100002,relic_boss_11,13004011,4,8011,200,-1,1,[],50,5000,300,200,3
401116,100,3600,[401212|401211|401117|401115],65,[65],[1016|300],sp_fortress_building_buff_108_S1,{1016:300},400000,[401212|401211|401117|401115],5,5,60,20121001,15000000000,hero_name_60214,monster_fortress_001,101001,1800,554400,72000|36000|0|0|0,86400,172800|172800|172800|172800|172800|172800|172800,13004111,401116,21600,9001|50,icon_small_fortress1,-1,,,3,res_relic_bg_101,10,9,9,SLG_site_02,,,[21101|50|21102|30|21103|20],3|1|1,Head_60214,sp_fortress_building_name_116,10,banner_bubble_relic_101,banner_bubble_remains02,300,259,981,1800,100002,relic_boss_11,13004011,4,8011,200,-1,1,[],50,5000,300,200,3
401117,100,3600,[401213|401118|401116],62,[62],[1013|1000],sp_fortress_building_buff_101_S1,{1013:1000},400000,[401213|401118|401116],5,5,60,20121001,15000000000,hero_name_60214,monster_fortress_001,101001,1800,554400,72000|36000|0|0|0,86400,172800|172800|172800|172800|172800|172800|172800,13004111,401117,21600,9001|50,icon_small_fortress1,-1,,,3,res_relic_bg_101,10,9,9,SLG_site_02,,,[21101|50|21102|30|21103|20],3|1|1,Head_60214,sp_fortress_building_name_117,10,banner_bubble_relic_101,banner_bubble_remains02,300,173,981,1800,100002,relic_boss_11,13004011,4,8011,200,-1,1,[],50,5000,300,200,3
401118,100,3600,[401313|401214|401213|401119|401117],61,[61],[1012|1000],sp_fortress_building_buff_102_S1,{1012:1000},400000,[401313|401214|401213|401119|401117],5,5,60,20121001,15000000000,hero_name_60214,monster_fortress_001,101001,1800,554400,72000|36000|0|0|0,86400,172800|172800|172800|172800|172800|172800|172800,13004111,401118,21600,9001|50,icon_small_fortress1,-1,,,3,res_relic_bg_101,10,9,9,SLG_site_02,,,[21101|50|21102|30|21103|20],3|1|1,Head_60214,sp_fortress_building_name_118,10,banner_bubble_relic_101,banner_bubble_remains02,300,99,975,1800,100002,relic_boss_11,13004011,4,8011,200,-1,1,[],50,5000,300,200,3
401119,100,3600,[401120|401214|401118],60,[60],[1014|1000],sp_fortress_building_buff_103_S1,{1014:1000},400000,[401120|401214|401118],5,5,60,20121001,15000000000,hero_name_60214,monster_fortress_001,101001,1800,554400,72000|36000|0|0|0,86400,172800|172800|172800|172800|172800|172800|172800,13004111,401119,21600,9001|50,icon_small_fortress1,-1,,,3,res_relic_bg_101,10,9,9,SLG_site_02,,,[21101|50|21102|30|21103|20],3|1|1,Head_60214,sp_fortress_building_name_119,10,banner_bubble_relic_101,banner_bubble_remains02,300,25,981,1800,100002,relic_boss_11,13004011,4,8011,200,-1,1,[],50,5000,300,200,3
401120,100,3600,[401121|401215|401119|401214],47,[47],[1001|300],sp_fortress_building_buff_104_S1,{1001:300},400000,[401121|401215|401119|401214],5,5,60,20121001,15000000000,hero_name_60214,monster_fortress_001,101001,1800,554400,72000|36000|0|0|0,86400,172800|172800|172800|172800|172800|172800|172800,13004111,401120,21600,9001|50,icon_small_fortress1,-1,,,3,res_relic_bg_101,10,9,9,SLG_site_02,,,[21101|50|21102|30|21103|20],3|1|1,Head_60214,sp_fortress_building_name_120,10,banner_bubble_relic_101,banner_bubble_remains02,300,22,846,1800,100002,relic_boss_11,13004011,4,8011,200,-1,1,[],50,5000,300,200,3
401121,100,3600,[401122|401216|401120|401215],40,[40],[1002|300],sp_fortress_building_buff_105_S1,{1002:300},400000,[401122|401216|401120|401215],5,5,60,20121001,15000000000,hero_name_60214,monster_fortress_001,101001,1800,554400,72000|36000|0|0|0,86400,172800|172800|172800|172800|172800|172800|172800,13004111,401121,21600,9001|50,icon_small_fortress1,-1,,,3,res_relic_bg_101,10,9,9,SLG_site_02,,,[21101|50|21102|30|21103|20],3|1|1,Head_60214,sp_fortress_building_name_121,10,banner_bubble_relic_101,banner_bubble_remains02,300,19,675,1800,100002,relic_boss_11,13004011,4,8011,200,-1,1,[],50,5000,300,200,3
401122,100,3600,[401123|401217|401216|401121],39,[39],[1033|300],sp_fortress_building_buff_106_S1,{1033:300},400000,[401123|401217|401216|401121],5,5,60,20121001,15000000000,hero_name_60214,monster_fortress_001,101001,1800,554400,72000|36000|0|0|0,86400,172800|172800|172800|172800|172800|172800|172800,13004111,401122,21600,9001|50,icon_small_fortress1,-1,,,3,res_relic_bg_101,10,9,9,SLG_site_02,,,[21101|50|21102|30|21103|20],3|1|1,Head_60214,sp_fortress_building_name_122,10,banner_bubble_relic_101,banner_bubble_remains02,300,22,490,1800,100002,relic_boss_11,13004011,4,8011,200,-1,1,[],50,5000,300,200,3
401123,100,3600,[401124|401218|401122|401217],13,[13],[1034|300],sp_fortress_building_buff_107_S1,{1034:300},400000,[401124|401218|401122|401217],5,5,60,20121001,15000000000,hero_name_60214,monster_fortress_001,101001,1800,554400,72000|36000|0|0|0,86400,172800|172800|172800|172800|172800|172800|172800,13004111,401123,21600,9001|50,icon_small_fortress1,-1,,,3,res_relic_bg_101,10,9,9,SLG_site_02,,,[21101|50|21102|30|21103|20],3|1|1,Head_60214,sp_fortress_building_name_123,10,banner_bubble_relic_101,banner_bubble_remains02,300,18,350,1800,100002,relic_boss_11,13004011,4,8011,200,-1,1,[],50,5000,300,200,3
401124,100,3600,[401101|401201|401218|401123],11,[11],[1016|300],sp_fortress_building_buff_108_S1,{1016:300},400000,[401101|401201|401218|401123],5,5,60,20121001,15000000000,hero_name_60214,monster_fortress_001,101001,1800,554400,72000|36000|0|0|0,86400,172800|172800|172800|172800|172800|172800|172800,13004111,401124,21600,9001|50,icon_small_fortress1,-1,,,3,res_relic_bg_101,10,9,9,SLG_site_02,,,[21101|50|21102|30|21103|20],3|1|1,Head_60214,sp_fortress_building_name_124,10,banner_bubble_relic_101,banner_bubble_remains02,300,19,175,1800,100002,relic_boss_11,13004011,4,8011,200,-1,1,[],50,5000,300,200,3
401201,100,3600,[401101|401124|401102|401301],12,[12],[1004|500],sp_fortress_building_buff_125_S1,{1004:500},600000,[401101|401124|401102|401301],5,5,60,20122001,20000000000,hero_name_60216,monster_fortress_001,101001,1800,986400,72000|36000|0|0|0,259200,345600|345600|345600|345600|345600|345600|345600,13004112,401201,21600,9002|80,icon_small_fortress1,-1,,,3,res_relic_bg_102,20,9,9,SLG_site_02,,,[21201|50|21202|30|21203|20],3|1|1,Head_60216,sp_fortress_building_name_125,10,banner_bubble_relic_102,banner_bubble_remains02,300,72,108,1800,100002,relic_boss_12,13004012,4,8012,200,-1,2,[],50,4000,300,500,3
401202,100,3600,[401103|401302|401102|401104],45,[45],[1005|500],sp_fortress_building_buff_126_S1,{1005:500},600000,[401103|401302|401102|401104],5,5,60,20122001,20000000000,hero_name_60216,monster_fortress_001,101001,1800,986400,72000|36000|0|0|0,259200,345600|345600|345600|345600|345600|345600|345600,13004112,401202,21600,9002|80,icon_small_fortress1,-1,,,3,res_relic_bg_102,20,9,9,SLG_site_02,,,[21201|50|21202|30|21203|20],3|1|1,Head_60216,sp_fortress_building_name_126,10,banner_bubble_relic_102,banner_bubble_remains02,300,179,89,1800,100002,relic_boss_12,13004012,4,8012,200,-1,2,[],50,4000,300,500,3
401203,100,3600,[401104|401204|401303|401302|401304],7,[7],[1006|500],sp_fortress_building_buff_127_S1,{1006:500},600000,[401104|401204|401303|401302|401304],5,5,60,20122001,20000000000,hero_name_60216,monster_fortress_001,101001,1800,986400,72000|36000|0|0|0,259200,345600|345600|345600|345600|345600|345600|345600,13004112,401203,21600,9002|80,icon_small_fortress1,-1,,,3,res_relic_bg_102,20,9,9,SLG_site_02,,,[21201|50|21202|30|21203|20],3|1|1,Head_60216,sp_fortress_building_name_127,10,banner_bubble_relic_102,banner_bubble_remains02,300,260,146,1800,100002,relic_boss_12,13004012,4,8012,200,-1,2,[],50,4000,300,500,3
401204,100,3600,[401105|401304|401203|401305|401106],73,[73],[1022|500],sp_fortress_building_buff_128_S1,{1022:500},600000,[401105|401304|401203|401305|401106],5,5,60,20122001,20000000000,hero_name_60216,monster_fortress_001,101001,1800,986400,72000|36000|0|0|0,259200,345600|345600|345600|345600|345600|345600|345600,13004112,401204,21600,9002|80,icon_small_fortress1,-1,,,3,res_relic_bg_102,20,9,9,SLG_site_02,,,[21201|50|21202|30|21203|20],3|1|1,Head_60216,sp_fortress_building_name_128,10,banner_bubble_relic_102,banner_bubble_remains02,300,334,92,1800,100002,relic_boss_12,13004012,4,8012,200,-1,2,[],50,4000,300,500,3
401205,100,3600,[401106|401107|401108|401306|401305],4,[4],[1022|500],sp_fortress_building_buff_128_S1,{1022:500},600000,[401106|401107|401108|401306|401305],5,5,60,20122001,20000000000,hero_name_60216,monster_fortress_001,101001,1800,986400,72000|36000|0|0|0,259200,345600|345600|345600|345600|345600|345600|345600,13004112,401205,21600,9002|80,icon_small_fortress1,-1,,,3,res_relic_bg_102,20,9,9,SLG_site_02,,,[21201|50|21202|30|21203|20],3|1|1,Head_60216,sp_fortress_building_name_129,10,banner_bubble_relic_102,banner_bubble_remains02,300,422,124,1800,100002,relic_boss_12,13004012,4,8012,200,-1,2,[],50,4000,300,500,3
401206,100,3600,[401108|401306|401307|401109|401207],21,[21],[36|300],sp_fortress_building_buff_130_S1,{36:300},600000,[401108|401306|401307|401109|401207],5,5,60,20122001,20000000000,hero_name_60216,monster_fortress_001,101001,1800,986400,72000|36000|0|0|0,259200,345600|345600|345600|345600|345600|345600|345600,13004112,401206,21600,9002|80,icon_small_fortress1,-1,,,3,res_relic_bg_102,20,9,9,SLG_site_02,,,[21201|50|21202|30|21203|20],3|1|1,Head_60216,sp_fortress_building_name_130,10,banner_bubble_relic_102,banner_bubble_remains02,300,462,274,1800,100002,relic_boss_12,13004012,4,8012,200,-1,2,[],50,4000,300,500,3
401207,100,3600,[401206|401307|401109|401208|401405|401110],28,[28],[1004|500],sp_fortress_building_buff_125_S1,{1004:500},600000,[401206|401307|401109|401208|401405|401110],5,5,60,20122001,20000000000,hero_name_60216,monster_fortress_001,101001,1800,986400,72000|36000|0|0|0,259200,345600|345600|345600|345600|345600|345600|345600,13004112,401207,21600,9002|80,icon_small_fortress1,-1,,,3,res_relic_bg_102,20,9,9,SLG_site_02,,,[21201|50|21202|30|21203|20],3|1|1,Head_60216,sp_fortress_building_name_131,10,banner_bubble_relic_102,banner_bubble_remains02,300,445,465,1800,100002,relic_boss_12,13004012,4,8012,200,-1,2,[],50,4000,300,500,3
401208,100,3600,[401207|401308|401110|401309|401209|401111],31,[31],[1005|500],sp_fortress_building_buff_126_S1,{1005:500},600000,[401207|401308|401110|401309|401209|401111],5,5,60,20122001,20000000000,hero_name_60216,monster_fortress_001,101001,1800,986400,72000|36000|0|0|0,259200,345600|345600|345600|345600|345600|345600|345600,13004112,401208,21600,9002|80,icon_small_fortress1,-1,,,3,res_relic_bg_102,20,9,9,SLG_site_02,,,[21201|50|21202|30|21203|20],3|1|1,Head_60216,sp_fortress_building_name_132,10,banner_bubble_relic_102,banner_bubble_remains02,300,435,581,1800,100002,relic_boss_12,13004012,4,8012,200,-1,2,[],50,4000,300,500,3
401209,100,3600,[401208|401309|401111|401112|401310],52,[52],[1006|500],sp_fortress_building_buff_127_S1,{1006:500},600000,[401208|401309|401111|401112|401310],5,5,60,20122001,20000000000,hero_name_60216,monster_fortress_001,101001,1800,986400,72000|36000|0|0|0,259200,345600|345600|345600|345600|345600|345600|345600,13004112,401209,21600,9002|80,icon_small_fortress1,-1,,,3,res_relic_bg_102,20,9,9,SLG_site_02,,,[21201|50|21202|30|21203|20],3|1|1,Head_60216,sp_fortress_building_name_133,10,banner_bubble_relic_102,banner_bubble_remains02,300,460,738,1800,100002,relic_boss_12,13004012,4,8012,200,-1,2,[],50,4000,300,500,3
401210,100,3600,[401310|401112|401114|401113],71,[71],[1022|500],sp_fortress_building_buff_128_S1,{1022:500},600000,[401310|401112|401114|401113],5,5,60,20122001,20000000000,hero_name_60216,monster_fortress_001,101001,1800,986400,72000|36000|0|0|0,259200,345600|345600|345600|345600|345600|345600|345600,13004112,401210,21600,9002|80,icon_small_fortress1,-1,,,3,res_relic_bg_102,20,9,9,SLG_site_02,,,[21201|50|21202|30|21203|20],3|1|1,Head_60216,sp_fortress_building_name_134,10,banner_bubble_relic_102,banner_bubble_remains02,300,444,898,1800,100002,relic_boss_12,13004012,4,8012,200,-1,2,[],50,4000,300,500,3
401211,100,3600,[401311|401115|401116|401114],68,[68],[1022|500],sp_fortress_building_buff_128_S1,{1022:500},600000,[401311|401115|401116|401114],5,5,60,20122001,20000000000,hero_name_60216,monster_fortress_001,101001,1800,986400,72000|36000|0|0|0,259200,345600|345600|345600|345600|345600|345600|345600,13004112,401211,21600,9002|80,icon_small_fortress1,-1,,,3,res_relic_bg_102,20,9,9,SLG_site_02,,,[21201|50|21202|30|21203|20],3|1|1,Head_60216,sp_fortress_building_name_135,10,banner_bubble_relic_102,banner_bubble_remains02,300,323,925,1800,100002,relic_boss_12,13004012,4,8012,200,-1,2,[],50,4000,300,500,3
401212,100,3600,[401312|401407|401116|401311|401213],64,[64],[36|300],sp_fortress_building_buff_130_S1,{36:300},600000,[401312|401407|401116|401311|401213],5,5,60,20122001,20000000000,hero_name_60216,monster_fortress_001,101001,1800,986400,72000|36000|0|0|0,259200,345600|345600|345600|345600|345600|345600|345600,13004112,401212,21600,9002|80,icon_small_fortress1,-1,,,3,res_relic_bg_102,20,9,9,SLG_site_02,,,[21201|50|21202|30|21203|20],3|1|1,Head_60216,sp_fortress_building_name_136,10,banner_bubble_relic_102,banner_bubble_remains02,300,249,867,1800,100002,relic_boss_12,13004012,4,8012,200,-1,2,[],50,4000,300,500,3
401213,100,3600,[401313|401117|401118|401312|401212],63,[63],[1004|500],sp_fortress_building_buff_125_S1,{1004:500},600000,[401313|401117|401118|401312|401212],5,5,60,20122001,20000000000,hero_name_60216,monster_fortress_001,101001,1800,986400,72000|36000|0|0|0,259200,345600|345600|345600|345600|345600|345600|345600,13004112,401213,21600,9002|80,icon_small_fortress1,-1,,,3,res_relic_bg_102,20,9,9,SLG_site_02,,,[21201|50|21202|30|21203|20],3|1|1,Head_60216,sp_fortress_building_name_137,10,banner_bubble_relic_102,banner_bubble_remains02,300,186,928,1800,100002,relic_boss_12,13004012,4,8012,200,-1,2,[],50,4000,300,500,3
401214,100,3600,[401314|401120|401313|401119|401118],59,[59],[1005|500],sp_fortress_building_buff_126_S1,{1005:500},600000,[401314|401120|401313|401119|401118],5,5,60,20122001,20000000000,hero_name_60216,monster_fortress_001,101001,1800,986400,72000|36000|0|0|0,259200,345600|345600|345600|345600|345600|345600|345600,13004112,401214,21600,9002|80,icon_small_fortress1,-1,,,3,res_relic_bg_102,20,9,9,SLG_site_02,,,[21201|50|21202|30|21203|20],3|1|1,Head_60216,sp_fortress_building_name_138,10,banner_bubble_relic_102,banner_bubble_remains02,300,66,912,1800,100002,relic_boss_12,13004012,4,8012,200,-1,2,[],50,4000,300,500,3
401215,100,3600,[401216|401121|401315|401314|401409|401120],46,[46],[1006|500],sp_fortress_building_buff_127_S1,{1006:500},600000,[401216|401121|401315|401314|401409|401120],5,5,60,20122001,20000000000,hero_name_60216,monster_fortress_001,101001,1800,986400,72000|36000|0|0|0,259200,345600|345600|345600|345600|345600|345600|345600,13004112,401215,21600,9002|80,icon_small_fortress1,-1,,,3,res_relic_bg_102,20,9,9,SLG_site_02,,,[21201|50|21202|30|21203|20],3|1|1,Head_60216,sp_fortress_building_name_139,10,banner_bubble_relic_102,banner_bubble_remains02,300,54,752,1800,100002,relic_boss_12,13004012,4,8012,200,-1,2,[],50,4000,300,500,3
401216,100,3600,[401122|401315|401121|401215],41,[41],[1022|500],sp_fortress_building_buff_128_S1,{1022:500},600000,[401122|401315|401121|401215],5,5,60,20122001,20000000000,hero_name_60216,monster_fortress_001,101001,1800,986400,72000|36000|0|0|0,259200,345600|345600|345600|345600|345600|345600|345600,13004112,401216,21600,9002|80,icon_small_fortress1,-1,,,3,res_relic_bg_102,20,9,9,SLG_site_02,,,[21201|50|21202|30|21203|20],3|1|1,Head_60216,sp_fortress_building_name_140,10,banner_bubble_relic_102,banner_bubble_remains02,300,50,606,1800,100002,relic_boss_12,13004012,4,8012,200,-1,2,[],50,4000,300,500,3
401217,100,3600,[401218|401122|401123|401316|401410|401315],38,[38],[1022|500],sp_fortress_building_buff_128_S1,{1022:500},600000,[401218|401122|401123|401316|401410|401315],5,5,60,20122001,20000000000,hero_name_60216,monster_fortress_001,101001,1800,986400,72000|36000|0|0|0,259200,345600|345600|345600|345600|345600|345600|345600,13004112,401217,21600,9002|80,icon_small_fortress1,-1,,,3,res_relic_bg_102,20,9,9,SLG_site_02,,,[21201|50|21202|30|21203|20],3|1|1,Head_60216,sp_fortress_building_name_141,10,banner_bubble_relic_102,banner_bubble_remains02,300,67,433,1800,100002,relic_boss_12,13004012,4,8012,200,-1,2,[],50,4000,300,500,3
401218,100,3600,[401124|401301|401123|401316|401217],10,[10],[36|300],sp_fortress_building_buff_130_S1,{36:300},600000,[401124|401301|401123|401316|401217],5,5,60,20122001,20000000000,hero_name_60216,monster_fortress_001,101001,1800,986400,72000|36000|0|0|0,259200,345600|345600|345600|345600|345600|345600|345600,13004112,401218,21600,9002|80,icon_small_fortress1,-1,,,3,res_relic_bg_102,20,9,9,SLG_site_02,,,[21201|50|21202|30|21203|20],3|1|1,Head_60216,sp_fortress_building_name_142,10,banner_bubble_relic_102,banner_bubble_remains02,300,48,292,1800,100002,relic_boss_12,13004012,4,8012,200,-1,2,[],50,4000,300,500,3
401301,100,3600,[401102|401201|401302|401316|401218|401401],9,[9],[1072|1000],sp_fortress_building_buff_143_S1,{1072:1000},800000,[401102|401201|401302|401316|401218|401401],5,5,60,20123001,30000000000,hero_name_70037,monster_fortress_001,101001,1800,1332000,72000|36000|0|0|0,432000,518400|518400|518400|518400|518400|518400|518400,13004113,401301,21600,9003|100,icon_small_fortress2,-1,,,3,res_relic_bg_103,30,9,9,SLG_site_02,,,[21301|50|21302|30|21303|20],3|1|1,Head_70037,sp_fortress_building_name_143,15,banner_bubble_relic_103,banner_bubble_remains01,300,108,216,1800,100002,relic_boss_13,13004013,4,8013,200,-1,3,[],50,3000,300,800,3
401302,100,3600,[401202|401401|401301|401303|401203],8,[8],[1002|500],sp_fortress_building_buff_144_S1,{1002:500},800000,[401202|401401|401301|401303|401203],5,5,60,20123001,30000000000,hero_name_70037,monster_fortress_001,101001,1800,1332000,72000|36000|0|0|0,432000,518400|518400|518400|518400|518400|518400|518400,13004113,401302,21600,9003|100,icon_small_fortress2,-1,,,3,res_relic_bg_103,30,9,9,SLG_site_02,,,[21301|50|21302|30|21303|20],3|1|1,Head_70037,sp_fortress_building_name_144,15,banner_bubble_relic_103,banner_bubble_remains01,300,175,139,1800,100002,relic_boss_13,13004013,4,8013,200,-1,3,[],50,3000,300,800,3
401303,100,3600,[401302|401402|401401|401203|401304],16,[16],[1033|500],sp_fortress_building_buff_145_S1,{1033:500},800000,[401302|401402|401401|401203|401304],5,5,60,20123001,30000000000,hero_name_70037,monster_fortress_001,101001,1800,1332000,72000|36000|0|0|0,432000,518400|518400|518400|518400|518400|518400|518400,13004113,401303,21600,9003|100,icon_small_fortress2,-1,,,3,res_relic_bg_103,30,9,9,SLG_site_02,,,[21301|50|21302|30|21303|20],3|1|1,Head_70037,sp_fortress_building_name_145,15,banner_bubble_relic_103,banner_bubble_remains01,300,214,242,1800,100002,relic_boss_13,13004013,4,8013,200,-1,3,[],50,3000,300,800,3
401304,100,3600,[401204|401203|401305|401501|401303|401403],6,[6],[1034|500],sp_fortress_building_buff_146_S1,{1034:500},800000,[401204|401203|401305|401501|401303|401403],5,5,60,20123001,30000000000,hero_name_70037,monster_fortress_001,101001,1800,1332000,72000|36000|0|0|0,432000,518400|518400|518400|518400|518400|518400|518400,13004113,401304,21600,9003|100,icon_small_fortress2,-1,,,3,res_relic_bg_103,30,9,9,SLG_site_02,,,[21301|50|21302|30|21303|20],3|1|1,Head_70037,sp_fortress_building_name_146,15,banner_bubble_relic_103,banner_bubble_remains01,300,294,204,1800,100002,relic_boss_13,13004013,4,8013,200,-1,3,[],50,3000,300,800,3
401305,100,3600,[401204|401403|401304|401306|401106|401205],5,[5],[1016|500],sp_fortress_building_buff_147_S1,{1016:500},800000,[401204|401403|401304|401306|401106|401205],5,5,60,20123001,30000000000,hero_name_70037,monster_fortress_001,101001,1800,1332000,72000|36000|0|0|0,432000,518400|518400|518400|518400|518400|518400|518400,13004113,401305,21600,9003|100,icon_small_fortress2,-1,,,3,res_relic_bg_103,30,9,9,SLG_site_02,,,[21301|50|21302|30|21303|20],3|1|1,Head_70037,sp_fortress_building_name_147,15,banner_bubble_relic_103,banner_bubble_remains01,300,368,172,1800,100002,relic_boss_13,13004013,4,8013,200,-1,3,[],50,3000,300,800,3
401306,100,3600,[401305|401404|401403|401205|401307|401206],20,[20],[1052|1000],sp_fortress_building_buff_148_S1,{1052:1000},800000,[401305|401404|401403|401205|401307|401206],5,5,60,20123001,30000000000,hero_name_70037,monster_fortress_001,101001,1800,1332000,72000|36000|0|0|0,432000,518400|518400|518400|518400|518400|518400|518400,13004113,401306,21600,9003|100,icon_small_fortress2,-1,,,3,res_relic_bg_103,30,9,9,SLG_site_02,,,[21301|50|21302|30|21303|20],3|1|1,Head_70037,sp_fortress_building_name_148,15,banner_bubble_relic_103,banner_bubble_remains01,300,400,222,1800,100002,relic_boss_13,13004013,4,8013,200,-1,3,[],50,3000,300,800,3
401307,100,3600,[401306|401404|401206|401207|401405],24,[24],[35|500],sp_fortress_building_buff_149_S1,{35:500},800000,[401306|401404|401206|401207|401405],5,5,60,20123001,30000000000,hero_name_70037,monster_fortress_001,101001,1800,1332000,72000|36000|0|0|0,432000,518400|518400|518400|518400|518400|518400|518400,13004113,401307,21600,9003|100,icon_small_fortress2,-1,,,3,res_relic_bg_103,30,9,9,SLG_site_02,,,[21301|50|21302|30|21303|20],3|1|1,Head_70037,sp_fortress_building_name_149,15,banner_bubble_relic_103,banner_bubble_remains01,300,425,363,1800,100002,relic_boss_13,13004013,4,8013,200,-1,3,[],50,3000,300,800,3
401308,100,3600,[401405|401208|401406|401309],32,[32],[1010|10],sp_fortress_building_buff_150_S1,{1010:10},800000,[401405|401208|401406|401309],5,5,60,20123001,30000000000,hero_name_70037,monster_fortress_001,101001,1800,1332000,72000|36000|0|0|0,432000,518400|518400|518400|518400|518400|518400|518400,13004113,401308,21600,9003|100,icon_small_fortress2,-1,,,3,res_relic_bg_103,30,9,9,SLG_site_02,,,[21301|50|21302|30|21303|20],3|1|1,Head_70037,sp_fortress_building_name_150,15,banner_bubble_relic_103,banner_bubble_remains01,300,403,599,1800,100002,relic_boss_13,13004013,4,8013,200,-1,3,[],50,3000,300,800,3
401309,100,3600,[401208|401308|401209|401310|401406],51,[51],[1072|1000],sp_fortress_building_buff_143_S1,{1072:1000},800000,[401208|401308|401209|401310|401406],5,5,60,20123001,30000000000,hero_name_70037,monster_fortress_001,101001,1800,1332000,72000|36000|0|0|0,432000,518400|518400|518400|518400|518400|518400|518400,13004113,401309,21600,9003|100,icon_small_fortress2,-1,,,3,res_relic_bg_103,30,9,9,SLG_site_02,,,[21301|50|21302|30|21303|20],3|1|1,Head_70037,sp_fortress_building_name_151,15,banner_bubble_relic_103,banner_bubble_remains01,300,422,714,1800,100002,relic_boss_13,13004013,4,8013,200,-1,3,[],50,3000,300,800,3
401310,100,3600,[401309|401407|401210|401209|401114|401311],54,[54],[1002|500],sp_fortress_building_buff_144_S1,{1002:500},800000,[401309|401407|401210|401209|401114|401311],5,5,60,20123001,30000000000,hero_name_70037,monster_fortress_001,101001,1800,1332000,72000|36000|0|0|0,432000,518400|518400|518400|518400|518400|518400|518400,13004113,401310,21600,9003|100,icon_small_fortress2,-1,,,3,res_relic_bg_103,30,9,9,SLG_site_02,,,[21301|50|21302|30|21303|20],3|1|1,Head_70037,sp_fortress_building_name_152,15,banner_bubble_relic_103,banner_bubble_remains01,300,403,813,1800,100002,relic_boss_13,13004013,4,8013,200,-1,3,[],50,3000,300,800,3
401311,100,3600,[401407|401211|401212|401310],66,[66],[1033|500],sp_fortress_building_buff_145_S1,{1033:500},800000,[401407|401211|401212|401310],5,5,60,20123001,30000000000,hero_name_70037,monster_fortress_001,101001,1800,1332000,72000|36000|0|0|0,432000,518400|518400|518400|518400|518400|518400|518400,13004113,401311,21600,9003|100,icon_small_fortress2,-1,,,3,res_relic_bg_103,30,9,9,SLG_site_02,,,[21301|50|21302|30|21303|20],3|1|1,Head_70037,sp_fortress_building_name_153,15,banner_bubble_relic_103,banner_bubble_remains01,300,336,854,1800,100002,relic_boss_13,13004013,4,8013,200,-1,3,[],50,3000,300,800,3
401312,100,3600,[401408|401212|401407|401213|401313],57,[57],[1034|500],sp_fortress_building_buff_146_S1,{1034:500},800000,[401408|401212|401407|401213|401313],5,5,60,20123001,30000000000,hero_name_70037,monster_fortress_001,101001,1800,1332000,72000|36000|0|0|0,432000,518400|518400|518400|518400|518400|518400|518400,13004113,401312,21600,9003|100,icon_small_fortress2,-1,,,3,res_relic_bg_103,30,9,9,SLG_site_02,,,[21301|50|21302|30|21303|20],3|1|1,Head_70037,sp_fortress_building_name_154,15,banner_bubble_relic_103,banner_bubble_remains01,300,214,816,1800,100002,relic_boss_13,13004013,4,8013,200,-1,3,[],50,3000,300,800,3
401313,100,3600,[401314|401118|401214|401213|401408|401312],58,[58],[1016|500],sp_fortress_building_buff_147_S1,{1016:500},800000,[401314|401118|401214|401213|401408|401312],5,5,60,20123001,30000000000,hero_name_70037,monster_fortress_001,101001,1800,1332000,72000|36000|0|0|0,432000,518400|518400|518400|518400|518400|518400|518400,13004113,401313,21600,9003|100,icon_small_fortress2,-1,,,3,res_relic_bg_103,30,9,9,SLG_site_02,,,[21301|50|21302|30|21303|20],3|1|1,Head_70037,sp_fortress_building_name_155,15,banner_bubble_relic_103,banner_bubble_remains01,300,137,851,1800,100002,relic_boss_13,13004013,4,8013,200,-1,3,[],50,3000,300,800,3
401314,100,3600,[401215|401214|401409|401313|401408],48,[48],[1052|1000],sp_fortress_building_buff_148_S1,{1052:1000},800000,[401215|401214|401409|401313|401408],5,5,60,20123001,30000000000,hero_name_70037,monster_fortress_001,101001,1800,1332000,72000|36000|0|0|0,432000,518400|518400|518400|518400|518400|518400|518400,13004113,401314,21600,9003|100,icon_small_fortress2,-1,,,3,res_relic_bg_103,30,9,9,SLG_site_02,,,[21301|50|21302|30|21303|20],3|1|1,Head_70037,sp_fortress_building_name_156,15,banner_bubble_relic_103,banner_bubble_remains01,300,108,804,1800,100002,relic_boss_13,13004013,4,8013,200,-1,3,[],50,3000,300,800,3
401315,100,3600,[401217|401216|401410|401409|401215],42,[42],[35|500],sp_fortress_building_buff_149_S1,{35:500},800000,[401217|401216|401410|401409|401215],5,5,60,20123001,30000000000,hero_name_70037,monster_fortress_001,101001,1800,1332000,72000|36000|0|0|0,432000,518400|518400|518400|518400|518400|518400|518400,13004113,401315,21600,9003|100,icon_small_fortress2,-1,,,3,res_relic_bg_103,30,9,9,SLG_site_02,,,[21301|50|21302|30|21303|20],3|1|1,Head_70037,sp_fortress_building_name_157,15,banner_bubble_relic_103,banner_bubble_remains01,300,83,605,1800,100002,relic_boss_13,13004013,4,8013,200,-1,3,[],50,3000,300,800,3
401316,100,3600,[401301|401218|401401|401217|401410],14,[14],[1010|10],sp_fortress_building_buff_150_S1,{1010:10},800000,[401301|401218|401401|401217|401410],5,5,60,20123001,30000000000,hero_name_70037,monster_fortress_001,101001,1800,1332000,72000|36000|0|0|0,432000,518400|518400|518400|518400|518400|518400|518400,13004113,401316,21600,9003|100,icon_small_fortress2,-1,,,3,res_relic_bg_103,30,9,9,SLG_site_02,,,[21301|50|21302|30|21303|20],3|1|1,Head_70037,sp_fortress_building_name_158,15,banner_bubble_relic_103,banner_bubble_remains01,300,86,326,1800,100002,relic_boss_13,13004013,4,8013,200,-1,3,[],50,3000,300,800,3
401401,100,3600,[401302|401301|401303|401316|401402|401505],15,[15],[1022|1500],sp_fortress_building_buff_159_S1,{1022:1500},1200000,[401302|401301|401303|401316|401402|401505],5,5,60,20124001,35000000000,hero_name_60266,monster_fortress_001,101001,1800,1677600,72000|36000|0|0|0,604800,691200|691200|691200|691200|691200|691200|691200,13004114,401401,21600,9004|120,icon_small_fortress2,-1,,,3,res_relic_bg_104,40,9,9,SLG_site_02,,,[21501|50|21502|30|21503|20],3|1|1,Head_60266,sp_fortress_building_name_159,15,banner_bubble_relic_104,banner_bubble_remains01,300,134,286,1800,100002,relic_boss_14,13004014,4,8014,200,-1,4,[],50,2000,300,1100,3
401402,100,3600,[401303|401401|401501|401505],17,[17],[1001|1000],sp_fortress_building_buff_160_S1,{1001:1000},1200000,[401303|401401|401501|401505],5,5,60,20124001,35000000000,hero_name_60266,monster_fortress_001,101001,1800,1677600,72000|36000|0|0|0,604800,691200|691200|691200|691200|691200|691200|691200,13004114,401402,21600,9004|120,icon_small_fortress2,-1,,,3,res_relic_bg_104,40,9,9,SLG_site_02,,,[21501|50|21502|30|21503|20],3|1|1,Head_60266,sp_fortress_building_name_160,15,banner_bubble_relic_104,banner_bubble_remains01,300,201,293,1800,100002,relic_boss_14,13004014,4,8014,200,-1,4,[],50,2000,300,1100,3
401403,100,3600,[401305|401304|401306|401501|401404|401502],19,[19],[36|500],sp_fortress_building_buff_161_S1,{36:500},1200000,[401305|401304|401306|401501|401404|401502],5,5,60,20124001,35000000000,hero_name_60266,monster_fortress_001,101001,1800,1677600,72000|36000|0|0|0,604800,691200|691200|691200|691200|691200|691200|691200,13004114,401403,21600,9004|120,icon_small_fortress2,-1,,,3,res_relic_bg_104,40,9,9,SLG_site_02,,,[21501|50|21502|30|21503|20],3|1|1,Head_60266,sp_fortress_building_name_161,15,banner_bubble_relic_104,banner_bubble_remains01,300,332,280,1800,100002,relic_boss_14,13004014,4,8014,200,-1,4,[],50,2000,300,1100,3
401404,100,3600,[401306|401403|401307|401502|401405],25,[25],[35|500],sp_fortress_building_buff_162_S1,{35:500},1200000,[401306|401403|401307|401502|401405],5,5,60,20124001,35000000000,hero_name_60266,monster_fortress_001,101001,1800,1677600,72000|36000|0|0|0,604800,691200|691200|691200|691200|691200|691200|691200,13004114,401404,21600,9004|120,icon_small_fortress2,-1,,,3,res_relic_bg_104,40,9,9,SLG_site_02,,,[21501|50|21502|30|21503|20],3|1|1,Head_60266,sp_fortress_building_name_162,15,banner_bubble_relic_104,banner_bubble_remains01,300,380,332,1800,100002,relic_boss_14,13004014,4,8014,200,-1,4,[],50,2000,300,1100,3
401405,100,3600,[401404|401502|401307|401308|401207|401406],27,[27],[1056|500],sp_fortress_building_buff_163_S1,{1056:500},1200000,[401404|401502|401307|401308|401207|401406],5,5,60,20124001,35000000000,hero_name_60266,monster_fortress_001,101001,1800,1677600,72000|36000|0|0|0,604800,691200|691200|691200|691200|691200|691200|691200,13004114,401405,21600,9004|120,icon_small_fortress2,-1,,,3,res_relic_bg_104,40,9,9,SLG_site_02,,,[21501|50|21502|30|21503|20],3|1|1,Head_60266,sp_fortress_building_name_163,15,banner_bubble_relic_104,banner_bubble_remains01,300,374,490,1800,100002,relic_boss_14,13004014,4,8014,200,-1,4,[],50,2000,300,1100,3
401406,100,3600,[401405|401502|401308|401503|401407|401309],33,[33],[1022|1500],sp_fortress_building_buff_159_S1,{1022:1500},1200000,[401405|401502|401308|401503|401407|401309],5,5,60,20124001,35000000000,hero_name_60266,monster_fortress_001,101001,1800,1677600,72000|36000|0|0|0,604800,691200|691200|691200|691200|691200|691200|691200,13004114,401406,21600,9004|120,icon_small_fortress2,-1,,,3,res_relic_bg_104,40,9,9,SLG_site_02,,,[21501|50|21502|30|21503|20],3|1|1,Head_60266,sp_fortress_building_name_164,15,banner_bubble_relic_104,banner_bubble_remains01,300,361,669,1800,100002,relic_boss_14,13004014,4,8014,200,-1,4,[],50,2000,300,1100,3
401407,100,3600,[401503|401212|401312|401311|401406|401310],55,[55],[1001|1000],sp_fortress_building_buff_160_S1,{1001:1000},1200000,[401503|401212|401312|401311|401406|401310],5,5,60,20124001,35000000000,hero_name_60266,monster_fortress_001,101001,1800,1677600,72000|36000|0|0|0,604800,691200|691200|691200|691200|691200|691200|691200,13004114,401407,21600,9004|120,icon_small_fortress2,-1,,,3,res_relic_bg_104,40,9,9,SLG_site_02,,,[21501|50|21502|30|21503|20],3|1|1,Head_60266,sp_fortress_building_name_165,15,banner_bubble_relic_104,banner_bubble_remains01,300,310,816,1800,100002,relic_boss_14,13004014,4,8014,200,-1,4,[],50,2000,300,1100,3
401408,100,3600,[401504|401409|401312|401503|401313|401314],49,[49],[36|500],sp_fortress_building_buff_161_S1,{36:500},1200000,[401504|401409|401312|401503|401313|401314],5,5,60,20124001,35000000000,hero_name_60266,monster_fortress_001,101001,1800,1677600,72000|36000|0|0|0,604800,691200|691200|691200|691200|691200|691200|691200,13004114,401408,21600,9004|120,icon_small_fortress2,-1,,,3,res_relic_bg_104,40,9,9,SLG_site_02,,,[21501|50|21502|30|21503|20],3|1|1,Head_60266,sp_fortress_building_name_166,15,banner_bubble_relic_104,banner_bubble_remains01,300,198,730,1800,100002,relic_boss_14,13004014,4,8014,200,-1,4,[],50,2000,300,1100,3
401409,100,3600,[401410|401315|401504|401314|401215|401408],43,[43],[35|500],sp_fortress_building_buff_162_S1,{35:500},1200000,[401410|401315|401504|401314|401215|401408],5,5,60,20124001,35000000000,hero_name_60266,monster_fortress_001,101001,1800,1677600,72000|36000|0|0|0,604800,691200|691200|691200|691200|691200|691200|691200,13004114,401409,21600,9004|120,icon_small_fortress2,-1,,,3,res_relic_bg_104,40,9,9,SLG_site_02,,,[21501|50|21502|30|21503|20],3|1|1,Head_60266,sp_fortress_building_name_167,15,banner_bubble_relic_104,banner_bubble_remains01,300,116,694,1800,100002,relic_boss_14,13004014,4,8014,200,-1,4,[],50,2000,300,1100,3
401410,100,3600,[401316|401217|401505|401409|401315|401504],37,[37],[1056|500],sp_fortress_building_buff_163_S1,{1056:500},1200000,[401316|401217|401505|401409|401315|401504],5,5,60,20124001,35000000000,hero_name_60266,monster_fortress_001,101001,1800,1677600,72000|36000|0|0|0,604800,691200|691200|691200|691200|691200|691200|691200,13004114,401410,21600,9004|120,icon_small_fortress2,-1,,,3,res_relic_bg_104,40,9,9,SLG_site_02,,,[21501|50|21502|30|21503|20],3|1|1,Head_60266,sp_fortress_building_name_168,15,banner_bubble_relic_104,banner_bubble_remains01,300,115,503,1800,100002,relic_boss_14,13004014,4,8014,200,-1,4,[],50,2000,300,1100,3
401501,100,3600,[401304|401402|401403],18,[18],,sp_fortress_building_buff_169_S1,{},2500000,[401304|401402|401403],5,5,60,20125001,45000000000,hero_name_60247,monster_fortress_001,101001,1800,2023200,72000|36000|0|0|0,777600,864000|864000|864000|864000|864000|864000|864000,13004115,401501,21600,9005|150,icon_small_fortress3,1,,[12001|100|5001|100|6001|100],3,res_relic_bg_105,50,9,9,SLG_site_02,,,[21601|50|21602|30|21603|20],3|1|1,Head_60247,sp_fortress_building_name_169,20,banner_bubble_relic_105,banner_bubble_remains01,300,257,337,1800,100002,relic_boss_15,13004015,4,8015,200,-1,5,[(12001|100)|(5001|100)|(6001|100)],50,1000,300,1400,3
401502,100,3600,[401403|401404|401405|401406],26,[26],,sp_fortress_building_buff_170_S1,{},2500000,[401403|401404|401405|401406],5,5,60,20125001,45000000000,hero_name_60247,monster_fortress_001,101001,1800,2023200,72000|36000|0|0|0,777600,864000|864000|864000|864000|864000|864000|864000,13004115,401502,21600,9005|150,icon_small_fortress3,2,,[14112|100|15112|100|16112|100],3,res_relic_bg_105,50,9,9,SLG_site_02,,,[21601|50|21602|30|21603|20],3|1|1,Head_60247,sp_fortress_building_name_170,20,banner_bubble_relic_105,banner_bubble_remains01,300,329,481,1800,100002,relic_boss_15,13004015,4,8015,200,-1,5,[(14112|100)|(15112|100)|(16112|100)],50,1000,300,1400,3
401503,100,3600,[401504|401406|401407|401408],50,[50],,sp_fortress_building_buff_171_S1,{},2500000,[401504|401406|401407|401408],5,5,60,20125001,45000000000,hero_name_60247,monster_fortress_001,101001,1800,2023200,72000|36000|0|0|0,777600,864000|864000|864000|864000|864000|864000|864000,13004115,401503,21600,9005|150,icon_small_fortress3,1,,[12001|100|5001|100|6001|100],3,res_relic_bg_105,50,9,9,SLG_site_02,,,[21601|50|21602|30|21603|20],3|1|1,Head_60247,sp_fortress_building_name_171,20,banner_bubble_relic_105,banner_bubble_remains01,300,290,708,1800,100002,relic_boss_15,13004015,4,8015,200,-1,5,[(12001|100)|(5001|100)|(6001|100)],50,1000,300,1400,3
401504,100,3600,[401410|401409|401505|401408|401503],44,[44],,sp_fortress_building_buff_172_S1,{},2500000,[401410|401409|401505|401408|401503],5,5,60,20125001,45000000000,hero_name_60247,monster_fortress_001,101001,1800,2023200,72000|36000|0|0|0,777600,864000|864000|864000|864000|864000|864000|864000,13004115,401504,21600,9005|150,icon_small_fortress3,2,,[14112|100|15112|100|16112|100],3,res_relic_bg_105,50,9,9,SLG_site_02,,,[21601|50|21602|30|21603|20],3|1|1,Head_60247,sp_fortress_building_name_172,20,banner_bubble_relic_105,banner_bubble_remains01,300,182,654,1800,100002,relic_boss_15,13004015,4,8015,200,-1,5,[(14112|100)|(15112|100)|(16112|100)],50,1000,300,1400,3
401505,100,3600,[401401|401410|401402|401504],36,[36],,sp_fortress_building_buff_173_S1,{},2500000,[401401|401410|401402|401504],5,5,60,20125001,45000000000,hero_name_60247,monster_fortress_001,101001,1800,2023200,72000|36000|0|0|0,777600,864000|864000|864000|864000|864000|864000|864000,13004115,401505,21600,9005|150,icon_small_fortress3,1,,[12001|100|5001|100|6001|100],3,res_relic_bg_105,50,9,9,SLG_site_02,,,[21601|50|21602|30|21603|20],3|1|1,Head_60247,sp_fortress_building_name_173,20,banner_bubble_relic_105,banner_bubble_remains01,300,169,459,1800,100002,relic_boss_15,13004015,4,8015,200,-1,5,[(12001|100)|(5001|100)|(6001|100)],50,1000,300,1400,3
402101,100,3600,[402201|402102|402124],1,[1],[1013|1000],sp_fortress_building_buff_101_S1,{1013:1000},400000,[402201|402102|402124],5,5,60,221001,15000000000,hero_name_60307,monster_fortress_001,101001,1800,554400,72000|36000|0|0|0,86400,172800|172800|172800|172800|172800|172800|172800,13000121,402101,21600,9001|50,icon_small_fortress1,-1,,,3,chat_share_relic_s201,10,9,9,SLG_site_02,,,[21101|50|21102|30|21103|20],3|1|1,Head_60307,sp_fortress_building_name_101,10,banner_bubble_relic_201,banner_bubble_remains21,300,16,44,1800,100002,relic_boss_21,13000001,4,8011,200,-1,1,[],50,5000,300,200,3
402102,100,3600,[402201|402101|402103|402301|402202],23,[23],[1012|1000],sp_fortress_building_buff_102_S1,{1012:1000},400000,[402201|402101|402103|402301|402202],5,5,60,221001,15000000000,hero_name_60307,monster_fortress_001,101001,1800,554400,72000|36000|0|0|0,86400,172800|172800|172800|172800|172800|172800|172800,13000121,402102,21600,9001|50,icon_small_fortress1,-1,,,3,chat_share_relic_s201,10,9,9,SLG_site_02,,,[21101|50|21102|30|21103|20],3|1|1,Head_60307,sp_fortress_building_name_102,10,banner_bubble_relic_201,banner_bubble_remains21,300,104,44,1800,100002,relic_boss_21,13000001,4,8011,200,-1,1,[],50,5000,300,200,3
402103,100,3600,[402202|402102|402104],34,[34],[1014|1000],sp_fortress_building_buff_103_S1,{1014:1000},400000,[402202|402102|402104],5,5,60,221001,15000000000,hero_name_60307,monster_fortress_001,101001,1800,554400,72000|36000|0|0|0,86400,172800|172800|172800|172800|172800|172800|172800,13000121,402103,21600,9001|50,icon_small_fortress1,-1,,,3,chat_share_relic_s201,10,9,9,SLG_site_02,,,[21101|50|21102|30|21103|20],3|1|1,Head_60307,sp_fortress_building_name_103,10,banner_bubble_relic_201,banner_bubble_remains21,300,163,25,1800,100002,relic_boss_21,13000001,4,8011,200,-1,1,[],50,5000,300,200,3
402104,100,3600,[402103|402203|402105|402202],56,[56],[1001|300],sp_fortress_building_buff_104_S1,{1001:300},400000,[402103|402203|402105|402202],5,5,60,221001,15000000000,hero_name_60307,monster_fortress_001,101001,1800,554400,72000|36000|0|0|0,86400,172800|172800|172800|172800|172800|172800|172800,13000121,402104,21600,9001|50,icon_small_fortress1,-1,,,3,chat_share_relic_s201,10,9,9,SLG_site_02,,,[21101|50|21102|30|21103|20],3|1|1,Head_60307,sp_fortress_building_name_104,10,banner_bubble_relic_201,banner_bubble_remains21,300,243,51,1800,100002,relic_boss_21,13000001,4,8011,200,-1,1,[],50,5000,300,200,3
402105,100,3600,[402204|402104|402106],67,[67],[1002|300],sp_fortress_building_buff_105_S1,{1002:300},400000,[402204|402104|402106],5,5,60,221001,15000000000,hero_name_60307,monster_fortress_001,101001,1800,554400,72000|36000|0|0|0,86400,172800|172800|172800|172800|172800|172800|172800,13000121,402105,21600,9001|50,icon_small_fortress1,-1,,,3,chat_share_relic_s201,10,9,9,SLG_site_02,,,[21101|50|21102|30|21103|20],3|1|1,Head_60307,sp_fortress_building_name_105,10,banner_bubble_relic_201,banner_bubble_remains21,300,337,19,1800,100002,relic_boss_21,13000001,4,8011,200,-1,1,[],50,5000,300,200,3
402106,100,3600,[402105|402205|402107|402305|402204],74,[74],[1033|300],sp_fortress_building_buff_106_S1,{1033:300},400000,[402105|402205|402107|402305|402204],5,5,60,221001,15000000000,hero_name_60307,monster_fortress_001,101001,1800,554400,72000|36000|0|0|0,86400,172800|172800|172800|172800|172800|172800|172800,13000121,402106,21600,9001|50,icon_small_fortress1,-1,,,3,chat_share_relic_s201,10,9,9,SLG_site_02,,,[21101|50|21102|30|21103|20],3|1|1,Head_60307,sp_fortress_building_name_106,10,banner_bubble_relic_201,banner_bubble_remains21,300,399,57,1800,100002,relic_boss_21,13000001,4,8011,200,-1,1,[],50,5000,300,200,3
402107,100,3600,[402205|402106|402108],2,[2],[1034|300],sp_fortress_building_buff_107_S1,{1034:300},400000,[402205|402106|402108],5,5,60,221001,15000000000,hero_name_60307,monster_fortress_001,101001,1800,554400,72000|36000|0|0|0,86400,172800|172800|172800|172800|172800|172800|172800,13000121,402107,21600,9001|50,icon_small_fortress1,-1,,,3,chat_share_relic_s201,10,9,9,SLG_site_02,,,[21101|50|21102|30|21103|20],3|1|1,Head_60307,sp_fortress_building_name_107,10,banner_bubble_relic_201,banner_bubble_remains21,300,486,70,1800,100002,relic_boss_21,13000001,4,8011,200,-1,1,[],50,5000,300,200,3
402108,100,3600,[402205|402206|402107|402109],3,[3],[1016|300],sp_fortress_building_buff_108_S1,{1016:300},400000,[402205|402206|402107|402109],5,5,60,221001,15000000000,hero_name_60307,monster_fortress_001,101001,1800,554400,72000|36000|0|0|0,86400,172800|172800|172800|172800|172800|172800|172800,13000121,402108,21600,9001|50,icon_small_fortress1,-1,,,3,chat_share_relic_s201,10,9,9,SLG_site_02,,,[21101|50|21102|30|21103|20],3|1|1,Head_60307,sp_fortress_building_name_108,10,banner_bubble_relic_201,banner_bubble_remains21,300,489,153,1800,100002,relic_boss_21,13000001,4,8011,200,-1,1,[],50,5000,300,200,3
402109,100,3600,[402108|402206|402110|402207],22,[22],[1013|1000],sp_fortress_building_buff_101_S1,{1013:1000},400000,[402108|402206|402110|402207],5,5,60,221001,15000000000,hero_name_60307,monster_fortress_001,101001,1800,554400,72000|36000|0|0|0,86400,172800|172800|172800|172800|172800|172800|172800,13000121,402109,21600,9001|50,icon_small_fortress1,-1,,,3,chat_share_relic_s201,10,9,9,SLG_site_02,,,[21101|50|21102|30|21103|20],3|1|1,Head_60307,sp_fortress_building_name_109,10,banner_bubble_relic_201,banner_bubble_remains21,300,489,337,1800,100002,relic_boss_21,13000001,4,8011,200,-1,1,[],50,5000,300,200,3
402110,100,3600,[402109|402207|402208|402111],29,[29],[1012|1000],sp_fortress_building_buff_102_S1,{1012:1000},400000,[402109|402207|402208|402111],5,5,60,221001,15000000000,hero_name_60307,monster_fortress_001,101001,1800,554400,72000|36000|0|0|0,86400,172800|172800|172800|172800|172800|172800|172800,13000121,402110,21600,9001|50,icon_small_fortress1,-1,,,3,chat_share_relic_s201,10,9,9,SLG_site_02,,,[21101|50|21102|30|21103|20],3|1|1,Head_60307,sp_fortress_building_name_110,10,banner_bubble_relic_201,banner_bubble_remains21,300,489,521,1800,100002,relic_boss_21,13000001,4,8011,200,-1,1,[],50,5000,300,200,3
402111,100,3600,[402110|402208|402209|402112],30,[30],[1014|1000],sp_fortress_building_buff_103_S1,{1014:1000},400000,[402110|402208|402209|402112],5,5,60,221001,15000000000,hero_name_60307,monster_fortress_001,101001,1800,554400,72000|36000|0|0|0,86400,172800|172800|172800|172800|172800|172800|172800,13000121,402111,21600,9001|50,icon_small_fortress1,-1,,,3,chat_share_relic_s201,10,9,9,SLG_site_02,,,[21101|50|21102|30|21103|20],3|1|1,Head_60307,sp_fortress_building_name_111,10,banner_bubble_relic_201,banner_bubble_remains21,300,492,682,1800,100002,relic_boss_21,13000001,4,8011,200,-1,1,[],50,5000,300,200,3
402112,100,3600,[402111|402209|402210|402113],53,[53],[1001|300],sp_fortress_building_buff_104_S1,{1001:300},400000,[402111|402209|402210|402113],5,5,60,221001,15000000000,hero_name_60307,monster_fortress_001,101001,1800,554400,72000|36000|0|0|0,86400,172800|172800|172800|172800|172800|172800|172800,13000121,402112,21600,9001|50,icon_small_fortress1,-1,,,3,chat_share_relic_s201,10,9,9,SLG_site_02,,,[21101|50|21102|30|21103|20],3|1|1,Head_60307,sp_fortress_building_name_112,10,banner_bubble_relic_201,banner_bubble_remains21,300,490,854,1800,100002,relic_boss_21,13000001,4,8011,200,-1,1,[],50,5000,300,200,3
402113,100,3600,[402112|402210|402114],72,[72],[1002|300],sp_fortress_building_buff_105_S1,{1002:300},400000,[402112|402210|402114],5,5,60,221001,15000000000,hero_name_60307,monster_fortress_001,101001,1800,554400,72000|36000|0|0|0,86400,172800|172800|172800|172800|172800|172800|172800,13000121,402113,21600,9001|50,icon_small_fortress1,-1,,,3,chat_share_relic_s201,10,9,9,SLG_site_02,,,[21101|50|21102|30|21103|20],3|1|1,Head_60307,sp_fortress_building_name_113,10,banner_bubble_relic_201,banner_bubble_remains21,300,484,978,1800,100002,relic_boss_21,13000001,4,8011,200,-1,1,[],50,5000,300,200,3
402114,100,3600,[402310|402211|402210|402115|402113],70,[70],[1033|300],sp_fortress_building_buff_106_S1,{1033:300},400000,[402310|402211|402210|402115|402113],5,5,60,221001,15000000000,hero_name_60307,monster_fortress_001,101001,1800,554400,72000|36000|0|0|0,86400,172800|172800|172800|172800|172800|172800|172800,13000121,402114,21600,9001|50,icon_small_fortress1,-1,,,3,chat_share_relic_s201,10,9,9,SLG_site_02,,,[21101|50|21102|30|21103|20],3|1|1,Head_60307,sp_fortress_building_name_114,10,banner_bubble_relic_201,banner_bubble_remains21,300,409,961,1800,100002,relic_boss_21,13000001,4,8011,200,-1,1,[],50,5000,300,200,3
402115,100,3600,[402211|402116|402114],69,[69],[1034|300],sp_fortress_building_buff_107_S1,{1034:300},400000,[402211|402116|402114],5,5,60,221001,15000000000,hero_name_60307,monster_fortress_001,101001,1800,554400,72000|36000|0|0|0,86400,172800|172800|172800|172800|172800|172800|172800,13000121,402115,21600,9001|50,icon_small_fortress1,-1,,,3,chat_share_relic_s201,10,9,9,SLG_site_02,,,[21101|50|21102|30|21103|20],3|1|1,Head_60307,sp_fortress_building_name_115,10,banner_bubble_relic_201,banner_bubble_remains21,300,329,991,1800,100002,relic_boss_21,13000001,4,8011,200,-1,1,[],50,5000,300,200,3
402116,100,3600,[402212|402211|402117|402115],65,[65],[1016|300],sp_fortress_building_buff_108_S1,{1016:300},400000,[402212|402211|402117|402115],5,5,60,221001,15000000000,hero_name_60307,monster_fortress_001,101001,1800,554400,72000|36000|0|0|0,86400,172800|172800|172800|172800|172800|172800|172800,13000121,402116,21600,9001|50,icon_small_fortress1,-1,,,3,chat_share_relic_s201,10,9,9,SLG_site_02,,,[21101|50|21102|30|21103|20],3|1|1,Head_60307,sp_fortress_building_name_116,10,banner_bubble_relic_201,banner_bubble_remains21,300,259,981,1800,100002,relic_boss_21,13000001,4,8011,200,-1,1,[],50,5000,300,200,3
402117,100,3600,[402213|402118|402116],62,[62],[1013|1000],sp_fortress_building_buff_101_S1,{1013:1000},400000,[402213|402118|402116],5,5,60,221001,15000000000,hero_name_60307,monster_fortress_001,101001,1800,554400,72000|36000|0|0|0,86400,172800|172800|172800|172800|172800|172800|172800,13000121,402117,21600,9001|50,icon_small_fortress1,-1,,,3,chat_share_relic_s201,10,9,9,SLG_site_02,,,[21101|50|21102|30|21103|20],3|1|1,Head_60307,sp_fortress_building_name_117,10,banner_bubble_relic_201,banner_bubble_remains21,300,173,981,1800,100002,relic_boss_21,13000001,4,8011,200,-1,1,[],50,5000,300,200,3
402118,100,3600,[402313|402214|402213|402119|402117],61,[61],[1012|1000],sp_fortress_building_buff_102_S1,{1012:1000},400000,[402313|402214|402213|402119|402117],5,5,60,221001,15000000000,hero_name_60307,monster_fortress_001,101001,1800,554400,72000|36000|0|0|0,86400,172800|172800|172800|172800|172800|172800|172800,13000121,402118,21600,9001|50,icon_small_fortress1,-1,,,3,chat_share_relic_s201,10,9,9,SLG_site_02,,,[21101|50|21102|30|21103|20],3|1|1,Head_60307,sp_fortress_building_name_118,10,banner_bubble_relic_201,banner_bubble_remains21,300,99,975,1800,100002,relic_boss_21,13000001,4,8011,200,-1,1,[],50,5000,300,200,3
402119,100,3600,[402120|402214|402118],60,[60],[1014|1000],sp_fortress_building_buff_103_S1,{1014:1000},400000,[402120|402214|402118],5,5,60,221001,15000000000,hero_name_60307,monster_fortress_001,101001,1800,554400,72000|36000|0|0|0,86400,172800|172800|172800|172800|172800|172800|172800,13000121,402119,21600,9001|50,icon_small_fortress1,-1,,,3,chat_share_relic_s201,10,9,9,SLG_site_02,,,[21101|50|21102|30|21103|20],3|1|1,Head_60307,sp_fortress_building_name_119,10,banner_bubble_relic_201,banner_bubble_remains21,300,25,981,1800,100002,relic_boss_21,13000001,4,8011,200,-1,1,[],50,5000,300,200,3
402120,100,3600,[402121|402215|402119|402214],47,[47],[1001|300],sp_fortress_building_buff_104_S1,{1001:300},400000,[402121|402215|402119|402214],5,5,60,221001,15000000000,hero_name_60307,monster_fortress_001,101001,1800,554400,72000|36000|0|0|0,86400,172800|172800|172800|172800|172800|172800|172800,13000121,402120,21600,9001|50,icon_small_fortress1,-1,,,3,chat_share_relic_s201,10,9,9,SLG_site_02,,,[21101|50|21102|30|21103|20],3|1|1,Head_60307,sp_fortress_building_name_120,10,banner_bubble_relic_201,banner_bubble_remains21,300,22,846,1800,100002,relic_boss_21,13000001,4,8011,200,-1,1,[],50,5000,300,200,3
402121,100,3600,[402122|402216|402120|402215],40,[40],[1002|300],sp_fortress_building_buff_105_S1,{1002:300},400000,[402122|402216|402120|402215],5,5,60,221001,15000000000,hero_name_60307,monster_fortress_001,101001,1800,554400,72000|36000|0|0|0,86400,172800|172800|172800|172800|172800|172800|172800,13000121,402121,21600,9001|50,icon_small_fortress1,-1,,,3,chat_share_relic_s201,10,9,9,SLG_site_02,,,[21101|50|21102|30|21103|20],3|1|1,Head_60307,sp_fortress_building_name_121,10,banner_bubble_relic_201,banner_bubble_remains21,300,19,675,1800,100002,relic_boss_21,13000001,4,8011,200,-1,1,[],50,5000,300,200,3
402122,100,3600,[402123|402217|402216|402121],39,[39],[1033|300],sp_fortress_building_buff_106_S1,{1033:300},400000,[402123|402217|402216|402121],5,5,60,221001,15000000000,hero_name_60307,monster_fortress_001,101001,1800,554400,72000|36000|0|0|0,86400,172800|172800|172800|172800|172800|172800|172800,13000121,402122,21600,9001|50,icon_small_fortress1,-1,,,3,chat_share_relic_s201,10,9,9,SLG_site_02,,,[21101|50|21102|30|21103|20],3|1|1,Head_60307,sp_fortress_building_name_122,10,banner_bubble_relic_201,banner_bubble_remains21,300,22,490,1800,100002,relic_boss_21,13000001,4,8011,200,-1,1,[],50,5000,300,200,3
402123,100,3600,[402124|402218|402122|402217],13,[13],[1034|300],sp_fortress_building_buff_107_S1,{1034:300},400000,[402124|402218|402122|402217],5,5,60,221001,15000000000,hero_name_60307,monster_fortress_001,101001,1800,554400,72000|36000|0|0|0,86400,172800|172800|172800|172800|172800|172800|172800,13000121,402123,21600,9001|50,icon_small_fortress1,-1,,,3,chat_share_relic_s201,10,9,9,SLG_site_02,,,[21101|50|21102|30|21103|20],3|1|1,Head_60307,sp_fortress_building_name_123,10,banner_bubble_relic_201,banner_bubble_remains21,300,18,350,1800,100002,relic_boss_21,13000001,4,8011,200,-1,1,[],50,5000,300,200,3
402124,100,3600,[402101|402201|402218|402123],11,[11],[1016|300],sp_fortress_building_buff_108_S1,{1016:300},400000,[402101|402201|402218|402123],5,5,60,221001,15000000000,hero_name_60307,monster_fortress_001,101001,1800,554400,72000|36000|0|0|0,86400,172800|172800|172800|172800|172800|172800|172800,13000121,402124,21600,9001|50,icon_small_fortress1,-1,,,3,chat_share_relic_s201,10,9,9,SLG_site_02,,,[21101|50|21102|30|21103|20],3|1|1,Head_60307,sp_fortress_building_name_124,10,banner_bubble_relic_201,banner_bubble_remains21,300,19,175,1800,100002,relic_boss_21,13000001,4,8011,200,-1,1,[],50,5000,300,200,3
402201,100,3600,[402101|402124|402102|402301],12,[12],[1004|500],sp_fortress_building_buff_125_S1,{1004:500},600000,[402101|402124|402102|402301],5,5,60,222001,20000000000,hero_name_60315,monster_fortress_001,101001,1800,986400,72000|36000|0|0|0,259200,345600|345600|345600|345600|345600|345600|345600,13000122,402201,21600,9002|80,icon_small_fortress1,-1,,,3,chat_share_relic_s202,20,9,9,SLG_site_02,,,[21201|50|21202|30|21203|20],3|1|1,Head_60315,sp_fortress_building_name_125,10,banner_bubble_relic_202,banner_bubble_remains21,300,72,108,1800,100002,relic_boss_22,13000002,4,8012,200,-1,2,[],50,4000,300,500,3
402202,100,3600,[402103|402302|402102|402104],45,[45],[1005|500],sp_fortress_building_buff_126_S1,{1005:500},600000,[402103|402302|402102|402104],5,5,60,222001,20000000000,hero_name_60315,monster_fortress_001,101001,1800,986400,72000|36000|0|0|0,259200,345600|345600|345600|345600|345600|345600|345600,13000122,402202,21600,9002|80,icon_small_fortress1,-1,,,3,chat_share_relic_s202,20,9,9,SLG_site_02,,,[21201|50|21202|30|21203|20],3|1|1,Head_60315,sp_fortress_building_name_126,10,banner_bubble_relic_202,banner_bubble_remains21,300,179,89,1800,100002,relic_boss_22,13000002,4,8012,200,-1,2,[],50,4000,300,500,3
402203,100,3600,[402104|402204|402303|402302|402304],7,[7],[1006|500],sp_fortress_building_buff_127_S1,{1006:500},600000,[402104|402204|402303|402302|402304],5,5,60,222001,20000000000,hero_name_60315,monster_fortress_001,101001,1800,986400,72000|36000|0|0|0,259200,345600|345600|345600|345600|345600|345600|345600,13000122,402203,21600,9002|80,icon_small_fortress1,-1,,,3,chat_share_relic_s202,20,9,9,SLG_site_02,,,[21201|50|21202|30|21203|20],3|1|1,Head_60315,sp_fortress_building_name_127,10,banner_bubble_relic_202,banner_bubble_remains21,300,260,146,1800,100002,relic_boss_22,13000002,4,8012,200,-1,2,[],50,4000,300,500,3
402204,100,3600,[402105|402304|402203|402305|402106],73,[73],[1022|500],sp_fortress_building_buff_128_S1,{1022:500},600000,[402105|402304|402203|402305|402106],5,5,60,222001,20000000000,hero_name_60315,monster_fortress_001,101001,1800,986400,72000|36000|0|0|0,259200,345600|345600|345600|345600|345600|345600|345600,13000122,402204,21600,9002|80,icon_small_fortress1,-1,,,3,chat_share_relic_s202,20,9,9,SLG_site_02,,,[21201|50|21202|30|21203|20],3|1|1,Head_60315,sp_fortress_building_name_128,10,banner_bubble_relic_202,banner_bubble_remains21,300,334,92,1800,100002,relic_boss_22,13000002,4,8012,200,-1,2,[],50,4000,300,500,3
402205,100,3600,[402106|402107|402108|402306|402305],4,[4],[1022|500],sp_fortress_building_buff_128_S1,{1022:500},600000,[402106|402107|402108|402306|402305],5,5,60,222001,20000000000,hero_name_60315,monster_fortress_001,101001,1800,986400,72000|36000|0|0|0,259200,345600|345600|345600|345600|345600|345600|345600,13000122,402205,21600,9002|80,icon_small_fortress1,-1,,,3,chat_share_relic_s202,20,9,9,SLG_site_02,,,[21201|50|21202|30|21203|20],3|1|1,Head_60315,sp_fortress_building_name_129,10,banner_bubble_relic_202,banner_bubble_remains21,300,422,124,1800,100002,relic_boss_22,13000002,4,8012,200,-1,2,[],50,4000,300,500,3
402206,100,3600,[402108|402306|402307|402109|402207],21,[21],[36|300],sp_fortress_building_buff_130_S1,{36:300},600000,[402108|402306|402307|402109|402207],5,5,60,222001,20000000000,hero_name_60315,monster_fortress_001,101001,1800,986400,72000|36000|0|0|0,259200,345600|345600|345600|345600|345600|345600|345600,13000122,402206,21600,9002|80,icon_small_fortress1,-1,,,3,chat_share_relic_s202,20,9,9,SLG_site_02,,,[21201|50|21202|30|21203|20],3|1|1,Head_60315,sp_fortress_building_name_130,10,banner_bubble_relic_202,banner_bubble_remains21,300,462,274,1800,100002,relic_boss_22,13000002,4,8012,200,-1,2,[],50,4000,300,500,3
402207,100,3600,[402206|402307|402109|402208|402405|402110],28,[28],[1004|500],sp_fortress_building_buff_125_S1,{1004:500},600000,[402206|402307|402109|402208|402405|402110],5,5,60,222001,20000000000,hero_name_60315,monster_fortress_001,101001,1800,986400,72000|36000|0|0|0,259200,345600|345600|345600|345600|345600|345600|345600,13000122,402207,21600,9002|80,icon_small_fortress1,-1,,,3,chat_share_relic_s202,20,9,9,SLG_site_02,,,[21201|50|21202|30|21203|20],3|1|1,Head_60315,sp_fortress_building_name_131,10,banner_bubble_relic_202,banner_bubble_remains21,300,445,465,1800,100002,relic_boss_22,13000002,4,8012,200,-1,2,[],50,4000,300,500,3
402208,100,3600,[402207|402308|402110|402309|402209|402111],31,[31],[1005|500],sp_fortress_building_buff_126_S1,{1005:500},600000,[402207|402308|402110|402309|402209|402111],5,5,60,222001,20000000000,hero_name_60315,monster_fortress_001,101001,1800,986400,72000|36000|0|0|0,259200,345600|345600|345600|345600|345600|345600|345600,13000122,402208,21600,9002|80,icon_small_fortress1,-1,,,3,chat_share_relic_s202,20,9,9,SLG_site_02,,,[21201|50|21202|30|21203|20],3|1|1,Head_60315,sp_fortress_building_name_132,10,banner_bubble_relic_202,banner_bubble_remains21,300,435,581,1800,100002,relic_boss_22,13000002,4,8012,200,-1,2,[],50,4000,300,500,3
402209,100,3600,[402208|402309|402111|402112|402310],52,[52],[1006|500],sp_fortress_building_buff_127_S1,{1006:500},600000,[402208|402309|402111|402112|402310],5,5,60,222001,20000000000,hero_name_60315,monster_fortress_001,101001,1800,986400,72000|36000|0|0|0,259200,345600|345600|345600|345600|345600|345600|345600,13000122,402209,21600,9002|80,icon_small_fortress1,-1,,,3,chat_share_relic_s202,20,9,9,SLG_site_02,,,[21201|50|21202|30|21203|20],3|1|1,Head_60315,sp_fortress_building_name_133,10,banner_bubble_relic_202,banner_bubble_remains21,300,460,738,1800,100002,relic_boss_22,13000002,4,8012,200,-1,2,[],50,4000,300,500,3
402210,100,3600,[402310|402112|402114|402113],71,[71],[1022|500],sp_fortress_building_buff_128_S1,{1022:500},600000,[402310|402112|402114|402113],5,5,60,222001,20000000000,hero_name_60315,monster_fortress_001,101001,1800,986400,72000|36000|0|0|0,259200,345600|345600|345600|345600|345600|345600|345600,13000122,402210,21600,9002|80,icon_small_fortress1,-1,,,3,chat_share_relic_s202,20,9,9,SLG_site_02,,,[21201|50|21202|30|21203|20],3|1|1,Head_60315,sp_fortress_building_name_134,10,banner_bubble_relic_202,banner_bubble_remains21,300,444,898,1800,100002,relic_boss_22,13000002,4,8012,200,-1,2,[],50,4000,300,500,3
402211,100,3600,[402311|402115|402116|402114],68,[68],[1022|500],sp_fortress_building_buff_128_S1,{1022:500},600000,[402311|402115|402116|402114],5,5,60,222001,20000000000,hero_name_60315,monster_fortress_001,101001,1800,986400,72000|36000|0|0|0,259200,345600|345600|345600|345600|345600|345600|345600,13000122,402211,21600,9002|80,icon_small_fortress1,-1,,,3,chat_share_relic_s202,20,9,9,SLG_site_02,,,[21201|50|21202|30|21203|20],3|1|1,Head_60315,sp_fortress_building_name_135,10,banner_bubble_relic_202,banner_bubble_remains21,300,323,925,1800,100002,relic_boss_22,13000002,4,8012,200,-1,2,[],50,4000,300,500,3
402212,100,3600,[402312|402407|402116|402311|402213],64,[64],[36|300],sp_fortress_building_buff_130_S1,{36:300},600000,[402312|402407|402116|402311|402213],5,5,60,222001,20000000000,hero_name_60315,monster_fortress_001,101001,1800,986400,72000|36000|0|0|0,259200,345600|345600|345600|345600|345600|345600|345600,13000122,402212,21600,9002|80,icon_small_fortress1,-1,,,3,chat_share_relic_s202,20,9,9,SLG_site_02,,,[21201|50|21202|30|21203|20],3|1|1,Head_60315,sp_fortress_building_name_136,10,banner_bubble_relic_202,banner_bubble_remains21,300,249,867,1800,100002,relic_boss_22,13000002,4,8012,200,-1,2,[],50,4000,300,500,3
402213,100,3600,[402313|402117|402118|402312|402212],63,[63],[1004|500],sp_fortress_building_buff_125_S1,{1004:500},600000,[402313|402117|402118|402312|402212],5,5,60,222001,20000000000,hero_name_60315,monster_fortress_001,101001,1800,986400,72000|36000|0|0|0,259200,345600|345600|345600|345600|345600|345600|345600,13000122,402213,21600,9002|80,icon_small_fortress1,-1,,,3,chat_share_relic_s202,20,9,9,SLG_site_02,,,[21201|50|21202|30|21203|20],3|1|1,Head_60315,sp_fortress_building_name_137,10,banner_bubble_relic_202,banner_bubble_remains21,300,186,928,1800,100002,relic_boss_22,13000002,4,8012,200,-1,2,[],50,4000,300,500,3
402214,100,3600,[402314|402120|402313|402119|402118],59,[59],[1005|500],sp_fortress_building_buff_126_S1,{1005:500},600000,[402314|402120|402313|402119|402118],5,5,60,222001,20000000000,hero_name_60315,monster_fortress_001,101001,1800,986400,72000|36000|0|0|0,259200,345600|345600|345600|345600|345600|345600|345600,13000122,402214,21600,9002|80,icon_small_fortress1,-1,,,3,chat_share_relic_s202,20,9,9,SLG_site_02,,,[21201|50|21202|30|21203|20],3|1|1,Head_60315,sp_fortress_building_name_138,10,banner_bubble_relic_202,banner_bubble_remains21,300,66,912,1800,100002,relic_boss_22,13000002,4,8012,200,-1,2,[],50,4000,300,500,3
402215,100,3600,[402216|402121|402315|402314|402409|402120],46,[46],[1006|500],sp_fortress_building_buff_127_S1,{1006:500},600000,[402216|402121|402315|402314|402409|402120],5,5,60,222001,20000000000,hero_name_60315,monster_fortress_001,101001,1800,986400,72000|36000|0|0|0,259200,345600|345600|345600|345600|345600|345600|345600,13000122,402215,21600,9002|80,icon_small_fortress1,-1,,,3,chat_share_relic_s202,20,9,9,SLG_site_02,,,[21201|50|21202|30|21203|20],3|1|1,Head_60315,sp_fortress_building_name_139,10,banner_bubble_relic_202,banner_bubble_remains21,300,54,752,1800,100002,relic_boss_22,13000002,4,8012,200,-1,2,[],50,4000,300,500,3
402216,100,3600,[402122|402315|402121|402215],41,[41],[1022|500],sp_fortress_building_buff_128_S1,{1022:500},600000,[402122|402315|402121|402215],5,5,60,222001,20000000000,hero_name_60315,monster_fortress_001,101001,1800,986400,72000|36000|0|0|0,259200,345600|345600|345600|345600|345600|345600|345600,13000122,402216,21600,9002|80,icon_small_fortress1,-1,,,3,chat_share_relic_s202,20,9,9,SLG_site_02,,,[21201|50|21202|30|21203|20],3|1|1,Head_60315,sp_fortress_building_name_140,10,banner_bubble_relic_202,banner_bubble_remains21,300,50,606,1800,100002,relic_boss_22,13000002,4,8012,200,-1,2,[],50,4000,300,500,3
402217,100,3600,[402218|402122|402123|402316|402410|402315],38,[38],[1022|500],sp_fortress_building_buff_128_S1,{1022:500},600000,[402218|402122|402123|402316|402410|402315],5,5,60,222001,20000000000,hero_name_60315,monster_fortress_001,101001,1800,986400,72000|36000|0|0|0,259200,345600|345600|345600|345600|345600|345600|345600,13000122,402217,21600,9002|80,icon_small_fortress1,-1,,,3,chat_share_relic_s202,20,9,9,SLG_site_02,,,[21201|50|21202|30|21203|20],3|1|1,Head_60315,sp_fortress_building_name_141,10,banner_bubble_relic_202,banner_bubble_remains21,300,67,433,1800,100002,relic_boss_22,13000002,4,8012,200,-1,2,[],50,4000,300,500,3
402218,100,3600,[402124|402301|402123|402316|402217],10,[10],[36|300],sp_fortress_building_buff_130_S1,{36:300},600000,[402124|402301|402123|402316|402217],5,5,60,222001,20000000000,hero_name_60315,monster_fortress_001,101001,1800,986400,72000|36000|0|0|0,259200,345600|345600|345600|345600|345600|345600|345600,13000122,402218,21600,9002|80,icon_small_fortress1,-1,,,3,chat_share_relic_s202,20,9,9,SLG_site_02,,,[21201|50|21202|30|21203|20],3|1|1,Head_60315,sp_fortress_building_name_142,10,banner_bubble_relic_202,banner_bubble_remains21,300,48,292,1800,100002,relic_boss_22,13000002,4,8012,200,-1,2,[],50,4000,300,500,3
402301,100,3600,[402102|402201|402302|402316|402218|402401],9,[9],[1072|1000],sp_fortress_building_buff_143_S1,{1072:1000},800000,[402102|402201|402302|402316|402218|402401],5,5,60,223001,30000000000,sp_fortress_heroname_203,monster_fortress_001,101001,1800,1332000,72000|36000|0|0|0,432000,518400|518400|518400|518400|518400|518400|518400,13000123,402301,21600,9003|100,icon_small_fortress2,-1,,,3,chat_share_relic_s203,30,9,9,SLG_site_02,,,[21301|50|21302|30|21303|20],3|1|1,Head_60313,sp_fortress_building_name_143,15,banner_bubble_relic_203,banner_bubble_remains22,300,108,216,1800,100002,relic_boss_23,13000003,4,8013,200,-1,3,[],50,3000,300,800,3
402302,100,3600,[402202|402401|402301|402303|402203],8,[8],[1002|500],sp_fortress_building_buff_144_S1,{1002:500},800000,[402202|402401|402301|402303|402203],5,5,60,223001,30000000000,sp_fortress_heroname_203,monster_fortress_001,101001,1800,1332000,72000|36000|0|0|0,432000,518400|518400|518400|518400|518400|518400|518400,13000123,402302,21600,9003|100,icon_small_fortress2,-1,,,3,chat_share_relic_s203,30,9,9,SLG_site_02,,,[21301|50|21302|30|21303|20],3|1|1,Head_60313,sp_fortress_building_name_144,15,banner_bubble_relic_203,banner_bubble_remains22,300,175,139,1800,100002,relic_boss_23,13000003,4,8013,200,-1,3,[],50,3000,300,800,3
402303,100,3600,[402302|402402|402401|402203|402304],16,[16],[1033|500],sp_fortress_building_buff_145_S1,{1033:500},800000,[402302|402402|402401|402203|402304],5,5,60,223001,30000000000,sp_fortress_heroname_203,monster_fortress_001,101001,1800,1332000,72000|36000|0|0|0,432000,518400|518400|518400|518400|518400|518400|518400,13000123,402303,21600,9003|100,icon_small_fortress2,-1,,,3,chat_share_relic_s203,30,9,9,SLG_site_02,,,[21301|50|21302|30|21303|20],3|1|1,Head_60313,sp_fortress_building_name_145,15,banner_bubble_relic_203,banner_bubble_remains22,300,214,242,1800,100002,relic_boss_23,13000003,4,8013,200,-1,3,[],50,3000,300,800,3
402304,100,3600,[402204|402203|402305|402501|402303|402403],6,[6],[1034|500],sp_fortress_building_buff_146_S1,{1034:500},800000,[402204|402203|402305|402501|402303|402403],5,5,60,223001,30000000000,sp_fortress_heroname_203,monster_fortress_001,101001,1800,1332000,72000|36000|0|0|0,432000,518400|518400|518400|518400|518400|518400|518400,13000123,402304,21600,9003|100,icon_small_fortress2,-1,,,3,chat_share_relic_s203,30,9,9,SLG_site_02,,,[21301|50|21302|30|21303|20],3|1|1,Head_60313,sp_fortress_building_name_146,15,banner_bubble_relic_203,banner_bubble_remains22,300,294,204,1800,100002,relic_boss_23,13000003,4,8013,200,-1,3,[],50,3000,300,800,3
402305,100,3600,[402204|402403|402304|402306|402106|402205],5,[5],[1016|500],sp_fortress_building_buff_147_S1,{1016:500},800000,[402204|402403|402304|402306|402106|402205],5,5,60,223001,30000000000,sp_fortress_heroname_203,monster_fortress_001,101001,1800,1332000,72000|36000|0|0|0,432000,518400|518400|518400|518400|518400|518400|518400,13000123,402305,21600,9003|100,icon_small_fortress2,-1,,,3,chat_share_relic_s203,30,9,9,SLG_site_02,,,[21301|50|21302|30|21303|20],3|1|1,Head_60313,sp_fortress_building_name_147,15,banner_bubble_relic_203,banner_bubble_remains22,300,368,172,1800,100002,relic_boss_23,13000003,4,8013,200,-1,3,[],50,3000,300,800,3
402306,100,3600,[402305|402404|402403|402205|402307|402206],20,[20],[1052|1000],sp_fortress_building_buff_148_S1,{1052:1000},800000,[402305|402404|402403|402205|402307|402206],5,5,60,223001,30000000000,sp_fortress_heroname_203,monster_fortress_001,101001,1800,1332000,72000|36000|0|0|0,432000,518400|518400|518400|518400|518400|518400|518400,13000123,402306,21600,9003|100,icon_small_fortress2,-1,,,3,chat_share_relic_s203,30,9,9,SLG_site_02,,,[21301|50|21302|30|21303|20],3|1|1,Head_60313,sp_fortress_building_name_148,15,banner_bubble_relic_203,banner_bubble_remains22,300,400,222,1800,100002,relic_boss_23,13000003,4,8013,200,-1,3,[],50,3000,300,800,3
402307,100,3600,[402306|402404|402206|402207|402405],24,[24],[35|500],sp_fortress_building_buff_149_S1,{35:500},800000,[402306|402404|402206|402207|402405],5,5,60,223001,30000000000,sp_fortress_heroname_203,monster_fortress_001,101001,1800,1332000,72000|36000|0|0|0,432000,518400|518400|518400|518400|518400|518400|518400,13000123,402307,21600,9003|100,icon_small_fortress2,-1,,,3,chat_share_relic_s203,30,9,9,SLG_site_02,,,[21301|50|21302|30|21303|20],3|1|1,Head_60313,sp_fortress_building_name_149,15,banner_bubble_relic_203,banner_bubble_remains22,300,425,363,1800,100002,relic_boss_23,13000003,4,8013,200,-1,3,[],50,3000,300,800,3
402308,100,3600,[402405|402208|402406|402309],32,[32],[1010|10],sp_fortress_building_buff_150_S1,{1010:10},800000,[402405|402208|402406|402309],5,5,60,223001,30000000000,sp_fortress_heroname_203,monster_fortress_001,101001,1800,1332000,72000|36000|0|0|0,432000,518400|518400|518400|518400|518400|518400|518400,13000123,402308,21600,9003|100,icon_small_fortress2,-1,,,3,chat_share_relic_s203,30,9,9,SLG_site_02,,,[21301|50|21302|30|21303|20],3|1|1,Head_60313,sp_fortress_building_name_150,15,banner_bubble_relic_203,banner_bubble_remains22,300,403,599,1800,100002,relic_boss_23,13000003,4,8013,200,-1,3,[],50,3000,300,800,3
402309,100,3600,[402208|402308|402209|402310|402406],51,[51],[1072|1000],sp_fortress_building_buff_143_S1,{1072:1000},800000,[402208|402308|402209|402310|402406],5,5,60,223001,30000000000,sp_fortress_heroname_203,monster_fortress_001,101001,1800,1332000,72000|36000|0|0|0,432000,518400|518400|518400|518400|518400|518400|518400,13000123,402309,21600,9003|100,icon_small_fortress2,-1,,,3,chat_share_relic_s203,30,9,9,SLG_site_02,,,[21301|50|21302|30|21303|20],3|1|1,Head_60313,sp_fortress_building_name_151,15,banner_bubble_relic_203,banner_bubble_remains22,300,422,714,1800,100002,relic_boss_23,13000003,4,8013,200,-1,3,[],50,3000,300,800,3
402310,100,3600,[402309|402407|402210|402209|402114|402311],54,[54],[1002|500],sp_fortress_building_buff_144_S1,{1002:500},800000,[402309|402407|402210|402209|402114|402311],5,5,60,223001,30000000000,sp_fortress_heroname_203,monster_fortress_001,101001,1800,1332000,72000|36000|0|0|0,432000,518400|518400|518400|518400|518400|518400|518400,13000123,402310,21600,9003|100,icon_small_fortress2,-1,,,3,chat_share_relic_s203,30,9,9,SLG_site_02,,,[21301|50|21302|30|21303|20],3|1|1,Head_60313,sp_fortress_building_name_152,15,banner_bubble_relic_203,banner_bubble_remains22,300,403,813,1800,100002,relic_boss_23,13000003,4,8013,200,-1,3,[],50,3000,300,800,3
402311,100,3600,[402407|402211|402212|402310],66,[66],[1033|500],sp_fortress_building_buff_145_S1,{1033:500},800000,[402407|402211|402212|402310],5,5,60,223001,30000000000,sp_fortress_heroname_203,monster_fortress_001,101001,1800,1332000,72000|36000|0|0|0,432000,518400|518400|518400|518400|518400|518400|518400,13000123,402311,21600,9003|100,icon_small_fortress2,-1,,,3,chat_share_relic_s203,30,9,9,SLG_site_02,,,[21301|50|21302|30|21303|20],3|1|1,Head_60313,sp_fortress_building_name_153,15,banner_bubble_relic_203,banner_bubble_remains22,300,336,854,1800,100002,relic_boss_23,13000003,4,8013,200,-1,3,[],50,3000,300,800,3
402312,100,3600,[402408|402212|402407|402213|402313],57,[57],[1034|500],sp_fortress_building_buff_146_S1,{1034:500},800000,[402408|402212|402407|402213|402313],5,5,60,223001,30000000000,sp_fortress_heroname_203,monster_fortress_001,101001,1800,1332000,72000|36000|0|0|0,432000,518400|518400|518400|518400|518400|518400|518400,13000123,402312,21600,9003|100,icon_small_fortress2,-1,,,3,chat_share_relic_s203,30,9,9,SLG_site_02,,,[21301|50|21302|30|21303|20],3|1|1,Head_60313,sp_fortress_building_name_154,15,banner_bubble_relic_203,banner_bubble_remains22,300,214,816,1800,100002,relic_boss_23,13000003,4,8013,200,-1,3,[],50,3000,300,800,3
402313,100,3600,[402314|402118|402214|402213|402408|402312],58,[58],[1016|500],sp_fortress_building_buff_147_S1,{1016:500},800000,[402314|402118|402214|402213|402408|402312],5,5,60,223001,30000000000,sp_fortress_heroname_203,monster_fortress_001,101001,1800,1332000,72000|36000|0|0|0,432000,518400|518400|518400|518400|518400|518400|518400,13000123,402313,21600,9003|100,icon_small_fortress2,-1,,,3,chat_share_relic_s203,30,9,9,SLG_site_02,,,[21301|50|21302|30|21303|20],3|1|1,Head_60313,sp_fortress_building_name_155,15,banner_bubble_relic_203,banner_bubble_remains22,300,137,851,1800,100002,relic_boss_23,13000003,4,8013,200,-1,3,[],50,3000,300,800,3
402314,100,3600,[402215|402214|402409|402313|402408],48,[48],[1052|1000],sp_fortress_building_buff_148_S1,{1052:1000},800000,[402215|402214|402409|402313|402408],5,5,60,223001,30000000000,sp_fortress_heroname_203,monster_fortress_001,101001,1800,1332000,72000|36000|0|0|0,432000,518400|518400|518400|518400|518400|518400|518400,13000123,402314,21600,9003|100,icon_small_fortress2,-1,,,3,chat_share_relic_s203,30,9,9,SLG_site_02,,,[21301|50|21302|30|21303|20],3|1|1,Head_60313,sp_fortress_building_name_156,15,banner_bubble_relic_203,banner_bubble_remains22,300,108,804,1800,100002,relic_boss_23,13000003,4,8013,200,-1,3,[],50,3000,300,800,3
402315,100,3600,[402217|402216|402410|402409|402215],42,[42],[35|500],sp_fortress_building_buff_149_S1,{35:500},800000,[402217|402216|402410|402409|402215],5,5,60,223001,30000000000,sp_fortress_heroname_203,monster_fortress_001,101001,1800,1332000,72000|36000|0|0|0,432000,518400|518400|518400|518400|518400|518400|518400,13000123,402315,21600,9003|100,icon_small_fortress2,-1,,,3,chat_share_relic_s203,30,9,9,SLG_site_02,,,[21301|50|21302|30|21303|20],3|1|1,Head_60313,sp_fortress_building_name_157,15,banner_bubble_relic_203,banner_bubble_remains22,300,83,605,1800,100002,relic_boss_23,13000003,4,8013,200,-1,3,[],50,3000,300,800,3
402316,100,3600,[402301|402218|402401|402217|402410],14,[14],[1010|10],sp_fortress_building_buff_150_S1,{1010:10},800000,[402301|402218|402401|402217|402410],5,5,60,223001,30000000000,sp_fortress_heroname_203,monster_fortress_001,101001,1800,1332000,72000|36000|0|0|0,432000,518400|518400|518400|518400|518400|518400|518400,13000123,402316,21600,9003|100,icon_small_fortress2,-1,,,3,chat_share_relic_s203,30,9,9,SLG_site_02,,,[21301|50|21302|30|21303|20],3|1|1,Head_60313,sp_fortress_building_name_158,15,banner_bubble_relic_203,banner_bubble_remains22,300,86,326,1800,100002,relic_boss_23,13000003,4,8013,200,-1,3,[],50,3000,300,800,3
402401,100,3600,[402302|402301|402303|402316|402402|402505],15,[15],[1022|1500],sp_fortress_building_buff_159_S1,{1022:1500},1200000,[402302|402301|402303|402316|402402|402505],5,5,60,224001,35000000000,hero_name_60317,monster_fortress_001,101001,1800,1677600,72000|36000|0|0|0,604800,691200|691200|691200|691200|691200|691200|691200,13000124,402401,21600,9004|120,icon_small_fortress2,-1,,,3,chat_share_relic_s204,40,9,9,SLG_site_02,,,[21501|50|21502|30|21503|20],3|1|1,Head_60317,sp_fortress_building_name_159,15,banner_bubble_relic_204,banner_bubble_remains22,300,134,286,1800,100002,relic_boss_24,13000004,4,8014,200,-1,4,[],50,2000,300,1100,3
402402,100,3600,[402303|402401|402501|402505],17,[17],[1001|1000],sp_fortress_building_buff_160_S1,{1001:1000},1200000,[402303|402401|402501|402505],5,5,60,224001,35000000000,hero_name_60317,monster_fortress_001,101001,1800,1677600,72000|36000|0|0|0,604800,691200|691200|691200|691200|691200|691200|691200,13000124,402402,21600,9004|120,icon_small_fortress2,-1,,,3,chat_share_relic_s204,40,9,9,SLG_site_02,,,[21501|50|21502|30|21503|20],3|1|1,Head_60317,sp_fortress_building_name_160,15,banner_bubble_relic_204,banner_bubble_remains22,300,201,293,1800,100002,relic_boss_24,13000004,4,8014,200,-1,4,[],50,2000,300,1100,3
402403,100,3600,[402305|402304|402306|402501|402404|402502],19,[19],[36|500],sp_fortress_building_buff_161_S1,{36:500},1200000,[402305|402304|402306|402501|402404|402502],5,5,60,224001,35000000000,hero_name_60317,monster_fortress_001,101001,1800,1677600,72000|36000|0|0|0,604800,691200|691200|691200|691200|691200|691200|691200,13000124,402403,21600,9004|120,icon_small_fortress2,-1,,,3,chat_share_relic_s204,40,9,9,SLG_site_02,,,[21501|50|21502|30|21503|20],3|1|1,Head_60317,sp_fortress_building_name_161,15,banner_bubble_relic_204,banner_bubble_remains22,300,332,280,1800,100002,relic_boss_24,13000004,4,8014,200,-1,4,[],50,2000,300,1100,3
402404,100,3600,[402306|402403|402307|402502|402405],25,[25],[35|500],sp_fortress_building_buff_162_S1,{35:500},1200000,[402306|402403|402307|402502|402405],5,5,60,224001,35000000000,hero_name_60317,monster_fortress_001,101001,1800,1677600,72000|36000|0|0|0,604800,691200|691200|691200|691200|691200|691200|691200,13000124,402404,21600,9004|120,icon_small_fortress2,-1,,,3,chat_share_relic_s204,40,9,9,SLG_site_02,,,[21501|50|21502|30|21503|20],3|1|1,Head_60317,sp_fortress_building_name_162,15,banner_bubble_relic_204,banner_bubble_remains22,300,380,332,1800,100002,relic_boss_24,13000004,4,8014,200,-1,4,[],50,2000,300,1100,3
402405,100,3600,[402404|402502|402307|402308|402207|402406],27,[27],[1056|500],sp_fortress_building_buff_163_S1,{1056:500},1200000,[402404|402502|402307|402308|402207|402406],5,5,60,224001,35000000000,hero_name_60317,monster_fortress_001,101001,1800,1677600,72000|36000|0|0|0,604800,691200|691200|691200|691200|691200|691200|691200,13000124,402405,21600,9004|120,icon_small_fortress2,-1,,,3,chat_share_relic_s204,40,9,9,SLG_site_02,,,[21501|50|21502|30|21503|20],3|1|1,Head_60317,sp_fortress_building_name_163,15,banner_bubble_relic_204,banner_bubble_remains22,300,374,490,1800,100002,relic_boss_24,13000004,4,8014,200,-1,4,[],50,2000,300,1100,3
402406,100,3600,[402405|402502|402308|402503|402407|402309],33,[33],[1022|1500],sp_fortress_building_buff_159_S1,{1022:1500},1200000,[402405|402502|402308|402503|402407|402309],5,5,60,224001,35000000000,hero_name_60317,monster_fortress_001,101001,1800,1677600,72000|36000|0|0|0,604800,691200|691200|691200|691200|691200|691200|691200,13000124,402406,21600,9004|120,icon_small_fortress2,-1,,,3,chat_share_relic_s204,40,9,9,SLG_site_02,,,[21501|50|21502|30|21503|20],3|1|1,Head_60317,sp_fortress_building_name_164,15,banner_bubble_relic_204,banner_bubble_remains22,300,361,669,1800,100002,relic_boss_24,13000004,4,8014,200,-1,4,[],50,2000,300,1100,3
402407,100,3600,[402503|402212|402312|402311|402406|402310],55,[55],[1001|1000],sp_fortress_building_buff_160_S1,{1001:1000},1200000,[402503|402212|402312|402311|402406|402310],5,5,60,224001,35000000000,hero_name_60317,monster_fortress_001,101001,1800,1677600,72000|36000|0|0|0,604800,691200|691200|691200|691200|691200|691200|691200,13000124,402407,21600,9004|120,icon_small_fortress2,-1,,,3,chat_share_relic_s204,40,9,9,SLG_site_02,,,[21501|50|21502|30|21503|20],3|1|1,Head_60317,sp_fortress_building_name_165,15,banner_bubble_relic_204,banner_bubble_remains22,300,310,816,1800,100002,relic_boss_24,13000004,4,8014,200,-1,4,[],50,2000,300,1100,3
402408,100,3600,[402504|402409|402312|402503|402313|402314],49,[49],[36|500],sp_fortress_building_buff_161_S1,{36:500},1200000,[402504|402409|402312|402503|402313|402314],5,5,60,224001,35000000000,hero_name_60317,monster_fortress_001,101001,1800,1677600,72000|36000|0|0|0,604800,691200|691200|691200|691200|691200|691200|691200,13000124,402408,21600,9004|120,icon_small_fortress2,-1,,,3,chat_share_relic_s204,40,9,9,SLG_site_02,,,[21501|50|21502|30|21503|20],3|1|1,Head_60317,sp_fortress_building_name_166,15,banner_bubble_relic_204,banner_bubble_remains22,300,198,730,1800,100002,relic_boss_24,13000004,4,8014,200,-1,4,[],50,2000,300,1100,3
402409,100,3600,[402410|402315|402504|402314|402215|402408],43,[43],[35|500],sp_fortress_building_buff_162_S1,{35:500},1200000,[402410|402315|402504|402314|402215|402408],5,5,60,224001,35000000000,hero_name_60317,monster_fortress_001,101001,1800,1677600,72000|36000|0|0|0,604800,691200|691200|691200|691200|691200|691200|691200,13000124,402409,21600,9004|120,icon_small_fortress2,-1,,,3,chat_share_relic_s204,40,9,9,SLG_site_02,,,[21501|50|21502|30|21503|20],3|1|1,Head_60317,sp_fortress_building_name_167,15,banner_bubble_relic_204,banner_bubble_remains22,300,116,694,1800,100002,relic_boss_24,13000004,4,8014,200,-1,4,[],50,2000,300,1100,3
402410,100,3600,[402316|402217|402505|402409|402315|402504],37,[37],[1056|500],sp_fortress_building_buff_163_S1,{1056:500},1200000,[402316|402217|402505|402409|402315|402504],5,5,60,224001,35000000000,hero_name_60317,monster_fortress_001,101001,1800,1677600,72000|36000|0|0|0,604800,691200|691200|691200|691200|691200|691200|691200,13000124,402410,21600,9004|120,icon_small_fortress2,-1,,,3,chat_share_relic_s204,40,9,9,SLG_site_02,,,[21501|50|21502|30|21503|20],3|1|1,Head_60317,sp_fortress_building_name_168,15,banner_bubble_relic_204,banner_bubble_remains22,300,115,503,1800,100002,relic_boss_24,13000004,4,8014,200,-1,4,[],50,2000,300,1100,3
402501,100,3600,[402304|402402|402403],18,[18],,sp_fortress_building_buff_169_S1,{},2500000,[402304|402402|402403],5,5,60,225001,45000000000,hero_name_60316,monster_fortress_001,101001,1800,2023200,72000|36000|0|0|0,777600,864000|864000|864000|864000|864000|864000|864000,13000125,402501,21600,9005|150,icon_small_fortress3,1,,[212001|100|205001|100|206001|100],3,chat_share_relic_s205,50,9,9,SLG_site_02,,,[21601|50|21602|30|21603|20],3|1|1,Head_60316,sp_fortress_building_name_169,20,banner_bubble_relic_205,banner_bubble_remains23,300,257,337,1800,100002,relic_boss_25,13000005,4,8015,200,-1,5,[(212001|100)|(205001|100)|(206001|100)],50,1000,300,1400,3
402502,100,3600,[402403|402404|402405|402406],26,[26],,sp_fortress_building_buff_170_S1,{},2500000,[402403|402404|402405|402406],5,5,60,225001,45000000000,hero_name_60316,monster_fortress_001,101001,1800,2023200,72000|36000|0|0|0,777600,864000|864000|864000|864000|864000|864000|864000,13000125,402502,21600,9005|150,icon_small_fortress3,2,,[111|100|511|100|711|100],3,chat_share_relic_s205,50,9,9,SLG_site_02,,,[21601|50|21602|30|21603|20],3|1|1,Head_60316,sp_fortress_building_name_170,20,banner_bubble_relic_205,banner_bubble_remains23,300,329,481,1800,100002,relic_boss_25,13000005,4,8015,200,-1,5,[(111|100)|(511|100)|(711|100)],50,1000,300,1400,3
402503,100,3600,[402504|402406|402407|402408],50,[50],,sp_fortress_building_buff_171_S1,{},2500000,[402504|402406|402407|402408],5,5,60,225001,45000000000,hero_name_60316,monster_fortress_001,101001,1800,2023200,72000|36000|0|0|0,777600,864000|864000|864000|864000|864000|864000|864000,13000125,402503,21600,9005|150,icon_small_fortress3,1,,[212001|100|205001|100|206001|100],3,chat_share_relic_s205,50,9,9,SLG_site_02,,,[21601|50|21602|30|21603|20],3|1|1,Head_60316,sp_fortress_building_name_171,20,banner_bubble_relic_205,banner_bubble_remains23,300,290,708,1800,100002,relic_boss_25,13000005,4,8015,200,-1,5,[(212001|100)|(205001|100)|(206001|100)],50,1000,300,1400,3
402504,100,3600,[402410|402409|402505|402408|402503],44,[44],,sp_fortress_building_buff_172_S1,{},2500000,[402410|402409|402505|402408|402503],5,5,60,225001,45000000000,hero_name_60316,monster_fortress_001,101001,1800,2023200,72000|36000|0|0|0,777600,864000|864000|864000|864000|864000|864000|864000,13000125,402504,21600,9005|150,icon_small_fortress3,2,,[111|100|511|100|711|100],3,chat_share_relic_s205,50,9,9,SLG_site_02,,,[21601|50|21602|30|21603|20],3|1|1,Head_60316,sp_fortress_building_name_172,20,banner_bubble_relic_205,banner_bubble_remains23,300,182,654,1800,100002,relic_boss_25,13000005,4,8015,200,-1,5,[(111|100)|(511|100)|(711|100)],50,1000,300,1400,3
402505,100,3600,[402401|402410|402402|402504],36,[36],,sp_fortress_building_buff_173_S1,{},2500000,[402401|402410|402402|402504],5,5,60,225001,45000000000,hero_name_60316,monster_fortress_001,101001,1800,2023200,72000|36000|0|0|0,777600,864000|864000|864000|864000|864000|864000|864000,13000125,402505,21600,9005|150,icon_small_fortress3,1,,[212001|100|205001|100|206001|100],3,chat_share_relic_s205,50,9,9,SLG_site_02,,,[21601|50|21602|30|21603|20],3|1|1,Head_60316,sp_fortress_building_name_173,20,banner_bubble_relic_205,banner_bubble_remains23,300,169,459,1800,100002,relic_boss_25,13000005,4,8015,200,-1,5,[(212001|100)|(205001|100)|(206001|100)],50,1000,300,1400,3
403101,100,3600,[403201|403102|403124],1,[1],[1013|1000],sp_fortress_building_buff_101_S1,{1013:1000},400000,[403201|403102|403124],5,5,60,321001,15000000000,hero_name_60370,monster_fortress_001,101001,1800,554400,72000|36000|0|0|0,86400,172800|172800|172800|172800|172800|172800|172800,13000131,403101,21600,9001|50,icon_small_fortress1,-1,,,3,chat_share_relic_s301,10,9,9,SLG_site_02,,,[21101|50|21102|30|21103|20],3|1|1,Head_60370,sp_fortress_building_name_101,10,banner_s3_bubble_relic_3,banner_s3_bubble_remains1,300,16,44,1800,100002,relic_boss_31,13000031,4,8011,200,-1,1,[],50,5000,300,200,3
403102,100,3600,[403201|403101|403103|403301|403202],23,[23],[1012|1000],sp_fortress_building_buff_102_S1,{1012:1000},400000,[403201|403101|403103|403301|403202],5,5,60,321001,15000000000,hero_name_60370,monster_fortress_001,101001,1800,554400,72000|36000|0|0|0,86400,172800|172800|172800|172800|172800|172800|172800,13000131,403102,21600,9001|50,icon_small_fortress1,-1,,,3,chat_share_relic_s301,10,9,9,SLG_site_02,,,[21101|50|21102|30|21103|20],3|1|1,Head_60370,sp_fortress_building_name_102,10,banner_s3_bubble_relic_3,banner_s3_bubble_remains1,300,104,44,1800,100002,relic_boss_31,13000031,4,8011,200,-1,1,[],50,5000,300,200,3
403103,100,3600,[403202|403102|403104],34,[34],[1014|1000],sp_fortress_building_buff_103_S1,{1014:1000},400000,[403202|403102|403104],5,5,60,321001,15000000000,hero_name_60370,monster_fortress_001,101001,1800,554400,72000|36000|0|0|0,86400,172800|172800|172800|172800|172800|172800|172800,13000131,403103,21600,9001|50,icon_small_fortress1,-1,,,3,chat_share_relic_s301,10,9,9,SLG_site_02,,,[21101|50|21102|30|21103|20],3|1|1,Head_60370,sp_fortress_building_name_103,10,banner_s3_bubble_relic_3,banner_s3_bubble_remains1,300,163,25,1800,100002,relic_boss_31,13000031,4,8011,200,-1,1,[],50,5000,300,200,3
403104,100,3600,[403103|403203|403105|403202],56,[56],[1001|300],sp_fortress_building_buff_104_S1,{1001:300},400000,[403103|403203|403105|403202],5,5,60,321001,15000000000,hero_name_60370,monster_fortress_001,101001,1800,554400,72000|36000|0|0|0,86400,172800|172800|172800|172800|172800|172800|172800,13000131,403104,21600,9001|50,icon_small_fortress1,-1,,,3,chat_share_relic_s301,10,9,9,SLG_site_02,,,[21101|50|21102|30|21103|20],3|1|1,Head_60370,sp_fortress_building_name_104,10,banner_s3_bubble_relic_3,banner_s3_bubble_remains1,300,243,51,1800,100002,relic_boss_31,13000031,4,8011,200,-1,1,[],50,5000,300,200,3
403105,100,3600,[403204|403104|403106],67,[67],[1002|300],sp_fortress_building_buff_105_S1,{1002:300},400000,[403204|403104|403106],5,5,60,321001,15000000000,hero_name_60370,monster_fortress_001,101001,1800,554400,72000|36000|0|0|0,86400,172800|172800|172800|172800|172800|172800|172800,13000131,403105,21600,9001|50,icon_small_fortress1,-1,,,3,chat_share_relic_s301,10,9,9,SLG_site_02,,,[21101|50|21102|30|21103|20],3|1|1,Head_60370,sp_fortress_building_name_105,10,banner_s3_bubble_relic_3,banner_s3_bubble_remains1,300,337,19,1800,100002,relic_boss_31,13000031,4,8011,200,-1,1,[],50,5000,300,200,3
403106,100,3600,[403105|403205|403107|403305|403204],74,[74],[1033|300],sp_fortress_building_buff_106_S1,{1033:300},400000,[403105|403205|403107|403305|403204],5,5,60,321001,15000000000,hero_name_60370,monster_fortress_001,101001,1800,554400,72000|36000|0|0|0,86400,172800|172800|172800|172800|172800|172800|172800,13000131,403106,21600,9001|50,icon_small_fortress1,-1,,,3,chat_share_relic_s301,10,9,9,SLG_site_02,,,[21101|50|21102|30|21103|20],3|1|1,Head_60370,sp_fortress_building_name_106,10,banner_s3_bubble_relic_3,banner_s3_bubble_remains1,300,399,57,1800,100002,relic_boss_31,13000031,4,8011,200,-1,1,[],50,5000,300,200,3
403107,100,3600,[403205|403106|403108],2,[2],[1034|300],sp_fortress_building_buff_107_S1,{1034:300},400000,[403205|403106|403108],5,5,60,321001,15000000000,hero_name_60370,monster_fortress_001,101001,1800,554400,72000|36000|0|0|0,86400,172800|172800|172800|172800|172800|172800|172800,13000131,403107,21600,9001|50,icon_small_fortress1,-1,,,3,chat_share_relic_s301,10,9,9,SLG_site_02,,,[21101|50|21102|30|21103|20],3|1|1,Head_60370,sp_fortress_building_name_107,10,banner_s3_bubble_relic_3,banner_s3_bubble_remains1,300,486,70,1800,100002,relic_boss_31,13000031,4,8011,200,-1,1,[],50,5000,300,200,3
403108,100,3600,[403205|403206|403107|403109],3,[3],[1016|300],sp_fortress_building_buff_108_S1,{1016:300},400000,[403205|403206|403107|403109],5,5,60,321001,15000000000,hero_name_60370,monster_fortress_001,101001,1800,554400,72000|36000|0|0|0,86400,172800|172800|172800|172800|172800|172800|172800,13000131,403108,21600,9001|50,icon_small_fortress1,-1,,,3,chat_share_relic_s301,10,9,9,SLG_site_02,,,[21101|50|21102|30|21103|20],3|1|1,Head_60370,sp_fortress_building_name_108,10,banner_s3_bubble_relic_3,banner_s3_bubble_remains1,300,489,153,1800,100002,relic_boss_31,13000031,4,8011,200,-1,1,[],50,5000,300,200,3
403109,100,3600,[403108|403206|403110|403207],22,[22],[1013|1000],sp_fortress_building_buff_101_S1,{1013:1000},400000,[403108|403206|403110|403207],5,5,60,321001,15000000000,hero_name_60370,monster_fortress_001,101001,1800,554400,72000|36000|0|0|0,86400,172800|172800|172800|172800|172800|172800|172800,13000131,403109,21600,9001|50,icon_small_fortress1,-1,,,3,chat_share_relic_s301,10,9,9,SLG_site_02,,,[21101|50|21102|30|21103|20],3|1|1,Head_60370,sp_fortress_building_name_109,10,banner_s3_bubble_relic_3,banner_s3_bubble_remains1,300,489,337,1800,100002,relic_boss_31,13000031,4,8011,200,-1,1,[],50,5000,300,200,3
403110,100,3600,[403109|403207|403208|403111],29,[29],[1012|1000],sp_fortress_building_buff_102_S1,{1012:1000},400000,[403109|403207|403208|403111],5,5,60,321001,15000000000,hero_name_60370,monster_fortress_001,101001,1800,554400,72000|36000|0|0|0,86400,172800|172800|172800|172800|172800|172800|172800,13000131,403110,21600,9001|50,icon_small_fortress1,-1,,,3,chat_share_relic_s301,10,9,9,SLG_site_02,,,[21101|50|21102|30|21103|20],3|1|1,Head_60370,sp_fortress_building_name_110,10,banner_s3_bubble_relic_3,banner_s3_bubble_remains1,300,489,521,1800,100002,relic_boss_31,13000031,4,8011,200,-1,1,[],50,5000,300,200,3
403111,100,3600,[403110|403208|403209|403112],30,[30],[1014|1000],sp_fortress_building_buff_103_S1,{1014:1000},400000,[403110|403208|403209|403112],5,5,60,321001,15000000000,hero_name_60370,monster_fortress_001,101001,1800,554400,72000|36000|0|0|0,86400,172800|172800|172800|172800|172800|172800|172800,13000131,403111,21600,9001|50,icon_small_fortress1,-1,,,3,chat_share_relic_s301,10,9,9,SLG_site_02,,,[21101|50|21102|30|21103|20],3|1|1,Head_60370,sp_fortress_building_name_111,10,banner_s3_bubble_relic_3,banner_s3_bubble_remains1,300,492,682,1800,100002,relic_boss_31,13000031,4,8011,200,-1,1,[],50,5000,300,200,3
403112,100,3600,[403111|403209|403210|403113],53,[53],[1001|300],sp_fortress_building_buff_104_S1,{1001:300},400000,[403111|403209|403210|403113],5,5,60,321001,15000000000,hero_name_60370,monster_fortress_001,101001,1800,554400,72000|36000|0|0|0,86400,172800|172800|172800|172800|172800|172800|172800,13000131,403112,21600,9001|50,icon_small_fortress1,-1,,,3,chat_share_relic_s301,10,9,9,SLG_site_02,,,[21101|50|21102|30|21103|20],3|1|1,Head_60370,sp_fortress_building_name_112,10,banner_s3_bubble_relic_3,banner_s3_bubble_remains1,300,490,854,1800,100002,relic_boss_31,13000031,4,8011,200,-1,1,[],50,5000,300,200,3
403113,100,3600,[403112|403210|403114],72,[72],[1002|300],sp_fortress_building_buff_105_S1,{1002:300},400000,[403112|403210|403114],5,5,60,321001,15000000000,hero_name_60370,monster_fortress_001,101001,1800,554400,72000|36000|0|0|0,86400,172800|172800|172800|172800|172800|172800|172800,13000131,403113,21600,9001|50,icon_small_fortress1,-1,,,3,chat_share_relic_s301,10,9,9,SLG_site_02,,,[21101|50|21102|30|21103|20],3|1|1,Head_60370,sp_fortress_building_name_113,10,banner_s3_bubble_relic_3,banner_s3_bubble_remains1,300,484,978,1800,100002,relic_boss_31,13000031,4,8011,200,-1,1,[],50,5000,300,200,3
403114,100,3600,[403310|403211|403210|403115|403113],70,[70],[1033|300],sp_fortress_building_buff_106_S1,{1033:300},400000,[403310|403211|403210|403115|403113],5,5,60,321001,15000000000,hero_name_60370,monster_fortress_001,101001,1800,554400,72000|36000|0|0|0,86400,172800|172800|172800|172800|172800|172800|172800,13000131,403114,21600,9001|50,icon_small_fortress1,-1,,,3,chat_share_relic_s301,10,9,9,SLG_site_02,,,[21101|50|21102|30|21103|20],3|1|1,Head_60370,sp_fortress_building_name_114,10,banner_s3_bubble_relic_3,banner_s3_bubble_remains1,300,409,961,1800,100002,relic_boss_31,13000031,4,8011,200,-1,1,[],50,5000,300,200,3
403115,100,3600,[403211|403116|403114],69,[69],[1034|300],sp_fortress_building_buff_107_S1,{1034:300},400000,[403211|403116|403114],5,5,60,321001,15000000000,hero_name_60370,monster_fortress_001,101001,1800,554400,72000|36000|0|0|0,86400,172800|172800|172800|172800|172800|172800|172800,13000131,403115,21600,9001|50,icon_small_fortress1,-1,,,3,chat_share_relic_s301,10,9,9,SLG_site_02,,,[21101|50|21102|30|21103|20],3|1|1,Head_60370,sp_fortress_building_name_115,10,banner_s3_bubble_relic_3,banner_s3_bubble_remains1,300,329,991,1800,100002,relic_boss_31,13000031,4,8011,200,-1,1,[],50,5000,300,200,3
403116,100,3600,[403212|403211|403117|403115],65,[65],[1016|300],sp_fortress_building_buff_108_S1,{1016:300},400000,[403212|403211|403117|403115],5,5,60,321001,15000000000,hero_name_60370,monster_fortress_001,101001,1800,554400,72000|36000|0|0|0,86400,172800|172800|172800|172800|172800|172800|172800,13000131,403116,21600,9001|50,icon_small_fortress1,-1,,,3,chat_share_relic_s301,10,9,9,SLG_site_02,,,[21101|50|21102|30|21103|20],3|1|1,Head_60370,sp_fortress_building_name_116,10,banner_s3_bubble_relic_3,banner_s3_bubble_remains1,300,259,981,1800,100002,relic_boss_31,13000031,4,8011,200,-1,1,[],50,5000,300,200,3
403117,100,3600,[403213|403118|403116],62,[62],[1013|1000],sp_fortress_building_buff_101_S1,{1013:1000},400000,[403213|403118|403116],5,5,60,321001,15000000000,hero_name_60370,monster_fortress_001,101001,1800,554400,72000|36000|0|0|0,86400,172800|172800|172800|172800|172800|172800|172800,13000131,403117,21600,9001|50,icon_small_fortress1,-1,,,3,chat_share_relic_s301,10,9,9,SLG_site_02,,,[21101|50|21102|30|21103|20],3|1|1,Head_60370,sp_fortress_building_name_117,10,banner_s3_bubble_relic_3,banner_s3_bubble_remains1,300,173,981,1800,100002,relic_boss_31,13000031,4,8011,200,-1,1,[],50,5000,300,200,3
403118,100,3600,[403313|403214|403213|403119|403117],61,[61],[1012|1000],sp_fortress_building_buff_102_S1,{1012:1000},400000,[403313|403214|403213|403119|403117],5,5,60,321001,15000000000,hero_name_60370,monster_fortress_001,101001,1800,554400,72000|36000|0|0|0,86400,172800|172800|172800|172800|172800|172800|172800,13000131,403118,21600,9001|50,icon_small_fortress1,-1,,,3,chat_share_relic_s301,10,9,9,SLG_site_02,,,[21101|50|21102|30|21103|20],3|1|1,Head_60370,sp_fortress_building_name_118,10,banner_s3_bubble_relic_3,banner_s3_bubble_remains1,300,99,975,1800,100002,relic_boss_31,13000031,4,8011,200,-1,1,[],50,5000,300,200,3
403119,100,3600,[403120|403214|403118],60,[60],[1014|1000],sp_fortress_building_buff_103_S1,{1014:1000},400000,[403120|403214|403118],5,5,60,321001,15000000000,hero_name_60370,monster_fortress_001,101001,1800,554400,72000|36000|0|0|0,86400,172800|172800|172800|172800|172800|172800|172800,13000131,403119,21600,9001|50,icon_small_fortress1,-1,,,3,chat_share_relic_s301,10,9,9,SLG_site_02,,,[21101|50|21102|30|21103|20],3|1|1,Head_60370,sp_fortress_building_name_119,10,banner_s3_bubble_relic_3,banner_s3_bubble_remains1,300,25,981,1800,100002,relic_boss_31,13000031,4,8011,200,-1,1,[],50,5000,300,200,3
403120,100,3600,[403121|403215|403119|403214],47,[47],[1001|300],sp_fortress_building_buff_104_S1,{1001:300},400000,[403121|403215|403119|403214],5,5,60,321001,15000000000,hero_name_60370,monster_fortress_001,101001,1800,554400,72000|36000|0|0|0,86400,172800|172800|172800|172800|172800|172800|172800,13000131,403120,21600,9001|50,icon_small_fortress1,-1,,,3,chat_share_relic_s301,10,9,9,SLG_site_02,,,[21101|50|21102|30|21103|20],3|1|1,Head_60370,sp_fortress_building_name_120,10,banner_s3_bubble_relic_3,banner_s3_bubble_remains1,300,22,846,1800,100002,relic_boss_31,13000031,4,8011,200,-1,1,[],50,5000,300,200,3
403121,100,3600,[403122|403216|403120|403215],40,[40],[1002|300],sp_fortress_building_buff_105_S1,{1002:300},400000,[403122|403216|403120|403215],5,5,60,321001,15000000000,hero_name_60370,monster_fortress_001,101001,1800,554400,72000|36000|0|0|0,86400,172800|172800|172800|172800|172800|172800|172800,13000131,403121,21600,9001|50,icon_small_fortress1,-1,,,3,chat_share_relic_s301,10,9,9,SLG_site_02,,,[21101|50|21102|30|21103|20],3|1|1,Head_60370,sp_fortress_building_name_121,10,banner_s3_bubble_relic_3,banner_s3_bubble_remains1,300,19,675,1800,100002,relic_boss_31,13000031,4,8011,200,-1,1,[],50,5000,300,200,3
403122,100,3600,[403123|403217|403216|403121],39,[39],[1033|300],sp_fortress_building_buff_106_S1,{1033:300},400000,[403123|403217|403216|403121],5,5,60,321001,15000000000,hero_name_60370,monster_fortress_001,101001,1800,554400,72000|36000|0|0|0,86400,172800|172800|172800|172800|172800|172800|172800,13000131,403122,21600,9001|50,icon_small_fortress1,-1,,,3,chat_share_relic_s301,10,9,9,SLG_site_02,,,[21101|50|21102|30|21103|20],3|1|1,Head_60370,sp_fortress_building_name_122,10,banner_s3_bubble_relic_3,banner_s3_bubble_remains1,300,22,490,1800,100002,relic_boss_31,13000031,4,8011,200,-1,1,[],50,5000,300,200,3
403123,100,3600,[403124|403218|403122|403217],13,[13],[1034|300],sp_fortress_building_buff_107_S1,{1034:300},400000,[403124|403218|403122|403217],5,5,60,321001,15000000000,hero_name_60370,monster_fortress_001,101001,1800,554400,72000|36000|0|0|0,86400,172800|172800|172800|172800|172800|172800|172800,13000131,403123,21600,9001|50,icon_small_fortress1,-1,,,3,chat_share_relic_s301,10,9,9,SLG_site_02,,,[21101|50|21102|30|21103|20],3|1|1,Head_60370,sp_fortress_building_name_123,10,banner_s3_bubble_relic_3,banner_s3_bubble_remains1,300,18,350,1800,100002,relic_boss_31,13000031,4,8011,200,-1,1,[],50,5000,300,200,3
403124,100,3600,[403101|403201|403218|403123],11,[11],[1016|300],sp_fortress_building_buff_108_S1,{1016:300},400000,[403101|403201|403218|403123],5,5,60,321001,15000000000,hero_name_60370,monster_fortress_001,101001,1800,554400,72000|36000|0|0|0,86400,172800|172800|172800|172800|172800|172800|172800,13000131,403124,21600,9001|50,icon_small_fortress1,-1,,,3,chat_share_relic_s301,10,9,9,SLG_site_02,,,[21101|50|21102|30|21103|20],3|1|1,Head_60370,sp_fortress_building_name_124,10,banner_s3_bubble_relic_3,banner_s3_bubble_remains1,300,19,175,1800,100002,relic_boss_31,13000031,4,8011,200,-1,1,[],50,5000,300,200,3
403201,100,3600,[403101|403124|403102|403301],12,[12],[1004|500],sp_fortress_building_buff_125_S1,{1004:500},600000,[403101|403124|403102|403301],5,5,60,322001,20000000000,hero_name_60371,monster_fortress_001,101001,1800,986400,72000|36000|0|0|0,259200,345600|345600|345600|345600|345600|345600|345600,13000132,403201,21600,9002|80,icon_small_fortress1,-1,,,3,chat_share_relic_s302,20,9,9,SLG_site_02,,,[21201|50|21202|30|21203|20],3|1|1,Head_60371,sp_fortress_building_name_125,10,banner_s3_bubble_relic_5,banner_s3_bubble_remains1,300,72,108,1800,100002,relic_boss_32,13000032,4,8012,200,-1,2,[],50,4000,300,500,3
403202,100,3600,[403103|403302|403102|403104],45,[45],[1005|500],sp_fortress_building_buff_126_S1,{1005:500},600000,[403103|403302|403102|403104],5,5,60,322001,20000000000,hero_name_60371,monster_fortress_001,101001,1800,986400,72000|36000|0|0|0,259200,345600|345600|345600|345600|345600|345600|345600,13000132,403202,21600,9002|80,icon_small_fortress1,-1,,,3,chat_share_relic_s302,20,9,9,SLG_site_02,,,[21201|50|21202|30|21203|20],3|1|1,Head_60371,sp_fortress_building_name_126,10,banner_s3_bubble_relic_5,banner_s3_bubble_remains1,300,179,89,1800,100002,relic_boss_32,13000032,4,8012,200,-1,2,[],50,4000,300,500,3
403203,100,3600,[403104|403204|403303|403302|403304],7,[7],[1006|500],sp_fortress_building_buff_127_S1,{1006:500},600000,[403104|403204|403303|403302|403304],5,5,60,322001,20000000000,hero_name_60371,monster_fortress_001,101001,1800,986400,72000|36000|0|0|0,259200,345600|345600|345600|345600|345600|345600|345600,13000132,403203,21600,9002|80,icon_small_fortress1,-1,,,3,chat_share_relic_s302,20,9,9,SLG_site_02,,,[21201|50|21202|30|21203|20],3|1|1,Head_60371,sp_fortress_building_name_127,10,banner_s3_bubble_relic_5,banner_s3_bubble_remains1,300,260,146,1800,100002,relic_boss_32,13000032,4,8012,200,-1,2,[],50,4000,300,500,3
403204,100,3600,[403105|403304|403203|403305|403106],73,[73],[1022|500],sp_fortress_building_buff_128_S1,{1022:500},600000,[403105|403304|403203|403305|403106],5,5,60,322001,20000000000,hero_name_60371,monster_fortress_001,101001,1800,986400,72000|36000|0|0|0,259200,345600|345600|345600|345600|345600|345600|345600,13000132,403204,21600,9002|80,icon_small_fortress1,-1,,,3,chat_share_relic_s302,20,9,9,SLG_site_02,,,[21201|50|21202|30|21203|20],3|1|1,Head_60371,sp_fortress_building_name_128,10,banner_s3_bubble_relic_5,banner_s3_bubble_remains1,300,334,74,1800,100002,relic_boss_32,13000032,4,8012,200,-1,2,[],50,4000,300,500,3
403205,100,3600,[403106|403107|403108|403305],4,[4],[1022|500],sp_fortress_building_buff_128_S1,{1022:500},600000,[403106|403107|403108|403305],5,5,60,322001,20000000000,hero_name_60371,monster_fortress_001,101001,1800,986400,72000|36000|0|0|0,259200,345600|345600|345600|345600|345600|345600|345600,13000132,403205,21600,9002|80,icon_small_fortress1,-1,,,3,chat_share_relic_s302,20,9,9,SLG_site_02,,,[21201|50|21202|30|21203|20],3|1|1,Head_60371,sp_fortress_building_name_129,10,banner_s3_bubble_relic_5,banner_s3_bubble_remains1,300,440,98,1800,100002,relic_boss_32,13000032,4,8012,200,-1,2,[],50,4000,300,500,3
403206,100,3600,[403108|403307|403109|403207],21,[21],[36|300],sp_fortress_building_buff_130_S1,{36:300},600000,[403108|403307|403109|403207],5,5,60,322001,20000000000,hero_name_60371,monster_fortress_001,101001,1800,986400,72000|36000|0|0|0,259200,345600|345600|345600|345600|345600|345600|345600,13000132,403206,21600,9002|80,icon_small_fortress1,-1,,,3,chat_share_relic_s302,20,9,9,SLG_site_02,,,[21201|50|21202|30|21203|20],3|1|1,Head_60371,sp_fortress_building_name_130,10,banner_s3_bubble_relic_5,banner_s3_bubble_remains1,300,462,274,1800,100002,relic_boss_32,13000032,4,8012,200,-1,2,[],50,4000,300,500,3
403207,100,3600,[403206|403307|403109|403208|403405|403110],28,[28],[1004|500],sp_fortress_building_buff_125_S1,{1004:500},600000,[403206|403307|403109|403208|403405|403110],5,5,60,322001,20000000000,hero_name_60371,monster_fortress_001,101001,1800,986400,72000|36000|0|0|0,259200,345600|345600|345600|345600|345600|345600|345600,13000132,403207,21600,9002|80,icon_small_fortress1,-1,,,3,chat_share_relic_s302,20,9,9,SLG_site_02,,,[21201|50|21202|30|21203|20],3|1|1,Head_60371,sp_fortress_building_name_131,10,banner_s3_bubble_relic_5,banner_s3_bubble_remains1,300,445,465,1800,100002,relic_boss_32,13000032,4,8012,200,-1,2,[],50,4000,300,500,3
403208,100,3600,[403207|403308|403110|403309|403209|403111],31,[31],[1005|500],sp_fortress_building_buff_126_S1,{1005:500},600000,[403207|403308|403110|403309|403209|403111],5,5,60,322001,20000000000,hero_name_60371,monster_fortress_001,101001,1800,986400,72000|36000|0|0|0,259200,345600|345600|345600|345600|345600|345600|345600,13000132,403208,21600,9002|80,icon_small_fortress1,-1,,,3,chat_share_relic_s302,20,9,9,SLG_site_02,,,[21201|50|21202|30|21203|20],3|1|1,Head_60371,sp_fortress_building_name_132,10,banner_s3_bubble_relic_5,banner_s3_bubble_remains1,300,435,581,1800,100002,relic_boss_32,13000032,4,8012,200,-1,2,[],50,4000,300,500,3
403209,100,3600,[403208|403309|403111|403112|403310],52,[52],[1006|500],sp_fortress_building_buff_127_S1,{1006:500},600000,[403208|403309|403111|403112|403310],5,5,60,322001,20000000000,hero_name_60371,monster_fortress_001,101001,1800,986400,72000|36000|0|0|0,259200,345600|345600|345600|345600|345600|345600|345600,13000132,403209,21600,9002|80,icon_small_fortress1,-1,,,3,chat_share_relic_s302,20,9,9,SLG_site_02,,,[21201|50|21202|30|21203|20],3|1|1,Head_60371,sp_fortress_building_name_133,10,banner_s3_bubble_relic_5,banner_s3_bubble_remains1,300,460,738,1800,100002,relic_boss_32,13000032,4,8012,200,-1,2,[],50,4000,300,500,3
403210,100,3600,[403310|403112|403114|403113],71,[71],[1022|500],sp_fortress_building_buff_128_S1,{1022:500},600000,[403310|403112|403114|403113],5,5,60,322001,20000000000,hero_name_60371,monster_fortress_001,101001,1800,986400,72000|36000|0|0|0,259200,345600|345600|345600|345600|345600|345600|345600,13000132,403210,21600,9002|80,icon_small_fortress1,-1,,,3,chat_share_relic_s302,20,9,9,SLG_site_02,,,[21201|50|21202|30|21203|20],3|1|1,Head_60371,sp_fortress_building_name_134,10,banner_s3_bubble_relic_5,banner_s3_bubble_remains1,300,444,898,1800,100002,relic_boss_32,13000032,4,8012,200,-1,2,[],50,4000,300,500,3
403211,100,3600,[403311|403115|403116|403114],68,[68],[1022|500],sp_fortress_building_buff_128_S1,{1022:500},600000,[403311|403115|403116|403114],5,5,60,322001,20000000000,hero_name_60371,monster_fortress_001,101001,1800,986400,72000|36000|0|0|0,259200,345600|345600|345600|345600|345600|345600|345600,13000132,403211,21600,9002|80,icon_small_fortress1,-1,,,3,chat_share_relic_s302,20,9,9,SLG_site_02,,,[21201|50|21202|30|21203|20],3|1|1,Head_60371,sp_fortress_building_name_135,10,banner_s3_bubble_relic_5,banner_s3_bubble_remains1,300,323,925,1800,100002,relic_boss_32,13000032,4,8012,200,-1,2,[],50,4000,300,500,3
403212,100,3600,[403312|403407|403116|403311|403213],64,[64],[36|300],sp_fortress_building_buff_130_S1,{36:300},600000,[403312|403407|403116|403311|403213],5,5,60,322001,20000000000,hero_name_60371,monster_fortress_001,101001,1800,986400,72000|36000|0|0|0,259200,345600|345600|345600|345600|345600|345600|345600,13000132,403212,21600,9002|80,icon_small_fortress1,-1,,,3,chat_share_relic_s302,20,9,9,SLG_site_02,,,[21201|50|21202|30|21203|20],3|1|1,Head_60371,sp_fortress_building_name_136,10,banner_s3_bubble_relic_5,banner_s3_bubble_remains1,300,249,867,1800,100002,relic_boss_32,13000032,4,8012,200,-1,2,[],50,4000,300,500,3
403213,100,3600,[403313|403117|403118|403312|403212],63,[63],[1004|500],sp_fortress_building_buff_125_S1,{1004:500},600000,[403313|403117|403118|403312|403212],5,5,60,322001,20000000000,hero_name_60371,monster_fortress_001,101001,1800,986400,72000|36000|0|0|0,259200,345600|345600|345600|345600|345600|345600|345600,13000132,403213,21600,9002|80,icon_small_fortress1,-1,,,3,chat_share_relic_s302,20,9,9,SLG_site_02,,,[21201|50|21202|30|21203|20],3|1|1,Head_60371,sp_fortress_building_name_137,10,banner_s3_bubble_relic_5,banner_s3_bubble_remains1,300,186,928,1800,100002,relic_boss_32,13000032,4,8012,200,-1,2,[],50,4000,300,500,3
403214,100,3600,[403120|403313|403119|403118],59,[59],[1005|500],sp_fortress_building_buff_126_S1,{1005:500},600000,[403120|403313|403119|403118],5,5,60,322001,20000000000,hero_name_60371,monster_fortress_001,101001,1800,986400,72000|36000|0|0|0,259200,345600|345600|345600|345600|345600|345600|345600,13000132,403214,21600,9002|80,icon_small_fortress1,-1,,,3,chat_share_relic_s302,20,9,9,SLG_site_02,,,[21201|50|21202|30|21203|20],3|1|1,Head_60371,sp_fortress_building_name_138,10,banner_s3_bubble_relic_5,banner_s3_bubble_remains1,300,66,912,1800,100002,relic_boss_32,13000032,4,8012,200,-1,2,[],50,4000,300,500,3
403215,100,3600,[403216|403121|403315|403409|403120],46,[46],[1006|500],sp_fortress_building_buff_127_S1,{1006:500},600000,[403216|403121|403315|403409|403120],5,5,60,322001,20000000000,hero_name_60371,monster_fortress_001,101001,1800,986400,72000|36000|0|0|0,259200,345600|345600|345600|345600|345600|345600|345600,13000132,403215,21600,9002|80,icon_small_fortress1,-1,,,3,chat_share_relic_s302,20,9,9,SLG_site_02,,,[21201|50|21202|30|21203|20],3|1|1,Head_60371,sp_fortress_building_name_139,10,banner_s3_bubble_relic_5,banner_s3_bubble_remains1,300,54,752,1800,100002,relic_boss_32,13000032,4,8012,200,-1,2,[],50,4000,300,500,3
403216,100,3600,[403122|403315|403121|403215],41,[41],[1022|500],sp_fortress_building_buff_128_S1,{1022:500},600000,[403122|403315|403121|403215],5,5,60,322001,20000000000,hero_name_60371,monster_fortress_001,101001,1800,986400,72000|36000|0|0|0,259200,345600|345600|345600|345600|345600|345600|345600,13000132,403216,21600,9002|80,icon_small_fortress1,-1,,,3,chat_share_relic_s302,20,9,9,SLG_site_02,,,[21201|50|21202|30|21203|20],3|1|1,Head_60371,sp_fortress_building_name_140,10,banner_s3_bubble_relic_5,banner_s3_bubble_remains1,300,50,606,1800,100002,relic_boss_32,13000032,4,8012,200,-1,2,[],50,4000,300,500,3
403217,100,3600,[403218|403122|403123|403316|403410|403315],38,[38],[1022|500],sp_fortress_building_buff_128_S1,{1022:500},600000,[403218|403122|403123|403316|403410|403315],5,5,60,322001,20000000000,hero_name_60371,monster_fortress_001,101001,1800,986400,72000|36000|0|0|0,259200,345600|345600|345600|345600|345600|345600|345600,13000132,403217,21600,9002|80,icon_small_fortress1,-1,,,3,chat_share_relic_s302,20,9,9,SLG_site_02,,,[21201|50|21202|30|21203|20],3|1|1,Head_60371,sp_fortress_building_name_141,10,banner_s3_bubble_relic_5,banner_s3_bubble_remains1,300,67,433,1800,100002,relic_boss_32,13000032,4,8012,200,-1,2,[],50,4000,300,500,3
403218,100,3600,[403124|403301|403123|403316|403217],10,[10],[36|300],sp_fortress_building_buff_130_S1,{36:300},600000,[403124|403301|403123|403316|403217],5,5,60,322001,20000000000,hero_name_60371,monster_fortress_001,101001,1800,986400,72000|36000|0|0|0,259200,345600|345600|345600|345600|345600|345600|345600,13000132,403218,21600,9002|80,icon_small_fortress1,-1,,,3,chat_share_relic_s302,20,9,9,SLG_site_02,,,[21201|50|21202|30|21203|20],3|1|1,Head_60371,sp_fortress_building_name_142,10,banner_s3_bubble_relic_5,banner_s3_bubble_remains1,300,48,292,1800,100002,relic_boss_32,13000032,4,8012,200,-1,2,[],50,4000,300,500,3
403301,100,3600,[403102|403201|403302|403316|403218|403401],9,[9],[1072|1000],sp_fortress_building_buff_143_S1,{1072:1000},800000,[403102|403201|403302|403316|403218|403401],5,5,60,323001,30000000000,hero_name_60373,monster_fortress_001,101001,1800,1332000,72000|36000|0|0|0,432000,518400|518400|518400|518400|518400|518400|518400,13000133,403301,21600,9003|100,icon_small_fortress2,-1,,,3,chat_share_relic_s303,30,9,9,SLG_site_02,,,[21301|50|21302|30|21303|20],3|1|1,Head_60373,sp_fortress_building_name_143,15,banner_s3_bubble_relic_4,banner_s3_bubble_remains2,300,108,216,1800,100002,relic_boss_33,13000033,4,8013,200,-1,3,[],50,3000,300,800,3
403302,100,3600,[403202|403401|403301|403303|403203],8,[8],[1002|500],sp_fortress_building_buff_144_S1,{1002:500},800000,[403202|403401|403301|403303|403203],5,5,60,323001,30000000000,hero_name_60373,monster_fortress_001,101001,1800,1332000,72000|36000|0|0|0,432000,518400|518400|518400|518400|518400|518400|518400,13000133,403302,21600,9003|100,icon_small_fortress2,-1,,,3,chat_share_relic_s303,30,9,9,SLG_site_02,,,[21301|50|21302|30|21303|20],3|1|1,Head_60373,sp_fortress_building_name_144,15,banner_s3_bubble_relic_4,banner_s3_bubble_remains2,300,175,139,1800,100002,relic_boss_33,13000033,4,8013,200,-1,3,[],50,3000,300,800,3
403303,100,3600,[403302|403402|403401|403203|403304],16,[16],[1033|500],sp_fortress_building_buff_145_S1,{1033:500},800000,[403302|403402|403401|403203|403304],5,5,60,323001,30000000000,hero_name_60373,monster_fortress_001,101001,1800,1332000,72000|36000|0|0|0,432000,518400|518400|518400|518400|518400|518400|518400,13000133,403303,21600,9003|100,icon_small_fortress2,-1,,,3,chat_share_relic_s303,30,9,9,SLG_site_02,,,[21301|50|21302|30|21303|20],3|1|1,Head_60373,sp_fortress_building_name_145,15,banner_s3_bubble_relic_4,banner_s3_bubble_remains2,300,214,216,1800,100002,relic_boss_33,13000033,4,8013,200,-1,3,[],50,3000,300,800,3
403304,100,3600,[403204|403203|403305|403501|403303|403403],6,[6],[1034|500],sp_fortress_building_buff_146_S1,{1034:500},800000,[403204|403203|403305|403501|403303|403403],5,5,60,323001,30000000000,hero_name_60373,monster_fortress_001,101001,1800,1332000,72000|36000|0|0|0,432000,518400|518400|518400|518400|518400|518400|518400,13000133,403304,21600,9003|100,icon_small_fortress2,-1,,,3,chat_share_relic_s303,30,9,9,SLG_site_02,,,[21301|50|21302|30|21303|20],3|1|1,Head_60373,sp_fortress_building_name_146,15,banner_s3_bubble_relic_4,banner_s3_bubble_remains2,300,294,204,1800,100002,relic_boss_33,13000033,4,8013,200,-1,3,[],50,3000,300,800,3
403305,100,3600,[403204|403403|403304|403106|403205],5,[5],[1016|500],sp_fortress_building_buff_147_S1,{1016:500},800000,[403204|403403|403304|403106|403205],5,5,60,323001,30000000000,hero_name_60373,monster_fortress_001,101001,1800,1332000,72000|36000|0|0|0,432000,518400|518400|518400|518400|518400|518400|518400,13000133,403305,21600,9003|100,icon_small_fortress2,-1,,,3,chat_share_relic_s303,30,9,9,SLG_site_02,,,[21301|50|21302|30|21303|20],3|1|1,Head_60373,sp_fortress_building_name_147,15,banner_s3_bubble_relic_4,banner_s3_bubble_remains2,300,357,137,1800,100002,relic_boss_33,13000033,4,8013,200,-1,3,[],50,3000,300,800,3
403307,100,3600,[403404|403206|403207|403405],24,[24],[35|500],sp_fortress_building_buff_149_S1,{35:500},800000,[403404|403206|403207|403405],5,5,60,323001,30000000000,hero_name_60373,monster_fortress_001,101001,1800,1332000,72000|36000|0|0|0,432000,518400|518400|518400|518400|518400|518400|518400,13000133,403307,21600,9003|100,icon_small_fortress2,-1,,,3,chat_share_relic_s303,30,9,9,SLG_site_02,,,[21301|50|21302|30|21303|20],3|1|1,Head_60373,sp_fortress_building_name_149,15,banner_s3_bubble_relic_4,banner_s3_bubble_remains2,300,429,319,1800,100002,relic_boss_33,13000033,4,8013,200,-1,3,[],50,3000,300,800,3
403308,100,3600,[403405|403208|403406|403309],32,[32],[1010|10],sp_fortress_building_buff_150_S1,{1010:10},800000,[403405|403208|403406|403309],5,5,60,323001,30000000000,hero_name_60373,monster_fortress_001,101001,1800,1332000,72000|36000|0|0|0,432000,518400|518400|518400|518400|518400|518400|518400,13000133,403308,21600,9003|100,icon_small_fortress2,-1,,,3,chat_share_relic_s303,30,9,9,SLG_site_02,,,[21301|50|21302|30|21303|20],3|1|1,Head_60373,sp_fortress_building_name_150,15,banner_s3_bubble_relic_4,banner_s3_bubble_remains2,300,403,599,1800,100002,relic_boss_33,13000033,4,8013,200,-1,3,[],50,3000,300,800,3
403309,100,3600,[403208|403308|403209|403310|403406],51,[51],[1072|1000],sp_fortress_building_buff_143_S1,{1072:1000},800000,[403208|403308|403209|403310|403406],5,5,60,323001,30000000000,hero_name_60373,monster_fortress_001,101001,1800,1332000,72000|36000|0|0|0,432000,518400|518400|518400|518400|518400|518400|518400,13000133,403309,21600,9003|100,icon_small_fortress2,-1,,,3,chat_share_relic_s303,30,9,9,SLG_site_02,,,[21301|50|21302|30|21303|20],3|1|1,Head_60373,sp_fortress_building_name_151,15,banner_s3_bubble_relic_4,banner_s3_bubble_remains2,300,422,714,1800,100002,relic_boss_33,13000033,4,8013,200,-1,3,[],50,3000,300,800,3
403310,100,3600,[403309|403407|403210|403209|403114|403311],54,[54],[1002|500],sp_fortress_building_buff_144_S1,{1002:500},800000,[403309|403407|403210|403209|403114|403311],5,5,60,323001,30000000000,hero_name_60373,monster_fortress_001,101001,1800,1332000,72000|36000|0|0|0,432000,518400|518400|518400|518400|518400|518400|518400,13000133,403310,21600,9003|100,icon_small_fortress2,-1,,,3,chat_share_relic_s303,30,9,9,SLG_site_02,,,[21301|50|21302|30|21303|20],3|1|1,Head_60373,sp_fortress_building_name_152,15,banner_s3_bubble_relic_4,banner_s3_bubble_remains2,300,403,813,1800,100002,relic_boss_33,13000033,4,8013,200,-1,3,[],50,3000,300,800,3
403311,100,3600,[403407|403211|403212|403310],66,[66],[1033|500],sp_fortress_building_buff_145_S1,{1033:500},800000,[403407|403211|403212|403310],5,5,60,323001,30000000000,hero_name_60373,monster_fortress_001,101001,1800,1332000,72000|36000|0|0|0,432000,518400|518400|518400|518400|518400|518400|518400,13000133,403311,21600,9003|100,icon_small_fortress2,-1,,,3,chat_share_relic_s303,30,9,9,SLG_site_02,,,[21301|50|21302|30|21303|20],3|1|1,Head_60373,sp_fortress_building_name_153,15,banner_s3_bubble_relic_4,banner_s3_bubble_remains2,300,336,854,1800,100002,relic_boss_33,13000033,4,8013,200,-1,3,[],50,3000,300,800,3
403312,100,3600,[403408|403212|403407|403213|403313],57,[57],[1034|500],sp_fortress_building_buff_146_S1,{1034:500},800000,[403408|403212|403407|403213|403313],5,5,60,323001,30000000000,hero_name_60373,monster_fortress_001,101001,1800,1332000,72000|36000|0|0|0,432000,518400|518400|518400|518400|518400|518400|518400,13000133,403312,21600,9003|100,icon_small_fortress2,-1,,,3,chat_share_relic_s303,30,9,9,SLG_site_02,,,[21301|50|21302|30|21303|20],3|1|1,Head_60373,sp_fortress_building_name_154,15,banner_s3_bubble_relic_4,banner_s3_bubble_remains2,300,214,816,1800,100002,relic_boss_33,13000033,4,8013,200,-1,3,[],50,3000,300,800,3
403313,100,3600,[403118|403214|403213|403408|403312],58,[58],[1016|500],sp_fortress_building_buff_147_S1,{1016:500},800000,[403118|403214|403213|403408|403312],5,5,60,323001,30000000000,hero_name_60373,monster_fortress_001,101001,1800,1332000,72000|36000|0|0|0,432000,518400|518400|518400|518400|518400|518400|518400,13000133,403313,21600,9003|100,icon_small_fortress2,-1,,,3,chat_share_relic_s303,30,9,9,SLG_site_02,,,[21301|50|21302|30|21303|20],3|1|1,Head_60373,sp_fortress_building_name_155,15,banner_s3_bubble_relic_4,banner_s3_bubble_remains2,300,137,851,1800,100002,relic_boss_33,13000033,4,8013,200,-1,3,[],50,3000,300,800,3
403315,100,3600,[403217|403216|403410|403409|403215],42,[42],[35|500],sp_fortress_building_buff_149_S1,{35:500},800000,[403217|403216|403410|403409|403215],5,5,60,323001,30000000000,hero_name_60373,monster_fortress_001,101001,1800,1332000,72000|36000|0|0|0,432000,518400|518400|518400|518400|518400|518400|518400,13000133,403315,21600,9003|100,icon_small_fortress2,-1,,,3,chat_share_relic_s303,30,9,9,SLG_site_02,,,[21301|50|21302|30|21303|20],3|1|1,Head_60373,sp_fortress_building_name_157,15,banner_s3_bubble_relic_4,banner_s3_bubble_remains2,300,83,605,1800,100002,relic_boss_33,13000033,4,8013,200,-1,3,[],50,3000,300,800,3
403316,100,3600,[403301|403218|403401|403217|403410],14,[14],[1010|10],sp_fortress_building_buff_150_S1,{1010:10},800000,[403301|403218|403401|403217|403410],5,5,60,323001,30000000000,hero_name_60373,monster_fortress_001,101001,1800,1332000,72000|36000|0|0|0,432000,518400|518400|518400|518400|518400|518400|518400,13000133,403316,21600,9003|100,icon_small_fortress2,-1,,,3,chat_share_relic_s303,30,9,9,SLG_site_02,,,[21301|50|21302|30|21303|20],3|1|1,Head_60373,sp_fortress_building_name_158,15,banner_s3_bubble_relic_4,banner_s3_bubble_remains2,300,86,326,1800,100002,relic_boss_33,13000033,4,8013,200,-1,3,[],50,3000,300,800,3
403401,100,3600,[403302|403301|403303|403316|403402|403505],15,[15],[1022|1500],sp_fortress_building_buff_159_S1,{1022:1500},1200000,[403302|403301|403303|403316|403402|403505],5,5,60,324001,35000000000,hero_name_60372,monster_fortress_001,101001,1800,1677600,72000|36000|0|0|0,604800,691200|691200|691200|691200|691200|691200|691200,13000134,403401,21600,9004|120,icon_small_fortress2,-1,,,3,chat_share_relic_s304,40,9,9,SLG_site_02,,,[21501|50|21502|30|21503|20],3|1|1,Head_60372,sp_fortress_building_name_159,15,banner_s3_bubble_relic_1,banner_s3_bubble_remains2,300,134,286,1800,100002,relic_boss_34,13000034,4,8014,200,-1,4,[],50,2000,300,1100,3
403402,100,3600,[403303|403401|403501|403505],17,[17],[1001|1000],sp_fortress_building_buff_160_S1,{1001:1000},1200000,[403303|403401|403501|403505],5,5,60,324001,35000000000,hero_name_60372,monster_fortress_001,101001,1800,1677600,72000|36000|0|0|0,604800,691200|691200|691200|691200|691200|691200|691200,13000134,403402,21600,9004|120,icon_small_fortress2,-1,,,3,chat_share_relic_s304,40,9,9,SLG_site_02,,,[21501|50|21502|30|21503|20],3|1|1,Head_60372,sp_fortress_building_name_160,15,banner_s3_bubble_relic_1,banner_s3_bubble_remains2,300,201,293,1800,100002,relic_boss_34,13000034,4,8014,200,-1,4,[],50,2000,300,1100,3
403403,100,3600,[403305|403304|403501|403404|403502],19,[19],[36|500],sp_fortress_building_buff_161_S1,{36:500},1200000,[403305|403304|403501|403404|403502],5,5,60,324001,35000000000,hero_name_60372,monster_fortress_001,101001,1800,1677600,72000|36000|0|0|0,604800,691200|691200|691200|691200|691200|691200|691200,13000134,403403,21600,9004|120,icon_small_fortress2,-1,,,3,chat_share_relic_s304,40,9,9,SLG_site_02,,,[21501|50|21502|30|21503|20],3|1|1,Head_60372,sp_fortress_building_name_161,15,banner_s3_bubble_relic_1,banner_s3_bubble_remains2,300,332,280,1800,100002,relic_boss_34,13000034,4,8014,200,-1,4,[],50,2000,300,1100,3
403404,100,3600,[403403|403307|403502|403405],25,[25],[35|500],sp_fortress_building_buff_162_S1,{35:500},1200000,[403403|403307|403502|403405],5,5,60,324001,35000000000,hero_name_60372,monster_fortress_001,101001,1800,1677600,72000|36000|0|0|0,604800,691200|691200|691200|691200|691200|691200|691200,13000134,403404,21600,9004|120,icon_small_fortress2,-1,,,3,chat_share_relic_s304,40,9,9,SLG_site_02,,,[21501|50|21502|30|21503|20],3|1|1,Head_60372,sp_fortress_building_name_162,15,banner_s3_bubble_relic_1,banner_s3_bubble_remains2,300,380,332,1800,100002,relic_boss_34,13000034,4,8014,200,-1,4,[],50,2000,300,1100,3
403405,100,3600,[403404|403502|403307|403308|403207|403406],27,[27],[1056|500],sp_fortress_building_buff_163_S1,{1056:500},1200000,[403404|403502|403307|403308|403207|403406],5,5,60,324001,35000000000,hero_name_60372,monster_fortress_001,101001,1800,1677600,72000|36000|0|0|0,604800,691200|691200|691200|691200|691200|691200|691200,13000134,403405,21600,9004|120,icon_small_fortress2,-1,,,3,chat_share_relic_s304,40,9,9,SLG_site_02,,,[21501|50|21502|30|21503|20],3|1|1,Head_60372,sp_fortress_building_name_163,15,banner_s3_bubble_relic_1,banner_s3_bubble_remains2,300,374,490,1800,100002,relic_boss_34,13000034,4,8014,200,-1,4,[],50,2000,300,1100,3
403406,100,3600,[403405|403502|403308|403503|403407|403309],33,[33],[1022|1500],sp_fortress_building_buff_159_S1,{1022:1500},1200000,[403405|403502|403308|403503|403407|403309],5,5,60,324001,35000000000,hero_name_60372,monster_fortress_001,101001,1800,1677600,72000|36000|0|0|0,604800,691200|691200|691200|691200|691200|691200|691200,13000134,403406,21600,9004|120,icon_small_fortress2,-1,,,3,chat_share_relic_s304,40,9,9,SLG_site_02,,,[21501|50|21502|30|21503|20],3|1|1,Head_60372,sp_fortress_building_name_164,15,banner_s3_bubble_relic_1,banner_s3_bubble_remains2,300,361,669,1800,100002,relic_boss_34,13000034,4,8014,200,-1,4,[],50,2000,300,1100,3
403407,100,3600,[403503|403212|403312|403311|403406|403310],55,[55],[1001|1000],sp_fortress_building_buff_160_S1,{1001:1000},1200000,[403503|403212|403312|403311|403406|403310],5,5,60,324001,35000000000,hero_name_60372,monster_fortress_001,101001,1800,1677600,72000|36000|0|0|0,604800,691200|691200|691200|691200|691200|691200|691200,13000134,403407,21600,9004|120,icon_small_fortress2,-1,,,3,chat_share_relic_s304,40,9,9,SLG_site_02,,,[21501|50|21502|30|21503|20],3|1|1,Head_60372,sp_fortress_building_name_165,15,banner_s3_bubble_relic_1,banner_s3_bubble_remains2,300,310,816,1800,100002,relic_boss_34,13000034,4,8014,200,-1,4,[],50,2000,300,1100,3
403408,100,3600,[403504|403409|403312|403503|403313],49,[49],[36|500],sp_fortress_building_buff_161_S1,{36:500},1200000,[403504|403409|403312|403503|403313],5,5,60,324001,35000000000,hero_name_60372,monster_fortress_001,101001,1800,1677600,72000|36000|0|0|0,604800,691200|691200|691200|691200|691200|691200|691200,13000134,403408,21600,9004|120,icon_small_fortress2,-1,,,3,chat_share_relic_s304,40,9,9,SLG_site_02,,,[21501|50|21502|30|21503|20],3|1|1,Head_60372,sp_fortress_building_name_166,15,banner_s3_bubble_relic_1,banner_s3_bubble_remains2,300,198,730,1800,100002,relic_boss_34,13000034,4,8014,200,-1,4,[],50,2000,300,1100,3
403409,100,3600,[403410|403315|403504|403215|403408],43,[43],[35|500],sp_fortress_building_buff_162_S1,{35:500},1200000,[403410|403315|403504|403215|403408],5,5,60,324001,35000000000,hero_name_60372,monster_fortress_001,101001,1800,1677600,72000|36000|0|0|0,604800,691200|691200|691200|691200|691200|691200|691200,13000134,403409,21600,9004|120,icon_small_fortress2,-1,,,3,chat_share_relic_s304,40,9,9,SLG_site_02,,,[21501|50|21502|30|21503|20],3|1|1,Head_60372,sp_fortress_building_name_167,15,banner_s3_bubble_relic_1,banner_s3_bubble_remains2,300,116,694,1800,100002,relic_boss_34,13000034,4,8014,200,-1,4,[],50,2000,300,1100,3
403410,100,3600,[403316|403217|403505|403409|403315|403504],37,[37],[1056|500],sp_fortress_building_buff_163_S1,{1056:500},1200000,[403316|403217|403505|403409|403315|403504],5,5,60,324001,35000000000,hero_name_60372,monster_fortress_001,101001,1800,1677600,72000|36000|0|0|0,604800,691200|691200|691200|691200|691200|691200|691200,13000134,403410,21600,9004|120,icon_small_fortress2,-1,,,3,chat_share_relic_s304,40,9,9,SLG_site_02,,,[21501|50|21502|30|21503|20],3|1|1,Head_60372,sp_fortress_building_name_168,15,banner_s3_bubble_relic_1,banner_s3_bubble_remains2,300,115,503,1800,100002,relic_boss_34,13000034,4,8014,200,-1,4,[],50,2000,300,1100,3
403501,100,3600,[403304|403402|403403],18,[18],,sp_fortress_building_buff_169_S1,{},2500000,[403304|403402|403403],5,5,60,325001,45000000000,hero_name_60374,monster_fortress_001,101001,1800,2023200,72000|36000|0|0|0,777600,864000|864000|864000|864000|864000|864000|864000,13000135,403501,21600,9005|150,icon_small_fortress3,1,,[312001|100|305001|100|306001|100],3,chat_share_relic_s305,50,9,9,SLG_site_02,,,[21601|50|21602|30|21603|20],3|1|1,Head_60374,sp_fortress_building_name_169,20,banner_s3_bubble_relic_2,banner_s3_bubble_remains3,300,257,337,1800,100002,relic_boss_35,13000035,4,8015,200,-1,5,[(312001|100)|(305001|100)|(306001|100)],50,1000,300,1400,3
403502,100,3600,[403403|403404|403405|403406],26,[26],,sp_fortress_building_buff_170_S1,{},2500000,[403403|403404|403405|403406],5,5,60,325001,45000000000,hero_name_60374,monster_fortress_001,101001,1800,2023200,72000|36000|0|0|0,777600,864000|864000|864000|864000|864000|864000|864000,13000135,403502,21600,9005|150,icon_small_fortress3,2,,[14012|100|15012|100|16012|100],3,chat_share_relic_s305,50,9,9,SLG_site_02,,,[21601|50|21602|30|21603|20],3|1|1,Head_60374,sp_fortress_building_name_170,20,banner_s3_bubble_relic_2,banner_s3_bubble_remains3,300,329,481,1800,100002,relic_boss_35,13000035,4,8015,200,-1,5,[(14012|100)|(15012|100)|(16012|100)],50,1000,300,1400,3
403503,100,3600,[403504|403406|403407|403408],50,[50],,sp_fortress_building_buff_171_S1,{},2500000,[403504|403406|403407|403408],5,5,60,325001,45000000000,hero_name_60374,monster_fortress_001,101001,1800,2023200,72000|36000|0|0|0,777600,864000|864000|864000|864000|864000|864000|864000,13000135,403503,21600,9005|150,icon_small_fortress3,1,,[312001|100|305001|100|306001|100],3,chat_share_relic_s305,50,9,9,SLG_site_02,,,[21601|50|21602|30|21603|20],3|1|1,Head_60374,sp_fortress_building_name_171,20,banner_s3_bubble_relic_2,banner_s3_bubble_remains3,300,290,708,1800,100002,relic_boss_35,13000035,4,8015,200,-1,5,[(312001|100)|(305001|100)|(306001|100)],50,1000,300,1400,3
403504,100,3600,[403410|403409|403505|403408|403503],44,[44],,sp_fortress_building_buff_172_S1,{},2500000,[403410|403409|403505|403408|403503],5,5,60,325001,45000000000,hero_name_60374,monster_fortress_001,101001,1800,2023200,72000|36000|0|0|0,777600,864000|864000|864000|864000|864000|864000|864000,13000135,403504,21600,9005|150,icon_small_fortress3,2,,[14012|100|15012|100|16012|100],3,chat_share_relic_s305,50,9,9,SLG_site_02,,,[21601|50|21602|30|21603|20],3|1|1,Head_60374,sp_fortress_building_name_172,20,banner_s3_bubble_relic_2,banner_s3_bubble_remains3,300,182,654,1800,100002,relic_boss_35,13000035,4,8015,200,-1,5,[(14012|100)|(15012|100)|(16012|100)],50,1000,300,1400,3
403505,100,3600,[403401|403410|403402|403504],36,[36],,sp_fortress_building_buff_173_S1,{},2500000,[403401|403410|403402|403504],5,5,60,325001,45000000000,hero_name_60374,monster_fortress_001,101001,1800,2023200,72000|36000|0|0|0,777600,864000|864000|864000|864000|864000|864000|864000,13000135,403505,21600,9005|150,icon_small_fortress3,1,,[312001|100|305001|100|306001|100],3,chat_share_relic_s305,50,9,9,SLG_site_02,,,[21601|50|21602|30|21603|20],3|1|1,Head_60374,sp_fortress_building_name_173,20,banner_s3_bubble_relic_2,banner_s3_bubble_remains3,300,169,459,1800,100002,relic_boss_35,13000035,4,8015,200,-1,5,[(312001|100)|(305001|100)|(306001|100)],50,1000,300,1400,3
50101,0,3600,[50201|50102|50124],1,[1],[1013|1000],sp_fortress_building_buff_101_S1,{1013:1000},400000,[50201|50102|50124],5,5,60,421001,15000000000,hero_name_60421,monster_fortress_001,101001,1800,554400,72000|36000|0|0|0,86400,172800|172800|172800|172800|172800|172800|172800,13000141,50101,21600,9001|50,icon_small_fortress1,-1,,,3,chat_share_relic_s401,10,9,9,SLG_site_02,,,,,Head_60421,sp_fortress_building_name_101,10,banner_s4_bubble_relic_1,banner_s4_bubble_remains1,300,16,44,1800,100002,relic_boss_41,13000041,5,8011,200,-1,1,[],50,5000,300,100,3
50102,0,3600,[50201|50101|50103|50301|50202],23,[23],[1012|1000],sp_fortress_building_buff_102_S1,{1012:1000},400000,[50201|50101|50103|50301|50202],5,5,60,421001,15000000000,hero_name_60421,monster_fortress_001,101001,1800,554400,72000|36000|0|0|0,86400,172800|172800|172800|172800|172800|172800|172800,13000141,50102,21600,9001|50,icon_small_fortress1,-1,,,3,chat_share_relic_s401,10,9,9,SLG_site_02,,,,,Head_60421,sp_fortress_building_name_102,10,banner_s4_bubble_relic_1,banner_s4_bubble_remains1,300,104,44,1800,100002,relic_boss_41,13000041,5,8011,200,-1,1,[],50,5000,300,100,3
50103,0,3600,[50202|50102|50104],34,[34],[1014|1000],sp_fortress_building_buff_103_S1,{1014:1000},400000,[50202|50102|50104],5,5,60,421001,15000000000,hero_name_60421,monster_fortress_001,101001,1800,554400,72000|36000|0|0|0,86400,172800|172800|172800|172800|172800|172800|172800,13000141,50103,21600,9001|50,icon_small_fortress1,-1,,,3,chat_share_relic_s401,10,9,9,SLG_site_02,,,,,Head_60421,sp_fortress_building_name_103,10,banner_s4_bubble_relic_1,banner_s4_bubble_remains1,300,163,25,1800,100002,relic_boss_41,13000041,5,8011,200,-1,1,[],50,5000,300,100,3
50104,0,3600,[50103|50203|50105|50202],56,[56],[1001|300],sp_fortress_building_buff_104_S1,{1001:300},400000,[50103|50203|50105|50202],5,5,60,421001,15000000000,hero_name_60421,monster_fortress_001,101001,1800,554400,72000|36000|0|0|0,86400,172800|172800|172800|172800|172800|172800|172800,13000141,50104,21600,9001|50,icon_small_fortress1,-1,,,3,chat_share_relic_s401,10,9,9,SLG_site_02,,,,,Head_60421,sp_fortress_building_name_104,10,banner_s4_bubble_relic_1,banner_s4_bubble_remains1,300,243,51,1800,100002,relic_boss_41,13000041,5,8011,200,-1,1,[],50,5000,300,100,3
50105,0,3600,[50204|50104|50106],67,[67],[1002|300],sp_fortress_building_buff_105_S1,{1002:300},400000,[50204|50104|50106],5,5,60,421001,15000000000,hero_name_60421,monster_fortress_001,101001,1800,554400,72000|36000|0|0|0,86400,172800|172800|172800|172800|172800|172800|172800,13000141,50105,21600,9001|50,icon_small_fortress1,-1,,,3,chat_share_relic_s401,10,9,9,SLG_site_02,,,,,Head_60421,sp_fortress_building_name_105,10,banner_s4_bubble_relic_1,banner_s4_bubble_remains1,300,337,19,1800,100002,relic_boss_41,13000041,5,8011,200,-1,1,[],50,5000,300,100,3
50106,0,3600,[50105|50205|50107|50305|50204],74,[74],[1033|300],sp_fortress_building_buff_106_S1,{1033:300},400000,[50105|50205|50107|50305|50204],5,5,60,421001,15000000000,hero_name_60421,monster_fortress_001,101001,1800,554400,72000|36000|0|0|0,86400,172800|172800|172800|172800|172800|172800|172800,13000141,50106,21600,9001|50,icon_small_fortress1,-1,,,3,chat_share_relic_s401,10,9,9,SLG_site_02,,,,,Head_60421,sp_fortress_building_name_106,10,banner_s4_bubble_relic_1,banner_s4_bubble_remains1,300,399,57,1800,100002,relic_boss_41,13000041,5,8011,200,-1,1,[],50,5000,300,100,3
50107,0,3600,[50205|50106|50108],2,[2],[1034|300],sp_fortress_building_buff_107_S1,{1034:300},400000,[50205|50106|50108],5,5,60,421001,15000000000,hero_name_60421,monster_fortress_001,101001,1800,554400,72000|36000|0|0|0,86400,172800|172800|172800|172800|172800|172800|172800,13000141,50107,21600,9001|50,icon_small_fortress1,-1,,,3,chat_share_relic_s401,10,9,9,SLG_site_02,,,,,Head_60421,sp_fortress_building_name_107,10,banner_s4_bubble_relic_1,banner_s4_bubble_remains1,300,486,70,1800,100002,relic_boss_41,13000041,5,8011,200,-1,1,[],50,5000,300,100,3
50108,0,3600,[50205|50206|50107|50109],3,[3],[1016|300],sp_fortress_building_buff_108_S1,{1016:300},400000,[50205|50206|50107|50109],5,5,60,421001,15000000000,hero_name_60421,monster_fortress_001,101001,1800,554400,72000|36000|0|0|0,86400,172800|172800|172800|172800|172800|172800|172800,13000141,50108,21600,9001|50,icon_small_fortress1,-1,,,3,chat_share_relic_s401,10,9,9,SLG_site_02,,,,,Head_60421,sp_fortress_building_name_108,10,banner_s4_bubble_relic_1,banner_s4_bubble_remains1,300,489,153,1800,100002,relic_boss_41,13000041,5,8011,200,-1,1,[],50,5000,300,100,3
50109,0,3600,[50108|50206|50110|50207],22,[22],[1013|1000],sp_fortress_building_buff_101_S1,{1013:1000},400000,[50108|50206|50110|50207],5,5,60,421001,15000000000,hero_name_60421,monster_fortress_001,101001,1800,554400,72000|36000|0|0|0,86400,172800|172800|172800|172800|172800|172800|172800,13000141,50109,21600,9001|50,icon_small_fortress1,-1,,,3,chat_share_relic_s401,10,9,9,SLG_site_02,,,,,Head_60421,sp_fortress_building_name_109,10,banner_s4_bubble_relic_1,banner_s4_bubble_remains1,300,489,337,1800,100002,relic_boss_41,13000041,5,8011,200,-1,1,[],50,5000,300,100,3
50110,0,3600,[50109|50207|50208|50111],29,[29],[1012|1000],sp_fortress_building_buff_102_S1,{1012:1000},400000,[50109|50207|50208|50111],5,5,60,421001,15000000000,hero_name_60421,monster_fortress_001,101001,1800,554400,72000|36000|0|0|0,86400,172800|172800|172800|172800|172800|172800|172800,13000141,50110,21600,9001|50,icon_small_fortress1,-1,,,3,chat_share_relic_s401,10,9,9,SLG_site_02,,,,,Head_60421,sp_fortress_building_name_110,10,banner_s4_bubble_relic_1,banner_s4_bubble_remains1,300,489,521,1800,100002,relic_boss_41,13000041,5,8011,200,-1,1,[],50,5000,300,100,3
50111,0,3600,[50110|50208|50209|50112],30,[30],[1014|1000],sp_fortress_building_buff_103_S1,{1014:1000},400000,[50110|50208|50209|50112],5,5,60,421001,15000000000,hero_name_60421,monster_fortress_001,101001,1800,554400,72000|36000|0|0|0,86400,172800|172800|172800|172800|172800|172800|172800,13000141,50111,21600,9001|50,icon_small_fortress1,-1,,,3,chat_share_relic_s401,10,9,9,SLG_site_02,,,,,Head_60421,sp_fortress_building_name_111,10,banner_s4_bubble_relic_1,banner_s4_bubble_remains1,300,492,682,1800,100002,relic_boss_41,13000041,5,8011,200,-1,1,[],50,5000,300,100,3
50112,0,3600,[50111|50209|50210|50113],53,[53],[1001|300],sp_fortress_building_buff_104_S1,{1001:300},400000,[50111|50209|50210|50113],5,5,60,421001,15000000000,hero_name_60421,monster_fortress_001,101001,1800,554400,72000|36000|0|0|0,86400,172800|172800|172800|172800|172800|172800|172800,13000141,50112,21600,9001|50,icon_small_fortress1,-1,,,3,chat_share_relic_s401,10,9,9,SLG_site_02,,,,,Head_60421,sp_fortress_building_name_112,10,banner_s4_bubble_relic_1,banner_s4_bubble_remains1,300,490,854,1800,100002,relic_boss_41,13000041,5,8011,200,-1,1,[],50,5000,300,100,3
50113,0,3600,[50112|50210|50114],72,[72],[1002|300],sp_fortress_building_buff_105_S1,{1002:300},400000,[50112|50210|50114],5,5,60,421001,15000000000,hero_name_60421,monster_fortress_001,101001,1800,554400,72000|36000|0|0|0,86400,172800|172800|172800|172800|172800|172800|172800,13000141,50113,21600,9001|50,icon_small_fortress1,-1,,,3,chat_share_relic_s401,10,9,9,SLG_site_02,,,,,Head_60421,sp_fortress_building_name_113,10,banner_s4_bubble_relic_1,banner_s4_bubble_remains1,300,484,978,1800,100002,relic_boss_41,13000041,5,8011,200,-1,1,[],50,5000,300,100,3
50114,0,3600,[50310|50211|50210|50115|50113],70,[70],[1033|300],sp_fortress_building_buff_106_S1,{1033:300},400000,[50310|50211|50210|50115|50113],5,5,60,421001,15000000000,hero_name_60421,monster_fortress_001,101001,1800,554400,72000|36000|0|0|0,86400,172800|172800|172800|172800|172800|172800|172800,13000141,50114,21600,9001|50,icon_small_fortress1,-1,,,3,chat_share_relic_s401,10,9,9,SLG_site_02,,,,,Head_60421,sp_fortress_building_name_114,10,banner_s4_bubble_relic_1,banner_s4_bubble_remains1,300,409,961,1800,100002,relic_boss_41,13000041,5,8011,200,-1,1,[],50,5000,300,100,3
50115,0,3600,[50211|50116|50114],69,[69],[1034|300],sp_fortress_building_buff_107_S1,{1034:300},400000,[50211|50116|50114],5,5,60,421001,15000000000,hero_name_60421,monster_fortress_001,101001,1800,554400,72000|36000|0|0|0,86400,172800|172800|172800|172800|172800|172800|172800,13000141,50115,21600,9001|50,icon_small_fortress1,-1,,,3,chat_share_relic_s401,10,9,9,SLG_site_02,,,,,Head_60421,sp_fortress_building_name_115,10,banner_s4_bubble_relic_1,banner_s4_bubble_remains1,300,329,991,1800,100002,relic_boss_41,13000041,5,8011,200,-1,1,[],50,5000,300,100,3
50116,0,3600,[50212|50211|50117|50115],65,[65],[1016|300],sp_fortress_building_buff_108_S1,{1016:300},400000,[50212|50211|50117|50115],5,5,60,421001,15000000000,hero_name_60421,monster_fortress_001,101001,1800,554400,72000|36000|0|0|0,86400,172800|172800|172800|172800|172800|172800|172800,13000141,50116,21600,9001|50,icon_small_fortress1,-1,,,3,chat_share_relic_s401,10,9,9,SLG_site_02,,,,,Head_60421,sp_fortress_building_name_116,10,banner_s4_bubble_relic_1,banner_s4_bubble_remains1,300,259,981,1800,100002,relic_boss_41,13000041,5,8011,200,-1,1,[],50,5000,300,100,3
50117,0,3600,[50213|50118|50116],62,[62],[1013|1000],sp_fortress_building_buff_101_S1,{1013:1000},400000,[50213|50118|50116],5,5,60,421001,15000000000,hero_name_60421,monster_fortress_001,101001,1800,554400,72000|36000|0|0|0,86400,172800|172800|172800|172800|172800|172800|172800,13000141,50117,21600,9001|50,icon_small_fortress1,-1,,,3,chat_share_relic_s401,10,9,9,SLG_site_02,,,,,Head_60421,sp_fortress_building_name_117,10,banner_s4_bubble_relic_1,banner_s4_bubble_remains1,300,173,981,1800,100002,relic_boss_41,13000041,5,8011,200,-1,1,[],50,5000,300,100,3
50118,0,3600,[50313|50214|50213|50119|50117],61,[61],[1012|1000],sp_fortress_building_buff_102_S1,{1012:1000},400000,[50313|50214|50213|50119|50117],5,5,60,421001,15000000000,hero_name_60421,monster_fortress_001,101001,1800,554400,72000|36000|0|0|0,86400,172800|172800|172800|172800|172800|172800|172800,13000141,50118,21600,9001|50,icon_small_fortress1,-1,,,3,chat_share_relic_s401,10,9,9,SLG_site_02,,,,,Head_60421,sp_fortress_building_name_118,10,banner_s4_bubble_relic_1,banner_s4_bubble_remains1,300,99,975,1800,100002,relic_boss_41,13000041,5,8011,200,-1,1,[],50,5000,300,100,3
50119,0,3600,[50120|50214|50118],60,[60],[1014|1000],sp_fortress_building_buff_103_S1,{1014:1000},400000,[50120|50214|50118],5,5,60,421001,15000000000,hero_name_60421,monster_fortress_001,101001,1800,554400,72000|36000|0|0|0,86400,172800|172800|172800|172800|172800|172800|172800,13000141,50119,21600,9001|50,icon_small_fortress1,-1,,,3,chat_share_relic_s401,10,9,9,SLG_site_02,,,,,Head_60421,sp_fortress_building_name_119,10,banner_s4_bubble_relic_1,banner_s4_bubble_remains1,300,25,981,1800,100002,relic_boss_41,13000041,5,8011,200,-1,1,[],50,5000,300,100,3
50120,0,3600,[50121|50215|50119|50214],47,[47],[1001|300],sp_fortress_building_buff_104_S1,{1001:300},400000,[50121|50215|50119|50214],5,5,60,421001,15000000000,hero_name_60421,monster_fortress_001,101001,1800,554400,72000|36000|0|0|0,86400,172800|172800|172800|172800|172800|172800|172800,13000141,50120,21600,9001|50,icon_small_fortress1,-1,,,3,chat_share_relic_s401,10,9,9,SLG_site_02,,,,,Head_60421,sp_fortress_building_name_120,10,banner_s4_bubble_relic_1,banner_s4_bubble_remains1,300,22,846,1800,100002,relic_boss_41,13000041,5,8011,200,-1,1,[],50,5000,300,100,3
50121,0,3600,[50122|50216|50120|50215],40,[40],[1002|300],sp_fortress_building_buff_105_S1,{1002:300},400000,[50122|50216|50120|50215],5,5,60,421001,15000000000,hero_name_60421,monster_fortress_001,101001,1800,554400,72000|36000|0|0|0,86400,172800|172800|172800|172800|172800|172800|172800,13000141,50121,21600,9001|50,icon_small_fortress1,-1,,,3,chat_share_relic_s401,10,9,9,SLG_site_02,,,,,Head_60421,sp_fortress_building_name_121,10,banner_s4_bubble_relic_1,banner_s4_bubble_remains1,300,19,675,1800,100002,relic_boss_41,13000041,5,8011,200,-1,1,[],50,5000,300,100,3
50122,0,3600,[50123|50217|50216|50121],39,[39],[1033|300],sp_fortress_building_buff_106_S1,{1033:300},400000,[50123|50217|50216|50121],5,5,60,421001,15000000000,hero_name_60421,monster_fortress_001,101001,1800,554400,72000|36000|0|0|0,86400,172800|172800|172800|172800|172800|172800|172800,13000141,50122,21600,9001|50,icon_small_fortress1,-1,,,3,chat_share_relic_s401,10,9,9,SLG_site_02,,,,,Head_60421,sp_fortress_building_name_122,10,banner_s4_bubble_relic_1,banner_s4_bubble_remains1,300,22,490,1800,100002,relic_boss_41,13000041,5,8011,200,-1,1,[],50,5000,300,100,3
50123,0,3600,[50124|50218|50122|50217],13,[13],[1034|300],sp_fortress_building_buff_107_S1,{1034:300},400000,[50124|50218|50122|50217],5,5,60,421001,15000000000,hero_name_60421,monster_fortress_001,101001,1800,554400,72000|36000|0|0|0,86400,172800|172800|172800|172800|172800|172800|172800,13000141,50123,21600,9001|50,icon_small_fortress1,-1,,,3,chat_share_relic_s401,10,9,9,SLG_site_02,,,,,Head_60421,sp_fortress_building_name_123,10,banner_s4_bubble_relic_1,banner_s4_bubble_remains1,300,18,350,1800,100002,relic_boss_41,13000041,5,8011,200,-1,1,[],50,5000,300,100,3
50124,0,3600,[50101|50201|50218|50123],11,[11],[1016|300],sp_fortress_building_buff_108_S1,{1016:300},400000,[50101|50201|50218|50123],5,5,60,421001,15000000000,hero_name_60421,monster_fortress_001,101001,1800,554400,72000|36000|0|0|0,86400,172800|172800|172800|172800|172800|172800|172800,13000141,50124,21600,9001|50,icon_small_fortress1,-1,,,3,chat_share_relic_s401,10,9,9,SLG_site_02,,,,,Head_60421,sp_fortress_building_name_124,10,banner_s4_bubble_relic_1,banner_s4_bubble_remains1,300,19,175,1800,100002,relic_boss_41,13000041,5,8011,200,-1,1,[],50,5000,300,100,3
50201,0,3600,[50101|50124|50102|50301],12,[12],[1004|500],sp_fortress_building_buff_125_S1,{1004:500},600000,[50101|50124|50102|50301],5,5,60,422001,20000000000,hero_name_60423,monster_fortress_001,101001,1800,986400,72000|36000|0|0|0,259200,345600|345600|345600|345600|345600|345600|345600,13000142,50201,21600,9002|80,icon_small_fortress1,-1,,,3,chat_share_relic_s402,20,9,9,SLG_site_02,,,,,Head_60423,sp_fortress_building_name_125,10,banner_s4_bubble_relic_2,banner_s4_bubble_remains1,300,72,108,1800,100002,relic_boss_42,13000042,5,8012,200,-1,2,[],50,4000,300,200,3
50202,0,3600,[50103|50302|50102|50104],45,[45],[1005|500],sp_fortress_building_buff_126_S1,{1005:500},600000,[50103|50302|50102|50104],5,5,60,422001,20000000000,hero_name_60423,monster_fortress_001,101001,1800,986400,72000|36000|0|0|0,259200,345600|345600|345600|345600|345600|345600|345600,13000142,50202,21600,9002|80,icon_small_fortress1,-1,,,3,chat_share_relic_s402,20,9,9,SLG_site_02,,,,,Head_60423,sp_fortress_building_name_126,10,banner_s4_bubble_relic_2,banner_s4_bubble_remains1,300,179,89,1800,100002,relic_boss_42,13000042,5,8012,200,-1,2,[],50,4000,300,200,3
50203,0,3600,[50104|50204|50303|50302|50304],7,[7],[1006|500],sp_fortress_building_buff_127_S1,{1006:500},600000,[50104|50204|50303|50302|50304],5,5,60,422001,20000000000,hero_name_60423,monster_fortress_001,101001,1800,986400,72000|36000|0|0|0,259200,345600|345600|345600|345600|345600|345600|345600,13000142,50203,21600,9002|80,icon_small_fortress1,-1,,,3,chat_share_relic_s402,20,9,9,SLG_site_02,,,,,Head_60423,sp_fortress_building_name_127,10,banner_s4_bubble_relic_2,banner_s4_bubble_remains1,300,260,146,1800,100002,relic_boss_42,13000042,5,8012,200,-1,2,[],50,4000,300,200,3
50204,0,3600,[50105|50304|50203|50305|50106],73,[73],[1022|500],sp_fortress_building_buff_128_S1,{1022:500},600000,[50105|50304|50203|50305|50106],5,5,60,422001,20000000000,hero_name_60423,monster_fortress_001,101001,1800,986400,72000|36000|0|0|0,259200,345600|345600|345600|345600|345600|345600|345600,13000142,50204,21600,9002|80,icon_small_fortress1,-1,,,3,chat_share_relic_s402,20,9,9,SLG_site_02,,,,,Head_60423,sp_fortress_building_name_128,10,banner_s4_bubble_relic_2,banner_s4_bubble_remains1,300,334,92,1800,100002,relic_boss_42,13000042,5,8012,200,-1,2,[],50,4000,300,200,3
50205,0,3600,[50106|50107|50108|50306|50305],4,[4],[1022|500],sp_fortress_building_buff_128_S1,{1022:500},600000,[50106|50107|50108|50306|50305],5,5,60,422001,20000000000,hero_name_60423,monster_fortress_001,101001,1800,986400,72000|36000|0|0|0,259200,345600|345600|345600|345600|345600|345600|345600,13000142,50205,21600,9002|80,icon_small_fortress1,-1,,,3,chat_share_relic_s402,20,9,9,SLG_site_02,,,,,Head_60423,sp_fortress_building_name_129,10,banner_s4_bubble_relic_2,banner_s4_bubble_remains1,300,422,124,1800,100002,relic_boss_42,13000042,5,8012,200,-1,2,[],50,4000,300,200,3
50206,0,3600,[50108|50306|50307|50109|50207],21,[21],[36|300],sp_fortress_building_buff_130_S1,{36:300},600000,[50108|50306|50307|50109|50207],5,5,60,422001,20000000000,hero_name_60423,monster_fortress_001,101001,1800,986400,72000|36000|0|0|0,259200,345600|345600|345600|345600|345600|345600|345600,13000142,50206,21600,9002|80,icon_small_fortress1,-1,,,3,chat_share_relic_s402,20,9,9,SLG_site_02,,,,,Head_60423,sp_fortress_building_name_130,10,banner_s4_bubble_relic_2,banner_s4_bubble_remains1,300,462,274,1800,100002,relic_boss_42,13000042,5,8012,200,-1,2,[],50,4000,300,200,3
50207,0,3600,[50206|50307|50109|50208|50405|50110],28,[28],[1004|500],sp_fortress_building_buff_125_S1,{1004:500},600000,[50206|50307|50109|50208|50405|50110],5,5,60,422001,20000000000,hero_name_60423,monster_fortress_001,101001,1800,986400,72000|36000|0|0|0,259200,345600|345600|345600|345600|345600|345600|345600,13000142,50207,21600,9002|80,icon_small_fortress1,-1,,,3,chat_share_relic_s402,20,9,9,SLG_site_02,,,,,Head_60423,sp_fortress_building_name_131,10,banner_s4_bubble_relic_2,banner_s4_bubble_remains1,300,445,465,1800,100002,relic_boss_42,13000042,5,8012,200,-1,2,[],50,4000,300,200,3
50208,0,3600,[50207|50308|50110|50309|50209|50111],31,[31],[1005|500],sp_fortress_building_buff_126_S1,{1005:500},600000,[50207|50308|50110|50309|50209|50111],5,5,60,422001,20000000000,hero_name_60423,monster_fortress_001,101001,1800,986400,72000|36000|0|0|0,259200,345600|345600|345600|345600|345600|345600|345600,13000142,50208,21600,9002|80,icon_small_fortress1,-1,,,3,chat_share_relic_s402,20,9,9,SLG_site_02,,,,,Head_60423,sp_fortress_building_name_132,10,banner_s4_bubble_relic_2,banner_s4_bubble_remains1,300,435,581,1800,100002,relic_boss_42,13000042,5,8012,200,-1,2,[],50,4000,300,200,3
50209,0,3600,[50208|50309|50111|50112|50310],52,[52],[1006|500],sp_fortress_building_buff_127_S1,{1006:500},600000,[50208|50309|50111|50112|50310],5,5,60,422001,20000000000,hero_name_60423,monster_fortress_001,101001,1800,986400,72000|36000|0|0|0,259200,345600|345600|345600|345600|345600|345600|345600,13000142,50209,21600,9002|80,icon_small_fortress1,-1,,,3,chat_share_relic_s402,20,9,9,SLG_site_02,,,,,Head_60423,sp_fortress_building_name_133,10,banner_s4_bubble_relic_2,banner_s4_bubble_remains1,300,460,738,1800,100002,relic_boss_42,13000042,5,8012,200,-1,2,[],50,4000,300,200,3
50210,0,3600,[50310|50112|50114|50113],71,[71],[1022|500],sp_fortress_building_buff_128_S1,{1022:500},600000,[50310|50112|50114|50113],5,5,60,422001,20000000000,hero_name_60423,monster_fortress_001,101001,1800,986400,72000|36000|0|0|0,259200,345600|345600|345600|345600|345600|345600|345600,13000142,50210,21600,9002|80,icon_small_fortress1,-1,,,3,chat_share_relic_s402,20,9,9,SLG_site_02,,,,,Head_60423,sp_fortress_building_name_134,10,banner_s4_bubble_relic_2,banner_s4_bubble_remains1,300,444,898,1800,100002,relic_boss_42,13000042,5,8012,200,-1,2,[],50,4000,300,200,3
50211,0,3600,[50311|50115|50116|50114],68,[68],[1022|500],sp_fortress_building_buff_128_S1,{1022:500},600000,[50311|50115|50116|50114],5,5,60,422001,20000000000,hero_name_60423,monster_fortress_001,101001,1800,986400,72000|36000|0|0|0,259200,345600|345600|345600|345600|345600|345600|345600,13000142,50211,21600,9002|80,icon_small_fortress1,-1,,,3,chat_share_relic_s402,20,9,9,SLG_site_02,,,,,Head_60423,sp_fortress_building_name_135,10,banner_s4_bubble_relic_2,banner_s4_bubble_remains1,300,323,925,1800,100002,relic_boss_42,13000042,5,8012,200,-1,2,[],50,4000,300,200,3
50212,0,3600,[50312|50407|50116|50311|50213],64,[64],[36|300],sp_fortress_building_buff_130_S1,{36:300},600000,[50312|50407|50116|50311|50213],5,5,60,422001,20000000000,hero_name_60423,monster_fortress_001,101001,1800,986400,72000|36000|0|0|0,259200,345600|345600|345600|345600|345600|345600|345600,13000142,50212,21600,9002|80,icon_small_fortress1,-1,,,3,chat_share_relic_s402,20,9,9,SLG_site_02,,,,,Head_60423,sp_fortress_building_name_136,10,banner_s4_bubble_relic_2,banner_s4_bubble_remains1,300,249,867,1800,100002,relic_boss_42,13000042,5,8012,200,-1,2,[],50,4000,300,200,3
50213,0,3600,[50313|50117|50118|50312|50212],63,[63],[1004|500],sp_fortress_building_buff_125_S1,{1004:500},600000,[50313|50117|50118|50312|50212],5,5,60,422001,20000000000,hero_name_60423,monster_fortress_001,101001,1800,986400,72000|36000|0|0|0,259200,345600|345600|345600|345600|345600|345600|345600,13000142,50213,21600,9002|80,icon_small_fortress1,-1,,,3,chat_share_relic_s402,20,9,9,SLG_site_02,,,,,Head_60423,sp_fortress_building_name_137,10,banner_s4_bubble_relic_2,banner_s4_bubble_remains1,300,186,928,1800,100002,relic_boss_42,13000042,5,8012,200,-1,2,[],50,4000,300,200,3
50214,0,3600,[50314|50120|50313|50119|50118],59,[59],[1005|500],sp_fortress_building_buff_126_S1,{1005:500},600000,[50314|50120|50313|50119|50118],5,5,60,422001,20000000000,hero_name_60423,monster_fortress_001,101001,1800,986400,72000|36000|0|0|0,259200,345600|345600|345600|345600|345600|345600|345600,13000142,50214,21600,9002|80,icon_small_fortress1,-1,,,3,chat_share_relic_s402,20,9,9,SLG_site_02,,,,,Head_60423,sp_fortress_building_name_138,10,banner_s4_bubble_relic_2,banner_s4_bubble_remains1,300,66,912,1800,100002,relic_boss_42,13000042,5,8012,200,-1,2,[],50,4000,300,200,3
50215,0,3600,[50216|50121|50315|50314|50409|50120],46,[46],[1006|500],sp_fortress_building_buff_127_S1,{1006:500},600000,[50216|50121|50315|50314|50409|50120],5,5,60,422001,20000000000,hero_name_60423,monster_fortress_001,101001,1800,986400,72000|36000|0|0|0,259200,345600|345600|345600|345600|345600|345600|345600,13000142,50215,21600,9002|80,icon_small_fortress1,-1,,,3,chat_share_relic_s402,20,9,9,SLG_site_02,,,,,Head_60423,sp_fortress_building_name_139,10,banner_s4_bubble_relic_2,banner_s4_bubble_remains1,300,54,752,1800,100002,relic_boss_42,13000042,5,8012,200,-1,2,[],50,4000,300,200,3
50216,0,3600,[50122|50315|50121|50215],41,[41],[1022|500],sp_fortress_building_buff_128_S1,{1022:500},600000,[50122|50315|50121|50215],5,5,60,422001,20000000000,hero_name_60423,monster_fortress_001,101001,1800,986400,72000|36000|0|0|0,259200,345600|345600|345600|345600|345600|345600|345600,13000142,50216,21600,9002|80,icon_small_fortress1,-1,,,3,chat_share_relic_s402,20,9,9,SLG_site_02,,,,,Head_60423,sp_fortress_building_name_140,10,banner_s4_bubble_relic_2,banner_s4_bubble_remains1,300,50,606,1800,100002,relic_boss_42,13000042,5,8012,200,-1,2,[],50,4000,300,200,3
50217,0,3600,[50218|50122|50123|50316|50410|50315],38,[38],[1022|500],sp_fortress_building_buff_128_S1,{1022:500},600000,[50218|50122|50123|50316|50410|50315],5,5,60,422001,20000000000,hero_name_60423,monster_fortress_001,101001,1800,986400,72000|36000|0|0|0,259200,345600|345600|345600|345600|345600|345600|345600,13000142,50217,21600,9002|80,icon_small_fortress1,-1,,,3,chat_share_relic_s402,20,9,9,SLG_site_02,,,,,Head_60423,sp_fortress_building_name_141,10,banner_s4_bubble_relic_2,banner_s4_bubble_remains1,300,67,433,1800,100002,relic_boss_42,13000042,5,8012,200,-1,2,[],50,4000,300,200,3
50218,0,3600,[50124|50301|50123|50316|50217],10,[10],[36|300],sp_fortress_building_buff_130_S1,{36:300},600000,[50124|50301|50123|50316|50217],5,5,60,422001,20000000000,hero_name_60423,monster_fortress_001,101001,1800,986400,72000|36000|0|0|0,259200,345600|345600|345600|345600|345600|345600|345600,13000142,50218,21600,9002|80,icon_small_fortress1,-1,,,3,chat_share_relic_s402,20,9,9,SLG_site_02,,,,,Head_60423,sp_fortress_building_name_142,10,banner_s4_bubble_relic_2,banner_s4_bubble_remains1,300,48,292,1800,100002,relic_boss_42,13000042,5,8012,200,-1,2,[],50,4000,300,200,3
50301,0,3600,[50102|50201|50302|50316|50218|50401],9,[9],[1072|1000],sp_fortress_building_buff_143_S1,{1072:1000},800000,[50102|50201|50302|50316|50218|50401],5,5,60,423001,30000000000,hero_name_60418,monster_fortress_001,101001,1800,1332000,72000|36000|0|0|0,432000,518400|518400|518400|518400|518400|518400|518400,13000143,50301,21600,9003|100,icon_small_fortress2,-1,,,3,chat_share_relic_s403,30,9,9,SLG_site_02,,,,,Head_60418,sp_fortress_building_name_143,15,banner_s4_bubble_relic_3,banner_s4_bubble_remains2,300,108,216,1800,100002,relic_boss_43,13000043,5,8013,200,-1,3,[],50,3000,300,400,3
50302,0,3600,[50202|50401|50301|50303|50203],8,[8],[1002|500],sp_fortress_building_buff_144_S1,{1002:500},800000,[50202|50401|50301|50303|50203],5,5,60,423001,30000000000,hero_name_60418,monster_fortress_001,101001,1800,1332000,72000|36000|0|0|0,432000,518400|518400|518400|518400|518400|518400|518400,13000143,50302,21600,9003|100,icon_small_fortress2,-1,,,3,chat_share_relic_s403,30,9,9,SLG_site_02,,,,,Head_60418,sp_fortress_building_name_144,15,banner_s4_bubble_relic_3,banner_s4_bubble_remains2,300,175,139,1800,100002,relic_boss_43,13000043,5,8013,200,-1,3,[],50,3000,300,400,3
50303,0,3600,[50302|50402|50401|50203|50304],16,[16],[1033|500],sp_fortress_building_buff_145_S1,{1033:500},800000,[50302|50402|50401|50203|50304],5,5,60,423001,30000000000,hero_name_60418,monster_fortress_001,101001,1800,1332000,72000|36000|0|0|0,432000,518400|518400|518400|518400|518400|518400|518400,13000143,50303,21600,9003|100,icon_small_fortress2,-1,,,3,chat_share_relic_s403,30,9,9,SLG_site_02,,,,,Head_60418,sp_fortress_building_name_145,15,banner_s4_bubble_relic_3,banner_s4_bubble_remains2,300,214,242,1800,100002,relic_boss_43,13000043,5,8013,200,-1,3,[],50,3000,300,400,3
50304,0,3600,[50204|50203|50305|50501|50303|50403],6,[6],[1034|500],sp_fortress_building_buff_146_S1,{1034:500},800000,[50204|50203|50305|50501|50303|50403],5,5,60,423001,30000000000,hero_name_60418,monster_fortress_001,101001,1800,1332000,72000|36000|0|0|0,432000,518400|518400|518400|518400|518400|518400|518400,13000143,50304,21600,9003|100,icon_small_fortress2,-1,,,3,chat_share_relic_s403,30,9,9,SLG_site_02,,,,,Head_60418,sp_fortress_building_name_146,15,banner_s4_bubble_relic_3,banner_s4_bubble_remains2,300,294,204,1800,100002,relic_boss_43,13000043,5,8013,200,-1,3,[],50,3000,300,400,3
50305,0,3600,[50204|50403|50304|50306|50106|50205],5,[5],[1016|500],sp_fortress_building_buff_147_S1,{1016:500},800000,[50204|50403|50304|50306|50106|50205],5,5,60,423001,30000000000,hero_name_60418,monster_fortress_001,101001,1800,1332000,72000|36000|0|0|0,432000,518400|518400|518400|518400|518400|518400|518400,13000143,50305,21600,9003|100,icon_small_fortress2,-1,,,3,chat_share_relic_s403,30,9,9,SLG_site_02,,,,,Head_60418,sp_fortress_building_name_147,15,banner_s4_bubble_relic_3,banner_s4_bubble_remains2,300,368,172,1800,100002,relic_boss_43,13000043,5,8013,200,-1,3,[],50,3000,300,400,3
50306,0,3600,[50305|50404|50403|50205|50307|50206],20,[20],[1052|1000],sp_fortress_building_buff_148_S1,{1052:1000},800000,[50305|50404|50403|50205|50307|50206],5,5,60,423001,30000000000,hero_name_60418,monster_fortress_001,101001,1800,1332000,72000|36000|0|0|0,432000,518400|518400|518400|518400|518400|518400|518400,13000143,50306,21600,9003|100,icon_small_fortress2,-1,,,3,chat_share_relic_s403,30,9,9,SLG_site_02,,,,,Head_60418,sp_fortress_building_name_148,15,banner_s4_bubble_relic_3,banner_s4_bubble_remains2,300,400,222,1800,100002,relic_boss_43,13000043,5,8013,200,-1,3,[],50,3000,300,400,3
50307,0,3600,[50306|50404|50206|50207|50405],24,[24],[35|500],sp_fortress_building_buff_149_S1,{35:500},800000,[50306|50404|50206|50207|50405],5,5,60,423001,30000000000,hero_name_60418,monster_fortress_001,101001,1800,1332000,72000|36000|0|0|0,432000,518400|518400|518400|518400|518400|518400|518400,13000143,50307,21600,9003|100,icon_small_fortress2,-1,,,3,chat_share_relic_s403,30,9,9,SLG_site_02,,,,,Head_60418,sp_fortress_building_name_149,15,banner_s4_bubble_relic_3,banner_s4_bubble_remains2,300,425,363,1800,100002,relic_boss_43,13000043,5,8013,200,-1,3,[],50,3000,300,400,3
50308,0,3600,[50405|50208|50406|50309],32,[32],[1010|10],sp_fortress_building_buff_150_S1,{1010:10},800000,[50405|50208|50406|50309],5,5,60,423001,30000000000,hero_name_60418,monster_fortress_001,101001,1800,1332000,72000|36000|0|0|0,432000,518400|518400|518400|518400|518400|518400|518400,13000143,50308,21600,9003|100,icon_small_fortress2,-1,,,3,chat_share_relic_s403,30,9,9,SLG_site_02,,,,,Head_60418,sp_fortress_building_name_150,15,banner_s4_bubble_relic_3,banner_s4_bubble_remains2,300,403,599,1800,100002,relic_boss_43,13000043,5,8013,200,-1,3,[],50,3000,300,400,3
50309,0,3600,[50208|50308|50209|50310|50406],51,[51],[1072|1000],sp_fortress_building_buff_143_S1,{1072:1000},800000,[50208|50308|50209|50310|50406],5,5,60,423001,30000000000,hero_name_60418,monster_fortress_001,101001,1800,1332000,72000|36000|0|0|0,432000,518400|518400|518400|518400|518400|518400|518400,13000143,50309,21600,9003|100,icon_small_fortress2,-1,,,3,chat_share_relic_s403,30,9,9,SLG_site_02,,,,,Head_60418,sp_fortress_building_name_151,15,banner_s4_bubble_relic_3,banner_s4_bubble_remains2,300,422,714,1800,100002,relic_boss_43,13000043,5,8013,200,-1,3,[],50,3000,300,400,3
50310,0,3600,[50309|50407|50210|50209|50114|50311],54,[54],[1002|500],sp_fortress_building_buff_144_S1,{1002:500},800000,[50309|50407|50210|50209|50114|50311],5,5,60,423001,30000000000,hero_name_60418,monster_fortress_001,101001,1800,1332000,72000|36000|0|0|0,432000,518400|518400|518400|518400|518400|518400|518400,13000143,50310,21600,9003|100,icon_small_fortress2,-1,,,3,chat_share_relic_s403,30,9,9,SLG_site_02,,,,,Head_60418,sp_fortress_building_name_152,15,banner_s4_bubble_relic_3,banner_s4_bubble_remains2,300,403,813,1800,100002,relic_boss_43,13000043,5,8013,200,-1,3,[],50,3000,300,400,3
50311,0,3600,[50407|50211|50212|50310],66,[66],[1033|500],sp_fortress_building_buff_145_S1,{1033:500},800000,[50407|50211|50212|50310],5,5,60,423001,30000000000,hero_name_60418,monster_fortress_001,101001,1800,1332000,72000|36000|0|0|0,432000,518400|518400|518400|518400|518400|518400|518400,13000143,50311,21600,9003|100,icon_small_fortress2,-1,,,3,chat_share_relic_s403,30,9,9,SLG_site_02,,,,,Head_60418,sp_fortress_building_name_153,15,banner_s4_bubble_relic_3,banner_s4_bubble_remains2,300,336,854,1800,100002,relic_boss_43,13000043,5,8013,200,-1,3,[],50,3000,300,400,3
50312,0,3600,[50408|50212|50407|50213|50313],57,[57],[1034|500],sp_fortress_building_buff_146_S1,{1034:500},800000,[50408|50212|50407|50213|50313],5,5,60,423001,30000000000,hero_name_60418,monster_fortress_001,101001,1800,1332000,72000|36000|0|0|0,432000,518400|518400|518400|518400|518400|518400|518400,13000143,50312,21600,9003|100,icon_small_fortress2,-1,,,3,chat_share_relic_s403,30,9,9,SLG_site_02,,,,,Head_60418,sp_fortress_building_name_154,15,banner_s4_bubble_relic_3,banner_s4_bubble_remains2,300,214,816,1800,100002,relic_boss_43,13000043,5,8013,200,-1,3,[],50,3000,300,400,3
50313,0,3600,[50314|50118|50214|50213|50408|50312],58,[58],[1016|500],sp_fortress_building_buff_147_S1,{1016:500},800000,[50314|50118|50214|50213|50408|50312],5,5,60,423001,30000000000,hero_name_60418,monster_fortress_001,101001,1800,1332000,72000|36000|0|0|0,432000,518400|518400|518400|518400|518400|518400|518400,13000143,50313,21600,9003|100,icon_small_fortress2,-1,,,3,chat_share_relic_s403,30,9,9,SLG_site_02,,,,,Head_60418,sp_fortress_building_name_155,15,banner_s4_bubble_relic_3,banner_s4_bubble_remains2,300,137,851,1800,100002,relic_boss_43,13000043,5,8013,200,-1,3,[],50,3000,300,400,3
50314,0,3600,[50215|50214|50409|50313|50408],48,[48],[1052|1000],sp_fortress_building_buff_148_S1,{1052:1000},800000,[50215|50214|50409|50313|50408],5,5,60,423001,30000000000,hero_name_60418,monster_fortress_001,101001,1800,1332000,72000|36000|0|0|0,432000,518400|518400|518400|518400|518400|518400|518400,13000143,50314,21600,9003|100,icon_small_fortress2,-1,,,3,chat_share_relic_s403,30,9,9,SLG_site_02,,,,,Head_60418,sp_fortress_building_name_156,15,banner_s4_bubble_relic_3,banner_s4_bubble_remains2,300,108,804,1800,100002,relic_boss_43,13000043,5,8013,200,-1,3,[],50,3000,300,400,3
50315,0,3600,[50217|50216|50410|50409|50215],42,[42],[35|500],sp_fortress_building_buff_149_S1,{35:500},800000,[50217|50216|50410|50409|50215],5,5,60,423001,30000000000,hero_name_60418,monster_fortress_001,101001,1800,1332000,72000|36000|0|0|0,432000,518400|518400|518400|518400|518400|518400|518400,13000143,50315,21600,9003|100,icon_small_fortress2,-1,,,3,chat_share_relic_s403,30,9,9,SLG_site_02,,,,,Head_60418,sp_fortress_building_name_157,15,banner_s4_bubble_relic_3,banner_s4_bubble_remains2,300,83,605,1800,100002,relic_boss_43,13000043,5,8013,200,-1,3,[],50,3000,300,400,3
50316,0,3600,[50301|50218|50401|50217|50410],14,[14],[1010|10],sp_fortress_building_buff_150_S1,{1010:10},800000,[50301|50218|50401|50217|50410],5,5,60,423001,30000000000,hero_name_60418,monster_fortress_001,101001,1800,1332000,72000|36000|0|0|0,432000,518400|518400|518400|518400|518400|518400|518400,13000143,50316,21600,9003|100,icon_small_fortress2,-1,,,3,chat_share_relic_s403,30,9,9,SLG_site_02,,,,,Head_60418,sp_fortress_building_name_158,15,banner_s4_bubble_relic_3,banner_s4_bubble_remains2,300,86,326,1800,100002,relic_boss_43,13000043,5,8013,200,-1,3,[],50,3000,300,400,3
50401,0,3600,[50302|50301|50303|50316|50402|50505],15,[15],[1022|1500],sp_fortress_building_buff_159_S1,{1022:1500},1200000,[50302|50301|50303|50316|50402|50505],5,5,60,424001,35000000000,hero_name_60425,monster_fortress_001,101001,1800,1677600,72000|36000|0|0|0,604800,691200|691200|691200|691200|691200|691200|691200,13000144,50401,21600,9004|120,icon_small_fortress2,-1,,,3,chat_share_relic_s404,40,9,9,SLG_site_02,,,,,Head_60425,sp_fortress_building_name_159,15,banner_s4_bubble_relic_4,banner_s4_bubble_remains3,300,134,286,1800,100002,relic_boss_44,13000044,5,8014,200,-1,4,[],50,2000,300,600,3
50402,0,3600,[50303|50401|50501|50505],17,[17],[1001|1000],sp_fortress_building_buff_160_S1,{1001:1000},1200000,[50303|50401|50501|50505],5,5,60,424001,35000000000,hero_name_60425,monster_fortress_001,101001,1800,1677600,72000|36000|0|0|0,604800,691200|691200|691200|691200|691200|691200|691200,13000144,50402,21600,9004|120,icon_small_fortress2,-1,,,3,chat_share_relic_s404,40,9,9,SLG_site_02,,,,,Head_60425,sp_fortress_building_name_160,15,banner_s4_bubble_relic_4,banner_s4_bubble_remains3,300,201,293,1800,100002,relic_boss_44,13000044,5,8014,200,-1,4,[],50,2000,300,600,3
50403,0,3600,[50305|50304|50306|50501|50404|50502],19,[19],[36|500],sp_fortress_building_buff_161_S1,{36:500},1200000,[50305|50304|50306|50501|50404|50502],5,5,60,424001,35000000000,hero_name_60425,monster_fortress_001,101001,1800,1677600,72000|36000|0|0|0,604800,691200|691200|691200|691200|691200|691200|691200,13000144,50403,21600,9004|120,icon_small_fortress2,-1,,,3,chat_share_relic_s404,40,9,9,SLG_site_02,,,,,Head_60425,sp_fortress_building_name_161,15,banner_s4_bubble_relic_4,banner_s4_bubble_remains3,300,332,280,1800,100002,relic_boss_44,13000044,5,8014,200,-1,4,[],50,2000,300,600,3
50404,0,3600,[50306|50403|50307|50502|50405],25,[25],[35|500],sp_fortress_building_buff_162_S1,{35:500},1200000,[50306|50403|50307|50502|50405],5,5,60,424001,35000000000,hero_name_60425,monster_fortress_001,101001,1800,1677600,72000|36000|0|0|0,604800,691200|691200|691200|691200|691200|691200|691200,13000144,50404,21600,9004|120,icon_small_fortress2,-1,,,3,chat_share_relic_s404,40,9,9,SLG_site_02,,,,,Head_60425,sp_fortress_building_name_162,15,banner_s4_bubble_relic_4,banner_s4_bubble_remains3,300,380,332,1800,100002,relic_boss_44,13000044,5,8014,200,-1,4,[],50,2000,300,600,3
50405,0,3600,[50404|50502|50307|50308|50207|50406],27,[27],[1056|500],sp_fortress_building_buff_163_S1,{1056:500},1200000,[50404|50502|50307|50308|50207|50406],5,5,60,424001,35000000000,hero_name_60425,monster_fortress_001,101001,1800,1677600,72000|36000|0|0|0,604800,691200|691200|691200|691200|691200|691200|691200,13000144,50405,21600,9004|120,icon_small_fortress2,-1,,,3,chat_share_relic_s404,40,9,9,SLG_site_02,,,,,Head_60425,sp_fortress_building_name_163,15,banner_s4_bubble_relic_4,banner_s4_bubble_remains3,300,374,490,1800,100002,relic_boss_44,13000044,5,8014,200,-1,4,[],50,2000,300,600,3
50406,0,3600,[50405|50502|50308|50503|50407|50309],33,[33],[1022|1500],sp_fortress_building_buff_159_S1,{1022:1500},1200000,[50405|50502|50308|50503|50407|50309],5,5,60,424001,35000000000,hero_name_60425,monster_fortress_001,101001,1800,1677600,72000|36000|0|0|0,604800,691200|691200|691200|691200|691200|691200|691200,13000144,50406,21600,9004|120,icon_small_fortress2,-1,,,3,chat_share_relic_s404,40,9,9,SLG_site_02,,,,,Head_60425,sp_fortress_building_name_164,15,banner_s4_bubble_relic_4,banner_s4_bubble_remains3,300,361,669,1800,100002,relic_boss_44,13000044,5,8014,200,-1,4,[],50,2000,300,600,3
50407,0,3600,[50503|50212|50312|50311|50406|50310],55,[55],[1001|1000],sp_fortress_building_buff_160_S1,{1001:1000},1200000,[50503|50212|50312|50311|50406|50310],5,5,60,424001,35000000000,hero_name_60425,monster_fortress_001,101001,1800,1677600,72000|36000|0|0|0,604800,691200|691200|691200|691200|691200|691200|691200,13000144,50407,21600,9004|120,icon_small_fortress2,-1,,,3,chat_share_relic_s404,40,9,9,SLG_site_02,,,,,Head_60425,sp_fortress_building_name_165,15,banner_s4_bubble_relic_4,banner_s4_bubble_remains3,300,310,816,1800,100002,relic_boss_44,13000044,5,8014,200,-1,4,[],50,2000,300,600,3
50408,0,3600,[50504|50409|50312|50503|50313|50314],49,[49],[36|500],sp_fortress_building_buff_161_S1,{36:500},1200000,[50504|50409|50312|50503|50313|50314],5,5,60,424001,35000000000,hero_name_60425,monster_fortress_001,101001,1800,1677600,72000|36000|0|0|0,604800,691200|691200|691200|691200|691200|691200|691200,13000144,50408,21600,9004|120,icon_small_fortress2,-1,,,3,chat_share_relic_s404,40,9,9,SLG_site_02,,,,,Head_60425,sp_fortress_building_name_166,15,banner_s4_bubble_relic_4,banner_s4_bubble_remains3,300,198,730,1800,100002,relic_boss_44,13000044,5,8014,200,-1,4,[],50,2000,300,600,3
50409,0,3600,[50410|50315|50504|50314|50215|50408],43,[43],[35|500],sp_fortress_building_buff_162_S1,{35:500},1200000,[50410|50315|50504|50314|50215|50408],5,5,60,424001,35000000000,hero_name_60425,monster_fortress_001,101001,1800,1677600,72000|36000|0|0|0,604800,691200|691200|691200|691200|691200|691200|691200,13000144,50409,21600,9004|120,icon_small_fortress2,-1,,,3,chat_share_relic_s404,40,9,9,SLG_site_02,,,,,Head_60425,sp_fortress_building_name_167,15,banner_s4_bubble_relic_4,banner_s4_bubble_remains3,300,116,694,1800,100002,relic_boss_44,13000044,5,8014,200,-1,4,[],50,2000,300,600,3
50410,0,3600,[50316|50217|50505|50409|50315|50504],37,[37],[1056|500],sp_fortress_building_buff_163_S1,{1056:500},1200000,[50316|50217|50505|50409|50315|50504],5,5,60,424001,35000000000,hero_name_60425,monster_fortress_001,101001,1800,1677600,72000|36000|0|0|0,604800,691200|691200|691200|691200|691200|691200|691200,13000144,50410,21600,9004|120,icon_small_fortress2,-1,,,3,chat_share_relic_s404,40,9,9,SLG_site_02,,,,,Head_60425,sp_fortress_building_name_168,15,banner_s4_bubble_relic_4,banner_s4_bubble_remains3,300,115,503,1800,100002,relic_boss_44,13000044,5,8014,200,-1,4,[],50,2000,300,600,3
50501,0,3600,[50304|50402|50403],18,[18],,sp_fortress_building_buff_169_S1,{},2500000,[50304|50402|50403],5,5,60,425001,45000000000,hero_name_60426,monster_fortress_001,101001,1800,2023200,72000|36000|0|0|0,777600,864000|864000|864000|864000|864000|864000|864000,13000145,50501,21600,9005|150,icon_small_fortress3,1,,[412001|100|405001|100|406001|100],3,chat_share_relic_s405,50,9,9,SLG_site_02,,,,,Head_60426,sp_fortress_building_name_169,20,banner_s4_bubble_relic_5,banner_s4_bubble_remains3,300,257,337,1800,100002,relic_boss_45,13000045,5,8015,200,-1,5,[(412001|100)|(405001|100)|(406001|100)],50,1000,300,800,3
50502,0,3600,[50403|50404|50405|50406],26,[26],,sp_fortress_building_buff_170_S1,{},2500000,[50403|50404|50405|50406],5,5,60,425001,45000000000,hero_name_60426,monster_fortress_001,101001,1800,2023200,72000|36000|0|0|0,777600,864000|864000|864000|864000|864000|864000|864000,13000145,50502,21600,9005|150,icon_small_fortress3,2,,[14413|100|15413|100|16413|100],3,chat_share_relic_s405,50,9,9,SLG_site_02,,,,,Head_60426,sp_fortress_building_name_170,20,banner_s4_bubble_relic_5,banner_s4_bubble_remains3,300,329,481,1800,100002,relic_boss_45,13000045,5,8015,200,-1,5,[(14413|100)|(15413|100)|(16413|100)],50,1000,300,800,3
50503,0,3600,[50504|50406|50407|50408],50,[50],,sp_fortress_building_buff_171_S1,{},2500000,[50504|50406|50407|50408],5,5,60,425001,45000000000,hero_name_60426,monster_fortress_001,101001,1800,2023200,72000|36000|0|0|0,777600,864000|864000|864000|864000|864000|864000|864000,13000145,50503,21600,9005|150,icon_small_fortress3,1,,[412001|100|405001|100|406001|100],3,chat_share_relic_s405,50,9,9,SLG_site_02,,,,,Head_60426,sp_fortress_building_name_171,20,banner_s4_bubble_relic_5,banner_s4_bubble_remains3,300,290,708,1800,100002,relic_boss_45,13000045,5,8015,200,-1,5,[(412001|100)|(405001|100)|(406001|100)],50,1000,300,800,3
50504,0,3600,[50410|50409|50505|50408|50503],44,[44],,sp_fortress_building_buff_172_S1,{},2500000,[50410|50409|50505|50408|50503],5,5,60,425001,45000000000,hero_name_60426,monster_fortress_001,101001,1800,2023200,72000|36000|0|0|0,777600,864000|864000|864000|864000|864000|864000|864000,13000145,50504,21600,9005|150,icon_small_fortress3,2,,[14413|100|15413|100|16413|100],3,chat_share_relic_s405,50,9,9,SLG_site_02,,,,,Head_60426,sp_fortress_building_name_172,20,banner_s4_bubble_relic_5,banner_s4_bubble_remains3,300,182,654,1800,100002,relic_boss_45,13000045,5,8015,200,-1,5,[(14413|100)|(15413|100)|(16413|100)],50,1000,300,800,3
50505,0,3600,[50401|50410|50402|50504],36,[36],,sp_fortress_building_buff_173_S1,{},2500000,[50401|50410|50402|50504],5,5,60,425001,45000000000,hero_name_60426,monster_fortress_001,101001,1800,2023200,72000|36000|0|0|0,777600,864000|864000|864000|864000|864000|864000|864000,13000145,50505,21600,9005|150,icon_small_fortress3,1,,[412001|100|405001|100|406001|100],3,chat_share_relic_s405,50,9,9,SLG_site_02,,,,,Head_60426,sp_fortress_building_name_173,20,banner_s4_bubble_relic_5,banner_s4_bubble_remains3,300,169,459,1800,100002,relic_boss_45,13000045,5,8015,200,-1,5,[(412001|100)|(405001|100)|(406001|100)],50,1000,300,800,3
